schema_version,run_id,round,method,physical_client_id,virtual_client_id,num_examples,num_batches,local_epochs,batch_size,train_loss,task_loss,prior_loss,regularization_loss,accuracy_local_train_estimate,loss_local_train_estimate,update_l2_norm,update_linf_norm,update_cosine_to_global,drift_from_global_before_l2,drift_from_global_after_l2,label_entropy,kl_to_global_label_distribution,vi_elbo_loss,vi_kl_loss,vi_likelihood_loss,vi_complexity_cost,vi_loc_l2,vi_scale_mean,vi_scale_p50,vi_scale_p90,vi_scale_max,vi_snr_raw_mean,vi_snr_raw_p50,vi_snr_raw_p90,ola_task_loss,ola_prior_loss,ola_fisher_mean,ola_fisher_p50,ola_fisher_p90,ola_fisher_max,ola_precision_mean,ola_precision_p50,ola_precision_p90,ola_sigma_mean,ola_sigma_p50,ola_sigma_p90,ola_snr_raw_mean,ola_snr_raw_p50,ola_snr_raw_p90,channel_snr_db,pathloss_db,rate_mbps,delay_ms,energy_j,ota_contribution_norm,digital_payload_bytes,communication_success,vi_kl_per_param,vi_scale_std,num_examples_train
bayesfl_observability_v1,vi_lr0p0002_b128_e2,1,vi,263,21,214,,2,128,251.81259417533875,,4.3849454180286065,4.3849454180286065,,,0.1476318799702506,0.0008023008704185486,0.9997634955404026,0.1476318799702506,,0.7768433258123565,1.5365177254738465,251.81259417533875,4.3849454180286065,,4.3849454180286065,6.788452338164701,0.05001137192666068,0.050014205276966095,0.05003797262907028,0.0500391460955143,0.3640986627326977,0.35921893708919755,0.6479762873768005,,,,,,,,,,,,,,,,,,,,,,,,4.308681751035282e-05,2.2523391302916977e-05,214
bayesfl_observability_v1,vi_lr0p0002_b128_e2,1,vi,267,21,306,,2,128,295.5673041343689,,6.858913963425896,6.858913963425896,,,0.18459933427111475,0.001204557716846466,0.9996302096663361,0.18459933427111475,,0.49629795412582844,1.8891532045272958,295.5673041343689,6.858913963425896,,6.858913963425896,6.788516518124115,0.050014942156408455,0.05001697316765785,0.05005324259400368,0.05005884915590286,0.3640646281119143,0.35914816641163366,0.6479170576304282,,,,,,,,,,,,,,,,,,,,,,,,6.739622642650973e-05,2.9092039096896526e-05,306
bayesfl_observability_v1,vi_lr0p0002_b128_e2,1,vi,233,18,351,,2,128,200.3372039794922,,6.934375691408227,6.934375691408227,,,0.18561966212298422,0.0012011248618364334,0.9996261554918,0.18561966212298422,,-0.0,2.3277319754160017,200.3372039794922,6.934375691408227,,6.934375691408227,6.788968131442782,0.05001508018352041,0.05001700669527054,0.0500531941652298,0.050058912485837936,0.3640701111225025,0.35898393293704767,0.6479812115275362,,,,,,,,,,,,,,,,,,,,,,,,6.813771928277711e-05,2.898380369932506e-05,351
bayesfl_observability_v1,vi_lr0p0002_b128_e2,1,vi,189,15,1,,2,128,4.718076705932617,,1.9236182405771425,1.9236182405771425,,,0.09781501916235527,0.00040027499198913574,0.9998961547036271,0.09781501916235527,,-0.0,2.3292713582565514,4.718076705932617,1.9236182405771425,,1.9236182405771425,6.78747252477792,0.05000652966079572,0.05001353845000267,0.050019521266222,0.050019532442092896,0.3640942000647049,0.359306649343796,0.6481681785226622,,,,,,,,,,,,,,,,,,,,,,,,1.8901623666867862e-05,1.4303212025430148e-05,1
bayesfl_observability_v1,vi_lr0p0002_b128_e2,1,vi,30,2,2,,2,128,6.749815225601196,,1.9183586055654596,1.9183586055654596,,,0.09768062826977975,0.00040027499198913574,0.9998964439420559,0.09768062826977975,,0.6931471805599453,1.6262933525338354,6.749815225601196,1.9183586055654596,,1.9183586055654596,6.787590523174836,0.05000656473954505,0.05001359060406685,0.050019521266222,0.050019532442092896,0.3641114734476991,0.359308230422023,0.6479292600739629,,,,,,,,,,,,,,,,,,,,,,,,1.884994208082401e-05,1.42827913879013e-05,2
bayesfl_observability_v1,vi_lr0p0002_b128_e2,1,vi,237,19,36,,2,128,99.60260200500488,,1.9269617048424272,1.9269617048424272,,,0.09790040286330531,0.0004002731293439865,0.9998959562290739,0.09790040286330531,,1.3898628753106193,0.9179151593699346,99.60260200500488,1.9269617048424272,,1.9269617048424272,6.7868181708710695,0.05000656287159218,0.05001363530755043,0.050019521266222,0.050019532442092896,0.3640803497670484,0.35894237063626855,0.6477338410498701,,,,,,,,,,,,,,,,,,,,,,,,1.8934476808906626e-05,1.4289110556572225e-05,36
bayesfl_observability_v1,vi_lr0p0002_b128_e2,1,vi,180,14,9,,2,128,25.36745834350586,,1.9220711045065761,1.9220711045065761,,,0.09777435147173874,0.00040027499198913574,0.999896235999274,0.09777435147173874,,-0.0,2.3096097079310103,25.36745834350586,1.9220711045065761,,1.9220711045065761,6.787312116250169,0.05000658433741989,0.05001383274793625,0.050019521266222,0.050019532442092896,0.36409415175091214,0.35917376687499014,0.6478167215848837,,,,,,,,,,,,,,,,,,,,,,,,1.888642138652428e-05,1.431567373505809e-05,9
bayesfl_observability_v1,vi_lr0p0002_b128_e2,1,vi,183,14,18,,2,128,47.26219081878662,,1.9221924616211008,1.9221924616211008,,,0.09777832153221164,0.00040027499198913574,0.9998962354978712,0.09777832153221164,,1.3727655308924485,0.9483462981176023,47.26219081878662,1.9221924616211008,,1.9221924616211008,6.78755709591712,0.05000657554837767,0.0500137060880661,0.050019521266222,0.050019532442092896,0.36409960334936775,0.35914640795129693,0.6479949511605051,,,,,,,,,,,,,,,,,,,,,,,,1.8887613851047467e-05,1.429059117816819e-05,18
bayesfl_observability_v1,vi_lr0p0002_b128_e2,1,vi,24,1,27,,2,128,75.14297151565552,,1.9235929291474945,1.9235929291474945,,,0.09781447313950956,0.00040027499198913574,0.9998961425462057,0.09781447313950956,,1.3110298871791874,1.0210991742953581,75.14297151565552,1.9235929291474945,,1.9235929291474945,6.786997465985501,0.05000651402621685,0.05001350864768028,0.050019521266222,0.050019532442092896,0.3640675351642688,0.3592811035865293,0.6477806149740655,,,,,,,,,,,,,,,,,,,,,,,,1.890137495477542e-05,1.4306946909742699e-05,27
bayesfl_observability_v1,vi_lr0p0002_b128_e2,1,vi,151,12,210,,2,128,270.23206853866577,,4.368612673012415,4.368612673012415,,,0.1473570336743225,0.0008023194968700409,0.9997643805523317,0.1473570336743225,,0.14950144571405588,2.251522034186354,270.23206853866577,4.368612673012415,,4.368612673012415,6.788520693490336,0.05001127741468776,0.05001407489180565,0.0500379353761673,0.0500391460955143,0.36410126650898983,0.3596524810785443,0.6479870265531539,,,,,,,,,,,,,,,,,,,,,,,,4.29263306771388e-05,2.250684677087777e-05,210
bayesfl_observability_v1,vi_lr0p0002_b128_e2,1,vi,163,13,151,,2,128,203.5854344367981,,4.34281051189969,4.34281051189969,,,0.14691908024681297,0.0008020587265491486,0.9997657649876373,0.14691908024681297,,0.7494436652757661,1.488660305959026,203.5854344367981,4.34281051189969,,4.34281051189969,6.788325437139944,0.0500112108615731,0.05001395381987095,0.05003794655203819,0.0500391460955143,0.3641131514715521,0.3593484163946198,0.6480454543606547,,,,,,,,,,,,,,,,,,,,,,,,4.267279661884337e-05,2.2525719972558424e-05,151
bayesfl_observability_v1,vi_lr0p0002_b128_e2,1,vi,171,13,648,,2,128,247.43853783607483,,13.974646586091836,13.974646586091836,,,0.2633961927093832,0.0023191478103399277,0.9992474554528162,0.2633961927093832,,0.8947993234419066,1.3755222828587679,247.43853783607483,13.974646586091836,,13.974646586091836,6.7905603846862475,0.05002259249203482,0.050021521747112274,0.05008373409509659,0.05011753365397453,0.36410131195674306,0.3588332548159684,0.6474726480343518,,,,,,,,,,,,,,,,,,,,,,,,0.000137315973136404,4.388487665740349e-05,648
bayesfl_observability_v1,vi_lr0p0002_b128_e2,1,vi,252,20,369,,2,128,291.61282475789386,,6.825555468362836,6.825555468362836,,,0.18414913887525772,0.0012037977576255798,0.9996320126919566,0.18414913887525772,,1.0683684981935357,1.1688247118610566,291.61282475789386,6.825555468362836,,6.825555468362836,6.78853098509342,0.05001486724922872,0.05001675337553024,0.05005315057933331,0.05005891993641853,0.3640729810651106,0.35930128937289857,0.6476661683725934,,,,,,,,,,,,,,,,,,,,,,,,6.706844323831027e-05,2.9064208127821182e-05,369
bayesfl_observability_v1,vi_lr0p0002_b128_e2,1,vi,117,9,8,,2,128,27.0944881439209,,1.9172451925208398,1.9172451925208398,,,0.09765165603773443,0.00040027499198913574,0.9998965015389212,0.09765165603773443,,0.5623351446188083,1.7518051301834499,27.0944881439209,1.9172451925208398,,1.9172451925208398,6.787479495179737,0.050006565714848523,0.05001365765929222,0.050019510090351105,0.050019532442092896,0.36410838545928204,0.3588066978646239,0.6480263410110098,,,,,,,,,,,,,,,,,,,,,,,,1.8839001596942515e-05,1.429818491649998e-05,8
bayesfl_observability_v1,vi_lr0p0002_b128_e2,1,vi,50,4,13,,2,128,34.76174259185791,,1.9179442497014936,1.9179442497014936,,,0.09766894482712539,0.00040027499198913574,0.999896486990258,0.09766894482712539,,0.8953326659680909,1.3255516450199865,34.76174259185791,1.9179442497014936,,1.9179442497014936,6.788040799324201,0.05000658024044247,0.050013747066259384,0.050019521266222,0.050019532442092896,0.36413280257691377,0.35890124011222624,0.6479406740567956,,,,,,,,,,,,,,,,,,,,,,,,1.8845870587614165e-05,1.4311849127227898e-05,13
bayesfl_observability_v1,vi_lr0p0002_b128_e2,2,vi,173,13,119,,2,128,353.4178400039673,,1.9293974143296577,1.9293974143296577,,,0.09799330779935804,0.00040027499198913574,0.9998957709250074,0.09799330779935804,,0.7679964346078391,1.5533998077393687,353.4178400039673,1.9293974143296577,,1.9293974143296577,6.787314159349964,0.050022330888840484,0.05002346634864807,0.05004825070500374,0.05008037015795708,0.36398988416743594,0.35920106985350575,0.6474536109074609,,,,,,,,,,,,,,,,,,,,,,,,1.8958410281317262e-05,2.0274002842802067e-05,119
bayesfl_observability_v1,vi_lr0p0002_b128_e2,2,vi,238,19,18,,2,128,49.14735794067383,,1.9193993410167305,1.9193993410167305,,,0.09773683063993902,0.00040027499198913574,0.999896317275338,0.09773683063993902,,0.9404479886553264,1.3716040057455146,49.14735794067383,1.9193993410167305,,1.9193993410167305,6.787364982604771,0.05002234567077921,0.05002344027161598,0.0500483188778162,0.05008148401975632,0.36397690550494505,0.3591053569751105,0.6479079735932354,,,,,,,,,,,,,,,,,,,,,,,,1.8860168428974458e-05,2.0309917460662517e-05,18
bayesfl_observability_v1,vi_lr0p0002_b128_e2,2,vi,264,21,197,,2,128,283.2163653373718,,4.3514653243250265,4.3514653243250265,,,0.14711215332327118,0.000802312046289444,0.9997652020617067,0.14711215332327118,,0.6375936626726958,1.698074512420698,283.2163653373718,4.3514653243250265,,4.3514653243250265,6.789019497388204,0.05002694744120749,0.050029151141643524,0.05006088688969612,0.050098247826099396,0.36402223556497487,0.35893526103878015,0.6481072193224863,,,,,,,,,,,,,,,,,,,,,,,,4.275783948437679e-05,2.6801346643423235e-05,197
bayesfl_observability_v1,vi_lr0p0002_b128_e2,2,vi,267,21,306,,2,128,266.0430841445923,,6.843861194500135,6.843861194500135,,,0.184448383705196,0.0012058261781930923,0.9996308190777536,0.184448383705196,,0.49629795412582844,1.8891532045272958,266.0430841445923,6.843861194500135,,6.843861194500135,6.788555280739903,0.050030787843452044,0.05003233999013901,0.05007275193929672,0.050116825848817825,0.36398739675048425,0.35911814613414245,0.6473633771245371,,,,,,,,,,,,,,,,,,,,,,,,6.72483167387259e-05,3.260058821866299e-05,306
bayesfl_observability_v1,vi_lr0p0002_b128_e2,2,vi,83,6,165,,2,128,191.87414026260376,,4.362207516964273,4.362207516964273,,,0.14729232377153262,0.0008021946996450424,0.9997645749763298,0.14729232377153262,,0.7163703465940834,1.5113752911057265,191.87414026260376,4.362207516964273,,4.362207516964273,6.788352116372152,0.050027067961504926,0.05002937093377113,0.050060809776186946,0.050099439918994904,0.36398448811734857,0.358937604306939,0.648007595203451,,,,,,,,,,,,,,,,,,,,,,,,4.2863393111567976e-05,2.6768313013100006e-05,165
bayesfl_observability_v1,vi_lr0p0002_b128_e2,2,vi,158,12,100,,2,128,236.0111780166626,,1.929606426261514,1.929606426261514,,,0.09799858691496918,0.00040027499198913574,0.9998957680068092,0.09799858691496918,,0.9581847713458628,1.3628065184402316,236.0111780166626,1.929606426261514,,1.929606426261514,6.78758270314594,0.05002227886468743,0.050023484975099564,0.050048235803842545,0.0500824898481369,0.3640029374117883,0.35912790978109876,0.6474269757768308,,,,,,,,,,,,,,,,,,,,,,,,1.8960464048948747e-05,2.0338668778745024e-05,100
bayesfl_observability_v1,vi_lr0p0002_b128_e2,2,vi,128,10,63,,2,128,184.33061027526855,,1.9265549724776383,1.9265549724776383,,,0.09792068141334269,0.00040027499198913574,0.9998959363014188,0.09792068141334269,,0.9152182792868668,1.361330606993555,184.33061027526855,1.9265549724776383,,1.9265549724776383,6.787658462933667,0.050022312660029045,0.05002352222800255,0.050048187375068665,0.05008196830749512,0.3639912628225129,0.35883470135660056,0.6477997678906199,,,,,,,,,,,,,,,,,,,,,,,,1.893048022479747e-05,2.0307936548070254e-05,63
bayesfl_observability_v1,vi_lr0p0002_b128_e2,2,vi,11,0,2,,2,128,6.522132873535156,,1.9238375609919447,1.9238375609919447,,,0.09785112296199243,0.00040027499198913574,0.9998960818681157,0.09785112296199243,,0.6931471805599453,1.5913406603425941,6.522132873535156,1.9238375609919447,,1.9238375609919447,6.787594079355152,0.05002230117279607,0.05002349615097046,0.050048187375068665,0.0500790998339653,0.36397782750103796,0.35909162099060826,0.6474540702607557,,,,,,,,,,,,,,,,,,,,,,,,1.8903778726461087e-05,2.0339236151703013e-05,2
bayesfl_observability_v1,vi_lr0p0002_b128_e2,2,vi,143,11,59,,2,128,145.1721749305725,,1.9296959756525522,1.9296959756525522,,,0.09800079384275841,0.00040027499198913574,0.9998957655122652,0.09800079384275841,,0.5821360471219024,1.7374773776084904,145.1721749305725,1.9296959756525522,,1.9296959756525522,6.787646375292299,0.05002224562427753,0.050023358315229416,0.05004814639687538,0.05008037015795708,0.3639818076028009,0.35885503664716334,0.647886431356213,,,,,,,,,,,,,,,,,,,,,,,,1.8961343968286844e-05,2.028785973577972e-05,59
bayesfl_observability_v1,vi_lr0p0002_b128_e2,2,vi,277,22,896,,2,128,326.4915337562561,,16.348199137301986,16.348199137301986,,,0.2849765913999663,0.0026685153134167194,0.9991193335114031,0.2849765913999663,,1.0079628307563315,1.347582353346925,326.4915337562561,16.348199137301986,,16.348199137301986,6.791748820687146,0.05004007997355679,0.05003831908106804,0.05010820925235748,0.05018487200140953,0.36399818419406066,0.35908347533037355,0.6472054349275859,,,,,,,,,,,,,,,,,,,,,,,,0.00016063868661984855,4.968012970875258e-05,896
bayesfl_observability_v1,vi_lr0p0002_b128_e2,2,vi,278,22,61,,2,128,129.30317401885986,,1.9212836035470289,1.9212836035470289,,,0.09778551141936008,0.00040027499198913574,0.9998962099287453,0.09778551141936008,,0.3945326819623348,1.9802377464173406,129.30317401885986,1.9212836035470289,,1.9212836035470289,6.78721828925127,0.05002228693532003,0.05002337321639061,0.0500481091439724,0.05008259043097496,0.36396933953125366,0.3591817353039591,0.6477104538654798,,,,,,,,,,,,,,,,,,,,,,,,1.8878683340346162e-05,2.0286828190698792e-05,61
bayesfl_observability_v1,vi_lr0p0002_b128_e2,2,vi,30,2,2,,2,128,6.276444673538208,,1.924694477785268,1.924694477785268,,,0.09787322103058577,0.00040027499198913574,0.9998960571424622,0.09787322103058577,,0.6931471805599453,1.6262933525338354,6.276444673538208,1.924694477785268,,1.924694477785268,6.7881483482943015,0.050022365591290474,0.050023455172777176,0.050048355013132095,0.05008261650800705,0.36401061110386956,0.35945762128200376,0.6477645350746692,,,,,,,,,,,,,,,,,,,,,,,,1.891219885806493e-05,2.0304879735213433e-05,2
bayesfl_observability_v1,vi_lr0p0002_b128_e2,2,vi,73,5,163,,2,128,179.21459293365479,,4.34195935471546,4.34195935471546,,,0.14695105344374323,0.0008020254317671061,0.9997656829743374,0.14695105344374323,,0.5806591790624623,1.7081390410628632,179.21459293365479,4.34195935471546,,4.34195935471546,6.788603167247907,0.050027009384618584,0.05002923309803009,0.050060853362083435,0.05009875074028969,0.36399873309874964,0.3591309503592158,0.6475010174263892,,,,,,,,,,,,,,,,,,,,,,,,4.26644330816101e-05,2.6753286627369808e-05,163
bayesfl_observability_v1,vi_lr0p0002_b128_e2,2,vi,195,15,25,,2,128,57.701942443847656,,1.9218455796699638,1.9218455796699638,,,0.09780033113248926,0.00040027499198913574,0.999896191705056,0.09780033113248926,,1.3119690925702856,0.9861324927876863,57.701942443847656,1.9218455796699638,,1.9218455796699638,6.787651027836243,0.0500222792932221,0.05002334713935852,0.050048213452100754,0.05008229985833168,0.3640042505969367,0.35916129458304713,0.6477406343465555,,,,,,,,,,,,,,,,,,,,,,,,1.888420536179585e-05,2.029479662936131e-05,25
bayesfl_observability_v1,vi_lr0p0002_b128_e2,2,vi,41,3,4,,2,128,12.26869010925293,,1.9214118331543941,1.9214118331543941,,,0.09778799489744268,0.00040027499198913574,0.9998962214634621,0.09778799489744268,,0.5623351446188083,1.756608808640784,12.26869010925293,1.9214118331543941,,1.9214118331543941,6.787749229358215,0.05002234800895984,0.050023533403873444,0.05004829540848732,0.0500824972987175,0.3639690082587399,0.3592665611551154,0.647612529130861,,,,,,,,,,,,,,,,,,,,,,,,1.8879943334522885e-05,2.0297808605901555e-05,4
bayesfl_observability_v1,vi_lr0p0002_b128_e2,3,vi,6,0,230,,2,128,283.99534845352173,,4.362152339073141,4.362152339073141,,,0.14734259207586486,0.0008022449910640717,0.9997645067057255,0.14734259207586486,,1.0431642721063052,1.257328427832494,283.99534845352173,4.362152339073141,,4.362152339073141,6.789631096776484,0.05004312386415065,0.05004395171999931,0.05008639022707939,0.050148531794548035,0.3639252216073246,0.3590542102817026,0.6472689744523829,,,,,,,,,,,,,,,,,,,,,,,,4.28628509292831e-05,3.3519808181236074e-05,230
bayesfl_observability_v1,vi_lr0p0002_b128_e2,3,vi,260,20,217,,2,128,243.20994114875793,,4.336481317465141,4.336481317465141,,,0.14690350474099223,0.0008023353293538094,0.9997659366250844,0.14690350474099223,,0.6044081348942495,1.6077125747920737,243.20994114875793,4.336481317465141,,4.336481317465141,6.789960459548061,0.0500431938632595,0.05004392936825752,0.05008639022707939,0.050154563039541245,0.36397929848871047,0.3586210183441152,0.6472123317633549,,,,,,,,,,,,,,,,,,,,,,,,4.261060545804403e-05,3.352368417803456e-05,217
bayesfl_observability_v1,vi_lr0p0002_b128_e2,3,vi,236,18,41,,2,128,120.44799041748047,,1.9218969186119,1.9218969186119,,,0.09783304163015828,0.00040027499198913574,0.9998961287924503,0.09783304163015828,,1.0353574001541463,1.2518665823368382,120.44799041748047,1.9218969186119,,1.9218969186119,6.787848833759407,0.05003849093727142,0.050038788467645645,0.05007587745785713,0.0501348115503788,0.36385905024352305,0.35885935813666403,0.6470951670963624,,,,,,,,,,,,,,,,,,,,,,,,1.888470982226491e-05,2.869145333141209e-05,41
bayesfl_observability_v1,vi_lr0p0002_b128_e2,3,vi,239,19,46,,2,128,116.7552604675293,,1.9188381896830387,1.9188381896830387,,,0.09775496670629844,0.00040027499198913574,0.9998963320417678,0.09775496670629844,,0.9560443809671457,1.3493424985245688,116.7552604675293,1.9188381896830387,,1.9188381896830387,6.788906572747171,0.050038451848957395,0.0500386580824852,0.050075896084308624,0.05013374611735344,0.3639412936386894,0.3590953976006614,0.6477799322109468,,,,,,,,,,,,,,,,,,,,,,,,1.8854654511968545e-05,2.8712318010184513e-05,46
bayesfl_observability_v1,vi_lr0p0002_b128_e2,3,vi,249,19,148,,2,128,234.10234880447388,,4.354177078889881,4.354177078889881,,,0.14720566860963352,0.0008021974936127663,0.9997648541299503,0.14720566860963352,,0.8084292285499561,1.5072994420910157,234.10234880447388,4.354177078889881,,4.354177078889881,6.788296539994667,0.05004320420859967,0.05004402622580528,0.0500866137444973,0.050153475254774094,0.36385101086534427,0.3588206236821737,0.6474622125767896,,,,,,,,,,,,,,,,,,,,,,,,4.2784485397365445e-05,3.351212831953205e-05,148
bayesfl_observability_v1,vi_lr0p0002_b128_e2,3,vi,299,23,48,,2,128,106.97339153289795,,1.9195146310839732,1.9195146310839732,,,0.09777179856373704,0.00040027499198913574,0.9998962644820515,0.09777179856373704,,-0.0,2.185987945410232,106.97339153289795,1.9195146310839732,,1.9195146310839732,6.788064492952245,0.05003844588626002,0.05003858730196953,0.050075724720954895,0.05013406276702881,0.36388298485678827,0.35863247866365316,0.6476013095338485,,,,,,,,,,,,,,,,,,,,,,,,1.886130127821532e-05,2.870193168989768e-05,48
bayesfl_observability_v1,vi_lr0p0002_b128_e2,3,vi,204,16,2,,2,128,6.204229831695557,,1.91849169655898,1.91849169655898,,,0.09774581637433273,0.00040027499198913574,0.9998963101644979,0.09774581637433273,,0.6931471805599453,1.5580197962672118,6.204229831695557,1.91849169655898,,1.91849169655898,6.787678862754264,0.05003851964989972,0.05003883317112923,0.05007586628198624,0.05013429746031761,0.36387903148735234,0.3587574219625346,0.647338381522974,,,,,,,,,,,,,,,,,,,,,,,,1.8851249843362287e-05,2.8671678306997783e-05,2
bayesfl_observability_v1,vi_lr0p0002_b128_e2,3,vi,100,8,10,,2,128,25.942399978637695,,1.915952330564365,1.915952330564365,,,0.09768086781184072,0.00040027499198913574,0.9998964765424705,0.09768086781184072,,0.6001660731596457,1.7117035045711888,25.942399978637695,1.915952330564365,,1.915952330564365,6.788618041467533,0.050038457419359056,0.050038762390613556,0.05007585138082504,0.05013428255915642,0.36390262813058777,0.3589810324037568,0.6472069245597295,,,,,,,,,,,,,,,,,,,,,,,,1.8826297833982167e-05,2.869474586061308e-05,10
bayesfl_observability_v1,vi_lr0p0002_b128_e2,3,vi,215,17,42,,2,128,118.16224765777588,,1.921265259875265,1.921265259875265,,,0.09781704121827704,0.0004002731293439865,0.9998961826912662,0.09781704121827704,,1.521719365805568,0.7932357448939426,118.16224765777588,1.921265259875265,,1.921265259875265,6.788491660159595,0.05003844588809026,0.05003858730196953,0.05007575824856758,0.050135377794504166,0.36389890515760626,0.3587667321717124,0.6474797683737766,,,,,,,,,,,,,,,,,,,,,,,,1.8878503093989046e-05,2.8660544981431866e-05,42
bayesfl_observability_v1,vi_lr0p0002_b128_e2,3,vi,217,17,189,,2,128,209.74910402297974,,4.366966188384614,4.366966188384614,,,0.14742254043435551,0.0008022040128707886,0.9997642300373728,0.14742254043435551,,0.3250829733914482,1.9958124018703602,209.74910402297974,4.366966188384614,,4.366966188384614,6.7893663028874425,0.05004330822421752,0.050044164061546326,0.0500866137444973,0.05014960467815399,0.36392077595734457,0.3590034203221314,0.6474597938652514,,,,,,,,,,,,,,,,,,,,,,,,4.29101521900817e-05,3.349994547396603e-05,189
bayesfl_observability_v1,vi_lr0p0002_b128_e2,3,vi,149,11,333,,2,128,294.57743151982623,,6.8979654299936515,6.8979654299936515,,,0.18524772186941746,0.0012032631784677505,0.9996277997036997,0.18524772186941746,,0.21239478849365837,2.0487084209067463,294.57743151982623,6.8979654299936515,,6.8979654299936515,6.790304431765785,0.05004672841635196,0.05004757270216942,0.05009640008211136,0.05016547068953514,0.36391860548778493,0.35938111204848366,0.6472961336702592,,,,,,,,,,,,,,,,,,,,,,,,6.777994919911223e-05,3.8339193691390916e-05,333
bayesfl_observability_v1,vi_lr0p0002_b128_e2,3,vi,16,1,369,,2,128,306.1588468551636,,6.920210733139729,6.920210733139729,,,0.18554766867090125,0.0011989418417215347,0.9996264880900343,0.18554766867090125,,0.1490487639578261,2.177886214364074,306.1588468551636,6.920210733139729,,6.920210733139729,6.789316136947439,0.05004666521954925,0.05004756152629852,0.050096314400434494,0.050170913338661194,0.363909672732738,0.3587454877994649,0.6470527034981882,,,,,,,,,,,,,,,,,,,,,,,,6.799853329212665e-05,3.832574533111473e-05,369
bayesfl_observability_v1,vi_lr0p0002_b128_e2,3,vi,18,1,406,,2,128,315.1174473762512,,9.322710085326722,9.322710085326722,,,0.21532054243217966,0.0015970207750797272,0.9994973148932015,0.21532054243217966,,0.93387416116756,1.3882321409892098,315.1174473762512,9.322710085326722,,9.322710085326722,6.7916335808343495,0.050049658834757066,0.0500502735376358,0.05010548233985901,0.0501835010945797,0.3639619158769343,0.35907537244638565,0.6471691854192639,,,,,,,,,,,,,,,,,,,,,,,,9.160568031174926e-05,4.26804291990182e-05,406
bayesfl_observability_v1,vi_lr0p0002_b128_e2,3,vi,87,7,39,,2,128,114.9178352355957,,1.9252959299710557,1.9252959299710557,,,0.09791967280147162,0.0004002731293439865,0.999895954773584,0.09791967280147162,,0.4377023180952629,1.8840029267722176,114.9178352355957,1.9252959299710557,,1.9252959299710557,6.788207449216271,0.05003849633193249,0.050038568675518036,0.05007586628198624,0.05013596639037132,0.3638935327944092,0.35909489572436315,0.6474733307304182,,,,,,,,,,,,,,,,,,,,,,,,1.8918108774403612e-05,2.865556045211187e-05,39
bayesfl_observability_v1,vi_lr0p0002_b128_e2,3,vi,34,2,89,,2,128,314.0117230415344,,1.9225294461664793,1.9225294461664793,,,0.09784915747038911,0.0004002717323601246,0.9998961001716267,0.09784915747038911,,0.9392429968990706,1.3654484544000312,314.0117230415344,1.9225294461664793,,1.9225294461664793,6.788061567652067,0.05003848479674697,0.05003872513771057,0.05007580667734146,0.050134532153606415,0.3638980535258787,0.3588992618801429,0.6473925649329877,,,,,,,,,,,,,,,,,,,,,,,,1.8890925087614026e-05,2.868161434301105e-05,89
bayesfl_observability_v1,vi_lr0p0002_b128_e2,4,vi,163,13,151,,2,128,161.9238600730896,,4.3471335696633275,4.3471335696633275,,,0.14712408220219017,0.0008022971451282501,0.9997652376785343,0.14712408220219017,,0.7494436652757661,1.488660305959026,161.9238600730896,4.3471335696633275,,4.3471335696633275,6.790113264845027,0.05005603623356375,0.050056662410497665,0.05010119825601578,0.05017946660518646,0.3638772355478494,0.35870834856223277,0.6468937564591427,,,,,,,,,,,,,,,,,,,,,,,,4.2715275323408935e-05,3.497238351825529e-05,151
bayesfl_observability_v1,vi_lr0p0002_b128_e2,4,vi,166,13,76,,2,128,235.15956020355225,,1.9210626056351139,1.9210626056351139,,,0.09783744031510078,0.00040027499198913574,0.9998961385045071,0.09783744031510078,,1.0982287840542058,1.252671424477001,235.15956020355225,1.9210626056351139,,1.9210626056351139,6.788492306343424,0.050051293219908685,0.05005142465233803,0.0500907227396965,0.05015953257679939,0.3638412189560093,0.35900088493197324,0.646924813388126,,,,,,,,,,,,,,,,,,,,,,,,1.8876511797534772e-05,3.0372367411201045e-05,76
bayesfl_observability_v1,vi_lr0p0002_b128_e2,4,vi,7,0,152,,2,128,190.39282202720642,,4.335049801945033,4.335049801945033,,,0.14691821638186808,0.0008022934198379517,0.9997658554836741,0.14691821638186808,,1.264349492321815,1.032554209297049,190.39282202720642,4.335049801945033,,4.335049801945033,6.789598002614689,0.05005601772241799,0.050056781619787216,0.05010125786066055,0.05017273500561714,0.3638317676008527,0.35867148424453665,0.6467548364967094,,,,,,,,,,,,,,,,,,,,,,,,4.25965392742953e-05,3.507639810101647e-05,152
bayesfl_observability_v1,vi_lr0p0002_b128_e2,4,vi,192,15,5,,2,128,8.244488000869751,,1.920154172448549,1.920154172448549,,,0.09781296838158218,0.0004002731293439865,0.9998961869579759,0.09781296838158218,,-0.0,2.3277319754160017,8.244488000869751,1.920154172448549,,1.920154172448549,6.7883531882361305,0.05005144287152235,0.05005154013633728,0.050090864300727844,0.050153955817222595,0.36382866804201064,0.35854867379649147,0.6472852277425489,,,,,,,,,,,,,,,,,,,,,,,,1.8867585461811427e-05,3.038190399426645e-05,5
bayesfl_observability_v1,vi_lr0p0002_b128_e2,4,vi,180,14,9,,2,128,25.192049503326416,,1.9224879197431528,1.9224879197431528,,,0.0978736816419654,0.00040027499198913574,0.9998960716740046,0.0978736816419654,,-0.0,2.3096097079310103,25.192049503326416,1.9224879197431528,,1.9224879197431528,6.788826623267129,0.050051401037065034,0.050051622092723846,0.05009083934128285,0.050159845501184464,0.3638430937956441,0.35888743020809233,0.6470515300187386,,,,,,,,,,,,,,,,,,,,,,,,1.8890517045722244e-05,3.0350772064686335e-05,9
bayesfl_observability_v1,vi_lr0p0002_b128_e2,4,vi,181,14,2,,2,128,5.593365788459778,,1.9203262758211717,1.9203262758211717,,,0.0978174673944212,0.0004002721980214119,0.9998961926811257,0.0978174673944212,,0.6931471805599453,1.6112121538688304,5.593365788459778,1.9203262758211717,,1.9203262758211717,6.788874504942277,0.05005139701681169,0.050051555037498474,0.05009092390537262,0.05015985667705536,0.36383845106898516,0.3588644056027013,0.6471884575426584,,,,,,,,,,,,,,,,,,,,,,,,1.8869276563045806e-05,3.0433910487737035e-05,2
bayesfl_observability_v1,vi_lr0p0002_b128_e2,4,vi,41,3,4,,2,128,10.48633861541748,,1.9197035742202544,1.9197035742202544,,,0.09780232032994557,0.00040027499198913574,0.9998962169217751,0.09780232032994557,,0.5623351446188083,1.756608808640784,10.48633861541748,1.9197035742202544,,1.9197035742202544,6.788629581876147,0.050051383569564276,0.050051528960466385,0.05009067803621292,0.05015692114830017,0.3638541924971506,0.3584920616682661,0.6470888208879104,,,,,,,,,,,,,,,,,,,,,,,,1.886315784828785e-05,3.0353380025238422e-05,4
bayesfl_observability_v1,vi_lr0p0002_b128_e2,4,vi,46,3,44,,2,128,132.30766105651855,,1.9111150873659513,1.9111150873659513,,,0.09758260012228212,0.0004002717323601246,0.999896687279856,0.09758260012228212,,0.7751254239840702,1.531153988824562,132.30766105651855,1.9111150873659513,,1.9111150873659513,6.788775579364715,0.050051382090210025,0.05005151778459549,0.05009067915380001,0.050159357488155365,0.3638282826080175,0.3585452487192061,0.6466883829152709,,,,,,,,,,,,,,,,,,,,,,,,1.8778766703016127e-05,3.0406565331656264e-05,44
bayesfl_observability_v1,vi_lr0p0002_b128_e2,4,vi,72,5,243,,2,128,211.35706090927124,,4.337370368407034,4.337370368407034,,,0.1469562945535971,0.0008022692054510117,0.999765737623305,0.1469562945535971,,0.5850114854903742,1.7313068426386855,211.35706090927124,4.337370368407034,,4.337370368407034,6.78964829859239,0.05005620289939852,0.05005694553256035,0.05010131374001503,0.05017811432480812,0.3638399731610791,0.35883269449699107,0.647128322415658,,,,,,,,,,,,,,,,,,,,,,,,4.2619341342311424e-05,3.500564150546948e-05,243
bayesfl_observability_v1,vi_lr0p0002_b128_e2,4,vi,112,9,53,,2,128,146.84747505187988,,1.9185511378749476,1.9185511378749476,,,0.09777282973434002,0.00040027499198913574,0.9998962896299802,0.09777282973434002,,0.7684671875616165,1.5586349016673413,146.84747505187988,1.9185511378749476,,1.9185511378749476,6.788936846782,0.05005141838153641,0.0500514842569828,0.05009104683995247,0.05015697702765465,0.36385434802124234,0.35869006550665655,0.6470741013713931,,,,,,,,,,,,,,,,,,,,,,,,1.8851833918393903e-05,3.0422706354323446e-05,53
bayesfl_observability_v1,vi_lr0p0002_b128_e2,4,vi,292,23,70,,2,128,231.8909854888916,,1.923014463829178,1.923014463829178,,,0.09788647949159136,0.00040027499198913574,0.9998960345385274,0.09788647949159136,,0.30463609734923813,1.9998591779099486,231.8909854888916,1.923014463829178,,1.923014463829178,6.788499046502402,0.05005137786251618,0.05005151778459549,0.050090909004211426,0.05015471205115318,0.36383502435299375,0.3588701136090332,0.6471971061437831,,,,,,,,,,,,,,,,,,,,,,,,1.8895690909198957e-05,3.044437576426804e-05,70
bayesfl_observability_v1,vi_lr0p0002_b128_e2,4,vi,296,23,107,,2,128,250.96721172332764,,1.9272355389941447,1.9272355389941447,,,0.09799438893805396,0.0004002721980214119,0.9998958211545826,0.09799438893805396,,-0.0,2.185987945410232,250.96721172332764,1.9272355389941447,,1.9272355389941447,6.7889944759792655,0.05005131805870362,0.050051528960466385,0.05009058490395546,0.0501539446413517,0.3638666364227722,0.3588425056713137,0.6471309724300816,,,,,,,,,,,,,,,,,,,,,,,,1.8937167524753315e-05,3.042418045760564e-05,107
bayesfl_observability_v1,vi_lr0p0002_b128_e2,4,vi,101,8,1047,,2,128,300.1895648108588,,20.186688739491796,20.186688739491796,,,0.31678525021186443,0.003298373892903328,0.9989124456849471,0.31678525021186443,,1.3655297072495858,0.9316261638098886,300.1895648108588,20.186688739491796,,20.186688739491796,6.794223098464648,0.05007271239137039,0.05007052794098854,0.05015411749482155,0.05029422417283058,0.36385492174451656,0.3588919923875733,0.6467739333674156,,,,,,,,,,,,,,,,,,,,,,,,0.00019835598643501814,6.0601876734452525e-05,1047
bayesfl_observability_v1,vi_lr0p0002_b128_e2,4,vi,16,1,369,,2,128,219.4110482533773,,6.905195056506721,6.905195056506721,,,0.18539025809919535,0.0012037232518196106,0.9996272856368691,0.18539025809919535,,0.1490487639578261,2.177886214364074,219.4110482533773,6.905195056506721,,6.905195056506721,6.790841270543171,0.05005975741542743,0.0500606931746006,0.050110798329114914,0.05019773542881012,0.36383461316087506,0.35905141188016043,0.6472735077540028,,,,,,,,,,,,,,,,,,,,,,,,6.785098807611989e-05,3.9625627234642285e-05,369
bayesfl_observability_v1,vi_lr0p0002_b128_e2,4,vi,20,1,3,,2,128,8.737969398498535,,1.9177412657079884,1.9177412657079884,,,0.09775188905909481,0.00040027499198913574,0.9998963260240216,0.09775188905909481,,-0.0,2.311121424016332,8.737969398498535,1.9177412657079884,,1.9177412657079884,6.7886985554840935,0.05005143979838664,0.05005161091685295,0.05009081959724426,0.05015983060002327,0.3638331462967779,0.35868576062216895,0.6473412190351266,,,,,,,,,,,,,,,,,,,,,,,,1.8843876050977582e-05,3.037081213356553e-05,3
bayesfl_observability_v1,vi_lr0p0002_b128_e2,5,vi,25,2,59,,2,128,185.69112968444824,,1.921110842734197,1.921110842734197,,,0.0978742666842076,0.0004002717323601246,0.9998961071308666,0.0978742666842076,,0.8243222826562666,1.4886055708722064,185.69112968444824,1.921110842734197,,1.921110842734197,6.790025794877211,0.05006987067616483,0.050069715827703476,0.050120867788791656,0.05022985115647316,0.3637554590947512,0.35880917031740656,0.6466037929429419,,,,,,,,,,,,,,,,,,,,,,,,1.8876985779052737e-05,3.938391861836048e-05,59
bayesfl_observability_v1,vi_lr0p0002_b128_e2,5,vi,278,22,61,,2,128,139.98545217514038,,1.918490186918291,1.918490186918291,,,0.09780719685579867,0.00040027499198913574,0.9998962411474481,0.09780719685579867,,0.3945326819623348,1.9802377464173406,139.98545217514038,1.918490186918291,,1.918490186918291,6.7897561945782074,0.05006987882659631,0.05006958916783333,0.05012105517089367,0.05023062601685524,0.3637362712652689,0.3585405493783621,0.6467830963165722,,,,,,,,,,,,,,,,,,,,,,,,1.8851235009514503e-05,3.941151674535481e-05,61
bayesfl_observability_v1,vi_lr0p0002_b128_e2,5,vi,61,4,198,,2,128,282.216317653656,,4.34624444390631,4.34624444390631,,,0.14716145095733682,0.0008021574467420578,0.9997651476406725,0.14716145095733682,,0.38144262903567916,1.9227600406973597,282.216317653656,4.34624444390631,,4.34624444390631,6.790578104546936,0.05007471014808036,0.050074778497219086,0.05013049393892288,0.05023441091179848,0.36374300720444624,0.3589821452646198,0.6468467905374037,,,,,,,,,,,,,,,,,,,,,,,,4.2706538704002265e-05,4.3000420591852546e-05,198
bayesfl_observability_v1,vi_lr0p0002_b128_e2,5,vi,169,13,10,,2,128,30.402751922607422,,1.9218541585819642,1.9218541585819642,,,0.09789344950127295,0.0004002731293439865,0.9998960568674035,0.09789344950127295,,0.6001660731596457,1.7098339961345228,30.402751922607422,1.9218541585819642,,1.9218541585819642,6.789712981421223,0.0500699193995723,0.050069622695446014,0.050121065229177475,0.05021634325385094,0.363723386883783,0.35829024401816156,0.6464241365164317,,,,,,,,,,,,,,,,,,,,,,,,1.8884289658857857e-05,3.9389478942759664e-05,10
bayesfl_observability_v1,vi_lr0p0002_b128_e2,5,vi,212,17,239,,2,128,389.877685546875,,4.359417471685958,4.359417471685958,,,0.14738976938000448,0.0008021742105484009,0.9997644068833806,0.14738976938000448,,0.8353546496930009,1.4841423980608157,389.877685546875,4.359417471685958,,4.359417471685958,6.790398153504683,0.050074531262180616,0.05007481202483177,0.05013001710176468,0.05023949220776558,0.36372254589499525,0.35856370413613803,0.6469250083175923,,,,,,,,,,,,,,,,,,,,,,,,4.283597790788993e-05,4.3074006140893195e-05,239
bayesfl_observability_v1,vi_lr0p0002_b128_e2,5,vi,288,23,1,,2,128,3.1257244348526,,1.9199449239682727,1.9199449239682727,,,0.09784512697396285,0.00040027499198913574,0.9998961496345627,0.09784512697396285,,-0.0,2.185987945410232,3.1257244348526,1.9199449239682727,,1.9199449239682727,6.789271861261133,0.05006983000644183,0.050069667398929596,0.05012110359966755,0.050216447561979294,0.36370162339152573,0.35853944310652475,0.6467467090249391,,,,,,,,,,,,,,,,,,,,,,,,1.8865529369836618e-05,3.938661814637652e-05,1
bayesfl_observability_v1,vi_lr0p0002_b128_e2,5,vi,177,14,173,,2,128,232.27649974822998,,4.355005112128688,4.355005112128688,,,0.1473117941183541,0.0008022841066122055,0.999764677664828,0.1473117941183541,,0.7072416889214992,1.6019064244591992,232.27649974822998,4.355005112128688,,4.355005112128688,6.790730310442906,0.05007463094043605,0.050074733793735504,0.0501302145421505,0.05023143067955971,0.36374003794692356,0.358797336170361,0.646957349679132,,,,,,,,,,,,,,,,,,,,,,,,4.2792621716897785e-05,4.307094554127907e-05,173
bayesfl_observability_v1,vi_lr0p0002_b128_e2,5,vi,180,14,9,,2,128,23.842147827148438,,1.9176300344172783,1.9176300344172783,,,0.09778491373797107,0.00040027499198913574,0.9998962913796691,0.09778491373797107,,-0.0,2.3096097079310103,23.842147827148438,1.9176300344172783,,1.9176300344172783,6.789857890797474,0.050069831133729245,0.050069546326994896,0.05012096092104912,0.05023086071014404,0.3637343766991786,0.3586667976732342,0.6467338738902986,,,,,,,,,,,,,,,,,,,,,,,,1.8842783083593182e-05,3.938695522306219e-05,9
bayesfl_observability_v1,vi_lr0p0002_b128_e2,5,vi,118,9,17,,2,128,46.80341720581055,,1.9190726975167258,1.9190726975167258,,,0.09782243748137467,0.0004002717323601246,0.999896225019886,0.09782243748137467,,0.8277381569989198,1.4618562942707825,46.80341720581055,1.9190726975167258,,1.9190726975167258,6.790243401690663,0.050069863740836135,0.050069522112607956,0.050121009349823,0.05021808296442032,0.36373981792130405,0.3590295830893597,0.6469327737633441,,,,,,,,,,,,,,,,,,,,,,,,1.8856958804330606e-05,3.927861700083149e-05,17
bayesfl_observability_v1,vi_lr0p0002_b128_e2,5,vi,122,9,9,,2,128,28.56620693206787,,1.9173106686764056,1.9173106686764056,,,0.09777732120007888,0.00040027499198913574,0.999896305192752,0.09777732120007888,,0.9649629230074277,1.3560707552711873,28.56620693206787,1.9173106686764056,,1.9173106686764056,6.789779763825367,0.05006984463939823,0.050069715827703476,0.05012097209692001,0.050218842923641205,0.36372080200002205,0.35859991855439544,0.6469064348319106,,,,,,,,,,,,,,,,,,,,,,,,1.8839644970781227e-05,3.932595332528109e-05,9
bayesfl_observability_v1,vi_lr0p0002_b128_e2,5,vi,19,1,426,,2,128,234.20997285842896,,9.205561673925565,9.205561673925565,,,0.21408643422237036,0.0015923604369163513,0.9995031790380142,0.21408643422237036,,0.9753254220848997,1.3234545863280318,234.20997285842896,9.205561673925565,,9.205561673925565,6.792476131555442,0.05008126545708066,0.050081416964530945,0.050147052854299545,0.05025795102119446,0.36378422741857513,0.35877334304546066,0.646809964082096,,,,,,,,,,,,,,,,,,,,,,,,9.045457083546787e-05,5.063690338956659e-05,426
bayesfl_observability_v1,vi_lr0p0002_b128_e2,5,vi,126,10,285,,2,128,235.58178583780924,,6.814771070684705,6.814771070684705,,,0.1842318201647087,0.0012028515338897705,0.9996320454619182,0.1842318201647087,,0.8109234426674724,1.4398861295926373,235.58178583780924,6.814771070684705,,6.814771070684705,6.791913352685136,0.05007827480032512,0.05007843300700188,0.050138961523771286,0.05024688318371773,0.3637506299672432,0.3592504184380513,0.6467972050142656,,,,,,,,,,,,,,,,,,,,,,,,6.696247490109761e-05,4.685599025132078e-05,285
bayesfl_observability_v1,vi_lr0p0002_b128_e2,5,vi,240,19,26,,2,128,72.95291757583618,,1.9217208597913675,1.9217208597913675,,,0.09789096387796448,0.00040027499198913574,0.9998960701210194,0.09789096387796448,,0.9684025979068378,1.4023380517684862,72.95291757583618,1.9217208597913675,,1.9217208597913675,6.789979139402236,0.0500698322261321,0.050069574266672134,0.05012090504169464,0.0502290241420269,0.3637477029405327,0.35863263721433297,0.646437213504467,,,,,,,,,,,,,,,,,,,,,,,,1.8882979854489217e-05,3.932331294582776e-05,26
bayesfl_observability_v1,vi_lr0p0002_b128_e2,5,vi,89,7,52,,2,128,99.80169582366943,,1.9104703451662348,1.9104703451662348,,,0.09760140819301338,0.00040027499198913574,0.9998966965976713,0.09760140819301338,,0.8769609959156035,1.4396900839655709,99.80169582366943,1.9104703451662348,,1.9104703451662348,6.790322026532631,0.05006990480314769,0.050069864839315414,0.050121087580919266,0.050216469913721085,0.36376126744740894,0.3588121610325803,0.6468432020706861,,,,,,,,,,,,,,,,,,,,,,,,1.877243141560612e-05,3.939425214613785e-05,52
bayesfl_observability_v1,vi_lr0p0002_b128_e2,5,vi,250,20,178,,2,128,201.57079672813416,,4.343476316372091,4.343476316372091,,,0.14711688825449912,0.0008022100664675236,0.999765286565202,0.14711688825449912,,1.1913948887090147,1.0967669956015758,201.57079672813416,4.343476316372091,,4.343476316372091,6.790526966986969,0.05007451284503649,0.05007461830973625,0.05013019219040871,0.05023587867617607,0.3637416504601364,0.3585645262205599,0.6467859561577558,,,,,,,,,,,,,,,,,,,,,,,,4.267933886579631e-05,4.303952046494395e-05,178
bayesfl_observability_v1,vi_lr0p0002_b128_e2,6,vi,77,6,103,,2,128,266.8000822067261,,1.9299641021299465,1.9299641021299465,,,0.09812516018163724,0.00040027499198913574,0.9998955695764045,0.09812516018163724,,0.560246206790157,1.7468416333340404,266.8000822067261,1.9299641021299465,,1.9299641021299465,6.789862766543586,0.0500827432565711,0.0500823687762022,0.05013595148921013,0.05023402348160744,0.3636487763071166,0.35873227076823766,0.6465507970714737,,,,,,,,,,,,,,,,,,,,,,,,1.8963978600078082e-05,4.095878909914456e-05,103
bayesfl_observability_v1,vi_lr0p0002_b128_e2,6,vi,136,10,138,,2,128,175.367422580719,,4.33507458525837,4.33507458525837,,,0.14701205469027598,0.0008022328838706017,0.999765651633427,0.14701205469027598,,0.2813922348789828,2.0277707902000017,175.367422580719,4.33507458525837,,4.33507458525837,6.790978680517123,0.05008738939829264,0.05008753389120102,0.050144676864147184,0.05025923624634743,0.36363549974181186,0.3584883156644778,0.6464058774625611,,,,,,,,,,,,,,,,,,,,,,,,4.259678279707547e-05,4.448451138098587e-05,138
bayesfl_observability_v1,vi_lr0p0002_b128_e2,6,vi,237,19,36,,2,128,100.63216876983643,,1.920958635008069,1.920958635008069,,,0.09789492574093164,0.00040027499198913574,0.9998960751258997,0.09789492574093164,,1.3898628753106193,0.9179151593699346,100.63216876983643,1.920958635008069,,1.920958635008069,6.790402385618133,0.05008276500257344,0.050082556903362274,0.05013563483953476,0.050235867500305176,0.3636971231788094,0.3588234510313315,0.6463452058753119,,,,,,,,,,,,,,,,,,,,,,,,1.8875490174000874e-05,4.0984008102943954e-05,36
bayesfl_observability_v1,vi_lr0p0002_b128_e2,6,vi,219,17,79,,2,128,208.00078296661377,,1.9232788935429102,1.9232788935429102,,,0.09795524340236723,0.00040027499198913574,0.9998959252079165,0.09795524340236723,,0.8512212851081872,1.4493005765096665,208.00078296661377,1.9232788935429102,,1.9232788935429102,6.78958936236243,0.050082734728376065,0.05008251219987869,0.050135716795921326,0.050235167145729065,0.3636152612918578,0.3584859676184688,0.6466084116660602,,,,,,,,,,,,,,,,,,,,,,,,1.889828921630058e-05,4.083837463493426e-05,79
bayesfl_observability_v1,vi_lr0p0002_b128_e2,6,vi,15,1,51,,2,128,141.21409559249878,,1.9183473727649667,1.9183473727649667,,,0.09782853425286474,0.00040027499198913574,0.9998962153738946,0.09782853425286474,,0.4639406270393286,1.8477013096607757,141.21409559249878,1.9183473727649667,,1.9183473727649667,6.790383194951804,0.050082662527769634,0.05008240230381489,0.05013594031333923,0.05023561045527458,0.3636813189497852,0.3587575117996299,0.6463303603453046,,,,,,,,,,,,,,,,,,,,,,,,1.884983170644558e-05,4.094098307041328e-05,51
bayesfl_observability_v1,vi_lr0p0002_b128_e2,6,vi,17,1,132,,2,128,166.12670874595642,,4.297285537248112,4.297285537248112,,,0.14636530167243256,0.0008019916713237762,0.9997677137864174,0.14636530167243256,,1.2053659931842142,1.1004903769146668,166.12670874595642,4.297285537248112,,4.297285537248112,6.7910454741224315,0.05008746671902269,0.05008766055107117,0.050144927203655244,0.05025404691696167,0.36364611925677537,0.35845338876165833,0.6467098355668929,,,,,,,,,,,,,,,,,,,,,,,,4.2225464648207845e-05,4.446849243367037e-05,132
bayesfl_observability_v1,vi_lr0p0002_b128_e2,6,vi,19,1,426,,2,128,235.4501256942749,,9.27983936846429,9.27983936846429,,,0.21500996299715916,0.0015871408395469189,0.9994989754064222,0.21500996299715916,,0.9753254220848997,1.3234545863280318,235.4501256942749,9.27983936846429,,9.27983936846429,6.793103214124734,0.05009398941648689,0.05009426549077034,0.050161149352788925,0.050292205065488815,0.36368888282716577,0.3585672568418874,0.6468640286666839,,,,,,,,,,,,,,,,,,,,,,,,9.118442928627581e-05,5.1758379865569435e-05,426
bayesfl_observability_v1,vi_lr0p0002_b128_e2,6,vi,209,16,35,,2,128,107.25540065765381,,1.9196293416841934,1.9196293416841934,,,0.09786119501563613,0.00040027499198913574,0.9998961454518388,0.09786119501563613,,0.38937723629048177,1.9497352935038788,107.25540065765381,1.9196293416841934,,1.9196293416841934,6.790365881220123,0.05008273533623861,0.05008246749639511,0.050135787576436996,0.0502360463142395,0.36368577508790767,0.35873513369599275,0.6462866710362846,,,,,,,,,,,,,,,,,,,,,,,,1.8862428433567784e-05,4.093821470699364e-05,35
bayesfl_observability_v1,vi_lr0p0002_b128_e2,6,vi,51,4,24,,2,128,76.89324998855591,,1.9098519683211086,1.9098519683211086,,,0.09761035609290657,0.00040027499198913574,0.9998966648418602,0.09761035609290657,,1.1023452738842328,1.226539569881583,76.89324998855591,1.9098519683211086,,1.9098519683211086,6.78995750120837,0.05008271545504111,0.05008246749639511,0.05013589188456535,0.05023958161473274,0.3636722619898158,0.3586080340021102,0.6466095270949034,,,,,,,,,,,,,,,,,,,,,,,,1.876635519623768e-05,4.0864250569666646e-05,24
bayesfl_observability_v1,vi_lr0p0002_b128_e2,6,vi,266,21,765,,2,128,308.6308328310649,,14.137259301072698,14.137259301072698,,,0.26533426758952616,0.002329036593437195,0.9992372134919296,0.26533426758952616,,0.7641131958245704,1.5607339077663793,308.6308328310649,14.137259301072698,,14.137259301072698,6.794533371137563,0.05009878565508525,0.05009844899177551,0.05017524212598801,0.05032118037343025,0.3637178185720277,0.358620433632696,0.6463002512163326,,,,,,,,,,,,,,,,,,,,,,,,0.00013891381842461134,5.832352693897393e-05,765
bayesfl_observability_v1,vi_lr0p0002_b128_e2,6,vi,274,21,41,,2,128,85.88474130630493,,1.9128417665949784,1.9128417665949784,,,0.09768741997272513,0.00040027499198913574,0.9998965096704621,0.09768741997272513,,0.5699626470748532,1.739856822479874,85.88474130630493,1.9128417665949784,,1.9128417665949784,6.79023633486066,0.05008267648521746,0.0500823687762022,0.05013584718108177,0.050238776952028275,0.3636841062482207,0.35866363359905007,0.6465316591065705,,,,,,,,,,,,,,,,,,,,,,,,1.8795733188513102e-05,4.0873967551166234e-05,41
bayesfl_observability_v1,vi_lr0p0002_b128_e2,6,vi,160,12,379,,2,128,318.47526327768963,,6.858704387136272,6.858704387136272,,,0.18487730859702803,0.0012018000707030296,0.9996294055635889,0.18487730859702803,,1.1782151454192733,1.120809894534982,318.47526327768963,6.858704387136272,,6.858704387136272,6.791363323672564,0.050091126278610905,0.05009140074253082,0.0501534529030323,0.05027142912149429,0.3636706537523937,0.3589256817729127,0.6466151671057732,,,,,,,,,,,,,,,,,,,,,,,,6.739416711345457e-05,4.8200672247572515e-05,379
bayesfl_observability_v1,vi_lr0p0002_b128_e2,6,vi,39,3,138,,2,128,178.01817083358765,,4.331924907634647,4.331924907634647,,,0.14695672866642,0.0008019153028726578,0.9997658123939311,0.14695672866642,,0.778571268152444,1.5315510853062817,178.01817083358765,4.331924907634647,,4.331924907634647,6.79073725715604,0.050087470416200354,0.05008748546242714,0.05014505609869957,0.05025528743863106,0.36364340469492584,0.3586923102930013,0.6465203709205742,,,,,,,,,,,,,,,,,,,,,,,,4.256583381777191e-05,4.46054940832904e-05,138
bayesfl_observability_v1,vi_lr0p0002_b128_e2,6,vi,164,13,62,,2,128,166.69374179840088,,1.915308137823186,1.915308137823186,,,0.09775040893990465,0.0004002717323601246,0.9998963963910004,0.09775040893990465,,1.019453344863651,1.2659801342180577,166.69374179840088,1.915308137823186,,1.915308137823186,6.790772012268571,0.05008271096287618,0.05008252337574959,0.05013596639037132,0.050234533846378326,0.3637079003456007,0.3589050181905926,0.646778482457302,,,,,,,,,,,,,,,,,,,,,,,,1.8819967945594832e-05,4.0913620646337634e-05,62
bayesfl_observability_v1,vi_lr0p0002_b128_e2,6,vi,30,2,2,,2,128,4.500403642654419,,1.9209423287628415,1.9209423287628415,,,0.09789440160245115,0.00040027499198913574,0.9998960838605795,0.09789440160245115,,0.6931471805599453,1.6262933525338354,4.500403642654419,1.9209423287628415,,1.9209423287628415,6.790604042241642,0.05008276766858841,0.05008251219987869,0.0501357726752758,0.05023450404405594,0.36370031905392797,0.35859540464660566,0.6467381843396869,,,,,,,,,,,,,,,,,,,,,,,,1.8875329947556664e-05,4.091507893674473e-05,2
bayesfl_observability_v1,vi_lr0p0002_b128_e2,7,vi,112,9,53,,2,128,144.14835929870605,,1.915366869104919,1.915366869104919,,,0.09778331033189587,0.00040027499198913574,0.9998963175865623,0.09778331033189587,,0.7684671875616165,1.5586349016673413,144.14835929870605,1.915366869104919,,1.915366869104919,6.790596099442423,0.05009847734798099,0.05009838938713074,0.05015550181269646,0.05028257891535759,0.36355322383543115,0.35830525142634295,0.646169848660539,,,,,,,,,,,,,,,,,,,,,,,,1.8820545043774385e-05,4.4055170683343555e-05,53
bayesfl_observability_v1,vi_lr0p0002_b128_e2,7,vi,139,11,364,,2,128,307.7556044260661,,6.870363858312336,6.870363858312336,,,0.18509220600288395,0.001200968399643898,0.9996286675535656,0.18509220600288395,,0.8409163134019236,1.4643652933933091,307.7556044260661,6.870363858312336,,6.870363858312336,6.7925367718489245,0.05010680023650705,0.05010702833533287,0.05017240718007088,0.05032194033265114,0.36356006554247844,0.3588150261168075,0.6463928174384257,,,,,,,,,,,,,,,,,,,,,,,,6.750873399147427e-05,5.085075167793228e-05,364
bayesfl_observability_v1,vi_lr0p0002_b128_e2,7,vi,266,21,765,,2,128,272.94822398821515,,13.976451233410168,13.976451233410168,,,0.2638928468373732,0.0023111971095204353,0.9992456902457526,0.2638928468373732,,0.7641131958245704,1.5607339077663793,272.94822398821515,13.976451233410168,,13.976451233410168,6.795468444220099,0.05011458054179057,0.050113994628190994,0.05019424259662628,0.05034179985523224,0.36361213748976834,0.35868528803417665,0.6460308101216641,,,,,,,,,,,,,,,,,,,,,,,,0.00013733370574246014,6.079824462587925e-05,765
bayesfl_observability_v1,vi_lr0p0002_b128_e2,7,vi,52,4,24,,2,128,70.052161693573,,1.9203207885219071,1.9203207885219071,,,0.0979102668693931,0.00040027499198913574,0.9998960799657107,0.0979102668693931,,1.0880102622771117,1.1812023456676566,70.052161693573,1.9203207885219071,,1.9203207885219071,6.791464247844282,0.05009847828049322,0.05009838938713074,0.050155408680438995,0.05028260499238968,0.36361019018530766,0.358282484231752,0.6467507393360165,,,,,,,,,,,,,,,,,,,,,,,,1.886922264441296e-05,4.392476985512714e-05,24
bayesfl_observability_v1,vi_lr0p0002_b128_e2,7,vi,56,4,2,,2,128,3.1988097429275513,,1.9211330447350805,1.9211330447350805,,,0.0979304325904246,0.00040027499198913574,0.999896000490229,0.0979304325904246,,-0.0,2.4040642619438994,3.1988097429275513,1.9211330447350805,,1.9211330447350805,6.790402817995402,0.0500984995356958,0.050098542124032974,0.050155461952090266,0.05028179660439491,0.3635511591830303,0.35863495437823556,0.6464993578797196,,,,,,,,,,,,,,,,,,,,,,,,1.8877203937654323e-05,4.397118071323965e-05,2
bayesfl_observability_v1,vi_lr0p0002_b128_e2,7,vi,26,2,29,,2,128,72.20634746551514,,1.9190003466986634,1.9190003466986634,,,0.09787623359373789,0.0004002721980214119,0.9998961212215733,0.09787623359373789,,1.0130227035447372,1.337996707207389,72.20634746551514,1.9190003466986634,,1.9190003466986634,6.790624927363625,0.05009851228869288,0.05009838938713074,0.05015554279088974,0.05027836188673973,0.3635794848518989,0.3583044633397753,0.6465011716597675,,,,,,,,,,,,,,,,,,,,,,,,1.8856247879519144e-05,4.404737898339523e-05,29
bayesfl_observability_v1,vi_lr0p0002_b128_e2,7,vi,27,2,611,,2,128,316.8852469444275,,11.879397777877381,11.879397777877381,,,0.24333956817745997,0.0019483566284179688,0.9993584769357261,0.24333956817745997,,0.08162587036147914,2.2275297802473157,316.8852469444275,11.879397777877381,,11.879397777877381,6.7945574850672115,0.050112161833280086,0.05011199228465557,0.05018703266978264,0.0503319576382637,0.3636343657461273,0.3587758258646845,0.6466977645671758,,,,,,,,,,,,,,,,,,,,,,,,0.0001167278940540177,5.740565927296081e-05,611
bayesfl_observability_v1,vi_lr0p0002_b128_e2,7,vi,29,2,338,,2,128,281.8732630411784,,6.795579412303107,6.795579412303107,,,0.18407374877980323,0.0012014992535114288,0.9996327996405133,0.18407374877980323,,1.2090758876194794,1.1323626999805705,281.8732630411784,6.795579412303107,,6.795579412303107,6.793031724382472,0.050106884524888005,0.05010722950100899,0.050172220915555954,0.05031132698059082,0.3636509088180168,0.3585377182296118,0.6465206612911308,,,,,,,,,,,,,,,,,,,,,,,,6.677389616098169e-05,5.076507803681114e-05,338
bayesfl_observability_v1,vi_lr0p0002_b128_e2,7,vi,257,20,1,,2,128,3.180137515068054,,1.9164959978166567,1.9164959978166567,,,0.09781134199768463,0.0004002731293439865,0.9998962627317066,0.09781134199768463,,-0.0,2.4040642619438994,3.180137515068054,1.9164959978166567,,1.9164959978166567,6.790755266354919,0.05009852959407012,0.05009857006371021,0.05015551671385765,0.050282496958971024,0.3635848180045463,0.3585506748203117,0.6460557498524822,,,,,,,,,,,,,,,,,,,,,,,,1.8831639951033277e-05,4.402555341473334e-05,1
bayesfl_observability_v1,vi_lr0p0002_b128_e2,7,vi,188,15,69,,2,128,184.14189910888672,,1.916602380701826,1.916602380701826,,,0.09781514088470997,0.0004002731293439865,0.9998962535265696,0.09781514088470997,,0.7873390100049964,1.5118297685691615,184.14189910888672,1.916602380701826,,1.916602380701826,6.790717331962193,0.050098450605250464,0.05009840056300163,0.050155483186244965,0.050269488245248795,0.3635862023039986,0.35844152035652777,0.6467804731271162,,,,,,,,,,,,,,,,,,,,,,,,1.8832685277604656e-05,4.402380236970166e-05,69
bayesfl_observability_v1,vi_lr0p0002_b128_e2,7,vi,192,15,5,,2,128,9.308489799499512,,1.915401118392098,1.915401118392098,,,0.09778405777049395,0.00040027499198913574,0.9998963268871836,0.09778405777049395,,-0.0,2.3277319754160017,9.308489799499512,1.915401118392098,,1.915401118392098,6.790947457174674,0.0500984251337748,0.050098296254873276,0.05015560984611511,0.050277285277843475,0.36359352636121733,0.3585640912043834,0.6463474662074354,,,,,,,,,,,,,,,,,,,,,,,,1.8820881579955764e-05,4.401692215417448e-05,5
bayesfl_observability_v1,vi_lr0p0002_b128_e2,7,vi,1,0,101,,2,128,272.33467864990234,,1.9205226727303182,1.9205226727303182,,,0.09791584395842946,0.00040027499198913574,0.999896036013248,0.09791584395842946,,0.627941588739906,1.7479275202290525,272.33467864990234,1.9205226727303182,,1.9205226727303182,6.7905844462559175,0.05009843529323481,0.05009835213422775,0.05015518255531788,0.05027815327048302,0.3635603587406406,0.35871288676885477,0.6464239598733931,,,,,,,,,,,,,,,,,,,,,,,,1.8871206374474973e-05,4.399542131101711e-05,101
bayesfl_observability_v1,vi_lr0p0002_b128_e2,7,vi,288,23,1,,2,128,2.6165237426757812,,1.9139747962958062,1.9139747962958062,,,0.09774637991863198,0.00040027499198913574,0.9998963947592926,0.09774637991863198,,-0.0,2.185987945410232,2.6165237426757812,1.9139747962958062,,1.9139747962958062,6.79055371826795,0.05009851811467061,0.05009853094816208,0.05015531927347183,0.05027564615011215,0.3635601015594593,0.3586487006758008,0.6462328202414087,,,,,,,,,,,,,,,,,,,,,,,,1.880686642719668e-05,4.40123955518797e-05,1
bayesfl_observability_v1,vi_lr0p0002_b128_e2,7,vi,43,3,1,,2,128,4.778700470924377,,1.9078331867982385,1.9078331867982385,,,0.09758920504491528,0.0004002731293439865,0.9998967327749185,0.09758920504491528,,-0.0,2.3163460082440825,4.778700470924377,1.9078331867982385,,1.9078331867982385,6.790734275894294,0.05009849308135673,0.05009841546416283,0.05015554279088974,0.0502801239490509,0.36357812583764687,0.35852778687420667,0.646005988757645,,,,,,,,,,,,,,,,,,,,,,,,1.874651849069705e-05,4.402748036286205e-05,1
bayesfl_observability_v1,vi_lr0p0002_b128_e2,7,vi,45,3,2,,2,128,7.499333143234253,,1.9096535666898182,1.9096535666898182,,,0.0976361019325709,0.00040027499198913574,0.9998966316665703,0.0976361019325709,,0.6931471805599453,1.619408415869196,7.499333143234253,1.9096535666898182,,1.9096535666898182,6.79067218326145,0.05009841494276129,0.05009833350777626,0.050155285745859146,0.050275832414627075,0.36355891566943477,0.35839050225485,0.646368755210648,,,,,,,,,,,,,,,,,,,,,,,,1.876440568625153e-05,4.391919657410684e-05,2
bayesfl_observability_v1,vi_lr0p0002_b128_e2,8,vi,6,0,230,,2,128,244.34249639511108,,4.318768585272449,4.318768585272449,,,0.14683073558171916,0.0008020680397748947,0.9997663194747726,0.14683073558171916,,1.0431642721063052,1.257328427832494,244.34249639511108,4.318768585272449,,4.318768585272449,6.792243202126793,0.050120987180849945,0.05012103542685509,0.05018651969730854,0.05033146217465401,0.36348974541841317,0.35854908857588086,0.6461631794199961,,,,,,,,,,,,,,,,,,,,,,,,4.2436558762626004e-05,5.0886138088479684e-05,230
bayesfl_observability_v1,vi_lr0p0002_b128_e2,8,vi,137,11,171,,2,128,229.69041895866394,,4.352153947536268,4.352153947536268,,,0.14740076300340918,0.0008022729307413101,0.9997645400840233,0.14740076300340918,,0.6827231249542707,1.62788476164325,229.69041895866394,4.352153947536268,,4.352153947536268,6.792846088111036,0.05012091528439441,0.05012104846537113,0.05018679425120354,0.05033092945814133,0.3634936411785123,0.35841759127631845,0.6460838488005417,,,,,,,,,,,,,,,,,,,,,,,,4.2764605950046845e-05,5.104821956091726e-05,171
bayesfl_observability_v1,vi_lr0p0002_b128_e2,8,vi,138,11,64,,2,128,182.92805290222168,,1.917480390877016,1.917480390877016,,,0.09787168205738374,0.00040027499198913574,0.999896176740837,0.09787168205738374,,1.1844657730950183,1.1205255670011776,182.92805290222168,1.917480390877016,,1.917480390877016,6.792113142187538,0.05011627565913061,0.05011611431837082,0.050178077071905136,0.05031367018818855,0.3635090687131756,0.3583595508548919,0.6462729078702693,,,,,,,,,,,,,,,,,,,,,,,,1.88413126744327e-05,4.7880096621278865e-05,64
bayesfl_observability_v1,vi_lr0p0002_b128_e2,8,vi,102,8,8,,2,128,21.296477794647217,,1.912279279498952,1.912279279498952,,,0.09773850511937744,0.00040027499198913574,0.9998964617270791,0.09773850511937744,,1.0735428464085233,1.2939773289156493,21.296477794647217,1.912279279498952,,1.912279279498952,6.792185310865603,0.0501161982595534,0.05011582374572754,0.05017818659543991,0.050322048366069794,0.36350917834718177,0.3584404734836315,0.6460841737850225,,,,,,,,,,,,,,,,,,,,,,,,1.879020614620175e-05,4.7880893685450406e-05,8
bayesfl_observability_v1,vi_lr0p0002_b128_e2,8,vi,103,8,34,,2,128,72.14162540435791,,1.9143717738250154,1.9143717738250154,,,0.09779121193923153,0.0004002717323601246,0.9998963364292964,0.09779121193923153,,0.95557352218981,1.2692229080072153,72.14162540435791,1.9143717738250154,,1.9143717738250154,6.79176467075044,0.050116335446031654,0.05011622980237007,0.05017843097448349,0.050314754247665405,0.3634825877961126,0.35820658959571516,0.6464105180168617,,,,,,,,,,,,,,,,,,,,,,,,1.8810767159526536e-05,4.79245433755481e-05,34
bayesfl_observability_v1,vi_lr0p0002_b128_e2,8,vi,38,3,257,,2,128,196.2539494832357,,6.763351298069145,6.763351298069145,,,0.18370146393935513,0.0012011509388685226,0.999634305924371,0.18370146393935513,,1.3397067534967495,0.9396094349232524,196.2539494832357,6.763351298069145,,6.763351298069145,6.793243414448323,0.0501245750570969,0.050124894827604294,0.05019440725445747,0.05033062398433685,0.36348969267944115,0.3580153516698963,0.646171734566492,,,,,,,,,,,,,,,,,,,,,,,,6.645722018344448e-05,5.422059776611761e-05,257
bayesfl_observability_v1,vi_lr0p0002_b128_e2,8,vi,97,7,4,,2,128,11.343698501586914,,1.918338763129786,1.918338763129786,,,0.09789381995451384,0.0004002721980214119,0.9998961358200713,0.09789381995451384,,0.6931471805599453,1.5580197962672118,11.343698501586914,1.918338763129786,,1.918338763129786,6.792276419154363,0.05011627058710596,0.0501161552965641,0.05017838254570961,0.050309643149375916,0.3635231407770276,0.35859240392995406,0.6461079209322451,,,,,,,,,,,,,,,,,,,,,,,,1.8849747107495195e-05,4.786128743821349e-05,4
bayesfl_observability_v1,vi_lr0p0002_b128_e2,8,vi,79,6,34,,2,128,78.50824737548828,,1.91233485578808,1.91233485578808,,,0.09773945579236483,0.00040027499198913574,0.9998964537433608,0.09773945579236483,,-0.0,2.185987945410232,78.50824737548828,1.91233485578808,,1.91233485578808,6.792014732423573,0.05011620196551626,0.050116103142499924,0.05017789527773857,0.05031467229127884,0.36349851494219937,0.3586325459195892,0.6464605212185328,,,,,,,,,,,,,,,,,,,,,,,,1.8790752243176574e-05,4.7861970997834866e-05,34
bayesfl_observability_v1,vi_lr0p0002_b128_e2,8,vi,172,13,289,,2,128,279.982604821523,,6.8068189281010545,6.8068189281010545,,,0.1842913225455503,0.0012034419924020767,0.9996318890775834,0.1842913225455503,,1.2787090971089894,1.0140274784545764,279.982604821523,6.8068189281010545,,6.8068189281010545,6.792537070679055,0.05012471804136704,0.0501248799264431,0.05019484832882881,0.050351645797491074,0.36341984307429537,0.35858113815059006,0.6460596641641771,,,,,,,,,,,,,,,,,,,,,,,,6.688433652452643e-05,5.4198601994009754e-05,289
bayesfl_observability_v1,vi_lr0p0002_b128_e2,8,vi,215,17,42,,2,128,112.38391494750977,,1.9191605342742801,1.9191605342742801,,,0.09791432536070664,0.00040027499198913574,0.9998960965896442,0.09791432536070664,,1.521719365805568,0.7932357448939426,112.38391494750977,1.9191605342742801,,1.9191605342742801,6.792383618308324,0.05011621622100196,0.050116077065467834,0.050178032368421555,0.05031242594122887,0.3635338864055261,0.3585415342184296,0.6464616971448344,,,,,,,,,,,,,,,,,,,,,,,,1.88578218951978e-05,4.78286049033058e-05,42
bayesfl_observability_v1,vi_lr0p0002_b128_e2,8,vi,113,9,2,,2,128,4.8610923290252686,,1.9147832588949292,1.9147832588949292,,,0.09780303377958291,0.00040027499198913574,0.9998963172467971,0.09780303377958291,,-0.0,2.3277319754160017,4.8610923290252686,1.9147832588949292,,1.9147832588949292,6.791961566239662,0.0501163077561103,0.050116125494241714,0.050178393721580505,0.05032119154930115,0.36347900200917904,0.35840755499517774,0.6460597233506776,,,,,,,,,,,,,,,,,,,,,,,,1.8814810444088917e-05,4.788788023064029e-05,2
bayesfl_observability_v1,vi_lr0p0002_b128_e2,8,vi,120,9,855,,2,128,365.40796756744385,,16.19572766048414,16.19572766048414,,,0.28416607432066116,0.002753615379333496,0.9991254527665341,0.28416607432066116,,1.0262410776633744,1.2672530622969025,365.40796756744385,16.19572766048414,,16.19572766048414,6.796064652761083,0.05013412310483502,0.050133608281612396,0.05022038146853447,0.050394706428050995,0.3635287528109149,0.35846600769205006,0.6459135271831474,,,,,,,,,,,,,,,,,,,,,,,,0.00015914048993302682,6.596563737481959e-05,855
bayesfl_observability_v1,vi_lr0p0002_b128_e2,8,vi,74,5,70,,2,128,164.82781553268433,,1.9216273319585613,1.9216273319585613,,,0.09797842046349735,0.0004002717323601246,0.9998959519749543,0.09797842046349735,,1.1534898214385076,1.1546999842430363,164.82781553268433,1.9216273319585613,,1.9216273319585613,6.792164277422952,0.05011624509205668,0.05011603981256485,0.050178393721580505,0.050321854650974274,0.3635105794360468,0.35845428598190415,0.6463677751139395,,,,,,,,,,,,,,,,,,,,,,,,1.888206084267035e-05,4.7931167641702805e-05,70
bayesfl_observability_v1,vi_lr0p0002_b128_e2,8,vi,206,16,6,,2,128,15.743886947631836,,1.9104461702407436,1.9104461702407436,,,0.09769119359777712,0.0004002721980214119,0.999896565604308,0.09769119359777712,,0.6365141682948128,1.6395997169315697,15.743886947631836,1.9104461702407436,,1.9104461702407436,6.792281769325056,0.05011627853042639,0.05011611990630627,0.05017790347337723,0.05032200738787651,0.36352631878032277,0.3585195014352959,0.646353347711144,,,,,,,,,,,,,,,,,,,,,,,,1.8772193870892636e-05,4.777255249790469e-05,6
bayesfl_observability_v1,vi_lr0p0002_b128_e2,8,vi,180,14,9,,2,128,24.321245193481445,,1.908671520245175,1.908671520245175,,,0.09764601098942305,0.00040027499198913574,0.9998966675862486,0.09764601098942305,,-0.0,2.3096097079310103,24.321245193481445,1.908671520245175,,1.908671520245175,6.79243733786832,0.0501162036448802,0.05011594668030739,0.05017809942364693,0.05031157284975052,0.36354049080674794,0.35849334384082027,0.6461605086921385,,,,,,,,,,,,,,,,,,,,,,,,1.8754756020882135e-05,4.783394436885708e-05,9
bayesfl_observability_v1,vi_lr0p0002_b128_e2,9,vi,192,15,5,,2,128,9.167382717132568,,1.91302847659371,1.91302847659371,,,0.09778973574322608,0.00040027499198913574,0.9998963490752494,0.09778973574322608,,-0.0,2.3277319754160017,9.167382717132568,1.91302847659371,,1.91302847659371,6.792051569638475,0.05013339352333043,0.05013341084122658,0.05020077899098396,0.050342269241809845,0.3633608481709195,0.358358671607837,0.6461929686176184,,,,,,,,,,,,,,,,,,,,,,,,1.879756781560096e-05,5.204630586532815e-05,5
bayesfl_observability_v1,vi_lr0p0002_b128_e2,9,vi,193,15,49,,2,128,160.37555503845215,,1.9106732469003265,1.9106732469003265,,,0.09772978598198327,0.00040027499198913574,0.9998964967218168,0.09772978598198327,,0.7946603084287958,1.5090944792576573,160.37555503845215,1.9106732469003265,,1.9106732469003265,6.792710342333285,0.05013322679750007,0.0501331202685833,0.05020051822066307,0.05035093054175377,0.3634130366643273,0.35817751828812516,0.6460441213326504,,,,,,,,,,,,,,,,,,,,,,,,1.8774425143955258e-05,5.2122805510806806e-05,49
bayesfl_observability_v1,vi_lr0p0002_b128_e2,9,vi,265,21,52,,2,128,124.46508026123047,,1.908670281594517,1.908670281594517,,,0.0976785714297242,0.00040027499198913574,0.9998965918837867,0.0976785714297242,,1.03127351150664,1.2200074472909117,124.46508026123047,1.908670281594517,,1.908670281594517,6.792321026421809,0.05013331480626625,0.05013322830200195,0.05020075663924217,0.0503426194190979,0.36336717786155953,0.35829324368483373,0.6461996873612507,,,,,,,,,,,,,,,,,,,,,,,,1.8754743849803646e-05,5.216501842151396e-05,52
bayesfl_observability_v1,vi_lr0p0002_b128_e2,9,vi,43,3,1,,2,128,3.263717770576477,,1.916803402954926,1.916803402954926,,,0.09788715748638942,0.00040027499198913574,0.999896159547192,0.09788715748638942,,-0.0,2.3163460082440825,3.263717770576477,1.916803402954926,,1.916803402954926,6.792616046802106,0.05013327521375504,0.05013309419155121,0.050200872123241425,0.05035844445228577,0.36340543361033656,0.35830042816587093,0.6461779865797936,,,,,,,,,,,,,,,,,,,,,,,,1.8834660538026195e-05,5.21959950842645e-05,1
bayesfl_observability_v1,vi_lr0p0002_b128_e2,9,vi,45,3,2,,2,128,6.236247658729553,,1.9104288773975167,1.9104288773975167,,,0.09772357105795723,0.00040027499198913574,0.9998964882606433,0.09772357105795723,,0.6931471805599453,1.619408415869196,6.236247658729553,1.9104288773975167,,1.9104288773975167,6.792008011268231,0.050133277984021035,0.050133269280195236,0.05020076781511307,0.05035851523280144,0.363381498565124,0.35798452936767455,0.6458488893174613,,,,,,,,,,,,,,,,,,,,,,,,1.877202395005912e-05,5.219313869630416e-05,2
bayesfl_observability_v1,vi_lr0p0002_b128_e2,9,vi,83,6,165,,2,128,191.32214951515198,,4.325708744562197,4.325708744562197,,,0.14699836563250657,0.0008020605891942978,0.9997658717291313,0.14699836563250657,,0.7163703465940834,1.5113752911057265,191.32214951515198,4.325708744562197,,4.325708744562197,6.793524448987749,0.05013800409715009,0.05013800784945488,0.05020881071686745,0.0503750741481781,0.3634141298932189,0.35790294496000896,0.6461495315579717,,,,,,,,,,,,,,,,,,,,,,,,4.250475331199958e-05,5.499426172373769e-05,165
bayesfl_observability_v1,vi_lr0p0002_b128_e2,9,vi,279,22,12,,2,128,23.658353328704834,,1.9114061944257656,1.9114061944257656,,,0.09774927180423401,0.00040027499198913574,0.9998964440968056,0.09774927180423401,,0.6172417697303416,1.6358465807671725,23.658353328704834,1.9114061944257656,,1.9114061944257656,6.792385238092168,0.05013330556163827,0.05013323575258255,0.05020064860582352,0.05034227669239044,0.3633800003704349,0.3583550149457783,0.646270198550892,,,,,,,,,,,,,,,,,,,,,,,,1.878162714381218e-05,5.215640904613092e-05,12
bayesfl_observability_v1,vi_lr0p0002_b128_e2,9,vi,151,12,210,,2,128,225.05046129226685,,4.33096212999109,4.33096212999109,,,0.1470881347748658,0.0008022133260965347,0.9997655579577422,0.1470881347748658,,0.14950144571405588,2.251522034186354,225.05046129226685,4.33096212999109,,4.33096212999109,6.793135103632227,0.05013819730856089,0.05013841390609741,0.050208959728479385,0.050351668149232864,0.3633757996338039,0.35838142505131065,0.6461470527481855,,,,,,,,,,,,,,,,,,,,,,,,4.25563734891529e-05,5.4836756312084623e-05,210
bayesfl_observability_v1,vi_lr0p0002_b128_e2,9,vi,228,18,56,,2,128,118.84827136993408,,1.9127466296286477,1.9127466296286477,,,0.09778284264698411,0.00040027499198913574,0.9998963703462268,0.09778284264698411,,0.42008907680192553,1.7809840036757387,118.84827136993408,1.9127466296286477,,1.9127466296286477,6.792299714642384,0.05013340058545883,0.05013331212103367,0.0502006858587265,0.05034242942929268,0.36337953754502184,0.3584357140343606,0.6462788265063273,,,,,,,,,,,,,,,,,,,,,,,,1.8794798365222046e-05,5.212341814473293e-05,56
bayesfl_observability_v1,vi_lr0p0002_b128_e2,9,vi,235,18,231,,2,128,282.28151297569275,,4.3390930942217105,4.3390930942217105,,,0.14722571276451785,0.000802215188741684,0.9997651436305852,0.14722571276451785,,0.696711248923874,1.5968824956831422,282.28151297569275,4.3390930942217105,,4.3390930942217105,6.7934815227891,0.050138012050939554,0.050137992948293686,0.05020881071686745,0.05036378651857376,0.3634263217671498,0.3583646259059011,0.6461585738001964,,,,,,,,,,,,,,,,,,,,,,,,4.2636268981249e-05,5.487491689149939e-05,231
bayesfl_observability_v1,vi_lr0p0002_b128_e2,9,vi,140,11,4,,2,128,9.20563554763794,,1.9168390204876713,1.9168390204876713,,,0.0978879738177331,0.0004002731293439865,0.9998961520509249,0.0978879738177331,,0.5623351446188083,1.7521899758935873,9.20563554763794,1.9168390204876713,,1.9168390204876713,6.792449477901512,0.05013329658572755,0.05013328418135643,0.05020064972341061,0.05035475641489029,0.36338607786438115,0.3582482796795661,0.6462211245429323,,,,,,,,,,,,,,,,,,,,,,,,1.8835010518695796e-05,5.210126313933509e-05,4
bayesfl_observability_v1,vi_lr0p0002_b128_e2,9,vi,141,11,30,,2,128,77.33577299118042,,1.91325298993128,1.91325298993128,,,0.09779679345183873,0.0004002717323601246,0.9998963586337842,0.09779679345183873,,1.5190465305721117,0.7674065092926465,77.33577299118042,1.91325298993128,,1.91325298993128,6.792809329430865,0.05013331445573683,0.05013338103890419,0.05020051822066307,0.05035150423645973,0.36342533206260863,0.358195729921959,0.6462553887823399,,,,,,,,,,,,,,,,,,,,,,,,1.879977390126049e-05,5.213246720717057e-05,30
bayesfl_observability_v1,vi_lr0p0002_b128_e2,9,vi,147,11,14,,2,128,38.55805015563965,,1.9126849197487152,1.9126849197487152,,,0.0977815898242387,0.00040027499198913574,0.99989637536554,0.0977815898242387,,0.8918673953172509,1.3950007042270034,38.55805015563965,1.9126849197487152,,1.9126849197487152,6.792377557311731,0.05013332519531279,0.05013318732380867,0.05020093247294426,0.050342269241809845,0.3633958862673004,0.35819254006403517,0.6461485599622596,,,,,,,,,,,,,,,,,,,,,,,,1.8794191999103028e-05,5.2137303920987856e-05,14
bayesfl_observability_v1,vi_lr0p0002_b128_e2,9,vi,202,16,344,,2,128,318.7072790463765,,6.817774181307833,6.817774181307833,,,0.18450777532729534,0.0012017861008644104,0.9996311916746198,0.18450777532729534,,0.7151651242351365,1.5572907521493602,318.7072790463765,6.817774181307833,,6.817774181307833,6.794215742850152,0.0501416836617705,0.050141721963882446,0.050216540694236755,0.05037698522210121,0.36344931976387596,0.35823114178583093,0.6461493663482857,,,,,,,,,,,,,,,,,,,,,,,,6.69919837015607e-05,5.798601690477481e-05,344
bayesfl_observability_v1,vi_lr0p0002_b128_e2,9,vi,96,7,406,,2,128,227.81904065608978,,9.23078987226145,9.23078987226145,,,0.2146518119055747,0.0015994529239833355,0.9995009964494873,0.2146518119055747,,0.976478358472114,1.3250720199394128,227.81904065608978,9.23078987226145,,9.23078987226145,6.795492414443865,0.05014475496917585,0.050144728273153305,0.05022333674132824,0.05039556324481964,0.36341610958555404,0.3582079950419351,0.6460089338264908,,,,,,,,,,,,,,,,,,,,,,,,9.070246509051244e-05,6.092319735967934e-05,406
bayesfl_observability_v1,vi_lr0p0002_b128_e2,10,vi,55,4,63,,2,128,174.9212565422058,,1.9165355022537356,1.9165355022537356,,,0.09790668419067872,0.00040027499198913574,0.9998961285980088,0.09790668419067872,,1.1559825345480084,1.158099049240569,174.9212565422058,1.9165355022537356,,1.9165355022537356,6.792984457730326,0.05014652835363148,0.05014643445611,0.05021535977721214,0.05037319287657738,0.3633350578328709,0.3580458128464198,0.6459964393696166,,,,,,,,,,,,,,,,,,,,,,,,1.8832028124729642e-05,5.3481960274951765e-05,63
bayesfl_observability_v1,vi_lr0p0002_b128_e2,10,vi,88,7,205,,2,128,219.64553904533386,,4.332900624364027,4.332900624364027,,,0.1471590412080344,0.0008021362591534853,0.9997654536946626,0.1471590412080344,,0.7902076087663292,1.5291533326690006,219.64553904533386,4.332900624364027,,4.332900624364027,6.794770160722896,0.0501512421465443,0.05015120282769203,0.050223756581544876,0.05037780851125717,0.3633646874121008,0.3584201764398801,0.6460495305695587,,,,,,,,,,,,,,,,,,,,,,,,4.2575421286862795e-05,5.622723330842834e-05,205
bayesfl_observability_v1,vi_lr0p0002_b128_e2,10,vi,262,21,160,,2,128,218.09901189804077,,4.3328451964316725,4.3328451964316725,,,0.14715784494529296,0.0008022282272577286,0.9997653944074173,0.14715784494529296,,0.9542672572047401,1.3332467097968215,218.09901189804077,4.3328451964316725,,4.3328451964316725,6.793984528796735,0.050151249871698965,0.050151340663433075,0.05022367462515831,0.050374552607536316,0.3633494900115196,0.3584989517812186,0.6460373563854119,,,,,,,,,,,,,,,,,,,,,,,,4.257487664765326e-05,5.6209055345298795e-05,160
bayesfl_observability_v1,vi_lr0p0002_b128_e2,10,vi,267,21,306,,2,128,275.66631539662677,,6.851779195916447,6.851779195916447,,,0.18501907249698088,0.0012006796896457672,0.9996292554510949,0.18501907249698088,,0.49629795412582844,1.8891532045272958,275.66631539662677,6.851779195916447,,6.851779195916447,6.795214805564496,0.05015478394489995,0.05015502870082855,0.05023114122450352,0.050392553210258484,0.36338594058993723,0.3583720108711002,0.6456197199004028,,,,,,,,,,,,,,,,,,,,,,,,6.732611964150975e-05,5.918987056505315e-05,306
bayesfl_observability_v1,vi_lr0p0002_b128_e2,10,vi,224,17,90,,2,128,239.7278347015381,,1.917298037352583,1.917298037352583,,,0.09792602497570052,0.00040027499198913574,0.9998960790910334,0.09792602497570052,,0.6694250749067785,1.6387902561312846,239.7278347015381,1.917298037352583,,1.917298037352583,6.792677734407384,0.05014644629918013,0.05014617741107941,0.05021525993943214,0.05035997927188873,0.36331349012978204,0.358121797793197,0.6460725947913347,,,,,,,,,,,,,,,,,,,,,,,,1.88395208544029e-05,5.343260761508648e-05,90
bayesfl_observability_v1,vi_lr0p0002_b128_e2,10,vi,25,2,59,,2,128,154.59197187423706,,1.9140387939508983,1.9140387939508983,,,0.0978434607747176,0.00040027499198913574,0.9998962498371305,0.0978434607747176,,0.8243222826562666,1.4886055708722064,154.59197187423706,1.9140387939508983,,1.9140387939508983,6.792477458271504,0.05014645117804023,0.05014635995030403,0.05021512508392334,0.05036335065960884,0.3633129832901248,0.3580330496048299,0.6460948581533491,,,,,,,,,,,,,,,,,,,,,,,,1.8807495273173806e-05,5.3448121641813505e-05,59
bayesfl_observability_v1,vi_lr0p0002_b128_e2,10,vi,169,13,10,,2,128,24.027820587158203,,1.910678411417421,1.910678411417421,,,0.0977554564236102,0.00040027499198913574,0.9998964664764652,0.0977554564236102,,0.6001660731596457,1.7098339961345228,24.027820587158203,1.910678411417421,,1.910678411417421,6.7934624912045,0.05014648085305044,0.05014635995030403,0.0502154678106308,0.05036233365535736,0.3633533409693617,0.35829083999074596,0.645814924109925,,,,,,,,,,,,,,,,,,,,,,,,1.8774475890905188e-05,5.347196022283797e-05,10
bayesfl_observability_v1,vi_lr0p0002_b128_e2,10,vi,175,14,34,,2,128,73.71255588531494,,1.9140246763358895,1.9140246763358895,,,0.09784180060977958,0.00040027499198913574,0.9998962763573273,0.09784180060977958,,0.12425083738963087,2.2773014559616316,73.71255588531494,1.9140246763358895,,1.9140246763358895,6.793281346545413,0.05014647063183781,0.05014638043940067,0.05021555721759796,0.05036337673664093,0.36333388508254594,0.35844757722633724,0.6460273922728017,,,,,,,,,,,,,,,,,,,,,,,,1.8807356552381737e-05,5.348394669103989e-05,34
bayesfl_observability_v1,vi_lr0p0002_b128_e2,10,vi,160,12,379,,2,128,258.81511036554974,,6.7749415846007555,6.7749415846007555,,,0.1839714223600695,0.0012015067040920258,0.9996333157282696,0.1839714223600695,,1.1782151454192733,1.120809894534982,258.81511036554974,6.7749415846007555,,6.7749415846007555,6.793997074481483,0.05015487585411133,0.05015489459037781,0.05023131594061851,0.05039535462856293,0.36328174914817923,0.35821861195858656,0.6459389490482846,,,,,,,,,,,,,,,,,,,,,,,,6.657110724772287e-05,5.921987863284978e-05,379
bayesfl_observability_v1,vi_lr0p0002_b128_e2,10,vi,107,8,2,,2,128,6.119006156921387,,1.9136707997538984,1.9136707997538984,,,0.09783326869892654,0.00040027499198913574,0.9998962888370839,0.09783326869892654,,-0.0,2.311121424016332,6.119006156921387,1.9136707997538984,,1.9136707997538984,6.793123770992947,0.05014641224745713,0.05014627054333687,0.05021534860134125,0.05036750063300133,0.3633288229759838,0.3580387965962623,0.6461145608939678,,,,,,,,,,,,,,,,,,,,,,,,1.8803879333338887e-05,5.3455275533847754e-05,2
bayesfl_observability_v1,vi_lr0p0002_b128_e2,10,vi,9,0,107,,2,128,190.09900522232056,,1.9095660259442973,1.9095660259442973,,,0.09772821265642312,0.00040027499198913574,0.9998965088531591,0.09772821265642312,,0.20393077072313337,2.077417173602598,190.09900522232056,1.9095660259442973,,1.9095660259442973,6.7930444833965895,0.05014643652440201,0.05014627054333687,0.050215572118759155,0.05035819113254547,0.3633389670581222,0.3582559166501025,0.6455649913378463,,,,,,,,,,,,,,,,,,,,,,,,1.8763545504021786e-05,5.3513514358436744e-05,107
bayesfl_observability_v1,vi_lr0p0002_b128_e2,10,vi,287,23,262,,2,128,249.87720012664795,,6.829469315720482,6.829469315720482,,,0.18471446016273266,0.0012014731764793396,0.9996303722146216,0.18471446016273266,,-0.0,2.3163460082440825,249.87720012664795,6.829469315720482,,6.829469315720482,6.794257827582963,0.050154949874791306,0.05015502870082855,0.05023110285401344,0.05040539801120758,0.36331962889150216,0.35834581352100286,0.6457960672323321,,,,,,,,,,,,,,,,,,,,,,,,6.710690100933952e-05,5.9316147710036754e-05,262
bayesfl_observability_v1,vi_lr0p0002_b128_e2,10,vi,115,9,475,,2,128,350.0753027200699,,9.316106588570412,9.316106588570412,,,0.21570673557737213,0.0015961043536663055,0.9994960810347099,0.21570673557737213,,0.6676113069747761,1.6615326749486288,350.0753027200699,9.316106588570412,,9.316106588570412,6.795523989116057,0.050157658673235,0.050157833844423294,0.050238121300935745,0.05040235072374344,0.3633688613275262,0.3583742861200465,0.6455873531384078,,,,,,,,,,,,,,,,,,,,,,,,9.154079383482766e-05,6.21739228730439e-05,475
bayesfl_observability_v1,vi_lr0p0002_b128_e2,10,vi,117,9,8,,2,128,18.776063442230225,,1.9110331306108037,1.9110331306108037,,,0.09776495534077365,0.00040027499198913574,0.9998964332822022,0.09776495534077365,,0.5623351446188083,1.7518051301834499,18.776063442230225,1.9110331306108037,,1.9110331306108037,6.79311338098917,0.05014645511919018,0.05014638602733612,0.05021531507372856,0.05036652460694313,0.36332669747764884,0.3581384961187741,0.6458774083039774,,,,,,,,,,,,,,,,,,,,,,,,1.8777961389513646e-05,5.3558989243882303e-05,8
bayesfl_observability_v1,vi_lr0p0002_b128_e2,10,vi,203,16,396,,2,128,248.44988894462585,,9.126713606941356,9.126713606941356,,,0.21348633291277624,0.001592487096786499,0.9995062420938581,0.21348633291277624,,1.5571176369237727,0.7668056340182599,248.44988894462585,9.126713606941356,,9.126713606941356,6.794273836879371,0.0501578256807408,0.050157580524683,0.05023789405822754,0.05041380226612091,0.3632860514272971,0.35848747951302207,0.6456907317365648,,,,,,,,,,,,,,,,,,,,,,,,8.967980354663808e-05,6.212271373616122e-05,396
bayesfl_observability_v1,vi_lr0p0002_b128_e2,11,vi,22,1,257,,2,128,206.7001877029737,,6.829195246107035,6.829195246107035,,,0.18476257376135033,0.0012018103152513504,0.9996302340788306,0.18476257376135033,,0.4385302006761509,1.8631715997773055,206.7001877029737,6.829195246107035,,6.829195246107035,6.794784721621114,0.05016907514762501,0.05016939714550972,0.050246432423591614,0.05041299760341644,0.3632534742992899,0.35771921646589655,0.6457293601584729,,,,,,,,,,,,,,,,,,,,,,,,6.71042079798274e-05,6.017837998707236e-05,257
bayesfl_observability_v1,vi_lr0p0002_b128_e2,11,vi,27,2,611,,2,128,316.60045967102053,,11.871388534653386,11.871388534653386,,,0.2435485982566565,0.001959964632987976,0.9993578032035862,0.2435485982566565,,0.08162587036147914,2.2275297802473157,316.60045967102053,11.871388534653386,,11.871388534653386,6.796827211291733,0.05017452448635043,0.050174612551927567,0.050260040909051895,0.050442490726709366,0.3633185701705813,0.3583875761491163,0.6455831753000757,,,,,,,,,,,,,,,,,,,,,,,,0.0001166491946020771,6.592552035731276e-05,611
bayesfl_observability_v1,vi_lr0p0002_b128_e2,11,vi,284,22,252,,2,128,273.5161283016205,,4.329436419736115,4.329436419736115,,,0.14714103917967183,0.0008022859692573547,0.9997654088920889,0.14714103917967183,,0.042414731858117456,2.1445043425723562,273.5161283016205,4.329436419736115,,4.329436419736115,6.793375851468507,0.050165483491326684,0.05016547441482544,0.050239422172307965,0.05041547492146492,0.36319240752137016,0.3579926768688898,0.6455379940204253,,,,,,,,,,,,,,,,,,,,,,,,4.254138174055335e-05,5.7293213246720156e-05,252
bayesfl_observability_v1,vi_lr0p0002_b128_e2,11,vi,299,23,48,,2,128,107.86831903457642,,1.9114448264055333,1.9114448264055333,,,0.09780323464810178,0.0004002717323601246,0.9998963764031148,0.09780323464810178,,-0.0,2.185987945410232,107.86831903457642,1.9114448264055333,,1.9114448264055333,6.793734876152427,0.05016071444829924,0.05016062408685684,0.05023108050227165,0.050404977053403854,0.3632791298197565,0.35819980821949626,0.645740467556197,,,,,,,,,,,,,,,,,,,,,,,,1.8782006744674593e-05,5.454383086031976e-05,48
bayesfl_observability_v1,vi_lr0p0002_b128_e2,11,vi,142,11,1305,,2,128,319.1957725178112,,24.654142736230845,24.654142736230845,,,0.35086651587823436,0.004188967868685722,0.9986671421984022,0.35086651587823436,,1.0393456977703441,1.2528709717652187,319.1957725178112,24.654142736230845,,24.654142736230845,6.797580134241603,0.050184230648667144,0.05018215253949165,0.050289300829172136,0.05050007626414299,0.3631846744816222,0.3580548051611072,0.6454673954562319,,,,,,,,,,,,,,,,,,,,,,,,0.00024225353970945118,7.98166638537038e-05,1305
bayesfl_observability_v1,vi_lr0p0002_b128_e2,11,vi,162,13,1,,2,128,3.2132166624069214,,1.911738810042368,1.911738810042368,,,0.09781033247892776,0.00040027499198913574,0.999896324861235,0.09781033247892776,,-0.0,2.3155014849272724,3.2132166624069214,1.911738810042368,,1.911738810042368,6.7926773381197725,0.05016073787084693,0.050160717219114304,0.050231289118528366,0.050375379621982574,0.363205655480638,0.35839174389134826,0.6460354453515482,,,,,,,,,,,,,,,,,,,,,,,,1.8784895450942008e-05,5.4568226563940857e-05,1
bayesfl_observability_v1,vi_lr0p0002_b128_e2,11,vi,188,15,69,,2,128,214.33056831359863,,1.9141292416524234,1.9141292416524234,,,0.09787308676719615,0.00040027499198913574,0.9998962040010355,0.09787308676719615,,0.7873390100049964,1.5118297685691615,214.33056831359863,1.9141292416524234,,1.9141292416524234,6.793116345053968,0.05016065953553625,0.05016044154763222,0.05023123323917389,0.050368256866931915,0.3632514001139804,0.3580942707038423,0.6458741163059267,,,,,,,,,,,,,,,,,,,,,,,,1.8808384019381185e-05,5.457965714991377e-05,69
bayesfl_observability_v1,vi_lr0p0002_b128_e2,11,vi,126,10,285,,2,128,215.56782722473145,,6.77593136575071,6.77593136575071,,,0.18403599851812102,0.0012039244174957275,0.9996331362792995,0.18403599851812102,,0.8109234426674724,1.4398861295926373,215.56782722473145,6.77593136575071,,6.77593136575071,6.794777330644694,0.050169065365123236,0.050169046968221664,0.05024673417210579,0.05040187016129494,0.3632365975055043,0.35817250437664283,0.6454807238725061,,,,,,,,,,,,,,,,,,,,,,,,6.658083291491314e-05,6.0212175245295576e-05,285
bayesfl_observability_v1,vi_lr0p0002_b128_e2,11,vi,109,8,28,,2,128,69.62501811981201,,1.9153597227257626,1.9153597227257626,,,0.09790261242906793,0.0004002731293439865,0.999896144511586,0.09790261242906793,,0.8583093118876355,1.4436829998723784,69.62501811981201,1.9153597227257626,,1.9153597227257626,6.79321003467749,0.05016074065992789,0.05016058683395386,0.05023110285401344,0.050404857844114304,0.3632359162236421,0.35819311722744845,0.6458816234347708,,,,,,,,,,,,,,,,,,,,,,,,1.882047482289243e-05,5.4544815840805684e-05,28
bayesfl_observability_v1,vi_lr0p0002_b128_e2,11,vi,7,0,152,,2,128,173.02880835533142,,4.29730930497899,4.29730930497899,,,0.14659281382251022,0.000801650807261467,0.999767208516899,0.14659281382251022,,1.264349492321815,1.032554209297049,173.02880835533142,4.29730930497899,,4.29730930497899,6.794202512777354,0.05016540376707609,0.05016551539301872,0.050239060819149015,0.050410039722919464,0.3632370187968388,0.358178965511399,0.6455380036942983,,,,,,,,,,,,,,,,,,,,,,,,4.2225698191795126e-05,5.730912915412055e-05,152
bayesfl_observability_v1,vi_lr0p0002_b128_e2,11,vi,63,5,8,,2,128,22.684671878814697,,1.9192215607415584,1.9192215607415584,,,0.09800308058257846,0.00040027499198913574,0.999895936127351,0.09800308058257846,,-0.0,2.3292713582565514,22.684671878814697,1.9192215607415584,,1.9192215607415584,6.793345585989229,0.05016064698771016,0.05016058683395386,0.050231223180890086,0.05040517449378967,0.3632486810867237,0.3583167552145249,0.6456663645341766,,,,,,,,,,,,,,,,,,,,,,,,1.885842154605049e-05,5.455254044866556e-05,8
bayesfl_observability_v1,vi_lr0p0002_b128_e2,11,vi,46,3,44,,2,128,109.1702995300293,,1.9129973546247192,1.9129973546247192,,,0.09784430218499388,0.00040027499198913574,0.9998962669910473,0.09784430218499388,,0.7751254239840702,1.531153988824562,109.1702995300293,1.9129973546247192,,1.9129973546247192,6.793174814832642,0.05016058441128889,0.05016039311885834,0.05023080110549927,0.05038296803832054,0.3632407966967559,0.3581805761083798,0.6457052119238852,,,,,,,,,,,,,,,,,,,,,,,,1.879726200869332e-05,5.4580342869953725e-05,44
bayesfl_observability_v1,vi_lr0p0002_b128_e2,11,vi,78,6,10,,2,128,23.791521072387695,,1.9089255442300308,1.9089255442300308,,,0.09773853313374847,0.0004002717323601246,0.9998964800337877,0.09773853313374847,,0.6554817739013927,1.6692820093029912,23.791521072387695,1.9089255442300308,,1.9089255442300308,6.792801124712153,0.050160643694285585,0.05016040802001953,0.050231173634529114,0.05037141963839531,0.3632315521772293,0.3582617841756346,0.6455296642616709,,,,,,,,,,,,,,,,,,,,,,,,1.8757252080475885e-05,5.4510363842971375e-05,10
bayesfl_observability_v1,vi_lr0p0002_b128_e2,11,vi,212,17,239,,2,128,318.78995847702026,,4.3403727348169125,4.3403727348169125,,,0.1473290675891172,0.0008022766560316086,0.9997648583950107,0.1473290675891172,,0.8353546496930009,1.4841423980608157,318.78995847702026,4.3403727348169125,,4.3403727348169125,6.7941288496619805,0.05016541110403478,0.050165653228759766,0.05023894086480141,0.05042136088013649,0.36326328782532,0.35848735500192275,0.6455102301427805,,,,,,,,,,,,,,,,,,,,,,,,4.264884283007677e-05,5.727276886225134e-05,239
bayesfl_observability_v1,vi_lr0p0002_b128_e2,11,vi,273,21,112,,2,128,234.83697700500488,,1.9142441042890945,1.9142441042890945,,,0.09787545040618394,0.00040027499198913574,0.9998961860512731,0.09787545040618394,,0.04690514858239692,2.1408414767998805,234.83697700500488,1.9142441042890945,,1.9142441042890945,6.792645791809018,0.050160668406390635,0.05016053467988968,0.050231337547302246,0.05040440335869789,0.36322070231139686,0.3581648002132788,0.6455832399202174,,,,,,,,,,,,,,,,,,,,,,,,1.880951266865574e-05,5.4548907202807566e-05,112
bayesfl_observability_v1,vi_lr0p0002_b128_e2,12,vi,275,22,84,,2,128,197.7011284828186,,1.9124686134939153,1.9124686134939153,,,0.09786973884144924,0.00040027499198913574,0.9998961982951712,0.09786973884144924,,1.0439788738046754,1.2487548086232239,197.7011284828186,1.9124686134939153,,1.9124686134939153,6.792616790414945,0.05018085667916016,0.05018077418208122,0.05025767162442207,0.050420600920915604,0.3630625597023393,0.35785578642041216,0.6458911853564158,,,,,,,,,,,,,,,,,,,,,,,,1.8792066556882336e-05,5.9711259073205785e-05,84
bayesfl_observability_v1,vi_lr0p0002_b128_e2,12,vi,39,3,138,,2,128,189.45323181152344,,4.30419525035157,4.30419525035157,,,0.14677052573928984,0.0008023269474506378,0.9997666418876984,0.14677052573928984,,0.778571268152444,1.5315510853062817,189.45323181152344,4.30419525035157,,4.30419525035157,6.794184381787313,0.05018565731709319,0.05018565058708191,0.050265548005700114,0.05041809380054474,0.36308606522762776,0.357768194897236,0.6456732821603334,,,,,,,,,,,,,,,,,,,,,,,,4.229336003096757e-05,6.220003163688753e-05,138
bayesfl_observability_v1,vi_lr0p0002_b128_e2,12,vi,49,3,150,,2,128,194.90363001823425,,4.319699734074816,4.319699734074816,,,0.14703526131344566,0.0008022846304811537,0.9997658056434422,0.14703526131344566,,0.920597656574196,1.3497719675351394,194.90363001823425,4.319699734074816,,4.319699734074816,6.79427169748155,0.05018569254347046,0.05018527805805206,0.05026593804359436,0.0504249706864357,0.36312445327029397,0.358366156539883,0.6453893255090702,,,,,,,,,,,,,,,,,,,,,,,,4.244570830377141e-05,6.208094028906155e-05,150
bayesfl_observability_v1,vi_lr0p0002_b128_e2,12,vi,102,8,8,,2,128,19.612494468688965,,1.9092915929378556,1.9092915929378556,,,0.09778684369580277,0.00040027499198913574,0.9998963743081204,0.09778684369580277,,1.0735428464085233,1.2939773289156493,19.612494468688965,1.9092915929378556,,1.9092915929378556,6.792629077627531,0.050180847287709544,0.05018087849020958,0.05025767162442207,0.0504271425306797,0.3630612665429387,0.3579042148907611,0.645857404581964,,,,,,,,,,,,,,,,,,,,,,,,1.876084890378162e-05,5.972548612099722e-05,8
bayesfl_observability_v1,vi_lr0p0002_b128_e2,12,vi,105,8,413,,2,128,259.4050203561783,,9.149747221665077,9.149747221665077,,,0.2139066087151446,0.0015821605920791626,0.9995046230035238,0.2139066087151446,,1.5226552204244723,0.7426563375743231,259.4050203561783,9.149747221665077,,9.149747221665077,6.7966007145963765,0.05019222323762518,0.05019215680658817,0.05027919001877308,0.05046946182847023,0.36314098602833916,0.35801150676552,0.6454810372478484,,,,,,,,,,,,,,,,,,,,,,,,8.990613365102759e-05,6.763124013770965e-05,413
bayesfl_observability_v1,vi_lr0p0002_b128_e2,12,vi,53,4,385,,2,128,188.1347690075636,,9.144280232667914,9.144280232667914,,,0.21383774874537806,0.0016049537807703018,0.9995046715992624,0.21383774874537806,,0.6199400754114299,1.6563453455408537,188.1347690075636,9.144280232667914,,9.144280232667914,6.79471662095019,0.05019235515173964,0.05019243434071541,0.05027959123253822,0.0504695326089859,0.3630625270536024,0.35785511948712134,0.6455125237598692,,,,,,,,,,,,,,,,,,,,,,,,8.985241458846334e-05,6.756305790905402e-05,385
bayesfl_observability_v1,vi_lr0p0002_b128_e2,12,vi,131,10,45,,2,128,118.26714324951172,,1.9069987929666172,1.9069987929666172,,,0.09772887042923897,0.00040027499198913574,0.9998965137753144,0.09772887042923897,,0.742378396193409,1.5708860200036903,118.26714324951172,1.9069987929666172,,1.9069987929666172,6.793246297167765,0.05018094823418162,0.05018090084195137,0.05025792494416237,0.05042702332139015,0.36309394843877907,0.3579067271892383,0.6455713824234355,,,,,,,,,,,,,,,,,,,,,,,,1.873831967148096e-05,5.970005910028995e-05,45
bayesfl_observability_v1,vi_lr0p0002_b128_e2,12,vi,132,10,381,,2,128,283.93420187632245,,6.796980654922136,6.796980654922136,,,0.18439948147453358,0.0012005828320980072,0.9996316698609622,0.18439948147453358,,0.9889320457164062,1.276983504145674,283.93420187632245,6.796980654922136,,6.796980654922136,6.794626464302612,0.05018922310954691,0.050189245492219925,0.05027296021580696,0.0504562072455883,0.36308991326445805,0.35816663639631857,0.6453532999621155,,,,,,,,,,,,,,,,,,,,,,,,6.678766488083066e-05,6.494725375277746e-05,381
bayesfl_observability_v1,vi_lr0p0002_b128_e2,12,vi,167,13,86,,2,128,191.2682466506958,,1.9111826749092762,1.9111826749092762,,,0.09783564561344534,0.00040027499198913574,0.9998962957562477,0.09783564561344534,,1.7378293573159467,0.5580381273299192,191.2682466506958,1.9111826749092762,,1.9111826749092762,6.793474639590366,0.0501809371805348,0.050180818885564804,0.0502578366547823,0.05041428282856941,0.36311101656657546,0.358013637943071,0.6458731749775691,,,,,,,,,,,,,,,,,,,,,,,,1.8779430823516518e-05,5.971566325187723e-05,86
bayesfl_observability_v1,vi_lr0p0002_b128_e2,12,vi,0,0,68,,2,128,159.02572059631348,,1.915474533280359,1.915474533280359,,,0.09794746791534634,0.0004002717323601246,0.9998960446725732,0.09794746791534634,,0.07081055490819625,2.2089094885596023,159.02572059631348,1.915474533280359,,1.915474533280359,6.793070194543454,0.050180876646452606,0.050180833786726,0.05025761350989342,0.050426874309778214,0.3630707822433535,0.3580673340221895,0.6456444403646835,,,,,,,,,,,,,,,,,,,,,,,,1.8821602960404433e-05,5.964220286181373e-05,68
bayesfl_observability_v1,vi_lr0p0002_b128_e2,12,vi,97,7,4,,2,128,8.84442400932312,,1.9059330242224357,1.9059330242224357,,,0.0977006128738968,0.0004002717323601246,0.9998965705554976,0.0977006128738968,,0.6931471805599453,1.5580197962672118,8.84442400932312,1.9059330242224357,,1.9059330242224357,6.79315245277545,0.05018096182005215,0.05018074810504913,0.050258046761155126,0.05042706057429314,0.3630880291197033,0.35811061335159744,0.6459239491353933,,,,,,,,,,,,,,,,,,,,,,,,1.872784734423146e-05,5.969637311869665e-05,4
bayesfl_observability_v1,vi_lr0p0002_b128_e2,12,vi,36,2,72,,2,128,192.48170709609985,,1.9119518889943363,1.9119518889943363,,,0.0978561898277978,0.0004002721980214119,0.9998962368859302,0.0978561898277978,,0.8732300140738931,1.4909129377062735,192.48170709609985,1.9119518889943363,,1.9119518889943363,6.793020425610238,0.05018090768891561,0.05018067732453346,0.05025768280029297,0.05042189359664917,0.3631009556032465,0.3580352591515783,0.6455367586819649,,,,,,,,,,,,,,,,,,,,,,,,1.8786989181432016e-05,5.967201043919503e-05,72
bayesfl_observability_v1,vi_lr0p0002_b128_e2,12,vi,219,17,79,,2,128,154.7472186088562,,1.9060076803327695,1.9060076803327695,,,0.09770260185072634,0.00040027499198913574,0.9998965651014313,0.09770260185072634,,0.8512212851081872,1.4493005765096665,154.7472186088562,1.9060076803327695,,1.9060076803327695,6.793112577711572,0.05018092852396605,0.050180938094854355,0.050257870182394984,0.05041640251874924,0.36308345584933654,0.3579704519513627,0.6455394384251281,,,,,,,,,,,,,,,,,,,,,,,,1.8728580921025542e-05,5.974295080011134e-05,79
bayesfl_observability_v1,vi_lr0p0002_b128_e2,12,vi,147,11,14,,2,128,28.927186965942383,,1.9108258211574913,1.9108258211574913,,,0.09782699442168376,0.0004002721980214119,0.9998962998789326,0.09782699442168376,,0.8918673953172509,1.3950007042270034,28.927186965942383,1.9108258211574913,,1.9108258211574913,6.793057590111905,0.05018088150485051,0.050180669873952866,0.05025770515203476,0.05041616037487984,0.36308639679062327,0.3580771562758575,0.6455436255700185,,,,,,,,,,,,,,,,,,,,,,,,1.8775924350569827e-05,5.9686503245127256e-05,14
bayesfl_observability_v1,vi_lr0p0002_b128_e2,12,vi,257,20,1,,2,128,2.434403419494629,,1.9121071815787407,1.9121071815787407,,,0.09786027449703161,0.0004002717323601246,0.9998962324541351,0.09786027449703161,,-0.0,2.4040642619438994,2.434403419494629,1.9121071815787407,,1.9121071815787407,6.793160091708266,0.050180919470672374,0.05018079653382301,0.05025795251131058,0.05042516440153122,0.36309125591417896,0.3578490514120696,0.646076859764658,,,,,,,,,,,,,,,,,,,,,,,,1.8788515098543192e-05,5.97538273726244e-05,1
bayesfl_observability_v1,vi_lr0p0002_b128_e2,13,vi,278,22,61,,2,128,127.2018632888794,,1.910869446334264,1.910869446334264,,,0.09785477959243004,0.00040027499198913574,0.9998962518998967,0.09785477959243004,,0.3945326819623348,1.9802377464173406,127.2018632888794,1.910869446334264,,1.910869446334264,6.7934156394617355,0.05019449414783287,0.05019449070096016,0.05027289688587189,0.05044858157634735,0.36302219724911095,0.357998898310343,0.6453636158068161,,,,,,,,,,,,,,,,,,,,,,,,1.8776353014977538e-05,6.090552322804695e-05,61
bayesfl_observability_v1,vi_lr0p0002_b128_e2,13,vi,9,0,107,,2,128,243.21753692626953,,1.9110862348319262,1.9110862348319262,,,0.09785978330811514,0.00040027499198913574,0.9998962345917674,0.09785978330811514,,0.20393077072313337,2.077417173602598,243.21753692626953,1.9110862348319262,,1.9110862348319262,6.7931663026144,0.050194543261962064,0.0501943901181221,0.05027320235967636,0.05043473094701767,0.36300438740819857,0.35774708303560804,0.6455409177522415,,,,,,,,,,,,,,,,,,,,,,,,1.877848319575441e-05,6.0908504338351436e-05,107
bayesfl_observability_v1,vi_lr0p0002_b128_e2,13,vi,154,12,5,,2,128,11.533535957336426,,1.9112542462158537,1.9112542462158537,,,0.09786512915697268,0.0004002717323601246,0.9998962269617349,0.09786512915697268,,0.9502705392332347,1.3902817953906008,11.533535957336426,1.9112542462158537,,1.9112542462158537,6.7933104336111585,0.0501945790428318,0.05019446462392807,0.05027277022600174,0.05044328793883324,0.3629953914616409,0.35794286664229014,0.6455309094044901,,,,,,,,,,,,,,,,,,,,,,,,1.8780134088787006e-05,6.082859218326695e-05,5
bayesfl_observability_v1,vi_lr0p0002_b128_e2,13,vi,177,14,173,,2,128,201.37418222427368,,4.330376989764577,4.330376989764577,,,0.14725997804098553,0.0008021686226129532,0.9997651165372856,0.14725997804098553,,0.7072416889214992,1.6019064244591992,201.37418222427368,4.330376989764577,,4.330376989764577,6.794664831654548,0.05019932192284202,0.05019914358854294,0.050280825421214106,0.05045311525464058,0.36301813801819477,0.357792717164862,0.6457193299164857,,,,,,,,,,,,,,,,,,,,,,,,4.2550623855405104e-05,6.339657495282316e-05,173
bayesfl_observability_v1,vi_lr0p0002_b128_e2,13,vi,62,5,230,,2,128,271.5066146850586,,4.334139685728354,4.334139685728354,,,0.14732218885729037,0.0008022021502256393,0.9997649133504706,0.14732218885729037,,0.7398855854147172,1.5046979575000918,271.5066146850586,4.334139685728354,,4.334139685728354,6.794602983734768,0.05019927121207617,0.050199273973703384,0.050280723720788956,0.05045987665653229,0.36301997406074643,0.3582043898659259,0.645424078220009,,,,,,,,,,,,,,,,,,,,,,,,4.258759640098608e-05,6.338491158464435e-05,230
bayesfl_observability_v1,vi_lr0p0002_b128_e2,13,vi,201,16,42,,2,128,108.97042942047119,,1.9105484957302286,1.9105484957302286,,,0.09784600943762514,0.00040027499198913574,0.9998962701015536,0.09784600943762514,,1.3298452344417466,0.9647582614250333,108.97042942047119,1.9105484957302286,,1.9105484957302286,6.793402208130011,0.050194634183973345,0.05019441060721874,0.050273358821868896,0.050440408289432526,0.3630037512736848,0.35773036368940814,0.6455147218579714,,,,,,,,,,,,,,,,,,,,,,,,1.8773199329175874e-05,6.0885488982361984e-05,42
bayesfl_observability_v1,vi_lr0p0002_b128_e2,13,vi,131,10,45,,2,128,126.74062442779541,,1.9122539990183889,1.9122539990183889,,,0.09789043164664107,0.00040027499198913574,0.9998961675701609,0.09789043164664107,,0.742378396193409,1.5708860200036903,126.74062442779541,1.9122539990183889,,1.9122539990183889,6.793079582535809,0.050194578626852636,0.05019443854689598,0.05027303099632263,0.05043940618634224,0.3629943991954595,0.3581944211925324,0.6455612327962191,,,,,,,,,,,,,,,,,,,,,,,,1.878995773821744e-05,6.095454104347474e-05,45
bayesfl_observability_v1,vi_lr0p0002_b128_e2,13,vi,59,4,144,,2,128,193.77111196517944,,4.323508203328388,4.323508203328388,,,0.14714307879423796,0.0008020792156457901,0.9997654914595252,0.14714307879423796,,0.47213773126456937,1.8460163725247734,193.77111196517944,4.323508203328388,,4.323508203328388,6.7946923126939005,0.05019909514483422,0.05019909515976906,0.05028060898184776,0.050452157855033875,0.36304316977790074,0.35808445691952595,0.6454959435492559,,,,,,,,,,,,,,,,,,,,,,,,4.24831306212871e-05,6.339580598644058e-05,144
bayesfl_observability_v1,vi_lr0p0002_b128_e2,13,vi,35,2,12,,2,128,28.516837120056152,,1.911011019775287,1.911011019775287,,,0.09785782748497676,0.00040027499198913574,0.999896237045095,0.09785782748497676,,0.8981370031878679,1.419319868930796,28.516837120056152,1.911011019775287,,1.911011019775287,6.793093810521674,0.050194599395465014,0.05019453167915344,0.050273076817393306,0.0504494234919548,0.3629921913536941,0.357861092209055,0.6454652283182556,,,,,,,,,,,,,,,,,,,,,,,,1.87777441267101e-05,6.0898128383082755e-05,12
bayesfl_observability_v1,vi_lr0p0002_b128_e2,13,vi,137,11,171,,2,128,219.00360202789307,,4.3298333438508525,4.3298333438508525,,,0.14724973317972562,0.0008021965622901917,0.9997651318660058,0.14724973317972562,,0.6827231249542707,1.62788476164325,219.00360202789307,4.3298333438508525,,4.3298333438508525,6.794428206221691,0.050199218136115206,0.050199054181575775,0.05028081685304642,0.05044674128293991,0.36302290369685175,0.35818759495788266,0.6451124912140725,,,,,,,,,,,,,,,,,,,,,,,,4.254528194802842e-05,6.332041325785708e-05,171
bayesfl_observability_v1,vi_lr0p0002_b128_e2,13,vi,138,11,64,,2,128,187.57969331741333,,1.9027586063123518,1.9027586063123518,,,0.09764611149834385,0.00040027499198913574,0.9998967011822891,0.09764611149834385,,1.1844657730950183,1.1205255670011776,187.57969331741333,1.9027586063123518,,1.9027586063123518,6.793642944334235,0.050194529739857434,0.05019446462392807,0.05027297884225845,0.05044685676693916,0.36302413204183664,0.3579532006966236,0.6453189186181719,,,,,,,,,,,,,,,,,,,,,,,,1.8696655264934183e-05,6.0912751872392934e-05,64
bayesfl_observability_v1,vi_lr0p0002_b128_e2,13,vi,223,17,110,,2,128,249.70251083374023,,1.9057092137981604,1.9057092137981604,,,0.09772181833163177,0.00040027499198913574,0.9998965363153539,0.09772181833163177,,0.8399031444716331,1.4694341093795324,249.70251083374023,1.9057092137981604,,1.9057092137981604,6.793502844315094,0.050194548812340783,0.05019422993063927,0.05027283094823361,0.05044941604137421,0.3630178011820211,0.35811561966058825,0.6456023030303333,,,,,,,,,,,,,,,,,,,,,,,,1.8725648165453084e-05,6.0910522627265525e-05,110
bayesfl_observability_v1,vi_lr0p0002_b128_e2,13,vi,188,15,69,,2,128,193.4318232536316,,1.9087380803918488,1.9087380803918488,,,0.09779930408099739,0.00040027499198913574,0.9998963581099108,0.09779930408099739,,0.7873390100049964,1.5118297685691615,193.4318232536316,1.9087380803918488,,1.9087380803918488,6.792950635482473,0.05019453814524271,0.05019424855709076,0.05027305334806442,0.050446972250938416,0.36297282763906147,0.3579648601267579,0.6454363307063746,,,,,,,,,,,,,,,,,,,,,,,,1.8755410046102473e-05,6.08625378244959e-05,69
bayesfl_observability_v1,vi_lr0p0002_b128_e2,13,vi,172,13,289,,2,128,266.6582709948222,,6.744207667592161,6.744207667592161,,,0.18372812445718273,0.0012012453516945243,0.9996344394961808,0.18372812445718273,,1.2787090971089894,1.0140274784545764,266.6582709948222,6.744207667592161,,6.744207667592161,6.795482932137223,0.050202888212537995,0.050203077495098114,0.05028843991458416,0.050475552678108215,0.3630266938685158,0.35811236426468906,0.6452577211116514,,,,,,,,,,,,,,,,,,,,,,,,6.626911336928526e-05,6.607594522023491e-05,289
bayesfl_observability_v1,vi_lr0p0002_b128_e2,13,vi,22,1,257,,2,128,203.3794022401174,,6.811982682366084,6.811982682366084,,,0.18465665190081287,0.0012040212750434875,0.9996308012099553,0.18465665190081287,,0.4385302006761509,1.8631715997773055,203.3794022401174,6.811982682366084,,6.811982682366084,6.796042253651687,0.050202829928894264,0.05020279809832573,0.050287609547376634,0.05048408731818199,0.363041941341257,0.3579313225043329,0.6456128729068109,,,,,,,,,,,,,,,,,,,,,,,,6.693507597883546e-05,6.601573815307028e-05,257
bayesfl_observability_v1,vi_lr0p0002_b128_e2,14,vi,82,6,2,,2,128,4.461046814918518,,1.906078134540948,1.906078134540948,,,0.09775331529757683,0.00040027499198913574,0.9998964851742542,0.09775331529757683,,-0.0,2.3155014849272724,4.461046814918518,1.906078134540948,,1.906078134540948,6.7940066127544805,0.05020554771386413,0.05020534247159958,0.05028474442660809,0.05046221241354942,0.3629365807850019,0.35770852418463617,0.6454395253566716,,,,,,,,,,,,,,,,,,,,,,,,1.872927320959957e-05,6.147903285261535e-05,2
bayesfl_observability_v1,vi_lr0p0002_b128_e2,14,vi,279,22,12,,2,128,25.882158279418945,,1.9067703315344033,1.9067703315344033,,,0.09777090994194307,0.00040027499198913574,0.9998964279799324,0.09777090994194307,,0.6172417697303416,1.6358465807671725,25.882158279418945,1.9067703315344033,,1.9067703315344033,6.793211692410572,0.050205562026966084,0.050205325707793236,0.05028481036424637,0.050472889095544815,0.3629203581890039,0.3576088719917887,0.6451054012641829,,,,,,,,,,,,,,,,,,,,,,,,1.8736074791533882e-05,6.138793136031144e-05,12
bayesfl_observability_v1,vi_lr0p0002_b128_e2,14,vi,71,5,2,,2,128,7.9920971393585205,,1.9067506762496627,1.9067506762496627,,,0.09777034240716805,0.0004002731293439865,0.9998964699828179,0.09777034240716805,,-0.0,2.4040642619438994,7.9920971393585205,1.9067506762496627,,1.9067506762496627,6.79453632658439,0.05020559891740641,0.0502054076641798,0.05028463900089264,0.05046519264578819,0.36297806131378757,0.3579701190236053,0.6451991486898524,,,,,,,,,,,,,,,,,,,,,,,,1.873588165716481e-05,6.148899260715918e-05,2
bayesfl_observability_v1,vi_lr0p0002_b128_e2,14,vi,50,4,13,,2,128,31.972986221313477,,1.9100549923164656,1.9100549923164656,,,0.09785521407579323,0.00040027499198913574,0.999896262643292,0.09785521407579323,,0.8953326659680909,1.3255516450199865,31.972986221313477,1.9100549923164656,,1.9100549923164656,6.793796840480638,0.0502056229335407,0.05020527541637421,0.050284823030233385,0.05046314746141434,0.3629297118999935,0.3579425254763088,0.6452519248379124,,,,,,,,,,,,,,,,,,,,,,,,1.8768350125935596e-05,6.147460411591189e-05,13
bayesfl_observability_v1,vi_lr0p0002_b128_e2,14,vi,151,12,210,,2,128,271.51108145713806,,4.32865631433181,4.32865631433181,,,0.1472599134490072,0.0008020885288715363,0.9997651087391363,0.1472599134490072,,0.14950144571405588,2.251522034186354,271.51108145713806,4.32865631433181,,4.32865631433181,6.794558521593715,0.05021033325593399,0.05021020770072937,0.05029261261224747,0.050493355840444565,0.3629479156177469,0.35783834009368426,0.6451095842415548,,,,,,,,,,,,,,,,,,,,,,,,4.253371636368095e-05,6.396312481376936e-05,210
bayesfl_observability_v1,vi_lr0p0002_b128_e2,14,vi,154,12,5,,2,128,12.497874736785889,,1.9057169016550435,1.9057169016550435,,,0.09774372635130509,0.00040027499198913574,0.9998964917158922,0.09774372635130509,,0.9502705392332347,1.3902817953906008,12.497874736785889,1.9057169016550435,,1.9057169016550435,6.793522189095556,0.05020552015766081,0.050205595791339874,0.050284990668296815,0.050460170954465866,0.3629424297327078,0.3580867392780311,0.6450303220102348,,,,,,,,,,,,,,,,,,,,,,,,1.8725723706937637e-05,6.147337451015169e-05,5
bayesfl_observability_v1,vi_lr0p0002_b128_e2,14,vi,158,12,100,,2,128,275.8830032348633,,1.9123614585256208,1.9123614585256208,,,0.09791464320332093,0.0004002721980214119,0.9998961453408431,0.09791464320332093,,0.9581847713458628,1.3628065184402316,275.8830032348633,1.9123614585256208,,1.9123614585256208,6.794069044598717,0.05020557489651347,0.050205446779727936,0.05028483755886555,0.050460685044527054,0.3629640481998426,0.3578254832856659,0.6453036320559543,,,,,,,,,,,,,,,,,,,,,,,,1.8791013643761627e-05,6.148875336676696e-05,100
bayesfl_observability_v1,vi_lr0p0002_b128_e2,14,vi,217,17,189,,2,128,221.77854323387146,,4.345063374919595,4.345063374919595,,,0.1475416567125939,0.0008020531386137009,0.9997642607841883,0.1475416567125939,,0.3250829733914482,1.9958124018703602,221.77854323387146,4.345063374919595,,4.345063374919595,6.795270039580392,0.050210250878040916,0.050210073590278625,0.050292786210775375,0.05047762021422386,0.36295873908710274,0.35783587790554067,0.6454764525232645,,,,,,,,,,,,,,,,,,,,,,,,4.2694933427528686e-05,6.401554909048764e-05,189
bayesfl_observability_v1,vi_lr0p0002_b128_e2,14,vi,226,18,194,,2,128,220.9351556301117,,4.322816379401241,4.322816379401241,,,0.1471607518521444,0.000802287831902504,0.9997654675337184,0.1471607518521444,,0.9859708285056665,1.3182756176046706,220.9351556301117,4.322816379401241,,4.322816379401241,6.795154511920049,0.05021027557876181,0.05021020025014877,0.05029229819774628,0.05046651512384415,0.36297520666046296,0.3578264292305088,0.6452488591787949,,,,,,,,,,,,,,,,,,,,,,,,4.247633270513158e-05,6.389230448700538e-05,194
bayesfl_observability_v1,vi_lr0p0002_b128_e2,14,vi,1,0,101,,2,128,251.31716346740723,,1.9101860491336833,1.9101860491336833,,,0.09785901783149065,0.00040027499198913574,0.9998962629199408,0.09785901783149065,,0.627941588739906,1.7479275202290525,251.31716346740723,1.9101860491336833,,1.9101860491336833,6.794057666449836,0.05020555007268998,0.05020544119179249,0.05028461404144764,0.05045866593718529,0.3629624502559974,0.35777688082169323,0.6453933301899483,,,,,,,,,,,,,,,,,,,,,,,,1.8769637900498018e-05,6.141271451529e-05,101
bayesfl_observability_v1,vi_lr0p0002_b128_e2,14,vi,241,19,2,,2,128,7.019603490829468,,1.906740410280554,1.906740410280554,,,0.09776970586382913,0.0004002731293439865,0.9998964468493673,0.09776970586382913,,0.6931471805599453,1.6493782971327793,7.019603490829468,1.906740410280554,,1.906740410280554,6.793895556514477,0.05020558216330039,0.0502055287361145,0.050284672528505325,0.05046778544783592,0.36292517032995053,0.35773160206449084,0.645478811057764,,,,,,,,,,,,,,,,,,,,,,,,1.8735780782947373e-05,6.146824837901481e-05,2
bayesfl_observability_v1,vi_lr0p0002_b128_e2,14,vi,47,3,19,,2,128,36.45080804824829,,1.907850654969861,1.907850654969861,,,0.09779885121348011,0.00040027499198913574,0.9998963694958023,0.09779885121348011,,0.6680178186607534,1.6176422038869243,36.45080804824829,1.907850654969861,,1.907850654969861,6.7932543838263015,0.050205626759787576,0.05020548403263092,0.050284674018621446,0.0504738986492157,0.36292136787633855,0.3578613307763576,0.6453019573416277,,,,,,,,,,,,,,,,,,,,,,,,1.8746690134321127e-05,6.147491862763555e-05,19
bayesfl_observability_v1,vi_lr0p0002_b128_e2,14,vi,193,15,49,,2,128,137.1192922592163,,1.9107152324260197,1.9107152324260197,,,0.09787290359366256,0.00040027499198913574,0.9998962314994991,0.09787290359366256,,0.7946603084287958,1.5090944792576573,137.1192922592163,1.9107152324260197,,1.9107152324260197,6.79399985898786,0.050205538699408345,0.05020539090037346,0.05028492957353592,0.0504738986492157,0.3629615893852428,0.35802954220536587,0.6453571615501267,,,,,,,,,,,,,,,,,,,,,,,,1.877483769702289e-05,6.14787425377556e-05,49
bayesfl_observability_v1,vi_lr0p0002_b128_e2,14,vi,199,15,66,,2,128,190.29944276809692,,1.906726494692293,1.906726494692293,,,0.09776973796062195,0.00040027499198913574,0.999896440662607,0.09776973796062195,,0.5771077249415074,1.7075923616880604,190.29944276809692,1.906726494692293,,1.906726494692293,6.793684434691637,0.05020556281045939,0.05020539090037346,0.05028483644127846,0.050473909825086594,0.362944985499076,0.358190989884154,0.6449959903318093,,,,,,,,,,,,,,,,,,,,,,,,1.8735644047285968e-05,6.15185134446656e-05,66
bayesfl_observability_v1,vi_lr0p0002_b128_e2,14,vi,252,20,369,,2,128,278.0101668039958,,6.7462924826305155,6.7462924826305155,,,0.1837946413133694,0.0012045279145240784,0.9996340884131466,0.1837946413133694,,1.0683684981935357,1.1688247118610566,278.0101668039958,6.7462924826305155,,6.7462924826305155,6.794572632413321,0.050213977259351235,0.050214044749736786,0.05029979720711708,0.05049578845500946,0.3628935867321984,0.358073096491935,0.6449927366265946,,,,,,,,,,,,,,,,,,,,,,,,6.628959892532687e-05,6.655368658345343e-05,369
bayesfl_observability_v1,vi_lr0p0002_b128_e2,15,vi,62,5,230,,2,128,234.62203311920166,,4.308164199024305,4.308164199024305,,,0.1469424878852099,0.0008022673428058624,0.9997661398066555,0.1469424878852099,,0.7398855854147172,1.5046979575000918,234.62203311920166,4.308164199024305,,4.308164199024305,6.794846114958546,0.050221348249379,0.05022135004401207,0.050304729491472244,0.050504397600889206,0.36285310544292826,0.35763671511652156,0.644840877237538,,,,,,,,,,,,,,,,,,,,,,,,4.233235923183949e-05,6.47921219964863e-05,230
bayesfl_observability_v1,vi_lr0p0002_b128_e2,15,vi,78,6,10,,2,128,25.36341667175293,,1.9066897143405679,1.9066897143405679,,,0.09779018045830466,0.00040027499198913574,0.9998964070995674,0.09779018045830466,,0.6554817739013927,1.6692820093029912,25.36341667175293,1.9066897143405679,,1.9066897143405679,6.794014669270125,0.05021661511387457,0.05021652579307556,0.05029679089784622,0.05047467350959778,0.3628723097195626,0.357785104790201,0.6447794502167672,,,,,,,,,,,,,,,,,,,,,,,,1.8735282640665893e-05,6.236338937688802e-05,10
bayesfl_observability_v1,vi_lr0p0002_b128_e2,15,vi,273,21,112,,2,128,291.17212772369385,,1.9066494019548477,1.9066494019548477,,,0.09778978050773554,0.00040027499198913574,0.9998964043402444,0.09778978050773554,,0.04690514858239692,2.1408414767998805,291.17212772369385,1.9066494019548477,,1.9066494019548477,6.793893819747938,0.05021654214533195,0.05021641030907631,0.05029673241078854,0.05047577619552612,0.3628559354237643,0.35809849522008097,0.6448766674480682,,,,,,,,,,,,,,,,,,,,,,,,1.8734886528002827e-05,6.232214964550878e-05,112
bayesfl_observability_v1,vi_lr0p0002_b128_e2,15,vi,284,22,252,,2,128,255.3198802471161,,4.341767802156747,4.341767802156747,,,0.14751761133310745,0.0008021984249353409,0.9997642738212446,0.14751761133310745,,0.042414731858117456,2.1445043425723562,255.3198802471161,4.341767802156747,,4.341767802156747,6.7943466178121055,0.05022138756775541,0.05022144317626953,0.05030436813831329,0.05048902705311775,0.36283208849385795,0.3578631346957316,0.6448108068486531,,,,,,,,,,,,,,,,,,,,,,,,4.266255087114815e-05,6.46773198058101e-05,252
bayesfl_observability_v1,vi_lr0p0002_b128_e2,15,vi,242,19,3,,2,128,5.933957815170288,,1.910079947442212,1.910079947442212,,,0.09787836231222762,0.00040027499198913574,0.9998962441147393,0.09787836231222762,,0.6365141682948128,1.6128062758029642,5.933957815170288,1.910079947442212,,1.910079947442212,6.794644604592454,0.05021652894886536,0.0502166822552681,0.050296600908041,0.05047692731022835,0.3628977948237604,0.3577587243060711,0.6454105623249194,,,,,,,,,,,,,,,,,,,,,,,,1.8768595336957965e-05,6.231944473847769e-05,3
bayesfl_observability_v1,vi_lr0p0002_b128_e2,15,vi,248,19,336,,2,128,331.66415087382,,6.811796780385386,6.811796780385386,,,0.1847348633231792,0.0012053907848894596,0.9996304919158054,0.1847348633231792,,0.7817865195402651,1.5221172317857152,331.66415087382,6.811796780385386,,6.811796780385386,6.796124286151611,0.050224820781970256,0.05022476986050606,0.050311559438705446,0.05050518363714218,0.36290580199043737,0.358374533235327,0.6451455572553761,,,,,,,,,,,,,,,,,,,,,,,,6.693324929139615e-05,6.735540000677753e-05,336
bayesfl_observability_v1,vi_lr0p0002_b128_e2,15,vi,50,4,13,,2,128,29.66160488128662,,1.9073214656831168,1.9073214656831168,,,0.09780654327985944,0.0004002717323601246,0.999896367172619,0.09780654327985944,,0.8953326659680909,1.3255516450199865,29.66160488128662,1.9073214656831168,,1.9073214656831168,6.793834784958394,0.050216534898165306,0.050216492265462875,0.05029657855629921,0.05048101022839546,0.36285943062639137,0.35775441568600386,0.6448538440963338,,,,,,,,,,,,,,,,,,,,,,,,1.874149027889473e-05,6.238499871197155e-05,13
bayesfl_observability_v1,vi_lr0p0002_b128_e2,15,vi,55,4,63,,2,128,162.01274824142456,,1.9027757017168478,1.9027757017168478,,,0.09768937812412004,0.00040027499198913574,0.9998966103093201,0.09768937812412004,,1.1559825345480084,1.158099049240569,162.01274824142456,1.9027757017168478,,1.9027757017168478,6.7936347959879155,0.050216607017106,0.050216350704431534,0.05029673241078854,0.0504889115691185,0.36285496423639224,0.35790810956906827,0.6448568343439416,,,,,,,,,,,,,,,,,,,,,,,,1.8696823245719247e-05,6.231619570698305e-05,63
bayesfl_observability_v1,vi_lr0p0002_b128_e2,15,vi,188,15,69,,2,128,232.43026638031006,,1.913286827329698,1.913286827329698,,,0.09795953178323173,0.00040027499198913574,0.999896039652012,0.09795953178323173,,0.7873390100049964,1.5118297685691615,232.43026638031006,1.913286827329698,,1.913286827329698,6.793717556818347,0.0502166004218011,0.05021639168262482,0.050297047942876816,0.05047285556793213,0.36286294307048805,0.35792963025003177,0.6452181323331119,,,,,,,,,,,,,,,,,,,,,,,,1.8800106390190606e-05,6.226419903278954e-05,69
bayesfl_observability_v1,vi_lr0p0002_b128_e2,15,vi,219,17,79,,2,128,176.89320945739746,,1.9147489356226657,1.9147489356226657,,,0.09799841437066023,0.00040027499198913574,0.9998959714155845,0.09799841437066023,,0.8512212851081872,1.4493005765096665,176.89320945739746,1.9147489356226657,,1.9147489356226657,6.7941952618872286,0.05021651042926384,0.05021632835268974,0.05029666796326637,0.050488077104091644,0.3628757457976657,0.35789585308080507,0.6447950117837097,,,,,,,,,,,,,,,,,,,,,,,,1.8814473180924296e-05,6.235473295950898e-05,79
bayesfl_observability_v1,vi_lr0p0002_b128_e2,15,vi,176,14,6,,2,128,18.475984573364258,,1.9084801305227006,1.9084801305227006,,,0.09783584255401885,0.00040027499198913574,0.9998962925308644,0.09783584255401885,,0.8675632284814612,1.4502930449152613,18.475984573364258,1.9084801305227006,,1.9084801305227006,6.793229360922753,0.050216525561365945,0.05021614208817482,0.050296518951654434,0.05048627033829689,0.3628372527002027,0.3577334146546669,0.6449315133470545,,,,,,,,,,,,,,,,,,,,,,,,1.8752875410461832e-05,6.229911638112772e-05,6
bayesfl_observability_v1,vi_lr0p0002_b128_e2,15,vi,173,13,119,,2,128,316.0615301132202,,1.907910815215208,1.907910815215208,,,0.09782220674762747,0.0004002717323601246,0.999896350836347,0.09782220674762747,,0.7679964346078391,1.5533998077393687,316.0615301132202,1.907910815215208,,1.907910815215208,6.794348368562556,0.050216634791109035,0.05021650344133377,0.05029693320393562,0.05048530548810959,0.3628901146463988,0.3578034913495667,0.6448798689297467,,,,,,,,,,,,,,,,,,,,,,,,1.8747281273609196e-05,6.239549004916303e-05,119
bayesfl_observability_v1,vi_lr0p0002_b128_e2,15,vi,124,9,6,,2,128,17.459805011749268,,1.9029024381607131,1.9029024381607131,,,0.09769173292146852,0.00040027499198913574,0.9998966094760114,0.09769173292146852,,-0.0,2.3292713582565514,17.459805011749268,1.9029024381607131,,1.9029024381607131,6.793802764457423,0.05021665539668277,0.05021645873785019,0.050296999514102936,0.050481025129556656,0.3628488091936064,0.35794810318183445,0.6449959077896824,,,,,,,,,,,,,,,,,,,,,,,,1.869806856795434e-05,6.234079207466835e-05,6
bayesfl_observability_v1,vi_lr0p0002_b128_e2,15,vi,233,18,351,,2,128,228.78479973475137,,6.819669933745672,6.819669933745672,,,0.18483856841468033,0.0012046042829751968,0.999630112795211,0.18483856841468033,,-0.0,2.3277319754160017,228.78479973475137,6.819669933745672,,6.819669933745672,6.7964257263469525,0.05022498867271796,0.05022524297237396,0.05031174086034298,0.05050843581557274,0.3629099339389491,0.35764738645425187,0.6443723067183934,,,,,,,,,,,,,,,,,,,,,,,,6.701061151366486e-05,6.738515008445428e-05,351
bayesfl_observability_v1,vi_lr0p0002_b128_e2,15,vi,155,12,7,,2,128,15.93451452255249,,1.9084850929119241,1.9084850929119241,,,0.09783575744459945,0.0004002721980214119,0.9998963034979101,0.09783575744459945,,0.410116318288409,1.9023021968319642,15.93451452255249,1.9084850929119241,,1.9084850929119241,6.79376871411912,0.05021660788563271,0.050216540694236755,0.05029710382223129,0.050488829612731934,0.36284285904452024,0.35773986260142415,0.6448410726960823,,,,,,,,,,,,,,,,,,,,,,,,1.8752924171287454e-05,6.233424816259818e-05,7
bayesfl_observability_v1,vi_lr0p0002_b128_e2,16,vi,150,12,12,,2,128,23.241843223571777,,1.9040033947198165,1.9040033947198165,,,0.09774328322010258,0.00040027499198913574,0.9998965097877207,0.09774328322010258,,-0.0,2.185987945410232,23.241843223571777,1.9040033947198165,,1.9040033947198165,6.794090848040877,0.05022805917155559,0.050227854400873184,0.05030931308865547,0.050492044538259506,0.3627771755194485,0.3573789106521926,0.6448278042506324,,,,,,,,,,,,,,,,,,,,,,,,1.870888665343241e-05,6.317319092570271e-05,12
bayesfl_observability_v1,vi_lr0p0002_b128_e2,16,vi,157,12,1161,,2,128,283.4479863166809,,22.806026334729037,22.806026334729037,,,0.33792381677198546,0.00361710786819458,0.9987649720848544,0.33792381677198546,,0.7423673181497622,1.5962776212694494,283.4479863166809,22.806026334729037,,22.806026334729037,6.801405053494564,0.05025044620722324,0.05024929344654083,0.0503598153591156,0.05057130008935928,0.3629425804138305,0.35784434151424127,0.64468233452319,,,,,,,,,,,,,,,,,,,,,,,,0.00022409380303359573,8.424869051149679e-05,1161
bayesfl_observability_v1,vi_lr0p0002_b128_e2,16,vi,278,22,61,,2,128,168.4010248184204,,1.9099555418681167,1.9099555418681167,,,0.09789663565479431,0.00040027499198913574,0.9998961823291758,0.09789663565479431,,0.3945326819623348,1.9802377464173406,168.4010248184204,1.9099555418681167,,1.9099555418681167,6.7939821526424415,0.05022801085142533,0.05022791773080826,0.0503094419836998,0.050493523478507996,0.3627784311854401,0.35784228230757814,0.6446972148490162,,,,,,,,,,,,,,,,,,,,,,,,1.8767372918032e-05,6.320421379293695e-05,61
bayesfl_observability_v1,vi_lr0p0002_b128_e2,16,vi,286,22,12,,2,128,26.847569465637207,,1.9137417907500245,1.9137417907500245,,,0.09799430242240748,0.0004002717323601246,0.9998959868335924,0.09799430242240748,,-0.0,2.185987945410232,26.847569465637207,1.9137417907500245,,1.9137417907500245,6.794428742120887,0.05022803132840572,0.05022790655493736,0.050309255719184875,0.05050676688551903,0.36281453905978334,0.35791835455987175,0.6447854036930885,,,,,,,,,,,,,,,,,,,,,,,,1.8804576896433373e-05,6.322217902962032e-05,12
bayesfl_observability_v1,vi_lr0p0002_b128_e2,16,vi,165,13,36,,2,128,80.7958779335022,,1.9010505748590831,1.9010505748590831,,,0.09766783644755726,0.00040027499198913574,0.9998966889398676,0.09766783644755726,,0.38131648785332906,1.926685551035581,80.7958779335022,1.9010505748590831,,1.9010505748590831,6.79472591850122,0.05022796642174711,0.05022786557674408,0.0503091961145401,0.050487056374549866,0.3628127814888217,0.35777620080121864,0.6449513462840006,,,,,,,,,,,,,,,,,,,,,,,,1.8679872013944023e-05,6.314011654437126e-05,36
bayesfl_observability_v1,vi_lr0p0002_b128_e2,16,vi,74,5,70,,2,128,135.57442998886108,,1.9035756808382414,1.9035756808382414,,,0.0977322946534167,0.00040027499198913574,0.9998965399657231,0.0977322946534167,,1.1534898214385076,1.1546999842430363,135.57442998886108,1.9035756808382414,,1.9035756808382414,6.794350819670622,0.05022802251410605,0.050227973610162735,0.05030941963195801,0.05049305409193039,0.3628035474371932,0.35772591625048134,0.6447671066398254,,,,,,,,,,,,,,,,,,,,,,,,1.8704683903294106e-05,6.316022962843862e-05,70
bayesfl_observability_v1,vi_lr0p0002_b128_e2,16,vi,15,1,51,,2,128,155.810706615448,,1.911026822127129,1.911026822127129,,,0.09792478206886071,0.00040027499198913574,0.999896132079054,0.09792478206886071,,0.4639406270393286,1.8477013096607757,155.810706615448,1.911026822127129,,1.911026822127129,6.794353185768278,0.05022797502959461,0.050227854400873184,0.05030930042266846,0.050479963421821594,0.3628007354207433,0.35765343032558194,0.6449823052673931,,,,,,,,,,,,,,,,,,,,,,,,1.8777899401858396e-05,6.309833157442297e-05,51
bayesfl_observability_v1,vi_lr0p0002_b128_e2,16,vi,52,4,24,,2,128,65.5318775177002,,1.9056947476412078,1.9056947476412078,,,0.09778575199097554,0.00040027499198913574,0.999896446616712,0.09778575199097554,,1.0880102622771117,1.1812023456676566,65.5318775177002,1.9056947476412078,,1.9056947476412078,6.794910881745904,0.05022805838927025,0.050227776169776917,0.05030941963195801,0.05049286410212517,0.3628316260835151,0.3576202453192097,0.6448640696086244,,,,,,,,,,,,,,,,,,,,,,,,1.8725506019860546e-05,6.3135642507618e-05,24
bayesfl_observability_v1,vi_lr0p0002_b128_e2,16,vi,178,14,135,,2,128,162.1570348739624,,4.307695976256935,4.307695976256935,,,0.1469667971654875,0.0008023002301342785,0.9997661162671636,0.1469667971654875,,0.4244935576316679,1.8415271470075187,162.1570348739624,4.307695976256935,,4.307695976256935,6.79561168353504,0.05023286548194499,0.050232961773872375,0.05031698942184448,0.050495024770498276,0.3628036671558471,0.35801661965429477,0.6448622082412673,,,,,,,,,,,,,,,,,,,,,,,,4.232775843821298e-05,6.556881622375565e-05,135
bayesfl_observability_v1,vi_lr0p0002_b128_e2,16,vi,186,14,2,,2,128,5.236891508102417,,1.9085727836069002,1.9085727836069002,,,0.09786086011709315,0.00040027499198913574,0.9998962627612649,0.09786086011709315,,-0.0,2.28098669344155,5.236891508102417,1.9085727836069002,,1.9085727836069002,6.7941760724367715,0.050228038845973454,0.05022790655493736,0.05030928291380406,0.050485238432884216,0.3627848860015107,0.3578126433987604,0.644833903785846,,,,,,,,,,,,,,,,,,,,,,,,1.87537858269323e-05,6.316039855888073e-05,2
bayesfl_observability_v1,vi_lr0p0002_b128_e2,16,vi,121,9,200,,2,128,246.53290677070618,,4.334296835418315,4.334296835418315,,,0.1474240263312601,0.000802304595708847,0.9997646773037143,0.1474240263312601,,0.3200447217843331,2.005272317401729,246.53290677070618,4.334296835418315,,4.334296835418315,6.795850859818571,0.05023273662782505,0.050232622772455215,0.05031688287854195,0.05050595477223396,0.3628194373428416,0.3577741597809624,0.6447006118273372,,,,,,,,,,,,,,,,,,,,,,,,4.2589140566162085e-05,6.555034118372143e-05,200
bayesfl_observability_v1,vi_lr0p0002_b128_e2,16,vi,143,11,59,,2,128,133.16662311553955,,1.9102673759481665,1.9102673759481665,,,0.09790410422993498,0.00040027499198913574,0.9998961750820305,0.09790410422993498,,0.5821360471219024,1.7374773776084904,133.16662311553955,1.9102673759481665,,1.9102673759481665,6.794323714286418,0.050228052221511686,0.05022796243429184,0.05030930154025555,0.05050667002797127,0.36279927456927996,0.35772649475546814,0.6448435618983286,,,,,,,,,,,,,,,,,,,,,,,,1.8770437024154137e-05,6.312218505722432e-05,59
bayesfl_observability_v1,vi_lr0p0002_b128_e2,16,vi,93,7,103,,2,128,278.47485399246216,,1.9089143170170901,1.9089143170170901,,,0.09786943046887943,0.0004002717323601246,0.9998962404628515,0.09786943046887943,,1.1983912561963983,1.1190743533532796,278.47485399246216,1.9089143170170901,,1.9089143170170901,6.794002453515038,0.05022807118773074,0.050227995961904526,0.05030921995639801,0.050506431609392166,0.36277336888048134,0.3578950114073125,0.6449541267005265,,,,,,,,,,,,,,,,,,,,,,,,1.875714176100118e-05,6.315808898383052e-05,103
bayesfl_observability_v1,vi_lr0p0002_b128_e2,16,vi,214,17,8,,2,128,22.30736255645752,,1.902071340739408,1.902071340739408,,,0.09769335840162748,0.00040027499198913574,0.9998966223145095,0.09769335840162748,,0.37677016125643675,2.011909404624669,22.30736255645752,1.902071340739408,,1.902071340739408,6.794348270941715,0.05022797995878658,0.050227947533130646,0.05030927062034607,0.05050675943493843,0.36279366614689507,0.3578157773077031,0.6447636168888554,,,,,,,,,,,,,,,,,,,,,,,,1.8689902139524498e-05,6.313262972611125e-05,8
bayesfl_observability_v1,vi_lr0p0002_b128_e2,16,vi,8,0,56,,2,128,137.0893669128418,,1.9080478462038988,1.9080478462038988,,,0.09784739080983183,0.0004002717323601246,0.9998962973473766,0.09784739080983183,,0.36153947789446483,1.8365068925499755,137.0893669128418,1.9080478462038988,,1.9080478462038988,6.79439163210728,0.050227984797783835,0.050227921456098557,0.05030940845608711,0.050506122410297394,0.3628016047939285,0.3577696516794243,0.6450545825921549,,,,,,,,,,,,,,,,,,,,,,,,1.874862775084896e-05,6.321118899512816e-05,56
bayesfl_observability_v1,vi_lr0p0002_b128_e2,17,vi,251,20,36,,2,128,85.70711898803711,,1.9056802668160575,1.9056802668160575,,,0.0978255797259224,0.0004002717323601246,0.9998964284812669,0.0978255797259224,,0.7570449135276909,1.610651168463865,85.70711898803711,1.9056802668160575,,1.9056802668160575,6.797158464100128,0.05024851943063598,0.05024852231144905,0.05034063085913658,0.05053771659731865,0.3627744714976568,0.35782337605482606,0.6440838911479484,,,,,,,,,,,,,,,,,,,,,,,,1.8725363730137146e-05,7.159269915459437e-05,36
bayesfl_observability_v1,vi_lr0p0002_b128_e2,17,vi,248,19,336,,2,128,318.2120410601298,,6.792681755941404,6.792681755941404,,,0.18458961384823735,0.0012003686279058456,0.9996313102219331,0.18458961384823735,,0.7817865195402651,1.5221172317857152,318.2120410601298,6.792681755941404,,6.792681755941404,6.798303277425854,0.05025685737417403,0.05025678128004074,0.05035454407334328,0.05055190250277519,0.3627789533553589,0.35790467697728734,0.6444887926669344,,,,,,,,,,,,,,,,,,,,,,,,6.674542356236026e-05,7.59820013468779e-05,336
bayesfl_observability_v1,vi_lr0p0002_b128_e2,17,vi,199,15,66,,2,128,182.16576385498047,,1.9088424546169476,1.9088424546169476,,,0.09790727238413126,0.0004002717323601246,0.9998962401933639,0.09790727238413126,,0.5771077249415074,1.7075923616880604,182.16576385498047,1.9088424546169476,,1.9088424546169476,6.796647083837187,0.05024860227710959,0.0502484031021595,0.05034087374806404,0.05052468180656433,0.36274874153209163,0.3576377016830264,0.6446992714456855,,,,,,,,,,,,,,,,,,,,,,,,1.87564356354225e-05,7.167575809587036e-05,66
bayesfl_observability_v1,vi_lr0p0002_b128_e2,17,vi,279,22,12,,2,128,31.37464141845703,,1.9042334995283066,1.9042334995283066,,,0.09778858338386934,0.00040027499198913574,0.9998964999148553,0.09778858338386934,,0.6172417697303416,1.6358465807671725,31.37464141845703,1.9042334995283066,,1.9042334995283066,6.796949409201608,0.050248456912746105,0.05024837329983711,0.05034056678414345,0.05053018778562546,0.362760742424428,0.3576654180285773,0.6444464487493586,,,,,,,,,,,,,,,,,,,,,,,,1.8711147681323636e-05,7.153050358972582e-05,12
bayesfl_observability_v1,vi_lr0p0002_b128_e2,17,vi,110,8,58,,2,128,130.74268436431885,,1.9022100507688215,1.9022100507688215,,,0.09773602388855267,0.00040027499198913574,0.999896616799312,0.09773602388855267,,0.08048483706800685,2.1077419116679486,130.74268436431885,1.9022100507688215,,1.9022100507688215,6.797122765091577,0.05024852930062369,0.05024830996990204,0.05034063756465912,0.050533514469861984,0.36279019832914877,0.357623114153627,0.6442791395517431,,,,,,,,,,,,,,,,,,,,,,,,1.869126511515006e-05,7.16390341833693e-05,58
bayesfl_observability_v1,vi_lr0p0002_b128_e2,17,vi,0,0,68,,2,128,144.03741836547852,,1.9048070831845374,1.9048070831845374,,,0.09780266140131613,0.0004002721980214119,0.9998964761309375,0.09780266140131613,,0.07081055490819625,2.2089094885596023,144.03741836547852,1.9048070831845374,,1.9048070831845374,6.797133371665164,0.05024848920973548,0.05024842917919159,0.05034073442220688,0.05052006244659424,0.36278194245509193,0.3576482066146016,0.6442423304390958,,,,,,,,,,,,,,,,,,,,,,,,1.8716783759305664e-05,7.154412113382976e-05,68
bayesfl_observability_v1,vi_lr0p0002_b128_e2,17,vi,53,4,385,,2,128,184.76005107164383,,9.168908487544561,9.168908487544561,,,0.21441705052561408,0.00157887302339077,0.9995027124215397,0.21441705052561408,,0.6199400754114299,1.6563453455408537,184.76005107164383,9.168908487544561,,9.168908487544561,6.799772695487066,0.05025994708192182,0.050259776413440704,0.05036049708724022,0.050588514655828476,0.36281384815856366,0.3575029517739078,0.6441812566051411,,,,,,,,,,,,,,,,,,,,,,,,9.00944137520346e-05,7.81541342147258e-05,385
bayesfl_observability_v1,vi_lr0p0002_b128_e2,17,vi,60,4,6,,2,128,18.434513092041016,,1.9040322535989942,1.9040322535989942,,,0.09778391224203425,0.00040027499198913574,0.9998965139689764,0.09778391224203425,,0.6365141682948128,1.6573554390074312,18.434513092041016,1.9040322535989942,,1.9040322535989942,6.7970790564572905,0.05024841408274275,0.05024804174900055,0.05034103989601135,0.05053864046931267,0.3627837371371242,0.3579505743796693,0.644518896568134,,,,,,,,,,,,,,,,,,,,,,,,1.8709170223042096e-05,7.157903649145793e-05,6
bayesfl_observability_v1,vi_lr0p0002_b128_e2,17,vi,270,21,127,,2,128,364.13384914398193,,1.9165233646673774,1.9165233646673774,,,0.09810499984447783,0.00040027499198913574,0.9998958456676953,0.09810499984447783,,0.24980042066198757,2.0694700517910234,364.13384914398193,1.9165233646673774,,1.9165233646673774,6.797414208340487,0.05024848492848852,0.05024844594299793,0.050340685993433,0.050524622201919556,0.3627973913028303,0.35794032423496003,0.6443740967626349,,,,,,,,,,,,,,,,,,,,,,,,1.8831908859854353e-05,7.159990744235616e-05,127
bayesfl_observability_v1,vi_lr0p0002_b128_e2,17,vi,271,21,143,,2,128,190.14313554763794,,4.3113888477847135,4.3113888477847135,,,0.14709056044992014,0.0008023269474506378,0.9997658603731034,0.14709056044992014,,1.0368649511366086,1.308132397731561,190.14313554763794,4.3113888477847135,,4.3113888477847135,6.797627730435841,0.0502532291889097,0.05025294050574303,0.05034834146499634,0.050539810210466385,0.36277236998829676,0.35783507002286624,0.6444109526372966,,,,,,,,,,,,,,,,,,,,,,,,4.2364044883410766e-05,7.374890880004939e-05,143
bayesfl_observability_v1,vi_lr0p0002_b128_e2,17,vi,141,11,30,,2,128,81.08495426177979,,1.9006359510725295,1.9006359510725295,,,0.09769612621883826,0.0004002731293439865,0.9998967064161838,0.09769612621883826,,1.5190465305721117,0.7674065092926465,81.08495426177979,1.9006359510725295,,1.9006359510725295,6.797267711093333,0.05024842564186794,0.050248321145772934,0.050340406596660614,0.050538837909698486,0.36279598493191373,0.3576796054699903,0.6447679845630926,,,,,,,,,,,,,,,,,,,,,,,,1.8675797888105822e-05,7.152220775737207e-05,30
bayesfl_observability_v1,vi_lr0p0002_b128_e2,17,vi,144,11,31,,2,128,78.68844556808472,,1.9070291726626405,1.9070291726626405,,,0.09786106092617042,0.00040027499198913574,0.9998963601246084,0.09786106092617042,,1.0406143781872677,1.27432833756673,78.68844556808472,1.9070291726626405,,1.9070291726626405,6.797340855418944,0.050248407443731484,0.05024834722280502,0.050340451300144196,0.0505388006567955,0.3628034201315902,0.3574115819593576,0.6444386608934605,,,,,,,,,,,,,,,,,,,,,,,,1.873861818475622e-05,7.15919055370845e-05,31
bayesfl_observability_v1,vi_lr0p0002_b128_e2,17,vi,34,2,89,,2,128,232.23185920715332,,1.9041717461138101,1.9041717461138101,,,0.09778724759878121,0.00040027499198913574,0.999896496704963,0.09778724759878121,,0.9392429968990706,1.3654484544000312,232.23185920715332,1.9041717461138101,,1.9041717461138101,6.796737066135889,0.05024852139782499,0.05024822801351547,0.05034051351249218,0.05053884536027908,0.36275167560108007,0.35766688821941256,0.6442331008795019,,,,,,,,,,,,,,,,,,,,,,,,1.871054088743058e-05,7.158019475204847e-05,89
bayesfl_observability_v1,vi_lr0p0002_b128_e2,17,vi,160,12,379,,2,128,348.8006404240926,,6.800831417490823,6.800831417490823,,,0.18469914137111423,0.0012007616460323334,0.9996308752593157,0.18469914137111423,,1.1782151454192733,1.120809894534982,348.8006404240926,6.800831417490823,,6.800831417490823,6.798330958548929,0.05025691629668473,0.05025692284107208,0.0503549687564373,0.05055601894855499,0.3627373747443618,0.3577543388544001,0.6447166231376676,,,,,,,,,,,,,,,,,,,,,,,,6.682550277577698e-05,7.611936344688373e-05,379
bayesfl_observability_v1,vi_lr0p0002_b128_e2,17,vi,69,5,1,,2,128,1.7048499584197998,,1.9070017802957007,1.9070017802957007,,,0.09786049862784811,0.00040027499198913574,0.9998963503415114,0.09786049862784811,,-0.0,2.259365973874069,1.7048499584197998,1.9070017802957007,,1.9070017802957007,6.797035320554455,0.05024847293650927,0.050248414278030396,0.050340698659420015,0.0505388118326664,0.3627872015474658,0.3580397122019314,0.6442786836471511,,,,,,,,,,,,,,,,,,,,,,,,1.8738349025210777e-05,7.164423933371625e-05,1
bayesfl_observability_v1,vi_lr0p0002_b128_e2,18,vi,229,18,381,,2,128,291.1459256807963,,6.758517805409942,6.758517805409942,,,0.1841699210884309,0.0011974405497312546,0.9996329988025333,0.1841699210884309,,1.2645702769066132,0.9847598976008598,291.1459256807963,6.758517805409942,,6.758517805409942,6.79841369657966,0.05026966726446393,0.050269920378923416,0.050367895513772964,0.05057523772120476,0.3626524711507407,0.3574587498496813,0.6442772426223253,,,,,,,,,,,,,,,,,,,,,,,,6.640972590557081e-05,7.669939102368733e-05,381
bayesfl_observability_v1,vi_lr0p0002_b128_e2,18,vi,87,7,39,,2,128,105.41291189193726,,1.9024143132153684,1.9024143132153684,,,0.09776674529000394,0.00040027499198913574,0.999896557970206,0.09776674529000394,,0.4377023180952629,1.8840029267722176,105.41291189193726,1.9024143132153684,,1.9024143132153684,6.797332876672759,0.05026125389120985,0.05026127025485039,0.05035468563437462,0.050562918186187744,0.36271940321408225,0.3577075385811055,0.6445803065612424,,,,,,,,,,,,,,,,,,,,,,,,1.8693272213966478e-05,7.254652396118545e-05,39
bayesfl_observability_v1,vi_lr0p0002_b128_e2,18,vi,93,7,103,,2,128,269.97189712524414,,1.9055628013656365,1.9055628013656365,,,0.0978483325876614,0.0004002731293439865,0.9998964043144267,0.0978483325876614,,1.1983912561963983,1.1190743533532796,269.97189712524414,1.9055628013656365,,1.9055628013656365,6.797828864938388,0.05026141864048032,0.05026145651936531,0.050354769080877305,0.0505637601017952,0.36272896036309155,0.3577088086255252,0.6445159184757349,,,,,,,,,,,,,,,,,,,,,,,,1.8724209505410598e-05,7.240790571856171e-05,103
bayesfl_observability_v1,vi_lr0p0002_b128_e2,18,vi,282,22,46,,2,128,97.0078535079956,,1.9070022463286922,1.9070022463286922,,,0.0978851964565191,0.00040027499198913574,0.9998963026253105,0.0978851964565191,,-0.0,2.3163460082440825,97.0078535079956,1.9070022463286922,,1.9070022463286922,6.797189609320672,0.050261363168832264,0.05026138201355934,0.05035503320395947,0.050563372671604156,0.36270867502095244,0.3575132998064874,0.6442607217127595,,,,,,,,,,,,,,,,,,,,,,,,1.8738353604487494e-05,7.250302903695884e-05,46
bayesfl_observability_v1,vi_lr0p0002_b128_e2,18,vi,35,2,12,,2,128,25.779869556427002,,1.8999245336715422,1.8999245336715422,,,0.09770253254808467,0.0004002717323601246,0.9998966801495082,0.09770253254808467,,0.8981370031878679,1.419319868930796,25.779869556427002,1.8999245336715422,,1.8999245336715422,6.796839751304854,0.05026130836189432,0.050261083990335464,0.05035480856895447,0.05056361109018326,0.3626568885579711,0.35760665658919416,0.6441448482097697,,,,,,,,,,,,,,,,,,,,,,,,1.8668807444939986e-05,7.247113717475726e-05,12
bayesfl_observability_v1,vi_lr0p0002_b128_e2,18,vi,36,2,72,,2,128,152.0837926864624,,1.904181234952101,1.904181234952101,,,0.0978116614338361,0.0004002721980214119,0.9998964556246686,0.0978116614338361,,0.8732300140738931,1.4909129377062735,152.0837926864624,1.904181234952101,,1.904181234952101,6.797094550422242,0.050261377917057794,0.050261348485946655,0.05035494267940521,0.0505550280213356,0.3626897420232807,0.3574843658759677,0.6443182349429721,,,,,,,,,,,,,,,,,,,,,,,,1.8710634125499667e-05,7.2579013106576e-05,72
bayesfl_observability_v1,vi_lr0p0002_b128_e2,18,vi,43,3,1,,2,128,3.50711452960968,,1.9034718878633967,1.9034718878633967,,,0.09779480313171733,0.0004002717323601246,0.9998964970705883,0.09779480313171733,,-0.0,2.3163460082440825,3.50711452960968,1.9034718878633967,,1.9034718878633967,6.797286407398438,0.050261257516971164,0.05026111751794815,0.050354838371276855,0.050544675439596176,0.36267143233014176,0.3578688420559257,0.6443429843890378,,,,,,,,,,,,,,,,,,,,,,,,1.870366402538466e-05,7.256700063402273e-05,1
bayesfl_observability_v1,vi_lr0p0002_b128_e2,18,vi,138,11,64,,2,128,137.40765953063965,,1.902123925710121,1.902123925710121,,,0.09775920119885372,0.00040027499198913574,0.9998965639612877,0.09775920119885372,,1.1844657730950183,1.1205255670011776,137.40765953063965,1.902123925710121,,1.902123925710121,6.796993591892486,0.05026138351483998,0.05026104673743248,0.0503549687564373,0.05056377500295639,0.3626558864642651,0.3576578469407675,0.6444113040261841,,,,,,,,,,,,,,,,,,,,,,,,1.869041884357002e-05,7.25100207424473e-05,64
bayesfl_observability_v1,vi_lr0p0002_b128_e2,18,vi,223,17,110,,2,128,259.74498414993286,,1.9121677140216011,1.9121677140216011,,,0.0980179720870672,0.00040027499198913574,0.9998960132280345,0.0980179720870672,,0.8399031444716331,1.4694341093795324,259.74498414993286,1.9121677140216011,,1.9121677140216011,6.796896657636547,0.05026131131749139,0.050261057913303375,0.05035471171140671,0.050554171204566956,0.3626719645244053,0.35774291553675647,0.6442715042978341,,,,,,,,,,,,,,,,,,,,,,,,1.8789109895073214e-05,7.24991513672375e-05,110
bayesfl_observability_v1,vi_lr0p0002_b128_e2,18,vi,208,16,2,,2,128,4.07459020614624,,1.9100126053308903,1.9100126053308903,,,0.09796178811227918,0.00040027499198913574,0.999896154997,0.09796178811227918,,-0.0,2.4040642619438994,4.07459020614624,1.9100126053308903,,1.9100126053308903,6.79761474875303,0.05026142323755516,0.05026140436530113,0.05035465210676193,0.05055521801114082,0.3627086286340184,0.3577339302214022,0.6445114544543967,,,,,,,,,,,,,,,,,,,,,,,,1.8767933628091682e-05,7.253569790520137e-05,2
bayesfl_observability_v1,vi_lr0p0002_b128_e2,18,vi,291,23,331,,2,128,292.0041381518046,,6.82919707985926,6.82919707985926,,,0.18513363406877478,0.0012043546885251999,0.9996293090654985,0.18513363406877478,,0.6563087339558499,1.6124405973952192,292.0041381518046,6.82919707985926,,6.82919707985926,6.79986334509275,0.0502697426651522,0.050269804894924164,0.05036827176809311,0.050574734807014465,0.3627098589004767,0.35733066997137997,0.6445675137893773,,,,,,,,,,,,,,,,,,,,,,,,6.710422599842055e-05,7.682881346747421e-05,331
bayesfl_observability_v1,vi_lr0p0002_b128_e2,18,vi,0,0,68,,2,128,137.8262481689453,,1.9037425210473464,1.9037425210473464,,,0.09780181069253265,0.00040027499198913574,0.999896474415167,0.09780181069253265,,0.07081055490819625,2.2089094885596023,137.8262481689453,1.9037425210473464,,1.9037425210473464,6.797018331492803,0.050261333787796764,0.0502612367272377,0.0503547266125679,0.05056311935186386,0.36267020453060733,0.35759800465777086,0.644433066748481,,,,,,,,,,,,,,,,,,,,,,,,1.8706323288271066e-05,7.252850359081078e-05,68
bayesfl_observability_v1,vi_lr0p0002_b128_e2,18,vi,242,19,3,,2,128,5.841065168380737,,1.9033843145710696,1.9033843145710696,,,0.09779067520181917,0.00040027499198913574,0.9998965134259947,0.09779067520181917,,0.6365141682948128,1.6128062758029642,5.841065168380737,1.9033843145710696,,1.9033843145710696,6.797507443855225,0.0502614399792887,0.050261255353689194,0.05035508796572685,0.05056082457304001,0.36271596889627455,0.357607825622824,0.6446548168259137,,,,,,,,,,,,,,,,,,,,,,,,1.8702803523347446e-05,7.255036123424734e-05,3
bayesfl_observability_v1,vi_lr0p0002_b128_e2,18,vi,127,10,1,,2,128,3.2587119340896606,,1.9016979089591388,1.9016979089591388,,,0.09774864666568017,0.0004002717323601246,0.9998965845317574,0.09774864666568017,,-0.0,2.3277319754160017,3.2587119340896606,1.9016979089591388,,1.9016979089591388,6.796922920382372,0.05026137917568393,0.05026134103536606,0.05035504698753357,0.0505635030567646,0.36267723227779003,0.3575104615130706,0.6444484563853818,,,,,,,,,,,,,,,,,,,,,,,,1.868623276957e-05,7.255089231283408e-05,1
bayesfl_observability_v1,vi_lr0p0002_b128_e2,18,vi,134,10,326,,2,128,204.95280106862387,,6.769654056428134,6.769654056428134,,,0.18431742578620683,0.0012001767754554749,0.9996323876477082,0.18431742578620683,,0.4149757414196952,1.8961001489773186,204.95280106862387,6.769654056428134,,6.769654056428134,6.79816558596622,0.050269858905447246,0.05026986077427864,0.05036862641572952,0.05058225616812706,0.36265008691144046,0.35773788920930927,0.6440337510935641,,,,,,,,,,,,,,,,,,,,,,,,6.651915158129247e-05,7.688276637143958e-05,326
bayesfl_observability_v1,vi_lr0p0002_b128_e2,19,vi,16,1,369,,2,128,273.39255634943646,,6.860604900822682,6.860604900822682,,,0.1856050494217495,0.0012026140466332436,0.9996272714519611,0.1856050494217495,,0.1490487639578261,2.177886214364074,273.39255634943646,6.860604900822682,,6.860604900822682,6.7985367769063085,0.05028191415302567,0.05028163269162178,0.05038189627230168,0.050603535026311874,0.3625671460177237,0.35731231119276696,0.6440310799054958,,,,,,,,,,,,,,,,,,,,,,,,6.741284170996052e-05,7.772558751811251e-05,369
bayesfl_observability_v1,vi_lr0p0002_b128_e2,19,vi,33,2,3,,2,128,8.760433912277222,,1.8995193862760682,1.8995193862760682,,,0.09771568833172865,0.00040027499198913574,0.9998966609970865,0.09771568833172865,,0.6365141682948128,1.7421059981397873,8.760433912277222,1.8995193862760682,,1.8995193862760682,6.797140139358051,0.05027352689059009,0.05027359537780285,0.05036817863583565,0.05056965351104736,0.362578165668689,0.3573782636405869,0.6444185522727495,,,,,,,,,,,,,,,,,,,,,,,,1.8664826434863597e-05,7.335269459335539e-05,3
bayesfl_observability_v1,vi_lr0p0002_b128_e2,19,vi,167,13,86,,2,128,189.1829333305359,,1.8934613832821336,1.8934613832821336,,,0.09755842004511604,0.00040027499198913574,0.9998969968278235,0.09755842004511604,,1.7378293573159467,0.5580381273299192,189.1829333305359,1.8934613832821336,,1.8934613832821336,6.79727741737345,0.0502735009293762,0.050273649394512177,0.05036808662116528,0.05056029185652733,0.36259468622571234,0.35794480917635363,0.6445456552066743,,,,,,,,,,,,,,,,,,,,,,,,1.8605300022424424e-05,7.339083334204213e-05,86
bayesfl_observability_v1,vi_lr0p0002_b128_e2,19,vi,168,13,207,,2,128,279.92969369888306,,4.319159946534634,4.319159946534634,,,0.14729815200919258,0.0008022226393222809,0.9997652757222486,0.14729815200919258,,0.9862272293909359,1.3773906685164472,279.92969369888306,4.319159946534634,,4.319159946534634,6.798722713019484,0.05027823992032538,0.050278086215257645,0.05037520453333855,0.05058363452553749,0.36261985548535874,0.3576043840756449,0.644197689768756,,,,,,,,,,,,,,,,,,,,,,,,4.24404043090757e-05,7.551224500838193e-05,207
bayesfl_observability_v1,vi_lr0p0002_b128_e2,19,vi,174,13,57,,2,128,153.72588062286377,,1.9019483559616872,1.9019483559616872,,,0.0977784840256848,0.0004002717323601246,0.9998965465478219,0.0977784840256848,,0.7356907463699587,1.5546238632023086,153.72588062286377,1.9019483559616872,,1.9019483559616872,6.797747382180358,0.05027357476531077,0.050273437052965164,0.050367895513772964,0.05055637285113335,0.36262462946194174,0.35750525179496206,0.6443121161347771,,,,,,,,,,,,,,,,,,,,,,,,1.8688693681455116e-05,7.333813545347349e-05,57
bayesfl_observability_v1,vi_lr0p0002_b128_e2,19,vi,119,9,843,,2,128,326.06997891834806,,16.16655678905246,16.16655678905246,,,0.28478638338585094,0.0026417002081871033,0.9991230063894612,0.28478638338585094,,0.9765459908687751,1.371331098617695,326.06997891834806,16.16655678905246,,16.16655678905246,6.801370581755489,0.05029154769213129,0.05029072239995003,0.050403454527258876,0.05063961446285248,0.36259734446723535,0.35696026623017707,0.6445632029084207,,,,,,,,,,,,,,,,,,,,,,,,0.0001588538546629897,8.65048760572125e-05,843
bayesfl_observability_v1,vi_lr0p0002_b128_e2,19,vi,215,17,42,,2,128,117.9319052696228,,1.899768549935295,1.899768549935295,,,0.09772135700824604,0.00040027499198913574,0.9998966621868736,0.09772135700824604,,1.521719365805568,0.7932357448939426,117.9319052696228,1.899768549935295,,1.899768549935295,6.797599297192052,0.05027352475465205,0.05027341470122337,0.050367966294288635,0.050563037395477295,0.36259274591667306,0.35746559852380244,0.6442478132815643,,,,,,,,,,,,,,,,,,,,,,,,1.8667274736516607e-05,7.341845864943396e-05,42
bayesfl_observability_v1,vi_lr0p0002_b128_e2,19,vi,85,6,91,,2,128,190.76252937316895,,1.9008669432158336,1.9008669432158336,,,0.09775082423615374,0.0004002717323601246,0.9998966090891864,0.09775082423615374,,0.7052992177089794,1.615535625363525,190.76252937316895,1.9008669432158336,,1.9008669432158336,6.7978529198948205,0.05027352661462504,0.05027374252676964,0.050368142873048784,0.050568148493766785,0.3626167689704106,0.3576037857953618,0.6440289984590415,,,,,,,,,,,,,,,,,,,,,,,,1.867806763501851e-05,7.335454458701237e-05,91
bayesfl_observability_v1,vi_lr0p0002_b128_e2,19,vi,61,4,198,,2,128,282.918133020401,,4.325540012679441,4.325540012679441,,,0.1474061115572749,0.0008022021502256393,0.9997648393859596,0.1474061115572749,,0.38144262903567916,1.9227600406973597,282.918133020401,4.325540012679441,,4.325540012679441,6.797214480979412,0.05027827504098743,0.050278302282094955,0.05037526413798332,0.05058243125677109,0.3625325298258191,0.3572024217360047,0.6439340603233512,,,,,,,,,,,,,,,,,,,,,,,,4.250309533928899e-05,7.538609915208883e-05,198
bayesfl_observability_v1,vi_lr0p0002_b128_e2,19,vi,201,16,42,,2,128,110.75537872314453,,1.895825273150494,1.895825273150494,,,0.097619470208669,0.00040027499198913574,0.9998968821707614,0.097619470208669,,1.3298452344417466,0.9647582614250333,110.75537872314453,1.895825273150494,,1.895825273150494,6.797730350574442,0.05027356009483425,0.05027378723025322,0.050367794930934906,0.05056922882795334,0.3626087328919664,0.35756810718943866,0.6442311147916393,,,,,,,,,,,,,,,,,,,,,,,,1.8628527789628515e-05,7.33359778055561e-05,42
bayesfl_observability_v1,vi_lr0p0002_b128_e2,19,vi,154,12,5,,2,128,11.637935638427734,,1.9082296720630487,1.9082296720630487,,,0.09794064792048171,0.0004002731293439865,0.9998961934995709,0.09794064792048171,,0.9502705392332347,1.3902817953906008,11.637935638427734,1.9082296720630487,,1.9082296720630487,6.797464792246201,0.05027352891312586,0.05027339980006218,0.05036778002977371,0.050564881414175034,0.3626150535329749,0.35749390740303477,0.6442918659124148,,,,,,,,,,,,,,,,,,,,,,,,1.8750414385998316e-05,7.337099613986933e-05,5
bayesfl_observability_v1,vi_lr0p0002_b128_e2,19,vi,155,12,7,,2,128,17.720923900604248,,1.8999331630180523,1.8999331630180523,,,0.09772632018813647,0.00040027499198913574,0.999896672883976,0.09772632018813647,,0.410116318288409,1.9023021968319642,17.720923900604248,1.8999331630180523,,1.8999331630180523,6.798136146621047,0.05027352936834557,0.0502733439207077,0.05036797747015953,0.05056754872202873,0.36263281086501103,0.357277566314705,0.6441230284486842,,,,,,,,,,,,,,,,,,,,,,,,1.8668892237575437e-05,7.336159590411387e-05,7
bayesfl_observability_v1,vi_lr0p0002_b128_e2,19,vi,238,19,18,,2,128,48.43070411682129,,1.9031767964457442,1.9031767964457442,,,0.09781061136617321,0.00040027499198913574,0.9998964746948322,0.09781061136617321,,0.9404479886553264,1.3716040057455146,48.43070411682129,1.9031767964457442,,1.9031767964457442,6.797639633374683,0.050273567890856186,0.05027347430586815,0.0503679446876049,0.05056457594037056,0.3625986727738683,0.3573280590059593,0.6442318955077376,,,,,,,,,,,,,,,,,,,,,,,,1.8700764433976067e-05,7.335104126593056e-05,18
bayesfl_observability_v1,vi_lr0p0002_b128_e2,19,vi,246,19,144,,2,128,182.7704257965088,,4.273163665697512,4.273163665697512,,,0.1465054819522443,0.0008021946996450424,0.9997677318008305,0.1465054819522443,,1.1481123895199365,1.1644224577874513,182.7704257965088,4.273163665697512,,4.273163665697512,6.797763153629746,0.050278377793000865,0.05027840659022331,0.050375403463840486,0.050586387515068054,0.3625387806015346,0.35733082077541045,0.644177027345298,,,,,,,,,,,,,,,,,,,,,,,,4.19884412469049e-05,7.541266917183283e-05,144
bayesfl_observability_v1,vi_lr0p0002_b128_e2,19,vi,248,19,336,,2,128,293.4450526237488,,6.778232457306745,6.778232457306745,,,0.1844801176537725,0.0012023672461509705,0.9996318299297021,0.1844801176537725,,0.7817865195402651,1.5221172317857152,293.4450526237488,6.778232457306745,,6.778232457306745,6.799079550638912,0.05028193326815385,0.050281863659620285,0.05038165673613548,0.05058601126074791,0.36261257508129746,0.3575657962028622,0.6440385755840188,,,,,,,,,,,,,,,,,,,,,,,,6.660344362097618e-05,7.764463651737475e-05,336
bayesfl_observability_v1,vi_lr0p0002_b128_e2,20,vi,42,3,53,,2,128,120.47667598724365,,1.9010858148618681,1.9010858148618681,,,0.09778787633882355,0.00040027499198913574,0.9998965314218207,0.09778787633882355,,1.7308356523576378,0.5888361420235744,120.47667598724365,1.9010858148618681,,1.9010858148618681,6.797908734159648,0.05028981880833097,0.05028974078595638,0.050387028604745865,0.05059961602091789,0.3624731586929473,0.35754819917133507,0.6443472251931069,,,,,,,,,,,,,,,,,,,,,,,,1.868021828497463e-05,7.550634429033096e-05,53
bayesfl_observability_v1,vi_lr0p0002_b128_e2,20,vi,27,2,611,,2,128,269.51904544830325,,11.73974128087606,11.73974128087606,,,0.2428143634846825,0.001959569752216339,0.9993627810400253,0.2428143634846825,,0.08162587036147914,2.2275297802473157,269.51904544830325,11.73974128087606,,11.73974128087606,6.802637382135966,0.0503034977992936,0.05030323192477226,0.05041216425597668,0.05065369978547096,0.3625857009602197,0.35716037988012284,0.6446339926934967,,,,,,,,,,,,,,,,,,,,,,,,0.00011535561836372272,8.424176279333927e-05,611
bayesfl_observability_v1,vi_lr0p0002_b128_e2,20,vi,7,0,152,,2,128,213.12133622169495,,4.297252002061626,4.297252002061626,,,0.146969214041296,0.0008022356778383255,0.9997662745900108,0.146969214041296,,1.264349492321815,1.032554209297049,213.12133622169495,4.297252002061626,,4.297252002061626,6.797997850206043,0.05029451288480538,0.050294239073991776,0.050394803285598755,0.050605546683073044,0.3624742602362688,0.3570428859679784,0.6441175192570964,,,,,,,,,,,,,,,,,,,,,,,,4.2225135128835865e-05,7.761594022477076e-05,152
bayesfl_observability_v1,vi_lr0p0002_b128_e2,20,vi,83,6,165,,2,128,177.0543339252472,,4.272231653211678,4.272231653211678,,,0.14653728903280747,0.0008020391687750816,0.9997676856210149,0.14653728903280747,,0.7163703465940834,1.5113752911057265,177.0543339252472,4.272231653211678,,4.272231653211678,6.798611664455746,0.050294407928951644,0.0502941869199276,0.05039408057928085,0.050592467188835144,0.3624894742146164,0.35726717720937395,0.6439475840978643,,,,,,,,,,,,,,,,,,,,,,,,4.197928321913804e-05,7.750509145633332e-05,165
bayesfl_observability_v1,vi_lr0p0002_b128_e2,20,vi,252,20,369,,2,128,308.86307493845624,,6.768283767641602,6.768283767641602,,,0.18440301441702384,0.0012035423424094915,0.9996322134925414,0.18440301441702384,,1.0683684981935357,1.1688247118610566,308.86307493845624,6.768283767641602,,6.768283767641602,6.799771675221995,0.050298342935486906,0.05029837042093277,0.05040103942155838,0.05062585696578026,0.3625206179312076,0.35715039309782365,0.6442133075975014,,,,,,,,,,,,,,,,,,,,,,,,6.650568701622877e-05,7.975404917835316e-05,369
bayesfl_observability_v1,vi_lr0p0002_b128_e2,20,vi,190,15,78,,2,128,153.55214500427246,,1.9023885103051297,1.9023885103051297,,,0.09782122788406915,0.00040027499198913574,0.9998964596067946,0.09782122788406915,,0.06335477530377637,2.1966737571094788,153.55214500427246,1.9023885103051297,,1.9023885103051297,6.797874879372219,0.05028973982324503,0.05028964579105377,0.050386862084269526,0.05060284212231636,0.3624799778501152,0.3573695573198227,0.6443230731167331,,,,,,,,,,,,,,,,,,,,,,,,1.869301867254721e-05,7.555053443155587e-05,78
bayesfl_observability_v1,vi_lr0p0002_b128_e2,20,vi,191,15,172,,2,128,195.66917181015015,,4.316054655774881,4.316054655774881,,,0.1472908323625319,0.0008022654801607132,0.9997653158349808,0.1472908323625319,,1.325943075341454,0.9746161163341331,195.66917181015015,4.316054655774881,,4.316054655774881,6.798959459084077,0.05029465321323674,0.050294796004891396,0.050394345074892044,0.0506223700940609,0.36248699998481215,0.35720294027999644,0.6443644271201173,,,,,,,,,,,,,,,,,,,,,,,,4.2409891478577976e-05,7.756629623015305e-05,172
bayesfl_observability_v1,vi_lr0p0002_b128_e2,20,vi,15,1,51,,2,128,142.62425994873047,,1.9027637993381314,1.9027637993381314,,,0.09783080531178673,0.00040027499198913574,0.9998964254736589,0.09783080531178673,,0.4639406270393286,1.8477013096607757,142.62425994873047,1.9027637993381314,,1.9027637993381314,6.797424097103503,0.050289799475329876,0.05028972029685974,0.05038701370358467,0.05059453845024109,0.3624568257036527,0.35720795373786485,0.6441144141194984,,,,,,,,,,,,,,,,,,,,,,,,1.869670629201269e-05,7.5622855637135e-05,51
bayesfl_observability_v1,vi_lr0p0002_b128_e2,20,vi,24,1,27,,2,128,64.03757095336914,,1.8992327573172871,1.8992327573172871,,,0.09773918519335369,0.00040027499198913574,0.9998966239368929,0.09773918519335369,,1.3110298871791874,1.0210991742953581,64.03757095336914,1.8992327573172871,,1.8992327573172871,6.797588894220737,0.05028979510945217,0.05028977245092392,0.050387028604745865,0.050601523369550705,0.3624599193341842,0.3574417341691777,0.6440683765951851,,,,,,,,,,,,,,,,,,,,,,,,1.8662009996239434e-05,7.56104338365541e-05,27
bayesfl_observability_v1,vi_lr0p0002_b128_e2,20,vi,266,21,765,,2,128,275.8224702676137,,13.881386394082952,13.881386394082952,,,0.26400185496024686,0.002357708290219307,0.9992466498871957,0.26400185496024686,,0.7641131958245704,1.5607339077663793,275.8224702676137,13.881386394082952,,13.881386394082952,6.802592725911013,0.0503057432092541,0.05030536279082298,0.050416958332061765,0.050671838223934174,0.36254688009028113,0.3576993542637441,0.6442423244729503,,,,,,,,,,,,,,,,,,,,,,,,0.00013639959117699667,8.619035620734904e-05,765
bayesfl_observability_v1,vi_lr0p0002_b128_e2,20,vi,156,12,30,,2,128,71.97591590881348,,1.9008120546796223,1.9008120546796223,,,0.09777929688278034,0.0004002731293439865,0.9998965522693675,0.09777929688278034,,0.6926879734424749,1.5393599710132444,71.97591590881348,1.9008120546796223,,1.9008120546796223,6.797981237503742,0.05028986652619925,0.05028967931866646,0.05038705840706825,0.05060253664851189,0.3625056422544691,0.3573881901039233,0.6441149852351301,,,,,,,,,,,,,,,,,,,,,,,,1.867752829595777e-05,7.559324003223108e-05,30
bayesfl_observability_v1,vi_lr0p0002_b128_e2,20,vi,64,5,14,,2,128,34.632999897003174,,1.8945056917124292,1.8945056917124292,,,0.09761772161753722,0.00040027499198913574,0.9998968743538934,0.09761772161753722,,0.8033149761408755,1.498435876843149,34.632999897003174,1.8945056917124292,,1.8945056917124292,6.797350996243057,0.05028973543441599,0.05028942599892616,0.050386791303753856,0.050602156668901443,0.3624613457273623,0.3574282340148633,0.6440702640217756,,,,,,,,,,,,,,,,,,,,,,,,1.861556147894693e-05,7.54276602089716e-05,14
bayesfl_observability_v1,vi_lr0p0002_b128_e2,20,vi,74,5,70,,2,128,180.70847177505493,,1.9015415580885113,1.9015415580885113,,,0.09779920640470764,0.00040027499198913574,0.9998965021889648,0.09779920640470764,,1.1534898214385076,1.1546999842430363,180.70847177505493,1.9015415580885113,,1.9015415580885113,6.797757353424084,0.05028980592198189,0.05028977245092392,0.0503871776163578,0.050602205097675323,0.3624813954426314,0.35756837732838553,0.6442498134915134,,,,,,,,,,,,,,,,,,,,,,,,1.8684696453655414e-05,7.554251417823508e-05,70
bayesfl_observability_v1,vi_lr0p0002_b128_e2,20,vi,223,17,110,,2,128,263.9862027168274,,1.9030434701550796,1.9030434701550796,,,0.09783893159527397,0.00040027499198913574,0.9998964300310639,0.09783893159527397,,0.8399031444716331,1.4694341093795324,263.9862027168274,1.9030434701550796,,1.9030434701550796,6.798083696258562,0.050289785605184954,0.050289761275053024,0.050387002527713776,0.050602830946445465,0.3625042621634116,0.357463923643779,0.6442035456882831,,,,,,,,,,,,,,,,,,,,,,,,1.8699454359389598e-05,7.546248785045947e-05,110
bayesfl_observability_v1,vi_lr0p0002_b128_e2,20,vi,298,23,16,,2,128,33.966617584228516,,1.901060402085038,1.901060402085038,,,0.09778690995296542,0.0004002731293439865,0.9998965297935473,0.09778690995296542,,-0.0,2.185987945410232,33.966617584228516,1.901060402085038,,1.901060402085038,6.797804380646307,0.05028978243138551,0.050289586186409,0.05038680136203766,0.05060211569070816,0.3624926569193599,0.3575719568744649,0.6442224008760221,,,,,,,,,,,,,,,,,,,,,,,,1.8679968577036828e-05,7.549201617859007e-05,16
bayesfl_observability_v1,vi_lr0p0002_b128_e2,21,vi,52,4,24,,2,128,55.9777774810791,,1.9016494341829193,1.9016494341829193,,,0.09783407837463005,0.00040027499198913574,0.9998964711489129,0.09783407837463005,,1.0880102622771117,1.1812023456676566,55.9777774810791,1.9016494341829193,,1.9016494341829193,6.799143916973268,0.05030605567611334,0.05030591040849686,0.050405584275722504,0.050624918192625046,0.36243278179406385,0.3575236494662879,0.6442112159655804,,,,,,,,,,,,,,,,,,,,,,,,1.868575645261786e-05,7.72400374028435e-05,24
bayesfl_observability_v1,vi_lr0p0002_b128_e2,21,vi,58,4,463,,2,128,263.715523481369,,9.221772794756443,9.221772794756443,,,0.21529030588064912,0.0015924293547868729,0.999499134152615,0.21529030588064912,,0.8886543877137418,1.3317328076251618,263.715523481369,9.221772794756443,,9.221772794756443,6.802913949395218,0.050317318620151257,0.05031698942184448,0.05042519569396973,0.05065678432583809,0.36250688681224313,0.3574493917182008,0.6441495507989076,,,,,,,,,,,,,,,,,,,,,,,,9.06138625799002e-05,8.366927308171484e-05,463
bayesfl_observability_v1,vi_lr0p0002_b128_e2,21,vi,206,16,6,,2,128,11.894067287445068,,1.9078979462917163,1.9078979462917163,,,0.09799595984453764,0.00040027499198913574,0.9998961242176038,0.09799595984453764,,0.6365141682948128,1.6395997169315697,11.894067287445068,1.9078979462917163,,1.9078979462917163,6.799028686056903,0.050306013315971704,0.05030587688088417,0.050405293703079224,0.05062196031212807,0.3624356024792417,0.35763417537956266,0.6441401624705289,,,,,,,,,,,,,,,,,,,,,,,,1.874715482255789e-05,7.734580625105443e-05,6
bayesfl_observability_v1,vi_lr0p0002_b128_e2,21,vi,210,16,280,,2,128,260.41307322184247,,6.745959177292991,6.745959177292991,,,0.1841576057460556,0.0012006363831460476,0.9996333116599193,0.1841576057460556,,0.29393881488658424,2.0344083103604644,260.41307322184247,6.745959177292991,,6.745959177292991,6.800888398667606,0.05031459541302996,0.05031460523605347,0.05041910335421562,0.050646789371967316,0.362426228197152,0.35726091887380085,0.6440763198921944,,,,,,,,,,,,,,,,,,,,,,,,6.628632384094518e-05,8.136390140973266e-05,280
bayesfl_observability_v1,vi_lr0p0002_b128_e2,21,vi,38,3,257,,2,128,193.00734074910483,,6.689689330036507,6.689689330036507,,,0.18338131240074662,0.0012048929929733276,0.9996364404176327,0.18338131240074662,,1.3397067534967495,0.9396094349232524,193.00734074910483,6.689689330036507,,6.689689330036507,6.801260568049568,0.05031448776030325,0.0503144096583128,0.050419144332408905,0.050646714866161346,0.36245466603085835,0.3575008553472999,0.6443262164457039,,,,,,,,,,,,,,,,,,,,,,,,6.573341190956576e-05,8.136514821177839e-05,257
bayesfl_observability_v1,vi_lr0p0002_b128_e2,21,vi,288,23,1,,2,128,1.3497310876846313,,1.9032094090619014,1.9032094090619014,,,0.09787452452820836,0.00040027499198913574,0.9998963789484931,0.09787452452820836,,-0.0,2.185987945410232,1.3497310876846313,1.9032094090619014,,1.9032094090619014,6.798949875778374,0.05030606332747234,0.05030585080385208,0.050405412912368774,0.05062748119235039,0.36241024651572545,0.3575101403802724,0.6439647931641183,,,,,,,,,,,,,,,,,,,,,,,,1.870108488809965e-05,7.735121486455555e-05,1
bayesfl_observability_v1,vi_lr0p0002_b128_e2,21,vi,190,15,78,,2,128,193.3485107421875,,1.9043279553145036,1.9043279553145036,,,0.09790456038549877,0.0004002721980214119,0.9998962980348555,0.09790456038549877,,0.06335477530377637,2.1966737571094788,193.3485107421875,1.9043279553145036,,1.9043279553145036,6.798228663571603,0.050306117254279796,0.050306063145399094,0.05040566734969616,0.050615616142749786,0.36237690620539675,0.35732161097724247,0.6438851834001218,,,,,,,,,,,,,,,,,,,,,,,,1.8712075811285285e-05,7.72657876909745e-05,78
bayesfl_observability_v1,vi_lr0p0002_b128_e2,21,vi,279,22,12,,2,128,27.96248722076416,,1.9060525538689723,1.9060525538689723,,,0.09794642880177634,0.00040027499198913574,0.9998962550919903,0.09794642880177634,,0.6172417697303416,1.6358465807671725,27.96248722076416,1.9060525538689723,,1.9060525538689723,6.799669004506548,0.05030607446124749,0.05030598118901253,0.05040536522865295,0.05061984434723854,0.3624583077467621,0.35750898377710116,0.6441154084397288,,,,,,,,,,,,,,,,,,,,,,,,1.87290218519109e-05,7.725369609750966e-05,12
bayesfl_observability_v1,vi_lr0p0002_b128_e2,21,vi,286,22,12,,2,128,26.25534725189209,,1.9039975751809213,1.9039975751809213,,,0.09789444680657569,0.00040027499198913574,0.999896331872126,0.09789444680657569,,-0.0,2.185987945410232,26.25534725189209,1.9039975751809213,,1.9039975751809213,6.798787164884471,0.05030609569273003,0.050305917859077454,0.05040561035275459,0.05062567815184593,0.36240887431004426,0.35727511566813647,0.6439190544581614,,,,,,,,,,,,,,,,,,,,,,,,1.8708829470186904e-05,7.726381552560477e-05,12
bayesfl_observability_v1,vi_lr0p0002_b128_e2,21,vi,142,11,1305,,2,128,299.3221432729201,,24.066827996268177,24.066827996268177,,,0.3476410058594544,0.004015866667032242,0.9986946275467014,0.3476410058594544,,1.0393456977703441,1.2528709717652187,299.3221432729201,24.066827996268177,,24.066827996268177,6.8059424105078445,0.050329376193281594,0.05032771825790405,0.05045601725578308,0.05074261501431465,0.36251384183887353,0.35674371546053146,0.6440102646866597,,,,,,,,,,,,,,,,,,,,,,,,0.0002364825390219925,9.71600221301719e-05,1305
bayesfl_observability_v1,vi_lr0p0002_b128_e2,21,vi,125,10,4,,2,128,8.287311792373657,,1.9074695283444263,1.9074695283444263,,,0.09798396906142547,0.00040027499198913574,0.9998961504533704,0.09798396906142547,,0.5623351446188083,1.818115478821869,8.287311792373657,1.9074695283444263,,1.9074695283444263,6.799052812865289,0.05030606764261552,0.050306107848882675,0.05040547996759415,0.05062338709831238,0.3624184840809221,0.3574256391932019,0.6437875146544818,,,,,,,,,,,,,,,,,,,,,,,,1.8742945154214663e-05,7.72615190268287e-05,4
bayesfl_observability_v1,vi_lr0p0002_b128_e2,21,vi,127,10,1,,2,128,4.474439382553101,,1.8918677480119577,1.8918677480119577,,,0.09757935747599296,0.00040027499198913574,0.9998970054616835,0.09757935747599296,,-0.0,2.3277319754160017,4.474439382553101,1.8918677480119577,,1.8918677480119577,6.799024445111627,0.05030614759359746,0.050306107848882675,0.050405774265527725,0.05062767118215561,0.36243927872160064,0.35731799648048934,0.6441648040784181,,,,,,,,,,,,,,,,,,,,,,,,1.858964083729938e-05,7.722351134246044e-05,1
bayesfl_observability_v1,vi_lr0p0002_b128_e2,21,vi,172,13,289,,2,128,244.64986642201742,,6.726997757023767,6.726997757023767,,,0.18389611519428772,0.0012021828442811966,0.9996343326068542,0.18389611519428772,,1.2787090971089894,1.0140274784545764,244.64986642201742,6.726997757023767,,6.726997757023767,6.800708130318855,0.05031448431401622,0.050314661115407944,0.050419311970472336,0.050635408610105515,0.36241860734712195,0.35756401135670457,0.6441415224401239,,,,,,,,,,,,,,,,,,,,,,,,6.61000074385749e-05,8.148597623437704e-05,289
bayesfl_observability_v1,vi_lr0p0002_b128_e2,21,vi,63,5,8,,2,128,22.79207134246826,,1.9037126622802996,1.9037126622802996,,,0.09788653414179513,0.00040027499198913574,0.9998963610068078,0.09788653414179513,,-0.0,2.3292713582565514,22.79207134246826,1.9037126622802996,,1.9037126622802996,6.799169200628064,0.050306007804650506,0.050305962562561035,0.05040528252720833,0.05062484368681908,0.3624399561092107,0.35751360861560355,0.6439949969046926,,,,,,,,,,,,,,,,,,,,,,,,1.8706029893684774e-05,7.730974882304398e-05,8
bayesfl_observability_v1,vi_lr0p0002_b128_e2,21,vi,67,5,16,,2,128,62.71098566055298,,1.8933079635385028,1.8933079635385028,,,0.09761815062197701,0.00040027499198913574,0.9998969229734487,0.09761815062197701,,-0.0,2.311121424016332,62.71098566055298,1.8933079635385028,,1.8933079635385028,6.7990071182431615,0.050306063506653786,0.050306085497140884,0.05040547996759415,0.05062484368681908,0.3624290724743336,0.35733464064628806,0.6443407112470616,,,,,,,,,,,,,,,,,,,,,,,,1.8603792507993544e-05,7.72828800212848e-05,16
bayesfl_observability_v1,vi_lr0p0002_b128_e2,22,vi,62,5,230,,2,128,252.27748489379883,,4.295154905349275,4.295154905349275,,,0.14704425479327737,0.0008022747933864594,0.9997663312621318,0.14704425479327737,,0.7398855854147172,1.5046979575000918,252.27748489379883,4.295154905349275,,4.295154905349275,6.80228347487501,0.05033277249750904,0.05033247359097004,0.05044187232851982,0.0506889782845974,0.36238509661535073,0.3568315723054487,0.643649783195094,,,,,,,,,,,,,,,,,,,,,,,,4.2204528892102536e-05,8.462893491049915e-05,230
bayesfl_observability_v1,vi_lr0p0002_b128_e2,22,vi,230,18,26,,2,128,70.82654857635498,,1.8987957749211337,1.8987957749211337,,,0.09780292727879847,0.00040027499198913574,0.9998965883963608,0.09780292727879847,,0.46922034844159877,1.856478418550846,70.82654857635498,1.8987957749211337,,1.8987957749211337,6.800853417307428,0.050328082111843024,0.05032743886113167,0.050434873625636104,0.05067519471049309,0.36233284032885277,0.3570578094119502,0.6438518129913043,,,,,,,,,,,,,,,,,,,,,,,,1.865771617295012e-05,8.285005408460787e-05,26
bayesfl_observability_v1,vi_lr0p0002_b128_e2,22,vi,95,7,23,,2,128,55.59433364868164,,1.8962554009611305,1.8962554009611305,,,0.09773685030646662,0.00040027499198913574,0.9998967219406917,0.09773685030646662,,0.8945510979978213,1.3821042036330575,55.59433364868164,1.8962554009611305,,1.8962554009611305,6.800640787856382,0.050328062491602536,0.0503273643553257,0.05043519660830498,0.05067690461874008,0.36230015068800847,0.35696654526086663,0.6440640974222488,,,,,,,,,,,,,,,,,,,,,,,,1.8632754259223056e-05,8.288570219427274e-05,23
bayesfl_observability_v1,vi_lr0p0002_b128_e2,22,vi,165,13,36,,2,128,108.61497664451599,,1.9014786347530928,1.9014786347530928,,,0.09787194885964509,0.00040027499198913574,0.9998964499979627,0.09787194885964509,,0.38131648785332906,1.926685551035581,108.61497664451599,1.9014786347530928,,1.9014786347530928,6.80107954129854,0.0503281123457383,0.0503276027739048,0.05043496564030647,0.0506768561899662,0.3623487771315074,0.35686260465969505,0.6439504202254638,,,,,,,,,,,,,,,,,,,,,,,,1.8684078164027638e-05,8.289809357125223e-05,36
bayesfl_observability_v1,vi_lr0p0002_b128_e2,22,vi,86,6,7,,2,128,16.201631546020508,,1.9051766935769092,1.9051766935769092,,,0.09796733218087991,0.00040027499198913574,0.9998962305746473,0.09796733218087991,,0.410116318288409,1.9071323795658244,16.201631546020508,1.9051766935769092,,1.9051766935769092,6.80049425603156,0.05032813043501149,0.05032737925648689,0.05043485909700394,0.05067555233836174,0.36231060004655546,0.35698597841854796,0.6440772734843434,,,,,,,,,,,,,,,,,,,,,,,,1.8720415580003038e-05,8.291664264445384e-05,7
bayesfl_observability_v1,vi_lr0p0002_b128_e2,22,vi,141,11,30,,2,128,70.89089012145996,,1.897827331726209,1.897827331726209,,,0.09777721946645641,0.00040027499198913574,0.9998966503911525,0.09777721946645641,,1.5190465305721117,0.7674065092926465,70.89089012145996,1.897827331726209,,1.897827331726209,6.801080104933077,0.05032812688967135,0.050327546894550323,0.05043496564030647,0.05067681893706322,0.36234244374244123,0.3568929022120191,0.644097390208108,,,,,,,,,,,,,,,,,,,,,,,,1.864820017417912e-05,8.289972579673316e-05,30
bayesfl_observability_v1,vi_lr0p0002_b128_e2,22,vi,147,11,14,,2,128,36.32951641082764,,1.9029824902548371,1.9029824902548371,,,0.09791097312300051,0.0004002717323601246,0.999896367789529,0.09791097312300051,,0.8918673953172509,1.3950007042270034,36.32951641082764,1.9029824902548371,,1.9029824902548371,6.801090364841094,0.05032818296186094,0.050327613949775696,0.05043519772589207,0.05067521706223488,0.3623473593732813,0.3567531840220921,0.6439282629760076,,,,,,,,,,,,,,,,,,,,,,,,1.8698855166108255e-05,8.286305337919345e-05,14
bayesfl_observability_v1,vi_lr0p0002_b128_e2,22,vi,34,2,89,,2,128,207.03789043426514,,1.9033223985550047,1.9033223985550047,,,0.09792016793844818,0.00040027499198913574,0.9998963262356149,0.09792016793844818,,0.9392429968990706,1.3654484544000312,207.03789043426514,1.9033223985550047,,1.9033223985550047,6.800296242761491,0.05032810326392933,0.05032757669687271,0.05043512731790543,0.050676845014095306,0.362275953102846,0.3569824299716849,0.6436443173116696,,,,,,,,,,,,,,,,,,,,,,,,1.870219513171863e-05,8.294410975043305e-05,89
bayesfl_observability_v1,vi_lr0p0002_b128_e2,22,vi,202,16,344,,2,128,265.2987934748332,,6.701319735444549,6.701319735444549,,,0.18362502807784745,0.0012026680633425713,0.9996356229948258,0.18362502807784745,,0.7151651242351365,1.5572907521493602,265.2987934748332,6.701319735444549,,6.701319735444549,6.80269334240874,0.05033639161447165,0.0503358319401741,0.05044837035238743,0.050707388669252396,0.3623566776998472,0.3565252595354369,0.6436984367114315,,,,,,,,,,,,,,,,,,,,,,,,6.584769318506975e-05,8.678496054826583e-05,344
bayesfl_observability_v1,vi_lr0p0002_b128_e2,22,vi,108,8,1,,2,128,1.7536340951919556,,1.8974586778489124,1.8974586778489124,,,0.0977685789931787,0.00040027499198913574,0.9998966570718912,0.0977685789931787,,-0.0,2.3163460082440825,1.7536340951919556,1.8974586778489124,,1.8974586778489124,6.8007207707118,0.05032816583830071,0.05032770708203316,0.05043516308069229,0.05067235603928566,0.36232531553066655,0.3565297460795629,0.6441432911454146,,,,,,,,,,,,,,,,,,,,,,,,1.8644577752273875e-05,8.28133598773073e-05,1
bayesfl_observability_v1,vi_lr0p0002_b128_e2,22,vi,109,8,28,,2,128,64.27701807022095,,1.8974034276242402,1.8974034276242402,,,0.0977670518752004,0.0004002717323601246,0.9998966564271876,0.0977670518752004,,0.8583093118876355,1.4436829998723784,64.27701807022095,1.8974034276242402,,1.8974034276242402,6.800576233402655,0.05032803419568549,0.05032739043235779,0.05043488368391991,0.05067490041255951,0.36232383272650187,0.3568399110382743,0.6442099214410173,,,,,,,,,,,,,,,,,,,,,,,,1.864403485923396e-05,8.287868303679554e-05,28
bayesfl_observability_v1,vi_lr0p0002_b128_e2,22,vi,118,9,17,,2,128,41.72770833969116,,1.8992809058826525,1.8992809058826525,,,0.0978149919160812,0.00040027499198913574,0.9998965643325687,0.0978149919160812,,0.8277381569989198,1.4618562942707825,41.72770833969116,1.8992809058826525,,1.8992809058826525,6.800899177986967,0.050328101633140214,0.050327569246292114,0.05043526068329811,0.05067466199398041,0.36232417119719906,0.35677293838313606,0.6439009919675264,,,,,,,,,,,,,,,,,,,,,,,,1.8662483107818143e-05,8.294066053662911e-05,17
bayesfl_observability_v1,vi_lr0p0002_b128_e2,22,vi,213,17,221,,2,128,270.8741819858551,,4.315428335665491,4.315428335665491,,,0.14739225402571163,0.0008022245019674301,0.9997651227163291,0.14739225402571163,,0.8483302342361435,1.4429576609466432,270.8741819858551,4.315428335665491,,4.315428335665491,6.800719539587705,0.050332916562285404,0.05033236742019653,0.05044190734624863,0.05068976804614067,0.3622703920883432,0.3569902968634257,0.643710198940787,,,,,,,,,,,,,,,,,,,,,,,,4.2403737208072034e-05,8.483221426319629e-05,221
bayesfl_observability_v1,vi_lr0p0002_b128_e2,22,vi,219,17,79,,2,128,210.7646689414978,,1.906827065240592,1.906827065240592,,,0.09801030028897909,0.0004002717323601246,0.9998961466351309,0.09801030028897909,,0.8512212851081872,1.4493005765096665,210.7646689414978,1.906827065240592,,1.906827065240592,6.800763039237849,0.05032806944527033,0.05032745376229286,0.050434914976358415,0.05067690461874008,0.36231929834408133,0.3570004434948547,0.6440078519453687,,,,,,,,,,,,,,,,,,,,,,,,1.8736632261379504e-05,8.292892464341766e-05,79
bayesfl_observability_v1,vi_lr0p0002_b128_e2,22,vi,150,12,12,,2,128,26.853798866271973,,1.8969540967269047,1.8969540967269047,,,0.0977549270441723,0.00040027499198913574,0.9998966959457026,0.0977549270441723,,-0.0,2.185987945410232,26.853798866271973,1.8969540967269047,,1.8969540967269047,6.801036047461756,0.05032813516346167,0.050327252596616745,0.050435177981853485,0.050675902515649796,0.36234353300930083,0.3567215228076899,0.643629053949773,,,,,,,,,,,,,,,,,,,,,,,,1.863961969860376e-05,8.288463565635718e-05,12
bayesfl_observability_v1,vi_lr0p0002_b128_e2,23,vi,153,12,1,,2,128,1.930641531944275,,1.8992642509418716,1.8992642509418716,,,0.09783662952254457,0.00040027499198913574,0.9998965286413425,0.09783662952254457,,-0.0,2.259365973874069,1.930641531944275,1.8992642509418716,,1.8992642509418716,6.801226152949861,0.05033906543223079,0.05033834092319012,0.050446917116641996,0.05069800466299057,0.3622798881285315,0.3567248701555076,0.6432829348641924,,,,,,,,,,,,,,,,,,,,,,,,1.866231945506408e-05,8.357233653493099e-05,1
bayesfl_observability_v1,vi_lr0p0002_b128_e2,23,vi,205,16,59,,2,128,170.02767324447632,,1.8993510940685459,1.8993510940685459,,,0.09783832727196475,0.00040027499198913574,0.9998965123288888,0.09783832727196475,,0.5862670279243112,1.7062547875005167,170.02767324447632,1.8993510940685459,,1.8993510940685459,6.800781194322755,0.05033893248783215,0.05033821612596512,0.05044648051261902,0.05069708824157715,0.362249044450827,0.35666441357710715,0.6434482949171972,,,,,,,,,,,,,,,,,,,,,,,,1.8663172782436336e-05,8.363271259537748e-05,59
bayesfl_observability_v1,vi_lr0p0002_b128_e2,23,vi,209,16,35,,2,128,100.57263708114624,,1.8941398878477305,1.8941398878477305,,,0.09770381104740136,0.00040027499198913574,0.9998968179819064,0.09770381104740136,,0.38937723629048177,1.9497352935038788,100.57263708114624,1.8941398878477305,,1.8941398878477305,6.801464773232878,0.05033901886471107,0.0503382533788681,0.050446541607379915,0.050685834139585495,0.3622769895807892,0.3565696996252976,0.6439471749795748,,,,,,,,,,,,,,,,,,,,,,,,1.861196706148895e-05,8.351876710836578e-05,35
bayesfl_observability_v1,vi_lr0p0002_b128_e2,23,vi,131,10,45,,2,128,129.57949447631836,,1.8997552039310954,1.8997552039310954,,,0.09784807151547495,0.0004002717323601246,0.9998964932945816,0.09784807151547495,,0.742378396193409,1.5708860200036903,129.57949447631836,1.8997552039310954,,1.8997552039310954,6.800845766832655,0.05033900229798602,0.05033827945590019,0.05044667795300484,0.05069764330983162,0.36225070649162344,0.3569488594003874,0.6436832295062698,,,,,,,,,,,,,,,,,,,,,,,,1.866714359763285e-05,8.366217915112459e-05,45
bayesfl_observability_v1,vi_lr0p0002_b128_e2,23,vi,134,10,326,,2,128,240.07400878270468,,6.8135113420179545,6.8135113420179545,,,0.18520627202200612,0.00120500847697258,0.9996293689379527,0.18520627202200612,,0.4149757414196952,1.8961001489773186,240.07400878270468,6.8135113420179545,,6.8135113420179545,6.80314413736698,0.05034739149001729,0.05034705623984337,0.050459593534469604,0.050727881491184235,0.3622827630522373,0.3566166195987561,0.6438719502062026,,,,,,,,,,,,,,,,,,,,,,,,6.695009670844015e-05,8.748090227143844e-05,326
bayesfl_observability_v1,vi_lr0p0002_b128_e2,23,vi,267,21,306,,2,128,240.26699908574423,,6.7477258457197955,6.7477258457197955,,,0.1843048667008208,0.0012063570320606232,0.9996329961875557,0.1843048667008208,,0.49629795412582844,1.8891532045272958,240.26699908574423,6.7477258457197955,,6.7477258457197955,6.803380766238936,0.050347281788399215,0.05034688860177994,0.05046001821756363,0.0507403239607811,0.36229878876556276,0.35649247474291623,0.6436400223585841,,,,,,,,,,,,,,,,,,,,,,,,6.630368326343515e-05,8.765296019492693e-05,306
bayesfl_observability_v1,vi_lr0p0002_b128_e2,23,vi,281,22,45,,2,128,123.32957363128662,,1.8977741643188069,1.8977741643188069,,,0.09779734146966584,0.00040027499198913574,0.9998966015135362,0.09779734146966584,,0.6455309973239547,1.625588744222669,123.32957363128662,1.8977741643188069,,1.8977741643188069,6.800881646875676,0.050339084437836815,0.050338516011834145,0.05044703185558319,0.05069773644208908,0.36225937356621857,0.3568436645969272,0.6437215459215453,,,,,,,,,,,,,,,,,,,,,,,,1.864767774706502e-05,8.364776571220525e-05,45
bayesfl_observability_v1,vi_lr0p0002_b128_e2,23,vi,284,22,252,,2,128,321.0968735218048,,4.327191210100519,4.327191210100519,,,0.14762836452049583,0.0008023025002330542,0.9997645006434749,0.14762836452049583,,0.042414731858117456,2.1445043425723562,321.0968735218048,4.327191210100519,,4.327191210100519,6.802688927960593,0.05034383696143287,0.05034365877509117,0.05045405887067318,0.050717905163764954,0.3622771174466025,0.3566562987446887,0.6435985913230443,,,,,,,,,,,,,,,,,,,,,,,,4.2519320134622374e-05,8.549588178508884e-05,252
bayesfl_observability_v1,vi_lr0p0002_b128_e2,23,vi,176,14,6,,2,128,14.47221851348877,,1.901206182966684,1.901206182966684,,,0.09788621860277448,0.00040027499198913574,0.999896408594372,0.09788621860277448,,0.8675632284814612,1.4502930449152613,14.47221851348877,1.901206182966684,,1.901206182966684,6.800675479871452,0.05033904698712044,0.05033840239048004,0.05044685676693916,0.050702571868896484,0.3622401856391065,0.356610951090897,0.643362489214603,,,,,,,,,,,,,,,,,,,,,,,,1.8681401031410868e-05,8.362625069446768e-05,6
bayesfl_observability_v1,vi_lr0p0002_b128_e2,23,vi,140,11,4,,2,128,8.6583411693573,,1.8931555404431528,1.8931555404431528,,,0.09767744369291738,0.0004002717323601246,0.999896850783058,0.09767744369291738,,0.5623351446188083,1.7521899758935873,8.6583411693573,1.8931555404431528,,1.8931555404431528,6.800710748420812,0.050338954962054254,0.050338320434093475,0.05044684559106827,0.05067644268274307,0.36223948728436295,0.3568388532732162,0.6432585888671357,,,,,,,,,,,,,,,,,,,,,,,,1.8602294786706817e-05,8.359581641275708e-05,4
bayesfl_observability_v1,vi_lr0p0002_b128_e2,23,vi,148,11,143,,2,128,178.4997043609619,,4.28391744541295,4.28391744541295,,,0.1468821403247358,0.0008020363748073578,0.9997668221464167,0.1468821403247358,,0.8043283840341318,1.4893525926791222,178.4997043609619,4.28391744541295,,4.28391744541295,6.80198485976067,0.05034390282344523,0.050343696027994156,0.05045387260615826,0.05071798712015152,0.3622557898390566,0.35672539929023256,0.6434822322340018,,,,,,,,,,,,,,,,,,,,,,,,4.2094108729615305e-05,8.538885894509232e-05,143
bayesfl_observability_v1,vi_lr0p0002_b128_e2,23,vi,238,19,18,,2,128,43.17331123352051,,1.8998085306657022,1.8998085306657022,,,0.09785048273653836,0.0004002721980214119,0.9998964819653136,0.09785048273653836,,0.9404479886553264,1.3716040057455146,43.17331123352051,1.8998085306657022,,1.8998085306657022,6.800564477627328,0.050339008404650845,0.050338272005319595,0.05044698491692543,0.0506976880133152,0.3622128308025066,0.3567955944108716,0.6434205635928351,,,,,,,,,,,,,,,,,,,,,,,,1.866766759030856e-05,8.36287287286502e-05,18
bayesfl_observability_v1,vi_lr0p0002_b128_e2,23,vi,107,8,2,,2,128,4.657303094863892,,1.9035626052659669,1.9035626052659669,,,0.0979470350616665,0.00040027499198913574,0.999896292317062,0.0979470350616665,,-0.0,2.311121424016332,4.657303094863892,1.9035626052659669,,1.9035626052659669,6.801144841036555,0.050339074782647215,0.05033857002854347,0.05044680833816528,0.050702571868896484,0.36226913982708414,0.35641659066000975,0.6433693765884545,,,,,,,,,,,,,,,,,,,,,,,,1.8704555421695655e-05,8.353052570489163e-05,2
bayesfl_observability_v1,vi_lr0p0002_b128_e2,23,vi,78,6,10,,2,128,25.06434917449951,,1.9020786533238652,1.9020786533238652,,,0.0979090996160937,0.0004002717323601246,0.9998963764588376,0.0979090996160937,,0.6554817739013927,1.6692820093029912,25.06434917449951,1.9020786533238652,,1.9020786533238652,6.801260872738266,0.050338948557827425,0.05033838003873825,0.05044679716229439,0.050702475011348724,0.3622746198657221,0.35685090294003274,0.6437100197269529,,,,,,,,,,,,,,,,,,,,,,,,1.868997399355277e-05,8.361740556071839e-05,10
bayesfl_observability_v1,vi_lr0p0002_b128_e2,23,vi,79,6,34,,2,128,78.50380945205688,,1.9057475891561455,1.9057475891561455,,,0.09800351012357898,0.00040027499198913574,0.9998961573394018,0.09800351012357898,,-0.0,2.185987945410232,78.50380945205688,1.9057475891561455,,1.9057475891561455,6.800533107762952,0.05033904790553976,0.05033852159976959,0.05044689029455185,0.05070255696773529,0.36222327960641465,0.3568346256651286,0.6437380280661001,,,,,,,,,,,,,,,,,,,,,,,,1.8726025244729738e-05,8.372240286202123e-05,34
bayesfl_observability_v1,vi_lr0p0002_b128_e2,24,vi,98,7,780,,2,128,261.83720207214355,,15.892982833309185,15.892982833309185,,,0.28279365694707354,0.0026003383100032806,0.9991367046066278,0.28279365694707354,,1.14643460798294,1.1350968930507688,261.83720207214355,15.892982833309185,,15.892982833309185,6.807199854669332,0.050369026519082157,0.05036845803260803,0.0504933275282383,0.050762102007865906,0.3622529825724488,0.3564691203897054,0.6435430293674849,,,,,,,,,,,,,,,,,,,,,,,,0.00015616569552234633,9.626177803061054e-05,780
bayesfl_observability_v1,vi_lr0p0002_b128_e2,24,vi,177,14,173,,2,128,231.05214500427246,,4.276894944224109,4.276894944224109,,,0.1467989072592001,0.0008020270615816116,0.9997671103700752,0.1467989072592001,,0.7072416889214992,1.6019064244591992,231.05214500427246,4.276894944224109,,4.276894944224109,6.802319839667546,0.05035594209466396,0.0503555703908205,0.050466906279325485,0.05072987824678421,0.3621831070706789,0.35678216855289135,0.6433077506725082,,,,,,,,,,,,,,,,,,,,,,,,4.2025105082284655e-05,8.61123690094001e-05,173
bayesfl_observability_v1,vi_lr0p0002_b128_e2,24,vi,178,14,135,,2,128,130.59435558319092,,4.263710525058069,4.263710525058069,,,0.14656901822283916,0.0008021313697099686,0.9997678557185968,0.14656901822283916,,0.4244935576316679,1.8415271470075187,130.59435558319092,4.263710525058069,,4.263710525058069,6.802575400709236,0.05035602360710515,0.05035562440752983,0.05046670883893967,0.05073891207575798,0.36219081172787043,0.3565715853470325,0.6433935982577219,,,,,,,,,,,,,,,,,,,,,,,,4.189555394574107e-05,8.632827747107847e-05,135
bayesfl_observability_v1,vi_lr0p0002_b128_e2,24,vi,192,15,5,,2,128,9.611747980117798,,1.8946170298524359,1.8946170298524359,,,0.09773912691697147,0.00040027499198913574,0.999896755614419,0.09773912691697147,,-0.0,2.3277319754160017,9.611747980117798,1.8946170298524359,,1.8946170298524359,6.801909862163831,0.0503512500084031,0.050350744277238846,0.05045992508530617,0.050738636404275894,0.3622103824538252,0.35675438683835325,0.6433848039695425,,,,,,,,,,,,,,,,,,,,,,,,1.8616655496240894e-05,8.445253705052293e-05,5
bayesfl_observability_v1,vi_lr0p0002_b128_e2,24,vi,69,5,1,,2,128,1.6160215139389038,,1.8995798234978427,1.8995798234978427,,,0.09786828066954689,0.00040027499198913574,0.999896475558044,0.09786828066954689,,-0.0,2.259365973874069,1.6160215139389038,1.8995798234978427,,1.8995798234978427,6.801687177076008,0.05035120595257169,0.050350695848464966,0.050459910184144974,0.050725921988487244,0.3622096076315668,0.35654494023316197,0.643811030133311,,,,,,,,,,,,,,,,,,,,,,,,1.8665420295743763e-05,8.444884130021756e-05,1
bayesfl_observability_v1,vi_lr0p0002_b128_e2,24,vi,202,16,344,,2,128,268.65698766708374,,6.734068836767239,6.734068836767239,,,0.1841575295204644,0.00119792390614748,0.9996336192860095,0.1841575295204644,,0.7151651242351365,1.5572907521493602,268.65698766708374,6.734068836767239,,6.734068836767239,6.8037400302541915,0.05035975812350947,0.05035961791872978,0.05047344043850899,0.05075044929981232,0.36223031015531526,0.35719790366123844,0.6430978336478782,,,,,,,,,,,,,,,,,,,,,,,,6.61694884225925e-05,8.813790647240316e-05,344
bayesfl_observability_v1,vi_lr0p0002_b128_e2,24,vi,32,2,4,,2,128,11.047338962554932,,1.899022443827088,1.899022443827088,,,0.09785405678321671,0.00040027499198913574,0.9998965092110188,0.09785405678321671,,0.5623351446188083,1.7533774711376668,11.047338962554932,1.899022443827088,,1.899022443827088,6.801804790457247,0.05035121735671133,0.050350695848464966,0.050459866598248485,0.0507386177778244,0.36220472845461027,0.35675782741444195,0.6437425003660308,,,,,,,,,,,,,,,,,,,,,,,,1.8659943439393613e-05,8.454707166127067e-05,4
bayesfl_observability_v1,vi_lr0p0002_b128_e2,24,vi,289,23,111,,2,128,354.7465772628784,,1.8984974458940225,1.8984974458940225,,,0.09784069492128669,0.00040027499198913574,0.9998965358404956,0.09784069492128669,,0.21838083332586875,1.975025863627753,354.7465772628784,1.8984974458940225,,1.8984974458940225,6.801752071375785,0.0503511791609369,0.05035075172781944,0.05046025291085243,0.0507386177778244,0.3621924978880686,0.35666819343436795,0.6432215924084361,,,,,,,,,,,,,,,,,,,,,,,,1.865478476853712e-05,8.457574320028783e-05,111
bayesfl_observability_v1,vi_lr0p0002_b128_e2,24,vi,257,20,1,,2,128,3.4322545528411865,,1.893574654763616,1.893574654763616,,,0.0977123040578914,0.0004002731293439865,0.9998968049348185,0.0977123040578914,,-0.0,2.4040642619438994,3.4322545528411865,1.893574654763616,,1.893574654763616,6.801674817224728,0.050351178642976224,0.05035081133246422,0.050459910184144974,0.05071358010172844,0.3621900401079204,0.35653875787316275,0.6432989199875963,,,,,,,,,,,,,,,,,,,,,,,,1.8606413036883325e-05,8.452066738621683e-05,1
bayesfl_observability_v1,vi_lr0p0002_b128_e2,24,vi,128,10,63,,2,128,147.4428243637085,,1.901347231938859,1.901347231938859,,,0.09791328849615073,0.00040027499198913574,0.9998963819041902,0.09791328849615073,,0.9152182792868668,1.361330606993555,147.4428243637085,1.901347231938859,,1.901347231938859,6.801740871062762,0.05035111708464968,0.05035065859556198,0.050460007041692734,0.05073438212275505,0.36220872229125434,0.35679448987579243,0.6433640393381457,,,,,,,,,,,,,,,,,,,,,,,,1.8682786989671407e-05,8.456285482971512e-05,63
bayesfl_observability_v1,vi_lr0p0002_b128_e2,24,vi,47,3,19,,2,128,47.29006767272949,,1.9009312351656673,1.9009312351656673,,,0.09790341080366947,0.00040027499198913574,0.9998963899057712,0.09790341080366947,,0.6680178186607534,1.6176422038869243,47.29006767272949,1.9009312351656673,,1.9009312351656673,6.801214123803984,0.05035116291966685,0.050350725650787354,0.05045976862311363,0.050738636404275894,0.3621611845543376,0.3564667615884639,0.6432464863246915,,,,,,,,,,,,,,,,,,,,,,,,1.8678699372758843e-05,8.441543754987904e-05,19
bayesfl_observability_v1,vi_lr0p0002_b128_e2,24,vi,113,9,2,,2,128,6.545762062072754,,1.8971629514084793,1.8971629514084793,,,0.09780475636415868,0.00040027499198913574,0.9998966162158015,0.09780475636415868,,-0.0,2.3277319754160017,6.545762062072754,1.8971629514084793,,1.8971629514084793,6.80188934649524,0.0503511460187748,0.050351064652204514,0.050460122525691986,0.05071153864264488,0.36219713652671365,0.35682461169906965,0.6437183959765164,,,,,,,,,,,,,,,,,,,,,,,,1.8641671921081647e-05,8.445418733092965e-05,2
bayesfl_observability_v1,vi_lr0p0002_b128_e2,24,vi,243,19,10,,2,128,20.088635444641113,,1.9010357092268948,1.9010357092268948,,,0.0979050609945916,0.00040027499198913574,0.9998964069806803,0.0979050609945916,,0.7595473914748635,1.555578650820714,20.088635444641113,1.9010357092268948,,1.9010357092268948,6.801975050267148,0.050351175866853434,0.05035071074962616,0.05045985542237759,0.050710126757621765,0.36221507492682026,0.35644713154512836,0.643436170470323,,,,,,,,,,,,,,,,,,,,,,,,1.8679725943076494e-05,8.445578996796806e-05,10
bayesfl_observability_v1,vi_lr0p0002_b128_e2,24,vi,161,12,522,,2,128,277.6775412559509,,11.528831849829407,11.528831849829407,,,0.2409014438604647,0.0019525354728102684,0.9993733085850968,0.2409014438604647,,0.46907990249119813,1.8590800092150952,277.6775412559509,11.528831849829407,,11.528831849829407,6.805582685449147,0.050365003319218324,0.050364233553409576,0.050484366714954376,0.05080246552824974,0.3622440018606329,0.356646491483934,0.643750688175416,,,,,,,,,,,,,,,,,,,,,,,,0.0001132832057564057,9.232294777393103e-05,522
bayesfl_observability_v1,vi_lr0p0002_b128_e2,24,vi,12,1,1408,,2,128,265.33093760230327,,24.099768012567996,24.099768012567996,,,0.3481821551181683,0.0041582342237234116,0.9986914970173948,0.3481821551181683,,1.0327057287701606,1.248593947717984,265.33093760230327,24.099768012567996,,24.099768012567996,6.8083459574547645,0.05037500821636001,0.05037373676896095,0.05050816535949707,0.05083983764052391,0.36221583715032535,0.3563179759943307,0.643426070960459,,,,,,,,,,,,,,,,,,,,,,,,0.00023680621020505057,0.00010282927287731699,1408
bayesfl_observability_v1,vi_lr0p0002_b128_e2,25,vi,186,14,2,,2,128,5.289866209030151,,1.894069542376757,1.894069542376757,,,0.09777066238633411,0.0004002731293439865,0.9998967179511861,0.09777066238633411,,-0.0,2.28098669344155,5.289866209030151,1.894069542376757,,1.894069542376757,6.8028624072898385,0.05037422775881802,0.05037370137870312,0.05048819743096829,0.05079396069049835,0.3620354421540019,0.3565512027010414,0.643589754476423,,,,,,,,,,,,,,,,,,,,,,,,1.861127584137523e-05,8.861793516817934e-05,2
bayesfl_observability_v1,vi_lr0p0002_b128_e2,25,vi,245,19,166,,2,128,200.09512853622437,,4.281345241326305,4.281345241326305,,,0.1469443632869805,0.0008023064583539963,0.9997667854942041,0.1469443632869805,,0.4534650765650608,1.8353971806874023,200.09512853622437,4.281345241326305,,4.281345241326305,6.8043077202489695,0.05037880281404274,0.050378214567899704,0.05049499124288559,0.05081120505928993,0.3621031424166875,0.3567574106714947,0.6433953065439584,,,,,,,,,,,,,,,,,,,,,,,,4.2068834050567995e-05,9.037245510415393e-05,166
bayesfl_observability_v1,vi_lr0p0002_b128_e2,25,vi,257,20,1,,2,128,2.3266154527664185,,1.8979660929854538,1.8979660929854538,,,0.09787001836236828,0.0004002717323601246,0.9998965132255575,0.09787001836236828,,-0.0,2.4040642619438994,2.3266154527664185,1.8979660929854538,,1.8979660929854538,6.8030471259456435,0.050374332832100584,0.050373625010252,0.05048829056322575,0.050793953239917755,0.36206038650155076,0.35637674926890195,0.6433277902125505,,,,,,,,,,,,,,,,,,,,,,,,1.8649563653193022e-05,8.874059108022382e-05,1
bayesfl_observability_v1,vi_lr0p0002_b128_e2,25,vi,9,0,107,,2,128,240.04396629333496,,1.899347465486219,1.899347465486219,,,0.09790700114184674,0.0004002731293439865,0.9998964409255795,0.09790700114184674,,0.20393077072313337,2.077417173602598,240.04396629333496,1.899347465486219,,1.899347465486219,6.803228658879435,0.05037427486966568,0.05037359893321991,0.05048852413892746,0.05076869949698448,0.3620650118444452,0.3564352997514093,0.6431934837539823,,,,,,,,,,,,,,,,,,,,,,,,1.8663137127701867e-05,8.867550266568848e-05,107
bayesfl_observability_v1,vi_lr0p0002_b128_e2,25,vi,281,22,45,,2,128,118.5360746383667,,1.8918172237087438,1.8918172237087438,,,0.0977116120213634,0.0004002717323601246,0.9998968316311543,0.0977116120213634,,0.6455309973239547,1.625588744222669,118.5360746383667,1.8918172237087438,,1.8918172237087438,6.802335493232134,0.0503742751556239,0.05037344619631767,0.05048820897936821,0.050793904811143875,0.3620238606642066,0.3560483022517179,0.6433641856410601,,,,,,,,,,,,,,,,,,,,,,,,1.858914438153428e-05,8.877380719021945e-05,45
bayesfl_observability_v1,vi_lr0p0002_b128_e2,25,vi,163,13,151,,2,128,146.90740036964417,,4.288129334317672,4.288129334317672,,,0.14705801408676403,0.0008021732792258263,0.9997663762030922,0.14705801408676403,,0.7494436652757661,1.488660305959026,146.90740036964417,4.288129334317672,,4.288129334317672,6.803612592284417,0.05037896760639729,0.05037853494286537,0.050494932755827907,0.050798818469047546,0.3620281976681679,0.35613477875204114,0.6432852387118126,,,,,,,,,,,,,,,,,,,,,,,,4.2135495080256185e-05,9.052823199013504e-05,151
bayesfl_observability_v1,vi_lr0p0002_b128_e2,25,vi,122,9,9,,2,128,23.513614654541016,,1.8931240300198549,1.8931240300198549,,,0.0977459023593304,0.00040027499198913574,0.9998967841661085,0.0977459023593304,,0.9649629230074277,1.3560707552711873,23.513614654541016,1.8931240300198549,,1.8931240300198549,6.803304786004352,0.050374246759848425,0.050373662263154984,0.05048796907067299,0.050770752131938934,0.36206883266609136,0.3564826093060556,0.643374213728031,,,,,,,,,,,,,,,,,,,,,,,,1.860198516281669e-05,8.86820864738155e-05,9
bayesfl_observability_v1,vi_lr0p0002_b128_e2,25,vi,235,18,231,,2,128,252.81095218658447,,4.304160216760935,4.304160216760935,,,0.14733497854843858,0.0008022587280720472,0.999765573921476,0.14733497854843858,,0.696711248923874,1.5968824956831422,252.81095218658447,4.304160216760935,,4.304160216760935,6.804679557685664,0.05037907846099948,0.05037873238325119,0.05049510672688484,0.05080511048436165,0.36211814163550243,0.35667045268529596,0.6434525311659562,,,,,,,,,,,,,,,,,,,,,,,,4.229301578815894e-05,9.038605913963191e-05,231
bayesfl_observability_v1,vi_lr0p0002_b128_e2,25,vi,40,3,3,,2,128,7.899386405944824,,1.897176272207959,1.897176272207959,,,0.09785087181537137,0.0004002717323601246,0.999896555043063,0.09785087181537137,,0.6365141682948128,1.636379152337986,7.899386405944824,1.897176272207959,,1.897176272207959,6.80308978222339,0.05037426856295456,0.050373777747154236,0.05048813298344612,0.05075874179601669,0.36206686288880285,0.3561938592247925,0.6434537913543728,,,,,,,,,,,,,,,,,,,,,,,,1.864180281230185e-05,8.865280185719934e-05,3
bayesfl_observability_v1,vi_lr0p0002_b128_e2,25,vi,42,3,53,,2,128,131.1247034072876,,1.8875063551671702,1.8875063551671702,,,0.09759953837897958,0.0004002731293439865,0.9998970780117479,0.09759953837897958,,1.7308356523576378,0.5888361420235744,131.1247034072876,1.8875063551671702,,1.8875063551671702,6.8028174633924925,0.05037431711376949,0.05037363991141319,0.0504879355430603,0.05079387128353119,0.36205444178356766,0.3563457395624767,0.6431572214709301,,,,,,,,,,,,,,,,,,,,,,,,1.85467854492205e-05,8.85848248459456e-05,53
bayesfl_observability_v1,vi_lr0p0002_b128_e2,25,vi,18,1,406,,2,128,290.7164888381958,,9.20273749608777,9.20273749608777,,,0.2153511566315439,0.0015970747917890549,0.9994993524370096,0.2153511566315439,,0.93387416116756,1.3882321409892098,290.7164888381958,9.20273749608777,,9.20273749608777,6.806414326583365,0.05038587602741787,0.050385892391204834,0.050506364554166794,0.050813060253858566,0.362090461084175,0.35647189647672983,0.6434989742128066,,,,,,,,,,,,,,,,,,,,,,,,9.042682024258397e-05,9.423507734890435e-05,406
bayesfl_observability_v1,vi_lr0p0002_b128_e2,25,vi,267,21,306,,2,128,225.06906652450562,,6.7460397452393615,6.7460397452393615,,,0.1844082807092251,0.0012059081345796585,0.9996327690996537,0.1844082807092251,,0.49629795412582844,1.8891532045272958,225.06906652450562,6.7460397452393615,,6.7460397452393615,6.805110544143358,0.05038269484916956,0.050382377579808235,0.050501249730587006,0.050766780972480774,0.3620786866650743,0.356562464562203,0.6430552326445272,,,,,,,,,,,,,,,,,,,,,,,,6.628711550790372e-05,9.226001373665592e-05,306
bayesfl_observability_v1,vi_lr0p0002_b128_e2,25,vi,140,11,4,,2,128,8.999285221099854,,1.8974178353351403,1.8974178353351403,,,0.09785704962410736,0.0004002717323601246,0.999896542216499,0.09785704962410736,,0.5623351446188083,1.7521899758935873,8.999285221099854,1.8974178353351403,,1.8974178353351403,6.803097249110834,0.05037430090591981,0.050374068319797516,0.050488121807575226,0.0507938452064991,0.3620654992794452,0.3562336835376172,0.6431993601391093,,,,,,,,,,,,,,,,,,,,,,,,1.8644176430531005e-05,8.873070518328258e-05,4
bayesfl_observability_v1,vi_lr0p0002_b128_e2,25,vi,143,11,59,,2,128,114.31630373001099,,1.898928778639324,1.898928778639324,,,0.09789582918397373,0.00040027499198913574,0.9998964509421998,0.09789582918397373,,0.5821360471219024,1.7374773776084904,114.31630373001099,1.898928778639324,,1.898928778639324,6.8027695553927146,0.05037426844695333,0.05037364736199379,0.05048809200525284,0.05079353600740433,0.36203803378250804,0.35600901659884343,0.6430170270283232,,,,,,,,,,,,,,,,,,,,,,,,1.865902307791416e-05,8.864236820717404e-05,59
bayesfl_observability_v1,vi_lr0p0002_b128_e2,25,vi,297,23,590,,2,128,253.50541257858276,,11.647963283853521,11.647963283853521,,,0.24225993760403405,0.001964657101780176,0.9993666302337667,0.24225993760403405,,-0.0,2.185987945410232,253.50541257858276,11.647963283853521,,11.647963283853521,6.807730267412794,0.050388268894852054,0.050387948751449585,0.05051185190677643,0.05080350860953331,0.3621383383258964,0.35615947634404516,0.6429571369050794,,,,,,,,,,,,,,,,,,,,,,,,0.00011445380056847323,9.613762147910142e-05,590
bayesfl_observability_v1,vi_lr0p0002_b128_e2,26,vi,94,7,163,,2,128,213.5827226638794,,4.295913588037305,4.295913588037305,,,0.14723826567343237,0.0008023148402571678,0.9997659322037445,0.14723826567343237,,1.3759749478332663,0.9081964456095792,213.5827226638794,4.295913588037305,,4.295913588037305,6.805470705859065,0.05039406849070102,0.05039365217089653,0.05051155760884285,0.05077989026904106,0.3620506816609874,0.3563679515785855,0.6427688368948896,,,,,,,,,,,,,,,,,,,,,,,,4.2211983767685024e-05,9.157017280385722e-05,163
bayesfl_observability_v1,vi_lr0p0002_b128_e2,26,vi,140,11,4,,2,128,10.115879535675049,,1.8936076802300505,1.8936076802300505,,,0.09778559880642135,0.00040027499198913574,0.9998967435131829,0.09778559880642135,,0.5623351446188083,1.7521899758935873,10.115879535675049,1.8936076802300505,,1.8936076802300505,6.804653501315683,0.05038940824430637,0.050388842821121216,0.050504610687494275,0.05079742521047592,0.3620158638582953,0.3562316577813568,0.6430823889608938,,,,,,,,,,,,,,,,,,,,,,,,1.8606737547706107e-05,8.973361152404881e-05,4
bayesfl_observability_v1,vi_lr0p0002_b128_e2,26,vi,160,12,379,,2,128,284.94744539260864,,6.743845665158551,6.743845665158551,,,0.18443470829426867,0.001198742538690567,0.9996327234792416,0.18443470829426867,,1.1782151454192733,1.120809894534982,284.94744539260864,6.743845665158551,,6.743845665158551,6.805664582399282,0.05039772394320884,0.050397779792547226,0.05051706843078137,0.050795603543519974,0.36201034522356673,0.35628884023475643,0.6427660831095993,,,,,,,,,,,,,,,,,,,,,,,,6.626555630498723e-05,9.333901223086561e-05,379
bayesfl_observability_v1,vi_lr0p0002_b128_e2,26,vi,193,15,49,,2,128,110.02107191085815,,1.902018730728447,1.902018730728447,,,0.09800463881895324,0.00040027499198913574,0.9998962561871495,0.09800463881895324,,0.7946603084287958,1.5090944792576573,110.02107191085815,1.902018730728447,,1.902018730728447,6.803949849532766,0.05038933916354362,0.05038895830512047,0.05050458535552025,0.05079520493745804,0.36196822380867505,0.35640781269573946,0.6431837701376043,,,,,,,,,,,,,,,,,,,,,,,,1.8689385189431532e-05,8.980574223140722e-05,49
bayesfl_observability_v1,vi_lr0p0002_b128_e2,26,vi,169,13,10,,2,128,27.001212120056152,,1.8919453466993779,1.8919453466993779,,,0.09774418691594147,0.00040027499198913574,0.9998968041791283,0.09774418691594147,,0.6001660731596457,1.7098339961345228,27.001212120056152,1.8919453466993779,,1.8919453466993779,6.80384395129317,0.05038933422684763,0.05038881674408913,0.0505044125020504,0.05076969414949417,0.361967620734957,0.3561717703465487,0.6431872401805914,,,,,,,,,,,,,,,,,,,,,,,,1.8590403328086644e-05,8.978506754616485e-05,10
bayesfl_observability_v1,vi_lr0p0002_b128_e2,26,vi,21,1,161,,2,128,189.47663521766663,,4.263183081754823,4.263183081754823,,,0.14667298316217553,0.0008022040128707886,0.9997677358584672,0.14667298316217553,,1.0524636786770594,1.2525934745728768,189.47663521766663,4.263183081754823,,4.263183081754823,6.805589528582325,0.050394042655115476,0.050393760204315186,0.050511089712381364,0.050793323665857315,0.36202686792279354,0.3563206000774102,0.6432312529725731,,,,,,,,,,,,,,,,,,,,,,,,4.189037124648544e-05,9.1426888044512e-05,161
bayesfl_observability_v1,vi_lr0p0002_b128_e2,26,vi,203,16,396,,2,128,233.76367795467377,,9.059134423687292,9.059134423687292,,,0.21372140050679792,0.0015961751341819763,0.9995069323938479,0.21372140050679792,,1.5571176369237727,0.7668056340182599,233.76367795467377,9.059134423687292,,9.059134423687292,6.806647201954456,0.050400713822035044,0.050400733947753906,0.050522496178746226,0.05081920325756073,0.3619796641686131,0.35653420941450753,0.6429777940593302,,,,,,,,,,,,,,,,,,,,,,,,8.901576519295757e-05,9.517601310076433e-05,396
bayesfl_observability_v1,vi_lr0p0002_b128_e2,26,vi,113,9,2,,2,128,4.576443195343018,,1.8953969031175215,1.8953969031175215,,,0.09783313598662642,0.00040027499198913574,0.9998966207658001,0.09783313598662642,,-0.0,2.3277319754160017,4.576443195343018,1.8953969031175215,,1.8953969031175215,6.804015378143551,0.050389400601512944,0.05038902908563614,0.05050453543663025,0.05079732462763786,0.3619779683375451,0.3562363319186299,0.6435044192132122,,,,,,,,,,,,,,,,,,,,,,,,1.8624318592095132e-05,8.971258190395799e-05,2
bayesfl_observability_v1,vi_lr0p0002_b128_e2,26,vi,118,9,17,,2,128,34.19618320465088,,1.8953286078716745,1.8953286078716745,,,0.09783180070647082,0.00040027499198913574,0.9998966369267053,0.09783180070647082,,0.8277381569989198,1.4618562942707825,34.19618320465088,1.8953286078716745,,1.8953286078716745,6.8044257079272406,0.05038929622032102,0.050389040261507034,0.05050471499562263,0.05077071860432625,0.3620175195440601,0.3562523836391814,0.6432367640695521,,,,,,,,,,,,,,,,,,,,,,,,1.8623647517654263e-05,8.981521883941269e-05,17
bayesfl_observability_v1,vi_lr0p0002_b128_e2,26,vi,289,23,111,,2,128,252.18856620788574,,1.8994024135573808,1.8994024135573808,,,0.0979373180904928,0.00040027499198913574,0.9998964008686899,0.0979373180904928,,0.21838083332586875,1.975025863627753,252.18856620788574,1.8994024135573808,,1.8994024135573808,6.80402969098162,0.05038934242175419,0.05038876831531525,0.05050458535552025,0.05079757794737816,0.3619892055843348,0.3562448004413754,0.6430320329696708,,,,,,,,,,,,,,,,,,,,,,,,1.8663677051757697e-05,8.975432360142774e-05,111
bayesfl_observability_v1,vi_lr0p0002_b128_e2,26,vi,296,23,107,,2,128,209.1455316543579,,1.9096067847361209,1.9096067847361209,,,0.09820142904492968,0.00040027499198913574,0.9998958448823622,0.09820142904492968,,-0.0,2.185987945410232,209.1455316543579,1.9096067847361209,,1.9096067847361209,6.804148786834693,0.05038936021379483,0.05038894712924957,0.050504397600889206,0.05078040063381195,0.36200430958779556,0.35622219582222836,0.6428970587984,,,,,,,,,,,,,,,,,,,,,,,,1.876394600310623e-05,8.978166672490541e-05,107
bayesfl_observability_v1,vi_lr0p0002_b128_e2,26,vi,32,2,4,,2,128,12.830140590667725,,1.8964089689188013,1.8964089689188013,,,0.09785964737311774,0.0004002717323601246,0.9998965542237638,0.09785964737311774,,0.5623351446188083,1.7533774711376668,12.830140590667725,1.8964089689188013,,1.8964089689188013,6.8035625662477495,0.05038934301907449,0.050389111042022705,0.05050460994243622,0.05079757794737816,0.3619468970943117,0.3563527430576132,0.6435388504542714,,,,,,,,,,,,,,,,,,,,,,,,1.8634263230016717e-05,8.978484356490604e-05,4
bayesfl_observability_v1,vi_lr0p0002_b128_e2,26,vi,34,2,89,,2,128,264.09989500045776,,1.8942480971744695,1.8942480971744695,,,0.09780482111949639,0.00040027499198913574,0.9998966740135486,0.09780482111949639,,0.9392429968990706,1.3654484544000312,264.09989500045776,1.8942480971744695,,1.8942480971744695,6.803754585406013,0.050389393871648085,0.05038897506892681,0.05050456263124943,0.05078385770320892,0.3619749518099185,0.35628912525206596,0.6429976873064647,,,,,,,,,,,,,,,,,,,,,,,,1.861303033481841e-05,8.981679210395407e-05,89
bayesfl_observability_v1,vi_lr0p0002_b128_e2,26,vi,5,0,35,,2,128,78.02697706222534,,1.8925718018304676,1.8925718018304676,,,0.09776030398822225,0.00040027499198913574,0.9998967706111054,0.09776030398822225,,1.5903475561802325,0.7061063978321973,78.02697706222534,1.8925718018304676,,1.8925718018304676,6.803862983498261,0.050389376239205225,0.05038886517286301,0.050505027174949646,0.05079753324389458,0.36197301450169156,0.35609680968777424,0.6431772649872983,,,,,,,,,,,,,,,,,,,,,,,,1.8596558925326397e-05,8.981714199370892e-05,35
bayesfl_observability_v1,vi_lr0p0002_b128_e2,26,vi,11,0,2,,2,128,4.639645338058472,,1.8936235327749114,1.8936235327749114,,,0.09778772914262736,0.00040027499198913574,0.9998967268187712,0.09778772914262736,,0.6931471805599453,1.5913406603425941,4.639645338058472,1.8936235327749114,,1.8936235327749114,6.804336058612651,0.050389372588698925,0.05038898065686226,0.05050456151366234,0.05078054964542389,0.3620007950708319,0.3563922876555441,0.6428668930285693,,,,,,,,,,,,,,,,,,,,,,,,1.8606893316054942e-05,8.978001858213224e-05,2
bayesfl_observability_v1,vi_lr0p0002_b128_e2,27,vi,41,3,4,,2,128,8.029918193817139,,1.9009856268852396,1.9009856268852396,,,0.09800271811581164,0.0004002721980214119,0.999896274657904,0.09800271811581164,,0.5623351446188083,1.756608808640784,8.029918193817139,1.9009856268852396,,1.9009856268852396,6.804429357320019,0.05040194030378555,0.05040147714316845,0.0505179837346077,0.05080896615982056,0.36192824440994337,0.35586834121735855,0.6428042985408272,,,,,,,,,,,,,,,,,,,,,,,,1.8679233830060327e-05,9.053135446917004e-05,4
bayesfl_observability_v1,vi_lr0p0002_b128_e2,27,vi,45,3,2,,2,128,5.659680366516113,,1.8908143456230568,1.8908143456230568,,,0.09773891097398717,0.00040027499198913574,0.9998968338010228,0.09773891097398717,,0.6931471805599453,1.619408415869196,5.659680366516113,1.8908143456230568,,1.8908143456230568,6.80447983555874,0.050402003321297,0.050401657819747925,0.0505181971937418,0.05080702528357506,0.36191455819014007,0.3561363831731298,0.642765740982737,,,,,,,,,,,,,,,,,,,,,,,,1.8579290022826538e-05,9.058543388021222e-05,2
bayesfl_observability_v1,vi_lr0p0002_b128_e2,27,vi,47,3,19,,2,128,39.92719602584839,,1.9023190651867947,1.9023190651867947,,,0.09803761049242855,0.00040027499198913574,0.9998962034624552,0.09803761049242855,,0.6680178186607534,1.6176422038869243,39.92719602584839,1.9023190651867947,,1.9023190651867947,6.804520914595707,0.050401962311001136,0.05040149390697479,0.050518115237355235,0.05080762878060341,0.361923232035691,0.3563158478290666,0.6431818566985661,,,,,,,,,,,,,,,,,,,,,,,,1.8692336299369113e-05,9.057612033171377e-05,19
bayesfl_observability_v1,vi_lr0p0002_b128_e2,27,vi,272,21,458,,2,128,246.581587433815,,9.139983489280782,9.139983489280782,,,0.21472976345812064,0.0015900041908025742,0.9995026623085725,0.21472976345812064,,0.692767381715621,1.5958737672973724,246.581587433815,9.139983489280782,,9.139983489280782,6.809088648908922,0.05041333549134627,0.050413578748703,0.050536477193236354,0.05086123198270798,0.3620355834457051,0.35651381831666584,0.642873596475196,,,,,,,,,,,,,,,,,,,,,,,,8.981019445102468e-05,9.616031497924311e-05,458
bayesfl_observability_v1,vi_lr0p0002_b128_e2,27,vi,16,1,369,,2,128,267.3416419029236,,6.820705703351353,6.820705703351353,,,0.18553317799347144,0.0011998377740383148,0.9996283337140486,0.18553317799347144,,0.1490487639578261,2.177886214364074,267.3416419029236,6.820705703351353,,6.820705703351353,6.805606222875646,0.05041051180962789,0.05041022226214409,0.05053144693374634,0.05081947520375252,0.361870444579337,0.35620226226662544,0.6430381694149202,,,,,,,,,,,,,,,,,,,,,,,,6.702078906702715e-05,9.415609651724466e-05,369
bayesfl_observability_v1,vi_lr0p0002_b128_e2,27,vi,21,1,161,,2,128,197.6632103919983,,4.2823930317795975,4.2823930317795975,,,0.14703973040361404,0.000802263617515564,0.9997665804041685,0.14703973040361404,,1.0524636786770594,1.2525934745728768,197.6632103919983,4.2823930317795975,,4.2823930317795975,6.8057395996742,0.050406634494833596,0.050406474620103836,0.05052484311163426,0.05083092674612999,0.3619459106216356,0.3557488577437522,0.6429144851642359,,,,,,,,,,,,,,,,,,,,,,,,4.2079129721721505e-05,9.22471115827218e-05,161
bayesfl_observability_v1,vi_lr0p0002_b128_e2,27,vi,30,2,2,,2,128,3.863718032836914,,1.894416150606618,1.894416150606618,,,0.09783130547470123,0.0004002731293439865,0.9998966324542274,0.09783130547470123,,0.6931471805599453,1.6262933525338354,3.863718032836914,1.894416150606618,,1.894416150606618,6.804248785294209,0.05040199816628882,0.050401341170072556,0.05051806569099426,0.05079235881567001,0.3618962334452287,0.35609590953457265,0.6427084301020779,,,,,,,,,,,,,,,,,,,,,,,,1.8614681641020123e-05,9.056221764609687e-05,2
bayesfl_observability_v1,vi_lr0p0002_b128_e2,27,vi,32,2,4,,2,128,10.348493099212646,,1.894983469288773,1.894983469288773,,,0.09784719374497605,0.0004002717323601246,0.999896616950614,0.09784719374497605,,0.5623351446188083,1.7533774711376668,10.348493099212646,1.894983469288773,,1.894983469288773,6.804837811768468,0.05040198652000714,0.05040151998400688,0.05051819607615471,0.050810329616069794,0.36193439456249415,0.3562249406827257,0.6431027308927219,,,,,,,,,,,,,,,,,,,,,,,,1.862025615887563e-05,9.064328988910685e-05,4
bayesfl_observability_v1,vi_lr0p0002_b128_e2,27,vi,34,2,89,,2,128,230.84431314468384,,1.890410320989154,1.890410320989154,,,0.0977292464838633,0.00040027499198913574,0.9998968592227231,0.0977292464838633,,0.9392429968990706,1.3654484544000312,230.84431314468384,1.890410320989154,,1.890410320989154,6.8046416234300455,0.05040190772340031,0.050401341170072556,0.05051792785525322,0.050810568034648895,0.36192506868319857,0.3561762672473703,0.6427834184653928,,,,,,,,,,,,,,,,,,,,,,,,1.8575320045093388e-05,9.058661507244805e-05,89
bayesfl_observability_v1,vi_lr0p0002_b128_e2,27,vi,132,10,381,,2,128,267.1542282104492,,6.737116403882532,6.737116403882532,,,0.1843884369650983,0.0012042494490742683,0.9996331113831491,0.1843884369650983,,0.9889320457164062,1.276983504145674,267.1542282104492,6.737116403882532,,6.737116403882532,6.807435169532207,0.05041041550682882,0.05041026696562767,0.05053115636110306,0.05084926635026932,0.36197286829473024,0.35591494115570604,0.6428488783825119,,,,,,,,,,,,,,,,,,,,,,,,6.619943405603353e-05,9.410143609220937e-05,381
bayesfl_observability_v1,vi_lr0p0002_b128_e2,27,vi,141,11,30,,2,128,59.97757530212402,,1.89363844909602,1.89363844909602,,,0.0978133902090838,0.00040027499198913574,0.9998966689859206,0.0978133902090838,,1.5190465305721117,0.7674065092926465,59.97757530212402,1.89363844909602,,1.89363844909602,6.804192963505315,0.050401870098187924,0.050401557236909866,0.05051819607615471,0.05081108957529068,0.3618998939732371,0.3563077066234533,0.6430701152431353,,,,,,,,,,,,,,,,,,,,,,,,1.8607039884995775e-05,9.06477434017751e-05,30
bayesfl_observability_v1,vi_lr0p0002_b128_e2,27,vi,241,19,2,,2,128,6.25348973274231,,1.8913468421921698,1.8913468421921698,,,0.0977528367076597,0.00040027499198913574,0.9998968018203761,0.0977528367076597,,0.6931471805599453,1.6493782971327793,6.25348973274231,1.8913468421921698,,1.8913468421921698,6.80438870390438,0.05040195183461508,0.05040137842297554,0.05051803961396217,0.05080944672226906,0.3619392535442313,0.35611609707805403,0.6428689422093723,,,,,,,,,,,,,,,,,,,,,,,,1.858452237586882e-05,9.057428105421918e-05,2
bayesfl_observability_v1,vi_lr0p0002_b128_e2,27,vi,98,7,780,,2,128,244.15199654442924,,15.80596262126064,15.80596262126064,,,0.28229538770514473,0.0026141852140426636,0.9991405046876752,0.28229538770514473,,1.14643460798294,1.1350968930507688,244.15199654442924,15.80596262126064,,15.80596262126064,6.810196430937119,0.05041973577577859,0.05041944980621338,0.05055050551891327,0.0508282333612442,0.3619929584456035,0.3565362228590876,0.6433368242473462,,,,,,,,,,,,,,,,,,,,,,,,0.00015531062809531925,0.00010146270863354683,780
bayesfl_observability_v1,vi_lr0p0002_b128_e2,27,vi,117,9,8,,2,128,19.773457527160645,,1.8941761910160566,1.8941761910160566,,,0.097826310313403,0.00040027499198913574,0.9998966513155311,0.097826310313403,,0.5623351446188083,1.7518051301834499,19.773457527160645,1.8941761910160566,,1.8941761910160566,6.804550021193658,0.0504019909691612,0.050401732325553894,0.05051808804273605,0.05079197883605957,0.3619142386093746,0.3560306224433313,0.6428022710126745,,,,,,,,,,,,,,,,,,,,,,,,1.861232377926753e-05,9.061678726704382e-05,8
bayesfl_observability_v1,vi_lr0p0002_b128_e2,27,vi,100,8,10,,2,128,18.179287433624268,,1.8974872496789283,1.8974872496789283,,,0.09791213289780618,0.0004002717323601246,0.999896460387195,0.09791213289780618,,0.6001660731596457,1.7117035045711888,18.179287433624268,1.8974872496789283,,1.8974872496789283,6.804198780569543,0.05040199139381575,0.05040181428194046,0.050517821311950685,0.05080070719122887,0.36191378110494493,0.3560338884949241,0.6429089258279189,,,,,,,,,,,,,,,,,,,,,,,,1.864485850131599e-05,9.062695890223939e-05,10
bayesfl_observability_v1,vi_lr0p0002_b128_e2,28,vi,67,5,16,,2,128,50.58710527420044,,1.8948772514090944,1.8948772514090944,,,0.0978797916376397,0.00040027499198913574,0.9998965775918466,0.0978797916376397,,-0.0,2.311121424016332,50.58710527420044,1.8948772514090944,,1.8948772514090944,6.805814851247621,0.05041972789659011,0.05041935667395592,0.050538431853055954,0.05082376301288605,0.3618393041755481,0.3561070820140029,0.6428920496701584,,,,,,,,,,,,,,,,,,,,,,,,1.8619212453661142e-05,9.258472828970192e-05,16
bayesfl_observability_v1,vi_lr0p0002_b128_e2,28,vi,74,5,70,,2,128,167.52826356887817,,1.8961596961923044,1.8961596961923044,,,0.09791231983757562,0.00040027499198913574,0.9998965396230463,0.09791231983757562,,1.1534898214385076,1.1546999842430363,167.52826356887817,1.8961596961923044,,1.8961596961923044,6.806718938868093,0.0504198050893491,0.05041949823498726,0.05053853243589401,0.05085288733243942,0.3618798737803636,0.3564845888767383,0.6429477258481302,,,,,,,,,,,,,,,,,,,,,,,,1.863181385666016e-05,9.263704090263252e-05,70
bayesfl_observability_v1,vi_lr0p0002_b128_e2,28,vi,113,9,2,,2,128,6.1427775621414185,,1.8874959328968681,1.8874959328968681,,,0.0976877750950665,0.0004002721980214119,0.9998969868115754,0.0976877750950665,,-0.0,2.3277319754160017,6.1427775621414185,1.8874959328968681,,1.8874959328968681,6.805963177203249,0.050419837119890724,0.050419632345438004,0.05053834244608879,0.050837233662605286,0.36184245523479597,0.35629616124569496,0.6427787912623822,,,,,,,,,,,,,,,,,,,,,,,,1.8546683039175277e-05,9.253113656924396e-05,2
bayesfl_observability_v1,vi_lr0p0002_b128_e2,28,vi,225,18,3,,2,128,8.094762086868286,,1.8890243778995395,1.8890243778995395,,,0.09772676944934336,0.00040027499198913574,0.9998969159875508,0.09772676944934336,,1.0986122886681096,1.2032389420923582,8.094762086868286,1.8890243778995395,,1.8890243778995395,6.806327691730422,0.05041994368603477,0.050419457256793976,0.0505388118326664,0.05083706974983215,0.36186528554347525,0.3559842074897968,0.6428509256940238,,,,,,,,,,,,,,,,,,,,,,,,1.856170165962012e-05,9.254588157553553e-05,3
bayesfl_observability_v1,vi_lr0p0002_b128_e2,28,vi,15,1,51,,2,128,139.55424404144287,,1.8928752827410602,1.8928752827410602,,,0.0978269541802399,0.00040027499198913574,0.9998967133844081,0.0978269541802399,,0.4639406270393286,1.8477013096607757,139.55424404144287,1.8928752827410602,,1.8928752827410602,6.80656215208092,0.050419881485400386,0.050419535487890244,0.050539035350084305,0.050821706652641296,0.3618687906256587,0.35611779514209335,0.6426184472171127,,,,,,,,,,,,,,,,,,,,,,,,1.859954095255046e-05,9.256866608418481e-05,51
bayesfl_observability_v1,vi_lr0p0002_b128_e2,28,vi,7,0,152,,2,128,189.89634680747986,,4.258999603375988,4.258999603375988,,,0.14668721641306032,0.0008022227557376027,0.9997678019337731,0.14668721641306032,,1.264349492321815,1.032554209297049,189.89634680747986,4.258999603375988,,4.258999603375988,6.8072603069430935,0.05042471763226464,0.050424620509147644,0.05054536834359169,0.05086347833275795,0.36183713885324426,0.3558982955509164,0.6430275659458629,,,,,,,,,,,,,,,,,,,,,,,,4.184926405989965e-05,9.410111364068985e-05,152
bayesfl_observability_v1,vi_lr0p0002_b128_e2,28,vi,281,22,45,,2,128,121.83101844787598,,1.8914893030499662,1.8914893030499662,,,0.09779062581329688,0.00040027499198913574,0.9998967817019161,0.09779062581329688,,0.6455309973239547,1.625588744222669,121.83101844787598,1.8914893030499662,,1.8914893030499662,6.806341348776819,0.05041988643230917,0.05041967332363129,0.05053868293762207,0.05082089453935623,0.3618665384845661,0.35644785792284506,0.6427410562564919,,,,,,,,,,,,,,,,,,,,,,,,1.8585922207428182e-05,9.254184145124365e-05,45
bayesfl_observability_v1,vi_lr0p0002_b128_e2,28,vi,208,16,2,,2,128,3.1757112741470337,,1.8971274378492597,1.8971274378492597,,,0.09793719009430193,0.00040027499198913574,0.9998964550329719,0.09793719009430193,,-0.0,2.4040642619438994,3.1757112741470337,1.8971274378492597,,1.8971274378492597,6.80576332433745,0.0504199143990009,0.05041972175240517,0.05053867138922215,0.05085338279604912,0.36182795650381383,0.3559406222831323,0.6429288745553582,,,,,,,,,,,,,,,,,,,,,,,,1.8641322962064064e-05,9.258870130710913e-05,2
bayesfl_observability_v1,vi_lr0p0002_b128_e2,28,vi,211,16,4,,2,128,10.563380241394043,,1.8892161601985968,1.8892161601985968,,,0.0977326284774828,0.00040027499198913574,0.9998968817874058,0.0977326284774828,,-0.0,2.4040642619438994,10.563380241394043,1.8892161601985968,,1.8892161601985968,6.805499559435537,0.05041982013967565,0.05041954666376114,0.050538431853055954,0.05082109570503235,0.36181278333350725,0.3560794745004671,0.6429279477451059,,,,,,,,,,,,,,,,,,,,,,,,1.856358612752871e-05,9.258115045182092e-05,4
bayesfl_observability_v1,vi_lr0p0002_b128_e2,28,vi,159,12,768,,2,128,328.1495991547902,,13.954522578598036,13.954522578598036,,,0.26538153243561086,0.002369379624724388,0.9992403010297429,0.26538153243561086,,0.779620627031505,1.5226258572565863,328.1495991547902,13.954522578598036,,13.954522578598036,6.8094771537344885,0.05043599799724176,0.05043569207191467,0.050565974414348604,0.05085095763206482,0.3618808079043941,0.3561250761906345,0.6425953974395168,,,,,,,,,,,,,,,,,,,,,,,,0.00013711823306080412,0.00010145592575154825,768
bayesfl_observability_v1,vi_lr0p0002_b128_e2,28,vi,161,12,522,,2,128,287.3813048362732,,11.51159331756327,11.51159331756327,,,0.2410458074773585,0.0019629832822829485,0.9993730019720901,0.2410458074773585,,0.46907990249119813,1.8590800092150952,287.3813048362732,11.51159331756327,,11.51159331756327,6.807796618998532,0.05043362148067297,0.050433285534381866,0.05056242272257805,0.05091971531510353,0.3618217376859314,0.3560576772858761,0.6425542051016216,,,,,,,,,,,,,,,,,,,,,,,,0.00011311381858664901,9.995342727750083e-05,522
bayesfl_observability_v1,vi_lr0p0002_b128_e2,28,vi,46,3,44,,2,128,123.59985256195068,,1.8954816692493854,1.8954816692493854,,,0.09789479910618158,0.00040027499198913574,0.9998965759796755,0.09789479910618158,,0.7751254239840702,1.531153988824562,123.59985256195068,1.8954816692493854,,1.8954816692493854,6.806703494417956,0.050419829573331826,0.050419699400663376,0.05053872987627983,0.050815682858228683,0.36188703590068627,0.35607451141210067,0.6427083799706999,,,,,,,,,,,,,,,,,,,,,,,,1.8625151510753517e-05,9.25700950528568e-05,44
bayesfl_observability_v1,vi_lr0p0002_b128_e2,28,vi,47,3,19,,2,128,40.09808826446533,,1.8941284625381054,1.8941284625381054,,,0.09785966515915706,0.00040027499198913574,0.9998966225964894,0.09785966515915706,,0.6680178186607534,1.6176422038869243,40.09808826446533,1.8941284625381054,,1.8941284625381054,6.80591258467889,0.05041973056956003,0.05041959136724472,0.05053848400712013,0.05085338279604912,0.3618325977759662,0.35624746754763276,0.6427769724505495,,,,,,,,,,,,,,,,,,,,,,,,1.861185479550069e-05,9.248809323226971e-05,19
bayesfl_observability_v1,vi_lr0p0002_b128_e2,28,vi,79,6,34,,2,128,65.80218124389648,,1.8888961672352331,1.8888961672352331,,,0.09772319490864279,0.00040027499198913574,0.9998969033232746,0.09772319490864279,,-0.0,2.185987945410232,65.80218124389648,1.8888961672352331,,1.8888961672352331,6.805588207807216,0.050419849588357185,0.05041954666376114,0.05053872987627983,0.050852660089731216,0.3618251138184124,0.3561772426072069,0.6428379878417856,,,,,,,,,,,,,,,,,,,,,,,,1.8560441851579378e-05,9.257202159204313e-05,34
bayesfl_observability_v1,vi_lr0p0002_b128_e2,28,vi,192,15,5,,2,128,14.11988353729248,,1.8908151343101536,1.8908151343101536,,,0.09777443651423817,0.0004002717323601246,0.9998968144206037,0.09777443651423817,,-0.0,2.3277319754160017,14.11988353729248,1.8908151343101536,,1.8908151343101536,6.8062999065848455,0.0504198046173277,0.0504196397960186,0.050538599491119385,0.05085338279604912,0.36186390199030594,0.35584578367342756,0.6427725232065636,,,,,,,,,,,,,,,,,,,,,,,,1.8579297772527792e-05,9.255320868274966e-05,5
bayesfl_observability_v1,vi_lr0p0002_b128_e2,29,vi,287,23,262,,2,128,187.47605546315512,,6.727427390577312,6.727427390577312,,,0.18438369231608004,0.0012012720108032227,0.9996332109382673,0.18438369231608004,,-0.0,2.3163460082440825,187.47605546315512,6.727427390577312,,6.727427390577312,6.8083071491768985,0.05044663941940291,0.05044636130332947,0.05057394132018089,0.05088843032717705,0.3617158760442237,0.3560630804465626,0.6425845289366128,,,,,,,,,,,,,,,,,,,,,,,,6.61042290515605e-05,9.884239262921851e-05,262
bayesfl_observability_v1,vi_lr0p0002_b128_e2,29,vi,295,23,395,,2,128,219.1403317451477,,9.192722381741648,9.192722381741648,,,0.21550930228109186,0.0015822295099496841,0.9994990317272117,0.21550930228109186,,0.3952304836260419,1.8083171095175168,219.1403317451477,9.192722381741648,,9.192722381741648,6.80926616440233,0.05044967116812006,0.05044925957918167,0.05057872198522091,0.05086024850606918,0.3617486417735335,0.35601395438533134,0.6426708703142272,,,,,,,,,,,,,,,,,,,,,,,,9.032841094371277e-05,0.00010064827071284785,395
bayesfl_observability_v1,vi_lr0p0002_b128_e2,29,vi,279,22,12,,2,128,26.443018436431885,,1.8909370660518667,1.8909370660518667,,,0.09781184772842555,0.00040027499198913574,0.999896756275942,0.09781184772842555,,0.6172417697303416,1.6358465807671725,26.443018436431885,1.8909370660518667,,1.8909370660518667,6.806945741294418,0.050438204126419174,0.050437990576028824,0.05056090764701367,0.05084121599793434,0.36176364336970473,0.3557389745344517,0.6427833627918487,,,,,,,,,,,,,,,,,,,,,,,,1.8580495883382793e-05,9.542619753026427e-05,12
bayesfl_observability_v1,vi_lr0p0002_b128_e2,29,vi,283,22,95,,2,128,302.7168960571289,,1.8923032919345162,1.8923032919345162,,,0.09784689697115506,0.00040027499198913574,0.9998966816631297,0.09784689697115506,,-0.0,2.3163460082440825,302.7168960571289,1.8923032919345162,,1.8923032919345162,6.806930275910856,0.05043822946919168,0.05043807439506054,0.05056076869368553,0.050869036465883255,0.3617581937763592,0.3559200456496084,0.6426520590867677,,,,,,,,,,,,,,,,,,,,,,,,1.8593920526034355e-05,9.538611315695781e-05,95
bayesfl_observability_v1,vi_lr0p0002_b128_e2,29,vi,206,16,6,,2,128,10.451610088348389,,1.8916475825095378,1.8916475825095378,,,0.09783051829688214,0.00040027499198913574,0.9998967015699399,0.09783051829688214,,0.6365141682948128,1.6395997169315697,10.451610088348389,1.8916475825095378,,1.8916475825095378,6.806496836037713,0.05043817436062857,0.05043801851570606,0.05056058615446091,0.05087120831012726,0.3617411354410844,0.356073541974119,0.6427441154710335,,,,,,,,,,,,,,,,,,,,,,,,1.8587477473808958e-05,9.547824638192658e-05,6
bayesfl_observability_v1,vi_lr0p0002_b128_e2,29,vi,74,5,70,,2,128,174.9361047744751,,1.8899697078771294,1.8899697078771294,,,0.09778627340411519,0.0004002717323601246,0.9998967946855069,0.09778627340411519,,1.1534898214385076,1.1546999842430363,174.9361047744751,1.8899697078771294,,1.8899697078771294,6.806486412910986,0.05043818578834183,0.050438057631254196,0.05056070536375046,0.050857506692409515,0.3617560560009566,0.35612563496205696,0.6423532928279126,,,,,,,,,,,,,,,,,,,,,,,,1.857099054610523e-05,9.542234182051786e-05,70
bayesfl_observability_v1,vi_lr0p0002_b128_e2,29,vi,265,21,52,,2,128,114.66757488250732,,1.8954523713859301,1.8954523713859301,,,0.09792948294650153,0.0004002731293439865,0.9998964931500216,0.09792948294650153,,1.03127351150664,1.2200074472909117,114.66757488250732,1.8954523713859301,,1.8954523713859301,6.806520134813083,0.050438063160475236,0.05043791979551315,0.05056041106581688,0.050866905599832535,0.36173400748052587,0.3554125922150452,0.6425263263631116,,,,,,,,,,,,,,,,,,,,,,,,1.8624863627649897e-05,9.537103003630686e-05,52
bayesfl_observability_v1,vi_lr0p0002_b128_e2,29,vi,15,1,51,,2,128,110.90385627746582,,1.8931149473154474,1.8931149473154474,,,0.09786836458679701,0.00040027499198913574,0.9998966210647244,0.09786836458679701,,0.4639406270393286,1.8477013096607757,110.90385627746582,1.8931149473154474,,1.8931149473154474,6.806477422243029,0.050438113932627655,0.050437942147254944,0.05056076869368553,0.050870995968580246,0.36174575023327077,0.3557341068971153,0.6424002664291344,,,,,,,,,,,,,,,,,,,,,,,,1.8601895915450992e-05,9.541245948213787e-05,51
bayesfl_observability_v1,vi_lr0p0002_b128_e2,29,vi,21,1,161,,2,128,174.9901041984558,,4.271732086043282,4.271732086043282,,,0.1469609136985998,0.0008022692054510117,0.9997669783503986,0.1469609136985998,,1.0524636786770594,1.2525934745728768,174.9901041984558,4.271732086043282,,4.271732086043282,6.807881579557956,0.0504429507163456,0.05044242925941944,0.050567233189940455,0.050888463854789734,0.36175476005215135,0.355835145000674,0.6424644862536626,,,,,,,,,,,,,,,,,,,,,,,,4.1974374432969264e-05,9.695995696716292e-05,161
bayesfl_observability_v1,vi_lr0p0002_b128_e2,29,vi,142,11,1305,,2,128,265.21629797328603,,23.765584887047435,23.765584887047435,,,0.34634726336689264,0.003983590751886368,0.9987078919676854,0.34634726336689264,,1.0393456977703441,1.2528709717652187,265.21629797328603,23.765584887047435,,23.765584887047435,6.815329477625697,0.050461716765011294,0.050460826605558395,0.050606369972229004,0.05096913501620293,0.36183612863692166,0.3561183048771055,0.6428761802834807,,,,,,,,,,,,,,,,,,,,,,,,0.00023352250060968297,0.00011203007188537913,1305
bayesfl_observability_v1,vi_lr0p0002_b128_e2,29,vi,147,11,14,,2,128,39.18760061264038,,1.8948156992495768,1.8948156992495768,,,0.09791197917561446,0.00040027499198913574,0.9998965254302453,0.09791197917561446,,0.8918673953172509,1.3950007042270034,39.18760061264038,1.8948156992495768,,1.8948156992495768,6.806350999398301,0.05043810233543327,0.050437964498996735,0.05056077726185322,0.05085638538002968,0.3617526300517727,0.35571099818569424,0.6425060950319269,,,,,,,,,,,,,,,,,,,,,,,,1.8618607637315288e-05,9.545121437983999e-05,14
bayesfl_observability_v1,vi_lr0p0002_b128_e2,29,vi,258,20,50,,2,128,85.72347927093506,,1.889644612958607,1.889644612958607,,,0.09777844348134256,0.0004002717323601246,0.9998968331247637,0.09777844348134256,,-0.0,2.259365973874069,85.72347927093506,1.889644612958607,,1.889644612958607,6.807101908246852,0.050438215739792965,0.05043790861964226,0.05056065060198307,0.05084723234176636,0.3617878331539572,0.3557763762370664,0.6426195877827384,,,,,,,,,,,,,,,,,,,,,,,,1.8567796137944453e-05,9.543668027523828e-05,50
bayesfl_observability_v1,vi_lr0p0002_b128_e2,29,vi,188,15,69,,2,128,170.0100860595703,,1.8863077894421743,1.8863077894421743,,,0.09769150456212491,0.00040027499198913574,0.9998970159385329,0.09769150456212491,,0.7873390100049964,1.5118297685691615,170.0100860595703,1.8863077894421743,,1.8863077894421743,6.8070877648506265,0.050438260971450016,0.050437964498996735,0.05056120827794075,0.050857532769441605,0.36177653792957837,0.35580367506278104,0.6424829015886859,,,,,,,,,,,,,,,,,,,,,,,,1.8535008248424626e-05,9.547505444834663e-05,69
bayesfl_observability_v1,vi_lr0p0002_b128_e2,29,vi,194,15,424,,2,128,235.72868514060974,,9.038401339429358,9.038401339429358,,,0.2136769433626639,0.0015834178775548935,0.9995074733835648,0.2136769433626639,,1.287255851511245,1.0138774988279884,235.72868514060974,9.038401339429358,,9.038401339429358,6.808963829616714,0.05044956211953509,0.0504494234919548,0.05057812109589577,0.050898876041173935,0.3617433364130626,0.3559299517911073,0.642772681826825,,,,,,,,,,,,,,,,,,,,,,,,8.881204028131431e-05,0.0001006321845173057,424
bayesfl_observability_v1,vi_lr0p0002_b128_e2,29,vi,113,9,2,,2,128,5.089480400085449,,1.8909165732535087,1.8909165732535087,,,0.09781140185433872,0.0004002717323601246,0.9998967549801177,0.09781140185433872,,-0.0,2.3277319754160017,5.089480400085449,1.8909165732535087,,1.8909165732535087,6.806887251547055,0.050438081803398975,0.050438106060028076,0.05056065060198307,0.050834719091653824,0.361770503500137,0.35587802577772853,0.6425281165183443,,,,,,,,,,,,,,,,,,,,,,,,1.858029451953924e-05,9.541858058122693e-05,2
bayesfl_observability_v1,vi_lr0p0002_b128_e2,30,vi,119,9,843,,2,128,281.712048462459,,15.873938837853311,15.873938837853311,,,0.2832302419675742,0.0027378275990486145,0.9991357512902843,0.2832302419675742,,0.9765459908687751,1.371331098617695,281.712048462459,15.873938837853311,,15.873938837853311,6.813952556764881,0.05047703068262323,0.050476573407649994,0.05061781033873558,0.050990913063287735,0.3616896888387676,0.3561140047184638,0.6422721181367101,,,,,,,,,,,,,,,,,,,,,,,,0.0001559785677297171,0.00010953075841497094,843
bayesfl_observability_v1,vi_lr0p0002_b128_e2,30,vi,237,19,36,,2,128,96.95038652420044,,1.8932656651538877,1.8932656651538877,,,0.09791427898066506,0.00040027499198913574,0.9998965855844615,0.09791427898066506,,1.3898628753106193,0.9179151593699346,96.95038652420044,1.8932656651538877,,1.8932656651538877,6.808483850656462,0.05045925562186801,0.050459183752536774,0.05058692768216133,0.05090894177556038,0.3616359290510774,0.35578303833865615,0.6423407330717421,,,,,,,,,,,,,,,,,,,,,,,,1.860337688074961e-05,9.941223318975225e-05,36
bayesfl_observability_v1,vi_lr0p0002_b128_e2,30,vi,242,19,3,,2,128,7.908236980438232,,1.8855592489557764,1.8855592489557764,,,0.09771340468881075,0.0004002731293439865,0.9998970265476324,0.09771340468881075,,0.6365141682948128,1.6128062758029642,7.908236980438232,1.8855592489557764,,1.8855592489557764,6.809033541733221,0.050459365317226626,0.0504591278731823,0.05058697238564491,0.05089324340224266,0.3616547955755957,0.3558313109509208,0.6424678851376809,,,,,,,,,,,,,,,,,,,,,,,,1.8527653030910645e-05,9.936705551332671e-05,3
bayesfl_observability_v1,vi_lr0p0002_b128_e2,30,vi,289,23,111,,2,128,208.09363269805908,,1.8900904510962795,1.8900904510962795,,,0.09783068741363317,0.00040027499198913574,0.9998967695709283,0.09783068741363317,,0.21838083332586875,1.975025863627753,208.09363269805908,1.8900904510962795,,1.8900904510962795,6.808750685604488,0.050459166022431785,0.050458960235118866,0.05058693885803223,0.05090898275375366,0.36165282203439564,0.3560957931625795,0.6422067412138409,,,,,,,,,,,,,,,,,,,,,,,,1.857217697844433e-05,9.941691090940987e-05,111
bayesfl_observability_v1,vi_lr0p0002_b128_e2,30,vi,270,21,127,,2,128,260.9864377975464,,1.8912568871524678,1.8912568871524678,,,0.0978614512802766,0.00040027499198913574,0.9998967032013968,0.0978614512802766,,0.24980042066198757,2.0694700517910234,260.9864377975464,1.8912568871524678,,1.8912568871524678,6.808703620260921,0.05045921808901002,0.05045885592699051,0.05058664083480835,0.050908684730529785,0.3616598317092724,0.35583703659746957,0.6424824084391293,,,,,,,,,,,,,,,,,,,,,,,,1.8583638470595144e-05,9.934963111966663e-05,127
bayesfl_observability_v1,vi_lr0p0002_b128_e2,30,vi,132,10,381,,2,128,255.40195337931314,,6.709970700990569,6.709970700990569,,,0.18421839018967845,0.0012027641059830785,0.999634203904888,0.18421839018967845,,0.9889320457164062,1.276983504145674,255.40195337931314,6.709970700990569,,6.709970700990569,6.811356409849461,0.05046779030070647,0.05046775937080383,0.05060012266039848,0.05090367794036865,0.3617126506436161,0.3560343875882247,0.6423243848725866,,,,,,,,,,,,,,,,,,,,,,,,6.593269825086538e-05,0.00010261284407483761,381
bayesfl_observability_v1,vi_lr0p0002_b128_e2,30,vi,108,8,1,,2,128,2.2224459648132324,,1.8892671203922609,1.8892671203922609,,,0.09780906600840737,0.00040027499198913574,0.9998968205788519,0.09780906600840737,,-0.0,2.3163460082440825,2.2224459648132324,1.8892671203922609,,1.8892671203922609,6.808915283663253,0.05045925101688648,0.050459012389183044,0.050587143376469614,0.05090177804231644,0.3616707578146154,0.35600779556336926,0.642207304165741,,,,,,,,,,,,,,,,,,,,,,,,1.8564086866387547e-05,9.94388479127769e-05,1
bayesfl_observability_v1,vi_lr0p0002_b128_e2,30,vi,109,8,28,,2,128,56.57042121887207,,1.8931038942333602,1.8931038942333602,,,0.09791019570805697,0.00040027499198913574,0.9998965933271554,0.09791019570805697,,0.8583093118876355,1.4436829998723784,56.57042121887207,1.8931038942333602,,1.8931038942333602,6.808448275418475,0.0504592400478338,0.05045926570892334,0.05058678835630417,0.05090900510549545,0.36162406761173993,0.35597466411622314,0.642315263072936,,,,,,,,,,,,,,,,,,,,,,,,1.860178730699971e-05,9.941374265379212e-05,28
bayesfl_observability_v1,vi_lr0p0002_b128_e2,30,vi,258,20,50,,2,128,111.76843166351318,,1.8918835031691081,1.8918835031691081,,,0.09787872983349633,0.00040027499198913574,0.9998966748618098,0.09787872983349633,,-0.0,2.259365973874069,111.76843166351318,1.8918835031691081,,1.8918835031691081,6.808953260812283,0.05045924787540924,0.050459012389183044,0.05058711767196655,0.05089191719889641,0.36165544955582113,0.35591698896285906,0.6425020777828098,,,,,,,,,,,,,,,,,,,,,,,,1.8589795648708933e-05,9.935478055684236e-05,50
bayesfl_observability_v1,vi_lr0p0002_b128_e2,30,vi,217,17,189,,2,128,224.0971179008484,,4.303936681711505,4.303936681711505,,,0.14757724738352962,0.0008022729307413101,0.9997651375383707,0.14757724738352962,,0.3250829733914482,1.9958124018703602,224.0971179008484,4.303936681711505,,4.303936681711505,6.809623563403666,0.05046413749807081,0.05046411231160164,0.05059331059455872,0.05089186131954193,0.36163746015143117,0.35599177157779505,0.6427752142152597,,,,,,,,,,,,,,,,,,,,,,,,4.2290819315235384e-05,0.00010084181682485284,189
bayesfl_observability_v1,vi_lr0p0002_b128_e2,30,vi,77,6,103,,2,128,260.79061126708984,,1.8937921455932996,1.8937921455932996,,,0.0979275499521751,0.00040027499198913574,0.9998965721437985,0.0979275499521751,,0.560246206790157,1.7468416333340404,260.79061126708984,1.8937921455932996,,1.8937921455932996,6.808964277952117,0.05045925759074085,0.05045917257666588,0.05058682449162007,0.05089365690946579,0.36165593829815845,0.3557329790005034,0.6423867306605425,,,,,,,,,,,,,,,,,,,,,,,,1.860855011882971e-05,9.949713132143331e-05,103
bayesfl_observability_v1,vi_lr0p0002_b128_e2,30,vi,9,0,107,,2,128,250.8235912322998,,1.8949832655997678,1.8949832655997678,,,0.09795939505000972,0.00040027499198913574,0.999896503153291,0.09795939505000972,,0.20393077072313337,2.077417173602598,250.8235912322998,1.8949832655997678,,1.8949832655997678,6.8089156006443545,0.0504592769439113,0.05045903101563454,0.050586973503232005,0.05090842396020889,0.36164702745880456,0.3559133692152089,0.6425706278728733,,,,,,,,,,,,,,,,,,,,,,,,1.8620254157411494e-05,9.929592568712449e-05,107
bayesfl_observability_v1,vi_lr0p0002_b128_e2,30,vi,26,2,29,,2,128,71.67927169799805,,1.885489775724377,1.885489775724377,,,0.09771069464194775,0.00040027499198913574,0.9998970356372324,0.09771069464194775,,1.0130227035447372,1.337996707207389,71.67927169799805,1.885489775724377,,1.885489775724377,6.809122546115379,0.05045924369222706,0.05045870319008827,0.05058679841458798,0.050908640027046204,0.36166718331529507,0.3561086894084071,0.6423960696933311,,,,,,,,,,,,,,,,,,,,,,,,1.8526970381491373e-05,9.932114971542515e-05,29
bayesfl_observability_v1,vi_lr0p0002_b128_e2,30,vi,170,13,19,,2,128,51.82912731170654,,1.8940558489130161,1.8940558489130161,,,0.09793442617008079,0.00040027499198913574,0.9998965657877243,0.09793442617008079,,0.5010469137590966,1.8905307785475154,51.82912731170654,1.8940558489130161,,1.8940558489130161,6.809179943874771,0.050459228158531565,0.050459183752536774,0.05058704763650894,0.050893209874629974,0.36168241675250995,0.3560158332960002,0.6422882474283784,,,,,,,,,,,,,,,,,,,,,,,,1.8611141288326777e-05,9.929621110229738e-05,19
bayesfl_observability_v1,vi_lr0p0002_b128_e2,30,vi,284,22,252,,2,128,271.868887424469,,4.299507010352039,4.299507010352039,,,0.1475015114423652,0.0008021919056773186,0.9997654629503835,0.1475015114423652,,0.042414731858117456,2.1445043425723562,271.868887424469,4.299507010352039,,4.299507010352039,6.8106737064740495,0.0504640844114944,0.0504637137055397,0.05059354864060879,0.05092747136950493,0.36168853794725064,0.35619537087489306,0.642285226100606,,,,,,,,,,,,,,,,,,,,,,,,4.2247293017117416e-05,0.00010089527340919794,252
bayesfl_observability_v1,vi_lr0p0002_b128_e2,31,vi,115,9,475,,2,128,288.033634185791,,9.188436322675985,9.188436322675985,,,0.2156166640749794,0.0015901699662208557,0.9994990496910966,0.2156166640749794,,0.6676113069747761,1.6615326749486288,288.033634185791,9.188436322675985,,9.188436322675985,6.812779158942546,0.050486089140315875,0.050485625863075256,0.05062252655625343,0.050991419702768326,0.36163800465752355,0.3563973939426858,0.6420318359726145,,,,,,,,,,,,,,,,,,,,,,,,9.028629579125464e-05,0.0001061623694422987,475
bayesfl_observability_v1,vi_lr0p0002_b128_e2,31,vi,119,9,843,,2,128,284.84716122491017,,16.042909466832608,16.042909466832608,,,0.2848311234264578,0.0026461854577064514,0.9991265722818786,0.2848311234264578,,0.9765459908687751,1.371331098617695,284.84716122491017,16.042909466832608,,16.042909466832608,6.816325562001611,0.05049245638965571,0.050491875037550926,0.050635531544685364,0.0509750097990036,0.3617218673889312,0.3562107233073053,0.6426669630600484,,,,,,,,,,,,,,,,,,,,,,,,0.00015763888637941053,0.00011101945594616867,843
bayesfl_observability_v1,vi_lr0p0002_b128_e2,31,vi,1,0,101,,2,128,258.5599308013916,,1.8890748870041665,1.8890748870041665,,,0.09783458949396466,0.00040027499198913574,0.9998968118074891,0.09783458949396466,,0.627941588739906,1.7479275202290525,258.5599308013916,1.8890748870041665,,1.8890748870041665,6.810353152187073,0.05047475815634163,0.050474368035793304,0.050605007261037824,0.05091974139213562,0.36159990984225115,0.35588704621215983,0.642180354381144,,,,,,,,,,,,,,,,,,,,,,,,1.8562197966042708e-05,0.0001011835049991877,101
bayesfl_observability_v1,vi_lr0p0002_b128_e2,31,vi,46,3,44,,2,128,109.06636714935303,,1.8874975182498455,1.8874975182498455,,,0.09779376464931082,0.00040027499198913574,0.9998968878396999,0.09779376464931082,,0.7751254239840702,1.531153988824562,109.06636714935303,1.8874975182498455,,1.8874975182498455,6.810075939912833,0.05047480742582242,0.05047469958662987,0.05060512199997902,0.05094413086771965,0.3615845230935522,0.3557556626971071,0.6422380101884124,,,,,,,,,,,,,,,,,,,,,,,,1.8546698616977946e-05,0.00010120981703497292,44
bayesfl_observability_v1,vi_lr0p0002_b128_e2,31,vi,34,2,89,,2,128,207.4905824661255,,1.8887334629676844,1.8887334629676844,,,0.09782595929034786,0.00040027499198913574,0.9998968058493765,0.09782595929034786,,0.9392429968990706,1.3654484544000312,207.4905824661255,1.8887334629676844,,1.8887334629676844,6.809572056061381,0.05047469822206888,0.050474707037210464,0.05060510449111462,0.05094505473971367,0.36156048263910695,0.3557045358042963,0.6422330449142757,,,,,,,,,,,,,,,,,,,,,,,,1.855884310668846e-05,0.0001012380597062885,89
bayesfl_observability_v1,vi_lr0p0002_b128_e2,31,vi,177,14,173,,2,128,201.2899580001831,,4.284184781009018,4.284184781009018,,,0.14728428629184295,0.0008022673428058624,0.9997661413545181,0.14728428629184295,,0.7072416889214992,1.6019064244591992,201.2899580001831,4.284184781009018,,4.284184781009018,6.810670345334383,0.0504795339186917,0.0504794605076313,0.05061136186122894,0.050930142402648926,0.3615689418303672,0.355908956189554,0.6421382850300548,,,,,,,,,,,,,,,,,,,,,,,,4.209673559014462e-05,0.00010265063237754101,173
bayesfl_observability_v1,vi_lr0p0002_b128_e2,31,vi,178,14,135,,2,128,142.2995481491089,,4.259521093573957,4.259521093573957,,,0.14685378237398408,0.0008019916713237762,0.9997674919423348,0.14685378237398408,,0.4244935576316679,1.8415271470075187,142.2995481491089,4.259521093573957,,4.259521093573957,6.810436442679047,0.05047958539197619,0.050479087978601456,0.050611697137355804,0.05092325806617737,0.36155778302269126,0.35619238923475494,0.6422081732745187,,,,,,,,,,,,,,,,,,,,,,,,4.185438826347604e-05,0.00010276918395483688,135
bayesfl_observability_v1,vi_lr0p0002_b128_e2,31,vi,56,4,2,,2,128,5.1645811796188354,,1.8915502419576231,1.8915502419576231,,,0.09789865218649915,0.00040027499198913574,0.9998966580832439,0.09789865218649915,,-0.0,2.4040642619438994,5.1645811796188354,1.8915502419576231,,1.8915502419576231,6.8097984900804835,0.05047482693591848,0.050474558025598526,0.0506049320101738,0.05092081427574158,0.3615841534007107,0.35610673286197425,0.6420487963303133,,,,,,,,,,,,,,,,,,,,,,,,1.8586520997913168e-05,0.00010121515371334803,2
bayesfl_observability_v1,vi_lr0p0002_b128_e2,31,vi,134,10,326,,2,128,268.7889575958252,,6.8302289991790825,6.8302289991790825,,,0.1859367920459478,0.0012035181280225515,0.9996273882139202,0.1859367920459478,,0.4149757414196952,1.8961001489773186,268.7889575958252,6.8302289991790825,,6.8302289991790825,6.811809458073977,0.050483146740620176,0.050483034923672676,0.05061696097254753,0.05095268040895462,0.3615862704422111,0.3557087490910562,0.6421843563849382,,,,,,,,,,,,,,,,,,,,,,,,6.711436571857209e-05,0.00010435691323846738,326
bayesfl_observability_v1,vi_lr0p0002_b128_e2,31,vi,136,10,138,,2,128,145.19040894508362,,4.268532745201666,4.268532745201666,,,0.14701520368528825,0.0008021557005122304,0.9997670101830725,0.14701520368528825,,0.2813922348789828,2.0277707902000017,145.19040894508362,4.268532745201666,,4.268532745201666,6.810892468465405,0.05047957064931462,0.05047912523150444,0.050611256062984465,0.05094039812684059,0.3615815826216219,0.35607258129919583,0.642204805794724,,,,,,,,,,,,,,,,,,,,,,,,4.194293745899249e-05,0.000102749547460988,138
bayesfl_observability_v1,vi_lr0p0002_b128_e2,31,vi,223,17,110,,2,128,241.34405612945557,,1.8940620895582598,1.8940620895582598,,,0.0979638587509866,0.00040027499198913574,0.9998965234466978,0.0979638587509866,,0.8399031444716331,1.4694341093795324,241.34405612945557,1.8940620895582598,,1.8940620895582598,6.809906110660539,0.05047481276030489,0.050474613904953,0.05060495808720589,0.05094103887677193,0.36156641942541673,0.3557330024144178,0.6419124007730543,,,,,,,,,,,,,,,,,,,,,,,,1.8611202609396283e-05,0.00010124820788496352,110
bayesfl_observability_v1,vi_lr0p0002_b128_e2,31,vi,253,20,321,,2,128,272.7082052230835,,6.738602276940268,6.738602276940268,,,0.18467279850357915,0.0012061335146427155,0.9996324181328308,0.18467279850357915,,0.7378925589010543,1.546566822838165,272.7082052230835,6.738602276940268,,6.738602276940268,6.811624987354063,0.050483379925417154,0.050483111292123795,0.05061793699860573,0.05097423493862152,0.3615730147641511,0.3556436731908469,0.6423257360287238,,,,,,,,,,,,,,,,,,,,,,,,6.621403436120927e-05,0.00010422851217577214,321
bayesfl_observability_v1,vi_lr0p0002_b128_e2,31,vi,64,5,14,,2,128,33.565513610839844,,1.8883081480763753,1.8883081480763753,,,0.0978144301507581,0.00040027499198913574,0.9998968460909355,0.0978144301507581,,0.8033149761408755,1.498435876843149,33.565513610839844,1.8883081480763753,,1.8883081480763753,6.8101300578232875,0.05047484268576648,0.050474654883146286,0.050604984164237976,0.05094505473971367,0.36158445910444764,0.3559364446487553,0.6422886039328448,,,,,,,,,,,,,,,,,,,,,,,,1.855466392921662e-05,0.00010115870427918793,14
bayesfl_observability_v1,vi_lr0p0002_b128_e2,31,vi,74,5,70,,2,128,188.71610260009766,,1.892076262949427,1.892076262949427,,,0.0979122994386755,0.0004002717323601246,0.9998966267729489,0.0979122994386755,,1.1534898214385076,1.1546999842430363,188.71610260009766,1.892076262949427,,1.892076262949427,6.809704001434321,0.05047486196246909,0.05047477036714554,0.05060490295290947,0.05093895271420479,0.3615588333697539,0.3556885350653595,0.6422236194979283,,,,,,,,,,,,,,,,,,,,,,,,1.8591689721425046e-05,0.00010120146601739444,70
bayesfl_observability_v1,vi_lr0p0002_b128_e2,31,vi,110,8,58,,2,128,122.44793033599854,,1.885934080815979,1.885934080815979,,,0.09775410002777422,0.00040027499198913574,0.9998969653613511,0.09775410002777422,,0.08048483706800685,2.1077419116679486,122.44793033599854,1.885934080815979,,1.885934080815979,6.8098803855549,0.050474803176019156,0.05047452449798584,0.0506049245595932,0.05094243586063385,0.36158364981439334,0.3560649034976927,0.642223434147506,,,,,,,,,,,,,,,,,,,,,,,,1.8531336158160352e-05,0.00010116946223201028,58
bayesfl_observability_v1,vi_lr0p0002_b128_e2,32,vi,188,15,69,,2,128,151.03475713729858,,1.8854015731111273,1.8854015731111273,,,0.09777050397610274,0.00040027499198913574,0.9998969821805178,0.09777050397610274,,0.7873390100049964,1.5118297685691615,151.03475713729858,1.8854015731111273,,1.8854015731111273,6.811477199092769,0.05049103175533261,0.05049047991633415,0.050623152405023575,0.05094968155026436,0.3615511179898473,0.35599777900658175,0.6422519937880938,,,,,,,,,,,,,,,,,,,,,,,,1.852610369569743e-05,0.00010240464866445572,69
bayesfl_observability_v1,vi_lr0p0002_b128_e2,32,vi,20,1,3,,2,128,8.451359987258911,,1.8802851300429877,1.8802851300429877,,,0.09763717423352572,0.0004002717323601246,0.9998972465742401,0.09763717423352572,,-0.0,2.311121424016332,8.451359987258911,1.8802851300429877,,1.8802851300429877,6.811033232618847,0.05049103465935324,0.05049082636833191,0.050622479617595674,0.05094687268137932,0.36152648390959563,0.35585396058615015,0.6420619760313447,,,,,,,,,,,,,,,,,,,,,,,,1.8475829124918813e-05,0.0001023372450289716,3
bayesfl_observability_v1,vi_lr0p0002_b128_e2,32,vi,184,14,772,,2,128,285.22745840890065,,16.371584384638453,16.371584384638453,,,0.28783772065917546,0.0026498176157474518,0.9991081772909275,0.28783772065917546,,0.5555478088018497,1.7571605964604784,285.22745840890065,16.371584384638453,,16.371584384638453,6.816937150479685,0.05050888756527828,0.0505078099668026,0.05065307393670082,0.05101313814520836,0.3616324994094417,0.3553903550027494,0.6421372242340669,,,,,,,,,,,,,,,,,,,,,,,,0.00016086847189386314,0.00011239661321967603,772
bayesfl_observability_v1,vi_lr0p0002_b128_e2,32,vi,185,14,2,,2,128,4.24708616733551,,1.8852015010318217,1.8852015010318217,,,0.09776579240685329,0.00040027499198913574,0.9998969796004071,0.09776579240685329,,0.6931471805599453,1.592096518385255,4.24708616733551,1.8852015010318217,,1.8852015010318217,6.81115068006805,0.050490958434466916,0.05049077793955803,0.05062253922224045,0.05094938725233078,0.36153451039196915,0.3561439410260738,0.642197211480875,,,,,,,,,,,,,,,,,,,,,,,,1.8524137771758097e-05,0.00010244934484159257,2
bayesfl_observability_v1,vi_lr0p0002_b128_e2,32,vi,253,20,321,,2,128,259.84900347391766,,6.7397621137089185,6.7397621137089185,,,0.1847515413065432,0.0012044627219438553,0.9996321578340583,0.1847515413065432,,0.7378925589010543,1.546566822838165,259.84900347391766,6.7397621137089185,,6.7397621137089185,6.812074826422453,0.05049926798332765,0.05049913749098778,0.050634758174419404,0.050960686057806015,0.36143773781727834,0.35587870544330735,0.6421229187887253,,,,,,,,,,,,,,,,,,,,,,,,6.622543100824328e-05,0.00010553117857037465,321
bayesfl_observability_v1,vi_lr0p0002_b128_e2,32,vi,1,0,101,,2,128,270.8477201461792,,1.8947473435809783,1.8947473435809783,,,0.0980148027838007,0.00040027499198913574,0.9998964474768979,0.0980148027838007,,0.627941588739906,1.7479275202290525,270.8477201461792,1.8947473435809783,,1.8947473435809783,6.810948130686172,0.0504910280776654,0.05049063637852669,0.05062272399663925,0.05094987154006958,0.36150101613945,0.35565469150698203,0.6420410936510766,,,,,,,,,,,,,,,,,,,,,,,,1.8617935969155727e-05,0.00010241068544365816,101
bayesfl_observability_v1,vi_lr0p0002_b128_e2,32,vi,5,0,35,,2,128,80.54335880279541,,1.8787390184754158,1.8787390184754158,,,0.09759606819254092,0.0004002717323601246,0.9998973331341707,0.09759606819254092,,1.5903475561802325,0.7061063978321973,80.54335880279541,1.8787390184754158,,1.8787390184754158,6.811034857199951,0.05049102292587847,0.05049091577529907,0.05062257573008537,0.05093592032790184,0.3615008905692744,0.3557206810501422,0.6419518986949027,,,,,,,,,,,,,,,,,,,,,,,,1.846063691142199e-05,0.00010239462118281062,35
bayesfl_observability_v1,vi_lr0p0002_b128_e2,32,vi,203,16,396,,2,128,248.60922181606293,,9.083443069256612,9.083443069256612,,,0.21443499175737185,0.0016052555292844772,0.9995045924427355,0.21443499175737185,,1.5571176369237727,0.7668056340182599,248.60922181606293,9.083443069256612,,9.083443069256612,6.813219914678697,0.05050246474417573,0.05050194822251797,0.05064043924212456,0.05096888542175293,0.3615168319882417,0.3557663276362561,0.6421591454089416,,,,,,,,,,,,,,,,,,,,,,,,8.92546238504138e-05,0.0001073594455038293,396
bayesfl_observability_v1,vi_lr0p0002_b128_e2,32,vi,40,3,3,,2,128,7.195021152496338,,1.8858478642559715,1.8858478642559715,,,0.09778244145031405,0.00040027499198913574,0.9998969355121592,0.09778244145031405,,0.6365141682948128,1.636379152337986,7.195021152496338,1.8858478642559715,,1.8858478642559715,6.8108673834393905,0.050491013169329635,0.050490766763687134,0.05062295123934746,0.05092310160398483,0.36151289168877454,0.3560856593822468,0.6420504125788906,,,,,,,,,,,,,,,,,,,,,,,,1.8530488987481295e-05,0.00010248620427406417,3
bayesfl_observability_v1,vi_lr0p0002_b128_e2,32,vi,222,17,625,,2,128,272.5077935218811,,11.650403884980506,11.650403884980506,,,0.24284506112669446,0.001965557225048542,0.9993648326851766,0.24284506112669446,,0.2960944988460536,2.006520240843815,272.5077935218811,11.650403884980506,,11.650403884980506,6.814581334509656,0.050504890809484816,0.05050447955727577,0.050645437091588974,0.05097883939743042,0.3615303504642561,0.3557578811760309,0.6418613147273096,,,,,,,,,,,,,,,,,,,,,,,,0.00011447778210651965,0.00010889626025531218,625
bayesfl_observability_v1,vi_lr0p0002_b128_e2,32,vi,264,21,197,,2,128,263.035706281662,,4.264135719582343,4.264135719582343,,,0.14698474844346102,0.0008021499961614609,0.9997671414751268,0.14698474844346102,,0.6375936626726958,1.698074512420698,263.035706281662,4.264135719582343,,4.264135719582343,6.811368933573316,0.05049568037751839,0.050495557487010956,0.050629133731126784,0.05096812546253204,0.3614881757101778,0.3560545265114521,0.6420055634640555,,,,,,,,,,,,,,,,,,,,,,,,4.1899731940476984e-05,0.00010383277299444995,197
bayesfl_observability_v1,vi_lr0p0002_b128_e2,32,vi,150,12,12,,2,128,20.334535598754883,,1.8830340625764015,1.8830340625764015,,,0.09770967616927344,0.0004002731293439865,0.9998970904185193,0.09770967616927344,,-0.0,2.185987945410232,20.334535598754883,1.8830340625764015,,1.8830340625764015,6.810920893296159,0.050490988966034,0.0504908487200737,0.05062319822609425,0.0509500615298748,0.3615161784333553,0.3560848185679795,0.6422463367556097,,,,,,,,,,,,,,,,,,,,,,,,1.8502840351541727e-05,0.00010241886187655214,12
bayesfl_observability_v1,vi_lr0p0002_b128_e2,32,vi,153,12,1,,2,128,1.7549389004707336,,1.8864322106695983,1.8864322106695983,,,0.09779733807601342,0.00040027499198913574,0.9998968921404372,0.09779733807601342,,-0.0,2.259365973874069,1.7549389004707336,1.8864322106695983,,1.8864322106695983,6.810349974410916,0.05049103019888824,0.050490424036979675,0.050623245537281036,0.05094953998923302,0.3614642206784582,0.35582322655812465,0.6420484303972173,,,,,,,,,,,,,,,,,,,,,,,,1.8536230821161426e-05,0.00010251986786163135,1
bayesfl_observability_v1,vi_lr0p0002_b128_e2,32,vi,76,6,933,,2,128,247.3913558125496,,19.044330636625855,19.044330636625855,,,0.3104553146902183,0.003015166148543358,0.9989632673480118,0.3104553146902183,,0.0076666405810588475,2.3077806594899846,247.3913558125496,19.044330636625855,,19.044330636625855,6.819499273616037,0.050510742265057196,0.050510041415691376,0.0506574809551239,0.05102909356355667,0.3616914524455389,0.3559236518246848,0.6422298989315154,,,,,,,,,,,,,,,,,,,,,,,,0.00018713108614155306,0.00011401135373911659,933
bayesfl_observability_v1,vi_lr0p0002_b128_e2,32,vi,31,2,70,,2,128,148.10196113586426,,1.886101705696675,1.886101705696675,,,0.09779009440493894,0.0004002731293439865,0.9998969108949965,0.09779009440493894,,1.0160542936625165,1.3094444340884457,148.10196113586426,1.886101705696675,,1.886101705696675,6.810528731823275,0.05049099680195538,0.05049068108201027,0.050622936338186264,0.050922296941280365,0.3614946672938671,0.3559196541563855,0.6420075690095227,,,,,,,,,,,,,,,,,,,,,,,,1.853298325338189e-05,0.00010240782912789096,70
bayesfl_observability_v1,vi_lr0p0002_b128_e2,33,vi,218,17,3,,2,128,7.274759769439697,,1.8825258680628678,1.8825258680628678,,,0.09773513758553948,0.00040027499198913574,0.9998970740394242,0.09773513758553948,,-0.0,2.3292713582565514,7.274759769439697,1.8825258680628678,,1.8825258680628678,6.812052495832536,0.050511439750314205,0.050511155277490616,0.05064549408853054,0.05097254365682602,0.36140577015433073,0.3554738347889459,0.641957455948398,,,,,,,,,,,,,,,,,,,,,,,,1.8497846792403144e-05,0.00010425171841181137,3
bayesfl_observability_v1,vi_lr0p0002_b128_e2,33,vi,224,17,90,,2,128,194.71703052520752,,1.8883936079954868,1.8883936079954868,,,0.09788819505067627,0.0004002731293439865,0.9998967673687894,0.09788819505067627,,0.6694250749067785,1.6387902561312846,194.71703052520752,1.8883936079954868,,1.8883936079954868,6.81267777954471,0.05051139552401333,0.050510749220848083,0.05064571760594845,0.05097394064068794,0.36141759672068485,0.35556782038239787,0.6421257347274508,,,,,,,,,,,,,,,,,,,,,,,,1.85555036650829e-05,0.00010422190969840652,90
bayesfl_observability_v1,vi_lr0p0002_b128_e2,33,vi,93,7,103,,2,128,277.34517765045166,,1.8887984324930065,1.8887984324930065,,,0.09789952945616773,0.00040027499198913574,0.9998967403253315,0.09789952945616773,,1.1983912561963983,1.1190743533532796,277.34517765045166,1.8887984324930065,,1.8887984324930065,6.812577242880039,0.050511379312137096,0.050510961562395096,0.050645578652620316,0.050957951694726944,0.3614233565793393,0.3561200088732226,0.6419887823451131,,,,,,,,,,,,,,,,,,,,,,,,1.855948150233867e-05,0.00010424495271428584,103
bayesfl_observability_v1,vi_lr0p0002_b128_e2,33,vi,277,22,896,,2,128,302.44561583655224,,15.943925943546231,15.943925943546231,,,0.28415303052674445,0.002703852951526642,0.9991311148221007,0.28415303052674445,,1.0079628307563315,1.347582353346925,302.44561583655224,15.943925943546231,,15.943925943546231,6.817897021730087,0.05052936145913347,0.05052902176976204,0.05067542418837547,0.05103975534439087,0.36147612168096516,0.35564876412635604,0.642591364502248,,,,,,,,,,,,,,,,,,,,,,,,0.0001566662665180921,0.00011405990795654541,896
bayesfl_observability_v1,vi_lr0p0002_b128_e2,33,vi,279,22,12,,2,128,23.827062129974365,,1.8893963647506433,1.8893963647506433,,,0.097913884449152,0.00040027499198913574,0.9998967067205615,0.097913884449152,,0.6172417697303416,1.6358465807671725,23.827062129974365,1.8893963647506433,,1.8893963647506433,6.8124622184184,0.050511434135913344,0.05051112547516823,0.050645244866609575,0.05096171796321869,0.3614241469774675,0.3558011910088562,0.6419823881996641,,,,,,,,,,,,,,,,,,,,,,,,1.856535683158734e-05,0.00010423706054434994,12
bayesfl_observability_v1,vi_lr0p0002_b128_e2,33,vi,226,18,194,,2,128,247.62648797035217,,4.251735377696746,4.251735377696746,,,0.14682739988917543,0.0008021816611289978,0.9997678299079252,0.14682739988917543,,0.9859708285056665,1.3182756176046706,247.62648797035217,4.251735377696746,,4.251735377696746,6.814121307817398,0.05051622101556632,0.05051611363887787,0.05065198242664337,0.0509905107319355,0.361451988220383,0.3557249109754398,0.6420182151426239,,,,,,,,,,,,,,,,,,,,,,,,4.177788520877219e-05,0.00010573425535218502,194
bayesfl_observability_v1,vi_lr0p0002_b128_e2,33,vi,160,12,379,,2,128,312.9700177510579,,6.713472534918153,6.713472534918153,,,0.18445711005415635,0.001202944666147232,0.9996336719144604,0.18445711005415635,,1.1782151454192733,1.120809894534982,312.9700177510579,6.713472534918153,,6.713472534918153,6.8152293648483955,0.05051996213163153,0.0505194291472435,0.050658353790640834,0.05101323500275612,0.36147565896178363,0.35553253057873685,0.6425717034350046,,,,,,,,,,,,,,,,,,,,,,,,6.596710754562398e-05,0.00010749052681148009,379
bayesfl_observability_v1,vi_lr0p0002_b128_e2,33,vi,112,9,53,,2,128,119.27374696731567,,1.88230479988689,1.88230479988689,,,0.0977297490776904,0.00040027499198913574,0.9998971047016952,0.0977297490776904,,0.7684671875616165,1.5586349016673413,119.27374696731567,1.88230479988689,,1.88230479988689,6.812779525238778,0.05051151664159446,0.05051102675497532,0.05064553767442703,0.05097348242998123,0.3614475163649002,0.3558492119588955,0.6419163560845603,,,,,,,,,,,,,,,,,,,,,,,,1.8495674559171563e-05,0.0001042226441763412,53
bayesfl_observability_v1,vi_lr0p0002_b128_e2,33,vi,116,9,205,,2,128,244.59436678886414,,4.2607009533109,4.2607009533109,,,0.14698404602510995,0.000802257563918829,0.9997672862466743,0.14698404602510995,,0.9545659472413177,1.3413563853720292,244.59436678886414,4.2607009533109,,4.2607009533109,6.813487129105053,0.05051621781617997,0.05051599442958832,0.050651922821998596,0.05098282918334007,0.36140321990183755,0.3554848557734638,0.64190445412883,,,,,,,,,,,,,,,,,,,,,,,,4.1865981657766535e-05,0.00010571604000499392,205
bayesfl_observability_v1,vi_lr0p0002_b128_e2,33,vi,199,15,66,,2,128,148.8683385848999,,1.8873944167314392,1.8873944167314392,,,0.09786297579418794,0.00040027499198913574,0.9998968233507275,0.09786297579418794,,0.5771077249415074,1.7075923616880604,148.8683385848999,1.8873944167314392,,1.8873944167314392,6.812762027709599,0.050511431847076245,0.05051114782691002,0.050645552575588226,0.050973668694496155,0.3614563632342033,0.3551920702949382,0.6419298559827837,,,,,,,,,,,,,,,,,,,,,,,,1.854568553337368e-05,0.00010416722580074897,66
bayesfl_observability_v1,vi_lr0p0002_b128_e2,33,vi,245,19,166,,2,128,158.55563378334045,,4.2629916607484954,4.2629916607484954,,,0.14701974378816618,0.0008021071553230286,0.9997671335995508,0.14701974378816618,,0.4534650765650608,1.8353971806874023,158.55563378334045,4.2629916607484954,,4.2629916607484954,6.81284678496321,0.05051632743986602,0.05051616206765175,0.050652261823415756,0.050988756120204926,0.36139314534708433,0.3554653643224957,0.641814887761628,,,,,,,,,,,,,,,,,,,,,,,,4.188849032866754e-05,0.00010584149142902076,166
bayesfl_observability_v1,vi_lr0p0002_b128_e2,33,vi,148,11,143,,2,128,188.7313961982727,,4.2547905720506245,4.2547905720506245,,,0.146880109083663,0.000802263617515564,0.9997675786485075,0.146880109083663,,0.8043283840341318,1.4893525926791222,188.7313961982727,4.2547905720506245,,4.2547905720506245,6.812899144926621,0.05051623265712595,0.050516046583652496,0.050651618465781215,0.05098192021250725,0.3614059145113111,0.3556969751615205,0.6416430977554823,,,,,,,,,,,,,,,,,,,,,,,,4.1807905788057625e-05,0.00010571020467194389,143
bayesfl_observability_v1,vi_lr0p0002_b128_e2,33,vi,291,23,331,,2,128,271.25669463475543,,6.7035860309528035,6.7035860309528035,,,0.18432198882368217,0.0011985935270786285,0.9996341499772762,0.18432198882368217,,0.6563087339558499,1.6124405973952192,271.25669463475543,6.7035860309528035,,6.7035860309528035,6.814742937014567,0.05051986038266816,0.050519559532403946,0.05065744370222092,0.050985079258680344,0.361454272552794,0.355872755200703,0.6420626728819119,,,,,,,,,,,,,,,,,,,,,,,,6.586996198243887e-05,0.00010744182511492727,331
bayesfl_observability_v1,vi_lr0p0002_b128_e2,33,vi,75,6,1255,,2,128,294.2234769105911,,22.289869525408754,22.289869525408754,,,0.33593700394573356,0.003698095679283142,0.9987861051363142,0.33593700394573356,,1.2609117925786006,1.0481333848545875,294.2234769105911,22.289869525408754,,22.289869525408754,6.819995575864047,0.050533717626813204,0.05053310468792915,0.050685835629701616,0.05103782191872597,0.3615311532271548,0.3556557718835718,0.6426166292901452,,,,,,,,,,,,,,,,,,,,,,,,0.00021902200575227233,0.00011855315195331507,1255
bayesfl_observability_v1,vi_lr0p0002_b128_e2,33,vi,111,8,104,,2,128,262.02550506591797,,1.8839848888959794,1.8839848888959794,,,0.09777448591532797,0.00040027499198913574,0.999896994563974,0.09777448591532797,,1.3179184853439518,1.015282595513532,262.02550506591797,1.8839848888959794,,1.8839848888959794,6.812218895378494,0.05051137919448864,0.05051104351878166,0.05064496025443077,0.05097071826457977,0.36139968273055584,0.3558026727591409,0.6420937158201385,,,,,,,,,,,,,,,,,,,,,,,,1.8512183245514193e-05,0.00010428878595834345,104
bayesfl_observability_v1,vi_lr0p0002_b128_e2,34,vi,186,14,2,,2,128,5.08453893661499,,1.8874065653035033,1.8874065653035033,,,0.09790108501769972,0.00040027499198913574,0.9998967837314311,0.09790108501769972,,-0.0,2.28098669344155,5.08453893661499,1.8874065653035033,,1.8874065653035033,6.814092344206509,0.05053135108034679,0.050530750304460526,0.0506684347987175,0.051014043390750885,0.36133013931430497,0.3555822205651151,0.6418085828015462,,,,,,,,,,,,,,,,,,,,,,,,1.8545804906195375e-05,0.00010657683836247259,2
bayesfl_observability_v1,vi_lr0p0002_b128_e2,34,vi,31,2,70,,2,128,163.17493677139282,,1.885938258316941,1.885938258316941,,,0.0978620917435206,0.0004002717323601246,0.9998968668290986,0.0978620917435206,,1.0160542936625165,1.3094444340884457,163.17493677139282,1.885938258316941,,1.885938258316941,6.81411672837447,0.05053131027222031,0.05053102225065231,0.05066778622567654,0.051017988473176956,0.36135384274825244,0.35538555432518576,0.6418646773061994,,,,,,,,,,,,,,,,,,,,,,,,1.8531377206612373e-05,0.00010654828760036916,70
bayesfl_observability_v1,vi_lr0p0002_b128_e2,34,vi,76,6,933,,2,128,236.12364226579666,,19.17138193715333,19.17138193715333,,,0.3117550134451394,0.0031105363741517067,0.9989547513265468,0.3117550134451394,,0.0076666405810588475,2.3077806594899846,236.12364226579666,19.17138193715333,,19.17138193715333,6.820279145745385,0.050550901319385395,0.0505504310131073,0.05070172995328903,0.05109519883990288,0.3614014200044202,0.35523043550042127,0.6420428911199552,,,,,,,,,,,,,,,,,,,,,,,,0.00018837950218289606,0.00011744139029954259,933
bayesfl_observability_v1,vi_lr0p0002_b128_e2,34,vi,109,8,28,,2,128,63.85695171356201,,1.8882292919530883,1.8882292919530883,,,0.09792191782348603,0.00040027499198913574,0.9998967198969531,0.09792191782348603,,0.8583093118876355,1.4436829998723784,63.85695171356201,1.8882292919530883,,1.8882292919530883,6.813395852635404,0.05053140196139907,0.05053076148033142,0.05066808052361012,0.05101814493536949,0.361297279799192,0.3555062583041322,0.6420896905947687,,,,,,,,,,,,,,,,,,,,,,,,1.8553889082765926e-05,0.00010657867083874041,28
bayesfl_observability_v1,vi_lr0p0002_b128_e2,34,vi,202,16,344,,2,128,254.14799642562866,,6.717884560179311,6.717884560179311,,,0.18459395645256776,0.0012051742523908615,0.9996331945928063,0.18459395645256776,,0.7151651242351365,1.5572907521493602,254.14799642562866,6.717884560179311,,6.717884560179311,6.81591100236892,0.050539781158107124,0.05053917318582535,0.050680581480264664,0.05103043094277382,0.3613224777350003,0.355247014138333,0.6420226126643132,,,,,,,,,,,,,,,,,,,,,,,,6.60104604517963e-05,0.0001098329905593365,344
bayesfl_observability_v1,vi_lr0p0002_b128_e2,34,vi,244,19,1260,,2,128,279.81371731758117,,21.748719150874667,21.748719150874667,,,0.33193373185624286,0.003560122102499008,0.9988151755500791,0.33193373185624286,,1.3323327101463387,1.0014916603766353,279.81371731758117,21.748719150874667,,21.748719150874667,6.82083909956497,0.050553943278260474,0.05055328086018562,0.05070948116481304,0.051074422895908356,0.36136952896247077,0.3551144144405918,0.6419169968668369,,,,,,,,,,,,,,,,,,,,,,,,0.00021370461973936,0.00012049993242411145,1260
bayesfl_observability_v1,vi_lr0p0002_b128_e2,34,vi,199,15,66,,2,128,169.2778239250183,,1.8860823010867012,1.8860823010867012,,,0.0978676076612943,0.00040027499198913574,0.9998968505221684,0.0978676076612943,,0.5771077249415074,1.7075923616880604,169.2778239250183,1.8860823010867012,,1.8860823010867012,6.813983571194068,0.05053139731849477,0.050530944019556046,0.050667942687869075,0.0510181225836277,0.3613426931466607,0.3553649187380174,0.641748516981599,,,,,,,,,,,,,,,,,,,,,,,,1.853279258216273e-05,0.0001066568655297881,66
bayesfl_observability_v1,vi_lr0p0002_b128_e2,34,vi,250,20,178,,2,128,202.50992560386658,,4.238919155498374,4.238919155498374,,,0.14666477637433906,0.0008022692054510117,0.9997683907492414,0.14666477637433906,,1.1913948887090147,1.0967669956015758,202.50992560386658,4.238919155498374,,4.238919155498374,6.814872320004217,0.05053614814910982,0.05053593963384628,0.05067472532391548,0.05099089816212654,0.3613088429361486,0.35508519690484575,0.6420416123443947,,,,,,,,,,,,,,,,,,,,,,,,4.165195200450402e-05,0.00010800737126905655,178
bayesfl_observability_v1,vi_lr0p0002_b128_e2,34,vi,251,20,36,,2,128,79.2121000289917,,1.8827799935903804,1.8827799935903804,,,0.09778082419985762,0.00040027499198913574,0.9998970335104391,0.09778082419985762,,0.7570449135276909,1.610651168463865,79.2121000289917,1.8827799935903804,,1.8827799935903804,6.813987157682459,0.05053133420559071,0.050530776381492615,0.05066828057169914,0.051017988473176956,0.3613190185363471,0.3554757922354974,0.6418322642788883,,,,,,,,,,,,,,,,,,,,,,,,1.8500343849763e-05,0.00010662290993020643,36
bayesfl_observability_v1,vi_lr0p0002_b128_e2,34,vi,52,4,24,,2,128,59.002002239227295,,1.883167437443185,1.883167437443185,,,0.0977890048316305,0.00040027499198913574,0.9998970423525436,0.0977890048316305,,1.0880102622771117,1.1812023456676566,59.002002239227295,1.883167437443185,,1.883167437443185,6.814628356341233,0.050531442575592285,0.05053097382187843,0.05066826939582825,0.05100322887301445,0.3613675730134202,0.3553878634420754,0.6418933613928857,,,,,,,,,,,,,,,,,,,,,,,,1.8504150903440945e-05,0.00010660784586380525,24
bayesfl_observability_v1,vi_lr0p0002_b128_e2,34,vi,160,12,379,,2,128,314.58619022369385,,6.698159819680476,6.698159819680476,,,0.18432559340260002,0.0012047681957483292,0.9996342850895726,0.18432559340260002,,1.1782151454192733,1.120809894534982,314.58619022369385,6.698159819680476,,6.698159819680476,6.81612223921962,0.050539635144371035,0.050539810210466385,0.05068033188581467,0.05100545659661293,0.3613514011035701,0.35536573963108326,0.6419398133375831,,,,,,,,,,,,,,,,,,,,,,,,6.581664360499632e-05,0.00010979104753987322,379
bayesfl_observability_v1,vi_lr0p0002_b128_e2,34,vi,17,1,132,,2,128,173.46463632583618,,4.241948422712204,4.241948422712204,,,0.1467125659455927,0.0008020275272428989,0.9997682359224165,0.1467125659455927,,1.2053659931842142,1.1004903769146668,173.46463632583618,4.241948422712204,,4.241948422712204,6.8148182742670045,0.050536192289425554,0.05053604580461979,0.05067460611462593,0.05102129653096199,0.3613361992149134,0.35529858964610816,0.6421932573255485,,,,,,,,,,,,,,,,,,,,,,,,4.168171782167833e-05,0.00010804661472742721,132
bayesfl_observability_v1,vi_lr0p0002_b128_e2,34,vi,226,18,194,,2,128,220.5256905555725,,4.272864177673677,4.272864177673677,,,0.1472539885122333,0.0008022617548704147,0.9997664788781464,0.1472539885122333,,0.9859708285056665,1.3182756176046706,220.5256905555725,4.272864177673677,,4.272864177673677,6.814140074633851,0.050536160958844646,0.05053575336933136,0.0506746768951416,0.05101669952273369,0.3612585586769721,0.3551689659656831,0.6416977402933686,,,,,,,,,,,,,,,,,,,,,,,,4.1985498454099216e-05,0.00010802470963846073,194
bayesfl_observability_v1,vi_lr0p0002_b128_e2,34,vi,277,22,896,,2,128,280.94165693010603,,15.855675388825665,15.855675388825665,,,0.2834639241076659,0.0027102604508399963,0.9991354712823146,0.2834639241076659,,1.0079628307563315,1.347582353346925,280.94165693010603,15.855675388825665,,15.855675388825665,6.818457317615994,0.050549424474882663,0.05054907128214836,0.05069830380380154,0.05108541250228882,0.3613879199061143,0.3552147132521478,0.6420689131038744,,,,,,,,,,,,,,,,,,,,,,,,0.00015579910964749597,0.00011617508369754372,896
bayesfl_observability_v1,vi_lr0p0002_b128_e2,34,vi,142,11,1305,,2,128,255.40217182853004,,23.75265904706728,23.75265904706728,,,0.3468867577870206,0.0037764422595500946,0.9987064889302535,0.3468867577870206,,1.0393456977703441,1.2528709717652187,255.40217182853004,23.75265904706728,,23.75265904706728,6.822255226480941,0.050555225171736655,0.0505542978644371,0.050712579488754274,0.05115342140197754,0.3614344226617093,0.3560084306741369,0.6423979945762369,,,,,,,,,,,,,,,,,,,,,,,,0.00023339549029249563,0.0001217145425999637,1305
bayesfl_observability_v1,vi_lr0p0002_b128_e2,35,vi,35,2,12,,2,128,26.383535385131836,,1.8798555757661577,1.8798555757661577,,,0.0977505163535269,0.00040027499198913574,0.999897137621942,0.0977505163535269,,0.8981370031878679,1.419319868930796,26.383535385131836,1.8798555757661577,,1.8798555757661577,6.815290519962293,0.05055545414856987,0.05055513605475426,0.05069505162537098,0.051048412919044495,0.36119566946428894,0.3549591761437442,0.6416217724715308,,,,,,,,,,,,,,,,,,,,,,,,1.847160829091243e-05,0.00010876657814625682,12
bayesfl_observability_v1,vi_lr0p0002_b128_e2,35,vi,277,22,896,,2,128,282.800126348223,,15.71144823132626,15.71144823132626,,,0.282291594077534,0.002730283886194229,0.9991431631154225,0.282291594077534,,1.0079628307563315,1.347582353346925,282.800126348223,15.71144823132626,,15.71144823132626,6.820654850138014,0.05057354026392704,0.050573207437992096,0.050725915282964704,0.05112689360976219,0.3612539301198916,0.3551992769545614,0.6414205500245325,,,,,,,,,,,,,,,,,,,,,,,,0.0001543819222887517,0.0001182133644873314,896
bayesfl_observability_v1,vi_lr0p0002_b128_e2,35,vi,280,22,64,,2,128,151.86993885040283,,1.8866427060489048,1.8866427060489048,,,0.09792832615884088,0.00040027499198913574,0.9998967443561397,0.09792832615884088,,0.2899701528409824,2.0294816997969796,151.86993885040283,1.8866427060489048,,1.8866427060489048,6.814688714891002,0.05055546585876387,0.05055523291230202,0.05069516971707344,0.051063213497400284,0.36115784392930284,0.35509679695913693,0.6416910323991445,,,,,,,,,,,,,,,,,,,,,,,,1.853829916526388e-05,0.00010883047547688403,64
bayesfl_observability_v1,vi_lr0p0002_b128_e2,35,vi,134,10,326,,2,128,256.07181390126544,,6.735911577783067,6.735911577783067,,,0.1849325825872533,0.0012029377976432443,0.9996319554758715,0.1849325825872533,,0.4149757414196952,1.8961001489773186,256.07181390126544,6.735911577783067,,6.735911577783067,6.816917924173465,0.05056384178536474,0.050563741475343704,0.05070659890770912,0.05110122263431549,0.36117157189610816,0.35513789695698006,0.6413555268849549,,,,,,,,,,,,,,,,,,,,,,,,6.618759534030724e-05,0.00011177308594624109,326
bayesfl_observability_v1,vi_lr0p0002_b128_e2,35,vi,135,10,2,,2,128,6.118639230728149,,1.8753598091518267,1.8753598091518267,,,0.09763267495129974,0.00040027499198913574,0.9998973637063185,0.09763267495129974,,-0.0,2.3096097079310103,6.118639230728149,1.8753598091518267,,1.8753598091518267,6.81454971831267,0.050555475315664226,0.050555337220430374,0.05069505162537098,0.05106367915868759,0.3611485194565577,0.3549821483087632,0.641643635066878,,,,,,,,,,,,,,,,,,,,,,,,1.8427432535637483e-05,0.00010879600658324413,2
bayesfl_observability_v1,vi_lr0p0002_b128_e2,35,vi,162,13,1,,2,128,1.3421212434768677,,1.8852713839612507,1.8852713839612507,,,0.09789209992425693,0.0004002731293439865,0.9998968406242772,0.09789209992425693,,-0.0,2.3155014849272724,1.3421212434768677,1.8852713839612507,,1.8852713839612507,6.815322955629766,0.05055545654206065,0.05055512487888336,0.050694899260997774,0.051042139530181885,0.36118152076813814,0.3552427343444661,0.6417592324781702,,,,,,,,,,,,,,,,,,,,,,,,1.8524824446902337e-05,0.00010877557955114747,1
bayesfl_observability_v1,vi_lr0p0002_b128_e2,35,vi,172,13,289,,2,128,228.3445873260498,,6.662249095450942,6.662249095450942,,,0.18391072652755625,0.0012051258236169815,0.9996361368759574,0.18391072652755625,,1.2787090971089894,1.0140274784545764,228.3445873260498,6.662249095450942,,6.662249095450942,6.8179403765130475,0.05056382289572334,0.0505635142326355,0.0507074274122715,0.05108886957168579,0.361247380819055,0.35517631517144177,0.6411528508777028,,,,,,,,,,,,,,,,,,,,,,,,6.546378201288142e-05,0.00011179475643034027,289
bayesfl_observability_v1,vi_lr0p0002_b128_e2,35,vi,290,23,47,,2,128,119.49435329437256,,1.8840169393650599,1.8840169393650599,,,0.09785892212935644,0.00040027499198913574,0.9998968981469076,0.09785892212935644,,-0.0,2.185987945410232,119.49435329437256,1.8840169393650599,,1.8840169393650599,6.814961209314761,0.05055553645475377,0.05055548623204231,0.0506950244307518,0.051036834716796875,0.3611806644015318,0.35503389196756713,0.6415938685932884,,,,,,,,,,,,,,,,,,,,,,,,1.8512498175936523e-05,0.00010873301283056984,47
bayesfl_observability_v1,vi_lr0p0002_b128_e2,35,vi,228,18,56,,2,128,111.77483892440796,,1.8827430928523297,1.8827430928523297,,,0.09782503572712486,0.00040027499198913574,0.9998969682563954,0.09782503572712486,,0.42008907680192553,1.7809840036757387,111.77483892440796,1.8827430928523297,,1.8827430928523297,6.814918225280356,0.05055547658073284,0.05055517517030239,0.050695039331912994,0.051064200699329376,0.3611905473736406,0.3549438722018898,0.6414617193808557,,,,,,,,,,,,,,,,,,,,,,,,1.8499981260217446e-05,0.0001087793617923588,56
bayesfl_observability_v1,vi_lr0p0002_b128_e2,35,vi,232,18,8,,2,128,25.284271240234375,,1.8834007871622866,1.8834007871622866,,,0.09784289303003625,0.00040027499198913574,0.9998969265824481,0.09784289303003625,,0.5623351446188083,1.7608662639259458,25.284271240234375,1.8834007871622866,,1.8834007871622866,6.814772896728072,0.05055552171450813,0.05055521801114082,0.05069517083466053,0.05106126889586449,0.3611807774176617,0.35514550958835756,0.641592871060684,,,,,,,,,,,,,,,,,,,,,,,,1.850644381607828e-05,0.00010878719382545804,8
bayesfl_observability_v1,vi_lr0p0002_b128_e2,35,vi,224,17,90,,2,128,173.06175994873047,,1.8853161315101572,1.8853161315101572,,,0.09789382628061513,0.00040027499198913574,0.9998968221292144,0.09789382628061513,,0.6694250749067785,1.6387902561312846,173.06175994873047,1.8853161315101572,,1.8853161315101572,6.8148780815515115,0.05055544575464196,0.05055515095591545,0.050694916397333145,0.051064200699329376,0.3611658308143407,0.3548883283839449,0.6415970838633899,,,,,,,,,,,,,,,,,,,,,,,,1.852526413982664e-05,0.00010876756644428769,90
bayesfl_observability_v1,vi_lr0p0002_b128_e2,35,vi,141,11,30,,2,128,61.90874767303467,,1.884937139424236,1.884937139424236,,,0.09788333481380708,0.00040027499198913574,0.9998968375043736,0.09788333481380708,,1.5190465305721117,0.7674065092926465,61.90874767303467,1.884937139424236,,1.884937139424236,6.814616736500408,0.05055544572905507,0.0505553986877203,0.05069532245397568,0.051064200699329376,0.3611541341674029,0.3549573118333478,0.6415135618445144,,,,,,,,,,,,,,,,,,,,,,,,1.852154013387281e-05,0.00010882358622588131,30
bayesfl_observability_v1,vi_lr0p0002_b128_e2,35,vi,258,20,50,,2,128,110.28974676132202,,1.8909343064438118,1.8909343064438118,,,0.09804002414396902,0.00040027499198913574,0.9998965532828277,0.09804002414396902,,-0.0,2.259365973874069,110.28974676132202,1.8909343064438118,,1.8909343064438118,6.815881311346464,0.050555372986035824,0.05055516958236694,0.05069467537105084,0.05104798823595047,0.36123477026057016,0.35515429863746695,0.6416379518050069,,,,,,,,,,,,,,,,,,,,,,,,1.8580468767257658e-05,0.000108814422199475,50
bayesfl_observability_v1,vi_lr0p0002_b128_e2,35,vi,69,5,1,,2,128,4.073517680168152,,1.881827349280134,1.881827349280134,,,0.09780269936391733,0.00040027499198913574,0.9998970301225559,0.09780269936391733,,-0.0,2.259365973874069,4.073517680168152,1.881827349280134,,1.881827349280134,6.8153525861397375,0.050555439826938955,0.0505550354719162,0.05069502703845501,0.051036685705184937,0.3611930491730912,0.3549353815946601,0.6412955467782726,,,,,,,,,,,,,,,,,,,,,,,,1.849098309207167e-05,0.00010884500601704045,1
bayesfl_observability_v1,vi_lr0p0002_b128_e2,35,vi,14,1,33,,2,128,87.10090112686157,,1.8784136470625366,1.8784136470625366,,,0.09771258710474331,0.00040027499198913574,0.9998972185269872,0.09771258710474331,,1.0471745538422783,1.2699740071398617,87.10090112686157,1.8784136470625366,,1.8784136470625366,6.8153192984514845,0.050555478679956065,0.05055534839630127,0.05069505162537098,0.05104926973581314,0.36118516101819187,0.3551583740474218,0.641805231245393,,,,,,,,,,,,,,,,,,,,,,,,1.845743978640598e-05,0.0001087863398752889,33
bayesfl_observability_v1,vi_lr0p0002_b128_e2,36,vi,7,0,152,,2,128,173.79043006896973,,4.254219823826917,4.254219823826917,,,0.1470511887604666,0.0008021071553230286,0.9997673916485889,0.1470511887604666,,1.264349492321815,1.032554209297049,173.79043006896973,4.254219823826917,,4.254219823826917,6.8181218235124,0.0505780186309387,0.050577834248542786,0.05072275660932064,0.05107143148779869,0.36113421226986636,0.354853236549869,0.6415164290718103,,,,,,,,,,,,,,,,,,,,,,,,4.18022975712579e-05,0.00011284178769413645,152
bayesfl_observability_v1,vi_lr0p0002_b128_e2,36,vi,9,0,107,,2,128,191.42261409759521,,1.887266042784656,1.887266042784656,,,0.09797812162554492,0.0004002717323601246,0.9998967122716848,0.09797812162554492,,0.20393077072313337,2.077417173602598,191.42261409759521,1.887266042784656,,1.887266042784656,6.81710108098876,0.0505732376904095,0.05057300254702568,0.050716206431388855,0.051080189645290375,0.3611307987210134,0.3550789103366939,0.641080095180169,,,,,,,,,,,,,,,,,,,,,,,,1.8544424120906513e-05,0.00011138654115560578,107
bayesfl_observability_v1,vi_lr0p0002_b128_e2,36,vi,121,9,200,,2,128,229.13132238388062,,4.267011678572189,4.267011678572189,,,0.14727264292707354,0.0008021332323551178,0.9997666886196662,0.14727264292707354,,0.3200447217843331,2.005272317401729,229.13132238388062,4.267011678572189,,4.267011678572189,6.818098482400015,0.050577978306730255,0.050577275454998016,0.050723105669021606,0.05107560753822327,0.3611402439513776,0.3552056351312132,0.6410772124845816,,,,,,,,,,,,,,,,,,,,,,,,4.1927991339021215e-05,0.00011285405185602407,200
bayesfl_observability_v1,vi_lr0p0002_b128_e2,36,vi,124,9,6,,2,128,13.314573049545288,,1.88635776588557,1.88635776588557,,,0.09795528081006491,0.00040027499198913574,0.9998967648695815,0.09795528081006491,,-0.0,2.3292713582565514,13.314573049545288,1.88635776588557,,1.88635776588557,6.817222379875925,0.05057330914738547,0.050572946667671204,0.0507163479924202,0.05107904225587845,0.3611279176784149,0.35504094170245837,0.6412315610423274,,,,,,,,,,,,,,,,,,,,,,,,1.8535499320876192e-05,0.00011134405103436962,6
bayesfl_observability_v1,vi_lr0p0002_b128_e2,36,vi,47,3,19,,2,128,53.2087140083313,,1.8751355431427834,1.8751355431427834,,,0.09766175720357893,0.00040027499198913574,0.999897367682698,0.09766175720357893,,0.6680178186607534,1.6176422038869243,53.2087140083313,1.8751355431427834,,1.8751355431427834,6.816766169780716,0.050573253858396346,0.050572870299220085,0.05071637555956841,0.0510801300406456,0.3611215662491223,0.35543432449246,0.6413315687455212,,,,,,,,,,,,,,,,,,,,,,,,1.8425228880247455e-05,0.00011136068740381188,19
bayesfl_observability_v1,vi_lr0p0002_b128_e2,36,vi,48,3,301,,2,128,203.49292055765787,,6.6516331407002305,6.6516331407002305,,,0.18382625507270553,0.0012042149901390076,0.9996366122240289,0.18382625507270553,,1.0064987190769517,1.2541394113670787,203.49292055765787,6.6516331407002305,,6.6516331407002305,6.819358782943333,0.05058175345094485,0.0505814328789711,0.05072854571044445,0.05107063427567482,0.3611625941272802,0.35539672295161173,0.6414376419424153,,,,,,,,,,,,,,,,,,,,,,,,6.535946880908156e-05,0.00011439104230512774,301
bayesfl_observability_v1,vi_lr0p0002_b128_e2,36,vi,51,4,24,,2,128,54.24688911437988,,1.88071069716128,1.88071069716128,,,0.09780656415346281,0.00040027499198913574,0.9998970778912373,0.09780656415346281,,1.1023452738842328,1.226539569881583,54.24688911437988,1.88071069716128,,1.88071069716128,6.817215976044012,0.050573270128584334,0.050573285669088364,0.05071606859564781,0.05107950046658516,0.36115278628700637,0.35520292861056707,0.6413607552150257,,,,,,,,,,,,,,,,,,,,,,,,1.848001078079277e-05,0.0001114303900719932,24
bayesfl_observability_v1,vi_lr0p0002_b128_e2,36,vi,231,18,14,,2,128,34.33891296386719,,1.8878056727590309,1.8878056727590309,,,0.09799309764856685,0.00040027499198913574,0.9998966670691743,0.09799309764856685,,0.24493002679463532,2.0384139543004163,34.33891296386719,1.8878056727590309,,1.8878056727590309,6.81665485319124,0.0505732545535984,0.05057289078831673,0.05071605369448662,0.05105685442686081,0.3611163034223417,0.35483736425869533,0.6413678699436314,,,,,,,,,,,,,,,,,,,,,,,,1.8549726567348246e-05,0.0001113640072488796,14
bayesfl_observability_v1,vi_lr0p0002_b128_e2,36,vi,127,10,1,,2,128,2.6115258932113647,,1.8830964281822034,1.8830964281822034,,,0.09787052258544292,0.00040027499198913574,0.9998969440487646,0.09787052258544292,,-0.0,2.3277319754160017,2.6115258932113647,1.8830964281822034,,1.8830964281822034,6.817237673892564,0.050573242402167796,0.05057281628251076,0.050716740638017656,0.05108018219470978,0.3611449076559526,0.3552082869742019,0.6412366516441741,,,,,,,,,,,,,,,,,,,,,,,,1.8503453160874553e-05,0.00011141780787891712,1
bayesfl_observability_v1,vi_lr0p0002_b128_e2,36,vi,243,19,10,,2,128,22.84830665588379,,1.8818200980676112,1.8818200980676112,,,0.0978363993010304,0.00040027499198913574,0.9998969915277593,0.0978363993010304,,0.7595473914748635,1.555578650820714,22.84830665588379,1.8818200980676112,,1.8818200980676112,6.816404239285824,0.05057328172643761,0.05057291314005852,0.05071610324084759,0.051051098853349686,0.36109861627958123,0.3553938981406233,0.6410497274625012,,,,,,,,,,,,,,,,,,,,,,,,1.849091184108884e-05,0.00011139591248603756,10
bayesfl_observability_v1,vi_lr0p0002_b128_e2,36,vi,17,1,132,,2,128,165.60677552223206,,4.248933609414851,4.248933609414851,,,0.14695920962344156,0.0008022403344511986,0.9997676283517282,0.14695920962344156,,1.2053659931842142,1.1004903769146668,165.60677552223206,4.248933609414851,,4.248933609414851,6.817319089765118,0.05057791852597885,0.05057739093899727,0.05072257742285728,0.05110005661845207,0.36109108890193714,0.3550865346133679,0.6410003607266743,,,,,,,,,,,,,,,,,,,,,,,,4.175035481394174e-05,0.00011285746173777123,132
bayesfl_observability_v1,vi_lr0p0002_b128_e2,36,vi,274,21,41,,2,128,100.4901990890503,,1.8802442853395582,1.8802442853395582,,,0.09779575431062747,0.00040027499198913574,0.9998970990536437,0.09779575431062747,,0.5699626470748532,1.739856822479874,100.4901990890503,1.8802442853395582,,1.8802442853395582,6.817173339702545,0.050573289143451425,0.050572844222187996,0.05071665830910206,0.05105854943394661,0.3611335896499464,0.35515946173936375,0.6410778053554863,,,,,,,,,,,,,,,,,,,,,,,,1.8475427781660198e-05,0.00011131325569268725,41
bayesfl_observability_v1,vi_lr0p0002_b128_e2,36,vi,216,17,118,,2,128,302.70233726501465,,1.8796944628540508,1.8796944628540508,,,0.09778088547349935,0.0004002721980214119,0.9998971137168932,0.09778088547349935,,1.2644842887837744,1.0559689770084641,302.70233726501465,1.8796944628540508,,1.8796944628540508,6.816637939681344,0.05057325009309679,0.05057298019528389,0.050716280937194824,0.05104547739028931,0.3611150140540657,0.35524570677904377,0.6412829697990987,,,,,,,,,,,,,,,,,,,,,,,,1.847002518280486e-05,0.00011133558248052045,118
bayesfl_observability_v1,vi_lr0p0002_b128_e2,36,vi,203,16,396,,2,128,236.75652873516083,,9.014421232622112,9.014421232622112,,,0.21396985367738042,0.0016040056943893433,0.9995078012208307,0.21396985367738042,,1.5571176369237727,0.7668056340182599,236.75652873516083,9.014421232622112,,9.014421232622112,6.820500160628956,0.050584556255626856,0.05058451369404793,0.05073322355747223,0.051107775419950485,0.3612141644627964,0.3552271524379609,0.6416692470464367,,,,,,,,,,,,,,,,,,,,,,,,8.857640987149564e-05,0.00011590109461933956,396
bayesfl_observability_v1,vi_lr0p0002_b128_e2,36,vi,206,16,6,,2,128,11.817864894866943,,1.8705581274577188,1.8705581274577188,,,0.09754289600883725,0.0004002721980214119,0.9998976384265158,0.09754289600883725,,0.6365141682948128,1.6395997169315697,11.817864894866943,1.8705581274577188,,1.8705581274577188,6.817375999377974,0.050573228568042194,0.05057287588715553,0.05071606859564781,0.05108027532696724,0.361160265153753,0.35508861355327437,0.6412292252743873,,,,,,,,,,,,,,,,,,,,,,,,1.8380250834801206e-05,0.000111415393959234,6
bayesfl_observability_v1,vi_lr0p0002_b128_e2,37,vi,187,15,222,,2,128,245.6024444103241,,4.2882326494513805,4.2882326494513805,,,0.14767621620204205,0.0008020903915166855,0.9997655267698415,0.14767621620204205,,0.8255883307346321,1.5535715337415847,245.6024444103241,4.2882326494513805,,4.2882326494513805,6.81966455017156,0.05059074499313338,0.050590215250849724,0.05073582120239735,0.05107156187295914,0.36109680380124115,0.3550298300831771,0.6417778201605217,,,,,,,,,,,,,,,,,,,,,,,,4.2136510262861164e-05,0.00011340855934977378,222
bayesfl_observability_v1,vi_lr0p0002_b128_e2,37,vi,196,15,201,,2,128,213.2057228088379,,4.238030453859238,4.238030453859238,,,0.14680496470680474,0.0008020456880331039,0.9997682567864332,0.14680496470680474,,0.833774860477824,1.391112748373465,213.2057228088379,4.238030453859238,,4.238030453859238,6.819329722002514,0.050590689689758495,0.05059017241001129,0.0507364459335804,0.05110342800617218,0.3611127096308419,0.35489389400831056,0.6417282097244108,,,,,,,,,,,,,,,,,,,,,,,,4.16432195525129e-05,0.00011351233359559137,201
bayesfl_observability_v1,vi_lr0p0002_b128_e2,37,vi,198,15,1143,,2,128,289.0674514770508,,20.510541313784074,20.510541313784074,,,0.32274627131563194,0.003543003462255001,0.99888174945567,0.32274627131563194,,0.36262928713185916,1.9482562356482285,289.0674514770508,20.510541313784074,,20.510541313784074,6.826398071513568,0.050606960778378944,0.0506063811480999,0.050766658037900925,0.05114559084177017,0.36125663372314526,0.35501962377389934,0.6416480065751422,,,,,,,,,,,,,,,,,,,,,,,,0.00020153818722397636,0.00012386619046794438,1143
bayesfl_observability_v1,vi_lr0p0002_b128_e2,37,vi,226,18,194,,2,128,209.4255805015564,,4.262676052215414,4.262676052215414,,,0.14723400787907984,0.0008021118119359016,0.9997668322225522,0.14723400787907984,,0.9859708285056665,1.3182756176046706,209.4255805015564,4.262676052215414,,4.262676052215414,6.818422642129794,0.05059078387949765,0.050590451806783676,0.05073627978563309,0.05110512673854828,0.3610748698744282,0.35507336894466696,0.6412290795302354,,,,,,,,,,,,,,,,,,,,,,,,4.1885389134473955e-05,0.00011354538702843936,194
bayesfl_observability_v1,vi_lr0p0002_b128_e2,37,vi,231,18,14,,2,128,28.19987964630127,,1.8785035755927575,1.8785035755927575,,,0.09777299889104776,0.0004002721980214119,0.9998971636503827,0.09777299889104776,,0.24493002679463532,2.0384139543004163,28.19987964630127,1.8785035755927575,,1.8785035755927575,6.817759720075414,0.05058602432873097,0.0505854245275259,0.050729986280202866,0.05108535662293434,0.3610641848062664,0.35499150820122244,0.6413128431320477,,,,,,,,,,,,,,,,,,,,,,,,1.8458323431195416e-05,0.00011202478993869433,14
bayesfl_observability_v1,vi_lr0p0002_b128_e2,37,vi,160,12,379,,2,128,289.8996834754944,,6.703829443505518,6.703829443505518,,,0.18460110204998775,0.001204211264848709,0.9996335530320811,0.18460110204998775,,1.1782151454192733,1.120809894534982,289.8996834754944,6.703829443505518,,6.703829443505518,6.819515376437354,0.0505943327716084,0.05059380829334259,0.05074145756661892,0.05111800879240036,0.36107996914497026,0.35495751551653676,0.6412159421800486,,,,,,,,,,,,,,,,,,,,,,,,6.587235377326834e-05,0.00011519818938602875,379
bayesfl_observability_v1,vi_lr0p0002_b128_e2,37,vi,222,17,625,,2,128,274.102400970459,,11.598162584912954,11.598162584912954,,,0.24275581852454403,0.0019833631813526154,0.9993666768489238,0.24275581852454403,,0.2960944988460536,2.006520240843815,274.102400970459,11.598162584912954,,11.598162584912954,6.82196074734463,0.05059992975958107,0.05059931427240372,0.05075150728225708,0.051118411123752594,0.36114482508981166,0.35507507967962965,0.6416517952922631,,,,,,,,,,,,,,,,,,,,,,,,0.00011396445499570555,0.00011817151515690049,625
bayesfl_observability_v1,vi_lr0p0002_b128_e2,37,vi,96,7,406,,2,128,236.05727863311768,,9.062172608095478,9.062172608095478,,,0.21458719852805924,0.0015917764976620674,0.9995049946958765,0.21458719852805924,,0.976478358472114,1.3250720199394128,236.05727863311768,9.062172608095478,,9.062172608095478,6.820821575606232,0.050597406109529404,0.05059727095067501,0.05074695870280266,0.051123153418302536,0.3610976096192329,0.3549431208279631,0.6419715678454538,,,,,,,,,,,,,,,,,,,,,,,,8.904561863118285e-05,0.00011660865876890388,406
bayesfl_observability_v1,vi_lr0p0002_b128_e2,37,vi,293,23,287,,2,128,221.9943478902181,,6.753322797133994,6.753322797133994,,,0.18528426686844301,0.0012032482773065567,0.9996307359767991,0.18528426686844301,,-0.0,2.3163460082440825,221.9943478902181,6.753322797133994,,6.753322797133994,6.818495782039264,0.05059424031101598,0.050594184547662735,0.050741234049201014,0.05111672356724739,0.36098771262004914,0.35535873429004605,0.6412018192433127,,,,,,,,,,,,,,,,,,,,,,,,6.635867934689981e-05,0.00011491701901717156,287
bayesfl_observability_v1,vi_lr0p0002_b128_e2,37,vi,299,23,48,,2,128,90.96731948852539,,1.8755750761515884,1.8755750761515884,,,0.09769779049793055,0.00040027499198913574,0.9998973208400173,0.09769779049793055,,-0.0,2.185987945410232,90.96731948852539,1.8755750761515884,,1.8755750761515884,6.817728714376083,0.05058593582217347,0.05058560147881508,0.0507296659052372,0.05108584091067314,0.3610910824371396,0.35537554344766953,0.6409025495751455,,,,,,,,,,,,,,,,,,,,,,,,1.842954776605668e-05,0.00011199107782588967,48
bayesfl_observability_v1,vi_lr0p0002_b128_e2,37,vi,119,9,843,,2,128,285.7932576792581,,15.883744108318464,15.883744108318464,,,0.28402122991127066,0.002646930515766144,0.9991338553729675,0.28402122991127066,,0.9765459908687751,1.371331098617695,285.7932576792581,15.883744108318464,,15.883744108318464,6.825267524070854,0.05060374029610338,0.05060308799147606,0.050759711489081386,0.05114375799894333,0.3612018675624739,0.35474036013578536,0.6419086124949723,,,,,,,,,,,,,,,,,,,,,,,,0.00015607491508615962,0.00012124190285649748,843
bayesfl_observability_v1,vi_lr0p0002_b128_e2,37,vi,54,4,3,,2,128,7.397906303405762,,1.8767278198739201,1.8767278198739201,,,0.09772725009937817,0.0004002717323601246,0.9998972563616122,0.09772725009937817,,-0.0,2.3163460082440825,7.397906303405762,1.8767278198739201,,1.8767278198739201,6.81764369484117,0.05058602838672407,0.050585705786943436,0.05072994530200958,0.05108113959431648,0.3610604909221645,0.3548859408418944,0.6412093881148101,,,,,,,,,,,,,,,,,,,,,,,,1.8440874716261374e-05,0.00011196764963480989,3
bayesfl_observability_v1,vi_lr0p0002_b128_e2,37,vi,266,21,765,,2,128,272.73181621233624,,13.698290356847666,13.698290356847666,,,0.26377458699202116,0.0023033134639263153,0.9992521731207897,0.26377458699202116,,0.7641131958245704,1.5607339077663793,272.73181621233624,13.698290356847666,,13.698290356847666,6.821789756397409,0.05060234880646812,0.05060214549303055,0.050755975767970085,0.051150478422641754,0.3610926562914484,0.35497159043209003,0.6414800024350187,,,,,,,,,,,,,,,,,,,,,,,,0.00013460047515817693,0.00011998198003592077,765
bayesfl_observability_v1,vi_lr0p0002_b128_e2,37,vi,108,8,1,,2,128,2.504457414150238,,1.8805561055498718,1.8805561055498718,,,0.09782775025100704,0.0004002717323601246,0.9998970428505299,0.09782775025100704,,-0.0,2.3163460082440825,2.504457414150238,1.8805561055498718,,1.8805561055498718,6.8175701718692485,0.050586043371381256,0.05058540031313896,0.05073002874851227,0.05107743293046951,0.36106282754863617,0.3551254620679074,0.6414706629201626,,,,,,,,,,,,,,,,,,,,,,,,1.8478491751497217e-05,0.00011206879812731749,1
bayesfl_observability_v1,vi_lr0p0002_b128_e2,37,vi,140,11,4,,2,128,8.538305759429932,,1.8739855412940076,1.8739855412940076,,,0.09765609621496843,0.00040027499198913574,0.9998974159992511,0.09765609621496843,,0.5623351446188083,1.7521899758935873,8.538305759429932,1.8739855412940076,,1.8739855412940076,6.817955385303163,0.050586033937066184,0.05058561637997627,0.05072971172630787,0.05108579248189926,0.3610795616734979,0.35520069872368976,0.6413833578004678,,,,,,,,,,,,,,,,,,,,,,,,1.8413928871907317e-05,0.00011191681707535988,4
bayesfl_observability_v1,vi_lr0p0002_b128_e2,38,vi,166,13,76,,2,128,188.00242853164673,,1.8817284184893008,1.8817284184893008,,,0.09789886160968216,0.00040027499198913574,0.9998969385890989,0.09789886160968216,,1.0982287840542058,1.252671424477001,188.00242853164673,1.8817284184893008,,1.8817284184893008,6.819054512138125,0.05060682438956013,0.05060653015971184,0.05075235664844513,0.05108754336833954,0.3609613482858759,0.3547691574915016,0.641218218698829,,,,,,,,,,,,,,,,,,,,,,,,1.8490010990363575e-05,0.0001135766435840958,76
bayesfl_observability_v1,vi_lr0p0002_b128_e2,38,vi,169,13,10,,2,128,26.870211601257324,,1.8797455139399957,1.8797455139399957,,,0.09784757233010552,0.00040027499198913574,0.9998970437158405,0.09784757233010552,,0.6001660731596457,1.7098339961345228,26.870211601257324,1.8797455139399957,,1.8797455139399957,6.818931925078012,0.05060680338037972,0.05060647800564766,0.050751829892396925,0.0510968379676342,0.3609655775713049,0.3549543864765765,0.6409515187207006,,,,,,,,,,,,,,,,,,,,,,,,1.847052681477838e-05,0.00011341104719164201,10
bayesfl_observability_v1,vi_lr0p0002_b128_e2,38,vi,108,8,1,,2,128,2.6045881509780884,,1.8820422143089992,1.8820422143089992,,,0.09790576486771668,0.0004002717323601246,0.9998969306600809,0.09790576486771668,,-0.0,2.3163460082440825,2.6045881509780884,1.8820422143089992,,1.8820422143089992,6.819298432370583,0.0506069369568002,0.05060665309429169,0.05075240656733513,0.051085926592350006,0.36097361561745706,0.35489401415295263,0.6408679824131163,,,,,,,,,,,,,,,,,,,,,,,,1.849309437269332e-05,0.00011344224724740971,1
bayesfl_observability_v1,vi_lr0p0002_b128_e2,38,vi,111,8,104,,2,128,240.34656834602356,,1.8830664610638297,1.8830664610638297,,,0.09793282143699873,0.00040027499198913574,0.999896866618177,0.09793282143699873,,1.3179184853439518,1.015282595513532,240.34656834602356,1.8830664610638297,,1.8830664610638297,6.819035730074766,0.05060679025913639,0.050606243312358856,0.05075240507721901,0.051096361130476,0.36097064972772674,0.35456262013854506,0.6411921898781243,,,,,,,,,,,,,,,,,,,,,,,,1.850315870161963e-05,0.00011358778527229764,104
bayesfl_observability_v1,vi_lr0p0002_b128_e2,38,vi,119,9,843,,2,128,270.66515602384294,,15.827951556670433,15.827951556670433,,,0.2836381094606329,0.002741605043411255,0.9991361808647197,0.2836381094606329,,0.9765459908687751,1.371331098617695,270.66515602384294,15.827951556670433,,15.827951556670433,6.825425766528719,0.050624989743053565,0.05062410607933998,0.050782691687345505,0.051159560680389404,0.3610215325199774,0.3546755759098349,0.6414164921031702,,,,,,,,,,,,,,,,,,,,,,,,0.0001555266930988546,0.0001225622528446133,843
bayesfl_observability_v1,vi_lr0p0002_b128_e2,38,vi,36,2,72,,2,128,155.81185388565063,,1.8743024649266162,1.8743024649266162,,,0.09770449202887842,0.00040027499198913574,0.9998973439718276,0.09770449202887842,,0.8732300140738931,1.4909129377062735,155.81185388565063,1.8743024649266162,,1.8743024649266162,6.81890263609172,0.05060686141726919,0.05060660466551781,0.05075240507721901,0.05109693482518196,0.36097049154680044,0.3546004261550083,0.6409658749757643,,,,,,,,,,,,,,,,,,,,,,,,1.8417042988371977e-05,0.00011346244207519193,72
bayesfl_observability_v1,vi_lr0p0002_b128_e2,38,vi,57,4,213,,2,128,273.4150514602661,,4.2619163959061686,4.2619163959061686,,,0.1472828170275363,0.000802239403128624,0.9997668396510319,0.1472828170275363,,0.995433157814133,1.2955429990385827,273.4150514602661,4.2619163959061686,,4.2619163959061686,6.820750064196889,0.050611669684012525,0.050611117854714394,0.05075967460870743,0.05110074579715729,0.3609919218958357,0.354697230018183,0.6412661489554962,,,,,,,,,,,,,,,,,,,,,,,,4.1877924692013057e-05,0.00011493138345977931,213
bayesfl_observability_v1,vi_lr0p0002_b128_e2,38,vi,152,12,227,,2,128,239.0677456855774,,4.232139423916314,4.232139423916314,,,0.14676392790977844,0.0008022710680961609,0.9997684473585503,0.14676392790977844,,1.1253357822770327,1.2504533290609954,239.0677456855774,4.232139423916314,,4.232139423916314,6.820315490352384,0.0506116529635831,0.050611499696969986,0.050758636370301244,0.051107387989759445,0.3609711292408862,0.3549303419577935,0.6411291453437112,,,,,,,,,,,,,,,,,,,,,,,,4.158533383036566e-05,0.00011473483661417751,227
bayesfl_observability_v1,vi_lr0p0002_b128_e2,38,vi,74,5,70,,2,128,177.60314750671387,,1.875875710889865,1.875875710889865,,,0.0977445337221018,0.00040027499198913574,0.9998972704683609,0.0977445337221018,,1.1534898214385076,1.1546999842430363,177.60314750671387,1.875875710889865,,1.875875710889865,6.819318600141803,0.05060696855306016,0.050606392323970795,0.05075265243649483,0.051096826791763306,0.36095974438245204,0.3545982468925981,0.6411657625144719,,,,,,,,,,,,,,,,,,,,,,,,1.843250182656839e-05,0.00011348248158520838,70
bayesfl_observability_v1,vi_lr0p0002_b128_e2,38,vi,38,3,257,,2,128,196.87022439638773,,6.6321446125679815,6.6321446125679815,,,0.18367253741673692,0.0012040454894304276,0.999637386297359,0.18367253741673692,,1.3397067534967495,0.9396094349232524,196.87022439638773,6.6321446125679815,,6.6321446125679815,6.820974166042274,0.050615471766281894,0.05061499401926994,0.05076492577791214,0.05113624781370163,0.3609776079854096,0.3547293554320476,0.6416528225591918,,,,,,,,,,,,,,,,,,,,,,,,6.516797300351755e-05,0.0001163591101262929,257
bayesfl_observability_v1,vi_lr0p0002_b128_e2,38,vi,266,21,765,,2,128,274.7043225765228,,13.704118393965345,13.704118393965345,,,0.26394235979614994,0.002330698072910309,0.9992515916592584,0.26394235979614994,,0.7641131958245704,1.5607339077663793,274.7043225765228,13.704118393965345,,13.704118393965345,6.823479161088149,0.0506231246101923,0.050622764974832535,0.0507790669798851,0.05115310102701187,0.3610246406805411,0.3548829095185416,0.6412211807378042,,,,,,,,,,,,,,,,,,,,,,,,0.00013465774190788392,0.00012076718117220646,765
bayesfl_observability_v1,vi_lr0p0002_b128_e2,38,vi,258,20,50,,2,128,90.17037725448608,,1.879742972091358,1.879742972091358,,,0.09784686299663738,0.00040027499198913574,0.99989704604547,0.09784686299663738,,-0.0,2.259365973874069,90.17037725448608,1.879742972091358,,1.879742972091358,6.818969599982467,0.05060690914469137,0.0506068579852581,0.05075224228203297,0.05109560489654541,0.3609557784811084,0.3545942396263586,0.6408025514944171,,,,,,,,,,,,,,,,,,,,,,,,1.8470501838374354e-05,0.00011345627794584763,50
bayesfl_observability_v1,vi_lr0p0002_b128_e2,38,vi,146,11,17,,2,128,41.659318923950195,,1.8796597808945352,1.8796597808945352,,,0.09784493103246203,0.00040027499198913574,0.9998970593407281,0.09784493103246203,,1.1169258998260736,1.1648958944353667,41.659318923950195,1.8796597808945352,,1.8796597808945352,6.819319487463664,0.05060691832218579,0.050606489181518555,0.050752528756856916,0.051096852868795395,0.3609712750830008,0.35490591928209947,0.6410409291497197,,,,,,,,,,,,,,,,,,,,,,,,1.8469684395151177e-05,0.00011351417171653926,17
bayesfl_observability_v1,vi_lr0p0002_b128_e2,38,vi,88,7,205,,2,128,285.396071434021,,4.2639607713604555,4.2639607713604555,,,0.14731475196756097,0.000802287133410573,0.9997666924616944,0.14731475196756097,,0.7902076087663292,1.5291533326690006,285.396071434021,4.2639607713604555,,4.2639607713604555,6.820121433081508,0.05061167233172499,0.050611432641744614,0.0507590115070343,0.051114216446876526,0.3609763907496744,0.35462505452763177,0.641372774807491,,,,,,,,,,,,,,,,,,,,,,,,4.189801288553066e-05,0.00011495618965217113,205
bayesfl_observability_v1,vi_lr0p0002_b128_e2,38,vi,98,7,780,,2,128,236.37716797419958,,15.703315553128386,15.703315553128386,,,0.2825118141965652,0.0027669535484164953,0.9991428492263427,0.2825118141965652,,1.14643460798294,1.1350968930507688,236.37716797419958,15.703315553128386,,15.703315553128386,6.824736618349642,0.0506249302930649,0.05062441900372505,0.05078212320804596,0.051192935556173325,0.36102782267398587,0.35436521798028153,0.6413199751232084,,,,,,,,,,,,,,,,,,,,,,,,0.00015430200995507896,0.00012242061245554985,780
bayesfl_observability_v1,vi_lr0p0002_b128_e2,39,vi,27,2,611,,2,128,245.16206703186035,,11.580678744256696,11.580678744256696,,,0.24275914458685385,0.0019400417804718018,0.999367335539434,0.24275914458685385,,0.08162587036147914,2.2275297802473157,245.16206703186035,11.580678744256696,,11.580678744256696,6.8254941279849435,0.050640175197230665,0.050639716908335686,0.050794826447963716,0.05119550600647926,0.3609789728547232,0.35485037583082374,0.641331607148615,,,,,,,,,,,,,,,,,,,,,,,,0.0001137926574064724,0.00012066867233983882,611
bayesfl_observability_v1,vi_lr0p0002_b128_e2,39,vi,272,21,458,,2,128,248.436905503273,,9.117260233788636,9.117260233788636,,,0.2154189841425782,0.0015827231109142303,0.9995015666648204,0.2154189841425782,,0.692767381715621,1.5958737672973724,248.436905503273,9.117260233788636,,9.117260233788636,6.823667107467731,0.0506376520748766,0.05063715577125549,0.05079105980694294,0.051166635006666183,0.3609106348106034,0.35452861097498667,0.6413201128915331,,,,,,,,,,,,,,,,,,,,,,,,8.958691396078054e-05,0.00011929857899371155,458
bayesfl_observability_v1,vi_lr0p0002_b128_e2,39,vi,78,6,10,,2,128,19.930733680725098,,1.8794631498456211,1.8794631498456211,,,0.09787752595768526,0.00040027499198913574,0.9998970100048369,0.09787752595768526,,0.6554817739013927,1.6692820093029912,19.930733680725098,1.8794631498456211,,1.8794631498456211,6.819872249725441,0.050626286237639796,0.050625693053007126,0.05077387131750584,0.05113416910171509,0.3608470021889861,0.3543878662624139,0.6406762520454621,,,,,,,,,,,,,,,,,,,,,,,,1.8467752283046293e-05,0.00011486663202054325,10
bayesfl_observability_v1,vi_lr0p0002_b128_e2,39,vi,80,6,127,,2,128,302.3615698814392,,1.8781540820738933,1.8781540820738933,,,0.09784235600466967,0.00040027499198913574,0.9998971037161317,0.09784235600466967,,0.7755044244857179,1.553098974403993,302.3615698814392,1.8781540820738933,,1.8781540820738933,6.820591200925254,0.050626208607194884,0.050625937059521675,0.050773565843701365,0.05112152546644211,0.360888444057899,0.35485156921491945,0.640719404830062,,,,,,,,,,,,,,,,,,,,,,,,1.8454889280474535e-05,0.00011489695954625282,127
bayesfl_observability_v1,vi_lr0p0002_b128_e2,39,vi,121,9,200,,2,128,230.4242615699768,,4.261112850215799,4.261112850215799,,,0.1473196339445596,0.0008022934198379517,0.9997667347949891,0.1473196339445596,,0.3200447217843331,2.005272317401729,230.4242615699768,4.261112850215799,,4.261112850215799,6.820953755978743,0.05063119622658826,0.05063095688819885,0.05078048259019852,0.05115417391061783,0.360841103612742,0.3546345298158273,0.6405278864733633,,,,,,,,,,,,,,,,,,,,,,,,4.187002898905177e-05,0.00011636334423932544,200
bayesfl_observability_v1,vi_lr0p0002_b128_e2,39,vi,102,8,8,,2,128,19.473787307739258,,1.8784460426120342,1.8784460426120342,,,0.09784948775305433,0.00040027499198913574,0.9998970776799692,0.09784948775305433,,1.0735428464085233,1.2939773289156493,19.473787307739258,1.8784460426120342,,1.8784460426120342,6.820239381583311,0.05062627509010117,0.05062604695558548,0.05077359825372696,0.05113407224416733,0.3608556787674676,0.3545260586609843,0.6408640915458547,,,,,,,,,,,,,,,,,,,,,,,,1.8457758107615546e-05,0.00011480089538817396,8
bayesfl_observability_v1,vi_lr0p0002_b128_e2,39,vi,106,8,699,,2,128,294.8561330636342,,13.7372433299267,13.7372433299267,,,0.26436848546538194,0.00235929898917675,0.999249277066513,0.26436848546538194,,0.8165958843333622,1.4987922765808088,294.8561330636342,13.7372433299267,,13.7372433299267,6.823922337278983,0.050642288518836925,0.050642453134059906,0.05079897865653038,0.05116982012987137,0.3608746540676507,0.354893567553675,0.6413617816714169,,,,,,,,,,,,,,,,,,,,,,,,0.00013498323012603615,0.00012246722910949967,699
bayesfl_observability_v1,vi_lr0p0002_b128_e2,39,vi,276,22,91,,2,128,207.2754249572754,,1.8768350484541898,1.8768350484541898,,,0.09780882079898119,0.00040027499198913574,0.999897156858813,0.09780882079898119,,0.6083265295165262,1.6692992620442342,207.2754249572754,1.8768350484541898,,1.8768350484541898,6.819983229958964,0.05062625105811692,0.0506257526576519,0.05077388137578964,0.05113377794623375,0.3608509270255419,0.3546072871469668,0.6409988807136932,,,,,,,,,,,,,,,,,,,,,,,,1.8441928352699122e-05,0.00011485635310824166,91
bayesfl_observability_v1,vi_lr0p0002_b128_e2,39,vi,238,19,18,,2,128,43.905715465545654,,1.8735195209993802,1.8735195209993802,,,0.0977204972452039,0.0004002717323601246,0.9998973543072363,0.0977204972452039,,0.9404479886553264,1.3716040057455146,43.905715465545654,1.8735195209993802,,1.8735195209993802,6.820423679034858,0.05062623767492824,0.050625648349523544,0.050773221999406815,0.05113344267010689,0.3608572964796476,0.3545055422699611,0.6411200573121518,,,,,,,,,,,,,,,,,,,,,,,,1.8409349719950674e-05,0.00011487044572132865,18
bayesfl_observability_v1,vi_lr0p0002_b128_e2,39,vi,245,19,166,,2,128,181.38750386238098,,4.260351599793152,4.260351599793152,,,0.14731027820314663,0.000802256166934967,0.9997667835675768,0.14731027820314663,,0.4534650765650608,1.8353971806874023,181.38750386238098,4.260351599793152,,4.260351599793152,6.8212473911936895,0.0506310700136651,0.0506303533911705,0.050779715180397034,0.05115210637450218,0.36084372490644284,0.3546044956437989,0.641138178100039,,,,,,,,,,,,,,,,,,,,,,,,4.1862548882707596e-05,0.00011623905013327642,166
bayesfl_observability_v1,vi_lr0p0002_b128_e2,39,vi,129,10,7,,2,128,18.075320720672607,,1.8734824939045696,1.8734824939045696,,,0.0977203380642182,0.00040027499198913574,0.9998973624426452,0.0977203380642182,,-0.0,2.3096097079310103,18.075320720672607,1.8734824939045696,,1.8734824939045696,6.820653318337778,0.050626317288887994,0.05062570422887802,0.05077384896576405,0.051119327545166016,0.36087697042165107,0.35469844552386337,0.6410092196721576,,,,,,,,,,,,,,,,,,,,,,,,1.8408985888813693e-05,0.0001148682140819706,7
bayesfl_observability_v1,vi_lr0p0002_b128_e2,39,vi,12,1,1408,,2,128,255.60521919077092,,23.68771462435519,23.68771462435519,,,0.3470456693070282,0.004104446619749069,0.9987088269871032,0.3470456693070282,,1.0327057287701606,1.248593947717984,255.60521919077092,23.68771462435519,,23.68771462435519,6.83132623003223,0.05065003146945558,0.05064932256937027,0.050817135721445084,0.05129217728972435,0.3610952082148574,0.35500883100693187,0.6416265586272624,,,,,,,,,,,,,,,,,,,,,,,,0.0002327573413024977,0.00012937459842147809,1408
bayesfl_observability_v1,vi_lr0p0002_b128_e2,39,vi,66,5,62,,2,128,148.39473628997803,,1.8720737128221325,1.8720737128221325,,,0.09768289506500981,0.00040027499198913574,0.999897423394385,0.09768289506500981,,0.9660110351731741,1.4090820076417192,148.39473628997803,1.8720737128221325,,1.8720737128221325,6.8200656610108865,0.05062626798250937,0.05062584951519966,0.05077361315488815,0.051134198904037476,0.36084771994453124,0.354772353875348,0.6408130559820115,,,,,,,,,,,,,,,,,,,,,,,,1.8395143095432177e-05,0.00011492500925817577,62
bayesfl_observability_v1,vi_lr0p0002_b128_e2,39,vi,72,5,243,,2,128,299.78537917137146,,4.256828400028894,4.256828400028894,,,0.14724990859026965,0.0008021723479032516,0.9997670359999952,0.14724990859026965,,0.5850114854903742,1.7313068426386855,299.78537917137146,4.256828400028894,,4.256828400028894,6.822044714942783,0.05063097981313825,0.05063041299581528,0.05077961087226868,0.051138851791620255,0.36090273546504736,0.35474637120023694,0.6413035384942164,,,,,,,,,,,,,,,,,,,,,,,,4.182792964556249e-05,0.00011625827921967564,243
bayesfl_observability_v1,vi_lr0p0002_b128_e2,39,vi,92,7,263,,2,128,215.54686784744263,,6.653932060611442,6.653932060611442,,,0.18405187571904222,0.0011990945786237717,0.9996360736858342,0.18405187571904222,,1.1235252994155807,1.1782721753134522,215.54686784744263,6.653932060611442,,6.653932060611442,6.822696621874567,0.05063458141918658,0.05063370615243912,0.050785452127456665,0.05115863308310509,0.36089708315959934,0.3545809286850261,0.6411531672564456,,,,,,,,,,,,,,,,,,,,,,,,6.538205817639228e-05,0.00011780060395170018,263
bayesfl_observability_v1,vi_lr0p0002_b128_e2,40,vi,139,11,364,,2,128,255.31050570805868,,6.712253598289436,6.712253598289436,,,0.18494218657844644,0.00120574701577425,0.9996328124434329,0.18494218657844644,,0.8409163134019236,1.4643652933933091,255.31050570805868,6.712253598289436,,6.712253598289436,6.825177305771141,0.0506559164633293,0.0506550557911396,0.050809520110487935,0.05120232328772545,0.36083461459435223,0.35476207089017886,0.64092506280764,,,,,,,,,,,,,,,,,,,,,,,,6.595513017873083e-05,0.00011983549562778856,364
bayesfl_observability_v1,vi_lr0p0002_b128_e2,40,vi,141,11,30,,2,128,55.6862211227417,,1.8721837334460216,1.8721837334460216,,,0.09772639770057603,0.0004002731293439865,0.9998974231064522,0.09772639770057603,,1.5190465305721117,0.7674065092926465,55.6862211227417,1.8721837334460216,,1.8721837334460216,6.823071832923657,0.050647404401875075,0.05064716562628746,0.05079782381653786,0.0511726513504982,0.36082428207348516,0.35444961494217586,0.6408768586714896,,,,,,,,,,,,,,,,,,,,,,,,1.8396224166709458e-05,0.0001171055821038493,30
bayesfl_observability_v1,vi_lr0p0002_b128_e2,40,vi,144,11,31,,2,128,77.1755633354187,,1.874868071684249,1.874868071684249,,,0.09779687212677247,0.00040027499198913574,0.9998972708080198,0.09779687212677247,,1.0406143781872677,1.27432833756673,77.1755633354187,1.874868071684249,,1.874868071684249,6.822956264411398,0.05064736226396235,0.05064721405506134,0.050797635316848756,0.051194991916418076,0.360802956821206,0.3546744498646091,0.6408818497212728,,,,,,,,,,,,,,,,,,,,,,,,1.8422600684722893e-05,0.00011709375523658052,31
bayesfl_observability_v1,vi_lr0p0002_b128_e2,40,vi,99,7,18,,2,128,40.07905626296997,,1.8730150066123388,1.8730150066123388,,,0.09774876708529548,0.0004002717323601246,0.999897359262924,0.09774876708529548,,0.6128694524619496,1.681828938853387,40.07905626296997,1.8730150066123388,,1.8730150066123388,6.8225565974397355,0.050647403464970236,0.05064748786389828,0.050797946751117706,0.05119477957487106,0.3608079559328706,0.35486326872590834,0.6405796713270367,,,,,,,,,,,,,,,,,,,,,,,,1.840439232202357e-05,0.00011710148324677181,18
bayesfl_observability_v1,vi_lr0p0002_b128_e2,40,vi,225,18,3,,2,128,7.609644174575806,,1.873167432408998,1.873167432408998,,,0.09775190153389163,0.00040027499198913574,0.9998973548472186,0.09775190153389163,,1.0986122886681096,1.2032389420923582,7.609644174575806,1.873167432408998,,1.873167432408998,6.8226338710058805,0.0506474143913781,0.05064740031957626,0.05079801864922047,0.05120513215661049,0.3608199239003022,0.3547704053176163,0.6409868212131552,,,,,,,,,,,,,,,,,,,,,,,,1.8405890069853573e-05,0.00011707526403302713,3
bayesfl_observability_v1,vi_lr0p0002_b128_e2,40,vi,57,4,213,,2,128,244.68563175201416,,4.250806359131121,4.250806359131121,,,0.1472033828482635,0.0008020508685149252,0.9997673235312983,0.1472033828482635,,0.995433157814133,1.2955429990385827,244.68563175201416,4.250806359131121,,4.250806359131121,6.824149741445716,0.05065215517406855,0.05065206065773964,0.050803832709789276,0.051157303154468536,0.36083795261683327,0.35487172530007055,0.6407734660683285,,,,,,,,,,,,,,,,,,,,,,,,4.176875659950006e-05,0.00011842968386551073,213
bayesfl_observability_v1,vi_lr0p0002_b128_e2,40,vi,58,4,463,,2,128,256.9378545284271,,9.027029142003519,9.027029142003519,,,0.21443266996207513,0.0015802113339304924,0.9995063473265798,0.21443266996207513,,0.8886543877137418,1.3317328076251618,256.9378545284271,9.027029142003519,,9.027029142003519,6.82525307868267,0.05065879876637249,0.05065840110182762,0.050814926624298096,0.051239002496004105,0.3607891330363185,0.3542497340147374,0.641109159072605,,,,,,,,,,,,,,,,,,,,,,,,8.870029617769008e-05,0.0001214201322213736,463
bayesfl_observability_v1,vi_lr0p0002_b128_e2,40,vi,255,20,13,,2,128,23.12375831604004,,1.8762644274427207,1.8762644274427207,,,0.09783456736895851,0.00040027499198913574,0.999897177771306,0.09783456736895851,,0.6517565611726531,1.6399089560237352,23.12375831604004,1.8762644274427207,,1.8762644274427207,6.822511073118023,0.05064740195259828,0.050647083669900894,0.05079823099076748,0.051207538694143295,0.3607911065166488,0.3546566189800944,0.6407879704362764,,,,,,,,,,,,,,,,,,,,,,,,1.8436321385896833e-05,0.00011716813048480067,13
bayesfl_observability_v1,vi_lr0p0002_b128_e2,40,vi,78,6,10,,2,128,23.385047435760498,,1.8777222945098582,1.8777222945098582,,,0.09787247132581875,0.00040027499198913574,0.9998970855431172,0.09787247132581875,,0.6554817739013927,1.6692820093029912,23.385047435760498,1.8777222945098582,,1.8777222945098582,6.821861400986869,0.05064743644325177,0.05064699053764343,0.0507986668497324,0.05117417499423027,0.3607687703821803,0.3547254617290524,0.6407743309824377,,,,,,,,,,,,,,,,,,,,,,,,1.8450646502012953e-05,0.00011715408202459675,10
bayesfl_observability_v1,vi_lr0p0002_b128_e2,40,vi,294,23,791,,2,128,278.28359045301164,,16.252103927063864,16.252103927063864,,,0.28766445069334945,0.0026613473892211914,0.9991121308000457,0.28766445069334945,,0.5393589008331952,1.7469958446632359,278.28359045301164,16.252103927063864,,16.252103927063864,6.827993733614533,0.05066560491446581,0.050664518028497696,0.05082756653428078,0.051255226135253906,0.36088832682053323,0.3545322208572378,0.6413184673875663,,,,,,,,,,,,,,,,,,,,,,,,0.00015969444754902097,0.00012617930619649549,791
bayesfl_observability_v1,vi_lr0p0002_b128_e2,40,vi,211,16,4,,2,128,9.955760955810547,,1.8752272373554408,1.8752272373554408,,,0.09780740140178477,0.0004002731293439865,0.999897238078984,0.09780740140178477,,-0.0,2.4040642619438994,9.955760955810547,1.8752272373554408,,1.8752272373554408,6.822627837094517,0.05064740250090449,0.050646947696805,0.050797779113054276,0.05120803788304329,0.3607814837081502,0.3547483890497047,0.6406802093367985,,,,,,,,,,,,,,,,,,,,,,,,1.842612987477096e-05,0.00011703687125970823,4
bayesfl_observability_v1,vi_lr0p0002_b128_e2,40,vi,217,17,189,,2,128,275.712851524353,,4.262774674459935,4.262774674459935,,,0.14741221147725442,0.0008021555840969086,0.9997666585752161,0.14741221147725442,,0.3250829733914482,1.9958124018703602,275.712851524353,4.262774674459935,,4.262774674459935,6.824097540942613,0.050652199551182,0.050651755183935165,0.05080398917198181,0.05116282030940056,0.36082214727300493,0.35438899058480783,0.6409865602541094,,,,,,,,,,,,,,,,,,,,,,,,4.18863582043818e-05,0.00011847227192328943,189
bayesfl_observability_v1,vi_lr0p0002_b128_e2,40,vi,220,17,369,,2,128,260.5390543937683,,6.729541351927446,6.729541351927446,,,0.18517884237541093,0.001202818937599659,0.9996318342289218,0.18517884237541093,,0.4951145579587969,1.8291712766140646,260.5390543937683,6.729541351927446,,6.729541351927446,6.824861234582388,0.050655649362284415,0.050655120983719826,0.05080925673246384,0.051235705614089966,0.36082231185337976,0.35423330510123274,0.6410206355604607,,,,,,,,,,,,,,,,,,,,,,,,6.612500100154708e-05,0.00011994028410515812,369
bayesfl_observability_v1,vi_lr0p0002_b128_e2,40,vi,105,8,413,,2,128,244.09197390079498,,8.933591935036427,8.933591935036427,,,0.21330929914226054,0.0015852993819862604,0.9995117611018786,0.21330929914226054,,1.5226552204244723,0.7426563375743231,244.09197390079498,8.933591935036427,,8.933591935036427,6.826851706639716,0.05065891326046287,0.050658538937568665,0.05081535503268242,0.05120859667658806,0.3608696782297771,0.3547677835771906,0.641332911345471,,,,,,,,,,,,,,,,,,,,,,,,8.778217485542328e-05,0.00012145116596058184,413
bayesfl_observability_v1,vi_lr0p0002_b128_e2,40,vi,181,14,2,,2,128,4.172828674316406,,1.8725033206997614,1.8725033206997614,,,0.0977351693429839,0.00040027499198913574,0.9998973946439742,0.0977351693429839,,0.6931471805599453,1.6112121538688304,4.172828674316406,1.8725033206997614,,1.8725033206997614,6.822786561180331,0.0506474307386196,0.050647128373384476,0.05079787224531174,0.05120482295751572,0.3608136790701982,0.35449491067831385,0.6409978898301161,,,,,,,,,,,,,,,,,,,,,,,,1.8399364456124217e-05,0.0001171228623626342,2
bayesfl_observability_v1,vi_lr0p0002_b128_e2,41,vi,44,3,92,,2,128,228.16907262802124,,1.8703004624407706,1.8703004624407706,,,0.09771204144586673,0.00040027499198913574,0.9998974747298798,0.09771204144586673,,0.18749585469877714,2.1238639523778082,228.16907262802124,1.8703004624407706,,1.8703004624407706,6.82383776932834,0.05066517173143581,0.05066441744565964,0.0508171021938324,0.05122150853276253,0.36071587932812293,0.3544106742615647,0.6405622543396323,,,,,,,,,,,,,,,,,,,,,,,,1.8377718998140618e-05,0.00011828961154701225,92
bayesfl_observability_v1,vi_lr0p0002_b128_e2,41,vi,15,1,51,,2,128,121.00817680358887,,1.880807080394091,1.880807080394091,,,0.09798806434081192,0.00040027499198913574,0.9998968948939528,0.09798806434081192,,0.4639406270393286,1.8477013096607757,121.00817680358887,1.880807080394091,,1.880807080394091,6.823845923270832,0.05066510794679349,0.050664108246564865,0.05081703141331673,0.05122154951095581,0.36072058915309274,0.3542038532173219,0.6408080602345947,,,,,,,,,,,,,,,,,,,,,,,,1.848095784999598e-05,0.00011826451826444464,51
bayesfl_observability_v1,vi_lr0p0002_b128_e2,41,vi,23,1,306,,2,128,203.0054071744283,,6.640994277956332,6.640994277956332,,,0.18401322998377823,0.0012064725160598755,0.9996365684354124,0.18401322998377823,,1.0359434414661433,1.2422106794126557,203.0054071744283,6.640994277956332,,6.640994277956332,6.825922766280794,0.05067374779540528,0.05067339539527893,0.050829270109534266,0.05122222378849983,0.36074838412367993,0.35465081269011534,0.640527128539225,,,,,,,,,,,,,,,,,,,,,,,,6.525493050954439e-05,0.00012119902968668532,306
bayesfl_observability_v1,vi_lr0p0002_b128_e2,41,vi,249,19,148,,2,128,155.647563457489,,4.2331564989627415,4.2331564989627415,,,0.14694951307750004,0.0008019460365176201,0.9997682045174774,0.14694951307750004,,0.8084292285499561,1.5072994420910157,155.647563457489,4.2331564989627415,,4.2331564989627415,6.825300693805742,0.05066996103254578,0.05066956207156181,0.05082397907972336,0.05120708420872688,0.3607488962540826,0.35458183456043074,0.6407820266313581,,,,,,,,,,,,,,,,,,,,,,,,4.159532768952286e-05,0.00011965196984700754,148
bayesfl_observability_v1,vi_lr0p0002_b128_e2,41,vi,100,8,10,,2,128,18.826955318450928,,1.871529846717,1.871529846717,,,0.09774388766454331,0.00040027499198913574,0.9998973994481792,0.09774388766454331,,0.6001660731596457,1.7117035045711888,18.826955318450928,1.871529846717,,1.871529846717,6.823536291352539,0.050665194114584686,0.05066457390785217,0.050817185267806056,0.05120836943387985,0.36070438700300744,0.35426213374576276,0.6408511472847515,,,,,,,,,,,,,,,,,,,,,,,,1.8389799024437458e-05,0.00011834694012541084,10
bayesfl_observability_v1,vi_lr0p0002_b128_e2,41,vi,102,8,8,,2,128,20.911913871765137,,1.8748927073038237,1.8748927073038237,,,0.09783290655017958,0.0004002717323601246,0.999897233586688,0.09783290655017958,,1.0735428464085233,1.2939773289156493,20.911913871765137,1.8748927073038237,,1.8748927073038237,6.824198428931205,0.050665129457279294,0.050664592534303665,0.05081698410212994,0.051194123923778534,0.3607396368485199,0.35469626563870693,0.640968169349055,,,,,,,,,,,,,,,,,,,,,,,,1.8422842756252568e-05,0.00011833459235173919,8
bayesfl_observability_v1,vi_lr0p0002_b128_e2,41,vi,285,22,188,,2,128,245.51626205444336,,4.254630661685505,4.254630661685505,,,0.14732120750838051,0.0008022692054510117,0.9997670030388803,0.14732120750838051,,0.030457357557417006,2.2852619292307335,245.51626205444336,4.254630661685505,,4.254630661685505,6.824953004442841,0.050669936380399704,0.05066942796111107,0.05082369223237038,0.051210831850767136,0.3607145054533378,0.3546801741662465,0.6408046382000366,,,,,,,,,,,,,,,,,,,,,,,,4.1806334496271054e-05,0.00011973854729364396,188
bayesfl_observability_v1,vi_lr0p0002_b128_e2,41,vi,227,18,607,,2,128,244.7405770301819,,11.301235197323154,11.301235197323154,,,0.23997560146480887,0.0019177012145519257,0.9993824163916037,0.23997560146480887,,1.1247376207296473,1.2027930712885904,244.7405770301819,11.301235197323154,,11.301235197323154,6.829042899222029,0.050679128343535745,0.050678543746471405,0.05083855725824833,0.05123566836118698,0.36081248750112715,0.35456482888086704,0.6411162905378397,,,,,,,,,,,,,,,,,,,,,,,,0.00011104682320254646,0.00012399936642418165,607
bayesfl_observability_v1,vi_lr0p0002_b128_e2,41,vi,132,10,381,,2,128,278.9110981623332,,6.66052036463953,6.66052036463953,,,0.18428203993265826,0.0012042541056871414,0.9996354640132207,0.18428203993265826,,0.9889320457164062,1.276983504145674,278.9110981623332,6.66052036463953,,6.66052036463953,6.825545834290589,0.05067379213873232,0.05067359283566475,0.050829366967082026,0.051257748156785965,0.3607286015270287,0.3545791331890992,0.6410820527381021,,,,,,,,,,,,,,,,,,,,,,,,6.544679536837507e-05,0.00012111911344522715,381
bayesfl_observability_v1,vi_lr0p0002_b128_e2,41,vi,99,7,18,,2,128,35.93928098678589,,1.8766623345419098,1.8766623345419098,,,0.09787869111483126,0.0004002731293439865,0.9998971167820537,0.09787869111483126,,0.6128694524619496,1.681828938853387,35.93928098678589,1.8766623345419098,,1.8766623345419098,6.823557797791089,0.050665264210001275,0.05066469684243202,0.05081736072897911,0.051221366971731186,0.36069636795859417,0.3542118979786161,0.6407635875473039,,,,,,,,,,,,,,,,,,,,,,,,1.84402312522542e-05,0.00011833518269647779,18
bayesfl_observability_v1,vi_lr0p0002_b128_e2,41,vi,166,13,76,,2,128,165.8542890548706,,1.8715034970018936,1.8715034970018936,,,0.09774400717069832,0.0004002717323601246,0.9998973926369211,0.09774400717069832,,1.0982287840542058,1.252671424477001,165.8542890548706,1.8715034970018936,,1.8715034970018936,6.8232307035006174,0.0506652237558817,0.050664640963077545,0.05081726610660553,0.05118975788354874,0.3606878993400127,0.3544361076741246,0.6409695475625855,,,,,,,,,,,,,,,,,,,,,,,,1.8389540110070685e-05,0.00011831239068953547,76
bayesfl_observability_v1,vi_lr0p0002_b128_e2,41,vi,173,13,119,,2,128,283.7627191543579,,1.8775315075879058,1.8775315075879058,,,0.09790187929631058,0.00040027499198913574,0.9998970665780218,0.09790187929631058,,0.7679964346078391,1.5533998077393687,283.7627191543579,1.8775315075879058,,1.8775315075879058,6.82349893914326,0.05066521541656844,0.05066472291946411,0.05081746838986874,0.05121322348713875,0.3606995541457186,0.35447494429127446,0.6406283361926475,,,,,,,,,,,,,,,,,,,,,,,,1.8448771814757844e-05,0.00011831132927595145,119
bayesfl_observability_v1,vi_lr0p0002_b128_e2,41,vi,82,6,2,,2,128,5.193870902061462,,1.877074988045705,1.877074988045705,,,0.09788949638960537,0.00040027499198913574,0.9998971015933656,0.09788949638960537,,-0.0,2.3155014849272724,5.193870902061462,1.877074988045705,,1.877074988045705,6.823825445970652,0.05066509999728682,0.050664499402046204,0.05081703141331673,0.05121346563100815,0.36072428467073353,0.35443536753040417,0.6408227919828123,,,,,,,,,,,,,,,,,,,,,,,,1.844428601793952e-05,0.0001182887733512281,2
bayesfl_observability_v1,vi_lr0p0002_b128_e2,41,vi,85,6,91,,2,128,249.83428192138672,,1.872772541425614,1.872772541425614,,,0.09777519199043275,0.00040027499198913574,0.9998973338374695,0.09777519199043275,,0.7052992177089794,1.615535625363525,249.83428192138672,1.872772541425614,,1.872772541425614,6.823541158020695,0.050665197960598256,0.05066478252410889,0.05081732794642448,0.051204465329647064,0.36068489203757376,0.3547038260893616,0.6407937844313444,,,,,,,,,,,,,,,,,,,,,,,,1.840200984008661e-05,0.00011835312537742372,91
bayesfl_observability_v1,vi_lr0p0002_b128_e2,41,vi,268,21,302,,2,128,224.5139284133911,,6.708627573204475,6.708627573204475,,,0.18495508098006572,0.0012027882039546967,0.9996328508662595,0.18495508098006572,,-0.0,2.28098669344155,224.5139284133911,6.708627573204475,,6.708627573204475,6.826036657829302,0.05067368920204669,0.050673142075538635,0.05082983635365963,0.05122086778283119,0.36071532429638087,0.35424867977133223,0.6408717772247907,,,,,,,,,,,,,,,,,,,,,,,,6.591950057192174e-05,0.00012123657589785813,302
bayesfl_observability_v1,vi_lr0p0002_b128_e2,42,vi,231,18,14,,2,128,35.702385902404785,,1.8770424172567048,1.8770424172567048,,,0.09791604029307947,0.00040027499198913574,0.9998970733793241,0.09791604029307947,,0.24493002679463532,2.0384139543004163,35.702385902404785,1.8770424172567048,,1.8770424172567048,6.824740239594603,0.05067946558249563,0.050678981468081474,0.05083216354250908,0.05124407634139061,0.3606466537375067,0.3544472246874646,0.6409266905918919,,,,,,,,,,,,,,,,,,,,,,,,1.844396597481286e-05,0.0001190543697588731,14
bayesfl_observability_v1,vi_lr0p0002_b128_e2,42,vi,43,3,1,,2,128,2.999268352985382,,1.8743478031037326,1.8743478031037326,,,0.09784669056790456,0.00040027499198913574,0.9998972381669774,0.09784669056790456,,-0.0,2.3163460082440825,2.999268352985382,1.8743478031037326,,1.8743478031037326,6.82528260534353,0.05067946621371215,0.05067897215485573,0.050832223147153854,0.051219843327999115,0.3606878055413754,0.35432327055284685,0.6406001684880928,,,,,,,,,,,,,,,,,,,,,,,,1.8417488484855386e-05,0.00011898724143007506,1
bayesfl_observability_v1,vi_lr0p0002_b128_e2,42,vi,222,17,625,,2,128,258.6777166366577,,11.466431156968284,11.466431156968284,,,0.24180588141991932,0.001963810995221138,0.9993730224464552,0.24180588141991932,,0.2960944988460536,2.006520240843815,258.6777166366577,11.466431156968284,,11.466431156968284,6.8295029704229195,0.05069359983398543,0.05069312825798988,0.05085360743105412,0.05128784850239754,0.3607353177012192,0.35428673506668906,0.6410010642234732,,,,,,,,,,,,,,,,,,,,,,,,0.00011267005165538257,0.00012477239754670388,625
bayesfl_observability_v1,vi_lr0p0002_b128_e2,42,vi,224,17,90,,2,128,209.88594007492065,,1.8778424035466017,1.8778424035466017,,,0.097937882235554,0.00040027499198913574,0.9998970203303779,0.097937882235554,,0.6694250749067785,1.6387902561312846,209.88594007492065,1.8778424035466017,,1.8778424035466017,6.824470565692244,0.050679499628618056,0.05067910626530647,0.05083230659365654,0.051242679357528687,0.3606357423861492,0.35448712370295987,0.6409424600500908,,,,,,,,,,,,,,,,,,,,,,,,1.8451826702825997e-05,0.00011900226525212492,90
bayesfl_observability_v1,vi_lr0p0002_b128_e2,42,vi,62,5,230,,2,128,270.26792764663696,,4.23862323236111,4.23862323236111,,,0.14708881141866773,0.0008022692054510117,0.9997677710043326,0.14708881141866773,,0.7398855854147172,1.5046979575000918,270.26792764663696,4.23862323236111,,4.23862323236111,6.825448121066823,0.05068422556476197,0.050684139132499695,0.05083927512168884,0.051209770143032074,0.3606316950615885,0.35466428530510086,0.6406972677802723,,,,,,,,,,,,,,,,,,,,,,,,4.164904424055331e-05,0.00012030454922822971,230
bayesfl_observability_v1,vi_lr0p0002_b128_e2,42,vi,74,5,70,,2,128,172.1104097366333,,1.8750129480877227,1.8750129480877227,,,0.09786317877867319,0.00040027499198913574,0.9998971857645598,0.09786317877867319,,1.1534898214385076,1.1546999842430363,172.1104097366333,1.8750129480877227,,1.8750129480877227,6.824783175235935,0.05067954245814555,0.050679221749305725,0.05083221569657326,0.05122203379869461,0.3606583655734789,0.35424731257695186,0.6405684266771108,,,,,,,,,,,,,,,,,,,,,,,,1.842402425162349e-05,0.00011899009339870778,70
bayesfl_observability_v1,vi_lr0p0002_b128_e2,42,vi,282,22,46,,2,128,112.41236543655396,,1.8752204050511396,1.8752204050511396,,,0.09786931267219535,0.00040027499198913574,0.9998971704819278,0.09786931267219535,,-0.0,2.3163460082440825,112.41236543655396,1.8752204050511396,,1.8752204050511396,6.824701582823684,0.05067944450299702,0.05067916586995125,0.05083237588405609,0.05124172940850258,0.36065133702143437,0.3542823773763666,0.6407589894271615,,,,,,,,,,,,,,,,,,,,,,,,1.8426062740013162e-05,0.00011898791117842135,46
bayesfl_observability_v1,vi_lr0p0002_b128_e2,42,vi,117,9,8,,2,128,21.827030181884766,,1.8730349716302774,1.8730349716302774,,,0.09781258832992595,0.0004002717323601246,0.9998972990083411,0.09781258832992595,,0.5623351446188083,1.7518051301834499,21.827030181884766,1.8730349716302774,,1.8730349716302774,6.824997582792774,0.05067946258289934,0.05067897588014603,0.050832250714302064,0.051222510635852814,0.360673673756295,0.3546729650057326,0.6410283133586435,,,,,,,,,,,,,,,,,,,,,,,,1.8404588499855335e-05,0.00011905269791964165,8
bayesfl_observability_v1,vi_lr0p0002_b128_e2,42,vi,120,9,855,,2,128,271.88920048304965,,15.914137246149943,15.914137246149943,,,0.2848206725826454,0.002697605639696121,0.999129800894104,0.2848206725826454,,1.0262410776633744,1.2672530622969025,271.88920048304965,15.914137246149943,,15.914137246149943,6.828682190158693,0.05069776361229273,0.050697267055511475,0.050862353295087814,0.05133470520377159,0.36064832515328615,0.35443267216119323,0.6411166445658003,,,,,,,,,,,,,,,,,,,,,,,,0.00015637356044168166,0.0001277800789640338,855
bayesfl_observability_v1,vi_lr0p0002_b128_e2,42,vi,241,19,2,,2,128,5.13788366317749,,1.8743604503497397,1.8743604503497397,,,0.09784698192681103,0.00040027499198913574,0.9998972265869441,0.09784698192681103,,0.6931471805599453,1.6493782971327793,5.13788366317749,1.8743604503497397,,1.8743604503497397,6.8249924793219,0.05067955984749464,0.05067911744117737,0.05083247646689415,0.051243241876363754,0.3606568968668481,0.35438636042186356,0.6408866882545482,,,,,,,,,,,,,,,,,,,,,,,,1.8417612757686347e-05,0.00011907474708761442,2
bayesfl_observability_v1,vi_lr0p0002_b128_e2,42,vi,3,0,54,,2,128,142.8955841064453,,1.867735230350136,1.867735230350136,,,0.09767140060213023,0.00040027499198913574,0.9998975888763953,0.09767140060213023,,0.7281071546314151,1.532144314993967,142.8955841064453,1.867735230350136,,1.867735230350136,6.824800473986816,0.05067958476242797,0.05067910626530647,0.05083232112228871,0.051234178245067596,0.36065084333447434,0.3545604162370606,0.640829861552865,,,,,,,,,,,,,,,,,,,,,,,,1.835251282647279e-05,0.00011896827574262668,54
bayesfl_observability_v1,vi_lr0p0002_b128_e2,42,vi,103,8,34,,2,128,72.47837924957275,,1.8732912059614488,1.8732912059614488,,,0.09781755009756184,0.00040027499198913574,0.9998973000048885,0.09781755009756184,,0.95557352218981,1.2692229080072153,72.47837924957275,1.8732912059614488,,1.8732912059614488,6.8252979239592975,0.050679538113315714,0.0506790354847908,0.05083246305584908,0.051244087517261505,0.3606600238640122,0.35436005996097486,0.6409929813729982,,,,,,,,,,,,,,,,,,,,,,,,1.84071062784853e-05,0.00011911166664518402,34
bayesfl_observability_v1,vi_lr0p0002_b128_e2,42,vi,81,6,44,,2,128,86.03688049316406,,1.876143063048174,1.876143063048174,,,0.09789246213447253,0.0004002721980214119,0.9998971253901646,0.09789246213447253,,1.526223874005866,0.7872639671545474,86.03688049316406,1.876143063048174,,1.876143063048174,6.824821307768689,0.05067965027834011,0.050679001957178116,0.05083245150744915,0.051238395273685455,0.3606637765784607,0.35454514204880483,0.6407822509058533,,,,,,,,,,,,,,,,,,,,,,,,1.843512884983958e-05,0.00011902756166924524,44
bayesfl_observability_v1,vi_lr0p0002_b128_e2,42,vi,85,6,91,,2,128,242.84526824951172,,1.8741132126859352,1.8741132126859352,,,0.0978396439859225,0.00040027499198913574,0.9998972572403144,0.0978396439859225,,0.7052992177089794,1.615535625363525,242.84526824951172,1.8741132126859352,,1.8741132126859352,6.825384271009851,0.050679532285983604,0.05067923665046692,0.050832463428378105,0.051227666437625885,0.36068349021603263,0.3545368970973134,0.6410029315221878,,,,,,,,,,,,,,,,,,,,,,,,1.841518338101538e-05,0.00011896071085860475,91
bayesfl_observability_v1,vi_lr0p0002_b128_e2,42,vi,125,10,4,,2,128,9.082773208618164,,1.8745948813849305,1.8745948813849305,,,0.09785306771653575,0.00040027499198913574,0.9998971968231299,0.09785306771653575,,0.5623351446188083,1.818115478821869,9.082773208618164,1.8745948813849305,,1.8745948813849305,6.824391311751788,0.05067957014345468,0.05067937262356281,0.05083167925477028,0.05121235549449921,0.3606329747502725,0.35445665914011304,0.6405895307995264,,,,,,,,,,,,,,,,,,,,,,,,1.8419916295420365e-05,0.00011895543670653423,4
bayesfl_observability_v1,vi_lr0p0002_b128_e2,43,vi,162,13,1,,2,128,1.621097207069397,,1.8788857598632487,1.8788857598632487,,,0.098001027989737,0.00040027499198913574,0.9998969267752584,0.098001027989737,,-0.0,2.3155014849272724,1.621097207069397,1.8788857598632487,,1.8788857598632487,6.825803323307128,0.05069791708813999,0.05069746822118759,0.050853534042835234,0.051304981112480164,0.3605495020509372,0.35427073010156207,0.6404381182426413,,,,,,,,,,,,,,,,,,,,,,,,1.8462078803805136e-05,0.0001212128802635922,1
bayesfl_observability_v1,vi_lr0p0002_b128_e2,43,vi,171,13,648,,2,128,272.94158029556274,,13.650341389134882,13.650341389134882,,,0.2638942308120793,0.0023156218230724335,0.9992533029732825,0.2638942308120793,,0.8947993234419066,1.3755222828587679,272.94158029556274,13.650341389134882,,13.650341389134882,6.83004574226116,0.05071399087503434,0.050713419914245605,0.05087883770465851,0.05133850872516632,0.36060245655897466,0.35466909199911023,0.6403765139567886,,,,,,,,,,,,,,,,,,,,,,,,0.00013412932484165157,0.00012866399868260918,648
bayesfl_observability_v1,vi_lr0p0002_b128_e2,43,vi,101,8,1047,,2,128,265.2601629363166,,19.587781609110404,19.587781609110404,,,0.31604030573924086,0.003227008506655693,0.9989300815177024,0.31604030573924086,,1.3655297072495858,0.9316261638098886,265.2601629363166,19.587781609110404,,19.587781609110404,6.833833209084958,0.05071928481135502,0.05071811378002167,0.05089021846652031,0.05133431777358055,0.3606892034342053,0.35476224642878557,0.6411479243530491,,,,,,,,,,,,,,,,,,,,,,,,0.00019247107801032137,0.0001324851939125406,1047
bayesfl_observability_v1,vi_lr0p0002_b128_e2,43,vi,149,11,333,,2,128,205.0265587170919,,6.701170312970052,6.701170312970052,,,0.18497621053778562,0.0012053316459059715,0.9996330199408137,0.18497621053778562,,0.21239478849365837,2.0487084209067463,205.0265587170919,6.701170312970052,,6.701170312970052,6.828361999611427,0.0507062982215817,0.050706084817647934,0.05086513347923756,0.05128088966012001,0.3606214819557589,0.3541999544614226,0.641227404553624,,,,,,,,,,,,,,,,,,,,,,,,6.584622494811881e-05,0.00012384715376406478,333
bayesfl_observability_v1,vi_lr0p0002_b128_e2,43,vi,255,20,13,,2,128,27.472527503967285,,1.8785722632914297,1.8785722632914297,,,0.09799271164467088,0.00040027499198913574,0.9998969502939031,0.09799271164467088,,0.6517565611726531,1.6399089560237352,27.472527503967285,1.8785722632914297,,1.8785722632914297,6.825999430111051,0.05069792384556841,0.05069743096828461,0.0508530005812645,0.05127328634262085,0.3605519097514553,0.3541639606778345,0.6409430693121838,,,,,,,,,,,,,,,,,,,,,,,,1.8458998361908517e-05,0.0001211070314208842,13
bayesfl_observability_v1,vi_lr0p0002_b128_e2,43,vi,0,0,68,,2,128,142.86134910583496,,1.8752932571487504,1.8752932571487504,,,0.09790512915259182,0.00040027499198913574,0.9998971458363372,0.09790512915259182,,0.07081055490819625,2.2089094885596023,142.86134910583496,1.8752932571487504,,1.8752932571487504,6.8263146984670655,0.05069788303323236,0.050697408616542816,0.050853409245610236,0.051303014159202576,0.36058349792337857,0.3541238373544169,0.6407199574938947,,,,,,,,,,,,,,,,,,,,,,,,1.842677859043677e-05,0.00012121837598658242,68
bayesfl_observability_v1,vi_lr0p0002_b128_e2,43,vi,8,0,56,,2,128,106.33788919448853,,1.873855219816443,1.873855219816443,,,0.09786840397251281,0.00040027499198913574,0.9998972107220214,0.09786840397251281,,0.36153947789446483,1.8365068925499755,106.33788919448853,1.873855219816443,,1.873855219816443,6.825972663685654,0.050697895852923745,0.05069704353809357,0.05085346698760986,0.051273345947265625,0.3605716909064377,0.35439186541985407,0.6409096756346686,,,,,,,,,,,,,,,,,,,,,,,,1.8412648322849988e-05,0.00012115028541644669,56
bayesfl_observability_v1,vi_lr0p0002_b128_e2,43,vi,85,6,91,,2,128,216.07672214508057,,1.8736037588923276,1.8736037588923276,,,0.09786185354204484,0.00040027499198913574,0.9998972318313727,0.09786185354204484,,0.7052992177089794,1.615535625363525,216.07672214508057,1.8736037588923276,,1.8736037588923276,6.826185698595941,0.05069780306325243,0.0506972037255764,0.05085335671901703,0.05130623281002045,0.3605926460721429,0.35453334833084477,0.64070058575178,,,,,,,,,,,,,,,,,,,,,,,,1.8410177448092046e-05,0.00012116204288807334,91
bayesfl_observability_v1,vi_lr0p0002_b128_e2,43,vi,31,2,70,,2,128,161.0636076927185,,1.8756147154253877,1.8756147154253877,,,0.09791504145482793,0.00040027499198913574,0.9998971045867406,0.09791504145482793,,1.0160542936625165,1.3094444340884457,161.0636076927185,1.8756147154253877,,1.8756147154253877,6.825694286928088,0.05069782839863072,0.05069738253951073,0.05085321292281151,0.05130663514137268,0.3605566066795035,0.3545713037641294,0.6407064929196453,,,,,,,,,,,,,,,,,,,,,,,,1.8429937264669233e-05,0.00012117588925184495,70
bayesfl_observability_v1,vi_lr0p0002_b128_e2,43,vi,35,2,12,,2,128,28.384113311767578,,1.866312528094228,1.866312528094228,,,0.09767050227536199,0.00040027499198913574,0.999897616082163,0.09767050227536199,,0.8981370031878679,1.419319868930796,28.384113311767578,1.866312528094228,,1.866312528094228,6.825622171606556,0.050697930977758765,0.05069747939705849,0.05085352063179016,0.05130619928240776,0.36054450037433644,0.3544102711798512,0.6409271644899998,,,,,,,,,,,,,,,,,,,,,,,,1.833853324254916e-05,0.00012124556220118766,12
bayesfl_observability_v1,vi_lr0p0002_b128_e2,43,vi,53,4,385,,2,128,189.91193710267544,,9.078762952557458,9.078762952557458,,,0.21526586699652261,0.001579243689775467,0.9995030406332652,0.21526586699652261,,0.6199400754114299,1.6563453455408537,189.91193710267544,9.078762952557458,,9.078762952557458,6.8289362612820605,0.05070928283335184,0.050709353759884834,0.050870250910520554,0.05130671709775925,0.36057692960615945,0.35401837407619097,0.640940395937207,,,,,,,,,,,,,,,,,,,,,,,,8.920863665675011e-05,0.00012550228076166554,385
bayesfl_observability_v1,vi_lr0p0002_b128_e2,43,vi,60,4,6,,2,128,13.180945873260498,,1.8797370169190473,1.8797370169190473,,,0.09802161505908964,0.00040027499198913574,0.9998968816156641,0.09802161505908964,,0.6365141682948128,1.6573554390074312,13.180945873260498,1.8797370169190473,,1.8797370169190473,6.825737127675213,0.05069797197597498,0.05069773085415363,0.05085357390344143,0.051306068897247314,0.36055077562976634,0.354355063207735,0.6406164131875464,,,,,,,,,,,,,,,,,,,,,,,,1.847044332238427e-05,0.00012112531516017411,6
bayesfl_observability_v1,vi_lr0p0002_b128_e2,43,vi,61,4,198,,2,128,260.91267108917236,,4.273801753901152,4.273801753901152,,,0.14775096154654596,0.0008021034300327301,0.9997657759888581,0.14775096154654596,,0.38144262903567916,1.9227600406973597,260.91267108917236,4.273801753901152,,4.273801753901152,6.8269201906625385,0.0507028086356386,0.050702325999736786,0.0508599553257227,0.05132141336798668,0.36054920070322977,0.35423340292115224,0.6411881888204605,,,,,,,,,,,,,,,,,,,,,,,,4.199471115162771e-05,0.00012248324625599273,198
bayesfl_observability_v1,vi_lr0p0002_b128_e2,43,vi,198,15,1143,,2,128,282.4727562798394,,20.776577201382942,20.776577201382942,,,0.32556343062642046,0.0035371696576476097,0.9988649309214239,0.32556343062642046,,0.36262928713185916,1.9482562356482285,282.4727562798394,20.776577201382942,,20.776577201382942,6.8347969206227415,0.05071901893233127,0.05071813799440861,0.05088991075754166,0.05136355012655258,0.36071481063346705,0.35409344951186805,0.641435931890217,,,,,,,,,,,,,,,,,,,,,,,,0.00020415227671595699,0.00013260934524397623,1143
bayesfl_observability_v1,vi_lr0p0002_b128_e2,43,vi,44,3,92,,2,128,291.6489324569702,,1.877339719095676,1.877339719095676,,,0.09796016760791834,0.00040027499198913574,0.9998970097797024,0.09796016760791834,,0.18749585469877714,2.1238639523778082,291.6489324569702,1.877339719095676,,1.877339719095676,6.82569658488594,0.05069790990301881,0.05069751292467117,0.05085313096642494,0.05130666121840477,0.36054744907654496,0.3544254503535284,0.6408563027457549,,,,,,,,,,,,,,,,,,,,,,,,1.8446887285994653e-05,0.00012118326782638636,92
bayesfl_observability_v1,vi_lr0p0002_b128_e2,44,vi,91,7,21,,2,128,45.85751914978027,,1.8725006622734557,1.8725006622734557,,,0.09787524752742022,0.00040027499198913574,0.9998972594584191,0.09787524752742022,,0.38721237518636065,1.9290234778424857,45.85751914978027,1.8725006622734557,,1.8725006622734557,6.828072195213017,0.050720144032083476,0.05071958899497986,0.050878175720572474,0.05132507532835007,0.3604637144874606,0.35421545346479866,0.6405843059622234,,,,,,,,,,,,,,,,,,,,,,,,1.839933833421888e-05,0.00012338310001687154,21
bayesfl_observability_v1,vi_lr0p0002_b128_e2,44,vi,93,7,103,,2,128,225.8389835357666,,1.8725351316122136,1.8725351316122136,,,0.09787800945664069,0.00040027499198913574,0.99989724440316,0.09787800945664069,,1.1983912561963983,1.1190743533532796,225.8389835357666,1.8725351316122136,,1.8725351316122136,6.827722829374107,0.05072011214671727,0.05071994662284851,0.05087817460298538,0.051291294395923615,0.36046785616199706,0.35408308624897306,0.6405872044045279,,,,,,,,,,,,,,,,,,,,,,,,1.839967703264433e-05,0.00012334164816050008,103
bayesfl_observability_v1,vi_lr0p0002_b128_e2,44,vi,119,9,843,,2,128,277.1430835723877,,15.757111180239749,15.757111180239749,,,0.28362397874603923,0.0027350187301635742,0.9991380069049608,0.28362397874603923,,0.9765459908687751,1.371331098617695,277.1430835723877,15.757111180239749,,15.757111180239749,6.832304839588663,0.05073816568150617,0.05073799192905426,0.05090634524822235,0.051390957087278366,0.3604742598413417,0.3544522548176954,0.6404210034362524,,,,,,,,,,,,,,,,,,,,,,,,0.0001548306100053036,0.00013163048937952422,843
bayesfl_observability_v1,vi_lr0p0002_b128_e2,44,vi,154,12,5,,2,128,11.349246501922607,,1.8666345700795957,1.8666345700795957,,,0.09772154282279176,0.00040027499198913574,0.9998975775590664,0.09772154282279176,,0.9502705392332347,1.3902817953906008,11.349246501922607,1.8666345700795957,,1.8666345700795957,6.8279197590337555,0.050720153864843916,0.0507197231054306,0.0508783221244812,0.051325637847185135,0.3604498643503875,0.35431619551670357,0.6410434370339853,,,,,,,,,,,,,,,,,,,,,,,,1.8341697652349373e-05,0.00012332357404012611,5
bayesfl_observability_v1,vi_lr0p0002_b128_e2,44,vi,282,22,46,,2,128,145.20222997665405,,1.8747114322234886,1.8747114322234886,,,0.09793397896045655,0.0004002731293439865,0.9998971470536017,0.09793397896045655,,-0.0,2.3163460082440825,145.20222997665405,1.8747114322234886,,1.8747114322234886,6.828396504459518,0.05072011577192951,0.05071960389614105,0.050878462567925456,0.051324304193258286,0.360491985677553,0.35418513739697244,0.6407311807467787,,,,,,,,,,,,,,,,,,,,,,,,1.8421061533099032e-05,0.00012350650978632685,46
bayesfl_observability_v1,vi_lr0p0002_b128_e2,44,vi,176,14,6,,2,128,13.105460166931152,,1.8717689703779667,1.8717689703779667,,,0.09785566386613063,0.00040027499198913574,0.999897302456522,0.09785566386613063,,0.8675632284814612,1.4502930449152613,13.105460166931152,1.8717689703779667,,1.8717689703779667,6.828133246156999,0.050720069148953224,0.0507198441773653,0.050878673791885376,0.05132235214114189,0.3604698350920064,0.35404254759779197,0.6404445619530743,,,,,,,,,,,,,,,,,,,,,,,,1.8392148672280307e-05,0.0001234217384561436,6
bayesfl_observability_v1,vi_lr0p0002_b128_e2,44,vi,43,3,1,,2,128,2.5360530018806458,,1.8729407699941152,1.8729407699941152,,,0.09788740502714088,0.00040027499198913574,0.9998972324243942,0.09788740502714088,,-0.0,2.3163460082440825,2.5360530018806458,1.8729407699941152,,1.8729407699941152,6.8280214391932335,0.0507201051947333,0.050719596445560455,0.05087869390845299,0.05131886154413223,0.36046027526869057,0.35425638113254315,0.6408152244763151,,,,,,,,,,,,,,,,,,,,,,,,1.8403662867191854e-05,0.00012344629337498095,1
bayesfl_observability_v1,vi_lr0p0002_b128_e2,44,vi,46,3,44,,2,128,96.16655921936035,,1.8753954598612397,1.8753954598612397,,,0.0979511354350556,0.0004002717323601246,0.9998970991758522,0.0979511354350556,,0.7751254239840702,1.531153988824562,96.16655921936035,1.8753954598612397,,1.8753954598612397,6.828042406202019,0.05072008158989273,0.05071962624788284,0.05087816789746284,0.051292262971401215,0.36046434204380634,0.35419248556201766,0.6406083756006503,,,,,,,,,,,,,,,,,,,,,,,,1.8427782842303624e-05,0.00012336913892399133,44
bayesfl_observability_v1,vi_lr0p0002_b128_e2,44,vi,8,0,56,,2,128,100.67060995101929,,1.8685899632678444,1.8685899632678444,,,0.0977719454222489,0.00040027499198913574,0.999897481360157,0.0977719454222489,,0.36153947789446483,1.8365068925499755,100.67060995101929,1.8685899632678444,,1.8685899632678444,6.828232871613363,0.05072019082695682,0.050719745457172394,0.05087830498814583,0.05129552632570267,0.3604621874437192,0.3540498994155077,0.6408093124485427,,,,,,,,,,,,,,,,,,,,,,,,1.8360911499143603e-05,0.00012336754229405478,56
bayesfl_observability_v1,vi_lr0p0002_b128_e2,44,vi,9,0,107,,2,128,229.16509246826172,,1.871114063010979,1.871114063010979,,,0.09783936639499437,0.00040027499198913574,0.999897329147129,0.09783936639499437,,0.20393077072313337,2.077417173602598,229.16509246826172,1.871114063010979,,1.871114063010979,6.827871654594512,0.05072019234595428,0.050719521939754486,0.05087876692414284,0.051325637847185135,0.36044543941593155,0.35400813762361616,0.640643028712934,,,,,,,,,,,,,,,,,,,,,,,,1.8385713501139618e-05,0.00012346551257647883,107
bayesfl_observability_v1,vi_lr0p0002_b128_e2,44,vi,134,10,326,,2,128,250.10316864649454,,6.642019336937884,6.642019336937884,,,0.1842300833528,0.0012006908655166626,0.9996362696677343,0.1842300833528,,0.4149757414196952,1.8961001489773186,250.10316864649454,6.642019336937884,,6.642019336937884,6.8310320788290975,0.05072853884682494,0.05072822421789169,0.05088988468050957,0.05129431188106537,0.36053804644273213,0.3540920107146815,0.6407421532141572,,,,,,,,,,,,,,,,,,,,,,,,6.526500281947415e-05,0.000125975449506317,326
bayesfl_observability_v1,vi_lr0p0002_b128_e2,44,vi,270,21,127,,2,128,367.73029708862305,,1.8760244258171554,1.8760244258171554,,,0.09796867053023048,0.0004002717323601246,0.999897063221445,0.09796867053023048,,0.24980042066198757,2.0694700517910234,367.73029708862305,1.8760244258171554,,1.8760244258171554,6.828072223751976,0.05072014006750633,0.05071960389614105,0.05087815374135971,0.05132557451725006,0.3604603114871183,0.3541554555503863,0.6404947025904464,,,,,,,,,,,,,,,,,,,,,,,,1.8433963111104995e-05,0.0001234139661985742,127
bayesfl_observability_v1,vi_lr0p0002_b128_e2,44,vi,18,1,406,,2,128,235.945738196373,,9.041796825811236,9.041796825811236,,,0.21491666296042208,0.0015868451446294785,0.9995052151443904,0.21491666296042208,,0.93387416116756,1.3882321409892098,235.945738196373,9.041796825811236,,9.041796825811236,6.8325806874873285,0.05073155324041867,0.050731491297483444,0.050895378738641736,0.051364898681640625,0.36060716154760836,0.3539695677133061,0.6411638005439679,,,,,,,,,,,,,,,,,,,,,,,,8.884540459674988e-05,0.00012758651024382731,406
bayesfl_observability_v1,vi_lr0p0002_b128_e2,44,vi,195,15,25,,2,128,55.06729793548584,,1.865813613272349,1.865813613272349,,,0.09770017176149527,0.00040027499198913574,0.9998976307187833,0.09770017176149527,,1.3119690925702856,0.9861324927876863,55.06729793548584,1.865813613272349,,1.865813613272349,6.828199379253425,0.05072015314372552,0.05071988329291344,0.050878589227795604,0.05132220312952995,0.36048568480860266,0.35425464468700013,0.6403408095281317,,,,,,,,,,,,,,,,,,,,,,,,1.8333630866388415e-05,0.0001234363750835515,25
bayesfl_observability_v1,vi_lr0p0002_b128_e2,44,vi,164,13,62,,2,128,132.74696397781372,,1.8703266090463981,1.8703266090463981,,,0.09781830502784268,0.00040027499198913574,0.9998973750191575,0.09781830502784268,,1.019453344863651,1.2659801342180577,132.74696397781372,1.8703266090463981,,1.8703266090463981,6.827934548837373,0.050720127768264754,0.0507197342813015,0.05087856724858284,0.05132460221648216,0.3604678793442978,0.3541799725921251,0.6405532339190431,,,,,,,,,,,,,,,,,,,,,,,,1.8377975916737722e-05,0.00012339073983571778,62
bayesfl_observability_v1,vi_lr0p0002_b128_e2,45,vi,158,12,100,,2,128,196.26698541641235,,1.870591415791499,1.870591415791499,,,0.09785833779177087,0.00040027499198913574,0.9998973348532737,0.09785833779177087,,0.9581847713458628,1.3628065184402316,196.26698541641235,1.870591415791499,,1.870591415791499,6.82939363057009,0.05073712004354675,0.050736505538225174,0.05089743435382843,0.05133878067135811,0.360394728303254,0.354116813945944,0.6406746293383871,,,,,,,,,,,,,,,,,,,,,,,,1.838057792857914e-05,0.0001249595400452723,100
bayesfl_observability_v1,vi_lr0p0002_b128_e2,45,vi,20,1,3,,2,128,5.35936963558197,,1.870491985572567,1.870491985572567,,,0.09785554410910453,0.0004002717323601246,0.9998973340191594,0.09785554410910453,,-0.0,2.311121424016332,5.35936963558197,1.870491985572567,,1.870491985572567,6.829172279834516,0.05073717883578028,0.05073688551783562,0.05089756548404693,0.051366113126277924,0.36040928978117387,0.3540345937273727,0.6406176043120748,,,,,,,,,,,,,,,,,,,,,,,,1.837960091945138e-05,0.00012507650629537214,3
bayesfl_observability_v1,vi_lr0p0002_b128_e2,45,vi,191,15,172,,2,128,188.11859488487244,,4.205803829295958,4.205803829295958,,,0.14667994293827252,0.0008020270615816116,0.9997693858120144,0.14667994293827252,,1.325943075341454,0.9746161163341331,188.11859488487244,4.205803829295958,,4.205803829295958,6.830266095436468,0.05074188023717034,0.05074172839522362,0.05090357437729835,0.05135831981897354,0.36041634025098734,0.35414426652698283,0.6402477513022942,,,,,,,,,,,,,,,,,,,,,,,,4.132655821259661e-05,0.0001263003765657612,172
bayesfl_observability_v1,vi_lr0p0002_b128_e2,45,vi,199,15,66,,2,128,141.32021045684814,,1.8747116675111104,1.8747116675111104,,,0.09796577178136628,0.00040027499198913574,0.9998970975936496,0.09796577178136628,,0.5771077249415074,1.7075923616880604,141.32021045684814,1.8747116675111104,,1.8747116675111104,6.828979030908146,0.05073709460743152,0.05073682218790054,0.050897516310214996,0.051359035074710846,0.3603847121368589,0.35370714726194485,0.6405615856080604,,,,,,,,,,,,,,,,,,,,,,,,1.8421063845053656e-05,0.0001250556690049128,66
bayesfl_observability_v1,vi_lr0p0002_b128_e2,45,vi,284,22,252,,2,128,244.4488742351532,,4.246796866442251,4.246796866442251,,,0.14739650138523586,0.0008022671099752188,0.9997671420425369,0.14739650138523586,,0.042414731858117456,2.1445043425723562,244.4488742351532,4.246796866442251,,4.246796866442251,6.830475642628851,0.05074194433225962,0.050741543993353844,0.05090409144759178,0.0513572059571743,0.36039303147933355,0.35461524549168705,0.6405969255741083,,,,,,,,,,,,,,,,,,,,,,,,4.172935900994646e-05,0.0001263458862450171,252
bayesfl_observability_v1,vi_lr0p0002_b128_e2,45,vi,41,3,4,,2,128,11.140852928161621,,1.8636674273464473,1.8636674273464473,,,0.0976764207305066,0.00040027499198913574,0.9998977063277379,0.0976764207305066,,0.5623351446188083,1.756608808640784,11.140852928161621,1.8636674273464473,,1.8636674273464473,6.829050911156915,0.05073708046414013,0.050737012177705765,0.05089734233915806,0.051342956721782684,0.36037499097791376,0.35393746243001234,0.6405912515324333,,,,,,,,,,,,,,,,,,,,,,,,1.8312542275193547e-05,0.00012510331108579205,4
bayesfl_observability_v1,vi_lr0p0002_b128_e2,45,vi,44,3,92,,2,128,201.87585926055908,,1.874012617591176,1.874012617591176,,,0.09794725242113585,0.00040027499198913574,0.9998971341138092,0.09794725242113585,,0.18749585469877714,2.1238639523778082,201.87585926055908,1.874012617591176,,1.874012617591176,6.828873806628066,0.05073715978207529,0.05073706619441509,0.05089760944247246,0.051366135478019714,0.3603679354095659,0.3544751394189586,0.6403883198412319,,,,,,,,,,,,,,,,,,,,,,,,1.8414194925726402e-05,0.00012505387321183254,92
bayesfl_observability_v1,vi_lr0p0002_b128_e2,45,vi,269,21,141,,2,128,193.01806807518005,,4.191016166094498,4.191016166094498,,,0.14642060102594323,0.0008020829409360886,0.9997701809137244,0.14642060102594323,,0.5553872255443504,1.7524876572526569,193.01806807518005,4.191016166094498,,4.191016166094498,6.829969924645152,0.05074196967331169,0.050741516053676605,0.05090426281094551,0.051352933049201965,0.36036693898895145,0.3541908576928161,0.6407752087503649,,,,,,,,,,,,,,,,,,,,,,,,4.118125347444726e-05,0.00012625629291983738,141
bayesfl_observability_v1,vi_lr0p0002_b128_e2,45,vi,133,10,110,,2,128,236.89439964294434,,1.8775310755919243,1.8775310755919243,,,0.09804017941423117,0.00040027499198913574,0.9998969559076302,0.09804017941423117,,0.8672080260993454,1.3569534273062465,236.89439964294434,1.8775310755919243,,1.8775310755919243,6.829482330152855,0.050737091900968034,0.05073709040880203,0.050897303968667984,0.05133479833602905,0.3604160137307089,0.35386087170068214,0.6402414039777213,,,,,,,,,,,,,,,,,,,,,,,,1.8448767569931457e-05,0.0001250092370196576,110
bayesfl_observability_v1,vi_lr0p0002_b128_e2,45,vi,75,6,1255,,2,128,278.0658741474152,,21.98982676714339,21.98982676714339,,,0.3351469593572364,0.0037377923727035522,0.9987988131738971,0.3351469593572364,,1.2609117925786006,1.0481333848545875,278.0658741474152,21.98982676714339,,21.98982676714339,6.839593009976962,0.05075960982423629,0.05075879581272602,0.05093538872897625,0.051411863416433334,0.3606399306192818,0.3546363836117809,0.6408015277740587,,,,,,,,,,,,,,,,,,,,,,,,0.00021607376208257237,0.00013703742385189608,1255
bayesfl_observability_v1,vi_lr0p0002_b128_e2,45,vi,256,20,63,,2,128,141.087562084198,,1.8613142911350864,1.8613142911350864,,,0.09761410410015997,0.00040027499198913574,0.9998978413418835,0.09761410410015997,,0.20651944177314374,1.98512400603107,141.087562084198,1.8613142911350864,,1.8613142911350864,6.829218603695171,0.050737184003087736,0.050737012177705765,0.05089740827679634,0.05135330557823181,0.36039343823655906,0.3541118978764188,0.6403376401375206,,,,,,,,,,,,,,,,,,,,,,,,1.828942017426635e-05,0.00012505733493248898,63
bayesfl_observability_v1,vi_lr0p0002_b128_e2,45,vi,110,8,58,,2,128,91.2375659942627,,1.864953251278653,1.864953251278653,,,0.09770874726016995,0.00040027499198913574,0.9998976281331924,0.09770874726016995,,0.08048483706800685,2.1077419116679486,91.2375659942627,1.864953251278653,,1.864953251278653,6.828512920972988,0.050737078735139815,0.05073688179254532,0.05089736469089985,0.051366060972213745,0.360362581133688,0.354040221907563,0.6405066500108186,,,,,,,,,,,,,,,,,,,,,,,,1.8325176881975563e-05,0.00012502680594017723,58
bayesfl_observability_v1,vi_lr0p0002_b128_e2,45,vi,230,18,26,,2,128,59.7530632019043,,1.8632609927465804,1.8632609927465804,,,0.0976651449410259,0.00040027499198913574,0.9998977436311823,0.0976651449410259,,0.46922034844159877,1.856478418550846,59.7530632019043,1.8632609927465804,,1.8632609927465804,6.829505710841816,0.05073717146247283,0.05073714815080166,0.050897256657481196,0.051366113126277924,0.3604140835181518,0.3540656141931029,0.6406850815543427,,,,,,,,,,,,,,,,,,,,,,,,1.8308548616945863e-05,0.00012493624448553186,26
bayesfl_observability_v1,vi_lr0p0002_b128_e2,45,vi,232,18,8,,2,128,21.460532665252686,,1.8669244687951294,1.8669244687951294,,,0.0977628143112002,0.00040027499198913574,0.9998975387697621,0.0977628143112002,,0.5623351446188083,1.7608662639259458,21.460532665252686,1.8669244687951294,,1.8669244687951294,6.829499443809418,0.05073702385964071,0.0507365595549345,0.05089692398905754,0.051365744322538376,0.3604099509265347,0.35447383717845793,0.6405643691051703,,,,,,,,,,,,,,,,,,,,,,,,1.8344546219859778e-05,0.00012507225428305137,8
bayesfl_observability_v1,vi_lr0p0002_b128_e2,45,vi,114,9,112,,2,128,280.46157455444336,,1.8742270325267276,1.8742270325267276,,,0.09795390720878915,0.00040027499198913574,0.9998971349252457,0.09795390720878915,,0.17604524709725128,2.1334990783975436,280.46157455444336,1.8742270325267276,,1.8742270325267276,6.8294152682401545,0.050737047387025114,0.05073695257306099,0.05089757218956947,0.05136438459157944,0.36041414447193876,0.3542827779681676,0.640417312326296,,,,,,,,,,,,,,,,,,,,,,,,1.841630178369586e-05,0.00012505384336077214,112
bayesfl_observability_v1,vi_lr0p0002_b128_e2,46,vi,150,12,12,,2,128,23.712669372558594,,1.859753945955355,1.859753945955355,,,0.09760900588390721,0.00040027499198913574,0.999897961185358,0.09760900588390721,,-0.0,2.185987945410232,23.712669372558594,1.859753945955355,,1.859753945955355,6.832871650332589,0.050756369356805046,0.05075623840093613,0.050920840352773666,0.05140393227338791,0.3604007911226049,0.3541140130430467,0.6403471703174806,,,,,,,,,,,,,,,,,,,,,,,,1.8274088100180358e-05,0.000128542502113862,12
bayesfl_observability_v1,vi_lr0p0002_b128_e2,46,vi,157,12,1161,,2,128,243.85912799835205,,21.83480600999682,21.83480600999682,,,0.33405103784831913,0.0035876818001270294,0.998808002190393,0.33405103784831913,,0.7423673181497622,1.5962776212694494,243.85912799835205,21.83480600999682,,21.83480600999682,6.84339329865083,0.05077892533206332,0.05077869072556496,0.05095999836921692,0.05142791569232941,0.36063782926226906,0.3541230037817492,0.6417849380636902,,,,,,,,,,,,,,,,,,,,,,,,0.0002145505159673462,0.0001405680033549546,1161
bayesfl_observability_v1,vi_lr0p0002_b128_e2,46,vi,183,14,18,,2,128,42.87001371383667,,1.8669430583719824,1.8669430583719824,,,0.09780015256002175,0.00040027499198913574,0.9998975609631724,0.09780015256002175,,1.3727655308924485,0.9483462981176023,42.87001371383667,1.8669430583719824,,1.8669430583719824,6.8328659517787695,0.05075634751815546,0.05075592175126076,0.05092088021337986,0.05136406049132347,0.360406005987824,0.35394885288918254,0.6403368731937061,,,,,,,,,,,,,,,,,,,,,,,,1.8344728882499583e-05,0.00012849076580654265,18
bayesfl_observability_v1,vi_lr0p0002_b128_e2,46,vi,292,23,70,,2,128,118.89251708984375,,1.8715069334708663,1.8715069334708663,,,0.09791943775106973,0.00040027499198913574,0.9998973180531009,0.09791943775106973,,0.30463609734923813,1.9998591779099486,118.89251708984375,1.8715069334708663,,1.8715069334708663,6.833089746506932,0.050756315736674225,0.05075588822364807,0.05092075951397419,0.05140409618616104,0.36041644636405556,0.35424163778242823,0.6398122051470579,,,,,,,,,,,,,,,,,,,,,,,,1.838957387708427e-05,0.0001285117660005516,70
bayesfl_observability_v1,vi_lr0p0002_b128_e2,46,vi,296,23,107,,2,128,288.9340844154358,,1.869994848726305,1.869994848726305,,,0.09787948054988266,0.00040027499198913574,0.9998973959021472,0.09787948054988266,,-0.0,2.185987945410232,288.9340844154358,1.869994848726305,,1.869994848726305,6.832905906692934,0.050756266285852294,0.05075603350996971,0.05092073380947113,0.051404062658548355,0.36040088261986514,0.3541508181604836,0.6404980558053737,,,,,,,,,,,,,,,,,,,,,,,,1.8374716013818464e-05,0.0001285466306022853,107
bayesfl_observability_v1,vi_lr0p0002_b128_e2,46,vi,298,23,16,,2,128,35.092162132263184,,1.8661132014362383,1.8661132014362383,,,0.09777734571943789,0.00040027499198913574,0.9998976197930676,0.09777734571943789,,-0.0,2.185987945410232,35.092162132263184,1.8661132014362383,,1.8661132014362383,6.833200485854262,0.05075635954022402,0.05075576528906822,0.05092080309987068,0.05137579143047333,0.3604201804753586,0.3541269265615783,0.6400330543272605,,,,,,,,,,,,,,,,,,,,,,,,1.833657464317813e-05,0.0001285104505171745,16
bayesfl_observability_v1,vi_lr0p0002_b128_e2,46,vi,263,21,214,,2,128,256.9737801551819,,4.238814904738696,4.238814904738696,,,0.1473156281859209,0.000802263617515564,0.9997675853994148,0.1473156281859209,,0.7768433258123565,1.5365177254738465,256.9737801551819,4.238814904738696,,4.238814904738696,6.833197708295007,0.050761041899732504,0.050760820508003235,0.05092690363526344,0.051418889313936234,0.36035671481569415,0.35435909905459967,0.6404802976674863,,,,,,,,,,,,,,,,,,,,,,,,4.16509276283649e-05,0.0001297547418962246,214
bayesfl_observability_v1,vi_lr0p0002_b128_e2,46,vi,141,11,30,,2,128,51.766329765319824,,1.8703637539211047,1.8703637539211047,,,0.09789001129372564,0.00040027499198913574,0.999897365120707,0.09789001129372564,,1.5190465305721117,0.7674065092926465,51.766329765319824,1.8703637539211047,,1.8703637539211047,6.832582374003792,0.0507562848083456,0.05075608007609844,0.050920595228672025,0.05137314274907112,0.3603916025755789,0.35430847109707664,0.6404518365840187,,,,,,,,,,,,,,,,,,,,,,,,1.83783409051892e-05,0.00012857903587489792,30
bayesfl_observability_v1,vi_lr0p0002_b128_e2,46,vi,122,9,9,,2,128,18.233386993408203,,1.869639399233623,1.869639399233623,,,0.09787059162910228,0.00040027499198913574,0.9998974139010969,0.09787059162910228,,0.9649629230074277,1.3560707552711873,18.233386993408203,1.869639399233623,,1.869639399233623,6.832884755820436,0.0507562990191732,0.05075586214661598,0.05092090368270874,0.05140407755970955,0.36041232509097154,0.35409510713033787,0.6399312608673001,,,,,,,,,,,,,,,,,,,,,,,,1.8371223339231827e-05,0.00012853176784534482,9
bayesfl_observability_v1,vi_lr0p0002_b128_e2,46,vi,286,22,12,,2,128,20.382283210754395,,1.865076378256119,1.865076378256119,,,0.09774955809688102,0.00040027499198913574,0.999897679035754,0.09774955809688102,,-0.0,2.185987945410232,20.382283210754395,1.865076378256119,,1.865076378256119,6.833229009732765,0.050756314934805216,0.050756026059389114,0.05092099532485008,0.05136844515800476,0.36042011694835185,0.3545656761569099,0.6408117286590267,,,,,,,,,,,,,,,,,,,,,,,,1.832638673731079e-05,0.00012856207880121567,12
bayesfl_observability_v1,vi_lr0p0002_b128_e2,46,vi,47,3,19,,2,128,43.1823992729187,,1.8659826221442883,1.8659826221442883,,,0.09777381263409625,0.00040027499198913574,0.9998976262214729,0.09777381263409625,,0.6680178186607534,1.6176422038869243,43.1823992729187,1.8659826221442883,,1.8659826221442883,6.833173766373797,0.050756337571480285,0.05075589939951897,0.050921063870191574,0.05137382447719574,0.360413736853581,0.35448688135719464,0.6403697144123948,,,,,,,,,,,,,,,,,,,,,,,,1.8335291560816434e-05,0.00012850424564662358,19
bayesfl_observability_v1,vi_lr0p0002_b128_e2,46,vi,27,2,611,,2,128,232.49861164093016,,11.595346172273029,11.595346172273029,,,0.24353813212729744,0.0019943658262491226,0.9993652191842609,0.24353813212729744,,0.08162587036147914,2.2275297802473157,232.49861164093016,11.595346172273029,,11.595346172273029,6.83609877483945,0.050770399830463046,0.050769656896591187,0.050942230969667435,0.05139273777604103,0.3603935112289558,0.3539527663912978,0.6408390188078398,,,,,,,,,,,,,,,,,,,,,,,,0.0001139367807042648,0.00013380585036946058,611
bayesfl_observability_v1,vi_lr0p0002_b128_e2,46,vi,97,7,4,,2,128,8.84306287765503,,1.8673829863081903,1.8673829863081903,,,0.09781195390025024,0.00040027499198913574,0.9998975303868951,0.09781195390025024,,0.6931471805599453,1.5580197962672118,8.84306287765503,1.8673829863081903,,1.8673829863081903,6.832650608727924,0.05075623425867833,0.05075608566403389,0.050920531153678894,0.051404014229774475,0.3603813952091305,0.35421739854322576,0.6402952950176328,,,,,,,,,,,,,,,,,,,,,,,,1.8349051648896436e-05,0.0001285550305765179,4
bayesfl_observability_v1,vi_lr0p0002_b128_e2,46,vi,77,6,103,,2,128,171.87007808685303,,1.866067688203751,1.866067688203751,,,0.09777626119719288,0.00040027499198913574,0.9998976099817487,0.09777626119719288,,0.560246206790157,1.7468416333340404,171.87007808685303,1.866067688203751,,1.866067688203751,6.8328306510857555,0.050756276979086336,0.050756026059389114,0.050920356065034866,0.05140400305390358,0.3603908577645898,0.35434786812402785,0.6404184449945324,,,,,,,,,,,,,,,,,,,,,,,,1.8336127426586923e-05,0.00012850586740815984,103
bayesfl_observability_v1,vi_lr0p0002_b128_e2,46,vi,83,6,165,,2,128,166.18006086349487,,4.213941956000842,4.213941956000842,,,0.14687574937165668,0.0008023055270314217,0.9997690070748788,0.14687574937165668,,0.7163703465940834,1.5113752911057265,166.18006086349487,4.213941956000842,,4.213941956000842,6.8337775651903305,0.05076108560873159,0.050760820508003235,0.05092749372124672,0.05142027512192726,0.360414177881057,0.35417757146141887,0.6401272453987001,,,,,,,,,,,,,,,,,,,,,,,,4.1406524083726466e-05,0.00012977854163861665,165
bayesfl_observability_v1,vi_lr0p0002_b128_e2,47,vi,274,21,41,,2,128,99.1705207824707,,1.863236895136077,1.863236895136077,,,0.09774133652325181,0.00040027499198913574,0.9998977841980733,0.09774133652325181,,0.5699626470748532,1.739856822479874,99.1705207824707,1.863236895136077,,1.863236895136077,6.836207907968959,0.05077727938145384,0.05077708885073662,0.05094597637653351,0.051415279507637024,0.3603773903229949,0.35407946250925,0.6405834951890813,,,,,,,,,,,,,,,,,,,,,,,,1.8308311831935512e-05,0.00013171777739694302,41
bayesfl_observability_v1,vi_lr0p0002_b128_e2,47,vi,218,17,3,,2,128,8.446287155151367,,1.8672344994649195,1.8672344994649195,,,0.09784630330058777,0.00040027499198913574,0.9998975657856134,0.09784630330058777,,-0.0,2.3292713582565514,8.446287155151367,1.8672344994649195,,1.8672344994649195,6.836247719505112,0.05077734531235681,0.05077705904841423,0.05094660557806492,0.05141516029834747,0.36038058950465574,0.3543414152352773,0.6405708021956923,,,,,,,,,,,,,,,,,,,,,,,,1.8347592605531293e-05,0.00013171521598386574,3
bayesfl_observability_v1,vi_lr0p0002_b128_e2,47,vi,222,17,625,,2,128,232.30509014129638,,11.361835464704415,11.361835464704415,,,0.2411515872432582,0.0019436702132225037,0.9993784039449635,0.2411515872432582,,0.2960944988460536,2.006520240843815,232.30509014129638,11.361835464704415,,11.361835464704415,6.840474798206438,0.05079137025379216,0.05079154297709465,0.05096658319234848,0.05144341662526131,0.36041809126082097,0.3542029536922404,0.6408783923847359,,,,,,,,,,,,,,,,,,,,,,,,0.00011164228618162931,0.0001367639876386403,625
bayesfl_observability_v1,vi_lr0p0002_b128_e2,47,vi,223,17,110,,2,128,250.06951236724854,,1.8696762473037227,1.8696762473037227,,,0.09791151904598444,0.00040027499198913574,0.9998974128088333,0.09791151904598444,,0.8399031444716331,1.4694341093795324,250.06951236724854,1.8696762473037227,,1.8696762473037227,6.835598464855813,0.050777353863686196,0.05077731981873512,0.05094589293003082,0.05141356214880943,0.3603220672087629,0.35442061776168743,0.6404842090069185,,,,,,,,,,,,,,,,,,,,,,,,1.837158541125796e-05,0.00013169478497231384,110
bayesfl_observability_v1,vi_lr0p0002_b128_e2,47,vi,45,3,2,,2,128,4.153031945228577,,1.8676353314154255,1.8676353314154255,,,0.09785879230088915,0.00040027499198913574,0.9998975292964493,0.09785879230088915,,0.6931471805599453,1.619408415869196,4.153031945228577,1.8676353314154255,,1.8676353314154255,6.835881611142726,0.05077724481136752,0.05077693238854408,0.05094611905515194,0.0514068603515625,0.3603621589220069,0.35404128056519435,0.6405970603042057,,,,,,,,,,,,,,,,,,,,,,,,1.835153121170704e-05,0.0001316588174784836,2
bayesfl_observability_v1,vi_lr0p0002_b128_e2,47,vi,179,14,2,,2,128,4.893842577934265,,1.8691669035571858,1.8691669035571858,,,0.09789730107156365,0.00040027499198913574,0.9998974560269935,0.09789730107156365,,0.6931471805599453,1.6644456624201702,4.893842577934265,1.8691669035571858,,1.8691669035571858,6.836153156781634,0.05077735266058984,0.050777189433574677,0.0509461659938097,0.05137935280799866,0.36038001951563137,0.3543265653714176,0.6405592747245578,,,,,,,,,,,,,,,,,,,,,,,,1.8366580559665775e-05,0.00013174089617794528,2
bayesfl_observability_v1,vi_lr0p0002_b128_e2,47,vi,287,23,262,,2,128,205.3563019434611,,6.6629129494141734,6.6629129494141734,,,0.1847232962806291,0.0011997837573289871,0.9996350554443456,0.1847232962806291,,-0.0,2.3163460082440825,205.3563019434611,6.6629129494141734,,6.6629129494141734,6.838057807144529,0.050785941962096716,0.05078554525971413,0.05095776170492172,0.051385488361120224,0.3603612556604265,0.3543968573602596,0.6409226517890034,,,,,,,,,,,,,,,,,,,,,,,,6.547030509397831e-05,0.00013425673218037812,262
bayesfl_observability_v1,vi_lr0p0002_b128_e2,47,vi,288,23,1,,2,128,1.294203519821167,,1.8677385197788874,1.8677385197788874,,,0.09786029090159631,0.00040027499198913574,0.9998975198898096,0.09786029090159631,,-0.0,2.185987945410232,1.294203519821167,1.8677385197788874,,1.8677385197788874,6.835585207739668,0.050777344369155916,0.050777532160282135,0.05094647407531738,0.05138175189495087,0.36034010073159417,0.3544713511897313,0.6405670747189081,,,,,,,,,,,,,,,,,,,,,,,,1.8352545148657634e-05,0.00013158762860874165,1
bayesfl_observability_v1,vi_lr0p0002_b128_e2,47,vi,294,23,791,,2,128,222.1242117881775,,15.975680812119645,15.975680812119645,,,0.28592224151772294,0.002682594582438469,0.9991269693384989,0.28592224151772294,,0.5393589008331952,1.7469958446632359,222.1242117881775,15.975680812119645,,15.975680812119645,6.843808602329884,0.05079552968759908,0.050795428454875946,0.05097504779696464,0.051457587629556656,0.3605492940884768,0.3539899044806721,0.6406965154894372,,,,,,,,,,,,,,,,,,,,,,,,0.00015697829234666055,0.00013971534329568092,791
bayesfl_observability_v1,vi_lr0p0002_b128_e2,47,vi,172,13,289,,2,128,202.76853942871094,,6.641203331250988,6.641203331250988,,,0.18442447148922492,0.0011971890926361084,0.9996363635956006,0.18442447148922492,,1.2787090971089894,1.0140274784545764,202.76853942871094,6.641203331250988,,6.641203331250988,6.839121698184355,0.05078565226877861,0.050785817205905914,0.050957854837179184,0.05141649767756462,0.3604238410612373,0.3540350868187938,0.6408149645965651,,,,,,,,,,,,,,,,,,,,,,,,6.525698468360999e-05,0.00013424261533112903,289
bayesfl_observability_v1,vi_lr0p0002_b128_e2,47,vi,207,16,38,,2,128,71.60279083251953,,1.86747244545714,1.86747244545714,,,0.09785370113251189,0.00040027499198913574,0.999897549254664,0.09785370113251189,,0.8004620558661684,1.5780966386200626,71.60279083251953,1.86747244545714,,1.86747244545714,6.836215016074491,0.0507772635762957,0.05077701434493065,0.050945643335580826,0.05137813463807106,0.3603738794402565,0.3540967803303591,0.640680088079925,,,,,,,,,,,,,,,,,,,,,,,,1.8349930681508697e-05,0.00013163633607352139,38
bayesfl_observability_v1,vi_lr0p0002_b128_e2,47,vi,209,16,35,,2,128,89.47872257232666,,1.8589930661535226,1.8589930661535226,,,0.09762882589776833,0.00040027499198913574,0.9998980049985581,0.09762882589776833,,0.38937723629048177,1.9497352935038788,89.47872257232666,1.8589930661535226,,1.8589930661535226,6.835633884722029,0.050777374506523816,0.050777092576026917,0.050946082919836044,0.051415104418992996,0.3603523302398546,0.3539014421226653,0.6405549088957425,,,,,,,,,,,,,,,,,,,,,,,,1.8266611635585364e-05,0.0001316708759959569,35
bayesfl_observability_v1,vi_lr0p0002_b128_e2,47,vi,194,15,424,,2,128,257.2452391386032,,8.998053690726083,8.998053690726083,,,0.2146328681715764,0.001597398892045021,0.9995075480175406,0.2146328681715764,,1.287255851511245,1.0138774988279884,257.2452391386032,8.998053690726083,,8.998053690726083,6.839865328065967,0.050788689504145196,0.050788139924407005,0.050962891429662704,0.05142593011260033,0.3604186867114042,0.353922731355816,0.6407576327867262,,,,,,,,,,,,,,,,,,,,,,,,8.841558112141184e-05,0.0001357399162228468,424
bayesfl_observability_v1,vi_lr0p0002_b128_e2,47,vi,112,9,53,,2,128,100.16769027709961,,1.8632780424319013,1.8632780424319013,,,0.09774281122574285,0.00040027499198913574,0.9998977823893349,0.09774281122574285,,0.7684671875616165,1.5586349016673413,100.16769027709961,1.8632780424319013,,1.8632780424319013,6.836248166267808,0.050777354918166276,0.05077708885073662,0.05094606280326843,0.05141128972172737,0.36037690407252765,0.35438957789735137,0.640742329651768,,,,,,,,,,,,,,,,,,,,,,,,1.8308716148490727e-05,0.00013170412272702587,53
bayesfl_observability_v1,vi_lr0p0002_b128_e2,47,vi,85,6,91,,2,128,197.65267086029053,,1.8664956399789168,1.8664956399789168,,,0.09782802639933268,0.00040027499198913574,0.9998975939853869,0.09782802639933268,,0.7052992177089794,1.615535625363525,197.65267086029053,1.8664956399789168,,1.8664956399789168,6.8358925058253925,0.050777288211859714,0.05077705904841423,0.05094604566693306,0.05141526833176613,0.3603426027819838,0.3545296279386091,0.6406144145437945,,,,,,,,,,,,,,,,,,,,,,,,1.8340332514286302e-05,0.00013167050130231367,91
bayesfl_observability_v1,vi_lr0p0002_b128_e2,48,vi,146,11,17,,2,128,34.167715072631836,,1.866273142908169,1.866273142908169,,,0.09785672889506207,0.00040027499198913574,0.9998975981860913,0.09785672889506207,,1.1169258998260736,1.1648958944353667,34.167715072631836,1.866273142908169,,1.866273142908169,6.83806065387635,0.05079574045073872,0.05079594999551773,0.05096607655286789,0.051437556743621826,0.36030343729472086,0.35418097432689394,0.6402651045244402,,,,,,,,,,,,,,,,,,,,,,,,1.833814624062267e-05,0.0001330686401788581,17
bayesfl_observability_v1,vi_lr0p0002_b128_e2,48,vi,170,13,19,,2,128,51.69748401641846,,1.8634537299314506,1.8634537299314506,,,0.09778311464510436,0.0004002717323601246,0.9998977517782589,0.09778311464510436,,0.5010469137590966,1.8905307785475154,51.69748401641846,1.8634537299314506,,1.8634537299314506,6.838045976956845,0.050795737779049985,0.05079568549990654,0.05096570774912834,0.051445700228214264,0.3603090029582925,0.35403342054058895,0.6406191330858869,,,,,,,,,,,,,,,,,,,,,,,,1.8310442467637327e-05,0.00013292477148559977,19
bayesfl_observability_v1,vi_lr0p0002_b128_e2,48,vi,200,16,671,,2,128,248.8509034315745,,13.521626864259778,13.521626864259778,,,0.2631437903074625,0.0023286696523427963,0.9992603342829024,0.2631437903074625,,1.3048913590493298,1.0288700487966953,248.8509034315745,13.521626864259778,,13.521626864259778,6.842898765226901,0.05081203197849,0.050811443477869034,0.05099140852689743,0.05149485170841217,0.36035626007268023,0.3543562250156954,0.6408796500189357,,,,,,,,,,,,,,,,,,,,,,,,0.00013286456582745188,0.00013953447990602095,671
bayesfl_observability_v1,vi_lr0p0002_b128_e2,48,vi,47,3,19,,2,128,50.21070194244385,,1.8638366639444452,1.8638366639444452,,,0.09779261207770419,0.0004002717323601246,0.9998977219361381,0.09779261207770419,,0.6680178186607534,1.6176422038869243,50.21070194244385,1.8638366639444452,,1.8638366639444452,6.837635667673972,0.05079585488992162,0.050795868039131165,0.05096638649702072,0.05144570767879486,0.36028030126580374,0.3540909947175192,0.6399896128713762,,,,,,,,,,,,,,,,,,,,,,,,1.8314205207275673e-05,0.00013297788597651424,19
bayesfl_observability_v1,vi_lr0p0002_b128_e2,48,vi,194,15,424,,2,128,263.42747724056244,,8.953814339094498,8.953814339094498,,,0.21417659076144968,0.0015977341681718826,0.9995097683727312,0.21417659076144968,,1.287255851511245,1.0138774988279884,263.42747724056244,8.953814339094498,,8.953814339094498,6.840841669599489,0.05080740149074797,0.0508074015378952,0.0509837307035923,0.051442697644233704,0.36030200364423226,0.35425485379619476,0.6404839788491742,,,,,,,,,,,,,,,,,,,,,,,,8.798088178337916e-05,0.00013699793647522384,424
bayesfl_observability_v1,vi_lr0p0002_b128_e2,48,vi,186,14,2,,2,128,4.9236085414886475,,1.8612628861160765,1.8612628861160765,,,0.09772467345161963,0.00040027499198913574,0.9998978877440046,0.09772467345161963,,-0.0,2.28098669344155,4.9236085414886475,1.8612628861160765,,1.8612628861160765,6.8384618420539445,0.05079570726692015,0.05079571716487408,0.05096614733338356,0.051438022404909134,0.36033174833703835,0.3539382923982582,0.6403078225715843,,,,,,,,,,,,,,,,,,,,,,,,1.8288915064518782e-05,0.0001329862729569313,2
bayesfl_observability_v1,vi_lr0p0002_b128_e2,48,vi,104,8,14,,2,128,31.709765434265137,,1.8586719521512625,1.8586719521512625,,,0.09765581441700687,0.00040027499198913574,0.9998980172475082,0.09765581441700687,,1.3095258353040693,0.9903230688691502,31.709765434265137,1.8586719521512625,,1.8586719521512625,6.83802504360328,0.05079583332086782,0.05079588480293751,0.05096645653247833,0.05144476518034935,0.36031404604341266,0.35409231282190345,0.6405019494001831,,,,,,,,,,,,,,,,,,,,,,,,1.826345634421993e-05,0.00013301843305175612,14
bayesfl_observability_v1,vi_lr0p0002_b128_e2,48,vi,106,8,699,,2,128,263.52922050158185,,13.6353227198992,13.6353227198992,,,0.26425601478439736,0.0023190267384052277,0.9992541426353894,0.26425601478439736,,0.8165958843333622,1.4987922765808088,263.52922050158185,13.6353227198992,,13.6353227198992,6.843233330703565,0.050812125611906435,0.05081203021109104,0.05099112540483475,0.05145353078842163,0.3603679579681675,0.35443179958292315,0.6404614696829364,,,,,,,,,,,,,,,,,,,,,,,,0.0001339817502200963,0.0001396682485144625,699
bayesfl_observability_v1,vi_lr0p0002_b128_e2,48,vi,109,8,28,,2,128,66.6767463684082,,1.8625768360982196,1.8625768360982196,,,0.09775948941332847,0.0004002717323601246,0.9998978010057354,0.09775948941332847,,0.8583093118876355,1.4436829998723784,66.6767463684082,1.8625768360982196,,1.8625768360982196,6.838039802222265,0.050795680860333293,0.0507955476641655,0.05096626281738281,0.05144568905234337,0.36031002225033,0.3540180478035446,0.6405407789433843,,,,,,,,,,,,,,,,,,,,,,,,1.8301826040072904e-05,0.00013296810685403868,28
bayesfl_observability_v1,vi_lr0p0002_b128_e2,48,vi,220,17,369,,2,128,294.0260208447774,,6.699940606280075,6.699940606280075,,,0.1853088689245067,0.0012054108083248138,0.9996329440339555,0.1853088689245067,,0.4951145579587969,1.8291712766140646,294.0260208447774,6.699940606280075,,6.699940606280075,6.83998093896959,0.0508043181681558,0.050804249942302704,0.050978342071175575,0.05147774890065193,0.3603068034351612,0.35408426984831076,0.6409340308807557,,,,,,,,,,,,,,,,,,,,,,,,6.583414175375921e-05,0.00013548568823314197,369
bayesfl_observability_v1,vi_lr0p0002_b128_e2,48,vi,123,9,342,,2,128,239.2367491722107,,6.610212335798882,6.610212335798882,,,0.1840582347912014,0.0012047179043293,0.9996379035794936,0.1840582347912014,,1.498568731965637,0.7759416568633053,239.2367491722107,6.610212335798882,,6.610212335798882,6.840170326115015,0.0508042183201264,0.05080403760075569,0.05097799748182297,0.05139227211475372,0.36032069845009296,0.3540672391812484,0.6407473333572721,,,,,,,,,,,,,,,,,,,,,,,,6.495246473222838e-05,0.00013552066622485976,342
bayesfl_observability_v1,vi_lr0p0002_b128_e2,48,vi,150,12,12,,2,128,36.06107234954834,,1.8659162602608061,1.8659162602608061,,,0.09784800019138673,0.00040027499198913574,0.9998976224885595,0.09784800019138673,,-0.0,2.185987945410232,36.06107234954834,1.8659162602608061,,1.8659162602608061,6.8382546236538,0.05079572183351169,0.05079598352313042,0.050966405868530275,0.05144370719790459,0.36031863648329776,0.35391915328477963,0.6403276439409483,,,,,,,,,,,,,,,,,,,,,,,,1.833463948374576e-05,0.00013296880536141722,12
bayesfl_observability_v1,vi_lr0p0002_b128_e2,48,vi,21,1,161,,2,128,177.78474259376526,,4.205055131250087,4.205055131250087,,,0.14683473384843362,0.0008022412657737732,0.9997695452105765,0.14683473384843362,,1.0524636786770594,1.2525934745728768,177.78474259376526,4.205055131250087,,4.205055131250087,6.8397467994308006,0.05080051344904565,0.05080078914761543,0.05097275972366333,0.051464881747961044,0.36035782701305413,0.35403962991085103,0.6408083744109476,,,,,,,,,,,,,,,,,,,,,,,,4.13192014468909e-05,0.00013420779857347705,161
bayesfl_observability_v1,vi_lr0p0002_b128_e2,48,vi,130,10,1094,,2,128,271.2539588080512,,20.128077166314924,20.128077166314924,,,0.3210186391163668,0.0034801941365003586,0.9989001750428348,0.3210186391163668,,0.6052736126066325,1.7019556514146783,271.2539588080512,20.128077166314924,,20.128077166314924,6.846487502452979,0.05081718748123686,0.050816796720027924,0.051000982895493506,0.05144732818007469,0.3604685268359599,0.3540873091519545,0.6409040281061629,,,,,,,,,,,,,,,,,,,,,,,,0.0001977800645211253,0.00014347112046854106,1094
bayesfl_observability_v1,vi_lr0p0002_b128_e2,48,vi,132,10,381,,2,128,290.38941717147827,,6.636907317981292,6.636907317981292,,,0.18442711477549398,0.001202862709760666,0.9996364599519783,0.18442711477549398,,0.9889320457164062,1.276983504145674,290.38941717147827,6.636907317981292,,6.636907317981292,6.840254635269736,0.05080423098267255,0.05080428719520569,0.05097797140479088,0.05148467794060707,0.3603304190105864,0.35421066745193486,0.6408731746366367,,,,,,,,,,,,,,,,,,,,,,,,6.52147717203625e-05,0.00013541631213343983,381
bayesfl_observability_v1,vi_lr0p0002_b128_e2,49,vi,145,11,20,,2,128,40.18573474884033,,1.8679259299171234,1.8679259299171234,,,0.09794178020792843,0.00040027499198913574,0.9998974590506812,0.09794178020792843,,0.9075352941050092,1.3905696415166529,40.18573474884033,1.8679259299171234,,1.8679259299171234,6.839323989857783,0.050816670568198496,0.05081676505506039,0.050989029183983806,0.05141744390130043,0.36019663474672187,0.3542291824034901,0.6400259868862712,,,,,,,,,,,,,,,,,,,,,,,,1.8354386655371163e-05,0.00013434921946143782,20
bayesfl_observability_v1,vi_lr0p0002_b128_e2,49,vi,203,16,396,,2,128,236.64265525341034,,8.915140508039233,8.915140508039233,,,0.21379738911496937,0.0015754085034132004,0.9995115923230627,0.21379738911496937,,1.5571176369237727,0.7668056340182599,236.64265525341034,8.915140508039233,,8.915140508039233,6.841409359890317,0.050828294788671284,0.05082820728421211,0.05100514851510525,0.05143212154507637,0.360144279664829,0.35382886849103345,0.6408439147983466,,,,,,,,,,,,,,,,,,,,,,,,8.760086968693361e-05,0.00013825088758654408,396
bayesfl_observability_v1,vi_lr0p0002_b128_e2,49,vi,274,21,41,,2,128,91.0993824005127,,1.8631697262027127,1.8631697262027127,,,0.0978156753811134,0.00040027499198913574,0.9998977359509641,0.0978156753811134,,0.5699626470748532,1.739856822479874,91.0993824005127,1.8631697262027127,,1.8631697262027127,6.839787037304601,0.05081671803865362,0.05081652104854584,0.05098896957933903,0.05145655572414398,0.36022472757383667,0.35408636367603785,0.6405949598801987,,,,,,,,,,,,,,,,,,,,,,,,1.8307651824729418e-05,0.00013445234787572583,41
bayesfl_observability_v1,vi_lr0p0002_b128_e2,49,vi,88,7,205,,2,128,225.0114390850067,,4.231976501952026,4.231976501952026,,,0.1473687005504059,0.0008020419627428055,0.9997679142524606,0.1473687005504059,,0.7902076087663292,1.5291533326690006,225.0114390850067,4.231976501952026,,4.231976501952026,6.840553033569416,0.050821466468822935,0.05082183703780174,0.05099484696984291,0.05147412791848183,0.36021596356674723,0.35426920700658415,0.6403095875870606,,,,,,,,,,,,,,,,,,,,,,,,4.158373294636952e-05,0.00013550275105389192,205
bayesfl_observability_v1,vi_lr0p0002_b128_e2,49,vi,241,19,2,,2,128,3.169821262359619,,1.8671046544839514,1.8671046544839514,,,0.09791939095698005,0.00040027499198913574,0.9998975205891054,0.09791939095698005,,0.6931471805599453,1.6493782971327793,3.169821262359619,1.8671046544839514,,1.8671046544839514,6.839835661575469,0.05081673750189528,0.05081687867641449,0.05098864957690239,0.051418352872133255,0.3602303821253808,0.3541137185610789,0.6400435516658786,,,,,,,,,,,,,,,,,,,,,,,,1.834631673856688e-05,0.00013441940600979378,2
bayesfl_observability_v1,vi_lr0p0002_b128_e2,49,vi,28,2,974,,2,128,256.9036577343941,,18.03498796724178,18.03498796724178,,,0.3040080126355907,0.003031529486179352,0.9990143789202717,0.3040080126355907,,0.5737132467087467,1.7750512712888695,256.9036577343941,18.03498796724178,,18.03498796724178,6.848605033478309,0.05083652700669899,0.05083594098687172,0.05102032907307148,0.05143003165721893,0.3604592693156689,0.35375296172578163,0.6412346753241217,,,,,,,,,,,,,,,,,,,,,,,,0.00017721320592750103,0.0001433558334123892,974
bayesfl_observability_v1,vi_lr0p0002_b128_e2,49,vi,275,22,84,,2,128,172.4326696395874,,1.863316414743639,1.863316414743639,,,0.09782107572877935,0.00040027499198913574,0.9998977344144239,0.09782107572877935,,1.0439788738046754,1.2487548086232239,172.4326696395874,1.863316414743639,,1.863316414743639,6.840058412177921,0.05081665873706159,0.05081649124622345,0.05098900571465492,0.05145656690001488,0.3602273072485762,0.3542072987288785,0.6405306559145234,,,,,,,,,,,,,,,,,,,,,,,,1.8309093197834714e-05,0.00013437244604262016,84
bayesfl_observability_v1,vi_lr0p0002_b128_e2,49,vi,280,22,64,,2,128,138.96840476989746,,1.856376895450367,1.856376895450367,,,0.09763586439084661,0.00040027499198913574,0.9998981222264655,0.09763586439084661,,0.2899701528409824,2.0294816997969796,138.96840476989746,1.856376895450367,,1.856376895450367,6.84008083449465,0.05081673478723228,0.050816845148801804,0.05098889097571373,0.05145643651485443,0.3602307772321022,0.35426801488044524,0.6403198924011608,,,,,,,,,,,,,,,,,,,,,,,,1.8240904937116705e-05,0.00013428999803633584,64
bayesfl_observability_v1,vi_lr0p0002_b128_e2,49,vi,132,10,381,,2,128,244.07072019577026,,6.599396112363461,6.599396112363461,,,0.18397851703996854,0.0012027919292449951,0.9996382971348178,0.18397851703996854,,0.9889320457164062,1.276983504145674,244.07072019577026,6.599396112363461,,6.599396112363461,6.8409083361209895,0.05082521200581976,0.05082520470023155,0.0510011650621891,0.051471710205078125,0.3601712975973883,0.35416220788914665,0.6402408535183912,,,,,,,,,,,,,,,,,,,,,,,,6.484618367262908e-05,0.00013667804994527062,381
bayesfl_observability_v1,vi_lr0p0002_b128_e2,49,vi,159,12,768,,2,128,293.49440145492554,,13.575248667806807,13.575248667806807,,,0.26377542966614825,0.0023318585008382797,0.9992571274711438,0.26377542966614825,,0.779620627031505,1.5226258572565863,293.49440145492554,13.575248667806807,,13.575248667806807,6.8445064920249585,0.05083301208969698,0.050833143293857574,0.05101379379630089,0.051428306847810745,0.36025506098804805,0.35427538094950584,0.6403161000439813,,,,,,,,,,,,,,,,,,,,,,,,0.0001333914578737035,0.0001407948198183686,768
bayesfl_observability_v1,vi_lr0p0002_b128_e2,49,vi,115,9,475,,2,128,273.21808218955994,,9.046036425273325,9.046036425273325,,,0.21537270171642847,0.001592232845723629,0.9995046875033937,0.21537270171642847,,0.6676113069747761,1.6615326749486288,273.21808218955994,9.046036425273325,,9.046036425273325,6.84356852301259,0.05082820018998114,0.050827756524086,0.051004525274038315,0.05147184059023857,0.36028938557933987,0.3543735372725708,0.6405999462110505,,,,,,,,,,,,,,,,,,,,,,,,8.88870632335003e-05,0.00013807604464763777,475
bayesfl_observability_v1,vi_lr0p0002_b128_e2,49,vi,55,4,63,,2,128,125.60608315467834,,1.8703649382389436,1.8703649382389436,,,0.0980049513649183,0.00040027499198913574,0.9998973375133843,0.0980049513649183,,1.1559825345480084,1.158099049240569,125.60608315467834,1.8703649382389436,,1.8703649382389436,6.839717281204531,0.05081670712714399,0.050816528499126434,0.050989288836717606,0.05145644769072533,0.36021895290337635,0.35437149381963184,0.640334265544148,,,,,,,,,,,,,,,,,,,,,,,,1.8378352542389147e-05,0.00013441154883788258,63
bayesfl_observability_v1,vi_lr0p0002_b128_e2,49,vi,289,23,111,,2,128,261.2642650604248,,1.871274195027694,1.871274195027694,,,0.09802949805007558,0.00040027499198913574,0.9998972816154936,0.09802949805007558,,0.21838083332586875,1.975025863627753,261.2642650604248,1.871274195027694,,1.871274195027694,6.839568748628295,0.050816711158085996,0.05081680417060852,0.05098933465778828,0.0514565072953701,0.36020964034544817,0.35417224772721934,0.6403847229888989,,,,,,,,,,,,,,,,,,,,,,,,1.838728697089215e-05,0.00013438173709429368,111
bayesfl_observability_v1,vi_lr0p0002_b128_e2,49,vi,292,23,70,,2,128,112.13486862182617,,1.8627204656049303,1.8627204656049303,,,0.09780393818628241,0.00040027499198913574,0.9998977627331518,0.09780393818628241,,0.30463609734923813,1.9998591779099486,112.13486862182617,1.8627204656049303,,1.8627204656049303,6.839853391440054,0.0508166912593181,0.05081654712557793,0.05098893120884895,0.05145654454827309,0.36022318574299556,0.3544643150670136,0.6401673084885875,,,,,,,,,,,,,,,,,,,,,,,,1.830323735486814e-05,0.00013432614847902998,70
bayesfl_observability_v1,vi_lr0p0002_b128_e2,49,vi,220,17,369,,2,128,316.14099248250324,,6.684888904770419,6.684888904770419,,,0.18517812731389632,0.0012026596814393997,0.9996335840043862,0.18517812731389632,,0.4951145579587969,1.8291712766140646,316.14099248250324,6.684888904770419,,6.684888904770419,6.841109518761182,0.050825029962446394,0.050825297832489014,0.05100069642066955,0.05142242833971977,0.36017910723522645,0.35400870282588104,0.6404057144523252,,,,,,,,,,,,,,,,,,,,,,,,6.568624255448973e-05,0.00013687943798932728,369
bayesfl_observability_v1,vi_lr0p0002_b128_e2,50,vi,181,14,2,,2,128,4.922055721282959,,1.8631622229173357,1.8631622229173357,,,0.0978519897408577,0.00040027499198913574,0.9998976986267691,0.0978519897408577,,0.6931471805599453,1.6112121538688304,4.922055721282959,1.8631622229173357,,1.8631622229173357,6.841083813950522,0.050835608924626775,0.05083545297384262,0.05100907385349274,0.05145040899515152,0.3601396821968381,0.3544425625792994,0.6399906228388462,,,,,,,,,,,,,,,,,,,,,,,,1.8307578096858953e-05,0.00013537180988950278,2
bayesfl_observability_v1,vi_lr0p0002_b128_e2,50,vi,165,13,36,,2,128,101.88829898834229,,1.8600259550503955,1.8600259550503955,,,0.09776954773830185,0.0004002731293439865,0.9998978695106939,0.09776954773830185,,0.38131648785332906,1.926685551035581,101.88829898834229,1.8600259550503955,,1.8600259550503955,6.841032175399115,0.050835613000226876,0.050835590809583664,0.05100904032588005,0.051450446248054504,0.3601503205187444,0.3540579599042044,0.6405161552656808,,,,,,,,,,,,,,,,,,,,,,,,1.8276760882877032e-05,0.00013542263766802142,36
bayesfl_observability_v1,vi_lr0p0002_b128_e2,50,vi,166,13,76,,2,128,164.4859104156494,,1.8584932553395617,1.8584932553395617,,,0.09772892391966895,0.00040027499198913574,0.9998979538690722,0.09772892391966895,,1.0982287840542058,1.252671424477001,164.4859104156494,1.8584932553395617,,1.8584932553395617,6.84101368825776,0.05083548997362207,0.05083545297384262,0.051008835434913635,0.0514502190053463,0.3601053226865613,0.35428014984566203,0.6402928331728525,,,,,,,,,,,,,,,,,,,,,,,,1.8261700455336166e-05,0.00013542033839329358,76
bayesfl_observability_v1,vi_lr0p0002_b128_e2,50,vi,269,21,141,,2,128,153.91537308692932,,4.209356314314308,4.209356314314308,,,0.14702445186781457,0.0008022841066122055,0.9997691108242985,0.14702445186781457,,0.5553872255443504,1.7524876572526569,153.91537308692932,4.209356314314308,,4.209356314314308,6.842227302325661,0.0508403031646523,0.050840454176068306,0.05101475492119789,0.051453255116939545,0.36013486902849307,0.35417594683606346,0.6398588356777505,,,,,,,,,,,,,,,,,,,,,,,,4.136146520894475e-05,0.00013665422295395364,141
bayesfl_observability_v1,vi_lr0p0002_b128_e2,50,vi,292,23,70,,2,128,125.27118110656738,,1.8653301446549235,1.8653301446549235,,,0.09790922113767893,0.0004002731293439865,0.9998975779079814,0.09790922113767893,,0.30463609734923813,1.9998591779099486,125.27118110656738,1.8653301446549235,,1.8653301446549235,6.841047608420487,0.05083550786610681,0.05083560571074486,0.05100934691727162,0.05144838988780975,0.3601158922777221,0.354341627167335,0.6402676587503123,,,,,,,,,,,,,,,,,,,,,,,,1.83288802658438e-05,0.0001354104713624704,70
bayesfl_observability_v1,vi_lr0p0002_b128_e2,50,vi,258,20,50,,2,128,76.2319746017456,,1.8567935765026033,1.8567935765026033,,,0.09768437955874318,0.00040027499198913574,0.9998980547096391,0.09768437955874318,,-0.0,2.259365973874069,76.2319746017456,1.8567935765026033,,1.8567935765026033,6.841278509352077,0.05083560948933203,0.050835758447647095,0.051009202003479005,0.0514502078294754,0.3601426405567749,0.3544227953174808,0.6403824092976519,,,,,,,,,,,,,,,,,,,,,,,,1.824499927780882e-05,0.00013543747683643167,50
bayesfl_observability_v1,vi_lr0p0002_b128_e2,50,vi,87,7,39,,2,128,74.16898345947266,,1.8595945673591792,1.8595945673591792,,,0.09775655614291445,0.00040027499198913574,0.9998979110529522,0.09775655614291445,,0.4377023180952629,1.8840029267722176,74.16898345947266,1.8595945673591792,,1.8595945673591792,6.841482461214396,0.05083554041918473,0.05083561688661575,0.0510089173913002,0.05144914239645004,0.36015480846380465,0.35402626630458983,0.6403091527874798,,,,,,,,,,,,,,,,,,,,,,,,1.8272522033597123e-05,0.00013548088125576793,39
bayesfl_observability_v1,vi_lr0p0002_b128_e2,50,vi,94,7,163,,2,128,194.65752172470093,,4.2121651879399735,4.2121651879399735,,,0.14707465639366948,0.0008019311353564262,0.9997690330999235,0.14707465639366948,,1.3759749478332663,0.9081964456095792,194.65752172470093,4.2121651879399735,,4.2121651879399735,6.843203447514974,0.05084035877715637,0.050840623676776886,0.05101551115512848,0.05146685615181923,0.360208483169089,0.35419857195720283,0.6400977470904591,,,,,,,,,,,,,,,,,,,,,,,,4.1389065421440244e-05,0.00013661594787268326,163
bayesfl_observability_v1,vi_lr0p0002_b128_e2,50,vi,96,7,406,,2,128,248.9632991552353,,8.890523687124535,8.890523687124535,,,0.2135760639100384,0.0015781652182340622,0.9995129937318663,0.2135760639100384,,0.976478358472114,1.3250720199394128,248.9632991552353,8.890523687124535,,8.890523687124535,6.844195603343053,0.050847035979434234,0.050846969708800316,0.05102519318461418,0.051479533314704895,0.36015563162506636,0.35362826947387815,0.6400484426541885,,,,,,,,,,,,,,,,,,,,,,,,8.735898287436902e-05,0.00013920698294918088,406
bayesfl_observability_v1,vi_lr0p0002_b128_e2,50,vi,152,12,227,,2,128,242.76347434520721,,4.211053034003886,4.211053034003886,,,0.14705298361638938,0.0008020540699362755,0.9997690716301173,0.14705298361638938,,1.1253357822770327,1.2504533290609954,242.76347434520721,4.211053034003886,,4.211053034003886,6.842870650965815,0.050840373962006274,0.050840284675359726,0.05101537443697453,0.05145226791501045,0.36016217405840195,0.35398568114971707,0.6400533949468901,,,,,,,,,,,,,,,,,,,,,,,,4.137813730965791e-05,0.0001365559376513711,227
bayesfl_observability_v1,vi_lr0p0002_b128_e2,50,vi,159,12,768,,2,128,271.37792189915973,,13.705094767712685,13.705094767712685,,,0.2651457410089261,0.0022960174828767776,0.9992498242485766,0.2651457410089261,,0.779620627031505,1.5226258572565863,271.37792189915973,13.705094767712685,,13.705094767712685,6.846477804551277,0.05085167316552422,0.050851382315158844,0.05103383585810661,0.05151437222957611,0.3602234062344591,0.3533838689857327,0.6404890315339444,,,,,,,,,,,,,,,,,,,,,,,,0.0001346673358328848,0.00014183034268822588,768
bayesfl_observability_v1,vi_lr0p0002_b128_e2,50,vi,62,5,230,,2,128,246.91521000862122,,4.219475910189749,4.219475910189749,,,0.1471996985177066,0.0008022245019674301,0.9997685154686333,0.1471996985177066,,0.7398855854147172,1.5046979575000918,246.91521000862122,4.219475910189749,,4.219475910189749,6.841533741368524,0.050840485528172955,0.05084037221968174,0.051015667617321014,0.05147029832005501,0.36013544130411407,0.35416770104698125,0.6403326709366342,,,,,,,,,,,,,,,,,,,,,,,,4.1460901151515665e-05,0.0001365973528217241,230
bayesfl_observability_v1,vi_lr0p0002_b128_e2,50,vi,31,2,70,,2,128,178.72737169265747,,1.8644712809495376,1.8644712809495376,,,0.09788695344334114,0.00040027499198913574,0.999897615516087,0.09788695344334114,,1.0160542936625165,1.3094444340884457,178.72737169265747,1.8644712809495376,,1.8644712809495376,6.8406648905456535,0.05083555783979449,0.05083562433719635,0.05100902691483498,0.051449503749608994,0.36010386079180845,0.3542381939562944,0.6400412211741605,,,,,,,,,,,,,,,,,,,,,,,,1.8320441003729368e-05,0.0001353538147160405,70
bayesfl_observability_v1,vi_lr0p0002_b128_e2,50,vi,124,9,6,,2,128,12.827119827270508,,1.8587687331011238,1.8587687331011238,,,0.09773646783124418,0.0004002717323601246,0.9998979334467192,0.09773646783124418,,-0.0,2.3292713582565514,12.827119827270508,1.8587687331011238,,1.8587687331011238,6.840825190166128,0.05083560827880486,0.050835758447647095,0.05100897029042244,0.0514502078294754,0.3601209138167972,0.35432085864354435,0.6403879468907028,,,,,,,,,,,,,,,,,,,,,,,,1.8264407321422068e-05,0.00013537889770399164,6
bayesfl_observability_v1,vi_lr0p0002_b128_e2,50,vi,18,1,406,,2,128,230.1796898841858,,8.93701179636582,8.93701179636582,,,0.2141412322162617,0.0015917066484689713,0.9995105141339478,0.2141412322162617,,0.93387416116756,1.3882321409892098,230.1796898841858,8.93701179636582,,8.93701179636582,6.844840596414637,0.05084711686417298,0.0508471354842186,0.0510261744260788,0.05144597589969635,0.3602020207096933,0.35437866211211044,0.6406164650141638,,,,,,,,,,,,,,,,,,,,,,,,8.781577868100441e-05,0.0001393885597543368,406
bayesfl_observability_v1,vi_lr0p0002_b128_e2,51,vi,99,7,18,,2,128,47.11609935760498,,1.860203198770178,1.860203198770178,,,0.09780585149203569,0.00040027499198913574,0.9998978291596049,0.09780585149203569,,0.6128694524619496,1.681828938853387,47.11609935760498,1.860203198770178,,1.860203198770178,6.842222808518905,0.050851707762368796,0.050851739943027496,0.051026272028684615,0.051456138491630554,0.36007090582403145,0.35395164967022885,0.6401752160598765,,,,,,,,,,,,,,,,,,,,,,,,1.8278502493565668e-05,0.00013641180438202433,18
bayesfl_observability_v1,vi_lr0p0002_b128_e2,51,vi,177,14,173,,2,128,174.2182207107544,,4.225390102416765,4.225390102416765,,,0.1473525188875922,0.0008021444082260132,0.9997681361362504,0.1473525188875922,,0.7072416889214992,1.6019064244591992,174.2182207107544,4.225390102416765,,4.225390102416765,6.843070345191443,0.05085657970818565,0.05085665360093117,0.0510326512157917,0.051491547375917435,0.3600346873686431,0.3539331114124322,0.639827214808186,,,,,,,,,,,,,,,,,,,,,,,,4.151901446808259e-05,0.00013751317126591665,173
bayesfl_observability_v1,vi_lr0p0002_b128_e2,51,vi,217,17,189,,2,128,236.02664756774902,,4.248967776125173,4.248967776125173,,,0.14776582102094052,0.0008022412657737732,0.9997668582167638,0.14776582102094052,,0.3250829733914482,1.9958124018703602,236.02664756774902,4.248967776125173,,4.248967776125173,6.843429857762595,0.050856390801156164,0.05085654929280281,0.05103261396288872,0.05146630480885506,0.36008672625114685,0.35431355036873946,0.640302167861321,,,,,,,,,,,,,,,,,,,,,,,,4.175069053871645e-05,0.00013758245723014909,189
bayesfl_observability_v1,vi_lr0p0002_b128_e2,51,vi,228,18,56,,2,128,88.5237603187561,,1.86351490577673,1.86351490577673,,,0.09789211831108019,0.00040027499198913574,0.9998976540065824,0.09789211831108019,,0.42008907680192553,1.7809840036757387,88.5237603187561,1.86351490577673,,1.86351490577673,6.842397555593332,0.05085156597105543,0.05085133761167526,0.051026586443185806,0.05143244192004204,0.36007093687152203,0.353973952775751,0.6401948791094756,,,,,,,,,,,,,,,,,,,,,,,,1.8311043586289967e-05,0.00013638214457840355,56
bayesfl_observability_v1,vi_lr0p0002_b128_e2,51,vi,236,18,41,,2,128,105.32557582855225,,1.8627395676059377,1.8627395676059377,,,0.09787211554556545,0.00040027499198913574,0.9998976858170364,0.09787211554556545,,1.0353574001541463,1.2518665823368382,105.32557582855225,1.8627395676059377,,1.8627395676059377,6.842034031696688,0.050851640782220264,0.050851866602897644,0.05102636069059372,0.051444340497255325,0.3600519719819847,0.3539892115843155,0.6399902332314865,,,,,,,,,,,,,,,,,,,,,,,,1.8303425052627865e-05,0.00013621871401211516,41
bayesfl_observability_v1,vi_lr0p0002_b128_e2,51,vi,143,11,59,,2,128,148.74575233459473,,1.859427465608295,1.859427465608295,,,0.0977833727319347,0.00040027499198913574,0.9998979016834613,0.0977833727319347,,0.5821360471219024,1.7374773776084904,148.74575233459473,1.859427465608295,,1.859427465608295,6.842945312630128,0.05085167315769075,0.05085175111889839,0.05102645978331566,0.05143818259239197,0.3601200473015785,0.3539532774282885,0.6399573269257448,,,,,,,,,,,,,,,,,,,,,,,,1.8270880078690133e-05,0.00013627362941190474,59
bayesfl_observability_v1,vi_lr0p0002_b128_e2,51,vi,148,11,143,,2,128,158.82772731781006,,4.192764555081125,4.192764555081125,,,0.14677870700528767,0.0008018985390663147,0.9997699424200531,0.14677870700528767,,0.8043283840341318,1.4893525926791222,158.82772731781006,4.192764555081125,,4.192764555081125,6.843128794737864,0.05085656005108393,0.050856804475188255,0.05103308707475662,0.05144282802939415,0.36003913530319215,0.3541520951651108,0.6398745757621527,,,,,,,,,,,,,,,,,,,,,,,,4.119843328172473e-05,0.0001376022942721402,143
bayesfl_observability_v1,vi_lr0p0002_b128_e2,51,vi,126,10,285,,2,128,221.81502978006998,,6.558056625889535,6.558056625889535,,,0.18352520780355555,0.001198391430079937,0.999640387187226,0.18352520780355555,,0.8109234426674724,1.4398861295926373,221.81502978006998,6.558056625889535,,6.558056625889535,6.84387230598912,0.05086030322233656,0.05086015537381172,0.051038858294487,0.05146625265479088,0.3600588889678749,0.35420895060817614,0.6402573219251686,,,,,,,,,,,,,,,,,,,,,,,,6.443997863702009e-05,0.00013874897931608407,285
bayesfl_observability_v1,vi_lr0p0002_b128_e2,51,vi,19,1,426,,2,128,256.237775683403,,8.963241609145793,8.963241609145793,,,0.21452499052876214,0.0016075968742370605,0.9995087891086247,0.21452499052876214,,0.9753254220848997,1.3234545863280318,256.237775683403,8.963241609145793,,8.963241609145793,6.845136853875383,0.05086327144674612,0.05086330510675907,0.051042557880282405,0.051506441086530685,0.3600710681463004,0.35405314328596826,0.6406169561847734,,,,,,,,,,,,,,,,,,,,,,,,8.807351487811529e-05,0.00013993201468734127,426
bayesfl_observability_v1,vi_lr0p0002_b128_e2,51,vi,33,2,3,,2,128,8.644558429718018,,1.8543554380523046,1.8543554380523046,,,0.09765072831541005,0.0004002717323601246,0.9998981493276792,0.09765072831541005,,0.6365141682948128,1.7421059981397873,8.644558429718018,1.8543554380523046,,1.8543554380523046,6.842081968919482,0.050851623130340154,0.05085188336670399,0.05102664977312088,0.05144650116562843,0.36005692349494195,0.35384648260560303,0.6401835810752775,,,,,,,,,,,,,,,,,,,,,,,,1.8221041938216613e-05,0.00013632681326811692,3
bayesfl_observability_v1,vi_lr0p0002_b128_e2,51,vi,107,8,2,,2,128,6.851335763931274,,1.8545201550422181,1.8545201550422181,,,0.09765549008322523,0.00040027499198913574,0.9998981643630591,0.09765549008322523,,-0.0,2.311121424016332,6.851335763931274,1.8545201550422181,,1.8545201550422181,6.8428441601754235,0.05085167231983903,0.05085134506225586,0.05102630332112312,0.051471807062625885,0.3600873816970646,0.3542568624331626,0.6399167172223543,,,,,,,,,,,,,,,,,,,,,,,,1.822266046027531e-05,0.0001362117926648729,2
bayesfl_observability_v1,vi_lr0p0002_b128_e2,51,vi,171,13,648,,2,128,245.76266733805338,,13.457389194033729,13.457389194033729,,,0.2628039004676753,0.0023232586681842804,0.9992629365718991,0.2628039004676753,,0.8947993234419066,1.3755222828587679,245.76266733805338,13.457389194033729,,13.457389194033729,6.846102499048115,0.05086762772486312,0.05086779221892357,0.051050420850515366,0.05149741843342781,0.36008571100716996,0.3542051647848321,0.6400315157283056,,,,,,,,,,,,,,,,,,,,,,,,0.00013223336144279973,0.00014267973443409865,648
bayesfl_observability_v1,vi_lr0p0002_b128_e2,51,vi,174,13,57,,2,128,110.93358516693115,,1.8612744020916074,1.8612744020916074,,,0.09783244784190416,0.00040027499198913574,0.9998977784966434,0.09783244784190416,,0.7356907463699587,1.5546238632023086,110.93358516693115,1.8612744020916074,,1.8612744020916074,6.842389565068835,0.0508516516461434,0.05085178092122078,0.05102657526731491,0.05145791545510292,0.36007588487800285,0.3541841830956032,0.6401808589530832,,,,,,,,,,,,,,,,,,,,,,,,1.828902822139734e-05,0.0001363560152070891,57
bayesfl_observability_v1,vi_lr0p0002_b128_e2,51,vi,61,4,198,,2,128,221.27700471878052,,4.237365932605689,4.237365932605689,,,0.1475656675513285,0.000802142545580864,0.9997675048831077,0.1475656675513285,,0.38144262903567916,1.9227600406973597,221.27700471878052,4.237365932605689,,4.237365932605689,6.8436360807634395,0.050856449530721944,0.05085630528628826,0.0510326512157917,0.0514872707426548,0.360082533759332,0.3538921531748218,0.6401438105867316,,,,,,,,,,,,,,,,,,,,,,,,4.163668991456902e-05,0.00013736141262305678,198
bayesfl_observability_v1,vi_lr0p0002_b128_e2,51,vi,117,9,8,,2,128,15.86793041229248,,1.8598773590352813,1.8598773590352813,,,0.0977965435623534,0.00040027499198913574,0.9998978441731832,0.0977965435623534,,0.5623351446188083,1.7518051301834499,15.86793041229248,1.8598773590352813,,1.8598773590352813,6.842051263496307,0.05085158217824623,0.050851620733737946,0.051026036217808726,0.05144648626446724,0.36005001220446947,0.3540067180075607,0.6398504979633965,,,,,,,,,,,,,,,,,,,,,,,,1.827530076678079e-05,0.00013633928778134535,8
bayesfl_observability_v1,vi_lr0p0002_b128_e2,52,vi,254,20,32,,2,128,57.77567768096924,,1.8602048449475064,1.8602048449475064,,,0.09783538532624038,0.00040027499198913574,0.9998977783051193,0.09783538532624038,,0.6429124396658009,1.6660643758322098,57.77567768096924,1.8602048449475064,,1.8602048449475064,6.842566822477459,0.050867470626182944,0.05086764693260193,0.051043007522821426,0.05146004632115364,0.35994941491599985,0.35408241276147245,0.6396228370336052,,,,,,,,,,,,,,,,,,,,,,,,1.8278518669033175e-05,0.00013712360852497434,32
bayesfl_observability_v1,vi_lr0p0002_b128_e2,52,vi,70,5,44,,2,128,88.58480739593506,,1.8575513627448397,1.8575513627448397,,,0.09776562639964963,0.00040027499198913574,0.9998979395244842,0.09776562639964963,,0.9231677754626141,1.3278616130171497,88.58480739593506,1.8575513627448397,,1.8575513627448397,6.843084416855317,0.05086750097487148,0.050867680460214615,0.05104270726442337,0.051499370485544205,0.35998190679148767,0.35426994546506996,0.6399463375515733,,,,,,,,,,,,,,,,,,,,,,,,1.8252445344844648e-05,0.00013715443701410807,44
bayesfl_observability_v1,vi_lr0p0002_b128_e2,52,vi,29,2,338,,2,128,259.3853527704875,,6.632481933434902,6.632481933434902,,,0.18462957791058593,0.0012027535121887922,0.9996361581042227,0.18462957791058593,,1.2090758876194794,1.1323626999805705,259.3853527704875,6.632481933434902,,6.632481933434902,6.844926756872511,0.050876037756593676,0.050876159220933914,0.05105462297797203,0.05153455212712288,0.35998723992215337,0.35371593945713165,0.6402385143691082,,,,,,,,,,,,,,,,,,,,,,,,6.517128754480596e-05,0.00013961169224838507,338
bayesfl_observability_v1,vi_lr0p0002_b128_e2,52,vi,287,23,262,,2,128,199.48746299743652,,6.654386360813845,6.654386360813845,,,0.18493517758082798,0.0011992566287517548,0.9996349672544353,0.18493517758082798,,-0.0,2.3163460082440825,199.48746299743652,6.654386360813845,,6.654386360813845,6.84505669608679,0.05087592629705734,0.05087589472532272,0.05105458162724972,0.05146859958767891,0.3599701253614259,0.353791176980745,0.6402408251023817,,,,,,,,,,,,,,,,,,,,,,,,6.538652216580372e-05,0.00013943367925996783,262
bayesfl_observability_v1,vi_lr0p0002_b128_e2,52,vi,134,10,326,,2,128,263.25513887405396,,6.657272230251943,6.657272230251943,,,0.18497893504896978,0.0012055151164531708,0.9996348465298303,0.18497893504896978,,0.4149757414196952,1.8961001489773186,263.25513887405396,6.657272230251943,,6.657272230251943,6.845488504015862,0.050875922818411495,0.05087578669190407,0.051054053008556366,0.05150504410266876,0.3600176421422657,0.3540028622886415,0.6401817026973757,,,,,,,,,,,,,,,,,,,,,,,,6.541487894518957e-05,0.00013958677435481356,326
bayesfl_observability_v1,vi_lr0p0002_b128_e2,52,vi,12,1,1408,,2,128,253.99153115532616,,23.670501433604137,23.670501433604137,,,0.3485759039447004,0.004264354705810547,0.9987055217738605,0.3485759039447004,,1.0327057287701606,1.248593947717984,253.99153115532616,23.670501433604137,,23.670501433604137,6.852824182043492,0.050891675638913274,0.05089096352458,0.05108421817421913,0.05155884847044945,0.36016412278910853,0.3539770259721399,0.6405497961422121,,,,,,,,,,,,,,,,,,,,,,,,0.00023258820314045532,0.00014949142350059957,1408
bayesfl_observability_v1,vi_lr0p0002_b128_e2,52,vi,167,13,86,,2,128,239.7664394378662,,1.8649644100149598,1.8649644100149598,,,0.09796149855666193,0.00040027499198913574,0.9998975386803598,0.09796149855666193,,1.7378293573159467,0.5580381273299192,239.7664394378662,1.8649644100149598,,1.8649644100149598,6.843310061655483,0.05086739854988707,0.05086730793118477,0.05104322098195553,0.05146775022149086,0.35999138614763526,0.3542197739746482,0.6400356617485506,,,,,,,,,,,,,,,,,,,,,,,,1.8325286528593493e-05,0.00013719330464169116,86
bayesfl_observability_v1,vi_lr0p0002_b128_e2,52,vi,112,9,53,,2,128,102.91370058059692,,1.8652025023582732,1.8652025023582732,,,0.09796705364580391,0.00040027499198913574,0.9998975041794929,0.09796705364580391,,0.7684671875616165,1.5586349016673413,102.91370058059692,1.8652025023582732,,1.8652025023582732,6.842615169306966,0.050867496980790704,0.05086759105324745,0.051043104380369186,0.0514996238052845,0.3599458932472146,0.35366527433932893,0.6395457252026537,,,,,,,,,,,,,,,,,,,,,,,,1.8327626042628212e-05,0.00013722155272079297,53
bayesfl_observability_v1,vi_lr0p0002_b128_e2,52,vi,113,9,2,,2,128,5.82917058467865,,1.8568984391322694,1.8568984391322694,,,0.09774842534119571,0.0004002731293439865,0.9998979661747703,0.09774842534119571,,-0.0,2.3277319754160017,5.82917058467865,1.8568984391322694,,1.8568984391322694,6.842798560138333,0.05086751075708042,0.05086759850382805,0.05104300864040852,0.0514681413769722,0.3599684843877354,0.3539066356888481,0.6397513746611633,,,,,,,,,,,,,,,,,,,,,,,,1.8246029666230414e-05,0.0001370707059484697,2
bayesfl_observability_v1,vi_lr0p0002_b128_e2,52,vi,114,9,112,,2,128,192.7331748008728,,1.8640319349792,1.8640319349792,,,0.09793810967246519,0.00040027499198913574,0.9998975815225198,0.09793810967246519,,0.17604524709725128,2.1334990783975436,192.7331748008728,1.8640319349792,,1.8640319349792,6.843152611074694,0.05086735361293683,0.050867270678281784,0.051042959094047546,0.051469892263412476,0.3599873403808576,0.35403563455979037,0.6395775286161584,,,,,,,,,,,,,,,,,,,,,,,,1.8316123955774788e-05,0.00013715625761613756,112
bayesfl_observability_v1,vi_lr0p0002_b128_e2,52,vi,89,7,52,,2,128,130.80843544006348,,1.8642740722318005,1.8642740722318005,,,0.09794327906468044,0.00040027499198913574,0.999897567431005,0.09794327906468044,,0.8769609959156035,1.4396900839655709,130.80843544006348,1.8642740722318005,,1.8642740722318005,6.843061548842628,0.05086747050611856,0.050867270678281784,0.05104308947920799,0.051499441266059875,0.35997245090826796,0.3542413104236761,0.6396405902420077,,,,,,,,,,,,,,,,,,,,,,,,1.831850321540533e-05,0.00013714538008349005,52
bayesfl_observability_v1,vi_lr0p0002_b128_e2,52,vi,97,7,4,,2,128,10.158900737762451,,1.8580490503381373,1.8580490503381373,,,0.09777834614257867,0.00040027499198913574,0.9998979145650775,0.09777834614257867,,0.6931471805599453,1.5580197962672118,10.158900737762451,1.8580490503381373,,1.8580490503381373,6.843128986791967,0.05086750517522139,0.05086752027273178,0.051042817533016205,0.05149907246232033,0.3599797728881979,0.3541730631299477,0.6401453807412725,,,,,,,,,,,,,,,,,,,,,,,,1.825733566216112e-05,0.0001370902572585751,4
bayesfl_observability_v1,vi_lr0p0002_b128_e2,52,vi,213,17,221,,2,128,249.51813626289368,,4.2026732077891475,4.2026732077891475,,,0.14699823291573913,0.0008022186812013388,0.9997692992058452,0.14699823291573913,,0.8483302342361435,1.4429576609466432,249.51813626289368,4.2026732077891475,,4.2026732077891475,6.843803259659028,0.05087237047606037,0.050872497260570526,0.05104911774396896,0.05151917412877083,0.35996402579981024,0.35383242817011684,0.6396476416438494,,,,,,,,,,,,,,,,,,,,,,,,4.129579648019207e-05,0.00013830614333781082,221
bayesfl_observability_v1,vi_lr0p0002_b128_e2,52,vi,218,17,3,,2,128,8.61036491394043,,1.8598836300483093,1.8598836300483093,,,0.09782753044014746,0.00040027499198913574,0.9998977999394841,0.09782753044014746,,-0.0,2.3292713582565514,8.61036491394043,1.8598836300483093,,1.8598836300483093,6.842763592579584,0.050867481252795894,0.05086742714047432,0.0510425940155983,0.05149959772825241,0.3599455495572646,0.35416151898488735,0.6398826525235674,,,,,,,,,,,,,,,,,,,,,,,,1.827536238624653e-05,0.0001371397140488716,3
bayesfl_observability_v1,vi_lr0p0002_b128_e2,52,vi,151,12,210,,2,128,252.42066621780396,,4.220010112850461,4.220010112850461,,,0.14730479935425514,0.000802215188741684,0.9997684624926265,0.14730479935425514,,0.14950144571405588,2.251522034186354,252.42066621780396,4.220010112850461,,4.220010112850461,6.845284116942386,0.05087239534230906,0.050872597843408585,0.05104922503232956,0.05151839181780815,0.3600562233346818,0.3538561546948056,0.6401003638111992,,,,,,,,,,,,,,,,,,,,,,,,4.1466150268747775e-05,0.00013832335835574426,210
bayesfl_observability_v1,vi_lr0p0002_b128_e2,53,vi,239,19,46,,2,128,99.59244155883789,,1.8543927563095592,1.8543927563095592,,,0.09771994122053762,0.00040027499198913574,0.9998981234207168,0.09771994122053762,,0.9560443809671457,1.3493424985245688,99.59244155883789,1.8543927563095592,,1.8543927563095592,6.846056384402637,0.05088812516370972,0.05088759586215019,0.05106768906116486,0.05150434002280235,0.3599449665941525,0.35409041081452697,0.6400696832001909,,,,,,,,,,,,,,,,,,,,,,,,1.82214086303386e-05,0.0001399899300964961,46
bayesfl_observability_v1,vi_lr0p0002_b128_e2,53,vi,69,5,1,,2,128,2.3261719942092896,,1.8606261496510272,1.8606261496510272,,,0.09788526450327183,0.0004002717323601246,0.999897762273837,0.09788526450327183,,-0.0,2.259365973874069,2.3261719942092896,1.8606261496510272,,1.8606261496510272,6.845514175307464,0.05088817201323432,0.050888197496533394,0.05106807127594948,0.05151931196451187,0.35992603626630576,0.3538666812234612,0.6394784940190157,,,,,,,,,,,,,,,,,,,,,,,,1.8282658442085362e-05,0.00014003510906403327,1
bayesfl_observability_v1,vi_lr0p0002_b128_e2,53,vi,18,1,406,,2,128,198.88006591796875,,8.966856232514404,8.966856232514404,,,0.21471970837649704,0.0015968363732099533,0.9995084429687697,0.21471970837649704,,0.93387416116756,1.3882321409892098,198.88006591796875,8.966856232514404,,8.966856232514404,6.848923516355055,0.05089967387536309,0.05089908093214035,0.0510835126042366,0.051568325608968735,0.3599442868863245,0.3536918932528368,0.639445113939624,,,,,,,,,,,,,,,,,,,,,,,,8.81090324507655e-05,0.00014378909417917045,406
bayesfl_observability_v1,vi_lr0p0002_b128_e2,53,vi,181,14,2,,2,128,4.945108890533447,,1.8550176498622812,1.8550176498622812,,,0.09773818932705301,0.00040027499198913574,0.9998981005349742,0.09773818932705301,,0.6931471805599453,1.6112121538688304,4.945108890533447,1.8550176498622812,,1.8550176498622812,6.8464400284780655,0.050888138304866166,0.05088788643479347,0.05106755830347538,0.05151952803134918,0.35997266051324495,0.35369479852151486,0.6400347277933326,,,,,,,,,,,,,,,,,,,,,,,,1.8227548883386865e-05,0.00014003382506414964,2
bayesfl_observability_v1,vi_lr0p0002_b128_e2,53,vi,38,3,257,,2,128,198.74915977319083,,6.563268416599735,6.563268416599735,,,0.1837282912117705,0.0012035593390464783,0.9996399562120817,0.1837282912117705,,1.3397067534967495,0.9396094349232524,198.74915977319083,6.563268416599735,,6.563268416599735,6.847344499440829,0.05089667827825105,0.05089639127254486,0.051079538837075236,0.0515558160841465,0.3599097018619612,0.35365030961227084,0.6398657140604297,,,,,,,,,,,,,,,,,,,,,,,,6.4491190101206e-05,0.00014244001864047824,257
bayesfl_observability_v1,vi_lr0p0002_b128_e2,53,vi,214,17,8,,2,128,12.05659818649292,,1.8535797843925963,1.8535797843925963,,,0.09769924248593682,0.00040027499198913574,0.999898168443758,0.09769924248593682,,0.37677016125643675,2.011909404624669,12.05659818649292,1.8535797843925963,,1.8535797843925963,6.846108203150654,0.05088814167691827,0.050887973979115486,0.05106772966682911,0.05149213969707489,0.3599504412284024,0.3538801833906663,0.6396553228934166,,,,,,,,,,,,,,,,,,,,,,,,1.8213420304535682e-05,0.0001400570644396937,8
bayesfl_observability_v1,vi_lr0p0002_b128_e2,53,vi,292,23,70,,2,128,145.92984914779663,,1.8573837850452735,1.8573837850452735,,,0.09780009735356357,0.00040027499198913574,0.9998979427993925,0.09780009735356357,,0.30463609734923813,1.9998591779099486,145.92984914779663,1.8573837850452735,,1.8573837850452735,6.8456216187617525,0.050888119854338276,0.05088786967098713,0.0510677695274353,0.05147963762283325,0.35993050650162045,0.35397117423218943,0.6396777807122239,,,,,,,,,,,,,,,,,,,,,,,,1.825079871322859e-05,0.00014006125086061142,70
bayesfl_observability_v1,vi_lr0p0002_b128_e2,53,vi,293,23,287,,2,128,185.68727060159048,,6.638040155563294,6.638040155563294,,,0.18478266902344836,0.0012035630643367767,0.9996359063779358,0.18478266902344836,,-0.0,2.3163460082440825,185.68727060159048,6.638040155563294,,6.638040155563294,6.848205678663035,0.050896584983028154,0.05089609697461128,0.05107896775007248,0.051519252359867096,0.3599491893639114,0.35411017632525954,0.6399661699070995,,,,,,,,,,,,,,,,,,,,,,,,6.522590307127144e-05,0.0001422966238512839,287
bayesfl_observability_v1,vi_lr0p0002_b128_e2,53,vi,83,6,165,,2,128,172.52080130577087,,4.2011316416306554,4.2011316416306554,,,0.14703271418713984,0.0008020531386137009,0.9997693993945593,0.14703271418713984,,0.7163703465940834,1.5113752911057265,172.52080130577087,4.2011316416306554,,4.2011316416306554,6.846889463246595,0.050892968994474805,0.050892606377601624,0.051074424758553505,0.05151599645614624,0.35995292639349064,0.35405665364060757,0.6400628287620524,,,,,,,,,,,,,,,,,,,,,,,,4.128064893024129e-05,0.00014109410748070796,165
bayesfl_observability_v1,vi_lr0p0002_b128_e2,53,vi,230,18,26,,2,128,64.93999862670898,,1.8552415426502047,1.8552415426502047,,,0.09774322079137185,0.00040027499198913574,0.999898062071824,0.09774322079137185,,0.46922034844159877,1.856478418550846,64.93999862670898,1.8552415426502047,,1.8552415426502047,6.845644284638507,0.05088804697943124,0.05088768154382706,0.05106769017875194,0.05151472985744476,0.3599185896443292,0.35401796529362844,0.6399592686846438,,,,,,,,,,,,,,,,,,,,,,,,1.8229748871476906e-05,0.00013997312588413354,26
bayesfl_observability_v1,vi_lr0p0002_b128_e2,53,vi,165,13,36,,2,128,77.12275314331055,,1.8599547127460045,1.8599547127460045,,,0.09786807037573603,0.00040027499198913574,0.9998978024938123,0.09786807037573603,,0.38131648785332906,1.926685551035581,77.12275314331055,1.8599547127460045,,1.8599547127460045,6.8456816210803435,0.05088805277242787,0.05088803917169571,0.05106797218322754,0.05150693655014038,0.35992643497059684,0.3539020263303235,0.6396406966009061,,,,,,,,,,,,,,,,,,,,,,,,1.8276060850407828e-05,0.00014011001125970648,36
bayesfl_observability_v1,vi_lr0p0002_b128_e2,53,vi,169,13,10,,2,128,18.374486923217773,,1.8553274615604924,1.8553274615604924,,,0.09774490596163193,0.0004002717323601246,0.9998980608168736,0.09774490596163193,,0.6001660731596457,1.7098339961345228,18.374486923217773,1.8553274615604924,,1.8553274615604924,6.845726359010176,0.0508880655301836,0.05088769644498825,0.051067915931344035,0.051517266780138016,0.3599269471487397,0.3536214479293419,0.6399703414815591,,,,,,,,,,,,,,,,,,,,,,,,1.8230593117426477e-05,0.00014004798965865426,10
bayesfl_observability_v1,vi_lr0p0002_b128_e2,53,vi,267,21,306,,2,128,237.32218074798584,,6.64954104545218,6.64954104545218,,,0.1849431249604825,0.0012031067162752151,0.9996351234119292,0.1849431249604825,,0.49629795412582844,1.8891532045272958,237.32218074798584,6.64954104545218,,6.64954104545218,6.8467661630777785,0.05089659188962192,0.05089632607996464,0.051078886911273005,0.0514814630150795,0.3598984754238887,0.3536881438311934,0.6399856899139075,,,,,,,,,,,,,,,,,,,,,,,,6.533891171712862e-05,0.00014240537438753927,306
bayesfl_observability_v1,vi_lr0p0002_b128_e2,53,vi,56,4,2,,2,128,5.018577337265015,,1.86453730802614,1.86453730802614,,,0.09798865985602725,0.0004002717323601246,0.9998975526095245,0.09798865985602725,,-0.0,2.4040642619438994,5.018577337265015,1.86453730802614,,1.86453730802614,6.845756727144639,0.05088810818565434,0.05088799074292183,0.05106756985187531,0.0514817088842392,0.3599385003762233,0.353793213414669,0.6397090885921266,,,,,,,,,,,,,,,,,,,,,,,,1.8321089790961385e-05,0.00014006284702372477,2
bayesfl_observability_v1,vi_lr0p0002_b128_e2,53,vi,58,4,463,,2,128,241.74652338027954,,8.943409635313404,8.943409635313404,,,0.2144316861389822,0.001587719190865755,0.9995097074453206,0.2144316861389822,,0.8886543877137418,1.3317328076251618,241.74652338027954,8.943409635313404,,8.943409635313404,6.848563588694313,0.050899802931762224,0.05089985951781273,0.05108364783227444,0.05150177329778671,0.359940719772644,0.35372194451212213,0.6398869040515938,,,,,,,,,,,,,,,,,,,,,,,,8.78786443481714e-05,0.00014369681137914694,463
bayesfl_observability_v1,vi_lr0p0002_b128_e2,54,vi,245,19,166,,2,128,202.20673942565918,,4.204190715311851,4.204190715311851,,,0.14713131742909136,0.0008022133260965347,0.9997690709277075,0.14713131742909136,,0.4534650765650608,1.8353971806874023,202.20673942565918,4.204190715311851,,4.204190715311851,6.846551026602296,0.05090817547650085,0.05090793967247009,0.051089998334646225,0.051496393978595734,0.3597697936805848,0.3535275178507493,0.6397258715382524,,,,,,,,,,,,,,,,,,,,,,,,4.1310707628101124e-05,0.00014177861765405804,166
bayesfl_observability_v1,vi_lr0p0002_b128_e2,54,vi,93,7,103,,2,128,236.80478763580322,,1.8554470184405358,1.8554470184405358,,,0.09777792524927928,0.0004002717323601246,0.9998980065994513,0.09777792524927928,,1.1983912561963983,1.1190743533532796,236.80478763580322,1.8554470184405358,,1.8554470184405358,6.846217477945187,0.05090347930504939,0.05090333893895149,0.051083526387810704,0.051498353481292725,0.35981724549475713,0.3536788562195023,0.6399561526525075,,,,,,,,,,,,,,,,,,,,,,,,1.823176789270449e-05,0.00014063240003214832,103
bayesfl_observability_v1,vi_lr0p0002_b128_e2,54,vi,157,12,1161,,2,128,212.15165662765503,,21.62308745443087,21.62308745443087,,,0.3333888938860821,0.003573257476091385,0.9988170820591494,0.3333888938860821,,0.7423673181497622,1.5962776212694494,212.15165662765503,21.62308745443087,,21.62308745443087,6.856086754943253,0.05092614301177172,0.050925347954034805,0.051120586693286896,0.05157218500971794,0.360070904418962,0.35326226998918975,0.640312899720477,,,,,,,,,,,,,,,,,,,,,,,,0.00021247015283905739,0.00015141776752567118,1161
bayesfl_observability_v1,vi_lr0p0002_b128_e2,54,vi,69,5,1,,2,128,2.587715744972229,,1.8536808828233469,1.8536808828233469,,,0.09773214237282796,0.00040027499198913574,0.9998980912176924,0.09773214237282796,,-0.0,2.259365973874069,2.587715744972229,1.8536808828233469,,1.8536808828233469,6.845742163194556,0.05090350637986042,0.05090320110321045,0.05108433589339256,0.051499143242836,0.35981296780834493,0.3539545017805384,0.6398789869331423,,,,,,,,,,,,,,,,,,,,,,,,1.8214413705643577e-05,0.00014064331664885143,1
bayesfl_observability_v1,vi_lr0p0002_b128_e2,54,vi,70,5,44,,2,128,84.90059280395508,,1.8510162419327163,1.8510162419327163,,,0.09766140264298001,0.00040027499198913574,0.9998982814841801,0.09766140264298001,,0.9231677754626141,1.3278616130171497,84.90059280395508,1.8510162419327163,,1.8510162419327163,6.847077926674766,0.05090347938989977,0.05090323090553284,0.05108364783227444,0.05152680352330208,0.3598747748024307,0.3536699451626246,0.6399769844924633,,,,,,,,,,,,,,,,,,,,,,,,1.818823073531214e-05,0.0001405574580314591,44
bayesfl_observability_v1,vi_lr0p0002_b128_e2,54,vi,149,11,333,,2,128,230.60015455881754,,6.662660782030699,6.662660782030699,,,0.18518463124529438,0.0012051910161972046,0.9996343950274875,0.18518463124529438,,0.21239478849365837,2.0487084209067463,230.60015455881754,6.662660782030699,,6.662660782030699,6.848883742425773,0.05091187997457671,0.050911370664834976,0.051095417141914366,0.05153052136301994,0.3598706757999883,0.3535903535572801,0.6398765302097107,,,,,,,,,,,,,,,,,,,,,,,,6.546782727749532e-05,0.0001429717509739199,333
bayesfl_observability_v1,vi_lr0p0002_b128_e2,54,vi,114,9,112,,2,128,195.36388206481934,,1.8595158306449626,1.8595158306449626,,,0.0978869316846381,0.00040027499198913574,0.9998977923055645,0.0978869316846381,,0.17604524709725128,2.1334990783975436,195.36388206481934,1.8595158306449626,,1.8595158306449626,6.846626973536171,0.05090343355762797,0.0509033128619194,0.05108376368880272,0.051535189151763916,0.35983773114974266,0.35387963433376657,0.6395885636067513,,,,,,,,,,,,,,,,,,,,,,,,1.827174836046932e-05,0.00014065728174468474,112
bayesfl_observability_v1,vi_lr0p0002_b128_e2,54,vi,48,3,301,,2,128,205.13277053833008,,6.547112495094982,6.547112495094982,,,0.18356150020186002,0.0012023223098367453,0.9996407056488298,0.18356150020186002,,1.0064987190769517,1.2541394113670787,205.13277053833008,6.547112495094982,,6.547112495094982,6.8482590190724535,0.0509120413270135,0.050911951810121536,0.051095522940158844,0.05153632536530495,0.35982580059989594,0.3538412631090083,0.639573834951074,,,,,,,,,,,,,,,,,,,,,,,,6.433244074968048e-05,0.00014314064916381218,301
bayesfl_observability_v1,vi_lr0p0002_b128_e2,54,vi,227,18,607,,2,128,261.834142780304,,11.2120906598728,11.2120906598728,,,0.2401406203066741,0.0019419863820075989,0.9993854835569757,0.2401406203066741,,1.1247376207296473,1.2027930712885904,261.834142780304,11.2120906598728,,11.2120906598728,6.850879652871261,0.05091741669103481,0.050916966050863266,0.05110441669821739,0.051555003970861435,0.3599031746338012,0.3533725572562507,0.6401259153843242,,,,,,,,,,,,,,,,,,,,,,,,0.0001101708819875484,0.00014561158054969127,607
bayesfl_observability_v1,vi_lr0p0002_b128_e2,54,vi,127,10,1,,2,128,2.7719122171401978,,1.856753255924235,1.856753255924235,,,0.09781286391632858,0.00040027499198913574,0.9998979267926746,0.09781286391632858,,-0.0,2.3277319754160017,2.7719122171401978,1.856753255924235,,1.856753255924235,6.8459418502123555,0.05090341494695323,0.05090342275798321,0.051083721965551374,0.05149611458182335,0.35980147262952494,0.3536218999703983,0.6399593279431539,,,,,,,,,,,,,,,,,,,,,,,,1.8244603084644148e-05,0.00014066143423543064,1
bayesfl_observability_v1,vi_lr0p0002_b128_e2,54,vi,1,0,101,,2,128,262.07787322998047,,1.8607452704573348,1.8607452704573348,,,0.09791936288567832,0.00040027499198913574,0.9998977243432604,0.09791936288567832,,0.627941588739906,1.7479275202290525,262.07787322998047,1.8607452704573348,,1.8607452704573348,6.84662102329755,0.05090343928601678,0.05090327933430672,0.05108420550823212,0.051535118371248245,0.35984359525582543,0.3538188596638149,0.6396296316738647,,,,,,,,,,,,,,,,,,,,,,,,1.8283828932468654e-05,0.00014070349809838112,101
bayesfl_observability_v1,vi_lr0p0002_b128_e2,54,vi,10,0,264,,2,128,211.73584906260172,,6.637089415290326,6.637089415290326,,,0.18482240310284864,0.0011955462396144867,0.9996357057820634,0.18482240310284864,,0.6208219280032783,1.6948761476345018,211.73584906260172,6.637089415290326,,6.637089415290326,6.847823323182486,0.0509120960214643,0.05091172084212303,0.05109502151608467,0.05154847353696823,0.35981495950619713,0.3535042484937112,0.6394931813173478,,,,,,,,,,,,,,,,,,,,,,,,6.52165610227997e-05,0.00014301879857672782,264
bayesfl_observability_v1,vi_lr0p0002_b128_e2,54,vi,271,21,143,,2,128,157.65506052970886,,4.203693922404383,4.203693922404383,,,0.14712458969977055,0.0008021402754820883,0.9997691093274228,0.14712458969977055,,1.0368649511366086,1.308132397731561,157.65506052970886,4.203693922404383,,4.203693922404383,6.846853477247946,0.050908190427225206,0.050907716155052185,0.0510902926325798,0.05153382569551468,0.3598175384577113,0.3539296325901019,0.6394185185389596,,,,,,,,,,,,,,,,,,,,,,,,4.130582610203777e-05,0.00014179106602983278,143
bayesfl_observability_v1,vi_lr0p0002_b128_e2,54,vi,212,17,239,,2,128,262.6551914215088,,4.236286433699229,4.236286433699229,,,0.147696898333395,0.0008022831752896309,0.9997673591572211,0.147696898333395,,0.8353546496930009,1.4841423980608157,262.6551914215088,4.236286433699229,,4.236286433699229,6.847581253911613,0.05090814761109515,0.05090782046318054,0.05108971372246742,0.051529720425605774,0.3598647802949947,0.35356929326247694,0.6397138671301414,,,,,,,,,,,,,,,,,,,,,,,,4.1626082673668364e-05,0.00014172143655172043,239
bayesfl_observability_v1,vi_lr0p0002_b128_e2,54,vi,296,23,107,,2,128,256.07402896881104,,1.8560691199946182,1.8560691199946182,,,0.09779465818342964,0.00040027499198913574,0.9998979646606285,0.09779465818342964,,-0.0,2.185987945410232,256.07402896881104,1.8560691199946182,,1.8560691199946182,6.845936114252738,0.0509034133468757,0.05090310052037239,0.05108381174504757,0.051530543714761734,0.35981994614835955,0.35379469607221625,0.6397382233554527,,,,,,,,,,,,,,,,,,,,,,,,1.8237880711355195e-05,0.00014061739991253606,107
bayesfl_observability_v1,vi_lr0p0002_b128_e2,55,vi,5,0,35,,2,128,70.9668984413147,,1.8559013036249703,1.8559013036249703,,,0.09782497758302237,0.00040027499198913574,0.9998979866693226,0.09782497758302237,,1.5903475561802325,0.7061063978321973,70.9668984413147,1.8559013036249703,,1.8559013036249703,6.8487633742336795,0.050922369402075104,0.05092227645218372,0.051104698330163956,0.051519107073545456,0.3597962328776545,0.3538499730046434,0.6395452810849375,,,,,,,,,,,,,,,,,,,,,,,,1.82362317345482e-05,0.00014204820967580572,35
bayesfl_observability_v1,vi_lr0p0002_b128_e2,55,vi,9,0,107,,2,128,218.48980617523193,,1.8609995970769133,1.8609995970769133,,,0.09796141505551603,0.00040027499198913574,0.9998977109664728,0.09796141505551603,,0.20393077072313337,2.077417173602598,218.48980617523193,1.8609995970769133,,1.8609995970769133,6.848978175849082,0.050922355909730335,0.05092192441225052,0.05110477395355702,0.05152389779686928,0.35980927617087555,0.35342949816333924,0.639672240092597,,,,,,,,,,,,,,,,,,,,,,,,1.8286327965774917e-05,0.00014204861201245887,107
bayesfl_observability_v1,vi_lr0p0002_b128_e2,55,vi,17,1,132,,2,128,178.7659556865692,,4.188090132467903,4.188090132467903,,,0.14690256721089873,0.0008020456880331039,0.9997699771502568,0.14690256721089873,,1.2053659931842142,1.1004903769146668,178.7659556865692,4.188090132467903,,4.188090132467903,6.849411264201949,0.05092710445692582,0.050926584750413895,0.05111090205609799,0.051562920212745667,0.35979604967016865,0.35328623672741244,0.6397315202554831,,,,,,,,,,,,,,,,,,,,,,,,4.1152502038595885e-05,0.00014328006704284233,132
bayesfl_observability_v1,vi_lr0p0002_b128_e2,55,vi,23,1,306,,2,128,239.8280193010966,,6.602214707525654,6.602214707525654,,,0.18440401667442907,0.0012008189223706722,0.9996376484195182,0.18440401667442907,,1.0359434414661433,1.2422106794126557,239.8280193010966,6.602214707525654,,6.602214707525654,6.850588956171498,0.05093084558020222,0.050930434837937355,0.051115847751498224,0.0515746995806694,0.3598189774518222,0.35371424141576835,0.6399217057219773,,,,,,,,,,,,,,,,,,,,,,,,6.487387940970477e-05,0.0001444344775806441,306
bayesfl_observability_v1,vi_lr0p0002_b128_e2,55,vi,41,3,4,,2,128,8.721534729003906,,1.8561049747187741,1.8561049747187741,,,0.09783210130902215,0.00040027499198913574,0.9998979475976939,0.09783210130902215,,0.5623351446188083,1.756608808640784,8.721534729003906,1.8561049747187741,,1.8561049747187741,6.848005167745756,0.05092232379349643,0.050922032445669174,0.0511043943464756,0.0515313483774662,0.3597631244940463,0.35350855630359124,0.6395186849154135,,,,,,,,,,,,,,,,,,,,,,,,1.8238233022686196e-05,0.0001421054147024683,4
bayesfl_observability_v1,vi_lr0p0002_b128_e2,55,vi,47,3,19,,2,128,46.36623001098633,,1.856569948565712,1.856569948565712,,,0.09784470240778947,0.0004002721980214119,0.999897921489398,0.09784470240778947,,0.6680178186607534,1.6176422038869243,46.36623001098633,1.856569948565712,,1.856569948565712,6.848012823461131,0.05092228603544451,0.05092179775238037,0.0511053204536438,0.051520414650440216,0.3597641135767009,0.3536628634781304,0.6397834839363744,,,,,,,,,,,,,,,,,,,,,,,,1.8242801892165784e-05,0.00014211664904821501,19
bayesfl_observability_v1,vi_lr0p0002_b128_e2,55,vi,161,12,522,,2,128,219.79844608306885,,11.25035464051153,11.25035464051153,,,0.24064228760094428,0.0019364049658179283,0.9993833364132425,0.24064228760094428,,0.46907990249119813,1.8590800092150952,219.79844608306885,11.25035464051153,,11.25035464051153,6.853188157361016,0.05093642927389974,0.05093623697757721,0.05112568289041519,0.051602598279714584,0.35984709820016325,0.3536312425295934,0.6397054509219953,,,,,,,,,,,,,,,,,,,,,,,,0.00011054686686166385,0.00014708765488273507,522
bayesfl_observability_v1,vi_lr0p0002_b128_e2,55,vi,137,11,171,,2,128,145.55755519866943,,4.195223265427824,4.195223265427824,,,0.14702739027919617,0.0008022952824831009,0.9997696285889669,0.14702739027919617,,0.6827231249542707,1.62788476164325,145.55755519866943,4.195223265427824,,4.195223265427824,6.849954529430174,0.05092715635585319,0.050926998257637024,0.051110760495066646,0.051578860729932785,0.3598076762159517,0.3535658963192907,0.6397005659620866,,,,,,,,,,,,,,,,,,,,,,,,4.1222592762384044e-05,0.00014311100865804682,171
bayesfl_observability_v1,vi_lr0p0002_b128_e2,55,vi,284,22,252,,2,128,217.9633867740631,,4.215352866277814,4.215352866277814,,,0.14738307734136658,0.0008022058755159378,0.9997684455469169,0.14738307734136658,,0.042414731858117456,2.1445043425723562,217.9633867740631,4.215352866277814,,4.215352866277814,6.849061649366253,0.05092715858143686,0.05092697590589523,0.05111077055335045,0.05157836899161339,0.3597652870513911,0.35352697812571904,0.6397553783785782,,,,,,,,,,,,,,,,,,,,,,,,4.142038779874043e-05,0.0001431715357477387,252
bayesfl_observability_v1,vi_lr0p0002_b128_e2,55,vi,93,7,103,,2,128,219.02391910552979,,1.858990532620683,1.858990532620683,,,0.0979084441166902,0.00040027499198913574,0.9998978041719494,0.0979084441166902,,1.1983912561963983,1.1190743533532796,219.02391910552979,1.858990532620683,,1.858990532620683,6.848542654456138,0.050922370863090254,0.05092236399650574,0.051104556769132614,0.051559194922447205,0.35978752060124247,0.35349904819697775,0.639783434140626,,,,,,,,,,,,,,,,,,,,,,,,1.8266586740893025e-05,0.00014203329631835607,103
bayesfl_observability_v1,vi_lr0p0002_b128_e2,55,vi,244,19,1260,,2,128,279.03144721984864,,21.58403774962742,21.58403774962742,,,0.33321704764821897,0.0035660862922668457,0.9988182300413839,0.33321704764821897,,1.3323327101463387,1.0014916603766353,279.03144721984864,21.58403774962742,,21.58403774962742,6.856047771491829,0.050944876964006805,0.05094416067004204,0.051141569018363954,0.05158432200551033,0.3598504177860535,0.35334945248549043,0.6402496138811394,,,,,,,,,,,,,,,,,,,,,,,,0.0002120864473776891,0.00015327423092941972,1260
bayesfl_observability_v1,vi_lr0p0002_b128_e2,55,vi,266,21,765,,2,128,293.08015362421673,,13.522547746188527,13.522547746188527,,,0.2638148627695335,0.0023069381713867188,0.9992586522779352,0.2638148627695335,,0.7641131958245704,1.5607339077663793,293.08015362421673,13.522547746188527,,13.522547746188527,6.852574445291626,0.05093837866128235,0.05093828961253166,0.05112897604703903,0.0515877902507782,0.35982807515693316,0.3534731276287907,0.639869208402577,,,,,,,,,,,,,,,,,,,,,,,,0.00013287361448549207,0.0001482951522507316,765
bayesfl_observability_v1,vi_lr0p0002_b128_e2,55,vi,65,5,234,,2,128,279.1234521865845,,4.195317916661574,4.195317916661574,,,0.14702994495927865,0.0008023018017411232,0.9997695808913714,0.14702994495927865,,1.3610773181129292,0.9648383655468464,279.1234521865845,4.195317916661574,,4.195317916661574,6.849450678304991,0.050927118231787936,0.05092650279402733,0.0511113777756691,0.05157336965203285,0.3598118983995518,0.35400582278690906,0.6396347355016391,,,,,,,,,,,,,,,,,,,,,,,,4.1223522812828675e-05,0.00014317070586556898,234
bayesfl_observability_v1,vi_lr0p0002_b128_e2,55,vi,71,5,2,,2,128,6.458652019500732,,1.8482042398694025,1.8482042398694025,,,0.09762240142747897,0.00040027499198913574,0.9998984034246606,0.09762240142747897,,-0.0,2.4040642619438994,6.458652019500732,1.8482042398694025,,1.8482042398694025,6.848623827984763,0.05092229163604529,0.050922080874443054,0.0511050570756197,0.051522135734558105,0.3597938689245592,0.3537483708577407,0.639954477115107,,,,,,,,,,,,,,,,,,,,,,,,1.8160599782543014e-05,0.00014208315729204502,2
bayesfl_observability_v1,vi_lr0p0002_b128_e2,55,vi,195,15,25,,2,128,59.9772834777832,,1.8473359425303095,1.8473359425303095,,,0.0975996522711944,0.00040027499198913574,0.9998984371507627,0.0975996522711944,,1.3119690925702856,0.9861324927876863,59.9772834777832,1.8473359425303095,,1.8473359425303095,6.84820462622553,0.050922314728415935,0.05092199891805649,0.05110510438680649,0.0515587292611599,0.35976908372012706,0.35352883374385513,0.6395847178368792,,,,,,,,,,,,,,,,,,,,,,,,1.8152067824804063e-05,0.00014218910533264826,25
bayesfl_observability_v1,vi_lr0p0002_b128_e2,56,vi,199,15,66,,2,128,110.42277812957764,,1.857767113425627,1.857767113425627,,,0.09791555072251322,0.0004002717323601246,0.9998978163038889,0.09791555072251322,,0.5771077249415074,1.7075923616880604,110.42277812957764,1.857767113425627,,1.857767113425627,6.849404640077311,0.05094286315340776,0.05094275251030922,0.05112770311534405,0.05156450346112251,0.359655269235418,0.35332467159915604,0.6398417017136427,,,,,,,,,,,,,,,,,,,,,,,,1.8254565327951527e-05,0.0001439020247294084,66
bayesfl_observability_v1,vi_lr0p0002_b128_e2,56,vi,62,5,230,,2,128,255.63004279136658,,4.181249594430193,4.181249594430193,,,0.14684264678722697,0.0008022427791729569,0.9997702490749255,0.14684264678722697,,0.7398855854147172,1.5046979575000918,255.63004279136658,4.181249594430193,,4.181249594430193,6.850677283648245,0.050947597545159,0.05094726383686066,0.05113351494073868,0.05158340185880661,0.35966907907957435,0.3532893208422595,0.6396634470723503,,,,,,,,,,,,,,,,,,,,,,,,4.108528637545635e-05,0.00014503241324484344,230
bayesfl_observability_v1,vi_lr0p0002_b128_e2,56,vi,65,5,234,,2,128,273.91093730926514,,4.1770272299501485,4.1770272299501485,,,0.1467635569561333,0.0008020214736461639,0.9997705671696131,0.1467635569561333,,1.3610773181129292,0.9648383655468464,273.91093730926514,4.1770272299501485,,4.1770272299501485,6.8516033396106675,0.05094767256746144,0.0509473979473114,0.051133562624454496,0.05158447101712227,0.35972494286573187,0.3538623415947205,0.639596516803337,,,,,,,,,,,,,,,,,,,,,,,,4.104379709099094e-05,0.00014499498005788453,234
bayesfl_observability_v1,vi_lr0p0002_b128_e2,56,vi,220,17,369,,2,128,270.0271147092183,,6.6666236558853145,6.6666236558853145,,,0.1853784949033534,0.001202113926410675,0.9996339521684338,0.1853784949033534,,0.4951145579587969,1.8291712766140646,270.0271147092183,6.6666236558853145,,6.6666236558853145,6.851955804428793,0.050951368344067896,0.05095108970999718,0.05113954208791256,0.05160072445869446,0.35967959620529394,0.353543271311318,0.6400185299487472,,,,,,,,,,,,,,,,,,,,,,,,6.550676678672806e-05,0.00014614706084631435,369
bayesfl_observability_v1,vi_lr0p0002_b128_e2,56,vi,50,4,13,,2,128,27.37140464782715,,1.8629545054882188,1.8629545054882188,,,0.09805352761669868,0.00040027499198913574,0.9998975337113585,0.09805352761669868,,0.8953326659680909,1.3255516450199865,27.37140464782715,1.8629545054882188,,1.8629545054882188,6.849644550493034,0.050942693179762646,0.05094250664114952,0.051127441227436066,0.05157652124762535,0.3596557795524291,0.35317069822587516,0.6397052477321385,,,,,,,,,,,,,,,,,,,,,,,,1.830553704911289e-05,0.00014393867577436098,13
bayesfl_observability_v1,vi_lr0p0002_b128_e2,56,vi,242,19,3,,2,128,6.399884939193726,,1.8598107468886595,1.8598107468886595,,,0.09796979855005598,0.0004002721980214119,0.9998977431062214,0.09796979855005598,,0.6365141682948128,1.6128062758029642,6.399884939193726,1.8598107468886595,,1.8598107468886595,6.850600972843247,0.05094287048209372,0.05094267055392265,0.05112789534032345,0.05155058205127716,0.35972346115597215,0.3536447638877885,0.6396389077734654,,,,,,,,,,,,,,,,,,,,,,,,1.8274646230604888e-05,0.000143894354356325,3
bayesfl_observability_v1,vi_lr0p0002_b128_e2,56,vi,243,19,10,,2,128,21.46380043029785,,1.8566433387400614,1.8566433387400614,,,0.09788615321968208,0.0004002731293439865,0.9998978832363326,0.09788615321968208,,0.7595473914748635,1.555578650820714,21.46380043029785,1.8566433387400614,,1.8566433387400614,6.849644562187993,0.05094275439425847,0.05094244331121445,0.05112742111086845,0.051576752215623856,0.35964656766848546,0.3533285525136536,0.6395351620507531,,,,,,,,,,,,,,,,,,,,,,,,1.824352302977362e-05,0.00014383067708719253,10
bayesfl_observability_v1,vi_lr0p0002_b128_e2,56,vi,248,19,336,,2,128,221.77109622955322,,6.584277653212621,6.584277653212621,,,0.1842212598248319,0.0011987127363681793,0.999638504149201,0.1842212598248319,,0.7817865195402651,1.5221172317857152,221.77109622955322,6.584277653212621,,6.584277653212621,6.8519117177711,0.05095139943620387,0.05095084384083748,0.05113927647471428,0.051557756960392,0.35969246975974006,0.3533132279240905,0.6397782544341593,,,,,,,,,,,,,,,,,,,,,,,,6.46976285075427e-05,0.00014634063284983936,336
bayesfl_observability_v1,vi_lr0p0002_b128_e2,56,vi,282,22,46,,2,128,139.02172660827637,,1.8546320314075178,1.8546320314075178,,,0.09783275775569898,0.00040027499198913574,0.9998980094388313,0.09783275775569898,,-0.0,2.3163460082440825,139.02172660827637,1.8546320314075178,,1.8546320314075178,6.8501239941711916,0.050942844080851195,0.05094242841005325,0.051127249002456666,0.05156117305159569,0.3596857861363611,0.35335027319232426,0.6395401697482587,,,,,,,,,,,,,,,,,,,,,,,,1.8223759766213205e-05,0.00014392339372734165,46
bayesfl_observability_v1,vi_lr0p0002_b128_e2,56,vi,171,13,648,,2,128,248.86766862869263,,13.577241962319949,13.577241962319949,,,0.2644553446515498,0.002332087606191635,0.9992552759885929,0.2644553446515498,,0.8947993234419066,1.3755222828587679,248.86766862869263,13.577241962319949,,13.577241962319949,6.853608978193647,0.050959000696575545,0.05095863342285156,0.05115226022899151,0.051588062196969986,0.35965218167307306,0.3530320728489781,0.6395494708641419,,,,,,,,,,,,,,,,,,,,,,,,0.00013341104414188806,0.00015016074434794546,648
bayesfl_observability_v1,vi_lr0p0002_b128_e2,56,vi,259,20,3,,2,128,5.448930501937866,,1.854520298646893,1.854520298646893,,,0.09782923867011249,0.0004002731293439865,0.9998979894687834,0.09782923867011249,,-0.0,2.259365973874069,5.448930501937866,1.854520298646893,,1.854520298646893,6.848976701857903,0.05094280931393981,0.05094265379011631,0.05112759545445442,0.05156421661376953,0.35964240545407516,0.35345731704113775,0.6395110662269171,,,,,,,,,,,,,,,,,,,,,,,,1.8222661871346104e-05,0.0001439233419774954,3
bayesfl_observability_v1,vi_lr0p0002_b128_e2,56,vi,107,8,2,,2,128,5.1020424365997314,,1.850729055633367,1.850729055633367,,,0.0977281261821752,0.00040027499198913574,0.9998982297555381,0.0977281261821752,,-0.0,2.311121424016332,5.1020424365997314,1.850729055633367,,1.850729055633367,6.850185504720601,0.05094283080828281,0.05094254016876221,0.05112726241350174,0.051576223224401474,0.3596966771231786,0.35335215141001297,0.6396480037556174,,,,,,,,,,,,,,,,,,,,,,,,1.818540882021585e-05,0.00014389309030459112,2
bayesfl_observability_v1,vi_lr0p0002_b128_e2,56,vi,177,14,173,,2,128,234.96945357322693,,4.196466734578552,4.196466734578552,,,0.1471101515752439,0.0008020913228392601,0.9997694423763066,0.1471101515752439,,0.7072416889214992,1.6019064244591992,234.96945357322693,4.196466734578552,,4.196466734578552,6.8511156619364915,0.05094753993559624,0.05094738304615021,0.05113354064524174,0.05156330391764641,0.35967777836569426,0.35326788944865817,0.6396789766596278,,,,,,,,,,,,,,,,,,,,,,,,4.123481118776213e-05,0.00014495975235606382,173
bayesfl_observability_v1,vi_lr0p0002_b128_e2,56,vi,41,3,4,,2,128,9.095905303955078,,1.8485788282814213,1.8485788282814213,,,0.09767173950792071,0.00040027499198913574,0.9998983393471506,0.09767173950792071,,0.5623351446188083,1.756608808640784,9.095905303955078,1.8485788282814213,,1.8485788282814213,6.849961258542063,0.05094279247311656,0.05094263702630997,0.051127463579177856,0.05156480520963669,0.3596823903548018,0.35330236605482557,0.6395533809054152,,,,,,,,,,,,,,,,,,,,,,,,1.8164280517651775e-05,0.00014393194059210158,4
bayesfl_observability_v1,vi_lr0p0002_b128_e2,56,vi,47,3,19,,2,128,47.68460416793823,,1.8540012360854714,1.8540012360854714,,,0.0978151944249708,0.0004002731293439865,0.9998980409085335,0.0978151944249708,,0.6680178186607534,1.6176422038869243,47.68460416793823,1.8540012360854714,,1.8540012360854714,6.8499743941265026,0.0509428087531879,0.05094261094927788,0.051127322018146515,0.0515747144818306,0.3596964630465593,0.3533175435051287,0.6393736740218128,,,,,,,,,,,,,,,,,,,,,,,,1.8217561521916786e-05,0.00014388070419324553,19
bayesfl_observability_v1,vi_lr0p0002_b128_e2,57,vi,166,13,76,,2,128,156.7638988494873,,1.8501962849585791,1.8501962849585791,,,0.09774514978112227,0.0004002731293439865,0.9998982207758587,0.09774514978112227,,1.0982287840542058,1.252671424477001,156.7638988494873,1.8501962849585791,,1.8501962849585791,6.8510271784620596,0.05095857747182451,0.05095839127898216,0.05114409551024437,0.051560595631599426,0.3595916331472589,0.3534941128518489,0.6394349694304303,,,,,,,,,,,,,,,,,,,,,,,,1.8180173773789712e-05,0.00014476307251030886,76
bayesfl_observability_v1,vi_lr0p0002_b128_e2,57,vi,149,11,333,,2,128,190.2450132369995,,6.613562175958576,6.613562175958576,,,0.1846932487489561,0.0012035360559821129,0.9996367956377596,0.1846932487489561,,0.21239478849365837,2.0487084209067463,190.2450132369995,6.613562175958576,,6.613562175958576,6.853219018770054,0.05096700092602089,0.050966810435056686,0.05115624517202377,0.0516015887260437,0.35962994607009124,0.3531165504358543,0.6394789310853258,,,,,,,,,,,,,,,,,,,,,,,,6.498538052430555e-05,0.0001472012418006625,333
bayesfl_observability_v1,vi_lr0p0002_b128_e2,57,vi,132,10,381,,2,128,258.32532262802124,,6.584567207374965,6.584567207374965,,,0.18427902961420237,0.0012044254690408707,0.9996383623653491,0.18427902961420237,,0.9889320457164062,1.276983504145674,258.32532262802124,6.584567207374965,,6.584567207374965,6.852708774428946,0.050967018967597776,0.050966858863830566,0.05115577690303326,0.051590967923402786,0.3595688459367935,0.3530657467557215,0.6396744288754073,,,,,,,,,,,,,,,,,,,,,,,,6.470047368944645e-05,0.0001471973832937909,381
bayesfl_observability_v1,vi_lr0p0002_b128_e2,57,vi,233,18,351,,2,128,273.5871669451396,,6.709098684922619,6.709098684922619,,,0.18602911377810716,0.0012048576027154922,0.9996314921295457,0.18602911377810716,,-0.0,2.3277319754160017,273.5871669451396,6.709098684922619,,6.709098684922619,6.85298731879495,0.050967169266607375,0.050967052578926086,0.05115580298006535,0.05158904939889908,0.35959900014492124,0.3534131676765989,0.6395023211532332,,,,,,,,,,,,,,,,,,,,,,,,6.592412975260508e-05,0.00014701058716848678,351
bayesfl_observability_v1,vi_lr0p0002_b128_e2,57,vi,37,3,84,,2,128,242.89605236053467,,1.8582938623706864,1.8582938623706864,,,0.09795942535427409,0.00040027499198913574,0.9998977631473706,0.09795942535427409,,0.7306975233730556,1.5908098077517105,242.89605236053467,1.8582938623706864,,1.8582938623706864,6.85073966233297,0.05095855745478588,0.05095827952027321,0.051144544035196304,0.05156027153134346,0.3595691281838082,0.3530402048256865,0.6395101498816091,,,,,,,,,,,,,,,,,,,,,,,,1.8259741204389175e-05,0.0001448384485709052,84
bayesfl_observability_v1,vi_lr0p0002_b128_e2,57,vi,285,22,188,,2,128,155.082510471344,,4.201991489098011,4.201991489098011,,,0.14725281825558653,0.0008023357950150967,0.9997690304065765,0.14725281825558653,,0.030457357557417006,2.2852619292307335,155.082510471344,4.201991489098011,,4.201991489098011,6.851657096577425,0.05096344022415055,0.05096311867237091,0.051150822266936305,0.05157940834760666,0.3595836905099967,0.35320368598805374,0.6398162541722224,,,,,,,,,,,,,,,,,,,,,,,,4.128909785887797e-05,0.00014591138388565377,188
bayesfl_observability_v1,vi_lr0p0002_b128_e2,57,vi,101,8,1047,,2,128,261.61124595006305,,19.395884041901827,19.395884041901827,,,0.316100420316284,0.003143478184938431,0.998937579219412,0.316100420316284,,1.3655297072495858,0.9316261638098886,261.61124595006305,19.395884041901827,,19.395884041901827,6.859119102173847,0.05097987476681034,0.05097907409071922,0.051177920401096345,0.051617324352264404,0.359810652100525,0.3532830656607513,0.6402181251504017,,,,,,,,,,,,,,,,,,,,,,,,0.00019058547746783754,0.0001544126637286618,1047
bayesfl_observability_v1,vi_lr0p0002_b128_e2,57,vi,107,8,2,,2,128,5.233683109283447,,1.8516357893070372,1.8516357893070372,,,0.0977833047172054,0.00040027499198913574,0.999898121219173,0.0977833047172054,,-0.0,2.311121424016332,5.233683109283447,1.8516357893070372,,1.8516357893070372,6.850445239487119,0.0509585432316956,0.05095821991562843,0.05114470794796944,0.05156170204281807,0.3595752317216666,0.35286661220080834,0.6391693446161183,,,,,,,,,,,,,,,,,,,,,,,,1.819431845639223e-05,0.00014474552057379143,2
bayesfl_observability_v1,vi_lr0p0002_b128_e2,57,vi,114,9,112,,2,128,252.99802255630493,,1.8598948575602303,1.8598948575602303,,,0.09800269967116393,0.00040027499198913574,0.9998976772457466,0.09800269967116393,,0.17604524709725128,2.1334990783975436,252.99802255630493,1.8598948575602303,,1.8598948575602303,6.850863569332362,0.05095844683368694,0.050958093255758286,0.05114461593329907,0.05156240984797478,0.35959453969700284,0.3531014768076116,0.6393716821694831,,,,,,,,,,,,,,,,,,,,,,,,1.8275472708659038e-05,0.00014489386920656393,112
bayesfl_observability_v1,vi_lr0p0002_b128_e2,57,vi,189,15,1,,2,128,3.322480320930481,,1.848286986241852,1.848286986241852,,,0.09769366319058007,0.0004002717323601246,0.999898305390032,0.09769366319058007,,-0.0,2.3292713582565514,3.322480320930481,1.848286986241852,,1.848286986241852,6.850351973788042,0.05095853994665357,0.05095831677317619,0.051144249737262726,0.05155991390347481,0.3595652241463448,0.35322938301505247,0.6396208706778684,,,,,,,,,,,,,,,,,,,,,,,,1.816141285488702e-05,0.00014488307089910161,1
bayesfl_observability_v1,vi_lr0p0002_b128_e2,57,vi,152,12,227,,2,128,260.14190196990967,,4.223071915584863,4.223071915584863,,,0.14762231842200413,0.0008022747933864594,0.9997678879177168,0.14762231842200413,,1.1253357822770327,1.2504533290609954,260.14190196990967,4.223071915584863,,4.223071915584863,6.851898706094987,0.050963468483316184,0.05096316337585449,0.05115053579211235,0.05158163979649544,0.35961044509404116,0.3530540277737038,0.6399129631655982,,,,,,,,,,,,,,,,,,,,,,,,4.149623578249841e-05,0.0001459918411393152,227
bayesfl_observability_v1,vi_lr0p0002_b128_e2,57,vi,251,20,36,,2,128,79.5328164100647,,1.8500799295742654,1.8500799295742654,,,0.09774121987821416,0.00040027499198913574,0.9998982073710976,0.09774121987821416,,0.7570449135276909,1.610651168463865,79.5328164100647,1.8500799295742654,,1.8500799295742654,6.850390062455639,0.050958455246100376,0.05095827952027321,0.05114480629563332,0.05156247690320015,0.3595874432139319,0.35339721383543615,0.6395057546008246,,,,,,,,,,,,,,,,,,,,,,,,1.8179030456659777e-05,0.00014478324040850514,36
bayesfl_observability_v1,vi_lr0p0002_b128_e2,57,vi,99,7,18,,2,128,36.182162284851074,,1.851162480480947,1.851162480480947,,,0.09776986752388837,0.00040027499198913574,0.9998981504932437,0.09776986752388837,,0.6128694524619496,1.681828938853387,36.182162284851074,1.851162480480947,,1.851162480480947,6.850489570481435,0.050958536941676354,0.05095808207988739,0.051144614815711975,0.05156173184514046,0.3595798972944693,0.3529863880991626,0.6396453556396414,,,,,,,,,,,,,,,,,,,,,,,,1.8189667686753927e-05,0.00014486073184542827,18
bayesfl_observability_v1,vi_lr0p0002_b128_e2,57,vi,55,4,63,,2,128,127.48658657073975,,1.8514634497498308,1.8514634497498308,,,0.09777941954431948,0.00040027499198913574,0.9998981396809772,0.09777941954431948,,1.1559825345480084,1.158099049240569,127.48658657073975,1.8514634497498308,,1.8514634497498308,6.850771575873672,0.050958513396721555,0.05095827393233776,0.05114486813545227,0.051560189574956894,0.35957390523738436,0.3532090648139746,0.6394415777057549,,,,,,,,,,,,,,,,,,,,,,,,1.8192625034389613e-05,0.00014493564802901208,63
bayesfl_observability_v1,vi_lr0p0002_b128_e2,57,vi,290,23,47,,2,128,97.27119588851929,,1.8537484164904998,1.8537484164904998,,,0.09783940174453133,0.00040027499198913574,0.9998980092648979,0.09783940174453133,,-0.0,2.185987945410232,97.27119588851929,1.8537484164904998,,1.8537484164904998,6.850610761260774,0.05095858639754978,0.05095814913511276,0.05114453285932541,0.051561757922172546,0.3595715865900405,0.3531592855112862,0.6396131765347001,,,,,,,,,,,,,,,,,,,,,,,,1.821507729675248e-05,0.00014481644217900338,47
bayesfl_observability_v1,vi_lr0p0002_b128_e2,58,vi,118,9,17,,2,128,33.03063726425171,,1.85136681910318,1.85136681910318,,,0.09781007016459214,0.00040027499198913574,0.9998981382241999,0.09781007016459214,,0.8277381569989198,1.4618562942707825,33.03063726425171,1.85136681910318,,1.85136681910318,6.852866922816362,0.050976438066189386,0.05097610875964165,0.051164136826992036,0.051606014370918274,0.35957039072130126,0.3531792635663832,0.6398630251949813,,,,,,,,,,,,,,,,,,,,,,,,1.819167553407861e-05,0.0001463271993199793,17
bayesfl_observability_v1,vi_lr0p0002_b128_e2,58,vi,249,19,148,,2,128,175.4822645187378,,4.196309618229381,4.196309618229381,,,0.1472055460414517,0.0008022841066122055,0.9997693831387845,0.1472055460414517,,0.8084292285499561,1.5072994420910157,175.4822645187378,4.196309618229381,,4.196309618229381,6.854528231226027,0.05098126170951959,0.05098104476928711,0.051170358806848525,0.051602113991975784,0.3596056431586275,0.35325617206860527,0.6395036910413425,,,,,,,,,,,,,,,,,,,,,,,,4.123326735019535e-05,0.00014740578544455562,148
bayesfl_observability_v1,vi_lr0p0002_b128_e2,58,vi,94,7,163,,2,128,194.1869089603424,,4.199278060843871,4.199278060843871,,,0.14725617550724696,0.0008022598922252655,0.999769150172051,0.14725617550724696,,1.3759749478332663,0.9081964456095792,194.1869089603424,4.199278060843871,,4.199278060843871,6.853598482851928,0.05098127155523819,0.050980616360902786,0.051170725375413895,0.051626093685626984,0.3595591435238714,0.3534416567369123,0.6396385157891984,,,,,,,,,,,,,,,,,,,,,,,,4.126243550008716e-05,0.00014752517350223517,163
bayesfl_observability_v1,vi_lr0p0002_b128_e2,58,vi,161,12,522,,2,128,218.68728094100953,,11.210297296391873,11.210297296391873,,,0.2404726155698817,0.0020026303827762604,0.9993847719425968,0.2404726155698817,,0.46907990249119813,1.8590800092150952,218.68728094100953,11.210297296391873,,11.210297296391873,6.856444372752032,0.05099050155048773,0.050989825278520584,0.05118476450443268,0.05164273455739021,0.3595859772547494,0.35307806402029296,0.6400792641741744,,,,,,,,,,,,,,,,,,,,,,,,0.0001101532602573634,0.00015126737538034162,522
bayesfl_observability_v1,vi_lr0p0002_b128_e2,58,vi,168,13,207,,2,128,240.52916073799133,,4.192272025826574,4.192272025826574,,,0.14713349611811236,0.0008020552340894938,0.9997695662197623,0.14713349611811236,,0.9862272293909359,1.3773906685164472,240.52916073799133,4.192272025826574,,4.192272025826574,6.854021921766408,0.050981319365314456,0.050980616360902786,0.051170714199543,0.05156790837645531,0.35956059107677657,0.35319465074235185,0.6397220347157352,,,,,,,,,,,,,,,,,,,,,,,,4.1193593650649245e-05,0.00014746081158482547,207
bayesfl_observability_v1,vi_lr0p0002_b128_e2,58,vi,126,10,285,,2,128,179.56492789586386,,6.546429911474167,6.546429911474167,,,0.18381277528851947,0.0012008100748062134,0.9996404816043797,0.18381277528851947,,0.8109234426674724,1.4398861295926373,179.56492789586386,6.546429911474167,,6.546429911474167,6.855392260025215,0.0509849631855237,0.05098447576165199,0.0511758029460907,0.05162294954061508,0.35958103050886303,0.3532306704453606,0.6400749193086395,,,,,,,,,,,,,,,,,,,,,,,,6.432573362949953e-05,0.0001486391216744639,285
bayesfl_observability_v1,vi_lr0p0002_b128_e2,58,vi,228,18,56,,2,128,141.40551662445068,,1.8520511099491381,1.8520511099491381,,,0.09782938617770942,0.00040027499198913574,0.9998980799262714,0.09782938617770942,,0.42008907680192553,1.7809840036757387,141.40551662445068,1.8520511099491381,,1.8520511099491381,6.852243078550761,0.05097642739074537,0.05097615718841553,0.05116388723254204,0.05160493403673172,0.35953503997567376,0.35342543971878326,0.6399070981002207,,,,,,,,,,,,,,,,,,,,,,,,1.819839942958768e-05,0.00014643664588436282,56
bayesfl_observability_v1,vi_lr0p0002_b128_e2,58,vi,34,2,89,,2,128,226.25007152557373,,1.8517735439107517,1.8517735439107517,,,0.09782125531315787,0.0004002717323601246,0.9998981028611761,0.09782125531315787,,0.9392429968990706,1.3654484544000312,226.25007152557373,1.8517735439107517,,1.8517735439107517,6.852484096896498,0.05097643312978624,0.050975799560546875,0.05116436257958412,0.051589373499155045,0.35955032881162785,0.35289616472842256,0.6395637338864303,,,,,,,,,,,,,,,,,,,,,,,,1.8195672043929957e-05,0.0001463812171532603,89
bayesfl_observability_v1,vi_lr0p0002_b128_e2,58,vi,211,16,4,,2,128,13.086158752441406,,1.8476795078511126,1.8476795078511126,,,0.09771144418249085,0.0004002717323601246,0.9998983448122685,0.09771144418249085,,-0.0,2.4040642619438994,13.086158752441406,1.8476795078511126,,1.8476795078511126,6.852901676361971,0.05097647615818866,0.05097612924873829,0.051164042204618454,0.05158528685569763,0.3595806347868681,0.3534474272345093,0.6398136042185655,,,,,,,,,,,,,,,,,,,,,,,,1.8155443724585956e-05,0.0001462951797433165,4
bayesfl_observability_v1,vi_lr0p0002_b128_e2,58,vi,216,17,118,,2,128,267.6435194015503,,1.8603177412147174,1.8603177412147174,,,0.09804723719820482,0.00040027499198913574,0.9998976316576602,0.09804723719820482,,1.2644842887837744,1.0559689770084641,267.6435194015503,1.8603177412147174,,1.8603177412147174,6.852489648534722,0.05097652265978279,0.050976432859897614,0.051163817569613454,0.05159454792737961,0.35954270692941503,0.35321925566014034,0.639450409162228,,,,,,,,,,,,,,,,,,,,,,,,1.8279627996607227e-05,0.00014639542892786885,118
bayesfl_observability_v1,vi_lr0p0002_b128_e2,58,vi,267,21,306,,2,128,189.54171164830527,,6.578554699830891,6.578554699830891,,,0.18426868046164474,0.0012045875191688538,0.9996387233998066,0.18426868046164474,,0.49629795412582844,1.8891532045272958,189.54171164830527,6.578554699830891,,6.578554699830891,6.8556089691258295,0.050985092289289706,0.0509844571352005,0.05117549486458302,0.05161067843437195,0.35961841813456014,0.35365494354306826,0.6398371785245256,,,,,,,,,,,,,,,,,,,,,,,,6.4641394318865e-05,0.00014849991842438067,306
bayesfl_observability_v1,vi_lr0p0002_b128_e2,58,vi,15,1,51,,2,128,98.86410522460938,,1.8490383513493285,1.8490383513493285,,,0.09774740805255809,0.0004002731293439865,0.9998982558996207,0.09774740805255809,,0.4639406270393286,1.8477013096607757,98.86410522460938,1.8490383513493285,,1.8490383513493285,6.852456158129997,0.05097652304673419,0.05097615718841553,0.05116375908255577,0.051605209708213806,0.3595454719555435,0.3531906026113458,0.6395795885354784,,,,,,,,,,,,,,,,,,,,,,,,1.8168795827349204e-05,0.00014628225177861043,51
bayesfl_observability_v1,vi_lr0p0002_b128_e2,58,vi,24,1,27,,2,128,52.0295295715332,,1.8559893040827775,1.8559893040827775,,,0.09793190483186978,0.00040027499198913574,0.9998978654486307,0.09793190483186978,,1.3110298871791874,1.0210991742953581,52.0295295715332,1.8559893040827775,,1.8559893040827775,6.852208845371945,0.050976464920089275,0.05097632482647896,0.051163924112915996,0.05157146602869034,0.359544539850081,0.35331525420367205,0.6396477636356509,,,,,,,,,,,,,,,,,,,,,,,,1.8237096433946916e-05,0.0001463185804979323,27
bayesfl_observability_v1,vi_lr0p0002_b128_e2,58,vi,297,23,590,,2,128,232.94119987487792,,11.347370201712991,11.347370201712991,,,0.24194842445890824,0.0019608386792242527,0.999377216232188,0.24194842445890824,,-0.0,2.185987945410232,232.94119987487792,11.347370201712991,,11.347370201712991,6.856558871259649,0.05099040411838798,0.05099046975374222,0.051183392852544786,0.05160760134458542,0.35957036481401955,0.35297088668814963,0.6397432640775013,,,,,,,,,,,,,,,,,,,,,,,,0.00011150014937322385,0.0001509616424649901,590
bayesfl_observability_v1,vi_lr0p0002_b128_e2,58,vi,147,11,14,,2,128,31.763904571533203,,1.8504291158665334,1.8504291158665334,,,0.09778539771142541,0.0004002731293439865,0.999898185515854,0.09778539771142541,,0.8918673953172509,1.3950007042270034,31.763904571533203,1.8504291158665334,,1.8504291158665334,6.852747514298566,0.05097647401884636,0.05097593367099762,0.05116406828165054,0.051585227251052856,0.3595670497507102,0.35326099195053196,0.6395439927049719,,,,,,,,,,,,,,,,,,,,,,,,1.8182461588548034e-05,0.00014629278385371483,14
bayesfl_observability_v1,vi_lr0p0002_b128_e2,59,vi,264,21,197,,2,128,197.79822540283203,,4.172936693719429,4.172936693719429,,,0.14683590373170183,0.0008022040128707886,0.9997705304739717,0.14683590373170183,,0.6375936626726958,1.698074512420698,197.79822540283203,4.172936693719429,,4.172936693719429,6.854559561436304,0.05099691344240044,0.050996653735637665,0.051186415180563924,0.051616448909044266,0.3594465754768039,0.3527485420582937,0.6390132927567984,,,,,,,,,,,,,,,,,,,,,,,,4.100360316124034e-05,0.00014810447448977723,197
bayesfl_observability_v1,vi_lr0p0002_b128_e2,59,vi,275,22,84,,2,128,165.48945236206055,,1.8521650704561563,1.8521650704561563,,,0.09786111333784352,0.0004002731293439865,0.9998980479101368,0.09786111333784352,,1.0439788738046754,1.2487548086232239,165.48945236206055,1.8521650704561563,,1.8521650704561563,6.853424253379759,0.05099197828169801,0.050991326570510864,0.051180772483348846,0.051601722836494446,0.35944263269608145,0.35297213556981655,0.6396713013699461,,,,,,,,,,,,,,,,,,,,,,,,1.8199519214465523e-05,0.00014709388252926359,84
bayesfl_observability_v1,vi_lr0p0002_b128_e2,59,vi,280,22,64,,2,128,128.4420347213745,,1.8560467182351847,1.8560467182351847,,,0.09796392160187879,0.00040027499198913574,0.9998978329284994,0.09796392160187879,,0.2899701528409824,2.0294816997969796,128.4420347213745,1.8560467182351847,,1.8560467182351847,6.853399460620959,0.050992008433890935,0.05099136382341385,0.05118058621883392,0.0516105554997921,0.3594675807199074,0.35289760999801556,0.6396008060304682,,,,,,,,,,,,,,,,,,,,,,,,1.823766058991043e-05,0.00014696068391772772,64
bayesfl_observability_v1,vi_lr0p0002_b128_e2,59,vi,157,12,1161,,2,128,222.03859066963196,,21.70979619968414,21.70979619968414,,,0.3346405184093808,0.003618445247411728,0.9988102680753621,0.3346405184093808,,0.7423673181497622,1.5962776212694494,222.03859066963196,21.70979619968414,,21.70979619968414,6.8622327080833605,0.051015216665531146,0.05101435258984566,0.051217056810855865,0.05169987305998802,0.3595994359505688,0.35282923520111087,0.6399347101527654,,,,,,,,,,,,,,,,,,,,,,,,0.0002133221597689313,0.00015749186082732102,1161
bayesfl_observability_v1,vi_lr0p0002_b128_e2,59,vi,161,12,522,,2,128,220.3113570213318,,11.229277416346747,11.229277416346747,,,0.2407411279566606,0.0019660433754324913,0.9993837866969029,0.2407411279566606,,0.46907990249119813,1.8590800092150952,220.3113570213318,11.229277416346747,,11.229277416346747,6.858503412040927,0.05100611935463837,0.05100562423467636,0.051201396808028224,0.051660533994436264,0.3595337288623393,0.3529143657589937,0.6398805518561242,,,,,,,,,,,,,,,,,,,,,,,,0.00011033976040431116,0.00015192016764740127,522
bayesfl_observability_v1,vi_lr0p0002_b128_e2,59,vi,15,1,51,,2,128,141.22389602661133,,1.8520947169408055,1.8520947169408055,,,0.09785936187954129,0.00040027499198913574,0.999898049475726,0.09785936187954129,,0.4639406270393286,1.8477013096607757,141.22389602661133,1.8520947169408055,,1.8520947169408055,6.853342849213012,0.050992058335759614,0.05099157989025116,0.051180608570575714,0.051574740558862686,0.3594630148011428,0.35311242389662545,0.6396728996224237,,,,,,,,,,,,,,,,,,,,,,,,1.819882791530712e-05,0.00014701476551635026,51
bayesfl_observability_v1,vi_lr0p0002_b128_e2,59,vi,3,0,54,,2,128,104.79012870788574,,1.8475760018242924,1.8475760018242924,,,0.09773893372833825,0.00040027499198913574,0.9998983074667597,0.09773893372833825,,0.7281071546314151,1.532144314993967,104.79012870788574,1.8475760018242924,,1.8475760018242924,6.853605289219941,0.05099201219527376,0.05099169537425041,0.05118062123656273,0.051584742963314056,0.3594939876102059,0.3532803678825887,0.6394958650918687,,,,,,,,,,,,,,,,,,,,,,,,1.8154426666250293e-05,0.00014701460089898018,54
bayesfl_observability_v1,vi_lr0p0002_b128_e2,59,vi,5,0,35,,2,128,73.93967866897583,,1.8505058939777934,1.8505058939777934,,,0.09781723647973223,0.0004002731293439865,0.9998981592975033,0.09781723647973223,,1.5903475561802325,0.7061063978321973,73.93967866897583,1.8505058939777934,,1.8505058939777934,6.854031395221977,0.05099200312426326,0.05099127069115639,0.05118069052696228,0.051597561687231064,0.35949578908107405,0.353064174092961,0.639703612506551,,,,,,,,,,,,,,,,,,,,,,,,1.818321601628961e-05,0.00014698529640968995,35
bayesfl_observability_v1,vi_lr0p0002_b128_e2,59,vi,27,2,611,,2,128,235.41106424331664,,11.392660808679542,11.392660808679542,,,0.24249711194537846,0.0019738301634788513,0.9993748487332839,0.24249711194537846,,0.08162587036147914,2.2275297802473157,235.41106424331664,11.392660808679542,,11.392660808679542,6.858917714396076,0.05100627152994678,0.0510057732462883,0.05120153948664665,0.05162717401981354,0.3595817569417427,0.3529846888273384,0.6394994646285467,,,,,,,,,,,,,,,,,,,,,,,,0.00011194517842860905,0.00015173314702383324,611
bayesfl_observability_v1,vi_lr0p0002_b128_e2,59,vi,211,16,4,,2,128,9.081392049789429,,1.8520008297040147,1.8520008297040147,,,0.09785648590635888,0.00040027499198913574,0.9998980618818258,0.09785648590635888,,-0.0,2.4040642619438994,9.081392049789429,1.8520008297040147,,1.8520008297040147,6.853578320352679,0.05099207295312229,0.05099179223179817,0.05118068046867848,0.051610033959150314,0.35948567256473446,0.3531935714435098,0.6399080495422443,,,,,,,,,,,,,,,,,,,,,,,,1.8197905371956515e-05,0.0001469649670538302,4
bayesfl_observability_v1,vi_lr0p0002_b128_e2,59,vi,139,11,364,,2,128,243.25724013646445,,6.575488993623839,6.575488993623839,,,0.18427815395601588,0.0012030359357595444,0.9996386457486557,0.18427815395601588,,0.8409163134019236,1.4643652933933091,243.25724013646445,6.575488993623839,,6.575488993623839,6.855379551809911,0.05100061046474807,0.050999974831938744,0.0511922586709261,0.05159887671470642,0.3594644208400648,0.3530218102061593,0.6398969274667652,,,,,,,,,,,,,,,,,,,,,,,,6.461127044928604e-05,0.0001494337617725313,364
bayesfl_observability_v1,vi_lr0p0002_b128_e2,59,vi,76,6,933,,2,128,221.1033474802971,,18.59524858147313,18.59524858147313,,,0.30980644700352067,0.003087076125666499,0.9989801305785111,0.30980644700352067,,0.0076666405810588475,2.3077806594899846,221.1033474802971,18.59524858147313,,18.59524858147313,6.861342120622082,0.051011604075458704,0.051011018455028534,0.05121101066470146,0.05164455994963646,0.3596154047354332,0.3532023565561462,0.639644998902247,,,,,,,,,,,,,,,,,,,,,,,,0.00018271837065415278,0.00015534470389918568,933
bayesfl_observability_v1,vi_lr0p0002_b128_e2,59,vi,237,19,36,,2,128,83.42333507537842,,1.8558984895965371,1.8558984895965371,,,0.09796056190216416,0.0004002717323601246,0.9998978368499437,0.09796056190216416,,1.3898628753106193,0.9179151593699346,83.42333507537842,1.8558984895965371,,1.8558984895965371,6.853274177519011,0.050991976742494595,0.050991371273994446,0.05118054039776325,0.05161053687334061,0.3594431790047466,0.35275887647663323,0.6395715476895594,,,,,,,,,,,,,,,,,,,,,,,,1.8236204083684163e-05,0.00014701589638768927,36
bayesfl_observability_v1,vi_lr0p0002_b128_e2,59,vi,233,18,351,,2,128,256.8428883552551,,6.632559986387051,6.632559986387051,,,0.18508184085555218,0.0012019556015729904,0.9996355436274589,0.18508184085555218,,-0.0,2.3277319754160017,256.8428883552551,6.632559986387051,,6.632559986387051,6.855891628602316,0.05100052064751213,0.05100005492568016,0.051191268116235734,0.05164041742682457,0.3594835361995864,0.35295202622825206,0.6395210465761175,,,,,,,,,,,,,,,,,,,,,,,,6.517205449923407e-05,0.0001492407606072891,351
bayesfl_observability_v1,vi_lr0p0002_b128_e2,59,vi,134,10,326,,2,128,251.13290929794312,,6.565432303723956,6.565432303723956,,,0.18414158824613672,0.001199306920170784,0.9996392233526014,0.18414158824613672,,0.4149757414196952,1.8961001489773186,251.13290929794312,6.565432303723956,,6.565432303723956,6.855762728996683,0.051000531031287544,0.051000047475099564,0.051192376762628555,0.05162912607192993,0.3595055348893462,0.35313520116949204,0.6398157999033856,,,,,,,,,,,,,,,,,,,,,,,,6.451245262576354e-05,0.00014936679165945805,326
bayesfl_observability_v1,vi_lr0p0002_b128_e2,60,vi,293,23,287,,2,128,245.50300884246826,,6.590587095128455,6.590587095128455,,,0.1845711571269106,0.0011991970241069794,0.9996378157683325,0.1845711571269106,,-0.0,2.3163460082440825,245.50300884246826,6.590587095128455,,6.590587095128455,6.858306298118091,0.051022006267947284,0.05102139338850975,0.051214763149619105,0.05166154354810715,0.35944240509269515,0.3530972800096937,0.6391356560595092,,,,,,,,,,,,,,,,,,,,,,,,6.475962557854431e-05,0.00015041210983434634,287
bayesfl_observability_v1,vi_lr0p0002_b128_e2,60,vi,276,22,91,,2,128,199.66666841506958,,1.8540491535582575,1.8540491535582575,,,0.09795185489901002,0.00040027499198913574,0.9998979283495475,0.09795185489901002,,0.6083265295165262,1.6692992620442342,199.66666841506958,1.8540491535582575,,1.8540491535582575,6.855748849023544,0.05101345236526382,0.05101300776004791,0.051204324886202815,0.05162324756383896,0.35938956704742087,0.3530864431980284,0.6391110247111897,,,,,,,,,,,,,,,,,,,,,,,,1.8218032362761692e-05,0.00014828993577896922,91
bayesfl_observability_v1,vi_lr0p0002_b128_e2,60,vi,202,16,344,,2,128,200.66893768310547,,6.544881347083458,6.544881347083458,,,0.18392170401932809,0.0012012813240289688,0.9996402365510132,0.18392170401932809,,0.7151651242351365,1.5572907521493602,200.66893768310547,6.544881347083458,,6.544881347083458,6.857226779780848,0.05102209516292039,0.05102177709341049,0.05121553875505924,0.05161948502063751,0.3593848347101764,0.3526580496901103,0.6391515988859794,,,,,,,,,,,,,,,,,,,,,,,,6.431051731437023e-05,0.00015058189187303221,344
bayesfl_observability_v1,vi_lr0p0002_b128_e2,60,vi,216,17,118,,2,128,236.3093581199646,,1.8468919656113627,1.8468919656113627,,,0.09776289943149079,0.00040027499198913574,0.9998983276476203,0.09776289943149079,,1.2644842887837744,1.0559689770084641,236.3093581199646,1.8468919656113627,,1.8468919656113627,6.855908808146315,0.051013462235434556,0.05101300776004791,0.0512038953602314,0.051617756485939026,0.3594035077389276,0.35321781631940063,0.6392928082668612,,,,,,,,,,,,,,,,,,,,,,,,1.8147705272785327e-05,0.0001483100901757425,118
bayesfl_observability_v1,vi_lr0p0002_b128_e2,60,vi,102,8,8,,2,128,19.235100746154785,,1.850362215867886,1.850362215867886,,,0.0978532269727018,0.00040027499198913574,0.9998981213867526,0.0978532269727018,,1.0735428464085233,1.2939773289156493,19.235100746154785,1.850362215867886,,1.850362215867886,6.8553409453460095,0.05101359900102858,0.051013171672821045,0.05120467767119408,0.051622770726680756,0.3593570111766343,0.3531138653754786,0.6394216067535273,,,,,,,,,,,,,,,,,,,,,,,,1.8181804223915555e-05,0.0001483473206813745,8
bayesfl_observability_v1,vi_lr0p0002_b128_e2,60,vi,150,12,12,,2,128,22.73441505432129,,1.8465521581516904,1.8465521581516904,,,0.09775413622620721,0.00040027499198913574,0.9998983464961987,0.09775413622620721,,-0.0,2.185987945410232,22.73441505432129,1.8465521581516904,,1.8465521581516904,6.855924967889169,0.05101356499107188,0.05101288668811321,0.05120415240526199,0.05162332206964493,0.35940205823402166,0.35321279327404936,0.6394412519042626,,,,,,,,,,,,,,,,,,,,,,,,1.814436629804157e-05,0.00014835562893002476,12
bayesfl_observability_v1,vi_lr0p0002_b128_e2,60,vi,149,11,333,,2,128,225.59857177734375,,6.574338462809953,6.574338462809953,,,0.1843378592438887,0.0012031979858875275,0.9996385958968645,0.1843378592438887,,0.21239478849365837,2.0487084209067463,225.59857177734375,6.574338462809953,,6.574338462809953,6.857125095834713,0.05102195502860532,0.051021307706832886,0.051215202733874324,0.051644615828990936,0.3593956927258622,0.35308653715617344,0.6394831975321222,,,,,,,,,,,,,,,,,,,,,,,,6.459996524329324e-05,0.00015057422329847213,333
bayesfl_observability_v1,vi_lr0p0002_b128_e2,60,vi,62,5,230,,2,128,229.33543419837952,,4.204093859685209,4.204093859685209,,,0.1474464854007739,0.0008022182737477124,0.9997687407745549,0.1474464854007739,,0.7398855854147172,1.5046979575000918,229.33543419837952,4.204093859685209,,4.204093859685209,6.85638193047466,0.05101829044165054,0.0510176382958889,0.051209868490695955,0.051635727286338806,0.35939351865355645,0.3526714989120769,0.639320526106169,,,,,,,,,,,,,,,,,,,,,,,,4.130975591711908e-05,0.00014930360330210095,230
bayesfl_observability_v1,vi_lr0p0002_b128_e2,60,vi,68,5,63,,2,128,139.4343981742859,,1.8440695613196227,1.8440695613196227,,,0.09768786341263039,0.00040027499198913574,0.999898463899078,0.09768786341263039,,1.4664510448986239,0.8489783962099641,139.4343981742859,1.8440695613196227,,1.8440695613196227,6.855280453242422,0.0510135077829561,0.051012974232435226,0.051203783601522446,0.051616255193948746,0.35936611373612337,0.35332894381246494,0.6395176537600934,,,,,,,,,,,,,,,,,,,,,,,,1.8119972106904028e-05,0.00014825097175667746,63
bayesfl_observability_v1,vi_lr0p0002_b128_e2,60,vi,165,13,36,,2,128,63.21731948852539,,1.846737082541772,1.846737082541772,,,0.09775784699762181,0.00040027499198913574,0.9998983180069388,0.09775784699762181,,0.38131648785332906,1.926685551035581,63.21731948852539,1.846737082541772,,1.846737082541772,6.85526603108666,0.05101352430663368,0.05101291462779045,0.051203999668359756,0.05160686746239662,0.3593712287676601,0.3532173710364138,0.6396112514281068,,,,,,,,,,,,,,,,,,,,,,,,1.814618337959882e-05,0.00014834629026878063,36
bayesfl_observability_v1,vi_lr0p0002_b128_e2,60,vi,50,4,13,,2,128,25.522626876831055,,1.8492756740691174,1.8492756740691174,,,0.09782709997503967,0.00040027499198913574,0.9998981755325789,0.09782709997503967,,0.8953326659680909,1.3255516450199865,25.522626876831055,1.8492756740691174,,1.8492756740691174,6.8553312596797955,0.05101345490978681,0.051012903451919556,0.05120403580367565,0.05160551145672798,0.35937863955562344,0.3530926241518923,0.6391939016076531,,,,,,,,,,,,,,,,,,,,,,,,1.8171127779002825e-05,0.0001482556806949009,13
bayesfl_observability_v1,vi_lr0p0002_b128_e2,60,vi,86,6,7,,2,128,13.521498203277588,,1.8508978652561767,1.8508978652561767,,,0.09786798071001748,0.00040027499198913574,0.999898091402762,0.09786798071001748,,0.410116318288409,1.9071323795658244,13.521498203277588,1.8508978652561767,,1.8508978652561767,6.855368956132849,0.05101356691041817,0.051013145595788956,0.051203978806734086,0.051614779978990555,0.3593718328375061,0.3530250887808169,0.639298438569741,,,,,,,,,,,,,,,,,,,,,,,,1.8187067556806297e-05,0.00014828173770366448,7
bayesfl_observability_v1,vi_lr0p0002_b128_e2,60,vi,114,9,112,,2,128,155.4494228363037,,1.8514565598280435,1.8514565598280435,,,0.09788289705222429,0.0004002717323601246,0.9998980738964393,0.09788289705222429,,0.17604524709725128,2.1334990783975436,155.4494228363037,1.8514565598280435,,1.8514565598280435,6.855801642569734,0.05101354788354464,0.051012951880693436,0.05120403580367565,0.05162201449275017,0.3593956346468606,0.35312896163380636,0.6396574901120086,,,,,,,,,,,,,,,,,,,,,,,,1.8192557333477876e-05,0.0001482385228452998,112
bayesfl_observability_v1,vi_lr0p0002_b128_e2,60,vi,17,1,132,,2,128,168.6574945449829,,4.169571828630604,4.169571828630604,,,0.1468369639731484,0.0008022580295801163,0.9997705980959107,0.1468369639731484,,1.2053659931842142,1.1004903769146668,168.6574945449829,4.169571828630604,,4.169571828630604,6.855495513226546,0.05101837383273327,0.0510178878903389,0.05121016502380371,0.05162712559103966,0.3593271629314169,0.352932855024384,0.6390128733825297,,,,,,,,,,,,,,,,,,,,,,,,4.097053973303138e-05,0.00014936473474959185,132
bayesfl_observability_v1,vi_lr0p0002_b128_e2,60,vi,23,1,306,,2,128,225.78366724650064,,6.559549319941131,6.559549319941131,,,0.18413045050978066,0.0012004207819700241,0.9996395508762153,0.18413045050978066,,1.0359434414661433,1.2422106794126557,225.78366724650064,6.559549319941131,,6.559549319941131,6.8583608526248625,0.05102199961872323,0.05102183856070042,0.051215366646647456,0.051620252430438995,0.3594403427907846,0.3530797014988446,0.6397719871363576,,,,,,,,,,,,,,,,,,,,,,,,6.445464596581636e-05,0.00015056753988322517,306
