2026-07-08 23:45:31,978 | INFO | Starting Bayesian FL source run
2026-07-08 23:45:31,978 | INFO | Flower version: 1.29.0
2026-07-08 23:45:31,979 | INFO | Method=vi dataset=mnist model=mlp
2026-07-08 23:45:31,979 | INFO | Physical devices=300 Flower virtual clients=24 client_fraction=0.0500
2026-07-08 23:45:31,979 | INFO | Output directory: /home/micl/DungNDH/micl/bayesfl_base_source/outputs/tune_vi_mnist_noniid_unbalanced_finetune/vi_lr0p002_b256_e5_prior0p10
/home/micl/DungNDH/micl/bayesfl_base_source/dataset.py:75: UserWarning: Length of split at index 1 is 0. This might result in an empty dataset.
  train_subset, val_subset = random_split(subset, [train_len, val_len], generator=split_gen)
2026-07-08 23:45:32,949 | INFO | Loaded dataset with input_shape=(1, 28, 28) num_classes=10
2026-07-08 23:45:32,949 | INFO | Saved device/data summary to outputs/tune_vi_mnist_noniid_unbalanced_finetune/vi_lr0p002_b256_e5_prior0p10/device_summary.csv
2026-07-08 23:45:32,950 | INFO | Initial payload arrays: [(101770,), (101770,)]
2026-07-08 23:45:32,956 | INFO | Flower client_resources={'num_cpus': 1.0, 'num_gpus': 0.5}
[93mWARNING [0m:   DEPRECATED FEATURE: flwr.simulation.start_simulation() is deprecated.
	Instead, use the `flwr run` CLI command to start a local simulation in your Flower app, as shown for example below:

		$ flwr new  # Create a new Flower app from a template

		$ flwr run  # Run the Flower app in Simulation Mode

	Using `start_simulation()` is deprecated.

            This is a deprecated feature. It will be removed
            entirely in future versions of Flower.
        
2026-07-08 23:45:33,060 | WARNING | DEPRECATED FEATURE: flwr.simulation.start_simulation() is deprecated.
	Instead, use the `flwr run` CLI command to start a local simulation in your Flower app, as shown for example below:

		$ flwr new  # Create a new Flower app from a template

		$ flwr run  # Run the Flower app in Simulation Mode

	Using `start_simulation()` is deprecated.

            This is a deprecated feature. It will be removed
            entirely in future versions of Flower.
        
[92mINFO [0m:      Starting Flower simulation, config: num_rounds=60, no round_timeout
2026-07-08 23:45:33,061 | INFO | Starting Flower simulation, config: num_rounds=60, no round_timeout
2026-07-08 23:45:34,482	INFO worker.py:2012 -- Started a local Ray instance.
/home/micl/anaconda3/envs/dungndh/lib/python3.10/site-packages/ray/_private/worker.py:2051: FutureWarning: Tip: In future versions of Ray, Ray will no longer override accelerator visible devices env var if num_gpus=0 or num_gpus=None (default). To enable this behavior and turn off this error message, set RAY_ACCEL_ENV_VAR_OVERRIDE_ON_ZERO=0
  warnings.warn(
[92mINFO [0m:      Flower VCE: Ray initialized with resources: {'object_store_memory': 69387035443.0, 'node:203.249.64.186': 1.0, 'memory': 161903082701.0, 'GPU': 1.0, 'CPU': 48.0, 'accelerator_type:G': 1.0, 'node:__internal_head__': 1.0}
2026-07-08 23:45:35,405 | INFO | Flower VCE: Ray initialized with resources: {'object_store_memory': 69387035443.0, 'node:203.249.64.186': 1.0, 'memory': 161903082701.0, 'GPU': 1.0, 'CPU': 48.0, 'accelerator_type:G': 1.0, 'node:__internal_head__': 1.0}
[92mINFO [0m:      Optimize your simulation with Flower VCE: https://flower.ai/docs/framework/how-to-run-simulations.html
2026-07-08 23:45:35,405 | INFO | Optimize your simulation with Flower VCE: https://flower.ai/docs/framework/how-to-run-simulations.html
[92mINFO [0m:      Flower VCE: Resources for each Virtual Client: {'num_cpus': 1.0, 'num_gpus': 0.5}
2026-07-08 23:45:35,406 | INFO | Flower VCE: Resources for each Virtual Client: {'num_cpus': 1.0, 'num_gpus': 0.5}
[92mINFO [0m:      Flower VCE: Creating VirtualClientEngineActorPool with 2 actors
2026-07-08 23:45:35,468 | INFO | Flower VCE: Creating VirtualClientEngineActorPool with 2 actors
[92mINFO [0m:      [INIT]
2026-07-08 23:45:35,468 | INFO | [INIT]
[92mINFO [0m:      Using initial global parameters provided by strategy
2026-07-08 23:45:35,468 | INFO | Using initial global parameters provided by strategy
[92mINFO [0m:      Starting evaluation of initial global parameters
2026-07-08 23:45:35,468 | INFO | Starting evaluation of initial global parameters
[round=0000 method=vi] mean_acc=0.1078 mean_loss=2.2840 mc_acc=0.1079 mc_loss=2.2840 ece=0.0326 active_physical=0 virtual=0
[92mINFO [0m:      initial parameters (loss, other metrics): 2.283973722076416, {'accuracy': 0.1078, 'global_ece': 0.03257808820903302, 'selected_count': 0, 'active_physical_devices': 0}
2026-07-08 23:45:38,209 | INFO | initial parameters (loss, other metrics): 2.283973722076416, {'accuracy': 0.1078, 'global_ece': 0.03257808820903302, 'selected_count': 0, 'active_physical_devices': 0}
[92mINFO [0m:      
2026-07-08 23:45:38,210 | INFO | 
[92mINFO [0m:      [ROUND 1]
2026-07-08 23:45:38,210 | INFO | [ROUND 1]
[92mINFO [0m:      configure_fit: strategy sampled 24 clients (out of 24)
2026-07-08 23:45:38,210 | INFO | configure_fit: strategy sampled 24 clients (out of 24)
[92mINFO [0m:      aggregate_fit: received 24 results and 0 failures
2026-07-08 23:45:45,183 | INFO | aggregate_fit: received 24 results and 0 failures
[round=0001 method=vi] mean_acc=0.1873 mean_loss=2.3128 mc_acc=0.1874 mc_loss=2.3128 ece=0.1044 active_physical=15 virtual=12
[92mINFO [0m:      fit progress: (1, 2.3128111778259277, {'accuracy': 0.1873, 'global_ece': 0.10440071888864041, 'selected_count': 15, 'active_physical_devices': 15}, 9.515093628317118)
2026-07-08 23:45:47,725 | INFO | fit progress: (1, 2.3128111778259277, {'accuracy': 0.1873, 'global_ece': 0.10440071888864041, 'selected_count': 15, 'active_physical_devices': 15}, 9.515093628317118)
[92mINFO [0m:      configure_evaluate: no clients selected, skipping evaluation
2026-07-08 23:45:47,725 | INFO | configure_evaluate: no clients selected, skipping evaluation
[92mINFO [0m:      
2026-07-08 23:45:47,725 | INFO | 
[92mINFO [0m:      [ROUND 2]
2026-07-08 23:45:47,725 | INFO | [ROUND 2]
[92mINFO [0m:      configure_fit: strategy sampled 24 clients (out of 24)
2026-07-08 23:45:47,726 | INFO | configure_fit: strategy sampled 24 clients (out of 24)
[92mINFO [0m:      aggregate_fit: received 24 results and 0 failures
2026-07-08 23:45:51,371 | INFO | aggregate_fit: received 24 results and 0 failures
[round=0002 method=vi] mean_acc=0.1300 mean_loss=2.6889 mc_acc=0.1300 mc_loss=2.6889 ece=0.3542 active_physical=15 virtual=13
[92mINFO [0m:      fit progress: (2, 2.6889337936401367, {'accuracy': 0.13, 'global_ece': 0.35419862122535706, 'selected_count': 15, 'active_physical_devices': 15}, 15.343046441674232)
2026-07-08 23:45:53,553 | INFO | fit progress: (2, 2.6889337936401367, {'accuracy': 0.13, 'global_ece': 0.35419862122535706, 'selected_count': 15, 'active_physical_devices': 15}, 15.343046441674232)
[92mINFO [0m:      configure_evaluate: no clients selected, skipping evaluation
2026-07-08 23:45:53,553 | INFO | configure_evaluate: no clients selected, skipping evaluation
[92mINFO [0m:      
2026-07-08 23:45:53,553 | INFO | 
[92mINFO [0m:      [ROUND 3]
2026-07-08 23:45:53,553 | INFO | [ROUND 3]
[92mINFO [0m:      configure_fit: strategy sampled 24 clients (out of 24)
2026-07-08 23:45:53,554 | INFO | configure_fit: strategy sampled 24 clients (out of 24)
[92mINFO [0m:      aggregate_fit: received 24 results and 0 failures
2026-07-08 23:45:57,066 | INFO | aggregate_fit: received 24 results and 0 failures
[round=0003 method=vi] mean_acc=0.1995 mean_loss=2.1558 mc_acc=0.1993 mc_loss=2.1558 ece=0.0508 active_physical=15 virtual=12
[92mINFO [0m:      fit progress: (3, 2.1557637577056883, {'accuracy': 0.1995, 'global_ece': 0.050798045623302465, 'selected_count': 15, 'active_physical_devices': 15}, 21.000727113336325)
2026-07-08 23:45:59,210 | INFO | fit progress: (3, 2.1557637577056883, {'accuracy': 0.1995, 'global_ece': 0.050798045623302465, 'selected_count': 15, 'active_physical_devices': 15}, 21.000727113336325)
[92mINFO [0m:      configure_evaluate: no clients selected, skipping evaluation
2026-07-08 23:45:59,211 | INFO | configure_evaluate: no clients selected, skipping evaluation
[92mINFO [0m:      
2026-07-08 23:45:59,211 | INFO | 
[92mINFO [0m:      [ROUND 4]
2026-07-08 23:45:59,211 | INFO | [ROUND 4]
[92mINFO [0m:      configure_fit: strategy sampled 24 clients (out of 24)
2026-07-08 23:45:59,211 | INFO | configure_fit: strategy sampled 24 clients (out of 24)
[92mINFO [0m:      aggregate_fit: received 24 results and 0 failures
2026-07-08 23:46:03,403 | INFO | aggregate_fit: received 24 results and 0 failures
[36m(pid=gcs_server)[0m [2026-07-08 23:46:03,530 E 1394939 1394939] (gcs_server) gcs_server.cc:302: Failed to establish connection to the event+metrics exporter agent. Events and metrics will not be exported. Exporter agent status: RpcError: Running out of retries to initialize the metrics agent. rpc_code: 14
[33m(raylet)[0m [2026-07-08 23:46:04,419 E 1395232 1395232] (raylet) main.cc:975: Failed to establish connection to the metrics exporter agent. Metrics will not be exported. Exporter agent status: RpcError: Running out of retries to initialize the metrics agent. rpc_code: 14
[36m(ClientAppActor pid=1395364)[0m [2026-07-08 23:46:05,014 E 1395364 1395649] core_worker_process.cc:825: Failed to establish connection to the metrics exporter agent. Metrics will not be exported. Exporter agent status: RpcError: Running out of retries to initialize the metrics agent. rpc_code: 14
[2026-07-08 23:46:05,410 E 1394641 1395337] core_worker_process.cc:825: Failed to establish connection to the metrics exporter agent. Metrics will not be exported. Exporter agent status: RpcError: Running out of retries to initialize the metrics agent. rpc_code: 14
[round=0004 method=vi] mean_acc=0.2343 mean_loss=2.0848 mc_acc=0.2344 mc_loss=2.0848 ece=0.0658 active_physical=15 virtual=10
[92mINFO [0m:      fit progress: (4, 2.0848127006530763, {'accuracy': 0.2343, 'global_ece': 0.06578104174882173, 'selected_count': 15, 'active_physical_devices': 15}, 27.354431606829166)
2026-07-08 23:46:05,564 | INFO | fit progress: (4, 2.0848127006530763, {'accuracy': 0.2343, 'global_ece': 0.06578104174882173, 'selected_count': 15, 'active_physical_devices': 15}, 27.354431606829166)
[92mINFO [0m:      configure_evaluate: no clients selected, skipping evaluation
2026-07-08 23:46:05,600 | INFO | configure_evaluate: no clients selected, skipping evaluation
[92mINFO [0m:      
2026-07-08 23:46:05,601 | INFO | 
[92mINFO [0m:      [ROUND 5]
2026-07-08 23:46:05,601 | INFO | [ROUND 5]
[92mINFO [0m:      configure_fit: strategy sampled 24 clients (out of 24)
2026-07-08 23:46:05,602 | INFO | configure_fit: strategy sampled 24 clients (out of 24)
[92mINFO [0m:      aggregate_fit: received 24 results and 0 failures
2026-07-08 23:46:09,426 | INFO | aggregate_fit: received 24 results and 0 failures
[round=0005 method=vi] mean_acc=0.2628 mean_loss=2.0860 mc_acc=0.2628 mc_loss=2.0860 ece=0.0815 active_physical=15 virtual=13
[92mINFO [0m:      fit progress: (5, 2.0860489974975587, {'accuracy': 0.2628, 'global_ece': 0.08145286758542061, 'selected_count': 15, 'active_physical_devices': 15}, 34.24781600013375)
2026-07-08 23:46:12,457 | INFO | fit progress: (5, 2.0860489974975587, {'accuracy': 0.2628, 'global_ece': 0.08145286758542061, 'selected_count': 15, 'active_physical_devices': 15}, 34.24781600013375)
[92mINFO [0m:      configure_evaluate: no clients selected, skipping evaluation
2026-07-08 23:46:12,458 | INFO | configure_evaluate: no clients selected, skipping evaluation
[92mINFO [0m:      
2026-07-08 23:46:12,458 | INFO | 
[92mINFO [0m:      [ROUND 6]
2026-07-08 23:46:12,458 | INFO | [ROUND 6]
[92mINFO [0m:      configure_fit: strategy sampled 24 clients (out of 24)
2026-07-08 23:46:12,459 | INFO | configure_fit: strategy sampled 24 clients (out of 24)
[92mINFO [0m:      aggregate_fit: received 24 results and 0 failures
2026-07-08 23:46:16,345 | INFO | aggregate_fit: received 24 results and 0 failures
[round=0006 method=vi] mean_acc=0.3149 mean_loss=2.0900 mc_acc=0.3148 mc_loss=2.0900 ece=0.1658 active_physical=15 virtual=12
[92mINFO [0m:      fit progress: (6, 2.090021279144287, {'accuracy': 0.3149, 'global_ece': 0.16581524063646794, 'selected_count': 15, 'active_physical_devices': 15}, 40.937761936336756)
2026-07-08 23:46:19,147 | INFO | fit progress: (6, 2.090021279144287, {'accuracy': 0.3149, 'global_ece': 0.16581524063646794, 'selected_count': 15, 'active_physical_devices': 15}, 40.937761936336756)
[92mINFO [0m:      configure_evaluate: no clients selected, skipping evaluation
2026-07-08 23:46:19,148 | INFO | configure_evaluate: no clients selected, skipping evaluation
[92mINFO [0m:      
2026-07-08 23:46:19,148 | INFO | 
[92mINFO [0m:      [ROUND 7]
2026-07-08 23:46:19,148 | INFO | [ROUND 7]
[92mINFO [0m:      configure_fit: strategy sampled 24 clients (out of 24)
2026-07-08 23:46:19,148 | INFO | configure_fit: strategy sampled 24 clients (out of 24)
[92mINFO [0m:      aggregate_fit: received 24 results and 0 failures
2026-07-08 23:46:23,100 | INFO | aggregate_fit: received 24 results and 0 failures
[round=0007 method=vi] mean_acc=0.2388 mean_loss=2.0864 mc_acc=0.2386 mc_loss=2.0864 ece=0.0965 active_physical=15 virtual=10
[92mINFO [0m:      fit progress: (7, 2.0863757774353027, {'accuracy': 0.2388, 'global_ece': 0.09653554913699626, 'selected_count': 15, 'active_physical_devices': 15}, 47.37251104041934)
2026-07-08 23:46:25,582 | INFO | fit progress: (7, 2.0863757774353027, {'accuracy': 0.2388, 'global_ece': 0.09653554913699626, 'selected_count': 15, 'active_physical_devices': 15}, 47.37251104041934)
[92mINFO [0m:      configure_evaluate: no clients selected, skipping evaluation
2026-07-08 23:46:25,582 | INFO | configure_evaluate: no clients selected, skipping evaluation
[92mINFO [0m:      
2026-07-08 23:46:25,582 | INFO | 
[92mINFO [0m:      [ROUND 8]
2026-07-08 23:46:25,582 | INFO | [ROUND 8]
[92mINFO [0m:      configure_fit: strategy sampled 24 clients (out of 24)
2026-07-08 23:46:25,583 | INFO | configure_fit: strategy sampled 24 clients (out of 24)
[92mINFO [0m:      aggregate_fit: received 24 results and 0 failures
2026-07-08 23:46:29,279 | INFO | aggregate_fit: received 24 results and 0 failures
[round=0008 method=vi] mean_acc=0.4339 mean_loss=2.0793 mc_acc=0.4338 mc_loss=2.0793 ece=0.2905 active_physical=15 virtual=12
[92mINFO [0m:      fit progress: (8, 2.0792753162384034, {'accuracy': 0.4339, 'global_ece': 0.29049354315549136, 'selected_count': 15, 'active_physical_devices': 15}, 53.21485749259591)
2026-07-08 23:46:31,424 | INFO | fit progress: (8, 2.0792753162384034, {'accuracy': 0.4339, 'global_ece': 0.29049354315549136, 'selected_count': 15, 'active_physical_devices': 15}, 53.21485749259591)
[92mINFO [0m:      configure_evaluate: no clients selected, skipping evaluation
2026-07-08 23:46:31,425 | INFO | configure_evaluate: no clients selected, skipping evaluation
[92mINFO [0m:      
2026-07-08 23:46:31,425 | INFO | 
[92mINFO [0m:      [ROUND 9]
2026-07-08 23:46:31,425 | INFO | [ROUND 9]
[92mINFO [0m:      configure_fit: strategy sampled 24 clients (out of 24)
2026-07-08 23:46:31,426 | INFO | configure_fit: strategy sampled 24 clients (out of 24)
[92mINFO [0m:      aggregate_fit: received 24 results and 0 failures
2026-07-08 23:46:34,959 | INFO | aggregate_fit: received 24 results and 0 failures
[round=0009 method=vi] mean_acc=0.4884 mean_loss=2.0689 mc_acc=0.4884 mc_loss=2.0689 ece=0.3470 active_physical=15 virtual=10
[92mINFO [0m:      fit progress: (9, 2.0689254299163817, {'accuracy': 0.4884, 'global_ece': 0.34699210454225543, 'selected_count': 15, 'active_physical_devices': 15}, 59.46040343493223)
2026-07-08 23:46:37,670 | INFO | fit progress: (9, 2.0689254299163817, {'accuracy': 0.4884, 'global_ece': 0.34699210454225543, 'selected_count': 15, 'active_physical_devices': 15}, 59.46040343493223)
[92mINFO [0m:      configure_evaluate: no clients selected, skipping evaluation
2026-07-08 23:46:37,670 | INFO | configure_evaluate: no clients selected, skipping evaluation
[92mINFO [0m:      
2026-07-08 23:46:37,670 | INFO | 
[92mINFO [0m:      [ROUND 10]
2026-07-08 23:46:37,670 | INFO | [ROUND 10]
[92mINFO [0m:      configure_fit: strategy sampled 24 clients (out of 24)
2026-07-08 23:46:37,671 | INFO | configure_fit: strategy sampled 24 clients (out of 24)
[92mINFO [0m:      aggregate_fit: received 24 results and 0 failures
2026-07-08 23:46:41,578 | INFO | aggregate_fit: received 24 results and 0 failures
[round=0010 method=vi] mean_acc=0.5288 mean_loss=2.0571 mc_acc=0.5288 mc_loss=2.0571 ece=0.3861 active_physical=15 virtual=13
[92mINFO [0m:      fit progress: (10, 2.057075524520874, {'accuracy': 0.5288, 'global_ece': 0.38606265934705725, 'selected_count': 15, 'active_physical_devices': 15}, 65.60802171751857)
2026-07-08 23:46:43,818 | INFO | fit progress: (10, 2.057075524520874, {'accuracy': 0.5288, 'global_ece': 0.38606265934705725, 'selected_count': 15, 'active_physical_devices': 15}, 65.60802171751857)
[92mINFO [0m:      configure_evaluate: no clients selected, skipping evaluation
2026-07-08 23:46:43,818 | INFO | configure_evaluate: no clients selected, skipping evaluation
[92mINFO [0m:      
2026-07-08 23:46:43,818 | INFO | 
[92mINFO [0m:      [ROUND 11]
2026-07-08 23:46:43,818 | INFO | [ROUND 11]
[92mINFO [0m:      configure_fit: strategy sampled 24 clients (out of 24)
2026-07-08 23:46:43,818 | INFO | configure_fit: strategy sampled 24 clients (out of 24)
[92mINFO [0m:      aggregate_fit: received 24 results and 0 failures
2026-07-08 23:46:48,609 | INFO | aggregate_fit: received 24 results and 0 failures
[round=0011 method=vi] mean_acc=0.5497 mean_loss=2.0586 mc_acc=0.5498 mc_loss=2.0586 ece=0.4112 active_physical=15 virtual=15
[92mINFO [0m:      fit progress: (11, 2.0586159999847413, {'accuracy': 0.5497, 'global_ece': 0.41122722761631014, 'selected_count': 15, 'active_physical_devices': 15}, 72.94169785827398)
2026-07-08 23:46:51,151 | INFO | fit progress: (11, 2.0586159999847413, {'accuracy': 0.5497, 'global_ece': 0.41122722761631014, 'selected_count': 15, 'active_physical_devices': 15}, 72.94169785827398)
[92mINFO [0m:      configure_evaluate: no clients selected, skipping evaluation
2026-07-08 23:46:51,151 | INFO | configure_evaluate: no clients selected, skipping evaluation
[92mINFO [0m:      
2026-07-08 23:46:51,152 | INFO | 
[92mINFO [0m:      [ROUND 12]
2026-07-08 23:46:51,152 | INFO | [ROUND 12]
[92mINFO [0m:      configure_fit: strategy sampled 24 clients (out of 24)
2026-07-08 23:46:51,152 | INFO | configure_fit: strategy sampled 24 clients (out of 24)
[92mINFO [0m:      aggregate_fit: received 24 results and 0 failures
2026-07-08 23:46:54,811 | INFO | aggregate_fit: received 24 results and 0 failures
[round=0012 method=vi] mean_acc=0.5546 mean_loss=2.0563 mc_acc=0.5545 mc_loss=2.0563 ece=0.4171 active_physical=15 virtual=12
[92mINFO [0m:      fit progress: (12, 2.0562803131103515, {'accuracy': 0.5546, 'global_ece': 0.4170806091904639, 'selected_count': 15, 'active_physical_devices': 15}, 79.4320949614048)
2026-07-08 23:46:57,642 | INFO | fit progress: (12, 2.0562803131103515, {'accuracy': 0.5546, 'global_ece': 0.4170806091904639, 'selected_count': 15, 'active_physical_devices': 15}, 79.4320949614048)
[92mINFO [0m:      configure_evaluate: no clients selected, skipping evaluation
2026-07-08 23:46:57,642 | INFO | configure_evaluate: no clients selected, skipping evaluation
[92mINFO [0m:      
2026-07-08 23:46:57,642 | INFO | 
[92mINFO [0m:      [ROUND 13]
2026-07-08 23:46:57,642 | INFO | [ROUND 13]
[92mINFO [0m:      configure_fit: strategy sampled 24 clients (out of 24)
2026-07-08 23:46:57,643 | INFO | configure_fit: strategy sampled 24 clients (out of 24)
[92mINFO [0m:      aggregate_fit: received 24 results and 0 failures
2026-07-08 23:47:01,104 | INFO | aggregate_fit: received 24 results and 0 failures
[round=0013 method=vi] mean_acc=0.5633 mean_loss=2.0479 mc_acc=0.5638 mc_loss=2.0479 ece=0.4240 active_physical=15 virtual=14
[92mINFO [0m:      fit progress: (13, 2.0479048137664795, {'accuracy': 0.5633, 'global_ece': 0.4240293370991946, 'selected_count': 15, 'active_physical_devices': 15}, 85.46556153520942)
2026-07-08 23:47:03,675 | INFO | fit progress: (13, 2.0479048137664795, {'accuracy': 0.5633, 'global_ece': 0.4240293370991946, 'selected_count': 15, 'active_physical_devices': 15}, 85.46556153520942)
[92mINFO [0m:      configure_evaluate: no clients selected, skipping evaluation
2026-07-08 23:47:03,675 | INFO | configure_evaluate: no clients selected, skipping evaluation
[92mINFO [0m:      
2026-07-08 23:47:03,675 | INFO | 
[92mINFO [0m:      [ROUND 14]
2026-07-08 23:47:03,675 | INFO | [ROUND 14]
[92mINFO [0m:      configure_fit: strategy sampled 24 clients (out of 24)
2026-07-08 23:47:03,676 | INFO | configure_fit: strategy sampled 24 clients (out of 24)
[92mINFO [0m:      aggregate_fit: received 24 results and 0 failures
2026-07-08 23:47:06,954 | INFO | aggregate_fit: received 24 results and 0 failures
[round=0014 method=vi] mean_acc=0.5550 mean_loss=2.0128 mc_acc=0.5547 mc_loss=2.0128 ece=0.4085 active_physical=15 virtual=12
[92mINFO [0m:      fit progress: (14, 2.0127625089645385, {'accuracy': 0.555, 'global_ece': 0.4085368153095245, 'selected_count': 15, 'active_physical_devices': 15}, 91.3022612631321)
2026-07-08 23:47:09,512 | INFO | fit progress: (14, 2.0127625089645385, {'accuracy': 0.555, 'global_ece': 0.4085368153095245, 'selected_count': 15, 'active_physical_devices': 15}, 91.3022612631321)
[92mINFO [0m:      configure_evaluate: no clients selected, skipping evaluation
2026-07-08 23:47:09,512 | INFO | configure_evaluate: no clients selected, skipping evaluation
[92mINFO [0m:      
2026-07-08 23:47:09,512 | INFO | 
[92mINFO [0m:      [ROUND 15]
2026-07-08 23:47:09,512 | INFO | [ROUND 15]
[92mINFO [0m:      configure_fit: strategy sampled 24 clients (out of 24)
2026-07-08 23:47:09,513 | INFO | configure_fit: strategy sampled 24 clients (out of 24)
[92mINFO [0m:      aggregate_fit: received 24 results and 0 failures
2026-07-08 23:47:12,971 | INFO | aggregate_fit: received 24 results and 0 failures
[round=0015 method=vi] mean_acc=0.5822 mean_loss=1.9816 mc_acc=0.5818 mc_loss=1.9816 ece=0.4290 active_physical=15 virtual=13
[92mINFO [0m:      fit progress: (15, 1.9815984203338624, {'accuracy': 0.5822, 'global_ece': 0.4289871096163989, 'selected_count': 15, 'active_physical_devices': 15}, 97.4088142439723)
2026-07-08 23:47:15,618 | INFO | fit progress: (15, 1.9815984203338624, {'accuracy': 0.5822, 'global_ece': 0.4289871096163989, 'selected_count': 15, 'active_physical_devices': 15}, 97.4088142439723)
[92mINFO [0m:      configure_evaluate: no clients selected, skipping evaluation
2026-07-08 23:47:15,619 | INFO | configure_evaluate: no clients selected, skipping evaluation
[92mINFO [0m:      
2026-07-08 23:47:15,619 | INFO | 
[92mINFO [0m:      [ROUND 16]
2026-07-08 23:47:15,619 | INFO | [ROUND 16]
[92mINFO [0m:      configure_fit: strategy sampled 24 clients (out of 24)
2026-07-08 23:47:15,619 | INFO | configure_fit: strategy sampled 24 clients (out of 24)
[92mINFO [0m:      aggregate_fit: received 24 results and 0 failures
2026-07-08 23:47:19,337 | INFO | aggregate_fit: received 24 results and 0 failures
[round=0016 method=vi] mean_acc=0.3084 mean_loss=1.9060 mc_acc=0.3086 mc_loss=1.9060 ece=0.0953 active_physical=15 virtual=12
[92mINFO [0m:      fit progress: (16, 1.9060132522583009, {'accuracy': 0.3084, 'global_ece': 0.09529872117638588, 'selected_count': 15, 'active_physical_devices': 15}, 103.29516076669097)
2026-07-08 23:47:21,505 | INFO | fit progress: (16, 1.9060132522583009, {'accuracy': 0.3084, 'global_ece': 0.09529872117638588, 'selected_count': 15, 'active_physical_devices': 15}, 103.29516076669097)
[92mINFO [0m:      configure_evaluate: no clients selected, skipping evaluation
2026-07-08 23:47:21,505 | INFO | configure_evaluate: no clients selected, skipping evaluation
[92mINFO [0m:      
2026-07-08 23:47:21,505 | INFO | 
[92mINFO [0m:      [ROUND 17]
2026-07-08 23:47:21,505 | INFO | [ROUND 17]
[92mINFO [0m:      configure_fit: strategy sampled 24 clients (out of 24)
2026-07-08 23:47:21,506 | INFO | configure_fit: strategy sampled 24 clients (out of 24)
[92mINFO [0m:      aggregate_fit: received 24 results and 0 failures
2026-07-08 23:47:25,155 | INFO | aggregate_fit: received 24 results and 0 failures
[round=0017 method=vi] mean_acc=0.4158 mean_loss=1.9220 mc_acc=0.4156 mc_loss=1.9220 ece=0.2378 active_physical=15 virtual=12
[92mINFO [0m:      fit progress: (17, 1.9220194744110108, {'accuracy': 0.4158, 'global_ece': 0.23782938882112506, 'selected_count': 15, 'active_physical_devices': 15}, 109.09857537597418)
2026-07-08 23:47:27,308 | INFO | fit progress: (17, 1.9220194744110108, {'accuracy': 0.4158, 'global_ece': 0.23782938882112506, 'selected_count': 15, 'active_physical_devices': 15}, 109.09857537597418)
[92mINFO [0m:      configure_evaluate: no clients selected, skipping evaluation
2026-07-08 23:47:27,308 | INFO | configure_evaluate: no clients selected, skipping evaluation
[92mINFO [0m:      
2026-07-08 23:47:27,308 | INFO | 
[92mINFO [0m:      [ROUND 18]
2026-07-08 23:47:27,308 | INFO | [ROUND 18]
[92mINFO [0m:      configure_fit: strategy sampled 24 clients (out of 24)
2026-07-08 23:47:27,309 | INFO | configure_fit: strategy sampled 24 clients (out of 24)
[92mINFO [0m:      aggregate_fit: received 24 results and 0 failures
2026-07-08 23:47:30,935 | INFO | aggregate_fit: received 24 results and 0 failures
[round=0018 method=vi] mean_acc=0.5121 mean_loss=1.9010 mc_acc=0.5120 mc_loss=1.9010 ece=0.3360 active_physical=15 virtual=12
[92mINFO [0m:      fit progress: (18, 1.9010075174331664, {'accuracy': 0.5121, 'global_ece': 0.33595209268033505, 'selected_count': 15, 'active_physical_devices': 15}, 115.49693767726421)
2026-07-08 23:47:33,707 | INFO | fit progress: (18, 1.9010075174331664, {'accuracy': 0.5121, 'global_ece': 0.33595209268033505, 'selected_count': 15, 'active_physical_devices': 15}, 115.49693767726421)
[92mINFO [0m:      configure_evaluate: no clients selected, skipping evaluation
2026-07-08 23:47:33,707 | INFO | configure_evaluate: no clients selected, skipping evaluation
[92mINFO [0m:      
2026-07-08 23:47:33,707 | INFO | 
[92mINFO [0m:      [ROUND 19]
2026-07-08 23:47:33,707 | INFO | [ROUND 19]
[92mINFO [0m:      configure_fit: strategy sampled 24 clients (out of 24)
2026-07-08 23:47:33,707 | INFO | configure_fit: strategy sampled 24 clients (out of 24)
[92mINFO [0m:      aggregate_fit: received 24 results and 0 failures
2026-07-08 23:47:37,725 | INFO | aggregate_fit: received 24 results and 0 failures
[round=0019 method=vi] mean_acc=0.4846 mean_loss=1.9053 mc_acc=0.4846 mc_loss=1.9053 ece=0.3070 active_physical=15 virtual=10
[92mINFO [0m:      fit progress: (19, 1.9053004861831666, {'accuracy': 0.4846, 'global_ece': 0.3069979118525982, 'selected_count': 15, 'active_physical_devices': 15}, 121.68636748939753)
2026-07-08 23:47:39,896 | INFO | fit progress: (19, 1.9053004861831666, {'accuracy': 0.4846, 'global_ece': 0.3069979118525982, 'selected_count': 15, 'active_physical_devices': 15}, 121.68636748939753)
[92mINFO [0m:      configure_evaluate: no clients selected, skipping evaluation
2026-07-08 23:47:39,896 | INFO | configure_evaluate: no clients selected, skipping evaluation
[92mINFO [0m:      
2026-07-08 23:47:39,896 | INFO | 
[92mINFO [0m:      [ROUND 20]
2026-07-08 23:47:39,896 | INFO | [ROUND 20]
[92mINFO [0m:      configure_fit: strategy sampled 24 clients (out of 24)
2026-07-08 23:47:39,897 | INFO | configure_fit: strategy sampled 24 clients (out of 24)
[92mINFO [0m:      aggregate_fit: received 24 results and 0 failures
2026-07-08 23:47:43,879 | INFO | aggregate_fit: received 24 results and 0 failures
[round=0020 method=vi] mean_acc=0.4841 mean_loss=1.8981 mc_acc=0.4840 mc_loss=1.8981 ece=0.3081 active_physical=15 virtual=12
[92mINFO [0m:      fit progress: (20, 1.8981436458587646, {'accuracy': 0.4841, 'global_ece': 0.3081286784023047, 'selected_count': 15, 'active_physical_devices': 15}, 127.93417736515403)
2026-07-08 23:47:46,144 | INFO | fit progress: (20, 1.8981436458587646, {'accuracy': 0.4841, 'global_ece': 0.3081286784023047, 'selected_count': 15, 'active_physical_devices': 15}, 127.93417736515403)
[92mINFO [0m:      configure_evaluate: no clients selected, skipping evaluation
2026-07-08 23:47:46,144 | INFO | configure_evaluate: no clients selected, skipping evaluation
[92mINFO [0m:      
2026-07-08 23:47:46,144 | INFO | 
[92mINFO [0m:      [ROUND 21]
2026-07-08 23:47:46,144 | INFO | [ROUND 21]
[92mINFO [0m:      configure_fit: strategy sampled 24 clients (out of 24)
2026-07-08 23:47:46,145 | INFO | configure_fit: strategy sampled 24 clients (out of 24)
[92mINFO [0m:      aggregate_fit: received 24 results and 0 failures
2026-07-08 23:47:50,473 | INFO | aggregate_fit: received 24 results and 0 failures
[round=0021 method=vi] mean_acc=0.5664 mean_loss=1.8573 mc_acc=0.5662 mc_loss=1.8573 ece=0.3872 active_physical=15 virtual=10
[92mINFO [0m:      fit progress: (21, 1.8572723350524902, {'accuracy': 0.5664, 'global_ece': 0.38724635161757465, 'selected_count': 15, 'active_physical_devices': 15}, 134.42639096081257)
2026-07-08 23:47:52,636 | INFO | fit progress: (21, 1.8572723350524902, {'accuracy': 0.5664, 'global_ece': 0.38724635161757465, 'selected_count': 15, 'active_physical_devices': 15}, 134.42639096081257)
[92mINFO [0m:      configure_evaluate: no clients selected, skipping evaluation
2026-07-08 23:47:52,636 | INFO | configure_evaluate: no clients selected, skipping evaluation
[92mINFO [0m:      
2026-07-08 23:47:52,636 | INFO | 
[92mINFO [0m:      [ROUND 22]
2026-07-08 23:47:52,636 | INFO | [ROUND 22]
[92mINFO [0m:      configure_fit: strategy sampled 24 clients (out of 24)
2026-07-08 23:47:52,637 | INFO | configure_fit: strategy sampled 24 clients (out of 24)
[92mINFO [0m:      aggregate_fit: received 24 results and 0 failures
2026-07-08 23:47:56,058 | INFO | aggregate_fit: received 24 results and 0 failures
[round=0022 method=vi] mean_acc=0.5446 mean_loss=1.8374 mc_acc=0.5445 mc_loss=1.8374 ece=0.3565 active_physical=15 virtual=12
[92mINFO [0m:      fit progress: (22, 1.8373730752944946, {'accuracy': 0.5446, 'global_ece': 0.3564615902990103, 'selected_count': 15, 'active_physical_devices': 15}, 140.5866508334875)
2026-07-08 23:47:58,796 | INFO | fit progress: (22, 1.8373730752944946, {'accuracy': 0.5446, 'global_ece': 0.3564615902990103, 'selected_count': 15, 'active_physical_devices': 15}, 140.5866508334875)
[92mINFO [0m:      configure_evaluate: no clients selected, skipping evaluation
2026-07-08 23:47:58,796 | INFO | configure_evaluate: no clients selected, skipping evaluation
[92mINFO [0m:      
2026-07-08 23:47:58,796 | INFO | 
[92mINFO [0m:      [ROUND 23]
2026-07-08 23:47:58,797 | INFO | [ROUND 23]
[92mINFO [0m:      configure_fit: strategy sampled 24 clients (out of 24)
2026-07-08 23:47:58,797 | INFO | configure_fit: strategy sampled 24 clients (out of 24)
[92mINFO [0m:      aggregate_fit: received 24 results and 0 failures
2026-07-08 23:48:02,453 | INFO | aggregate_fit: received 24 results and 0 failures
[round=0023 method=vi] mean_acc=0.5543 mean_loss=1.8346 mc_acc=0.5546 mc_loss=1.8346 ece=0.3645 active_physical=15 virtual=10
[92mINFO [0m:      fit progress: (23, 1.8346023887634277, {'accuracy': 0.5543, 'global_ece': 0.36451692285537735, 'selected_count': 15, 'active_physical_devices': 15}, 146.87341217696667)
2026-07-08 23:48:05,083 | INFO | fit progress: (23, 1.8346023887634277, {'accuracy': 0.5543, 'global_ece': 0.36451692285537735, 'selected_count': 15, 'active_physical_devices': 15}, 146.87341217696667)
[92mINFO [0m:      configure_evaluate: no clients selected, skipping evaluation
2026-07-08 23:48:05,083 | INFO | configure_evaluate: no clients selected, skipping evaluation
[92mINFO [0m:      
2026-07-08 23:48:05,083 | INFO | 
[92mINFO [0m:      [ROUND 24]
2026-07-08 23:48:05,083 | INFO | [ROUND 24]
[92mINFO [0m:      configure_fit: strategy sampled 24 clients (out of 24)
2026-07-08 23:48:05,084 | INFO | configure_fit: strategy sampled 24 clients (out of 24)
[92mINFO [0m:      aggregate_fit: received 24 results and 0 failures
2026-07-08 23:48:09,727 | INFO | aggregate_fit: received 24 results and 0 failures
[round=0024 method=vi] mean_acc=0.5790 mean_loss=1.7074 mc_acc=0.5791 mc_loss=1.7074 ece=0.3309 active_physical=15 virtual=14
[92mINFO [0m:      fit progress: (24, 1.7074203784942628, {'accuracy': 0.579, 'global_ece': 0.33088503287136556, 'selected_count': 15, 'active_physical_devices': 15}, 154.08145736157894)
2026-07-08 23:48:12,291 | INFO | fit progress: (24, 1.7074203784942628, {'accuracy': 0.579, 'global_ece': 0.33088503287136556, 'selected_count': 15, 'active_physical_devices': 15}, 154.08145736157894)
[92mINFO [0m:      configure_evaluate: no clients selected, skipping evaluation
2026-07-08 23:48:12,291 | INFO | configure_evaluate: no clients selected, skipping evaluation
[92mINFO [0m:      
2026-07-08 23:48:12,291 | INFO | 
[92mINFO [0m:      [ROUND 25]
2026-07-08 23:48:12,291 | INFO | [ROUND 25]
[92mINFO [0m:      configure_fit: strategy sampled 24 clients (out of 24)
2026-07-08 23:48:12,292 | INFO | configure_fit: strategy sampled 24 clients (out of 24)
[92mINFO [0m:      aggregate_fit: received 24 results and 0 failures
2026-07-08 23:48:16,287 | INFO | aggregate_fit: received 24 results and 0 failures
[round=0025 method=vi] mean_acc=0.5954 mean_loss=1.6453 mc_acc=0.5955 mc_loss=1.6453 ece=0.3362 active_physical=15 virtual=13
[92mINFO [0m:      fit progress: (25, 1.6452805547714233, {'accuracy': 0.5954, 'global_ece': 0.3361969091832637, 'selected_count': 15, 'active_physical_devices': 15}, 160.7451220229268)
2026-07-08 23:48:18,955 | INFO | fit progress: (25, 1.6452805547714233, {'accuracy': 0.5954, 'global_ece': 0.3361969091832637, 'selected_count': 15, 'active_physical_devices': 15}, 160.7451220229268)
[92mINFO [0m:      configure_evaluate: no clients selected, skipping evaluation
2026-07-08 23:48:18,955 | INFO | configure_evaluate: no clients selected, skipping evaluation
[92mINFO [0m:      
2026-07-08 23:48:18,955 | INFO | 
[92mINFO [0m:      [ROUND 26]
2026-07-08 23:48:18,955 | INFO | [ROUND 26]
[92mINFO [0m:      configure_fit: strategy sampled 24 clients (out of 24)
2026-07-08 23:48:18,956 | INFO | configure_fit: strategy sampled 24 clients (out of 24)
[92mINFO [0m:      aggregate_fit: received 24 results and 0 failures
2026-07-08 23:48:22,677 | INFO | aggregate_fit: received 24 results and 0 failures
[round=0026 method=vi] mean_acc=0.6114 mean_loss=1.6311 mc_acc=0.6113 mc_loss=1.6311 ece=0.3526 active_physical=15 virtual=11
[92mINFO [0m:      fit progress: (26, 1.6311100540161132, {'accuracy': 0.6114, 'global_ece': 0.352572630211711, 'selected_count': 15, 'active_physical_devices': 15}, 167.31727110221982)
2026-07-08 23:48:25,527 | INFO | fit progress: (26, 1.6311100540161132, {'accuracy': 0.6114, 'global_ece': 0.352572630211711, 'selected_count': 15, 'active_physical_devices': 15}, 167.31727110221982)
[92mINFO [0m:      configure_evaluate: no clients selected, skipping evaluation
2026-07-08 23:48:25,527 | INFO | configure_evaluate: no clients selected, skipping evaluation
[92mINFO [0m:      
2026-07-08 23:48:25,527 | INFO | 
[92mINFO [0m:      [ROUND 27]
2026-07-08 23:48:25,527 | INFO | [ROUND 27]
[92mINFO [0m:      configure_fit: strategy sampled 24 clients (out of 24)
2026-07-08 23:48:25,528 | INFO | configure_fit: strategy sampled 24 clients (out of 24)
[92mINFO [0m:      aggregate_fit: received 24 results and 0 failures
2026-07-08 23:48:30,118 | INFO | aggregate_fit: received 24 results and 0 failures
[round=0027 method=vi] mean_acc=0.6252 mean_loss=1.5810 mc_acc=0.6256 mc_loss=1.5810 ece=0.3471 active_physical=15 virtual=10
[92mINFO [0m:      fit progress: (27, 1.5810274642944335, {'accuracy': 0.6252, 'global_ece': 0.3471426500990988, 'selected_count': 15, 'active_physical_devices': 15}, 174.11579203233123)
2026-07-08 23:48:32,325 | INFO | fit progress: (27, 1.5810274642944335, {'accuracy': 0.6252, 'global_ece': 0.3471426500990988, 'selected_count': 15, 'active_physical_devices': 15}, 174.11579203233123)
[92mINFO [0m:      configure_evaluate: no clients selected, skipping evaluation
2026-07-08 23:48:32,326 | INFO | configure_evaluate: no clients selected, skipping evaluation
[92mINFO [0m:      
2026-07-08 23:48:32,326 | INFO | 
[92mINFO [0m:      [ROUND 28]
2026-07-08 23:48:32,326 | INFO | [ROUND 28]
[92mINFO [0m:      configure_fit: strategy sampled 24 clients (out of 24)
2026-07-08 23:48:32,327 | INFO | configure_fit: strategy sampled 24 clients (out of 24)
[92mINFO [0m:      aggregate_fit: received 24 results and 0 failures
2026-07-08 23:48:36,611 | INFO | aggregate_fit: received 24 results and 0 failures
[round=0028 method=vi] mean_acc=0.6701 mean_loss=1.5815 mc_acc=0.6703 mc_loss=1.5815 ece=0.4118 active_physical=15 virtual=11
[92mINFO [0m:      fit progress: (28, 1.58145125541687, {'accuracy': 0.6701, 'global_ece': 0.41180594578087326, 'selected_count': 15, 'active_physical_devices': 15}, 180.58211702108383)
2026-07-08 23:48:38,792 | INFO | fit progress: (28, 1.58145125541687, {'accuracy': 0.6701, 'global_ece': 0.41180594578087326, 'selected_count': 15, 'active_physical_devices': 15}, 180.58211702108383)
[92mINFO [0m:      configure_evaluate: no clients selected, skipping evaluation
2026-07-08 23:48:38,792 | INFO | configure_evaluate: no clients selected, skipping evaluation
[92mINFO [0m:      
2026-07-08 23:48:38,792 | INFO | 
[92mINFO [0m:      [ROUND 29]
2026-07-08 23:48:38,792 | INFO | [ROUND 29]
[92mINFO [0m:      configure_fit: strategy sampled 24 clients (out of 24)
2026-07-08 23:48:38,793 | INFO | configure_fit: strategy sampled 24 clients (out of 24)
[92mINFO [0m:      aggregate_fit: received 24 results and 0 failures
2026-07-08 23:48:43,123 | INFO | aggregate_fit: received 24 results and 0 failures
[round=0029 method=vi] mean_acc=0.5949 mean_loss=1.5089 mc_acc=0.5951 mc_loss=1.5088 ece=0.2945 active_physical=15 virtual=10
[92mINFO [0m:      fit progress: (29, 1.5088509534835814, {'accuracy': 0.5949, 'global_ece': 0.29445489861816165, 'selected_count': 15, 'active_physical_devices': 15}, 187.53964656591415)
2026-07-08 23:48:45,749 | INFO | fit progress: (29, 1.5088509534835814, {'accuracy': 0.5949, 'global_ece': 0.29445489861816165, 'selected_count': 15, 'active_physical_devices': 15}, 187.53964656591415)
[92mINFO [0m:      configure_evaluate: no clients selected, skipping evaluation
2026-07-08 23:48:45,749 | INFO | configure_evaluate: no clients selected, skipping evaluation
[92mINFO [0m:      
2026-07-08 23:48:45,750 | INFO | 
[92mINFO [0m:      [ROUND 30]
2026-07-08 23:48:45,750 | INFO | [ROUND 30]
[92mINFO [0m:      configure_fit: strategy sampled 24 clients (out of 24)
2026-07-08 23:48:45,750 | INFO | configure_fit: strategy sampled 24 clients (out of 24)
[92mINFO [0m:      aggregate_fit: received 24 results and 0 failures
2026-07-08 23:48:49,706 | INFO | aggregate_fit: received 24 results and 0 failures
[round=0030 method=vi] mean_acc=0.6789 mean_loss=1.4930 mc_acc=0.6790 mc_loss=1.4930 ece=0.3888 active_physical=15 virtual=13
[92mINFO [0m:      fit progress: (30, 1.4930107423782348, {'accuracy': 0.6789, 'global_ece': 0.38878879700005053, 'selected_count': 15, 'active_physical_devices': 15}, 193.78071144223213)
2026-07-08 23:48:51,990 | INFO | fit progress: (30, 1.4930107423782348, {'accuracy': 0.6789, 'global_ece': 0.38878879700005053, 'selected_count': 15, 'active_physical_devices': 15}, 193.78071144223213)
[92mINFO [0m:      configure_evaluate: no clients selected, skipping evaluation
2026-07-08 23:48:51,991 | INFO | configure_evaluate: no clients selected, skipping evaluation
[92mINFO [0m:      
2026-07-08 23:48:51,991 | INFO | 
[92mINFO [0m:      [ROUND 31]
2026-07-08 23:48:51,991 | INFO | [ROUND 31]
[92mINFO [0m:      configure_fit: strategy sampled 24 clients (out of 24)
2026-07-08 23:48:51,992 | INFO | configure_fit: strategy sampled 24 clients (out of 24)
[92mINFO [0m:      aggregate_fit: received 24 results and 0 failures
2026-07-08 23:48:56,064 | INFO | aggregate_fit: received 24 results and 0 failures
[round=0031 method=vi] mean_acc=0.5913 mean_loss=1.4300 mc_acc=0.5910 mc_loss=1.4300 ece=0.2646 active_physical=15 virtual=11
[92mINFO [0m:      fit progress: (31, 1.4299997968673706, {'accuracy': 0.5913, 'global_ece': 0.2646315602511168, 'selected_count': 15, 'active_physical_devices': 15}, 200.63391791284084)
2026-07-08 23:48:58,844 | INFO | fit progress: (31, 1.4299997968673706, {'accuracy': 0.5913, 'global_ece': 0.2646315602511168, 'selected_count': 15, 'active_physical_devices': 15}, 200.63391791284084)
[92mINFO [0m:      configure_evaluate: no clients selected, skipping evaluation
2026-07-08 23:48:58,844 | INFO | configure_evaluate: no clients selected, skipping evaluation
[92mINFO [0m:      
2026-07-08 23:48:58,844 | INFO | 
[92mINFO [0m:      [ROUND 32]
2026-07-08 23:48:58,844 | INFO | [ROUND 32]
[92mINFO [0m:      configure_fit: strategy sampled 24 clients (out of 24)
2026-07-08 23:48:58,845 | INFO | configure_fit: strategy sampled 24 clients (out of 24)
[92mINFO [0m:      aggregate_fit: received 24 results and 0 failures
2026-07-08 23:49:03,494 | INFO | aggregate_fit: received 24 results and 0 failures
[round=0032 method=vi] mean_acc=0.5865 mean_loss=1.4585 mc_acc=0.5866 mc_loss=1.4585 ece=0.2611 active_physical=15 virtual=12
[92mINFO [0m:      fit progress: (32, 1.4585382747650146, {'accuracy': 0.5865, 'global_ece': 0.2610692497432232, 'selected_count': 15, 'active_physical_devices': 15}, 207.46201016753912)
2026-07-08 23:49:05,672 | INFO | fit progress: (32, 1.4585382747650146, {'accuracy': 0.5865, 'global_ece': 0.2610692497432232, 'selected_count': 15, 'active_physical_devices': 15}, 207.46201016753912)
[92mINFO [0m:      configure_evaluate: no clients selected, skipping evaluation
2026-07-08 23:49:05,672 | INFO | configure_evaluate: no clients selected, skipping evaluation
[92mINFO [0m:      
2026-07-08 23:49:05,672 | INFO | 
[92mINFO [0m:      [ROUND 33]
2026-07-08 23:49:05,672 | INFO | [ROUND 33]
[92mINFO [0m:      configure_fit: strategy sampled 24 clients (out of 24)
2026-07-08 23:49:05,673 | INFO | configure_fit: strategy sampled 24 clients (out of 24)
[92mINFO [0m:      aggregate_fit: received 24 results and 0 failures
2026-07-08 23:49:10,577 | INFO | aggregate_fit: received 24 results and 0 failures
[round=0033 method=vi] mean_acc=0.6745 mean_loss=1.3723 mc_acc=0.6746 mc_loss=1.3724 ece=0.3344 active_physical=15 virtual=12
[92mINFO [0m:      fit progress: (33, 1.3723497047424316, {'accuracy': 0.6745, 'global_ece': 0.3344161631494761, 'selected_count': 15, 'active_physical_devices': 15}, 214.5349181033671)
2026-07-08 23:49:12,745 | INFO | fit progress: (33, 1.3723497047424316, {'accuracy': 0.6745, 'global_ece': 0.3344161631494761, 'selected_count': 15, 'active_physical_devices': 15}, 214.5349181033671)
[92mINFO [0m:      configure_evaluate: no clients selected, skipping evaluation
2026-07-08 23:49:12,745 | INFO | configure_evaluate: no clients selected, skipping evaluation
[92mINFO [0m:      
2026-07-08 23:49:12,745 | INFO | 
[92mINFO [0m:      [ROUND 34]
2026-07-08 23:49:12,745 | INFO | [ROUND 34]
[92mINFO [0m:      configure_fit: strategy sampled 24 clients (out of 24)
2026-07-08 23:49:12,745 | INFO | configure_fit: strategy sampled 24 clients (out of 24)
[92mINFO [0m:      aggregate_fit: received 24 results and 0 failures
2026-07-08 23:49:18,487 | INFO | aggregate_fit: received 24 results and 0 failures
[round=0034 method=vi] mean_acc=0.6886 mean_loss=1.3380 mc_acc=0.6887 mc_loss=1.3380 ece=0.3268 active_physical=15 virtual=14
[92mINFO [0m:      fit progress: (34, 1.338011527442932, {'accuracy': 0.6886, 'global_ece': 0.3267519715696573, 'selected_count': 15, 'active_physical_devices': 15}, 222.48063592612743)
2026-07-08 23:49:20,690 | INFO | fit progress: (34, 1.338011527442932, {'accuracy': 0.6886, 'global_ece': 0.3267519715696573, 'selected_count': 15, 'active_physical_devices': 15}, 222.48063592612743)
[92mINFO [0m:      configure_evaluate: no clients selected, skipping evaluation
2026-07-08 23:49:20,690 | INFO | configure_evaluate: no clients selected, skipping evaluation
[92mINFO [0m:      
2026-07-08 23:49:20,690 | INFO | 
[92mINFO [0m:      [ROUND 35]
2026-07-08 23:49:20,691 | INFO | [ROUND 35]
[92mINFO [0m:      configure_fit: strategy sampled 24 clients (out of 24)
2026-07-08 23:49:20,691 | INFO | configure_fit: strategy sampled 24 clients (out of 24)
[92mINFO [0m:      aggregate_fit: received 24 results and 0 failures
2026-07-08 23:49:24,720 | INFO | aggregate_fit: received 24 results and 0 failures
[round=0035 method=vi] mean_acc=0.6471 mean_loss=1.3208 mc_acc=0.6471 mc_loss=1.3208 ece=0.2745 active_physical=15 virtual=11
[92mINFO [0m:      fit progress: (35, 1.3207905618667604, {'accuracy': 0.6471, 'global_ece': 0.27450572577416893, 'selected_count': 15, 'active_physical_devices': 15}, 229.0761090964079)
2026-07-08 23:49:27,286 | INFO | fit progress: (35, 1.3207905618667604, {'accuracy': 0.6471, 'global_ece': 0.27450572577416893, 'selected_count': 15, 'active_physical_devices': 15}, 229.0761090964079)
[92mINFO [0m:      configure_evaluate: no clients selected, skipping evaluation
2026-07-08 23:49:27,286 | INFO | configure_evaluate: no clients selected, skipping evaluation
[92mINFO [0m:      
2026-07-08 23:49:27,286 | INFO | 
[92mINFO [0m:      [ROUND 36]
2026-07-08 23:49:27,286 | INFO | [ROUND 36]
[92mINFO [0m:      configure_fit: strategy sampled 24 clients (out of 24)
2026-07-08 23:49:27,287 | INFO | configure_fit: strategy sampled 24 clients (out of 24)
[92mINFO [0m:      aggregate_fit: received 24 results and 0 failures
2026-07-08 23:49:30,742 | INFO | aggregate_fit: received 24 results and 0 failures
[round=0036 method=vi] mean_acc=0.6690 mean_loss=1.3122 mc_acc=0.6688 mc_loss=1.3122 ece=0.2993 active_physical=15 virtual=11
[92mINFO [0m:      fit progress: (36, 1.3122399997711183, {'accuracy': 0.669, 'global_ece': 0.299270515049994, 'selected_count': 15, 'active_physical_devices': 15}, 234.7006820626557)
2026-07-08 23:49:32,910 | INFO | fit progress: (36, 1.3122399997711183, {'accuracy': 0.669, 'global_ece': 0.299270515049994, 'selected_count': 15, 'active_physical_devices': 15}, 234.7006820626557)
[92mINFO [0m:      configure_evaluate: no clients selected, skipping evaluation
2026-07-08 23:49:32,910 | INFO | configure_evaluate: no clients selected, skipping evaluation
[92mINFO [0m:      
2026-07-08 23:49:32,911 | INFO | 
[92mINFO [0m:      [ROUND 37]
2026-07-08 23:49:32,911 | INFO | [ROUND 37]
[92mINFO [0m:      configure_fit: strategy sampled 24 clients (out of 24)
2026-07-08 23:49:32,911 | INFO | configure_fit: strategy sampled 24 clients (out of 24)
[92mINFO [0m:      aggregate_fit: received 24 results and 0 failures
2026-07-08 23:49:38,523 | INFO | aggregate_fit: received 24 results and 0 failures
[round=0037 method=vi] mean_acc=0.6881 mean_loss=1.2628 mc_acc=0.6880 mc_loss=1.2628 ece=0.3103 active_physical=15 virtual=11
[92mINFO [0m:      fit progress: (37, 1.2628475269317627, {'accuracy': 0.6881, 'global_ece': 0.3103247809618711, 'selected_count': 15, 'active_physical_devices': 15}, 242.5643624253571)
2026-07-08 23:49:40,774 | INFO | fit progress: (37, 1.2628475269317627, {'accuracy': 0.6881, 'global_ece': 0.3103247809618711, 'selected_count': 15, 'active_physical_devices': 15}, 242.5643624253571)
[92mINFO [0m:      configure_evaluate: no clients selected, skipping evaluation
2026-07-08 23:49:40,774 | INFO | configure_evaluate: no clients selected, skipping evaluation
[92mINFO [0m:      
2026-07-08 23:49:40,774 | INFO | 
[92mINFO [0m:      [ROUND 38]
2026-07-08 23:49:40,774 | INFO | [ROUND 38]
[92mINFO [0m:      configure_fit: strategy sampled 24 clients (out of 24)
2026-07-08 23:49:40,775 | INFO | configure_fit: strategy sampled 24 clients (out of 24)
[92mINFO [0m:      aggregate_fit: received 24 results and 0 failures
2026-07-08 23:49:45,348 | INFO | aggregate_fit: received 24 results and 0 failures
[round=0038 method=vi] mean_acc=0.7036 mean_loss=1.2224 mc_acc=0.7036 mc_loss=1.2224 ece=0.3153 active_physical=15 virtual=12
[92mINFO [0m:      fit progress: (38, 1.2223890323638915, {'accuracy': 0.7036, 'global_ece': 0.315298405123502, 'selected_count': 15, 'active_physical_devices': 15}, 249.3093328550458)
2026-07-08 23:49:47,519 | INFO | fit progress: (38, 1.2223890323638915, {'accuracy': 0.7036, 'global_ece': 0.315298405123502, 'selected_count': 15, 'active_physical_devices': 15}, 249.3093328550458)
[92mINFO [0m:      configure_evaluate: no clients selected, skipping evaluation
2026-07-08 23:49:47,519 | INFO | configure_evaluate: no clients selected, skipping evaluation
[92mINFO [0m:      
2026-07-08 23:49:47,519 | INFO | 
[92mINFO [0m:      [ROUND 39]
2026-07-08 23:49:47,519 | INFO | [ROUND 39]
[92mINFO [0m:      configure_fit: strategy sampled 24 clients (out of 24)
2026-07-08 23:49:47,520 | INFO | configure_fit: strategy sampled 24 clients (out of 24)
[92mINFO [0m:      aggregate_fit: received 24 results and 0 failures
2026-07-08 23:49:52,495 | INFO | aggregate_fit: received 24 results and 0 failures
[round=0039 method=vi] mean_acc=0.7191 mean_loss=1.2380 mc_acc=0.7191 mc_loss=1.2380 ece=0.3244 active_physical=15 virtual=11
[92mINFO [0m:      fit progress: (39, 1.237989426803589, {'accuracy': 0.7191, 'global_ece': 0.32437921196669345, 'selected_count': 15, 'active_physical_devices': 15}, 256.4572890922427)
2026-07-08 23:49:54,667 | INFO | fit progress: (39, 1.237989426803589, {'accuracy': 0.7191, 'global_ece': 0.32437921196669345, 'selected_count': 15, 'active_physical_devices': 15}, 256.4572890922427)
[92mINFO [0m:      configure_evaluate: no clients selected, skipping evaluation
2026-07-08 23:49:54,667 | INFO | configure_evaluate: no clients selected, skipping evaluation
[92mINFO [0m:      
2026-07-08 23:49:54,667 | INFO | 
[92mINFO [0m:      [ROUND 40]
2026-07-08 23:49:54,667 | INFO | [ROUND 40]
[92mINFO [0m:      configure_fit: strategy sampled 24 clients (out of 24)
2026-07-08 23:49:54,668 | INFO | configure_fit: strategy sampled 24 clients (out of 24)
[92mINFO [0m:      aggregate_fit: received 24 results and 0 failures
2026-07-08 23:49:59,087 | INFO | aggregate_fit: received 24 results and 0 failures
[round=0040 method=vi] mean_acc=0.7129 mean_loss=1.1813 mc_acc=0.7130 mc_loss=1.1813 ece=0.2770 active_physical=15 virtual=11
[92mINFO [0m:      fit progress: (40, 1.1812656616210937, {'accuracy': 0.7129, 'global_ece': 0.277025531578064, 'selected_count': 15, 'active_physical_devices': 15}, 263.588537145406)
2026-07-08 23:50:01,798 | INFO | fit progress: (40, 1.1812656616210937, {'accuracy': 0.7129, 'global_ece': 0.277025531578064, 'selected_count': 15, 'active_physical_devices': 15}, 263.588537145406)
[92mINFO [0m:      configure_evaluate: no clients selected, skipping evaluation
2026-07-08 23:50:01,798 | INFO | configure_evaluate: no clients selected, skipping evaluation
[92mINFO [0m:      
2026-07-08 23:50:01,798 | INFO | 
[92mINFO [0m:      [ROUND 41]
2026-07-08 23:50:01,798 | INFO | [ROUND 41]
[92mINFO [0m:      configure_fit: strategy sampled 24 clients (out of 24)
2026-07-08 23:50:01,799 | INFO | configure_fit: strategy sampled 24 clients (out of 24)
[92mINFO [0m:      aggregate_fit: received 24 results and 0 failures
2026-07-08 23:50:06,370 | INFO | aggregate_fit: received 24 results and 0 failures
[round=0041 method=vi] mean_acc=0.7179 mean_loss=1.1558 mc_acc=0.7179 mc_loss=1.1558 ece=0.2776 active_physical=15 virtual=11
[92mINFO [0m:      fit progress: (41, 1.1558148567199706, {'accuracy': 0.7179, 'global_ece': 0.2775937297657132, 'selected_count': 15, 'active_physical_devices': 15}, 270.75265450403094)
2026-07-08 23:50:08,962 | INFO | fit progress: (41, 1.1558148567199706, {'accuracy': 0.7179, 'global_ece': 0.2775937297657132, 'selected_count': 15, 'active_physical_devices': 15}, 270.75265450403094)
[92mINFO [0m:      configure_evaluate: no clients selected, skipping evaluation
2026-07-08 23:50:08,962 | INFO | configure_evaluate: no clients selected, skipping evaluation
[92mINFO [0m:      
2026-07-08 23:50:08,963 | INFO | 
[92mINFO [0m:      [ROUND 42]
2026-07-08 23:50:08,963 | INFO | [ROUND 42]
[92mINFO [0m:      configure_fit: strategy sampled 24 clients (out of 24)
2026-07-08 23:50:08,963 | INFO | configure_fit: strategy sampled 24 clients (out of 24)
[92mINFO [0m:      aggregate_fit: received 24 results and 0 failures
2026-07-08 23:50:12,970 | INFO | aggregate_fit: received 24 results and 0 failures
[round=0042 method=vi] mean_acc=0.7170 mean_loss=1.0758 mc_acc=0.7170 mc_loss=1.0758 ece=0.2352 active_physical=15 virtual=11
[92mINFO [0m:      fit progress: (42, 1.0758362021446228, {'accuracy': 0.717, 'global_ece': 0.23520193386673924, 'selected_count': 15, 'active_physical_devices': 15}, 277.5342201255262)
2026-07-08 23:50:15,744 | INFO | fit progress: (42, 1.0758362021446228, {'accuracy': 0.717, 'global_ece': 0.23520193386673924, 'selected_count': 15, 'active_physical_devices': 15}, 277.5342201255262)
[92mINFO [0m:      configure_evaluate: no clients selected, skipping evaluation
2026-07-08 23:50:15,744 | INFO | configure_evaluate: no clients selected, skipping evaluation
[92mINFO [0m:      
2026-07-08 23:50:15,744 | INFO | 
[92mINFO [0m:      [ROUND 43]
2026-07-08 23:50:15,744 | INFO | [ROUND 43]
[92mINFO [0m:      configure_fit: strategy sampled 24 clients (out of 24)
2026-07-08 23:50:15,745 | INFO | configure_fit: strategy sampled 24 clients (out of 24)
[92mINFO [0m:      aggregate_fit: received 24 results and 0 failures
2026-07-08 23:50:21,014 | INFO | aggregate_fit: received 24 results and 0 failures
[round=0043 method=vi] mean_acc=0.7657 mean_loss=1.1200 mc_acc=0.7657 mc_loss=1.1200 ece=0.3355 active_physical=15 virtual=10
[92mINFO [0m:      fit progress: (43, 1.1199888481140137, {'accuracy': 0.7657, 'global_ece': 0.3354754393979907, 'selected_count': 15, 'active_physical_devices': 15}, 285.4439094029367)
2026-07-08 23:50:23,654 | INFO | fit progress: (43, 1.1199888481140137, {'accuracy': 0.7657, 'global_ece': 0.3354754393979907, 'selected_count': 15, 'active_physical_devices': 15}, 285.4439094029367)
[92mINFO [0m:      configure_evaluate: no clients selected, skipping evaluation
2026-07-08 23:50:23,654 | INFO | configure_evaluate: no clients selected, skipping evaluation
[92mINFO [0m:      
2026-07-08 23:50:23,654 | INFO | 
[92mINFO [0m:      [ROUND 44]
2026-07-08 23:50:23,654 | INFO | [ROUND 44]
[92mINFO [0m:      configure_fit: strategy sampled 24 clients (out of 24)
2026-07-08 23:50:23,655 | INFO | configure_fit: strategy sampled 24 clients (out of 24)
[92mINFO [0m:      aggregate_fit: received 24 results and 0 failures
2026-07-08 23:50:27,970 | INFO | aggregate_fit: received 24 results and 0 failures
[round=0044 method=vi] mean_acc=0.6671 mean_loss=1.1305 mc_acc=0.6672 mc_loss=1.1305 ece=0.2183 active_physical=15 virtual=12
[92mINFO [0m:      fit progress: (44, 1.1305376216888428, {'accuracy': 0.6671, 'global_ece': 0.21829845964759587, 'selected_count': 15, 'active_physical_devices': 15}, 292.6463712193072)
2026-07-08 23:50:30,856 | INFO | fit progress: (44, 1.1305376216888428, {'accuracy': 0.6671, 'global_ece': 0.21829845964759587, 'selected_count': 15, 'active_physical_devices': 15}, 292.6463712193072)
[92mINFO [0m:      configure_evaluate: no clients selected, skipping evaluation
2026-07-08 23:50:30,856 | INFO | configure_evaluate: no clients selected, skipping evaluation
[92mINFO [0m:      
2026-07-08 23:50:30,856 | INFO | 
[92mINFO [0m:      [ROUND 45]
2026-07-08 23:50:30,856 | INFO | [ROUND 45]
[92mINFO [0m:      configure_fit: strategy sampled 24 clients (out of 24)
2026-07-08 23:50:30,857 | INFO | configure_fit: strategy sampled 24 clients (out of 24)
[92mINFO [0m:      aggregate_fit: received 24 results and 0 failures
2026-07-08 23:50:34,854 | INFO | aggregate_fit: received 24 results and 0 failures
[round=0045 method=vi] mean_acc=0.6766 mean_loss=1.0918 mc_acc=0.6766 mc_loss=1.0918 ece=0.1953 active_physical=15 virtual=12
[92mINFO [0m:      fit progress: (45, 1.0918282459259032, {'accuracy': 0.6766, 'global_ece': 0.19533686831593514, 'selected_count': 15, 'active_physical_devices': 15}, 298.9307113029063)
2026-07-08 23:50:37,140 | INFO | fit progress: (45, 1.0918282459259032, {'accuracy': 0.6766, 'global_ece': 0.19533686831593514, 'selected_count': 15, 'active_physical_devices': 15}, 298.9307113029063)
[92mINFO [0m:      configure_evaluate: no clients selected, skipping evaluation
2026-07-08 23:50:37,141 | INFO | configure_evaluate: no clients selected, skipping evaluation
[92mINFO [0m:      
2026-07-08 23:50:37,141 | INFO | 
[92mINFO [0m:      [ROUND 46]
2026-07-08 23:50:37,141 | INFO | [ROUND 46]
[92mINFO [0m:      configure_fit: strategy sampled 24 clients (out of 24)
2026-07-08 23:50:37,142 | INFO | configure_fit: strategy sampled 24 clients (out of 24)
[92mINFO [0m:      aggregate_fit: received 24 results and 0 failures
2026-07-08 23:50:41,511 | INFO | aggregate_fit: received 24 results and 0 failures
[round=0046 method=vi] mean_acc=0.6623 mean_loss=1.1407 mc_acc=0.6623 mc_loss=1.1407 ece=0.1934 active_physical=15 virtual=11
[92mINFO [0m:      fit progress: (46, 1.1407099027633667, {'accuracy': 0.6623, 'global_ece': 0.19336927118450406, 'selected_count': 15, 'active_physical_devices': 15}, 305.4716452807188)
2026-07-08 23:50:43,681 | INFO | fit progress: (46, 1.1407099027633667, {'accuracy': 0.6623, 'global_ece': 0.19336927118450406, 'selected_count': 15, 'active_physical_devices': 15}, 305.4716452807188)
[92mINFO [0m:      configure_evaluate: no clients selected, skipping evaluation
2026-07-08 23:50:43,682 | INFO | configure_evaluate: no clients selected, skipping evaluation
[92mINFO [0m:      
2026-07-08 23:50:43,682 | INFO | 
[92mINFO [0m:      [ROUND 47]
2026-07-08 23:50:43,682 | INFO | [ROUND 47]
[92mINFO [0m:      configure_fit: strategy sampled 24 clients (out of 24)
2026-07-08 23:50:43,683 | INFO | configure_fit: strategy sampled 24 clients (out of 24)
[92mINFO [0m:      aggregate_fit: received 24 results and 0 failures
2026-07-08 23:50:48,158 | INFO | aggregate_fit: received 24 results and 0 failures
[round=0047 method=vi] mean_acc=0.6633 mean_loss=1.1359 mc_acc=0.6633 mc_loss=1.1359 ece=0.1761 active_physical=15 virtual=10
[92mINFO [0m:      fit progress: (47, 1.1359040641784668, {'accuracy': 0.6633, 'global_ece': 0.17609961811304098, 'selected_count': 15, 'active_physical_devices': 15}, 312.7432777993381)
2026-07-08 23:50:50,953 | INFO | fit progress: (47, 1.1359040641784668, {'accuracy': 0.6633, 'global_ece': 0.17609961811304098, 'selected_count': 15, 'active_physical_devices': 15}, 312.7432777993381)
[92mINFO [0m:      configure_evaluate: no clients selected, skipping evaluation
2026-07-08 23:50:50,953 | INFO | configure_evaluate: no clients selected, skipping evaluation
[92mINFO [0m:      
2026-07-08 23:50:50,953 | INFO | 
[92mINFO [0m:      [ROUND 48]
2026-07-08 23:50:50,953 | INFO | [ROUND 48]
[92mINFO [0m:      configure_fit: strategy sampled 24 clients (out of 24)
2026-07-08 23:50:50,954 | INFO | configure_fit: strategy sampled 24 clients (out of 24)
[92mINFO [0m:      aggregate_fit: received 24 results and 0 failures
2026-07-08 23:50:55,978 | INFO | aggregate_fit: received 24 results and 0 failures
[round=0048 method=vi] mean_acc=0.7547 mean_loss=1.0911 mc_acc=0.7548 mc_loss=1.0911 ece=0.2918 active_physical=15 virtual=12
[92mINFO [0m:      fit progress: (48, 1.091077067375183, {'accuracy': 0.7547, 'global_ece': 0.29177962293922904, 'selected_count': 15, 'active_physical_devices': 15}, 319.926278565079)
2026-07-08 23:50:58,136 | INFO | fit progress: (48, 1.091077067375183, {'accuracy': 0.7547, 'global_ece': 0.29177962293922904, 'selected_count': 15, 'active_physical_devices': 15}, 319.926278565079)
[92mINFO [0m:      configure_evaluate: no clients selected, skipping evaluation
2026-07-08 23:50:58,136 | INFO | configure_evaluate: no clients selected, skipping evaluation
[92mINFO [0m:      
2026-07-08 23:50:58,136 | INFO | 
[92mINFO [0m:      [ROUND 49]
2026-07-08 23:50:58,136 | INFO | [ROUND 49]
[92mINFO [0m:      configure_fit: strategy sampled 24 clients (out of 24)
2026-07-08 23:50:58,137 | INFO | configure_fit: strategy sampled 24 clients (out of 24)
[92mINFO [0m:      aggregate_fit: received 24 results and 0 failures
2026-07-08 23:51:02,690 | INFO | aggregate_fit: received 24 results and 0 failures
[round=0049 method=vi] mean_acc=0.7558 mean_loss=1.0487 mc_acc=0.7558 mc_loss=1.0487 ece=0.2815 active_physical=15 virtual=13
[92mINFO [0m:      fit progress: (49, 1.0487487802505493, {'accuracy': 0.7558, 'global_ece': 0.2814575520843267, 'selected_count': 15, 'active_physical_devices': 15}, 326.64381125196815)
2026-07-08 23:51:04,853 | INFO | fit progress: (49, 1.0487487802505493, {'accuracy': 0.7558, 'global_ece': 0.2814575520843267, 'selected_count': 15, 'active_physical_devices': 15}, 326.64381125196815)
[92mINFO [0m:      configure_evaluate: no clients selected, skipping evaluation
2026-07-08 23:51:04,854 | INFO | configure_evaluate: no clients selected, skipping evaluation
[92mINFO [0m:      
2026-07-08 23:51:04,854 | INFO | 
[92mINFO [0m:      [ROUND 50]
2026-07-08 23:51:04,854 | INFO | [ROUND 50]
[92mINFO [0m:      configure_fit: strategy sampled 24 clients (out of 24)
2026-07-08 23:51:04,854 | INFO | configure_fit: strategy sampled 24 clients (out of 24)
[92mINFO [0m:      aggregate_fit: received 24 results and 0 failures
2026-07-08 23:51:09,013 | INFO | aggregate_fit: received 24 results and 0 failures
[round=0050 method=vi] mean_acc=0.7489 mean_loss=1.0022 mc_acc=0.7489 mc_loss=1.0022 ece=0.2522 active_physical=15 virtual=11
[92mINFO [0m:      fit progress: (50, 1.00219214925766, {'accuracy': 0.7489, 'global_ece': 0.25219440136998894, 'selected_count': 15, 'active_physical_devices': 15}, 333.6261637099087)
2026-07-08 23:51:11,836 | INFO | fit progress: (50, 1.00219214925766, {'accuracy': 0.7489, 'global_ece': 0.25219440136998894, 'selected_count': 15, 'active_physical_devices': 15}, 333.6261637099087)
[92mINFO [0m:      configure_evaluate: no clients selected, skipping evaluation
2026-07-08 23:51:11,836 | INFO | configure_evaluate: no clients selected, skipping evaluation
[92mINFO [0m:      
2026-07-08 23:51:11,836 | INFO | 
[92mINFO [0m:      [ROUND 51]
2026-07-08 23:51:11,836 | INFO | [ROUND 51]
[92mINFO [0m:      configure_fit: strategy sampled 24 clients (out of 24)
2026-07-08 23:51:11,837 | INFO | configure_fit: strategy sampled 24 clients (out of 24)
[92mINFO [0m:      aggregate_fit: received 24 results and 0 failures
2026-07-08 23:51:16,084 | INFO | aggregate_fit: received 24 results and 0 failures
[round=0051 method=vi] mean_acc=0.7676 mean_loss=0.9946 mc_acc=0.7677 mc_loss=0.9946 ece=0.2745 active_physical=15 virtual=12
[92mINFO [0m:      fit progress: (51, 0.9945800895690918, {'accuracy': 0.7676, 'global_ece': 0.2744746313497424, 'selected_count': 15, 'active_physical_devices': 15}, 340.63970777764916)
2026-07-08 23:51:18,849 | INFO | fit progress: (51, 0.9945800895690918, {'accuracy': 0.7676, 'global_ece': 0.2744746313497424, 'selected_count': 15, 'active_physical_devices': 15}, 340.63970777764916)
[92mINFO [0m:      configure_evaluate: no clients selected, skipping evaluation
2026-07-08 23:51:18,850 | INFO | configure_evaluate: no clients selected, skipping evaluation
[92mINFO [0m:      
2026-07-08 23:51:18,850 | INFO | 
[92mINFO [0m:      [ROUND 52]
2026-07-08 23:51:18,850 | INFO | [ROUND 52]
[92mINFO [0m:      configure_fit: strategy sampled 24 clients (out of 24)
2026-07-08 23:51:18,850 | INFO | configure_fit: strategy sampled 24 clients (out of 24)
[92mINFO [0m:      aggregate_fit: received 24 results and 0 failures
2026-07-08 23:51:23,304 | INFO | aggregate_fit: received 24 results and 0 failures
[round=0052 method=vi] mean_acc=0.7832 mean_loss=0.9766 mc_acc=0.7834 mc_loss=0.9766 ece=0.2823 active_physical=15 virtual=11
[92mINFO [0m:      fit progress: (52, 0.9766307251930236, {'accuracy': 0.7832, 'global_ece': 0.2822892649576068, 'selected_count': 15, 'active_physical_devices': 15}, 347.6028629653156)
2026-07-08 23:51:25,813 | INFO | fit progress: (52, 0.9766307251930236, {'accuracy': 0.7832, 'global_ece': 0.2822892649576068, 'selected_count': 15, 'active_physical_devices': 15}, 347.6028629653156)
[92mINFO [0m:      configure_evaluate: no clients selected, skipping evaluation
2026-07-08 23:51:25,813 | INFO | configure_evaluate: no clients selected, skipping evaluation
[92mINFO [0m:      
2026-07-08 23:51:25,813 | INFO | 
[92mINFO [0m:      [ROUND 53]
2026-07-08 23:51:25,813 | INFO | [ROUND 53]
[92mINFO [0m:      configure_fit: strategy sampled 24 clients (out of 24)
2026-07-08 23:51:25,814 | INFO | configure_fit: strategy sampled 24 clients (out of 24)
[92mINFO [0m:      aggregate_fit: received 24 results and 0 failures
2026-07-08 23:51:29,849 | INFO | aggregate_fit: received 24 results and 0 failures
[round=0053 method=vi] mean_acc=0.7887 mean_loss=0.9466 mc_acc=0.7889 mc_loss=0.9466 ece=0.2699 active_physical=15 virtual=12
[92mINFO [0m:      fit progress: (53, 0.9466131229400635, {'accuracy': 0.7887, 'global_ece': 0.269915543024242, 'selected_count': 15, 'active_physical_devices': 15}, 354.30972347408533)
2026-07-08 23:51:32,519 | INFO | fit progress: (53, 0.9466131229400635, {'accuracy': 0.7887, 'global_ece': 0.269915543024242, 'selected_count': 15, 'active_physical_devices': 15}, 354.30972347408533)
[92mINFO [0m:      configure_evaluate: no clients selected, skipping evaluation
2026-07-08 23:51:32,520 | INFO | configure_evaluate: no clients selected, skipping evaluation
[92mINFO [0m:      
2026-07-08 23:51:32,520 | INFO | 
[92mINFO [0m:      [ROUND 54]
2026-07-08 23:51:32,520 | INFO | [ROUND 54]
[92mINFO [0m:      configure_fit: strategy sampled 24 clients (out of 24)
2026-07-08 23:51:32,521 | INFO | configure_fit: strategy sampled 24 clients (out of 24)
[92mINFO [0m:      aggregate_fit: received 24 results and 0 failures
2026-07-08 23:51:37,059 | INFO | aggregate_fit: received 24 results and 0 failures
[round=0054 method=vi] mean_acc=0.7217 mean_loss=0.9550 mc_acc=0.7217 mc_loss=0.9550 ece=0.1857 active_physical=15 virtual=13
[92mINFO [0m:      fit progress: (54, 0.9550162158966065, {'accuracy': 0.7217, 'global_ece': 0.1856825574554503, 'selected_count': 15, 'active_physical_devices': 15}, 361.0246409513056)
2026-07-08 23:51:39,234 | INFO | fit progress: (54, 0.9550162158966065, {'accuracy': 0.7217, 'global_ece': 0.1856825574554503, 'selected_count': 15, 'active_physical_devices': 15}, 361.0246409513056)
[92mINFO [0m:      configure_evaluate: no clients selected, skipping evaluation
2026-07-08 23:51:39,235 | INFO | configure_evaluate: no clients selected, skipping evaluation
[92mINFO [0m:      
2026-07-08 23:51:39,235 | INFO | 
[92mINFO [0m:      [ROUND 55]
2026-07-08 23:51:39,235 | INFO | [ROUND 55]
[92mINFO [0m:      configure_fit: strategy sampled 24 clients (out of 24)
2026-07-08 23:51:39,236 | INFO | configure_fit: strategy sampled 24 clients (out of 24)
[92mINFO [0m:      aggregate_fit: received 24 results and 0 failures
2026-07-08 23:51:43,834 | INFO | aggregate_fit: received 24 results and 0 failures
[round=0055 method=vi] mean_acc=0.7597 mean_loss=0.9416 mc_acc=0.7598 mc_loss=0.9416 ece=0.2222 active_physical=15 virtual=11
[92mINFO [0m:      fit progress: (55, 0.9416336862564086, {'accuracy': 0.7597, 'global_ece': 0.22219882105588915, 'selected_count': 15, 'active_physical_devices': 15}, 367.88894237205386)
2026-07-08 23:51:46,099 | INFO | fit progress: (55, 0.9416336862564086, {'accuracy': 0.7597, 'global_ece': 0.22219882105588915, 'selected_count': 15, 'active_physical_devices': 15}, 367.88894237205386)
[92mINFO [0m:      configure_evaluate: no clients selected, skipping evaluation
2026-07-08 23:51:46,099 | INFO | configure_evaluate: no clients selected, skipping evaluation
[92mINFO [0m:      
2026-07-08 23:51:46,099 | INFO | 
[92mINFO [0m:      [ROUND 56]
2026-07-08 23:51:46,099 | INFO | [ROUND 56]
[92mINFO [0m:      configure_fit: strategy sampled 24 clients (out of 24)
2026-07-08 23:51:46,100 | INFO | configure_fit: strategy sampled 24 clients (out of 24)
[92mINFO [0m:      aggregate_fit: received 24 results and 0 failures
2026-07-08 23:51:49,793 | INFO | aggregate_fit: received 24 results and 0 failures
[round=0056 method=vi] mean_acc=0.7824 mean_loss=0.9604 mc_acc=0.7825 mc_loss=0.9604 ece=0.2603 active_physical=15 virtual=11
[92mINFO [0m:      fit progress: (56, 0.9604043312072754, {'accuracy': 0.7824, 'global_ece': 0.2602550144895911, 'selected_count': 15, 'active_physical_devices': 15}, 374.2146580815315)
2026-07-08 23:51:52,424 | INFO | fit progress: (56, 0.9604043312072754, {'accuracy': 0.7824, 'global_ece': 0.2602550144895911, 'selected_count': 15, 'active_physical_devices': 15}, 374.2146580815315)
[92mINFO [0m:      configure_evaluate: no clients selected, skipping evaluation
2026-07-08 23:51:52,425 | INFO | configure_evaluate: no clients selected, skipping evaluation
[92mINFO [0m:      
2026-07-08 23:51:52,425 | INFO | 
[92mINFO [0m:      [ROUND 57]
2026-07-08 23:51:52,425 | INFO | [ROUND 57]
[92mINFO [0m:      configure_fit: strategy sampled 24 clients (out of 24)
2026-07-08 23:51:52,426 | INFO | configure_fit: strategy sampled 24 clients (out of 24)
[92mINFO [0m:      aggregate_fit: received 24 results and 0 failures
2026-07-08 23:51:56,432 | INFO | aggregate_fit: received 24 results and 0 failures
[round=0057 method=vi] mean_acc=0.7972 mean_loss=0.9966 mc_acc=0.7971 mc_loss=0.9966 ece=0.3034 active_physical=15 virtual=14
[92mINFO [0m:      fit progress: (57, 0.996564399433136, {'accuracy': 0.7972, 'global_ece': 0.3033784649372101, 'selected_count': 15, 'active_physical_devices': 15}, 381.03871074318886)
2026-07-08 23:51:59,248 | INFO | fit progress: (57, 0.996564399433136, {'accuracy': 0.7972, 'global_ece': 0.3033784649372101, 'selected_count': 15, 'active_physical_devices': 15}, 381.03871074318886)
[92mINFO [0m:      configure_evaluate: no clients selected, skipping evaluation
2026-07-08 23:51:59,249 | INFO | configure_evaluate: no clients selected, skipping evaluation
[92mINFO [0m:      
2026-07-08 23:51:59,249 | INFO | 
[92mINFO [0m:      [ROUND 58]
2026-07-08 23:51:59,249 | INFO | [ROUND 58]
[92mINFO [0m:      configure_fit: strategy sampled 24 clients (out of 24)
2026-07-08 23:51:59,249 | INFO | configure_fit: strategy sampled 24 clients (out of 24)
[92mINFO [0m:      aggregate_fit: received 24 results and 0 failures
2026-07-08 23:52:03,091 | INFO | aggregate_fit: received 24 results and 0 failures
[round=0058 method=vi] mean_acc=0.8057 mean_loss=0.9732 mc_acc=0.8057 mc_loss=0.9732 ece=0.2935 active_physical=15 virtual=14
[92mINFO [0m:      fit progress: (58, 0.9731782375335694, {'accuracy': 0.8057, 'global_ece': 0.2934720058113336, 'selected_count': 15, 'active_physical_devices': 15}, 387.7949424982071)
2026-07-08 23:52:06,005 | INFO | fit progress: (58, 0.9731782375335694, {'accuracy': 0.8057, 'global_ece': 0.2934720058113336, 'selected_count': 15, 'active_physical_devices': 15}, 387.7949424982071)
[92mINFO [0m:      configure_evaluate: no clients selected, skipping evaluation
2026-07-08 23:52:06,005 | INFO | configure_evaluate: no clients selected, skipping evaluation
[92mINFO [0m:      
2026-07-08 23:52:06,005 | INFO | 
[92mINFO [0m:      [ROUND 59]
2026-07-08 23:52:06,005 | INFO | [ROUND 59]
[92mINFO [0m:      configure_fit: strategy sampled 24 clients (out of 24)
2026-07-08 23:52:06,006 | INFO | configure_fit: strategy sampled 24 clients (out of 24)
[92mINFO [0m:      aggregate_fit: received 24 results and 0 failures
2026-07-08 23:52:10,762 | INFO | aggregate_fit: received 24 results and 0 failures
[round=0059 method=vi] mean_acc=0.8013 mean_loss=0.9698 mc_acc=0.8013 mc_loss=0.9698 ece=0.2841 active_physical=15 virtual=12
[92mINFO [0m:      fit progress: (59, 0.9697710001945495, {'accuracy': 0.8013, 'global_ece': 0.284086465948075, 'selected_count': 15, 'active_physical_devices': 15}, 395.42418989911675)
2026-07-08 23:52:13,634 | INFO | fit progress: (59, 0.9697710001945495, {'accuracy': 0.8013, 'global_ece': 0.284086465948075, 'selected_count': 15, 'active_physical_devices': 15}, 395.42418989911675)
[92mINFO [0m:      configure_evaluate: no clients selected, skipping evaluation
2026-07-08 23:52:13,634 | INFO | configure_evaluate: no clients selected, skipping evaluation
[92mINFO [0m:      
2026-07-08 23:52:13,634 | INFO | 
[92mINFO [0m:      [ROUND 60]
2026-07-08 23:52:13,634 | INFO | [ROUND 60]
[92mINFO [0m:      configure_fit: strategy sampled 24 clients (out of 24)
2026-07-08 23:52:13,635 | INFO | configure_fit: strategy sampled 24 clients (out of 24)
[92mINFO [0m:      aggregate_fit: received 24 results and 0 failures
2026-07-08 23:52:17,321 | INFO | aggregate_fit: received 24 results and 0 failures
[round=0060 method=vi] mean_acc=0.7974 mean_loss=0.9803 mc_acc=0.7972 mc_loss=0.9803 ece=0.2825 active_physical=15 virtual=13
[92mINFO [0m:      fit progress: (60, 0.9803179965019226, {'accuracy': 0.7974, 'global_ece': 0.282512945958972, 'selected_count': 15, 'active_physical_devices': 15}, 401.7644203566015)
2026-07-08 23:52:19,974 | INFO | fit progress: (60, 0.9803179965019226, {'accuracy': 0.7974, 'global_ece': 0.282512945958972, 'selected_count': 15, 'active_physical_devices': 15}, 401.7644203566015)
[92mINFO [0m:      configure_evaluate: no clients selected, skipping evaluation
2026-07-08 23:52:19,974 | INFO | configure_evaluate: no clients selected, skipping evaluation
[92mINFO [0m:      
2026-07-08 23:52:19,974 | INFO | 
[92mINFO [0m:      [SUMMARY]
2026-07-08 23:52:19,974 | INFO | [SUMMARY]
[92mINFO [0m:      Run finished 60 round(s) in 401.76s
2026-07-08 23:52:19,974 | INFO | Run finished 60 round(s) in 401.76s
[92mINFO [0m:      	History (loss, centralized):
2026-07-08 23:52:20,006 | INFO | 	History (loss, centralized):
[92mINFO [0m:      		round 0: 2.283973722076416
2026-07-08 23:52:20,006 | INFO | 		round 0: 2.283973722076416
[92mINFO [0m:      		round 1: 2.3128111778259277
2026-07-08 23:52:20,006 | INFO | 		round 1: 2.3128111778259277
[92mINFO [0m:      		round 2: 2.6889337936401367
2026-07-08 23:52:20,006 | INFO | 		round 2: 2.6889337936401367
[92mINFO [0m:      		round 3: 2.1557637577056883
2026-07-08 23:52:20,006 | INFO | 		round 3: 2.1557637577056883
[92mINFO [0m:      		round 4: 2.0848127006530763
2026-07-08 23:52:20,006 | INFO | 		round 4: 2.0848127006530763
[92mINFO [0m:      		round 5: 2.0860489974975587
2026-07-08 23:52:20,006 | INFO | 		round 5: 2.0860489974975587
[92mINFO [0m:      		round 6: 2.090021279144287
2026-07-08 23:52:20,006 | INFO | 		round 6: 2.090021279144287
[92mINFO [0m:      		round 7: 2.0863757774353027
2026-07-08 23:52:20,006 | INFO | 		round 7: 2.0863757774353027
[92mINFO [0m:      		round 8: 2.0792753162384034
2026-07-08 23:52:20,006 | INFO | 		round 8: 2.0792753162384034
[92mINFO [0m:      		round 9: 2.0689254299163817
2026-07-08 23:52:20,006 | INFO | 		round 9: 2.0689254299163817
[92mINFO [0m:      		round 10: 2.057075524520874
2026-07-08 23:52:20,006 | INFO | 		round 10: 2.057075524520874
[92mINFO [0m:      		round 11: 2.0586159999847413
2026-07-08 23:52:20,006 | INFO | 		round 11: 2.0586159999847413
[92mINFO [0m:      		round 12: 2.0562803131103515
2026-07-08 23:52:20,006 | INFO | 		round 12: 2.0562803131103515
[92mINFO [0m:      		round 13: 2.0479048137664795
2026-07-08 23:52:20,006 | INFO | 		round 13: 2.0479048137664795
[92mINFO [0m:      		round 14: 2.0127625089645385
2026-07-08 23:52:20,006 | INFO | 		round 14: 2.0127625089645385
[92mINFO [0m:      		round 15: 1.9815984203338624
2026-07-08 23:52:20,006 | INFO | 		round 15: 1.9815984203338624
[92mINFO [0m:      		round 16: 1.9060132522583009
2026-07-08 23:52:20,006 | INFO | 		round 16: 1.9060132522583009
[92mINFO [0m:      		round 17: 1.9220194744110108
2026-07-08 23:52:20,006 | INFO | 		round 17: 1.9220194744110108
[92mINFO [0m:      		round 18: 1.9010075174331664
2026-07-08 23:52:20,006 | INFO | 		round 18: 1.9010075174331664
[92mINFO [0m:      		round 19: 1.9053004861831666
2026-07-08 23:52:20,006 | INFO | 		round 19: 1.9053004861831666
[92mINFO [0m:      		round 20: 1.8981436458587646
2026-07-08 23:52:20,006 | INFO | 		round 20: 1.8981436458587646
[92mINFO [0m:      		round 21: 1.8572723350524902
2026-07-08 23:52:20,006 | INFO | 		round 21: 1.8572723350524902
[92mINFO [0m:      		round 22: 1.8373730752944946
2026-07-08 23:52:20,006 | INFO | 		round 22: 1.8373730752944946
[92mINFO [0m:      		round 23: 1.8346023887634277
2026-07-08 23:52:20,006 | INFO | 		round 23: 1.8346023887634277
[92mINFO [0m:      		round 24: 1.7074203784942628
2026-07-08 23:52:20,006 | INFO | 		round 24: 1.7074203784942628
[92mINFO [0m:      		round 25: 1.6452805547714233
2026-07-08 23:52:20,006 | INFO | 		round 25: 1.6452805547714233
[92mINFO [0m:      		round 26: 1.6311100540161132
2026-07-08 23:52:20,006 | INFO | 		round 26: 1.6311100540161132
[92mINFO [0m:      		round 27: 1.5810274642944335
2026-07-08 23:52:20,006 | INFO | 		round 27: 1.5810274642944335
[92mINFO [0m:      		round 28: 1.58145125541687
2026-07-08 23:52:20,007 | INFO | 		round 28: 1.58145125541687
[92mINFO [0m:      		round 29: 1.5088509534835814
2026-07-08 23:52:20,007 | INFO | 		round 29: 1.5088509534835814
[92mINFO [0m:      		round 30: 1.4930107423782348
2026-07-08 23:52:20,007 | INFO | 		round 30: 1.4930107423782348
[92mINFO [0m:      		round 31: 1.4299997968673706
2026-07-08 23:52:20,007 | INFO | 		round 31: 1.4299997968673706
[92mINFO [0m:      		round 32: 1.4585382747650146
2026-07-08 23:52:20,007 | INFO | 		round 32: 1.4585382747650146
[92mINFO [0m:      		round 33: 1.3723497047424316
2026-07-08 23:52:20,007 | INFO | 		round 33: 1.3723497047424316
[92mINFO [0m:      		round 34: 1.338011527442932
2026-07-08 23:52:20,007 | INFO | 		round 34: 1.338011527442932
[92mINFO [0m:      		round 35: 1.3207905618667604
2026-07-08 23:52:20,007 | INFO | 		round 35: 1.3207905618667604
[92mINFO [0m:      		round 36: 1.3122399997711183
2026-07-08 23:52:20,007 | INFO | 		round 36: 1.3122399997711183
[92mINFO [0m:      		round 37: 1.2628475269317627
2026-07-08 23:52:20,007 | INFO | 		round 37: 1.2628475269317627
[92mINFO [0m:      		round 38: 1.2223890323638915
2026-07-08 23:52:20,007 | INFO | 		round 38: 1.2223890323638915
[92mINFO [0m:      		round 39: 1.237989426803589
2026-07-08 23:52:20,007 | INFO | 		round 39: 1.237989426803589
[92mINFO [0m:      		round 40: 1.1812656616210937
2026-07-08 23:52:20,007 | INFO | 		round 40: 1.1812656616210937
[92mINFO [0m:      		round 41: 1.1558148567199706
2026-07-08 23:52:20,007 | INFO | 		round 41: 1.1558148567199706
[92mINFO [0m:      		round 42: 1.0758362021446228
2026-07-08 23:52:20,007 | INFO | 		round 42: 1.0758362021446228
[92mINFO [0m:      		round 43: 1.1199888481140137
2026-07-08 23:52:20,007 | INFO | 		round 43: 1.1199888481140137
[92mINFO [0m:      		round 44: 1.1305376216888428
2026-07-08 23:52:20,007 | INFO | 		round 44: 1.1305376216888428
[92mINFO [0m:      		round 45: 1.0918282459259032
2026-07-08 23:52:20,007 | INFO | 		round 45: 1.0918282459259032
[92mINFO [0m:      		round 46: 1.1407099027633667
2026-07-08 23:52:20,007 | INFO | 		round 46: 1.1407099027633667
[92mINFO [0m:      		round 47: 1.1359040641784668
2026-07-08 23:52:20,007 | INFO | 		round 47: 1.1359040641784668
[92mINFO [0m:      		round 48: 1.091077067375183
2026-07-08 23:52:20,007 | INFO | 		round 48: 1.091077067375183
[92mINFO [0m:      		round 49: 1.0487487802505493
2026-07-08 23:52:20,007 | INFO | 		round 49: 1.0487487802505493
[92mINFO [0m:      		round 50: 1.00219214925766
2026-07-08 23:52:20,007 | INFO | 		round 50: 1.00219214925766
[92mINFO [0m:      		round 51: 0.9945800895690918
2026-07-08 23:52:20,007 | INFO | 		round 51: 0.9945800895690918
[92mINFO [0m:      		round 52: 0.9766307251930236
2026-07-08 23:52:20,007 | INFO | 		round 52: 0.9766307251930236
[92mINFO [0m:      		round 53: 0.9466131229400635
2026-07-08 23:52:20,007 | INFO | 		round 53: 0.9466131229400635
[92mINFO [0m:      		round 54: 0.9550162158966065
2026-07-08 23:52:20,007 | INFO | 		round 54: 0.9550162158966065
[92mINFO [0m:      		round 55: 0.9416336862564086
2026-07-08 23:52:20,007 | INFO | 		round 55: 0.9416336862564086
[92mINFO [0m:      		round 56: 0.9604043312072754
2026-07-08 23:52:20,007 | INFO | 		round 56: 0.9604043312072754
[92mINFO [0m:      		round 57: 0.996564399433136
2026-07-08 23:52:20,007 | INFO | 		round 57: 0.996564399433136
[92mINFO [0m:      		round 58: 0.9731782375335694
2026-07-08 23:52:20,007 | INFO | 		round 58: 0.9731782375335694
[92mINFO [0m:      		round 59: 0.9697710001945495
2026-07-08 23:52:20,007 | INFO | 		round 59: 0.9697710001945495
[92mINFO [0m:      		round 60: 0.9803179965019226
2026-07-08 23:52:20,007 | INFO | 		round 60: 0.9803179965019226
[92mINFO [0m:      	History (metrics, distributed, fit):
2026-07-08 23:52:20,007 | INFO | 	History (metrics, distributed, fit):
[92mINFO [0m:      	{'active_physical_devices': [(1, 15),
2026-07-08 23:52:20,007 | INFO | 	{'active_physical_devices': [(1, 15),
[92mINFO [0m:      	                             (2, 15),
2026-07-08 23:52:20,007 | INFO | 	                             (2, 15),
[92mINFO [0m:      	                             (3, 15),
2026-07-08 23:52:20,007 | INFO | 	                             (3, 15),
[92mINFO [0m:      	                             (4, 15),
2026-07-08 23:52:20,007 | INFO | 	                             (4, 15),
[92mINFO [0m:      	                             (5, 15),
2026-07-08 23:52:20,007 | INFO | 	                             (5, 15),
[92mINFO [0m:      	                             (6, 15),
2026-07-08 23:52:20,007 | INFO | 	                             (6, 15),
[92mINFO [0m:      	                             (7, 15),
2026-07-08 23:52:20,007 | INFO | 	                             (7, 15),
[92mINFO [0m:      	                             (8, 15),
2026-07-08 23:52:20,007 | INFO | 	                             (8, 15),
[92mINFO [0m:      	                             (9, 15),
2026-07-08 23:52:20,008 | INFO | 	                             (9, 15),
[92mINFO [0m:      	                             (10, 15),
2026-07-08 23:52:20,008 | INFO | 	                             (10, 15),
[92mINFO [0m:      	                             (11, 15),
2026-07-08 23:52:20,008 | INFO | 	                             (11, 15),
[92mINFO [0m:      	                             (12, 15),
2026-07-08 23:52:20,008 | INFO | 	                             (12, 15),
[92mINFO [0m:      	                             (13, 15),
2026-07-08 23:52:20,008 | INFO | 	                             (13, 15),
[92mINFO [0m:      	                             (14, 15),
2026-07-08 23:52:20,008 | INFO | 	                             (14, 15),
[92mINFO [0m:      	                             (15, 15),
2026-07-08 23:52:20,008 | INFO | 	                             (15, 15),
[92mINFO [0m:      	                             (16, 15),
2026-07-08 23:52:20,008 | INFO | 	                             (16, 15),
[92mINFO [0m:      	                             (17, 15),
2026-07-08 23:52:20,008 | INFO | 	                             (17, 15),
[92mINFO [0m:      	                             (18, 15),
2026-07-08 23:52:20,008 | INFO | 	                             (18, 15),
[92mINFO [0m:      	                             (19, 15),
2026-07-08 23:52:20,008 | INFO | 	                             (19, 15),
[92mINFO [0m:      	                             (20, 15),
2026-07-08 23:52:20,008 | INFO | 	                             (20, 15),
[92mINFO [0m:      	                             (21, 15),
2026-07-08 23:52:20,008 | INFO | 	                             (21, 15),
[92mINFO [0m:      	                             (22, 15),
2026-07-08 23:52:20,008 | INFO | 	                             (22, 15),
[92mINFO [0m:      	                             (23, 15),
2026-07-08 23:52:20,008 | INFO | 	                             (23, 15),
[92mINFO [0m:      	                             (24, 15),
2026-07-08 23:52:20,008 | INFO | 	                             (24, 15),
[92mINFO [0m:      	                             (25, 15),
2026-07-08 23:52:20,008 | INFO | 	                             (25, 15),
[92mINFO [0m:      	                             (26, 15),
2026-07-08 23:52:20,008 | INFO | 	                             (26, 15),
[92mINFO [0m:      	                             (27, 15),
2026-07-08 23:52:20,008 | INFO | 	                             (27, 15),
[92mINFO [0m:      	                             (28, 15),
2026-07-08 23:52:20,008 | INFO | 	                             (28, 15),
[92mINFO [0m:      	                             (29, 15),
2026-07-08 23:52:20,008 | INFO | 	                             (29, 15),
[92mINFO [0m:      	                             (30, 15),
2026-07-08 23:52:20,008 | INFO | 	                             (30, 15),
[92mINFO [0m:      	                             (31, 15),
2026-07-08 23:52:20,008 | INFO | 	                             (31, 15),
[92mINFO [0m:      	                             (32, 15),
2026-07-08 23:52:20,008 | INFO | 	                             (32, 15),
[92mINFO [0m:      	                             (33, 15),
2026-07-08 23:52:20,008 | INFO | 	                             (33, 15),
[92mINFO [0m:      	                             (34, 15),
2026-07-08 23:52:20,008 | INFO | 	                             (34, 15),
[92mINFO [0m:      	                             (35, 15),
2026-07-08 23:52:20,008 | INFO | 	                             (35, 15),
[92mINFO [0m:      	                             (36, 15),
2026-07-08 23:52:20,008 | INFO | 	                             (36, 15),
[92mINFO [0m:      	                             (37, 15),
2026-07-08 23:52:20,008 | INFO | 	                             (37, 15),
[92mINFO [0m:      	                             (38, 15),
2026-07-08 23:52:20,008 | INFO | 	                             (38, 15),
[92mINFO [0m:      	                             (39, 15),
2026-07-08 23:52:20,008 | INFO | 	                             (39, 15),
[92mINFO [0m:      	                             (40, 15),
2026-07-08 23:52:20,008 | INFO | 	                             (40, 15),
[92mINFO [0m:      	                             (41, 15),
2026-07-08 23:52:20,008 | INFO | 	                             (41, 15),
[92mINFO [0m:      	                             (42, 15),
2026-07-08 23:52:20,008 | INFO | 	                             (42, 15),
[92mINFO [0m:      	                             (43, 15),
2026-07-08 23:52:20,008 | INFO | 	                             (43, 15),
[92mINFO [0m:      	                             (44, 15),
2026-07-08 23:52:20,008 | INFO | 	                             (44, 15),
[92mINFO [0m:      	                             (45, 15),
2026-07-08 23:52:20,008 | INFO | 	                             (45, 15),
[92mINFO [0m:      	                             (46, 15),
2026-07-08 23:52:20,008 | INFO | 	                             (46, 15),
[92mINFO [0m:      	                             (47, 15),
2026-07-08 23:52:20,008 | INFO | 	                             (47, 15),
[92mINFO [0m:      	                             (48, 15),
2026-07-08 23:52:20,008 | INFO | 	                             (48, 15),
[92mINFO [0m:      	                             (49, 15),
2026-07-08 23:52:20,008 | INFO | 	                             (49, 15),
[92mINFO [0m:      	                             (50, 15),
2026-07-08 23:52:20,008 | INFO | 	                             (50, 15),
[92mINFO [0m:      	                             (51, 15),
2026-07-08 23:52:20,009 | INFO | 	                             (51, 15),
[92mINFO [0m:      	                             (52, 15),
2026-07-08 23:52:20,009 | INFO | 	                             (52, 15),
[92mINFO [0m:      	                             (53, 15),
2026-07-08 23:52:20,009 | INFO | 	                             (53, 15),
[92mINFO [0m:      	                             (54, 15),
2026-07-08 23:52:20,009 | INFO | 	                             (54, 15),
[92mINFO [0m:      	                             (55, 15),
2026-07-08 23:52:20,009 | INFO | 	                             (55, 15),
[92mINFO [0m:      	                             (56, 15),
2026-07-08 23:52:20,009 | INFO | 	                             (56, 15),
[92mINFO [0m:      	                             (57, 15),
2026-07-08 23:52:20,009 | INFO | 	                             (57, 15),
[92mINFO [0m:      	                             (58, 15),
2026-07-08 23:52:20,009 | INFO | 	                             (58, 15),
[92mINFO [0m:      	                             (59, 15),
2026-07-08 23:52:20,009 | INFO | 	                             (59, 15),
[92mINFO [0m:      	                             (60, 15)],
2026-07-08 23:52:20,009 | INFO | 	                             (60, 15)],
[92mINFO [0m:      	 'active_virtual_clients': [(1, 12),
2026-07-08 23:52:20,009 | INFO | 	 'active_virtual_clients': [(1, 12),
[92mINFO [0m:      	                            (2, 13),
2026-07-08 23:52:20,009 | INFO | 	                            (2, 13),
[92mINFO [0m:      	                            (3, 12),
2026-07-08 23:52:20,009 | INFO | 	                            (3, 12),
[92mINFO [0m:      	                            (4, 10),
2026-07-08 23:52:20,009 | INFO | 	                            (4, 10),
[92mINFO [0m:      	                            (5, 13),
2026-07-08 23:52:20,009 | INFO | 	                            (5, 13),
[92mINFO [0m:      	                            (6, 12),
2026-07-08 23:52:20,009 | INFO | 	                            (6, 12),
[92mINFO [0m:      	                            (7, 10),
2026-07-08 23:52:20,009 | INFO | 	                            (7, 10),
[92mINFO [0m:      	                            (8, 12),
2026-07-08 23:52:20,009 | INFO | 	                            (8, 12),
[92mINFO [0m:      	                            (9, 10),
2026-07-08 23:52:20,009 | INFO | 	                            (9, 10),
[92mINFO [0m:      	                            (10, 13),
2026-07-08 23:52:20,009 | INFO | 	                            (10, 13),
[92mINFO [0m:      	                            (11, 15),
2026-07-08 23:52:20,009 | INFO | 	                            (11, 15),
[92mINFO [0m:      	                            (12, 12),
2026-07-08 23:52:20,009 | INFO | 	                            (12, 12),
[92mINFO [0m:      	                            (13, 14),
2026-07-08 23:52:20,009 | INFO | 	                            (13, 14),
[92mINFO [0m:      	                            (14, 12),
2026-07-08 23:52:20,009 | INFO | 	                            (14, 12),
[92mINFO [0m:      	                            (15, 13),
2026-07-08 23:52:20,009 | INFO | 	                            (15, 13),
[92mINFO [0m:      	                            (16, 12),
2026-07-08 23:52:20,009 | INFO | 	                            (16, 12),
[92mINFO [0m:      	                            (17, 12),
2026-07-08 23:52:20,009 | INFO | 	                            (17, 12),
[92mINFO [0m:      	                            (18, 12),
2026-07-08 23:52:20,009 | INFO | 	                            (18, 12),
[92mINFO [0m:      	                            (19, 10),
2026-07-08 23:52:20,009 | INFO | 	                            (19, 10),
[92mINFO [0m:      	                            (20, 12),
2026-07-08 23:52:20,009 | INFO | 	                            (20, 12),
[92mINFO [0m:      	                            (21, 10),
2026-07-08 23:52:20,009 | INFO | 	                            (21, 10),
[92mINFO [0m:      	                            (22, 12),
2026-07-08 23:52:20,009 | INFO | 	                            (22, 12),
[92mINFO [0m:      	                            (23, 10),
2026-07-08 23:52:20,009 | INFO | 	                            (23, 10),
[92mINFO [0m:      	                            (24, 14),
2026-07-08 23:52:20,009 | INFO | 	                            (24, 14),
[92mINFO [0m:      	                            (25, 13),
2026-07-08 23:52:20,009 | INFO | 	                            (25, 13),
[92mINFO [0m:      	                            (26, 11),
2026-07-08 23:52:20,009 | INFO | 	                            (26, 11),
[92mINFO [0m:      	                            (27, 10),
2026-07-08 23:52:20,009 | INFO | 	                            (27, 10),
[92mINFO [0m:      	                            (28, 11),
2026-07-08 23:52:20,009 | INFO | 	                            (28, 11),
[92mINFO [0m:      	                            (29, 10),
2026-07-08 23:52:20,009 | INFO | 	                            (29, 10),
[92mINFO [0m:      	                            (30, 13),
2026-07-08 23:52:20,009 | INFO | 	                            (30, 13),
[92mINFO [0m:      	                            (31, 11),
2026-07-08 23:52:20,009 | INFO | 	                            (31, 11),
[92mINFO [0m:      	                            (32, 12),
2026-07-08 23:52:20,009 | INFO | 	                            (32, 12),
[92mINFO [0m:      	                            (33, 12),
2026-07-08 23:52:20,010 | INFO | 	                            (33, 12),
[92mINFO [0m:      	                            (34, 14),
2026-07-08 23:52:20,010 | INFO | 	                            (34, 14),
[92mINFO [0m:      	                            (35, 11),
2026-07-08 23:52:20,010 | INFO | 	                            (35, 11),
[92mINFO [0m:      	                            (36, 11),
2026-07-08 23:52:20,010 | INFO | 	                            (36, 11),
[92mINFO [0m:      	                            (37, 11),
2026-07-08 23:52:20,010 | INFO | 	                            (37, 11),
[92mINFO [0m:      	                            (38, 12),
2026-07-08 23:52:20,010 | INFO | 	                            (38, 12),
[92mINFO [0m:      	                            (39, 11),
2026-07-08 23:52:20,010 | INFO | 	                            (39, 11),
[92mINFO [0m:      	                            (40, 11),
2026-07-08 23:52:20,010 | INFO | 	                            (40, 11),
[92mINFO [0m:      	                            (41, 11),
2026-07-08 23:52:20,010 | INFO | 	                            (41, 11),
[92mINFO [0m:      	                            (42, 11),
2026-07-08 23:52:20,010 | INFO | 	                            (42, 11),
[92mINFO [0m:      	                            (43, 10),
2026-07-08 23:52:20,010 | INFO | 	                            (43, 10),
[92mINFO [0m:      	                            (44, 12),
2026-07-08 23:52:20,010 | INFO | 	                            (44, 12),
[92mINFO [0m:      	                            (45, 12),
2026-07-08 23:52:20,010 | INFO | 	                            (45, 12),
[92mINFO [0m:      	                            (46, 11),
2026-07-08 23:52:20,010 | INFO | 	                            (46, 11),
[92mINFO [0m:      	                            (47, 10),
2026-07-08 23:52:20,010 | INFO | 	                            (47, 10),
[92mINFO [0m:      	                            (48, 12),
2026-07-08 23:52:20,010 | INFO | 	                            (48, 12),
[92mINFO [0m:      	                            (49, 13),
2026-07-08 23:52:20,010 | INFO | 	                            (49, 13),
[92mINFO [0m:      	                            (50, 11),
2026-07-08 23:52:20,010 | INFO | 	                            (50, 11),
[92mINFO [0m:      	                            (51, 12),
2026-07-08 23:52:20,010 | INFO | 	                            (51, 12),
[92mINFO [0m:      	                            (52, 11),
2026-07-08 23:52:20,010 | INFO | 	                            (52, 11),
[92mINFO [0m:      	                            (53, 12),
2026-07-08 23:52:20,010 | INFO | 	                            (53, 12),
[92mINFO [0m:      	                            (54, 13),
2026-07-08 23:52:20,010 | INFO | 	                            (54, 13),
[92mINFO [0m:      	                            (55, 11),
2026-07-08 23:52:20,010 | INFO | 	                            (55, 11),
[92mINFO [0m:      	                            (56, 11),
2026-07-08 23:52:20,010 | INFO | 	                            (56, 11),
[92mINFO [0m:      	                            (57, 14),
2026-07-08 23:52:20,010 | INFO | 	                            (57, 14),
[92mINFO [0m:      	                            (58, 14),
2026-07-08 23:52:20,010 | INFO | 	                            (58, 14),
[92mINFO [0m:      	                            (59, 12),
2026-07-08 23:52:20,010 | INFO | 	                            (59, 12),
[92mINFO [0m:      	                            (60, 13)],
2026-07-08 23:52:20,010 | INFO | 	                            (60, 13)],
[92mINFO [0m:      	 'aggregate_time_sec': [(1, 0.010265849530696869),
2026-07-08 23:52:20,010 | INFO | 	 'aggregate_time_sec': [(1, 0.010265849530696869),
[92mINFO [0m:      	                        (2, 0.010392747819423676),
2026-07-08 23:52:20,010 | INFO | 	                        (2, 0.010392747819423676),
[92mINFO [0m:      	                        (3, 0.00729852169752121),
2026-07-08 23:52:20,010 | INFO | 	                        (3, 0.00729852169752121),
[92mINFO [0m:      	                        (4, 0.010886289179325104),
2026-07-08 23:52:20,010 | INFO | 	                        (4, 0.010886289179325104),
[92mINFO [0m:      	                        (5, 0.010156601667404175),
2026-07-08 23:52:20,010 | INFO | 	                        (5, 0.010156601667404175),
[92mINFO [0m:      	                        (6, 0.010297376662492752),
2026-07-08 23:52:20,010 | INFO | 	                        (6, 0.010297376662492752),
[92mINFO [0m:      	                        (7, 0.008293721824884415),
2026-07-08 23:52:20,010 | INFO | 	                        (7, 0.008293721824884415),
[92mINFO [0m:      	                        (8, 0.009329315274953842),
2026-07-08 23:52:20,010 | INFO | 	                        (8, 0.009329315274953842),
[92mINFO [0m:      	                        (9, 0.008699644356966019),
2026-07-08 23:52:20,010 | INFO | 	                        (9, 0.008699644356966019),
[92mINFO [0m:      	                        (10, 0.00788998231291771),
2026-07-08 23:52:20,010 | INFO | 	                        (10, 0.00788998231291771),
[92mINFO [0m:      	                        (11, 0.011183422058820724),
2026-07-08 23:52:20,010 | INFO | 	                        (11, 0.011183422058820724),
[92mINFO [0m:      	                        (12, 0.0094289630651474),
2026-07-08 23:52:20,010 | INFO | 	                        (12, 0.0094289630651474),
[92mINFO [0m:      	                        (13, 0.010056797415018082),
2026-07-08 23:52:20,010 | INFO | 	                        (13, 0.010056797415018082),
[92mINFO [0m:      	                        (14, 0.009823624044656754),
2026-07-08 23:52:20,011 | INFO | 	                        (14, 0.009823624044656754),
[92mINFO [0m:      	                        (15, 0.009860754013061523),
2026-07-08 23:52:20,011 | INFO | 	                        (15, 0.009860754013061523),
[92mINFO [0m:      	                        (16, 0.007748953998088837),
2026-07-08 23:52:20,011 | INFO | 	                        (16, 0.007748953998088837),
[92mINFO [0m:      	                        (17, 0.008356008678674698),
2026-07-08 23:52:20,011 | INFO | 	                        (17, 0.008356008678674698),
[92mINFO [0m:      	                        (18, 0.012597542256116867),
2026-07-08 23:52:20,011 | INFO | 	                        (18, 0.012597542256116867),
[92mINFO [0m:      	                        (19, 0.010487601161003113),
2026-07-08 23:52:20,011 | INFO | 	                        (19, 0.010487601161003113),
[92mINFO [0m:      	                        (20, 0.007824733853340149),
2026-07-08 23:52:20,011 | INFO | 	                        (20, 0.007824733853340149),
[92mINFO [0m:      	                        (21, 0.00741368904709816),
2026-07-08 23:52:20,011 | INFO | 	                        (21, 0.00741368904709816),
[92mINFO [0m:      	                        (22, 0.009373046457767487),
2026-07-08 23:52:20,011 | INFO | 	                        (22, 0.009373046457767487),
[92mINFO [0m:      	                        (23, 0.011478222906589508),
2026-07-08 23:52:20,011 | INFO | 	                        (23, 0.011478222906589508),
[92mINFO [0m:      	                        (24, 0.010221276432275772),
2026-07-08 23:52:20,011 | INFO | 	                        (24, 0.010221276432275772),
[92mINFO [0m:      	                        (25, 0.010140586644411087),
2026-07-08 23:52:20,011 | INFO | 	                        (25, 0.010140586644411087),
[92mINFO [0m:      	                        (26, 0.01006704568862915),
2026-07-08 23:52:20,011 | INFO | 	                        (26, 0.01006704568862915),
[92mINFO [0m:      	                        (27, 0.013043433427810669),
2026-07-08 23:52:20,011 | INFO | 	                        (27, 0.013043433427810669),
[92mINFO [0m:      	                        (28, 0.01672423630952835),
2026-07-08 23:52:20,011 | INFO | 	                        (28, 0.01672423630952835),
[92mINFO [0m:      	                        (29, 0.008637696504592896),
2026-07-08 23:52:20,011 | INFO | 	                        (29, 0.008637696504592896),
[92mINFO [0m:      	                        (30, 0.0092337466776371),
2026-07-08 23:52:20,011 | INFO | 	                        (30, 0.0092337466776371),
[92mINFO [0m:      	                        (31, 0.010460883378982544),
2026-07-08 23:52:20,011 | INFO | 	                        (31, 0.010460883378982544),
[92mINFO [0m:      	                        (32, 0.010501079261302948),
2026-07-08 23:52:20,011 | INFO | 	                        (32, 0.010501079261302948),
[92mINFO [0m:      	                        (33, 0.009337637573480606),
2026-07-08 23:52:20,011 | INFO | 	                        (33, 0.009337637573480606),
[92mINFO [0m:      	                        (34, 0.00841451808810234),
2026-07-08 23:52:20,011 | INFO | 	                        (34, 0.00841451808810234),
[92mINFO [0m:      	                        (35, 0.0085638128221035),
2026-07-08 23:52:20,011 | INFO | 	                        (35, 0.0085638128221035),
[92mINFO [0m:      	                        (36, 0.007888112217187881),
2026-07-08 23:52:20,011 | INFO | 	                        (36, 0.007888112217187881),
[92mINFO [0m:      	                        (37, 0.009591009467840195),
2026-07-08 23:52:20,011 | INFO | 	                        (37, 0.009591009467840195),
[92mINFO [0m:      	                        (38, 0.010744277387857437),
2026-07-08 23:52:20,011 | INFO | 	                        (38, 0.010744277387857437),
[92mINFO [0m:      	                        (39, 0.008763164281845093),
2026-07-08 23:52:20,011 | INFO | 	                        (39, 0.008763164281845093),
[92mINFO [0m:      	                        (40, 0.011277951300144196),
2026-07-08 23:52:20,011 | INFO | 	                        (40, 0.011277951300144196),
[92mINFO [0m:      	                        (41, 0.014087468385696411),
2026-07-08 23:52:20,011 | INFO | 	                        (41, 0.014087468385696411),
[92mINFO [0m:      	                        (42, 0.009618327021598816),
2026-07-08 23:52:20,011 | INFO | 	                        (42, 0.009618327021598816),
[92mINFO [0m:      	                        (43, 0.00904252752661705),
2026-07-08 23:52:20,011 | INFO | 	                        (43, 0.00904252752661705),
[92mINFO [0m:      	                        (44, 0.010431136935949326),
2026-07-08 23:52:20,011 | INFO | 	                        (44, 0.010431136935949326),
[92mINFO [0m:      	                        (45, 0.008176717907190323),
2026-07-08 23:52:20,011 | INFO | 	                        (45, 0.008176717907190323),
[92mINFO [0m:      	                        (46, 0.010449323803186417),
2026-07-08 23:52:20,011 | INFO | 	                        (46, 0.010449323803186417),
[92mINFO [0m:      	                        (47, 0.010137155652046204),
2026-07-08 23:52:20,011 | INFO | 	                        (47, 0.010137155652046204),
[92mINFO [0m:      	                        (48, 0.010206308215856552),
2026-07-08 23:52:20,011 | INFO | 	                        (48, 0.010206308215856552),
[92mINFO [0m:      	                        (49, 0.007940974086523056),
2026-07-08 23:52:20,011 | INFO | 	                        (49, 0.007940974086523056),
[92mINFO [0m:      	                        (50, 0.008709728717803955),
2026-07-08 23:52:20,011 | INFO | 	                        (50, 0.008709728717803955),
[92mINFO [0m:      	                        (51, 0.01382308080792427),
2026-07-08 23:52:20,011 | INFO | 	                        (51, 0.01382308080792427),
[92mINFO [0m:      	                        (52, 0.009446393698453903),
2026-07-08 23:52:20,011 | INFO | 	                        (52, 0.009446393698453903),
[92mINFO [0m:      	                        (53, 0.012251686304807663),
2026-07-08 23:52:20,011 | INFO | 	                        (53, 0.012251686304807663),
[92mINFO [0m:      	                        (54, 0.011525824666023254),
2026-07-08 23:52:20,011 | INFO | 	                        (54, 0.011525824666023254),
[92mINFO [0m:      	                        (55, 0.011079158633947372),
2026-07-08 23:52:20,012 | INFO | 	                        (55, 0.011079158633947372),
[92mINFO [0m:      	                        (56, 0.011876985430717468),
2026-07-08 23:52:20,012 | INFO | 	                        (56, 0.011876985430717468),
[92mINFO [0m:      	                        (57, 0.01199474185705185),
2026-07-08 23:52:20,012 | INFO | 	                        (57, 0.01199474185705185),
[92mINFO [0m:      	                        (58, 0.013521138578653336),
2026-07-08 23:52:20,012 | INFO | 	                        (58, 0.013521138578653336),
[92mINFO [0m:      	                        (59, 0.009911354631185532),
2026-07-08 23:52:20,012 | INFO | 	                        (59, 0.009911354631185532),
[92mINFO [0m:      	                        (60, 0.01003238558769226)],
2026-07-08 23:52:20,012 | INFO | 	                        (60, 0.01003238558769226)],
[92mINFO [0m:      	 'aggregation_delta_cosine': [(1, 0.9888457921534579),
2026-07-08 23:52:20,012 | INFO | 	 'aggregation_delta_cosine': [(1, 0.9888457921534579),
[92mINFO [0m:      	                              (2, 0.9806668931332221),
2026-07-08 23:52:20,012 | INFO | 	                              (2, 0.9806668931332221),
[92mINFO [0m:      	                              (3, 0.9930165721300095),
2026-07-08 23:52:20,012 | INFO | 	                              (3, 0.9930165721300095),
[92mINFO [0m:      	                              (4, 0.9777115716876168),
2026-07-08 23:52:20,012 | INFO | 	                              (4, 0.9777115716876168),
[92mINFO [0m:      	                              (5, 0.9938023598152305),
2026-07-08 23:52:20,012 | INFO | 	                              (5, 0.9938023598152305),
[92mINFO [0m:      	                              (6, 0.988895245599697),
2026-07-08 23:52:20,012 | INFO | 	                              (6, 0.988895245599697),
[92mINFO [0m:      	                              (7, 0.9856470963898823),
2026-07-08 23:52:20,012 | INFO | 	                              (7, 0.9856470963898823),
[92mINFO [0m:      	                              (8, 0.9837164642129812),
2026-07-08 23:52:20,012 | INFO | 	                              (8, 0.9837164642129812),
[92mINFO [0m:      	                              (9, 0.9935919771471493),
2026-07-08 23:52:20,012 | INFO | 	                              (9, 0.9935919771471493),
[92mINFO [0m:      	                              (10, 0.9949423939609255),
2026-07-08 23:52:20,012 | INFO | 	                              (10, 0.9949423939609255),
[92mINFO [0m:      	                              (11, 0.984415285039831),
2026-07-08 23:52:20,012 | INFO | 	                              (11, 0.984415285039831),
[92mINFO [0m:      	                              (12, 0.9941852088683583),
2026-07-08 23:52:20,012 | INFO | 	                              (12, 0.9941852088683583),
[92mINFO [0m:      	                              (13, 0.9969615494927888),
2026-07-08 23:52:20,012 | INFO | 	                              (13, 0.9969615494927888),
[92mINFO [0m:      	                              (14, 0.9952627061592644),
2026-07-08 23:52:20,012 | INFO | 	                              (14, 0.9952627061592644),
[92mINFO [0m:      	                              (15, 0.9954034784163329),
2026-07-08 23:52:20,012 | INFO | 	                              (15, 0.9954034784163329),
[92mINFO [0m:      	                              (16, 0.9746979950226795),
2026-07-08 23:52:20,012 | INFO | 	                              (16, 0.9746979950226795),
[92mINFO [0m:      	                              (17, 0.9946837965948665),
2026-07-08 23:52:20,012 | INFO | 	                              (17, 0.9946837965948665),
[92mINFO [0m:      	                              (18, 0.9942398691646056),
2026-07-08 23:52:20,012 | INFO | 	                              (18, 0.9942398691646056),
[92mINFO [0m:      	                              (19, 0.9910417631512947),
2026-07-08 23:52:20,012 | INFO | 	                              (19, 0.9910417631512947),
[92mINFO [0m:      	                              (20, 0.9926111209547565),
2026-07-08 23:52:20,012 | INFO | 	                              (20, 0.9926111209547565),
[92mINFO [0m:      	                              (21, 0.9832238775946489),
2026-07-08 23:52:20,012 | INFO | 	                              (21, 0.9832238775946489),
[92mINFO [0m:      	                              (22, 0.9957935134458472),
2026-07-08 23:52:20,012 | INFO | 	                              (22, 0.9957935134458472),
[92mINFO [0m:      	                              (23, 0.9952757165835342),
2026-07-08 23:52:20,012 | INFO | 	                              (23, 0.9952757165835342),
[92mINFO [0m:      	                              (24, 0.9867001300564502),
2026-07-08 23:52:20,012 | INFO | 	                              (24, 0.9867001300564502),
[92mINFO [0m:      	                              (25, 0.994659553501559),
2026-07-08 23:52:20,012 | INFO | 	                              (25, 0.994659553501559),
[92mINFO [0m:      	                              (26, 0.9957100723059404),
2026-07-08 23:52:20,012 | INFO | 	                              (26, 0.9957100723059404),
[92mINFO [0m:      	                              (27, 0.9921279834384109),
2026-07-08 23:52:20,012 | INFO | 	                              (27, 0.9921279834384109),
[92mINFO [0m:      	                              (28, 0.9883480129078112),
2026-07-08 23:52:20,012 | INFO | 	                              (28, 0.9883480129078112),
[92mINFO [0m:      	                              (29, 0.9886146548648527),
2026-07-08 23:52:20,012 | INFO | 	                              (29, 0.9886146548648527),
[92mINFO [0m:      	                              (30, 0.9929326729345002),
2026-07-08 23:52:20,012 | INFO | 	                              (30, 0.9929326729345002),
[92mINFO [0m:      	                              (31, 0.9948297099782625),
2026-07-08 23:52:20,012 | INFO | 	                              (31, 0.9948297099782625),
[92mINFO [0m:      	                              (32, 0.9925667087724551),
2026-07-08 23:52:20,012 | INFO | 	                              (32, 0.9925667087724551),
[92mINFO [0m:      	                              (33, 0.9927793341921444),
2026-07-08 23:52:20,012 | INFO | 	                              (33, 0.9927793341921444),
[92mINFO [0m:      	                              (34, 0.993397664257802),
2026-07-08 23:52:20,012 | INFO | 	                              (34, 0.993397664257802),
[92mINFO [0m:      	                              (35, 0.9903408791020003),
2026-07-08 23:52:20,013 | INFO | 	                              (35, 0.9903408791020003),
[92mINFO [0m:      	                              (36, 0.9971427335279525),
2026-07-08 23:52:20,013 | INFO | 	                              (36, 0.9971427335279525),
[92mINFO [0m:      	                              (37, 0.9954865288727494),
2026-07-08 23:52:20,013 | INFO | 	                              (37, 0.9954865288727494),
[92mINFO [0m:      	                              (38, 0.994779554449151),
2026-07-08 23:52:20,013 | INFO | 	                              (38, 0.994779554449151),
[92mINFO [0m:      	                              (39, 0.9935749694240692),
2026-07-08 23:52:20,013 | INFO | 	                              (39, 0.9935749694240692),
[92mINFO [0m:      	                              (40, 0.9956099375209057),
2026-07-08 23:52:20,013 | INFO | 	                              (40, 0.9956099375209057),
[92mINFO [0m:      	                              (41, 0.9968774004047242),
2026-07-08 23:52:20,013 | INFO | 	                              (41, 0.9968774004047242),
[92mINFO [0m:      	                              (42, 0.9922990289724687),
2026-07-08 23:52:20,013 | INFO | 	                              (42, 0.9922990289724687),
[92mINFO [0m:      	                              (43, 0.9932563708229004),
2026-07-08 23:52:20,013 | INFO | 	                              (43, 0.9932563708229004),
[92mINFO [0m:      	                              (44, 0.9939059318214132),
2026-07-08 23:52:20,013 | INFO | 	                              (44, 0.9939059318214132),
[92mINFO [0m:      	                              (45, 0.9906459912161866),
2026-07-08 23:52:20,013 | INFO | 	                              (45, 0.9906459912161866),
[92mINFO [0m:      	                              (46, 0.9905914303135928),
2026-07-08 23:52:20,013 | INFO | 	                              (46, 0.9905914303135928),
[92mINFO [0m:      	                              (47, 0.9956051631958238),
2026-07-08 23:52:20,013 | INFO | 	                              (47, 0.9956051631958238),
[92mINFO [0m:      	                              (48, 0.9958345634912438),
2026-07-08 23:52:20,013 | INFO | 	                              (48, 0.9958345634912438),
[92mINFO [0m:      	                              (49, 0.9965968735206715),
2026-07-08 23:52:20,013 | INFO | 	                              (49, 0.9965968735206715),
[92mINFO [0m:      	                              (50, 0.9971464573506553),
2026-07-08 23:52:20,013 | INFO | 	                              (50, 0.9971464573506553),
[92mINFO [0m:      	                              (51, 0.997115647836079),
2026-07-08 23:52:20,013 | INFO | 	                              (51, 0.997115647836079),
[92mINFO [0m:      	                              (52, 0.9926646623811717),
2026-07-08 23:52:20,013 | INFO | 	                              (52, 0.9926646623811717),
[92mINFO [0m:      	                              (53, 0.9976895507012111),
2026-07-08 23:52:20,013 | INFO | 	                              (53, 0.9976895507012111),
[92mINFO [0m:      	                              (54, 0.9960030795647115),
2026-07-08 23:52:20,013 | INFO | 	                              (54, 0.9960030795647115),
[92mINFO [0m:      	                              (55, 0.9954202874143334),
2026-07-08 23:52:20,013 | INFO | 	                              (55, 0.9954202874143334),
[92mINFO [0m:      	                              (56, 0.9969474870279645),
2026-07-08 23:52:20,013 | INFO | 	                              (56, 0.9969474870279645),
[92mINFO [0m:      	                              (57, 0.9957217104322307),
2026-07-08 23:52:20,013 | INFO | 	                              (57, 0.9957217104322307),
[92mINFO [0m:      	                              (58, 0.9976123022522809),
2026-07-08 23:52:20,013 | INFO | 	                              (58, 0.9976123022522809),
[92mINFO [0m:      	                              (59, 0.9965159154808068),
2026-07-08 23:52:20,013 | INFO | 	                              (59, 0.9965159154808068),
[92mINFO [0m:      	                              (60, 0.9984628978497846)],
2026-07-08 23:52:20,013 | INFO | 	                              (60, 0.9984628978497846)],
[92mINFO [0m:      	 'aggregation_delta_l2': [(1, 1.021728296125548),
2026-07-08 23:52:20,013 | INFO | 	 'aggregation_delta_l2': [(1, 1.021728296125548),
[92mINFO [0m:      	                          (2, 1.3703144091318635),
2026-07-08 23:52:20,013 | INFO | 	                          (2, 1.3703144091318635),
[92mINFO [0m:      	                          (3, 0.8308545368270127),
2026-07-08 23:52:20,013 | INFO | 	                          (3, 0.8308545368270127),
[92mINFO [0m:      	                          (4, 1.5151898363270628),
2026-07-08 23:52:20,013 | INFO | 	                          (4, 1.5151898363270628),
[92mINFO [0m:      	                          (5, 0.8089905673564208),
2026-07-08 23:52:20,013 | INFO | 	                          (5, 0.8089905673564208),
[92mINFO [0m:      	                          (6, 1.096177226246788),
2026-07-08 23:52:20,013 | INFO | 	                          (6, 1.096177226246788),
[92mINFO [0m:      	                          (7, 1.2690980269217254),
2026-07-08 23:52:20,013 | INFO | 	                          (7, 1.2690980269217254),
[92mINFO [0m:      	                          (8, 1.3800049115587811),
2026-07-08 23:52:20,013 | INFO | 	                          (8, 1.3800049115587811),
[92mINFO [0m:      	                          (9, 0.8767286288802854),
2026-07-08 23:52:20,013 | INFO | 	                          (9, 0.8767286288802854),
[92mINFO [0m:      	                          (10, 0.7871659681010418),
2026-07-08 23:52:20,013 | INFO | 	                          (10, 0.7871659681010418),
[92mINFO [0m:      	                          (11, 1.4085932362424074),
2026-07-08 23:52:20,013 | INFO | 	                          (11, 1.4085932362424074),
[92mINFO [0m:      	                          (12, 0.8702365238577071),
2026-07-08 23:52:20,013 | INFO | 	                          (12, 0.8702365238577071),
[92mINFO [0m:      	                          (13, 0.6342525993573185),
2026-07-08 23:52:20,013 | INFO | 	                          (13, 0.6342525993573185),
[92mINFO [0m:      	                          (14, 0.7974317958398464),
2026-07-08 23:52:20,013 | INFO | 	                          (14, 0.7974317958398464),
[92mINFO [0m:      	                          (15, 0.7925291576607513),
2026-07-08 23:52:20,013 | INFO | 	                          (15, 0.7925291576607513),
[92mINFO [0m:      	                          (16, 1.9093873637292007),
2026-07-08 23:52:20,014 | INFO | 	                          (16, 1.9093873637292007),
[92mINFO [0m:      	                          (17, 0.8872554626424691),
2026-07-08 23:52:20,014 | INFO | 	                          (17, 0.8872554626424691),
[92mINFO [0m:      	                          (18, 0.9313474814720387),
2026-07-08 23:52:20,014 | INFO | 	                          (18, 0.9313474814720387),
[92mINFO [0m:      	                          (19, 1.1774925516143468),
2026-07-08 23:52:20,014 | INFO | 	                          (19, 1.1774925516143468),
[92mINFO [0m:      	                          (20, 1.0842964831496937),
2026-07-08 23:52:20,014 | INFO | 	                          (20, 1.0842964831496937),
[92mINFO [0m:      	                          (21, 1.6687293457499495),
2026-07-08 23:52:20,014 | INFO | 	                          (21, 1.6687293457499495),
[92mINFO [0m:      	                          (22, 0.8438440481854756),
2026-07-08 23:52:20,014 | INFO | 	                          (22, 0.8438440481854756),
[92mINFO [0m:      	                          (23, 0.9022098339645223),
2026-07-08 23:52:20,014 | INFO | 	                          (23, 0.9022098339645223),
[92mINFO [0m:      	                          (24, 1.54252249544302),
2026-07-08 23:52:20,014 | INFO | 	                          (24, 1.54252249544302),
[92mINFO [0m:      	                          (25, 0.9894746460809396),
2026-07-08 23:52:20,014 | INFO | 	                          (25, 0.9894746460809396),
[92mINFO [0m:      	                          (26, 0.8926336721468636),
2026-07-08 23:52:20,014 | INFO | 	                          (26, 0.8926336721468636),
[92mINFO [0m:      	                          (27, 1.2264581244123671),
2026-07-08 23:52:20,014 | INFO | 	                          (27, 1.2264581244123671),
[92mINFO [0m:      	                          (28, 1.5139638784912828),
2026-07-08 23:52:20,014 | INFO | 	                          (28, 1.5139638784912828),
[92mINFO [0m:      	                          (29, 1.523360384759606),
2026-07-08 23:52:20,014 | INFO | 	                          (29, 1.523360384759606),
[92mINFO [0m:      	                          (30, 1.2163717968314922),
2026-07-08 23:52:20,014 | INFO | 	                          (30, 1.2163717968314922),
[92mINFO [0m:      	                          (31, 1.0525303797492398),
2026-07-08 23:52:20,014 | INFO | 	                          (31, 1.0525303797492398),
[92mINFO [0m:      	                          (32, 1.279252302251154),
2026-07-08 23:52:20,014 | INFO | 	                          (32, 1.279252302251154),
[92mINFO [0m:      	                          (33, 1.2772683454322085),
2026-07-08 23:52:20,014 | INFO | 	                          (33, 1.2772683454322085),
[92mINFO [0m:      	                          (34, 1.2381517089377045),
2026-07-08 23:52:20,014 | INFO | 	                          (34, 1.2381517089377045),
[92mINFO [0m:      	                          (35, 1.5191009307240817),
2026-07-08 23:52:20,014 | INFO | 	                          (35, 1.5191009307240817),
[92mINFO [0m:      	                          (36, 0.8322010965917636),
2026-07-08 23:52:20,014 | INFO | 	                          (36, 0.8322010965917636),
[92mINFO [0m:      	                          (37, 1.0587383306163745),
2026-07-08 23:52:20,014 | INFO | 	                          (37, 1.0587383306163745),
[92mINFO [0m:      	                          (38, 1.1489890158247025),
2026-07-08 23:52:20,014 | INFO | 	                          (38, 1.1489890158247025),
[92mINFO [0m:      	                          (39, 1.291694508762547),
2026-07-08 23:52:20,014 | INFO | 	                          (39, 1.291694508762547),
[92mINFO [0m:      	                          (40, 1.0771815153302464),
2026-07-08 23:52:20,014 | INFO | 	                          (40, 1.0771815153302464),
[92mINFO [0m:      	                          (41, 0.9147080796267569),
2026-07-08 23:52:20,014 | INFO | 	                          (41, 0.9147080796267569),
[92mINFO [0m:      	                          (42, 1.451597465883218),
2026-07-08 23:52:20,014 | INFO | 	                          (42, 1.451597465883218),
[92mINFO [0m:      	                          (43, 1.3783083962221994),
2026-07-08 23:52:20,014 | INFO | 	                          (43, 1.3783083962221994),
[92mINFO [0m:      	                          (44, 1.3243662073381324),
2026-07-08 23:52:20,014 | INFO | 	                          (44, 1.3243662073381324),
[92mINFO [0m:      	                          (45, 1.6656491463593555),
2026-07-08 23:52:20,014 | INFO | 	                          (45, 1.6656491463593555),
[92mINFO [0m:      	                          (46, 1.6967863168286925),
2026-07-08 23:52:20,014 | INFO | 	                          (46, 1.6967863168286925),
[92mINFO [0m:      	                          (47, 1.170774099322219),
2026-07-08 23:52:20,014 | INFO | 	                          (47, 1.170774099322219),
[92mINFO [0m:      	                          (48, 1.1524405475277169),
2026-07-08 23:52:20,014 | INFO | 	                          (48, 1.1524405475277169),
[92mINFO [0m:      	                          (49, 1.050824013673392),
2026-07-08 23:52:20,014 | INFO | 	                          (49, 1.050824013673392),
[92mINFO [0m:      	                          (50, 0.9674243044079451),
2026-07-08 23:52:20,014 | INFO | 	                          (50, 0.9674243044079451),
[92mINFO [0m:      	                          (51, 0.9787496428889361),
2026-07-08 23:52:20,014 | INFO | 	                          (51, 0.9787496428889361),
[92mINFO [0m:      	                          (52, 1.5772811563571552),
2026-07-08 23:52:20,014 | INFO | 	                          (52, 1.5772811563571552),
[92mINFO [0m:      	                          (53, 0.8909007300319445),
2026-07-08 23:52:20,014 | INFO | 	                          (53, 0.8909007300319445),
[92mINFO [0m:      	                          (54, 1.1807675272219802),
2026-07-08 23:52:20,014 | INFO | 	                          (54, 1.1807675272219802),
[92mINFO [0m:      	                          (55, 1.2770325311413897),
2026-07-08 23:52:20,014 | INFO | 	                          (55, 1.2770325311413897),
[92mINFO [0m:      	                          (56, 1.0494540205639045),
2026-07-08 23:52:20,014 | INFO | 	                          (56, 1.0494540205639045),
[92mINFO [0m:      	                          (57, 1.2528423710032481),
2026-07-08 23:52:20,015 | INFO | 	                          (57, 1.2528423710032481),
[92mINFO [0m:      	                          (58, 0.940804841773152),
2026-07-08 23:52:20,015 | INFO | 	                          (58, 0.940804841773152),
[92mINFO [0m:      	                          (59, 1.146714494036644),
2026-07-08 23:52:20,015 | INFO | 	                          (59, 1.146714494036644),
[92mINFO [0m:      	                          (60, 0.7639370740170889)],
2026-07-08 23:52:20,015 | INFO | 	                          (60, 0.7639370740170889)],
[92mINFO [0m:      	 'aggregation_delta_linf': [(1, 0.013746459037065506),
2026-07-08 23:52:20,015 | INFO | 	 'aggregation_delta_linf': [(1, 0.013746459037065506),
[92mINFO [0m:      	                            (2, 0.016473820433020592),
2026-07-08 23:52:20,015 | INFO | 	                            (2, 0.016473820433020592),
[92mINFO [0m:      	                            (3, 0.011952802538871765),
2026-07-08 23:52:20,015 | INFO | 	                            (3, 0.011952802538871765),
[92mINFO [0m:      	                            (4, 0.018430188298225403),
2026-07-08 23:52:20,015 | INFO | 	                            (4, 0.018430188298225403),
[92mINFO [0m:      	                            (5, 0.010392704978585243),
2026-07-08 23:52:20,015 | INFO | 	                            (5, 0.010392704978585243),
[92mINFO [0m:      	                            (6, 0.013451658189296722),
2026-07-08 23:52:20,015 | INFO | 	                            (6, 0.013451658189296722),
[92mINFO [0m:      	                            (7, 0.016649503260850906),
2026-07-08 23:52:20,015 | INFO | 	                            (7, 0.016649503260850906),
[92mINFO [0m:      	                            (8, 0.016119235777296126),
2026-07-08 23:52:20,015 | INFO | 	                            (8, 0.016119235777296126),
[92mINFO [0m:      	                            (9, 0.011397279798984528),
2026-07-08 23:52:20,015 | INFO | 	                            (9, 0.011397279798984528),
[92mINFO [0m:      	                            (10, 0.010971099138259888),
2026-07-08 23:52:20,015 | INFO | 	                            (10, 0.010971099138259888),
[92mINFO [0m:      	                            (11, 0.020519889891147614),
2026-07-08 23:52:20,015 | INFO | 	                            (11, 0.020519889891147614),
[92mINFO [0m:      	                            (12, 0.011255290126428008),
2026-07-08 23:52:20,015 | INFO | 	                            (12, 0.011255290126428008),
[92mINFO [0m:      	                            (13, 0.009490802884101868),
2026-07-08 23:52:20,015 | INFO | 	                            (13, 0.009490802884101868),
[92mINFO [0m:      	                            (14, 0.009350743144750595),
2026-07-08 23:52:20,015 | INFO | 	                            (14, 0.009350743144750595),
[92mINFO [0m:      	                            (15, 0.010280974209308624),
2026-07-08 23:52:20,015 | INFO | 	                            (15, 0.010280974209308624),
[92mINFO [0m:      	                            (16, 0.02392175793647766),
2026-07-08 23:52:20,015 | INFO | 	                            (16, 0.02392175793647766),
[92mINFO [0m:      	                            (17, 0.012717396020889282),
2026-07-08 23:52:20,015 | INFO | 	                            (17, 0.012717396020889282),
[92mINFO [0m:      	                            (18, 0.012492232024669647),
2026-07-08 23:52:20,015 | INFO | 	                            (18, 0.012492232024669647),
[92mINFO [0m:      	                            (19, 0.015785902738571167),
2026-07-08 23:52:20,015 | INFO | 	                            (19, 0.015785902738571167),
[92mINFO [0m:      	                            (20, 0.013100571930408478),
2026-07-08 23:52:20,015 | INFO | 	                            (20, 0.013100571930408478),
[92mINFO [0m:      	                            (21, 0.025212712585926056),
2026-07-08 23:52:20,015 | INFO | 	                            (21, 0.025212712585926056),
[92mINFO [0m:      	                            (22, 0.01004830002784729),
2026-07-08 23:52:20,015 | INFO | 	                            (22, 0.01004830002784729),
[92mINFO [0m:      	                            (23, 0.01197352260351181),
2026-07-08 23:52:20,015 | INFO | 	                            (23, 0.01197352260351181),
[92mINFO [0m:      	                            (24, 0.023920781910419464),
2026-07-08 23:52:20,015 | INFO | 	                            (24, 0.023920781910419464),
[92mINFO [0m:      	                            (25, 0.013933062553405762),
2026-07-08 23:52:20,015 | INFO | 	                            (25, 0.013933062553405762),
[92mINFO [0m:      	                            (26, 0.010850131511688232),
2026-07-08 23:52:20,015 | INFO | 	                            (26, 0.010850131511688232),
[92mINFO [0m:      	                            (27, 0.016930554062128067),
2026-07-08 23:52:20,015 | INFO | 	                            (27, 0.016930554062128067),
[92mINFO [0m:      	                            (28, 0.01917422190308571),
2026-07-08 23:52:20,015 | INFO | 	                            (28, 0.01917422190308571),
[92mINFO [0m:      	                            (29, 0.020907114259898663),
2026-07-08 23:52:20,015 | INFO | 	                            (29, 0.020907114259898663),
[92mINFO [0m:      	                            (30, 0.015162348747253418),
2026-07-08 23:52:20,015 | INFO | 	                            (30, 0.015162348747253418),
[92mINFO [0m:      	                            (31, 0.015140265226364136),
2026-07-08 23:52:20,015 | INFO | 	                            (31, 0.015140265226364136),
[92mINFO [0m:      	                            (32, 0.020014584064483643),
2026-07-08 23:52:20,015 | INFO | 	                            (32, 0.020014584064483643),
[92mINFO [0m:      	                            (33, 0.019206021446734667),
2026-07-08 23:52:20,015 | INFO | 	                            (33, 0.019206021446734667),
[92mINFO [0m:      	                            (34, 0.02017831802368164),
2026-07-08 23:52:20,015 | INFO | 	                            (34, 0.02017831802368164),
[92mINFO [0m:      	                            (35, 0.01834722561761737),
2026-07-08 23:52:20,015 | INFO | 	                            (35, 0.01834722561761737),
[92mINFO [0m:      	                            (36, 0.010123074054718018),
2026-07-08 23:52:20,015 | INFO | 	                            (36, 0.010123074054718018),
[92mINFO [0m:      	                            (37, 0.018664449453353882),
2026-07-08 23:52:20,015 | INFO | 	                            (37, 0.018664449453353882),
[92mINFO [0m:      	                            (38, 0.017492279410362244),
2026-07-08 23:52:20,016 | INFO | 	                            (38, 0.017492279410362244),
[92mINFO [0m:      	                            (39, 0.02068755030632019),
2026-07-08 23:52:20,016 | INFO | 	                            (39, 0.02068755030632019),
[92mINFO [0m:      	                            (40, 0.01585276797413826),
2026-07-08 23:52:20,016 | INFO | 	                            (40, 0.01585276797413826),
[92mINFO [0m:      	                            (41, 0.01198895275592804),
2026-07-08 23:52:20,016 | INFO | 	                            (41, 0.01198895275592804),
[92mINFO [0m:      	                            (42, 0.017335999757051468),
2026-07-08 23:52:20,016 | INFO | 	                            (42, 0.017335999757051468),
[92mINFO [0m:      	                            (43, 0.02182016521692276),
2026-07-08 23:52:20,016 | INFO | 	                            (43, 0.02182016521692276),
[92mINFO [0m:      	                            (44, 0.015896692872047424),
2026-07-08 23:52:20,016 | INFO | 	                            (44, 0.015896692872047424),
[92mINFO [0m:      	                            (45, 0.02079021092504263),
2026-07-08 23:52:20,016 | INFO | 	                            (45, 0.02079021092504263),
[92mINFO [0m:      	                            (46, 0.024652566760778427),
2026-07-08 23:52:20,016 | INFO | 	                            (46, 0.024652566760778427),
[92mINFO [0m:      	                            (47, 0.015084803104400635),
2026-07-08 23:52:20,016 | INFO | 	                            (47, 0.015084803104400635),
[92mINFO [0m:      	                            (48, 0.018667295575141907),
2026-07-08 23:52:20,016 | INFO | 	                            (48, 0.018667295575141907),
[92mINFO [0m:      	                            (49, 0.015897691249847412),
2026-07-08 23:52:20,016 | INFO | 	                            (49, 0.015897691249847412),
[92mINFO [0m:      	                            (50, 0.01225946843624115),
2026-07-08 23:52:20,016 | INFO | 	                            (50, 0.01225946843624115),
[92mINFO [0m:      	                            (51, 0.0132465660572052),
2026-07-08 23:52:20,016 | INFO | 	                            (51, 0.0132465660572052),
[92mINFO [0m:      	                            (52, 0.024191737174987793),
2026-07-08 23:52:20,016 | INFO | 	                            (52, 0.024191737174987793),
[92mINFO [0m:      	                            (53, 0.01160845160484314),
2026-07-08 23:52:20,016 | INFO | 	                            (53, 0.01160845160484314),
[92mINFO [0m:      	                            (54, 0.016131162643432617),
2026-07-08 23:52:20,016 | INFO | 	                            (54, 0.016131162643432617),
[92mINFO [0m:      	                            (55, 0.018150535877794027),
2026-07-08 23:52:20,016 | INFO | 	                            (55, 0.018150535877794027),
[92mINFO [0m:      	                            (56, 0.014154121279716492),
2026-07-08 23:52:20,016 | INFO | 	                            (56, 0.014154121279716492),
[92mINFO [0m:      	                            (57, 0.01705743372440338),
2026-07-08 23:52:20,016 | INFO | 	                            (57, 0.01705743372440338),
[92mINFO [0m:      	                            (58, 0.013206291943788528),
2026-07-08 23:52:20,016 | INFO | 	                            (58, 0.013206291943788528),
[92mINFO [0m:      	                            (59, 0.01738131418824196),
2026-07-08 23:52:20,016 | INFO | 	                            (59, 0.01738131418824196),
[92mINFO [0m:      	                            (60, 0.009772419929504395)],
2026-07-08 23:52:20,016 | INFO | 	                            (60, 0.009772419929504395)],
[92mINFO [0m:      	 'aggregation_energy_after': [(1, nan),
2026-07-08 23:52:20,016 | INFO | 	 'aggregation_energy_after': [(1, nan),
[92mINFO [0m:      	                              (2, nan),
2026-07-08 23:52:20,016 | INFO | 	                              (2, nan),
[92mINFO [0m:      	                              (3, nan),
2026-07-08 23:52:20,016 | INFO | 	                              (3, nan),
[92mINFO [0m:      	                              (4, nan),
2026-07-08 23:52:20,016 | INFO | 	                              (4, nan),
[92mINFO [0m:      	                              (5, nan),
2026-07-08 23:52:20,016 | INFO | 	                              (5, nan),
[92mINFO [0m:      	                              (6, nan),
2026-07-08 23:52:20,016 | INFO | 	                              (6, nan),
[92mINFO [0m:      	                              (7, nan),
2026-07-08 23:52:20,016 | INFO | 	                              (7, nan),
[92mINFO [0m:      	                              (8, nan),
2026-07-08 23:52:20,016 | INFO | 	                              (8, nan),
[92mINFO [0m:      	                              (9, nan),
2026-07-08 23:52:20,016 | INFO | 	                              (9, nan),
[92mINFO [0m:      	                              (10, nan),
2026-07-08 23:52:20,016 | INFO | 	                              (10, nan),
[92mINFO [0m:      	                              (11, nan),
2026-07-08 23:52:20,016 | INFO | 	                              (11, nan),
[92mINFO [0m:      	                              (12, nan),
2026-07-08 23:52:20,016 | INFO | 	                              (12, nan),
[92mINFO [0m:      	                              (13, nan),
2026-07-08 23:52:20,016 | INFO | 	                              (13, nan),
[92mINFO [0m:      	                              (14, nan),
2026-07-08 23:52:20,016 | INFO | 	                              (14, nan),
[92mINFO [0m:      	                              (15, nan),
2026-07-08 23:52:20,016 | INFO | 	                              (15, nan),
[92mINFO [0m:      	                              (16, nan),
2026-07-08 23:52:20,016 | INFO | 	                              (16, nan),
[92mINFO [0m:      	                              (17, nan),
2026-07-08 23:52:20,016 | INFO | 	                              (17, nan),
[92mINFO [0m:      	                              (18, nan),
2026-07-08 23:52:20,016 | INFO | 	                              (18, nan),
[92mINFO [0m:      	                              (19, nan),
2026-07-08 23:52:20,017 | INFO | 	                              (19, nan),
[92mINFO [0m:      	                              (20, nan),
2026-07-08 23:52:20,017 | INFO | 	                              (20, nan),
[92mINFO [0m:      	                              (21, nan),
2026-07-08 23:52:20,017 | INFO | 	                              (21, nan),
[92mINFO [0m:      	                              (22, nan),
2026-07-08 23:52:20,017 | INFO | 	                              (22, nan),
[92mINFO [0m:      	                              (23, nan),
2026-07-08 23:52:20,017 | INFO | 	                              (23, nan),
[92mINFO [0m:      	                              (24, nan),
2026-07-08 23:52:20,017 | INFO | 	                              (24, nan),
[92mINFO [0m:      	                              (25, nan),
2026-07-08 23:52:20,017 | INFO | 	                              (25, nan),
[92mINFO [0m:      	                              (26, nan),
2026-07-08 23:52:20,017 | INFO | 	                              (26, nan),
[92mINFO [0m:      	                              (27, nan),
2026-07-08 23:52:20,017 | INFO | 	                              (27, nan),
[92mINFO [0m:      	                              (28, nan),
2026-07-08 23:52:20,017 | INFO | 	                              (28, nan),
[92mINFO [0m:      	                              (29, nan),
2026-07-08 23:52:20,017 | INFO | 	                              (29, nan),
[92mINFO [0m:      	                              (30, nan),
2026-07-08 23:52:20,017 | INFO | 	                              (30, nan),
[92mINFO [0m:      	                              (31, nan),
2026-07-08 23:52:20,017 | INFO | 	                              (31, nan),
[92mINFO [0m:      	                              (32, nan),
2026-07-08 23:52:20,017 | INFO | 	                              (32, nan),
[92mINFO [0m:      	                              (33, nan),
2026-07-08 23:52:20,017 | INFO | 	                              (33, nan),
[92mINFO [0m:      	                              (34, nan),
2026-07-08 23:52:20,017 | INFO | 	                              (34, nan),
[92mINFO [0m:      	                              (35, nan),
2026-07-08 23:52:20,017 | INFO | 	                              (35, nan),
[92mINFO [0m:      	                              (36, nan),
2026-07-08 23:52:20,017 | INFO | 	                              (36, nan),
[92mINFO [0m:      	                              (37, nan),
2026-07-08 23:52:20,017 | INFO | 	                              (37, nan),
[92mINFO [0m:      	                              (38, nan),
2026-07-08 23:52:20,017 | INFO | 	                              (38, nan),
[92mINFO [0m:      	                              (39, nan),
2026-07-08 23:52:20,017 | INFO | 	                              (39, nan),
[92mINFO [0m:      	                              (40, nan),
2026-07-08 23:52:20,017 | INFO | 	                              (40, nan),
[92mINFO [0m:      	                              (41, nan),
2026-07-08 23:52:20,017 | INFO | 	                              (41, nan),
[92mINFO [0m:      	                              (42, nan),
2026-07-08 23:52:20,017 | INFO | 	                              (42, nan),
[92mINFO [0m:      	                              (43, nan),
2026-07-08 23:52:20,017 | INFO | 	                              (43, nan),
[92mINFO [0m:      	                              (44, nan),
2026-07-08 23:52:20,017 | INFO | 	                              (44, nan),
[92mINFO [0m:      	                              (45, nan),
2026-07-08 23:52:20,017 | INFO | 	                              (45, nan),
[92mINFO [0m:      	                              (46, nan),
2026-07-08 23:52:20,017 | INFO | 	                              (46, nan),
[92mINFO [0m:      	                              (47, nan),
2026-07-08 23:52:20,017 | INFO | 	                              (47, nan),
[92mINFO [0m:      	                              (48, nan),
2026-07-08 23:52:20,017 | INFO | 	                              (48, nan),
[92mINFO [0m:      	                              (49, nan),
2026-07-08 23:52:20,017 | INFO | 	                              (49, nan),
[92mINFO [0m:      	                              (50, nan),
2026-07-08 23:52:20,017 | INFO | 	                              (50, nan),
[92mINFO [0m:      	                              (51, nan),
2026-07-08 23:52:20,017 | INFO | 	                              (51, nan),
[92mINFO [0m:      	                              (52, nan),
2026-07-08 23:52:20,017 | INFO | 	                              (52, nan),
[92mINFO [0m:      	                              (53, nan),
2026-07-08 23:52:20,017 | INFO | 	                              (53, nan),
[92mINFO [0m:      	                              (54, nan),
2026-07-08 23:52:20,017 | INFO | 	                              (54, nan),
[92mINFO [0m:      	                              (55, nan),
2026-07-08 23:52:20,017 | INFO | 	                              (55, nan),
[92mINFO [0m:      	                              (56, nan),
2026-07-08 23:52:20,017 | INFO | 	                              (56, nan),
[92mINFO [0m:      	                              (57, nan),
2026-07-08 23:52:20,017 | INFO | 	                              (57, nan),
[92mINFO [0m:      	                              (58, nan),
2026-07-08 23:52:20,017 | INFO | 	                              (58, nan),
[92mINFO [0m:      	                              (59, nan),
2026-07-08 23:52:20,017 | INFO | 	                              (59, nan),
[92mINFO [0m:      	                              (60, nan)],
2026-07-08 23:52:20,018 | INFO | 	                              (60, nan)],
[92mINFO [0m:      	 'aggregation_energy_before': [(1, nan),
2026-07-08 23:52:20,018 | INFO | 	 'aggregation_energy_before': [(1, nan),
[92mINFO [0m:      	                               (2, nan),
2026-07-08 23:52:20,018 | INFO | 	                               (2, nan),
[92mINFO [0m:      	                               (3, nan),
2026-07-08 23:52:20,018 | INFO | 	                               (3, nan),
[92mINFO [0m:      	                               (4, nan),
2026-07-08 23:52:20,018 | INFO | 	                               (4, nan),
[92mINFO [0m:      	                               (5, nan),
2026-07-08 23:52:20,018 | INFO | 	                               (5, nan),
[92mINFO [0m:      	                               (6, nan),
2026-07-08 23:52:20,018 | INFO | 	                               (6, nan),
[92mINFO [0m:      	                               (7, nan),
2026-07-08 23:52:20,018 | INFO | 	                               (7, nan),
[92mINFO [0m:      	                               (8, nan),
2026-07-08 23:52:20,018 | INFO | 	                               (8, nan),
[92mINFO [0m:      	                               (9, nan),
2026-07-08 23:52:20,018 | INFO | 	                               (9, nan),
[92mINFO [0m:      	                               (10, nan),
2026-07-08 23:52:20,018 | INFO | 	                               (10, nan),
[92mINFO [0m:      	                               (11, nan),
2026-07-08 23:52:20,018 | INFO | 	                               (11, nan),
[92mINFO [0m:      	                               (12, nan),
2026-07-08 23:52:20,018 | INFO | 	                               (12, nan),
[92mINFO [0m:      	                               (13, nan),
2026-07-08 23:52:20,018 | INFO | 	                               (13, nan),
[92mINFO [0m:      	                               (14, nan),
2026-07-08 23:52:20,018 | INFO | 	                               (14, nan),
[92mINFO [0m:      	                               (15, nan),
2026-07-08 23:52:20,018 | INFO | 	                               (15, nan),
[92mINFO [0m:      	                               (16, nan),
2026-07-08 23:52:20,018 | INFO | 	                               (16, nan),
[92mINFO [0m:      	                               (17, nan),
2026-07-08 23:52:20,018 | INFO | 	                               (17, nan),
[92mINFO [0m:      	                               (18, nan),
2026-07-08 23:52:20,018 | INFO | 	                               (18, nan),
[92mINFO [0m:      	                               (19, nan),
2026-07-08 23:52:20,018 | INFO | 	                               (19, nan),
[92mINFO [0m:      	                               (20, nan),
2026-07-08 23:52:20,018 | INFO | 	                               (20, nan),
[92mINFO [0m:      	                               (21, nan),
2026-07-08 23:52:20,018 | INFO | 	                               (21, nan),
[92mINFO [0m:      	                               (22, nan),
2026-07-08 23:52:20,018 | INFO | 	                               (22, nan),
[92mINFO [0m:      	                               (23, nan),
2026-07-08 23:52:20,018 | INFO | 	                               (23, nan),
[92mINFO [0m:      	                               (24, nan),
2026-07-08 23:52:20,018 | INFO | 	                               (24, nan),
[92mINFO [0m:      	                               (25, nan),
2026-07-08 23:52:20,018 | INFO | 	                               (25, nan),
[92mINFO [0m:      	                               (26, nan),
2026-07-08 23:52:20,018 | INFO | 	                               (26, nan),
[92mINFO [0m:      	                               (27, nan),
2026-07-08 23:52:20,018 | INFO | 	                               (27, nan),
[92mINFO [0m:      	                               (28, nan),
2026-07-08 23:52:20,018 | INFO | 	                               (28, nan),
[92mINFO [0m:      	                               (29, nan),
2026-07-08 23:52:20,018 | INFO | 	                               (29, nan),
[92mINFO [0m:      	                               (30, nan),
2026-07-08 23:52:20,018 | INFO | 	                               (30, nan),
[92mINFO [0m:      	                               (31, nan),
2026-07-08 23:52:20,018 | INFO | 	                               (31, nan),
[92mINFO [0m:      	                               (32, nan),
2026-07-08 23:52:20,018 | INFO | 	                               (32, nan),
[92mINFO [0m:      	                               (33, nan),
2026-07-08 23:52:20,018 | INFO | 	                               (33, nan),
[92mINFO [0m:      	                               (34, nan),
2026-07-08 23:52:20,018 | INFO | 	                               (34, nan),
[92mINFO [0m:      	                               (35, nan),
2026-07-08 23:52:20,018 | INFO | 	                               (35, nan),
[92mINFO [0m:      	                               (36, nan),
2026-07-08 23:52:20,018 | INFO | 	                               (36, nan),
[92mINFO [0m:      	                               (37, nan),
2026-07-08 23:52:20,018 | INFO | 	                               (37, nan),
[92mINFO [0m:      	                               (38, nan),
2026-07-08 23:52:20,018 | INFO | 	                               (38, nan),
[92mINFO [0m:      	                               (39, nan),
2026-07-08 23:52:20,018 | INFO | 	                               (39, nan),
[92mINFO [0m:      	                               (40, nan),
2026-07-08 23:52:20,018 | INFO | 	                               (40, nan),
[92mINFO [0m:      	                               (41, nan),
2026-07-08 23:52:20,018 | INFO | 	                               (41, nan),
[92mINFO [0m:      	                               (42, nan),
2026-07-08 23:52:20,019 | INFO | 	                               (42, nan),
[92mINFO [0m:      	                               (43, nan),
2026-07-08 23:52:20,019 | INFO | 	                               (43, nan),
[92mINFO [0m:      	                               (44, nan),
2026-07-08 23:52:20,019 | INFO | 	                               (44, nan),
[92mINFO [0m:      	                               (45, nan),
2026-07-08 23:52:20,019 | INFO | 	                               (45, nan),
[92mINFO [0m:      	                               (46, nan),
2026-07-08 23:52:20,019 | INFO | 	                               (46, nan),
[92mINFO [0m:      	                               (47, nan),
2026-07-08 23:52:20,019 | INFO | 	                               (47, nan),
[92mINFO [0m:      	                               (48, nan),
2026-07-08 23:52:20,019 | INFO | 	                               (48, nan),
[92mINFO [0m:      	                               (49, nan),
2026-07-08 23:52:20,019 | INFO | 	                               (49, nan),
[92mINFO [0m:      	                               (50, nan),
2026-07-08 23:52:20,019 | INFO | 	                               (50, nan),
[92mINFO [0m:      	                               (51, nan),
2026-07-08 23:52:20,019 | INFO | 	                               (51, nan),
[92mINFO [0m:      	                               (52, nan),
2026-07-08 23:52:20,019 | INFO | 	                               (52, nan),
[92mINFO [0m:      	                               (53, nan),
2026-07-08 23:52:20,019 | INFO | 	                               (53, nan),
[92mINFO [0m:      	                               (54, nan),
2026-07-08 23:52:20,019 | INFO | 	                               (54, nan),
[92mINFO [0m:      	                               (55, nan),
2026-07-08 23:52:20,019 | INFO | 	                               (55, nan),
[92mINFO [0m:      	                               (56, nan),
2026-07-08 23:52:20,019 | INFO | 	                               (56, nan),
[92mINFO [0m:      	                               (57, nan),
2026-07-08 23:52:20,019 | INFO | 	                               (57, nan),
[92mINFO [0m:      	                               (58, nan),
2026-07-08 23:52:20,019 | INFO | 	                               (58, nan),
[92mINFO [0m:      	                               (59, nan),
2026-07-08 23:52:20,019 | INFO | 	                               (59, nan),
[92mINFO [0m:      	                               (60, nan)],
2026-07-08 23:52:20,019 | INFO | 	                               (60, nan)],
[92mINFO [0m:      	 'aggregation_error_proxy': [(1, nan),
2026-07-08 23:52:20,019 | INFO | 	 'aggregation_error_proxy': [(1, nan),
[92mINFO [0m:      	                             (2, nan),
2026-07-08 23:52:20,019 | INFO | 	                             (2, nan),
[92mINFO [0m:      	                             (3, nan),
2026-07-08 23:52:20,019 | INFO | 	                             (3, nan),
[92mINFO [0m:      	                             (4, nan),
2026-07-08 23:52:20,019 | INFO | 	                             (4, nan),
[92mINFO [0m:      	                             (5, nan),
2026-07-08 23:52:20,019 | INFO | 	                             (5, nan),
[92mINFO [0m:      	                             (6, nan),
2026-07-08 23:52:20,019 | INFO | 	                             (6, nan),
[92mINFO [0m:      	                             (7, nan),
2026-07-08 23:52:20,019 | INFO | 	                             (7, nan),
[92mINFO [0m:      	                             (8, nan),
2026-07-08 23:52:20,019 | INFO | 	                             (8, nan),
[92mINFO [0m:      	                             (9, nan),
2026-07-08 23:52:20,019 | INFO | 	                             (9, nan),
[92mINFO [0m:      	                             (10, nan),
2026-07-08 23:52:20,019 | INFO | 	                             (10, nan),
[92mINFO [0m:      	                             (11, nan),
2026-07-08 23:52:20,019 | INFO | 	                             (11, nan),
[92mINFO [0m:      	                             (12, nan),
2026-07-08 23:52:20,019 | INFO | 	                             (12, nan),
[92mINFO [0m:      	                             (13, nan),
2026-07-08 23:52:20,019 | INFO | 	                             (13, nan),
[92mINFO [0m:      	                             (14, nan),
2026-07-08 23:52:20,019 | INFO | 	                             (14, nan),
[92mINFO [0m:      	                             (15, nan),
2026-07-08 23:52:20,019 | INFO | 	                             (15, nan),
[92mINFO [0m:      	                             (16, nan),
2026-07-08 23:52:20,019 | INFO | 	                             (16, nan),
[92mINFO [0m:      	                             (17, nan),
2026-07-08 23:52:20,019 | INFO | 	                             (17, nan),
[92mINFO [0m:      	                             (18, nan),
2026-07-08 23:52:20,019 | INFO | 	                             (18, nan),
[92mINFO [0m:      	                             (19, nan),
2026-07-08 23:52:20,019 | INFO | 	                             (19, nan),
[92mINFO [0m:      	                             (20, nan),
2026-07-08 23:52:20,019 | INFO | 	                             (20, nan),
[92mINFO [0m:      	                             (21, nan),
2026-07-08 23:52:20,019 | INFO | 	                             (21, nan),
[92mINFO [0m:      	                             (22, nan),
2026-07-08 23:52:20,019 | INFO | 	                             (22, nan),
[92mINFO [0m:      	                             (23, nan),
2026-07-08 23:52:20,019 | INFO | 	                             (23, nan),
[92mINFO [0m:      	                             (24, nan),
2026-07-08 23:52:20,020 | INFO | 	                             (24, nan),
[92mINFO [0m:      	                             (25, nan),
2026-07-08 23:52:20,020 | INFO | 	                             (25, nan),
[92mINFO [0m:      	                             (26, nan),
2026-07-08 23:52:20,020 | INFO | 	                             (26, nan),
[92mINFO [0m:      	                             (27, nan),
2026-07-08 23:52:20,020 | INFO | 	                             (27, nan),
[92mINFO [0m:      	                             (28, nan),
2026-07-08 23:52:20,020 | INFO | 	                             (28, nan),
[92mINFO [0m:      	                             (29, nan),
2026-07-08 23:52:20,020 | INFO | 	                             (29, nan),
[92mINFO [0m:      	                             (30, nan),
2026-07-08 23:52:20,020 | INFO | 	                             (30, nan),
[92mINFO [0m:      	                             (31, nan),
2026-07-08 23:52:20,020 | INFO | 	                             (31, nan),
[92mINFO [0m:      	                             (32, nan),
2026-07-08 23:52:20,020 | INFO | 	                             (32, nan),
[92mINFO [0m:      	                             (33, nan),
2026-07-08 23:52:20,020 | INFO | 	                             (33, nan),
[92mINFO [0m:      	                             (34, nan),
2026-07-08 23:52:20,020 | INFO | 	                             (34, nan),
[92mINFO [0m:      	                             (35, nan),
2026-07-08 23:52:20,020 | INFO | 	                             (35, nan),
[92mINFO [0m:      	                             (36, nan),
2026-07-08 23:52:20,020 | INFO | 	                             (36, nan),
[92mINFO [0m:      	                             (37, nan),
2026-07-08 23:52:20,020 | INFO | 	                             (37, nan),
[92mINFO [0m:      	                             (38, nan),
2026-07-08 23:52:20,020 | INFO | 	                             (38, nan),
[92mINFO [0m:      	                             (39, nan),
2026-07-08 23:52:20,020 | INFO | 	                             (39, nan),
[92mINFO [0m:      	                             (40, nan),
2026-07-08 23:52:20,020 | INFO | 	                             (40, nan),
[92mINFO [0m:      	                             (41, nan),
2026-07-08 23:52:20,020 | INFO | 	                             (41, nan),
[92mINFO [0m:      	                             (42, nan),
2026-07-08 23:52:20,020 | INFO | 	                             (42, nan),
[92mINFO [0m:      	                             (43, nan),
2026-07-08 23:52:20,020 | INFO | 	                             (43, nan),
[92mINFO [0m:      	                             (44, nan),
2026-07-08 23:52:20,020 | INFO | 	                             (44, nan),
[92mINFO [0m:      	                             (45, nan),
2026-07-08 23:52:20,020 | INFO | 	                             (45, nan),
[92mINFO [0m:      	                             (46, nan),
2026-07-08 23:52:20,020 | INFO | 	                             (46, nan),
[92mINFO [0m:      	                             (47, nan),
2026-07-08 23:52:20,020 | INFO | 	                             (47, nan),
[92mINFO [0m:      	                             (48, nan),
2026-07-08 23:52:20,020 | INFO | 	                             (48, nan),
[92mINFO [0m:      	                             (49, nan),
2026-07-08 23:52:20,020 | INFO | 	                             (49, nan),
[92mINFO [0m:      	                             (50, nan),
2026-07-08 23:52:20,020 | INFO | 	                             (50, nan),
[92mINFO [0m:      	                             (51, nan),
2026-07-08 23:52:20,020 | INFO | 	                             (51, nan),
[92mINFO [0m:      	                             (52, nan),
2026-07-08 23:52:20,020 | INFO | 	                             (52, nan),
[92mINFO [0m:      	                             (53, nan),
2026-07-08 23:52:20,020 | INFO | 	                             (53, nan),
[92mINFO [0m:      	                             (54, nan),
2026-07-08 23:52:20,020 | INFO | 	                             (54, nan),
[92mINFO [0m:      	                             (55, nan),
2026-07-08 23:52:20,020 | INFO | 	                             (55, nan),
[92mINFO [0m:      	                             (56, nan),
2026-07-08 23:52:20,020 | INFO | 	                             (56, nan),
[92mINFO [0m:      	                             (57, nan),
2026-07-08 23:52:20,020 | INFO | 	                             (57, nan),
[92mINFO [0m:      	                             (58, nan),
2026-07-08 23:52:20,020 | INFO | 	                             (58, nan),
[92mINFO [0m:      	                             (59, nan),
2026-07-08 23:52:20,020 | INFO | 	                             (59, nan),
[92mINFO [0m:      	                             (60, nan)],
2026-07-08 23:52:20,020 | INFO | 	                             (60, nan)],
[92mINFO [0m:      	 'aggregation_mode': [(1, 'product'),
2026-07-08 23:52:20,020 | INFO | 	 'aggregation_mode': [(1, 'product'),
[92mINFO [0m:      	                      (2, 'product'),
2026-07-08 23:52:20,020 | INFO | 	                      (2, 'product'),
[92mINFO [0m:      	                      (3, 'product'),
2026-07-08 23:52:20,020 | INFO | 	                      (3, 'product'),
[92mINFO [0m:      	                      (4, 'product'),
2026-07-08 23:52:20,020 | INFO | 	                      (4, 'product'),
[92mINFO [0m:      	                      (5, 'product'),
2026-07-08 23:52:20,020 | INFO | 	                      (5, 'product'),
[92mINFO [0m:      	                      (6, 'product'),
2026-07-08 23:52:20,021 | INFO | 	                      (6, 'product'),
[92mINFO [0m:      	                      (7, 'product'),
2026-07-08 23:52:20,021 | INFO | 	                      (7, 'product'),
[92mINFO [0m:      	                      (8, 'product'),
2026-07-08 23:52:20,021 | INFO | 	                      (8, 'product'),
[92mINFO [0m:      	                      (9, 'product'),
2026-07-08 23:52:20,021 | INFO | 	                      (9, 'product'),
[92mINFO [0m:      	                      (10, 'product'),
2026-07-08 23:52:20,021 | INFO | 	                      (10, 'product'),
[92mINFO [0m:      	                      (11, 'product'),
2026-07-08 23:52:20,021 | INFO | 	                      (11, 'product'),
[92mINFO [0m:      	                      (12, 'product'),
2026-07-08 23:52:20,021 | INFO | 	                      (12, 'product'),
[92mINFO [0m:      	                      (13, 'product'),
2026-07-08 23:52:20,021 | INFO | 	                      (13, 'product'),
[92mINFO [0m:      	                      (14, 'product'),
2026-07-08 23:52:20,021 | INFO | 	                      (14, 'product'),
[92mINFO [0m:      	                      (15, 'product'),
2026-07-08 23:52:20,021 | INFO | 	                      (15, 'product'),
[92mINFO [0m:      	                      (16, 'product'),
2026-07-08 23:52:20,021 | INFO | 	                      (16, 'product'),
[92mINFO [0m:      	                      (17, 'product'),
2026-07-08 23:52:20,021 | INFO | 	                      (17, 'product'),
[92mINFO [0m:      	                      (18, 'product'),
2026-07-08 23:52:20,021 | INFO | 	                      (18, 'product'),
[92mINFO [0m:      	                      (19, 'product'),
2026-07-08 23:52:20,021 | INFO | 	                      (19, 'product'),
[92mINFO [0m:      	                      (20, 'product'),
2026-07-08 23:52:20,021 | INFO | 	                      (20, 'product'),
[92mINFO [0m:      	                      (21, 'product'),
2026-07-08 23:52:20,021 | INFO | 	                      (21, 'product'),
[92mINFO [0m:      	                      (22, 'product'),
2026-07-08 23:52:20,021 | INFO | 	                      (22, 'product'),
[92mINFO [0m:      	                      (23, 'product'),
2026-07-08 23:52:20,021 | INFO | 	                      (23, 'product'),
[92mINFO [0m:      	                      (24, 'product'),
2026-07-08 23:52:20,021 | INFO | 	                      (24, 'product'),
[92mINFO [0m:      	                      (25, 'product'),
2026-07-08 23:52:20,021 | INFO | 	                      (25, 'product'),
[92mINFO [0m:      	                      (26, 'product'),
2026-07-08 23:52:20,021 | INFO | 	                      (26, 'product'),
[92mINFO [0m:      	                      (27, 'product'),
2026-07-08 23:52:20,021 | INFO | 	                      (27, 'product'),
[92mINFO [0m:      	                      (28, 'product'),
2026-07-08 23:52:20,021 | INFO | 	                      (28, 'product'),
[92mINFO [0m:      	                      (29, 'product'),
2026-07-08 23:52:20,021 | INFO | 	                      (29, 'product'),
[92mINFO [0m:      	                      (30, 'product'),
2026-07-08 23:52:20,021 | INFO | 	                      (30, 'product'),
[92mINFO [0m:      	                      (31, 'product'),
2026-07-08 23:52:20,021 | INFO | 	                      (31, 'product'),
[92mINFO [0m:      	                      (32, 'product'),
2026-07-08 23:52:20,021 | INFO | 	                      (32, 'product'),
[92mINFO [0m:      	                      (33, 'product'),
2026-07-08 23:52:20,021 | INFO | 	                      (33, 'product'),
[92mINFO [0m:      	                      (34, 'product'),
2026-07-08 23:52:20,021 | INFO | 	                      (34, 'product'),
[92mINFO [0m:      	                      (35, 'product'),
2026-07-08 23:52:20,021 | INFO | 	                      (35, 'product'),
[92mINFO [0m:      	                      (36, 'product'),
2026-07-08 23:52:20,021 | INFO | 	                      (36, 'product'),
[92mINFO [0m:      	                      (37, 'product'),
2026-07-08 23:52:20,021 | INFO | 	                      (37, 'product'),
[92mINFO [0m:      	                      (38, 'product'),
2026-07-08 23:52:20,021 | INFO | 	                      (38, 'product'),
[92mINFO [0m:      	                      (39, 'product'),
2026-07-08 23:52:20,021 | INFO | 	                      (39, 'product'),
[92mINFO [0m:      	                      (40, 'product'),
2026-07-08 23:52:20,021 | INFO | 	                      (40, 'product'),
[92mINFO [0m:      	                      (41, 'product'),
2026-07-08 23:52:20,021 | INFO | 	                      (41, 'product'),
[92mINFO [0m:      	                      (42, 'product'),
2026-07-08 23:52:20,021 | INFO | 	                      (42, 'product'),
[92mINFO [0m:      	                      (43, 'product'),
2026-07-08 23:52:20,021 | INFO | 	                      (43, 'product'),
[92mINFO [0m:      	                      (44, 'product'),
2026-07-08 23:52:20,021 | INFO | 	                      (44, 'product'),
[92mINFO [0m:      	                      (45, 'product'),
2026-07-08 23:52:20,022 | INFO | 	                      (45, 'product'),
[92mINFO [0m:      	                      (46, 'product'),
2026-07-08 23:52:20,022 | INFO | 	                      (46, 'product'),
[92mINFO [0m:      	                      (47, 'product'),
2026-07-08 23:52:20,022 | INFO | 	                      (47, 'product'),
[92mINFO [0m:      	                      (48, 'product'),
2026-07-08 23:52:20,022 | INFO | 	                      (48, 'product'),
[92mINFO [0m:      	                      (49, 'product'),
2026-07-08 23:52:20,022 | INFO | 	                      (49, 'product'),
[92mINFO [0m:      	                      (50, 'product'),
2026-07-08 23:52:20,022 | INFO | 	                      (50, 'product'),
[92mINFO [0m:      	                      (51, 'product'),
2026-07-08 23:52:20,022 | INFO | 	                      (51, 'product'),
[92mINFO [0m:      	                      (52, 'product'),
2026-07-08 23:52:20,022 | INFO | 	                      (52, 'product'),
[92mINFO [0m:      	                      (53, 'product'),
2026-07-08 23:52:20,022 | INFO | 	                      (53, 'product'),
[92mINFO [0m:      	                      (54, 'product'),
2026-07-08 23:52:20,022 | INFO | 	                      (54, 'product'),
[92mINFO [0m:      	                      (55, 'product'),
2026-07-08 23:52:20,022 | INFO | 	                      (55, 'product'),
[92mINFO [0m:      	                      (56, 'product'),
2026-07-08 23:52:20,022 | INFO | 	                      (56, 'product'),
[92mINFO [0m:      	                      (57, 'product'),
2026-07-08 23:52:20,022 | INFO | 	                      (57, 'product'),
[92mINFO [0m:      	                      (58, 'product'),
2026-07-08 23:52:20,022 | INFO | 	                      (58, 'product'),
[92mINFO [0m:      	                      (59, 'product'),
2026-07-08 23:52:20,022 | INFO | 	                      (59, 'product'),
[92mINFO [0m:      	                      (60, 'product')],
2026-07-08 23:52:20,022 | INFO | 	                      (60, 'product')],
[92mINFO [0m:      	 'aggregation_weight_entropy': [(1, 1.7112095259625277),
2026-07-08 23:52:20,022 | INFO | 	 'aggregation_weight_entropy': [(1, 1.7112095259625277),
[92mINFO [0m:      	                                (2, 1.704502058628628),
2026-07-08 23:52:20,022 | INFO | 	                                (2, 1.704502058628628),
[92mINFO [0m:      	                                (3, 1.9545763137175336),
2026-07-08 23:52:20,022 | INFO | 	                                (3, 1.9545763137175336),
[92mINFO [0m:      	                                (4, 1.6919175055918882),
2026-07-08 23:52:20,022 | INFO | 	                                (4, 1.6919175055918882),
[92mINFO [0m:      	                                (5, 2.124958864752726),
2026-07-08 23:52:20,022 | INFO | 	                                (5, 2.124958864752726),
[92mINFO [0m:      	                                (6, 1.8490103545040277),
2026-07-08 23:52:20,022 | INFO | 	                                (6, 1.8490103545040277),
[92mINFO [0m:      	                                (7, 1.4109014015181776),
2026-07-08 23:52:20,022 | INFO | 	                                (7, 1.4109014015181776),
[92mINFO [0m:      	                                (8, 1.7810933348363382),
2026-07-08 23:52:20,022 | INFO | 	                                (8, 1.7810933348363382),
[92mINFO [0m:      	                                (9, 1.8773831910452832),
2026-07-08 23:52:20,022 | INFO | 	                                (9, 1.8773831910452832),
[92mINFO [0m:      	                                (10, 2.1466275087525),
2026-07-08 23:52:20,022 | INFO | 	                                (10, 2.1466275087525),
[92mINFO [0m:      	                                (11, 1.9726654132494306),
2026-07-08 23:52:20,022 | INFO | 	                                (11, 1.9726654132494306),
[92mINFO [0m:      	                                (12, 1.9709510218510515),
2026-07-08 23:52:20,022 | INFO | 	                                (12, 1.9709510218510515),
[92mINFO [0m:      	                                (13, 2.351286479687022),
2026-07-08 23:52:20,022 | INFO | 	                                (13, 2.351286479687022),
[92mINFO [0m:      	                                (14, 1.838203206378032),
2026-07-08 23:52:20,022 | INFO | 	                                (14, 1.838203206378032),
[92mINFO [0m:      	                                (15, 2.099276434064476),
2026-07-08 23:52:20,022 | INFO | 	                                (15, 2.099276434064476),
[92mINFO [0m:      	                                (16, 1.5657012987415717),
2026-07-08 23:52:20,022 | INFO | 	                                (16, 1.5657012987415717),
[92mINFO [0m:      	                                (17, 2.0111408536898496),
2026-07-08 23:52:20,022 | INFO | 	                                (17, 2.0111408536898496),
[92mINFO [0m:      	                                (18, 1.960595064473305),
2026-07-08 23:52:20,022 | INFO | 	                                (18, 1.960595064473305),
[92mINFO [0m:      	                                (19, 1.753947149568368),
2026-07-08 23:52:20,022 | INFO | 	                                (19, 1.753947149568368),
[92mINFO [0m:      	                                (20, 2.023435971302314),
2026-07-08 23:52:20,022 | INFO | 	                                (20, 2.023435971302314),
[92mINFO [0m:      	                                (21, 1.5509112410852546),
2026-07-08 23:52:20,022 | INFO | 	                                (21, 1.5509112410852546),
[92mINFO [0m:      	                                (22, 1.8572532208005497),
2026-07-08 23:52:20,022 | INFO | 	                                (22, 1.8572532208005497),
[92mINFO [0m:      	                                (23, 1.6937416418403903),
2026-07-08 23:52:20,022 | INFO | 	                                (23, 1.6937416418403903),
[92mINFO [0m:      	                                (24, 1.6648335652761794),
2026-07-08 23:52:20,022 | INFO | 	                                (24, 1.6648335652761794),
[92mINFO [0m:      	                                (25, 2.0410196291702887),
2026-07-08 23:52:20,022 | INFO | 	                                (25, 2.0410196291702887),
[92mINFO [0m:      	                                (26, 1.9226086841508103),
2026-07-08 23:52:20,023 | INFO | 	                                (26, 1.9226086841508103),
[92mINFO [0m:      	                                (27, 1.6060019373022822),
2026-07-08 23:52:20,023 | INFO | 	                                (27, 1.6060019373022822),
[92mINFO [0m:      	                                (28, 1.033655111222508),
2026-07-08 23:52:20,023 | INFO | 	                                (28, 1.033655111222508),
[92mINFO [0m:      	                                (29, 1.5461922590424164),
2026-07-08 23:52:20,023 | INFO | 	                                (29, 1.5461922590424164),
[92mINFO [0m:      	                                (30, 2.0129124065767754),
2026-07-08 23:52:20,023 | INFO | 	                                (30, 2.0129124065767754),
[92mINFO [0m:      	                                (31, 1.7310017906290969),
2026-07-08 23:52:20,023 | INFO | 	                                (31, 1.7310017906290969),
[92mINFO [0m:      	                                (32, 1.9256073388906951),
2026-07-08 23:52:20,023 | INFO | 	                                (32, 1.9256073388906951),
[92mINFO [0m:      	                                (33, 2.048781431500284),
2026-07-08 23:52:20,023 | INFO | 	                                (33, 2.048781431500284),
[92mINFO [0m:      	                                (34, 2.063906659986758),
2026-07-08 23:52:20,023 | INFO | 	                                (34, 2.063906659986758),
[92mINFO [0m:      	                                (35, 1.551408463250592),
2026-07-08 23:52:20,023 | INFO | 	                                (35, 1.551408463250592),
[92mINFO [0m:      	                                (36, 1.902657910508341),
2026-07-08 23:52:20,023 | INFO | 	                                (36, 1.902657910508341),
[92mINFO [0m:      	                                (37, 1.9113160388441832),
2026-07-08 23:52:20,023 | INFO | 	                                (37, 1.9113160388441832),
[92mINFO [0m:      	                                (38, 1.9617904841805283),
2026-07-08 23:52:20,023 | INFO | 	                                (38, 1.9617904841805283),
[92mINFO [0m:      	                                (39, 1.9998131225625657),
2026-07-08 23:52:20,023 | INFO | 	                                (39, 1.9998131225625657),
[92mINFO [0m:      	                                (40, 1.6635287128377279),
2026-07-08 23:52:20,023 | INFO | 	                                (40, 1.6635287128377279),
[92mINFO [0m:      	                                (41, 2.0842048134231064),
2026-07-08 23:52:20,023 | INFO | 	                                (41, 2.0842048134231064),
[92mINFO [0m:      	                                (42, 1.4721212901650527),
2026-07-08 23:52:20,023 | INFO | 	                                (42, 1.4721212901650527),
[92mINFO [0m:      	                                (43, 1.8383620847508206),
2026-07-08 23:52:20,023 | INFO | 	                                (43, 1.8383620847508206),
[92mINFO [0m:      	                                (44, 1.83209971316117),
2026-07-08 23:52:20,023 | INFO | 	                                (44, 1.83209971316117),
[92mINFO [0m:      	                                (45, 1.75194045639753),
2026-07-08 23:52:20,023 | INFO | 	                                (45, 1.75194045639753),
[92mINFO [0m:      	                                (46, 1.5184316075433084),
2026-07-08 23:52:20,023 | INFO | 	                                (46, 1.5184316075433084),
[92mINFO [0m:      	                                (47, 1.6003481752655362),
2026-07-08 23:52:20,023 | INFO | 	                                (47, 1.6003481752655362),
[92mINFO [0m:      	                                (48, 1.8224159225596688),
2026-07-08 23:52:20,023 | INFO | 	                                (48, 1.8224159225596688),
[92mINFO [0m:      	                                (49, 2.1370345974446137),
2026-07-08 23:52:20,023 | INFO | 	                                (49, 2.1370345974446137),
[92mINFO [0m:      	                                (50, 1.769516796368511),
2026-07-08 23:52:20,023 | INFO | 	                                (50, 1.769516796368511),
[92mINFO [0m:      	                                (51, 1.961687772094351),
2026-07-08 23:52:20,023 | INFO | 	                                (51, 1.961687772094351),
[92mINFO [0m:      	                                (52, 1.8406871434021543),
2026-07-08 23:52:20,023 | INFO | 	                                (52, 1.8406871434021543),
[92mINFO [0m:      	                                (53, 1.9504587175010144),
2026-07-08 23:52:20,023 | INFO | 	                                (53, 1.9504587175010144),
[92mINFO [0m:      	                                (54, 2.1205505011617287),
2026-07-08 23:52:20,023 | INFO | 	                                (54, 2.1205505011617287),
[92mINFO [0m:      	                                (55, 1.9533611105455733),
2026-07-08 23:52:20,023 | INFO | 	                                (55, 1.9533611105455733),
[92mINFO [0m:      	                                (56, 1.7749020151024373),
2026-07-08 23:52:20,023 | INFO | 	                                (56, 1.7749020151024373),
[92mINFO [0m:      	                                (57, 2.0541099873735114),
2026-07-08 23:52:20,023 | INFO | 	                                (57, 2.0541099873735114),
[92mINFO [0m:      	                                (58, 2.2074253663125027),
2026-07-08 23:52:20,023 | INFO | 	                                (58, 2.2074253663125027),
[92mINFO [0m:      	                                (59, 1.9222492217781644),
2026-07-08 23:52:20,023 | INFO | 	                                (59, 1.9222492217781644),
[92mINFO [0m:      	                                (60, 2.0912899201141815)],
2026-07-08 23:52:20,023 | INFO | 	                                (60, 2.0912899201141815)],
[92mINFO [0m:      	 'aggregation_weight_max': [(1, 0.3381294964028777),
2026-07-08 23:52:20,023 | INFO | 	 'aggregation_weight_max': [(1, 0.3381294964028777),
[92mINFO [0m:      	                            (2, 0.4389908256880734),
2026-07-08 23:52:20,023 | INFO | 	                            (2, 0.4389908256880734),
[92mINFO [0m:      	                            (3, 0.35083748302399276),
2026-07-08 23:52:20,023 | INFO | 	                            (3, 0.35083748302399276),
[92mINFO [0m:      	                            (4, 0.44839400428265525),
2026-07-08 23:52:20,023 | INFO | 	                            (4, 0.44839400428265525),
[92mINFO [0m:      	                            (5, 0.24440619621342513),
2026-07-08 23:52:20,023 | INFO | 	                            (5, 0.24440619621342513),
[92mINFO [0m:      	                            (6, 0.334301119867275),
2026-07-08 23:52:20,023 | INFO | 	                            (6, 0.334301119867275),
[92mINFO [0m:      	                            (7, 0.41335587489433645),
2026-07-08 23:52:20,023 | INFO | 	                            (7, 0.41335587489433645),
[92mINFO [0m:      	                            (8, 0.4130120481927711),
2026-07-08 23:52:20,024 | INFO | 	                            (8, 0.4130120481927711),
[92mINFO [0m:      	                            (9, 0.2567994939911448),
2026-07-08 23:52:20,024 | INFO | 	                            (9, 0.2567994939911448),
[92mINFO [0m:      	                            (10, 0.18896713615023475),
2026-07-08 23:52:20,024 | INFO | 	                            (10, 0.18896713615023475),
[92mINFO [0m:      	                            (11, 0.38146740719087985),
2026-07-08 23:52:20,024 | INFO | 	                            (11, 0.38146740719087985),
[92mINFO [0m:      	                            (12, 0.22095435684647302),
2026-07-08 23:52:20,024 | INFO | 	                            (12, 0.22095435684647302),
[92mINFO [0m:      	                            (13, 0.16245081506464307),
2026-07-08 23:52:20,024 | INFO | 	                            (13, 0.16245081506464307),
[92mINFO [0m:      	                            (14, 0.2768192048012003),
2026-07-08 23:52:20,024 | INFO | 	                            (14, 0.2768192048012003),
[92mINFO [0m:      	                            (15, 0.21195652173913043),
2026-07-08 23:52:20,024 | INFO | 	                            (15, 0.21195652173913043),
[92mINFO [0m:      	                            (16, 0.5894472361809046),
2026-07-08 23:52:20,024 | INFO | 	                            (16, 0.5894472361809046),
[92mINFO [0m:      	                            (17, 0.2212790039615167),
2026-07-08 23:52:20,024 | INFO | 	                            (17, 0.2212790039615167),
[92mINFO [0m:      	                            (18, 0.24438742783835793),
2026-07-08 23:52:20,024 | INFO | 	                            (18, 0.24438742783835793),
[92mINFO [0m:      	                            (19, 0.3443627450980392),
2026-07-08 23:52:20,024 | INFO | 	                            (19, 0.3443627450980392),
[92mINFO [0m:      	                            (20, 0.28512858740216174),
2026-07-08 23:52:20,024 | INFO | 	                            (20, 0.28512858740216174),
[92mINFO [0m:      	                            (21, 0.4735123367198839),
2026-07-08 23:52:20,024 | INFO | 	                            (21, 0.4735123367198839),
[92mINFO [0m:      	                            (22, 0.29732065687121867),
2026-07-08 23:52:20,024 | INFO | 	                            (22, 0.29732065687121867),
[92mINFO [0m:      	                            (23, 0.2884914463452566),
2026-07-08 23:52:20,024 | INFO | 	                            (23, 0.2884914463452566),
[92mINFO [0m:      	                            (24, 0.39351593068753493),
2026-07-08 23:52:20,024 | INFO | 	                            (24, 0.39351593068753493),
[92mINFO [0m:      	                            (25, 0.27660571964369435),
2026-07-08 23:52:20,024 | INFO | 	                            (25, 0.27660571964369435),
[92mINFO [0m:      	                            (26, 0.2589928057553957),
2026-07-08 23:52:20,024 | INFO | 	                            (26, 0.2589928057553957),
[92mINFO [0m:      	                            (27, 0.33635187580853815),
2026-07-08 23:52:20,024 | INFO | 	                            (27, 0.33635187580853815),
[92mINFO [0m:      	                            (28, 0.7426597582037997),
2026-07-08 23:52:20,024 | INFO | 	                            (28, 0.7426597582037997),
[92mINFO [0m:      	                            (29, 0.4444070080862534),
2026-07-08 23:52:20,024 | INFO | 	                            (29, 0.4444070080862534),
[92mINFO [0m:      	                            (30, 0.36989907854322074),
2026-07-08 23:52:20,024 | INFO | 	                            (30, 0.36989907854322074),
[92mINFO [0m:      	                            (31, 0.45463953087271475),
2026-07-08 23:52:20,024 | INFO | 	                            (31, 0.45463953087271475),
[92mINFO [0m:      	                            (32, 0.2635593220338983),
2026-07-08 23:52:20,024 | INFO | 	                            (32, 0.2635593220338983),
[92mINFO [0m:      	                            (33, 0.31375),
2026-07-08 23:52:20,024 | INFO | 	                            (33, 0.31375),
[92mINFO [0m:      	                            (34, 0.22319138019497178),
2026-07-08 23:52:20,024 | INFO | 	                            (34, 0.22319138019497178),
[92mINFO [0m:      	                            (35, 0.5039370078740157),
2026-07-08 23:52:20,024 | INFO | 	                            (35, 0.5039370078740157),
[92mINFO [0m:      	                            (36, 0.2632612966601179),
2026-07-08 23:52:20,024 | INFO | 	                            (36, 0.2632612966601179),
[92mINFO [0m:      	                            (37, 0.30496592015579355),
2026-07-08 23:52:20,024 | INFO | 	                            (37, 0.30496592015579355),
[92mINFO [0m:      	                            (38, 0.2669376693766938),
2026-07-08 23:52:20,024 | INFO | 	                            (38, 0.2669376693766938),
[92mINFO [0m:      	                            (39, 0.32212308396247996),
2026-07-08 23:52:20,024 | INFO | 	                            (39, 0.32212308396247996),
[92mINFO [0m:      	                            (40, 0.27154136628904907),
2026-07-08 23:52:20,024 | INFO | 	                            (40, 0.27154136628904907),
[92mINFO [0m:      	                            (41, 0.25302209253855773),
2026-07-08 23:52:20,024 | INFO | 	                            (41, 0.25302209253855773),
[92mINFO [0m:      	                            (42, 0.3980627306273063),
2026-07-08 23:52:20,024 | INFO | 	                            (42, 0.3980627306273063),
[92mINFO [0m:      	                            (43, 0.27456161422051406),
2026-07-08 23:52:20,024 | INFO | 	                            (43, 0.27456161422051406),
[92mINFO [0m:      	                            (44, 0.38705234159779617),
2026-07-08 23:52:20,024 | INFO | 	                            (44, 0.38705234159779617),
[92mINFO [0m:      	                            (45, 0.5097481722177092),
2026-07-08 23:52:20,024 | INFO | 	                            (45, 0.5097481722177092),
[92mINFO [0m:      	                            (46, 0.45981967855742845),
2026-07-08 23:52:20,024 | INFO | 	                            (46, 0.45981967855742845),
[92mINFO [0m:      	                            (47, 0.3809179616913625),
2026-07-08 23:52:20,024 | INFO | 	                            (47, 0.3809179616913625),
[92mINFO [0m:      	                            (48, 0.34689557855127),
2026-07-08 23:52:20,024 | INFO | 	                            (48, 0.34689557855127),
[92mINFO [0m:      	                            (49, 0.2421078796917723),
2026-07-08 23:52:20,024 | INFO | 	                            (49, 0.2421078796917723),
[92mINFO [0m:      	                            (50, 0.36988847583643125),
2026-07-08 23:52:20,025 | INFO | 	                            (50, 0.36988847583643125),
[92mINFO [0m:      	                            (51, 0.305724197745013),
2026-07-08 23:52:20,025 | INFO | 	                            (51, 0.305724197745013),
[92mINFO [0m:      	                            (52, 0.44655883285759596),
2026-07-08 23:52:20,025 | INFO | 	                            (52, 0.44655883285759596),
[92mINFO [0m:      	                            (53, 0.22302158273381295),
2026-07-08 23:52:20,025 | INFO | 	                            (53, 0.22302158273381295),
[92mINFO [0m:      	                            (54, 0.3152321477056747),
2026-07-08 23:52:20,025 | INFO | 	                            (54, 0.3152321477056747),
[92mINFO [0m:      	                            (55, 0.32004064008128014),
2026-07-08 23:52:20,025 | INFO | 	                            (55, 0.32004064008128014),
[92mINFO [0m:      	                            (56, 0.300556586270872),
2026-07-08 23:52:20,025 | INFO | 	                            (56, 0.300556586270872),
[92mINFO [0m:      	                            (57, 0.3536749831422792),
2026-07-08 23:52:20,025 | INFO | 	                            (57, 0.3536749831422792),
[92mINFO [0m:      	                            (58, 0.22718521370812475),
2026-07-08 23:52:20,025 | INFO | 	                            (58, 0.22718521370812475),
[92mINFO [0m:      	                            (59, 0.35113707490089713),
2026-07-08 23:52:20,025 | INFO | 	                            (59, 0.35113707490089713),
[92mINFO [0m:      	                            (60, 0.20936902485659656)],
2026-07-08 23:52:20,025 | INFO | 	                            (60, 0.20936902485659656)],
[92mINFO [0m:      	 'aggregation_weight_min': [(1, 0.00042319085907744394),
2026-07-08 23:52:20,025 | INFO | 	 'aggregation_weight_min': [(1, 0.00042319085907744394),
[92mINFO [0m:      	                            (2, 0.0009174311926605505),
2026-07-08 23:52:20,025 | INFO | 	                            (2, 0.0009174311926605505),
[92mINFO [0m:      	                            (3, 0.0009053870529651426),
2026-07-08 23:52:20,025 | INFO | 	                            (3, 0.0009053870529651426),
[92mINFO [0m:      	                            (4, 0.0021413276231263384),
2026-07-08 23:52:20,025 | INFO | 	                            (4, 0.0021413276231263384),
[92mINFO [0m:      	                            (5, 0.0005737234652897303),
2026-07-08 23:52:20,025 | INFO | 	                            (5, 0.0005737234652897303),
[92mINFO [0m:      	                            (6, 0.0008295313148071339),
2026-07-08 23:52:20,025 | INFO | 	                            (6, 0.0008295313148071339),
[92mINFO [0m:      	                            (7, 0.00042265426880811494),
2026-07-08 23:52:20,025 | INFO | 	                            (7, 0.00042265426880811494),
[92mINFO [0m:      	                            (8, 0.0019277108433734939),
2026-07-08 23:52:20,025 | INFO | 	                            (8, 0.0019277108433734939),
[92mINFO [0m:      	                            (9, 0.0018975332068311196),
2026-07-08 23:52:20,025 | INFO | 	                            (9, 0.0018975332068311196),
[92mINFO [0m:      	                            (10, 0.000782472613458529),
2026-07-08 23:52:20,025 | INFO | 	                            (10, 0.000782472613458529),
[92mINFO [0m:      	                            (11, 0.00029231218941829873),
2026-07-08 23:52:20,025 | INFO | 	                            (11, 0.00029231218941829873),
[92mINFO [0m:      	                            (12, 0.0005186721991701245),
2026-07-08 23:52:20,025 | INFO | 	                            (12, 0.0005186721991701245),
[92mINFO [0m:      	                            (13, 0.002810567734682406),
2026-07-08 23:52:20,025 | INFO | 	                            (13, 0.002810567734682406),
[92mINFO [0m:      	                            (14, 0.0015003750937734434),
2026-07-08 23:52:20,025 | INFO | 	                            (14, 0.0015003750937734434),
[92mINFO [0m:      	                            (15, 0.0036231884057971015),
2026-07-08 23:52:20,025 | INFO | 	                            (15, 0.0036231884057971015),
[92mINFO [0m:      	                            (16, 0.004020100502512563),
2026-07-08 23:52:20,025 | INFO | 	                            (16, 0.004020100502512563),
[92mINFO [0m:      	                            (17, 0.0005659309564233164),
2026-07-08 23:52:20,025 | INFO | 	                            (17, 0.0005659309564233164),
[92mINFO [0m:      	                            (18, 0.0006414368184733803),
2026-07-08 23:52:20,025 | INFO | 	                            (18, 0.0006414368184733803),
[92mINFO [0m:      	                            (19, 0.0012254901960784314),
2026-07-08 23:52:20,025 | INFO | 	                            (19, 0.0012254901960784314),
[92mINFO [0m:      	                            (20, 0.005963473723443906),
2026-07-08 23:52:20,025 | INFO | 	                            (20, 0.005963473723443906),
[92mINFO [0m:      	                            (21, 0.000362844702467344),
2026-07-08 23:52:20,025 | INFO | 	                            (21, 0.000362844702467344),
[92mINFO [0m:      	                            (22, 0.006050129645635264),
2026-07-08 23:52:20,025 | INFO | 	                            (22, 0.006050129645635264),
[92mINFO [0m:      	                            (23, 0.0007776049766718507),
2026-07-08 23:52:20,025 | INFO | 	                            (23, 0.0007776049766718507),
[92mINFO [0m:      	                            (24, 0.00027948574622694243),
2026-07-08 23:52:20,025 | INFO | 	                            (24, 0.00027948574622694243),
[92mINFO [0m:      	                            (25, 0.00046882325363338024),
2026-07-08 23:52:20,025 | INFO | 	                            (25, 0.00046882325363338024),
[92mINFO [0m:      	                            (26, 0.002616088947024199),
2026-07-08 23:52:20,025 | INFO | 	                            (26, 0.002616088947024199),
[92mINFO [0m:      	                            (27, 0.0008624407072013799),
2026-07-08 23:52:20,025 | INFO | 	                            (27, 0.0008624407072013799),
[92mINFO [0m:      	                            (28, 0.0011514104778353484),
2026-07-08 23:52:20,025 | INFO | 	                            (28, 0.0011514104778353484),
[92mINFO [0m:      	                            (29, 0.0006738544474393531),
2026-07-08 23:52:20,025 | INFO | 	                            (29, 0.0006738544474393531),
[92mINFO [0m:      	                            (30, 0.008336989907854322),
2026-07-08 23:52:20,025 | INFO | 	                            (30, 0.008336989907854322),
[92mINFO [0m:      	                            (31, 0.0006898930665746809),
2026-07-08 23:52:20,025 | INFO | 	                            (31, 0.0006898930665746809),
[92mINFO [0m:      	                            (32, 0.000847457627118644),
2026-07-08 23:52:20,026 | INFO | 	                            (32, 0.000847457627118644),
[92mINFO [0m:      	                            (33, 0.0165),
2026-07-08 23:52:20,026 | INFO | 	                            (33, 0.0165),
[92mINFO [0m:      	                            (34, 0.0003420557550880794),
2026-07-08 23:52:20,026 | INFO | 	                            (34, 0.0003420557550880794),
[92mINFO [0m:      	                            (35, 0.0005249343832020997),
2026-07-08 23:52:20,026 | INFO | 	                            (35, 0.0005249343832020997),
[92mINFO [0m:      	                            (36, 0.0006548788474132286),
2026-07-08 23:52:20,026 | INFO | 	                            (36, 0.0006548788474132286),
[92mINFO [0m:      	                            (37, 0.00019474196689386563),
2026-07-08 23:52:20,026 | INFO | 	                            (37, 0.00019474196689386563),
[92mINFO [0m:      	                            (38, 0.004607046070460705),
2026-07-08 23:52:20,026 | INFO | 	                            (38, 0.004607046070460705),
[92mINFO [0m:      	                            (39, 0.001601464195836193),
2026-07-08 23:52:20,026 | INFO | 	                            (39, 0.001601464195836193),
[92mINFO [0m:      	                            (40, 0.0006865774116031583),
2026-07-08 23:52:20,026 | INFO | 	                            (40, 0.0006865774116031583),
[92mINFO [0m:      	                            (41, 0.007503126302626094),
2026-07-08 23:52:20,026 | INFO | 	                            (41, 0.007503126302626094),
[92mINFO [0m:      	                            (42, 0.00046125461254612545),
2026-07-08 23:52:20,026 | INFO | 	                            (42, 0.00046125461254612545),
[92mINFO [0m:      	                            (43, 0.0031227480182560653),
2026-07-08 23:52:20,026 | INFO | 	                            (43, 0.0031227480182560653),
[92mINFO [0m:      	                            (44, 0.002295684113865932),
2026-07-08 23:52:20,026 | INFO | 	                            (44, 0.002295684113865932),
[92mINFO [0m:      	                            (45, 0.0012185215272136475),
2026-07-08 23:52:20,026 | INFO | 	                            (45, 0.0012185215272136475),
[92mINFO [0m:      	                            (46, 0.0015680125441003528),
2026-07-08 23:52:20,026 | INFO | 	                            (46, 0.0015680125441003528),
[92mINFO [0m:      	                            (47, 0.0007228044813877846),
2026-07-08 23:52:20,026 | INFO | 	                            (47, 0.0007228044813877846),
[92mINFO [0m:      	                            (48, 0.00047036688617121356),
2026-07-08 23:52:20,026 | INFO | 	                            (48, 0.00047036688617121356),
[92mINFO [0m:      	                            (49, 0.0004971414367387521),
2026-07-08 23:52:20,026 | INFO | 	                            (49, 0.0004971414367387521),
[92mINFO [0m:      	                            (50, 0.0007434944237918215),
2026-07-08 23:52:20,026 | INFO | 	                            (50, 0.0007434944237918215),
[92mINFO [0m:      	                            (51, 0.0008673026886383347),
2026-07-08 23:52:20,026 | INFO | 	                            (51, 0.0008673026886383347),
[92mINFO [0m:      	                            (52, 0.01014906438312718),
2026-07-08 23:52:20,026 | INFO | 	                            (52, 0.01014906438312718),
[92mINFO [0m:      	                            (53, 0.00047961630695443646),
2026-07-08 23:52:20,026 | INFO | 	                            (53, 0.00047961630695443646),
[92mINFO [0m:      	                            (54, 0.00027151778441487917),
2026-07-08 23:52:20,026 | INFO | 	                            (54, 0.00027151778441487917),
[92mINFO [0m:      	                            (55, 0.005842011684023368),
2026-07-08 23:52:20,026 | INFO | 	                            (55, 0.005842011684023368),
[92mINFO [0m:      	                            (56, 0.0009276437847866419),
2026-07-08 23:52:20,026 | INFO | 	                            (56, 0.0009276437847866419),
[92mINFO [0m:      	                            (57, 0.00033715441672285906),
2026-07-08 23:52:20,026 | INFO | 	                            (57, 0.00033715441672285906),
[92mINFO [0m:      	                            (58, 0.0015402387370042356),
2026-07-08 23:52:20,026 | INFO | 	                            (58, 0.0015402387370042356),
[92mINFO [0m:      	                            (59, 0.0008345503859795535),
2026-07-08 23:52:20,026 | INFO | 	                            (59, 0.0008345503859795535),
[92mINFO [0m:      	                            (60, 0.0033460803059273425)],
2026-07-08 23:52:20,026 | INFO | 	                            (60, 0.0033460803059273425)],
[92mINFO [0m:      	 'client_update_cosine_max': [(1, 0.9726060853248535),
2026-07-08 23:52:20,026 | INFO | 	 'client_update_cosine_max': [(1, 0.9726060853248535),
[92mINFO [0m:      	                              (2, 0.9730579780760482),
2026-07-08 23:52:20,026 | INFO | 	                              (2, 0.9730579780760482),
[92mINFO [0m:      	                              (3, 0.9741872513708714),
2026-07-08 23:52:20,026 | INFO | 	                              (3, 0.9741872513708714),
[92mINFO [0m:      	                              (4, 0.9743638614832146),
2026-07-08 23:52:20,026 | INFO | 	                              (4, 0.9743638614832146),
[92mINFO [0m:      	                              (5, 0.9755717424326998),
2026-07-08 23:52:20,026 | INFO | 	                              (5, 0.9755717424326998),
[92mINFO [0m:      	                              (6, 0.9759684607350618),
2026-07-08 23:52:20,026 | INFO | 	                              (6, 0.9759684607350618),
[92mINFO [0m:      	                              (7, 0.9765947880403058),
2026-07-08 23:52:20,026 | INFO | 	                              (7, 0.9765947880403058),
[92mINFO [0m:      	                              (8, 0.9774181189641861),
2026-07-08 23:52:20,026 | INFO | 	                              (8, 0.9774181189641861),
[92mINFO [0m:      	                              (9, 0.9782962489815665),
2026-07-08 23:52:20,026 | INFO | 	                              (9, 0.9782962489815665),
[92mINFO [0m:      	                              (10, 0.9786967003082417),
2026-07-08 23:52:20,026 | INFO | 	                              (10, 0.9786967003082417),
[92mINFO [0m:      	                              (11, 0.9791388402998127),
2026-07-08 23:52:20,026 | INFO | 	                              (11, 0.9791388402998127),
[92mINFO [0m:      	                              (12, 0.9799652475845824),
2026-07-08 23:52:20,026 | INFO | 	                              (12, 0.9799652475845824),
[92mINFO [0m:      	                              (13, 0.9803548533398783),
2026-07-08 23:52:20,026 | INFO | 	                              (13, 0.9803548533398783),
[92mINFO [0m:      	                              (14, 0.9805562785215125),
2026-07-08 23:52:20,026 | INFO | 	                              (14, 0.9805562785215125),
[92mINFO [0m:      	                              (15, 0.9808388079684506),
2026-07-08 23:52:20,027 | INFO | 	                              (15, 0.9808388079684506),
[92mINFO [0m:      	                              (16, 0.9811955693231508),
2026-07-08 23:52:20,027 | INFO | 	                              (16, 0.9811955693231508),
[92mINFO [0m:      	                              (17, 0.9823617287842535),
2026-07-08 23:52:20,027 | INFO | 	                              (17, 0.9823617287842535),
[92mINFO [0m:      	                              (18, 0.9825815612863882),
2026-07-08 23:52:20,027 | INFO | 	                              (18, 0.9825815612863882),
[92mINFO [0m:      	                              (19, 0.9829364738991933),
2026-07-08 23:52:20,027 | INFO | 	                              (19, 0.9829364738991933),
[92mINFO [0m:      	                              (20, 0.983364619126243),
2026-07-08 23:52:20,027 | INFO | 	                              (20, 0.983364619126243),
[92mINFO [0m:      	                              (21, 0.9837944663134517),
2026-07-08 23:52:20,027 | INFO | 	                              (21, 0.9837944663134517),
[92mINFO [0m:      	                              (22, 0.9845110835517442),
2026-07-08 23:52:20,027 | INFO | 	                              (22, 0.9845110835517442),
[92mINFO [0m:      	                              (23, 0.9847225615510136),
2026-07-08 23:52:20,027 | INFO | 	                              (23, 0.9847225615510136),
[92mINFO [0m:      	                              (24, 0.9849933570842184),
2026-07-08 23:52:20,027 | INFO | 	                              (24, 0.9849933570842184),
[92mINFO [0m:      	                              (25, 0.9856343354252071),
2026-07-08 23:52:20,027 | INFO | 	                              (25, 0.9856343354252071),
[92mINFO [0m:      	                              (26, 0.9858604898371445),
2026-07-08 23:52:20,027 | INFO | 	                              (26, 0.9858604898371445),
[92mINFO [0m:      	                              (27, 0.9860314584004594),
2026-07-08 23:52:20,027 | INFO | 	                              (27, 0.9860314584004594),
[92mINFO [0m:      	                              (28, 0.9864513050191237),
2026-07-08 23:52:20,027 | INFO | 	                              (28, 0.9864513050191237),
[92mINFO [0m:      	                              (29, 0.9868741431468789),
2026-07-08 23:52:20,027 | INFO | 	                              (29, 0.9868741431468789),
[92mINFO [0m:      	                              (30, 0.9872870540171396),
2026-07-08 23:52:20,027 | INFO | 	                              (30, 0.9872870540171396),
[92mINFO [0m:      	                              (31, 0.9875744470793979),
2026-07-08 23:52:20,027 | INFO | 	                              (31, 0.9875744470793979),
[92mINFO [0m:      	                              (32, 0.9878433780263409),
2026-07-08 23:52:20,027 | INFO | 	                              (32, 0.9878433780263409),
[92mINFO [0m:      	                              (33, 0.9881850577132554),
2026-07-08 23:52:20,027 | INFO | 	                              (33, 0.9881850577132554),
[92mINFO [0m:      	                              (34, 0.9884523931192941),
2026-07-08 23:52:20,027 | INFO | 	                              (34, 0.9884523931192941),
[92mINFO [0m:      	                              (35, 0.9887897311525204),
2026-07-08 23:52:20,027 | INFO | 	                              (35, 0.9887897311525204),
[92mINFO [0m:      	                              (36, 0.989137912877865),
2026-07-08 23:52:20,027 | INFO | 	                              (36, 0.989137912877865),
[92mINFO [0m:      	                              (37, 0.9892324254316577),
2026-07-08 23:52:20,027 | INFO | 	                              (37, 0.9892324254316577),
[92mINFO [0m:      	                              (38, 0.9894235166428044),
2026-07-08 23:52:20,027 | INFO | 	                              (38, 0.9894235166428044),
[92mINFO [0m:      	                              (39, 0.9896419492349653),
2026-07-08 23:52:20,027 | INFO | 	                              (39, 0.9896419492349653),
[92mINFO [0m:      	                              (40, 0.9899328140382059),
2026-07-08 23:52:20,027 | INFO | 	                              (40, 0.9899328140382059),
[92mINFO [0m:      	                              (41, 0.9900878156431442),
2026-07-08 23:52:20,027 | INFO | 	                              (41, 0.9900878156431442),
[92mINFO [0m:      	                              (42, 0.9902151102254796),
2026-07-08 23:52:20,027 | INFO | 	                              (42, 0.9902151102254796),
[92mINFO [0m:      	                              (43, 0.9903896574908972),
2026-07-08 23:52:20,027 | INFO | 	                              (43, 0.9903896574908972),
[92mINFO [0m:      	                              (44, 0.9907077445300726),
2026-07-08 23:52:20,027 | INFO | 	                              (44, 0.9907077445300726),
[92mINFO [0m:      	                              (45, 0.9909004482424985),
2026-07-08 23:52:20,027 | INFO | 	                              (45, 0.9909004482424985),
[92mINFO [0m:      	                              (46, 0.9911723383947487),
2026-07-08 23:52:20,027 | INFO | 	                              (46, 0.9911723383947487),
[92mINFO [0m:      	                              (47, 0.9914543545571066),
2026-07-08 23:52:20,027 | INFO | 	                              (47, 0.9914543545571066),
[92mINFO [0m:      	                              (48, 0.9915599988948278),
2026-07-08 23:52:20,027 | INFO | 	                              (48, 0.9915599988948278),
[92mINFO [0m:      	                              (49, 0.9917603256727457),
2026-07-08 23:52:20,027 | INFO | 	                              (49, 0.9917603256727457),
[92mINFO [0m:      	                              (50, 0.9918836459478795),
2026-07-08 23:52:20,027 | INFO | 	                              (50, 0.9918836459478795),
[92mINFO [0m:      	                              (51, 0.9919749618284707),
2026-07-08 23:52:20,027 | INFO | 	                              (51, 0.9919749618284707),
[92mINFO [0m:      	                              (52, 0.9920606339526991),
2026-07-08 23:52:20,027 | INFO | 	                              (52, 0.9920606339526991),
[92mINFO [0m:      	                              (53, 0.9922592646668337),
2026-07-08 23:52:20,027 | INFO | 	                              (53, 0.9922592646668337),
[92mINFO [0m:      	                              (54, 0.9923269301367853),
2026-07-08 23:52:20,027 | INFO | 	                              (54, 0.9923269301367853),
[92mINFO [0m:      	                              (55, 0.9924491220436262),
2026-07-08 23:52:20,027 | INFO | 	                              (55, 0.9924491220436262),
[92mINFO [0m:      	                              (56, 0.9925890834477952),
2026-07-08 23:52:20,027 | INFO | 	                              (56, 0.9925890834477952),
[92mINFO [0m:      	                              (57, 0.9926791989633865),
2026-07-08 23:52:20,028 | INFO | 	                              (57, 0.9926791989633865),
[92mINFO [0m:      	                              (58, 0.9927862457998802),
2026-07-08 23:52:20,028 | INFO | 	                              (58, 0.9927862457998802),
[92mINFO [0m:      	                              (59, 0.9928735684038091),
2026-07-08 23:52:20,028 | INFO | 	                              (59, 0.9928735684038091),
[92mINFO [0m:      	                              (60, 0.9929862991145861)],
2026-07-08 23:52:20,028 | INFO | 	                              (60, 0.9929862991145861)],
[92mINFO [0m:      	 'client_update_cosine_mean': [(1, 0.9633993634533514),
2026-07-08 23:52:20,028 | INFO | 	 'client_update_cosine_mean': [(1, 0.9633993634533514),
[92mINFO [0m:      	                               (2, 0.9669331316798578),
2026-07-08 23:52:20,028 | INFO | 	                               (2, 0.9669331316798578),
[92mINFO [0m:      	                               (3, 0.9678250758157866),
2026-07-08 23:52:20,028 | INFO | 	                               (3, 0.9678250758157866),
[92mINFO [0m:      	                               (4, 0.9681891910838794),
2026-07-08 23:52:20,028 | INFO | 	                               (4, 0.9681891910838794),
[92mINFO [0m:      	                               (5, 0.9720570015573033),
2026-07-08 23:52:20,028 | INFO | 	                               (5, 0.9720570015573033),
[92mINFO [0m:      	                               (6, 0.9695300049143916),
2026-07-08 23:52:20,028 | INFO | 	                               (6, 0.9695300049143916),
[92mINFO [0m:      	                               (7, 0.9682200379354859),
2026-07-08 23:52:20,028 | INFO | 	                               (7, 0.9682200379354859),
[92mINFO [0m:      	                               (8, 0.9709926973855816),
2026-07-08 23:52:20,028 | INFO | 	                               (8, 0.9709926973855816),
[92mINFO [0m:      	                               (9, 0.9753597533212212),
2026-07-08 23:52:20,028 | INFO | 	                               (9, 0.9753597533212212),
[92mINFO [0m:      	                               (10, 0.9719143305580737),
2026-07-08 23:52:20,028 | INFO | 	                               (10, 0.9719143305580737),
[92mINFO [0m:      	                               (11, 0.9702111763803682),
2026-07-08 23:52:20,028 | INFO | 	                               (11, 0.9702111763803682),
[92mINFO [0m:      	                               (12, 0.9760346545339601),
2026-07-08 23:52:20,028 | INFO | 	                               (12, 0.9760346545339601),
[92mINFO [0m:      	                               (13, 0.9778166333357132),
2026-07-08 23:52:20,028 | INFO | 	                               (13, 0.9778166333357132),
[92mINFO [0m:      	                               (14, 0.9792304050668662),
2026-07-08 23:52:20,028 | INFO | 	                               (14, 0.9792304050668662),
[92mINFO [0m:      	                               (15, 0.9783459606350088),
2026-07-08 23:52:20,028 | INFO | 	                               (15, 0.9783459606350088),
[92mINFO [0m:      	                               (16, 0.9777897271771897),
2026-07-08 23:52:20,028 | INFO | 	                               (16, 0.9777897271771897),
[92mINFO [0m:      	                               (17, 0.9787600862675432),
2026-07-08 23:52:20,028 | INFO | 	                               (17, 0.9787600862675432),
[92mINFO [0m:      	                               (18, 0.9792083953263331),
2026-07-08 23:52:20,028 | INFO | 	                               (18, 0.9792083953263331),
[92mINFO [0m:      	                               (19, 0.9781073161882078),
2026-07-08 23:52:20,028 | INFO | 	                               (19, 0.9781073161882078),
[92mINFO [0m:      	                               (20, 0.978445005944038),
2026-07-08 23:52:20,028 | INFO | 	                               (20, 0.978445005944038),
[92mINFO [0m:      	                               (21, 0.9767063102726012),
2026-07-08 23:52:20,028 | INFO | 	                               (21, 0.9767063102726012),
[92mINFO [0m:      	                               (22, 0.9834454866030437),
2026-07-08 23:52:20,028 | INFO | 	                               (22, 0.9834454866030437),
[92mINFO [0m:      	                               (23, 0.9826698607875527),
2026-07-08 23:52:20,028 | INFO | 	                               (23, 0.9826698607875527),
[92mINFO [0m:      	                               (24, 0.9774083006625357),
2026-07-08 23:52:20,028 | INFO | 	                               (24, 0.9774083006625357),
[92mINFO [0m:      	                               (25, 0.9819680373104838),
2026-07-08 23:52:20,028 | INFO | 	                               (25, 0.9819680373104838),
[92mINFO [0m:      	                               (26, 0.9840080404761983),
2026-07-08 23:52:20,028 | INFO | 	                               (26, 0.9840080404761983),
[92mINFO [0m:      	                               (27, 0.9813531208880477),
2026-07-08 23:52:20,028 | INFO | 	                               (27, 0.9813531208880477),
[92mINFO [0m:      	                               (28, 0.9832132437591395),
2026-07-08 23:52:20,028 | INFO | 	                               (28, 0.9832132437591395),
[92mINFO [0m:      	                               (29, 0.9819125940533292),
2026-07-08 23:52:20,028 | INFO | 	                               (29, 0.9819125940533292),
[92mINFO [0m:      	                               (30, 0.9844802718932316),
2026-07-08 23:52:20,028 | INFO | 	                               (30, 0.9844802718932316),
[92mINFO [0m:      	                               (31, 0.9832092800156531),
2026-07-08 23:52:20,028 | INFO | 	                               (31, 0.9832092800156531),
[92mINFO [0m:      	                               (32, 0.9809678524227448),
2026-07-08 23:52:20,028 | INFO | 	                               (32, 0.9809678524227448),
[92mINFO [0m:      	                               (33, 0.9826750446792362),
2026-07-08 23:52:20,028 | INFO | 	                               (33, 0.9826750446792362),
[92mINFO [0m:      	                               (34, 0.9792449817543982),
2026-07-08 23:52:20,028 | INFO | 	                               (34, 0.9792449817543982),
[92mINFO [0m:      	                               (35, 0.9856237056810956),
2026-07-08 23:52:20,028 | INFO | 	                               (35, 0.9856237056810956),
[92mINFO [0m:      	                               (36, 0.987662304730969),
2026-07-08 23:52:20,028 | INFO | 	                               (36, 0.987662304730969),
[92mINFO [0m:      	                               (37, 0.981024156708968),
2026-07-08 23:52:20,028 | INFO | 	                               (37, 0.981024156708968),
[92mINFO [0m:      	                               (38, 0.9843109196614548),
2026-07-08 23:52:20,028 | INFO | 	                               (38, 0.9843109196614548),
[92mINFO [0m:      	                               (39, 0.9839097943844767),
2026-07-08 23:52:20,029 | INFO | 	                               (39, 0.9839097943844767),
[92mINFO [0m:      	                               (40, 0.9856820339643403),
2026-07-08 23:52:20,029 | INFO | 	                               (40, 0.9856820339643403),
[92mINFO [0m:      	                               (41, 0.9870035632576506),
2026-07-08 23:52:20,029 | INFO | 	                               (41, 0.9870035632576506),
[92mINFO [0m:      	                               (42, 0.987518614729231),
2026-07-08 23:52:20,029 | INFO | 	                               (42, 0.987518614729231),
[92mINFO [0m:      	                               (43, 0.9844664811262346),
2026-07-08 23:52:20,029 | INFO | 	                               (43, 0.9844664811262346),
[92mINFO [0m:      	                               (44, 0.9880091364191645),
2026-07-08 23:52:20,029 | INFO | 	                               (44, 0.9880091364191645),
[92mINFO [0m:      	                               (45, 0.9892289740030653),
2026-07-08 23:52:20,029 | INFO | 	                               (45, 0.9892289740030653),
[92mINFO [0m:      	                               (46, 0.9883750702929369),
2026-07-08 23:52:20,029 | INFO | 	                               (46, 0.9883750702929369),
[92mINFO [0m:      	                               (47, 0.9874228530133924),
2026-07-08 23:52:20,029 | INFO | 	                               (47, 0.9874228530133924),
[92mINFO [0m:      	                               (48, 0.9857744329900773),
2026-07-08 23:52:20,029 | INFO | 	                               (48, 0.9857744329900773),
[92mINFO [0m:      	                               (49, 0.9872208350626893),
2026-07-08 23:52:20,029 | INFO | 	                               (49, 0.9872208350626893),
[92mINFO [0m:      	                               (50, 0.9898225655206453),
2026-07-08 23:52:20,029 | INFO | 	                               (50, 0.9898225655206453),
[92mINFO [0m:      	                               (51, 0.9899646676195605),
2026-07-08 23:52:20,029 | INFO | 	                               (51, 0.9899646676195605),
[92mINFO [0m:      	                               (52, 0.9888020090644727),
2026-07-08 23:52:20,029 | INFO | 	                               (52, 0.9888020090644727),
[92mINFO [0m:      	                               (53, 0.9896983620896556),
2026-07-08 23:52:20,029 | INFO | 	                               (53, 0.9896983620896556),
[92mINFO [0m:      	                               (54, 0.9884948414653661),
2026-07-08 23:52:20,029 | INFO | 	                               (54, 0.9884948414653661),
[92mINFO [0m:      	                               (55, 0.9887110844648267),
2026-07-08 23:52:20,029 | INFO | 	                               (55, 0.9887110844648267),
[92mINFO [0m:      	                               (56, 0.9907004931941047),
2026-07-08 23:52:20,029 | INFO | 	                               (56, 0.9907004931941047),
[92mINFO [0m:      	                               (57, 0.9898725875881387),
2026-07-08 23:52:20,029 | INFO | 	                               (57, 0.9898725875881387),
[92mINFO [0m:      	                               (58, 0.9901391580307611),
2026-07-08 23:52:20,029 | INFO | 	                               (58, 0.9901391580307611),
[92mINFO [0m:      	                               (59, 0.9872859109084331),
2026-07-08 23:52:20,029 | INFO | 	                               (59, 0.9872859109084331),
[92mINFO [0m:      	                               (60, 0.991115273193807)],
2026-07-08 23:52:20,029 | INFO | 	                               (60, 0.991115273193807)],
[92mINFO [0m:      	 'client_update_cosine_min': [(1, 0.9258625203243414),
2026-07-08 23:52:20,029 | INFO | 	 'client_update_cosine_min': [(1, 0.9258625203243414),
[92mINFO [0m:      	                              (2, 0.9144187844140393),
2026-07-08 23:52:20,029 | INFO | 	                              (2, 0.9144187844140393),
[92mINFO [0m:      	                              (3, 0.9448645352504603),
2026-07-08 23:52:20,029 | INFO | 	                              (3, 0.9448645352504603),
[92mINFO [0m:      	                              (4, 0.9111462530394275),
2026-07-08 23:52:20,029 | INFO | 	                              (4, 0.9111462530394275),
[92mINFO [0m:      	                              (5, 0.9508917879908277),
2026-07-08 23:52:20,029 | INFO | 	                              (5, 0.9508917879908277),
[92mINFO [0m:      	                              (6, 0.9305278146839229),
2026-07-08 23:52:20,029 | INFO | 	                              (6, 0.9305278146839229),
[92mINFO [0m:      	                              (7, 0.9347409677259666),
2026-07-08 23:52:20,029 | INFO | 	                              (7, 0.9347409677259666),
[92mINFO [0m:      	                              (8, 0.9262598778298438),
2026-07-08 23:52:20,029 | INFO | 	                              (8, 0.9262598778298438),
[92mINFO [0m:      	                              (9, 0.9569578454679247),
2026-07-08 23:52:20,029 | INFO | 	                              (9, 0.9569578454679247),
[92mINFO [0m:      	                              (10, 0.9581526401525821),
2026-07-08 23:52:20,029 | INFO | 	                              (10, 0.9581526401525821),
[92mINFO [0m:      	                              (11, 0.9218532299669218),
2026-07-08 23:52:20,029 | INFO | 	                              (11, 0.9218532299669218),
[92mINFO [0m:      	                              (12, 0.9603068375914046),
2026-07-08 23:52:20,029 | INFO | 	                              (12, 0.9603068375914046),
[92mINFO [0m:      	                              (13, 0.9627660592511165),
2026-07-08 23:52:20,029 | INFO | 	                              (13, 0.9627660592511165),
[92mINFO [0m:      	                              (14, 0.9626251069453221),
2026-07-08 23:52:20,029 | INFO | 	                              (14, 0.9626251069453221),
[92mINFO [0m:      	                              (15, 0.9625823531826488),
2026-07-08 23:52:20,029 | INFO | 	                              (15, 0.9625823531826488),
[92mINFO [0m:      	                              (16, 0.9319733810605075),
2026-07-08 23:52:20,029 | INFO | 	                              (16, 0.9319733810605075),
[92mINFO [0m:      	                              (17, 0.9644859018576104),
2026-07-08 23:52:20,029 | INFO | 	                              (17, 0.9644859018576104),
[92mINFO [0m:      	                              (18, 0.965796133457023),
2026-07-08 23:52:20,029 | INFO | 	                              (18, 0.965796133457023),
[92mINFO [0m:      	                              (19, 0.9453816111041263),
2026-07-08 23:52:20,029 | INFO | 	                              (19, 0.9453816111041263),
[92mINFO [0m:      	                              (20, 0.9547600773800524),
2026-07-08 23:52:20,029 | INFO | 	                              (20, 0.9547600773800524),
[92mINFO [0m:      	                              (21, 0.938572702965686),
2026-07-08 23:52:20,030 | INFO | 	                              (21, 0.938572702965686),
[92mINFO [0m:      	                              (22, 0.9698911314044447),
2026-07-08 23:52:20,030 | INFO | 	                              (22, 0.9698911314044447),
[92mINFO [0m:      	                              (23, 0.9700277542178757),
2026-07-08 23:52:20,030 | INFO | 	                              (23, 0.9700277542178757),
[92mINFO [0m:      	                              (24, 0.9434749994329088),
2026-07-08 23:52:20,030 | INFO | 	                              (24, 0.9434749994329088),
[92mINFO [0m:      	                              (25, 0.9606564099790473),
2026-07-08 23:52:20,030 | INFO | 	                              (25, 0.9606564099790473),
[92mINFO [0m:      	                              (26, 0.9724384087966768),
2026-07-08 23:52:20,030 | INFO | 	                              (26, 0.9724384087966768),
[92mINFO [0m:      	                              (27, 0.9567321008914564),
2026-07-08 23:52:20,030 | INFO | 	                              (27, 0.9567321008914564),
[92mINFO [0m:      	                              (28, 0.9616540993632045),
2026-07-08 23:52:20,030 | INFO | 	                              (28, 0.9616540993632045),
[92mINFO [0m:      	                              (29, 0.9510195593935648),
2026-07-08 23:52:20,030 | INFO | 	                              (29, 0.9510195593935648),
[92mINFO [0m:      	                              (30, 0.9589037737763197),
2026-07-08 23:52:20,030 | INFO | 	                              (30, 0.9589037737763197),
[92mINFO [0m:      	                              (31, 0.9599769157867735),
2026-07-08 23:52:20,030 | INFO | 	                              (31, 0.9599769157867735),
[92mINFO [0m:      	                              (32, 0.9596431642793289),
2026-07-08 23:52:20,030 | INFO | 	                              (32, 0.9596431642793289),
[92mINFO [0m:      	                              (33, 0.9568617733190268),
2026-07-08 23:52:20,030 | INFO | 	                              (33, 0.9568617733190268),
[92mINFO [0m:      	                              (34, 0.9549412798671233),
2026-07-08 23:52:20,030 | INFO | 	                              (34, 0.9549412798671233),
[92mINFO [0m:      	                              (35, 0.9636696485063416),
2026-07-08 23:52:20,030 | INFO | 	                              (35, 0.9636696485063416),
[92mINFO [0m:      	                              (36, 0.9786859176740753),
2026-07-08 23:52:20,030 | INFO | 	                              (36, 0.9786859176740753),
[92mINFO [0m:      	                              (37, 0.9601627321659117),
2026-07-08 23:52:20,030 | INFO | 	                              (37, 0.9601627321659117),
[92mINFO [0m:      	                              (38, 0.965268695953081),
2026-07-08 23:52:20,030 | INFO | 	                              (38, 0.965268695953081),
[92mINFO [0m:      	                              (39, 0.9599137734442528),
2026-07-08 23:52:20,030 | INFO | 	                              (39, 0.9599137734442528),
[92mINFO [0m:      	                              (40, 0.9661489632889804),
2026-07-08 23:52:20,030 | INFO | 	                              (40, 0.9661489632889804),
[92mINFO [0m:      	                              (41, 0.9733076327016653),
2026-07-08 23:52:20,030 | INFO | 	                              (41, 0.9733076327016653),
[92mINFO [0m:      	                              (42, 0.9671731713688868),
2026-07-08 23:52:20,030 | INFO | 	                              (42, 0.9671731713688868),
[92mINFO [0m:      	                              (43, 0.9625760363416771),
2026-07-08 23:52:20,030 | INFO | 	                              (43, 0.9625760363416771),
[92mINFO [0m:      	                              (44, 0.9692753889024334),
2026-07-08 23:52:20,030 | INFO | 	                              (44, 0.9692753889024334),
[92mINFO [0m:      	                              (45, 0.9666081929767333),
2026-07-08 23:52:20,030 | INFO | 	                              (45, 0.9666081929767333),
[92mINFO [0m:      	                              (46, 0.9664545256928205),
2026-07-08 23:52:20,030 | INFO | 	                              (46, 0.9664545256928205),
[92mINFO [0m:      	                              (47, 0.9716261988390056),
2026-07-08 23:52:20,030 | INFO | 	                              (47, 0.9716261988390056),
[92mINFO [0m:      	                              (48, 0.9679784617490238),
2026-07-08 23:52:20,030 | INFO | 	                              (48, 0.9679784617490238),
[92mINFO [0m:      	                              (49, 0.971792398045116),
2026-07-08 23:52:20,030 | INFO | 	                              (49, 0.971792398045116),
[92mINFO [0m:      	                              (50, 0.9772485161802358),
2026-07-08 23:52:20,030 | INFO | 	                              (50, 0.9772485161802358),
[92mINFO [0m:      	                              (51, 0.9780115829814348),
2026-07-08 23:52:20,030 | INFO | 	                              (51, 0.9780115829814348),
[92mINFO [0m:      	                              (52, 0.9672478664083883),
2026-07-08 23:52:20,030 | INFO | 	                              (52, 0.9672478664083883),
[92mINFO [0m:      	                              (53, 0.9844271798095557),
2026-07-08 23:52:20,030 | INFO | 	                              (53, 0.9844271798095557),
[92mINFO [0m:      	                              (54, 0.9713422945083082),
2026-07-08 23:52:20,030 | INFO | 	                              (54, 0.9713422945083082),
[92mINFO [0m:      	                              (55, 0.9717336856126078),
2026-07-08 23:52:20,030 | INFO | 	                              (55, 0.9717336856126078),
[92mINFO [0m:      	                              (56, 0.9793620228059897),
2026-07-08 23:52:20,030 | INFO | 	                              (56, 0.9793620228059897),
[92mINFO [0m:      	                              (57, 0.9729530273577243),
2026-07-08 23:52:20,030 | INFO | 	                              (57, 0.9729530273577243),
[92mINFO [0m:      	                              (58, 0.9799990572402311),
2026-07-08 23:52:20,030 | INFO | 	                              (58, 0.9799990572402311),
[92mINFO [0m:      	                              (59, 0.9724974992010131),
2026-07-08 23:52:20,030 | INFO | 	                              (59, 0.9724974992010131),
[92mINFO [0m:      	                              (60, 0.9858286084917839)],
2026-07-08 23:52:20,030 | INFO | 	                              (60, 0.9858286084917839)],
[92mINFO [0m:      	 'client_update_cosine_p10': [(1, 0.943254688150322),
2026-07-08 23:52:20,030 | INFO | 	 'client_update_cosine_p10': [(1, 0.943254688150322),
[92mINFO [0m:      	                              (2, 0.9565002911548529),
2026-07-08 23:52:20,030 | INFO | 	                              (2, 0.9565002911548529),
[92mINFO [0m:      	                              (3, 0.9458420232559207),
2026-07-08 23:52:20,031 | INFO | 	                              (3, 0.9458420232559207),
[92mINFO [0m:      	                              (4, 0.9587258935938741),
2026-07-08 23:52:20,031 | INFO | 	                              (4, 0.9587258935938741),
[92mINFO [0m:      	                              (5, 0.9615248279999993),
2026-07-08 23:52:20,031 | INFO | 	                              (5, 0.9615248279999993),
[92mINFO [0m:      	                              (6, 0.9520640443547764),
2026-07-08 23:52:20,031 | INFO | 	                              (6, 0.9520640443547764),
[92mINFO [0m:      	                              (7, 0.9450984659086284),
2026-07-08 23:52:20,031 | INFO | 	                              (7, 0.9450984659086284),
[92mINFO [0m:      	                              (8, 0.9560707902055433),
2026-07-08 23:52:20,031 | INFO | 	                              (8, 0.9560707902055433),
[92mINFO [0m:      	                              (9, 0.9656053478349134),
2026-07-08 23:52:20,031 | INFO | 	                              (9, 0.9656053478349134),
[92mINFO [0m:      	                              (10, 0.9583446904509269),
2026-07-08 23:52:20,031 | INFO | 	                              (10, 0.9583446904509269),
[92mINFO [0m:      	                              (11, 0.9499556135386062),
2026-07-08 23:52:20,031 | INFO | 	                              (11, 0.9499556135386062),
[92mINFO [0m:      	                              (12, 0.9609367051262071),
2026-07-08 23:52:20,031 | INFO | 	                              (12, 0.9609367051262071),
[92mINFO [0m:      	                              (13, 0.969625633340885),
2026-07-08 23:52:20,031 | INFO | 	                              (13, 0.969625633340885),
[92mINFO [0m:      	                              (14, 0.9800949249300532),
2026-07-08 23:52:20,031 | INFO | 	                              (14, 0.9800949249300532),
[92mINFO [0m:      	                              (15, 0.9697731985629171),
2026-07-08 23:52:20,031 | INFO | 	                              (15, 0.9697731985629171),
[92mINFO [0m:      	                              (16, 0.9808163893522697),
2026-07-08 23:52:20,031 | INFO | 	                              (16, 0.9808163893522697),
[92mINFO [0m:      	                              (17, 0.965222281169321),
2026-07-08 23:52:20,031 | INFO | 	                              (17, 0.965222281169321),
[92mINFO [0m:      	                              (18, 0.9661308768425827),
2026-07-08 23:52:20,031 | INFO | 	                              (18, 0.9661308768425827),
[92mINFO [0m:      	                              (19, 0.9661893115082314),
2026-07-08 23:52:20,031 | INFO | 	                              (19, 0.9661893115082314),
[92mINFO [0m:      	                              (20, 0.9601082310205539),
2026-07-08 23:52:20,031 | INFO | 	                              (20, 0.9601082310205539),
[92mINFO [0m:      	                              (21, 0.9683662200515208),
2026-07-08 23:52:20,031 | INFO | 	                              (21, 0.9683662200515208),
[92mINFO [0m:      	                              (22, 0.9841805400125404),
2026-07-08 23:52:20,031 | INFO | 	                              (22, 0.9841805400125404),
[92mINFO [0m:      	                              (23, 0.9757282528891498),
2026-07-08 23:52:20,031 | INFO | 	                              (23, 0.9757282528891498),
[92mINFO [0m:      	                              (24, 0.9557781005867481),
2026-07-08 23:52:20,031 | INFO | 	                              (24, 0.9557781005867481),
[92mINFO [0m:      	                              (25, 0.9714841408813538),
2026-07-08 23:52:20,031 | INFO | 	                              (25, 0.9714841408813538),
[92mINFO [0m:      	                              (26, 0.9778309412368321),
2026-07-08 23:52:20,031 | INFO | 	                              (26, 0.9778309412368321),
[92mINFO [0m:      	                              (27, 0.9724784868605044),
2026-07-08 23:52:20,031 | INFO | 	                              (27, 0.9724784868605044),
[92mINFO [0m:      	                              (28, 0.9727465552599044),
2026-07-08 23:52:20,031 | INFO | 	                              (28, 0.9727465552599044),
[92mINFO [0m:      	                              (29, 0.9743026733479312),
2026-07-08 23:52:20,031 | INFO | 	                              (29, 0.9743026733479312),
[92mINFO [0m:      	                              (30, 0.9798457272122003),
2026-07-08 23:52:20,031 | INFO | 	                              (30, 0.9798457272122003),
[92mINFO [0m:      	                              (31, 0.9750959806543407),
2026-07-08 23:52:20,031 | INFO | 	                              (31, 0.9750959806543407),
[92mINFO [0m:      	                              (32, 0.9621365633290351),
2026-07-08 23:52:20,031 | INFO | 	                              (32, 0.9621365633290351),
[92mINFO [0m:      	                              (33, 0.9671101344406674),
2026-07-08 23:52:20,031 | INFO | 	                              (33, 0.9671101344406674),
[92mINFO [0m:      	                              (34, 0.960434920471446),
2026-07-08 23:52:20,031 | INFO | 	                              (34, 0.960434920471446),
[92mINFO [0m:      	                              (35, 0.9780910721976719),
2026-07-08 23:52:20,031 | INFO | 	                              (35, 0.9780910721976719),
[92mINFO [0m:      	                              (36, 0.9828201422871228),
2026-07-08 23:52:20,031 | INFO | 	                              (36, 0.9828201422871228),
[92mINFO [0m:      	                              (37, 0.9670268840886117),
2026-07-08 23:52:20,031 | INFO | 	                              (37, 0.9670268840886117),
[92mINFO [0m:      	                              (38, 0.9679153965101812),
2026-07-08 23:52:20,031 | INFO | 	                              (38, 0.9679153965101812),
[92mINFO [0m:      	                              (39, 0.9717199028882765),
2026-07-08 23:52:20,031 | INFO | 	                              (39, 0.9717199028882765),
[92mINFO [0m:      	                              (40, 0.9799080021606044),
2026-07-08 23:52:20,031 | INFO | 	                              (40, 0.9799080021606044),
[92mINFO [0m:      	                              (41, 0.9804448614959737),
2026-07-08 23:52:20,031 | INFO | 	                              (41, 0.9804448614959737),
[92mINFO [0m:      	                              (42, 0.9799983099170912),
2026-07-08 23:52:20,031 | INFO | 	                              (42, 0.9799983099170912),
[92mINFO [0m:      	                              (43, 0.9686005669227881),
2026-07-08 23:52:20,031 | INFO | 	                              (43, 0.9686005669227881),
[92mINFO [0m:      	                              (44, 0.9815542282422673),
2026-07-08 23:52:20,031 | INFO | 	                              (44, 0.9815542282422673),
[92mINFO [0m:      	                              (45, 0.9907805452629428),
2026-07-08 23:52:20,032 | INFO | 	                              (45, 0.9907805452629428),
[92mINFO [0m:      	                              (46, 0.9811868246707893),
2026-07-08 23:52:20,032 | INFO | 	                              (46, 0.9811868246707893),
[92mINFO [0m:      	                              (47, 0.9793406518582153),
2026-07-08 23:52:20,032 | INFO | 	                              (47, 0.9793406518582153),
[92mINFO [0m:      	                              (48, 0.976605131373975),
2026-07-08 23:52:20,032 | INFO | 	                              (48, 0.976605131373975),
[92mINFO [0m:      	                              (49, 0.9794751334281107),
2026-07-08 23:52:20,032 | INFO | 	                              (49, 0.9794751334281107),
[92mINFO [0m:      	                              (50, 0.9840831351015545),
2026-07-08 23:52:20,032 | INFO | 	                              (50, 0.9840831351015545),
[92mINFO [0m:      	                              (51, 0.9842239417427111),
2026-07-08 23:52:20,032 | INFO | 	                              (51, 0.9842239417427111),
[92mINFO [0m:      	                              (52, 0.9841264832133853),
2026-07-08 23:52:20,032 | INFO | 	                              (52, 0.9841264832133853),
[92mINFO [0m:      	                              (53, 0.9846116969340759),
2026-07-08 23:52:20,032 | INFO | 	                              (53, 0.9846116969340759),
[92mINFO [0m:      	                              (54, 0.9812988579168288),
2026-07-08 23:52:20,032 | INFO | 	                              (54, 0.9812988579168288),
[92mINFO [0m:      	                              (55, 0.9788199567420929),
2026-07-08 23:52:20,032 | INFO | 	                              (55, 0.9788199567420929),
[92mINFO [0m:      	                              (56, 0.9853386513675711),
2026-07-08 23:52:20,032 | INFO | 	                              (56, 0.9853386513675711),
[92mINFO [0m:      	                              (57, 0.9852829162326346),
2026-07-08 23:52:20,032 | INFO | 	                              (57, 0.9852829162326346),
[92mINFO [0m:      	                              (58, 0.9824086974160683),
2026-07-08 23:52:20,032 | INFO | 	                              (58, 0.9824086974160683),
[92mINFO [0m:      	                              (59, 0.9776848909368784),
2026-07-08 23:52:20,032 | INFO | 	                              (59, 0.9776848909368784),
[92mINFO [0m:      	                              (60, 0.9861207077677759)],
2026-07-08 23:52:20,032 | INFO | 	                              (60, 0.9861207077677759)],
[92mINFO [0m:      	 'client_update_cosine_p50': [(1, 0.9721382233247331),
2026-07-08 23:52:20,032 | INFO | 	 'client_update_cosine_p50': [(1, 0.9721382233247331),
[92mINFO [0m:      	                              (2, 0.9725768431627448),
2026-07-08 23:52:20,032 | INFO | 	                              (2, 0.9725768431627448),
[92mINFO [0m:      	                              (3, 0.9732267428532482),
2026-07-08 23:52:20,032 | INFO | 	                              (3, 0.9732267428532482),
[92mINFO [0m:      	                              (4, 0.9740303492581827),
2026-07-08 23:52:20,032 | INFO | 	                              (4, 0.9740303492581827),
[92mINFO [0m:      	                              (5, 0.9752806394226211),
2026-07-08 23:52:20,032 | INFO | 	                              (5, 0.9752806394226211),
[92mINFO [0m:      	                              (6, 0.9756729578727806),
2026-07-08 23:52:20,032 | INFO | 	                              (6, 0.9756729578727806),
[92mINFO [0m:      	                              (7, 0.9764262015131148),
2026-07-08 23:52:20,032 | INFO | 	                              (7, 0.9764262015131148),
[92mINFO [0m:      	                              (8, 0.9772071635016701),
2026-07-08 23:52:20,032 | INFO | 	                              (8, 0.9772071635016701),
[92mINFO [0m:      	                              (9, 0.9781774457206259),
2026-07-08 23:52:20,032 | INFO | 	                              (9, 0.9781774457206259),
[92mINFO [0m:      	                              (10, 0.9784963047911319),
2026-07-08 23:52:20,032 | INFO | 	                              (10, 0.9784963047911319),
[92mINFO [0m:      	                              (11, 0.9789156572888441),
2026-07-08 23:52:20,032 | INFO | 	                              (11, 0.9789156572888441),
[92mINFO [0m:      	                              (12, 0.9798029288118825),
2026-07-08 23:52:20,032 | INFO | 	                              (12, 0.9798029288118825),
[92mINFO [0m:      	                              (13, 0.9801513379918558),
2026-07-08 23:52:20,032 | INFO | 	                              (13, 0.9801513379918558),
[92mINFO [0m:      	                              (14, 0.9804575921231506),
2026-07-08 23:52:20,032 | INFO | 	                              (14, 0.9804575921231506),
[92mINFO [0m:      	                              (15, 0.9807649980849215),
2026-07-08 23:52:20,032 | INFO | 	                              (15, 0.9807649980849215),
[92mINFO [0m:      	                              (16, 0.9810618759754997),
2026-07-08 23:52:20,032 | INFO | 	                              (16, 0.9810618759754997),
[92mINFO [0m:      	                              (17, 0.9821923993838072),
2026-07-08 23:52:20,032 | INFO | 	                              (17, 0.9821923993838072),
[92mINFO [0m:      	                              (18, 0.9825133356721334),
2026-07-08 23:52:20,032 | INFO | 	                              (18, 0.9825133356721334),
[92mINFO [0m:      	                              (19, 0.9827675318961351),
2026-07-08 23:52:20,032 | INFO | 	                              (19, 0.9827675318961351),
[92mINFO [0m:      	                              (20, 0.9832961897903933),
2026-07-08 23:52:20,032 | INFO | 	                              (20, 0.9832961897903933),
[92mINFO [0m:      	                              (21, 0.9836562095351895),
2026-07-08 23:52:20,032 | INFO | 	                              (21, 0.9836562095351895),
[92mINFO [0m:      	                              (22, 0.9844389910951171),
2026-07-08 23:52:20,032 | INFO | 	                              (22, 0.9844389910951171),
[92mINFO [0m:      	                              (23, 0.9846422215648809),
2026-07-08 23:52:20,032 | INFO | 	                              (23, 0.9846422215648809),
[92mINFO [0m:      	                              (24, 0.9848768631322766),
2026-07-08 23:52:20,032 | INFO | 	                              (24, 0.9848768631322766),
[92mINFO [0m:      	                              (25, 0.9854693170467572),
2026-07-08 23:52:20,032 | INFO | 	                              (25, 0.9854693170467572),
[92mINFO [0m:      	                              (26, 0.9857745056333239),
2026-07-08 23:52:20,032 | INFO | 	                              (26, 0.9857745056333239),
[92mINFO [0m:      	                              (27, 0.9859246645099268),
2026-07-08 23:52:20,033 | INFO | 	                              (27, 0.9859246645099268),
[92mINFO [0m:      	                              (28, 0.9863609081753851),
2026-07-08 23:52:20,033 | INFO | 	                              (28, 0.9863609081753851),
[92mINFO [0m:      	                              (29, 0.9867263473063442),
2026-07-08 23:52:20,033 | INFO | 	                              (29, 0.9867263473063442),
[92mINFO [0m:      	                              (30, 0.9871841141632088),
2026-07-08 23:52:20,033 | INFO | 	                              (30, 0.9871841141632088),
[92mINFO [0m:      	                              (31, 0.9874640054262124),
2026-07-08 23:52:20,033 | INFO | 	                              (31, 0.9874640054262124),
[92mINFO [0m:      	                              (32, 0.9877576108101466),
2026-07-08 23:52:20,033 | INFO | 	                              (32, 0.9877576108101466),
[92mINFO [0m:      	                              (33, 0.9880380528215329),
2026-07-08 23:52:20,033 | INFO | 	                              (33, 0.9880380528215329),
[92mINFO [0m:      	                              (34, 0.9883587463658874),
2026-07-08 23:52:20,033 | INFO | 	                              (34, 0.9883587463658874),
[92mINFO [0m:      	                              (35, 0.9886842884890342),
2026-07-08 23:52:20,033 | INFO | 	                              (35, 0.9886842884890342),
[92mINFO [0m:      	                              (36, 0.989022293373702),
2026-07-08 23:52:20,033 | INFO | 	                              (36, 0.989022293373702),
[92mINFO [0m:      	                              (37, 0.9889717864215024),
2026-07-08 23:52:20,033 | INFO | 	                              (37, 0.9889717864215024),
[92mINFO [0m:      	                              (38, 0.9893645859317409),
2026-07-08 23:52:20,033 | INFO | 	                              (38, 0.9893645859317409),
[92mINFO [0m:      	                              (39, 0.9895645508873802),
2026-07-08 23:52:20,033 | INFO | 	                              (39, 0.9895645508873802),
[92mINFO [0m:      	                              (40, 0.9898001694043744),
2026-07-08 23:52:20,033 | INFO | 	                              (40, 0.9898001694043744),
[92mINFO [0m:      	                              (41, 0.9900037823004527),
2026-07-08 23:52:20,033 | INFO | 	                              (41, 0.9900037823004527),
[92mINFO [0m:      	                              (42, 0.9901853449438627),
2026-07-08 23:52:20,033 | INFO | 	                              (42, 0.9901853449438627),
[92mINFO [0m:      	                              (43, 0.9903161497197281),
2026-07-08 23:52:20,033 | INFO | 	                              (43, 0.9903161497197281),
[92mINFO [0m:      	                              (44, 0.9906399446387688),
2026-07-08 23:52:20,033 | INFO | 	                              (44, 0.9906399446387688),
[92mINFO [0m:      	                              (45, 0.9908407957901267),
2026-07-08 23:52:20,033 | INFO | 	                              (45, 0.9908407957901267),
[92mINFO [0m:      	                              (46, 0.9911245548325965),
2026-07-08 23:52:20,033 | INFO | 	                              (46, 0.9911245548325965),
[92mINFO [0m:      	                              (47, 0.9914015330962754),
2026-07-08 23:52:20,033 | INFO | 	                              (47, 0.9914015330962754),
[92mINFO [0m:      	                              (48, 0.9915039503882349),
2026-07-08 23:52:20,033 | INFO | 	                              (48, 0.9915039503882349),
[92mINFO [0m:      	                              (49, 0.9916422391944282),
2026-07-08 23:52:20,033 | INFO | 	                              (49, 0.9916422391944282),
[92mINFO [0m:      	                              (50, 0.991809018820199),
2026-07-08 23:52:20,033 | INFO | 	                              (50, 0.991809018820199),
[92mINFO [0m:      	                              (51, 0.9919260469938574),
2026-07-08 23:52:20,033 | INFO | 	                              (51, 0.9919260469938574),
[92mINFO [0m:      	                              (52, 0.9919997464757316),
2026-07-08 23:52:20,033 | INFO | 	                              (52, 0.9919997464757316),
[92mINFO [0m:      	                              (53, 0.9922086759816038),
2026-07-08 23:52:20,033 | INFO | 	                              (53, 0.9922086759816038),
[92mINFO [0m:      	                              (54, 0.9922070593675867),
2026-07-08 23:52:20,033 | INFO | 	                              (54, 0.9922070593675867),
[92mINFO [0m:      	                              (55, 0.9923984966088166),
2026-07-08 23:52:20,033 | INFO | 	                              (55, 0.9923984966088166),
[92mINFO [0m:      	                              (56, 0.9925287679572694),
2026-07-08 23:52:20,033 | INFO | 	                              (56, 0.9925287679572694),
[92mINFO [0m:      	                              (57, 0.9926398130945838),
2026-07-08 23:52:20,033 | INFO | 	                              (57, 0.9926398130945838),
[92mINFO [0m:      	                              (58, 0.992759552805036),
2026-07-08 23:52:20,033 | INFO | 	                              (58, 0.992759552805036),
[92mINFO [0m:      	                              (59, 0.9927749046206986),
2026-07-08 23:52:20,033 | INFO | 	                              (59, 0.9927749046206986),
[92mINFO [0m:      	                              (60, 0.9929485335076205)],
2026-07-08 23:52:20,033 | INFO | 	                              (60, 0.9929485335076205)],
[92mINFO [0m:      	 'client_update_cosine_p90': [(1, 0.9725882749110413),
2026-07-08 23:52:20,033 | INFO | 	 'client_update_cosine_p90': [(1, 0.9725882749110413),
[92mINFO [0m:      	                              (2, 0.9729323075492005),
2026-07-08 23:52:20,033 | INFO | 	                              (2, 0.9729323075492005),
[92mINFO [0m:      	                              (3, 0.9739222351657546),
2026-07-08 23:52:20,033 | INFO | 	                              (3, 0.9739222351657546),
[92mINFO [0m:      	                              (4, 0.9743339139685859),
2026-07-08 23:52:20,033 | INFO | 	                              (4, 0.9743339139685859),
[92mINFO [0m:      	                              (5, 0.9754773887493082),
2026-07-08 23:52:20,033 | INFO | 	                              (5, 0.9754773887493082),
[92mINFO [0m:      	                              (6, 0.9758457488447735),
2026-07-08 23:52:20,033 | INFO | 	                              (6, 0.9758457488447735),
[92mINFO [0m:      	                              (7, 0.9764919082213357),
2026-07-08 23:52:20,033 | INFO | 	                              (7, 0.9764919082213357),
[92mINFO [0m:      	                              (8, 0.9773772716304217),
2026-07-08 23:52:20,033 | INFO | 	                              (8, 0.9773772716304217),
[92mINFO [0m:      	                              (9, 0.9782716125523166),
2026-07-08 23:52:20,034 | INFO | 	                              (9, 0.9782716125523166),
[92mINFO [0m:      	                              (10, 0.9786687895257287),
2026-07-08 23:52:20,034 | INFO | 	                              (10, 0.9786687895257287),
[92mINFO [0m:      	                              (11, 0.9790617150895224),
2026-07-08 23:52:20,034 | INFO | 	                              (11, 0.9790617150895224),
[92mINFO [0m:      	                              (12, 0.9799373073190643),
2026-07-08 23:52:20,034 | INFO | 	                              (12, 0.9799373073190643),
[92mINFO [0m:      	                              (13, 0.9802335293211258),
2026-07-08 23:52:20,034 | INFO | 	                              (13, 0.9802335293211258),
[92mINFO [0m:      	                              (14, 0.9805321496550735),
2026-07-08 23:52:20,034 | INFO | 	                              (14, 0.9805321496550735),
[92mINFO [0m:      	                              (15, 0.9808359574910912),
2026-07-08 23:52:20,034 | INFO | 	                              (15, 0.9808359574910912),
[92mINFO [0m:      	                              (16, 0.9811751554885959),
2026-07-08 23:52:20,034 | INFO | 	                              (16, 0.9811751554885959),
[92mINFO [0m:      	                              (17, 0.9822772531292228),
2026-07-08 23:52:20,034 | INFO | 	                              (17, 0.9822772531292228),
[92mINFO [0m:      	                              (18, 0.9825690815688223),
2026-07-08 23:52:20,034 | INFO | 	                              (18, 0.9825690815688223),
[92mINFO [0m:      	                              (19, 0.9829178738231865),
2026-07-08 23:52:20,034 | INFO | 	                              (19, 0.9829178738231865),
[92mINFO [0m:      	                              (20, 0.983335814556667),
2026-07-08 23:52:20,034 | INFO | 	                              (20, 0.983335814556667),
[92mINFO [0m:      	                              (21, 0.9837753061019782),
2026-07-08 23:52:20,034 | INFO | 	                              (21, 0.9837753061019782),
[92mINFO [0m:      	                              (22, 0.9844868805112729),
2026-07-08 23:52:20,034 | INFO | 	                              (22, 0.9844868805112729),
[92mINFO [0m:      	                              (23, 0.9846935750260911),
2026-07-08 23:52:20,034 | INFO | 	                              (23, 0.9846935750260911),
[92mINFO [0m:      	                              (24, 0.9849875439509068),
2026-07-08 23:52:20,034 | INFO | 	                              (24, 0.9849875439509068),
[92mINFO [0m:      	                              (25, 0.9855384815045924),
2026-07-08 23:52:20,034 | INFO | 	                              (25, 0.9855384815045924),
[92mINFO [0m:      	                              (26, 0.9858396123417232),
2026-07-08 23:52:20,034 | INFO | 	                              (26, 0.9858396123417232),
[92mINFO [0m:      	                              (27, 0.9859940894080395),
2026-07-08 23:52:20,034 | INFO | 	                              (27, 0.9859940894080395),
[92mINFO [0m:      	                              (28, 0.9864261658700542),
2026-07-08 23:52:20,034 | INFO | 	                              (28, 0.9864261658700542),
[92mINFO [0m:      	                              (29, 0.9868265616853521),
2026-07-08 23:52:20,034 | INFO | 	                              (29, 0.9868265616853521),
[92mINFO [0m:      	                              (30, 0.9872643387199698),
2026-07-08 23:52:20,034 | INFO | 	                              (30, 0.9872643387199698),
[92mINFO [0m:      	                              (31, 0.9875424121320439),
2026-07-08 23:52:20,034 | INFO | 	                              (31, 0.9875424121320439),
[92mINFO [0m:      	                              (32, 0.9878320512561137),
2026-07-08 23:52:20,034 | INFO | 	                              (32, 0.9878320512561137),
[92mINFO [0m:      	                              (33, 0.9881129500199015),
2026-07-08 23:52:20,034 | INFO | 	                              (33, 0.9881129500199015),
[92mINFO [0m:      	                              (34, 0.9884127555411086),
2026-07-08 23:52:20,034 | INFO | 	                              (34, 0.9884127555411086),
[92mINFO [0m:      	                              (35, 0.9887376235500229),
2026-07-08 23:52:20,034 | INFO | 	                              (35, 0.9887376235500229),
[92mINFO [0m:      	                              (36, 0.9891013491593565),
2026-07-08 23:52:20,034 | INFO | 	                              (36, 0.9891013491593565),
[92mINFO [0m:      	                              (37, 0.9891876507917535),
2026-07-08 23:52:20,034 | INFO | 	                              (37, 0.9891876507917535),
[92mINFO [0m:      	                              (38, 0.9894049672724462),
2026-07-08 23:52:20,034 | INFO | 	                              (38, 0.9894049672724462),
[92mINFO [0m:      	                              (39, 0.989631038940318),
2026-07-08 23:52:20,034 | INFO | 	                              (39, 0.989631038940318),
[92mINFO [0m:      	                              (40, 0.98990391839273),
2026-07-08 23:52:20,034 | INFO | 	                              (40, 0.98990391839273),
[92mINFO [0m:      	                              (41, 0.9900526445972948),
2026-07-08 23:52:20,034 | INFO | 	                              (41, 0.9900526445972948),
[92mINFO [0m:      	                              (42, 0.9902049144241969),
2026-07-08 23:52:20,034 | INFO | 	                              (42, 0.9902049144241969),
[92mINFO [0m:      	                              (43, 0.9903808787416605),
2026-07-08 23:52:20,034 | INFO | 	                              (43, 0.9903808787416605),
[92mINFO [0m:      	                              (44, 0.9906914575327831),
2026-07-08 23:52:20,034 | INFO | 	                              (44, 0.9906914575327831),
[92mINFO [0m:      	                              (45, 0.9908960572840534),
2026-07-08 23:52:20,034 | INFO | 	                              (45, 0.9908960572840534),
[92mINFO [0m:      	                              (46, 0.9911428859439564),
2026-07-08 23:52:20,034 | INFO | 	                              (46, 0.9911428859439564),
[92mINFO [0m:      	                              (47, 0.9914269920909147),
2026-07-08 23:52:20,034 | INFO | 	                              (47, 0.9914269920909147),
[92mINFO [0m:      	                              (48, 0.9915520694591325),
2026-07-08 23:52:20,034 | INFO | 	                              (48, 0.9915520694591325),
[92mINFO [0m:      	                              (49, 0.9917253958518243),
2026-07-08 23:52:20,034 | INFO | 	                              (49, 0.9917253958518243),
[92mINFO [0m:      	                              (50, 0.9918740141826603),
2026-07-08 23:52:20,034 | INFO | 	                              (50, 0.9918740141826603),
[92mINFO [0m:      	                              (51, 0.9919637845040554),
2026-07-08 23:52:20,035 | INFO | 	                              (51, 0.9919637845040554),
[92mINFO [0m:      	                              (52, 0.9920452733672925),
2026-07-08 23:52:20,035 | INFO | 	                              (52, 0.9920452733672925),
[92mINFO [0m:      	                              (53, 0.9922492647445681),
2026-07-08 23:52:20,035 | INFO | 	                              (53, 0.9922492647445681),
[92mINFO [0m:      	                              (54, 0.9923066219398864),
2026-07-08 23:52:20,035 | INFO | 	                              (54, 0.9923066219398864),
[92mINFO [0m:      	                              (55, 0.9924289298869694),
2026-07-08 23:52:20,035 | INFO | 	                              (55, 0.9924289298869694),
[92mINFO [0m:      	                              (56, 0.9925747465380393),
2026-07-08 23:52:20,035 | INFO | 	                              (56, 0.9925747465380393),
[92mINFO [0m:      	                              (57, 0.992674444457332),
2026-07-08 23:52:20,035 | INFO | 	                              (57, 0.992674444457332),
[92mINFO [0m:      	                              (58, 0.9927837992065801),
2026-07-08 23:52:20,035 | INFO | 	                              (58, 0.9927837992065801),
[92mINFO [0m:      	                              (59, 0.9928511256773005),
2026-07-08 23:52:20,035 | INFO | 	                              (59, 0.9928511256773005),
[92mINFO [0m:      	                              (60, 0.992984729928258)],
2026-07-08 23:52:20,035 | INFO | 	                              (60, 0.992984729928258)],
[92mINFO [0m:      	 'client_update_cosine_std': [(1, 0.014973127026434009),
2026-07-08 23:52:20,035 | INFO | 	 'client_update_cosine_std': [(1, 0.014973127026434009),
[92mINFO [0m:      	                              (2, 0.015450432515642338),
2026-07-08 23:52:20,035 | INFO | 	                              (2, 0.015450432515642338),
[92mINFO [0m:      	                              (3, 0.011127868073651384),
2026-07-08 23:52:20,035 | INFO | 	                              (3, 0.011127868073651384),
[92mINFO [0m:      	                              (4, 0.016489998770742868),
2026-07-08 23:52:20,035 | INFO | 	                              (4, 0.016489998770742868),
[92mINFO [0m:      	                              (5, 0.007928296443075187),
2026-07-08 23:52:20,035 | INFO | 	                              (5, 0.007928296443075187),
[92mINFO [0m:      	                              (6, 0.013086090608639488),
2026-07-08 23:52:20,035 | INFO | 	                              (6, 0.013086090608639488),
[92mINFO [0m:      	                              (7, 0.014342575886808057),
2026-07-08 23:52:20,035 | INFO | 	                              (7, 0.014342575886808057),
[92mINFO [0m:      	                              (8, 0.013904019254806414),
2026-07-08 23:52:20,035 | INFO | 	                              (8, 0.013904019254806414),
[92mINFO [0m:      	                              (9, 0.007136589361634237),
2026-07-08 23:52:20,035 | INFO | 	                              (9, 0.007136589361634237),
[92mINFO [0m:      	                              (10, 0.009377415995113225),
2026-07-08 23:52:20,035 | INFO | 	                              (10, 0.009377415995113225),
[92mINFO [0m:      	                              (11, 0.01653183017679948),
2026-07-08 23:52:20,035 | INFO | 	                              (11, 0.01653183017679948),
[92mINFO [0m:      	                              (12, 0.007625144974676897),
2026-07-08 23:52:20,035 | INFO | 	                              (12, 0.007625144974676897),
[92mINFO [0m:      	                              (13, 0.005882871800111453),
2026-07-08 23:52:20,035 | INFO | 	                              (13, 0.005882871800111453),
[92mINFO [0m:      	                              (14, 0.004440024512553191),
2026-07-08 23:52:20,035 | INFO | 	                              (14, 0.004440024512553191),
[92mINFO [0m:      	                              (15, 0.006181905379349531),
2026-07-08 23:52:20,035 | INFO | 	                              (15, 0.006181905379349531),
[92mINFO [0m:      	                              (16, 0.012245481948908772),
2026-07-08 23:52:20,035 | INFO | 	                              (16, 0.012245481948908772),
[92mINFO [0m:      	                              (17, 0.00687995302249089),
2026-07-08 23:52:20,035 | INFO | 	                              (17, 0.00687995302249089),
[92mINFO [0m:      	                              (18, 0.006594365486577565),
2026-07-08 23:52:20,035 | INFO | 	                              (18, 0.006594365486577565),
[92mINFO [0m:      	                              (19, 0.010371080675375836),
2026-07-08 23:52:20,035 | INFO | 	                              (19, 0.010371080675375836),
[92mINFO [0m:      	                              (20, 0.010008372667631642),
2026-07-08 23:52:20,035 | INFO | 	                              (20, 0.010008372667631642),
[92mINFO [0m:      	                              (21, 0.01210625932054437),
2026-07-08 23:52:20,035 | INFO | 	                              (21, 0.01210625932054437),
[92mINFO [0m:      	                              (22, 0.0036239551616099974),
2026-07-08 23:52:20,035 | INFO | 	                              (22, 0.0036239551616099974),
[92mINFO [0m:      	                              (23, 0.004952272401618134),
2026-07-08 23:52:20,035 | INFO | 	                              (23, 0.004952272401618134),
[92mINFO [0m:      	                              (24, 0.013445883637197831),
2026-07-08 23:52:20,035 | INFO | 	                              (24, 0.013445883637197831),
[92mINFO [0m:      	                              (25, 0.007397081568922625),
2026-07-08 23:52:20,035 | INFO | 	                              (25, 0.007397081568922625),
[92mINFO [0m:      	                              (26, 0.004508262501530934),
2026-07-08 23:52:20,035 | INFO | 	                              (26, 0.004508262501530934),
[92mINFO [0m:      	                              (27, 0.008428725805012265),
2026-07-08 23:52:20,035 | INFO | 	                              (27, 0.008428725805012265),
[92mINFO [0m:      	                              (28, 0.008061241574027924),
2026-07-08 23:52:20,035 | INFO | 	                              (28, 0.008061241574027924),
[92mINFO [0m:      	                              (29, 0.009605418874281135),
2026-07-08 23:52:20,035 | INFO | 	                              (29, 0.009605418874281135),
[92mINFO [0m:      	                              (30, 0.007471210429010842),
2026-07-08 23:52:20,035 | INFO | 	                              (30, 0.007471210429010842),
[92mINFO [0m:      	                              (31, 0.007871435073047594),
2026-07-08 23:52:20,035 | INFO | 	                              (31, 0.007871435073047594),
[92mINFO [0m:      	                              (32, 0.010485363098338888),
2026-07-08 23:52:20,036 | INFO | 	                              (32, 0.010485363098338888),
[92mINFO [0m:      	                              (33, 0.01010696107876923),
2026-07-08 23:52:20,036 | INFO | 	                              (33, 0.01010696107876923),
[92mINFO [0m:      	                              (34, 0.012514369373656105),
2026-07-08 23:52:20,036 | INFO | 	                              (34, 0.012514369373656105),
[92mINFO [0m:      	                              (35, 0.006872911029736935),
2026-07-08 23:52:20,036 | INFO | 	                              (35, 0.006872911029736935),
[92mINFO [0m:      	                              (36, 0.0035100357588650935),
2026-07-08 23:52:20,036 | INFO | 	                              (36, 0.0035100357588650935),
[92mINFO [0m:      	                              (37, 0.009861527213158203),
2026-07-08 23:52:20,036 | INFO | 	                              (37, 0.009861527213158203),
[92mINFO [0m:      	                              (38, 0.008882369972516253),
2026-07-08 23:52:20,036 | INFO | 	                              (38, 0.008882369972516253),
[92mINFO [0m:      	                              (39, 0.009060603598192586),
2026-07-08 23:52:20,036 | INFO | 	                              (39, 0.009060603598192586),
[92mINFO [0m:      	                              (40, 0.006724026685529166),
2026-07-08 23:52:20,036 | INFO | 	                              (40, 0.006724026685529166),
[92mINFO [0m:      	                              (41, 0.005256149807088797),
2026-07-08 23:52:20,036 | INFO | 	                              (41, 0.005256149807088797),
[92mINFO [0m:      	                              (42, 0.0068776348444733355),
2026-07-08 23:52:20,036 | INFO | 	                              (42, 0.0068776348444733355),
[92mINFO [0m:      	                              (43, 0.009444209081906027),
2026-07-08 23:52:20,036 | INFO | 	                              (43, 0.009444209081906027),
[92mINFO [0m:      	                              (44, 0.00586786058055453),
2026-07-08 23:52:20,036 | INFO | 	                              (44, 0.00586786058055453),
[92mINFO [0m:      	                              (45, 0.006045791109364755),
2026-07-08 23:52:20,036 | INFO | 	                              (45, 0.006045791109364755),
[92mINFO [0m:      	                              (46, 0.007148659648301272),
2026-07-08 23:52:20,036 | INFO | 	                              (46, 0.007148659648301272),
[92mINFO [0m:      	                              (47, 0.006211496192082777),
2026-07-08 23:52:20,036 | INFO | 	                              (47, 0.006211496192082777),
[92mINFO [0m:      	                              (48, 0.007182421376014404),
2026-07-08 23:52:20,036 | INFO | 	                              (48, 0.007182421376014404),
[92mINFO [0m:      	                              (49, 0.0062013095576419226),
2026-07-08 23:52:20,036 | INFO | 	                              (49, 0.0062013095576419226),
[92mINFO [0m:      	                              (50, 0.004256255495905339),
2026-07-08 23:52:20,036 | INFO | 	                              (50, 0.004256255495905339),
[92mINFO [0m:      	                              (51, 0.004117074517981299),
2026-07-08 23:52:20,036 | INFO | 	                              (51, 0.004117074517981299),
[92mINFO [0m:      	                              (52, 0.006537303537451906),
2026-07-08 23:52:20,036 | INFO | 	                              (52, 0.006537303537451906),
[92mINFO [0m:      	                              (53, 0.003578965042203808),
2026-07-08 23:52:20,036 | INFO | 	                              (53, 0.003578965042203808),
[92mINFO [0m:      	                              (54, 0.0061396920236273045),
2026-07-08 23:52:20,036 | INFO | 	                              (54, 0.0061396920236273045),
[92mINFO [0m:      	                              (55, 0.006560610454107154),
2026-07-08 23:52:20,036 | INFO | 	                              (55, 0.006560610454107154),
[92mINFO [0m:      	                              (56, 0.0038850970173504445),
2026-07-08 23:52:20,036 | INFO | 	                              (56, 0.0038850970173504445),
[92mINFO [0m:      	                              (57, 0.005351250303008659),
2026-07-08 23:52:20,036 | INFO | 	                              (57, 0.005351250303008659),
[92mINFO [0m:      	                              (58, 0.004580300986937323),
2026-07-08 23:52:20,036 | INFO | 	                              (58, 0.004580300986937323),
[92mINFO [0m:      	                              (59, 0.006804426073117708),
2026-07-08 23:52:20,036 | INFO | 	                              (59, 0.006804426073117708),
[92mINFO [0m:      	                              (60, 0.0030357192237693053)],
2026-07-08 23:52:20,036 | INFO | 	                              (60, 0.0030357192237693053)],
[92mINFO [0m:      	 'client_update_l2_max': [(1, 2.7677613505519534),
2026-07-08 23:52:20,036 | INFO | 	 'client_update_l2_max': [(1, 2.7677613505519534),
[92mINFO [0m:      	                          (2, 3.0426570074624535),
2026-07-08 23:52:20,036 | INFO | 	                          (2, 3.0426570074624535),
[92mINFO [0m:      	                          (3, 2.422190487962127),
2026-07-08 23:52:20,036 | INFO | 	                          (3, 2.422190487962127),
[92mINFO [0m:      	                          (4, 3.1931015485096204),
2026-07-08 23:52:20,036 | INFO | 	                          (4, 3.1931015485096204),
[92mINFO [0m:      	                          (5, 2.355092142448051),
2026-07-08 23:52:20,036 | INFO | 	                          (5, 2.355092142448051),
[92mINFO [0m:      	                          (6, 2.8705179985990106),
2026-07-08 23:52:20,036 | INFO | 	                          (6, 2.8705179985990106),
[92mINFO [0m:      	                          (7, 2.817462372666189),
2026-07-08 23:52:20,036 | INFO | 	                          (7, 2.817462372666189),
[92mINFO [0m:      	                          (8, 3.0824062333924807),
2026-07-08 23:52:20,036 | INFO | 	                          (8, 3.0824062333924807),
[92mINFO [0m:      	                          (9, 2.337940513649273),
2026-07-08 23:52:20,036 | INFO | 	                          (9, 2.337940513649273),
[92mINFO [0m:      	                          (10, 2.3344045495589754),
2026-07-08 23:52:20,036 | INFO | 	                          (10, 2.3344045495589754),
[92mINFO [0m:      	                          (11, 3.319638957309338),
2026-07-08 23:52:20,036 | INFO | 	                          (11, 3.319638957309338),
[92mINFO [0m:      	                          (12, 2.32821611201934),
2026-07-08 23:52:20,036 | INFO | 	                          (12, 2.32821611201934),
[92mINFO [0m:      	                          (13, 2.28369491583688),
2026-07-08 23:52:20,036 | INFO | 	                          (13, 2.28369491583688),
[92mINFO [0m:      	                          (14, 2.298594877211071),
2026-07-08 23:52:20,037 | INFO | 	                          (14, 2.298594877211071),
[92mINFO [0m:      	                          (15, 2.3253379651267045),
2026-07-08 23:52:20,037 | INFO | 	                          (15, 2.3253379651267045),
[92mINFO [0m:      	                          (16, 3.2492972293468174),
2026-07-08 23:52:20,037 | INFO | 	                          (16, 3.2492972293468174),
[92mINFO [0m:      	                          (17, 2.348543091969169),
2026-07-08 23:52:20,037 | INFO | 	                          (17, 2.348543091969169),
[92mINFO [0m:      	                          (18, 2.3171702381366965),
2026-07-08 23:52:20,037 | INFO | 	                          (18, 2.3171702381366965),
[92mINFO [0m:      	                          (19, 3.021730837216832),
2026-07-08 23:52:20,037 | INFO | 	                          (19, 3.021730837216832),
[92mINFO [0m:      	                          (20, 2.7665627371996075),
2026-07-08 23:52:20,037 | INFO | 	                          (20, 2.7665627371996075),
[92mINFO [0m:      	                          (21, 3.3131738907690353),
2026-07-08 23:52:20,037 | INFO | 	                          (21, 3.3131738907690353),
[92mINFO [0m:      	                          (22, 2.304658410912969),
2026-07-08 23:52:20,037 | INFO | 	                          (22, 2.304658410912969),
[92mINFO [0m:      	                          (23, 2.32125632141867),
2026-07-08 23:52:20,037 | INFO | 	                          (23, 2.32125632141867),
[92mINFO [0m:      	                          (24, 3.295767926902729),
2026-07-08 23:52:20,037 | INFO | 	                          (24, 3.295767926902729),
[92mINFO [0m:      	                          (25, 2.762950098358631),
2026-07-08 23:52:20,037 | INFO | 	                          (25, 2.762950098358631),
[92mINFO [0m:      	                          (26, 2.304973091340765),
2026-07-08 23:52:20,037 | INFO | 	                          (26, 2.304973091340765),
[92mINFO [0m:      	                          (27, 2.9570885078194022),
2026-07-08 23:52:20,037 | INFO | 	                          (27, 2.9570885078194022),
[92mINFO [0m:      	                          (28, 2.81005382461891),
2026-07-08 23:52:20,037 | INFO | 	                          (28, 2.81005382461891),
[92mINFO [0m:      	                          (29, 3.264143806104669),
2026-07-08 23:52:20,037 | INFO | 	                          (29, 3.264143806104669),
[92mINFO [0m:      	                          (30, 3.018173499588045),
2026-07-08 23:52:20,037 | INFO | 	                          (30, 3.018173499588045),
[92mINFO [0m:      	                          (31, 3.0174904189512564),
2026-07-08 23:52:20,037 | INFO | 	                          (31, 3.0174904189512564),
[92mINFO [0m:      	                          (32, 3.0578228796844433),
2026-07-08 23:52:20,037 | INFO | 	                          (32, 3.0578228796844433),
[92mINFO [0m:      	                          (33, 3.2120892940445045),
2026-07-08 23:52:20,037 | INFO | 	                          (33, 3.2120892940445045),
[92mINFO [0m:      	                          (34, 3.333223531620307),
2026-07-08 23:52:20,037 | INFO | 	                          (34, 3.333223531620307),
[92mINFO [0m:      	                          (35, 3.0123739976008586),
2026-07-08 23:52:20,037 | INFO | 	                          (35, 3.0123739976008586),
[92mINFO [0m:      	                          (36, 2.306696813559876),
2026-07-08 23:52:20,037 | INFO | 	                          (36, 2.306696813559876),
[92mINFO [0m:      	                          (37, 3.2367772897910725),
2026-07-08 23:52:20,037 | INFO | 	                          (37, 3.2367772897910725),
[92mINFO [0m:      	                          (38, 3.0409687907485976),
2026-07-08 23:52:20,037 | INFO | 	                          (38, 3.0409687907485976),
[92mINFO [0m:      	                          (39, 3.3175538744126722),
2026-07-08 23:52:20,037 | INFO | 	                          (39, 3.3175538744126722),
[92mINFO [0m:      	                          (40, 3.0628482548784035),
2026-07-08 23:52:20,037 | INFO | 	                          (40, 3.0628482548784035),
[92mINFO [0m:      	                          (41, 2.727016400082787),
2026-07-08 23:52:20,037 | INFO | 	                          (41, 2.727016400082787),
[92mINFO [0m:      	                          (42, 3.0583306432889725),
2026-07-08 23:52:20,037 | INFO | 	                          (42, 3.0583306432889725),
[92mINFO [0m:      	                          (43, 3.32794893420828),
2026-07-08 23:52:20,037 | INFO | 	                          (43, 3.32794893420828),
[92mINFO [0m:      	                          (44, 3.0350697951156644),
2026-07-08 23:52:20,037 | INFO | 	                          (44, 3.0350697951156644),
[92mINFO [0m:      	                          (45, 3.2208491350255786),
2026-07-08 23:52:20,037 | INFO | 	                          (45, 3.2208491350255786),
[92mINFO [0m:      	                          (46, 3.2773135093924743),
2026-07-08 23:52:20,037 | INFO | 	                          (46, 3.2773135093924743),
[92mINFO [0m:      	                          (47, 3.033925207267672),
2026-07-08 23:52:20,037 | INFO | 	                          (47, 3.033925207267672),
[92mINFO [0m:      	                          (48, 3.2708284215875687),
2026-07-08 23:52:20,037 | INFO | 	                          (48, 3.2708284215875687),
[92mINFO [0m:      	                          (49, 3.089546104326112),
2026-07-08 23:52:20,037 | INFO | 	                          (49, 3.089546104326112),
[92mINFO [0m:      	                          (50, 2.773038034101382),
2026-07-08 23:52:20,037 | INFO | 	                          (50, 2.773038034101382),
[92mINFO [0m:      	                          (51, 2.74569023628957),
2026-07-08 23:52:20,037 | INFO | 	                          (51, 2.74569023628957),
[92mINFO [0m:      	                          (52, 3.405093787825619),
2026-07-08 23:52:20,037 | INFO | 	                          (52, 3.405093787825619),
[92mINFO [0m:      	                          (53, 2.3344654999564862),
2026-07-08 23:52:20,037 | INFO | 	                          (53, 2.3344654999564862),
[92mINFO [0m:      	                          (54, 3.2304094572328093),
2026-07-08 23:52:20,037 | INFO | 	                          (54, 3.2304094572328093),
[92mINFO [0m:      	                          (55, 3.2366127444029598),
2026-07-08 23:52:20,037 | INFO | 	                          (55, 3.2366127444029598),
[92mINFO [0m:      	                          (56, 2.7689757969116067),
2026-07-08 23:52:20,038 | INFO | 	                          (56, 2.7689757969116067),
[92mINFO [0m:      	                          (57, 3.2128766937406286),
2026-07-08 23:52:20,038 | INFO | 	                          (57, 3.2128766937406286),
[92mINFO [0m:      	                          (58, 2.761547382221989),
2026-07-08 23:52:20,038 | INFO | 	                          (58, 2.761547382221989),
[92mINFO [0m:      	                          (59, 3.287725318579619),
2026-07-08 23:52:20,038 | INFO | 	                          (59, 3.287725318579619),
[92mINFO [0m:      	                          (60, 2.338388925811073)],
2026-07-08 23:52:20,038 | INFO | 	                          (60, 2.338388925811073)],
[92mINFO [0m:      	 'client_update_l2_mean': [(1, 1.859565116939399),
2026-07-08 23:52:20,038 | INFO | 	 'client_update_l2_mean': [(1, 1.859565116939399),
[92mINFO [0m:      	                           (2, 1.7819859283803305),
2026-07-08 23:52:20,038 | INFO | 	                           (2, 1.7819859283803305),
[92mINFO [0m:      	                           (3, 1.7989299603832052),
2026-07-08 23:52:20,038 | INFO | 	                           (3, 1.7989299603832052),
[92mINFO [0m:      	                           (4, 1.7876631087404466),
2026-07-08 23:52:20,038 | INFO | 	                           (4, 1.7876631087404466),
[92mINFO [0m:      	                           (5, 1.7321142178484423),
2026-07-08 23:52:20,038 | INFO | 	                           (5, 1.7321142178484423),
[92mINFO [0m:      	                           (6, 1.8131418256705358),
2026-07-08 23:52:20,038 | INFO | 	                           (6, 1.8131418256705358),
[92mINFO [0m:      	                           (7, 1.873714240190624),
2026-07-08 23:52:20,038 | INFO | 	                           (7, 1.873714240190624),
[92mINFO [0m:      	                           (8, 1.821613785786108),
2026-07-08 23:52:20,038 | INFO | 	                           (8, 1.821613785786108),
[92mINFO [0m:      	                           (9, 1.726056781401988),
2026-07-08 23:52:20,038 | INFO | 	                           (9, 1.726056781401988),
[92mINFO [0m:      	                           (10, 1.8614114121411909),
2026-07-08 23:52:20,038 | INFO | 	                           (10, 1.8614114121411909),
[92mINFO [0m:      	                           (11, 1.9126395181749187),
2026-07-08 23:52:20,038 | INFO | 	                           (11, 1.9126395181749187),
[92mINFO [0m:      	                           (12, 1.7707128297157382),
2026-07-08 23:52:20,038 | INFO | 	                           (12, 1.7707128297157382),
[92mINFO [0m:      	                           (13, 1.7236524842464986),
2026-07-08 23:52:20,038 | INFO | 	                           (13, 1.7236524842464986),
[92mINFO [0m:      	                           (14, 1.6800056232644234),
2026-07-08 23:52:20,038 | INFO | 	                           (14, 1.6800056232644234),
[92mINFO [0m:      	                           (15, 1.7251321839218017),
2026-07-08 23:52:20,038 | INFO | 	                           (15, 1.7251321839218017),
[92mINFO [0m:      	                           (16, 1.7417488196268862),
2026-07-08 23:52:20,038 | INFO | 	                           (16, 1.7417488196268862),
[92mINFO [0m:      	                           (17, 1.7736716082213706),
2026-07-08 23:52:20,038 | INFO | 	                           (17, 1.7736716082213706),
[92mINFO [0m:      	                           (18, 1.7692985978179483),
2026-07-08 23:52:20,038 | INFO | 	                           (18, 1.7692985978179483),
[92mINFO [0m:      	                           (19, 1.8190417022547858),
2026-07-08 23:52:20,038 | INFO | 	                           (19, 1.8190417022547858),
[92mINFO [0m:      	                           (20, 1.8300736803806104),
2026-07-08 23:52:20,038 | INFO | 	                           (20, 1.8300736803806104),
[92mINFO [0m:      	                           (21, 1.9219705549197459),
2026-07-08 23:52:20,038 | INFO | 	                           (21, 1.9219705549197459),
[92mINFO [0m:      	                           (22, 1.6795797979199931),
2026-07-08 23:52:20,038 | INFO | 	                           (22, 1.6795797979199931),
[92mINFO [0m:      	                           (23, 1.726191677808581),
2026-07-08 23:52:20,038 | INFO | 	                           (23, 1.726191677808581),
[92mINFO [0m:      	                           (24, 1.951840525220785),
2026-07-08 23:52:20,038 | INFO | 	                           (24, 1.951840525220785),
[92mINFO [0m:      	                           (25, 1.801779091978788),
2026-07-08 23:52:20,038 | INFO | 	                           (25, 1.801779091978788),
[92mINFO [0m:      	                           (26, 1.723029615407986),
2026-07-08 23:52:20,038 | INFO | 	                           (26, 1.723029615407986),
[92mINFO [0m:      	                           (27, 1.8589266831662243),
2026-07-08 23:52:20,038 | INFO | 	                           (27, 1.8589266831662243),
[92mINFO [0m:      	                           (28, 1.783679194860205),
2026-07-08 23:52:20,038 | INFO | 	                           (28, 1.783679194860205),
[92mINFO [0m:      	                           (29, 1.8772207943830612),
2026-07-08 23:52:20,038 | INFO | 	                           (29, 1.8772207943830612),
[92mINFO [0m:      	                           (30, 1.7757413025732272),
2026-07-08 23:52:20,038 | INFO | 	                           (30, 1.7757413025732272),
[92mINFO [0m:      	                           (31, 1.8688133756493734),
2026-07-08 23:52:20,038 | INFO | 	                           (31, 1.8688133756493734),
[92mINFO [0m:      	                           (32, 1.995050340743199),
2026-07-08 23:52:20,038 | INFO | 	                           (32, 1.995050340743199),
[92mINFO [0m:      	                           (33, 1.927902528055596),
2026-07-08 23:52:20,038 | INFO | 	                           (33, 1.927902528055596),
[92mINFO [0m:      	                           (34, 2.1277455070221136),
2026-07-08 23:52:20,038 | INFO | 	                           (34, 2.1277455070221136),
[92mINFO [0m:      	                           (35, 1.8160088926122002),
2026-07-08 23:52:20,038 | INFO | 	                           (35, 1.8160088926122002),
[92mINFO [0m:      	                           (36, 1.7250855375515133),
2026-07-08 23:52:20,038 | INFO | 	                           (36, 1.7250855375515133),
[92mINFO [0m:      	                           (37, 2.12133162686121),
2026-07-08 23:52:20,038 | INFO | 	                           (37, 2.12133162686121),
[92mINFO [0m:      	                           (38, 1.9409463969031069),
2026-07-08 23:52:20,039 | INFO | 	                           (38, 1.9409463969031069),
[92mINFO [0m:      	                           (39, 1.9883526353763257),
2026-07-08 23:52:20,039 | INFO | 	                           (39, 1.9883526353763257),
[92mINFO [0m:      	                           (40, 1.9128196309272916),
2026-07-08 23:52:20,039 | INFO | 	                           (40, 1.9128196309272916),
[92mINFO [0m:      	                           (41, 1.8454935558770145),
2026-07-08 23:52:20,039 | INFO | 	                           (41, 1.8454935558770145),
[92mINFO [0m:      	                           (42, 1.8041529092447353),
2026-07-08 23:52:20,039 | INFO | 	                           (42, 1.8041529092447353),
[92mINFO [0m:      	                           (43, 2.0231945054107445),
2026-07-08 23:52:20,039 | INFO | 	                           (43, 2.0231945054107445),
[92mINFO [0m:      	                           (44, 1.8217060324008887),
2026-07-08 23:52:20,039 | INFO | 	                           (44, 1.8217060324008887),
[92mINFO [0m:      	                           (45, 1.7422803327260061),
2026-07-08 23:52:20,039 | INFO | 	                           (45, 1.7422803327260061),
[92mINFO [0m:      	                           (46, 1.8246499759687247),
2026-07-08 23:52:20,039 | INFO | 	                           (46, 1.8246499759687247),
[92mINFO [0m:      	                           (47, 1.93921718868409),
2026-07-08 23:52:20,039 | INFO | 	                           (47, 1.93921718868409),
[92mINFO [0m:      	                           (48, 2.0791173219360326),
2026-07-08 23:52:20,039 | INFO | 	                           (48, 2.0791173219360326),
[92mINFO [0m:      	                           (49, 1.9934326849805122),
2026-07-08 23:52:20,039 | INFO | 	                           (49, 1.9934326849805122),
[92mINFO [0m:      	                           (50, 1.803631408572945),
2026-07-08 23:52:20,039 | INFO | 	                           (50, 1.803631408572945),
[92mINFO [0m:      	                           (51, 1.80248634448515),
2026-07-08 23:52:20,039 | INFO | 	                           (51, 1.80248634448515),
[92mINFO [0m:      	                           (52, 1.8945575576591513),
2026-07-08 23:52:20,039 | INFO | 	                           (52, 1.8945575576591513),
[92mINFO [0m:      	                           (53, 1.8636117812780049),
2026-07-08 23:52:20,039 | INFO | 	                           (53, 1.8636117812780049),
[92mINFO [0m:      	                           (54, 1.9552839370537234),
2026-07-08 23:52:20,039 | INFO | 	                           (54, 1.9552839370537234),
[92mINFO [0m:      	                           (55, 1.9444435124761086),
2026-07-08 23:52:20,039 | INFO | 	                           (55, 1.9444435124761086),
[92mINFO [0m:      	                           (56, 1.8056579871698841),
2026-07-08 23:52:20,039 | INFO | 	                           (56, 1.8056579871698841),
[92mINFO [0m:      	                           (57, 1.8832179865377339),
2026-07-08 23:52:20,039 | INFO | 	                           (57, 1.8832179865377339),
[92mINFO [0m:      	                           (58, 1.8790558907564994),
2026-07-08 23:52:20,039 | INFO | 	                           (58, 1.8790558907564994),
[92mINFO [0m:      	                           (59, 2.1295998575755894),
2026-07-08 23:52:20,039 | INFO | 	                           (59, 2.1295998575755894),
[92mINFO [0m:      	                           (60, 1.821810236885358)],
2026-07-08 23:52:20,039 | INFO | 	                           (60, 1.821810236885358)],
[92mINFO [0m:      	 'client_update_l2_min': [(1, 1.6243242863845495),
2026-07-08 23:52:20,039 | INFO | 	 'client_update_l2_min': [(1, 1.6243242863845495),
[92mINFO [0m:      	                          (2, 1.62609474665407),
2026-07-08 23:52:20,039 | INFO | 	                          (2, 1.62609474665407),
[92mINFO [0m:      	                          (3, 1.6255553722246998),
2026-07-08 23:52:20,039 | INFO | 	                          (3, 1.6255553722246998),
[92mINFO [0m:      	                          (4, 1.626272573420103),
2026-07-08 23:52:20,039 | INFO | 	                          (4, 1.626272573420103),
[92mINFO [0m:      	                          (5, 1.626241123751775),
2026-07-08 23:52:20,039 | INFO | 	                          (5, 1.626241123751775),
[92mINFO [0m:      	                          (6, 1.625643314581267),
2026-07-08 23:52:20,039 | INFO | 	                          (6, 1.625643314581267),
[92mINFO [0m:      	                          (7, 1.6249974146904913),
2026-07-08 23:52:20,039 | INFO | 	                          (7, 1.6249974146904913),
[92mINFO [0m:      	                          (8, 1.6254963122901658),
2026-07-08 23:52:20,039 | INFO | 	                          (8, 1.6254963122901658),
[92mINFO [0m:      	                          (9, 1.6261917538465975),
2026-07-08 23:52:20,039 | INFO | 	                          (9, 1.6261917538465975),
[92mINFO [0m:      	                          (10, 1.6278822965249455),
2026-07-08 23:52:20,039 | INFO | 	                          (10, 1.6278822965249455),
[92mINFO [0m:      	                          (11, 1.6269390278940639),
2026-07-08 23:52:20,039 | INFO | 	                          (11, 1.6269390278940639),
[92mINFO [0m:      	                          (12, 1.6266570129616955),
2026-07-08 23:52:20,039 | INFO | 	                          (12, 1.6266570129616955),
[92mINFO [0m:      	                          (13, 1.6287251489868328),
2026-07-08 23:52:20,039 | INFO | 	                          (13, 1.6287251489868328),
[92mINFO [0m:      	                          (14, 1.6286795863851318),
2026-07-08 23:52:20,039 | INFO | 	                          (14, 1.6286795863851318),
[92mINFO [0m:      	                          (15, 1.6277636835417684),
2026-07-08 23:52:20,039 | INFO | 	                          (15, 1.6277636835417684),
[92mINFO [0m:      	                          (16, 1.6279550737020456),
2026-07-08 23:52:20,039 | INFO | 	                          (16, 1.6279550737020456),
[92mINFO [0m:      	                          (17, 1.6287464610055156),
2026-07-08 23:52:20,039 | INFO | 	                          (17, 1.6287464610055156),
[92mINFO [0m:      	                          (18, 1.6298197693118952),
2026-07-08 23:52:20,039 | INFO | 	                          (18, 1.6298197693118952),
[92mINFO [0m:      	                          (19, 1.6268062202748845),
2026-07-08 23:52:20,039 | INFO | 	                          (19, 1.6268062202748845),
[92mINFO [0m:      	                          (20, 1.6286589942799745),
2026-07-08 23:52:20,040 | INFO | 	                          (20, 1.6286589942799745),
[92mINFO [0m:      	                          (21, 1.627245961839109),
2026-07-08 23:52:20,040 | INFO | 	                          (21, 1.627245961839109),
[92mINFO [0m:      	                          (22, 1.6277566915647461),
2026-07-08 23:52:20,040 | INFO | 	                          (22, 1.6277566915647461),
[92mINFO [0m:      	                          (23, 1.628884688874419),
2026-07-08 23:52:20,040 | INFO | 	                          (23, 1.628884688874419),
[92mINFO [0m:      	                          (24, 1.6269478202981054),
2026-07-08 23:52:20,040 | INFO | 	                          (24, 1.6269478202981054),
[92mINFO [0m:      	                          (25, 1.626643926211346),
2026-07-08 23:52:20,040 | INFO | 	                          (25, 1.626643926211346),
[92mINFO [0m:      	                          (26, 1.6287380270480663),
2026-07-08 23:52:20,040 | INFO | 	                          (26, 1.6287380270480663),
[92mINFO [0m:      	                          (27, 1.6302744732920325),
2026-07-08 23:52:20,040 | INFO | 	                          (27, 1.6302744732920325),
[92mINFO [0m:      	                          (28, 1.6270606042321374),
2026-07-08 23:52:20,040 | INFO | 	                          (28, 1.6270606042321374),
[92mINFO [0m:      	                          (29, 1.6285150332049778),
2026-07-08 23:52:20,040 | INFO | 	                          (29, 1.6285150332049778),
[92mINFO [0m:      	                          (30, 1.6292381918150551),
2026-07-08 23:52:20,040 | INFO | 	                          (30, 1.6292381918150551),
[92mINFO [0m:      	                          (31, 1.631644609390709),
2026-07-08 23:52:20,040 | INFO | 	                          (31, 1.631644609390709),
[92mINFO [0m:      	                          (32, 1.6283874352559187),
2026-07-08 23:52:20,040 | INFO | 	                          (32, 1.6283874352559187),
[92mINFO [0m:      	                          (33, 1.6295685002562454),
2026-07-08 23:52:20,040 | INFO | 	                          (33, 1.6295685002562454),
[92mINFO [0m:      	                          (34, 1.6324032881015778),
2026-07-08 23:52:20,040 | INFO | 	                          (34, 1.6324032881015778),
[92mINFO [0m:      	                          (35, 1.6259726281355666),
2026-07-08 23:52:20,040 | INFO | 	                          (35, 1.6259726281355666),
[92mINFO [0m:      	                          (36, 1.6277542720968832),
2026-07-08 23:52:20,040 | INFO | 	                          (36, 1.6277542720968832),
[92mINFO [0m:      	                          (37, 1.6287898301714552),
2026-07-08 23:52:20,040 | INFO | 	                          (37, 1.6287898301714552),
[92mINFO [0m:      	                          (38, 1.6326290327686794),
2026-07-08 23:52:20,040 | INFO | 	                          (38, 1.6326290327686794),
[92mINFO [0m:      	                          (39, 1.6319407902849763),
2026-07-08 23:52:20,040 | INFO | 	                          (39, 1.6319407902849763),
[92mINFO [0m:      	                          (40, 1.6301955698040989),
2026-07-08 23:52:20,040 | INFO | 	                          (40, 1.6301955698040989),
[92mINFO [0m:      	                          (41, 1.6336999658586917),
2026-07-08 23:52:20,040 | INFO | 	                          (41, 1.6336999658586917),
[92mINFO [0m:      	                          (42, 1.6303344164572784),
2026-07-08 23:52:20,040 | INFO | 	                          (42, 1.6303344164572784),
[92mINFO [0m:      	                          (43, 1.6347235065608898),
2026-07-08 23:52:20,040 | INFO | 	                          (43, 1.6347235065608898),
[92mINFO [0m:      	                          (44, 1.6304229088472928),
2026-07-08 23:52:20,040 | INFO | 	                          (44, 1.6304229088472928),
[92mINFO [0m:      	                          (45, 1.630817172875277),
2026-07-08 23:52:20,040 | INFO | 	                          (45, 1.630817172875277),
[92mINFO [0m:      	                          (46, 1.6316414648735371),
2026-07-08 23:52:20,040 | INFO | 	                          (46, 1.6316414648735371),
[92mINFO [0m:      	                          (47, 1.6301166473049817),
2026-07-08 23:52:20,040 | INFO | 	                          (47, 1.6301166473049817),
[92mINFO [0m:      	                          (48, 1.63355632289238),
2026-07-08 23:52:20,040 | INFO | 	                          (48, 1.63355632289238),
[92mINFO [0m:      	                          (49, 1.631212547512923),
2026-07-08 23:52:20,040 | INFO | 	                          (49, 1.631212547512923),
[92mINFO [0m:      	                          (50, 1.631520542478549),
2026-07-08 23:52:20,040 | INFO | 	                          (50, 1.631520542478549),
[92mINFO [0m:      	                          (51, 1.632966045487154),
2026-07-08 23:52:20,040 | INFO | 	                          (51, 1.632966045487154),
[92mINFO [0m:      	                          (52, 1.6346066948569828),
2026-07-08 23:52:20,040 | INFO | 	                          (52, 1.6346066948569828),
[92mINFO [0m:      	                          (53, 1.6324338049369327),
2026-07-08 23:52:20,040 | INFO | 	                          (53, 1.6324338049369327),
[92mINFO [0m:      	                          (54, 1.6343396764278524),
2026-07-08 23:52:20,040 | INFO | 	                          (54, 1.6343396764278524),
[92mINFO [0m:      	                          (55, 1.633301685211636),
2026-07-08 23:52:20,040 | INFO | 	                          (55, 1.633301685211636),
[92mINFO [0m:      	                          (56, 1.633002341069937),
2026-07-08 23:52:20,040 | INFO | 	                          (56, 1.633002341069937),
[92mINFO [0m:      	                          (57, 1.6339215265106297),
2026-07-08 23:52:20,040 | INFO | 	                          (57, 1.6339215265106297),
[92mINFO [0m:      	                          (58, 1.6364161711312277),
2026-07-08 23:52:20,040 | INFO | 	                          (58, 1.6364161711312277),
[92mINFO [0m:      	                          (59, 1.635421578012186),
2026-07-08 23:52:20,040 | INFO | 	                          (59, 1.635421578012186),
[92mINFO [0m:      	                          (60, 1.6344035903579515)],
2026-07-08 23:52:20,040 | INFO | 	                          (60, 1.6344035903579515)],
[92mINFO [0m:      	 'client_update_l2_p10': [(1, 1.6243646187119258),
2026-07-08 23:52:20,040 | INFO | 	 'client_update_l2_p10': [(1, 1.6243646187119258),
[92mINFO [0m:      	                          (2, 1.6298095798197734),
2026-07-08 23:52:20,041 | INFO | 	                          (2, 1.6298095798197734),
[92mINFO [0m:      	                          (3, 1.629872897959888),
2026-07-08 23:52:20,041 | INFO | 	                          (3, 1.629872897959888),
[92mINFO [0m:      	                          (4, 1.6269738616573153),
2026-07-08 23:52:20,041 | INFO | 	                          (4, 1.6269738616573153),
[92mINFO [0m:      	                          (5, 1.6281957093896655),
2026-07-08 23:52:20,041 | INFO | 	                          (5, 1.6281957093896655),
[92mINFO [0m:      	                          (6, 1.6300942364969282),
2026-07-08 23:52:20,041 | INFO | 	                          (6, 1.6300942364969282),
[92mINFO [0m:      	                          (7, 1.6276277584641183),
2026-07-08 23:52:20,041 | INFO | 	                          (7, 1.6276277584641183),
[92mINFO [0m:      	                          (8, 1.6274766540937544),
2026-07-08 23:52:20,041 | INFO | 	                          (8, 1.6274766540937544),
[92mINFO [0m:      	                          (9, 1.627916151333822),
2026-07-08 23:52:20,041 | INFO | 	                          (9, 1.627916151333822),
[92mINFO [0m:      	                          (10, 1.6287551730747527),
2026-07-08 23:52:20,041 | INFO | 	                          (10, 1.6287551730747527),
[92mINFO [0m:      	                          (11, 1.6275732097006335),
2026-07-08 23:52:20,041 | INFO | 	                          (11, 1.6275732097006335),
[92mINFO [0m:      	                          (12, 1.628851008962332),
2026-07-08 23:52:20,041 | INFO | 	                          (12, 1.628851008962332),
[92mINFO [0m:      	                          (13, 1.6308403752462142),
2026-07-08 23:52:20,041 | INFO | 	                          (13, 1.6308403752462142),
[92mINFO [0m:      	                          (14, 1.6292333229917788),
2026-07-08 23:52:20,041 | INFO | 	                          (14, 1.6292333229917788),
[92mINFO [0m:      	                          (15, 1.6292105589733887),
2026-07-08 23:52:20,041 | INFO | 	                          (15, 1.6292105589733887),
[92mINFO [0m:      	                          (16, 1.6287730050194218),
2026-07-08 23:52:20,041 | INFO | 	                          (16, 1.6287730050194218),
[92mINFO [0m:      	                          (17, 1.629393868106678),
2026-07-08 23:52:20,041 | INFO | 	                          (17, 1.629393868106678),
[92mINFO [0m:      	                          (18, 1.6300808915460727),
2026-07-08 23:52:20,041 | INFO | 	                          (18, 1.6300808915460727),
[92mINFO [0m:      	                          (19, 1.627604291710037),
2026-07-08 23:52:20,041 | INFO | 	                          (19, 1.627604291710037),
[92mINFO [0m:      	                          (20, 1.6295140946544253),
2026-07-08 23:52:20,041 | INFO | 	                          (20, 1.6295140946544253),
[92mINFO [0m:      	                          (21, 1.6290192799127752),
2026-07-08 23:52:20,041 | INFO | 	                          (21, 1.6290192799127752),
[92mINFO [0m:      	                          (22, 1.630696829596995),
2026-07-08 23:52:20,041 | INFO | 	                          (22, 1.630696829596995),
[92mINFO [0m:      	                          (23, 1.6302493017628512),
2026-07-08 23:52:20,041 | INFO | 	                          (23, 1.6302493017628512),
[92mINFO [0m:      	                          (24, 1.62805231403038),
2026-07-08 23:52:20,041 | INFO | 	                          (24, 1.62805231403038),
[92mINFO [0m:      	                          (25, 1.62964442668326),
2026-07-08 23:52:20,041 | INFO | 	                          (25, 1.62964442668326),
[92mINFO [0m:      	                          (26, 1.6300536026621966),
2026-07-08 23:52:20,041 | INFO | 	                          (26, 1.6300536026621966),
[92mINFO [0m:      	                          (27, 1.6309206068506978),
2026-07-08 23:52:20,041 | INFO | 	                          (27, 1.6309206068506978),
[92mINFO [0m:      	                          (28, 1.6294894833168672),
2026-07-08 23:52:20,041 | INFO | 	                          (28, 1.6294894833168672),
[92mINFO [0m:      	                          (29, 1.6322048005838563),
2026-07-08 23:52:20,041 | INFO | 	                          (29, 1.6322048005838563),
[92mINFO [0m:      	                          (30, 1.6311999432982924),
2026-07-08 23:52:20,041 | INFO | 	                          (30, 1.6311999432982924),
[92mINFO [0m:      	                          (31, 1.633858810952891),
2026-07-08 23:52:20,041 | INFO | 	                          (31, 1.633858810952891),
[92mINFO [0m:      	                          (32, 1.6299115800333082),
2026-07-08 23:52:20,041 | INFO | 	                          (32, 1.6299115800333082),
[92mINFO [0m:      	                          (33, 1.6338534547265358),
2026-07-08 23:52:20,041 | INFO | 	                          (33, 1.6338534547265358),
[92mINFO [0m:      	                          (34, 1.6343852346238876),
2026-07-08 23:52:20,041 | INFO | 	                          (34, 1.6343852346238876),
[92mINFO [0m:      	                          (35, 1.6321359427677014),
2026-07-08 23:52:20,041 | INFO | 	                          (35, 1.6321359427677014),
[92mINFO [0m:      	                          (36, 1.6297734308668934),
2026-07-08 23:52:20,041 | INFO | 	                          (36, 1.6297734308668934),
[92mINFO [0m:      	                          (37, 1.6319382689689181),
2026-07-08 23:52:20,041 | INFO | 	                          (37, 1.6319382689689181),
[92mINFO [0m:      	                          (38, 1.6335355987504538),
2026-07-08 23:52:20,041 | INFO | 	                          (38, 1.6335355987504538),
[92mINFO [0m:      	                          (39, 1.632285564078974),
2026-07-08 23:52:20,041 | INFO | 	                          (39, 1.632285564078974),
[92mINFO [0m:      	                          (40, 1.6316510947662062),
2026-07-08 23:52:20,041 | INFO | 	                          (40, 1.6316510947662062),
[92mINFO [0m:      	                          (41, 1.6340707792739901),
2026-07-08 23:52:20,041 | INFO | 	                          (41, 1.6340707792739901),
[92mINFO [0m:      	                          (42, 1.632440727925291),
2026-07-08 23:52:20,041 | INFO | 	                          (42, 1.632440727925291),
[92mINFO [0m:      	                          (43, 1.6374492424508267),
2026-07-08 23:52:20,041 | INFO | 	                          (43, 1.6374492424508267),
[92mINFO [0m:      	                          (44, 1.6317684875431082),
2026-07-08 23:52:20,042 | INFO | 	                          (44, 1.6317684875431082),
[92mINFO [0m:      	                          (45, 1.6316747464202324),
2026-07-08 23:52:20,042 | INFO | 	                          (45, 1.6316747464202324),
[92mINFO [0m:      	                          (46, 1.6335313811217966),
2026-07-08 23:52:20,042 | INFO | 	                          (46, 1.6335313811217966),
[92mINFO [0m:      	                          (47, 1.6326898427745304),
2026-07-08 23:52:20,042 | INFO | 	                          (47, 1.6326898427745304),
[92mINFO [0m:      	                          (48, 1.6339200617100862),
2026-07-08 23:52:20,042 | INFO | 	                          (48, 1.6339200617100862),
[92mINFO [0m:      	                          (49, 1.6342364756339371),
2026-07-08 23:52:20,042 | INFO | 	                          (49, 1.6342364756339371),
[92mINFO [0m:      	                          (50, 1.6328264155472092),
2026-07-08 23:52:20,042 | INFO | 	                          (50, 1.6328264155472092),
[92mINFO [0m:      	                          (51, 1.633622294665896),
2026-07-08 23:52:20,042 | INFO | 	                          (51, 1.633622294665896),
[92mINFO [0m:      	                          (52, 1.6350889416568528),
2026-07-08 23:52:20,042 | INFO | 	                          (52, 1.6350889416568528),
[92mINFO [0m:      	                          (53, 1.6336916729919613),
2026-07-08 23:52:20,042 | INFO | 	                          (53, 1.6336916729919613),
[92mINFO [0m:      	                          (54, 1.6351889457743418),
2026-07-08 23:52:20,042 | INFO | 	                          (54, 1.6351889457743418),
[92mINFO [0m:      	                          (55, 1.6347917772320981),
2026-07-08 23:52:20,042 | INFO | 	                          (55, 1.6347917772320981),
[92mINFO [0m:      	                          (56, 1.6351035512866257),
2026-07-08 23:52:20,042 | INFO | 	                          (56, 1.6351035512866257),
[92mINFO [0m:      	                          (57, 1.6346494859776985),
2026-07-08 23:52:20,042 | INFO | 	                          (57, 1.6346494859776985),
[92mINFO [0m:      	                          (58, 1.6368653906947372),
2026-07-08 23:52:20,042 | INFO | 	                          (58, 1.6368653906947372),
[92mINFO [0m:      	                          (59, 1.6374499172466859),
2026-07-08 23:52:20,042 | INFO | 	                          (59, 1.6374499172466859),
[92mINFO [0m:      	                          (60, 1.6353392883724613)],
2026-07-08 23:52:20,042 | INFO | 	                          (60, 1.6353392883724613)],
[92mINFO [0m:      	 'client_update_l2_p50': [(1, 1.6343709353989757),
2026-07-08 23:52:20,042 | INFO | 	 'client_update_l2_p50': [(1, 1.6343709353989757),
[92mINFO [0m:      	                          (2, 1.641209483702773),
2026-07-08 23:52:20,042 | INFO | 	                          (2, 1.641209483702773),
[92mINFO [0m:      	                          (3, 1.6555478421404144),
2026-07-08 23:52:20,042 | INFO | 	                          (3, 1.6555478421404144),
[92mINFO [0m:      	                          (4, 1.6387206482811434),
2026-07-08 23:52:20,042 | INFO | 	                          (4, 1.6387206482811434),
[92mINFO [0m:      	                          (5, 1.6366737256857904),
2026-07-08 23:52:20,042 | INFO | 	                          (5, 1.6366737256857904),
[92mINFO [0m:      	                          (6, 1.6366682972818176),
2026-07-08 23:52:20,042 | INFO | 	                          (6, 1.6366682972818176),
[92mINFO [0m:      	                          (7, 1.6305613556771013),
2026-07-08 23:52:20,042 | INFO | 	                          (7, 1.6305613556771013),
[92mINFO [0m:      	                          (8, 1.6348050774395468),
2026-07-08 23:52:20,042 | INFO | 	                          (8, 1.6348050774395468),
[92mINFO [0m:      	                          (9, 1.630685955239086),
2026-07-08 23:52:20,042 | INFO | 	                          (9, 1.630685955239086),
[92mINFO [0m:      	                          (10, 1.6363455251895873),
2026-07-08 23:52:20,042 | INFO | 	                          (10, 1.6363455251895873),
[92mINFO [0m:      	                          (11, 1.6354815409553842),
2026-07-08 23:52:20,042 | INFO | 	                          (11, 1.6354815409553842),
[92mINFO [0m:      	                          (12, 1.6350767448483428),
2026-07-08 23:52:20,042 | INFO | 	                          (12, 1.6350767448483428),
[92mINFO [0m:      	                          (13, 1.6338316380154025),
2026-07-08 23:52:20,042 | INFO | 	                          (13, 1.6338316380154025),
[92mINFO [0m:      	                          (14, 1.6336940323605218),
2026-07-08 23:52:20,042 | INFO | 	                          (14, 1.6336940323605218),
[92mINFO [0m:      	                          (15, 1.6327930821676362),
2026-07-08 23:52:20,042 | INFO | 	                          (15, 1.6327930821676362),
[92mINFO [0m:      	                          (16, 1.6314731506763342),
2026-07-08 23:52:20,042 | INFO | 	                          (16, 1.6314731506763342),
[92mINFO [0m:      	                          (17, 1.6332264154145166),
2026-07-08 23:52:20,042 | INFO | 	                          (17, 1.6332264154145166),
[92mINFO [0m:      	                          (18, 1.633363192610078),
2026-07-08 23:52:20,042 | INFO | 	                          (18, 1.633363192610078),
[92mINFO [0m:      	                          (19, 1.6365325455258461),
2026-07-08 23:52:20,042 | INFO | 	                          (19, 1.6365325455258461),
[92mINFO [0m:      	                          (20, 1.6346615209893813),
2026-07-08 23:52:20,042 | INFO | 	                          (20, 1.6346615209893813),
[92mINFO [0m:      	                          (21, 1.6344338705130093),
2026-07-08 23:52:20,042 | INFO | 	                          (21, 1.6344338705130093),
[92mINFO [0m:      	                          (22, 1.632829827705728),
2026-07-08 23:52:20,042 | INFO | 	                          (22, 1.632829827705728),
[92mINFO [0m:      	                          (23, 1.6336826128802862),
2026-07-08 23:52:20,042 | INFO | 	                          (23, 1.6336826128802862),
[92mINFO [0m:      	                          (24, 1.6346500254963088),
2026-07-08 23:52:20,042 | INFO | 	                          (24, 1.6346500254963088),
[92mINFO [0m:      	                          (25, 1.6358636271502143),
2026-07-08 23:52:20,042 | INFO | 	                          (25, 1.6358636271502143),
[92mINFO [0m:      	                          (26, 1.6343785988909387),
2026-07-08 23:52:20,043 | INFO | 	                          (26, 1.6343785988909387),
[92mINFO [0m:      	                          (27, 1.6352674976997732),
2026-07-08 23:52:20,043 | INFO | 	                          (27, 1.6352674976997732),
[92mINFO [0m:      	                          (28, 1.6328124742450427),
2026-07-08 23:52:20,043 | INFO | 	                          (28, 1.6328124742450427),
[92mINFO [0m:      	                          (29, 1.6366118361238158),
2026-07-08 23:52:20,043 | INFO | 	                          (29, 1.6366118361238158),
[92mINFO [0m:      	                          (30, 1.6368945525218517),
2026-07-08 23:52:20,043 | INFO | 	                          (30, 1.6368945525218517),
[92mINFO [0m:      	                          (31, 1.6371820719484054),
2026-07-08 23:52:20,043 | INFO | 	                          (31, 1.6371820719484054),
[92mINFO [0m:      	                          (32, 1.6353425592905386),
2026-07-08 23:52:20,043 | INFO | 	                          (32, 1.6353425592905386),
[92mINFO [0m:      	                          (33, 1.641168013753487),
2026-07-08 23:52:20,043 | INFO | 	                          (33, 1.641168013753487),
[92mINFO [0m:      	                          (34, 1.6410705724548824),
2026-07-08 23:52:20,043 | INFO | 	                          (34, 1.6410705724548824),
[92mINFO [0m:      	                          (35, 1.6364459708458468),
2026-07-08 23:52:20,043 | INFO | 	                          (35, 1.6364459708458468),
[92mINFO [0m:      	                          (36, 1.6360797949011572),
2026-07-08 23:52:20,043 | INFO | 	                          (36, 1.6360797949011572),
[92mINFO [0m:      	                          (37, 1.6532662023985814),
2026-07-08 23:52:20,043 | INFO | 	                          (37, 1.6532662023985814),
[92mINFO [0m:      	                          (38, 1.6380310224386083),
2026-07-08 23:52:20,043 | INFO | 	                          (38, 1.6380310224386083),
[92mINFO [0m:      	                          (39, 1.6397987859480339),
2026-07-08 23:52:20,043 | INFO | 	                          (39, 1.6397987859480339),
[92mINFO [0m:      	                          (40, 1.6389980862368654),
2026-07-08 23:52:20,043 | INFO | 	                          (40, 1.6389980862368654),
[92mINFO [0m:      	                          (41, 1.639764206071238),
2026-07-08 23:52:20,043 | INFO | 	                          (41, 1.639764206071238),
[92mINFO [0m:      	                          (42, 1.6348939472862114),
2026-07-08 23:52:20,043 | INFO | 	                          (42, 1.6348939472862114),
[92mINFO [0m:      	                          (43, 1.6452473938086378),
2026-07-08 23:52:20,043 | INFO | 	                          (43, 1.6452473938086378),
[92mINFO [0m:      	                          (44, 1.6371362970732923),
2026-07-08 23:52:20,043 | INFO | 	                          (44, 1.6371362970732923),
[92mINFO [0m:      	                          (45, 1.6353266638564172),
2026-07-08 23:52:20,043 | INFO | 	                          (45, 1.6353266638564172),
[92mINFO [0m:      	                          (46, 1.6355544488480875),
2026-07-08 23:52:20,043 | INFO | 	                          (46, 1.6355544488480875),
[92mINFO [0m:      	                          (47, 1.6358914265790143),
2026-07-08 23:52:20,043 | INFO | 	                          (47, 1.6358914265790143),
[92mINFO [0m:      	                          (48, 1.6405185119604002),
2026-07-08 23:52:20,043 | INFO | 	                          (48, 1.6405185119604002),
[92mINFO [0m:      	                          (49, 1.6434125142261888),
2026-07-08 23:52:20,043 | INFO | 	                          (49, 1.6434125142261888),
[92mINFO [0m:      	                          (50, 1.6402807602483733),
2026-07-08 23:52:20,043 | INFO | 	                          (50, 1.6402807602483733),
[92mINFO [0m:      	                          (51, 1.6367146759372266),
2026-07-08 23:52:20,043 | INFO | 	                          (51, 1.6367146759372266),
[92mINFO [0m:      	                          (52, 1.6396471622618174),
2026-07-08 23:52:20,043 | INFO | 	                          (52, 1.6396471622618174),
[92mINFO [0m:      	                          (53, 1.6368412676853987),
2026-07-08 23:52:20,043 | INFO | 	                          (53, 1.6368412676853987),
[92mINFO [0m:      	                          (54, 1.647993906389571),
2026-07-08 23:52:20,043 | INFO | 	                          (54, 1.647993906389571),
[92mINFO [0m:      	                          (55, 1.6418046852371073),
2026-07-08 23:52:20,043 | INFO | 	                          (55, 1.6418046852371073),
[92mINFO [0m:      	                          (56, 1.6402635458117787),
2026-07-08 23:52:20,043 | INFO | 	                          (56, 1.6402635458117787),
[92mINFO [0m:      	                          (57, 1.641279812295441),
2026-07-08 23:52:20,043 | INFO | 	                          (57, 1.641279812295441),
[92mINFO [0m:      	                          (58, 1.6414710120845029),
2026-07-08 23:52:20,043 | INFO | 	                          (58, 1.6414710120845029),
[92mINFO [0m:      	                          (59, 1.648740524460388),
2026-07-08 23:52:20,043 | INFO | 	                          (59, 1.648740524460388),
[92mINFO [0m:      	                          (60, 1.6406332020420964)],
2026-07-08 23:52:20,043 | INFO | 	                          (60, 1.6406332020420964)],
[92mINFO [0m:      	 'client_update_l2_p90': [(1, 2.3883684874511317),
2026-07-08 23:52:20,043 | INFO | 	 'client_update_l2_p90': [(1, 2.3883684874511317),
[92mINFO [0m:      	                          (2, 2.0745700650715606),
2026-07-08 23:52:20,043 | INFO | 	                          (2, 2.0745700650715606),
[92mINFO [0m:      	                          (3, 2.3989145444808977),
2026-07-08 23:52:20,043 | INFO | 	                          (3, 2.3989145444808977),
[92mINFO [0m:      	                          (4, 2.0718348954579278),
2026-07-08 23:52:20,043 | INFO | 	                          (4, 2.0718348954579278),
[92mINFO [0m:      	                          (5, 2.050220112288672),
2026-07-08 23:52:20,043 | INFO | 	                          (5, 2.050220112288672),
[92mINFO [0m:      	                          (6, 2.3456106600970554),
2026-07-08 23:52:20,043 | INFO | 	                          (6, 2.3456106600970554),
[92mINFO [0m:      	                          (7, 2.559285066683949),
2026-07-08 23:52:20,043 | INFO | 	                          (7, 2.559285066683949),
[92mINFO [0m:      	                          (8, 2.3128178017723955),
2026-07-08 23:52:20,044 | INFO | 	                          (8, 2.3128178017723955),
[92mINFO [0m:      	                          (9, 2.056354839512596),
2026-07-08 23:52:20,044 | INFO | 	                          (9, 2.056354839512596),
[92mINFO [0m:      	                          (10, 2.325485968820398),
2026-07-08 23:52:20,044 | INFO | 	                          (10, 2.325485968820398),
[92mINFO [0m:      	                          (11, 2.590360361871408),
2026-07-08 23:52:20,044 | INFO | 	                          (11, 2.590360361871408),
[92mINFO [0m:      	                          (12, 2.3180152231969293),
2026-07-08 23:52:20,044 | INFO | 	                          (12, 2.3180152231969293),
[92mINFO [0m:      	                          (13, 2.0314715114022532),
2026-07-08 23:52:20,044 | INFO | 	                          (13, 2.0314715114022532),
[92mINFO [0m:      	                          (14, 1.6534049246784683),
2026-07-08 23:52:20,044 | INFO | 	                          (14, 1.6534049246784683),
[92mINFO [0m:      	                          (15, 2.051717109422992),
2026-07-08 23:52:20,044 | INFO | 	                          (15, 2.051717109422992),
[92mINFO [0m:      	                          (16, 1.6489603393232615),
2026-07-08 23:52:20,044 | INFO | 	                          (16, 1.6489603393232615),
[92mINFO [0m:      	                          (17, 2.3229595412167945),
2026-07-08 23:52:20,044 | INFO | 	                          (17, 2.3229595412167945),
[92mINFO [0m:      	                          (18, 2.3119066771999153),
2026-07-08 23:52:20,044 | INFO | 	                          (18, 2.3119066771999153),
[92mINFO [0m:      	                          (19, 2.3284526588253267),
2026-07-08 23:52:20,044 | INFO | 	                          (19, 2.3284526588253267),
[92mINFO [0m:      	                          (20, 2.579396676004615),
2026-07-08 23:52:20,044 | INFO | 	                          (20, 2.579396676004615),
[92mINFO [0m:      	                          (21, 2.314906919876585),
2026-07-08 23:52:20,044 | INFO | 	                          (21, 2.314906919876585),
[92mINFO [0m:      	                          (22, 1.6508967709398208),
2026-07-08 23:52:20,044 | INFO | 	                          (22, 1.6508967709398208),
[92mINFO [0m:      	                          (23, 2.0540264505374113),
2026-07-08 23:52:20,044 | INFO | 	                          (23, 2.0540264505374113),
[92mINFO [0m:      	                          (24, 2.878200634316101),
2026-07-08 23:52:20,044 | INFO | 	                          (24, 2.878200634316101),
[92mINFO [0m:      	                          (25, 2.326989486778144),
2026-07-08 23:52:20,044 | INFO | 	                          (25, 2.326989486778144),
[92mINFO [0m:      	                          (26, 2.03530147701984),
2026-07-08 23:52:20,044 | INFO | 	                          (26, 2.03530147701984),
[92mINFO [0m:      	                          (27, 2.326985945051835),
2026-07-08 23:52:20,044 | INFO | 	                          (27, 2.326985945051835),
[92mINFO [0m:      	                          (28, 2.2874863019503953),
2026-07-08 23:52:20,044 | INFO | 	                          (28, 2.2874863019503953),
[92mINFO [0m:      	                          (29, 2.305967718866293),
2026-07-08 23:52:20,044 | INFO | 	                          (29, 2.305967718866293),
[92mINFO [0m:      	                          (30, 2.0520883451535172),
2026-07-08 23:52:20,044 | INFO | 	                          (30, 2.0520883451535172),
[92mINFO [0m:      	                          (31, 2.3418456470254507),
2026-07-08 23:52:20,044 | INFO | 	                          (31, 2.3418456470254507),
[92mINFO [0m:      	                          (32, 2.957564514731977),
2026-07-08 23:52:20,044 | INFO | 	                          (32, 2.957564514731977),
[92mINFO [0m:      	                          (33, 2.7639602266295795),
2026-07-08 23:52:20,044 | INFO | 	                          (33, 2.7639602266295795),
[92mINFO [0m:      	                          (34, 3.111233941580198),
2026-07-08 23:52:20,044 | INFO | 	                          (34, 3.111233941580198),
[92mINFO [0m:      	                          (35, 2.308761879080173),
2026-07-08 23:52:20,044 | INFO | 	                          (35, 2.308761879080173),
[92mINFO [0m:      	                          (36, 2.04041508403991),
2026-07-08 23:52:20,044 | INFO | 	                          (36, 2.04041508403991),
[92mINFO [0m:      	                          (37, 2.924758847954217),
2026-07-08 23:52:20,044 | INFO | 	                          (37, 2.924758847954217),
[92mINFO [0m:      	                          (38, 2.9039538610214732),
2026-07-08 23:52:20,044 | INFO | 	                          (38, 2.9039538610214732),
[92mINFO [0m:      	                          (39, 2.7536054259939102),
2026-07-08 23:52:20,044 | INFO | 	                          (39, 2.7536054259939102),
[92mINFO [0m:      	                          (40, 2.3279987870418353),
2026-07-08 23:52:20,044 | INFO | 	                          (40, 2.3279987870418353),
[92mINFO [0m:      	                          (41, 2.3166712595300347),
2026-07-08 23:52:20,044 | INFO | 	                          (41, 2.3166712595300347),
[92mINFO [0m:      	                          (42, 2.3061332111906627),
2026-07-08 23:52:20,044 | INFO | 	                          (42, 2.3061332111906627),
[92mINFO [0m:      	                          (43, 3.02588426452164),
2026-07-08 23:52:20,044 | INFO | 	                          (43, 3.02588426452164),
[92mINFO [0m:      	                          (44, 2.3258400060670357),
2026-07-08 23:52:20,044 | INFO | 	                          (44, 2.3258400060670357),
[92mINFO [0m:      	                          (45, 1.6445344835654798),
2026-07-08 23:52:20,044 | INFO | 	                          (45, 1.6445344835654798),
[92mINFO [0m:      	                          (46, 2.3478256958940023),
2026-07-08 23:52:20,044 | INFO | 	                          (46, 2.3478256958940023),
[92mINFO [0m:      	                          (47, 2.5626832637390216),
2026-07-08 23:52:20,044 | INFO | 	                          (47, 2.5626832637390216),
[92mINFO [0m:      	                          (48, 2.769065662156487),
2026-07-08 23:52:20,044 | INFO | 	                          (48, 2.769065662156487),
[92mINFO [0m:      	                          (49, 2.60444347800868),
2026-07-08 23:52:20,044 | INFO | 	                          (49, 2.60444347800868),
[92mINFO [0m:      	                          (50, 2.3105158261194583),
2026-07-08 23:52:20,045 | INFO | 	                          (50, 2.3105158261194583),
[92mINFO [0m:      	                          (51, 2.3102217414484953),
2026-07-08 23:52:20,045 | INFO | 	                          (51, 2.3102217414484953),
[92mINFO [0m:      	                          (52, 2.3309298460723906),
2026-07-08 23:52:20,045 | INFO | 	                          (52, 2.3309298460723906),
[92mINFO [0m:      	                          (53, 2.3223292438625656),
2026-07-08 23:52:20,045 | INFO | 	                          (53, 2.3223292438625656),
[92mINFO [0m:      	                          (54, 2.573804484943035),
2026-07-08 23:52:20,045 | INFO | 	                          (54, 2.573804484943035),
[92mINFO [0m:      	                          (55, 2.7802228449782804),
2026-07-08 23:52:20,045 | INFO | 	                          (55, 2.7802228449782804),
[92mINFO [0m:      	                          (56, 2.3188035007028422),
2026-07-08 23:52:20,045 | INFO | 	                          (56, 2.3188035007028422),
[92mINFO [0m:      	                          (57, 2.3398236931681686),
2026-07-08 23:52:20,045 | INFO | 	                          (57, 2.3398236931681686),
[92mINFO [0m:      	                          (58, 2.57534519939682),
2026-07-08 23:52:20,045 | INFO | 	                          (58, 2.57534519939682),
[92mINFO [0m:      	                          (59, 2.9372618370619366),
2026-07-08 23:52:20,045 | INFO | 	                          (59, 2.9372618370619366),
[92mINFO [0m:      	                          (60, 2.3179078199259813)],
2026-07-08 23:52:20,045 | INFO | 	                          (60, 2.3179078199259813)],
[92mINFO [0m:      	 'client_update_l2_std': [(1, 0.37820634910959106),
2026-07-08 23:52:20,045 | INFO | 	 'client_update_l2_std': [(1, 0.37820634910959106),
[92mINFO [0m:      	                          (2, 0.3788675173507348),
2026-07-08 23:52:20,045 | INFO | 	                          (2, 0.3788675173507348),
[92mINFO [0m:      	                          (3, 0.3035832783423225),
2026-07-08 23:52:20,045 | INFO | 	                          (3, 0.3035832783423225),
[92mINFO [0m:      	                          (4, 0.4158055250425843),
2026-07-08 23:52:20,045 | INFO | 	                          (4, 0.4158055250425843),
[92mINFO [0m:      	                          (5, 0.2355717498064615),
2026-07-08 23:52:20,045 | INFO | 	                          (5, 0.2355717498064615),
[92mINFO [0m:      	                          (6, 0.3694906466487349),
2026-07-08 23:52:20,045 | INFO | 	                          (6, 0.3694906466487349),
[92mINFO [0m:      	                          (7, 0.4193624933027336),
2026-07-08 23:52:20,045 | INFO | 	                          (7, 0.4193624933027336),
[92mINFO [0m:      	                          (8, 0.4068371101994291),
2026-07-08 23:52:20,045 | INFO | 	                          (8, 0.4068371101994291),
[92mINFO [0m:      	                          (9, 0.23835378439647936),
2026-07-08 23:52:20,045 | INFO | 	                          (9, 0.23835378439647936),
[92mINFO [0m:      	                          (10, 0.3205023250727676),
2026-07-08 23:52:20,045 | INFO | 	                          (10, 0.3205023250727676),
[92mINFO [0m:      	                          (11, 0.5082394273066367),
2026-07-08 23:52:20,045 | INFO | 	                          (11, 0.5082394273066367),
[92mINFO [0m:      	                          (12, 0.274759689390379),
2026-07-08 23:52:20,045 | INFO | 	                          (12, 0.274759689390379),
[92mINFO [0m:      	                          (13, 0.21928493437547575),
2026-07-08 23:52:20,045 | INFO | 	                          (13, 0.21928493437547575),
[92mINFO [0m:      	                          (14, 0.1655062275095149),
2026-07-08 23:52:20,045 | INFO | 	                          (14, 0.1655062275095149),
[92mINFO [0m:      	                          (15, 0.23521247101912376),
2026-07-08 23:52:20,045 | INFO | 	                          (15, 0.23521247101912376),
[92mINFO [0m:      	                          (16, 0.4029618590409058),
2026-07-08 23:52:20,045 | INFO | 	                          (16, 0.4029618590409058),
[92mINFO [0m:      	                          (17, 0.2787585989155982),
2026-07-08 23:52:20,045 | INFO | 	                          (17, 0.2787585989155982),
[92mINFO [0m:      	                          (18, 0.27194032278867186),
2026-07-08 23:52:20,045 | INFO | 	                          (18, 0.27194032278867186),
[92mINFO [0m:      	                          (19, 0.3971292929130906),
2026-07-08 23:52:20,045 | INFO | 	                          (19, 0.3971292929130906),
[92mINFO [0m:      	                          (20, 0.40238789718672957),
2026-07-08 23:52:20,045 | INFO | 	                          (20, 0.40238789718672957),
[92mINFO [0m:      	                          (21, 0.4719022955222463),
2026-07-08 23:52:20,045 | INFO | 	                          (21, 0.4719022955222463),
[92mINFO [0m:      	                          (22, 0.16719535965882779),
2026-07-08 23:52:20,045 | INFO | 	                          (22, 0.16719535965882779),
[92mINFO [0m:      	                          (23, 0.23218681931189375),
2026-07-08 23:52:20,045 | INFO | 	                          (23, 0.23218681931189375),
[92mINFO [0m:      	                          (24, 0.5597402924680352),
2026-07-08 23:52:20,045 | INFO | 	                          (24, 0.5597402924680352),
[92mINFO [0m:      	                          (25, 0.34709253780184474),
2026-07-08 23:52:20,045 | INFO | 	                          (25, 0.34709253780184474),
[92mINFO [0m:      	                          (26, 0.22677049674287236),
2026-07-08 23:52:20,045 | INFO | 	                          (26, 0.22677049674287236),
[92mINFO [0m:      	                          (27, 0.39955346854266305),
2026-07-08 23:52:20,045 | INFO | 	                          (27, 0.39955346854266305),
[92mINFO [0m:      	                          (28, 0.38528171063096633),
2026-07-08 23:52:20,045 | INFO | 	                          (28, 0.38528171063096633),
[92mINFO [0m:      	                          (29, 0.45553180116832354),
2026-07-08 23:52:20,045 | INFO | 	                          (29, 0.45553180116832354),
[92mINFO [0m:      	                          (30, 0.3728127110975089),
2026-07-08 23:52:20,045 | INFO | 	                          (30, 0.3728127110975089),
[92mINFO [0m:      	                          (31, 0.41278470104672943),
2026-07-08 23:52:20,045 | INFO | 	                          (31, 0.41278470104672943),
[92mINFO [0m:      	                          (32, 0.5430560349805756),
2026-07-08 23:52:20,046 | INFO | 	                          (32, 0.5430560349805756),
[92mINFO [0m:      	                          (33, 0.5251717113113583),
2026-07-08 23:52:20,046 | INFO | 	                          (33, 0.5251717113113583),
[92mINFO [0m:      	                          (34, 0.6543226547687154),
2026-07-08 23:52:20,046 | INFO | 	                          (34, 0.6543226547687154),
[92mINFO [0m:      	                          (35, 0.3922913604476998),
2026-07-08 23:52:20,046 | INFO | 	                          (35, 0.3922913604476998),
[92mINFO [0m:      	                          (36, 0.22740565223133566),
2026-07-08 23:52:20,046 | INFO | 	                          (36, 0.22740565223133566),
[92mINFO [0m:      	                          (37, 0.5686000907054892),
2026-07-08 23:52:20,046 | INFO | 	                          (37, 0.5686000907054892),
[92mINFO [0m:      	                          (38, 0.5248950653064287),
2026-07-08 23:52:20,046 | INFO | 	                          (38, 0.5248950653064287),
[92mINFO [0m:      	                          (39, 0.5407820433426926),
2026-07-08 23:52:20,046 | INFO | 	                          (39, 0.5407820433426926),
[92mINFO [0m:      	                          (40, 0.426714323523898),
2026-07-08 23:52:20,046 | INFO | 	                          (40, 0.426714323523898),
[92mINFO [0m:      	                          (41, 0.35640673933660993),
2026-07-08 23:52:20,046 | INFO | 	                          (41, 0.35640673933660993),
[92mINFO [0m:      	                          (42, 0.4347547608958394),
2026-07-08 23:52:20,046 | INFO | 	                          (42, 0.4347547608958394),
[92mINFO [0m:      	                          (43, 0.5934735981729262),
2026-07-08 23:52:20,046 | INFO | 	                          (43, 0.5934735981729262),
[92mINFO [0m:      	                          (44, 0.3988334361812907),
2026-07-08 23:52:20,046 | INFO | 	                          (44, 0.3988334361812907),
[92mINFO [0m:      	                          (45, 0.395191927032105),
2026-07-08 23:52:20,046 | INFO | 	                          (45, 0.395191927032105),
[92mINFO [0m:      	                          (46, 0.4860226086680244),
2026-07-08 23:52:20,046 | INFO | 	                          (46, 0.4860226086680244),
[92mINFO [0m:      	                          (47, 0.46078244780664707),
2026-07-08 23:52:20,046 | INFO | 	                          (47, 0.46078244780664707),
[92mINFO [0m:      	                          (48, 0.5271539252460334),
2026-07-08 23:52:20,046 | INFO | 	                          (48, 0.5271539252460334),
[92mINFO [0m:      	                          (49, 0.4752813329143523),
2026-07-08 23:52:20,046 | INFO | 	                          (49, 0.4752813329143523),
[92mINFO [0m:      	                          (50, 0.34440861818614443),
2026-07-08 23:52:20,046 | INFO | 	                          (50, 0.34440861818614443),
[92mINFO [0m:      	                          (51, 0.3390194739506913),
2026-07-08 23:52:20,046 | INFO | 	                          (51, 0.3390194739506913),
[92mINFO [0m:      	                          (52, 0.48645815969864725),
2026-07-08 23:52:20,046 | INFO | 	                          (52, 0.48645815969864725),
[92mINFO [0m:      	                          (53, 0.32209131720882483),
2026-07-08 23:52:20,046 | INFO | 	                          (53, 0.32209131720882483),
[92mINFO [0m:      	                          (54, 0.4905706645018887),
2026-07-08 23:52:20,046 | INFO | 	                          (54, 0.4905706645018887),
[92mINFO [0m:      	                          (55, 0.5304908076822646),
2026-07-08 23:52:20,046 | INFO | 	                          (55, 0.5304908076822646),
[92mINFO [0m:      	                          (56, 0.34482863743730335),
2026-07-08 23:52:20,046 | INFO | 	                          (56, 0.34482863743730335),
[92mINFO [0m:      	                          (57, 0.4478156236778755),
2026-07-08 23:52:20,046 | INFO | 	                          (57, 0.4478156236778755),
[92mINFO [0m:      	                          (58, 0.41096926230428094),
2026-07-08 23:52:20,046 | INFO | 	                          (58, 0.41096926230428094),
[92mINFO [0m:      	                          (59, 0.5773698223373114),
2026-07-08 23:52:20,046 | INFO | 	                          (59, 0.5773698223373114),
[92mINFO [0m:      	                          (60, 0.3010076722636063)],
2026-07-08 23:52:20,046 | INFO | 	                          (60, 0.3010076722636063)],
[92mINFO [0m:      	 'fit_time_sec': [(1, 6.987068340182304),
2026-07-08 23:52:20,046 | INFO | 	 'fit_time_sec': [(1, 6.987068340182304),
[92mINFO [0m:      	                  (2, 3.6599066220223904),
2026-07-08 23:52:20,046 | INFO | 	                  (2, 3.6599066220223904),
[92mINFO [0m:      	                  (3, 3.5225383564829826),
2026-07-08 23:52:20,046 | INFO | 	                  (3, 3.5225383564829826),
[92mINFO [0m:      	                  (4, 4.205623112618923),
2026-07-08 23:52:20,046 | INFO | 	                  (4, 4.205623112618923),
[92mINFO [0m:      	                  (5, 3.838962860405445),
2026-07-08 23:52:20,046 | INFO | 	                  (5, 3.838962860405445),
[92mINFO [0m:      	                  (6, 3.9009267129004),
2026-07-08 23:52:20,046 | INFO | 	                  (6, 3.9009267129004),
[92mINFO [0m:      	                  (7, 3.963540069758892),
2026-07-08 23:52:20,046 | INFO | 	                  (7, 3.963540069758892),
[92mINFO [0m:      	                  (8, 3.7088358364999294),
2026-07-08 23:52:20,046 | INFO | 	                  (8, 3.7088358364999294),
[92mINFO [0m:      	                  (9, 3.5466185100376606),
2026-07-08 23:52:20,046 | INFO | 	                  (9, 3.5466185100376606),
[92mINFO [0m:      	                  (10, 3.918437894433737),
2026-07-08 23:52:20,046 | INFO | 	                  (10, 3.918437894433737),
[92mINFO [0m:      	                  (11, 4.805759139358997),
2026-07-08 23:52:20,046 | INFO | 	                  (11, 4.805759139358997),
[92mINFO [0m:      	                  (12, 3.6723572723567486),
2026-07-08 23:52:20,046 | INFO | 	                  (12, 3.6723572723567486),
[92mINFO [0m:      	                  (13, 3.474843144416809),
2026-07-08 23:52:20,046 | INFO | 	                  (13, 3.474843144416809),
[92mINFO [0m:      	                  (14, 3.291739698499441),
2026-07-08 23:52:20,046 | INFO | 	                  (14, 3.291739698499441),
[92mINFO [0m:      	                  (15, 3.472676370292902),
2026-07-08 23:52:20,047 | INFO | 	                  (15, 3.472676370292902),
[92mINFO [0m:      	                  (16, 3.7287059910595417),
2026-07-08 23:52:20,047 | INFO | 	                  (16, 3.7287059910595417),
[92mINFO [0m:      	                  (17, 3.6606079526245594),
2026-07-08 23:52:20,047 | INFO | 	                  (17, 3.6606079526245594),
[92mINFO [0m:      	                  (18, 3.6430738270282745),
2026-07-08 23:52:20,047 | INFO | 	                  (18, 3.6430738270282745),
[92mINFO [0m:      	                  (19, 4.031468223780394),
2026-07-08 23:52:20,047 | INFO | 	                  (19, 4.031468223780394),
[92mINFO [0m:      	                  (20, 3.9933346919715405),
2026-07-08 23:52:20,047 | INFO | 	                  (20, 3.9933346919715405),
[92mINFO [0m:      	                  (21, 4.3388556987047195),
2026-07-08 23:52:20,047 | INFO | 	                  (21, 4.3388556987047195),
[92mINFO [0m:      	                  (22, 3.434234544634819),
2026-07-08 23:52:20,047 | INFO | 	                  (22, 3.434234544634819),
[92mINFO [0m:      	                  (23, 3.6717464439570904),
2026-07-08 23:52:20,047 | INFO | 	                  (23, 3.6717464439570904),
[92mINFO [0m:      	                  (24, 4.657377563416958),
2026-07-08 23:52:20,047 | INFO | 	                  (24, 4.657377563416958),
[92mINFO [0m:      	                  (25, 4.009742733091116),
2026-07-08 23:52:20,047 | INFO | 	                  (25, 4.009742733091116),
[92mINFO [0m:      	                  (26, 3.7712809666991234),
2026-07-08 23:52:20,047 | INFO | 	                  (26, 3.7712809666991234),
[92mINFO [0m:      	                  (27, 4.607601340860128),
2026-07-08 23:52:20,047 | INFO | 	                  (27, 4.607601340860128),
[92mINFO [0m:      	                  (28, 4.306232191622257),
2026-07-08 23:52:20,047 | INFO | 	                  (28, 4.306232191622257),
[92mINFO [0m:      	                  (29, 4.34335320815444),
2026-07-08 23:52:20,047 | INFO | 	                  (29, 4.34335320815444),
[92mINFO [0m:      	                  (30, 3.9685587026178837),
2026-07-08 23:52:20,047 | INFO | 	                  (30, 3.9685587026178837),
[92mINFO [0m:      	                  (31, 4.0862956792116165),
2026-07-08 23:52:20,047 | INFO | 	                  (31, 4.0862956792116165),
[92mINFO [0m:      	                  (32, 4.663924764841795),
2026-07-08 23:52:20,047 | INFO | 	                  (32, 4.663924764841795),
[92mINFO [0m:      	                  (33, 4.916900835931301),
2026-07-08 23:52:20,047 | INFO | 	                  (33, 4.916900835931301),
[92mINFO [0m:      	                  (34, 5.753755915910006),
2026-07-08 23:52:20,047 | INFO | 	                  (34, 5.753755915910006),
[92mINFO [0m:      	                  (35, 4.042043760418892),
2026-07-08 23:52:20,047 | INFO | 	                  (35, 4.042043760418892),
[92mINFO [0m:      	                  (36, 3.4666037671267986),
2026-07-08 23:52:20,047 | INFO | 	                  (36, 3.4666037671267986),
[92mINFO [0m:      	                  (37, 5.625374522060156),
2026-07-08 23:52:20,047 | INFO | 	                  (37, 5.625374522060156),
[92mINFO [0m:      	                  (38, 4.587813895195723),
2026-07-08 23:52:20,047 | INFO | 	                  (38, 4.587813895195723),
[92mINFO [0m:      	                  (39, 4.987251669168472),
2026-07-08 23:52:20,047 | INFO | 	                  (39, 4.987251669168472),
[92mINFO [0m:      	                  (40, 4.435042578727007),
2026-07-08 23:52:20,047 | INFO | 	                  (40, 4.435042578727007),
[92mINFO [0m:      	                  (41, 4.590031325817108),
2026-07-08 23:52:20,047 | INFO | 	                  (41, 4.590031325817108),
[92mINFO [0m:      	                  (42, 4.020059049129486),
2026-07-08 23:52:20,047 | INFO | 	                  (42, 4.020059049129486),
[92mINFO [0m:      	                  (43, 5.2822786793112755),
2026-07-08 23:52:20,047 | INFO | 	                  (43, 5.2822786793112755),
[92mINFO [0m:      	                  (44, 4.366456963121891),
2026-07-08 23:52:20,047 | INFO | 	                  (44, 4.366456963121891),
[92mINFO [0m:      	                  (45, 4.008589863777161),
2026-07-08 23:52:20,047 | INFO | 	                  (45, 4.008589863777161),
[92mINFO [0m:      	                  (46, 4.383312840014696),
2026-07-08 23:52:20,047 | INFO | 	                  (46, 4.383312840014696),
[92mINFO [0m:      	                  (47, 4.490348886698484),
2026-07-08 23:52:20,047 | INFO | 	                  (47, 4.490348886698484),
[92mINFO [0m:      	                  (48, 5.037325140088797),
2026-07-08 23:52:20,047 | INFO | 	                  (48, 5.037325140088797),
[92mINFO [0m:      	                  (49, 4.564120069146156),
2026-07-08 23:52:20,047 | INFO | 	                  (49, 4.564120069146156),
[92mINFO [0m:      	                  (50, 4.171629626303911),
2026-07-08 23:52:20,047 | INFO | 	                  (50, 4.171629626303911),
[92mINFO [0m:      	                  (51, 4.264886423945427),
2026-07-08 23:52:20,047 | INFO | 	                  (51, 4.264886423945427),
[92mINFO [0m:      	                  (52, 4.466867480427027),
2026-07-08 23:52:20,047 | INFO | 	                  (52, 4.466867480427027),
[92mINFO [0m:      	                  (53, 4.051930367946625),
2026-07-08 23:52:20,047 | INFO | 	                  (53, 4.051930367946625),
[92mINFO [0m:      	                  (54, 4.5541049391031265),
2026-07-08 23:52:20,047 | INFO | 	                  (54, 4.5541049391031265),
[92mINFO [0m:      	                  (55, 4.613471560180187),
2026-07-08 23:52:20,047 | INFO | 	                  (55, 4.613471560180187),
[92mINFO [0m:      	                  (56, 3.709780693054199),
2026-07-08 23:52:20,047 | INFO | 	                  (56, 3.709780693054199),
[92mINFO [0m:      	                  (57, 4.0230978317558765),
2026-07-08 23:52:20,048 | INFO | 	                  (57, 4.0230978317558765),
[92mINFO [0m:      	                  (58, 3.8601371571421623),
2026-07-08 23:52:20,048 | INFO | 	                  (58, 3.8601371571421623),
[92mINFO [0m:      	                  (59, 4.770086746662855),
2026-07-08 23:52:20,048 | INFO | 	                  (59, 4.770086746662855),
[92mINFO [0m:      	                  (60, 3.7010708302259445)],
2026-07-08 23:52:20,048 | INFO | 	                  (60, 3.7010708302259445)],
[92mINFO [0m:      	 'local_accuracy_max': [(5, 1.0),
2026-07-08 23:52:20,048 | INFO | 	 'local_accuracy_max': [(5, 1.0),
[92mINFO [0m:      	                        (10, 1.0),
2026-07-08 23:52:20,048 | INFO | 	                        (10, 1.0),
[92mINFO [0m:      	                        (15, 1.0),
2026-07-08 23:52:20,048 | INFO | 	                        (15, 1.0),
[92mINFO [0m:      	                        (20, 1.0),
2026-07-08 23:52:20,048 | INFO | 	                        (20, 1.0),
[92mINFO [0m:      	                        (25, 1.0),
2026-07-08 23:52:20,048 | INFO | 	                        (25, 1.0),
[92mINFO [0m:      	                        (30, 1.0),
2026-07-08 23:52:20,048 | INFO | 	                        (30, 1.0),
[92mINFO [0m:      	                        (35, 1.0),
2026-07-08 23:52:20,048 | INFO | 	                        (35, 1.0),
[92mINFO [0m:      	                        (40, 1.0),
2026-07-08 23:52:20,048 | INFO | 	                        (40, 1.0),
[92mINFO [0m:      	                        (45, 1.0),
2026-07-08 23:52:20,048 | INFO | 	                        (45, 1.0),
[92mINFO [0m:      	                        (50, 1.0),
2026-07-08 23:52:20,048 | INFO | 	                        (50, 1.0),
[92mINFO [0m:      	                        (55, 1.0),
2026-07-08 23:52:20,048 | INFO | 	                        (55, 1.0),
[92mINFO [0m:      	                        (60, 1.0)],
2026-07-08 23:52:20,048 | INFO | 	                        (60, 1.0)],
[92mINFO [0m:      	 'local_accuracy_mean': [(5, 0.6445038724876532),
2026-07-08 23:52:20,048 | INFO | 	 'local_accuracy_mean': [(5, 0.6445038724876532),
[92mINFO [0m:      	                         (10, 0.7625556824178313),
2026-07-08 23:52:20,048 | INFO | 	                         (10, 0.7625556824178313),
[92mINFO [0m:      	                         (15, 0.8344715644715645),
2026-07-08 23:52:20,048 | INFO | 	                         (15, 0.8344715644715645),
[92mINFO [0m:      	                         (20, 0.6019588876835539),
2026-07-08 23:52:20,048 | INFO | 	                         (20, 0.6019588876835539),
[92mINFO [0m:      	                         (25, 0.8638312537136066),
2026-07-08 23:52:20,048 | INFO | 	                         (25, 0.8638312537136066),
[92mINFO [0m:      	                         (30, 0.8627796934248546),
2026-07-08 23:52:20,048 | INFO | 	                         (30, 0.8627796934248546),
[92mINFO [0m:      	                         (35, 0.9246556473829202),
2026-07-08 23:52:20,048 | INFO | 	                         (35, 0.9246556473829202),
[92mINFO [0m:      	                         (40, 0.8846745900551808),
2026-07-08 23:52:20,048 | INFO | 	                         (40, 0.8846745900551808),
[92mINFO [0m:      	                         (45, 0.8142931451148036),
2026-07-08 23:52:20,048 | INFO | 	                         (45, 0.8142931451148036),
[92mINFO [0m:      	                         (50, 0.8542742225095167),
2026-07-08 23:52:20,048 | INFO | 	                         (50, 0.8542742225095167),
[92mINFO [0m:      	                         (55, 0.8304839297921395),
2026-07-08 23:52:20,048 | INFO | 	                         (55, 0.8304839297921395),
[92mINFO [0m:      	                         (60, 0.9189048902529839)],
2026-07-08 23:52:20,048 | INFO | 	                         (60, 0.9189048902529839)],
[92mINFO [0m:      	 'local_accuracy_min': [(5, 0.0),
2026-07-08 23:52:20,048 | INFO | 	 'local_accuracy_min': [(5, 0.0),
[92mINFO [0m:      	                        (10, 0.5),
2026-07-08 23:52:20,048 | INFO | 	                        (10, 0.5),
[92mINFO [0m:      	                        (15, 0.15384615384615385),
2026-07-08 23:52:20,048 | INFO | 	                        (15, 0.15384615384615385),
[92mINFO [0m:      	                        (20, 0.0),
2026-07-08 23:52:20,048 | INFO | 	                        (20, 0.0),
[92mINFO [0m:      	                        (25, 0.6),
2026-07-08 23:52:20,048 | INFO | 	                        (25, 0.6),
[92mINFO [0m:      	                        (30, 0.3333333333333333),
2026-07-08 23:52:20,048 | INFO | 	                        (30, 0.3333333333333333),
[92mINFO [0m:      	                        (35, 0.4722222222222222),
2026-07-08 23:52:20,048 | INFO | 	                        (35, 0.4722222222222222),
[92mINFO [0m:      	                        (40, 0.42857142857142855),
2026-07-08 23:52:20,048 | INFO | 	                        (40, 0.42857142857142855),
[92mINFO [0m:      	                        (45, 0.45454545454545453),
2026-07-08 23:52:20,048 | INFO | 	                        (45, 0.45454545454545453),
[92mINFO [0m:      	                        (50, 0.5714285714285714),
2026-07-08 23:52:20,048 | INFO | 	                        (50, 0.5714285714285714),
[92mINFO [0m:      	                        (55, 0.5),
2026-07-08 23:52:20,048 | INFO | 	                        (55, 0.5),
[92mINFO [0m:      	                        (60, 0.68)],
2026-07-08 23:52:20,048 | INFO | 	                        (60, 0.68)],
[92mINFO [0m:      	 'local_accuracy_p10': [(5, 0.036842105263157926),
2026-07-08 23:52:20,048 | INFO | 	 'local_accuracy_p10': [(5, 0.036842105263157926),
[92mINFO [0m:      	                        (10, 0.5333333333333333),
2026-07-08 23:52:20,048 | INFO | 	                        (10, 0.5333333333333333),
[92mINFO [0m:      	                        (15, 0.72),
2026-07-08 23:52:20,048 | INFO | 	                        (15, 0.72),
[92mINFO [0m:      	                        (20, 0.07500000000000002),
2026-07-08 23:52:20,049 | INFO | 	                        (20, 0.07500000000000002),
[92mINFO [0m:      	                        (25, 0.6599999999999999),
2026-07-08 23:52:20,049 | INFO | 	                        (25, 0.6599999999999999),
[92mINFO [0m:      	                        (30, 0.6787878787878787),
2026-07-08 23:52:20,049 | INFO | 	                        (30, 0.6787878787878787),
[92mINFO [0m:      	                        (35, 0.8),
2026-07-08 23:52:20,049 | INFO | 	                        (35, 0.8),
[92mINFO [0m:      	                        (40, 0.6733333333333333),
2026-07-08 23:52:20,049 | INFO | 	                        (40, 0.6733333333333333),
[92mINFO [0m:      	                        (45, 0.5214285714285715),
2026-07-08 23:52:20,049 | INFO | 	                        (45, 0.5214285714285715),
[92mINFO [0m:      	                        (50, 0.656),
2026-07-08 23:52:20,049 | INFO | 	                        (50, 0.656),
[92mINFO [0m:      	                        (55, 0.544),
2026-07-08 23:52:20,049 | INFO | 	                        (55, 0.544),
[92mINFO [0m:      	                        (60, 0.8019607843137254)],
2026-07-08 23:52:20,049 | INFO | 	                        (60, 0.8019607843137254)],
[92mINFO [0m:      	 'local_accuracy_p25': [(5, 0.39210526315789473),
2026-07-08 23:52:20,049 | INFO | 	 'local_accuracy_p25': [(5, 0.39210526315789473),
[92mINFO [0m:      	                        (10, 0.7058823529411765),
2026-07-08 23:52:20,049 | INFO | 	                        (10, 0.7058823529411765),
[92mINFO [0m:      	                        (15, 0.7916666666666667),
2026-07-08 23:52:20,049 | INFO | 	                        (15, 0.7916666666666667),
[92mINFO [0m:      	                        (20, 0.2982456140350877),
2026-07-08 23:52:20,049 | INFO | 	                        (20, 0.2982456140350877),
[92mINFO [0m:      	                        (25, 0.8191919191919192),
2026-07-08 23:52:20,049 | INFO | 	                        (25, 0.8191919191919192),
[92mINFO [0m:      	                        (30, 0.8571428571428571),
2026-07-08 23:52:20,049 | INFO | 	                        (30, 0.8571428571428571),
[92mINFO [0m:      	                        (35, 0.9494949494949495),
2026-07-08 23:52:20,049 | INFO | 	                        (35, 0.9494949494949495),
[92mINFO [0m:      	                        (40, 0.8395833333333333),
2026-07-08 23:52:20,049 | INFO | 	                        (40, 0.8395833333333333),
[92mINFO [0m:      	                        (45, 0.731203007518797),
2026-07-08 23:52:20,049 | INFO | 	                        (45, 0.731203007518797),
[92mINFO [0m:      	                        (50, 0.7222222222222222),
2026-07-08 23:52:20,049 | INFO | 	                        (50, 0.7222222222222222),
[92mINFO [0m:      	                        (55, 0.7857142857142857),
2026-07-08 23:52:20,049 | INFO | 	                        (55, 0.7857142857142857),
[92mINFO [0m:      	                        (60, 0.8571428571428571)],
2026-07-08 23:52:20,049 | INFO | 	                        (60, 0.8571428571428571)],
[92mINFO [0m:      	 'local_accuracy_p50': [(5, 0.7864372469635628),
2026-07-08 23:52:20,049 | INFO | 	 'local_accuracy_p50': [(5, 0.7864372469635628),
[92mINFO [0m:      	                        (10, 0.7441860465116279),
2026-07-08 23:52:20,049 | INFO | 	                        (10, 0.7441860465116279),
[92mINFO [0m:      	                        (15, 0.8648648648648649),
2026-07-08 23:52:20,049 | INFO | 	                        (15, 0.8648648648648649),
[92mINFO [0m:      	                        (20, 0.7380952380952381),
2026-07-08 23:52:20,049 | INFO | 	                        (20, 0.7380952380952381),
[92mINFO [0m:      	                        (25, 0.8856209150326797),
2026-07-08 23:52:20,049 | INFO | 	                        (25, 0.8856209150326797),
[92mINFO [0m:      	                        (30, 0.9166666666666666),
2026-07-08 23:52:20,049 | INFO | 	                        (30, 0.9166666666666666),
[92mINFO [0m:      	                        (35, 1.0),
2026-07-08 23:52:20,049 | INFO | 	                        (35, 1.0),
[92mINFO [0m:      	                        (40, 0.9780009564801531),
2026-07-08 23:52:20,049 | INFO | 	                        (40, 0.9780009564801531),
[92mINFO [0m:      	                        (45, 0.875779376498801),
2026-07-08 23:52:20,049 | INFO | 	                        (45, 0.875779376498801),
[92mINFO [0m:      	                        (50, 0.8888888888888888),
2026-07-08 23:52:20,049 | INFO | 	                        (50, 0.8888888888888888),
[92mINFO [0m:      	                        (55, 0.8529411764705882),
2026-07-08 23:52:20,049 | INFO | 	                        (55, 0.8529411764705882),
[92mINFO [0m:      	                        (60, 0.967741935483871)],
2026-07-08 23:52:20,049 | INFO | 	                        (60, 0.967741935483871)],
[92mINFO [0m:      	 'local_accuracy_p75': [(5, 0.9285714285714286),
2026-07-08 23:52:20,049 | INFO | 	 'local_accuracy_p75': [(5, 0.9285714285714286),
[92mINFO [0m:      	                        (10, 0.8571428571428571),
2026-07-08 23:52:20,049 | INFO | 	                        (10, 0.8571428571428571),
[92mINFO [0m:      	                        (15, 1.0),
2026-07-08 23:52:20,049 | INFO | 	                        (15, 1.0),
[92mINFO [0m:      	                        (20, 0.9083333333333333),
2026-07-08 23:52:20,049 | INFO | 	                        (20, 0.9083333333333333),
[92mINFO [0m:      	                        (25, 0.99),
2026-07-08 23:52:20,049 | INFO | 	                        (25, 0.99),
[92mINFO [0m:      	                        (30, 1.0),
2026-07-08 23:52:20,049 | INFO | 	                        (30, 1.0),
[92mINFO [0m:      	                        (35, 1.0),
2026-07-08 23:52:20,049 | INFO | 	                        (35, 1.0),
[92mINFO [0m:      	                        (40, 1.0),
2026-07-08 23:52:20,049 | INFO | 	                        (40, 1.0),
[92mINFO [0m:      	                        (45, 0.9732142857142857),
2026-07-08 23:52:20,049 | INFO | 	                        (45, 0.9732142857142857),
[92mINFO [0m:      	                        (50, 1.0),
2026-07-08 23:52:20,050 | INFO | 	                        (50, 1.0),
[92mINFO [0m:      	                        (55, 0.9482758620689655),
2026-07-08 23:52:20,050 | INFO | 	                        (55, 0.9482758620689655),
[92mINFO [0m:      	                        (60, 1.0)],
2026-07-08 23:52:20,050 | INFO | 	                        (60, 1.0)],
[92mINFO [0m:      	 'local_accuracy_p90': [(5, 1.0),
2026-07-08 23:52:20,050 | INFO | 	 'local_accuracy_p90': [(5, 1.0),
[92mINFO [0m:      	                        (10, 0.9764705882352942),
2026-07-08 23:52:20,050 | INFO | 	                        (10, 0.9764705882352942),
[92mINFO [0m:      	                        (15, 1.0),
2026-07-08 23:52:20,050 | INFO | 	                        (15, 1.0),
[92mINFO [0m:      	                        (20, 0.9940298507462686),
2026-07-08 23:52:20,050 | INFO | 	                        (20, 0.9940298507462686),
[92mINFO [0m:      	                        (25, 1.0),
2026-07-08 23:52:20,050 | INFO | 	                        (25, 1.0),
[92mINFO [0m:      	                        (30, 1.0),
2026-07-08 23:52:20,050 | INFO | 	                        (30, 1.0),
[92mINFO [0m:      	                        (35, 1.0),
2026-07-08 23:52:20,050 | INFO | 	                        (35, 1.0),
[92mINFO [0m:      	                        (40, 1.0),
2026-07-08 23:52:20,050 | INFO | 	                        (40, 1.0),
[92mINFO [0m:      	                        (45, 1.0),
2026-07-08 23:52:20,050 | INFO | 	                        (45, 1.0),
[92mINFO [0m:      	                        (50, 1.0),
2026-07-08 23:52:20,050 | INFO | 	                        (50, 1.0),
[92mINFO [0m:      	                        (55, 1.0),
2026-07-08 23:52:20,050 | INFO | 	                        (55, 1.0),
[92mINFO [0m:      	                        (60, 1.0)],
2026-07-08 23:52:20,050 | INFO | 	                        (60, 1.0)],
[92mINFO [0m:      	 'local_accuracy_std': [(5, 0.3549847746327646),
2026-07-08 23:52:20,050 | INFO | 	 'local_accuracy_std': [(5, 0.3549847746327646),
[92mINFO [0m:      	                        (10, 0.15064392511449828),
2026-07-08 23:52:20,050 | INFO | 	                        (10, 0.15064392511449828),
[92mINFO [0m:      	                        (15, 0.23777901973712254),
2026-07-08 23:52:20,050 | INFO | 	                        (15, 0.23777901973712254),
[92mINFO [0m:      	                        (20, 0.35615578817523763),
2026-07-08 23:52:20,050 | INFO | 	                        (20, 0.35615578817523763),
[92mINFO [0m:      	                        (25, 0.13346952290035224),
2026-07-08 23:52:20,050 | INFO | 	                        (25, 0.13346952290035224),
[92mINFO [0m:      	                        (30, 0.1841129164051901),
2026-07-08 23:52:20,050 | INFO | 	                        (30, 0.1841129164051901),
[92mINFO [0m:      	                        (35, 0.15559502709918716),
2026-07-08 23:52:20,050 | INFO | 	                        (35, 0.15559502709918716),
[92mINFO [0m:      	                        (40, 0.1750352685885025),
2026-07-08 23:52:20,050 | INFO | 	                        (40, 0.1750352685885025),
[92mINFO [0m:      	                        (45, 0.18013052677976407),
2026-07-08 23:52:20,050 | INFO | 	                        (45, 0.18013052677976407),
[92mINFO [0m:      	                        (50, 0.14527901750472075),
2026-07-08 23:52:20,050 | INFO | 	                        (50, 0.14527901750472075),
[92mINFO [0m:      	                        (55, 0.16398406490900952),
2026-07-08 23:52:20,050 | INFO | 	                        (55, 0.16398406490900952),
[92mINFO [0m:      	                        (60, 0.09690390691573693)],
2026-07-08 23:52:20,050 | INFO | 	                        (60, 0.09690390691573693)],
[92mINFO [0m:      	 'local_accuracy_weighted': [(5, 0.6965990321768214),
2026-07-08 23:52:20,050 | INFO | 	 'local_accuracy_weighted': [(5, 0.6965990321768214),
[92mINFO [0m:      	                             (10, 0.7909225782361455),
2026-07-08 23:52:20,050 | INFO | 	                             (10, 0.7909225782361455),
[92mINFO [0m:      	                             (15, 0.8466310551071874),
2026-07-08 23:52:20,050 | INFO | 	                             (15, 0.8466310551071874),
[92mINFO [0m:      	                             (20, 0.743863813661021),
2026-07-08 23:52:20,050 | INFO | 	                             (20, 0.743863813661021),
[92mINFO [0m:      	                             (25, 0.9071979969993214),
2026-07-08 23:52:20,050 | INFO | 	                             (25, 0.9071979969993214),
[92mINFO [0m:      	                             (30, 0.8908535550471034),
2026-07-08 23:52:20,050 | INFO | 	                             (30, 0.8908535550471034),
[92mINFO [0m:      	                             (35, 0.8517904880820888),
2026-07-08 23:52:20,050 | INFO | 	                             (35, 0.8517904880820888),
[92mINFO [0m:      	                             (40, 0.896244501513625),
2026-07-08 23:52:20,050 | INFO | 	                             (40, 0.896244501513625),
[92mINFO [0m:      	                             (45, 0.8605941205753942),
2026-07-08 23:52:20,050 | INFO | 	                             (45, 0.8605941205753942),
[92mINFO [0m:      	                             (50, 0.8395856667300279),
2026-07-08 23:52:20,050 | INFO | 	                             (50, 0.8395856667300279),
[92mINFO [0m:      	                             (55, 0.8759468031332697),
2026-07-08 23:52:20,050 | INFO | 	                             (55, 0.8759468031332697),
[92mINFO [0m:      	                             (60, 0.9024178645341956)],
2026-07-08 23:52:20,050 | INFO | 	                             (60, 0.9024178645341956)],
[92mINFO [0m:      	 'local_eval_count': [(1, 0),
2026-07-08 23:52:20,050 | INFO | 	 'local_eval_count': [(1, 0),
[92mINFO [0m:      	                      (2, 0),
2026-07-08 23:52:20,050 | INFO | 	                      (2, 0),
[92mINFO [0m:      	                      (3, 0),
2026-07-08 23:52:20,050 | INFO | 	                      (3, 0),
[92mINFO [0m:      	                      (4, 0),
2026-07-08 23:52:20,051 | INFO | 	                      (4, 0),
[92mINFO [0m:      	                      (5, 12),
2026-07-08 23:52:20,051 | INFO | 	                      (5, 12),
[92mINFO [0m:      	                      (6, 0),
2026-07-08 23:52:20,051 | INFO | 	                      (6, 0),
[92mINFO [0m:      	                      (7, 0),
2026-07-08 23:52:20,051 | INFO | 	                      (7, 0),
[92mINFO [0m:      	                      (8, 0),
2026-07-08 23:52:20,051 | INFO | 	                      (8, 0),
[92mINFO [0m:      	                      (9, 0),
2026-07-08 23:52:20,051 | INFO | 	                      (9, 0),
[92mINFO [0m:      	                      (10, 13),
2026-07-08 23:52:20,051 | INFO | 	                      (10, 13),
[92mINFO [0m:      	                      (11, 0),
2026-07-08 23:52:20,051 | INFO | 	                      (11, 0),
[92mINFO [0m:      	                      (12, 0),
2026-07-08 23:52:20,051 | INFO | 	                      (12, 0),
[92mINFO [0m:      	                      (13, 0),
2026-07-08 23:52:20,051 | INFO | 	                      (13, 0),
[92mINFO [0m:      	                      (14, 0),
2026-07-08 23:52:20,051 | INFO | 	                      (14, 0),
[92mINFO [0m:      	                      (15, 11),
2026-07-08 23:52:20,051 | INFO | 	                      (15, 11),
[92mINFO [0m:      	                      (16, 0),
2026-07-08 23:52:20,051 | INFO | 	                      (16, 0),
[92mINFO [0m:      	                      (17, 0),
2026-07-08 23:52:20,051 | INFO | 	                      (17, 0),
[92mINFO [0m:      	                      (18, 0),
2026-07-08 23:52:20,051 | INFO | 	                      (18, 0),
[92mINFO [0m:      	                      (19, 0),
2026-07-08 23:52:20,051 | INFO | 	                      (19, 0),
[92mINFO [0m:      	                      (20, 15),
2026-07-08 23:52:20,051 | INFO | 	                      (20, 15),
[92mINFO [0m:      	                      (21, 0),
2026-07-08 23:52:20,051 | INFO | 	                      (21, 0),
[92mINFO [0m:      	                      (22, 0),
2026-07-08 23:52:20,051 | INFO | 	                      (22, 0),
[92mINFO [0m:      	                      (23, 0),
2026-07-08 23:52:20,051 | INFO | 	                      (23, 0),
[92mINFO [0m:      	                      (24, 0),
2026-07-08 23:52:20,051 | INFO | 	                      (24, 0),
[92mINFO [0m:      	                      (25, 10),
2026-07-08 23:52:20,051 | INFO | 	                      (25, 10),
[92mINFO [0m:      	                      (26, 0),
2026-07-08 23:52:20,051 | INFO | 	                      (26, 0),
[92mINFO [0m:      	                      (27, 0),
2026-07-08 23:52:20,051 | INFO | 	                      (27, 0),
[92mINFO [0m:      	                      (28, 0),
2026-07-08 23:52:20,051 | INFO | 	                      (28, 0),
[92mINFO [0m:      	                      (29, 0),
2026-07-08 23:52:20,051 | INFO | 	                      (29, 0),
[92mINFO [0m:      	                      (30, 13),
2026-07-08 23:52:20,051 | INFO | 	                      (30, 13),
[92mINFO [0m:      	                      (31, 0),
2026-07-08 23:52:20,051 | INFO | 	                      (31, 0),
[92mINFO [0m:      	                      (32, 0),
2026-07-08 23:52:20,051 | INFO | 	                      (32, 0),
[92mINFO [0m:      	                      (33, 0),
2026-07-08 23:52:20,051 | INFO | 	                      (33, 0),
[92mINFO [0m:      	                      (34, 0),
2026-07-08 23:52:20,051 | INFO | 	                      (34, 0),
[92mINFO [0m:      	                      (35, 11),
2026-07-08 23:52:20,051 | INFO | 	                      (35, 11),
[92mINFO [0m:      	                      (36, 0),
2026-07-08 23:52:20,051 | INFO | 	                      (36, 0),
[92mINFO [0m:      	                      (37, 0),
2026-07-08 23:52:20,051 | INFO | 	                      (37, 0),
[92mINFO [0m:      	                      (38, 0),
2026-07-08 23:52:20,051 | INFO | 	                      (38, 0),
[92mINFO [0m:      	                      (39, 0),
2026-07-08 23:52:20,051 | INFO | 	                      (39, 0),
[92mINFO [0m:      	                      (40, 12),
2026-07-08 23:52:20,051 | INFO | 	                      (40, 12),
[92mINFO [0m:      	                      (41, 0),
2026-07-08 23:52:20,051 | INFO | 	                      (41, 0),
[92mINFO [0m:      	                      (42, 0),
2026-07-08 23:52:20,051 | INFO | 	                      (42, 0),
[92mINFO [0m:      	                      (43, 0),
2026-07-08 23:52:20,051 | INFO | 	                      (43, 0),
[92mINFO [0m:      	                      (44, 0),
2026-07-08 23:52:20,051 | INFO | 	                      (44, 0),
[92mINFO [0m:      	                      (45, 12),
2026-07-08 23:52:20,052 | INFO | 	                      (45, 12),
[92mINFO [0m:      	                      (46, 0),
2026-07-08 23:52:20,052 | INFO | 	                      (46, 0),
[92mINFO [0m:      	                      (47, 0),
2026-07-08 23:52:20,052 | INFO | 	                      (47, 0),
[92mINFO [0m:      	                      (48, 0),
2026-07-08 23:52:20,052 | INFO | 	                      (48, 0),
[92mINFO [0m:      	                      (49, 0),
2026-07-08 23:52:20,052 | INFO | 	                      (49, 0),
[92mINFO [0m:      	                      (50, 13),
2026-07-08 23:52:20,052 | INFO | 	                      (50, 13),
[92mINFO [0m:      	                      (51, 0),
2026-07-08 23:52:20,052 | INFO | 	                      (51, 0),
[92mINFO [0m:      	                      (52, 0),
2026-07-08 23:52:20,052 | INFO | 	                      (52, 0),
[92mINFO [0m:      	                      (53, 0),
2026-07-08 23:52:20,052 | INFO | 	                      (53, 0),
[92mINFO [0m:      	                      (54, 0),
2026-07-08 23:52:20,052 | INFO | 	                      (54, 0),
[92mINFO [0m:      	                      (55, 13),
2026-07-08 23:52:20,052 | INFO | 	                      (55, 13),
[92mINFO [0m:      	                      (56, 0),
2026-07-08 23:52:20,052 | INFO | 	                      (56, 0),
[92mINFO [0m:      	                      (57, 0),
2026-07-08 23:52:20,052 | INFO | 	                      (57, 0),
[92mINFO [0m:      	                      (58, 0),
2026-07-08 23:52:20,052 | INFO | 	                      (58, 0),
[92mINFO [0m:      	                      (59, 0),
2026-07-08 23:52:20,052 | INFO | 	                      (59, 0),
[92mINFO [0m:      	                      (60, 13)],
2026-07-08 23:52:20,052 | INFO | 	                      (60, 13)],
[92mINFO [0m:      	 'local_loss_max': [(5, 2.0960687001546225),
2026-07-08 23:52:20,052 | INFO | 	 'local_loss_max': [(5, 2.0960687001546225),
[92mINFO [0m:      	                    (10, 2.0449647903442383),
2026-07-08 23:52:20,052 | INFO | 	                    (10, 2.0449647903442383),
[92mINFO [0m:      	                    (15, 2.1627330780029297),
2026-07-08 23:52:20,052 | INFO | 	                    (15, 2.1627330780029297),
[92mINFO [0m:      	                    (20, 2.386209487915039),
2026-07-08 23:52:20,052 | INFO | 	                    (20, 2.386209487915039),
[92mINFO [0m:      	                    (25, 2.04158878326416),
2026-07-08 23:52:20,052 | INFO | 	                    (25, 2.04158878326416),
[92mINFO [0m:      	                    (30, 2.0542322794596353),
2026-07-08 23:52:20,052 | INFO | 	                    (30, 2.0542322794596353),
[92mINFO [0m:      	                    (35, 1.628119945526123),
2026-07-08 23:52:20,052 | INFO | 	                    (35, 1.628119945526123),
[92mINFO [0m:      	                    (40, 1.982109546661377),
2026-07-08 23:52:20,052 | INFO | 	                    (40, 1.982109546661377),
[92mINFO [0m:      	                    (45, 1.805499792098999),
2026-07-08 23:52:20,052 | INFO | 	                    (45, 1.805499792098999),
[92mINFO [0m:      	                    (50, 1.6227470125470842),
2026-07-08 23:52:20,052 | INFO | 	                    (50, 1.6227470125470842),
[92mINFO [0m:      	                    (55, 1.2219703674316407),
2026-07-08 23:52:20,052 | INFO | 	                    (55, 1.2219703674316407),
[92mINFO [0m:      	                    (60, 1.1507384436471122)],
2026-07-08 23:52:20,052 | INFO | 	                    (60, 1.1507384436471122)],
[92mINFO [0m:      	 'local_loss_mean': [(5, 1.6029505487840296),
2026-07-08 23:52:20,052 | INFO | 	 'local_loss_mean': [(5, 1.6029505487840296),
[92mINFO [0m:      	                     (10, 1.6041818788275928),
2026-07-08 23:52:20,052 | INFO | 	                     (10, 1.6041818788275928),
[92mINFO [0m:      	                     (15, 1.5235087425535985),
2026-07-08 23:52:20,052 | INFO | 	                     (15, 1.5235087425535985),
[92mINFO [0m:      	                     (20, 1.5811066450602373),
2026-07-08 23:52:20,052 | INFO | 	                     (20, 1.5811066450602373),
[92mINFO [0m:      	                     (25, 1.2410756371435145),
2026-07-08 23:52:20,052 | INFO | 	                     (25, 1.2410756371435145),
[92mINFO [0m:      	                     (30, 1.0573713108671994),
2026-07-08 23:52:20,052 | INFO | 	                     (30, 1.0573713108671994),
[92mINFO [0m:      	                     (35, 0.8559693592756296),
2026-07-08 23:52:20,052 | INFO | 	                     (35, 0.8559693592756296),
[92mINFO [0m:      	                     (40, 0.9040228094589975),
2026-07-08 23:52:20,052 | INFO | 	                     (40, 0.9040228094589975),
[92mINFO [0m:      	                     (45, 0.8588926875601368),
2026-07-08 23:52:20,052 | INFO | 	                     (45, 0.8588926875601368),
[92mINFO [0m:      	                     (50, 0.8021209075932855),
2026-07-08 23:52:20,052 | INFO | 	                     (50, 0.8021209075932855),
[92mINFO [0m:      	                     (55, 0.7147363120169257),
2026-07-08 23:52:20,052 | INFO | 	                     (55, 0.7147363120169257),
[92mINFO [0m:      	                     (60, 0.4421161569068709)],
2026-07-08 23:52:20,052 | INFO | 	                     (60, 0.4421161569068709)],
[92mINFO [0m:      	 'local_loss_min': [(5, 0.9680716331968916),
2026-07-08 23:52:20,052 | INFO | 	 'local_loss_min': [(5, 0.9680716331968916),
[92mINFO [0m:      	                    (10, 0.8651712351831896),
2026-07-08 23:52:20,052 | INFO | 	                    (10, 0.8651712351831896),
[92mINFO [0m:      	                    (15, 0.6202302660260882),
2026-07-08 23:52:20,052 | INFO | 	                    (15, 0.6202302660260882),
[92mINFO [0m:      	                    (20, 0.23473362424480382),
2026-07-08 23:52:20,053 | INFO | 	                    (20, 0.23473362424480382),
[92mINFO [0m:      	                    (25, 0.058789700728196365),
2026-07-08 23:52:20,053 | INFO | 	                    (25, 0.058789700728196365),
[92mINFO [0m:      	                    (30, 0.22525961058480398),
2026-07-08 23:52:20,053 | INFO | 	                    (30, 0.22525961058480398),
[92mINFO [0m:      	                    (35, 0.41479153633117677),
2026-07-08 23:52:20,053 | INFO | 	                    (35, 0.41479153633117677),
[92mINFO [0m:      	                    (40, 0.06004969278971354),
2026-07-08 23:52:20,053 | INFO | 	                    (40, 0.06004969278971354),
[92mINFO [0m:      	                    (45, 0.12068315347035725),
2026-07-08 23:52:20,053 | INFO | 	                    (45, 0.12068315347035725),
[92mINFO [0m:      	                    (50, 0.23598571121692657),
2026-07-08 23:52:20,053 | INFO | 	                    (50, 0.23598571121692657),
[92mINFO [0m:      	                    (55, 0.07892229727336339),
2026-07-08 23:52:20,053 | INFO | 	                    (55, 0.07892229727336339),
[92mINFO [0m:      	                    (60, 0.031026864424347878)],
2026-07-08 23:52:20,053 | INFO | 	                    (60, 0.031026864424347878)],
[92mINFO [0m:      	 'local_loss_p50': [(5, 1.6690779710427308),
2026-07-08 23:52:20,053 | INFO | 	 'local_loss_p50': [(5, 1.6690779710427308),
[92mINFO [0m:      	                    (10, 1.7279115676879884),
2026-07-08 23:52:20,053 | INFO | 	                    (10, 1.7279115676879884),
[92mINFO [0m:      	                    (15, 1.5107038343274914),
2026-07-08 23:52:20,053 | INFO | 	                    (15, 1.5107038343274914),
[92mINFO [0m:      	                    (20, 1.8090678850809734),
2026-07-08 23:52:20,053 | INFO | 	                    (20, 1.8090678850809734),
[92mINFO [0m:      	                    (25, 1.3683918114864464),
2026-07-08 23:52:20,053 | INFO | 	                    (25, 1.3683918114864464),
[92mINFO [0m:      	                    (30, 0.9011072431291852),
2026-07-08 23:52:20,053 | INFO | 	                    (30, 0.9011072431291852),
[92mINFO [0m:      	                    (35, 0.804875237601144),
2026-07-08 23:52:20,053 | INFO | 	                    (35, 0.804875237601144),
[92mINFO [0m:      	                    (40, 0.7342328372208968),
2026-07-08 23:52:20,053 | INFO | 	                    (40, 0.7342328372208968),
[92mINFO [0m:      	                    (45, 0.8330648717426118),
2026-07-08 23:52:20,053 | INFO | 	                    (45, 0.8330648717426118),
[92mINFO [0m:      	                    (50, 0.6890671253204346),
2026-07-08 23:52:20,053 | INFO | 	                    (50, 0.6890671253204346),
[92mINFO [0m:      	                    (55, 0.7092606804587624),
2026-07-08 23:52:20,053 | INFO | 	                    (55, 0.7092606804587624),
[92mINFO [0m:      	                    (60, 0.3972595288203313)],
2026-07-08 23:52:20,053 | INFO | 	                    (60, 0.3972595288203313)],
[92mINFO [0m:      	 'local_loss_std': [(5, 0.36689590106866565),
2026-07-08 23:52:20,053 | INFO | 	 'local_loss_std': [(5, 0.36689590106866565),
[92mINFO [0m:      	                    (10, 0.3773271581660121),
2026-07-08 23:52:20,053 | INFO | 	                    (10, 0.3773271581660121),
[92mINFO [0m:      	                    (15, 0.47375703166422345),
2026-07-08 23:52:20,053 | INFO | 	                    (15, 0.47375703166422345),
[92mINFO [0m:      	                    (20, 0.5663630998985424),
2026-07-08 23:52:20,053 | INFO | 	                    (20, 0.5663630998985424),
[92mINFO [0m:      	                    (25, 0.5326421957729244),
2026-07-08 23:52:20,053 | INFO | 	                    (25, 0.5326421957729244),
[92mINFO [0m:      	                    (30, 0.5159495680033213),
2026-07-08 23:52:20,053 | INFO | 	                    (30, 0.5159495680033213),
[92mINFO [0m:      	                    (35, 0.4343068140138332),
2026-07-08 23:52:20,053 | INFO | 	                    (35, 0.4343068140138332),
[92mINFO [0m:      	                    (40, 0.5928014473318182),
2026-07-08 23:52:20,053 | INFO | 	                    (40, 0.5928014473318182),
[92mINFO [0m:      	                    (45, 0.5327743311139567),
2026-07-08 23:52:20,053 | INFO | 	                    (45, 0.5327743311139567),
[92mINFO [0m:      	                    (50, 0.41301722618727965),
2026-07-08 23:52:20,053 | INFO | 	                    (50, 0.41301722618727965),
[92mINFO [0m:      	                    (55, 0.37287630285762285),
2026-07-08 23:52:20,053 | INFO | 	                    (55, 0.37287630285762285),
[92mINFO [0m:      	                    (60, 0.3478651567154074)],
2026-07-08 23:52:20,053 | INFO | 	                    (60, 0.3478651567154074)],
[92mINFO [0m:      	 'local_loss_weighted': [(5, 1.3996956461440726),
2026-07-08 23:52:20,053 | INFO | 	 'local_loss_weighted': [(5, 1.3996956461440726),
[92mINFO [0m:      	                         (10, 1.4141625260436002),
2026-07-08 23:52:20,053 | INFO | 	                         (10, 1.4141625260436002),
[92mINFO [0m:      	                         (15, 1.3129916671059985),
2026-07-08 23:52:20,053 | INFO | 	                         (15, 1.3129916671059985),
[92mINFO [0m:      	                         (20, 1.115738991567687),
2026-07-08 23:52:20,053 | INFO | 	                         (20, 1.115738991567687),
[92mINFO [0m:      	                         (25, 0.9263253369308473),
2026-07-08 23:52:20,053 | INFO | 	                         (25, 0.9263253369308473),
[92mINFO [0m:      	                         (30, 0.8778441318381738),
2026-07-08 23:52:20,053 | INFO | 	                         (30, 0.8778441318381738),
[92mINFO [0m:      	                         (35, 0.7552449043206642),
2026-07-08 23:52:20,053 | INFO | 	                         (35, 0.7552449043206642),
[92mINFO [0m:      	                         (40, 0.5847302922547849),
2026-07-08 23:52:20,053 | INFO | 	                         (40, 0.5847302922547849),
[92mINFO [0m:      	                         (45, 0.6090925545234617),
2026-07-08 23:52:20,053 | INFO | 	                         (45, 0.6090925545234617),
[92mINFO [0m:      	                         (50, 0.739112213604332),
2026-07-08 23:52:20,054 | INFO | 	                         (50, 0.739112213604332),
[92mINFO [0m:      	                         (55, 0.5239165133971091),
2026-07-08 23:52:20,054 | INFO | 	                         (55, 0.5239165133971091),
[92mINFO [0m:      	                         (60, 0.4398032149701042)],
2026-07-08 23:52:20,054 | INFO | 	                         (60, 0.4398032149701042)],
[92mINFO [0m:      	 'local_nll_mean': [(5, 1.6029505487840296),
2026-07-08 23:52:20,054 | INFO | 	 'local_nll_mean': [(5, 1.6029505487840296),
[92mINFO [0m:      	                    (10, 1.6041818788275928),
2026-07-08 23:52:20,054 | INFO | 	                    (10, 1.6041818788275928),
[92mINFO [0m:      	                    (15, 1.5235087425535985),
2026-07-08 23:52:20,054 | INFO | 	                    (15, 1.5235087425535985),
[92mINFO [0m:      	                    (20, 1.5811066450602373),
2026-07-08 23:52:20,054 | INFO | 	                    (20, 1.5811066450602373),
[92mINFO [0m:      	                    (25, 1.2410756371435145),
2026-07-08 23:52:20,054 | INFO | 	                    (25, 1.2410756371435145),
[92mINFO [0m:      	                    (30, 1.0573713108671994),
2026-07-08 23:52:20,054 | INFO | 	                    (30, 1.0573713108671994),
[92mINFO [0m:      	                    (35, 0.8559693592756296),
2026-07-08 23:52:20,054 | INFO | 	                    (35, 0.8559693592756296),
[92mINFO [0m:      	                    (40, 0.9040228094589975),
2026-07-08 23:52:20,054 | INFO | 	                    (40, 0.9040228094589975),
[92mINFO [0m:      	                    (45, 0.8588926875601368),
2026-07-08 23:52:20,054 | INFO | 	                    (45, 0.8588926875601368),
[92mINFO [0m:      	                    (50, 0.8021209075932855),
2026-07-08 23:52:20,054 | INFO | 	                    (50, 0.8021209075932855),
[92mINFO [0m:      	                    (55, 0.7147363120169257),
2026-07-08 23:52:20,054 | INFO | 	                    (55, 0.7147363120169257),
[92mINFO [0m:      	                    (60, 0.4421161569068709)],
2026-07-08 23:52:20,054 | INFO | 	                    (60, 0.4421161569068709)],
[92mINFO [0m:      	 'local_nll_std': [(5, 0.36689590106866565),
2026-07-08 23:52:20,054 | INFO | 	 'local_nll_std': [(5, 0.36689590106866565),
[92mINFO [0m:      	                   (10, 0.3773271581660121),
2026-07-08 23:52:20,054 | INFO | 	                   (10, 0.3773271581660121),
[92mINFO [0m:      	                   (15, 0.47375703166422345),
2026-07-08 23:52:20,054 | INFO | 	                   (15, 0.47375703166422345),
[92mINFO [0m:      	                   (20, 0.5663630998985424),
2026-07-08 23:52:20,054 | INFO | 	                   (20, 0.5663630998985424),
[92mINFO [0m:      	                   (25, 0.5326421957729244),
2026-07-08 23:52:20,054 | INFO | 	                   (25, 0.5326421957729244),
[92mINFO [0m:      	                   (30, 0.5159495680033213),
2026-07-08 23:52:20,054 | INFO | 	                   (30, 0.5159495680033213),
[92mINFO [0m:      	                   (35, 0.4343068140138332),
2026-07-08 23:52:20,054 | INFO | 	                   (35, 0.4343068140138332),
[92mINFO [0m:      	                   (40, 0.5928014473318182),
2026-07-08 23:52:20,054 | INFO | 	                   (40, 0.5928014473318182),
[92mINFO [0m:      	                   (45, 0.5327743311139567),
2026-07-08 23:52:20,054 | INFO | 	                   (45, 0.5327743311139567),
[92mINFO [0m:      	                   (50, 0.41301722618727965),
2026-07-08 23:52:20,054 | INFO | 	                   (50, 0.41301722618727965),
[92mINFO [0m:      	                   (55, 0.37287630285762285),
2026-07-08 23:52:20,054 | INFO | 	                   (55, 0.37287630285762285),
[92mINFO [0m:      	                   (60, 0.3478651567154074)],
2026-07-08 23:52:20,054 | INFO | 	                   (60, 0.3478651567154074)],
[92mINFO [0m:      	 'num_fit_failures': [(1, 0),
2026-07-08 23:52:20,054 | INFO | 	 'num_fit_failures': [(1, 0),
[92mINFO [0m:      	                      (2, 0),
2026-07-08 23:52:20,054 | INFO | 	                      (2, 0),
[92mINFO [0m:      	                      (3, 0),
2026-07-08 23:52:20,054 | INFO | 	                      (3, 0),
[92mINFO [0m:      	                      (4, 0),
2026-07-08 23:52:20,054 | INFO | 	                      (4, 0),
[92mINFO [0m:      	                      (5, 0),
2026-07-08 23:52:20,054 | INFO | 	                      (5, 0),
[92mINFO [0m:      	                      (6, 0),
2026-07-08 23:52:20,054 | INFO | 	                      (6, 0),
[92mINFO [0m:      	                      (7, 0),
2026-07-08 23:52:20,054 | INFO | 	                      (7, 0),
[92mINFO [0m:      	                      (8, 0),
2026-07-08 23:52:20,054 | INFO | 	                      (8, 0),
[92mINFO [0m:      	                      (9, 0),
2026-07-08 23:52:20,054 | INFO | 	                      (9, 0),
[92mINFO [0m:      	                      (10, 0),
2026-07-08 23:52:20,054 | INFO | 	                      (10, 0),
[92mINFO [0m:      	                      (11, 0),
2026-07-08 23:52:20,054 | INFO | 	                      (11, 0),
[92mINFO [0m:      	                      (12, 0),
2026-07-08 23:52:20,054 | INFO | 	                      (12, 0),
[92mINFO [0m:      	                      (13, 0),
2026-07-08 23:52:20,054 | INFO | 	                      (13, 0),
[92mINFO [0m:      	                      (14, 0),
2026-07-08 23:52:20,054 | INFO | 	                      (14, 0),
[92mINFO [0m:      	                      (15, 0),
2026-07-08 23:52:20,055 | INFO | 	                      (15, 0),
[92mINFO [0m:      	                      (16, 0),
2026-07-08 23:52:20,055 | INFO | 	                      (16, 0),
[92mINFO [0m:      	                      (17, 0),
2026-07-08 23:52:20,055 | INFO | 	                      (17, 0),
[92mINFO [0m:      	                      (18, 0),
2026-07-08 23:52:20,055 | INFO | 	                      (18, 0),
[92mINFO [0m:      	                      (19, 0),
2026-07-08 23:52:20,055 | INFO | 	                      (19, 0),
[92mINFO [0m:      	                      (20, 0),
2026-07-08 23:52:20,055 | INFO | 	                      (20, 0),
[92mINFO [0m:      	                      (21, 0),
2026-07-08 23:52:20,055 | INFO | 	                      (21, 0),
[92mINFO [0m:      	                      (22, 0),
2026-07-08 23:52:20,055 | INFO | 	                      (22, 0),
[92mINFO [0m:      	                      (23, 0),
2026-07-08 23:52:20,055 | INFO | 	                      (23, 0),
[92mINFO [0m:      	                      (24, 0),
2026-07-08 23:52:20,055 | INFO | 	                      (24, 0),
[92mINFO [0m:      	                      (25, 0),
2026-07-08 23:52:20,055 | INFO | 	                      (25, 0),
[92mINFO [0m:      	                      (26, 0),
2026-07-08 23:52:20,055 | INFO | 	                      (26, 0),
[92mINFO [0m:      	                      (27, 0),
2026-07-08 23:52:20,055 | INFO | 	                      (27, 0),
[92mINFO [0m:      	                      (28, 0),
2026-07-08 23:52:20,055 | INFO | 	                      (28, 0),
[92mINFO [0m:      	                      (29, 0),
2026-07-08 23:52:20,055 | INFO | 	                      (29, 0),
[92mINFO [0m:      	                      (30, 0),
2026-07-08 23:52:20,055 | INFO | 	                      (30, 0),
[92mINFO [0m:      	                      (31, 0),
2026-07-08 23:52:20,055 | INFO | 	                      (31, 0),
[92mINFO [0m:      	                      (32, 0),
2026-07-08 23:52:20,055 | INFO | 	                      (32, 0),
[92mINFO [0m:      	                      (33, 0),
2026-07-08 23:52:20,055 | INFO | 	                      (33, 0),
[92mINFO [0m:      	                      (34, 0),
2026-07-08 23:52:20,055 | INFO | 	                      (34, 0),
[92mINFO [0m:      	                      (35, 0),
2026-07-08 23:52:20,055 | INFO | 	                      (35, 0),
[92mINFO [0m:      	                      (36, 0),
2026-07-08 23:52:20,055 | INFO | 	                      (36, 0),
[92mINFO [0m:      	                      (37, 0),
2026-07-08 23:52:20,055 | INFO | 	                      (37, 0),
[92mINFO [0m:      	                      (38, 0),
2026-07-08 23:52:20,055 | INFO | 	                      (38, 0),
[92mINFO [0m:      	                      (39, 0),
2026-07-08 23:52:20,055 | INFO | 	                      (39, 0),
[92mINFO [0m:      	                      (40, 0),
2026-07-08 23:52:20,055 | INFO | 	                      (40, 0),
[92mINFO [0m:      	                      (41, 0),
2026-07-08 23:52:20,055 | INFO | 	                      (41, 0),
[92mINFO [0m:      	                      (42, 0),
2026-07-08 23:52:20,055 | INFO | 	                      (42, 0),
[92mINFO [0m:      	                      (43, 0),
2026-07-08 23:52:20,055 | INFO | 	                      (43, 0),
[92mINFO [0m:      	                      (44, 0),
2026-07-08 23:52:20,055 | INFO | 	                      (44, 0),
[92mINFO [0m:      	                      (45, 0),
2026-07-08 23:52:20,055 | INFO | 	                      (45, 0),
[92mINFO [0m:      	                      (46, 0),
2026-07-08 23:52:20,055 | INFO | 	                      (46, 0),
[92mINFO [0m:      	                      (47, 0),
2026-07-08 23:52:20,055 | INFO | 	                      (47, 0),
[92mINFO [0m:      	                      (48, 0),
2026-07-08 23:52:20,055 | INFO | 	                      (48, 0),
[92mINFO [0m:      	                      (49, 0),
2026-07-08 23:52:20,055 | INFO | 	                      (49, 0),
[92mINFO [0m:      	                      (50, 0),
2026-07-08 23:52:20,055 | INFO | 	                      (50, 0),
[92mINFO [0m:      	                      (51, 0),
2026-07-08 23:52:20,055 | INFO | 	                      (51, 0),
[92mINFO [0m:      	                      (52, 0),
2026-07-08 23:52:20,055 | INFO | 	                      (52, 0),
[92mINFO [0m:      	                      (53, 0),
2026-07-08 23:52:20,055 | INFO | 	                      (53, 0),
[92mINFO [0m:      	                      (54, 0),
2026-07-08 23:52:20,055 | INFO | 	                      (54, 0),
[92mINFO [0m:      	                      (55, 0),
2026-07-08 23:52:20,055 | INFO | 	                      (55, 0),
[92mINFO [0m:      	                      (56, 0),
2026-07-08 23:52:20,055 | INFO | 	                      (56, 0),
[92mINFO [0m:      	                      (57, 0),
2026-07-08 23:52:20,055 | INFO | 	                      (57, 0),
[92mINFO [0m:      	                      (58, 0),
2026-07-08 23:52:20,056 | INFO | 	                      (58, 0),
[92mINFO [0m:      	                      (59, 0),
2026-07-08 23:52:20,056 | INFO | 	                      (59, 0),
[92mINFO [0m:      	                      (60, 0)],
2026-07-08 23:52:20,056 | INFO | 	                      (60, 0)],
[92mINFO [0m:      	 'posterior_product_mu_norm': [(1, 6.859827306341228),
2026-07-08 23:52:20,056 | INFO | 	 'posterior_product_mu_norm': [(1, 6.859827306341228),
[92mINFO [0m:      	                               (2, 7.002569247805804),
2026-07-08 23:52:20,056 | INFO | 	                               (2, 7.002569247805804),
[92mINFO [0m:      	                               (3, 7.0421673500484046),
2026-07-08 23:52:20,056 | INFO | 	                               (3, 7.0421673500484046),
[92mINFO [0m:      	                               (4, 7.216532294133202),
2026-07-08 23:52:20,056 | INFO | 	                               (4, 7.216532294133202),
[92mINFO [0m:      	                               (5, 7.276403672163825),
2026-07-08 23:52:20,056 | INFO | 	                               (5, 7.276403672163825),
[92mINFO [0m:      	                               (6, 7.3751220576825),
2026-07-08 23:52:20,056 | INFO | 	                               (6, 7.3751220576825),
[92mINFO [0m:      	                               (7, 7.5151059676867895),
2026-07-08 23:52:20,056 | INFO | 	                               (7, 7.5151059676867895),
[92mINFO [0m:      	                               (8, 7.675760005605685),
2026-07-08 23:52:20,056 | INFO | 	                               (8, 7.675760005605685),
[92mINFO [0m:      	                               (9, 7.753008097703728),
2026-07-08 23:52:20,056 | INFO | 	                               (9, 7.753008097703728),
[92mINFO [0m:      	                               (10, 7.828474995379817),
2026-07-08 23:52:20,056 | INFO | 	                               (10, 7.828474995379817),
[92mINFO [0m:      	                               (11, 8.004465169139628),
2026-07-08 23:52:20,056 | INFO | 	                               (11, 8.004465169139628),
[92mINFO [0m:      	                               (12, 8.07772752499008),
2026-07-08 23:52:20,056 | INFO | 	                               (12, 8.07772752499008),
[92mINFO [0m:      	                               (13, 8.13295152611959),
2026-07-08 23:52:20,056 | INFO | 	                               (13, 8.13295152611959),
[92mINFO [0m:      	                               (14, 8.197797568250524),
2026-07-08 23:52:20,056 | INFO | 	                               (14, 8.197797568250524),
[92mINFO [0m:      	                               (15, 8.268348070542464),
2026-07-08 23:52:20,056 | INFO | 	                               (15, 8.268348070542464),
[92mINFO [0m:      	                               (16, 8.538678190582738),
2026-07-08 23:52:20,056 | INFO | 	                               (16, 8.538678190582738),
[92mINFO [0m:      	                               (17, 8.611962537251053),
2026-07-08 23:52:20,056 | INFO | 	                               (17, 8.611962537251053),
[92mINFO [0m:      	                               (18, 8.686688034806693),
2026-07-08 23:52:20,056 | INFO | 	                               (18, 8.686688034806693),
[92mINFO [0m:      	                               (19, 8.81034804298799),
2026-07-08 23:52:20,056 | INFO | 	                               (19, 8.81034804298799),
[92mINFO [0m:      	                               (20, 8.926506485989384),
2026-07-08 23:52:20,056 | INFO | 	                               (20, 8.926506485989384),
[92mINFO [0m:      	                               (21, 9.142207447301761),
2026-07-08 23:52:20,056 | INFO | 	                               (21, 9.142207447301761),
[92mINFO [0m:      	                               (22, 9.205710449570152),
2026-07-08 23:52:20,056 | INFO | 	                               (22, 9.205710449570152),
[92mINFO [0m:      	                               (23, 9.285322504924405),
2026-07-08 23:52:20,056 | INFO | 	                               (23, 9.285322504924405),
[92mINFO [0m:      	                               (24, 9.480059730870503),
2026-07-08 23:52:20,056 | INFO | 	                               (24, 9.480059730870503),
[92mINFO [0m:      	                               (25, 9.576792158166134),
2026-07-08 23:52:20,056 | INFO | 	                               (25, 9.576792158166134),
[92mINFO [0m:      	                               (26, 9.643326978090187),
2026-07-08 23:52:20,056 | INFO | 	                               (26, 9.643326978090187),
[92mINFO [0m:      	                               (27, 9.781576789946108),
2026-07-08 23:52:20,056 | INFO | 	                               (27, 9.781576789946108),
[92mINFO [0m:      	                               (28, 9.942138389303693),
2026-07-08 23:52:20,056 | INFO | 	                               (28, 9.942138389303693),
[92mINFO [0m:      	                               (29, 10.116425208341612),
2026-07-08 23:52:20,056 | INFO | 	                               (29, 10.116425208341612),
[92mINFO [0m:      	                               (30, 10.240127563824824),
2026-07-08 23:52:20,056 | INFO | 	                               (30, 10.240127563824824),
[92mINFO [0m:      	                               (31, 10.349380211876397),
2026-07-08 23:52:20,056 | INFO | 	                               (31, 10.349380211876397),
[92mINFO [0m:      	                               (32, 10.496168646652828),
2026-07-08 23:52:20,056 | INFO | 	                               (32, 10.496168646652828),
[92mINFO [0m:      	                               (33, 10.635235906008477),
2026-07-08 23:52:20,056 | INFO | 	                               (33, 10.635235906008477),
[92mINFO [0m:      	                               (34, 10.775714851701089),
2026-07-08 23:52:20,056 | INFO | 	                               (34, 10.775714851701089),
[92mINFO [0m:      	                               (35, 10.946118711055679),
2026-07-08 23:52:20,056 | INFO | 	                               (35, 10.946118711055679),
[92mINFO [0m:      	                               (36, 11.008841223239695),
2026-07-08 23:52:20,056 | INFO | 	                               (36, 11.008841223239695),
[92mINFO [0m:      	                               (37, 11.130556863279713),
2026-07-08 23:52:20,056 | INFO | 	                               (37, 11.130556863279713),
[92mINFO [0m:      	                               (38, 11.245763613040282),
2026-07-08 23:52:20,056 | INFO | 	                               (38, 11.245763613040282),
[92mINFO [0m:      	                               (39, 11.393927374118014),
2026-07-08 23:52:20,056 | INFO | 	                               (39, 11.393927374118014),
[92mINFO [0m:      	                               (40, 11.495473541471753),
2026-07-08 23:52:20,057 | INFO | 	                               (40, 11.495473541471753),
[92mINFO [0m:      	                               (41, 11.572280195215964),
2026-07-08 23:52:20,057 | INFO | 	                               (41, 11.572280195215964),
[92mINFO [0m:      	                               (42, 11.712258466704675),
2026-07-08 23:52:20,057 | INFO | 	                               (42, 11.712258466704675),
[92mINFO [0m:      	                               (43, 11.86956065792101),
2026-07-08 23:52:20,057 | INFO | 	                               (43, 11.86956065792101),
[92mINFO [0m:      	                               (44, 12.00225000354314),
2026-07-08 23:52:20,057 | INFO | 	                               (44, 12.00225000354314),
[92mINFO [0m:      	                               (45, 12.193339685742922),
2026-07-08 23:52:20,057 | INFO | 	                               (45, 12.193339685742922),
[92mINFO [0m:      	                               (46, 12.386122371708346),
2026-07-08 23:52:20,057 | INFO | 	                               (46, 12.386122371708346),
[92mINFO [0m:      	                               (47, 12.490427273737549),
2026-07-08 23:52:20,057 | INFO | 	                               (47, 12.490427273737549),
[92mINFO [0m:      	                               (48, 12.614808357395686),
2026-07-08 23:52:20,057 | INFO | 	                               (48, 12.614808357395686),
[92mINFO [0m:      	                               (49, 12.723443633141034),
2026-07-08 23:52:20,057 | INFO | 	                               (49, 12.723443633141034),
[92mINFO [0m:      	                               (50, 12.802595231057373),
2026-07-08 23:52:20,057 | INFO | 	                               (50, 12.802595231057373),
[92mINFO [0m:      	                               (51, 12.883084665421158),
2026-07-08 23:52:20,057 | INFO | 	                               (51, 12.883084665421158),
[92mINFO [0m:      	                               (52, 13.037174281071701),
2026-07-08 23:52:20,057 | INFO | 	                               (52, 13.037174281071701),
[92mINFO [0m:      	                               (53, 13.10300533876434),
2026-07-08 23:52:20,057 | INFO | 	                               (53, 13.10300533876434),
[92mINFO [0m:      	                               (54, 13.207165477562084),
2026-07-08 23:52:20,057 | INFO | 	                               (54, 13.207165477562084),
[92mINFO [0m:      	                               (55, 13.338511463611903),
2026-07-08 23:52:20,057 | INFO | 	                               (55, 13.338511463611903),
[92mINFO [0m:      	                               (56, 13.427527591961464),
2026-07-08 23:52:20,057 | INFO | 	                               (56, 13.427527591961464),
[92mINFO [0m:      	                               (57, 13.543792535692742),
2026-07-08 23:52:20,057 | INFO | 	                               (57, 13.543792535692742),
[92mINFO [0m:      	                               (58, 13.612390271503962),
2026-07-08 23:52:20,057 | INFO | 	                               (58, 13.612390271503962),
[92mINFO [0m:      	                               (59, 13.726275143633439),
2026-07-08 23:52:20,057 | INFO | 	                               (59, 13.726275143633439),
[92mINFO [0m:      	                               (60, 13.774690777095557)],
2026-07-08 23:52:20,057 | INFO | 	                               (60, 13.774690777095557)],
[92mINFO [0m:      	 'posterior_product_precision_mean': [(1, 99.2897720336914),
2026-07-08 23:52:20,057 | INFO | 	 'posterior_product_precision_mean': [(1, 99.2897720336914),
[92mINFO [0m:      	                                      (2, 98.55518341064453),
2026-07-08 23:52:20,057 | INFO | 	                                      (2, 98.55518341064453),
[92mINFO [0m:      	                                      (3, 97.95606994628906),
2026-07-08 23:52:20,057 | INFO | 	                                      (3, 97.95606994628906),
[92mINFO [0m:      	                                      (4, 97.15487670898438),
2026-07-08 23:52:20,057 | INFO | 	                                      (4, 97.15487670898438),
[92mINFO [0m:      	                                      (5, 96.57478332519531),
2026-07-08 23:52:20,057 | INFO | 	                                      (5, 96.57478332519531),
[92mINFO [0m:      	                                      (6, 95.88970947265625),
2026-07-08 23:52:20,057 | INFO | 	                                      (6, 95.88970947265625),
[92mINFO [0m:      	                                      (7, 95.11194610595703),
2026-07-08 23:52:20,057 | INFO | 	                                      (7, 95.11194610595703),
[92mINFO [0m:      	                                      (8, 94.36844635009766),
2026-07-08 23:52:20,057 | INFO | 	                                      (8, 94.36844635009766),
[92mINFO [0m:      	                                      (9, 93.782958984375),
2026-07-08 23:52:20,057 | INFO | 	                                      (9, 93.782958984375),
[92mINFO [0m:      	                                      (10, 93.14798736572266),
2026-07-08 23:52:20,057 | INFO | 	                                      (10, 93.14798736572266),
[92mINFO [0m:      	                                      (11, 92.33594512939453),
2026-07-08 23:52:20,057 | INFO | 	                                      (11, 92.33594512939453),
[92mINFO [0m:      	                                      (12, 91.72940826416016),
2026-07-08 23:52:20,057 | INFO | 	                                      (12, 91.72940826416016),
[92mINFO [0m:      	                                      (13, 91.20130920410156),
2026-07-08 23:52:20,057 | INFO | 	                                      (13, 91.20130920410156),
[92mINFO [0m:      	                                      (14, 90.680908203125),
2026-07-08 23:52:20,057 | INFO | 	                                      (14, 90.680908203125),
[92mINFO [0m:      	                                      (15, 90.13347625732422),
2026-07-08 23:52:20,057 | INFO | 	                                      (15, 90.13347625732422),
[92mINFO [0m:      	                                      (16, 89.35404968261719),
2026-07-08 23:52:20,057 | INFO | 	                                      (16, 89.35404968261719),
[92mINFO [0m:      	                                      (17, 88.7668685913086),
2026-07-08 23:52:20,057 | INFO | 	                                      (17, 88.7668685913086),
[92mINFO [0m:      	                                      (18, 88.1700668334961),
2026-07-08 23:52:20,057 | INFO | 	                                      (18, 88.1700668334961),
[92mINFO [0m:      	                                      (19, 87.50053405761719),
2026-07-08 23:52:20,057 | INFO | 	                                      (19, 87.50053405761719),
[92mINFO [0m:      	                                      (20, 86.84864044189453),
2026-07-08 23:52:20,057 | INFO | 	                                      (20, 86.84864044189453),
[92mINFO [0m:      	                                      (21, 86.03299713134766),
2026-07-08 23:52:20,057 | INFO | 	                                      (21, 86.03299713134766),
[92mINFO [0m:      	                                      (22, 85.53965759277344),
2026-07-08 23:52:20,058 | INFO | 	                                      (22, 85.53965759277344),
[92mINFO [0m:      	                                      (23, 85.00650787353516),
2026-07-08 23:52:20,058 | INFO | 	                                      (23, 85.00650787353516),
[92mINFO [0m:      	                                      (24, 84.17533874511719),
2026-07-08 23:52:20,058 | INFO | 	                                      (24, 84.17533874511719),
[92mINFO [0m:      	                                      (25, 83.58450317382812),
2026-07-08 23:52:20,058 | INFO | 	                                      (25, 83.58450317382812),
[92mINFO [0m:      	                                      (26, 83.05902862548828),
2026-07-08 23:52:20,058 | INFO | 	                                      (26, 83.05902862548828),
[92mINFO [0m:      	                                      (27, 82.3841323852539),
2026-07-08 23:52:20,058 | INFO | 	                                      (27, 82.3841323852539),
[92mINFO [0m:      	                                      (28, 81.71796417236328),
2026-07-08 23:52:20,058 | INFO | 	                                      (28, 81.71796417236328),
[92mINFO [0m:      	                                      (29, 80.98291015625),
2026-07-08 23:52:20,058 | INFO | 	                                      (29, 80.98291015625),
[92mINFO [0m:      	                                      (30, 80.38592529296875),
2026-07-08 23:52:20,058 | INFO | 	                                      (30, 80.38592529296875),
[92mINFO [0m:      	                                      (31, 79.7813720703125),
2026-07-08 23:52:20,058 | INFO | 	                                      (31, 79.7813720703125),
[92mINFO [0m:      	                                      (32, 79.0857925415039),
2026-07-08 23:52:20,058 | INFO | 	                                      (32, 79.0857925415039),
[92mINFO [0m:      	                                      (33, 78.40977478027344),
2026-07-08 23:52:20,058 | INFO | 	                                      (33, 78.40977478027344),
[92mINFO [0m:      	                                      (34, 77.63594818115234),
2026-07-08 23:52:20,058 | INFO | 	                                      (34, 77.63594818115234),
[92mINFO [0m:      	                                      (35, 76.9908447265625),
2026-07-08 23:52:20,058 | INFO | 	                                      (35, 76.9908447265625),
[92mINFO [0m:      	                                      (36, 76.51921844482422),
2026-07-08 23:52:20,058 | INFO | 	                                      (36, 76.51921844482422),
[92mINFO [0m:      	                                      (37, 75.8416748046875),
2026-07-08 23:52:20,058 | INFO | 	                                      (37, 75.8416748046875),
[92mINFO [0m:      	                                      (38, 75.20207214355469),
2026-07-08 23:52:20,058 | INFO | 	                                      (38, 75.20207214355469),
[92mINFO [0m:      	                                      (39, 74.53783416748047),
2026-07-08 23:52:20,058 | INFO | 	                                      (39, 74.53783416748047),
[92mINFO [0m:      	                                      (40, 73.9525375366211),
2026-07-08 23:52:20,058 | INFO | 	                                      (40, 73.9525375366211),
[92mINFO [0m:      	                                      (41, 73.42521667480469),
2026-07-08 23:52:20,058 | INFO | 	                                      (41, 73.42521667480469),
[92mINFO [0m:      	                                      (42, 72.81201934814453),
2026-07-08 23:52:20,058 | INFO | 	                                      (42, 72.81201934814453),
[92mINFO [0m:      	                                      (43, 72.13807678222656),
2026-07-08 23:52:20,058 | INFO | 	                                      (43, 72.13807678222656),
[92mINFO [0m:      	                                      (44, 71.56881713867188),
2026-07-08 23:52:20,058 | INFO | 	                                      (44, 71.56881713867188),
[92mINFO [0m:      	                                      (45, 70.99088287353516),
2026-07-08 23:52:20,058 | INFO | 	                                      (45, 70.99088287353516),
[92mINFO [0m:      	                                      (46, 70.37130737304688),
2026-07-08 23:52:20,058 | INFO | 	                                      (46, 70.37130737304688),
[92mINFO [0m:      	                                      (47, 69.7828369140625),
2026-07-08 23:52:20,058 | INFO | 	                                      (47, 69.7828369140625),
[92mINFO [0m:      	                                      (48, 69.16736602783203),
2026-07-08 23:52:20,058 | INFO | 	                                      (48, 69.16736602783203),
[92mINFO [0m:      	                                      (49, 68.60665893554688),
2026-07-08 23:52:20,058 | INFO | 	                                      (49, 68.60665893554688),
[92mINFO [0m:      	                                      (50, 68.13032531738281),
2026-07-08 23:52:20,058 | INFO | 	                                      (50, 68.13032531738281),
[92mINFO [0m:      	                                      (51, 67.65888977050781),
2026-07-08 23:52:20,058 | INFO | 	                                      (51, 67.65888977050781),
[92mINFO [0m:      	                                      (52, 67.06062316894531),
2026-07-08 23:52:20,058 | INFO | 	                                      (52, 67.06062316894531),
[92mINFO [0m:      	                                      (53, 66.58252716064453),
2026-07-08 23:52:20,058 | INFO | 	                                      (53, 66.58252716064453),
[92mINFO [0m:      	                                      (54, 66.03512573242188),
2026-07-08 23:52:20,058 | INFO | 	                                      (54, 66.03512573242188),
[92mINFO [0m:      	                                      (55, 65.47884368896484),
2026-07-08 23:52:20,058 | INFO | 	                                      (55, 65.47884368896484),
[92mINFO [0m:      	                                      (56, 65.01905059814453),
2026-07-08 23:52:20,058 | INFO | 	                                      (56, 65.01905059814453),
[92mINFO [0m:      	                                      (57, 64.49451446533203),
2026-07-08 23:52:20,058 | INFO | 	                                      (57, 64.49451446533203),
[92mINFO [0m:      	                                      (58, 64.02147674560547),
2026-07-08 23:52:20,058 | INFO | 	                                      (58, 64.02147674560547),
[92mINFO [0m:      	                                      (59, 63.440345764160156),
2026-07-08 23:52:20,058 | INFO | 	                                      (59, 63.440345764160156),
[92mINFO [0m:      	                                      (60, 63.02810287475586)],
2026-07-08 23:52:20,058 | INFO | 	                                      (60, 63.02810287475586)],
[92mINFO [0m:      	 'posterior_product_precision_std': [(1, 0.6604076623916626),
2026-07-08 23:52:20,058 | INFO | 	 'posterior_product_precision_std': [(1, 0.6604076623916626),
[92mINFO [0m:      	                                     (2, 1.1312241554260254),
2026-07-08 23:52:20,058 | INFO | 	                                     (2, 1.1312241554260254),
[92mINFO [0m:      	                                     (3, 1.224669337272644),
2026-07-08 23:52:20,058 | INFO | 	                                     (3, 1.224669337272644),
[92mINFO [0m:      	                                     (4, 1.6288284063339233),
2026-07-08 23:52:20,059 | INFO | 	                                     (4, 1.6288284063339233),
[92mINFO [0m:      	                                     (5, 1.6987507343292236),
2026-07-08 23:52:20,059 | INFO | 	                                     (5, 1.6987507343292236),
[92mINFO [0m:      	                                     (6, 1.8259955644607544),
2026-07-08 23:52:20,059 | INFO | 	                                     (6, 1.8259955644607544),
[92mINFO [0m:      	                                     (7, 1.9922975301742554),
2026-07-08 23:52:20,059 | INFO | 	                                     (7, 1.9922975301742554),
[92mINFO [0m:      	                                     (8, 2.178179979324341),
2026-07-08 23:52:20,059 | INFO | 	                                     (8, 2.178179979324341),
[92mINFO [0m:      	                                     (9, 2.2317893505096436),
2026-07-08 23:52:20,059 | INFO | 	                                     (9, 2.2317893505096436),
[92mINFO [0m:      	                                     (10, 2.2734413146972656),
2026-07-08 23:52:20,059 | INFO | 	                                     (10, 2.2734413146972656),
[92mINFO [0m:      	                                     (11, 2.464885711669922),
2026-07-08 23:52:20,059 | INFO | 	                                     (11, 2.464885711669922),
[92mINFO [0m:      	                                     (12, 2.5056636333465576),
2026-07-08 23:52:20,059 | INFO | 	                                     (12, 2.5056636333465576),
[92mINFO [0m:      	                                     (13, 2.5232653617858887),
2026-07-08 23:52:20,059 | INFO | 	                                     (13, 2.5232653617858887),
[92mINFO [0m:      	                                     (14, 2.5557949542999268),
2026-07-08 23:52:20,059 | INFO | 	                                     (14, 2.5557949542999268),
[92mINFO [0m:      	                                     (15, 2.5851235389709473),
2026-07-08 23:52:20,059 | INFO | 	                                     (15, 2.5851235389709473),
[92mINFO [0m:      	                                     (16, 2.8637871742248535),
2026-07-08 23:52:20,059 | INFO | 	                                     (16, 2.8637871742248535),
[92mINFO [0m:      	                                     (17, 2.8927626609802246),
2026-07-08 23:52:20,059 | INFO | 	                                     (17, 2.8927626609802246),
[92mINFO [0m:      	                                     (18, 2.9230995178222656),
2026-07-08 23:52:20,059 | INFO | 	                                     (18, 2.9230995178222656),
[92mINFO [0m:      	                                     (19, 2.9946653842926025),
2026-07-08 23:52:20,059 | INFO | 	                                     (19, 2.9946653842926025),
[92mINFO [0m:      	                                     (20, 3.0478954315185547),
2026-07-08 23:52:20,059 | INFO | 	                                     (20, 3.0478954315185547),
[92mINFO [0m:      	                                     (21, 3.2272837162017822),
2026-07-08 23:52:20,059 | INFO | 	                                     (21, 3.2272837162017822),
[92mINFO [0m:      	                                     (22, 3.2442808151245117),
2026-07-08 23:52:20,059 | INFO | 	                                     (22, 3.2442808151245117),
[92mINFO [0m:      	                                     (23, 3.267651081085205),
2026-07-08 23:52:20,059 | INFO | 	                                     (23, 3.267651081085205),
[92mINFO [0m:      	                                     (24, 3.3905091285705566),
2026-07-08 23:52:20,059 | INFO | 	                                     (24, 3.3905091285705566),
[92mINFO [0m:      	                                     (25, 3.4163949489593506),
2026-07-08 23:52:20,059 | INFO | 	                                     (25, 3.4163949489593506),
[92mINFO [0m:      	                                     (26, 3.431251287460327),
2026-07-08 23:52:20,059 | INFO | 	                                     (26, 3.431251287460327),
[92mINFO [0m:      	                                     (27, 3.482921600341797),
2026-07-08 23:52:20,059 | INFO | 	                                     (27, 3.482921600341797),
[92mINFO [0m:      	                                     (28, 3.562464952468872),
2026-07-08 23:52:20,059 | INFO | 	                                     (28, 3.562464952468872),
[92mINFO [0m:      	                                     (29, 3.6620001792907715),
2026-07-08 23:52:20,059 | INFO | 	                                     (29, 3.6620001792907715),
[92mINFO [0m:      	                                     (30, 3.708095073699951),
2026-07-08 23:52:20,059 | INFO | 	                                     (30, 3.708095073699951),
[92mINFO [0m:      	                                     (31, 3.7309632301330566),
2026-07-08 23:52:20,059 | INFO | 	                                     (31, 3.7309632301330566),
[92mINFO [0m:      	                                     (32, 3.7679977416992188),
2026-07-08 23:52:20,059 | INFO | 	                                     (32, 3.7679977416992188),
[92mINFO [0m:      	                                     (33, 3.814444065093994),
2026-07-08 23:52:20,059 | INFO | 	                                     (33, 3.814444065093994),
[92mINFO [0m:      	                                     (34, 3.855642080307007),
2026-07-08 23:52:20,059 | INFO | 	                                     (34, 3.855642080307007),
[92mINFO [0m:      	                                     (35, 3.921137571334839),
2026-07-08 23:52:20,059 | INFO | 	                                     (35, 3.921137571334839),
[92mINFO [0m:      	                                     (36, 3.923344850540161),
2026-07-08 23:52:20,059 | INFO | 	                                     (36, 3.923344850540161),
[92mINFO [0m:      	                                     (37, 3.94305419921875),
2026-07-08 23:52:20,059 | INFO | 	                                     (37, 3.94305419921875),
[92mINFO [0m:      	                                     (38, 3.9645748138427734),
2026-07-08 23:52:20,059 | INFO | 	                                     (38, 3.9645748138427734),
[92mINFO [0m:      	                                     (39, 4.006242275238037),
2026-07-08 23:52:20,059 | INFO | 	                                     (39, 4.006242275238037),
[92mINFO [0m:      	                                     (40, 4.020117282867432),
2026-07-08 23:52:20,059 | INFO | 	                                     (40, 4.020117282867432),
[92mINFO [0m:      	                                     (41, 4.023487091064453),
2026-07-08 23:52:20,059 | INFO | 	                                     (41, 4.023487091064453),
[92mINFO [0m:      	                                     (42, 4.069418430328369),
2026-07-08 23:52:20,059 | INFO | 	                                     (42, 4.069418430328369),
[92mINFO [0m:      	                                     (43, 4.105658054351807),
2026-07-08 23:52:20,059 | INFO | 	                                     (43, 4.105658054351807),
[92mINFO [0m:      	                                     (44, 4.131500244140625),
2026-07-08 23:52:20,059 | INFO | 	                                     (44, 4.131500244140625),
[92mINFO [0m:      	                                     (45, 4.198713302612305),
2026-07-08 23:52:20,059 | INFO | 	                                     (45, 4.198713302612305),
[92mINFO [0m:      	                                     (46, 4.258368015289307),
2026-07-08 23:52:20,060 | INFO | 	                                     (46, 4.258368015289307),
[92mINFO [0m:      	                                     (47, 4.266830921173096),
2026-07-08 23:52:20,060 | INFO | 	                                     (47, 4.266830921173096),
[92mINFO [0m:      	                                     (48, 4.277521133422852),
2026-07-08 23:52:20,060 | INFO | 	                                     (48, 4.277521133422852),
[92mINFO [0m:      	                                     (49, 4.2789201736450195),
2026-07-08 23:52:20,060 | INFO | 	                                     (49, 4.2789201736450195),
[92mINFO [0m:      	                                     (50, 4.277852535247803),
2026-07-08 23:52:20,060 | INFO | 	                                     (50, 4.277852535247803),
[92mINFO [0m:      	                                     (51, 4.276114463806152),
2026-07-08 23:52:20,060 | INFO | 	                                     (51, 4.276114463806152),
[92mINFO [0m:      	                                     (52, 4.325685501098633),
2026-07-08 23:52:20,060 | INFO | 	                                     (52, 4.325685501098633),
[92mINFO [0m:      	                                     (53, 4.317492485046387),
2026-07-08 23:52:20,060 | INFO | 	                                     (53, 4.317492485046387),
[92mINFO [0m:      	                                     (54, 4.325355052947998),
2026-07-08 23:52:20,060 | INFO | 	                                     (54, 4.325355052947998),
[92mINFO [0m:      	                                     (55, 4.345043659210205),
2026-07-08 23:52:20,060 | INFO | 	                                     (55, 4.345043659210205),
[92mINFO [0m:      	                                     (56, 4.344846725463867),
2026-07-08 23:52:20,060 | INFO | 	                                     (56, 4.344846725463867),
[92mINFO [0m:      	                                     (57, 4.360108375549316),
2026-07-08 23:52:20,060 | INFO | 	                                     (57, 4.360108375549316),
[92mINFO [0m:      	                                     (58, 4.35257625579834),
2026-07-08 23:52:20,060 | INFO | 	                                     (58, 4.35257625579834),
[92mINFO [0m:      	                                     (59, 4.3527913093566895),
2026-07-08 23:52:20,060 | INFO | 	                                     (59, 4.3527913093566895),
[92mINFO [0m:      	                                     (60, 4.339043140411377)],
2026-07-08 23:52:20,060 | INFO | 	                                     (60, 4.339043140411377)],
[92mINFO [0m:      	 'posterior_product_sigma_mean': [(1, 0.10035867244005203),
2026-07-08 23:52:20,060 | INFO | 	 'posterior_product_sigma_mean': [(1, 0.10035867244005203),
[92mINFO [0m:      	                                  (2, 0.10073530673980713),
2026-07-08 23:52:20,060 | INFO | 	                                  (2, 0.10073530673980713),
[92mINFO [0m:      	                                  (3, 0.10104382783174515),
2026-07-08 23:52:20,060 | INFO | 	                                  (3, 0.10104382783174515),
[92mINFO [0m:      	                                  (4, 0.10146435350179672),
2026-07-08 23:52:20,060 | INFO | 	                                  (4, 0.10146435350179672),
[92mINFO [0m:      	                                  (5, 0.10176970809698105),
2026-07-08 23:52:20,060 | INFO | 	                                  (5, 0.10176970809698105),
[92mINFO [0m:      	                                  (6, 0.10213463008403778),
2026-07-08 23:52:20,060 | INFO | 	                                  (6, 0.10213463008403778),
[92mINFO [0m:      	                                  (7, 0.1025543212890625),
2026-07-08 23:52:20,060 | INFO | 	                                  (7, 0.1025543212890625),
[92mINFO [0m:      	                                  (8, 0.10296114534139633),
2026-07-08 23:52:20,060 | INFO | 	                                  (8, 0.10296114534139633),
[92mINFO [0m:      	                                  (9, 0.10328332334756851),
2026-07-08 23:52:20,060 | INFO | 	                                  (9, 0.10328332334756851),
[92mINFO [0m:      	                                  (10, 0.10363590717315674),
2026-07-08 23:52:20,060 | INFO | 	                                  (10, 0.10363590717315674),
[92mINFO [0m:      	                                  (11, 0.10409516841173172),
2026-07-08 23:52:20,060 | INFO | 	                                  (11, 0.10409516841173172),
[92mINFO [0m:      	                                  (12, 0.10444004088640213),
2026-07-08 23:52:20,060 | INFO | 	                                  (12, 0.10444004088640213),
[92mINFO [0m:      	                                  (13, 0.10474277287721634),
2026-07-08 23:52:20,060 | INFO | 	                                  (13, 0.10474277287721634),
[92mINFO [0m:      	                                  (14, 0.10504401475191116),
2026-07-08 23:52:20,060 | INFO | 	                                  (14, 0.10504401475191116),
[92mINFO [0m:      	                                  (15, 0.1053636372089386),
2026-07-08 23:52:20,060 | INFO | 	                                  (15, 0.1053636372089386),
[92mINFO [0m:      	                                  (16, 0.10583028942346573),
2026-07-08 23:52:20,060 | INFO | 	                                  (16, 0.10583028942346573),
[92mINFO [0m:      	                                  (17, 0.10618112236261368),
2026-07-08 23:52:20,060 | INFO | 	                                  (17, 0.10618112236261368),
[92mINFO [0m:      	                                  (18, 0.10654135048389435),
2026-07-08 23:52:20,060 | INFO | 	                                  (18, 0.10654135048389435),
[92mINFO [0m:      	                                  (19, 0.10695106536149979),
2026-07-08 23:52:20,060 | INFO | 	                                  (19, 0.10695106536149979),
[92mINFO [0m:      	                                  (20, 0.10735411196947098),
2026-07-08 23:52:20,060 | INFO | 	                                  (20, 0.10735411196947098),
[92mINFO [0m:      	                                  (21, 0.10786891728639603),
2026-07-08 23:52:20,060 | INFO | 	                                  (21, 0.10786891728639603),
[92mINFO [0m:      	                                  (22, 0.10818078368902206),
2026-07-08 23:52:20,060 | INFO | 	                                  (22, 0.10818078368902206),
[92mINFO [0m:      	                                  (23, 0.10852108150720596),
2026-07-08 23:52:20,060 | INFO | 	                                  (23, 0.10852108150720596),
[92mINFO [0m:      	                                  (24, 0.10906141996383667),
2026-07-08 23:52:20,060 | INFO | 	                                  (24, 0.10906141996383667),
[92mINFO [0m:      	                                  (25, 0.1094481572508812),
2026-07-08 23:52:20,060 | INFO | 	                                  (25, 0.1094481572508812),
[92mINFO [0m:      	                                  (26, 0.10979527235031128),
2026-07-08 23:52:20,060 | INFO | 	                                  (26, 0.10979527235031128),
[92mINFO [0m:      	                                  (27, 0.11024738848209381),
2026-07-08 23:52:20,060 | INFO | 	                                  (27, 0.11024738848209381),
[92mINFO [0m:      	                                  (28, 0.11070052534341812),
2026-07-08 23:52:20,061 | INFO | 	                                  (28, 0.11070052534341812),
[92mINFO [0m:      	                                  (29, 0.1112077385187149),
2026-07-08 23:52:20,061 | INFO | 	                                  (29, 0.1112077385187149),
[92mINFO [0m:      	                                  (30, 0.1116233617067337),
2026-07-08 23:52:20,061 | INFO | 	                                  (30, 0.1116233617067337),
[92mINFO [0m:      	                                  (31, 0.11204791069030762),
2026-07-08 23:52:20,061 | INFO | 	                                  (31, 0.11204791069030762),
[92mINFO [0m:      	                                  (32, 0.11254304647445679),
2026-07-08 23:52:20,061 | INFO | 	                                  (32, 0.11254304647445679),
[92mINFO [0m:      	                                  (33, 0.11303119361400604),
2026-07-08 23:52:20,061 | INFO | 	                                  (33, 0.11303119361400604),
[92mINFO [0m:      	                                  (34, 0.11359725147485733),
2026-07-08 23:52:20,061 | INFO | 	                                  (34, 0.11359725147485733),
[92mINFO [0m:      	                                  (35, 0.11407756805419922),
2026-07-08 23:52:20,061 | INFO | 	                                  (35, 0.11407756805419922),
[92mINFO [0m:      	                                  (36, 0.11443004012107849),
2026-07-08 23:52:20,061 | INFO | 	                                  (36, 0.11443004012107849),
[92mINFO [0m:      	                                  (37, 0.11494311690330505),
2026-07-08 23:52:20,061 | INFO | 	                                  (37, 0.11494311690330505),
[92mINFO [0m:      	                                  (38, 0.11543410271406174),
2026-07-08 23:52:20,061 | INFO | 	                                  (38, 0.11543410271406174),
[92mINFO [0m:      	                                  (39, 0.11595194041728973),
2026-07-08 23:52:20,061 | INFO | 	                                  (39, 0.11595194041728973),
[92mINFO [0m:      	                                  (40, 0.11641271412372589),
2026-07-08 23:52:20,061 | INFO | 	                                  (40, 0.11641271412372589),
[92mINFO [0m:      	                                  (41, 0.11683199554681778),
2026-07-08 23:52:20,061 | INFO | 	                                  (41, 0.11683199554681778),
[92mINFO [0m:      	                                  (42, 0.11732811480760574),
2026-07-08 23:52:20,061 | INFO | 	                                  (42, 0.11732811480760574),
[92mINFO [0m:      	                                  (43, 0.11787983775138855),
2026-07-08 23:52:20,061 | INFO | 	                                  (43, 0.11787983775138855),
[92mINFO [0m:      	                                  (44, 0.11835173517465591),
2026-07-08 23:52:20,061 | INFO | 	                                  (44, 0.11835173517465591),
[92mINFO [0m:      	                                  (45, 0.11883971095085144),
2026-07-08 23:52:20,061 | INFO | 	                                  (45, 0.11883971095085144),
[92mINFO [0m:      	                                  (46, 0.11936885118484497),
2026-07-08 23:52:20,061 | INFO | 	                                  (46, 0.11936885118484497),
[92mINFO [0m:      	                                  (47, 0.11987446248531342),
2026-07-08 23:52:20,061 | INFO | 	                                  (47, 0.11987446248531342),
[92mINFO [0m:      	                                  (48, 0.12041030824184418),
2026-07-08 23:52:20,061 | INFO | 	                                  (48, 0.12041030824184418),
[92mINFO [0m:      	                                  (49, 0.12090414762496948),
2026-07-08 23:52:20,061 | INFO | 	                                  (49, 0.12090414762496948),
[92mINFO [0m:      	                                  (50, 0.12132834643125534),
2026-07-08 23:52:20,061 | INFO | 	                                  (50, 0.12132834643125534),
[92mINFO [0m:      	                                  (51, 0.1217525377869606),
2026-07-08 23:52:20,061 | INFO | 	                                  (51, 0.1217525377869606),
[92mINFO [0m:      	                                  (52, 0.12230181694030762),
2026-07-08 23:52:20,061 | INFO | 	                                  (52, 0.12230181694030762),
[92mINFO [0m:      	                                  (53, 0.12274201959371567),
2026-07-08 23:52:20,061 | INFO | 	                                  (53, 0.12274201959371567),
[92mINFO [0m:      	                                  (54, 0.1232534646987915),
2026-07-08 23:52:20,061 | INFO | 	                                  (54, 0.1232534646987915),
[92mINFO [0m:      	                                  (55, 0.12378084659576416),
2026-07-08 23:52:20,061 | INFO | 	                                  (55, 0.12378084659576416),
[92mINFO [0m:      	                                  (56, 0.12422046065330505),
2026-07-08 23:52:20,061 | INFO | 	                                  (56, 0.12422046065330505),
[92mINFO [0m:      	                                  (57, 0.1247292011976242),
2026-07-08 23:52:20,061 | INFO | 	                                  (57, 0.1247292011976242),
[92mINFO [0m:      	                                  (58, 0.12519147992134094),
2026-07-08 23:52:20,061 | INFO | 	                                  (58, 0.12519147992134094),
[92mINFO [0m:      	                                  (59, 0.125767320394516),
2026-07-08 23:52:20,061 | INFO | 	                                  (59, 0.125767320394516),
[92mINFO [0m:      	                                  (60, 0.1261793076992035)],
2026-07-08 23:52:20,061 | INFO | 	                                  (60, 0.1261793076992035)],
[92mINFO [0m:      	 'prior_loss_max': [(1, 394.498916679151),
2026-07-08 23:52:20,061 | INFO | 	 'prior_loss_max': [(1, 394.498916679151),
[92mINFO [0m:      	                    (2, 474.5556115708147),
2026-07-08 23:52:20,061 | INFO | 	                    (2, 474.5556115708147),
[92mINFO [0m:      	                    (3, 296.574148122158),
2026-07-08 23:52:20,061 | INFO | 	                    (3, 296.574148122158),
[92mINFO [0m:      	                    (4, 517.9509627744084),
2026-07-08 23:52:20,061 | INFO | 	                    (4, 517.9509627744084),
[92mINFO [0m:      	                    (5, 276.96838188321067),
2026-07-08 23:52:20,061 | INFO | 	                    (5, 276.96838188321067),
[92mINFO [0m:      	                    (6, 409.62312409120403),
2026-07-08 23:52:20,061 | INFO | 	                    (6, 409.62312409120403),
[92mINFO [0m:      	                    (7, 392.1107404641322),
2026-07-08 23:52:20,061 | INFO | 	                    (7, 392.1107404641322),
[92mINFO [0m:      	                    (8, 467.2030459573263),
2026-07-08 23:52:20,061 | INFO | 	                    (8, 467.2030459573263),
[92mINFO [0m:      	                    (9, 265.5049805485043),
2026-07-08 23:52:20,062 | INFO | 	                    (9, 265.5049805485043),
[92mINFO [0m:      	                    (10, 263.12008307206423),
2026-07-08 23:52:20,062 | INFO | 	                    (10, 263.12008307206423),
[92mINFO [0m:      	                    (11, 535.089303228875),
2026-07-08 23:52:20,062 | INFO | 	                    (11, 535.089303228875),
[92mINFO [0m:      	                    (12, 257.87211244951794),
2026-07-08 23:52:20,062 | INFO | 	                    (12, 257.87211244951794),
[92mINFO [0m:      	                    (13, 246.73737626823703),
2026-07-08 23:52:20,062 | INFO | 	                    (13, 246.73737626823703),
[92mINFO [0m:      	                    (14, 248.5646473638249),
2026-07-08 23:52:20,062 | INFO | 	                    (14, 248.5646473638249),
[92mINFO [0m:      	                    (15, 252.7487770651781),
2026-07-08 23:52:20,062 | INFO | 	                    (15, 252.7487770651781),
[92mINFO [0m:      	                    (16, 495.0829366674564),
2026-07-08 23:52:20,062 | INFO | 	                    (16, 495.0829366674564),
[92mINFO [0m:      	                    (17, 253.97500064808082),
2026-07-08 23:52:20,062 | INFO | 	                    (17, 253.97500064808082),
[92mINFO [0m:      	                    (18, 245.94843356818882),
2026-07-08 23:52:20,062 | INFO | 	                    (18, 245.94843356818882),
[92mINFO [0m:      	                    (19, 418.30132378764296),
2026-07-08 23:52:20,062 | INFO | 	                    (19, 418.30132378764296),
[92mINFO [0m:      	                    (20, 346.5899268491858),
2026-07-08 23:52:20,062 | INFO | 	                    (20, 346.5899268491858),
[92mINFO [0m:      	                    (21, 498.56045900982673),
2026-07-08 23:52:20,062 | INFO | 	                    (21, 498.56045900982673),
[92mINFO [0m:      	                    (22, 236.04519646308756),
2026-07-08 23:52:20,062 | INFO | 	                    (22, 236.04519646308756),
[92mINFO [0m:      	                    (23, 237.97283014489437),
2026-07-08 23:52:20,062 | INFO | 	                    (23, 237.97283014489437),
[92mINFO [0m:      	                    (24, 483.59407456457444),
2026-07-08 23:52:20,062 | INFO | 	                    (24, 483.59407456457444),
[92mINFO [0m:      	                    (25, 332.8567473834928),
2026-07-08 23:52:20,062 | INFO | 	                    (25, 332.8567473834928),
[92mINFO [0m:      	                    (26, 229.6316302425269),
2026-07-08 23:52:20,062 | INFO | 	                    (26, 229.6316302425269),
[92mINFO [0m:      	                    (27, 378.62940374247586),
2026-07-08 23:52:20,062 | INFO | 	                    (27, 378.62940374247586),
[92mINFO [0m:      	                    (28, 337.11186675842083),
2026-07-08 23:52:20,062 | INFO | 	                    (28, 337.11186675842083),
[92mINFO [0m:      	                    (29, 456.7911826450393),
2026-07-08 23:52:20,062 | INFO | 	                    (29, 456.7911826450393),
[92mINFO [0m:      	                    (30, 384.56199188289725),
2026-07-08 23:52:20,062 | INFO | 	                    (30, 384.56199188289725),
[92mINFO [0m:      	                    (31, 381.75839241649936),
2026-07-08 23:52:20,062 | INFO | 	                    (31, 381.75839241649936),
[92mINFO [0m:      	                    (32, 388.3666397351347),
2026-07-08 23:52:20,062 | INFO | 	                    (32, 388.3666397351347),
[92mINFO [0m:      	                    (33, 426.8404817689911),
2026-07-08 23:52:20,062 | INFO | 	                    (33, 426.8404817689911),
[92mINFO [0m:      	                    (34, 457.33593777834614),
2026-07-08 23:52:20,062 | INFO | 	                    (34, 457.33593777834614),
[92mINFO [0m:      	                    (35, 368.086471970292),
2026-07-08 23:52:20,062 | INFO | 	                    (35, 368.086471970292),
[92mINFO [0m:      	                    (36, 212.3702682028933),
2026-07-08 23:52:20,062 | INFO | 	                    (36, 212.3702682028933),
[92mINFO [0m:      	                    (37, 419.7172606938412),
2026-07-08 23:52:20,062 | INFO | 	                    (37, 419.7172606938412),
[92mINFO [0m:      	                    (38, 366.4506622416882),
2026-07-08 23:52:20,062 | INFO | 	                    (38, 366.4506622416882),
[92mINFO [0m:      	                    (39, 436.07854484376935),
2026-07-08 23:52:20,062 | INFO | 	                    (39, 436.07854484376935),
[92mINFO [0m:      	                    (40, 365.428006724523),
2026-07-08 23:52:20,062 | INFO | 	                    (40, 365.428006724523),
[92mINFO [0m:      	                    (41, 286.71314926216525),
2026-07-08 23:52:20,062 | INFO | 	                    (41, 286.71314926216525),
[92mINFO [0m:      	                    (42, 359.1096552149662),
2026-07-08 23:52:20,062 | INFO | 	                    (42, 359.1096552149662),
[92mINFO [0m:      	                    (43, 422.839540884587),
2026-07-08 23:52:20,062 | INFO | 	                    (43, 422.839540884587),
[92mINFO [0m:      	                    (44, 348.32685166344584),
2026-07-08 23:52:20,062 | INFO | 	                    (44, 348.32685166344584),
[92mINFO [0m:      	                    (45, 390.03902338309405),
2026-07-08 23:52:20,062 | INFO | 	                    (45, 390.03902338309405),
[92mINFO [0m:      	                    (46, 401.14911028414826),
2026-07-08 23:52:20,062 | INFO | 	                    (46, 401.14911028414826),
[92mINFO [0m:      	                    (47, 339.5279892606993),
2026-07-08 23:52:20,062 | INFO | 	                    (47, 339.5279892606993),
[92mINFO [0m:      	                    (48, 392.63810959923467),
2026-07-08 23:52:20,062 | INFO | 	                    (48, 392.63810959923467),
[92mINFO [0m:      	                    (49, 346.21210515080867),
2026-07-08 23:52:20,062 | INFO | 	                    (49, 346.21210515080867),
[92mINFO [0m:      	                    (50, 275.5961837054899),
2026-07-08 23:52:20,062 | INFO | 	                    (50, 275.5961837054899),
[92mINFO [0m:      	                    (51, 268.72559077647725),
2026-07-08 23:52:20,063 | INFO | 	                    (51, 268.72559077647725),
[92mINFO [0m:      	                    (52, 414.6080668220558),
2026-07-08 23:52:20,063 | INFO | 	                    (52, 414.6080668220558),
[92mINFO [0m:      	                    (53, 190.38674399969815),
2026-07-08 23:52:20,063 | INFO | 	                    (53, 190.38674399969815),
[92mINFO [0m:      	                    (54, 366.60092415003),
2026-07-08 23:52:20,063 | INFO | 	                    (54, 366.60092415003),
[92mINFO [0m:      	                    (55, 364.6022331668894),
2026-07-08 23:52:20,063 | INFO | 	                    (55, 364.6022331668894),
[92mINFO [0m:      	                    (56, 262.9249038278456),
2026-07-08 23:52:20,063 | INFO | 	                    (56, 262.9249038278456),
[92mINFO [0m:      	                    (57, 354.6588680972362),
2026-07-08 23:52:20,063 | INFO | 	                    (57, 354.6588680972362),
[92mINFO [0m:      	                    (58, 257.40079686078775),
2026-07-08 23:52:20,063 | INFO | 	                    (58, 257.40079686078775),
[92mINFO [0m:      	                    (59, 365.844005879964),
2026-07-08 23:52:20,063 | INFO | 	                    (59, 365.844005879964),
[92mINFO [0m:      	                    (60, 180.96502574310833)],
2026-07-08 23:52:20,063 | INFO | 	                    (60, 180.96502574310833)],
[92mINFO [0m:      	 'prior_loss_mean': [(1, 184.71292109376688),
2026-07-08 23:52:20,063 | INFO | 	 'prior_loss_mean': [(1, 184.71292109376688),
[92mINFO [0m:      	                     (2, 169.1053199923759),
2026-07-08 23:52:20,063 | INFO | 	                     (2, 169.1053199923759),
[92mINFO [0m:      	                     (3, 168.11395385952216),
2026-07-08 23:52:20,063 | INFO | 	                     (3, 168.11395385952216),
[92mINFO [0m:      	                     (4, 169.56577189899875),
2026-07-08 23:52:20,063 | INFO | 	                     (4, 169.56577189899875),
[92mINFO [0m:      	                     (5, 152.27405175053914),
2026-07-08 23:52:20,063 | INFO | 	                     (5, 152.27405175053914),
[92mINFO [0m:      	                     (6, 169.7471392621761),
2026-07-08 23:52:20,063 | INFO | 	                     (6, 169.7471392621761),
[92mINFO [0m:      	                     (7, 181.7224705857827),
2026-07-08 23:52:20,063 | INFO | 	                     (7, 181.7224705857827),
[92mINFO [0m:      	                     (8, 170.32830550605135),
2026-07-08 23:52:20,063 | INFO | 	                     (8, 170.32830550605135),
[92mINFO [0m:      	                     (9, 147.10910335466318),
2026-07-08 23:52:20,063 | INFO | 	                     (9, 147.10910335466318),
[92mINFO [0m:      	                     (10, 171.99329598257998),
2026-07-08 23:52:20,063 | INFO | 	                     (10, 171.99329598257998),
[92mINFO [0m:      	                     (11, 188.0569215296184),
2026-07-08 23:52:20,063 | INFO | 	                     (11, 188.0569215296184),
[92mINFO [0m:      	                     (12, 152.38085747047447),
2026-07-08 23:52:20,063 | INFO | 	                     (12, 152.38085747047447),
[92mINFO [0m:      	                     (13, 142.30039304896448),
2026-07-08 23:52:20,063 | INFO | 	                     (13, 142.30039304896448),
[92mINFO [0m:      	                     (14, 133.51047352179538),
2026-07-08 23:52:20,063 | INFO | 	                     (14, 133.51047352179538),
[92mINFO [0m:      	                     (15, 141.2783580764003),
2026-07-08 23:52:20,063 | INFO | 	                     (15, 141.2783580764003),
[92mINFO [0m:      	                     (16, 148.3668599480155),
2026-07-08 23:52:20,063 | INFO | 	                     (16, 148.3668599480155),
[92mINFO [0m:      	                     (17, 148.15415312663484),
2026-07-08 23:52:20,063 | INFO | 	                     (17, 148.15415312663484),
[92mINFO [0m:      	                     (18, 146.3605286043353),
2026-07-08 23:52:20,063 | INFO | 	                     (18, 146.3605286043353),
[92mINFO [0m:      	                     (19, 157.5082964538303),
2026-07-08 23:52:20,063 | INFO | 	                     (19, 157.5082964538303),
[92mINFO [0m:      	                     (20, 158.29988148552277),
2026-07-08 23:52:20,063 | INFO | 	                     (20, 158.29988148552277),
[92mINFO [0m:      	                     (21, 175.73670988982047),
2026-07-08 23:52:20,063 | INFO | 	                     (21, 175.73670988982047),
[92mINFO [0m:      	                     (22, 126.09675944027735),
2026-07-08 23:52:20,063 | INFO | 	                     (22, 126.09675944027735),
[92mINFO [0m:      	                     (23, 133.57020764484733),
2026-07-08 23:52:20,063 | INFO | 	                     (23, 133.57020764484733),
[92mINFO [0m:      	                     (24, 181.40215694114104),
2026-07-08 23:52:20,063 | INFO | 	                     (24, 181.40215694114104),
[92mINFO [0m:      	                     (25, 146.09368063189171),
2026-07-08 23:52:20,063 | INFO | 	                     (25, 146.09368063189171),
[92mINFO [0m:      	                     (26, 130.05100054569206),
2026-07-08 23:52:20,063 | INFO | 	                     (26, 130.05100054569206),
[92mINFO [0m:      	                     (27, 155.07758471491022),
2026-07-08 23:52:20,063 | INFO | 	                     (27, 155.07758471491022),
[92mINFO [0m:      	                     (28, 141.55701083662902),
2026-07-08 23:52:20,063 | INFO | 	                     (28, 141.55701083662902),
[92mINFO [0m:      	                     (29, 157.80736364196883),
2026-07-08 23:52:20,063 | INFO | 	                     (29, 157.80736364196883),
[92mINFO [0m:      	                     (30, 137.68900592304843),
2026-07-08 23:52:20,063 | INFO | 	                     (30, 137.68900592304843),
[92mINFO [0m:      	                     (31, 152.17943123251558),
2026-07-08 23:52:20,063 | INFO | 	                     (31, 152.17943123251558),
[92mINFO [0m:      	                     (32, 176.5715661429287),
2026-07-08 23:52:20,063 | INFO | 	                     (32, 176.5715661429287),
[92mINFO [0m:      	                     (33, 163.58207623784014),
2026-07-08 23:52:20,063 | INFO | 	                     (33, 163.58207623784014),
[92mINFO [0m:      	                     (34, 202.03339728046234),
2026-07-08 23:52:20,064 | INFO | 	                     (34, 202.03339728046234),
[92mINFO [0m:      	                     (35, 138.6439586342645),
2026-07-08 23:52:20,064 | INFO | 	                     (35, 138.6439586342645),
[92mINFO [0m:      	                     (36, 120.36749668281672),
2026-07-08 23:52:20,064 | INFO | 	                     (36, 120.36749668281672),
[92mINFO [0m:      	                     (37, 191.69362475413433),
2026-07-08 23:52:20,064 | INFO | 	                     (37, 191.69362475413433),
[92mINFO [0m:      	                     (38, 159.0858206203966),
2026-07-08 23:52:20,064 | INFO | 	                     (38, 159.0858206203966),
[92mINFO [0m:      	                     (39, 165.90580808555646),
2026-07-08 23:52:20,064 | INFO | 	                     (39, 165.90580808555646),
[92mINFO [0m:      	                     (40, 148.37106143188598),
2026-07-08 23:52:20,064 | INFO | 	                     (40, 148.37106143188598),
[92mINFO [0m:      	                     (41, 135.31370199945562),
2026-07-08 23:52:20,064 | INFO | 	                     (41, 135.31370199945562),
[92mINFO [0m:      	                     (42, 131.0792972969824),
2026-07-08 23:52:20,064 | INFO | 	                     (42, 131.0792972969824),
[92mINFO [0m:      	                     (43, 168.4062469684851),
2026-07-08 23:52:20,064 | INFO | 	                     (43, 168.4062469684851),
[92mINFO [0m:      	                     (44, 130.10614227713435),
2026-07-08 23:52:20,064 | INFO | 	                     (44, 130.10614227713435),
[92mINFO [0m:      	                     (45, 118.48530813016947),
2026-07-08 23:52:20,064 | INFO | 	                     (45, 118.48530813016947),
[92mINFO [0m:      	                     (46, 131.47092938241607),
2026-07-08 23:52:20,064 | INFO | 	                     (46, 131.47092938241607),
[92mINFO [0m:      	                     (47, 145.27083982381453),
2026-07-08 23:52:20,064 | INFO | 	                     (47, 145.27083982381453),
[92mINFO [0m:      	                     (48, 167.1684060516525),
2026-07-08 23:52:20,064 | INFO | 	                     (48, 167.1684060516525),
[92mINFO [0m:      	                     (49, 151.07598555498197),
2026-07-08 23:52:20,064 | INFO | 	                     (49, 151.07598555498197),
[92mINFO [0m:      	                     (50, 120.0606652315288),
2026-07-08 23:52:20,064 | INFO | 	                     (50, 120.0606652315288),
[92mINFO [0m:      	                     (51, 118.97412068620959),
2026-07-08 23:52:20,064 | INFO | 	                     (51, 118.97412068620959),
[92mINFO [0m:      	                     (52, 134.80121582261052),
2026-07-08 23:52:20,064 | INFO | 	                     (52, 134.80121582261052),
[92mINFO [0m:      	                     (53, 124.6163757793907),
2026-07-08 23:52:20,064 | INFO | 	                     (53, 124.6163757793907),
[92mINFO [0m:      	                     (54, 141.0006383974016),
2026-07-08 23:52:20,064 | INFO | 	                     (54, 141.0006383974016),
[92mINFO [0m:      	                     (55, 139.81447545926247),
2026-07-08 23:52:20,064 | INFO | 	                     (55, 139.81447545926247),
[92mINFO [0m:      	                     (56, 115.0181192058738),
2026-07-08 23:52:20,064 | INFO | 	                     (56, 115.0181192058738),
[92mINFO [0m:      	                     (57, 126.97607497973416),
2026-07-08 23:52:20,064 | INFO | 	                     (57, 126.97607497973416),
[92mINFO [0m:      	                     (58, 124.20773318678762),
2026-07-08 23:52:20,064 | INFO | 	                     (58, 124.20773318678762),
[92mINFO [0m:      	                     (59, 162.9800792499404),
2026-07-08 23:52:20,064 | INFO | 	                     (59, 162.9800792499404),
[92mINFO [0m:      	                     (60, 112.52282076792918)],
2026-07-08 23:52:20,064 | INFO | 	                     (60, 112.52282076792918)],
[92mINFO [0m:      	 'prior_loss_min': [(1, 135.20461440576673),
2026-07-08 23:52:20,064 | INFO | 	 'prior_loss_min': [(1, 135.20461440576673),
[92mINFO [0m:      	                    (2, 134.5612434472684),
2026-07-08 23:52:20,064 | INFO | 	                    (2, 134.5612434472684),
[92mINFO [0m:      	                    (3, 133.48605252598648),
2026-07-08 23:52:20,064 | INFO | 	                    (3, 133.48605252598648),
[92mINFO [0m:      	                    (4, 132.82608104107732),
2026-07-08 23:52:20,064 | INFO | 	                    (4, 132.82608104107732),
[92mINFO [0m:      	                    (5, 131.73309275083798),
2026-07-08 23:52:20,064 | INFO | 	                    (5, 131.73309275083798),
[92mINFO [0m:      	                    (6, 130.86867192207862),
2026-07-08 23:52:20,064 | INFO | 	                    (6, 130.86867192207862),
[92mINFO [0m:      	                    (7, 129.87913360428155),
2026-07-08 23:52:20,064 | INFO | 	                    (7, 129.87913360428155),
[92mINFO [0m:      	                    (8, 128.92317004272033),
2026-07-08 23:52:20,064 | INFO | 	                    (8, 128.92317004272033),
[92mINFO [0m:      	                    (9, 128.05309430827222),
2026-07-08 23:52:20,064 | INFO | 	                    (9, 128.05309430827222),
[92mINFO [0m:      	                    (10, 127.51311758897029),
2026-07-08 23:52:20,064 | INFO | 	                    (10, 127.51311758897029),
[92mINFO [0m:      	                    (11, 126.54230644799466),
2026-07-08 23:52:20,064 | INFO | 	                    (11, 126.54230644799466),
[92mINFO [0m:      	                    (12, 125.42220783847215),
2026-07-08 23:52:20,064 | INFO | 	                    (12, 125.42220783847215),
[92mINFO [0m:      	                    (13, 124.94223603032414),
2026-07-08 23:52:20,064 | INFO | 	                    (13, 124.94223603032414),
[92mINFO [0m:      	                    (14, 124.22131994310806),
2026-07-08 23:52:20,064 | INFO | 	                    (14, 124.22131994310806),
[92mINFO [0m:      	                    (15, 123.39847908304071),
2026-07-08 23:52:20,064 | INFO | 	                    (15, 123.39847908304071),
[92mINFO [0m:      	                    (16, 122.67273741442372),
2026-07-08 23:52:20,065 | INFO | 	                    (16, 122.67273741442372),
[92mINFO [0m:      	                    (17, 121.77985895245179),
2026-07-08 23:52:20,065 | INFO | 	                    (17, 121.77985895245179),
[92mINFO [0m:      	                    (18, 121.13505924100708),
2026-07-08 23:52:20,065 | INFO | 	                    (18, 121.13505924100708),
[92mINFO [0m:      	                    (19, 119.9057540059451),
2026-07-08 23:52:20,065 | INFO | 	                    (19, 119.9057540059451),
[92mINFO [0m:      	                    (20, 119.29550404896257),
2026-07-08 23:52:20,065 | INFO | 	                    (20, 119.29550404896257),
[92mINFO [0m:      	                    (21, 118.25789683998389),
2026-07-08 23:52:20,065 | INFO | 	                    (21, 118.25789683998389),
[92mINFO [0m:      	                    (22, 117.2229448661661),
2026-07-08 23:52:20,065 | INFO | 	                    (22, 117.2229448661661),
[92mINFO [0m:      	                    (23, 116.71786774289411),
2026-07-08 23:52:20,065 | INFO | 	                    (23, 116.71786774289411),
[92mINFO [0m:      	                    (24, 115.75555190754349),
2026-07-08 23:52:20,065 | INFO | 	                    (24, 115.75555190754349),
[92mINFO [0m:      	                    (25, 114.6143734871156),
2026-07-08 23:52:20,065 | INFO | 	                    (25, 114.6143734871156),
[92mINFO [0m:      	                    (26, 114.10824467356629),
2026-07-08 23:52:20,065 | INFO | 	                    (26, 114.10824467356629),
[92mINFO [0m:      	                    (27, 113.6343653395823),
2026-07-08 23:52:20,065 | INFO | 	                    (27, 113.6343653395823),
[92mINFO [0m:      	                    (28, 112.2743043280177),
2026-07-08 23:52:20,065 | INFO | 	                    (28, 112.2743043280177),
[92mINFO [0m:      	                    (29, 111.61468824095323),
2026-07-08 23:52:20,065 | INFO | 	                    (29, 111.61468824095323),
[92mINFO [0m:      	                    (30, 110.7313062895065),
2026-07-08 23:52:20,065 | INFO | 	                    (30, 110.7313062895065),
[92mINFO [0m:      	                    (31, 110.27369327388458),
2026-07-08 23:52:20,065 | INFO | 	                    (31, 110.27369327388458),
[92mINFO [0m:      	                    (32, 109.01285000822398),
2026-07-08 23:52:20,065 | INFO | 	                    (32, 109.01285000822398),
[92mINFO [0m:      	                    (33, 108.24785377526779),
2026-07-08 23:52:20,065 | INFO | 	                    (33, 108.24785377526779),
[92mINFO [0m:      	                    (34, 107.75187008582479),
2026-07-08 23:52:20,065 | INFO | 	                    (34, 107.75187008582479),
[92mINFO [0m:      	                    (35, 105.84709212414434),
2026-07-08 23:52:20,065 | INFO | 	                    (35, 105.84709212414434),
[92mINFO [0m:      	                    (36, 105.21647281832257),
2026-07-08 23:52:20,065 | INFO | 	                    (36, 105.21647281832257),
[92mINFO [0m:      	                    (37, 104.73791276171474),
2026-07-08 23:52:20,065 | INFO | 	                    (37, 104.73791276171474),
[92mINFO [0m:      	                    (38, 104.29119462565336),
2026-07-08 23:52:20,065 | INFO | 	                    (38, 104.29119462565336),
[92mINFO [0m:      	                    (39, 103.36857769261196),
2026-07-08 23:52:20,065 | INFO | 	                    (39, 103.36857769261196),
[92mINFO [0m:      	                    (40, 102.28446760861577),
2026-07-08 23:52:20,065 | INFO | 	                    (40, 102.28446760861577),
[92mINFO [0m:      	                    (41, 101.90917748268352),
2026-07-08 23:52:20,065 | INFO | 	                    (41, 101.90917748268352),
[92mINFO [0m:      	                    (42, 100.79144621870309),
2026-07-08 23:52:20,065 | INFO | 	                    (42, 100.79144621870309),
[92mINFO [0m:      	                    (43, 100.500826913724),
2026-07-08 23:52:20,065 | INFO | 	                    (43, 100.500826913724),
[92mINFO [0m:      	                    (44, 99.11237163898231),
2026-07-08 23:52:20,065 | INFO | 	                    (44, 99.11237163898231),
[92mINFO [0m:      	                    (45, 98.39069524627841),
2026-07-08 23:52:20,065 | INFO | 	                    (45, 98.39069524627841),
[92mINFO [0m:      	                    (46, 97.70456772878521),
2026-07-08 23:52:20,065 | INFO | 	                    (46, 97.70456772878521),
[92mINFO [0m:      	                    (47, 96.72894756183582),
2026-07-08 23:52:20,065 | INFO | 	                    (47, 96.72894756183582),
[92mINFO [0m:      	                    (48, 96.30588793032042),
2026-07-08 23:52:20,065 | INFO | 	                    (48, 96.30588793032042),
[92mINFO [0m:      	                    (49, 95.25211325846539),
2026-07-08 23:52:20,065 | INFO | 	                    (49, 95.25211325846539),
[92mINFO [0m:      	                    (50, 94.53534995291635),
2026-07-08 23:52:20,065 | INFO | 	                    (50, 94.53534995291635),
[92mINFO [0m:      	                    (51, 94.02980934666098),
2026-07-08 23:52:20,065 | INFO | 	                    (51, 94.02980934666098),
[92mINFO [0m:      	                    (52, 93.5881153458517),
2026-07-08 23:52:20,065 | INFO | 	                    (52, 93.5881153458517),
[92mINFO [0m:      	                    (53, 92.5469151359833),
2026-07-08 23:52:20,065 | INFO | 	                    (53, 92.5469151359833),
[92mINFO [0m:      	                    (54, 92.13706182872015),
2026-07-08 23:52:20,065 | INFO | 	                    (54, 92.13706182872015),
[92mINFO [0m:      	                    (55, 91.28685024825054),
2026-07-08 23:52:20,065 | INFO | 	                    (55, 91.28685024825054),
[92mINFO [0m:      	                    (56, 90.51838600053621),
2026-07-08 23:52:20,065 | INFO | 	                    (56, 90.51838600053621),
[92mINFO [0m:      	                    (57, 89.98501303503673),
2026-07-08 23:52:20,065 | INFO | 	                    (57, 89.98501303503673),
[92mINFO [0m:      	                    (58, 89.54769088625285),
2026-07-08 23:52:20,065 | INFO | 	                    (58, 89.54769088625285),
[92mINFO [0m:      	                    (59, 88.80858060620035),
2026-07-08 23:52:20,066 | INFO | 	                    (59, 88.80858060620035),
[92mINFO [0m:      	                    (60, 87.95566403920358)],
2026-07-08 23:52:20,066 | INFO | 	                    (60, 87.95566403920358)],
[92mINFO [0m:      	 'prior_loss_p10': [(1, 135.214340144882),
2026-07-08 23:52:20,066 | INFO | 	 'prior_loss_p10': [(1, 135.214340144882),
[92mINFO [0m:      	                    (2, 135.14539649292055),
2026-07-08 23:52:20,066 | INFO | 	                    (2, 135.14539649292055),
[92mINFO [0m:      	                    (3, 134.17988841574663),
2026-07-08 23:52:20,066 | INFO | 	                    (3, 134.17988841574663),
[92mINFO [0m:      	                    (4, 132.91741309356073),
2026-07-08 23:52:20,066 | INFO | 	                    (4, 132.91741309356073),
[92mINFO [0m:      	                    (5, 132.04770413144422),
2026-07-08 23:52:20,066 | INFO | 	                    (5, 132.04770413144422),
[92mINFO [0m:      	                    (6, 131.58997169364162),
2026-07-08 23:52:20,066 | INFO | 	                    (6, 131.58997169364162),
[92mINFO [0m:      	                    (7, 130.3037741562324),
2026-07-08 23:52:20,066 | INFO | 	                    (7, 130.3037741562324),
[92mINFO [0m:      	                    (8, 129.22777607164983),
2026-07-08 23:52:20,066 | INFO | 	                    (8, 129.22777607164983),
[92mINFO [0m:      	                    (9, 128.31788630528754),
2026-07-08 23:52:20,066 | INFO | 	                    (9, 128.31788630528754),
[92mINFO [0m:      	                    (10, 127.66225241790752),
2026-07-08 23:52:20,066 | INFO | 	                    (10, 127.66225241790752),
[92mINFO [0m:      	                    (11, 126.65903343127698),
2026-07-08 23:52:20,066 | INFO | 	                    (11, 126.65903343127698),
[92mINFO [0m:      	                    (12, 125.76488091172715),
2026-07-08 23:52:20,066 | INFO | 	                    (12, 125.76488091172715),
[92mINFO [0m:      	                    (13, 125.24203383762288),
2026-07-08 23:52:20,066 | INFO | 	                    (13, 125.24203383762288),
[92mINFO [0m:      	                    (14, 124.30917858033077),
2026-07-08 23:52:20,066 | INFO | 	                    (14, 124.30917858033077),
[92mINFO [0m:      	                    (15, 123.59159259903203),
2026-07-08 23:52:20,066 | INFO | 	                    (15, 123.59159259903203),
[92mINFO [0m:      	                    (16, 122.83492363075607),
2026-07-08 23:52:20,066 | INFO | 	                    (16, 122.83492363075607),
[92mINFO [0m:      	                    (17, 121.88467170190985),
2026-07-08 23:52:20,066 | INFO | 	                    (17, 121.88467170190985),
[92mINFO [0m:      	                    (18, 121.18794959500318),
2026-07-08 23:52:20,066 | INFO | 	                    (18, 121.18794959500318),
[92mINFO [0m:      	                    (19, 120.0473891916143),
2026-07-08 23:52:20,066 | INFO | 	                    (19, 120.0473891916143),
[92mINFO [0m:      	                    (20, 119.43922022306239),
2026-07-08 23:52:20,066 | INFO | 	                    (20, 119.43922022306239),
[92mINFO [0m:      	                    (21, 118.49418165871603),
2026-07-08 23:52:20,066 | INFO | 	                    (21, 118.49418165871603),
[92mINFO [0m:      	                    (22, 117.63598459831658),
2026-07-08 23:52:20,066 | INFO | 	                    (22, 117.63598459831658),
[92mINFO [0m:      	                    (23, 116.91054211932189),
2026-07-08 23:52:20,066 | INFO | 	                    (23, 116.91054211932189),
[92mINFO [0m:      	                    (24, 115.89388307992395),
2026-07-08 23:52:20,066 | INFO | 	                    (24, 115.89388307992395),
[92mINFO [0m:      	                    (25, 115.02495627039433),
2026-07-08 23:52:20,066 | INFO | 	                    (25, 115.02495627039433),
[92mINFO [0m:      	                    (26, 114.31307452780212),
2026-07-08 23:52:20,066 | INFO | 	                    (26, 114.31307452780212),
[92mINFO [0m:      	                    (27, 113.7065319846837),
2026-07-08 23:52:20,066 | INFO | 	                    (27, 113.7065319846837),
[92mINFO [0m:      	                    (28, 112.62158190372236),
2026-07-08 23:52:20,066 | INFO | 	                    (28, 112.62158190372236),
[92mINFO [0m:      	                    (29, 112.11689722302111),
2026-07-08 23:52:20,066 | INFO | 	                    (29, 112.11689722302111),
[92mINFO [0m:      	                    (30, 110.98756552644763),
2026-07-08 23:52:20,066 | INFO | 	                    (30, 110.98756552644763),
[92mINFO [0m:      	                    (31, 110.52998755220447),
2026-07-08 23:52:20,066 | INFO | 	                    (31, 110.52998755220447),
[92mINFO [0m:      	                    (32, 109.20802465388),
2026-07-08 23:52:20,066 | INFO | 	                    (32, 109.20802465388),
[92mINFO [0m:      	                    (33, 108.80498541562625),
2026-07-08 23:52:20,066 | INFO | 	                    (33, 108.80498541562625),
[92mINFO [0m:      	                    (34, 107.98468750835508),
2026-07-08 23:52:20,066 | INFO | 	                    (34, 107.98468750835508),
[92mINFO [0m:      	                    (35, 106.63137883536588),
2026-07-08 23:52:20,066 | INFO | 	                    (35, 106.63137883536588),
[92mINFO [0m:      	                    (36, 105.47443763320027),
2026-07-08 23:52:20,066 | INFO | 	                    (36, 105.47443763320027),
[92mINFO [0m:      	                    (37, 105.13557515803534),
2026-07-08 23:52:20,066 | INFO | 	                    (37, 105.13557515803534),
[92mINFO [0m:      	                    (38, 104.4043820233078),
2026-07-08 23:52:20,066 | INFO | 	                    (38, 104.4043820233078),
[92mINFO [0m:      	                    (39, 103.40864186638476),
2026-07-08 23:52:20,066 | INFO | 	                    (39, 103.40864186638476),
[92mINFO [0m:      	                    (40, 102.45480145413474),
2026-07-08 23:52:20,066 | INFO | 	                    (40, 102.45480145413474),
[92mINFO [0m:      	                    (41, 101.97155384530679),
2026-07-08 23:52:20,067 | INFO | 	                    (41, 101.97155384530679),
[92mINFO [0m:      	                    (42, 101.06840697100108),
2026-07-08 23:52:20,067 | INFO | 	                    (42, 101.06840697100108),
[92mINFO [0m:      	                    (43, 100.83937224560597),
2026-07-08 23:52:20,067 | INFO | 	                    (43, 100.83937224560597),
[92mINFO [0m:      	                    (44, 99.26730302825177),
2026-07-08 23:52:20,067 | INFO | 	                    (44, 99.26730302825177),
[92mINFO [0m:      	                    (45, 98.4807065417309),
2026-07-08 23:52:20,067 | INFO | 	                    (45, 98.4807065417309),
[92mINFO [0m:      	                    (46, 97.93417635034554),
2026-07-08 23:52:20,067 | INFO | 	                    (46, 97.93417635034554),
[92mINFO [0m:      	                    (47, 97.02010930734593),
2026-07-08 23:52:20,067 | INFO | 	                    (47, 97.02010930734593),
[92mINFO [0m:      	                    (48, 96.38348286173665),
2026-07-08 23:52:20,067 | INFO | 	                    (48, 96.38348286173665),
[92mINFO [0m:      	                    (49, 95.5735455917243),
2026-07-08 23:52:20,067 | INFO | 	                    (49, 95.5735455917243),
[92mINFO [0m:      	                    (50, 94.66528909445327),
2026-07-08 23:52:20,067 | INFO | 	                    (50, 94.66528909445327),
[92mINFO [0m:      	                    (51, 94.1009435036877),
2026-07-08 23:52:20,067 | INFO | 	                    (51, 94.1009435036877),
[92mINFO [0m:      	                    (52, 93.65834101855586),
2026-07-08 23:52:20,067 | INFO | 	                    (52, 93.65834101855586),
[92mINFO [0m:      	                    (53, 92.7240534597291),
2026-07-08 23:52:20,067 | INFO | 	                    (53, 92.7240534597291),
[92mINFO [0m:      	                    (54, 92.22067113858789),
2026-07-08 23:52:20,067 | INFO | 	                    (54, 92.22067113858789),
[92mINFO [0m:      	                    (55, 91.42776258307427),
2026-07-08 23:52:20,067 | INFO | 	                    (55, 91.42776258307427),
[92mINFO [0m:      	                    (56, 90.73834561324787),
2026-07-08 23:52:20,067 | INFO | 	                    (56, 90.73834561324787),
[92mINFO [0m:      	                    (57, 90.08890055430089),
2026-07-08 23:52:20,067 | INFO | 	                    (57, 90.08890055430089),
[92mINFO [0m:      	                    (58, 89.58420890094075),
2026-07-08 23:52:20,067 | INFO | 	                    (58, 89.58420890094075),
[92mINFO [0m:      	                    (59, 89.05866815351214),
2026-07-08 23:52:20,067 | INFO | 	                    (59, 89.05866815351214),
[92mINFO [0m:      	                    (60, 87.99933884273808)],
2026-07-08 23:52:20,067 | INFO | 	                    (60, 87.99933884273808)],
[92mINFO [0m:      	 'prior_loss_p50': [(1, 136.82201655125195),
2026-07-08 23:52:20,067 | INFO | 	 'prior_loss_p50': [(1, 136.82201655125195),
[92mINFO [0m:      	                    (2, 136.98997299768922),
2026-07-08 23:52:20,067 | INFO | 	                    (2, 136.98997299768922),
[92mINFO [0m:      	                    (3, 138.31297943888055),
2026-07-08 23:52:20,067 | INFO | 	                    (3, 138.31297943888055),
[92mINFO [0m:      	                    (4, 134.7987679938821),
2026-07-08 23:52:20,067 | INFO | 	                    (4, 134.7987679938821),
[92mINFO [0m:      	                    (5, 133.41407277789003),
2026-07-08 23:52:20,067 | INFO | 	                    (5, 133.41407277789003),
[92mINFO [0m:      	                    (6, 132.62622119850528),
2026-07-08 23:52:20,067 | INFO | 	                    (6, 132.62622119850528),
[92mINFO [0m:      	                    (7, 130.74790953562112),
2026-07-08 23:52:20,067 | INFO | 	                    (7, 130.74790953562112),
[92mINFO [0m:      	                    (8, 130.36351243452916),
2026-07-08 23:52:20,067 | INFO | 	                    (8, 130.36351243452916),
[92mINFO [0m:      	                    (9, 128.74996227792184),
2026-07-08 23:52:20,067 | INFO | 	                    (9, 128.74996227792184),
[92mINFO [0m:      	                    (10, 128.82986840838856),
2026-07-08 23:52:20,067 | INFO | 	                    (10, 128.82986840838856),
[92mINFO [0m:      	                    (11, 127.83781273086254),
2026-07-08 23:52:20,067 | INFO | 	                    (11, 127.83781273086254),
[92mINFO [0m:      	                    (12, 126.68420585062911),
2026-07-08 23:52:20,067 | INFO | 	                    (12, 126.68420585062911),
[92mINFO [0m:      	                    (13, 125.69819249737904),
2026-07-08 23:52:20,067 | INFO | 	                    (13, 125.69819249737904),
[92mINFO [0m:      	                    (14, 124.97109561410392),
2026-07-08 23:52:20,067 | INFO | 	                    (14, 124.97109561410392),
[92mINFO [0m:      	                    (15, 124.13906476535263),
2026-07-08 23:52:20,067 | INFO | 	                    (15, 124.13906476535263),
[92mINFO [0m:      	                    (16, 123.20387365737983),
2026-07-08 23:52:20,067 | INFO | 	                    (16, 123.20387365737983),
[92mINFO [0m:      	                    (17, 122.44885725229109),
2026-07-08 23:52:20,067 | INFO | 	                    (17, 122.44885725229109),
[92mINFO [0m:      	                    (18, 121.70496267901592),
2026-07-08 23:52:20,067 | INFO | 	                    (18, 121.70496267901592),
[92mINFO [0m:      	                    (19, 121.3679397769265),
2026-07-08 23:52:20,067 | INFO | 	                    (19, 121.3679397769265),
[92mINFO [0m:      	                    (20, 120.15244642370682),
2026-07-08 23:52:20,067 | INFO | 	                    (20, 120.15244642370682),
[92mINFO [0m:      	                    (21, 119.25000162583845),
2026-07-08 23:52:20,067 | INFO | 	                    (21, 119.25000162583845),
[92mINFO [0m:      	                    (22, 117.93833669782212),
2026-07-08 23:52:20,067 | INFO | 	                    (22, 117.93833669782212),
[92mINFO [0m:      	                    (23, 117.4049130143507),
2026-07-08 23:52:20,068 | INFO | 	                    (23, 117.4049130143507),
[92mINFO [0m:      	                    (24, 116.82502686306523),
2026-07-08 23:52:20,068 | INFO | 	                    (24, 116.82502686306523),
[92mINFO [0m:      	                    (25, 115.87392553617396),
2026-07-08 23:52:20,068 | INFO | 	                    (25, 115.87392553617396),
[92mINFO [0m:      	                    (26, 114.87547333122849),
2026-07-08 23:52:20,068 | INFO | 	                    (26, 114.87547333122849),
[92mINFO [0m:      	                    (27, 114.28300970640346),
2026-07-08 23:52:20,068 | INFO | 	                    (27, 114.28300970640346),
[92mINFO [0m:      	                    (28, 113.07898219592697),
2026-07-08 23:52:20,068 | INFO | 	                    (28, 113.07898219592697),
[92mINFO [0m:      	                    (29, 112.71083988711132),
2026-07-08 23:52:20,068 | INFO | 	                    (29, 112.71083988711132),
[92mINFO [0m:      	                    (30, 111.76109488968667),
2026-07-08 23:52:20,068 | INFO | 	                    (30, 111.76109488968667),
[92mINFO [0m:      	                    (31, 111.01401868179613),
2026-07-08 23:52:20,068 | INFO | 	                    (31, 111.01401868179613),
[92mINFO [0m:      	                    (32, 109.90662979947656),
2026-07-08 23:52:20,068 | INFO | 	                    (32, 109.90662979947656),
[92mINFO [0m:      	                    (33, 109.76773836375877),
2026-07-08 23:52:20,068 | INFO | 	                    (33, 109.76773836375877),
[92mINFO [0m:      	                    (34, 108.82494619454047),
2026-07-08 23:52:20,068 | INFO | 	                    (34, 108.82494619454047),
[92mINFO [0m:      	                    (35, 107.1817200981242),
2026-07-08 23:52:20,068 | INFO | 	                    (35, 107.1817200981242),
[92mINFO [0m:      	                    (36, 106.27631745409828),
2026-07-08 23:52:20,068 | INFO | 	                    (36, 106.27631745409828),
[92mINFO [0m:      	                    (37, 107.85417986475458),
2026-07-08 23:52:20,068 | INFO | 	                    (37, 107.85417986475458),
[92mINFO [0m:      	                    (38, 105.01542526530682),
2026-07-08 23:52:20,068 | INFO | 	                    (38, 105.01542526530682),
[92mINFO [0m:      	                    (39, 104.36545235937879),
2026-07-08 23:52:20,068 | INFO | 	                    (39, 104.36545235937879),
[92mINFO [0m:      	                    (40, 103.31438251616781),
2026-07-08 23:52:20,068 | INFO | 	                    (40, 103.31438251616781),
[92mINFO [0m:      	                    (41, 102.69493239064295),
2026-07-08 23:52:20,068 | INFO | 	                    (41, 102.69493239064295),
[92mINFO [0m:      	                    (42, 101.37118613387548),
2026-07-08 23:52:20,068 | INFO | 	                    (42, 101.37118613387548),
[92mINFO [0m:      	                    (43, 101.7852750198901),
2026-07-08 23:52:20,068 | INFO | 	                    (43, 101.7852750198901),
[92mINFO [0m:      	                    (44, 99.90833070028563),
2026-07-08 23:52:20,068 | INFO | 	                    (44, 99.90833070028563),
[92mINFO [0m:      	                    (45, 98.94173819989915),
2026-07-08 23:52:20,068 | INFO | 	                    (45, 98.94173819989915),
[92mINFO [0m:      	                    (46, 98.13495785131435),
2026-07-08 23:52:20,068 | INFO | 	                    (46, 98.13495785131435),
[92mINFO [0m:      	                    (47, 97.36943846598075),
2026-07-08 23:52:20,068 | INFO | 	                    (47, 97.36943846598075),
[92mINFO [0m:      	                    (48, 97.16484959439387),
2026-07-08 23:52:20,068 | INFO | 	                    (48, 97.16484959439387),
[92mINFO [0m:      	                    (49, 96.64086004901394),
2026-07-08 23:52:20,068 | INFO | 	                    (49, 96.64086004901394),
[92mINFO [0m:      	                    (50, 95.5240255052158),
2026-07-08 23:52:20,068 | INFO | 	                    (50, 95.5240255052158),
[92mINFO [0m:      	                    (51, 94.47014853944991),
2026-07-08 23:52:20,068 | INFO | 	                    (51, 94.47014853944991),
[92mINFO [0m:      	                    (52, 94.16169617848699),
2026-07-08 23:52:20,068 | INFO | 	                    (52, 94.16169617848699),
[92mINFO [0m:      	                    (53, 93.02385854476505),
2026-07-08 23:52:20,068 | INFO | 	                    (53, 93.02385854476505),
[92mINFO [0m:      	                    (54, 93.6481405150708),
2026-07-08 23:52:20,068 | INFO | 	                    (54, 93.6481405150708),
[92mINFO [0m:      	                    (55, 92.23602040565225),
2026-07-08 23:52:20,068 | INFO | 	                    (55, 92.23602040565225),
[92mINFO [0m:      	                    (56, 91.27960597037944),
2026-07-08 23:52:20,068 | INFO | 	                    (56, 91.27960597037944),
[92mINFO [0m:      	                    (57, 90.80267430515121),
2026-07-08 23:52:20,068 | INFO | 	                    (57, 90.80267430515121),
[92mINFO [0m:      	                    (58, 90.11846151264461),
2026-07-08 23:52:20,068 | INFO | 	                    (58, 90.11846151264461),
[92mINFO [0m:      	                    (59, 90.29674324235717),
2026-07-08 23:52:20,068 | INFO | 	                    (59, 90.29674324235717),
[92mINFO [0m:      	                    (60, 88.58991046377169)],
2026-07-08 23:52:20,068 | INFO | 	                    (60, 88.58991046377169)],
[92mINFO [0m:      	 'prior_loss_p90': [(1, 292.705252618933),
2026-07-08 23:52:20,068 | INFO | 	 'prior_loss_p90': [(1, 292.705252618933),
[92mINFO [0m:      	                    (2, 224.61339546595804),
2026-07-08 23:52:20,068 | INFO | 	                    (2, 224.61339546595804),
[92mINFO [0m:      	                    (3, 291.02558796225304),
2026-07-08 23:52:20,068 | INFO | 	                    (3, 291.02558796225304),
[92mINFO [0m:      	                    (4, 221.85028775497585),
2026-07-08 23:52:20,068 | INFO | 	                    (4, 221.85028775497585),
[92mINFO [0m:      	                    (5, 214.84742729133657),
2026-07-08 23:52:20,068 | INFO | 	                    (5, 214.84742729133657),
[92mINFO [0m:      	                    (6, 273.2465198922067),
2026-07-08 23:52:20,069 | INFO | 	                    (6, 273.2465198922067),
[92mINFO [0m:      	                    (7, 325.5205413266216),
2026-07-08 23:52:20,069 | INFO | 	                    (7, 325.5205413266216),
[92mINFO [0m:      	                    (8, 262.01667897913364),
2026-07-08 23:52:20,069 | INFO | 	                    (8, 262.01667897913364),
[92mINFO [0m:      	                    (9, 210.67756271655355),
2026-07-08 23:52:20,069 | INFO | 	                    (9, 210.67756271655355),
[92mINFO [0m:      	                    (10, 261.1708299068075),
2026-07-08 23:52:20,069 | INFO | 	                    (10, 261.1708299068075),
[92mINFO [0m:      	                    (11, 324.993506248225),
2026-07-08 23:52:20,069 | INFO | 	                    (11, 324.993506248225),
[92mINFO [0m:      	                    (12, 255.69306259804458),
2026-07-08 23:52:20,069 | INFO | 	                    (12, 255.69306259804458),
[92mINFO [0m:      	                    (13, 199.3585593323068),
2026-07-08 23:52:20,069 | INFO | 	                    (13, 199.3585593323068),
[92mINFO [0m:      	                    (14, 127.93634731020693),
2026-07-08 23:52:20,069 | INFO | 	                    (14, 127.93634731020693),
[92mINFO [0m:      	                    (15, 201.7500266184116),
2026-07-08 23:52:20,069 | INFO | 	                    (15, 201.7500266184116),
[92mINFO [0m:      	                    (16, 125.81852966972583),
2026-07-08 23:52:20,069 | INFO | 	                    (16, 125.81852966972583),
[92mINFO [0m:      	                    (17, 248.71594101845747),
2026-07-08 23:52:20,069 | INFO | 	                    (17, 248.71594101845747),
[92mINFO [0m:      	                    (18, 244.86030152101242),
2026-07-08 23:52:20,069 | INFO | 	                    (18, 244.86030152101242),
[92mINFO [0m:      	                    (19, 246.66783588064544),
2026-07-08 23:52:20,069 | INFO | 	                    (19, 246.66783588064544),
[92mINFO [0m:      	                    (20, 303.25599761018134),
2026-07-08 23:52:20,069 | INFO | 	                    (20, 303.25599761018134),
[92mINFO [0m:      	                    (21, 240.32200860442043),
2026-07-08 23:52:20,069 | INFO | 	                    (21, 240.32200860442043),
[92mINFO [0m:      	                    (22, 120.50827478566693),
2026-07-08 23:52:20,069 | INFO | 	                    (22, 120.50827478566693),
[92mINFO [0m:      	                    (23, 190.63916957887565),
2026-07-08 23:52:20,069 | INFO | 	                    (23, 190.63916957887565),
[92mINFO [0m:      	                    (24, 366.6081857107299),
2026-07-08 23:52:20,069 | INFO | 	                    (24, 366.6081857107299),
[92mINFO [0m:      	                    (25, 235.53653945281582),
2026-07-08 23:52:20,069 | INFO | 	                    (25, 235.53653945281582),
[92mINFO [0m:      	                    (26, 183.2916911226078),
2026-07-08 23:52:20,069 | INFO | 	                    (26, 183.2916911226078),
[92mINFO [0m:      	                    (27, 232.52382955484484),
2026-07-08 23:52:20,069 | INFO | 	                    (27, 232.52382955484484),
[92mINFO [0m:      	                    (28, 235.45211889909802),
2026-07-08 23:52:20,069 | INFO | 	                    (28, 235.45211889909802),
[92mINFO [0m:      	                    (29, 224.894959117794),
2026-07-08 23:52:20,069 | INFO | 	                    (29, 224.894959117794),
[92mINFO [0m:      	                    (30, 180.76654251944825),
2026-07-08 23:52:20,069 | INFO | 	                    (30, 180.76654251944825),
[92mINFO [0m:      	                    (31, 228.01008986445294),
2026-07-08 23:52:20,069 | INFO | 	                    (31, 228.01008986445294),
[92mINFO [0m:      	                    (32, 363.5302400391289),
2026-07-08 23:52:20,069 | INFO | 	                    (32, 363.5302400391289),
[92mINFO [0m:      	                    (33, 319.73854132159164),
2026-07-08 23:52:20,069 | INFO | 	                    (33, 319.73854132159164),
[92mINFO [0m:      	                    (34, 397.2218389951251),
2026-07-08 23:52:20,069 | INFO | 	                    (34, 397.2218389951251),
[92mINFO [0m:      	                    (35, 214.47883078796048),
2026-07-08 23:52:20,069 | INFO | 	                    (35, 214.47883078796048),
[92mINFO [0m:      	                    (36, 170.09914170327204),
2026-07-08 23:52:20,069 | INFO | 	                    (36, 170.09914170327204),
[92mINFO [0m:      	                    (37, 342.1462260101398),
2026-07-08 23:52:20,069 | INFO | 	                    (37, 342.1462260101398),
[92mINFO [0m:      	                    (38, 334.4906327019098),
2026-07-08 23:52:20,069 | INFO | 	                    (38, 334.4906327019098),
[92mINFO [0m:      	                    (39, 297.03517598144475),
2026-07-08 23:52:20,069 | INFO | 	                    (39, 297.03517598144475),
[92mINFO [0m:      	                    (40, 209.52330836919242),
2026-07-08 23:52:20,069 | INFO | 	                    (40, 209.52330836919242),
[92mINFO [0m:      	                    (41, 206.0514163900193),
2026-07-08 23:52:20,069 | INFO | 	                    (41, 206.0514163900193),
[92mINFO [0m:      	                    (42, 214.39005277919193),
2026-07-08 23:52:20,069 | INFO | 	                    (42, 214.39005277919193),
[92mINFO [0m:      	                    (43, 351.6452522143659),
2026-07-08 23:52:20,069 | INFO | 	                    (43, 351.6452522143659),
[92mINFO [0m:      	                    (44, 202.70348422789763),
2026-07-08 23:52:20,069 | INFO | 	                    (44, 202.70348422789763),
[92mINFO [0m:      	                    (45, 100.03759269460004),
2026-07-08 23:52:20,069 | INFO | 	                    (45, 100.03759269460004),
[92mINFO [0m:      	                    (46, 215.55279273735732),
2026-07-08 23:52:20,069 | INFO | 	                    (46, 215.55279273735732),
[92mINFO [0m:      	                    (47, 242.32343006460144),
2026-07-08 23:52:20,069 | INFO | 	                    (47, 242.32343006460144),
[92mINFO [0m:      	                    (48, 279.600582523842),
2026-07-08 23:52:20,070 | INFO | 	                    (48, 279.600582523842),
[92mINFO [0m:      	                    (49, 246.50223234851973),
2026-07-08 23:52:20,070 | INFO | 	                    (49, 246.50223234851973),
[92mINFO [0m:      	                    (50, 190.75759310230455),
2026-07-08 23:52:20,070 | INFO | 	                    (50, 190.75759310230455),
[92mINFO [0m:      	                    (51, 189.35637943152372),
2026-07-08 23:52:20,070 | INFO | 	                    (51, 189.35637943152372),
[92mINFO [0m:      	                    (52, 191.37579450009747),
2026-07-08 23:52:20,070 | INFO | 	                    (52, 191.37579450009747),
[92mINFO [0m:      	                    (53, 188.50506690330621),
2026-07-08 23:52:20,070 | INFO | 	                    (53, 188.50506690330621),
[92mINFO [0m:      	                    (54, 232.00303221057794),
2026-07-08 23:52:20,070 | INFO | 	                    (54, 232.00303221057794),
[92mINFO [0m:      	                    (55, 267.01431821755426),
2026-07-08 23:52:20,070 | INFO | 	                    (55, 267.01431821755426),
[92mINFO [0m:      	                    (56, 183.62393708875814),
2026-07-08 23:52:20,070 | INFO | 	                    (56, 183.62393708875814),
[92mINFO [0m:      	                    (57, 185.68984890934692),
2026-07-08 23:52:20,070 | INFO | 	                    (57, 185.68984890934692),
[92mINFO [0m:      	                    (58, 225.1097347205719),
2026-07-08 23:52:20,070 | INFO | 	                    (58, 225.1097347205719),
[92mINFO [0m:      	                    (59, 290.5890736820867),
2026-07-08 23:52:20,070 | INFO | 	                    (59, 290.5890736820867),
[92mINFO [0m:      	                    (60, 177.92107762841871)],
2026-07-08 23:52:20,070 | INFO | 	                    (60, 177.92107762841871)],
[92mINFO [0m:      	 'prior_loss_std': [(1, 81.95348682532877),
2026-07-08 23:52:20,070 | INFO | 	 'prior_loss_std': [(1, 81.95348682532877),
[92mINFO [0m:      	                    (2, 88.9231707293797),
2026-07-08 23:52:20,070 | INFO | 	                    (2, 88.9231707293797),
[92mINFO [0m:      	                    (3, 62.267226682834654),
2026-07-08 23:52:20,070 | INFO | 	                    (3, 62.267226682834654),
[92mINFO [0m:      	                    (4, 99.78616452935964),
2026-07-08 23:52:20,070 | INFO | 	                    (4, 99.78616452935964),
[92mINFO [0m:      	                    (5, 46.89309182653721),
2026-07-08 23:52:20,070 | INFO | 	                    (5, 46.89309182653721),
[92mINFO [0m:      	                    (6, 79.59766135628597),
2026-07-08 23:52:20,070 | INFO | 	                    (6, 79.59766135628597),
[92mINFO [0m:      	                    (7, 89.3691291575072),
2026-07-08 23:52:20,070 | INFO | 	                    (7, 89.3691291575072),
[92mINFO [0m:      	                    (8, 90.83954358807463),
2026-07-08 23:52:20,070 | INFO | 	                    (8, 90.83954358807463),
[92mINFO [0m:      	                    (9, 46.07511202313855),
2026-07-08 23:52:20,070 | INFO | 	                    (9, 46.07511202313855),
[92mINFO [0m:      	                    (10, 61.39353808123221),
2026-07-08 23:52:20,070 | INFO | 	                    (10, 61.39353808123221),
[92mINFO [0m:      	                    (11, 116.18622977865739),
2026-07-08 23:52:20,070 | INFO | 	                    (11, 116.18622977865739),
[92mINFO [0m:      	                    (12, 51.89121868511583),
2026-07-08 23:52:20,070 | INFO | 	                    (12, 51.89121868511583),
[92mINFO [0m:      	                    (13, 40.85725898268132),
2026-07-08 23:52:20,070 | INFO | 	                    (13, 40.85725898268132),
[92mINFO [0m:      	                    (14, 30.771560171179665),
2026-07-08 23:52:20,070 | INFO | 	                    (14, 30.771560171179665),
[92mINFO [0m:      	                    (15, 43.67232898767476),
2026-07-08 23:52:20,070 | INFO | 	                    (15, 43.67232898767476),
[92mINFO [0m:      	                    (16, 92.66884030124736),
2026-07-08 23:52:20,070 | INFO | 	                    (16, 92.66884030124736),
[92mINFO [0m:      	                    (17, 51.12048435952926),
2026-07-08 23:52:20,070 | INFO | 	                    (17, 51.12048435952926),
[92mINFO [0m:      	                    (18, 49.38054939606627),
2026-07-08 23:52:20,070 | INFO | 	                    (18, 49.38054939606627),
[92mINFO [0m:      	                    (19, 81.4717720897386),
2026-07-08 23:52:20,070 | INFO | 	                    (19, 81.4717720897386),
[92mINFO [0m:      	                    (20, 79.36419974195051),
2026-07-08 23:52:20,070 | INFO | 	                    (20, 79.36419974195051),
[92mINFO [0m:      	                    (21, 100.48082352993258),
2026-07-08 23:52:20,070 | INFO | 	                    (21, 100.48082352993258),
[92mINFO [0m:      	                    (22, 29.40059388470307),
2026-07-08 23:52:20,070 | INFO | 	                    (22, 29.40059388470307),
[92mINFO [0m:      	                    (23, 40.71159553454768),
2026-07-08 23:52:20,070 | INFO | 	                    (23, 40.71159553454768),
[92mINFO [0m:      	                    (24, 117.20128779323917),
2026-07-08 23:52:20,070 | INFO | 	                    (24, 117.20128779323917),
[92mINFO [0m:      	                    (25, 64.20334813468872),
2026-07-08 23:52:20,070 | INFO | 	                    (25, 64.20334813468872),
[92mINFO [0m:      	                    (26, 38.776719607770104),
2026-07-08 23:52:20,070 | INFO | 	                    (26, 38.776719607770104),
[92mINFO [0m:      	                    (27, 75.55126386082112),
2026-07-08 23:52:20,070 | INFO | 	                    (27, 75.55126386082112),
[92mINFO [0m:      	                    (28, 72.76045588015401),
2026-07-08 23:52:20,070 | INFO | 	                    (28, 72.76045588015401),
[92mINFO [0m:      	                    (29, 91.3839109274167),
2026-07-08 23:52:20,070 | INFO | 	                    (29, 91.3839109274167),
[92mINFO [0m:      	                    (30, 71.77669399564047),
2026-07-08 23:52:20,070 | INFO | 	                    (30, 71.77669399564047),
[92mINFO [0m:      	                    (31, 76.54930811672355),
2026-07-08 23:52:20,071 | INFO | 	                    (31, 76.54930811672355),
[92mINFO [0m:      	                    (32, 103.51092032510294),
2026-07-08 23:52:20,071 | INFO | 	                    (32, 103.51092032510294),
[92mINFO [0m:      	                    (33, 102.26473197356394),
2026-07-08 23:52:20,071 | INFO | 	                    (33, 102.26473197356394),
[92mINFO [0m:      	                    (34, 129.20484368811438),
2026-07-08 23:52:20,071 | INFO | 	                    (34, 129.20484368811438),
[92mINFO [0m:      	                    (35, 71.22769258755358),
2026-07-08 23:52:20,071 | INFO | 	                    (35, 71.22769258755358),
[92mINFO [0m:      	                    (36, 35.966653226962876),
2026-07-08 23:52:20,071 | INFO | 	                    (36, 35.966653226962876),
[92mINFO [0m:      	                    (37, 105.53090827694169),
2026-07-08 23:52:20,071 | INFO | 	                    (37, 105.53090827694169),
[92mINFO [0m:      	                    (38, 95.44544736646644),
2026-07-08 23:52:20,071 | INFO | 	                    (38, 95.44544736646644),
[92mINFO [0m:      	                    (39, 99.799128497065),
2026-07-08 23:52:20,071 | INFO | 	                    (39, 99.799128497065),
[92mINFO [0m:      	                    (40, 73.70909536336488),
2026-07-08 23:52:20,071 | INFO | 	                    (40, 73.70909536336488),
[92mINFO [0m:      	                    (41, 57.455477503303136),
2026-07-08 23:52:20,071 | INFO | 	                    (41, 57.455477503303136),
[92mINFO [0m:      	                    (42, 76.77090722586402),
2026-07-08 23:52:20,071 | INFO | 	                    (42, 76.77090722586402),
[92mINFO [0m:      	                    (43, 108.83812638308763),
2026-07-08 23:52:20,071 | INFO | 	                    (43, 108.83812638308763),
[92mINFO [0m:      	                    (44, 67.83152474498223),
2026-07-08 23:52:20,071 | INFO | 	                    (44, 67.83152474498223),
[92mINFO [0m:      	                    (45, 72.5779652844465),
2026-07-08 23:52:20,071 | INFO | 	                    (45, 72.5779652844465),
[92mINFO [0m:      	                    (46, 86.77185066165914),
2026-07-08 23:52:20,071 | INFO | 	                    (46, 86.77185066165914),
[92mINFO [0m:      	                    (47, 75.34190891627227),
2026-07-08 23:52:20,071 | INFO | 	                    (47, 75.34190891627227),
[92mINFO [0m:      	                    (48, 89.03676592337695),
2026-07-08 23:52:20,071 | INFO | 	                    (48, 89.03676592337695),
[92mINFO [0m:      	                    (49, 77.11315005979114),
2026-07-08 23:52:20,071 | INFO | 	                    (49, 77.11315005979114),
[92mINFO [0m:      	                    (50, 52.59479388253452),
2026-07-08 23:52:20,071 | INFO | 	                    (50, 52.59479388253452),
[92mINFO [0m:      	                    (51, 51.21426977744271),
2026-07-08 23:52:20,071 | INFO | 	                    (51, 51.21426977744271),
[92mINFO [0m:      	                    (52, 83.936513532994),
2026-07-08 23:52:20,071 | INFO | 	                    (52, 83.936513532994),
[92mINFO [0m:      	                    (53, 44.78601665858847),
2026-07-08 23:52:20,071 | INFO | 	                    (53, 44.78601665858847),
[92mINFO [0m:      	                    (54, 79.38948670098313),
2026-07-08 23:52:20,071 | INFO | 	                    (54, 79.38948670098313),
[92mINFO [0m:      	                    (55, 85.59954964302055),
2026-07-08 23:52:20,071 | INFO | 	                    (55, 85.59954964302055),
[92mINFO [0m:      	                    (56, 50.36577496464531),
2026-07-08 23:52:20,071 | INFO | 	                    (56, 50.36577496464531),
[92mINFO [0m:      	                    (57, 71.17505230178122),
2026-07-08 23:52:20,071 | INFO | 	                    (57, 71.17505230178122),
[92mINFO [0m:      	                    (58, 59.87006966096288),
2026-07-08 23:52:20,071 | INFO | 	                    (58, 59.87006966096288),
[92mINFO [0m:      	                    (59, 91.24116658910187),
2026-07-08 23:52:20,071 | INFO | 	                    (59, 91.24116658910187),
[92mINFO [0m:      	                    (60, 39.72644037936161)],
2026-07-08 23:52:20,071 | INFO | 	                    (60, 39.72644037936161)],
[92mINFO [0m:      	 'regularization_loss_max': [(1, 394.498916679151),
2026-07-08 23:52:20,071 | INFO | 	 'regularization_loss_max': [(1, 394.498916679151),
[92mINFO [0m:      	                             (2, 474.5556115708147),
2026-07-08 23:52:20,071 | INFO | 	                             (2, 474.5556115708147),
[92mINFO [0m:      	                             (3, 296.574148122158),
2026-07-08 23:52:20,071 | INFO | 	                             (3, 296.574148122158),
[92mINFO [0m:      	                             (4, 517.9509627744084),
2026-07-08 23:52:20,071 | INFO | 	                             (4, 517.9509627744084),
[92mINFO [0m:      	                             (5, 276.96838188321067),
2026-07-08 23:52:20,071 | INFO | 	                             (5, 276.96838188321067),
[92mINFO [0m:      	                             (6, 409.62312409120403),
2026-07-08 23:52:20,071 | INFO | 	                             (6, 409.62312409120403),
[92mINFO [0m:      	                             (7, 392.1107404641322),
2026-07-08 23:52:20,071 | INFO | 	                             (7, 392.1107404641322),
[92mINFO [0m:      	                             (8, 467.2030459573263),
2026-07-08 23:52:20,071 | INFO | 	                             (8, 467.2030459573263),
[92mINFO [0m:      	                             (9, 265.5049805485043),
2026-07-08 23:52:20,071 | INFO | 	                             (9, 265.5049805485043),
[92mINFO [0m:      	                             (10, 263.12008307206423),
2026-07-08 23:52:20,071 | INFO | 	                             (10, 263.12008307206423),
[92mINFO [0m:      	                             (11, 535.089303228875),
2026-07-08 23:52:20,071 | INFO | 	                             (11, 535.089303228875),
[92mINFO [0m:      	                             (12, 257.87211244951794),
2026-07-08 23:52:20,072 | INFO | 	                             (12, 257.87211244951794),
[92mINFO [0m:      	                             (13, 246.73737626823703),
2026-07-08 23:52:20,072 | INFO | 	                             (13, 246.73737626823703),
[92mINFO [0m:      	                             (14, 248.5646473638249),
2026-07-08 23:52:20,072 | INFO | 	                             (14, 248.5646473638249),
[92mINFO [0m:      	                             (15, 252.7487770651781),
2026-07-08 23:52:20,072 | INFO | 	                             (15, 252.7487770651781),
[92mINFO [0m:      	                             (16, 495.0829366674564),
2026-07-08 23:52:20,072 | INFO | 	                             (16, 495.0829366674564),
[92mINFO [0m:      	                             (17, 253.97500064808082),
2026-07-08 23:52:20,072 | INFO | 	                             (17, 253.97500064808082),
[92mINFO [0m:      	                             (18, 245.94843356818882),
2026-07-08 23:52:20,072 | INFO | 	                             (18, 245.94843356818882),
[92mINFO [0m:      	                             (19, 418.30132378764296),
2026-07-08 23:52:20,072 | INFO | 	                             (19, 418.30132378764296),
[92mINFO [0m:      	                             (20, 346.5899268491858),
2026-07-08 23:52:20,072 | INFO | 	                             (20, 346.5899268491858),
[92mINFO [0m:      	                             (21, 498.56045900982673),
2026-07-08 23:52:20,072 | INFO | 	                             (21, 498.56045900982673),
[92mINFO [0m:      	                             (22, 236.04519646308756),
2026-07-08 23:52:20,072 | INFO | 	                             (22, 236.04519646308756),
[92mINFO [0m:      	                             (23, 237.97283014489437),
2026-07-08 23:52:20,072 | INFO | 	                             (23, 237.97283014489437),
[92mINFO [0m:      	                             (24, 483.59407456457444),
2026-07-08 23:52:20,072 | INFO | 	                             (24, 483.59407456457444),
[92mINFO [0m:      	                             (25, 332.8567473834928),
2026-07-08 23:52:20,072 | INFO | 	                             (25, 332.8567473834928),
[92mINFO [0m:      	                             (26, 229.6316302425269),
2026-07-08 23:52:20,072 | INFO | 	                             (26, 229.6316302425269),
[92mINFO [0m:      	                             (27, 378.62940374247586),
2026-07-08 23:52:20,072 | INFO | 	                             (27, 378.62940374247586),
[92mINFO [0m:      	                             (28, 337.11186675842083),
2026-07-08 23:52:20,072 | INFO | 	                             (28, 337.11186675842083),
[92mINFO [0m:      	                             (29, 456.7911826450393),
2026-07-08 23:52:20,072 | INFO | 	                             (29, 456.7911826450393),
[92mINFO [0m:      	                             (30, 384.56199188289725),
2026-07-08 23:52:20,072 | INFO | 	                             (30, 384.56199188289725),
[92mINFO [0m:      	                             (31, 381.75839241649936),
2026-07-08 23:52:20,072 | INFO | 	                             (31, 381.75839241649936),
[92mINFO [0m:      	                             (32, 388.3666397351347),
2026-07-08 23:52:20,072 | INFO | 	                             (32, 388.3666397351347),
[92mINFO [0m:      	                             (33, 426.8404817689911),
2026-07-08 23:52:20,072 | INFO | 	                             (33, 426.8404817689911),
[92mINFO [0m:      	                             (34, 457.33593777834614),
2026-07-08 23:52:20,072 | INFO | 	                             (34, 457.33593777834614),
[92mINFO [0m:      	                             (35, 368.086471970292),
2026-07-08 23:52:20,072 | INFO | 	                             (35, 368.086471970292),
[92mINFO [0m:      	                             (36, 212.3702682028933),
2026-07-08 23:52:20,072 | INFO | 	                             (36, 212.3702682028933),
[92mINFO [0m:      	                             (37, 419.7172606938412),
2026-07-08 23:52:20,072 | INFO | 	                             (37, 419.7172606938412),
[92mINFO [0m:      	                             (38, 366.4506622416882),
2026-07-08 23:52:20,072 | INFO | 	                             (38, 366.4506622416882),
[92mINFO [0m:      	                             (39, 436.07854484376935),
2026-07-08 23:52:20,072 | INFO | 	                             (39, 436.07854484376935),
[92mINFO [0m:      	                             (40, 365.428006724523),
2026-07-08 23:52:20,072 | INFO | 	                             (40, 365.428006724523),
[92mINFO [0m:      	                             (41, 286.71314926216525),
2026-07-08 23:52:20,072 | INFO | 	                             (41, 286.71314926216525),
[92mINFO [0m:      	                             (42, 359.1096552149662),
2026-07-08 23:52:20,072 | INFO | 	                             (42, 359.1096552149662),
[92mINFO [0m:      	                             (43, 422.839540884587),
2026-07-08 23:52:20,072 | INFO | 	                             (43, 422.839540884587),
[92mINFO [0m:      	                             (44, 348.32685166344584),
2026-07-08 23:52:20,072 | INFO | 	                             (44, 348.32685166344584),
[92mINFO [0m:      	                             (45, 390.03902338309405),
2026-07-08 23:52:20,072 | INFO | 	                             (45, 390.03902338309405),
[92mINFO [0m:      	                             (46, 401.14911028414826),
2026-07-08 23:52:20,072 | INFO | 	                             (46, 401.14911028414826),
[92mINFO [0m:      	                             (47, 339.5279892606993),
2026-07-08 23:52:20,072 | INFO | 	                             (47, 339.5279892606993),
[92mINFO [0m:      	                             (48, 392.63810959923467),
2026-07-08 23:52:20,072 | INFO | 	                             (48, 392.63810959923467),
[92mINFO [0m:      	                             (49, 346.21210515080867),
2026-07-08 23:52:20,072 | INFO | 	                             (49, 346.21210515080867),
[92mINFO [0m:      	                             (50, 275.5961837054899),
2026-07-08 23:52:20,072 | INFO | 	                             (50, 275.5961837054899),
[92mINFO [0m:      	                             (51, 268.72559077647725),
2026-07-08 23:52:20,072 | INFO | 	                             (51, 268.72559077647725),
[92mINFO [0m:      	                             (52, 414.6080668220558),
2026-07-08 23:52:20,072 | INFO | 	                             (52, 414.6080668220558),
[92mINFO [0m:      	                             (53, 190.38674399969815),
2026-07-08 23:52:20,072 | INFO | 	                             (53, 190.38674399969815),
[92mINFO [0m:      	                             (54, 366.60092415003),
2026-07-08 23:52:20,073 | INFO | 	                             (54, 366.60092415003),
[92mINFO [0m:      	                             (55, 364.6022331668894),
2026-07-08 23:52:20,073 | INFO | 	                             (55, 364.6022331668894),
[92mINFO [0m:      	                             (56, 262.9249038278456),
2026-07-08 23:52:20,073 | INFO | 	                             (56, 262.9249038278456),
[92mINFO [0m:      	                             (57, 354.6588680972362),
2026-07-08 23:52:20,073 | INFO | 	                             (57, 354.6588680972362),
[92mINFO [0m:      	                             (58, 257.40079686078775),
2026-07-08 23:52:20,073 | INFO | 	                             (58, 257.40079686078775),
[92mINFO [0m:      	                             (59, 365.844005879964),
2026-07-08 23:52:20,073 | INFO | 	                             (59, 365.844005879964),
[92mINFO [0m:      	                             (60, 180.96502574310833)],
2026-07-08 23:52:20,073 | INFO | 	                             (60, 180.96502574310833)],
[92mINFO [0m:      	 'regularization_loss_mean': [(1, 184.71292109376688),
2026-07-08 23:52:20,073 | INFO | 	 'regularization_loss_mean': [(1, 184.71292109376688),
[92mINFO [0m:      	                              (2, 169.1053199923759),
2026-07-08 23:52:20,073 | INFO | 	                              (2, 169.1053199923759),
[92mINFO [0m:      	                              (3, 168.11395385952216),
2026-07-08 23:52:20,073 | INFO | 	                              (3, 168.11395385952216),
[92mINFO [0m:      	                              (4, 169.56577189899875),
2026-07-08 23:52:20,073 | INFO | 	                              (4, 169.56577189899875),
[92mINFO [0m:      	                              (5, 152.27405175053914),
2026-07-08 23:52:20,073 | INFO | 	                              (5, 152.27405175053914),
[92mINFO [0m:      	                              (6, 169.7471392621761),
2026-07-08 23:52:20,073 | INFO | 	                              (6, 169.7471392621761),
[92mINFO [0m:      	                              (7, 181.7224705857827),
2026-07-08 23:52:20,073 | INFO | 	                              (7, 181.7224705857827),
[92mINFO [0m:      	                              (8, 170.32830550605135),
2026-07-08 23:52:20,073 | INFO | 	                              (8, 170.32830550605135),
[92mINFO [0m:      	                              (9, 147.10910335466318),
2026-07-08 23:52:20,073 | INFO | 	                              (9, 147.10910335466318),
[92mINFO [0m:      	                              (10, 171.99329598257998),
2026-07-08 23:52:20,073 | INFO | 	                              (10, 171.99329598257998),
[92mINFO [0m:      	                              (11, 188.0569215296184),
2026-07-08 23:52:20,073 | INFO | 	                              (11, 188.0569215296184),
[92mINFO [0m:      	                              (12, 152.38085747047447),
2026-07-08 23:52:20,073 | INFO | 	                              (12, 152.38085747047447),
[92mINFO [0m:      	                              (13, 142.30039304896448),
2026-07-08 23:52:20,073 | INFO | 	                              (13, 142.30039304896448),
[92mINFO [0m:      	                              (14, 133.51047352179538),
2026-07-08 23:52:20,073 | INFO | 	                              (14, 133.51047352179538),
[92mINFO [0m:      	                              (15, 141.2783580764003),
2026-07-08 23:52:20,073 | INFO | 	                              (15, 141.2783580764003),
[92mINFO [0m:      	                              (16, 148.3668599480155),
2026-07-08 23:52:20,073 | INFO | 	                              (16, 148.3668599480155),
[92mINFO [0m:      	                              (17, 148.15415312663484),
2026-07-08 23:52:20,073 | INFO | 	                              (17, 148.15415312663484),
[92mINFO [0m:      	                              (18, 146.3605286043353),
2026-07-08 23:52:20,073 | INFO | 	                              (18, 146.3605286043353),
[92mINFO [0m:      	                              (19, 157.5082964538303),
2026-07-08 23:52:20,073 | INFO | 	                              (19, 157.5082964538303),
[92mINFO [0m:      	                              (20, 158.29988148552277),
2026-07-08 23:52:20,073 | INFO | 	                              (20, 158.29988148552277),
[92mINFO [0m:      	                              (21, 175.73670988982047),
2026-07-08 23:52:20,073 | INFO | 	                              (21, 175.73670988982047),
[92mINFO [0m:      	                              (22, 126.09675944027735),
2026-07-08 23:52:20,073 | INFO | 	                              (22, 126.09675944027735),
[92mINFO [0m:      	                              (23, 133.57020764484733),
2026-07-08 23:52:20,073 | INFO | 	                              (23, 133.57020764484733),
[92mINFO [0m:      	                              (24, 181.40215694114104),
2026-07-08 23:52:20,073 | INFO | 	                              (24, 181.40215694114104),
[92mINFO [0m:      	                              (25, 146.09368063189171),
2026-07-08 23:52:20,073 | INFO | 	                              (25, 146.09368063189171),
[92mINFO [0m:      	                              (26, 130.05100054569206),
2026-07-08 23:52:20,073 | INFO | 	                              (26, 130.05100054569206),
[92mINFO [0m:      	                              (27, 155.07758471491022),
2026-07-08 23:52:20,073 | INFO | 	                              (27, 155.07758471491022),
[92mINFO [0m:      	                              (28, 141.55701083662902),
2026-07-08 23:52:20,073 | INFO | 	                              (28, 141.55701083662902),
[92mINFO [0m:      	                              (29, 157.80736364196883),
2026-07-08 23:52:20,073 | INFO | 	                              (29, 157.80736364196883),
[92mINFO [0m:      	                              (30, 137.68900592304843),
2026-07-08 23:52:20,073 | INFO | 	                              (30, 137.68900592304843),
[92mINFO [0m:      	                              (31, 152.17943123251558),
2026-07-08 23:52:20,073 | INFO | 	                              (31, 152.17943123251558),
[92mINFO [0m:      	                              (32, 176.5715661429287),
2026-07-08 23:52:20,073 | INFO | 	                              (32, 176.5715661429287),
[92mINFO [0m:      	                              (33, 163.58207623784014),
2026-07-08 23:52:20,073 | INFO | 	                              (33, 163.58207623784014),
[92mINFO [0m:      	                              (34, 202.03339728046234),
2026-07-08 23:52:20,073 | INFO | 	                              (34, 202.03339728046234),
[92mINFO [0m:      	                              (35, 138.6439586342645),
2026-07-08 23:52:20,073 | INFO | 	                              (35, 138.6439586342645),
[92mINFO [0m:      	                              (36, 120.36749668281672),
2026-07-08 23:52:20,073 | INFO | 	                              (36, 120.36749668281672),
[92mINFO [0m:      	                              (37, 191.69362475413433),
2026-07-08 23:52:20,074 | INFO | 	                              (37, 191.69362475413433),
[92mINFO [0m:      	                              (38, 159.0858206203966),
2026-07-08 23:52:20,074 | INFO | 	                              (38, 159.0858206203966),
[92mINFO [0m:      	                              (39, 165.90580808555646),
2026-07-08 23:52:20,074 | INFO | 	                              (39, 165.90580808555646),
[92mINFO [0m:      	                              (40, 148.37106143188598),
2026-07-08 23:52:20,074 | INFO | 	                              (40, 148.37106143188598),
[92mINFO [0m:      	                              (41, 135.31370199945562),
2026-07-08 23:52:20,074 | INFO | 	                              (41, 135.31370199945562),
[92mINFO [0m:      	                              (42, 131.0792972969824),
2026-07-08 23:52:20,074 | INFO | 	                              (42, 131.0792972969824),
[92mINFO [0m:      	                              (43, 168.4062469684851),
2026-07-08 23:52:20,074 | INFO | 	                              (43, 168.4062469684851),
[92mINFO [0m:      	                              (44, 130.10614227713435),
2026-07-08 23:52:20,074 | INFO | 	                              (44, 130.10614227713435),
[92mINFO [0m:      	                              (45, 118.48530813016947),
2026-07-08 23:52:20,074 | INFO | 	                              (45, 118.48530813016947),
[92mINFO [0m:      	                              (46, 131.47092938241607),
2026-07-08 23:52:20,074 | INFO | 	                              (46, 131.47092938241607),
[92mINFO [0m:      	                              (47, 145.27083982381453),
2026-07-08 23:52:20,074 | INFO | 	                              (47, 145.27083982381453),
[92mINFO [0m:      	                              (48, 167.1684060516525),
2026-07-08 23:52:20,074 | INFO | 	                              (48, 167.1684060516525),
[92mINFO [0m:      	                              (49, 151.07598555498197),
2026-07-08 23:52:20,074 | INFO | 	                              (49, 151.07598555498197),
[92mINFO [0m:      	                              (50, 120.0606652315288),
2026-07-08 23:52:20,074 | INFO | 	                              (50, 120.0606652315288),
[92mINFO [0m:      	                              (51, 118.97412068620959),
2026-07-08 23:52:20,074 | INFO | 	                              (51, 118.97412068620959),
[92mINFO [0m:      	                              (52, 134.80121582261052),
2026-07-08 23:52:20,074 | INFO | 	                              (52, 134.80121582261052),
[92mINFO [0m:      	                              (53, 124.6163757793907),
2026-07-08 23:52:20,074 | INFO | 	                              (53, 124.6163757793907),
[92mINFO [0m:      	                              (54, 141.0006383974016),
2026-07-08 23:52:20,074 | INFO | 	                              (54, 141.0006383974016),
[92mINFO [0m:      	                              (55, 139.81447545926247),
2026-07-08 23:52:20,074 | INFO | 	                              (55, 139.81447545926247),
[92mINFO [0m:      	                              (56, 115.0181192058738),
2026-07-08 23:52:20,074 | INFO | 	                              (56, 115.0181192058738),
[92mINFO [0m:      	                              (57, 126.97607497973416),
2026-07-08 23:52:20,074 | INFO | 	                              (57, 126.97607497973416),
[92mINFO [0m:      	                              (58, 124.20773318678762),
2026-07-08 23:52:20,074 | INFO | 	                              (58, 124.20773318678762),
[92mINFO [0m:      	                              (59, 162.9800792499404),
2026-07-08 23:52:20,074 | INFO | 	                              (59, 162.9800792499404),
[92mINFO [0m:      	                              (60, 112.52282076792918)],
2026-07-08 23:52:20,074 | INFO | 	                              (60, 112.52282076792918)],
[92mINFO [0m:      	 'regularization_loss_min': [(1, 135.20461440576673),
2026-07-08 23:52:20,074 | INFO | 	 'regularization_loss_min': [(1, 135.20461440576673),
[92mINFO [0m:      	                             (2, 134.5612434472684),
2026-07-08 23:52:20,074 | INFO | 	                             (2, 134.5612434472684),
[92mINFO [0m:      	                             (3, 133.48605252598648),
2026-07-08 23:52:20,074 | INFO | 	                             (3, 133.48605252598648),
[92mINFO [0m:      	                             (4, 132.82608104107732),
2026-07-08 23:52:20,074 | INFO | 	                             (4, 132.82608104107732),
[92mINFO [0m:      	                             (5, 131.73309275083798),
2026-07-08 23:52:20,074 | INFO | 	                             (5, 131.73309275083798),
[92mINFO [0m:      	                             (6, 130.86867192207862),
2026-07-08 23:52:20,074 | INFO | 	                             (6, 130.86867192207862),
[92mINFO [0m:      	                             (7, 129.87913360428155),
2026-07-08 23:52:20,074 | INFO | 	                             (7, 129.87913360428155),
[92mINFO [0m:      	                             (8, 128.92317004272033),
2026-07-08 23:52:20,074 | INFO | 	                             (8, 128.92317004272033),
[92mINFO [0m:      	                             (9, 128.05309430827222),
2026-07-08 23:52:20,074 | INFO | 	                             (9, 128.05309430827222),
[92mINFO [0m:      	                             (10, 127.51311758897029),
2026-07-08 23:52:20,074 | INFO | 	                             (10, 127.51311758897029),
[92mINFO [0m:      	                             (11, 126.54230644799466),
2026-07-08 23:52:20,074 | INFO | 	                             (11, 126.54230644799466),
[92mINFO [0m:      	                             (12, 125.42220783847215),
2026-07-08 23:52:20,074 | INFO | 	                             (12, 125.42220783847215),
[92mINFO [0m:      	                             (13, 124.94223603032414),
2026-07-08 23:52:20,074 | INFO | 	                             (13, 124.94223603032414),
[92mINFO [0m:      	                             (14, 124.22131994310806),
2026-07-08 23:52:20,074 | INFO | 	                             (14, 124.22131994310806),
[92mINFO [0m:      	                             (15, 123.39847908304071),
2026-07-08 23:52:20,074 | INFO | 	                             (15, 123.39847908304071),
[92mINFO [0m:      	                             (16, 122.67273741442372),
2026-07-08 23:52:20,074 | INFO | 	                             (16, 122.67273741442372),
[92mINFO [0m:      	                             (17, 121.77985895245179),
2026-07-08 23:52:20,074 | INFO | 	                             (17, 121.77985895245179),
[92mINFO [0m:      	                             (18, 121.13505924100708),
2026-07-08 23:52:20,074 | INFO | 	                             (18, 121.13505924100708),
[92mINFO [0m:      	                             (19, 119.9057540059451),
2026-07-08 23:52:20,075 | INFO | 	                             (19, 119.9057540059451),
[92mINFO [0m:      	                             (20, 119.29550404896257),
2026-07-08 23:52:20,075 | INFO | 	                             (20, 119.29550404896257),
[92mINFO [0m:      	                             (21, 118.25789683998389),
2026-07-08 23:52:20,075 | INFO | 	                             (21, 118.25789683998389),
[92mINFO [0m:      	                             (22, 117.2229448661661),
2026-07-08 23:52:20,075 | INFO | 	                             (22, 117.2229448661661),
[92mINFO [0m:      	                             (23, 116.71786774289411),
2026-07-08 23:52:20,075 | INFO | 	                             (23, 116.71786774289411),
[92mINFO [0m:      	                             (24, 115.75555190754349),
2026-07-08 23:52:20,075 | INFO | 	                             (24, 115.75555190754349),
[92mINFO [0m:      	                             (25, 114.6143734871156),
2026-07-08 23:52:20,075 | INFO | 	                             (25, 114.6143734871156),
[92mINFO [0m:      	                             (26, 114.10824467356629),
2026-07-08 23:52:20,075 | INFO | 	                             (26, 114.10824467356629),
[92mINFO [0m:      	                             (27, 113.6343653395823),
2026-07-08 23:52:20,075 | INFO | 	                             (27, 113.6343653395823),
[92mINFO [0m:      	                             (28, 112.2743043280177),
2026-07-08 23:52:20,075 | INFO | 	                             (28, 112.2743043280177),
[92mINFO [0m:      	                             (29, 111.61468824095323),
2026-07-08 23:52:20,075 | INFO | 	                             (29, 111.61468824095323),
[92mINFO [0m:      	                             (30, 110.7313062895065),
2026-07-08 23:52:20,075 | INFO | 	                             (30, 110.7313062895065),
[92mINFO [0m:      	                             (31, 110.27369327388458),
2026-07-08 23:52:20,075 | INFO | 	                             (31, 110.27369327388458),
[92mINFO [0m:      	                             (32, 109.01285000822398),
2026-07-08 23:52:20,075 | INFO | 	                             (32, 109.01285000822398),
[92mINFO [0m:      	                             (33, 108.24785377526779),
2026-07-08 23:52:20,075 | INFO | 	                             (33, 108.24785377526779),
[92mINFO [0m:      	                             (34, 107.75187008582479),
2026-07-08 23:52:20,075 | INFO | 	                             (34, 107.75187008582479),
[92mINFO [0m:      	                             (35, 105.84709212414434),
2026-07-08 23:52:20,075 | INFO | 	                             (35, 105.84709212414434),
[92mINFO [0m:      	                             (36, 105.21647281832257),
2026-07-08 23:52:20,075 | INFO | 	                             (36, 105.21647281832257),
[92mINFO [0m:      	                             (37, 104.73791276171474),
2026-07-08 23:52:20,075 | INFO | 	                             (37, 104.73791276171474),
[92mINFO [0m:      	                             (38, 104.29119462565336),
2026-07-08 23:52:20,075 | INFO | 	                             (38, 104.29119462565336),
[92mINFO [0m:      	                             (39, 103.36857769261196),
2026-07-08 23:52:20,075 | INFO | 	                             (39, 103.36857769261196),
[92mINFO [0m:      	                             (40, 102.28446760861577),
2026-07-08 23:52:20,075 | INFO | 	                             (40, 102.28446760861577),
[92mINFO [0m:      	                             (41, 101.90917748268352),
2026-07-08 23:52:20,075 | INFO | 	                             (41, 101.90917748268352),
[92mINFO [0m:      	                             (42, 100.79144621870309),
2026-07-08 23:52:20,075 | INFO | 	                             (42, 100.79144621870309),
[92mINFO [0m:      	                             (43, 100.500826913724),
2026-07-08 23:52:20,075 | INFO | 	                             (43, 100.500826913724),
[92mINFO [0m:      	                             (44, 99.11237163898231),
2026-07-08 23:52:20,075 | INFO | 	                             (44, 99.11237163898231),
[92mINFO [0m:      	                             (45, 98.39069524627841),
2026-07-08 23:52:20,075 | INFO | 	                             (45, 98.39069524627841),
[92mINFO [0m:      	                             (46, 97.70456772878521),
2026-07-08 23:52:20,075 | INFO | 	                             (46, 97.70456772878521),
[92mINFO [0m:      	                             (47, 96.72894756183582),
2026-07-08 23:52:20,075 | INFO | 	                             (47, 96.72894756183582),
[92mINFO [0m:      	                             (48, 96.30588793032042),
2026-07-08 23:52:20,075 | INFO | 	                             (48, 96.30588793032042),
[92mINFO [0m:      	                             (49, 95.25211325846539),
2026-07-08 23:52:20,075 | INFO | 	                             (49, 95.25211325846539),
[92mINFO [0m:      	                             (50, 94.53534995291635),
2026-07-08 23:52:20,075 | INFO | 	                             (50, 94.53534995291635),
[92mINFO [0m:      	                             (51, 94.02980934666098),
2026-07-08 23:52:20,075 | INFO | 	                             (51, 94.02980934666098),
[92mINFO [0m:      	                             (52, 93.5881153458517),
2026-07-08 23:52:20,075 | INFO | 	                             (52, 93.5881153458517),
[92mINFO [0m:      	                             (53, 92.5469151359833),
2026-07-08 23:52:20,075 | INFO | 	                             (53, 92.5469151359833),
[92mINFO [0m:      	                             (54, 92.13706182872015),
2026-07-08 23:52:20,075 | INFO | 	                             (54, 92.13706182872015),
[92mINFO [0m:      	                             (55, 91.28685024825054),
2026-07-08 23:52:20,075 | INFO | 	                             (55, 91.28685024825054),
[92mINFO [0m:      	                             (56, 90.51838600053621),
2026-07-08 23:52:20,075 | INFO | 	                             (56, 90.51838600053621),
[92mINFO [0m:      	                             (57, 89.98501303503673),
2026-07-08 23:52:20,075 | INFO | 	                             (57, 89.98501303503673),
[92mINFO [0m:      	                             (58, 89.54769088625285),
2026-07-08 23:52:20,075 | INFO | 	                             (58, 89.54769088625285),
[92mINFO [0m:      	                             (59, 88.80858060620035),
2026-07-08 23:52:20,075 | INFO | 	                             (59, 88.80858060620035),
[92mINFO [0m:      	                             (60, 87.95566403920358)],
2026-07-08 23:52:20,075 | INFO | 	                             (60, 87.95566403920358)],
[92mINFO [0m:      	 'regularization_loss_p10': [(1, 135.214340144882),
2026-07-08 23:52:20,076 | INFO | 	 'regularization_loss_p10': [(1, 135.214340144882),
[92mINFO [0m:      	                             (2, 135.14539649292055),
2026-07-08 23:52:20,076 | INFO | 	                             (2, 135.14539649292055),
[92mINFO [0m:      	                             (3, 134.17988841574663),
2026-07-08 23:52:20,076 | INFO | 	                             (3, 134.17988841574663),
[92mINFO [0m:      	                             (4, 132.91741309356073),
2026-07-08 23:52:20,076 | INFO | 	                             (4, 132.91741309356073),
[92mINFO [0m:      	                             (5, 132.04770413144422),
2026-07-08 23:52:20,076 | INFO | 	                             (5, 132.04770413144422),
[92mINFO [0m:      	                             (6, 131.58997169364162),
2026-07-08 23:52:20,076 | INFO | 	                             (6, 131.58997169364162),
[92mINFO [0m:      	                             (7, 130.3037741562324),
2026-07-08 23:52:20,076 | INFO | 	                             (7, 130.3037741562324),
[92mINFO [0m:      	                             (8, 129.22777607164983),
2026-07-08 23:52:20,076 | INFO | 	                             (8, 129.22777607164983),
[92mINFO [0m:      	                             (9, 128.31788630528754),
2026-07-08 23:52:20,076 | INFO | 	                             (9, 128.31788630528754),
[92mINFO [0m:      	                             (10, 127.66225241790752),
2026-07-08 23:52:20,076 | INFO | 	                             (10, 127.66225241790752),
[92mINFO [0m:      	                             (11, 126.65903343127698),
2026-07-08 23:52:20,076 | INFO | 	                             (11, 126.65903343127698),
[92mINFO [0m:      	                             (12, 125.76488091172715),
2026-07-08 23:52:20,076 | INFO | 	                             (12, 125.76488091172715),
[92mINFO [0m:      	                             (13, 125.24203383762288),
2026-07-08 23:52:20,076 | INFO | 	                             (13, 125.24203383762288),
[92mINFO [0m:      	                             (14, 124.30917858033077),
2026-07-08 23:52:20,076 | INFO | 	                             (14, 124.30917858033077),
[92mINFO [0m:      	                             (15, 123.59159259903203),
2026-07-08 23:52:20,076 | INFO | 	                             (15, 123.59159259903203),
[92mINFO [0m:      	                             (16, 122.83492363075607),
2026-07-08 23:52:20,076 | INFO | 	                             (16, 122.83492363075607),
[92mINFO [0m:      	                             (17, 121.88467170190985),
2026-07-08 23:52:20,076 | INFO | 	                             (17, 121.88467170190985),
[92mINFO [0m:      	                             (18, 121.18794959500318),
2026-07-08 23:52:20,076 | INFO | 	                             (18, 121.18794959500318),
[92mINFO [0m:      	                             (19, 120.0473891916143),
2026-07-08 23:52:20,076 | INFO | 	                             (19, 120.0473891916143),
[92mINFO [0m:      	                             (20, 119.43922022306239),
2026-07-08 23:52:20,076 | INFO | 	                             (20, 119.43922022306239),
[92mINFO [0m:      	                             (21, 118.49418165871603),
2026-07-08 23:52:20,076 | INFO | 	                             (21, 118.49418165871603),
[92mINFO [0m:      	                             (22, 117.63598459831658),
2026-07-08 23:52:20,076 | INFO | 	                             (22, 117.63598459831658),
[92mINFO [0m:      	                             (23, 116.91054211932189),
2026-07-08 23:52:20,076 | INFO | 	                             (23, 116.91054211932189),
[92mINFO [0m:      	                             (24, 115.89388307992395),
2026-07-08 23:52:20,076 | INFO | 	                             (24, 115.89388307992395),
[92mINFO [0m:      	                             (25, 115.02495627039433),
2026-07-08 23:52:20,076 | INFO | 	                             (25, 115.02495627039433),
[92mINFO [0m:      	                             (26, 114.31307452780212),
2026-07-08 23:52:20,076 | INFO | 	                             (26, 114.31307452780212),
[92mINFO [0m:      	                             (27, 113.7065319846837),
2026-07-08 23:52:20,076 | INFO | 	                             (27, 113.7065319846837),
[92mINFO [0m:      	                             (28, 112.62158190372236),
2026-07-08 23:52:20,076 | INFO | 	                             (28, 112.62158190372236),
[92mINFO [0m:      	                             (29, 112.11689722302111),
2026-07-08 23:52:20,076 | INFO | 	                             (29, 112.11689722302111),
[92mINFO [0m:      	                             (30, 110.98756552644763),
2026-07-08 23:52:20,076 | INFO | 	                             (30, 110.98756552644763),
[92mINFO [0m:      	                             (31, 110.52998755220447),
2026-07-08 23:52:20,076 | INFO | 	                             (31, 110.52998755220447),
[92mINFO [0m:      	                             (32, 109.20802465388),
2026-07-08 23:52:20,076 | INFO | 	                             (32, 109.20802465388),
[92mINFO [0m:      	                             (33, 108.80498541562625),
2026-07-08 23:52:20,076 | INFO | 	                             (33, 108.80498541562625),
[92mINFO [0m:      	                             (34, 107.98468750835508),
2026-07-08 23:52:20,076 | INFO | 	                             (34, 107.98468750835508),
[92mINFO [0m:      	                             (35, 106.63137883536588),
2026-07-08 23:52:20,076 | INFO | 	                             (35, 106.63137883536588),
[92mINFO [0m:      	                             (36, 105.47443763320027),
2026-07-08 23:52:20,076 | INFO | 	                             (36, 105.47443763320027),
[92mINFO [0m:      	                             (37, 105.13557515803534),
2026-07-08 23:52:20,076 | INFO | 	                             (37, 105.13557515803534),
[92mINFO [0m:      	                             (38, 104.4043820233078),
2026-07-08 23:52:20,076 | INFO | 	                             (38, 104.4043820233078),
[92mINFO [0m:      	                             (39, 103.40864186638476),
2026-07-08 23:52:20,076 | INFO | 	                             (39, 103.40864186638476),
[92mINFO [0m:      	                             (40, 102.45480145413474),
2026-07-08 23:52:20,076 | INFO | 	                             (40, 102.45480145413474),
[92mINFO [0m:      	                             (41, 101.97155384530679),
2026-07-08 23:52:20,076 | INFO | 	                             (41, 101.97155384530679),
[92mINFO [0m:      	                             (42, 101.06840697100108),
2026-07-08 23:52:20,076 | INFO | 	                             (42, 101.06840697100108),
[92mINFO [0m:      	                             (43, 100.83937224560597),
2026-07-08 23:52:20,077 | INFO | 	                             (43, 100.83937224560597),
[92mINFO [0m:      	                             (44, 99.26730302825177),
2026-07-08 23:52:20,077 | INFO | 	                             (44, 99.26730302825177),
[92mINFO [0m:      	                             (45, 98.4807065417309),
2026-07-08 23:52:20,077 | INFO | 	                             (45, 98.4807065417309),
[92mINFO [0m:      	                             (46, 97.93417635034554),
2026-07-08 23:52:20,077 | INFO | 	                             (46, 97.93417635034554),
[92mINFO [0m:      	                             (47, 97.02010930734593),
2026-07-08 23:52:20,077 | INFO | 	                             (47, 97.02010930734593),
[92mINFO [0m:      	                             (48, 96.38348286173665),
2026-07-08 23:52:20,077 | INFO | 	                             (48, 96.38348286173665),
[92mINFO [0m:      	                             (49, 95.5735455917243),
2026-07-08 23:52:20,077 | INFO | 	                             (49, 95.5735455917243),
[92mINFO [0m:      	                             (50, 94.66528909445327),
2026-07-08 23:52:20,077 | INFO | 	                             (50, 94.66528909445327),
[92mINFO [0m:      	                             (51, 94.1009435036877),
2026-07-08 23:52:20,077 | INFO | 	                             (51, 94.1009435036877),
[92mINFO [0m:      	                             (52, 93.65834101855586),
2026-07-08 23:52:20,077 | INFO | 	                             (52, 93.65834101855586),
[92mINFO [0m:      	                             (53, 92.7240534597291),
2026-07-08 23:52:20,077 | INFO | 	                             (53, 92.7240534597291),
[92mINFO [0m:      	                             (54, 92.22067113858789),
2026-07-08 23:52:20,077 | INFO | 	                             (54, 92.22067113858789),
[92mINFO [0m:      	                             (55, 91.42776258307427),
2026-07-08 23:52:20,077 | INFO | 	                             (55, 91.42776258307427),
[92mINFO [0m:      	                             (56, 90.73834561324787),
2026-07-08 23:52:20,077 | INFO | 	                             (56, 90.73834561324787),
[92mINFO [0m:      	                             (57, 90.08890055430089),
2026-07-08 23:52:20,077 | INFO | 	                             (57, 90.08890055430089),
[92mINFO [0m:      	                             (58, 89.58420890094075),
2026-07-08 23:52:20,077 | INFO | 	                             (58, 89.58420890094075),
[92mINFO [0m:      	                             (59, 89.05866815351214),
2026-07-08 23:52:20,077 | INFO | 	                             (59, 89.05866815351214),
[92mINFO [0m:      	                             (60, 87.99933884273808)],
2026-07-08 23:52:20,077 | INFO | 	                             (60, 87.99933884273808)],
[92mINFO [0m:      	 'regularization_loss_p50': [(1, 136.82201655125195),
2026-07-08 23:52:20,077 | INFO | 	 'regularization_loss_p50': [(1, 136.82201655125195),
[92mINFO [0m:      	                             (2, 136.98997299768922),
2026-07-08 23:52:20,077 | INFO | 	                             (2, 136.98997299768922),
[92mINFO [0m:      	                             (3, 138.31297943888055),
2026-07-08 23:52:20,077 | INFO | 	                             (3, 138.31297943888055),
[92mINFO [0m:      	                             (4, 134.7987679938821),
2026-07-08 23:52:20,077 | INFO | 	                             (4, 134.7987679938821),
[92mINFO [0m:      	                             (5, 133.41407277789003),
2026-07-08 23:52:20,077 | INFO | 	                             (5, 133.41407277789003),
[92mINFO [0m:      	                             (6, 132.62622119850528),
2026-07-08 23:52:20,077 | INFO | 	                             (6, 132.62622119850528),
[92mINFO [0m:      	                             (7, 130.74790953562112),
2026-07-08 23:52:20,077 | INFO | 	                             (7, 130.74790953562112),
[92mINFO [0m:      	                             (8, 130.36351243452916),
2026-07-08 23:52:20,077 | INFO | 	                             (8, 130.36351243452916),
[92mINFO [0m:      	                             (9, 128.74996227792184),
2026-07-08 23:52:20,077 | INFO | 	                             (9, 128.74996227792184),
[92mINFO [0m:      	                             (10, 128.82986840838856),
2026-07-08 23:52:20,077 | INFO | 	                             (10, 128.82986840838856),
[92mINFO [0m:      	                             (11, 127.83781273086254),
2026-07-08 23:52:20,077 | INFO | 	                             (11, 127.83781273086254),
[92mINFO [0m:      	                             (12, 126.68420585062911),
2026-07-08 23:52:20,077 | INFO | 	                             (12, 126.68420585062911),
[92mINFO [0m:      	                             (13, 125.69819249737904),
2026-07-08 23:52:20,077 | INFO | 	                             (13, 125.69819249737904),
[92mINFO [0m:      	                             (14, 124.97109561410392),
2026-07-08 23:52:20,077 | INFO | 	                             (14, 124.97109561410392),
[92mINFO [0m:      	                             (15, 124.13906476535263),
2026-07-08 23:52:20,077 | INFO | 	                             (15, 124.13906476535263),
[92mINFO [0m:      	                             (16, 123.20387365737983),
2026-07-08 23:52:20,077 | INFO | 	                             (16, 123.20387365737983),
[92mINFO [0m:      	                             (17, 122.44885725229109),
2026-07-08 23:52:20,077 | INFO | 	                             (17, 122.44885725229109),
[92mINFO [0m:      	                             (18, 121.70496267901592),
2026-07-08 23:52:20,077 | INFO | 	                             (18, 121.70496267901592),
[92mINFO [0m:      	                             (19, 121.3679397769265),
2026-07-08 23:52:20,077 | INFO | 	                             (19, 121.3679397769265),
[92mINFO [0m:      	                             (20, 120.15244642370682),
2026-07-08 23:52:20,077 | INFO | 	                             (20, 120.15244642370682),
[92mINFO [0m:      	                             (21, 119.25000162583845),
2026-07-08 23:52:20,077 | INFO | 	                             (21, 119.25000162583845),
[92mINFO [0m:      	                             (22, 117.93833669782212),
2026-07-08 23:52:20,077 | INFO | 	                             (22, 117.93833669782212),
[92mINFO [0m:      	                             (23, 117.4049130143507),
2026-07-08 23:52:20,077 | INFO | 	                             (23, 117.4049130143507),
[92mINFO [0m:      	                             (24, 116.82502686306523),
2026-07-08 23:52:20,077 | INFO | 	                             (24, 116.82502686306523),
[92mINFO [0m:      	                             (25, 115.87392553617396),
2026-07-08 23:52:20,078 | INFO | 	                             (25, 115.87392553617396),
[92mINFO [0m:      	                             (26, 114.87547333122849),
2026-07-08 23:52:20,078 | INFO | 	                             (26, 114.87547333122849),
[92mINFO [0m:      	                             (27, 114.28300970640346),
2026-07-08 23:52:20,078 | INFO | 	                             (27, 114.28300970640346),
[92mINFO [0m:      	                             (28, 113.07898219592697),
2026-07-08 23:52:20,078 | INFO | 	                             (28, 113.07898219592697),
[92mINFO [0m:      	                             (29, 112.71083988711132),
2026-07-08 23:52:20,078 | INFO | 	                             (29, 112.71083988711132),
[92mINFO [0m:      	                             (30, 111.76109488968667),
2026-07-08 23:52:20,078 | INFO | 	                             (30, 111.76109488968667),
[92mINFO [0m:      	                             (31, 111.01401868179613),
2026-07-08 23:52:20,078 | INFO | 	                             (31, 111.01401868179613),
[92mINFO [0m:      	                             (32, 109.90662979947656),
2026-07-08 23:52:20,078 | INFO | 	                             (32, 109.90662979947656),
[92mINFO [0m:      	                             (33, 109.76773836375877),
2026-07-08 23:52:20,078 | INFO | 	                             (33, 109.76773836375877),
[92mINFO [0m:      	                             (34, 108.82494619454047),
2026-07-08 23:52:20,078 | INFO | 	                             (34, 108.82494619454047),
[92mINFO [0m:      	                             (35, 107.1817200981242),
2026-07-08 23:52:20,078 | INFO | 	                             (35, 107.1817200981242),
[92mINFO [0m:      	                             (36, 106.27631745409828),
2026-07-08 23:52:20,078 | INFO | 	                             (36, 106.27631745409828),
[92mINFO [0m:      	                             (37, 107.85417986475458),
2026-07-08 23:52:20,078 | INFO | 	                             (37, 107.85417986475458),
[92mINFO [0m:      	                             (38, 105.01542526530682),
2026-07-08 23:52:20,078 | INFO | 	                             (38, 105.01542526530682),
[92mINFO [0m:      	                             (39, 104.36545235937879),
2026-07-08 23:52:20,078 | INFO | 	                             (39, 104.36545235937879),
[92mINFO [0m:      	                             (40, 103.31438251616781),
2026-07-08 23:52:20,078 | INFO | 	                             (40, 103.31438251616781),
[92mINFO [0m:      	                             (41, 102.69493239064295),
2026-07-08 23:52:20,078 | INFO | 	                             (41, 102.69493239064295),
[92mINFO [0m:      	                             (42, 101.37118613387548),
2026-07-08 23:52:20,078 | INFO | 	                             (42, 101.37118613387548),
[92mINFO [0m:      	                             (43, 101.7852750198901),
2026-07-08 23:52:20,078 | INFO | 	                             (43, 101.7852750198901),
[92mINFO [0m:      	                             (44, 99.90833070028563),
2026-07-08 23:52:20,078 | INFO | 	                             (44, 99.90833070028563),
[92mINFO [0m:      	                             (45, 98.94173819989915),
2026-07-08 23:52:20,078 | INFO | 	                             (45, 98.94173819989915),
[92mINFO [0m:      	                             (46, 98.13495785131435),
2026-07-08 23:52:20,078 | INFO | 	                             (46, 98.13495785131435),
[92mINFO [0m:      	                             (47, 97.36943846598075),
2026-07-08 23:52:20,078 | INFO | 	                             (47, 97.36943846598075),
[92mINFO [0m:      	                             (48, 97.16484959439387),
2026-07-08 23:52:20,078 | INFO | 	                             (48, 97.16484959439387),
[92mINFO [0m:      	                             (49, 96.64086004901394),
2026-07-08 23:52:20,078 | INFO | 	                             (49, 96.64086004901394),
[92mINFO [0m:      	                             (50, 95.5240255052158),
2026-07-08 23:52:20,078 | INFO | 	                             (50, 95.5240255052158),
[92mINFO [0m:      	                             (51, 94.47014853944991),
2026-07-08 23:52:20,078 | INFO | 	                             (51, 94.47014853944991),
[92mINFO [0m:      	                             (52, 94.16169617848699),
2026-07-08 23:52:20,078 | INFO | 	                             (52, 94.16169617848699),
[92mINFO [0m:      	                             (53, 93.02385854476505),
2026-07-08 23:52:20,078 | INFO | 	                             (53, 93.02385854476505),
[92mINFO [0m:      	                             (54, 93.6481405150708),
2026-07-08 23:52:20,078 | INFO | 	                             (54, 93.6481405150708),
[92mINFO [0m:      	                             (55, 92.23602040565225),
2026-07-08 23:52:20,078 | INFO | 	                             (55, 92.23602040565225),
[92mINFO [0m:      	                             (56, 91.27960597037944),
2026-07-08 23:52:20,078 | INFO | 	                             (56, 91.27960597037944),
[92mINFO [0m:      	                             (57, 90.80267430515121),
2026-07-08 23:52:20,078 | INFO | 	                             (57, 90.80267430515121),
[92mINFO [0m:      	                             (58, 90.11846151264461),
2026-07-08 23:52:20,078 | INFO | 	                             (58, 90.11846151264461),
[92mINFO [0m:      	                             (59, 90.29674324235717),
2026-07-08 23:52:20,078 | INFO | 	                             (59, 90.29674324235717),
[92mINFO [0m:      	                             (60, 88.58991046377169)],
2026-07-08 23:52:20,078 | INFO | 	                             (60, 88.58991046377169)],
[92mINFO [0m:      	 'regularization_loss_p90': [(1, 292.705252618933),
2026-07-08 23:52:20,078 | INFO | 	 'regularization_loss_p90': [(1, 292.705252618933),
[92mINFO [0m:      	                             (2, 224.61339546595804),
2026-07-08 23:52:20,078 | INFO | 	                             (2, 224.61339546595804),
[92mINFO [0m:      	                             (3, 291.02558796225304),
2026-07-08 23:52:20,078 | INFO | 	                             (3, 291.02558796225304),
[92mINFO [0m:      	                             (4, 221.85028775497585),
2026-07-08 23:52:20,078 | INFO | 	                             (4, 221.85028775497585),
[92mINFO [0m:      	                             (5, 214.84742729133657),
2026-07-08 23:52:20,078 | INFO | 	                             (5, 214.84742729133657),
[92mINFO [0m:      	                             (6, 273.2465198922067),
2026-07-08 23:52:20,078 | INFO | 	                             (6, 273.2465198922067),
[92mINFO [0m:      	                             (7, 325.5205413266216),
2026-07-08 23:52:20,079 | INFO | 	                             (7, 325.5205413266216),
[92mINFO [0m:      	                             (8, 262.01667897913364),
2026-07-08 23:52:20,079 | INFO | 	                             (8, 262.01667897913364),
[92mINFO [0m:      	                             (9, 210.67756271655355),
2026-07-08 23:52:20,079 | INFO | 	                             (9, 210.67756271655355),
[92mINFO [0m:      	                             (10, 261.1708299068075),
2026-07-08 23:52:20,079 | INFO | 	                             (10, 261.1708299068075),
[92mINFO [0m:      	                             (11, 324.993506248225),
2026-07-08 23:52:20,079 | INFO | 	                             (11, 324.993506248225),
[92mINFO [0m:      	                             (12, 255.69306259804458),
2026-07-08 23:52:20,079 | INFO | 	                             (12, 255.69306259804458),
[92mINFO [0m:      	                             (13, 199.3585593323068),
2026-07-08 23:52:20,079 | INFO | 	                             (13, 199.3585593323068),
[92mINFO [0m:      	                             (14, 127.93634731020693),
2026-07-08 23:52:20,079 | INFO | 	                             (14, 127.93634731020693),
[92mINFO [0m:      	                             (15, 201.7500266184116),
2026-07-08 23:52:20,079 | INFO | 	                             (15, 201.7500266184116),
[92mINFO [0m:      	                             (16, 125.81852966972583),
2026-07-08 23:52:20,079 | INFO | 	                             (16, 125.81852966972583),
[92mINFO [0m:      	                             (17, 248.71594101845747),
2026-07-08 23:52:20,079 | INFO | 	                             (17, 248.71594101845747),
[92mINFO [0m:      	                             (18, 244.86030152101242),
2026-07-08 23:52:20,079 | INFO | 	                             (18, 244.86030152101242),
[92mINFO [0m:      	                             (19, 246.66783588064544),
2026-07-08 23:52:20,079 | INFO | 	                             (19, 246.66783588064544),
[92mINFO [0m:      	                             (20, 303.25599761018134),
2026-07-08 23:52:20,079 | INFO | 	                             (20, 303.25599761018134),
[92mINFO [0m:      	                             (21, 240.32200860442043),
2026-07-08 23:52:20,079 | INFO | 	                             (21, 240.32200860442043),
[92mINFO [0m:      	                             (22, 120.50827478566693),
2026-07-08 23:52:20,079 | INFO | 	                             (22, 120.50827478566693),
[92mINFO [0m:      	                             (23, 190.63916957887565),
2026-07-08 23:52:20,079 | INFO | 	                             (23, 190.63916957887565),
[92mINFO [0m:      	                             (24, 366.6081857107299),
2026-07-08 23:52:20,079 | INFO | 	                             (24, 366.6081857107299),
[92mINFO [0m:      	                             (25, 235.53653945281582),
2026-07-08 23:52:20,079 | INFO | 	                             (25, 235.53653945281582),
[92mINFO [0m:      	                             (26, 183.2916911226078),
2026-07-08 23:52:20,079 | INFO | 	                             (26, 183.2916911226078),
[92mINFO [0m:      	                             (27, 232.52382955484484),
2026-07-08 23:52:20,079 | INFO | 	                             (27, 232.52382955484484),
[92mINFO [0m:      	                             (28, 235.45211889909802),
2026-07-08 23:52:20,079 | INFO | 	                             (28, 235.45211889909802),
[92mINFO [0m:      	                             (29, 224.894959117794),
2026-07-08 23:52:20,079 | INFO | 	                             (29, 224.894959117794),
[92mINFO [0m:      	                             (30, 180.76654251944825),
2026-07-08 23:52:20,079 | INFO | 	                             (30, 180.76654251944825),
[92mINFO [0m:      	                             (31, 228.01008986445294),
2026-07-08 23:52:20,079 | INFO | 	                             (31, 228.01008986445294),
[92mINFO [0m:      	                             (32, 363.5302400391289),
2026-07-08 23:52:20,079 | INFO | 	                             (32, 363.5302400391289),
[92mINFO [0m:      	                             (33, 319.73854132159164),
2026-07-08 23:52:20,079 | INFO | 	                             (33, 319.73854132159164),
[92mINFO [0m:      	                             (34, 397.2218389951251),
2026-07-08 23:52:20,079 | INFO | 	                             (34, 397.2218389951251),
[92mINFO [0m:      	                             (35, 214.47883078796048),
2026-07-08 23:52:20,079 | INFO | 	                             (35, 214.47883078796048),
[92mINFO [0m:      	                             (36, 170.09914170327204),
2026-07-08 23:52:20,079 | INFO | 	                             (36, 170.09914170327204),
[92mINFO [0m:      	                             (37, 342.1462260101398),
2026-07-08 23:52:20,079 | INFO | 	                             (37, 342.1462260101398),
[92mINFO [0m:      	                             (38, 334.4906327019098),
2026-07-08 23:52:20,079 | INFO | 	                             (38, 334.4906327019098),
[92mINFO [0m:      	                             (39, 297.03517598144475),
2026-07-08 23:52:20,079 | INFO | 	                             (39, 297.03517598144475),
[92mINFO [0m:      	                             (40, 209.52330836919242),
2026-07-08 23:52:20,079 | INFO | 	                             (40, 209.52330836919242),
[92mINFO [0m:      	                             (41, 206.0514163900193),
2026-07-08 23:52:20,079 | INFO | 	                             (41, 206.0514163900193),
[92mINFO [0m:      	                             (42, 214.39005277919193),
2026-07-08 23:52:20,079 | INFO | 	                             (42, 214.39005277919193),
[92mINFO [0m:      	                             (43, 351.6452522143659),
2026-07-08 23:52:20,079 | INFO | 	                             (43, 351.6452522143659),
[92mINFO [0m:      	                             (44, 202.70348422789763),
2026-07-08 23:52:20,079 | INFO | 	                             (44, 202.70348422789763),
[92mINFO [0m:      	                             (45, 100.03759269460004),
2026-07-08 23:52:20,079 | INFO | 	                             (45, 100.03759269460004),
[92mINFO [0m:      	                             (46, 215.55279273735732),
2026-07-08 23:52:20,079 | INFO | 	                             (46, 215.55279273735732),
[92mINFO [0m:      	                             (47, 242.32343006460144),
2026-07-08 23:52:20,079 | INFO | 	                             (47, 242.32343006460144),
[92mINFO [0m:      	                             (48, 279.600582523842),
2026-07-08 23:52:20,079 | INFO | 	                             (48, 279.600582523842),
[92mINFO [0m:      	                             (49, 246.50223234851973),
2026-07-08 23:52:20,079 | INFO | 	                             (49, 246.50223234851973),
[92mINFO [0m:      	                             (50, 190.75759310230455),
2026-07-08 23:52:20,080 | INFO | 	                             (50, 190.75759310230455),
[92mINFO [0m:      	                             (51, 189.35637943152372),
2026-07-08 23:52:20,080 | INFO | 	                             (51, 189.35637943152372),
[92mINFO [0m:      	                             (52, 191.37579450009747),
2026-07-08 23:52:20,080 | INFO | 	                             (52, 191.37579450009747),
[92mINFO [0m:      	                             (53, 188.50506690330621),
2026-07-08 23:52:20,080 | INFO | 	                             (53, 188.50506690330621),
[92mINFO [0m:      	                             (54, 232.00303221057794),
2026-07-08 23:52:20,080 | INFO | 	                             (54, 232.00303221057794),
[92mINFO [0m:      	                             (55, 267.01431821755426),
2026-07-08 23:52:20,080 | INFO | 	                             (55, 267.01431821755426),
[92mINFO [0m:      	                             (56, 183.62393708875814),
2026-07-08 23:52:20,080 | INFO | 	                             (56, 183.62393708875814),
[92mINFO [0m:      	                             (57, 185.68984890934692),
2026-07-08 23:52:20,080 | INFO | 	                             (57, 185.68984890934692),
[92mINFO [0m:      	                             (58, 225.1097347205719),
2026-07-08 23:52:20,080 | INFO | 	                             (58, 225.1097347205719),
[92mINFO [0m:      	                             (59, 290.5890736820867),
2026-07-08 23:52:20,080 | INFO | 	                             (59, 290.5890736820867),
[92mINFO [0m:      	                             (60, 177.92107762841871)],
2026-07-08 23:52:20,080 | INFO | 	                             (60, 177.92107762841871)],
[92mINFO [0m:      	 'regularization_loss_std': [(1, 81.95348682532877),
2026-07-08 23:52:20,080 | INFO | 	 'regularization_loss_std': [(1, 81.95348682532877),
[92mINFO [0m:      	                             (2, 88.9231707293797),
2026-07-08 23:52:20,080 | INFO | 	                             (2, 88.9231707293797),
[92mINFO [0m:      	                             (3, 62.267226682834654),
2026-07-08 23:52:20,080 | INFO | 	                             (3, 62.267226682834654),
[92mINFO [0m:      	                             (4, 99.78616452935964),
2026-07-08 23:52:20,080 | INFO | 	                             (4, 99.78616452935964),
[92mINFO [0m:      	                             (5, 46.89309182653721),
2026-07-08 23:52:20,080 | INFO | 	                             (5, 46.89309182653721),
[92mINFO [0m:      	                             (6, 79.59766135628597),
2026-07-08 23:52:20,080 | INFO | 	                             (6, 79.59766135628597),
[92mINFO [0m:      	                             (7, 89.3691291575072),
2026-07-08 23:52:20,080 | INFO | 	                             (7, 89.3691291575072),
[92mINFO [0m:      	                             (8, 90.83954358807463),
2026-07-08 23:52:20,080 | INFO | 	                             (8, 90.83954358807463),
[92mINFO [0m:      	                             (9, 46.07511202313855),
2026-07-08 23:52:20,080 | INFO | 	                             (9, 46.07511202313855),
[92mINFO [0m:      	                             (10, 61.39353808123221),
2026-07-08 23:52:20,080 | INFO | 	                             (10, 61.39353808123221),
[92mINFO [0m:      	                             (11, 116.18622977865739),
2026-07-08 23:52:20,080 | INFO | 	                             (11, 116.18622977865739),
[92mINFO [0m:      	                             (12, 51.89121868511583),
2026-07-08 23:52:20,080 | INFO | 	                             (12, 51.89121868511583),
[92mINFO [0m:      	                             (13, 40.85725898268132),
2026-07-08 23:52:20,080 | INFO | 	                             (13, 40.85725898268132),
[92mINFO [0m:      	                             (14, 30.771560171179665),
2026-07-08 23:52:20,080 | INFO | 	                             (14, 30.771560171179665),
[92mINFO [0m:      	                             (15, 43.67232898767476),
2026-07-08 23:52:20,080 | INFO | 	                             (15, 43.67232898767476),
[92mINFO [0m:      	                             (16, 92.66884030124736),
2026-07-08 23:52:20,080 | INFO | 	                             (16, 92.66884030124736),
[92mINFO [0m:      	                             (17, 51.12048435952926),
2026-07-08 23:52:20,080 | INFO | 	                             (17, 51.12048435952926),
[92mINFO [0m:      	                             (18, 49.38054939606627),
2026-07-08 23:52:20,080 | INFO | 	                             (18, 49.38054939606627),
[92mINFO [0m:      	                             (19, 81.4717720897386),
2026-07-08 23:52:20,080 | INFO | 	                             (19, 81.4717720897386),
[92mINFO [0m:      	                             (20, 79.36419974195051),
2026-07-08 23:52:20,080 | INFO | 	                             (20, 79.36419974195051),
[92mINFO [0m:      	                             (21, 100.48082352993258),
2026-07-08 23:52:20,080 | INFO | 	                             (21, 100.48082352993258),
[92mINFO [0m:      	                             (22, 29.40059388470307),
2026-07-08 23:52:20,080 | INFO | 	                             (22, 29.40059388470307),
[92mINFO [0m:      	                             (23, 40.71159553454768),
2026-07-08 23:52:20,080 | INFO | 	                             (23, 40.71159553454768),
[92mINFO [0m:      	                             (24, 117.20128779323917),
2026-07-08 23:52:20,080 | INFO | 	                             (24, 117.20128779323917),
[92mINFO [0m:      	                             (25, 64.20334813468872),
2026-07-08 23:52:20,080 | INFO | 	                             (25, 64.20334813468872),
[92mINFO [0m:      	                             (26, 38.776719607770104),
2026-07-08 23:52:20,080 | INFO | 	                             (26, 38.776719607770104),
[92mINFO [0m:      	                             (27, 75.55126386082112),
2026-07-08 23:52:20,080 | INFO | 	                             (27, 75.55126386082112),
[92mINFO [0m:      	                             (28, 72.76045588015401),
2026-07-08 23:52:20,080 | INFO | 	                             (28, 72.76045588015401),
[92mINFO [0m:      	                             (29, 91.3839109274167),
2026-07-08 23:52:20,080 | INFO | 	                             (29, 91.3839109274167),
[92mINFO [0m:      	                             (30, 71.77669399564047),
2026-07-08 23:52:20,080 | INFO | 	                             (30, 71.77669399564047),
[92mINFO [0m:      	                             (31, 76.54930811672355),
2026-07-08 23:52:20,080 | INFO | 	                             (31, 76.54930811672355),
[92mINFO [0m:      	                             (32, 103.51092032510294),
2026-07-08 23:52:20,080 | INFO | 	                             (32, 103.51092032510294),
[92mINFO [0m:      	                             (33, 102.26473197356394),
2026-07-08 23:52:20,080 | INFO | 	                             (33, 102.26473197356394),
[92mINFO [0m:      	                             (34, 129.20484368811438),
2026-07-08 23:52:20,081 | INFO | 	                             (34, 129.20484368811438),
[92mINFO [0m:      	                             (35, 71.22769258755358),
2026-07-08 23:52:20,081 | INFO | 	                             (35, 71.22769258755358),
[92mINFO [0m:      	                             (36, 35.966653226962876),
2026-07-08 23:52:20,081 | INFO | 	                             (36, 35.966653226962876),
[92mINFO [0m:      	                             (37, 105.53090827694169),
2026-07-08 23:52:20,081 | INFO | 	                             (37, 105.53090827694169),
[92mINFO [0m:      	                             (38, 95.44544736646644),
2026-07-08 23:52:20,081 | INFO | 	                             (38, 95.44544736646644),
[92mINFO [0m:      	                             (39, 99.799128497065),
2026-07-08 23:52:20,081 | INFO | 	                             (39, 99.799128497065),
[92mINFO [0m:      	                             (40, 73.70909536336488),
2026-07-08 23:52:20,081 | INFO | 	                             (40, 73.70909536336488),
[92mINFO [0m:      	                             (41, 57.455477503303136),
2026-07-08 23:52:20,081 | INFO | 	                             (41, 57.455477503303136),
[92mINFO [0m:      	                             (42, 76.77090722586402),
2026-07-08 23:52:20,081 | INFO | 	                             (42, 76.77090722586402),
[92mINFO [0m:      	                             (43, 108.83812638308763),
2026-07-08 23:52:20,081 | INFO | 	                             (43, 108.83812638308763),
[92mINFO [0m:      	                             (44, 67.83152474498223),
2026-07-08 23:52:20,081 | INFO | 	                             (44, 67.83152474498223),
[92mINFO [0m:      	                             (45, 72.5779652844465),
2026-07-08 23:52:20,081 | INFO | 	                             (45, 72.5779652844465),
[92mINFO [0m:      	                             (46, 86.77185066165914),
2026-07-08 23:52:20,081 | INFO | 	                             (46, 86.77185066165914),
[92mINFO [0m:      	                             (47, 75.34190891627227),
2026-07-08 23:52:20,081 | INFO | 	                             (47, 75.34190891627227),
[92mINFO [0m:      	                             (48, 89.03676592337695),
2026-07-08 23:52:20,081 | INFO | 	                             (48, 89.03676592337695),
[92mINFO [0m:      	                             (49, 77.11315005979114),
2026-07-08 23:52:20,081 | INFO | 	                             (49, 77.11315005979114),
[92mINFO [0m:      	                             (50, 52.59479388253452),
2026-07-08 23:52:20,081 | INFO | 	                             (50, 52.59479388253452),
[92mINFO [0m:      	                             (51, 51.21426977744271),
2026-07-08 23:52:20,081 | INFO | 	                             (51, 51.21426977744271),
[92mINFO [0m:      	                             (52, 83.936513532994),
2026-07-08 23:52:20,081 | INFO | 	                             (52, 83.936513532994),
[92mINFO [0m:      	                             (53, 44.78601665858847),
2026-07-08 23:52:20,081 | INFO | 	                             (53, 44.78601665858847),
[92mINFO [0m:      	                             (54, 79.38948670098313),
2026-07-08 23:52:20,081 | INFO | 	                             (54, 79.38948670098313),
[92mINFO [0m:      	                             (55, 85.59954964302055),
2026-07-08 23:52:20,081 | INFO | 	                             (55, 85.59954964302055),
[92mINFO [0m:      	                             (56, 50.36577496464531),
2026-07-08 23:52:20,081 | INFO | 	                             (56, 50.36577496464531),
[92mINFO [0m:      	                             (57, 71.17505230178122),
2026-07-08 23:52:20,081 | INFO | 	                             (57, 71.17505230178122),
[92mINFO [0m:      	                             (58, 59.87006966096288),
2026-07-08 23:52:20,081 | INFO | 	                             (58, 59.87006966096288),
[92mINFO [0m:      	                             (59, 91.24116658910187),
2026-07-08 23:52:20,081 | INFO | 	                             (59, 91.24116658910187),
[92mINFO [0m:      	                             (60, 39.72644037936161)],
2026-07-08 23:52:20,081 | INFO | 	                             (60, 39.72644037936161)],
[92mINFO [0m:      	 'selected_count': [(1, 15),
2026-07-08 23:52:20,081 | INFO | 	 'selected_count': [(1, 15),
[92mINFO [0m:      	                    (2, 15),
2026-07-08 23:52:20,081 | INFO | 	                    (2, 15),
[92mINFO [0m:      	                    (3, 15),
2026-07-08 23:52:20,081 | INFO | 	                    (3, 15),
[92mINFO [0m:      	                    (4, 15),
2026-07-08 23:52:20,081 | INFO | 	                    (4, 15),
[92mINFO [0m:      	                    (5, 15),
2026-07-08 23:52:20,081 | INFO | 	                    (5, 15),
[92mINFO [0m:      	                    (6, 15),
2026-07-08 23:52:20,081 | INFO | 	                    (6, 15),
[92mINFO [0m:      	                    (7, 15),
2026-07-08 23:52:20,081 | INFO | 	                    (7, 15),
[92mINFO [0m:      	                    (8, 15),
2026-07-08 23:52:20,081 | INFO | 	                    (8, 15),
[92mINFO [0m:      	                    (9, 15),
2026-07-08 23:52:20,081 | INFO | 	                    (9, 15),
[92mINFO [0m:      	                    (10, 15),
2026-07-08 23:52:20,081 | INFO | 	                    (10, 15),
[92mINFO [0m:      	                    (11, 15),
2026-07-08 23:52:20,081 | INFO | 	                    (11, 15),
[92mINFO [0m:      	                    (12, 15),
2026-07-08 23:52:20,081 | INFO | 	                    (12, 15),
[92mINFO [0m:      	                    (13, 15),
2026-07-08 23:52:20,081 | INFO | 	                    (13, 15),
[92mINFO [0m:      	                    (14, 15),
2026-07-08 23:52:20,081 | INFO | 	                    (14, 15),
[92mINFO [0m:      	                    (15, 15),
2026-07-08 23:52:20,081 | INFO | 	                    (15, 15),
[92mINFO [0m:      	                    (16, 15),
2026-07-08 23:52:20,081 | INFO | 	                    (16, 15),
[92mINFO [0m:      	                    (17, 15),
2026-07-08 23:52:20,081 | INFO | 	                    (17, 15),
[92mINFO [0m:      	                    (18, 15),
2026-07-08 23:52:20,082 | INFO | 	                    (18, 15),
[92mINFO [0m:      	                    (19, 15),
2026-07-08 23:52:20,082 | INFO | 	                    (19, 15),
[92mINFO [0m:      	                    (20, 15),
2026-07-08 23:52:20,082 | INFO | 	                    (20, 15),
[92mINFO [0m:      	                    (21, 15),
2026-07-08 23:52:20,082 | INFO | 	                    (21, 15),
[92mINFO [0m:      	                    (22, 15),
2026-07-08 23:52:20,082 | INFO | 	                    (22, 15),
[92mINFO [0m:      	                    (23, 15),
2026-07-08 23:52:20,082 | INFO | 	                    (23, 15),
[92mINFO [0m:      	                    (24, 15),
2026-07-08 23:52:20,082 | INFO | 	                    (24, 15),
[92mINFO [0m:      	                    (25, 15),
2026-07-08 23:52:20,082 | INFO | 	                    (25, 15),
[92mINFO [0m:      	                    (26, 15),
2026-07-08 23:52:20,082 | INFO | 	                    (26, 15),
[92mINFO [0m:      	                    (27, 15),
2026-07-08 23:52:20,082 | INFO | 	                    (27, 15),
[92mINFO [0m:      	                    (28, 15),
2026-07-08 23:52:20,082 | INFO | 	                    (28, 15),
[92mINFO [0m:      	                    (29, 15),
2026-07-08 23:52:20,082 | INFO | 	                    (29, 15),
[92mINFO [0m:      	                    (30, 15),
2026-07-08 23:52:20,082 | INFO | 	                    (30, 15),
[92mINFO [0m:      	                    (31, 15),
2026-07-08 23:52:20,082 | INFO | 	                    (31, 15),
[92mINFO [0m:      	                    (32, 15),
2026-07-08 23:52:20,082 | INFO | 	                    (32, 15),
[92mINFO [0m:      	                    (33, 15),
2026-07-08 23:52:20,082 | INFO | 	                    (33, 15),
[92mINFO [0m:      	                    (34, 15),
2026-07-08 23:52:20,082 | INFO | 	                    (34, 15),
[92mINFO [0m:      	                    (35, 15),
2026-07-08 23:52:20,082 | INFO | 	                    (35, 15),
[92mINFO [0m:      	                    (36, 15),
2026-07-08 23:52:20,082 | INFO | 	                    (36, 15),
[92mINFO [0m:      	                    (37, 15),
2026-07-08 23:52:20,082 | INFO | 	                    (37, 15),
[92mINFO [0m:      	                    (38, 15),
2026-07-08 23:52:20,082 | INFO | 	                    (38, 15),
[92mINFO [0m:      	                    (39, 15),
2026-07-08 23:52:20,082 | INFO | 	                    (39, 15),
[92mINFO [0m:      	                    (40, 15),
2026-07-08 23:52:20,082 | INFO | 	                    (40, 15),
[92mINFO [0m:      	                    (41, 15),
2026-07-08 23:52:20,082 | INFO | 	                    (41, 15),
[92mINFO [0m:      	                    (42, 15),
2026-07-08 23:52:20,082 | INFO | 	                    (42, 15),
[92mINFO [0m:      	                    (43, 15),
2026-07-08 23:52:20,082 | INFO | 	                    (43, 15),
[92mINFO [0m:      	                    (44, 15),
2026-07-08 23:52:20,082 | INFO | 	                    (44, 15),
[92mINFO [0m:      	                    (45, 15),
2026-07-08 23:52:20,082 | INFO | 	                    (45, 15),
[92mINFO [0m:      	                    (46, 15),
2026-07-08 23:52:20,082 | INFO | 	                    (46, 15),
[92mINFO [0m:      	                    (47, 15),
2026-07-08 23:52:20,082 | INFO | 	                    (47, 15),
[92mINFO [0m:      	                    (48, 15),
2026-07-08 23:52:20,082 | INFO | 	                    (48, 15),
[92mINFO [0m:      	                    (49, 15),
2026-07-08 23:52:20,082 | INFO | 	                    (49, 15),
[92mINFO [0m:      	                    (50, 15),
2026-07-08 23:52:20,082 | INFO | 	                    (50, 15),
[92mINFO [0m:      	                    (51, 15),
2026-07-08 23:52:20,082 | INFO | 	                    (51, 15),
[92mINFO [0m:      	                    (52, 15),
2026-07-08 23:52:20,082 | INFO | 	                    (52, 15),
[92mINFO [0m:      	                    (53, 15),
2026-07-08 23:52:20,082 | INFO | 	                    (53, 15),
[92mINFO [0m:      	                    (54, 15),
2026-07-08 23:52:20,082 | INFO | 	                    (54, 15),
[92mINFO [0m:      	                    (55, 15),
2026-07-08 23:52:20,082 | INFO | 	                    (55, 15),
[92mINFO [0m:      	                    (56, 15),
2026-07-08 23:52:20,082 | INFO | 	                    (56, 15),
[92mINFO [0m:      	                    (57, 15),
2026-07-08 23:52:20,082 | INFO | 	                    (57, 15),
[92mINFO [0m:      	                    (58, 15),
2026-07-08 23:52:20,082 | INFO | 	                    (58, 15),
[92mINFO [0m:      	                    (59, 15),
2026-07-08 23:52:20,082 | INFO | 	                    (59, 15),
[92mINFO [0m:      	                    (60, 15)],
2026-07-08 23:52:20,082 | INFO | 	                    (60, 15)],
[92mINFO [0m:      	 'selected_examples': [(1, 2363),
2026-07-08 23:52:20,082 | INFO | 	 'selected_examples': [(1, 2363),
[92mINFO [0m:      	                       (2, 2180),
2026-07-08 23:52:20,083 | INFO | 	                       (2, 2180),
[92mINFO [0m:      	                       (3, 2209),
2026-07-08 23:52:20,083 | INFO | 	                       (3, 2209),
[92mINFO [0m:      	                       (4, 2335),
2026-07-08 23:52:20,083 | INFO | 	                       (4, 2335),
[92mINFO [0m:      	                       (5, 1743),
2026-07-08 23:52:20,083 | INFO | 	                       (5, 1743),
[92mINFO [0m:      	                       (6, 2411),
2026-07-08 23:52:20,083 | INFO | 	                       (6, 2411),
[92mINFO [0m:      	                       (7, 2366),
2026-07-08 23:52:20,083 | INFO | 	                       (7, 2366),
[92mINFO [0m:      	                       (8, 2075),
2026-07-08 23:52:20,083 | INFO | 	                       (8, 2075),
[92mINFO [0m:      	                       (9, 1581),
2026-07-08 23:52:20,083 | INFO | 	                       (9, 1581),
[92mINFO [0m:      	                       (10, 2556),
2026-07-08 23:52:20,083 | INFO | 	                       (10, 2556),
[92mINFO [0m:      	                       (11, 3421),
2026-07-08 23:52:20,083 | INFO | 	                       (11, 3421),
[92mINFO [0m:      	                       (12, 1928),
2026-07-08 23:52:20,083 | INFO | 	                       (12, 1928),
[92mINFO [0m:      	                       (13, 1779),
2026-07-08 23:52:20,083 | INFO | 	                       (13, 1779),
[92mINFO [0m:      	                       (14, 1333),
2026-07-08 23:52:20,083 | INFO | 	                       (14, 1333),
[92mINFO [0m:      	                       (15, 1656),
2026-07-08 23:52:20,083 | INFO | 	                       (15, 1656),
[92mINFO [0m:      	                       (16, 1990),
2026-07-08 23:52:20,083 | INFO | 	                       (16, 1990),
[92mINFO [0m:      	                       (17, 1767),
2026-07-08 23:52:20,083 | INFO | 	                       (17, 1767),
[92mINFO [0m:      	                       (18, 1559),
2026-07-08 23:52:20,083 | INFO | 	                       (18, 1559),
[92mINFO [0m:      	                       (19, 2448),
2026-07-08 23:52:20,083 | INFO | 	                       (19, 2448),
[92mINFO [0m:      	                       (20, 2683),
2026-07-08 23:52:20,083 | INFO | 	                       (20, 2683),
[92mINFO [0m:      	                       (21, 2756),
2026-07-08 23:52:20,083 | INFO | 	                       (21, 2756),
[92mINFO [0m:      	                       (22, 1157),
2026-07-08 23:52:20,083 | INFO | 	                       (22, 1157),
[92mINFO [0m:      	                       (23, 1286),
2026-07-08 23:52:20,083 | INFO | 	                       (23, 1286),
[92mINFO [0m:      	                       (24, 3578),
2026-07-08 23:52:20,083 | INFO | 	                       (24, 3578),
[92mINFO [0m:      	                       (25, 2133),
2026-07-08 23:52:20,083 | INFO | 	                       (25, 2133),
[92mINFO [0m:      	                       (26, 1529),
2026-07-08 23:52:20,083 | INFO | 	                       (26, 1529),
[92mINFO [0m:      	                       (27, 2319),
2026-07-08 23:52:20,083 | INFO | 	                       (27, 2319),
[92mINFO [0m:      	                       (28, 1737),
2026-07-08 23:52:20,083 | INFO | 	                       (28, 1737),
[92mINFO [0m:      	                       (29, 2968),
2026-07-08 23:52:20,083 | INFO | 	                       (29, 2968),
[92mINFO [0m:      	                       (30, 2279),
2026-07-08 23:52:20,083 | INFO | 	                       (30, 2279),
[92mINFO [0m:      	                       (31, 2899),
2026-07-08 23:52:20,083 | INFO | 	                       (31, 2899),
[92mINFO [0m:      	                       (32, 3540),
2026-07-08 23:52:20,083 | INFO | 	                       (32, 3540),
[92mINFO [0m:      	                       (33, 4000),
2026-07-08 23:52:20,083 | INFO | 	                       (33, 4000),
[92mINFO [0m:      	                       (34, 5847),
2026-07-08 23:52:20,083 | INFO | 	                       (34, 5847),
[92mINFO [0m:      	                       (35, 1905),
2026-07-08 23:52:20,083 | INFO | 	                       (35, 1905),
[92mINFO [0m:      	                       (36, 1527),
2026-07-08 23:52:20,083 | INFO | 	                       (36, 1527),
[92mINFO [0m:      	                       (37, 5135),
2026-07-08 23:52:20,083 | INFO | 	                       (37, 5135),
[92mINFO [0m:      	                       (38, 3690),
2026-07-08 23:52:20,083 | INFO | 	                       (38, 3690),
[92mINFO [0m:      	                       (39, 4371),
2026-07-08 23:52:20,083 | INFO | 	                       (39, 4371),
[92mINFO [0m:      	                       (40, 2913),
2026-07-08 23:52:20,083 | INFO | 	                       (40, 2913),
[92mINFO [0m:      	                       (41, 2399),
2026-07-08 23:52:20,083 | INFO | 	                       (41, 2399),
[92mINFO [0m:      	                       (42, 2168),
2026-07-08 23:52:20,083 | INFO | 	                       (42, 2168),
[92mINFO [0m:      	                       (43, 4163),
2026-07-08 23:52:20,083 | INFO | 	                       (43, 4163),
[92mINFO [0m:      	                       (44, 2178),
2026-07-08 23:52:20,083 | INFO | 	                       (44, 2178),
[92mINFO [0m:      	                       (45, 2462),
2026-07-08 23:52:20,083 | INFO | 	                       (45, 2462),
[92mINFO [0m:      	                       (46, 2551),
2026-07-08 23:52:20,083 | INFO | 	                       (46, 2551),
[92mINFO [0m:      	                       (47, 2767),
2026-07-08 23:52:20,084 | INFO | 	                       (47, 2767),
[92mINFO [0m:      	                       (48, 4252),
2026-07-08 23:52:20,084 | INFO | 	                       (48, 4252),
[92mINFO [0m:      	                       (49, 4023),
2026-07-08 23:52:20,084 | INFO | 	                       (49, 4023),
[92mINFO [0m:      	                       (50, 2690),
2026-07-08 23:52:20,084 | INFO | 	                       (50, 2690),
[92mINFO [0m:      	                       (51, 2306),
2026-07-08 23:52:20,084 | INFO | 	                       (51, 2306),
[92mINFO [0m:      	                       (52, 3153),
2026-07-08 23:52:20,084 | INFO | 	                       (52, 3153),
[92mINFO [0m:      	                       (53, 2085),
2026-07-08 23:52:20,084 | INFO | 	                       (53, 2085),
[92mINFO [0m:      	                       (54, 3683),
2026-07-08 23:52:20,084 | INFO | 	                       (54, 3683),
[92mINFO [0m:      	                       (55, 3937),
2026-07-08 23:52:20,084 | INFO | 	                       (55, 3937),
[92mINFO [0m:      	                       (56, 2156),
2026-07-08 23:52:20,084 | INFO | 	                       (56, 2156),
[92mINFO [0m:      	                       (57, 2966),
2026-07-08 23:52:20,084 | INFO | 	                       (57, 2966),
[92mINFO [0m:      	                       (58, 2597),
2026-07-08 23:52:20,084 | INFO | 	                       (58, 2597),
[92mINFO [0m:      	                       (59, 4793),
2026-07-08 23:52:20,084 | INFO | 	                       (59, 4793),
[92mINFO [0m:      	                       (60, 2092)],
2026-07-08 23:52:20,084 | INFO | 	                       (60, 2092)],
[92mINFO [0m:      	 'total_examples': [(1, 2363),
2026-07-08 23:52:20,084 | INFO | 	 'total_examples': [(1, 2363),
[92mINFO [0m:      	                    (2, 2180),
2026-07-08 23:52:20,084 | INFO | 	                    (2, 2180),
[92mINFO [0m:      	                    (3, 2209),
2026-07-08 23:52:20,084 | INFO | 	                    (3, 2209),
[92mINFO [0m:      	                    (4, 2335),
2026-07-08 23:52:20,084 | INFO | 	                    (4, 2335),
[92mINFO [0m:      	                    (5, 1743),
2026-07-08 23:52:20,084 | INFO | 	                    (5, 1743),
[92mINFO [0m:      	                    (6, 2411),
2026-07-08 23:52:20,084 | INFO | 	                    (6, 2411),
[92mINFO [0m:      	                    (7, 2366),
2026-07-08 23:52:20,084 | INFO | 	                    (7, 2366),
[92mINFO [0m:      	                    (8, 2075),
2026-07-08 23:52:20,084 | INFO | 	                    (8, 2075),
[92mINFO [0m:      	                    (9, 1581),
2026-07-08 23:52:20,084 | INFO | 	                    (9, 1581),
[92mINFO [0m:      	                    (10, 2556),
2026-07-08 23:52:20,084 | INFO | 	                    (10, 2556),
[92mINFO [0m:      	                    (11, 3421),
2026-07-08 23:52:20,084 | INFO | 	                    (11, 3421),
[92mINFO [0m:      	                    (12, 1928),
2026-07-08 23:52:20,084 | INFO | 	                    (12, 1928),
[92mINFO [0m:      	                    (13, 1779),
2026-07-08 23:52:20,084 | INFO | 	                    (13, 1779),
[92mINFO [0m:      	                    (14, 1333),
2026-07-08 23:52:20,084 | INFO | 	                    (14, 1333),
[92mINFO [0m:      	                    (15, 1656),
2026-07-08 23:52:20,084 | INFO | 	                    (15, 1656),
[92mINFO [0m:      	                    (16, 1990),
2026-07-08 23:52:20,084 | INFO | 	                    (16, 1990),
[92mINFO [0m:      	                    (17, 1767),
2026-07-08 23:52:20,084 | INFO | 	                    (17, 1767),
[92mINFO [0m:      	                    (18, 1559),
2026-07-08 23:52:20,084 | INFO | 	                    (18, 1559),
[92mINFO [0m:      	                    (19, 2448),
2026-07-08 23:52:20,084 | INFO | 	                    (19, 2448),
[92mINFO [0m:      	                    (20, 2683),
2026-07-08 23:52:20,084 | INFO | 	                    (20, 2683),
[92mINFO [0m:      	                    (21, 2756),
2026-07-08 23:52:20,084 | INFO | 	                    (21, 2756),
[92mINFO [0m:      	                    (22, 1157),
2026-07-08 23:52:20,084 | INFO | 	                    (22, 1157),
[92mINFO [0m:      	                    (23, 1286),
2026-07-08 23:52:20,084 | INFO | 	                    (23, 1286),
[92mINFO [0m:      	                    (24, 3578),
2026-07-08 23:52:20,084 | INFO | 	                    (24, 3578),
[92mINFO [0m:      	                    (25, 2133),
2026-07-08 23:52:20,084 | INFO | 	                    (25, 2133),
[92mINFO [0m:      	                    (26, 1529),
2026-07-08 23:52:20,084 | INFO | 	                    (26, 1529),
[92mINFO [0m:      	                    (27, 2319),
2026-07-08 23:52:20,084 | INFO | 	                    (27, 2319),
[92mINFO [0m:      	                    (28, 1737),
2026-07-08 23:52:20,084 | INFO | 	                    (28, 1737),
[92mINFO [0m:      	                    (29, 2968),
2026-07-08 23:52:20,084 | INFO | 	                    (29, 2968),
[92mINFO [0m:      	                    (30, 2279),
2026-07-08 23:52:20,084 | INFO | 	                    (30, 2279),
[92mINFO [0m:      	                    (31, 2899),
2026-07-08 23:52:20,085 | INFO | 	                    (31, 2899),
[92mINFO [0m:      	                    (32, 3540),
2026-07-08 23:52:20,085 | INFO | 	                    (32, 3540),
[92mINFO [0m:      	                    (33, 4000),
2026-07-08 23:52:20,085 | INFO | 	                    (33, 4000),
[92mINFO [0m:      	                    (34, 5847),
2026-07-08 23:52:20,085 | INFO | 	                    (34, 5847),
[92mINFO [0m:      	                    (35, 1905),
2026-07-08 23:52:20,085 | INFO | 	                    (35, 1905),
[92mINFO [0m:      	                    (36, 1527),
2026-07-08 23:52:20,085 | INFO | 	                    (36, 1527),
[92mINFO [0m:      	                    (37, 5135),
2026-07-08 23:52:20,085 | INFO | 	                    (37, 5135),
[92mINFO [0m:      	                    (38, 3690),
2026-07-08 23:52:20,085 | INFO | 	                    (38, 3690),
[92mINFO [0m:      	                    (39, 4371),
2026-07-08 23:52:20,085 | INFO | 	                    (39, 4371),
[92mINFO [0m:      	                    (40, 2913),
2026-07-08 23:52:20,085 | INFO | 	                    (40, 2913),
[92mINFO [0m:      	                    (41, 2399),
2026-07-08 23:52:20,085 | INFO | 	                    (41, 2399),
[92mINFO [0m:      	                    (42, 2168),
2026-07-08 23:52:20,085 | INFO | 	                    (42, 2168),
[92mINFO [0m:      	                    (43, 4163),
2026-07-08 23:52:20,085 | INFO | 	                    (43, 4163),
[92mINFO [0m:      	                    (44, 2178),
2026-07-08 23:52:20,085 | INFO | 	                    (44, 2178),
[92mINFO [0m:      	                    (45, 2462),
2026-07-08 23:52:20,085 | INFO | 	                    (45, 2462),
[92mINFO [0m:      	                    (46, 2551),
2026-07-08 23:52:20,085 | INFO | 	                    (46, 2551),
[92mINFO [0m:      	                    (47, 2767),
2026-07-08 23:52:20,085 | INFO | 	                    (47, 2767),
[92mINFO [0m:      	                    (48, 4252),
2026-07-08 23:52:20,085 | INFO | 	                    (48, 4252),
[92mINFO [0m:      	                    (49, 4023),
2026-07-08 23:52:20,085 | INFO | 	                    (49, 4023),
[92mINFO [0m:      	                    (50, 2690),
2026-07-08 23:52:20,085 | INFO | 	                    (50, 2690),
[92mINFO [0m:      	                    (51, 2306),
2026-07-08 23:52:20,085 | INFO | 	                    (51, 2306),
[92mINFO [0m:      	                    (52, 3153),
2026-07-08 23:52:20,085 | INFO | 	                    (52, 3153),
[92mINFO [0m:      	                    (53, 2085),
2026-07-08 23:52:20,085 | INFO | 	                    (53, 2085),
[92mINFO [0m:      	                    (54, 3683),
2026-07-08 23:52:20,085 | INFO | 	                    (54, 3683),
[92mINFO [0m:      	                    (55, 3937),
2026-07-08 23:52:20,085 | INFO | 	                    (55, 3937),
[92mINFO [0m:      	                    (56, 2156),
2026-07-08 23:52:20,085 | INFO | 	                    (56, 2156),
[92mINFO [0m:      	                    (57, 2966),
2026-07-08 23:52:20,085 | INFO | 	                    (57, 2966),
[92mINFO [0m:      	                    (58, 2597),
2026-07-08 23:52:20,085 | INFO | 	                    (58, 2597),
[92mINFO [0m:      	                    (59, 4793),
2026-07-08 23:52:20,085 | INFO | 	                    (59, 4793),
[92mINFO [0m:      	                    (60, 2092)],
2026-07-08 23:52:20,085 | INFO | 	                    (60, 2092)],
[92mINFO [0m:      	 'train_loss': [(1, 591.0635367661475),
2026-07-08 23:52:20,085 | INFO | 	 'train_loss': [(1, 591.0635367661475),
[92mINFO [0m:      	                (2, 617.5690981516926),
2026-07-08 23:52:20,085 | INFO | 	                (2, 617.5690981516926),
[92mINFO [0m:      	                (3, 695.0449460724891),
2026-07-08 23:52:20,085 | INFO | 	                (3, 695.0449460724891),
[92mINFO [0m:      	                (4, 593.2410601977282),
2026-07-08 23:52:20,085 | INFO | 	                (4, 593.2410601977282),
[92mINFO [0m:      	                (5, 593.1370743942343),
2026-07-08 23:52:20,085 | INFO | 	                (5, 593.1370743942343),
[92mINFO [0m:      	                (6, 578.3070642843526),
2026-07-08 23:52:20,085 | INFO | 	                (6, 578.3070642843526),
[92mINFO [0m:      	                (7, 555.7400277527092),
2026-07-08 23:52:20,085 | INFO | 	                (7, 555.7400277527092),
[92mINFO [0m:      	                (8, 574.7878338792525),
2026-07-08 23:52:20,085 | INFO | 	                (8, 574.7878338792525),
[92mINFO [0m:      	                (9, 458.7713572277139),
2026-07-08 23:52:20,085 | INFO | 	                (9, 458.7713572277139),
[92mINFO [0m:      	                (10, 492.28833411581275),
2026-07-08 23:52:20,085 | INFO | 	                (10, 492.28833411581275),
[92mINFO [0m:      	                (11, 533.7920803832576),
2026-07-08 23:52:20,085 | INFO | 	                (11, 533.7920803832576),
[92mINFO [0m:      	                (12, 433.85924498786324),
2026-07-08 23:52:20,085 | INFO | 	                (12, 433.85924498786324),
[92mINFO [0m:      	                (13, 384.3143188517673),
2026-07-08 23:52:20,085 | INFO | 	                (13, 384.3143188517673),
[92mINFO [0m:      	                (14, 435.721342164041),
2026-07-08 23:52:20,086 | INFO | 	                (14, 435.721342164041),
[92mINFO [0m:      	                (15, 378.357640390638),
2026-07-08 23:52:20,086 | INFO | 	                (15, 378.357640390638),
[92mINFO [0m:      	                (16, 458.86035774465785),
2026-07-08 23:52:20,086 | INFO | 	                (16, 458.86035774465785),
[92mINFO [0m:      	                (17, 453.2842780352044),
2026-07-08 23:52:20,086 | INFO | 	                (17, 453.2842780352044),
[92mINFO [0m:      	                (18, 360.82065816357624),
2026-07-08 23:52:20,086 | INFO | 	                (18, 360.82065816357624),
[92mINFO [0m:      	                (19, 485.26392358922294),
2026-07-08 23:52:20,086 | INFO | 	                (19, 485.26392358922294),
[92mINFO [0m:      	                (20, 439.8987191169925),
2026-07-08 23:52:20,086 | INFO | 	                (20, 439.8987191169925),
[92mINFO [0m:      	                (21, 496.36282804560113),
2026-07-08 23:52:20,086 | INFO | 	                (21, 496.36282804560113),
[92mINFO [0m:      	                (22, 354.56337361620126),
2026-07-08 23:52:20,086 | INFO | 	                (22, 354.56337361620126),
[92mINFO [0m:      	                (23, 359.5563928388093),
2026-07-08 23:52:20,086 | INFO | 	                (23, 359.5563928388093),
[92mINFO [0m:      	                (24, 435.1450280739604),
2026-07-08 23:52:20,086 | INFO | 	                (24, 435.1450280739604),
[92mINFO [0m:      	                (25, 382.597927006204),
2026-07-08 23:52:20,086 | INFO | 	                (25, 382.597927006204),
[92mINFO [0m:      	                (26, 355.00931054692865),
2026-07-08 23:52:20,086 | INFO | 	                (26, 355.00931054692865),
[92mINFO [0m:      	                (27, 367.63537749039193),
2026-07-08 23:52:20,086 | INFO | 	                (27, 367.63537749039193),
[92mINFO [0m:      	                (28, 458.5200034266172),
2026-07-08 23:52:20,086 | INFO | 	                (28, 458.5200034266172),
[92mINFO [0m:      	                (29, 396.7379087484912),
2026-07-08 23:52:20,086 | INFO | 	                (29, 396.7379087484912),
[92mINFO [0m:      	                (30, 387.56875105412604),
2026-07-08 23:52:20,086 | INFO | 	                (30, 387.56875105412604),
[92mINFO [0m:      	                (31, 367.9419996748549),
2026-07-08 23:52:20,086 | INFO | 	                (31, 367.9419996748549),
[92mINFO [0m:      	                (32, 446.78160140935086),
2026-07-08 23:52:20,086 | INFO | 	                (32, 446.78160140935086),
[92mINFO [0m:      	                (33, 452.40297269693616),
2026-07-08 23:52:20,086 | INFO | 	                (33, 452.40297269693616),
[92mINFO [0m:      	                (34, 430.97392665330347),
2026-07-08 23:52:20,086 | INFO | 	                (34, 430.97392665330347),
[92mINFO [0m:      	                (35, 391.07078502065553),
2026-07-08 23:52:20,086 | INFO | 	                (35, 391.07078502065553),
[92mINFO [0m:      	                (36, 339.0916018422164),
2026-07-08 23:52:20,086 | INFO | 	                (36, 339.0916018422164),
[92mINFO [0m:      	                (37, 421.25544231427585),
2026-07-08 23:52:20,086 | INFO | 	                (37, 421.25544231427585),
[92mINFO [0m:      	                (38, 409.56477444730155),
2026-07-08 23:52:20,086 | INFO | 	                (38, 409.56477444730155),
[92mINFO [0m:      	                (39, 444.4958627090532),
2026-07-08 23:52:20,086 | INFO | 	                (39, 444.4958627090532),
[92mINFO [0m:      	                (40, 338.9950187431151),
2026-07-08 23:52:20,086 | INFO | 	                (40, 338.9950187431151),
[92mINFO [0m:      	                (41, 281.809922748843),
2026-07-08 23:52:20,086 | INFO | 	                (41, 281.809922748843),
[92mINFO [0m:      	                (42, 321.6801581417833),
2026-07-08 23:52:20,086 | INFO | 	                (42, 321.6801581417833),
[92mINFO [0m:      	                (43, 469.01004163561316),
2026-07-08 23:52:20,086 | INFO | 	                (43, 469.01004163561316),
[92mINFO [0m:      	                (44, 347.56821057494903),
2026-07-08 23:52:20,086 | INFO | 	                (44, 347.56821057494903),
[92mINFO [0m:      	                (45, 342.3914745202892),
2026-07-08 23:52:20,086 | INFO | 	                (45, 342.3914745202892),
[92mINFO [0m:      	                (46, 377.9753904570608),
2026-07-08 23:52:20,086 | INFO | 	                (46, 377.9753904570608),
[92mINFO [0m:      	                (47, 308.75612484062316),
2026-07-08 23:52:20,086 | INFO | 	                (47, 308.75612484062316),
[92mINFO [0m:      	                (48, 437.7718097928138),
2026-07-08 23:52:20,086 | INFO | 	                (48, 437.7718097928138),
[92mINFO [0m:      	                (49, 376.66881101123727),
2026-07-08 23:52:20,086 | INFO | 	                (49, 376.66881101123727),
[92mINFO [0m:      	                (50, 327.19605644131246),
2026-07-08 23:52:20,086 | INFO | 	                (50, 327.19605644131246),
[92mINFO [0m:      	                (51, 361.0554959860451),
2026-07-08 23:52:20,086 | INFO | 	                (51, 361.0554959860451),
[92mINFO [0m:      	                (52, 342.18249697045025),
2026-07-08 23:52:20,086 | INFO | 	                (52, 342.18249697045025),
[92mINFO [0m:      	                (53, 249.22010296859904),
2026-07-08 23:52:20,086 | INFO | 	                (53, 249.22010296859904),
[92mINFO [0m:      	                (54, 286.7336655334055),
2026-07-08 23:52:20,086 | INFO | 	                (54, 286.7336655334055),
[92mINFO [0m:      	                (55, 400.80646020205216),
2026-07-08 23:52:20,086 | INFO | 	                (55, 400.80646020205216),
[92mINFO [0m:      	                (56, 383.22054950762987),
2026-07-08 23:52:20,087 | INFO | 	                (56, 383.22054950762987),
[92mINFO [0m:      	                (57, 346.4748205615987),
2026-07-08 23:52:20,087 | INFO | 	                (57, 346.4748205615987),
[92mINFO [0m:      	                (58, 243.1727337347514),
2026-07-08 23:52:20,087 | INFO | 	                (58, 243.1727337347514),
[92mINFO [0m:      	                (59, 308.4102081595946),
2026-07-08 23:52:20,087 | INFO | 	                (59, 308.4102081595946),
[92mINFO [0m:      	                (60, 253.7783191106345)],
2026-07-08 23:52:20,087 | INFO | 	                (60, 253.7783191106345)],
[92mINFO [0m:      	 'train_loss_max': [(1, 753.4636720657348),
2026-07-08 23:52:20,087 | INFO | 	 'train_loss_max': [(1, 753.4636720657348),
[92mINFO [0m:      	                    (2, 960.1416625976562),
2026-07-08 23:52:20,087 | INFO | 	                    (2, 960.1416625976562),
[92mINFO [0m:      	                    (3, 1155.502485370636),
2026-07-08 23:52:20,087 | INFO | 	                    (3, 1155.502485370636),
[92mINFO [0m:      	                    (4, 804.6559895896912),
2026-07-08 23:52:20,087 | INFO | 	                    (4, 804.6559895896912),
[92mINFO [0m:      	                    (5, 974.5381747245789),
2026-07-08 23:52:20,087 | INFO | 	                    (5, 974.5381747245789),
[92mINFO [0m:      	                    (6, 783.7179477373759),
2026-07-08 23:52:20,087 | INFO | 	                    (6, 783.7179477373759),
[92mINFO [0m:      	                    (7, 635.1728889942169),
2026-07-08 23:52:20,087 | INFO | 	                    (7, 635.1728889942169),
[92mINFO [0m:      	                    (8, 750.3514005184173),
2026-07-08 23:52:20,087 | INFO | 	                    (8, 750.3514005184173),
[92mINFO [0m:      	                    (9, 564.046107673645),
2026-07-08 23:52:20,087 | INFO | 	                    (9, 564.046107673645),
[92mINFO [0m:      	                    (10, 623.3917465686798),
2026-07-08 23:52:20,087 | INFO | 	                    (10, 623.3917465686798),
[92mINFO [0m:      	                    (11, 738.1040611465772),
2026-07-08 23:52:20,087 | INFO | 	                    (11, 738.1040611465772),
[92mINFO [0m:      	                    (12, 565.8498321533203),
2026-07-08 23:52:20,087 | INFO | 	                    (12, 565.8498321533203),
[92mINFO [0m:      	                    (13, 556.4305212020874),
2026-07-08 23:52:20,087 | INFO | 	                    (13, 556.4305212020874),
[92mINFO [0m:      	                    (14, 599.7012186050415),
2026-07-08 23:52:20,087 | INFO | 	                    (14, 599.7012186050415),
[92mINFO [0m:      	                    (15, 537.1339271306991),
2026-07-08 23:52:20,087 | INFO | 	                    (15, 537.1339271306991),
[92mINFO [0m:      	                    (16, 595.7542895793915),
2026-07-08 23:52:20,087 | INFO | 	                    (16, 595.7542895793915),
[92mINFO [0m:      	                    (17, 613.8869103908539),
2026-07-08 23:52:20,087 | INFO | 	                    (17, 613.8869103908539),
[92mINFO [0m:      	                    (18, 441.27165083885194),
2026-07-08 23:52:20,087 | INFO | 	                    (18, 441.27165083885194),
[92mINFO [0m:      	                    (19, 624.6107601165771),
2026-07-08 23:52:20,087 | INFO | 	                    (19, 624.6107601165771),
[92mINFO [0m:      	                    (20, 653.3421073754629),
2026-07-08 23:52:20,087 | INFO | 	                    (20, 653.3421073754629),
[92mINFO [0m:      	                    (21, 675.9028610428174),
2026-07-08 23:52:20,087 | INFO | 	                    (21, 675.9028610428174),
[92mINFO [0m:      	                    (22, 565.9330816268921),
2026-07-08 23:52:20,087 | INFO | 	                    (22, 565.9330816268921),
[92mINFO [0m:      	                    (23, 443.60369777679443),
2026-07-08 23:52:20,087 | INFO | 	                    (23, 443.60369777679443),
[92mINFO [0m:      	                    (24, 516.8465283711752),
2026-07-08 23:52:20,087 | INFO | 	                    (24, 516.8465283711752),
[92mINFO [0m:      	                    (25, 578.0248613834381),
2026-07-08 23:52:20,087 | INFO | 	                    (25, 578.0248613834381),
[92mINFO [0m:      	                    (26, 527.5501361846924),
2026-07-08 23:52:20,087 | INFO | 	                    (26, 527.5501361846924),
[92mINFO [0m:      	                    (27, 455.59086751937866),
2026-07-08 23:52:20,087 | INFO | 	                    (27, 455.59086751937866),
[92mINFO [0m:      	                    (28, 645.4751848220825),
2026-07-08 23:52:20,087 | INFO | 	                    (28, 645.4751848220825),
[92mINFO [0m:      	                    (29, 546.5101517518361),
2026-07-08 23:52:20,087 | INFO | 	                    (29, 546.5101517518361),
[92mINFO [0m:      	                    (30, 541.0853842496872),
2026-07-08 23:52:20,087 | INFO | 	                    (30, 541.0853842496872),
[92mINFO [0m:      	                    (31, 544.8817245006561),
2026-07-08 23:52:20,087 | INFO | 	                    (31, 544.8817245006561),
[92mINFO [0m:      	                    (32, 550.9670285224914),
2026-07-08 23:52:20,087 | INFO | 	                    (32, 550.9670285224914),
[92mINFO [0m:      	                    (33, 591.8713425636291),
2026-07-08 23:52:20,087 | INFO | 	                    (33, 591.8713425636291),
[92mINFO [0m:      	                    (34, 574.1253978538513),
2026-07-08 23:52:20,087 | INFO | 	                    (34, 574.1253978538513),
[92mINFO [0m:      	                    (35, 553.3758034706116),
2026-07-08 23:52:20,087 | INFO | 	                    (35, 553.3758034706116),
[92mINFO [0m:      	                    (36, 495.80839862823484),
2026-07-08 23:52:20,087 | INFO | 	                    (36, 495.80839862823484),
[92mINFO [0m:      	                    (37, 539.400466966629),
2026-07-08 23:52:20,087 | INFO | 	                    (37, 539.400466966629),
[92mINFO [0m:      	                    (38, 562.0193145751953),
2026-07-08 23:52:20,088 | INFO | 	                    (38, 562.0193145751953),
[92mINFO [0m:      	                    (39, 753.1809465885162),
2026-07-08 23:52:20,088 | INFO | 	                    (39, 753.1809465885162),
[92mINFO [0m:      	                    (40, 670.4056609153747),
2026-07-08 23:52:20,088 | INFO | 	                    (40, 670.4056609153747),
[92mINFO [0m:      	                    (41, 365.42024351755776),
2026-07-08 23:52:20,088 | INFO | 	                    (41, 365.42024351755776),
[92mINFO [0m:      	                    (42, 406.3065558433533),
2026-07-08 23:52:20,088 | INFO | 	                    (42, 406.3065558433533),
[92mINFO [0m:      	                    (43, 625.7952679634094),
2026-07-08 23:52:20,088 | INFO | 	                    (43, 625.7952679634094),
[92mINFO [0m:      	                    (44, 451.74773143529893),
2026-07-08 23:52:20,088 | INFO | 	                    (44, 451.74773143529893),
[92mINFO [0m:      	                    (45, 487.49358749866485),
2026-07-08 23:52:20,088 | INFO | 	                    (45, 487.49358749866485),
[92mINFO [0m:      	                    (46, 496.3142480945587),
2026-07-08 23:52:20,088 | INFO | 	                    (46, 496.3142480945587),
[92mINFO [0m:      	                    (47, 537.0844036102295),
2026-07-08 23:52:20,088 | INFO | 	                    (47, 537.0844036102295),
[92mINFO [0m:      	                    (48, 546.5040801843007),
2026-07-08 23:52:20,088 | INFO | 	                    (48, 546.5040801843007),
[92mINFO [0m:      	                    (49, 538.617385840416),
2026-07-08 23:52:20,088 | INFO | 	                    (49, 538.617385840416),
[92mINFO [0m:      	                    (50, 469.63673973083496),
2026-07-08 23:52:20,088 | INFO | 	                    (50, 469.63673973083496),
[92mINFO [0m:      	                    (51, 516.6715787887573),
2026-07-08 23:52:20,088 | INFO | 	                    (51, 516.6715787887573),
[92mINFO [0m:      	                    (52, 435.6187215169271),
2026-07-08 23:52:20,088 | INFO | 	                    (52, 435.6187215169271),
[92mINFO [0m:      	                    (53, 312.18539848327634),
2026-07-08 23:52:20,088 | INFO | 	                    (53, 312.18539848327634),
[92mINFO [0m:      	                    (54, 371.2199566411972),
2026-07-08 23:52:20,088 | INFO | 	                    (54, 371.2199566411972),
[92mINFO [0m:      	                    (55, 558.4564506530762),
2026-07-08 23:52:20,088 | INFO | 	                    (55, 558.4564506530762),
[92mINFO [0m:      	                    (56, 615.3159656524658),
2026-07-08 23:52:20,088 | INFO | 	                    (56, 615.3159656524658),
[92mINFO [0m:      	                    (57, 516.5845308589935),
2026-07-08 23:52:20,088 | INFO | 	                    (57, 516.5845308589935),
[92mINFO [0m:      	                    (58, 406.44718914031984),
2026-07-08 23:52:20,088 | INFO | 	                    (58, 406.44718914031984),
[92mINFO [0m:      	                    (59, 397.5855545139313),
2026-07-08 23:52:20,088 | INFO | 	                    (59, 397.5855545139313),
[92mINFO [0m:      	                    (60, 388.36649178266526)],
2026-07-08 23:52:20,088 | INFO | 	                    (60, 388.36649178266526)],
[92mINFO [0m:      	 'train_loss_mean': [(1, 352.37137073940704),
2026-07-08 23:52:20,088 | INFO | 	 'train_loss_mean': [(1, 352.37137073940704),
[92mINFO [0m:      	                     (2, 353.5405533393224),
2026-07-08 23:52:20,088 | INFO | 	                     (2, 353.5405533393224),
[92mINFO [0m:      	                     (3, 493.52011631647747),
2026-07-08 23:52:20,088 | INFO | 	                     (3, 493.52011631647747),
[92mINFO [0m:      	                     (4, 305.1900960057576),
2026-07-08 23:52:20,088 | INFO | 	                     (4, 305.1900960057576),
[92mINFO [0m:      	                     (5, 344.9344752105078),
2026-07-08 23:52:20,088 | INFO | 	                     (5, 344.9344752105078),
[92mINFO [0m:      	                     (6, 355.9154987250434),
2026-07-08 23:52:20,088 | INFO | 	                     (6, 355.9154987250434),
[92mINFO [0m:      	                     (7, 250.62878505971696),
2026-07-08 23:52:20,088 | INFO | 	                     (7, 250.62878505971696),
[92mINFO [0m:      	                     (8, 271.62871206124623),
2026-07-08 23:52:20,088 | INFO | 	                     (8, 271.62871206124623),
[92mINFO [0m:      	                     (9, 233.70101592063904),
2026-07-08 23:52:20,088 | INFO | 	                     (9, 233.70101592063904),
[92mINFO [0m:      	                     (10, 334.9925536251068),
2026-07-08 23:52:20,088 | INFO | 	                     (10, 334.9925536251068),
[92mINFO [0m:      	                     (11, 292.8301262956195),
2026-07-08 23:52:20,088 | INFO | 	                     (11, 292.8301262956195),
[92mINFO [0m:      	                     (12, 266.47441530068716),
2026-07-08 23:52:20,088 | INFO | 	                     (12, 266.47441530068716),
[92mINFO [0m:      	                     (13, 286.3645347702503),
2026-07-08 23:52:20,088 | INFO | 	                     (13, 286.3645347702503),
[92mINFO [0m:      	                     (14, 240.24484662532805),
2026-07-08 23:52:20,088 | INFO | 	                     (14, 240.24484662532805),
[92mINFO [0m:      	                     (15, 220.54065615177157),
2026-07-08 23:52:20,088 | INFO | 	                     (15, 220.54065615177157),
[92mINFO [0m:      	                     (16, 198.912688759168),
2026-07-08 23:52:20,088 | INFO | 	                     (16, 198.912688759168),
[92mINFO [0m:      	                     (17, 263.7627653853099),
2026-07-08 23:52:20,088 | INFO | 	                     (17, 263.7627653853099),
[92mINFO [0m:      	                     (18, 201.57185580492023),
2026-07-08 23:52:20,088 | INFO | 	                     (18, 201.57185580492023),
[92mINFO [0m:      	                     (19, 287.0065439891815),
2026-07-08 23:52:20,088 | INFO | 	                     (19, 287.0065439891815),
[92mINFO [0m:      	                     (20, 268.1908160887824),
2026-07-08 23:52:20,088 | INFO | 	                     (20, 268.1908160887824),
[92mINFO [0m:      	                     (21, 191.38907580468396),
2026-07-08 23:52:20,089 | INFO | 	                     (21, 191.38907580468396),
[92mINFO [0m:      	                     (22, 177.18768312136334),
2026-07-08 23:52:20,089 | INFO | 	                     (22, 177.18768312136334),
[92mINFO [0m:      	                     (23, 180.70225939234098),
2026-07-08 23:52:20,089 | INFO | 	                     (23, 180.70225939234098),
[92mINFO [0m:      	                     (24, 208.21795858912998),
2026-07-08 23:52:20,089 | INFO | 	                     (24, 208.21795858912998),
[92mINFO [0m:      	                     (25, 230.416073317594),
2026-07-08 23:52:20,089 | INFO | 	                     (25, 230.416073317594),
[92mINFO [0m:      	                     (26, 183.22741167942684),
2026-07-08 23:52:20,089 | INFO | 	                     (26, 183.22741167942684),
[92mINFO [0m:      	                     (27, 171.12041077931724),
2026-07-08 23:52:20,089 | INFO | 	                     (27, 171.12041077931724),
[92mINFO [0m:      	                     (28, 167.60467080540124),
2026-07-08 23:52:20,089 | INFO | 	                     (28, 167.60467080540124),
[92mINFO [0m:      	                     (29, 198.89782876385587),
2026-07-08 23:52:20,089 | INFO | 	                     (29, 198.89782876385587),
[92mINFO [0m:      	                     (30, 210.25802216211954),
2026-07-08 23:52:20,089 | INFO | 	                     (30, 210.25802216211954),
[92mINFO [0m:      	                     (31, 249.25838227430978),
2026-07-08 23:52:20,089 | INFO | 	                     (31, 249.25838227430978),
[92mINFO [0m:      	                     (32, 260.178012462722),
2026-07-08 23:52:20,089 | INFO | 	                     (32, 260.178012462722),
[92mINFO [0m:      	                     (33, 312.7875565700531),
2026-07-08 23:52:20,089 | INFO | 	                     (33, 312.7875565700531),
[92mINFO [0m:      	                     (34, 279.88735125189356),
2026-07-08 23:52:20,089 | INFO | 	                     (34, 279.88735125189356),
[92mINFO [0m:      	                     (35, 158.2855700437228),
2026-07-08 23:52:20,089 | INFO | 	                     (35, 158.2855700437228),
[92mINFO [0m:      	                     (36, 204.74310597340263),
2026-07-08 23:52:20,089 | INFO | 	                     (36, 204.74310597340263),
[92mINFO [0m:      	                     (37, 274.7883345816135),
2026-07-08 23:52:20,089 | INFO | 	                     (37, 274.7883345816135),
[92mINFO [0m:      	                     (38, 274.16530923525494),
2026-07-08 23:52:20,089 | INFO | 	                     (38, 274.16530923525494),
[92mINFO [0m:      	                     (39, 302.8660713786549),
2026-07-08 23:52:20,089 | INFO | 	                     (39, 302.8660713786549),
[92mINFO [0m:      	                     (40, 209.40937635083992),
2026-07-08 23:52:20,089 | INFO | 	                     (40, 209.40937635083992),
[92mINFO [0m:      	                     (41, 197.83487441566257),
2026-07-08 23:52:20,089 | INFO | 	                     (41, 197.83487441566257),
[92mINFO [0m:      	                     (42, 165.58459852695464),
2026-07-08 23:52:20,089 | INFO | 	                     (42, 165.58459852695464),
[92mINFO [0m:      	                     (43, 263.0970529863569),
2026-07-08 23:52:20,089 | INFO | 	                     (43, 263.0970529863569),
[92mINFO [0m:      	                     (44, 173.27258289257688),
2026-07-08 23:52:20,089 | INFO | 	                     (44, 173.27258289257688),
[92mINFO [0m:      	                     (45, 170.52021217964094),
2026-07-08 23:52:20,089 | INFO | 	                     (45, 170.52021217964094),
[92mINFO [0m:      	                     (46, 146.5979604224099),
2026-07-08 23:52:20,089 | INFO | 	                     (46, 146.5979604224099),
[92mINFO [0m:      	                     (47, 180.2908488175604),
2026-07-08 23:52:20,089 | INFO | 	                     (47, 180.2908488175604),
[92mINFO [0m:      	                     (48, 248.770172446092),
2026-07-08 23:52:20,089 | INFO | 	                     (48, 248.770172446092),
[92mINFO [0m:      	                     (49, 235.4050360518032),
2026-07-08 23:52:20,089 | INFO | 	                     (49, 235.4050360518032),
[92mINFO [0m:      	                     (50, 209.06423106193543),
2026-07-08 23:52:20,089 | INFO | 	                     (50, 209.06423106193543),
[92mINFO [0m:      	                     (51, 210.54679803530374),
2026-07-08 23:52:20,089 | INFO | 	                     (51, 210.54679803530374),
[92mINFO [0m:      	                     (52, 189.80322958363428),
2026-07-08 23:52:20,089 | INFO | 	                     (52, 189.80322958363428),
[92mINFO [0m:      	                     (53, 145.89415640989938),
2026-07-08 23:52:20,089 | INFO | 	                     (53, 145.89415640989938),
[92mINFO [0m:      	                     (54, 200.53675056595276),
2026-07-08 23:52:20,089 | INFO | 	                     (54, 200.53675056595276),
[92mINFO [0m:      	                     (55, 244.58139159668818),
2026-07-08 23:52:20,089 | INFO | 	                     (55, 244.58139159668818),
[92mINFO [0m:      	                     (56, 207.54498326460524),
2026-07-08 23:52:20,089 | INFO | 	                     (56, 207.54498326460524),
[92mINFO [0m:      	                     (57, 190.8251062062581),
2026-07-08 23:52:20,089 | INFO | 	                     (57, 190.8251062062581),
[92mINFO [0m:      	                     (58, 177.8606801337666),
2026-07-08 23:52:20,089 | INFO | 	                     (58, 177.8606801337666),
[92mINFO [0m:      	                     (59, 217.84828889751438),
2026-07-08 23:52:20,089 | INFO | 	                     (59, 217.84828889751438),
[92mINFO [0m:      	                     (60, 176.72784599542618)],
2026-07-08 23:52:20,089 | INFO | 	                     (60, 176.72784599542618)],
[92mINFO [0m:      	 'train_loss_min': [(1, 62.345907592773436),
2026-07-08 23:52:20,089 | INFO | 	 'train_loss_min': [(1, 62.345907592773436),
[92mINFO [0m:      	                    (2, 52.647712802886964),
2026-07-08 23:52:20,089 | INFO | 	                    (2, 52.647712802886964),
[92mINFO [0m:      	                    (3, 61.864251136779785),
2026-07-08 23:52:20,090 | INFO | 	                    (3, 61.864251136779785),
[92mINFO [0m:      	                    (4, 58.61346321105957),
2026-07-08 23:52:20,090 | INFO | 	                    (4, 58.61346321105957),
[92mINFO [0m:      	                    (5, 59.58316700458526),
2026-07-08 23:52:20,090 | INFO | 	                    (5, 59.58316700458526),
[92mINFO [0m:      	                    (6, 47.19494476318359),
2026-07-08 23:52:20,090 | INFO | 	                    (6, 47.19494476318359),
[92mINFO [0m:      	                    (7, 49.498166465759276),
2026-07-08 23:52:20,090 | INFO | 	                    (7, 49.498166465759276),
[92mINFO [0m:      	                    (8, 51.218860912322995),
2026-07-08 23:52:20,090 | INFO | 	                    (8, 51.218860912322995),
[92mINFO [0m:      	                    (9, 52.563571786880495),
2026-07-08 23:52:20,090 | INFO | 	                    (9, 52.563571786880495),
[92mINFO [0m:      	                    (10, 53.85848989486694),
2026-07-08 23:52:20,090 | INFO | 	                    (10, 53.85848989486694),
[92mINFO [0m:      	                    (11, 51.823026752471925),
2026-07-08 23:52:20,090 | INFO | 	                    (11, 51.823026752471925),
[92mINFO [0m:      	                    (12, 54.05845954418182),
2026-07-08 23:52:20,090 | INFO | 	                    (12, 54.05845954418182),
[92mINFO [0m:      	                    (13, 71.15279293060303),
2026-07-08 23:52:20,090 | INFO | 	                    (13, 71.15279293060303),
[92mINFO [0m:      	                    (14, 44.326858735084535),
2026-07-08 23:52:20,090 | INFO | 	                    (14, 44.326858735084535),
[92mINFO [0m:      	                    (15, 46.37658877372742),
2026-07-08 23:52:20,090 | INFO | 	                    (15, 46.37658877372742),
[92mINFO [0m:      	                    (16, 43.5380806684494),
2026-07-08 23:52:20,090 | INFO | 	                    (16, 43.5380806684494),
[92mINFO [0m:      	                    (17, 42.349007964134216),
2026-07-08 23:52:20,090 | INFO | 	                    (17, 42.349007964134216),
[92mINFO [0m:      	                    (18, 46.245459127426145),
2026-07-08 23:52:20,090 | INFO | 	                    (18, 46.245459127426145),
[92mINFO [0m:      	                    (19, 53.11240005493164),
2026-07-08 23:52:20,090 | INFO | 	                    (19, 53.11240005493164),
[92mINFO [0m:      	                    (20, 58.42642593383789),
2026-07-08 23:52:20,090 | INFO | 	                    (20, 58.42642593383789),
[92mINFO [0m:      	                    (21, 46.599986934661864),
2026-07-08 23:52:20,090 | INFO | 	                    (21, 46.599986934661864),
[92mINFO [0m:      	                    (22, 45.19771444797516),
2026-07-08 23:52:20,090 | INFO | 	                    (22, 45.19771444797516),
[92mINFO [0m:      	                    (23, 45.75414807200432),
2026-07-08 23:52:20,090 | INFO | 	                    (23, 45.75414807200432),
[92mINFO [0m:      	                    (24, 44.19850697517395),
2026-07-08 23:52:20,090 | INFO | 	                    (24, 44.19850697517395),
[92mINFO [0m:      	                    (25, 49.33026065826416),
2026-07-08 23:52:20,090 | INFO | 	                    (25, 49.33026065826416),
[92mINFO [0m:      	                    (26, 40.34490591287613),
2026-07-08 23:52:20,090 | INFO | 	                    (26, 40.34490591287613),
[92mINFO [0m:      	                    (27, 38.21067810058594),
2026-07-08 23:52:20,090 | INFO | 	                    (27, 38.21067810058594),
[92mINFO [0m:      	                    (28, 45.31478891372681),
2026-07-08 23:52:20,090 | INFO | 	                    (28, 45.31478891372681),
[92mINFO [0m:      	                    (29, 42.67645542621612),
2026-07-08 23:52:20,090 | INFO | 	                    (29, 42.67645542621612),
[92mINFO [0m:      	                    (30, 37.419171833992),
2026-07-08 23:52:20,090 | INFO | 	                    (30, 37.419171833992),
[92mINFO [0m:      	                    (31, 40.228394746780396),
2026-07-08 23:52:20,090 | INFO | 	                    (31, 40.228394746780396),
[92mINFO [0m:      	                    (32, 39.61840901374817),
2026-07-08 23:52:20,090 | INFO | 	                    (32, 39.61840901374817),
[92mINFO [0m:      	                    (33, 43.936047077178955),
2026-07-08 23:52:20,090 | INFO | 	                    (33, 43.936047077178955),
[92mINFO [0m:      	                    (34, 46.33115921020508),
2026-07-08 23:52:20,090 | INFO | 	                    (34, 46.33115921020508),
[92mINFO [0m:      	                    (35, 40.20026335716248),
2026-07-08 23:52:20,090 | INFO | 	                    (35, 40.20026335716248),
[92mINFO [0m:      	                    (36, 44.832882928848264),
2026-07-08 23:52:20,090 | INFO | 	                    (36, 44.832882928848264),
[92mINFO [0m:      	                    (37, 33.230389446020126),
2026-07-08 23:52:20,090 | INFO | 	                    (37, 33.230389446020126),
[92mINFO [0m:      	                    (38, 38.08740503787995),
2026-07-08 23:52:20,090 | INFO | 	                    (38, 38.08740503787995),
[92mINFO [0m:      	                    (39, 47.906114959716795),
2026-07-08 23:52:20,090 | INFO | 	                    (39, 47.906114959716795),
[92mINFO [0m:      	                    (40, 39.44776511192322),
2026-07-08 23:52:20,090 | INFO | 	                    (40, 39.44776511192322),
[92mINFO [0m:      	                    (41, 39.34367793798447),
2026-07-08 23:52:20,090 | INFO | 	                    (41, 39.34367793798447),
[92mINFO [0m:      	                    (42, 39.34715991020202),
2026-07-08 23:52:20,090 | INFO | 	                    (42, 39.34715991020202),
[92mINFO [0m:      	                    (43, 33.50956482887268),
2026-07-08 23:52:20,090 | INFO | 	                    (43, 33.50956482887268),
[92mINFO [0m:      	                    (44, 44.15510368347168),
2026-07-08 23:52:20,090 | INFO | 	                    (44, 44.15510368347168),
[92mINFO [0m:      	                    (45, 40.292981116473676),
2026-07-08 23:52:20,091 | INFO | 	                    (45, 40.292981116473676),
[92mINFO [0m:      	                    (46, 37.92978174686432),
2026-07-08 23:52:20,091 | INFO | 	                    (46, 37.92978174686432),
[92mINFO [0m:      	                    (47, 34.71094326972961),
2026-07-08 23:52:20,091 | INFO | 	                    (47, 34.71094326972961),
[92mINFO [0m:      	                    (48, 31.70034303665161),
2026-07-08 23:52:20,091 | INFO | 	                    (48, 31.70034303665161),
[92mINFO [0m:      	                    (49, 30.72402868270874),
2026-07-08 23:52:20,091 | INFO | 	                    (49, 30.72402868270874),
[92mINFO [0m:      	                    (50, 37.000756645202635),
2026-07-08 23:52:20,091 | INFO | 	                    (50, 37.000756645202635),
[92mINFO [0m:      	                    (51, 39.03073058128357),
2026-07-08 23:52:20,091 | INFO | 	                    (51, 39.03073058128357),
[92mINFO [0m:      	                    (52, 28.785941982269286),
2026-07-08 23:52:20,091 | INFO | 	                    (52, 28.785941982269286),
[92mINFO [0m:      	                    (53, 38.803168296813965),
2026-07-08 23:52:20,091 | INFO | 	                    (53, 38.803168296813965),
[92mINFO [0m:      	                    (54, 33.09304656982422),
2026-07-08 23:52:20,091 | INFO | 	                    (54, 33.09304656982422),
[92mINFO [0m:      	                    (55, 33.886378574371335),
2026-07-08 23:52:20,091 | INFO | 	                    (55, 33.886378574371335),
[92mINFO [0m:      	                    (56, 35.807785105705264),
2026-07-08 23:52:20,091 | INFO | 	                    (56, 35.807785105705264),
[92mINFO [0m:      	                    (57, 38.27273302078247),
2026-07-08 23:52:20,091 | INFO | 	                    (57, 38.27273302078247),
[92mINFO [0m:      	                    (58, 37.71355266571045),
2026-07-08 23:52:20,091 | INFO | 	                    (58, 37.71355266571045),
[92mINFO [0m:      	                    (59, 42.122537565231326),
2026-07-08 23:52:20,091 | INFO | 	                    (59, 42.122537565231326),
[92mINFO [0m:      	                    (60, 34.0855411529541)],
2026-07-08 23:52:20,091 | INFO | 	                    (60, 34.0855411529541)],
[92mINFO [0m:      	 'train_loss_p10': [(1, 78.38086896896363),
2026-07-08 23:52:20,091 | INFO | 	 'train_loss_p10': [(1, 78.38086896896363),
[92mINFO [0m:      	                    (2, 70.0586978340149),
2026-07-08 23:52:20,091 | INFO | 	                    (2, 70.0586978340149),
[92mINFO [0m:      	                    (3, 107.66305862426759),
2026-07-08 23:52:20,091 | INFO | 	                    (3, 107.66305862426759),
[92mINFO [0m:      	                    (4, 64.87083196640015),
2026-07-08 23:52:20,091 | INFO | 	                    (4, 64.87083196640015),
[92mINFO [0m:      	                    (5, 77.93779232025146),
2026-07-08 23:52:20,091 | INFO | 	                    (5, 77.93779232025146),
[92mINFO [0m:      	                    (6, 153.2737294769287),
2026-07-08 23:52:20,091 | INFO | 	                    (6, 153.2737294769287),
[92mINFO [0m:      	                    (7, 51.99950384140015),
2026-07-08 23:52:20,091 | INFO | 	                    (7, 51.99950384140015),
[92mINFO [0m:      	                    (8, 61.96479921340942),
2026-07-08 23:52:20,091 | INFO | 	                    (8, 61.96479921340942),
[92mINFO [0m:      	                    (9, 57.217246780395506),
2026-07-08 23:52:20,091 | INFO | 	                    (9, 57.217246780395506),
[92mINFO [0m:      	                    (10, 69.12006149291992),
2026-07-08 23:52:20,091 | INFO | 	                    (10, 69.12006149291992),
[92mINFO [0m:      	                    (11, 72.38776573181153),
2026-07-08 23:52:20,091 | INFO | 	                    (11, 72.38776573181153),
[92mINFO [0m:      	                    (12, 60.12659240722656),
2026-07-08 23:52:20,091 | INFO | 	                    (12, 60.12659240722656),
[92mINFO [0m:      	                    (13, 106.06355607986451),
2026-07-08 23:52:20,091 | INFO | 	                    (13, 106.06355607986451),
[92mINFO [0m:      	                    (14, 50.61369714260101),
2026-07-08 23:52:20,091 | INFO | 	                    (14, 50.61369714260101),
[92mINFO [0m:      	                    (15, 59.56585422515869),
2026-07-08 23:52:20,091 | INFO | 	                    (15, 59.56585422515869),
[92mINFO [0m:      	                    (16, 54.6958954334259),
2026-07-08 23:52:20,091 | INFO | 	                    (16, 54.6958954334259),
[92mINFO [0m:      	                    (17, 64.4058032989502),
2026-07-08 23:52:20,091 | INFO | 	                    (17, 64.4058032989502),
[92mINFO [0m:      	                    (18, 47.28930060863495),
2026-07-08 23:52:20,091 | INFO | 	                    (18, 47.28930060863495),
[92mINFO [0m:      	                    (19, 61.12394432067871),
2026-07-08 23:52:20,091 | INFO | 	                    (19, 61.12394432067871),
[92mINFO [0m:      	                    (20, 84.56828365325929),
2026-07-08 23:52:20,091 | INFO | 	                    (20, 84.56828365325929),
[92mINFO [0m:      	                    (21, 47.77785419464111),
2026-07-08 23:52:20,091 | INFO | 	                    (21, 47.77785419464111),
[92mINFO [0m:      	                    (22, 58.357488040924075),
2026-07-08 23:52:20,091 | INFO | 	                    (22, 58.357488040924075),
[92mINFO [0m:      	                    (23, 49.54725978851319),
2026-07-08 23:52:20,091 | INFO | 	                    (23, 49.54725978851319),
[92mINFO [0m:      	                    (24, 51.59465772628784),
2026-07-08 23:52:20,091 | INFO | 	                    (24, 51.59465772628784),
[92mINFO [0m:      	                    (25, 49.98129816532135),
2026-07-08 23:52:20,091 | INFO | 	                    (25, 49.98129816532135),
[92mINFO [0m:      	                    (26, 50.74651161193847),
2026-07-08 23:52:20,091 | INFO | 	                    (26, 50.74651161193847),
[92mINFO [0m:      	                    (27, 43.49671492576599),
2026-07-08 23:52:20,092 | INFO | 	                    (27, 43.49671492576599),
[92mINFO [0m:      	                    (28, 48.79471756935119),
2026-07-08 23:52:20,092 | INFO | 	                    (28, 48.79471756935119),
[92mINFO [0m:      	                    (29, 50.04417209148407),
2026-07-08 23:52:20,092 | INFO | 	                    (29, 50.04417209148407),
[92mINFO [0m:      	                    (30, 56.248114662170416),
2026-07-08 23:52:20,092 | INFO | 	                    (30, 56.248114662170416),
[92mINFO [0m:      	                    (31, 65.68674505233764),
2026-07-08 23:52:20,092 | INFO | 	                    (31, 65.68674505233764),
[92mINFO [0m:      	                    (32, 45.17744333267212),
2026-07-08 23:52:20,092 | INFO | 	                    (32, 45.17744333267212),
[92mINFO [0m:      	                    (33, 87.37788732528688),
2026-07-08 23:52:20,092 | INFO | 	                    (33, 87.37788732528688),
[92mINFO [0m:      	                    (34, 78.28790806770326),
2026-07-08 23:52:20,092 | INFO | 	                    (34, 78.28790806770326),
[92mINFO [0m:      	                    (35, 48.04437757968903),
2026-07-08 23:52:20,092 | INFO | 	                    (35, 48.04437757968903),
[92mINFO [0m:      	                    (36, 48.36956471681595),
2026-07-08 23:52:20,092 | INFO | 	                    (36, 48.36956471681595),
[92mINFO [0m:      	                    (37, 42.29187932729721),
2026-07-08 23:52:20,092 | INFO | 	                    (37, 42.29187932729721),
[92mINFO [0m:      	                    (38, 64.320211353302),
2026-07-08 23:52:20,092 | INFO | 	                    (38, 64.320211353302),
[92mINFO [0m:      	                    (39, 54.96551307678222),
2026-07-08 23:52:20,092 | INFO | 	                    (39, 54.96551307678222),
[92mINFO [0m:      	                    (40, 42.08574371337891),
2026-07-08 23:52:20,092 | INFO | 	                    (40, 42.08574371337891),
[92mINFO [0m:      	                    (41, 52.84550518035889),
2026-07-08 23:52:20,092 | INFO | 	                    (41, 52.84550518035889),
[92mINFO [0m:      	                    (42, 44.6411425113678),
2026-07-08 23:52:20,092 | INFO | 	                    (42, 44.6411425113678),
[92mINFO [0m:      	                    (43, 44.16597350120544),
2026-07-08 23:52:20,092 | INFO | 	                    (43, 44.16597350120544),
[92mINFO [0m:      	                    (44, 48.90279646873474),
2026-07-08 23:52:20,092 | INFO | 	                    (44, 48.90279646873474),
[92mINFO [0m:      	                    (45, 53.85808308601379),
2026-07-08 23:52:20,092 | INFO | 	                    (45, 53.85808308601379),
[92mINFO [0m:      	                    (46, 43.35500786781311),
2026-07-08 23:52:20,092 | INFO | 	                    (46, 43.35500786781311),
[92mINFO [0m:      	                    (47, 41.19844974398613),
2026-07-08 23:52:20,092 | INFO | 	                    (47, 41.19844974398613),
[92mINFO [0m:      	                    (48, 45.449760046005245),
2026-07-08 23:52:20,092 | INFO | 	                    (48, 45.449760046005245),
[92mINFO [0m:      	                    (49, 68.16679748535157),
2026-07-08 23:52:20,092 | INFO | 	                    (49, 68.16679748535157),
[92mINFO [0m:      	                    (50, 55.5281915473938),
2026-07-08 23:52:20,092 | INFO | 	                    (50, 55.5281915473938),
[92mINFO [0m:      	                    (51, 44.157583198547364),
2026-07-08 23:52:20,092 | INFO | 	                    (51, 44.157583198547364),
[92mINFO [0m:      	                    (52, 39.993618125915525),
2026-07-08 23:52:20,092 | INFO | 	                    (52, 39.993618125915525),
[92mINFO [0m:      	                    (53, 41.36530899047852),
2026-07-08 23:52:20,092 | INFO | 	                    (53, 41.36530899047852),
[92mINFO [0m:      	                    (54, 48.22694389343262),
2026-07-08 23:52:20,092 | INFO | 	                    (54, 48.22694389343262),
[92mINFO [0m:      	                    (55, 46.64082034111024),
2026-07-08 23:52:20,092 | INFO | 	                    (55, 46.64082034111024),
[92mINFO [0m:      	                    (56, 39.51374738693237),
2026-07-08 23:52:20,092 | INFO | 	                    (56, 39.51374738693237),
[92mINFO [0m:      	                    (57, 39.92281254768372),
2026-07-08 23:52:20,092 | INFO | 	                    (57, 39.92281254768372),
[92mINFO [0m:      	                    (58, 45.418247604370116),
2026-07-08 23:52:20,092 | INFO | 	                    (58, 45.418247604370116),
[92mINFO [0m:      	                    (59, 78.56051830291749),
2026-07-08 23:52:20,092 | INFO | 	                    (59, 78.56051830291749),
[92mINFO [0m:      	                    (60, 39.84017217636109)],
2026-07-08 23:52:20,092 | INFO | 	                    (60, 39.84017217636109)],
[92mINFO [0m:      	 'train_loss_p50': [(1, 202.90839653015138),
2026-07-08 23:52:20,092 | INFO | 	 'train_loss_p50': [(1, 202.90839653015138),
[92mINFO [0m:      	                    (2, 282.06594343185424),
2026-07-08 23:52:20,092 | INFO | 	                    (2, 282.06594343185424),
[92mINFO [0m:      	                    (3, 444.8493340969086),
2026-07-08 23:52:20,092 | INFO | 	                    (3, 444.8493340969086),
[92mINFO [0m:      	                    (4, 300.44049100875856),
2026-07-08 23:52:20,092 | INFO | 	                    (4, 300.44049100875856),
[92mINFO [0m:      	                    (5, 166.90832996368408),
2026-07-08 23:52:20,092 | INFO | 	                    (5, 166.90832996368408),
[92mINFO [0m:      	                    (6, 328.94020228385926),
2026-07-08 23:52:20,092 | INFO | 	                    (6, 328.94020228385926),
[92mINFO [0m:      	                    (7, 137.85306673049928),
2026-07-08 23:52:20,092 | INFO | 	                    (7, 137.85306673049928),
[92mINFO [0m:      	                    (8, 152.5246145248413),
2026-07-08 23:52:20,092 | INFO | 	                    (8, 152.5246145248413),
[92mINFO [0m:      	                    (9, 138.04689245224),
2026-07-08 23:52:20,093 | INFO | 	                    (9, 138.04689245224),
[92mINFO [0m:      	                    (10, 288.1175164222717),
2026-07-08 23:52:20,093 | INFO | 	                    (10, 288.1175164222717),
[92mINFO [0m:      	                    (11, 276.54993896484376),
2026-07-08 23:52:20,093 | INFO | 	                    (11, 276.54993896484376),
[92mINFO [0m:      	                    (12, 245.560640335083),
2026-07-08 23:52:20,093 | INFO | 	                    (12, 245.560640335083),
[92mINFO [0m:      	                    (13, 273.4120595932007),
2026-07-08 23:52:20,093 | INFO | 	                    (13, 273.4120595932007),
[92mINFO [0m:      	                    (14, 164.80628645420074),
2026-07-08 23:52:20,093 | INFO | 	                    (14, 164.80628645420074),
[92mINFO [0m:      	                    (15, 214.12432317733766),
2026-07-08 23:52:20,093 | INFO | 	                    (15, 214.12432317733766),
[92mINFO [0m:      	                    (16, 184.66161727905273),
2026-07-08 23:52:20,093 | INFO | 	                    (16, 184.66161727905273),
[92mINFO [0m:      	                    (17, 227.6728663444519),
2026-07-08 23:52:20,093 | INFO | 	                    (17, 227.6728663444519),
[92mINFO [0m:      	                    (18, 190.58730773925782),
2026-07-08 23:52:20,093 | INFO | 	                    (18, 190.58730773925782),
[92mINFO [0m:      	                    (19, 233.64633808135986),
2026-07-08 23:52:20,093 | INFO | 	                    (19, 233.64633808135986),
[92mINFO [0m:      	                    (20, 203.26673860549926),
2026-07-08 23:52:20,093 | INFO | 	                    (20, 203.26673860549926),
[92mINFO [0m:      	                    (21, 95.05311594009399),
2026-07-08 23:52:20,093 | INFO | 	                    (21, 95.05311594009399),
[92mINFO [0m:      	                    (22, 106.06341037750244),
2026-07-08 23:52:20,093 | INFO | 	                    (22, 106.06341037750244),
[92mINFO [0m:      	                    (23, 126.40787372589111),
2026-07-08 23:52:20,093 | INFO | 	                    (23, 126.40787372589111),
[92mINFO [0m:      	                    (24, 136.3494571685791),
2026-07-08 23:52:20,093 | INFO | 	                    (24, 136.3494571685791),
[92mINFO [0m:      	                    (25, 225.67389154434204),
2026-07-08 23:52:20,093 | INFO | 	                    (25, 225.67389154434204),
[92mINFO [0m:      	                    (26, 121.84935894012452),
2026-07-08 23:52:20,093 | INFO | 	                    (26, 121.84935894012452),
[92mINFO [0m:      	                    (27, 76.76539878845215),
2026-07-08 23:52:20,093 | INFO | 	                    (27, 76.76539878845215),
[92mINFO [0m:      	                    (28, 104.26850214004517),
2026-07-08 23:52:20,093 | INFO | 	                    (28, 104.26850214004517),
[92mINFO [0m:      	                    (29, 179.0171226501465),
2026-07-08 23:52:20,093 | INFO | 	                    (29, 179.0171226501465),
[92mINFO [0m:      	                    (30, 157.81948280334473),
2026-07-08 23:52:20,093 | INFO | 	                    (30, 157.81948280334473),
[92mINFO [0m:      	                    (31, 248.31699256896974),
2026-07-08 23:52:20,093 | INFO | 	                    (31, 248.31699256896974),
[92mINFO [0m:      	                    (32, 192.82380657196046),
2026-07-08 23:52:20,093 | INFO | 	                    (32, 192.82380657196046),
[92mINFO [0m:      	                    (33, 320.38325066566466),
2026-07-08 23:52:20,093 | INFO | 	                    (33, 320.38325066566466),
[92mINFO [0m:      	                    (34, 292.06194896697997),
2026-07-08 23:52:20,093 | INFO | 	                    (34, 292.06194896697997),
[92mINFO [0m:      	                    (35, 87.3884630203247),
2026-07-08 23:52:20,093 | INFO | 	                    (35, 87.3884630203247),
[92mINFO [0m:      	                    (36, 107.08509140014648),
2026-07-08 23:52:20,093 | INFO | 	                    (36, 107.08509140014648),
[92mINFO [0m:      	                    (37, 300.96317291259766),
2026-07-08 23:52:20,093 | INFO | 	                    (37, 300.96317291259766),
[92mINFO [0m:      	                    (38, 229.1200900554657),
2026-07-08 23:52:20,093 | INFO | 	                    (38, 229.1200900554657),
[92mINFO [0m:      	                    (39, 318.3196015357971),
2026-07-08 23:52:20,093 | INFO | 	                    (39, 318.3196015357971),
[92mINFO [0m:      	                    (40, 111.48875885009765),
2026-07-08 23:52:20,093 | INFO | 	                    (40, 111.48875885009765),
[92mINFO [0m:      	                    (41, 215.71226806640624),
2026-07-08 23:52:20,093 | INFO | 	                    (41, 215.71226806640624),
[92mINFO [0m:      	                    (42, 117.99584398269653),
2026-07-08 23:52:20,093 | INFO | 	                    (42, 117.99584398269653),
[92mINFO [0m:      	                    (43, 203.88568506240844),
2026-07-08 23:52:20,093 | INFO | 	                    (43, 203.88568506240844),
[92mINFO [0m:      	                    (44, 120.82675628662109),
2026-07-08 23:52:20,093 | INFO | 	                    (44, 120.82675628662109),
[92mINFO [0m:      	                    (45, 117.71182041168213),
2026-07-08 23:52:20,093 | INFO | 	                    (45, 117.71182041168213),
[92mINFO [0m:      	                    (46, 73.99302291870117),
2026-07-08 23:52:20,093 | INFO | 	                    (46, 73.99302291870117),
[92mINFO [0m:      	                    (47, 137.28364248275756),
2026-07-08 23:52:20,093 | INFO | 	                    (47, 137.28364248275756),
[92mINFO [0m:      	                    (48, 270.07523212432864),
2026-07-08 23:52:20,093 | INFO | 	                    (48, 270.07523212432864),
[92mINFO [0m:      	                    (49, 134.24628772735596),
2026-07-08 23:52:20,093 | INFO | 	                    (49, 134.24628772735596),
[92mINFO [0m:      	                    (50, 184.744642829895),
2026-07-08 23:52:20,093 | INFO | 	                    (50, 184.744642829895),
[92mINFO [0m:      	                    (51, 187.6538311958313),
2026-07-08 23:52:20,094 | INFO | 	                    (51, 187.6538311958313),
[92mINFO [0m:      	                    (52, 173.4597611427307),
2026-07-08 23:52:20,094 | INFO | 	                    (52, 173.4597611427307),
[92mINFO [0m:      	                    (53, 123.82494201660157),
2026-07-08 23:52:20,094 | INFO | 	                    (53, 123.82494201660157),
[92mINFO [0m:      	                    (54, 204.04502182006837),
2026-07-08 23:52:20,094 | INFO | 	                    (54, 204.04502182006837),
[92mINFO [0m:      	                    (55, 216.68794560432434),
2026-07-08 23:52:20,094 | INFO | 	                    (55, 216.68794560432434),
[92mINFO [0m:      	                    (56, 124.8965371131897),
2026-07-08 23:52:20,094 | INFO | 	                    (56, 124.8965371131897),
[92mINFO [0m:      	                    (57, 146.36018333435058),
2026-07-08 23:52:20,094 | INFO | 	                    (57, 146.36018333435058),
[92mINFO [0m:      	                    (58, 194.8401460647583),
2026-07-08 23:52:20,094 | INFO | 	                    (58, 194.8401460647583),
[92mINFO [0m:      	                    (59, 243.5169473807017),
2026-07-08 23:52:20,094 | INFO | 	                    (59, 243.5169473807017),
[92mINFO [0m:      	                    (60, 185.9152243614197)],
2026-07-08 23:52:20,094 | INFO | 	                    (60, 185.9152243614197)],
[92mINFO [0m:      	 'train_loss_p90': [(1, 715.8591008059184),
2026-07-08 23:52:20,094 | INFO | 	 'train_loss_p90': [(1, 715.8591008059184),
[92mINFO [0m:      	                    (2, 716.0376765537262),
2026-07-08 23:52:20,094 | INFO | 	                    (2, 716.0376765537262),
[92mINFO [0m:      	                    (3, 901.8697227668762),
2026-07-08 23:52:20,094 | INFO | 	                    (3, 901.8697227668762),
[92mINFO [0m:      	                    (4, 566.4704675865173),
2026-07-08 23:52:20,094 | INFO | 	                    (4, 566.4704675865173),
[92mINFO [0m:      	                    (5, 671.4562507247925),
2026-07-08 23:52:20,094 | INFO | 	                    (5, 671.4562507247925),
[92mINFO [0m:      	                    (6, 629.191354227066),
2026-07-08 23:52:20,094 | INFO | 	                    (6, 629.191354227066),
[92mINFO [0m:      	                    (7, 616.4743148231506),
2026-07-08 23:52:20,094 | INFO | 	                    (7, 616.4743148231506),
[92mINFO [0m:      	                    (8, 596.7504358291626),
2026-07-08 23:52:20,094 | INFO | 	                    (8, 596.7504358291626),
[92mINFO [0m:      	                    (9, 540.7089489746094),
2026-07-08 23:52:20,094 | INFO | 	                    (9, 540.7089489746094),
[92mINFO [0m:      	                    (10, 559.6070719528199),
2026-07-08 23:52:20,094 | INFO | 	                    (10, 559.6070719528199),
[92mINFO [0m:      	                    (11, 501.1008488845825),
2026-07-08 23:52:20,094 | INFO | 	                    (11, 501.1008488845825),
[92mINFO [0m:      	                    (12, 506.14416908264155),
2026-07-08 23:52:20,094 | INFO | 	                    (12, 506.14416908264155),
[92mINFO [0m:      	                    (13, 448.83369792103764),
2026-07-08 23:52:20,094 | INFO | 	                    (13, 448.83369792103764),
[92mINFO [0m:      	                    (14, 578.8882159042358),
2026-07-08 23:52:20,094 | INFO | 	                    (14, 578.8882159042358),
[92mINFO [0m:      	                    (15, 459.6797985744476),
2026-07-08 23:52:20,094 | INFO | 	                    (15, 459.6797985744476),
[92mINFO [0m:      	                    (16, 389.8258208465576),
2026-07-08 23:52:20,094 | INFO | 	                    (16, 389.8258208465576),
[92mINFO [0m:      	                    (17, 536.878985953331),
2026-07-08 23:52:20,094 | INFO | 	                    (17, 536.878985953331),
[92mINFO [0m:      	                    (18, 428.2984085464477),
2026-07-08 23:52:20,094 | INFO | 	                    (18, 428.2984085464477),
[92mINFO [0m:      	                    (19, 598.1469486761093),
2026-07-08 23:52:20,094 | INFO | 	                    (19, 598.1469486761093),
[92mINFO [0m:      	                    (20, 480.27707218170167),
2026-07-08 23:52:20,094 | INFO | 	                    (20, 480.27707218170167),
[92mINFO [0m:      	                    (21, 399.82313967466354),
2026-07-08 23:52:20,094 | INFO | 	                    (21, 399.82313967466354),
[92mINFO [0m:      	                    (22, 445.62558565139767),
2026-07-08 23:52:20,094 | INFO | 	                    (22, 445.62558565139767),
[92mINFO [0m:      	                    (23, 426.2287866592407),
2026-07-08 23:52:20,094 | INFO | 	                    (23, 426.2287866592407),
[92mINFO [0m:      	                    (24, 448.85499435424805),
2026-07-08 23:52:20,094 | INFO | 	                    (24, 448.85499435424805),
[92mINFO [0m:      	                    (25, 437.10477693557743),
2026-07-08 23:52:20,094 | INFO | 	                    (25, 437.10477693557743),
[92mINFO [0m:      	                    (26, 405.6985258722305),
2026-07-08 23:52:20,094 | INFO | 	                    (26, 405.6985258722305),
[92mINFO [0m:      	                    (27, 395.9611295557022),
2026-07-08 23:52:20,094 | INFO | 	                    (27, 395.9611295557022),
[92mINFO [0m:      	                    (28, 373.05190980911254),
2026-07-08 23:52:20,094 | INFO | 	                    (28, 373.05190980911254),
[92mINFO [0m:      	                    (29, 393.7042991352081),
2026-07-08 23:52:20,094 | INFO | 	                    (29, 393.7042991352081),
[92mINFO [0m:      	                    (30, 470.6741628837585),
2026-07-08 23:52:20,094 | INFO | 	                    (30, 470.6741628837585),
[92mINFO [0m:      	                    (31, 418.7417992544174),
2026-07-08 23:52:20,094 | INFO | 	                    (31, 418.7417992544174),
[92mINFO [0m:      	                    (32, 538.3845847956339),
2026-07-08 23:52:20,094 | INFO | 	                    (32, 538.3845847956339),
[92mINFO [0m:      	                    (33, 541.3296633796692),
2026-07-08 23:52:20,095 | INFO | 	                    (33, 541.3296633796692),
[92mINFO [0m:      	                    (34, 507.6801524686813),
2026-07-08 23:52:20,095 | INFO | 	                    (34, 507.6801524686813),
[92mINFO [0m:      	                    (35, 405.1681649041175),
2026-07-08 23:52:20,095 | INFO | 	                    (35, 405.1681649041175),
[92mINFO [0m:      	                    (36, 389.6774912548065),
2026-07-08 23:52:20,095 | INFO | 	                    (36, 389.6774912548065),
[92mINFO [0m:      	                    (37, 511.5599380455017),
2026-07-08 23:52:20,095 | INFO | 	                    (37, 511.5599380455017),
[92mINFO [0m:      	                    (38, 464.9271688079834),
2026-07-08 23:52:20,095 | INFO | 	                    (38, 464.9271688079834),
[92mINFO [0m:      	                    (39, 605.8158106835682),
2026-07-08 23:52:20,095 | INFO | 	                    (39, 605.8158106835682),
[92mINFO [0m:      	                    (40, 392.7132343196869),
2026-07-08 23:52:20,095 | INFO | 	                    (40, 392.7132343196869),
[92mINFO [0m:      	                    (41, 305.8095091819763),
2026-07-08 23:52:20,095 | INFO | 	                    (41, 305.8095091819763),
[92mINFO [0m:      	                    (42, 355.03260058403015),
2026-07-08 23:52:20,095 | INFO | 	                    (42, 355.03260058403015),
[92mINFO [0m:      	                    (43, 562.3090571079255),
2026-07-08 23:52:20,095 | INFO | 	                    (43, 562.3090571079255),
[92mINFO [0m:      	                    (44, 387.4472704982757),
2026-07-08 23:52:20,095 | INFO | 	                    (44, 387.4472704982757),
[92mINFO [0m:      	                    (45, 319.4354935646057),
2026-07-08 23:52:20,095 | INFO | 	                    (45, 319.4354935646057),
[92mINFO [0m:      	                    (46, 400.27735938390094),
2026-07-08 23:52:20,095 | INFO | 	                    (46, 400.27735938390094),
[92mINFO [0m:      	                    (47, 321.56659428119656),
2026-07-08 23:52:20,095 | INFO | 	                    (47, 321.56659428119656),
[92mINFO [0m:      	                    (48, 483.9689540119171),
2026-07-08 23:52:20,095 | INFO | 	                    (48, 483.9689540119171),
[92mINFO [0m:      	                    (49, 449.5665312576294),
2026-07-08 23:52:20,095 | INFO | 	                    (49, 449.5665312576294),
[92mINFO [0m:      	                    (50, 400.209665722847),
2026-07-08 23:52:20,095 | INFO | 	                    (50, 400.209665722847),
[92mINFO [0m:      	                    (51, 472.3458340835571),
2026-07-08 23:52:20,095 | INFO | 	                    (51, 472.3458340835571),
[92mINFO [0m:      	                    (52, 371.70645034790033),
2026-07-08 23:52:20,095 | INFO | 	                    (52, 371.70645034790033),
[92mINFO [0m:      	                    (53, 286.91356019258495),
2026-07-08 23:52:20,095 | INFO | 	                    (53, 286.91356019258495),
[92mINFO [0m:      	                    (54, 350.1970950698852),
2026-07-08 23:52:20,095 | INFO | 	                    (54, 350.1970950698852),
[92mINFO [0m:      	                    (55, 486.0530116996765),
2026-07-08 23:52:20,095 | INFO | 	                    (55, 486.0530116996765),
[92mINFO [0m:      	                    (56, 527.1498407554626),
2026-07-08 23:52:20,095 | INFO | 	                    (56, 527.1498407554626),
[92mINFO [0m:      	                    (57, 436.87838453292846),
2026-07-08 23:52:20,095 | INFO | 	                    (57, 436.87838453292846),
[92mINFO [0m:      	                    (58, 300.3690111064911),
2026-07-08 23:52:20,095 | INFO | 	                    (58, 300.3690111064911),
[92mINFO [0m:      	                    (59, 373.1532906516393),
2026-07-08 23:52:20,095 | INFO | 	                    (59, 373.1532906516393),
[92mINFO [0m:      	                    (60, 329.6290176010132)],
2026-07-08 23:52:20,095 | INFO | 	                    (60, 329.6290176010132)],
[92mINFO [0m:      	 'train_loss_std': [(1, 268.50265279978595),
2026-07-08 23:52:20,095 | INFO | 	 'train_loss_std': [(1, 268.50265279978595),
[92mINFO [0m:      	                    (2, 271.36114899108355),
2026-07-08 23:52:20,095 | INFO | 	                    (2, 271.36114899108355),
[92mINFO [0m:      	                    (3, 327.24473794264185),
2026-07-08 23:52:20,095 | INFO | 	                    (3, 327.24473794264185),
[92mINFO [0m:      	                    (4, 217.68641073690162),
2026-07-08 23:52:20,095 | INFO | 	                    (4, 217.68641073690162),
[92mINFO [0m:      	                    (5, 283.2816566204206),
2026-07-08 23:52:20,095 | INFO | 	                    (5, 283.2816566204206),
[92mINFO [0m:      	                    (6, 212.19585770303428),
2026-07-08 23:52:20,095 | INFO | 	                    (6, 212.19585770303428),
[92mINFO [0m:      	                    (7, 225.94003435632897),
2026-07-08 23:52:20,095 | INFO | 	                    (7, 225.94003435632897),
[92mINFO [0m:      	                    (8, 226.08358426933682),
2026-07-08 23:52:20,095 | INFO | 	                    (8, 226.08358426933682),
[92mINFO [0m:      	                    (9, 192.60320575181998),
2026-07-08 23:52:20,095 | INFO | 	                    (9, 192.60320575181998),
[92mINFO [0m:      	                    (10, 190.358355179772),
2026-07-08 23:52:20,095 | INFO | 	                    (10, 190.358355179772),
[92mINFO [0m:      	                    (11, 196.70396917402755),
2026-07-08 23:52:20,095 | INFO | 	                    (11, 196.70396917402755),
[92mINFO [0m:      	                    (12, 166.21467309054762),
2026-07-08 23:52:20,095 | INFO | 	                    (12, 166.21467309054762),
[92mINFO [0m:      	                    (13, 143.56427411161468),
2026-07-08 23:52:20,095 | INFO | 	                    (13, 143.56427411161468),
[92mINFO [0m:      	                    (14, 204.84593968514739),
2026-07-08 23:52:20,095 | INFO | 	                    (14, 204.84593968514739),
[92mINFO [0m:      	                    (15, 161.50036456543734),
2026-07-08 23:52:20,095 | INFO | 	                    (15, 161.50036456543734),
[92mINFO [0m:      	                    (16, 150.56883338932963),
2026-07-08 23:52:20,096 | INFO | 	                    (16, 150.56883338932963),
[92mINFO [0m:      	                    (17, 181.90098630827887),
2026-07-08 23:52:20,096 | INFO | 	                    (17, 181.90098630827887),
[92mINFO [0m:      	                    (18, 139.19055873221973),
2026-07-08 23:52:20,096 | INFO | 	                    (18, 139.19055873221973),
[92mINFO [0m:      	                    (19, 200.6702455793003),
2026-07-08 23:52:20,096 | INFO | 	                    (19, 200.6702455793003),
[92mINFO [0m:      	                    (20, 170.98112335406753),
2026-07-08 23:52:20,096 | INFO | 	                    (20, 170.98112335406753),
[92mINFO [0m:      	                    (21, 185.18721499829203),
2026-07-08 23:52:20,096 | INFO | 	                    (21, 185.18721499829203),
[92mINFO [0m:      	                    (22, 160.46343844799944),
2026-07-08 23:52:20,096 | INFO | 	                    (22, 160.46343844799944),
[92mINFO [0m:      	                    (23, 148.53253828217368),
2026-07-08 23:52:20,096 | INFO | 	                    (23, 148.53253828217368),
[92mINFO [0m:      	                    (24, 168.92231535549794),
2026-07-08 23:52:20,096 | INFO | 	                    (24, 168.92231535549794),
[92mINFO [0m:      	                    (25, 163.8774579248709),
2026-07-08 23:52:20,096 | INFO | 	                    (25, 163.8774579248709),
[92mINFO [0m:      	                    (26, 154.64009402405526),
2026-07-08 23:52:20,096 | INFO | 	                    (26, 154.64009402405526),
[92mINFO [0m:      	                    (27, 150.4233513582565),
2026-07-08 23:52:20,096 | INFO | 	                    (27, 150.4233513582565),
[92mINFO [0m:      	                    (28, 165.6838631999432),
2026-07-08 23:52:20,096 | INFO | 	                    (28, 165.6838631999432),
[92mINFO [0m:      	                    (29, 145.5421981148276),
2026-07-08 23:52:20,096 | INFO | 	                    (29, 145.5421981148276),
[92mINFO [0m:      	                    (30, 157.58395542870605),
2026-07-08 23:52:20,096 | INFO | 	                    (30, 157.58395542870605),
[92mINFO [0m:      	                    (31, 147.01389804991692),
2026-07-08 23:52:20,096 | INFO | 	                    (31, 147.01389804991692),
[92mINFO [0m:      	                    (32, 197.85578793285174),
2026-07-08 23:52:20,096 | INFO | 	                    (32, 197.85578793285174),
[92mINFO [0m:      	                    (33, 163.7220118422536),
2026-07-08 23:52:20,096 | INFO | 	                    (33, 163.7220118422536),
[92mINFO [0m:      	                    (34, 162.22778492209247),
2026-07-08 23:52:20,096 | INFO | 	                    (34, 162.22778492209247),
[92mINFO [0m:      	                    (35, 154.3588041419044),
2026-07-08 23:52:20,096 | INFO | 	                    (35, 154.3588041419044),
[92mINFO [0m:      	                    (36, 150.39989501043067),
2026-07-08 23:52:20,096 | INFO | 	                    (36, 150.39989501043067),
[92mINFO [0m:      	                    (37, 184.05051844374233),
2026-07-08 23:52:20,096 | INFO | 	                    (37, 184.05051844374233),
[92mINFO [0m:      	                    (38, 168.61543856662132),
2026-07-08 23:52:20,096 | INFO | 	                    (38, 168.61543856662132),
[92mINFO [0m:      	                    (39, 217.98358206376204),
2026-07-08 23:52:20,096 | INFO | 	                    (39, 217.98358206376204),
[92mINFO [0m:      	                    (40, 182.53669745864175),
2026-07-08 23:52:20,096 | INFO | 	                    (40, 182.53669745864175),
[92mINFO [0m:      	                    (41, 98.98098064726624),
2026-07-08 23:52:20,096 | INFO | 	                    (41, 98.98098064726624),
[92mINFO [0m:      	                    (42, 123.57012522343787),
2026-07-08 23:52:20,096 | INFO | 	                    (42, 123.57012522343787),
[92mINFO [0m:      	                    (43, 208.21320953471957),
2026-07-08 23:52:20,096 | INFO | 	                    (43, 208.21320953471957),
[92mINFO [0m:      	                    (44, 131.8972301603409),
2026-07-08 23:52:20,096 | INFO | 	                    (44, 131.8972301603409),
[92mINFO [0m:      	                    (45, 125.98795388824253),
2026-07-08 23:52:20,096 | INFO | 	                    (45, 125.98795388824253),
[92mINFO [0m:      	                    (46, 147.71449181421104),
2026-07-08 23:52:20,096 | INFO | 	                    (46, 147.71449181421104),
[92mINFO [0m:      	                    (47, 136.65818231132195),
2026-07-08 23:52:20,096 | INFO | 	                    (47, 136.65818231132195),
[92mINFO [0m:      	                    (48, 191.50866979957),
2026-07-08 23:52:20,096 | INFO | 	                    (48, 191.50866979957),
[92mINFO [0m:      	                    (49, 166.9069681864406),
2026-07-08 23:52:20,096 | INFO | 	                    (49, 166.9069681864406),
[92mINFO [0m:      	                    (50, 140.53910138301964),
2026-07-08 23:52:20,096 | INFO | 	                    (50, 140.53910138301964),
[92mINFO [0m:      	                    (51, 157.9559936976158),
2026-07-08 23:52:20,096 | INFO | 	                    (51, 157.9559936976158),
[92mINFO [0m:      	                    (52, 129.46826052080036),
2026-07-08 23:52:20,096 | INFO | 	                    (52, 129.46826052080036),
[92mINFO [0m:      	                    (53, 98.26501795111878),
2026-07-08 23:52:20,096 | INFO | 	                    (53, 98.26501795111878),
[92mINFO [0m:      	                    (54, 112.15938575269081),
2026-07-08 23:52:20,096 | INFO | 	                    (54, 112.15938575269081),
[92mINFO [0m:      	                    (55, 171.97237112593706),
2026-07-08 23:52:20,096 | INFO | 	                    (55, 171.97237112593706),
[92mINFO [0m:      	                    (56, 198.22633435449075),
2026-07-08 23:52:20,096 | INFO | 	                    (56, 198.22633435449075),
[92mINFO [0m:      	                    (57, 148.98723275289476),
2026-07-08 23:52:20,096 | INFO | 	                    (57, 148.98723275289476),
[92mINFO [0m:      	                    (58, 106.31472557424944),
2026-07-08 23:52:20,097 | INFO | 	                    (58, 106.31472557424944),
[92mINFO [0m:      	                    (59, 117.94538586089281),
2026-07-08 23:52:20,097 | INFO | 	                    (59, 117.94538586089281),
[92mINFO [0m:      	                    (60, 114.31352762478302)],
2026-07-08 23:52:20,097 | INFO | 	                    (60, 114.31352762478302)],
[92mINFO [0m:      	 'vi_elbo_loss_max': [(1, 753.4636720657348),
2026-07-08 23:52:20,097 | INFO | 	 'vi_elbo_loss_max': [(1, 753.4636720657348),
[92mINFO [0m:      	                      (2, 960.1416625976562),
2026-07-08 23:52:20,097 | INFO | 	                      (2, 960.1416625976562),
[92mINFO [0m:      	                      (3, 1155.502485370636),
2026-07-08 23:52:20,097 | INFO | 	                      (3, 1155.502485370636),
[92mINFO [0m:      	                      (4, 804.6559895896912),
2026-07-08 23:52:20,097 | INFO | 	                      (4, 804.6559895896912),
[92mINFO [0m:      	                      (5, 974.5381747245789),
2026-07-08 23:52:20,097 | INFO | 	                      (5, 974.5381747245789),
[92mINFO [0m:      	                      (6, 783.7179477373759),
2026-07-08 23:52:20,097 | INFO | 	                      (6, 783.7179477373759),
[92mINFO [0m:      	                      (7, 635.1728889942169),
2026-07-08 23:52:20,097 | INFO | 	                      (7, 635.1728889942169),
[92mINFO [0m:      	                      (8, 750.3514005184173),
2026-07-08 23:52:20,097 | INFO | 	                      (8, 750.3514005184173),
[92mINFO [0m:      	                      (9, 564.046107673645),
2026-07-08 23:52:20,097 | INFO | 	                      (9, 564.046107673645),
[92mINFO [0m:      	                      (10, 623.3917465686798),
2026-07-08 23:52:20,097 | INFO | 	                      (10, 623.3917465686798),
[92mINFO [0m:      	                      (11, 738.1040611465772),
2026-07-08 23:52:20,097 | INFO | 	                      (11, 738.1040611465772),
[92mINFO [0m:      	                      (12, 565.8498321533203),
2026-07-08 23:52:20,097 | INFO | 	                      (12, 565.8498321533203),
[92mINFO [0m:      	                      (13, 556.4305212020874),
2026-07-08 23:52:20,097 | INFO | 	                      (13, 556.4305212020874),
[92mINFO [0m:      	                      (14, 599.7012186050415),
2026-07-08 23:52:20,097 | INFO | 	                      (14, 599.7012186050415),
[92mINFO [0m:      	                      (15, 537.1339271306991),
2026-07-08 23:52:20,097 | INFO | 	                      (15, 537.1339271306991),
[92mINFO [0m:      	                      (16, 595.7542895793915),
2026-07-08 23:52:20,097 | INFO | 	                      (16, 595.7542895793915),
[92mINFO [0m:      	                      (17, 613.8869103908539),
2026-07-08 23:52:20,097 | INFO | 	                      (17, 613.8869103908539),
[92mINFO [0m:      	                      (18, 441.27165083885194),
2026-07-08 23:52:20,097 | INFO | 	                      (18, 441.27165083885194),
[92mINFO [0m:      	                      (19, 624.6107601165771),
2026-07-08 23:52:20,097 | INFO | 	                      (19, 624.6107601165771),
[92mINFO [0m:      	                      (20, 653.3421073754629),
2026-07-08 23:52:20,097 | INFO | 	                      (20, 653.3421073754629),
[92mINFO [0m:      	                      (21, 675.9028610428174),
2026-07-08 23:52:20,097 | INFO | 	                      (21, 675.9028610428174),
[92mINFO [0m:      	                      (22, 565.9330816268921),
2026-07-08 23:52:20,097 | INFO | 	                      (22, 565.9330816268921),
[92mINFO [0m:      	                      (23, 443.60369777679443),
2026-07-08 23:52:20,097 | INFO | 	                      (23, 443.60369777679443),
[92mINFO [0m:      	                      (24, 516.8465283711752),
2026-07-08 23:52:20,097 | INFO | 	                      (24, 516.8465283711752),
[92mINFO [0m:      	                      (25, 578.0248613834381),
2026-07-08 23:52:20,097 | INFO | 	                      (25, 578.0248613834381),
[92mINFO [0m:      	                      (26, 527.5501361846924),
2026-07-08 23:52:20,097 | INFO | 	                      (26, 527.5501361846924),
[92mINFO [0m:      	                      (27, 455.59086751937866),
2026-07-08 23:52:20,097 | INFO | 	                      (27, 455.59086751937866),
[92mINFO [0m:      	                      (28, 645.4751848220825),
2026-07-08 23:52:20,097 | INFO | 	                      (28, 645.4751848220825),
[92mINFO [0m:      	                      (29, 546.5101517518361),
2026-07-08 23:52:20,097 | INFO | 	                      (29, 546.5101517518361),
[92mINFO [0m:      	                      (30, 541.0853842496872),
2026-07-08 23:52:20,097 | INFO | 	                      (30, 541.0853842496872),
[92mINFO [0m:      	                      (31, 544.8817245006561),
2026-07-08 23:52:20,097 | INFO | 	                      (31, 544.8817245006561),
[92mINFO [0m:      	                      (32, 550.9670285224914),
2026-07-08 23:52:20,097 | INFO | 	                      (32, 550.9670285224914),
[92mINFO [0m:      	                      (33, 591.8713425636291),
2026-07-08 23:52:20,097 | INFO | 	                      (33, 591.8713425636291),
[92mINFO [0m:      	                      (34, 574.1253978538513),
2026-07-08 23:52:20,097 | INFO | 	                      (34, 574.1253978538513),
[92mINFO [0m:      	                      (35, 553.3758034706116),
2026-07-08 23:52:20,097 | INFO | 	                      (35, 553.3758034706116),
[92mINFO [0m:      	                      (36, 495.80839862823484),
2026-07-08 23:52:20,097 | INFO | 	                      (36, 495.80839862823484),
[92mINFO [0m:      	                      (37, 539.400466966629),
2026-07-08 23:52:20,097 | INFO | 	                      (37, 539.400466966629),
[92mINFO [0m:      	                      (38, 562.0193145751953),
2026-07-08 23:52:20,097 | INFO | 	                      (38, 562.0193145751953),
[92mINFO [0m:      	                      (39, 753.1809465885162),
2026-07-08 23:52:20,097 | INFO | 	                      (39, 753.1809465885162),
[92mINFO [0m:      	                      (40, 670.4056609153747),
2026-07-08 23:52:20,097 | INFO | 	                      (40, 670.4056609153747),
[92mINFO [0m:      	                      (41, 365.42024351755776),
2026-07-08 23:52:20,098 | INFO | 	                      (41, 365.42024351755776),
[92mINFO [0m:      	                      (42, 406.3065558433533),
2026-07-08 23:52:20,098 | INFO | 	                      (42, 406.3065558433533),
[92mINFO [0m:      	                      (43, 625.7952679634094),
2026-07-08 23:52:20,098 | INFO | 	                      (43, 625.7952679634094),
[92mINFO [0m:      	                      (44, 451.74773143529893),
2026-07-08 23:52:20,098 | INFO | 	                      (44, 451.74773143529893),
[92mINFO [0m:      	                      (45, 487.49358749866485),
2026-07-08 23:52:20,098 | INFO | 	                      (45, 487.49358749866485),
[92mINFO [0m:      	                      (46, 496.3142480945587),
2026-07-08 23:52:20,098 | INFO | 	                      (46, 496.3142480945587),
[92mINFO [0m:      	                      (47, 537.0844036102295),
2026-07-08 23:52:20,098 | INFO | 	                      (47, 537.0844036102295),
[92mINFO [0m:      	                      (48, 546.5040801843007),
2026-07-08 23:52:20,098 | INFO | 	                      (48, 546.5040801843007),
[92mINFO [0m:      	                      (49, 538.617385840416),
2026-07-08 23:52:20,098 | INFO | 	                      (49, 538.617385840416),
[92mINFO [0m:      	                      (50, 469.63673973083496),
2026-07-08 23:52:20,098 | INFO | 	                      (50, 469.63673973083496),
[92mINFO [0m:      	                      (51, 516.6715787887573),
2026-07-08 23:52:20,098 | INFO | 	                      (51, 516.6715787887573),
[92mINFO [0m:      	                      (52, 435.6187215169271),
2026-07-08 23:52:20,098 | INFO | 	                      (52, 435.6187215169271),
[92mINFO [0m:      	                      (53, 312.18539848327634),
2026-07-08 23:52:20,098 | INFO | 	                      (53, 312.18539848327634),
[92mINFO [0m:      	                      (54, 371.2199566411972),
2026-07-08 23:52:20,098 | INFO | 	                      (54, 371.2199566411972),
[92mINFO [0m:      	                      (55, 558.4564506530762),
2026-07-08 23:52:20,098 | INFO | 	                      (55, 558.4564506530762),
[92mINFO [0m:      	                      (56, 615.3159656524658),
2026-07-08 23:52:20,098 | INFO | 	                      (56, 615.3159656524658),
[92mINFO [0m:      	                      (57, 516.5845308589935),
2026-07-08 23:52:20,098 | INFO | 	                      (57, 516.5845308589935),
[92mINFO [0m:      	                      (58, 406.44718914031984),
2026-07-08 23:52:20,098 | INFO | 	                      (58, 406.44718914031984),
[92mINFO [0m:      	                      (59, 397.5855545139313),
2026-07-08 23:52:20,098 | INFO | 	                      (59, 397.5855545139313),
[92mINFO [0m:      	                      (60, 388.36649178266526)],
2026-07-08 23:52:20,098 | INFO | 	                      (60, 388.36649178266526)],
[92mINFO [0m:      	 'vi_elbo_loss_mean': [(1, 352.37137073940704),
2026-07-08 23:52:20,098 | INFO | 	 'vi_elbo_loss_mean': [(1, 352.37137073940704),
[92mINFO [0m:      	                       (2, 353.5405533393224),
2026-07-08 23:52:20,098 | INFO | 	                       (2, 353.5405533393224),
[92mINFO [0m:      	                       (3, 493.52011631647747),
2026-07-08 23:52:20,098 | INFO | 	                       (3, 493.52011631647747),
[92mINFO [0m:      	                       (4, 305.1900960057576),
2026-07-08 23:52:20,098 | INFO | 	                       (4, 305.1900960057576),
[92mINFO [0m:      	                       (5, 344.9344752105078),
2026-07-08 23:52:20,098 | INFO | 	                       (5, 344.9344752105078),
[92mINFO [0m:      	                       (6, 355.9154987250434),
2026-07-08 23:52:20,098 | INFO | 	                       (6, 355.9154987250434),
[92mINFO [0m:      	                       (7, 250.62878505971696),
2026-07-08 23:52:20,098 | INFO | 	                       (7, 250.62878505971696),
[92mINFO [0m:      	                       (8, 271.62871206124623),
2026-07-08 23:52:20,098 | INFO | 	                       (8, 271.62871206124623),
[92mINFO [0m:      	                       (9, 233.70101592063904),
2026-07-08 23:52:20,098 | INFO | 	                       (9, 233.70101592063904),
[92mINFO [0m:      	                       (10, 334.9925536251068),
2026-07-08 23:52:20,098 | INFO | 	                       (10, 334.9925536251068),
[92mINFO [0m:      	                       (11, 292.8301262956195),
2026-07-08 23:52:20,098 | INFO | 	                       (11, 292.8301262956195),
[92mINFO [0m:      	                       (12, 266.47441530068716),
2026-07-08 23:52:20,098 | INFO | 	                       (12, 266.47441530068716),
[92mINFO [0m:      	                       (13, 286.3645347702503),
2026-07-08 23:52:20,098 | INFO | 	                       (13, 286.3645347702503),
[92mINFO [0m:      	                       (14, 240.24484662532805),
2026-07-08 23:52:20,098 | INFO | 	                       (14, 240.24484662532805),
[92mINFO [0m:      	                       (15, 220.54065615177157),
2026-07-08 23:52:20,098 | INFO | 	                       (15, 220.54065615177157),
[92mINFO [0m:      	                       (16, 198.912688759168),
2026-07-08 23:52:20,098 | INFO | 	                       (16, 198.912688759168),
[92mINFO [0m:      	                       (17, 263.7627653853099),
2026-07-08 23:52:20,098 | INFO | 	                       (17, 263.7627653853099),
[92mINFO [0m:      	                       (18, 201.57185580492023),
2026-07-08 23:52:20,098 | INFO | 	                       (18, 201.57185580492023),
[92mINFO [0m:      	                       (19, 287.0065439891815),
2026-07-08 23:52:20,098 | INFO | 	                       (19, 287.0065439891815),
[92mINFO [0m:      	                       (20, 268.1908160887824),
2026-07-08 23:52:20,098 | INFO | 	                       (20, 268.1908160887824),
[92mINFO [0m:      	                       (21, 191.38907580468396),
2026-07-08 23:52:20,098 | INFO | 	                       (21, 191.38907580468396),
[92mINFO [0m:      	                       (22, 177.18768312136334),
2026-07-08 23:52:20,098 | INFO | 	                       (22, 177.18768312136334),
[92mINFO [0m:      	                       (23, 180.70225939234098),
2026-07-08 23:52:20,099 | INFO | 	                       (23, 180.70225939234098),
[92mINFO [0m:      	                       (24, 208.21795858912998),
2026-07-08 23:52:20,099 | INFO | 	                       (24, 208.21795858912998),
[92mINFO [0m:      	                       (25, 230.416073317594),
2026-07-08 23:52:20,099 | INFO | 	                       (25, 230.416073317594),
[92mINFO [0m:      	                       (26, 183.22741167942684),
2026-07-08 23:52:20,099 | INFO | 	                       (26, 183.22741167942684),
[92mINFO [0m:      	                       (27, 171.12041077931724),
2026-07-08 23:52:20,099 | INFO | 	                       (27, 171.12041077931724),
[92mINFO [0m:      	                       (28, 167.60467080540124),
2026-07-08 23:52:20,099 | INFO | 	                       (28, 167.60467080540124),
[92mINFO [0m:      	                       (29, 198.89782876385587),
2026-07-08 23:52:20,099 | INFO | 	                       (29, 198.89782876385587),
[92mINFO [0m:      	                       (30, 210.25802216211954),
2026-07-08 23:52:20,099 | INFO | 	                       (30, 210.25802216211954),
[92mINFO [0m:      	                       (31, 249.25838227430978),
2026-07-08 23:52:20,099 | INFO | 	                       (31, 249.25838227430978),
[92mINFO [0m:      	                       (32, 260.178012462722),
2026-07-08 23:52:20,099 | INFO | 	                       (32, 260.178012462722),
[92mINFO [0m:      	                       (33, 312.7875565700531),
2026-07-08 23:52:20,099 | INFO | 	                       (33, 312.7875565700531),
[92mINFO [0m:      	                       (34, 279.88735125189356),
2026-07-08 23:52:20,099 | INFO | 	                       (34, 279.88735125189356),
[92mINFO [0m:      	                       (35, 158.2855700437228),
2026-07-08 23:52:20,099 | INFO | 	                       (35, 158.2855700437228),
[92mINFO [0m:      	                       (36, 204.74310597340263),
2026-07-08 23:52:20,099 | INFO | 	                       (36, 204.74310597340263),
[92mINFO [0m:      	                       (37, 274.7883345816135),
2026-07-08 23:52:20,099 | INFO | 	                       (37, 274.7883345816135),
[92mINFO [0m:      	                       (38, 274.16530923525494),
2026-07-08 23:52:20,099 | INFO | 	                       (38, 274.16530923525494),
[92mINFO [0m:      	                       (39, 302.8660713786549),
2026-07-08 23:52:20,099 | INFO | 	                       (39, 302.8660713786549),
[92mINFO [0m:      	                       (40, 209.40937635083992),
2026-07-08 23:52:20,099 | INFO | 	                       (40, 209.40937635083992),
[92mINFO [0m:      	                       (41, 197.83487441566257),
2026-07-08 23:52:20,099 | INFO | 	                       (41, 197.83487441566257),
[92mINFO [0m:      	                       (42, 165.58459852695464),
2026-07-08 23:52:20,099 | INFO | 	                       (42, 165.58459852695464),
[92mINFO [0m:      	                       (43, 263.0970529863569),
2026-07-08 23:52:20,099 | INFO | 	                       (43, 263.0970529863569),
[92mINFO [0m:      	                       (44, 173.27258289257688),
2026-07-08 23:52:20,099 | INFO | 	                       (44, 173.27258289257688),
[92mINFO [0m:      	                       (45, 170.52021217964094),
2026-07-08 23:52:20,099 | INFO | 	                       (45, 170.52021217964094),
[92mINFO [0m:      	                       (46, 146.5979604224099),
2026-07-08 23:52:20,099 | INFO | 	                       (46, 146.5979604224099),
[92mINFO [0m:      	                       (47, 180.2908488175604),
2026-07-08 23:52:20,099 | INFO | 	                       (47, 180.2908488175604),
[92mINFO [0m:      	                       (48, 248.770172446092),
2026-07-08 23:52:20,099 | INFO | 	                       (48, 248.770172446092),
[92mINFO [0m:      	                       (49, 235.4050360518032),
2026-07-08 23:52:20,099 | INFO | 	                       (49, 235.4050360518032),
[92mINFO [0m:      	                       (50, 209.06423106193543),
2026-07-08 23:52:20,099 | INFO | 	                       (50, 209.06423106193543),
[92mINFO [0m:      	                       (51, 210.54679803530374),
2026-07-08 23:52:20,099 | INFO | 	                       (51, 210.54679803530374),
[92mINFO [0m:      	                       (52, 189.80322958363428),
2026-07-08 23:52:20,099 | INFO | 	                       (52, 189.80322958363428),
[92mINFO [0m:      	                       (53, 145.89415640989938),
2026-07-08 23:52:20,099 | INFO | 	                       (53, 145.89415640989938),
[92mINFO [0m:      	                       (54, 200.53675056595276),
2026-07-08 23:52:20,099 | INFO | 	                       (54, 200.53675056595276),
[92mINFO [0m:      	                       (55, 244.58139159668818),
2026-07-08 23:52:20,099 | INFO | 	                       (55, 244.58139159668818),
[92mINFO [0m:      	                       (56, 207.54498326460524),
2026-07-08 23:52:20,099 | INFO | 	                       (56, 207.54498326460524),
[92mINFO [0m:      	                       (57, 190.8251062062581),
2026-07-08 23:52:20,099 | INFO | 	                       (57, 190.8251062062581),
[92mINFO [0m:      	                       (58, 177.8606801337666),
2026-07-08 23:52:20,099 | INFO | 	                       (58, 177.8606801337666),
[92mINFO [0m:      	                       (59, 217.84828889751438),
2026-07-08 23:52:20,099 | INFO | 	                       (59, 217.84828889751438),
[92mINFO [0m:      	                       (60, 176.72784599542618)],
2026-07-08 23:52:20,099 | INFO | 	                       (60, 176.72784599542618)],
[92mINFO [0m:      	 'vi_elbo_loss_min': [(1, 62.345907592773436),
2026-07-08 23:52:20,099 | INFO | 	 'vi_elbo_loss_min': [(1, 62.345907592773436),
[92mINFO [0m:      	                      (2, 52.647712802886964),
2026-07-08 23:52:20,099 | INFO | 	                      (2, 52.647712802886964),
[92mINFO [0m:      	                      (3, 61.864251136779785),
2026-07-08 23:52:20,099 | INFO | 	                      (3, 61.864251136779785),
[92mINFO [0m:      	                      (4, 58.61346321105957),
2026-07-08 23:52:20,099 | INFO | 	                      (4, 58.61346321105957),
[92mINFO [0m:      	                      (5, 59.58316700458526),
2026-07-08 23:52:20,100 | INFO | 	                      (5, 59.58316700458526),
[92mINFO [0m:      	                      (6, 47.19494476318359),
2026-07-08 23:52:20,100 | INFO | 	                      (6, 47.19494476318359),
[92mINFO [0m:      	                      (7, 49.498166465759276),
2026-07-08 23:52:20,100 | INFO | 	                      (7, 49.498166465759276),
[92mINFO [0m:      	                      (8, 51.218860912322995),
2026-07-08 23:52:20,100 | INFO | 	                      (8, 51.218860912322995),
[92mINFO [0m:      	                      (9, 52.563571786880495),
2026-07-08 23:52:20,100 | INFO | 	                      (9, 52.563571786880495),
[92mINFO [0m:      	                      (10, 53.85848989486694),
2026-07-08 23:52:20,100 | INFO | 	                      (10, 53.85848989486694),
[92mINFO [0m:      	                      (11, 51.823026752471925),
2026-07-08 23:52:20,100 | INFO | 	                      (11, 51.823026752471925),
[92mINFO [0m:      	                      (12, 54.05845954418182),
2026-07-08 23:52:20,100 | INFO | 	                      (12, 54.05845954418182),
[92mINFO [0m:      	                      (13, 71.15279293060303),
2026-07-08 23:52:20,100 | INFO | 	                      (13, 71.15279293060303),
[92mINFO [0m:      	                      (14, 44.326858735084535),
2026-07-08 23:52:20,100 | INFO | 	                      (14, 44.326858735084535),
[92mINFO [0m:      	                      (15, 46.37658877372742),
2026-07-08 23:52:20,100 | INFO | 	                      (15, 46.37658877372742),
[92mINFO [0m:      	                      (16, 43.5380806684494),
2026-07-08 23:52:20,100 | INFO | 	                      (16, 43.5380806684494),
[92mINFO [0m:      	                      (17, 42.349007964134216),
2026-07-08 23:52:20,100 | INFO | 	                      (17, 42.349007964134216),
[92mINFO [0m:      	                      (18, 46.245459127426145),
2026-07-08 23:52:20,100 | INFO | 	                      (18, 46.245459127426145),
[92mINFO [0m:      	                      (19, 53.11240005493164),
2026-07-08 23:52:20,100 | INFO | 	                      (19, 53.11240005493164),
[92mINFO [0m:      	                      (20, 58.42642593383789),
2026-07-08 23:52:20,100 | INFO | 	                      (20, 58.42642593383789),
[92mINFO [0m:      	                      (21, 46.599986934661864),
2026-07-08 23:52:20,100 | INFO | 	                      (21, 46.599986934661864),
[92mINFO [0m:      	                      (22, 45.19771444797516),
2026-07-08 23:52:20,100 | INFO | 	                      (22, 45.19771444797516),
[92mINFO [0m:      	                      (23, 45.75414807200432),
2026-07-08 23:52:20,100 | INFO | 	                      (23, 45.75414807200432),
[92mINFO [0m:      	                      (24, 44.19850697517395),
2026-07-08 23:52:20,100 | INFO | 	                      (24, 44.19850697517395),
[92mINFO [0m:      	                      (25, 49.33026065826416),
2026-07-08 23:52:20,100 | INFO | 	                      (25, 49.33026065826416),
[92mINFO [0m:      	                      (26, 40.34490591287613),
2026-07-08 23:52:20,100 | INFO | 	                      (26, 40.34490591287613),
[92mINFO [0m:      	                      (27, 38.21067810058594),
2026-07-08 23:52:20,100 | INFO | 	                      (27, 38.21067810058594),
[92mINFO [0m:      	                      (28, 45.31478891372681),
2026-07-08 23:52:20,100 | INFO | 	                      (28, 45.31478891372681),
[92mINFO [0m:      	                      (29, 42.67645542621612),
2026-07-08 23:52:20,100 | INFO | 	                      (29, 42.67645542621612),
[92mINFO [0m:      	                      (30, 37.419171833992),
2026-07-08 23:52:20,100 | INFO | 	                      (30, 37.419171833992),
[92mINFO [0m:      	                      (31, 40.228394746780396),
2026-07-08 23:52:20,100 | INFO | 	                      (31, 40.228394746780396),
[92mINFO [0m:      	                      (32, 39.61840901374817),
2026-07-08 23:52:20,100 | INFO | 	                      (32, 39.61840901374817),
[92mINFO [0m:      	                      (33, 43.936047077178955),
2026-07-08 23:52:20,100 | INFO | 	                      (33, 43.936047077178955),
[92mINFO [0m:      	                      (34, 46.33115921020508),
2026-07-08 23:52:20,100 | INFO | 	                      (34, 46.33115921020508),
[92mINFO [0m:      	                      (35, 40.20026335716248),
2026-07-08 23:52:20,100 | INFO | 	                      (35, 40.20026335716248),
[92mINFO [0m:      	                      (36, 44.832882928848264),
2026-07-08 23:52:20,100 | INFO | 	                      (36, 44.832882928848264),
[92mINFO [0m:      	                      (37, 33.230389446020126),
2026-07-08 23:52:20,100 | INFO | 	                      (37, 33.230389446020126),
[92mINFO [0m:      	                      (38, 38.08740503787995),
2026-07-08 23:52:20,100 | INFO | 	                      (38, 38.08740503787995),
[92mINFO [0m:      	                      (39, 47.906114959716795),
2026-07-08 23:52:20,100 | INFO | 	                      (39, 47.906114959716795),
[92mINFO [0m:      	                      (40, 39.44776511192322),
2026-07-08 23:52:20,100 | INFO | 	                      (40, 39.44776511192322),
[92mINFO [0m:      	                      (41, 39.34367793798447),
2026-07-08 23:52:20,100 | INFO | 	                      (41, 39.34367793798447),
[92mINFO [0m:      	                      (42, 39.34715991020202),
2026-07-08 23:52:20,100 | INFO | 	                      (42, 39.34715991020202),
[92mINFO [0m:      	                      (43, 33.50956482887268),
2026-07-08 23:52:20,100 | INFO | 	                      (43, 33.50956482887268),
[92mINFO [0m:      	                      (44, 44.15510368347168),
2026-07-08 23:52:20,100 | INFO | 	                      (44, 44.15510368347168),
[92mINFO [0m:      	                      (45, 40.292981116473676),
2026-07-08 23:52:20,100 | INFO | 	                      (45, 40.292981116473676),
[92mINFO [0m:      	                      (46, 37.92978174686432),
2026-07-08 23:52:20,100 | INFO | 	                      (46, 37.92978174686432),
[92mINFO [0m:      	                      (47, 34.71094326972961),
2026-07-08 23:52:20,100 | INFO | 	                      (47, 34.71094326972961),
[92mINFO [0m:      	                      (48, 31.70034303665161),
2026-07-08 23:52:20,101 | INFO | 	                      (48, 31.70034303665161),
[92mINFO [0m:      	                      (49, 30.72402868270874),
2026-07-08 23:52:20,101 | INFO | 	                      (49, 30.72402868270874),
[92mINFO [0m:      	                      (50, 37.000756645202635),
2026-07-08 23:52:20,101 | INFO | 	                      (50, 37.000756645202635),
[92mINFO [0m:      	                      (51, 39.03073058128357),
2026-07-08 23:52:20,101 | INFO | 	                      (51, 39.03073058128357),
[92mINFO [0m:      	                      (52, 28.785941982269286),
2026-07-08 23:52:20,101 | INFO | 	                      (52, 28.785941982269286),
[92mINFO [0m:      	                      (53, 38.803168296813965),
2026-07-08 23:52:20,101 | INFO | 	                      (53, 38.803168296813965),
[92mINFO [0m:      	                      (54, 33.09304656982422),
2026-07-08 23:52:20,101 | INFO | 	                      (54, 33.09304656982422),
[92mINFO [0m:      	                      (55, 33.886378574371335),
2026-07-08 23:52:20,101 | INFO | 	                      (55, 33.886378574371335),
[92mINFO [0m:      	                      (56, 35.807785105705264),
2026-07-08 23:52:20,101 | INFO | 	                      (56, 35.807785105705264),
[92mINFO [0m:      	                      (57, 38.27273302078247),
2026-07-08 23:52:20,101 | INFO | 	                      (57, 38.27273302078247),
[92mINFO [0m:      	                      (58, 37.71355266571045),
2026-07-08 23:52:20,101 | INFO | 	                      (58, 37.71355266571045),
[92mINFO [0m:      	                      (59, 42.122537565231326),
2026-07-08 23:52:20,101 | INFO | 	                      (59, 42.122537565231326),
[92mINFO [0m:      	                      (60, 34.0855411529541)],
2026-07-08 23:52:20,101 | INFO | 	                      (60, 34.0855411529541)],
[92mINFO [0m:      	 'vi_elbo_loss_p10': [(1, 78.38086896896363),
2026-07-08 23:52:20,101 | INFO | 	 'vi_elbo_loss_p10': [(1, 78.38086896896363),
[92mINFO [0m:      	                      (2, 70.0586978340149),
2026-07-08 23:52:20,101 | INFO | 	                      (2, 70.0586978340149),
[92mINFO [0m:      	                      (3, 107.66305862426759),
2026-07-08 23:52:20,101 | INFO | 	                      (3, 107.66305862426759),
[92mINFO [0m:      	                      (4, 64.87083196640015),
2026-07-08 23:52:20,101 | INFO | 	                      (4, 64.87083196640015),
[92mINFO [0m:      	                      (5, 77.93779232025146),
2026-07-08 23:52:20,101 | INFO | 	                      (5, 77.93779232025146),
[92mINFO [0m:      	                      (6, 153.2737294769287),
2026-07-08 23:52:20,101 | INFO | 	                      (6, 153.2737294769287),
[92mINFO [0m:      	                      (7, 51.99950384140015),
2026-07-08 23:52:20,101 | INFO | 	                      (7, 51.99950384140015),
[92mINFO [0m:      	                      (8, 61.96479921340942),
2026-07-08 23:52:20,101 | INFO | 	                      (8, 61.96479921340942),
[92mINFO [0m:      	                      (9, 57.217246780395506),
2026-07-08 23:52:20,101 | INFO | 	                      (9, 57.217246780395506),
[92mINFO [0m:      	                      (10, 69.12006149291992),
2026-07-08 23:52:20,101 | INFO | 	                      (10, 69.12006149291992),
[92mINFO [0m:      	                      (11, 72.38776573181153),
2026-07-08 23:52:20,101 | INFO | 	                      (11, 72.38776573181153),
[92mINFO [0m:      	                      (12, 60.12659240722656),
2026-07-08 23:52:20,101 | INFO | 	                      (12, 60.12659240722656),
[92mINFO [0m:      	                      (13, 106.06355607986451),
2026-07-08 23:52:20,101 | INFO | 	                      (13, 106.06355607986451),
[92mINFO [0m:      	                      (14, 50.61369714260101),
2026-07-08 23:52:20,101 | INFO | 	                      (14, 50.61369714260101),
[92mINFO [0m:      	                      (15, 59.56585422515869),
2026-07-08 23:52:20,101 | INFO | 	                      (15, 59.56585422515869),
[92mINFO [0m:      	                      (16, 54.6958954334259),
2026-07-08 23:52:20,101 | INFO | 	                      (16, 54.6958954334259),
[92mINFO [0m:      	                      (17, 64.4058032989502),
2026-07-08 23:52:20,101 | INFO | 	                      (17, 64.4058032989502),
[92mINFO [0m:      	                      (18, 47.28930060863495),
2026-07-08 23:52:20,101 | INFO | 	                      (18, 47.28930060863495),
[92mINFO [0m:      	                      (19, 61.12394432067871),
2026-07-08 23:52:20,101 | INFO | 	                      (19, 61.12394432067871),
[92mINFO [0m:      	                      (20, 84.56828365325929),
2026-07-08 23:52:20,101 | INFO | 	                      (20, 84.56828365325929),
[92mINFO [0m:      	                      (21, 47.77785419464111),
2026-07-08 23:52:20,101 | INFO | 	                      (21, 47.77785419464111),
[92mINFO [0m:      	                      (22, 58.357488040924075),
2026-07-08 23:52:20,101 | INFO | 	                      (22, 58.357488040924075),
[92mINFO [0m:      	                      (23, 49.54725978851319),
2026-07-08 23:52:20,101 | INFO | 	                      (23, 49.54725978851319),
[92mINFO [0m:      	                      (24, 51.59465772628784),
2026-07-08 23:52:20,101 | INFO | 	                      (24, 51.59465772628784),
[92mINFO [0m:      	                      (25, 49.98129816532135),
2026-07-08 23:52:20,101 | INFO | 	                      (25, 49.98129816532135),
[92mINFO [0m:      	                      (26, 50.74651161193847),
2026-07-08 23:52:20,101 | INFO | 	                      (26, 50.74651161193847),
[92mINFO [0m:      	                      (27, 43.49671492576599),
2026-07-08 23:52:20,101 | INFO | 	                      (27, 43.49671492576599),
[92mINFO [0m:      	                      (28, 48.79471756935119),
2026-07-08 23:52:20,101 | INFO | 	                      (28, 48.79471756935119),
[92mINFO [0m:      	                      (29, 50.04417209148407),
2026-07-08 23:52:20,102 | INFO | 	                      (29, 50.04417209148407),
[92mINFO [0m:      	                      (30, 56.248114662170416),
2026-07-08 23:52:20,102 | INFO | 	                      (30, 56.248114662170416),
[92mINFO [0m:      	                      (31, 65.68674505233764),
2026-07-08 23:52:20,102 | INFO | 	                      (31, 65.68674505233764),
[92mINFO [0m:      	                      (32, 45.17744333267212),
2026-07-08 23:52:20,102 | INFO | 	                      (32, 45.17744333267212),
[92mINFO [0m:      	                      (33, 87.37788732528688),
2026-07-08 23:52:20,102 | INFO | 	                      (33, 87.37788732528688),
[92mINFO [0m:      	                      (34, 78.28790806770326),
2026-07-08 23:52:20,102 | INFO | 	                      (34, 78.28790806770326),
[92mINFO [0m:      	                      (35, 48.04437757968903),
2026-07-08 23:52:20,102 | INFO | 	                      (35, 48.04437757968903),
[92mINFO [0m:      	                      (36, 48.36956471681595),
2026-07-08 23:52:20,102 | INFO | 	                      (36, 48.36956471681595),
[92mINFO [0m:      	                      (37, 42.29187932729721),
2026-07-08 23:52:20,102 | INFO | 	                      (37, 42.29187932729721),
[92mINFO [0m:      	                      (38, 64.320211353302),
2026-07-08 23:52:20,102 | INFO | 	                      (38, 64.320211353302),
[92mINFO [0m:      	                      (39, 54.96551307678222),
2026-07-08 23:52:20,102 | INFO | 	                      (39, 54.96551307678222),
[92mINFO [0m:      	                      (40, 42.08574371337891),
2026-07-08 23:52:20,102 | INFO | 	                      (40, 42.08574371337891),
[92mINFO [0m:      	                      (41, 52.84550518035889),
2026-07-08 23:52:20,102 | INFO | 	                      (41, 52.84550518035889),
[92mINFO [0m:      	                      (42, 44.6411425113678),
2026-07-08 23:52:20,102 | INFO | 	                      (42, 44.6411425113678),
[92mINFO [0m:      	                      (43, 44.16597350120544),
2026-07-08 23:52:20,102 | INFO | 	                      (43, 44.16597350120544),
[92mINFO [0m:      	                      (44, 48.90279646873474),
2026-07-08 23:52:20,102 | INFO | 	                      (44, 48.90279646873474),
[92mINFO [0m:      	                      (45, 53.85808308601379),
2026-07-08 23:52:20,102 | INFO | 	                      (45, 53.85808308601379),
[92mINFO [0m:      	                      (46, 43.35500786781311),
2026-07-08 23:52:20,102 | INFO | 	                      (46, 43.35500786781311),
[92mINFO [0m:      	                      (47, 41.19844974398613),
2026-07-08 23:52:20,102 | INFO | 	                      (47, 41.19844974398613),
[92mINFO [0m:      	                      (48, 45.449760046005245),
2026-07-08 23:52:20,102 | INFO | 	                      (48, 45.449760046005245),
[92mINFO [0m:      	                      (49, 68.16679748535157),
2026-07-08 23:52:20,102 | INFO | 	                      (49, 68.16679748535157),
[92mINFO [0m:      	                      (50, 55.5281915473938),
2026-07-08 23:52:20,102 | INFO | 	                      (50, 55.5281915473938),
[92mINFO [0m:      	                      (51, 44.157583198547364),
2026-07-08 23:52:20,102 | INFO | 	                      (51, 44.157583198547364),
[92mINFO [0m:      	                      (52, 39.993618125915525),
2026-07-08 23:52:20,102 | INFO | 	                      (52, 39.993618125915525),
[92mINFO [0m:      	                      (53, 41.36530899047852),
2026-07-08 23:52:20,102 | INFO | 	                      (53, 41.36530899047852),
[92mINFO [0m:      	                      (54, 48.22694389343262),
2026-07-08 23:52:20,102 | INFO | 	                      (54, 48.22694389343262),
[92mINFO [0m:      	                      (55, 46.64082034111024),
2026-07-08 23:52:20,102 | INFO | 	                      (55, 46.64082034111024),
[92mINFO [0m:      	                      (56, 39.51374738693237),
2026-07-08 23:52:20,102 | INFO | 	                      (56, 39.51374738693237),
[92mINFO [0m:      	                      (57, 39.92281254768372),
2026-07-08 23:52:20,102 | INFO | 	                      (57, 39.92281254768372),
[92mINFO [0m:      	                      (58, 45.418247604370116),
2026-07-08 23:52:20,102 | INFO | 	                      (58, 45.418247604370116),
[92mINFO [0m:      	                      (59, 78.56051830291749),
2026-07-08 23:52:20,102 | INFO | 	                      (59, 78.56051830291749),
[92mINFO [0m:      	                      (60, 39.84017217636109)],
2026-07-08 23:52:20,102 | INFO | 	                      (60, 39.84017217636109)],
[92mINFO [0m:      	 'vi_elbo_loss_p50': [(1, 202.90839653015138),
2026-07-08 23:52:20,102 | INFO | 	 'vi_elbo_loss_p50': [(1, 202.90839653015138),
[92mINFO [0m:      	                      (2, 282.06594343185424),
2026-07-08 23:52:20,102 | INFO | 	                      (2, 282.06594343185424),
[92mINFO [0m:      	                      (3, 444.8493340969086),
2026-07-08 23:52:20,102 | INFO | 	                      (3, 444.8493340969086),
[92mINFO [0m:      	                      (4, 300.44049100875856),
2026-07-08 23:52:20,102 | INFO | 	                      (4, 300.44049100875856),
[92mINFO [0m:      	                      (5, 166.90832996368408),
2026-07-08 23:52:20,102 | INFO | 	                      (5, 166.90832996368408),
[92mINFO [0m:      	                      (6, 328.94020228385926),
2026-07-08 23:52:20,102 | INFO | 	                      (6, 328.94020228385926),
[92mINFO [0m:      	                      (7, 137.85306673049928),
2026-07-08 23:52:20,102 | INFO | 	                      (7, 137.85306673049928),
[92mINFO [0m:      	                      (8, 152.5246145248413),
2026-07-08 23:52:20,102 | INFO | 	                      (8, 152.5246145248413),
[92mINFO [0m:      	                      (9, 138.04689245224),
2026-07-08 23:52:20,102 | INFO | 	                      (9, 138.04689245224),
[92mINFO [0m:      	                      (10, 288.1175164222717),
2026-07-08 23:52:20,102 | INFO | 	                      (10, 288.1175164222717),
[92mINFO [0m:      	                      (11, 276.54993896484376),
2026-07-08 23:52:20,102 | INFO | 	                      (11, 276.54993896484376),
[92mINFO [0m:      	                      (12, 245.560640335083),
2026-07-08 23:52:20,103 | INFO | 	                      (12, 245.560640335083),
[92mINFO [0m:      	                      (13, 273.4120595932007),
2026-07-08 23:52:20,103 | INFO | 	                      (13, 273.4120595932007),
[92mINFO [0m:      	                      (14, 164.80628645420074),
2026-07-08 23:52:20,103 | INFO | 	                      (14, 164.80628645420074),
[92mINFO [0m:      	                      (15, 214.12432317733766),
2026-07-08 23:52:20,103 | INFO | 	                      (15, 214.12432317733766),
[92mINFO [0m:      	                      (16, 184.66161727905273),
2026-07-08 23:52:20,103 | INFO | 	                      (16, 184.66161727905273),
[92mINFO [0m:      	                      (17, 227.6728663444519),
2026-07-08 23:52:20,103 | INFO | 	                      (17, 227.6728663444519),
[92mINFO [0m:      	                      (18, 190.58730773925782),
2026-07-08 23:52:20,103 | INFO | 	                      (18, 190.58730773925782),
[92mINFO [0m:      	                      (19, 233.64633808135986),
2026-07-08 23:52:20,103 | INFO | 	                      (19, 233.64633808135986),
[92mINFO [0m:      	                      (20, 203.26673860549926),
2026-07-08 23:52:20,103 | INFO | 	                      (20, 203.26673860549926),
[92mINFO [0m:      	                      (21, 95.05311594009399),
2026-07-08 23:52:20,103 | INFO | 	                      (21, 95.05311594009399),
[92mINFO [0m:      	                      (22, 106.06341037750244),
2026-07-08 23:52:20,103 | INFO | 	                      (22, 106.06341037750244),
[92mINFO [0m:      	                      (23, 126.40787372589111),
2026-07-08 23:52:20,103 | INFO | 	                      (23, 126.40787372589111),
[92mINFO [0m:      	                      (24, 136.3494571685791),
2026-07-08 23:52:20,103 | INFO | 	                      (24, 136.3494571685791),
[92mINFO [0m:      	                      (25, 225.67389154434204),
2026-07-08 23:52:20,103 | INFO | 	                      (25, 225.67389154434204),
[92mINFO [0m:      	                      (26, 121.84935894012452),
2026-07-08 23:52:20,103 | INFO | 	                      (26, 121.84935894012452),
[92mINFO [0m:      	                      (27, 76.76539878845215),
2026-07-08 23:52:20,103 | INFO | 	                      (27, 76.76539878845215),
[92mINFO [0m:      	                      (28, 104.26850214004517),
2026-07-08 23:52:20,103 | INFO | 	                      (28, 104.26850214004517),
[92mINFO [0m:      	                      (29, 179.0171226501465),
2026-07-08 23:52:20,103 | INFO | 	                      (29, 179.0171226501465),
[92mINFO [0m:      	                      (30, 157.81948280334473),
2026-07-08 23:52:20,103 | INFO | 	                      (30, 157.81948280334473),
[92mINFO [0m:      	                      (31, 248.31699256896974),
2026-07-08 23:52:20,103 | INFO | 	                      (31, 248.31699256896974),
[92mINFO [0m:      	                      (32, 192.82380657196046),
2026-07-08 23:52:20,103 | INFO | 	                      (32, 192.82380657196046),
[92mINFO [0m:      	                      (33, 320.38325066566466),
2026-07-08 23:52:20,103 | INFO | 	                      (33, 320.38325066566466),
[92mINFO [0m:      	                      (34, 292.06194896697997),
2026-07-08 23:52:20,103 | INFO | 	                      (34, 292.06194896697997),
[92mINFO [0m:      	                      (35, 87.3884630203247),
2026-07-08 23:52:20,103 | INFO | 	                      (35, 87.3884630203247),
[92mINFO [0m:      	                      (36, 107.08509140014648),
2026-07-08 23:52:20,103 | INFO | 	                      (36, 107.08509140014648),
[92mINFO [0m:      	                      (37, 300.96317291259766),
2026-07-08 23:52:20,103 | INFO | 	                      (37, 300.96317291259766),
[92mINFO [0m:      	                      (38, 229.1200900554657),
2026-07-08 23:52:20,103 | INFO | 	                      (38, 229.1200900554657),
[92mINFO [0m:      	                      (39, 318.3196015357971),
2026-07-08 23:52:20,103 | INFO | 	                      (39, 318.3196015357971),
[92mINFO [0m:      	                      (40, 111.48875885009765),
2026-07-08 23:52:20,103 | INFO | 	                      (40, 111.48875885009765),
[92mINFO [0m:      	                      (41, 215.71226806640624),
2026-07-08 23:52:20,103 | INFO | 	                      (41, 215.71226806640624),
[92mINFO [0m:      	                      (42, 117.99584398269653),
2026-07-08 23:52:20,103 | INFO | 	                      (42, 117.99584398269653),
[92mINFO [0m:      	                      (43, 203.88568506240844),
2026-07-08 23:52:20,103 | INFO | 	                      (43, 203.88568506240844),
[92mINFO [0m:      	                      (44, 120.82675628662109),
2026-07-08 23:52:20,103 | INFO | 	                      (44, 120.82675628662109),
[92mINFO [0m:      	                      (45, 117.71182041168213),
2026-07-08 23:52:20,103 | INFO | 	                      (45, 117.71182041168213),
[92mINFO [0m:      	                      (46, 73.99302291870117),
2026-07-08 23:52:20,103 | INFO | 	                      (46, 73.99302291870117),
[92mINFO [0m:      	                      (47, 137.28364248275756),
2026-07-08 23:52:20,103 | INFO | 	                      (47, 137.28364248275756),
[92mINFO [0m:      	                      (48, 270.07523212432864),
2026-07-08 23:52:20,103 | INFO | 	                      (48, 270.07523212432864),
[92mINFO [0m:      	                      (49, 134.24628772735596),
2026-07-08 23:52:20,103 | INFO | 	                      (49, 134.24628772735596),
[92mINFO [0m:      	                      (50, 184.744642829895),
2026-07-08 23:52:20,103 | INFO | 	                      (50, 184.744642829895),
[92mINFO [0m:      	                      (51, 187.6538311958313),
2026-07-08 23:52:20,103 | INFO | 	                      (51, 187.6538311958313),
[92mINFO [0m:      	                      (52, 173.4597611427307),
2026-07-08 23:52:20,103 | INFO | 	                      (52, 173.4597611427307),
[92mINFO [0m:      	                      (53, 123.82494201660157),
2026-07-08 23:52:20,103 | INFO | 	                      (53, 123.82494201660157),
[92mINFO [0m:      	                      (54, 204.04502182006837),
2026-07-08 23:52:20,104 | INFO | 	                      (54, 204.04502182006837),
[92mINFO [0m:      	                      (55, 216.68794560432434),
2026-07-08 23:52:20,104 | INFO | 	                      (55, 216.68794560432434),
[92mINFO [0m:      	                      (56, 124.8965371131897),
2026-07-08 23:52:20,104 | INFO | 	                      (56, 124.8965371131897),
[92mINFO [0m:      	                      (57, 146.36018333435058),
2026-07-08 23:52:20,104 | INFO | 	                      (57, 146.36018333435058),
[92mINFO [0m:      	                      (58, 194.8401460647583),
2026-07-08 23:52:20,104 | INFO | 	                      (58, 194.8401460647583),
[92mINFO [0m:      	                      (59, 243.5169473807017),
2026-07-08 23:52:20,104 | INFO | 	                      (59, 243.5169473807017),
[92mINFO [0m:      	                      (60, 185.9152243614197)],
2026-07-08 23:52:20,104 | INFO | 	                      (60, 185.9152243614197)],
[92mINFO [0m:      	 'vi_elbo_loss_p90': [(1, 715.8591008059184),
2026-07-08 23:52:20,104 | INFO | 	 'vi_elbo_loss_p90': [(1, 715.8591008059184),
[92mINFO [0m:      	                      (2, 716.0376765537262),
2026-07-08 23:52:20,104 | INFO | 	                      (2, 716.0376765537262),
[92mINFO [0m:      	                      (3, 901.8697227668762),
2026-07-08 23:52:20,104 | INFO | 	                      (3, 901.8697227668762),
[92mINFO [0m:      	                      (4, 566.4704675865173),
2026-07-08 23:52:20,104 | INFO | 	                      (4, 566.4704675865173),
[92mINFO [0m:      	                      (5, 671.4562507247925),
2026-07-08 23:52:20,104 | INFO | 	                      (5, 671.4562507247925),
[92mINFO [0m:      	                      (6, 629.191354227066),
2026-07-08 23:52:20,104 | INFO | 	                      (6, 629.191354227066),
[92mINFO [0m:      	                      (7, 616.4743148231506),
2026-07-08 23:52:20,104 | INFO | 	                      (7, 616.4743148231506),
[92mINFO [0m:      	                      (8, 596.7504358291626),
2026-07-08 23:52:20,104 | INFO | 	                      (8, 596.7504358291626),
[92mINFO [0m:      	                      (9, 540.7089489746094),
2026-07-08 23:52:20,104 | INFO | 	                      (9, 540.7089489746094),
[92mINFO [0m:      	                      (10, 559.6070719528199),
2026-07-08 23:52:20,104 | INFO | 	                      (10, 559.6070719528199),
[92mINFO [0m:      	                      (11, 501.1008488845825),
2026-07-08 23:52:20,104 | INFO | 	                      (11, 501.1008488845825),
[92mINFO [0m:      	                      (12, 506.14416908264155),
2026-07-08 23:52:20,104 | INFO | 	                      (12, 506.14416908264155),
[92mINFO [0m:      	                      (13, 448.83369792103764),
2026-07-08 23:52:20,104 | INFO | 	                      (13, 448.83369792103764),
[92mINFO [0m:      	                      (14, 578.8882159042358),
2026-07-08 23:52:20,104 | INFO | 	                      (14, 578.8882159042358),
[92mINFO [0m:      	                      (15, 459.6797985744476),
2026-07-08 23:52:20,104 | INFO | 	                      (15, 459.6797985744476),
[92mINFO [0m:      	                      (16, 389.8258208465576),
2026-07-08 23:52:20,104 | INFO | 	                      (16, 389.8258208465576),
[92mINFO [0m:      	                      (17, 536.878985953331),
2026-07-08 23:52:20,104 | INFO | 	                      (17, 536.878985953331),
[92mINFO [0m:      	                      (18, 428.2984085464477),
2026-07-08 23:52:20,104 | INFO | 	                      (18, 428.2984085464477),
[92mINFO [0m:      	                      (19, 598.1469486761093),
2026-07-08 23:52:20,104 | INFO | 	                      (19, 598.1469486761093),
[92mINFO [0m:      	                      (20, 480.27707218170167),
2026-07-08 23:52:20,104 | INFO | 	                      (20, 480.27707218170167),
[92mINFO [0m:      	                      (21, 399.82313967466354),
2026-07-08 23:52:20,104 | INFO | 	                      (21, 399.82313967466354),
[92mINFO [0m:      	                      (22, 445.62558565139767),
2026-07-08 23:52:20,104 | INFO | 	                      (22, 445.62558565139767),
[92mINFO [0m:      	                      (23, 426.2287866592407),
2026-07-08 23:52:20,104 | INFO | 	                      (23, 426.2287866592407),
[92mINFO [0m:      	                      (24, 448.85499435424805),
2026-07-08 23:52:20,104 | INFO | 	                      (24, 448.85499435424805),
[92mINFO [0m:      	                      (25, 437.10477693557743),
2026-07-08 23:52:20,104 | INFO | 	                      (25, 437.10477693557743),
[92mINFO [0m:      	                      (26, 405.6985258722305),
2026-07-08 23:52:20,104 | INFO | 	                      (26, 405.6985258722305),
[92mINFO [0m:      	                      (27, 395.9611295557022),
2026-07-08 23:52:20,104 | INFO | 	                      (27, 395.9611295557022),
[92mINFO [0m:      	                      (28, 373.05190980911254),
2026-07-08 23:52:20,104 | INFO | 	                      (28, 373.05190980911254),
[92mINFO [0m:      	                      (29, 393.7042991352081),
2026-07-08 23:52:20,104 | INFO | 	                      (29, 393.7042991352081),
[92mINFO [0m:      	                      (30, 470.6741628837585),
2026-07-08 23:52:20,104 | INFO | 	                      (30, 470.6741628837585),
[92mINFO [0m:      	                      (31, 418.7417992544174),
2026-07-08 23:52:20,104 | INFO | 	                      (31, 418.7417992544174),
[92mINFO [0m:      	                      (32, 538.3845847956339),
2026-07-08 23:52:20,104 | INFO | 	                      (32, 538.3845847956339),
[92mINFO [0m:      	                      (33, 541.3296633796692),
2026-07-08 23:52:20,104 | INFO | 	                      (33, 541.3296633796692),
[92mINFO [0m:      	                      (34, 507.6801524686813),
2026-07-08 23:52:20,104 | INFO | 	                      (34, 507.6801524686813),
[92mINFO [0m:      	                      (35, 405.1681649041175),
2026-07-08 23:52:20,104 | INFO | 	                      (35, 405.1681649041175),
[92mINFO [0m:      	                      (36, 389.6774912548065),
2026-07-08 23:52:20,105 | INFO | 	                      (36, 389.6774912548065),
[92mINFO [0m:      	                      (37, 511.5599380455017),
2026-07-08 23:52:20,105 | INFO | 	                      (37, 511.5599380455017),
[92mINFO [0m:      	                      (38, 464.9271688079834),
2026-07-08 23:52:20,105 | INFO | 	                      (38, 464.9271688079834),
[92mINFO [0m:      	                      (39, 605.8158106835682),
2026-07-08 23:52:20,105 | INFO | 	                      (39, 605.8158106835682),
[92mINFO [0m:      	                      (40, 392.7132343196869),
2026-07-08 23:52:20,105 | INFO | 	                      (40, 392.7132343196869),
[92mINFO [0m:      	                      (41, 305.8095091819763),
2026-07-08 23:52:20,105 | INFO | 	                      (41, 305.8095091819763),
[92mINFO [0m:      	                      (42, 355.03260058403015),
2026-07-08 23:52:20,105 | INFO | 	                      (42, 355.03260058403015),
[92mINFO [0m:      	                      (43, 562.3090571079255),
2026-07-08 23:52:20,105 | INFO | 	                      (43, 562.3090571079255),
[92mINFO [0m:      	                      (44, 387.4472704982757),
2026-07-08 23:52:20,105 | INFO | 	                      (44, 387.4472704982757),
[92mINFO [0m:      	                      (45, 319.4354935646057),
2026-07-08 23:52:20,105 | INFO | 	                      (45, 319.4354935646057),
[92mINFO [0m:      	                      (46, 400.27735938390094),
2026-07-08 23:52:20,105 | INFO | 	                      (46, 400.27735938390094),
[92mINFO [0m:      	                      (47, 321.56659428119656),
2026-07-08 23:52:20,105 | INFO | 	                      (47, 321.56659428119656),
[92mINFO [0m:      	                      (48, 483.9689540119171),
2026-07-08 23:52:20,105 | INFO | 	                      (48, 483.9689540119171),
[92mINFO [0m:      	                      (49, 449.5665312576294),
2026-07-08 23:52:20,105 | INFO | 	                      (49, 449.5665312576294),
[92mINFO [0m:      	                      (50, 400.209665722847),
2026-07-08 23:52:20,105 | INFO | 	                      (50, 400.209665722847),
[92mINFO [0m:      	                      (51, 472.3458340835571),
2026-07-08 23:52:20,105 | INFO | 	                      (51, 472.3458340835571),
[92mINFO [0m:      	                      (52, 371.70645034790033),
2026-07-08 23:52:20,105 | INFO | 	                      (52, 371.70645034790033),
[92mINFO [0m:      	                      (53, 286.91356019258495),
2026-07-08 23:52:20,105 | INFO | 	                      (53, 286.91356019258495),
[92mINFO [0m:      	                      (54, 350.1970950698852),
2026-07-08 23:52:20,105 | INFO | 	                      (54, 350.1970950698852),
[92mINFO [0m:      	                      (55, 486.0530116996765),
2026-07-08 23:52:20,105 | INFO | 	                      (55, 486.0530116996765),
[92mINFO [0m:      	                      (56, 527.1498407554626),
2026-07-08 23:52:20,105 | INFO | 	                      (56, 527.1498407554626),
[92mINFO [0m:      	                      (57, 436.87838453292846),
2026-07-08 23:52:20,105 | INFO | 	                      (57, 436.87838453292846),
[92mINFO [0m:      	                      (58, 300.3690111064911),
2026-07-08 23:52:20,105 | INFO | 	                      (58, 300.3690111064911),
[92mINFO [0m:      	                      (59, 373.1532906516393),
2026-07-08 23:52:20,105 | INFO | 	                      (59, 373.1532906516393),
[92mINFO [0m:      	                      (60, 329.6290176010132)],
2026-07-08 23:52:20,105 | INFO | 	                      (60, 329.6290176010132)],
[92mINFO [0m:      	 'vi_elbo_loss_std': [(1, 268.50265279978595),
2026-07-08 23:52:20,105 | INFO | 	 'vi_elbo_loss_std': [(1, 268.50265279978595),
[92mINFO [0m:      	                      (2, 271.36114899108355),
2026-07-08 23:52:20,105 | INFO | 	                      (2, 271.36114899108355),
[92mINFO [0m:      	                      (3, 327.24473794264185),
2026-07-08 23:52:20,105 | INFO | 	                      (3, 327.24473794264185),
[92mINFO [0m:      	                      (4, 217.68641073690162),
2026-07-08 23:52:20,105 | INFO | 	                      (4, 217.68641073690162),
[92mINFO [0m:      	                      (5, 283.2816566204206),
2026-07-08 23:52:20,105 | INFO | 	                      (5, 283.2816566204206),
[92mINFO [0m:      	                      (6, 212.19585770303428),
2026-07-08 23:52:20,105 | INFO | 	                      (6, 212.19585770303428),
[92mINFO [0m:      	                      (7, 225.94003435632897),
2026-07-08 23:52:20,105 | INFO | 	                      (7, 225.94003435632897),
[92mINFO [0m:      	                      (8, 226.08358426933682),
2026-07-08 23:52:20,105 | INFO | 	                      (8, 226.08358426933682),
[92mINFO [0m:      	                      (9, 192.60320575181998),
2026-07-08 23:52:20,105 | INFO | 	                      (9, 192.60320575181998),
[92mINFO [0m:      	                      (10, 190.358355179772),
2026-07-08 23:52:20,105 | INFO | 	                      (10, 190.358355179772),
[92mINFO [0m:      	                      (11, 196.70396917402755),
2026-07-08 23:52:20,105 | INFO | 	                      (11, 196.70396917402755),
[92mINFO [0m:      	                      (12, 166.21467309054762),
2026-07-08 23:52:20,105 | INFO | 	                      (12, 166.21467309054762),
[92mINFO [0m:      	                      (13, 143.56427411161468),
2026-07-08 23:52:20,105 | INFO | 	                      (13, 143.56427411161468),
[92mINFO [0m:      	                      (14, 204.84593968514739),
2026-07-08 23:52:20,105 | INFO | 	                      (14, 204.84593968514739),
[92mINFO [0m:      	                      (15, 161.50036456543734),
2026-07-08 23:52:20,105 | INFO | 	                      (15, 161.50036456543734),
[92mINFO [0m:      	                      (16, 150.56883338932963),
2026-07-08 23:52:20,105 | INFO | 	                      (16, 150.56883338932963),
[92mINFO [0m:      	                      (17, 181.90098630827887),
2026-07-08 23:52:20,105 | INFO | 	                      (17, 181.90098630827887),
[92mINFO [0m:      	                      (18, 139.19055873221973),
2026-07-08 23:52:20,105 | INFO | 	                      (18, 139.19055873221973),
[92mINFO [0m:      	                      (19, 200.6702455793003),
2026-07-08 23:52:20,106 | INFO | 	                      (19, 200.6702455793003),
[92mINFO [0m:      	                      (20, 170.98112335406753),
2026-07-08 23:52:20,106 | INFO | 	                      (20, 170.98112335406753),
[92mINFO [0m:      	                      (21, 185.18721499829203),
2026-07-08 23:52:20,106 | INFO | 	                      (21, 185.18721499829203),
[92mINFO [0m:      	                      (22, 160.46343844799944),
2026-07-08 23:52:20,106 | INFO | 	                      (22, 160.46343844799944),
[92mINFO [0m:      	                      (23, 148.53253828217368),
2026-07-08 23:52:20,106 | INFO | 	                      (23, 148.53253828217368),
[92mINFO [0m:      	                      (24, 168.92231535549794),
2026-07-08 23:52:20,106 | INFO | 	                      (24, 168.92231535549794),
[92mINFO [0m:      	                      (25, 163.8774579248709),
2026-07-08 23:52:20,106 | INFO | 	                      (25, 163.8774579248709),
[92mINFO [0m:      	                      (26, 154.64009402405526),
2026-07-08 23:52:20,106 | INFO | 	                      (26, 154.64009402405526),
[92mINFO [0m:      	                      (27, 150.4233513582565),
2026-07-08 23:52:20,106 | INFO | 	                      (27, 150.4233513582565),
[92mINFO [0m:      	                      (28, 165.6838631999432),
2026-07-08 23:52:20,106 | INFO | 	                      (28, 165.6838631999432),
[92mINFO [0m:      	                      (29, 145.5421981148276),
2026-07-08 23:52:20,106 | INFO | 	                      (29, 145.5421981148276),
[92mINFO [0m:      	                      (30, 157.58395542870605),
2026-07-08 23:52:20,106 | INFO | 	                      (30, 157.58395542870605),
[92mINFO [0m:      	                      (31, 147.01389804991692),
2026-07-08 23:52:20,106 | INFO | 	                      (31, 147.01389804991692),
[92mINFO [0m:      	                      (32, 197.85578793285174),
2026-07-08 23:52:20,106 | INFO | 	                      (32, 197.85578793285174),
[92mINFO [0m:      	                      (33, 163.7220118422536),
2026-07-08 23:52:20,106 | INFO | 	                      (33, 163.7220118422536),
[92mINFO [0m:      	                      (34, 162.22778492209247),
2026-07-08 23:52:20,106 | INFO | 	                      (34, 162.22778492209247),
[92mINFO [0m:      	                      (35, 154.3588041419044),
2026-07-08 23:52:20,106 | INFO | 	                      (35, 154.3588041419044),
[92mINFO [0m:      	                      (36, 150.39989501043067),
2026-07-08 23:52:20,106 | INFO | 	                      (36, 150.39989501043067),
[92mINFO [0m:      	                      (37, 184.05051844374233),
2026-07-08 23:52:20,106 | INFO | 	                      (37, 184.05051844374233),
[92mINFO [0m:      	                      (38, 168.61543856662132),
2026-07-08 23:52:20,106 | INFO | 	                      (38, 168.61543856662132),
[92mINFO [0m:      	                      (39, 217.98358206376204),
2026-07-08 23:52:20,106 | INFO | 	                      (39, 217.98358206376204),
[92mINFO [0m:      	                      (40, 182.53669745864175),
2026-07-08 23:52:20,106 | INFO | 	                      (40, 182.53669745864175),
[92mINFO [0m:      	                      (41, 98.98098064726624),
2026-07-08 23:52:20,106 | INFO | 	                      (41, 98.98098064726624),
[92mINFO [0m:      	                      (42, 123.57012522343787),
2026-07-08 23:52:20,106 | INFO | 	                      (42, 123.57012522343787),
[92mINFO [0m:      	                      (43, 208.21320953471957),
2026-07-08 23:52:20,106 | INFO | 	                      (43, 208.21320953471957),
[92mINFO [0m:      	                      (44, 131.8972301603409),
2026-07-08 23:52:20,106 | INFO | 	                      (44, 131.8972301603409),
[92mINFO [0m:      	                      (45, 125.98795388824253),
2026-07-08 23:52:20,106 | INFO | 	                      (45, 125.98795388824253),
[92mINFO [0m:      	                      (46, 147.71449181421104),
2026-07-08 23:52:20,106 | INFO | 	                      (46, 147.71449181421104),
[92mINFO [0m:      	                      (47, 136.65818231132195),
2026-07-08 23:52:20,106 | INFO | 	                      (47, 136.65818231132195),
[92mINFO [0m:      	                      (48, 191.50866979957),
2026-07-08 23:52:20,106 | INFO | 	                      (48, 191.50866979957),
[92mINFO [0m:      	                      (49, 166.9069681864406),
2026-07-08 23:52:20,106 | INFO | 	                      (49, 166.9069681864406),
[92mINFO [0m:      	                      (50, 140.53910138301964),
2026-07-08 23:52:20,106 | INFO | 	                      (50, 140.53910138301964),
[92mINFO [0m:      	                      (51, 157.9559936976158),
2026-07-08 23:52:20,106 | INFO | 	                      (51, 157.9559936976158),
[92mINFO [0m:      	                      (52, 129.46826052080036),
2026-07-08 23:52:20,106 | INFO | 	                      (52, 129.46826052080036),
[92mINFO [0m:      	                      (53, 98.26501795111878),
2026-07-08 23:52:20,106 | INFO | 	                      (53, 98.26501795111878),
[92mINFO [0m:      	                      (54, 112.15938575269081),
2026-07-08 23:52:20,106 | INFO | 	                      (54, 112.15938575269081),
[92mINFO [0m:      	                      (55, 171.97237112593706),
2026-07-08 23:52:20,106 | INFO | 	                      (55, 171.97237112593706),
[92mINFO [0m:      	                      (56, 198.22633435449075),
2026-07-08 23:52:20,106 | INFO | 	                      (56, 198.22633435449075),
[92mINFO [0m:      	                      (57, 148.98723275289476),
2026-07-08 23:52:20,106 | INFO | 	                      (57, 148.98723275289476),
[92mINFO [0m:      	                      (58, 106.31472557424944),
2026-07-08 23:52:20,106 | INFO | 	                      (58, 106.31472557424944),
[92mINFO [0m:      	                      (59, 117.94538586089281),
2026-07-08 23:52:20,106 | INFO | 	                      (59, 117.94538586089281),
[92mINFO [0m:      	                      (60, 114.31352762478302)],
2026-07-08 23:52:20,106 | INFO | 	                      (60, 114.31352762478302)],
[92mINFO [0m:      	 'vi_kl_loss_max': [(1, 394.498916679151),
2026-07-08 23:52:20,107 | INFO | 	 'vi_kl_loss_max': [(1, 394.498916679151),
[92mINFO [0m:      	                    (2, 474.5556115708147),
2026-07-08 23:52:20,107 | INFO | 	                    (2, 474.5556115708147),
[92mINFO [0m:      	                    (3, 296.574148122158),
2026-07-08 23:52:20,107 | INFO | 	                    (3, 296.574148122158),
[92mINFO [0m:      	                    (4, 517.9509627744084),
2026-07-08 23:52:20,107 | INFO | 	                    (4, 517.9509627744084),
[92mINFO [0m:      	                    (5, 276.96838188321067),
2026-07-08 23:52:20,107 | INFO | 	                    (5, 276.96838188321067),
[92mINFO [0m:      	                    (6, 409.62312409120403),
2026-07-08 23:52:20,107 | INFO | 	                    (6, 409.62312409120403),
[92mINFO [0m:      	                    (7, 392.1107404641322),
2026-07-08 23:52:20,107 | INFO | 	                    (7, 392.1107404641322),
[92mINFO [0m:      	                    (8, 467.2030459573263),
2026-07-08 23:52:20,107 | INFO | 	                    (8, 467.2030459573263),
[92mINFO [0m:      	                    (9, 265.5049805485043),
2026-07-08 23:52:20,107 | INFO | 	                    (9, 265.5049805485043),
[92mINFO [0m:      	                    (10, 263.12008307206423),
2026-07-08 23:52:20,107 | INFO | 	                    (10, 263.12008307206423),
[92mINFO [0m:      	                    (11, 535.089303228875),
2026-07-08 23:52:20,107 | INFO | 	                    (11, 535.089303228875),
[92mINFO [0m:      	                    (12, 257.87211244951794),
2026-07-08 23:52:20,107 | INFO | 	                    (12, 257.87211244951794),
[92mINFO [0m:      	                    (13, 246.73737626823703),
2026-07-08 23:52:20,107 | INFO | 	                    (13, 246.73737626823703),
[92mINFO [0m:      	                    (14, 248.5646473638249),
2026-07-08 23:52:20,107 | INFO | 	                    (14, 248.5646473638249),
[92mINFO [0m:      	                    (15, 252.7487770651781),
2026-07-08 23:52:20,107 | INFO | 	                    (15, 252.7487770651781),
[92mINFO [0m:      	                    (16, 495.0829366674564),
2026-07-08 23:52:20,107 | INFO | 	                    (16, 495.0829366674564),
[92mINFO [0m:      	                    (17, 253.97500064808082),
2026-07-08 23:52:20,107 | INFO | 	                    (17, 253.97500064808082),
[92mINFO [0m:      	                    (18, 245.94843356818882),
2026-07-08 23:52:20,107 | INFO | 	                    (18, 245.94843356818882),
[92mINFO [0m:      	                    (19, 418.30132378764296),
2026-07-08 23:52:20,107 | INFO | 	                    (19, 418.30132378764296),
[92mINFO [0m:      	                    (20, 346.5899268491858),
2026-07-08 23:52:20,107 | INFO | 	                    (20, 346.5899268491858),
[92mINFO [0m:      	                    (21, 498.56045900982673),
2026-07-08 23:52:20,107 | INFO | 	                    (21, 498.56045900982673),
[92mINFO [0m:      	                    (22, 236.04519646308756),
2026-07-08 23:52:20,107 | INFO | 	                    (22, 236.04519646308756),
[92mINFO [0m:      	                    (23, 237.97283014489437),
2026-07-08 23:52:20,107 | INFO | 	                    (23, 237.97283014489437),
[92mINFO [0m:      	                    (24, 483.59407456457444),
2026-07-08 23:52:20,107 | INFO | 	                    (24, 483.59407456457444),
[92mINFO [0m:      	                    (25, 332.8567473834928),
2026-07-08 23:52:20,107 | INFO | 	                    (25, 332.8567473834928),
[92mINFO [0m:      	                    (26, 229.6316302425269),
2026-07-08 23:52:20,107 | INFO | 	                    (26, 229.6316302425269),
[92mINFO [0m:      	                    (27, 378.62940374247586),
2026-07-08 23:52:20,107 | INFO | 	                    (27, 378.62940374247586),
[92mINFO [0m:      	                    (28, 337.11186675842083),
2026-07-08 23:52:20,107 | INFO | 	                    (28, 337.11186675842083),
[92mINFO [0m:      	                    (29, 456.7911826450393),
2026-07-08 23:52:20,107 | INFO | 	                    (29, 456.7911826450393),
[92mINFO [0m:      	                    (30, 384.56199188289725),
2026-07-08 23:52:20,107 | INFO | 	                    (30, 384.56199188289725),
[92mINFO [0m:      	                    (31, 381.75839241649936),
2026-07-08 23:52:20,107 | INFO | 	                    (31, 381.75839241649936),
[92mINFO [0m:      	                    (32, 388.3666397351347),
2026-07-08 23:52:20,107 | INFO | 	                    (32, 388.3666397351347),
[92mINFO [0m:      	                    (33, 426.8404817689911),
2026-07-08 23:52:20,107 | INFO | 	                    (33, 426.8404817689911),
[92mINFO [0m:      	                    (34, 457.33593777834614),
2026-07-08 23:52:20,107 | INFO | 	                    (34, 457.33593777834614),
[92mINFO [0m:      	                    (35, 368.086471970292),
2026-07-08 23:52:20,107 | INFO | 	                    (35, 368.086471970292),
[92mINFO [0m:      	                    (36, 212.3702682028933),
2026-07-08 23:52:20,107 | INFO | 	                    (36, 212.3702682028933),
[92mINFO [0m:      	                    (37, 419.7172606938412),
2026-07-08 23:52:20,107 | INFO | 	                    (37, 419.7172606938412),
[92mINFO [0m:      	                    (38, 366.4506622416882),
2026-07-08 23:52:20,107 | INFO | 	                    (38, 366.4506622416882),
[92mINFO [0m:      	                    (39, 436.07854484376935),
2026-07-08 23:52:20,107 | INFO | 	                    (39, 436.07854484376935),
[92mINFO [0m:      	                    (40, 365.428006724523),
2026-07-08 23:52:20,107 | INFO | 	                    (40, 365.428006724523),
[92mINFO [0m:      	                    (41, 286.71314926216525),
2026-07-08 23:52:20,107 | INFO | 	                    (41, 286.71314926216525),
[92mINFO [0m:      	                    (42, 359.1096552149662),
2026-07-08 23:52:20,107 | INFO | 	                    (42, 359.1096552149662),
[92mINFO [0m:      	                    (43, 422.839540884587),
2026-07-08 23:52:20,108 | INFO | 	                    (43, 422.839540884587),
[92mINFO [0m:      	                    (44, 348.32685166344584),
2026-07-08 23:52:20,108 | INFO | 	                    (44, 348.32685166344584),
[92mINFO [0m:      	                    (45, 390.03902338309405),
2026-07-08 23:52:20,108 | INFO | 	                    (45, 390.03902338309405),
[92mINFO [0m:      	                    (46, 401.14911028414826),
2026-07-08 23:52:20,108 | INFO | 	                    (46, 401.14911028414826),
[92mINFO [0m:      	                    (47, 339.5279892606993),
2026-07-08 23:52:20,108 | INFO | 	                    (47, 339.5279892606993),
[92mINFO [0m:      	                    (48, 392.63810959923467),
2026-07-08 23:52:20,108 | INFO | 	                    (48, 392.63810959923467),
[92mINFO [0m:      	                    (49, 346.21210515080867),
2026-07-08 23:52:20,108 | INFO | 	                    (49, 346.21210515080867),
[92mINFO [0m:      	                    (50, 275.5961837054899),
2026-07-08 23:52:20,108 | INFO | 	                    (50, 275.5961837054899),
[92mINFO [0m:      	                    (51, 268.72559077647725),
2026-07-08 23:52:20,108 | INFO | 	                    (51, 268.72559077647725),
[92mINFO [0m:      	                    (52, 414.6080668220558),
2026-07-08 23:52:20,108 | INFO | 	                    (52, 414.6080668220558),
[92mINFO [0m:      	                    (53, 190.38674399969815),
2026-07-08 23:52:20,108 | INFO | 	                    (53, 190.38674399969815),
[92mINFO [0m:      	                    (54, 366.60092415003),
2026-07-08 23:52:20,108 | INFO | 	                    (54, 366.60092415003),
[92mINFO [0m:      	                    (55, 364.6022331668894),
2026-07-08 23:52:20,108 | INFO | 	                    (55, 364.6022331668894),
[92mINFO [0m:      	                    (56, 262.9249038278456),
2026-07-08 23:52:20,108 | INFO | 	                    (56, 262.9249038278456),
[92mINFO [0m:      	                    (57, 354.6588680972362),
2026-07-08 23:52:20,108 | INFO | 	                    (57, 354.6588680972362),
[92mINFO [0m:      	                    (58, 257.40079686078775),
2026-07-08 23:52:20,108 | INFO | 	                    (58, 257.40079686078775),
[92mINFO [0m:      	                    (59, 365.844005879964),
2026-07-08 23:52:20,108 | INFO | 	                    (59, 365.844005879964),
[92mINFO [0m:      	                    (60, 180.96502574310833)],
2026-07-08 23:52:20,108 | INFO | 	                    (60, 180.96502574310833)],
[92mINFO [0m:      	 'vi_kl_loss_mean': [(1, 184.71292109376688),
2026-07-08 23:52:20,108 | INFO | 	 'vi_kl_loss_mean': [(1, 184.71292109376688),
[92mINFO [0m:      	                     (2, 169.1053199923759),
2026-07-08 23:52:20,108 | INFO | 	                     (2, 169.1053199923759),
[92mINFO [0m:      	                     (3, 168.11395385952216),
2026-07-08 23:52:20,108 | INFO | 	                     (3, 168.11395385952216),
[92mINFO [0m:      	                     (4, 169.56577189899875),
2026-07-08 23:52:20,108 | INFO | 	                     (4, 169.56577189899875),
[92mINFO [0m:      	                     (5, 152.27405175053914),
2026-07-08 23:52:20,108 | INFO | 	                     (5, 152.27405175053914),
[92mINFO [0m:      	                     (6, 169.7471392621761),
2026-07-08 23:52:20,108 | INFO | 	                     (6, 169.7471392621761),
[92mINFO [0m:      	                     (7, 181.7224705857827),
2026-07-08 23:52:20,108 | INFO | 	                     (7, 181.7224705857827),
[92mINFO [0m:      	                     (8, 170.32830550605135),
2026-07-08 23:52:20,108 | INFO | 	                     (8, 170.32830550605135),
[92mINFO [0m:      	                     (9, 147.10910335466318),
2026-07-08 23:52:20,108 | INFO | 	                     (9, 147.10910335466318),
[92mINFO [0m:      	                     (10, 171.99329598257998),
2026-07-08 23:52:20,108 | INFO | 	                     (10, 171.99329598257998),
[92mINFO [0m:      	                     (11, 188.0569215296184),
2026-07-08 23:52:20,108 | INFO | 	                     (11, 188.0569215296184),
[92mINFO [0m:      	                     (12, 152.38085747047447),
2026-07-08 23:52:20,108 | INFO | 	                     (12, 152.38085747047447),
[92mINFO [0m:      	                     (13, 142.30039304896448),
2026-07-08 23:52:20,108 | INFO | 	                     (13, 142.30039304896448),
[92mINFO [0m:      	                     (14, 133.51047352179538),
2026-07-08 23:52:20,108 | INFO | 	                     (14, 133.51047352179538),
[92mINFO [0m:      	                     (15, 141.2783580764003),
2026-07-08 23:52:20,108 | INFO | 	                     (15, 141.2783580764003),
[92mINFO [0m:      	                     (16, 148.3668599480155),
2026-07-08 23:52:20,108 | INFO | 	                     (16, 148.3668599480155),
[92mINFO [0m:      	                     (17, 148.15415312663484),
2026-07-08 23:52:20,108 | INFO | 	                     (17, 148.15415312663484),
[92mINFO [0m:      	                     (18, 146.3605286043353),
2026-07-08 23:52:20,108 | INFO | 	                     (18, 146.3605286043353),
[92mINFO [0m:      	                     (19, 157.5082964538303),
2026-07-08 23:52:20,108 | INFO | 	                     (19, 157.5082964538303),
[92mINFO [0m:      	                     (20, 158.29988148552277),
2026-07-08 23:52:20,108 | INFO | 	                     (20, 158.29988148552277),
[92mINFO [0m:      	                     (21, 175.73670988982047),
2026-07-08 23:52:20,108 | INFO | 	                     (21, 175.73670988982047),
[92mINFO [0m:      	                     (22, 126.09675944027735),
2026-07-08 23:52:20,108 | INFO | 	                     (22, 126.09675944027735),
[92mINFO [0m:      	                     (23, 133.57020764484733),
2026-07-08 23:52:20,108 | INFO | 	                     (23, 133.57020764484733),
[92mINFO [0m:      	                     (24, 181.40215694114104),
2026-07-08 23:52:20,108 | INFO | 	                     (24, 181.40215694114104),
[92mINFO [0m:      	                     (25, 146.09368063189171),
2026-07-08 23:52:20,109 | INFO | 	                     (25, 146.09368063189171),
[92mINFO [0m:      	                     (26, 130.05100054569206),
2026-07-08 23:52:20,109 | INFO | 	                     (26, 130.05100054569206),
[92mINFO [0m:      	                     (27, 155.07758471491022),
2026-07-08 23:52:20,109 | INFO | 	                     (27, 155.07758471491022),
[92mINFO [0m:      	                     (28, 141.55701083662902),
2026-07-08 23:52:20,109 | INFO | 	                     (28, 141.55701083662902),
[92mINFO [0m:      	                     (29, 157.80736364196883),
2026-07-08 23:52:20,109 | INFO | 	                     (29, 157.80736364196883),
[92mINFO [0m:      	                     (30, 137.68900592304843),
2026-07-08 23:52:20,109 | INFO | 	                     (30, 137.68900592304843),
[92mINFO [0m:      	                     (31, 152.17943123251558),
2026-07-08 23:52:20,109 | INFO | 	                     (31, 152.17943123251558),
[92mINFO [0m:      	                     (32, 176.5715661429287),
2026-07-08 23:52:20,109 | INFO | 	                     (32, 176.5715661429287),
[92mINFO [0m:      	                     (33, 163.58207623784014),
2026-07-08 23:52:20,109 | INFO | 	                     (33, 163.58207623784014),
[92mINFO [0m:      	                     (34, 202.03339728046234),
2026-07-08 23:52:20,109 | INFO | 	                     (34, 202.03339728046234),
[92mINFO [0m:      	                     (35, 138.6439586342645),
2026-07-08 23:52:20,109 | INFO | 	                     (35, 138.6439586342645),
[92mINFO [0m:      	                     (36, 120.36749668281672),
2026-07-08 23:52:20,109 | INFO | 	                     (36, 120.36749668281672),
[92mINFO [0m:      	                     (37, 191.69362475413433),
2026-07-08 23:52:20,109 | INFO | 	                     (37, 191.69362475413433),
[92mINFO [0m:      	                     (38, 159.0858206203966),
2026-07-08 23:52:20,109 | INFO | 	                     (38, 159.0858206203966),
[92mINFO [0m:      	                     (39, 165.90580808555646),
2026-07-08 23:52:20,109 | INFO | 	                     (39, 165.90580808555646),
[92mINFO [0m:      	                     (40, 148.37106143188598),
2026-07-08 23:52:20,109 | INFO | 	                     (40, 148.37106143188598),
[92mINFO [0m:      	                     (41, 135.31370199945562),
2026-07-08 23:52:20,109 | INFO | 	                     (41, 135.31370199945562),
[92mINFO [0m:      	                     (42, 131.0792972969824),
2026-07-08 23:52:20,109 | INFO | 	                     (42, 131.0792972969824),
[92mINFO [0m:      	                     (43, 168.4062469684851),
2026-07-08 23:52:20,109 | INFO | 	                     (43, 168.4062469684851),
[92mINFO [0m:      	                     (44, 130.10614227713435),
2026-07-08 23:52:20,109 | INFO | 	                     (44, 130.10614227713435),
[92mINFO [0m:      	                     (45, 118.48530813016947),
2026-07-08 23:52:20,109 | INFO | 	                     (45, 118.48530813016947),
[92mINFO [0m:      	                     (46, 131.47092938241607),
2026-07-08 23:52:20,109 | INFO | 	                     (46, 131.47092938241607),
[92mINFO [0m:      	                     (47, 145.27083982381453),
2026-07-08 23:52:20,109 | INFO | 	                     (47, 145.27083982381453),
[92mINFO [0m:      	                     (48, 167.1684060516525),
2026-07-08 23:52:20,109 | INFO | 	                     (48, 167.1684060516525),
[92mINFO [0m:      	                     (49, 151.07598555498197),
2026-07-08 23:52:20,109 | INFO | 	                     (49, 151.07598555498197),
[92mINFO [0m:      	                     (50, 120.0606652315288),
2026-07-08 23:52:20,109 | INFO | 	                     (50, 120.0606652315288),
[92mINFO [0m:      	                     (51, 118.97412068620959),
2026-07-08 23:52:20,109 | INFO | 	                     (51, 118.97412068620959),
[92mINFO [0m:      	                     (52, 134.80121582261052),
2026-07-08 23:52:20,109 | INFO | 	                     (52, 134.80121582261052),
[92mINFO [0m:      	                     (53, 124.6163757793907),
2026-07-08 23:52:20,109 | INFO | 	                     (53, 124.6163757793907),
[92mINFO [0m:      	                     (54, 141.0006383974016),
2026-07-08 23:52:20,109 | INFO | 	                     (54, 141.0006383974016),
[92mINFO [0m:      	                     (55, 139.81447545926247),
2026-07-08 23:52:20,109 | INFO | 	                     (55, 139.81447545926247),
[92mINFO [0m:      	                     (56, 115.0181192058738),
2026-07-08 23:52:20,109 | INFO | 	                     (56, 115.0181192058738),
[92mINFO [0m:      	                     (57, 126.97607497973416),
2026-07-08 23:52:20,109 | INFO | 	                     (57, 126.97607497973416),
[92mINFO [0m:      	                     (58, 124.20773318678762),
2026-07-08 23:52:20,109 | INFO | 	                     (58, 124.20773318678762),
[92mINFO [0m:      	                     (59, 162.9800792499404),
2026-07-08 23:52:20,109 | INFO | 	                     (59, 162.9800792499404),
[92mINFO [0m:      	                     (60, 112.52282076792918)],
2026-07-08 23:52:20,109 | INFO | 	                     (60, 112.52282076792918)],
[92mINFO [0m:      	 'vi_kl_loss_min': [(1, 135.20461440576673),
2026-07-08 23:52:20,109 | INFO | 	 'vi_kl_loss_min': [(1, 135.20461440576673),
[92mINFO [0m:      	                    (2, 134.5612434472684),
2026-07-08 23:52:20,109 | INFO | 	                    (2, 134.5612434472684),
[92mINFO [0m:      	                    (3, 133.48605252598648),
2026-07-08 23:52:20,109 | INFO | 	                    (3, 133.48605252598648),
[92mINFO [0m:      	                    (4, 132.82608104107732),
2026-07-08 23:52:20,109 | INFO | 	                    (4, 132.82608104107732),
[92mINFO [0m:      	                    (5, 131.73309275083798),
2026-07-08 23:52:20,109 | INFO | 	                    (5, 131.73309275083798),
[92mINFO [0m:      	                    (6, 130.86867192207862),
2026-07-08 23:52:20,109 | INFO | 	                    (6, 130.86867192207862),
[92mINFO [0m:      	                    (7, 129.87913360428155),
2026-07-08 23:52:20,109 | INFO | 	                    (7, 129.87913360428155),
[92mINFO [0m:      	                    (8, 128.92317004272033),
2026-07-08 23:52:20,110 | INFO | 	                    (8, 128.92317004272033),
[92mINFO [0m:      	                    (9, 128.05309430827222),
2026-07-08 23:52:20,110 | INFO | 	                    (9, 128.05309430827222),
[92mINFO [0m:      	                    (10, 127.51311758897029),
2026-07-08 23:52:20,110 | INFO | 	                    (10, 127.51311758897029),
[92mINFO [0m:      	                    (11, 126.54230644799466),
2026-07-08 23:52:20,110 | INFO | 	                    (11, 126.54230644799466),
[92mINFO [0m:      	                    (12, 125.42220783847215),
2026-07-08 23:52:20,110 | INFO | 	                    (12, 125.42220783847215),
[92mINFO [0m:      	                    (13, 124.94223603032414),
2026-07-08 23:52:20,110 | INFO | 	                    (13, 124.94223603032414),
[92mINFO [0m:      	                    (14, 124.22131994310806),
2026-07-08 23:52:20,110 | INFO | 	                    (14, 124.22131994310806),
[92mINFO [0m:      	                    (15, 123.39847908304071),
2026-07-08 23:52:20,110 | INFO | 	                    (15, 123.39847908304071),
[92mINFO [0m:      	                    (16, 122.67273741442372),
2026-07-08 23:52:20,110 | INFO | 	                    (16, 122.67273741442372),
[92mINFO [0m:      	                    (17, 121.77985895245179),
2026-07-08 23:52:20,110 | INFO | 	                    (17, 121.77985895245179),
[92mINFO [0m:      	                    (18, 121.13505924100708),
2026-07-08 23:52:20,110 | INFO | 	                    (18, 121.13505924100708),
[92mINFO [0m:      	                    (19, 119.9057540059451),
2026-07-08 23:52:20,110 | INFO | 	                    (19, 119.9057540059451),
[92mINFO [0m:      	                    (20, 119.29550404896257),
2026-07-08 23:52:20,110 | INFO | 	                    (20, 119.29550404896257),
[92mINFO [0m:      	                    (21, 118.25789683998389),
2026-07-08 23:52:20,110 | INFO | 	                    (21, 118.25789683998389),
[92mINFO [0m:      	                    (22, 117.2229448661661),
2026-07-08 23:52:20,110 | INFO | 	                    (22, 117.2229448661661),
[92mINFO [0m:      	                    (23, 116.71786774289411),
2026-07-08 23:52:20,110 | INFO | 	                    (23, 116.71786774289411),
[92mINFO [0m:      	                    (24, 115.75555190754349),
2026-07-08 23:52:20,110 | INFO | 	                    (24, 115.75555190754349),
[92mINFO [0m:      	                    (25, 114.6143734871156),
2026-07-08 23:52:20,110 | INFO | 	                    (25, 114.6143734871156),
[92mINFO [0m:      	                    (26, 114.10824467356629),
2026-07-08 23:52:20,110 | INFO | 	                    (26, 114.10824467356629),
[92mINFO [0m:      	                    (27, 113.6343653395823),
2026-07-08 23:52:20,110 | INFO | 	                    (27, 113.6343653395823),
[92mINFO [0m:      	                    (28, 112.2743043280177),
2026-07-08 23:52:20,110 | INFO | 	                    (28, 112.2743043280177),
[92mINFO [0m:      	                    (29, 111.61468824095323),
2026-07-08 23:52:20,110 | INFO | 	                    (29, 111.61468824095323),
[92mINFO [0m:      	                    (30, 110.7313062895065),
2026-07-08 23:52:20,110 | INFO | 	                    (30, 110.7313062895065),
[92mINFO [0m:      	                    (31, 110.27369327388458),
2026-07-08 23:52:20,110 | INFO | 	                    (31, 110.27369327388458),
[92mINFO [0m:      	                    (32, 109.01285000822398),
2026-07-08 23:52:20,110 | INFO | 	                    (32, 109.01285000822398),
[92mINFO [0m:      	                    (33, 108.24785377526779),
2026-07-08 23:52:20,110 | INFO | 	                    (33, 108.24785377526779),
[92mINFO [0m:      	                    (34, 107.75187008582479),
2026-07-08 23:52:20,110 | INFO | 	                    (34, 107.75187008582479),
[92mINFO [0m:      	                    (35, 105.84709212414434),
2026-07-08 23:52:20,110 | INFO | 	                    (35, 105.84709212414434),
[92mINFO [0m:      	                    (36, 105.21647281832257),
2026-07-08 23:52:20,110 | INFO | 	                    (36, 105.21647281832257),
[92mINFO [0m:      	                    (37, 104.73791276171474),
2026-07-08 23:52:20,110 | INFO | 	                    (37, 104.73791276171474),
[92mINFO [0m:      	                    (38, 104.29119462565336),
2026-07-08 23:52:20,110 | INFO | 	                    (38, 104.29119462565336),
[92mINFO [0m:      	                    (39, 103.36857769261196),
2026-07-08 23:52:20,110 | INFO | 	                    (39, 103.36857769261196),
[92mINFO [0m:      	                    (40, 102.28446760861577),
2026-07-08 23:52:20,110 | INFO | 	                    (40, 102.28446760861577),
[92mINFO [0m:      	                    (41, 101.90917748268352),
2026-07-08 23:52:20,110 | INFO | 	                    (41, 101.90917748268352),
[92mINFO [0m:      	                    (42, 100.79144621870309),
2026-07-08 23:52:20,110 | INFO | 	                    (42, 100.79144621870309),
[92mINFO [0m:      	                    (43, 100.500826913724),
2026-07-08 23:52:20,110 | INFO | 	                    (43, 100.500826913724),
[92mINFO [0m:      	                    (44, 99.11237163898231),
2026-07-08 23:52:20,110 | INFO | 	                    (44, 99.11237163898231),
[92mINFO [0m:      	                    (45, 98.39069524627841),
2026-07-08 23:52:20,110 | INFO | 	                    (45, 98.39069524627841),
[92mINFO [0m:      	                    (46, 97.70456772878521),
2026-07-08 23:52:20,110 | INFO | 	                    (46, 97.70456772878521),
[92mINFO [0m:      	                    (47, 96.72894756183582),
2026-07-08 23:52:20,110 | INFO | 	                    (47, 96.72894756183582),
[92mINFO [0m:      	                    (48, 96.30588793032042),
2026-07-08 23:52:20,110 | INFO | 	                    (48, 96.30588793032042),
[92mINFO [0m:      	                    (49, 95.25211325846539),
2026-07-08 23:52:20,110 | INFO | 	                    (49, 95.25211325846539),
[92mINFO [0m:      	                    (50, 94.53534995291635),
2026-07-08 23:52:20,111 | INFO | 	                    (50, 94.53534995291635),
[92mINFO [0m:      	                    (51, 94.02980934666098),
2026-07-08 23:52:20,111 | INFO | 	                    (51, 94.02980934666098),
[92mINFO [0m:      	                    (52, 93.5881153458517),
2026-07-08 23:52:20,111 | INFO | 	                    (52, 93.5881153458517),
[92mINFO [0m:      	                    (53, 92.5469151359833),
2026-07-08 23:52:20,111 | INFO | 	                    (53, 92.5469151359833),
[92mINFO [0m:      	                    (54, 92.13706182872015),
2026-07-08 23:52:20,111 | INFO | 	                    (54, 92.13706182872015),
[92mINFO [0m:      	                    (55, 91.28685024825054),
2026-07-08 23:52:20,111 | INFO | 	                    (55, 91.28685024825054),
[92mINFO [0m:      	                    (56, 90.51838600053621),
2026-07-08 23:52:20,111 | INFO | 	                    (56, 90.51838600053621),
[92mINFO [0m:      	                    (57, 89.98501303503673),
2026-07-08 23:52:20,111 | INFO | 	                    (57, 89.98501303503673),
[92mINFO [0m:      	                    (58, 89.54769088625285),
2026-07-08 23:52:20,111 | INFO | 	                    (58, 89.54769088625285),
[92mINFO [0m:      	                    (59, 88.80858060620035),
2026-07-08 23:52:20,111 | INFO | 	                    (59, 88.80858060620035),
[92mINFO [0m:      	                    (60, 87.95566403920358)],
2026-07-08 23:52:20,111 | INFO | 	                    (60, 87.95566403920358)],
[92mINFO [0m:      	 'vi_kl_loss_p10': [(1, 135.214340144882),
2026-07-08 23:52:20,111 | INFO | 	 'vi_kl_loss_p10': [(1, 135.214340144882),
[92mINFO [0m:      	                    (2, 135.14539649292055),
2026-07-08 23:52:20,111 | INFO | 	                    (2, 135.14539649292055),
[92mINFO [0m:      	                    (3, 134.17988841574663),
2026-07-08 23:52:20,111 | INFO | 	                    (3, 134.17988841574663),
[92mINFO [0m:      	                    (4, 132.91741309356073),
2026-07-08 23:52:20,111 | INFO | 	                    (4, 132.91741309356073),
[92mINFO [0m:      	                    (5, 132.04770413144422),
2026-07-08 23:52:20,111 | INFO | 	                    (5, 132.04770413144422),
[92mINFO [0m:      	                    (6, 131.58997169364162),
2026-07-08 23:52:20,111 | INFO | 	                    (6, 131.58997169364162),
[92mINFO [0m:      	                    (7, 130.3037741562324),
2026-07-08 23:52:20,111 | INFO | 	                    (7, 130.3037741562324),
[92mINFO [0m:      	                    (8, 129.22777607164983),
2026-07-08 23:52:20,111 | INFO | 	                    (8, 129.22777607164983),
[92mINFO [0m:      	                    (9, 128.31788630528754),
2026-07-08 23:52:20,111 | INFO | 	                    (9, 128.31788630528754),
[92mINFO [0m:      	                    (10, 127.66225241790752),
2026-07-08 23:52:20,111 | INFO | 	                    (10, 127.66225241790752),
[92mINFO [0m:      	                    (11, 126.65903343127698),
2026-07-08 23:52:20,111 | INFO | 	                    (11, 126.65903343127698),
[92mINFO [0m:      	                    (12, 125.76488091172715),
2026-07-08 23:52:20,111 | INFO | 	                    (12, 125.76488091172715),
[92mINFO [0m:      	                    (13, 125.24203383762288),
2026-07-08 23:52:20,111 | INFO | 	                    (13, 125.24203383762288),
[92mINFO [0m:      	                    (14, 124.30917858033077),
2026-07-08 23:52:20,111 | INFO | 	                    (14, 124.30917858033077),
[92mINFO [0m:      	                    (15, 123.59159259903203),
2026-07-08 23:52:20,111 | INFO | 	                    (15, 123.59159259903203),
[92mINFO [0m:      	                    (16, 122.83492363075607),
2026-07-08 23:52:20,111 | INFO | 	                    (16, 122.83492363075607),
[92mINFO [0m:      	                    (17, 121.88467170190985),
2026-07-08 23:52:20,111 | INFO | 	                    (17, 121.88467170190985),
[92mINFO [0m:      	                    (18, 121.18794959500318),
2026-07-08 23:52:20,111 | INFO | 	                    (18, 121.18794959500318),
[92mINFO [0m:      	                    (19, 120.0473891916143),
2026-07-08 23:52:20,111 | INFO | 	                    (19, 120.0473891916143),
[92mINFO [0m:      	                    (20, 119.43922022306239),
2026-07-08 23:52:20,111 | INFO | 	                    (20, 119.43922022306239),
[92mINFO [0m:      	                    (21, 118.49418165871603),
2026-07-08 23:52:20,111 | INFO | 	                    (21, 118.49418165871603),
[92mINFO [0m:      	                    (22, 117.63598459831658),
2026-07-08 23:52:20,111 | INFO | 	                    (22, 117.63598459831658),
[92mINFO [0m:      	                    (23, 116.91054211932189),
2026-07-08 23:52:20,111 | INFO | 	                    (23, 116.91054211932189),
[92mINFO [0m:      	                    (24, 115.89388307992395),
2026-07-08 23:52:20,111 | INFO | 	                    (24, 115.89388307992395),
[92mINFO [0m:      	                    (25, 115.02495627039433),
2026-07-08 23:52:20,111 | INFO | 	                    (25, 115.02495627039433),
[92mINFO [0m:      	                    (26, 114.31307452780212),
2026-07-08 23:52:20,111 | INFO | 	                    (26, 114.31307452780212),
[92mINFO [0m:      	                    (27, 113.7065319846837),
2026-07-08 23:52:20,111 | INFO | 	                    (27, 113.7065319846837),
[92mINFO [0m:      	                    (28, 112.62158190372236),
2026-07-08 23:52:20,111 | INFO | 	                    (28, 112.62158190372236),
[92mINFO [0m:      	                    (29, 112.11689722302111),
2026-07-08 23:52:20,111 | INFO | 	                    (29, 112.11689722302111),
[92mINFO [0m:      	                    (30, 110.98756552644763),
2026-07-08 23:52:20,111 | INFO | 	                    (30, 110.98756552644763),
[92mINFO [0m:      	                    (31, 110.52998755220447),
2026-07-08 23:52:20,112 | INFO | 	                    (31, 110.52998755220447),
[92mINFO [0m:      	                    (32, 109.20802465388),
2026-07-08 23:52:20,112 | INFO | 	                    (32, 109.20802465388),
[92mINFO [0m:      	                    (33, 108.80498541562625),
2026-07-08 23:52:20,112 | INFO | 	                    (33, 108.80498541562625),
[92mINFO [0m:      	                    (34, 107.98468750835508),
2026-07-08 23:52:20,112 | INFO | 	                    (34, 107.98468750835508),
[92mINFO [0m:      	                    (35, 106.63137883536588),
2026-07-08 23:52:20,112 | INFO | 	                    (35, 106.63137883536588),
[92mINFO [0m:      	                    (36, 105.47443763320027),
2026-07-08 23:52:20,112 | INFO | 	                    (36, 105.47443763320027),
[92mINFO [0m:      	                    (37, 105.13557515803534),
2026-07-08 23:52:20,112 | INFO | 	                    (37, 105.13557515803534),
[92mINFO [0m:      	                    (38, 104.4043820233078),
2026-07-08 23:52:20,112 | INFO | 	                    (38, 104.4043820233078),
[92mINFO [0m:      	                    (39, 103.40864186638476),
2026-07-08 23:52:20,112 | INFO | 	                    (39, 103.40864186638476),
[92mINFO [0m:      	                    (40, 102.45480145413474),
2026-07-08 23:52:20,112 | INFO | 	                    (40, 102.45480145413474),
[92mINFO [0m:      	                    (41, 101.97155384530679),
2026-07-08 23:52:20,112 | INFO | 	                    (41, 101.97155384530679),
[92mINFO [0m:      	                    (42, 101.06840697100108),
2026-07-08 23:52:20,112 | INFO | 	                    (42, 101.06840697100108),
[92mINFO [0m:      	                    (43, 100.83937224560597),
2026-07-08 23:52:20,112 | INFO | 	                    (43, 100.83937224560597),
[92mINFO [0m:      	                    (44, 99.26730302825177),
2026-07-08 23:52:20,112 | INFO | 	                    (44, 99.26730302825177),
[92mINFO [0m:      	                    (45, 98.4807065417309),
2026-07-08 23:52:20,112 | INFO | 	                    (45, 98.4807065417309),
[92mINFO [0m:      	                    (46, 97.93417635034554),
2026-07-08 23:52:20,112 | INFO | 	                    (46, 97.93417635034554),
[92mINFO [0m:      	                    (47, 97.02010930734593),
2026-07-08 23:52:20,112 | INFO | 	                    (47, 97.02010930734593),
[92mINFO [0m:      	                    (48, 96.38348286173665),
2026-07-08 23:52:20,112 | INFO | 	                    (48, 96.38348286173665),
[92mINFO [0m:      	                    (49, 95.5735455917243),
2026-07-08 23:52:20,112 | INFO | 	                    (49, 95.5735455917243),
[92mINFO [0m:      	                    (50, 94.66528909445327),
2026-07-08 23:52:20,112 | INFO | 	                    (50, 94.66528909445327),
[92mINFO [0m:      	                    (51, 94.1009435036877),
2026-07-08 23:52:20,112 | INFO | 	                    (51, 94.1009435036877),
[92mINFO [0m:      	                    (52, 93.65834101855586),
2026-07-08 23:52:20,112 | INFO | 	                    (52, 93.65834101855586),
[92mINFO [0m:      	                    (53, 92.7240534597291),
2026-07-08 23:52:20,112 | INFO | 	                    (53, 92.7240534597291),
[92mINFO [0m:      	                    (54, 92.22067113858789),
2026-07-08 23:52:20,112 | INFO | 	                    (54, 92.22067113858789),
[92mINFO [0m:      	                    (55, 91.42776258307427),
2026-07-08 23:52:20,112 | INFO | 	                    (55, 91.42776258307427),
[92mINFO [0m:      	                    (56, 90.73834561324787),
2026-07-08 23:52:20,112 | INFO | 	                    (56, 90.73834561324787),
[92mINFO [0m:      	                    (57, 90.08890055430089),
2026-07-08 23:52:20,112 | INFO | 	                    (57, 90.08890055430089),
[92mINFO [0m:      	                    (58, 89.58420890094075),
2026-07-08 23:52:20,112 | INFO | 	                    (58, 89.58420890094075),
[92mINFO [0m:      	                    (59, 89.05866815351214),
2026-07-08 23:52:20,112 | INFO | 	                    (59, 89.05866815351214),
[92mINFO [0m:      	                    (60, 87.99933884273808)],
2026-07-08 23:52:20,112 | INFO | 	                    (60, 87.99933884273808)],
[92mINFO [0m:      	 'vi_kl_loss_p50': [(1, 136.82201655125195),
2026-07-08 23:52:20,112 | INFO | 	 'vi_kl_loss_p50': [(1, 136.82201655125195),
[92mINFO [0m:      	                    (2, 136.98997299768922),
2026-07-08 23:52:20,112 | INFO | 	                    (2, 136.98997299768922),
[92mINFO [0m:      	                    (3, 138.31297943888055),
2026-07-08 23:52:20,112 | INFO | 	                    (3, 138.31297943888055),
[92mINFO [0m:      	                    (4, 134.7987679938821),
2026-07-08 23:52:20,112 | INFO | 	                    (4, 134.7987679938821),
[92mINFO [0m:      	                    (5, 133.41407277789003),
2026-07-08 23:52:20,112 | INFO | 	                    (5, 133.41407277789003),
[92mINFO [0m:      	                    (6, 132.62622119850528),
2026-07-08 23:52:20,112 | INFO | 	                    (6, 132.62622119850528),
[92mINFO [0m:      	                    (7, 130.74790953562112),
2026-07-08 23:52:20,112 | INFO | 	                    (7, 130.74790953562112),
[92mINFO [0m:      	                    (8, 130.36351243452916),
2026-07-08 23:52:20,112 | INFO | 	                    (8, 130.36351243452916),
[92mINFO [0m:      	                    (9, 128.74996227792184),
2026-07-08 23:52:20,112 | INFO | 	                    (9, 128.74996227792184),
[92mINFO [0m:      	                    (10, 128.82986840838856),
2026-07-08 23:52:20,112 | INFO | 	                    (10, 128.82986840838856),
[92mINFO [0m:      	                    (11, 127.83781273086254),
2026-07-08 23:52:20,112 | INFO | 	                    (11, 127.83781273086254),
[92mINFO [0m:      	                    (12, 126.68420585062911),
2026-07-08 23:52:20,112 | INFO | 	                    (12, 126.68420585062911),
[92mINFO [0m:      	                    (13, 125.69819249737904),
2026-07-08 23:52:20,112 | INFO | 	                    (13, 125.69819249737904),
[92mINFO [0m:      	                    (14, 124.97109561410392),
2026-07-08 23:52:20,113 | INFO | 	                    (14, 124.97109561410392),
[92mINFO [0m:      	                    (15, 124.13906476535263),
2026-07-08 23:52:20,113 | INFO | 	                    (15, 124.13906476535263),
[92mINFO [0m:      	                    (16, 123.20387365737983),
2026-07-08 23:52:20,113 | INFO | 	                    (16, 123.20387365737983),
[92mINFO [0m:      	                    (17, 122.44885725229109),
2026-07-08 23:52:20,113 | INFO | 	                    (17, 122.44885725229109),
[92mINFO [0m:      	                    (18, 121.70496267901592),
2026-07-08 23:52:20,113 | INFO | 	                    (18, 121.70496267901592),
[92mINFO [0m:      	                    (19, 121.3679397769265),
2026-07-08 23:52:20,113 | INFO | 	                    (19, 121.3679397769265),
[92mINFO [0m:      	                    (20, 120.15244642370682),
2026-07-08 23:52:20,113 | INFO | 	                    (20, 120.15244642370682),
[92mINFO [0m:      	                    (21, 119.25000162583845),
2026-07-08 23:52:20,113 | INFO | 	                    (21, 119.25000162583845),
[92mINFO [0m:      	                    (22, 117.93833669782212),
2026-07-08 23:52:20,113 | INFO | 	                    (22, 117.93833669782212),
[92mINFO [0m:      	                    (23, 117.4049130143507),
2026-07-08 23:52:20,113 | INFO | 	                    (23, 117.4049130143507),
[92mINFO [0m:      	                    (24, 116.82502686306523),
2026-07-08 23:52:20,113 | INFO | 	                    (24, 116.82502686306523),
[92mINFO [0m:      	                    (25, 115.87392553617396),
2026-07-08 23:52:20,113 | INFO | 	                    (25, 115.87392553617396),
[92mINFO [0m:      	                    (26, 114.87547333122849),
2026-07-08 23:52:20,113 | INFO | 	                    (26, 114.87547333122849),
[92mINFO [0m:      	                    (27, 114.28300970640346),
2026-07-08 23:52:20,113 | INFO | 	                    (27, 114.28300970640346),
[92mINFO [0m:      	                    (28, 113.07898219592697),
2026-07-08 23:52:20,113 | INFO | 	                    (28, 113.07898219592697),
[92mINFO [0m:      	                    (29, 112.71083988711132),
2026-07-08 23:52:20,113 | INFO | 	                    (29, 112.71083988711132),
[92mINFO [0m:      	                    (30, 111.76109488968667),
2026-07-08 23:52:20,113 | INFO | 	                    (30, 111.76109488968667),
[92mINFO [0m:      	                    (31, 111.01401868179613),
2026-07-08 23:52:20,113 | INFO | 	                    (31, 111.01401868179613),
[92mINFO [0m:      	                    (32, 109.90662979947656),
2026-07-08 23:52:20,113 | INFO | 	                    (32, 109.90662979947656),
[92mINFO [0m:      	                    (33, 109.76773836375877),
2026-07-08 23:52:20,113 | INFO | 	                    (33, 109.76773836375877),
[92mINFO [0m:      	                    (34, 108.82494619454047),
2026-07-08 23:52:20,113 | INFO | 	                    (34, 108.82494619454047),
[92mINFO [0m:      	                    (35, 107.1817200981242),
2026-07-08 23:52:20,113 | INFO | 	                    (35, 107.1817200981242),
[92mINFO [0m:      	                    (36, 106.27631745409828),
2026-07-08 23:52:20,113 | INFO | 	                    (36, 106.27631745409828),
[92mINFO [0m:      	                    (37, 107.85417986475458),
2026-07-08 23:52:20,113 | INFO | 	                    (37, 107.85417986475458),
[92mINFO [0m:      	                    (38, 105.01542526530682),
2026-07-08 23:52:20,113 | INFO | 	                    (38, 105.01542526530682),
[92mINFO [0m:      	                    (39, 104.36545235937879),
2026-07-08 23:52:20,113 | INFO | 	                    (39, 104.36545235937879),
[92mINFO [0m:      	                    (40, 103.31438251616781),
2026-07-08 23:52:20,113 | INFO | 	                    (40, 103.31438251616781),
[92mINFO [0m:      	                    (41, 102.69493239064295),
2026-07-08 23:52:20,113 | INFO | 	                    (41, 102.69493239064295),
[92mINFO [0m:      	                    (42, 101.37118613387548),
2026-07-08 23:52:20,113 | INFO | 	                    (42, 101.37118613387548),
[92mINFO [0m:      	                    (43, 101.7852750198901),
2026-07-08 23:52:20,113 | INFO | 	                    (43, 101.7852750198901),
[92mINFO [0m:      	                    (44, 99.90833070028563),
2026-07-08 23:52:20,113 | INFO | 	                    (44, 99.90833070028563),
[92mINFO [0m:      	                    (45, 98.94173819989915),
2026-07-08 23:52:20,113 | INFO | 	                    (45, 98.94173819989915),
[92mINFO [0m:      	                    (46, 98.13495785131435),
2026-07-08 23:52:20,113 | INFO | 	                    (46, 98.13495785131435),
[92mINFO [0m:      	                    (47, 97.36943846598075),
2026-07-08 23:52:20,113 | INFO | 	                    (47, 97.36943846598075),
[92mINFO [0m:      	                    (48, 97.16484959439387),
2026-07-08 23:52:20,113 | INFO | 	                    (48, 97.16484959439387),
[92mINFO [0m:      	                    (49, 96.64086004901394),
2026-07-08 23:52:20,113 | INFO | 	                    (49, 96.64086004901394),
[92mINFO [0m:      	                    (50, 95.5240255052158),
2026-07-08 23:52:20,113 | INFO | 	                    (50, 95.5240255052158),
[92mINFO [0m:      	                    (51, 94.47014853944991),
2026-07-08 23:52:20,113 | INFO | 	                    (51, 94.47014853944991),
[92mINFO [0m:      	                    (52, 94.16169617848699),
2026-07-08 23:52:20,113 | INFO | 	                    (52, 94.16169617848699),
[92mINFO [0m:      	                    (53, 93.02385854476505),
2026-07-08 23:52:20,113 | INFO | 	                    (53, 93.02385854476505),
[92mINFO [0m:      	                    (54, 93.6481405150708),
2026-07-08 23:52:20,113 | INFO | 	                    (54, 93.6481405150708),
[92mINFO [0m:      	                    (55, 92.23602040565225),
2026-07-08 23:52:20,113 | INFO | 	                    (55, 92.23602040565225),
[92mINFO [0m:      	                    (56, 91.27960597037944),
2026-07-08 23:52:20,114 | INFO | 	                    (56, 91.27960597037944),
[92mINFO [0m:      	                    (57, 90.80267430515121),
2026-07-08 23:52:20,114 | INFO | 	                    (57, 90.80267430515121),
[92mINFO [0m:      	                    (58, 90.11846151264461),
2026-07-08 23:52:20,114 | INFO | 	                    (58, 90.11846151264461),
[92mINFO [0m:      	                    (59, 90.29674324235717),
2026-07-08 23:52:20,114 | INFO | 	                    (59, 90.29674324235717),
[92mINFO [0m:      	                    (60, 88.58991046377169)],
2026-07-08 23:52:20,114 | INFO | 	                    (60, 88.58991046377169)],
[92mINFO [0m:      	 'vi_kl_loss_p90': [(1, 292.705252618933),
2026-07-08 23:52:20,114 | INFO | 	 'vi_kl_loss_p90': [(1, 292.705252618933),
[92mINFO [0m:      	                    (2, 224.61339546595804),
2026-07-08 23:52:20,114 | INFO | 	                    (2, 224.61339546595804),
[92mINFO [0m:      	                    (3, 291.02558796225304),
2026-07-08 23:52:20,114 | INFO | 	                    (3, 291.02558796225304),
[92mINFO [0m:      	                    (4, 221.85028775497585),
2026-07-08 23:52:20,114 | INFO | 	                    (4, 221.85028775497585),
[92mINFO [0m:      	                    (5, 214.84742729133657),
2026-07-08 23:52:20,114 | INFO | 	                    (5, 214.84742729133657),
[92mINFO [0m:      	                    (6, 273.2465198922067),
2026-07-08 23:52:20,114 | INFO | 	                    (6, 273.2465198922067),
[92mINFO [0m:      	                    (7, 325.5205413266216),
2026-07-08 23:52:20,114 | INFO | 	                    (7, 325.5205413266216),
[92mINFO [0m:      	                    (8, 262.01667897913364),
2026-07-08 23:52:20,114 | INFO | 	                    (8, 262.01667897913364),
[92mINFO [0m:      	                    (9, 210.67756271655355),
2026-07-08 23:52:20,114 | INFO | 	                    (9, 210.67756271655355),
[92mINFO [0m:      	                    (10, 261.1708299068075),
2026-07-08 23:52:20,114 | INFO | 	                    (10, 261.1708299068075),
[92mINFO [0m:      	                    (11, 324.993506248225),
2026-07-08 23:52:20,114 | INFO | 	                    (11, 324.993506248225),
[92mINFO [0m:      	                    (12, 255.69306259804458),
2026-07-08 23:52:20,114 | INFO | 	                    (12, 255.69306259804458),
[92mINFO [0m:      	                    (13, 199.3585593323068),
2026-07-08 23:52:20,114 | INFO | 	                    (13, 199.3585593323068),
[92mINFO [0m:      	                    (14, 127.93634731020693),
2026-07-08 23:52:20,114 | INFO | 	                    (14, 127.93634731020693),
[92mINFO [0m:      	                    (15, 201.7500266184116),
2026-07-08 23:52:20,114 | INFO | 	                    (15, 201.7500266184116),
[92mINFO [0m:      	                    (16, 125.81852966972583),
2026-07-08 23:52:20,114 | INFO | 	                    (16, 125.81852966972583),
[92mINFO [0m:      	                    (17, 248.71594101845747),
2026-07-08 23:52:20,114 | INFO | 	                    (17, 248.71594101845747),
[92mINFO [0m:      	                    (18, 244.86030152101242),
2026-07-08 23:52:20,114 | INFO | 	                    (18, 244.86030152101242),
[92mINFO [0m:      	                    (19, 246.66783588064544),
2026-07-08 23:52:20,114 | INFO | 	                    (19, 246.66783588064544),
[92mINFO [0m:      	                    (20, 303.25599761018134),
2026-07-08 23:52:20,114 | INFO | 	                    (20, 303.25599761018134),
[92mINFO [0m:      	                    (21, 240.32200860442043),
2026-07-08 23:52:20,114 | INFO | 	                    (21, 240.32200860442043),
[92mINFO [0m:      	                    (22, 120.50827478566693),
2026-07-08 23:52:20,114 | INFO | 	                    (22, 120.50827478566693),
[92mINFO [0m:      	                    (23, 190.63916957887565),
2026-07-08 23:52:20,114 | INFO | 	                    (23, 190.63916957887565),
[92mINFO [0m:      	                    (24, 366.6081857107299),
2026-07-08 23:52:20,114 | INFO | 	                    (24, 366.6081857107299),
[92mINFO [0m:      	                    (25, 235.53653945281582),
2026-07-08 23:52:20,114 | INFO | 	                    (25, 235.53653945281582),
[92mINFO [0m:      	                    (26, 183.2916911226078),
2026-07-08 23:52:20,114 | INFO | 	                    (26, 183.2916911226078),
[92mINFO [0m:      	                    (27, 232.52382955484484),
2026-07-08 23:52:20,114 | INFO | 	                    (27, 232.52382955484484),
[92mINFO [0m:      	                    (28, 235.45211889909802),
2026-07-08 23:52:20,114 | INFO | 	                    (28, 235.45211889909802),
[92mINFO [0m:      	                    (29, 224.894959117794),
2026-07-08 23:52:20,114 | INFO | 	                    (29, 224.894959117794),
[92mINFO [0m:      	                    (30, 180.76654251944825),
2026-07-08 23:52:20,114 | INFO | 	                    (30, 180.76654251944825),
[92mINFO [0m:      	                    (31, 228.01008986445294),
2026-07-08 23:52:20,114 | INFO | 	                    (31, 228.01008986445294),
[92mINFO [0m:      	                    (32, 363.5302400391289),
2026-07-08 23:52:20,114 | INFO | 	                    (32, 363.5302400391289),
[92mINFO [0m:      	                    (33, 319.73854132159164),
2026-07-08 23:52:20,114 | INFO | 	                    (33, 319.73854132159164),
[92mINFO [0m:      	                    (34, 397.2218389951251),
2026-07-08 23:52:20,114 | INFO | 	                    (34, 397.2218389951251),
[92mINFO [0m:      	                    (35, 214.47883078796048),
2026-07-08 23:52:20,114 | INFO | 	                    (35, 214.47883078796048),
[92mINFO [0m:      	                    (36, 170.09914170327204),
2026-07-08 23:52:20,114 | INFO | 	                    (36, 170.09914170327204),
[92mINFO [0m:      	                    (37, 342.1462260101398),
2026-07-08 23:52:20,114 | INFO | 	                    (37, 342.1462260101398),
[92mINFO [0m:      	                    (38, 334.4906327019098),
2026-07-08 23:52:20,115 | INFO | 	                    (38, 334.4906327019098),
[92mINFO [0m:      	                    (39, 297.03517598144475),
2026-07-08 23:52:20,115 | INFO | 	                    (39, 297.03517598144475),
[92mINFO [0m:      	                    (40, 209.52330836919242),
2026-07-08 23:52:20,115 | INFO | 	                    (40, 209.52330836919242),
[92mINFO [0m:      	                    (41, 206.0514163900193),
2026-07-08 23:52:20,115 | INFO | 	                    (41, 206.0514163900193),
[92mINFO [0m:      	                    (42, 214.39005277919193),
2026-07-08 23:52:20,115 | INFO | 	                    (42, 214.39005277919193),
[92mINFO [0m:      	                    (43, 351.6452522143659),
2026-07-08 23:52:20,115 | INFO | 	                    (43, 351.6452522143659),
[92mINFO [0m:      	                    (44, 202.70348422789763),
2026-07-08 23:52:20,115 | INFO | 	                    (44, 202.70348422789763),
[92mINFO [0m:      	                    (45, 100.03759269460004),
2026-07-08 23:52:20,115 | INFO | 	                    (45, 100.03759269460004),
[92mINFO [0m:      	                    (46, 215.55279273735732),
2026-07-08 23:52:20,115 | INFO | 	                    (46, 215.55279273735732),
[92mINFO [0m:      	                    (47, 242.32343006460144),
2026-07-08 23:52:20,115 | INFO | 	                    (47, 242.32343006460144),
[92mINFO [0m:      	                    (48, 279.600582523842),
2026-07-08 23:52:20,115 | INFO | 	                    (48, 279.600582523842),
[92mINFO [0m:      	                    (49, 246.50223234851973),
2026-07-08 23:52:20,115 | INFO | 	                    (49, 246.50223234851973),
[92mINFO [0m:      	                    (50, 190.75759310230455),
2026-07-08 23:52:20,115 | INFO | 	                    (50, 190.75759310230455),
[92mINFO [0m:      	                    (51, 189.35637943152372),
2026-07-08 23:52:20,115 | INFO | 	                    (51, 189.35637943152372),
[92mINFO [0m:      	                    (52, 191.37579450009747),
2026-07-08 23:52:20,115 | INFO | 	                    (52, 191.37579450009747),
[92mINFO [0m:      	                    (53, 188.50506690330621),
2026-07-08 23:52:20,115 | INFO | 	                    (53, 188.50506690330621),
[92mINFO [0m:      	                    (54, 232.00303221057794),
2026-07-08 23:52:20,115 | INFO | 	                    (54, 232.00303221057794),
[92mINFO [0m:      	                    (55, 267.01431821755426),
2026-07-08 23:52:20,115 | INFO | 	                    (55, 267.01431821755426),
[92mINFO [0m:      	                    (56, 183.62393708875814),
2026-07-08 23:52:20,115 | INFO | 	                    (56, 183.62393708875814),
[92mINFO [0m:      	                    (57, 185.68984890934692),
2026-07-08 23:52:20,115 | INFO | 	                    (57, 185.68984890934692),
[92mINFO [0m:      	                    (58, 225.1097347205719),
2026-07-08 23:52:20,115 | INFO | 	                    (58, 225.1097347205719),
[92mINFO [0m:      	                    (59, 290.5890736820867),
2026-07-08 23:52:20,115 | INFO | 	                    (59, 290.5890736820867),
[92mINFO [0m:      	                    (60, 177.92107762841871)],
2026-07-08 23:52:20,115 | INFO | 	                    (60, 177.92107762841871)],
[92mINFO [0m:      	 'vi_kl_loss_std': [(1, 81.95348682532877),
2026-07-08 23:52:20,115 | INFO | 	 'vi_kl_loss_std': [(1, 81.95348682532877),
[92mINFO [0m:      	                    (2, 88.9231707293797),
2026-07-08 23:52:20,115 | INFO | 	                    (2, 88.9231707293797),
[92mINFO [0m:      	                    (3, 62.267226682834654),
2026-07-08 23:52:20,115 | INFO | 	                    (3, 62.267226682834654),
[92mINFO [0m:      	                    (4, 99.78616452935964),
2026-07-08 23:52:20,115 | INFO | 	                    (4, 99.78616452935964),
[92mINFO [0m:      	                    (5, 46.89309182653721),
2026-07-08 23:52:20,115 | INFO | 	                    (5, 46.89309182653721),
[92mINFO [0m:      	                    (6, 79.59766135628597),
2026-07-08 23:52:20,115 | INFO | 	                    (6, 79.59766135628597),
[92mINFO [0m:      	                    (7, 89.3691291575072),
2026-07-08 23:52:20,115 | INFO | 	                    (7, 89.3691291575072),
[92mINFO [0m:      	                    (8, 90.83954358807463),
2026-07-08 23:52:20,115 | INFO | 	                    (8, 90.83954358807463),
[92mINFO [0m:      	                    (9, 46.07511202313855),
2026-07-08 23:52:20,115 | INFO | 	                    (9, 46.07511202313855),
[92mINFO [0m:      	                    (10, 61.39353808123221),
2026-07-08 23:52:20,115 | INFO | 	                    (10, 61.39353808123221),
[92mINFO [0m:      	                    (11, 116.18622977865739),
2026-07-08 23:52:20,115 | INFO | 	                    (11, 116.18622977865739),
[92mINFO [0m:      	                    (12, 51.89121868511583),
2026-07-08 23:52:20,115 | INFO | 	                    (12, 51.89121868511583),
[92mINFO [0m:      	                    (13, 40.85725898268132),
2026-07-08 23:52:20,115 | INFO | 	                    (13, 40.85725898268132),
[92mINFO [0m:      	                    (14, 30.771560171179665),
2026-07-08 23:52:20,115 | INFO | 	                    (14, 30.771560171179665),
[92mINFO [0m:      	                    (15, 43.67232898767476),
2026-07-08 23:52:20,115 | INFO | 	                    (15, 43.67232898767476),
[92mINFO [0m:      	                    (16, 92.66884030124736),
2026-07-08 23:52:20,115 | INFO | 	                    (16, 92.66884030124736),
[92mINFO [0m:      	                    (17, 51.12048435952926),
2026-07-08 23:52:20,115 | INFO | 	                    (17, 51.12048435952926),
[92mINFO [0m:      	                    (18, 49.38054939606627),
2026-07-08 23:52:20,115 | INFO | 	                    (18, 49.38054939606627),
[92mINFO [0m:      	                    (19, 81.4717720897386),
2026-07-08 23:52:20,115 | INFO | 	                    (19, 81.4717720897386),
[92mINFO [0m:      	                    (20, 79.36419974195051),
2026-07-08 23:52:20,116 | INFO | 	                    (20, 79.36419974195051),
[92mINFO [0m:      	                    (21, 100.48082352993258),
2026-07-08 23:52:20,116 | INFO | 	                    (21, 100.48082352993258),
[92mINFO [0m:      	                    (22, 29.40059388470307),
2026-07-08 23:52:20,116 | INFO | 	                    (22, 29.40059388470307),
[92mINFO [0m:      	                    (23, 40.71159553454768),
2026-07-08 23:52:20,116 | INFO | 	                    (23, 40.71159553454768),
[92mINFO [0m:      	                    (24, 117.20128779323917),
2026-07-08 23:52:20,116 | INFO | 	                    (24, 117.20128779323917),
[92mINFO [0m:      	                    (25, 64.20334813468872),
2026-07-08 23:52:20,116 | INFO | 	                    (25, 64.20334813468872),
[92mINFO [0m:      	                    (26, 38.776719607770104),
2026-07-08 23:52:20,116 | INFO | 	                    (26, 38.776719607770104),
[92mINFO [0m:      	                    (27, 75.55126386082112),
2026-07-08 23:52:20,116 | INFO | 	                    (27, 75.55126386082112),
[92mINFO [0m:      	                    (28, 72.76045588015401),
2026-07-08 23:52:20,116 | INFO | 	                    (28, 72.76045588015401),
[92mINFO [0m:      	                    (29, 91.3839109274167),
2026-07-08 23:52:20,116 | INFO | 	                    (29, 91.3839109274167),
[92mINFO [0m:      	                    (30, 71.77669399564047),
2026-07-08 23:52:20,116 | INFO | 	                    (30, 71.77669399564047),
[92mINFO [0m:      	                    (31, 76.54930811672355),
2026-07-08 23:52:20,116 | INFO | 	                    (31, 76.54930811672355),
[92mINFO [0m:      	                    (32, 103.51092032510294),
2026-07-08 23:52:20,116 | INFO | 	                    (32, 103.51092032510294),
[92mINFO [0m:      	                    (33, 102.26473197356394),
2026-07-08 23:52:20,116 | INFO | 	                    (33, 102.26473197356394),
[92mINFO [0m:      	                    (34, 129.20484368811438),
2026-07-08 23:52:20,116 | INFO | 	                    (34, 129.20484368811438),
[92mINFO [0m:      	                    (35, 71.22769258755358),
2026-07-08 23:52:20,116 | INFO | 	                    (35, 71.22769258755358),
[92mINFO [0m:      	                    (36, 35.966653226962876),
2026-07-08 23:52:20,116 | INFO | 	                    (36, 35.966653226962876),
[92mINFO [0m:      	                    (37, 105.53090827694169),
2026-07-08 23:52:20,116 | INFO | 	                    (37, 105.53090827694169),
[92mINFO [0m:      	                    (38, 95.44544736646644),
2026-07-08 23:52:20,116 | INFO | 	                    (38, 95.44544736646644),
[92mINFO [0m:      	                    (39, 99.799128497065),
2026-07-08 23:52:20,116 | INFO | 	                    (39, 99.799128497065),
[92mINFO [0m:      	                    (40, 73.70909536336488),
2026-07-08 23:52:20,116 | INFO | 	                    (40, 73.70909536336488),
[92mINFO [0m:      	                    (41, 57.455477503303136),
2026-07-08 23:52:20,116 | INFO | 	                    (41, 57.455477503303136),
[92mINFO [0m:      	                    (42, 76.77090722586402),
2026-07-08 23:52:20,116 | INFO | 	                    (42, 76.77090722586402),
[92mINFO [0m:      	                    (43, 108.83812638308763),
2026-07-08 23:52:20,116 | INFO | 	                    (43, 108.83812638308763),
[92mINFO [0m:      	                    (44, 67.83152474498223),
2026-07-08 23:52:20,116 | INFO | 	                    (44, 67.83152474498223),
[92mINFO [0m:      	                    (45, 72.5779652844465),
2026-07-08 23:52:20,116 | INFO | 	                    (45, 72.5779652844465),
[92mINFO [0m:      	                    (46, 86.77185066165914),
2026-07-08 23:52:20,116 | INFO | 	                    (46, 86.77185066165914),
[92mINFO [0m:      	                    (47, 75.34190891627227),
2026-07-08 23:52:20,116 | INFO | 	                    (47, 75.34190891627227),
[92mINFO [0m:      	                    (48, 89.03676592337695),
2026-07-08 23:52:20,116 | INFO | 	                    (48, 89.03676592337695),
[92mINFO [0m:      	                    (49, 77.11315005979114),
2026-07-08 23:52:20,116 | INFO | 	                    (49, 77.11315005979114),
[92mINFO [0m:      	                    (50, 52.59479388253452),
2026-07-08 23:52:20,116 | INFO | 	                    (50, 52.59479388253452),
[92mINFO [0m:      	                    (51, 51.21426977744271),
2026-07-08 23:52:20,116 | INFO | 	                    (51, 51.21426977744271),
[92mINFO [0m:      	                    (52, 83.936513532994),
2026-07-08 23:52:20,116 | INFO | 	                    (52, 83.936513532994),
[92mINFO [0m:      	                    (53, 44.78601665858847),
2026-07-08 23:52:20,116 | INFO | 	                    (53, 44.78601665858847),
[92mINFO [0m:      	                    (54, 79.38948670098313),
2026-07-08 23:52:20,116 | INFO | 	                    (54, 79.38948670098313),
[92mINFO [0m:      	                    (55, 85.59954964302055),
2026-07-08 23:52:20,116 | INFO | 	                    (55, 85.59954964302055),
[92mINFO [0m:      	                    (56, 50.36577496464531),
2026-07-08 23:52:20,116 | INFO | 	                    (56, 50.36577496464531),
[92mINFO [0m:      	                    (57, 71.17505230178122),
2026-07-08 23:52:20,116 | INFO | 	                    (57, 71.17505230178122),
[92mINFO [0m:      	                    (58, 59.87006966096288),
2026-07-08 23:52:20,116 | INFO | 	                    (58, 59.87006966096288),
[92mINFO [0m:      	                    (59, 91.24116658910187),
2026-07-08 23:52:20,116 | INFO | 	                    (59, 91.24116658910187),
[92mINFO [0m:      	                    (60, 39.72644037936161)]}
2026-07-08 23:52:20,116 | INFO | 	                    (60, 39.72644037936161)]}
[92mINFO [0m:      	History (metrics, centralized):
2026-07-08 23:52:20,116 | INFO | 	History (metrics, centralized):
[92mINFO [0m:      	{'accuracy': [(0, 0.1078),
2026-07-08 23:52:20,116 | INFO | 	{'accuracy': [(0, 0.1078),
[92mINFO [0m:      	              (1, 0.1873),
2026-07-08 23:52:20,117 | INFO | 	              (1, 0.1873),
[92mINFO [0m:      	              (2, 0.13),
2026-07-08 23:52:20,117 | INFO | 	              (2, 0.13),
[92mINFO [0m:      	              (3, 0.1995),
2026-07-08 23:52:20,117 | INFO | 	              (3, 0.1995),
[92mINFO [0m:      	              (4, 0.2343),
2026-07-08 23:52:20,117 | INFO | 	              (4, 0.2343),
[92mINFO [0m:      	              (5, 0.2628),
2026-07-08 23:52:20,117 | INFO | 	              (5, 0.2628),
[92mINFO [0m:      	              (6, 0.3149),
2026-07-08 23:52:20,117 | INFO | 	              (6, 0.3149),
[92mINFO [0m:      	              (7, 0.2388),
2026-07-08 23:52:20,117 | INFO | 	              (7, 0.2388),
[92mINFO [0m:      	              (8, 0.4339),
2026-07-08 23:52:20,117 | INFO | 	              (8, 0.4339),
[92mINFO [0m:      	              (9, 0.4884),
2026-07-08 23:52:20,117 | INFO | 	              (9, 0.4884),
[92mINFO [0m:      	              (10, 0.5288),
2026-07-08 23:52:20,117 | INFO | 	              (10, 0.5288),
[92mINFO [0m:      	              (11, 0.5497),
2026-07-08 23:52:20,117 | INFO | 	              (11, 0.5497),
[92mINFO [0m:      	              (12, 0.5546),
2026-07-08 23:52:20,117 | INFO | 	              (12, 0.5546),
[92mINFO [0m:      	              (13, 0.5633),
2026-07-08 23:52:20,117 | INFO | 	              (13, 0.5633),
[92mINFO [0m:      	              (14, 0.555),
2026-07-08 23:52:20,117 | INFO | 	              (14, 0.555),
[92mINFO [0m:      	              (15, 0.5822),
2026-07-08 23:52:20,117 | INFO | 	              (15, 0.5822),
[92mINFO [0m:      	              (16, 0.3084),
2026-07-08 23:52:20,117 | INFO | 	              (16, 0.3084),
[92mINFO [0m:      	              (17, 0.4158),
2026-07-08 23:52:20,117 | INFO | 	              (17, 0.4158),
[92mINFO [0m:      	              (18, 0.5121),
2026-07-08 23:52:20,117 | INFO | 	              (18, 0.5121),
[92mINFO [0m:      	              (19, 0.4846),
2026-07-08 23:52:20,117 | INFO | 	              (19, 0.4846),
[92mINFO [0m:      	              (20, 0.4841),
2026-07-08 23:52:20,117 | INFO | 	              (20, 0.4841),
[92mINFO [0m:      	              (21, 0.5664),
2026-07-08 23:52:20,117 | INFO | 	              (21, 0.5664),
[92mINFO [0m:      	              (22, 0.5446),
2026-07-08 23:52:20,117 | INFO | 	              (22, 0.5446),
[92mINFO [0m:      	              (23, 0.5543),
2026-07-08 23:52:20,117 | INFO | 	              (23, 0.5543),
[92mINFO [0m:      	              (24, 0.579),
2026-07-08 23:52:20,117 | INFO | 	              (24, 0.579),
[92mINFO [0m:      	              (25, 0.5954),
2026-07-08 23:52:20,117 | INFO | 	              (25, 0.5954),
[92mINFO [0m:      	              (26, 0.6114),
2026-07-08 23:52:20,117 | INFO | 	              (26, 0.6114),
[92mINFO [0m:      	              (27, 0.6252),
2026-07-08 23:52:20,117 | INFO | 	              (27, 0.6252),
[92mINFO [0m:      	              (28, 0.6701),
2026-07-08 23:52:20,117 | INFO | 	              (28, 0.6701),
[92mINFO [0m:      	              (29, 0.5949),
2026-07-08 23:52:20,117 | INFO | 	              (29, 0.5949),
[92mINFO [0m:      	              (30, 0.6789),
2026-07-08 23:52:20,117 | INFO | 	              (30, 0.6789),
[92mINFO [0m:      	              (31, 0.5913),
2026-07-08 23:52:20,117 | INFO | 	              (31, 0.5913),
[92mINFO [0m:      	              (32, 0.5865),
2026-07-08 23:52:20,117 | INFO | 	              (32, 0.5865),
[92mINFO [0m:      	              (33, 0.6745),
2026-07-08 23:52:20,117 | INFO | 	              (33, 0.6745),
[92mINFO [0m:      	              (34, 0.6886),
2026-07-08 23:52:20,117 | INFO | 	              (34, 0.6886),
[92mINFO [0m:      	              (35, 0.6471),
2026-07-08 23:52:20,117 | INFO | 	              (35, 0.6471),
[92mINFO [0m:      	              (36, 0.669),
2026-07-08 23:52:20,117 | INFO | 	              (36, 0.669),
[92mINFO [0m:      	              (37, 0.6881),
2026-07-08 23:52:20,117 | INFO | 	              (37, 0.6881),
[92mINFO [0m:      	              (38, 0.7036),
2026-07-08 23:52:20,117 | INFO | 	              (38, 0.7036),
[92mINFO [0m:      	              (39, 0.7191),
2026-07-08 23:52:20,117 | INFO | 	              (39, 0.7191),
[92mINFO [0m:      	              (40, 0.7129),
2026-07-08 23:52:20,117 | INFO | 	              (40, 0.7129),
[92mINFO [0m:      	              (41, 0.7179),
2026-07-08 23:52:20,117 | INFO | 	              (41, 0.7179),
[92mINFO [0m:      	              (42, 0.717),
2026-07-08 23:52:20,118 | INFO | 	              (42, 0.717),
[92mINFO [0m:      	              (43, 0.7657),
2026-07-08 23:52:20,118 | INFO | 	              (43, 0.7657),
[92mINFO [0m:      	              (44, 0.6671),
2026-07-08 23:52:20,118 | INFO | 	              (44, 0.6671),
[92mINFO [0m:      	              (45, 0.6766),
2026-07-08 23:52:20,118 | INFO | 	              (45, 0.6766),
[92mINFO [0m:      	              (46, 0.6623),
2026-07-08 23:52:20,118 | INFO | 	              (46, 0.6623),
[92mINFO [0m:      	              (47, 0.6633),
2026-07-08 23:52:20,118 | INFO | 	              (47, 0.6633),
[92mINFO [0m:      	              (48, 0.7547),
2026-07-08 23:52:20,118 | INFO | 	              (48, 0.7547),
[92mINFO [0m:      	              (49, 0.7558),
2026-07-08 23:52:20,118 | INFO | 	              (49, 0.7558),
[92mINFO [0m:      	              (50, 0.7489),
2026-07-08 23:52:20,118 | INFO | 	              (50, 0.7489),
[92mINFO [0m:      	              (51, 0.7676),
2026-07-08 23:52:20,118 | INFO | 	              (51, 0.7676),
[92mINFO [0m:      	              (52, 0.7832),
2026-07-08 23:52:20,118 | INFO | 	              (52, 0.7832),
[92mINFO [0m:      	              (53, 0.7887),
2026-07-08 23:52:20,118 | INFO | 	              (53, 0.7887),
[92mINFO [0m:      	              (54, 0.7217),
2026-07-08 23:52:20,118 | INFO | 	              (54, 0.7217),
[92mINFO [0m:      	              (55, 0.7597),
2026-07-08 23:52:20,118 | INFO | 	              (55, 0.7597),
[92mINFO [0m:      	              (56, 0.7824),
2026-07-08 23:52:20,118 | INFO | 	              (56, 0.7824),
[92mINFO [0m:      	              (57, 0.7972),
2026-07-08 23:52:20,118 | INFO | 	              (57, 0.7972),
[92mINFO [0m:      	              (58, 0.8057),
2026-07-08 23:52:20,118 | INFO | 	              (58, 0.8057),
[92mINFO [0m:      	              (59, 0.8013),
2026-07-08 23:52:20,118 | INFO | 	              (59, 0.8013),
[92mINFO [0m:      	              (60, 0.7974)],
2026-07-08 23:52:20,118 | INFO | 	              (60, 0.7974)],
[92mINFO [0m:      	 'active_physical_devices': [(0, 0),
2026-07-08 23:52:20,118 | INFO | 	 'active_physical_devices': [(0, 0),
[92mINFO [0m:      	                             (1, 15),
2026-07-08 23:52:20,118 | INFO | 	                             (1, 15),
[92mINFO [0m:      	                             (2, 15),
2026-07-08 23:52:20,118 | INFO | 	                             (2, 15),
[92mINFO [0m:      	                             (3, 15),
2026-07-08 23:52:20,118 | INFO | 	                             (3, 15),
[92mINFO [0m:      	                             (4, 15),
2026-07-08 23:52:20,118 | INFO | 	                             (4, 15),
[92mINFO [0m:      	                             (5, 15),
2026-07-08 23:52:20,118 | INFO | 	                             (5, 15),
[92mINFO [0m:      	                             (6, 15),
2026-07-08 23:52:20,118 | INFO | 	                             (6, 15),
[92mINFO [0m:      	                             (7, 15),
2026-07-08 23:52:20,118 | INFO | 	                             (7, 15),
[92mINFO [0m:      	                             (8, 15),
2026-07-08 23:52:20,118 | INFO | 	                             (8, 15),
[92mINFO [0m:      	                             (9, 15),
2026-07-08 23:52:20,118 | INFO | 	                             (9, 15),
[92mINFO [0m:      	                             (10, 15),
2026-07-08 23:52:20,118 | INFO | 	                             (10, 15),
[92mINFO [0m:      	                             (11, 15),
2026-07-08 23:52:20,118 | INFO | 	                             (11, 15),
[92mINFO [0m:      	                             (12, 15),
2026-07-08 23:52:20,118 | INFO | 	                             (12, 15),
[92mINFO [0m:      	                             (13, 15),
2026-07-08 23:52:20,118 | INFO | 	                             (13, 15),
[92mINFO [0m:      	                             (14, 15),
2026-07-08 23:52:20,118 | INFO | 	                             (14, 15),
[92mINFO [0m:      	                             (15, 15),
2026-07-08 23:52:20,118 | INFO | 	                             (15, 15),
[92mINFO [0m:      	                             (16, 15),
2026-07-08 23:52:20,118 | INFO | 	                             (16, 15),
[92mINFO [0m:      	                             (17, 15),
2026-07-08 23:52:20,118 | INFO | 	                             (17, 15),
[92mINFO [0m:      	                             (18, 15),
2026-07-08 23:52:20,118 | INFO | 	                             (18, 15),
[92mINFO [0m:      	                             (19, 15),
2026-07-08 23:52:20,118 | INFO | 	                             (19, 15),
[92mINFO [0m:      	                             (20, 15),
2026-07-08 23:52:20,118 | INFO | 	                             (20, 15),
[92mINFO [0m:      	                             (21, 15),
2026-07-08 23:52:20,118 | INFO | 	                             (21, 15),
[92mINFO [0m:      	                             (22, 15),
2026-07-08 23:52:20,118 | INFO | 	                             (22, 15),
[92mINFO [0m:      	                             (23, 15),
2026-07-08 23:52:20,119 | INFO | 	                             (23, 15),
[92mINFO [0m:      	                             (24, 15),
2026-07-08 23:52:20,119 | INFO | 	                             (24, 15),
[92mINFO [0m:      	                             (25, 15),
2026-07-08 23:52:20,119 | INFO | 	                             (25, 15),
[92mINFO [0m:      	                             (26, 15),
2026-07-08 23:52:20,119 | INFO | 	                             (26, 15),
[92mINFO [0m:      	                             (27, 15),
2026-07-08 23:52:20,119 | INFO | 	                             (27, 15),
[92mINFO [0m:      	                             (28, 15),
2026-07-08 23:52:20,119 | INFO | 	                             (28, 15),
[92mINFO [0m:      	                             (29, 15),
2026-07-08 23:52:20,119 | INFO | 	                             (29, 15),
[92mINFO [0m:      	                             (30, 15),
2026-07-08 23:52:20,119 | INFO | 	                             (30, 15),
[92mINFO [0m:      	                             (31, 15),
2026-07-08 23:52:20,119 | INFO | 	                             (31, 15),
[92mINFO [0m:      	                             (32, 15),
2026-07-08 23:52:20,119 | INFO | 	                             (32, 15),
[92mINFO [0m:      	                             (33, 15),
2026-07-08 23:52:20,119 | INFO | 	                             (33, 15),
[92mINFO [0m:      	                             (34, 15),
2026-07-08 23:52:20,119 | INFO | 	                             (34, 15),
[92mINFO [0m:      	                             (35, 15),
2026-07-08 23:52:20,119 | INFO | 	                             (35, 15),
[92mINFO [0m:      	                             (36, 15),
2026-07-08 23:52:20,119 | INFO | 	                             (36, 15),
[92mINFO [0m:      	                             (37, 15),
2026-07-08 23:52:20,119 | INFO | 	                             (37, 15),
[92mINFO [0m:      	                             (38, 15),
2026-07-08 23:52:20,119 | INFO | 	                             (38, 15),
[92mINFO [0m:      	                             (39, 15),
2026-07-08 23:52:20,119 | INFO | 	                             (39, 15),
[92mINFO [0m:      	                             (40, 15),
2026-07-08 23:52:20,119 | INFO | 	                             (40, 15),
[92mINFO [0m:      	                             (41, 15),
2026-07-08 23:52:20,119 | INFO | 	                             (41, 15),
[92mINFO [0m:      	                             (42, 15),
2026-07-08 23:52:20,119 | INFO | 	                             (42, 15),
[92mINFO [0m:      	                             (43, 15),
2026-07-08 23:52:20,119 | INFO | 	                             (43, 15),
[92mINFO [0m:      	                             (44, 15),
2026-07-08 23:52:20,119 | INFO | 	                             (44, 15),
[92mINFO [0m:      	                             (45, 15),
2026-07-08 23:52:20,119 | INFO | 	                             (45, 15),
[92mINFO [0m:      	                             (46, 15),
2026-07-08 23:52:20,119 | INFO | 	                             (46, 15),
[92mINFO [0m:      	                             (47, 15),
2026-07-08 23:52:20,119 | INFO | 	                             (47, 15),
[92mINFO [0m:      	                             (48, 15),
2026-07-08 23:52:20,119 | INFO | 	                             (48, 15),
[92mINFO [0m:      	                             (49, 15),
2026-07-08 23:52:20,119 | INFO | 	                             (49, 15),
[92mINFO [0m:      	                             (50, 15),
2026-07-08 23:52:20,119 | INFO | 	                             (50, 15),
[92mINFO [0m:      	                             (51, 15),
2026-07-08 23:52:20,119 | INFO | 	                             (51, 15),
[92mINFO [0m:      	                             (52, 15),
2026-07-08 23:52:20,119 | INFO | 	                             (52, 15),
[92mINFO [0m:      	                             (53, 15),
2026-07-08 23:52:20,119 | INFO | 	                             (53, 15),
[92mINFO [0m:      	                             (54, 15),
2026-07-08 23:52:20,119 | INFO | 	                             (54, 15),
[92mINFO [0m:      	                             (55, 15),
2026-07-08 23:52:20,119 | INFO | 	                             (55, 15),
[92mINFO [0m:      	                             (56, 15),
2026-07-08 23:52:20,119 | INFO | 	                             (56, 15),
[92mINFO [0m:      	                             (57, 15),
2026-07-08 23:52:20,119 | INFO | 	                             (57, 15),
[92mINFO [0m:      	                             (58, 15),
2026-07-08 23:52:20,119 | INFO | 	                             (58, 15),
[92mINFO [0m:      	                             (59, 15),
2026-07-08 23:52:20,119 | INFO | 	                             (59, 15),
[92mINFO [0m:      	                             (60, 15)],
2026-07-08 23:52:20,119 | INFO | 	                             (60, 15)],
[92mINFO [0m:      	 'global_ece': [(0, 0.03257808820903302),
2026-07-08 23:52:20,119 | INFO | 	 'global_ece': [(0, 0.03257808820903302),
[92mINFO [0m:      	                (1, 0.10440071888864041),
2026-07-08 23:52:20,119 | INFO | 	                (1, 0.10440071888864041),
[92mINFO [0m:      	                (2, 0.35419862122535706),
2026-07-08 23:52:20,119 | INFO | 	                (2, 0.35419862122535706),
[92mINFO [0m:      	                (3, 0.050798045623302465),
2026-07-08 23:52:20,119 | INFO | 	                (3, 0.050798045623302465),
[92mINFO [0m:      	                (4, 0.06578104174882173),
2026-07-08 23:52:20,120 | INFO | 	                (4, 0.06578104174882173),
[92mINFO [0m:      	                (5, 0.08145286758542061),
2026-07-08 23:52:20,120 | INFO | 	                (5, 0.08145286758542061),
[92mINFO [0m:      	                (6, 0.16581524063646794),
2026-07-08 23:52:20,120 | INFO | 	                (6, 0.16581524063646794),
[92mINFO [0m:      	                (7, 0.09653554913699626),
2026-07-08 23:52:20,120 | INFO | 	                (7, 0.09653554913699626),
[92mINFO [0m:      	                (8, 0.29049354315549136),
2026-07-08 23:52:20,120 | INFO | 	                (8, 0.29049354315549136),
[92mINFO [0m:      	                (9, 0.34699210454225543),
2026-07-08 23:52:20,120 | INFO | 	                (9, 0.34699210454225543),
[92mINFO [0m:      	                (10, 0.38606265934705725),
2026-07-08 23:52:20,120 | INFO | 	                (10, 0.38606265934705725),
[92mINFO [0m:      	                (11, 0.41122722761631014),
2026-07-08 23:52:20,120 | INFO | 	                (11, 0.41122722761631014),
[92mINFO [0m:      	                (12, 0.4170806091904639),
2026-07-08 23:52:20,120 | INFO | 	                (12, 0.4170806091904639),
[92mINFO [0m:      	                (13, 0.4240293370991946),
2026-07-08 23:52:20,120 | INFO | 	                (13, 0.4240293370991946),
[92mINFO [0m:      	                (14, 0.4085368153095245),
2026-07-08 23:52:20,120 | INFO | 	                (14, 0.4085368153095245),
[92mINFO [0m:      	                (15, 0.4289871096163989),
2026-07-08 23:52:20,120 | INFO | 	                (15, 0.4289871096163989),
[92mINFO [0m:      	                (16, 0.09529872117638588),
2026-07-08 23:52:20,120 | INFO | 	                (16, 0.09529872117638588),
[92mINFO [0m:      	                (17, 0.23782938882112506),
2026-07-08 23:52:20,120 | INFO | 	                (17, 0.23782938882112506),
[92mINFO [0m:      	                (18, 0.33595209268033505),
2026-07-08 23:52:20,120 | INFO | 	                (18, 0.33595209268033505),
[92mINFO [0m:      	                (19, 0.3069979118525982),
2026-07-08 23:52:20,120 | INFO | 	                (19, 0.3069979118525982),
[92mINFO [0m:      	                (20, 0.3081286784023047),
2026-07-08 23:52:20,120 | INFO | 	                (20, 0.3081286784023047),
[92mINFO [0m:      	                (21, 0.38724635161757465),
2026-07-08 23:52:20,120 | INFO | 	                (21, 0.38724635161757465),
[92mINFO [0m:      	                (22, 0.3564615902990103),
2026-07-08 23:52:20,120 | INFO | 	                (22, 0.3564615902990103),
[92mINFO [0m:      	                (23, 0.36451692285537735),
2026-07-08 23:52:20,120 | INFO | 	                (23, 0.36451692285537735),
[92mINFO [0m:      	                (24, 0.33088503287136556),
2026-07-08 23:52:20,120 | INFO | 	                (24, 0.33088503287136556),
[92mINFO [0m:      	                (25, 0.3361969091832637),
2026-07-08 23:52:20,120 | INFO | 	                (25, 0.3361969091832637),
[92mINFO [0m:      	                (26, 0.352572630211711),
2026-07-08 23:52:20,120 | INFO | 	                (26, 0.352572630211711),
[92mINFO [0m:      	                (27, 0.3471426500990988),
2026-07-08 23:52:20,120 | INFO | 	                (27, 0.3471426500990988),
[92mINFO [0m:      	                (28, 0.41180594578087326),
2026-07-08 23:52:20,120 | INFO | 	                (28, 0.41180594578087326),
[92mINFO [0m:      	                (29, 0.29445489861816165),
2026-07-08 23:52:20,120 | INFO | 	                (29, 0.29445489861816165),
[92mINFO [0m:      	                (30, 0.38878879700005053),
2026-07-08 23:52:20,120 | INFO | 	                (30, 0.38878879700005053),
[92mINFO [0m:      	                (31, 0.2646315602511168),
2026-07-08 23:52:20,120 | INFO | 	                (31, 0.2646315602511168),
[92mINFO [0m:      	                (32, 0.2610692497432232),
2026-07-08 23:52:20,120 | INFO | 	                (32, 0.2610692497432232),
[92mINFO [0m:      	                (33, 0.3344161631494761),
2026-07-08 23:52:20,120 | INFO | 	                (33, 0.3344161631494761),
[92mINFO [0m:      	                (34, 0.3267519715696573),
2026-07-08 23:52:20,120 | INFO | 	                (34, 0.3267519715696573),
[92mINFO [0m:      	                (35, 0.27450572577416893),
2026-07-08 23:52:20,120 | INFO | 	                (35, 0.27450572577416893),
[92mINFO [0m:      	                (36, 0.299270515049994),
2026-07-08 23:52:20,120 | INFO | 	                (36, 0.299270515049994),
[92mINFO [0m:      	                (37, 0.3103247809618711),
2026-07-08 23:52:20,120 | INFO | 	                (37, 0.3103247809618711),
[92mINFO [0m:      	                (38, 0.315298405123502),
2026-07-08 23:52:20,120 | INFO | 	                (38, 0.315298405123502),
[92mINFO [0m:      	                (39, 0.32437921196669345),
2026-07-08 23:52:20,120 | INFO | 	                (39, 0.32437921196669345),
[92mINFO [0m:      	                (40, 0.277025531578064),
2026-07-08 23:52:20,120 | INFO | 	                (40, 0.277025531578064),
[92mINFO [0m:      	                (41, 0.2775937297657132),
2026-07-08 23:52:20,120 | INFO | 	                (41, 0.2775937297657132),
[92mINFO [0m:      	                (42, 0.23520193386673924),
2026-07-08 23:52:20,120 | INFO | 	                (42, 0.23520193386673924),
[92mINFO [0m:      	                (43, 0.3354754393979907),
2026-07-08 23:52:20,120 | INFO | 	                (43, 0.3354754393979907),
[92mINFO [0m:      	                (44, 0.21829845964759587),
2026-07-08 23:52:20,120 | INFO | 	                (44, 0.21829845964759587),
[92mINFO [0m:      	                (45, 0.19533686831593514),
2026-07-08 23:52:20,120 | INFO | 	                (45, 0.19533686831593514),
[92mINFO [0m:      	                (46, 0.19336927118450406),
2026-07-08 23:52:20,120 | INFO | 	                (46, 0.19336927118450406),
[92mINFO [0m:      	                (47, 0.17609961811304098),
2026-07-08 23:52:20,121 | INFO | 	                (47, 0.17609961811304098),
[92mINFO [0m:      	                (48, 0.29177962293922904),
2026-07-08 23:52:20,121 | INFO | 	                (48, 0.29177962293922904),
[92mINFO [0m:      	                (49, 0.2814575520843267),
2026-07-08 23:52:20,121 | INFO | 	                (49, 0.2814575520843267),
[92mINFO [0m:      	                (50, 0.25219440136998894),
2026-07-08 23:52:20,121 | INFO | 	                (50, 0.25219440136998894),
[92mINFO [0m:      	                (51, 0.2744746313497424),
2026-07-08 23:52:20,121 | INFO | 	                (51, 0.2744746313497424),
[92mINFO [0m:      	                (52, 0.2822892649576068),
2026-07-08 23:52:20,121 | INFO | 	                (52, 0.2822892649576068),
[92mINFO [0m:      	                (53, 0.269915543024242),
2026-07-08 23:52:20,121 | INFO | 	                (53, 0.269915543024242),
[92mINFO [0m:      	                (54, 0.1856825574554503),
2026-07-08 23:52:20,121 | INFO | 	                (54, 0.1856825574554503),
[92mINFO [0m:      	                (55, 0.22219882105588915),
2026-07-08 23:52:20,121 | INFO | 	                (55, 0.22219882105588915),
[92mINFO [0m:      	                (56, 0.2602550144895911),
2026-07-08 23:52:20,121 | INFO | 	                (56, 0.2602550144895911),
[92mINFO [0m:      	                (57, 0.3033784649372101),
2026-07-08 23:52:20,121 | INFO | 	                (57, 0.3033784649372101),
[92mINFO [0m:      	                (58, 0.2934720058113336),
2026-07-08 23:52:20,121 | INFO | 	                (58, 0.2934720058113336),
[92mINFO [0m:      	                (59, 0.284086465948075),
2026-07-08 23:52:20,121 | INFO | 	                (59, 0.284086465948075),
[92mINFO [0m:      	                (60, 0.282512945958972)],
2026-07-08 23:52:20,121 | INFO | 	                (60, 0.282512945958972)],
[92mINFO [0m:      	 'selected_count': [(0, 0),
2026-07-08 23:52:20,121 | INFO | 	 'selected_count': [(0, 0),
[92mINFO [0m:      	                    (1, 15),
2026-07-08 23:52:20,121 | INFO | 	                    (1, 15),
[92mINFO [0m:      	                    (2, 15),
2026-07-08 23:52:20,121 | INFO | 	                    (2, 15),
[92mINFO [0m:      	                    (3, 15),
2026-07-08 23:52:20,121 | INFO | 	                    (3, 15),
[92mINFO [0m:      	                    (4, 15),
2026-07-08 23:52:20,121 | INFO | 	                    (4, 15),
[92mINFO [0m:      	                    (5, 15),
2026-07-08 23:52:20,121 | INFO | 	                    (5, 15),
[92mINFO [0m:      	                    (6, 15),
2026-07-08 23:52:20,121 | INFO | 	                    (6, 15),
[92mINFO [0m:      	                    (7, 15),
2026-07-08 23:52:20,121 | INFO | 	                    (7, 15),
[92mINFO [0m:      	                    (8, 15),
2026-07-08 23:52:20,121 | INFO | 	                    (8, 15),
[92mINFO [0m:      	                    (9, 15),
2026-07-08 23:52:20,121 | INFO | 	                    (9, 15),
[92mINFO [0m:      	                    (10, 15),
2026-07-08 23:52:20,121 | INFO | 	                    (10, 15),
[92mINFO [0m:      	                    (11, 15),
2026-07-08 23:52:20,121 | INFO | 	                    (11, 15),
[92mINFO [0m:      	                    (12, 15),
2026-07-08 23:52:20,121 | INFO | 	                    (12, 15),
[92mINFO [0m:      	                    (13, 15),
2026-07-08 23:52:20,121 | INFO | 	                    (13, 15),
[92mINFO [0m:      	                    (14, 15),
2026-07-08 23:52:20,121 | INFO | 	                    (14, 15),
[92mINFO [0m:      	                    (15, 15),
2026-07-08 23:52:20,121 | INFO | 	                    (15, 15),
[92mINFO [0m:      	                    (16, 15),
2026-07-08 23:52:20,121 | INFO | 	                    (16, 15),
[92mINFO [0m:      	                    (17, 15),
2026-07-08 23:52:20,121 | INFO | 	                    (17, 15),
[92mINFO [0m:      	                    (18, 15),
2026-07-08 23:52:20,121 | INFO | 	                    (18, 15),
[92mINFO [0m:      	                    (19, 15),
2026-07-08 23:52:20,121 | INFO | 	                    (19, 15),
[92mINFO [0m:      	                    (20, 15),
2026-07-08 23:52:20,121 | INFO | 	                    (20, 15),
[92mINFO [0m:      	                    (21, 15),
2026-07-08 23:52:20,121 | INFO | 	                    (21, 15),
[92mINFO [0m:      	                    (22, 15),
2026-07-08 23:52:20,121 | INFO | 	                    (22, 15),
[92mINFO [0m:      	                    (23, 15),
2026-07-08 23:52:20,121 | INFO | 	                    (23, 15),
[92mINFO [0m:      	                    (24, 15),
2026-07-08 23:52:20,121 | INFO | 	                    (24, 15),
[92mINFO [0m:      	                    (25, 15),
2026-07-08 23:52:20,121 | INFO | 	                    (25, 15),
[92mINFO [0m:      	                    (26, 15),
2026-07-08 23:52:20,121 | INFO | 	                    (26, 15),
[92mINFO [0m:      	                    (27, 15),
2026-07-08 23:52:20,122 | INFO | 	                    (27, 15),
[92mINFO [0m:      	                    (28, 15),
2026-07-08 23:52:20,122 | INFO | 	                    (28, 15),
[92mINFO [0m:      	                    (29, 15),
2026-07-08 23:52:20,122 | INFO | 	                    (29, 15),
[92mINFO [0m:      	                    (30, 15),
2026-07-08 23:52:20,122 | INFO | 	                    (30, 15),
[92mINFO [0m:      	                    (31, 15),
2026-07-08 23:52:20,122 | INFO | 	                    (31, 15),
[92mINFO [0m:      	                    (32, 15),
2026-07-08 23:52:20,122 | INFO | 	                    (32, 15),
[92mINFO [0m:      	                    (33, 15),
2026-07-08 23:52:20,122 | INFO | 	                    (33, 15),
[92mINFO [0m:      	                    (34, 15),
2026-07-08 23:52:20,122 | INFO | 	                    (34, 15),
[92mINFO [0m:      	                    (35, 15),
2026-07-08 23:52:20,122 | INFO | 	                    (35, 15),
[92mINFO [0m:      	                    (36, 15),
2026-07-08 23:52:20,122 | INFO | 	                    (36, 15),
[92mINFO [0m:      	                    (37, 15),
2026-07-08 23:52:20,122 | INFO | 	                    (37, 15),
[92mINFO [0m:      	                    (38, 15),
2026-07-08 23:52:20,122 | INFO | 	                    (38, 15),
[92mINFO [0m:      	                    (39, 15),
2026-07-08 23:52:20,122 | INFO | 	                    (39, 15),
[92mINFO [0m:      	                    (40, 15),
2026-07-08 23:52:20,122 | INFO | 	                    (40, 15),
[92mINFO [0m:      	                    (41, 15),
2026-07-08 23:52:20,122 | INFO | 	                    (41, 15),
[92mINFO [0m:      	                    (42, 15),
2026-07-08 23:52:20,122 | INFO | 	                    (42, 15),
[92mINFO [0m:      	                    (43, 15),
2026-07-08 23:52:20,122 | INFO | 	                    (43, 15),
[92mINFO [0m:      	                    (44, 15),
2026-07-08 23:52:20,122 | INFO | 	                    (44, 15),
[92mINFO [0m:      	                    (45, 15),
2026-07-08 23:52:20,122 | INFO | 	                    (45, 15),
[92mINFO [0m:      	                    (46, 15),
2026-07-08 23:52:20,122 | INFO | 	                    (46, 15),
[92mINFO [0m:      	                    (47, 15),
2026-07-08 23:52:20,122 | INFO | 	                    (47, 15),
[92mINFO [0m:      	                    (48, 15),
2026-07-08 23:52:20,122 | INFO | 	                    (48, 15),
[92mINFO [0m:      	                    (49, 15),
2026-07-08 23:52:20,122 | INFO | 	                    (49, 15),
[92mINFO [0m:      	                    (50, 15),
2026-07-08 23:52:20,122 | INFO | 	                    (50, 15),
[92mINFO [0m:      	                    (51, 15),
2026-07-08 23:52:20,122 | INFO | 	                    (51, 15),
[92mINFO [0m:      	                    (52, 15),
2026-07-08 23:52:20,122 | INFO | 	                    (52, 15),
[92mINFO [0m:      	                    (53, 15),
2026-07-08 23:52:20,122 | INFO | 	                    (53, 15),
[92mINFO [0m:      	                    (54, 15),
2026-07-08 23:52:20,122 | INFO | 	                    (54, 15),
[92mINFO [0m:      	                    (55, 15),
2026-07-08 23:52:20,122 | INFO | 	                    (55, 15),
[92mINFO [0m:      	                    (56, 15),
2026-07-08 23:52:20,122 | INFO | 	                    (56, 15),
[92mINFO [0m:      	                    (57, 15),
2026-07-08 23:52:20,122 | INFO | 	                    (57, 15),
[92mINFO [0m:      	                    (58, 15),
2026-07-08 23:52:20,122 | INFO | 	                    (58, 15),
[92mINFO [0m:      	                    (59, 15),
2026-07-08 23:52:20,122 | INFO | 	                    (59, 15),
[92mINFO [0m:      	                    (60, 15)]}
2026-07-08 23:52:20,122 | INFO | 	                    (60, 15)]}
[92mINFO [0m:      
2026-07-08 23:52:20,122 | INFO | 
2026-07-08 23:52:20,447 | INFO | Saved metrics: outputs/tune_vi_mnist_noniid_unbalanced_finetune/vi_lr0p002_b256_e5_prior0p10/metrics.csv
2026-07-08 23:52:20,447 | INFO | Saved selection_summary: outputs/tune_vi_mnist_noniid_unbalanced_finetune/vi_lr0p002_b256_e5_prior0p10/selection_summary.csv
2026-07-08 23:52:20,447 | INFO | Saved selected_clients: outputs/tune_vi_mnist_noniid_unbalanced_finetune/vi_lr0p002_b256_e5_prior0p10/selected_clients.csv
2026-07-08 23:52:20,447 | INFO | Saved communication_metrics: outputs/tune_vi_mnist_noniid_unbalanced_finetune/vi_lr0p002_b256_e5_prior0p10/communication_metrics.csv
2026-07-08 23:52:20,447 | INFO | Saved client_train_metrics: outputs/tune_vi_mnist_noniid_unbalanced_finetune/vi_lr0p002_b256_e5_prior0p10/client_train_metrics.csv
2026-07-08 23:52:20,447 | INFO | Saved client_eval_metrics: outputs/tune_vi_mnist_noniid_unbalanced_finetune/vi_lr0p002_b256_e5_prior0p10/client_eval_metrics.csv
2026-07-08 23:52:20,447 | INFO | Saved calibration_bins: outputs/tune_vi_mnist_noniid_unbalanced_finetune/vi_lr0p002_b256_e5_prior0p10/calibration_bins.csv
2026-07-08 23:52:20,447 | INFO | Saved posterior_summary: outputs/tune_vi_mnist_noniid_unbalanced_finetune/vi_lr0p002_b256_e5_prior0p10/posterior_summary.csv
2026-07-08 23:52:20,447 | INFO | Saved snr_histograms: outputs/tune_vi_mnist_noniid_unbalanced_finetune/vi_lr0p002_b256_e5_prior0p10/snr_histograms.csv
2026-07-08 23:52:20,447 | INFO | Saved aggregation_diagnostics: outputs/tune_vi_mnist_noniid_unbalanced_finetune/vi_lr0p002_b256_e5_prior0p10/aggregation_diagnostics.csv
2026-07-08 23:52:20,447 | INFO | Saved run_summary: outputs/tune_vi_mnist_noniid_unbalanced_finetune/vi_lr0p002_b256_e5_prior0p10/run_summary.csv
2026-07-08 23:52:20,447 | INFO | Saved pruning_eval: outputs/tune_vi_mnist_noniid_unbalanced_finetune/vi_lr0p002_b256_e5_prior0p10/pruning_eval.csv
2026-07-08 23:52:20,447 | INFO | Saved final model: outputs/tune_vi_mnist_noniid_unbalanced_finetune/vi_lr0p002_b256_e5_prior0p10/final_model.pt
2026-07-08 23:52:20,448 | INFO | Done
[36m(pid=1395394)[0m [2026-07-08 23:46:05,354 E 1395394 1398201] core_worker_process.cc:825: Failed to establish connection to the metrics exporter agent. Metrics will not be exported. Exporter agent status: RpcError: Running out of retries to initialize the metrics agent. rpc_code: 14[32m [repeated 47x across cluster] (Ray deduplicates logs by default. Set RAY_DEDUP_LOGS=0 to disable log deduplication, or see https://docs.ray.io/en/master/ray-observability/user-guides/configure-logging.html#log-deduplication for more options.)[0m
