2026-07-09 02:49:51,961 | INFO | Starting Bayesian FL source run
2026-07-09 02:49:51,962 | INFO | Flower version: 1.29.0
2026-07-09 02:49:51,962 | INFO | Method=vi dataset=mnist model=mlp
2026-07-09 02:49:51,962 | INFO | Physical devices=300 Flower virtual clients=24 client_fraction=0.0500
2026-07-09 02:49:51,962 | INFO | Output directory: /home/micl/DungNDH/micl/bayesfl_base_source/outputs/tune_vi_mnist_noniid_unbalanced_finetune/vi_lr0p005_b256_e5_prior0p02
/home/micl/DungNDH/micl/bayesfl_base_source/dataset.py:75: UserWarning: Length of split at index 1 is 0. This might result in an empty dataset.
  train_subset, val_subset = random_split(subset, [train_len, val_len], generator=split_gen)
2026-07-09 02:49:52,855 | INFO | Loaded dataset with input_shape=(1, 28, 28) num_classes=10
2026-07-09 02:49:52,855 | INFO | Saved device/data summary to outputs/tune_vi_mnist_noniid_unbalanced_finetune/vi_lr0p005_b256_e5_prior0p02/device_summary.csv
2026-07-09 02:49:52,856 | INFO | Initial payload arrays: [(101770,), (101770,)]
2026-07-09 02:49:52,861 | INFO | Flower client_resources={'num_cpus': 1.0, 'num_gpus': 0.5}
[93mWARNING [0m:   DEPRECATED FEATURE: flwr.simulation.start_simulation() is deprecated.
	Instead, use the `flwr run` CLI command to start a local simulation in your Flower app, as shown for example below:

		$ flwr new  # Create a new Flower app from a template

		$ flwr run  # Run the Flower app in Simulation Mode

	Using `start_simulation()` is deprecated.

            This is a deprecated feature. It will be removed
            entirely in future versions of Flower.
        
2026-07-09 02:49:52,957 | WARNING | DEPRECATED FEATURE: flwr.simulation.start_simulation() is deprecated.
	Instead, use the `flwr run` CLI command to start a local simulation in your Flower app, as shown for example below:

		$ flwr new  # Create a new Flower app from a template

		$ flwr run  # Run the Flower app in Simulation Mode

	Using `start_simulation()` is deprecated.

            This is a deprecated feature. It will be removed
            entirely in future versions of Flower.
        
[92mINFO [0m:      Starting Flower simulation, config: num_rounds=60, no round_timeout
2026-07-09 02:49:52,958 | INFO | Starting Flower simulation, config: num_rounds=60, no round_timeout
2026-07-09 02:49:54,507	INFO worker.py:2012 -- Started a local Ray instance.
/home/micl/anaconda3/envs/dungndh/lib/python3.10/site-packages/ray/_private/worker.py:2051: FutureWarning: Tip: In future versions of Ray, Ray will no longer override accelerator visible devices env var if num_gpus=0 or num_gpus=None (default). To enable this behavior and turn off this error message, set RAY_ACCEL_ENV_VAR_OVERRIDE_ON_ZERO=0
  warnings.warn(
[92mINFO [0m:      Flower VCE: Ray initialized with resources: {'node:203.249.64.186': 1.0, 'CPU': 48.0, 'node:__internal_head__': 1.0, 'accelerator_type:G': 1.0, 'GPU': 1.0, 'memory': 162780314010.0, 'object_store_memory': 69762991718.0}
2026-07-09 02:49:55,281 | INFO | Flower VCE: Ray initialized with resources: {'node:203.249.64.186': 1.0, 'CPU': 48.0, 'node:__internal_head__': 1.0, 'accelerator_type:G': 1.0, 'GPU': 1.0, 'memory': 162780314010.0, 'object_store_memory': 69762991718.0}
[92mINFO [0m:      Optimize your simulation with Flower VCE: https://flower.ai/docs/framework/how-to-run-simulations.html
2026-07-09 02:49:55,282 | INFO | Optimize your simulation with Flower VCE: https://flower.ai/docs/framework/how-to-run-simulations.html
[92mINFO [0m:      Flower VCE: Resources for each Virtual Client: {'num_cpus': 1.0, 'num_gpus': 0.5}
2026-07-09 02:49:55,282 | INFO | Flower VCE: Resources for each Virtual Client: {'num_cpus': 1.0, 'num_gpus': 0.5}
[92mINFO [0m:      Flower VCE: Creating VirtualClientEngineActorPool with 2 actors
2026-07-09 02:49:55,364 | INFO | Flower VCE: Creating VirtualClientEngineActorPool with 2 actors
[92mINFO [0m:      [INIT]
2026-07-09 02:49:55,365 | INFO | [INIT]
[92mINFO [0m:      Using initial global parameters provided by strategy
2026-07-09 02:49:55,365 | INFO | Using initial global parameters provided by strategy
[92mINFO [0m:      Starting evaluation of initial global parameters
2026-07-09 02:49:55,365 | INFO | Starting evaluation of initial global parameters
[round=0000 method=vi] mean_acc=0.1078 mean_loss=2.2840 mc_acc=0.1080 mc_loss=2.2840 ece=0.0326 active_physical=0 virtual=0
[92mINFO [0m:      initial parameters (loss, other metrics): 2.283973722076416, {'accuracy': 0.1078, 'global_ece': 0.03257808820903302, 'selected_count': 0, 'active_physical_devices': 0}
2026-07-09 02:49:58,124 | INFO | initial parameters (loss, other metrics): 2.283973722076416, {'accuracy': 0.1078, 'global_ece': 0.03257808820903302, 'selected_count': 0, 'active_physical_devices': 0}
[92mINFO [0m:      
2026-07-09 02:49:58,124 | INFO | 
[92mINFO [0m:      [ROUND 1]
2026-07-09 02:49:58,124 | INFO | [ROUND 1]
[92mINFO [0m:      configure_fit: strategy sampled 24 clients (out of 24)
2026-07-09 02:49:58,125 | INFO | configure_fit: strategy sampled 24 clients (out of 24)
[92mINFO [0m:      aggregate_fit: received 24 results and 0 failures
2026-07-09 02:50:04,497 | INFO | aggregate_fit: received 24 results and 0 failures
[round=0001 method=vi] mean_acc=0.1888 mean_loss=2.2366 mc_acc=0.1888 mc_loss=2.2366 ece=0.0194 active_physical=15 virtual=12
[92mINFO [0m:      fit progress: (1, 2.236594789123535, {'accuracy': 0.1888, 'global_ece': 0.019414338696002956, 'selected_count': 15, 'active_physical_devices': 15}, 8.355818275362253)
2026-07-09 02:50:06,480 | INFO | fit progress: (1, 2.236594789123535, {'accuracy': 0.1888, 'global_ece': 0.019414338696002956, 'selected_count': 15, 'active_physical_devices': 15}, 8.355818275362253)
[92mINFO [0m:      configure_evaluate: no clients selected, skipping evaluation
2026-07-09 02:50:06,480 | INFO | configure_evaluate: no clients selected, skipping evaluation
[92mINFO [0m:      
2026-07-09 02:50:06,480 | INFO | 
[92mINFO [0m:      [ROUND 2]
2026-07-09 02:50:06,480 | INFO | [ROUND 2]
[92mINFO [0m:      configure_fit: strategy sampled 24 clients (out of 24)
2026-07-09 02:50:06,481 | INFO | configure_fit: strategy sampled 24 clients (out of 24)
[92mINFO [0m:      aggregate_fit: received 24 results and 0 failures
2026-07-09 02:50:09,843 | INFO | aggregate_fit: received 24 results and 0 failures
[round=0002 method=vi] mean_acc=0.1643 mean_loss=2.2426 mc_acc=0.1641 mc_loss=2.2426 ece=0.0919 active_physical=15 virtual=13
[92mINFO [0m:      fit progress: (2, 2.2426038105010986, {'accuracy': 0.1643, 'global_ece': 0.09185911176055672, 'selected_count': 15, 'active_physical_devices': 15}, 14.403230670839548)
2026-07-09 02:50:12,528 | INFO | fit progress: (2, 2.2426038105010986, {'accuracy': 0.1643, 'global_ece': 0.09185911176055672, 'selected_count': 15, 'active_physical_devices': 15}, 14.403230670839548)
[92mINFO [0m:      configure_evaluate: no clients selected, skipping evaluation
2026-07-09 02:50:12,528 | INFO | configure_evaluate: no clients selected, skipping evaluation
[92mINFO [0m:      
2026-07-09 02:50:12,528 | INFO | 
[92mINFO [0m:      [ROUND 3]
2026-07-09 02:50:12,528 | INFO | [ROUND 3]
[92mINFO [0m:      configure_fit: strategy sampled 24 clients (out of 24)
2026-07-09 02:50:12,529 | INFO | configure_fit: strategy sampled 24 clients (out of 24)
[92mINFO [0m:      aggregate_fit: received 24 results and 0 failures
2026-07-09 02:50:16,019 | INFO | aggregate_fit: received 24 results and 0 failures
[round=0003 method=vi] mean_acc=0.2198 mean_loss=2.1199 mc_acc=0.2198 mc_loss=2.1199 ece=0.0354 active_physical=15 virtual=12
[92mINFO [0m:      fit progress: (3, 2.1198815494537353, {'accuracy': 0.2198, 'global_ece': 0.03539014821127058, 'selected_count': 15, 'active_physical_devices': 15}, 20.452600713819265)
2026-07-09 02:50:18,577 | INFO | fit progress: (3, 2.1198815494537353, {'accuracy': 0.2198, 'global_ece': 0.03539014821127058, 'selected_count': 15, 'active_physical_devices': 15}, 20.452600713819265)
[92mINFO [0m:      configure_evaluate: no clients selected, skipping evaluation
2026-07-09 02:50:18,577 | INFO | configure_evaluate: no clients selected, skipping evaluation
[92mINFO [0m:      
2026-07-09 02:50:18,577 | INFO | 
[92mINFO [0m:      [ROUND 4]
2026-07-09 02:50:18,577 | INFO | [ROUND 4]
[92mINFO [0m:      configure_fit: strategy sampled 24 clients (out of 24)
2026-07-09 02:50:18,578 | INFO | configure_fit: strategy sampled 24 clients (out of 24)
[92mINFO [0m:      aggregate_fit: received 24 results and 0 failures
2026-07-09 02:50:22,855 | INFO | aggregate_fit: received 24 results and 0 failures
[36m(pid=gcs_server)[0m [2026-07-09 02:50:23,574 E 2290920 2290920] (gcs_server) gcs_server.cc:302: Failed to establish connection to the event+metrics exporter agent. Events and metrics will not be exported. Exporter agent status: RpcError: Running out of retries to initialize the metrics agent. rpc_code: 14
[33m(raylet)[0m [2026-07-09 02:50:24,447 E 2291192 2291192] (raylet) main.cc:975: Failed to establish connection to the metrics exporter agent. Metrics will not be exported. Exporter agent status: RpcError: Running out of retries to initialize the metrics agent. rpc_code: 14
[36m(ClientAppActor pid=2291313)[0m [2026-07-09 02:50:24,985 E 2291313 2291460] core_worker_process.cc:825: Failed to establish connection to the metrics exporter agent. Metrics will not be exported. Exporter agent status: RpcError: Running out of retries to initialize the metrics agent. rpc_code: 14
[2026-07-09 02:50:25,288 E 2290665 2291304] core_worker_process.cc:825: Failed to establish connection to the metrics exporter agent. Metrics will not be exported. Exporter agent status: RpcError: Running out of retries to initialize the metrics agent. rpc_code: 14
[round=0004 method=vi] mean_acc=0.1997 mean_loss=2.0804 mc_acc=0.1997 mc_loss=2.0804 ece=0.1408 active_physical=15 virtual=10
[92mINFO [0m:      fit progress: (4, 2.0804025688171386, {'accuracy': 0.1997, 'global_ece': 0.14081785029768942, 'selected_count': 15, 'active_physical_devices': 15}, 27.459860786795616)
2026-07-09 02:50:25,584 | INFO | fit progress: (4, 2.0804025688171386, {'accuracy': 0.1997, 'global_ece': 0.14081785029768942, 'selected_count': 15, 'active_physical_devices': 15}, 27.459860786795616)
[92mINFO [0m:      configure_evaluate: no clients selected, skipping evaluation
2026-07-09 02:50:25,584 | INFO | configure_evaluate: no clients selected, skipping evaluation
[92mINFO [0m:      
2026-07-09 02:50:25,584 | INFO | 
[92mINFO [0m:      [ROUND 5]
2026-07-09 02:50:25,584 | INFO | [ROUND 5]
[92mINFO [0m:      configure_fit: strategy sampled 24 clients (out of 24)
2026-07-09 02:50:25,585 | INFO | configure_fit: strategy sampled 24 clients (out of 24)
[92mINFO [0m:      aggregate_fit: received 24 results and 0 failures
2026-07-09 02:50:29,800 | INFO | aggregate_fit: received 24 results and 0 failures
[round=0005 method=vi] mean_acc=0.3018 mean_loss=1.9263 mc_acc=0.3018 mc_loss=1.9263 ece=0.0693 active_physical=15 virtual=13
[92mINFO [0m:      fit progress: (5, 1.9262927612304688, {'accuracy': 0.3018, 'global_ece': 0.06933379739820955, 'selected_count': 15, 'active_physical_devices': 15}, 33.754972491413355)
2026-07-09 02:50:31,879 | INFO | fit progress: (5, 1.9262927612304688, {'accuracy': 0.3018, 'global_ece': 0.06933379739820955, 'selected_count': 15, 'active_physical_devices': 15}, 33.754972491413355)
[92mINFO [0m:      configure_evaluate: no clients selected, skipping evaluation
2026-07-09 02:50:31,879 | INFO | configure_evaluate: no clients selected, skipping evaluation
[92mINFO [0m:      
2026-07-09 02:50:31,879 | INFO | 
[92mINFO [0m:      [ROUND 6]
2026-07-09 02:50:31,879 | INFO | [ROUND 6]
[92mINFO [0m:      configure_fit: strategy sampled 24 clients (out of 24)
2026-07-09 02:50:31,880 | INFO | configure_fit: strategy sampled 24 clients (out of 24)
[92mINFO [0m:      aggregate_fit: received 24 results and 0 failures
2026-07-09 02:50:36,019 | INFO | aggregate_fit: received 24 results and 0 failures
[round=0006 method=vi] mean_acc=0.3864 mean_loss=1.8224 mc_acc=0.3864 mc_loss=1.8224 ece=0.1345 active_physical=15 virtual=12
[92mINFO [0m:      fit progress: (6, 1.8223810153961182, {'accuracy': 0.3864, 'global_ece': 0.13450710707232355, 'selected_count': 15, 'active_physical_devices': 15}, 39.90031310543418)
2026-07-09 02:50:38,025 | INFO | fit progress: (6, 1.8223810153961182, {'accuracy': 0.3864, 'global_ece': 0.13450710707232355, 'selected_count': 15, 'active_physical_devices': 15}, 39.90031310543418)
[92mINFO [0m:      configure_evaluate: no clients selected, skipping evaluation
2026-07-09 02:50:38,025 | INFO | configure_evaluate: no clients selected, skipping evaluation
[92mINFO [0m:      
2026-07-09 02:50:38,025 | INFO | 
[92mINFO [0m:      [ROUND 7]
2026-07-09 02:50:38,025 | INFO | [ROUND 7]
[92mINFO [0m:      configure_fit: strategy sampled 24 clients (out of 24)
2026-07-09 02:50:38,025 | INFO | configure_fit: strategy sampled 24 clients (out of 24)
[92mINFO [0m:      aggregate_fit: received 24 results and 0 failures
2026-07-09 02:50:41,718 | INFO | aggregate_fit: received 24 results and 0 failures
[round=0007 method=vi] mean_acc=0.3711 mean_loss=1.7915 mc_acc=0.3711 mc_loss=1.7915 ece=0.1144 active_physical=15 virtual=10
[92mINFO [0m:      fit progress: (7, 1.79153524684906, {'accuracy': 0.3711, 'global_ece': 0.11443157489374281, 'selected_count': 15, 'active_physical_devices': 15}, 46.100660238415)
2026-07-09 02:50:44,225 | INFO | fit progress: (7, 1.79153524684906, {'accuracy': 0.3711, 'global_ece': 0.11443157489374281, 'selected_count': 15, 'active_physical_devices': 15}, 46.100660238415)
[92mINFO [0m:      configure_evaluate: no clients selected, skipping evaluation
2026-07-09 02:50:44,225 | INFO | configure_evaluate: no clients selected, skipping evaluation
[92mINFO [0m:      
2026-07-09 02:50:44,225 | INFO | 
[92mINFO [0m:      [ROUND 8]
2026-07-09 02:50:44,225 | INFO | [ROUND 8]
[92mINFO [0m:      configure_fit: strategy sampled 24 clients (out of 24)
2026-07-09 02:50:44,226 | INFO | configure_fit: strategy sampled 24 clients (out of 24)
[92mINFO [0m:      aggregate_fit: received 24 results and 0 failures
2026-07-09 02:50:47,707 | INFO | aggregate_fit: received 24 results and 0 failures
[round=0008 method=vi] mean_acc=0.5132 mean_loss=1.6393 mc_acc=0.5133 mc_loss=1.6393 ece=0.2450 active_physical=15 virtual=12
[92mINFO [0m:      fit progress: (8, 1.6393075637817383, {'accuracy': 0.5132, 'global_ece': 0.24500166869610548, 'selected_count': 15, 'active_physical_devices': 15}, 51.57296181097627)
2026-07-09 02:50:49,697 | INFO | fit progress: (8, 1.6393075637817383, {'accuracy': 0.5132, 'global_ece': 0.24500166869610548, 'selected_count': 15, 'active_physical_devices': 15}, 51.57296181097627)
[92mINFO [0m:      configure_evaluate: no clients selected, skipping evaluation
2026-07-09 02:50:49,697 | INFO | configure_evaluate: no clients selected, skipping evaluation
[92mINFO [0m:      
2026-07-09 02:50:49,698 | INFO | 
[92mINFO [0m:      [ROUND 9]
2026-07-09 02:50:49,698 | INFO | [ROUND 9]
[92mINFO [0m:      configure_fit: strategy sampled 24 clients (out of 24)
2026-07-09 02:50:49,699 | INFO | configure_fit: strategy sampled 24 clients (out of 24)
[92mINFO [0m:      aggregate_fit: received 24 results and 0 failures
2026-07-09 02:50:53,053 | INFO | aggregate_fit: received 24 results and 0 failures
[round=0009 method=vi] mean_acc=0.6049 mean_loss=1.5151 mc_acc=0.6049 mc_loss=1.5151 ece=0.3167 active_physical=15 virtual=10
[92mINFO [0m:      fit progress: (9, 1.5151355697631836, {'accuracy': 0.6049, 'global_ece': 0.31673137434795495, 'selected_count': 15, 'active_physical_devices': 15}, 56.963199123740196)
2026-07-09 02:50:55,087 | INFO | fit progress: (9, 1.5151355697631836, {'accuracy': 0.6049, 'global_ece': 0.31673137434795495, 'selected_count': 15, 'active_physical_devices': 15}, 56.963199123740196)
[92mINFO [0m:      configure_evaluate: no clients selected, skipping evaluation
2026-07-09 02:50:55,088 | INFO | configure_evaluate: no clients selected, skipping evaluation
[92mINFO [0m:      
2026-07-09 02:50:55,088 | INFO | 
[92mINFO [0m:      [ROUND 10]
2026-07-09 02:50:55,088 | INFO | [ROUND 10]
[92mINFO [0m:      configure_fit: strategy sampled 24 clients (out of 24)
2026-07-09 02:50:55,088 | INFO | configure_fit: strategy sampled 24 clients (out of 24)
[92mINFO [0m:      aggregate_fit: received 24 results and 0 failures
2026-07-09 02:50:58,805 | INFO | aggregate_fit: received 24 results and 0 failures
[round=0010 method=vi] mean_acc=0.6477 mean_loss=1.4691 mc_acc=0.6476 mc_loss=1.4691 ece=0.3350 active_physical=15 virtual=13
[92mINFO [0m:      fit progress: (10, 1.4690736694335937, {'accuracy': 0.6477, 'global_ece': 0.3349880609788, 'selected_count': 15, 'active_physical_devices': 15}, 62.753379594534636)
2026-07-09 02:51:00,878 | INFO | fit progress: (10, 1.4690736694335937, {'accuracy': 0.6477, 'global_ece': 0.3349880609788, 'selected_count': 15, 'active_physical_devices': 15}, 62.753379594534636)
[92mINFO [0m:      configure_evaluate: no clients selected, skipping evaluation
2026-07-09 02:51:00,878 | INFO | configure_evaluate: no clients selected, skipping evaluation
[92mINFO [0m:      
2026-07-09 02:51:00,878 | INFO | 
[92mINFO [0m:      [ROUND 11]
2026-07-09 02:51:00,878 | INFO | [ROUND 11]
[92mINFO [0m:      configure_fit: strategy sampled 24 clients (out of 24)
2026-07-09 02:51:00,878 | INFO | configure_fit: strategy sampled 24 clients (out of 24)
[92mINFO [0m:      aggregate_fit: received 24 results and 0 failures
2026-07-09 02:51:05,394 | INFO | aggregate_fit: received 24 results and 0 failures
[round=0011 method=vi] mean_acc=0.7416 mean_loss=1.3161 mc_acc=0.7416 mc_loss=1.3161 ece=0.4168 active_physical=15 virtual=15
[92mINFO [0m:      fit progress: (11, 1.3160908769607544, {'accuracy': 0.7416, 'global_ece': 0.4167796650469303, 'selected_count': 15, 'active_physical_devices': 15}, 69.87804180383682)
2026-07-09 02:51:08,002 | INFO | fit progress: (11, 1.3160908769607544, {'accuracy': 0.7416, 'global_ece': 0.4167796650469303, 'selected_count': 15, 'active_physical_devices': 15}, 69.87804180383682)
[92mINFO [0m:      configure_evaluate: no clients selected, skipping evaluation
2026-07-09 02:51:08,003 | INFO | configure_evaluate: no clients selected, skipping evaluation
[92mINFO [0m:      
2026-07-09 02:51:08,003 | INFO | 
[92mINFO [0m:      [ROUND 12]
2026-07-09 02:51:08,003 | INFO | [ROUND 12]
[92mINFO [0m:      configure_fit: strategy sampled 24 clients (out of 24)
2026-07-09 02:51:08,003 | INFO | configure_fit: strategy sampled 24 clients (out of 24)
[92mINFO [0m:      aggregate_fit: received 24 results and 0 failures
2026-07-09 02:51:11,373 | INFO | aggregate_fit: received 24 results and 0 failures
[round=0012 method=vi] mean_acc=0.6963 mean_loss=1.2598 mc_acc=0.6963 mc_loss=1.2598 ece=0.3131 active_physical=15 virtual=12
[92mINFO [0m:      fit progress: (12, 1.259775926399231, {'accuracy': 0.6963, 'global_ece': 0.3131105544172227, 'selected_count': 15, 'active_physical_devices': 15}, 75.24762568995357)
2026-07-09 02:51:13,372 | INFO | fit progress: (12, 1.259775926399231, {'accuracy': 0.6963, 'global_ece': 0.3131105544172227, 'selected_count': 15, 'active_physical_devices': 15}, 75.24762568995357)
[92mINFO [0m:      configure_evaluate: no clients selected, skipping evaluation
2026-07-09 02:51:13,372 | INFO | configure_evaluate: no clients selected, skipping evaluation
[92mINFO [0m:      
2026-07-09 02:51:13,372 | INFO | 
[92mINFO [0m:      [ROUND 13]
2026-07-09 02:51:13,372 | INFO | [ROUND 13]
[92mINFO [0m:      configure_fit: strategy sampled 24 clients (out of 24)
2026-07-09 02:51:13,373 | INFO | configure_fit: strategy sampled 24 clients (out of 24)
[92mINFO [0m:      aggregate_fit: received 24 results and 0 failures
2026-07-09 02:51:16,795 | INFO | aggregate_fit: received 24 results and 0 failures
[round=0013 method=vi] mean_acc=0.6386 mean_loss=1.2319 mc_acc=0.6386 mc_loss=1.2319 ece=0.2301 active_physical=15 virtual=14
[92mINFO [0m:      fit progress: (13, 1.2318511535644532, {'accuracy': 0.6386, 'global_ece': 0.23005016640871764, 'selected_count': 15, 'active_physical_devices': 15}, 80.65081876143813)
2026-07-09 02:51:18,775 | INFO | fit progress: (13, 1.2318511535644532, {'accuracy': 0.6386, 'global_ece': 0.23005016640871764, 'selected_count': 15, 'active_physical_devices': 15}, 80.65081876143813)
[92mINFO [0m:      configure_evaluate: no clients selected, skipping evaluation
2026-07-09 02:51:18,775 | INFO | configure_evaluate: no clients selected, skipping evaluation
[92mINFO [0m:      
2026-07-09 02:51:18,775 | INFO | 
[92mINFO [0m:      [ROUND 14]
2026-07-09 02:51:18,775 | INFO | [ROUND 14]
[92mINFO [0m:      configure_fit: strategy sampled 24 clients (out of 24)
2026-07-09 02:51:18,776 | INFO | configure_fit: strategy sampled 24 clients (out of 24)
[92mINFO [0m:      aggregate_fit: received 24 results and 0 failures
2026-07-09 02:51:21,928 | INFO | aggregate_fit: received 24 results and 0 failures
[round=0014 method=vi] mean_acc=0.6740 mean_loss=1.2110 mc_acc=0.6740 mc_loss=1.2111 ece=0.2571 active_physical=15 virtual=12
[92mINFO [0m:      fit progress: (14, 1.2110463274002075, {'accuracy': 0.674, 'global_ece': 0.25711713592410085, 'selected_count': 15, 'active_physical_devices': 15}, 86.45835535600781)
2026-07-09 02:51:24,583 | INFO | fit progress: (14, 1.2110463274002075, {'accuracy': 0.674, 'global_ece': 0.25711713592410085, 'selected_count': 15, 'active_physical_devices': 15}, 86.45835535600781)
[92mINFO [0m:      configure_evaluate: no clients selected, skipping evaluation
2026-07-09 02:51:24,583 | INFO | configure_evaluate: no clients selected, skipping evaluation
[92mINFO [0m:      
2026-07-09 02:51:24,583 | INFO | 
[92mINFO [0m:      [ROUND 15]
2026-07-09 02:51:24,583 | INFO | [ROUND 15]
[92mINFO [0m:      configure_fit: strategy sampled 24 clients (out of 24)
2026-07-09 02:51:24,584 | INFO | configure_fit: strategy sampled 24 clients (out of 24)
[92mINFO [0m:      aggregate_fit: received 24 results and 0 failures
2026-07-09 02:51:27,892 | INFO | aggregate_fit: received 24 results and 0 failures
[round=0015 method=vi] mean_acc=0.6056 mean_loss=1.2420 mc_acc=0.6056 mc_loss=1.2420 ece=0.1524 active_physical=15 virtual=13
[92mINFO [0m:      fit progress: (15, 1.2419613103866578, {'accuracy': 0.6056, 'global_ece': 0.15241952882111073, 'selected_count': 15, 'active_physical_devices': 15}, 92.14336208999157)
2026-07-09 02:51:30,268 | INFO | fit progress: (15, 1.2419613103866578, {'accuracy': 0.6056, 'global_ece': 0.15241952882111073, 'selected_count': 15, 'active_physical_devices': 15}, 92.14336208999157)
[92mINFO [0m:      configure_evaluate: no clients selected, skipping evaluation
2026-07-09 02:51:30,268 | INFO | configure_evaluate: no clients selected, skipping evaluation
[92mINFO [0m:      
2026-07-09 02:51:30,268 | INFO | 
[92mINFO [0m:      [ROUND 16]
2026-07-09 02:51:30,268 | INFO | [ROUND 16]
[92mINFO [0m:      configure_fit: strategy sampled 24 clients (out of 24)
2026-07-09 02:51:30,269 | INFO | configure_fit: strategy sampled 24 clients (out of 24)
[92mINFO [0m:      aggregate_fit: received 24 results and 0 failures
2026-07-09 02:51:33,930 | INFO | aggregate_fit: received 24 results and 0 failures
[round=0016 method=vi] mean_acc=0.6292 mean_loss=1.1939 mc_acc=0.6293 mc_loss=1.1939 ece=0.1827 active_physical=15 virtual=12
[92mINFO [0m:      fit progress: (16, 1.1939326313018799, {'accuracy': 0.6292, 'global_ece': 0.1826818880483508, 'selected_count': 15, 'active_physical_devices': 15}, 98.31415124982595)
2026-07-09 02:51:36,438 | INFO | fit progress: (16, 1.1939326313018799, {'accuracy': 0.6292, 'global_ece': 0.1826818880483508, 'selected_count': 15, 'active_physical_devices': 15}, 98.31415124982595)
[92mINFO [0m:      configure_evaluate: no clients selected, skipping evaluation
2026-07-09 02:51:36,439 | INFO | configure_evaluate: no clients selected, skipping evaluation
[92mINFO [0m:      
2026-07-09 02:51:36,439 | INFO | 
[92mINFO [0m:      [ROUND 17]
2026-07-09 02:51:36,439 | INFO | [ROUND 17]
[92mINFO [0m:      configure_fit: strategy sampled 24 clients (out of 24)
2026-07-09 02:51:36,440 | INFO | configure_fit: strategy sampled 24 clients (out of 24)
[92mINFO [0m:      aggregate_fit: received 24 results and 0 failures
2026-07-09 02:51:39,905 | INFO | aggregate_fit: received 24 results and 0 failures
[round=0017 method=vi] mean_acc=0.7318 mean_loss=1.0503 mc_acc=0.7317 mc_loss=1.0503 ece=0.2608 active_physical=15 virtual=12
[92mINFO [0m:      fit progress: (17, 1.0502760281562806, {'accuracy': 0.7318, 'global_ece': 0.26077495569288733, 'selected_count': 15, 'active_physical_devices': 15}, 104.2763299793005)
2026-07-09 02:51:42,401 | INFO | fit progress: (17, 1.0502760281562806, {'accuracy': 0.7318, 'global_ece': 0.26077495569288733, 'selected_count': 15, 'active_physical_devices': 15}, 104.2763299793005)
[92mINFO [0m:      configure_evaluate: no clients selected, skipping evaluation
2026-07-09 02:51:42,401 | INFO | configure_evaluate: no clients selected, skipping evaluation
[92mINFO [0m:      
2026-07-09 02:51:42,401 | INFO | 
[92mINFO [0m:      [ROUND 18]
2026-07-09 02:51:42,401 | INFO | [ROUND 18]
[92mINFO [0m:      configure_fit: strategy sampled 24 clients (out of 24)
2026-07-09 02:51:42,402 | INFO | configure_fit: strategy sampled 24 clients (out of 24)
[92mINFO [0m:      aggregate_fit: received 24 results and 0 failures
2026-07-09 02:51:45,801 | INFO | aggregate_fit: received 24 results and 0 failures
[round=0018 method=vi] mean_acc=0.6850 mean_loss=1.0839 mc_acc=0.6850 mc_loss=1.0839 ece=0.1880 active_physical=15 virtual=12
[92mINFO [0m:      fit progress: (18, 1.0838914470672607, {'accuracy': 0.685, 'global_ece': 0.1879795742869377, 'selected_count': 15, 'active_physical_devices': 15}, 109.65324976295233)
2026-07-09 02:51:47,778 | INFO | fit progress: (18, 1.0838914470672607, {'accuracy': 0.685, 'global_ece': 0.1879795742869377, 'selected_count': 15, 'active_physical_devices': 15}, 109.65324976295233)
[92mINFO [0m:      configure_evaluate: no clients selected, skipping evaluation
2026-07-09 02:51:47,778 | INFO | configure_evaluate: no clients selected, skipping evaluation
[92mINFO [0m:      
2026-07-09 02:51:47,778 | INFO | 
[92mINFO [0m:      [ROUND 19]
2026-07-09 02:51:47,778 | INFO | [ROUND 19]
[92mINFO [0m:      configure_fit: strategy sampled 24 clients (out of 24)
2026-07-09 02:51:47,779 | INFO | configure_fit: strategy sampled 24 clients (out of 24)
[92mINFO [0m:      aggregate_fit: received 24 results and 0 failures
2026-07-09 02:51:51,494 | INFO | aggregate_fit: received 24 results and 0 failures
[round=0019 method=vi] mean_acc=0.7051 mean_loss=1.0318 mc_acc=0.7051 mc_loss=1.0318 ece=0.2072 active_physical=15 virtual=10
[92mINFO [0m:      fit progress: (19, 1.0317783895492554, {'accuracy': 0.7051, 'global_ece': 0.20716099621355538, 'selected_count': 15, 'active_physical_devices': 15}, 116.01095036789775)
2026-07-09 02:51:54,135 | INFO | fit progress: (19, 1.0317783895492554, {'accuracy': 0.7051, 'global_ece': 0.20716099621355538, 'selected_count': 15, 'active_physical_devices': 15}, 116.01095036789775)
[92mINFO [0m:      configure_evaluate: no clients selected, skipping evaluation
2026-07-09 02:51:54,136 | INFO | configure_evaluate: no clients selected, skipping evaluation
[92mINFO [0m:      
2026-07-09 02:51:54,136 | INFO | 
[92mINFO [0m:      [ROUND 20]
2026-07-09 02:51:54,136 | INFO | [ROUND 20]
[92mINFO [0m:      configure_fit: strategy sampled 24 clients (out of 24)
2026-07-09 02:51:54,137 | INFO | configure_fit: strategy sampled 24 clients (out of 24)
[92mINFO [0m:      aggregate_fit: received 24 results and 0 failures
2026-07-09 02:51:57,849 | INFO | aggregate_fit: received 24 results and 0 failures
[round=0020 method=vi] mean_acc=0.7744 mean_loss=0.9271 mc_acc=0.7743 mc_loss=0.9271 ece=0.2667 active_physical=15 virtual=12
[92mINFO [0m:      fit progress: (20, 0.9270950967788696, {'accuracy': 0.7744, 'global_ece': 0.2666578872859478, 'selected_count': 15, 'active_physical_devices': 15}, 121.77496162056923)
2026-07-09 02:51:59,899 | INFO | fit progress: (20, 0.9270950967788696, {'accuracy': 0.7744, 'global_ece': 0.2666578872859478, 'selected_count': 15, 'active_physical_devices': 15}, 121.77496162056923)
[92mINFO [0m:      configure_evaluate: no clients selected, skipping evaluation
2026-07-09 02:51:59,899 | INFO | configure_evaluate: no clients selected, skipping evaluation
[92mINFO [0m:      
2026-07-09 02:51:59,899 | INFO | 
[92mINFO [0m:      [ROUND 21]
2026-07-09 02:51:59,899 | INFO | [ROUND 21]
[92mINFO [0m:      configure_fit: strategy sampled 24 clients (out of 24)
2026-07-09 02:51:59,900 | INFO | configure_fit: strategy sampled 24 clients (out of 24)
[92mINFO [0m:      aggregate_fit: received 24 results and 0 failures
2026-07-09 02:52:03,486 | INFO | aggregate_fit: received 24 results and 0 failures
[round=0021 method=vi] mean_acc=0.7407 mean_loss=0.9351 mc_acc=0.7407 mc_loss=0.9351 ece=0.2108 active_physical=15 virtual=10
[92mINFO [0m:      fit progress: (21, 0.9351440820693969, {'accuracy': 0.7407, 'global_ece': 0.2107648575991392, 'selected_count': 15, 'active_physical_devices': 15}, 127.98097601160407)
2026-07-09 02:52:06,105 | INFO | fit progress: (21, 0.9351440820693969, {'accuracy': 0.7407, 'global_ece': 0.2107648575991392, 'selected_count': 15, 'active_physical_devices': 15}, 127.98097601160407)
[92mINFO [0m:      configure_evaluate: no clients selected, skipping evaluation
2026-07-09 02:52:06,106 | INFO | configure_evaluate: no clients selected, skipping evaluation
[92mINFO [0m:      
2026-07-09 02:52:06,106 | INFO | 
[92mINFO [0m:      [ROUND 22]
2026-07-09 02:52:06,106 | INFO | [ROUND 22]
[92mINFO [0m:      configure_fit: strategy sampled 24 clients (out of 24)
2026-07-09 02:52:06,107 | INFO | configure_fit: strategy sampled 24 clients (out of 24)
[92mINFO [0m:      aggregate_fit: received 24 results and 0 failures
2026-07-09 02:52:09,211 | INFO | aggregate_fit: received 24 results and 0 failures
[round=0022 method=vi] mean_acc=0.7201 mean_loss=0.9230 mc_acc=0.7201 mc_loss=0.9230 ece=0.1629 active_physical=15 virtual=12
[92mINFO [0m:      fit progress: (22, 0.9230051778793334, {'accuracy': 0.7201, 'global_ece': 0.16290329210609197, 'selected_count': 15, 'active_physical_devices': 15}, 133.52182940393686)
2026-07-09 02:52:11,646 | INFO | fit progress: (22, 0.9230051778793334, {'accuracy': 0.7201, 'global_ece': 0.16290329210609197, 'selected_count': 15, 'active_physical_devices': 15}, 133.52182940393686)
[92mINFO [0m:      configure_evaluate: no clients selected, skipping evaluation
2026-07-09 02:52:11,682 | INFO | configure_evaluate: no clients selected, skipping evaluation
[92mINFO [0m:      
2026-07-09 02:52:11,682 | INFO | 
[92mINFO [0m:      [ROUND 23]
2026-07-09 02:52:11,682 | INFO | [ROUND 23]
[92mINFO [0m:      configure_fit: strategy sampled 24 clients (out of 24)
2026-07-09 02:52:11,685 | INFO | configure_fit: strategy sampled 24 clients (out of 24)
[92mINFO [0m:      aggregate_fit: received 24 results and 0 failures
2026-07-09 02:52:14,729 | INFO | aggregate_fit: received 24 results and 0 failures
[round=0023 method=vi] mean_acc=0.7438 mean_loss=0.9017 mc_acc=0.7439 mc_loss=0.9017 ece=0.1838 active_physical=15 virtual=10
[92mINFO [0m:      fit progress: (23, 0.901654596233368, {'accuracy': 0.7438, 'global_ece': 0.1838429404377937, 'selected_count': 15, 'active_physical_devices': 15}, 138.54128434881568)
2026-07-09 02:52:16,666 | INFO | fit progress: (23, 0.901654596233368, {'accuracy': 0.7438, 'global_ece': 0.1838429404377937, 'selected_count': 15, 'active_physical_devices': 15}, 138.54128434881568)
[92mINFO [0m:      configure_evaluate: no clients selected, skipping evaluation
2026-07-09 02:52:16,702 | INFO | configure_evaluate: no clients selected, skipping evaluation
[92mINFO [0m:      
2026-07-09 02:52:16,702 | INFO | 
[92mINFO [0m:      [ROUND 24]
2026-07-09 02:52:16,702 | INFO | [ROUND 24]
[92mINFO [0m:      configure_fit: strategy sampled 24 clients (out of 24)
2026-07-09 02:52:16,705 | INFO | configure_fit: strategy sampled 24 clients (out of 24)
[92mINFO [0m:      aggregate_fit: received 24 results and 0 failures
2026-07-09 02:52:20,548 | INFO | aggregate_fit: received 24 results and 0 failures
[round=0024 method=vi] mean_acc=0.7151 mean_loss=0.9024 mc_acc=0.7149 mc_loss=0.9024 ece=0.1225 active_physical=15 virtual=14
[92mINFO [0m:      fit progress: (24, 0.9024348768234253, {'accuracy': 0.7151, 'global_ece': 0.12252297655344006, 'selected_count': 15, 'active_physical_devices': 15}, 144.37535981461406)
2026-07-09 02:52:22,500 | INFO | fit progress: (24, 0.9024348768234253, {'accuracy': 0.7151, 'global_ece': 0.12252297655344006, 'selected_count': 15, 'active_physical_devices': 15}, 144.37535981461406)
[92mINFO [0m:      configure_evaluate: no clients selected, skipping evaluation
2026-07-09 02:52:22,500 | INFO | configure_evaluate: no clients selected, skipping evaluation
[92mINFO [0m:      
2026-07-09 02:52:22,500 | INFO | 
[92mINFO [0m:      [ROUND 25]
2026-07-09 02:52:22,500 | INFO | [ROUND 25]
[92mINFO [0m:      configure_fit: strategy sampled 24 clients (out of 24)
2026-07-09 02:52:22,501 | INFO | configure_fit: strategy sampled 24 clients (out of 24)
[92mINFO [0m:      aggregate_fit: received 24 results and 0 failures
2026-07-09 02:52:25,881 | INFO | aggregate_fit: received 24 results and 0 failures
[round=0025 method=vi] mean_acc=0.7634 mean_loss=0.8212 mc_acc=0.7634 mc_loss=0.8212 ece=0.1768 active_physical=15 virtual=13
[92mINFO [0m:      fit progress: (25, 0.8211968224525452, {'accuracy': 0.7634, 'global_ece': 0.1767922666683793, 'selected_count': 15, 'active_physical_devices': 15}, 150.4070056527853)
2026-07-09 02:52:28,531 | INFO | fit progress: (25, 0.8211968224525452, {'accuracy': 0.7634, 'global_ece': 0.1767922666683793, 'selected_count': 15, 'active_physical_devices': 15}, 150.4070056527853)
[92mINFO [0m:      configure_evaluate: no clients selected, skipping evaluation
2026-07-09 02:52:28,532 | INFO | configure_evaluate: no clients selected, skipping evaluation
[92mINFO [0m:      
2026-07-09 02:52:28,532 | INFO | 
[92mINFO [0m:      [ROUND 26]
2026-07-09 02:52:28,532 | INFO | [ROUND 26]
[92mINFO [0m:      configure_fit: strategy sampled 24 clients (out of 24)
2026-07-09 02:52:28,532 | INFO | configure_fit: strategy sampled 24 clients (out of 24)
[92mINFO [0m:      aggregate_fit: received 24 results and 0 failures
2026-07-09 02:52:31,730 | INFO | aggregate_fit: received 24 results and 0 failures
[round=0026 method=vi] mean_acc=0.7843 mean_loss=0.7951 mc_acc=0.7846 mc_loss=0.7951 ece=0.1882 active_physical=15 virtual=11
[92mINFO [0m:      fit progress: (26, 0.7950608097076416, {'accuracy': 0.7843, 'global_ece': 0.1881851865023374, 'selected_count': 15, 'active_physical_devices': 15}, 155.8127977475524)
2026-07-09 02:52:33,937 | INFO | fit progress: (26, 0.7950608097076416, {'accuracy': 0.7843, 'global_ece': 0.1881851865023374, 'selected_count': 15, 'active_physical_devices': 15}, 155.8127977475524)
[92mINFO [0m:      configure_evaluate: no clients selected, skipping evaluation
2026-07-09 02:52:33,937 | INFO | configure_evaluate: no clients selected, skipping evaluation
[92mINFO [0m:      
2026-07-09 02:52:33,937 | INFO | 
[92mINFO [0m:      [ROUND 27]
2026-07-09 02:52:33,937 | INFO | [ROUND 27]
[92mINFO [0m:      configure_fit: strategy sampled 24 clients (out of 24)
2026-07-09 02:52:33,938 | INFO | configure_fit: strategy sampled 24 clients (out of 24)
[92mINFO [0m:      aggregate_fit: received 24 results and 0 failures
2026-07-09 02:52:37,659 | INFO | aggregate_fit: received 24 results and 0 failures
[round=0027 method=vi] mean_acc=0.7453 mean_loss=0.8189 mc_acc=0.7453 mc_loss=0.8189 ece=0.1307 active_physical=15 virtual=10
[92mINFO [0m:      fit progress: (27, 0.8189118123054504, {'accuracy': 0.7453, 'global_ece': 0.1307359371945262, 'selected_count': 15, 'active_physical_devices': 15}, 162.00030493736267)
2026-07-09 02:52:40,125 | INFO | fit progress: (27, 0.8189118123054504, {'accuracy': 0.7453, 'global_ece': 0.1307359371945262, 'selected_count': 15, 'active_physical_devices': 15}, 162.00030493736267)
[92mINFO [0m:      configure_evaluate: no clients selected, skipping evaluation
2026-07-09 02:52:40,126 | INFO | configure_evaluate: no clients selected, skipping evaluation
[92mINFO [0m:      
2026-07-09 02:52:40,126 | INFO | 
[92mINFO [0m:      [ROUND 28]
2026-07-09 02:52:40,126 | INFO | [ROUND 28]
[92mINFO [0m:      configure_fit: strategy sampled 24 clients (out of 24)
2026-07-09 02:52:40,127 | INFO | configure_fit: strategy sampled 24 clients (out of 24)
[92mINFO [0m:      aggregate_fit: received 24 results and 0 failures
2026-07-09 02:52:43,923 | INFO | aggregate_fit: received 24 results and 0 failures
[round=0028 method=vi] mean_acc=0.7578 mean_loss=0.7964 mc_acc=0.7579 mc_loss=0.7963 ece=0.1393 active_physical=15 virtual=11
[92mINFO [0m:      fit progress: (28, 0.7963526290893554, {'accuracy': 0.7578, 'global_ece': 0.13931941298246386, 'selected_count': 15, 'active_physical_devices': 15}, 168.33644155040383)
2026-07-09 02:52:46,461 | INFO | fit progress: (28, 0.7963526290893554, {'accuracy': 0.7578, 'global_ece': 0.13931941298246386, 'selected_count': 15, 'active_physical_devices': 15}, 168.33644155040383)
[92mINFO [0m:      configure_evaluate: no clients selected, skipping evaluation
2026-07-09 02:52:46,461 | INFO | configure_evaluate: no clients selected, skipping evaluation
[92mINFO [0m:      
2026-07-09 02:52:46,461 | INFO | 
[92mINFO [0m:      [ROUND 29]
2026-07-09 02:52:46,461 | INFO | [ROUND 29]
[92mINFO [0m:      configure_fit: strategy sampled 24 clients (out of 24)
2026-07-09 02:52:46,462 | INFO | configure_fit: strategy sampled 24 clients (out of 24)
[92mINFO [0m:      aggregate_fit: received 24 results and 0 failures
2026-07-09 02:52:50,042 | INFO | aggregate_fit: received 24 results and 0 failures
[round=0029 method=vi] mean_acc=0.7310 mean_loss=0.8147 mc_acc=0.7310 mc_loss=0.8147 ece=0.0997 active_physical=15 virtual=10
[92mINFO [0m:      fit progress: (29, 0.8146655214309693, {'accuracy': 0.731, 'global_ece': 0.0996722433745861, 'selected_count': 15, 'active_physical_devices': 15}, 174.4869279898703)
2026-07-09 02:52:52,611 | INFO | fit progress: (29, 0.8146655214309693, {'accuracy': 0.731, 'global_ece': 0.0996722433745861, 'selected_count': 15, 'active_physical_devices': 15}, 174.4869279898703)
[92mINFO [0m:      configure_evaluate: no clients selected, skipping evaluation
2026-07-09 02:52:52,612 | INFO | configure_evaluate: no clients selected, skipping evaluation
[92mINFO [0m:      
2026-07-09 02:52:52,612 | INFO | 
[92mINFO [0m:      [ROUND 30]
2026-07-09 02:52:52,612 | INFO | [ROUND 30]
[92mINFO [0m:      configure_fit: strategy sampled 24 clients (out of 24)
2026-07-09 02:52:52,613 | INFO | configure_fit: strategy sampled 24 clients (out of 24)
[92mINFO [0m:      aggregate_fit: received 24 results and 0 failures
2026-07-09 02:52:56,070 | INFO | aggregate_fit: received 24 results and 0 failures
[round=0030 method=vi] mean_acc=0.7769 mean_loss=0.7590 mc_acc=0.7769 mc_loss=0.7590 ece=0.1368 active_physical=15 virtual=13
[92mINFO [0m:      fit progress: (30, 0.7589575819015503, {'accuracy': 0.7769, 'global_ece': 0.13676047398000957, 'selected_count': 15, 'active_physical_devices': 15}, 180.60145121067762)
2026-07-09 02:52:58,726 | INFO | fit progress: (30, 0.7589575819015503, {'accuracy': 0.7769, 'global_ece': 0.13676047398000957, 'selected_count': 15, 'active_physical_devices': 15}, 180.60145121067762)
[92mINFO [0m:      configure_evaluate: no clients selected, skipping evaluation
2026-07-09 02:52:58,726 | INFO | configure_evaluate: no clients selected, skipping evaluation
[92mINFO [0m:      
2026-07-09 02:52:58,726 | INFO | 
[92mINFO [0m:      [ROUND 31]
2026-07-09 02:52:58,726 | INFO | [ROUND 31]
[92mINFO [0m:      configure_fit: strategy sampled 24 clients (out of 24)
2026-07-09 02:52:58,727 | INFO | configure_fit: strategy sampled 24 clients (out of 24)
[92mINFO [0m:      aggregate_fit: received 24 results and 0 failures
2026-07-09 02:53:02,294 | INFO | aggregate_fit: received 24 results and 0 failures
[round=0031 method=vi] mean_acc=0.7503 mean_loss=0.7509 mc_acc=0.7504 mc_loss=0.7509 ece=0.1007 active_physical=15 virtual=11
[92mINFO [0m:      fit progress: (31, 0.7508613548278809, {'accuracy': 0.7503, 'global_ece': 0.10072636181861164, 'selected_count': 15, 'active_physical_devices': 15}, 186.5926027931273)
2026-07-09 02:53:04,717 | INFO | fit progress: (31, 0.7508613548278809, {'accuracy': 0.7503, 'global_ece': 0.10072636181861164, 'selected_count': 15, 'active_physical_devices': 15}, 186.5926027931273)
[92mINFO [0m:      configure_evaluate: no clients selected, skipping evaluation
2026-07-09 02:53:04,717 | INFO | configure_evaluate: no clients selected, skipping evaluation
[92mINFO [0m:      
2026-07-09 02:53:04,717 | INFO | 
[92mINFO [0m:      [ROUND 32]
2026-07-09 02:53:04,717 | INFO | [ROUND 32]
[92mINFO [0m:      configure_fit: strategy sampled 24 clients (out of 24)
2026-07-09 02:53:04,718 | INFO | configure_fit: strategy sampled 24 clients (out of 24)
[92mINFO [0m:      aggregate_fit: received 24 results and 0 failures
2026-07-09 02:53:08,568 | INFO | aggregate_fit: received 24 results and 0 failures
[round=0032 method=vi] mean_acc=0.8128 mean_loss=0.6715 mc_acc=0.8129 mc_loss=0.6715 ece=0.1580 active_physical=15 virtual=12
[92mINFO [0m:      fit progress: (32, 0.6715313027381897, {'accuracy': 0.8128, 'global_ece': 0.15799567221850158, 'selected_count': 15, 'active_physical_devices': 15}, 192.89836505427957)
2026-07-09 02:53:11,023 | INFO | fit progress: (32, 0.6715313027381897, {'accuracy': 0.8128, 'global_ece': 0.15799567221850158, 'selected_count': 15, 'active_physical_devices': 15}, 192.89836505427957)
[92mINFO [0m:      configure_evaluate: no clients selected, skipping evaluation
2026-07-09 02:53:11,023 | INFO | configure_evaluate: no clients selected, skipping evaluation
[92mINFO [0m:      
2026-07-09 02:53:11,023 | INFO | 
[92mINFO [0m:      [ROUND 33]
2026-07-09 02:53:11,023 | INFO | [ROUND 33]
[92mINFO [0m:      configure_fit: strategy sampled 24 clients (out of 24)
2026-07-09 02:53:11,024 | INFO | configure_fit: strategy sampled 24 clients (out of 24)
[92mINFO [0m:      aggregate_fit: received 24 results and 0 failures
2026-07-09 02:53:15,095 | INFO | aggregate_fit: received 24 results and 0 failures
[round=0033 method=vi] mean_acc=0.8084 mean_loss=0.6699 mc_acc=0.8084 mc_loss=0.6699 ece=0.1429 active_physical=15 virtual=12
[92mINFO [0m:      fit progress: (33, 0.6699486588478089, {'accuracy': 0.8084, 'global_ece': 0.1428633537769318, 'selected_count': 15, 'active_physical_devices': 15}, 199.38370050862432)
2026-07-09 02:53:17,508 | INFO | fit progress: (33, 0.6699486588478089, {'accuracy': 0.8084, 'global_ece': 0.1428633537769318, 'selected_count': 15, 'active_physical_devices': 15}, 199.38370050862432)
[92mINFO [0m:      configure_evaluate: no clients selected, skipping evaluation
2026-07-09 02:53:17,508 | INFO | configure_evaluate: no clients selected, skipping evaluation
[92mINFO [0m:      
2026-07-09 02:53:17,508 | INFO | 
[92mINFO [0m:      [ROUND 34]
2026-07-09 02:53:17,508 | INFO | [ROUND 34]
[92mINFO [0m:      configure_fit: strategy sampled 24 clients (out of 24)
2026-07-09 02:53:17,509 | INFO | configure_fit: strategy sampled 24 clients (out of 24)
[92mINFO [0m:      aggregate_fit: received 24 results and 0 failures
2026-07-09 02:53:22,517 | INFO | aggregate_fit: received 24 results and 0 failures
[round=0034 method=vi] mean_acc=0.8199 mean_loss=0.6486 mc_acc=0.8199 mc_loss=0.6486 ece=0.1528 active_physical=15 virtual=14
[92mINFO [0m:      fit progress: (34, 0.6485637873649597, {'accuracy': 0.8199, 'global_ece': 0.15283613336533308, 'selected_count': 15, 'active_physical_devices': 15}, 206.85335420817137)
2026-07-09 02:53:24,978 | INFO | fit progress: (34, 0.6485637873649597, {'accuracy': 0.8199, 'global_ece': 0.15283613336533308, 'selected_count': 15, 'active_physical_devices': 15}, 206.85335420817137)
[92mINFO [0m:      configure_evaluate: no clients selected, skipping evaluation
2026-07-09 02:53:24,978 | INFO | configure_evaluate: no clients selected, skipping evaluation
[92mINFO [0m:      
2026-07-09 02:53:24,978 | INFO | 
[92mINFO [0m:      [ROUND 35]
2026-07-09 02:53:24,978 | INFO | [ROUND 35]
[92mINFO [0m:      configure_fit: strategy sampled 24 clients (out of 24)
2026-07-09 02:53:24,979 | INFO | configure_fit: strategy sampled 24 clients (out of 24)
[92mINFO [0m:      aggregate_fit: received 24 results and 0 failures
2026-07-09 02:53:28,155 | INFO | aggregate_fit: received 24 results and 0 failures
[round=0035 method=vi] mean_acc=0.8212 mean_loss=0.6416 mc_acc=0.8212 mc_loss=0.6416 ece=0.1513 active_physical=15 virtual=11
[92mINFO [0m:      fit progress: (35, 0.6415998211860656, {'accuracy': 0.8212, 'global_ece': 0.15133775119334464, 'selected_count': 15, 'active_physical_devices': 15}, 212.55470319092274)
2026-07-09 02:53:30,679 | INFO | fit progress: (35, 0.6415998211860656, {'accuracy': 0.8212, 'global_ece': 0.15133775119334464, 'selected_count': 15, 'active_physical_devices': 15}, 212.55470319092274)
[92mINFO [0m:      configure_evaluate: no clients selected, skipping evaluation
2026-07-09 02:53:30,679 | INFO | configure_evaluate: no clients selected, skipping evaluation
[92mINFO [0m:      
2026-07-09 02:53:30,679 | INFO | 
[92mINFO [0m:      [ROUND 36]
2026-07-09 02:53:30,679 | INFO | [ROUND 36]
[92mINFO [0m:      configure_fit: strategy sampled 24 clients (out of 24)
2026-07-09 02:53:30,680 | INFO | configure_fit: strategy sampled 24 clients (out of 24)
[92mINFO [0m:      aggregate_fit: received 24 results and 0 failures
2026-07-09 02:53:33,742 | INFO | aggregate_fit: received 24 results and 0 failures
[round=0036 method=vi] mean_acc=0.8225 mean_loss=0.6170 mc_acc=0.8225 mc_loss=0.6171 ece=0.1355 active_physical=15 virtual=11
[92mINFO [0m:      fit progress: (36, 0.6170456112861633, {'accuracy': 0.8225, 'global_ece': 0.1355273679584265, 'selected_count': 15, 'active_physical_devices': 15}, 218.20554907992482)
2026-07-09 02:53:36,330 | INFO | fit progress: (36, 0.6170456112861633, {'accuracy': 0.8225, 'global_ece': 0.1355273679584265, 'selected_count': 15, 'active_physical_devices': 15}, 218.20554907992482)
[92mINFO [0m:      configure_evaluate: no clients selected, skipping evaluation
2026-07-09 02:53:36,330 | INFO | configure_evaluate: no clients selected, skipping evaluation
[92mINFO [0m:      
2026-07-09 02:53:36,330 | INFO | 
[92mINFO [0m:      [ROUND 37]
2026-07-09 02:53:36,330 | INFO | [ROUND 37]
[92mINFO [0m:      configure_fit: strategy sampled 24 clients (out of 24)
2026-07-09 02:53:36,331 | INFO | configure_fit: strategy sampled 24 clients (out of 24)
[92mINFO [0m:      aggregate_fit: received 24 results and 0 failures
2026-07-09 02:53:41,128 | INFO | aggregate_fit: received 24 results and 0 failures
[round=0037 method=vi] mean_acc=0.8300 mean_loss=0.6040 mc_acc=0.8299 mc_loss=0.6040 ece=0.1398 active_physical=15 virtual=11
[92mINFO [0m:      fit progress: (37, 0.6039505482196807, {'accuracy': 0.83, 'global_ece': 0.13981864656060936, 'selected_count': 15, 'active_physical_devices': 15}, 225.4921376556158)
2026-07-09 02:53:43,616 | INFO | fit progress: (37, 0.6039505482196807, {'accuracy': 0.83, 'global_ece': 0.13981864656060936, 'selected_count': 15, 'active_physical_devices': 15}, 225.4921376556158)
[92mINFO [0m:      configure_evaluate: no clients selected, skipping evaluation
2026-07-09 02:53:43,617 | INFO | configure_evaluate: no clients selected, skipping evaluation
[92mINFO [0m:      
2026-07-09 02:53:43,617 | INFO | 
[92mINFO [0m:      [ROUND 38]
2026-07-09 02:53:43,617 | INFO | [ROUND 38]
[92mINFO [0m:      configure_fit: strategy sampled 24 clients (out of 24)
2026-07-09 02:53:43,617 | INFO | configure_fit: strategy sampled 24 clients (out of 24)
[92mINFO [0m:      aggregate_fit: received 24 results and 0 failures
2026-07-09 02:53:47,799 | INFO | aggregate_fit: received 24 results and 0 failures
[round=0038 method=vi] mean_acc=0.8136 mean_loss=0.6156 mc_acc=0.8136 mc_loss=0.6156 ece=0.1175 active_physical=15 virtual=12
[92mINFO [0m:      fit progress: (38, 0.6155675911903381, {'accuracy': 0.8136, 'global_ece': 0.11748579531759024, 'selected_count': 15, 'active_physical_devices': 15}, 232.26513870432973)
2026-07-09 02:53:50,389 | INFO | fit progress: (38, 0.6155675911903381, {'accuracy': 0.8136, 'global_ece': 0.11748579531759024, 'selected_count': 15, 'active_physical_devices': 15}, 232.26513870432973)
[92mINFO [0m:      configure_evaluate: no clients selected, skipping evaluation
2026-07-09 02:53:50,390 | INFO | configure_evaluate: no clients selected, skipping evaluation
[92mINFO [0m:      
2026-07-09 02:53:50,390 | INFO | 
[92mINFO [0m:      [ROUND 39]
2026-07-09 02:53:50,390 | INFO | [ROUND 39]
[92mINFO [0m:      configure_fit: strategy sampled 24 clients (out of 24)
2026-07-09 02:53:50,391 | INFO | configure_fit: strategy sampled 24 clients (out of 24)
[92mINFO [0m:      aggregate_fit: received 24 results and 0 failures
2026-07-09 02:53:54,895 | INFO | aggregate_fit: received 24 results and 0 failures
[round=0039 method=vi] mean_acc=0.8086 mean_loss=0.6268 mc_acc=0.8086 mc_loss=0.6268 ece=0.1045 active_physical=15 virtual=11
[92mINFO [0m:      fit progress: (39, 0.6267521799564362, {'accuracy': 0.8086, 'global_ece': 0.10454066299945114, 'selected_count': 15, 'active_physical_devices': 15}, 239.3395243883133)
2026-07-09 02:53:57,464 | INFO | fit progress: (39, 0.6267521799564362, {'accuracy': 0.8086, 'global_ece': 0.10454066299945114, 'selected_count': 15, 'active_physical_devices': 15}, 239.3395243883133)
[92mINFO [0m:      configure_evaluate: no clients selected, skipping evaluation
2026-07-09 02:53:57,464 | INFO | configure_evaluate: no clients selected, skipping evaluation
[92mINFO [0m:      
2026-07-09 02:53:57,464 | INFO | 
[92mINFO [0m:      [ROUND 40]
2026-07-09 02:53:57,464 | INFO | [ROUND 40]
[92mINFO [0m:      configure_fit: strategy sampled 24 clients (out of 24)
2026-07-09 02:53:57,465 | INFO | configure_fit: strategy sampled 24 clients (out of 24)
[92mINFO [0m:      aggregate_fit: received 24 results and 0 failures
2026-07-09 02:54:01,327 | INFO | aggregate_fit: received 24 results and 0 failures
[round=0040 method=vi] mean_acc=0.8059 mean_loss=0.6143 mc_acc=0.8059 mc_loss=0.6143 ece=0.0850 active_physical=15 virtual=11
[92mINFO [0m:      fit progress: (40, 0.614257142162323, {'accuracy': 0.8059, 'global_ece': 0.08498405060470102, 'selected_count': 15, 'active_physical_devices': 15}, 245.6933940500021)
2026-07-09 02:54:03,818 | INFO | fit progress: (40, 0.614257142162323, {'accuracy': 0.8059, 'global_ece': 0.08498405060470102, 'selected_count': 15, 'active_physical_devices': 15}, 245.6933940500021)
[92mINFO [0m:      configure_evaluate: no clients selected, skipping evaluation
2026-07-09 02:54:03,818 | INFO | configure_evaluate: no clients selected, skipping evaluation
[92mINFO [0m:      
2026-07-09 02:54:03,818 | INFO | 
[92mINFO [0m:      [ROUND 41]
2026-07-09 02:54:03,818 | INFO | [ROUND 41]
[92mINFO [0m:      configure_fit: strategy sampled 24 clients (out of 24)
2026-07-09 02:54:03,819 | INFO | configure_fit: strategy sampled 24 clients (out of 24)
[92mINFO [0m:      aggregate_fit: received 24 results and 0 failures
2026-07-09 02:54:07,559 | INFO | aggregate_fit: received 24 results and 0 failures
[round=0041 method=vi] mean_acc=0.8147 mean_loss=0.6020 mc_acc=0.8145 mc_loss=0.6020 ece=0.0850 active_physical=15 virtual=11
[92mINFO [0m:      fit progress: (41, 0.6020163609981537, {'accuracy': 0.8147, 'global_ece': 0.08500718163102863, 'selected_count': 15, 'active_physical_devices': 15}, 251.9140128530562)
2026-07-09 02:54:10,038 | INFO | fit progress: (41, 0.6020163609981537, {'accuracy': 0.8147, 'global_ece': 0.08500718163102863, 'selected_count': 15, 'active_physical_devices': 15}, 251.9140128530562)
[92mINFO [0m:      configure_evaluate: no clients selected, skipping evaluation
2026-07-09 02:54:10,039 | INFO | configure_evaluate: no clients selected, skipping evaluation
[92mINFO [0m:      
2026-07-09 02:54:10,039 | INFO | 
[92mINFO [0m:      [ROUND 42]
2026-07-09 02:54:10,039 | INFO | [ROUND 42]
[92mINFO [0m:      configure_fit: strategy sampled 24 clients (out of 24)
2026-07-09 02:54:10,040 | INFO | configure_fit: strategy sampled 24 clients (out of 24)
[92mINFO [0m:      aggregate_fit: received 24 results and 0 failures
2026-07-09 02:54:13,912 | INFO | aggregate_fit: received 24 results and 0 failures
[round=0042 method=vi] mean_acc=0.8187 mean_loss=0.5744 mc_acc=0.8187 mc_loss=0.5744 ece=0.0845 active_physical=15 virtual=11
[92mINFO [0m:      fit progress: (42, 0.5744376902103424, {'accuracy': 0.8187, 'global_ece': 0.08445099513083695, 'selected_count': 15, 'active_physical_devices': 15}, 258.34877487644553)
2026-07-09 02:54:16,473 | INFO | fit progress: (42, 0.5744376902103424, {'accuracy': 0.8187, 'global_ece': 0.08445099513083695, 'selected_count': 15, 'active_physical_devices': 15}, 258.34877487644553)
[92mINFO [0m:      configure_evaluate: no clients selected, skipping evaluation
2026-07-09 02:54:16,473 | INFO | configure_evaluate: no clients selected, skipping evaluation
[92mINFO [0m:      
2026-07-09 02:54:16,473 | INFO | 
[92mINFO [0m:      [ROUND 43]
2026-07-09 02:54:16,473 | INFO | [ROUND 43]
[92mINFO [0m:      configure_fit: strategy sampled 24 clients (out of 24)
2026-07-09 02:54:16,474 | INFO | configure_fit: strategy sampled 24 clients (out of 24)
[92mINFO [0m:      aggregate_fit: received 24 results and 0 failures
2026-07-09 02:54:21,133 | INFO | aggregate_fit: received 24 results and 0 failures
[round=0043 method=vi] mean_acc=0.8084 mean_loss=0.5809 mc_acc=0.8084 mc_loss=0.5809 ece=0.0791 active_physical=15 virtual=10
[92mINFO [0m:      fit progress: (43, 0.5808856265068054, {'accuracy': 0.8084, 'global_ece': 0.07910811789780856, 'selected_count': 15, 'active_physical_devices': 15}, 264.9825238548219)
2026-07-09 02:54:23,107 | INFO | fit progress: (43, 0.5808856265068054, {'accuracy': 0.8084, 'global_ece': 0.07910811789780856, 'selected_count': 15, 'active_physical_devices': 15}, 264.9825238548219)
[92mINFO [0m:      configure_evaluate: no clients selected, skipping evaluation
2026-07-09 02:54:23,107 | INFO | configure_evaluate: no clients selected, skipping evaluation
[92mINFO [0m:      
2026-07-09 02:54:23,107 | INFO | 
[92mINFO [0m:      [ROUND 44]
2026-07-09 02:54:23,107 | INFO | [ROUND 44]
[92mINFO [0m:      configure_fit: strategy sampled 24 clients (out of 24)
2026-07-09 02:54:23,108 | INFO | configure_fit: strategy sampled 24 clients (out of 24)
[92mINFO [0m:      aggregate_fit: received 24 results and 0 failures
2026-07-09 02:54:26,942 | INFO | aggregate_fit: received 24 results and 0 failures
[round=0044 method=vi] mean_acc=0.8311 mean_loss=0.5700 mc_acc=0.8311 mc_loss=0.5700 ece=0.1042 active_physical=15 virtual=12
[92mINFO [0m:      fit progress: (44, 0.5699981387138366, {'accuracy': 0.8311, 'global_ece': 0.10420734021514656, 'selected_count': 15, 'active_physical_devices': 15}, 270.82555976882577)
2026-07-09 02:54:28,950 | INFO | fit progress: (44, 0.5699981387138366, {'accuracy': 0.8311, 'global_ece': 0.10420734021514656, 'selected_count': 15, 'active_physical_devices': 15}, 270.82555976882577)
[92mINFO [0m:      configure_evaluate: no clients selected, skipping evaluation
2026-07-09 02:54:28,950 | INFO | configure_evaluate: no clients selected, skipping evaluation
[92mINFO [0m:      
2026-07-09 02:54:28,950 | INFO | 
[92mINFO [0m:      [ROUND 45]
2026-07-09 02:54:28,950 | INFO | [ROUND 45]
[92mINFO [0m:      configure_fit: strategy sampled 24 clients (out of 24)
2026-07-09 02:54:28,951 | INFO | configure_fit: strategy sampled 24 clients (out of 24)
[92mINFO [0m:      aggregate_fit: received 24 results and 0 failures
2026-07-09 02:54:32,845 | INFO | aggregate_fit: received 24 results and 0 failures
[round=0045 method=vi] mean_acc=0.8196 mean_loss=0.5839 mc_acc=0.8196 mc_loss=0.5839 ece=0.0831 active_physical=15 virtual=12
[92mINFO [0m:      fit progress: (45, 0.5839001211166381, {'accuracy': 0.8196, 'global_ece': 0.08306638363301752, 'selected_count': 15, 'active_physical_devices': 15}, 276.7905220091343)
2026-07-09 02:54:34,915 | INFO | fit progress: (45, 0.5839001211166381, {'accuracy': 0.8196, 'global_ece': 0.08306638363301752, 'selected_count': 15, 'active_physical_devices': 15}, 276.7905220091343)
[92mINFO [0m:      configure_evaluate: no clients selected, skipping evaluation
2026-07-09 02:54:34,915 | INFO | configure_evaluate: no clients selected, skipping evaluation
[92mINFO [0m:      
2026-07-09 02:54:34,915 | INFO | 
[92mINFO [0m:      [ROUND 46]
2026-07-09 02:54:34,915 | INFO | [ROUND 46]
[92mINFO [0m:      configure_fit: strategy sampled 24 clients (out of 24)
2026-07-09 02:54:34,916 | INFO | configure_fit: strategy sampled 24 clients (out of 24)
[92mINFO [0m:      aggregate_fit: received 24 results and 0 failures
2026-07-09 02:54:38,601 | INFO | aggregate_fit: received 24 results and 0 failures
[round=0046 method=vi] mean_acc=0.8016 mean_loss=0.6215 mc_acc=0.8017 mc_loss=0.6215 ece=0.0815 active_physical=15 virtual=11
[92mINFO [0m:      fit progress: (46, 0.6214804430007934, {'accuracy': 0.8016, 'global_ece': 0.08154210102409123, 'selected_count': 15, 'active_physical_devices': 15}, 282.6131777726114)
2026-07-09 02:54:40,737 | INFO | fit progress: (46, 0.6214804430007934, {'accuracy': 0.8016, 'global_ece': 0.08154210102409123, 'selected_count': 15, 'active_physical_devices': 15}, 282.6131777726114)
[92mINFO [0m:      configure_evaluate: no clients selected, skipping evaluation
2026-07-09 02:54:40,738 | INFO | configure_evaluate: no clients selected, skipping evaluation
[92mINFO [0m:      
2026-07-09 02:54:40,738 | INFO | 
[92mINFO [0m:      [ROUND 47]
2026-07-09 02:54:40,738 | INFO | [ROUND 47]
[92mINFO [0m:      configure_fit: strategy sampled 24 clients (out of 24)
2026-07-09 02:54:40,739 | INFO | configure_fit: strategy sampled 24 clients (out of 24)
[92mINFO [0m:      aggregate_fit: received 24 results and 0 failures
2026-07-09 02:54:44,673 | INFO | aggregate_fit: received 24 results and 0 failures
[round=0047 method=vi] mean_acc=0.8481 mean_loss=0.5400 mc_acc=0.8482 mc_loss=0.5400 ece=0.1025 active_physical=15 virtual=10
[92mINFO [0m:      fit progress: (47, 0.5400184368133545, {'accuracy': 0.8481, 'global_ece': 0.10251489591002462, 'selected_count': 15, 'active_physical_devices': 15}, 289.14174757152796)
2026-07-09 02:54:47,266 | INFO | fit progress: (47, 0.5400184368133545, {'accuracy': 0.8481, 'global_ece': 0.10251489591002462, 'selected_count': 15, 'active_physical_devices': 15}, 289.14174757152796)
[92mINFO [0m:      configure_evaluate: no clients selected, skipping evaluation
2026-07-09 02:54:47,266 | INFO | configure_evaluate: no clients selected, skipping evaluation
[92mINFO [0m:      
2026-07-09 02:54:47,266 | INFO | 
[92mINFO [0m:      [ROUND 48]
2026-07-09 02:54:47,266 | INFO | [ROUND 48]
[92mINFO [0m:      configure_fit: strategy sampled 24 clients (out of 24)
2026-07-09 02:54:47,267 | INFO | configure_fit: strategy sampled 24 clients (out of 24)
[92mINFO [0m:      aggregate_fit: received 24 results and 0 failures
2026-07-09 02:54:51,757 | INFO | aggregate_fit: received 24 results and 0 failures
[round=0048 method=vi] mean_acc=0.8497 mean_loss=0.5145 mc_acc=0.8497 mc_loss=0.5145 ece=0.0947 active_physical=15 virtual=12
[92mINFO [0m:      fit progress: (48, 0.514527279663086, {'accuracy': 0.8497, 'global_ece': 0.0947010061711073, 'selected_count': 15, 'active_physical_devices': 15}, 295.642019379884)
2026-07-09 02:54:53,766 | INFO | fit progress: (48, 0.514527279663086, {'accuracy': 0.8497, 'global_ece': 0.0947010061711073, 'selected_count': 15, 'active_physical_devices': 15}, 295.642019379884)
[92mINFO [0m:      configure_evaluate: no clients selected, skipping evaluation
2026-07-09 02:54:53,767 | INFO | configure_evaluate: no clients selected, skipping evaluation
[92mINFO [0m:      
2026-07-09 02:54:53,767 | INFO | 
[92mINFO [0m:      [ROUND 49]
2026-07-09 02:54:53,767 | INFO | [ROUND 49]
[92mINFO [0m:      configure_fit: strategy sampled 24 clients (out of 24)
2026-07-09 02:54:53,767 | INFO | configure_fit: strategy sampled 24 clients (out of 24)
[92mINFO [0m:      aggregate_fit: received 24 results and 0 failures
2026-07-09 02:54:58,137 | INFO | aggregate_fit: received 24 results and 0 failures
[round=0049 method=vi] mean_acc=0.8212 mean_loss=0.5472 mc_acc=0.8213 mc_loss=0.5472 ece=0.0593 active_physical=15 virtual=13
[92mINFO [0m:      fit progress: (49, 0.5471924356460571, {'accuracy': 0.8212, 'global_ece': 0.05927447809725998, 'selected_count': 15, 'active_physical_devices': 15}, 302.5696050673723)
2026-07-09 02:55:00,694 | INFO | fit progress: (49, 0.5471924356460571, {'accuracy': 0.8212, 'global_ece': 0.05927447809725998, 'selected_count': 15, 'active_physical_devices': 15}, 302.5696050673723)
[92mINFO [0m:      configure_evaluate: no clients selected, skipping evaluation
2026-07-09 02:55:00,694 | INFO | configure_evaluate: no clients selected, skipping evaluation
[92mINFO [0m:      
2026-07-09 02:55:00,694 | INFO | 
[92mINFO [0m:      [ROUND 50]
2026-07-09 02:55:00,694 | INFO | [ROUND 50]
[92mINFO [0m:      configure_fit: strategy sampled 24 clients (out of 24)
2026-07-09 02:55:00,695 | INFO | configure_fit: strategy sampled 24 clients (out of 24)
[92mINFO [0m:      aggregate_fit: received 24 results and 0 failures
2026-07-09 02:55:04,507 | INFO | aggregate_fit: received 24 results and 0 failures
[round=0050 method=vi] mean_acc=0.8229 mean_loss=0.5748 mc_acc=0.8228 mc_loss=0.5748 ece=0.0676 active_physical=15 virtual=11
[92mINFO [0m:      fit progress: (50, 0.5748389747619629, {'accuracy': 0.8229, 'global_ece': 0.06760244028121236, 'selected_count': 15, 'active_physical_devices': 15}, 308.49225825816393)
2026-07-09 02:55:06,617 | INFO | fit progress: (50, 0.5748389747619629, {'accuracy': 0.8229, 'global_ece': 0.06760244028121236, 'selected_count': 15, 'active_physical_devices': 15}, 308.49225825816393)
[92mINFO [0m:      configure_evaluate: no clients selected, skipping evaluation
2026-07-09 02:55:06,617 | INFO | configure_evaluate: no clients selected, skipping evaluation
[92mINFO [0m:      
2026-07-09 02:55:06,617 | INFO | 
[92mINFO [0m:      [ROUND 51]
2026-07-09 02:55:06,617 | INFO | [ROUND 51]
[92mINFO [0m:      configure_fit: strategy sampled 24 clients (out of 24)
2026-07-09 02:55:06,617 | INFO | configure_fit: strategy sampled 24 clients (out of 24)
[92mINFO [0m:      aggregate_fit: received 24 results and 0 failures
2026-07-09 02:55:10,464 | INFO | aggregate_fit: received 24 results and 0 failures
[round=0051 method=vi] mean_acc=0.7953 mean_loss=0.6238 mc_acc=0.7955 mc_loss=0.6238 ece=0.0365 active_physical=15 virtual=12
[92mINFO [0m:      fit progress: (51, 0.623772275352478, {'accuracy': 0.7953, 'global_ece': 0.036549335676431635, 'selected_count': 15, 'active_physical_devices': 15}, 314.34311417490244)
2026-07-09 02:55:12,467 | INFO | fit progress: (51, 0.623772275352478, {'accuracy': 0.7953, 'global_ece': 0.036549335676431635, 'selected_count': 15, 'active_physical_devices': 15}, 314.34311417490244)
[92mINFO [0m:      configure_evaluate: no clients selected, skipping evaluation
2026-07-09 02:55:12,468 | INFO | configure_evaluate: no clients selected, skipping evaluation
[92mINFO [0m:      
2026-07-09 02:55:12,468 | INFO | 
[92mINFO [0m:      [ROUND 52]
2026-07-09 02:55:12,468 | INFO | [ROUND 52]
[92mINFO [0m:      configure_fit: strategy sampled 24 clients (out of 24)
2026-07-09 02:55:12,468 | INFO | configure_fit: strategy sampled 24 clients (out of 24)
[92mINFO [0m:      aggregate_fit: received 24 results and 0 failures
2026-07-09 02:55:16,409 | INFO | aggregate_fit: received 24 results and 0 failures
[round=0052 method=vi] mean_acc=0.8688 mean_loss=0.4797 mc_acc=0.8688 mc_loss=0.4797 ece=0.1003 active_physical=15 virtual=11
[92mINFO [0m:      fit progress: (52, 0.4796983635902405, {'accuracy': 0.8688, 'global_ece': 0.10028026327788829, 'selected_count': 15, 'active_physical_devices': 15}, 320.3049078322947)
2026-07-09 02:55:18,429 | INFO | fit progress: (52, 0.4796983635902405, {'accuracy': 0.8688, 'global_ece': 0.10028026327788829, 'selected_count': 15, 'active_physical_devices': 15}, 320.3049078322947)
[92mINFO [0m:      configure_evaluate: no clients selected, skipping evaluation
2026-07-09 02:55:18,429 | INFO | configure_evaluate: no clients selected, skipping evaluation
[92mINFO [0m:      
2026-07-09 02:55:18,429 | INFO | 
[92mINFO [0m:      [ROUND 53]
2026-07-09 02:55:18,429 | INFO | [ROUND 53]
[92mINFO [0m:      configure_fit: strategy sampled 24 clients (out of 24)
2026-07-09 02:55:18,430 | INFO | configure_fit: strategy sampled 24 clients (out of 24)
[92mINFO [0m:      aggregate_fit: received 24 results and 0 failures
2026-07-09 02:55:21,990 | INFO | aggregate_fit: received 24 results and 0 failures
[round=0053 method=vi] mean_acc=0.8626 mean_loss=0.4693 mc_acc=0.8626 mc_loss=0.4693 ece=0.0837 active_physical=15 virtual=12
[92mINFO [0m:      fit progress: (53, 0.4693044394016266, {'accuracy': 0.8626, 'global_ece': 0.08370071306973695, 'selected_count': 15, 'active_physical_devices': 15}, 326.59478572383523)
2026-07-09 02:55:24,719 | INFO | fit progress: (53, 0.4693044394016266, {'accuracy': 0.8626, 'global_ece': 0.08370071306973695, 'selected_count': 15, 'active_physical_devices': 15}, 326.59478572383523)
[92mINFO [0m:      configure_evaluate: no clients selected, skipping evaluation
2026-07-09 02:55:24,719 | INFO | configure_evaluate: no clients selected, skipping evaluation
[92mINFO [0m:      
2026-07-09 02:55:24,719 | INFO | 
[92mINFO [0m:      [ROUND 54]
2026-07-09 02:55:24,719 | INFO | [ROUND 54]
[92mINFO [0m:      configure_fit: strategy sampled 24 clients (out of 24)
2026-07-09 02:55:24,720 | INFO | configure_fit: strategy sampled 24 clients (out of 24)
[92mINFO [0m:      aggregate_fit: received 24 results and 0 failures
2026-07-09 02:55:28,894 | INFO | aggregate_fit: received 24 results and 0 failures
[round=0054 method=vi] mean_acc=0.8367 mean_loss=0.5130 mc_acc=0.8367 mc_loss=0.5130 ece=0.0629 active_physical=15 virtual=13
[92mINFO [0m:      fit progress: (54, 0.5129726404905319, {'accuracy': 0.8367, 'global_ece': 0.06290649157911542, 'selected_count': 15, 'active_physical_devices': 15}, 333.3658445701003)
2026-07-09 02:55:31,490 | INFO | fit progress: (54, 0.5129726404905319, {'accuracy': 0.8367, 'global_ece': 0.06290649157911542, 'selected_count': 15, 'active_physical_devices': 15}, 333.3658445701003)
[92mINFO [0m:      configure_evaluate: no clients selected, skipping evaluation
2026-07-09 02:55:31,490 | INFO | configure_evaluate: no clients selected, skipping evaluation
[92mINFO [0m:      
2026-07-09 02:55:31,491 | INFO | 
[92mINFO [0m:      [ROUND 55]
2026-07-09 02:55:31,491 | INFO | [ROUND 55]
[92mINFO [0m:      configure_fit: strategy sampled 24 clients (out of 24)
2026-07-09 02:55:31,492 | INFO | configure_fit: strategy sampled 24 clients (out of 24)
[92mINFO [0m:      aggregate_fit: received 24 results and 0 failures
2026-07-09 02:55:35,942 | INFO | aggregate_fit: received 24 results and 0 failures
[round=0055 method=vi] mean_acc=0.8537 mean_loss=0.4910 mc_acc=0.8537 mc_loss=0.4910 ece=0.0771 active_physical=15 virtual=11
[92mINFO [0m:      fit progress: (55, 0.4910418894290924, {'accuracy': 0.8537, 'global_ece': 0.07705047714561226, 'selected_count': 15, 'active_physical_devices': 15}, 340.5536862947047)
2026-07-09 02:55:38,678 | INFO | fit progress: (55, 0.4910418894290924, {'accuracy': 0.8537, 'global_ece': 0.07705047714561226, 'selected_count': 15, 'active_physical_devices': 15}, 340.5536862947047)
[92mINFO [0m:      configure_evaluate: no clients selected, skipping evaluation
2026-07-09 02:55:38,678 | INFO | configure_evaluate: no clients selected, skipping evaluation
[92mINFO [0m:      
2026-07-09 02:55:38,678 | INFO | 
[92mINFO [0m:      [ROUND 56]
2026-07-09 02:55:38,678 | INFO | [ROUND 56]
[92mINFO [0m:      configure_fit: strategy sampled 24 clients (out of 24)
2026-07-09 02:55:38,679 | INFO | configure_fit: strategy sampled 24 clients (out of 24)
[92mINFO [0m:      aggregate_fit: received 24 results and 0 failures
2026-07-09 02:55:42,188 | INFO | aggregate_fit: received 24 results and 0 failures
[round=0056 method=vi] mean_acc=0.8467 mean_loss=0.5087 mc_acc=0.8467 mc_loss=0.5087 ece=0.0686 active_physical=15 virtual=11
[92mINFO [0m:      fit progress: (56, 0.5087004725456238, {'accuracy': 0.8467, 'global_ece': 0.0685674053505063, 'selected_count': 15, 'active_physical_devices': 15}, 346.1029270514846)
2026-07-09 02:55:44,227 | INFO | fit progress: (56, 0.5087004725456238, {'accuracy': 0.8467, 'global_ece': 0.0685674053505063, 'selected_count': 15, 'active_physical_devices': 15}, 346.1029270514846)
[92mINFO [0m:      configure_evaluate: no clients selected, skipping evaluation
2026-07-09 02:55:44,227 | INFO | configure_evaluate: no clients selected, skipping evaluation
[92mINFO [0m:      
2026-07-09 02:55:44,227 | INFO | 
[92mINFO [0m:      [ROUND 57]
2026-07-09 02:55:44,227 | INFO | [ROUND 57]
[92mINFO [0m:      configure_fit: strategy sampled 24 clients (out of 24)
2026-07-09 02:55:44,228 | INFO | configure_fit: strategy sampled 24 clients (out of 24)
[92mINFO [0m:      aggregate_fit: received 24 results and 0 failures
2026-07-09 02:55:48,218 | INFO | aggregate_fit: received 24 results and 0 failures
[round=0057 method=vi] mean_acc=0.8264 mean_loss=0.5445 mc_acc=0.8264 mc_loss=0.5445 ece=0.0494 active_physical=15 virtual=14
[92mINFO [0m:      fit progress: (57, 0.544505462551117, {'accuracy': 0.8264, 'global_ece': 0.049358808366954346, 'selected_count': 15, 'active_physical_devices': 15}, 352.1076420992613)
2026-07-09 02:55:50,232 | INFO | fit progress: (57, 0.544505462551117, {'accuracy': 0.8264, 'global_ece': 0.049358808366954346, 'selected_count': 15, 'active_physical_devices': 15}, 352.1076420992613)
[92mINFO [0m:      configure_evaluate: no clients selected, skipping evaluation
2026-07-09 02:55:50,232 | INFO | configure_evaluate: no clients selected, skipping evaluation
[92mINFO [0m:      
2026-07-09 02:55:50,232 | INFO | 
[92mINFO [0m:      [ROUND 58]
2026-07-09 02:55:50,232 | INFO | [ROUND 58]
[92mINFO [0m:      configure_fit: strategy sampled 24 clients (out of 24)
2026-07-09 02:55:50,233 | INFO | configure_fit: strategy sampled 24 clients (out of 24)
[92mINFO [0m:      aggregate_fit: received 24 results and 0 failures
2026-07-09 02:55:53,920 | INFO | aggregate_fit: received 24 results and 0 failures
[round=0058 method=vi] mean_acc=0.8631 mean_loss=0.4625 mc_acc=0.8631 mc_loss=0.4625 ece=0.0697 active_physical=15 virtual=14
[92mINFO [0m:      fit progress: (58, 0.462524417090416, {'accuracy': 0.8631, 'global_ece': 0.06966507569253447, 'selected_count': 15, 'active_physical_devices': 15}, 358.2061537243426)
2026-07-09 02:55:56,330 | INFO | fit progress: (58, 0.462524417090416, {'accuracy': 0.8631, 'global_ece': 0.06966507569253447, 'selected_count': 15, 'active_physical_devices': 15}, 358.2061537243426)
[92mINFO [0m:      configure_evaluate: no clients selected, skipping evaluation
2026-07-09 02:55:56,331 | INFO | configure_evaluate: no clients selected, skipping evaluation
[92mINFO [0m:      
2026-07-09 02:55:56,331 | INFO | 
[92mINFO [0m:      [ROUND 59]
2026-07-09 02:55:56,331 | INFO | [ROUND 59]
[92mINFO [0m:      configure_fit: strategy sampled 24 clients (out of 24)
2026-07-09 02:55:56,332 | INFO | configure_fit: strategy sampled 24 clients (out of 24)
[92mINFO [0m:      aggregate_fit: received 24 results and 0 failures
2026-07-09 02:56:01,046 | INFO | aggregate_fit: received 24 results and 0 failures
[round=0059 method=vi] mean_acc=0.8516 mean_loss=0.4906 mc_acc=0.8516 mc_loss=0.4906 ece=0.0691 active_physical=15 virtual=12
[92mINFO [0m:      fit progress: (59, 0.49064768080711363, {'accuracy': 0.8516, 'global_ece': 0.06910921669602389, 'selected_count': 15, 'active_physical_devices': 15}, 365.32982482761145)
2026-07-09 02:56:03,454 | INFO | fit progress: (59, 0.49064768080711363, {'accuracy': 0.8516, 'global_ece': 0.06910921669602389, 'selected_count': 15, 'active_physical_devices': 15}, 365.32982482761145)
[92mINFO [0m:      configure_evaluate: no clients selected, skipping evaluation
2026-07-09 02:56:03,454 | INFO | configure_evaluate: no clients selected, skipping evaluation
[92mINFO [0m:      
2026-07-09 02:56:03,454 | INFO | 
[92mINFO [0m:      [ROUND 60]
2026-07-09 02:56:03,454 | INFO | [ROUND 60]
[92mINFO [0m:      configure_fit: strategy sampled 24 clients (out of 24)
2026-07-09 02:56:03,455 | INFO | configure_fit: strategy sampled 24 clients (out of 24)
[92mINFO [0m:      aggregate_fit: received 24 results and 0 failures
2026-07-09 02:56:06,988 | INFO | aggregate_fit: received 24 results and 0 failures
[round=0060 method=vi] mean_acc=0.8488 mean_loss=0.4900 mc_acc=0.8488 mc_loss=0.4900 ece=0.0572 active_physical=15 virtual=13
[92mINFO [0m:      fit progress: (60, 0.49000409803390504, {'accuracy': 0.8488, 'global_ece': 0.05715131520777937, 'selected_count': 15, 'active_physical_devices': 15}, 370.92875710874796)
2026-07-09 02:56:09,053 | INFO | fit progress: (60, 0.49000409803390504, {'accuracy': 0.8488, 'global_ece': 0.05715131520777937, 'selected_count': 15, 'active_physical_devices': 15}, 370.92875710874796)
[92mINFO [0m:      configure_evaluate: no clients selected, skipping evaluation
2026-07-09 02:56:09,053 | INFO | configure_evaluate: no clients selected, skipping evaluation
[92mINFO [0m:      
2026-07-09 02:56:09,053 | INFO | 
[92mINFO [0m:      [SUMMARY]
2026-07-09 02:56:09,054 | INFO | [SUMMARY]
[92mINFO [0m:      Run finished 60 round(s) in 370.93s
2026-07-09 02:56:09,054 | INFO | Run finished 60 round(s) in 370.93s
[92mINFO [0m:      	History (loss, centralized):
2026-07-09 02:56:09,085 | INFO | 	History (loss, centralized):
[92mINFO [0m:      		round 0: 2.283973722076416
2026-07-09 02:56:09,085 | INFO | 		round 0: 2.283973722076416
[92mINFO [0m:      		round 1: 2.236594789123535
2026-07-09 02:56:09,085 | INFO | 		round 1: 2.236594789123535
[92mINFO [0m:      		round 2: 2.2426038105010986
2026-07-09 02:56:09,085 | INFO | 		round 2: 2.2426038105010986
[92mINFO [0m:      		round 3: 2.1198815494537353
2026-07-09 02:56:09,085 | INFO | 		round 3: 2.1198815494537353
[92mINFO [0m:      		round 4: 2.0804025688171386
2026-07-09 02:56:09,085 | INFO | 		round 4: 2.0804025688171386
[92mINFO [0m:      		round 5: 1.9262927612304688
2026-07-09 02:56:09,085 | INFO | 		round 5: 1.9262927612304688
[92mINFO [0m:      		round 6: 1.8223810153961182
2026-07-09 02:56:09,085 | INFO | 		round 6: 1.8223810153961182
[92mINFO [0m:      		round 7: 1.79153524684906
2026-07-09 02:56:09,085 | INFO | 		round 7: 1.79153524684906
[92mINFO [0m:      		round 8: 1.6393075637817383
2026-07-09 02:56:09,085 | INFO | 		round 8: 1.6393075637817383
[92mINFO [0m:      		round 9: 1.5151355697631836
2026-07-09 02:56:09,085 | INFO | 		round 9: 1.5151355697631836
[92mINFO [0m:      		round 10: 1.4690736694335937
2026-07-09 02:56:09,085 | INFO | 		round 10: 1.4690736694335937
[92mINFO [0m:      		round 11: 1.3160908769607544
2026-07-09 02:56:09,085 | INFO | 		round 11: 1.3160908769607544
[92mINFO [0m:      		round 12: 1.259775926399231
2026-07-09 02:56:09,085 | INFO | 		round 12: 1.259775926399231
[92mINFO [0m:      		round 13: 1.2318511535644532
2026-07-09 02:56:09,085 | INFO | 		round 13: 1.2318511535644532
[92mINFO [0m:      		round 14: 1.2110463274002075
2026-07-09 02:56:09,085 | INFO | 		round 14: 1.2110463274002075
[92mINFO [0m:      		round 15: 1.2419613103866578
2026-07-09 02:56:09,086 | INFO | 		round 15: 1.2419613103866578
[92mINFO [0m:      		round 16: 1.1939326313018799
2026-07-09 02:56:09,086 | INFO | 		round 16: 1.1939326313018799
[92mINFO [0m:      		round 17: 1.0502760281562806
2026-07-09 02:56:09,086 | INFO | 		round 17: 1.0502760281562806
[92mINFO [0m:      		round 18: 1.0838914470672607
2026-07-09 02:56:09,086 | INFO | 		round 18: 1.0838914470672607
[92mINFO [0m:      		round 19: 1.0317783895492554
2026-07-09 02:56:09,086 | INFO | 		round 19: 1.0317783895492554
[92mINFO [0m:      		round 20: 0.9270950967788696
2026-07-09 02:56:09,086 | INFO | 		round 20: 0.9270950967788696
[92mINFO [0m:      		round 21: 0.9351440820693969
2026-07-09 02:56:09,086 | INFO | 		round 21: 0.9351440820693969
[92mINFO [0m:      		round 22: 0.9230051778793334
2026-07-09 02:56:09,086 | INFO | 		round 22: 0.9230051778793334
[92mINFO [0m:      		round 23: 0.901654596233368
2026-07-09 02:56:09,086 | INFO | 		round 23: 0.901654596233368
[92mINFO [0m:      		round 24: 0.9024348768234253
2026-07-09 02:56:09,086 | INFO | 		round 24: 0.9024348768234253
[92mINFO [0m:      		round 25: 0.8211968224525452
2026-07-09 02:56:09,086 | INFO | 		round 25: 0.8211968224525452
[92mINFO [0m:      		round 26: 0.7950608097076416
2026-07-09 02:56:09,086 | INFO | 		round 26: 0.7950608097076416
[92mINFO [0m:      		round 27: 0.8189118123054504
2026-07-09 02:56:09,086 | INFO | 		round 27: 0.8189118123054504
[92mINFO [0m:      		round 28: 0.7963526290893554
2026-07-09 02:56:09,086 | INFO | 		round 28: 0.7963526290893554
[92mINFO [0m:      		round 29: 0.8146655214309693
2026-07-09 02:56:09,086 | INFO | 		round 29: 0.8146655214309693
[92mINFO [0m:      		round 30: 0.7589575819015503
2026-07-09 02:56:09,086 | INFO | 		round 30: 0.7589575819015503
[92mINFO [0m:      		round 31: 0.7508613548278809
2026-07-09 02:56:09,086 | INFO | 		round 31: 0.7508613548278809
[92mINFO [0m:      		round 32: 0.6715313027381897
2026-07-09 02:56:09,086 | INFO | 		round 32: 0.6715313027381897
[92mINFO [0m:      		round 33: 0.6699486588478089
2026-07-09 02:56:09,086 | INFO | 		round 33: 0.6699486588478089
[92mINFO [0m:      		round 34: 0.6485637873649597
2026-07-09 02:56:09,086 | INFO | 		round 34: 0.6485637873649597
[92mINFO [0m:      		round 35: 0.6415998211860656
2026-07-09 02:56:09,086 | INFO | 		round 35: 0.6415998211860656
[92mINFO [0m:      		round 36: 0.6170456112861633
2026-07-09 02:56:09,086 | INFO | 		round 36: 0.6170456112861633
[92mINFO [0m:      		round 37: 0.6039505482196807
2026-07-09 02:56:09,086 | INFO | 		round 37: 0.6039505482196807
[92mINFO [0m:      		round 38: 0.6155675911903381
2026-07-09 02:56:09,086 | INFO | 		round 38: 0.6155675911903381
[92mINFO [0m:      		round 39: 0.6267521799564362
2026-07-09 02:56:09,086 | INFO | 		round 39: 0.6267521799564362
[92mINFO [0m:      		round 40: 0.614257142162323
2026-07-09 02:56:09,086 | INFO | 		round 40: 0.614257142162323
[92mINFO [0m:      		round 41: 0.6020163609981537
2026-07-09 02:56:09,086 | INFO | 		round 41: 0.6020163609981537
[92mINFO [0m:      		round 42: 0.5744376902103424
2026-07-09 02:56:09,086 | INFO | 		round 42: 0.5744376902103424
[92mINFO [0m:      		round 43: 0.5808856265068054
2026-07-09 02:56:09,086 | INFO | 		round 43: 0.5808856265068054
[92mINFO [0m:      		round 44: 0.5699981387138366
2026-07-09 02:56:09,086 | INFO | 		round 44: 0.5699981387138366
[92mINFO [0m:      		round 45: 0.5839001211166381
2026-07-09 02:56:09,086 | INFO | 		round 45: 0.5839001211166381
[92mINFO [0m:      		round 46: 0.6214804430007934
2026-07-09 02:56:09,086 | INFO | 		round 46: 0.6214804430007934
[92mINFO [0m:      		round 47: 0.5400184368133545
2026-07-09 02:56:09,086 | INFO | 		round 47: 0.5400184368133545
[92mINFO [0m:      		round 48: 0.514527279663086
2026-07-09 02:56:09,086 | INFO | 		round 48: 0.514527279663086
[92mINFO [0m:      		round 49: 0.5471924356460571
2026-07-09 02:56:09,086 | INFO | 		round 49: 0.5471924356460571
[92mINFO [0m:      		round 50: 0.5748389747619629
2026-07-09 02:56:09,086 | INFO | 		round 50: 0.5748389747619629
[92mINFO [0m:      		round 51: 0.623772275352478
2026-07-09 02:56:09,087 | INFO | 		round 51: 0.623772275352478
[92mINFO [0m:      		round 52: 0.4796983635902405
2026-07-09 02:56:09,087 | INFO | 		round 52: 0.4796983635902405
[92mINFO [0m:      		round 53: 0.4693044394016266
2026-07-09 02:56:09,087 | INFO | 		round 53: 0.4693044394016266
[92mINFO [0m:      		round 54: 0.5129726404905319
2026-07-09 02:56:09,087 | INFO | 		round 54: 0.5129726404905319
[92mINFO [0m:      		round 55: 0.4910418894290924
2026-07-09 02:56:09,087 | INFO | 		round 55: 0.4910418894290924
[92mINFO [0m:      		round 56: 0.5087004725456238
2026-07-09 02:56:09,087 | INFO | 		round 56: 0.5087004725456238
[92mINFO [0m:      		round 57: 0.544505462551117
2026-07-09 02:56:09,087 | INFO | 		round 57: 0.544505462551117
[92mINFO [0m:      		round 58: 0.462524417090416
2026-07-09 02:56:09,087 | INFO | 		round 58: 0.462524417090416
[92mINFO [0m:      		round 59: 0.49064768080711363
2026-07-09 02:56:09,087 | INFO | 		round 59: 0.49064768080711363
[92mINFO [0m:      		round 60: 0.49000409803390504
2026-07-09 02:56:09,087 | INFO | 		round 60: 0.49000409803390504
[92mINFO [0m:      	History (metrics, distributed, fit):
2026-07-09 02:56:09,087 | INFO | 	History (metrics, distributed, fit):
[92mINFO [0m:      	{'active_physical_devices': [(1, 15),
2026-07-09 02:56:09,087 | INFO | 	{'active_physical_devices': [(1, 15),
[92mINFO [0m:      	                             (2, 15),
2026-07-09 02:56:09,087 | INFO | 	                             (2, 15),
[92mINFO [0m:      	                             (3, 15),
2026-07-09 02:56:09,087 | INFO | 	                             (3, 15),
[92mINFO [0m:      	                             (4, 15),
2026-07-09 02:56:09,087 | INFO | 	                             (4, 15),
[92mINFO [0m:      	                             (5, 15),
2026-07-09 02:56:09,087 | INFO | 	                             (5, 15),
[92mINFO [0m:      	                             (6, 15),
2026-07-09 02:56:09,087 | INFO | 	                             (6, 15),
[92mINFO [0m:      	                             (7, 15),
2026-07-09 02:56:09,087 | INFO | 	                             (7, 15),
[92mINFO [0m:      	                             (8, 15),
2026-07-09 02:56:09,087 | INFO | 	                             (8, 15),
[92mINFO [0m:      	                             (9, 15),
2026-07-09 02:56:09,087 | INFO | 	                             (9, 15),
[92mINFO [0m:      	                             (10, 15),
2026-07-09 02:56:09,087 | INFO | 	                             (10, 15),
[92mINFO [0m:      	                             (11, 15),
2026-07-09 02:56:09,087 | INFO | 	                             (11, 15),
[92mINFO [0m:      	                             (12, 15),
2026-07-09 02:56:09,087 | INFO | 	                             (12, 15),
[92mINFO [0m:      	                             (13, 15),
2026-07-09 02:56:09,087 | INFO | 	                             (13, 15),
[92mINFO [0m:      	                             (14, 15),
2026-07-09 02:56:09,087 | INFO | 	                             (14, 15),
[92mINFO [0m:      	                             (15, 15),
2026-07-09 02:56:09,087 | INFO | 	                             (15, 15),
[92mINFO [0m:      	                             (16, 15),
2026-07-09 02:56:09,087 | INFO | 	                             (16, 15),
[92mINFO [0m:      	                             (17, 15),
2026-07-09 02:56:09,087 | INFO | 	                             (17, 15),
[92mINFO [0m:      	                             (18, 15),
2026-07-09 02:56:09,087 | INFO | 	                             (18, 15),
[92mINFO [0m:      	                             (19, 15),
2026-07-09 02:56:09,087 | INFO | 	                             (19, 15),
[92mINFO [0m:      	                             (20, 15),
2026-07-09 02:56:09,087 | INFO | 	                             (20, 15),
[92mINFO [0m:      	                             (21, 15),
2026-07-09 02:56:09,087 | INFO | 	                             (21, 15),
[92mINFO [0m:      	                             (22, 15),
2026-07-09 02:56:09,087 | INFO | 	                             (22, 15),
[92mINFO [0m:      	                             (23, 15),
2026-07-09 02:56:09,087 | INFO | 	                             (23, 15),
[92mINFO [0m:      	                             (24, 15),
2026-07-09 02:56:09,087 | INFO | 	                             (24, 15),
[92mINFO [0m:      	                             (25, 15),
2026-07-09 02:56:09,087 | INFO | 	                             (25, 15),
[92mINFO [0m:      	                             (26, 15),
2026-07-09 02:56:09,088 | INFO | 	                             (26, 15),
[92mINFO [0m:      	                             (27, 15),
2026-07-09 02:56:09,088 | INFO | 	                             (27, 15),
[92mINFO [0m:      	                             (28, 15),
2026-07-09 02:56:09,088 | INFO | 	                             (28, 15),
[92mINFO [0m:      	                             (29, 15),
2026-07-09 02:56:09,088 | INFO | 	                             (29, 15),
[92mINFO [0m:      	                             (30, 15),
2026-07-09 02:56:09,088 | INFO | 	                             (30, 15),
[92mINFO [0m:      	                             (31, 15),
2026-07-09 02:56:09,088 | INFO | 	                             (31, 15),
[92mINFO [0m:      	                             (32, 15),
2026-07-09 02:56:09,088 | INFO | 	                             (32, 15),
[92mINFO [0m:      	                             (33, 15),
2026-07-09 02:56:09,088 | INFO | 	                             (33, 15),
[92mINFO [0m:      	                             (34, 15),
2026-07-09 02:56:09,088 | INFO | 	                             (34, 15),
[92mINFO [0m:      	                             (35, 15),
2026-07-09 02:56:09,088 | INFO | 	                             (35, 15),
[92mINFO [0m:      	                             (36, 15),
2026-07-09 02:56:09,088 | INFO | 	                             (36, 15),
[92mINFO [0m:      	                             (37, 15),
2026-07-09 02:56:09,088 | INFO | 	                             (37, 15),
[92mINFO [0m:      	                             (38, 15),
2026-07-09 02:56:09,088 | INFO | 	                             (38, 15),
[92mINFO [0m:      	                             (39, 15),
2026-07-09 02:56:09,088 | INFO | 	                             (39, 15),
[92mINFO [0m:      	                             (40, 15),
2026-07-09 02:56:09,088 | INFO | 	                             (40, 15),
[92mINFO [0m:      	                             (41, 15),
2026-07-09 02:56:09,088 | INFO | 	                             (41, 15),
[92mINFO [0m:      	                             (42, 15),
2026-07-09 02:56:09,088 | INFO | 	                             (42, 15),
[92mINFO [0m:      	                             (43, 15),
2026-07-09 02:56:09,088 | INFO | 	                             (43, 15),
[92mINFO [0m:      	                             (44, 15),
2026-07-09 02:56:09,088 | INFO | 	                             (44, 15),
[92mINFO [0m:      	                             (45, 15),
2026-07-09 02:56:09,088 | INFO | 	                             (45, 15),
[92mINFO [0m:      	                             (46, 15),
2026-07-09 02:56:09,088 | INFO | 	                             (46, 15),
[92mINFO [0m:      	                             (47, 15),
2026-07-09 02:56:09,088 | INFO | 	                             (47, 15),
[92mINFO [0m:      	                             (48, 15),
2026-07-09 02:56:09,088 | INFO | 	                             (48, 15),
[92mINFO [0m:      	                             (49, 15),
2026-07-09 02:56:09,088 | INFO | 	                             (49, 15),
[92mINFO [0m:      	                             (50, 15),
2026-07-09 02:56:09,088 | INFO | 	                             (50, 15),
[92mINFO [0m:      	                             (51, 15),
2026-07-09 02:56:09,088 | INFO | 	                             (51, 15),
[92mINFO [0m:      	                             (52, 15),
2026-07-09 02:56:09,088 | INFO | 	                             (52, 15),
[92mINFO [0m:      	                             (53, 15),
2026-07-09 02:56:09,088 | INFO | 	                             (53, 15),
[92mINFO [0m:      	                             (54, 15),
2026-07-09 02:56:09,088 | INFO | 	                             (54, 15),
[92mINFO [0m:      	                             (55, 15),
2026-07-09 02:56:09,088 | INFO | 	                             (55, 15),
[92mINFO [0m:      	                             (56, 15),
2026-07-09 02:56:09,088 | INFO | 	                             (56, 15),
[92mINFO [0m:      	                             (57, 15),
2026-07-09 02:56:09,088 | INFO | 	                             (57, 15),
[92mINFO [0m:      	                             (58, 15),
2026-07-09 02:56:09,088 | INFO | 	                             (58, 15),
[92mINFO [0m:      	                             (59, 15),
2026-07-09 02:56:09,088 | INFO | 	                             (59, 15),
[92mINFO [0m:      	                             (60, 15)],
2026-07-09 02:56:09,088 | INFO | 	                             (60, 15)],
[92mINFO [0m:      	 'active_virtual_clients': [(1, 12),
2026-07-09 02:56:09,088 | INFO | 	 'active_virtual_clients': [(1, 12),
[92mINFO [0m:      	                            (2, 13),
2026-07-09 02:56:09,088 | INFO | 	                            (2, 13),
[92mINFO [0m:      	                            (3, 12),
2026-07-09 02:56:09,088 | INFO | 	                            (3, 12),
[92mINFO [0m:      	                            (4, 10),
2026-07-09 02:56:09,089 | INFO | 	                            (4, 10),
[92mINFO [0m:      	                            (5, 13),
2026-07-09 02:56:09,089 | INFO | 	                            (5, 13),
[92mINFO [0m:      	                            (6, 12),
2026-07-09 02:56:09,089 | INFO | 	                            (6, 12),
[92mINFO [0m:      	                            (7, 10),
2026-07-09 02:56:09,089 | INFO | 	                            (7, 10),
[92mINFO [0m:      	                            (8, 12),
2026-07-09 02:56:09,089 | INFO | 	                            (8, 12),
[92mINFO [0m:      	                            (9, 10),
2026-07-09 02:56:09,089 | INFO | 	                            (9, 10),
[92mINFO [0m:      	                            (10, 13),
2026-07-09 02:56:09,089 | INFO | 	                            (10, 13),
[92mINFO [0m:      	                            (11, 15),
2026-07-09 02:56:09,089 | INFO | 	                            (11, 15),
[92mINFO [0m:      	                            (12, 12),
2026-07-09 02:56:09,089 | INFO | 	                            (12, 12),
[92mINFO [0m:      	                            (13, 14),
2026-07-09 02:56:09,089 | INFO | 	                            (13, 14),
[92mINFO [0m:      	                            (14, 12),
2026-07-09 02:56:09,089 | INFO | 	                            (14, 12),
[92mINFO [0m:      	                            (15, 13),
2026-07-09 02:56:09,089 | INFO | 	                            (15, 13),
[92mINFO [0m:      	                            (16, 12),
2026-07-09 02:56:09,089 | INFO | 	                            (16, 12),
[92mINFO [0m:      	                            (17, 12),
2026-07-09 02:56:09,089 | INFO | 	                            (17, 12),
[92mINFO [0m:      	                            (18, 12),
2026-07-09 02:56:09,089 | INFO | 	                            (18, 12),
[92mINFO [0m:      	                            (19, 10),
2026-07-09 02:56:09,089 | INFO | 	                            (19, 10),
[92mINFO [0m:      	                            (20, 12),
2026-07-09 02:56:09,089 | INFO | 	                            (20, 12),
[92mINFO [0m:      	                            (21, 10),
2026-07-09 02:56:09,089 | INFO | 	                            (21, 10),
[92mINFO [0m:      	                            (22, 12),
2026-07-09 02:56:09,089 | INFO | 	                            (22, 12),
[92mINFO [0m:      	                            (23, 10),
2026-07-09 02:56:09,089 | INFO | 	                            (23, 10),
[92mINFO [0m:      	                            (24, 14),
2026-07-09 02:56:09,089 | INFO | 	                            (24, 14),
[92mINFO [0m:      	                            (25, 13),
2026-07-09 02:56:09,089 | INFO | 	                            (25, 13),
[92mINFO [0m:      	                            (26, 11),
2026-07-09 02:56:09,089 | INFO | 	                            (26, 11),
[92mINFO [0m:      	                            (27, 10),
2026-07-09 02:56:09,089 | INFO | 	                            (27, 10),
[92mINFO [0m:      	                            (28, 11),
2026-07-09 02:56:09,089 | INFO | 	                            (28, 11),
[92mINFO [0m:      	                            (29, 10),
2026-07-09 02:56:09,089 | INFO | 	                            (29, 10),
[92mINFO [0m:      	                            (30, 13),
2026-07-09 02:56:09,089 | INFO | 	                            (30, 13),
[92mINFO [0m:      	                            (31, 11),
2026-07-09 02:56:09,089 | INFO | 	                            (31, 11),
[92mINFO [0m:      	                            (32, 12),
2026-07-09 02:56:09,089 | INFO | 	                            (32, 12),
[92mINFO [0m:      	                            (33, 12),
2026-07-09 02:56:09,089 | INFO | 	                            (33, 12),
[92mINFO [0m:      	                            (34, 14),
2026-07-09 02:56:09,089 | INFO | 	                            (34, 14),
[92mINFO [0m:      	                            (35, 11),
2026-07-09 02:56:09,089 | INFO | 	                            (35, 11),
[92mINFO [0m:      	                            (36, 11),
2026-07-09 02:56:09,089 | INFO | 	                            (36, 11),
[92mINFO [0m:      	                            (37, 11),
2026-07-09 02:56:09,089 | INFO | 	                            (37, 11),
[92mINFO [0m:      	                            (38, 12),
2026-07-09 02:56:09,089 | INFO | 	                            (38, 12),
[92mINFO [0m:      	                            (39, 11),
2026-07-09 02:56:09,089 | INFO | 	                            (39, 11),
[92mINFO [0m:      	                            (40, 11),
2026-07-09 02:56:09,089 | INFO | 	                            (40, 11),
[92mINFO [0m:      	                            (41, 11),
2026-07-09 02:56:09,090 | INFO | 	                            (41, 11),
[92mINFO [0m:      	                            (42, 11),
2026-07-09 02:56:09,090 | INFO | 	                            (42, 11),
[92mINFO [0m:      	                            (43, 10),
2026-07-09 02:56:09,090 | INFO | 	                            (43, 10),
[92mINFO [0m:      	                            (44, 12),
2026-07-09 02:56:09,090 | INFO | 	                            (44, 12),
[92mINFO [0m:      	                            (45, 12),
2026-07-09 02:56:09,090 | INFO | 	                            (45, 12),
[92mINFO [0m:      	                            (46, 11),
2026-07-09 02:56:09,090 | INFO | 	                            (46, 11),
[92mINFO [0m:      	                            (47, 10),
2026-07-09 02:56:09,090 | INFO | 	                            (47, 10),
[92mINFO [0m:      	                            (48, 12),
2026-07-09 02:56:09,090 | INFO | 	                            (48, 12),
[92mINFO [0m:      	                            (49, 13),
2026-07-09 02:56:09,090 | INFO | 	                            (49, 13),
[92mINFO [0m:      	                            (50, 11),
2026-07-09 02:56:09,090 | INFO | 	                            (50, 11),
[92mINFO [0m:      	                            (51, 12),
2026-07-09 02:56:09,090 | INFO | 	                            (51, 12),
[92mINFO [0m:      	                            (52, 11),
2026-07-09 02:56:09,090 | INFO | 	                            (52, 11),
[92mINFO [0m:      	                            (53, 12),
2026-07-09 02:56:09,090 | INFO | 	                            (53, 12),
[92mINFO [0m:      	                            (54, 13),
2026-07-09 02:56:09,090 | INFO | 	                            (54, 13),
[92mINFO [0m:      	                            (55, 11),
2026-07-09 02:56:09,090 | INFO | 	                            (55, 11),
[92mINFO [0m:      	                            (56, 11),
2026-07-09 02:56:09,090 | INFO | 	                            (56, 11),
[92mINFO [0m:      	                            (57, 14),
2026-07-09 02:56:09,090 | INFO | 	                            (57, 14),
[92mINFO [0m:      	                            (58, 14),
2026-07-09 02:56:09,090 | INFO | 	                            (58, 14),
[92mINFO [0m:      	                            (59, 12),
2026-07-09 02:56:09,090 | INFO | 	                            (59, 12),
[92mINFO [0m:      	                            (60, 13)],
2026-07-09 02:56:09,090 | INFO | 	                            (60, 13)],
[92mINFO [0m:      	 'aggregate_time_sec': [(1, 0.010667655616998672),
2026-07-09 02:56:09,090 | INFO | 	 'aggregate_time_sec': [(1, 0.010667655616998672),
[92mINFO [0m:      	                        (2, 0.014577429741621017),
2026-07-09 02:56:09,090 | INFO | 	                        (2, 0.014577429741621017),
[92mINFO [0m:      	                        (3, 0.011992733925580978),
2026-07-09 02:56:09,090 | INFO | 	                        (3, 0.011992733925580978),
[92mINFO [0m:      	                        (4, 0.009595926851034164),
2026-07-09 02:56:09,090 | INFO | 	                        (4, 0.009595926851034164),
[92mINFO [0m:      	                        (5, 0.014560077339410782),
2026-07-09 02:56:09,090 | INFO | 	                        (5, 0.014560077339410782),
[92mINFO [0m:      	                        (6, 0.008666623383760452),
2026-07-09 02:56:09,090 | INFO | 	                        (6, 0.008666623383760452),
[92mINFO [0m:      	                        (7, 0.008140895515680313),
2026-07-09 02:56:09,090 | INFO | 	                        (7, 0.008140895515680313),
[92mINFO [0m:      	                        (8, 0.008661802858114243),
2026-07-09 02:56:09,090 | INFO | 	                        (8, 0.008661802858114243),
[92mINFO [0m:      	                        (9, 0.010625611990690231),
2026-07-09 02:56:09,090 | INFO | 	                        (9, 0.010625611990690231),
[92mINFO [0m:      	                        (10, 0.008207790553569794),
2026-07-09 02:56:09,090 | INFO | 	                        (10, 0.008207790553569794),
[92mINFO [0m:      	                        (11, 0.011619094759225845),
2026-07-09 02:56:09,090 | INFO | 	                        (11, 0.011619094759225845),
[92mINFO [0m:      	                        (12, 0.00749298557639122),
2026-07-09 02:56:09,090 | INFO | 	                        (12, 0.00749298557639122),
[92mINFO [0m:      	                        (13, 0.010519299656152725),
2026-07-09 02:56:09,090 | INFO | 	                        (13, 0.010519299656152725),
[92mINFO [0m:      	                        (14, 0.009223483502864838),
2026-07-09 02:56:09,090 | INFO | 	                        (14, 0.009223483502864838),
[92mINFO [0m:      	                        (15, 0.01134343072772026),
2026-07-09 02:56:09,090 | INFO | 	                        (15, 0.01134343072772026),
[92mINFO [0m:      	                        (16, 0.010322827845811844),
2026-07-09 02:56:09,090 | INFO | 	                        (16, 0.010322827845811844),
[92mINFO [0m:      	                        (17, 0.009931575506925583),
2026-07-09 02:56:09,090 | INFO | 	                        (17, 0.009931575506925583),
[92mINFO [0m:      	                        (18, 0.008575700223445892),
2026-07-09 02:56:09,091 | INFO | 	                        (18, 0.008575700223445892),
[92mINFO [0m:      	                        (19, 0.011111583560705185),
2026-07-09 02:56:09,091 | INFO | 	                        (19, 0.011111583560705185),
[92mINFO [0m:      	                        (20, 0.009792815893888474),
2026-07-09 02:56:09,091 | INFO | 	                        (20, 0.009792815893888474),
[92mINFO [0m:      	                        (21, 0.00926337018609047),
2026-07-09 02:56:09,091 | INFO | 	                        (21, 0.00926337018609047),
[92mINFO [0m:      	                        (22, 0.012546256184577942),
2026-07-09 02:56:09,091 | INFO | 	                        (22, 0.012546256184577942),
[92mINFO [0m:      	                        (23, 0.00845201313495636),
2026-07-09 02:56:09,091 | INFO | 	                        (23, 0.00845201313495636),
[92mINFO [0m:      	                        (24, 0.01052556186914444),
2026-07-09 02:56:09,091 | INFO | 	                        (24, 0.01052556186914444),
[92mINFO [0m:      	                        (25, 0.012017454952001572),
2026-07-09 02:56:09,091 | INFO | 	                        (25, 0.012017454952001572),
[92mINFO [0m:      	                        (26, 0.009302612394094467),
2026-07-09 02:56:09,091 | INFO | 	                        (26, 0.009302612394094467),
[92mINFO [0m:      	                        (27, 0.007382288575172424),
2026-07-09 02:56:09,091 | INFO | 	                        (27, 0.007382288575172424),
[92mINFO [0m:      	                        (28, 0.01214464008808136),
2026-07-09 02:56:09,091 | INFO | 	                        (28, 0.01214464008808136),
[92mINFO [0m:      	                        (29, 0.012061558663845062),
2026-07-09 02:56:09,091 | INFO | 	                        (29, 0.012061558663845062),
[92mINFO [0m:      	                        (30, 0.011324252933263779),
2026-07-09 02:56:09,091 | INFO | 	                        (30, 0.011324252933263779),
[92mINFO [0m:      	                        (31, 0.01004156842827797),
2026-07-09 02:56:09,091 | INFO | 	                        (31, 0.01004156842827797),
[92mINFO [0m:      	                        (32, 0.011624172329902649),
2026-07-09 02:56:09,091 | INFO | 	                        (32, 0.011624172329902649),
[92mINFO [0m:      	                        (33, 0.01008349284529686),
2026-07-09 02:56:09,091 | INFO | 	                        (33, 0.01008349284529686),
[92mINFO [0m:      	                        (34, 0.01101134717464447),
2026-07-09 02:56:09,091 | INFO | 	                        (34, 0.01101134717464447),
[92mINFO [0m:      	                        (35, 0.012288816273212433),
2026-07-09 02:56:09,091 | INFO | 	                        (35, 0.012288816273212433),
[92mINFO [0m:      	                        (36, 0.01219090074300766),
2026-07-09 02:56:09,091 | INFO | 	                        (36, 0.01219090074300766),
[92mINFO [0m:      	                        (37, 0.012953661382198334),
2026-07-09 02:56:09,091 | INFO | 	                        (37, 0.012953661382198334),
[92mINFO [0m:      	                        (38, 0.009752519428730011),
2026-07-09 02:56:09,091 | INFO | 	                        (38, 0.009752519428730011),
[92mINFO [0m:      	                        (39, 0.011530432850122452),
2026-07-09 02:56:09,091 | INFO | 	                        (39, 0.011530432850122452),
[92mINFO [0m:      	                        (40, 0.00986403226852417),
2026-07-09 02:56:09,091 | INFO | 	                        (40, 0.00986403226852417),
[92mINFO [0m:      	                        (41, 0.009573128074407578),
2026-07-09 02:56:09,091 | INFO | 	                        (41, 0.009573128074407578),
[92mINFO [0m:      	                        (42, 0.012941837310791016),
2026-07-09 02:56:09,091 | INFO | 	                        (42, 0.012941837310791016),
[92mINFO [0m:      	                        (43, 0.010900784283876419),
2026-07-09 02:56:09,091 | INFO | 	                        (43, 0.010900784283876419),
[92mINFO [0m:      	                        (44, 0.008412223309278488),
2026-07-09 02:56:09,091 | INFO | 	                        (44, 0.008412223309278488),
[92mINFO [0m:      	                        (45, 0.007935341447591782),
2026-07-09 02:56:09,091 | INFO | 	                        (45, 0.007935341447591782),
[92mINFO [0m:      	                        (46, 0.010712046176195145),
2026-07-09 02:56:09,091 | INFO | 	                        (46, 0.010712046176195145),
[92mINFO [0m:      	                        (47, 0.008244350552558899),
2026-07-09 02:56:09,091 | INFO | 	                        (47, 0.008244350552558899),
[92mINFO [0m:      	                        (48, 0.008742868900299072),
2026-07-09 02:56:09,091 | INFO | 	                        (48, 0.008742868900299072),
[92mINFO [0m:      	                        (49, 0.013065405189990997),
2026-07-09 02:56:09,091 | INFO | 	                        (49, 0.013065405189990997),
[92mINFO [0m:      	                        (50, 0.007793143391609192),
2026-07-09 02:56:09,091 | INFO | 	                        (50, 0.007793143391609192),
[92mINFO [0m:      	                        (51, 0.008905928581953049),
2026-07-09 02:56:09,091 | INFO | 	                        (51, 0.008905928581953049),
[92mINFO [0m:      	                        (52, 0.008044924587011337),
2026-07-09 02:56:09,091 | INFO | 	                        (52, 0.008044924587011337),
[92mINFO [0m:      	                        (53, 0.012694980949163437),
2026-07-09 02:56:09,091 | INFO | 	                        (53, 0.012694980949163437),
[92mINFO [0m:      	                        (54, 0.012360550463199615),
2026-07-09 02:56:09,091 | INFO | 	                        (54, 0.012360550463199615),
[92mINFO [0m:      	                        (55, 0.011792216449975967),
2026-07-09 02:56:09,091 | INFO | 	                        (55, 0.011792216449975967),
[92mINFO [0m:      	                        (56, 0.008267726749181747),
2026-07-09 02:56:09,092 | INFO | 	                        (56, 0.008267726749181747),
[92mINFO [0m:      	                        (57, 0.010938752442598343),
2026-07-09 02:56:09,092 | INFO | 	                        (57, 0.010938752442598343),
[92mINFO [0m:      	                        (58, 0.011933114379644394),
2026-07-09 02:56:09,092 | INFO | 	                        (58, 0.011933114379644394),
[92mINFO [0m:      	                        (59, 0.01271158829331398),
2026-07-09 02:56:09,092 | INFO | 	                        (59, 0.01271158829331398),
[92mINFO [0m:      	                        (60, 0.007978927344083786)],
2026-07-09 02:56:09,092 | INFO | 	                        (60, 0.007978927344083786)],
[92mINFO [0m:      	 'aggregation_delta_cosine': [(1, 0.9880210111412544),
2026-07-09 02:56:09,092 | INFO | 	 'aggregation_delta_cosine': [(1, 0.9880210111412544),
[92mINFO [0m:      	                              (2, 0.9855299632479124),
2026-07-09 02:56:09,092 | INFO | 	                              (2, 0.9855299632479124),
[92mINFO [0m:      	                              (3, 0.9900090049239298),
2026-07-09 02:56:09,092 | INFO | 	                              (3, 0.9900090049239298),
[92mINFO [0m:      	                              (4, 0.9844393790863396),
2026-07-09 02:56:09,092 | INFO | 	                              (4, 0.9844393790863396),
[92mINFO [0m:      	                              (5, 0.9885427383715675),
2026-07-09 02:56:09,092 | INFO | 	                              (5, 0.9885427383715675),
[92mINFO [0m:      	                              (6, 0.9887084647299429),
2026-07-09 02:56:09,092 | INFO | 	                              (6, 0.9887084647299429),
[92mINFO [0m:      	                              (7, 0.9865623181445305),
2026-07-09 02:56:09,092 | INFO | 	                              (7, 0.9865623181445305),
[92mINFO [0m:      	                              (8, 0.9864929191494647),
2026-07-09 02:56:09,092 | INFO | 	                              (8, 0.9864929191494647),
[92mINFO [0m:      	                              (9, 0.9876465410603423),
2026-07-09 02:56:09,092 | INFO | 	                              (9, 0.9876465410603423),
[92mINFO [0m:      	                              (10, 0.9914240922234129),
2026-07-09 02:56:09,092 | INFO | 	                              (10, 0.9914240922234129),
[92mINFO [0m:      	                              (11, 0.9891711390358853),
2026-07-09 02:56:09,092 | INFO | 	                              (11, 0.9891711390358853),
[92mINFO [0m:      	                              (12, 0.9898521680744389),
2026-07-09 02:56:09,092 | INFO | 	                              (12, 0.9898521680744389),
[92mINFO [0m:      	                              (13, 0.9926111381268946),
2026-07-09 02:56:09,092 | INFO | 	                              (13, 0.9926111381268946),
[92mINFO [0m:      	                              (14, 0.988665223992885),
2026-07-09 02:56:09,092 | INFO | 	                              (14, 0.988665223992885),
[92mINFO [0m:      	                              (15, 0.9899515698308335),
2026-07-09 02:56:09,092 | INFO | 	                              (15, 0.9899515698308335),
[92mINFO [0m:      	                              (16, 0.9824439631346494),
2026-07-09 02:56:09,092 | INFO | 	                              (16, 0.9824439631346494),
[92mINFO [0m:      	                              (17, 0.9903472549696196),
2026-07-09 02:56:09,092 | INFO | 	                              (17, 0.9903472549696196),
[92mINFO [0m:      	                              (18, 0.9894268578990588),
2026-07-09 02:56:09,092 | INFO | 	                              (18, 0.9894268578990588),
[92mINFO [0m:      	                              (19, 0.9905007419917367),
2026-07-09 02:56:09,092 | INFO | 	                              (19, 0.9905007419917367),
[92mINFO [0m:      	                              (20, 0.991242641931351),
2026-07-09 02:56:09,092 | INFO | 	                              (20, 0.991242641931351),
[92mINFO [0m:      	                              (21, 0.9868073623161125),
2026-07-09 02:56:09,092 | INFO | 	                              (21, 0.9868073623161125),
[92mINFO [0m:      	                              (22, 0.9889017797567424),
2026-07-09 02:56:09,092 | INFO | 	                              (22, 0.9889017797567424),
[92mINFO [0m:      	                              (23, 0.98915245072952),
2026-07-09 02:56:09,092 | INFO | 	                              (23, 0.98915245072952),
[92mINFO [0m:      	                              (24, 0.9897841878353787),
2026-07-09 02:56:09,092 | INFO | 	                              (24, 0.9897841878353787),
[92mINFO [0m:      	                              (25, 0.9914230662358547),
2026-07-09 02:56:09,092 | INFO | 	                              (25, 0.9914230662358547),
[92mINFO [0m:      	                              (26, 0.9903395918957482),
2026-07-09 02:56:09,092 | INFO | 	                              (26, 0.9903395918957482),
[92mINFO [0m:      	                              (27, 0.9897889525857331),
2026-07-09 02:56:09,092 | INFO | 	                              (27, 0.9897889525857331),
[92mINFO [0m:      	                              (28, 0.9863291255987369),
2026-07-09 02:56:09,092 | INFO | 	                              (28, 0.9863291255987369),
[92mINFO [0m:      	                              (29, 0.9897345982113132),
2026-07-09 02:56:09,092 | INFO | 	                              (29, 0.9897345982113132),
[92mINFO [0m:      	                              (30, 0.9914045054658918),
2026-07-09 02:56:09,092 | INFO | 	                              (30, 0.9914045054658918),
[92mINFO [0m:      	                              (31, 0.9931037887693087),
2026-07-09 02:56:09,092 | INFO | 	                              (31, 0.9931037887693087),
[92mINFO [0m:      	                              (32, 0.9926134297025145),
2026-07-09 02:56:09,092 | INFO | 	                              (32, 0.9926134297025145),
[92mINFO [0m:      	                              (33, 0.9929853028712609),
2026-07-09 02:56:09,092 | INFO | 	                              (33, 0.9929853028712609),
[92mINFO [0m:      	                              (34, 0.9939770711640864),
2026-07-09 02:56:09,093 | INFO | 	                              (34, 0.9939770711640864),
[92mINFO [0m:      	                              (35, 0.98842843605237),
2026-07-09 02:56:09,093 | INFO | 	                              (35, 0.98842843605237),
[92mINFO [0m:      	                              (36, 0.991862033449788),
2026-07-09 02:56:09,093 | INFO | 	                              (36, 0.991862033449788),
[92mINFO [0m:      	                              (37, 0.9945067623365086),
2026-07-09 02:56:09,093 | INFO | 	                              (37, 0.9945067623365086),
[92mINFO [0m:      	                              (38, 0.9935674639785845),
2026-07-09 02:56:09,093 | INFO | 	                              (38, 0.9935674639785845),
[92mINFO [0m:      	                              (39, 0.9931321521956296),
2026-07-09 02:56:09,093 | INFO | 	                              (39, 0.9931321521956296),
[92mINFO [0m:      	                              (40, 0.9925730843800645),
2026-07-09 02:56:09,093 | INFO | 	                              (40, 0.9925730843800645),
[92mINFO [0m:      	                              (41, 0.9933615227709133),
2026-07-09 02:56:09,093 | INFO | 	                              (41, 0.9933615227709133),
[92mINFO [0m:      	                              (42, 0.9897905343350918),
2026-07-09 02:56:09,093 | INFO | 	                              (42, 0.9897905343350918),
[92mINFO [0m:      	                              (43, 0.9930527328362188),
2026-07-09 02:56:09,093 | INFO | 	                              (43, 0.9930527328362188),
[92mINFO [0m:      	                              (44, 0.991037065477762),
2026-07-09 02:56:09,093 | INFO | 	                              (44, 0.991037065477762),
[92mINFO [0m:      	                              (45, 0.9897856188875126),
2026-07-09 02:56:09,093 | INFO | 	                              (45, 0.9897856188875126),
[92mINFO [0m:      	                              (46, 0.9898038586133812),
2026-07-09 02:56:09,093 | INFO | 	                              (46, 0.9898038586133812),
[92mINFO [0m:      	                              (47, 0.9924932708021843),
2026-07-09 02:56:09,093 | INFO | 	                              (47, 0.9924932708021843),
[92mINFO [0m:      	                              (48, 0.9938264535880632),
2026-07-09 02:56:09,093 | INFO | 	                              (48, 0.9938264535880632),
[92mINFO [0m:      	                              (49, 0.9940133551876744),
2026-07-09 02:56:09,093 | INFO | 	                              (49, 0.9940133551876744),
[92mINFO [0m:      	                              (50, 0.9932292885455092),
2026-07-09 02:56:09,093 | INFO | 	                              (50, 0.9932292885455092),
[92mINFO [0m:      	                              (51, 0.9930454999280147),
2026-07-09 02:56:09,093 | INFO | 	                              (51, 0.9930454999280147),
[92mINFO [0m:      	                              (52, 0.9915104092788259),
2026-07-09 02:56:09,093 | INFO | 	                              (52, 0.9915104092788259),
[92mINFO [0m:      	                              (53, 0.9925747315892294),
2026-07-09 02:56:09,093 | INFO | 	                              (53, 0.9925747315892294),
[92mINFO [0m:      	                              (54, 0.9941475193521587),
2026-07-09 02:56:09,093 | INFO | 	                              (54, 0.9941475193521587),
[92mINFO [0m:      	                              (55, 0.9934794231655739),
2026-07-09 02:56:09,093 | INFO | 	                              (55, 0.9934794231655739),
[92mINFO [0m:      	                              (56, 0.9922797636057489),
2026-07-09 02:56:09,093 | INFO | 	                              (56, 0.9922797636057489),
[92mINFO [0m:      	                              (57, 0.9933017458616911),
2026-07-09 02:56:09,093 | INFO | 	                              (57, 0.9933017458616911),
[92mINFO [0m:      	                              (58, 0.994192832273636),
2026-07-09 02:56:09,093 | INFO | 	                              (58, 0.994192832273636),
[92mINFO [0m:      	                              (59, 0.9947012368028694),
2026-07-09 02:56:09,093 | INFO | 	                              (59, 0.9947012368028694),
[92mINFO [0m:      	                              (60, 0.9944941344563958)],
2026-07-09 02:56:09,093 | INFO | 	                              (60, 0.9944941344563958)],
[92mINFO [0m:      	 'aggregation_delta_l2': [(1, 1.0610726665393149),
2026-07-09 02:56:09,093 | INFO | 	 'aggregation_delta_l2': [(1, 1.0610726665393149),
[92mINFO [0m:      	                          (2, 1.1833585275795295),
2026-07-09 02:56:09,093 | INFO | 	                          (2, 1.1833585275795295),
[92mINFO [0m:      	                          (3, 0.9955838780770413),
2026-07-09 02:56:09,093 | INFO | 	                          (3, 0.9955838780770413),
[92mINFO [0m:      	                          (4, 1.2614868949620621),
2026-07-09 02:56:09,093 | INFO | 	                          (4, 1.2614868949620621),
[92mINFO [0m:      	                          (5, 1.0971206519046586),
2026-07-09 02:56:09,093 | INFO | 	                          (5, 1.0971206519046586),
[92mINFO [0m:      	                          (6, 1.1027966198168062),
2026-07-09 02:56:09,093 | INFO | 	                          (6, 1.1027966198168062),
[92mINFO [0m:      	                          (7, 1.2200830860348175),
2026-07-09 02:56:09,093 | INFO | 	                          (7, 1.2200830860348175),
[92mINFO [0m:      	                          (8, 1.2403994103980582),
2026-07-09 02:56:09,093 | INFO | 	                          (8, 1.2403994103980582),
[92mINFO [0m:      	                          (9, 1.2034499661942257),
2026-07-09 02:56:09,093 | INFO | 	                          (9, 1.2034499661942257),
[92mINFO [0m:      	                          (10, 1.0133784540259139),
2026-07-09 02:56:09,093 | INFO | 	                          (10, 1.0133784540259139),
[92mINFO [0m:      	                          (11, 1.1530178486574418),
2026-07-09 02:56:09,093 | INFO | 	                          (11, 1.1530178486574418),
[92mINFO [0m:      	                          (12, 1.1292607177999727),
2026-07-09 02:56:09,094 | INFO | 	                          (12, 1.1292607177999727),
[92mINFO [0m:      	                          (13, 0.972731939731753),
2026-07-09 02:56:09,094 | INFO | 	                          (13, 0.972731939731753),
[92mINFO [0m:      	                          (14, 1.218236946124204),
2026-07-09 02:56:09,094 | INFO | 	                          (14, 1.218236946124204),
[92mINFO [0m:      	                          (15, 1.1599793564257792),
2026-07-09 02:56:09,094 | INFO | 	                          (15, 1.1599793564257792),
[92mINFO [0m:      	                          (16, 1.5579639186393879),
2026-07-09 02:56:09,094 | INFO | 	                          (16, 1.5579639186393879),
[92mINFO [0m:      	                          (17, 1.1689029741269181),
2026-07-09 02:56:09,094 | INFO | 	                          (17, 1.1689029741269181),
[92mINFO [0m:      	                          (18, 1.2373442589950003),
2026-07-09 02:56:09,094 | INFO | 	                          (18, 1.2373442589950003),
[92mINFO [0m:      	                          (19, 1.1846553264753505),
2026-07-09 02:56:09,094 | INFO | 	                          (19, 1.1846553264753505),
[92mINFO [0m:      	                          (20, 1.1496032938644338),
2026-07-09 02:56:09,094 | INFO | 	                          (20, 1.1496032938644338),
[92mINFO [0m:      	                          (21, 1.4306260609596455),
2026-07-09 02:56:09,094 | INFO | 	                          (21, 1.4306260609596455),
[92mINFO [0m:      	                          (22, 1.3282397668475951),
2026-07-09 02:56:09,094 | INFO | 	                          (22, 1.3282397668475951),
[92mINFO [0m:      	                          (23, 1.328075185901959),
2026-07-09 02:56:09,094 | INFO | 	                          (23, 1.328075185901959),
[92mINFO [0m:      	                          (24, 1.3039162143289307),
2026-07-09 02:56:09,094 | INFO | 	                          (24, 1.3039162143289307),
[92mINFO [0m:      	                          (25, 1.2069362388934646),
2026-07-09 02:56:09,094 | INFO | 	                          (25, 1.2069362388934646),
[92mINFO [0m:      	                          (26, 1.2935331733664006),
2026-07-09 02:56:09,094 | INFO | 	                          (26, 1.2935331733664006),
[92mINFO [0m:      	                          (27, 1.345424421629745),
2026-07-09 02:56:09,094 | INFO | 	                          (27, 1.345424421629745),
[92mINFO [0m:      	                          (28, 1.5784487978420487),
2026-07-09 02:56:09,094 | INFO | 	                          (28, 1.5784487978420487),
[92mINFO [0m:      	                          (29, 1.3840538397312787),
2026-07-09 02:56:09,094 | INFO | 	                          (29, 1.3840538397312787),
[92mINFO [0m:      	                          (30, 1.2790138632819532),
2026-07-09 02:56:09,094 | INFO | 	                          (30, 1.2790138632819532),
[92mINFO [0m:      	                          (31, 1.1549102352625191),
2026-07-09 02:56:09,094 | INFO | 	                          (31, 1.1549102352625191),
[92mINFO [0m:      	                          (32, 1.2052861275887512),
2026-07-09 02:56:09,094 | INFO | 	                          (32, 1.2052861275887512),
[92mINFO [0m:      	                          (33, 1.1836332413591686),
2026-07-09 02:56:09,094 | INFO | 	                          (33, 1.1836332413591686),
[92mINFO [0m:      	                          (34, 1.1042824625891712),
2026-07-09 02:56:09,094 | INFO | 	                          (34, 1.1042824625891712),
[92mINFO [0m:      	                          (35, 1.5475179505951515),
2026-07-09 02:56:09,094 | INFO | 	                          (35, 1.5475179505951515),
[92mINFO [0m:      	                          (36, 1.3102730626217478),
2026-07-09 02:56:09,094 | INFO | 	                          (36, 1.3102730626217478),
[92mINFO [0m:      	                          (37, 1.0841334488012186),
2026-07-09 02:56:09,094 | INFO | 	                          (37, 1.0841334488012186),
[92mINFO [0m:      	                          (38, 1.1811129771896998),
2026-07-09 02:56:09,094 | INFO | 	                          (38, 1.1811129771896998),
[92mINFO [0m:      	                          (39, 1.2293213137624464),
2026-07-09 02:56:09,094 | INFO | 	                          (39, 1.2293213137624464),
[92mINFO [0m:      	                          (40, 1.2888338279792264),
2026-07-09 02:56:09,094 | INFO | 	                          (40, 1.2888338279792264),
[92mINFO [0m:      	                          (41, 1.227831087400408),
2026-07-09 02:56:09,094 | INFO | 	                          (41, 1.227831087400408),
[92mINFO [0m:      	                          (42, 1.536912493839902),
2026-07-09 02:56:09,094 | INFO | 	                          (42, 1.536912493839902),
[92mINFO [0m:      	                          (43, 1.277989175636479),
2026-07-09 02:56:09,094 | INFO | 	                          (43, 1.277989175636479),
[92mINFO [0m:      	                          (44, 1.4655608428118616),
2026-07-09 02:56:09,094 | INFO | 	                          (44, 1.4655608428118616),
[92mINFO [0m:      	                          (45, 1.5809405895675699),
2026-07-09 02:56:09,094 | INFO | 	                          (45, 1.5809405895675699),
[92mINFO [0m:      	                          (46, 1.5955126912962792),
2026-07-09 02:56:09,094 | INFO | 	                          (46, 1.5955126912962792),
[92mINFO [0m:      	                          (47, 1.3803611783064968),
2026-07-09 02:56:09,094 | INFO | 	                          (47, 1.3803611783064968),
[92mINFO [0m:      	                          (48, 1.2603498743779884),
2026-07-09 02:56:09,094 | INFO | 	                          (48, 1.2603498743779884),
[92mINFO [0m:      	                          (49, 1.2488588049896177),
2026-07-09 02:56:09,095 | INFO | 	                          (49, 1.2488588049896177),
[92mINFO [0m:      	                          (50, 1.3374802769466685),
2026-07-09 02:56:09,095 | INFO | 	                          (50, 1.3374802769466685),
[92mINFO [0m:      	                          (51, 1.364940650608462),
2026-07-09 02:56:09,095 | INFO | 	                          (51, 1.364940650608462),
[92mINFO [0m:      	                          (52, 1.520547104080814),
2026-07-09 02:56:09,095 | INFO | 	                          (52, 1.520547104080814),
[92mINFO [0m:      	                          (53, 1.4331472317065688),
2026-07-09 02:56:09,095 | INFO | 	                          (53, 1.4331472317065688),
[92mINFO [0m:      	                          (54, 1.2804181521507996),
2026-07-09 02:56:09,095 | INFO | 	                          (54, 1.2804181521507996),
[92mINFO [0m:      	                          (55, 1.361156719393822),
2026-07-09 02:56:09,095 | INFO | 	                          (55, 1.361156719393822),
[92mINFO [0m:      	                          (56, 1.4923920091433431),
2026-07-09 02:56:09,095 | INFO | 	                          (56, 1.4923920091433431),
[92mINFO [0m:      	                          (57, 1.4007610031130782),
2026-07-09 02:56:09,095 | INFO | 	                          (57, 1.4007610031130782),
[92mINFO [0m:      	                          (58, 1.3122805084486513),
2026-07-09 02:56:09,095 | INFO | 	                          (58, 1.3122805084486513),
[92mINFO [0m:      	                          (59, 1.2604548767926889),
2026-07-09 02:56:09,095 | INFO | 	                          (59, 1.2604548767926889),
[92mINFO [0m:      	                          (60, 1.2919678129409062)],
2026-07-09 02:56:09,095 | INFO | 	                          (60, 1.2919678129409062)],
[92mINFO [0m:      	 'aggregation_delta_linf': [(1, 0.014336972846649587),
2026-07-09 02:56:09,095 | INFO | 	 'aggregation_delta_linf': [(1, 0.014336972846649587),
[92mINFO [0m:      	                            (2, 0.016670627519488335),
2026-07-09 02:56:09,095 | INFO | 	                            (2, 0.016670627519488335),
[92mINFO [0m:      	                            (3, 0.013752911239862442),
2026-07-09 02:56:09,095 | INFO | 	                            (3, 0.013752911239862442),
[92mINFO [0m:      	                            (4, 0.02051902562379837),
2026-07-09 02:56:09,095 | INFO | 	                            (4, 0.02051902562379837),
[92mINFO [0m:      	                            (5, 0.015724508091807365),
2026-07-09 02:56:09,095 | INFO | 	                            (5, 0.015724508091807365),
[92mINFO [0m:      	                            (6, 0.01569703221321106),
2026-07-09 02:56:09,095 | INFO | 	                            (6, 0.01569703221321106),
[92mINFO [0m:      	                            (7, 0.0173121839761734),
2026-07-09 02:56:09,095 | INFO | 	                            (7, 0.0173121839761734),
[92mINFO [0m:      	                            (8, 0.019215837121009827),
2026-07-09 02:56:09,095 | INFO | 	                            (8, 0.019215837121009827),
[92mINFO [0m:      	                            (9, 0.01653298083692789),
2026-07-09 02:56:09,095 | INFO | 	                            (9, 0.01653298083692789),
[92mINFO [0m:      	                            (10, 0.01560879871249199),
2026-07-09 02:56:09,095 | INFO | 	                            (10, 0.01560879871249199),
[92mINFO [0m:      	                            (11, 0.017247255891561508),
2026-07-09 02:56:09,095 | INFO | 	                            (11, 0.017247255891561508),
[92mINFO [0m:      	                            (12, 0.01694293925538659),
2026-07-09 02:56:09,095 | INFO | 	                            (12, 0.01694293925538659),
[92mINFO [0m:      	                            (13, 0.013437856687232852),
2026-07-09 02:56:09,095 | INFO | 	                            (13, 0.013437856687232852),
[92mINFO [0m:      	                            (14, 0.016394924372434616),
2026-07-09 02:56:09,095 | INFO | 	                            (14, 0.016394924372434616),
[92mINFO [0m:      	                            (15, 0.016249556094408035),
2026-07-09 02:56:09,095 | INFO | 	                            (15, 0.016249556094408035),
[92mINFO [0m:      	                            (16, 0.029436349868774414),
2026-07-09 02:56:09,095 | INFO | 	                            (16, 0.029436349868774414),
[92mINFO [0m:      	                            (17, 0.015300576575100422),
2026-07-09 02:56:09,095 | INFO | 	                            (17, 0.015300576575100422),
[92mINFO [0m:      	                            (18, 0.017870211973786354),
2026-07-09 02:56:09,095 | INFO | 	                            (18, 0.017870211973786354),
[92mINFO [0m:      	                            (19, 0.017444130033254623),
2026-07-09 02:56:09,095 | INFO | 	                            (19, 0.017444130033254623),
[92mINFO [0m:      	                            (20, 0.016234684735536575),
2026-07-09 02:56:09,095 | INFO | 	                            (20, 0.016234684735536575),
[92mINFO [0m:      	                            (21, 0.01929804077371955),
2026-07-09 02:56:09,095 | INFO | 	                            (21, 0.01929804077371955),
[92mINFO [0m:      	                            (22, 0.017324483022093773),
2026-07-09 02:56:09,095 | INFO | 	                            (22, 0.017324483022093773),
[92mINFO [0m:      	                            (23, 0.019575733691453934),
2026-07-09 02:56:09,095 | INFO | 	                            (23, 0.019575733691453934),
[92mINFO [0m:      	                            (24, 0.0204450786113739),
2026-07-09 02:56:09,095 | INFO | 	                            (24, 0.0204450786113739),
[92mINFO [0m:      	                            (25, 0.019523724913597107),
2026-07-09 02:56:09,095 | INFO | 	                            (25, 0.019523724913597107),
[92mINFO [0m:      	                            (26, 0.018276297487318516),
2026-07-09 02:56:09,095 | INFO | 	                            (26, 0.018276297487318516),
[92mINFO [0m:      	                            (27, 0.021405678242444992),
2026-07-09 02:56:09,096 | INFO | 	                            (27, 0.021405678242444992),
[92mINFO [0m:      	                            (28, 0.025134965777397156),
2026-07-09 02:56:09,096 | INFO | 	                            (28, 0.025134965777397156),
[92mINFO [0m:      	                            (29, 0.019158996641635895),
2026-07-09 02:56:09,096 | INFO | 	                            (29, 0.019158996641635895),
[92mINFO [0m:      	                            (30, 0.018375573679804802),
2026-07-09 02:56:09,096 | INFO | 	                            (30, 0.018375573679804802),
[92mINFO [0m:      	                            (31, 0.01787363551557064),
2026-07-09 02:56:09,096 | INFO | 	                            (31, 0.01787363551557064),
[92mINFO [0m:      	                            (32, 0.017982255667448044),
2026-07-09 02:56:09,096 | INFO | 	                            (32, 0.017982255667448044),
[92mINFO [0m:      	                            (33, 0.017255577724426985),
2026-07-09 02:56:09,096 | INFO | 	                            (33, 0.017255577724426985),
[92mINFO [0m:      	                            (34, 0.014838526025414467),
2026-07-09 02:56:09,096 | INFO | 	                            (34, 0.014838526025414467),
[92mINFO [0m:      	                            (35, 0.021908100694417953),
2026-07-09 02:56:09,096 | INFO | 	                            (35, 0.021908100694417953),
[92mINFO [0m:      	                            (36, 0.019060028716921806),
2026-07-09 02:56:09,096 | INFO | 	                            (36, 0.019060028716921806),
[92mINFO [0m:      	                            (37, 0.014662327012047172),
2026-07-09 02:56:09,096 | INFO | 	                            (37, 0.014662327012047172),
[92mINFO [0m:      	                            (38, 0.01629699021577835),
2026-07-09 02:56:09,096 | INFO | 	                            (38, 0.01629699021577835),
[92mINFO [0m:      	                            (39, 0.017431109212338924),
2026-07-09 02:56:09,096 | INFO | 	                            (39, 0.017431109212338924),
[92mINFO [0m:      	                            (40, 0.017697160132229328),
2026-07-09 02:56:09,096 | INFO | 	                            (40, 0.017697160132229328),
[92mINFO [0m:      	                            (41, 0.017349451314657927),
2026-07-09 02:56:09,096 | INFO | 	                            (41, 0.017349451314657927),
[92mINFO [0m:      	                            (42, 0.0208531953394413),
2026-07-09 02:56:09,096 | INFO | 	                            (42, 0.0208531953394413),
[92mINFO [0m:      	                            (43, 0.02034841477870941),
2026-07-09 02:56:09,096 | INFO | 	                            (43, 0.02034841477870941),
[92mINFO [0m:      	                            (44, 0.019282642751932144),
2026-07-09 02:56:09,096 | INFO | 	                            (44, 0.019282642751932144),
[92mINFO [0m:      	                            (45, 0.02301109256222844),
2026-07-09 02:56:09,096 | INFO | 	                            (45, 0.02301109256222844),
[92mINFO [0m:      	                            (46, 0.026663243770599365),
2026-07-09 02:56:09,096 | INFO | 	                            (46, 0.026663243770599365),
[92mINFO [0m:      	                            (47, 0.020271663554012775),
2026-07-09 02:56:09,096 | INFO | 	                            (47, 0.020271663554012775),
[92mINFO [0m:      	                            (48, 0.017886122688651085),
2026-07-09 02:56:09,096 | INFO | 	                            (48, 0.017886122688651085),
[92mINFO [0m:      	                            (49, 0.01764775812625885),
2026-07-09 02:56:09,096 | INFO | 	                            (49, 0.01764775812625885),
[92mINFO [0m:      	                            (50, 0.017857274040579796),
2026-07-09 02:56:09,096 | INFO | 	                            (50, 0.017857274040579796),
[92mINFO [0m:      	                            (51, 0.018638615030795336),
2026-07-09 02:56:09,096 | INFO | 	                            (51, 0.018638615030795336),
[92mINFO [0m:      	                            (52, 0.021085169166326523),
2026-07-09 02:56:09,096 | INFO | 	                            (52, 0.021085169166326523),
[92mINFO [0m:      	                            (53, 0.019531475380063057),
2026-07-09 02:56:09,096 | INFO | 	                            (53, 0.019531475380063057),
[92mINFO [0m:      	                            (54, 0.02016788348555565),
2026-07-09 02:56:09,096 | INFO | 	                            (54, 0.02016788348555565),
[92mINFO [0m:      	                            (55, 0.01844482123851776),
2026-07-09 02:56:09,096 | INFO | 	                            (55, 0.01844482123851776),
[92mINFO [0m:      	                            (56, 0.02099609375),
2026-07-09 02:56:09,096 | INFO | 	                            (56, 0.02099609375),
[92mINFO [0m:      	                            (57, 0.02084912359714508),
2026-07-09 02:56:09,096 | INFO | 	                            (57, 0.02084912359714508),
[92mINFO [0m:      	                            (58, 0.018998440355062485),
2026-07-09 02:56:09,096 | INFO | 	                            (58, 0.018998440355062485),
[92mINFO [0m:      	                            (59, 0.017863698303699493),
2026-07-09 02:56:09,096 | INFO | 	                            (59, 0.017863698303699493),
[92mINFO [0m:      	                            (60, 0.017238623462617397)],
2026-07-09 02:56:09,096 | INFO | 	                            (60, 0.017238623462617397)],
[92mINFO [0m:      	 'aggregation_energy_after': [(1, nan),
2026-07-09 02:56:09,096 | INFO | 	 'aggregation_energy_after': [(1, nan),
[92mINFO [0m:      	                              (2, nan),
2026-07-09 02:56:09,096 | INFO | 	                              (2, nan),
[92mINFO [0m:      	                              (3, nan),
2026-07-09 02:56:09,096 | INFO | 	                              (3, nan),
[92mINFO [0m:      	                              (4, nan),
2026-07-09 02:56:09,096 | INFO | 	                              (4, nan),
[92mINFO [0m:      	                              (5, nan),
2026-07-09 02:56:09,097 | INFO | 	                              (5, nan),
[92mINFO [0m:      	                              (6, nan),
2026-07-09 02:56:09,097 | INFO | 	                              (6, nan),
[92mINFO [0m:      	                              (7, nan),
2026-07-09 02:56:09,097 | INFO | 	                              (7, nan),
[92mINFO [0m:      	                              (8, nan),
2026-07-09 02:56:09,097 | INFO | 	                              (8, nan),
[92mINFO [0m:      	                              (9, nan),
2026-07-09 02:56:09,097 | INFO | 	                              (9, nan),
[92mINFO [0m:      	                              (10, nan),
2026-07-09 02:56:09,097 | INFO | 	                              (10, nan),
[92mINFO [0m:      	                              (11, nan),
2026-07-09 02:56:09,097 | INFO | 	                              (11, nan),
[92mINFO [0m:      	                              (12, nan),
2026-07-09 02:56:09,097 | INFO | 	                              (12, nan),
[92mINFO [0m:      	                              (13, nan),
2026-07-09 02:56:09,097 | INFO | 	                              (13, nan),
[92mINFO [0m:      	                              (14, nan),
2026-07-09 02:56:09,097 | INFO | 	                              (14, nan),
[92mINFO [0m:      	                              (15, nan),
2026-07-09 02:56:09,097 | INFO | 	                              (15, nan),
[92mINFO [0m:      	                              (16, nan),
2026-07-09 02:56:09,097 | INFO | 	                              (16, nan),
[92mINFO [0m:      	                              (17, nan),
2026-07-09 02:56:09,097 | INFO | 	                              (17, nan),
[92mINFO [0m:      	                              (18, nan),
2026-07-09 02:56:09,097 | INFO | 	                              (18, nan),
[92mINFO [0m:      	                              (19, nan),
2026-07-09 02:56:09,097 | INFO | 	                              (19, nan),
[92mINFO [0m:      	                              (20, nan),
2026-07-09 02:56:09,097 | INFO | 	                              (20, nan),
[92mINFO [0m:      	                              (21, nan),
2026-07-09 02:56:09,097 | INFO | 	                              (21, nan),
[92mINFO [0m:      	                              (22, nan),
2026-07-09 02:56:09,097 | INFO | 	                              (22, nan),
[92mINFO [0m:      	                              (23, nan),
2026-07-09 02:56:09,097 | INFO | 	                              (23, nan),
[92mINFO [0m:      	                              (24, nan),
2026-07-09 02:56:09,097 | INFO | 	                              (24, nan),
[92mINFO [0m:      	                              (25, nan),
2026-07-09 02:56:09,097 | INFO | 	                              (25, nan),
[92mINFO [0m:      	                              (26, nan),
2026-07-09 02:56:09,097 | INFO | 	                              (26, nan),
[92mINFO [0m:      	                              (27, nan),
2026-07-09 02:56:09,097 | INFO | 	                              (27, nan),
[92mINFO [0m:      	                              (28, nan),
2026-07-09 02:56:09,097 | INFO | 	                              (28, nan),
[92mINFO [0m:      	                              (29, nan),
2026-07-09 02:56:09,097 | INFO | 	                              (29, nan),
[92mINFO [0m:      	                              (30, nan),
2026-07-09 02:56:09,097 | INFO | 	                              (30, nan),
[92mINFO [0m:      	                              (31, nan),
2026-07-09 02:56:09,097 | INFO | 	                              (31, nan),
[92mINFO [0m:      	                              (32, nan),
2026-07-09 02:56:09,097 | INFO | 	                              (32, nan),
[92mINFO [0m:      	                              (33, nan),
2026-07-09 02:56:09,097 | INFO | 	                              (33, nan),
[92mINFO [0m:      	                              (34, nan),
2026-07-09 02:56:09,097 | INFO | 	                              (34, nan),
[92mINFO [0m:      	                              (35, nan),
2026-07-09 02:56:09,097 | INFO | 	                              (35, nan),
[92mINFO [0m:      	                              (36, nan),
2026-07-09 02:56:09,097 | INFO | 	                              (36, nan),
[92mINFO [0m:      	                              (37, nan),
2026-07-09 02:56:09,097 | INFO | 	                              (37, nan),
[92mINFO [0m:      	                              (38, nan),
2026-07-09 02:56:09,097 | INFO | 	                              (38, nan),
[92mINFO [0m:      	                              (39, nan),
2026-07-09 02:56:09,097 | INFO | 	                              (39, nan),
[92mINFO [0m:      	                              (40, nan),
2026-07-09 02:56:09,097 | INFO | 	                              (40, nan),
[92mINFO [0m:      	                              (41, nan),
2026-07-09 02:56:09,098 | INFO | 	                              (41, nan),
[92mINFO [0m:      	                              (42, nan),
2026-07-09 02:56:09,098 | INFO | 	                              (42, nan),
[92mINFO [0m:      	                              (43, nan),
2026-07-09 02:56:09,098 | INFO | 	                              (43, nan),
[92mINFO [0m:      	                              (44, nan),
2026-07-09 02:56:09,098 | INFO | 	                              (44, nan),
[92mINFO [0m:      	                              (45, nan),
2026-07-09 02:56:09,098 | INFO | 	                              (45, nan),
[92mINFO [0m:      	                              (46, nan),
2026-07-09 02:56:09,098 | INFO | 	                              (46, nan),
[92mINFO [0m:      	                              (47, nan),
2026-07-09 02:56:09,098 | INFO | 	                              (47, nan),
[92mINFO [0m:      	                              (48, nan),
2026-07-09 02:56:09,098 | INFO | 	                              (48, nan),
[92mINFO [0m:      	                              (49, nan),
2026-07-09 02:56:09,098 | INFO | 	                              (49, nan),
[92mINFO [0m:      	                              (50, nan),
2026-07-09 02:56:09,098 | INFO | 	                              (50, nan),
[92mINFO [0m:      	                              (51, nan),
2026-07-09 02:56:09,098 | INFO | 	                              (51, nan),
[92mINFO [0m:      	                              (52, nan),
2026-07-09 02:56:09,098 | INFO | 	                              (52, nan),
[92mINFO [0m:      	                              (53, nan),
2026-07-09 02:56:09,098 | INFO | 	                              (53, nan),
[92mINFO [0m:      	                              (54, nan),
2026-07-09 02:56:09,098 | INFO | 	                              (54, nan),
[92mINFO [0m:      	                              (55, nan),
2026-07-09 02:56:09,098 | INFO | 	                              (55, nan),
[92mINFO [0m:      	                              (56, nan),
2026-07-09 02:56:09,098 | INFO | 	                              (56, nan),
[92mINFO [0m:      	                              (57, nan),
2026-07-09 02:56:09,098 | INFO | 	                              (57, nan),
[92mINFO [0m:      	                              (58, nan),
2026-07-09 02:56:09,098 | INFO | 	                              (58, nan),
[92mINFO [0m:      	                              (59, nan),
2026-07-09 02:56:09,098 | INFO | 	                              (59, nan),
[92mINFO [0m:      	                              (60, nan)],
2026-07-09 02:56:09,098 | INFO | 	                              (60, nan)],
[92mINFO [0m:      	 'aggregation_energy_before': [(1, nan),
2026-07-09 02:56:09,098 | INFO | 	 'aggregation_energy_before': [(1, nan),
[92mINFO [0m:      	                               (2, nan),
2026-07-09 02:56:09,098 | INFO | 	                               (2, nan),
[92mINFO [0m:      	                               (3, nan),
2026-07-09 02:56:09,098 | INFO | 	                               (3, nan),
[92mINFO [0m:      	                               (4, nan),
2026-07-09 02:56:09,098 | INFO | 	                               (4, nan),
[92mINFO [0m:      	                               (5, nan),
2026-07-09 02:56:09,098 | INFO | 	                               (5, nan),
[92mINFO [0m:      	                               (6, nan),
2026-07-09 02:56:09,098 | INFO | 	                               (6, nan),
[92mINFO [0m:      	                               (7, nan),
2026-07-09 02:56:09,098 | INFO | 	                               (7, nan),
[92mINFO [0m:      	                               (8, nan),
2026-07-09 02:56:09,098 | INFO | 	                               (8, nan),
[92mINFO [0m:      	                               (9, nan),
2026-07-09 02:56:09,098 | INFO | 	                               (9, nan),
[92mINFO [0m:      	                               (10, nan),
2026-07-09 02:56:09,098 | INFO | 	                               (10, nan),
[92mINFO [0m:      	                               (11, nan),
2026-07-09 02:56:09,098 | INFO | 	                               (11, nan),
[92mINFO [0m:      	                               (12, nan),
2026-07-09 02:56:09,098 | INFO | 	                               (12, nan),
[92mINFO [0m:      	                               (13, nan),
2026-07-09 02:56:09,098 | INFO | 	                               (13, nan),
[92mINFO [0m:      	                               (14, nan),
2026-07-09 02:56:09,098 | INFO | 	                               (14, nan),
[92mINFO [0m:      	                               (15, nan),
2026-07-09 02:56:09,098 | INFO | 	                               (15, nan),
[92mINFO [0m:      	                               (16, nan),
2026-07-09 02:56:09,098 | INFO | 	                               (16, nan),
[92mINFO [0m:      	                               (17, nan),
2026-07-09 02:56:09,098 | INFO | 	                               (17, nan),
[92mINFO [0m:      	                               (18, nan),
2026-07-09 02:56:09,099 | INFO | 	                               (18, nan),
[92mINFO [0m:      	                               (19, nan),
2026-07-09 02:56:09,099 | INFO | 	                               (19, nan),
[92mINFO [0m:      	                               (20, nan),
2026-07-09 02:56:09,099 | INFO | 	                               (20, nan),
[92mINFO [0m:      	                               (21, nan),
2026-07-09 02:56:09,099 | INFO | 	                               (21, nan),
[92mINFO [0m:      	                               (22, nan),
2026-07-09 02:56:09,099 | INFO | 	                               (22, nan),
[92mINFO [0m:      	                               (23, nan),
2026-07-09 02:56:09,099 | INFO | 	                               (23, nan),
[92mINFO [0m:      	                               (24, nan),
2026-07-09 02:56:09,099 | INFO | 	                               (24, nan),
[92mINFO [0m:      	                               (25, nan),
2026-07-09 02:56:09,099 | INFO | 	                               (25, nan),
[92mINFO [0m:      	                               (26, nan),
2026-07-09 02:56:09,099 | INFO | 	                               (26, nan),
[92mINFO [0m:      	                               (27, nan),
2026-07-09 02:56:09,099 | INFO | 	                               (27, nan),
[92mINFO [0m:      	                               (28, nan),
2026-07-09 02:56:09,099 | INFO | 	                               (28, nan),
[92mINFO [0m:      	                               (29, nan),
2026-07-09 02:56:09,099 | INFO | 	                               (29, nan),
[92mINFO [0m:      	                               (30, nan),
2026-07-09 02:56:09,099 | INFO | 	                               (30, nan),
[92mINFO [0m:      	                               (31, nan),
2026-07-09 02:56:09,099 | INFO | 	                               (31, nan),
[92mINFO [0m:      	                               (32, nan),
2026-07-09 02:56:09,099 | INFO | 	                               (32, nan),
[92mINFO [0m:      	                               (33, nan),
2026-07-09 02:56:09,099 | INFO | 	                               (33, nan),
[92mINFO [0m:      	                               (34, nan),
2026-07-09 02:56:09,099 | INFO | 	                               (34, nan),
[92mINFO [0m:      	                               (35, nan),
2026-07-09 02:56:09,099 | INFO | 	                               (35, nan),
[92mINFO [0m:      	                               (36, nan),
2026-07-09 02:56:09,099 | INFO | 	                               (36, nan),
[92mINFO [0m:      	                               (37, nan),
2026-07-09 02:56:09,099 | INFO | 	                               (37, nan),
[92mINFO [0m:      	                               (38, nan),
2026-07-09 02:56:09,099 | INFO | 	                               (38, nan),
[92mINFO [0m:      	                               (39, nan),
2026-07-09 02:56:09,099 | INFO | 	                               (39, nan),
[92mINFO [0m:      	                               (40, nan),
2026-07-09 02:56:09,099 | INFO | 	                               (40, nan),
[92mINFO [0m:      	                               (41, nan),
2026-07-09 02:56:09,099 | INFO | 	                               (41, nan),
[92mINFO [0m:      	                               (42, nan),
2026-07-09 02:56:09,099 | INFO | 	                               (42, nan),
[92mINFO [0m:      	                               (43, nan),
2026-07-09 02:56:09,099 | INFO | 	                               (43, nan),
[92mINFO [0m:      	                               (44, nan),
2026-07-09 02:56:09,099 | INFO | 	                               (44, nan),
[92mINFO [0m:      	                               (45, nan),
2026-07-09 02:56:09,099 | INFO | 	                               (45, nan),
[92mINFO [0m:      	                               (46, nan),
2026-07-09 02:56:09,099 | INFO | 	                               (46, nan),
[92mINFO [0m:      	                               (47, nan),
2026-07-09 02:56:09,099 | INFO | 	                               (47, nan),
[92mINFO [0m:      	                               (48, nan),
2026-07-09 02:56:09,099 | INFO | 	                               (48, nan),
[92mINFO [0m:      	                               (49, nan),
2026-07-09 02:56:09,099 | INFO | 	                               (49, nan),
[92mINFO [0m:      	                               (50, nan),
2026-07-09 02:56:09,099 | INFO | 	                               (50, nan),
[92mINFO [0m:      	                               (51, nan),
2026-07-09 02:56:09,099 | INFO | 	                               (51, nan),
[92mINFO [0m:      	                               (52, nan),
2026-07-09 02:56:09,099 | INFO | 	                               (52, nan),
[92mINFO [0m:      	                               (53, nan),
2026-07-09 02:56:09,099 | INFO | 	                               (53, nan),
[92mINFO [0m:      	                               (54, nan),
2026-07-09 02:56:09,099 | INFO | 	                               (54, nan),
[92mINFO [0m:      	                               (55, nan),
2026-07-09 02:56:09,099 | INFO | 	                               (55, nan),
[92mINFO [0m:      	                               (56, nan),
2026-07-09 02:56:09,100 | INFO | 	                               (56, nan),
[92mINFO [0m:      	                               (57, nan),
2026-07-09 02:56:09,100 | INFO | 	                               (57, nan),
[92mINFO [0m:      	                               (58, nan),
2026-07-09 02:56:09,100 | INFO | 	                               (58, nan),
[92mINFO [0m:      	                               (59, nan),
2026-07-09 02:56:09,100 | INFO | 	                               (59, nan),
[92mINFO [0m:      	                               (60, nan)],
2026-07-09 02:56:09,100 | INFO | 	                               (60, nan)],
[92mINFO [0m:      	 'aggregation_error_proxy': [(1, nan),
2026-07-09 02:56:09,100 | INFO | 	 'aggregation_error_proxy': [(1, nan),
[92mINFO [0m:      	                             (2, nan),
2026-07-09 02:56:09,100 | INFO | 	                             (2, nan),
[92mINFO [0m:      	                             (3, nan),
2026-07-09 02:56:09,100 | INFO | 	                             (3, nan),
[92mINFO [0m:      	                             (4, nan),
2026-07-09 02:56:09,100 | INFO | 	                             (4, nan),
[92mINFO [0m:      	                             (5, nan),
2026-07-09 02:56:09,100 | INFO | 	                             (5, nan),
[92mINFO [0m:      	                             (6, nan),
2026-07-09 02:56:09,100 | INFO | 	                             (6, nan),
[92mINFO [0m:      	                             (7, nan),
2026-07-09 02:56:09,100 | INFO | 	                             (7, nan),
[92mINFO [0m:      	                             (8, nan),
2026-07-09 02:56:09,100 | INFO | 	                             (8, nan),
[92mINFO [0m:      	                             (9, nan),
2026-07-09 02:56:09,100 | INFO | 	                             (9, nan),
[92mINFO [0m:      	                             (10, nan),
2026-07-09 02:56:09,100 | INFO | 	                             (10, nan),
[92mINFO [0m:      	                             (11, nan),
2026-07-09 02:56:09,100 | INFO | 	                             (11, nan),
[92mINFO [0m:      	                             (12, nan),
2026-07-09 02:56:09,100 | INFO | 	                             (12, nan),
[92mINFO [0m:      	                             (13, nan),
2026-07-09 02:56:09,100 | INFO | 	                             (13, nan),
[92mINFO [0m:      	                             (14, nan),
2026-07-09 02:56:09,100 | INFO | 	                             (14, nan),
[92mINFO [0m:      	                             (15, nan),
2026-07-09 02:56:09,100 | INFO | 	                             (15, nan),
[92mINFO [0m:      	                             (16, nan),
2026-07-09 02:56:09,100 | INFO | 	                             (16, nan),
[92mINFO [0m:      	                             (17, nan),
2026-07-09 02:56:09,100 | INFO | 	                             (17, nan),
[92mINFO [0m:      	                             (18, nan),
2026-07-09 02:56:09,100 | INFO | 	                             (18, nan),
[92mINFO [0m:      	                             (19, nan),
2026-07-09 02:56:09,100 | INFO | 	                             (19, nan),
[92mINFO [0m:      	                             (20, nan),
2026-07-09 02:56:09,100 | INFO | 	                             (20, nan),
[92mINFO [0m:      	                             (21, nan),
2026-07-09 02:56:09,100 | INFO | 	                             (21, nan),
[92mINFO [0m:      	                             (22, nan),
2026-07-09 02:56:09,100 | INFO | 	                             (22, nan),
[92mINFO [0m:      	                             (23, nan),
2026-07-09 02:56:09,100 | INFO | 	                             (23, nan),
[92mINFO [0m:      	                             (24, nan),
2026-07-09 02:56:09,100 | INFO | 	                             (24, nan),
[92mINFO [0m:      	                             (25, nan),
2026-07-09 02:56:09,100 | INFO | 	                             (25, nan),
[92mINFO [0m:      	                             (26, nan),
2026-07-09 02:56:09,100 | INFO | 	                             (26, nan),
[92mINFO [0m:      	                             (27, nan),
2026-07-09 02:56:09,100 | INFO | 	                             (27, nan),
[92mINFO [0m:      	                             (28, nan),
2026-07-09 02:56:09,100 | INFO | 	                             (28, nan),
[92mINFO [0m:      	                             (29, nan),
2026-07-09 02:56:09,100 | INFO | 	                             (29, nan),
[92mINFO [0m:      	                             (30, nan),
2026-07-09 02:56:09,100 | INFO | 	                             (30, nan),
[92mINFO [0m:      	                             (31, nan),
2026-07-09 02:56:09,100 | INFO | 	                             (31, nan),
[92mINFO [0m:      	                             (32, nan),
2026-07-09 02:56:09,100 | INFO | 	                             (32, nan),
[92mINFO [0m:      	                             (33, nan),
2026-07-09 02:56:09,101 | INFO | 	                             (33, nan),
[92mINFO [0m:      	                             (34, nan),
2026-07-09 02:56:09,101 | INFO | 	                             (34, nan),
[92mINFO [0m:      	                             (35, nan),
2026-07-09 02:56:09,101 | INFO | 	                             (35, nan),
[92mINFO [0m:      	                             (36, nan),
2026-07-09 02:56:09,101 | INFO | 	                             (36, nan),
[92mINFO [0m:      	                             (37, nan),
2026-07-09 02:56:09,101 | INFO | 	                             (37, nan),
[92mINFO [0m:      	                             (38, nan),
2026-07-09 02:56:09,101 | INFO | 	                             (38, nan),
[92mINFO [0m:      	                             (39, nan),
2026-07-09 02:56:09,101 | INFO | 	                             (39, nan),
[92mINFO [0m:      	                             (40, nan),
2026-07-09 02:56:09,101 | INFO | 	                             (40, nan),
[92mINFO [0m:      	                             (41, nan),
2026-07-09 02:56:09,101 | INFO | 	                             (41, nan),
[92mINFO [0m:      	                             (42, nan),
2026-07-09 02:56:09,101 | INFO | 	                             (42, nan),
[92mINFO [0m:      	                             (43, nan),
2026-07-09 02:56:09,101 | INFO | 	                             (43, nan),
[92mINFO [0m:      	                             (44, nan),
2026-07-09 02:56:09,101 | INFO | 	                             (44, nan),
[92mINFO [0m:      	                             (45, nan),
2026-07-09 02:56:09,101 | INFO | 	                             (45, nan),
[92mINFO [0m:      	                             (46, nan),
2026-07-09 02:56:09,101 | INFO | 	                             (46, nan),
[92mINFO [0m:      	                             (47, nan),
2026-07-09 02:56:09,101 | INFO | 	                             (47, nan),
[92mINFO [0m:      	                             (48, nan),
2026-07-09 02:56:09,101 | INFO | 	                             (48, nan),
[92mINFO [0m:      	                             (49, nan),
2026-07-09 02:56:09,101 | INFO | 	                             (49, nan),
[92mINFO [0m:      	                             (50, nan),
2026-07-09 02:56:09,101 | INFO | 	                             (50, nan),
[92mINFO [0m:      	                             (51, nan),
2026-07-09 02:56:09,101 | INFO | 	                             (51, nan),
[92mINFO [0m:      	                             (52, nan),
2026-07-09 02:56:09,101 | INFO | 	                             (52, nan),
[92mINFO [0m:      	                             (53, nan),
2026-07-09 02:56:09,101 | INFO | 	                             (53, nan),
[92mINFO [0m:      	                             (54, nan),
2026-07-09 02:56:09,101 | INFO | 	                             (54, nan),
[92mINFO [0m:      	                             (55, nan),
2026-07-09 02:56:09,101 | INFO | 	                             (55, nan),
[92mINFO [0m:      	                             (56, nan),
2026-07-09 02:56:09,101 | INFO | 	                             (56, nan),
[92mINFO [0m:      	                             (57, nan),
2026-07-09 02:56:09,101 | INFO | 	                             (57, nan),
[92mINFO [0m:      	                             (58, nan),
2026-07-09 02:56:09,101 | INFO | 	                             (58, nan),
[92mINFO [0m:      	                             (59, nan),
2026-07-09 02:56:09,101 | INFO | 	                             (59, nan),
[92mINFO [0m:      	                             (60, nan)],
2026-07-09 02:56:09,101 | INFO | 	                             (60, nan)],
[92mINFO [0m:      	 'aggregation_mode': [(1, 'product'),
2026-07-09 02:56:09,101 | INFO | 	 'aggregation_mode': [(1, 'product'),
[92mINFO [0m:      	                      (2, 'product'),
2026-07-09 02:56:09,101 | INFO | 	                      (2, 'product'),
[92mINFO [0m:      	                      (3, 'product'),
2026-07-09 02:56:09,101 | INFO | 	                      (3, 'product'),
[92mINFO [0m:      	                      (4, 'product'),
2026-07-09 02:56:09,101 | INFO | 	                      (4, 'product'),
[92mINFO [0m:      	                      (5, 'product'),
2026-07-09 02:56:09,101 | INFO | 	                      (5, 'product'),
[92mINFO [0m:      	                      (6, 'product'),
2026-07-09 02:56:09,101 | INFO | 	                      (6, 'product'),
[92mINFO [0m:      	                      (7, 'product'),
2026-07-09 02:56:09,101 | INFO | 	                      (7, 'product'),
[92mINFO [0m:      	                      (8, 'product'),
2026-07-09 02:56:09,101 | INFO | 	                      (8, 'product'),
[92mINFO [0m:      	                      (9, 'product'),
2026-07-09 02:56:09,101 | INFO | 	                      (9, 'product'),
[92mINFO [0m:      	                      (10, 'product'),
2026-07-09 02:56:09,101 | INFO | 	                      (10, 'product'),
[92mINFO [0m:      	                      (11, 'product'),
2026-07-09 02:56:09,102 | INFO | 	                      (11, 'product'),
[92mINFO [0m:      	                      (12, 'product'),
2026-07-09 02:56:09,102 | INFO | 	                      (12, 'product'),
[92mINFO [0m:      	                      (13, 'product'),
2026-07-09 02:56:09,102 | INFO | 	                      (13, 'product'),
[92mINFO [0m:      	                      (14, 'product'),
2026-07-09 02:56:09,102 | INFO | 	                      (14, 'product'),
[92mINFO [0m:      	                      (15, 'product'),
2026-07-09 02:56:09,102 | INFO | 	                      (15, 'product'),
[92mINFO [0m:      	                      (16, 'product'),
2026-07-09 02:56:09,102 | INFO | 	                      (16, 'product'),
[92mINFO [0m:      	                      (17, 'product'),
2026-07-09 02:56:09,102 | INFO | 	                      (17, 'product'),
[92mINFO [0m:      	                      (18, 'product'),
2026-07-09 02:56:09,102 | INFO | 	                      (18, 'product'),
[92mINFO [0m:      	                      (19, 'product'),
2026-07-09 02:56:09,102 | INFO | 	                      (19, 'product'),
[92mINFO [0m:      	                      (20, 'product'),
2026-07-09 02:56:09,102 | INFO | 	                      (20, 'product'),
[92mINFO [0m:      	                      (21, 'product'),
2026-07-09 02:56:09,102 | INFO | 	                      (21, 'product'),
[92mINFO [0m:      	                      (22, 'product'),
2026-07-09 02:56:09,102 | INFO | 	                      (22, 'product'),
[92mINFO [0m:      	                      (23, 'product'),
2026-07-09 02:56:09,102 | INFO | 	                      (23, 'product'),
[92mINFO [0m:      	                      (24, 'product'),
2026-07-09 02:56:09,102 | INFO | 	                      (24, 'product'),
[92mINFO [0m:      	                      (25, 'product'),
2026-07-09 02:56:09,102 | INFO | 	                      (25, 'product'),
[92mINFO [0m:      	                      (26, 'product'),
2026-07-09 02:56:09,102 | INFO | 	                      (26, 'product'),
[92mINFO [0m:      	                      (27, 'product'),
2026-07-09 02:56:09,102 | INFO | 	                      (27, 'product'),
[92mINFO [0m:      	                      (28, 'product'),
2026-07-09 02:56:09,102 | INFO | 	                      (28, 'product'),
[92mINFO [0m:      	                      (29, 'product'),
2026-07-09 02:56:09,102 | INFO | 	                      (29, 'product'),
[92mINFO [0m:      	                      (30, 'product'),
2026-07-09 02:56:09,102 | INFO | 	                      (30, 'product'),
[92mINFO [0m:      	                      (31, 'product'),
2026-07-09 02:56:09,102 | INFO | 	                      (31, 'product'),
[92mINFO [0m:      	                      (32, 'product'),
2026-07-09 02:56:09,102 | INFO | 	                      (32, 'product'),
[92mINFO [0m:      	                      (33, 'product'),
2026-07-09 02:56:09,102 | INFO | 	                      (33, 'product'),
[92mINFO [0m:      	                      (34, 'product'),
2026-07-09 02:56:09,102 | INFO | 	                      (34, 'product'),
[92mINFO [0m:      	                      (35, 'product'),
2026-07-09 02:56:09,102 | INFO | 	                      (35, 'product'),
[92mINFO [0m:      	                      (36, 'product'),
2026-07-09 02:56:09,102 | INFO | 	                      (36, 'product'),
[92mINFO [0m:      	                      (37, 'product'),
2026-07-09 02:56:09,102 | INFO | 	                      (37, 'product'),
[92mINFO [0m:      	                      (38, 'product'),
2026-07-09 02:56:09,102 | INFO | 	                      (38, 'product'),
[92mINFO [0m:      	                      (39, 'product'),
2026-07-09 02:56:09,102 | INFO | 	                      (39, 'product'),
[92mINFO [0m:      	                      (40, 'product'),
2026-07-09 02:56:09,102 | INFO | 	                      (40, 'product'),
[92mINFO [0m:      	                      (41, 'product'),
2026-07-09 02:56:09,102 | INFO | 	                      (41, 'product'),
[92mINFO [0m:      	                      (42, 'product'),
2026-07-09 02:56:09,102 | INFO | 	                      (42, 'product'),
[92mINFO [0m:      	                      (43, 'product'),
2026-07-09 02:56:09,102 | INFO | 	                      (43, 'product'),
[92mINFO [0m:      	                      (44, 'product'),
2026-07-09 02:56:09,102 | INFO | 	                      (44, 'product'),
[92mINFO [0m:      	                      (45, 'product'),
2026-07-09 02:56:09,102 | INFO | 	                      (45, 'product'),
[92mINFO [0m:      	                      (46, 'product'),
2026-07-09 02:56:09,102 | INFO | 	                      (46, 'product'),
[92mINFO [0m:      	                      (47, 'product'),
2026-07-09 02:56:09,103 | INFO | 	                      (47, 'product'),
[92mINFO [0m:      	                      (48, 'product'),
2026-07-09 02:56:09,103 | INFO | 	                      (48, 'product'),
[92mINFO [0m:      	                      (49, 'product'),
2026-07-09 02:56:09,103 | INFO | 	                      (49, 'product'),
[92mINFO [0m:      	                      (50, 'product'),
2026-07-09 02:56:09,103 | INFO | 	                      (50, 'product'),
[92mINFO [0m:      	                      (51, 'product'),
2026-07-09 02:56:09,103 | INFO | 	                      (51, 'product'),
[92mINFO [0m:      	                      (52, 'product'),
2026-07-09 02:56:09,103 | INFO | 	                      (52, 'product'),
[92mINFO [0m:      	                      (53, 'product'),
2026-07-09 02:56:09,103 | INFO | 	                      (53, 'product'),
[92mINFO [0m:      	                      (54, 'product'),
2026-07-09 02:56:09,103 | INFO | 	                      (54, 'product'),
[92mINFO [0m:      	                      (55, 'product'),
2026-07-09 02:56:09,103 | INFO | 	                      (55, 'product'),
[92mINFO [0m:      	                      (56, 'product'),
2026-07-09 02:56:09,103 | INFO | 	                      (56, 'product'),
[92mINFO [0m:      	                      (57, 'product'),
2026-07-09 02:56:09,103 | INFO | 	                      (57, 'product'),
[92mINFO [0m:      	                      (58, 'product'),
2026-07-09 02:56:09,103 | INFO | 	                      (58, 'product'),
[92mINFO [0m:      	                      (59, 'product'),
2026-07-09 02:56:09,103 | INFO | 	                      (59, 'product'),
[92mINFO [0m:      	                      (60, 'product')],
2026-07-09 02:56:09,103 | INFO | 	                      (60, 'product')],
[92mINFO [0m:      	 'aggregation_weight_entropy': [(1, 1.7112095259625277),
2026-07-09 02:56:09,103 | INFO | 	 'aggregation_weight_entropy': [(1, 1.7112095259625277),
[92mINFO [0m:      	                                (2, 1.704502058628628),
2026-07-09 02:56:09,103 | INFO | 	                                (2, 1.704502058628628),
[92mINFO [0m:      	                                (3, 1.9545763137175336),
2026-07-09 02:56:09,103 | INFO | 	                                (3, 1.9545763137175336),
[92mINFO [0m:      	                                (4, 1.6919175055918885),
2026-07-09 02:56:09,103 | INFO | 	                                (4, 1.6919175055918885),
[92mINFO [0m:      	                                (5, 2.124958864752726),
2026-07-09 02:56:09,103 | INFO | 	                                (5, 2.124958864752726),
[92mINFO [0m:      	                                (6, 1.8490103545040277),
2026-07-09 02:56:09,103 | INFO | 	                                (6, 1.8490103545040277),
[92mINFO [0m:      	                                (7, 1.4109014015181776),
2026-07-09 02:56:09,103 | INFO | 	                                (7, 1.4109014015181776),
[92mINFO [0m:      	                                (8, 1.7810933348363382),
2026-07-09 02:56:09,103 | INFO | 	                                (8, 1.7810933348363382),
[92mINFO [0m:      	                                (9, 1.8773831910452836),
2026-07-09 02:56:09,103 | INFO | 	                                (9, 1.8773831910452836),
[92mINFO [0m:      	                                (10, 2.1466275087525),
2026-07-09 02:56:09,103 | INFO | 	                                (10, 2.1466275087525),
[92mINFO [0m:      	                                (11, 1.9726654132494303),
2026-07-09 02:56:09,103 | INFO | 	                                (11, 1.9726654132494303),
[92mINFO [0m:      	                                (12, 1.9709510218510513),
2026-07-09 02:56:09,103 | INFO | 	                                (12, 1.9709510218510513),
[92mINFO [0m:      	                                (13, 2.351286479687022),
2026-07-09 02:56:09,103 | INFO | 	                                (13, 2.351286479687022),
[92mINFO [0m:      	                                (14, 1.838203206378032),
2026-07-09 02:56:09,103 | INFO | 	                                (14, 1.838203206378032),
[92mINFO [0m:      	                                (15, 2.099276434064476),
2026-07-09 02:56:09,103 | INFO | 	                                (15, 2.099276434064476),
[92mINFO [0m:      	                                (16, 1.5657012987415717),
2026-07-09 02:56:09,103 | INFO | 	                                (16, 1.5657012987415717),
[92mINFO [0m:      	                                (17, 2.011140853689849),
2026-07-09 02:56:09,103 | INFO | 	                                (17, 2.011140853689849),
[92mINFO [0m:      	                                (18, 1.9605950644733052),
2026-07-09 02:56:09,103 | INFO | 	                                (18, 1.9605950644733052),
[92mINFO [0m:      	                                (19, 1.753947149568368),
2026-07-09 02:56:09,103 | INFO | 	                                (19, 1.753947149568368),
[92mINFO [0m:      	                                (20, 2.0234359713023133),
2026-07-09 02:56:09,103 | INFO | 	                                (20, 2.0234359713023133),
[92mINFO [0m:      	                                (21, 1.5509112410852548),
2026-07-09 02:56:09,103 | INFO | 	                                (21, 1.5509112410852548),
[92mINFO [0m:      	                                (22, 1.8572532208005499),
2026-07-09 02:56:09,103 | INFO | 	                                (22, 1.8572532208005499),
[92mINFO [0m:      	                                (23, 1.6937416418403903),
2026-07-09 02:56:09,103 | INFO | 	                                (23, 1.6937416418403903),
[92mINFO [0m:      	                                (24, 1.6648335652761792),
2026-07-09 02:56:09,104 | INFO | 	                                (24, 1.6648335652761792),
[92mINFO [0m:      	                                (25, 2.0410196291702887),
2026-07-09 02:56:09,104 | INFO | 	                                (25, 2.0410196291702887),
[92mINFO [0m:      	                                (26, 1.92260868415081),
2026-07-09 02:56:09,104 | INFO | 	                                (26, 1.92260868415081),
[92mINFO [0m:      	                                (27, 1.606001937302282),
2026-07-09 02:56:09,104 | INFO | 	                                (27, 1.606001937302282),
[92mINFO [0m:      	                                (28, 1.033655111222508),
2026-07-09 02:56:09,104 | INFO | 	                                (28, 1.033655111222508),
[92mINFO [0m:      	                                (29, 1.5461922590424162),
2026-07-09 02:56:09,104 | INFO | 	                                (29, 1.5461922590424162),
[92mINFO [0m:      	                                (30, 2.012912406576775),
2026-07-09 02:56:09,104 | INFO | 	                                (30, 2.012912406576775),
[92mINFO [0m:      	                                (31, 1.7310017906290969),
2026-07-09 02:56:09,104 | INFO | 	                                (31, 1.7310017906290969),
[92mINFO [0m:      	                                (32, 1.9256073388906951),
2026-07-09 02:56:09,104 | INFO | 	                                (32, 1.9256073388906951),
[92mINFO [0m:      	                                (33, 2.048781431500284),
2026-07-09 02:56:09,104 | INFO | 	                                (33, 2.048781431500284),
[92mINFO [0m:      	                                (34, 2.063906659986758),
2026-07-09 02:56:09,104 | INFO | 	                                (34, 2.063906659986758),
[92mINFO [0m:      	                                (35, 1.551408463250592),
2026-07-09 02:56:09,104 | INFO | 	                                (35, 1.551408463250592),
[92mINFO [0m:      	                                (36, 1.9026579105083408),
2026-07-09 02:56:09,104 | INFO | 	                                (36, 1.9026579105083408),
[92mINFO [0m:      	                                (37, 1.9113160388441832),
2026-07-09 02:56:09,104 | INFO | 	                                (37, 1.9113160388441832),
[92mINFO [0m:      	                                (38, 1.9617904841805285),
2026-07-09 02:56:09,104 | INFO | 	                                (38, 1.9617904841805285),
[92mINFO [0m:      	                                (39, 1.9998131225625657),
2026-07-09 02:56:09,104 | INFO | 	                                (39, 1.9998131225625657),
[92mINFO [0m:      	                                (40, 1.6635287128377279),
2026-07-09 02:56:09,104 | INFO | 	                                (40, 1.6635287128377279),
[92mINFO [0m:      	                                (41, 2.0842048134231064),
2026-07-09 02:56:09,104 | INFO | 	                                (41, 2.0842048134231064),
[92mINFO [0m:      	                                (42, 1.4721212901650527),
2026-07-09 02:56:09,104 | INFO | 	                                (42, 1.4721212901650527),
[92mINFO [0m:      	                                (43, 1.8383620847508209),
2026-07-09 02:56:09,104 | INFO | 	                                (43, 1.8383620847508209),
[92mINFO [0m:      	                                (44, 1.8320997131611698),
2026-07-09 02:56:09,104 | INFO | 	                                (44, 1.8320997131611698),
[92mINFO [0m:      	                                (45, 1.7519404563975303),
2026-07-09 02:56:09,104 | INFO | 	                                (45, 1.7519404563975303),
[92mINFO [0m:      	                                (46, 1.5184316075433084),
2026-07-09 02:56:09,104 | INFO | 	                                (46, 1.5184316075433084),
[92mINFO [0m:      	                                (47, 1.6003481752655362),
2026-07-09 02:56:09,104 | INFO | 	                                (47, 1.6003481752655362),
[92mINFO [0m:      	                                (48, 1.822415922559669),
2026-07-09 02:56:09,104 | INFO | 	                                (48, 1.822415922559669),
[92mINFO [0m:      	                                (49, 2.1370345974446137),
2026-07-09 02:56:09,104 | INFO | 	                                (49, 2.1370345974446137),
[92mINFO [0m:      	                                (50, 1.769516796368511),
2026-07-09 02:56:09,104 | INFO | 	                                (50, 1.769516796368511),
[92mINFO [0m:      	                                (51, 1.9616877720943513),
2026-07-09 02:56:09,104 | INFO | 	                                (51, 1.9616877720943513),
[92mINFO [0m:      	                                (52, 1.8406871434021541),
2026-07-09 02:56:09,104 | INFO | 	                                (52, 1.8406871434021541),
[92mINFO [0m:      	                                (53, 1.9504587175010146),
2026-07-09 02:56:09,104 | INFO | 	                                (53, 1.9504587175010146),
[92mINFO [0m:      	                                (54, 2.120550501161728),
2026-07-09 02:56:09,104 | INFO | 	                                (54, 2.120550501161728),
[92mINFO [0m:      	                                (55, 1.9533611105455735),
2026-07-09 02:56:09,104 | INFO | 	                                (55, 1.9533611105455735),
[92mINFO [0m:      	                                (56, 1.7749020151024375),
2026-07-09 02:56:09,104 | INFO | 	                                (56, 1.7749020151024375),
[92mINFO [0m:      	                                (57, 2.054109987373512),
2026-07-09 02:56:09,104 | INFO | 	                                (57, 2.054109987373512),
[92mINFO [0m:      	                                (58, 2.2074253663125027),
2026-07-09 02:56:09,104 | INFO | 	                                (58, 2.2074253663125027),
[92mINFO [0m:      	                                (59, 1.9222492217781644),
2026-07-09 02:56:09,104 | INFO | 	                                (59, 1.9222492217781644),
[92mINFO [0m:      	                                (60, 2.0912899201141815)],
2026-07-09 02:56:09,104 | INFO | 	                                (60, 2.0912899201141815)],
[92mINFO [0m:      	 'aggregation_weight_max': [(1, 0.3381294964028777),
2026-07-09 02:56:09,104 | INFO | 	 'aggregation_weight_max': [(1, 0.3381294964028777),
[92mINFO [0m:      	                            (2, 0.4389908256880734),
2026-07-09 02:56:09,104 | INFO | 	                            (2, 0.4389908256880734),
[92mINFO [0m:      	                            (3, 0.35083748302399276),
2026-07-09 02:56:09,105 | INFO | 	                            (3, 0.35083748302399276),
[92mINFO [0m:      	                            (4, 0.44839400428265525),
2026-07-09 02:56:09,105 | INFO | 	                            (4, 0.44839400428265525),
[92mINFO [0m:      	                            (5, 0.24440619621342513),
2026-07-09 02:56:09,105 | INFO | 	                            (5, 0.24440619621342513),
[92mINFO [0m:      	                            (6, 0.334301119867275),
2026-07-09 02:56:09,105 | INFO | 	                            (6, 0.334301119867275),
[92mINFO [0m:      	                            (7, 0.41335587489433645),
2026-07-09 02:56:09,105 | INFO | 	                            (7, 0.41335587489433645),
[92mINFO [0m:      	                            (8, 0.4130120481927711),
2026-07-09 02:56:09,105 | INFO | 	                            (8, 0.4130120481927711),
[92mINFO [0m:      	                            (9, 0.2567994939911448),
2026-07-09 02:56:09,105 | INFO | 	                            (9, 0.2567994939911448),
[92mINFO [0m:      	                            (10, 0.18896713615023475),
2026-07-09 02:56:09,105 | INFO | 	                            (10, 0.18896713615023475),
[92mINFO [0m:      	                            (11, 0.38146740719087985),
2026-07-09 02:56:09,105 | INFO | 	                            (11, 0.38146740719087985),
[92mINFO [0m:      	                            (12, 0.22095435684647302),
2026-07-09 02:56:09,105 | INFO | 	                            (12, 0.22095435684647302),
[92mINFO [0m:      	                            (13, 0.16245081506464307),
2026-07-09 02:56:09,105 | INFO | 	                            (13, 0.16245081506464307),
[92mINFO [0m:      	                            (14, 0.2768192048012003),
2026-07-09 02:56:09,105 | INFO | 	                            (14, 0.2768192048012003),
[92mINFO [0m:      	                            (15, 0.21195652173913043),
2026-07-09 02:56:09,105 | INFO | 	                            (15, 0.21195652173913043),
[92mINFO [0m:      	                            (16, 0.5894472361809046),
2026-07-09 02:56:09,105 | INFO | 	                            (16, 0.5894472361809046),
[92mINFO [0m:      	                            (17, 0.2212790039615167),
2026-07-09 02:56:09,105 | INFO | 	                            (17, 0.2212790039615167),
[92mINFO [0m:      	                            (18, 0.24438742783835793),
2026-07-09 02:56:09,105 | INFO | 	                            (18, 0.24438742783835793),
[92mINFO [0m:      	                            (19, 0.3443627450980392),
2026-07-09 02:56:09,105 | INFO | 	                            (19, 0.3443627450980392),
[92mINFO [0m:      	                            (20, 0.28512858740216174),
2026-07-09 02:56:09,105 | INFO | 	                            (20, 0.28512858740216174),
[92mINFO [0m:      	                            (21, 0.4735123367198839),
2026-07-09 02:56:09,105 | INFO | 	                            (21, 0.4735123367198839),
[92mINFO [0m:      	                            (22, 0.29732065687121867),
2026-07-09 02:56:09,105 | INFO | 	                            (22, 0.29732065687121867),
[92mINFO [0m:      	                            (23, 0.2884914463452566),
2026-07-09 02:56:09,105 | INFO | 	                            (23, 0.2884914463452566),
[92mINFO [0m:      	                            (24, 0.39351593068753493),
2026-07-09 02:56:09,105 | INFO | 	                            (24, 0.39351593068753493),
[92mINFO [0m:      	                            (25, 0.27660571964369435),
2026-07-09 02:56:09,105 | INFO | 	                            (25, 0.27660571964369435),
[92mINFO [0m:      	                            (26, 0.2589928057553957),
2026-07-09 02:56:09,105 | INFO | 	                            (26, 0.2589928057553957),
[92mINFO [0m:      	                            (27, 0.33635187580853815),
2026-07-09 02:56:09,105 | INFO | 	                            (27, 0.33635187580853815),
[92mINFO [0m:      	                            (28, 0.7426597582037997),
2026-07-09 02:56:09,105 | INFO | 	                            (28, 0.7426597582037997),
[92mINFO [0m:      	                            (29, 0.4444070080862534),
2026-07-09 02:56:09,105 | INFO | 	                            (29, 0.4444070080862534),
[92mINFO [0m:      	                            (30, 0.36989907854322074),
2026-07-09 02:56:09,105 | INFO | 	                            (30, 0.36989907854322074),
[92mINFO [0m:      	                            (31, 0.45463953087271475),
2026-07-09 02:56:09,105 | INFO | 	                            (31, 0.45463953087271475),
[92mINFO [0m:      	                            (32, 0.2635593220338983),
2026-07-09 02:56:09,105 | INFO | 	                            (32, 0.2635593220338983),
[92mINFO [0m:      	                            (33, 0.31375),
2026-07-09 02:56:09,105 | INFO | 	                            (33, 0.31375),
[92mINFO [0m:      	                            (34, 0.22319138019497178),
2026-07-09 02:56:09,105 | INFO | 	                            (34, 0.22319138019497178),
[92mINFO [0m:      	                            (35, 0.5039370078740157),
2026-07-09 02:56:09,105 | INFO | 	                            (35, 0.5039370078740157),
[92mINFO [0m:      	                            (36, 0.2632612966601179),
2026-07-09 02:56:09,105 | INFO | 	                            (36, 0.2632612966601179),
[92mINFO [0m:      	                            (37, 0.30496592015579355),
2026-07-09 02:56:09,105 | INFO | 	                            (37, 0.30496592015579355),
[92mINFO [0m:      	                            (38, 0.2669376693766938),
2026-07-09 02:56:09,105 | INFO | 	                            (38, 0.2669376693766938),
[92mINFO [0m:      	                            (39, 0.32212308396247996),
2026-07-09 02:56:09,105 | INFO | 	                            (39, 0.32212308396247996),
[92mINFO [0m:      	                            (40, 0.27154136628904907),
2026-07-09 02:56:09,105 | INFO | 	                            (40, 0.27154136628904907),
[92mINFO [0m:      	                            (41, 0.25302209253855773),
2026-07-09 02:56:09,106 | INFO | 	                            (41, 0.25302209253855773),
[92mINFO [0m:      	                            (42, 0.3980627306273063),
2026-07-09 02:56:09,106 | INFO | 	                            (42, 0.3980627306273063),
[92mINFO [0m:      	                            (43, 0.27456161422051406),
2026-07-09 02:56:09,106 | INFO | 	                            (43, 0.27456161422051406),
[92mINFO [0m:      	                            (44, 0.38705234159779617),
2026-07-09 02:56:09,106 | INFO | 	                            (44, 0.38705234159779617),
[92mINFO [0m:      	                            (45, 0.5097481722177092),
2026-07-09 02:56:09,106 | INFO | 	                            (45, 0.5097481722177092),
[92mINFO [0m:      	                            (46, 0.45981967855742845),
2026-07-09 02:56:09,106 | INFO | 	                            (46, 0.45981967855742845),
[92mINFO [0m:      	                            (47, 0.3809179616913625),
2026-07-09 02:56:09,106 | INFO | 	                            (47, 0.3809179616913625),
[92mINFO [0m:      	                            (48, 0.34689557855127),
2026-07-09 02:56:09,106 | INFO | 	                            (48, 0.34689557855127),
[92mINFO [0m:      	                            (49, 0.2421078796917723),
2026-07-09 02:56:09,106 | INFO | 	                            (49, 0.2421078796917723),
[92mINFO [0m:      	                            (50, 0.36988847583643125),
2026-07-09 02:56:09,106 | INFO | 	                            (50, 0.36988847583643125),
[92mINFO [0m:      	                            (51, 0.305724197745013),
2026-07-09 02:56:09,106 | INFO | 	                            (51, 0.305724197745013),
[92mINFO [0m:      	                            (52, 0.44655883285759596),
2026-07-09 02:56:09,106 | INFO | 	                            (52, 0.44655883285759596),
[92mINFO [0m:      	                            (53, 0.22302158273381295),
2026-07-09 02:56:09,106 | INFO | 	                            (53, 0.22302158273381295),
[92mINFO [0m:      	                            (54, 0.3152321477056747),
2026-07-09 02:56:09,106 | INFO | 	                            (54, 0.3152321477056747),
[92mINFO [0m:      	                            (55, 0.32004064008128014),
2026-07-09 02:56:09,106 | INFO | 	                            (55, 0.32004064008128014),
[92mINFO [0m:      	                            (56, 0.300556586270872),
2026-07-09 02:56:09,106 | INFO | 	                            (56, 0.300556586270872),
[92mINFO [0m:      	                            (57, 0.3536749831422792),
2026-07-09 02:56:09,106 | INFO | 	                            (57, 0.3536749831422792),
[92mINFO [0m:      	                            (58, 0.22718521370812475),
2026-07-09 02:56:09,106 | INFO | 	                            (58, 0.22718521370812475),
[92mINFO [0m:      	                            (59, 0.35113707490089713),
2026-07-09 02:56:09,106 | INFO | 	                            (59, 0.35113707490089713),
[92mINFO [0m:      	                            (60, 0.20936902485659656)],
2026-07-09 02:56:09,106 | INFO | 	                            (60, 0.20936902485659656)],
[92mINFO [0m:      	 'aggregation_weight_min': [(1, 0.00042319085907744394),
2026-07-09 02:56:09,106 | INFO | 	 'aggregation_weight_min': [(1, 0.00042319085907744394),
[92mINFO [0m:      	                            (2, 0.0009174311926605505),
2026-07-09 02:56:09,106 | INFO | 	                            (2, 0.0009174311926605505),
[92mINFO [0m:      	                            (3, 0.0009053870529651426),
2026-07-09 02:56:09,106 | INFO | 	                            (3, 0.0009053870529651426),
[92mINFO [0m:      	                            (4, 0.0021413276231263384),
2026-07-09 02:56:09,106 | INFO | 	                            (4, 0.0021413276231263384),
[92mINFO [0m:      	                            (5, 0.0005737234652897303),
2026-07-09 02:56:09,106 | INFO | 	                            (5, 0.0005737234652897303),
[92mINFO [0m:      	                            (6, 0.0008295313148071339),
2026-07-09 02:56:09,106 | INFO | 	                            (6, 0.0008295313148071339),
[92mINFO [0m:      	                            (7, 0.00042265426880811494),
2026-07-09 02:56:09,106 | INFO | 	                            (7, 0.00042265426880811494),
[92mINFO [0m:      	                            (8, 0.0019277108433734939),
2026-07-09 02:56:09,106 | INFO | 	                            (8, 0.0019277108433734939),
[92mINFO [0m:      	                            (9, 0.0018975332068311196),
2026-07-09 02:56:09,106 | INFO | 	                            (9, 0.0018975332068311196),
[92mINFO [0m:      	                            (10, 0.000782472613458529),
2026-07-09 02:56:09,106 | INFO | 	                            (10, 0.000782472613458529),
[92mINFO [0m:      	                            (11, 0.00029231218941829873),
2026-07-09 02:56:09,106 | INFO | 	                            (11, 0.00029231218941829873),
[92mINFO [0m:      	                            (12, 0.0005186721991701245),
2026-07-09 02:56:09,106 | INFO | 	                            (12, 0.0005186721991701245),
[92mINFO [0m:      	                            (13, 0.002810567734682406),
2026-07-09 02:56:09,106 | INFO | 	                            (13, 0.002810567734682406),
[92mINFO [0m:      	                            (14, 0.0015003750937734434),
2026-07-09 02:56:09,106 | INFO | 	                            (14, 0.0015003750937734434),
[92mINFO [0m:      	                            (15, 0.0036231884057971015),
2026-07-09 02:56:09,106 | INFO | 	                            (15, 0.0036231884057971015),
[92mINFO [0m:      	                            (16, 0.004020100502512563),
2026-07-09 02:56:09,106 | INFO | 	                            (16, 0.004020100502512563),
[92mINFO [0m:      	                            (17, 0.0005659309564233164),
2026-07-09 02:56:09,106 | INFO | 	                            (17, 0.0005659309564233164),
[92mINFO [0m:      	                            (18, 0.0006414368184733803),
2026-07-09 02:56:09,106 | INFO | 	                            (18, 0.0006414368184733803),
[92mINFO [0m:      	                            (19, 0.0012254901960784314),
2026-07-09 02:56:09,107 | INFO | 	                            (19, 0.0012254901960784314),
[92mINFO [0m:      	                            (20, 0.005963473723443906),
2026-07-09 02:56:09,107 | INFO | 	                            (20, 0.005963473723443906),
[92mINFO [0m:      	                            (21, 0.000362844702467344),
2026-07-09 02:56:09,107 | INFO | 	                            (21, 0.000362844702467344),
[92mINFO [0m:      	                            (22, 0.006050129645635264),
2026-07-09 02:56:09,107 | INFO | 	                            (22, 0.006050129645635264),
[92mINFO [0m:      	                            (23, 0.0007776049766718507),
2026-07-09 02:56:09,107 | INFO | 	                            (23, 0.0007776049766718507),
[92mINFO [0m:      	                            (24, 0.00027948574622694243),
2026-07-09 02:56:09,107 | INFO | 	                            (24, 0.00027948574622694243),
[92mINFO [0m:      	                            (25, 0.00046882325363338024),
2026-07-09 02:56:09,107 | INFO | 	                            (25, 0.00046882325363338024),
[92mINFO [0m:      	                            (26, 0.002616088947024199),
2026-07-09 02:56:09,107 | INFO | 	                            (26, 0.002616088947024199),
[92mINFO [0m:      	                            (27, 0.0008624407072013799),
2026-07-09 02:56:09,107 | INFO | 	                            (27, 0.0008624407072013799),
[92mINFO [0m:      	                            (28, 0.0011514104778353484),
2026-07-09 02:56:09,107 | INFO | 	                            (28, 0.0011514104778353484),
[92mINFO [0m:      	                            (29, 0.0006738544474393531),
2026-07-09 02:56:09,107 | INFO | 	                            (29, 0.0006738544474393531),
[92mINFO [0m:      	                            (30, 0.008336989907854322),
2026-07-09 02:56:09,107 | INFO | 	                            (30, 0.008336989907854322),
[92mINFO [0m:      	                            (31, 0.0006898930665746809),
2026-07-09 02:56:09,107 | INFO | 	                            (31, 0.0006898930665746809),
[92mINFO [0m:      	                            (32, 0.000847457627118644),
2026-07-09 02:56:09,107 | INFO | 	                            (32, 0.000847457627118644),
[92mINFO [0m:      	                            (33, 0.0165),
2026-07-09 02:56:09,107 | INFO | 	                            (33, 0.0165),
[92mINFO [0m:      	                            (34, 0.0003420557550880794),
2026-07-09 02:56:09,107 | INFO | 	                            (34, 0.0003420557550880794),
[92mINFO [0m:      	                            (35, 0.0005249343832020997),
2026-07-09 02:56:09,107 | INFO | 	                            (35, 0.0005249343832020997),
[92mINFO [0m:      	                            (36, 0.0006548788474132286),
2026-07-09 02:56:09,107 | INFO | 	                            (36, 0.0006548788474132286),
[92mINFO [0m:      	                            (37, 0.00019474196689386563),
2026-07-09 02:56:09,107 | INFO | 	                            (37, 0.00019474196689386563),
[92mINFO [0m:      	                            (38, 0.004607046070460705),
2026-07-09 02:56:09,107 | INFO | 	                            (38, 0.004607046070460705),
[92mINFO [0m:      	                            (39, 0.001601464195836193),
2026-07-09 02:56:09,107 | INFO | 	                            (39, 0.001601464195836193),
[92mINFO [0m:      	                            (40, 0.0006865774116031583),
2026-07-09 02:56:09,107 | INFO | 	                            (40, 0.0006865774116031583),
[92mINFO [0m:      	                            (41, 0.007503126302626094),
2026-07-09 02:56:09,107 | INFO | 	                            (41, 0.007503126302626094),
[92mINFO [0m:      	                            (42, 0.00046125461254612545),
2026-07-09 02:56:09,107 | INFO | 	                            (42, 0.00046125461254612545),
[92mINFO [0m:      	                            (43, 0.0031227480182560653),
2026-07-09 02:56:09,107 | INFO | 	                            (43, 0.0031227480182560653),
[92mINFO [0m:      	                            (44, 0.002295684113865932),
2026-07-09 02:56:09,107 | INFO | 	                            (44, 0.002295684113865932),
[92mINFO [0m:      	                            (45, 0.0012185215272136475),
2026-07-09 02:56:09,107 | INFO | 	                            (45, 0.0012185215272136475),
[92mINFO [0m:      	                            (46, 0.0015680125441003528),
2026-07-09 02:56:09,107 | INFO | 	                            (46, 0.0015680125441003528),
[92mINFO [0m:      	                            (47, 0.0007228044813877846),
2026-07-09 02:56:09,107 | INFO | 	                            (47, 0.0007228044813877846),
[92mINFO [0m:      	                            (48, 0.00047036688617121356),
2026-07-09 02:56:09,107 | INFO | 	                            (48, 0.00047036688617121356),
[92mINFO [0m:      	                            (49, 0.0004971414367387521),
2026-07-09 02:56:09,107 | INFO | 	                            (49, 0.0004971414367387521),
[92mINFO [0m:      	                            (50, 0.0007434944237918215),
2026-07-09 02:56:09,107 | INFO | 	                            (50, 0.0007434944237918215),
[92mINFO [0m:      	                            (51, 0.0008673026886383347),
2026-07-09 02:56:09,107 | INFO | 	                            (51, 0.0008673026886383347),
[92mINFO [0m:      	                            (52, 0.01014906438312718),
2026-07-09 02:56:09,107 | INFO | 	                            (52, 0.01014906438312718),
[92mINFO [0m:      	                            (53, 0.00047961630695443646),
2026-07-09 02:56:09,107 | INFO | 	                            (53, 0.00047961630695443646),
[92mINFO [0m:      	                            (54, 0.00027151778441487917),
2026-07-09 02:56:09,107 | INFO | 	                            (54, 0.00027151778441487917),
[92mINFO [0m:      	                            (55, 0.005842011684023368),
2026-07-09 02:56:09,107 | INFO | 	                            (55, 0.005842011684023368),
[92mINFO [0m:      	                            (56, 0.0009276437847866419),
2026-07-09 02:56:09,108 | INFO | 	                            (56, 0.0009276437847866419),
[92mINFO [0m:      	                            (57, 0.00033715441672285906),
2026-07-09 02:56:09,108 | INFO | 	                            (57, 0.00033715441672285906),
[92mINFO [0m:      	                            (58, 0.0015402387370042356),
2026-07-09 02:56:09,108 | INFO | 	                            (58, 0.0015402387370042356),
[92mINFO [0m:      	                            (59, 0.0008345503859795535),
2026-07-09 02:56:09,108 | INFO | 	                            (59, 0.0008345503859795535),
[92mINFO [0m:      	                            (60, 0.0033460803059273425)],
2026-07-09 02:56:09,108 | INFO | 	                            (60, 0.0033460803059273425)],
[92mINFO [0m:      	 'client_update_cosine_max': [(1, 0.9408730211757392),
2026-07-09 02:56:09,108 | INFO | 	 'client_update_cosine_max': [(1, 0.9408730211757392),
[92mINFO [0m:      	                              (2, 0.9429468951119917),
2026-07-09 02:56:09,108 | INFO | 	                              (2, 0.9429468951119917),
[92mINFO [0m:      	                              (3, 0.9291788553707784),
2026-07-09 02:56:09,108 | INFO | 	                              (3, 0.9291788553707784),
[92mINFO [0m:      	                              (4, 0.9452998461969678),
2026-07-09 02:56:09,108 | INFO | 	                              (4, 0.9452998461969678),
[92mINFO [0m:      	                              (5, 0.9319964994553838),
2026-07-09 02:56:09,108 | INFO | 	                              (5, 0.9319964994553838),
[92mINFO [0m:      	                              (6, 0.9448987592507929),
2026-07-09 02:56:09,108 | INFO | 	                              (6, 0.9448987592507929),
[92mINFO [0m:      	                              (7, 0.9461111884214851),
2026-07-09 02:56:09,108 | INFO | 	                              (7, 0.9461111884214851),
[92mINFO [0m:      	                              (8, 0.9487515307766391),
2026-07-09 02:56:09,108 | INFO | 	                              (8, 0.9487515307766391),
[92mINFO [0m:      	                              (9, 0.934962223189507),
2026-07-09 02:56:09,108 | INFO | 	                              (9, 0.934962223189507),
[92mINFO [0m:      	                              (10, 0.9357469807284101),
2026-07-09 02:56:09,108 | INFO | 	                              (10, 0.9357469807284101),
[92mINFO [0m:      	                              (11, 0.9532745698477096),
2026-07-09 02:56:09,108 | INFO | 	                              (11, 0.9532745698477096),
[92mINFO [0m:      	                              (12, 0.9371921769314151),
2026-07-09 02:56:09,108 | INFO | 	                              (12, 0.9371921769314151),
[92mINFO [0m:      	                              (13, 0.9379959690466714),
2026-07-09 02:56:09,108 | INFO | 	                              (13, 0.9379959690466714),
[92mINFO [0m:      	                              (14, 0.9382681682460171),
2026-07-09 02:56:09,108 | INFO | 	                              (14, 0.9382681682460171),
[92mINFO [0m:      	                              (15, 0.9389394138938826),
2026-07-09 02:56:09,108 | INFO | 	                              (15, 0.9389394138938826),
[92mINFO [0m:      	                              (16, 0.9545457923440909),
2026-07-09 02:56:09,108 | INFO | 	                              (16, 0.9545457923440909),
[92mINFO [0m:      	                              (17, 0.9408430996541339),
2026-07-09 02:56:09,108 | INFO | 	                              (17, 0.9408430996541339),
[92mINFO [0m:      	                              (18, 0.9416381327428547),
2026-07-09 02:56:09,108 | INFO | 	                              (18, 0.9416381327428547),
[92mINFO [0m:      	                              (19, 0.9564526249904479),
2026-07-09 02:56:09,108 | INFO | 	                              (19, 0.9564526249904479),
[92mINFO [0m:      	                              (20, 0.9537670296737306),
2026-07-09 02:56:09,108 | INFO | 	                              (20, 0.9537670296737306),
[92mINFO [0m:      	                              (21, 0.9590546393235848),
2026-07-09 02:56:09,108 | INFO | 	                              (21, 0.9590546393235848),
[92mINFO [0m:      	                              (22, 0.9440115094746565),
2026-07-09 02:56:09,108 | INFO | 	                              (22, 0.9440115094746565),
[92mINFO [0m:      	                              (23, 0.9440692245828056),
2026-07-09 02:56:09,108 | INFO | 	                              (23, 0.9440692245828056),
[92mINFO [0m:      	                              (24, 0.9605895189614414),
2026-07-09 02:56:09,108 | INFO | 	                              (24, 0.9605895189614414),
[92mINFO [0m:      	                              (25, 0.9557912218516527),
2026-07-09 02:56:09,108 | INFO | 	                              (25, 0.9557912218516527),
[92mINFO [0m:      	                              (26, 0.9458329896142438),
2026-07-09 02:56:09,108 | INFO | 	                              (26, 0.9458329896142438),
[92mINFO [0m:      	                              (27, 0.960978983491145),
2026-07-09 02:56:09,108 | INFO | 	                              (27, 0.960978983491145),
[92mINFO [0m:      	                              (28, 0.956908015000372),
2026-07-09 02:56:09,108 | INFO | 	                              (28, 0.956908015000372),
[92mINFO [0m:      	                              (29, 0.9631672972249075),
2026-07-09 02:56:09,108 | INFO | 	                              (29, 0.9631672972249075),
[92mINFO [0m:      	                              (30, 0.9621053004388037),
2026-07-09 02:56:09,108 | INFO | 	                              (30, 0.9621053004388037),
[92mINFO [0m:      	                              (31, 0.9625093051746871),
2026-07-09 02:56:09,108 | INFO | 	                              (31, 0.9625093051746871),
[92mINFO [0m:      	                              (32, 0.9629749253116721),
2026-07-09 02:56:09,108 | INFO | 	                              (32, 0.9629749253116721),
[92mINFO [0m:      	                              (33, 0.964293179957213),
2026-07-09 02:56:09,109 | INFO | 	                              (33, 0.964293179957213),
[92mINFO [0m:      	                              (34, 0.9643380852175927),
2026-07-09 02:56:09,109 | INFO | 	                              (34, 0.9643380852175927),
[92mINFO [0m:      	                              (35, 0.9632640663386909),
2026-07-09 02:56:09,109 | INFO | 	                              (35, 0.9632640663386909),
[92mINFO [0m:      	                              (36, 0.9518727418939787),
2026-07-09 02:56:09,109 | INFO | 	                              (36, 0.9518727418939787),
[92mINFO [0m:      	                              (37, 0.9650661044657556),
2026-07-09 02:56:09,109 | INFO | 	                              (37, 0.9650661044657556),
[92mINFO [0m:      	                              (38, 0.9640445733498915),
2026-07-09 02:56:09,109 | INFO | 	                              (38, 0.9640445733498915),
[92mINFO [0m:      	                              (39, 0.9654490303865184),
2026-07-09 02:56:09,109 | INFO | 	                              (39, 0.9654490303865184),
[92mINFO [0m:      	                              (40, 0.9637919941555861),
2026-07-09 02:56:09,109 | INFO | 	                              (40, 0.9637919941555861),
[92mINFO [0m:      	                              (41, 0.9588703578763152),
2026-07-09 02:56:09,109 | INFO | 	                              (41, 0.9588703578763152),
[92mINFO [0m:      	                              (42, 0.963986081224725),
2026-07-09 02:56:09,109 | INFO | 	                              (42, 0.963986081224725),
[92mINFO [0m:      	                              (43, 0.9660395646780899),
2026-07-09 02:56:09,109 | INFO | 	                              (43, 0.9660395646780899),
[92mINFO [0m:      	                              (44, 0.9642951790534381),
2026-07-09 02:56:09,109 | INFO | 	                              (44, 0.9642951790534381),
[92mINFO [0m:      	                              (45, 0.9664170656828162),
2026-07-09 02:56:09,109 | INFO | 	                              (45, 0.9664170656828162),
[92mINFO [0m:      	                              (46, 0.9669006952573128),
2026-07-09 02:56:09,109 | INFO | 	                              (46, 0.9669006952573128),
[92mINFO [0m:      	                              (47, 0.9652106866051281),
2026-07-09 02:56:09,109 | INFO | 	                              (47, 0.9652106866051281),
[92mINFO [0m:      	                              (48, 0.9670842853765776),
2026-07-09 02:56:09,109 | INFO | 	                              (48, 0.9670842853765776),
[92mINFO [0m:      	                              (49, 0.9652938956904598),
2026-07-09 02:56:09,109 | INFO | 	                              (49, 0.9652938956904598),
[92mINFO [0m:      	                              (50, 0.9594992361664186),
2026-07-09 02:56:09,109 | INFO | 	                              (50, 0.9594992361664186),
[92mINFO [0m:      	                              (51, 0.9600602147040019),
2026-07-09 02:56:09,109 | INFO | 	                              (51, 0.9600602147040019),
[92mINFO [0m:      	                              (52, 0.9680556703729881),
2026-07-09 02:56:09,109 | INFO | 	                              (52, 0.9680556703729881),
[92mINFO [0m:      	                              (53, 0.9598409618377564),
2026-07-09 02:56:09,109 | INFO | 	                              (53, 0.9598409618377564),
[92mINFO [0m:      	                              (54, 0.9678928870119217),
2026-07-09 02:56:09,109 | INFO | 	                              (54, 0.9678928870119217),
[92mINFO [0m:      	                              (55, 0.9681913974786878),
2026-07-09 02:56:09,109 | INFO | 	                              (55, 0.9681913974786878),
[92mINFO [0m:      	                              (56, 0.9608307250469982),
2026-07-09 02:56:09,109 | INFO | 	                              (56, 0.9608307250469982),
[92mINFO [0m:      	                              (57, 0.9685090992540435),
2026-07-09 02:56:09,109 | INFO | 	                              (57, 0.9685090992540435),
[92mINFO [0m:      	                              (58, 0.9615997574833903),
2026-07-09 02:56:09,109 | INFO | 	                              (58, 0.9615997574833903),
[92mINFO [0m:      	                              (59, 0.9683852879791999),
2026-07-09 02:56:09,109 | INFO | 	                              (59, 0.9683852879791999),
[92mINFO [0m:      	                              (60, 0.9621664186180391)],
2026-07-09 02:56:09,109 | INFO | 	                              (60, 0.9621664186180391)],
[92mINFO [0m:      	 'client_update_cosine_mean': [(1, 0.9195373654888835),
2026-07-09 02:56:09,109 | INFO | 	 'client_update_cosine_mean': [(1, 0.9195373654888835),
[92mINFO [0m:      	                               (2, 0.9191631264441434),
2026-07-09 02:56:09,109 | INFO | 	                               (2, 0.9191631264441434),
[92mINFO [0m:      	                               (3, 0.9206272814623714),
2026-07-09 02:56:09,109 | INFO | 	                               (3, 0.9206272814623714),
[92mINFO [0m:      	                               (4, 0.9222426662633112),
2026-07-09 02:56:09,109 | INFO | 	                               (4, 0.9222426662633112),
[92mINFO [0m:      	                               (5, 0.9226653409149911),
2026-07-09 02:56:09,109 | INFO | 	                               (5, 0.9226653409149911),
[92mINFO [0m:      	                               (6, 0.9256442139635883),
2026-07-09 02:56:09,109 | INFO | 	                               (6, 0.9256442139635883),
[92mINFO [0m:      	                               (7, 0.9282692640818867),
2026-07-09 02:56:09,109 | INFO | 	                               (7, 0.9282692640818867),
[92mINFO [0m:      	                               (8, 0.9283514156262106),
2026-07-09 02:56:09,109 | INFO | 	                               (8, 0.9283514156262106),
[92mINFO [0m:      	                               (9, 0.928170817421996),
2026-07-09 02:56:09,109 | INFO | 	                               (9, 0.928170817421996),
[92mINFO [0m:      	                               (10, 0.931017727349029),
2026-07-09 02:56:09,109 | INFO | 	                               (10, 0.931017727349029),
[92mINFO [0m:      	                               (11, 0.933294633417322),
2026-07-09 02:56:09,109 | INFO | 	                               (11, 0.933294633417322),
[92mINFO [0m:      	                               (12, 0.9318646607504417),
2026-07-09 02:56:09,110 | INFO | 	                               (12, 0.9318646607504417),
[92mINFO [0m:      	                               (13, 0.9324765770165454),
2026-07-09 02:56:09,110 | INFO | 	                               (13, 0.9324765770165454),
[92mINFO [0m:      	                               (14, 0.9327585054591102),
2026-07-09 02:56:09,110 | INFO | 	                               (14, 0.9327585054591102),
[92mINFO [0m:      	                               (15, 0.934332738398393),
2026-07-09 02:56:09,110 | INFO | 	                               (15, 0.934332738398393),
[92mINFO [0m:      	                               (16, 0.935972866247832),
2026-07-09 02:56:09,110 | INFO | 	                               (16, 0.935972866247832),
[92mINFO [0m:      	                               (17, 0.937233745919076),
2026-07-09 02:56:09,110 | INFO | 	                               (17, 0.937233745919076),
[92mINFO [0m:      	                               (18, 0.9380470271962815),
2026-07-09 02:56:09,110 | INFO | 	                               (18, 0.9380470271962815),
[92mINFO [0m:      	                               (19, 0.9399052566937047),
2026-07-09 02:56:09,110 | INFO | 	                               (19, 0.9399052566937047),
[92mINFO [0m:      	                               (20, 0.9412009816248796),
2026-07-09 02:56:09,110 | INFO | 	                               (20, 0.9412009816248796),
[92mINFO [0m:      	                               (21, 0.9419142398090216),
2026-07-09 02:56:09,110 | INFO | 	                               (21, 0.9419142398090216),
[92mINFO [0m:      	                               (22, 0.9412454407590728),
2026-07-09 02:56:09,110 | INFO | 	                               (22, 0.9412454407590728),
[92mINFO [0m:      	                               (23, 0.9423667880475032),
2026-07-09 02:56:09,110 | INFO | 	                               (23, 0.9423667880475032),
[92mINFO [0m:      	                               (24, 0.946364223553641),
2026-07-09 02:56:09,110 | INFO | 	                               (24, 0.946364223553641),
[92mINFO [0m:      	                               (25, 0.9448398912107756),
2026-07-09 02:56:09,110 | INFO | 	                               (25, 0.9448398912107756),
[92mINFO [0m:      	                               (26, 0.9447881489518882),
2026-07-09 02:56:09,110 | INFO | 	                               (26, 0.9447881489518882),
[92mINFO [0m:      	                               (27, 0.9465964518067725),
2026-07-09 02:56:09,110 | INFO | 	                               (27, 0.9465964518067725),
[92mINFO [0m:      	                               (28, 0.9478035619501518),
2026-07-09 02:56:09,110 | INFO | 	                               (28, 0.9478035619501518),
[92mINFO [0m:      	                               (29, 0.9486054941657005),
2026-07-09 02:56:09,110 | INFO | 	                               (29, 0.9486054941657005),
[92mINFO [0m:      	                               (30, 0.949126238415824),
2026-07-09 02:56:09,110 | INFO | 	                               (30, 0.949126238415824),
[92mINFO [0m:      	                               (31, 0.9496683548812721),
2026-07-09 02:56:09,110 | INFO | 	                               (31, 0.9496683548812721),
[92mINFO [0m:      	                               (32, 0.951658015464115),
2026-07-09 02:56:09,110 | INFO | 	                               (32, 0.951658015464115),
[92mINFO [0m:      	                               (33, 0.9516106541439018),
2026-07-09 02:56:09,110 | INFO | 	                               (33, 0.9516106541439018),
[92mINFO [0m:      	                               (34, 0.9537136735210638),
2026-07-09 02:56:09,110 | INFO | 	                               (34, 0.9537136735210638),
[92mINFO [0m:      	                               (35, 0.9513109929365907),
2026-07-09 02:56:09,110 | INFO | 	                               (35, 0.9513109929365907),
[92mINFO [0m:      	                               (36, 0.9512497589925312),
2026-07-09 02:56:09,110 | INFO | 	                               (36, 0.9512497589925312),
[92mINFO [0m:      	                               (37, 0.9542074658885478),
2026-07-09 02:56:09,110 | INFO | 	                               (37, 0.9542074658885478),
[92mINFO [0m:      	                               (38, 0.9542311771600479),
2026-07-09 02:56:09,110 | INFO | 	                               (38, 0.9542311771600479),
[92mINFO [0m:      	                               (39, 0.9540727400531346),
2026-07-09 02:56:09,110 | INFO | 	                               (39, 0.9540727400531346),
[92mINFO [0m:      	                               (40, 0.9531644322651822),
2026-07-09 02:56:09,110 | INFO | 	                               (40, 0.9531644322651822),
[92mINFO [0m:      	                               (41, 0.953484896843932),
2026-07-09 02:56:09,110 | INFO | 	                               (41, 0.953484896843932),
[92mINFO [0m:      	                               (42, 0.955271944562983),
2026-07-09 02:56:09,110 | INFO | 	                               (42, 0.955271944562983),
[92mINFO [0m:      	                               (43, 0.9559817931976736),
2026-07-09 02:56:09,110 | INFO | 	                               (43, 0.9559817931976736),
[92mINFO [0m:      	                               (44, 0.9553958508538882),
2026-07-09 02:56:09,110 | INFO | 	                               (44, 0.9553958508538882),
[92mINFO [0m:      	                               (45, 0.9566561468677147),
2026-07-09 02:56:09,110 | INFO | 	                               (45, 0.9566561468677147),
[92mINFO [0m:      	                               (46, 0.9574933590218132),
2026-07-09 02:56:09,110 | INFO | 	                               (46, 0.9574933590218132),
[92mINFO [0m:      	                               (47, 0.9569875959030069),
2026-07-09 02:56:09,110 | INFO | 	                               (47, 0.9569875959030069),
[92mINFO [0m:      	                               (48, 0.9572153755380268),
2026-07-09 02:56:09,110 | INFO | 	                               (48, 0.9572153755380268),
[92mINFO [0m:      	                               (49, 0.9571773752338275),
2026-07-09 02:56:09,110 | INFO | 	                               (49, 0.9571773752338275),
[92mINFO [0m:      	                               (50, 0.9576949507304033),
2026-07-09 02:56:09,110 | INFO | 	                               (50, 0.9576949507304033),
[92mINFO [0m:      	                               (51, 0.9580343058388092),
2026-07-09 02:56:09,111 | INFO | 	                               (51, 0.9580343058388092),
[92mINFO [0m:      	                               (52, 0.9585747608984628),
2026-07-09 02:56:09,111 | INFO | 	                               (52, 0.9585747608984628),
[92mINFO [0m:      	                               (53, 0.9576479799503156),
2026-07-09 02:56:09,111 | INFO | 	                               (53, 0.9576479799503156),
[92mINFO [0m:      	                               (54, 0.9592612731365505),
2026-07-09 02:56:09,111 | INFO | 	                               (54, 0.9592612731365505),
[92mINFO [0m:      	                               (55, 0.9603436406829198),
2026-07-09 02:56:09,111 | INFO | 	                               (55, 0.9603436406829198),
[92mINFO [0m:      	                               (56, 0.9597415968843829),
2026-07-09 02:56:09,111 | INFO | 	                               (56, 0.9597415968843829),
[92mINFO [0m:      	                               (57, 0.9602539426294652),
2026-07-09 02:56:09,111 | INFO | 	                               (57, 0.9602539426294652),
[92mINFO [0m:      	                               (58, 0.9604399794395416),
2026-07-09 02:56:09,111 | INFO | 	                               (58, 0.9604399794395416),
[92mINFO [0m:      	                               (59, 0.9608852513700866),
2026-07-09 02:56:09,111 | INFO | 	                               (59, 0.9608852513700866),
[92mINFO [0m:      	                               (60, 0.9601311725651925)],
2026-07-09 02:56:09,111 | INFO | 	                               (60, 0.9601311725651925)],
[92mINFO [0m:      	 'client_update_cosine_min': [(1, 0.9148122935223797),
2026-07-09 02:56:09,111 | INFO | 	 'client_update_cosine_min': [(1, 0.9148122935223797),
[92mINFO [0m:      	                              (2, 0.9159616930728557),
2026-07-09 02:56:09,111 | INFO | 	                              (2, 0.9159616930728557),
[92mINFO [0m:      	                              (3, 0.9175206411490652),
2026-07-09 02:56:09,111 | INFO | 	                              (3, 0.9175206411490652),
[92mINFO [0m:      	                              (4, 0.9193133739166379),
2026-07-09 02:56:09,111 | INFO | 	                              (4, 0.9193133739166379),
[92mINFO [0m:      	                              (5, 0.9206914572760293),
2026-07-09 02:56:09,111 | INFO | 	                              (5, 0.9206914572760293),
[92mINFO [0m:      	                              (6, 0.9222647626375614),
2026-07-09 02:56:09,111 | INFO | 	                              (6, 0.9222647626375614),
[92mINFO [0m:      	                              (7, 0.9239618301372289),
2026-07-09 02:56:09,111 | INFO | 	                              (7, 0.9239618301372289),
[92mINFO [0m:      	                              (8, 0.9251598662772341),
2026-07-09 02:56:09,111 | INFO | 	                              (8, 0.9251598662772341),
[92mINFO [0m:      	                              (9, 0.926883156928414),
2026-07-09 02:56:09,111 | INFO | 	                              (9, 0.926883156928414),
[92mINFO [0m:      	                              (10, 0.9283424972994962),
2026-07-09 02:56:09,111 | INFO | 	                              (10, 0.9283424972994962),
[92mINFO [0m:      	                              (11, 0.9291698497954614),
2026-07-09 02:56:09,111 | INFO | 	                              (11, 0.9291698497954614),
[92mINFO [0m:      	                              (12, 0.9301705868137936),
2026-07-09 02:56:09,111 | INFO | 	                              (12, 0.9301705868137936),
[92mINFO [0m:      	                              (13, 0.9312056099512358),
2026-07-09 02:56:09,111 | INFO | 	                              (13, 0.9312056099512358),
[92mINFO [0m:      	                              (14, 0.9318674374470972),
2026-07-09 02:56:09,111 | INFO | 	                              (14, 0.9318674374470972),
[92mINFO [0m:      	                              (15, 0.9331669828695174),
2026-07-09 02:56:09,111 | INFO | 	                              (15, 0.9331669828695174),
[92mINFO [0m:      	                              (16, 0.9341044501205535),
2026-07-09 02:56:09,111 | INFO | 	                              (16, 0.9341044501205535),
[92mINFO [0m:      	                              (17, 0.9360359719280644),
2026-07-09 02:56:09,111 | INFO | 	                              (17, 0.9360359719280644),
[92mINFO [0m:      	                              (18, 0.9366557377735821),
2026-07-09 02:56:09,111 | INFO | 	                              (18, 0.9366557377735821),
[92mINFO [0m:      	                              (19, 0.9371770162377322),
2026-07-09 02:56:09,111 | INFO | 	                              (19, 0.9371770162377322),
[92mINFO [0m:      	                              (20, 0.938542988361704),
2026-07-09 02:56:09,111 | INFO | 	                              (20, 0.938542988361704),
[92mINFO [0m:      	                              (21, 0.9395612913883054),
2026-07-09 02:56:09,111 | INFO | 	                              (21, 0.9395612913883054),
[92mINFO [0m:      	                              (22, 0.9404303086700457),
2026-07-09 02:56:09,111 | INFO | 	                              (22, 0.9404303086700457),
[92mINFO [0m:      	                              (23, 0.941824087606873),
2026-07-09 02:56:09,111 | INFO | 	                              (23, 0.941824087606873),
[92mINFO [0m:      	                              (24, 0.9427902960317099),
2026-07-09 02:56:09,111 | INFO | 	                              (24, 0.9427902960317099),
[92mINFO [0m:      	                              (25, 0.9436409400374778),
2026-07-09 02:56:09,111 | INFO | 	                              (25, 0.9436409400374778),
[92mINFO [0m:      	                              (26, 0.9441306097165447),
2026-07-09 02:56:09,111 | INFO | 	                              (26, 0.9441306097165447),
[92mINFO [0m:      	                              (27, 0.9452031130588329),
2026-07-09 02:56:09,111 | INFO | 	                              (27, 0.9452031130588329),
[92mINFO [0m:      	                              (28, 0.9459634410470621),
2026-07-09 02:56:09,111 | INFO | 	                              (28, 0.9459634410470621),
[92mINFO [0m:      	                              (29, 0.9471882562104945),
2026-07-09 02:56:09,112 | INFO | 	                              (29, 0.9471882562104945),
[92mINFO [0m:      	                              (30, 0.9478583898272711),
2026-07-09 02:56:09,112 | INFO | 	                              (30, 0.9478583898272711),
[92mINFO [0m:      	                              (31, 0.9480986549278934),
2026-07-09 02:56:09,112 | INFO | 	                              (31, 0.9480986549278934),
[92mINFO [0m:      	                              (32, 0.9487129121136295),
2026-07-09 02:56:09,112 | INFO | 	                              (32, 0.9487129121136295),
[92mINFO [0m:      	                              (33, 0.9486766762569222),
2026-07-09 02:56:09,112 | INFO | 	                              (33, 0.9486766762569222),
[92mINFO [0m:      	                              (34, 0.9492470782341682),
2026-07-09 02:56:09,112 | INFO | 	                              (34, 0.9492470782341682),
[92mINFO [0m:      	                              (35, 0.9486502070789027),
2026-07-09 02:56:09,112 | INFO | 	                              (35, 0.9486502070789027),
[92mINFO [0m:      	                              (36, 0.949315394836508),
2026-07-09 02:56:09,112 | INFO | 	                              (36, 0.949315394836508),
[92mINFO [0m:      	                              (37, 0.9498171517373809),
2026-07-09 02:56:09,112 | INFO | 	                              (37, 0.9498171517373809),
[92mINFO [0m:      	                              (38, 0.9500165551715484),
2026-07-09 02:56:09,112 | INFO | 	                              (38, 0.9500165551715484),
[92mINFO [0m:      	                              (39, 0.9498431808111134),
2026-07-09 02:56:09,112 | INFO | 	                              (39, 0.9498431808111134),
[92mINFO [0m:      	                              (40, 0.9500201413583278),
2026-07-09 02:56:09,112 | INFO | 	                              (40, 0.9500201413583278),
[92mINFO [0m:      	                              (41, 0.950545174579592),
2026-07-09 02:56:09,112 | INFO | 	                              (41, 0.950545174579592),
[92mINFO [0m:      	                              (42, 0.9539724336084402),
2026-07-09 02:56:09,112 | INFO | 	                              (42, 0.9539724336084402),
[92mINFO [0m:      	                              (43, 0.9507372202297852),
2026-07-09 02:56:09,112 | INFO | 	                              (43, 0.9507372202297852),
[92mINFO [0m:      	                              (44, 0.951265437753632),
2026-07-09 02:56:09,112 | INFO | 	                              (44, 0.951265437753632),
[92mINFO [0m:      	                              (45, 0.9557215704746017),
2026-07-09 02:56:09,112 | INFO | 	                              (45, 0.9557215704746017),
[92mINFO [0m:      	                              (46, 0.9561625233386755),
2026-07-09 02:56:09,112 | INFO | 	                              (46, 0.9561625233386755),
[92mINFO [0m:      	                              (47, 0.9522380956673331),
2026-07-09 02:56:09,112 | INFO | 	                              (47, 0.9522380956673331),
[92mINFO [0m:      	                              (48, 0.9525391151403644),
2026-07-09 02:56:09,112 | INFO | 	                              (48, 0.9525391151403644),
[92mINFO [0m:      	                              (49, 0.9522426297649692),
2026-07-09 02:56:09,112 | INFO | 	                              (49, 0.9522426297649692),
[92mINFO [0m:      	                              (50, 0.9531869125871497),
2026-07-09 02:56:09,112 | INFO | 	                              (50, 0.9531869125871497),
[92mINFO [0m:      	                              (51, 0.9531395980647761),
2026-07-09 02:56:09,112 | INFO | 	                              (51, 0.9531395980647761),
[92mINFO [0m:      	                              (52, 0.9534422754197994),
2026-07-09 02:56:09,112 | INFO | 	                              (52, 0.9534422754197994),
[92mINFO [0m:      	                              (53, 0.9529955385768906),
2026-07-09 02:56:09,112 | INFO | 	                              (53, 0.9529955385768906),
[92mINFO [0m:      	                              (54, 0.9537104790047891),
2026-07-09 02:56:09,112 | INFO | 	                              (54, 0.9537104790047891),
[92mINFO [0m:      	                              (55, 0.9541610083293274),
2026-07-09 02:56:09,112 | INFO | 	                              (55, 0.9541610083293274),
[92mINFO [0m:      	                              (56, 0.9540391044814786),
2026-07-09 02:56:09,112 | INFO | 	                              (56, 0.9540391044814786),
[92mINFO [0m:      	                              (57, 0.9542344971558367),
2026-07-09 02:56:09,112 | INFO | 	                              (57, 0.9542344971558367),
[92mINFO [0m:      	                              (58, 0.9544822396549101),
2026-07-09 02:56:09,112 | INFO | 	                              (58, 0.9544822396549101),
[92mINFO [0m:      	                              (59, 0.9547534110567059),
2026-07-09 02:56:09,112 | INFO | 	                              (59, 0.9547534110567059),
[92mINFO [0m:      	                              (60, 0.9547754526516179)],
2026-07-09 02:56:09,112 | INFO | 	                              (60, 0.9547754526516179)],
[92mINFO [0m:      	 'client_update_cosine_p10': [(1, 0.9149096767765856),
2026-07-09 02:56:09,112 | INFO | 	 'client_update_cosine_p10': [(1, 0.9149096767765856),
[92mINFO [0m:      	                              (2, 0.916369894102987),
2026-07-09 02:56:09,112 | INFO | 	                              (2, 0.916369894102987),
[92mINFO [0m:      	                              (3, 0.9180059895668586),
2026-07-09 02:56:09,112 | INFO | 	                              (3, 0.9180059895668586),
[92mINFO [0m:      	                              (4, 0.9194433566499647),
2026-07-09 02:56:09,112 | INFO | 	                              (4, 0.9194433566499647),
[92mINFO [0m:      	                              (5, 0.9208800324279641),
2026-07-09 02:56:09,112 | INFO | 	                              (5, 0.9208800324279641),
[92mINFO [0m:      	                              (6, 0.9224382980341873),
2026-07-09 02:56:09,112 | INFO | 	                              (6, 0.9224382980341873),
[92mINFO [0m:      	                              (7, 0.9240222045885409),
2026-07-09 02:56:09,112 | INFO | 	                              (7, 0.9240222045885409),
[92mINFO [0m:      	                              (8, 0.925273434652609),
2026-07-09 02:56:09,113 | INFO | 	                              (8, 0.925273434652609),
[92mINFO [0m:      	                              (9, 0.9268956309782195),
2026-07-09 02:56:09,113 | INFO | 	                              (9, 0.9268956309782195),
[92mINFO [0m:      	                              (10, 0.9284854069442463),
2026-07-09 02:56:09,113 | INFO | 	                              (10, 0.9284854069442463),
[92mINFO [0m:      	                              (11, 0.9292528900993567),
2026-07-09 02:56:09,113 | INFO | 	                              (11, 0.9292528900993567),
[92mINFO [0m:      	                              (12, 0.9302091455061459),
2026-07-09 02:56:09,113 | INFO | 	                              (12, 0.9302091455061459),
[92mINFO [0m:      	                              (13, 0.9313442639109272),
2026-07-09 02:56:09,113 | INFO | 	                              (13, 0.9313442639109272),
[92mINFO [0m:      	                              (14, 0.9319961315823092),
2026-07-09 02:56:09,113 | INFO | 	                              (14, 0.9319961315823092),
[92mINFO [0m:      	                              (15, 0.9334029020377373),
2026-07-09 02:56:09,113 | INFO | 	                              (15, 0.9334029020377373),
[92mINFO [0m:      	                              (16, 0.9344145389474173),
2026-07-09 02:56:09,113 | INFO | 	                              (16, 0.9344145389474173),
[92mINFO [0m:      	                              (17, 0.9360913863723846),
2026-07-09 02:56:09,113 | INFO | 	                              (17, 0.9360913863723846),
[92mINFO [0m:      	                              (18, 0.9369294161641539),
2026-07-09 02:56:09,113 | INFO | 	                              (18, 0.9369294161641539),
[92mINFO [0m:      	                              (19, 0.9379121468399672),
2026-07-09 02:56:09,113 | INFO | 	                              (19, 0.9379121468399672),
[92mINFO [0m:      	                              (20, 0.9387067069168057),
2026-07-09 02:56:09,113 | INFO | 	                              (20, 0.9387067069168057),
[92mINFO [0m:      	                              (21, 0.9396454211192331),
2026-07-09 02:56:09,113 | INFO | 	                              (21, 0.9396454211192331),
[92mINFO [0m:      	                              (22, 0.9407714692596317),
2026-07-09 02:56:09,113 | INFO | 	                              (22, 0.9407714692596317),
[92mINFO [0m:      	                              (23, 0.9418789459389817),
2026-07-09 02:56:09,113 | INFO | 	                              (23, 0.9418789459389817),
[92mINFO [0m:      	                              (24, 0.9428616983131012),
2026-07-09 02:56:09,113 | INFO | 	                              (24, 0.9428616983131012),
[92mINFO [0m:      	                              (25, 0.9437105626667514),
2026-07-09 02:56:09,113 | INFO | 	                              (25, 0.9437105626667514),
[92mINFO [0m:      	                              (26, 0.9442614117745878),
2026-07-09 02:56:09,113 | INFO | 	                              (26, 0.9442614117745878),
[92mINFO [0m:      	                              (27, 0.9452278505469451),
2026-07-09 02:56:09,113 | INFO | 	                              (27, 0.9452278505469451),
[92mINFO [0m:      	                              (28, 0.94624025243576),
2026-07-09 02:56:09,113 | INFO | 	                              (28, 0.94624025243576),
[92mINFO [0m:      	                              (29, 0.9473127638996086),
2026-07-09 02:56:09,113 | INFO | 	                              (29, 0.9473127638996086),
[92mINFO [0m:      	                              (30, 0.9479104648290173),
2026-07-09 02:56:09,113 | INFO | 	                              (30, 0.9479104648290173),
[92mINFO [0m:      	                              (31, 0.9484074641093445),
2026-07-09 02:56:09,113 | INFO | 	                              (31, 0.9484074641093445),
[92mINFO [0m:      	                              (32, 0.9489382786757004),
2026-07-09 02:56:09,113 | INFO | 	                              (32, 0.9489382786757004),
[92mINFO [0m:      	                              (33, 0.9493701124025828),
2026-07-09 02:56:09,113 | INFO | 	                              (33, 0.9493701124025828),
[92mINFO [0m:      	                              (34, 0.9496546671866397),
2026-07-09 02:56:09,113 | INFO | 	                              (34, 0.9496546671866397),
[92mINFO [0m:      	                              (35, 0.9498275194064795),
2026-07-09 02:56:09,113 | INFO | 	                              (35, 0.9498275194064795),
[92mINFO [0m:      	                              (36, 0.950124541098353),
2026-07-09 02:56:09,113 | INFO | 	                              (36, 0.950124541098353),
[92mINFO [0m:      	                              (37, 0.9499355616946982),
2026-07-09 02:56:09,113 | INFO | 	                              (37, 0.9499355616946982),
[92mINFO [0m:      	                              (38, 0.952266214251971),
2026-07-09 02:56:09,113 | INFO | 	                              (38, 0.952266214251971),
[92mINFO [0m:      	                              (39, 0.9511702110584198),
2026-07-09 02:56:09,113 | INFO | 	                              (39, 0.9511702110584198),
[92mINFO [0m:      	                              (40, 0.9501125045077621),
2026-07-09 02:56:09,113 | INFO | 	                              (40, 0.9501125045077621),
[92mINFO [0m:      	                              (41, 0.9506290753669464),
2026-07-09 02:56:09,113 | INFO | 	                              (41, 0.9506290753669464),
[92mINFO [0m:      	                              (42, 0.9541549084440091),
2026-07-09 02:56:09,113 | INFO | 	                              (42, 0.9541549084440091),
[92mINFO [0m:      	                              (43, 0.9523572067327968),
2026-07-09 02:56:09,113 | INFO | 	                              (43, 0.9523572067327968),
[92mINFO [0m:      	                              (44, 0.9529436962707174),
2026-07-09 02:56:09,113 | INFO | 	                              (44, 0.9529436962707174),
[92mINFO [0m:      	                              (45, 0.9558188884094275),
2026-07-09 02:56:09,113 | INFO | 	                              (45, 0.9558188884094275),
[92mINFO [0m:      	                              (46, 0.9565548986687502),
2026-07-09 02:56:09,113 | INFO | 	                              (46, 0.9565548986687502),
[92mINFO [0m:      	                              (47, 0.9523189757787609),
2026-07-09 02:56:09,114 | INFO | 	                              (47, 0.9523189757787609),
[92mINFO [0m:      	                              (48, 0.9528087613032317),
2026-07-09 02:56:09,114 | INFO | 	                              (48, 0.9528087613032317),
[92mINFO [0m:      	                              (49, 0.9527615631447598),
2026-07-09 02:56:09,114 | INFO | 	                              (49, 0.9527615631447598),
[92mINFO [0m:      	                              (50, 0.9551486287874342),
2026-07-09 02:56:09,114 | INFO | 	                              (50, 0.9551486287874342),
[92mINFO [0m:      	                              (51, 0.9552809741385838),
2026-07-09 02:56:09,114 | INFO | 	                              (51, 0.9552809741385838),
[92mINFO [0m:      	                              (52, 0.9534880662566468),
2026-07-09 02:56:09,114 | INFO | 	                              (52, 0.9534880662566468),
[92mINFO [0m:      	                              (53, 0.95379608822049),
2026-07-09 02:56:09,114 | INFO | 	                              (53, 0.95379608822049),
[92mINFO [0m:      	                              (54, 0.9541413527997937),
2026-07-09 02:56:09,114 | INFO | 	                              (54, 0.9541413527997937),
[92mINFO [0m:      	                              (55, 0.9599640391999843),
2026-07-09 02:56:09,114 | INFO | 	                              (55, 0.9599640391999843),
[92mINFO [0m:      	                              (56, 0.956624323105246),
2026-07-09 02:56:09,114 | INFO | 	                              (56, 0.956624323105246),
[92mINFO [0m:      	                              (57, 0.9544520175942512),
2026-07-09 02:56:09,114 | INFO | 	                              (57, 0.9544520175942512),
[92mINFO [0m:      	                              (58, 0.9571119083188129),
2026-07-09 02:56:09,114 | INFO | 	                              (58, 0.9571119083188129),
[92mINFO [0m:      	                              (59, 0.9549316520861398),
2026-07-09 02:56:09,114 | INFO | 	                              (59, 0.9549316520861398),
[92mINFO [0m:      	                              (60, 0.95493105879658)],
2026-07-09 02:56:09,114 | INFO | 	                              (60, 0.95493105879658)],
[92mINFO [0m:      	 'client_update_cosine_p50': [(1, 0.9157222052759775),
2026-07-09 02:56:09,114 | INFO | 	 'client_update_cosine_p50': [(1, 0.9157222052759775),
[92mINFO [0m:      	                              (2, 0.916734746439021),
2026-07-09 02:56:09,114 | INFO | 	                              (2, 0.916734746439021),
[92mINFO [0m:      	                              (3, 0.9186384812367562),
2026-07-09 02:56:09,114 | INFO | 	                              (3, 0.9186384812367562),
[92mINFO [0m:      	                              (4, 0.9200408087792861),
2026-07-09 02:56:09,114 | INFO | 	                              (4, 0.9200408087792861),
[92mINFO [0m:      	                              (5, 0.9214203911569633),
2026-07-09 02:56:09,114 | INFO | 	                              (5, 0.9214203911569633),
[92mINFO [0m:      	                              (6, 0.9230075108744672),
2026-07-09 02:56:09,114 | INFO | 	                              (6, 0.9230075108744672),
[92mINFO [0m:      	                              (7, 0.92434973564503),
2026-07-09 02:56:09,114 | INFO | 	                              (7, 0.92434973564503),
[92mINFO [0m:      	                              (8, 0.9259263591197585),
2026-07-09 02:56:09,114 | INFO | 	                              (8, 0.9259263591197585),
[92mINFO [0m:      	                              (9, 0.9272396479575953),
2026-07-09 02:56:09,114 | INFO | 	                              (9, 0.9272396479575953),
[92mINFO [0m:      	                              (10, 0.928977897605723),
2026-07-09 02:56:09,114 | INFO | 	                              (10, 0.928977897605723),
[92mINFO [0m:      	                              (11, 0.9296460920577364),
2026-07-09 02:56:09,114 | INFO | 	                              (11, 0.9296460920577364),
[92mINFO [0m:      	                              (12, 0.93062015518214),
2026-07-09 02:56:09,114 | INFO | 	                              (12, 0.93062015518214),
[92mINFO [0m:      	                              (13, 0.9316687839411117),
2026-07-09 02:56:09,114 | INFO | 	                              (13, 0.9316687839411117),
[92mINFO [0m:      	                              (14, 0.9324647751453339),
2026-07-09 02:56:09,114 | INFO | 	                              (14, 0.9324647751453339),
[92mINFO [0m:      	                              (15, 0.9337902058619737),
2026-07-09 02:56:09,114 | INFO | 	                              (15, 0.9337902058619737),
[92mINFO [0m:      	                              (16, 0.9346186459268131),
2026-07-09 02:56:09,114 | INFO | 	                              (16, 0.9346186459268131),
[92mINFO [0m:      	                              (17, 0.9363957632156835),
2026-07-09 02:56:09,114 | INFO | 	                              (17, 0.9363957632156835),
[92mINFO [0m:      	                              (18, 0.937210646277175),
2026-07-09 02:56:09,114 | INFO | 	                              (18, 0.937210646277175),
[92mINFO [0m:      	                              (19, 0.9382827940344113),
2026-07-09 02:56:09,114 | INFO | 	                              (19, 0.9382827940344113),
[92mINFO [0m:      	                              (20, 0.9391878511941941),
2026-07-09 02:56:09,114 | INFO | 	                              (20, 0.9391878511941941),
[92mINFO [0m:      	                              (21, 0.9401083877001434),
2026-07-09 02:56:09,114 | INFO | 	                              (21, 0.9401083877001434),
[92mINFO [0m:      	                              (22, 0.9410396318363415),
2026-07-09 02:56:09,114 | INFO | 	                              (22, 0.9410396318363415),
[92mINFO [0m:      	                              (23, 0.9421359015152739),
2026-07-09 02:56:09,114 | INFO | 	                              (23, 0.9421359015152739),
[92mINFO [0m:      	                              (24, 0.9433692589485421),
2026-07-09 02:56:09,114 | INFO | 	                              (24, 0.9433692589485421),
[92mINFO [0m:      	                              (25, 0.943977786384902),
2026-07-09 02:56:09,115 | INFO | 	                              (25, 0.943977786384902),
[92mINFO [0m:      	                              (26, 0.9447409992984589),
2026-07-09 02:56:09,115 | INFO | 	                              (26, 0.9447409992984589),
[92mINFO [0m:      	                              (27, 0.9453743801318093),
2026-07-09 02:56:09,115 | INFO | 	                              (27, 0.9453743801318093),
[92mINFO [0m:      	                              (28, 0.9464740691273046),
2026-07-09 02:56:09,115 | INFO | 	                              (28, 0.9464740691273046),
[92mINFO [0m:      	                              (29, 0.9475148442557666),
2026-07-09 02:56:09,115 | INFO | 	                              (29, 0.9475148442557666),
[92mINFO [0m:      	                              (30, 0.9482327030810626),
2026-07-09 02:56:09,115 | INFO | 	                              (30, 0.9482327030810626),
[92mINFO [0m:      	                              (31, 0.948896887769345),
2026-07-09 02:56:09,115 | INFO | 	                              (31, 0.948896887769345),
[92mINFO [0m:      	                              (32, 0.9493339301735642),
2026-07-09 02:56:09,115 | INFO | 	                              (32, 0.9493339301735642),
[92mINFO [0m:      	                              (33, 0.9498873371880315),
2026-07-09 02:56:09,115 | INFO | 	                              (33, 0.9498873371880315),
[92mINFO [0m:      	                              (34, 0.9503051420397028),
2026-07-09 02:56:09,115 | INFO | 	                              (34, 0.9503051420397028),
[92mINFO [0m:      	                              (35, 0.9506354185113126),
2026-07-09 02:56:09,115 | INFO | 	                              (35, 0.9506354185113126),
[92mINFO [0m:      	                              (36, 0.9514238450193795),
2026-07-09 02:56:09,115 | INFO | 	                              (36, 0.9514238450193795),
[92mINFO [0m:      	                              (37, 0.9523163707761355),
2026-07-09 02:56:09,115 | INFO | 	                              (37, 0.9523163707761355),
[92mINFO [0m:      	                              (38, 0.9525031169302525),
2026-07-09 02:56:09,115 | INFO | 	                              (38, 0.9525031169302525),
[92mINFO [0m:      	                              (39, 0.9528381379463179),
2026-07-09 02:56:09,115 | INFO | 	                              (39, 0.9528381379463179),
[92mINFO [0m:      	                              (40, 0.9532798778972476),
2026-07-09 02:56:09,115 | INFO | 	                              (40, 0.9532798778972476),
[92mINFO [0m:      	                              (41, 0.9537652912944746),
2026-07-09 02:56:09,115 | INFO | 	                              (41, 0.9537652912944746),
[92mINFO [0m:      	                              (42, 0.9544022296463331),
2026-07-09 02:56:09,115 | INFO | 	                              (42, 0.9544022296463331),
[92mINFO [0m:      	                              (43, 0.9547735456845308),
2026-07-09 02:56:09,115 | INFO | 	                              (43, 0.9547735456845308),
[92mINFO [0m:      	                              (44, 0.9552633369355832),
2026-07-09 02:56:09,115 | INFO | 	                              (44, 0.9552633369355832),
[92mINFO [0m:      	                              (45, 0.9559438713666674),
2026-07-09 02:56:09,115 | INFO | 	                              (45, 0.9559438713666674),
[92mINFO [0m:      	                              (46, 0.9567049481235438),
2026-07-09 02:56:09,115 | INFO | 	                              (46, 0.9567049481235438),
[92mINFO [0m:      	                              (47, 0.957212262672586),
2026-07-09 02:56:09,115 | INFO | 	                              (47, 0.957212262672586),
[92mINFO [0m:      	                              (48, 0.957617732689503),
2026-07-09 02:56:09,115 | INFO | 	                              (48, 0.957617732689503),
[92mINFO [0m:      	                              (49, 0.9579202484914058),
2026-07-09 02:56:09,115 | INFO | 	                              (49, 0.9579202484914058),
[92mINFO [0m:      	                              (50, 0.9582829868895786),
2026-07-09 02:56:09,115 | INFO | 	                              (50, 0.9582829868895786),
[92mINFO [0m:      	                              (51, 0.9586457291233411),
2026-07-09 02:56:09,115 | INFO | 	                              (51, 0.9586457291233411),
[92mINFO [0m:      	                              (52, 0.95903801113921),
2026-07-09 02:56:09,115 | INFO | 	                              (52, 0.95903801113921),
[92mINFO [0m:      	                              (53, 0.9595408877560682),
2026-07-09 02:56:09,115 | INFO | 	                              (53, 0.9595408877560682),
[92mINFO [0m:      	                              (54, 0.9598016297814138),
2026-07-09 02:56:09,115 | INFO | 	                              (54, 0.9598016297814138),
[92mINFO [0m:      	                              (55, 0.9602026925943777),
2026-07-09 02:56:09,115 | INFO | 	                              (55, 0.9602026925943777),
[92mINFO [0m:      	                              (56, 0.96057042762921),
2026-07-09 02:56:09,115 | INFO | 	                              (56, 0.96057042762921),
[92mINFO [0m:      	                              (57, 0.9611238214098256),
2026-07-09 02:56:09,115 | INFO | 	                              (57, 0.9611238214098256),
[92mINFO [0m:      	                              (58, 0.9614339306060029),
2026-07-09 02:56:09,115 | INFO | 	                              (58, 0.9614339306060029),
[92mINFO [0m:      	                              (59, 0.9616006234249729),
2026-07-09 02:56:09,115 | INFO | 	                              (59, 0.9616006234249729),
[92mINFO [0m:      	                              (60, 0.9620338012142597)],
2026-07-09 02:56:09,115 | INFO | 	                              (60, 0.9620338012142597)],
[92mINFO [0m:      	 'client_update_cosine_p90': [(1, 0.9271766579709303),
2026-07-09 02:56:09,115 | INFO | 	 'client_update_cosine_p90': [(1, 0.9271766579709303),
[92mINFO [0m:      	                              (2, 0.9235698787430443),
2026-07-09 02:56:09,115 | INFO | 	                              (2, 0.9235698787430443),
[92mINFO [0m:      	                              (3, 0.9289153082818866),
2026-07-09 02:56:09,115 | INFO | 	                              (3, 0.9289153082818866),
[92mINFO [0m:      	                              (4, 0.9263200359810642),
2026-07-09 02:56:09,116 | INFO | 	                              (4, 0.9263200359810642),
[92mINFO [0m:      	                              (5, 0.9272525502724709),
2026-07-09 02:56:09,116 | INFO | 	                              (5, 0.9272525502724709),
[92mINFO [0m:      	                              (6, 0.9322948971764292),
2026-07-09 02:56:09,116 | INFO | 	                              (6, 0.9322948971764292),
[92mINFO [0m:      	                              (7, 0.9405589749351673),
2026-07-09 02:56:09,116 | INFO | 	                              (7, 0.9405589749351673),
[92mINFO [0m:      	                              (8, 0.9339597404610861),
2026-07-09 02:56:09,116 | INFO | 	                              (8, 0.9339597404610861),
[92mINFO [0m:      	                              (9, 0.9315166187591724),
2026-07-09 02:56:09,116 | INFO | 	                              (9, 0.9315166187591724),
[92mINFO [0m:      	                              (10, 0.9357308681978715),
2026-07-09 02:56:09,116 | INFO | 	                              (10, 0.9357308681978715),
[92mINFO [0m:      	                              (11, 0.9437510873459497),
2026-07-09 02:56:09,116 | INFO | 	                              (11, 0.9437510873459497),
[92mINFO [0m:      	                              (12, 0.9368432890869377),
2026-07-09 02:56:09,116 | INFO | 	                              (12, 0.9368432890869377),
[92mINFO [0m:      	                              (13, 0.9355028267313283),
2026-07-09 02:56:09,116 | INFO | 	                              (13, 0.9355028267313283),
[92mINFO [0m:      	                              (14, 0.9328223906929407),
2026-07-09 02:56:09,116 | INFO | 	                              (14, 0.9328223906929407),
[92mINFO [0m:      	                              (15, 0.9366876347902413),
2026-07-09 02:56:09,116 | INFO | 	                              (15, 0.9366876347902413),
[92mINFO [0m:      	                              (16, 0.9350413942592727),
2026-07-09 02:56:09,116 | INFO | 	                              (16, 0.9350413942592727),
[92mINFO [0m:      	                              (17, 0.940525381620941),
2026-07-09 02:56:09,116 | INFO | 	                              (17, 0.940525381620941),
[92mINFO [0m:      	                              (18, 0.9414343687755327),
2026-07-09 02:56:09,116 | INFO | 	                              (18, 0.9414343687755327),
[92mINFO [0m:      	                              (19, 0.941794853025307),
2026-07-09 02:56:09,116 | INFO | 	                              (19, 0.941794853025307),
[92mINFO [0m:      	                              (20, 0.9491221489823265),
2026-07-09 02:56:09,116 | INFO | 	                              (20, 0.9491221489823265),
[92mINFO [0m:      	                              (21, 0.9428655579388376),
2026-07-09 02:56:09,116 | INFO | 	                              (21, 0.9428655579388376),
[92mINFO [0m:      	                              (22, 0.9414582451131762),
2026-07-09 02:56:09,116 | INFO | 	                              (22, 0.9414582451131762),
[92mINFO [0m:      	                              (23, 0.9433822578125772),
2026-07-09 02:56:09,116 | INFO | 	                              (23, 0.9433822578125772),
[92mINFO [0m:      	                              (24, 0.957799452407066),
2026-07-09 02:56:09,116 | INFO | 	                              (24, 0.957799452407066),
[92mINFO [0m:      	                              (25, 0.9452134163268722),
2026-07-09 02:56:09,116 | INFO | 	                              (25, 0.9452134163268722),
[92mINFO [0m:      	                              (26, 0.9454564933604677),
2026-07-09 02:56:09,116 | INFO | 	                              (26, 0.9454564933604677),
[92mINFO [0m:      	                              (27, 0.9465903270151563),
2026-07-09 02:56:09,116 | INFO | 	                              (27, 0.9465903270151563),
[92mINFO [0m:      	                              (28, 0.9527709516358559),
2026-07-09 02:56:09,116 | INFO | 	                              (28, 0.9527709516358559),
[92mINFO [0m:      	                              (29, 0.9479605051055084),
2026-07-09 02:56:09,116 | INFO | 	                              (29, 0.9479605051055084),
[92mINFO [0m:      	                              (30, 0.9484961169246846),
2026-07-09 02:56:09,116 | INFO | 	                              (30, 0.9484961169246846),
[92mINFO [0m:      	                              (31, 0.9491863842386227),
2026-07-09 02:56:09,116 | INFO | 	                              (31, 0.9491863842386227),
[92mINFO [0m:      	                              (32, 0.960900472052921),
2026-07-09 02:56:09,116 | INFO | 	                              (32, 0.960900472052921),
[92mINFO [0m:      	                              (33, 0.957864621201398),
2026-07-09 02:56:09,116 | INFO | 	                              (33, 0.957864621201398),
[92mINFO [0m:      	                              (34, 0.9637441390732401),
2026-07-09 02:56:09,116 | INFO | 	                              (34, 0.9637441390732401),
[92mINFO [0m:      	                              (35, 0.9510461936773066),
2026-07-09 02:56:09,116 | INFO | 	                              (35, 0.9510461936773066),
[92mINFO [0m:      	                              (36, 0.9518185292923421),
2026-07-09 02:56:09,116 | INFO | 	                              (36, 0.9518185292923421),
[92mINFO [0m:      	                              (37, 0.9618873386107447),
2026-07-09 02:56:09,116 | INFO | 	                              (37, 0.9618873386107447),
[92mINFO [0m:      	                              (38, 0.9615897762900331),
2026-07-09 02:56:09,116 | INFO | 	                              (38, 0.9615897762900331),
[92mINFO [0m:      	                              (39, 0.9587144871105474),
2026-07-09 02:56:09,116 | INFO | 	                              (39, 0.9587144871105474),
[92mINFO [0m:      	                              (40, 0.9535918844273996),
2026-07-09 02:56:09,116 | INFO | 	                              (40, 0.9535918844273996),
[92mINFO [0m:      	                              (41, 0.9539937734649441),
2026-07-09 02:56:09,116 | INFO | 	                              (41, 0.9539937734649441),
[92mINFO [0m:      	                              (42, 0.9571036672935664),
2026-07-09 02:56:09,117 | INFO | 	                              (42, 0.9571036672935664),
[92mINFO [0m:      	                              (43, 0.9632907747318605),
2026-07-09 02:56:09,117 | INFO | 	                              (43, 0.9632907747318605),
[92mINFO [0m:      	                              (44, 0.9555450322821645),
2026-07-09 02:56:09,117 | INFO | 	                              (44, 0.9555450322821645),
[92mINFO [0m:      	                              (45, 0.956160054251453),
2026-07-09 02:56:09,117 | INFO | 	                              (45, 0.956160054251453),
[92mINFO [0m:      	                              (46, 0.9583209435420876),
2026-07-09 02:56:09,117 | INFO | 	                              (46, 0.9583209435420876),
[92mINFO [0m:      	                              (47, 0.9590338063156975),
2026-07-09 02:56:09,117 | INFO | 	                              (47, 0.9590338063156975),
[92mINFO [0m:      	                              (48, 0.9596681362005468),
2026-07-09 02:56:09,117 | INFO | 	                              (48, 0.9596681362005468),
[92mINFO [0m:      	                              (49, 0.959195455923897),
2026-07-09 02:56:09,117 | INFO | 	                              (49, 0.959195455923897),
[92mINFO [0m:      	                              (50, 0.9584685917726325),
2026-07-09 02:56:09,117 | INFO | 	                              (50, 0.9584685917726325),
[92mINFO [0m:      	                              (51, 0.9589258404402626),
2026-07-09 02:56:09,117 | INFO | 	                              (51, 0.9589258404402626),
[92mINFO [0m:      	                              (52, 0.9593218536639458),
2026-07-09 02:56:09,117 | INFO | 	                              (52, 0.9593218536639458),
[92mINFO [0m:      	                              (53, 0.9597248541810166),
2026-07-09 02:56:09,117 | INFO | 	                              (53, 0.9597248541810166),
[92mINFO [0m:      	                              (54, 0.9602605328347812),
2026-07-09 02:56:09,117 | INFO | 	                              (54, 0.9602605328347812),
[92mINFO [0m:      	                              (55, 0.9604513328245796),
2026-07-09 02:56:09,117 | INFO | 	                              (55, 0.9604513328245796),
[92mINFO [0m:      	                              (56, 0.9608107587040267),
2026-07-09 02:56:09,117 | INFO | 	                              (56, 0.9608107587040267),
[92mINFO [0m:      	                              (57, 0.9612699802692691),
2026-07-09 02:56:09,117 | INFO | 	                              (57, 0.9612699802692691),
[92mINFO [0m:      	                              (58, 0.9615452474022812),
2026-07-09 02:56:09,117 | INFO | 	                              (58, 0.9615452474022812),
[92mINFO [0m:      	                              (59, 0.9641822565882335),
2026-07-09 02:56:09,117 | INFO | 	                              (59, 0.9641822565882335),
[92mINFO [0m:      	                              (60, 0.9621446143384879)],
2026-07-09 02:56:09,117 | INFO | 	                              (60, 0.9621446143384879)],
[92mINFO [0m:      	 'client_update_cosine_std': [(1, 0.007326107362250455),
2026-07-09 02:56:09,117 | INFO | 	 'client_update_cosine_std': [(1, 0.007326107362250455),
[92mINFO [0m:      	                              (2, 0.006935783362780282),
2026-07-09 02:56:09,117 | INFO | 	                              (2, 0.006935783362780282),
[92mINFO [0m:      	                              (3, 0.004208795604450994),
2026-07-09 02:56:09,117 | INFO | 	                              (3, 0.004208795604450994),
[92mINFO [0m:      	                              (4, 0.006703108000526223),
2026-07-09 02:56:09,117 | INFO | 	                              (4, 0.006703108000526223),
[92mINFO [0m:      	                              (5, 0.003444434669094181),
2026-07-09 02:56:09,117 | INFO | 	                              (5, 0.003444434669094181),
[92mINFO [0m:      	                              (6, 0.006043737806896033),
2026-07-09 02:56:09,117 | INFO | 	                              (6, 0.006043737806896033),
[92mINFO [0m:      	                              (7, 0.007439739909432988),
2026-07-09 02:56:09,117 | INFO | 	                              (7, 0.007439739909432988),
[92mINFO [0m:      	                              (8, 0.006120281114324782),
2026-07-09 02:56:09,117 | INFO | 	                              (8, 0.006120281114324782),
[92mINFO [0m:      	                              (9, 0.0025060125512978144),
2026-07-09 02:56:09,117 | INFO | 	                              (9, 0.0025060125512978144),
[92mINFO [0m:      	                              (10, 0.0032363789923515493),
2026-07-09 02:56:09,117 | INFO | 	                              (10, 0.0032363789923515493),
[92mINFO [0m:      	                              (11, 0.007348658925249076),
2026-07-09 02:56:09,117 | INFO | 	                              (11, 0.007348658925249076),
[92mINFO [0m:      	                              (12, 0.0025560295001109644),
2026-07-09 02:56:09,117 | INFO | 	                              (12, 0.0025560295001109644),
[92mINFO [0m:      	                              (13, 0.002120838658187603),
2026-07-09 02:56:09,117 | INFO | 	                              (13, 0.002120838658187603),
[92mINFO [0m:      	                              (14, 0.0014975849798773762),
2026-07-09 02:56:09,117 | INFO | 	                              (14, 0.0014975849798773762),
[92mINFO [0m:      	                              (15, 0.0017357112928656898),
2026-07-09 02:56:09,117 | INFO | 	                              (15, 0.0017357112928656898),
[92mINFO [0m:      	                              (16, 0.004969491670025313),
2026-07-09 02:56:09,117 | INFO | 	                              (16, 0.004969491670025313),
[92mINFO [0m:      	                              (17, 0.0017056087463166233),
2026-07-09 02:56:09,117 | INFO | 	                              (17, 0.0017056087463166233),
[92mINFO [0m:      	                              (18, 0.0017409540615304698),
2026-07-09 02:56:09,117 | INFO | 	                              (18, 0.0017409540615304698),
[92mINFO [0m:      	                              (19, 0.004598013398763389),
2026-07-09 02:56:09,118 | INFO | 	                              (19, 0.004598013398763389),
[92mINFO [0m:      	                              (20, 0.004974964242840277),
2026-07-09 02:56:09,118 | INFO | 	                              (20, 0.004974964242840277),
[92mINFO [0m:      	                              (21, 0.004756301191732711),
2026-07-09 02:56:09,118 | INFO | 	                              (21, 0.004756301191732711),
[92mINFO [0m:      	                              (22, 0.0007875197376769625),
2026-07-09 02:56:09,118 | INFO | 	                              (22, 0.0007875197376769625),
[92mINFO [0m:      	                              (23, 0.0006708566387847806),
2026-07-09 02:56:09,118 | INFO | 	                              (23, 0.0006708566387847806),
[92mINFO [0m:      	                              (24, 0.006160620584317779),
2026-07-09 02:56:09,118 | INFO | 	                              (24, 0.006160620584317779),
[92mINFO [0m:      	                              (25, 0.0029655402204053294),
2026-07-09 02:56:09,118 | INFO | 	                              (25, 0.0029655402204053294),
[92mINFO [0m:      	                              (26, 0.0004665551810158748),
2026-07-09 02:56:09,118 | INFO | 	                              (26, 0.0004665551810158748),
[92mINFO [0m:      	                              (27, 0.0038703316572010356),
2026-07-09 02:56:09,118 | INFO | 	                              (27, 0.0038703316572010356),
[92mINFO [0m:      	                              (28, 0.003559005581870472),
2026-07-09 02:56:09,118 | INFO | 	                              (28, 0.003559005581870472),
[92mINFO [0m:      	                              (29, 0.0038990711854265956),
2026-07-09 02:56:09,118 | INFO | 	                              (29, 0.0038990711854265956),
[92mINFO [0m:      	                              (30, 0.0034748547693864147),
2026-07-09 02:56:09,118 | INFO | 	                              (30, 0.0034748547693864147),
[92mINFO [0m:      	                              (31, 0.0034435878192776393),
2026-07-09 02:56:09,118 | INFO | 	                              (31, 0.0034435878192776393),
[92mINFO [0m:      	                              (32, 0.004921490393434079),
2026-07-09 02:56:09,118 | INFO | 	                              (32, 0.004921490393434079),
[92mINFO [0m:      	                              (33, 0.0047163100948365705),
2026-07-09 02:56:09,118 | INFO | 	                              (33, 0.0047163100948365705),
[92mINFO [0m:      	                              (34, 0.006000104281263936),
2026-07-09 02:56:09,118 | INFO | 	                              (34, 0.006000104281263936),
[92mINFO [0m:      	                              (35, 0.0032514759367216063),
2026-07-09 02:56:09,118 | INFO | 	                              (35, 0.0032514759367216063),
[92mINFO [0m:      	                              (36, 0.0007703837992757647),
2026-07-09 02:56:09,118 | INFO | 	                              (36, 0.0007703837992757647),
[92mINFO [0m:      	                              (37, 0.004774493869218315),
2026-07-09 02:56:09,118 | INFO | 	                              (37, 0.004774493869218315),
[92mINFO [0m:      	                              (38, 0.004116607758672185),
2026-07-09 02:56:09,118 | INFO | 	                              (38, 0.004116607758672185),
[92mINFO [0m:      	                              (39, 0.0038294509431257306),
2026-07-09 02:56:09,118 | INFO | 	                              (39, 0.0038294509431257306),
[92mINFO [0m:      	                              (40, 0.0031629210632396964),
2026-07-09 02:56:09,118 | INFO | 	                              (40, 0.0031629210632396964),
[92mINFO [0m:      	                              (41, 0.0019204420852728394),
2026-07-09 02:56:09,118 | INFO | 	                              (41, 0.0019204420852728394),
[92mINFO [0m:      	                              (42, 0.002588383337890219),
2026-07-09 02:56:09,118 | INFO | 	                              (42, 0.002588383337890219),
[92mINFO [0m:      	                              (43, 0.004318147250009172),
2026-07-09 02:56:09,118 | INFO | 	                              (43, 0.004318147250009172),
[92mINFO [0m:      	                              (44, 0.0027259950091937392),
2026-07-09 02:56:09,118 | INFO | 	                              (44, 0.0027259950091937392),
[92mINFO [0m:      	                              (45, 0.00261143340141529),
2026-07-09 02:56:09,118 | INFO | 	                              (45, 0.00261143340141529),
[92mINFO [0m:      	                              (46, 0.0026058777829574354),
2026-07-09 02:56:09,118 | INFO | 	                              (46, 0.0026058777829574354),
[92mINFO [0m:      	                              (47, 0.0030955974854729226),
2026-07-09 02:56:09,118 | INFO | 	                              (47, 0.0030955974854729226),
[92mINFO [0m:      	                              (48, 0.0035595274398716494),
2026-07-09 02:56:09,118 | INFO | 	                              (48, 0.0035595274398716494),
[92mINFO [0m:      	                              (49, 0.0032432264192997573),
2026-07-09 02:56:09,118 | INFO | 	                              (49, 0.0032432264192997573),
[92mINFO [0m:      	                              (50, 0.0017899843251796982),
2026-07-09 02:56:09,118 | INFO | 	                              (50, 0.0017899843251796982),
[92mINFO [0m:      	                              (51, 0.0019322253815511363),
2026-07-09 02:56:09,118 | INFO | 	                              (51, 0.0019322253815511363),
[92mINFO [0m:      	                              (52, 0.0033775721823920872),
2026-07-09 02:56:09,118 | INFO | 	                              (52, 0.0033775721823920872),
[92mINFO [0m:      	                              (53, 0.0028071331292066513),
2026-07-09 02:56:09,118 | INFO | 	                              (53, 0.0028071331292066513),
[92mINFO [0m:      	                              (54, 0.0032936332888186073),
2026-07-09 02:56:09,118 | INFO | 	                              (54, 0.0032936332888186073),
[92mINFO [0m:      	                              (55, 0.00258627707504079),
2026-07-09 02:56:09,118 | INFO | 	                              (55, 0.00258627707504079),
[92mINFO [0m:      	                              (56, 0.002172549687119413),
2026-07-09 02:56:09,118 | INFO | 	                              (56, 0.002172549687119413),
[92mINFO [0m:      	                              (57, 0.003460427952345774),
2026-07-09 02:56:09,119 | INFO | 	                              (57, 0.003460427952345774),
[92mINFO [0m:      	                              (58, 0.0022744726858171796),
2026-07-09 02:56:09,119 | INFO | 	                              (58, 0.0022744726858171796),
[92mINFO [0m:      	                              (59, 0.003593081551548309),
2026-07-09 02:56:09,119 | INFO | 	                              (59, 0.003593081551548309),
[92mINFO [0m:      	                              (60, 0.0031395899934732233)],
2026-07-09 02:56:09,119 | INFO | 	                              (60, 0.0031395899934732233)],
[92mINFO [0m:      	 'client_update_l2_max': [(1, 3.001666838152221),
2026-07-09 02:56:09,119 | INFO | 	 'client_update_l2_max': [(1, 3.001666838152221),
[92mINFO [0m:      	                          (2, 3.0096103634424467),
2026-07-09 02:56:09,119 | INFO | 	                          (2, 3.0096103634424467),
[92mINFO [0m:      	                          (3, 3.0229093384515284),
2026-07-09 02:56:09,119 | INFO | 	                          (3, 3.0229093384515284),
[92mINFO [0m:      	                          (4, 3.027390674117723),
2026-07-09 02:56:09,119 | INFO | 	                          (4, 3.027390674117723),
[92mINFO [0m:      	                          (5, 3.0414821595522294),
2026-07-09 02:56:09,119 | INFO | 	                          (5, 3.0414821595522294),
[92mINFO [0m:      	                          (6, 3.0447325494954134),
2026-07-09 02:56:09,119 | INFO | 	                          (6, 3.0447325494954134),
[92mINFO [0m:      	                          (7, 3.0462857672045973),
2026-07-09 02:56:09,119 | INFO | 	                          (7, 3.0462857672045973),
[92mINFO [0m:      	                          (8, 3.067251081221287),
2026-07-09 02:56:09,119 | INFO | 	                          (8, 3.067251081221287),
[92mINFO [0m:      	                          (9, 3.0712226186406273),
2026-07-09 02:56:09,119 | INFO | 	                          (9, 3.0712226186406273),
[92mINFO [0m:      	                          (10, 3.0795232333171496),
2026-07-09 02:56:09,119 | INFO | 	                          (10, 3.0795232333171496),
[92mINFO [0m:      	                          (11, 3.0886366206244307),
2026-07-09 02:56:09,119 | INFO | 	                          (11, 3.0886366206244307),
[92mINFO [0m:      	                          (12, 3.096678198842784),
2026-07-09 02:56:09,119 | INFO | 	                          (12, 3.096678198842784),
[92mINFO [0m:      	                          (13, 3.1130656169287283),
2026-07-09 02:56:09,119 | INFO | 	                          (13, 3.1130656169287283),
[92mINFO [0m:      	                          (14, 3.1228884467230276),
2026-07-09 02:56:09,119 | INFO | 	                          (14, 3.1228884467230276),
[92mINFO [0m:      	                          (15, 3.1236517273210063),
2026-07-09 02:56:09,119 | INFO | 	                          (15, 3.1236517273210063),
[92mINFO [0m:      	                          (16, 3.135611134816722),
2026-07-09 02:56:09,119 | INFO | 	                          (16, 3.135611134816722),
[92mINFO [0m:      	                          (17, 3.141547616043176),
2026-07-09 02:56:09,119 | INFO | 	                          (17, 3.141547616043176),
[92mINFO [0m:      	                          (18, 3.149758178386877),
2026-07-09 02:56:09,119 | INFO | 	                          (18, 3.149758178386877),
[92mINFO [0m:      	                          (19, 3.166619831403631),
2026-07-09 02:56:09,119 | INFO | 	                          (19, 3.166619831403631),
[92mINFO [0m:      	                          (20, 3.1730336260486216),
2026-07-09 02:56:09,119 | INFO | 	                          (20, 3.1730336260486216),
[92mINFO [0m:      	                          (21, 3.1736490900396452),
2026-07-09 02:56:09,119 | INFO | 	                          (21, 3.1736490900396452),
[92mINFO [0m:      	                          (22, 3.188911117865644),
2026-07-09 02:56:09,119 | INFO | 	                          (22, 3.188911117865644),
[92mINFO [0m:      	                          (23, 3.1883687846463014),
2026-07-09 02:56:09,119 | INFO | 	                          (23, 3.1883687846463014),
[92mINFO [0m:      	                          (24, 3.197799647828048),
2026-07-09 02:56:09,119 | INFO | 	                          (24, 3.197799647828048),
[92mINFO [0m:      	                          (25, 3.2135093934554395),
2026-07-09 02:56:09,119 | INFO | 	                          (25, 3.2135093934554395),
[92mINFO [0m:      	                          (26, 3.226690950856534),
2026-07-09 02:56:09,119 | INFO | 	                          (26, 3.226690950856534),
[92mINFO [0m:      	                          (27, 3.225369269223459),
2026-07-09 02:56:09,119 | INFO | 	                          (27, 3.225369269223459),
[92mINFO [0m:      	                          (28, 3.233314293412048),
2026-07-09 02:56:09,119 | INFO | 	                          (28, 3.233314293412048),
[92mINFO [0m:      	                          (29, 3.243942325394714),
2026-07-09 02:56:09,119 | INFO | 	                          (29, 3.243942325394714),
[92mINFO [0m:      	                          (30, 3.2567445514209212),
2026-07-09 02:56:09,119 | INFO | 	                          (30, 3.2567445514209212),
[92mINFO [0m:      	                          (31, 3.278839396233989),
2026-07-09 02:56:09,119 | INFO | 	                          (31, 3.278839396233989),
[92mINFO [0m:      	                          (32, 3.2842319394504695),
2026-07-09 02:56:09,119 | INFO | 	                          (32, 3.2842319394504695),
[92mINFO [0m:      	                          (33, 3.3126254425826462),
2026-07-09 02:56:09,119 | INFO | 	                          (33, 3.3126254425826462),
[92mINFO [0m:      	                          (34, 3.318128540260557),
2026-07-09 02:56:09,119 | INFO | 	                          (34, 3.318128540260557),
[92mINFO [0m:      	                          (35, 3.354702553534285),
2026-07-09 02:56:09,119 | INFO | 	                          (35, 3.354702553534285),
[92mINFO [0m:      	                          (36, 3.3826328852403047),
2026-07-09 02:56:09,120 | INFO | 	                          (36, 3.3826328852403047),
[92mINFO [0m:      	                          (37, 3.3888671729407753),
2026-07-09 02:56:09,120 | INFO | 	                          (37, 3.3888671729407753),
[92mINFO [0m:      	                          (38, 3.4026079561604194),
2026-07-09 02:56:09,120 | INFO | 	                          (38, 3.4026079561604194),
[92mINFO [0m:      	                          (39, 3.435764291741115),
2026-07-09 02:56:09,120 | INFO | 	                          (39, 3.435764291741115),
[92mINFO [0m:      	                          (40, 3.452632241749806),
2026-07-09 02:56:09,120 | INFO | 	                          (40, 3.452632241749806),
[92mINFO [0m:      	                          (41, 3.464177512904163),
2026-07-09 02:56:09,120 | INFO | 	                          (41, 3.464177512904163),
[92mINFO [0m:      	                          (42, 3.3523242377642766),
2026-07-09 02:56:09,120 | INFO | 	                          (42, 3.3523242377642766),
[92mINFO [0m:      	                          (43, 3.518065115470357),
2026-07-09 02:56:09,120 | INFO | 	                          (43, 3.518065115470357),
[92mINFO [0m:      	                          (44, 3.530666743632706),
2026-07-09 02:56:09,120 | INFO | 	                          (44, 3.530666743632706),
[92mINFO [0m:      	                          (45, 3.38293564711717),
2026-07-09 02:56:09,120 | INFO | 	                          (45, 3.38293564711717),
[92mINFO [0m:      	                          (46, 3.3880738179935035),
2026-07-09 02:56:09,120 | INFO | 	                          (46, 3.3880738179935035),
[92mINFO [0m:      	                          (47, 3.5945246203336647),
2026-07-09 02:56:09,120 | INFO | 	                          (47, 3.5945246203336647),
[92mINFO [0m:      	                          (48, 3.603432988747766),
2026-07-09 02:56:09,120 | INFO | 	                          (48, 3.603432988747766),
[92mINFO [0m:      	                          (49, 3.642626497622311),
2026-07-09 02:56:09,120 | INFO | 	                          (49, 3.642626497622311),
[92mINFO [0m:      	                          (50, 3.6284262135983347),
2026-07-09 02:56:09,120 | INFO | 	                          (50, 3.6284262135983347),
[92mINFO [0m:      	                          (51, 3.6532723781866956),
2026-07-09 02:56:09,120 | INFO | 	                          (51, 3.6532723781866956),
[92mINFO [0m:      	                          (52, 3.673310592955244),
2026-07-09 02:56:09,120 | INFO | 	                          (52, 3.673310592955244),
[92mINFO [0m:      	                          (53, 3.7125659793102),
2026-07-09 02:56:09,120 | INFO | 	                          (53, 3.7125659793102),
[92mINFO [0m:      	                          (54, 3.7195619234795108),
2026-07-09 02:56:09,120 | INFO | 	                          (54, 3.7195619234795108),
[92mINFO [0m:      	                          (55, 3.7184641505462284),
2026-07-09 02:56:09,120 | INFO | 	                          (55, 3.7184641505462284),
[92mINFO [0m:      	                          (56, 3.750063403820855),
2026-07-09 02:56:09,120 | INFO | 	                          (56, 3.750063403820855),
[92mINFO [0m:      	                          (57, 3.7695567648990784),
2026-07-09 02:56:09,120 | INFO | 	                          (57, 3.7695567648990784),
[92mINFO [0m:      	                          (58, 3.7881514863004404),
2026-07-09 02:56:09,120 | INFO | 	                          (58, 3.7881514863004404),
[92mINFO [0m:      	                          (59, 3.80340051912231),
2026-07-09 02:56:09,120 | INFO | 	                          (59, 3.80340051912231),
[92mINFO [0m:      	                          (60, 3.817927435468671)],
2026-07-09 02:56:09,120 | INFO | 	                          (60, 3.817927435468671)],
[92mINFO [0m:      	 'client_update_l2_mean': [(1, 2.900135413783231),
2026-07-09 02:56:09,120 | INFO | 	 'client_update_l2_mean': [(1, 2.900135413783231),
[92mINFO [0m:      	                           (2, 2.946367872726778),
2026-07-09 02:56:09,120 | INFO | 	                           (2, 2.946367872726778),
[92mINFO [0m:      	                           (3, 2.9623247912754413),
2026-07-09 02:56:09,120 | INFO | 	                           (3, 2.9623247912754413),
[92mINFO [0m:      	                           (4, 2.9587152177187392),
2026-07-09 02:56:09,120 | INFO | 	                           (4, 2.9587152177187392),
[92mINFO [0m:      	                           (5, 3.0003164417999804),
2026-07-09 02:56:09,120 | INFO | 	                           (5, 3.0003164417999804),
[92mINFO [0m:      	                           (6, 2.971614134712681),
2026-07-09 02:56:09,120 | INFO | 	                           (6, 2.971614134712681),
[92mINFO [0m:      	                           (7, 2.9456914070797153),
2026-07-09 02:56:09,120 | INFO | 	                           (7, 2.9456914070797153),
[92mINFO [0m:      	                           (8, 2.9900373675494145),
2026-07-09 02:56:09,120 | INFO | 	                           (8, 2.9900373675494145),
[92mINFO [0m:      	                           (9, 3.0382719269623877),
2026-07-09 02:56:09,120 | INFO | 	                           (9, 3.0382719269623877),
[92mINFO [0m:      	                           (10, 3.01285770691998),
2026-07-09 02:56:09,120 | INFO | 	                           (10, 3.01285770691998),
[92mINFO [0m:      	                           (11, 2.982477320916589),
2026-07-09 02:56:09,120 | INFO | 	                           (11, 2.982477320916589),
[92mINFO [0m:      	                           (12, 3.059331576508041),
2026-07-09 02:56:09,120 | INFO | 	                           (12, 3.059331576508041),
[92mINFO [0m:      	                           (13, 3.079837514799276),
2026-07-09 02:56:09,120 | INFO | 	                           (13, 3.079837514799276),
[92mINFO [0m:      	                           (14, 3.0985261592491895),
2026-07-09 02:56:09,121 | INFO | 	                           (14, 3.0985261592491895),
[92mINFO [0m:      	                           (15, 3.0957207984957695),
2026-07-09 02:56:09,121 | INFO | 	                           (15, 3.0957207984957695),
[92mINFO [0m:      	                           (16, 3.084749862949148),
2026-07-09 02:56:09,121 | INFO | 	                           (16, 3.084749862949148),
[92mINFO [0m:      	                           (17, 3.107738731521832),
2026-07-09 02:56:09,121 | INFO | 	                           (17, 3.107738731521832),
[92mINFO [0m:      	                           (18, 3.1157698443280326),
2026-07-09 02:56:09,121 | INFO | 	                           (18, 3.1157698443280326),
[92mINFO [0m:      	                           (19, 3.0975274410695732),
2026-07-09 02:56:09,121 | INFO | 	                           (19, 3.0975274410695732),
[92mINFO [0m:      	                           (20, 3.092405505591074),
2026-07-09 02:56:09,121 | INFO | 	                           (20, 3.092405505591074),
[92mINFO [0m:      	                           (21, 3.1039074220645095),
2026-07-09 02:56:09,121 | INFO | 	                           (21, 3.1039074220645095),
[92mINFO [0m:      	                           (22, 3.1711224930818265),
2026-07-09 02:56:09,121 | INFO | 	                           (22, 3.1711224930818265),
[92mINFO [0m:      	                           (23, 3.173514511674613),
2026-07-09 02:56:09,121 | INFO | 	                           (23, 3.173514511674613),
[92mINFO [0m:      	                           (24, 3.0846215883740555),
2026-07-09 02:56:09,121 | INFO | 	                           (24, 3.0846215883740555),
[92mINFO [0m:      	                           (25, 3.170561906550247),
2026-07-09 02:56:09,121 | INFO | 	                           (25, 3.170561906550247),
[92mINFO [0m:      	                           (26, 3.2035205006384433),
2026-07-09 02:56:09,121 | INFO | 	                           (26, 3.2035205006384433),
[92mINFO [0m:      	                           (27, 3.177996759559747),
2026-07-09 02:56:09,121 | INFO | 	                           (27, 3.177996759559747),
[92mINFO [0m:      	                           (28, 3.175491485598744),
2026-07-09 02:56:09,121 | INFO | 	                           (28, 3.175491485598744),
[92mINFO [0m:      	                           (29, 3.19455864899154),
2026-07-09 02:56:09,121 | INFO | 	                           (29, 3.19455864899154),
[92mINFO [0m:      	                           (30, 3.2123949834201317),
2026-07-09 02:56:09,121 | INFO | 	                           (30, 3.2123949834201317),
[92mINFO [0m:      	                           (31, 3.2241770441543207),
2026-07-09 02:56:09,121 | INFO | 	                           (31, 3.2241770441543207),
[92mINFO [0m:      	                           (32, 3.1760040560370157),
2026-07-09 02:56:09,121 | INFO | 	                           (32, 3.1760040560370157),
[92mINFO [0m:      	                           (33, 3.2059548670075966),
2026-07-09 02:56:09,121 | INFO | 	                           (33, 3.2059548670075966),
[92mINFO [0m:      	                           (34, 3.1514490936749455),
2026-07-09 02:56:09,121 | INFO | 	                           (34, 3.1514490936749455),
[92mINFO [0m:      	                           (35, 3.264748291551411),
2026-07-09 02:56:09,121 | INFO | 	                           (35, 3.264748291551411),
[92mINFO [0m:      	                           (36, 3.308971834713505),
2026-07-09 02:56:09,121 | INFO | 	                           (36, 3.308971834713505),
[92mINFO [0m:      	                           (37, 3.2238485157692294),
2026-07-09 02:56:09,121 | INFO | 	                           (37, 3.2238485157692294),
[92mINFO [0m:      	                           (38, 3.2436600732356995),
2026-07-09 02:56:09,121 | INFO | 	                           (38, 3.2436600732356995),
[92mINFO [0m:      	                           (39, 3.273352587070116),
2026-07-09 02:56:09,121 | INFO | 	                           (39, 3.273352587070116),
[92mINFO [0m:      	                           (40, 3.3334743820661936),
2026-07-09 02:56:09,121 | INFO | 	                           (40, 3.3334743820661936),
[92mINFO [0m:      	                           (41, 3.350739341377337),
2026-07-09 02:56:09,121 | INFO | 	                           (41, 3.350739341377337),
[92mINFO [0m:      	                           (42, 3.303783764473589),
2026-07-09 02:56:09,121 | INFO | 	                           (42, 3.303783764473589),
[92mINFO [0m:      	                           (43, 3.3060385586068293),
2026-07-09 02:56:09,121 | INFO | 	                           (43, 3.3060385586068293),
[92mINFO [0m:      	                           (44, 3.358124164201566),
2026-07-09 02:56:09,121 | INFO | 	                           (44, 3.358124164201566),
[92mINFO [0m:      	                           (45, 3.3373059466140664),
2026-07-09 02:56:09,121 | INFO | 	                           (45, 3.3373059466140664),
[92mINFO [0m:      	                           (46, 3.338455273800151),
2026-07-09 02:56:09,121 | INFO | 	                           (46, 3.338455273800151),
[92mINFO [0m:      	                           (47, 3.3930942401172204),
2026-07-09 02:56:09,121 | INFO | 	                           (47, 3.3930942401172204),
[92mINFO [0m:      	                           (48, 3.410118096288871),
2026-07-09 02:56:09,121 | INFO | 	                           (48, 3.410118096288871),
[92mINFO [0m:      	                           (49, 3.434488421494351),
2026-07-09 02:56:09,121 | INFO | 	                           (49, 3.434488421494351),
[92mINFO [0m:      	                           (50, 3.434949169970682),
2026-07-09 02:56:09,121 | INFO | 	                           (50, 3.434949169970682),
[92mINFO [0m:      	                           (51, 3.443820702194719),
2026-07-09 02:56:09,121 | INFO | 	                           (51, 3.443820702194719),
[92mINFO [0m:      	                           (52, 3.444493207375144),
2026-07-09 02:56:09,121 | INFO | 	                           (52, 3.444493207375144),
[92mINFO [0m:      	                           (53, 3.5143798520787954),
2026-07-09 02:56:09,122 | INFO | 	                           (53, 3.5143798520787954),
[92mINFO [0m:      	                           (54, 3.4678286880095834),
2026-07-09 02:56:09,122 | INFO | 	                           (54, 3.4678286880095834),
[92mINFO [0m:      	                           (55, 3.4407092102564794),
2026-07-09 02:56:09,122 | INFO | 	                           (55, 3.4407092102564794),
[92mINFO [0m:      	                           (56, 3.493009394591532),
2026-07-09 02:56:09,122 | INFO | 	                           (56, 3.493009394591532),
[92mINFO [0m:      	                           (57, 3.495689032018129),
2026-07-09 02:56:09,122 | INFO | 	                           (57, 3.495689032018129),
[92mINFO [0m:      	                           (58, 3.5142294272763532),
2026-07-09 02:56:09,122 | INFO | 	                           (58, 3.5142294272763532),
[92mINFO [0m:      	                           (59, 3.5115191755487367),
2026-07-09 02:56:09,122 | INFO | 	                           (59, 3.5115191755487367),
[92mINFO [0m:      	                           (60, 3.5678964581527572)],
2026-07-09 02:56:09,122 | INFO | 	                           (60, 3.5678964581527572)],
[92mINFO [0m:      	 'client_update_l2_min': [(1, 2.447154988511047),
2026-07-09 02:56:09,122 | INFO | 	 'client_update_l2_min': [(1, 2.447154988511047),
[92mINFO [0m:      	                          (2, 2.430860041234464),
2026-07-09 02:56:09,122 | INFO | 	                          (2, 2.430860041234464),
[92mINFO [0m:      	                          (3, 2.7772553418611836),
2026-07-09 02:56:09,122 | INFO | 	                          (3, 2.7772553418611836),
[92mINFO [0m:      	                          (4, 2.437734912661126),
2026-07-09 02:56:09,122 | INFO | 	                          (4, 2.437734912661126),
[92mINFO [0m:      	                          (5, 2.800935426439727),
2026-07-09 02:56:09,122 | INFO | 	                          (5, 2.800935426439727),
[92mINFO [0m:      	                          (6, 2.521879271634198),
2026-07-09 02:56:09,122 | INFO | 	                          (6, 2.521879271634198),
[92mINFO [0m:      	                          (7, 2.5250654327420055),
2026-07-09 02:56:09,122 | INFO | 	                          (7, 2.5250654327420055),
[92mINFO [0m:      	                          (8, 2.4879015825412525),
2026-07-09 02:56:09,122 | INFO | 	                          (8, 2.4879015825412525),
[92mINFO [0m:      	                          (9, 2.8824782557461432),
2026-07-09 02:56:09,122 | INFO | 	                          (9, 2.8824782557461432),
[92mINFO [0m:      	                          (10, 2.8942616808515353),
2026-07-09 02:56:09,122 | INFO | 	                          (10, 2.8942616808515353),
[92mINFO [0m:      	                          (11, 2.467169630249774),
2026-07-09 02:56:09,122 | INFO | 	                          (11, 2.467169630249774),
[92mINFO [0m:      	                          (12, 2.9273282934790577),
2026-07-09 02:56:09,122 | INFO | 	                          (12, 2.9273282934790577),
[92mINFO [0m:      	                          (13, 2.9411133839070684),
2026-07-09 02:56:09,122 | INFO | 	                          (13, 2.9411133839070684),
[92mINFO [0m:      	                          (14, 2.9596736715389764),
2026-07-09 02:56:09,122 | INFO | 	                          (14, 2.9596736715389764),
[92mINFO [0m:      	                          (15, 2.9773057892711403),
2026-07-09 02:56:09,122 | INFO | 	                          (15, 2.9773057892711403),
[92mINFO [0m:      	                          (16, 2.5604385259108136),
2026-07-09 02:56:09,122 | INFO | 	                          (16, 2.5604385259108136),
[92mINFO [0m:      	                          (17, 3.007961808240308),
2026-07-09 02:56:09,122 | INFO | 	                          (17, 3.007961808240308),
[92mINFO [0m:      	                          (18, 3.0153773439743152),
2026-07-09 02:56:09,122 | INFO | 	                          (18, 3.0153773439743152),
[92mINFO [0m:      	                          (19, 2.6041068839485764),
2026-07-09 02:56:09,122 | INFO | 	                          (19, 2.6041068839485764),
[92mINFO [0m:      	                          (20, 2.7172035537774284),
2026-07-09 02:56:09,122 | INFO | 	                          (20, 2.7172035537774284),
[92mINFO [0m:      	                          (21, 2.575242383863496),
2026-07-09 02:56:09,122 | INFO | 	                          (21, 2.575242383863496),
[92mINFO [0m:      	                          (22, 3.0939907459506735),
2026-07-09 02:56:09,122 | INFO | 	                          (22, 3.0939907459506735),
[92mINFO [0m:      	                          (23, 3.1216487043043406),
2026-07-09 02:56:09,122 | INFO | 	                          (23, 3.1216487043043406),
[92mINFO [0m:      	                          (24, 2.620768891925964),
2026-07-09 02:56:09,122 | INFO | 	                          (24, 2.620768891925964),
[92mINFO [0m:      	                          (25, 2.815129216470109),
2026-07-09 02:56:09,122 | INFO | 	                          (25, 2.815129216470109),
[92mINFO [0m:      	                          (26, 3.167944703806597),
2026-07-09 02:56:09,122 | INFO | 	                          (26, 3.167944703806597),
[92mINFO [0m:      	                          (27, 2.6856934706082725),
2026-07-09 02:56:09,122 | INFO | 	                          (27, 2.6856934706082725),
[92mINFO [0m:      	                          (28, 2.86250930999575),
2026-07-09 02:56:09,122 | INFO | 	                          (28, 2.86250930999575),
[92mINFO [0m:      	                          (29, 2.677488970232383),
2026-07-09 02:56:09,122 | INFO | 	                          (29, 2.677488970232383),
[92mINFO [0m:      	                          (30, 2.7471147761722734),
2026-07-09 02:56:09,122 | INFO | 	                          (30, 2.7471147761722734),
[92mINFO [0m:      	                          (31, 2.7593114980909847),
2026-07-09 02:56:09,123 | INFO | 	                          (31, 2.7593114980909847),
[92mINFO [0m:      	                          (32, 2.7609867379899864),
2026-07-09 02:56:09,123 | INFO | 	                          (32, 2.7609867379899864),
[92mINFO [0m:      	                          (33, 2.7314023769964635),
2026-07-09 02:56:09,123 | INFO | 	                          (33, 2.7314023769964635),
[92mINFO [0m:      	                          (34, 2.7502208142861058),
2026-07-09 02:56:09,123 | INFO | 	                          (34, 2.7502208142861058),
[92mINFO [0m:      	                          (35, 2.811960676152487),
2026-07-09 02:56:09,123 | INFO | 	                          (35, 2.811960676152487),
[92mINFO [0m:      	                          (36, 3.2873085243518556),
2026-07-09 02:56:09,123 | INFO | 	                          (36, 3.2873085243518556),
[92mINFO [0m:      	                          (37, 2.7971872572654393),
2026-07-09 02:56:09,123 | INFO | 	                          (37, 2.7971872572654393),
[92mINFO [0m:      	                          (38, 2.8544497581916177),
2026-07-09 02:56:09,123 | INFO | 	                          (38, 2.8544497581916177),
[92mINFO [0m:      	                          (39, 2.8165742717444116),
2026-07-09 02:56:09,123 | INFO | 	                          (39, 2.8165742717444116),
[92mINFO [0m:      	                          (40, 2.911407466625518),
2026-07-09 02:56:09,123 | INFO | 	                          (40, 2.911407466625518),
[92mINFO [0m:      	                          (41, 3.139990941234328),
2026-07-09 02:56:09,123 | INFO | 	                          (41, 3.139990941234328),
[92mINFO [0m:      	                          (42, 2.9427540795992915),
2026-07-09 02:56:09,123 | INFO | 	                          (42, 2.9427540795992915),
[92mINFO [0m:      	                          (43, 2.884746658351329),
2026-07-09 02:56:09,123 | INFO | 	                          (43, 2.884746658351329),
[92mINFO [0m:      	                          (44, 2.9825187718102972),
2026-07-09 02:56:09,123 | INFO | 	                          (44, 2.9825187718102972),
[92mINFO [0m:      	                          (45, 2.920466178621622),
2026-07-09 02:56:09,123 | INFO | 	                          (45, 2.920466178621622),
[92mINFO [0m:      	                          (46, 2.928195363405506),
2026-07-09 02:56:09,123 | INFO | 	                          (46, 2.928195363405506),
[92mINFO [0m:      	                          (47, 3.0375508421719912),
2026-07-09 02:56:09,123 | INFO | 	                          (47, 3.0375508421719912),
[92mINFO [0m:      	                          (48, 2.9696345060097054),
2026-07-09 02:56:09,123 | INFO | 	                          (48, 2.9696345060097054),
[92mINFO [0m:      	                          (49, 3.078762055706069),
2026-07-09 02:56:09,123 | INFO | 	                          (49, 3.078762055706069),
[92mINFO [0m:      	                          (50, 3.355410784132412),
2026-07-09 02:56:09,123 | INFO | 	                          (50, 3.355410784132412),
[92mINFO [0m:      	                          (51, 3.3563701362060643),
2026-07-09 02:56:09,123 | INFO | 	                          (51, 3.3563701362060643),
[92mINFO [0m:      	                          (52, 3.0000778901028906),
2026-07-09 02:56:09,123 | INFO | 	                          (52, 3.0000778901028906),
[92mINFO [0m:      	                          (53, 3.4191873975671485),
2026-07-09 02:56:09,123 | INFO | 	                          (53, 3.4191873975671485),
[92mINFO [0m:      	                          (54, 3.0575020059274043),
2026-07-09 02:56:09,123 | INFO | 	                          (54, 3.0575020059274043),
[92mINFO [0m:      	                          (55, 3.0658277143226553),
2026-07-09 02:56:09,123 | INFO | 	                          (55, 3.0658277143226553),
[92mINFO [0m:      	                          (56, 3.445352575756581),
2026-07-09 02:56:09,123 | INFO | 	                          (56, 3.445352575756581),
[92mINFO [0m:      	                          (57, 3.098397198782234),
2026-07-09 02:56:09,123 | INFO | 	                          (57, 3.098397198782234),
[92mINFO [0m:      	                          (58, 3.4588479519149904),
2026-07-09 02:56:09,123 | INFO | 	                          (58, 3.4588479519149904),
[92mINFO [0m:      	                          (59, 3.141012567356938),
2026-07-09 02:56:09,123 | INFO | 	                          (59, 3.141012567356938),
[92mINFO [0m:      	                          (60, 3.4724619114852695)],
2026-07-09 02:56:09,123 | INFO | 	                          (60, 3.4724619114852695)],
[92mINFO [0m:      	 'client_update_l2_p10': [(1, 2.7426189793118714),
2026-07-09 02:56:09,123 | INFO | 	 'client_update_l2_p10': [(1, 2.7426189793118714),
[92mINFO [0m:      	                          (2, 2.8522268974943623),
2026-07-09 02:56:09,123 | INFO | 	                          (2, 2.8522268974943623),
[92mINFO [0m:      	                          (3, 2.787915155548984),
2026-07-09 02:56:09,123 | INFO | 	                          (3, 2.787915155548984),
[92mINFO [0m:      	                          (4, 2.873815362824224),
2026-07-09 02:56:09,123 | INFO | 	                          (4, 2.873815362824224),
[92mINFO [0m:      	                          (5, 2.900143807899657),
2026-07-09 02:56:09,123 | INFO | 	                          (5, 2.900143807899657),
[92mINFO [0m:      	                          (6, 2.824184578287168),
2026-07-09 02:56:09,123 | INFO | 	                          (6, 2.824184578287168),
[92mINFO [0m:      	                          (7, 2.6570291551563248),
2026-07-09 02:56:09,123 | INFO | 	                          (7, 2.6570291551563248),
[92mINFO [0m:      	                          (8, 2.857646600777543),
2026-07-09 02:56:09,123 | INFO | 	                          (8, 2.857646600777543),
[92mINFO [0m:      	                          (9, 2.959127305541699),
2026-07-09 02:56:09,124 | INFO | 	                          (9, 2.959127305541699),
[92mINFO [0m:      	                          (10, 2.8985334863838945),
2026-07-09 02:56:09,124 | INFO | 	                          (10, 2.8985334863838945),
[92mINFO [0m:      	                          (11, 2.7169929927731733),
2026-07-09 02:56:09,124 | INFO | 	                          (11, 2.7169929927731733),
[92mINFO [0m:      	                          (12, 2.9380603913060135),
2026-07-09 02:56:09,124 | INFO | 	                          (12, 2.9380603913060135),
[92mINFO [0m:      	                          (13, 3.007366708958721),
2026-07-09 02:56:09,124 | INFO | 	                          (13, 3.007366708958721),
[92mINFO [0m:      	                          (14, 3.0991141023735014),
2026-07-09 02:56:09,124 | INFO | 	                          (14, 3.0991141023735014),
[92mINFO [0m:      	                          (15, 3.033217669140349),
2026-07-09 02:56:09,124 | INFO | 	                          (15, 3.033217669140349),
[92mINFO [0m:      	                          (16, 3.1145869373624375),
2026-07-09 02:56:09,124 | INFO | 	                          (16, 3.1145869373624375),
[92mINFO [0m:      	                          (17, 3.015624984809142),
2026-07-09 02:56:09,124 | INFO | 	                          (17, 3.015624984809142),
[92mINFO [0m:      	                          (18, 3.026312085641744),
2026-07-09 02:56:09,124 | INFO | 	                          (18, 3.026312085641744),
[92mINFO [0m:      	                          (19, 3.0476406256446906),
2026-07-09 02:56:09,124 | INFO | 	                          (19, 3.0476406256446906),
[92mINFO [0m:      	                          (20, 2.8625947357202155),
2026-07-09 02:56:09,124 | INFO | 	                          (20, 2.8625947357202155),
[92mINFO [0m:      	                          (21, 3.0793305561079363),
2026-07-09 02:56:09,124 | INFO | 	                          (21, 3.0793305561079363),
[92mINFO [0m:      	                          (22, 3.166623980927405),
2026-07-09 02:56:09,124 | INFO | 	                          (22, 3.166623980927405),
[92mINFO [0m:      	                          (23, 3.1452400426998675),
2026-07-09 02:56:09,124 | INFO | 	                          (23, 3.1452400426998675),
[92mINFO [0m:      	                          (24, 2.7150605996638952),
2026-07-09 02:56:09,124 | INFO | 	                          (24, 2.7150605996638952),
[92mINFO [0m:      	                          (25, 3.163652537851841),
2026-07-09 02:56:09,124 | INFO | 	                          (25, 3.163652537851841),
[92mINFO [0m:      	                          (26, 3.184770983190606),
2026-07-09 02:56:09,124 | INFO | 	                          (26, 3.184770983190606),
[92mINFO [0m:      	                          (27, 3.186088460655729),
2026-07-09 02:56:09,124 | INFO | 	                          (27, 3.186088460655729),
[92mINFO [0m:      	                          (28, 3.009008238591215),
2026-07-09 02:56:09,124 | INFO | 	                          (28, 3.009008238591215),
[92mINFO [0m:      	                          (29, 3.2167748587235296),
2026-07-09 02:56:09,124 | INFO | 	                          (29, 3.2167748587235296),
[92mINFO [0m:      	                          (30, 3.2361115016743955),
2026-07-09 02:56:09,124 | INFO | 	                          (30, 3.2361115016743955),
[92mINFO [0m:      	                          (31, 3.246940363037298),
2026-07-09 02:56:09,124 | INFO | 	                          (31, 3.246940363037298),
[92mINFO [0m:      	                          (32, 2.8417481984312984),
2026-07-09 02:56:09,124 | INFO | 	                          (32, 2.8417481984312984),
[92mINFO [0m:      	                          (33, 2.9751349300870333),
2026-07-09 02:56:09,124 | INFO | 	                          (33, 2.9751349300870333),
[92mINFO [0m:      	                          (34, 2.773233688815961),
2026-07-09 02:56:09,124 | INFO | 	                          (34, 2.773233688815961),
[92mINFO [0m:      	                          (35, 3.275201197784185),
2026-07-09 02:56:09,124 | INFO | 	                          (35, 3.275201197784185),
[92mINFO [0m:      	                          (36, 3.289818307420505),
2026-07-09 02:56:09,124 | INFO | 	                          (36, 3.289818307420505),
[92mINFO [0m:      	                          (37, 2.929912900393727),
2026-07-09 02:56:09,124 | INFO | 	                          (37, 2.929912900393727),
[92mINFO [0m:      	                          (38, 2.9587723299719877),
2026-07-09 02:56:09,124 | INFO | 	                          (38, 2.9587723299719877),
[92mINFO [0m:      	                          (39, 3.0929256615182323),
2026-07-09 02:56:09,124 | INFO | 	                          (39, 3.0929256615182323),
[92mINFO [0m:      	                          (40, 3.3218040105704953),
2026-07-09 02:56:09,124 | INFO | 	                          (40, 3.3218040105704953),
[92mINFO [0m:      	                          (41, 3.3330866434599633),
2026-07-09 02:56:09,124 | INFO | 	                          (41, 3.3330866434599633),
[92mINFO [0m:      	                          (42, 3.2325540263341495),
2026-07-09 02:56:09,124 | INFO | 	                          (42, 3.2325540263341495),
[92mINFO [0m:      	                          (43, 3.0040391733266114),
2026-07-09 02:56:09,124 | INFO | 	                          (43, 3.0040391733266114),
[92mINFO [0m:      	                          (44, 3.352712009023489),
2026-07-09 02:56:09,124 | INFO | 	                          (44, 3.352712009023489),
[92mINFO [0m:      	                          (45, 3.3569178997730122),
2026-07-09 02:56:09,124 | INFO | 	                          (45, 3.3569178997730122),
[92mINFO [0m:      	                          (46, 3.30459451600495),
2026-07-09 02:56:09,124 | INFO | 	                          (46, 3.30459451600495),
[92mINFO [0m:      	                          (47, 3.307684087407498),
2026-07-09 02:56:09,124 | INFO | 	                          (47, 3.307684087407498),
[92mINFO [0m:      	                          (48, 3.3088410492310696),
2026-07-09 02:56:09,125 | INFO | 	                          (48, 3.3088410492310696),
[92mINFO [0m:      	                          (49, 3.3474105262474367),
2026-07-09 02:56:09,125 | INFO | 	                          (49, 3.3474105262474367),
[92mINFO [0m:      	                          (50, 3.3999709764961366),
2026-07-09 02:56:09,125 | INFO | 	                          (50, 3.3999709764961366),
[92mINFO [0m:      	                          (51, 3.4092758598536568),
2026-07-09 02:56:09,125 | INFO | 	                          (51, 3.4092758598536568),
[92mINFO [0m:      	                          (52, 3.4145999864900114),
2026-07-09 02:56:09,125 | INFO | 	                          (52, 3.4145999864900114),
[92mINFO [0m:      	                          (53, 3.4241908285816125),
2026-07-09 02:56:09,125 | INFO | 	                          (53, 3.4241908285816125),
[92mINFO [0m:      	                          (54, 3.426199340728622),
2026-07-09 02:56:09,125 | INFO | 	                          (54, 3.426199340728622),
[92mINFO [0m:      	                          (55, 3.4388559703108386),
2026-07-09 02:56:09,125 | INFO | 	                          (55, 3.4388559703108386),
[92mINFO [0m:      	                          (56, 3.4466646188571977),
2026-07-09 02:56:09,125 | INFO | 	                          (56, 3.4466646188571977),
[92mINFO [0m:      	                          (57, 3.45025585667781),
2026-07-09 02:56:09,125 | INFO | 	                          (57, 3.45025585667781),
[92mINFO [0m:      	                          (58, 3.4609855703698797),
2026-07-09 02:56:09,125 | INFO | 	                          (58, 3.4609855703698797),
[92mINFO [0m:      	                          (59, 3.3548226907717775),
2026-07-09 02:56:09,125 | INFO | 	                          (59, 3.3548226907717775),
[92mINFO [0m:      	                          (60, 3.474214860670706)],
2026-07-09 02:56:09,125 | INFO | 	                          (60, 3.474214860670706)],
[92mINFO [0m:      	 'client_update_l2_p50': [(1, 2.977719055518351),
2026-07-09 02:56:09,125 | INFO | 	 'client_update_l2_p50': [(1, 2.977719055518351),
[92mINFO [0m:      	                          (2, 2.99942821506887),
2026-07-09 02:56:09,125 | INFO | 	                          (2, 2.99942821506887),
[92mINFO [0m:      	                          (3, 3.0028192096891164),
2026-07-09 02:56:09,125 | INFO | 	                          (3, 3.0028192096891164),
[92mINFO [0m:      	                          (4, 3.0082950357573504),
2026-07-09 02:56:09,125 | INFO | 	                          (4, 3.0082950357573504),
[92mINFO [0m:      	                          (5, 3.026829736150569),
2026-07-09 02:56:09,125 | INFO | 	                          (5, 3.026829736150569),
[92mINFO [0m:      	                          (6, 3.029798526709967),
2026-07-09 02:56:09,125 | INFO | 	                          (6, 3.029798526709967),
[92mINFO [0m:      	                          (7, 3.036170466223053),
2026-07-09 02:56:09,125 | INFO | 	                          (7, 3.036170466223053),
[92mINFO [0m:      	                          (8, 3.05075157962156),
2026-07-09 02:56:09,125 | INFO | 	                          (8, 3.05075157962156),
[92mINFO [0m:      	                          (9, 3.058273004405388),
2026-07-09 02:56:09,125 | INFO | 	                          (9, 3.058273004405388),
[92mINFO [0m:      	                          (10, 3.0646508234638796),
2026-07-09 02:56:09,125 | INFO | 	                          (10, 3.0646508234638796),
[92mINFO [0m:      	                          (11, 3.074657405167622),
2026-07-09 02:56:09,125 | INFO | 	                          (11, 3.074657405167622),
[92mINFO [0m:      	                          (12, 3.0921103418905362),
2026-07-09 02:56:09,125 | INFO | 	                          (12, 3.0921103418905362),
[92mINFO [0m:      	                          (13, 3.0996852853603163),
2026-07-09 02:56:09,125 | INFO | 	                          (13, 3.0996852853603163),
[92mINFO [0m:      	                          (14, 3.1091208143985756),
2026-07-09 02:56:09,125 | INFO | 	                          (14, 3.1091208143985756),
[92mINFO [0m:      	                          (15, 3.1127668619658393),
2026-07-09 02:56:09,125 | INFO | 	                          (15, 3.1127668619658393),
[92mINFO [0m:      	                          (16, 3.120662014531922),
2026-07-09 02:56:09,125 | INFO | 	                          (16, 3.120662014531922),
[92mINFO [0m:      	                          (17, 3.1309960875585627),
2026-07-09 02:56:09,125 | INFO | 	                          (17, 3.1309960875585627),
[92mINFO [0m:      	                          (18, 3.1369448340645665),
2026-07-09 02:56:09,125 | INFO | 	                          (18, 3.1369448340645665),
[92mINFO [0m:      	                          (19, 3.142711948230845),
2026-07-09 02:56:09,125 | INFO | 	                          (19, 3.142711948230845),
[92mINFO [0m:      	                          (20, 3.153381215479447),
2026-07-09 02:56:09,125 | INFO | 	                          (20, 3.153381215479447),
[92mINFO [0m:      	                          (21, 3.1600678248943663),
2026-07-09 02:56:09,125 | INFO | 	                          (21, 3.1600678248943663),
[92mINFO [0m:      	                          (22, 3.1771635259421567),
2026-07-09 02:56:09,125 | INFO | 	                          (22, 3.1771635259421567),
[92mINFO [0m:      	                          (23, 3.1811022000065083),
2026-07-09 02:56:09,125 | INFO | 	                          (23, 3.1811022000065083),
[92mINFO [0m:      	                          (24, 3.181124878467413),
2026-07-09 02:56:09,125 | INFO | 	                          (24, 3.181124878467413),
[92mINFO [0m:      	                          (25, 3.197857253672511),
2026-07-09 02:56:09,125 | INFO | 	                          (25, 3.197857253672511),
[92mINFO [0m:      	                          (26, 3.2062582767048218),
2026-07-09 02:56:09,126 | INFO | 	                          (26, 3.2062582767048218),
[92mINFO [0m:      	                          (27, 3.216503897774802),
2026-07-09 02:56:09,126 | INFO | 	                          (27, 3.216503897774802),
[92mINFO [0m:      	                          (28, 3.221111552285403),
2026-07-09 02:56:09,126 | INFO | 	                          (28, 3.221111552285403),
[92mINFO [0m:      	                          (29, 3.2321185323886517),
2026-07-09 02:56:09,126 | INFO | 	                          (29, 3.2321185323886517),
[92mINFO [0m:      	                          (30, 3.244701094262291),
2026-07-09 02:56:09,126 | INFO | 	                          (30, 3.244701094262291),
[92mINFO [0m:      	                          (31, 3.2520730222309586),
2026-07-09 02:56:09,126 | INFO | 	                          (31, 3.2520730222309586),
[92mINFO [0m:      	                          (32, 3.257909796393538),
2026-07-09 02:56:09,126 | INFO | 	                          (32, 3.257909796393538),
[92mINFO [0m:      	                          (33, 3.26953081529459),
2026-07-09 02:56:09,126 | INFO | 	                          (33, 3.26953081529459),
[92mINFO [0m:      	                          (34, 3.277211733409713),
2026-07-09 02:56:09,126 | INFO | 	                          (34, 3.277211733409713),
[92mINFO [0m:      	                          (35, 3.290285311986517),
2026-07-09 02:56:09,126 | INFO | 	                          (35, 3.290285311986517),
[92mINFO [0m:      	                          (36, 3.3011426083406357),
2026-07-09 02:56:09,126 | INFO | 	                          (36, 3.3011426083406357),
[92mINFO [0m:      	                          (37, 3.303287666561367),
2026-07-09 02:56:09,126 | INFO | 	                          (37, 3.303287666561367),
[92mINFO [0m:      	                          (38, 3.31026149840517),
2026-07-09 02:56:09,126 | INFO | 	                          (38, 3.31026149840517),
[92mINFO [0m:      	                          (39, 3.3201395930286535),
2026-07-09 02:56:09,126 | INFO | 	                          (39, 3.3201395930286535),
[92mINFO [0m:      	                          (40, 3.3319522957847862),
2026-07-09 02:56:09,126 | INFO | 	                          (40, 3.3319522957847862),
[92mINFO [0m:      	                          (41, 3.338952221303792),
2026-07-09 02:56:09,126 | INFO | 	                          (41, 3.338952221303792),
[92mINFO [0m:      	                          (42, 3.3393289486501034),
2026-07-09 02:56:09,126 | INFO | 	                          (42, 3.3393289486501034),
[92mINFO [0m:      	                          (43, 3.359079624829538),
2026-07-09 02:56:09,126 | INFO | 	                          (43, 3.359079624829538),
[92mINFO [0m:      	                          (44, 3.3626597861801764),
2026-07-09 02:56:09,126 | INFO | 	                          (44, 3.3626597861801764),
[92mINFO [0m:      	                          (45, 3.366940604000533),
2026-07-09 02:56:09,126 | INFO | 	                          (45, 3.366940604000533),
[92mINFO [0m:      	                          (46, 3.3749639481714064),
2026-07-09 02:56:09,126 | INFO | 	                          (46, 3.3749639481714064),
[92mINFO [0m:      	                          (47, 3.384390343497314),
2026-07-09 02:56:09,126 | INFO | 	                          (47, 3.384390343497314),
[92mINFO [0m:      	                          (48, 3.3973355373572853),
2026-07-09 02:56:09,126 | INFO | 	                          (48, 3.3973355373572853),
[92mINFO [0m:      	                          (49, 3.4068003032987075),
2026-07-09 02:56:09,126 | INFO | 	                          (49, 3.4068003032987075),
[92mINFO [0m:      	                          (50, 3.4117879215903537),
2026-07-09 02:56:09,126 | INFO | 	                          (50, 3.4117879215903537),
[92mINFO [0m:      	                          (51, 3.4157081243073155),
2026-07-09 02:56:09,126 | INFO | 	                          (51, 3.4157081243073155),
[92mINFO [0m:      	                          (52, 3.4250476530851404),
2026-07-09 02:56:09,126 | INFO | 	                          (52, 3.4250476530851404),
[92mINFO [0m:      	                          (53, 3.4300180361344914),
2026-07-09 02:56:09,126 | INFO | 	                          (53, 3.4300180361344914),
[92mINFO [0m:      	                          (54, 3.4453910372245167),
2026-07-09 02:56:09,126 | INFO | 	                          (54, 3.4453910372245167),
[92mINFO [0m:      	                          (55, 3.447200047039584),
2026-07-09 02:56:09,126 | INFO | 	                          (55, 3.447200047039584),
[92mINFO [0m:      	                          (56, 3.450551978587919),
2026-07-09 02:56:09,126 | INFO | 	                          (56, 3.450551978587919),
[92mINFO [0m:      	                          (57, 3.458429727538148),
2026-07-09 02:56:09,126 | INFO | 	                          (57, 3.458429727538148),
[92mINFO [0m:      	                          (58, 3.470100616004676),
2026-07-09 02:56:09,126 | INFO | 	                          (58, 3.470100616004676),
[92mINFO [0m:      	                          (59, 3.476627079307578),
2026-07-09 02:56:09,126 | INFO | 	                          (59, 3.476627079307578),
[92mINFO [0m:      	                          (60, 3.4797186206762687)],
2026-07-09 02:56:09,126 | INFO | 	                          (60, 3.4797186206762687)],
[92mINFO [0m:      	 'client_update_l2_p90': [(1, 2.9963789955636035),
2026-07-09 02:56:09,126 | INFO | 	 'client_update_l2_p90': [(1, 2.9963789955636035),
[92mINFO [0m:      	                          (2, 3.0070725884011162),
2026-07-09 02:56:09,126 | INFO | 	                          (2, 3.0070725884011162),
[92mINFO [0m:      	                          (3, 3.0195216113691394),
2026-07-09 02:56:09,126 | INFO | 	                          (3, 3.0195216113691394),
[92mINFO [0m:      	                          (4, 3.0241602358714794),
2026-07-09 02:56:09,126 | INFO | 	                          (4, 3.0241602358714794),
[92mINFO [0m:      	                          (5, 3.038845900026432),
2026-07-09 02:56:09,127 | INFO | 	                          (5, 3.038845900026432),
[92mINFO [0m:      	                          (6, 3.0411693520034255),
2026-07-09 02:56:09,127 | INFO | 	                          (6, 3.0411693520034255),
[92mINFO [0m:      	                          (7, 3.043980942096024),
2026-07-09 02:56:09,127 | INFO | 	                          (7, 3.043980942096024),
[92mINFO [0m:      	                          (8, 3.0645301787323),
2026-07-09 02:56:09,127 | INFO | 	                          (8, 3.0645301787323),
[92mINFO [0m:      	                          (9, 3.069323472052582),
2026-07-09 02:56:09,127 | INFO | 	                          (9, 3.069323472052582),
[92mINFO [0m:      	                          (10, 3.0728758002254866),
2026-07-09 02:56:09,127 | INFO | 	                          (10, 3.0728758002254866),
[92mINFO [0m:      	                          (11, 3.0827191159451366),
2026-07-09 02:56:09,127 | INFO | 	                          (11, 3.0827191159451366),
[92mINFO [0m:      	                          (12, 3.096138084232514),
2026-07-09 02:56:09,127 | INFO | 	                          (12, 3.096138084232514),
[92mINFO [0m:      	                          (13, 3.1071726822363175),
2026-07-09 02:56:09,127 | INFO | 	                          (13, 3.1071726822363175),
[92mINFO [0m:      	                          (14, 3.1191971033428016),
2026-07-09 02:56:09,127 | INFO | 	                          (14, 3.1191971033428016),
[92mINFO [0m:      	                          (15, 3.1203224851592193),
2026-07-09 02:56:09,127 | INFO | 	                          (15, 3.1203224851592193),
[92mINFO [0m:      	                          (16, 3.1298075273447212),
2026-07-09 02:56:09,127 | INFO | 	                          (16, 3.1298075273447212),
[92mINFO [0m:      	                          (17, 3.136587770124476),
2026-07-09 02:56:09,127 | INFO | 	                          (17, 3.136587770124476),
[92mINFO [0m:      	                          (18, 3.1438131687865396),
2026-07-09 02:56:09,127 | INFO | 	                          (18, 3.1438131687865396),
[92mINFO [0m:      	                          (19, 3.1583450847199073),
2026-07-09 02:56:09,127 | INFO | 	                          (19, 3.1583450847199073),
[92mINFO [0m:      	                          (20, 3.164730562722629),
2026-07-09 02:56:09,127 | INFO | 	                          (20, 3.164730562722629),
[92mINFO [0m:      	                          (21, 3.1696787698925304),
2026-07-09 02:56:09,127 | INFO | 	                          (21, 3.1696787698925304),
[92mINFO [0m:      	                          (22, 3.1840920548204985),
2026-07-09 02:56:09,127 | INFO | 	                          (22, 3.1840920548204985),
[92mINFO [0m:      	                          (23, 3.1855982001406087),
2026-07-09 02:56:09,127 | INFO | 	                          (23, 3.1855982001406087),
[92mINFO [0m:      	                          (24, 3.195594266227048),
2026-07-09 02:56:09,127 | INFO | 	                          (24, 3.195594266227048),
[92mINFO [0m:      	                          (25, 3.2092771314277138),
2026-07-09 02:56:09,127 | INFO | 	                          (25, 3.2092771314277138),
[92mINFO [0m:      	                          (26, 3.2160424315961493),
2026-07-09 02:56:09,127 | INFO | 	                          (26, 3.2160424315961493),
[92mINFO [0m:      	                          (27, 3.2243734788751004),
2026-07-09 02:56:09,127 | INFO | 	                          (27, 3.2243734788751004),
[92mINFO [0m:      	                          (28, 3.2303721559390337),
2026-07-09 02:56:09,127 | INFO | 	                          (28, 3.2303721559390337),
[92mINFO [0m:      	                          (29, 3.241039174506392),
2026-07-09 02:56:09,127 | INFO | 	                          (29, 3.241039174506392),
[92mINFO [0m:      	                          (30, 3.2525978297653895),
2026-07-09 02:56:09,127 | INFO | 	                          (30, 3.2525978297653895),
[92mINFO [0m:      	                          (31, 3.2710540316782004),
2026-07-09 02:56:09,127 | INFO | 	                          (31, 3.2710540316782004),
[92mINFO [0m:      	                          (32, 3.27795554440346),
2026-07-09 02:56:09,127 | INFO | 	                          (32, 3.27795554440346),
[92mINFO [0m:      	                          (33, 3.2892601117726987),
2026-07-09 02:56:09,127 | INFO | 	                          (33, 3.2892601117726987),
[92mINFO [0m:      	                          (34, 3.3058444454801257),
2026-07-09 02:56:09,127 | INFO | 	                          (34, 3.3058444454801257),
[92mINFO [0m:      	                          (35, 3.3247364262598973),
2026-07-09 02:56:09,127 | INFO | 	                          (35, 3.3247364262598973),
[92mINFO [0m:      	                          (36, 3.3505240125325613),
2026-07-09 02:56:09,127 | INFO | 	                          (36, 3.3505240125325613),
[92mINFO [0m:      	                          (37, 3.3858612313179566),
2026-07-09 02:56:09,127 | INFO | 	                          (37, 3.3858612313179566),
[92mINFO [0m:      	                          (38, 3.320488432745539),
2026-07-09 02:56:09,127 | INFO | 	                          (38, 3.320488432745539),
[92mINFO [0m:      	                          (39, 3.393290225303909),
2026-07-09 02:56:09,127 | INFO | 	                          (39, 3.393290225303909),
[92mINFO [0m:      	                          (40, 3.450091916157615),
2026-07-09 02:56:09,127 | INFO | 	                          (40, 3.450091916157615),
[92mINFO [0m:      	                          (41, 3.461752892749249),
2026-07-09 02:56:09,127 | INFO | 	                          (41, 3.461752892749249),
[92mINFO [0m:      	                          (42, 3.3498443518927363),
2026-07-09 02:56:09,128 | INFO | 	                          (42, 3.3498443518927363),
[92mINFO [0m:      	                          (43, 3.453732771993567),
2026-07-09 02:56:09,128 | INFO | 	                          (43, 3.453732771993567),
[92mINFO [0m:      	                          (44, 3.4619689843328056),
2026-07-09 02:56:09,128 | INFO | 	                          (44, 3.4619689843328056),
[92mINFO [0m:      	                          (45, 3.3728166518190297),
2026-07-09 02:56:09,128 | INFO | 	                          (45, 3.3728166518190297),
[92mINFO [0m:      	                          (46, 3.3768622298190376),
2026-07-09 02:56:09,128 | INFO | 	                          (46, 3.3768622298190376),
[92mINFO [0m:      	                          (47, 3.5872419435569536),
2026-07-09 02:56:09,128 | INFO | 	                          (47, 3.5872419435569536),
[92mINFO [0m:      	                          (48, 3.5992000657074144),
2026-07-09 02:56:09,128 | INFO | 	                          (48, 3.5992000657074144),
[92mINFO [0m:      	                          (49, 3.6200553355468954),
2026-07-09 02:56:09,128 | INFO | 	                          (49, 3.6200553355468954),
[92mINFO [0m:      	                          (50, 3.544621062776088),
2026-07-09 02:56:09,128 | INFO | 	                          (50, 3.544621062776088),
[92mINFO [0m:      	                          (51, 3.5633631954873755),
2026-07-09 02:56:09,128 | INFO | 	                          (51, 3.5633631954873755),
[92mINFO [0m:      	                          (52, 3.6663525407230924),
2026-07-09 02:56:09,128 | INFO | 	                          (52, 3.6663525407230924),
[92mINFO [0m:      	                          (53, 3.6866050884922448),
2026-07-09 02:56:09,128 | INFO | 	                          (53, 3.6866050884922448),
[92mINFO [0m:      	                          (54, 3.6995255075572815),
2026-07-09 02:56:09,128 | INFO | 	                          (54, 3.6995255075572815),
[92mINFO [0m:      	                          (55, 3.4618591751073358),
2026-07-09 02:56:09,128 | INFO | 	                          (55, 3.4618591751073358),
[92mINFO [0m:      	                          (56, 3.6356610095674977),
2026-07-09 02:56:09,128 | INFO | 	                          (56, 3.6356610095674977),
[92mINFO [0m:      	                          (57, 3.7637765813233046),
2026-07-09 02:56:09,128 | INFO | 	                          (57, 3.7637765813233046),
[92mINFO [0m:      	                          (58, 3.6713757126476616),
2026-07-09 02:56:09,128 | INFO | 	                          (58, 3.6713757126476616),
[92mINFO [0m:      	                          (59, 3.790529796549538),
2026-07-09 02:56:09,128 | INFO | 	                          (59, 3.790529796549538),
[92mINFO [0m:      	                          (60, 3.8121707420300956)],
2026-07-09 02:56:09,128 | INFO | 	                          (60, 3.8121707420300956)],
[92mINFO [0m:      	 'client_update_l2_std': [(1, 0.1536511730670795),
2026-07-09 02:56:09,128 | INFO | 	 'client_update_l2_std': [(1, 0.1536511730670795),
[92mINFO [0m:      	                          (2, 0.15023406134646067),
2026-07-09 02:56:09,128 | INFO | 	                          (2, 0.15023406134646067),
[92mINFO [0m:      	                          (3, 0.08924116024852922),
2026-07-09 02:56:09,128 | INFO | 	                          (3, 0.08924116024852922),
[92mINFO [0m:      	                          (4, 0.1501235044446534),
2026-07-09 02:56:09,128 | INFO | 	                          (4, 0.1501235044446534),
[92mINFO [0m:      	                          (5, 0.07449415236967165),
2026-07-09 02:56:09,128 | INFO | 	                          (5, 0.07449415236967165),
[92mINFO [0m:      	                          (6, 0.139489034565315),
2026-07-09 02:56:09,128 | INFO | 	                          (6, 0.139489034565315),
[92mINFO [0m:      	                          (7, 0.17503219950704235),
2026-07-09 02:56:09,128 | INFO | 	                          (7, 0.17503219950704235),
[92mINFO [0m:      	                          (8, 0.14970471118778925),
2026-07-09 02:56:09,128 | INFO | 	                          (8, 0.14970471118778925),
[92mINFO [0m:      	                          (9, 0.05849592235653809),
2026-07-09 02:56:09,128 | INFO | 	                          (9, 0.05849592235653809),
[92mINFO [0m:      	                          (10, 0.0788292003386406),
2026-07-09 02:56:09,128 | INFO | 	                          (10, 0.0788292003386406),
[92mINFO [0m:      	                          (11, 0.1882249444622959),
2026-07-09 02:56:09,128 | INFO | 	                          (11, 0.1882249444622959),
[92mINFO [0m:      	                          (12, 0.06253279841727911),
2026-07-09 02:56:09,128 | INFO | 	                          (12, 0.06253279841727911),
[92mINFO [0m:      	                          (13, 0.05248012899583729),
2026-07-09 02:56:09,128 | INFO | 	                          (13, 0.05248012899583729),
[92mINFO [0m:      	                          (14, 0.03779063547081753),
2026-07-09 02:56:09,128 | INFO | 	                          (14, 0.03779063547081753),
[92mINFO [0m:      	                          (15, 0.045117342851767966),
2026-07-09 02:56:09,128 | INFO | 	                          (15, 0.045117342851767966),
[92mINFO [0m:      	                          (16, 0.1402581443679166),
2026-07-09 02:56:09,128 | INFO | 	                          (16, 0.1402581443679166),
[92mINFO [0m:      	                          (17, 0.047446687754705695),
2026-07-09 02:56:09,128 | INFO | 	                          (17, 0.047446687754705695),
[92mINFO [0m:      	                          (18, 0.04675981873760347),
2026-07-09 02:56:09,128 | INFO | 	                          (18, 0.04675981873760347),
[92mINFO [0m:      	                          (19, 0.13637156597967653),
2026-07-09 02:56:09,128 | INFO | 	                          (19, 0.13637156597967653),
[92mINFO [0m:      	                          (20, 0.14698970784042176),
2026-07-09 02:56:09,128 | INFO | 	                          (20, 0.14698970784042176),
[92mINFO [0m:      	                          (21, 0.1457402117798383),
2026-07-09 02:56:09,129 | INFO | 	                          (21, 0.1457402117798383),
[92mINFO [0m:      	                          (22, 0.021527706739657624),
2026-07-09 02:56:09,129 | INFO | 	                          (22, 0.021527706739657624),
[92mINFO [0m:      	                          (23, 0.01989426153689331),
2026-07-09 02:56:09,129 | INFO | 	                          (23, 0.01989426153689331),
[92mINFO [0m:      	                          (24, 0.1996196475459804),
2026-07-09 02:56:09,129 | INFO | 	                          (24, 0.1996196475459804),
[92mINFO [0m:      	                          (25, 0.09599543004816331),
2026-07-09 02:56:09,129 | INFO | 	                          (25, 0.09599543004816331),
[92mINFO [0m:      	                          (26, 0.01440562473228784),
2026-07-09 02:56:09,129 | INFO | 	                          (26, 0.01440562473228784),
[92mINFO [0m:      	                          (27, 0.1321166181329552),
2026-07-09 02:56:09,129 | INFO | 	                          (27, 0.1321166181329552),
[92mINFO [0m:      	                          (28, 0.12090293023612257),
2026-07-09 02:56:09,129 | INFO | 	                          (28, 0.12090293023612257),
[92mINFO [0m:      	                          (29, 0.13843612921371776),
2026-07-09 02:56:09,129 | INFO | 	                          (29, 0.13843612921371776),
[92mINFO [0m:      	                          (30, 0.12451626021626223),
2026-07-09 02:56:09,129 | INFO | 	                          (30, 0.12451626021626223),
[92mINFO [0m:      	                          (31, 0.12458994010981643),
2026-07-09 02:56:09,129 | INFO | 	                          (31, 0.12458994010981643),
[92mINFO [0m:      	                          (32, 0.17909306506514092),
2026-07-09 02:56:09,129 | INFO | 	                          (32, 0.17909306506514092),
[92mINFO [0m:      	                          (33, 0.17608493946502835),
2026-07-09 02:56:09,129 | INFO | 	                          (33, 0.17608493946502835),
[92mINFO [0m:      	                          (34, 0.22620922974654992),
2026-07-09 02:56:09,129 | INFO | 	                          (34, 0.22620922974654992),
[92mINFO [0m:      	                          (35, 0.12291236062584403),
2026-07-09 02:56:09,129 | INFO | 	                          (35, 0.12291236062584403),
[92mINFO [0m:      	                          (36, 0.028667885977273388),
2026-07-09 02:56:09,129 | INFO | 	                          (36, 0.028667885977273388),
[92mINFO [0m:      	                          (37, 0.18468654513761396),
2026-07-09 02:56:09,129 | INFO | 	                          (37, 0.18468654513761396),
[92mINFO [0m:      	                          (38, 0.16101973387057397),
2026-07-09 02:56:09,129 | INFO | 	                          (38, 0.16101973387057397),
[92mINFO [0m:      	                          (39, 0.15260885261179255),
2026-07-09 02:56:09,129 | INFO | 	                          (39, 0.15260885261179255),
[92mINFO [0m:      	                          (40, 0.12437557413641948),
2026-07-09 02:56:09,129 | INFO | 	                          (40, 0.12437557413641948),
[92mINFO [0m:      	                          (41, 0.07465605581018961),
2026-07-09 02:56:09,129 | INFO | 	                          (41, 0.07465605581018961),
[92mINFO [0m:      	                          (42, 0.10631234621605118),
2026-07-09 02:56:09,129 | INFO | 	                          (42, 0.10631234621605118),
[92mINFO [0m:      	                          (43, 0.17944481157107192),
2026-07-09 02:56:09,129 | INFO | 	                          (43, 0.17944481157107192),
[92mINFO [0m:      	                          (44, 0.11503234636328459),
2026-07-09 02:56:09,129 | INFO | 	                          (44, 0.11503234636328459),
[92mINFO [0m:      	                          (45, 0.11157502398704613),
2026-07-09 02:56:09,129 | INFO | 	                          (45, 0.11157502398704613),
[92mINFO [0m:      	                          (46, 0.11341601400318597),
2026-07-09 02:56:09,129 | INFO | 	                          (46, 0.11341601400318597),
[92mINFO [0m:      	                          (47, 0.13160857614097038),
2026-07-09 02:56:09,129 | INFO | 	                          (47, 0.13160857614097038),
[92mINFO [0m:      	                          (48, 0.15457674767390445),
2026-07-09 02:56:09,129 | INFO | 	                          (48, 0.15457674767390445),
[92mINFO [0m:      	                          (49, 0.13937743532540703),
2026-07-09 02:56:09,129 | INFO | 	                          (49, 0.13937743532540703),
[92mINFO [0m:      	                          (50, 0.07718886999478924),
2026-07-09 02:56:09,129 | INFO | 	                          (50, 0.07718886999478924),
[92mINFO [0m:      	                          (51, 0.08335007652637297),
2026-07-09 02:56:09,129 | INFO | 	                          (51, 0.08335007652637297),
[92mINFO [0m:      	                          (52, 0.15349892140722524),
2026-07-09 02:56:09,129 | INFO | 	                          (52, 0.15349892140722524),
[92mINFO [0m:      	                          (53, 0.12342952533864042),
2026-07-09 02:56:09,129 | INFO | 	                          (53, 0.12342952533864042),
[92mINFO [0m:      	                          (54, 0.15231874912941443),
2026-07-09 02:56:09,129 | INFO | 	                          (54, 0.15231874912941443),
[92mINFO [0m:      	                          (55, 0.12086279964971401),
2026-07-09 02:56:09,129 | INFO | 	                          (55, 0.12086279964971401),
[92mINFO [0m:      	                          (56, 0.09853122602397817),
2026-07-09 02:56:09,129 | INFO | 	                          (56, 0.09853122602397817),
[92mINFO [0m:      	                          (57, 0.1617220551852869),
2026-07-09 02:56:09,129 | INFO | 	                          (57, 0.1617220551852869),
[92mINFO [0m:      	                          (58, 0.10563499919787066),
2026-07-09 02:56:09,129 | INFO | 	                          (58, 0.10563499919787066),
[92mINFO [0m:      	                          (59, 0.1720242386793828),
2026-07-09 02:56:09,129 | INFO | 	                          (59, 0.1720242386793828),
[92mINFO [0m:      	                          (60, 0.14728778361491546)],
2026-07-09 02:56:09,130 | INFO | 	                          (60, 0.14728778361491546)],
[92mINFO [0m:      	 'fit_time_sec': [(1, 6.386638183146715),
2026-07-09 02:56:09,130 | INFO | 	 'fit_time_sec': [(1, 6.386638183146715),
[92mINFO [0m:      	                  (2, 3.382387951016426),
2026-07-09 02:56:09,130 | INFO | 	                  (2, 3.382387951016426),
[92mINFO [0m:      	                  (3, 3.5061168894171715),
2026-07-09 02:56:09,130 | INFO | 	                  (3, 3.5061168894171715),
[92mINFO [0m:      	                  (4, 4.301230568438768),
2026-07-09 02:56:09,130 | INFO | 	                  (4, 4.301230568438768),
[92mINFO [0m:      	                  (5, 4.23390206694603),
2026-07-09 02:56:09,130 | INFO | 	                  (5, 4.23390206694603),
[92mINFO [0m:      	                  (6, 4.1507811807096004),
2026-07-09 02:56:09,130 | INFO | 	                  (6, 4.1507811807096004),
[92mINFO [0m:      	                  (7, 3.7042106613516808),
2026-07-09 02:56:09,130 | INFO | 	                  (7, 3.7042106613516808),
[92mINFO [0m:      	                  (8, 3.4932704232633114),
2026-07-09 02:56:09,130 | INFO | 	                  (8, 3.4932704232633114),
[92mINFO [0m:      	                  (9, 3.369594469666481),
2026-07-09 02:56:09,130 | INFO | 	                  (9, 3.369594469666481),
[92mINFO [0m:      	                  (10, 3.728284388780594),
2026-07-09 02:56:09,130 | INFO | 	                  (10, 3.728284388780594),
[92mINFO [0m:      	                  (11, 4.530926421284676),
2026-07-09 02:56:09,130 | INFO | 	                  (11, 4.530926421284676),
[92mINFO [0m:      	                  (12, 3.3802954331040382),
2026-07-09 02:56:09,130 | INFO | 	                  (12, 3.3802954331040382),
[92mINFO [0m:      	                  (13, 3.4372029528021812),
2026-07-09 02:56:09,130 | INFO | 	                  (13, 3.4372029528021812),
[92mINFO [0m:      	                  (14, 3.165479399263859),
2026-07-09 02:56:09,130 | INFO | 	                  (14, 3.165479399263859),
[92mINFO [0m:      	                  (15, 3.3235975466668606),
2026-07-09 02:56:09,130 | INFO | 	                  (15, 3.3235975466668606),
[92mINFO [0m:      	                  (16, 3.675681546330452),
2026-07-09 02:56:09,130 | INFO | 	                  (16, 3.675681546330452),
[92mINFO [0m:      	                  (17, 3.479123070836067),
2026-07-09 02:56:09,130 | INFO | 	                  (17, 3.479123070836067),
[92mINFO [0m:      	                  (18, 3.4109284579753876),
2026-07-09 02:56:09,130 | INFO | 	                  (18, 3.4109284579753876),
[92mINFO [0m:      	                  (19, 3.766386102885008),
2026-07-09 02:56:09,130 | INFO | 	                  (19, 3.766386102885008),
[92mINFO [0m:      	                  (20, 3.726713053882122),
2026-07-09 02:56:09,130 | INFO | 	                  (20, 3.726713053882122),
[92mINFO [0m:      	                  (21, 3.598911192268133),
2026-07-09 02:56:09,130 | INFO | 	                  (21, 3.598911192268133),
[92mINFO [0m:      	                  (22, 3.1215062513947487),
2026-07-09 02:56:09,130 | INFO | 	                  (22, 3.1215062513947487),
[92mINFO [0m:      	                  (23, 3.057193275541067),
2026-07-09 02:56:09,130 | INFO | 	                  (23, 3.057193275541067),
[92mINFO [0m:      	                  (24, 3.8584965020418167),
2026-07-09 02:56:09,130 | INFO | 	                  (24, 3.8584965020418167),
[92mINFO [0m:      	                  (25, 3.3968387879431248),
2026-07-09 02:56:09,130 | INFO | 	                  (25, 3.3968387879431248),
[92mINFO [0m:      	                  (26, 3.2110350131988525),
2026-07-09 02:56:09,130 | INFO | 	                  (26, 3.2110350131988525),
[92mINFO [0m:      	                  (27, 3.7319664880633354),
2026-07-09 02:56:09,130 | INFO | 	                  (27, 3.7319664880633354),
[92mINFO [0m:      	                  (28, 3.8129077926278114),
2026-07-09 02:56:09,130 | INFO | 	                  (28, 3.8129077926278114),
[92mINFO [0m:      	                  (29, 3.5958916768431664),
2026-07-09 02:56:09,130 | INFO | 	                  (29, 3.5958916768431664),
[92mINFO [0m:      	                  (30, 3.4737195931375027),
2026-07-09 02:56:09,130 | INFO | 	                  (30, 3.4737195931375027),
[92mINFO [0m:      	                  (31, 3.581079300493002),
2026-07-09 02:56:09,130 | INFO | 	                  (31, 3.581079300493002),
[92mINFO [0m:      	                  (32, 3.86623078212142),
2026-07-09 02:56:09,130 | INFO | 	                  (32, 3.86623078212142),
[92mINFO [0m:      	                  (33, 4.085920490324497),
2026-07-09 02:56:09,130 | INFO | 	                  (33, 4.085920490324497),
[92mINFO [0m:      	                  (34, 5.022895351052284),
2026-07-09 02:56:09,130 | INFO | 	                  (34, 5.022895351052284),
[92mINFO [0m:      	                  (35, 3.192629247903824),
2026-07-09 02:56:09,130 | INFO | 	                  (35, 3.192629247903824),
[92mINFO [0m:      	                  (36, 3.077859442681074),
2026-07-09 02:56:09,130 | INFO | 	                  (36, 3.077859442681074),
[92mINFO [0m:      	                  (37, 4.814229838550091),
2026-07-09 02:56:09,130 | INFO | 	                  (37, 4.814229838550091),
[92mINFO [0m:      	                  (38, 4.1959318816661835),
2026-07-09 02:56:09,131 | INFO | 	                  (38, 4.1959318816661835),
[92mINFO [0m:      	                  (39, 4.519636880606413),
2026-07-09 02:56:09,131 | INFO | 	                  (39, 4.519636880606413),
[92mINFO [0m:      	                  (40, 3.876229155808687),
2026-07-09 02:56:09,131 | INFO | 	                  (40, 3.876229155808687),
[92mINFO [0m:      	                  (41, 3.753963828086853),
2026-07-09 02:56:09,131 | INFO | 	                  (41, 3.753963828086853),
[92mINFO [0m:      	                  (42, 3.8906840570271015),
2026-07-09 02:56:09,131 | INFO | 	                  (42, 3.8906840570271015),
[92mINFO [0m:      	                  (43, 4.673958774656057),
2026-07-09 02:56:09,131 | INFO | 	                  (43, 4.673958774656057),
[92mINFO [0m:      	                  (44, 3.8461600206792355),
2026-07-09 02:56:09,131 | INFO | 	                  (44, 3.8461600206792355),
[92mINFO [0m:      	                  (45, 3.905938647687435),
2026-07-09 02:56:09,131 | INFO | 	                  (45, 3.905938647687435),
[92mINFO [0m:      	                  (46, 3.699178569018841),
2026-07-09 02:56:09,131 | INFO | 	                  (46, 3.699178569018841),
[92mINFO [0m:      	                  (47, 3.9462048709392548),
2026-07-09 02:56:09,131 | INFO | 	                  (47, 3.9462048709392548),
[92mINFO [0m:      	                  (48, 4.502728208899498),
2026-07-09 02:56:09,131 | INFO | 	                  (48, 4.502728208899498),
[92mINFO [0m:      	                  (49, 4.387901693582535),
2026-07-09 02:56:09,131 | INFO | 	                  (49, 4.387901693582535),
[92mINFO [0m:      	                  (50, 3.824017360806465),
2026-07-09 02:56:09,131 | INFO | 	                  (50, 3.824017360806465),
[92mINFO [0m:      	                  (51, 3.8592812679708004),
2026-07-09 02:56:09,131 | INFO | 	                  (51, 3.8592812679708004),
[92mINFO [0m:      	                  (52, 3.952398009598255),
2026-07-09 02:56:09,131 | INFO | 	                  (52, 3.952398009598255),
[92mINFO [0m:      	                  (53, 3.5769327357411385),
2026-07-09 02:56:09,131 | INFO | 	                  (53, 3.5769327357411385),
[92mINFO [0m:      	                  (54, 4.1903058141469955),
2026-07-09 02:56:09,131 | INFO | 	                  (54, 4.1903058141469955),
[92mINFO [0m:      	                  (55, 4.467347238212824),
2026-07-09 02:56:09,131 | INFO | 	                  (55, 4.467347238212824),
[92mINFO [0m:      	                  (56, 3.5208628214895725),
2026-07-09 02:56:09,131 | INFO | 	                  (56, 3.5208628214895725),
[92mINFO [0m:      	                  (57, 4.004238996654749),
2026-07-09 02:56:09,131 | INFO | 	                  (57, 4.004238996654749),
[92mINFO [0m:      	                  (58, 3.7039791867136955),
2026-07-09 02:56:09,131 | INFO | 	                  (58, 3.7039791867136955),
[92mINFO [0m:      	                  (59, 4.7307218089699745),
2026-07-09 02:56:09,131 | INFO | 	                  (59, 4.7307218089699745),
[92mINFO [0m:      	                  (60, 3.544769771397114)],
2026-07-09 02:56:09,131 | INFO | 	                  (60, 3.544769771397114)],
[92mINFO [0m:      	 'local_accuracy_max': [(5, 1.0),
2026-07-09 02:56:09,131 | INFO | 	 'local_accuracy_max': [(5, 1.0),
[92mINFO [0m:      	                        (10, 1.0),
2026-07-09 02:56:09,131 | INFO | 	                        (10, 1.0),
[92mINFO [0m:      	                        (15, 1.0),
2026-07-09 02:56:09,131 | INFO | 	                        (15, 1.0),
[92mINFO [0m:      	                        (20, 1.0),
2026-07-09 02:56:09,131 | INFO | 	                        (20, 1.0),
[92mINFO [0m:      	                        (25, 1.0),
2026-07-09 02:56:09,131 | INFO | 	                        (25, 1.0),
[92mINFO [0m:      	                        (30, 1.0),
2026-07-09 02:56:09,131 | INFO | 	                        (30, 1.0),
[92mINFO [0m:      	                        (35, 1.0),
2026-07-09 02:56:09,131 | INFO | 	                        (35, 1.0),
[92mINFO [0m:      	                        (40, 1.0),
2026-07-09 02:56:09,131 | INFO | 	                        (40, 1.0),
[92mINFO [0m:      	                        (45, 1.0),
2026-07-09 02:56:09,131 | INFO | 	                        (45, 1.0),
[92mINFO [0m:      	                        (50, 1.0),
2026-07-09 02:56:09,131 | INFO | 	                        (50, 1.0),
[92mINFO [0m:      	                        (55, 1.0),
2026-07-09 02:56:09,131 | INFO | 	                        (55, 1.0),
[92mINFO [0m:      	                        (60, 1.0)],
2026-07-09 02:56:09,131 | INFO | 	                        (60, 1.0)],
[92mINFO [0m:      	 'local_accuracy_mean': [(5, 0.5954742680928427),
2026-07-09 02:56:09,131 | INFO | 	 'local_accuracy_mean': [(5, 0.5954742680928427),
[92mINFO [0m:      	                         (10, 0.9154682491733949),
2026-07-09 02:56:09,131 | INFO | 	                         (10, 0.9154682491733949),
[92mINFO [0m:      	                         (15, 0.9432317232317232),
2026-07-09 02:56:09,131 | INFO | 	                         (15, 0.9432317232317232),
[92mINFO [0m:      	                         (20, 0.8537861964197391),
2026-07-09 02:56:09,131 | INFO | 	                         (20, 0.8537861964197391),
[92mINFO [0m:      	                         (25, 0.9417979797979796),
2026-07-09 02:56:09,132 | INFO | 	                         (25, 0.9417979797979796),
[92mINFO [0m:      	                         (30, 0.8685239491691104),
2026-07-09 02:56:09,132 | INFO | 	                         (30, 0.8685239491691104),
[92mINFO [0m:      	                         (35, 0.8607438016528924),
2026-07-09 02:56:09,132 | INFO | 	                         (35, 0.8607438016528924),
[92mINFO [0m:      	                         (40, 0.9616018827113738),
2026-07-09 02:56:09,132 | INFO | 	                         (40, 0.9616018827113738),
[92mINFO [0m:      	                         (45, 0.9530078807767183),
2026-07-09 02:56:09,132 | INFO | 	                         (45, 0.9530078807767183),
[92mINFO [0m:      	                         (50, 0.9484162895927604),
2026-07-09 02:56:09,132 | INFO | 	                         (50, 0.9484162895927604),
[92mINFO [0m:      	                         (55, 0.9470980092822732),
2026-07-09 02:56:09,132 | INFO | 	                         (55, 0.9470980092822732),
[92mINFO [0m:      	                         (60, 0.9784691366425112)],
2026-07-09 02:56:09,132 | INFO | 	                         (60, 0.9784691366425112)],
[92mINFO [0m:      	 'local_accuracy_min': [(5, 0.0),
2026-07-09 02:56:09,132 | INFO | 	 'local_accuracy_min': [(5, 0.0),
[92mINFO [0m:      	                        (10, 0.8),
2026-07-09 02:56:09,132 | INFO | 	                        (10, 0.8),
[92mINFO [0m:      	                        (15, 0.8333333333333334),
2026-07-09 02:56:09,132 | INFO | 	                        (15, 0.8333333333333334),
[92mINFO [0m:      	                        (20, 0.0),
2026-07-09 02:56:09,132 | INFO | 	                        (20, 0.0),
[92mINFO [0m:      	                        (25, 0.8),
2026-07-09 02:56:09,132 | INFO | 	                        (25, 0.8),
[92mINFO [0m:      	                        (30, 0.0),
2026-07-09 02:56:09,132 | INFO | 	                        (30, 0.0),
[92mINFO [0m:      	                        (35, 0.0),
2026-07-09 02:56:09,132 | INFO | 	                        (35, 0.0),
[92mINFO [0m:      	                        (40, 0.8666666666666667),
2026-07-09 02:56:09,132 | INFO | 	                        (40, 0.8666666666666667),
[92mINFO [0m:      	                        (45, 0.7894736842105263),
2026-07-09 02:56:09,132 | INFO | 	                        (45, 0.7894736842105263),
[92mINFO [0m:      	                        (50, 0.7777777777777778),
2026-07-09 02:56:09,132 | INFO | 	                        (50, 0.7777777777777778),
[92mINFO [0m:      	                        (55, 0.8421052631578947),
2026-07-09 02:56:09,132 | INFO | 	                        (55, 0.8421052631578947),
[92mINFO [0m:      	                        (60, 0.9166666666666666)],
2026-07-09 02:56:09,132 | INFO | 	                        (60, 0.9166666666666666)],
[92mINFO [0m:      	 'local_accuracy_p10': [(5, 0.0),
2026-07-09 02:56:09,132 | INFO | 	 'local_accuracy_p10': [(5, 0.0),
[92mINFO [0m:      	                        (10, 0.8254901960784313),
2026-07-09 02:56:09,132 | INFO | 	                        (10, 0.8254901960784313),
[92mINFO [0m:      	                        (15, 0.8461538461538461),
2026-07-09 02:56:09,132 | INFO | 	                        (15, 0.8461538461538461),
[92mINFO [0m:      	                        (20, 0.6947368421052631),
2026-07-09 02:56:09,132 | INFO | 	                        (20, 0.6947368421052631),
[92mINFO [0m:      	                        (25, 0.84),
2026-07-09 02:56:09,132 | INFO | 	                        (25, 0.84),
[92mINFO [0m:      	                        (30, 0.7096774193548387),
2026-07-09 02:56:09,132 | INFO | 	                        (30, 0.7096774193548387),
[92mINFO [0m:      	                        (35, 0.6666666666666666),
2026-07-09 02:56:09,132 | INFO | 	                        (35, 0.6666666666666666),
[92mINFO [0m:      	                        (40, 0.8701086956521739),
2026-07-09 02:56:09,132 | INFO | 	                        (40, 0.8701086956521739),
[92mINFO [0m:      	                        (45, 0.9009090909090909),
2026-07-09 02:56:09,132 | INFO | 	                        (45, 0.9009090909090909),
[92mINFO [0m:      	                        (50, 0.8497777777777777),
2026-07-09 02:56:09,132 | INFO | 	                        (50, 0.8497777777777777),
[92mINFO [0m:      	                        (55, 0.8617142857142857),
2026-07-09 02:56:09,132 | INFO | 	                        (55, 0.8617142857142857),
[92mINFO [0m:      	                        (60, 0.9310924369747899)],
2026-07-09 02:56:09,132 | INFO | 	                        (60, 0.9310924369747899)],
[92mINFO [0m:      	 'local_accuracy_p25': [(5, 0.375),
2026-07-09 02:56:09,132 | INFO | 	 'local_accuracy_p25': [(5, 0.375),
[92mINFO [0m:      	                        (10, 0.8604651162790697),
2026-07-09 02:56:09,132 | INFO | 	                        (10, 0.8604651162790697),
[92mINFO [0m:      	                        (15, 0.888030888030888),
2026-07-09 02:56:09,132 | INFO | 	                        (15, 0.888030888030888),
[92mINFO [0m:      	                        (20, 0.8630952380952381),
2026-07-09 02:56:09,132 | INFO | 	                        (20, 0.8630952380952381),
[92mINFO [0m:      	                        (25, 0.9118181818181819),
2026-07-09 02:56:09,132 | INFO | 	                        (25, 0.9118181818181819),
[92mINFO [0m:      	                        (30, 0.9090909090909091),
2026-07-09 02:56:09,132 | INFO | 	                        (30, 0.9090909090909091),
[92mINFO [0m:      	                        (35, 0.9146464646464647),
2026-07-09 02:56:09,132 | INFO | 	                        (35, 0.9146464646464647),
[92mINFO [0m:      	                        (40, 0.9330357142857142),
2026-07-09 02:56:09,133 | INFO | 	                        (40, 0.9330357142857142),
[92mINFO [0m:      	                        (45, 0.9147727272727273),
2026-07-09 02:56:09,133 | INFO | 	                        (45, 0.9147727272727273),
[92mINFO [0m:      	                        (50, 0.9294117647058824),
2026-07-09 02:56:09,133 | INFO | 	                        (50, 0.9294117647058824),
[92mINFO [0m:      	                        (55, 0.9090909090909091),
2026-07-09 02:56:09,133 | INFO | 	                        (55, 0.9090909090909091),
[92mINFO [0m:      	                        (60, 0.96)],
2026-07-09 02:56:09,133 | INFO | 	                        (60, 0.96)],
[92mINFO [0m:      	 'local_accuracy_p50': [(5, 0.7722672064777327),
2026-07-09 02:56:09,133 | INFO | 	 'local_accuracy_p50': [(5, 0.7722672064777327),
[92mINFO [0m:      	                        (10, 0.9117647058823529),
2026-07-09 02:56:09,133 | INFO | 	                        (10, 0.9117647058823529),
[92mINFO [0m:      	                        (15, 1.0),
2026-07-09 02:56:09,133 | INFO | 	                        (15, 1.0),
[92mINFO [0m:      	                        (20, 0.9444444444444444),
2026-07-09 02:56:09,133 | INFO | 	                        (20, 0.9444444444444444),
[92mINFO [0m:      	                        (25, 0.9722222222222222),
2026-07-09 02:56:09,133 | INFO | 	                        (25, 0.9722222222222222),
[92mINFO [0m:      	                        (30, 0.9523809523809523),
2026-07-09 02:56:09,133 | INFO | 	                        (30, 0.9523809523809523),
[92mINFO [0m:      	                        (35, 1.0),
2026-07-09 02:56:09,133 | INFO | 	                        (35, 1.0),
[92mINFO [0m:      	                        (40, 1.0),
2026-07-09 02:56:09,133 | INFO | 	                        (40, 1.0),
[92mINFO [0m:      	                        (45, 1.0),
2026-07-09 02:56:09,133 | INFO | 	                        (45, 1.0),
[92mINFO [0m:      	                        (50, 1.0),
2026-07-09 02:56:09,133 | INFO | 	                        (50, 1.0),
[92mINFO [0m:      	                        (55, 0.9714285714285714),
2026-07-09 02:56:09,133 | INFO | 	                        (55, 0.9714285714285714),
[92mINFO [0m:      	                        (60, 1.0)],
2026-07-09 02:56:09,133 | INFO | 	                        (60, 1.0)],
[92mINFO [0m:      	 'local_accuracy_p75': [(5, 0.8641043239533288),
2026-07-09 02:56:09,133 | INFO | 	 'local_accuracy_p75': [(5, 0.8641043239533288),
[92mINFO [0m:      	                        (10, 1.0),
2026-07-09 02:56:09,133 | INFO | 	                        (10, 1.0),
[92mINFO [0m:      	                        (15, 1.0),
2026-07-09 02:56:09,133 | INFO | 	                        (15, 1.0),
[92mINFO [0m:      	                        (20, 1.0),
2026-07-09 02:56:09,133 | INFO | 	                        (20, 1.0),
[92mINFO [0m:      	                        (25, 1.0),
2026-07-09 02:56:09,133 | INFO | 	                        (25, 1.0),
[92mINFO [0m:      	                        (30, 1.0),
2026-07-09 02:56:09,133 | INFO | 	                        (30, 1.0),
[92mINFO [0m:      	                        (35, 1.0),
2026-07-09 02:56:09,133 | INFO | 	                        (35, 1.0),
[92mINFO [0m:      	                        (40, 1.0),
2026-07-09 02:56:09,133 | INFO | 	                        (40, 1.0),
[92mINFO [0m:      	                        (45, 1.0),
2026-07-09 02:56:09,133 | INFO | 	                        (45, 1.0),
[92mINFO [0m:      	                        (50, 1.0),
2026-07-09 02:56:09,133 | INFO | 	                        (50, 1.0),
[92mINFO [0m:      	                        (55, 1.0),
2026-07-09 02:56:09,133 | INFO | 	                        (55, 1.0),
[92mINFO [0m:      	                        (60, 1.0)],
2026-07-09 02:56:09,133 | INFO | 	                        (60, 1.0)],
[92mINFO [0m:      	 'local_accuracy_p90': [(5, 0.9046082949308756),
2026-07-09 02:56:09,133 | INFO | 	 'local_accuracy_p90': [(5, 0.9046082949308756),
[92mINFO [0m:      	                        (10, 1.0),
2026-07-09 02:56:09,133 | INFO | 	                        (10, 1.0),
[92mINFO [0m:      	                        (15, 1.0),
2026-07-09 02:56:09,133 | INFO | 	                        (15, 1.0),
[92mINFO [0m:      	                        (20, 1.0),
2026-07-09 02:56:09,133 | INFO | 	                        (20, 1.0),
[92mINFO [0m:      	                        (25, 1.0),
2026-07-09 02:56:09,133 | INFO | 	                        (25, 1.0),
[92mINFO [0m:      	                        (30, 1.0),
2026-07-09 02:56:09,133 | INFO | 	                        (30, 1.0),
[92mINFO [0m:      	                        (35, 1.0),
2026-07-09 02:56:09,133 | INFO | 	                        (35, 1.0),
[92mINFO [0m:      	                        (40, 1.0),
2026-07-09 02:56:09,133 | INFO | 	                        (40, 1.0),
[92mINFO [0m:      	                        (45, 1.0),
2026-07-09 02:56:09,133 | INFO | 	                        (45, 1.0),
[92mINFO [0m:      	                        (50, 1.0),
2026-07-09 02:56:09,133 | INFO | 	                        (50, 1.0),
[92mINFO [0m:      	                        (55, 1.0),
2026-07-09 02:56:09,134 | INFO | 	                        (55, 1.0),
[92mINFO [0m:      	                        (60, 1.0)],
2026-07-09 02:56:09,134 | INFO | 	                        (60, 1.0)],
[92mINFO [0m:      	 'local_accuracy_std': [(5, 0.367206774495468),
2026-07-09 02:56:09,134 | INFO | 	 'local_accuracy_std': [(5, 0.367206774495468),
[92mINFO [0m:      	                        (10, 0.07158944638646374),
2026-07-09 02:56:09,134 | INFO | 	                        (10, 0.07158944638646374),
[92mINFO [0m:      	                        (15, 0.06700048309593731),
2026-07-09 02:56:09,134 | INFO | 	                        (15, 0.06700048309593731),
[92mINFO [0m:      	                        (20, 0.24809292203535588),
2026-07-09 02:56:09,134 | INFO | 	                        (20, 0.24809292203535588),
[92mINFO [0m:      	                        (25, 0.06933517279940797),
2026-07-09 02:56:09,134 | INFO | 	                        (25, 0.06933517279940797),
[92mINFO [0m:      	                        (30, 0.26577686470138345),
2026-07-09 02:56:09,134 | INFO | 	                        (30, 0.26577686470138345),
[92mINFO [0m:      	                        (35, 0.28818665500274443),
2026-07-09 02:56:09,134 | INFO | 	                        (35, 0.28818665500274443),
[92mINFO [0m:      	                        (40, 0.05445600904245848),
2026-07-09 02:56:09,134 | INFO | 	                        (40, 0.05445600904245848),
[92mINFO [0m:      	                        (45, 0.06409221317221048),
2026-07-09 02:56:09,134 | INFO | 	                        (45, 0.06409221317221048),
[92mINFO [0m:      	                        (50, 0.07003521594180415),
2026-07-09 02:56:09,134 | INFO | 	                        (50, 0.07003521594180415),
[92mINFO [0m:      	                        (55, 0.056362252802671986),
2026-07-09 02:56:09,134 | INFO | 	                        (55, 0.056362252802671986),
[92mINFO [0m:      	                        (60, 0.030093059062880168)],
2026-07-09 02:56:09,134 | INFO | 	                        (60, 0.030093059062880168)],
[92mINFO [0m:      	 'local_accuracy_weighted': [(5, 0.806668196213775),
2026-07-09 02:56:09,134 | INFO | 	 'local_accuracy_weighted': [(5, 0.806668196213775),
[92mINFO [0m:      	                             (10, 0.9127120199076104),
2026-07-09 02:56:09,134 | INFO | 	                             (10, 0.9127120199076104),
[92mINFO [0m:      	                             (15, 0.9484038687833057),
2026-07-09 02:56:09,134 | INFO | 	                             (15, 0.9484038687833057),
[92mINFO [0m:      	                             (20, 0.9088530741855668),
2026-07-09 02:56:09,134 | INFO | 	                             (20, 0.9088530741855668),
[92mINFO [0m:      	                             (25, 0.9474053687298721),
2026-07-09 02:56:09,134 | INFO | 	                             (25, 0.9474053687298721),
[92mINFO [0m:      	                             (30, 0.919127661892639),
2026-07-09 02:56:09,134 | INFO | 	                             (30, 0.919127661892639),
[92mINFO [0m:      	                             (35, 0.9448446429428996),
2026-07-09 02:56:09,134 | INFO | 	                             (35, 0.9448446429428996),
[92mINFO [0m:      	                             (40, 0.9496042440212401),
2026-07-09 02:56:09,134 | INFO | 	                             (40, 0.9496042440212401),
[92mINFO [0m:      	                             (45, 0.9333259846740409),
2026-07-09 02:56:09,134 | INFO | 	                             (45, 0.9333259846740409),
[92mINFO [0m:      	                             (50, 0.9223968065973593),
2026-07-09 02:56:09,134 | INFO | 	                             (50, 0.9223968065973593),
[92mINFO [0m:      	                             (55, 0.9488823107698712),
2026-07-09 02:56:09,134 | INFO | 	                             (55, 0.9488823107698712),
[92mINFO [0m:      	                             (60, 0.9735125005580876)],
2026-07-09 02:56:09,134 | INFO | 	                             (60, 0.9735125005580876)],
[92mINFO [0m:      	 'local_eval_count': [(1, 0),
2026-07-09 02:56:09,134 | INFO | 	 'local_eval_count': [(1, 0),
[92mINFO [0m:      	                      (2, 0),
2026-07-09 02:56:09,134 | INFO | 	                      (2, 0),
[92mINFO [0m:      	                      (3, 0),
2026-07-09 02:56:09,134 | INFO | 	                      (3, 0),
[92mINFO [0m:      	                      (4, 0),
2026-07-09 02:56:09,134 | INFO | 	                      (4, 0),
[92mINFO [0m:      	                      (5, 12),
2026-07-09 02:56:09,134 | INFO | 	                      (5, 12),
[92mINFO [0m:      	                      (6, 0),
2026-07-09 02:56:09,134 | INFO | 	                      (6, 0),
[92mINFO [0m:      	                      (7, 0),
2026-07-09 02:56:09,134 | INFO | 	                      (7, 0),
[92mINFO [0m:      	                      (8, 0),
2026-07-09 02:56:09,134 | INFO | 	                      (8, 0),
[92mINFO [0m:      	                      (9, 0),
2026-07-09 02:56:09,134 | INFO | 	                      (9, 0),
[92mINFO [0m:      	                      (10, 13),
2026-07-09 02:56:09,134 | INFO | 	                      (10, 13),
[92mINFO [0m:      	                      (11, 0),
2026-07-09 02:56:09,134 | INFO | 	                      (11, 0),
[92mINFO [0m:      	                      (12, 0),
2026-07-09 02:56:09,134 | INFO | 	                      (12, 0),
[92mINFO [0m:      	                      (13, 0),
2026-07-09 02:56:09,135 | INFO | 	                      (13, 0),
[92mINFO [0m:      	                      (14, 0),
2026-07-09 02:56:09,135 | INFO | 	                      (14, 0),
[92mINFO [0m:      	                      (15, 11),
2026-07-09 02:56:09,135 | INFO | 	                      (15, 11),
[92mINFO [0m:      	                      (16, 0),
2026-07-09 02:56:09,135 | INFO | 	                      (16, 0),
[92mINFO [0m:      	                      (17, 0),
2026-07-09 02:56:09,135 | INFO | 	                      (17, 0),
[92mINFO [0m:      	                      (18, 0),
2026-07-09 02:56:09,135 | INFO | 	                      (18, 0),
[92mINFO [0m:      	                      (19, 0),
2026-07-09 02:56:09,135 | INFO | 	                      (19, 0),
[92mINFO [0m:      	                      (20, 15),
2026-07-09 02:56:09,135 | INFO | 	                      (20, 15),
[92mINFO [0m:      	                      (21, 0),
2026-07-09 02:56:09,135 | INFO | 	                      (21, 0),
[92mINFO [0m:      	                      (22, 0),
2026-07-09 02:56:09,135 | INFO | 	                      (22, 0),
[92mINFO [0m:      	                      (23, 0),
2026-07-09 02:56:09,135 | INFO | 	                      (23, 0),
[92mINFO [0m:      	                      (24, 0),
2026-07-09 02:56:09,135 | INFO | 	                      (24, 0),
[92mINFO [0m:      	                      (25, 10),
2026-07-09 02:56:09,135 | INFO | 	                      (25, 10),
[92mINFO [0m:      	                      (26, 0),
2026-07-09 02:56:09,135 | INFO | 	                      (26, 0),
[92mINFO [0m:      	                      (27, 0),
2026-07-09 02:56:09,135 | INFO | 	                      (27, 0),
[92mINFO [0m:      	                      (28, 0),
2026-07-09 02:56:09,135 | INFO | 	                      (28, 0),
[92mINFO [0m:      	                      (29, 0),
2026-07-09 02:56:09,135 | INFO | 	                      (29, 0),
[92mINFO [0m:      	                      (30, 13),
2026-07-09 02:56:09,135 | INFO | 	                      (30, 13),
[92mINFO [0m:      	                      (31, 0),
2026-07-09 02:56:09,135 | INFO | 	                      (31, 0),
[92mINFO [0m:      	                      (32, 0),
2026-07-09 02:56:09,135 | INFO | 	                      (32, 0),
[92mINFO [0m:      	                      (33, 0),
2026-07-09 02:56:09,135 | INFO | 	                      (33, 0),
[92mINFO [0m:      	                      (34, 0),
2026-07-09 02:56:09,135 | INFO | 	                      (34, 0),
[92mINFO [0m:      	                      (35, 11),
2026-07-09 02:56:09,135 | INFO | 	                      (35, 11),
[92mINFO [0m:      	                      (36, 0),
2026-07-09 02:56:09,135 | INFO | 	                      (36, 0),
[92mINFO [0m:      	                      (37, 0),
2026-07-09 02:56:09,135 | INFO | 	                      (37, 0),
[92mINFO [0m:      	                      (38, 0),
2026-07-09 02:56:09,135 | INFO | 	                      (38, 0),
[92mINFO [0m:      	                      (39, 0),
2026-07-09 02:56:09,135 | INFO | 	                      (39, 0),
[92mINFO [0m:      	                      (40, 12),
2026-07-09 02:56:09,135 | INFO | 	                      (40, 12),
[92mINFO [0m:      	                      (41, 0),
2026-07-09 02:56:09,135 | INFO | 	                      (41, 0),
[92mINFO [0m:      	                      (42, 0),
2026-07-09 02:56:09,135 | INFO | 	                      (42, 0),
[92mINFO [0m:      	                      (43, 0),
2026-07-09 02:56:09,135 | INFO | 	                      (43, 0),
[92mINFO [0m:      	                      (44, 0),
2026-07-09 02:56:09,135 | INFO | 	                      (44, 0),
[92mINFO [0m:      	                      (45, 12),
2026-07-09 02:56:09,135 | INFO | 	                      (45, 12),
[92mINFO [0m:      	                      (46, 0),
2026-07-09 02:56:09,135 | INFO | 	                      (46, 0),
[92mINFO [0m:      	                      (47, 0),
2026-07-09 02:56:09,135 | INFO | 	                      (47, 0),
[92mINFO [0m:      	                      (48, 0),
2026-07-09 02:56:09,135 | INFO | 	                      (48, 0),
[92mINFO [0m:      	                      (49, 0),
2026-07-09 02:56:09,135 | INFO | 	                      (49, 0),
[92mINFO [0m:      	                      (50, 13),
2026-07-09 02:56:09,135 | INFO | 	                      (50, 13),
[92mINFO [0m:      	                      (51, 0),
2026-07-09 02:56:09,135 | INFO | 	                      (51, 0),
[92mINFO [0m:      	                      (52, 0),
2026-07-09 02:56:09,136 | INFO | 	                      (52, 0),
[92mINFO [0m:      	                      (53, 0),
2026-07-09 02:56:09,136 | INFO | 	                      (53, 0),
[92mINFO [0m:      	                      (54, 0),
2026-07-09 02:56:09,136 | INFO | 	                      (54, 0),
[92mINFO [0m:      	                      (55, 13),
2026-07-09 02:56:09,136 | INFO | 	                      (55, 13),
[92mINFO [0m:      	                      (56, 0),
2026-07-09 02:56:09,136 | INFO | 	                      (56, 0),
[92mINFO [0m:      	                      (57, 0),
2026-07-09 02:56:09,136 | INFO | 	                      (57, 0),
[92mINFO [0m:      	                      (58, 0),
2026-07-09 02:56:09,136 | INFO | 	                      (58, 0),
[92mINFO [0m:      	                      (59, 0),
2026-07-09 02:56:09,136 | INFO | 	                      (59, 0),
[92mINFO [0m:      	                      (60, 13)],
2026-07-09 02:56:09,136 | INFO | 	                      (60, 13)],
[92mINFO [0m:      	 'local_loss_max': [(5, 2.587611198425293),
2026-07-09 02:56:09,136 | INFO | 	 'local_loss_max': [(5, 2.587611198425293),
[92mINFO [0m:      	                    (10, 1.1304941177368164),
2026-07-09 02:56:09,136 | INFO | 	                    (10, 1.1304941177368164),
[92mINFO [0m:      	                    (15, 1.2845457792282104),
2026-07-09 02:56:09,136 | INFO | 	                    (15, 1.2845457792282104),
[92mINFO [0m:      	                    (20, 3.1825499534606934),
2026-07-09 02:56:09,136 | INFO | 	                    (20, 3.1825499534606934),
[92mINFO [0m:      	                    (25, 0.6947937965393066),
2026-07-09 02:56:09,136 | INFO | 	                    (25, 0.6947937965393066),
[92mINFO [0m:      	                    (30, 1.6855478286743164),
2026-07-09 02:56:09,136 | INFO | 	                    (30, 1.6855478286743164),
[92mINFO [0m:      	                    (35, 1.1671860218048096),
2026-07-09 02:56:09,136 | INFO | 	                    (35, 1.1671860218048096),
[92mINFO [0m:      	                    (40, 0.5154217481613159),
2026-07-09 02:56:09,136 | INFO | 	                    (40, 0.5154217481613159),
[92mINFO [0m:      	                    (45, 0.547542973568565),
2026-07-09 02:56:09,136 | INFO | 	                    (45, 0.547542973568565),
[92mINFO [0m:      	                    (50, 0.7166193856133355),
2026-07-09 02:56:09,136 | INFO | 	                    (50, 0.7166193856133355),
[92mINFO [0m:      	                    (55, 0.5731866700308663),
2026-07-09 02:56:09,136 | INFO | 	                    (55, 0.5731866700308663),
[92mINFO [0m:      	                    (60, 0.4104859488351004)],
2026-07-09 02:56:09,136 | INFO | 	                    (60, 0.4104859488351004)],
[92mINFO [0m:      	 'local_loss_mean': [(5, 1.2447580871119432),
2026-07-09 02:56:09,136 | INFO | 	 'local_loss_mean': [(5, 1.2447580871119432),
[92mINFO [0m:      	                     (10, 0.6093925496300794),
2026-07-09 02:56:09,136 | INFO | 	                     (10, 0.6093925496300794),
[92mINFO [0m:      	                     (15, 0.48061512875216406),
2026-07-09 02:56:09,136 | INFO | 	                     (15, 0.48061512875216406),
[92mINFO [0m:      	                     (20, 0.6585851322018575),
2026-07-09 02:56:09,136 | INFO | 	                     (20, 0.6585851322018575),
[92mINFO [0m:      	                     (25, 0.23667985661169216),
2026-07-09 02:56:09,136 | INFO | 	                     (25, 0.23667985661169216),
[92mINFO [0m:      	                     (30, 0.34451574157595044),
2026-07-09 02:56:09,136 | INFO | 	                     (30, 0.34451574157595044),
[92mINFO [0m:      	                     (35, 0.2822780082787364),
2026-07-09 02:56:09,136 | INFO | 	                     (35, 0.2822780082787364),
[92mINFO [0m:      	                     (40, 0.2882410802024375),
2026-07-09 02:56:09,136 | INFO | 	                     (40, 0.2882410802024375),
[92mINFO [0m:      	                     (45, 0.17874104175135408),
2026-07-09 02:56:09,136 | INFO | 	                     (45, 0.17874104175135408),
[92mINFO [0m:      	                     (50, 0.17821648527851836),
2026-07-09 02:56:09,136 | INFO | 	                     (50, 0.17821648527851836),
[92mINFO [0m:      	                     (55, 0.19369174041346432),
2026-07-09 02:56:09,136 | INFO | 	                     (55, 0.19369174041346432),
[92mINFO [0m:      	                     (60, 0.09506188195112243)],
2026-07-09 02:56:09,136 | INFO | 	                     (60, 0.09506188195112243)],
[92mINFO [0m:      	 'local_loss_min': [(5, 0.4159380594889323),
2026-07-09 02:56:09,136 | INFO | 	 'local_loss_min': [(5, 0.4159380594889323),
[92mINFO [0m:      	                    (10, 0.1605869983804637),
2026-07-09 02:56:09,136 | INFO | 	                    (10, 0.1605869983804637),
[92mINFO [0m:      	                    (15, 0.05998045206069946),
2026-07-09 02:56:09,136 | INFO | 	                    (15, 0.05998045206069946),
[92mINFO [0m:      	                    (20, 0.12699547410011292),
2026-07-09 02:56:09,136 | INFO | 	                    (20, 0.12699547410011292),
[92mINFO [0m:      	                    (25, 0.059447879592577614),
2026-07-09 02:56:09,136 | INFO | 	                    (25, 0.059447879592577614),
[92mINFO [0m:      	                    (30, 0.028017199039459227),
2026-07-09 02:56:09,136 | INFO | 	                    (30, 0.028017199039459227),
[92mINFO [0m:      	                    (35, 0.019000685214996337),
2026-07-09 02:56:09,137 | INFO | 	                    (35, 0.019000685214996337),
[92mINFO [0m:      	                    (40, 0.061657088926468775),
2026-07-09 02:56:09,137 | INFO | 	                    (40, 0.061657088926468775),
[92mINFO [0m:      	                    (45, 0.004574988503009081),
2026-07-09 02:56:09,137 | INFO | 	                    (45, 0.004574988503009081),
[92mINFO [0m:      	                    (50, 0.008027047850191593),
2026-07-09 02:56:09,137 | INFO | 	                    (50, 0.008027047850191593),
[92mINFO [0m:      	                    (55, 0.015365082238401686),
2026-07-09 02:56:09,137 | INFO | 	                    (55, 0.015365082238401686),
[92mINFO [0m:      	                    (60, 0.0016899332404136658)],
2026-07-09 02:56:09,137 | INFO | 	                    (60, 0.0016899332404136658)],
[92mINFO [0m:      	 'local_loss_p50': [(5, 1.1774718560670552),
2026-07-09 02:56:09,137 | INFO | 	 'local_loss_p50': [(5, 1.1774718560670552),
[92mINFO [0m:      	                    (10, 0.5432421684265136),
2026-07-09 02:56:09,137 | INFO | 	                    (10, 0.5432421684265136),
[92mINFO [0m:      	                    (15, 0.39403745290395376),
2026-07-09 02:56:09,137 | INFO | 	                    (15, 0.39403745290395376),
[92mINFO [0m:      	                    (20, 0.46431405203683035),
2026-07-09 02:56:09,137 | INFO | 	                    (20, 0.46431405203683035),
[92mINFO [0m:      	                    (25, 0.1852281093597412),
2026-07-09 02:56:09,137 | INFO | 	                    (25, 0.1852281093597412),
[92mINFO [0m:      	                    (30, 0.20365428924560547),
2026-07-09 02:56:09,137 | INFO | 	                    (30, 0.20365428924560547),
[92mINFO [0m:      	                    (35, 0.25392448902130127),
2026-07-09 02:56:09,137 | INFO | 	                    (35, 0.25392448902130127),
[92mINFO [0m:      	                    (40, 0.31012372242079844),
2026-07-09 02:56:09,137 | INFO | 	                    (40, 0.31012372242079844),
[92mINFO [0m:      	                    (45, 0.09073958297570547),
2026-07-09 02:56:09,137 | INFO | 	                    (45, 0.09073958297570547),
[92mINFO [0m:      	                    (50, 0.1354537457227707),
2026-07-09 02:56:09,137 | INFO | 	                    (50, 0.1354537457227707),
[92mINFO [0m:      	                    (55, 0.17930524489458868),
2026-07-09 02:56:09,137 | INFO | 	                    (55, 0.17930524489458868),
[92mINFO [0m:      	                    (60, 0.04384419551262489)],
2026-07-09 02:56:09,137 | INFO | 	                    (60, 0.04384419551262489)],
[92mINFO [0m:      	 'local_loss_std': [(5, 0.6039374729094845),
2026-07-09 02:56:09,137 | INFO | 	 'local_loss_std': [(5, 0.6039374729094845),
[92mINFO [0m:      	                    (10, 0.24149681051707572),
2026-07-09 02:56:09,137 | INFO | 	                    (10, 0.24149681051707572),
[92mINFO [0m:      	                    (15, 0.3783452336246823),
2026-07-09 02:56:09,137 | INFO | 	                    (15, 0.3783452336246823),
[92mINFO [0m:      	                    (20, 0.721975598702254),
2026-07-09 02:56:09,137 | INFO | 	                    (20, 0.721975598702254),
[92mINFO [0m:      	                    (25, 0.18598755706634312),
2026-07-09 02:56:09,137 | INFO | 	                    (25, 0.18598755706634312),
[92mINFO [0m:      	                    (30, 0.4348714969273603),
2026-07-09 02:56:09,137 | INFO | 	                    (30, 0.4348714969273603),
[92mINFO [0m:      	                    (35, 0.3107440299511799),
2026-07-09 02:56:09,137 | INFO | 	                    (35, 0.3107440299511799),
[92mINFO [0m:      	                    (40, 0.1585932217433725),
2026-07-09 02:56:09,137 | INFO | 	                    (40, 0.1585932217433725),
[92mINFO [0m:      	                    (45, 0.1767299940101669),
2026-07-09 02:56:09,137 | INFO | 	                    (45, 0.1767299940101669),
[92mINFO [0m:      	                    (50, 0.19592432751963462),
2026-07-09 02:56:09,137 | INFO | 	                    (50, 0.19592432751963462),
[92mINFO [0m:      	                    (55, 0.14652581443555268),
2026-07-09 02:56:09,137 | INFO | 	                    (55, 0.14652581443555268),
[92mINFO [0m:      	                    (60, 0.11667550089440812)],
2026-07-09 02:56:09,137 | INFO | 	                    (60, 0.11667550089440812)],
[92mINFO [0m:      	 'local_loss_weighted': [(5, 0.8426812962261383),
2026-07-09 02:56:09,137 | INFO | 	 'local_loss_weighted': [(5, 0.8426812962261383),
[92mINFO [0m:      	                         (10, 0.5390276743812319),
2026-07-09 02:56:09,137 | INFO | 	                         (10, 0.5390276743812319),
[92mINFO [0m:      	                         (15, 0.29932829997686794),
2026-07-09 02:56:09,137 | INFO | 	                         (15, 0.29932829997686794),
[92mINFO [0m:      	                         (20, 0.39988751371587844),
2026-07-09 02:56:09,137 | INFO | 	                         (20, 0.39988751371587844),
[92mINFO [0m:      	                         (25, 0.20592055655553024),
2026-07-09 02:56:09,137 | INFO | 	                         (25, 0.20592055655553024),
[92mINFO [0m:      	                         (30, 0.3019693133568993),
2026-07-09 02:56:09,137 | INFO | 	                         (30, 0.3019693133568993),
[92mINFO [0m:      	                         (35, 0.2556404540416142),
2026-07-09 02:56:09,137 | INFO | 	                         (35, 0.2556404540416142),
[92mINFO [0m:      	                         (40, 0.19969545331574906),
2026-07-09 02:56:09,138 | INFO | 	                         (40, 0.19969545331574906),
[92mINFO [0m:      	                         (45, 0.2209987117126615),
2026-07-09 02:56:09,138 | INFO | 	                         (45, 0.2209987117126615),
[92mINFO [0m:      	                         (50, 0.2122272862715207),
2026-07-09 02:56:09,138 | INFO | 	                         (50, 0.2122272862715207),
[92mINFO [0m:      	                         (55, 0.21037511619828073),
2026-07-09 02:56:09,138 | INFO | 	                         (55, 0.21037511619828073),
[92mINFO [0m:      	                         (60, 0.09886705815029051)],
2026-07-09 02:56:09,138 | INFO | 	                         (60, 0.09886705815029051)],
[92mINFO [0m:      	 'local_nll_mean': [(5, 1.2447580871119432),
2026-07-09 02:56:09,138 | INFO | 	 'local_nll_mean': [(5, 1.2447580871119432),
[92mINFO [0m:      	                    (10, 0.6093925496300794),
2026-07-09 02:56:09,138 | INFO | 	                    (10, 0.6093925496300794),
[92mINFO [0m:      	                    (15, 0.48061512875216406),
2026-07-09 02:56:09,138 | INFO | 	                    (15, 0.48061512875216406),
[92mINFO [0m:      	                    (20, 0.6585851322018575),
2026-07-09 02:56:09,138 | INFO | 	                    (20, 0.6585851322018575),
[92mINFO [0m:      	                    (25, 0.23667985661169216),
2026-07-09 02:56:09,138 | INFO | 	                    (25, 0.23667985661169216),
[92mINFO [0m:      	                    (30, 0.34451574157595044),
2026-07-09 02:56:09,138 | INFO | 	                    (30, 0.34451574157595044),
[92mINFO [0m:      	                    (35, 0.2822780082787364),
2026-07-09 02:56:09,138 | INFO | 	                    (35, 0.2822780082787364),
[92mINFO [0m:      	                    (40, 0.2882410802024375),
2026-07-09 02:56:09,138 | INFO | 	                    (40, 0.2882410802024375),
[92mINFO [0m:      	                    (45, 0.17874104175135408),
2026-07-09 02:56:09,138 | INFO | 	                    (45, 0.17874104175135408),
[92mINFO [0m:      	                    (50, 0.17821648527851836),
2026-07-09 02:56:09,138 | INFO | 	                    (50, 0.17821648527851836),
[92mINFO [0m:      	                    (55, 0.19369174041346432),
2026-07-09 02:56:09,138 | INFO | 	                    (55, 0.19369174041346432),
[92mINFO [0m:      	                    (60, 0.09506188195112243)],
2026-07-09 02:56:09,138 | INFO | 	                    (60, 0.09506188195112243)],
[92mINFO [0m:      	 'local_nll_std': [(5, 0.6039374729094845),
2026-07-09 02:56:09,138 | INFO | 	 'local_nll_std': [(5, 0.6039374729094845),
[92mINFO [0m:      	                   (10, 0.24149681051707572),
2026-07-09 02:56:09,138 | INFO | 	                   (10, 0.24149681051707572),
[92mINFO [0m:      	                   (15, 0.3783452336246823),
2026-07-09 02:56:09,138 | INFO | 	                   (15, 0.3783452336246823),
[92mINFO [0m:      	                   (20, 0.721975598702254),
2026-07-09 02:56:09,138 | INFO | 	                   (20, 0.721975598702254),
[92mINFO [0m:      	                   (25, 0.18598755706634312),
2026-07-09 02:56:09,138 | INFO | 	                   (25, 0.18598755706634312),
[92mINFO [0m:      	                   (30, 0.4348714969273603),
2026-07-09 02:56:09,138 | INFO | 	                   (30, 0.4348714969273603),
[92mINFO [0m:      	                   (35, 0.3107440299511799),
2026-07-09 02:56:09,138 | INFO | 	                   (35, 0.3107440299511799),
[92mINFO [0m:      	                   (40, 0.1585932217433725),
2026-07-09 02:56:09,138 | INFO | 	                   (40, 0.1585932217433725),
[92mINFO [0m:      	                   (45, 0.1767299940101669),
2026-07-09 02:56:09,138 | INFO | 	                   (45, 0.1767299940101669),
[92mINFO [0m:      	                   (50, 0.19592432751963462),
2026-07-09 02:56:09,138 | INFO | 	                   (50, 0.19592432751963462),
[92mINFO [0m:      	                   (55, 0.14652581443555268),
2026-07-09 02:56:09,138 | INFO | 	                   (55, 0.14652581443555268),
[92mINFO [0m:      	                   (60, 0.11667550089440812)],
2026-07-09 02:56:09,138 | INFO | 	                   (60, 0.11667550089440812)],
[92mINFO [0m:      	 'num_fit_failures': [(1, 0),
2026-07-09 02:56:09,138 | INFO | 	 'num_fit_failures': [(1, 0),
[92mINFO [0m:      	                      (2, 0),
2026-07-09 02:56:09,138 | INFO | 	                      (2, 0),
[92mINFO [0m:      	                      (3, 0),
2026-07-09 02:56:09,138 | INFO | 	                      (3, 0),
[92mINFO [0m:      	                      (4, 0),
2026-07-09 02:56:09,138 | INFO | 	                      (4, 0),
[92mINFO [0m:      	                      (5, 0),
2026-07-09 02:56:09,138 | INFO | 	                      (5, 0),
[92mINFO [0m:      	                      (6, 0),
2026-07-09 02:56:09,138 | INFO | 	                      (6, 0),
[92mINFO [0m:      	                      (7, 0),
2026-07-09 02:56:09,138 | INFO | 	                      (7, 0),
[92mINFO [0m:      	                      (8, 0),
2026-07-09 02:56:09,138 | INFO | 	                      (8, 0),
[92mINFO [0m:      	                      (9, 0),
2026-07-09 02:56:09,138 | INFO | 	                      (9, 0),
[92mINFO [0m:      	                      (10, 0),
2026-07-09 02:56:09,139 | INFO | 	                      (10, 0),
[92mINFO [0m:      	                      (11, 0),
2026-07-09 02:56:09,139 | INFO | 	                      (11, 0),
[92mINFO [0m:      	                      (12, 0),
2026-07-09 02:56:09,139 | INFO | 	                      (12, 0),
[92mINFO [0m:      	                      (13, 0),
2026-07-09 02:56:09,139 | INFO | 	                      (13, 0),
[92mINFO [0m:      	                      (14, 0),
2026-07-09 02:56:09,139 | INFO | 	                      (14, 0),
[92mINFO [0m:      	                      (15, 0),
2026-07-09 02:56:09,139 | INFO | 	                      (15, 0),
[92mINFO [0m:      	                      (16, 0),
2026-07-09 02:56:09,139 | INFO | 	                      (16, 0),
[92mINFO [0m:      	                      (17, 0),
2026-07-09 02:56:09,139 | INFO | 	                      (17, 0),
[92mINFO [0m:      	                      (18, 0),
2026-07-09 02:56:09,139 | INFO | 	                      (18, 0),
[92mINFO [0m:      	                      (19, 0),
2026-07-09 02:56:09,139 | INFO | 	                      (19, 0),
[92mINFO [0m:      	                      (20, 0),
2026-07-09 02:56:09,139 | INFO | 	                      (20, 0),
[92mINFO [0m:      	                      (21, 0),
2026-07-09 02:56:09,139 | INFO | 	                      (21, 0),
[92mINFO [0m:      	                      (22, 0),
2026-07-09 02:56:09,139 | INFO | 	                      (22, 0),
[92mINFO [0m:      	                      (23, 0),
2026-07-09 02:56:09,139 | INFO | 	                      (23, 0),
[92mINFO [0m:      	                      (24, 0),
2026-07-09 02:56:09,139 | INFO | 	                      (24, 0),
[92mINFO [0m:      	                      (25, 0),
2026-07-09 02:56:09,139 | INFO | 	                      (25, 0),
[92mINFO [0m:      	                      (26, 0),
2026-07-09 02:56:09,139 | INFO | 	                      (26, 0),
[92mINFO [0m:      	                      (27, 0),
2026-07-09 02:56:09,139 | INFO | 	                      (27, 0),
[92mINFO [0m:      	                      (28, 0),
2026-07-09 02:56:09,139 | INFO | 	                      (28, 0),
[92mINFO [0m:      	                      (29, 0),
2026-07-09 02:56:09,139 | INFO | 	                      (29, 0),
[92mINFO [0m:      	                      (30, 0),
2026-07-09 02:56:09,139 | INFO | 	                      (30, 0),
[92mINFO [0m:      	                      (31, 0),
2026-07-09 02:56:09,139 | INFO | 	                      (31, 0),
[92mINFO [0m:      	                      (32, 0),
2026-07-09 02:56:09,139 | INFO | 	                      (32, 0),
[92mINFO [0m:      	                      (33, 0),
2026-07-09 02:56:09,139 | INFO | 	                      (33, 0),
[92mINFO [0m:      	                      (34, 0),
2026-07-09 02:56:09,139 | INFO | 	                      (34, 0),
[92mINFO [0m:      	                      (35, 0),
2026-07-09 02:56:09,139 | INFO | 	                      (35, 0),
[92mINFO [0m:      	                      (36, 0),
2026-07-09 02:56:09,139 | INFO | 	                      (36, 0),
[92mINFO [0m:      	                      (37, 0),
2026-07-09 02:56:09,139 | INFO | 	                      (37, 0),
[92mINFO [0m:      	                      (38, 0),
2026-07-09 02:56:09,139 | INFO | 	                      (38, 0),
[92mINFO [0m:      	                      (39, 0),
2026-07-09 02:56:09,139 | INFO | 	                      (39, 0),
[92mINFO [0m:      	                      (40, 0),
2026-07-09 02:56:09,139 | INFO | 	                      (40, 0),
[92mINFO [0m:      	                      (41, 0),
2026-07-09 02:56:09,139 | INFO | 	                      (41, 0),
[92mINFO [0m:      	                      (42, 0),
2026-07-09 02:56:09,139 | INFO | 	                      (42, 0),
[92mINFO [0m:      	                      (43, 0),
2026-07-09 02:56:09,139 | INFO | 	                      (43, 0),
[92mINFO [0m:      	                      (44, 0),
2026-07-09 02:56:09,139 | INFO | 	                      (44, 0),
[92mINFO [0m:      	                      (45, 0),
2026-07-09 02:56:09,139 | INFO | 	                      (45, 0),
[92mINFO [0m:      	                      (46, 0),
2026-07-09 02:56:09,139 | INFO | 	                      (46, 0),
[92mINFO [0m:      	                      (47, 0),
2026-07-09 02:56:09,139 | INFO | 	                      (47, 0),
[92mINFO [0m:      	                      (48, 0),
2026-07-09 02:56:09,139 | INFO | 	                      (48, 0),
[92mINFO [0m:      	                      (49, 0),
2026-07-09 02:56:09,140 | INFO | 	                      (49, 0),
[92mINFO [0m:      	                      (50, 0),
2026-07-09 02:56:09,140 | INFO | 	                      (50, 0),
[92mINFO [0m:      	                      (51, 0),
2026-07-09 02:56:09,140 | INFO | 	                      (51, 0),
[92mINFO [0m:      	                      (52, 0),
2026-07-09 02:56:09,140 | INFO | 	                      (52, 0),
[92mINFO [0m:      	                      (53, 0),
2026-07-09 02:56:09,140 | INFO | 	                      (53, 0),
[92mINFO [0m:      	                      (54, 0),
2026-07-09 02:56:09,140 | INFO | 	                      (54, 0),
[92mINFO [0m:      	                      (55, 0),
2026-07-09 02:56:09,140 | INFO | 	                      (55, 0),
[92mINFO [0m:      	                      (56, 0),
2026-07-09 02:56:09,140 | INFO | 	                      (56, 0),
[92mINFO [0m:      	                      (57, 0),
2026-07-09 02:56:09,140 | INFO | 	                      (57, 0),
[92mINFO [0m:      	                      (58, 0),
2026-07-09 02:56:09,140 | INFO | 	                      (58, 0),
[92mINFO [0m:      	                      (59, 0),
2026-07-09 02:56:09,140 | INFO | 	                      (59, 0),
[92mINFO [0m:      	                      (60, 0)],
2026-07-09 02:56:09,140 | INFO | 	                      (60, 0)],
[92mINFO [0m:      	 'posterior_product_mu_norm': [(1, 6.875685032268099),
2026-07-09 02:56:09,140 | INFO | 	 'posterior_product_mu_norm': [(1, 6.875685032268099),
[92mINFO [0m:      	                               (2, 6.981358621524017),
2026-07-09 02:56:09,140 | INFO | 	                               (2, 6.981358621524017),
[92mINFO [0m:      	                               (3, 7.0604126254029085),
2026-07-09 02:56:09,140 | INFO | 	                               (3, 7.0604126254029085),
[92mINFO [0m:      	                               (4, 7.178678267913652),
2026-07-09 02:56:09,140 | INFO | 	                               (4, 7.178678267913652),
[92mINFO [0m:      	                               (5, 7.2684031430032885),
2026-07-09 02:56:09,140 | INFO | 	                               (5, 7.2684031430032885),
[92mINFO [0m:      	                               (6, 7.35907319096671),
2026-07-09 02:56:09,140 | INFO | 	                               (6, 7.35907319096671),
[92mINFO [0m:      	                               (7, 7.467357359264928),
2026-07-09 02:56:09,140 | INFO | 	                               (7, 7.467357359264928),
[92mINFO [0m:      	                               (8, 7.572445891260535),
2026-07-09 02:56:09,140 | INFO | 	                               (8, 7.572445891260535),
[92mINFO [0m:      	                               (9, 7.67964892327176),
2026-07-09 02:56:09,140 | INFO | 	                               (9, 7.67964892327176),
[92mINFO [0m:      	                               (10, 7.754183654435575),
2026-07-09 02:56:09,140 | INFO | 	                               (10, 7.754183654435575),
[92mINFO [0m:      	                               (11, 7.855361147881171),
2026-07-09 02:56:09,140 | INFO | 	                               (11, 7.855361147881171),
[92mINFO [0m:      	                               (12, 7.9465433554627625),
2026-07-09 02:56:09,140 | INFO | 	                               (12, 7.9465433554627625),
[92mINFO [0m:      	                               (13, 8.016193781107626),
2026-07-09 02:56:09,140 | INFO | 	                               (13, 8.016193781107626),
[92mINFO [0m:      	                               (14, 8.11408092891353),
2026-07-09 02:56:09,140 | INFO | 	                               (14, 8.11408092891353),
[92mINFO [0m:      	                               (15, 8.203006991875728),
2026-07-09 02:56:09,140 | INFO | 	                               (15, 8.203006991875728),
[92mINFO [0m:      	                               (16, 8.351096422459301),
2026-07-09 02:56:09,140 | INFO | 	                               (16, 8.351096422459301),
[92mINFO [0m:      	                               (17, 8.433125371706081),
2026-07-09 02:56:09,140 | INFO | 	                               (17, 8.433125371706081),
[92mINFO [0m:      	                               (18, 8.531305583732813),
2026-07-09 02:56:09,140 | INFO | 	                               (18, 8.531305583732813),
[92mINFO [0m:      	                               (19, 8.615199597388225),
2026-07-09 02:56:09,140 | INFO | 	                               (19, 8.615199597388225),
[92mINFO [0m:      	                               (20, 8.705006084643557),
2026-07-09 02:56:09,140 | INFO | 	                               (20, 8.705006084643557),
[92mINFO [0m:      	                               (21, 8.836089169322523),
2026-07-09 02:56:09,140 | INFO | 	                               (21, 8.836089169322523),
[92mINFO [0m:      	                               (22, 8.940058549853834),
2026-07-09 02:56:09,140 | INFO | 	                               (22, 8.940058549853834),
[92mINFO [0m:      	                               (23, 9.041109329451478),
2026-07-09 02:56:09,140 | INFO | 	                               (23, 9.041109329451478),
[92mINFO [0m:      	                               (24, 9.145250076044569),
2026-07-09 02:56:09,140 | INFO | 	                               (24, 9.145250076044569),
[92mINFO [0m:      	                               (25, 9.234661958363924),
2026-07-09 02:56:09,140 | INFO | 	                               (25, 9.234661958363924),
[92mINFO [0m:      	                               (26, 9.328555354557809),
2026-07-09 02:56:09,140 | INFO | 	                               (26, 9.328555354557809),
[92mINFO [0m:      	                               (27, 9.43841038723228),
2026-07-09 02:56:09,140 | INFO | 	                               (27, 9.43841038723228),
[92mINFO [0m:      	                               (28, 9.578541714115437),
2026-07-09 02:56:09,141 | INFO | 	                               (28, 9.578541714115437),
[92mINFO [0m:      	                               (29, 9.684183998383219),
2026-07-09 02:56:09,141 | INFO | 	                               (29, 9.684183998383219),
[92mINFO [0m:      	                               (30, 9.77580266338906),
2026-07-09 02:56:09,141 | INFO | 	                               (30, 9.77580266338906),
[92mINFO [0m:      	                               (31, 9.850764827338603),
2026-07-09 02:56:09,141 | INFO | 	                               (31, 9.850764827338603),
[92mINFO [0m:      	                               (32, 9.934396877703133),
2026-07-09 02:56:09,141 | INFO | 	                               (32, 9.934396877703133),
[92mINFO [0m:      	                               (33, 10.010489152692058),
2026-07-09 02:56:09,141 | INFO | 	                               (33, 10.010489152692058),
[92mINFO [0m:      	                               (34, 10.076532863726104),
2026-07-09 02:56:09,141 | INFO | 	                               (34, 10.076532863726104),
[92mINFO [0m:      	                               (35, 10.201871932736593),
2026-07-09 02:56:09,141 | INFO | 	                               (35, 10.201871932736593),
[92mINFO [0m:      	                               (36, 10.291298157439497),
2026-07-09 02:56:09,141 | INFO | 	                               (36, 10.291298157439497),
[92mINFO [0m:      	                               (37, 10.357054929220078),
2026-07-09 02:56:09,141 | INFO | 	                               (37, 10.357054929220078),
[92mINFO [0m:      	                               (38, 10.429889875225276),
2026-07-09 02:56:09,141 | INFO | 	                               (38, 10.429889875225276),
[92mINFO [0m:      	                               (39, 10.507111785628727),
2026-07-09 02:56:09,141 | INFO | 	                               (39, 10.507111785628727),
[92mINFO [0m:      	                               (40, 10.594388593586128),
2026-07-09 02:56:09,141 | INFO | 	                               (40, 10.594388593586128),
[92mINFO [0m:      	                               (41, 10.673376448368492),
2026-07-09 02:56:09,141 | INFO | 	                               (41, 10.673376448368492),
[92mINFO [0m:      	                               (42, 10.783107690707752),
2026-07-09 02:56:09,141 | INFO | 	                               (42, 10.783107690707752),
[92mINFO [0m:      	                               (43, 10.860758035957573),
2026-07-09 02:56:09,141 | INFO | 	                               (43, 10.860758035957573),
[92mINFO [0m:      	                               (44, 10.970487463290954),
2026-07-09 02:56:09,141 | INFO | 	                               (44, 10.970487463290954),
[92mINFO [0m:      	                               (45, 11.089289423283327),
2026-07-09 02:56:09,141 | INFO | 	                               (45, 11.089289423283327),
[92mINFO [0m:      	                               (46, 11.201517673259936),
2026-07-09 02:56:09,141 | INFO | 	                               (46, 11.201517673259936),
[92mINFO [0m:      	                               (47, 11.28674988546004),
2026-07-09 02:56:09,141 | INFO | 	                               (47, 11.28674988546004),
[92mINFO [0m:      	                               (48, 11.360010898068813),
2026-07-09 02:56:09,141 | INFO | 	                               (48, 11.360010898068813),
[92mINFO [0m:      	                               (49, 11.430285768466947),
2026-07-09 02:56:09,141 | INFO | 	                               (49, 11.430285768466947),
[92mINFO [0m:      	                               (50, 11.513008871510019),
2026-07-09 02:56:09,141 | INFO | 	                               (50, 11.513008871510019),
[92mINFO [0m:      	                               (51, 11.593703858713736),
2026-07-09 02:56:09,141 | INFO | 	                               (51, 11.593703858713736),
[92mINFO [0m:      	                               (52, 11.69405422146789),
2026-07-09 02:56:09,141 | INFO | 	                               (52, 11.69405422146789),
[92mINFO [0m:      	                               (53, 11.782226611213483),
2026-07-09 02:56:09,141 | INFO | 	                               (53, 11.782226611213483),
[92mINFO [0m:      	                               (54, 11.852313193818684),
2026-07-09 02:56:09,141 | INFO | 	                               (54, 11.852313193818684),
[92mINFO [0m:      	                               (55, 11.938534616926367),
2026-07-09 02:56:09,141 | INFO | 	                               (55, 11.938534616926367),
[92mINFO [0m:      	                               (56, 12.033502088317386),
2026-07-09 02:56:09,141 | INFO | 	                               (56, 12.033502088317386),
[92mINFO [0m:      	                               (57, 12.122440996021458),
2026-07-09 02:56:09,141 | INFO | 	                               (57, 12.122440996021458),
[92mINFO [0m:      	                               (58, 12.194408806832172),
2026-07-09 02:56:09,141 | INFO | 	                               (58, 12.194408806832172),
[92mINFO [0m:      	                               (59, 12.260297316655738),
2026-07-09 02:56:09,141 | INFO | 	                               (59, 12.260297316655738),
[92mINFO [0m:      	                               (60, 12.32884672998169)],
2026-07-09 02:56:09,141 | INFO | 	                               (60, 12.32884672998169)],
[92mINFO [0m:      	 'posterior_product_precision_mean': [(1, 2454.1904296875),
2026-07-09 02:56:09,141 | INFO | 	 'posterior_product_precision_mean': [(1, 2454.1904296875),
[92mINFO [0m:      	                                      (2, 2408.0732421875),
2026-07-09 02:56:09,141 | INFO | 	                                      (2, 2408.0732421875),
[92mINFO [0m:      	                                      (3, 2369.767333984375),
2026-07-09 02:56:09,141 | INFO | 	                                      (3, 2369.767333984375),
[92mINFO [0m:      	                                      (4, 2321.78125),
2026-07-09 02:56:09,141 | INFO | 	                                      (4, 2321.78125),
[92mINFO [0m:      	                                      (5, 2286.126953125),
2026-07-09 02:56:09,141 | INFO | 	                                      (5, 2286.126953125),
[92mINFO [0m:      	                                      (6, 2244.8037109375),
2026-07-09 02:56:09,141 | INFO | 	                                      (6, 2244.8037109375),
[92mINFO [0m:      	                                      (7, 2198.92333984375),
2026-07-09 02:56:09,142 | INFO | 	                                      (7, 2198.92333984375),
[92mINFO [0m:      	                                      (8, 2155.92724609375),
2026-07-09 02:56:09,142 | INFO | 	                                      (8, 2155.92724609375),
[92mINFO [0m:      	                                      (9, 2121.763916015625),
2026-07-09 02:56:09,142 | INFO | 	                                      (9, 2121.763916015625),
[92mINFO [0m:      	                                      (10, 2085.174072265625),
2026-07-09 02:56:09,142 | INFO | 	                                      (10, 2085.174072265625),
[92mINFO [0m:      	                                      (11, 2040.8944091796875),
2026-07-09 02:56:09,142 | INFO | 	                                      (11, 2040.8944091796875),
[92mINFO [0m:      	                                      (12, 2006.94775390625),
2026-07-09 02:56:09,142 | INFO | 	                                      (12, 2006.94775390625),
[92mINFO [0m:      	                                      (13, 1977.47412109375),
2026-07-09 02:56:09,142 | INFO | 	                                      (13, 1977.47412109375),
[92mINFO [0m:      	                                      (14, 1948.7618408203125),
2026-07-09 02:56:09,142 | INFO | 	                                      (14, 1948.7618408203125),
[92mINFO [0m:      	                                      (15, 1918.7530517578125),
2026-07-09 02:56:09,142 | INFO | 	                                      (15, 1918.7530517578125),
[92mINFO [0m:      	                                      (16, 1878.4951171875),
2026-07-09 02:56:09,142 | INFO | 	                                      (16, 1878.4951171875),
[92mINFO [0m:      	                                      (17, 1847.0347900390625),
2026-07-09 02:56:09,142 | INFO | 	                                      (17, 1847.0347900390625),
[92mINFO [0m:      	                                      (18, 1815.6556396484375),
2026-07-09 02:56:09,142 | INFO | 	                                      (18, 1815.6556396484375),
[92mINFO [0m:      	                                      (19, 1781.3092041015625),
2026-07-09 02:56:09,142 | INFO | 	                                      (19, 1781.3092041015625),
[92mINFO [0m:      	                                      (20, 1747.9736328125),
2026-07-09 02:56:09,142 | INFO | 	                                      (20, 1747.9736328125),
[92mINFO [0m:      	                                      (21, 1708.596435546875),
2026-07-09 02:56:09,142 | INFO | 	                                      (21, 1708.596435546875),
[92mINFO [0m:      	                                      (22, 1683.6759033203125),
2026-07-09 02:56:09,142 | INFO | 	                                      (22, 1683.6759033203125),
[92mINFO [0m:      	                                      (23, 1656.9703369140625),
2026-07-09 02:56:09,142 | INFO | 	                                      (23, 1656.9703369140625),
[92mINFO [0m:      	                                      (24, 1618.173828125),
2026-07-09 02:56:09,142 | INFO | 	                                      (24, 1618.173828125),
[92mINFO [0m:      	                                      (25, 1589.56884765625),
2026-07-09 02:56:09,142 | INFO | 	                                      (25, 1589.56884765625),
[92mINFO [0m:      	                                      (26, 1564.287353515625),
2026-07-09 02:56:09,142 | INFO | 	                                      (26, 1564.287353515625),
[92mINFO [0m:      	                                      (27, 1532.85986328125),
2026-07-09 02:56:09,142 | INFO | 	                                      (27, 1532.85986328125),
[92mINFO [0m:      	                                      (28, 1501.8699951171875),
2026-07-09 02:56:09,142 | INFO | 	                                      (28, 1501.8699951171875),
[92mINFO [0m:      	                                      (29, 1469.5350341796875),
2026-07-09 02:56:09,142 | INFO | 	                                      (29, 1469.5350341796875),
[92mINFO [0m:      	                                      (30, 1442.6202392578125),
2026-07-09 02:56:09,142 | INFO | 	                                      (30, 1442.6202392578125),
[92mINFO [0m:      	                                      (31, 1415.6656494140625),
2026-07-09 02:56:09,142 | INFO | 	                                      (31, 1415.6656494140625),
[92mINFO [0m:      	                                      (32, 1384.921142578125),
2026-07-09 02:56:09,142 | INFO | 	                                      (32, 1384.921142578125),
[92mINFO [0m:      	                                      (33, 1356.0115966796875),
2026-07-09 02:56:09,142 | INFO | 	                                      (33, 1356.0115966796875),
[92mINFO [0m:      	                                      (34, 1323.96826171875),
2026-07-09 02:56:09,142 | INFO | 	                                      (34, 1323.96826171875),
[92mINFO [0m:      	                                      (35, 1296.7757568359375),
2026-07-09 02:56:09,142 | INFO | 	                                      (35, 1296.7757568359375),
[92mINFO [0m:      	                                      (36, 1276.6185302734375),
2026-07-09 02:56:09,142 | INFO | 	                                      (36, 1276.6185302734375),
[92mINFO [0m:      	                                      (37, 1248.864013671875),
2026-07-09 02:56:09,142 | INFO | 	                                      (37, 1248.864013671875),
[92mINFO [0m:      	                                      (38, 1222.953369140625),
2026-07-09 02:56:09,142 | INFO | 	                                      (38, 1222.953369140625),
[92mINFO [0m:      	                                      (39, 1196.7086181640625),
2026-07-09 02:56:09,142 | INFO | 	                                      (39, 1196.7086181640625),
[92mINFO [0m:      	                                      (40, 1173.311279296875),
2026-07-09 02:56:09,142 | INFO | 	                                      (40, 1173.311279296875),
[92mINFO [0m:      	                                      (41, 1152.355224609375),
2026-07-09 02:56:09,142 | INFO | 	                                      (41, 1152.355224609375),
[92mINFO [0m:      	                                      (42, 1128.645263671875),
2026-07-09 02:56:09,142 | INFO | 	                                      (42, 1128.645263671875),
[92mINFO [0m:      	                                      (43, 1103.19140625),
2026-07-09 02:56:09,142 | INFO | 	                                      (43, 1103.19140625),
[92mINFO [0m:      	                                      (44, 1081.6171875),
2026-07-09 02:56:09,142 | INFO | 	                                      (44, 1081.6171875),
[92mINFO [0m:      	                                      (45, 1060.302490234375),
2026-07-09 02:56:09,142 | INFO | 	                                      (45, 1060.302490234375),
[92mINFO [0m:      	                                      (46, 1037.6263427734375),
2026-07-09 02:56:09,143 | INFO | 	                                      (46, 1037.6263427734375),
[92mINFO [0m:      	                                      (47, 1016.137939453125),
2026-07-09 02:56:09,143 | INFO | 	                                      (47, 1016.137939453125),
[92mINFO [0m:      	                                      (48, 994.017578125),
2026-07-09 02:56:09,143 | INFO | 	                                      (48, 994.017578125),
[92mINFO [0m:      	                                      (49, 973.9723510742188),
2026-07-09 02:56:09,143 | INFO | 	                                      (49, 973.9723510742188),
[92mINFO [0m:      	                                      (50, 957.0062866210938),
2026-07-09 02:56:09,143 | INFO | 	                                      (50, 957.0062866210938),
[92mINFO [0m:      	                                      (51, 940.3256225585938),
2026-07-09 02:56:09,143 | INFO | 	                                      (51, 940.3256225585938),
[92mINFO [0m:      	                                      (52, 920.3609619140625),
2026-07-09 02:56:09,143 | INFO | 	                                      (52, 920.3609619140625),
[92mINFO [0m:      	                                      (53, 903.8449096679688),
2026-07-09 02:56:09,143 | INFO | 	                                      (53, 903.8449096679688),
[92mINFO [0m:      	                                      (54, 885.624755859375),
2026-07-09 02:56:09,143 | INFO | 	                                      (54, 885.624755859375),
[92mINFO [0m:      	                                      (55, 867.2525634765625),
2026-07-09 02:56:09,143 | INFO | 	                                      (55, 867.2525634765625),
[92mINFO [0m:      	                                      (56, 851.892333984375),
2026-07-09 02:56:09,143 | INFO | 	                                      (56, 851.892333984375),
[92mINFO [0m:      	                                      (57, 835.0034790039062),
2026-07-09 02:56:09,143 | INFO | 	                                      (57, 835.0034790039062),
[92mINFO [0m:      	                                      (58, 819.6972045898438),
2026-07-09 02:56:09,143 | INFO | 	                                      (58, 819.6972045898438),
[92mINFO [0m:      	                                      (59, 801.473388671875),
2026-07-09 02:56:09,143 | INFO | 	                                      (59, 801.473388671875),
[92mINFO [0m:      	                                      (60, 788.2694702148438)],
2026-07-09 02:56:09,143 | INFO | 	                                      (60, 788.2694702148438)],
[92mINFO [0m:      	 'posterior_product_precision_std': [(1, 41.38632583618164),
2026-07-09 02:56:09,143 | INFO | 	 'posterior_product_precision_std': [(1, 41.38632583618164),
[92mINFO [0m:      	                                     (2, 69.44556427001953),
2026-07-09 02:56:09,143 | INFO | 	                                     (2, 69.44556427001953),
[92mINFO [0m:      	                                     (3, 74.39305114746094),
2026-07-09 02:56:09,143 | INFO | 	                                     (3, 74.39305114746094),
[92mINFO [0m:      	                                     (4, 96.74080657958984),
2026-07-09 02:56:09,143 | INFO | 	                                     (4, 96.74080657958984),
[92mINFO [0m:      	                                     (5, 99.99806213378906),
2026-07-09 02:56:09,143 | INFO | 	                                     (5, 99.99806213378906),
[92mINFO [0m:      	                                     (6, 106.32717895507812),
2026-07-09 02:56:09,143 | INFO | 	                                     (6, 106.32717895507812),
[92mINFO [0m:      	                                     (7, 114.68183898925781),
2026-07-09 02:56:09,143 | INFO | 	                                     (7, 114.68183898925781),
[92mINFO [0m:      	                                     (8, 123.67240905761719),
2026-07-09 02:56:09,143 | INFO | 	                                     (8, 123.67240905761719),
[92mINFO [0m:      	                                     (9, 125.37100982666016),
2026-07-09 02:56:09,143 | INFO | 	                                     (9, 125.37100982666016),
[92mINFO [0m:      	                                     (10, 126.19904327392578),
2026-07-09 02:56:09,143 | INFO | 	                                     (10, 126.19904327392578),
[92mINFO [0m:      	                                     (11, 134.27276611328125),
2026-07-09 02:56:09,143 | INFO | 	                                     (11, 134.27276611328125),
[92mINFO [0m:      	                                     (12, 135.0948028564453),
2026-07-09 02:56:09,143 | INFO | 	                                     (12, 135.0948028564453),
[92mINFO [0m:      	                                     (13, 134.76962280273438),
2026-07-09 02:56:09,143 | INFO | 	                                     (13, 134.76962280273438),
[92mINFO [0m:      	                                     (14, 135.3079833984375),
2026-07-09 02:56:09,143 | INFO | 	                                     (14, 135.3079833984375),
[92mINFO [0m:      	                                     (15, 135.608642578125),
2026-07-09 02:56:09,143 | INFO | 	                                     (15, 135.608642578125),
[92mINFO [0m:      	                                     (16, 148.011474609375),
2026-07-09 02:56:09,143 | INFO | 	                                     (16, 148.011474609375),
[92mINFO [0m:      	                                     (17, 147.9004669189453),
2026-07-09 02:56:09,143 | INFO | 	                                     (17, 147.9004669189453),
[92mINFO [0m:      	                                     (18, 147.9352264404297),
2026-07-09 02:56:09,143 | INFO | 	                                     (18, 147.9352264404297),
[92mINFO [0m:      	                                     (19, 149.66993713378906),
2026-07-09 02:56:09,143 | INFO | 	                                     (19, 149.66993713378906),
[92mINFO [0m:      	                                     (20, 150.4840087890625),
2026-07-09 02:56:09,143 | INFO | 	                                     (20, 150.4840087890625),
[92mINFO [0m:      	                                     (21, 156.73341369628906),
2026-07-09 02:56:09,143 | INFO | 	                                     (21, 156.73341369628906),
[92mINFO [0m:      	                                     (22, 156.19825744628906),
2026-07-09 02:56:09,143 | INFO | 	                                     (22, 156.19825744628906),
[92mINFO [0m:      	                                     (23, 155.84825134277344),
2026-07-09 02:56:09,143 | INFO | 	                                     (23, 155.84825134277344),
[92mINFO [0m:      	                                     (24, 158.95974731445312),
2026-07-09 02:56:09,143 | INFO | 	                                     (24, 158.95974731445312),
[92mINFO [0m:      	                                     (25, 158.44015502929688),
2026-07-09 02:56:09,144 | INFO | 	                                     (25, 158.44015502929688),
[92mINFO [0m:      	                                     (26, 157.57052612304688),
2026-07-09 02:56:09,144 | INFO | 	                                     (26, 157.57052612304688),
[92mINFO [0m:      	                                     (27, 158.03663635253906),
2026-07-09 02:56:09,144 | INFO | 	                                     (27, 158.03663635253906),
[92mINFO [0m:      	                                     (28, 159.69032287597656),
2026-07-09 02:56:09,144 | INFO | 	                                     (28, 159.69032287597656),
[92mINFO [0m:      	                                     (29, 161.8654327392578),
2026-07-09 02:56:09,144 | INFO | 	                                     (29, 161.8654327392578),
[92mINFO [0m:      	                                     (30, 161.90728759765625),
2026-07-09 02:56:09,144 | INFO | 	                                     (30, 161.90728759765625),
[92mINFO [0m:      	                                     (31, 160.95806884765625),
2026-07-09 02:56:09,144 | INFO | 	                                     (31, 160.95806884765625),
[92mINFO [0m:      	                                     (32, 160.18411254882812),
2026-07-09 02:56:09,144 | INFO | 	                                     (32, 160.18411254882812),
[92mINFO [0m:      	                                     (33, 159.96029663085938),
2026-07-09 02:56:09,144 | INFO | 	                                     (33, 159.96029663085938),
[92mINFO [0m:      	                                     (34, 159.12106323242188),
2026-07-09 02:56:09,144 | INFO | 	                                     (34, 159.12106323242188),
[92mINFO [0m:      	                                     (35, 159.82119750976562),
2026-07-09 02:56:09,144 | INFO | 	                                     (35, 159.82119750976562),
[92mINFO [0m:      	                                     (36, 158.3881378173828),
2026-07-09 02:56:09,144 | INFO | 	                                     (36, 158.3881378173828),
[92mINFO [0m:      	                                     (37, 156.7994384765625),
2026-07-09 02:56:09,144 | INFO | 	                                     (37, 156.7994384765625),
[92mINFO [0m:      	                                     (38, 155.42977905273438),
2026-07-09 02:56:09,144 | INFO | 	                                     (38, 155.42977905273438),
[92mINFO [0m:      	                                     (39, 154.74649047851562),
2026-07-09 02:56:09,144 | INFO | 	                                     (39, 154.74649047851562),
[92mINFO [0m:      	                                     (40, 153.3190155029297),
2026-07-09 02:56:09,144 | INFO | 	                                     (40, 153.3190155029297),
[92mINFO [0m:      	                                     (41, 151.69613647460938),
2026-07-09 02:56:09,144 | INFO | 	                                     (41, 151.69613647460938),
[92mINFO [0m:      	                                     (42, 151.47508239746094),
2026-07-09 02:56:09,144 | INFO | 	                                     (42, 151.47508239746094),
[92mINFO [0m:      	                                     (43, 150.48390197753906),
2026-07-09 02:56:09,144 | INFO | 	                                     (43, 150.48390197753906),
[92mINFO [0m:      	                                     (44, 149.58485412597656),
2026-07-09 02:56:09,144 | INFO | 	                                     (44, 149.58485412597656),
[92mINFO [0m:      	                                     (45, 150.1538848876953),
2026-07-09 02:56:09,144 | INFO | 	                                     (45, 150.1538848876953),
[92mINFO [0m:      	                                     (46, 150.12796020507812),
2026-07-09 02:56:09,144 | INFO | 	                                     (46, 150.12796020507812),
[92mINFO [0m:      	                                     (47, 148.48709106445312),
2026-07-09 02:56:09,144 | INFO | 	                                     (47, 148.48709106445312),
[92mINFO [0m:      	                                     (48, 146.61627197265625),
2026-07-09 02:56:09,144 | INFO | 	                                     (48, 146.61627197265625),
[92mINFO [0m:      	                                     (49, 144.68028259277344),
2026-07-09 02:56:09,144 | INFO | 	                                     (49, 144.68028259277344),
[92mINFO [0m:      	                                     (50, 143.0474853515625),
2026-07-09 02:56:09,144 | INFO | 	                                     (50, 143.0474853515625),
[92mINFO [0m:      	                                     (51, 141.38674926757812),
2026-07-09 02:56:09,144 | INFO | 	                                     (51, 141.38674926757812),
[92mINFO [0m:      	                                     (52, 140.93902587890625),
2026-07-09 02:56:09,144 | INFO | 	                                     (52, 140.93902587890625),
[92mINFO [0m:      	                                     (53, 139.02903747558594),
2026-07-09 02:56:09,144 | INFO | 	                                     (53, 139.02903747558594),
[92mINFO [0m:      	                                     (54, 137.39120483398438),
2026-07-09 02:56:09,144 | INFO | 	                                     (54, 137.39120483398438),
[92mINFO [0m:      	                                     (55, 136.06996154785156),
2026-07-09 02:56:09,144 | INFO | 	                                     (55, 136.06996154785156),
[92mINFO [0m:      	                                     (56, 134.53179931640625),
2026-07-09 02:56:09,144 | INFO | 	                                     (56, 134.53179931640625),
[92mINFO [0m:      	                                     (57, 133.2291259765625),
2026-07-09 02:56:09,144 | INFO | 	                                     (57, 133.2291259765625),
[92mINFO [0m:      	                                     (58, 131.4342803955078),
2026-07-09 02:56:09,144 | INFO | 	                                     (58, 131.4342803955078),
[92mINFO [0m:      	                                     (59, 129.5398712158203),
2026-07-09 02:56:09,144 | INFO | 	                                     (59, 129.5398712158203),
[92mINFO [0m:      	                                     (60, 127.74346160888672)],
2026-07-09 02:56:09,144 | INFO | 	                                     (60, 127.74346160888672)],
[92mINFO [0m:      	 'posterior_product_sigma_mean': [(1, 0.020187951624393463),
2026-07-09 02:56:09,144 | INFO | 	 'posterior_product_sigma_mean': [(1, 0.020187951624393463),
[92mINFO [0m:      	                                  (2, 0.020384537056088448),
2026-07-09 02:56:09,144 | INFO | 	                                  (2, 0.020384537056088448),
[92mINFO [0m:      	                                  (3, 0.02054981328547001),
2026-07-09 02:56:09,144 | INFO | 	                                  (3, 0.02054981328547001),
[92mINFO [0m:      	                                  (4, 0.020766951143741608),
2026-07-09 02:56:09,145 | INFO | 	                                  (4, 0.020766951143741608),
[92mINFO [0m:      	                                  (5, 0.020929649472236633),
2026-07-09 02:56:09,145 | INFO | 	                                  (5, 0.020929649472236633),
[92mINFO [0m:      	                                  (6, 0.02112402208149433),
2026-07-09 02:56:09,145 | INFO | 	                                  (6, 0.02112402208149433),
[92mINFO [0m:      	                                  (7, 0.02134706638753414),
2026-07-09 02:56:09,145 | INFO | 	                                  (7, 0.02134706638753414),
[92mINFO [0m:      	                                  (8, 0.02156347781419754),
2026-07-09 02:56:09,145 | INFO | 	                                  (8, 0.02156347781419754),
[92mINFO [0m:      	                                  (9, 0.021738020703196526),
2026-07-09 02:56:09,145 | INFO | 	                                  (9, 0.021738020703196526),
[92mINFO [0m:      	                                  (10, 0.021929331123828888),
2026-07-09 02:56:09,145 | INFO | 	                                  (10, 0.021929331123828888),
[92mINFO [0m:      	                                  (11, 0.02217147685587406),
2026-07-09 02:56:09,145 | INFO | 	                                  (11, 0.02217147685587406),
[92mINFO [0m:      	                                  (12, 0.02235988900065422),
2026-07-09 02:56:09,145 | INFO | 	                                  (12, 0.02235988900065422),
[92mINFO [0m:      	                                  (13, 0.022526850923895836),
2026-07-09 02:56:09,145 | INFO | 	                                  (13, 0.022526850923895836),
[92mINFO [0m:      	                                  (14, 0.022693689912557602),
2026-07-09 02:56:09,145 | INFO | 	                                  (14, 0.022693689912557602),
[92mINFO [0m:      	                                  (15, 0.022871950641274452),
2026-07-09 02:56:09,145 | INFO | 	                                  (15, 0.022871950641274452),
[92mINFO [0m:      	                                  (16, 0.023126253858208656),
2026-07-09 02:56:09,145 | INFO | 	                                  (16, 0.023126253858208656),
[92mINFO [0m:      	                                  (17, 0.0233241505920887),
2026-07-09 02:56:09,145 | INFO | 	                                  (17, 0.0233241505920887),
[92mINFO [0m:      	                                  (18, 0.023526808246970177),
2026-07-09 02:56:09,145 | INFO | 	                                  (18, 0.023526808246970177),
[92mINFO [0m:      	                                  (19, 0.023756304755806923),
2026-07-09 02:56:09,145 | INFO | 	                                  (19, 0.023756304755806923),
[92mINFO [0m:      	                                  (20, 0.02398490346968174),
2026-07-09 02:56:09,145 | INFO | 	                                  (20, 0.02398490346968174),
[92mINFO [0m:      	                                  (21, 0.024268873035907745),
2026-07-09 02:56:09,145 | INFO | 	                                  (21, 0.024268873035907745),
[92mINFO [0m:      	                                  (22, 0.02444956637918949),
2026-07-09 02:56:09,145 | INFO | 	                                  (22, 0.02444956637918949),
[92mINFO [0m:      	                                  (23, 0.024647990241646767),
2026-07-09 02:56:09,145 | INFO | 	                                  (23, 0.024647990241646767),
[92mINFO [0m:      	                                  (24, 0.02494916319847107),
2026-07-09 02:56:09,145 | INFO | 	                                  (24, 0.02494916319847107),
[92mINFO [0m:      	                                  (25, 0.0251753106713295),
2026-07-09 02:56:09,145 | INFO | 	                                  (25, 0.0251753106713295),
[92mINFO [0m:      	                                  (26, 0.02537991851568222),
2026-07-09 02:56:09,145 | INFO | 	                                  (26, 0.02537991851568222),
[92mINFO [0m:      	                                  (27, 0.025643358007073402),
2026-07-09 02:56:09,145 | INFO | 	                                  (27, 0.025643358007073402),
[92mINFO [0m:      	                                  (28, 0.025913085788488388),
2026-07-09 02:56:09,145 | INFO | 	                                  (28, 0.025913085788488388),
[92mINFO [0m:      	                                  (29, 0.026204664260149002),
2026-07-09 02:56:09,145 | INFO | 	                                  (29, 0.026204664260149002),
[92mINFO [0m:      	                                  (30, 0.02645251341164112),
2026-07-09 02:56:09,145 | INFO | 	                                  (30, 0.02645251341164112),
[92mINFO [0m:      	                                  (31, 0.026706447824835777),
2026-07-09 02:56:09,145 | INFO | 	                                  (31, 0.026706447824835777),
[92mINFO [0m:      	                                  (32, 0.027005773037672043),
2026-07-09 02:56:09,145 | INFO | 	                                  (32, 0.027005773037672043),
[92mINFO [0m:      	                                  (33, 0.0272976066917181),
2026-07-09 02:56:09,145 | INFO | 	                                  (33, 0.0272976066917181),
[92mINFO [0m:      	                                  (34, 0.027631349861621857),
2026-07-09 02:56:09,145 | INFO | 	                                  (34, 0.027631349861621857),
[92mINFO [0m:      	                                  (35, 0.02792728692293167),
2026-07-09 02:56:09,145 | INFO | 	                                  (35, 0.02792728692293167),
[92mINFO [0m:      	                                  (36, 0.028149018064141273),
2026-07-09 02:56:09,145 | INFO | 	                                  (36, 0.028149018064141273),
[92mINFO [0m:      	                                  (37, 0.02846391871571541),
2026-07-09 02:56:09,145 | INFO | 	                                  (37, 0.02846391871571541),
[92mINFO [0m:      	                                  (38, 0.028768008574843407),
2026-07-09 02:56:09,145 | INFO | 	                                  (38, 0.028768008574843407),
[92mINFO [0m:      	                                  (39, 0.029087886214256287),
2026-07-09 02:56:09,145 | INFO | 	                                  (39, 0.029087886214256287),
[92mINFO [0m:      	                                  (40, 0.029380420222878456),
2026-07-09 02:56:09,145 | INFO | 	                                  (40, 0.029380420222878456),
[92mINFO [0m:      	                                  (41, 0.029649104923009872),
2026-07-09 02:56:09,145 | INFO | 	                                  (41, 0.029649104923009872),
[92mINFO [0m:      	                                  (42, 0.02996646612882614),
2026-07-09 02:56:09,146 | INFO | 	                                  (42, 0.02996646612882614),
[92mINFO [0m:      	                                  (43, 0.030316820368170738),
2026-07-09 02:56:09,146 | INFO | 	                                  (43, 0.030316820368170738),
[92mINFO [0m:      	                                  (44, 0.03062344156205654),
2026-07-09 02:56:09,146 | INFO | 	                                  (44, 0.03062344156205654),
[92mINFO [0m:      	                                  (45, 0.030940255150198936),
2026-07-09 02:56:09,146 | INFO | 	                                  (45, 0.030940255150198936),
[92mINFO [0m:      	                                  (46, 0.031286679208278656),
2026-07-09 02:56:09,146 | INFO | 	                                  (46, 0.031286679208278656),
[92mINFO [0m:      	                                  (47, 0.03162069618701935),
2026-07-09 02:56:09,146 | INFO | 	                                  (47, 0.03162069618701935),
[92mINFO [0m:      	                                  (48, 0.0319753959774971),
2026-07-09 02:56:09,146 | INFO | 	                                  (48, 0.0319753959774971),
[92mINFO [0m:      	                                  (49, 0.03230642154812813),
2026-07-09 02:56:09,146 | INFO | 	                                  (49, 0.03230642154812813),
[92mINFO [0m:      	                                  (50, 0.032594840973615646),
2026-07-09 02:56:09,146 | INFO | 	                                  (50, 0.032594840973615646),
[92mINFO [0m:      	                                  (51, 0.03288576751947403),
2026-07-09 02:56:09,146 | INFO | 	                                  (51, 0.03288576751947403),
[92mINFO [0m:      	                                  (52, 0.03325091674923897),
2026-07-09 02:56:09,146 | INFO | 	                                  (52, 0.03325091674923897),
[92mINFO [0m:      	                                  (53, 0.033555950969457626),
2026-07-09 02:56:09,146 | INFO | 	                                  (53, 0.033555950969457626),
[92mINFO [0m:      	                                  (54, 0.033904463052749634),
2026-07-09 02:56:09,146 | INFO | 	                                  (54, 0.033904463052749634),
[92mINFO [0m:      	                                  (55, 0.03426850214600563),
2026-07-09 02:56:09,146 | INFO | 	                                  (55, 0.03426850214600563),
[92mINFO [0m:      	                                  (56, 0.03458009287714958),
2026-07-09 02:56:09,146 | INFO | 	                                  (56, 0.03458009287714958),
[92mINFO [0m:      	                                  (57, 0.034934669733047485),
2026-07-09 02:56:09,146 | INFO | 	                                  (57, 0.034934669733047485),
[92mINFO [0m:      	                                  (58, 0.035262662917375565),
2026-07-09 02:56:09,146 | INFO | 	                                  (58, 0.035262662917375565),
[92mINFO [0m:      	                                  (59, 0.03566669672727585),
2026-07-09 02:56:09,146 | INFO | 	                                  (59, 0.03566669672727585),
[92mINFO [0m:      	                                  (60, 0.03596606105566025)],
2026-07-09 02:56:09,146 | INFO | 	                                  (60, 0.03596606105566025)],
[92mINFO [0m:      	 'prior_loss_max': [(1, 11284.5403384777),
2026-07-09 02:56:09,146 | INFO | 	 'prior_loss_max': [(1, 11284.5403384777),
[92mINFO [0m:      	                    (2, 11135.967992052618),
2026-07-09 02:56:09,146 | INFO | 	                    (2, 11135.967992052618),
[92mINFO [0m:      	                    (3, 11022.241020504942),
2026-07-09 02:56:09,146 | INFO | 	                    (3, 11022.241020504942),
[92mINFO [0m:      	                    (4, 10878.999547072528),
2026-07-09 02:56:09,146 | INFO | 	                    (4, 10878.999547072528),
[92mINFO [0m:      	                    (5, 10751.796043640226),
2026-07-09 02:56:09,146 | INFO | 	                    (5, 10751.796043640226),
[92mINFO [0m:      	                    (6, 10612.326875441808),
2026-07-09 02:56:09,146 | INFO | 	                    (6, 10612.326875441808),
[92mINFO [0m:      	                    (7, 10431.168312784237),
2026-07-09 02:56:09,146 | INFO | 	                    (7, 10431.168312784237),
[92mINFO [0m:      	                    (8, 10356.826843497183),
2026-07-09 02:56:09,146 | INFO | 	                    (8, 10356.826843497183),
[92mINFO [0m:      	                    (9, 10179.172044541703),
2026-07-09 02:56:09,146 | INFO | 	                    (9, 10179.172044541703),
[92mINFO [0m:      	                    (10, 10075.19957727687),
2026-07-09 02:56:09,146 | INFO | 	                    (10, 10075.19957727687),
[92mINFO [0m:      	                    (11, 9954.926909314196),
2026-07-09 02:56:09,146 | INFO | 	                    (11, 9954.926909314196),
[92mINFO [0m:      	                    (12, 9792.158359483763),
2026-07-09 02:56:09,146 | INFO | 	                    (12, 9792.158359483763),
[92mINFO [0m:      	                    (13, 9732.60512549698),
2026-07-09 02:56:09,146 | INFO | 	                    (13, 9732.60512549698),
[92mINFO [0m:      	                    (14, 9653.301262036899),
2026-07-09 02:56:09,146 | INFO | 	                    (14, 9653.301262036899),
[92mINFO [0m:      	                    (15, 9514.12416692395),
2026-07-09 02:56:09,146 | INFO | 	                    (15, 9514.12416692395),
[92mINFO [0m:      	                    (16, 9442.687752731086),
2026-07-09 02:56:09,146 | INFO | 	                    (16, 9442.687752731086),
[92mINFO [0m:      	                    (17, 9271.75753425596),
2026-07-09 02:56:09,146 | INFO | 	                    (17, 9271.75753425596),
[92mINFO [0m:      	                    (18, 9167.876734626694),
2026-07-09 02:56:09,146 | INFO | 	                    (18, 9167.876734626694),
[92mINFO [0m:      	                    (19, 9108.594466861816),
2026-07-09 02:56:09,146 | INFO | 	                    (19, 9108.594466861816),
[92mINFO [0m:      	                    (20, 8972.438255983327),
2026-07-09 02:56:09,147 | INFO | 	                    (20, 8972.438255983327),
[92mINFO [0m:      	                    (21, 8806.09116654052),
2026-07-09 02:56:09,147 | INFO | 	                    (21, 8806.09116654052),
[92mINFO [0m:      	                    (22, 8686.72439697003),
2026-07-09 02:56:09,147 | INFO | 	                    (22, 8686.72439697003),
[92mINFO [0m:      	                    (23, 8557.093774791396),
2026-07-09 02:56:09,147 | INFO | 	                    (23, 8557.093774791396),
[92mINFO [0m:      	                    (24, 8470.047540186308),
2026-07-09 02:56:09,147 | INFO | 	                    (24, 8470.047540186308),
[92mINFO [0m:      	                    (25, 8357.557858735516),
2026-07-09 02:56:09,147 | INFO | 	                    (25, 8357.557858735516),
[92mINFO [0m:      	                    (26, 8268.879742869494),
2026-07-09 02:56:09,147 | INFO | 	                    (26, 8268.879742869494),
[92mINFO [0m:      	                    (27, 8137.932079586587),
2026-07-09 02:56:09,147 | INFO | 	                    (27, 8137.932079586587),
[92mINFO [0m:      	                    (28, 8013.03872768905),
2026-07-09 02:56:09,147 | INFO | 	                    (28, 8013.03872768905),
[92mINFO [0m:      	                    (29, 7901.763651612419),
2026-07-09 02:56:09,147 | INFO | 	                    (29, 7901.763651612419),
[92mINFO [0m:      	                    (30, 7791.604888277845),
2026-07-09 02:56:09,147 | INFO | 	                    (30, 7791.604888277845),
[92mINFO [0m:      	                    (31, 7747.069705606783),
2026-07-09 02:56:09,147 | INFO | 	                    (31, 7747.069705606783),
[92mINFO [0m:      	                    (32, 7628.281963781171),
2026-07-09 02:56:09,147 | INFO | 	                    (32, 7628.281963781171),
[92mINFO [0m:      	                    (33, 7590.864065710812),
2026-07-09 02:56:09,147 | INFO | 	                    (33, 7590.864065710812),
[92mINFO [0m:      	                    (34, 7460.717106916801),
2026-07-09 02:56:09,147 | INFO | 	                    (34, 7460.717106916801),
[92mINFO [0m:      	                    (35, 7439.669486465134),
2026-07-09 02:56:09,147 | INFO | 	                    (35, 7439.669486465134),
[92mINFO [0m:      	                    (36, 7405.183617895045),
2026-07-09 02:56:09,147 | INFO | 	                    (36, 7405.183617895045),
[92mINFO [0m:      	                    (37, 7322.2255968930895),
2026-07-09 02:56:09,147 | INFO | 	                    (37, 7322.2255968930895),
[92mINFO [0m:      	                    (38, 7224.174769977265),
2026-07-09 02:56:09,147 | INFO | 	                    (38, 7224.174769977265),
[92mINFO [0m:      	                    (39, 7205.094063286729),
2026-07-09 02:56:09,147 | INFO | 	                    (39, 7205.094063286729),
[92mINFO [0m:      	                    (40, 7117.080281222425),
2026-07-09 02:56:09,147 | INFO | 	                    (40, 7117.080281222425),
[92mINFO [0m:      	                    (41, 7028.791391056375),
2026-07-09 02:56:09,147 | INFO | 	                    (41, 7028.791391056375),
[92mINFO [0m:      	                    (42, 6474.117272848681),
2026-07-09 02:56:09,147 | INFO | 	                    (42, 6474.117272848681),
[92mINFO [0m:      	                    (43, 6968.8199986349655),
2026-07-09 02:56:09,147 | INFO | 	                    (43, 6968.8199986349655),
[92mINFO [0m:      	                    (44, 6853.117297714789),
2026-07-09 02:56:09,147 | INFO | 	                    (44, 6853.117297714789),
[92mINFO [0m:      	                    (45, 6185.009537426184),
2026-07-09 02:56:09,147 | INFO | 	                    (45, 6185.009537426184),
[92mINFO [0m:      	                    (46, 6081.190040955837),
2026-07-09 02:56:09,147 | INFO | 	                    (46, 6081.190040955837),
[92mINFO [0m:      	                    (47, 6679.952528852183),
2026-07-09 02:56:09,147 | INFO | 	                    (47, 6679.952528852183),
[92mINFO [0m:      	                    (48, 6574.206847904798),
2026-07-09 02:56:09,147 | INFO | 	                    (48, 6574.206847904798),
[92mINFO [0m:      	                    (49, 6568.328126699362),
2026-07-09 02:56:09,147 | INFO | 	                    (49, 6568.328126699362),
[92mINFO [0m:      	                    (50, 6401.717395039417),
2026-07-09 02:56:09,147 | INFO | 	                    (50, 6401.717395039417),
[92mINFO [0m:      	                    (51, 6362.989740375648),
2026-07-09 02:56:09,147 | INFO | 	                    (51, 6362.989740375648),
[92mINFO [0m:      	                    (52, 6319.534939630598),
2026-07-09 02:56:09,147 | INFO | 	                    (52, 6319.534939630598),
[92mINFO [0m:      	                    (53, 6323.965903940543),
2026-07-09 02:56:09,147 | INFO | 	                    (53, 6323.965903940543),
[92mINFO [0m:      	                    (54, 6231.628640908525),
2026-07-09 02:56:09,147 | INFO | 	                    (54, 6231.628640908525),
[92mINFO [0m:      	                    (55, 6101.331496123302),
2026-07-09 02:56:09,147 | INFO | 	                    (55, 6101.331496123302),
[92mINFO [0m:      	                    (56, 6081.687409868393),
2026-07-09 02:56:09,147 | INFO | 	                    (56, 6081.687409868393),
[92mINFO [0m:      	                    (57, 6033.35702657459),
2026-07-09 02:56:09,147 | INFO | 	                    (57, 6033.35702657459),
[92mINFO [0m:      	                    (58, 5969.209315804378),
2026-07-09 02:56:09,148 | INFO | 	                    (58, 5969.209315804378),
[92mINFO [0m:      	                    (59, 5910.577177246367),
2026-07-09 02:56:09,148 | INFO | 	                    (59, 5910.577177246367),
[92mINFO [0m:      	                    (60, 5822.992448612679)],
2026-07-09 02:56:09,148 | INFO | 	                    (60, 5822.992448612679)],
[92mINFO [0m:      	 'prior_loss_mean': [(1, 10574.350602034418),
2026-07-09 02:56:09,148 | INFO | 	 'prior_loss_mean': [(1, 10574.350602034418),
[92mINFO [0m:      	                     (2, 10707.904100347552),
2026-07-09 02:56:09,148 | INFO | 	                     (2, 10707.904100347552),
[92mINFO [0m:      	                     (3, 10599.714201624744),
2026-07-09 02:56:09,148 | INFO | 	                     (3, 10599.714201624744),
[92mINFO [0m:      	                     (4, 10425.515562316452),
2026-07-09 02:56:09,148 | INFO | 	                     (4, 10425.515562316452),
[92mINFO [0m:      	                     (5, 10475.250011881679),
2026-07-09 02:56:09,148 | INFO | 	                     (5, 10475.250011881679),
[92mINFO [0m:      	                     (6, 10139.34572696835),
2026-07-09 02:56:09,148 | INFO | 	                     (6, 10139.34572696835),
[92mINFO [0m:      	                     (7, 9797.760219028896),
2026-07-09 02:56:09,148 | INFO | 	                     (7, 9797.760219028896),
[92mINFO [0m:      	                     (8, 9874.922660437393),
2026-07-09 02:56:09,148 | INFO | 	                     (8, 9874.922660437393),
[92mINFO [0m:      	                     (9, 9968.795115147921),
2026-07-09 02:56:09,148 | INFO | 	                     (9, 9968.795115147921),
[92mINFO [0m:      	                     (10, 9653.063112735415),
2026-07-09 02:56:09,148 | INFO | 	                     (10, 9653.063112735415),
[92mINFO [0m:      	                     (11, 9334.997332282013),
2026-07-09 02:56:09,148 | INFO | 	                     (11, 9334.997332282013),
[92mINFO [0m:      	                     (12, 9567.139478419305),
2026-07-09 02:56:09,148 | INFO | 	                     (12, 9567.139478419305),
[92mINFO [0m:      	                     (13, 9530.328142198918),
2026-07-09 02:56:09,148 | INFO | 	                     (13, 9530.328142198918),
[92mINFO [0m:      	                     (14, 9504.026444749685),
2026-07-09 02:56:09,148 | INFO | 	                     (14, 9504.026444749685),
[92mINFO [0m:      	                     (15, 9347.901619832213),
2026-07-09 02:56:09,148 | INFO | 	                     (15, 9347.901619832213),
[92mINFO [0m:      	                     (16, 9161.79277139578),
2026-07-09 02:56:09,148 | INFO | 	                     (16, 9161.79277139578),
[92mINFO [0m:      	                     (17, 9080.566955922064),
2026-07-09 02:56:09,148 | INFO | 	                     (17, 9080.566955922064),
[92mINFO [0m:      	                     (18, 8974.215226218923),
2026-07-09 02:56:09,148 | INFO | 	                     (18, 8974.215226218923),
[92mINFO [0m:      	                     (19, 8737.408819653136),
2026-07-09 02:56:09,148 | INFO | 	                     (19, 8737.408819653136),
[92mINFO [0m:      	                     (20, 8546.255182600988),
2026-07-09 02:56:09,148 | INFO | 	                     (20, 8546.255182600988),
[92mINFO [0m:      	                     (21, 8451.549090938523),
2026-07-09 02:56:09,148 | INFO | 	                     (21, 8451.549090938523),
[92mINFO [0m:      	                     (22, 8592.444201010774),
2026-07-09 02:56:09,148 | INFO | 	                     (22, 8592.444201010774),
[92mINFO [0m:      	                     (23, 8478.679852470881),
2026-07-09 02:56:09,148 | INFO | 	                     (23, 8478.679852470881),
[92mINFO [0m:      	                     (24, 7929.803899521754),
2026-07-09 02:56:09,148 | INFO | 	                     (24, 7929.803899521754),
[92mINFO [0m:      	                     (25, 8143.39257149834),
2026-07-09 02:56:09,148 | INFO | 	                     (25, 8143.39257149834),
[92mINFO [0m:      	                     (26, 8155.495676206784),
2026-07-09 02:56:09,148 | INFO | 	                     (26, 8155.495676206784),
[92mINFO [0m:      	                     (27, 7916.151325567964),
2026-07-09 02:56:09,148 | INFO | 	                     (27, 7916.151325567964),
[92mINFO [0m:      	                     (28, 7743.259648945569),
2026-07-09 02:56:09,148 | INFO | 	                     (28, 7743.259648945569),
[92mINFO [0m:      	                     (29, 7682.938692802117),
2026-07-09 02:56:09,148 | INFO | 	                     (29, 7682.938692802117),
[92mINFO [0m:      	                     (30, 7595.126802145093),
2026-07-09 02:56:09,148 | INFO | 	                     (30, 7595.126802145093),
[92mINFO [0m:      	                     (31, 7509.377039156277),
2026-07-09 02:56:09,148 | INFO | 	                     (31, 7509.377039156277),
[92mINFO [0m:      	                     (32, 7168.790629638034),
2026-07-09 02:56:09,148 | INFO | 	                     (32, 7168.790629638034),
[92mINFO [0m:      	                     (33, 7143.473759919013),
2026-07-09 02:56:09,148 | INFO | 	                     (33, 7143.473759919013),
[92mINFO [0m:      	                     (34, 6785.193938156992),
2026-07-09 02:56:09,148 | INFO | 	                     (34, 6785.193938156992),
[92mINFO [0m:      	                     (35, 7064.412844971576),
2026-07-09 02:56:09,148 | INFO | 	                     (35, 7064.412844971576),
[92mINFO [0m:      	                     (36, 7093.602508980765),
2026-07-09 02:56:09,148 | INFO | 	                     (36, 7093.602508980765),
[92mINFO [0m:      	                     (37, 6662.335904018301),
2026-07-09 02:56:09,149 | INFO | 	                     (37, 6662.335904018301),
[92mINFO [0m:      	                     (38, 6589.634440462973),
2026-07-09 02:56:09,149 | INFO | 	                     (38, 6589.634440462973),
[92mINFO [0m:      	                     (39, 6569.884629474826),
2026-07-09 02:56:09,149 | INFO | 	                     (39, 6569.884629474826),
[92mINFO [0m:      	                     (40, 6654.967022570743),
2026-07-09 02:56:09,149 | INFO | 	                     (40, 6654.967022570743),
[92mINFO [0m:      	                     (41, 6585.185382528364),
2026-07-09 02:56:09,149 | INFO | 	                     (41, 6585.185382528364),
[92mINFO [0m:      	                     (42, 6295.293834067464),
2026-07-09 02:56:09,149 | INFO | 	                     (42, 6295.293834067464),
[92mINFO [0m:      	                     (43, 6191.207789614919),
2026-07-09 02:56:09,149 | INFO | 	                     (43, 6191.207789614919),
[92mINFO [0m:      	                     (44, 6224.326297516467),
2026-07-09 02:56:09,149 | INFO | 	                     (44, 6224.326297516467),
[92mINFO [0m:      	                     (45, 6030.379923831968),
2026-07-09 02:56:09,149 | INFO | 	                     (45, 6030.379923831968),
[92mINFO [0m:      	                     (46, 5915.132012806626),
2026-07-09 02:56:09,149 | INFO | 	                     (46, 5915.132012806626),
[92mINFO [0m:      	                     (47, 5977.553434760411),
2026-07-09 02:56:09,149 | INFO | 	                     (47, 5977.553434760411),
[92mINFO [0m:      	                     (48, 5916.758276110277),
2026-07-09 02:56:09,149 | INFO | 	                     (48, 5916.758276110277),
[92mINFO [0m:      	                     (49, 5864.122188946098),
2026-07-09 02:56:09,149 | INFO | 	                     (49, 5864.122188946098),
[92mINFO [0m:      	                     (50, 5743.663019501157),
2026-07-09 02:56:09,149 | INFO | 	                     (50, 5743.663019501157),
[92mINFO [0m:      	                     (51, 5670.173212639291),
2026-07-09 02:56:09,149 | INFO | 	                     (51, 5670.173212639291),
[92mINFO [0m:      	                     (52, 5588.18631183619),
2026-07-09 02:56:09,149 | INFO | 	                     (52, 5588.18631183619),
[92mINFO [0m:      	                     (53, 5682.2284026613925),
2026-07-09 02:56:09,149 | INFO | 	                     (53, 5682.2284026613925),
[92mINFO [0m:      	                     (54, 5441.958844248492),
2026-07-09 02:56:09,149 | INFO | 	                     (54, 5441.958844248492),
[92mINFO [0m:      	                     (55, 5248.208682403856),
2026-07-09 02:56:09,149 | INFO | 	                     (55, 5248.208682403856),
[92mINFO [0m:      	                     (56, 5289.270335642146),
2026-07-09 02:56:09,149 | INFO | 	                     (56, 5289.270335642146),
[92mINFO [0m:      	                     (57, 5215.3540831863465),
2026-07-09 02:56:09,149 | INFO | 	                     (57, 5215.3540831863465),
[92mINFO [0m:      	                     (58, 5155.121837252137),
2026-07-09 02:56:09,149 | INFO | 	                     (58, 5155.121837252137),
[92mINFO [0m:      	                     (59, 5066.323264860636),
2026-07-09 02:56:09,149 | INFO | 	                     (59, 5066.323264860636),
[92mINFO [0m:      	                     (60, 5103.966842816724)],
2026-07-09 02:56:09,149 | INFO | 	                     (60, 5103.966842816724)],
[92mINFO [0m:      	 'prior_loss_min': [(1, 7562.300668640564),
2026-07-09 02:56:09,149 | INFO | 	 'prior_loss_min': [(1, 7562.300668640564),
[92mINFO [0m:      	                    (2, 7349.179414675627),
2026-07-09 02:56:09,149 | INFO | 	                    (2, 7349.179414675627),
[92mINFO [0m:      	                    (3, 9332.181862293726),
2026-07-09 02:56:09,149 | INFO | 	                    (3, 9332.181862293726),
[92mINFO [0m:      	                    (4, 7154.321401547397),
2026-07-09 02:56:09,149 | INFO | 	                    (4, 7154.321401547397),
[92mINFO [0m:      	                    (5, 9150.22920273641),
2026-07-09 02:56:09,149 | INFO | 	                    (5, 9150.22920273641),
[92mINFO [0m:      	                    (6, 7340.887950243107),
2026-07-09 02:56:09,149 | INFO | 	                    (6, 7340.887950243107),
[92mINFO [0m:      	                    (7, 7223.545768517342),
2026-07-09 02:56:09,149 | INFO | 	                    (7, 7223.545768517342),
[92mINFO [0m:      	                    (8, 6892.778061561192),
2026-07-09 02:56:09,149 | INFO | 	                    (8, 6892.778061561192),
[92mINFO [0m:      	                    (9, 8986.496284011433),
2026-07-09 02:56:09,149 | INFO | 	                    (9, 8986.496284011433),
[92mINFO [0m:      	                    (10, 8916.21240180115),
2026-07-09 02:56:09,149 | INFO | 	                    (10, 8916.21240180115),
[92mINFO [0m:      	                    (11, 6465.169411948842),
2026-07-09 02:56:09,149 | INFO | 	                    (11, 6465.169411948842),
[92mINFO [0m:      	                    (12, 8769.938549208855),
2026-07-09 02:56:09,149 | INFO | 	                    (12, 8769.938549208855),
[92mINFO [0m:      	                    (13, 8705.39768565108),
2026-07-09 02:56:09,149 | INFO | 	                    (13, 8705.39768565108),
[92mINFO [0m:      	                    (14, 8687.244569429684),
2026-07-09 02:56:09,149 | INFO | 	                    (14, 8687.244569429684),
[92mINFO [0m:      	                    (15, 8660.256824987553),
2026-07-09 02:56:09,150 | INFO | 	                    (15, 8660.256824987553),
[92mINFO [0m:      	                    (16, 6390.320197837115),
2026-07-09 02:56:09,150 | INFO | 	                    (16, 6390.320197837115),
[92mINFO [0m:      	                    (17, 8515.431478607243),
2026-07-09 02:56:09,150 | INFO | 	                    (17, 8515.431478607243),
[92mINFO [0m:      	                    (18, 8410.068142265696),
2026-07-09 02:56:09,150 | INFO | 	                    (18, 8410.068142265696),
[92mINFO [0m:      	                    (19, 6233.022617828599),
2026-07-09 02:56:09,150 | INFO | 	                    (19, 6233.022617828599),
[92mINFO [0m:      	                    (20, 6621.043701658408),
2026-07-09 02:56:09,150 | INFO | 	                    (20, 6621.043701658408),
[92mINFO [0m:      	                    (21, 5904.86139458553),
2026-07-09 02:56:09,150 | INFO | 	                    (21, 5904.86139458553),
[92mINFO [0m:      	                    (22, 8186.227435546223),
2026-07-09 02:56:09,150 | INFO | 	                    (22, 8186.227435546223),
[92mINFO [0m:      	                    (23, 8206.849721147668),
2026-07-09 02:56:09,150 | INFO | 	                    (23, 8206.849721147668),
[92mINFO [0m:      	                    (24, 5795.458632185674),
2026-07-09 02:56:09,150 | INFO | 	                    (24, 5795.458632185674),
[92mINFO [0m:      	                    (25, 6446.539928765393),
2026-07-09 02:56:09,150 | INFO | 	                    (25, 6446.539928765393),
[92mINFO [0m:      	                    (26, 7979.079996072825),
2026-07-09 02:56:09,150 | INFO | 	                    (26, 7979.079996072825),
[92mINFO [0m:      	                    (27, 5707.957978568559),
2026-07-09 02:56:09,150 | INFO | 	                    (27, 5707.957978568559),
[92mINFO [0m:      	                    (28, 6315.264152515468),
2026-07-09 02:56:09,150 | INFO | 	                    (28, 6315.264152515468),
[92mINFO [0m:      	                    (29, 5482.46691049761),
2026-07-09 02:56:09,150 | INFO | 	                    (29, 5482.46691049761),
[92mINFO [0m:      	                    (30, 5605.581785732312),
2026-07-09 02:56:09,150 | INFO | 	                    (30, 5605.581785732312),
[92mINFO [0m:      	                    (31, 5554.96133154457),
2026-07-09 02:56:09,150 | INFO | 	                    (31, 5554.96133154457),
[92mINFO [0m:      	                    (32, 5456.511797385722),
2026-07-09 02:56:09,150 | INFO | 	                    (32, 5456.511797385722),
[92mINFO [0m:      	                    (33, 5253.497044238567),
2026-07-09 02:56:09,150 | INFO | 	                    (33, 5253.497044238567),
[92mINFO [0m:      	                    (34, 5223.269182368507),
2026-07-09 02:56:09,150 | INFO | 	                    (34, 5223.269182368507),
[92mINFO [0m:      	                    (35, 5288.335571146766),
2026-07-09 02:56:09,150 | INFO | 	                    (35, 5288.335571146766),
[92mINFO [0m:      	                    (36, 7005.047749774892),
2026-07-09 02:56:09,150 | INFO | 	                    (36, 7005.047749774892),
[92mINFO [0m:      	                    (37, 5076.185299796554),
2026-07-09 02:56:09,150 | INFO | 	                    (37, 5076.185299796554),
[92mINFO [0m:      	                    (38, 5136.165637705285),
2026-07-09 02:56:09,150 | INFO | 	                    (38, 5136.165637705285),
[92mINFO [0m:      	                    (39, 4947.273342304568),
2026-07-09 02:56:09,150 | INFO | 	                    (39, 4947.273342304568),
[92mINFO [0m:      	                    (40, 5122.092753685544),
2026-07-09 02:56:09,150 | INFO | 	                    (40, 5122.092753685544),
[92mINFO [0m:      	                    (41, 5793.356505004826),
2026-07-09 02:56:09,150 | INFO | 	                    (41, 5793.356505004826),
[92mINFO [0m:      	                    (42, 5033.295008773493),
2026-07-09 02:56:09,150 | INFO | 	                    (42, 5033.295008773493),
[92mINFO [0m:      	                    (43, 4769.013013229585),
2026-07-09 02:56:09,150 | INFO | 	                    (43, 4769.013013229585),
[92mINFO [0m:      	                    (44, 4950.1237084402255),
2026-07-09 02:56:09,150 | INFO | 	                    (44, 4950.1237084402255),
[92mINFO [0m:      	                    (45, 4689.375811804028),
2026-07-09 02:56:09,150 | INFO | 	                    (45, 4689.375811804028),
[92mINFO [0m:      	                    (46, 4619.881163396146),
2026-07-09 02:56:09,150 | INFO | 	                    (46, 4619.881163396146),
[92mINFO [0m:      	                    (47, 4830.319969193361),
2026-07-09 02:56:09,150 | INFO | 	                    (47, 4830.319969193361),
[92mINFO [0m:      	                    (48, 4550.383701282248),
2026-07-09 02:56:09,150 | INFO | 	                    (48, 4550.383701282248),
[92mINFO [0m:      	                    (49, 4743.785683476574),
2026-07-09 02:56:09,150 | INFO | 	                    (49, 4743.785683476574),
[92mINFO [0m:      	                    (50, 5479.664541775507),
2026-07-09 02:56:09,150 | INFO | 	                    (50, 5479.664541775507),
[92mINFO [0m:      	                    (51, 5388.334289133904),
2026-07-09 02:56:09,150 | INFO | 	                    (51, 5388.334289133904),
[92mINFO [0m:      	                    (52, 4317.599950127263),
2026-07-09 02:56:09,150 | INFO | 	                    (52, 4317.599950127263),
[92mINFO [0m:      	                    (53, 5373.127451638261),
2026-07-09 02:56:09,150 | INFO | 	                    (53, 5373.127451638261),
[92mINFO [0m:      	                    (54, 4290.229137415363),
2026-07-09 02:56:09,151 | INFO | 	                    (54, 4290.229137415363),
[92mINFO [0m:      	                    (55, 4228.788345539674),
2026-07-09 02:56:09,151 | INFO | 	                    (55, 4228.788345539674),
[92mINFO [0m:      	                    (56, 5144.686223902697),
2026-07-09 02:56:09,151 | INFO | 	                    (56, 5144.686223902697),
[92mINFO [0m:      	                    (57, 4150.700838033352),
2026-07-09 02:56:09,151 | INFO | 	                    (57, 4150.700838033352),
[92mINFO [0m:      	                    (58, 4989.26356751137),
2026-07-09 02:56:09,151 | INFO | 	                    (58, 4989.26356751137),
[92mINFO [0m:      	                    (59, 4106.6154918503125),
2026-07-09 02:56:09,151 | INFO | 	                    (59, 4106.6154918503125),
[92mINFO [0m:      	                    (60, 4830.099155822351)],
2026-07-09 02:56:09,151 | INFO | 	                    (60, 4830.099155822351)],
[92mINFO [0m:      	 'prior_loss_p10': [(1, 9452.916173705522),
2026-07-09 02:56:09,151 | INFO | 	 'prior_loss_p10': [(1, 9452.916173705522),
[92mINFO [0m:      	                    (2, 10034.925015547065),
2026-07-09 02:56:09,151 | INFO | 	                    (2, 10034.925015547065),
[92mINFO [0m:      	                    (3, 9404.208877484718),
2026-07-09 02:56:09,151 | INFO | 	                    (3, 9404.208877484718),
[92mINFO [0m:      	                    (4, 9831.555155789956),
2026-07-09 02:56:09,151 | INFO | 	                    (4, 9831.555155789956),
[92mINFO [0m:      	                    (5, 9804.064441153449),
2026-07-09 02:56:09,151 | INFO | 	                    (5, 9804.064441153449),
[92mINFO [0m:      	                    (6, 9158.243267373875),
2026-07-09 02:56:09,151 | INFO | 	                    (6, 9158.243267373875),
[92mINFO [0m:      	                    (7, 8000.6197003688085),
2026-07-09 02:56:09,151 | INFO | 	                    (7, 8000.6197003688085),
[92mINFO [0m:      	                    (8, 9013.772450548302),
2026-07-09 02:56:09,151 | INFO | 	                    (8, 9013.772450548302),
[92mINFO [0m:      	                    (9, 9469.345346614595),
2026-07-09 02:56:09,151 | INFO | 	                    (9, 9469.345346614595),
[92mINFO [0m:      	                    (10, 8940.26305274921),
2026-07-09 02:56:09,151 | INFO | 	                    (10, 8940.26305274921),
[92mINFO [0m:      	                    (11, 7772.6682108267405),
2026-07-09 02:56:09,151 | INFO | 	                    (11, 7772.6682108267405),
[92mINFO [0m:      	                    (12, 8837.05413778132),
2026-07-09 02:56:09,151 | INFO | 	                    (12, 8837.05413778132),
[92mINFO [0m:      	                    (13, 9096.283831468078),
2026-07-09 02:56:09,151 | INFO | 	                    (13, 9096.283831468078),
[92mINFO [0m:      	                    (14, 9504.261276248793),
2026-07-09 02:56:09,151 | INFO | 	                    (14, 9504.261276248793),
[92mINFO [0m:      	                    (15, 8982.544875061272),
2026-07-09 02:56:09,151 | INFO | 	                    (15, 8982.544875061272),
[92mINFO [0m:      	                    (16, 9314.734535138283),
2026-07-09 02:56:09,151 | INFO | 	                    (16, 9314.734535138283),
[92mINFO [0m:      	                    (17, 8559.056293631049),
2026-07-09 02:56:09,151 | INFO | 	                    (17, 8559.056293631049),
[92mINFO [0m:      	                    (18, 8472.738775765483),
2026-07-09 02:56:09,151 | INFO | 	                    (18, 8472.738775765483),
[92mINFO [0m:      	                    (19, 8445.704176134304),
2026-07-09 02:56:09,151 | INFO | 	                    (19, 8445.704176134304),
[92mINFO [0m:      	                    (20, 7352.213420821831),
2026-07-09 02:56:09,151 | INFO | 	                    (20, 7352.213420821831),
[92mINFO [0m:      	                    (21, 8301.806048320916),
2026-07-09 02:56:09,151 | INFO | 	                    (21, 8301.806048320916),
[92mINFO [0m:      	                    (22, 8569.2626032069),
2026-07-09 02:56:09,151 | INFO | 	                    (22, 8569.2626032069),
[92mINFO [0m:      	                    (23, 8330.489602178486),
2026-07-09 02:56:09,151 | INFO | 	                    (23, 8330.489602178486),
[92mINFO [0m:      	                    (24, 6169.190985816959),
2026-07-09 02:56:09,151 | INFO | 	                    (24, 6169.190985816959),
[92mINFO [0m:      	                    (25, 8103.703705484775),
2026-07-09 02:56:09,151 | INFO | 	                    (25, 8103.703705484775),
[92mINFO [0m:      	                    (26, 8062.485550742639),
2026-07-09 02:56:09,151 | INFO | 	                    (26, 8062.485550742639),
[92mINFO [0m:      	                    (27, 7940.032297860157),
2026-07-09 02:56:09,151 | INFO | 	                    (27, 7940.032297860157),
[92mINFO [0m:      	                    (28, 6976.142615800673),
2026-07-09 02:56:09,151 | INFO | 	                    (28, 6976.142615800673),
[92mINFO [0m:      	                    (29, 7769.965687302311),
2026-07-09 02:56:09,151 | INFO | 	                    (29, 7769.965687302311),
[92mINFO [0m:      	                    (30, 7689.58706569273),
2026-07-09 02:56:09,151 | INFO | 	                    (30, 7689.58706569273),
[92mINFO [0m:      	                    (31, 7601.160410819083),
2026-07-09 02:56:09,151 | INFO | 	                    (31, 7601.160410819083),
[92mINFO [0m:      	                    (32, 5769.697433713283),
2026-07-09 02:56:09,151 | INFO | 	                    (32, 5769.697433713283),
[92mINFO [0m:      	                    (33, 6200.677947704945),
2026-07-09 02:56:09,152 | INFO | 	                    (33, 6200.677947704945),
[92mINFO [0m:      	                    (34, 5289.430125399451),
2026-07-09 02:56:09,152 | INFO | 	                    (34, 5289.430125399451),
[92mINFO [0m:      	                    (35, 7096.854910530557),
2026-07-09 02:56:09,152 | INFO | 	                    (35, 7096.854910530557),
[92mINFO [0m:      	                    (36, 7011.828770186883),
2026-07-09 02:56:09,152 | INFO | 	                    (36, 7011.828770186883),
[92mINFO [0m:      	                    (37, 5525.009063035948),
2026-07-09 02:56:09,152 | INFO | 	                    (37, 5525.009063035948),
[92mINFO [0m:      	                    (38, 5504.040818455669),
2026-07-09 02:56:09,152 | INFO | 	                    (38, 5504.040818455669),
[92mINFO [0m:      	                    (39, 5864.215270397953),
2026-07-09 02:56:09,152 | INFO | 	                    (39, 5864.215270397953),
[92mINFO [0m:      	                    (40, 6599.9956813655),
2026-07-09 02:56:09,152 | INFO | 	                    (40, 6599.9956813655),
[92mINFO [0m:      	                    (41, 6510.52557320865),
2026-07-09 02:56:09,152 | INFO | 	                    (41, 6510.52557320865),
[92mINFO [0m:      	                    (42, 6027.157033369321),
2026-07-09 02:56:09,152 | INFO | 	                    (42, 6027.157033369321),
[92mINFO [0m:      	                    (43, 5151.080215562422),
2026-07-09 02:56:09,152 | INFO | 	                    (43, 5151.080215562422),
[92mINFO [0m:      	                    (44, 6197.26180016263),
2026-07-09 02:56:09,152 | INFO | 	                    (44, 6197.26180016263),
[92mINFO [0m:      	                    (45, 6088.824107459807),
2026-07-09 02:56:09,152 | INFO | 	                    (45, 6088.824107459807),
[92mINFO [0m:      	                    (46, 5786.404519862602),
2026-07-09 02:56:09,152 | INFO | 	                    (46, 5786.404519862602),
[92mINFO [0m:      	                    (47, 5674.182018984526),
2026-07-09 02:56:09,152 | INFO | 	                    (47, 5674.182018984526),
[92mINFO [0m:      	                    (48, 5558.862575725089),
2026-07-09 02:56:09,152 | INFO | 	                    (48, 5558.862575725089),
[92mINFO [0m:      	                    (49, 5565.947973107658),
2026-07-09 02:56:09,152 | INFO | 	                    (49, 5565.947973107658),
[92mINFO [0m:      	                    (50, 5623.013914168392),
2026-07-09 02:56:09,152 | INFO | 	                    (50, 5623.013914168392),
[92mINFO [0m:      	                    (51, 5554.309934512577),
2026-07-09 02:56:09,152 | INFO | 	                    (51, 5554.309934512577),
[92mINFO [0m:      	                    (52, 5478.302021496386),
2026-07-09 02:56:09,152 | INFO | 	                    (52, 5478.302021496386),
[92mINFO [0m:      	                    (53, 5391.785377647844),
2026-07-09 02:56:09,152 | INFO | 	                    (53, 5391.785377647844),
[92mINFO [0m:      	                    (54, 5301.431220057936),
2026-07-09 02:56:09,152 | INFO | 	                    (54, 5301.431220057936),
[92mINFO [0m:      	                    (55, 5233.23933211658),
2026-07-09 02:56:09,152 | INFO | 	                    (55, 5233.23933211658),
[92mINFO [0m:      	                    (56, 5148.998634006692),
2026-07-09 02:56:09,152 | INFO | 	                    (56, 5148.998634006692),
[92mINFO [0m:      	                    (57, 5067.943888068548),
2026-07-09 02:56:09,152 | INFO | 	                    (57, 5067.943888068548),
[92mINFO [0m:      	                    (58, 4998.71227749334),
2026-07-09 02:56:09,152 | INFO | 	                    (58, 4998.71227749334),
[92mINFO [0m:      	                    (59, 4628.28880971933),
2026-07-09 02:56:09,152 | INFO | 	                    (59, 4628.28880971933),
[92mINFO [0m:      	                    (60, 4831.826448461922)],
2026-07-09 02:56:09,152 | INFO | 	                    (60, 4831.826448461922)],
[92mINFO [0m:      	 'prior_loss_p50': [(1, 11105.49500737472),
2026-07-09 02:56:09,152 | INFO | 	 'prior_loss_p50': [(1, 11105.49500737472),
[92mINFO [0m:      	                    (2, 11058.990920684282),
2026-07-09 02:56:09,152 | INFO | 	                    (2, 11058.990920684282),
[92mINFO [0m:      	                    (3, 10876.661647976023),
2026-07-09 02:56:09,152 | INFO | 	                    (3, 10876.661647976023),
[92mINFO [0m:      	                    (4, 10742.405114762207),
2026-07-09 02:56:09,152 | INFO | 	                    (4, 10742.405114762207),
[92mINFO [0m:      	                    (5, 10653.507287475113),
2026-07-09 02:56:09,152 | INFO | 	                    (5, 10653.507287475113),
[92mINFO [0m:      	                    (6, 10511.678158566496),
2026-07-09 02:56:09,152 | INFO | 	                    (6, 10511.678158566496),
[92mINFO [0m:      	                    (7, 10362.673329297417),
2026-07-09 02:56:09,152 | INFO | 	                    (7, 10362.673329297417),
[92mINFO [0m:      	                    (8, 10245.959243449031),
2026-07-09 02:56:09,152 | INFO | 	                    (8, 10245.959243449031),
[92mINFO [0m:      	                    (9, 10097.19264201882),
2026-07-09 02:56:09,152 | INFO | 	                    (9, 10097.19264201882),
[92mINFO [0m:      	                    (10, 9974.204680840608),
2026-07-09 02:56:09,152 | INFO | 	                    (10, 9974.204680840608),
[92mINFO [0m:      	                    (11, 9863.037364597207),
2026-07-09 02:56:09,152 | INFO | 	                    (11, 9863.037364597207),
[92mINFO [0m:      	                    (12, 9765.615882142025),
2026-07-09 02:56:09,153 | INFO | 	                    (12, 9765.615882142025),
[92mINFO [0m:      	                    (13, 9648.855493274164),
2026-07-09 02:56:09,153 | INFO | 	                    (13, 9648.855493274164),
[92mINFO [0m:      	                    (14, 9566.295919189348),
2026-07-09 02:56:09,153 | INFO | 	                    (14, 9566.295919189348),
[92mINFO [0m:      	                    (15, 9445.762043142799),
2026-07-09 02:56:09,153 | INFO | 	                    (15, 9445.762043142799),
[92mINFO [0m:      	                    (16, 9350.636456604347),
2026-07-09 02:56:09,153 | INFO | 	                    (16, 9350.636456604347),
[92mINFO [0m:      	                    (17, 9212.132984153235),
2026-07-09 02:56:09,153 | INFO | 	                    (17, 9212.132984153235),
[92mINFO [0m:      	                    (18, 9091.75254623526),
2026-07-09 02:56:09,153 | INFO | 	                    (18, 9091.75254623526),
[92mINFO [0m:      	                    (19, 8969.147353068169),
2026-07-09 02:56:09,153 | INFO | 	                    (19, 8969.147353068169),
[92mINFO [0m:      	                    (20, 8862.217944556243),
2026-07-09 02:56:09,153 | INFO | 	                    (20, 8862.217944556243),
[92mINFO [0m:      	                    (21, 8726.9656546818),
2026-07-09 02:56:09,153 | INFO | 	                    (21, 8726.9656546818),
[92mINFO [0m:      	                    (22, 8622.21784391027),
2026-07-09 02:56:09,153 | INFO | 	                    (22, 8622.21784391027),
[92mINFO [0m:      	                    (23, 8518.02240878663),
2026-07-09 02:56:09,153 | INFO | 	                    (23, 8518.02240878663),
[92mINFO [0m:      	                    (24, 8382.657305381497),
2026-07-09 02:56:09,153 | INFO | 	                    (24, 8382.657305381497),
[92mINFO [0m:      	                    (25, 8275.785766913226),
2026-07-09 02:56:09,153 | INFO | 	                    (25, 8275.785766913226),
[92mINFO [0m:      	                    (26, 8167.77188997245),
2026-07-09 02:56:09,153 | INFO | 	                    (26, 8167.77188997245),
[92mINFO [0m:      	                    (27, 8090.217610433684),
2026-07-09 02:56:09,153 | INFO | 	                    (27, 8090.217610433684),
[92mINFO [0m:      	                    (28, 7951.538925071123),
2026-07-09 02:56:09,153 | INFO | 	                    (28, 7951.538925071123),
[92mINFO [0m:      	                    (29, 7846.840527232188),
2026-07-09 02:56:09,153 | INFO | 	                    (29, 7846.840527232188),
[92mINFO [0m:      	                    (30, 7733.182087376168),
2026-07-09 02:56:09,153 | INFO | 	                    (30, 7733.182087376168),
[92mINFO [0m:      	                    (31, 7626.1057470961),
2026-07-09 02:56:09,153 | INFO | 	                    (31, 7626.1057470961),
[92mINFO [0m:      	                    (32, 7512.818613655928),
2026-07-09 02:56:09,153 | INFO | 	                    (32, 7512.818613655928),
[92mINFO [0m:      	                    (33, 7397.7144315307),
2026-07-09 02:56:09,153 | INFO | 	                    (33, 7397.7144315307),
[92mINFO [0m:      	                    (34, 7281.110937476676),
2026-07-09 02:56:09,153 | INFO | 	                    (34, 7281.110937476676),
[92mINFO [0m:      	                    (35, 7163.925655165628),
2026-07-09 02:56:09,153 | INFO | 	                    (35, 7163.925655165628),
[92mINFO [0m:      	                    (36, 7058.577004756705),
2026-07-09 02:56:09,153 | INFO | 	                    (36, 7058.577004756705),
[92mINFO [0m:      	                    (37, 6961.252737078714),
2026-07-09 02:56:09,153 | INFO | 	                    (37, 6961.252737078714),
[92mINFO [0m:      	                    (38, 6836.747596524949),
2026-07-09 02:56:09,153 | INFO | 	                    (38, 6836.747596524949),
[92mINFO [0m:      	                    (39, 6735.14384224054),
2026-07-09 02:56:09,153 | INFO | 	                    (39, 6735.14384224054),
[92mINFO [0m:      	                    (40, 6639.7864113936375),
2026-07-09 02:56:09,153 | INFO | 	                    (40, 6639.7864113936375),
[92mINFO [0m:      	                    (41, 6533.3459556583275),
2026-07-09 02:56:09,153 | INFO | 	                    (41, 6533.3459556583275),
[92mINFO [0m:      	                    (42, 6419.623502109582),
2026-07-09 02:56:09,153 | INFO | 	                    (42, 6419.623502109582),
[92mINFO [0m:      	                    (43, 6363.588214424272),
2026-07-09 02:56:09,153 | INFO | 	                    (43, 6363.588214424272),
[92mINFO [0m:      	                    (44, 6229.909378223445),
2026-07-09 02:56:09,153 | INFO | 	                    (44, 6229.909378223445),
[92mINFO [0m:      	                    (45, 6125.450894469631),
2026-07-09 02:56:09,153 | INFO | 	                    (45, 6125.450894469631),
[92mINFO [0m:      	                    (46, 6033.3775327442545),
2026-07-09 02:56:09,153 | INFO | 	                    (46, 6033.3775327442545),
[92mINFO [0m:      	                    (47, 5935.916278109321),
2026-07-09 02:56:09,153 | INFO | 	                    (47, 5935.916278109321),
[92mINFO [0m:      	                    (48, 5857.827647356223),
2026-07-09 02:56:09,153 | INFO | 	                    (48, 5857.827647356223),
[92mINFO [0m:      	                    (49, 5759.490849737721),
2026-07-09 02:56:09,154 | INFO | 	                    (49, 5759.490849737721),
[92mINFO [0m:      	                    (50, 5664.571988537657),
2026-07-09 02:56:09,154 | INFO | 	                    (50, 5664.571988537657),
[92mINFO [0m:      	                    (51, 5575.498046201961),
2026-07-09 02:56:09,154 | INFO | 	                    (51, 5575.498046201961),
[92mINFO [0m:      	                    (52, 5514.4297875305365),
2026-07-09 02:56:09,154 | INFO | 	                    (52, 5514.4297875305365),
[92mINFO [0m:      	                    (53, 5410.773716860889),
2026-07-09 02:56:09,154 | INFO | 	                    (53, 5410.773716860889),
[92mINFO [0m:      	                    (54, 5358.284533649771),
2026-07-09 02:56:09,154 | INFO | 	                    (54, 5358.284533649771),
[92mINFO [0m:      	                    (55, 5256.527471295808),
2026-07-09 02:56:09,154 | INFO | 	                    (55, 5256.527471295808),
[92mINFO [0m:      	                    (56, 5157.685169983828),
2026-07-09 02:56:09,154 | INFO | 	                    (56, 5157.685169983828),
[92mINFO [0m:      	                    (57, 5091.726629782974),
2026-07-09 02:56:09,154 | INFO | 	                    (57, 5091.726629782974),
[92mINFO [0m:      	                    (58, 5024.039667812369),
2026-07-09 02:56:09,154 | INFO | 	                    (58, 5024.039667812369),
[92mINFO [0m:      	                    (59, 4952.534140765881),
2026-07-09 02:56:09,154 | INFO | 	                    (59, 4952.534140765881),
[92mINFO [0m:      	                    (60, 4852.927289156958)],
2026-07-09 02:56:09,154 | INFO | 	                    (60, 4852.927289156958)],
[92mINFO [0m:      	 'prior_loss_p90': [(1, 11244.948473998673),
2026-07-09 02:56:09,154 | INFO | 	 'prior_loss_p90': [(1, 11244.948473998673),
[92mINFO [0m:      	                    (2, 11116.956131090514),
2026-07-09 02:56:09,154 | INFO | 	                    (2, 11116.956131090514),
[92mINFO [0m:      	                    (3, 10996.686580979429),
2026-07-09 02:56:09,154 | INFO | 	                    (3, 10996.686580979429),
[92mINFO [0m:      	                    (4, 10854.481406566067),
2026-07-09 02:56:09,154 | INFO | 	                    (4, 10854.481406566067),
[92mINFO [0m:      	                    (5, 10735.464145610802),
2026-07-09 02:56:09,154 | INFO | 	                    (5, 10735.464145610802),
[92mINFO [0m:      	                    (6, 10586.82213232199),
2026-07-09 02:56:09,154 | INFO | 	                    (6, 10586.82213232199),
[92mINFO [0m:      	                    (7, 10414.257180534081),
2026-07-09 02:56:09,154 | INFO | 	                    (7, 10414.257180534081),
[92mINFO [0m:      	                    (8, 10338.873485119984),
2026-07-09 02:56:09,154 | INFO | 	                    (8, 10338.873485119984),
[92mINFO [0m:      	                    (9, 10165.715920825236),
2026-07-09 02:56:09,154 | INFO | 	                    (9, 10165.715920825236),
[92mINFO [0m:      	                    (10, 10029.456672240563),
2026-07-09 02:56:09,154 | INFO | 	                    (10, 10029.456672240563),
[92mINFO [0m:      	                    (11, 9917.939251012207),
2026-07-09 02:56:09,154 | INFO | 	                    (11, 9917.939251012207),
[92mINFO [0m:      	                    (12, 9789.531744414748),
2026-07-09 02:56:09,154 | INFO | 	                    (12, 9789.531744414748),
[92mINFO [0m:      	                    (13, 9694.293709096453),
2026-07-09 02:56:09,154 | INFO | 	                    (13, 9694.293709096453),
[92mINFO [0m:      	                    (14, 9626.044467685362),
2026-07-09 02:56:09,154 | INFO | 	                    (14, 9626.044467685362),
[92mINFO [0m:      	                    (15, 9495.095668963762),
2026-07-09 02:56:09,154 | INFO | 	                    (15, 9495.095668963762),
[92mINFO [0m:      	                    (16, 9407.839726005248),
2026-07-09 02:56:09,154 | INFO | 	                    (16, 9407.839726005248),
[92mINFO [0m:      	                    (17, 9246.049886338402),
2026-07-09 02:56:09,154 | INFO | 	                    (17, 9246.049886338402),
[92mINFO [0m:      	                    (18, 9134.234224109365),
2026-07-09 02:56:09,154 | INFO | 	                    (18, 9134.234224109365),
[92mINFO [0m:      	                    (19, 9060.701942650569),
2026-07-09 02:56:09,154 | INFO | 	                    (19, 9060.701942650569),
[92mINFO [0m:      	                    (20, 8925.175082501479),
2026-07-09 02:56:09,154 | INFO | 	                    (20, 8925.175082501479),
[92mINFO [0m:      	                    (21, 8784.161044408853),
2026-07-09 02:56:09,154 | INFO | 	                    (21, 8784.161044408853),
[92mINFO [0m:      	                    (22, 8664.2775198704),
2026-07-09 02:56:09,154 | INFO | 	                    (22, 8664.2775198704),
[92mINFO [0m:      	                    (23, 8541.044515309306),
2026-07-09 02:56:09,154 | INFO | 	                    (23, 8541.044515309306),
[92mINFO [0m:      	                    (24, 8462.019609090084),
2026-07-09 02:56:09,154 | INFO | 	                    (24, 8462.019609090084),
[92mINFO [0m:      	                    (25, 8332.30429908944),
2026-07-09 02:56:09,154 | INFO | 	                    (25, 8332.30429908944),
[92mINFO [0m:      	                    (26, 8219.012561283582),
2026-07-09 02:56:09,154 | INFO | 	                    (26, 8219.012561283582),
[92mINFO [0m:      	                    (27, 8130.334466985612),
2026-07-09 02:56:09,154 | INFO | 	                    (27, 8130.334466985612),
[92mINFO [0m:      	                    (28, 7993.806981834492),
2026-07-09 02:56:09,155 | INFO | 	                    (28, 7993.806981834492),
[92mINFO [0m:      	                    (29, 7884.193573967324),
2026-07-09 02:56:09,155 | INFO | 	                    (29, 7884.193573967324),
[92mINFO [0m:      	                    (30, 7770.723787557505),
2026-07-09 02:56:09,155 | INFO | 	                    (30, 7770.723787557505),
[92mINFO [0m:      	                    (31, 7712.529773752241),
2026-07-09 02:56:09,155 | INFO | 	                    (31, 7712.529773752241),
[92mINFO [0m:      	                    (32, 7595.721313196712),
2026-07-09 02:56:09,155 | INFO | 	                    (32, 7595.721313196712),
[92mINFO [0m:      	                    (33, 7481.746412024496),
2026-07-09 02:56:09,155 | INFO | 	                    (33, 7481.746412024496),
[92mINFO [0m:      	                    (34, 7402.406184099689),
2026-07-09 02:56:09,155 | INFO | 	                    (34, 7402.406184099689),
[92mINFO [0m:      	                    (35, 7310.317509002204),
2026-07-09 02:56:09,155 | INFO | 	                    (35, 7310.317509002204),
[92mINFO [0m:      	                    (36, 7266.540401181281),
2026-07-09 02:56:09,155 | INFO | 	                    (36, 7266.540401181281),
[92mINFO [0m:      	                    (37, 7304.328625625182),
2026-07-09 02:56:09,155 | INFO | 	                    (37, 7304.328625625182),
[92mINFO [0m:      	                    (38, 6881.635311925834),
2026-07-09 02:56:09,155 | INFO | 	                    (38, 6881.635311925834),
[92mINFO [0m:      	                    (39, 7030.891072003724),
2026-07-09 02:56:09,155 | INFO | 	                    (39, 7030.891072003724),
[92mINFO [0m:      	                    (40, 7105.20502033806),
2026-07-09 02:56:09,155 | INFO | 	                    (40, 7105.20502033806),
[92mINFO [0m:      	                    (41, 7019.020833435015),
2026-07-09 02:56:09,155 | INFO | 	                    (41, 7019.020833435015),
[92mINFO [0m:      	                    (42, 6462.208332341588),
2026-07-09 02:56:09,155 | INFO | 	                    (42, 6462.208332341588),
[92mINFO [0m:      	                    (43, 6720.072775161901),
2026-07-09 02:56:09,155 | INFO | 	                    (43, 6720.072775161901),
[92mINFO [0m:      	                    (44, 6600.286823356529),
2026-07-09 02:56:09,155 | INFO | 	                    (44, 6600.286823356529),
[92mINFO [0m:      	                    (45, 6147.400307726296),
2026-07-09 02:56:09,155 | INFO | 	                    (45, 6147.400307726296),
[92mINFO [0m:      	                    (46, 6040.991394809779),
2026-07-09 02:56:09,155 | INFO | 	                    (46, 6040.991394809779),
[92mINFO [0m:      	                    (47, 6660.0599250887035),
2026-07-09 02:56:09,155 | INFO | 	                    (47, 6660.0599250887035),
[92mINFO [0m:      	                    (48, 6562.668703939294),
2026-07-09 02:56:09,155 | INFO | 	                    (48, 6562.668703939294),
[92mINFO [0m:      	                    (49, 6489.18349536212),
2026-07-09 02:56:09,155 | INFO | 	                    (49, 6489.18349536212),
[92mINFO [0m:      	                    (50, 6111.322471371322),
2026-07-09 02:56:09,155 | INFO | 	                    (50, 6111.322471371322),
[92mINFO [0m:      	                    (51, 6063.144308435203),
2026-07-09 02:56:09,155 | INFO | 	                    (51, 6063.144308435203),
[92mINFO [0m:      	                    (52, 6300.3126814355),
2026-07-09 02:56:09,155 | INFO | 	                    (52, 6300.3126814355),
[92mINFO [0m:      	                    (53, 6238.968642066981),
2026-07-09 02:56:09,155 | INFO | 	                    (53, 6238.968642066981),
[92mINFO [0m:      	                    (54, 6161.6622820693265),
2026-07-09 02:56:09,155 | INFO | 	                    (54, 6161.6622820693265),
[92mINFO [0m:      	                    (55, 5300.035378584584),
2026-07-09 02:56:09,155 | INFO | 	                    (55, 5300.035378584584),
[92mINFO [0m:      	                    (56, 5727.407685601508),
2026-07-09 02:56:09,155 | INFO | 	                    (56, 5727.407685601508),
[92mINFO [0m:      	                    (57, 6019.183748508477),
2026-07-09 02:56:09,155 | INFO | 	                    (57, 6019.183748508477),
[92mINFO [0m:      	                    (58, 5617.239039801689),
2026-07-09 02:56:09,155 | INFO | 	                    (58, 5617.239039801689),
[92mINFO [0m:      	                    (59, 5866.1623274474305),
2026-07-09 02:56:09,155 | INFO | 	                    (59, 5866.1623274474305),
[92mINFO [0m:      	                    (60, 5805.397899853732)],
2026-07-09 02:56:09,155 | INFO | 	                    (60, 5805.397899853732)],
[92mINFO [0m:      	 'prior_loss_std': [(1, 1045.2365669403107),
2026-07-09 02:56:09,155 | INFO | 	 'prior_loss_std': [(1, 1045.2365669403107),
[92mINFO [0m:      	                    (2, 989.7422611619857),
2026-07-09 02:56:09,155 | INFO | 	                    (2, 989.7422611619857),
[92mINFO [0m:      	                    (3, 611.8033110645487),
2026-07-09 02:56:09,155 | INFO | 	                    (3, 611.8033110645487),
[92mINFO [0m:      	                    (4, 953.2140171493709),
2026-07-09 02:56:09,155 | INFO | 	                    (4, 953.2140171493709),
[92mINFO [0m:      	                    (5, 496.62254055736076),
2026-07-09 02:56:09,155 | INFO | 	                    (5, 496.62254055736076),
[92mINFO [0m:      	                    (6, 881.162739310543),
2026-07-09 02:56:09,156 | INFO | 	                    (6, 881.162739310543),
[92mINFO [0m:      	                    (7, 1082.0818277592057),
2026-07-09 02:56:09,156 | INFO | 	                    (7, 1082.0818277592057),
[92mINFO [0m:      	                    (8, 902.7005086565123),
2026-07-09 02:56:09,156 | INFO | 	                    (8, 902.7005086565123),
[92mINFO [0m:      	                    (9, 368.443992918163),
2026-07-09 02:56:09,156 | INFO | 	                    (9, 368.443992918163),
[92mINFO [0m:      	                    (10, 490.1010081009815),
2026-07-09 02:56:09,156 | INFO | 	                    (10, 490.1010081009815),
[92mINFO [0m:      	                    (11, 1072.7586782320982),
2026-07-09 02:56:09,156 | INFO | 	                    (11, 1072.7586782320982),
[92mINFO [0m:      	                    (12, 376.94975564821317),
2026-07-09 02:56:09,156 | INFO | 	                    (12, 376.94975564821317),
[92mINFO [0m:      	                    (13, 313.4595192532344),
2026-07-09 02:56:09,156 | INFO | 	                    (13, 313.4595192532344),
[92mINFO [0m:      	                    (14, 222.5449242293075),
2026-07-09 02:56:09,156 | INFO | 	                    (14, 222.5449242293075),
[92mINFO [0m:      	                    (15, 262.5674280546658),
2026-07-09 02:56:09,156 | INFO | 	                    (15, 262.5674280546658),
[92mINFO [0m:      	                    (16, 741.6432932331815),
2026-07-09 02:56:09,156 | INFO | 	                    (16, 741.6432932331815),
[92mINFO [0m:      	                    (17, 268.7852201946646),
2026-07-09 02:56:09,156 | INFO | 	                    (17, 268.7852201946646),
[92mINFO [0m:      	                    (18, 262.4335306825007),
2026-07-09 02:56:09,156 | INFO | 	                    (18, 262.4335306825007),
[92mINFO [0m:      	                    (19, 696.4809205060874),
2026-07-09 02:56:09,156 | INFO | 	                    (19, 696.4809205060874),
[92mINFO [0m:      	                    (20, 756.9380901475504),
2026-07-09 02:56:09,156 | INFO | 	                    (20, 756.9380901475504),
[92mINFO [0m:      	                    (21, 706.6870001356727),
2026-07-09 02:56:09,156 | INFO | 	                    (21, 706.6870001356727),
[92mINFO [0m:      	                    (22, 113.54485142135498),
2026-07-09 02:56:09,156 | INFO | 	                    (22, 113.54485142135498),
[92mINFO [0m:      	                    (23, 104.25358208869874),
2026-07-09 02:56:09,156 | INFO | 	                    (23, 104.25358208869874),
[92mINFO [0m:      	                    (24, 938.205680450349),
2026-07-09 02:56:09,156 | INFO | 	                    (24, 938.205680450349),
[92mINFO [0m:      	                    (25, 458.79792943618975),
2026-07-09 02:56:09,156 | INFO | 	                    (25, 458.79792943618975),
[92mINFO [0m:      	                    (26, 71.3012991950262),
2026-07-09 02:56:09,156 | INFO | 	                    (26, 71.3012991950262),
[92mINFO [0m:      	                    (27, 593.1604387832066),
2026-07-09 02:56:09,156 | INFO | 	                    (27, 593.1604387832066),
[92mINFO [0m:      	                    (28, 553.4626695841141),
2026-07-09 02:56:09,156 | INFO | 	                    (28, 553.4626695841141),
[92mINFO [0m:      	                    (29, 589.4105854394838),
2026-07-09 02:56:09,156 | INFO | 	                    (29, 589.4105854394838),
[92mINFO [0m:      	                    (30, 532.6420685320912),
2026-07-09 02:56:09,156 | INFO | 	                    (30, 532.6420685320912),
[92mINFO [0m:      	                    (31, 524.0646195989395),
2026-07-09 02:56:09,156 | INFO | 	                    (31, 524.0646195989395),
[92mINFO [0m:      	                    (32, 745.1443163253481),
2026-07-09 02:56:09,156 | INFO | 	                    (32, 745.1443163253481),
[92mINFO [0m:      	                    (33, 708.5292067460717),
2026-07-09 02:56:09,156 | INFO | 	                    (33, 708.5292067460717),
[92mINFO [0m:      	                    (34, 894.9454693842723),
2026-07-09 02:56:09,156 | INFO | 	                    (34, 894.9454693842723),
[92mINFO [0m:      	                    (35, 483.7155987860479),
2026-07-09 02:56:09,156 | INFO | 	                    (35, 483.7155987860479),
[92mINFO [0m:      	                    (36, 120.68538889049384),
2026-07-09 02:56:09,156 | INFO | 	                    (36, 120.68538889049384),
[92mINFO [0m:      	                    (37, 707.5251974588155),
2026-07-09 02:56:09,156 | INFO | 	                    (37, 707.5251974588155),
[92mINFO [0m:      	                    (38, 608.6949709817967),
2026-07-09 02:56:09,156 | INFO | 	                    (38, 608.6949709817967),
[92mINFO [0m:      	                    (39, 561.1524132194021),
2026-07-09 02:56:09,156 | INFO | 	                    (39, 561.1524132194021),
[92mINFO [0m:      	                    (40, 459.0467613882204),
2026-07-09 02:56:09,156 | INFO | 	                    (40, 459.0467613882204),
[92mINFO [0m:      	                    (41, 286.19508667948907),
2026-07-09 02:56:09,156 | INFO | 	                    (41, 286.19508667948907),
[92mINFO [0m:      	                    (42, 375.19306138908),
2026-07-09 02:56:09,156 | INFO | 	                    (42, 375.19306138908),
[92mINFO [0m:      	                    (43, 615.9254677963357),
2026-07-09 02:56:09,156 | INFO | 	                    (43, 615.9254677963357),
[92mINFO [0m:      	                    (44, 398.8660512106321),
2026-07-09 02:56:09,156 | INFO | 	                    (44, 398.8660512106321),
[92mINFO [0m:      	                    (45, 359.1076447073161),
2026-07-09 02:56:09,157 | INFO | 	                    (45, 359.1076447073161),
[92mINFO [0m:      	                    (46, 360.6803449962249),
2026-07-09 02:56:09,157 | INFO | 	                    (46, 360.6803449962249),
[92mINFO [0m:      	                    (47, 444.52918121133354),
2026-07-09 02:56:09,157 | INFO | 	                    (47, 444.52918121133354),
[92mINFO [0m:      	                    (48, 503.1299644553175),
2026-07-09 02:56:09,157 | INFO | 	                    (48, 503.1299644553175),
[92mINFO [0m:      	                    (49, 457.7617427839092),
2026-07-09 02:56:09,157 | INFO | 	                    (49, 457.7617427839092),
[92mINFO [0m:      	                    (50, 260.3412391391007),
2026-07-09 02:56:09,157 | INFO | 	                    (50, 260.3412391391007),
[92mINFO [0m:      	                    (51, 274.7694905353789),
2026-07-09 02:56:09,157 | INFO | 	                    (51, 274.7694905353789),
[92mINFO [0m:      	                    (52, 464.5274952031975),
2026-07-09 02:56:09,157 | INFO | 	                    (52, 464.5274952031975),
[92mINFO [0m:      	                    (53, 397.96841045665656),
2026-07-09 02:56:09,157 | INFO | 	                    (53, 397.96841045665656),
[92mINFO [0m:      	                    (54, 454.1149125240343),
2026-07-09 02:56:09,157 | INFO | 	                    (54, 454.1149125240343),
[92mINFO [0m:      	                    (55, 344.0111375554154),
2026-07-09 02:56:09,157 | INFO | 	                    (55, 344.0111375554154),
[92mINFO [0m:      	                    (56, 303.62016994625634),
2026-07-09 02:56:09,157 | INFO | 	                    (56, 303.62016994625634),
[92mINFO [0m:      	                    (57, 466.58336820915736),
2026-07-09 02:56:09,157 | INFO | 	                    (57, 466.58336820915736),
[92mINFO [0m:      	                    (58, 312.7211193461349),
2026-07-09 02:56:09,157 | INFO | 	                    (58, 312.7211193461349),
[92mINFO [0m:      	                    (59, 478.5135058923628),
2026-07-09 02:56:09,157 | INFO | 	                    (59, 478.5135058923628),
[92mINFO [0m:      	                    (60, 423.53829448009776)],
2026-07-09 02:56:09,157 | INFO | 	                    (60, 423.53829448009776)],
[92mINFO [0m:      	 'regularization_loss_max': [(1, 11284.5403384777),
2026-07-09 02:56:09,157 | INFO | 	 'regularization_loss_max': [(1, 11284.5403384777),
[92mINFO [0m:      	                             (2, 11135.967992052618),
2026-07-09 02:56:09,157 | INFO | 	                             (2, 11135.967992052618),
[92mINFO [0m:      	                             (3, 11022.241020504942),
2026-07-09 02:56:09,157 | INFO | 	                             (3, 11022.241020504942),
[92mINFO [0m:      	                             (4, 10878.999547072528),
2026-07-09 02:56:09,157 | INFO | 	                             (4, 10878.999547072528),
[92mINFO [0m:      	                             (5, 10751.796043640226),
2026-07-09 02:56:09,157 | INFO | 	                             (5, 10751.796043640226),
[92mINFO [0m:      	                             (6, 10612.326875441808),
2026-07-09 02:56:09,157 | INFO | 	                             (6, 10612.326875441808),
[92mINFO [0m:      	                             (7, 10431.168312784237),
2026-07-09 02:56:09,157 | INFO | 	                             (7, 10431.168312784237),
[92mINFO [0m:      	                             (8, 10356.826843497183),
2026-07-09 02:56:09,157 | INFO | 	                             (8, 10356.826843497183),
[92mINFO [0m:      	                             (9, 10179.172044541703),
2026-07-09 02:56:09,157 | INFO | 	                             (9, 10179.172044541703),
[92mINFO [0m:      	                             (10, 10075.19957727687),
2026-07-09 02:56:09,157 | INFO | 	                             (10, 10075.19957727687),
[92mINFO [0m:      	                             (11, 9954.926909314196),
2026-07-09 02:56:09,157 | INFO | 	                             (11, 9954.926909314196),
[92mINFO [0m:      	                             (12, 9792.158359483763),
2026-07-09 02:56:09,157 | INFO | 	                             (12, 9792.158359483763),
[92mINFO [0m:      	                             (13, 9732.60512549698),
2026-07-09 02:56:09,157 | INFO | 	                             (13, 9732.60512549698),
[92mINFO [0m:      	                             (14, 9653.301262036899),
2026-07-09 02:56:09,157 | INFO | 	                             (14, 9653.301262036899),
[92mINFO [0m:      	                             (15, 9514.12416692395),
2026-07-09 02:56:09,157 | INFO | 	                             (15, 9514.12416692395),
[92mINFO [0m:      	                             (16, 9442.687752731086),
2026-07-09 02:56:09,157 | INFO | 	                             (16, 9442.687752731086),
[92mINFO [0m:      	                             (17, 9271.75753425596),
2026-07-09 02:56:09,157 | INFO | 	                             (17, 9271.75753425596),
[92mINFO [0m:      	                             (18, 9167.876734626694),
2026-07-09 02:56:09,157 | INFO | 	                             (18, 9167.876734626694),
[92mINFO [0m:      	                             (19, 9108.594466861816),
2026-07-09 02:56:09,157 | INFO | 	                             (19, 9108.594466861816),
[92mINFO [0m:      	                             (20, 8972.438255983327),
2026-07-09 02:56:09,157 | INFO | 	                             (20, 8972.438255983327),
[92mINFO [0m:      	                             (21, 8806.09116654052),
2026-07-09 02:56:09,157 | INFO | 	                             (21, 8806.09116654052),
[92mINFO [0m:      	                             (22, 8686.72439697003),
2026-07-09 02:56:09,157 | INFO | 	                             (22, 8686.72439697003),
[92mINFO [0m:      	                             (23, 8557.093774791396),
2026-07-09 02:56:09,158 | INFO | 	                             (23, 8557.093774791396),
[92mINFO [0m:      	                             (24, 8470.047540186308),
2026-07-09 02:56:09,158 | INFO | 	                             (24, 8470.047540186308),
[92mINFO [0m:      	                             (25, 8357.557858735516),
2026-07-09 02:56:09,158 | INFO | 	                             (25, 8357.557858735516),
[92mINFO [0m:      	                             (26, 8268.879742869494),
2026-07-09 02:56:09,158 | INFO | 	                             (26, 8268.879742869494),
[92mINFO [0m:      	                             (27, 8137.932079586587),
2026-07-09 02:56:09,158 | INFO | 	                             (27, 8137.932079586587),
[92mINFO [0m:      	                             (28, 8013.03872768905),
2026-07-09 02:56:09,158 | INFO | 	                             (28, 8013.03872768905),
[92mINFO [0m:      	                             (29, 7901.763651612419),
2026-07-09 02:56:09,158 | INFO | 	                             (29, 7901.763651612419),
[92mINFO [0m:      	                             (30, 7791.604888277845),
2026-07-09 02:56:09,158 | INFO | 	                             (30, 7791.604888277845),
[92mINFO [0m:      	                             (31, 7747.069705606783),
2026-07-09 02:56:09,158 | INFO | 	                             (31, 7747.069705606783),
[92mINFO [0m:      	                             (32, 7628.281963781171),
2026-07-09 02:56:09,158 | INFO | 	                             (32, 7628.281963781171),
[92mINFO [0m:      	                             (33, 7590.864065710812),
2026-07-09 02:56:09,158 | INFO | 	                             (33, 7590.864065710812),
[92mINFO [0m:      	                             (34, 7460.717106916801),
2026-07-09 02:56:09,158 | INFO | 	                             (34, 7460.717106916801),
[92mINFO [0m:      	                             (35, 7439.669486465134),
2026-07-09 02:56:09,158 | INFO | 	                             (35, 7439.669486465134),
[92mINFO [0m:      	                             (36, 7405.183617895045),
2026-07-09 02:56:09,158 | INFO | 	                             (36, 7405.183617895045),
[92mINFO [0m:      	                             (37, 7322.2255968930895),
2026-07-09 02:56:09,158 | INFO | 	                             (37, 7322.2255968930895),
[92mINFO [0m:      	                             (38, 7224.174769977265),
2026-07-09 02:56:09,158 | INFO | 	                             (38, 7224.174769977265),
[92mINFO [0m:      	                             (39, 7205.094063286729),
2026-07-09 02:56:09,158 | INFO | 	                             (39, 7205.094063286729),
[92mINFO [0m:      	                             (40, 7117.080281222425),
2026-07-09 02:56:09,158 | INFO | 	                             (40, 7117.080281222425),
[92mINFO [0m:      	                             (41, 7028.791391056375),
2026-07-09 02:56:09,158 | INFO | 	                             (41, 7028.791391056375),
[92mINFO [0m:      	                             (42, 6474.117272848681),
2026-07-09 02:56:09,158 | INFO | 	                             (42, 6474.117272848681),
[92mINFO [0m:      	                             (43, 6968.8199986349655),
2026-07-09 02:56:09,158 | INFO | 	                             (43, 6968.8199986349655),
[92mINFO [0m:      	                             (44, 6853.117297714789),
2026-07-09 02:56:09,158 | INFO | 	                             (44, 6853.117297714789),
[92mINFO [0m:      	                             (45, 6185.009537426184),
2026-07-09 02:56:09,158 | INFO | 	                             (45, 6185.009537426184),
[92mINFO [0m:      	                             (46, 6081.190040955837),
2026-07-09 02:56:09,158 | INFO | 	                             (46, 6081.190040955837),
[92mINFO [0m:      	                             (47, 6679.952528852183),
2026-07-09 02:56:09,158 | INFO | 	                             (47, 6679.952528852183),
[92mINFO [0m:      	                             (48, 6574.206847904798),
2026-07-09 02:56:09,158 | INFO | 	                             (48, 6574.206847904798),
[92mINFO [0m:      	                             (49, 6568.328126699362),
2026-07-09 02:56:09,158 | INFO | 	                             (49, 6568.328126699362),
[92mINFO [0m:      	                             (50, 6401.717395039417),
2026-07-09 02:56:09,158 | INFO | 	                             (50, 6401.717395039417),
[92mINFO [0m:      	                             (51, 6362.989740375648),
2026-07-09 02:56:09,158 | INFO | 	                             (51, 6362.989740375648),
[92mINFO [0m:      	                             (52, 6319.534939630598),
2026-07-09 02:56:09,159 | INFO | 	                             (52, 6319.534939630598),
[92mINFO [0m:      	                             (53, 6323.965903940543),
2026-07-09 02:56:09,159 | INFO | 	                             (53, 6323.965903940543),
[92mINFO [0m:      	                             (54, 6231.628640908525),
2026-07-09 02:56:09,159 | INFO | 	                             (54, 6231.628640908525),
[92mINFO [0m:      	                             (55, 6101.331496123302),
2026-07-09 02:56:09,159 | INFO | 	                             (55, 6101.331496123302),
[92mINFO [0m:      	                             (56, 6081.687409868393),
2026-07-09 02:56:09,159 | INFO | 	                             (56, 6081.687409868393),
[92mINFO [0m:      	                             (57, 6033.35702657459),
2026-07-09 02:56:09,159 | INFO | 	                             (57, 6033.35702657459),
[92mINFO [0m:      	                             (58, 5969.209315804378),
2026-07-09 02:56:09,159 | INFO | 	                             (58, 5969.209315804378),
[92mINFO [0m:      	                             (59, 5910.577177246367),
2026-07-09 02:56:09,159 | INFO | 	                             (59, 5910.577177246367),
[92mINFO [0m:      	                             (60, 5822.992448612679)],
2026-07-09 02:56:09,159 | INFO | 	                             (60, 5822.992448612679)],
[92mINFO [0m:      	 'regularization_loss_mean': [(1, 10574.350602034418),
2026-07-09 02:56:09,159 | INFO | 	 'regularization_loss_mean': [(1, 10574.350602034418),
[92mINFO [0m:      	                              (2, 10707.904100347552),
2026-07-09 02:56:09,159 | INFO | 	                              (2, 10707.904100347552),
[92mINFO [0m:      	                              (3, 10599.714201624744),
2026-07-09 02:56:09,159 | INFO | 	                              (3, 10599.714201624744),
[92mINFO [0m:      	                              (4, 10425.515562316452),
2026-07-09 02:56:09,159 | INFO | 	                              (4, 10425.515562316452),
[92mINFO [0m:      	                              (5, 10475.250011881679),
2026-07-09 02:56:09,159 | INFO | 	                              (5, 10475.250011881679),
[92mINFO [0m:      	                              (6, 10139.34572696835),
2026-07-09 02:56:09,159 | INFO | 	                              (6, 10139.34572696835),
[92mINFO [0m:      	                              (7, 9797.760219028896),
2026-07-09 02:56:09,159 | INFO | 	                              (7, 9797.760219028896),
[92mINFO [0m:      	                              (8, 9874.922660437393),
2026-07-09 02:56:09,159 | INFO | 	                              (8, 9874.922660437393),
[92mINFO [0m:      	                              (9, 9968.795115147921),
2026-07-09 02:56:09,159 | INFO | 	                              (9, 9968.795115147921),
[92mINFO [0m:      	                              (10, 9653.063112735415),
2026-07-09 02:56:09,159 | INFO | 	                              (10, 9653.063112735415),
[92mINFO [0m:      	                              (11, 9334.997332282013),
2026-07-09 02:56:09,159 | INFO | 	                              (11, 9334.997332282013),
[92mINFO [0m:      	                              (12, 9567.139478419305),
2026-07-09 02:56:09,159 | INFO | 	                              (12, 9567.139478419305),
[92mINFO [0m:      	                              (13, 9530.328142198918),
2026-07-09 02:56:09,159 | INFO | 	                              (13, 9530.328142198918),
[92mINFO [0m:      	                              (14, 9504.026444749685),
2026-07-09 02:56:09,159 | INFO | 	                              (14, 9504.026444749685),
[92mINFO [0m:      	                              (15, 9347.901619832213),
2026-07-09 02:56:09,159 | INFO | 	                              (15, 9347.901619832213),
[92mINFO [0m:      	                              (16, 9161.79277139578),
2026-07-09 02:56:09,159 | INFO | 	                              (16, 9161.79277139578),
[92mINFO [0m:      	                              (17, 9080.566955922064),
2026-07-09 02:56:09,159 | INFO | 	                              (17, 9080.566955922064),
[92mINFO [0m:      	                              (18, 8974.215226218923),
2026-07-09 02:56:09,159 | INFO | 	                              (18, 8974.215226218923),
[92mINFO [0m:      	                              (19, 8737.408819653136),
2026-07-09 02:56:09,159 | INFO | 	                              (19, 8737.408819653136),
[92mINFO [0m:      	                              (20, 8546.255182600988),
2026-07-09 02:56:09,159 | INFO | 	                              (20, 8546.255182600988),
[92mINFO [0m:      	                              (21, 8451.549090938523),
2026-07-09 02:56:09,159 | INFO | 	                              (21, 8451.549090938523),
[92mINFO [0m:      	                              (22, 8592.444201010774),
2026-07-09 02:56:09,159 | INFO | 	                              (22, 8592.444201010774),
[92mINFO [0m:      	                              (23, 8478.679852470881),
2026-07-09 02:56:09,159 | INFO | 	                              (23, 8478.679852470881),
[92mINFO [0m:      	                              (24, 7929.803899521754),
2026-07-09 02:56:09,159 | INFO | 	                              (24, 7929.803899521754),
[92mINFO [0m:      	                              (25, 8143.39257149834),
2026-07-09 02:56:09,159 | INFO | 	                              (25, 8143.39257149834),
[92mINFO [0m:      	                              (26, 8155.495676206784),
2026-07-09 02:56:09,159 | INFO | 	                              (26, 8155.495676206784),
[92mINFO [0m:      	                              (27, 7916.151325567964),
2026-07-09 02:56:09,159 | INFO | 	                              (27, 7916.151325567964),
[92mINFO [0m:      	                              (28, 7743.259648945569),
2026-07-09 02:56:09,159 | INFO | 	                              (28, 7743.259648945569),
[92mINFO [0m:      	                              (29, 7682.938692802117),
2026-07-09 02:56:09,159 | INFO | 	                              (29, 7682.938692802117),
[92mINFO [0m:      	                              (30, 7595.126802145093),
2026-07-09 02:56:09,160 | INFO | 	                              (30, 7595.126802145093),
[92mINFO [0m:      	                              (31, 7509.377039156277),
2026-07-09 02:56:09,160 | INFO | 	                              (31, 7509.377039156277),
[92mINFO [0m:      	                              (32, 7168.790629638034),
2026-07-09 02:56:09,160 | INFO | 	                              (32, 7168.790629638034),
[92mINFO [0m:      	                              (33, 7143.473759919013),
2026-07-09 02:56:09,160 | INFO | 	                              (33, 7143.473759919013),
[92mINFO [0m:      	                              (34, 6785.193938156992),
2026-07-09 02:56:09,160 | INFO | 	                              (34, 6785.193938156992),
[92mINFO [0m:      	                              (35, 7064.412844971576),
2026-07-09 02:56:09,160 | INFO | 	                              (35, 7064.412844971576),
[92mINFO [0m:      	                              (36, 7093.602508980765),
2026-07-09 02:56:09,160 | INFO | 	                              (36, 7093.602508980765),
[92mINFO [0m:      	                              (37, 6662.335904018301),
2026-07-09 02:56:09,160 | INFO | 	                              (37, 6662.335904018301),
[92mINFO [0m:      	                              (38, 6589.634440462973),
2026-07-09 02:56:09,160 | INFO | 	                              (38, 6589.634440462973),
[92mINFO [0m:      	                              (39, 6569.884629474826),
2026-07-09 02:56:09,160 | INFO | 	                              (39, 6569.884629474826),
[92mINFO [0m:      	                              (40, 6654.967022570743),
2026-07-09 02:56:09,160 | INFO | 	                              (40, 6654.967022570743),
[92mINFO [0m:      	                              (41, 6585.185382528364),
2026-07-09 02:56:09,160 | INFO | 	                              (41, 6585.185382528364),
[92mINFO [0m:      	                              (42, 6295.293834067464),
2026-07-09 02:56:09,160 | INFO | 	                              (42, 6295.293834067464),
[92mINFO [0m:      	                              (43, 6191.207789614919),
2026-07-09 02:56:09,160 | INFO | 	                              (43, 6191.207789614919),
[92mINFO [0m:      	                              (44, 6224.326297516467),
2026-07-09 02:56:09,160 | INFO | 	                              (44, 6224.326297516467),
[92mINFO [0m:      	                              (45, 6030.379923831968),
2026-07-09 02:56:09,160 | INFO | 	                              (45, 6030.379923831968),
[92mINFO [0m:      	                              (46, 5915.132012806626),
2026-07-09 02:56:09,160 | INFO | 	                              (46, 5915.132012806626),
[92mINFO [0m:      	                              (47, 5977.553434760411),
2026-07-09 02:56:09,160 | INFO | 	                              (47, 5977.553434760411),
[92mINFO [0m:      	                              (48, 5916.758276110277),
2026-07-09 02:56:09,160 | INFO | 	                              (48, 5916.758276110277),
[92mINFO [0m:      	                              (49, 5864.122188946098),
2026-07-09 02:56:09,160 | INFO | 	                              (49, 5864.122188946098),
[92mINFO [0m:      	                              (50, 5743.663019501157),
2026-07-09 02:56:09,160 | INFO | 	                              (50, 5743.663019501157),
[92mINFO [0m:      	                              (51, 5670.173212639291),
2026-07-09 02:56:09,160 | INFO | 	                              (51, 5670.173212639291),
[92mINFO [0m:      	                              (52, 5588.18631183619),
2026-07-09 02:56:09,160 | INFO | 	                              (52, 5588.18631183619),
[92mINFO [0m:      	                              (53, 5682.2284026613925),
2026-07-09 02:56:09,160 | INFO | 	                              (53, 5682.2284026613925),
[92mINFO [0m:      	                              (54, 5441.958844248492),
2026-07-09 02:56:09,160 | INFO | 	                              (54, 5441.958844248492),
[92mINFO [0m:      	                              (55, 5248.208682403856),
2026-07-09 02:56:09,160 | INFO | 	                              (55, 5248.208682403856),
[92mINFO [0m:      	                              (56, 5289.270335642146),
2026-07-09 02:56:09,160 | INFO | 	                              (56, 5289.270335642146),
[92mINFO [0m:      	                              (57, 5215.3540831863465),
2026-07-09 02:56:09,160 | INFO | 	                              (57, 5215.3540831863465),
[92mINFO [0m:      	                              (58, 5155.121837252137),
2026-07-09 02:56:09,160 | INFO | 	                              (58, 5155.121837252137),
[92mINFO [0m:      	                              (59, 5066.323264860636),
2026-07-09 02:56:09,160 | INFO | 	                              (59, 5066.323264860636),
[92mINFO [0m:      	                              (60, 5103.966842816724)],
2026-07-09 02:56:09,160 | INFO | 	                              (60, 5103.966842816724)],
[92mINFO [0m:      	 'regularization_loss_min': [(1, 7562.300668640564),
2026-07-09 02:56:09,160 | INFO | 	 'regularization_loss_min': [(1, 7562.300668640564),
[92mINFO [0m:      	                             (2, 7349.179414675627),
2026-07-09 02:56:09,160 | INFO | 	                             (2, 7349.179414675627),
[92mINFO [0m:      	                             (3, 9332.181862293726),
2026-07-09 02:56:09,160 | INFO | 	                             (3, 9332.181862293726),
[92mINFO [0m:      	                             (4, 7154.321401547397),
2026-07-09 02:56:09,160 | INFO | 	                             (4, 7154.321401547397),
[92mINFO [0m:      	                             (5, 9150.22920273641),
2026-07-09 02:56:09,160 | INFO | 	                             (5, 9150.22920273641),
[92mINFO [0m:      	                             (6, 7340.887950243107),
2026-07-09 02:56:09,160 | INFO | 	                             (6, 7340.887950243107),
[92mINFO [0m:      	                             (7, 7223.545768517342),
2026-07-09 02:56:09,160 | INFO | 	                             (7, 7223.545768517342),
[92mINFO [0m:      	                             (8, 6892.778061561192),
2026-07-09 02:56:09,160 | INFO | 	                             (8, 6892.778061561192),
[92mINFO [0m:      	                             (9, 8986.496284011433),
2026-07-09 02:56:09,161 | INFO | 	                             (9, 8986.496284011433),
[92mINFO [0m:      	                             (10, 8916.21240180115),
2026-07-09 02:56:09,161 | INFO | 	                             (10, 8916.21240180115),
[92mINFO [0m:      	                             (11, 6465.169411948842),
2026-07-09 02:56:09,161 | INFO | 	                             (11, 6465.169411948842),
[92mINFO [0m:      	                             (12, 8769.938549208855),
2026-07-09 02:56:09,161 | INFO | 	                             (12, 8769.938549208855),
[92mINFO [0m:      	                             (13, 8705.39768565108),
2026-07-09 02:56:09,161 | INFO | 	                             (13, 8705.39768565108),
[92mINFO [0m:      	                             (14, 8687.244569429684),
2026-07-09 02:56:09,161 | INFO | 	                             (14, 8687.244569429684),
[92mINFO [0m:      	                             (15, 8660.256824987553),
2026-07-09 02:56:09,161 | INFO | 	                             (15, 8660.256824987553),
[92mINFO [0m:      	                             (16, 6390.320197837115),
2026-07-09 02:56:09,161 | INFO | 	                             (16, 6390.320197837115),
[92mINFO [0m:      	                             (17, 8515.431478607243),
2026-07-09 02:56:09,161 | INFO | 	                             (17, 8515.431478607243),
[92mINFO [0m:      	                             (18, 8410.068142265696),
2026-07-09 02:56:09,161 | INFO | 	                             (18, 8410.068142265696),
[92mINFO [0m:      	                             (19, 6233.022617828599),
2026-07-09 02:56:09,161 | INFO | 	                             (19, 6233.022617828599),
[92mINFO [0m:      	                             (20, 6621.043701658408),
2026-07-09 02:56:09,161 | INFO | 	                             (20, 6621.043701658408),
[92mINFO [0m:      	                             (21, 5904.86139458553),
2026-07-09 02:56:09,161 | INFO | 	                             (21, 5904.86139458553),
[92mINFO [0m:      	                             (22, 8186.227435546223),
2026-07-09 02:56:09,161 | INFO | 	                             (22, 8186.227435546223),
[92mINFO [0m:      	                             (23, 8206.849721147668),
2026-07-09 02:56:09,161 | INFO | 	                             (23, 8206.849721147668),
[92mINFO [0m:      	                             (24, 5795.458632185674),
2026-07-09 02:56:09,161 | INFO | 	                             (24, 5795.458632185674),
[92mINFO [0m:      	                             (25, 6446.539928765393),
2026-07-09 02:56:09,161 | INFO | 	                             (25, 6446.539928765393),
[92mINFO [0m:      	                             (26, 7979.079996072825),
2026-07-09 02:56:09,161 | INFO | 	                             (26, 7979.079996072825),
[92mINFO [0m:      	                             (27, 5707.957978568559),
2026-07-09 02:56:09,161 | INFO | 	                             (27, 5707.957978568559),
[92mINFO [0m:      	                             (28, 6315.264152515468),
2026-07-09 02:56:09,161 | INFO | 	                             (28, 6315.264152515468),
[92mINFO [0m:      	                             (29, 5482.46691049761),
2026-07-09 02:56:09,161 | INFO | 	                             (29, 5482.46691049761),
[92mINFO [0m:      	                             (30, 5605.581785732312),
2026-07-09 02:56:09,161 | INFO | 	                             (30, 5605.581785732312),
[92mINFO [0m:      	                             (31, 5554.96133154457),
2026-07-09 02:56:09,161 | INFO | 	                             (31, 5554.96133154457),
[92mINFO [0m:      	                             (32, 5456.511797385722),
2026-07-09 02:56:09,161 | INFO | 	                             (32, 5456.511797385722),
[92mINFO [0m:      	                             (33, 5253.497044238567),
2026-07-09 02:56:09,161 | INFO | 	                             (33, 5253.497044238567),
[92mINFO [0m:      	                             (34, 5223.269182368507),
2026-07-09 02:56:09,161 | INFO | 	                             (34, 5223.269182368507),
[92mINFO [0m:      	                             (35, 5288.335571146766),
2026-07-09 02:56:09,161 | INFO | 	                             (35, 5288.335571146766),
[92mINFO [0m:      	                             (36, 7005.047749774892),
2026-07-09 02:56:09,161 | INFO | 	                             (36, 7005.047749774892),
[92mINFO [0m:      	                             (37, 5076.185299796554),
2026-07-09 02:56:09,161 | INFO | 	                             (37, 5076.185299796554),
[92mINFO [0m:      	                             (38, 5136.165637705285),
2026-07-09 02:56:09,161 | INFO | 	                             (38, 5136.165637705285),
[92mINFO [0m:      	                             (39, 4947.273342304568),
2026-07-09 02:56:09,161 | INFO | 	                             (39, 4947.273342304568),
[92mINFO [0m:      	                             (40, 5122.092753685544),
2026-07-09 02:56:09,161 | INFO | 	                             (40, 5122.092753685544),
[92mINFO [0m:      	                             (41, 5793.356505004826),
2026-07-09 02:56:09,161 | INFO | 	                             (41, 5793.356505004826),
[92mINFO [0m:      	                             (42, 5033.295008773493),
2026-07-09 02:56:09,161 | INFO | 	                             (42, 5033.295008773493),
[92mINFO [0m:      	                             (43, 4769.013013229585),
2026-07-09 02:56:09,161 | INFO | 	                             (43, 4769.013013229585),
[92mINFO [0m:      	                             (44, 4950.1237084402255),
2026-07-09 02:56:09,161 | INFO | 	                             (44, 4950.1237084402255),
[92mINFO [0m:      	                             (45, 4689.375811804028),
2026-07-09 02:56:09,161 | INFO | 	                             (45, 4689.375811804028),
[92mINFO [0m:      	                             (46, 4619.881163396146),
2026-07-09 02:56:09,161 | INFO | 	                             (46, 4619.881163396146),
[92mINFO [0m:      	                             (47, 4830.319969193361),
2026-07-09 02:56:09,161 | INFO | 	                             (47, 4830.319969193361),
[92mINFO [0m:      	                             (48, 4550.383701282248),
2026-07-09 02:56:09,162 | INFO | 	                             (48, 4550.383701282248),
[92mINFO [0m:      	                             (49, 4743.785683476574),
2026-07-09 02:56:09,162 | INFO | 	                             (49, 4743.785683476574),
[92mINFO [0m:      	                             (50, 5479.664541775507),
2026-07-09 02:56:09,162 | INFO | 	                             (50, 5479.664541775507),
[92mINFO [0m:      	                             (51, 5388.334289133904),
2026-07-09 02:56:09,162 | INFO | 	                             (51, 5388.334289133904),
[92mINFO [0m:      	                             (52, 4317.599950127263),
2026-07-09 02:56:09,162 | INFO | 	                             (52, 4317.599950127263),
[92mINFO [0m:      	                             (53, 5373.127451638261),
2026-07-09 02:56:09,162 | INFO | 	                             (53, 5373.127451638261),
[92mINFO [0m:      	                             (54, 4290.229137415363),
2026-07-09 02:56:09,162 | INFO | 	                             (54, 4290.229137415363),
[92mINFO [0m:      	                             (55, 4228.788345539674),
2026-07-09 02:56:09,162 | INFO | 	                             (55, 4228.788345539674),
[92mINFO [0m:      	                             (56, 5144.686223902697),
2026-07-09 02:56:09,162 | INFO | 	                             (56, 5144.686223902697),
[92mINFO [0m:      	                             (57, 4150.700838033352),
2026-07-09 02:56:09,162 | INFO | 	                             (57, 4150.700838033352),
[92mINFO [0m:      	                             (58, 4989.26356751137),
2026-07-09 02:56:09,162 | INFO | 	                             (58, 4989.26356751137),
[92mINFO [0m:      	                             (59, 4106.6154918503125),
2026-07-09 02:56:09,162 | INFO | 	                             (59, 4106.6154918503125),
[92mINFO [0m:      	                             (60, 4830.099155822351)],
2026-07-09 02:56:09,162 | INFO | 	                             (60, 4830.099155822351)],
[92mINFO [0m:      	 'regularization_loss_p10': [(1, 9452.916173705522),
2026-07-09 02:56:09,162 | INFO | 	 'regularization_loss_p10': [(1, 9452.916173705522),
[92mINFO [0m:      	                             (2, 10034.925015547065),
2026-07-09 02:56:09,162 | INFO | 	                             (2, 10034.925015547065),
[92mINFO [0m:      	                             (3, 9404.208877484718),
2026-07-09 02:56:09,162 | INFO | 	                             (3, 9404.208877484718),
[92mINFO [0m:      	                             (4, 9831.555155789956),
2026-07-09 02:56:09,162 | INFO | 	                             (4, 9831.555155789956),
[92mINFO [0m:      	                             (5, 9804.064441153449),
2026-07-09 02:56:09,162 | INFO | 	                             (5, 9804.064441153449),
[92mINFO [0m:      	                             (6, 9158.243267373875),
2026-07-09 02:56:09,162 | INFO | 	                             (6, 9158.243267373875),
[92mINFO [0m:      	                             (7, 8000.6197003688085),
2026-07-09 02:56:09,162 | INFO | 	                             (7, 8000.6197003688085),
[92mINFO [0m:      	                             (8, 9013.772450548302),
2026-07-09 02:56:09,162 | INFO | 	                             (8, 9013.772450548302),
[92mINFO [0m:      	                             (9, 9469.345346614595),
2026-07-09 02:56:09,162 | INFO | 	                             (9, 9469.345346614595),
[92mINFO [0m:      	                             (10, 8940.26305274921),
2026-07-09 02:56:09,162 | INFO | 	                             (10, 8940.26305274921),
[92mINFO [0m:      	                             (11, 7772.6682108267405),
2026-07-09 02:56:09,162 | INFO | 	                             (11, 7772.6682108267405),
[92mINFO [0m:      	                             (12, 8837.05413778132),
2026-07-09 02:56:09,162 | INFO | 	                             (12, 8837.05413778132),
[92mINFO [0m:      	                             (13, 9096.283831468078),
2026-07-09 02:56:09,162 | INFO | 	                             (13, 9096.283831468078),
[92mINFO [0m:      	                             (14, 9504.261276248793),
2026-07-09 02:56:09,162 | INFO | 	                             (14, 9504.261276248793),
[92mINFO [0m:      	                             (15, 8982.544875061272),
2026-07-09 02:56:09,162 | INFO | 	                             (15, 8982.544875061272),
[92mINFO [0m:      	                             (16, 9314.734535138283),
2026-07-09 02:56:09,162 | INFO | 	                             (16, 9314.734535138283),
[92mINFO [0m:      	                             (17, 8559.056293631049),
2026-07-09 02:56:09,162 | INFO | 	                             (17, 8559.056293631049),
[92mINFO [0m:      	                             (18, 8472.738775765483),
2026-07-09 02:56:09,162 | INFO | 	                             (18, 8472.738775765483),
[92mINFO [0m:      	                             (19, 8445.704176134304),
2026-07-09 02:56:09,162 | INFO | 	                             (19, 8445.704176134304),
[92mINFO [0m:      	                             (20, 7352.213420821831),
2026-07-09 02:56:09,162 | INFO | 	                             (20, 7352.213420821831),
[92mINFO [0m:      	                             (21, 8301.806048320916),
2026-07-09 02:56:09,162 | INFO | 	                             (21, 8301.806048320916),
[92mINFO [0m:      	                             (22, 8569.2626032069),
2026-07-09 02:56:09,162 | INFO | 	                             (22, 8569.2626032069),
[92mINFO [0m:      	                             (23, 8330.489602178486),
2026-07-09 02:56:09,162 | INFO | 	                             (23, 8330.489602178486),
[92mINFO [0m:      	                             (24, 6169.190985816959),
2026-07-09 02:56:09,162 | INFO | 	                             (24, 6169.190985816959),
[92mINFO [0m:      	                             (25, 8103.703705484775),
2026-07-09 02:56:09,162 | INFO | 	                             (25, 8103.703705484775),
[92mINFO [0m:      	                             (26, 8062.485550742639),
2026-07-09 02:56:09,163 | INFO | 	                             (26, 8062.485550742639),
[92mINFO [0m:      	                             (27, 7940.032297860157),
2026-07-09 02:56:09,163 | INFO | 	                             (27, 7940.032297860157),
[92mINFO [0m:      	                             (28, 6976.142615800673),
2026-07-09 02:56:09,163 | INFO | 	                             (28, 6976.142615800673),
[92mINFO [0m:      	                             (29, 7769.965687302311),
2026-07-09 02:56:09,163 | INFO | 	                             (29, 7769.965687302311),
[92mINFO [0m:      	                             (30, 7689.58706569273),
2026-07-09 02:56:09,163 | INFO | 	                             (30, 7689.58706569273),
[92mINFO [0m:      	                             (31, 7601.160410819083),
2026-07-09 02:56:09,163 | INFO | 	                             (31, 7601.160410819083),
[92mINFO [0m:      	                             (32, 5769.697433713283),
2026-07-09 02:56:09,163 | INFO | 	                             (32, 5769.697433713283),
[92mINFO [0m:      	                             (33, 6200.677947704945),
2026-07-09 02:56:09,163 | INFO | 	                             (33, 6200.677947704945),
[92mINFO [0m:      	                             (34, 5289.430125399451),
2026-07-09 02:56:09,163 | INFO | 	                             (34, 5289.430125399451),
[92mINFO [0m:      	                             (35, 7096.854910530557),
2026-07-09 02:56:09,163 | INFO | 	                             (35, 7096.854910530557),
[92mINFO [0m:      	                             (36, 7011.828770186883),
2026-07-09 02:56:09,163 | INFO | 	                             (36, 7011.828770186883),
[92mINFO [0m:      	                             (37, 5525.009063035948),
2026-07-09 02:56:09,163 | INFO | 	                             (37, 5525.009063035948),
[92mINFO [0m:      	                             (38, 5504.040818455669),
2026-07-09 02:56:09,163 | INFO | 	                             (38, 5504.040818455669),
[92mINFO [0m:      	                             (39, 5864.215270397953),
2026-07-09 02:56:09,163 | INFO | 	                             (39, 5864.215270397953),
[92mINFO [0m:      	                             (40, 6599.9956813655),
2026-07-09 02:56:09,163 | INFO | 	                             (40, 6599.9956813655),
[92mINFO [0m:      	                             (41, 6510.52557320865),
2026-07-09 02:56:09,163 | INFO | 	                             (41, 6510.52557320865),
[92mINFO [0m:      	                             (42, 6027.157033369321),
2026-07-09 02:56:09,163 | INFO | 	                             (42, 6027.157033369321),
[92mINFO [0m:      	                             (43, 5151.080215562422),
2026-07-09 02:56:09,163 | INFO | 	                             (43, 5151.080215562422),
[92mINFO [0m:      	                             (44, 6197.26180016263),
2026-07-09 02:56:09,163 | INFO | 	                             (44, 6197.26180016263),
[92mINFO [0m:      	                             (45, 6088.824107459807),
2026-07-09 02:56:09,163 | INFO | 	                             (45, 6088.824107459807),
[92mINFO [0m:      	                             (46, 5786.404519862602),
2026-07-09 02:56:09,163 | INFO | 	                             (46, 5786.404519862602),
[92mINFO [0m:      	                             (47, 5674.182018984526),
2026-07-09 02:56:09,163 | INFO | 	                             (47, 5674.182018984526),
[92mINFO [0m:      	                             (48, 5558.862575725089),
2026-07-09 02:56:09,163 | INFO | 	                             (48, 5558.862575725089),
[92mINFO [0m:      	                             (49, 5565.947973107658),
2026-07-09 02:56:09,163 | INFO | 	                             (49, 5565.947973107658),
[92mINFO [0m:      	                             (50, 5623.013914168392),
2026-07-09 02:56:09,163 | INFO | 	                             (50, 5623.013914168392),
[92mINFO [0m:      	                             (51, 5554.309934512577),
2026-07-09 02:56:09,163 | INFO | 	                             (51, 5554.309934512577),
[92mINFO [0m:      	                             (52, 5478.302021496386),
2026-07-09 02:56:09,163 | INFO | 	                             (52, 5478.302021496386),
[92mINFO [0m:      	                             (53, 5391.785377647844),
2026-07-09 02:56:09,163 | INFO | 	                             (53, 5391.785377647844),
[92mINFO [0m:      	                             (54, 5301.431220057936),
2026-07-09 02:56:09,163 | INFO | 	                             (54, 5301.431220057936),
[92mINFO [0m:      	                             (55, 5233.23933211658),
2026-07-09 02:56:09,163 | INFO | 	                             (55, 5233.23933211658),
[92mINFO [0m:      	                             (56, 5148.998634006692),
2026-07-09 02:56:09,163 | INFO | 	                             (56, 5148.998634006692),
[92mINFO [0m:      	                             (57, 5067.943888068548),
2026-07-09 02:56:09,163 | INFO | 	                             (57, 5067.943888068548),
[92mINFO [0m:      	                             (58, 4998.71227749334),
2026-07-09 02:56:09,163 | INFO | 	                             (58, 4998.71227749334),
[92mINFO [0m:      	                             (59, 4628.28880971933),
2026-07-09 02:56:09,163 | INFO | 	                             (59, 4628.28880971933),
[92mINFO [0m:      	                             (60, 4831.826448461922)],
2026-07-09 02:56:09,163 | INFO | 	                             (60, 4831.826448461922)],
[92mINFO [0m:      	 'regularization_loss_p50': [(1, 11105.49500737472),
2026-07-09 02:56:09,163 | INFO | 	 'regularization_loss_p50': [(1, 11105.49500737472),
[92mINFO [0m:      	                             (2, 11058.990920684282),
2026-07-09 02:56:09,163 | INFO | 	                             (2, 11058.990920684282),
[92mINFO [0m:      	                             (3, 10876.661647976023),
2026-07-09 02:56:09,163 | INFO | 	                             (3, 10876.661647976023),
[92mINFO [0m:      	                             (4, 10742.405114762207),
2026-07-09 02:56:09,163 | INFO | 	                             (4, 10742.405114762207),
[92mINFO [0m:      	                             (5, 10653.507287475113),
2026-07-09 02:56:09,164 | INFO | 	                             (5, 10653.507287475113),
[92mINFO [0m:      	                             (6, 10511.678158566496),
2026-07-09 02:56:09,164 | INFO | 	                             (6, 10511.678158566496),
[92mINFO [0m:      	                             (7, 10362.673329297417),
2026-07-09 02:56:09,164 | INFO | 	                             (7, 10362.673329297417),
[92mINFO [0m:      	                             (8, 10245.959243449031),
2026-07-09 02:56:09,164 | INFO | 	                             (8, 10245.959243449031),
[92mINFO [0m:      	                             (9, 10097.19264201882),
2026-07-09 02:56:09,164 | INFO | 	                             (9, 10097.19264201882),
[92mINFO [0m:      	                             (10, 9974.204680840608),
2026-07-09 02:56:09,164 | INFO | 	                             (10, 9974.204680840608),
[92mINFO [0m:      	                             (11, 9863.037364597207),
2026-07-09 02:56:09,164 | INFO | 	                             (11, 9863.037364597207),
[92mINFO [0m:      	                             (12, 9765.615882142025),
2026-07-09 02:56:09,164 | INFO | 	                             (12, 9765.615882142025),
[92mINFO [0m:      	                             (13, 9648.855493274164),
2026-07-09 02:56:09,164 | INFO | 	                             (13, 9648.855493274164),
[92mINFO [0m:      	                             (14, 9566.295919189348),
2026-07-09 02:56:09,164 | INFO | 	                             (14, 9566.295919189348),
[92mINFO [0m:      	                             (15, 9445.762043142799),
2026-07-09 02:56:09,164 | INFO | 	                             (15, 9445.762043142799),
[92mINFO [0m:      	                             (16, 9350.636456604347),
2026-07-09 02:56:09,164 | INFO | 	                             (16, 9350.636456604347),
[92mINFO [0m:      	                             (17, 9212.132984153235),
2026-07-09 02:56:09,164 | INFO | 	                             (17, 9212.132984153235),
[92mINFO [0m:      	                             (18, 9091.75254623526),
2026-07-09 02:56:09,164 | INFO | 	                             (18, 9091.75254623526),
[92mINFO [0m:      	                             (19, 8969.147353068169),
2026-07-09 02:56:09,164 | INFO | 	                             (19, 8969.147353068169),
[92mINFO [0m:      	                             (20, 8862.217944556243),
2026-07-09 02:56:09,164 | INFO | 	                             (20, 8862.217944556243),
[92mINFO [0m:      	                             (21, 8726.9656546818),
2026-07-09 02:56:09,164 | INFO | 	                             (21, 8726.9656546818),
[92mINFO [0m:      	                             (22, 8622.21784391027),
2026-07-09 02:56:09,164 | INFO | 	                             (22, 8622.21784391027),
[92mINFO [0m:      	                             (23, 8518.02240878663),
2026-07-09 02:56:09,164 | INFO | 	                             (23, 8518.02240878663),
[92mINFO [0m:      	                             (24, 8382.657305381497),
2026-07-09 02:56:09,164 | INFO | 	                             (24, 8382.657305381497),
[92mINFO [0m:      	                             (25, 8275.785766913226),
2026-07-09 02:56:09,164 | INFO | 	                             (25, 8275.785766913226),
[92mINFO [0m:      	                             (26, 8167.77188997245),
2026-07-09 02:56:09,164 | INFO | 	                             (26, 8167.77188997245),
[92mINFO [0m:      	                             (27, 8090.217610433684),
2026-07-09 02:56:09,164 | INFO | 	                             (27, 8090.217610433684),
[92mINFO [0m:      	                             (28, 7951.538925071123),
2026-07-09 02:56:09,164 | INFO | 	                             (28, 7951.538925071123),
[92mINFO [0m:      	                             (29, 7846.840527232188),
2026-07-09 02:56:09,164 | INFO | 	                             (29, 7846.840527232188),
[92mINFO [0m:      	                             (30, 7733.182087376168),
2026-07-09 02:56:09,164 | INFO | 	                             (30, 7733.182087376168),
[92mINFO [0m:      	                             (31, 7626.1057470961),
2026-07-09 02:56:09,164 | INFO | 	                             (31, 7626.1057470961),
[92mINFO [0m:      	                             (32, 7512.818613655928),
2026-07-09 02:56:09,164 | INFO | 	                             (32, 7512.818613655928),
[92mINFO [0m:      	                             (33, 7397.7144315307),
2026-07-09 02:56:09,164 | INFO | 	                             (33, 7397.7144315307),
[92mINFO [0m:      	                             (34, 7281.110937476676),
2026-07-09 02:56:09,164 | INFO | 	                             (34, 7281.110937476676),
[92mINFO [0m:      	                             (35, 7163.925655165628),
2026-07-09 02:56:09,164 | INFO | 	                             (35, 7163.925655165628),
[92mINFO [0m:      	                             (36, 7058.577004756705),
2026-07-09 02:56:09,164 | INFO | 	                             (36, 7058.577004756705),
[92mINFO [0m:      	                             (37, 6961.252737078714),
2026-07-09 02:56:09,164 | INFO | 	                             (37, 6961.252737078714),
[92mINFO [0m:      	                             (38, 6836.747596524949),
2026-07-09 02:56:09,164 | INFO | 	                             (38, 6836.747596524949),
[92mINFO [0m:      	                             (39, 6735.14384224054),
2026-07-09 02:56:09,164 | INFO | 	                             (39, 6735.14384224054),
[92mINFO [0m:      	                             (40, 6639.7864113936375),
2026-07-09 02:56:09,164 | INFO | 	                             (40, 6639.7864113936375),
[92mINFO [0m:      	                             (41, 6533.3459556583275),
2026-07-09 02:56:09,164 | INFO | 	                             (41, 6533.3459556583275),
[92mINFO [0m:      	                             (42, 6419.623502109582),
2026-07-09 02:56:09,164 | INFO | 	                             (42, 6419.623502109582),
[92mINFO [0m:      	                             (43, 6363.588214424272),
2026-07-09 02:56:09,164 | INFO | 	                             (43, 6363.588214424272),
[92mINFO [0m:      	                             (44, 6229.909378223445),
2026-07-09 02:56:09,165 | INFO | 	                             (44, 6229.909378223445),
[92mINFO [0m:      	                             (45, 6125.450894469631),
2026-07-09 02:56:09,165 | INFO | 	                             (45, 6125.450894469631),
[92mINFO [0m:      	                             (46, 6033.3775327442545),
2026-07-09 02:56:09,165 | INFO | 	                             (46, 6033.3775327442545),
[92mINFO [0m:      	                             (47, 5935.916278109321),
2026-07-09 02:56:09,165 | INFO | 	                             (47, 5935.916278109321),
[92mINFO [0m:      	                             (48, 5857.827647356223),
2026-07-09 02:56:09,165 | INFO | 	                             (48, 5857.827647356223),
[92mINFO [0m:      	                             (49, 5759.490849737721),
2026-07-09 02:56:09,165 | INFO | 	                             (49, 5759.490849737721),
[92mINFO [0m:      	                             (50, 5664.571988537657),
2026-07-09 02:56:09,165 | INFO | 	                             (50, 5664.571988537657),
[92mINFO [0m:      	                             (51, 5575.498046201961),
2026-07-09 02:56:09,165 | INFO | 	                             (51, 5575.498046201961),
[92mINFO [0m:      	                             (52, 5514.4297875305365),
2026-07-09 02:56:09,165 | INFO | 	                             (52, 5514.4297875305365),
[92mINFO [0m:      	                             (53, 5410.773716860889),
2026-07-09 02:56:09,165 | INFO | 	                             (53, 5410.773716860889),
[92mINFO [0m:      	                             (54, 5358.284533649771),
2026-07-09 02:56:09,165 | INFO | 	                             (54, 5358.284533649771),
[92mINFO [0m:      	                             (55, 5256.527471295808),
2026-07-09 02:56:09,165 | INFO | 	                             (55, 5256.527471295808),
[92mINFO [0m:      	                             (56, 5157.685169983828),
2026-07-09 02:56:09,165 | INFO | 	                             (56, 5157.685169983828),
[92mINFO [0m:      	                             (57, 5091.726629782974),
2026-07-09 02:56:09,165 | INFO | 	                             (57, 5091.726629782974),
[92mINFO [0m:      	                             (58, 5024.039667812369),
2026-07-09 02:56:09,165 | INFO | 	                             (58, 5024.039667812369),
[92mINFO [0m:      	                             (59, 4952.534140765881),
2026-07-09 02:56:09,165 | INFO | 	                             (59, 4952.534140765881),
[92mINFO [0m:      	                             (60, 4852.927289156958)],
2026-07-09 02:56:09,165 | INFO | 	                             (60, 4852.927289156958)],
[92mINFO [0m:      	 'regularization_loss_p90': [(1, 11244.948473998673),
2026-07-09 02:56:09,165 | INFO | 	 'regularization_loss_p90': [(1, 11244.948473998673),
[92mINFO [0m:      	                             (2, 11116.956131090514),
2026-07-09 02:56:09,165 | INFO | 	                             (2, 11116.956131090514),
[92mINFO [0m:      	                             (3, 10996.686580979429),
2026-07-09 02:56:09,165 | INFO | 	                             (3, 10996.686580979429),
[92mINFO [0m:      	                             (4, 10854.481406566067),
2026-07-09 02:56:09,165 | INFO | 	                             (4, 10854.481406566067),
[92mINFO [0m:      	                             (5, 10735.464145610802),
2026-07-09 02:56:09,165 | INFO | 	                             (5, 10735.464145610802),
[92mINFO [0m:      	                             (6, 10586.82213232199),
2026-07-09 02:56:09,165 | INFO | 	                             (6, 10586.82213232199),
[92mINFO [0m:      	                             (7, 10414.257180534081),
2026-07-09 02:56:09,165 | INFO | 	                             (7, 10414.257180534081),
[92mINFO [0m:      	                             (8, 10338.873485119984),
2026-07-09 02:56:09,165 | INFO | 	                             (8, 10338.873485119984),
[92mINFO [0m:      	                             (9, 10165.715920825236),
2026-07-09 02:56:09,165 | INFO | 	                             (9, 10165.715920825236),
[92mINFO [0m:      	                             (10, 10029.456672240563),
2026-07-09 02:56:09,165 | INFO | 	                             (10, 10029.456672240563),
[92mINFO [0m:      	                             (11, 9917.939251012207),
2026-07-09 02:56:09,165 | INFO | 	                             (11, 9917.939251012207),
[92mINFO [0m:      	                             (12, 9789.531744414748),
2026-07-09 02:56:09,165 | INFO | 	                             (12, 9789.531744414748),
[92mINFO [0m:      	                             (13, 9694.293709096453),
2026-07-09 02:56:09,165 | INFO | 	                             (13, 9694.293709096453),
[92mINFO [0m:      	                             (14, 9626.044467685362),
2026-07-09 02:56:09,165 | INFO | 	                             (14, 9626.044467685362),
[92mINFO [0m:      	                             (15, 9495.095668963762),
2026-07-09 02:56:09,165 | INFO | 	                             (15, 9495.095668963762),
[92mINFO [0m:      	                             (16, 9407.839726005248),
2026-07-09 02:56:09,165 | INFO | 	                             (16, 9407.839726005248),
[92mINFO [0m:      	                             (17, 9246.049886338402),
2026-07-09 02:56:09,165 | INFO | 	                             (17, 9246.049886338402),
[92mINFO [0m:      	                             (18, 9134.234224109365),
2026-07-09 02:56:09,165 | INFO | 	                             (18, 9134.234224109365),
[92mINFO [0m:      	                             (19, 9060.701942650569),
2026-07-09 02:56:09,165 | INFO | 	                             (19, 9060.701942650569),
[92mINFO [0m:      	                             (20, 8925.175082501479),
2026-07-09 02:56:09,165 | INFO | 	                             (20, 8925.175082501479),
[92mINFO [0m:      	                             (21, 8784.161044408853),
2026-07-09 02:56:09,165 | INFO | 	                             (21, 8784.161044408853),
[92mINFO [0m:      	                             (22, 8664.2775198704),
2026-07-09 02:56:09,166 | INFO | 	                             (22, 8664.2775198704),
[92mINFO [0m:      	                             (23, 8541.044515309306),
2026-07-09 02:56:09,166 | INFO | 	                             (23, 8541.044515309306),
[92mINFO [0m:      	                             (24, 8462.019609090084),
2026-07-09 02:56:09,166 | INFO | 	                             (24, 8462.019609090084),
[92mINFO [0m:      	                             (25, 8332.30429908944),
2026-07-09 02:56:09,166 | INFO | 	                             (25, 8332.30429908944),
[92mINFO [0m:      	                             (26, 8219.012561283582),
2026-07-09 02:56:09,166 | INFO | 	                             (26, 8219.012561283582),
[92mINFO [0m:      	                             (27, 8130.334466985612),
2026-07-09 02:56:09,166 | INFO | 	                             (27, 8130.334466985612),
[92mINFO [0m:      	                             (28, 7993.806981834492),
2026-07-09 02:56:09,166 | INFO | 	                             (28, 7993.806981834492),
[92mINFO [0m:      	                             (29, 7884.193573967324),
2026-07-09 02:56:09,166 | INFO | 	                             (29, 7884.193573967324),
[92mINFO [0m:      	                             (30, 7770.723787557505),
2026-07-09 02:56:09,166 | INFO | 	                             (30, 7770.723787557505),
[92mINFO [0m:      	                             (31, 7712.529773752241),
2026-07-09 02:56:09,166 | INFO | 	                             (31, 7712.529773752241),
[92mINFO [0m:      	                             (32, 7595.721313196712),
2026-07-09 02:56:09,166 | INFO | 	                             (32, 7595.721313196712),
[92mINFO [0m:      	                             (33, 7481.746412024496),
2026-07-09 02:56:09,166 | INFO | 	                             (33, 7481.746412024496),
[92mINFO [0m:      	                             (34, 7402.406184099689),
2026-07-09 02:56:09,166 | INFO | 	                             (34, 7402.406184099689),
[92mINFO [0m:      	                             (35, 7310.317509002204),
2026-07-09 02:56:09,166 | INFO | 	                             (35, 7310.317509002204),
[92mINFO [0m:      	                             (36, 7266.540401181281),
2026-07-09 02:56:09,166 | INFO | 	                             (36, 7266.540401181281),
[92mINFO [0m:      	                             (37, 7304.328625625182),
2026-07-09 02:56:09,166 | INFO | 	                             (37, 7304.328625625182),
[92mINFO [0m:      	                             (38, 6881.635311925834),
2026-07-09 02:56:09,166 | INFO | 	                             (38, 6881.635311925834),
[92mINFO [0m:      	                             (39, 7030.891072003724),
2026-07-09 02:56:09,166 | INFO | 	                             (39, 7030.891072003724),
[92mINFO [0m:      	                             (40, 7105.20502033806),
2026-07-09 02:56:09,166 | INFO | 	                             (40, 7105.20502033806),
[92mINFO [0m:      	                             (41, 7019.020833435015),
2026-07-09 02:56:09,166 | INFO | 	                             (41, 7019.020833435015),
[92mINFO [0m:      	                             (42, 6462.208332341588),
2026-07-09 02:56:09,166 | INFO | 	                             (42, 6462.208332341588),
[92mINFO [0m:      	                             (43, 6720.072775161901),
2026-07-09 02:56:09,166 | INFO | 	                             (43, 6720.072775161901),
[92mINFO [0m:      	                             (44, 6600.286823356529),
2026-07-09 02:56:09,166 | INFO | 	                             (44, 6600.286823356529),
[92mINFO [0m:      	                             (45, 6147.400307726296),
2026-07-09 02:56:09,166 | INFO | 	                             (45, 6147.400307726296),
[92mINFO [0m:      	                             (46, 6040.991394809779),
2026-07-09 02:56:09,166 | INFO | 	                             (46, 6040.991394809779),
[92mINFO [0m:      	                             (47, 6660.0599250887035),
2026-07-09 02:56:09,166 | INFO | 	                             (47, 6660.0599250887035),
[92mINFO [0m:      	                             (48, 6562.668703939294),
2026-07-09 02:56:09,166 | INFO | 	                             (48, 6562.668703939294),
[92mINFO [0m:      	                             (49, 6489.18349536212),
2026-07-09 02:56:09,166 | INFO | 	                             (49, 6489.18349536212),
[92mINFO [0m:      	                             (50, 6111.322471371322),
2026-07-09 02:56:09,166 | INFO | 	                             (50, 6111.322471371322),
[92mINFO [0m:      	                             (51, 6063.144308435203),
2026-07-09 02:56:09,166 | INFO | 	                             (51, 6063.144308435203),
[92mINFO [0m:      	                             (52, 6300.3126814355),
2026-07-09 02:56:09,166 | INFO | 	                             (52, 6300.3126814355),
[92mINFO [0m:      	                             (53, 6238.968642066981),
2026-07-09 02:56:09,166 | INFO | 	                             (53, 6238.968642066981),
[92mINFO [0m:      	                             (54, 6161.6622820693265),
2026-07-09 02:56:09,166 | INFO | 	                             (54, 6161.6622820693265),
[92mINFO [0m:      	                             (55, 5300.035378584584),
2026-07-09 02:56:09,166 | INFO | 	                             (55, 5300.035378584584),
[92mINFO [0m:      	                             (56, 5727.407685601508),
2026-07-09 02:56:09,166 | INFO | 	                             (56, 5727.407685601508),
[92mINFO [0m:      	                             (57, 6019.183748508477),
2026-07-09 02:56:09,166 | INFO | 	                             (57, 6019.183748508477),
[92mINFO [0m:      	                             (58, 5617.239039801689),
2026-07-09 02:56:09,166 | INFO | 	                             (58, 5617.239039801689),
[92mINFO [0m:      	                             (59, 5866.1623274474305),
2026-07-09 02:56:09,166 | INFO | 	                             (59, 5866.1623274474305),
[92mINFO [0m:      	                             (60, 5805.397899853732)],
2026-07-09 02:56:09,167 | INFO | 	                             (60, 5805.397899853732)],
[92mINFO [0m:      	 'regularization_loss_std': [(1, 1045.2365669403107),
2026-07-09 02:56:09,167 | INFO | 	 'regularization_loss_std': [(1, 1045.2365669403107),
[92mINFO [0m:      	                             (2, 989.7422611619857),
2026-07-09 02:56:09,167 | INFO | 	                             (2, 989.7422611619857),
[92mINFO [0m:      	                             (3, 611.8033110645487),
2026-07-09 02:56:09,167 | INFO | 	                             (3, 611.8033110645487),
[92mINFO [0m:      	                             (4, 953.2140171493709),
2026-07-09 02:56:09,167 | INFO | 	                             (4, 953.2140171493709),
[92mINFO [0m:      	                             (5, 496.62254055736076),
2026-07-09 02:56:09,167 | INFO | 	                             (5, 496.62254055736076),
[92mINFO [0m:      	                             (6, 881.162739310543),
2026-07-09 02:56:09,167 | INFO | 	                             (6, 881.162739310543),
[92mINFO [0m:      	                             (7, 1082.0818277592057),
2026-07-09 02:56:09,167 | INFO | 	                             (7, 1082.0818277592057),
[92mINFO [0m:      	                             (8, 902.7005086565123),
2026-07-09 02:56:09,167 | INFO | 	                             (8, 902.7005086565123),
[92mINFO [0m:      	                             (9, 368.443992918163),
2026-07-09 02:56:09,167 | INFO | 	                             (9, 368.443992918163),
[92mINFO [0m:      	                             (10, 490.1010081009815),
2026-07-09 02:56:09,167 | INFO | 	                             (10, 490.1010081009815),
[92mINFO [0m:      	                             (11, 1072.7586782320982),
2026-07-09 02:56:09,167 | INFO | 	                             (11, 1072.7586782320982),
[92mINFO [0m:      	                             (12, 376.94975564821317),
2026-07-09 02:56:09,167 | INFO | 	                             (12, 376.94975564821317),
[92mINFO [0m:      	                             (13, 313.4595192532344),
2026-07-09 02:56:09,167 | INFO | 	                             (13, 313.4595192532344),
[92mINFO [0m:      	                             (14, 222.5449242293075),
2026-07-09 02:56:09,167 | INFO | 	                             (14, 222.5449242293075),
[92mINFO [0m:      	                             (15, 262.5674280546658),
2026-07-09 02:56:09,167 | INFO | 	                             (15, 262.5674280546658),
[92mINFO [0m:      	                             (16, 741.6432932331815),
2026-07-09 02:56:09,167 | INFO | 	                             (16, 741.6432932331815),
[92mINFO [0m:      	                             (17, 268.7852201946646),
2026-07-09 02:56:09,167 | INFO | 	                             (17, 268.7852201946646),
[92mINFO [0m:      	                             (18, 262.4335306825007),
2026-07-09 02:56:09,167 | INFO | 	                             (18, 262.4335306825007),
[92mINFO [0m:      	                             (19, 696.4809205060874),
2026-07-09 02:56:09,167 | INFO | 	                             (19, 696.4809205060874),
[92mINFO [0m:      	                             (20, 756.9380901475504),
2026-07-09 02:56:09,167 | INFO | 	                             (20, 756.9380901475504),
[92mINFO [0m:      	                             (21, 706.6870001356727),
2026-07-09 02:56:09,167 | INFO | 	                             (21, 706.6870001356727),
[92mINFO [0m:      	                             (22, 113.54485142135498),
2026-07-09 02:56:09,167 | INFO | 	                             (22, 113.54485142135498),
[92mINFO [0m:      	                             (23, 104.25358208869874),
2026-07-09 02:56:09,167 | INFO | 	                             (23, 104.25358208869874),
[92mINFO [0m:      	                             (24, 938.205680450349),
2026-07-09 02:56:09,167 | INFO | 	                             (24, 938.205680450349),
[92mINFO [0m:      	                             (25, 458.79792943618975),
2026-07-09 02:56:09,167 | INFO | 	                             (25, 458.79792943618975),
[92mINFO [0m:      	                             (26, 71.3012991950262),
2026-07-09 02:56:09,167 | INFO | 	                             (26, 71.3012991950262),
[92mINFO [0m:      	                             (27, 593.1604387832066),
2026-07-09 02:56:09,167 | INFO | 	                             (27, 593.1604387832066),
[92mINFO [0m:      	                             (28, 553.4626695841141),
2026-07-09 02:56:09,167 | INFO | 	                             (28, 553.4626695841141),
[92mINFO [0m:      	                             (29, 589.4105854394838),
2026-07-09 02:56:09,167 | INFO | 	                             (29, 589.4105854394838),
[92mINFO [0m:      	                             (30, 532.6420685320912),
2026-07-09 02:56:09,167 | INFO | 	                             (30, 532.6420685320912),
[92mINFO [0m:      	                             (31, 524.0646195989395),
2026-07-09 02:56:09,167 | INFO | 	                             (31, 524.0646195989395),
[92mINFO [0m:      	                             (32, 745.1443163253481),
2026-07-09 02:56:09,167 | INFO | 	                             (32, 745.1443163253481),
[92mINFO [0m:      	                             (33, 708.5292067460717),
2026-07-09 02:56:09,167 | INFO | 	                             (33, 708.5292067460717),
[92mINFO [0m:      	                             (34, 894.9454693842723),
2026-07-09 02:56:09,167 | INFO | 	                             (34, 894.9454693842723),
[92mINFO [0m:      	                             (35, 483.7155987860479),
2026-07-09 02:56:09,167 | INFO | 	                             (35, 483.7155987860479),
[92mINFO [0m:      	                             (36, 120.68538889049384),
2026-07-09 02:56:09,167 | INFO | 	                             (36, 120.68538889049384),
[92mINFO [0m:      	                             (37, 707.5251974588155),
2026-07-09 02:56:09,168 | INFO | 	                             (37, 707.5251974588155),
[92mINFO [0m:      	                             (38, 608.6949709817967),
2026-07-09 02:56:09,168 | INFO | 	                             (38, 608.6949709817967),
[92mINFO [0m:      	                             (39, 561.1524132194021),
2026-07-09 02:56:09,168 | INFO | 	                             (39, 561.1524132194021),
[92mINFO [0m:      	                             (40, 459.0467613882204),
2026-07-09 02:56:09,168 | INFO | 	                             (40, 459.0467613882204),
[92mINFO [0m:      	                             (41, 286.19508667948907),
2026-07-09 02:56:09,168 | INFO | 	                             (41, 286.19508667948907),
[92mINFO [0m:      	                             (42, 375.19306138908),
2026-07-09 02:56:09,168 | INFO | 	                             (42, 375.19306138908),
[92mINFO [0m:      	                             (43, 615.9254677963357),
2026-07-09 02:56:09,168 | INFO | 	                             (43, 615.9254677963357),
[92mINFO [0m:      	                             (44, 398.8660512106321),
2026-07-09 02:56:09,168 | INFO | 	                             (44, 398.8660512106321),
[92mINFO [0m:      	                             (45, 359.1076447073161),
2026-07-09 02:56:09,168 | INFO | 	                             (45, 359.1076447073161),
[92mINFO [0m:      	                             (46, 360.6803449962249),
2026-07-09 02:56:09,168 | INFO | 	                             (46, 360.6803449962249),
[92mINFO [0m:      	                             (47, 444.52918121133354),
2026-07-09 02:56:09,168 | INFO | 	                             (47, 444.52918121133354),
[92mINFO [0m:      	                             (48, 503.1299644553175),
2026-07-09 02:56:09,168 | INFO | 	                             (48, 503.1299644553175),
[92mINFO [0m:      	                             (49, 457.7617427839092),
2026-07-09 02:56:09,168 | INFO | 	                             (49, 457.7617427839092),
[92mINFO [0m:      	                             (50, 260.3412391391007),
2026-07-09 02:56:09,168 | INFO | 	                             (50, 260.3412391391007),
[92mINFO [0m:      	                             (51, 274.7694905353789),
2026-07-09 02:56:09,168 | INFO | 	                             (51, 274.7694905353789),
[92mINFO [0m:      	                             (52, 464.5274952031975),
2026-07-09 02:56:09,168 | INFO | 	                             (52, 464.5274952031975),
[92mINFO [0m:      	                             (53, 397.96841045665656),
2026-07-09 02:56:09,168 | INFO | 	                             (53, 397.96841045665656),
[92mINFO [0m:      	                             (54, 454.1149125240343),
2026-07-09 02:56:09,168 | INFO | 	                             (54, 454.1149125240343),
[92mINFO [0m:      	                             (55, 344.0111375554154),
2026-07-09 02:56:09,168 | INFO | 	                             (55, 344.0111375554154),
[92mINFO [0m:      	                             (56, 303.62016994625634),
2026-07-09 02:56:09,168 | INFO | 	                             (56, 303.62016994625634),
[92mINFO [0m:      	                             (57, 466.58336820915736),
2026-07-09 02:56:09,168 | INFO | 	                             (57, 466.58336820915736),
[92mINFO [0m:      	                             (58, 312.7211193461349),
2026-07-09 02:56:09,168 | INFO | 	                             (58, 312.7211193461349),
[92mINFO [0m:      	                             (59, 478.5135058923628),
2026-07-09 02:56:09,168 | INFO | 	                             (59, 478.5135058923628),
[92mINFO [0m:      	                             (60, 423.53829448009776)],
2026-07-09 02:56:09,168 | INFO | 	                             (60, 423.53829448009776)],
[92mINFO [0m:      	 'selected_count': [(1, 15),
2026-07-09 02:56:09,168 | INFO | 	 'selected_count': [(1, 15),
[92mINFO [0m:      	                    (2, 15),
2026-07-09 02:56:09,168 | INFO | 	                    (2, 15),
[92mINFO [0m:      	                    (3, 15),
2026-07-09 02:56:09,168 | INFO | 	                    (3, 15),
[92mINFO [0m:      	                    (4, 15),
2026-07-09 02:56:09,168 | INFO | 	                    (4, 15),
[92mINFO [0m:      	                    (5, 15),
2026-07-09 02:56:09,168 | INFO | 	                    (5, 15),
[92mINFO [0m:      	                    (6, 15),
2026-07-09 02:56:09,168 | INFO | 	                    (6, 15),
[92mINFO [0m:      	                    (7, 15),
2026-07-09 02:56:09,168 | INFO | 	                    (7, 15),
[92mINFO [0m:      	                    (8, 15),
2026-07-09 02:56:09,168 | INFO | 	                    (8, 15),
[92mINFO [0m:      	                    (9, 15),
2026-07-09 02:56:09,168 | INFO | 	                    (9, 15),
[92mINFO [0m:      	                    (10, 15),
2026-07-09 02:56:09,168 | INFO | 	                    (10, 15),
[92mINFO [0m:      	                    (11, 15),
2026-07-09 02:56:09,168 | INFO | 	                    (11, 15),
[92mINFO [0m:      	                    (12, 15),
2026-07-09 02:56:09,168 | INFO | 	                    (12, 15),
[92mINFO [0m:      	                    (13, 15),
2026-07-09 02:56:09,168 | INFO | 	                    (13, 15),
[92mINFO [0m:      	                    (14, 15),
2026-07-09 02:56:09,168 | INFO | 	                    (14, 15),
[92mINFO [0m:      	                    (15, 15),
2026-07-09 02:56:09,168 | INFO | 	                    (15, 15),
[92mINFO [0m:      	                    (16, 15),
2026-07-09 02:56:09,169 | INFO | 	                    (16, 15),
[92mINFO [0m:      	                    (17, 15),
2026-07-09 02:56:09,169 | INFO | 	                    (17, 15),
[92mINFO [0m:      	                    (18, 15),
2026-07-09 02:56:09,169 | INFO | 	                    (18, 15),
[92mINFO [0m:      	                    (19, 15),
2026-07-09 02:56:09,169 | INFO | 	                    (19, 15),
[92mINFO [0m:      	                    (20, 15),
2026-07-09 02:56:09,169 | INFO | 	                    (20, 15),
[92mINFO [0m:      	                    (21, 15),
2026-07-09 02:56:09,169 | INFO | 	                    (21, 15),
[92mINFO [0m:      	                    (22, 15),
2026-07-09 02:56:09,169 | INFO | 	                    (22, 15),
[92mINFO [0m:      	                    (23, 15),
2026-07-09 02:56:09,169 | INFO | 	                    (23, 15),
[92mINFO [0m:      	                    (24, 15),
2026-07-09 02:56:09,169 | INFO | 	                    (24, 15),
[92mINFO [0m:      	                    (25, 15),
2026-07-09 02:56:09,169 | INFO | 	                    (25, 15),
[92mINFO [0m:      	                    (26, 15),
2026-07-09 02:56:09,169 | INFO | 	                    (26, 15),
[92mINFO [0m:      	                    (27, 15),
2026-07-09 02:56:09,169 | INFO | 	                    (27, 15),
[92mINFO [0m:      	                    (28, 15),
2026-07-09 02:56:09,169 | INFO | 	                    (28, 15),
[92mINFO [0m:      	                    (29, 15),
2026-07-09 02:56:09,169 | INFO | 	                    (29, 15),
[92mINFO [0m:      	                    (30, 15),
2026-07-09 02:56:09,169 | INFO | 	                    (30, 15),
[92mINFO [0m:      	                    (31, 15),
2026-07-09 02:56:09,169 | INFO | 	                    (31, 15),
[92mINFO [0m:      	                    (32, 15),
2026-07-09 02:56:09,169 | INFO | 	                    (32, 15),
[92mINFO [0m:      	                    (33, 15),
2026-07-09 02:56:09,169 | INFO | 	                    (33, 15),
[92mINFO [0m:      	                    (34, 15),
2026-07-09 02:56:09,169 | INFO | 	                    (34, 15),
[92mINFO [0m:      	                    (35, 15),
2026-07-09 02:56:09,169 | INFO | 	                    (35, 15),
[92mINFO [0m:      	                    (36, 15),
2026-07-09 02:56:09,169 | INFO | 	                    (36, 15),
[92mINFO [0m:      	                    (37, 15),
2026-07-09 02:56:09,169 | INFO | 	                    (37, 15),
[92mINFO [0m:      	                    (38, 15),
2026-07-09 02:56:09,169 | INFO | 	                    (38, 15),
[92mINFO [0m:      	                    (39, 15),
2026-07-09 02:56:09,169 | INFO | 	                    (39, 15),
[92mINFO [0m:      	                    (40, 15),
2026-07-09 02:56:09,169 | INFO | 	                    (40, 15),
[92mINFO [0m:      	                    (41, 15),
2026-07-09 02:56:09,169 | INFO | 	                    (41, 15),
[92mINFO [0m:      	                    (42, 15),
2026-07-09 02:56:09,169 | INFO | 	                    (42, 15),
[92mINFO [0m:      	                    (43, 15),
2026-07-09 02:56:09,169 | INFO | 	                    (43, 15),
[92mINFO [0m:      	                    (44, 15),
2026-07-09 02:56:09,169 | INFO | 	                    (44, 15),
[92mINFO [0m:      	                    (45, 15),
2026-07-09 02:56:09,169 | INFO | 	                    (45, 15),
[92mINFO [0m:      	                    (46, 15),
2026-07-09 02:56:09,169 | INFO | 	                    (46, 15),
[92mINFO [0m:      	                    (47, 15),
2026-07-09 02:56:09,169 | INFO | 	                    (47, 15),
[92mINFO [0m:      	                    (48, 15),
2026-07-09 02:56:09,169 | INFO | 	                    (48, 15),
[92mINFO [0m:      	                    (49, 15),
2026-07-09 02:56:09,169 | INFO | 	                    (49, 15),
[92mINFO [0m:      	                    (50, 15),
2026-07-09 02:56:09,169 | INFO | 	                    (50, 15),
[92mINFO [0m:      	                    (51, 15),
2026-07-09 02:56:09,169 | INFO | 	                    (51, 15),
[92mINFO [0m:      	                    (52, 15),
2026-07-09 02:56:09,169 | INFO | 	                    (52, 15),
[92mINFO [0m:      	                    (53, 15),
2026-07-09 02:56:09,169 | INFO | 	                    (53, 15),
[92mINFO [0m:      	                    (54, 15),
2026-07-09 02:56:09,170 | INFO | 	                    (54, 15),
[92mINFO [0m:      	                    (55, 15),
2026-07-09 02:56:09,170 | INFO | 	                    (55, 15),
[92mINFO [0m:      	                    (56, 15),
2026-07-09 02:56:09,170 | INFO | 	                    (56, 15),
[92mINFO [0m:      	                    (57, 15),
2026-07-09 02:56:09,170 | INFO | 	                    (57, 15),
[92mINFO [0m:      	                    (58, 15),
2026-07-09 02:56:09,170 | INFO | 	                    (58, 15),
[92mINFO [0m:      	                    (59, 15),
2026-07-09 02:56:09,170 | INFO | 	                    (59, 15),
[92mINFO [0m:      	                    (60, 15)],
2026-07-09 02:56:09,170 | INFO | 	                    (60, 15)],
[92mINFO [0m:      	 'selected_examples': [(1, 2363),
2026-07-09 02:56:09,170 | INFO | 	 'selected_examples': [(1, 2363),
[92mINFO [0m:      	                       (2, 2180),
2026-07-09 02:56:09,170 | INFO | 	                       (2, 2180),
[92mINFO [0m:      	                       (3, 2209),
2026-07-09 02:56:09,170 | INFO | 	                       (3, 2209),
[92mINFO [0m:      	                       (4, 2335),
2026-07-09 02:56:09,170 | INFO | 	                       (4, 2335),
[92mINFO [0m:      	                       (5, 1743),
2026-07-09 02:56:09,170 | INFO | 	                       (5, 1743),
[92mINFO [0m:      	                       (6, 2411),
2026-07-09 02:56:09,170 | INFO | 	                       (6, 2411),
[92mINFO [0m:      	                       (7, 2366),
2026-07-09 02:56:09,170 | INFO | 	                       (7, 2366),
[92mINFO [0m:      	                       (8, 2075),
2026-07-09 02:56:09,170 | INFO | 	                       (8, 2075),
[92mINFO [0m:      	                       (9, 1581),
2026-07-09 02:56:09,170 | INFO | 	                       (9, 1581),
[92mINFO [0m:      	                       (10, 2556),
2026-07-09 02:56:09,170 | INFO | 	                       (10, 2556),
[92mINFO [0m:      	                       (11, 3421),
2026-07-09 02:56:09,170 | INFO | 	                       (11, 3421),
[92mINFO [0m:      	                       (12, 1928),
2026-07-09 02:56:09,170 | INFO | 	                       (12, 1928),
[92mINFO [0m:      	                       (13, 1779),
2026-07-09 02:56:09,170 | INFO | 	                       (13, 1779),
[92mINFO [0m:      	                       (14, 1333),
2026-07-09 02:56:09,170 | INFO | 	                       (14, 1333),
[92mINFO [0m:      	                       (15, 1656),
2026-07-09 02:56:09,170 | INFO | 	                       (15, 1656),
[92mINFO [0m:      	                       (16, 1990),
2026-07-09 02:56:09,170 | INFO | 	                       (16, 1990),
[92mINFO [0m:      	                       (17, 1767),
2026-07-09 02:56:09,170 | INFO | 	                       (17, 1767),
[92mINFO [0m:      	                       (18, 1559),
2026-07-09 02:56:09,170 | INFO | 	                       (18, 1559),
[92mINFO [0m:      	                       (19, 2448),
2026-07-09 02:56:09,170 | INFO | 	                       (19, 2448),
[92mINFO [0m:      	                       (20, 2683),
2026-07-09 02:56:09,170 | INFO | 	                       (20, 2683),
[92mINFO [0m:      	                       (21, 2756),
2026-07-09 02:56:09,170 | INFO | 	                       (21, 2756),
[92mINFO [0m:      	                       (22, 1157),
2026-07-09 02:56:09,170 | INFO | 	                       (22, 1157),
[92mINFO [0m:      	                       (23, 1286),
2026-07-09 02:56:09,170 | INFO | 	                       (23, 1286),
[92mINFO [0m:      	                       (24, 3578),
2026-07-09 02:56:09,170 | INFO | 	                       (24, 3578),
[92mINFO [0m:      	                       (25, 2133),
2026-07-09 02:56:09,170 | INFO | 	                       (25, 2133),
[92mINFO [0m:      	                       (26, 1529),
2026-07-09 02:56:09,170 | INFO | 	                       (26, 1529),
[92mINFO [0m:      	                       (27, 2319),
2026-07-09 02:56:09,170 | INFO | 	                       (27, 2319),
[92mINFO [0m:      	                       (28, 1737),
2026-07-09 02:56:09,170 | INFO | 	                       (28, 1737),
[92mINFO [0m:      	                       (29, 2968),
2026-07-09 02:56:09,170 | INFO | 	                       (29, 2968),
[92mINFO [0m:      	                       (30, 2279),
2026-07-09 02:56:09,170 | INFO | 	                       (30, 2279),
[92mINFO [0m:      	                       (31, 2899),
2026-07-09 02:56:09,170 | INFO | 	                       (31, 2899),
[92mINFO [0m:      	                       (32, 3540),
2026-07-09 02:56:09,170 | INFO | 	                       (32, 3540),
[92mINFO [0m:      	                       (33, 4000),
2026-07-09 02:56:09,171 | INFO | 	                       (33, 4000),
[92mINFO [0m:      	                       (34, 5847),
2026-07-09 02:56:09,171 | INFO | 	                       (34, 5847),
[92mINFO [0m:      	                       (35, 1905),
2026-07-09 02:56:09,171 | INFO | 	                       (35, 1905),
[92mINFO [0m:      	                       (36, 1527),
2026-07-09 02:56:09,171 | INFO | 	                       (36, 1527),
[92mINFO [0m:      	                       (37, 5135),
2026-07-09 02:56:09,171 | INFO | 	                       (37, 5135),
[92mINFO [0m:      	                       (38, 3690),
2026-07-09 02:56:09,171 | INFO | 	                       (38, 3690),
[92mINFO [0m:      	                       (39, 4371),
2026-07-09 02:56:09,171 | INFO | 	                       (39, 4371),
[92mINFO [0m:      	                       (40, 2913),
2026-07-09 02:56:09,171 | INFO | 	                       (40, 2913),
[92mINFO [0m:      	                       (41, 2399),
2026-07-09 02:56:09,171 | INFO | 	                       (41, 2399),
[92mINFO [0m:      	                       (42, 2168),
2026-07-09 02:56:09,171 | INFO | 	                       (42, 2168),
[92mINFO [0m:      	                       (43, 4163),
2026-07-09 02:56:09,171 | INFO | 	                       (43, 4163),
[92mINFO [0m:      	                       (44, 2178),
2026-07-09 02:56:09,171 | INFO | 	                       (44, 2178),
[92mINFO [0m:      	                       (45, 2462),
2026-07-09 02:56:09,171 | INFO | 	                       (45, 2462),
[92mINFO [0m:      	                       (46, 2551),
2026-07-09 02:56:09,171 | INFO | 	                       (46, 2551),
[92mINFO [0m:      	                       (47, 2767),
2026-07-09 02:56:09,171 | INFO | 	                       (47, 2767),
[92mINFO [0m:      	                       (48, 4252),
2026-07-09 02:56:09,171 | INFO | 	                       (48, 4252),
[92mINFO [0m:      	                       (49, 4023),
2026-07-09 02:56:09,171 | INFO | 	                       (49, 4023),
[92mINFO [0m:      	                       (50, 2690),
2026-07-09 02:56:09,171 | INFO | 	                       (50, 2690),
[92mINFO [0m:      	                       (51, 2306),
2026-07-09 02:56:09,171 | INFO | 	                       (51, 2306),
[92mINFO [0m:      	                       (52, 3153),
2026-07-09 02:56:09,171 | INFO | 	                       (52, 3153),
[92mINFO [0m:      	                       (53, 2085),
2026-07-09 02:56:09,171 | INFO | 	                       (53, 2085),
[92mINFO [0m:      	                       (54, 3683),
2026-07-09 02:56:09,171 | INFO | 	                       (54, 3683),
[92mINFO [0m:      	                       (55, 3937),
2026-07-09 02:56:09,171 | INFO | 	                       (55, 3937),
[92mINFO [0m:      	                       (56, 2156),
2026-07-09 02:56:09,171 | INFO | 	                       (56, 2156),
[92mINFO [0m:      	                       (57, 2966),
2026-07-09 02:56:09,171 | INFO | 	                       (57, 2966),
[92mINFO [0m:      	                       (58, 2597),
2026-07-09 02:56:09,171 | INFO | 	                       (58, 2597),
[92mINFO [0m:      	                       (59, 4793),
2026-07-09 02:56:09,171 | INFO | 	                       (59, 4793),
[92mINFO [0m:      	                       (60, 2092)],
2026-07-09 02:56:09,171 | INFO | 	                       (60, 2092)],
[92mINFO [0m:      	 'total_examples': [(1, 2363),
2026-07-09 02:56:09,171 | INFO | 	 'total_examples': [(1, 2363),
[92mINFO [0m:      	                    (2, 2180),
2026-07-09 02:56:09,171 | INFO | 	                    (2, 2180),
[92mINFO [0m:      	                    (3, 2209),
2026-07-09 02:56:09,171 | INFO | 	                    (3, 2209),
[92mINFO [0m:      	                    (4, 2335),
2026-07-09 02:56:09,171 | INFO | 	                    (4, 2335),
[92mINFO [0m:      	                    (5, 1743),
2026-07-09 02:56:09,171 | INFO | 	                    (5, 1743),
[92mINFO [0m:      	                    (6, 2411),
2026-07-09 02:56:09,171 | INFO | 	                    (6, 2411),
[92mINFO [0m:      	                    (7, 2366),
2026-07-09 02:56:09,171 | INFO | 	                    (7, 2366),
[92mINFO [0m:      	                    (8, 2075),
2026-07-09 02:56:09,171 | INFO | 	                    (8, 2075),
[92mINFO [0m:      	                    (9, 1581),
2026-07-09 02:56:09,171 | INFO | 	                    (9, 1581),
[92mINFO [0m:      	                    (10, 2556),
2026-07-09 02:56:09,171 | INFO | 	                    (10, 2556),
[92mINFO [0m:      	                    (11, 3421),
2026-07-09 02:56:09,172 | INFO | 	                    (11, 3421),
[92mINFO [0m:      	                    (12, 1928),
2026-07-09 02:56:09,172 | INFO | 	                    (12, 1928),
[92mINFO [0m:      	                    (13, 1779),
2026-07-09 02:56:09,172 | INFO | 	                    (13, 1779),
[92mINFO [0m:      	                    (14, 1333),
2026-07-09 02:56:09,172 | INFO | 	                    (14, 1333),
[92mINFO [0m:      	                    (15, 1656),
2026-07-09 02:56:09,172 | INFO | 	                    (15, 1656),
[92mINFO [0m:      	                    (16, 1990),
2026-07-09 02:56:09,172 | INFO | 	                    (16, 1990),
[92mINFO [0m:      	                    (17, 1767),
2026-07-09 02:56:09,172 | INFO | 	                    (17, 1767),
[92mINFO [0m:      	                    (18, 1559),
2026-07-09 02:56:09,172 | INFO | 	                    (18, 1559),
[92mINFO [0m:      	                    (19, 2448),
2026-07-09 02:56:09,172 | INFO | 	                    (19, 2448),
[92mINFO [0m:      	                    (20, 2683),
2026-07-09 02:56:09,172 | INFO | 	                    (20, 2683),
[92mINFO [0m:      	                    (21, 2756),
2026-07-09 02:56:09,172 | INFO | 	                    (21, 2756),
[92mINFO [0m:      	                    (22, 1157),
2026-07-09 02:56:09,172 | INFO | 	                    (22, 1157),
[92mINFO [0m:      	                    (23, 1286),
2026-07-09 02:56:09,172 | INFO | 	                    (23, 1286),
[92mINFO [0m:      	                    (24, 3578),
2026-07-09 02:56:09,172 | INFO | 	                    (24, 3578),
[92mINFO [0m:      	                    (25, 2133),
2026-07-09 02:56:09,172 | INFO | 	                    (25, 2133),
[92mINFO [0m:      	                    (26, 1529),
2026-07-09 02:56:09,172 | INFO | 	                    (26, 1529),
[92mINFO [0m:      	                    (27, 2319),
2026-07-09 02:56:09,172 | INFO | 	                    (27, 2319),
[92mINFO [0m:      	                    (28, 1737),
2026-07-09 02:56:09,172 | INFO | 	                    (28, 1737),
[92mINFO [0m:      	                    (29, 2968),
2026-07-09 02:56:09,172 | INFO | 	                    (29, 2968),
[92mINFO [0m:      	                    (30, 2279),
2026-07-09 02:56:09,172 | INFO | 	                    (30, 2279),
[92mINFO [0m:      	                    (31, 2899),
2026-07-09 02:56:09,172 | INFO | 	                    (31, 2899),
[92mINFO [0m:      	                    (32, 3540),
2026-07-09 02:56:09,172 | INFO | 	                    (32, 3540),
[92mINFO [0m:      	                    (33, 4000),
2026-07-09 02:56:09,172 | INFO | 	                    (33, 4000),
[92mINFO [0m:      	                    (34, 5847),
2026-07-09 02:56:09,172 | INFO | 	                    (34, 5847),
[92mINFO [0m:      	                    (35, 1905),
2026-07-09 02:56:09,172 | INFO | 	                    (35, 1905),
[92mINFO [0m:      	                    (36, 1527),
2026-07-09 02:56:09,172 | INFO | 	                    (36, 1527),
[92mINFO [0m:      	                    (37, 5135),
2026-07-09 02:56:09,172 | INFO | 	                    (37, 5135),
[92mINFO [0m:      	                    (38, 3690),
2026-07-09 02:56:09,172 | INFO | 	                    (38, 3690),
[92mINFO [0m:      	                    (39, 4371),
2026-07-09 02:56:09,172 | INFO | 	                    (39, 4371),
[92mINFO [0m:      	                    (40, 2913),
2026-07-09 02:56:09,172 | INFO | 	                    (40, 2913),
[92mINFO [0m:      	                    (41, 2399),
2026-07-09 02:56:09,172 | INFO | 	                    (41, 2399),
[92mINFO [0m:      	                    (42, 2168),
2026-07-09 02:56:09,172 | INFO | 	                    (42, 2168),
[92mINFO [0m:      	                    (43, 4163),
2026-07-09 02:56:09,172 | INFO | 	                    (43, 4163),
[92mINFO [0m:      	                    (44, 2178),
2026-07-09 02:56:09,172 | INFO | 	                    (44, 2178),
[92mINFO [0m:      	                    (45, 2462),
2026-07-09 02:56:09,172 | INFO | 	                    (45, 2462),
[92mINFO [0m:      	                    (46, 2551),
2026-07-09 02:56:09,172 | INFO | 	                    (46, 2551),
[92mINFO [0m:      	                    (47, 2767),
2026-07-09 02:56:09,172 | INFO | 	                    (47, 2767),
[92mINFO [0m:      	                    (48, 4252),
2026-07-09 02:56:09,172 | INFO | 	                    (48, 4252),
[92mINFO [0m:      	                    (49, 4023),
2026-07-09 02:56:09,172 | INFO | 	                    (49, 4023),
[92mINFO [0m:      	                    (50, 2690),
2026-07-09 02:56:09,173 | INFO | 	                    (50, 2690),
[92mINFO [0m:      	                    (51, 2306),
2026-07-09 02:56:09,173 | INFO | 	                    (51, 2306),
[92mINFO [0m:      	                    (52, 3153),
2026-07-09 02:56:09,173 | INFO | 	                    (52, 3153),
[92mINFO [0m:      	                    (53, 2085),
2026-07-09 02:56:09,173 | INFO | 	                    (53, 2085),
[92mINFO [0m:      	                    (54, 3683),
2026-07-09 02:56:09,173 | INFO | 	                    (54, 3683),
[92mINFO [0m:      	                    (55, 3937),
2026-07-09 02:56:09,173 | INFO | 	                    (55, 3937),
[92mINFO [0m:      	                    (56, 2156),
2026-07-09 02:56:09,173 | INFO | 	                    (56, 2156),
[92mINFO [0m:      	                    (57, 2966),
2026-07-09 02:56:09,173 | INFO | 	                    (57, 2966),
[92mINFO [0m:      	                    (58, 2597),
2026-07-09 02:56:09,173 | INFO | 	                    (58, 2597),
[92mINFO [0m:      	                    (59, 4793),
2026-07-09 02:56:09,173 | INFO | 	                    (59, 4793),
[92mINFO [0m:      	                    (60, 2092)],
2026-07-09 02:56:09,173 | INFO | 	                    (60, 2092)],
[92mINFO [0m:      	 'train_loss': [(1, 7904.357448954305),
2026-07-09 02:56:09,173 | INFO | 	 'train_loss': [(1, 7904.357448954305),
[92mINFO [0m:      	                (2, 7315.441610721887),
2026-07-09 02:56:09,173 | INFO | 	                (2, 7315.441610721887),
[92mINFO [0m:      	                (3, 7145.817818866935),
2026-07-09 02:56:09,173 | INFO | 	                (3, 7145.817818866935),
[92mINFO [0m:      	                (4, 7191.426725522265),
2026-07-09 02:56:09,173 | INFO | 	                (4, 7191.426725522265),
[92mINFO [0m:      	                (5, 6723.9046378001085),
2026-07-09 02:56:09,173 | INFO | 	                (5, 6723.9046378001085),
[92mINFO [0m:      	                (6, 7284.443278233652),
2026-07-09 02:56:09,173 | INFO | 	                (6, 7284.443278233652),
[92mINFO [0m:      	                (7, 7781.647994806683),
2026-07-09 02:56:09,173 | INFO | 	                (7, 7781.647994806683),
[92mINFO [0m:      	                (8, 7082.720713621271),
2026-07-09 02:56:09,173 | INFO | 	                (8, 7082.720713621271),
[92mINFO [0m:      	                (9, 6463.502340025844),
2026-07-09 02:56:09,173 | INFO | 	                (9, 6463.502340025844),
[92mINFO [0m:      	                (10, 6991.6462887862845),
2026-07-09 02:56:09,173 | INFO | 	                (10, 6991.6462887862845),
[92mINFO [0m:      	                (11, 6861.355921683006),
2026-07-09 02:56:09,173 | INFO | 	                (11, 6861.355921683006),
[92mINFO [0m:      	                (12, 6519.63849306595),
2026-07-09 02:56:09,173 | INFO | 	                (12, 6519.63849306595),
[92mINFO [0m:      	                (13, 5690.730676223799),
2026-07-09 02:56:09,173 | INFO | 	                (13, 5690.730676223799),
[92mINFO [0m:      	                (14, 5588.7384108984115),
2026-07-09 02:56:09,173 | INFO | 	                (14, 5588.7384108984115),
[92mINFO [0m:      	                (15, 5797.539713735511),
2026-07-09 02:56:09,173 | INFO | 	                (15, 5797.539713735511),
[92mINFO [0m:      	                (16, 6131.78016532205),
2026-07-09 02:56:09,173 | INFO | 	                (16, 6131.78016532205),
[92mINFO [0m:      	                (17, 6140.368714124602),
2026-07-09 02:56:09,173 | INFO | 	                (17, 6140.368714124602),
[92mINFO [0m:      	                (18, 6163.839249177694),
2026-07-09 02:56:09,173 | INFO | 	                (18, 6163.839249177694),
[92mINFO [0m:      	                (19, 6106.227636248341),
2026-07-09 02:56:09,173 | INFO | 	                (19, 6106.227636248341),
[92mINFO [0m:      	                (20, 6158.25083097898),
2026-07-09 02:56:09,173 | INFO | 	                (20, 6158.25083097898),
[92mINFO [0m:      	                (21, 6557.653862286094),
2026-07-09 02:56:09,173 | INFO | 	                (21, 6557.653862286094),
[92mINFO [0m:      	                (22, 4975.120685236601),
2026-07-09 02:56:09,173 | INFO | 	                (22, 4975.120685236601),
[92mINFO [0m:      	                (23, 5363.665668577577),
2026-07-09 02:56:09,173 | INFO | 	                (23, 5363.665668577577),
[92mINFO [0m:      	                (24, 6214.688671907823),
2026-07-09 02:56:09,173 | INFO | 	                (24, 6214.688671907823),
[92mINFO [0m:      	                (25, 5573.700517493748),
2026-07-09 02:56:09,173 | INFO | 	                (25, 5573.700517493748),
[92mINFO [0m:      	                (26, 5216.480797654558),
2026-07-09 02:56:09,173 | INFO | 	                (26, 5216.480797654558),
[92mINFO [0m:      	                (27, 5990.801297845343),
2026-07-09 02:56:09,173 | INFO | 	                (27, 5990.801297845343),
[92mINFO [0m:      	                (28, 5890.324239209689),
2026-07-09 02:56:09,174 | INFO | 	                (28, 5890.324239209689),
[92mINFO [0m:      	                (29, 5677.341630943341),
2026-07-09 02:56:09,174 | INFO | 	                (29, 5677.341630943341),
[92mINFO [0m:      	                (30, 5059.544312023928),
2026-07-09 02:56:09,174 | INFO | 	                (30, 5059.544312023928),
[92mINFO [0m:      	                (31, 5285.818811213785),
2026-07-09 02:56:09,174 | INFO | 	                (31, 5285.818811213785),
[92mINFO [0m:      	                (32, 5755.54146850579),
2026-07-09 02:56:09,174 | INFO | 	                (32, 5755.54146850579),
[92mINFO [0m:      	                (33, 5282.487655088293),
2026-07-09 02:56:09,174 | INFO | 	                (33, 5282.487655088293),
[92mINFO [0m:      	                (34, 5601.034479583575),
2026-07-09 02:56:09,174 | INFO | 	                (34, 5601.034479583575),
[92mINFO [0m:      	                (35, 5307.835970093797),
2026-07-09 02:56:09,174 | INFO | 	                (35, 5307.835970093797),
[92mINFO [0m:      	                (36, 4335.8404386364555),
2026-07-09 02:56:09,174 | INFO | 	                (36, 4335.8404386364555),
[92mINFO [0m:      	                (37, 5406.345651141171),
2026-07-09 02:56:09,174 | INFO | 	                (37, 5406.345651141171),
[92mINFO [0m:      	                (38, 5053.289531254943),
2026-07-09 02:56:09,174 | INFO | 	                (38, 5053.289531254943),
[92mINFO [0m:      	                (39, 5051.59347043823),
2026-07-09 02:56:09,174 | INFO | 	                (39, 5051.59347043823),
[92mINFO [0m:      	                (40, 4923.511482725946),
2026-07-09 02:56:09,174 | INFO | 	                (40, 4923.511482725946),
[92mINFO [0m:      	                (41, 4545.251981873348),
2026-07-09 02:56:09,174 | INFO | 	                (41, 4545.251981873348),
[92mINFO [0m:      	                (42, 4729.113257637703),
2026-07-09 02:56:09,174 | INFO | 	                (42, 4729.113257637703),
[92mINFO [0m:      	                (43, 4988.905563336672),
2026-07-09 02:56:09,174 | INFO | 	                (43, 4988.905563336672),
[92mINFO [0m:      	                (44, 4567.984551335711),
2026-07-09 02:56:09,174 | INFO | 	                (44, 4567.984551335711),
[92mINFO [0m:      	                (45, 4096.5569060403095),
2026-07-09 02:56:09,174 | INFO | 	                (45, 4096.5569060403095),
[92mINFO [0m:      	                (46, 4493.762292237591),
2026-07-09 02:56:09,174 | INFO | 	                (46, 4493.762292237591),
[92mINFO [0m:      	                (47, 4687.77982524373),
2026-07-09 02:56:09,174 | INFO | 	                (47, 4687.77982524373),
[92mINFO [0m:      	                (48, 4786.341677808425),
2026-07-09 02:56:09,174 | INFO | 	                (48, 4786.341677808425),
[92mINFO [0m:      	                (49, 4477.215998831548),
2026-07-09 02:56:09,174 | INFO | 	                (49, 4477.215998831548),
[92mINFO [0m:      	                (50, 3868.7864182444046),
2026-07-09 02:56:09,174 | INFO | 	                (50, 3868.7864182444046),
[92mINFO [0m:      	                (51, 3817.8416574854027),
2026-07-09 02:56:09,174 | INFO | 	                (51, 3817.8416574854027),
[92mINFO [0m:      	                (52, 4102.600755643302),
2026-07-09 02:56:09,174 | INFO | 	                (52, 4102.600755643302),
[92mINFO [0m:      	                (53, 3967.833312908991),
2026-07-09 02:56:09,174 | INFO | 	                (53, 3967.833312908991),
[92mINFO [0m:      	                (54, 3994.1645422123197),
2026-07-09 02:56:09,174 | INFO | 	                (54, 3994.1645422123197),
[92mINFO [0m:      	                (55, 4078.2207866734225),
2026-07-09 02:56:09,174 | INFO | 	                (55, 4078.2207866734225),
[92mINFO [0m:      	                (56, 3658.8202886017884),
2026-07-09 02:56:09,174 | INFO | 	                (56, 3658.8202886017884),
[92mINFO [0m:      	                (57, 3770.38402620789),
2026-07-09 02:56:09,174 | INFO | 	                (57, 3770.38402620789),
[92mINFO [0m:      	                (58, 3644.1879742716633),
2026-07-09 02:56:09,174 | INFO | 	                (58, 3644.1879742716633),
[92mINFO [0m:      	                (59, 4162.016974114972),
2026-07-09 02:56:09,174 | INFO | 	                (59, 4162.016974114972),
[92mINFO [0m:      	                (60, 3205.60160402304)],
2026-07-09 02:56:09,174 | INFO | 	                (60, 3205.60160402304)],
[92mINFO [0m:      	 'train_loss_max': [(1, 8721.393674341838),
2026-07-09 02:56:09,174 | INFO | 	 'train_loss_max': [(1, 8721.393674341838),
[92mINFO [0m:      	                    (2, 8447.946123313905),
2026-07-09 02:56:09,174 | INFO | 	                    (2, 8447.946123313905),
[92mINFO [0m:      	                    (3, 8526.797646141053),
2026-07-09 02:56:09,174 | INFO | 	                    (3, 8526.797646141053),
[92mINFO [0m:      	                    (4, 8121.89294128418),
2026-07-09 02:56:09,174 | INFO | 	                    (4, 8121.89294128418),
[92mINFO [0m:      	                    (5, 8153.0523868560795),
2026-07-09 02:56:09,174 | INFO | 	                    (5, 8153.0523868560795),
[92mINFO [0m:      	                    (6, 8280.602738253276),
2026-07-09 02:56:09,175 | INFO | 	                    (6, 8280.602738253276),
[92mINFO [0m:      	                    (7, 8171.647003046672),
2026-07-09 02:56:09,175 | INFO | 	                    (7, 8171.647003046672),
[92mINFO [0m:      	                    (8, 7928.044037818909),
2026-07-09 02:56:09,175 | INFO | 	                    (8, 7928.044037818909),
[92mINFO [0m:      	                    (9, 7745.86574344635),
2026-07-09 02:56:09,175 | INFO | 	                    (9, 7745.86574344635),
[92mINFO [0m:      	                    (10, 7770.466329956054),
2026-07-09 02:56:09,175 | INFO | 	                    (10, 7770.466329956054),
[92mINFO [0m:      	                    (11, 7717.80533135732),
2026-07-09 02:56:09,175 | INFO | 	                    (11, 7717.80533135732),
[92mINFO [0m:      	                    (12, 7491.422927856445),
2026-07-09 02:56:09,175 | INFO | 	                    (12, 7491.422927856445),
[92mINFO [0m:      	                    (13, 7359.998781681061),
2026-07-09 02:56:09,175 | INFO | 	                    (13, 7359.998781681061),
[92mINFO [0m:      	                    (14, 7343.938425922393),
2026-07-09 02:56:09,175 | INFO | 	                    (14, 7343.938425922393),
[92mINFO [0m:      	                    (15, 7291.8476407051085),
2026-07-09 02:56:09,175 | INFO | 	                    (15, 7291.8476407051085),
[92mINFO [0m:      	                    (16, 7131.103083267212),
2026-07-09 02:56:09,175 | INFO | 	                    (16, 7131.103083267212),
[92mINFO [0m:      	                    (17, 7078.912858390808),
2026-07-09 02:56:09,175 | INFO | 	                    (17, 7078.912858390808),
[92mINFO [0m:      	                    (18, 6980.915103340149),
2026-07-09 02:56:09,175 | INFO | 	                    (18, 6980.915103340149),
[92mINFO [0m:      	                    (19, 7108.643480396271),
2026-07-09 02:56:09,175 | INFO | 	                    (19, 7108.643480396271),
[92mINFO [0m:      	                    (20, 7208.9161299387615),
2026-07-09 02:56:09,175 | INFO | 	                    (20, 7208.9161299387615),
[92mINFO [0m:      	                    (21, 6760.641172027588),
2026-07-09 02:56:09,175 | INFO | 	                    (21, 6760.641172027588),
[92mINFO [0m:      	                    (22, 6570.838226127625),
2026-07-09 02:56:09,175 | INFO | 	                    (22, 6570.838226127625),
[92mINFO [0m:      	                    (23, 6611.546354961395),
2026-07-09 02:56:09,175 | INFO | 	                    (23, 6611.546354961395),
[92mINFO [0m:      	                    (24, 6822.917051696777),
2026-07-09 02:56:09,175 | INFO | 	                    (24, 6822.917051696777),
[92mINFO [0m:      	                    (25, 6665.202115996679),
2026-07-09 02:56:09,175 | INFO | 	                    (25, 6665.202115996679),
[92mINFO [0m:      	                    (26, 6408.527668952942),
2026-07-09 02:56:09,175 | INFO | 	                    (26, 6408.527668952942),
[92mINFO [0m:      	                    (27, 6506.116280019283),
2026-07-09 02:56:09,175 | INFO | 	                    (27, 6506.116280019283),
[92mINFO [0m:      	                    (28, 6634.518327585856),
2026-07-09 02:56:09,175 | INFO | 	                    (28, 6634.518327585856),
[92mINFO [0m:      	                    (29, 6190.9644759655),
2026-07-09 02:56:09,175 | INFO | 	                    (29, 6190.9644759655),
[92mINFO [0m:      	                    (30, 6334.988318443298),
2026-07-09 02:56:09,175 | INFO | 	                    (30, 6334.988318443298),
[92mINFO [0m:      	                    (31, 6268.74313287735),
2026-07-09 02:56:09,175 | INFO | 	                    (31, 6268.74313287735),
[92mINFO [0m:      	                    (32, 6266.8455106099445),
2026-07-09 02:56:09,175 | INFO | 	                    (32, 6266.8455106099445),
[92mINFO [0m:      	                    (33, 6129.565606880188),
2026-07-09 02:56:09,175 | INFO | 	                    (33, 6129.565606880188),
[92mINFO [0m:      	                    (34, 6030.32665348053),
2026-07-09 02:56:09,175 | INFO | 	                    (34, 6030.32665348053),
[92mINFO [0m:      	                    (35, 5987.110968828201),
2026-07-09 02:56:09,175 | INFO | 	                    (35, 5987.110968828201),
[92mINFO [0m:      	                    (36, 5480.527539634704),
2026-07-09 02:56:09,175 | INFO | 	                    (36, 5480.527539634704),
[92mINFO [0m:      	                    (37, 5939.5388062795),
2026-07-09 02:56:09,175 | INFO | 	                    (37, 5939.5388062795),
[92mINFO [0m:      	                    (38, 5832.470812479655),
2026-07-09 02:56:09,175 | INFO | 	                    (38, 5832.470812479655),
[92mINFO [0m:      	                    (39, 5766.574028428396),
2026-07-09 02:56:09,175 | INFO | 	                    (39, 5766.574028428396),
[92mINFO [0m:      	                    (40, 5586.480657428503),
2026-07-09 02:56:09,175 | INFO | 	                    (40, 5586.480657428503),
[92mINFO [0m:      	                    (41, 5629.530875651041),
2026-07-09 02:56:09,175 | INFO | 	                    (41, 5629.530875651041),
[92mINFO [0m:      	                    (42, 5545.696763324738),
2026-07-09 02:56:09,175 | INFO | 	                    (42, 5545.696763324738),
[92mINFO [0m:      	                    (43, 5505.992599232992),
2026-07-09 02:56:09,175 | INFO | 	                    (43, 5505.992599232992),
[92mINFO [0m:      	                    (44, 5446.2775309562685),
2026-07-09 02:56:09,176 | INFO | 	                    (44, 5446.2775309562685),
[92mINFO [0m:      	                    (45, 5272.596088523865),
2026-07-09 02:56:09,176 | INFO | 	                    (45, 5272.596088523865),
[92mINFO [0m:      	                    (46, 5241.090739806493),
2026-07-09 02:56:09,176 | INFO | 	                    (46, 5241.090739806493),
[92mINFO [0m:      	                    (47, 5190.018275552988),
2026-07-09 02:56:09,176 | INFO | 	                    (47, 5190.018275552988),
[92mINFO [0m:      	                    (48, 5192.593705113729),
2026-07-09 02:56:09,176 | INFO | 	                    (48, 5192.593705113729),
[92mINFO [0m:      	                    (49, 5134.667936325073),
2026-07-09 02:56:09,176 | INFO | 	                    (49, 5134.667936325073),
[92mINFO [0m:      	                    (50, 5034.844701766968),
2026-07-09 02:56:09,176 | INFO | 	                    (50, 5034.844701766968),
[92mINFO [0m:      	                    (51, 4970.95072962443),
2026-07-09 02:56:09,176 | INFO | 	                    (51, 4970.95072962443),
[92mINFO [0m:      	                    (52, 4825.49815305074),
2026-07-09 02:56:09,176 | INFO | 	                    (52, 4825.49815305074),
[92mINFO [0m:      	                    (53, 4297.2015018463135),
2026-07-09 02:56:09,176 | INFO | 	                    (53, 4297.2015018463135),
[92mINFO [0m:      	                    (54, 4797.907925605774),
2026-07-09 02:56:09,176 | INFO | 	                    (54, 4797.907925605774),
[92mINFO [0m:      	                    (55, 4777.214870529175),
2026-07-09 02:56:09,176 | INFO | 	                    (55, 4777.214870529175),
[92mINFO [0m:      	                    (56, 4694.0705731709795),
2026-07-09 02:56:09,176 | INFO | 	                    (56, 4694.0705731709795),
[92mINFO [0m:      	                    (57, 4678.349765281677),
2026-07-09 02:56:09,176 | INFO | 	                    (57, 4678.349765281677),
[92mINFO [0m:      	                    (58, 4566.888566239675),
2026-07-09 02:56:09,176 | INFO | 	                    (58, 4566.888566239675),
[92mINFO [0m:      	                    (59, 4563.009963214397),
2026-07-09 02:56:09,176 | INFO | 	                    (59, 4563.009963214397),
[92mINFO [0m:      	                    (60, 3876.085885286331)],
2026-07-09 02:56:09,176 | INFO | 	                    (60, 3876.085885286331)],
[92mINFO [0m:      	 'train_loss_mean': [(1, 6666.810301301744),
2026-07-09 02:56:09,176 | INFO | 	 'train_loss_mean': [(1, 6666.810301301744),
[92mINFO [0m:      	                     (2, 6198.5279875564565),
2026-07-09 02:56:09,176 | INFO | 	                     (2, 6198.5279875564565),
[92mINFO [0m:      	                     (3, 6320.493663552601),
2026-07-09 02:56:09,176 | INFO | 	                     (3, 6320.493663552601),
[92mINFO [0m:      	                     (4, 6023.3337204799645),
2026-07-09 02:56:09,176 | INFO | 	                     (4, 6023.3337204799645),
[92mINFO [0m:      	                     (5, 5938.72224738439),
2026-07-09 02:56:09,176 | INFO | 	                     (5, 5938.72224738439),
[92mINFO [0m:      	                     (6, 6045.516334741379),
2026-07-09 02:56:09,176 | INFO | 	                     (6, 6045.516334741379),
[92mINFO [0m:      	                     (7, 6084.3285443072855),
2026-07-09 02:56:09,176 | INFO | 	                     (7, 6084.3285443072855),
[92mINFO [0m:      	                     (8, 5813.700420426528),
2026-07-09 02:56:09,176 | INFO | 	                     (8, 5813.700420426528),
[92mINFO [0m:      	                     (9, 5548.851645520528),
2026-07-09 02:56:09,176 | INFO | 	                     (9, 5548.851645520528),
[92mINFO [0m:      	                     (10, 6019.793010387421),
2026-07-09 02:56:09,176 | INFO | 	                     (10, 6019.793010387421),
[92mINFO [0m:      	                     (11, 5753.632329424223),
2026-07-09 02:56:09,176 | INFO | 	                     (11, 5753.632329424223),
[92mINFO [0m:      	                     (12, 5480.517503692309),
2026-07-09 02:56:09,176 | INFO | 	                     (12, 5480.517503692309),
[92mINFO [0m:      	                     (13, 5252.887365562916),
2026-07-09 02:56:09,176 | INFO | 	                     (13, 5252.887365562916),
[92mINFO [0m:      	                     (14, 5000.5939510599765),
2026-07-09 02:56:09,176 | INFO | 	                     (14, 5000.5939510599765),
[92mINFO [0m:      	                     (15, 5088.233150895436),
2026-07-09 02:56:09,176 | INFO | 	                     (15, 5088.233150895436),
[92mINFO [0m:      	                     (16, 4851.350552284875),
2026-07-09 02:56:09,176 | INFO | 	                     (16, 4851.350552284875),
[92mINFO [0m:      	                     (17, 5102.074497378668),
2026-07-09 02:56:09,176 | INFO | 	                     (17, 5102.074497378668),
[92mINFO [0m:      	                     (18, 5022.645814792314),
2026-07-09 02:56:09,176 | INFO | 	                     (18, 5022.645814792314),
[92mINFO [0m:      	                     (19, 5001.648542207082),
2026-07-09 02:56:09,176 | INFO | 	                     (19, 5001.648542207082),
[92mINFO [0m:      	                     (20, 4945.494013256497),
2026-07-09 02:56:09,176 | INFO | 	                     (20, 4945.494013256497),
[92mINFO [0m:      	                     (21, 5097.123305798373),
2026-07-09 02:56:09,176 | INFO | 	                     (21, 5097.123305798373),
[92mINFO [0m:      	                     (22, 4404.744658212661),
2026-07-09 02:56:09,176 | INFO | 	                     (22, 4404.744658212661),
[92mINFO [0m:      	                     (23, 4493.356507647832),
2026-07-09 02:56:09,177 | INFO | 	                     (23, 4493.356507647832),
[92mINFO [0m:      	                     (24, 4789.555683480369),
2026-07-09 02:56:09,177 | INFO | 	                     (24, 4789.555683480369),
[92mINFO [0m:      	                     (25, 4544.108830268118),
2026-07-09 02:56:09,177 | INFO | 	                     (25, 4544.108830268118),
[92mINFO [0m:      	                     (26, 4308.501076800029),
2026-07-09 02:56:09,177 | INFO | 	                     (26, 4308.501076800029),
[92mINFO [0m:      	                     (27, 4539.015700422128),
2026-07-09 02:56:09,177 | INFO | 	                     (27, 4539.015700422128),
[92mINFO [0m:      	                     (28, 4219.174509264099),
2026-07-09 02:56:09,177 | INFO | 	                     (28, 4219.174509264099),
[92mINFO [0m:      	                     (29, 4404.482271765868),
2026-07-09 02:56:09,177 | INFO | 	                     (29, 4404.482271765868),
[92mINFO [0m:      	                     (30, 4038.368672312101),
2026-07-09 02:56:09,177 | INFO | 	                     (30, 4038.368672312101),
[92mINFO [0m:      	                     (31, 4277.913640257518),
2026-07-09 02:56:09,177 | INFO | 	                     (31, 4277.913640257518),
[92mINFO [0m:      	                     (32, 4428.173972279761),
2026-07-09 02:56:09,177 | INFO | 	                     (32, 4428.173972279761),
[92mINFO [0m:      	                     (33, 4180.449201332092),
2026-07-09 02:56:09,177 | INFO | 	                     (33, 4180.449201332092),
[92mINFO [0m:      	                     (34, 4426.949362881978),
2026-07-09 02:56:09,177 | INFO | 	                     (34, 4426.949362881978),
[92mINFO [0m:      	                     (35, 3843.7579643972713),
2026-07-09 02:56:09,177 | INFO | 	                     (35, 3843.7579643972713),
[92mINFO [0m:      	                     (36, 3638.0153857898717),
2026-07-09 02:56:09,177 | INFO | 	                     (36, 3638.0153857898717),
[92mINFO [0m:      	                     (37, 4386.391513050132),
2026-07-09 02:56:09,177 | INFO | 	                     (37, 4386.391513050132),
[92mINFO [0m:      	                     (38, 3902.4093840919604),
2026-07-09 02:56:09,177 | INFO | 	                     (38, 3902.4093840919604),
[92mINFO [0m:      	                     (39, 3954.350275887913),
2026-07-09 02:56:09,177 | INFO | 	                     (39, 3954.350275887913),
[92mINFO [0m:      	                     (40, 3810.2355158595237),
2026-07-09 02:56:09,177 | INFO | 	                     (40, 3810.2355158595237),
[92mINFO [0m:      	                     (41, 3628.3507240727217),
2026-07-09 02:56:09,177 | INFO | 	                     (41, 3628.3507240727217),
[92mINFO [0m:      	                     (42, 3358.254472285112),
2026-07-09 02:56:09,177 | INFO | 	                     (42, 3358.254472285112),
[92mINFO [0m:      	                     (43, 3712.061990179274),
2026-07-09 02:56:09,177 | INFO | 	                     (43, 3712.061990179274),
[92mINFO [0m:      	                     (44, 3344.024591805935),
2026-07-09 02:56:09,177 | INFO | 	                     (44, 3344.024591805935),
[92mINFO [0m:      	                     (45, 3019.5596646893823),
2026-07-09 02:56:09,177 | INFO | 	                     (45, 3019.5596646893823),
[92mINFO [0m:      	                     (46, 3111.4240171253414),
2026-07-09 02:56:09,177 | INFO | 	                     (46, 3111.4240171253414),
[92mINFO [0m:      	                     (47, 3458.6316671240334),
2026-07-09 02:56:09,177 | INFO | 	                     (47, 3458.6316671240334),
[92mINFO [0m:      	                     (48, 3671.157555479686),
2026-07-09 02:56:09,177 | INFO | 	                     (48, 3671.157555479686),
[92mINFO [0m:      	                     (49, 3468.909701309734),
2026-07-09 02:56:09,177 | INFO | 	                     (49, 3468.909701309734),
[92mINFO [0m:      	                     (50, 3013.0034312486646),
2026-07-09 02:56:09,177 | INFO | 	                     (50, 3013.0034312486646),
[92mINFO [0m:      	                     (51, 2962.9154420060586),
2026-07-09 02:56:09,177 | INFO | 	                     (51, 2962.9154420060586),
[92mINFO [0m:      	                     (52, 3042.378481545978),
2026-07-09 02:56:09,177 | INFO | 	                     (52, 3042.378481545978),
[92mINFO [0m:      	                     (53, 3068.35196081241),
2026-07-09 02:56:09,177 | INFO | 	                     (53, 3068.35196081241),
[92mINFO [0m:      	                     (54, 3093.0337961128553),
2026-07-09 02:56:09,177 | INFO | 	                     (54, 3093.0337961128553),
[92mINFO [0m:      	                     (55, 2986.3502816452456),
2026-07-09 02:56:09,177 | INFO | 	                     (55, 2986.3502816452456),
[92mINFO [0m:      	                     (56, 2745.1585190198157),
2026-07-09 02:56:09,177 | INFO | 	                     (56, 2745.1585190198157),
[92mINFO [0m:      	                     (57, 2815.1077527669268),
2026-07-09 02:56:09,177 | INFO | 	                     (57, 2815.1077527669268),
[92mINFO [0m:      	                     (58, 2798.8313363459374),
2026-07-09 02:56:09,177 | INFO | 	                     (58, 2798.8313363459374),
[92mINFO [0m:      	                     (59, 3177.998373709202),
2026-07-09 02:56:09,177 | INFO | 	                     (59, 3177.998373709202),
[92mINFO [0m:      	                     (60, 2627.5128312325473)],
2026-07-09 02:56:09,177 | INFO | 	                     (60, 2627.5128312325473)],
[92mINFO [0m:      	 'train_loss_min': [(1, 5836.861910629273),
2026-07-09 02:56:09,178 | INFO | 	 'train_loss_min': [(1, 5836.861910629273),
[92mINFO [0m:      	                    (2, 5674.169437789917),
2026-07-09 02:56:09,178 | INFO | 	                    (2, 5674.169437789917),
[92mINFO [0m:      	                    (3, 5664.417937469482),
2026-07-09 02:56:09,178 | INFO | 	                    (3, 5664.417937469482),
[92mINFO [0m:      	                    (4, 5566.321795845031),
2026-07-09 02:56:09,178 | INFO | 	                    (4, 5566.321795845031),
[92mINFO [0m:      	                    (5, 5447.198568344116),
2026-07-09 02:56:09,178 | INFO | 	                    (5, 5447.198568344116),
[92mINFO [0m:      	                    (6, 5334.939204978943),
2026-07-09 02:56:09,178 | INFO | 	                    (6, 5334.939204978943),
[92mINFO [0m:      	                    (7, 5267.493342399597),
2026-07-09 02:56:09,178 | INFO | 	                    (7, 5267.493342399597),
[92mINFO [0m:      	                    (8, 5128.551133918762),
2026-07-09 02:56:09,178 | INFO | 	                    (8, 5128.551133918762),
[92mINFO [0m:      	                    (9, 5136.0926887512205),
2026-07-09 02:56:09,178 | INFO | 	                    (9, 5136.0926887512205),
[92mINFO [0m:      	                    (10, 5055.517206478119),
2026-07-09 02:56:09,178 | INFO | 	                    (10, 5055.517206478119),
[92mINFO [0m:      	                    (11, 5022.628730678558),
2026-07-09 02:56:09,178 | INFO | 	                    (11, 5022.628730678558),
[92mINFO [0m:      	                    (12, 4872.833512878418),
2026-07-09 02:56:09,178 | INFO | 	                    (12, 4872.833512878418),
[92mINFO [0m:      	                    (13, 4816.016271972656),
2026-07-09 02:56:09,178 | INFO | 	                    (13, 4816.016271972656),
[92mINFO [0m:      	                    (14, 4715.813590049744),
2026-07-09 02:56:09,178 | INFO | 	                    (14, 4715.813590049744),
[92mINFO [0m:      	                    (15, 4641.022758674621),
2026-07-09 02:56:09,178 | INFO | 	                    (15, 4641.022758674621),
[92mINFO [0m:      	                    (16, 4586.677510213852),
2026-07-09 02:56:09,178 | INFO | 	                    (16, 4586.677510213852),
[92mINFO [0m:      	                    (17, 4523.244648218155),
2026-07-09 02:56:09,178 | INFO | 	                    (17, 4523.244648218155),
[92mINFO [0m:      	                    (18, 4467.86617667675),
2026-07-09 02:56:09,178 | INFO | 	                    (18, 4467.86617667675),
[92mINFO [0m:      	                    (19, 4395.535335350037),
2026-07-09 02:56:09,178 | INFO | 	                    (19, 4395.535335350037),
[92mINFO [0m:      	                    (20, 4326.51566619873),
2026-07-09 02:56:09,178 | INFO | 	                    (20, 4326.51566619873),
[92mINFO [0m:      	                    (21, 4231.485270595551),
2026-07-09 02:56:09,178 | INFO | 	                    (21, 4231.485270595551),
[92mINFO [0m:      	                    (22, 4193.3741959571835),
2026-07-09 02:56:09,178 | INFO | 	                    (22, 4193.3741959571835),
[92mINFO [0m:      	                    (23, 4117.584333324432),
2026-07-09 02:56:09,178 | INFO | 	                    (23, 4117.584333324432),
[92mINFO [0m:      	                    (24, 4039.206673049927),
2026-07-09 02:56:09,178 | INFO | 	                    (24, 4039.206673049927),
[92mINFO [0m:      	                    (25, 4013.5427824497224),
2026-07-09 02:56:09,178 | INFO | 	                    (25, 4013.5427824497224),
[92mINFO [0m:      	                    (26, 3916.9956258296966),
2026-07-09 02:56:09,178 | INFO | 	                    (26, 3916.9956258296966),
[92mINFO [0m:      	                    (27, 3829.7028467416762),
2026-07-09 02:56:09,178 | INFO | 	                    (27, 3829.7028467416762),
[92mINFO [0m:      	                    (28, 3803.4652984619142),
2026-07-09 02:56:09,178 | INFO | 	                    (28, 3803.4652984619142),
[92mINFO [0m:      	                    (29, 3718.7965277671815),
2026-07-09 02:56:09,178 | INFO | 	                    (29, 3718.7965277671815),
[92mINFO [0m:      	                    (30, 3650.9815841674804),
2026-07-09 02:56:09,178 | INFO | 	                    (30, 3650.9815841674804),
[92mINFO [0m:      	                    (31, 3567.2695240020753),
2026-07-09 02:56:09,178 | INFO | 	                    (31, 3567.2695240020753),
[92mINFO [0m:      	                    (32, 3544.0081810712813),
2026-07-09 02:56:09,178 | INFO | 	                    (32, 3544.0081810712813),
[92mINFO [0m:      	                    (33, 3499.5310686588286),
2026-07-09 02:56:09,178 | INFO | 	                    (33, 3499.5310686588286),
[92mINFO [0m:      	                    (34, 3419.707551765442),
2026-07-09 02:56:09,178 | INFO | 	                    (34, 3419.707551765442),
[92mINFO [0m:      	                    (35, 3340.071703720093),
2026-07-09 02:56:09,178 | INFO | 	                    (35, 3340.071703720093),
[92mINFO [0m:      	                    (36, 3303.33859500885),
2026-07-09 02:56:09,178 | INFO | 	                    (36, 3303.33859500885),
[92mINFO [0m:      	                    (37, 3195.023796081543),
2026-07-09 02:56:09,178 | INFO | 	                    (37, 3195.023796081543),
[92mINFO [0m:      	                    (38, 3190.6588691711427),
2026-07-09 02:56:09,178 | INFO | 	                    (38, 3190.6588691711427),
[92mINFO [0m:      	                    (39, 3132.322025966644),
2026-07-09 02:56:09,178 | INFO | 	                    (39, 3132.322025966644),
[92mINFO [0m:      	                    (40, 3047.805131673813),
2026-07-09 02:56:09,179 | INFO | 	                    (40, 3047.805131673813),
[92mINFO [0m:      	                    (41, 2964.1235687255858),
2026-07-09 02:56:09,179 | INFO | 	                    (41, 2964.1235687255858),
[92mINFO [0m:      	                    (42, 2971.6316320180895),
2026-07-09 02:56:09,179 | INFO | 	                    (42, 2971.6316320180895),
[92mINFO [0m:      	                    (43, 2874.028295612335),
2026-07-09 02:56:09,179 | INFO | 	                    (43, 2874.028295612335),
[92mINFO [0m:      	                    (44, 2843.971174526215),
2026-07-09 02:56:09,179 | INFO | 	                    (44, 2843.971174526215),
[92mINFO [0m:      	                    (45, 2805.0107176780703),
2026-07-09 02:56:09,179 | INFO | 	                    (45, 2805.0107176780703),
[92mINFO [0m:      	                    (46, 2739.3744715929033),
2026-07-09 02:56:09,179 | INFO | 	                    (46, 2739.3744715929033),
[92mINFO [0m:      	                    (47, 2689.2260698318482),
2026-07-09 02:56:09,179 | INFO | 	                    (47, 2689.2260698318482),
[92mINFO [0m:      	                    (48, 2588.6366844177246),
2026-07-09 02:56:09,179 | INFO | 	                    (48, 2588.6366844177246),
[92mINFO [0m:      	                    (49, 2569.221854662895),
2026-07-09 02:56:09,179 | INFO | 	                    (49, 2569.221854662895),
[92mINFO [0m:      	                    (50, 2534.15287938118),
2026-07-09 02:56:09,179 | INFO | 	                    (50, 2534.15287938118),
[92mINFO [0m:      	                    (51, 2508.5828037261963),
2026-07-09 02:56:09,179 | INFO | 	                    (51, 2508.5828037261963),
[92mINFO [0m:      	                    (52, 2409.8664459466936),
2026-07-09 02:56:09,179 | INFO | 	                    (52, 2409.8664459466936),
[92mINFO [0m:      	                    (53, 2414.4359667658805),
2026-07-09 02:56:09,179 | INFO | 	                    (53, 2414.4359667658805),
[92mINFO [0m:      	                    (54, 2352.4586696624756),
2026-07-09 02:56:09,179 | INFO | 	                    (54, 2352.4586696624756),
[92mINFO [0m:      	                    (55, 2311.800812292099),
2026-07-09 02:56:09,179 | INFO | 	                    (55, 2311.800812292099),
[92mINFO [0m:      	                    (56, 2301.0872605323793),
2026-07-09 02:56:09,179 | INFO | 	                    (56, 2301.0872605323793),
[92mINFO [0m:      	                    (57, 2279.4325679779054),
2026-07-09 02:56:09,179 | INFO | 	                    (57, 2279.4325679779054),
[92mINFO [0m:      	                    (58, 2194.3873372793196),
2026-07-09 02:56:09,179 | INFO | 	                    (58, 2194.3873372793196),
[92mINFO [0m:      	                    (59, 2152.6979679107667),
2026-07-09 02:56:09,179 | INFO | 	                    (59, 2152.6979679107667),
[92mINFO [0m:      	                    (60, 2120.4733311891555)],
2026-07-09 02:56:09,179 | INFO | 	                    (60, 2120.4733311891555)],
[92mINFO [0m:      	 'train_loss_p10': [(1, 5848.424464454651),
2026-07-09 02:56:09,179 | INFO | 	 'train_loss_p10': [(1, 5848.424464454651),
[92mINFO [0m:      	                    (2, 5721.179591827393),
2026-07-09 02:56:09,179 | INFO | 	                    (2, 5721.179591827393),
[92mINFO [0m:      	                    (3, 5700.6631054878235),
2026-07-09 02:56:09,179 | INFO | 	                    (3, 5700.6631054878235),
[92mINFO [0m:      	                    (4, 5592.6846980667115),
2026-07-09 02:56:09,179 | INFO | 	                    (4, 5592.6846980667115),
[92mINFO [0m:      	                    (5, 5461.921700592041),
2026-07-09 02:56:09,179 | INFO | 	                    (5, 5461.921700592041),
[92mINFO [0m:      	                    (6, 5415.742521362305),
2026-07-09 02:56:09,179 | INFO | 	                    (6, 5415.742521362305),
[92mINFO [0m:      	                    (7, 5290.442823228836),
2026-07-09 02:56:09,179 | INFO | 	                    (7, 5290.442823228836),
[92mINFO [0m:      	                    (8, 5223.192300643921),
2026-07-09 02:56:09,179 | INFO | 	                    (8, 5223.192300643921),
[92mINFO [0m:      	                    (9, 5139.892222557068),
2026-07-09 02:56:09,179 | INFO | 	                    (9, 5139.892222557068),
[92mINFO [0m:      	                    (10, 5082.3818515396115),
2026-07-09 02:56:09,179 | INFO | 	                    (10, 5082.3818515396115),
[92mINFO [0m:      	                    (11, 5023.462078208923),
2026-07-09 02:56:09,179 | INFO | 	                    (11, 5023.462078208923),
[92mINFO [0m:      	                    (12, 4930.130638122559),
2026-07-09 02:56:09,179 | INFO | 	                    (12, 4930.130638122559),
[92mINFO [0m:      	                    (13, 4857.371597137451),
2026-07-09 02:56:09,179 | INFO | 	                    (13, 4857.371597137451),
[92mINFO [0m:      	                    (14, 4740.868396186828),
2026-07-09 02:56:09,179 | INFO | 	                    (14, 4740.868396186828),
[92mINFO [0m:      	                    (15, 4679.571818227768),
2026-07-09 02:56:09,179 | INFO | 	                    (15, 4679.571818227768),
[92mINFO [0m:      	                    (16, 4635.781228818893),
2026-07-09 02:56:09,179 | INFO | 	                    (16, 4635.781228818893),
[92mINFO [0m:      	                    (17, 4568.038766288757),
2026-07-09 02:56:09,179 | INFO | 	                    (17, 4568.038766288757),
[92mINFO [0m:      	                    (18, 4480.454400672913),
2026-07-09 02:56:09,179 | INFO | 	                    (18, 4480.454400672913),
[92mINFO [0m:      	                    (19, 4445.454628753661),
2026-07-09 02:56:09,180 | INFO | 	                    (19, 4445.454628753661),
[92mINFO [0m:      	                    (20, 4366.572718086243),
2026-07-09 02:56:09,180 | INFO | 	                    (20, 4366.572718086243),
[92mINFO [0m:      	                    (21, 4250.306519794464),
2026-07-09 02:56:09,180 | INFO | 	                    (21, 4250.306519794464),
[92mINFO [0m:      	                    (22, 4203.146144046784),
2026-07-09 02:56:09,180 | INFO | 	                    (22, 4203.146144046784),
[92mINFO [0m:      	                    (23, 4132.7035049057),
2026-07-09 02:56:09,180 | INFO | 	                    (23, 4132.7035049057),
[92mINFO [0m:      	                    (24, 4074.680758895874),
2026-07-09 02:56:09,180 | INFO | 	                    (24, 4074.680758895874),
[92mINFO [0m:      	                    (25, 4031.870868835449),
2026-07-09 02:56:09,180 | INFO | 	                    (25, 4031.870868835449),
[92mINFO [0m:      	                    (26, 3927.13777885437),
2026-07-09 02:56:09,180 | INFO | 	                    (26, 3927.13777885437),
[92mINFO [0m:      	                    (27, 3866.667086825371),
2026-07-09 02:56:09,180 | INFO | 	                    (27, 3866.667086825371),
[92mINFO [0m:      	                    (28, 3806.940215587616),
2026-07-09 02:56:09,180 | INFO | 	                    (28, 3806.940215587616),
[92mINFO [0m:      	                    (29, 3743.028639383316),
2026-07-09 02:56:09,180 | INFO | 	                    (29, 3743.028639383316),
[92mINFO [0m:      	                    (30, 3659.3419998168943),
2026-07-09 02:56:09,180 | INFO | 	                    (30, 3659.3419998168943),
[92mINFO [0m:      	                    (31, 3606.0864881134034),
2026-07-09 02:56:09,180 | INFO | 	                    (31, 3606.0864881134034),
[92mINFO [0m:      	                    (32, 3555.375270233154),
2026-07-09 02:56:09,180 | INFO | 	                    (32, 3555.375270233154),
[92mINFO [0m:      	                    (33, 3516.018755378723),
2026-07-09 02:56:09,180 | INFO | 	                    (33, 3516.018755378723),
[92mINFO [0m:      	                    (34, 3434.4824338150024),
2026-07-09 02:56:09,180 | INFO | 	                    (34, 3434.4824338150024),
[92mINFO [0m:      	                    (35, 3346.7704001808165),
2026-07-09 02:56:09,180 | INFO | 	                    (35, 3346.7704001808165),
[92mINFO [0m:      	                    (36, 3314.8103452587125),
2026-07-09 02:56:09,180 | INFO | 	                    (36, 3314.8103452587125),
[92mINFO [0m:      	                    (37, 3250.8349827098846),
2026-07-09 02:56:09,180 | INFO | 	                    (37, 3250.8349827098846),
[92mINFO [0m:      	                    (38, 3209.1484592437746),
2026-07-09 02:56:09,180 | INFO | 	                    (38, 3209.1484592437746),
[92mINFO [0m:      	                    (39, 3143.1064661979676),
2026-07-09 02:56:09,180 | INFO | 	                    (39, 3143.1064661979676),
[92mINFO [0m:      	                    (40, 3065.1638746881486),
2026-07-09 02:56:09,180 | INFO | 	                    (40, 3065.1638746881486),
[92mINFO [0m:      	                    (41, 3009.081482086182),
2026-07-09 02:56:09,180 | INFO | 	                    (41, 3009.081482086182),
[92mINFO [0m:      	                    (42, 2990.64103954792),
2026-07-09 02:56:09,180 | INFO | 	                    (42, 2990.64103954792),
[92mINFO [0m:      	                    (43, 2895.856010570526),
2026-07-09 02:56:09,180 | INFO | 	                    (43, 2895.856010570526),
[92mINFO [0m:      	                    (44, 2858.710876483917),
2026-07-09 02:56:09,180 | INFO | 	                    (44, 2858.710876483917),
[92mINFO [0m:      	                    (45, 2808.984200935364),
2026-07-09 02:56:09,180 | INFO | 	                    (45, 2808.984200935364),
[92mINFO [0m:      	                    (46, 2742.7958796596527),
2026-07-09 02:56:09,180 | INFO | 	                    (46, 2742.7958796596527),
[92mINFO [0m:      	                    (47, 2711.037239170075),
2026-07-09 02:56:09,180 | INFO | 	                    (47, 2711.037239170075),
[92mINFO [0m:      	                    (48, 2603.855692672729),
2026-07-09 02:56:09,180 | INFO | 	                    (48, 2603.855692672729),
[92mINFO [0m:      	                    (49, 2585.5586952209474),
2026-07-09 02:56:09,180 | INFO | 	                    (49, 2585.5586952209474),
[92mINFO [0m:      	                    (50, 2555.3692914581297),
2026-07-09 02:56:09,180 | INFO | 	                    (50, 2555.3692914581297),
[92mINFO [0m:      	                    (51, 2519.3549211502077),
2026-07-09 02:56:09,180 | INFO | 	                    (51, 2519.3549211502077),
[92mINFO [0m:      	                    (52, 2485.191950263977),
2026-07-09 02:56:09,180 | INFO | 	                    (52, 2485.191950263977),
[92mINFO [0m:      	                    (53, 2449.7123036336898),
2026-07-09 02:56:09,180 | INFO | 	                    (53, 2449.7123036336898),
[92mINFO [0m:      	                    (54, 2363.2906704854963),
2026-07-09 02:56:09,180 | INFO | 	                    (54, 2363.2906704854963),
[92mINFO [0m:      	                    (55, 2320.5479473495484),
2026-07-09 02:56:09,180 | INFO | 	                    (55, 2320.5479473495484),
[92mINFO [0m:      	                    (56, 2302.7634671735764),
2026-07-09 02:56:09,180 | INFO | 	                    (56, 2302.7634671735764),
[92mINFO [0m:      	                    (57, 2285.9848625993727),
2026-07-09 02:56:09,180 | INFO | 	                    (57, 2285.9848625993727),
[92mINFO [0m:      	                    (58, 2227.9893105793),
2026-07-09 02:56:09,181 | INFO | 	                    (58, 2227.9893105793),
[92mINFO [0m:      	                    (59, 2188.3115201950077),
2026-07-09 02:56:09,181 | INFO | 	                    (59, 2188.3115201950077),
[92mINFO [0m:      	                    (60, 2140.299444026947)],
2026-07-09 02:56:09,181 | INFO | 	                    (60, 2140.299444026947)],
[92mINFO [0m:      	 'train_loss_p50': [(1, 5935.3104882240295),
2026-07-09 02:56:09,181 | INFO | 	 'train_loss_p50': [(1, 5935.3104882240295),
[92mINFO [0m:      	                    (2, 5835.4970218658445),
2026-07-09 02:56:09,181 | INFO | 	                    (2, 5835.4970218658445),
[92mINFO [0m:      	                    (3, 5772.885633850097),
2026-07-09 02:56:09,181 | INFO | 	                    (3, 5772.885633850097),
[92mINFO [0m:      	                    (4, 5680.545162582397),
2026-07-09 02:56:09,181 | INFO | 	                    (4, 5680.545162582397),
[92mINFO [0m:      	                    (5, 5542.526301574707),
2026-07-09 02:56:09,181 | INFO | 	                    (5, 5542.526301574707),
[92mINFO [0m:      	                    (6, 5566.81369895935),
2026-07-09 02:56:09,181 | INFO | 	                    (6, 5566.81369895935),
[92mINFO [0m:      	                    (7, 5385.113242721558),
2026-07-09 02:56:09,181 | INFO | 	                    (7, 5385.113242721558),
[92mINFO [0m:      	                    (8, 5281.108296966553),
2026-07-09 02:56:09,181 | INFO | 	                    (8, 5281.108296966553),
[92mINFO [0m:      	                    (9, 5174.574633216858),
2026-07-09 02:56:09,181 | INFO | 	                    (9, 5174.574633216858),
[92mINFO [0m:      	                    (10, 5224.189716720581),
2026-07-09 02:56:09,181 | INFO | 	                    (10, 5224.189716720581),
[92mINFO [0m:      	                    (11, 5119.927641677857),
2026-07-09 02:56:09,181 | INFO | 	                    (11, 5119.927641677857),
[92mINFO [0m:      	                    (12, 5005.259716415405),
2026-07-09 02:56:09,181 | INFO | 	                    (12, 5005.259716415405),
[92mINFO [0m:      	                    (13, 4967.032399368286),
2026-07-09 02:56:09,181 | INFO | 	                    (13, 4967.032399368286),
[92mINFO [0m:      	                    (14, 4827.183742523193),
2026-07-09 02:56:09,181 | INFO | 	                    (14, 4827.183742523193),
[92mINFO [0m:      	                    (15, 4784.729717254639),
2026-07-09 02:56:09,181 | INFO | 	                    (15, 4784.729717254639),
[92mINFO [0m:      	                    (16, 4690.906239175796),
2026-07-09 02:56:09,181 | INFO | 	                    (16, 4690.906239175796),
[92mINFO [0m:      	                    (17, 4624.69352722168),
2026-07-09 02:56:09,181 | INFO | 	                    (17, 4624.69352722168),
[92mINFO [0m:      	                    (18, 4555.4791492462155),
2026-07-09 02:56:09,181 | INFO | 	                    (18, 4555.4791492462155),
[92mINFO [0m:      	                    (19, 4520.464220428466),
2026-07-09 02:56:09,181 | INFO | 	                    (19, 4520.464220428466),
[92mINFO [0m:      	                    (20, 4451.12666015625),
2026-07-09 02:56:09,181 | INFO | 	                    (20, 4451.12666015625),
[92mINFO [0m:      	                    (21, 4343.870517539978),
2026-07-09 02:56:09,181 | INFO | 	                    (21, 4343.870517539978),
[92mINFO [0m:      	                    (22, 4234.212670516968),
2026-07-09 02:56:09,181 | INFO | 	                    (22, 4234.212670516968),
[92mINFO [0m:      	                    (23, 4173.323769569397),
2026-07-09 02:56:09,181 | INFO | 	                    (23, 4173.323769569397),
[92mINFO [0m:      	                    (24, 4144.849354934692),
2026-07-09 02:56:09,181 | INFO | 	                    (24, 4144.849354934692),
[92mINFO [0m:      	                    (25, 4058.869477081299),
2026-07-09 02:56:09,181 | INFO | 	                    (25, 4058.869477081299),
[92mINFO [0m:      	                    (26, 4008.7583038330076),
2026-07-09 02:56:09,181 | INFO | 	                    (26, 4008.7583038330076),
[92mINFO [0m:      	                    (27, 3918.4795463562014),
2026-07-09 02:56:09,181 | INFO | 	                    (27, 3918.4795463562014),
[92mINFO [0m:      	                    (28, 3865.3476024627685),
2026-07-09 02:56:09,181 | INFO | 	                    (28, 3865.3476024627685),
[92mINFO [0m:      	                    (29, 3792.879197692871),
2026-07-09 02:56:09,181 | INFO | 	                    (29, 3792.879197692871),
[92mINFO [0m:      	                    (30, 3728.7127014160155),
2026-07-09 02:56:09,181 | INFO | 	                    (30, 3728.7127014160155),
[92mINFO [0m:      	                    (31, 3686.439428329468),
2026-07-09 02:56:09,181 | INFO | 	                    (31, 3686.439428329468),
[92mINFO [0m:      	                    (32, 3641.5046676635743),
2026-07-09 02:56:09,181 | INFO | 	                    (32, 3641.5046676635743),
[92mINFO [0m:      	                    (33, 3590.7172538757322),
2026-07-09 02:56:09,181 | INFO | 	                    (33, 3590.7172538757322),
[92mINFO [0m:      	                    (34, 3556.8044635772703),
2026-07-09 02:56:09,181 | INFO | 	                    (34, 3556.8044635772703),
[92mINFO [0m:      	                    (35, 3394.509945678711),
2026-07-09 02:56:09,181 | INFO | 	                    (35, 3394.509945678711),
[92mINFO [0m:      	                    (36, 3364.181607246399),
2026-07-09 02:56:09,182 | INFO | 	                    (36, 3364.181607246399),
[92mINFO [0m:      	                    (37, 3320.379694366455),
2026-07-09 02:56:09,182 | INFO | 	                    (37, 3320.379694366455),
[92mINFO [0m:      	                    (38, 3261.6315536499023),
2026-07-09 02:56:09,182 | INFO | 	                    (38, 3261.6315536499023),
[92mINFO [0m:      	                    (39, 3203.6149265289305),
2026-07-09 02:56:09,182 | INFO | 	                    (39, 3203.6149265289305),
[92mINFO [0m:      	                    (40, 3101.013360977173),
2026-07-09 02:56:09,182 | INFO | 	                    (40, 3101.013360977173),
[92mINFO [0m:      	                    (41, 3084.684538650513),
2026-07-09 02:56:09,182 | INFO | 	                    (41, 3084.684538650513),
[92mINFO [0m:      	                    (42, 3021.9369678497314),
2026-07-09 02:56:09,182 | INFO | 	                    (42, 3021.9369678497314),
[92mINFO [0m:      	                    (43, 2969.5598966121674),
2026-07-09 02:56:09,182 | INFO | 	                    (43, 2969.5598966121674),
[92mINFO [0m:      	                    (44, 2909.4488693237304),
2026-07-09 02:56:09,182 | INFO | 	                    (44, 2909.4488693237304),
[92mINFO [0m:      	                    (45, 2852.7609672546387),
2026-07-09 02:56:09,182 | INFO | 	                    (45, 2852.7609672546387),
[92mINFO [0m:      	                    (46, 2784.7816829681396),
2026-07-09 02:56:09,182 | INFO | 	                    (46, 2784.7816829681396),
[92mINFO [0m:      	                    (47, 2765.592166137695),
2026-07-09 02:56:09,182 | INFO | 	                    (47, 2765.592166137695),
[92mINFO [0m:      	                    (48, 2720.845895385742),
2026-07-09 02:56:09,182 | INFO | 	                    (48, 2720.845895385742),
[92mINFO [0m:      	                    (49, 2679.1656911849977),
2026-07-09 02:56:09,182 | INFO | 	                    (49, 2679.1656911849977),
[92mINFO [0m:      	                    (50, 2601.915008163452),
2026-07-09 02:56:09,182 | INFO | 	                    (50, 2601.915008163452),
[92mINFO [0m:      	                    (51, 2549.1100315093995),
2026-07-09 02:56:09,182 | INFO | 	                    (51, 2549.1100315093995),
[92mINFO [0m:      	                    (52, 2543.099364089966),
2026-07-09 02:56:09,182 | INFO | 	                    (52, 2543.099364089966),
[92mINFO [0m:      	                    (53, 2479.7053945541384),
2026-07-09 02:56:09,182 | INFO | 	                    (53, 2479.7053945541384),
[92mINFO [0m:      	                    (54, 2458.378890609741),
2026-07-09 02:56:09,182 | INFO | 	                    (54, 2458.378890609741),
[92mINFO [0m:      	                    (55, 2413.489493560791),
2026-07-09 02:56:09,182 | INFO | 	                    (55, 2413.489493560791),
[92mINFO [0m:      	                    (56, 2354.916525220871),
2026-07-09 02:56:09,182 | INFO | 	                    (56, 2354.916525220871),
[92mINFO [0m:      	                    (57, 2335.0429298400877),
2026-07-09 02:56:09,182 | INFO | 	                    (57, 2335.0429298400877),
[92mINFO [0m:      	                    (58, 2273.573477745056),
2026-07-09 02:56:09,182 | INFO | 	                    (58, 2273.573477745056),
[92mINFO [0m:      	                    (59, 2295.5718311309815),
2026-07-09 02:56:09,182 | INFO | 	                    (59, 2295.5718311309815),
[92mINFO [0m:      	                    (60, 2190.880588531494)],
2026-07-09 02:56:09,182 | INFO | 	                    (60, 2190.880588531494)],
[92mINFO [0m:      	 'train_loss_p90': [(1, 8637.2482856369),
2026-07-09 02:56:09,182 | INFO | 	 'train_loss_p90': [(1, 8637.2482856369),
[92mINFO [0m:      	                    (2, 7473.6268211174),
2026-07-09 02:56:09,182 | INFO | 	                    (2, 7473.6268211174),
[92mINFO [0m:      	                    (3, 8317.745635375977),
2026-07-09 02:56:09,182 | INFO | 	                    (3, 8317.745635375977),
[92mINFO [0m:      	                    (4, 7205.223805984496),
2026-07-09 02:56:09,182 | INFO | 	                    (4, 7205.223805984496),
[92mINFO [0m:      	                    (5, 7234.646270751953),
2026-07-09 02:56:09,182 | INFO | 	                    (5, 7234.646270751953),
[92mINFO [0m:      	                    (6, 8134.952295265198),
2026-07-09 02:56:09,182 | INFO | 	                    (6, 8134.952295265198),
[92mINFO [0m:      	                    (7, 8085.241987724305),
2026-07-09 02:56:09,182 | INFO | 	                    (7, 8085.241987724305),
[92mINFO [0m:      	                    (8, 7868.534501338006),
2026-07-09 02:56:09,182 | INFO | 	                    (8, 7868.534501338006),
[92mINFO [0m:      	                    (9, 6798.223402252196),
2026-07-09 02:56:09,182 | INFO | 	                    (9, 6798.223402252196),
[92mINFO [0m:      	                    (10, 7721.442028999329),
2026-07-09 02:56:09,182 | INFO | 	                    (10, 7721.442028999329),
[92mINFO [0m:      	                    (11, 7515.025429677963),
2026-07-09 02:56:09,182 | INFO | 	                    (11, 7515.025429677963),
[92mINFO [0m:      	                    (12, 7460.343276062012),
2026-07-09 02:56:09,182 | INFO | 	                    (12, 7460.343276062012),
[92mINFO [0m:      	                    (13, 6383.718844444751),
2026-07-09 02:56:09,182 | INFO | 	                    (13, 6383.718844444751),
[92mINFO [0m:      	                    (14, 4966.208078155518),
2026-07-09 02:56:09,183 | INFO | 	                    (14, 4966.208078155518),
[92mINFO [0m:      	                    (15, 6242.822952165603),
2026-07-09 02:56:09,183 | INFO | 	                    (15, 6242.822952165603),
[92mINFO [0m:      	                    (16, 4819.895047302246),
2026-07-09 02:56:09,183 | INFO | 	                    (16, 4819.895047302246),
[92mINFO [0m:      	                    (17, 7039.310522117615),
2026-07-09 02:56:09,183 | INFO | 	                    (17, 7039.310522117615),
[92mINFO [0m:      	                    (18, 6955.808813743592),
2026-07-09 02:56:09,183 | INFO | 	                    (18, 6955.808813743592),
[92mINFO [0m:      	                    (19, 6864.147059135437),
2026-07-09 02:56:09,183 | INFO | 	                    (19, 6864.147059135437),
[92mINFO [0m:      	                    (20, 6967.966943283081),
2026-07-09 02:56:09,183 | INFO | 	                    (20, 6967.966943283081),
[92mINFO [0m:      	                    (21, 6705.302505936623),
2026-07-09 02:56:09,183 | INFO | 	                    (21, 6705.302505936623),
[92mINFO [0m:      	                    (22, 4354.870965118408),
2026-07-09 02:56:09,183 | INFO | 	                    (22, 4354.870965118408),
[92mINFO [0m:      	                    (23, 5616.381567649841),
2026-07-09 02:56:09,183 | INFO | 	                    (23, 5616.381567649841),
[92mINFO [0m:      	                    (24, 6580.260101377169),
2026-07-09 02:56:09,183 | INFO | 	                    (24, 6580.260101377169),
[92mINFO [0m:      	                    (25, 6415.254314918518),
2026-07-09 02:56:09,183 | INFO | 	                    (25, 6415.254314918518),
[92mINFO [0m:      	                    (26, 5437.832161521911),
2026-07-09 02:56:09,183 | INFO | 	                    (26, 5437.832161521911),
[92mINFO [0m:      	                    (27, 6236.532682361603),
2026-07-09 02:56:09,183 | INFO | 	                    (27, 6236.532682361603),
[92mINFO [0m:      	                    (28, 5498.791098766325),
2026-07-09 02:56:09,183 | INFO | 	                    (28, 5498.791098766325),
[92mINFO [0m:      	                    (29, 6089.033208308219),
2026-07-09 02:56:09,183 | INFO | 	                    (29, 6089.033208308219),
[92mINFO [0m:      	                    (30, 5059.672583541869),
2026-07-09 02:56:09,183 | INFO | 	                    (30, 5059.672583541869),
[92mINFO [0m:      	                    (31, 5896.293126869202),
2026-07-09 02:56:09,183 | INFO | 	                    (31, 5896.293126869202),
[92mINFO [0m:      	                    (32, 6119.643170702457),
2026-07-09 02:56:09,183 | INFO | 	                    (32, 6119.643170702457),
[92mINFO [0m:      	                    (33, 5883.583552574158),
2026-07-09 02:56:09,183 | INFO | 	                    (33, 5883.583552574158),
[92mINFO [0m:      	                    (34, 5963.633771972656),
2026-07-09 02:56:09,183 | INFO | 	                    (34, 5963.633771972656),
[92mINFO [0m:      	                    (35, 5552.764052639008),
2026-07-09 02:56:09,183 | INFO | 	                    (35, 5552.764052639008),
[92mINFO [0m:      	                    (36, 4632.419647064208),
2026-07-09 02:56:09,183 | INFO | 	                    (36, 4632.419647064208),
[92mINFO [0m:      	                    (37, 5897.940333232879),
2026-07-09 02:56:09,183 | INFO | 	                    (37, 5897.940333232879),
[92mINFO [0m:      	                    (38, 5784.470638432503),
2026-07-09 02:56:09,183 | INFO | 	                    (38, 5784.470638432503),
[92mINFO [0m:      	                    (39, 5658.504173380534),
2026-07-09 02:56:09,183 | INFO | 	                    (39, 5658.504173380534),
[92mINFO [0m:      	                    (40, 5188.624600200653),
2026-07-09 02:56:09,183 | INFO | 	                    (40, 5188.624600200653),
[92mINFO [0m:      	                    (41, 5081.54948363781),
2026-07-09 02:56:09,183 | INFO | 	                    (41, 5081.54948363781),
[92mINFO [0m:      	                    (42, 4535.416144657134),
2026-07-09 02:56:09,183 | INFO | 	                    (42, 4535.416144657134),
[92mINFO [0m:      	                    (43, 5405.970590484619),
2026-07-09 02:56:09,183 | INFO | 	                    (43, 5405.970590484619),
[92mINFO [0m:      	                    (44, 4920.79732919693),
2026-07-09 02:56:09,183 | INFO | 	                    (44, 4920.79732919693),
[92mINFO [0m:      	                    (45, 2923.785557098389),
2026-07-09 02:56:09,183 | INFO | 	                    (45, 2923.785557098389),
[92mINFO [0m:      	                    (46, 4287.1501488647455),
2026-07-09 02:56:09,183 | INFO | 	                    (46, 4287.1501488647455),
[92mINFO [0m:      	                    (47, 5003.35232509613),
2026-07-09 02:56:09,183 | INFO | 	                    (47, 5003.35232509613),
[92mINFO [0m:      	                    (48, 5120.385931976319),
2026-07-09 02:56:09,183 | INFO | 	                    (48, 5120.385931976319),
[92mINFO [0m:      	                    (49, 4878.438435058593),
2026-07-09 02:56:09,183 | INFO | 	                    (49, 4878.438435058593),
[92mINFO [0m:      	                    (50, 4455.478197135925),
2026-07-09 02:56:09,183 | INFO | 	                    (50, 4455.478197135925),
[92mINFO [0m:      	                    (51, 4418.3815742635725),
2026-07-09 02:56:09,183 | INFO | 	                    (51, 4418.3815742635725),
[92mINFO [0m:      	                    (52, 4385.746453580857),
2026-07-09 02:56:09,183 | INFO | 	                    (52, 4385.746453580857),
[92mINFO [0m:      	                    (53, 4295.5887641096115),
2026-07-09 02:56:09,184 | INFO | 	                    (53, 4295.5887641096115),
[92mINFO [0m:      	                    (54, 4562.585302474976),
2026-07-09 02:56:09,184 | INFO | 	                    (54, 4562.585302474976),
[92mINFO [0m:      	                    (55, 4747.171392043431),
2026-07-09 02:56:09,184 | INFO | 	                    (55, 4747.171392043431),
[92mINFO [0m:      	                    (56, 4114.8782143783565),
2026-07-09 02:56:09,184 | INFO | 	                    (56, 4114.8782143783565),
[92mINFO [0m:      	                    (57, 4042.413451490402),
2026-07-09 02:56:09,184 | INFO | 	                    (57, 4042.413451490402),
[92mINFO [0m:      	                    (58, 4319.720171117782),
2026-07-09 02:56:09,184 | INFO | 	                    (58, 4319.720171117782),
[92mINFO [0m:      	                    (59, 4546.253530590057),
2026-07-09 02:56:09,184 | INFO | 	                    (59, 4546.253530590057),
[92mINFO [0m:      	                    (60, 3865.883093123436)],
2026-07-09 02:56:09,184 | INFO | 	                    (60, 3865.883093123436)],
[92mINFO [0m:      	 'train_loss_std': [(1, 1185.3299702804707),
2026-07-09 02:56:09,184 | INFO | 	 'train_loss_std': [(1, 1185.3299702804707),
[92mINFO [0m:      	                    (2, 881.8902694698374),
2026-07-09 02:56:09,184 | INFO | 	                    (2, 881.8902694698374),
[92mINFO [0m:      	                    (3, 1038.3995692848432),
2026-07-09 02:56:09,184 | INFO | 	                    (3, 1038.3995692848432),
[92mINFO [0m:      	                    (4, 824.2738592590721),
2026-07-09 02:56:09,184 | INFO | 	                    (4, 824.2738592590721),
[92mINFO [0m:      	                    (5, 874.1463390155053),
2026-07-09 02:56:09,184 | INFO | 	                    (5, 874.1463390155053),
[92mINFO [0m:      	                    (6, 1071.0297388043878),
2026-07-09 02:56:09,184 | INFO | 	                    (6, 1071.0297388043878),
[92mINFO [0m:      	                    (7, 1209.2664689308385),
2026-07-09 02:56:09,184 | INFO | 	                    (7, 1209.2664689308385),
[92mINFO [0m:      	                    (8, 1039.42538716848),
2026-07-09 02:56:09,184 | INFO | 	                    (8, 1039.42538716848),
[92mINFO [0m:      	                    (9, 862.318363022823),
2026-07-09 02:56:09,184 | INFO | 	                    (9, 862.318363022823),
[92mINFO [0m:      	                    (10, 1186.587349145095),
2026-07-09 02:56:09,184 | INFO | 	                    (10, 1186.587349145095),
[92mINFO [0m:      	                    (11, 1084.2495173735726),
2026-07-09 02:56:09,184 | INFO | 	                    (11, 1084.2495173735726),
[92mINFO [0m:      	                    (12, 995.9012120794665),
2026-07-09 02:56:09,184 | INFO | 	                    (12, 995.9012120794665),
[92mINFO [0m:      	                    (13, 817.1939209035544),
2026-07-09 02:56:09,184 | INFO | 	                    (13, 817.1939209035544),
[92mINFO [0m:      	                    (14, 631.6691660305603),
2026-07-09 02:56:09,184 | INFO | 	                    (14, 631.6691660305603),
[92mINFO [0m:      	                    (15, 836.4321783070134),
2026-07-09 02:56:09,184 | INFO | 	                    (15, 836.4321783070134),
[92mINFO [0m:      	                    (16, 612.5996613171371),
2026-07-09 02:56:09,184 | INFO | 	                    (16, 612.5996613171371),
[92mINFO [0m:      	                    (17, 974.9139756841765),
2026-07-09 02:56:09,184 | INFO | 	                    (17, 974.9139756841765),
[92mINFO [0m:      	                    (18, 970.1679354556405),
2026-07-09 02:56:09,184 | INFO | 	                    (18, 970.1679354556405),
[92mINFO [0m:      	                    (19, 974.8518721181308),
2026-07-09 02:56:09,184 | INFO | 	                    (19, 974.8518721181308),
[92mINFO [0m:      	                    (20, 1045.717978911182),
2026-07-09 02:56:09,184 | INFO | 	                    (20, 1045.717978911182),
[92mINFO [0m:      	                    (21, 1128.754448281895),
2026-07-09 02:56:09,184 | INFO | 	                    (21, 1128.754448281895),
[92mINFO [0m:      	                    (22, 580.9636949205628),
2026-07-09 02:56:09,184 | INFO | 	                    (22, 580.9636949205628),
[92mINFO [0m:      	                    (23, 812.2629413431287),
2026-07-09 02:56:09,184 | INFO | 	                    (23, 812.2629413431287),
[92mINFO [0m:      	                    (24, 1091.9569518570395),
2026-07-09 02:56:09,184 | INFO | 	                    (24, 1091.9569518570395),
[92mINFO [0m:      	                    (25, 976.2110938953147),
2026-07-09 02:56:09,184 | INFO | 	                    (25, 976.2110938953147),
[92mINFO [0m:      	                    (26, 810.3173213989406),
2026-07-09 02:56:09,184 | INFO | 	                    (26, 810.3173213989406),
[92mINFO [0m:      	                    (27, 1059.022440405838),
2026-07-09 02:56:09,184 | INFO | 	                    (27, 1059.022440405838),
[92mINFO [0m:      	                    (28, 926.8095809884093),
2026-07-09 02:56:09,184 | INFO | 	                    (28, 926.8095809884093),
[92mINFO [0m:      	                    (29, 1016.8714409761844),
2026-07-09 02:56:09,184 | INFO | 	                    (29, 1016.8714409761844),
[92mINFO [0m:      	                    (30, 824.2947611774556),
2026-07-09 02:56:09,185 | INFO | 	                    (30, 824.2947611774556),
[92mINFO [0m:      	                    (31, 1030.1660753787587),
2026-07-09 02:56:09,185 | INFO | 	                    (31, 1030.1660753787587),
[92mINFO [0m:      	                    (32, 1150.9635238223052),
2026-07-09 02:56:09,185 | INFO | 	                    (32, 1150.9635238223052),
[92mINFO [0m:      	                    (33, 1026.4211998854912),
2026-07-09 02:56:09,185 | INFO | 	                    (33, 1026.4211998854912),
[92mINFO [0m:      	                    (34, 1160.8874388272025),
2026-07-09 02:56:09,185 | INFO | 	                    (34, 1160.8874388272025),
[92mINFO [0m:      	                    (35, 931.3003662452744),
2026-07-09 02:56:09,185 | INFO | 	                    (35, 931.3003662452744),
[92mINFO [0m:      	                    (36, 715.2348838443135),
2026-07-09 02:56:09,185 | INFO | 	                    (36, 715.2348838443135),
[92mINFO [0m:      	                    (37, 1204.0663609501787),
2026-07-09 02:56:09,185 | INFO | 	                    (37, 1204.0663609501787),
[92mINFO [0m:      	                    (38, 1075.7273320162724),
2026-07-09 02:56:09,185 | INFO | 	                    (38, 1075.7273320162724),
[92mINFO [0m:      	                    (39, 1106.4774681701942),
2026-07-09 02:56:09,185 | INFO | 	                    (39, 1106.4774681701942),
[92mINFO [0m:      	                    (40, 1023.5904601264531),
2026-07-09 02:56:09,185 | INFO | 	                    (40, 1023.5904601264531),
[92mINFO [0m:      	                    (41, 964.8961424849949),
2026-07-09 02:56:09,185 | INFO | 	                    (41, 964.8961424849949),
[92mINFO [0m:      	                    (42, 848.2222150732817),
2026-07-09 02:56:09,185 | INFO | 	                    (42, 848.2222150732817),
[92mINFO [0m:      	                    (43, 1092.6982046010257),
2026-07-09 02:56:09,185 | INFO | 	                    (43, 1092.6982046010257),
[92mINFO [0m:      	                    (44, 882.6717469186926),
2026-07-09 02:56:09,185 | INFO | 	                    (44, 882.6717469186926),
[92mINFO [0m:      	                    (45, 603.4570311634726),
2026-07-09 02:56:09,185 | INFO | 	                    (45, 603.4570311634726),
[92mINFO [0m:      	                    (46, 833.6877749496522),
2026-07-09 02:56:09,185 | INFO | 	                    (46, 833.6877749496522),
[92mINFO [0m:      	                    (47, 1027.2541894425326),
2026-07-09 02:56:09,185 | INFO | 	                    (47, 1027.2541894425326),
[92mINFO [0m:      	                    (48, 1104.2946716031804),
2026-07-09 02:56:09,185 | INFO | 	                    (48, 1104.2946716031804),
[92mINFO [0m:      	                    (49, 1041.228037474257),
2026-07-09 02:56:09,185 | INFO | 	                    (49, 1041.228037474257),
[92mINFO [0m:      	                    (50, 827.8810054910153),
2026-07-09 02:56:09,185 | INFO | 	                    (50, 827.8810054910153),
[92mINFO [0m:      	                    (51, 826.949721587237),
2026-07-09 02:56:09,185 | INFO | 	                    (51, 826.949721587237),
[92mINFO [0m:      	                    (52, 875.4273913314345),
2026-07-09 02:56:09,185 | INFO | 	                    (52, 875.4273913314345),
[92mINFO [0m:      	                    (53, 858.6082089407043),
2026-07-09 02:56:09,185 | INFO | 	                    (53, 858.6082089407043),
[92mINFO [0m:      	                    (54, 968.4747724567982),
2026-07-09 02:56:09,185 | INFO | 	                    (54, 968.4747724567982),
[92mINFO [0m:      	                    (55, 991.0148951712105),
2026-07-09 02:56:09,185 | INFO | 	                    (55, 991.0148951712105),
[92mINFO [0m:      	                    (56, 791.4086186183949),
2026-07-09 02:56:09,185 | INFO | 	                    (56, 791.4086186183949),
[92mINFO [0m:      	                    (57, 841.5814583704968),
2026-07-09 02:56:09,185 | INFO | 	                    (57, 841.5814583704968),
[92mINFO [0m:      	                    (58, 898.7973787787662),
2026-07-09 02:56:09,185 | INFO | 	                    (58, 898.7973787787662),
[92mINFO [0m:      	                    (59, 1054.906137189389),
2026-07-09 02:56:09,185 | INFO | 	                    (59, 1054.906137189389),
[92mINFO [0m:      	                    (60, 745.0401880602282)],
2026-07-09 02:56:09,185 | INFO | 	                    (60, 745.0401880602282)],
[92mINFO [0m:      	 'vi_elbo_loss_max': [(1, 8721.393674341838),
2026-07-09 02:56:09,185 | INFO | 	 'vi_elbo_loss_max': [(1, 8721.393674341838),
[92mINFO [0m:      	                      (2, 8447.946123313905),
2026-07-09 02:56:09,185 | INFO | 	                      (2, 8447.946123313905),
[92mINFO [0m:      	                      (3, 8526.797646141053),
2026-07-09 02:56:09,185 | INFO | 	                      (3, 8526.797646141053),
[92mINFO [0m:      	                      (4, 8121.89294128418),
2026-07-09 02:56:09,185 | INFO | 	                      (4, 8121.89294128418),
[92mINFO [0m:      	                      (5, 8153.0523868560795),
2026-07-09 02:56:09,185 | INFO | 	                      (5, 8153.0523868560795),
[92mINFO [0m:      	                      (6, 8280.602738253276),
2026-07-09 02:56:09,185 | INFO | 	                      (6, 8280.602738253276),
[92mINFO [0m:      	                      (7, 8171.647003046672),
2026-07-09 02:56:09,185 | INFO | 	                      (7, 8171.647003046672),
[92mINFO [0m:      	                      (8, 7928.044037818909),
2026-07-09 02:56:09,185 | INFO | 	                      (8, 7928.044037818909),
[92mINFO [0m:      	                      (9, 7745.86574344635),
2026-07-09 02:56:09,186 | INFO | 	                      (9, 7745.86574344635),
[92mINFO [0m:      	                      (10, 7770.466329956054),
2026-07-09 02:56:09,186 | INFO | 	                      (10, 7770.466329956054),
[92mINFO [0m:      	                      (11, 7717.80533135732),
2026-07-09 02:56:09,186 | INFO | 	                      (11, 7717.80533135732),
[92mINFO [0m:      	                      (12, 7491.422927856445),
2026-07-09 02:56:09,186 | INFO | 	                      (12, 7491.422927856445),
[92mINFO [0m:      	                      (13, 7359.998781681061),
2026-07-09 02:56:09,186 | INFO | 	                      (13, 7359.998781681061),
[92mINFO [0m:      	                      (14, 7343.938425922393),
2026-07-09 02:56:09,186 | INFO | 	                      (14, 7343.938425922393),
[92mINFO [0m:      	                      (15, 7291.8476407051085),
2026-07-09 02:56:09,186 | INFO | 	                      (15, 7291.8476407051085),
[92mINFO [0m:      	                      (16, 7131.103083267212),
2026-07-09 02:56:09,186 | INFO | 	                      (16, 7131.103083267212),
[92mINFO [0m:      	                      (17, 7078.912858390808),
2026-07-09 02:56:09,186 | INFO | 	                      (17, 7078.912858390808),
[92mINFO [0m:      	                      (18, 6980.915103340149),
2026-07-09 02:56:09,186 | INFO | 	                      (18, 6980.915103340149),
[92mINFO [0m:      	                      (19, 7108.643480396271),
2026-07-09 02:56:09,186 | INFO | 	                      (19, 7108.643480396271),
[92mINFO [0m:      	                      (20, 7208.9161299387615),
2026-07-09 02:56:09,186 | INFO | 	                      (20, 7208.9161299387615),
[92mINFO [0m:      	                      (21, 6760.641172027588),
2026-07-09 02:56:09,186 | INFO | 	                      (21, 6760.641172027588),
[92mINFO [0m:      	                      (22, 6570.838226127625),
2026-07-09 02:56:09,186 | INFO | 	                      (22, 6570.838226127625),
[92mINFO [0m:      	                      (23, 6611.546354961395),
2026-07-09 02:56:09,186 | INFO | 	                      (23, 6611.546354961395),
[92mINFO [0m:      	                      (24, 6822.917051696777),
2026-07-09 02:56:09,186 | INFO | 	                      (24, 6822.917051696777),
[92mINFO [0m:      	                      (25, 6665.202115996679),
2026-07-09 02:56:09,186 | INFO | 	                      (25, 6665.202115996679),
[92mINFO [0m:      	                      (26, 6408.527668952942),
2026-07-09 02:56:09,186 | INFO | 	                      (26, 6408.527668952942),
[92mINFO [0m:      	                      (27, 6506.116280019283),
2026-07-09 02:56:09,186 | INFO | 	                      (27, 6506.116280019283),
[92mINFO [0m:      	                      (28, 6634.518327585856),
2026-07-09 02:56:09,186 | INFO | 	                      (28, 6634.518327585856),
[92mINFO [0m:      	                      (29, 6190.9644759655),
2026-07-09 02:56:09,186 | INFO | 	                      (29, 6190.9644759655),
[92mINFO [0m:      	                      (30, 6334.988318443298),
2026-07-09 02:56:09,186 | INFO | 	                      (30, 6334.988318443298),
[92mINFO [0m:      	                      (31, 6268.74313287735),
2026-07-09 02:56:09,186 | INFO | 	                      (31, 6268.74313287735),
[92mINFO [0m:      	                      (32, 6266.8455106099445),
2026-07-09 02:56:09,186 | INFO | 	                      (32, 6266.8455106099445),
[92mINFO [0m:      	                      (33, 6129.565606880188),
2026-07-09 02:56:09,186 | INFO | 	                      (33, 6129.565606880188),
[92mINFO [0m:      	                      (34, 6030.32665348053),
2026-07-09 02:56:09,186 | INFO | 	                      (34, 6030.32665348053),
[92mINFO [0m:      	                      (35, 5987.110968828201),
2026-07-09 02:56:09,186 | INFO | 	                      (35, 5987.110968828201),
[92mINFO [0m:      	                      (36, 5480.527539634704),
2026-07-09 02:56:09,186 | INFO | 	                      (36, 5480.527539634704),
[92mINFO [0m:      	                      (37, 5939.5388062795),
2026-07-09 02:56:09,186 | INFO | 	                      (37, 5939.5388062795),
[92mINFO [0m:      	                      (38, 5832.470812479655),
2026-07-09 02:56:09,186 | INFO | 	                      (38, 5832.470812479655),
[92mINFO [0m:      	                      (39, 5766.574028428396),
2026-07-09 02:56:09,186 | INFO | 	                      (39, 5766.574028428396),
[92mINFO [0m:      	                      (40, 5586.480657428503),
2026-07-09 02:56:09,186 | INFO | 	                      (40, 5586.480657428503),
[92mINFO [0m:      	                      (41, 5629.530875651041),
2026-07-09 02:56:09,186 | INFO | 	                      (41, 5629.530875651041),
[92mINFO [0m:      	                      (42, 5545.696763324738),
2026-07-09 02:56:09,186 | INFO | 	                      (42, 5545.696763324738),
[92mINFO [0m:      	                      (43, 5505.992599232992),
2026-07-09 02:56:09,186 | INFO | 	                      (43, 5505.992599232992),
[92mINFO [0m:      	                      (44, 5446.2775309562685),
2026-07-09 02:56:09,186 | INFO | 	                      (44, 5446.2775309562685),
[92mINFO [0m:      	                      (45, 5272.596088523865),
2026-07-09 02:56:09,186 | INFO | 	                      (45, 5272.596088523865),
[92mINFO [0m:      	                      (46, 5241.090739806493),
2026-07-09 02:56:09,186 | INFO | 	                      (46, 5241.090739806493),
[92mINFO [0m:      	                      (47, 5190.018275552988),
2026-07-09 02:56:09,186 | INFO | 	                      (47, 5190.018275552988),
[92mINFO [0m:      	                      (48, 5192.593705113729),
2026-07-09 02:56:09,187 | INFO | 	                      (48, 5192.593705113729),
[92mINFO [0m:      	                      (49, 5134.667936325073),
2026-07-09 02:56:09,187 | INFO | 	                      (49, 5134.667936325073),
[92mINFO [0m:      	                      (50, 5034.844701766968),
2026-07-09 02:56:09,187 | INFO | 	                      (50, 5034.844701766968),
[92mINFO [0m:      	                      (51, 4970.95072962443),
2026-07-09 02:56:09,187 | INFO | 	                      (51, 4970.95072962443),
[92mINFO [0m:      	                      (52, 4825.49815305074),
2026-07-09 02:56:09,187 | INFO | 	                      (52, 4825.49815305074),
[92mINFO [0m:      	                      (53, 4297.2015018463135),
2026-07-09 02:56:09,187 | INFO | 	                      (53, 4297.2015018463135),
[92mINFO [0m:      	                      (54, 4797.907925605774),
2026-07-09 02:56:09,187 | INFO | 	                      (54, 4797.907925605774),
[92mINFO [0m:      	                      (55, 4777.214870529175),
2026-07-09 02:56:09,187 | INFO | 	                      (55, 4777.214870529175),
[92mINFO [0m:      	                      (56, 4694.0705731709795),
2026-07-09 02:56:09,187 | INFO | 	                      (56, 4694.0705731709795),
[92mINFO [0m:      	                      (57, 4678.349765281677),
2026-07-09 02:56:09,187 | INFO | 	                      (57, 4678.349765281677),
[92mINFO [0m:      	                      (58, 4566.888566239675),
2026-07-09 02:56:09,187 | INFO | 	                      (58, 4566.888566239675),
[92mINFO [0m:      	                      (59, 4563.009963214397),
2026-07-09 02:56:09,187 | INFO | 	                      (59, 4563.009963214397),
[92mINFO [0m:      	                      (60, 3876.085885286331)],
2026-07-09 02:56:09,187 | INFO | 	                      (60, 3876.085885286331)],
[92mINFO [0m:      	 'vi_elbo_loss_mean': [(1, 6666.810301301744),
2026-07-09 02:56:09,187 | INFO | 	 'vi_elbo_loss_mean': [(1, 6666.810301301744),
[92mINFO [0m:      	                       (2, 6198.5279875564565),
2026-07-09 02:56:09,187 | INFO | 	                       (2, 6198.5279875564565),
[92mINFO [0m:      	                       (3, 6320.493663552601),
2026-07-09 02:56:09,187 | INFO | 	                       (3, 6320.493663552601),
[92mINFO [0m:      	                       (4, 6023.3337204799645),
2026-07-09 02:56:09,187 | INFO | 	                       (4, 6023.3337204799645),
[92mINFO [0m:      	                       (5, 5938.72224738439),
2026-07-09 02:56:09,187 | INFO | 	                       (5, 5938.72224738439),
[92mINFO [0m:      	                       (6, 6045.516334741379),
2026-07-09 02:56:09,187 | INFO | 	                       (6, 6045.516334741379),
[92mINFO [0m:      	                       (7, 6084.3285443072855),
2026-07-09 02:56:09,187 | INFO | 	                       (7, 6084.3285443072855),
[92mINFO [0m:      	                       (8, 5813.700420426528),
2026-07-09 02:56:09,187 | INFO | 	                       (8, 5813.700420426528),
[92mINFO [0m:      	                       (9, 5548.851645520528),
2026-07-09 02:56:09,187 | INFO | 	                       (9, 5548.851645520528),
[92mINFO [0m:      	                       (10, 6019.793010387421),
2026-07-09 02:56:09,187 | INFO | 	                       (10, 6019.793010387421),
[92mINFO [0m:      	                       (11, 5753.632329424223),
2026-07-09 02:56:09,187 | INFO | 	                       (11, 5753.632329424223),
[92mINFO [0m:      	                       (12, 5480.517503692309),
2026-07-09 02:56:09,187 | INFO | 	                       (12, 5480.517503692309),
[92mINFO [0m:      	                       (13, 5252.887365562916),
2026-07-09 02:56:09,187 | INFO | 	                       (13, 5252.887365562916),
[92mINFO [0m:      	                       (14, 5000.5939510599765),
2026-07-09 02:56:09,187 | INFO | 	                       (14, 5000.5939510599765),
[92mINFO [0m:      	                       (15, 5088.233150895436),
2026-07-09 02:56:09,187 | INFO | 	                       (15, 5088.233150895436),
[92mINFO [0m:      	                       (16, 4851.350552284875),
2026-07-09 02:56:09,187 | INFO | 	                       (16, 4851.350552284875),
[92mINFO [0m:      	                       (17, 5102.074497378668),
2026-07-09 02:56:09,187 | INFO | 	                       (17, 5102.074497378668),
[92mINFO [0m:      	                       (18, 5022.645814792314),
2026-07-09 02:56:09,187 | INFO | 	                       (18, 5022.645814792314),
[92mINFO [0m:      	                       (19, 5001.648542207082),
2026-07-09 02:56:09,187 | INFO | 	                       (19, 5001.648542207082),
[92mINFO [0m:      	                       (20, 4945.494013256497),
2026-07-09 02:56:09,187 | INFO | 	                       (20, 4945.494013256497),
[92mINFO [0m:      	                       (21, 5097.123305798373),
2026-07-09 02:56:09,187 | INFO | 	                       (21, 5097.123305798373),
[92mINFO [0m:      	                       (22, 4404.744658212661),
2026-07-09 02:56:09,187 | INFO | 	                       (22, 4404.744658212661),
[92mINFO [0m:      	                       (23, 4493.356507647832),
2026-07-09 02:56:09,187 | INFO | 	                       (23, 4493.356507647832),
[92mINFO [0m:      	                       (24, 4789.555683480369),
2026-07-09 02:56:09,187 | INFO | 	                       (24, 4789.555683480369),
[92mINFO [0m:      	                       (25, 4544.108830268118),
2026-07-09 02:56:09,187 | INFO | 	                       (25, 4544.108830268118),
[92mINFO [0m:      	                       (26, 4308.501076800029),
2026-07-09 02:56:09,188 | INFO | 	                       (26, 4308.501076800029),
[92mINFO [0m:      	                       (27, 4539.015700422128),
2026-07-09 02:56:09,188 | INFO | 	                       (27, 4539.015700422128),
[92mINFO [0m:      	                       (28, 4219.174509264099),
2026-07-09 02:56:09,188 | INFO | 	                       (28, 4219.174509264099),
[92mINFO [0m:      	                       (29, 4404.482271765868),
2026-07-09 02:56:09,188 | INFO | 	                       (29, 4404.482271765868),
[92mINFO [0m:      	                       (30, 4038.368672312101),
2026-07-09 02:56:09,188 | INFO | 	                       (30, 4038.368672312101),
[92mINFO [0m:      	                       (31, 4277.913640257518),
2026-07-09 02:56:09,188 | INFO | 	                       (31, 4277.913640257518),
[92mINFO [0m:      	                       (32, 4428.173972279761),
2026-07-09 02:56:09,188 | INFO | 	                       (32, 4428.173972279761),
[92mINFO [0m:      	                       (33, 4180.449201332092),
2026-07-09 02:56:09,188 | INFO | 	                       (33, 4180.449201332092),
[92mINFO [0m:      	                       (34, 4426.949362881978),
2026-07-09 02:56:09,188 | INFO | 	                       (34, 4426.949362881978),
[92mINFO [0m:      	                       (35, 3843.7579643972713),
2026-07-09 02:56:09,188 | INFO | 	                       (35, 3843.7579643972713),
[92mINFO [0m:      	                       (36, 3638.0153857898717),
2026-07-09 02:56:09,188 | INFO | 	                       (36, 3638.0153857898717),
[92mINFO [0m:      	                       (37, 4386.391513050132),
2026-07-09 02:56:09,188 | INFO | 	                       (37, 4386.391513050132),
[92mINFO [0m:      	                       (38, 3902.4093840919604),
2026-07-09 02:56:09,188 | INFO | 	                       (38, 3902.4093840919604),
[92mINFO [0m:      	                       (39, 3954.350275887913),
2026-07-09 02:56:09,188 | INFO | 	                       (39, 3954.350275887913),
[92mINFO [0m:      	                       (40, 3810.2355158595237),
2026-07-09 02:56:09,188 | INFO | 	                       (40, 3810.2355158595237),
[92mINFO [0m:      	                       (41, 3628.3507240727217),
2026-07-09 02:56:09,188 | INFO | 	                       (41, 3628.3507240727217),
[92mINFO [0m:      	                       (42, 3358.254472285112),
2026-07-09 02:56:09,188 | INFO | 	                       (42, 3358.254472285112),
[92mINFO [0m:      	                       (43, 3712.061990179274),
2026-07-09 02:56:09,188 | INFO | 	                       (43, 3712.061990179274),
[92mINFO [0m:      	                       (44, 3344.024591805935),
2026-07-09 02:56:09,188 | INFO | 	                       (44, 3344.024591805935),
[92mINFO [0m:      	                       (45, 3019.5596646893823),
2026-07-09 02:56:09,188 | INFO | 	                       (45, 3019.5596646893823),
[92mINFO [0m:      	                       (46, 3111.4240171253414),
2026-07-09 02:56:09,188 | INFO | 	                       (46, 3111.4240171253414),
[92mINFO [0m:      	                       (47, 3458.6316671240334),
2026-07-09 02:56:09,188 | INFO | 	                       (47, 3458.6316671240334),
[92mINFO [0m:      	                       (48, 3671.157555479686),
2026-07-09 02:56:09,188 | INFO | 	                       (48, 3671.157555479686),
[92mINFO [0m:      	                       (49, 3468.909701309734),
2026-07-09 02:56:09,188 | INFO | 	                       (49, 3468.909701309734),
[92mINFO [0m:      	                       (50, 3013.0034312486646),
2026-07-09 02:56:09,188 | INFO | 	                       (50, 3013.0034312486646),
[92mINFO [0m:      	                       (51, 2962.9154420060586),
2026-07-09 02:56:09,188 | INFO | 	                       (51, 2962.9154420060586),
[92mINFO [0m:      	                       (52, 3042.378481545978),
2026-07-09 02:56:09,188 | INFO | 	                       (52, 3042.378481545978),
[92mINFO [0m:      	                       (53, 3068.35196081241),
2026-07-09 02:56:09,188 | INFO | 	                       (53, 3068.35196081241),
[92mINFO [0m:      	                       (54, 3093.0337961128553),
2026-07-09 02:56:09,188 | INFO | 	                       (54, 3093.0337961128553),
[92mINFO [0m:      	                       (55, 2986.3502816452456),
2026-07-09 02:56:09,188 | INFO | 	                       (55, 2986.3502816452456),
[92mINFO [0m:      	                       (56, 2745.1585190198157),
2026-07-09 02:56:09,188 | INFO | 	                       (56, 2745.1585190198157),
[92mINFO [0m:      	                       (57, 2815.1077527669268),
2026-07-09 02:56:09,188 | INFO | 	                       (57, 2815.1077527669268),
[92mINFO [0m:      	                       (58, 2798.8313363459374),
2026-07-09 02:56:09,188 | INFO | 	                       (58, 2798.8313363459374),
[92mINFO [0m:      	                       (59, 3177.998373709202),
2026-07-09 02:56:09,188 | INFO | 	                       (59, 3177.998373709202),
[92mINFO [0m:      	                       (60, 2627.5128312325473)],
2026-07-09 02:56:09,188 | INFO | 	                       (60, 2627.5128312325473)],
[92mINFO [0m:      	 'vi_elbo_loss_min': [(1, 5836.861910629273),
2026-07-09 02:56:09,188 | INFO | 	 'vi_elbo_loss_min': [(1, 5836.861910629273),
[92mINFO [0m:      	                      (2, 5674.169437789917),
2026-07-09 02:56:09,188 | INFO | 	                      (2, 5674.169437789917),
[92mINFO [0m:      	                      (3, 5664.417937469482),
2026-07-09 02:56:09,188 | INFO | 	                      (3, 5664.417937469482),
[92mINFO [0m:      	                      (4, 5566.321795845031),
2026-07-09 02:56:09,188 | INFO | 	                      (4, 5566.321795845031),
[92mINFO [0m:      	                      (5, 5447.198568344116),
2026-07-09 02:56:09,189 | INFO | 	                      (5, 5447.198568344116),
[92mINFO [0m:      	                      (6, 5334.939204978943),
2026-07-09 02:56:09,189 | INFO | 	                      (6, 5334.939204978943),
[92mINFO [0m:      	                      (7, 5267.493342399597),
2026-07-09 02:56:09,189 | INFO | 	                      (7, 5267.493342399597),
[92mINFO [0m:      	                      (8, 5128.551133918762),
2026-07-09 02:56:09,189 | INFO | 	                      (8, 5128.551133918762),
[92mINFO [0m:      	                      (9, 5136.0926887512205),
2026-07-09 02:56:09,189 | INFO | 	                      (9, 5136.0926887512205),
[92mINFO [0m:      	                      (10, 5055.517206478119),
2026-07-09 02:56:09,189 | INFO | 	                      (10, 5055.517206478119),
[92mINFO [0m:      	                      (11, 5022.628730678558),
2026-07-09 02:56:09,189 | INFO | 	                      (11, 5022.628730678558),
[92mINFO [0m:      	                      (12, 4872.833512878418),
2026-07-09 02:56:09,189 | INFO | 	                      (12, 4872.833512878418),
[92mINFO [0m:      	                      (13, 4816.016271972656),
2026-07-09 02:56:09,189 | INFO | 	                      (13, 4816.016271972656),
[92mINFO [0m:      	                      (14, 4715.813590049744),
2026-07-09 02:56:09,189 | INFO | 	                      (14, 4715.813590049744),
[92mINFO [0m:      	                      (15, 4641.022758674621),
2026-07-09 02:56:09,189 | INFO | 	                      (15, 4641.022758674621),
[92mINFO [0m:      	                      (16, 4586.677510213852),
2026-07-09 02:56:09,189 | INFO | 	                      (16, 4586.677510213852),
[92mINFO [0m:      	                      (17, 4523.244648218155),
2026-07-09 02:56:09,189 | INFO | 	                      (17, 4523.244648218155),
[92mINFO [0m:      	                      (18, 4467.86617667675),
2026-07-09 02:56:09,189 | INFO | 	                      (18, 4467.86617667675),
[92mINFO [0m:      	                      (19, 4395.535335350037),
2026-07-09 02:56:09,189 | INFO | 	                      (19, 4395.535335350037),
[92mINFO [0m:      	                      (20, 4326.51566619873),
2026-07-09 02:56:09,189 | INFO | 	                      (20, 4326.51566619873),
[92mINFO [0m:      	                      (21, 4231.485270595551),
2026-07-09 02:56:09,189 | INFO | 	                      (21, 4231.485270595551),
[92mINFO [0m:      	                      (22, 4193.3741959571835),
2026-07-09 02:56:09,189 | INFO | 	                      (22, 4193.3741959571835),
[92mINFO [0m:      	                      (23, 4117.584333324432),
2026-07-09 02:56:09,189 | INFO | 	                      (23, 4117.584333324432),
[92mINFO [0m:      	                      (24, 4039.206673049927),
2026-07-09 02:56:09,189 | INFO | 	                      (24, 4039.206673049927),
[92mINFO [0m:      	                      (25, 4013.5427824497224),
2026-07-09 02:56:09,189 | INFO | 	                      (25, 4013.5427824497224),
[92mINFO [0m:      	                      (26, 3916.9956258296966),
2026-07-09 02:56:09,189 | INFO | 	                      (26, 3916.9956258296966),
[92mINFO [0m:      	                      (27, 3829.7028467416762),
2026-07-09 02:56:09,189 | INFO | 	                      (27, 3829.7028467416762),
[92mINFO [0m:      	                      (28, 3803.4652984619142),
2026-07-09 02:56:09,189 | INFO | 	                      (28, 3803.4652984619142),
[92mINFO [0m:      	                      (29, 3718.7965277671815),
2026-07-09 02:56:09,189 | INFO | 	                      (29, 3718.7965277671815),
[92mINFO [0m:      	                      (30, 3650.9815841674804),
2026-07-09 02:56:09,189 | INFO | 	                      (30, 3650.9815841674804),
[92mINFO [0m:      	                      (31, 3567.2695240020753),
2026-07-09 02:56:09,189 | INFO | 	                      (31, 3567.2695240020753),
[92mINFO [0m:      	                      (32, 3544.0081810712813),
2026-07-09 02:56:09,189 | INFO | 	                      (32, 3544.0081810712813),
[92mINFO [0m:      	                      (33, 3499.5310686588286),
2026-07-09 02:56:09,189 | INFO | 	                      (33, 3499.5310686588286),
[92mINFO [0m:      	                      (34, 3419.707551765442),
2026-07-09 02:56:09,189 | INFO | 	                      (34, 3419.707551765442),
[92mINFO [0m:      	                      (35, 3340.071703720093),
2026-07-09 02:56:09,189 | INFO | 	                      (35, 3340.071703720093),
[92mINFO [0m:      	                      (36, 3303.33859500885),
2026-07-09 02:56:09,189 | INFO | 	                      (36, 3303.33859500885),
[92mINFO [0m:      	                      (37, 3195.023796081543),
2026-07-09 02:56:09,189 | INFO | 	                      (37, 3195.023796081543),
[92mINFO [0m:      	                      (38, 3190.6588691711427),
2026-07-09 02:56:09,189 | INFO | 	                      (38, 3190.6588691711427),
[92mINFO [0m:      	                      (39, 3132.322025966644),
2026-07-09 02:56:09,189 | INFO | 	                      (39, 3132.322025966644),
[92mINFO [0m:      	                      (40, 3047.805131673813),
2026-07-09 02:56:09,189 | INFO | 	                      (40, 3047.805131673813),
[92mINFO [0m:      	                      (41, 2964.1235687255858),
2026-07-09 02:56:09,189 | INFO | 	                      (41, 2964.1235687255858),
[92mINFO [0m:      	                      (42, 2971.6316320180895),
2026-07-09 02:56:09,189 | INFO | 	                      (42, 2971.6316320180895),
[92mINFO [0m:      	                      (43, 2874.028295612335),
2026-07-09 02:56:09,189 | INFO | 	                      (43, 2874.028295612335),
[92mINFO [0m:      	                      (44, 2843.971174526215),
2026-07-09 02:56:09,190 | INFO | 	                      (44, 2843.971174526215),
[92mINFO [0m:      	                      (45, 2805.0107176780703),
2026-07-09 02:56:09,190 | INFO | 	                      (45, 2805.0107176780703),
[92mINFO [0m:      	                      (46, 2739.3744715929033),
2026-07-09 02:56:09,190 | INFO | 	                      (46, 2739.3744715929033),
[92mINFO [0m:      	                      (47, 2689.2260698318482),
2026-07-09 02:56:09,190 | INFO | 	                      (47, 2689.2260698318482),
[92mINFO [0m:      	                      (48, 2588.6366844177246),
2026-07-09 02:56:09,190 | INFO | 	                      (48, 2588.6366844177246),
[92mINFO [0m:      	                      (49, 2569.221854662895),
2026-07-09 02:56:09,190 | INFO | 	                      (49, 2569.221854662895),
[92mINFO [0m:      	                      (50, 2534.15287938118),
2026-07-09 02:56:09,190 | INFO | 	                      (50, 2534.15287938118),
[92mINFO [0m:      	                      (51, 2508.5828037261963),
2026-07-09 02:56:09,190 | INFO | 	                      (51, 2508.5828037261963),
[92mINFO [0m:      	                      (52, 2409.8664459466936),
2026-07-09 02:56:09,190 | INFO | 	                      (52, 2409.8664459466936),
[92mINFO [0m:      	                      (53, 2414.4359667658805),
2026-07-09 02:56:09,190 | INFO | 	                      (53, 2414.4359667658805),
[92mINFO [0m:      	                      (54, 2352.4586696624756),
2026-07-09 02:56:09,190 | INFO | 	                      (54, 2352.4586696624756),
[92mINFO [0m:      	                      (55, 2311.800812292099),
2026-07-09 02:56:09,190 | INFO | 	                      (55, 2311.800812292099),
[92mINFO [0m:      	                      (56, 2301.0872605323793),
2026-07-09 02:56:09,190 | INFO | 	                      (56, 2301.0872605323793),
[92mINFO [0m:      	                      (57, 2279.4325679779054),
2026-07-09 02:56:09,190 | INFO | 	                      (57, 2279.4325679779054),
[92mINFO [0m:      	                      (58, 2194.3873372793196),
2026-07-09 02:56:09,190 | INFO | 	                      (58, 2194.3873372793196),
[92mINFO [0m:      	                      (59, 2152.6979679107667),
2026-07-09 02:56:09,190 | INFO | 	                      (59, 2152.6979679107667),
[92mINFO [0m:      	                      (60, 2120.4733311891555)],
2026-07-09 02:56:09,190 | INFO | 	                      (60, 2120.4733311891555)],
[92mINFO [0m:      	 'vi_elbo_loss_p10': [(1, 5848.424464454651),
2026-07-09 02:56:09,190 | INFO | 	 'vi_elbo_loss_p10': [(1, 5848.424464454651),
[92mINFO [0m:      	                      (2, 5721.179591827393),
2026-07-09 02:56:09,190 | INFO | 	                      (2, 5721.179591827393),
[92mINFO [0m:      	                      (3, 5700.6631054878235),
2026-07-09 02:56:09,190 | INFO | 	                      (3, 5700.6631054878235),
[92mINFO [0m:      	                      (4, 5592.6846980667115),
2026-07-09 02:56:09,190 | INFO | 	                      (4, 5592.6846980667115),
[92mINFO [0m:      	                      (5, 5461.921700592041),
2026-07-09 02:56:09,190 | INFO | 	                      (5, 5461.921700592041),
[92mINFO [0m:      	                      (6, 5415.742521362305),
2026-07-09 02:56:09,190 | INFO | 	                      (6, 5415.742521362305),
[92mINFO [0m:      	                      (7, 5290.442823228836),
2026-07-09 02:56:09,190 | INFO | 	                      (7, 5290.442823228836),
[92mINFO [0m:      	                      (8, 5223.192300643921),
2026-07-09 02:56:09,190 | INFO | 	                      (8, 5223.192300643921),
[92mINFO [0m:      	                      (9, 5139.892222557068),
2026-07-09 02:56:09,190 | INFO | 	                      (9, 5139.892222557068),
[92mINFO [0m:      	                      (10, 5082.3818515396115),
2026-07-09 02:56:09,190 | INFO | 	                      (10, 5082.3818515396115),
[92mINFO [0m:      	                      (11, 5023.462078208923),
2026-07-09 02:56:09,190 | INFO | 	                      (11, 5023.462078208923),
[92mINFO [0m:      	                      (12, 4930.130638122559),
2026-07-09 02:56:09,190 | INFO | 	                      (12, 4930.130638122559),
[92mINFO [0m:      	                      (13, 4857.371597137451),
2026-07-09 02:56:09,190 | INFO | 	                      (13, 4857.371597137451),
[92mINFO [0m:      	                      (14, 4740.868396186828),
2026-07-09 02:56:09,190 | INFO | 	                      (14, 4740.868396186828),
[92mINFO [0m:      	                      (15, 4679.571818227768),
2026-07-09 02:56:09,190 | INFO | 	                      (15, 4679.571818227768),
[92mINFO [0m:      	                      (16, 4635.781228818893),
2026-07-09 02:56:09,190 | INFO | 	                      (16, 4635.781228818893),
[92mINFO [0m:      	                      (17, 4568.038766288757),
2026-07-09 02:56:09,190 | INFO | 	                      (17, 4568.038766288757),
[92mINFO [0m:      	                      (18, 4480.454400672913),
2026-07-09 02:56:09,190 | INFO | 	                      (18, 4480.454400672913),
[92mINFO [0m:      	                      (19, 4445.454628753661),
2026-07-09 02:56:09,190 | INFO | 	                      (19, 4445.454628753661),
[92mINFO [0m:      	                      (20, 4366.572718086243),
2026-07-09 02:56:09,190 | INFO | 	                      (20, 4366.572718086243),
[92mINFO [0m:      	                      (21, 4250.306519794464),
2026-07-09 02:56:09,190 | INFO | 	                      (21, 4250.306519794464),
[92mINFO [0m:      	                      (22, 4203.146144046784),
2026-07-09 02:56:09,191 | INFO | 	                      (22, 4203.146144046784),
[92mINFO [0m:      	                      (23, 4132.7035049057),
2026-07-09 02:56:09,191 | INFO | 	                      (23, 4132.7035049057),
[92mINFO [0m:      	                      (24, 4074.680758895874),
2026-07-09 02:56:09,191 | INFO | 	                      (24, 4074.680758895874),
[92mINFO [0m:      	                      (25, 4031.870868835449),
2026-07-09 02:56:09,191 | INFO | 	                      (25, 4031.870868835449),
[92mINFO [0m:      	                      (26, 3927.13777885437),
2026-07-09 02:56:09,191 | INFO | 	                      (26, 3927.13777885437),
[92mINFO [0m:      	                      (27, 3866.667086825371),
2026-07-09 02:56:09,191 | INFO | 	                      (27, 3866.667086825371),
[92mINFO [0m:      	                      (28, 3806.940215587616),
2026-07-09 02:56:09,191 | INFO | 	                      (28, 3806.940215587616),
[92mINFO [0m:      	                      (29, 3743.028639383316),
2026-07-09 02:56:09,191 | INFO | 	                      (29, 3743.028639383316),
[92mINFO [0m:      	                      (30, 3659.3419998168943),
2026-07-09 02:56:09,191 | INFO | 	                      (30, 3659.3419998168943),
[92mINFO [0m:      	                      (31, 3606.0864881134034),
2026-07-09 02:56:09,191 | INFO | 	                      (31, 3606.0864881134034),
[92mINFO [0m:      	                      (32, 3555.375270233154),
2026-07-09 02:56:09,191 | INFO | 	                      (32, 3555.375270233154),
[92mINFO [0m:      	                      (33, 3516.018755378723),
2026-07-09 02:56:09,191 | INFO | 	                      (33, 3516.018755378723),
[92mINFO [0m:      	                      (34, 3434.4824338150024),
2026-07-09 02:56:09,191 | INFO | 	                      (34, 3434.4824338150024),
[92mINFO [0m:      	                      (35, 3346.7704001808165),
2026-07-09 02:56:09,191 | INFO | 	                      (35, 3346.7704001808165),
[92mINFO [0m:      	                      (36, 3314.8103452587125),
2026-07-09 02:56:09,191 | INFO | 	                      (36, 3314.8103452587125),
[92mINFO [0m:      	                      (37, 3250.8349827098846),
2026-07-09 02:56:09,191 | INFO | 	                      (37, 3250.8349827098846),
[92mINFO [0m:      	                      (38, 3209.1484592437746),
2026-07-09 02:56:09,191 | INFO | 	                      (38, 3209.1484592437746),
[92mINFO [0m:      	                      (39, 3143.1064661979676),
2026-07-09 02:56:09,191 | INFO | 	                      (39, 3143.1064661979676),
[92mINFO [0m:      	                      (40, 3065.1638746881486),
2026-07-09 02:56:09,191 | INFO | 	                      (40, 3065.1638746881486),
[92mINFO [0m:      	                      (41, 3009.081482086182),
2026-07-09 02:56:09,191 | INFO | 	                      (41, 3009.081482086182),
[92mINFO [0m:      	                      (42, 2990.64103954792),
2026-07-09 02:56:09,191 | INFO | 	                      (42, 2990.64103954792),
[92mINFO [0m:      	                      (43, 2895.856010570526),
2026-07-09 02:56:09,191 | INFO | 	                      (43, 2895.856010570526),
[92mINFO [0m:      	                      (44, 2858.710876483917),
2026-07-09 02:56:09,191 | INFO | 	                      (44, 2858.710876483917),
[92mINFO [0m:      	                      (45, 2808.984200935364),
2026-07-09 02:56:09,191 | INFO | 	                      (45, 2808.984200935364),
[92mINFO [0m:      	                      (46, 2742.7958796596527),
2026-07-09 02:56:09,191 | INFO | 	                      (46, 2742.7958796596527),
[92mINFO [0m:      	                      (47, 2711.037239170075),
2026-07-09 02:56:09,191 | INFO | 	                      (47, 2711.037239170075),
[92mINFO [0m:      	                      (48, 2603.855692672729),
2026-07-09 02:56:09,191 | INFO | 	                      (48, 2603.855692672729),
[92mINFO [0m:      	                      (49, 2585.5586952209474),
2026-07-09 02:56:09,191 | INFO | 	                      (49, 2585.5586952209474),
[92mINFO [0m:      	                      (50, 2555.3692914581297),
2026-07-09 02:56:09,191 | INFO | 	                      (50, 2555.3692914581297),
[92mINFO [0m:      	                      (51, 2519.3549211502077),
2026-07-09 02:56:09,191 | INFO | 	                      (51, 2519.3549211502077),
[92mINFO [0m:      	                      (52, 2485.191950263977),
2026-07-09 02:56:09,191 | INFO | 	                      (52, 2485.191950263977),
[92mINFO [0m:      	                      (53, 2449.7123036336898),
2026-07-09 02:56:09,191 | INFO | 	                      (53, 2449.7123036336898),
[92mINFO [0m:      	                      (54, 2363.2906704854963),
2026-07-09 02:56:09,191 | INFO | 	                      (54, 2363.2906704854963),
[92mINFO [0m:      	                      (55, 2320.5479473495484),
2026-07-09 02:56:09,191 | INFO | 	                      (55, 2320.5479473495484),
[92mINFO [0m:      	                      (56, 2302.7634671735764),
2026-07-09 02:56:09,191 | INFO | 	                      (56, 2302.7634671735764),
[92mINFO [0m:      	                      (57, 2285.9848625993727),
2026-07-09 02:56:09,191 | INFO | 	                      (57, 2285.9848625993727),
[92mINFO [0m:      	                      (58, 2227.9893105793),
2026-07-09 02:56:09,191 | INFO | 	                      (58, 2227.9893105793),
[92mINFO [0m:      	                      (59, 2188.3115201950077),
2026-07-09 02:56:09,191 | INFO | 	                      (59, 2188.3115201950077),
[92mINFO [0m:      	                      (60, 2140.299444026947)],
2026-07-09 02:56:09,191 | INFO | 	                      (60, 2140.299444026947)],
[92mINFO [0m:      	 'vi_elbo_loss_p50': [(1, 5935.3104882240295),
2026-07-09 02:56:09,192 | INFO | 	 'vi_elbo_loss_p50': [(1, 5935.3104882240295),
[92mINFO [0m:      	                      (2, 5835.4970218658445),
2026-07-09 02:56:09,192 | INFO | 	                      (2, 5835.4970218658445),
[92mINFO [0m:      	                      (3, 5772.885633850097),
2026-07-09 02:56:09,192 | INFO | 	                      (3, 5772.885633850097),
[92mINFO [0m:      	                      (4, 5680.545162582397),
2026-07-09 02:56:09,192 | INFO | 	                      (4, 5680.545162582397),
[92mINFO [0m:      	                      (5, 5542.526301574707),
2026-07-09 02:56:09,192 | INFO | 	                      (5, 5542.526301574707),
[92mINFO [0m:      	                      (6, 5566.81369895935),
2026-07-09 02:56:09,192 | INFO | 	                      (6, 5566.81369895935),
[92mINFO [0m:      	                      (7, 5385.113242721558),
2026-07-09 02:56:09,192 | INFO | 	                      (7, 5385.113242721558),
[92mINFO [0m:      	                      (8, 5281.108296966553),
2026-07-09 02:56:09,192 | INFO | 	                      (8, 5281.108296966553),
[92mINFO [0m:      	                      (9, 5174.574633216858),
2026-07-09 02:56:09,192 | INFO | 	                      (9, 5174.574633216858),
[92mINFO [0m:      	                      (10, 5224.189716720581),
2026-07-09 02:56:09,192 | INFO | 	                      (10, 5224.189716720581),
[92mINFO [0m:      	                      (11, 5119.927641677857),
2026-07-09 02:56:09,192 | INFO | 	                      (11, 5119.927641677857),
[92mINFO [0m:      	                      (12, 5005.259716415405),
2026-07-09 02:56:09,192 | INFO | 	                      (12, 5005.259716415405),
[92mINFO [0m:      	                      (13, 4967.032399368286),
2026-07-09 02:56:09,192 | INFO | 	                      (13, 4967.032399368286),
[92mINFO [0m:      	                      (14, 4827.183742523193),
2026-07-09 02:56:09,192 | INFO | 	                      (14, 4827.183742523193),
[92mINFO [0m:      	                      (15, 4784.729717254639),
2026-07-09 02:56:09,192 | INFO | 	                      (15, 4784.729717254639),
[92mINFO [0m:      	                      (16, 4690.906239175796),
2026-07-09 02:56:09,192 | INFO | 	                      (16, 4690.906239175796),
[92mINFO [0m:      	                      (17, 4624.69352722168),
2026-07-09 02:56:09,192 | INFO | 	                      (17, 4624.69352722168),
[92mINFO [0m:      	                      (18, 4555.4791492462155),
2026-07-09 02:56:09,192 | INFO | 	                      (18, 4555.4791492462155),
[92mINFO [0m:      	                      (19, 4520.464220428466),
2026-07-09 02:56:09,192 | INFO | 	                      (19, 4520.464220428466),
[92mINFO [0m:      	                      (20, 4451.12666015625),
2026-07-09 02:56:09,192 | INFO | 	                      (20, 4451.12666015625),
[92mINFO [0m:      	                      (21, 4343.870517539978),
2026-07-09 02:56:09,192 | INFO | 	                      (21, 4343.870517539978),
[92mINFO [0m:      	                      (22, 4234.212670516968),
2026-07-09 02:56:09,192 | INFO | 	                      (22, 4234.212670516968),
[92mINFO [0m:      	                      (23, 4173.323769569397),
2026-07-09 02:56:09,192 | INFO | 	                      (23, 4173.323769569397),
[92mINFO [0m:      	                      (24, 4144.849354934692),
2026-07-09 02:56:09,192 | INFO | 	                      (24, 4144.849354934692),
[92mINFO [0m:      	                      (25, 4058.869477081299),
2026-07-09 02:56:09,192 | INFO | 	                      (25, 4058.869477081299),
[92mINFO [0m:      	                      (26, 4008.7583038330076),
2026-07-09 02:56:09,192 | INFO | 	                      (26, 4008.7583038330076),
[92mINFO [0m:      	                      (27, 3918.4795463562014),
2026-07-09 02:56:09,192 | INFO | 	                      (27, 3918.4795463562014),
[92mINFO [0m:      	                      (28, 3865.3476024627685),
2026-07-09 02:56:09,192 | INFO | 	                      (28, 3865.3476024627685),
[92mINFO [0m:      	                      (29, 3792.879197692871),
2026-07-09 02:56:09,192 | INFO | 	                      (29, 3792.879197692871),
[92mINFO [0m:      	                      (30, 3728.7127014160155),
2026-07-09 02:56:09,192 | INFO | 	                      (30, 3728.7127014160155),
[92mINFO [0m:      	                      (31, 3686.439428329468),
2026-07-09 02:56:09,192 | INFO | 	                      (31, 3686.439428329468),
[92mINFO [0m:      	                      (32, 3641.5046676635743),
2026-07-09 02:56:09,192 | INFO | 	                      (32, 3641.5046676635743),
[92mINFO [0m:      	                      (33, 3590.7172538757322),
2026-07-09 02:56:09,192 | INFO | 	                      (33, 3590.7172538757322),
[92mINFO [0m:      	                      (34, 3556.8044635772703),
2026-07-09 02:56:09,192 | INFO | 	                      (34, 3556.8044635772703),
[92mINFO [0m:      	                      (35, 3394.509945678711),
2026-07-09 02:56:09,192 | INFO | 	                      (35, 3394.509945678711),
[92mINFO [0m:      	                      (36, 3364.181607246399),
2026-07-09 02:56:09,192 | INFO | 	                      (36, 3364.181607246399),
[92mINFO [0m:      	                      (37, 3320.379694366455),
2026-07-09 02:56:09,192 | INFO | 	                      (37, 3320.379694366455),
[92mINFO [0m:      	                      (38, 3261.6315536499023),
2026-07-09 02:56:09,192 | INFO | 	                      (38, 3261.6315536499023),
[92mINFO [0m:      	                      (39, 3203.6149265289305),
2026-07-09 02:56:09,192 | INFO | 	                      (39, 3203.6149265289305),
[92mINFO [0m:      	                      (40, 3101.013360977173),
2026-07-09 02:56:09,193 | INFO | 	                      (40, 3101.013360977173),
[92mINFO [0m:      	                      (41, 3084.684538650513),
2026-07-09 02:56:09,193 | INFO | 	                      (41, 3084.684538650513),
[92mINFO [0m:      	                      (42, 3021.9369678497314),
2026-07-09 02:56:09,193 | INFO | 	                      (42, 3021.9369678497314),
[92mINFO [0m:      	                      (43, 2969.5598966121674),
2026-07-09 02:56:09,193 | INFO | 	                      (43, 2969.5598966121674),
[92mINFO [0m:      	                      (44, 2909.4488693237304),
2026-07-09 02:56:09,193 | INFO | 	                      (44, 2909.4488693237304),
[92mINFO [0m:      	                      (45, 2852.7609672546387),
2026-07-09 02:56:09,193 | INFO | 	                      (45, 2852.7609672546387),
[92mINFO [0m:      	                      (46, 2784.7816829681396),
2026-07-09 02:56:09,193 | INFO | 	                      (46, 2784.7816829681396),
[92mINFO [0m:      	                      (47, 2765.592166137695),
2026-07-09 02:56:09,193 | INFO | 	                      (47, 2765.592166137695),
[92mINFO [0m:      	                      (48, 2720.845895385742),
2026-07-09 02:56:09,193 | INFO | 	                      (48, 2720.845895385742),
[92mINFO [0m:      	                      (49, 2679.1656911849977),
2026-07-09 02:56:09,193 | INFO | 	                      (49, 2679.1656911849977),
[92mINFO [0m:      	                      (50, 2601.915008163452),
2026-07-09 02:56:09,193 | INFO | 	                      (50, 2601.915008163452),
[92mINFO [0m:      	                      (51, 2549.1100315093995),
2026-07-09 02:56:09,193 | INFO | 	                      (51, 2549.1100315093995),
[92mINFO [0m:      	                      (52, 2543.099364089966),
2026-07-09 02:56:09,193 | INFO | 	                      (52, 2543.099364089966),
[92mINFO [0m:      	                      (53, 2479.7053945541384),
2026-07-09 02:56:09,193 | INFO | 	                      (53, 2479.7053945541384),
[92mINFO [0m:      	                      (54, 2458.378890609741),
2026-07-09 02:56:09,193 | INFO | 	                      (54, 2458.378890609741),
[92mINFO [0m:      	                      (55, 2413.489493560791),
2026-07-09 02:56:09,193 | INFO | 	                      (55, 2413.489493560791),
[92mINFO [0m:      	                      (56, 2354.916525220871),
2026-07-09 02:56:09,193 | INFO | 	                      (56, 2354.916525220871),
[92mINFO [0m:      	                      (57, 2335.0429298400877),
2026-07-09 02:56:09,193 | INFO | 	                      (57, 2335.0429298400877),
[92mINFO [0m:      	                      (58, 2273.573477745056),
2026-07-09 02:56:09,193 | INFO | 	                      (58, 2273.573477745056),
[92mINFO [0m:      	                      (59, 2295.5718311309815),
2026-07-09 02:56:09,193 | INFO | 	                      (59, 2295.5718311309815),
[92mINFO [0m:      	                      (60, 2190.880588531494)],
2026-07-09 02:56:09,193 | INFO | 	                      (60, 2190.880588531494)],
[92mINFO [0m:      	 'vi_elbo_loss_p90': [(1, 8637.2482856369),
2026-07-09 02:56:09,193 | INFO | 	 'vi_elbo_loss_p90': [(1, 8637.2482856369),
[92mINFO [0m:      	                      (2, 7473.6268211174),
2026-07-09 02:56:09,193 | INFO | 	                      (2, 7473.6268211174),
[92mINFO [0m:      	                      (3, 8317.745635375977),
2026-07-09 02:56:09,193 | INFO | 	                      (3, 8317.745635375977),
[92mINFO [0m:      	                      (4, 7205.223805984496),
2026-07-09 02:56:09,193 | INFO | 	                      (4, 7205.223805984496),
[92mINFO [0m:      	                      (5, 7234.646270751953),
2026-07-09 02:56:09,193 | INFO | 	                      (5, 7234.646270751953),
[92mINFO [0m:      	                      (6, 8134.952295265198),
2026-07-09 02:56:09,193 | INFO | 	                      (6, 8134.952295265198),
[92mINFO [0m:      	                      (7, 8085.241987724305),
2026-07-09 02:56:09,193 | INFO | 	                      (7, 8085.241987724305),
[92mINFO [0m:      	                      (8, 7868.534501338006),
2026-07-09 02:56:09,193 | INFO | 	                      (8, 7868.534501338006),
[92mINFO [0m:      	                      (9, 6798.223402252196),
2026-07-09 02:56:09,193 | INFO | 	                      (9, 6798.223402252196),
[92mINFO [0m:      	                      (10, 7721.442028999329),
2026-07-09 02:56:09,193 | INFO | 	                      (10, 7721.442028999329),
[92mINFO [0m:      	                      (11, 7515.025429677963),
2026-07-09 02:56:09,193 | INFO | 	                      (11, 7515.025429677963),
[92mINFO [0m:      	                      (12, 7460.343276062012),
2026-07-09 02:56:09,193 | INFO | 	                      (12, 7460.343276062012),
[92mINFO [0m:      	                      (13, 6383.718844444751),
2026-07-09 02:56:09,193 | INFO | 	                      (13, 6383.718844444751),
[92mINFO [0m:      	                      (14, 4966.208078155518),
2026-07-09 02:56:09,193 | INFO | 	                      (14, 4966.208078155518),
[92mINFO [0m:      	                      (15, 6242.822952165603),
2026-07-09 02:56:09,193 | INFO | 	                      (15, 6242.822952165603),
[92mINFO [0m:      	                      (16, 4819.895047302246),
2026-07-09 02:56:09,193 | INFO | 	                      (16, 4819.895047302246),
[92mINFO [0m:      	                      (17, 7039.310522117615),
2026-07-09 02:56:09,193 | INFO | 	                      (17, 7039.310522117615),
[92mINFO [0m:      	                      (18, 6955.808813743592),
2026-07-09 02:56:09,194 | INFO | 	                      (18, 6955.808813743592),
[92mINFO [0m:      	                      (19, 6864.147059135437),
2026-07-09 02:56:09,194 | INFO | 	                      (19, 6864.147059135437),
[92mINFO [0m:      	                      (20, 6967.966943283081),
2026-07-09 02:56:09,194 | INFO | 	                      (20, 6967.966943283081),
[92mINFO [0m:      	                      (21, 6705.302505936623),
2026-07-09 02:56:09,194 | INFO | 	                      (21, 6705.302505936623),
[92mINFO [0m:      	                      (22, 4354.870965118408),
2026-07-09 02:56:09,194 | INFO | 	                      (22, 4354.870965118408),
[92mINFO [0m:      	                      (23, 5616.381567649841),
2026-07-09 02:56:09,194 | INFO | 	                      (23, 5616.381567649841),
[92mINFO [0m:      	                      (24, 6580.260101377169),
2026-07-09 02:56:09,194 | INFO | 	                      (24, 6580.260101377169),
[92mINFO [0m:      	                      (25, 6415.254314918518),
2026-07-09 02:56:09,194 | INFO | 	                      (25, 6415.254314918518),
[92mINFO [0m:      	                      (26, 5437.832161521911),
2026-07-09 02:56:09,194 | INFO | 	                      (26, 5437.832161521911),
[92mINFO [0m:      	                      (27, 6236.532682361603),
2026-07-09 02:56:09,194 | INFO | 	                      (27, 6236.532682361603),
[92mINFO [0m:      	                      (28, 5498.791098766325),
2026-07-09 02:56:09,194 | INFO | 	                      (28, 5498.791098766325),
[92mINFO [0m:      	                      (29, 6089.033208308219),
2026-07-09 02:56:09,194 | INFO | 	                      (29, 6089.033208308219),
[92mINFO [0m:      	                      (30, 5059.672583541869),
2026-07-09 02:56:09,194 | INFO | 	                      (30, 5059.672583541869),
[92mINFO [0m:      	                      (31, 5896.293126869202),
2026-07-09 02:56:09,194 | INFO | 	                      (31, 5896.293126869202),
[92mINFO [0m:      	                      (32, 6119.643170702457),
2026-07-09 02:56:09,194 | INFO | 	                      (32, 6119.643170702457),
[92mINFO [0m:      	                      (33, 5883.583552574158),
2026-07-09 02:56:09,194 | INFO | 	                      (33, 5883.583552574158),
[92mINFO [0m:      	                      (34, 5963.633771972656),
2026-07-09 02:56:09,194 | INFO | 	                      (34, 5963.633771972656),
[92mINFO [0m:      	                      (35, 5552.764052639008),
2026-07-09 02:56:09,194 | INFO | 	                      (35, 5552.764052639008),
[92mINFO [0m:      	                      (36, 4632.419647064208),
2026-07-09 02:56:09,194 | INFO | 	                      (36, 4632.419647064208),
[92mINFO [0m:      	                      (37, 5897.940333232879),
2026-07-09 02:56:09,194 | INFO | 	                      (37, 5897.940333232879),
[92mINFO [0m:      	                      (38, 5784.470638432503),
2026-07-09 02:56:09,194 | INFO | 	                      (38, 5784.470638432503),
[92mINFO [0m:      	                      (39, 5658.504173380534),
2026-07-09 02:56:09,194 | INFO | 	                      (39, 5658.504173380534),
[92mINFO [0m:      	                      (40, 5188.624600200653),
2026-07-09 02:56:09,194 | INFO | 	                      (40, 5188.624600200653),
[92mINFO [0m:      	                      (41, 5081.54948363781),
2026-07-09 02:56:09,194 | INFO | 	                      (41, 5081.54948363781),
[92mINFO [0m:      	                      (42, 4535.416144657134),
2026-07-09 02:56:09,194 | INFO | 	                      (42, 4535.416144657134),
[92mINFO [0m:      	                      (43, 5405.970590484619),
2026-07-09 02:56:09,194 | INFO | 	                      (43, 5405.970590484619),
[92mINFO [0m:      	                      (44, 4920.79732919693),
2026-07-09 02:56:09,194 | INFO | 	                      (44, 4920.79732919693),
[92mINFO [0m:      	                      (45, 2923.785557098389),
2026-07-09 02:56:09,194 | INFO | 	                      (45, 2923.785557098389),
[92mINFO [0m:      	                      (46, 4287.1501488647455),
2026-07-09 02:56:09,194 | INFO | 	                      (46, 4287.1501488647455),
[92mINFO [0m:      	                      (47, 5003.35232509613),
2026-07-09 02:56:09,194 | INFO | 	                      (47, 5003.35232509613),
[92mINFO [0m:      	                      (48, 5120.385931976319),
2026-07-09 02:56:09,194 | INFO | 	                      (48, 5120.385931976319),
[92mINFO [0m:      	                      (49, 4878.438435058593),
2026-07-09 02:56:09,194 | INFO | 	                      (49, 4878.438435058593),
[92mINFO [0m:      	                      (50, 4455.478197135925),
2026-07-09 02:56:09,194 | INFO | 	                      (50, 4455.478197135925),
[92mINFO [0m:      	                      (51, 4418.3815742635725),
2026-07-09 02:56:09,194 | INFO | 	                      (51, 4418.3815742635725),
[92mINFO [0m:      	                      (52, 4385.746453580857),
2026-07-09 02:56:09,194 | INFO | 	                      (52, 4385.746453580857),
[92mINFO [0m:      	                      (53, 4295.5887641096115),
2026-07-09 02:56:09,194 | INFO | 	                      (53, 4295.5887641096115),
[92mINFO [0m:      	                      (54, 4562.585302474976),
2026-07-09 02:56:09,194 | INFO | 	                      (54, 4562.585302474976),
[92mINFO [0m:      	                      (55, 4747.171392043431),
2026-07-09 02:56:09,194 | INFO | 	                      (55, 4747.171392043431),
[92mINFO [0m:      	                      (56, 4114.8782143783565),
2026-07-09 02:56:09,194 | INFO | 	                      (56, 4114.8782143783565),
[92mINFO [0m:      	                      (57, 4042.413451490402),
2026-07-09 02:56:09,195 | INFO | 	                      (57, 4042.413451490402),
[92mINFO [0m:      	                      (58, 4319.720171117782),
2026-07-09 02:56:09,195 | INFO | 	                      (58, 4319.720171117782),
[92mINFO [0m:      	                      (59, 4546.253530590057),
2026-07-09 02:56:09,195 | INFO | 	                      (59, 4546.253530590057),
[92mINFO [0m:      	                      (60, 3865.883093123436)],
2026-07-09 02:56:09,195 | INFO | 	                      (60, 3865.883093123436)],
[92mINFO [0m:      	 'vi_elbo_loss_std': [(1, 1185.3299702804707),
2026-07-09 02:56:09,195 | INFO | 	 'vi_elbo_loss_std': [(1, 1185.3299702804707),
[92mINFO [0m:      	                      (2, 881.8902694698374),
2026-07-09 02:56:09,195 | INFO | 	                      (2, 881.8902694698374),
[92mINFO [0m:      	                      (3, 1038.3995692848432),
2026-07-09 02:56:09,195 | INFO | 	                      (3, 1038.3995692848432),
[92mINFO [0m:      	                      (4, 824.2738592590721),
2026-07-09 02:56:09,195 | INFO | 	                      (4, 824.2738592590721),
[92mINFO [0m:      	                      (5, 874.1463390155053),
2026-07-09 02:56:09,195 | INFO | 	                      (5, 874.1463390155053),
[92mINFO [0m:      	                      (6, 1071.0297388043878),
2026-07-09 02:56:09,195 | INFO | 	                      (6, 1071.0297388043878),
[92mINFO [0m:      	                      (7, 1209.2664689308385),
2026-07-09 02:56:09,195 | INFO | 	                      (7, 1209.2664689308385),
[92mINFO [0m:      	                      (8, 1039.42538716848),
2026-07-09 02:56:09,195 | INFO | 	                      (8, 1039.42538716848),
[92mINFO [0m:      	                      (9, 862.318363022823),
2026-07-09 02:56:09,195 | INFO | 	                      (9, 862.318363022823),
[92mINFO [0m:      	                      (10, 1186.587349145095),
2026-07-09 02:56:09,195 | INFO | 	                      (10, 1186.587349145095),
[92mINFO [0m:      	                      (11, 1084.2495173735726),
2026-07-09 02:56:09,195 | INFO | 	                      (11, 1084.2495173735726),
[92mINFO [0m:      	                      (12, 995.9012120794665),
2026-07-09 02:56:09,195 | INFO | 	                      (12, 995.9012120794665),
[92mINFO [0m:      	                      (13, 817.1939209035544),
2026-07-09 02:56:09,195 | INFO | 	                      (13, 817.1939209035544),
[92mINFO [0m:      	                      (14, 631.6691660305603),
2026-07-09 02:56:09,195 | INFO | 	                      (14, 631.6691660305603),
[92mINFO [0m:      	                      (15, 836.4321783070134),
2026-07-09 02:56:09,195 | INFO | 	                      (15, 836.4321783070134),
[92mINFO [0m:      	                      (16, 612.5996613171371),
2026-07-09 02:56:09,195 | INFO | 	                      (16, 612.5996613171371),
[92mINFO [0m:      	                      (17, 974.9139756841765),
2026-07-09 02:56:09,195 | INFO | 	                      (17, 974.9139756841765),
[92mINFO [0m:      	                      (18, 970.1679354556405),
2026-07-09 02:56:09,195 | INFO | 	                      (18, 970.1679354556405),
[92mINFO [0m:      	                      (19, 974.8518721181308),
2026-07-09 02:56:09,195 | INFO | 	                      (19, 974.8518721181308),
[92mINFO [0m:      	                      (20, 1045.717978911182),
2026-07-09 02:56:09,195 | INFO | 	                      (20, 1045.717978911182),
[92mINFO [0m:      	                      (21, 1128.754448281895),
2026-07-09 02:56:09,195 | INFO | 	                      (21, 1128.754448281895),
[92mINFO [0m:      	                      (22, 580.9636949205628),
2026-07-09 02:56:09,195 | INFO | 	                      (22, 580.9636949205628),
[92mINFO [0m:      	                      (23, 812.2629413431287),
2026-07-09 02:56:09,195 | INFO | 	                      (23, 812.2629413431287),
[92mINFO [0m:      	                      (24, 1091.9569518570395),
2026-07-09 02:56:09,195 | INFO | 	                      (24, 1091.9569518570395),
[92mINFO [0m:      	                      (25, 976.2110938953147),
2026-07-09 02:56:09,195 | INFO | 	                      (25, 976.2110938953147),
[92mINFO [0m:      	                      (26, 810.3173213989406),
2026-07-09 02:56:09,195 | INFO | 	                      (26, 810.3173213989406),
[92mINFO [0m:      	                      (27, 1059.022440405838),
2026-07-09 02:56:09,195 | INFO | 	                      (27, 1059.022440405838),
[92mINFO [0m:      	                      (28, 926.8095809884093),
2026-07-09 02:56:09,195 | INFO | 	                      (28, 926.8095809884093),
[92mINFO [0m:      	                      (29, 1016.8714409761844),
2026-07-09 02:56:09,195 | INFO | 	                      (29, 1016.8714409761844),
[92mINFO [0m:      	                      (30, 824.2947611774556),
2026-07-09 02:56:09,195 | INFO | 	                      (30, 824.2947611774556),
[92mINFO [0m:      	                      (31, 1030.1660753787587),
2026-07-09 02:56:09,195 | INFO | 	                      (31, 1030.1660753787587),
[92mINFO [0m:      	                      (32, 1150.9635238223052),
2026-07-09 02:56:09,195 | INFO | 	                      (32, 1150.9635238223052),
[92mINFO [0m:      	                      (33, 1026.4211998854912),
2026-07-09 02:56:09,195 | INFO | 	                      (33, 1026.4211998854912),
[92mINFO [0m:      	                      (34, 1160.8874388272025),
2026-07-09 02:56:09,195 | INFO | 	                      (34, 1160.8874388272025),
[92mINFO [0m:      	                      (35, 931.3003662452744),
2026-07-09 02:56:09,195 | INFO | 	                      (35, 931.3003662452744),
[92mINFO [0m:      	                      (36, 715.2348838443135),
2026-07-09 02:56:09,196 | INFO | 	                      (36, 715.2348838443135),
[92mINFO [0m:      	                      (37, 1204.0663609501787),
2026-07-09 02:56:09,196 | INFO | 	                      (37, 1204.0663609501787),
[92mINFO [0m:      	                      (38, 1075.7273320162724),
2026-07-09 02:56:09,196 | INFO | 	                      (38, 1075.7273320162724),
[92mINFO [0m:      	                      (39, 1106.4774681701942),
2026-07-09 02:56:09,196 | INFO | 	                      (39, 1106.4774681701942),
[92mINFO [0m:      	                      (40, 1023.5904601264531),
2026-07-09 02:56:09,196 | INFO | 	                      (40, 1023.5904601264531),
[92mINFO [0m:      	                      (41, 964.8961424849949),
2026-07-09 02:56:09,196 | INFO | 	                      (41, 964.8961424849949),
[92mINFO [0m:      	                      (42, 848.2222150732817),
2026-07-09 02:56:09,196 | INFO | 	                      (42, 848.2222150732817),
[92mINFO [0m:      	                      (43, 1092.6982046010257),
2026-07-09 02:56:09,196 | INFO | 	                      (43, 1092.6982046010257),
[92mINFO [0m:      	                      (44, 882.6717469186926),
2026-07-09 02:56:09,196 | INFO | 	                      (44, 882.6717469186926),
[92mINFO [0m:      	                      (45, 603.4570311634726),
2026-07-09 02:56:09,196 | INFO | 	                      (45, 603.4570311634726),
[92mINFO [0m:      	                      (46, 833.6877749496522),
2026-07-09 02:56:09,196 | INFO | 	                      (46, 833.6877749496522),
[92mINFO [0m:      	                      (47, 1027.2541894425326),
2026-07-09 02:56:09,196 | INFO | 	                      (47, 1027.2541894425326),
[92mINFO [0m:      	                      (48, 1104.2946716031804),
2026-07-09 02:56:09,196 | INFO | 	                      (48, 1104.2946716031804),
[92mINFO [0m:      	                      (49, 1041.228037474257),
2026-07-09 02:56:09,196 | INFO | 	                      (49, 1041.228037474257),
[92mINFO [0m:      	                      (50, 827.8810054910153),
2026-07-09 02:56:09,196 | INFO | 	                      (50, 827.8810054910153),
[92mINFO [0m:      	                      (51, 826.949721587237),
2026-07-09 02:56:09,196 | INFO | 	                      (51, 826.949721587237),
[92mINFO [0m:      	                      (52, 875.4273913314345),
2026-07-09 02:56:09,196 | INFO | 	                      (52, 875.4273913314345),
[92mINFO [0m:      	                      (53, 858.6082089407043),
2026-07-09 02:56:09,196 | INFO | 	                      (53, 858.6082089407043),
[92mINFO [0m:      	                      (54, 968.4747724567982),
2026-07-09 02:56:09,196 | INFO | 	                      (54, 968.4747724567982),
[92mINFO [0m:      	                      (55, 991.0148951712105),
2026-07-09 02:56:09,196 | INFO | 	                      (55, 991.0148951712105),
[92mINFO [0m:      	                      (56, 791.4086186183949),
2026-07-09 02:56:09,196 | INFO | 	                      (56, 791.4086186183949),
[92mINFO [0m:      	                      (57, 841.5814583704968),
2026-07-09 02:56:09,196 | INFO | 	                      (57, 841.5814583704968),
[92mINFO [0m:      	                      (58, 898.7973787787662),
2026-07-09 02:56:09,196 | INFO | 	                      (58, 898.7973787787662),
[92mINFO [0m:      	                      (59, 1054.906137189389),
2026-07-09 02:56:09,196 | INFO | 	                      (59, 1054.906137189389),
[92mINFO [0m:      	                      (60, 745.0401880602282)],
2026-07-09 02:56:09,196 | INFO | 	                      (60, 745.0401880602282)],
[92mINFO [0m:      	 'vi_kl_loss_max': [(1, 11284.5403384777),
2026-07-09 02:56:09,196 | INFO | 	 'vi_kl_loss_max': [(1, 11284.5403384777),
[92mINFO [0m:      	                    (2, 11135.967992052618),
2026-07-09 02:56:09,196 | INFO | 	                    (2, 11135.967992052618),
[92mINFO [0m:      	                    (3, 11022.241020504942),
2026-07-09 02:56:09,196 | INFO | 	                    (3, 11022.241020504942),
[92mINFO [0m:      	                    (4, 10878.999547072528),
2026-07-09 02:56:09,196 | INFO | 	                    (4, 10878.999547072528),
[92mINFO [0m:      	                    (5, 10751.796043640226),
2026-07-09 02:56:09,196 | INFO | 	                    (5, 10751.796043640226),
[92mINFO [0m:      	                    (6, 10612.326875441808),
2026-07-09 02:56:09,196 | INFO | 	                    (6, 10612.326875441808),
[92mINFO [0m:      	                    (7, 10431.168312784237),
2026-07-09 02:56:09,196 | INFO | 	                    (7, 10431.168312784237),
[92mINFO [0m:      	                    (8, 10356.826843497183),
2026-07-09 02:56:09,196 | INFO | 	                    (8, 10356.826843497183),
[92mINFO [0m:      	                    (9, 10179.172044541703),
2026-07-09 02:56:09,196 | INFO | 	                    (9, 10179.172044541703),
[92mINFO [0m:      	                    (10, 10075.19957727687),
2026-07-09 02:56:09,196 | INFO | 	                    (10, 10075.19957727687),
[92mINFO [0m:      	                    (11, 9954.926909314196),
2026-07-09 02:56:09,196 | INFO | 	                    (11, 9954.926909314196),
[92mINFO [0m:      	                    (12, 9792.158359483763),
2026-07-09 02:56:09,196 | INFO | 	                    (12, 9792.158359483763),
[92mINFO [0m:      	                    (13, 9732.60512549698),
2026-07-09 02:56:09,196 | INFO | 	                    (13, 9732.60512549698),
[92mINFO [0m:      	                    (14, 9653.301262036899),
2026-07-09 02:56:09,196 | INFO | 	                    (14, 9653.301262036899),
[92mINFO [0m:      	                    (15, 9514.12416692395),
2026-07-09 02:56:09,197 | INFO | 	                    (15, 9514.12416692395),
[92mINFO [0m:      	                    (16, 9442.687752731086),
2026-07-09 02:56:09,197 | INFO | 	                    (16, 9442.687752731086),
[92mINFO [0m:      	                    (17, 9271.75753425596),
2026-07-09 02:56:09,197 | INFO | 	                    (17, 9271.75753425596),
[92mINFO [0m:      	                    (18, 9167.876734626694),
2026-07-09 02:56:09,197 | INFO | 	                    (18, 9167.876734626694),
[92mINFO [0m:      	                    (19, 9108.594466861816),
2026-07-09 02:56:09,197 | INFO | 	                    (19, 9108.594466861816),
[92mINFO [0m:      	                    (20, 8972.438255983327),
2026-07-09 02:56:09,197 | INFO | 	                    (20, 8972.438255983327),
[92mINFO [0m:      	                    (21, 8806.09116654052),
2026-07-09 02:56:09,197 | INFO | 	                    (21, 8806.09116654052),
[92mINFO [0m:      	                    (22, 8686.72439697003),
2026-07-09 02:56:09,197 | INFO | 	                    (22, 8686.72439697003),
[92mINFO [0m:      	                    (23, 8557.093774791396),
2026-07-09 02:56:09,197 | INFO | 	                    (23, 8557.093774791396),
[92mINFO [0m:      	                    (24, 8470.047540186308),
2026-07-09 02:56:09,197 | INFO | 	                    (24, 8470.047540186308),
[92mINFO [0m:      	                    (25, 8357.557858735516),
2026-07-09 02:56:09,197 | INFO | 	                    (25, 8357.557858735516),
[92mINFO [0m:      	                    (26, 8268.879742869494),
2026-07-09 02:56:09,197 | INFO | 	                    (26, 8268.879742869494),
[92mINFO [0m:      	                    (27, 8137.932079586587),
2026-07-09 02:56:09,197 | INFO | 	                    (27, 8137.932079586587),
[92mINFO [0m:      	                    (28, 8013.03872768905),
2026-07-09 02:56:09,197 | INFO | 	                    (28, 8013.03872768905),
[92mINFO [0m:      	                    (29, 7901.763651612419),
2026-07-09 02:56:09,197 | INFO | 	                    (29, 7901.763651612419),
[92mINFO [0m:      	                    (30, 7791.604888277845),
2026-07-09 02:56:09,197 | INFO | 	                    (30, 7791.604888277845),
[92mINFO [0m:      	                    (31, 7747.069705606783),
2026-07-09 02:56:09,197 | INFO | 	                    (31, 7747.069705606783),
[92mINFO [0m:      	                    (32, 7628.281963781171),
2026-07-09 02:56:09,197 | INFO | 	                    (32, 7628.281963781171),
[92mINFO [0m:      	                    (33, 7590.864065710812),
2026-07-09 02:56:09,197 | INFO | 	                    (33, 7590.864065710812),
[92mINFO [0m:      	                    (34, 7460.717106916801),
2026-07-09 02:56:09,197 | INFO | 	                    (34, 7460.717106916801),
[92mINFO [0m:      	                    (35, 7439.669486465134),
2026-07-09 02:56:09,197 | INFO | 	                    (35, 7439.669486465134),
[92mINFO [0m:      	                    (36, 7405.183617895045),
2026-07-09 02:56:09,197 | INFO | 	                    (36, 7405.183617895045),
[92mINFO [0m:      	                    (37, 7322.2255968930895),
2026-07-09 02:56:09,197 | INFO | 	                    (37, 7322.2255968930895),
[92mINFO [0m:      	                    (38, 7224.174769977265),
2026-07-09 02:56:09,197 | INFO | 	                    (38, 7224.174769977265),
[92mINFO [0m:      	                    (39, 7205.094063286729),
2026-07-09 02:56:09,197 | INFO | 	                    (39, 7205.094063286729),
[92mINFO [0m:      	                    (40, 7117.080281222425),
2026-07-09 02:56:09,197 | INFO | 	                    (40, 7117.080281222425),
[92mINFO [0m:      	                    (41, 7028.791391056375),
2026-07-09 02:56:09,197 | INFO | 	                    (41, 7028.791391056375),
[92mINFO [0m:      	                    (42, 6474.117272848681),
2026-07-09 02:56:09,197 | INFO | 	                    (42, 6474.117272848681),
[92mINFO [0m:      	                    (43, 6968.8199986349655),
2026-07-09 02:56:09,197 | INFO | 	                    (43, 6968.8199986349655),
[92mINFO [0m:      	                    (44, 6853.117297714789),
2026-07-09 02:56:09,197 | INFO | 	                    (44, 6853.117297714789),
[92mINFO [0m:      	                    (45, 6185.009537426184),
2026-07-09 02:56:09,197 | INFO | 	                    (45, 6185.009537426184),
[92mINFO [0m:      	                    (46, 6081.190040955837),
2026-07-09 02:56:09,197 | INFO | 	                    (46, 6081.190040955837),
[92mINFO [0m:      	                    (47, 6679.952528852183),
2026-07-09 02:56:09,197 | INFO | 	                    (47, 6679.952528852183),
[92mINFO [0m:      	                    (48, 6574.206847904798),
2026-07-09 02:56:09,197 | INFO | 	                    (48, 6574.206847904798),
[92mINFO [0m:      	                    (49, 6568.328126699362),
2026-07-09 02:56:09,197 | INFO | 	                    (49, 6568.328126699362),
[92mINFO [0m:      	                    (50, 6401.717395039417),
2026-07-09 02:56:09,197 | INFO | 	                    (50, 6401.717395039417),
[92mINFO [0m:      	                    (51, 6362.989740375648),
2026-07-09 02:56:09,197 | INFO | 	                    (51, 6362.989740375648),
[92mINFO [0m:      	                    (52, 6319.534939630598),
2026-07-09 02:56:09,197 | INFO | 	                    (52, 6319.534939630598),
[92mINFO [0m:      	                    (53, 6323.965903940543),
2026-07-09 02:56:09,198 | INFO | 	                    (53, 6323.965903940543),
[92mINFO [0m:      	                    (54, 6231.628640908525),
2026-07-09 02:56:09,198 | INFO | 	                    (54, 6231.628640908525),
[92mINFO [0m:      	                    (55, 6101.331496123302),
2026-07-09 02:56:09,198 | INFO | 	                    (55, 6101.331496123302),
[92mINFO [0m:      	                    (56, 6081.687409868393),
2026-07-09 02:56:09,198 | INFO | 	                    (56, 6081.687409868393),
[92mINFO [0m:      	                    (57, 6033.35702657459),
2026-07-09 02:56:09,198 | INFO | 	                    (57, 6033.35702657459),
[92mINFO [0m:      	                    (58, 5969.209315804378),
2026-07-09 02:56:09,198 | INFO | 	                    (58, 5969.209315804378),
[92mINFO [0m:      	                    (59, 5910.577177246367),
2026-07-09 02:56:09,198 | INFO | 	                    (59, 5910.577177246367),
[92mINFO [0m:      	                    (60, 5822.992448612679)],
2026-07-09 02:56:09,198 | INFO | 	                    (60, 5822.992448612679)],
[92mINFO [0m:      	 'vi_kl_loss_mean': [(1, 10574.350602034418),
2026-07-09 02:56:09,198 | INFO | 	 'vi_kl_loss_mean': [(1, 10574.350602034418),
[92mINFO [0m:      	                     (2, 10707.904100347552),
2026-07-09 02:56:09,198 | INFO | 	                     (2, 10707.904100347552),
[92mINFO [0m:      	                     (3, 10599.714201624744),
2026-07-09 02:56:09,198 | INFO | 	                     (3, 10599.714201624744),
[92mINFO [0m:      	                     (4, 10425.515562316452),
2026-07-09 02:56:09,198 | INFO | 	                     (4, 10425.515562316452),
[92mINFO [0m:      	                     (5, 10475.250011881679),
2026-07-09 02:56:09,198 | INFO | 	                     (5, 10475.250011881679),
[92mINFO [0m:      	                     (6, 10139.34572696835),
2026-07-09 02:56:09,198 | INFO | 	                     (6, 10139.34572696835),
[92mINFO [0m:      	                     (7, 9797.760219028896),
2026-07-09 02:56:09,198 | INFO | 	                     (7, 9797.760219028896),
[92mINFO [0m:      	                     (8, 9874.922660437393),
2026-07-09 02:56:09,198 | INFO | 	                     (8, 9874.922660437393),
[92mINFO [0m:      	                     (9, 9968.795115147921),
2026-07-09 02:56:09,198 | INFO | 	                     (9, 9968.795115147921),
[92mINFO [0m:      	                     (10, 9653.063112735415),
2026-07-09 02:56:09,198 | INFO | 	                     (10, 9653.063112735415),
[92mINFO [0m:      	                     (11, 9334.997332282013),
2026-07-09 02:56:09,198 | INFO | 	                     (11, 9334.997332282013),
[92mINFO [0m:      	                     (12, 9567.139478419305),
2026-07-09 02:56:09,198 | INFO | 	                     (12, 9567.139478419305),
[92mINFO [0m:      	                     (13, 9530.328142198918),
2026-07-09 02:56:09,198 | INFO | 	                     (13, 9530.328142198918),
[92mINFO [0m:      	                     (14, 9504.026444749685),
2026-07-09 02:56:09,198 | INFO | 	                     (14, 9504.026444749685),
[92mINFO [0m:      	                     (15, 9347.901619832213),
2026-07-09 02:56:09,198 | INFO | 	                     (15, 9347.901619832213),
[92mINFO [0m:      	                     (16, 9161.79277139578),
2026-07-09 02:56:09,198 | INFO | 	                     (16, 9161.79277139578),
[92mINFO [0m:      	                     (17, 9080.566955922064),
2026-07-09 02:56:09,198 | INFO | 	                     (17, 9080.566955922064),
[92mINFO [0m:      	                     (18, 8974.215226218923),
2026-07-09 02:56:09,198 | INFO | 	                     (18, 8974.215226218923),
[92mINFO [0m:      	                     (19, 8737.408819653136),
2026-07-09 02:56:09,198 | INFO | 	                     (19, 8737.408819653136),
[92mINFO [0m:      	                     (20, 8546.255182600988),
2026-07-09 02:56:09,198 | INFO | 	                     (20, 8546.255182600988),
[92mINFO [0m:      	                     (21, 8451.549090938523),
2026-07-09 02:56:09,198 | INFO | 	                     (21, 8451.549090938523),
[92mINFO [0m:      	                     (22, 8592.444201010774),
2026-07-09 02:56:09,198 | INFO | 	                     (22, 8592.444201010774),
[92mINFO [0m:      	                     (23, 8478.679852470881),
2026-07-09 02:56:09,198 | INFO | 	                     (23, 8478.679852470881),
[92mINFO [0m:      	                     (24, 7929.803899521754),
2026-07-09 02:56:09,198 | INFO | 	                     (24, 7929.803899521754),
[92mINFO [0m:      	                     (25, 8143.39257149834),
2026-07-09 02:56:09,198 | INFO | 	                     (25, 8143.39257149834),
[92mINFO [0m:      	                     (26, 8155.495676206784),
2026-07-09 02:56:09,198 | INFO | 	                     (26, 8155.495676206784),
[92mINFO [0m:      	                     (27, 7916.151325567964),
2026-07-09 02:56:09,198 | INFO | 	                     (27, 7916.151325567964),
[92mINFO [0m:      	                     (28, 7743.259648945569),
2026-07-09 02:56:09,198 | INFO | 	                     (28, 7743.259648945569),
[92mINFO [0m:      	                     (29, 7682.938692802117),
2026-07-09 02:56:09,198 | INFO | 	                     (29, 7682.938692802117),
[92mINFO [0m:      	                     (30, 7595.126802145093),
2026-07-09 02:56:09,198 | INFO | 	                     (30, 7595.126802145093),
[92mINFO [0m:      	                     (31, 7509.377039156277),
2026-07-09 02:56:09,199 | INFO | 	                     (31, 7509.377039156277),
[92mINFO [0m:      	                     (32, 7168.790629638034),
2026-07-09 02:56:09,199 | INFO | 	                     (32, 7168.790629638034),
[92mINFO [0m:      	                     (33, 7143.473759919013),
2026-07-09 02:56:09,199 | INFO | 	                     (33, 7143.473759919013),
[92mINFO [0m:      	                     (34, 6785.193938156992),
2026-07-09 02:56:09,199 | INFO | 	                     (34, 6785.193938156992),
[92mINFO [0m:      	                     (35, 7064.412844971576),
2026-07-09 02:56:09,199 | INFO | 	                     (35, 7064.412844971576),
[92mINFO [0m:      	                     (36, 7093.602508980765),
2026-07-09 02:56:09,199 | INFO | 	                     (36, 7093.602508980765),
[92mINFO [0m:      	                     (37, 6662.335904018301),
2026-07-09 02:56:09,199 | INFO | 	                     (37, 6662.335904018301),
[92mINFO [0m:      	                     (38, 6589.634440462973),
2026-07-09 02:56:09,199 | INFO | 	                     (38, 6589.634440462973),
[92mINFO [0m:      	                     (39, 6569.884629474826),
2026-07-09 02:56:09,199 | INFO | 	                     (39, 6569.884629474826),
[92mINFO [0m:      	                     (40, 6654.967022570743),
2026-07-09 02:56:09,199 | INFO | 	                     (40, 6654.967022570743),
[92mINFO [0m:      	                     (41, 6585.185382528364),
2026-07-09 02:56:09,199 | INFO | 	                     (41, 6585.185382528364),
[92mINFO [0m:      	                     (42, 6295.293834067464),
2026-07-09 02:56:09,199 | INFO | 	                     (42, 6295.293834067464),
[92mINFO [0m:      	                     (43, 6191.207789614919),
2026-07-09 02:56:09,199 | INFO | 	                     (43, 6191.207789614919),
[92mINFO [0m:      	                     (44, 6224.326297516467),
2026-07-09 02:56:09,199 | INFO | 	                     (44, 6224.326297516467),
[92mINFO [0m:      	                     (45, 6030.379923831968),
2026-07-09 02:56:09,199 | INFO | 	                     (45, 6030.379923831968),
[92mINFO [0m:      	                     (46, 5915.132012806626),
2026-07-09 02:56:09,199 | INFO | 	                     (46, 5915.132012806626),
[92mINFO [0m:      	                     (47, 5977.553434760411),
2026-07-09 02:56:09,199 | INFO | 	                     (47, 5977.553434760411),
[92mINFO [0m:      	                     (48, 5916.758276110277),
2026-07-09 02:56:09,199 | INFO | 	                     (48, 5916.758276110277),
[92mINFO [0m:      	                     (49, 5864.122188946098),
2026-07-09 02:56:09,199 | INFO | 	                     (49, 5864.122188946098),
[92mINFO [0m:      	                     (50, 5743.663019501157),
2026-07-09 02:56:09,199 | INFO | 	                     (50, 5743.663019501157),
[92mINFO [0m:      	                     (51, 5670.173212639291),
2026-07-09 02:56:09,199 | INFO | 	                     (51, 5670.173212639291),
[92mINFO [0m:      	                     (52, 5588.18631183619),
2026-07-09 02:56:09,199 | INFO | 	                     (52, 5588.18631183619),
[92mINFO [0m:      	                     (53, 5682.2284026613925),
2026-07-09 02:56:09,199 | INFO | 	                     (53, 5682.2284026613925),
[92mINFO [0m:      	                     (54, 5441.958844248492),
2026-07-09 02:56:09,199 | INFO | 	                     (54, 5441.958844248492),
[92mINFO [0m:      	                     (55, 5248.208682403856),
2026-07-09 02:56:09,199 | INFO | 	                     (55, 5248.208682403856),
[92mINFO [0m:      	                     (56, 5289.270335642146),
2026-07-09 02:56:09,199 | INFO | 	                     (56, 5289.270335642146),
[92mINFO [0m:      	                     (57, 5215.3540831863465),
2026-07-09 02:56:09,199 | INFO | 	                     (57, 5215.3540831863465),
[92mINFO [0m:      	                     (58, 5155.121837252137),
2026-07-09 02:56:09,199 | INFO | 	                     (58, 5155.121837252137),
[92mINFO [0m:      	                     (59, 5066.323264860636),
2026-07-09 02:56:09,199 | INFO | 	                     (59, 5066.323264860636),
[92mINFO [0m:      	                     (60, 5103.966842816724)],
2026-07-09 02:56:09,199 | INFO | 	                     (60, 5103.966842816724)],
[92mINFO [0m:      	 'vi_kl_loss_min': [(1, 7562.300668640564),
2026-07-09 02:56:09,199 | INFO | 	 'vi_kl_loss_min': [(1, 7562.300668640564),
[92mINFO [0m:      	                    (2, 7349.179414675627),
2026-07-09 02:56:09,199 | INFO | 	                    (2, 7349.179414675627),
[92mINFO [0m:      	                    (3, 9332.181862293726),
2026-07-09 02:56:09,199 | INFO | 	                    (3, 9332.181862293726),
[92mINFO [0m:      	                    (4, 7154.321401547397),
2026-07-09 02:56:09,199 | INFO | 	                    (4, 7154.321401547397),
[92mINFO [0m:      	                    (5, 9150.22920273641),
2026-07-09 02:56:09,199 | INFO | 	                    (5, 9150.22920273641),
[92mINFO [0m:      	                    (6, 7340.887950243107),
2026-07-09 02:56:09,199 | INFO | 	                    (6, 7340.887950243107),
[92mINFO [0m:      	                    (7, 7223.545768517342),
2026-07-09 02:56:09,199 | INFO | 	                    (7, 7223.545768517342),
[92mINFO [0m:      	                    (8, 6892.778061561192),
2026-07-09 02:56:09,199 | INFO | 	                    (8, 6892.778061561192),
[92mINFO [0m:      	                    (9, 8986.496284011433),
2026-07-09 02:56:09,199 | INFO | 	                    (9, 8986.496284011433),
[92mINFO [0m:      	                    (10, 8916.21240180115),
2026-07-09 02:56:09,200 | INFO | 	                    (10, 8916.21240180115),
[92mINFO [0m:      	                    (11, 6465.169411948842),
2026-07-09 02:56:09,200 | INFO | 	                    (11, 6465.169411948842),
[92mINFO [0m:      	                    (12, 8769.938549208855),
2026-07-09 02:56:09,200 | INFO | 	                    (12, 8769.938549208855),
[92mINFO [0m:      	                    (13, 8705.39768565108),
2026-07-09 02:56:09,200 | INFO | 	                    (13, 8705.39768565108),
[92mINFO [0m:      	                    (14, 8687.244569429684),
2026-07-09 02:56:09,200 | INFO | 	                    (14, 8687.244569429684),
[92mINFO [0m:      	                    (15, 8660.256824987553),
2026-07-09 02:56:09,200 | INFO | 	                    (15, 8660.256824987553),
[92mINFO [0m:      	                    (16, 6390.320197837115),
2026-07-09 02:56:09,200 | INFO | 	                    (16, 6390.320197837115),
[92mINFO [0m:      	                    (17, 8515.431478607243),
2026-07-09 02:56:09,200 | INFO | 	                    (17, 8515.431478607243),
[92mINFO [0m:      	                    (18, 8410.068142265696),
2026-07-09 02:56:09,200 | INFO | 	                    (18, 8410.068142265696),
[92mINFO [0m:      	                    (19, 6233.022617828599),
2026-07-09 02:56:09,200 | INFO | 	                    (19, 6233.022617828599),
[92mINFO [0m:      	                    (20, 6621.043701658408),
2026-07-09 02:56:09,200 | INFO | 	                    (20, 6621.043701658408),
[92mINFO [0m:      	                    (21, 5904.86139458553),
2026-07-09 02:56:09,200 | INFO | 	                    (21, 5904.86139458553),
[92mINFO [0m:      	                    (22, 8186.227435546223),
2026-07-09 02:56:09,200 | INFO | 	                    (22, 8186.227435546223),
[92mINFO [0m:      	                    (23, 8206.849721147668),
2026-07-09 02:56:09,200 | INFO | 	                    (23, 8206.849721147668),
[92mINFO [0m:      	                    (24, 5795.458632185674),
2026-07-09 02:56:09,200 | INFO | 	                    (24, 5795.458632185674),
[92mINFO [0m:      	                    (25, 6446.539928765393),
2026-07-09 02:56:09,200 | INFO | 	                    (25, 6446.539928765393),
[92mINFO [0m:      	                    (26, 7979.079996072825),
2026-07-09 02:56:09,200 | INFO | 	                    (26, 7979.079996072825),
[92mINFO [0m:      	                    (27, 5707.957978568559),
2026-07-09 02:56:09,200 | INFO | 	                    (27, 5707.957978568559),
[92mINFO [0m:      	                    (28, 6315.264152515468),
2026-07-09 02:56:09,200 | INFO | 	                    (28, 6315.264152515468),
[92mINFO [0m:      	                    (29, 5482.46691049761),
2026-07-09 02:56:09,200 | INFO | 	                    (29, 5482.46691049761),
[92mINFO [0m:      	                    (30, 5605.581785732312),
2026-07-09 02:56:09,200 | INFO | 	                    (30, 5605.581785732312),
[92mINFO [0m:      	                    (31, 5554.96133154457),
2026-07-09 02:56:09,200 | INFO | 	                    (31, 5554.96133154457),
[92mINFO [0m:      	                    (32, 5456.511797385722),
2026-07-09 02:56:09,200 | INFO | 	                    (32, 5456.511797385722),
[92mINFO [0m:      	                    (33, 5253.497044238567),
2026-07-09 02:56:09,200 | INFO | 	                    (33, 5253.497044238567),
[92mINFO [0m:      	                    (34, 5223.269182368507),
2026-07-09 02:56:09,200 | INFO | 	                    (34, 5223.269182368507),
[92mINFO [0m:      	                    (35, 5288.335571146766),
2026-07-09 02:56:09,200 | INFO | 	                    (35, 5288.335571146766),
[92mINFO [0m:      	                    (36, 7005.047749774892),
2026-07-09 02:56:09,200 | INFO | 	                    (36, 7005.047749774892),
[92mINFO [0m:      	                    (37, 5076.185299796554),
2026-07-09 02:56:09,200 | INFO | 	                    (37, 5076.185299796554),
[92mINFO [0m:      	                    (38, 5136.165637705285),
2026-07-09 02:56:09,200 | INFO | 	                    (38, 5136.165637705285),
[92mINFO [0m:      	                    (39, 4947.273342304568),
2026-07-09 02:56:09,200 | INFO | 	                    (39, 4947.273342304568),
[92mINFO [0m:      	                    (40, 5122.092753685544),
2026-07-09 02:56:09,200 | INFO | 	                    (40, 5122.092753685544),
[92mINFO [0m:      	                    (41, 5793.356505004826),
2026-07-09 02:56:09,200 | INFO | 	                    (41, 5793.356505004826),
[92mINFO [0m:      	                    (42, 5033.295008773493),
2026-07-09 02:56:09,200 | INFO | 	                    (42, 5033.295008773493),
[92mINFO [0m:      	                    (43, 4769.013013229585),
2026-07-09 02:56:09,200 | INFO | 	                    (43, 4769.013013229585),
[92mINFO [0m:      	                    (44, 4950.1237084402255),
2026-07-09 02:56:09,200 | INFO | 	                    (44, 4950.1237084402255),
[92mINFO [0m:      	                    (45, 4689.375811804028),
2026-07-09 02:56:09,200 | INFO | 	                    (45, 4689.375811804028),
[92mINFO [0m:      	                    (46, 4619.881163396146),
2026-07-09 02:56:09,200 | INFO | 	                    (46, 4619.881163396146),
[92mINFO [0m:      	                    (47, 4830.319969193361),
2026-07-09 02:56:09,200 | INFO | 	                    (47, 4830.319969193361),
[92mINFO [0m:      	                    (48, 4550.383701282248),
2026-07-09 02:56:09,200 | INFO | 	                    (48, 4550.383701282248),
[92mINFO [0m:      	                    (49, 4743.785683476574),
2026-07-09 02:56:09,201 | INFO | 	                    (49, 4743.785683476574),
[92mINFO [0m:      	                    (50, 5479.664541775507),
2026-07-09 02:56:09,201 | INFO | 	                    (50, 5479.664541775507),
[92mINFO [0m:      	                    (51, 5388.334289133904),
2026-07-09 02:56:09,201 | INFO | 	                    (51, 5388.334289133904),
[92mINFO [0m:      	                    (52, 4317.599950127263),
2026-07-09 02:56:09,201 | INFO | 	                    (52, 4317.599950127263),
[92mINFO [0m:      	                    (53, 5373.127451638261),
2026-07-09 02:56:09,201 | INFO | 	                    (53, 5373.127451638261),
[92mINFO [0m:      	                    (54, 4290.229137415363),
2026-07-09 02:56:09,201 | INFO | 	                    (54, 4290.229137415363),
[92mINFO [0m:      	                    (55, 4228.788345539674),
2026-07-09 02:56:09,201 | INFO | 	                    (55, 4228.788345539674),
[92mINFO [0m:      	                    (56, 5144.686223902697),
2026-07-09 02:56:09,201 | INFO | 	                    (56, 5144.686223902697),
[92mINFO [0m:      	                    (57, 4150.700838033352),
2026-07-09 02:56:09,201 | INFO | 	                    (57, 4150.700838033352),
[92mINFO [0m:      	                    (58, 4989.26356751137),
2026-07-09 02:56:09,201 | INFO | 	                    (58, 4989.26356751137),
[92mINFO [0m:      	                    (59, 4106.6154918503125),
2026-07-09 02:56:09,201 | INFO | 	                    (59, 4106.6154918503125),
[92mINFO [0m:      	                    (60, 4830.099155822351)],
2026-07-09 02:56:09,201 | INFO | 	                    (60, 4830.099155822351)],
[92mINFO [0m:      	 'vi_kl_loss_p10': [(1, 9452.916173705522),
2026-07-09 02:56:09,201 | INFO | 	 'vi_kl_loss_p10': [(1, 9452.916173705522),
[92mINFO [0m:      	                    (2, 10034.925015547065),
2026-07-09 02:56:09,201 | INFO | 	                    (2, 10034.925015547065),
[92mINFO [0m:      	                    (3, 9404.208877484718),
2026-07-09 02:56:09,201 | INFO | 	                    (3, 9404.208877484718),
[92mINFO [0m:      	                    (4, 9831.555155789956),
2026-07-09 02:56:09,201 | INFO | 	                    (4, 9831.555155789956),
[92mINFO [0m:      	                    (5, 9804.064441153449),
2026-07-09 02:56:09,201 | INFO | 	                    (5, 9804.064441153449),
[92mINFO [0m:      	                    (6, 9158.243267373875),
2026-07-09 02:56:09,201 | INFO | 	                    (6, 9158.243267373875),
[92mINFO [0m:      	                    (7, 8000.6197003688085),
2026-07-09 02:56:09,201 | INFO | 	                    (7, 8000.6197003688085),
[92mINFO [0m:      	                    (8, 9013.772450548302),
2026-07-09 02:56:09,201 | INFO | 	                    (8, 9013.772450548302),
[92mINFO [0m:      	                    (9, 9469.345346614595),
2026-07-09 02:56:09,201 | INFO | 	                    (9, 9469.345346614595),
[92mINFO [0m:      	                    (10, 8940.26305274921),
2026-07-09 02:56:09,201 | INFO | 	                    (10, 8940.26305274921),
[92mINFO [0m:      	                    (11, 7772.6682108267405),
2026-07-09 02:56:09,201 | INFO | 	                    (11, 7772.6682108267405),
[92mINFO [0m:      	                    (12, 8837.05413778132),
2026-07-09 02:56:09,201 | INFO | 	                    (12, 8837.05413778132),
[92mINFO [0m:      	                    (13, 9096.283831468078),
2026-07-09 02:56:09,201 | INFO | 	                    (13, 9096.283831468078),
[92mINFO [0m:      	                    (14, 9504.261276248793),
2026-07-09 02:56:09,201 | INFO | 	                    (14, 9504.261276248793),
[92mINFO [0m:      	                    (15, 8982.544875061272),
2026-07-09 02:56:09,201 | INFO | 	                    (15, 8982.544875061272),
[92mINFO [0m:      	                    (16, 9314.734535138283),
2026-07-09 02:56:09,201 | INFO | 	                    (16, 9314.734535138283),
[92mINFO [0m:      	                    (17, 8559.056293631049),
2026-07-09 02:56:09,201 | INFO | 	                    (17, 8559.056293631049),
[92mINFO [0m:      	                    (18, 8472.738775765483),
2026-07-09 02:56:09,201 | INFO | 	                    (18, 8472.738775765483),
[92mINFO [0m:      	                    (19, 8445.704176134304),
2026-07-09 02:56:09,201 | INFO | 	                    (19, 8445.704176134304),
[92mINFO [0m:      	                    (20, 7352.213420821831),
2026-07-09 02:56:09,201 | INFO | 	                    (20, 7352.213420821831),
[92mINFO [0m:      	                    (21, 8301.806048320916),
2026-07-09 02:56:09,201 | INFO | 	                    (21, 8301.806048320916),
[92mINFO [0m:      	                    (22, 8569.2626032069),
2026-07-09 02:56:09,201 | INFO | 	                    (22, 8569.2626032069),
[92mINFO [0m:      	                    (23, 8330.489602178486),
2026-07-09 02:56:09,201 | INFO | 	                    (23, 8330.489602178486),
[92mINFO [0m:      	                    (24, 6169.190985816959),
2026-07-09 02:56:09,201 | INFO | 	                    (24, 6169.190985816959),
[92mINFO [0m:      	                    (25, 8103.703705484775),
2026-07-09 02:56:09,201 | INFO | 	                    (25, 8103.703705484775),
[92mINFO [0m:      	                    (26, 8062.485550742639),
2026-07-09 02:56:09,201 | INFO | 	                    (26, 8062.485550742639),
[92mINFO [0m:      	                    (27, 7940.032297860157),
2026-07-09 02:56:09,202 | INFO | 	                    (27, 7940.032297860157),
[92mINFO [0m:      	                    (28, 6976.142615800673),
2026-07-09 02:56:09,202 | INFO | 	                    (28, 6976.142615800673),
[92mINFO [0m:      	                    (29, 7769.965687302311),
2026-07-09 02:56:09,202 | INFO | 	                    (29, 7769.965687302311),
[92mINFO [0m:      	                    (30, 7689.58706569273),
2026-07-09 02:56:09,202 | INFO | 	                    (30, 7689.58706569273),
[92mINFO [0m:      	                    (31, 7601.160410819083),
2026-07-09 02:56:09,202 | INFO | 	                    (31, 7601.160410819083),
[92mINFO [0m:      	                    (32, 5769.697433713283),
2026-07-09 02:56:09,202 | INFO | 	                    (32, 5769.697433713283),
[92mINFO [0m:      	                    (33, 6200.677947704945),
2026-07-09 02:56:09,202 | INFO | 	                    (33, 6200.677947704945),
[92mINFO [0m:      	                    (34, 5289.430125399451),
2026-07-09 02:56:09,202 | INFO | 	                    (34, 5289.430125399451),
[92mINFO [0m:      	                    (35, 7096.854910530557),
2026-07-09 02:56:09,202 | INFO | 	                    (35, 7096.854910530557),
[92mINFO [0m:      	                    (36, 7011.828770186883),
2026-07-09 02:56:09,202 | INFO | 	                    (36, 7011.828770186883),
[92mINFO [0m:      	                    (37, 5525.009063035948),
2026-07-09 02:56:09,202 | INFO | 	                    (37, 5525.009063035948),
[92mINFO [0m:      	                    (38, 5504.040818455669),
2026-07-09 02:56:09,202 | INFO | 	                    (38, 5504.040818455669),
[92mINFO [0m:      	                    (39, 5864.215270397953),
2026-07-09 02:56:09,202 | INFO | 	                    (39, 5864.215270397953),
[92mINFO [0m:      	                    (40, 6599.9956813655),
2026-07-09 02:56:09,202 | INFO | 	                    (40, 6599.9956813655),
[92mINFO [0m:      	                    (41, 6510.52557320865),
2026-07-09 02:56:09,202 | INFO | 	                    (41, 6510.52557320865),
[92mINFO [0m:      	                    (42, 6027.157033369321),
2026-07-09 02:56:09,202 | INFO | 	                    (42, 6027.157033369321),
[92mINFO [0m:      	                    (43, 5151.080215562422),
2026-07-09 02:56:09,202 | INFO | 	                    (43, 5151.080215562422),
[92mINFO [0m:      	                    (44, 6197.26180016263),
2026-07-09 02:56:09,202 | INFO | 	                    (44, 6197.26180016263),
[92mINFO [0m:      	                    (45, 6088.824107459807),
2026-07-09 02:56:09,202 | INFO | 	                    (45, 6088.824107459807),
[92mINFO [0m:      	                    (46, 5786.404519862602),
2026-07-09 02:56:09,202 | INFO | 	                    (46, 5786.404519862602),
[92mINFO [0m:      	                    (47, 5674.182018984526),
2026-07-09 02:56:09,202 | INFO | 	                    (47, 5674.182018984526),
[92mINFO [0m:      	                    (48, 5558.862575725089),
2026-07-09 02:56:09,202 | INFO | 	                    (48, 5558.862575725089),
[92mINFO [0m:      	                    (49, 5565.947973107658),
2026-07-09 02:56:09,202 | INFO | 	                    (49, 5565.947973107658),
[92mINFO [0m:      	                    (50, 5623.013914168392),
2026-07-09 02:56:09,202 | INFO | 	                    (50, 5623.013914168392),
[92mINFO [0m:      	                    (51, 5554.309934512577),
2026-07-09 02:56:09,202 | INFO | 	                    (51, 5554.309934512577),
[92mINFO [0m:      	                    (52, 5478.302021496386),
2026-07-09 02:56:09,202 | INFO | 	                    (52, 5478.302021496386),
[92mINFO [0m:      	                    (53, 5391.785377647844),
2026-07-09 02:56:09,202 | INFO | 	                    (53, 5391.785377647844),
[92mINFO [0m:      	                    (54, 5301.431220057936),
2026-07-09 02:56:09,202 | INFO | 	                    (54, 5301.431220057936),
[92mINFO [0m:      	                    (55, 5233.23933211658),
2026-07-09 02:56:09,202 | INFO | 	                    (55, 5233.23933211658),
[92mINFO [0m:      	                    (56, 5148.998634006692),
2026-07-09 02:56:09,202 | INFO | 	                    (56, 5148.998634006692),
[92mINFO [0m:      	                    (57, 5067.943888068548),
2026-07-09 02:56:09,202 | INFO | 	                    (57, 5067.943888068548),
[92mINFO [0m:      	                    (58, 4998.71227749334),
2026-07-09 02:56:09,202 | INFO | 	                    (58, 4998.71227749334),
[92mINFO [0m:      	                    (59, 4628.28880971933),
2026-07-09 02:56:09,202 | INFO | 	                    (59, 4628.28880971933),
[92mINFO [0m:      	                    (60, 4831.826448461922)],
2026-07-09 02:56:09,202 | INFO | 	                    (60, 4831.826448461922)],
[92mINFO [0m:      	 'vi_kl_loss_p50': [(1, 11105.49500737472),
2026-07-09 02:56:09,202 | INFO | 	 'vi_kl_loss_p50': [(1, 11105.49500737472),
[92mINFO [0m:      	                    (2, 11058.990920684282),
2026-07-09 02:56:09,202 | INFO | 	                    (2, 11058.990920684282),
[92mINFO [0m:      	                    (3, 10876.661647976023),
2026-07-09 02:56:09,202 | INFO | 	                    (3, 10876.661647976023),
[92mINFO [0m:      	                    (4, 10742.405114762207),
2026-07-09 02:56:09,202 | INFO | 	                    (4, 10742.405114762207),
[92mINFO [0m:      	                    (5, 10653.507287475113),
2026-07-09 02:56:09,202 | INFO | 	                    (5, 10653.507287475113),
[92mINFO [0m:      	                    (6, 10511.678158566496),
2026-07-09 02:56:09,202 | INFO | 	                    (6, 10511.678158566496),
[92mINFO [0m:      	                    (7, 10362.673329297417),
2026-07-09 02:56:09,203 | INFO | 	                    (7, 10362.673329297417),
[92mINFO [0m:      	                    (8, 10245.959243449031),
2026-07-09 02:56:09,203 | INFO | 	                    (8, 10245.959243449031),
[92mINFO [0m:      	                    (9, 10097.19264201882),
2026-07-09 02:56:09,203 | INFO | 	                    (9, 10097.19264201882),
[92mINFO [0m:      	                    (10, 9974.204680840608),
2026-07-09 02:56:09,203 | INFO | 	                    (10, 9974.204680840608),
[92mINFO [0m:      	                    (11, 9863.037364597207),
2026-07-09 02:56:09,203 | INFO | 	                    (11, 9863.037364597207),
[92mINFO [0m:      	                    (12, 9765.615882142025),
2026-07-09 02:56:09,203 | INFO | 	                    (12, 9765.615882142025),
[92mINFO [0m:      	                    (13, 9648.855493274164),
2026-07-09 02:56:09,203 | INFO | 	                    (13, 9648.855493274164),
[92mINFO [0m:      	                    (14, 9566.295919189348),
2026-07-09 02:56:09,203 | INFO | 	                    (14, 9566.295919189348),
[92mINFO [0m:      	                    (15, 9445.762043142799),
2026-07-09 02:56:09,203 | INFO | 	                    (15, 9445.762043142799),
[92mINFO [0m:      	                    (16, 9350.636456604347),
2026-07-09 02:56:09,203 | INFO | 	                    (16, 9350.636456604347),
[92mINFO [0m:      	                    (17, 9212.132984153235),
2026-07-09 02:56:09,203 | INFO | 	                    (17, 9212.132984153235),
[92mINFO [0m:      	                    (18, 9091.75254623526),
2026-07-09 02:56:09,203 | INFO | 	                    (18, 9091.75254623526),
[92mINFO [0m:      	                    (19, 8969.147353068169),
2026-07-09 02:56:09,203 | INFO | 	                    (19, 8969.147353068169),
[92mINFO [0m:      	                    (20, 8862.217944556243),
2026-07-09 02:56:09,203 | INFO | 	                    (20, 8862.217944556243),
[92mINFO [0m:      	                    (21, 8726.9656546818),
2026-07-09 02:56:09,203 | INFO | 	                    (21, 8726.9656546818),
[92mINFO [0m:      	                    (22, 8622.21784391027),
2026-07-09 02:56:09,203 | INFO | 	                    (22, 8622.21784391027),
[92mINFO [0m:      	                    (23, 8518.02240878663),
2026-07-09 02:56:09,203 | INFO | 	                    (23, 8518.02240878663),
[92mINFO [0m:      	                    (24, 8382.657305381497),
2026-07-09 02:56:09,203 | INFO | 	                    (24, 8382.657305381497),
[92mINFO [0m:      	                    (25, 8275.785766913226),
2026-07-09 02:56:09,203 | INFO | 	                    (25, 8275.785766913226),
[92mINFO [0m:      	                    (26, 8167.77188997245),
2026-07-09 02:56:09,203 | INFO | 	                    (26, 8167.77188997245),
[92mINFO [0m:      	                    (27, 8090.217610433684),
2026-07-09 02:56:09,203 | INFO | 	                    (27, 8090.217610433684),
[92mINFO [0m:      	                    (28, 7951.538925071123),
2026-07-09 02:56:09,203 | INFO | 	                    (28, 7951.538925071123),
[92mINFO [0m:      	                    (29, 7846.840527232188),
2026-07-09 02:56:09,203 | INFO | 	                    (29, 7846.840527232188),
[92mINFO [0m:      	                    (30, 7733.182087376168),
2026-07-09 02:56:09,203 | INFO | 	                    (30, 7733.182087376168),
[92mINFO [0m:      	                    (31, 7626.1057470961),
2026-07-09 02:56:09,203 | INFO | 	                    (31, 7626.1057470961),
[92mINFO [0m:      	                    (32, 7512.818613655928),
2026-07-09 02:56:09,203 | INFO | 	                    (32, 7512.818613655928),
[92mINFO [0m:      	                    (33, 7397.7144315307),
2026-07-09 02:56:09,203 | INFO | 	                    (33, 7397.7144315307),
[92mINFO [0m:      	                    (34, 7281.110937476676),
2026-07-09 02:56:09,203 | INFO | 	                    (34, 7281.110937476676),
[92mINFO [0m:      	                    (35, 7163.925655165628),
2026-07-09 02:56:09,203 | INFO | 	                    (35, 7163.925655165628),
[92mINFO [0m:      	                    (36, 7058.577004756705),
2026-07-09 02:56:09,203 | INFO | 	                    (36, 7058.577004756705),
[92mINFO [0m:      	                    (37, 6961.252737078714),
2026-07-09 02:56:09,203 | INFO | 	                    (37, 6961.252737078714),
[92mINFO [0m:      	                    (38, 6836.747596524949),
2026-07-09 02:56:09,203 | INFO | 	                    (38, 6836.747596524949),
[92mINFO [0m:      	                    (39, 6735.14384224054),
2026-07-09 02:56:09,203 | INFO | 	                    (39, 6735.14384224054),
[92mINFO [0m:      	                    (40, 6639.7864113936375),
2026-07-09 02:56:09,203 | INFO | 	                    (40, 6639.7864113936375),
[92mINFO [0m:      	                    (41, 6533.3459556583275),
2026-07-09 02:56:09,203 | INFO | 	                    (41, 6533.3459556583275),
[92mINFO [0m:      	                    (42, 6419.623502109582),
2026-07-09 02:56:09,203 | INFO | 	                    (42, 6419.623502109582),
[92mINFO [0m:      	                    (43, 6363.588214424272),
2026-07-09 02:56:09,203 | INFO | 	                    (43, 6363.588214424272),
[92mINFO [0m:      	                    (44, 6229.909378223445),
2026-07-09 02:56:09,203 | INFO | 	                    (44, 6229.909378223445),
[92mINFO [0m:      	                    (45, 6125.450894469631),
2026-07-09 02:56:09,204 | INFO | 	                    (45, 6125.450894469631),
[92mINFO [0m:      	                    (46, 6033.3775327442545),
2026-07-09 02:56:09,204 | INFO | 	                    (46, 6033.3775327442545),
[92mINFO [0m:      	                    (47, 5935.916278109321),
2026-07-09 02:56:09,204 | INFO | 	                    (47, 5935.916278109321),
[92mINFO [0m:      	                    (48, 5857.827647356223),
2026-07-09 02:56:09,204 | INFO | 	                    (48, 5857.827647356223),
[92mINFO [0m:      	                    (49, 5759.490849737721),
2026-07-09 02:56:09,204 | INFO | 	                    (49, 5759.490849737721),
[92mINFO [0m:      	                    (50, 5664.571988537657),
2026-07-09 02:56:09,204 | INFO | 	                    (50, 5664.571988537657),
[92mINFO [0m:      	                    (51, 5575.498046201961),
2026-07-09 02:56:09,204 | INFO | 	                    (51, 5575.498046201961),
[92mINFO [0m:      	                    (52, 5514.4297875305365),
2026-07-09 02:56:09,204 | INFO | 	                    (52, 5514.4297875305365),
[92mINFO [0m:      	                    (53, 5410.773716860889),
2026-07-09 02:56:09,204 | INFO | 	                    (53, 5410.773716860889),
[92mINFO [0m:      	                    (54, 5358.284533649771),
2026-07-09 02:56:09,204 | INFO | 	                    (54, 5358.284533649771),
[92mINFO [0m:      	                    (55, 5256.527471295808),
2026-07-09 02:56:09,204 | INFO | 	                    (55, 5256.527471295808),
[92mINFO [0m:      	                    (56, 5157.685169983828),
2026-07-09 02:56:09,204 | INFO | 	                    (56, 5157.685169983828),
[92mINFO [0m:      	                    (57, 5091.726629782974),
2026-07-09 02:56:09,204 | INFO | 	                    (57, 5091.726629782974),
[92mINFO [0m:      	                    (58, 5024.039667812369),
2026-07-09 02:56:09,204 | INFO | 	                    (58, 5024.039667812369),
[92mINFO [0m:      	                    (59, 4952.534140765881),
2026-07-09 02:56:09,204 | INFO | 	                    (59, 4952.534140765881),
[92mINFO [0m:      	                    (60, 4852.927289156958)],
2026-07-09 02:56:09,204 | INFO | 	                    (60, 4852.927289156958)],
[92mINFO [0m:      	 'vi_kl_loss_p90': [(1, 11244.948473998673),
2026-07-09 02:56:09,204 | INFO | 	 'vi_kl_loss_p90': [(1, 11244.948473998673),
[92mINFO [0m:      	                    (2, 11116.956131090514),
2026-07-09 02:56:09,204 | INFO | 	                    (2, 11116.956131090514),
[92mINFO [0m:      	                    (3, 10996.686580979429),
2026-07-09 02:56:09,204 | INFO | 	                    (3, 10996.686580979429),
[92mINFO [0m:      	                    (4, 10854.481406566067),
2026-07-09 02:56:09,204 | INFO | 	                    (4, 10854.481406566067),
[92mINFO [0m:      	                    (5, 10735.464145610802),
2026-07-09 02:56:09,204 | INFO | 	                    (5, 10735.464145610802),
[92mINFO [0m:      	                    (6, 10586.82213232199),
2026-07-09 02:56:09,204 | INFO | 	                    (6, 10586.82213232199),
[92mINFO [0m:      	                    (7, 10414.257180534081),
2026-07-09 02:56:09,204 | INFO | 	                    (7, 10414.257180534081),
[92mINFO [0m:      	                    (8, 10338.873485119984),
2026-07-09 02:56:09,204 | INFO | 	                    (8, 10338.873485119984),
[92mINFO [0m:      	                    (9, 10165.715920825236),
2026-07-09 02:56:09,204 | INFO | 	                    (9, 10165.715920825236),
[92mINFO [0m:      	                    (10, 10029.456672240563),
2026-07-09 02:56:09,204 | INFO | 	                    (10, 10029.456672240563),
[92mINFO [0m:      	                    (11, 9917.939251012207),
2026-07-09 02:56:09,204 | INFO | 	                    (11, 9917.939251012207),
[92mINFO [0m:      	                    (12, 9789.531744414748),
2026-07-09 02:56:09,204 | INFO | 	                    (12, 9789.531744414748),
[92mINFO [0m:      	                    (13, 9694.293709096453),
2026-07-09 02:56:09,204 | INFO | 	                    (13, 9694.293709096453),
[92mINFO [0m:      	                    (14, 9626.044467685362),
2026-07-09 02:56:09,204 | INFO | 	                    (14, 9626.044467685362),
[92mINFO [0m:      	                    (15, 9495.095668963762),
2026-07-09 02:56:09,204 | INFO | 	                    (15, 9495.095668963762),
[92mINFO [0m:      	                    (16, 9407.839726005248),
2026-07-09 02:56:09,204 | INFO | 	                    (16, 9407.839726005248),
[92mINFO [0m:      	                    (17, 9246.049886338402),
2026-07-09 02:56:09,204 | INFO | 	                    (17, 9246.049886338402),
[92mINFO [0m:      	                    (18, 9134.234224109365),
2026-07-09 02:56:09,204 | INFO | 	                    (18, 9134.234224109365),
[92mINFO [0m:      	                    (19, 9060.701942650569),
2026-07-09 02:56:09,204 | INFO | 	                    (19, 9060.701942650569),
[92mINFO [0m:      	                    (20, 8925.175082501479),
2026-07-09 02:56:09,204 | INFO | 	                    (20, 8925.175082501479),
[92mINFO [0m:      	                    (21, 8784.161044408853),
2026-07-09 02:56:09,204 | INFO | 	                    (21, 8784.161044408853),
[92mINFO [0m:      	                    (22, 8664.2775198704),
2026-07-09 02:56:09,204 | INFO | 	                    (22, 8664.2775198704),
[92mINFO [0m:      	                    (23, 8541.044515309306),
2026-07-09 02:56:09,204 | INFO | 	                    (23, 8541.044515309306),
[92mINFO [0m:      	                    (24, 8462.019609090084),
2026-07-09 02:56:09,204 | INFO | 	                    (24, 8462.019609090084),
[92mINFO [0m:      	                    (25, 8332.30429908944),
2026-07-09 02:56:09,205 | INFO | 	                    (25, 8332.30429908944),
[92mINFO [0m:      	                    (26, 8219.012561283582),
2026-07-09 02:56:09,205 | INFO | 	                    (26, 8219.012561283582),
[92mINFO [0m:      	                    (27, 8130.334466985612),
2026-07-09 02:56:09,205 | INFO | 	                    (27, 8130.334466985612),
[92mINFO [0m:      	                    (28, 7993.806981834492),
2026-07-09 02:56:09,205 | INFO | 	                    (28, 7993.806981834492),
[92mINFO [0m:      	                    (29, 7884.193573967324),
2026-07-09 02:56:09,205 | INFO | 	                    (29, 7884.193573967324),
[92mINFO [0m:      	                    (30, 7770.723787557505),
2026-07-09 02:56:09,205 | INFO | 	                    (30, 7770.723787557505),
[92mINFO [0m:      	                    (31, 7712.529773752241),
2026-07-09 02:56:09,205 | INFO | 	                    (31, 7712.529773752241),
[92mINFO [0m:      	                    (32, 7595.721313196712),
2026-07-09 02:56:09,205 | INFO | 	                    (32, 7595.721313196712),
[92mINFO [0m:      	                    (33, 7481.746412024496),
2026-07-09 02:56:09,205 | INFO | 	                    (33, 7481.746412024496),
[92mINFO [0m:      	                    (34, 7402.406184099689),
2026-07-09 02:56:09,205 | INFO | 	                    (34, 7402.406184099689),
[92mINFO [0m:      	                    (35, 7310.317509002204),
2026-07-09 02:56:09,205 | INFO | 	                    (35, 7310.317509002204),
[92mINFO [0m:      	                    (36, 7266.540401181281),
2026-07-09 02:56:09,205 | INFO | 	                    (36, 7266.540401181281),
[92mINFO [0m:      	                    (37, 7304.328625625182),
2026-07-09 02:56:09,205 | INFO | 	                    (37, 7304.328625625182),
[92mINFO [0m:      	                    (38, 6881.635311925834),
2026-07-09 02:56:09,205 | INFO | 	                    (38, 6881.635311925834),
[92mINFO [0m:      	                    (39, 7030.891072003724),
2026-07-09 02:56:09,205 | INFO | 	                    (39, 7030.891072003724),
[92mINFO [0m:      	                    (40, 7105.20502033806),
2026-07-09 02:56:09,205 | INFO | 	                    (40, 7105.20502033806),
[92mINFO [0m:      	                    (41, 7019.020833435015),
2026-07-09 02:56:09,205 | INFO | 	                    (41, 7019.020833435015),
[92mINFO [0m:      	                    (42, 6462.208332341588),
2026-07-09 02:56:09,205 | INFO | 	                    (42, 6462.208332341588),
[92mINFO [0m:      	                    (43, 6720.072775161901),
2026-07-09 02:56:09,205 | INFO | 	                    (43, 6720.072775161901),
[92mINFO [0m:      	                    (44, 6600.286823356529),
2026-07-09 02:56:09,205 | INFO | 	                    (44, 6600.286823356529),
[92mINFO [0m:      	                    (45, 6147.400307726296),
2026-07-09 02:56:09,205 | INFO | 	                    (45, 6147.400307726296),
[92mINFO [0m:      	                    (46, 6040.991394809779),
2026-07-09 02:56:09,205 | INFO | 	                    (46, 6040.991394809779),
[92mINFO [0m:      	                    (47, 6660.0599250887035),
2026-07-09 02:56:09,205 | INFO | 	                    (47, 6660.0599250887035),
[92mINFO [0m:      	                    (48, 6562.668703939294),
2026-07-09 02:56:09,205 | INFO | 	                    (48, 6562.668703939294),
[92mINFO [0m:      	                    (49, 6489.18349536212),
2026-07-09 02:56:09,205 | INFO | 	                    (49, 6489.18349536212),
[92mINFO [0m:      	                    (50, 6111.322471371322),
2026-07-09 02:56:09,205 | INFO | 	                    (50, 6111.322471371322),
[92mINFO [0m:      	                    (51, 6063.144308435203),
2026-07-09 02:56:09,205 | INFO | 	                    (51, 6063.144308435203),
[92mINFO [0m:      	                    (52, 6300.3126814355),
2026-07-09 02:56:09,205 | INFO | 	                    (52, 6300.3126814355),
[92mINFO [0m:      	                    (53, 6238.968642066981),
2026-07-09 02:56:09,205 | INFO | 	                    (53, 6238.968642066981),
[92mINFO [0m:      	                    (54, 6161.6622820693265),
2026-07-09 02:56:09,205 | INFO | 	                    (54, 6161.6622820693265),
[92mINFO [0m:      	                    (55, 5300.035378584584),
2026-07-09 02:56:09,205 | INFO | 	                    (55, 5300.035378584584),
[92mINFO [0m:      	                    (56, 5727.407685601508),
2026-07-09 02:56:09,205 | INFO | 	                    (56, 5727.407685601508),
[92mINFO [0m:      	                    (57, 6019.183748508477),
2026-07-09 02:56:09,205 | INFO | 	                    (57, 6019.183748508477),
[92mINFO [0m:      	                    (58, 5617.239039801689),
2026-07-09 02:56:09,205 | INFO | 	                    (58, 5617.239039801689),
[92mINFO [0m:      	                    (59, 5866.1623274474305),
2026-07-09 02:56:09,205 | INFO | 	                    (59, 5866.1623274474305),
[92mINFO [0m:      	                    (60, 5805.397899853732)],
2026-07-09 02:56:09,205 | INFO | 	                    (60, 5805.397899853732)],
[92mINFO [0m:      	 'vi_kl_loss_std': [(1, 1045.2365669403107),
2026-07-09 02:56:09,205 | INFO | 	 'vi_kl_loss_std': [(1, 1045.2365669403107),
[92mINFO [0m:      	                    (2, 989.7422611619857),
2026-07-09 02:56:09,205 | INFO | 	                    (2, 989.7422611619857),
[92mINFO [0m:      	                    (3, 611.8033110645487),
2026-07-09 02:56:09,206 | INFO | 	                    (3, 611.8033110645487),
[92mINFO [0m:      	                    (4, 953.2140171493709),
2026-07-09 02:56:09,206 | INFO | 	                    (4, 953.2140171493709),
[92mINFO [0m:      	                    (5, 496.62254055736076),
2026-07-09 02:56:09,206 | INFO | 	                    (5, 496.62254055736076),
[92mINFO [0m:      	                    (6, 881.162739310543),
2026-07-09 02:56:09,206 | INFO | 	                    (6, 881.162739310543),
[92mINFO [0m:      	                    (7, 1082.0818277592057),
2026-07-09 02:56:09,206 | INFO | 	                    (7, 1082.0818277592057),
[92mINFO [0m:      	                    (8, 902.7005086565123),
2026-07-09 02:56:09,206 | INFO | 	                    (8, 902.7005086565123),
[92mINFO [0m:      	                    (9, 368.443992918163),
2026-07-09 02:56:09,206 | INFO | 	                    (9, 368.443992918163),
[92mINFO [0m:      	                    (10, 490.1010081009815),
2026-07-09 02:56:09,206 | INFO | 	                    (10, 490.1010081009815),
[92mINFO [0m:      	                    (11, 1072.7586782320982),
2026-07-09 02:56:09,206 | INFO | 	                    (11, 1072.7586782320982),
[92mINFO [0m:      	                    (12, 376.94975564821317),
2026-07-09 02:56:09,206 | INFO | 	                    (12, 376.94975564821317),
[92mINFO [0m:      	                    (13, 313.4595192532344),
2026-07-09 02:56:09,206 | INFO | 	                    (13, 313.4595192532344),
[92mINFO [0m:      	                    (14, 222.5449242293075),
2026-07-09 02:56:09,206 | INFO | 	                    (14, 222.5449242293075),
[92mINFO [0m:      	                    (15, 262.5674280546658),
2026-07-09 02:56:09,206 | INFO | 	                    (15, 262.5674280546658),
[92mINFO [0m:      	                    (16, 741.6432932331815),
2026-07-09 02:56:09,206 | INFO | 	                    (16, 741.6432932331815),
[92mINFO [0m:      	                    (17, 268.7852201946646),
2026-07-09 02:56:09,206 | INFO | 	                    (17, 268.7852201946646),
[92mINFO [0m:      	                    (18, 262.4335306825007),
2026-07-09 02:56:09,206 | INFO | 	                    (18, 262.4335306825007),
[92mINFO [0m:      	                    (19, 696.4809205060874),
2026-07-09 02:56:09,206 | INFO | 	                    (19, 696.4809205060874),
[92mINFO [0m:      	                    (20, 756.9380901475504),
2026-07-09 02:56:09,206 | INFO | 	                    (20, 756.9380901475504),
[92mINFO [0m:      	                    (21, 706.6870001356727),
2026-07-09 02:56:09,206 | INFO | 	                    (21, 706.6870001356727),
[92mINFO [0m:      	                    (22, 113.54485142135498),
2026-07-09 02:56:09,206 | INFO | 	                    (22, 113.54485142135498),
[92mINFO [0m:      	                    (23, 104.25358208869874),
2026-07-09 02:56:09,206 | INFO | 	                    (23, 104.25358208869874),
[92mINFO [0m:      	                    (24, 938.205680450349),
2026-07-09 02:56:09,206 | INFO | 	                    (24, 938.205680450349),
[92mINFO [0m:      	                    (25, 458.79792943618975),
2026-07-09 02:56:09,206 | INFO | 	                    (25, 458.79792943618975),
[92mINFO [0m:      	                    (26, 71.3012991950262),
2026-07-09 02:56:09,206 | INFO | 	                    (26, 71.3012991950262),
[92mINFO [0m:      	                    (27, 593.1604387832066),
2026-07-09 02:56:09,206 | INFO | 	                    (27, 593.1604387832066),
[92mINFO [0m:      	                    (28, 553.4626695841141),
2026-07-09 02:56:09,206 | INFO | 	                    (28, 553.4626695841141),
[92mINFO [0m:      	                    (29, 589.4105854394838),
2026-07-09 02:56:09,206 | INFO | 	                    (29, 589.4105854394838),
[92mINFO [0m:      	                    (30, 532.6420685320912),
2026-07-09 02:56:09,206 | INFO | 	                    (30, 532.6420685320912),
[92mINFO [0m:      	                    (31, 524.0646195989395),
2026-07-09 02:56:09,206 | INFO | 	                    (31, 524.0646195989395),
[92mINFO [0m:      	                    (32, 745.1443163253481),
2026-07-09 02:56:09,206 | INFO | 	                    (32, 745.1443163253481),
[92mINFO [0m:      	                    (33, 708.5292067460717),
2026-07-09 02:56:09,206 | INFO | 	                    (33, 708.5292067460717),
[92mINFO [0m:      	                    (34, 894.9454693842723),
2026-07-09 02:56:09,206 | INFO | 	                    (34, 894.9454693842723),
[92mINFO [0m:      	                    (35, 483.7155987860479),
2026-07-09 02:56:09,206 | INFO | 	                    (35, 483.7155987860479),
[92mINFO [0m:      	                    (36, 120.68538889049384),
2026-07-09 02:56:09,206 | INFO | 	                    (36, 120.68538889049384),
[92mINFO [0m:      	                    (37, 707.5251974588155),
2026-07-09 02:56:09,206 | INFO | 	                    (37, 707.5251974588155),
[92mINFO [0m:      	                    (38, 608.6949709817967),
2026-07-09 02:56:09,206 | INFO | 	                    (38, 608.6949709817967),
[92mINFO [0m:      	                    (39, 561.1524132194021),
2026-07-09 02:56:09,206 | INFO | 	                    (39, 561.1524132194021),
[92mINFO [0m:      	                    (40, 459.0467613882204),
2026-07-09 02:56:09,206 | INFO | 	                    (40, 459.0467613882204),
[92mINFO [0m:      	                    (41, 286.19508667948907),
2026-07-09 02:56:09,206 | INFO | 	                    (41, 286.19508667948907),
[92mINFO [0m:      	                    (42, 375.19306138908),
2026-07-09 02:56:09,207 | INFO | 	                    (42, 375.19306138908),
[92mINFO [0m:      	                    (43, 615.9254677963357),
2026-07-09 02:56:09,207 | INFO | 	                    (43, 615.9254677963357),
[92mINFO [0m:      	                    (44, 398.8660512106321),
2026-07-09 02:56:09,207 | INFO | 	                    (44, 398.8660512106321),
[92mINFO [0m:      	                    (45, 359.1076447073161),
2026-07-09 02:56:09,207 | INFO | 	                    (45, 359.1076447073161),
[92mINFO [0m:      	                    (46, 360.6803449962249),
2026-07-09 02:56:09,207 | INFO | 	                    (46, 360.6803449962249),
[92mINFO [0m:      	                    (47, 444.52918121133354),
2026-07-09 02:56:09,207 | INFO | 	                    (47, 444.52918121133354),
[92mINFO [0m:      	                    (48, 503.1299644553175),
2026-07-09 02:56:09,207 | INFO | 	                    (48, 503.1299644553175),
[92mINFO [0m:      	                    (49, 457.7617427839092),
2026-07-09 02:56:09,207 | INFO | 	                    (49, 457.7617427839092),
[92mINFO [0m:      	                    (50, 260.3412391391007),
2026-07-09 02:56:09,207 | INFO | 	                    (50, 260.3412391391007),
[92mINFO [0m:      	                    (51, 274.7694905353789),
2026-07-09 02:56:09,207 | INFO | 	                    (51, 274.7694905353789),
[92mINFO [0m:      	                    (52, 464.5274952031975),
2026-07-09 02:56:09,207 | INFO | 	                    (52, 464.5274952031975),
[92mINFO [0m:      	                    (53, 397.96841045665656),
2026-07-09 02:56:09,207 | INFO | 	                    (53, 397.96841045665656),
[92mINFO [0m:      	                    (54, 454.1149125240343),
2026-07-09 02:56:09,207 | INFO | 	                    (54, 454.1149125240343),
[92mINFO [0m:      	                    (55, 344.0111375554154),
2026-07-09 02:56:09,207 | INFO | 	                    (55, 344.0111375554154),
[92mINFO [0m:      	                    (56, 303.62016994625634),
2026-07-09 02:56:09,207 | INFO | 	                    (56, 303.62016994625634),
[92mINFO [0m:      	                    (57, 466.58336820915736),
2026-07-09 02:56:09,207 | INFO | 	                    (57, 466.58336820915736),
[92mINFO [0m:      	                    (58, 312.7211193461349),
2026-07-09 02:56:09,207 | INFO | 	                    (58, 312.7211193461349),
[92mINFO [0m:      	                    (59, 478.5135058923628),
2026-07-09 02:56:09,207 | INFO | 	                    (59, 478.5135058923628),
[92mINFO [0m:      	                    (60, 423.53829448009776)]}
2026-07-09 02:56:09,207 | INFO | 	                    (60, 423.53829448009776)]}
[92mINFO [0m:      	History (metrics, centralized):
2026-07-09 02:56:09,207 | INFO | 	History (metrics, centralized):
[92mINFO [0m:      	{'accuracy': [(0, 0.1078),
2026-07-09 02:56:09,207 | INFO | 	{'accuracy': [(0, 0.1078),
[92mINFO [0m:      	              (1, 0.1888),
2026-07-09 02:56:09,207 | INFO | 	              (1, 0.1888),
[92mINFO [0m:      	              (2, 0.1643),
2026-07-09 02:56:09,207 | INFO | 	              (2, 0.1643),
[92mINFO [0m:      	              (3, 0.2198),
2026-07-09 02:56:09,207 | INFO | 	              (3, 0.2198),
[92mINFO [0m:      	              (4, 0.1997),
2026-07-09 02:56:09,207 | INFO | 	              (4, 0.1997),
[92mINFO [0m:      	              (5, 0.3018),
2026-07-09 02:56:09,207 | INFO | 	              (5, 0.3018),
[92mINFO [0m:      	              (6, 0.3864),
2026-07-09 02:56:09,207 | INFO | 	              (6, 0.3864),
[92mINFO [0m:      	              (7, 0.3711),
2026-07-09 02:56:09,207 | INFO | 	              (7, 0.3711),
[92mINFO [0m:      	              (8, 0.5132),
2026-07-09 02:56:09,207 | INFO | 	              (8, 0.5132),
[92mINFO [0m:      	              (9, 0.6049),
2026-07-09 02:56:09,207 | INFO | 	              (9, 0.6049),
[92mINFO [0m:      	              (10, 0.6477),
2026-07-09 02:56:09,207 | INFO | 	              (10, 0.6477),
[92mINFO [0m:      	              (11, 0.7416),
2026-07-09 02:56:09,207 | INFO | 	              (11, 0.7416),
[92mINFO [0m:      	              (12, 0.6963),
2026-07-09 02:56:09,207 | INFO | 	              (12, 0.6963),
[92mINFO [0m:      	              (13, 0.6386),
2026-07-09 02:56:09,207 | INFO | 	              (13, 0.6386),
[92mINFO [0m:      	              (14, 0.674),
2026-07-09 02:56:09,207 | INFO | 	              (14, 0.674),
[92mINFO [0m:      	              (15, 0.6056),
2026-07-09 02:56:09,207 | INFO | 	              (15, 0.6056),
[92mINFO [0m:      	              (16, 0.6292),
2026-07-09 02:56:09,207 | INFO | 	              (16, 0.6292),
[92mINFO [0m:      	              (17, 0.7318),
2026-07-09 02:56:09,207 | INFO | 	              (17, 0.7318),
[92mINFO [0m:      	              (18, 0.685),
2026-07-09 02:56:09,208 | INFO | 	              (18, 0.685),
[92mINFO [0m:      	              (19, 0.7051),
2026-07-09 02:56:09,208 | INFO | 	              (19, 0.7051),
[92mINFO [0m:      	              (20, 0.7744),
2026-07-09 02:56:09,208 | INFO | 	              (20, 0.7744),
[92mINFO [0m:      	              (21, 0.7407),
2026-07-09 02:56:09,208 | INFO | 	              (21, 0.7407),
[92mINFO [0m:      	              (22, 0.7201),
2026-07-09 02:56:09,208 | INFO | 	              (22, 0.7201),
[92mINFO [0m:      	              (23, 0.7438),
2026-07-09 02:56:09,208 | INFO | 	              (23, 0.7438),
[92mINFO [0m:      	              (24, 0.7151),
2026-07-09 02:56:09,208 | INFO | 	              (24, 0.7151),
[92mINFO [0m:      	              (25, 0.7634),
2026-07-09 02:56:09,208 | INFO | 	              (25, 0.7634),
[92mINFO [0m:      	              (26, 0.7843),
2026-07-09 02:56:09,208 | INFO | 	              (26, 0.7843),
[92mINFO [0m:      	              (27, 0.7453),
2026-07-09 02:56:09,208 | INFO | 	              (27, 0.7453),
[92mINFO [0m:      	              (28, 0.7578),
2026-07-09 02:56:09,208 | INFO | 	              (28, 0.7578),
[92mINFO [0m:      	              (29, 0.731),
2026-07-09 02:56:09,208 | INFO | 	              (29, 0.731),
[92mINFO [0m:      	              (30, 0.7769),
2026-07-09 02:56:09,208 | INFO | 	              (30, 0.7769),
[92mINFO [0m:      	              (31, 0.7503),
2026-07-09 02:56:09,208 | INFO | 	              (31, 0.7503),
[92mINFO [0m:      	              (32, 0.8128),
2026-07-09 02:56:09,208 | INFO | 	              (32, 0.8128),
[92mINFO [0m:      	              (33, 0.8084),
2026-07-09 02:56:09,208 | INFO | 	              (33, 0.8084),
[92mINFO [0m:      	              (34, 0.8199),
2026-07-09 02:56:09,208 | INFO | 	              (34, 0.8199),
[92mINFO [0m:      	              (35, 0.8212),
2026-07-09 02:56:09,208 | INFO | 	              (35, 0.8212),
[92mINFO [0m:      	              (36, 0.8225),
2026-07-09 02:56:09,208 | INFO | 	              (36, 0.8225),
[92mINFO [0m:      	              (37, 0.83),
2026-07-09 02:56:09,208 | INFO | 	              (37, 0.83),
[92mINFO [0m:      	              (38, 0.8136),
2026-07-09 02:56:09,208 | INFO | 	              (38, 0.8136),
[92mINFO [0m:      	              (39, 0.8086),
2026-07-09 02:56:09,208 | INFO | 	              (39, 0.8086),
[92mINFO [0m:      	              (40, 0.8059),
2026-07-09 02:56:09,208 | INFO | 	              (40, 0.8059),
[92mINFO [0m:      	              (41, 0.8147),
2026-07-09 02:56:09,208 | INFO | 	              (41, 0.8147),
[92mINFO [0m:      	              (42, 0.8187),
2026-07-09 02:56:09,208 | INFO | 	              (42, 0.8187),
[92mINFO [0m:      	              (43, 0.8084),
2026-07-09 02:56:09,208 | INFO | 	              (43, 0.8084),
[92mINFO [0m:      	              (44, 0.8311),
2026-07-09 02:56:09,208 | INFO | 	              (44, 0.8311),
[92mINFO [0m:      	              (45, 0.8196),
2026-07-09 02:56:09,208 | INFO | 	              (45, 0.8196),
[92mINFO [0m:      	              (46, 0.8016),
2026-07-09 02:56:09,208 | INFO | 	              (46, 0.8016),
[92mINFO [0m:      	              (47, 0.8481),
2026-07-09 02:56:09,208 | INFO | 	              (47, 0.8481),
[92mINFO [0m:      	              (48, 0.8497),
2026-07-09 02:56:09,208 | INFO | 	              (48, 0.8497),
[92mINFO [0m:      	              (49, 0.8212),
2026-07-09 02:56:09,208 | INFO | 	              (49, 0.8212),
[92mINFO [0m:      	              (50, 0.8229),
2026-07-09 02:56:09,208 | INFO | 	              (50, 0.8229),
[92mINFO [0m:      	              (51, 0.7953),
2026-07-09 02:56:09,208 | INFO | 	              (51, 0.7953),
[92mINFO [0m:      	              (52, 0.8688),
2026-07-09 02:56:09,208 | INFO | 	              (52, 0.8688),
[92mINFO [0m:      	              (53, 0.8626),
2026-07-09 02:56:09,208 | INFO | 	              (53, 0.8626),
[92mINFO [0m:      	              (54, 0.8367),
2026-07-09 02:56:09,208 | INFO | 	              (54, 0.8367),
[92mINFO [0m:      	              (55, 0.8537),
2026-07-09 02:56:09,208 | INFO | 	              (55, 0.8537),
[92mINFO [0m:      	              (56, 0.8467),
2026-07-09 02:56:09,209 | INFO | 	              (56, 0.8467),
[92mINFO [0m:      	              (57, 0.8264),
2026-07-09 02:56:09,209 | INFO | 	              (57, 0.8264),
[92mINFO [0m:      	              (58, 0.8631),
2026-07-09 02:56:09,209 | INFO | 	              (58, 0.8631),
[92mINFO [0m:      	              (59, 0.8516),
2026-07-09 02:56:09,209 | INFO | 	              (59, 0.8516),
[92mINFO [0m:      	              (60, 0.8488)],
2026-07-09 02:56:09,209 | INFO | 	              (60, 0.8488)],
[92mINFO [0m:      	 'active_physical_devices': [(0, 0),
2026-07-09 02:56:09,209 | INFO | 	 'active_physical_devices': [(0, 0),
[92mINFO [0m:      	                             (1, 15),
2026-07-09 02:56:09,209 | INFO | 	                             (1, 15),
[92mINFO [0m:      	                             (2, 15),
2026-07-09 02:56:09,209 | INFO | 	                             (2, 15),
[92mINFO [0m:      	                             (3, 15),
2026-07-09 02:56:09,209 | INFO | 	                             (3, 15),
[92mINFO [0m:      	                             (4, 15),
2026-07-09 02:56:09,209 | INFO | 	                             (4, 15),
[92mINFO [0m:      	                             (5, 15),
2026-07-09 02:56:09,209 | INFO | 	                             (5, 15),
[92mINFO [0m:      	                             (6, 15),
2026-07-09 02:56:09,209 | INFO | 	                             (6, 15),
[92mINFO [0m:      	                             (7, 15),
2026-07-09 02:56:09,209 | INFO | 	                             (7, 15),
[92mINFO [0m:      	                             (8, 15),
2026-07-09 02:56:09,209 | INFO | 	                             (8, 15),
[92mINFO [0m:      	                             (9, 15),
2026-07-09 02:56:09,209 | INFO | 	                             (9, 15),
[92mINFO [0m:      	                             (10, 15),
2026-07-09 02:56:09,209 | INFO | 	                             (10, 15),
[92mINFO [0m:      	                             (11, 15),
2026-07-09 02:56:09,209 | INFO | 	                             (11, 15),
[92mINFO [0m:      	                             (12, 15),
2026-07-09 02:56:09,209 | INFO | 	                             (12, 15),
[92mINFO [0m:      	                             (13, 15),
2026-07-09 02:56:09,209 | INFO | 	                             (13, 15),
[92mINFO [0m:      	                             (14, 15),
2026-07-09 02:56:09,209 | INFO | 	                             (14, 15),
[92mINFO [0m:      	                             (15, 15),
2026-07-09 02:56:09,209 | INFO | 	                             (15, 15),
[92mINFO [0m:      	                             (16, 15),
2026-07-09 02:56:09,209 | INFO | 	                             (16, 15),
[92mINFO [0m:      	                             (17, 15),
2026-07-09 02:56:09,209 | INFO | 	                             (17, 15),
[92mINFO [0m:      	                             (18, 15),
2026-07-09 02:56:09,209 | INFO | 	                             (18, 15),
[92mINFO [0m:      	                             (19, 15),
2026-07-09 02:56:09,209 | INFO | 	                             (19, 15),
[92mINFO [0m:      	                             (20, 15),
2026-07-09 02:56:09,209 | INFO | 	                             (20, 15),
[92mINFO [0m:      	                             (21, 15),
2026-07-09 02:56:09,209 | INFO | 	                             (21, 15),
[92mINFO [0m:      	                             (22, 15),
2026-07-09 02:56:09,209 | INFO | 	                             (22, 15),
[92mINFO [0m:      	                             (23, 15),
2026-07-09 02:56:09,209 | INFO | 	                             (23, 15),
[92mINFO [0m:      	                             (24, 15),
2026-07-09 02:56:09,209 | INFO | 	                             (24, 15),
[92mINFO [0m:      	                             (25, 15),
2026-07-09 02:56:09,209 | INFO | 	                             (25, 15),
[92mINFO [0m:      	                             (26, 15),
2026-07-09 02:56:09,209 | INFO | 	                             (26, 15),
[92mINFO [0m:      	                             (27, 15),
2026-07-09 02:56:09,209 | INFO | 	                             (27, 15),
[92mINFO [0m:      	                             (28, 15),
2026-07-09 02:56:09,209 | INFO | 	                             (28, 15),
[92mINFO [0m:      	                             (29, 15),
2026-07-09 02:56:09,209 | INFO | 	                             (29, 15),
[92mINFO [0m:      	                             (30, 15),
2026-07-09 02:56:09,209 | INFO | 	                             (30, 15),
[92mINFO [0m:      	                             (31, 15),
2026-07-09 02:56:09,209 | INFO | 	                             (31, 15),
[92mINFO [0m:      	                             (32, 15),
2026-07-09 02:56:09,209 | INFO | 	                             (32, 15),
[92mINFO [0m:      	                             (33, 15),
2026-07-09 02:56:09,210 | INFO | 	                             (33, 15),
[92mINFO [0m:      	                             (34, 15),
2026-07-09 02:56:09,210 | INFO | 	                             (34, 15),
[92mINFO [0m:      	                             (35, 15),
2026-07-09 02:56:09,210 | INFO | 	                             (35, 15),
[92mINFO [0m:      	                             (36, 15),
2026-07-09 02:56:09,210 | INFO | 	                             (36, 15),
[92mINFO [0m:      	                             (37, 15),
2026-07-09 02:56:09,210 | INFO | 	                             (37, 15),
[92mINFO [0m:      	                             (38, 15),
2026-07-09 02:56:09,210 | INFO | 	                             (38, 15),
[92mINFO [0m:      	                             (39, 15),
2026-07-09 02:56:09,210 | INFO | 	                             (39, 15),
[92mINFO [0m:      	                             (40, 15),
2026-07-09 02:56:09,210 | INFO | 	                             (40, 15),
[92mINFO [0m:      	                             (41, 15),
2026-07-09 02:56:09,210 | INFO | 	                             (41, 15),
[92mINFO [0m:      	                             (42, 15),
2026-07-09 02:56:09,210 | INFO | 	                             (42, 15),
[92mINFO [0m:      	                             (43, 15),
2026-07-09 02:56:09,210 | INFO | 	                             (43, 15),
[92mINFO [0m:      	                             (44, 15),
2026-07-09 02:56:09,210 | INFO | 	                             (44, 15),
[92mINFO [0m:      	                             (45, 15),
2026-07-09 02:56:09,210 | INFO | 	                             (45, 15),
[92mINFO [0m:      	                             (46, 15),
2026-07-09 02:56:09,210 | INFO | 	                             (46, 15),
[92mINFO [0m:      	                             (47, 15),
2026-07-09 02:56:09,210 | INFO | 	                             (47, 15),
[92mINFO [0m:      	                             (48, 15),
2026-07-09 02:56:09,210 | INFO | 	                             (48, 15),
[92mINFO [0m:      	                             (49, 15),
2026-07-09 02:56:09,210 | INFO | 	                             (49, 15),
[92mINFO [0m:      	                             (50, 15),
2026-07-09 02:56:09,210 | INFO | 	                             (50, 15),
[92mINFO [0m:      	                             (51, 15),
2026-07-09 02:56:09,210 | INFO | 	                             (51, 15),
[92mINFO [0m:      	                             (52, 15),
2026-07-09 02:56:09,210 | INFO | 	                             (52, 15),
[92mINFO [0m:      	                             (53, 15),
2026-07-09 02:56:09,210 | INFO | 	                             (53, 15),
[92mINFO [0m:      	                             (54, 15),
2026-07-09 02:56:09,210 | INFO | 	                             (54, 15),
[92mINFO [0m:      	                             (55, 15),
2026-07-09 02:56:09,210 | INFO | 	                             (55, 15),
[92mINFO [0m:      	                             (56, 15),
2026-07-09 02:56:09,210 | INFO | 	                             (56, 15),
[92mINFO [0m:      	                             (57, 15),
2026-07-09 02:56:09,210 | INFO | 	                             (57, 15),
[92mINFO [0m:      	                             (58, 15),
2026-07-09 02:56:09,210 | INFO | 	                             (58, 15),
[92mINFO [0m:      	                             (59, 15),
2026-07-09 02:56:09,210 | INFO | 	                             (59, 15),
[92mINFO [0m:      	                             (60, 15)],
2026-07-09 02:56:09,210 | INFO | 	                             (60, 15)],
[92mINFO [0m:      	 'global_ece': [(0, 0.03257808820903302),
2026-07-09 02:56:09,210 | INFO | 	 'global_ece': [(0, 0.03257808820903302),
[92mINFO [0m:      	                (1, 0.019414338696002956),
2026-07-09 02:56:09,210 | INFO | 	                (1, 0.019414338696002956),
[92mINFO [0m:      	                (2, 0.09185911176055672),
2026-07-09 02:56:09,210 | INFO | 	                (2, 0.09185911176055672),
[92mINFO [0m:      	                (3, 0.03539014821127058),
2026-07-09 02:56:09,210 | INFO | 	                (3, 0.03539014821127058),
[92mINFO [0m:      	                (4, 0.14081785029768942),
2026-07-09 02:56:09,210 | INFO | 	                (4, 0.14081785029768942),
[92mINFO [0m:      	                (5, 0.06933379739820955),
2026-07-09 02:56:09,210 | INFO | 	                (5, 0.06933379739820955),
[92mINFO [0m:      	                (6, 0.13450710707232355),
2026-07-09 02:56:09,210 | INFO | 	                (6, 0.13450710707232355),
[92mINFO [0m:      	                (7, 0.11443157489374281),
2026-07-09 02:56:09,210 | INFO | 	                (7, 0.11443157489374281),
[92mINFO [0m:      	                (8, 0.24500166869610548),
2026-07-09 02:56:09,210 | INFO | 	                (8, 0.24500166869610548),
[92mINFO [0m:      	                (9, 0.31673137434795495),
2026-07-09 02:56:09,210 | INFO | 	                (9, 0.31673137434795495),
[92mINFO [0m:      	                (10, 0.3349880609788),
2026-07-09 02:56:09,210 | INFO | 	                (10, 0.3349880609788),
[92mINFO [0m:      	                (11, 0.4167796650469303),
2026-07-09 02:56:09,211 | INFO | 	                (11, 0.4167796650469303),
[92mINFO [0m:      	                (12, 0.3131105544172227),
2026-07-09 02:56:09,211 | INFO | 	                (12, 0.3131105544172227),
[92mINFO [0m:      	                (13, 0.23005016640871764),
2026-07-09 02:56:09,211 | INFO | 	                (13, 0.23005016640871764),
[92mINFO [0m:      	                (14, 0.25711713592410085),
2026-07-09 02:56:09,211 | INFO | 	                (14, 0.25711713592410085),
[92mINFO [0m:      	                (15, 0.15241952882111073),
2026-07-09 02:56:09,211 | INFO | 	                (15, 0.15241952882111073),
[92mINFO [0m:      	                (16, 0.1826818880483508),
2026-07-09 02:56:09,211 | INFO | 	                (16, 0.1826818880483508),
[92mINFO [0m:      	                (17, 0.26077495569288733),
2026-07-09 02:56:09,211 | INFO | 	                (17, 0.26077495569288733),
[92mINFO [0m:      	                (18, 0.1879795742869377),
2026-07-09 02:56:09,211 | INFO | 	                (18, 0.1879795742869377),
[92mINFO [0m:      	                (19, 0.20716099621355538),
2026-07-09 02:56:09,211 | INFO | 	                (19, 0.20716099621355538),
[92mINFO [0m:      	                (20, 0.2666578872859478),
2026-07-09 02:56:09,211 | INFO | 	                (20, 0.2666578872859478),
[92mINFO [0m:      	                (21, 0.2107648575991392),
2026-07-09 02:56:09,211 | INFO | 	                (21, 0.2107648575991392),
[92mINFO [0m:      	                (22, 0.16290329210609197),
2026-07-09 02:56:09,211 | INFO | 	                (22, 0.16290329210609197),
[92mINFO [0m:      	                (23, 0.1838429404377937),
2026-07-09 02:56:09,211 | INFO | 	                (23, 0.1838429404377937),
[92mINFO [0m:      	                (24, 0.12252297655344006),
2026-07-09 02:56:09,211 | INFO | 	                (24, 0.12252297655344006),
[92mINFO [0m:      	                (25, 0.1767922666683793),
2026-07-09 02:56:09,211 | INFO | 	                (25, 0.1767922666683793),
[92mINFO [0m:      	                (26, 0.1881851865023374),
2026-07-09 02:56:09,211 | INFO | 	                (26, 0.1881851865023374),
[92mINFO [0m:      	                (27, 0.1307359371945262),
2026-07-09 02:56:09,211 | INFO | 	                (27, 0.1307359371945262),
[92mINFO [0m:      	                (28, 0.13931941298246386),
2026-07-09 02:56:09,211 | INFO | 	                (28, 0.13931941298246386),
[92mINFO [0m:      	                (29, 0.0996722433745861),
2026-07-09 02:56:09,211 | INFO | 	                (29, 0.0996722433745861),
[92mINFO [0m:      	                (30, 0.13676047398000957),
2026-07-09 02:56:09,211 | INFO | 	                (30, 0.13676047398000957),
[92mINFO [0m:      	                (31, 0.10072636181861164),
2026-07-09 02:56:09,211 | INFO | 	                (31, 0.10072636181861164),
[92mINFO [0m:      	                (32, 0.15799567221850158),
2026-07-09 02:56:09,211 | INFO | 	                (32, 0.15799567221850158),
[92mINFO [0m:      	                (33, 0.1428633537769318),
2026-07-09 02:56:09,211 | INFO | 	                (33, 0.1428633537769318),
[92mINFO [0m:      	                (34, 0.15283613336533308),
2026-07-09 02:56:09,211 | INFO | 	                (34, 0.15283613336533308),
[92mINFO [0m:      	                (35, 0.15133775119334464),
2026-07-09 02:56:09,211 | INFO | 	                (35, 0.15133775119334464),
[92mINFO [0m:      	                (36, 0.1355273679584265),
2026-07-09 02:56:09,211 | INFO | 	                (36, 0.1355273679584265),
[92mINFO [0m:      	                (37, 0.13981864656060936),
2026-07-09 02:56:09,211 | INFO | 	                (37, 0.13981864656060936),
[92mINFO [0m:      	                (38, 0.11748579531759024),
2026-07-09 02:56:09,211 | INFO | 	                (38, 0.11748579531759024),
[92mINFO [0m:      	                (39, 0.10454066299945114),
2026-07-09 02:56:09,211 | INFO | 	                (39, 0.10454066299945114),
[92mINFO [0m:      	                (40, 0.08498405060470102),
2026-07-09 02:56:09,211 | INFO | 	                (40, 0.08498405060470102),
[92mINFO [0m:      	                (41, 0.08500718163102863),
2026-07-09 02:56:09,211 | INFO | 	                (41, 0.08500718163102863),
[92mINFO [0m:      	                (42, 0.08445099513083695),
2026-07-09 02:56:09,211 | INFO | 	                (42, 0.08445099513083695),
[92mINFO [0m:      	                (43, 0.07910811789780856),
2026-07-09 02:56:09,211 | INFO | 	                (43, 0.07910811789780856),
[92mINFO [0m:      	                (44, 0.10420734021514656),
2026-07-09 02:56:09,211 | INFO | 	                (44, 0.10420734021514656),
[92mINFO [0m:      	                (45, 0.08306638363301752),
2026-07-09 02:56:09,211 | INFO | 	                (45, 0.08306638363301752),
[92mINFO [0m:      	                (46, 0.08154210102409123),
2026-07-09 02:56:09,211 | INFO | 	                (46, 0.08154210102409123),
[92mINFO [0m:      	                (47, 0.10251489591002462),
2026-07-09 02:56:09,211 | INFO | 	                (47, 0.10251489591002462),
[92mINFO [0m:      	                (48, 0.0947010061711073),
2026-07-09 02:56:09,211 | INFO | 	                (48, 0.0947010061711073),
[92mINFO [0m:      	                (49, 0.05927447809725998),
2026-07-09 02:56:09,212 | INFO | 	                (49, 0.05927447809725998),
[92mINFO [0m:      	                (50, 0.06760244028121236),
2026-07-09 02:56:09,212 | INFO | 	                (50, 0.06760244028121236),
[92mINFO [0m:      	                (51, 0.036549335676431635),
2026-07-09 02:56:09,212 | INFO | 	                (51, 0.036549335676431635),
[92mINFO [0m:      	                (52, 0.10028026327788829),
2026-07-09 02:56:09,212 | INFO | 	                (52, 0.10028026327788829),
[92mINFO [0m:      	                (53, 0.08370071306973695),
2026-07-09 02:56:09,212 | INFO | 	                (53, 0.08370071306973695),
[92mINFO [0m:      	                (54, 0.06290649157911542),
2026-07-09 02:56:09,212 | INFO | 	                (54, 0.06290649157911542),
[92mINFO [0m:      	                (55, 0.07705047714561226),
2026-07-09 02:56:09,212 | INFO | 	                (55, 0.07705047714561226),
[92mINFO [0m:      	                (56, 0.0685674053505063),
2026-07-09 02:56:09,212 | INFO | 	                (56, 0.0685674053505063),
[92mINFO [0m:      	                (57, 0.049358808366954346),
2026-07-09 02:56:09,212 | INFO | 	                (57, 0.049358808366954346),
[92mINFO [0m:      	                (58, 0.06966507569253447),
2026-07-09 02:56:09,212 | INFO | 	                (58, 0.06966507569253447),
[92mINFO [0m:      	                (59, 0.06910921669602389),
2026-07-09 02:56:09,212 | INFO | 	                (59, 0.06910921669602389),
[92mINFO [0m:      	                (60, 0.05715131520777937)],
2026-07-09 02:56:09,212 | INFO | 	                (60, 0.05715131520777937)],
[92mINFO [0m:      	 'selected_count': [(0, 0),
2026-07-09 02:56:09,212 | INFO | 	 'selected_count': [(0, 0),
[92mINFO [0m:      	                    (1, 15),
2026-07-09 02:56:09,212 | INFO | 	                    (1, 15),
[92mINFO [0m:      	                    (2, 15),
2026-07-09 02:56:09,212 | INFO | 	                    (2, 15),
[92mINFO [0m:      	                    (3, 15),
2026-07-09 02:56:09,212 | INFO | 	                    (3, 15),
[92mINFO [0m:      	                    (4, 15),
2026-07-09 02:56:09,212 | INFO | 	                    (4, 15),
[92mINFO [0m:      	                    (5, 15),
2026-07-09 02:56:09,212 | INFO | 	                    (5, 15),
[92mINFO [0m:      	                    (6, 15),
2026-07-09 02:56:09,212 | INFO | 	                    (6, 15),
[92mINFO [0m:      	                    (7, 15),
2026-07-09 02:56:09,212 | INFO | 	                    (7, 15),
[92mINFO [0m:      	                    (8, 15),
2026-07-09 02:56:09,212 | INFO | 	                    (8, 15),
[92mINFO [0m:      	                    (9, 15),
2026-07-09 02:56:09,212 | INFO | 	                    (9, 15),
[92mINFO [0m:      	                    (10, 15),
2026-07-09 02:56:09,212 | INFO | 	                    (10, 15),
[92mINFO [0m:      	                    (11, 15),
2026-07-09 02:56:09,212 | INFO | 	                    (11, 15),
[92mINFO [0m:      	                    (12, 15),
2026-07-09 02:56:09,212 | INFO | 	                    (12, 15),
[92mINFO [0m:      	                    (13, 15),
2026-07-09 02:56:09,212 | INFO | 	                    (13, 15),
[92mINFO [0m:      	                    (14, 15),
2026-07-09 02:56:09,212 | INFO | 	                    (14, 15),
[92mINFO [0m:      	                    (15, 15),
2026-07-09 02:56:09,212 | INFO | 	                    (15, 15),
[92mINFO [0m:      	                    (16, 15),
2026-07-09 02:56:09,212 | INFO | 	                    (16, 15),
[92mINFO [0m:      	                    (17, 15),
2026-07-09 02:56:09,212 | INFO | 	                    (17, 15),
[92mINFO [0m:      	                    (18, 15),
2026-07-09 02:56:09,212 | INFO | 	                    (18, 15),
[92mINFO [0m:      	                    (19, 15),
2026-07-09 02:56:09,212 | INFO | 	                    (19, 15),
[92mINFO [0m:      	                    (20, 15),
2026-07-09 02:56:09,212 | INFO | 	                    (20, 15),
[92mINFO [0m:      	                    (21, 15),
2026-07-09 02:56:09,212 | INFO | 	                    (21, 15),
[92mINFO [0m:      	                    (22, 15),
2026-07-09 02:56:09,212 | INFO | 	                    (22, 15),
[92mINFO [0m:      	                    (23, 15),
2026-07-09 02:56:09,212 | INFO | 	                    (23, 15),
[92mINFO [0m:      	                    (24, 15),
2026-07-09 02:56:09,212 | INFO | 	                    (24, 15),
[92mINFO [0m:      	                    (25, 15),
2026-07-09 02:56:09,212 | INFO | 	                    (25, 15),
[92mINFO [0m:      	                    (26, 15),
2026-07-09 02:56:09,212 | INFO | 	                    (26, 15),
[92mINFO [0m:      	                    (27, 15),
2026-07-09 02:56:09,213 | INFO | 	                    (27, 15),
[92mINFO [0m:      	                    (28, 15),
2026-07-09 02:56:09,213 | INFO | 	                    (28, 15),
[92mINFO [0m:      	                    (29, 15),
2026-07-09 02:56:09,213 | INFO | 	                    (29, 15),
[92mINFO [0m:      	                    (30, 15),
2026-07-09 02:56:09,213 | INFO | 	                    (30, 15),
[92mINFO [0m:      	                    (31, 15),
2026-07-09 02:56:09,213 | INFO | 	                    (31, 15),
[92mINFO [0m:      	                    (32, 15),
2026-07-09 02:56:09,213 | INFO | 	                    (32, 15),
[92mINFO [0m:      	                    (33, 15),
2026-07-09 02:56:09,213 | INFO | 	                    (33, 15),
[92mINFO [0m:      	                    (34, 15),
2026-07-09 02:56:09,213 | INFO | 	                    (34, 15),
[92mINFO [0m:      	                    (35, 15),
2026-07-09 02:56:09,213 | INFO | 	                    (35, 15),
[92mINFO [0m:      	                    (36, 15),
2026-07-09 02:56:09,213 | INFO | 	                    (36, 15),
[92mINFO [0m:      	                    (37, 15),
2026-07-09 02:56:09,213 | INFO | 	                    (37, 15),
[92mINFO [0m:      	                    (38, 15),
2026-07-09 02:56:09,213 | INFO | 	                    (38, 15),
[92mINFO [0m:      	                    (39, 15),
2026-07-09 02:56:09,213 | INFO | 	                    (39, 15),
[92mINFO [0m:      	                    (40, 15),
2026-07-09 02:56:09,213 | INFO | 	                    (40, 15),
[92mINFO [0m:      	                    (41, 15),
2026-07-09 02:56:09,213 | INFO | 	                    (41, 15),
[92mINFO [0m:      	                    (42, 15),
2026-07-09 02:56:09,213 | INFO | 	                    (42, 15),
[92mINFO [0m:      	                    (43, 15),
2026-07-09 02:56:09,213 | INFO | 	                    (43, 15),
[92mINFO [0m:      	                    (44, 15),
2026-07-09 02:56:09,213 | INFO | 	                    (44, 15),
[92mINFO [0m:      	                    (45, 15),
2026-07-09 02:56:09,213 | INFO | 	                    (45, 15),
[92mINFO [0m:      	                    (46, 15),
2026-07-09 02:56:09,213 | INFO | 	                    (46, 15),
[92mINFO [0m:      	                    (47, 15),
2026-07-09 02:56:09,213 | INFO | 	                    (47, 15),
[92mINFO [0m:      	                    (48, 15),
2026-07-09 02:56:09,213 | INFO | 	                    (48, 15),
[92mINFO [0m:      	                    (49, 15),
2026-07-09 02:56:09,213 | INFO | 	                    (49, 15),
[92mINFO [0m:      	                    (50, 15),
2026-07-09 02:56:09,213 | INFO | 	                    (50, 15),
[92mINFO [0m:      	                    (51, 15),
2026-07-09 02:56:09,213 | INFO | 	                    (51, 15),
[92mINFO [0m:      	                    (52, 15),
2026-07-09 02:56:09,213 | INFO | 	                    (52, 15),
[92mINFO [0m:      	                    (53, 15),
2026-07-09 02:56:09,213 | INFO | 	                    (53, 15),
[92mINFO [0m:      	                    (54, 15),
2026-07-09 02:56:09,213 | INFO | 	                    (54, 15),
[92mINFO [0m:      	                    (55, 15),
2026-07-09 02:56:09,213 | INFO | 	                    (55, 15),
[92mINFO [0m:      	                    (56, 15),
2026-07-09 02:56:09,213 | INFO | 	                    (56, 15),
[92mINFO [0m:      	                    (57, 15),
2026-07-09 02:56:09,213 | INFO | 	                    (57, 15),
[92mINFO [0m:      	                    (58, 15),
2026-07-09 02:56:09,213 | INFO | 	                    (58, 15),
[92mINFO [0m:      	                    (59, 15),
2026-07-09 02:56:09,213 | INFO | 	                    (59, 15),
[92mINFO [0m:      	                    (60, 15)]}
2026-07-09 02:56:09,213 | INFO | 	                    (60, 15)]}
[92mINFO [0m:      
2026-07-09 02:56:09,213 | INFO | 
2026-07-09 02:56:09,539 | INFO | Saved metrics: outputs/tune_vi_mnist_noniid_unbalanced_finetune/vi_lr0p005_b256_e5_prior0p02/metrics.csv
2026-07-09 02:56:09,539 | INFO | Saved selection_summary: outputs/tune_vi_mnist_noniid_unbalanced_finetune/vi_lr0p005_b256_e5_prior0p02/selection_summary.csv
2026-07-09 02:56:09,540 | INFO | Saved selected_clients: outputs/tune_vi_mnist_noniid_unbalanced_finetune/vi_lr0p005_b256_e5_prior0p02/selected_clients.csv
2026-07-09 02:56:09,540 | INFO | Saved communication_metrics: outputs/tune_vi_mnist_noniid_unbalanced_finetune/vi_lr0p005_b256_e5_prior0p02/communication_metrics.csv
2026-07-09 02:56:09,540 | INFO | Saved client_train_metrics: outputs/tune_vi_mnist_noniid_unbalanced_finetune/vi_lr0p005_b256_e5_prior0p02/client_train_metrics.csv
2026-07-09 02:56:09,540 | INFO | Saved client_eval_metrics: outputs/tune_vi_mnist_noniid_unbalanced_finetune/vi_lr0p005_b256_e5_prior0p02/client_eval_metrics.csv
2026-07-09 02:56:09,540 | INFO | Saved calibration_bins: outputs/tune_vi_mnist_noniid_unbalanced_finetune/vi_lr0p005_b256_e5_prior0p02/calibration_bins.csv
2026-07-09 02:56:09,540 | INFO | Saved posterior_summary: outputs/tune_vi_mnist_noniid_unbalanced_finetune/vi_lr0p005_b256_e5_prior0p02/posterior_summary.csv
2026-07-09 02:56:09,540 | INFO | Saved snr_histograms: outputs/tune_vi_mnist_noniid_unbalanced_finetune/vi_lr0p005_b256_e5_prior0p02/snr_histograms.csv
2026-07-09 02:56:09,540 | INFO | Saved aggregation_diagnostics: outputs/tune_vi_mnist_noniid_unbalanced_finetune/vi_lr0p005_b256_e5_prior0p02/aggregation_diagnostics.csv
2026-07-09 02:56:09,540 | INFO | Saved run_summary: outputs/tune_vi_mnist_noniid_unbalanced_finetune/vi_lr0p005_b256_e5_prior0p02/run_summary.csv
2026-07-09 02:56:09,540 | INFO | Saved pruning_eval: outputs/tune_vi_mnist_noniid_unbalanced_finetune/vi_lr0p005_b256_e5_prior0p02/pruning_eval.csv
2026-07-09 02:56:09,540 | INFO | Saved final model: outputs/tune_vi_mnist_noniid_unbalanced_finetune/vi_lr0p005_b256_e5_prior0p02/final_model.pt
2026-07-09 02:56:09,540 | INFO | Done
[36m(pid=2291358)[0m [2026-07-09 02:50:25,276 E 2291358 2294193] core_worker_process.cc:825: Failed to establish connection to the metrics exporter agent. Metrics will not be exported. Exporter agent status: RpcError: Running out of retries to initialize the metrics agent. rpc_code: 14[32m [repeated 47x across cluster] (Ray deduplicates logs by default. Set RAY_DEDUP_LOGS=0 to disable log deduplication, or see https://docs.ray.io/en/master/ray-observability/user-guides/configure-logging.html#log-deduplication for more options.)[0m
