2026-07-09 03:09:53,356 | INFO | Starting Bayesian FL source run
2026-07-09 03:09:53,356 | INFO | Flower version: 1.29.0
2026-07-09 03:09:53,357 | INFO | Method=vi dataset=mnist model=mlp
2026-07-09 03:09:53,357 | INFO | Physical devices=300 Flower virtual clients=24 client_fraction=0.0500
2026-07-09 03:09:53,357 | INFO | Output directory: /home/micl/DungNDH/micl/bayesfl_base_source/outputs/tune_vi_mnist_noniid_unbalanced_finetune/vi_lr0p005_b256_e10_prior0p02
/home/micl/DungNDH/micl/bayesfl_base_source/dataset.py:75: UserWarning: Length of split at index 1 is 0. This might result in an empty dataset.
  train_subset, val_subset = random_split(subset, [train_len, val_len], generator=split_gen)
2026-07-09 03:09:54,811 | INFO | Loaded dataset with input_shape=(1, 28, 28) num_classes=10
2026-07-09 03:09:54,811 | INFO | Saved device/data summary to outputs/tune_vi_mnist_noniid_unbalanced_finetune/vi_lr0p005_b256_e10_prior0p02/device_summary.csv
2026-07-09 03:09:54,813 | INFO | Initial payload arrays: [(101770,), (101770,)]
2026-07-09 03:09:54,821 | INFO | Flower client_resources={'num_cpus': 1.0, 'num_gpus': 0.5}
[93mWARNING [0m:   DEPRECATED FEATURE: flwr.simulation.start_simulation() is deprecated.
	Instead, use the `flwr run` CLI command to start a local simulation in your Flower app, as shown for example below:

		$ flwr new  # Create a new Flower app from a template

		$ flwr run  # Run the Flower app in Simulation Mode

	Using `start_simulation()` is deprecated.

            This is a deprecated feature. It will be removed
            entirely in future versions of Flower.
        
2026-07-09 03:09:54,967 | WARNING | DEPRECATED FEATURE: flwr.simulation.start_simulation() is deprecated.
	Instead, use the `flwr run` CLI command to start a local simulation in your Flower app, as shown for example below:

		$ flwr new  # Create a new Flower app from a template

		$ flwr run  # Run the Flower app in Simulation Mode

	Using `start_simulation()` is deprecated.

            This is a deprecated feature. It will be removed
            entirely in future versions of Flower.
        
[92mINFO [0m:      Starting Flower simulation, config: num_rounds=60, no round_timeout
2026-07-09 03:09:54,968 | INFO | Starting Flower simulation, config: num_rounds=60, no round_timeout
2026-07-09 03:09:56,559	INFO worker.py:2012 -- Started a local Ray instance.
/home/micl/anaconda3/envs/dungndh/lib/python3.10/site-packages/ray/_private/worker.py:2051: FutureWarning: Tip: In future versions of Ray, Ray will no longer override accelerator visible devices env var if num_gpus=0 or num_gpus=None (default). To enable this behavior and turn off this error message, set RAY_ACCEL_ENV_VAR_OVERRIDE_ON_ZERO=0
  warnings.warn(
[92mINFO [0m:      Flower VCE: Ray initialized with resources: {'GPU': 1.0, 'memory': 162761814836.0, 'object_store_memory': 69755063500.0, 'accelerator_type:G': 1.0, 'node:__internal_head__': 1.0, 'CPU': 48.0, 'node:203.249.64.186': 1.0}
2026-07-09 03:09:57,437 | INFO | Flower VCE: Ray initialized with resources: {'GPU': 1.0, 'memory': 162761814836.0, 'object_store_memory': 69755063500.0, 'accelerator_type:G': 1.0, 'node:__internal_head__': 1.0, 'CPU': 48.0, 'node:203.249.64.186': 1.0}
[92mINFO [0m:      Optimize your simulation with Flower VCE: https://flower.ai/docs/framework/how-to-run-simulations.html
2026-07-09 03:09:57,437 | INFO | Optimize your simulation with Flower VCE: https://flower.ai/docs/framework/how-to-run-simulations.html
[92mINFO [0m:      Flower VCE: Resources for each Virtual Client: {'num_cpus': 1.0, 'num_gpus': 0.5}
2026-07-09 03:09:57,437 | INFO | Flower VCE: Resources for each Virtual Client: {'num_cpus': 1.0, 'num_gpus': 0.5}
[92mINFO [0m:      Flower VCE: Creating VirtualClientEngineActorPool with 2 actors
2026-07-09 03:09:57,524 | INFO | Flower VCE: Creating VirtualClientEngineActorPool with 2 actors
[92mINFO [0m:      [INIT]
2026-07-09 03:09:57,524 | INFO | [INIT]
[92mINFO [0m:      Using initial global parameters provided by strategy
2026-07-09 03:09:57,524 | INFO | Using initial global parameters provided by strategy
[92mINFO [0m:      Starting evaluation of initial global parameters
2026-07-09 03:09:57,524 | INFO | Starting evaluation of initial global parameters
[round=0000 method=vi] mean_acc=0.1078 mean_loss=2.2840 mc_acc=0.1080 mc_loss=2.2840 ece=0.0326 active_physical=0 virtual=0
[92mINFO [0m:      initial parameters (loss, other metrics): 2.283973722076416, {'accuracy': 0.1078, 'global_ece': 0.03257808820903302, 'selected_count': 0, 'active_physical_devices': 0}
2026-07-09 03:10:00,412 | INFO | initial parameters (loss, other metrics): 2.283973722076416, {'accuracy': 0.1078, 'global_ece': 0.03257808820903302, 'selected_count': 0, 'active_physical_devices': 0}
[92mINFO [0m:      
2026-07-09 03:10:00,413 | INFO | 
[92mINFO [0m:      [ROUND 1]
2026-07-09 03:10:00,413 | INFO | [ROUND 1]
[92mINFO [0m:      configure_fit: strategy sampled 24 clients (out of 24)
2026-07-09 03:10:00,414 | INFO | configure_fit: strategy sampled 24 clients (out of 24)
[92mINFO [0m:      aggregate_fit: received 24 results and 0 failures
2026-07-09 03:10:08,479 | INFO | aggregate_fit: received 24 results and 0 failures
[round=0001 method=vi] mean_acc=0.1759 mean_loss=2.2315 mc_acc=0.1760 mc_loss=2.2315 ece=0.0240 active_physical=15 virtual=12
[92mINFO [0m:      fit progress: (1, 2.2315205993652345, {'accuracy': 0.1759, 'global_ece': 0.0239685138091445, 'selected_count': 15, 'active_physical_devices': 15}, 10.609221644699574)
2026-07-09 03:10:11,022 | INFO | fit progress: (1, 2.2315205993652345, {'accuracy': 0.1759, 'global_ece': 0.0239685138091445, 'selected_count': 15, 'active_physical_devices': 15}, 10.609221644699574)
[92mINFO [0m:      configure_evaluate: no clients selected, skipping evaluation
2026-07-09 03:10:11,022 | INFO | configure_evaluate: no clients selected, skipping evaluation
[92mINFO [0m:      
2026-07-09 03:10:11,022 | INFO | 
[92mINFO [0m:      [ROUND 2]
2026-07-09 03:10:11,022 | INFO | [ROUND 2]
[92mINFO [0m:      configure_fit: strategy sampled 24 clients (out of 24)
2026-07-09 03:10:11,023 | INFO | configure_fit: strategy sampled 24 clients (out of 24)
[92mINFO [0m:      aggregate_fit: received 24 results and 0 failures
2026-07-09 03:10:16,177 | INFO | aggregate_fit: received 24 results and 0 failures
[round=0002 method=vi] mean_acc=0.1319 mean_loss=2.2447 mc_acc=0.1320 mc_loss=2.2447 ece=0.1320 active_physical=15 virtual=13
[92mINFO [0m:      fit progress: (2, 2.244724038696289, {'accuracy': 0.1319, 'global_ece': 0.13202998828440904, 'selected_count': 15, 'active_physical_devices': 15}, 18.459405709058046)
2026-07-09 03:10:18,872 | INFO | fit progress: (2, 2.244724038696289, {'accuracy': 0.1319, 'global_ece': 0.13202998828440904, 'selected_count': 15, 'active_physical_devices': 15}, 18.459405709058046)
[92mINFO [0m:      configure_evaluate: no clients selected, skipping evaluation
2026-07-09 03:10:18,873 | INFO | configure_evaluate: no clients selected, skipping evaluation
[92mINFO [0m:      
2026-07-09 03:10:18,873 | INFO | 
[92mINFO [0m:      [ROUND 3]
2026-07-09 03:10:18,873 | INFO | [ROUND 3]
[92mINFO [0m:      configure_fit: strategy sampled 24 clients (out of 24)
2026-07-09 03:10:18,874 | INFO | configure_fit: strategy sampled 24 clients (out of 24)
[92mINFO [0m:      aggregate_fit: received 24 results and 0 failures
2026-07-09 03:10:23,913 | INFO | aggregate_fit: received 24 results and 0 failures
[36m(pid=gcs_server)[0m [2026-07-09 03:10:25,599 E 2387384 2387384] (gcs_server) gcs_server.cc:302: Failed to establish connection to the event+metrics exporter agent. Events and metrics will not be exported. Exporter agent status: RpcError: Running out of retries to initialize the metrics agent. rpc_code: 14
[round=0003 method=vi] mean_acc=0.2437 mean_loss=2.1095 mc_acc=0.2438 mc_loss=2.1095 ece=0.0206 active_physical=15 virtual=12
[92mINFO [0m:      fit progress: (3, 2.109499649810791, {'accuracy': 0.2437, 'global_ece': 0.020575004947930575, 'selected_count': 15, 'active_physical_devices': 15}, 25.627578299492598)
2026-07-09 03:10:26,040 | INFO | fit progress: (3, 2.109499649810791, {'accuracy': 0.2437, 'global_ece': 0.020575004947930575, 'selected_count': 15, 'active_physical_devices': 15}, 25.627578299492598)
[92mINFO [0m:      configure_evaluate: no clients selected, skipping evaluation
2026-07-09 03:10:26,041 | INFO | configure_evaluate: no clients selected, skipping evaluation
[92mINFO [0m:      
2026-07-09 03:10:26,041 | INFO | 
[92mINFO [0m:      [ROUND 4]
2026-07-09 03:10:26,041 | INFO | [ROUND 4]
[92mINFO [0m:      configure_fit: strategy sampled 24 clients (out of 24)
2026-07-09 03:10:26,041 | INFO | configure_fit: strategy sampled 24 clients (out of 24)
[33m(raylet)[0m [2026-07-09 03:10:26,496 E 2387674 2387674] (raylet) main.cc:975: Failed to establish connection to the metrics exporter agent. Metrics will not be exported. Exporter agent status: RpcError: Running out of retries to initialize the metrics agent. rpc_code: 14
[36m(ClientAppActor pid=2387782)[0m [2026-07-09 03:10:27,005 E 2387782 2387947] core_worker_process.cc:825: Failed to establish connection to the metrics exporter agent. Metrics will not be exported. Exporter agent status: RpcError: Running out of retries to initialize the metrics agent. rpc_code: 14
[2026-07-09 03:10:27,441 E 2387037 2387781] core_worker_process.cc:825: Failed to establish connection to the metrics exporter agent. Metrics will not be exported. Exporter agent status: RpcError: Running out of retries to initialize the metrics agent. rpc_code: 14
[92mINFO [0m:      aggregate_fit: received 24 results and 0 failures
2026-07-09 03:10:31,171 | INFO | aggregate_fit: received 24 results and 0 failures
[round=0004 method=vi] mean_acc=0.2210 mean_loss=2.0146 mc_acc=0.2209 mc_loss=2.0146 ece=0.0993 active_physical=15 virtual=10
[92mINFO [0m:      fit progress: (4, 2.014574602508545, {'accuracy': 0.221, 'global_ece': 0.09928324465975165, 'selected_count': 15, 'active_physical_devices': 15}, 33.355304311960936)
2026-07-09 03:10:33,768 | INFO | fit progress: (4, 2.014574602508545, {'accuracy': 0.221, 'global_ece': 0.09928324465975165, 'selected_count': 15, 'active_physical_devices': 15}, 33.355304311960936)
[92mINFO [0m:      configure_evaluate: no clients selected, skipping evaluation
2026-07-09 03:10:33,768 | INFO | configure_evaluate: no clients selected, skipping evaluation
[92mINFO [0m:      
2026-07-09 03:10:33,769 | INFO | 
[92mINFO [0m:      [ROUND 5]
2026-07-09 03:10:33,769 | INFO | [ROUND 5]
[92mINFO [0m:      configure_fit: strategy sampled 24 clients (out of 24)
2026-07-09 03:10:33,770 | INFO | configure_fit: strategy sampled 24 clients (out of 24)
[92mINFO [0m:      aggregate_fit: received 24 results and 0 failures
2026-07-09 03:10:38,451 | INFO | aggregate_fit: received 24 results and 0 failures
[round=0005 method=vi] mean_acc=0.3609 mean_loss=1.8832 mc_acc=0.3610 mc_loss=1.8832 ece=0.1112 active_physical=15 virtual=13
[92mINFO [0m:      fit progress: (5, 1.8832021480560304, {'accuracy': 0.3609, 'global_ece': 0.11117614048868416, 'selected_count': 15, 'active_physical_devices': 15}, 40.20057535544038)
2026-07-09 03:10:40,613 | INFO | fit progress: (5, 1.8832021480560304, {'accuracy': 0.3609, 'global_ece': 0.11117614048868416, 'selected_count': 15, 'active_physical_devices': 15}, 40.20057535544038)
[92mINFO [0m:      configure_evaluate: no clients selected, skipping evaluation
2026-07-09 03:10:40,614 | INFO | configure_evaluate: no clients selected, skipping evaluation
[92mINFO [0m:      
2026-07-09 03:10:40,614 | INFO | 
[92mINFO [0m:      [ROUND 6]
2026-07-09 03:10:40,614 | INFO | [ROUND 6]
[92mINFO [0m:      configure_fit: strategy sampled 24 clients (out of 24)
2026-07-09 03:10:40,614 | INFO | configure_fit: strategy sampled 24 clients (out of 24)
[92mINFO [0m:      aggregate_fit: received 24 results and 0 failures
2026-07-09 03:10:45,577 | INFO | aggregate_fit: received 24 results and 0 failures
[round=0006 method=vi] mean_acc=0.4357 mean_loss=1.7840 mc_acc=0.4358 mc_loss=1.7840 ece=0.1921 active_physical=15 virtual=12
[92mINFO [0m:      fit progress: (6, 1.7840483633041382, {'accuracy': 0.4357, 'global_ece': 0.1921337778657675, 'selected_count': 15, 'active_physical_devices': 15}, 48.05171050876379)
2026-07-09 03:10:48,465 | INFO | fit progress: (6, 1.7840483633041382, {'accuracy': 0.4357, 'global_ece': 0.1921337778657675, 'selected_count': 15, 'active_physical_devices': 15}, 48.05171050876379)
[92mINFO [0m:      configure_evaluate: no clients selected, skipping evaluation
2026-07-09 03:10:48,465 | INFO | configure_evaluate: no clients selected, skipping evaluation
[92mINFO [0m:      
2026-07-09 03:10:48,465 | INFO | 
[92mINFO [0m:      [ROUND 7]
2026-07-09 03:10:48,465 | INFO | [ROUND 7]
[92mINFO [0m:      configure_fit: strategy sampled 24 clients (out of 24)
2026-07-09 03:10:48,466 | INFO | configure_fit: strategy sampled 24 clients (out of 24)
[92mINFO [0m:      aggregate_fit: received 24 results and 0 failures
2026-07-09 03:10:53,677 | INFO | aggregate_fit: received 24 results and 0 failures
[round=0007 method=vi] mean_acc=0.3777 mean_loss=1.7882 mc_acc=0.3777 mc_loss=1.7882 ece=0.1045 active_physical=15 virtual=10
[92mINFO [0m:      fit progress: (7, 1.7881568183898926, {'accuracy': 0.3777, 'global_ece': 0.10450452450960877, 'selected_count': 15, 'active_physical_devices': 15}, 55.9015824124217)
2026-07-09 03:10:56,314 | INFO | fit progress: (7, 1.7881568183898926, {'accuracy': 0.3777, 'global_ece': 0.10450452450960877, 'selected_count': 15, 'active_physical_devices': 15}, 55.9015824124217)
[92mINFO [0m:      configure_evaluate: no clients selected, skipping evaluation
2026-07-09 03:10:56,315 | INFO | configure_evaluate: no clients selected, skipping evaluation
[92mINFO [0m:      
2026-07-09 03:10:56,315 | INFO | 
[92mINFO [0m:      [ROUND 8]
2026-07-09 03:10:56,315 | INFO | [ROUND 8]
[92mINFO [0m:      configure_fit: strategy sampled 24 clients (out of 24)
2026-07-09 03:10:56,315 | INFO | configure_fit: strategy sampled 24 clients (out of 24)
[92mINFO [0m:      aggregate_fit: received 24 results and 0 failures
2026-07-09 03:11:01,330 | INFO | aggregate_fit: received 24 results and 0 failures
[round=0008 method=vi] mean_acc=0.5098 mean_loss=1.6185 mc_acc=0.5098 mc_loss=1.6185 ece=0.2348 active_physical=15 virtual=12
[92mINFO [0m:      fit progress: (8, 1.6185367811203002, {'accuracy': 0.5098, 'global_ece': 0.23480491314232352, 'selected_count': 15, 'active_physical_devices': 15}, 63.029822278767824)
2026-07-09 03:11:03,443 | INFO | fit progress: (8, 1.6185367811203002, {'accuracy': 0.5098, 'global_ece': 0.23480491314232352, 'selected_count': 15, 'active_physical_devices': 15}, 63.029822278767824)
[92mINFO [0m:      configure_evaluate: no clients selected, skipping evaluation
2026-07-09 03:11:03,443 | INFO | configure_evaluate: no clients selected, skipping evaluation
[92mINFO [0m:      
2026-07-09 03:11:03,443 | INFO | 
[92mINFO [0m:      [ROUND 9]
2026-07-09 03:11:03,443 | INFO | [ROUND 9]
[92mINFO [0m:      configure_fit: strategy sampled 24 clients (out of 24)
2026-07-09 03:11:03,444 | INFO | configure_fit: strategy sampled 24 clients (out of 24)
[92mINFO [0m:      aggregate_fit: received 24 results and 0 failures
2026-07-09 03:11:07,927 | INFO | aggregate_fit: received 24 results and 0 failures
[round=0009 method=vi] mean_acc=0.5949 mean_loss=1.5007 mc_acc=0.5947 mc_loss=1.5007 ece=0.2995 active_physical=15 virtual=10
[92mINFO [0m:      fit progress: (9, 1.5007238082885743, {'accuracy': 0.5949, 'global_ece': 0.29954142139554024, 'selected_count': 15, 'active_physical_devices': 15}, 70.22269130498171)
2026-07-09 03:11:10,636 | INFO | fit progress: (9, 1.5007238082885743, {'accuracy': 0.5949, 'global_ece': 0.29954142139554024, 'selected_count': 15, 'active_physical_devices': 15}, 70.22269130498171)
[92mINFO [0m:      configure_evaluate: no clients selected, skipping evaluation
2026-07-09 03:11:10,636 | INFO | configure_evaluate: no clients selected, skipping evaluation
[92mINFO [0m:      
2026-07-09 03:11:10,636 | INFO | 
[92mINFO [0m:      [ROUND 10]
2026-07-09 03:11:10,636 | INFO | [ROUND 10]
[92mINFO [0m:      configure_fit: strategy sampled 24 clients (out of 24)
2026-07-09 03:11:10,636 | INFO | configure_fit: strategy sampled 24 clients (out of 24)
[92mINFO [0m:      aggregate_fit: received 24 results and 0 failures
2026-07-09 03:11:16,277 | INFO | aggregate_fit: received 24 results and 0 failures
[round=0010 method=vi] mean_acc=0.6741 mean_loss=1.4206 mc_acc=0.6742 mc_loss=1.4206 ece=0.3582 active_physical=15 virtual=13
[92mINFO [0m:      fit progress: (10, 1.4205629554748536, {'accuracy': 0.6741, 'global_ece': 0.3581924753986299, 'selected_count': 15, 'active_physical_devices': 15}, 78.62430374696851)
2026-07-09 03:11:19,037 | INFO | fit progress: (10, 1.4205629554748536, {'accuracy': 0.6741, 'global_ece': 0.3581924753986299, 'selected_count': 15, 'active_physical_devices': 15}, 78.62430374696851)
[92mINFO [0m:      configure_evaluate: no clients selected, skipping evaluation
2026-07-09 03:11:19,037 | INFO | configure_evaluate: no clients selected, skipping evaluation
[92mINFO [0m:      
2026-07-09 03:11:19,037 | INFO | 
[92mINFO [0m:      [ROUND 11]
2026-07-09 03:11:19,037 | INFO | [ROUND 11]
[92mINFO [0m:      configure_fit: strategy sampled 24 clients (out of 24)
2026-07-09 03:11:19,038 | INFO | configure_fit: strategy sampled 24 clients (out of 24)
[92mINFO [0m:      aggregate_fit: received 24 results and 0 failures
2026-07-09 03:11:25,770 | INFO | aggregate_fit: received 24 results and 0 failures
[round=0011 method=vi] mean_acc=0.7010 mean_loss=1.3214 mc_acc=0.7011 mc_loss=1.3214 ece=0.3699 active_physical=15 virtual=15
[92mINFO [0m:      fit progress: (11, 1.3213761987686157, {'accuracy': 0.701, 'global_ece': 0.36992549587339163, 'selected_count': 15, 'active_physical_devices': 15}, 87.93908101320267)
2026-07-09 03:11:28,352 | INFO | fit progress: (11, 1.3213761987686157, {'accuracy': 0.701, 'global_ece': 0.36992549587339163, 'selected_count': 15, 'active_physical_devices': 15}, 87.93908101320267)
[92mINFO [0m:      configure_evaluate: no clients selected, skipping evaluation
2026-07-09 03:11:28,352 | INFO | configure_evaluate: no clients selected, skipping evaluation
[92mINFO [0m:      
2026-07-09 03:11:28,352 | INFO | 
[92mINFO [0m:      [ROUND 12]
2026-07-09 03:11:28,352 | INFO | [ROUND 12]
[92mINFO [0m:      configure_fit: strategy sampled 24 clients (out of 24)
2026-07-09 03:11:28,353 | INFO | configure_fit: strategy sampled 24 clients (out of 24)
[92mINFO [0m:      aggregate_fit: received 24 results and 0 failures
2026-07-09 03:11:33,170 | INFO | aggregate_fit: received 24 results and 0 failures
[round=0012 method=vi] mean_acc=0.6945 mean_loss=1.2505 mc_acc=0.6945 mc_loss=1.2505 ece=0.3160 active_physical=15 virtual=12
[92mINFO [0m:      fit progress: (12, 1.2505290161132812, {'accuracy': 0.6945, 'global_ece': 0.31597304770350454, 'selected_count': 15, 'active_physical_devices': 15}, 95.43525664508343)
2026-07-09 03:11:35,848 | INFO | fit progress: (12, 1.2505290161132812, {'accuracy': 0.6945, 'global_ece': 0.31597304770350454, 'selected_count': 15, 'active_physical_devices': 15}, 95.43525664508343)
[92mINFO [0m:      configure_evaluate: no clients selected, skipping evaluation
2026-07-09 03:11:35,848 | INFO | configure_evaluate: no clients selected, skipping evaluation
[92mINFO [0m:      
2026-07-09 03:11:35,848 | INFO | 
[92mINFO [0m:      [ROUND 13]
2026-07-09 03:11:35,849 | INFO | [ROUND 13]
[92mINFO [0m:      configure_fit: strategy sampled 24 clients (out of 24)
2026-07-09 03:11:35,849 | INFO | configure_fit: strategy sampled 24 clients (out of 24)
[92mINFO [0m:      aggregate_fit: received 24 results and 0 failures
2026-07-09 03:11:40,711 | INFO | aggregate_fit: received 24 results and 0 failures
[round=0013 method=vi] mean_acc=0.5966 mean_loss=1.2393 mc_acc=0.5966 mc_loss=1.2393 ece=0.1823 active_physical=15 virtual=14
[92mINFO [0m:      fit progress: (13, 1.2393153615951538, {'accuracy': 0.5966, 'global_ece': 0.18229564704298973, 'selected_count': 15, 'active_physical_devices': 15}, 102.45942278951406)
2026-07-09 03:11:42,872 | INFO | fit progress: (13, 1.2393153615951538, {'accuracy': 0.5966, 'global_ece': 0.18229564704298973, 'selected_count': 15, 'active_physical_devices': 15}, 102.45942278951406)
[92mINFO [0m:      configure_evaluate: no clients selected, skipping evaluation
2026-07-09 03:11:42,872 | INFO | configure_evaluate: no clients selected, skipping evaluation
[92mINFO [0m:      
2026-07-09 03:11:42,872 | INFO | 
[92mINFO [0m:      [ROUND 14]
2026-07-09 03:11:42,873 | INFO | [ROUND 14]
[92mINFO [0m:      configure_fit: strategy sampled 24 clients (out of 24)
2026-07-09 03:11:42,873 | INFO | configure_fit: strategy sampled 24 clients (out of 24)
[92mINFO [0m:      aggregate_fit: received 24 results and 0 failures
2026-07-09 03:11:46,883 | INFO | aggregate_fit: received 24 results and 0 failures
[round=0014 method=vi] mean_acc=0.6987 mean_loss=1.1877 mc_acc=0.6987 mc_loss=1.1877 ece=0.2887 active_physical=15 virtual=12
[92mINFO [0m:      fit progress: (14, 1.1876724472045899, {'accuracy': 0.6987, 'global_ece': 0.28871701530069116, 'selected_count': 15, 'active_physical_devices': 15}, 108.5397004596889)
2026-07-09 03:11:48,953 | INFO | fit progress: (14, 1.1876724472045899, {'accuracy': 0.6987, 'global_ece': 0.28871701530069116, 'selected_count': 15, 'active_physical_devices': 15}, 108.5397004596889)
[92mINFO [0m:      configure_evaluate: no clients selected, skipping evaluation
2026-07-09 03:11:48,953 | INFO | configure_evaluate: no clients selected, skipping evaluation
[92mINFO [0m:      
2026-07-09 03:11:48,953 | INFO | 
[92mINFO [0m:      [ROUND 15]
2026-07-09 03:11:48,953 | INFO | [ROUND 15]
[92mINFO [0m:      configure_fit: strategy sampled 24 clients (out of 24)
2026-07-09 03:11:48,953 | INFO | configure_fit: strategy sampled 24 clients (out of 24)
[92mINFO [0m:      aggregate_fit: received 24 results and 0 failures
2026-07-09 03:11:53,059 | INFO | aggregate_fit: received 24 results and 0 failures
[round=0015 method=vi] mean_acc=0.6560 mean_loss=1.2026 mc_acc=0.6560 mc_loss=1.2026 ece=0.2194 active_physical=15 virtual=13
[92mINFO [0m:      fit progress: (15, 1.2026441761016846, {'accuracy': 0.656, 'global_ece': 0.2194414818525314, 'selected_count': 15, 'active_physical_devices': 15}, 115.1665423028171)
2026-07-09 03:11:55,579 | INFO | fit progress: (15, 1.2026441761016846, {'accuracy': 0.656, 'global_ece': 0.2194414818525314, 'selected_count': 15, 'active_physical_devices': 15}, 115.1665423028171)
[92mINFO [0m:      configure_evaluate: no clients selected, skipping evaluation
2026-07-09 03:11:55,580 | INFO | configure_evaluate: no clients selected, skipping evaluation
[92mINFO [0m:      
2026-07-09 03:11:55,580 | INFO | 
[92mINFO [0m:      [ROUND 16]
2026-07-09 03:11:55,580 | INFO | [ROUND 16]
[92mINFO [0m:      configure_fit: strategy sampled 24 clients (out of 24)
2026-07-09 03:11:55,580 | INFO | configure_fit: strategy sampled 24 clients (out of 24)
[92mINFO [0m:      aggregate_fit: received 24 results and 0 failures
2026-07-09 03:12:00,125 | INFO | aggregate_fit: received 24 results and 0 failures
[round=0016 method=vi] mean_acc=0.6012 mean_loss=1.2282 mc_acc=0.6012 mc_loss=1.2282 ece=0.1567 active_physical=15 virtual=12
[92mINFO [0m:      fit progress: (16, 1.2281909839630127, {'accuracy': 0.6012, 'global_ece': 0.1567085852727294, 'selected_count': 15, 'active_physical_devices': 15}, 122.16396535560489)
2026-07-09 03:12:02,577 | INFO | fit progress: (16, 1.2281909839630127, {'accuracy': 0.6012, 'global_ece': 0.1567085852727294, 'selected_count': 15, 'active_physical_devices': 15}, 122.16396535560489)
[92mINFO [0m:      configure_evaluate: no clients selected, skipping evaluation
2026-07-09 03:12:02,577 | INFO | configure_evaluate: no clients selected, skipping evaluation
[92mINFO [0m:      
2026-07-09 03:12:02,577 | INFO | 
[92mINFO [0m:      [ROUND 17]
2026-07-09 03:12:02,577 | INFO | [ROUND 17]
[92mINFO [0m:      configure_fit: strategy sampled 24 clients (out of 24)
2026-07-09 03:12:02,578 | INFO | configure_fit: strategy sampled 24 clients (out of 24)
[92mINFO [0m:      aggregate_fit: received 24 results and 0 failures
2026-07-09 03:12:06,966 | INFO | aggregate_fit: received 24 results and 0 failures
[round=0017 method=vi] mean_acc=0.6918 mean_loss=1.0941 mc_acc=0.6919 mc_loss=1.0941 ece=0.2317 active_physical=15 virtual=12
[92mINFO [0m:      fit progress: (17, 1.0940913928985596, {'accuracy': 0.6918, 'global_ece': 0.23167472659051414, 'selected_count': 15, 'active_physical_devices': 15}, 128.65289402753115)
2026-07-09 03:12:09,066 | INFO | fit progress: (17, 1.0940913928985596, {'accuracy': 0.6918, 'global_ece': 0.23167472659051414, 'selected_count': 15, 'active_physical_devices': 15}, 128.65289402753115)
[92mINFO [0m:      configure_evaluate: no clients selected, skipping evaluation
2026-07-09 03:12:09,066 | INFO | configure_evaluate: no clients selected, skipping evaluation
[92mINFO [0m:      
2026-07-09 03:12:09,066 | INFO | 
[92mINFO [0m:      [ROUND 18]
2026-07-09 03:12:09,066 | INFO | [ROUND 18]
[92mINFO [0m:      configure_fit: strategy sampled 24 clients (out of 24)
2026-07-09 03:12:09,067 | INFO | configure_fit: strategy sampled 24 clients (out of 24)
[92mINFO [0m:      aggregate_fit: received 24 results and 0 failures
2026-07-09 03:12:12,970 | INFO | aggregate_fit: received 24 results and 0 failures
[round=0018 method=vi] mean_acc=0.7379 mean_loss=1.0400 mc_acc=0.7379 mc_loss=1.0400 ece=0.2619 active_physical=15 virtual=12
[92mINFO [0m:      fit progress: (18, 1.0400077255249023, {'accuracy': 0.7379, 'global_ece': 0.2618975185662508, 'selected_count': 15, 'active_physical_devices': 15}, 134.6354822255671)
2026-07-09 03:12:15,048 | INFO | fit progress: (18, 1.0400077255249023, {'accuracy': 0.7379, 'global_ece': 0.2618975185662508, 'selected_count': 15, 'active_physical_devices': 15}, 134.6354822255671)
[92mINFO [0m:      configure_evaluate: no clients selected, skipping evaluation
2026-07-09 03:12:15,048 | INFO | configure_evaluate: no clients selected, skipping evaluation
[92mINFO [0m:      
2026-07-09 03:12:15,049 | INFO | 
[92mINFO [0m:      [ROUND 19]
2026-07-09 03:12:15,049 | INFO | [ROUND 19]
[92mINFO [0m:      configure_fit: strategy sampled 24 clients (out of 24)
2026-07-09 03:12:15,049 | INFO | configure_fit: strategy sampled 24 clients (out of 24)
[92mINFO [0m:      aggregate_fit: received 24 results and 0 failures
2026-07-09 03:12:19,798 | INFO | aggregate_fit: received 24 results and 0 failures
[round=0019 method=vi] mean_acc=0.6870 mean_loss=1.0423 mc_acc=0.6871 mc_loss=1.0423 ece=0.1964 active_physical=15 virtual=10
[92mINFO [0m:      fit progress: (19, 1.0422707559585571, {'accuracy': 0.687, 'global_ece': 0.19643193829655645, 'selected_count': 15, 'active_physical_devices': 15}, 141.99533158913255)
2026-07-09 03:12:22,408 | INFO | fit progress: (19, 1.0422707559585571, {'accuracy': 0.687, 'global_ece': 0.19643193829655645, 'selected_count': 15, 'active_physical_devices': 15}, 141.99533158913255)
[92mINFO [0m:      configure_evaluate: no clients selected, skipping evaluation
2026-07-09 03:12:22,408 | INFO | configure_evaluate: no clients selected, skipping evaluation
[92mINFO [0m:      
2026-07-09 03:12:22,408 | INFO | 
[92mINFO [0m:      [ROUND 20]
2026-07-09 03:12:22,408 | INFO | [ROUND 20]
[92mINFO [0m:      configure_fit: strategy sampled 24 clients (out of 24)
2026-07-09 03:12:22,409 | INFO | configure_fit: strategy sampled 24 clients (out of 24)
[92mINFO [0m:      aggregate_fit: received 24 results and 0 failures
2026-07-09 03:12:27,445 | INFO | aggregate_fit: received 24 results and 0 failures
[round=0020 method=vi] mean_acc=0.7158 mean_loss=0.9932 mc_acc=0.7160 mc_loss=0.9932 ece=0.2162 active_physical=15 virtual=12
[92mINFO [0m:      fit progress: (20, 0.993176291847229, {'accuracy': 0.7158, 'global_ece': 0.21618942924737936, 'selected_count': 15, 'active_physical_devices': 15}, 149.18264573067427)
2026-07-09 03:12:29,595 | INFO | fit progress: (20, 0.993176291847229, {'accuracy': 0.7158, 'global_ece': 0.21618942924737936, 'selected_count': 15, 'active_physical_devices': 15}, 149.18264573067427)
[92mINFO [0m:      configure_evaluate: no clients selected, skipping evaluation
2026-07-09 03:12:29,596 | INFO | configure_evaluate: no clients selected, skipping evaluation
[92mINFO [0m:      
2026-07-09 03:12:29,596 | INFO | 
[92mINFO [0m:      [ROUND 21]
2026-07-09 03:12:29,596 | INFO | [ROUND 21]
[92mINFO [0m:      configure_fit: strategy sampled 24 clients (out of 24)
2026-07-09 03:12:29,596 | INFO | configure_fit: strategy sampled 24 clients (out of 24)
[92mINFO [0m:      aggregate_fit: received 24 results and 0 failures
2026-07-09 03:12:34,808 | INFO | aggregate_fit: received 24 results and 0 failures
[round=0021 method=vi] mean_acc=0.7735 mean_loss=0.9165 mc_acc=0.7737 mc_loss=0.9165 ece=0.2583 active_physical=15 virtual=10
[92mINFO [0m:      fit progress: (21, 0.9164699807167053, {'accuracy': 0.7735, 'global_ece': 0.258262254421413, 'selected_count': 15, 'active_physical_devices': 15}, 156.97854440286756)
2026-07-09 03:12:37,391 | INFO | fit progress: (21, 0.9164699807167053, {'accuracy': 0.7735, 'global_ece': 0.258262254421413, 'selected_count': 15, 'active_physical_devices': 15}, 156.97854440286756)
[92mINFO [0m:      configure_evaluate: no clients selected, skipping evaluation
2026-07-09 03:12:37,392 | INFO | configure_evaluate: no clients selected, skipping evaluation
[92mINFO [0m:      
2026-07-09 03:12:37,392 | INFO | 
[92mINFO [0m:      [ROUND 22]
2026-07-09 03:12:37,392 | INFO | [ROUND 22]
[92mINFO [0m:      configure_fit: strategy sampled 24 clients (out of 24)
2026-07-09 03:12:37,392 | INFO | configure_fit: strategy sampled 24 clients (out of 24)
[92mINFO [0m:      aggregate_fit: received 24 results and 0 failures
2026-07-09 03:12:41,157 | INFO | aggregate_fit: received 24 results and 0 failures
[round=0022 method=vi] mean_acc=0.7625 mean_loss=0.8731 mc_acc=0.7626 mc_loss=0.8731 ece=0.2159 active_physical=15 virtual=12
[92mINFO [0m:      fit progress: (22, 0.8730991347312927, {'accuracy': 0.7625, 'global_ece': 0.21591096731275322, 'selected_count': 15, 'active_physical_devices': 15}, 162.83729844912887)
2026-07-09 03:12:43,250 | INFO | fit progress: (22, 0.8730991347312927, {'accuracy': 0.7625, 'global_ece': 0.21591096731275322, 'selected_count': 15, 'active_physical_devices': 15}, 162.83729844912887)
[92mINFO [0m:      configure_evaluate: no clients selected, skipping evaluation
2026-07-09 03:12:43,250 | INFO | configure_evaluate: no clients selected, skipping evaluation
[92mINFO [0m:      
2026-07-09 03:12:43,250 | INFO | 
[92mINFO [0m:      [ROUND 23]
2026-07-09 03:12:43,250 | INFO | [ROUND 23]
[92mINFO [0m:      configure_fit: strategy sampled 24 clients (out of 24)
2026-07-09 03:12:43,251 | INFO | configure_fit: strategy sampled 24 clients (out of 24)
[92mINFO [0m:      aggregate_fit: received 24 results and 0 failures
2026-07-09 03:12:47,065 | INFO | aggregate_fit: received 24 results and 0 failures
[round=0023 method=vi] mean_acc=0.7602 mean_loss=0.8849 mc_acc=0.7603 mc_loss=0.8849 ece=0.2084 active_physical=15 virtual=10
[92mINFO [0m:      fit progress: (23, 0.8849238034248352, {'accuracy': 0.7602, 'global_ece': 0.20842387631982567, 'selected_count': 15, 'active_physical_devices': 15}, 169.09759677946568)
2026-07-09 03:12:49,510 | INFO | fit progress: (23, 0.8849238034248352, {'accuracy': 0.7602, 'global_ece': 0.20842387631982567, 'selected_count': 15, 'active_physical_devices': 15}, 169.09759677946568)
[92mINFO [0m:      configure_evaluate: no clients selected, skipping evaluation
2026-07-09 03:12:49,511 | INFO | configure_evaluate: no clients selected, skipping evaluation
[92mINFO [0m:      
2026-07-09 03:12:49,511 | INFO | 
[92mINFO [0m:      [ROUND 24]
2026-07-09 03:12:49,511 | INFO | [ROUND 24]
[92mINFO [0m:      configure_fit: strategy sampled 24 clients (out of 24)
2026-07-09 03:12:49,511 | INFO | configure_fit: strategy sampled 24 clients (out of 24)
[92mINFO [0m:      aggregate_fit: received 24 results and 0 failures
2026-07-09 03:12:55,286 | INFO | aggregate_fit: received 24 results and 0 failures
[round=0024 method=vi] mean_acc=0.7113 mean_loss=0.9110 mc_acc=0.7113 mc_loss=0.9110 ece=0.1202 active_physical=15 virtual=14
[92mINFO [0m:      fit progress: (24, 0.9109788475990296, {'accuracy': 0.7113, 'global_ece': 0.12018041021078826, 'selected_count': 15, 'active_physical_devices': 15}, 177.56520838290453)
2026-07-09 03:12:57,978 | INFO | fit progress: (24, 0.9109788475990296, {'accuracy': 0.7113, 'global_ece': 0.12018041021078826, 'selected_count': 15, 'active_physical_devices': 15}, 177.56520838290453)
[92mINFO [0m:      configure_evaluate: no clients selected, skipping evaluation
2026-07-09 03:12:57,978 | INFO | configure_evaluate: no clients selected, skipping evaluation
[92mINFO [0m:      
2026-07-09 03:12:57,978 | INFO | 
[92mINFO [0m:      [ROUND 25]
2026-07-09 03:12:57,978 | INFO | [ROUND 25]
[92mINFO [0m:      configure_fit: strategy sampled 24 clients (out of 24)
2026-07-09 03:12:57,979 | INFO | configure_fit: strategy sampled 24 clients (out of 24)
[92mINFO [0m:      aggregate_fit: received 24 results and 0 failures
2026-07-09 03:13:02,709 | INFO | aggregate_fit: received 24 results and 0 failures
[round=0025 method=vi] mean_acc=0.7364 mean_loss=0.8717 mc_acc=0.7364 mc_loss=0.8717 ece=0.1410 active_physical=15 virtual=13
[92mINFO [0m:      fit progress: (25, 0.8716666382789612, {'accuracy': 0.7364, 'global_ece': 0.14102919657230376, 'selected_count': 15, 'active_physical_devices': 15}, 184.47568067535758)
2026-07-09 03:13:04,889 | INFO | fit progress: (25, 0.8716666382789612, {'accuracy': 0.7364, 'global_ece': 0.14102919657230376, 'selected_count': 15, 'active_physical_devices': 15}, 184.47568067535758)
[92mINFO [0m:      configure_evaluate: no clients selected, skipping evaluation
2026-07-09 03:13:04,889 | INFO | configure_evaluate: no clients selected, skipping evaluation
[92mINFO [0m:      
2026-07-09 03:13:04,889 | INFO | 
[92mINFO [0m:      [ROUND 26]
2026-07-09 03:13:04,889 | INFO | [ROUND 26]
[92mINFO [0m:      configure_fit: strategy sampled 24 clients (out of 24)
2026-07-09 03:13:04,889 | INFO | configure_fit: strategy sampled 24 clients (out of 24)
[92mINFO [0m:      aggregate_fit: received 24 results and 0 failures
2026-07-09 03:13:08,943 | INFO | aggregate_fit: received 24 results and 0 failures
[round=0026 method=vi] mean_acc=0.7442 mean_loss=0.8280 mc_acc=0.7442 mc_loss=0.8281 ece=0.1401 active_physical=15 virtual=11
[92mINFO [0m:      fit progress: (26, 0.8280458527565002, {'accuracy': 0.7442, 'global_ece': 0.14006660423725845, 'selected_count': 15, 'active_physical_devices': 15}, 191.26287269964814)
2026-07-09 03:13:11,676 | INFO | fit progress: (26, 0.8280458527565002, {'accuracy': 0.7442, 'global_ece': 0.14006660423725845, 'selected_count': 15, 'active_physical_devices': 15}, 191.26287269964814)
[92mINFO [0m:      configure_evaluate: no clients selected, skipping evaluation
2026-07-09 03:13:11,676 | INFO | configure_evaluate: no clients selected, skipping evaluation
[92mINFO [0m:      
2026-07-09 03:13:11,676 | INFO | 
[92mINFO [0m:      [ROUND 27]
2026-07-09 03:13:11,676 | INFO | [ROUND 27]
[92mINFO [0m:      configure_fit: strategy sampled 24 clients (out of 24)
2026-07-09 03:13:11,677 | INFO | configure_fit: strategy sampled 24 clients (out of 24)
[92mINFO [0m:      aggregate_fit: received 24 results and 0 failures
2026-07-09 03:13:16,620 | INFO | aggregate_fit: received 24 results and 0 failures
[round=0027 method=vi] mean_acc=0.7037 mean_loss=0.8738 mc_acc=0.7037 mc_loss=0.8738 ece=0.0708 active_physical=15 virtual=10
[92mINFO [0m:      fit progress: (27, 0.8737837553977966, {'accuracy': 0.7037, 'global_ece': 0.07076643768399954, 'selected_count': 15, 'active_physical_devices': 15}, 198.6675620265305)
2026-07-09 03:13:19,080 | INFO | fit progress: (27, 0.8737837553977966, {'accuracy': 0.7037, 'global_ece': 0.07076643768399954, 'selected_count': 15, 'active_physical_devices': 15}, 198.6675620265305)
[92mINFO [0m:      configure_evaluate: no clients selected, skipping evaluation
2026-07-09 03:13:19,081 | INFO | configure_evaluate: no clients selected, skipping evaluation
[92mINFO [0m:      
2026-07-09 03:13:19,081 | INFO | 
[92mINFO [0m:      [ROUND 28]
2026-07-09 03:13:19,081 | INFO | [ROUND 28]
[92mINFO [0m:      configure_fit: strategy sampled 24 clients (out of 24)
2026-07-09 03:13:19,081 | INFO | configure_fit: strategy sampled 24 clients (out of 24)
[92mINFO [0m:      aggregate_fit: received 24 results and 0 failures
2026-07-09 03:13:23,656 | INFO | aggregate_fit: received 24 results and 0 failures
[round=0028 method=vi] mean_acc=0.6989 mean_loss=0.8787 mc_acc=0.6988 mc_loss=0.8787 ece=0.0908 active_physical=15 virtual=11
[92mINFO [0m:      fit progress: (28, 0.8787083852767944, {'accuracy': 0.6989, 'global_ece': 0.09079435606151821, 'selected_count': 15, 'active_physical_devices': 15}, 205.83199958130717)
2026-07-09 03:13:26,245 | INFO | fit progress: (28, 0.8787083852767944, {'accuracy': 0.6989, 'global_ece': 0.09079435606151821, 'selected_count': 15, 'active_physical_devices': 15}, 205.83199958130717)
[92mINFO [0m:      configure_evaluate: no clients selected, skipping evaluation
2026-07-09 03:13:26,245 | INFO | configure_evaluate: no clients selected, skipping evaluation
[92mINFO [0m:      
2026-07-09 03:13:26,245 | INFO | 
[92mINFO [0m:      [ROUND 29]
2026-07-09 03:13:26,245 | INFO | [ROUND 29]
[92mINFO [0m:      configure_fit: strategy sampled 24 clients (out of 24)
2026-07-09 03:13:26,246 | INFO | configure_fit: strategy sampled 24 clients (out of 24)
[92mINFO [0m:      aggregate_fit: received 24 results and 0 failures
2026-07-09 03:13:31,013 | INFO | aggregate_fit: received 24 results and 0 failures
[round=0029 method=vi] mean_acc=0.7119 mean_loss=0.8794 mc_acc=0.7120 mc_loss=0.8794 ece=0.0981 active_physical=15 virtual=10
[92mINFO [0m:      fit progress: (29, 0.8793579626083374, {'accuracy': 0.7119, 'global_ece': 0.09805933097898963, 'selected_count': 15, 'active_physical_devices': 15}, 213.15451606363058)
2026-07-09 03:13:33,567 | INFO | fit progress: (29, 0.8793579626083374, {'accuracy': 0.7119, 'global_ece': 0.09805933097898963, 'selected_count': 15, 'active_physical_devices': 15}, 213.15451606363058)
[92mINFO [0m:      configure_evaluate: no clients selected, skipping evaluation
2026-07-09 03:13:33,568 | INFO | configure_evaluate: no clients selected, skipping evaluation
[92mINFO [0m:      
2026-07-09 03:13:33,568 | INFO | 
[92mINFO [0m:      [ROUND 30]
2026-07-09 03:13:33,568 | INFO | [ROUND 30]
[92mINFO [0m:      configure_fit: strategy sampled 24 clients (out of 24)
2026-07-09 03:13:33,568 | INFO | configure_fit: strategy sampled 24 clients (out of 24)
[92mINFO [0m:      aggregate_fit: received 24 results and 0 failures
2026-07-09 03:13:38,035 | INFO | aggregate_fit: received 24 results and 0 failures
[round=0030 method=vi] mean_acc=0.7086 mean_loss=0.8523 mc_acc=0.7085 mc_loss=0.8523 ece=0.0777 active_physical=15 virtual=13
[92mINFO [0m:      fit progress: (30, 0.8523285520553588, {'accuracy': 0.7086, 'global_ece': 0.07769743661433459, 'selected_count': 15, 'active_physical_devices': 15}, 220.46022441983223)
2026-07-09 03:13:40,873 | INFO | fit progress: (30, 0.8523285520553588, {'accuracy': 0.7086, 'global_ece': 0.07769743661433459, 'selected_count': 15, 'active_physical_devices': 15}, 220.46022441983223)
[92mINFO [0m:      configure_evaluate: no clients selected, skipping evaluation
2026-07-09 03:13:40,873 | INFO | configure_evaluate: no clients selected, skipping evaluation
[92mINFO [0m:      
2026-07-09 03:13:40,873 | INFO | 
[92mINFO [0m:      [ROUND 31]
2026-07-09 03:13:40,873 | INFO | [ROUND 31]
[92mINFO [0m:      configure_fit: strategy sampled 24 clients (out of 24)
2026-07-09 03:13:40,874 | INFO | configure_fit: strategy sampled 24 clients (out of 24)
[92mINFO [0m:      aggregate_fit: received 24 results and 0 failures
2026-07-09 03:13:46,268 | INFO | aggregate_fit: received 24 results and 0 failures
[round=0031 method=vi] mean_acc=0.7124 mean_loss=0.8142 mc_acc=0.7125 mc_loss=0.8142 ece=0.0728 active_physical=15 virtual=11
[92mINFO [0m:      fit progress: (31, 0.8142273736000061, {'accuracy': 0.7124, 'global_ece': 0.0728071945309639, 'selected_count': 15, 'active_physical_devices': 15}, 227.99302339181304)
2026-07-09 03:13:48,406 | INFO | fit progress: (31, 0.8142273736000061, {'accuracy': 0.7124, 'global_ece': 0.0728071945309639, 'selected_count': 15, 'active_physical_devices': 15}, 227.99302339181304)
[92mINFO [0m:      configure_evaluate: no clients selected, skipping evaluation
2026-07-09 03:13:48,406 | INFO | configure_evaluate: no clients selected, skipping evaluation
[92mINFO [0m:      
2026-07-09 03:13:48,406 | INFO | 
[92mINFO [0m:      [ROUND 32]
2026-07-09 03:13:48,406 | INFO | [ROUND 32]
[92mINFO [0m:      configure_fit: strategy sampled 24 clients (out of 24)
2026-07-09 03:13:48,407 | INFO | configure_fit: strategy sampled 24 clients (out of 24)
[92mINFO [0m:      aggregate_fit: received 24 results and 0 failures
2026-07-09 03:13:54,478 | INFO | aggregate_fit: received 24 results and 0 failures
[round=0032 method=vi] mean_acc=0.7917 mean_loss=0.7113 mc_acc=0.7917 mc_loss=0.7113 ece=0.1454 active_physical=15 virtual=12
[92mINFO [0m:      fit progress: (32, 0.7112891280651092, {'accuracy': 0.7917, 'global_ece': 0.14535351189970974, 'selected_count': 15, 'active_physical_devices': 15}, 236.8183303438127)
2026-07-09 03:13:57,231 | INFO | fit progress: (32, 0.7112891280651092, {'accuracy': 0.7917, 'global_ece': 0.14535351189970974, 'selected_count': 15, 'active_physical_devices': 15}, 236.8183303438127)
[92mINFO [0m:      configure_evaluate: no clients selected, skipping evaluation
2026-07-09 03:13:57,231 | INFO | configure_evaluate: no clients selected, skipping evaluation
[92mINFO [0m:      
2026-07-09 03:13:57,231 | INFO | 
[92mINFO [0m:      [ROUND 33]
2026-07-09 03:13:57,231 | INFO | [ROUND 33]
[92mINFO [0m:      configure_fit: strategy sampled 24 clients (out of 24)
2026-07-09 03:13:57,232 | INFO | configure_fit: strategy sampled 24 clients (out of 24)
[92mINFO [0m:      aggregate_fit: received 24 results and 0 failures
2026-07-09 03:14:03,917 | INFO | aggregate_fit: received 24 results and 0 failures
[round=0033 method=vi] mean_acc=0.7894 mean_loss=0.7083 mc_acc=0.7893 mc_loss=0.7084 ece=0.1271 active_physical=15 virtual=12
[92mINFO [0m:      fit progress: (33, 0.7083418229103088, {'accuracy': 0.7894, 'global_ece': 0.12714787614494563, 'selected_count': 15, 'active_physical_devices': 15}, 246.22347713261843)
2026-07-09 03:14:06,636 | INFO | fit progress: (33, 0.7083418229103088, {'accuracy': 0.7894, 'global_ece': 0.12714787614494563, 'selected_count': 15, 'active_physical_devices': 15}, 246.22347713261843)
[92mINFO [0m:      configure_evaluate: no clients selected, skipping evaluation
2026-07-09 03:14:06,637 | INFO | configure_evaluate: no clients selected, skipping evaluation
[92mINFO [0m:      
2026-07-09 03:14:06,637 | INFO | 
[92mINFO [0m:      [ROUND 34]
2026-07-09 03:14:06,637 | INFO | [ROUND 34]
[92mINFO [0m:      configure_fit: strategy sampled 24 clients (out of 24)
2026-07-09 03:14:06,637 | INFO | configure_fit: strategy sampled 24 clients (out of 24)
[92mINFO [0m:      aggregate_fit: received 24 results and 0 failures
2026-07-09 03:14:15,436 | INFO | aggregate_fit: received 24 results and 0 failures
[round=0034 method=vi] mean_acc=0.7915 mean_loss=0.6980 mc_acc=0.7915 mc_loss=0.6980 ece=0.1188 active_physical=15 virtual=14
[92mINFO [0m:      fit progress: (34, 0.6980205190658569, {'accuracy': 0.7915, 'global_ece': 0.11880906247496607, 'selected_count': 15, 'active_physical_devices': 15}, 257.7132807672024)
2026-07-09 03:14:18,126 | INFO | fit progress: (34, 0.6980205190658569, {'accuracy': 0.7915, 'global_ece': 0.11880906247496607, 'selected_count': 15, 'active_physical_devices': 15}, 257.7132807672024)
[92mINFO [0m:      configure_evaluate: no clients selected, skipping evaluation
2026-07-09 03:14:18,126 | INFO | configure_evaluate: no clients selected, skipping evaluation
[92mINFO [0m:      
2026-07-09 03:14:18,126 | INFO | 
[92mINFO [0m:      [ROUND 35]
2026-07-09 03:14:18,126 | INFO | [ROUND 35]
[92mINFO [0m:      configure_fit: strategy sampled 24 clients (out of 24)
2026-07-09 03:14:18,127 | INFO | configure_fit: strategy sampled 24 clients (out of 24)
[92mINFO [0m:      aggregate_fit: received 24 results and 0 failures
2026-07-09 03:14:22,947 | INFO | aggregate_fit: received 24 results and 0 failures
[round=0035 method=vi] mean_acc=0.7524 mean_loss=0.7388 mc_acc=0.7525 mc_loss=0.7388 ece=0.0716 active_physical=15 virtual=11
[92mINFO [0m:      fit progress: (35, 0.7387802493095398, {'accuracy': 0.7524, 'global_ece': 0.07155354634821413, 'selected_count': 15, 'active_physical_devices': 15}, 265.66635470092297)
2026-07-09 03:14:26,079 | INFO | fit progress: (35, 0.7387802493095398, {'accuracy': 0.7524, 'global_ece': 0.07155354634821413, 'selected_count': 15, 'active_physical_devices': 15}, 265.66635470092297)
[92mINFO [0m:      configure_evaluate: no clients selected, skipping evaluation
2026-07-09 03:14:26,079 | INFO | configure_evaluate: no clients selected, skipping evaluation
[92mINFO [0m:      
2026-07-09 03:14:26,080 | INFO | 
[92mINFO [0m:      [ROUND 36]
2026-07-09 03:14:26,080 | INFO | [ROUND 36]
[92mINFO [0m:      configure_fit: strategy sampled 24 clients (out of 24)
2026-07-09 03:14:26,080 | INFO | configure_fit: strategy sampled 24 clients (out of 24)
[92mINFO [0m:      aggregate_fit: received 24 results and 0 failures
2026-07-09 03:14:30,882 | INFO | aggregate_fit: received 24 results and 0 failures
[round=0036 method=vi] mean_acc=0.8493 mean_loss=0.5824 mc_acc=0.8494 mc_loss=0.5824 ece=0.1549 active_physical=15 virtual=11
[92mINFO [0m:      fit progress: (36, 0.5823998838424682, {'accuracy': 0.8493, 'global_ece': 0.15487499189823864, 'selected_count': 15, 'active_physical_devices': 15}, 273.20549919083714)
2026-07-09 03:14:33,618 | INFO | fit progress: (36, 0.5823998838424682, {'accuracy': 0.8493, 'global_ece': 0.15487499189823864, 'selected_count': 15, 'active_physical_devices': 15}, 273.20549919083714)
[92mINFO [0m:      configure_evaluate: no clients selected, skipping evaluation
2026-07-09 03:14:33,619 | INFO | configure_evaluate: no clients selected, skipping evaluation
[92mINFO [0m:      
2026-07-09 03:14:33,619 | INFO | 
[92mINFO [0m:      [ROUND 37]
2026-07-09 03:14:33,619 | INFO | [ROUND 37]
[92mINFO [0m:      configure_fit: strategy sampled 24 clients (out of 24)
2026-07-09 03:14:33,619 | INFO | configure_fit: strategy sampled 24 clients (out of 24)
[92mINFO [0m:      aggregate_fit: received 24 results and 0 failures
2026-07-09 03:14:40,886 | INFO | aggregate_fit: received 24 results and 0 failures
[round=0037 method=vi] mean_acc=0.8387 mean_loss=0.5898 mc_acc=0.8387 mc_loss=0.5898 ece=0.1418 active_physical=15 virtual=11
[92mINFO [0m:      fit progress: (37, 0.5897553170681, {'accuracy': 0.8387, 'global_ece': 0.14182930348217487, 'selected_count': 15, 'active_physical_devices': 15}, 283.1301294527948)
2026-07-09 03:14:43,543 | INFO | fit progress: (37, 0.5897553170681, {'accuracy': 0.8387, 'global_ece': 0.14182930348217487, 'selected_count': 15, 'active_physical_devices': 15}, 283.1301294527948)
[92mINFO [0m:      configure_evaluate: no clients selected, skipping evaluation
2026-07-09 03:14:43,543 | INFO | configure_evaluate: no clients selected, skipping evaluation
[92mINFO [0m:      
2026-07-09 03:14:43,543 | INFO | 
[92mINFO [0m:      [ROUND 38]
2026-07-09 03:14:43,543 | INFO | [ROUND 38]
[92mINFO [0m:      configure_fit: strategy sampled 24 clients (out of 24)
2026-07-09 03:14:43,544 | INFO | configure_fit: strategy sampled 24 clients (out of 24)
[92mINFO [0m:      aggregate_fit: received 24 results and 0 failures
2026-07-09 03:14:50,520 | INFO | aggregate_fit: received 24 results and 0 failures
[round=0038 method=vi] mean_acc=0.7802 mean_loss=0.6501 mc_acc=0.7800 mc_loss=0.6501 ece=0.0759 active_physical=15 virtual=12
[92mINFO [0m:      fit progress: (38, 0.6500727690696716, {'accuracy': 0.7802, 'global_ece': 0.07592256023138762, 'selected_count': 15, 'active_physical_devices': 15}, 293.051535140723)
2026-07-09 03:14:53,464 | INFO | fit progress: (38, 0.6500727690696716, {'accuracy': 0.7802, 'global_ece': 0.07592256023138762, 'selected_count': 15, 'active_physical_devices': 15}, 293.051535140723)
[92mINFO [0m:      configure_evaluate: no clients selected, skipping evaluation
2026-07-09 03:14:53,465 | INFO | configure_evaluate: no clients selected, skipping evaluation
[92mINFO [0m:      
2026-07-09 03:14:53,465 | INFO | 
[92mINFO [0m:      [ROUND 39]
2026-07-09 03:14:53,465 | INFO | [ROUND 39]
[92mINFO [0m:      configure_fit: strategy sampled 24 clients (out of 24)
2026-07-09 03:14:53,465 | INFO | configure_fit: strategy sampled 24 clients (out of 24)
[92mINFO [0m:      aggregate_fit: received 24 results and 0 failures
2026-07-09 03:15:00,309 | INFO | aggregate_fit: received 24 results and 0 failures
[round=0039 method=vi] mean_acc=0.8140 mean_loss=0.6036 mc_acc=0.8140 mc_loss=0.6036 ece=0.1096 active_physical=15 virtual=11
[92mINFO [0m:      fit progress: (39, 0.6035677095890045, {'accuracy': 0.814, 'global_ece': 0.10961413490325214, 'selected_count': 15, 'active_physical_devices': 15}, 302.8518767505884)
2026-07-09 03:15:03,265 | INFO | fit progress: (39, 0.6035677095890045, {'accuracy': 0.814, 'global_ece': 0.10961413490325214, 'selected_count': 15, 'active_physical_devices': 15}, 302.8518767505884)
[92mINFO [0m:      configure_evaluate: no clients selected, skipping evaluation
2026-07-09 03:15:03,265 | INFO | configure_evaluate: no clients selected, skipping evaluation
[92mINFO [0m:      
2026-07-09 03:15:03,265 | INFO | 
[92mINFO [0m:      [ROUND 40]
2026-07-09 03:15:03,265 | INFO | [ROUND 40]
[92mINFO [0m:      configure_fit: strategy sampled 24 clients (out of 24)
2026-07-09 03:15:03,266 | INFO | configure_fit: strategy sampled 24 clients (out of 24)
[92mINFO [0m:      aggregate_fit: received 24 results and 0 failures
2026-07-09 03:15:09,061 | INFO | aggregate_fit: received 24 results and 0 failures
[round=0040 method=vi] mean_acc=0.8268 mean_loss=0.5723 mc_acc=0.8269 mc_loss=0.5723 ece=0.1040 active_physical=15 virtual=11
[92mINFO [0m:      fit progress: (40, 0.572344732093811, {'accuracy': 0.8268, 'global_ece': 0.10404985577166084, 'selected_count': 15, 'active_physical_devices': 15}, 310.8870808854699)
2026-07-09 03:15:11,300 | INFO | fit progress: (40, 0.572344732093811, {'accuracy': 0.8268, 'global_ece': 0.10404985577166084, 'selected_count': 15, 'active_physical_devices': 15}, 310.8870808854699)
[92mINFO [0m:      configure_evaluate: no clients selected, skipping evaluation
2026-07-09 03:15:11,300 | INFO | configure_evaluate: no clients selected, skipping evaluation
[92mINFO [0m:      
2026-07-09 03:15:11,300 | INFO | 
[92mINFO [0m:      [ROUND 41]
2026-07-09 03:15:11,300 | INFO | [ROUND 41]
[92mINFO [0m:      configure_fit: strategy sampled 24 clients (out of 24)
2026-07-09 03:15:11,301 | INFO | configure_fit: strategy sampled 24 clients (out of 24)
[92mINFO [0m:      aggregate_fit: received 24 results and 0 failures
2026-07-09 03:15:16,693 | INFO | aggregate_fit: received 24 results and 0 failures
[round=0041 method=vi] mean_acc=0.8245 mean_loss=0.5836 mc_acc=0.8245 mc_loss=0.5836 ece=0.0964 active_physical=15 virtual=11
[92mINFO [0m:      fit progress: (41, 0.5835742255210876, {'accuracy': 0.8245, 'global_ece': 0.09637840199470521, 'selected_count': 15, 'active_physical_devices': 15}, 318.9583049528301)
2026-07-09 03:15:19,371 | INFO | fit progress: (41, 0.5835742255210876, {'accuracy': 0.8245, 'global_ece': 0.09637840199470521, 'selected_count': 15, 'active_physical_devices': 15}, 318.9583049528301)
[92mINFO [0m:      configure_evaluate: no clients selected, skipping evaluation
2026-07-09 03:15:19,371 | INFO | configure_evaluate: no clients selected, skipping evaluation
[92mINFO [0m:      
2026-07-09 03:15:19,372 | INFO | 
[92mINFO [0m:      [ROUND 42]
2026-07-09 03:15:19,372 | INFO | [ROUND 42]
[92mINFO [0m:      configure_fit: strategy sampled 24 clients (out of 24)
2026-07-09 03:15:19,372 | INFO | configure_fit: strategy sampled 24 clients (out of 24)
[92mINFO [0m:      aggregate_fit: received 24 results and 0 failures
2026-07-09 03:15:24,118 | INFO | aggregate_fit: received 24 results and 0 failures
[round=0042 method=vi] mean_acc=0.7949 mean_loss=0.5974 mc_acc=0.7947 mc_loss=0.5974 ece=0.0538 active_physical=15 virtual=11
[92mINFO [0m:      fit progress: (42, 0.5974275937080383, {'accuracy': 0.7949, 'global_ece': 0.05383802057802675, 'selected_count': 15, 'active_physical_devices': 15}, 326.43138836696744)
2026-07-09 03:15:26,844 | INFO | fit progress: (42, 0.5974275937080383, {'accuracy': 0.7949, 'global_ece': 0.05383802057802675, 'selected_count': 15, 'active_physical_devices': 15}, 326.43138836696744)
[92mINFO [0m:      configure_evaluate: no clients selected, skipping evaluation
2026-07-09 03:15:26,844 | INFO | configure_evaluate: no clients selected, skipping evaluation
[92mINFO [0m:      
2026-07-09 03:15:26,844 | INFO | 
[92mINFO [0m:      [ROUND 43]
2026-07-09 03:15:26,845 | INFO | [ROUND 43]
[92mINFO [0m:      configure_fit: strategy sampled 24 clients (out of 24)
2026-07-09 03:15:26,845 | INFO | configure_fit: strategy sampled 24 clients (out of 24)
[92mINFO [0m:      aggregate_fit: received 24 results and 0 failures
2026-07-09 03:15:33,429 | INFO | aggregate_fit: received 24 results and 0 failures
[round=0043 method=vi] mean_acc=0.8127 mean_loss=0.5702 mc_acc=0.8126 mc_loss=0.5702 ece=0.0813 active_physical=15 virtual=10
[92mINFO [0m:      fit progress: (43, 0.5702369327545166, {'accuracy': 0.8127, 'global_ece': 0.08130637584626675, 'selected_count': 15, 'active_physical_devices': 15}, 335.7981979995966)
2026-07-09 03:15:36,211 | INFO | fit progress: (43, 0.5702369327545166, {'accuracy': 0.8127, 'global_ece': 0.08130637584626675, 'selected_count': 15, 'active_physical_devices': 15}, 335.7981979995966)
[92mINFO [0m:      configure_evaluate: no clients selected, skipping evaluation
2026-07-09 03:15:36,211 | INFO | configure_evaluate: no clients selected, skipping evaluation
[92mINFO [0m:      
2026-07-09 03:15:36,211 | INFO | 
[92mINFO [0m:      [ROUND 44]
2026-07-09 03:15:36,211 | INFO | [ROUND 44]
[92mINFO [0m:      configure_fit: strategy sampled 24 clients (out of 24)
2026-07-09 03:15:36,212 | INFO | configure_fit: strategy sampled 24 clients (out of 24)
[92mINFO [0m:      aggregate_fit: received 24 results and 0 failures
2026-07-09 03:15:41,797 | INFO | aggregate_fit: received 24 results and 0 failures
[round=0044 method=vi] mean_acc=0.8338 mean_loss=0.5594 mc_acc=0.8338 mc_loss=0.5594 ece=0.1023 active_physical=15 virtual=12
[92mINFO [0m:      fit progress: (44, 0.5593602637290954, {'accuracy': 0.8338, 'global_ece': 0.10229133992642168, 'selected_count': 15, 'active_physical_devices': 15}, 344.26821767538786)
2026-07-09 03:15:44,681 | INFO | fit progress: (44, 0.5593602637290954, {'accuracy': 0.8338, 'global_ece': 0.10229133992642168, 'selected_count': 15, 'active_physical_devices': 15}, 344.26821767538786)
[92mINFO [0m:      configure_evaluate: no clients selected, skipping evaluation
2026-07-09 03:15:44,681 | INFO | configure_evaluate: no clients selected, skipping evaluation
[92mINFO [0m:      
2026-07-09 03:15:44,681 | INFO | 
[92mINFO [0m:      [ROUND 45]
2026-07-09 03:15:44,681 | INFO | [ROUND 45]
[92mINFO [0m:      configure_fit: strategy sampled 24 clients (out of 24)
2026-07-09 03:15:44,682 | INFO | configure_fit: strategy sampled 24 clients (out of 24)
[92mINFO [0m:      aggregate_fit: received 24 results and 0 failures
2026-07-09 03:15:50,227 | INFO | aggregate_fit: received 24 results and 0 failures
[round=0045 method=vi] mean_acc=0.7916 mean_loss=0.6286 mc_acc=0.7916 mc_loss=0.6287 ece=0.0448 active_physical=15 virtual=12
[92mINFO [0m:      fit progress: (45, 0.6286401008605957, {'accuracy': 0.7916, 'global_ece': 0.04479006394147875, 'selected_count': 15, 'active_physical_devices': 15}, 352.7281259484589)
2026-07-09 03:15:53,141 | INFO | fit progress: (45, 0.6286401008605957, {'accuracy': 0.7916, 'global_ece': 0.04479006394147875, 'selected_count': 15, 'active_physical_devices': 15}, 352.7281259484589)
[92mINFO [0m:      configure_evaluate: no clients selected, skipping evaluation
2026-07-09 03:15:53,141 | INFO | configure_evaluate: no clients selected, skipping evaluation
[92mINFO [0m:      
2026-07-09 03:15:53,141 | INFO | 
[92mINFO [0m:      [ROUND 46]
2026-07-09 03:15:53,141 | INFO | [ROUND 46]
[92mINFO [0m:      configure_fit: strategy sampled 24 clients (out of 24)
2026-07-09 03:15:53,142 | INFO | configure_fit: strategy sampled 24 clients (out of 24)
[92mINFO [0m:      aggregate_fit: received 24 results and 0 failures
2026-07-09 03:15:58,566 | INFO | aggregate_fit: received 24 results and 0 failures
[round=0046 method=vi] mean_acc=0.7916 mean_loss=0.6592 mc_acc=0.7916 mc_loss=0.6592 ece=0.0495 active_physical=15 virtual=11
[92mINFO [0m:      fit progress: (46, 0.6591814114570618, {'accuracy': 0.7916, 'global_ece': 0.04951074142605066, 'selected_count': 15, 'active_physical_devices': 15}, 360.8848923519254)
2026-07-09 03:16:01,298 | INFO | fit progress: (46, 0.6591814114570618, {'accuracy': 0.7916, 'global_ece': 0.04951074142605066, 'selected_count': 15, 'active_physical_devices': 15}, 360.8848923519254)
[92mINFO [0m:      configure_evaluate: no clients selected, skipping evaluation
2026-07-09 03:16:01,298 | INFO | configure_evaluate: no clients selected, skipping evaluation
[92mINFO [0m:      
2026-07-09 03:16:01,298 | INFO | 
[92mINFO [0m:      [ROUND 47]
2026-07-09 03:16:01,298 | INFO | [ROUND 47]
[92mINFO [0m:      configure_fit: strategy sampled 24 clients (out of 24)
2026-07-09 03:16:01,299 | INFO | configure_fit: strategy sampled 24 clients (out of 24)
[92mINFO [0m:      aggregate_fit: received 24 results and 0 failures
2026-07-09 03:16:07,046 | INFO | aggregate_fit: received 24 results and 0 failures
[round=0047 method=vi] mean_acc=0.8193 mean_loss=0.6094 mc_acc=0.8193 mc_loss=0.6094 ece=0.0725 active_physical=15 virtual=10
[92mINFO [0m:      fit progress: (47, 0.6093576160430908, {'accuracy': 0.8193, 'global_ece': 0.07246849676817654, 'selected_count': 15, 'active_physical_devices': 15}, 369.4313309453428)
2026-07-09 03:16:09,844 | INFO | fit progress: (47, 0.6093576160430908, {'accuracy': 0.8193, 'global_ece': 0.07246849676817654, 'selected_count': 15, 'active_physical_devices': 15}, 369.4313309453428)
[92mINFO [0m:      configure_evaluate: no clients selected, skipping evaluation
2026-07-09 03:16:09,845 | INFO | configure_evaluate: no clients selected, skipping evaluation
[92mINFO [0m:      
2026-07-09 03:16:09,845 | INFO | 
[92mINFO [0m:      [ROUND 48]
2026-07-09 03:16:09,845 | INFO | [ROUND 48]
[92mINFO [0m:      configure_fit: strategy sampled 24 clients (out of 24)
2026-07-09 03:16:09,846 | INFO | configure_fit: strategy sampled 24 clients (out of 24)
[92mINFO [0m:      aggregate_fit: received 24 results and 0 failures
2026-07-09 03:16:16,780 | INFO | aggregate_fit: received 24 results and 0 failures
[round=0048 method=vi] mean_acc=0.8384 mean_loss=0.5197 mc_acc=0.8384 mc_loss=0.5197 ece=0.0760 active_physical=15 virtual=12
[92mINFO [0m:      fit progress: (48, 0.5196632079601288, {'accuracy': 0.8384, 'global_ece': 0.07598227005302906, 'selected_count': 15, 'active_physical_devices': 15}, 378.9591674134135)
2026-07-09 03:16:19,372 | INFO | fit progress: (48, 0.5196632079601288, {'accuracy': 0.8384, 'global_ece': 0.07598227005302906, 'selected_count': 15, 'active_physical_devices': 15}, 378.9591674134135)
[92mINFO [0m:      configure_evaluate: no clients selected, skipping evaluation
2026-07-09 03:16:19,372 | INFO | configure_evaluate: no clients selected, skipping evaluation
[92mINFO [0m:      
2026-07-09 03:16:19,372 | INFO | 
[92mINFO [0m:      [ROUND 49]
2026-07-09 03:16:19,372 | INFO | [ROUND 49]
[92mINFO [0m:      configure_fit: strategy sampled 24 clients (out of 24)
2026-07-09 03:16:19,373 | INFO | configure_fit: strategy sampled 24 clients (out of 24)
[92mINFO [0m:      aggregate_fit: received 24 results and 0 failures
2026-07-09 03:16:26,444 | INFO | aggregate_fit: received 24 results and 0 failures
[round=0049 method=vi] mean_acc=0.8389 mean_loss=0.5207 mc_acc=0.8389 mc_loss=0.5207 ece=0.0723 active_physical=15 virtual=13
[92mINFO [0m:      fit progress: (49, 0.5206999009132385, {'accuracy': 0.8389, 'global_ece': 0.07226816850304604, 'selected_count': 15, 'active_physical_devices': 15}, 388.601484708488)
2026-07-09 03:16:29,014 | INFO | fit progress: (49, 0.5206999009132385, {'accuracy': 0.8389, 'global_ece': 0.07226816850304604, 'selected_count': 15, 'active_physical_devices': 15}, 388.601484708488)
[92mINFO [0m:      configure_evaluate: no clients selected, skipping evaluation
2026-07-09 03:16:29,015 | INFO | configure_evaluate: no clients selected, skipping evaluation
[92mINFO [0m:      
2026-07-09 03:16:29,015 | INFO | 
[92mINFO [0m:      [ROUND 50]
2026-07-09 03:16:29,015 | INFO | [ROUND 50]
[92mINFO [0m:      configure_fit: strategy sampled 24 clients (out of 24)
2026-07-09 03:16:29,015 | INFO | configure_fit: strategy sampled 24 clients (out of 24)
[92mINFO [0m:      aggregate_fit: received 24 results and 0 failures
2026-07-09 03:16:38,367 | INFO | aggregate_fit: received 24 results and 0 failures
[round=0050 method=vi] mean_acc=0.8144 mean_loss=0.5687 mc_acc=0.8144 mc_loss=0.5687 ece=0.0512 active_physical=15 virtual=11
[92mINFO [0m:      fit progress: (50, 0.5687236927032471, {'accuracy': 0.8144, 'global_ece': 0.05121344528496265, 'selected_count': 15, 'active_physical_devices': 15}, 401.22483890131116)
2026-07-09 03:16:41,638 | INFO | fit progress: (50, 0.5687236927032471, {'accuracy': 0.8144, 'global_ece': 0.05121344528496265, 'selected_count': 15, 'active_physical_devices': 15}, 401.22483890131116)
[92mINFO [0m:      configure_evaluate: no clients selected, skipping evaluation
2026-07-09 03:16:41,638 | INFO | configure_evaluate: no clients selected, skipping evaluation
[92mINFO [0m:      
2026-07-09 03:16:41,638 | INFO | 
[92mINFO [0m:      [ROUND 51]
2026-07-09 03:16:41,638 | INFO | [ROUND 51]
[92mINFO [0m:      configure_fit: strategy sampled 24 clients (out of 24)
2026-07-09 03:16:41,638 | INFO | configure_fit: strategy sampled 24 clients (out of 24)
[92mINFO [0m:      aggregate_fit: received 24 results and 0 failures
2026-07-09 03:16:46,684 | INFO | aggregate_fit: received 24 results and 0 failures
[round=0051 method=vi] mean_acc=0.8018 mean_loss=0.6113 mc_acc=0.8019 mc_loss=0.6113 ece=0.0400 active_physical=15 virtual=12
[92mINFO [0m:      fit progress: (51, 0.6112776968002319, {'accuracy': 0.8018, 'global_ece': 0.040022475574910656, 'selected_count': 15, 'active_physical_devices': 15}, 408.3723410665989)
2026-07-09 03:16:48,785 | INFO | fit progress: (51, 0.6112776968002319, {'accuracy': 0.8018, 'global_ece': 0.040022475574910656, 'selected_count': 15, 'active_physical_devices': 15}, 408.3723410665989)
[92mINFO [0m:      configure_evaluate: no clients selected, skipping evaluation
2026-07-09 03:16:48,785 | INFO | configure_evaluate: no clients selected, skipping evaluation
[92mINFO [0m:      
2026-07-09 03:16:48,785 | INFO | 
[92mINFO [0m:      [ROUND 52]
2026-07-09 03:16:48,785 | INFO | [ROUND 52]
[92mINFO [0m:      configure_fit: strategy sampled 24 clients (out of 24)
2026-07-09 03:16:48,786 | INFO | configure_fit: strategy sampled 24 clients (out of 24)
[92mINFO [0m:      aggregate_fit: received 24 results and 0 failures
2026-07-09 03:16:54,081 | INFO | aggregate_fit: received 24 results and 0 failures
[round=0052 method=vi] mean_acc=0.8701 mean_loss=0.4678 mc_acc=0.8701 mc_loss=0.4678 ece=0.0912 active_physical=15 virtual=11
[92mINFO [0m:      fit progress: (52, 0.4678370717048645, {'accuracy': 0.8701, 'global_ece': 0.09124450448751448, 'selected_count': 15, 'active_physical_devices': 15}, 416.6175142079592)
2026-07-09 03:16:57,030 | INFO | fit progress: (52, 0.4678370717048645, {'accuracy': 0.8701, 'global_ece': 0.09124450448751448, 'selected_count': 15, 'active_physical_devices': 15}, 416.6175142079592)
[92mINFO [0m:      configure_evaluate: no clients selected, skipping evaluation
2026-07-09 03:16:57,031 | INFO | configure_evaluate: no clients selected, skipping evaluation
[92mINFO [0m:      
2026-07-09 03:16:57,031 | INFO | 
[92mINFO [0m:      [ROUND 53]
2026-07-09 03:16:57,031 | INFO | [ROUND 53]
[92mINFO [0m:      configure_fit: strategy sampled 24 clients (out of 24)
2026-07-09 03:16:57,031 | INFO | configure_fit: strategy sampled 24 clients (out of 24)
[92mINFO [0m:      aggregate_fit: received 24 results and 0 failures
2026-07-09 03:17:02,383 | INFO | aggregate_fit: received 24 results and 0 failures
[round=0053 method=vi] mean_acc=0.8518 mean_loss=0.4811 mc_acc=0.8518 mc_loss=0.4811 ece=0.0650 active_physical=15 virtual=12
[92mINFO [0m:      fit progress: (53, 0.4811063317298889, {'accuracy': 0.8518, 'global_ece': 0.06495595367103818, 'selected_count': 15, 'active_physical_devices': 15}, 424.8983928747475)
2026-07-09 03:17:05,311 | INFO | fit progress: (53, 0.4811063317298889, {'accuracy': 0.8518, 'global_ece': 0.06495595367103818, 'selected_count': 15, 'active_physical_devices': 15}, 424.8983928747475)
[92mINFO [0m:      configure_evaluate: no clients selected, skipping evaluation
2026-07-09 03:17:05,312 | INFO | configure_evaluate: no clients selected, skipping evaluation
[92mINFO [0m:      
2026-07-09 03:17:05,312 | INFO | 
[92mINFO [0m:      [ROUND 54]
2026-07-09 03:17:05,312 | INFO | [ROUND 54]
[92mINFO [0m:      configure_fit: strategy sampled 24 clients (out of 24)
2026-07-09 03:17:05,312 | INFO | configure_fit: strategy sampled 24 clients (out of 24)
[92mINFO [0m:      aggregate_fit: received 24 results and 0 failures
2026-07-09 03:17:11,497 | INFO | aggregate_fit: received 24 results and 0 failures
[round=0054 method=vi] mean_acc=0.7986 mean_loss=0.5751 mc_acc=0.7986 mc_loss=0.5751 ece=0.0224 active_physical=15 virtual=13
[92mINFO [0m:      fit progress: (54, 0.5750620811462402, {'accuracy': 0.7986, 'global_ece': 0.02237617786675693, 'selected_count': 15, 'active_physical_devices': 15}, 433.6800847016275)
2026-07-09 03:17:14,093 | INFO | fit progress: (54, 0.5750620811462402, {'accuracy': 0.7986, 'global_ece': 0.02237617786675693, 'selected_count': 15, 'active_physical_devices': 15}, 433.6800847016275)
[92mINFO [0m:      configure_evaluate: no clients selected, skipping evaluation
2026-07-09 03:17:14,093 | INFO | configure_evaluate: no clients selected, skipping evaluation
[92mINFO [0m:      
2026-07-09 03:17:14,093 | INFO | 
[92mINFO [0m:      [ROUND 55]
2026-07-09 03:17:14,093 | INFO | [ROUND 55]
[92mINFO [0m:      configure_fit: strategy sampled 24 clients (out of 24)
2026-07-09 03:17:14,094 | INFO | configure_fit: strategy sampled 24 clients (out of 24)
[92mINFO [0m:      aggregate_fit: received 24 results and 0 failures
2026-07-09 03:17:20,898 | INFO | aggregate_fit: received 24 results and 0 failures
[round=0055 method=vi] mean_acc=0.8378 mean_loss=0.5277 mc_acc=0.8378 mc_loss=0.5277 ece=0.0533 active_physical=15 virtual=11
[92mINFO [0m:      fit progress: (55, 0.5276953333854675, {'accuracy': 0.8378, 'global_ece': 0.053260150630772114, 'selected_count': 15, 'active_physical_devices': 15}, 443.29602164402604)
2026-07-09 03:17:23,709 | INFO | fit progress: (55, 0.5276953333854675, {'accuracy': 0.8378, 'global_ece': 0.053260150630772114, 'selected_count': 15, 'active_physical_devices': 15}, 443.29602164402604)
[92mINFO [0m:      configure_evaluate: no clients selected, skipping evaluation
2026-07-09 03:17:23,709 | INFO | configure_evaluate: no clients selected, skipping evaluation
[92mINFO [0m:      
2026-07-09 03:17:23,709 | INFO | 
[92mINFO [0m:      [ROUND 56]
2026-07-09 03:17:23,709 | INFO | [ROUND 56]
[92mINFO [0m:      configure_fit: strategy sampled 24 clients (out of 24)
2026-07-09 03:17:23,710 | INFO | configure_fit: strategy sampled 24 clients (out of 24)
[92mINFO [0m:      aggregate_fit: received 24 results and 0 failures
2026-07-09 03:17:29,515 | INFO | aggregate_fit: received 24 results and 0 failures
[round=0056 method=vi] mean_acc=0.8483 mean_loss=0.5122 mc_acc=0.8483 mc_loss=0.5122 ece=0.0592 active_physical=15 virtual=11
[92mINFO [0m:      fit progress: (56, 0.512151410484314, {'accuracy': 0.8483, 'global_ece': 0.05921679065376522, 'selected_count': 15, 'active_physical_devices': 15}, 452.15430419147015)
2026-07-09 03:17:32,567 | INFO | fit progress: (56, 0.512151410484314, {'accuracy': 0.8483, 'global_ece': 0.05921679065376522, 'selected_count': 15, 'active_physical_devices': 15}, 452.15430419147015)
[92mINFO [0m:      configure_evaluate: no clients selected, skipping evaluation
2026-07-09 03:17:32,567 | INFO | configure_evaluate: no clients selected, skipping evaluation
[92mINFO [0m:      
2026-07-09 03:17:32,567 | INFO | 
[92mINFO [0m:      [ROUND 57]
2026-07-09 03:17:32,567 | INFO | [ROUND 57]
[92mINFO [0m:      configure_fit: strategy sampled 24 clients (out of 24)
2026-07-09 03:17:32,568 | INFO | configure_fit: strategy sampled 24 clients (out of 24)
[92mINFO [0m:      aggregate_fit: received 24 results and 0 failures
2026-07-09 03:17:39,244 | INFO | aggregate_fit: received 24 results and 0 failures
[round=0057 method=vi] mean_acc=0.8155 mean_loss=0.5681 mc_acc=0.8154 mc_loss=0.5681 ece=0.0285 active_physical=15 virtual=14
[92mINFO [0m:      fit progress: (57, 0.568079274559021, {'accuracy': 0.8155, 'global_ece': 0.028501028546690944, 'selected_count': 15, 'active_physical_devices': 15}, 461.84468188509345)
2026-07-09 03:17:42,258 | INFO | fit progress: (57, 0.568079274559021, {'accuracy': 0.8155, 'global_ece': 0.028501028546690944, 'selected_count': 15, 'active_physical_devices': 15}, 461.84468188509345)
[92mINFO [0m:      configure_evaluate: no clients selected, skipping evaluation
2026-07-09 03:17:42,258 | INFO | configure_evaluate: no clients selected, skipping evaluation
[92mINFO [0m:      
2026-07-09 03:17:42,258 | INFO | 
[92mINFO [0m:      [ROUND 58]
2026-07-09 03:17:42,258 | INFO | [ROUND 58]
[92mINFO [0m:      configure_fit: strategy sampled 24 clients (out of 24)
2026-07-09 03:17:42,258 | INFO | configure_fit: strategy sampled 24 clients (out of 24)
[92mINFO [0m:      aggregate_fit: received 24 results and 0 failures
2026-07-09 03:17:48,603 | INFO | aggregate_fit: received 24 results and 0 failures
[round=0058 method=vi] mean_acc=0.8498 mean_loss=0.4861 mc_acc=0.8498 mc_loss=0.4861 ece=0.0457 active_physical=15 virtual=14
[92mINFO [0m:      fit progress: (58, 0.4861032118797302, {'accuracy': 0.8498, 'global_ece': 0.04573844470977781, 'selected_count': 15, 'active_physical_devices': 15}, 470.822817299515)
2026-07-09 03:17:51,236 | INFO | fit progress: (58, 0.4861032118797302, {'accuracy': 0.8498, 'global_ece': 0.04573844470977781, 'selected_count': 15, 'active_physical_devices': 15}, 470.822817299515)
[92mINFO [0m:      configure_evaluate: no clients selected, skipping evaluation
2026-07-09 03:17:51,236 | INFO | configure_evaluate: no clients selected, skipping evaluation
[92mINFO [0m:      
2026-07-09 03:17:51,236 | INFO | 
[92mINFO [0m:      [ROUND 59]
2026-07-09 03:17:51,236 | INFO | [ROUND 59]
[92mINFO [0m:      configure_fit: strategy sampled 24 clients (out of 24)
2026-07-09 03:17:51,237 | INFO | configure_fit: strategy sampled 24 clients (out of 24)
[92mINFO [0m:      aggregate_fit: received 24 results and 0 failures
2026-07-09 03:18:00,054 | INFO | aggregate_fit: received 24 results and 0 failures
[round=0059 method=vi] mean_acc=0.8503 mean_loss=0.4895 mc_acc=0.8503 mc_loss=0.4895 ece=0.0522 active_physical=15 virtual=12
[92mINFO [0m:      fit progress: (59, 0.48952022399902345, {'accuracy': 0.8503, 'global_ece': 0.05222890240550042, 'selected_count': 15, 'active_physical_devices': 15}, 482.38620114699006)
2026-07-09 03:18:02,799 | INFO | fit progress: (59, 0.48952022399902345, {'accuracy': 0.8503, 'global_ece': 0.05222890240550042, 'selected_count': 15, 'active_physical_devices': 15}, 482.38620114699006)
[92mINFO [0m:      configure_evaluate: no clients selected, skipping evaluation
2026-07-09 03:18:02,799 | INFO | configure_evaluate: no clients selected, skipping evaluation
[92mINFO [0m:      
2026-07-09 03:18:02,799 | INFO | 
[92mINFO [0m:      [ROUND 60]
2026-07-09 03:18:02,799 | INFO | [ROUND 60]
[92mINFO [0m:      configure_fit: strategy sampled 24 clients (out of 24)
2026-07-09 03:18:02,800 | INFO | configure_fit: strategy sampled 24 clients (out of 24)
[92mINFO [0m:      aggregate_fit: received 24 results and 0 failures
2026-07-09 03:18:08,934 | INFO | aggregate_fit: received 24 results and 0 failures
[round=0060 method=vi] mean_acc=0.8710 mean_loss=0.4348 mc_acc=0.8710 mc_loss=0.4348 ece=0.0571 active_physical=15 virtual=13
[92mINFO [0m:      fit progress: (60, 0.4347952124595642, {'accuracy': 0.871, 'global_ece': 0.0571349122270942, 'selected_count': 15, 'active_physical_devices': 15}, 491.53824830800295)
2026-07-09 03:18:11,951 | INFO | fit progress: (60, 0.4347952124595642, {'accuracy': 0.871, 'global_ece': 0.0571349122270942, 'selected_count': 15, 'active_physical_devices': 15}, 491.53824830800295)
[92mINFO [0m:      configure_evaluate: no clients selected, skipping evaluation
2026-07-09 03:18:11,951 | INFO | configure_evaluate: no clients selected, skipping evaluation
[92mINFO [0m:      
2026-07-09 03:18:11,951 | INFO | 
[92mINFO [0m:      [SUMMARY]
2026-07-09 03:18:11,951 | INFO | [SUMMARY]
[92mINFO [0m:      Run finished 60 round(s) in 491.54s
2026-07-09 03:18:11,952 | INFO | Run finished 60 round(s) in 491.54s
[92mINFO [0m:      	History (loss, centralized):
2026-07-09 03:18:11,983 | INFO | 	History (loss, centralized):
[92mINFO [0m:      		round 0: 2.283973722076416
2026-07-09 03:18:11,983 | INFO | 		round 0: 2.283973722076416
[92mINFO [0m:      		round 1: 2.2315205993652345
2026-07-09 03:18:11,983 | INFO | 		round 1: 2.2315205993652345
[92mINFO [0m:      		round 2: 2.244724038696289
2026-07-09 03:18:11,983 | INFO | 		round 2: 2.244724038696289
[92mINFO [0m:      		round 3: 2.109499649810791
2026-07-09 03:18:11,983 | INFO | 		round 3: 2.109499649810791
[92mINFO [0m:      		round 4: 2.014574602508545
2026-07-09 03:18:11,983 | INFO | 		round 4: 2.014574602508545
[92mINFO [0m:      		round 5: 1.8832021480560304
2026-07-09 03:18:11,983 | INFO | 		round 5: 1.8832021480560304
[92mINFO [0m:      		round 6: 1.7840483633041382
2026-07-09 03:18:11,983 | INFO | 		round 6: 1.7840483633041382
[92mINFO [0m:      		round 7: 1.7881568183898926
2026-07-09 03:18:11,984 | INFO | 		round 7: 1.7881568183898926
[92mINFO [0m:      		round 8: 1.6185367811203002
2026-07-09 03:18:11,984 | INFO | 		round 8: 1.6185367811203002
[92mINFO [0m:      		round 9: 1.5007238082885743
2026-07-09 03:18:11,984 | INFO | 		round 9: 1.5007238082885743
[92mINFO [0m:      		round 10: 1.4205629554748536
2026-07-09 03:18:11,984 | INFO | 		round 10: 1.4205629554748536
[92mINFO [0m:      		round 11: 1.3213761987686157
2026-07-09 03:18:11,984 | INFO | 		round 11: 1.3213761987686157
[92mINFO [0m:      		round 12: 1.2505290161132812
2026-07-09 03:18:11,984 | INFO | 		round 12: 1.2505290161132812
[92mINFO [0m:      		round 13: 1.2393153615951538
2026-07-09 03:18:11,984 | INFO | 		round 13: 1.2393153615951538
[92mINFO [0m:      		round 14: 1.1876724472045899
2026-07-09 03:18:11,984 | INFO | 		round 14: 1.1876724472045899
[92mINFO [0m:      		round 15: 1.2026441761016846
2026-07-09 03:18:11,984 | INFO | 		round 15: 1.2026441761016846
[92mINFO [0m:      		round 16: 1.2281909839630127
2026-07-09 03:18:11,984 | INFO | 		round 16: 1.2281909839630127
[92mINFO [0m:      		round 17: 1.0940913928985596
2026-07-09 03:18:11,984 | INFO | 		round 17: 1.0940913928985596
[92mINFO [0m:      		round 18: 1.0400077255249023
2026-07-09 03:18:11,984 | INFO | 		round 18: 1.0400077255249023
[92mINFO [0m:      		round 19: 1.0422707559585571
2026-07-09 03:18:11,984 | INFO | 		round 19: 1.0422707559585571
[92mINFO [0m:      		round 20: 0.993176291847229
2026-07-09 03:18:11,984 | INFO | 		round 20: 0.993176291847229
[92mINFO [0m:      		round 21: 0.9164699807167053
2026-07-09 03:18:11,984 | INFO | 		round 21: 0.9164699807167053
[92mINFO [0m:      		round 22: 0.8730991347312927
2026-07-09 03:18:11,984 | INFO | 		round 22: 0.8730991347312927
[92mINFO [0m:      		round 23: 0.8849238034248352
2026-07-09 03:18:11,984 | INFO | 		round 23: 0.8849238034248352
[92mINFO [0m:      		round 24: 0.9109788475990296
2026-07-09 03:18:11,984 | INFO | 		round 24: 0.9109788475990296
[92mINFO [0m:      		round 25: 0.8716666382789612
2026-07-09 03:18:11,984 | INFO | 		round 25: 0.8716666382789612
[92mINFO [0m:      		round 26: 0.8280458527565002
2026-07-09 03:18:11,984 | INFO | 		round 26: 0.8280458527565002
[92mINFO [0m:      		round 27: 0.8737837553977966
2026-07-09 03:18:11,984 | INFO | 		round 27: 0.8737837553977966
[92mINFO [0m:      		round 28: 0.8787083852767944
2026-07-09 03:18:11,984 | INFO | 		round 28: 0.8787083852767944
[92mINFO [0m:      		round 29: 0.8793579626083374
2026-07-09 03:18:11,984 | INFO | 		round 29: 0.8793579626083374
[92mINFO [0m:      		round 30: 0.8523285520553588
2026-07-09 03:18:11,984 | INFO | 		round 30: 0.8523285520553588
[92mINFO [0m:      		round 31: 0.8142273736000061
2026-07-09 03:18:11,984 | INFO | 		round 31: 0.8142273736000061
[92mINFO [0m:      		round 32: 0.7112891280651092
2026-07-09 03:18:11,984 | INFO | 		round 32: 0.7112891280651092
[92mINFO [0m:      		round 33: 0.7083418229103088
2026-07-09 03:18:11,984 | INFO | 		round 33: 0.7083418229103088
[92mINFO [0m:      		round 34: 0.6980205190658569
2026-07-09 03:18:11,984 | INFO | 		round 34: 0.6980205190658569
[92mINFO [0m:      		round 35: 0.7387802493095398
2026-07-09 03:18:11,984 | INFO | 		round 35: 0.7387802493095398
[92mINFO [0m:      		round 36: 0.5823998838424682
2026-07-09 03:18:11,984 | INFO | 		round 36: 0.5823998838424682
[92mINFO [0m:      		round 37: 0.5897553170681
2026-07-09 03:18:11,984 | INFO | 		round 37: 0.5897553170681
[92mINFO [0m:      		round 38: 0.6500727690696716
2026-07-09 03:18:11,984 | INFO | 		round 38: 0.6500727690696716
[92mINFO [0m:      		round 39: 0.6035677095890045
2026-07-09 03:18:11,984 | INFO | 		round 39: 0.6035677095890045
[92mINFO [0m:      		round 40: 0.572344732093811
2026-07-09 03:18:11,984 | INFO | 		round 40: 0.572344732093811
[92mINFO [0m:      		round 41: 0.5835742255210876
2026-07-09 03:18:11,984 | INFO | 		round 41: 0.5835742255210876
[92mINFO [0m:      		round 42: 0.5974275937080383
2026-07-09 03:18:11,984 | INFO | 		round 42: 0.5974275937080383
[92mINFO [0m:      		round 43: 0.5702369327545166
2026-07-09 03:18:11,984 | INFO | 		round 43: 0.5702369327545166
[92mINFO [0m:      		round 44: 0.5593602637290954
2026-07-09 03:18:11,984 | INFO | 		round 44: 0.5593602637290954
[92mINFO [0m:      		round 45: 0.6286401008605957
2026-07-09 03:18:11,984 | INFO | 		round 45: 0.6286401008605957
[92mINFO [0m:      		round 46: 0.6591814114570618
2026-07-09 03:18:11,985 | INFO | 		round 46: 0.6591814114570618
[92mINFO [0m:      		round 47: 0.6093576160430908
2026-07-09 03:18:11,985 | INFO | 		round 47: 0.6093576160430908
[92mINFO [0m:      		round 48: 0.5196632079601288
2026-07-09 03:18:11,985 | INFO | 		round 48: 0.5196632079601288
[92mINFO [0m:      		round 49: 0.5206999009132385
2026-07-09 03:18:11,985 | INFO | 		round 49: 0.5206999009132385
[92mINFO [0m:      		round 50: 0.5687236927032471
2026-07-09 03:18:11,985 | INFO | 		round 50: 0.5687236927032471
[92mINFO [0m:      		round 51: 0.6112776968002319
2026-07-09 03:18:11,985 | INFO | 		round 51: 0.6112776968002319
[92mINFO [0m:      		round 52: 0.4678370717048645
2026-07-09 03:18:11,985 | INFO | 		round 52: 0.4678370717048645
[92mINFO [0m:      		round 53: 0.4811063317298889
2026-07-09 03:18:11,985 | INFO | 		round 53: 0.4811063317298889
[92mINFO [0m:      		round 54: 0.5750620811462402
2026-07-09 03:18:11,985 | INFO | 		round 54: 0.5750620811462402
[92mINFO [0m:      		round 55: 0.5276953333854675
2026-07-09 03:18:11,985 | INFO | 		round 55: 0.5276953333854675
[92mINFO [0m:      		round 56: 0.512151410484314
2026-07-09 03:18:11,985 | INFO | 		round 56: 0.512151410484314
[92mINFO [0m:      		round 57: 0.568079274559021
2026-07-09 03:18:11,985 | INFO | 		round 57: 0.568079274559021
[92mINFO [0m:      		round 58: 0.4861032118797302
2026-07-09 03:18:11,985 | INFO | 		round 58: 0.4861032118797302
[92mINFO [0m:      		round 59: 0.48952022399902345
2026-07-09 03:18:11,985 | INFO | 		round 59: 0.48952022399902345
[92mINFO [0m:      		round 60: 0.4347952124595642
2026-07-09 03:18:11,985 | INFO | 		round 60: 0.4347952124595642
[92mINFO [0m:      	History (metrics, distributed, fit):
2026-07-09 03:18:11,985 | INFO | 	History (metrics, distributed, fit):
[92mINFO [0m:      	{'active_physical_devices': [(1, 15),
2026-07-09 03:18:11,985 | INFO | 	{'active_physical_devices': [(1, 15),
[92mINFO [0m:      	                             (2, 15),
2026-07-09 03:18:11,985 | INFO | 	                             (2, 15),
[92mINFO [0m:      	                             (3, 15),
2026-07-09 03:18:11,985 | INFO | 	                             (3, 15),
[92mINFO [0m:      	                             (4, 15),
2026-07-09 03:18:11,985 | INFO | 	                             (4, 15),
[92mINFO [0m:      	                             (5, 15),
2026-07-09 03:18:11,985 | INFO | 	                             (5, 15),
[92mINFO [0m:      	                             (6, 15),
2026-07-09 03:18:11,985 | INFO | 	                             (6, 15),
[92mINFO [0m:      	                             (7, 15),
2026-07-09 03:18:11,985 | INFO | 	                             (7, 15),
[92mINFO [0m:      	                             (8, 15),
2026-07-09 03:18:11,985 | INFO | 	                             (8, 15),
[92mINFO [0m:      	                             (9, 15),
2026-07-09 03:18:11,985 | INFO | 	                             (9, 15),
[92mINFO [0m:      	                             (10, 15),
2026-07-09 03:18:11,985 | INFO | 	                             (10, 15),
[92mINFO [0m:      	                             (11, 15),
2026-07-09 03:18:11,985 | INFO | 	                             (11, 15),
[92mINFO [0m:      	                             (12, 15),
2026-07-09 03:18:11,985 | INFO | 	                             (12, 15),
[92mINFO [0m:      	                             (13, 15),
2026-07-09 03:18:11,985 | INFO | 	                             (13, 15),
[92mINFO [0m:      	                             (14, 15),
2026-07-09 03:18:11,985 | INFO | 	                             (14, 15),
[92mINFO [0m:      	                             (15, 15),
2026-07-09 03:18:11,985 | INFO | 	                             (15, 15),
[92mINFO [0m:      	                             (16, 15),
2026-07-09 03:18:11,985 | INFO | 	                             (16, 15),
[92mINFO [0m:      	                             (17, 15),
2026-07-09 03:18:11,985 | INFO | 	                             (17, 15),
[92mINFO [0m:      	                             (18, 15),
2026-07-09 03:18:11,985 | INFO | 	                             (18, 15),
[92mINFO [0m:      	                             (19, 15),
2026-07-09 03:18:11,985 | INFO | 	                             (19, 15),
[92mINFO [0m:      	                             (20, 15),
2026-07-09 03:18:11,985 | INFO | 	                             (20, 15),
[92mINFO [0m:      	                             (21, 15),
2026-07-09 03:18:11,985 | INFO | 	                             (21, 15),
[92mINFO [0m:      	                             (22, 15),
2026-07-09 03:18:11,985 | INFO | 	                             (22, 15),
[92mINFO [0m:      	                             (23, 15),
2026-07-09 03:18:11,985 | INFO | 	                             (23, 15),
[92mINFO [0m:      	                             (24, 15),
2026-07-09 03:18:11,986 | INFO | 	                             (24, 15),
[92mINFO [0m:      	                             (25, 15),
2026-07-09 03:18:11,986 | INFO | 	                             (25, 15),
[92mINFO [0m:      	                             (26, 15),
2026-07-09 03:18:11,986 | INFO | 	                             (26, 15),
[92mINFO [0m:      	                             (27, 15),
2026-07-09 03:18:11,986 | INFO | 	                             (27, 15),
[92mINFO [0m:      	                             (28, 15),
2026-07-09 03:18:11,986 | INFO | 	                             (28, 15),
[92mINFO [0m:      	                             (29, 15),
2026-07-09 03:18:11,986 | INFO | 	                             (29, 15),
[92mINFO [0m:      	                             (30, 15),
2026-07-09 03:18:11,986 | INFO | 	                             (30, 15),
[92mINFO [0m:      	                             (31, 15),
2026-07-09 03:18:11,986 | INFO | 	                             (31, 15),
[92mINFO [0m:      	                             (32, 15),
2026-07-09 03:18:11,986 | INFO | 	                             (32, 15),
[92mINFO [0m:      	                             (33, 15),
2026-07-09 03:18:11,986 | INFO | 	                             (33, 15),
[92mINFO [0m:      	                             (34, 15),
2026-07-09 03:18:11,986 | INFO | 	                             (34, 15),
[92mINFO [0m:      	                             (35, 15),
2026-07-09 03:18:11,986 | INFO | 	                             (35, 15),
[92mINFO [0m:      	                             (36, 15),
2026-07-09 03:18:11,986 | INFO | 	                             (36, 15),
[92mINFO [0m:      	                             (37, 15),
2026-07-09 03:18:11,986 | INFO | 	                             (37, 15),
[92mINFO [0m:      	                             (38, 15),
2026-07-09 03:18:11,986 | INFO | 	                             (38, 15),
[92mINFO [0m:      	                             (39, 15),
2026-07-09 03:18:11,986 | INFO | 	                             (39, 15),
[92mINFO [0m:      	                             (40, 15),
2026-07-09 03:18:11,986 | INFO | 	                             (40, 15),
[92mINFO [0m:      	                             (41, 15),
2026-07-09 03:18:11,986 | INFO | 	                             (41, 15),
[92mINFO [0m:      	                             (42, 15),
2026-07-09 03:18:11,986 | INFO | 	                             (42, 15),
[92mINFO [0m:      	                             (43, 15),
2026-07-09 03:18:11,986 | INFO | 	                             (43, 15),
[92mINFO [0m:      	                             (44, 15),
2026-07-09 03:18:11,986 | INFO | 	                             (44, 15),
[92mINFO [0m:      	                             (45, 15),
2026-07-09 03:18:11,986 | INFO | 	                             (45, 15),
[92mINFO [0m:      	                             (46, 15),
2026-07-09 03:18:11,986 | INFO | 	                             (46, 15),
[92mINFO [0m:      	                             (47, 15),
2026-07-09 03:18:11,986 | INFO | 	                             (47, 15),
[92mINFO [0m:      	                             (48, 15),
2026-07-09 03:18:11,986 | INFO | 	                             (48, 15),
[92mINFO [0m:      	                             (49, 15),
2026-07-09 03:18:11,986 | INFO | 	                             (49, 15),
[92mINFO [0m:      	                             (50, 15),
2026-07-09 03:18:11,986 | INFO | 	                             (50, 15),
[92mINFO [0m:      	                             (51, 15),
2026-07-09 03:18:11,986 | INFO | 	                             (51, 15),
[92mINFO [0m:      	                             (52, 15),
2026-07-09 03:18:11,986 | INFO | 	                             (52, 15),
[92mINFO [0m:      	                             (53, 15),
2026-07-09 03:18:11,986 | INFO | 	                             (53, 15),
[92mINFO [0m:      	                             (54, 15),
2026-07-09 03:18:11,986 | INFO | 	                             (54, 15),
[92mINFO [0m:      	                             (55, 15),
2026-07-09 03:18:11,986 | INFO | 	                             (55, 15),
[92mINFO [0m:      	                             (56, 15),
2026-07-09 03:18:11,986 | INFO | 	                             (56, 15),
[92mINFO [0m:      	                             (57, 15),
2026-07-09 03:18:11,986 | INFO | 	                             (57, 15),
[92mINFO [0m:      	                             (58, 15),
2026-07-09 03:18:11,986 | INFO | 	                             (58, 15),
[92mINFO [0m:      	                             (59, 15),
2026-07-09 03:18:11,986 | INFO | 	                             (59, 15),
[92mINFO [0m:      	                             (60, 15)],
2026-07-09 03:18:11,986 | INFO | 	                             (60, 15)],
[92mINFO [0m:      	 'active_virtual_clients': [(1, 12),
2026-07-09 03:18:11,986 | INFO | 	 'active_virtual_clients': [(1, 12),
[92mINFO [0m:      	                            (2, 13),
2026-07-09 03:18:11,986 | INFO | 	                            (2, 13),
[92mINFO [0m:      	                            (3, 12),
2026-07-09 03:18:11,987 | INFO | 	                            (3, 12),
[92mINFO [0m:      	                            (4, 10),
2026-07-09 03:18:11,987 | INFO | 	                            (4, 10),
[92mINFO [0m:      	                            (5, 13),
2026-07-09 03:18:11,987 | INFO | 	                            (5, 13),
[92mINFO [0m:      	                            (6, 12),
2026-07-09 03:18:11,987 | INFO | 	                            (6, 12),
[92mINFO [0m:      	                            (7, 10),
2026-07-09 03:18:11,987 | INFO | 	                            (7, 10),
[92mINFO [0m:      	                            (8, 12),
2026-07-09 03:18:11,987 | INFO | 	                            (8, 12),
[92mINFO [0m:      	                            (9, 10),
2026-07-09 03:18:11,987 | INFO | 	                            (9, 10),
[92mINFO [0m:      	                            (10, 13),
2026-07-09 03:18:11,987 | INFO | 	                            (10, 13),
[92mINFO [0m:      	                            (11, 15),
2026-07-09 03:18:11,987 | INFO | 	                            (11, 15),
[92mINFO [0m:      	                            (12, 12),
2026-07-09 03:18:11,987 | INFO | 	                            (12, 12),
[92mINFO [0m:      	                            (13, 14),
2026-07-09 03:18:11,987 | INFO | 	                            (13, 14),
[92mINFO [0m:      	                            (14, 12),
2026-07-09 03:18:11,987 | INFO | 	                            (14, 12),
[92mINFO [0m:      	                            (15, 13),
2026-07-09 03:18:11,987 | INFO | 	                            (15, 13),
[92mINFO [0m:      	                            (16, 12),
2026-07-09 03:18:11,987 | INFO | 	                            (16, 12),
[92mINFO [0m:      	                            (17, 12),
2026-07-09 03:18:11,987 | INFO | 	                            (17, 12),
[92mINFO [0m:      	                            (18, 12),
2026-07-09 03:18:11,987 | INFO | 	                            (18, 12),
[92mINFO [0m:      	                            (19, 10),
2026-07-09 03:18:11,987 | INFO | 	                            (19, 10),
[92mINFO [0m:      	                            (20, 12),
2026-07-09 03:18:11,987 | INFO | 	                            (20, 12),
[92mINFO [0m:      	                            (21, 10),
2026-07-09 03:18:11,987 | INFO | 	                            (21, 10),
[92mINFO [0m:      	                            (22, 12),
2026-07-09 03:18:11,987 | INFO | 	                            (22, 12),
[92mINFO [0m:      	                            (23, 10),
2026-07-09 03:18:11,987 | INFO | 	                            (23, 10),
[92mINFO [0m:      	                            (24, 14),
2026-07-09 03:18:11,987 | INFO | 	                            (24, 14),
[92mINFO [0m:      	                            (25, 13),
2026-07-09 03:18:11,987 | INFO | 	                            (25, 13),
[92mINFO [0m:      	                            (26, 11),
2026-07-09 03:18:11,987 | INFO | 	                            (26, 11),
[92mINFO [0m:      	                            (27, 10),
2026-07-09 03:18:11,987 | INFO | 	                            (27, 10),
[92mINFO [0m:      	                            (28, 11),
2026-07-09 03:18:11,987 | INFO | 	                            (28, 11),
[92mINFO [0m:      	                            (29, 10),
2026-07-09 03:18:11,987 | INFO | 	                            (29, 10),
[92mINFO [0m:      	                            (30, 13),
2026-07-09 03:18:11,987 | INFO | 	                            (30, 13),
[92mINFO [0m:      	                            (31, 11),
2026-07-09 03:18:11,987 | INFO | 	                            (31, 11),
[92mINFO [0m:      	                            (32, 12),
2026-07-09 03:18:11,987 | INFO | 	                            (32, 12),
[92mINFO [0m:      	                            (33, 12),
2026-07-09 03:18:11,987 | INFO | 	                            (33, 12),
[92mINFO [0m:      	                            (34, 14),
2026-07-09 03:18:11,987 | INFO | 	                            (34, 14),
[92mINFO [0m:      	                            (35, 11),
2026-07-09 03:18:11,987 | INFO | 	                            (35, 11),
[92mINFO [0m:      	                            (36, 11),
2026-07-09 03:18:11,987 | INFO | 	                            (36, 11),
[92mINFO [0m:      	                            (37, 11),
2026-07-09 03:18:11,987 | INFO | 	                            (37, 11),
[92mINFO [0m:      	                            (38, 12),
2026-07-09 03:18:11,987 | INFO | 	                            (38, 12),
[92mINFO [0m:      	                            (39, 11),
2026-07-09 03:18:11,987 | INFO | 	                            (39, 11),
[92mINFO [0m:      	                            (40, 11),
2026-07-09 03:18:11,987 | INFO | 	                            (40, 11),
[92mINFO [0m:      	                            (41, 11),
2026-07-09 03:18:11,987 | INFO | 	                            (41, 11),
[92mINFO [0m:      	                            (42, 11),
2026-07-09 03:18:11,988 | INFO | 	                            (42, 11),
[92mINFO [0m:      	                            (43, 10),
2026-07-09 03:18:11,988 | INFO | 	                            (43, 10),
[92mINFO [0m:      	                            (44, 12),
2026-07-09 03:18:11,988 | INFO | 	                            (44, 12),
[92mINFO [0m:      	                            (45, 12),
2026-07-09 03:18:11,988 | INFO | 	                            (45, 12),
[92mINFO [0m:      	                            (46, 11),
2026-07-09 03:18:11,988 | INFO | 	                            (46, 11),
[92mINFO [0m:      	                            (47, 10),
2026-07-09 03:18:11,988 | INFO | 	                            (47, 10),
[92mINFO [0m:      	                            (48, 12),
2026-07-09 03:18:11,988 | INFO | 	                            (48, 12),
[92mINFO [0m:      	                            (49, 13),
2026-07-09 03:18:11,988 | INFO | 	                            (49, 13),
[92mINFO [0m:      	                            (50, 11),
2026-07-09 03:18:11,988 | INFO | 	                            (50, 11),
[92mINFO [0m:      	                            (51, 12),
2026-07-09 03:18:11,988 | INFO | 	                            (51, 12),
[92mINFO [0m:      	                            (52, 11),
2026-07-09 03:18:11,988 | INFO | 	                            (52, 11),
[92mINFO [0m:      	                            (53, 12),
2026-07-09 03:18:11,988 | INFO | 	                            (53, 12),
[92mINFO [0m:      	                            (54, 13),
2026-07-09 03:18:11,988 | INFO | 	                            (54, 13),
[92mINFO [0m:      	                            (55, 11),
2026-07-09 03:18:11,988 | INFO | 	                            (55, 11),
[92mINFO [0m:      	                            (56, 11),
2026-07-09 03:18:11,988 | INFO | 	                            (56, 11),
[92mINFO [0m:      	                            (57, 14),
2026-07-09 03:18:11,988 | INFO | 	                            (57, 14),
[92mINFO [0m:      	                            (58, 14),
2026-07-09 03:18:11,988 | INFO | 	                            (58, 14),
[92mINFO [0m:      	                            (59, 12),
2026-07-09 03:18:11,988 | INFO | 	                            (59, 12),
[92mINFO [0m:      	                            (60, 13)],
2026-07-09 03:18:11,988 | INFO | 	                            (60, 13)],
[92mINFO [0m:      	 'aggregate_time_sec': [(1, 0.010768331587314606),
2026-07-09 03:18:11,988 | INFO | 	 'aggregate_time_sec': [(1, 0.010768331587314606),
[92mINFO [0m:      	                        (2, 0.011793319135904312),
2026-07-09 03:18:11,988 | INFO | 	                        (2, 0.011793319135904312),
[92mINFO [0m:      	                        (3, 0.009162947535514832),
2026-07-09 03:18:11,988 | INFO | 	                        (3, 0.009162947535514832),
[92mINFO [0m:      	                        (4, 0.008588872849941254),
2026-07-09 03:18:11,988 | INFO | 	                        (4, 0.008588872849941254),
[92mINFO [0m:      	                        (5, 0.009538255631923676),
2026-07-09 03:18:11,988 | INFO | 	                        (5, 0.009538255631923676),
[92mINFO [0m:      	                        (6, 0.009377963840961456),
2026-07-09 03:18:11,988 | INFO | 	                        (6, 0.009377963840961456),
[92mINFO [0m:      	                        (7, 0.009571697562932968),
2026-07-09 03:18:11,988 | INFO | 	                        (7, 0.009571697562932968),
[92mINFO [0m:      	                        (8, 0.007840488106012344),
2026-07-09 03:18:11,988 | INFO | 	                        (8, 0.007840488106012344),
[92mINFO [0m:      	                        (9, 0.00904051586985588),
2026-07-09 03:18:11,988 | INFO | 	                        (9, 0.00904051586985588),
[92mINFO [0m:      	                        (10, 0.01300349086523056),
2026-07-09 03:18:11,988 | INFO | 	                        (10, 0.01300349086523056),
[92mINFO [0m:      	                        (11, 0.014314386993646622),
2026-07-09 03:18:11,988 | INFO | 	                        (11, 0.014314386993646622),
[92mINFO [0m:      	                        (12, 0.010070908814668655),
2026-07-09 03:18:11,988 | INFO | 	                        (12, 0.010070908814668655),
[92mINFO [0m:      	                        (13, 0.012345455586910248),
2026-07-09 03:18:11,988 | INFO | 	                        (13, 0.012345455586910248),
[92mINFO [0m:      	                        (14, 0.007780183106660843),
2026-07-09 03:18:11,988 | INFO | 	                        (14, 0.007780183106660843),
[92mINFO [0m:      	                        (15, 0.009658273309469223),
2026-07-09 03:18:11,988 | INFO | 	                        (15, 0.009658273309469223),
[92mINFO [0m:      	                        (16, 0.009688198566436768),
2026-07-09 03:18:11,988 | INFO | 	                        (16, 0.009688198566436768),
[92mINFO [0m:      	                        (17, 0.008799593895673752),
2026-07-09 03:18:11,988 | INFO | 	                        (17, 0.008799593895673752),
[92mINFO [0m:      	                        (18, 0.010343898087739944),
2026-07-09 03:18:11,988 | INFO | 	                        (18, 0.010343898087739944),
[92mINFO [0m:      	                        (19, 0.00872451439499855),
2026-07-09 03:18:11,988 | INFO | 	                        (19, 0.00872451439499855),
[92mINFO [0m:      	                        (20, 0.008531883358955383),
2026-07-09 03:18:11,988 | INFO | 	                        (20, 0.008531883358955383),
[92mINFO [0m:      	                        (21, 0.008772831410169601),
2026-07-09 03:18:11,988 | INFO | 	                        (21, 0.008772831410169601),
[92mINFO [0m:      	                        (22, 0.008183714002370834),
2026-07-09 03:18:11,988 | INFO | 	                        (22, 0.008183714002370834),
[92mINFO [0m:      	                        (23, 0.007873229682445526),
2026-07-09 03:18:11,989 | INFO | 	                        (23, 0.007873229682445526),
[92mINFO [0m:      	                        (24, 0.014231830835342407),
2026-07-09 03:18:11,989 | INFO | 	                        (24, 0.014231830835342407),
[92mINFO [0m:      	                        (25, 0.009477179497480392),
2026-07-09 03:18:11,989 | INFO | 	                        (25, 0.009477179497480392),
[92mINFO [0m:      	                        (26, 0.008589964359998703),
2026-07-09 03:18:11,989 | INFO | 	                        (26, 0.008589964359998703),
[92mINFO [0m:      	                        (27, 0.011175330728292465),
2026-07-09 03:18:11,989 | INFO | 	                        (27, 0.011175330728292465),
[92mINFO [0m:      	                        (28, 0.010530054569244385),
2026-07-09 03:18:11,989 | INFO | 	                        (28, 0.010530054569244385),
[92mINFO [0m:      	                        (29, 0.008698523044586182),
2026-07-09 03:18:11,989 | INFO | 	                        (29, 0.008698523044586182),
[92mINFO [0m:      	                        (30, 0.01121339201927185),
2026-07-09 03:18:11,989 | INFO | 	                        (30, 0.01121339201927185),
[92mINFO [0m:      	                        (31, 0.009191740304231644),
2026-07-09 03:18:11,989 | INFO | 	                        (31, 0.009191740304231644),
[92mINFO [0m:      	                        (32, 0.011511050164699554),
2026-07-09 03:18:11,989 | INFO | 	                        (32, 0.011511050164699554),
[92mINFO [0m:      	                        (33, 0.012302029877901077),
2026-07-09 03:18:11,989 | INFO | 	                        (33, 0.012302029877901077),
[92mINFO [0m:      	                        (34, 0.009931154549121857),
2026-07-09 03:18:11,989 | INFO | 	                        (34, 0.009931154549121857),
[92mINFO [0m:      	                        (35, 0.012105002999305725),
2026-07-09 03:18:11,989 | INFO | 	                        (35, 0.012105002999305725),
[92mINFO [0m:      	                        (36, 0.012236926704645157),
2026-07-09 03:18:11,989 | INFO | 	                        (36, 0.012236926704645157),
[92mINFO [0m:      	                        (37, 0.01249321922659874),
2026-07-09 03:18:11,989 | INFO | 	                        (37, 0.01249321922659874),
[92mINFO [0m:      	                        (38, 0.013000167906284332),
2026-07-09 03:18:11,989 | INFO | 	                        (38, 0.013000167906284332),
[92mINFO [0m:      	                        (39, 0.010856639593839645),
2026-07-09 03:18:11,989 | INFO | 	                        (39, 0.010856639593839645),
[92mINFO [0m:      	                        (40, 0.007562559098005295),
2026-07-09 03:18:11,989 | INFO | 	                        (40, 0.007562559098005295),
[92mINFO [0m:      	                        (41, 0.00874103233218193),
2026-07-09 03:18:11,989 | INFO | 	                        (41, 0.00874103233218193),
[92mINFO [0m:      	                        (42, 0.012764055281877518),
2026-07-09 03:18:11,989 | INFO | 	                        (42, 0.012764055281877518),
[92mINFO [0m:      	                        (43, 0.0110350102186203),
2026-07-09 03:18:11,989 | INFO | 	                        (43, 0.0110350102186203),
[92mINFO [0m:      	                        (44, 0.00990298017859459),
2026-07-09 03:18:11,989 | INFO | 	                        (44, 0.00990298017859459),
[92mINFO [0m:      	                        (45, 0.01360202208161354),
2026-07-09 03:18:11,989 | INFO | 	                        (45, 0.01360202208161354),
[92mINFO [0m:      	                        (46, 0.00864095613360405),
2026-07-09 03:18:11,989 | INFO | 	                        (46, 0.00864095613360405),
[92mINFO [0m:      	                        (47, 0.008158814162015915),
2026-07-09 03:18:11,989 | INFO | 	                        (47, 0.008158814162015915),
[92mINFO [0m:      	                        (48, 0.011126495897769928),
2026-07-09 03:18:11,989 | INFO | 	                        (48, 0.011126495897769928),
[92mINFO [0m:      	                        (49, 0.00985124334692955),
2026-07-09 03:18:11,989 | INFO | 	                        (49, 0.00985124334692955),
[92mINFO [0m:      	                        (50, 0.008618708699941635),
2026-07-09 03:18:11,989 | INFO | 	                        (50, 0.008618708699941635),
[92mINFO [0m:      	                        (51, 0.007797401398420334),
2026-07-09 03:18:11,989 | INFO | 	                        (51, 0.007797401398420334),
[92mINFO [0m:      	                        (52, 0.009775049984455109),
2026-07-09 03:18:11,989 | INFO | 	                        (52, 0.009775049984455109),
[92mINFO [0m:      	                        (53, 0.009332604706287384),
2026-07-09 03:18:11,989 | INFO | 	                        (53, 0.009332604706287384),
[92mINFO [0m:      	                        (54, 0.00953669473528862),
2026-07-09 03:18:11,989 | INFO | 	                        (54, 0.00953669473528862),
[92mINFO [0m:      	                        (55, 0.011527806520462036),
2026-07-09 03:18:11,989 | INFO | 	                        (55, 0.011527806520462036),
[92mINFO [0m:      	                        (56, 0.008759953081607819),
2026-07-09 03:18:11,989 | INFO | 	                        (56, 0.008759953081607819),
[92mINFO [0m:      	                        (57, 0.010266847908496857),
2026-07-09 03:18:11,989 | INFO | 	                        (57, 0.010266847908496857),
[92mINFO [0m:      	                        (58, 0.010353393852710724),
2026-07-09 03:18:11,989 | INFO | 	                        (58, 0.010353393852710724),
[92mINFO [0m:      	                        (59, 0.012364812195301056),
2026-07-09 03:18:11,989 | INFO | 	                        (59, 0.012364812195301056),
[92mINFO [0m:      	                        (60, 0.014388356357812881)],
2026-07-09 03:18:11,989 | INFO | 	                        (60, 0.014388356357812881)],
[92mINFO [0m:      	 'aggregation_delta_cosine': [(1, 0.9898689281095044),
2026-07-09 03:18:11,989 | INFO | 	 'aggregation_delta_cosine': [(1, 0.9898689281095044),
[92mINFO [0m:      	                              (2, 0.987405571164675),
2026-07-09 03:18:11,989 | INFO | 	                              (2, 0.987405571164675),
[92mINFO [0m:      	                              (3, 0.9919045033852883),
2026-07-09 03:18:11,989 | INFO | 	                              (3, 0.9919045033852883),
[92mINFO [0m:      	                              (4, 0.986282087924276),
2026-07-09 03:18:11,990 | INFO | 	                              (4, 0.986282087924276),
[92mINFO [0m:      	                              (5, 0.9905000721526281),
2026-07-09 03:18:11,990 | INFO | 	                              (5, 0.9905000721526281),
[92mINFO [0m:      	                              (6, 0.9901079006032288),
2026-07-09 03:18:11,990 | INFO | 	                              (6, 0.9901079006032288),
[92mINFO [0m:      	                              (7, 0.987771969668391),
2026-07-09 03:18:11,990 | INFO | 	                              (7, 0.987771969668391),
[92mINFO [0m:      	                              (8, 0.9878277409998101),
2026-07-09 03:18:11,990 | INFO | 	                              (8, 0.9878277409998101),
[92mINFO [0m:      	                              (9, 0.9896057924399512),
2026-07-09 03:18:11,990 | INFO | 	                              (9, 0.9896057924399512),
[92mINFO [0m:      	                              (10, 0.9930248259072355),
2026-07-09 03:18:11,990 | INFO | 	                              (10, 0.9930248259072355),
[92mINFO [0m:      	                              (11, 0.9896520162868362),
2026-07-09 03:18:11,990 | INFO | 	                              (11, 0.9896520162868362),
[92mINFO [0m:      	                              (12, 0.9917353408350976),
2026-07-09 03:18:11,990 | INFO | 	                              (12, 0.9917353408350976),
[92mINFO [0m:      	                              (13, 0.9933540813670398),
2026-07-09 03:18:11,990 | INFO | 	                              (13, 0.9933540813670398),
[92mINFO [0m:      	                              (14, 0.9897655729324378),
2026-07-09 03:18:11,990 | INFO | 	                              (14, 0.9897655729324378),
[92mINFO [0m:      	                              (15, 0.9911389588793921),
2026-07-09 03:18:11,990 | INFO | 	                              (15, 0.9911389588793921),
[92mINFO [0m:      	                              (16, 0.9829791571475972),
2026-07-09 03:18:11,990 | INFO | 	                              (16, 0.9829791571475972),
[92mINFO [0m:      	                              (17, 0.992011718077031),
2026-07-09 03:18:11,990 | INFO | 	                              (17, 0.992011718077031),
[92mINFO [0m:      	                              (18, 0.9913184926377433),
2026-07-09 03:18:11,990 | INFO | 	                              (18, 0.9913184926377433),
[92mINFO [0m:      	                              (19, 0.991092989114156),
2026-07-09 03:18:11,990 | INFO | 	                              (19, 0.991092989114156),
[92mINFO [0m:      	                              (20, 0.9915682225526232),
2026-07-09 03:18:11,990 | INFO | 	                              (20, 0.9915682225526232),
[92mINFO [0m:      	                              (21, 0.9872928634411461),
2026-07-09 03:18:11,990 | INFO | 	                              (21, 0.9872928634411461),
[92mINFO [0m:      	                              (22, 0.9894185478349687),
2026-07-09 03:18:11,990 | INFO | 	                              (22, 0.9894185478349687),
[92mINFO [0m:      	                              (23, 0.9902211597889458),
2026-07-09 03:18:11,990 | INFO | 	                              (23, 0.9902211597889458),
[92mINFO [0m:      	                              (24, 0.9896608734181841),
2026-07-09 03:18:11,990 | INFO | 	                              (24, 0.9896608734181841),
[92mINFO [0m:      	                              (25, 0.9919648111212713),
2026-07-09 03:18:11,990 | INFO | 	                              (25, 0.9919648111212713),
[92mINFO [0m:      	                              (26, 0.9913658209934533),
2026-07-09 03:18:11,990 | INFO | 	                              (26, 0.9913658209934533),
[92mINFO [0m:      	                              (27, 0.9904457680887438),
2026-07-09 03:18:11,990 | INFO | 	                              (27, 0.9904457680887438),
[92mINFO [0m:      	                              (28, 0.9864442440692602),
2026-07-09 03:18:11,990 | INFO | 	                              (28, 0.9864442440692602),
[92mINFO [0m:      	                              (29, 0.9896841315758984),
2026-07-09 03:18:11,990 | INFO | 	                              (29, 0.9896841315758984),
[92mINFO [0m:      	                              (30, 0.9911692225746069),
2026-07-09 03:18:11,990 | INFO | 	                              (30, 0.9911692225746069),
[92mINFO [0m:      	                              (31, 0.993300632314497),
2026-07-09 03:18:11,990 | INFO | 	                              (31, 0.993300632314497),
[92mINFO [0m:      	                              (32, 0.9925078875645026),
2026-07-09 03:18:11,990 | INFO | 	                              (32, 0.9925078875645026),
[92mINFO [0m:      	                              (33, 0.9926306853751701),
2026-07-09 03:18:11,990 | INFO | 	                              (33, 0.9926306853751701),
[92mINFO [0m:      	                              (34, 0.9936654347000066),
2026-07-09 03:18:11,990 | INFO | 	                              (34, 0.9936654347000066),
[92mINFO [0m:      	                              (35, 0.9882678740743579),
2026-07-09 03:18:11,990 | INFO | 	                              (35, 0.9882678740743579),
[92mINFO [0m:      	                              (36, 0.9921977068368022),
2026-07-09 03:18:11,990 | INFO | 	                              (36, 0.9921977068368022),
[92mINFO [0m:      	                              (37, 0.9944129190131721),
2026-07-09 03:18:11,990 | INFO | 	                              (37, 0.9944129190131721),
[92mINFO [0m:      	                              (38, 0.9933336387454393),
2026-07-09 03:18:11,990 | INFO | 	                              (38, 0.9933336387454393),
[92mINFO [0m:      	                              (39, 0.9929007847646872),
2026-07-09 03:18:11,990 | INFO | 	                              (39, 0.9929007847646872),
[92mINFO [0m:      	                              (40, 0.992922750153198),
2026-07-09 03:18:11,990 | INFO | 	                              (40, 0.992922750153198),
[92mINFO [0m:      	                              (41, 0.9936391918184455),
2026-07-09 03:18:11,990 | INFO | 	                              (41, 0.9936391918184455),
[92mINFO [0m:      	                              (42, 0.9893049192977955),
2026-07-09 03:18:11,990 | INFO | 	                              (42, 0.9893049192977955),
[92mINFO [0m:      	                              (43, 0.9926695380698312),
2026-07-09 03:18:11,990 | INFO | 	                              (43, 0.9926695380698312),
[92mINFO [0m:      	                              (44, 0.9908990322881619),
2026-07-09 03:18:11,990 | INFO | 	                              (44, 0.9908990322881619),
[92mINFO [0m:      	                              (45, 0.9884510838983392),
2026-07-09 03:18:11,991 | INFO | 	                              (45, 0.9884510838983392),
[92mINFO [0m:      	                              (46, 0.9889684467432384),
2026-07-09 03:18:11,991 | INFO | 	                              (46, 0.9889684467432384),
[92mINFO [0m:      	                              (47, 0.9927136009331995),
2026-07-09 03:18:11,991 | INFO | 	                              (47, 0.9927136009331995),
[92mINFO [0m:      	                              (48, 0.9939427266743118),
2026-07-09 03:18:11,991 | INFO | 	                              (48, 0.9939427266743118),
[92mINFO [0m:      	                              (49, 0.9941257513964497),
2026-07-09 03:18:11,991 | INFO | 	                              (49, 0.9941257513964497),
[92mINFO [0m:      	                              (50, 0.9933103967082705),
2026-07-09 03:18:11,991 | INFO | 	                              (50, 0.9933103967082705),
[92mINFO [0m:      	                              (51, 0.9931003059298804),
2026-07-09 03:18:11,991 | INFO | 	                              (51, 0.9931003059298804),
[92mINFO [0m:      	                              (52, 0.9906360123366748),
2026-07-09 03:18:11,991 | INFO | 	                              (52, 0.9906360123366748),
[92mINFO [0m:      	                              (53, 0.9931334478120992),
2026-07-09 03:18:11,991 | INFO | 	                              (53, 0.9931334478120992),
[92mINFO [0m:      	                              (54, 0.993684217558347),
2026-07-09 03:18:11,991 | INFO | 	                              (54, 0.993684217558347),
[92mINFO [0m:      	                              (55, 0.9930141744132993),
2026-07-09 03:18:11,991 | INFO | 	                              (55, 0.9930141744132993),
[92mINFO [0m:      	                              (56, 0.9922140280365577),
2026-07-09 03:18:11,991 | INFO | 	                              (56, 0.9922140280365577),
[92mINFO [0m:      	                              (57, 0.992718227479444),
2026-07-09 03:18:11,991 | INFO | 	                              (57, 0.992718227479444),
[92mINFO [0m:      	                              (58, 0.9942199137845312),
2026-07-09 03:18:11,991 | INFO | 	                              (58, 0.9942199137845312),
[92mINFO [0m:      	                              (59, 0.9944160813147789),
2026-07-09 03:18:11,991 | INFO | 	                              (59, 0.9944160813147789),
[92mINFO [0m:      	                              (60, 0.9942670120295569)],
2026-07-09 03:18:11,991 | INFO | 	                              (60, 0.9942670120295569)],
[92mINFO [0m:      	 'aggregation_delta_l2': [(1, 0.974880237197327),
2026-07-09 03:18:11,991 | INFO | 	 'aggregation_delta_l2': [(1, 0.974880237197327),
[92mINFO [0m:      	                          (2, 1.1012897343665211),
2026-07-09 03:18:11,991 | INFO | 	                          (2, 1.1012897343665211),
[92mINFO [0m:      	                          (3, 0.8919079527624394),
2026-07-09 03:18:11,991 | INFO | 	                          (3, 0.8919079527624394),
[92mINFO [0m:      	                          (4, 1.1762639187854285),
2026-07-09 03:18:11,991 | INFO | 	                          (4, 1.1762639187854285),
[92mINFO [0m:      	                          (5, 0.990227045983182),
2026-07-09 03:18:11,991 | INFO | 	                          (5, 0.990227045983182),
[92mINFO [0m:      	                          (6, 1.0222600016804144),
2026-07-09 03:18:11,991 | INFO | 	                          (6, 1.0222600016804144),
[92mINFO [0m:      	                          (7, 1.1501679892887826),
2026-07-09 03:18:11,991 | INFO | 	                          (7, 1.1501679892887826),
[92mINFO [0m:      	                          (8, 1.163145869290707),
2026-07-09 03:18:11,991 | INFO | 	                          (8, 1.163145869290707),
[92mINFO [0m:      	                          (9, 1.088404339766532),
2026-07-09 03:18:11,991 | INFO | 	                          (9, 1.088404339766532),
[92mINFO [0m:      	                          (10, 0.8995015502775429),
2026-07-09 03:18:11,991 | INFO | 	                          (10, 0.8995015502775429),
[92mINFO [0m:      	                          (11, 1.1068975929199685),
2026-07-09 03:18:11,991 | INFO | 	                          (11, 1.1068975929199685),
[92mINFO [0m:      	                          (12, 1.000327857209456),
2026-07-09 03:18:11,991 | INFO | 	                          (12, 1.000327857209456),
[92mINFO [0m:      	                          (13, 0.9038430803744302),
2026-07-09 03:18:11,991 | INFO | 	                          (13, 0.9038430803744302),
[92mINFO [0m:      	                          (14, 1.1334918097878781),
2026-07-09 03:18:11,991 | INFO | 	                          (14, 1.1334918097878781),
[92mINFO [0m:      	                          (15, 1.0655590582394947),
2026-07-09 03:18:11,991 | INFO | 	                          (15, 1.0655590582394947),
[92mINFO [0m:      	                          (16, 1.5031158888073437),
2026-07-09 03:18:11,991 | INFO | 	                          (16, 1.5031158888073437),
[92mINFO [0m:      	                          (17, 1.0406335190702518),
2026-07-09 03:18:11,991 | INFO | 	                          (17, 1.0406335190702518),
[92mINFO [0m:      	                          (18, 1.0957613726322462),
2026-07-09 03:18:11,991 | INFO | 	                          (18, 1.0957613726322462),
[92mINFO [0m:      	                          (19, 1.1206019139485544),
2026-07-09 03:18:11,991 | INFO | 	                          (19, 1.1206019139485544),
[92mINFO [0m:      	                          (20, 1.100739350349501),
2026-07-09 03:18:11,991 | INFO | 	                          (20, 1.100739350349501),
[92mINFO [0m:      	                          (21, 1.3675451537161578),
2026-07-09 03:18:11,991 | INFO | 	                          (21, 1.3675451537161578),
[92mINFO [0m:      	                          (22, 1.2628702116391617),
2026-07-09 03:18:11,991 | INFO | 	                          (22, 1.2628702116391617),
[92mINFO [0m:      	                          (23, 1.2260787722811106),
2026-07-09 03:18:11,991 | INFO | 	                          (23, 1.2260787722811106),
[92mINFO [0m:      	                          (24, 1.2746531742147387),
2026-07-09 03:18:11,991 | INFO | 	                          (24, 1.2746531742147387),
[92mINFO [0m:      	                          (25, 1.134788043108327),
2026-07-09 03:18:11,992 | INFO | 	                          (25, 1.134788043108327),
[92mINFO [0m:      	                          (26, 1.186945016707969),
2026-07-09 03:18:11,992 | INFO | 	                          (26, 1.186945016707969),
[92mINFO [0m:      	                          (27, 1.2619632836981998),
2026-07-09 03:18:11,992 | INFO | 	                          (27, 1.2619632836981998),
[92mINFO [0m:      	                          (28, 1.524663995796251),
2026-07-09 03:18:11,992 | INFO | 	                          (28, 1.524663995796251),
[92mINFO [0m:      	                          (29, 1.3462569927622772),
2026-07-09 03:18:11,992 | INFO | 	                          (29, 1.3462569927622772),
[92mINFO [0m:      	                          (30, 1.2589153903865125),
2026-07-09 03:18:11,992 | INFO | 	                          (30, 1.2589153903865125),
[92mINFO [0m:      	                          (31, 1.1046485672565056),
2026-07-09 03:18:11,992 | INFO | 	                          (31, 1.1046485672565056),
[92mINFO [0m:      	                          (32, 1.1780633792387027),
2026-07-09 03:18:11,992 | INFO | 	                          (32, 1.1780633792387027),
[92mINFO [0m:      	                          (33, 1.1773208304727858),
2026-07-09 03:18:11,992 | INFO | 	                          (33, 1.1773208304727858),
[92mINFO [0m:      	                          (34, 1.0998237294058337),
2026-07-09 03:18:11,992 | INFO | 	                          (34, 1.0998237294058337),
[92mINFO [0m:      	                          (35, 1.514312237990409),
2026-07-09 03:18:11,992 | INFO | 	                          (35, 1.514312237990409),
[92mINFO [0m:      	                          (36, 1.2464418236581762),
2026-07-09 03:18:11,992 | INFO | 	                          (36, 1.2464418236581762),
[92mINFO [0m:      	                          (37, 1.061941063846363),
2026-07-09 03:18:11,992 | INFO | 	                          (37, 1.061941063846363),
[92mINFO [0m:      	                          (38, 1.1684127868176133),
2026-07-09 03:18:11,992 | INFO | 	                          (38, 1.1684127868176133),
[92mINFO [0m:      	                          (39, 1.2144563385679419),
2026-07-09 03:18:11,992 | INFO | 	                          (39, 1.2144563385679419),
[92mINFO [0m:      	                          (40, 1.22170996408206),
2026-07-09 03:18:11,992 | INFO | 	                          (40, 1.22170996408206),
[92mINFO [0m:      	                          (41, 1.1666072015290727),
2026-07-09 03:18:11,992 | INFO | 	                          (41, 1.1666072015290727),
[92mINFO [0m:      	                          (42, 1.5284141178755972),
2026-07-09 03:18:11,992 | INFO | 	                          (42, 1.5284141178755972),
[92mINFO [0m:      	                          (43, 1.2766499098381463),
2026-07-09 03:18:11,992 | INFO | 	                          (43, 1.2766499098381463),
[92mINFO [0m:      	                          (44, 1.4371909602385555),
2026-07-09 03:18:11,992 | INFO | 	                          (44, 1.4371909602385555),
[92mINFO [0m:      	                          (45, 1.6371258901254442),
2026-07-09 03:18:11,992 | INFO | 	                          (45, 1.6371258901254442),
[92mINFO [0m:      	                          (46, 1.6182329003516998),
2026-07-09 03:18:11,992 | INFO | 	                          (46, 1.6182329003516998),
[92mINFO [0m:      	                          (47, 1.3266177575545592),
2026-07-09 03:18:11,992 | INFO | 	                          (47, 1.3266177575545592),
[92mINFO [0m:      	                          (48, 1.2181779133918444),
2026-07-09 03:18:11,992 | INFO | 	                          (48, 1.2181779133918444),
[92mINFO [0m:      	                          (49, 1.2072748963215134),
2026-07-09 03:18:11,992 | INFO | 	                          (49, 1.2072748963215134),
[92mINFO [0m:      	                          (50, 1.2978044466380132),
2026-07-09 03:18:11,992 | INFO | 	                          (50, 1.2978044466380132),
[92mINFO [0m:      	                          (51, 1.3275110472468654),
2026-07-09 03:18:11,992 | INFO | 	                          (51, 1.3275110472468654),
[92mINFO [0m:      	                          (52, 1.561342781225643),
2026-07-09 03:18:11,992 | INFO | 	                          (52, 1.561342781225643),
[92mINFO [0m:      	                          (53, 1.3480462762216738),
2026-07-09 03:18:11,992 | INFO | 	                          (53, 1.3480462762216738),
[92mINFO [0m:      	                          (54, 1.301388175186248),
2026-07-09 03:18:11,992 | INFO | 	                          (54, 1.301388175186248),
[92mINFO [0m:      	                          (55, 1.379344264019802),
2026-07-09 03:18:11,992 | INFO | 	                          (55, 1.379344264019802),
[92mINFO [0m:      	                          (56, 1.4683791708480738),
2026-07-09 03:18:11,992 | INFO | 	                          (56, 1.4683791708480738),
[92mINFO [0m:      	                          (57, 1.4308028572885383),
2026-07-09 03:18:11,992 | INFO | 	                          (57, 1.4308028572885383),
[92mINFO [0m:      	                          (58, 1.2824870554669667),
2026-07-09 03:18:11,992 | INFO | 	                          (58, 1.2824870554669667),
[92mINFO [0m:      	                          (59, 1.2679128231428285),
2026-07-09 03:18:11,992 | INFO | 	                          (59, 1.2679128231428285),
[92mINFO [0m:      	                          (60, 1.2918545786482218)],
2026-07-09 03:18:11,992 | INFO | 	                          (60, 1.2918545786482218)],
[92mINFO [0m:      	 'aggregation_delta_linf': [(1, 0.015647752210497856),
2026-07-09 03:18:11,992 | INFO | 	 'aggregation_delta_linf': [(1, 0.015647752210497856),
[92mINFO [0m:      	                            (2, 0.02322021871805191),
2026-07-09 03:18:11,992 | INFO | 	                            (2, 0.02322021871805191),
[92mINFO [0m:      	                            (3, 0.015041667968034744),
2026-07-09 03:18:11,992 | INFO | 	                            (3, 0.015041667968034744),
[92mINFO [0m:      	                            (4, 0.018485847860574722),
2026-07-09 03:18:11,992 | INFO | 	                            (4, 0.018485847860574722),
[92mINFO [0m:      	                            (5, 0.013579731807112694),
2026-07-09 03:18:11,992 | INFO | 	                            (5, 0.013579731807112694),
[92mINFO [0m:      	                            (6, 0.014653762802481651),
2026-07-09 03:18:11,993 | INFO | 	                            (6, 0.014653762802481651),
[92mINFO [0m:      	                            (7, 0.02303234487771988),
2026-07-09 03:18:11,993 | INFO | 	                            (7, 0.02303234487771988),
[92mINFO [0m:      	                            (8, 0.01858539506793022),
2026-07-09 03:18:11,993 | INFO | 	                            (8, 0.01858539506793022),
[92mINFO [0m:      	                            (9, 0.014683164656162262),
2026-07-09 03:18:11,993 | INFO | 	                            (9, 0.014683164656162262),
[92mINFO [0m:      	                            (10, 0.018157273530960083),
2026-07-09 03:18:11,993 | INFO | 	                            (10, 0.018157273530960083),
[92mINFO [0m:      	                            (11, 0.019587378948926926),
2026-07-09 03:18:11,993 | INFO | 	                            (11, 0.019587378948926926),
[92mINFO [0m:      	                            (12, 0.013569839298725128),
2026-07-09 03:18:11,993 | INFO | 	                            (12, 0.013569839298725128),
[92mINFO [0m:      	                            (13, 0.01289328746497631),
2026-07-09 03:18:11,993 | INFO | 	                            (13, 0.01289328746497631),
[92mINFO [0m:      	                            (14, 0.015909243375062943),
2026-07-09 03:18:11,993 | INFO | 	                            (14, 0.015909243375062943),
[92mINFO [0m:      	                            (15, 0.014665432274341583),
2026-07-09 03:18:11,993 | INFO | 	                            (15, 0.014665432274341583),
[92mINFO [0m:      	                            (16, 0.0252179354429245),
2026-07-09 03:18:11,993 | INFO | 	                            (16, 0.0252179354429245),
[92mINFO [0m:      	                            (17, 0.016279082745313644),
2026-07-09 03:18:11,993 | INFO | 	                            (17, 0.016279082745313644),
[92mINFO [0m:      	                            (18, 0.014902360737323761),
2026-07-09 03:18:11,993 | INFO | 	                            (18, 0.014902360737323761),
[92mINFO [0m:      	                            (19, 0.017536159604787827),
2026-07-09 03:18:11,993 | INFO | 	                            (19, 0.017536159604787827),
[92mINFO [0m:      	                            (20, 0.01740088127553463),
2026-07-09 03:18:11,993 | INFO | 	                            (20, 0.01740088127553463),
[92mINFO [0m:      	                            (21, 0.02307167649269104),
2026-07-09 03:18:11,993 | INFO | 	                            (21, 0.02307167649269104),
[92mINFO [0m:      	                            (22, 0.018067719414830208),
2026-07-09 03:18:11,993 | INFO | 	                            (22, 0.018067719414830208),
[92mINFO [0m:      	                            (23, 0.018230421468615532),
2026-07-09 03:18:11,993 | INFO | 	                            (23, 0.018230421468615532),
[92mINFO [0m:      	                            (24, 0.017486307071521878),
2026-07-09 03:18:11,993 | INFO | 	                            (24, 0.017486307071521878),
[92mINFO [0m:      	                            (25, 0.01543077826499939),
2026-07-09 03:18:11,993 | INFO | 	                            (25, 0.01543077826499939),
[92mINFO [0m:      	                            (26, 0.016374379163607955),
2026-07-09 03:18:11,993 | INFO | 	                            (26, 0.016374379163607955),
[92mINFO [0m:      	                            (27, 0.018195021897554398),
2026-07-09 03:18:11,993 | INFO | 	                            (27, 0.018195021897554398),
[92mINFO [0m:      	                            (28, 0.02436818927526474),
2026-07-09 03:18:11,993 | INFO | 	                            (28, 0.02436818927526474),
[92mINFO [0m:      	                            (29, 0.019754759967327118),
2026-07-09 03:18:11,993 | INFO | 	                            (29, 0.019754759967327118),
[92mINFO [0m:      	                            (30, 0.019062818959355354),
2026-07-09 03:18:11,993 | INFO | 	                            (30, 0.019062818959355354),
[92mINFO [0m:      	                            (31, 0.015827875584363937),
2026-07-09 03:18:11,993 | INFO | 	                            (31, 0.015827875584363937),
[92mINFO [0m:      	                            (32, 0.018786370754241943),
2026-07-09 03:18:11,993 | INFO | 	                            (32, 0.018786370754241943),
[92mINFO [0m:      	                            (33, 0.0180797278881073),
2026-07-09 03:18:11,993 | INFO | 	                            (33, 0.0180797278881073),
[92mINFO [0m:      	                            (34, 0.016349226236343384),
2026-07-09 03:18:11,993 | INFO | 	                            (34, 0.016349226236343384),
[92mINFO [0m:      	                            (35, 0.02016169484704733),
2026-07-09 03:18:11,993 | INFO | 	                            (35, 0.02016169484704733),
[92mINFO [0m:      	                            (36, 0.017517831176519394),
2026-07-09 03:18:11,993 | INFO | 	                            (36, 0.017517831176519394),
[92mINFO [0m:      	                            (37, 0.014935198705643415),
2026-07-09 03:18:11,993 | INFO | 	                            (37, 0.014935198705643415),
[92mINFO [0m:      	                            (38, 0.016242071986198425),
2026-07-09 03:18:11,993 | INFO | 	                            (38, 0.016242071986198425),
[92mINFO [0m:      	                            (39, 0.01640839735046029),
2026-07-09 03:18:11,993 | INFO | 	                            (39, 0.01640839735046029),
[92mINFO [0m:      	                            (40, 0.019444586243480444),
2026-07-09 03:18:11,993 | INFO | 	                            (40, 0.019444586243480444),
[92mINFO [0m:      	                            (41, 0.0187239054357633),
2026-07-09 03:18:11,993 | INFO | 	                            (41, 0.0187239054357633),
[92mINFO [0m:      	                            (42, 0.020809740759432316),
2026-07-09 03:18:11,993 | INFO | 	                            (42, 0.020809740759432316),
[92mINFO [0m:      	                            (43, 0.02085845172405243),
2026-07-09 03:18:11,993 | INFO | 	                            (43, 0.02085845172405243),
[92mINFO [0m:      	                            (44, 0.020816538482904434),
2026-07-09 03:18:11,993 | INFO | 	                            (44, 0.020816538482904434),
[92mINFO [0m:      	                            (45, 0.022503219544887543),
2026-07-09 03:18:11,993 | INFO | 	                            (45, 0.022503219544887543),
[92mINFO [0m:      	                            (46, 0.02848377823829651),
2026-07-09 03:18:11,993 | INFO | 	                            (46, 0.02848377823829651),
[92mINFO [0m:      	                            (47, 0.020293953828513622),
2026-07-09 03:18:11,993 | INFO | 	                            (47, 0.020293953828513622),
[92mINFO [0m:      	                            (48, 0.017399094998836517),
2026-07-09 03:18:11,994 | INFO | 	                            (48, 0.017399094998836517),
[92mINFO [0m:      	                            (49, 0.02048596739768982),
2026-07-09 03:18:11,994 | INFO | 	                            (49, 0.02048596739768982),
[92mINFO [0m:      	                            (50, 0.01960025727748871),
2026-07-09 03:18:11,994 | INFO | 	                            (50, 0.01960025727748871),
[92mINFO [0m:      	                            (51, 0.01979578286409378),
2026-07-09 03:18:11,994 | INFO | 	                            (51, 0.01979578286409378),
[92mINFO [0m:      	                            (52, 0.021596227772533894),
2026-07-09 03:18:11,994 | INFO | 	                            (52, 0.021596227772533894),
[92mINFO [0m:      	                            (53, 0.02009846828877926),
2026-07-09 03:18:11,994 | INFO | 	                            (53, 0.02009846828877926),
[92mINFO [0m:      	                            (54, 0.020548256114125252),
2026-07-09 03:18:11,994 | INFO | 	                            (54, 0.020548256114125252),
[92mINFO [0m:      	                            (55, 0.019501807168126106),
2026-07-09 03:18:11,994 | INFO | 	                            (55, 0.019501807168126106),
[92mINFO [0m:      	                            (56, 0.023491811414714903),
2026-07-09 03:18:11,994 | INFO | 	                            (56, 0.023491811414714903),
[92mINFO [0m:      	                            (57, 0.020542770624160767),
2026-07-09 03:18:11,994 | INFO | 	                            (57, 0.020542770624160767),
[92mINFO [0m:      	                            (58, 0.01843110751360655),
2026-07-09 03:18:11,994 | INFO | 	                            (58, 0.01843110751360655),
[92mINFO [0m:      	                            (59, 0.019953932613134384),
2026-07-09 03:18:11,994 | INFO | 	                            (59, 0.019953932613134384),
[92mINFO [0m:      	                            (60, 0.019183308351784945)],
2026-07-09 03:18:11,994 | INFO | 	                            (60, 0.019183308351784945)],
[92mINFO [0m:      	 'aggregation_energy_after': [(1, nan),
2026-07-09 03:18:11,994 | INFO | 	 'aggregation_energy_after': [(1, nan),
[92mINFO [0m:      	                              (2, nan),
2026-07-09 03:18:11,994 | INFO | 	                              (2, nan),
[92mINFO [0m:      	                              (3, nan),
2026-07-09 03:18:11,994 | INFO | 	                              (3, nan),
[92mINFO [0m:      	                              (4, nan),
2026-07-09 03:18:11,994 | INFO | 	                              (4, nan),
[92mINFO [0m:      	                              (5, nan),
2026-07-09 03:18:11,994 | INFO | 	                              (5, nan),
[92mINFO [0m:      	                              (6, nan),
2026-07-09 03:18:11,994 | INFO | 	                              (6, nan),
[92mINFO [0m:      	                              (7, nan),
2026-07-09 03:18:11,994 | INFO | 	                              (7, nan),
[92mINFO [0m:      	                              (8, nan),
2026-07-09 03:18:11,994 | INFO | 	                              (8, nan),
[92mINFO [0m:      	                              (9, nan),
2026-07-09 03:18:11,994 | INFO | 	                              (9, nan),
[92mINFO [0m:      	                              (10, nan),
2026-07-09 03:18:11,994 | INFO | 	                              (10, nan),
[92mINFO [0m:      	                              (11, nan),
2026-07-09 03:18:11,994 | INFO | 	                              (11, nan),
[92mINFO [0m:      	                              (12, nan),
2026-07-09 03:18:11,994 | INFO | 	                              (12, nan),
[92mINFO [0m:      	                              (13, nan),
2026-07-09 03:18:11,994 | INFO | 	                              (13, nan),
[92mINFO [0m:      	                              (14, nan),
2026-07-09 03:18:11,994 | INFO | 	                              (14, nan),
[92mINFO [0m:      	                              (15, nan),
2026-07-09 03:18:11,994 | INFO | 	                              (15, nan),
[92mINFO [0m:      	                              (16, nan),
2026-07-09 03:18:11,994 | INFO | 	                              (16, nan),
[92mINFO [0m:      	                              (17, nan),
2026-07-09 03:18:11,994 | INFO | 	                              (17, nan),
[92mINFO [0m:      	                              (18, nan),
2026-07-09 03:18:11,994 | INFO | 	                              (18, nan),
[92mINFO [0m:      	                              (19, nan),
2026-07-09 03:18:11,994 | INFO | 	                              (19, nan),
[92mINFO [0m:      	                              (20, nan),
2026-07-09 03:18:11,994 | INFO | 	                              (20, nan),
[92mINFO [0m:      	                              (21, nan),
2026-07-09 03:18:11,994 | INFO | 	                              (21, nan),
[92mINFO [0m:      	                              (22, nan),
2026-07-09 03:18:11,994 | INFO | 	                              (22, nan),
[92mINFO [0m:      	                              (23, nan),
2026-07-09 03:18:11,994 | INFO | 	                              (23, nan),
[92mINFO [0m:      	                              (24, nan),
2026-07-09 03:18:11,994 | INFO | 	                              (24, nan),
[92mINFO [0m:      	                              (25, nan),
2026-07-09 03:18:11,994 | INFO | 	                              (25, nan),
[92mINFO [0m:      	                              (26, nan),
2026-07-09 03:18:11,994 | INFO | 	                              (26, nan),
[92mINFO [0m:      	                              (27, nan),
2026-07-09 03:18:11,994 | INFO | 	                              (27, nan),
[92mINFO [0m:      	                              (28, nan),
2026-07-09 03:18:11,995 | INFO | 	                              (28, nan),
[92mINFO [0m:      	                              (29, nan),
2026-07-09 03:18:11,995 | INFO | 	                              (29, nan),
[92mINFO [0m:      	                              (30, nan),
2026-07-09 03:18:11,995 | INFO | 	                              (30, nan),
[92mINFO [0m:      	                              (31, nan),
2026-07-09 03:18:11,995 | INFO | 	                              (31, nan),
[92mINFO [0m:      	                              (32, nan),
2026-07-09 03:18:11,995 | INFO | 	                              (32, nan),
[92mINFO [0m:      	                              (33, nan),
2026-07-09 03:18:11,995 | INFO | 	                              (33, nan),
[92mINFO [0m:      	                              (34, nan),
2026-07-09 03:18:11,995 | INFO | 	                              (34, nan),
[92mINFO [0m:      	                              (35, nan),
2026-07-09 03:18:11,995 | INFO | 	                              (35, nan),
[92mINFO [0m:      	                              (36, nan),
2026-07-09 03:18:11,995 | INFO | 	                              (36, nan),
[92mINFO [0m:      	                              (37, nan),
2026-07-09 03:18:11,995 | INFO | 	                              (37, nan),
[92mINFO [0m:      	                              (38, nan),
2026-07-09 03:18:11,995 | INFO | 	                              (38, nan),
[92mINFO [0m:      	                              (39, nan),
2026-07-09 03:18:11,995 | INFO | 	                              (39, nan),
[92mINFO [0m:      	                              (40, nan),
2026-07-09 03:18:11,995 | INFO | 	                              (40, nan),
[92mINFO [0m:      	                              (41, nan),
2026-07-09 03:18:11,995 | INFO | 	                              (41, nan),
[92mINFO [0m:      	                              (42, nan),
2026-07-09 03:18:11,995 | INFO | 	                              (42, nan),
[92mINFO [0m:      	                              (43, nan),
2026-07-09 03:18:11,995 | INFO | 	                              (43, nan),
[92mINFO [0m:      	                              (44, nan),
2026-07-09 03:18:11,995 | INFO | 	                              (44, nan),
[92mINFO [0m:      	                              (45, nan),
2026-07-09 03:18:11,995 | INFO | 	                              (45, nan),
[92mINFO [0m:      	                              (46, nan),
2026-07-09 03:18:11,995 | INFO | 	                              (46, nan),
[92mINFO [0m:      	                              (47, nan),
2026-07-09 03:18:11,995 | INFO | 	                              (47, nan),
[92mINFO [0m:      	                              (48, nan),
2026-07-09 03:18:11,995 | INFO | 	                              (48, nan),
[92mINFO [0m:      	                              (49, nan),
2026-07-09 03:18:11,995 | INFO | 	                              (49, nan),
[92mINFO [0m:      	                              (50, nan),
2026-07-09 03:18:11,995 | INFO | 	                              (50, nan),
[92mINFO [0m:      	                              (51, nan),
2026-07-09 03:18:11,995 | INFO | 	                              (51, nan),
[92mINFO [0m:      	                              (52, nan),
2026-07-09 03:18:11,995 | INFO | 	                              (52, nan),
[92mINFO [0m:      	                              (53, nan),
2026-07-09 03:18:11,995 | INFO | 	                              (53, nan),
[92mINFO [0m:      	                              (54, nan),
2026-07-09 03:18:11,995 | INFO | 	                              (54, nan),
[92mINFO [0m:      	                              (55, nan),
2026-07-09 03:18:11,995 | INFO | 	                              (55, nan),
[92mINFO [0m:      	                              (56, nan),
2026-07-09 03:18:11,995 | INFO | 	                              (56, nan),
[92mINFO [0m:      	                              (57, nan),
2026-07-09 03:18:11,995 | INFO | 	                              (57, nan),
[92mINFO [0m:      	                              (58, nan),
2026-07-09 03:18:11,995 | INFO | 	                              (58, nan),
[92mINFO [0m:      	                              (59, nan),
2026-07-09 03:18:11,995 | INFO | 	                              (59, nan),
[92mINFO [0m:      	                              (60, nan)],
2026-07-09 03:18:11,995 | INFO | 	                              (60, nan)],
[92mINFO [0m:      	 'aggregation_energy_before': [(1, nan),
2026-07-09 03:18:11,995 | INFO | 	 'aggregation_energy_before': [(1, nan),
[92mINFO [0m:      	                               (2, nan),
2026-07-09 03:18:11,995 | INFO | 	                               (2, nan),
[92mINFO [0m:      	                               (3, nan),
2026-07-09 03:18:11,995 | INFO | 	                               (3, nan),
[92mINFO [0m:      	                               (4, nan),
2026-07-09 03:18:11,995 | INFO | 	                               (4, nan),
[92mINFO [0m:      	                               (5, nan),
2026-07-09 03:18:11,995 | INFO | 	                               (5, nan),
[92mINFO [0m:      	                               (6, nan),
2026-07-09 03:18:11,995 | INFO | 	                               (6, nan),
[92mINFO [0m:      	                               (7, nan),
2026-07-09 03:18:11,995 | INFO | 	                               (7, nan),
[92mINFO [0m:      	                               (8, nan),
2026-07-09 03:18:11,995 | INFO | 	                               (8, nan),
[92mINFO [0m:      	                               (9, nan),
2026-07-09 03:18:11,996 | INFO | 	                               (9, nan),
[92mINFO [0m:      	                               (10, nan),
2026-07-09 03:18:11,996 | INFO | 	                               (10, nan),
[92mINFO [0m:      	                               (11, nan),
2026-07-09 03:18:11,996 | INFO | 	                               (11, nan),
[92mINFO [0m:      	                               (12, nan),
2026-07-09 03:18:11,996 | INFO | 	                               (12, nan),
[92mINFO [0m:      	                               (13, nan),
2026-07-09 03:18:11,996 | INFO | 	                               (13, nan),
[92mINFO [0m:      	                               (14, nan),
2026-07-09 03:18:11,996 | INFO | 	                               (14, nan),
[92mINFO [0m:      	                               (15, nan),
2026-07-09 03:18:11,996 | INFO | 	                               (15, nan),
[92mINFO [0m:      	                               (16, nan),
2026-07-09 03:18:11,996 | INFO | 	                               (16, nan),
[92mINFO [0m:      	                               (17, nan),
2026-07-09 03:18:11,996 | INFO | 	                               (17, nan),
[92mINFO [0m:      	                               (18, nan),
2026-07-09 03:18:11,996 | INFO | 	                               (18, nan),
[92mINFO [0m:      	                               (19, nan),
2026-07-09 03:18:11,996 | INFO | 	                               (19, nan),
[92mINFO [0m:      	                               (20, nan),
2026-07-09 03:18:11,996 | INFO | 	                               (20, nan),
[92mINFO [0m:      	                               (21, nan),
2026-07-09 03:18:11,996 | INFO | 	                               (21, nan),
[92mINFO [0m:      	                               (22, nan),
2026-07-09 03:18:11,996 | INFO | 	                               (22, nan),
[92mINFO [0m:      	                               (23, nan),
2026-07-09 03:18:11,996 | INFO | 	                               (23, nan),
[92mINFO [0m:      	                               (24, nan),
2026-07-09 03:18:11,996 | INFO | 	                               (24, nan),
[92mINFO [0m:      	                               (25, nan),
2026-07-09 03:18:11,996 | INFO | 	                               (25, nan),
[92mINFO [0m:      	                               (26, nan),
2026-07-09 03:18:11,996 | INFO | 	                               (26, nan),
[92mINFO [0m:      	                               (27, nan),
2026-07-09 03:18:11,996 | INFO | 	                               (27, nan),
[92mINFO [0m:      	                               (28, nan),
2026-07-09 03:18:11,996 | INFO | 	                               (28, nan),
[92mINFO [0m:      	                               (29, nan),
2026-07-09 03:18:11,996 | INFO | 	                               (29, nan),
[92mINFO [0m:      	                               (30, nan),
2026-07-09 03:18:11,996 | INFO | 	                               (30, nan),
[92mINFO [0m:      	                               (31, nan),
2026-07-09 03:18:11,996 | INFO | 	                               (31, nan),
[92mINFO [0m:      	                               (32, nan),
2026-07-09 03:18:11,996 | INFO | 	                               (32, nan),
[92mINFO [0m:      	                               (33, nan),
2026-07-09 03:18:11,996 | INFO | 	                               (33, nan),
[92mINFO [0m:      	                               (34, nan),
2026-07-09 03:18:11,996 | INFO | 	                               (34, nan),
[92mINFO [0m:      	                               (35, nan),
2026-07-09 03:18:11,996 | INFO | 	                               (35, nan),
[92mINFO [0m:      	                               (36, nan),
2026-07-09 03:18:11,996 | INFO | 	                               (36, nan),
[92mINFO [0m:      	                               (37, nan),
2026-07-09 03:18:11,996 | INFO | 	                               (37, nan),
[92mINFO [0m:      	                               (38, nan),
2026-07-09 03:18:11,996 | INFO | 	                               (38, nan),
[92mINFO [0m:      	                               (39, nan),
2026-07-09 03:18:11,996 | INFO | 	                               (39, nan),
[92mINFO [0m:      	                               (40, nan),
2026-07-09 03:18:11,996 | INFO | 	                               (40, nan),
[92mINFO [0m:      	                               (41, nan),
2026-07-09 03:18:11,996 | INFO | 	                               (41, nan),
[92mINFO [0m:      	                               (42, nan),
2026-07-09 03:18:11,996 | INFO | 	                               (42, nan),
[92mINFO [0m:      	                               (43, nan),
2026-07-09 03:18:11,996 | INFO | 	                               (43, nan),
[92mINFO [0m:      	                               (44, nan),
2026-07-09 03:18:11,996 | INFO | 	                               (44, nan),
[92mINFO [0m:      	                               (45, nan),
2026-07-09 03:18:11,996 | INFO | 	                               (45, nan),
[92mINFO [0m:      	                               (46, nan),
2026-07-09 03:18:11,996 | INFO | 	                               (46, nan),
[92mINFO [0m:      	                               (47, nan),
2026-07-09 03:18:11,996 | INFO | 	                               (47, nan),
[92mINFO [0m:      	                               (48, nan),
2026-07-09 03:18:11,996 | INFO | 	                               (48, nan),
[92mINFO [0m:      	                               (49, nan),
2026-07-09 03:18:11,996 | INFO | 	                               (49, nan),
[92mINFO [0m:      	                               (50, nan),
2026-07-09 03:18:11,997 | INFO | 	                               (50, nan),
[92mINFO [0m:      	                               (51, nan),
2026-07-09 03:18:11,997 | INFO | 	                               (51, nan),
[92mINFO [0m:      	                               (52, nan),
2026-07-09 03:18:11,997 | INFO | 	                               (52, nan),
[92mINFO [0m:      	                               (53, nan),
2026-07-09 03:18:11,997 | INFO | 	                               (53, nan),
[92mINFO [0m:      	                               (54, nan),
2026-07-09 03:18:11,997 | INFO | 	                               (54, nan),
[92mINFO [0m:      	                               (55, nan),
2026-07-09 03:18:11,997 | INFO | 	                               (55, nan),
[92mINFO [0m:      	                               (56, nan),
2026-07-09 03:18:11,997 | INFO | 	                               (56, nan),
[92mINFO [0m:      	                               (57, nan),
2026-07-09 03:18:11,997 | INFO | 	                               (57, nan),
[92mINFO [0m:      	                               (58, nan),
2026-07-09 03:18:11,997 | INFO | 	                               (58, nan),
[92mINFO [0m:      	                               (59, nan),
2026-07-09 03:18:11,997 | INFO | 	                               (59, nan),
[92mINFO [0m:      	                               (60, nan)],
2026-07-09 03:18:11,997 | INFO | 	                               (60, nan)],
[92mINFO [0m:      	 'aggregation_error_proxy': [(1, nan),
2026-07-09 03:18:11,997 | INFO | 	 'aggregation_error_proxy': [(1, nan),
[92mINFO [0m:      	                             (2, nan),
2026-07-09 03:18:11,997 | INFO | 	                             (2, nan),
[92mINFO [0m:      	                             (3, nan),
2026-07-09 03:18:11,997 | INFO | 	                             (3, nan),
[92mINFO [0m:      	                             (4, nan),
2026-07-09 03:18:11,997 | INFO | 	                             (4, nan),
[92mINFO [0m:      	                             (5, nan),
2026-07-09 03:18:11,997 | INFO | 	                             (5, nan),
[92mINFO [0m:      	                             (6, nan),
2026-07-09 03:18:11,997 | INFO | 	                             (6, nan),
[92mINFO [0m:      	                             (7, nan),
2026-07-09 03:18:11,997 | INFO | 	                             (7, nan),
[92mINFO [0m:      	                             (8, nan),
2026-07-09 03:18:11,997 | INFO | 	                             (8, nan),
[92mINFO [0m:      	                             (9, nan),
2026-07-09 03:18:11,997 | INFO | 	                             (9, nan),
[92mINFO [0m:      	                             (10, nan),
2026-07-09 03:18:11,997 | INFO | 	                             (10, nan),
[92mINFO [0m:      	                             (11, nan),
2026-07-09 03:18:11,997 | INFO | 	                             (11, nan),
[92mINFO [0m:      	                             (12, nan),
2026-07-09 03:18:11,997 | INFO | 	                             (12, nan),
[92mINFO [0m:      	                             (13, nan),
2026-07-09 03:18:11,997 | INFO | 	                             (13, nan),
[92mINFO [0m:      	                             (14, nan),
2026-07-09 03:18:11,997 | INFO | 	                             (14, nan),
[92mINFO [0m:      	                             (15, nan),
2026-07-09 03:18:11,997 | INFO | 	                             (15, nan),
[92mINFO [0m:      	                             (16, nan),
2026-07-09 03:18:11,997 | INFO | 	                             (16, nan),
[92mINFO [0m:      	                             (17, nan),
2026-07-09 03:18:11,997 | INFO | 	                             (17, nan),
[92mINFO [0m:      	                             (18, nan),
2026-07-09 03:18:11,997 | INFO | 	                             (18, nan),
[92mINFO [0m:      	                             (19, nan),
2026-07-09 03:18:11,997 | INFO | 	                             (19, nan),
[92mINFO [0m:      	                             (20, nan),
2026-07-09 03:18:11,997 | INFO | 	                             (20, nan),
[92mINFO [0m:      	                             (21, nan),
2026-07-09 03:18:11,997 | INFO | 	                             (21, nan),
[92mINFO [0m:      	                             (22, nan),
2026-07-09 03:18:11,997 | INFO | 	                             (22, nan),
[92mINFO [0m:      	                             (23, nan),
2026-07-09 03:18:11,997 | INFO | 	                             (23, nan),
[92mINFO [0m:      	                             (24, nan),
2026-07-09 03:18:11,997 | INFO | 	                             (24, nan),
[92mINFO [0m:      	                             (25, nan),
2026-07-09 03:18:11,997 | INFO | 	                             (25, nan),
[92mINFO [0m:      	                             (26, nan),
2026-07-09 03:18:11,997 | INFO | 	                             (26, nan),
[92mINFO [0m:      	                             (27, nan),
2026-07-09 03:18:11,997 | INFO | 	                             (27, nan),
[92mINFO [0m:      	                             (28, nan),
2026-07-09 03:18:11,997 | INFO | 	                             (28, nan),
[92mINFO [0m:      	                             (29, nan),
2026-07-09 03:18:11,997 | INFO | 	                             (29, nan),
[92mINFO [0m:      	                             (30, nan),
2026-07-09 03:18:11,997 | INFO | 	                             (30, nan),
[92mINFO [0m:      	                             (31, nan),
2026-07-09 03:18:11,998 | INFO | 	                             (31, nan),
[92mINFO [0m:      	                             (32, nan),
2026-07-09 03:18:11,998 | INFO | 	                             (32, nan),
[92mINFO [0m:      	                             (33, nan),
2026-07-09 03:18:11,998 | INFO | 	                             (33, nan),
[92mINFO [0m:      	                             (34, nan),
2026-07-09 03:18:11,998 | INFO | 	                             (34, nan),
[92mINFO [0m:      	                             (35, nan),
2026-07-09 03:18:11,998 | INFO | 	                             (35, nan),
[92mINFO [0m:      	                             (36, nan),
2026-07-09 03:18:11,998 | INFO | 	                             (36, nan),
[92mINFO [0m:      	                             (37, nan),
2026-07-09 03:18:11,998 | INFO | 	                             (37, nan),
[92mINFO [0m:      	                             (38, nan),
2026-07-09 03:18:11,998 | INFO | 	                             (38, nan),
[92mINFO [0m:      	                             (39, nan),
2026-07-09 03:18:11,998 | INFO | 	                             (39, nan),
[92mINFO [0m:      	                             (40, nan),
2026-07-09 03:18:11,998 | INFO | 	                             (40, nan),
[92mINFO [0m:      	                             (41, nan),
2026-07-09 03:18:11,998 | INFO | 	                             (41, nan),
[92mINFO [0m:      	                             (42, nan),
2026-07-09 03:18:11,998 | INFO | 	                             (42, nan),
[92mINFO [0m:      	                             (43, nan),
2026-07-09 03:18:11,998 | INFO | 	                             (43, nan),
[92mINFO [0m:      	                             (44, nan),
2026-07-09 03:18:11,998 | INFO | 	                             (44, nan),
[92mINFO [0m:      	                             (45, nan),
2026-07-09 03:18:11,998 | INFO | 	                             (45, nan),
[92mINFO [0m:      	                             (46, nan),
2026-07-09 03:18:11,998 | INFO | 	                             (46, nan),
[92mINFO [0m:      	                             (47, nan),
2026-07-09 03:18:11,998 | INFO | 	                             (47, nan),
[92mINFO [0m:      	                             (48, nan),
2026-07-09 03:18:11,998 | INFO | 	                             (48, nan),
[92mINFO [0m:      	                             (49, nan),
2026-07-09 03:18:11,998 | INFO | 	                             (49, nan),
[92mINFO [0m:      	                             (50, nan),
2026-07-09 03:18:11,998 | INFO | 	                             (50, nan),
[92mINFO [0m:      	                             (51, nan),
2026-07-09 03:18:11,998 | INFO | 	                             (51, nan),
[92mINFO [0m:      	                             (52, nan),
2026-07-09 03:18:11,998 | INFO | 	                             (52, nan),
[92mINFO [0m:      	                             (53, nan),
2026-07-09 03:18:11,998 | INFO | 	                             (53, nan),
[92mINFO [0m:      	                             (54, nan),
2026-07-09 03:18:11,998 | INFO | 	                             (54, nan),
[92mINFO [0m:      	                             (55, nan),
2026-07-09 03:18:11,998 | INFO | 	                             (55, nan),
[92mINFO [0m:      	                             (56, nan),
2026-07-09 03:18:11,998 | INFO | 	                             (56, nan),
[92mINFO [0m:      	                             (57, nan),
2026-07-09 03:18:11,998 | INFO | 	                             (57, nan),
[92mINFO [0m:      	                             (58, nan),
2026-07-09 03:18:11,998 | INFO | 	                             (58, nan),
[92mINFO [0m:      	                             (59, nan),
2026-07-09 03:18:11,998 | INFO | 	                             (59, nan),
[92mINFO [0m:      	                             (60, nan)],
2026-07-09 03:18:11,998 | INFO | 	                             (60, nan)],
[92mINFO [0m:      	 'aggregation_mode': [(1, 'product'),
2026-07-09 03:18:11,998 | INFO | 	 'aggregation_mode': [(1, 'product'),
[92mINFO [0m:      	                      (2, 'product'),
2026-07-09 03:18:11,998 | INFO | 	                      (2, 'product'),
[92mINFO [0m:      	                      (3, 'product'),
2026-07-09 03:18:11,998 | INFO | 	                      (3, 'product'),
[92mINFO [0m:      	                      (4, 'product'),
2026-07-09 03:18:11,998 | INFO | 	                      (4, 'product'),
[92mINFO [0m:      	                      (5, 'product'),
2026-07-09 03:18:11,998 | INFO | 	                      (5, 'product'),
[92mINFO [0m:      	                      (6, 'product'),
2026-07-09 03:18:11,998 | INFO | 	                      (6, 'product'),
[92mINFO [0m:      	                      (7, 'product'),
2026-07-09 03:18:11,998 | INFO | 	                      (7, 'product'),
[92mINFO [0m:      	                      (8, 'product'),
2026-07-09 03:18:11,998 | INFO | 	                      (8, 'product'),
[92mINFO [0m:      	                      (9, 'product'),
2026-07-09 03:18:11,998 | INFO | 	                      (9, 'product'),
[92mINFO [0m:      	                      (10, 'product'),
2026-07-09 03:18:11,998 | INFO | 	                      (10, 'product'),
[92mINFO [0m:      	                      (11, 'product'),
2026-07-09 03:18:11,998 | INFO | 	                      (11, 'product'),
[92mINFO [0m:      	                      (12, 'product'),
2026-07-09 03:18:11,998 | INFO | 	                      (12, 'product'),
[92mINFO [0m:      	                      (13, 'product'),
2026-07-09 03:18:11,999 | INFO | 	                      (13, 'product'),
[92mINFO [0m:      	                      (14, 'product'),
2026-07-09 03:18:11,999 | INFO | 	                      (14, 'product'),
[92mINFO [0m:      	                      (15, 'product'),
2026-07-09 03:18:11,999 | INFO | 	                      (15, 'product'),
[92mINFO [0m:      	                      (16, 'product'),
2026-07-09 03:18:11,999 | INFO | 	                      (16, 'product'),
[92mINFO [0m:      	                      (17, 'product'),
2026-07-09 03:18:11,999 | INFO | 	                      (17, 'product'),
[92mINFO [0m:      	                      (18, 'product'),
2026-07-09 03:18:11,999 | INFO | 	                      (18, 'product'),
[92mINFO [0m:      	                      (19, 'product'),
2026-07-09 03:18:11,999 | INFO | 	                      (19, 'product'),
[92mINFO [0m:      	                      (20, 'product'),
2026-07-09 03:18:11,999 | INFO | 	                      (20, 'product'),
[92mINFO [0m:      	                      (21, 'product'),
2026-07-09 03:18:11,999 | INFO | 	                      (21, 'product'),
[92mINFO [0m:      	                      (22, 'product'),
2026-07-09 03:18:11,999 | INFO | 	                      (22, 'product'),
[92mINFO [0m:      	                      (23, 'product'),
2026-07-09 03:18:11,999 | INFO | 	                      (23, 'product'),
[92mINFO [0m:      	                      (24, 'product'),
2026-07-09 03:18:11,999 | INFO | 	                      (24, 'product'),
[92mINFO [0m:      	                      (25, 'product'),
2026-07-09 03:18:11,999 | INFO | 	                      (25, 'product'),
[92mINFO [0m:      	                      (26, 'product'),
2026-07-09 03:18:11,999 | INFO | 	                      (26, 'product'),
[92mINFO [0m:      	                      (27, 'product'),
2026-07-09 03:18:11,999 | INFO | 	                      (27, 'product'),
[92mINFO [0m:      	                      (28, 'product'),
2026-07-09 03:18:11,999 | INFO | 	                      (28, 'product'),
[92mINFO [0m:      	                      (29, 'product'),
2026-07-09 03:18:11,999 | INFO | 	                      (29, 'product'),
[92mINFO [0m:      	                      (30, 'product'),
2026-07-09 03:18:11,999 | INFO | 	                      (30, 'product'),
[92mINFO [0m:      	                      (31, 'product'),
2026-07-09 03:18:11,999 | INFO | 	                      (31, 'product'),
[92mINFO [0m:      	                      (32, 'product'),
2026-07-09 03:18:11,999 | INFO | 	                      (32, 'product'),
[92mINFO [0m:      	                      (33, 'product'),
2026-07-09 03:18:11,999 | INFO | 	                      (33, 'product'),
[92mINFO [0m:      	                      (34, 'product'),
2026-07-09 03:18:11,999 | INFO | 	                      (34, 'product'),
[92mINFO [0m:      	                      (35, 'product'),
2026-07-09 03:18:11,999 | INFO | 	                      (35, 'product'),
[92mINFO [0m:      	                      (36, 'product'),
2026-07-09 03:18:11,999 | INFO | 	                      (36, 'product'),
[92mINFO [0m:      	                      (37, 'product'),
2026-07-09 03:18:11,999 | INFO | 	                      (37, 'product'),
[92mINFO [0m:      	                      (38, 'product'),
2026-07-09 03:18:11,999 | INFO | 	                      (38, 'product'),
[92mINFO [0m:      	                      (39, 'product'),
2026-07-09 03:18:11,999 | INFO | 	                      (39, 'product'),
[92mINFO [0m:      	                      (40, 'product'),
2026-07-09 03:18:11,999 | INFO | 	                      (40, 'product'),
[92mINFO [0m:      	                      (41, 'product'),
2026-07-09 03:18:11,999 | INFO | 	                      (41, 'product'),
[92mINFO [0m:      	                      (42, 'product'),
2026-07-09 03:18:11,999 | INFO | 	                      (42, 'product'),
[92mINFO [0m:      	                      (43, 'product'),
2026-07-09 03:18:11,999 | INFO | 	                      (43, 'product'),
[92mINFO [0m:      	                      (44, 'product'),
2026-07-09 03:18:11,999 | INFO | 	                      (44, 'product'),
[92mINFO [0m:      	                      (45, 'product'),
2026-07-09 03:18:11,999 | INFO | 	                      (45, 'product'),
[92mINFO [0m:      	                      (46, 'product'),
2026-07-09 03:18:11,999 | INFO | 	                      (46, 'product'),
[92mINFO [0m:      	                      (47, 'product'),
2026-07-09 03:18:11,999 | INFO | 	                      (47, 'product'),
[92mINFO [0m:      	                      (48, 'product'),
2026-07-09 03:18:11,999 | INFO | 	                      (48, 'product'),
[92mINFO [0m:      	                      (49, 'product'),
2026-07-09 03:18:11,999 | INFO | 	                      (49, 'product'),
[92mINFO [0m:      	                      (50, 'product'),
2026-07-09 03:18:11,999 | INFO | 	                      (50, 'product'),
[92mINFO [0m:      	                      (51, 'product'),
2026-07-09 03:18:12,000 | INFO | 	                      (51, 'product'),
[92mINFO [0m:      	                      (52, 'product'),
2026-07-09 03:18:12,000 | INFO | 	                      (52, 'product'),
[92mINFO [0m:      	                      (53, 'product'),
2026-07-09 03:18:12,000 | INFO | 	                      (53, 'product'),
[92mINFO [0m:      	                      (54, 'product'),
2026-07-09 03:18:12,000 | INFO | 	                      (54, 'product'),
[92mINFO [0m:      	                      (55, 'product'),
2026-07-09 03:18:12,000 | INFO | 	                      (55, 'product'),
[92mINFO [0m:      	                      (56, 'product'),
2026-07-09 03:18:12,000 | INFO | 	                      (56, 'product'),
[92mINFO [0m:      	                      (57, 'product'),
2026-07-09 03:18:12,000 | INFO | 	                      (57, 'product'),
[92mINFO [0m:      	                      (58, 'product'),
2026-07-09 03:18:12,000 | INFO | 	                      (58, 'product'),
[92mINFO [0m:      	                      (59, 'product'),
2026-07-09 03:18:12,000 | INFO | 	                      (59, 'product'),
[92mINFO [0m:      	                      (60, 'product')],
2026-07-09 03:18:12,000 | INFO | 	                      (60, 'product')],
[92mINFO [0m:      	 'aggregation_weight_entropy': [(1, 1.711209525962528),
2026-07-09 03:18:12,000 | INFO | 	 'aggregation_weight_entropy': [(1, 1.711209525962528),
[92mINFO [0m:      	                                (2, 1.7045020586286277),
2026-07-09 03:18:12,000 | INFO | 	                                (2, 1.7045020586286277),
[92mINFO [0m:      	                                (3, 1.9545763137175338),
2026-07-09 03:18:12,000 | INFO | 	                                (3, 1.9545763137175338),
[92mINFO [0m:      	                                (4, 1.6919175055918885),
2026-07-09 03:18:12,000 | INFO | 	                                (4, 1.6919175055918885),
[92mINFO [0m:      	                                (5, 2.1249588647527267),
2026-07-09 03:18:12,000 | INFO | 	                                (5, 2.1249588647527267),
[92mINFO [0m:      	                                (6, 1.849010354504028),
2026-07-09 03:18:12,000 | INFO | 	                                (6, 1.849010354504028),
[92mINFO [0m:      	                                (7, 1.4109014015181776),
2026-07-09 03:18:12,000 | INFO | 	                                (7, 1.4109014015181776),
[92mINFO [0m:      	                                (8, 1.781093334836338),
2026-07-09 03:18:12,000 | INFO | 	                                (8, 1.781093334836338),
[92mINFO [0m:      	                                (9, 1.8773831910452832),
2026-07-09 03:18:12,000 | INFO | 	                                (9, 1.8773831910452832),
[92mINFO [0m:      	                                (10, 2.1466275087525),
2026-07-09 03:18:12,000 | INFO | 	                                (10, 2.1466275087525),
[92mINFO [0m:      	                                (11, 1.9726654132494301),
2026-07-09 03:18:12,000 | INFO | 	                                (11, 1.9726654132494301),
[92mINFO [0m:      	                                (12, 1.9709510218510515),
2026-07-09 03:18:12,000 | INFO | 	                                (12, 1.9709510218510515),
[92mINFO [0m:      	                                (13, 2.3512864796870225),
2026-07-09 03:18:12,000 | INFO | 	                                (13, 2.3512864796870225),
[92mINFO [0m:      	                                (14, 1.838203206378032),
2026-07-09 03:18:12,000 | INFO | 	                                (14, 1.838203206378032),
[92mINFO [0m:      	                                (15, 2.099276434064476),
2026-07-09 03:18:12,000 | INFO | 	                                (15, 2.099276434064476),
[92mINFO [0m:      	                                (16, 1.5657012987415715),
2026-07-09 03:18:12,000 | INFO | 	                                (16, 1.5657012987415715),
[92mINFO [0m:      	                                (17, 2.011140853689849),
2026-07-09 03:18:12,000 | INFO | 	                                (17, 2.011140853689849),
[92mINFO [0m:      	                                (18, 1.9605950644733048),
2026-07-09 03:18:12,000 | INFO | 	                                (18, 1.9605950644733048),
[92mINFO [0m:      	                                (19, 1.753947149568368),
2026-07-09 03:18:12,000 | INFO | 	                                (19, 1.753947149568368),
[92mINFO [0m:      	                                (20, 2.0234359713023133),
2026-07-09 03:18:12,000 | INFO | 	                                (20, 2.0234359713023133),
[92mINFO [0m:      	                                (21, 1.5509112410852548),
2026-07-09 03:18:12,000 | INFO | 	                                (21, 1.5509112410852548),
[92mINFO [0m:      	                                (22, 1.85725322080055),
2026-07-09 03:18:12,000 | INFO | 	                                (22, 1.85725322080055),
[92mINFO [0m:      	                                (23, 1.6937416418403903),
2026-07-09 03:18:12,000 | INFO | 	                                (23, 1.6937416418403903),
[92mINFO [0m:      	                                (24, 1.6648335652761794),
2026-07-09 03:18:12,000 | INFO | 	                                (24, 1.6648335652761794),
[92mINFO [0m:      	                                (25, 2.0410196291702882),
2026-07-09 03:18:12,000 | INFO | 	                                (25, 2.0410196291702882),
[92mINFO [0m:      	                                (26, 1.92260868415081),
2026-07-09 03:18:12,000 | INFO | 	                                (26, 1.92260868415081),
[92mINFO [0m:      	                                (27, 1.6060019373022822),
2026-07-09 03:18:12,000 | INFO | 	                                (27, 1.6060019373022822),
[92mINFO [0m:      	                                (28, 1.033655111222508),
2026-07-09 03:18:12,000 | INFO | 	                                (28, 1.033655111222508),
[92mINFO [0m:      	                                (29, 1.5461922590424162),
2026-07-09 03:18:12,000 | INFO | 	                                (29, 1.5461922590424162),
[92mINFO [0m:      	                                (30, 2.0129124065767754),
2026-07-09 03:18:12,000 | INFO | 	                                (30, 2.0129124065767754),
[92mINFO [0m:      	                                (31, 1.731001790629097),
2026-07-09 03:18:12,000 | INFO | 	                                (31, 1.731001790629097),
[92mINFO [0m:      	                                (32, 1.9256073388906954),
2026-07-09 03:18:12,000 | INFO | 	                                (32, 1.9256073388906954),
[92mINFO [0m:      	                                (33, 2.048781431500284),
2026-07-09 03:18:12,000 | INFO | 	                                (33, 2.048781431500284),
[92mINFO [0m:      	                                (34, 2.063906659986758),
2026-07-09 03:18:12,001 | INFO | 	                                (34, 2.063906659986758),
[92mINFO [0m:      	                                (35, 1.551408463250592),
2026-07-09 03:18:12,001 | INFO | 	                                (35, 1.551408463250592),
[92mINFO [0m:      	                                (36, 1.9026579105083403),
2026-07-09 03:18:12,001 | INFO | 	                                (36, 1.9026579105083403),
[92mINFO [0m:      	                                (37, 1.9113160388441834),
2026-07-09 03:18:12,001 | INFO | 	                                (37, 1.9113160388441834),
[92mINFO [0m:      	                                (38, 1.9617904841805285),
2026-07-09 03:18:12,001 | INFO | 	                                (38, 1.9617904841805285),
[92mINFO [0m:      	                                (39, 1.9998131225625657),
2026-07-09 03:18:12,001 | INFO | 	                                (39, 1.9998131225625657),
[92mINFO [0m:      	                                (40, 1.663528712837728),
2026-07-09 03:18:12,001 | INFO | 	                                (40, 1.663528712837728),
[92mINFO [0m:      	                                (41, 2.084204813423106),
2026-07-09 03:18:12,001 | INFO | 	                                (41, 2.084204813423106),
[92mINFO [0m:      	                                (42, 1.4721212901650524),
2026-07-09 03:18:12,001 | INFO | 	                                (42, 1.4721212901650524),
[92mINFO [0m:      	                                (43, 1.8383620847508206),
2026-07-09 03:18:12,001 | INFO | 	                                (43, 1.8383620847508206),
[92mINFO [0m:      	                                (44, 1.83209971316117),
2026-07-09 03:18:12,001 | INFO | 	                                (44, 1.83209971316117),
[92mINFO [0m:      	                                (45, 1.7519404563975303),
2026-07-09 03:18:12,001 | INFO | 	                                (45, 1.7519404563975303),
[92mINFO [0m:      	                                (46, 1.5184316075433084),
2026-07-09 03:18:12,001 | INFO | 	                                (46, 1.5184316075433084),
[92mINFO [0m:      	                                (47, 1.6003481752655364),
2026-07-09 03:18:12,001 | INFO | 	                                (47, 1.6003481752655364),
[92mINFO [0m:      	                                (48, 1.822415922559669),
2026-07-09 03:18:12,001 | INFO | 	                                (48, 1.822415922559669),
[92mINFO [0m:      	                                (49, 2.1370345974446137),
2026-07-09 03:18:12,001 | INFO | 	                                (49, 2.1370345974446137),
[92mINFO [0m:      	                                (50, 1.769516796368511),
2026-07-09 03:18:12,001 | INFO | 	                                (50, 1.769516796368511),
[92mINFO [0m:      	                                (51, 1.961687772094351),
2026-07-09 03:18:12,001 | INFO | 	                                (51, 1.961687772094351),
[92mINFO [0m:      	                                (52, 1.8406871434021543),
2026-07-09 03:18:12,001 | INFO | 	                                (52, 1.8406871434021543),
[92mINFO [0m:      	                                (53, 1.9504587175010144),
2026-07-09 03:18:12,001 | INFO | 	                                (53, 1.9504587175010144),
[92mINFO [0m:      	                                (54, 2.120550501161728),
2026-07-09 03:18:12,001 | INFO | 	                                (54, 2.120550501161728),
[92mINFO [0m:      	                                (55, 1.9533611105455735),
2026-07-09 03:18:12,001 | INFO | 	                                (55, 1.9533611105455735),
[92mINFO [0m:      	                                (56, 1.7749020151024373),
2026-07-09 03:18:12,001 | INFO | 	                                (56, 1.7749020151024373),
[92mINFO [0m:      	                                (57, 2.0541099873735114),
2026-07-09 03:18:12,001 | INFO | 	                                (57, 2.0541099873735114),
[92mINFO [0m:      	                                (58, 2.2074253663125027),
2026-07-09 03:18:12,001 | INFO | 	                                (58, 2.2074253663125027),
[92mINFO [0m:      	                                (59, 1.9222492217781642),
2026-07-09 03:18:12,001 | INFO | 	                                (59, 1.9222492217781642),
[92mINFO [0m:      	                                (60, 2.0912899201141815)],
2026-07-09 03:18:12,001 | INFO | 	                                (60, 2.0912899201141815)],
[92mINFO [0m:      	 'aggregation_weight_max': [(1, 0.3381294964028777),
2026-07-09 03:18:12,001 | INFO | 	 'aggregation_weight_max': [(1, 0.3381294964028777),
[92mINFO [0m:      	                            (2, 0.4389908256880734),
2026-07-09 03:18:12,001 | INFO | 	                            (2, 0.4389908256880734),
[92mINFO [0m:      	                            (3, 0.35083748302399276),
2026-07-09 03:18:12,001 | INFO | 	                            (3, 0.35083748302399276),
[92mINFO [0m:      	                            (4, 0.44839400428265525),
2026-07-09 03:18:12,001 | INFO | 	                            (4, 0.44839400428265525),
[92mINFO [0m:      	                            (5, 0.24440619621342513),
2026-07-09 03:18:12,001 | INFO | 	                            (5, 0.24440619621342513),
[92mINFO [0m:      	                            (6, 0.334301119867275),
2026-07-09 03:18:12,001 | INFO | 	                            (6, 0.334301119867275),
[92mINFO [0m:      	                            (7, 0.41335587489433645),
2026-07-09 03:18:12,001 | INFO | 	                            (7, 0.41335587489433645),
[92mINFO [0m:      	                            (8, 0.4130120481927711),
2026-07-09 03:18:12,001 | INFO | 	                            (8, 0.4130120481927711),
[92mINFO [0m:      	                            (9, 0.2567994939911448),
2026-07-09 03:18:12,001 | INFO | 	                            (9, 0.2567994939911448),
[92mINFO [0m:      	                            (10, 0.18896713615023475),
2026-07-09 03:18:12,001 | INFO | 	                            (10, 0.18896713615023475),
[92mINFO [0m:      	                            (11, 0.38146740719087985),
2026-07-09 03:18:12,001 | INFO | 	                            (11, 0.38146740719087985),
[92mINFO [0m:      	                            (12, 0.22095435684647302),
2026-07-09 03:18:12,001 | INFO | 	                            (12, 0.22095435684647302),
[92mINFO [0m:      	                            (13, 0.16245081506464307),
2026-07-09 03:18:12,001 | INFO | 	                            (13, 0.16245081506464307),
[92mINFO [0m:      	                            (14, 0.2768192048012003),
2026-07-09 03:18:12,001 | INFO | 	                            (14, 0.2768192048012003),
[92mINFO [0m:      	                            (15, 0.21195652173913043),
2026-07-09 03:18:12,001 | INFO | 	                            (15, 0.21195652173913043),
[92mINFO [0m:      	                            (16, 0.5894472361809046),
2026-07-09 03:18:12,002 | INFO | 	                            (16, 0.5894472361809046),
[92mINFO [0m:      	                            (17, 0.2212790039615167),
2026-07-09 03:18:12,002 | INFO | 	                            (17, 0.2212790039615167),
[92mINFO [0m:      	                            (18, 0.24438742783835793),
2026-07-09 03:18:12,002 | INFO | 	                            (18, 0.24438742783835793),
[92mINFO [0m:      	                            (19, 0.3443627450980392),
2026-07-09 03:18:12,002 | INFO | 	                            (19, 0.3443627450980392),
[92mINFO [0m:      	                            (20, 0.28512858740216174),
2026-07-09 03:18:12,002 | INFO | 	                            (20, 0.28512858740216174),
[92mINFO [0m:      	                            (21, 0.4735123367198839),
2026-07-09 03:18:12,002 | INFO | 	                            (21, 0.4735123367198839),
[92mINFO [0m:      	                            (22, 0.29732065687121867),
2026-07-09 03:18:12,002 | INFO | 	                            (22, 0.29732065687121867),
[92mINFO [0m:      	                            (23, 0.2884914463452566),
2026-07-09 03:18:12,002 | INFO | 	                            (23, 0.2884914463452566),
[92mINFO [0m:      	                            (24, 0.39351593068753493),
2026-07-09 03:18:12,002 | INFO | 	                            (24, 0.39351593068753493),
[92mINFO [0m:      	                            (25, 0.27660571964369435),
2026-07-09 03:18:12,002 | INFO | 	                            (25, 0.27660571964369435),
[92mINFO [0m:      	                            (26, 0.2589928057553957),
2026-07-09 03:18:12,002 | INFO | 	                            (26, 0.2589928057553957),
[92mINFO [0m:      	                            (27, 0.33635187580853815),
2026-07-09 03:18:12,002 | INFO | 	                            (27, 0.33635187580853815),
[92mINFO [0m:      	                            (28, 0.7426597582037997),
2026-07-09 03:18:12,002 | INFO | 	                            (28, 0.7426597582037997),
[92mINFO [0m:      	                            (29, 0.4444070080862534),
2026-07-09 03:18:12,002 | INFO | 	                            (29, 0.4444070080862534),
[92mINFO [0m:      	                            (30, 0.36989907854322074),
2026-07-09 03:18:12,002 | INFO | 	                            (30, 0.36989907854322074),
[92mINFO [0m:      	                            (31, 0.45463953087271475),
2026-07-09 03:18:12,002 | INFO | 	                            (31, 0.45463953087271475),
[92mINFO [0m:      	                            (32, 0.2635593220338983),
2026-07-09 03:18:12,002 | INFO | 	                            (32, 0.2635593220338983),
[92mINFO [0m:      	                            (33, 0.31375),
2026-07-09 03:18:12,002 | INFO | 	                            (33, 0.31375),
[92mINFO [0m:      	                            (34, 0.22319138019497178),
2026-07-09 03:18:12,002 | INFO | 	                            (34, 0.22319138019497178),
[92mINFO [0m:      	                            (35, 0.5039370078740157),
2026-07-09 03:18:12,002 | INFO | 	                            (35, 0.5039370078740157),
[92mINFO [0m:      	                            (36, 0.2632612966601179),
2026-07-09 03:18:12,002 | INFO | 	                            (36, 0.2632612966601179),
[92mINFO [0m:      	                            (37, 0.30496592015579355),
2026-07-09 03:18:12,002 | INFO | 	                            (37, 0.30496592015579355),
[92mINFO [0m:      	                            (38, 0.2669376693766938),
2026-07-09 03:18:12,002 | INFO | 	                            (38, 0.2669376693766938),
[92mINFO [0m:      	                            (39, 0.32212308396247996),
2026-07-09 03:18:12,002 | INFO | 	                            (39, 0.32212308396247996),
[92mINFO [0m:      	                            (40, 0.27154136628904907),
2026-07-09 03:18:12,002 | INFO | 	                            (40, 0.27154136628904907),
[92mINFO [0m:      	                            (41, 0.25302209253855773),
2026-07-09 03:18:12,002 | INFO | 	                            (41, 0.25302209253855773),
[92mINFO [0m:      	                            (42, 0.3980627306273063),
2026-07-09 03:18:12,002 | INFO | 	                            (42, 0.3980627306273063),
[92mINFO [0m:      	                            (43, 0.27456161422051406),
2026-07-09 03:18:12,002 | INFO | 	                            (43, 0.27456161422051406),
[92mINFO [0m:      	                            (44, 0.38705234159779617),
2026-07-09 03:18:12,002 | INFO | 	                            (44, 0.38705234159779617),
[92mINFO [0m:      	                            (45, 0.5097481722177092),
2026-07-09 03:18:12,002 | INFO | 	                            (45, 0.5097481722177092),
[92mINFO [0m:      	                            (46, 0.45981967855742845),
2026-07-09 03:18:12,002 | INFO | 	                            (46, 0.45981967855742845),
[92mINFO [0m:      	                            (47, 0.3809179616913625),
2026-07-09 03:18:12,002 | INFO | 	                            (47, 0.3809179616913625),
[92mINFO [0m:      	                            (48, 0.34689557855127),
2026-07-09 03:18:12,002 | INFO | 	                            (48, 0.34689557855127),
[92mINFO [0m:      	                            (49, 0.2421078796917723),
2026-07-09 03:18:12,002 | INFO | 	                            (49, 0.2421078796917723),
[92mINFO [0m:      	                            (50, 0.36988847583643125),
2026-07-09 03:18:12,002 | INFO | 	                            (50, 0.36988847583643125),
[92mINFO [0m:      	                            (51, 0.305724197745013),
2026-07-09 03:18:12,002 | INFO | 	                            (51, 0.305724197745013),
[92mINFO [0m:      	                            (52, 0.44655883285759596),
2026-07-09 03:18:12,002 | INFO | 	                            (52, 0.44655883285759596),
[92mINFO [0m:      	                            (53, 0.22302158273381295),
2026-07-09 03:18:12,002 | INFO | 	                            (53, 0.22302158273381295),
[92mINFO [0m:      	                            (54, 0.3152321477056747),
2026-07-09 03:18:12,002 | INFO | 	                            (54, 0.3152321477056747),
[92mINFO [0m:      	                            (55, 0.32004064008128014),
2026-07-09 03:18:12,002 | INFO | 	                            (55, 0.32004064008128014),
[92mINFO [0m:      	                            (56, 0.300556586270872),
2026-07-09 03:18:12,002 | INFO | 	                            (56, 0.300556586270872),
[92mINFO [0m:      	                            (57, 0.3536749831422792),
2026-07-09 03:18:12,003 | INFO | 	                            (57, 0.3536749831422792),
[92mINFO [0m:      	                            (58, 0.22718521370812475),
2026-07-09 03:18:12,003 | INFO | 	                            (58, 0.22718521370812475),
[92mINFO [0m:      	                            (59, 0.35113707490089713),
2026-07-09 03:18:12,003 | INFO | 	                            (59, 0.35113707490089713),
[92mINFO [0m:      	                            (60, 0.20936902485659656)],
2026-07-09 03:18:12,003 | INFO | 	                            (60, 0.20936902485659656)],
[92mINFO [0m:      	 'aggregation_weight_min': [(1, 0.00042319085907744394),
2026-07-09 03:18:12,003 | INFO | 	 'aggregation_weight_min': [(1, 0.00042319085907744394),
[92mINFO [0m:      	                            (2, 0.0009174311926605505),
2026-07-09 03:18:12,003 | INFO | 	                            (2, 0.0009174311926605505),
[92mINFO [0m:      	                            (3, 0.0009053870529651426),
2026-07-09 03:18:12,003 | INFO | 	                            (3, 0.0009053870529651426),
[92mINFO [0m:      	                            (4, 0.0021413276231263384),
2026-07-09 03:18:12,003 | INFO | 	                            (4, 0.0021413276231263384),
[92mINFO [0m:      	                            (5, 0.0005737234652897303),
2026-07-09 03:18:12,003 | INFO | 	                            (5, 0.0005737234652897303),
[92mINFO [0m:      	                            (6, 0.0008295313148071339),
2026-07-09 03:18:12,003 | INFO | 	                            (6, 0.0008295313148071339),
[92mINFO [0m:      	                            (7, 0.00042265426880811494),
2026-07-09 03:18:12,003 | INFO | 	                            (7, 0.00042265426880811494),
[92mINFO [0m:      	                            (8, 0.0019277108433734939),
2026-07-09 03:18:12,003 | INFO | 	                            (8, 0.0019277108433734939),
[92mINFO [0m:      	                            (9, 0.0018975332068311196),
2026-07-09 03:18:12,003 | INFO | 	                            (9, 0.0018975332068311196),
[92mINFO [0m:      	                            (10, 0.000782472613458529),
2026-07-09 03:18:12,003 | INFO | 	                            (10, 0.000782472613458529),
[92mINFO [0m:      	                            (11, 0.00029231218941829873),
2026-07-09 03:18:12,003 | INFO | 	                            (11, 0.00029231218941829873),
[92mINFO [0m:      	                            (12, 0.0005186721991701245),
2026-07-09 03:18:12,003 | INFO | 	                            (12, 0.0005186721991701245),
[92mINFO [0m:      	                            (13, 0.002810567734682406),
2026-07-09 03:18:12,003 | INFO | 	                            (13, 0.002810567734682406),
[92mINFO [0m:      	                            (14, 0.0015003750937734434),
2026-07-09 03:18:12,003 | INFO | 	                            (14, 0.0015003750937734434),
[92mINFO [0m:      	                            (15, 0.0036231884057971015),
2026-07-09 03:18:12,003 | INFO | 	                            (15, 0.0036231884057971015),
[92mINFO [0m:      	                            (16, 0.004020100502512563),
2026-07-09 03:18:12,003 | INFO | 	                            (16, 0.004020100502512563),
[92mINFO [0m:      	                            (17, 0.0005659309564233164),
2026-07-09 03:18:12,003 | INFO | 	                            (17, 0.0005659309564233164),
[92mINFO [0m:      	                            (18, 0.0006414368184733803),
2026-07-09 03:18:12,003 | INFO | 	                            (18, 0.0006414368184733803),
[92mINFO [0m:      	                            (19, 0.0012254901960784314),
2026-07-09 03:18:12,003 | INFO | 	                            (19, 0.0012254901960784314),
[92mINFO [0m:      	                            (20, 0.005963473723443906),
2026-07-09 03:18:12,003 | INFO | 	                            (20, 0.005963473723443906),
[92mINFO [0m:      	                            (21, 0.000362844702467344),
2026-07-09 03:18:12,003 | INFO | 	                            (21, 0.000362844702467344),
[92mINFO [0m:      	                            (22, 0.006050129645635264),
2026-07-09 03:18:12,003 | INFO | 	                            (22, 0.006050129645635264),
[92mINFO [0m:      	                            (23, 0.0007776049766718507),
2026-07-09 03:18:12,003 | INFO | 	                            (23, 0.0007776049766718507),
[92mINFO [0m:      	                            (24, 0.00027948574622694243),
2026-07-09 03:18:12,003 | INFO | 	                            (24, 0.00027948574622694243),
[92mINFO [0m:      	                            (25, 0.00046882325363338024),
2026-07-09 03:18:12,003 | INFO | 	                            (25, 0.00046882325363338024),
[92mINFO [0m:      	                            (26, 0.002616088947024199),
2026-07-09 03:18:12,003 | INFO | 	                            (26, 0.002616088947024199),
[92mINFO [0m:      	                            (27, 0.0008624407072013799),
2026-07-09 03:18:12,003 | INFO | 	                            (27, 0.0008624407072013799),
[92mINFO [0m:      	                            (28, 0.0011514104778353484),
2026-07-09 03:18:12,003 | INFO | 	                            (28, 0.0011514104778353484),
[92mINFO [0m:      	                            (29, 0.0006738544474393531),
2026-07-09 03:18:12,003 | INFO | 	                            (29, 0.0006738544474393531),
[92mINFO [0m:      	                            (30, 0.008336989907854322),
2026-07-09 03:18:12,003 | INFO | 	                            (30, 0.008336989907854322),
[92mINFO [0m:      	                            (31, 0.0006898930665746809),
2026-07-09 03:18:12,003 | INFO | 	                            (31, 0.0006898930665746809),
[92mINFO [0m:      	                            (32, 0.000847457627118644),
2026-07-09 03:18:12,003 | INFO | 	                            (32, 0.000847457627118644),
[92mINFO [0m:      	                            (33, 0.0165),
2026-07-09 03:18:12,003 | INFO | 	                            (33, 0.0165),
[92mINFO [0m:      	                            (34, 0.0003420557550880794),
2026-07-09 03:18:12,003 | INFO | 	                            (34, 0.0003420557550880794),
[92mINFO [0m:      	                            (35, 0.0005249343832020997),
2026-07-09 03:18:12,003 | INFO | 	                            (35, 0.0005249343832020997),
[92mINFO [0m:      	                            (36, 0.0006548788474132286),
2026-07-09 03:18:12,003 | INFO | 	                            (36, 0.0006548788474132286),
[92mINFO [0m:      	                            (37, 0.00019474196689386563),
2026-07-09 03:18:12,003 | INFO | 	                            (37, 0.00019474196689386563),
[92mINFO [0m:      	                            (38, 0.004607046070460705),
2026-07-09 03:18:12,003 | INFO | 	                            (38, 0.004607046070460705),
[92mINFO [0m:      	                            (39, 0.001601464195836193),
2026-07-09 03:18:12,003 | INFO | 	                            (39, 0.001601464195836193),
[92mINFO [0m:      	                            (40, 0.0006865774116031583),
2026-07-09 03:18:12,004 | INFO | 	                            (40, 0.0006865774116031583),
[92mINFO [0m:      	                            (41, 0.007503126302626094),
2026-07-09 03:18:12,004 | INFO | 	                            (41, 0.007503126302626094),
[92mINFO [0m:      	                            (42, 0.00046125461254612545),
2026-07-09 03:18:12,004 | INFO | 	                            (42, 0.00046125461254612545),
[92mINFO [0m:      	                            (43, 0.0031227480182560653),
2026-07-09 03:18:12,004 | INFO | 	                            (43, 0.0031227480182560653),
[92mINFO [0m:      	                            (44, 0.002295684113865932),
2026-07-09 03:18:12,004 | INFO | 	                            (44, 0.002295684113865932),
[92mINFO [0m:      	                            (45, 0.0012185215272136475),
2026-07-09 03:18:12,004 | INFO | 	                            (45, 0.0012185215272136475),
[92mINFO [0m:      	                            (46, 0.0015680125441003528),
2026-07-09 03:18:12,004 | INFO | 	                            (46, 0.0015680125441003528),
[92mINFO [0m:      	                            (47, 0.0007228044813877846),
2026-07-09 03:18:12,004 | INFO | 	                            (47, 0.0007228044813877846),
[92mINFO [0m:      	                            (48, 0.00047036688617121356),
2026-07-09 03:18:12,004 | INFO | 	                            (48, 0.00047036688617121356),
[92mINFO [0m:      	                            (49, 0.0004971414367387521),
2026-07-09 03:18:12,004 | INFO | 	                            (49, 0.0004971414367387521),
[92mINFO [0m:      	                            (50, 0.0007434944237918215),
2026-07-09 03:18:12,004 | INFO | 	                            (50, 0.0007434944237918215),
[92mINFO [0m:      	                            (51, 0.0008673026886383347),
2026-07-09 03:18:12,004 | INFO | 	                            (51, 0.0008673026886383347),
[92mINFO [0m:      	                            (52, 0.01014906438312718),
2026-07-09 03:18:12,004 | INFO | 	                            (52, 0.01014906438312718),
[92mINFO [0m:      	                            (53, 0.00047961630695443646),
2026-07-09 03:18:12,004 | INFO | 	                            (53, 0.00047961630695443646),
[92mINFO [0m:      	                            (54, 0.00027151778441487917),
2026-07-09 03:18:12,004 | INFO | 	                            (54, 0.00027151778441487917),
[92mINFO [0m:      	                            (55, 0.005842011684023368),
2026-07-09 03:18:12,004 | INFO | 	                            (55, 0.005842011684023368),
[92mINFO [0m:      	                            (56, 0.0009276437847866419),
2026-07-09 03:18:12,004 | INFO | 	                            (56, 0.0009276437847866419),
[92mINFO [0m:      	                            (57, 0.00033715441672285906),
2026-07-09 03:18:12,004 | INFO | 	                            (57, 0.00033715441672285906),
[92mINFO [0m:      	                            (58, 0.0015402387370042356),
2026-07-09 03:18:12,004 | INFO | 	                            (58, 0.0015402387370042356),
[92mINFO [0m:      	                            (59, 0.0008345503859795535),
2026-07-09 03:18:12,004 | INFO | 	                            (59, 0.0008345503859795535),
[92mINFO [0m:      	                            (60, 0.0033460803059273425)],
2026-07-09 03:18:12,004 | INFO | 	                            (60, 0.0033460803059273425)],
[92mINFO [0m:      	 'client_update_cosine_max': [(1, 0.945109279337641),
2026-07-09 03:18:12,004 | INFO | 	 'client_update_cosine_max': [(1, 0.945109279337641),
[92mINFO [0m:      	                              (2, 0.9490257331476466),
2026-07-09 03:18:12,004 | INFO | 	                              (2, 0.9490257331476466),
[92mINFO [0m:      	                              (3, 0.9443469487300084),
2026-07-09 03:18:12,004 | INFO | 	                              (3, 0.9443469487300084),
[92mINFO [0m:      	                              (4, 0.9511043208824014),
2026-07-09 03:18:12,004 | INFO | 	                              (4, 0.9511043208824014),
[92mINFO [0m:      	                              (5, 0.945491732389721),
2026-07-09 03:18:12,004 | INFO | 	                              (5, 0.945491732389721),
[92mINFO [0m:      	                              (6, 0.9477541729077533),
2026-07-09 03:18:12,004 | INFO | 	                              (6, 0.9477541729077533),
[92mINFO [0m:      	                              (7, 0.948563098592919),
2026-07-09 03:18:12,004 | INFO | 	                              (7, 0.948563098592919),
[92mINFO [0m:      	                              (8, 0.952318208784291),
2026-07-09 03:18:12,004 | INFO | 	                              (8, 0.952318208784291),
[92mINFO [0m:      	                              (9, 0.9477267055589486),
2026-07-09 03:18:12,004 | INFO | 	                              (9, 0.9477267055589486),
[92mINFO [0m:      	                              (10, 0.9488064865469963),
2026-07-09 03:18:12,004 | INFO | 	                              (10, 0.9488064865469963),
[92mINFO [0m:      	                              (11, 0.9545041147723229),
2026-07-09 03:18:12,004 | INFO | 	                              (11, 0.9545041147723229),
[92mINFO [0m:      	                              (12, 0.9493230923087972),
2026-07-09 03:18:12,004 | INFO | 	                              (12, 0.9493230923087972),
[92mINFO [0m:      	                              (13, 0.9500374885743562),
2026-07-09 03:18:12,004 | INFO | 	                              (13, 0.9500374885743562),
[92mINFO [0m:      	                              (14, 0.9502775562346788),
2026-07-09 03:18:12,004 | INFO | 	                              (14, 0.9502775562346788),
[92mINFO [0m:      	                              (15, 0.950596005315582),
2026-07-09 03:18:12,004 | INFO | 	                              (15, 0.950596005315582),
[92mINFO [0m:      	                              (16, 0.9562631792600005),
2026-07-09 03:18:12,004 | INFO | 	                              (16, 0.9562631792600005),
[92mINFO [0m:      	                              (17, 0.9524023733281713),
2026-07-09 03:18:12,004 | INFO | 	                              (17, 0.9524023733281713),
[92mINFO [0m:      	                              (18, 0.9527722894954676),
2026-07-09 03:18:12,004 | INFO | 	                              (18, 0.9527722894954676),
[92mINFO [0m:      	                              (19, 0.9571075894285855),
2026-07-09 03:18:12,004 | INFO | 	                              (19, 0.9571075894285855),
[92mINFO [0m:      	                              (20, 0.9545049684566734),
2026-07-09 03:18:12,004 | INFO | 	                              (20, 0.9545049684566734),
[92mINFO [0m:      	                              (21, 0.9584406964222975),
2026-07-09 03:18:12,004 | INFO | 	                              (21, 0.9584406964222975),
[92mINFO [0m:      	                              (22, 0.9540234358799814),
2026-07-09 03:18:12,004 | INFO | 	                              (22, 0.9540234358799814),
[92mINFO [0m:      	                              (23, 0.9542326178260264),
2026-07-09 03:18:12,005 | INFO | 	                              (23, 0.9542326178260264),
[92mINFO [0m:      	                              (24, 0.9594599776046242),
2026-07-09 03:18:12,005 | INFO | 	                              (24, 0.9594599776046242),
[92mINFO [0m:      	                              (25, 0.9568594002315985),
2026-07-09 03:18:12,005 | INFO | 	                              (25, 0.9568594002315985),
[92mINFO [0m:      	                              (26, 0.9549272605084393),
2026-07-09 03:18:12,005 | INFO | 	                              (26, 0.9549272605084393),
[92mINFO [0m:      	                              (27, 0.9593971412421227),
2026-07-09 03:18:12,005 | INFO | 	                              (27, 0.9593971412421227),
[92mINFO [0m:      	                              (28, 0.9572750928092794),
2026-07-09 03:18:12,005 | INFO | 	                              (28, 0.9572750928092794),
[92mINFO [0m:      	                              (29, 0.9613869571993664),
2026-07-09 03:18:12,005 | INFO | 	                              (29, 0.9613869571993664),
[92mINFO [0m:      	                              (30, 0.9604082215224815),
2026-07-09 03:18:12,005 | INFO | 	                              (30, 0.9604082215224815),
[92mINFO [0m:      	                              (31, 0.9604960890700105),
2026-07-09 03:18:12,005 | INFO | 	                              (31, 0.9604960890700105),
[92mINFO [0m:      	                              (32, 0.9609496094128975),
2026-07-09 03:18:12,005 | INFO | 	                              (32, 0.9609496094128975),
[92mINFO [0m:      	                              (33, 0.9619492194397098),
2026-07-09 03:18:12,005 | INFO | 	                              (33, 0.9619492194397098),
[92mINFO [0m:      	                              (34, 0.9624376111591626),
2026-07-09 03:18:12,005 | INFO | 	                              (34, 0.9624376111591626),
[92mINFO [0m:      	                              (35, 0.9609650778513209),
2026-07-09 03:18:12,005 | INFO | 	                              (35, 0.9609650778513209),
[92mINFO [0m:      	                              (36, 0.9569547879065626),
2026-07-09 03:18:12,005 | INFO | 	                              (36, 0.9569547879065626),
[92mINFO [0m:      	                              (37, 0.9626924630502685),
2026-07-09 03:18:12,005 | INFO | 	                              (37, 0.9626924630502685),
[92mINFO [0m:      	                              (38, 0.9614790001708025),
2026-07-09 03:18:12,005 | INFO | 	                              (38, 0.9614790001708025),
[92mINFO [0m:      	                              (39, 0.9629718303739038),
2026-07-09 03:18:12,005 | INFO | 	                              (39, 0.9629718303739038),
[92mINFO [0m:      	                              (40, 0.9614661317321959),
2026-07-09 03:18:12,005 | INFO | 	                              (40, 0.9614661317321959),
[92mINFO [0m:      	                              (41, 0.9602221400988996),
2026-07-09 03:18:12,005 | INFO | 	                              (41, 0.9602221400988996),
[92mINFO [0m:      	                              (42, 0.9614985745305935),
2026-07-09 03:18:12,005 | INFO | 	                              (42, 0.9614985745305935),
[92mINFO [0m:      	                              (43, 0.9631035598231668),
2026-07-09 03:18:12,005 | INFO | 	                              (43, 0.9631035598231668),
[92mINFO [0m:      	                              (44, 0.9621254806004965),
2026-07-09 03:18:12,005 | INFO | 	                              (44, 0.9621254806004965),
[92mINFO [0m:      	                              (45, 0.9631215137993494),
2026-07-09 03:18:12,005 | INFO | 	                              (45, 0.9631215137993494),
[92mINFO [0m:      	                              (46, 0.9636620124073507),
2026-07-09 03:18:12,005 | INFO | 	                              (46, 0.9636620124073507),
[92mINFO [0m:      	                              (47, 0.9629260032633716),
2026-07-09 03:18:12,005 | INFO | 	                              (47, 0.9629260032633716),
[92mINFO [0m:      	                              (48, 0.9639656936956694),
2026-07-09 03:18:12,005 | INFO | 	                              (48, 0.9639656936956694),
[92mINFO [0m:      	                              (49, 0.962617695337375),
2026-07-09 03:18:12,005 | INFO | 	                              (49, 0.962617695337375),
[92mINFO [0m:      	                              (50, 0.96209103960153),
2026-07-09 03:18:12,005 | INFO | 	                              (50, 0.96209103960153),
[92mINFO [0m:      	                              (51, 0.962252320932823),
2026-07-09 03:18:12,005 | INFO | 	                              (51, 0.962252320932823),
[92mINFO [0m:      	                              (52, 0.9643588874881129),
2026-07-09 03:18:12,005 | INFO | 	                              (52, 0.9643588874881129),
[92mINFO [0m:      	                              (53, 0.9576964465230662),
2026-07-09 03:18:12,005 | INFO | 	                              (53, 0.9576964465230662),
[92mINFO [0m:      	                              (54, 0.9643661035640961),
2026-07-09 03:18:12,005 | INFO | 	                              (54, 0.9643661035640961),
[92mINFO [0m:      	                              (55, 0.9642358629714167),
2026-07-09 03:18:12,005 | INFO | 	                              (55, 0.9642358629714167),
[92mINFO [0m:      	                              (56, 0.9626987164094352),
2026-07-09 03:18:12,005 | INFO | 	                              (56, 0.9626987164094352),
[92mINFO [0m:      	                              (57, 0.9646593433032856),
2026-07-09 03:18:12,005 | INFO | 	                              (57, 0.9646593433032856),
[92mINFO [0m:      	                              (58, 0.9629035780710243),
2026-07-09 03:18:12,005 | INFO | 	                              (58, 0.9629035780710243),
[92mINFO [0m:      	                              (59, 0.9643834417666732),
2026-07-09 03:18:12,005 | INFO | 	                              (59, 0.9643834417666732),
[92mINFO [0m:      	                              (60, 0.9568647712504423)],
2026-07-09 03:18:12,005 | INFO | 	                              (60, 0.9568647712504423)],
[92mINFO [0m:      	 'client_update_cosine_mean': [(1, 0.9317235775873515),
2026-07-09 03:18:12,005 | INFO | 	 'client_update_cosine_mean': [(1, 0.9317235775873515),
[92mINFO [0m:      	                               (2, 0.9303115435130749),
2026-07-09 03:18:12,005 | INFO | 	                               (2, 0.9303115435130749),
[92mINFO [0m:      	                               (3, 0.9316763748692647),
2026-07-09 03:18:12,005 | INFO | 	                               (3, 0.9316763748692647),
[92mINFO [0m:      	                               (4, 0.9313741865592583),
2026-07-09 03:18:12,005 | INFO | 	                               (4, 0.9313741865592583),
[92mINFO [0m:      	                               (5, 0.9315805335164914),
2026-07-09 03:18:12,006 | INFO | 	                               (5, 0.9315805335164914),
[92mINFO [0m:      	                               (6, 0.9333215069725923),
2026-07-09 03:18:12,006 | INFO | 	                               (6, 0.9333215069725923),
[92mINFO [0m:      	                               (7, 0.9350495275236739),
2026-07-09 03:18:12,006 | INFO | 	                               (7, 0.9350495275236739),
[92mINFO [0m:      	                               (8, 0.934493447066523),
2026-07-09 03:18:12,006 | INFO | 	                               (8, 0.934493447066523),
[92mINFO [0m:      	                               (9, 0.9337806883118416),
2026-07-09 03:18:12,006 | INFO | 	                               (9, 0.9337806883118416),
[92mINFO [0m:      	                               (10, 0.9377703349955391),
2026-07-09 03:18:12,006 | INFO | 	                               (10, 0.9377703349955391),
[92mINFO [0m:      	                               (11, 0.937180894239626),
2026-07-09 03:18:12,006 | INFO | 	                               (11, 0.937180894239626),
[92mINFO [0m:      	                               (12, 0.9359318872643463),
2026-07-09 03:18:12,006 | INFO | 	                               (12, 0.9359318872643463),
[92mINFO [0m:      	                               (13, 0.9351628399638339),
2026-07-09 03:18:12,006 | INFO | 	                               (13, 0.9351628399638339),
[92mINFO [0m:      	                               (14, 0.9340351872743621),
2026-07-09 03:18:12,006 | INFO | 	                               (14, 0.9340351872743621),
[92mINFO [0m:      	                               (15, 0.935770457728004),
2026-07-09 03:18:12,006 | INFO | 	                               (15, 0.935770457728004),
[92mINFO [0m:      	                               (16, 0.9352638483790758),
2026-07-09 03:18:12,006 | INFO | 	                               (16, 0.9352638483790758),
[92mINFO [0m:      	                               (17, 0.9386017125596168),
2026-07-09 03:18:12,006 | INFO | 	                               (17, 0.9386017125596168),
[92mINFO [0m:      	                               (18, 0.9388103080855256),
2026-07-09 03:18:12,006 | INFO | 	                               (18, 0.9388103080855256),
[92mINFO [0m:      	                               (19, 0.9393774058126335),
2026-07-09 03:18:12,006 | INFO | 	                               (19, 0.9393774058126335),
[92mINFO [0m:      	                               (20, 0.9394971806588569),
2026-07-09 03:18:12,006 | INFO | 	                               (20, 0.9394971806588569),
[92mINFO [0m:      	                               (21, 0.9421572598915541),
2026-07-09 03:18:12,006 | INFO | 	                               (21, 0.9421572598915541),
[92mINFO [0m:      	                               (22, 0.9379435319843309),
2026-07-09 03:18:12,006 | INFO | 	                               (22, 0.9379435319843309),
[92mINFO [0m:      	                               (23, 0.9395844276103539),
2026-07-09 03:18:12,006 | INFO | 	                               (23, 0.9395844276103539),
[92mINFO [0m:      	                               (24, 0.9430207614567584),
2026-07-09 03:18:12,006 | INFO | 	                               (24, 0.9430207614567584),
[92mINFO [0m:      	                               (25, 0.941528166185599),
2026-07-09 03:18:12,006 | INFO | 	                               (25, 0.941528166185599),
[92mINFO [0m:      	                               (26, 0.9405492589250241),
2026-07-09 03:18:12,006 | INFO | 	                               (26, 0.9405492589250241),
[92mINFO [0m:      	                               (27, 0.9433057686910883),
2026-07-09 03:18:12,006 | INFO | 	                               (27, 0.9433057686910883),
[92mINFO [0m:      	                               (28, 0.9414830053700624),
2026-07-09 03:18:12,006 | INFO | 	                               (28, 0.9414830053700624),
[92mINFO [0m:      	                               (29, 0.9445810921244497),
2026-07-09 03:18:12,006 | INFO | 	                               (29, 0.9445810921244497),
[92mINFO [0m:      	                               (30, 0.9426790877827339),
2026-07-09 03:18:12,006 | INFO | 	                               (30, 0.9426790877827339),
[92mINFO [0m:      	                               (31, 0.9450679419350295),
2026-07-09 03:18:12,006 | INFO | 	                               (31, 0.9450679419350295),
[92mINFO [0m:      	                               (32, 0.9467509975152063),
2026-07-09 03:18:12,006 | INFO | 	                               (32, 0.9467509975152063),
[92mINFO [0m:      	                               (33, 0.945681829614425),
2026-07-09 03:18:12,006 | INFO | 	                               (33, 0.945681829614425),
[92mINFO [0m:      	                               (34, 0.9486233986148098),
2026-07-09 03:18:12,006 | INFO | 	                               (34, 0.9486233986148098),
[92mINFO [0m:      	                               (35, 0.9444018900793335),
2026-07-09 03:18:12,006 | INFO | 	                               (35, 0.9444018900793335),
[92mINFO [0m:      	                               (36, 0.9436325243996144),
2026-07-09 03:18:12,006 | INFO | 	                               (36, 0.9436325243996144),
[92mINFO [0m:      	                               (37, 0.9501392718200816),
2026-07-09 03:18:12,006 | INFO | 	                               (37, 0.9501392718200816),
[92mINFO [0m:      	                               (38, 0.9466368112797057),
2026-07-09 03:18:12,006 | INFO | 	                               (38, 0.9466368112797057),
[92mINFO [0m:      	                               (39, 0.9476743094316634),
2026-07-09 03:18:12,006 | INFO | 	                               (39, 0.9476743094316634),
[92mINFO [0m:      	                               (40, 0.9472587806225025),
2026-07-09 03:18:12,006 | INFO | 	                               (40, 0.9472587806225025),
[92mINFO [0m:      	                               (41, 0.9461825150343135),
2026-07-09 03:18:12,006 | INFO | 	                               (41, 0.9461825150343135),
[92mINFO [0m:      	                               (42, 0.9447974993568391),
2026-07-09 03:18:12,006 | INFO | 	                               (42, 0.9447974993568391),
[92mINFO [0m:      	                               (43, 0.9484564473975859),
2026-07-09 03:18:12,006 | INFO | 	                               (43, 0.9484564473975859),
[92mINFO [0m:      	                               (44, 0.9461565166018154),
2026-07-09 03:18:12,006 | INFO | 	                               (44, 0.9461565166018154),
[92mINFO [0m:      	                               (45, 0.9447641096826841),
2026-07-09 03:18:12,006 | INFO | 	                               (45, 0.9447641096826841),
[92mINFO [0m:      	                               (46, 0.9466239524300414),
2026-07-09 03:18:12,006 | INFO | 	                               (46, 0.9466239524300414),
[92mINFO [0m:      	                               (47, 0.9496407480398111),
2026-07-09 03:18:12,007 | INFO | 	                               (47, 0.9496407480398111),
[92mINFO [0m:      	                               (48, 0.951736107880948),
2026-07-09 03:18:12,007 | INFO | 	                               (48, 0.951736107880948),
[92mINFO [0m:      	                               (49, 0.9505636830215878),
2026-07-09 03:18:12,007 | INFO | 	                               (49, 0.9505636830215878),
[92mINFO [0m:      	                               (50, 0.9476514541177685),
2026-07-09 03:18:12,007 | INFO | 	                               (50, 0.9476514541177685),
[92mINFO [0m:      	                               (51, 0.9478593059231087),
2026-07-09 03:18:12,007 | INFO | 	                               (51, 0.9478593059231087),
[92mINFO [0m:      	                               (52, 0.9490482855112784),
2026-07-09 03:18:12,007 | INFO | 	                               (52, 0.9490482855112784),
[92mINFO [0m:      	                               (53, 0.9497283990736569),
2026-07-09 03:18:12,007 | INFO | 	                               (53, 0.9497283990736569),
[92mINFO [0m:      	                               (54, 0.9505244796784161),
2026-07-09 03:18:12,007 | INFO | 	                               (54, 0.9505244796784161),
[92mINFO [0m:      	                               (55, 0.9502070285485578),
2026-07-09 03:18:12,007 | INFO | 	                               (55, 0.9502070285485578),
[92mINFO [0m:      	                               (56, 0.9488718904511091),
2026-07-09 03:18:12,007 | INFO | 	                               (56, 0.9488718904511091),
[92mINFO [0m:      	                               (57, 0.9500383963220919),
2026-07-09 03:18:12,007 | INFO | 	                               (57, 0.9500383963220919),
[92mINFO [0m:      	                               (58, 0.950370144875731),
2026-07-09 03:18:12,007 | INFO | 	                               (58, 0.950370144875731),
[92mINFO [0m:      	                               (59, 0.9533530405908848),
2026-07-09 03:18:12,007 | INFO | 	                               (59, 0.9533530405908848),
[92mINFO [0m:      	                               (60, 0.9496422499748811)],
2026-07-09 03:18:12,007 | INFO | 	                               (60, 0.9496422499748811)],
[92mINFO [0m:      	 'client_update_cosine_min': [(1, 0.9265347078248183),
2026-07-09 03:18:12,007 | INFO | 	 'client_update_cosine_min': [(1, 0.9265347078248183),
[92mINFO [0m:      	                              (2, 0.9272344395138062),
2026-07-09 03:18:12,007 | INFO | 	                              (2, 0.9272344395138062),
[92mINFO [0m:      	                              (3, 0.9276408165700261),
2026-07-09 03:18:12,007 | INFO | 	                              (3, 0.9276408165700261),
[92mINFO [0m:      	                              (4, 0.927778065915017),
2026-07-09 03:18:12,007 | INFO | 	                              (4, 0.927778065915017),
[92mINFO [0m:      	                              (5, 0.9281634363240217),
2026-07-09 03:18:12,007 | INFO | 	                              (5, 0.9281634363240217),
[92mINFO [0m:      	                              (6, 0.9291868649819327),
2026-07-09 03:18:12,007 | INFO | 	                              (6, 0.9291868649819327),
[92mINFO [0m:      	                              (7, 0.9301281306403183),
2026-07-09 03:18:12,007 | INFO | 	                              (7, 0.9301281306403183),
[92mINFO [0m:      	                              (8, 0.9301705952466667),
2026-07-09 03:18:12,007 | INFO | 	                              (8, 0.9301705952466667),
[92mINFO [0m:      	                              (9, 0.9311302309837012),
2026-07-09 03:18:12,007 | INFO | 	                              (9, 0.9311302309837012),
[92mINFO [0m:      	                              (10, 0.9317008338004008),
2026-07-09 03:18:12,007 | INFO | 	                              (10, 0.9317008338004008),
[92mINFO [0m:      	                              (11, 0.9316197577886691),
2026-07-09 03:18:12,007 | INFO | 	                              (11, 0.9316197577886691),
[92mINFO [0m:      	                              (12, 0.9322476547455629),
2026-07-09 03:18:12,007 | INFO | 	                              (12, 0.9322476547455629),
[92mINFO [0m:      	                              (13, 0.9325574352153418),
2026-07-09 03:18:12,007 | INFO | 	                              (13, 0.9325574352153418),
[92mINFO [0m:      	                              (14, 0.9321843782143087),
2026-07-09 03:18:12,007 | INFO | 	                              (14, 0.9321843782143087),
[92mINFO [0m:      	                              (15, 0.9331956907529397),
2026-07-09 03:18:12,007 | INFO | 	                              (15, 0.9331956907529397),
[92mINFO [0m:      	                              (16, 0.9333565095285262),
2026-07-09 03:18:12,007 | INFO | 	                              (16, 0.9333565095285262),
[92mINFO [0m:      	                              (17, 0.9345688784242873),
2026-07-09 03:18:12,007 | INFO | 	                              (17, 0.9345688784242873),
[92mINFO [0m:      	                              (18, 0.9350221794829925),
2026-07-09 03:18:12,007 | INFO | 	                              (18, 0.9350221794829925),
[92mINFO [0m:      	                              (19, 0.9350892023268897),
2026-07-09 03:18:12,007 | INFO | 	                              (19, 0.9350892023268897),
[92mINFO [0m:      	                              (20, 0.9355100553889952),
2026-07-09 03:18:12,007 | INFO | 	                              (20, 0.9355100553889952),
[92mINFO [0m:      	                              (21, 0.9359498055170302),
2026-07-09 03:18:12,007 | INFO | 	                              (21, 0.9359498055170302),
[92mINFO [0m:      	                              (22, 0.9362894374525343),
2026-07-09 03:18:12,007 | INFO | 	                              (22, 0.9362894374525343),
[92mINFO [0m:      	                              (23, 0.9369980069204142),
2026-07-09 03:18:12,007 | INFO | 	                              (23, 0.9369980069204142),
[92mINFO [0m:      	                              (24, 0.9371598278782642),
2026-07-09 03:18:12,007 | INFO | 	                              (24, 0.9371598278782642),
[92mINFO [0m:      	                              (25, 0.9375054843815099),
2026-07-09 03:18:12,007 | INFO | 	                              (25, 0.9375054843815099),
[92mINFO [0m:      	                              (26, 0.9377552208142296),
2026-07-09 03:18:12,007 | INFO | 	                              (26, 0.9377552208142296),
[92mINFO [0m:      	                              (27, 0.9381000775739241),
2026-07-09 03:18:12,007 | INFO | 	                              (27, 0.9381000775739241),
[92mINFO [0m:      	                              (28, 0.9384089529520273),
2026-07-09 03:18:12,007 | INFO | 	                              (28, 0.9384089529520273),
[92mINFO [0m:      	                              (29, 0.9395394897621515),
2026-07-09 03:18:12,007 | INFO | 	                              (29, 0.9395394897621515),
[92mINFO [0m:      	                              (30, 0.9398142311523587),
2026-07-09 03:18:12,008 | INFO | 	                              (30, 0.9398142311523587),
[92mINFO [0m:      	                              (31, 0.9401010425538613),
2026-07-09 03:18:12,008 | INFO | 	                              (31, 0.9401010425538613),
[92mINFO [0m:      	                              (32, 0.940313548435834),
2026-07-09 03:18:12,008 | INFO | 	                              (32, 0.940313548435834),
[92mINFO [0m:      	                              (33, 0.9404554223803845),
2026-07-09 03:18:12,008 | INFO | 	                              (33, 0.9404554223803845),
[92mINFO [0m:      	                              (34, 0.9407456649205774),
2026-07-09 03:18:12,008 | INFO | 	                              (34, 0.9407456649205774),
[92mINFO [0m:      	                              (35, 0.9405507924627784),
2026-07-09 03:18:12,008 | INFO | 	                              (35, 0.9405507924627784),
[92mINFO [0m:      	                              (36, 0.9413335946051479),
2026-07-09 03:18:12,008 | INFO | 	                              (36, 0.9413335946051479),
[92mINFO [0m:      	                              (37, 0.9415391072926063),
2026-07-09 03:18:12,008 | INFO | 	                              (37, 0.9415391072926063),
[92mINFO [0m:      	                              (38, 0.9413705487555818),
2026-07-09 03:18:12,008 | INFO | 	                              (38, 0.9413705487555818),
[92mINFO [0m:      	                              (39, 0.9415514256019856),
2026-07-09 03:18:12,008 | INFO | 	                              (39, 0.9415514256019856),
[92mINFO [0m:      	                              (40, 0.9416591558088406),
2026-07-09 03:18:12,008 | INFO | 	                              (40, 0.9416591558088406),
[92mINFO [0m:      	                              (41, 0.9414039798594784),
2026-07-09 03:18:12,008 | INFO | 	                              (41, 0.9414039798594784),
[92mINFO [0m:      	                              (42, 0.9417742821001679),
2026-07-09 03:18:12,008 | INFO | 	                              (42, 0.9417742821001679),
[92mINFO [0m:      	                              (43, 0.9417137666141702),
2026-07-09 03:18:12,008 | INFO | 	                              (43, 0.9417137666141702),
[92mINFO [0m:      	                              (44, 0.9426128165945138),
2026-07-09 03:18:12,008 | INFO | 	                              (44, 0.9426128165945138),
[92mINFO [0m:      	                              (45, 0.9431512995581267),
2026-07-09 03:18:12,008 | INFO | 	                              (45, 0.9431512995581267),
[92mINFO [0m:      	                              (46, 0.9436889107329289),
2026-07-09 03:18:12,008 | INFO | 	                              (46, 0.9436889107329289),
[92mINFO [0m:      	                              (47, 0.9442042059321792),
2026-07-09 03:18:12,008 | INFO | 	                              (47, 0.9442042059321792),
[92mINFO [0m:      	                              (48, 0.9443928530456485),
2026-07-09 03:18:12,008 | INFO | 	                              (48, 0.9443928530456485),
[92mINFO [0m:      	                              (49, 0.9442717495759491),
2026-07-09 03:18:12,008 | INFO | 	                              (49, 0.9442717495759491),
[92mINFO [0m:      	                              (50, 0.9444336832248754),
2026-07-09 03:18:12,008 | INFO | 	                              (50, 0.9444336832248754),
[92mINFO [0m:      	                              (51, 0.9448536660641431),
2026-07-09 03:18:12,008 | INFO | 	                              (51, 0.9448536660641431),
[92mINFO [0m:      	                              (52, 0.9451215755604866),
2026-07-09 03:18:12,008 | INFO | 	                              (52, 0.9451215755604866),
[92mINFO [0m:      	                              (53, 0.9454972859203007),
2026-07-09 03:18:12,008 | INFO | 	                              (53, 0.9454972859203007),
[92mINFO [0m:      	                              (54, 0.945669019538105),
2026-07-09 03:18:12,008 | INFO | 	                              (54, 0.945669019538105),
[92mINFO [0m:      	                              (55, 0.9456443497988131),
2026-07-09 03:18:12,008 | INFO | 	                              (55, 0.9456443497988131),
[92mINFO [0m:      	                              (56, 0.9460160517982497),
2026-07-09 03:18:12,008 | INFO | 	                              (56, 0.9460160517982497),
[92mINFO [0m:      	                              (57, 0.9463717986105608),
2026-07-09 03:18:12,008 | INFO | 	                              (57, 0.9463717986105608),
[92mINFO [0m:      	                              (58, 0.9465818683394062),
2026-07-09 03:18:12,008 | INFO | 	                              (58, 0.9465818683394062),
[92mINFO [0m:      	                              (59, 0.9462597588544628),
2026-07-09 03:18:12,008 | INFO | 	                              (59, 0.9462597588544628),
[92mINFO [0m:      	                              (60, 0.9466609757133492)],
2026-07-09 03:18:12,008 | INFO | 	                              (60, 0.9466609757133492)],
[92mINFO [0m:      	 'client_update_cosine_p10': [(1, 0.926728652456441),
2026-07-09 03:18:12,008 | INFO | 	 'client_update_cosine_p10': [(1, 0.926728652456441),
[92mINFO [0m:      	                              (2, 0.9273868708165012),
2026-07-09 03:18:12,008 | INFO | 	                              (2, 0.9273868708165012),
[92mINFO [0m:      	                              (3, 0.9281093909439995),
2026-07-09 03:18:12,008 | INFO | 	                              (3, 0.9281093909439995),
[92mINFO [0m:      	                              (4, 0.9283780111453003),
2026-07-09 03:18:12,008 | INFO | 	                              (4, 0.9283780111453003),
[92mINFO [0m:      	                              (5, 0.9288761424156969),
2026-07-09 03:18:12,008 | INFO | 	                              (5, 0.9288761424156969),
[92mINFO [0m:      	                              (6, 0.9294553459631885),
2026-07-09 03:18:12,008 | INFO | 	                              (6, 0.9294553459631885),
[92mINFO [0m:      	                              (7, 0.930293766852677),
2026-07-09 03:18:12,008 | INFO | 	                              (7, 0.930293766852677),
[92mINFO [0m:      	                              (8, 0.9305939100364949),
2026-07-09 03:18:12,008 | INFO | 	                              (8, 0.9305939100364949),
[92mINFO [0m:      	                              (9, 0.9312039911089929),
2026-07-09 03:18:12,008 | INFO | 	                              (9, 0.9312039911089929),
[92mINFO [0m:      	                              (10, 0.9321873910642627),
2026-07-09 03:18:12,008 | INFO | 	                              (10, 0.9321873910642627),
[92mINFO [0m:      	                              (11, 0.9319705924875823),
2026-07-09 03:18:12,008 | INFO | 	                              (11, 0.9319705924875823),
[92mINFO [0m:      	                              (12, 0.9323770780523369),
2026-07-09 03:18:12,008 | INFO | 	                              (12, 0.9323770780523369),
[92mINFO [0m:      	                              (13, 0.9326254766774484),
2026-07-09 03:18:12,009 | INFO | 	                              (13, 0.9326254766774484),
[92mINFO [0m:      	                              (14, 0.9324107457606002),
2026-07-09 03:18:12,009 | INFO | 	                              (14, 0.9324107457606002),
[92mINFO [0m:      	                              (15, 0.9332154748902702),
2026-07-09 03:18:12,009 | INFO | 	                              (15, 0.9332154748902702),
[92mINFO [0m:      	                              (16, 0.9334037741024364),
2026-07-09 03:18:12,009 | INFO | 	                              (16, 0.9334037741024364),
[92mINFO [0m:      	                              (17, 0.9349051688719835),
2026-07-09 03:18:12,009 | INFO | 	                              (17, 0.9349051688719835),
[92mINFO [0m:      	                              (18, 0.9351416134863909),
2026-07-09 03:18:12,009 | INFO | 	                              (18, 0.9351416134863909),
[92mINFO [0m:      	                              (19, 0.9352650168254141),
2026-07-09 03:18:12,009 | INFO | 	                              (19, 0.9352650168254141),
[92mINFO [0m:      	                              (20, 0.9356924522746921),
2026-07-09 03:18:12,009 | INFO | 	                              (20, 0.9356924522746921),
[92mINFO [0m:      	                              (21, 0.9359800859835166),
2026-07-09 03:18:12,009 | INFO | 	                              (21, 0.9359800859835166),
[92mINFO [0m:      	                              (22, 0.9363781020302756),
2026-07-09 03:18:12,009 | INFO | 	                              (22, 0.9363781020302756),
[92mINFO [0m:      	                              (23, 0.9371663112518878),
2026-07-09 03:18:12,009 | INFO | 	                              (23, 0.9371663112518878),
[92mINFO [0m:      	                              (24, 0.9374412136625185),
2026-07-09 03:18:12,009 | INFO | 	                              (24, 0.9374412136625185),
[92mINFO [0m:      	                              (25, 0.9378833214280702),
2026-07-09 03:18:12,009 | INFO | 	                              (25, 0.9378833214280702),
[92mINFO [0m:      	                              (26, 0.937902542135038),
2026-07-09 03:18:12,009 | INFO | 	                              (26, 0.937902542135038),
[92mINFO [0m:      	                              (27, 0.9383156702573885),
2026-07-09 03:18:12,009 | INFO | 	                              (27, 0.9383156702573885),
[92mINFO [0m:      	                              (28, 0.9386895869860528),
2026-07-09 03:18:12,009 | INFO | 	                              (28, 0.9386895869860528),
[92mINFO [0m:      	                              (29, 0.9396526823529779),
2026-07-09 03:18:12,009 | INFO | 	                              (29, 0.9396526823529779),
[92mINFO [0m:      	                              (30, 0.9399266216341138),
2026-07-09 03:18:12,009 | INFO | 	                              (30, 0.9399266216341138),
[92mINFO [0m:      	                              (31, 0.9402592094710153),
2026-07-09 03:18:12,009 | INFO | 	                              (31, 0.9402592094710153),
[92mINFO [0m:      	                              (32, 0.9403990101036663),
2026-07-09 03:18:12,009 | INFO | 	                              (32, 0.9403990101036663),
[92mINFO [0m:      	                              (33, 0.9406305461081368),
2026-07-09 03:18:12,009 | INFO | 	                              (33, 0.9406305461081368),
[92mINFO [0m:      	                              (34, 0.9409017437798616),
2026-07-09 03:18:12,009 | INFO | 	                              (34, 0.9409017437798616),
[92mINFO [0m:      	                              (35, 0.9406422216777541),
2026-07-09 03:18:12,009 | INFO | 	                              (35, 0.9406422216777541),
[92mINFO [0m:      	                              (36, 0.9413817556064679),
2026-07-09 03:18:12,009 | INFO | 	                              (36, 0.9413817556064679),
[92mINFO [0m:      	                              (37, 0.9417074643236195),
2026-07-09 03:18:12,009 | INFO | 	                              (37, 0.9417074643236195),
[92mINFO [0m:      	                              (38, 0.9414634811766869),
2026-07-09 03:18:12,009 | INFO | 	                              (38, 0.9414634811766869),
[92mINFO [0m:      	                              (39, 0.9416274917943123),
2026-07-09 03:18:12,009 | INFO | 	                              (39, 0.9416274917943123),
[92mINFO [0m:      	                              (40, 0.941861694022762),
2026-07-09 03:18:12,009 | INFO | 	                              (40, 0.941861694022762),
[92mINFO [0m:      	                              (41, 0.9416904771090849),
2026-07-09 03:18:12,009 | INFO | 	                              (41, 0.9416904771090849),
[92mINFO [0m:      	                              (42, 0.9419887854197798),
2026-07-09 03:18:12,009 | INFO | 	                              (42, 0.9419887854197798),
[92mINFO [0m:      	                              (43, 0.9423139151296104),
2026-07-09 03:18:12,009 | INFO | 	                              (43, 0.9423139151296104),
[92mINFO [0m:      	                              (44, 0.9426861562899557),
2026-07-09 03:18:12,009 | INFO | 	                              (44, 0.9426861562899557),
[92mINFO [0m:      	                              (45, 0.9433093070540322),
2026-07-09 03:18:12,009 | INFO | 	                              (45, 0.9433093070540322),
[92mINFO [0m:      	                              (46, 0.9439572833924137),
2026-07-09 03:18:12,009 | INFO | 	                              (46, 0.9439572833924137),
[92mINFO [0m:      	                              (47, 0.9444364857319384),
2026-07-09 03:18:12,009 | INFO | 	                              (47, 0.9444364857319384),
[92mINFO [0m:      	                              (48, 0.944464953296426),
2026-07-09 03:18:12,009 | INFO | 	                              (48, 0.944464953296426),
[92mINFO [0m:      	                              (49, 0.9447089406683563),
2026-07-09 03:18:12,009 | INFO | 	                              (49, 0.9447089406683563),
[92mINFO [0m:      	                              (50, 0.9446400472563246),
2026-07-09 03:18:12,009 | INFO | 	                              (50, 0.9446400472563246),
[92mINFO [0m:      	                              (51, 0.9449086036384111),
2026-07-09 03:18:12,009 | INFO | 	                              (51, 0.9449086036384111),
[92mINFO [0m:      	                              (52, 0.9451320967716583),
2026-07-09 03:18:12,009 | INFO | 	                              (52, 0.9451320967716583),
[92mINFO [0m:      	                              (53, 0.9456873761370013),
2026-07-09 03:18:12,009 | INFO | 	                              (53, 0.9456873761370013),
[92mINFO [0m:      	                              (54, 0.9457213461404876),
2026-07-09 03:18:12,009 | INFO | 	                              (54, 0.9457213461404876),
[92mINFO [0m:      	                              (55, 0.9457866118386068),
2026-07-09 03:18:12,009 | INFO | 	                              (55, 0.9457866118386068),
[92mINFO [0m:      	                              (56, 0.9460700129054531),
2026-07-09 03:18:12,010 | INFO | 	                              (56, 0.9460700129054531),
[92mINFO [0m:      	                              (57, 0.9465612030247316),
2026-07-09 03:18:12,010 | INFO | 	                              (57, 0.9465612030247316),
[92mINFO [0m:      	                              (58, 0.9466595760375627),
2026-07-09 03:18:12,010 | INFO | 	                              (58, 0.9466595760375627),
[92mINFO [0m:      	                              (59, 0.9465400765247896),
2026-07-09 03:18:12,010 | INFO | 	                              (59, 0.9465400765247896),
[92mINFO [0m:      	                              (60, 0.9469435610607382)],
2026-07-09 03:18:12,010 | INFO | 	                              (60, 0.9469435610607382)],
[92mINFO [0m:      	 'client_update_cosine_p50': [(1, 0.9279225489492782),
2026-07-09 03:18:12,010 | INFO | 	 'client_update_cosine_p50': [(1, 0.9279225489492782),
[92mINFO [0m:      	                              (2, 0.9279341319097211),
2026-07-09 03:18:12,010 | INFO | 	                              (2, 0.9279341319097211),
[92mINFO [0m:      	                              (3, 0.9287737221271832),
2026-07-09 03:18:12,010 | INFO | 	                              (3, 0.9287737221271832),
[92mINFO [0m:      	                              (4, 0.9289481319010061),
2026-07-09 03:18:12,010 | INFO | 	                              (4, 0.9289481319010061),
[92mINFO [0m:      	                              (5, 0.9297443724028488),
2026-07-09 03:18:12,010 | INFO | 	                              (5, 0.9297443724028488),
[92mINFO [0m:      	                              (6, 0.9302993060791137),
2026-07-09 03:18:12,010 | INFO | 	                              (6, 0.9302993060791137),
[92mINFO [0m:      	                              (7, 0.9308169944592729),
2026-07-09 03:18:12,010 | INFO | 	                              (7, 0.9308169944592729),
[92mINFO [0m:      	                              (8, 0.9310517525028309),
2026-07-09 03:18:12,010 | INFO | 	                              (8, 0.9310517525028309),
[92mINFO [0m:      	                              (9, 0.931803542314552),
2026-07-09 03:18:12,010 | INFO | 	                              (9, 0.931803542314552),
[92mINFO [0m:      	                              (10, 0.9325476369032129),
2026-07-09 03:18:12,010 | INFO | 	                              (10, 0.9325476369032129),
[92mINFO [0m:      	                              (11, 0.9324044060921169),
2026-07-09 03:18:12,010 | INFO | 	                              (11, 0.9324044060921169),
[92mINFO [0m:      	                              (12, 0.9326046976604988),
2026-07-09 03:18:12,010 | INFO | 	                              (12, 0.9326046976604988),
[92mINFO [0m:      	                              (13, 0.9329180932305056),
2026-07-09 03:18:12,010 | INFO | 	                              (13, 0.9329180932305056),
[92mINFO [0m:      	                              (14, 0.9329385536600899),
2026-07-09 03:18:12,010 | INFO | 	                              (14, 0.9329385536600899),
[92mINFO [0m:      	                              (15, 0.9335002808387378),
2026-07-09 03:18:12,010 | INFO | 	                              (15, 0.9335002808387378),
[92mINFO [0m:      	                              (16, 0.9337921399741572),
2026-07-09 03:18:12,010 | INFO | 	                              (16, 0.9337921399741572),
[92mINFO [0m:      	                              (17, 0.935416495385149),
2026-07-09 03:18:12,010 | INFO | 	                              (17, 0.935416495385149),
[92mINFO [0m:      	                              (18, 0.9354962800457751),
2026-07-09 03:18:12,010 | INFO | 	                              (18, 0.9354962800457751),
[92mINFO [0m:      	                              (19, 0.9358038753652173),
2026-07-09 03:18:12,010 | INFO | 	                              (19, 0.9358038753652173),
[92mINFO [0m:      	                              (20, 0.9359314086599154),
2026-07-09 03:18:12,010 | INFO | 	                              (20, 0.9359314086599154),
[92mINFO [0m:      	                              (21, 0.9362904227968573),
2026-07-09 03:18:12,010 | INFO | 	                              (21, 0.9362904227968573),
[92mINFO [0m:      	                              (22, 0.9369489934328923),
2026-07-09 03:18:12,010 | INFO | 	                              (22, 0.9369489934328923),
[92mINFO [0m:      	                              (23, 0.9374729706758813),
2026-07-09 03:18:12,010 | INFO | 	                              (23, 0.9374729706758813),
[92mINFO [0m:      	                              (24, 0.9382109980881023),
2026-07-09 03:18:12,010 | INFO | 	                              (24, 0.9382109980881023),
[92mINFO [0m:      	                              (25, 0.9380535573989546),
2026-07-09 03:18:12,010 | INFO | 	                              (25, 0.9380535573989546),
[92mINFO [0m:      	                              (26, 0.9383979944058655),
2026-07-09 03:18:12,010 | INFO | 	                              (26, 0.9383979944058655),
[92mINFO [0m:      	                              (27, 0.9386885320887977),
2026-07-09 03:18:12,010 | INFO | 	                              (27, 0.9386885320887977),
[92mINFO [0m:      	                              (28, 0.9392310363141603),
2026-07-09 03:18:12,010 | INFO | 	                              (28, 0.9392310363141603),
[92mINFO [0m:      	                              (29, 0.939913870180944),
2026-07-09 03:18:12,010 | INFO | 	                              (29, 0.939913870180944),
[92mINFO [0m:      	                              (30, 0.9403153059754649),
2026-07-09 03:18:12,010 | INFO | 	                              (30, 0.9403153059754649),
[92mINFO [0m:      	                              (31, 0.9406154805025594),
2026-07-09 03:18:12,010 | INFO | 	                              (31, 0.9406154805025594),
[92mINFO [0m:      	                              (32, 0.9408776068744685),
2026-07-09 03:18:12,010 | INFO | 	                              (32, 0.9408776068744685),
[92mINFO [0m:      	                              (33, 0.9410989584194112),
2026-07-09 03:18:12,010 | INFO | 	                              (33, 0.9410989584194112),
[92mINFO [0m:      	                              (34, 0.9412967066629698),
2026-07-09 03:18:12,010 | INFO | 	                              (34, 0.9412967066629698),
[92mINFO [0m:      	                              (35, 0.9410600428337196),
2026-07-09 03:18:12,010 | INFO | 	                              (35, 0.9410600428337196),
[92mINFO [0m:      	                              (36, 0.9415963879015042),
2026-07-09 03:18:12,010 | INFO | 	                              (36, 0.9415963879015042),
[92mINFO [0m:      	                              (37, 0.9422148640543563),
2026-07-09 03:18:12,010 | INFO | 	                              (37, 0.9422148640543563),
[92mINFO [0m:      	                              (38, 0.9419505045155685),
2026-07-09 03:18:12,011 | INFO | 	                              (38, 0.9419505045155685),
[92mINFO [0m:      	                              (39, 0.9420794975716419),
2026-07-09 03:18:12,011 | INFO | 	                              (39, 0.9420794975716419),
[92mINFO [0m:      	                              (40, 0.9421791499127031),
2026-07-09 03:18:12,011 | INFO | 	                              (40, 0.9421791499127031),
[92mINFO [0m:      	                              (41, 0.9421648265974026),
2026-07-09 03:18:12,011 | INFO | 	                              (41, 0.9421648265974026),
[92mINFO [0m:      	                              (42, 0.9424103624573625),
2026-07-09 03:18:12,011 | INFO | 	                              (42, 0.9424103624573625),
[92mINFO [0m:      	                              (43, 0.9427979351118553),
2026-07-09 03:18:12,011 | INFO | 	                              (43, 0.9427979351118553),
[92mINFO [0m:      	                              (44, 0.9430330754787638),
2026-07-09 03:18:12,011 | INFO | 	                              (44, 0.9430330754787638),
[92mINFO [0m:      	                              (45, 0.9434903413476539),
2026-07-09 03:18:12,011 | INFO | 	                              (45, 0.9434903413476539),
[92mINFO [0m:      	                              (46, 0.9441767644884836),
2026-07-09 03:18:12,011 | INFO | 	                              (46, 0.9441767644884836),
[92mINFO [0m:      	                              (47, 0.944800818017606),
2026-07-09 03:18:12,011 | INFO | 	                              (47, 0.944800818017606),
[92mINFO [0m:      	                              (48, 0.9449776096450482),
2026-07-09 03:18:12,011 | INFO | 	                              (48, 0.9449776096450482),
[92mINFO [0m:      	                              (49, 0.9450912363327478),
2026-07-09 03:18:12,011 | INFO | 	                              (49, 0.9450912363327478),
[92mINFO [0m:      	                              (50, 0.9449586201225072),
2026-07-09 03:18:12,011 | INFO | 	                              (50, 0.9449586201225072),
[92mINFO [0m:      	                              (51, 0.9450535606405506),
2026-07-09 03:18:12,011 | INFO | 	                              (51, 0.9450535606405506),
[92mINFO [0m:      	                              (52, 0.9453190685144538),
2026-07-09 03:18:12,011 | INFO | 	                              (52, 0.9453190685144538),
[92mINFO [0m:      	                              (53, 0.9459502354528038),
2026-07-09 03:18:12,011 | INFO | 	                              (53, 0.9459502354528038),
[92mINFO [0m:      	                              (54, 0.9462470829020937),
2026-07-09 03:18:12,011 | INFO | 	                              (54, 0.9462470829020937),
[92mINFO [0m:      	                              (55, 0.9461773058469859),
2026-07-09 03:18:12,011 | INFO | 	                              (55, 0.9461773058469859),
[92mINFO [0m:      	                              (56, 0.9463565985526462),
2026-07-09 03:18:12,011 | INFO | 	                              (56, 0.9463565985526462),
[92mINFO [0m:      	                              (57, 0.9466942586335134),
2026-07-09 03:18:12,011 | INFO | 	                              (57, 0.9466942586335134),
[92mINFO [0m:      	                              (58, 0.947109842500766),
2026-07-09 03:18:12,011 | INFO | 	                              (58, 0.947109842500766),
[92mINFO [0m:      	                              (59, 0.9471686735077848),
2026-07-09 03:18:12,011 | INFO | 	                              (59, 0.9471686735077848),
[92mINFO [0m:      	                              (60, 0.9471584861149692)],
2026-07-09 03:18:12,011 | INFO | 	                              (60, 0.9471584861149692)],
[92mINFO [0m:      	 'client_update_cosine_p90': [(1, 0.9424449483065701),
2026-07-09 03:18:12,011 | INFO | 	 'client_update_cosine_p90': [(1, 0.9424449483065701),
[92mINFO [0m:      	                              (2, 0.9373178227252128),
2026-07-09 03:18:12,011 | INFO | 	                              (2, 0.9373178227252128),
[92mINFO [0m:      	                              (3, 0.9438601720513609),
2026-07-09 03:18:12,011 | INFO | 	                              (3, 0.9438601720513609),
[92mINFO [0m:      	                              (4, 0.9386755793113921),
2026-07-09 03:18:12,011 | INFO | 	                              (4, 0.9386755793113921),
[92mINFO [0m:      	                              (5, 0.9391391253116279),
2026-07-09 03:18:12,011 | INFO | 	                              (5, 0.9391391253116279),
[92mINFO [0m:      	                              (6, 0.9460521176927057),
2026-07-09 03:18:12,011 | INFO | 	                              (6, 0.9460521176927057),
[92mINFO [0m:      	                              (7, 0.9471887451533002),
2026-07-09 03:18:12,011 | INFO | 	                              (7, 0.9471887451533002),
[92mINFO [0m:      	                              (8, 0.9471038861763215),
2026-07-09 03:18:12,011 | INFO | 	                              (8, 0.9471038861763215),
[92mINFO [0m:      	                              (9, 0.9413214368463232),
2026-07-09 03:18:12,011 | INFO | 	                              (9, 0.9413214368463232),
[92mINFO [0m:      	                              (10, 0.9485617067714284),
2026-07-09 03:18:12,011 | INFO | 	                              (10, 0.9485617067714284),
[92mINFO [0m:      	                              (11, 0.9500557471518251),
2026-07-09 03:18:12,011 | INFO | 	                              (11, 0.9500557471518251),
[92mINFO [0m:      	                              (12, 0.9491146693427347),
2026-07-09 03:18:12,011 | INFO | 	                              (12, 0.9491146693427347),
[92mINFO [0m:      	                              (13, 0.9431408642413748),
2026-07-09 03:18:12,011 | INFO | 	                              (13, 0.9431408642413748),
[92mINFO [0m:      	                              (14, 0.9333294510713639),
2026-07-09 03:18:12,011 | INFO | 	                              (14, 0.9333294510713639),
[92mINFO [0m:      	                              (15, 0.9437769504041059),
2026-07-09 03:18:12,011 | INFO | 	                              (15, 0.9437769504041059),
[92mINFO [0m:      	                              (16, 0.93438506783832),
2026-07-09 03:18:12,011 | INFO | 	                              (16, 0.93438506783832),
[92mINFO [0m:      	                              (17, 0.9518049438563432),
2026-07-09 03:18:12,011 | INFO | 	                              (17, 0.9518049438563432),
[92mINFO [0m:      	                              (18, 0.9521864349380533),
2026-07-09 03:18:12,011 | INFO | 	                              (18, 0.9521864349380533),
[92mINFO [0m:      	                              (19, 0.952672802649161),
2026-07-09 03:18:12,011 | INFO | 	                              (19, 0.952672802649161),
[92mINFO [0m:      	                              (20, 0.9537084689782193),
2026-07-09 03:18:12,011 | INFO | 	                              (20, 0.9537084689782193),
[92mINFO [0m:      	                              (21, 0.9531458515201432),
2026-07-09 03:18:12,012 | INFO | 	                              (21, 0.9531458515201432),
[92mINFO [0m:      	                              (22, 0.9372480505021047),
2026-07-09 03:18:12,012 | INFO | 	                              (22, 0.9372480505021047),
[92mINFO [0m:      	                              (23, 0.9473035604507904),
2026-07-09 03:18:12,012 | INFO | 	                              (23, 0.9473035604507904),
[92mINFO [0m:      	                              (24, 0.9577506104234802),
2026-07-09 03:18:12,012 | INFO | 	                              (24, 0.9577506104234802),
[92mINFO [0m:      	                              (25, 0.9548380830363046),
2026-07-09 03:18:12,012 | INFO | 	                              (25, 0.9548380830363046),
[92mINFO [0m:      	                              (26, 0.9485352261383625),
2026-07-09 03:18:12,012 | INFO | 	                              (26, 0.9485352261383625),
[92mINFO [0m:      	                              (27, 0.9555066203911814),
2026-07-09 03:18:12,012 | INFO | 	                              (27, 0.9555066203911814),
[92mINFO [0m:      	                              (28, 0.9501562247763483),
2026-07-09 03:18:12,012 | INFO | 	                              (28, 0.9501562247763483),
[92mINFO [0m:      	                              (29, 0.9563866775402715),
2026-07-09 03:18:12,012 | INFO | 	                              (29, 0.9563866775402715),
[92mINFO [0m:      	                              (30, 0.9502609760454727),
2026-07-09 03:18:12,012 | INFO | 	                              (30, 0.9502609760454727),
[92mINFO [0m:      	                              (31, 0.9569176314504484),
2026-07-09 03:18:12,012 | INFO | 	                              (31, 0.9569176314504484),
[92mINFO [0m:      	                              (32, 0.9597375649883286),
2026-07-09 03:18:12,012 | INFO | 	                              (32, 0.9597375649883286),
[92mINFO [0m:      	                              (33, 0.9591471300996436),
2026-07-09 03:18:12,012 | INFO | 	                              (33, 0.9591471300996436),
[92mINFO [0m:      	                              (34, 0.9616146421180735),
2026-07-09 03:18:12,012 | INFO | 	                              (34, 0.9616146421180735),
[92mINFO [0m:      	                              (35, 0.9567009855793562),
2026-07-09 03:18:12,012 | INFO | 	                              (35, 0.9567009855793562),
[92mINFO [0m:      	                              (36, 0.9507818218834592),
2026-07-09 03:18:12,012 | INFO | 	                              (36, 0.9507818218834592),
[92mINFO [0m:      	                              (37, 0.960845958404921),
2026-07-09 03:18:12,012 | INFO | 	                              (37, 0.960845958404921),
[92mINFO [0m:      	                              (38, 0.9609609073232563),
2026-07-09 03:18:12,012 | INFO | 	                              (38, 0.9609609073232563),
[92mINFO [0m:      	                              (39, 0.9599166368030794),
2026-07-09 03:18:12,012 | INFO | 	                              (39, 0.9599166368030794),
[92mINFO [0m:      	                              (40, 0.9570248721076393),
2026-07-09 03:18:12,012 | INFO | 	                              (40, 0.9570248721076393),
[92mINFO [0m:      	                              (41, 0.9570200679309822),
2026-07-09 03:18:12,012 | INFO | 	                              (41, 0.9570200679309822),
[92mINFO [0m:      	                              (42, 0.9532376586648675),
2026-07-09 03:18:12,012 | INFO | 	                              (42, 0.9532376586648675),
[92mINFO [0m:      	                              (43, 0.9620551059230221),
2026-07-09 03:18:12,012 | INFO | 	                              (43, 0.9620551059230221),
[92mINFO [0m:      	                              (44, 0.9572078243044096),
2026-07-09 03:18:12,012 | INFO | 	                              (44, 0.9572078243044096),
[92mINFO [0m:      	                              (45, 0.9436527542390635),
2026-07-09 03:18:12,012 | INFO | 	                              (45, 0.9436527542390635),
[92mINFO [0m:      	                              (46, 0.9548295549568513),
2026-07-09 03:18:12,012 | INFO | 	                              (46, 0.9548295549568513),
[92mINFO [0m:      	                              (47, 0.9601867911294325),
2026-07-09 03:18:12,012 | INFO | 	                              (47, 0.9601867911294325),
[92mINFO [0m:      	                              (48, 0.9620043705820243),
2026-07-09 03:18:12,012 | INFO | 	                              (48, 0.9620043705820243),
[92mINFO [0m:      	                              (49, 0.960290778492076),
2026-07-09 03:18:12,012 | INFO | 	                              (49, 0.960290778492076),
[92mINFO [0m:      	                              (50, 0.9571308323514746),
2026-07-09 03:18:12,012 | INFO | 	                              (50, 0.9571308323514746),
[92mINFO [0m:      	                              (51, 0.9575004670359303),
2026-07-09 03:18:12,012 | INFO | 	                              (51, 0.9575004670359303),
[92mINFO [0m:      	                              (52, 0.9576734020550076),
2026-07-09 03:18:12,012 | INFO | 	                              (52, 0.9576734020550076),
[92mINFO [0m:      	                              (53, 0.9576077004336617),
2026-07-09 03:18:12,012 | INFO | 	                              (53, 0.9576077004336617),
[92mINFO [0m:      	                              (54, 0.9604012969237541),
2026-07-09 03:18:12,012 | INFO | 	                              (54, 0.9604012969237541),
[92mINFO [0m:      	                              (55, 0.9628010298931153),
2026-07-09 03:18:12,012 | INFO | 	                              (55, 0.9628010298931153),
[92mINFO [0m:      	                              (56, 0.9573778157755976),
2026-07-09 03:18:12,012 | INFO | 	                              (56, 0.9573778157755976),
[92mINFO [0m:      	                              (57, 0.9575049022454769),
2026-07-09 03:18:12,012 | INFO | 	                              (57, 0.9575049022454769),
[92mINFO [0m:      	                              (58, 0.9605518988232465),
2026-07-09 03:18:12,012 | INFO | 	                              (58, 0.9605518988232465),
[92mINFO [0m:      	                              (59, 0.9635889042038189),
2026-07-09 03:18:12,012 | INFO | 	                              (59, 0.9635889042038189),
[92mINFO [0m:      	                              (60, 0.9567801843424923)],
2026-07-09 03:18:12,012 | INFO | 	                              (60, 0.9567801843424923)],
[92mINFO [0m:      	 'client_update_cosine_std': [(1, 0.0068776773557183),
2026-07-09 03:18:12,012 | INFO | 	 'client_update_cosine_std': [(1, 0.0068776773557183),
[92mINFO [0m:      	                              (2, 0.0062762243335570175),
2026-07-09 03:18:12,012 | INFO | 	                              (2, 0.0062762243335570175),
[92mINFO [0m:      	                              (3, 0.006169728745993407),
2026-07-09 03:18:12,013 | INFO | 	                              (3, 0.006169728745993407),
[92mINFO [0m:      	                              (4, 0.006632182552419522),
2026-07-09 03:18:12,013 | INFO | 	                              (4, 0.006632182552419522),
[92mINFO [0m:      	                              (5, 0.00540431756645618),
2026-07-09 03:18:12,013 | INFO | 	                              (5, 0.00540431756645618),
[92mINFO [0m:      	                              (6, 0.006667638816356555),
2026-07-09 03:18:12,013 | INFO | 	                              (6, 0.006667638816356555),
[92mINFO [0m:      	                              (7, 0.007307667664870234),
2026-07-09 03:18:12,013 | INFO | 	                              (7, 0.007307667664870234),
[92mINFO [0m:      	                              (8, 0.007250891304325588),
2026-07-09 03:18:12,013 | INFO | 	                              (8, 0.007250891304325588),
[92mINFO [0m:      	                              (9, 0.005403299878765946),
2026-07-09 03:18:12,013 | INFO | 	                              (9, 0.005403299878765946),
[92mINFO [0m:      	                              (10, 0.007597458976172598),
2026-07-09 03:18:12,013 | INFO | 	                              (10, 0.007597458976172598),
[92mINFO [0m:      	                              (11, 0.00830798817244304),
2026-07-09 03:18:12,013 | INFO | 	                              (11, 0.00830798817244304),
[92mINFO [0m:      	                              (12, 0.0066273426866875285),
2026-07-09 03:18:12,013 | INFO | 	                              (12, 0.0066273426866875285),
[92mINFO [0m:      	                              (13, 0.005757764307556482),
2026-07-09 03:18:12,013 | INFO | 	                              (13, 0.005757764307556482),
[92mINFO [0m:      	                              (14, 0.004352969866447182),
2026-07-09 03:18:12,013 | INFO | 	                              (14, 0.004352969866447182),
[92mINFO [0m:      	                              (15, 0.005750795581573866),
2026-07-09 03:18:12,013 | INFO | 	                              (15, 0.005750795581573866),
[92mINFO [0m:      	                              (16, 0.00562125857628746),
2026-07-09 03:18:12,013 | INFO | 	                              (16, 0.00562125857628746),
[92mINFO [0m:      	                              (17, 0.006702256708998607),
2026-07-09 03:18:12,013 | INFO | 	                              (17, 0.006702256708998607),
[92mINFO [0m:      	                              (18, 0.006781115025021083),
2026-07-09 03:18:12,013 | INFO | 	                              (18, 0.006781115025021083),
[92mINFO [0m:      	                              (19, 0.00743736664477016),
2026-07-09 03:18:12,013 | INFO | 	                              (19, 0.00743736664477016),
[92mINFO [0m:      	                              (20, 0.007202132929842504),
2026-07-09 03:18:12,013 | INFO | 	                              (20, 0.007202132929842504),
[92mINFO [0m:      	                              (21, 0.008555496323175841),
2026-07-09 03:18:12,013 | INFO | 	                              (21, 0.008555496323175841),
[92mINFO [0m:      	                              (22, 0.0043075031757715794),
2026-07-09 03:18:12,013 | INFO | 	                              (22, 0.0043075031757715794),
[92mINFO [0m:      	                              (23, 0.005649367818441493),
2026-07-09 03:18:12,013 | INFO | 	                              (23, 0.005649367818441493),
[92mINFO [0m:      	                              (24, 0.008619695282167479),
2026-07-09 03:18:12,013 | INFO | 	                              (24, 0.008619695282167479),
[92mINFO [0m:      	                              (25, 0.006997262251817205),
2026-07-09 03:18:12,013 | INFO | 	                              (25, 0.006997262251817205),
[92mINFO [0m:      	                              (26, 0.005644690550052162),
2026-07-09 03:18:12,013 | INFO | 	                              (26, 0.005644690550052162),
[92mINFO [0m:      	                              (27, 0.007946082312281064),
2026-07-09 03:18:12,013 | INFO | 	                              (27, 0.007946082312281064),
[92mINFO [0m:      	                              (28, 0.006196946551648015),
2026-07-09 03:18:12,013 | INFO | 	                              (28, 0.006196946551648015),
[92mINFO [0m:      	                              (29, 0.007936931733433702),
2026-07-09 03:18:12,013 | INFO | 	                              (29, 0.007936931733433702),
[92mINFO [0m:      	                              (30, 0.006256543789118207),
2026-07-09 03:18:12,013 | INFO | 	                              (30, 0.006256543789118207),
[92mINFO [0m:      	                              (31, 0.007599426754253134),
2026-07-09 03:18:12,013 | INFO | 	                              (31, 0.007599426754253134),
[92mINFO [0m:      	                              (32, 0.0085911689356518),
2026-07-09 03:18:12,013 | INFO | 	                              (32, 0.0085911689356518),
[92mINFO [0m:      	                              (33, 0.0081078206249401),
2026-07-09 03:18:12,013 | INFO | 	                              (33, 0.0081078206249401),
[92mINFO [0m:      	                              (34, 0.009366349125107169),
2026-07-09 03:18:12,013 | INFO | 	                              (34, 0.009366349125107169),
[92mINFO [0m:      	                              (35, 0.006917815152904872),
2026-07-09 03:18:12,013 | INFO | 	                              (35, 0.006917815152904872),
[92mINFO [0m:      	                              (36, 0.00517335295803789),
2026-07-09 03:18:12,013 | INFO | 	                              (36, 0.00517335295803789),
[92mINFO [0m:      	                              (37, 0.00887775393198131),
2026-07-09 03:18:12,013 | INFO | 	                              (37, 0.00887775393198131),
[92mINFO [0m:      	                              (38, 0.008126196887617239),
2026-07-09 03:18:12,013 | INFO | 	                              (38, 0.008126196887617239),
[92mINFO [0m:      	                              (39, 0.008336909856087631),
2026-07-09 03:18:12,013 | INFO | 	                              (39, 0.008336909856087631),
[92mINFO [0m:      	                              (40, 0.007489710891808195),
2026-07-09 03:18:12,013 | INFO | 	                              (40, 0.007489710891808195),
[92mINFO [0m:      	                              (41, 0.00699854462073671),
2026-07-09 03:18:12,013 | INFO | 	                              (41, 0.00699854462073671),
[92mINFO [0m:      	                              (42, 0.006324874896578755),
2026-07-09 03:18:12,013 | INFO | 	                              (42, 0.006324874896578755),
[92mINFO [0m:      	                              (43, 0.008504832226753375),
2026-07-09 03:18:12,013 | INFO | 	                              (43, 0.008504832226753375),
[92mINFO [0m:      	                              (44, 0.0064304926261012155),
2026-07-09 03:18:12,013 | INFO | 	                              (44, 0.0064304926261012155),
[92mINFO [0m:      	                              (45, 0.004907904041298666),
2026-07-09 03:18:12,013 | INFO | 	                              (45, 0.004907904041298666),
[92mINFO [0m:      	                              (46, 0.006317792318630059),
2026-07-09 03:18:12,014 | INFO | 	                              (46, 0.006317792318630059),
[92mINFO [0m:      	                              (47, 0.007165506691092874),
2026-07-09 03:18:12,014 | INFO | 	                              (47, 0.007165506691092874),
[92mINFO [0m:      	                              (48, 0.007757485170584456),
2026-07-09 03:18:12,014 | INFO | 	                              (48, 0.007757485170584456),
[92mINFO [0m:      	                              (49, 0.007135445474728884),
2026-07-09 03:18:12,014 | INFO | 	                              (49, 0.007135445474728884),
[92mINFO [0m:      	                              (50, 0.005665985725719129),
2026-07-09 03:18:12,014 | INFO | 	                              (50, 0.005665985725719129),
[92mINFO [0m:      	                              (51, 0.005701416364112996),
2026-07-09 03:18:12,014 | INFO | 	                              (51, 0.005701416364112996),
[92mINFO [0m:      	                              (52, 0.006325003321833176),
2026-07-09 03:18:12,014 | INFO | 	                              (52, 0.006325003321833176),
[92mINFO [0m:      	                              (53, 0.005508705819812591),
2026-07-09 03:18:12,014 | INFO | 	                              (53, 0.005508705819812591),
[92mINFO [0m:      	                              (54, 0.006754323415511548),
2026-07-09 03:18:12,014 | INFO | 	                              (54, 0.006754323415511548),
[92mINFO [0m:      	                              (55, 0.007114708348926491),
2026-07-09 03:18:12,014 | INFO | 	                              (55, 0.007114708348926491),
[92mINFO [0m:      	                              (56, 0.0052571935983807706),
2026-07-09 03:18:12,014 | INFO | 	                              (56, 0.0052571935983807706),
[92mINFO [0m:      	                              (57, 0.005772930557681642),
2026-07-09 03:18:12,014 | INFO | 	                              (57, 0.005772930557681642),
[92mINFO [0m:      	                              (58, 0.005977595973334174),
2026-07-09 03:18:12,014 | INFO | 	                              (58, 0.005977595973334174),
[92mINFO [0m:      	                              (59, 0.007333920994425057),
2026-07-09 03:18:12,014 | INFO | 	                              (59, 0.007333920994425057),
[92mINFO [0m:      	                              (60, 0.004288260933729083)],
2026-07-09 03:18:12,014 | INFO | 	                              (60, 0.004288260933729083)],
[92mINFO [0m:      	 'client_update_l2_max': [(1, 2.7630850935582054),
2026-07-09 03:18:12,014 | INFO | 	 'client_update_l2_max': [(1, 2.7630850935582054),
[92mINFO [0m:      	                          (2, 2.77277107740177),
2026-07-09 03:18:12,014 | INFO | 	                          (2, 2.77277107740177),
[92mINFO [0m:      	                          (3, 2.802023452707524),
2026-07-09 03:18:12,014 | INFO | 	                          (3, 2.802023452707524),
[92mINFO [0m:      	                          (4, 2.8236407589797974),
2026-07-09 03:18:12,014 | INFO | 	                          (4, 2.8236407589797974),
[92mINFO [0m:      	                          (5, 2.857012834024542),
2026-07-09 03:18:12,014 | INFO | 	                          (5, 2.857012834024542),
[92mINFO [0m:      	                          (6, 2.8627006197361733),
2026-07-09 03:18:12,014 | INFO | 	                          (6, 2.8627006197361733),
[92mINFO [0m:      	                          (7, 2.8753994741540563),
2026-07-09 03:18:12,014 | INFO | 	                          (7, 2.8753994741540563),
[92mINFO [0m:      	                          (8, 2.9135491926752497),
2026-07-09 03:18:12,014 | INFO | 	                          (8, 2.9135491926752497),
[92mINFO [0m:      	                          (9, 2.9322825370879775),
2026-07-09 03:18:12,014 | INFO | 	                          (9, 2.9322825370879775),
[92mINFO [0m:      	                          (10, 2.9544700123170946),
2026-07-09 03:18:12,014 | INFO | 	                          (10, 2.9544700123170946),
[92mINFO [0m:      	                          (11, 2.9773848293934067),
2026-07-09 03:18:12,014 | INFO | 	                          (11, 2.9773848293934067),
[92mINFO [0m:      	                          (12, 2.994312708994439),
2026-07-09 03:18:12,014 | INFO | 	                          (12, 2.994312708994439),
[92mINFO [0m:      	                          (13, 3.0206878388449816),
2026-07-09 03:18:12,014 | INFO | 	                          (13, 3.0206878388449816),
[92mINFO [0m:      	                          (14, 3.044176402068172),
2026-07-09 03:18:12,014 | INFO | 	                          (14, 3.044176402068172),
[92mINFO [0m:      	                          (15, 3.0621740015183),
2026-07-09 03:18:12,014 | INFO | 	                          (15, 3.0621740015183),
[92mINFO [0m:      	                          (16, 3.089612855079277),
2026-07-09 03:18:12,014 | INFO | 	                          (16, 3.089612855079277),
[92mINFO [0m:      	                          (17, 3.1127790110823934),
2026-07-09 03:18:12,014 | INFO | 	                          (17, 3.1127790110823934),
[92mINFO [0m:      	                          (18, 3.1261739393404513),
2026-07-09 03:18:12,014 | INFO | 	                          (18, 3.1261739393404513),
[92mINFO [0m:      	                          (19, 3.1554980373280133),
2026-07-09 03:18:12,014 | INFO | 	                          (19, 3.1554980373280133),
[92mINFO [0m:      	                          (20, 3.1806060444821354),
2026-07-09 03:18:12,014 | INFO | 	                          (20, 3.1806060444821354),
[92mINFO [0m:      	                          (21, 3.196057875871236),
2026-07-09 03:18:12,014 | INFO | 	                          (21, 3.196057875871236),
[92mINFO [0m:      	                          (22, 3.224188172629077),
2026-07-09 03:18:12,014 | INFO | 	                          (22, 3.224188172629077),
[92mINFO [0m:      	                          (23, 3.240086759052956),
2026-07-09 03:18:12,014 | INFO | 	                          (23, 3.240086759052956),
[92mINFO [0m:      	                          (24, 3.2722289288598243),
2026-07-09 03:18:12,014 | INFO | 	                          (24, 3.2722289288598243),
[92mINFO [0m:      	                          (25, 3.301273897335758),
2026-07-09 03:18:12,014 | INFO | 	                          (25, 3.301273897335758),
[92mINFO [0m:      	                          (26, 3.3284145203870485),
2026-07-09 03:18:12,014 | INFO | 	                          (26, 3.3284145203870485),
[92mINFO [0m:      	                          (27, 3.3458454356654146),
2026-07-09 03:18:12,014 | INFO | 	                          (27, 3.3458454356654146),
[92mINFO [0m:      	                          (28, 3.3686583563881367),
2026-07-09 03:18:12,015 | INFO | 	                          (28, 3.3686583563881367),
[92mINFO [0m:      	                          (29, 3.387256197915998),
2026-07-09 03:18:12,015 | INFO | 	                          (29, 3.387256197915998),
[92mINFO [0m:      	                          (30, 3.4130852567356844),
2026-07-09 03:18:12,015 | INFO | 	                          (30, 3.4130852567356844),
[92mINFO [0m:      	                          (31, 3.4418142433438326),
2026-07-09 03:18:12,015 | INFO | 	                          (31, 3.4418142433438326),
[92mINFO [0m:      	                          (32, 3.457119391180127),
2026-07-09 03:18:12,015 | INFO | 	                          (32, 3.457119391180127),
[92mINFO [0m:      	                          (33, 3.4825845346937965),
2026-07-09 03:18:12,015 | INFO | 	                          (33, 3.4825845346937965),
[92mINFO [0m:      	                          (34, 3.507203804291795),
2026-07-09 03:18:12,015 | INFO | 	                          (34, 3.507203804291795),
[92mINFO [0m:      	                          (35, 3.532550348621096),
2026-07-09 03:18:12,015 | INFO | 	                          (35, 3.532550348621096),
[92mINFO [0m:      	                          (36, 3.561916681312774),
2026-07-09 03:18:12,015 | INFO | 	                          (36, 3.561916681312774),
[92mINFO [0m:      	                          (37, 3.5810455937268406),
2026-07-09 03:18:12,015 | INFO | 	                          (37, 3.5810455937268406),
[92mINFO [0m:      	                          (38, 3.607914435921632),
2026-07-09 03:18:12,015 | INFO | 	                          (38, 3.607914435921632),
[92mINFO [0m:      	                          (39, 3.6296695078139884),
2026-07-09 03:18:12,015 | INFO | 	                          (39, 3.6296695078139884),
[92mINFO [0m:      	                          (40, 3.6431825137660523),
2026-07-09 03:18:12,015 | INFO | 	                          (40, 3.6431825137660523),
[92mINFO [0m:      	                          (41, 3.6856223109342605),
2026-07-09 03:18:12,015 | INFO | 	                          (41, 3.6856223109342605),
[92mINFO [0m:      	                          (42, 3.6997726308050796),
2026-07-09 03:18:12,015 | INFO | 	                          (42, 3.6997726308050796),
[92mINFO [0m:      	                          (43, 3.7289038991920807),
2026-07-09 03:18:12,015 | INFO | 	                          (43, 3.7289038991920807),
[92mINFO [0m:      	                          (44, 3.739964370109707),
2026-07-09 03:18:12,015 | INFO | 	                          (44, 3.739964370109707),
[92mINFO [0m:      	                          (45, 3.763737292652859),
2026-07-09 03:18:12,015 | INFO | 	                          (45, 3.763737292652859),
[92mINFO [0m:      	                          (46, 3.7776009532723696),
2026-07-09 03:18:12,015 | INFO | 	                          (46, 3.7776009532723696),
[92mINFO [0m:      	                          (47, 3.807418242884776),
2026-07-09 03:18:12,015 | INFO | 	                          (47, 3.807418242884776),
[92mINFO [0m:      	                          (48, 3.8346489743349363),
2026-07-09 03:18:12,015 | INFO | 	                          (48, 3.8346489743349363),
[92mINFO [0m:      	                          (49, 3.8607919639856867),
2026-07-09 03:18:12,015 | INFO | 	                          (49, 3.8607919639856867),
[92mINFO [0m:      	                          (50, 3.8797301414502083),
2026-07-09 03:18:12,015 | INFO | 	                          (50, 3.8797301414502083),
[92mINFO [0m:      	                          (51, 3.8971399706031087),
2026-07-09 03:18:12,015 | INFO | 	                          (51, 3.8971399706031087),
[92mINFO [0m:      	                          (52, 3.9210212583646613),
2026-07-09 03:18:12,015 | INFO | 	                          (52, 3.9210212583646613),
[92mINFO [0m:      	                          (53, 3.9406140353074433),
2026-07-09 03:18:12,015 | INFO | 	                          (53, 3.9406140353074433),
[92mINFO [0m:      	                          (54, 3.9628042314812153),
2026-07-09 03:18:12,015 | INFO | 	                          (54, 3.9628042314812153),
[92mINFO [0m:      	                          (55, 3.9870073116214284),
2026-07-09 03:18:12,015 | INFO | 	                          (55, 3.9870073116214284),
[92mINFO [0m:      	                          (56, 4.002764406725574),
2026-07-09 03:18:12,015 | INFO | 	                          (56, 4.002764406725574),
[92mINFO [0m:      	                          (57, 4.031459995889841),
2026-07-09 03:18:12,015 | INFO | 	                          (57, 4.031459995889841),
[92mINFO [0m:      	                          (58, 4.052599798750613),
2026-07-09 03:18:12,015 | INFO | 	                          (58, 4.052599798750613),
[92mINFO [0m:      	                          (59, 4.075171260861193),
2026-07-09 03:18:12,015 | INFO | 	                          (59, 4.075171260861193),
[92mINFO [0m:      	                          (60, 4.090087301557002)],
2026-07-09 03:18:12,015 | INFO | 	                          (60, 4.090087301557002)],
[92mINFO [0m:      	 'client_update_l2_mean': [(1, 2.644786730464531),
2026-07-09 03:18:12,015 | INFO | 	 'client_update_l2_mean': [(1, 2.644786730464531),
[92mINFO [0m:      	                           (2, 2.706507413260849),
2026-07-09 03:18:12,015 | INFO | 	                           (2, 2.706507413260849),
[92mINFO [0m:      	                           (3, 2.7130308551717293),
2026-07-09 03:18:12,015 | INFO | 	                           (3, 2.7130308551717293),
[92mINFO [0m:      	                           (4, 2.743686974286312),
2026-07-09 03:18:12,015 | INFO | 	                           (4, 2.743686974286312),
[92mINFO [0m:      	                           (5, 2.780302435189133),
2026-07-09 03:18:12,015 | INFO | 	                           (5, 2.780302435189133),
[92mINFO [0m:      	                           (6, 2.770114971151672),
2026-07-09 03:18:12,015 | INFO | 	                           (6, 2.770114971151672),
[92mINFO [0m:      	                           (7, 2.759004291719168),
2026-07-09 03:18:12,015 | INFO | 	                           (7, 2.759004291719168),
[92mINFO [0m:      	                           (8, 2.8082054287103815),
2026-07-09 03:18:12,015 | INFO | 	                           (8, 2.8082054287103815),
[92mINFO [0m:      	                           (9, 2.8664767334489496),
2026-07-09 03:18:12,015 | INFO | 	                           (9, 2.8664767334489496),
[92mINFO [0m:      	                           (10, 2.8008406937210713),
2026-07-09 03:18:12,016 | INFO | 	                           (10, 2.8008406937210713),
[92mINFO [0m:      	                           (11, 2.8366353262182695),
2026-07-09 03:18:12,016 | INFO | 	                           (11, 2.8366353262182695),
[92mINFO [0m:      	                           (12, 2.9021467457295684),
2026-07-09 03:18:12,016 | INFO | 	                           (12, 2.9021467457295684),
[92mINFO [0m:      	                           (13, 2.9518001177673963),
2026-07-09 03:18:12,016 | INFO | 	                           (13, 2.9518001177673963),
[92mINFO [0m:      	                           (14, 3.0021703688477435),
2026-07-09 03:18:12,016 | INFO | 	                           (14, 3.0021703688477435),
[92mINFO [0m:      	                           (15, 2.9916765320632224),
2026-07-09 03:18:12,016 | INFO | 	                           (15, 2.9916765320632224),
[92mINFO [0m:      	                           (16, 3.034671583615317),
2026-07-09 03:18:12,016 | INFO | 	                           (16, 3.034671583615317),
[92mINFO [0m:      	                           (17, 3.0047463772242966),
2026-07-09 03:18:12,016 | INFO | 	                           (17, 3.0047463772242966),
[92mINFO [0m:      	                           (18, 3.024053129408654),
2026-07-09 03:18:12,016 | INFO | 	                           (18, 3.024053129408654),
[92mINFO [0m:      	                           (19, 3.0378695529348763),
2026-07-09 03:18:12,016 | INFO | 	                           (19, 3.0378695529348763),
[92mINFO [0m:      	                           (20, 3.0647136859065935),
2026-07-09 03:18:12,016 | INFO | 	                           (20, 3.0647136859065935),
[92mINFO [0m:      	                           (21, 3.0143912346251582),
2026-07-09 03:18:12,016 | INFO | 	                           (21, 3.0143912346251582),
[92mINFO [0m:      	                           (22, 3.181473934826689),
2026-07-09 03:18:12,016 | INFO | 	                           (22, 3.181473934826689),
[92mINFO [0m:      	                           (23, 3.1679508845389344),
2026-07-09 03:18:12,016 | INFO | 	                           (23, 3.1679508845389344),
[92mINFO [0m:      	                           (24, 3.096036073401524),
2026-07-09 03:18:12,016 | INFO | 	                           (24, 3.096036073401524),
[92mINFO [0m:      	                           (25, 3.1771914498978333),
2026-07-09 03:18:12,016 | INFO | 	                           (25, 3.1771914498978333),
[92mINFO [0m:      	                           (26, 3.237161076352339),
2026-07-09 03:18:12,016 | INFO | 	                           (26, 3.237161076352339),
[92mINFO [0m:      	                           (27, 3.179798878035185),
2026-07-09 03:18:12,016 | INFO | 	                           (27, 3.179798878035185),
[92mINFO [0m:      	                           (28, 3.2729871202756384),
2026-07-09 03:18:12,016 | INFO | 	                           (28, 3.2729871202756384),
[92mINFO [0m:      	                           (29, 3.2229924916267048),
2026-07-09 03:18:12,016 | INFO | 	                           (29, 3.2229924916267048),
[92mINFO [0m:      	                           (30, 3.3228049307000673),
2026-07-09 03:18:12,016 | INFO | 	                           (30, 3.3228049307000673),
[92mINFO [0m:      	                           (31, 3.2772136173095694),
2026-07-09 03:18:12,016 | INFO | 	                           (31, 3.2772136173095694),
[92mINFO [0m:      	                           (32, 3.242560371827064),
2026-07-09 03:18:12,016 | INFO | 	                           (32, 3.242560371827064),
[92mINFO [0m:      	                           (33, 3.306439754883589),
2026-07-09 03:18:12,016 | INFO | 	                           (33, 3.306439754883589),
[92mINFO [0m:      	                           (34, 3.231040901536),
2026-07-09 03:18:12,016 | INFO | 	                           (34, 3.231040901536),
[92mINFO [0m:      	                           (35, 3.4017411275179392),
2026-07-09 03:18:12,016 | INFO | 	                           (35, 3.4017411275179392),
[92mINFO [0m:      	                           (36, 3.4752773303049804),
2026-07-09 03:18:12,016 | INFO | 	                           (36, 3.4752773303049804),
[92mINFO [0m:      	                           (37, 3.2716842108870456),
2026-07-09 03:18:12,016 | INFO | 	                           (37, 3.2716842108870456),
[92mINFO [0m:      	                           (38, 3.4167240275117976),
2026-07-09 03:18:12,016 | INFO | 	                           (38, 3.4167240275117976),
[92mINFO [0m:      	                           (39, 3.4056622633310867),
2026-07-09 03:18:12,016 | INFO | 	                           (39, 3.4056622633310867),
[92mINFO [0m:      	                           (40, 3.4467527028464198),
2026-07-09 03:18:12,016 | INFO | 	                           (40, 3.4467527028464198),
[92mINFO [0m:      	                           (41, 3.5135332249283424),
2026-07-09 03:18:12,016 | INFO | 	                           (41, 3.5135332249283424),
[92mINFO [0m:      	                           (42, 3.587795737553851),
2026-07-09 03:18:12,016 | INFO | 	                           (42, 3.587795737553851),
[92mINFO [0m:      	                           (43, 3.4911243778770134),
2026-07-09 03:18:12,016 | INFO | 	                           (43, 3.4911243778770134),
[92mINFO [0m:      	                           (44, 3.6099613342704675),
2026-07-09 03:18:12,016 | INFO | 	                           (44, 3.6099613342704675),
[92mINFO [0m:      	                           (45, 3.7004545560186015),
2026-07-09 03:18:12,016 | INFO | 	                           (45, 3.7004545560186015),
[92mINFO [0m:      	                           (46, 3.672739769952314),
2026-07-09 03:18:12,016 | INFO | 	                           (46, 3.672739769952314),
[92mINFO [0m:      	                           (47, 3.596391920189306),
2026-07-09 03:18:12,016 | INFO | 	                           (47, 3.596391920189306),
[92mINFO [0m:      	                           (48, 3.5424116914927266),
2026-07-09 03:18:12,016 | INFO | 	                           (48, 3.5424116914927266),
[92mINFO [0m:      	                           (49, 3.614666233181654),
2026-07-09 03:18:12,016 | INFO | 	                           (49, 3.614666233181654),
[92mINFO [0m:      	                           (50, 3.7547060483121935),
2026-07-09 03:18:12,016 | INFO | 	                           (50, 3.7547060483121935),
[92mINFO [0m:      	                           (51, 3.7734832947729253),
2026-07-09 03:18:12,016 | INFO | 	                           (51, 3.7734832947729253),
[92mINFO [0m:      	                           (52, 3.754375350916868),
2026-07-09 03:18:12,016 | INFO | 	                           (52, 3.754375350916868),
[92mINFO [0m:      	                           (53, 3.765348484157447),
2026-07-09 03:18:12,017 | INFO | 	                           (53, 3.765348484157447),
[92mINFO [0m:      	                           (54, 3.7588620074930494),
2026-07-09 03:18:12,017 | INFO | 	                           (54, 3.7588620074930494),
[92mINFO [0m:      	                           (55, 3.796131236672651),
2026-07-09 03:18:12,017 | INFO | 	                           (55, 3.796131236672651),
[92mINFO [0m:      	                           (56, 3.8853201795753),
2026-07-09 03:18:12,017 | INFO | 	                           (56, 3.8853201795753),
[92mINFO [0m:      	                           (57, 3.8680340073909476),
2026-07-09 03:18:12,017 | INFO | 	                           (57, 3.8680340073909476),
[92mINFO [0m:      	                           (58, 3.8822474678961254),
2026-07-09 03:18:12,017 | INFO | 	                           (58, 3.8822474678961254),
[92mINFO [0m:      	                           (59, 3.7720203959936653),
2026-07-09 03:18:12,017 | INFO | 	                           (59, 3.7720203959936653),
[92mINFO [0m:      	                           (60, 3.9615811176533753)],
2026-07-09 03:18:12,017 | INFO | 	                           (60, 3.9615811176533753)],
[92mINFO [0m:      	 'client_update_l2_min': [(1, 2.351273336044914),
2026-07-09 03:18:12,017 | INFO | 	 'client_update_l2_min': [(1, 2.351273336044914),
[92mINFO [0m:      	                          (2, 2.283694237960345),
2026-07-09 03:18:12,017 | INFO | 	                          (2, 2.283694237960345),
[92mINFO [0m:      	                          (3, 2.42647642241242),
2026-07-09 03:18:12,017 | INFO | 	                          (3, 2.42647642241242),
[92mINFO [0m:      	                          (4, 2.28209169575014),
2026-07-09 03:18:12,017 | INFO | 	                          (4, 2.28209169575014),
[92mINFO [0m:      	                          (5, 2.45806659457273),
2026-07-09 03:18:12,017 | INFO | 	                          (5, 2.45806659457273),
[92mINFO [0m:      	                          (6, 2.428258957542045),
2026-07-09 03:18:12,017 | INFO | 	                          (6, 2.428258957542045),
[92mINFO [0m:      	                          (7, 2.434263462016827),
2026-07-09 03:18:12,017 | INFO | 	                          (7, 2.434263462016827),
[92mINFO [0m:      	                          (8, 2.369004695479473),
2026-07-09 03:18:12,017 | INFO | 	                          (8, 2.369004695479473),
[92mINFO [0m:      	                          (9, 2.5251051715788613),
2026-07-09 03:18:12,017 | INFO | 	                          (9, 2.5251051715788613),
[92mINFO [0m:      	                          (10, 2.5269806205975036),
2026-07-09 03:18:12,017 | INFO | 	                          (10, 2.5269806205975036),
[92mINFO [0m:      	                          (11, 2.3820023290810184),
2026-07-09 03:18:12,017 | INFO | 	                          (11, 2.3820023290810184),
[92mINFO [0m:      	                          (12, 2.559609545275666),
2026-07-09 03:18:12,017 | INFO | 	                          (12, 2.559609545275666),
[92mINFO [0m:      	                          (13, 2.5649206414901142),
2026-07-09 03:18:12,017 | INFO | 	                          (13, 2.5649206414901142),
[92mINFO [0m:      	                          (14, 2.5802077539249457),
2026-07-09 03:18:12,017 | INFO | 	                          (14, 2.5802077539249457),
[92mINFO [0m:      	                          (15, 2.601536421969078),
2026-07-09 03:18:12,017 | INFO | 	                          (15, 2.601536421969078),
[92mINFO [0m:      	                          (16, 2.462864520229152),
2026-07-09 03:18:12,017 | INFO | 	                          (16, 2.462864520229152),
[92mINFO [0m:      	                          (17, 2.6192494056667486),
2026-07-09 03:18:12,017 | INFO | 	                          (17, 2.6192494056667486),
[92mINFO [0m:      	                          (18, 2.635943587073099),
2026-07-09 03:18:12,017 | INFO | 	                          (18, 2.635943587073099),
[92mINFO [0m:      	                          (19, 2.5266865915559102),
2026-07-09 03:18:12,017 | INFO | 	                          (19, 2.5266865915559102),
[92mINFO [0m:      	                          (20, 2.630671295993756),
2026-07-09 03:18:12,017 | INFO | 	                          (20, 2.630671295993756),
[92mINFO [0m:      	                          (21, 2.530294613550763),
2026-07-09 03:18:12,017 | INFO | 	                          (21, 2.530294613550763),
[92mINFO [0m:      	                          (22, 2.706963065543481),
2026-07-09 03:18:12,017 | INFO | 	                          (22, 2.706963065543481),
[92mINFO [0m:      	                          (23, 2.7236666644658514),
2026-07-09 03:18:12,017 | INFO | 	                          (23, 2.7236666644658514),
[92mINFO [0m:      	                          (24, 2.5829812801055176),
2026-07-09 03:18:12,017 | INFO | 	                          (24, 2.5829812801055176),
[92mINFO [0m:      	                          (25, 2.6997920226476286),
2026-07-09 03:18:12,017 | INFO | 	                          (25, 2.6997920226476286),
[92mINFO [0m:      	                          (26, 2.788923022120864),
2026-07-09 03:18:12,017 | INFO | 	                          (26, 2.788923022120864),
[92mINFO [0m:      	                          (27, 2.661666665545516),
2026-07-09 03:18:12,017 | INFO | 	                          (27, 2.661666665545516),
[92mINFO [0m:      	                          (28, 2.76699251034742),
2026-07-09 03:18:12,017 | INFO | 	                          (28, 2.76699251034742),
[92mINFO [0m:      	                          (29, 2.6640735157173463),
2026-07-09 03:18:12,017 | INFO | 	                          (29, 2.6640735157173463),
[92mINFO [0m:      	                          (30, 2.7328573263026015),
2026-07-09 03:18:12,017 | INFO | 	                          (30, 2.7328573263026015),
[92mINFO [0m:      	                          (31, 2.75116257776544),
2026-07-09 03:18:12,017 | INFO | 	                          (31, 2.75116257776544),
[92mINFO [0m:      	                          (32, 2.7572764707587027),
2026-07-09 03:18:12,017 | INFO | 	                          (32, 2.7572764707587027),
[92mINFO [0m:      	                          (33, 2.7396082500662846),
2026-07-09 03:18:12,017 | INFO | 	                          (33, 2.7396082500662846),
[92mINFO [0m:      	                          (34, 2.7471485222965857),
2026-07-09 03:18:12,018 | INFO | 	                          (34, 2.7471485222965857),
[92mINFO [0m:      	                          (35, 2.8243134026577006),
2026-07-09 03:18:12,018 | INFO | 	                          (35, 2.8243134026577006),
[92mINFO [0m:      	                          (36, 3.011458274254177),
2026-07-09 03:18:12,018 | INFO | 	                          (36, 3.011458274254177),
[92mINFO [0m:      	                          (37, 2.810610232475183),
2026-07-09 03:18:12,018 | INFO | 	                          (37, 2.810610232475183),
[92mINFO [0m:      	                          (38, 2.878136335524973),
2026-07-09 03:18:12,018 | INFO | 	                          (38, 2.878136335524973),
[92mINFO [0m:      	                          (39, 2.8407179687695354),
2026-07-09 03:18:12,018 | INFO | 	                          (39, 2.8407179687695354),
[92mINFO [0m:      	                          (40, 2.9203005683207457),
2026-07-09 03:18:12,018 | INFO | 	                          (40, 2.9203005683207457),
[92mINFO [0m:      	                          (41, 2.9935404079648453),
2026-07-09 03:18:12,018 | INFO | 	                          (41, 2.9935404079648453),
[92mINFO [0m:      	                          (42, 2.9643683355392763),
2026-07-09 03:18:12,018 | INFO | 	                          (42, 2.9643683355392763),
[92mINFO [0m:      	                          (43, 2.929742829387082),
2026-07-09 03:18:12,018 | INFO | 	                          (43, 2.929742829387082),
[92mINFO [0m:      	                          (44, 2.9995437313610114),
2026-07-09 03:18:12,018 | INFO | 	                          (44, 2.9995437313610114),
[92mINFO [0m:      	                          (45, 2.983558983086936),
2026-07-09 03:18:12,018 | INFO | 	                          (45, 2.983558983086936),
[92mINFO [0m:      	                          (46, 2.9942463231810468),
2026-07-09 03:18:12,018 | INFO | 	                          (46, 2.9942463231810468),
[92mINFO [0m:      	                          (47, 3.063649885695223),
2026-07-09 03:18:12,018 | INFO | 	                          (47, 3.063649885695223),
[92mINFO [0m:      	                          (48, 3.0379689111004677),
2026-07-09 03:18:12,018 | INFO | 	                          (48, 3.0379689111004677),
[92mINFO [0m:      	                          (49, 3.1213459275795516),
2026-07-09 03:18:12,018 | INFO | 	                          (49, 3.1213459275795516),
[92mINFO [0m:      	                          (50, 3.1679466941034877),
2026-07-09 03:18:12,018 | INFO | 	                          (50, 3.1679466941034877),
[92mINFO [0m:      	                          (51, 3.181194960044083),
2026-07-09 03:18:12,018 | INFO | 	                          (51, 3.181194960044083),
[92mINFO [0m:      	                          (52, 3.1089644831120755),
2026-07-09 03:18:12,018 | INFO | 	                          (52, 3.1089644831120755),
[92mINFO [0m:      	                          (53, 3.43798458827485),
2026-07-09 03:18:12,018 | INFO | 	                          (53, 3.43798458827485),
[92mINFO [0m:      	                          (54, 3.1594424576524673),
2026-07-09 03:18:12,018 | INFO | 	                          (54, 3.1594424576524673),
[92mINFO [0m:      	                          (55, 3.1887300867895063),
2026-07-09 03:18:12,018 | INFO | 	                          (55, 3.1887300867895063),
[92mINFO [0m:      	                          (56, 3.2867215640453575),
2026-07-09 03:18:12,018 | INFO | 	                          (56, 3.2867215640453575),
[92mINFO [0m:      	                          (57, 3.2195951141363284),
2026-07-09 03:18:12,018 | INFO | 	                          (57, 3.2195951141363284),
[92mINFO [0m:      	                          (58, 3.3296494813528055),
2026-07-09 03:18:12,018 | INFO | 	                          (58, 3.3296494813528055),
[92mINFO [0m:      	                          (59, 3.278506851441486),
2026-07-09 03:18:12,018 | INFO | 	                          (59, 3.278506851441486),
[92mINFO [0m:      	                          (60, 3.6455074116595316)],
2026-07-09 03:18:12,018 | INFO | 	                          (60, 3.6455074116595316)],
[92mINFO [0m:      	 'client_update_l2_p10': [(1, 2.4095548341962125),
2026-07-09 03:18:12,018 | INFO | 	 'client_update_l2_p10': [(1, 2.4095548341962125),
[92mINFO [0m:      	                          (2, 2.5544595762154563),
2026-07-09 03:18:12,018 | INFO | 	                          (2, 2.5544595762154563),
[92mINFO [0m:      	                          (3, 2.439256901879814),
2026-07-09 03:18:12,018 | INFO | 	                          (3, 2.439256901879814),
[92mINFO [0m:      	                          (4, 2.5774630397380274),
2026-07-09 03:18:12,018 | INFO | 	                          (4, 2.5774630397380274),
[92mINFO [0m:      	                          (5, 2.6081792849607446),
2026-07-09 03:18:12,018 | INFO | 	                          (5, 2.6081792849607446),
[92mINFO [0m:      	                          (6, 2.473185537298908),
2026-07-09 03:18:12,018 | INFO | 	                          (6, 2.473185537298908),
[92mINFO [0m:      	                          (7, 2.465378443638171),
2026-07-09 03:18:12,018 | INFO | 	                          (7, 2.465378443638171),
[92mINFO [0m:      	                          (8, 2.4997468144505066),
2026-07-09 03:18:12,018 | INFO | 	                          (8, 2.4997468144505066),
[92mINFO [0m:      	                          (9, 2.678411567282694),
2026-07-09 03:18:12,018 | INFO | 	                          (9, 2.678411567282694),
[92mINFO [0m:      	                          (10, 2.528062241189901),
2026-07-09 03:18:12,018 | INFO | 	                          (10, 2.528062241189901),
[92mINFO [0m:      	                          (11, 2.5122573044560146),
2026-07-09 03:18:12,018 | INFO | 	                          (11, 2.5122573044560146),
[92mINFO [0m:      	                          (12, 2.567506752429061),
2026-07-09 03:18:12,018 | INFO | 	                          (12, 2.567506752429061),
[92mINFO [0m:      	                          (13, 2.740900236168622),
2026-07-09 03:18:12,018 | INFO | 	                          (13, 2.740900236168622),
[92mINFO [0m:      	                          (14, 3.020104846843834),
2026-07-09 03:18:12,018 | INFO | 	                          (14, 3.020104846843834),
[92mINFO [0m:      	                          (15, 2.777660148579528),
2026-07-09 03:18:12,018 | INFO | 	                          (15, 2.777660148579528),
[92mINFO [0m:      	                          (16, 3.0605375277747804),
2026-07-09 03:18:12,019 | INFO | 	                          (16, 3.0605375277747804),
[92mINFO [0m:      	                          (17, 2.636871315593341),
2026-07-09 03:18:12,019 | INFO | 	                          (17, 2.636871315593341),
[92mINFO [0m:      	                          (18, 2.6521633732191057),
2026-07-09 03:18:12,019 | INFO | 	                          (18, 2.6521633732191057),
[92mINFO [0m:      	                          (19, 2.66159557265126),
2026-07-09 03:18:12,019 | INFO | 	                          (19, 2.66159557265126),
[92mINFO [0m:      	                          (20, 2.6565097084347413),
2026-07-09 03:18:12,019 | INFO | 	                          (20, 2.6565097084347413),
[92mINFO [0m:      	                          (21, 2.6957880308364217),
2026-07-09 03:18:12,019 | INFO | 	                          (21, 2.6957880308364217),
[92mINFO [0m:      	                          (22, 3.2033364337746284),
2026-07-09 03:18:12,019 | INFO | 	                          (22, 3.2033364337746284),
[92mINFO [0m:      	                          (23, 2.9368315026349925),
2026-07-09 03:18:12,019 | INFO | 	                          (23, 2.9368315026349925),
[92mINFO [0m:      	                          (24, 2.6412806399663875),
2026-07-09 03:18:12,019 | INFO | 	                          (24, 2.6412806399663875),
[92mINFO [0m:      	                          (25, 2.7700689845334083),
2026-07-09 03:18:12,019 | INFO | 	                          (25, 2.7700689845334083),
[92mINFO [0m:      	                          (26, 2.9894809249862866),
2026-07-09 03:18:12,019 | INFO | 	                          (26, 2.9894809249862866),
[92mINFO [0m:      	                          (27, 2.801353954040096),
2026-07-09 03:18:12,019 | INFO | 	                          (27, 2.801353954040096),
[92mINFO [0m:      	                          (28, 3.000168912037843),
2026-07-09 03:18:12,019 | INFO | 	                          (28, 3.000168912037843),
[92mINFO [0m:      	                          (29, 2.8380194480087177),
2026-07-09 03:18:12,019 | INFO | 	                          (29, 2.8380194480087177),
[92mINFO [0m:      	                          (30, 3.0743804230865317),
2026-07-09 03:18:12,019 | INFO | 	                          (30, 3.0743804230865317),
[92mINFO [0m:      	                          (31, 2.8814933387194697),
2026-07-09 03:18:12,019 | INFO | 	                          (31, 2.8814933387194697),
[92mINFO [0m:      	                          (32, 2.799119704781699),
2026-07-09 03:18:12,019 | INFO | 	                          (32, 2.799119704781699),
[92mINFO [0m:      	                          (33, 2.843360294197136),
2026-07-09 03:18:12,019 | INFO | 	                          (33, 2.843360294197136),
[92mINFO [0m:      	                          (34, 2.7745094089069893),
2026-07-09 03:18:12,019 | INFO | 	                          (34, 2.7745094089069893),
[92mINFO [0m:      	                          (35, 2.977973137767218),
2026-07-09 03:18:12,019 | INFO | 	                          (35, 2.977973137767218),
[92mINFO [0m:      	                          (36, 3.224319380272934),
2026-07-09 03:18:12,019 | INFO | 	                          (36, 3.224319380272934),
[92mINFO [0m:      	                          (37, 2.884873710442526),
2026-07-09 03:18:12,019 | INFO | 	                          (37, 2.884873710442526),
[92mINFO [0m:      	                          (38, 2.8994978544409187),
2026-07-09 03:18:12,019 | INFO | 	                          (38, 2.8994978544409187),
[92mINFO [0m:      	                          (39, 2.956050090783455),
2026-07-09 03:18:12,019 | INFO | 	                          (39, 2.956050090783455),
[92mINFO [0m:      	                          (40, 3.095994189766827),
2026-07-09 03:18:12,019 | INFO | 	                          (40, 3.095994189766827),
[92mINFO [0m:      	                          (41, 3.121248922353995),
2026-07-09 03:18:12,019 | INFO | 	                          (41, 3.121248922353995),
[92mINFO [0m:      	                          (42, 3.271755624640644),
2026-07-09 03:18:12,019 | INFO | 	                          (42, 3.271755624640644),
[92mINFO [0m:      	                          (43, 2.973784866534225),
2026-07-09 03:18:12,019 | INFO | 	                          (43, 2.973784866534225),
[92mINFO [0m:      	                          (44, 3.200280003329374),
2026-07-09 03:18:12,019 | INFO | 	                          (44, 3.200280003329374),
[92mINFO [0m:      	                          (45, 3.7421317052338336),
2026-07-09 03:18:12,019 | INFO | 	                          (45, 3.7421317052338336),
[92mINFO [0m:      	                          (46, 3.352369705897401),
2026-07-09 03:18:12,019 | INFO | 	                          (46, 3.352369705897401),
[92mINFO [0m:      	                          (47, 3.1782762603673262),
2026-07-09 03:18:12,019 | INFO | 	                          (47, 3.1782762603673262),
[92mINFO [0m:      	                          (48, 3.1267238760226124),
2026-07-09 03:18:12,019 | INFO | 	                          (48, 3.1267238760226124),
[92mINFO [0m:      	                          (49, 3.219378665821109),
2026-07-09 03:18:12,019 | INFO | 	                          (49, 3.219378665821109),
[92mINFO [0m:      	                          (50, 3.3752715980111376),
2026-07-09 03:18:12,019 | INFO | 	                          (50, 3.3752715980111376),
[92mINFO [0m:      	                          (51, 3.3839027995945434),
2026-07-09 03:18:12,019 | INFO | 	                          (51, 3.3839027995945434),
[92mINFO [0m:      	                          (52, 3.40126728737846),
2026-07-09 03:18:12,019 | INFO | 	                          (52, 3.40126728737846),
[92mINFO [0m:      	                          (53, 3.445717494274476),
2026-07-09 03:18:12,019 | INFO | 	                          (53, 3.445717494274476),
[92mINFO [0m:      	                          (54, 3.3445227579812604),
2026-07-09 03:18:12,020 | INFO | 	                          (54, 3.3445227579812604),
[92mINFO [0m:      	                          (55, 3.2617972988594017),
2026-07-09 03:18:12,020 | INFO | 	                          (55, 3.2617972988594017),
[92mINFO [0m:      	                          (56, 3.5312487882958155),
2026-07-09 03:18:12,020 | INFO | 	                          (56, 3.5312487882958155),
[92mINFO [0m:      	                          (57, 3.5502969248579537),
2026-07-09 03:18:12,020 | INFO | 	                          (57, 3.5502969248579537),
[92mINFO [0m:      	                          (58, 3.43489054648146),
2026-07-09 03:18:12,020 | INFO | 	                          (58, 3.43489054648146),
[92mINFO [0m:      	                          (59, 3.3131236925892646),
2026-07-09 03:18:12,020 | INFO | 	                          (59, 3.3131236925892646),
[92mINFO [0m:      	                          (60, 3.652688319717146)],
2026-07-09 03:18:12,020 | INFO | 	                          (60, 3.652688319717146)],
[92mINFO [0m:      	 'client_update_l2_p50': [(1, 2.72925248392021),
2026-07-09 03:18:12,020 | INFO | 	 'client_update_l2_p50': [(1, 2.72925248392021),
[92mINFO [0m:      	                          (2, 2.758673439241462),
2026-07-09 03:18:12,020 | INFO | 	                          (2, 2.758673439241462),
[92mINFO [0m:      	                          (3, 2.776927983293458),
2026-07-09 03:18:12,020 | INFO | 	                          (3, 2.776927983293458),
[92mINFO [0m:      	                          (4, 2.7975078442632766),
2026-07-09 03:18:12,020 | INFO | 	                          (4, 2.7975078442632766),
[92mINFO [0m:      	                          (5, 2.8225418272867757),
2026-07-09 03:18:12,020 | INFO | 	                          (5, 2.8225418272867757),
[92mINFO [0m:      	                          (6, 2.840974740857583),
2026-07-09 03:18:12,020 | INFO | 	                          (6, 2.840974740857583),
[92mINFO [0m:      	                          (7, 2.8618699876507714),
2026-07-09 03:18:12,020 | INFO | 	                          (7, 2.8618699876507714),
[92mINFO [0m:      	                          (8, 2.8897098389975433),
2026-07-09 03:18:12,020 | INFO | 	                          (8, 2.8897098389975433),
[92mINFO [0m:      	                          (9, 2.915210153284044),
2026-07-09 03:18:12,020 | INFO | 	                          (9, 2.915210153284044),
[92mINFO [0m:      	                          (10, 2.9328238940488798),
2026-07-09 03:18:12,020 | INFO | 	                          (10, 2.9328238940488798),
[92mINFO [0m:      	                          (11, 2.960098184960013),
2026-07-09 03:18:12,020 | INFO | 	                          (11, 2.960098184960013),
[92mINFO [0m:      	                          (12, 2.985951927279096),
2026-07-09 03:18:12,020 | INFO | 	                          (12, 2.985951927279096),
[92mINFO [0m:      	                          (13, 3.009994592963041),
2026-07-09 03:18:12,020 | INFO | 	                          (13, 3.009994592963041),
[92mINFO [0m:      	                          (14, 3.0284729934669454),
2026-07-09 03:18:12,020 | INFO | 	                          (14, 3.0284729934669454),
[92mINFO [0m:      	                          (15, 3.0523647359179393),
2026-07-09 03:18:12,020 | INFO | 	                          (15, 3.0523647359179393),
[92mINFO [0m:      	                          (16, 3.076197398896842),
2026-07-09 03:18:12,020 | INFO | 	                          (16, 3.076197398896842),
[92mINFO [0m:      	                          (17, 3.092467374002555),
2026-07-09 03:18:12,020 | INFO | 	                          (17, 3.092467374002555),
[92mINFO [0m:      	                          (18, 3.1161794639510623),
2026-07-09 03:18:12,020 | INFO | 	                          (18, 3.1161794639510623),
[92mINFO [0m:      	                          (19, 3.1394178961593417),
2026-07-09 03:18:12,020 | INFO | 	                          (19, 3.1394178961593417),
[92mINFO [0m:      	                          (20, 3.1658882358913996),
2026-07-09 03:18:12,020 | INFO | 	                          (20, 3.1658882358913996),
[92mINFO [0m:      	                          (21, 3.1865056264079787),
2026-07-09 03:18:12,020 | INFO | 	                          (21, 3.1865056264079787),
[92mINFO [0m:      	                          (22, 3.215460287608766),
2026-07-09 03:18:12,020 | INFO | 	                          (22, 3.215460287608766),
[92mINFO [0m:      	                          (23, 3.2342252455495326),
2026-07-09 03:18:12,020 | INFO | 	                          (23, 3.2342252455495326),
[92mINFO [0m:      	                          (24, 3.246798941007832),
2026-07-09 03:18:12,020 | INFO | 	                          (24, 3.246798941007832),
[92mINFO [0m:      	                          (25, 3.2819845569997934),
2026-07-09 03:18:12,020 | INFO | 	                          (25, 3.2819845569997934),
[92mINFO [0m:      	                          (26, 3.305559944976919),
2026-07-09 03:18:12,020 | INFO | 	                          (26, 3.305559944976919),
[92mINFO [0m:      	                          (27, 3.3257783153538707),
2026-07-09 03:18:12,020 | INFO | 	                          (27, 3.3257783153538707),
[92mINFO [0m:      	                          (28, 3.3455577484892953),
2026-07-09 03:18:12,020 | INFO | 	                          (28, 3.3455577484892953),
[92mINFO [0m:      	                          (29, 3.375642147915439),
2026-07-09 03:18:12,020 | INFO | 	                          (29, 3.375642147915439),
[92mINFO [0m:      	                          (30, 3.4033096192841854),
2026-07-09 03:18:12,020 | INFO | 	                          (30, 3.4033096192841854),
[92mINFO [0m:      	                          (31, 3.42570570340911),
2026-07-09 03:18:12,020 | INFO | 	                          (31, 3.42570570340911),
[92mINFO [0m:      	                          (32, 3.4423021244312606),
2026-07-09 03:18:12,020 | INFO | 	                          (32, 3.4423021244312606),
[92mINFO [0m:      	                          (33, 3.469084989942811),
2026-07-09 03:18:12,021 | INFO | 	                          (33, 3.469084989942811),
[92mINFO [0m:      	                          (34, 3.4865959089351324),
2026-07-09 03:18:12,021 | INFO | 	                          (34, 3.4865959089351324),
[92mINFO [0m:      	                          (35, 3.5174606792231327),
2026-07-09 03:18:12,021 | INFO | 	                          (35, 3.5174606792231327),
[92mINFO [0m:      	                          (36, 3.545514788669879),
2026-07-09 03:18:12,021 | INFO | 	                          (36, 3.545514788669879),
[92mINFO [0m:      	                          (37, 3.5519647596220323),
2026-07-09 03:18:12,021 | INFO | 	                          (37, 3.5519647596220323),
[92mINFO [0m:      	                          (38, 3.5830153494620895),
2026-07-09 03:18:12,021 | INFO | 	                          (38, 3.5830153494620895),
[92mINFO [0m:      	                          (39, 3.6115882859434376),
2026-07-09 03:18:12,021 | INFO | 	                          (39, 3.6115882859434376),
[92mINFO [0m:      	                          (40, 3.6341678891474203),
2026-07-09 03:18:12,021 | INFO | 	                          (40, 3.6341678891474203),
[92mINFO [0m:      	                          (41, 3.6603859194791752),
2026-07-09 03:18:12,021 | INFO | 	                          (41, 3.6603859194791752),
[92mINFO [0m:      	                          (42, 3.6781744426753336),
2026-07-09 03:18:12,021 | INFO | 	                          (42, 3.6781744426753336),
[92mINFO [0m:      	                          (43, 3.706978717419157),
2026-07-09 03:18:12,021 | INFO | 	                          (43, 3.706978717419157),
[92mINFO [0m:      	                          (44, 3.726643571182107),
2026-07-09 03:18:12,021 | INFO | 	                          (44, 3.726643571182107),
[92mINFO [0m:      	                          (45, 3.7520398335442615),
2026-07-09 03:18:12,021 | INFO | 	                          (45, 3.7520398335442615),
[92mINFO [0m:      	                          (46, 3.7694257734024585),
2026-07-09 03:18:12,021 | INFO | 	                          (46, 3.7694257734024585),
[92mINFO [0m:      	                          (47, 3.792482031528274),
2026-07-09 03:18:12,021 | INFO | 	                          (47, 3.792482031528274),
[92mINFO [0m:      	                          (48, 3.815776346015922),
2026-07-09 03:18:12,021 | INFO | 	                          (48, 3.815776346015922),
[92mINFO [0m:      	                          (49, 3.835530387361386),
2026-07-09 03:18:12,021 | INFO | 	                          (49, 3.835530387361386),
[92mINFO [0m:      	                          (50, 3.8612187093800063),
2026-07-09 03:18:12,021 | INFO | 	                          (50, 3.8612187093800063),
[92mINFO [0m:      	                          (51, 3.887051236508304),
2026-07-09 03:18:12,021 | INFO | 	                          (51, 3.887051236508304),
[92mINFO [0m:      	                          (52, 3.903540169680939),
2026-07-09 03:18:12,021 | INFO | 	                          (52, 3.903540169680939),
[92mINFO [0m:      	                          (53, 3.919241439960067),
2026-07-09 03:18:12,021 | INFO | 	                          (53, 3.919241439960067),
[92mINFO [0m:      	                          (54, 3.9499191269022433),
2026-07-09 03:18:12,021 | INFO | 	                          (54, 3.9499191269022433),
[92mINFO [0m:      	                          (55, 3.968760867502799),
2026-07-09 03:18:12,021 | INFO | 	                          (55, 3.968760867502799),
[92mINFO [0m:      	                          (56, 3.9919812232072944),
2026-07-09 03:18:12,021 | INFO | 	                          (56, 3.9919812232072944),
[92mINFO [0m:      	                          (57, 4.008624800958705),
2026-07-09 03:18:12,021 | INFO | 	                          (57, 4.008624800958705),
[92mINFO [0m:      	                          (58, 4.024475144237294),
2026-07-09 03:18:12,021 | INFO | 	                          (58, 4.024475144237294),
[92mINFO [0m:      	                          (59, 4.048522154431318),
2026-07-09 03:18:12,021 | INFO | 	                          (59, 4.048522154431318),
[92mINFO [0m:      	                          (60, 4.070560052027781)],
2026-07-09 03:18:12,021 | INFO | 	                          (60, 4.070560052027781)],
[92mINFO [0m:      	 'client_update_l2_p90': [(1, 2.7539207061504203),
2026-07-09 03:18:12,021 | INFO | 	 'client_update_l2_p90': [(1, 2.7539207061504203),
[92mINFO [0m:      	                          (2, 2.7701774323443584),
2026-07-09 03:18:12,021 | INFO | 	                          (2, 2.7701774323443584),
[92mINFO [0m:      	                          (3, 2.7960100852127465),
2026-07-09 03:18:12,021 | INFO | 	                          (3, 2.7960100852127465),
[92mINFO [0m:      	                          (4, 2.817139172046586),
2026-07-09 03:18:12,021 | INFO | 	                          (4, 2.817139172046586),
[92mINFO [0m:      	                          (5, 2.842675668459562),
2026-07-09 03:18:12,021 | INFO | 	                          (5, 2.842675668459562),
[92mINFO [0m:      	                          (6, 2.8604511102307106),
2026-07-09 03:18:12,021 | INFO | 	                          (6, 2.8604511102307106),
[92mINFO [0m:      	                          (7, 2.8738540579991203),
2026-07-09 03:18:12,021 | INFO | 	                          (7, 2.8738540579991203),
[92mINFO [0m:      	                          (8, 2.9056826496554087),
2026-07-09 03:18:12,021 | INFO | 	                          (8, 2.9056826496554087),
[92mINFO [0m:      	                          (9, 2.9309987240459074),
2026-07-09 03:18:12,021 | INFO | 	                          (9, 2.9309987240459074),
[92mINFO [0m:      	                          (10, 2.9374864278649264),
2026-07-09 03:18:12,021 | INFO | 	                          (10, 2.9374864278649264),
[92mINFO [0m:      	                          (11, 2.9684635707096234),
2026-07-09 03:18:12,021 | INFO | 	                          (11, 2.9684635707096234),
[92mINFO [0m:      	                          (12, 2.9937215736230365),
2026-07-09 03:18:12,022 | INFO | 	                          (12, 2.9937215736230365),
[92mINFO [0m:      	                          (13, 3.0190419813853784),
2026-07-09 03:18:12,022 | INFO | 	                          (13, 3.0190419813853784),
[92mINFO [0m:      	                          (14, 3.0433543314816482),
2026-07-09 03:18:12,022 | INFO | 	                          (14, 3.0433543314816482),
[92mINFO [0m:      	                          (15, 3.0587814311457877),
2026-07-09 03:18:12,022 | INFO | 	                          (15, 3.0587814311457877),
[92mINFO [0m:      	                          (16, 3.0832389991227767),
2026-07-09 03:18:12,022 | INFO | 	                          (16, 3.0832389991227767),
[92mINFO [0m:      	                          (17, 3.1067052224759335),
2026-07-09 03:18:12,022 | INFO | 	                          (17, 3.1067052224759335),
[92mINFO [0m:      	                          (18, 3.1241306949576226),
2026-07-09 03:18:12,022 | INFO | 	                          (18, 3.1241306949576226),
[92mINFO [0m:      	                          (19, 3.1531981527236095),
2026-07-09 03:18:12,022 | INFO | 	                          (19, 3.1531981527236095),
[92mINFO [0m:      	                          (20, 3.17432700484668),
2026-07-09 03:18:12,022 | INFO | 	                          (20, 3.17432700484668),
[92mINFO [0m:      	                          (21, 3.1952953191394537),
2026-07-09 03:18:12,022 | INFO | 	                          (21, 3.1952953191394537),
[92mINFO [0m:      	                          (22, 3.222384657484052),
2026-07-09 03:18:12,022 | INFO | 	                          (22, 3.222384657484052),
[92mINFO [0m:      	                          (23, 3.2399967962897818),
2026-07-09 03:18:12,022 | INFO | 	                          (23, 3.2399967962897818),
[92mINFO [0m:      	                          (24, 3.2692997069952865),
2026-07-09 03:18:12,022 | INFO | 	                          (24, 3.2692997069952865),
[92mINFO [0m:      	                          (25, 3.291997042117135),
2026-07-09 03:18:12,022 | INFO | 	                          (25, 3.291997042117135),
[92mINFO [0m:      	                          (26, 3.311676191179747),
2026-07-09 03:18:12,022 | INFO | 	                          (26, 3.311676191179747),
[92mINFO [0m:      	                          (27, 3.336248124479395),
2026-07-09 03:18:12,022 | INFO | 	                          (27, 3.336248124479395),
[92mINFO [0m:      	                          (28, 3.3595455797020106),
2026-07-09 03:18:12,022 | INFO | 	                          (28, 3.3595455797020106),
[92mINFO [0m:      	                          (29, 3.38477086691414),
2026-07-09 03:18:12,022 | INFO | 	                          (29, 3.38477086691414),
[92mINFO [0m:      	                          (30, 3.412453422789532),
2026-07-09 03:18:12,022 | INFO | 	                          (30, 3.412453422789532),
[92mINFO [0m:      	                          (31, 3.438123767861867),
2026-07-09 03:18:12,022 | INFO | 	                          (31, 3.438123767861867),
[92mINFO [0m:      	                          (32, 3.4539734939808016),
2026-07-09 03:18:12,022 | INFO | 	                          (32, 3.4539734939808016),
[92mINFO [0m:      	                          (33, 3.4792939333720376),
2026-07-09 03:18:12,022 | INFO | 	                          (33, 3.4792939333720376),
[92mINFO [0m:      	                          (34, 3.50156989789609),
2026-07-09 03:18:12,022 | INFO | 	                          (34, 3.50156989789609),
[92mINFO [0m:      	                          (35, 3.5291361010286133),
2026-07-09 03:18:12,022 | INFO | 	                          (35, 3.5291361010286133),
[92mINFO [0m:      	                          (36, 3.5531857635293287),
2026-07-09 03:18:12,022 | INFO | 	                          (36, 3.5531857635293287),
[92mINFO [0m:      	                          (37, 3.5757389676875317),
2026-07-09 03:18:12,022 | INFO | 	                          (37, 3.5757389676875317),
[92mINFO [0m:      	                          (38, 3.6013785998104964),
2026-07-09 03:18:12,022 | INFO | 	                          (38, 3.6013785998104964),
[92mINFO [0m:      	                          (39, 3.6255672977183275),
2026-07-09 03:18:12,022 | INFO | 	                          (39, 3.6255672977183275),
[92mINFO [0m:      	                          (40, 3.6413289943777607),
2026-07-09 03:18:12,022 | INFO | 	                          (40, 3.6413289943777607),
[92mINFO [0m:      	                          (41, 3.6758162541554364),
2026-07-09 03:18:12,022 | INFO | 	                          (41, 3.6758162541554364),
[92mINFO [0m:      	                          (42, 3.6896366001655023),
2026-07-09 03:18:12,022 | INFO | 	                          (42, 3.6896366001655023),
[92mINFO [0m:      	                          (43, 3.721378002579407),
2026-07-09 03:18:12,022 | INFO | 	                          (43, 3.721378002579407),
[92mINFO [0m:      	                          (44, 3.739243722817147),
2026-07-09 03:18:12,022 | INFO | 	                          (44, 3.739243722817147),
[92mINFO [0m:      	                          (45, 3.7551381340171353),
2026-07-09 03:18:12,022 | INFO | 	                          (45, 3.7551381340171353),
[92mINFO [0m:      	                          (46, 3.7755833274684125),
2026-07-09 03:18:12,022 | INFO | 	                          (46, 3.7755833274684125),
[92mINFO [0m:      	                          (47, 3.7988716350677834),
2026-07-09 03:18:12,022 | INFO | 	                          (47, 3.7988716350677834),
[92mINFO [0m:      	                          (48, 3.828175755856432),
2026-07-09 03:18:12,022 | INFO | 	                          (48, 3.828175755856432),
[92mINFO [0m:      	                          (49, 3.8525901371759446),
2026-07-09 03:18:12,022 | INFO | 	                          (49, 3.8525901371759446),
[92mINFO [0m:      	                          (50, 3.875066645840621),
2026-07-09 03:18:12,023 | INFO | 	                          (50, 3.875066645840621),
[92mINFO [0m:      	                          (51, 3.8933145547784926),
2026-07-09 03:18:12,023 | INFO | 	                          (51, 3.8933145547784926),
[92mINFO [0m:      	                          (52, 3.9149766817245717),
2026-07-09 03:18:12,023 | INFO | 	                          (52, 3.9149766817245717),
[92mINFO [0m:      	                          (53, 3.930709094838677),
2026-07-09 03:18:12,023 | INFO | 	                          (53, 3.930709094838677),
[92mINFO [0m:      	                          (54, 3.9581992065472136),
2026-07-09 03:18:12,023 | INFO | 	                          (54, 3.9581992065472136),
[92mINFO [0m:      	                          (55, 3.984479599966007),
2026-07-09 03:18:12,023 | INFO | 	                          (55, 3.984479599966007),
[92mINFO [0m:      	                          (56, 3.999972371676591),
2026-07-09 03:18:12,023 | INFO | 	                          (56, 3.999972371676591),
[92mINFO [0m:      	                          (57, 4.016613480506206),
2026-07-09 03:18:12,023 | INFO | 	                          (57, 4.016613480506206),
[92mINFO [0m:      	                          (58, 4.045143994663351),
2026-07-09 03:18:12,023 | INFO | 	                          (58, 4.045143994663351),
[92mINFO [0m:      	                          (59, 4.064675150154045),
2026-07-09 03:18:12,023 | INFO | 	                          (59, 4.064675150154045),
[92mINFO [0m:      	                          (60, 4.077740853830923)],
2026-07-09 03:18:12,023 | INFO | 	                          (60, 4.077740853830923)],
[92mINFO [0m:      	 'client_update_l2_std': [(1, 0.15053279959763946),
2026-07-09 03:18:12,023 | INFO | 	 'client_update_l2_std': [(1, 0.15053279959763946),
[92mINFO [0m:      	                          (2, 0.1404236082610169),
2026-07-09 03:18:12,023 | INFO | 	                          (2, 0.1404236082610169),
[92mINFO [0m:      	                          (3, 0.13894128227887698),
2026-07-09 03:18:12,023 | INFO | 	                          (3, 0.13894128227887698),
[92mINFO [0m:      	                          (4, 0.15371540920181295),
2026-07-09 03:18:12,023 | INFO | 	                          (4, 0.15371540920181295),
[92mINFO [0m:      	                          (5, 0.12494128940164306),
2026-07-09 03:18:12,023 | INFO | 	                          (5, 0.12494128940164306),
[92mINFO [0m:      	                          (6, 0.15637186838888523),
2026-07-09 03:18:12,023 | INFO | 	                          (6, 0.15637186838888523),
[92mINFO [0m:      	                          (7, 0.17621586641687445),
2026-07-09 03:18:12,023 | INFO | 	                          (7, 0.17621586641687445),
[92mINFO [0m:      	                          (8, 0.1780603624503654),
2026-07-09 03:18:12,023 | INFO | 	                          (8, 0.1780603624503654),
[92mINFO [0m:      	                          (9, 0.13385514733802972),
2026-07-09 03:18:12,023 | INFO | 	                          (9, 0.13385514733802972),
[92mINFO [0m:      	                          (10, 0.1919244484051438),
2026-07-09 03:18:12,023 | INFO | 	                          (10, 0.1919244484051438),
[92mINFO [0m:      	                          (11, 0.21259522354053847),
2026-07-09 03:18:12,023 | INFO | 	                          (11, 0.21259522354053847),
[92mINFO [0m:      	                          (12, 0.16864826796696175),
2026-07-09 03:18:12,023 | INFO | 	                          (12, 0.16864826796696175),
[92mINFO [0m:      	                          (13, 0.15104713953879112),
2026-07-09 03:18:12,023 | INFO | 	                          (13, 0.15104713953879112),
[92mINFO [0m:      	                          (14, 0.11307519784750858),
2026-07-09 03:18:12,023 | INFO | 	                          (14, 0.11307519784750858),
[92mINFO [0m:      	                          (15, 0.15254595667890447),
2026-07-09 03:18:12,023 | INFO | 	                          (15, 0.15254595667890447),
[92mINFO [0m:      	                          (16, 0.15302586912379684),
2026-07-09 03:18:12,023 | INFO | 	                          (16, 0.15302586912379684),
[92mINFO [0m:      	                          (17, 0.18704293674315312),
2026-07-09 03:18:12,023 | INFO | 	                          (17, 0.18704293674315312),
[92mINFO [0m:      	                          (18, 0.18860203457792807),
2026-07-09 03:18:12,023 | INFO | 	                          (18, 0.18860203457792807),
[92mINFO [0m:      	                          (19, 0.21223511026032404),
2026-07-09 03:18:12,023 | INFO | 	                          (19, 0.21223511026032404),
[92mINFO [0m:      	                          (20, 0.20732509387738554),
2026-07-09 03:18:12,023 | INFO | 	                          (20, 0.20732509387738554),
[92mINFO [0m:      	                          (21, 0.2501118125265703),
2026-07-09 03:18:12,023 | INFO | 	                          (21, 0.2501118125265703),
[92mINFO [0m:      	                          (22, 0.12697403925628745),
2026-07-09 03:18:12,023 | INFO | 	                          (22, 0.12697403925628745),
[92mINFO [0m:      	                          (23, 0.1705491089416687),
2026-07-09 03:18:12,023 | INFO | 	                          (23, 0.1705491089416687),
[92mINFO [0m:      	                          (24, 0.2660690401124517),
2026-07-09 03:18:12,023 | INFO | 	                          (24, 0.2660690401124517),
[92mINFO [0m:      	                          (25, 0.21539084620862797),
2026-07-09 03:18:12,023 | INFO | 	                          (25, 0.21539084620862797),
[92mINFO [0m:      	                          (26, 0.17596060354055923),
2026-07-09 03:18:12,023 | INFO | 	                          (26, 0.17596060354055923),
[92mINFO [0m:      	                          (27, 0.250386840642964),
2026-07-09 03:18:12,023 | INFO | 	                          (27, 0.250386840642964),
[92mINFO [0m:      	                          (28, 0.19751712689695308),
2026-07-09 03:18:12,023 | INFO | 	                          (28, 0.19751712689695308),
[92mINFO [0m:      	                          (29, 0.26084183505844544),
2026-07-09 03:18:12,024 | INFO | 	                          (29, 0.26084183505844544),
[92mINFO [0m:      	                          (30, 0.20687510548052226),
2026-07-09 03:18:12,024 | INFO | 	                          (30, 0.20687510548052226),
[92mINFO [0m:      	                          (31, 0.25527646398726667),
2026-07-09 03:18:12,024 | INFO | 	                          (31, 0.25527646398726667),
[92mINFO [0m:      	                          (32, 0.29066523584463105),
2026-07-09 03:18:12,024 | INFO | 	                          (32, 0.29066523584463105),
[92mINFO [0m:      	                          (33, 0.2790356432305577),
2026-07-09 03:18:12,024 | INFO | 	                          (33, 0.2790356432305577),
[92mINFO [0m:      	                          (34, 0.3269805914352859),
2026-07-09 03:18:12,024 | INFO | 	                          (34, 0.3269805914352859),
[92mINFO [0m:      	                          (35, 0.23942024950448115),
2026-07-09 03:18:12,024 | INFO | 	                          (35, 0.23942024950448115),
[92mINFO [0m:      	                          (36, 0.18075868955196808),
2026-07-09 03:18:12,024 | INFO | 	                          (36, 0.18075868955196808),
[92mINFO [0m:      	                          (37, 0.3185268658228744),
2026-07-09 03:18:12,024 | INFO | 	                          (37, 0.3185268658228744),
[92mINFO [0m:      	                          (38, 0.29246570863742183),
2026-07-09 03:18:12,024 | INFO | 	                          (38, 0.29246570863742183),
[92mINFO [0m:      	                          (39, 0.3046509477313247),
2026-07-09 03:18:12,024 | INFO | 	                          (39, 0.3046509477313247),
[92mINFO [0m:      	                          (40, 0.2724092388529028),
2026-07-09 03:18:12,024 | INFO | 	                          (40, 0.2724092388529028),
[92mINFO [0m:      	                          (41, 0.25609774933131835),
2026-07-09 03:18:12,024 | INFO | 	                          (41, 0.25609774933131835),
[92mINFO [0m:      	                          (42, 0.23573021769749472),
2026-07-09 03:18:12,024 | INFO | 	                          (42, 0.23573021769749472),
[92mINFO [0m:      	                          (43, 0.32094645588013787),
2026-07-09 03:18:12,024 | INFO | 	                          (43, 0.32094645588013787),
[92mINFO [0m:      	                          (44, 0.24193590802896928),
2026-07-09 03:18:12,024 | INFO | 	                          (44, 0.24193590802896928),
[92mINFO [0m:      	                          (45, 0.1916645543319969),
2026-07-09 03:18:12,024 | INFO | 	                          (45, 0.1916645543319969),
[92mINFO [0m:      	                          (46, 0.24968810511716988),
2026-07-09 03:18:12,024 | INFO | 	                          (46, 0.24968810511716988),
[92mINFO [0m:      	                          (47, 0.2833965138681264),
2026-07-09 03:18:12,024 | INFO | 	                          (47, 0.2833965138681264),
[92mINFO [0m:      	                          (48, 0.31058871157307016),
2026-07-09 03:18:12,024 | INFO | 	                          (48, 0.31058871157307016),
[92mINFO [0m:      	                          (49, 0.2877794556955906),
2026-07-09 03:18:12,024 | INFO | 	                          (49, 0.2877794556955906),
[92mINFO [0m:      	                          (50, 0.22851917113777748),
2026-07-09 03:18:12,024 | INFO | 	                          (50, 0.22851917113777748),
[92mINFO [0m:      	                          (51, 0.2323651988510763),
2026-07-09 03:18:12,024 | INFO | 	                          (51, 0.2323651988510763),
[92mINFO [0m:      	                          (52, 0.26218483232760065),
2026-07-09 03:18:12,024 | INFO | 	                          (52, 0.26218483232760065),
[92mINFO [0m:      	                          (53, 0.22520425217858683),
2026-07-09 03:18:12,024 | INFO | 	                          (53, 0.22520425217858683),
[92mINFO [0m:      	                          (54, 0.2853633058549121),
2026-07-09 03:18:12,024 | INFO | 	                          (54, 0.2853633058549121),
[92mINFO [0m:      	                          (55, 0.30243945431412006),
2026-07-09 03:18:12,024 | INFO | 	                          (55, 0.30243945431412006),
[92mINFO [0m:      	                          (56, 0.22351444610988422),
2026-07-09 03:18:12,024 | INFO | 	                          (56, 0.22351444610988422),
[92mINFO [0m:      	                          (57, 0.25038861807742646),
2026-07-09 03:18:12,024 | INFO | 	                          (57, 0.25038861807742646),
[92mINFO [0m:      	                          (58, 0.26261094954503184),
2026-07-09 03:18:12,024 | INFO | 	                          (58, 0.26261094954503184),
[92mINFO [0m:      	                          (59, 0.3237790872418453),
2026-07-09 03:18:12,024 | INFO | 	                          (59, 0.3237790872418453),
[92mINFO [0m:      	                          (60, 0.1870934729015927)],
2026-07-09 03:18:12,024 | INFO | 	                          (60, 0.1870934729015927)],
[92mINFO [0m:      	 'fit_time_sec': [(1, 8.079814497381449),
2026-07-09 03:18:12,024 | INFO | 	 'fit_time_sec': [(1, 8.079814497381449),
[92mINFO [0m:      	                  (2, 5.169554062187672),
2026-07-09 03:18:12,024 | INFO | 	                  (2, 5.169554062187672),
[92mINFO [0m:      	                  (3, 5.051991548389196),
2026-07-09 03:18:12,024 | INFO | 	                  (3, 5.051991548389196),
[92mINFO [0m:      	                  (4, 5.142684608697891),
2026-07-09 03:18:12,024 | INFO | 	                  (4, 5.142684608697891),
[92mINFO [0m:      	                  (5, 4.694843016564846),
2026-07-09 03:18:12,024 | INFO | 	                  (5, 4.694843016564846),
[92mINFO [0m:      	                  (6, 4.97599907964468),
2026-07-09 03:18:12,024 | INFO | 	                  (6, 4.97599907964468),
[92mINFO [0m:      	                  (7, 5.2249844670295715),
2026-07-09 03:18:12,024 | INFO | 	                  (7, 5.2249844670295715),
[92mINFO [0m:      	                  (8, 5.025633659213781),
2026-07-09 03:18:12,025 | INFO | 	                  (8, 5.025633659213781),
[92mINFO [0m:      	                  (9, 4.496431425213814),
2026-07-09 03:18:12,025 | INFO | 	                  (9, 4.496431425213814),
[92mINFO [0m:      	                  (10, 5.658491883426905),
2026-07-09 03:18:12,025 | INFO | 	                  (10, 5.658491883426905),
[92mINFO [0m:      	                  (11, 6.750278823077679),
2026-07-09 03:18:12,025 | INFO | 	                  (11, 6.750278823077679),
[92mINFO [0m:      	                  (12, 4.830989055335522),
2026-07-09 03:18:12,025 | INFO | 	                  (12, 4.830989055335522),
[92mINFO [0m:      	                  (13, 4.87728326022625),
2026-07-09 03:18:12,025 | INFO | 	                  (13, 4.87728326022625),
[92mINFO [0m:      	                  (14, 4.021479435265064),
2026-07-09 03:18:12,025 | INFO | 	                  (14, 4.021479435265064),
[92mINFO [0m:      	                  (15, 4.119944777339697),
2026-07-09 03:18:12,025 | INFO | 	                  (15, 4.119944777339697),
[92mINFO [0m:      	                  (16, 4.558527413755655),
2026-07-09 03:18:12,025 | INFO | 	                  (16, 4.558527413755655),
[92mINFO [0m:      	                  (17, 4.400597665458918),
2026-07-09 03:18:12,025 | INFO | 	                  (17, 4.400597665458918),
[92mINFO [0m:      	                  (18, 3.9165533371269703),
2026-07-09 03:18:12,025 | INFO | 	                  (18, 3.9165533371269703),
[92mINFO [0m:      	                  (19, 4.76181660965085),
2026-07-09 03:18:12,025 | INFO | 	                  (19, 4.76181660965085),
[92mINFO [0m:      	                  (20, 5.048580966889858),
2026-07-09 03:18:12,025 | INFO | 	                  (20, 5.048580966889858),
[92mINFO [0m:      	                  (21, 5.224125951528549),
2026-07-09 03:18:12,025 | INFO | 	                  (21, 5.224125951528549),
[92mINFO [0m:      	                  (22, 3.7761140018701553),
2026-07-09 03:18:12,025 | INFO | 	                  (22, 3.7761140018701553),
[92mINFO [0m:      	                  (23, 3.825994446873665),
2026-07-09 03:18:12,025 | INFO | 	                  (23, 3.825994446873665),
[92mINFO [0m:      	                  (24, 5.79249482229352),
2026-07-09 03:18:12,025 | INFO | 	                  (24, 5.79249482229352),
[92mINFO [0m:      	                  (25, 4.743120267987251),
2026-07-09 03:18:12,025 | INFO | 	                  (25, 4.743120267987251),
[92mINFO [0m:      	                  (26, 4.065817311406136),
2026-07-09 03:18:12,025 | INFO | 	                  (26, 4.065817311406136),
[92mINFO [0m:      	                  (27, 4.958633005619049),
2026-07-09 03:18:12,025 | INFO | 	                  (27, 4.958633005619049),
[92mINFO [0m:      	                  (28, 4.624784920364618),
2026-07-09 03:18:12,025 | INFO | 	                  (28, 4.624784920364618),
[92mINFO [0m:      	                  (29, 4.78026133403182),
2026-07-09 03:18:12,025 | INFO | 	                  (29, 4.78026133403182),
[92mINFO [0m:      	                  (30, 4.482091728597879),
2026-07-09 03:18:12,025 | INFO | 	                  (30, 4.482091728597879),
[92mINFO [0m:      	                  (31, 5.406848751008511),
2026-07-09 03:18:12,025 | INFO | 	                  (31, 5.406848751008511),
[92mINFO [0m:      	                  (32, 6.08694452047348),
2026-07-09 03:18:12,025 | INFO | 	                  (32, 6.08694452047348),
[92mINFO [0m:      	                  (33, 6.701681822538376),
2026-07-09 03:18:12,025 | INFO | 	                  (33, 6.701681822538376),
[92mINFO [0m:      	                  (34, 8.81295007839799),
2026-07-09 03:18:12,025 | INFO | 	                  (34, 8.81295007839799),
[92mINFO [0m:      	                  (35, 4.837380331009626),
2026-07-09 03:18:12,025 | INFO | 	                  (35, 4.837380331009626),
[92mINFO [0m:      	                  (36, 4.819045566022396),
2026-07-09 03:18:12,025 | INFO | 	                  (36, 4.819045566022396),
[92mINFO [0m:      	                  (37, 7.283493310213089),
2026-07-09 03:18:12,025 | INFO | 	                  (37, 7.283493310213089),
[92mINFO [0m:      	                  (38, 6.994120374321938),
2026-07-09 03:18:12,025 | INFO | 	                  (38, 6.994120374321938),
[92mINFO [0m:      	                  (39, 6.858790744096041),
2026-07-09 03:18:12,025 | INFO | 	                  (39, 6.858790744096041),
[92mINFO [0m:      	                  (40, 5.807245712727308),
2026-07-09 03:18:12,025 | INFO | 	                  (40, 5.807245712727308),
[92mINFO [0m:      	                  (41, 5.404511913657188),
2026-07-09 03:18:12,025 | INFO | 	                  (41, 5.404511913657188),
[92mINFO [0m:      	                  (42, 4.762377627193928),
2026-07-09 03:18:12,025 | INFO | 	                  (42, 4.762377627193928),
[92mINFO [0m:      	                  (43, 6.598621249198914),
2026-07-09 03:18:12,025 | INFO | 	                  (43, 6.598621249198914),
[92mINFO [0m:      	                  (44, 5.5990146063268185),
2026-07-09 03:18:12,025 | INFO | 	                  (44, 5.5990146063268185),
[92mINFO [0m:      	                  (45, 5.564165476709604),
2026-07-09 03:18:12,025 | INFO | 	                  (45, 5.564165476709604),
[92mINFO [0m:      	                  (46, 5.4366813115775585),
2026-07-09 03:18:12,025 | INFO | 	                  (46, 5.4366813115775585),
[92mINFO [0m:      	                  (47, 5.758994165807962),
2026-07-09 03:18:12,026 | INFO | 	                  (47, 5.758994165807962),
[92mINFO [0m:      	                  (48, 6.94979252666235),
2026-07-09 03:18:12,026 | INFO | 	                  (48, 6.94979252666235),
[92mINFO [0m:      	                  (49, 7.084831226617098),
2026-07-09 03:18:12,026 | INFO | 	                  (49, 7.084831226617098),
[92mINFO [0m:      	                  (50, 9.364896696060896),
2026-07-09 03:18:12,026 | INFO | 	                  (50, 9.364896696060896),
[92mINFO [0m:      	                  (51, 5.056873768568039),
2026-07-09 03:18:12,026 | INFO | 	                  (51, 5.056873768568039),
[92mINFO [0m:      	                  (52, 5.308927226811647),
2026-07-09 03:18:12,026 | INFO | 	                  (52, 5.308927226811647),
[92mINFO [0m:      	                  (53, 5.365907598286867),
2026-07-09 03:18:12,026 | INFO | 	                  (53, 5.365907598286867),
[92mINFO [0m:      	                  (54, 6.198480807244778),
2026-07-09 03:18:12,026 | INFO | 	                  (54, 6.198480807244778),
[92mINFO [0m:      	                  (55, 6.820776537060738),
2026-07-09 03:18:12,026 | INFO | 	                  (55, 6.820776537060738),
[92mINFO [0m:      	                  (56, 5.818126380443573),
2026-07-09 03:18:12,026 | INFO | 	                  (56, 5.818126380443573),
[92mINFO [0m:      	                  (57, 6.689991980791092),
2026-07-09 03:18:12,026 | INFO | 	                  (57, 6.689991980791092),
[92mINFO [0m:      	                  (58, 6.3588173650205135),
2026-07-09 03:18:12,026 | INFO | 	                  (58, 6.3588173650205135),
[92mINFO [0m:      	                  (59, 8.83454067632556),
2026-07-09 03:18:12,026 | INFO | 	                  (59, 8.83454067632556),
[92mINFO [0m:      	                  (60, 6.153867907822132)],
2026-07-09 03:18:12,026 | INFO | 	                  (60, 6.153867907822132)],
[92mINFO [0m:      	 'local_accuracy_max': [(5, 1.0),
2026-07-09 03:18:12,026 | INFO | 	 'local_accuracy_max': [(5, 1.0),
[92mINFO [0m:      	                        (10, 1.0),
2026-07-09 03:18:12,026 | INFO | 	                        (10, 1.0),
[92mINFO [0m:      	                        (15, 1.0),
2026-07-09 03:18:12,026 | INFO | 	                        (15, 1.0),
[92mINFO [0m:      	                        (20, 1.0),
2026-07-09 03:18:12,026 | INFO | 	                        (20, 1.0),
[92mINFO [0m:      	                        (25, 1.0),
2026-07-09 03:18:12,026 | INFO | 	                        (25, 1.0),
[92mINFO [0m:      	                        (30, 1.0),
2026-07-09 03:18:12,026 | INFO | 	                        (30, 1.0),
[92mINFO [0m:      	                        (35, 1.0),
2026-07-09 03:18:12,026 | INFO | 	                        (35, 1.0),
[92mINFO [0m:      	                        (40, 1.0),
2026-07-09 03:18:12,026 | INFO | 	                        (40, 1.0),
[92mINFO [0m:      	                        (45, 1.0),
2026-07-09 03:18:12,026 | INFO | 	                        (45, 1.0),
[92mINFO [0m:      	                        (50, 1.0),
2026-07-09 03:18:12,026 | INFO | 	                        (50, 1.0),
[92mINFO [0m:      	                        (55, 1.0),
2026-07-09 03:18:12,026 | INFO | 	                        (55, 1.0),
[92mINFO [0m:      	                        (60, 1.0)],
2026-07-09 03:18:12,026 | INFO | 	                        (60, 1.0)],
[92mINFO [0m:      	 'local_accuracy_mean': [(5, 0.7002005943179227),
2026-07-09 03:18:12,026 | INFO | 	 'local_accuracy_mean': [(5, 0.7002005943179227),
[92mINFO [0m:      	                         (10, 0.9015016762675395),
2026-07-09 03:18:12,026 | INFO | 	                         (10, 0.9015016762675395),
[92mINFO [0m:      	                         (15, 0.9424974574974576),
2026-07-09 03:18:12,026 | INFO | 	                         (15, 0.9424974574974576),
[92mINFO [0m:      	                         (20, 0.8644143318495242),
2026-07-09 03:18:12,026 | INFO | 	                         (20, 0.8644143318495242),
[92mINFO [0m:      	                         (25, 0.9328216097627863),
2026-07-09 03:18:12,026 | INFO | 	                         (25, 0.9328216097627863),
[92mINFO [0m:      	                         (30, 0.9281363797492829),
2026-07-09 03:18:12,026 | INFO | 	                         (30, 0.9281363797492829),
[92mINFO [0m:      	                         (35, 0.9912764003673094),
2026-07-09 03:18:12,026 | INFO | 	                         (35, 0.9912764003673094),
[92mINFO [0m:      	                         (40, 0.9484778891525977),
2026-07-09 03:18:12,026 | INFO | 	                         (40, 0.9484778891525977),
[92mINFO [0m:      	                         (45, 0.961993412788566),
2026-07-09 03:18:12,026 | INFO | 	                         (45, 0.961993412788566),
[92mINFO [0m:      	                         (50, 0.9496631473102061),
2026-07-09 03:18:12,026 | INFO | 	                         (50, 0.9496631473102061),
[92mINFO [0m:      	                         (55, 0.9380547604418641),
2026-07-09 03:18:12,026 | INFO | 	                         (55, 0.9380547604418641),
[92mINFO [0m:      	                         (60, 0.9729746311480058)],
2026-07-09 03:18:12,026 | INFO | 	                         (60, 0.9729746311480058)],
[92mINFO [0m:      	 'local_accuracy_min': [(5, 0.0),
2026-07-09 03:18:12,026 | INFO | 	 'local_accuracy_min': [(5, 0.0),
[92mINFO [0m:      	                        (10, 0.6923076923076923),
2026-07-09 03:18:12,027 | INFO | 	                        (10, 0.6923076923076923),
[92mINFO [0m:      	                        (15, 0.8333333333333334),
2026-07-09 03:18:12,027 | INFO | 	                        (15, 0.8333333333333334),
[92mINFO [0m:      	                        (20, 0.0),
2026-07-09 03:18:12,027 | INFO | 	                        (20, 0.0),
[92mINFO [0m:      	                        (25, 0.8),
2026-07-09 03:18:12,027 | INFO | 	                        (25, 0.8),
[92mINFO [0m:      	                        (30, 0.6666666666666666),
2026-07-09 03:18:12,027 | INFO | 	                        (30, 0.6666666666666666),
[92mINFO [0m:      	                        (35, 0.9444444444444444),
2026-07-09 03:18:12,027 | INFO | 	                        (35, 0.9444444444444444),
[92mINFO [0m:      	                        (40, 0.6666666666666666),
2026-07-09 03:18:12,027 | INFO | 	                        (40, 0.6666666666666666),
[92mINFO [0m:      	                        (45, 0.8421052631578947),
2026-07-09 03:18:12,027 | INFO | 	                        (45, 0.8421052631578947),
[92mINFO [0m:      	                        (50, 0.7777777777777778),
2026-07-09 03:18:12,027 | INFO | 	                        (50, 0.7777777777777778),
[92mINFO [0m:      	                        (55, 0.7857142857142857),
2026-07-09 03:18:12,027 | INFO | 	                        (55, 0.7857142857142857),
[92mINFO [0m:      	                        (60, 0.8571428571428571)],
2026-07-09 03:18:12,027 | INFO | 	                        (60, 0.8571428571428571)],
[92mINFO [0m:      	 'local_accuracy_p10': [(5, 0.06000000000000005),
2026-07-09 03:18:12,027 | INFO | 	 'local_accuracy_p10': [(5, 0.06000000000000005),
[92mINFO [0m:      	                        (10, 0.7961945031712473),
2026-07-09 03:18:12,027 | INFO | 	                        (10, 0.7961945031712473),
[92mINFO [0m:      	                        (15, 0.8571428571428571),
2026-07-09 03:18:12,027 | INFO | 	                        (15, 0.8571428571428571),
[92mINFO [0m:      	                        (20, 0.7157894736842105),
2026-07-09 03:18:12,027 | INFO | 	                        (20, 0.7157894736842105),
[92mINFO [0m:      	                        (25, 0.84),
2026-07-09 03:18:12,027 | INFO | 	                        (25, 0.84),
[92mINFO [0m:      	                        (30, 0.7075268817204301),
2026-07-09 03:18:12,027 | INFO | 	                        (30, 0.7075268817204301),
[92mINFO [0m:      	                        (35, 0.9595959595959596),
2026-07-09 03:18:12,027 | INFO | 	                        (35, 0.9595959595959596),
[92mINFO [0m:      	                        (40, 0.8827380952380952),
2026-07-09 03:18:12,027 | INFO | 	                        (40, 0.8827380952380952),
[92mINFO [0m:      	                        (45, 0.9016666666666667),
2026-07-09 03:18:12,027 | INFO | 	                        (45, 0.9016666666666667),
[92mINFO [0m:      	                        (50, 0.8177777777777778),
2026-07-09 03:18:12,027 | INFO | 	                        (50, 0.8177777777777778),
[92mINFO [0m:      	                        (55, 0.8555023923444975),
2026-07-09 03:18:12,027 | INFO | 	                        (55, 0.8555023923444975),
[92mINFO [0m:      	                        (60, 0.9215686274509803)],
2026-07-09 03:18:12,027 | INFO | 	                        (60, 0.9215686274509803)],
[92mINFO [0m:      	 'local_accuracy_p25': [(5, 0.7244680851063829),
2026-07-09 03:18:12,027 | INFO | 	 'local_accuracy_p25': [(5, 0.7244680851063829),
[92mINFO [0m:      	                        (10, 0.8333333333333334),
2026-07-09 03:18:12,027 | INFO | 	                        (10, 0.8333333333333334),
[92mINFO [0m:      	                        (15, 0.8969594594594594),
2026-07-09 03:18:12,027 | INFO | 	                        (15, 0.8969594594594594),
[92mINFO [0m:      	                        (20, 0.8660714285714286),
2026-07-09 03:18:12,027 | INFO | 	                        (20, 0.8660714285714286),
[92mINFO [0m:      	                        (25, 0.8939393939393939),
2026-07-09 03:18:12,027 | INFO | 	                        (25, 0.8939393939393939),
[92mINFO [0m:      	                        (30, 0.9090909090909091),
2026-07-09 03:18:12,027 | INFO | 	                        (30, 0.9090909090909091),
[92mINFO [0m:      	                        (35, 1.0),
2026-07-09 03:18:12,027 | INFO | 	                        (35, 1.0),
[92mINFO [0m:      	                        (40, 0.9547619047619048),
2026-07-09 03:18:12,027 | INFO | 	                        (40, 0.9547619047619048),
[92mINFO [0m:      	                        (45, 0.9198141486810552),
2026-07-09 03:18:12,027 | INFO | 	                        (45, 0.9198141486810552),
[92mINFO [0m:      	                        (50, 0.9411764705882353),
2026-07-09 03:18:12,027 | INFO | 	                        (50, 0.9411764705882353),
[92mINFO [0m:      	                        (55, 0.9090909090909091),
2026-07-09 03:18:12,027 | INFO | 	                        (55, 0.9090909090909091),
[92mINFO [0m:      	                        (60, 0.96)],
2026-07-09 03:18:12,027 | INFO | 	                        (60, 0.96)],
[92mINFO [0m:      	 'local_accuracy_p50': [(5, 0.8070719602977667),
2026-07-09 03:18:12,027 | INFO | 	 'local_accuracy_p50': [(5, 0.8070719602977667),
[92mINFO [0m:      	                        (10, 0.9090909090909091),
2026-07-09 03:18:12,027 | INFO | 	                        (10, 0.9090909090909091),
[92mINFO [0m:      	                        (15, 0.96),
2026-07-09 03:18:12,027 | INFO | 	                        (15, 0.96),
[92mINFO [0m:      	                        (20, 0.9850746268656716),
2026-07-09 03:18:12,028 | INFO | 	                        (20, 0.9850746268656716),
[92mINFO [0m:      	                        (25, 0.9505882352941176),
2026-07-09 03:18:12,028 | INFO | 	                        (25, 0.9505882352941176),
[92mINFO [0m:      	                        (30, 1.0),
2026-07-09 03:18:12,028 | INFO | 	                        (30, 1.0),
[92mINFO [0m:      	                        (35, 1.0),
2026-07-09 03:18:12,028 | INFO | 	                        (35, 1.0),
[92mINFO [0m:      	                        (40, 0.9878048780487805),
2026-07-09 03:18:12,028 | INFO | 	                        (40, 0.9878048780487805),
[92mINFO [0m:      	                        (45, 1.0),
2026-07-09 03:18:12,028 | INFO | 	                        (45, 1.0),
[92mINFO [0m:      	                        (50, 1.0),
2026-07-09 03:18:12,028 | INFO | 	                        (50, 1.0),
[92mINFO [0m:      	                        (55, 0.9428571428571428),
2026-07-09 03:18:12,028 | INFO | 	                        (55, 0.9428571428571428),
[92mINFO [0m:      	                        (60, 1.0)],
2026-07-09 03:18:12,028 | INFO | 	                        (60, 1.0)],
[92mINFO [0m:      	 'local_accuracy_p75': [(5, 0.8972431077694236),
2026-07-09 03:18:12,028 | INFO | 	 'local_accuracy_p75': [(5, 0.8972431077694236),
[92mINFO [0m:      	                        (10, 1.0),
2026-07-09 03:18:12,028 | INFO | 	                        (10, 1.0),
[92mINFO [0m:      	                        (15, 1.0),
2026-07-09 03:18:12,028 | INFO | 	                        (15, 1.0),
[92mINFO [0m:      	                        (20, 1.0),
2026-07-09 03:18:12,028 | INFO | 	                        (20, 1.0),
[92mINFO [0m:      	                        (25, 0.9961538461538462),
2026-07-09 03:18:12,028 | INFO | 	                        (25, 0.9961538461538462),
[92mINFO [0m:      	                        (30, 1.0),
2026-07-09 03:18:12,028 | INFO | 	                        (30, 1.0),
[92mINFO [0m:      	                        (35, 1.0),
2026-07-09 03:18:12,028 | INFO | 	                        (35, 1.0),
[92mINFO [0m:      	                        (40, 1.0),
2026-07-09 03:18:12,028 | INFO | 	                        (40, 1.0),
[92mINFO [0m:      	                        (45, 1.0),
2026-07-09 03:18:12,028 | INFO | 	                        (45, 1.0),
[92mINFO [0m:      	                        (50, 1.0),
2026-07-09 03:18:12,028 | INFO | 	                        (50, 1.0),
[92mINFO [0m:      	                        (55, 1.0),
2026-07-09 03:18:12,028 | INFO | 	                        (55, 1.0),
[92mINFO [0m:      	                        (60, 1.0)],
2026-07-09 03:18:12,028 | INFO | 	                        (60, 1.0)],
[92mINFO [0m:      	 'local_accuracy_p90': [(5, 0.9904761904761905),
2026-07-09 03:18:12,028 | INFO | 	 'local_accuracy_p90': [(5, 0.9904761904761905),
[92mINFO [0m:      	                        (10, 1.0),
2026-07-09 03:18:12,028 | INFO | 	                        (10, 1.0),
[92mINFO [0m:      	                        (15, 1.0),
2026-07-09 03:18:12,028 | INFO | 	                        (15, 1.0),
[92mINFO [0m:      	                        (20, 1.0),
2026-07-09 03:18:12,028 | INFO | 	                        (20, 1.0),
[92mINFO [0m:      	                        (25, 1.0),
2026-07-09 03:18:12,028 | INFO | 	                        (25, 1.0),
[92mINFO [0m:      	                        (30, 1.0),
2026-07-09 03:18:12,028 | INFO | 	                        (30, 1.0),
[92mINFO [0m:      	                        (35, 1.0),
2026-07-09 03:18:12,028 | INFO | 	                        (35, 1.0),
[92mINFO [0m:      	                        (40, 1.0),
2026-07-09 03:18:12,028 | INFO | 	                        (40, 1.0),
[92mINFO [0m:      	                        (45, 1.0),
2026-07-09 03:18:12,028 | INFO | 	                        (45, 1.0),
[92mINFO [0m:      	                        (50, 1.0),
2026-07-09 03:18:12,028 | INFO | 	                        (50, 1.0),
[92mINFO [0m:      	                        (55, 1.0),
2026-07-09 03:18:12,028 | INFO | 	                        (55, 1.0),
[92mINFO [0m:      	                        (60, 1.0)],
2026-07-09 03:18:12,028 | INFO | 	                        (60, 1.0)],
[92mINFO [0m:      	 'local_accuracy_std': [(5, 0.3295088104812427),
2026-07-09 03:18:12,028 | INFO | 	 'local_accuracy_std': [(5, 0.3295088104812427),
[92mINFO [0m:      	                        (10, 0.09241452024489873),
2026-07-09 03:18:12,028 | INFO | 	                        (10, 0.09241452024489873),
[92mINFO [0m:      	                        (15, 0.06144493187092633),
2026-07-09 03:18:12,028 | INFO | 	                        (15, 0.06144493187092633),
[92mINFO [0m:      	                        (20, 0.2499887812814909),
2026-07-09 03:18:12,028 | INFO | 	                        (20, 0.2499887812814909),
[92mINFO [0m:      	                        (25, 0.06706355607989788),
2026-07-09 03:18:12,028 | INFO | 	                        (25, 0.06706355607989788),
[92mINFO [0m:      	                        (30, 0.11840823887898698),
2026-07-09 03:18:12,029 | INFO | 	                        (30, 0.11840823887898698),
[92mINFO [0m:      	                        (35, 0.01878537423827254),
2026-07-09 03:18:12,029 | INFO | 	                        (35, 0.01878537423827254),
[92mINFO [0m:      	                        (40, 0.09201897528093037),
2026-07-09 03:18:12,029 | INFO | 	                        (40, 0.09201897528093037),
[92mINFO [0m:      	                        (45, 0.05170373158686187),
2026-07-09 03:18:12,029 | INFO | 	                        (45, 0.05170373158686187),
[92mINFO [0m:      	                        (50, 0.07562205937392609),
2026-07-09 03:18:12,029 | INFO | 	                        (50, 0.07562205937392609),
[92mINFO [0m:      	                        (55, 0.06494740502142077),
2026-07-09 03:18:12,029 | INFO | 	                        (55, 0.06494740502142077),
[92mINFO [0m:      	                        (60, 0.04261682477181281)],
2026-07-09 03:18:12,029 | INFO | 	                        (60, 0.04261682477181281)],
[92mINFO [0m:      	 'local_accuracy_weighted': [(5, 0.8068447545472822),
2026-07-09 03:18:12,029 | INFO | 	 'local_accuracy_weighted': [(5, 0.8068447545472822),
[92mINFO [0m:      	                             (10, 0.8623689255524498),
2026-07-09 03:18:12,029 | INFO | 	                             (10, 0.8623689255524498),
[92mINFO [0m:      	                             (15, 0.953592881117361),
2026-07-09 03:18:12,029 | INFO | 	                             (15, 0.953592881117361),
[92mINFO [0m:      	                             (20, 0.9190480003670705),
2026-07-09 03:18:12,029 | INFO | 	                             (20, 0.9190480003670705),
[92mINFO [0m:      	                             (25, 0.9346053946053946),
2026-07-09 03:18:12,029 | INFO | 	                             (25, 0.9346053946053946),
[92mINFO [0m:      	                             (30, 0.9315849127830695),
2026-07-09 03:18:12,029 | INFO | 	                             (30, 0.9315849127830695),
[92mINFO [0m:      	                             (35, 0.9713084356507494),
2026-07-09 03:18:12,029 | INFO | 	                             (35, 0.9713084356507494),
[92mINFO [0m:      	                             (40, 0.9650655101742058),
2026-07-09 03:18:12,029 | INFO | 	                             (40, 0.9650655101742058),
[92mINFO [0m:      	                             (45, 0.9370626175591478),
2026-07-09 03:18:12,029 | INFO | 	                             (45, 0.9370626175591478),
[92mINFO [0m:      	                             (50, 0.9291081185146194),
2026-07-09 03:18:12,029 | INFO | 	                             (50, 0.9291081185146194),
[92mINFO [0m:      	                             (55, 0.9374155480744135),
2026-07-09 03:18:12,029 | INFO | 	                             (55, 0.9374155480744135),
[92mINFO [0m:      	                             (60, 0.9689729861485684)],
2026-07-09 03:18:12,029 | INFO | 	                             (60, 0.9689729861485684)],
[92mINFO [0m:      	 'local_eval_count': [(1, 0),
2026-07-09 03:18:12,029 | INFO | 	 'local_eval_count': [(1, 0),
[92mINFO [0m:      	                      (2, 0),
2026-07-09 03:18:12,029 | INFO | 	                      (2, 0),
[92mINFO [0m:      	                      (3, 0),
2026-07-09 03:18:12,029 | INFO | 	                      (3, 0),
[92mINFO [0m:      	                      (4, 0),
2026-07-09 03:18:12,029 | INFO | 	                      (4, 0),
[92mINFO [0m:      	                      (5, 12),
2026-07-09 03:18:12,029 | INFO | 	                      (5, 12),
[92mINFO [0m:      	                      (6, 0),
2026-07-09 03:18:12,029 | INFO | 	                      (6, 0),
[92mINFO [0m:      	                      (7, 0),
2026-07-09 03:18:12,029 | INFO | 	                      (7, 0),
[92mINFO [0m:      	                      (8, 0),
2026-07-09 03:18:12,029 | INFO | 	                      (8, 0),
[92mINFO [0m:      	                      (9, 0),
2026-07-09 03:18:12,029 | INFO | 	                      (9, 0),
[92mINFO [0m:      	                      (10, 13),
2026-07-09 03:18:12,029 | INFO | 	                      (10, 13),
[92mINFO [0m:      	                      (11, 0),
2026-07-09 03:18:12,029 | INFO | 	                      (11, 0),
[92mINFO [0m:      	                      (12, 0),
2026-07-09 03:18:12,029 | INFO | 	                      (12, 0),
[92mINFO [0m:      	                      (13, 0),
2026-07-09 03:18:12,029 | INFO | 	                      (13, 0),
[92mINFO [0m:      	                      (14, 0),
2026-07-09 03:18:12,029 | INFO | 	                      (14, 0),
[92mINFO [0m:      	                      (15, 11),
2026-07-09 03:18:12,029 | INFO | 	                      (15, 11),
[92mINFO [0m:      	                      (16, 0),
2026-07-09 03:18:12,029 | INFO | 	                      (16, 0),
[92mINFO [0m:      	                      (17, 0),
2026-07-09 03:18:12,029 | INFO | 	                      (17, 0),
[92mINFO [0m:      	                      (18, 0),
2026-07-09 03:18:12,029 | INFO | 	                      (18, 0),
[92mINFO [0m:      	                      (19, 0),
2026-07-09 03:18:12,029 | INFO | 	                      (19, 0),
[92mINFO [0m:      	                      (20, 15),
2026-07-09 03:18:12,030 | INFO | 	                      (20, 15),
[92mINFO [0m:      	                      (21, 0),
2026-07-09 03:18:12,030 | INFO | 	                      (21, 0),
[92mINFO [0m:      	                      (22, 0),
2026-07-09 03:18:12,030 | INFO | 	                      (22, 0),
[92mINFO [0m:      	                      (23, 0),
2026-07-09 03:18:12,030 | INFO | 	                      (23, 0),
[92mINFO [0m:      	                      (24, 0),
2026-07-09 03:18:12,030 | INFO | 	                      (24, 0),
[92mINFO [0m:      	                      (25, 10),
2026-07-09 03:18:12,030 | INFO | 	                      (25, 10),
[92mINFO [0m:      	                      (26, 0),
2026-07-09 03:18:12,030 | INFO | 	                      (26, 0),
[92mINFO [0m:      	                      (27, 0),
2026-07-09 03:18:12,030 | INFO | 	                      (27, 0),
[92mINFO [0m:      	                      (28, 0),
2026-07-09 03:18:12,030 | INFO | 	                      (28, 0),
[92mINFO [0m:      	                      (29, 0),
2026-07-09 03:18:12,030 | INFO | 	                      (29, 0),
[92mINFO [0m:      	                      (30, 13),
2026-07-09 03:18:12,030 | INFO | 	                      (30, 13),
[92mINFO [0m:      	                      (31, 0),
2026-07-09 03:18:12,030 | INFO | 	                      (31, 0),
[92mINFO [0m:      	                      (32, 0),
2026-07-09 03:18:12,030 | INFO | 	                      (32, 0),
[92mINFO [0m:      	                      (33, 0),
2026-07-09 03:18:12,030 | INFO | 	                      (33, 0),
[92mINFO [0m:      	                      (34, 0),
2026-07-09 03:18:12,030 | INFO | 	                      (34, 0),
[92mINFO [0m:      	                      (35, 11),
2026-07-09 03:18:12,030 | INFO | 	                      (35, 11),
[92mINFO [0m:      	                      (36, 0),
2026-07-09 03:18:12,030 | INFO | 	                      (36, 0),
[92mINFO [0m:      	                      (37, 0),
2026-07-09 03:18:12,030 | INFO | 	                      (37, 0),
[92mINFO [0m:      	                      (38, 0),
2026-07-09 03:18:12,030 | INFO | 	                      (38, 0),
[92mINFO [0m:      	                      (39, 0),
2026-07-09 03:18:12,030 | INFO | 	                      (39, 0),
[92mINFO [0m:      	                      (40, 12),
2026-07-09 03:18:12,030 | INFO | 	                      (40, 12),
[92mINFO [0m:      	                      (41, 0),
2026-07-09 03:18:12,030 | INFO | 	                      (41, 0),
[92mINFO [0m:      	                      (42, 0),
2026-07-09 03:18:12,030 | INFO | 	                      (42, 0),
[92mINFO [0m:      	                      (43, 0),
2026-07-09 03:18:12,030 | INFO | 	                      (43, 0),
[92mINFO [0m:      	                      (44, 0),
2026-07-09 03:18:12,030 | INFO | 	                      (44, 0),
[92mINFO [0m:      	                      (45, 12),
2026-07-09 03:18:12,030 | INFO | 	                      (45, 12),
[92mINFO [0m:      	                      (46, 0),
2026-07-09 03:18:12,030 | INFO | 	                      (46, 0),
[92mINFO [0m:      	                      (47, 0),
2026-07-09 03:18:12,030 | INFO | 	                      (47, 0),
[92mINFO [0m:      	                      (48, 0),
2026-07-09 03:18:12,030 | INFO | 	                      (48, 0),
[92mINFO [0m:      	                      (49, 0),
2026-07-09 03:18:12,030 | INFO | 	                      (49, 0),
[92mINFO [0m:      	                      (50, 13),
2026-07-09 03:18:12,030 | INFO | 	                      (50, 13),
[92mINFO [0m:      	                      (51, 0),
2026-07-09 03:18:12,030 | INFO | 	                      (51, 0),
[92mINFO [0m:      	                      (52, 0),
2026-07-09 03:18:12,030 | INFO | 	                      (52, 0),
[92mINFO [0m:      	                      (53, 0),
2026-07-09 03:18:12,030 | INFO | 	                      (53, 0),
[92mINFO [0m:      	                      (54, 0),
2026-07-09 03:18:12,030 | INFO | 	                      (54, 0),
[92mINFO [0m:      	                      (55, 13),
2026-07-09 03:18:12,030 | INFO | 	                      (55, 13),
[92mINFO [0m:      	                      (56, 0),
2026-07-09 03:18:12,030 | INFO | 	                      (56, 0),
[92mINFO [0m:      	                      (57, 0),
2026-07-09 03:18:12,030 | INFO | 	                      (57, 0),
[92mINFO [0m:      	                      (58, 0),
2026-07-09 03:18:12,030 | INFO | 	                      (58, 0),
[92mINFO [0m:      	                      (59, 0),
2026-07-09 03:18:12,031 | INFO | 	                      (59, 0),
[92mINFO [0m:      	                      (60, 13)],
2026-07-09 03:18:12,031 | INFO | 	                      (60, 13)],
[92mINFO [0m:      	 'local_loss_max': [(5, 1.9618902206420898),
2026-07-09 03:18:12,031 | INFO | 	 'local_loss_max': [(5, 1.9618902206420898),
[92mINFO [0m:      	                    (10, 1.0599937438964844),
2026-07-09 03:18:12,031 | INFO | 	                    (10, 1.0599937438964844),
[92mINFO [0m:      	                    (15, 1.0375349521636963),
2026-07-09 03:18:12,031 | INFO | 	                    (15, 1.0375349521636963),
[92mINFO [0m:      	                    (20, 2.1293745040893555),
2026-07-09 03:18:12,031 | INFO | 	                    (20, 2.1293745040893555),
[92mINFO [0m:      	                    (25, 0.6201725959777832),
2026-07-09 03:18:12,031 | INFO | 	                    (25, 0.6201725959777832),
[92mINFO [0m:      	                    (30, 1.3078598181406658),
2026-07-09 03:18:12,031 | INFO | 	                    (30, 1.3078598181406658),
[92mINFO [0m:      	                    (35, 0.4789807200431824),
2026-07-09 03:18:12,031 | INFO | 	                    (35, 0.4789807200431824),
[92mINFO [0m:      	                    (40, 0.6321107546488444),
2026-07-09 03:18:12,031 | INFO | 	                    (40, 0.6321107546488444),
[92mINFO [0m:      	                    (45, 0.5013045762714586),
2026-07-09 03:18:12,031 | INFO | 	                    (45, 0.5013045762714586),
[92mINFO [0m:      	                    (50, 0.6192053159077963),
2026-07-09 03:18:12,031 | INFO | 	                    (50, 0.6192053159077963),
[92mINFO [0m:      	                    (55, 0.6573437282017299),
2026-07-09 03:18:12,031 | INFO | 	                    (55, 0.6573437282017299),
[92mINFO [0m:      	                    (60, 0.6134163311549595)],
2026-07-09 03:18:12,031 | INFO | 	                    (60, 0.6134163311549595)],
[92mINFO [0m:      	 'local_loss_mean': [(5, 1.0719964805601219),
2026-07-09 03:18:12,031 | INFO | 	 'local_loss_mean': [(5, 1.0719964805601219),
[92mINFO [0m:      	                     (10, 0.6201187181755221),
2026-07-09 03:18:12,031 | INFO | 	                     (10, 0.6201187181755221),
[92mINFO [0m:      	                     (15, 0.4623016612436299),
2026-07-09 03:18:12,031 | INFO | 	                     (15, 0.4623016612436299),
[92mINFO [0m:      	                     (20, 0.5303094094165458),
2026-07-09 03:18:12,031 | INFO | 	                     (20, 0.5303094094165458),
[92mINFO [0m:      	                     (25, 0.2255651334665109),
2026-07-09 03:18:12,031 | INFO | 	                     (25, 0.2255651334665109),
[92mINFO [0m:      	                     (30, 0.29082373128485906),
2026-07-09 03:18:12,031 | INFO | 	                     (30, 0.29082373128485906),
[92mINFO [0m:      	                     (35, 0.17806309999427222),
2026-07-09 03:18:12,031 | INFO | 	                     (35, 0.17806309999427222),
[92mINFO [0m:      	                     (40, 0.23487194403018363),
2026-07-09 03:18:12,031 | INFO | 	                     (40, 0.23487194403018363),
[92mINFO [0m:      	                     (45, 0.15868857491707897),
2026-07-09 03:18:12,031 | INFO | 	                     (45, 0.15868857491707897),
[92mINFO [0m:      	                     (50, 0.16183225432134843),
2026-07-09 03:18:12,031 | INFO | 	                     (50, 0.16183225432134843),
[92mINFO [0m:      	                     (55, 0.18293260134026434),
2026-07-09 03:18:12,031 | INFO | 	                     (55, 0.18293260134026434),
[92mINFO [0m:      	                     (60, 0.11631904401747105)],
2026-07-09 03:18:12,031 | INFO | 	                     (60, 0.11631904401747105)],
[92mINFO [0m:      	 'local_loss_min': [(5, 0.34820384070986793),
2026-07-09 03:18:12,031 | INFO | 	 'local_loss_min': [(5, 0.34820384070986793),
[92mINFO [0m:      	                    (10, 0.3944477212840113),
2026-07-09 03:18:12,031 | INFO | 	                    (10, 0.3944477212840113),
[92mINFO [0m:      	                    (15, 0.060634693929127285),
2026-07-09 03:18:12,031 | INFO | 	                    (15, 0.060634693929127285),
[92mINFO [0m:      	                    (20, 0.11673240860303243),
2026-07-09 03:18:12,031 | INFO | 	                    (20, 0.11673240860303243),
[92mINFO [0m:      	                    (25, 0.03788456320762634),
2026-07-09 03:18:12,031 | INFO | 	                    (25, 0.03788456320762634),
[92mINFO [0m:      	                    (30, 0.022746621072292326),
2026-07-09 03:18:12,031 | INFO | 	                    (30, 0.022746621072292326),
[92mINFO [0m:      	                    (35, 0.013405194239956992),
2026-07-09 03:18:12,031 | INFO | 	                    (35, 0.013405194239956992),
[92mINFO [0m:      	                    (40, 0.03254114622357248),
2026-07-09 03:18:12,031 | INFO | 	                    (40, 0.03254114622357248),
[92mINFO [0m:      	                    (45, 0.0012625176459550858),
2026-07-09 03:18:12,031 | INFO | 	                    (45, 0.0012625176459550858),
[92mINFO [0m:      	                    (50, 0.006030610762536526),
2026-07-09 03:18:12,031 | INFO | 	                    (50, 0.006030610762536526),
[92mINFO [0m:      	                    (55, 0.013992857187986374),
2026-07-09 03:18:12,031 | INFO | 	                    (55, 0.013992857187986374),
[92mINFO [0m:      	                    (60, 0.0013299400452524424)],
2026-07-09 03:18:12,031 | INFO | 	                    (60, 0.0013299400452524424)],
[92mINFO [0m:      	 'local_loss_p50': [(5, 0.9821817352060687),
2026-07-09 03:18:12,031 | INFO | 	 'local_loss_p50': [(5, 0.9821817352060687),
[92mINFO [0m:      	                    (10, 0.5756476907169118),
2026-07-09 03:18:12,032 | INFO | 	                    (10, 0.5756476907169118),
[92mINFO [0m:      	                    (15, 0.5084257125854492),
2026-07-09 03:18:12,032 | INFO | 	                    (15, 0.5084257125854492),
[92mINFO [0m:      	                    (20, 0.41898250579833984),
2026-07-09 03:18:12,032 | INFO | 	                    (20, 0.41898250579833984),
[92mINFO [0m:      	                    (25, 0.18314250469207763),
2026-07-09 03:18:12,032 | INFO | 	                    (25, 0.18314250469207763),
[92mINFO [0m:      	                    (30, 0.2535788445245652),
2026-07-09 03:18:12,032 | INFO | 	                    (30, 0.2535788445245652),
[92mINFO [0m:      	                    (35, 0.1368736743927002),
2026-07-09 03:18:12,032 | INFO | 	                    (35, 0.1368736743927002),
[92mINFO [0m:      	                    (40, 0.20150358229875565),
2026-07-09 03:18:12,032 | INFO | 	                    (40, 0.20150358229875565),
[92mINFO [0m:      	                    (45, 0.07043377203600748),
2026-07-09 03:18:12,032 | INFO | 	                    (45, 0.07043377203600748),
[92mINFO [0m:      	                    (50, 0.10601038592202323),
2026-07-09 03:18:12,032 | INFO | 	                    (50, 0.10601038592202323),
[92mINFO [0m:      	                    (55, 0.18105234883048318),
2026-07-09 03:18:12,032 | INFO | 	                    (55, 0.18105234883048318),
[92mINFO [0m:      	                    (60, 0.022113212057062098)],
2026-07-09 03:18:12,032 | INFO | 	                    (60, 0.022113212057062098)],
[92mINFO [0m:      	 'local_loss_std': [(5, 0.48234313649716815),
2026-07-09 03:18:12,032 | INFO | 	 'local_loss_std': [(5, 0.48234313649716815),
[92mINFO [0m:      	                    (10, 0.18139124935800421),
2026-07-09 03:18:12,032 | INFO | 	                    (10, 0.18139124935800421),
[92mINFO [0m:      	                    (15, 0.316138241394688),
2026-07-09 03:18:12,032 | INFO | 	                    (15, 0.316138241394688),
[92mINFO [0m:      	                    (20, 0.4786070421442035),
2026-07-09 03:18:12,032 | INFO | 	                    (20, 0.4786070421442035),
[92mINFO [0m:      	                    (25, 0.1825065497201315),
2026-07-09 03:18:12,032 | INFO | 	                    (25, 0.1825065497201315),
[92mINFO [0m:      	                    (30, 0.3482253291705632),
2026-07-09 03:18:12,032 | INFO | 	                    (30, 0.3482253291705632),
[92mINFO [0m:      	                    (35, 0.14260422764088646),
2026-07-09 03:18:12,032 | INFO | 	                    (35, 0.14260422764088646),
[92mINFO [0m:      	                    (40, 0.16967008700094025),
2026-07-09 03:18:12,032 | INFO | 	                    (40, 0.16967008700094025),
[92mINFO [0m:      	                    (45, 0.1761875972265516),
2026-07-09 03:18:12,032 | INFO | 	                    (45, 0.1761875972265516),
[92mINFO [0m:      	                    (50, 0.1875934720512555),
2026-07-09 03:18:12,032 | INFO | 	                    (50, 0.1875934720512555),
[92mINFO [0m:      	                    (55, 0.16390606604333205),
2026-07-09 03:18:12,032 | INFO | 	                    (55, 0.16390606604333205),
[92mINFO [0m:      	                    (60, 0.17167626137250414)],
2026-07-09 03:18:12,032 | INFO | 	                    (60, 0.17167626137250414)],
[92mINFO [0m:      	 'local_loss_weighted': [(5, 0.8254016577904226),
2026-07-09 03:18:12,032 | INFO | 	 'local_loss_weighted': [(5, 0.8254016577904226),
[92mINFO [0m:      	                         (10, 0.6369692234308246),
2026-07-09 03:18:12,032 | INFO | 	                         (10, 0.6369692234308246),
[92mINFO [0m:      	                         (15, 0.35906660100819576),
2026-07-09 03:18:12,032 | INFO | 	                         (15, 0.35906660100819576),
[92mINFO [0m:      	                         (20, 0.3588845679656226),
2026-07-09 03:18:12,032 | INFO | 	                         (20, 0.3588845679656226),
[92mINFO [0m:      	                         (25, 0.2125740494165597),
2026-07-09 03:18:12,032 | INFO | 	                         (25, 0.2125740494165597),
[92mINFO [0m:      	                         (30, 0.24426721550638947),
2026-07-09 03:18:12,032 | INFO | 	                         (30, 0.24426721550638947),
[92mINFO [0m:      	                         (35, 0.19818224720851932),
2026-07-09 03:18:12,032 | INFO | 	                         (35, 0.19818224720851932),
[92mINFO [0m:      	                         (40, 0.16689553111385422),
2026-07-09 03:18:12,032 | INFO | 	                         (40, 0.16689553111385422),
[92mINFO [0m:      	                         (45, 0.20433145559003474),
2026-07-09 03:18:12,032 | INFO | 	                         (45, 0.20433145559003474),
[92mINFO [0m:      	                         (50, 0.19884344460919295),
2026-07-09 03:18:12,032 | INFO | 	                         (50, 0.19884344460919295),
[92mINFO [0m:      	                         (55, 0.21162519086157616),
2026-07-09 03:18:12,032 | INFO | 	                         (55, 0.21162519086157616),
[92mINFO [0m:      	                         (60, 0.13295054412465285)],
2026-07-09 03:18:12,032 | INFO | 	                         (60, 0.13295054412465285)],
[92mINFO [0m:      	 'local_nll_mean': [(5, 1.0719964805601219),
2026-07-09 03:18:12,032 | INFO | 	 'local_nll_mean': [(5, 1.0719964805601219),
[92mINFO [0m:      	                    (10, 0.6201187181755221),
2026-07-09 03:18:12,032 | INFO | 	                    (10, 0.6201187181755221),
[92mINFO [0m:      	                    (15, 0.4623016612436299),
2026-07-09 03:18:12,032 | INFO | 	                    (15, 0.4623016612436299),
[92mINFO [0m:      	                    (20, 0.5303094094165458),
2026-07-09 03:18:12,033 | INFO | 	                    (20, 0.5303094094165458),
[92mINFO [0m:      	                    (25, 0.2255651334665109),
2026-07-09 03:18:12,033 | INFO | 	                    (25, 0.2255651334665109),
[92mINFO [0m:      	                    (30, 0.29082373128485906),
2026-07-09 03:18:12,033 | INFO | 	                    (30, 0.29082373128485906),
[92mINFO [0m:      	                    (35, 0.17806309999427222),
2026-07-09 03:18:12,033 | INFO | 	                    (35, 0.17806309999427222),
[92mINFO [0m:      	                    (40, 0.23487194403018363),
2026-07-09 03:18:12,033 | INFO | 	                    (40, 0.23487194403018363),
[92mINFO [0m:      	                    (45, 0.15868857491707897),
2026-07-09 03:18:12,033 | INFO | 	                    (45, 0.15868857491707897),
[92mINFO [0m:      	                    (50, 0.16183225432134843),
2026-07-09 03:18:12,033 | INFO | 	                    (50, 0.16183225432134843),
[92mINFO [0m:      	                    (55, 0.18293260134026434),
2026-07-09 03:18:12,033 | INFO | 	                    (55, 0.18293260134026434),
[92mINFO [0m:      	                    (60, 0.11631904401747105)],
2026-07-09 03:18:12,033 | INFO | 	                    (60, 0.11631904401747105)],
[92mINFO [0m:      	 'local_nll_std': [(5, 0.48234313649716815),
2026-07-09 03:18:12,033 | INFO | 	 'local_nll_std': [(5, 0.48234313649716815),
[92mINFO [0m:      	                   (10, 0.18139124935800421),
2026-07-09 03:18:12,033 | INFO | 	                   (10, 0.18139124935800421),
[92mINFO [0m:      	                   (15, 0.316138241394688),
2026-07-09 03:18:12,033 | INFO | 	                   (15, 0.316138241394688),
[92mINFO [0m:      	                   (20, 0.4786070421442035),
2026-07-09 03:18:12,033 | INFO | 	                   (20, 0.4786070421442035),
[92mINFO [0m:      	                   (25, 0.1825065497201315),
2026-07-09 03:18:12,033 | INFO | 	                   (25, 0.1825065497201315),
[92mINFO [0m:      	                   (30, 0.3482253291705632),
2026-07-09 03:18:12,033 | INFO | 	                   (30, 0.3482253291705632),
[92mINFO [0m:      	                   (35, 0.14260422764088646),
2026-07-09 03:18:12,033 | INFO | 	                   (35, 0.14260422764088646),
[92mINFO [0m:      	                   (40, 0.16967008700094025),
2026-07-09 03:18:12,033 | INFO | 	                   (40, 0.16967008700094025),
[92mINFO [0m:      	                   (45, 0.1761875972265516),
2026-07-09 03:18:12,033 | INFO | 	                   (45, 0.1761875972265516),
[92mINFO [0m:      	                   (50, 0.1875934720512555),
2026-07-09 03:18:12,033 | INFO | 	                   (50, 0.1875934720512555),
[92mINFO [0m:      	                   (55, 0.16390606604333205),
2026-07-09 03:18:12,033 | INFO | 	                   (55, 0.16390606604333205),
[92mINFO [0m:      	                   (60, 0.17167626137250414)],
2026-07-09 03:18:12,033 | INFO | 	                   (60, 0.17167626137250414)],
[92mINFO [0m:      	 'num_fit_failures': [(1, 0),
2026-07-09 03:18:12,033 | INFO | 	 'num_fit_failures': [(1, 0),
[92mINFO [0m:      	                      (2, 0),
2026-07-09 03:18:12,033 | INFO | 	                      (2, 0),
[92mINFO [0m:      	                      (3, 0),
2026-07-09 03:18:12,033 | INFO | 	                      (3, 0),
[92mINFO [0m:      	                      (4, 0),
2026-07-09 03:18:12,033 | INFO | 	                      (4, 0),
[92mINFO [0m:      	                      (5, 0),
2026-07-09 03:18:12,033 | INFO | 	                      (5, 0),
[92mINFO [0m:      	                      (6, 0),
2026-07-09 03:18:12,033 | INFO | 	                      (6, 0),
[92mINFO [0m:      	                      (7, 0),
2026-07-09 03:18:12,033 | INFO | 	                      (7, 0),
[92mINFO [0m:      	                      (8, 0),
2026-07-09 03:18:12,033 | INFO | 	                      (8, 0),
[92mINFO [0m:      	                      (9, 0),
2026-07-09 03:18:12,033 | INFO | 	                      (9, 0),
[92mINFO [0m:      	                      (10, 0),
2026-07-09 03:18:12,033 | INFO | 	                      (10, 0),
[92mINFO [0m:      	                      (11, 0),
2026-07-09 03:18:12,033 | INFO | 	                      (11, 0),
[92mINFO [0m:      	                      (12, 0),
2026-07-09 03:18:12,033 | INFO | 	                      (12, 0),
[92mINFO [0m:      	                      (13, 0),
2026-07-09 03:18:12,033 | INFO | 	                      (13, 0),
[92mINFO [0m:      	                      (14, 0),
2026-07-09 03:18:12,033 | INFO | 	                      (14, 0),
[92mINFO [0m:      	                      (15, 0),
2026-07-09 03:18:12,033 | INFO | 	                      (15, 0),
[92mINFO [0m:      	                      (16, 0),
2026-07-09 03:18:12,033 | INFO | 	                      (16, 0),
[92mINFO [0m:      	                      (17, 0),
2026-07-09 03:18:12,033 | INFO | 	                      (17, 0),
[92mINFO [0m:      	                      (18, 0),
2026-07-09 03:18:12,033 | INFO | 	                      (18, 0),
[92mINFO [0m:      	                      (19, 0),
2026-07-09 03:18:12,034 | INFO | 	                      (19, 0),
[92mINFO [0m:      	                      (20, 0),
2026-07-09 03:18:12,034 | INFO | 	                      (20, 0),
[92mINFO [0m:      	                      (21, 0),
2026-07-09 03:18:12,034 | INFO | 	                      (21, 0),
[92mINFO [0m:      	                      (22, 0),
2026-07-09 03:18:12,034 | INFO | 	                      (22, 0),
[92mINFO [0m:      	                      (23, 0),
2026-07-09 03:18:12,034 | INFO | 	                      (23, 0),
[92mINFO [0m:      	                      (24, 0),
2026-07-09 03:18:12,034 | INFO | 	                      (24, 0),
[92mINFO [0m:      	                      (25, 0),
2026-07-09 03:18:12,034 | INFO | 	                      (25, 0),
[92mINFO [0m:      	                      (26, 0),
2026-07-09 03:18:12,034 | INFO | 	                      (26, 0),
[92mINFO [0m:      	                      (27, 0),
2026-07-09 03:18:12,034 | INFO | 	                      (27, 0),
[92mINFO [0m:      	                      (28, 0),
2026-07-09 03:18:12,034 | INFO | 	                      (28, 0),
[92mINFO [0m:      	                      (29, 0),
2026-07-09 03:18:12,034 | INFO | 	                      (29, 0),
[92mINFO [0m:      	                      (30, 0),
2026-07-09 03:18:12,034 | INFO | 	                      (30, 0),
[92mINFO [0m:      	                      (31, 0),
2026-07-09 03:18:12,034 | INFO | 	                      (31, 0),
[92mINFO [0m:      	                      (32, 0),
2026-07-09 03:18:12,034 | INFO | 	                      (32, 0),
[92mINFO [0m:      	                      (33, 0),
2026-07-09 03:18:12,034 | INFO | 	                      (33, 0),
[92mINFO [0m:      	                      (34, 0),
2026-07-09 03:18:12,034 | INFO | 	                      (34, 0),
[92mINFO [0m:      	                      (35, 0),
2026-07-09 03:18:12,034 | INFO | 	                      (35, 0),
[92mINFO [0m:      	                      (36, 0),
2026-07-09 03:18:12,034 | INFO | 	                      (36, 0),
[92mINFO [0m:      	                      (37, 0),
2026-07-09 03:18:12,034 | INFO | 	                      (37, 0),
[92mINFO [0m:      	                      (38, 0),
2026-07-09 03:18:12,034 | INFO | 	                      (38, 0),
[92mINFO [0m:      	                      (39, 0),
2026-07-09 03:18:12,034 | INFO | 	                      (39, 0),
[92mINFO [0m:      	                      (40, 0),
2026-07-09 03:18:12,034 | INFO | 	                      (40, 0),
[92mINFO [0m:      	                      (41, 0),
2026-07-09 03:18:12,034 | INFO | 	                      (41, 0),
[92mINFO [0m:      	                      (42, 0),
2026-07-09 03:18:12,034 | INFO | 	                      (42, 0),
[92mINFO [0m:      	                      (43, 0),
2026-07-09 03:18:12,034 | INFO | 	                      (43, 0),
[92mINFO [0m:      	                      (44, 0),
2026-07-09 03:18:12,034 | INFO | 	                      (44, 0),
[92mINFO [0m:      	                      (45, 0),
2026-07-09 03:18:12,034 | INFO | 	                      (45, 0),
[92mINFO [0m:      	                      (46, 0),
2026-07-09 03:18:12,034 | INFO | 	                      (46, 0),
[92mINFO [0m:      	                      (47, 0),
2026-07-09 03:18:12,034 | INFO | 	                      (47, 0),
[92mINFO [0m:      	                      (48, 0),
2026-07-09 03:18:12,034 | INFO | 	                      (48, 0),
[92mINFO [0m:      	                      (49, 0),
2026-07-09 03:18:12,034 | INFO | 	                      (49, 0),
[92mINFO [0m:      	                      (50, 0),
2026-07-09 03:18:12,034 | INFO | 	                      (50, 0),
[92mINFO [0m:      	                      (51, 0),
2026-07-09 03:18:12,034 | INFO | 	                      (51, 0),
[92mINFO [0m:      	                      (52, 0),
2026-07-09 03:18:12,034 | INFO | 	                      (52, 0),
[92mINFO [0m:      	                      (53, 0),
2026-07-09 03:18:12,034 | INFO | 	                      (53, 0),
[92mINFO [0m:      	                      (54, 0),
2026-07-09 03:18:12,034 | INFO | 	                      (54, 0),
[92mINFO [0m:      	                      (55, 0),
2026-07-09 03:18:12,034 | INFO | 	                      (55, 0),
[92mINFO [0m:      	                      (56, 0),
2026-07-09 03:18:12,034 | INFO | 	                      (56, 0),
[92mINFO [0m:      	                      (57, 0),
2026-07-09 03:18:12,034 | INFO | 	                      (57, 0),
[92mINFO [0m:      	                      (58, 0),
2026-07-09 03:18:12,035 | INFO | 	                      (58, 0),
[92mINFO [0m:      	                      (59, 0),
2026-07-09 03:18:12,035 | INFO | 	                      (59, 0),
[92mINFO [0m:      	                      (60, 0)],
2026-07-09 03:18:12,035 | INFO | 	                      (60, 0)],
[92mINFO [0m:      	 'posterior_product_mu_norm': [(1, 6.865787495376117),
2026-07-09 03:18:12,035 | INFO | 	 'posterior_product_mu_norm': [(1, 6.865787495376117),
[92mINFO [0m:      	                               (2, 6.9608043957987675),
2026-07-09 03:18:12,035 | INFO | 	                               (2, 6.9608043957987675),
[92mINFO [0m:      	                               (3, 7.023517616113432),
2026-07-09 03:18:12,035 | INFO | 	                               (3, 7.023517616113432),
[92mINFO [0m:      	                               (4, 7.125855383668814),
2026-07-09 03:18:12,035 | INFO | 	                               (4, 7.125855383668814),
[92mINFO [0m:      	                               (5, 7.200852507833338),
2026-07-09 03:18:12,035 | INFO | 	                               (5, 7.200852507833338),
[92mINFO [0m:      	                               (6, 7.285292702446158),
2026-07-09 03:18:12,035 | INFO | 	                               (6, 7.285292702446158),
[92mINFO [0m:      	                               (7, 7.377329716492536),
2026-07-09 03:18:12,035 | INFO | 	                               (7, 7.377329716492536),
[92mINFO [0m:      	                               (8, 7.477325289975192),
2026-07-09 03:18:12,035 | INFO | 	                               (8, 7.477325289975192),
[92mINFO [0m:      	                               (9, 7.56805640370589),
2026-07-09 03:18:12,035 | INFO | 	                               (9, 7.56805640370589),
[92mINFO [0m:      	                               (10, 7.628743921139942),
2026-07-09 03:18:12,035 | INFO | 	                               (10, 7.628743921139942),
[92mINFO [0m:      	                               (11, 7.714105594712966),
2026-07-09 03:18:12,035 | INFO | 	                               (11, 7.714105594712966),
[92mINFO [0m:      	                               (12, 7.79562081922386),
2026-07-09 03:18:12,035 | INFO | 	                               (12, 7.79562081922386),
[92mINFO [0m:      	                               (13, 7.852664380135982),
2026-07-09 03:18:12,035 | INFO | 	                               (13, 7.852664380135982),
[92mINFO [0m:      	                               (14, 7.942779363133878),
2026-07-09 03:18:12,035 | INFO | 	                               (14, 7.942779363133878),
[92mINFO [0m:      	                               (15, 8.021808394318882),
2026-07-09 03:18:12,035 | INFO | 	                               (15, 8.021808394318882),
[92mINFO [0m:      	                               (16, 8.180968943663158),
2026-07-09 03:18:12,035 | INFO | 	                               (16, 8.180968943663158),
[92mINFO [0m:      	                               (17, 8.249428436486221),
2026-07-09 03:18:12,035 | INFO | 	                               (17, 8.249428436486221),
[92mINFO [0m:      	                               (18, 8.333424586921087),
2026-07-09 03:18:12,035 | INFO | 	                               (18, 8.333424586921087),
[92mINFO [0m:      	                               (19, 8.414589145375164),
2026-07-09 03:18:12,035 | INFO | 	                               (19, 8.414589145375164),
[92mINFO [0m:      	                               (20, 8.49407779985189),
2026-07-09 03:18:12,035 | INFO | 	                               (20, 8.49407779985189),
[92mINFO [0m:      	                               (21, 8.605701766480399),
2026-07-09 03:18:12,035 | INFO | 	                               (21, 8.605701766480399),
[92mINFO [0m:      	                               (22, 8.703978469622527),
2026-07-09 03:18:12,035 | INFO | 	                               (22, 8.703978469622527),
[92mINFO [0m:      	                               (23, 8.788683144745553),
2026-07-09 03:18:12,035 | INFO | 	                               (23, 8.788683144745553),
[92mINFO [0m:      	                               (24, 8.886997321720251),
2026-07-09 03:18:12,035 | INFO | 	                               (24, 8.886997321720251),
[92mINFO [0m:      	                               (25, 8.969293589897381),
2026-07-09 03:18:12,035 | INFO | 	                               (25, 8.969293589897381),
[92mINFO [0m:      	                               (26, 9.051935510501647),
2026-07-09 03:18:12,035 | INFO | 	                               (26, 9.051935510501647),
[92mINFO [0m:      	                               (27, 9.150735893224379),
2026-07-09 03:18:12,035 | INFO | 	                               (27, 9.150735893224379),
[92mINFO [0m:      	                               (28, 9.290847568611946),
2026-07-09 03:18:12,035 | INFO | 	                               (28, 9.290847568611946),
[92mINFO [0m:      	                               (29, 9.396661051783786),
2026-07-09 03:18:12,035 | INFO | 	                               (29, 9.396661051783786),
[92mINFO [0m:      	                               (30, 9.493367296466296),
2026-07-09 03:18:12,035 | INFO | 	                               (30, 9.493367296466296),
[92mINFO [0m:      	                               (31, 9.559171877413917),
2026-07-09 03:18:12,035 | INFO | 	                               (31, 9.559171877413917),
[92mINFO [0m:      	                               (32, 9.641623311004796),
2026-07-09 03:18:12,035 | INFO | 	                               (32, 9.641623311004796),
[92mINFO [0m:      	                               (33, 9.71554186211649),
2026-07-09 03:18:12,035 | INFO | 	                               (33, 9.71554186211649),
[92mINFO [0m:      	                               (34, 9.786430797972725),
2026-07-09 03:18:12,035 | INFO | 	                               (34, 9.786430797972725),
[92mINFO [0m:      	                               (35, 9.914624591123104),
2026-07-09 03:18:12,035 | INFO | 	                               (35, 9.914624591123104),
[92mINFO [0m:      	                               (36, 9.997498493263587),
2026-07-09 03:18:12,036 | INFO | 	                               (36, 9.997498493263587),
[92mINFO [0m:      	                               (37, 10.059885418338967),
2026-07-09 03:18:12,036 | INFO | 	                               (37, 10.059885418338967),
[92mINFO [0m:      	                               (38, 10.135640950752496),
2026-07-09 03:18:12,036 | INFO | 	                               (38, 10.135640950752496),
[92mINFO [0m:      	                               (39, 10.210177101732468),
2026-07-09 03:18:12,036 | INFO | 	                               (39, 10.210177101732468),
[92mINFO [0m:      	                               (40, 10.286989155950977),
2026-07-09 03:18:12,036 | INFO | 	                               (40, 10.286989155950977),
[92mINFO [0m:      	                               (41, 10.359487354250062),
2026-07-09 03:18:12,036 | INFO | 	                               (41, 10.359487354250062),
[92mINFO [0m:      	                               (42, 10.478376593622107),
2026-07-09 03:18:12,036 | INFO | 	                               (42, 10.478376593622107),
[92mINFO [0m:      	                               (43, 10.562868275578547),
2026-07-09 03:18:12,036 | INFO | 	                               (43, 10.562868275578547),
[92mINFO [0m:      	                               (44, 10.676242867492622),
2026-07-09 03:18:12,036 | INFO | 	                               (44, 10.676242867492622),
[92mINFO [0m:      	                               (45, 10.8032296410869),
2026-07-09 03:18:12,036 | INFO | 	                               (45, 10.8032296410869),
[92mINFO [0m:      	                               (46, 10.92467874201883),
2026-07-09 03:18:12,036 | INFO | 	                               (46, 10.92467874201883),
[92mINFO [0m:      	                               (47, 11.009418121278472),
2026-07-09 03:18:12,036 | INFO | 	                               (47, 11.009418121278472),
[92mINFO [0m:      	                               (48, 11.084269946812238),
2026-07-09 03:18:12,036 | INFO | 	                               (48, 11.084269946812238),
[92mINFO [0m:      	                               (49, 11.154508209644906),
2026-07-09 03:18:12,036 | INFO | 	                               (49, 11.154508209644906),
[92mINFO [0m:      	                               (50, 11.238579480985807),
2026-07-09 03:18:12,036 | INFO | 	                               (50, 11.238579480985807),
[92mINFO [0m:      	                               (51, 11.320277145371751),
2026-07-09 03:18:12,036 | INFO | 	                               (51, 11.320277145371751),
[92mINFO [0m:      	                               (52, 11.435775193754658),
2026-07-09 03:18:12,036 | INFO | 	                               (52, 11.435775193754658),
[92mINFO [0m:      	                               (53, 11.522844544614973),
2026-07-09 03:18:12,036 | INFO | 	                               (53, 11.522844544614973),
[92mINFO [0m:      	                               (54, 11.597512024533446),
2026-07-09 03:18:12,036 | INFO | 	                               (54, 11.597512024533446),
[92mINFO [0m:      	                               (55, 11.689512718985789),
2026-07-09 03:18:12,036 | INFO | 	                               (55, 11.689512718985789),
[92mINFO [0m:      	                               (56, 11.789802584665704),
2026-07-09 03:18:12,036 | INFO | 	                               (56, 11.789802584665704),
[92mINFO [0m:      	                               (57, 11.877855560132568),
2026-07-09 03:18:12,036 | INFO | 	                               (57, 11.877855560132568),
[92mINFO [0m:      	                               (58, 11.945353092520666),
2026-07-09 03:18:12,036 | INFO | 	                               (58, 11.945353092520666),
[92mINFO [0m:      	                               (59, 12.014655046176397),
2026-07-09 03:18:12,036 | INFO | 	                               (59, 12.014655046176397),
[92mINFO [0m:      	                               (60, 12.081778355107165)],
2026-07-09 03:18:12,036 | INFO | 	                               (60, 12.081778355107165)],
[92mINFO [0m:      	 'posterior_product_precision_mean': [(1, 2439.93359375),
2026-07-09 03:18:12,036 | INFO | 	 'posterior_product_precision_mean': [(1, 2439.93359375),
[92mINFO [0m:      	                                      (2, 2381.640625),
2026-07-09 03:18:12,036 | INFO | 	                                      (2, 2381.640625),
[92mINFO [0m:      	                                      (3, 2329.255126953125),
2026-07-09 03:18:12,036 | INFO | 	                                      (3, 2329.255126953125),
[92mINFO [0m:      	                                      (4, 2271.9482421875),
2026-07-09 03:18:12,036 | INFO | 	                                      (4, 2271.9482421875),
[92mINFO [0m:      	                                      (5, 2223.162109375),
2026-07-09 03:18:12,036 | INFO | 	                                      (5, 2223.162109375),
[92mINFO [0m:      	                                      (6, 2170.340576171875),
2026-07-09 03:18:12,036 | INFO | 	                                      (6, 2170.340576171875),
[92mINFO [0m:      	                                      (7, 2114.474365234375),
2026-07-09 03:18:12,036 | INFO | 	                                      (7, 2114.474365234375),
[92mINFO [0m:      	                                      (8, 2062.440673828125),
2026-07-09 03:18:12,036 | INFO | 	                                      (8, 2062.440673828125),
[92mINFO [0m:      	                                      (9, 2017.0845947265625),
2026-07-09 03:18:12,036 | INFO | 	                                      (9, 2017.0845947265625),
[92mINFO [0m:      	                                      (10, 1970.01220703125),
2026-07-09 03:18:12,036 | INFO | 	                                      (10, 1970.01220703125),
[92mINFO [0m:      	                                      (11, 1920.5260009765625),
2026-07-09 03:18:12,036 | INFO | 	                                      (11, 1920.5260009765625),
[92mINFO [0m:      	                                      (12, 1876.8194580078125),
2026-07-09 03:18:12,036 | INFO | 	                                      (12, 1876.8194580078125),
[92mINFO [0m:      	                                      (13, 1837.69775390625),
2026-07-09 03:18:12,036 | INFO | 	                                      (13, 1837.69775390625),
[92mINFO [0m:      	                                      (14, 1799.7674560546875),
2026-07-09 03:18:12,037 | INFO | 	                                      (14, 1799.7674560546875),
[92mINFO [0m:      	                                      (15, 1761.0023193359375),
2026-07-09 03:18:12,037 | INFO | 	                                      (15, 1761.0023193359375),
[92mINFO [0m:      	                                      (16, 1717.4593505859375),
2026-07-09 03:18:12,037 | INFO | 	                                      (16, 1717.4593505859375),
[92mINFO [0m:      	                                      (17, 1678.2091064453125),
2026-07-09 03:18:12,037 | INFO | 	                                      (17, 1678.2091064453125),
[92mINFO [0m:      	                                      (18, 1639.518310546875),
2026-07-09 03:18:12,037 | INFO | 	                                      (18, 1639.518310546875),
[92mINFO [0m:      	                                      (19, 1600.0672607421875),
2026-07-09 03:18:12,037 | INFO | 	                                      (19, 1600.0672607421875),
[92mINFO [0m:      	                                      (20, 1561.346923828125),
2026-07-09 03:18:12,037 | INFO | 	                                      (20, 1561.346923828125),
[92mINFO [0m:      	                                      (21, 1520.7955322265625),
2026-07-09 03:18:12,037 | INFO | 	                                      (21, 1520.7955322265625),
[92mINFO [0m:      	                                      (22, 1489.3753662109375),
2026-07-09 03:18:12,037 | INFO | 	                                      (22, 1489.3753662109375),
[92mINFO [0m:      	                                      (23, 1456.6373291015625),
2026-07-09 03:18:12,037 | INFO | 	                                      (23, 1456.6373291015625),
[92mINFO [0m:      	                                      (24, 1417.933349609375),
2026-07-09 03:18:12,037 | INFO | 	                                      (24, 1417.933349609375),
[92mINFO [0m:      	                                      (25, 1384.71728515625),
2026-07-09 03:18:12,037 | INFO | 	                                      (25, 1384.71728515625),
[92mINFO [0m:      	                                      (26, 1354.282958984375),
2026-07-09 03:18:12,037 | INFO | 	                                      (26, 1354.282958984375),
[92mINFO [0m:      	                                      (27, 1320.11962890625),
2026-07-09 03:18:12,037 | INFO | 	                                      (27, 1320.11962890625),
[92mINFO [0m:      	                                      (28, 1286.5172119140625),
2026-07-09 03:18:12,037 | INFO | 	                                      (28, 1286.5172119140625),
[92mINFO [0m:      	                                      (29, 1254.1109619140625),
2026-07-09 03:18:12,037 | INFO | 	                                      (29, 1254.1109619140625),
[92mINFO [0m:      	                                      (30, 1224.69091796875),
2026-07-09 03:18:12,037 | INFO | 	                                      (30, 1224.69091796875),
[92mINFO [0m:      	                                      (31, 1195.2945556640625),
2026-07-09 03:18:12,037 | INFO | 	                                      (31, 1195.2945556640625),
[92mINFO [0m:      	                                      (32, 1163.922119140625),
2026-07-09 03:18:12,037 | INFO | 	                                      (32, 1163.922119140625),
[92mINFO [0m:      	                                      (33, 1134.6719970703125),
2026-07-09 03:18:12,037 | INFO | 	                                      (33, 1134.6719970703125),
[92mINFO [0m:      	                                      (34, 1104.299072265625),
2026-07-09 03:18:12,037 | INFO | 	                                      (34, 1104.299072265625),
[92mINFO [0m:      	                                      (35, 1076.4075927734375),
2026-07-09 03:18:12,037 | INFO | 	                                      (35, 1076.4075927734375),
[92mINFO [0m:      	                                      (36, 1053.10498046875),
2026-07-09 03:18:12,037 | INFO | 	                                      (36, 1053.10498046875),
[92mINFO [0m:      	                                      (37, 1025.6068115234375),
2026-07-09 03:18:12,037 | INFO | 	                                      (37, 1025.6068115234375),
[92mINFO [0m:      	                                      (38, 999.5218505859375),
2026-07-09 03:18:12,037 | INFO | 	                                      (38, 999.5218505859375),
[92mINFO [0m:      	                                      (39, 974.1918334960938),
2026-07-09 03:18:12,037 | INFO | 	                                      (39, 974.1918334960938),
[92mINFO [0m:      	                                      (40, 949.9722290039062),
2026-07-09 03:18:12,037 | INFO | 	                                      (40, 949.9722290039062),
[92mINFO [0m:      	                                      (41, 927.582763671875),
2026-07-09 03:18:12,037 | INFO | 	                                      (41, 927.582763671875),
[92mINFO [0m:      	                                      (42, 904.1895141601562),
2026-07-09 03:18:12,037 | INFO | 	                                      (42, 904.1895141601562),
[92mINFO [0m:      	                                      (43, 880.458984375),
2026-07-09 03:18:12,037 | INFO | 	                                      (43, 880.458984375),
[92mINFO [0m:      	                                      (44, 858.8261108398438),
2026-07-09 03:18:12,037 | INFO | 	                                      (44, 858.8261108398438),
[92mINFO [0m:      	                                      (45, 838.4011840820312),
2026-07-09 03:18:12,037 | INFO | 	                                      (45, 838.4011840820312),
[92mINFO [0m:      	                                      (46, 817.2539672851562),
2026-07-09 03:18:12,037 | INFO | 	                                      (46, 817.2539672851562),
[92mINFO [0m:      	                                      (47, 796.20166015625),
2026-07-09 03:18:12,037 | INFO | 	                                      (47, 796.20166015625),
[92mINFO [0m:      	                                      (48, 775.2694091796875),
2026-07-09 03:18:12,037 | INFO | 	                                      (48, 775.2694091796875),
[92mINFO [0m:      	                                      (49, 755.6200561523438),
2026-07-09 03:18:12,037 | INFO | 	                                      (49, 755.6200561523438),
[92mINFO [0m:      	                                      (50, 738.146240234375),
2026-07-09 03:18:12,037 | INFO | 	                                      (50, 738.146240234375),
[92mINFO [0m:      	                                      (51, 721.0753784179688),
2026-07-09 03:18:12,037 | INFO | 	                                      (51, 721.0753784179688),
[92mINFO [0m:      	                                      (52, 703.1991577148438),
2026-07-09 03:18:12,037 | INFO | 	                                      (52, 703.1991577148438),
[92mINFO [0m:      	                                      (53, 686.372314453125),
2026-07-09 03:18:12,037 | INFO | 	                                      (53, 686.372314453125),
[92mINFO [0m:      	                                      (54, 669.46533203125),
2026-07-09 03:18:12,038 | INFO | 	                                      (54, 669.46533203125),
[92mINFO [0m:      	                                      (55, 652.664794921875),
2026-07-09 03:18:12,038 | INFO | 	                                      (55, 652.664794921875),
[92mINFO [0m:      	                                      (56, 637.4736328125),
2026-07-09 03:18:12,038 | INFO | 	                                      (56, 637.4736328125),
[92mINFO [0m:      	                                      (57, 621.879638671875),
2026-07-09 03:18:12,038 | INFO | 	                                      (57, 621.879638671875),
[92mINFO [0m:      	                                      (58, 607.0621337890625),
2026-07-09 03:18:12,038 | INFO | 	                                      (58, 607.0621337890625),
[92mINFO [0m:      	                                      (59, 591.0447387695312),
2026-07-09 03:18:12,038 | INFO | 	                                      (59, 591.0447387695312),
[92mINFO [0m:      	                                      (60, 577.755859375)],
2026-07-09 03:18:12,038 | INFO | 	                                      (60, 577.755859375)],
[92mINFO [0m:      	 'posterior_product_precision_std': [(1, 55.4909553527832),
2026-07-09 03:18:12,038 | INFO | 	 'posterior_product_precision_std': [(1, 55.4909553527832),
[92mINFO [0m:      	                                     (2, 89.00182342529297),
2026-07-09 03:18:12,038 | INFO | 	                                     (2, 89.00182342529297),
[92mINFO [0m:      	                                     (3, 96.11187744140625),
2026-07-09 03:18:12,038 | INFO | 	                                     (3, 96.11187744140625),
[92mINFO [0m:      	                                     (4, 120.87644958496094),
2026-07-09 03:18:12,038 | INFO | 	                                     (4, 120.87644958496094),
[92mINFO [0m:      	                                     (5, 125.61795806884766),
2026-07-09 03:18:12,038 | INFO | 	                                     (5, 125.61795806884766),
[92mINFO [0m:      	                                     (6, 133.4339141845703),
2026-07-09 03:18:12,038 | INFO | 	                                     (6, 133.4339141845703),
[92mINFO [0m:      	                                     (7, 143.42181396484375),
2026-07-09 03:18:12,038 | INFO | 	                                     (7, 143.42181396484375),
[92mINFO [0m:      	                                     (8, 153.2476043701172),
2026-07-09 03:18:12,038 | INFO | 	                                     (8, 153.2476043701172),
[92mINFO [0m:      	                                     (9, 155.28170776367188),
2026-07-09 03:18:12,038 | INFO | 	                                     (9, 155.28170776367188),
[92mINFO [0m:      	                                     (10, 155.9710693359375),
2026-07-09 03:18:12,038 | INFO | 	                                     (10, 155.9710693359375),
[92mINFO [0m:      	                                     (11, 163.5697021484375),
2026-07-09 03:18:12,038 | INFO | 	                                     (11, 163.5697021484375),
[92mINFO [0m:      	                                     (12, 164.15011596679688),
2026-07-09 03:18:12,038 | INFO | 	                                     (12, 164.15011596679688),
[92mINFO [0m:      	                                     (13, 163.1273956298828),
2026-07-09 03:18:12,038 | INFO | 	                                     (13, 163.1273956298828),
[92mINFO [0m:      	                                     (14, 163.38340759277344),
2026-07-09 03:18:12,038 | INFO | 	                                     (14, 163.38340759277344),
[92mINFO [0m:      	                                     (15, 163.18743896484375),
2026-07-09 03:18:12,038 | INFO | 	                                     (15, 163.18743896484375),
[92mINFO [0m:      	                                     (16, 175.04217529296875),
2026-07-09 03:18:12,038 | INFO | 	                                     (16, 175.04217529296875),
[92mINFO [0m:      	                                     (17, 174.30393981933594),
2026-07-09 03:18:12,038 | INFO | 	                                     (17, 174.30393981933594),
[92mINFO [0m:      	                                     (18, 173.90220642089844),
2026-07-09 03:18:12,038 | INFO | 	                                     (18, 173.90220642089844),
[92mINFO [0m:      	                                     (19, 174.73715209960938),
2026-07-09 03:18:12,038 | INFO | 	                                     (19, 174.73715209960938),
[92mINFO [0m:      	                                     (20, 174.7938232421875),
2026-07-09 03:18:12,038 | INFO | 	                                     (20, 174.7938232421875),
[92mINFO [0m:      	                                     (21, 180.02830505371094),
2026-07-09 03:18:12,038 | INFO | 	                                     (21, 180.02830505371094),
[92mINFO [0m:      	                                     (22, 178.66224670410156),
2026-07-09 03:18:12,038 | INFO | 	                                     (22, 178.66224670410156),
[92mINFO [0m:      	                                     (23, 177.5241241455078),
2026-07-09 03:18:12,038 | INFO | 	                                     (23, 177.5241241455078),
[92mINFO [0m:      	                                     (24, 179.5123291015625),
2026-07-09 03:18:12,038 | INFO | 	                                     (24, 179.5123291015625),
[92mINFO [0m:      	                                     (25, 178.15733337402344),
2026-07-09 03:18:12,038 | INFO | 	                                     (25, 178.15733337402344),
[92mINFO [0m:      	                                     (26, 176.4247283935547),
2026-07-09 03:18:12,038 | INFO | 	                                     (26, 176.4247283935547),
[92mINFO [0m:      	                                     (27, 176.0557403564453),
2026-07-09 03:18:12,038 | INFO | 	                                     (27, 176.0557403564453),
[92mINFO [0m:      	                                     (28, 177.0711669921875),
2026-07-09 03:18:12,038 | INFO | 	                                     (28, 177.0711669921875),
[92mINFO [0m:      	                                     (29, 177.92262268066406),
2026-07-09 03:18:12,038 | INFO | 	                                     (29, 177.92262268066406),
[92mINFO [0m:      	                                     (30, 177.06137084960938),
2026-07-09 03:18:12,038 | INFO | 	                                     (30, 177.06137084960938),
[92mINFO [0m:      	                                     (31, 175.10992431640625),
2026-07-09 03:18:12,038 | INFO | 	                                     (31, 175.10992431640625),
[92mINFO [0m:      	                                     (32, 173.41165161132812),
2026-07-09 03:18:12,038 | INFO | 	                                     (32, 173.41165161132812),
[92mINFO [0m:      	                                     (33, 172.08692932128906),
2026-07-09 03:18:12,039 | INFO | 	                                     (33, 172.08692932128906),
[92mINFO [0m:      	                                     (34, 170.23472595214844),
2026-07-09 03:18:12,039 | INFO | 	                                     (34, 170.23472595214844),
[92mINFO [0m:      	                                     (35, 170.23974609375),
2026-07-09 03:18:12,039 | INFO | 	                                     (35, 170.23974609375),
[92mINFO [0m:      	                                     (36, 167.8513641357422),
2026-07-09 03:18:12,039 | INFO | 	                                     (36, 167.8513641357422),
[92mINFO [0m:      	                                     (37, 165.32666015625),
2026-07-09 03:18:12,039 | INFO | 	                                     (37, 165.32666015625),
[92mINFO [0m:      	                                     (38, 163.01763916015625),
2026-07-09 03:18:12,039 | INFO | 	                                     (38, 163.01763916015625),
[92mINFO [0m:      	                                     (39, 161.35475158691406),
2026-07-09 03:18:12,039 | INFO | 	                                     (39, 161.35475158691406),
[92mINFO [0m:      	                                     (40, 159.0039825439453),
2026-07-09 03:18:12,039 | INFO | 	                                     (40, 159.0039825439453),
[92mINFO [0m:      	                                     (41, 156.57177734375),
2026-07-09 03:18:12,039 | INFO | 	                                     (41, 156.57177734375),
[92mINFO [0m:      	                                     (42, 155.6162567138672),
2026-07-09 03:18:12,039 | INFO | 	                                     (42, 155.6162567138672),
[92mINFO [0m:      	                                     (43, 153.76979064941406),
2026-07-09 03:18:12,039 | INFO | 	                                     (43, 153.76979064941406),
[92mINFO [0m:      	                                     (44, 152.10934448242188),
2026-07-09 03:18:12,039 | INFO | 	                                     (44, 152.10934448242188),
[92mINFO [0m:      	                                     (45, 151.7209014892578),
2026-07-09 03:18:12,039 | INFO | 	                                     (45, 151.7209014892578),
[92mINFO [0m:      	                                     (46, 150.82022094726562),
2026-07-09 03:18:12,039 | INFO | 	                                     (46, 150.82022094726562),
[92mINFO [0m:      	                                     (47, 148.37722778320312),
2026-07-09 03:18:12,039 | INFO | 	                                     (47, 148.37722778320312),
[92mINFO [0m:      	                                     (48, 145.90597534179688),
2026-07-09 03:18:12,039 | INFO | 	                                     (48, 145.90597534179688),
[92mINFO [0m:      	                                     (49, 143.24461364746094),
2026-07-09 03:18:12,039 | INFO | 	                                     (49, 143.24461364746094),
[92mINFO [0m:      	                                     (50, 140.8668212890625),
2026-07-09 03:18:12,039 | INFO | 	                                     (50, 140.8668212890625),
[92mINFO [0m:      	                                     (51, 138.6045379638672),
2026-07-09 03:18:12,039 | INFO | 	                                     (51, 138.6045379638672),
[92mINFO [0m:      	                                     (52, 137.40089416503906),
2026-07-09 03:18:12,039 | INFO | 	                                     (52, 137.40089416503906),
[92mINFO [0m:      	                                     (53, 134.86668395996094),
2026-07-09 03:18:12,039 | INFO | 	                                     (53, 134.86668395996094),
[92mINFO [0m:      	                                     (54, 132.67210388183594),
2026-07-09 03:18:12,039 | INFO | 	                                     (54, 132.67210388183594),
[92mINFO [0m:      	                                     (55, 130.7254638671875),
2026-07-09 03:18:12,039 | INFO | 	                                     (55, 130.7254638671875),
[92mINFO [0m:      	                                     (56, 128.57032775878906),
2026-07-09 03:18:12,039 | INFO | 	                                     (56, 128.57032775878906),
[92mINFO [0m:      	                                     (57, 126.67152404785156),
2026-07-09 03:18:12,039 | INFO | 	                                     (57, 126.67152404785156),
[92mINFO [0m:      	                                     (58, 124.3270492553711),
2026-07-09 03:18:12,039 | INFO | 	                                     (58, 124.3270492553711),
[92mINFO [0m:      	                                     (59, 122.02348327636719),
2026-07-09 03:18:12,039 | INFO | 	                                     (59, 122.02348327636719),
[92mINFO [0m:      	                                     (60, 119.67384338378906)],
2026-07-09 03:18:12,039 | INFO | 	                                     (60, 119.67384338378906)],
[92mINFO [0m:      	 'posterior_product_sigma_mean': [(1, 0.020248623564839363),
2026-07-09 03:18:12,039 | INFO | 	 'posterior_product_sigma_mean': [(1, 0.020248623564839363),
[92mINFO [0m:      	                                  (2, 0.020501716062426567),
2026-07-09 03:18:12,039 | INFO | 	                                  (2, 0.020501716062426567),
[92mINFO [0m:      	                                  (3, 0.020733362063765526),
2026-07-09 03:18:12,039 | INFO | 	                                  (3, 0.020733362063765526),
[92mINFO [0m:      	                                  (4, 0.021002141758799553),
2026-07-09 03:18:12,039 | INFO | 	                                  (4, 0.021002141758799553),
[92mINFO [0m:      	                                  (5, 0.021234208717942238),
2026-07-09 03:18:12,039 | INFO | 	                                  (5, 0.021234208717942238),
[92mINFO [0m:      	                                  (6, 0.021495778113603592),
2026-07-09 03:18:12,039 | INFO | 	                                  (6, 0.021495778113603592),
[92mINFO [0m:      	                                  (7, 0.021784603595733643),
2026-07-09 03:18:12,039 | INFO | 	                                  (7, 0.021784603595733643),
[92mINFO [0m:      	                                  (8, 0.022065259516239166),
2026-07-09 03:18:12,039 | INFO | 	                                  (8, 0.022065259516239166),
[92mINFO [0m:      	                                  (9, 0.022315362468361855),
2026-07-09 03:18:12,039 | INFO | 	                                  (9, 0.022315362468361855),
[92mINFO [0m:      	                                  (10, 0.022583285346627235),
2026-07-09 03:18:12,039 | INFO | 	                                  (10, 0.022583285346627235),
[92mINFO [0m:      	                                  (11, 0.022880811244249344),
2026-07-09 03:18:12,039 | INFO | 	                                  (11, 0.022880811244249344),
[92mINFO [0m:      	                                  (12, 0.02314910665154457),
2026-07-09 03:18:12,040 | INFO | 	                                  (12, 0.02314910665154457),
[92mINFO [0m:      	                                  (13, 0.023396197706460953),
2026-07-09 03:18:12,040 | INFO | 	                                  (13, 0.023396197706460953),
[92mINFO [0m:      	                                  (14, 0.02364465221762657),
2026-07-09 03:18:12,040 | INFO | 	                                  (14, 0.02364465221762657),
[92mINFO [0m:      	                                  (15, 0.023906569927930832),
2026-07-09 03:18:12,040 | INFO | 	                                  (15, 0.023906569927930832),
[92mINFO [0m:      	                                  (16, 0.02422403171658516),
2026-07-09 03:18:12,040 | INFO | 	                                  (16, 0.02422403171658516),
[92mINFO [0m:      	                                  (17, 0.02450932003557682),
2026-07-09 03:18:12,040 | INFO | 	                                  (17, 0.02450932003557682),
[92mINFO [0m:      	                                  (18, 0.024801092222332954),
2026-07-09 03:18:12,040 | INFO | 	                                  (18, 0.024801092222332954),
[92mINFO [0m:      	                                  (19, 0.02511131390929222),
2026-07-09 03:18:12,040 | INFO | 	                                  (19, 0.02511131390929222),
[92mINFO [0m:      	                                  (20, 0.025426529347896576),
2026-07-09 03:18:12,040 | INFO | 	                                  (20, 0.025426529347896576),
[92mINFO [0m:      	                                  (21, 0.025777623057365417),
2026-07-09 03:18:12,040 | INFO | 	                                  (21, 0.025777623057365417),
[92mINFO [0m:      	                                  (22, 0.026051711291074753),
2026-07-09 03:18:12,040 | INFO | 	                                  (22, 0.026051711291074753),
[92mINFO [0m:      	                                  (23, 0.026347318664193153),
2026-07-09 03:18:12,040 | INFO | 	                                  (23, 0.026347318664193153),
[92mINFO [0m:      	                                  (24, 0.026716036722064018),
2026-07-09 03:18:12,040 | INFO | 	                                  (24, 0.026716036722064018),
[92mINFO [0m:      	                                  (25, 0.02703983336687088),
2026-07-09 03:18:12,040 | INFO | 	                                  (25, 0.02703983336687088),
[92mINFO [0m:      	                                  (26, 0.02734621800482273),
2026-07-09 03:18:12,040 | INFO | 	                                  (26, 0.02734621800482273),
[92mINFO [0m:      	                                  (27, 0.027706153690814972),
2026-07-09 03:18:12,040 | INFO | 	                                  (27, 0.027706153690814972),
[92mINFO [0m:      	                                  (28, 0.0280777458101511),
2026-07-09 03:18:12,040 | INFO | 	                                  (28, 0.0280777458101511),
[92mINFO [0m:      	                                  (29, 0.028450647369027138),
2026-07-09 03:18:12,040 | INFO | 	                                  (29, 0.028450647369027138),
[92mINFO [0m:      	                                  (30, 0.02879847027361393),
2026-07-09 03:18:12,040 | INFO | 	                                  (30, 0.02879847027361393),
[92mINFO [0m:      	                                  (31, 0.029156522825360298),
2026-07-09 03:18:12,040 | INFO | 	                                  (31, 0.029156522825360298),
[92mINFO [0m:      	                                  (32, 0.029554836452007294),
2026-07-09 03:18:12,040 | INFO | 	                                  (32, 0.029554836452007294),
[92mINFO [0m:      	                                  (33, 0.02994225174188614),
2026-07-09 03:18:12,040 | INFO | 	                                  (33, 0.02994225174188614),
[92mINFO [0m:      	                                  (34, 0.03035961650311947),
2026-07-09 03:18:12,040 | INFO | 	                                  (34, 0.03035961650311947),
[92mINFO [0m:      	                                  (35, 0.030764557421207428),
2026-07-09 03:18:12,040 | INFO | 	                                  (35, 0.030764557421207428),
[92mINFO [0m:      	                                  (36, 0.03110753372311592),
2026-07-09 03:18:12,040 | INFO | 	                                  (36, 0.03110753372311592),
[92mINFO [0m:      	                                  (37, 0.03152835741639137),
2026-07-09 03:18:12,040 | INFO | 	                                  (37, 0.03152835741639137),
[92mINFO [0m:      	                                  (38, 0.03194430470466614),
2026-07-09 03:18:12,040 | INFO | 	                                  (38, 0.03194430470466614),
[92mINFO [0m:      	                                  (39, 0.032366860657930374),
2026-07-09 03:18:12,040 | INFO | 	                                  (39, 0.032366860657930374),
[92mINFO [0m:      	                                  (40, 0.032784055918455124),
2026-07-09 03:18:12,040 | INFO | 	                                  (40, 0.032784055918455124),
[92mINFO [0m:      	                                  (41, 0.033183034509420395),
2026-07-09 03:18:12,040 | INFO | 	                                  (41, 0.033183034509420395),
[92mINFO [0m:      	                                  (42, 0.03362355753779411),
2026-07-09 03:18:12,040 | INFO | 	                                  (42, 0.03362355753779411),
[92mINFO [0m:      	                                  (43, 0.0340847447514534),
2026-07-09 03:18:12,040 | INFO | 	                                  (43, 0.0340847447514534),
[92mINFO [0m:      	                                  (44, 0.03452211245894432),
2026-07-09 03:18:12,040 | INFO | 	                                  (44, 0.03452211245894432),
[92mINFO [0m:      	                                  (45, 0.03495758771896362),
2026-07-09 03:18:12,040 | INFO | 	                                  (45, 0.03495758771896362),
[92mINFO [0m:      	                                  (46, 0.03542407229542732),
2026-07-09 03:18:12,040 | INFO | 	                                  (46, 0.03542407229542732),
[92mINFO [0m:      	                                  (47, 0.03589813411235809),
2026-07-09 03:18:12,040 | INFO | 	                                  (47, 0.03589813411235809),
[92mINFO [0m:      	                                  (48, 0.03638850897550583),
2026-07-09 03:18:12,040 | INFO | 	                                  (48, 0.03638850897550583),
[92mINFO [0m:      	                                  (49, 0.03686552122235298),
2026-07-09 03:18:12,040 | INFO | 	                                  (49, 0.03686552122235298),
[92mINFO [0m:      	                                  (50, 0.037305861711502075),
2026-07-09 03:18:12,040 | INFO | 	                                  (50, 0.037305861711502075),
[92mINFO [0m:      	                                  (51, 0.03775186836719513),
2026-07-09 03:18:12,041 | INFO | 	                                  (51, 0.03775186836719513),
[92mINFO [0m:      	                                  (52, 0.038245923817157745),
2026-07-09 03:18:12,041 | INFO | 	                                  (52, 0.038245923817157745),
[92mINFO [0m:      	                                  (53, 0.03871800750494003),
2026-07-09 03:18:12,041 | INFO | 	                                  (53, 0.03871800750494003),
[92mINFO [0m:      	                                  (54, 0.03921334072947502),
2026-07-09 03:18:12,041 | INFO | 	                                  (54, 0.03921334072947502),
[92mINFO [0m:      	                                  (55, 0.039726950228214264),
2026-07-09 03:18:12,041 | INFO | 	                                  (55, 0.039726950228214264),
[92mINFO [0m:      	                                  (56, 0.04020567983388901),
2026-07-09 03:18:12,041 | INFO | 	                                  (56, 0.04020567983388901),
[92mINFO [0m:      	                                  (57, 0.04071858152747154),
2026-07-09 03:18:12,041 | INFO | 	                                  (57, 0.04071858152747154),
[92mINFO [0m:      	                                  (58, 0.04121934249997139),
2026-07-09 03:18:12,041 | INFO | 	                                  (58, 0.04121934249997139),
[92mINFO [0m:      	                                  (59, 0.041784223169088364),
2026-07-09 03:18:12,041 | INFO | 	                                  (59, 0.041784223169088364),
[92mINFO [0m:      	                                  (60, 0.04226645082235336)],
2026-07-09 03:18:12,041 | INFO | 	                                  (60, 0.04226645082235336)],
[92mINFO [0m:      	 'prior_loss_max': [(1, 9593.663635866493),
2026-07-09 03:18:12,041 | INFO | 	 'prior_loss_max': [(1, 9593.663635866493),
[92mINFO [0m:      	                    (2, 9424.927072963772),
2026-07-09 03:18:12,041 | INFO | 	                    (2, 9424.927072963772),
[92mINFO [0m:      	                    (3, 9391.453849902215),
2026-07-09 03:18:12,041 | INFO | 	                    (3, 9391.453849902215),
[92mINFO [0m:      	                    (4, 9324.661665360434),
2026-07-09 03:18:12,041 | INFO | 	                    (4, 9324.661665360434),
[92mINFO [0m:      	                    (5, 9305.930963117478),
2026-07-09 03:18:12,041 | INFO | 	                    (5, 9305.930963117478),
[92mINFO [0m:      	                    (6, 9138.418437810102),
2026-07-09 03:18:12,041 | INFO | 	                    (6, 9138.418437810102),
[92mINFO [0m:      	                    (7, 8997.739797140202),
2026-07-09 03:18:12,041 | INFO | 	                    (7, 8997.739797140202),
[92mINFO [0m:      	                    (8, 8995.92767853575),
2026-07-09 03:18:12,041 | INFO | 	                    (8, 8995.92767853575),
[92mINFO [0m:      	                    (9, 8884.978771308171),
2026-07-09 03:18:12,041 | INFO | 	                    (9, 8884.978771308171),
[92mINFO [0m:      	                    (10, 8821.38252628283),
2026-07-09 03:18:12,041 | INFO | 	                    (10, 8821.38252628283),
[92mINFO [0m:      	                    (11, 8740.71454261669),
2026-07-09 03:18:12,041 | INFO | 	                    (11, 8740.71454261669),
[92mINFO [0m:      	                    (12, 8620.590278649976),
2026-07-09 03:18:12,041 | INFO | 	                    (12, 8620.590278649976),
[92mINFO [0m:      	                    (13, 8568.166725781111),
2026-07-09 03:18:12,041 | INFO | 	                    (13, 8568.166725781111),
[92mINFO [0m:      	                    (14, 8528.397920238363),
2026-07-09 03:18:12,041 | INFO | 	                    (14, 8528.397920238363),
[92mINFO [0m:      	                    (15, 8441.340642160487),
2026-07-09 03:18:12,041 | INFO | 	                    (15, 8441.340642160487),
[92mINFO [0m:      	                    (16, 8413.346658609415),
2026-07-09 03:18:12,041 | INFO | 	                    (16, 8413.346658609415),
[92mINFO [0m:      	                    (17, 8314.980079140249),
2026-07-09 03:18:12,041 | INFO | 	                    (17, 8314.980079140249),
[92mINFO [0m:      	                    (18, 8197.835338373898),
2026-07-09 03:18:12,041 | INFO | 	                    (18, 8197.835338373898),
[92mINFO [0m:      	                    (19, 8159.914857792666),
2026-07-09 03:18:12,041 | INFO | 	                    (19, 8159.914857792666),
[92mINFO [0m:      	                    (20, 8088.914523719404),
2026-07-09 03:18:12,041 | INFO | 	                    (20, 8088.914523719404),
[92mINFO [0m:      	                    (21, 7965.617843824312),
2026-07-09 03:18:12,041 | INFO | 	                    (21, 7965.617843824312),
[92mINFO [0m:      	                    (22, 7883.681602289195),
2026-07-09 03:18:12,041 | INFO | 	                    (22, 7883.681602289195),
[92mINFO [0m:      	                    (23, 7803.167337555305),
2026-07-09 03:18:12,041 | INFO | 	                    (23, 7803.167337555305),
[92mINFO [0m:      	                    (24, 7786.220428423312),
2026-07-09 03:18:12,041 | INFO | 	                    (24, 7786.220428423312),
[92mINFO [0m:      	                    (25, 7717.089870420333),
2026-07-09 03:18:12,041 | INFO | 	                    (25, 7717.089870420333),
[92mINFO [0m:      	                    (26, 7638.5881680728035),
2026-07-09 03:18:12,041 | INFO | 	                    (26, 7638.5881680728035),
[92mINFO [0m:      	                    (27, 7556.736104603546),
2026-07-09 03:18:12,041 | INFO | 	                    (27, 7556.736104603546),
[92mINFO [0m:      	                    (28, 7458.275938662136),
2026-07-09 03:18:12,041 | INFO | 	                    (28, 7458.275938662136),
[92mINFO [0m:      	                    (29, 7345.766968245113),
2026-07-09 03:18:12,042 | INFO | 	                    (29, 7345.766968245113),
[92mINFO [0m:      	                    (30, 7276.997129023243),
2026-07-09 03:18:12,042 | INFO | 	                    (30, 7276.997129023243),
[92mINFO [0m:      	                    (31, 7218.542425031351),
2026-07-09 03:18:12,042 | INFO | 	                    (31, 7218.542425031351),
[92mINFO [0m:      	                    (32, 7104.127200004074),
2026-07-09 03:18:12,042 | INFO | 	                    (32, 7104.127200004074),
[92mINFO [0m:      	                    (33, 7025.9330000302125),
2026-07-09 03:18:12,042 | INFO | 	                    (33, 7025.9330000302125),
[92mINFO [0m:      	                    (34, 6943.019355196343),
2026-07-09 03:18:12,042 | INFO | 	                    (34, 6943.019355196343),
[92mINFO [0m:      	                    (35, 6860.444043488225),
2026-07-09 03:18:12,042 | INFO | 	                    (35, 6860.444043488225),
[92mINFO [0m:      	                    (36, 6791.408548281714),
2026-07-09 03:18:12,042 | INFO | 	                    (36, 6791.408548281714),
[92mINFO [0m:      	                    (37, 6718.882396027378),
2026-07-09 03:18:12,042 | INFO | 	                    (37, 6718.882396027378),
[92mINFO [0m:      	                    (38, 6641.382328476137),
2026-07-09 03:18:12,042 | INFO | 	                    (38, 6641.382328476137),
[92mINFO [0m:      	                    (39, 6552.743958931692),
2026-07-09 03:18:12,042 | INFO | 	                    (39, 6552.743958931692),
[92mINFO [0m:      	                    (40, 6425.071176332251),
2026-07-09 03:18:12,042 | INFO | 	                    (40, 6425.071176332251),
[92mINFO [0m:      	                    (41, 6417.030199468183),
2026-07-09 03:18:12,042 | INFO | 	                    (41, 6417.030199468183),
[92mINFO [0m:      	                    (42, 6314.654568334276),
2026-07-09 03:18:12,042 | INFO | 	                    (42, 6314.654568334276),
[92mINFO [0m:      	                    (43, 6241.820195167721),
2026-07-09 03:18:12,042 | INFO | 	                    (43, 6241.820195167721),
[92mINFO [0m:      	                    (44, 6119.8442488095725),
2026-07-09 03:18:12,042 | INFO | 	                    (44, 6119.8442488095725),
[92mINFO [0m:      	                    (45, 6036.787844342225),
2026-07-09 03:18:12,042 | INFO | 	                    (45, 6036.787844342225),
[92mINFO [0m:      	                    (46, 5941.310768105925),
2026-07-09 03:18:12,042 | INFO | 	                    (46, 5941.310768105925),
[92mINFO [0m:      	                    (47, 5879.2668840421275),
2026-07-09 03:18:12,042 | INFO | 	                    (47, 5879.2668840421275),
[92mINFO [0m:      	                    (48, 5819.622914820095),
2026-07-09 03:18:12,042 | INFO | 	                    (48, 5819.622914820095),
[92mINFO [0m:      	                    (49, 5736.806777302314),
2026-07-09 03:18:12,042 | INFO | 	                    (49, 5736.806777302314),
[92mINFO [0m:      	                    (50, 5652.868876251601),
2026-07-09 03:18:12,042 | INFO | 	                    (50, 5652.868876251601),
[92mINFO [0m:      	                    (51, 5559.147276483341),
2026-07-09 03:18:12,042 | INFO | 	                    (51, 5559.147276483341),
[92mINFO [0m:      	                    (52, 5510.276653842686),
2026-07-09 03:18:12,042 | INFO | 	                    (52, 5510.276653842686),
[92mINFO [0m:      	                    (53, 5419.712266531379),
2026-07-09 03:18:12,042 | INFO | 	                    (53, 5419.712266531379),
[92mINFO [0m:      	                    (54, 5354.305073318529),
2026-07-09 03:18:12,042 | INFO | 	                    (54, 5354.305073318529),
[92mINFO [0m:      	                    (55, 5281.945192822189),
2026-07-09 03:18:12,042 | INFO | 	                    (55, 5281.945192822189),
[92mINFO [0m:      	                    (56, 5190.783011014786),
2026-07-09 03:18:12,042 | INFO | 	                    (56, 5190.783011014786),
[92mINFO [0m:      	                    (57, 5144.9953180910215),
2026-07-09 03:18:12,042 | INFO | 	                    (57, 5144.9953180910215),
[92mINFO [0m:      	                    (58, 5067.173920617036),
2026-07-09 03:18:12,042 | INFO | 	                    (58, 5067.173920617036),
[92mINFO [0m:      	                    (59, 5008.6804741953565),
2026-07-09 03:18:12,042 | INFO | 	                    (59, 5008.6804741953565),
[92mINFO [0m:      	                    (60, 4912.014348282856)],
2026-07-09 03:18:12,042 | INFO | 	                    (60, 4912.014348282856)],
[92mINFO [0m:      	 'prior_loss_mean': [(1, 8837.419152132667),
2026-07-09 03:18:12,042 | INFO | 	 'prior_loss_mean': [(1, 8837.419152132667),
[92mINFO [0m:      	                     (2, 9017.66378014177),
2026-07-09 03:18:12,042 | INFO | 	                     (2, 9017.66378014177),
[92mINFO [0m:      	                     (3, 8839.75638507894),
2026-07-09 03:18:12,042 | INFO | 	                     (3, 8839.75638507894),
[92mINFO [0m:      	                     (4, 8845.889398180705),
2026-07-09 03:18:12,042 | INFO | 	                     (4, 8845.889398180705),
[92mINFO [0m:      	                     (5, 8839.600408802613),
2026-07-09 03:18:12,042 | INFO | 	                     (5, 8839.600408802613),
[92mINFO [0m:      	                     (6, 8601.596056233666),
2026-07-09 03:18:12,042 | INFO | 	                     (6, 8601.596056233666),
[92mINFO [0m:      	                     (7, 8341.256767019238),
2026-07-09 03:18:12,042 | INFO | 	                     (7, 8341.256767019238),
[92mINFO [0m:      	                     (8, 8410.063591436754),
2026-07-09 03:18:12,043 | INFO | 	                     (8, 8410.063591436754),
[92mINFO [0m:      	                     (9, 8517.823228149053),
2026-07-09 03:18:12,043 | INFO | 	                     (9, 8517.823228149053),
[92mINFO [0m:      	                     (10, 7986.919687822147),
2026-07-09 03:18:12,043 | INFO | 	                     (10, 7986.919687822147),
[92mINFO [0m:      	                     (11, 8009.578906890339),
2026-07-09 03:18:12,043 | INFO | 	                     (11, 8009.578906890339),
[92mINFO [0m:      	                     (12, 8138.11903767154),
2026-07-09 03:18:12,043 | INFO | 	                     (12, 8138.11903767154),
[92mINFO [0m:      	                     (13, 8215.219937797401),
2026-07-09 03:18:12,043 | INFO | 	                     (13, 8215.219937797401),
[92mINFO [0m:      	                     (14, 8306.917276304603),
2026-07-09 03:18:12,043 | INFO | 	                     (14, 8306.917276304603),
[92mINFO [0m:      	                     (15, 8090.331977302314),
2026-07-09 03:18:12,043 | INFO | 	                     (15, 8090.331977302314),
[92mINFO [0m:      	                     (16, 8144.19178444519),
2026-07-09 03:18:12,043 | INFO | 	                     (16, 8144.19178444519),
[92mINFO [0m:      	                     (17, 7794.4713196939865),
2026-07-09 03:18:12,043 | INFO | 	                     (17, 7794.4713196939865),
[92mINFO [0m:      	                     (18, 7714.57165658259),
2026-07-09 03:18:12,043 | INFO | 	                     (18, 7714.57165658259),
[92mINFO [0m:      	                     (19, 7614.639034868075),
2026-07-09 03:18:12,043 | INFO | 	                     (19, 7614.639034868075),
[92mINFO [0m:      	                     (20, 7559.544403471924),
2026-07-09 03:18:12,043 | INFO | 	                     (20, 7559.544403471924),
[92mINFO [0m:      	                     (21, 7161.671877609027),
2026-07-09 03:18:12,043 | INFO | 	                     (21, 7161.671877609027),
[92mINFO [0m:      	                     (22, 7698.271405022943),
2026-07-09 03:18:12,043 | INFO | 	                     (22, 7698.271405022943),
[92mINFO [0m:      	                     (23, 7487.017029591408),
2026-07-09 03:18:12,043 | INFO | 	                     (23, 7487.017029591408),
[92mINFO [0m:      	                     (24, 7046.880174583701),
2026-07-09 03:18:12,043 | INFO | 	                     (24, 7046.880174583701),
[92mINFO [0m:      	                     (25, 7186.397462112083),
2026-07-09 03:18:12,043 | INFO | 	                     (25, 7186.397462112083),
[92mINFO [0m:      	                     (26, 7263.440935120467),
2026-07-09 03:18:12,043 | INFO | 	                     (26, 7263.440935120467),
[92mINFO [0m:      	                     (27, 6888.908355629921),
2026-07-09 03:18:12,043 | INFO | 	                     (27, 6888.908355629921),
[92mINFO [0m:      	                     (28, 7088.443317632162),
2026-07-09 03:18:12,043 | INFO | 	                     (28, 7088.443317632162),
[92mINFO [0m:      	                     (29, 6723.221097798413),
2026-07-09 03:18:12,043 | INFO | 	                     (29, 6723.221097798413),
[92mINFO [0m:      	                     (30, 6933.59497301013),
2026-07-09 03:18:12,043 | INFO | 	                     (30, 6933.59497301013),
[92mINFO [0m:      	                     (31, 6606.9602421386),
2026-07-09 03:18:12,043 | INFO | 	                     (31, 6606.9602421386),
[92mINFO [0m:      	                     (32, 6337.571054680628),
2026-07-09 03:18:12,043 | INFO | 	                     (32, 6337.571054680628),
[92mINFO [0m:      	                     (33, 6402.927923511406),
2026-07-09 03:18:12,043 | INFO | 	                     (33, 6402.927923511406),
[92mINFO [0m:      	                     (34, 5996.696554506566),
2026-07-09 03:18:12,043 | INFO | 	                     (34, 5996.696554506566),
[92mINFO [0m:      	                     (35, 6404.381203145196),
2026-07-09 03:18:12,043 | INFO | 	                     (35, 6404.381203145196),
[92mINFO [0m:      	                     (36, 6491.127671661602),
2026-07-09 03:18:12,043 | INFO | 	                     (36, 6491.127671661602),
[92mINFO [0m:      	                     (37, 5699.645577396163),
2026-07-09 03:18:12,043 | INFO | 	                     (37, 5699.645577396163),
[92mINFO [0m:      	                     (38, 6022.447703109753),
2026-07-09 03:18:12,043 | INFO | 	                     (38, 6022.447703109753),
[92mINFO [0m:      	                     (39, 5840.517187900618),
2026-07-09 03:18:12,043 | INFO | 	                     (39, 5840.517187900618),
[92mINFO [0m:      	                     (40, 5808.544527986869),
2026-07-09 03:18:12,043 | INFO | 	                     (40, 5808.544527986869),
[92mINFO [0m:      	                     (41, 5876.502795764612),
2026-07-09 03:18:12,043 | INFO | 	                     (41, 5876.502795764612),
[92mINFO [0m:      	                     (42, 5977.142281787227),
2026-07-09 03:18:12,043 | INFO | 	                     (42, 5977.142281787227),
[92mINFO [0m:      	                     (43, 5552.758088795284),
2026-07-09 03:18:12,043 | INFO | 	                     (43, 5552.758088795284),
[92mINFO [0m:      	                     (44, 5740.243696235401),
2026-07-09 03:18:12,043 | INFO | 	                     (44, 5740.243696235401),
[92mINFO [0m:      	                     (45, 5866.388113901377),
2026-07-09 03:18:12,043 | INFO | 	                     (45, 5866.388113901377),
[92mINFO [0m:      	                     (46, 5657.2267133008245),
2026-07-09 03:18:12,043 | INFO | 	                     (46, 5657.2267133008245),
[92mINFO [0m:      	                     (47, 5302.524661417478),
2026-07-09 03:18:12,043 | INFO | 	                     (47, 5302.524661417478),
[92mINFO [0m:      	                     (48, 5030.172601479691),
2026-07-09 03:18:12,044 | INFO | 	                     (48, 5030.172601479691),
[92mINFO [0m:      	                     (49, 5083.492701139577),
2026-07-09 03:18:12,044 | INFO | 	                     (49, 5083.492701139577),
[92mINFO [0m:      	                     (50, 5320.884031853476),
2026-07-09 03:18:12,044 | INFO | 	                     (50, 5320.884031853476),
[92mINFO [0m:      	                     (51, 5249.005929188154),
2026-07-09 03:18:12,044 | INFO | 	                     (51, 5249.005929188154),
[92mINFO [0m:      	                     (52, 5089.5101310378095),
2026-07-09 03:18:12,044 | INFO | 	                     (52, 5089.5101310378095),
[92mINFO [0m:      	                     (53, 4977.39972314284),
2026-07-09 03:18:12,044 | INFO | 	                     (53, 4977.39972314284),
[92mINFO [0m:      	                     (54, 4861.878319828743),
2026-07-09 03:18:12,044 | INFO | 	                     (54, 4861.878319828743),
[92mINFO [0m:      	                     (55, 4843.377715246797),
2026-07-09 03:18:12,044 | INFO | 	                     (55, 4843.377715246797),
[92mINFO [0m:      	                     (56, 4918.08832553557),
2026-07-09 03:18:12,044 | INFO | 	                     (56, 4918.08832553557),
[92mINFO [0m:      	                     (57, 4770.472856750616),
2026-07-09 03:18:12,044 | INFO | 	                     (57, 4770.472856750616),
[92mINFO [0m:      	                     (58, 4690.052843035653),
2026-07-09 03:18:12,044 | INFO | 	                     (58, 4690.052843035653),
[92mINFO [0m:      	                     (59, 4352.1057734919905),
2026-07-09 03:18:12,044 | INFO | 	                     (59, 4352.1057734919905),
[92mINFO [0m:      	                     (60, 4624.086607805721)],
2026-07-09 03:18:12,044 | INFO | 	                     (60, 4624.086607805721)],
[92mINFO [0m:      	 'prior_loss_min': [(1, 7041.776765944101),
2026-07-09 03:18:12,044 | INFO | 	 'prior_loss_min': [(1, 7041.776765944101),
[92mINFO [0m:      	                    (2, 6512.9852694302845),
2026-07-09 03:18:12,044 | INFO | 	                    (2, 6512.9852694302845),
[92mINFO [0m:      	                    (3, 7104.361677805519),
2026-07-09 03:18:12,044 | INFO | 	                    (3, 7104.361677805519),
[92mINFO [0m:      	                    (4, 6226.871981762746),
2026-07-09 03:18:12,044 | INFO | 	                    (4, 6226.871981762746),
[92mINFO [0m:      	                    (5, 6950.217050780266),
2026-07-09 03:18:12,044 | INFO | 	                    (5, 6950.217050780266),
[92mINFO [0m:      	                    (6, 6673.327243484062),
2026-07-09 03:18:12,044 | INFO | 	                    (6, 6673.327243484062),
[92mINFO [0m:      	                    (7, 6546.102724379169),
2026-07-09 03:18:12,044 | INFO | 	                    (7, 6546.102724379169),
[92mINFO [0m:      	                    (8, 6066.999410750826),
2026-07-09 03:18:12,044 | INFO | 	                    (8, 6066.999410750826),
[92mINFO [0m:      	                    (9, 6657.868731921647),
2026-07-09 03:18:12,044 | INFO | 	                    (9, 6657.868731921647),
[92mINFO [0m:      	                    (10, 6520.078243202788),
2026-07-09 03:18:12,044 | INFO | 	                    (10, 6520.078243202788),
[92mINFO [0m:      	                    (11, 5749.187767648915),
2026-07-09 03:18:12,044 | INFO | 	                    (11, 5749.187767648915),
[92mINFO [0m:      	                    (12, 6369.41195272901),
2026-07-09 03:18:12,044 | INFO | 	                    (12, 6369.41195272901),
[92mINFO [0m:      	                    (13, 6247.667212671768),
2026-07-09 03:18:12,044 | INFO | 	                    (13, 6247.667212671768),
[92mINFO [0m:      	                    (14, 6190.633777920902),
2026-07-09 03:18:12,044 | INFO | 	                    (14, 6190.633777920902),
[92mINFO [0m:      	                    (15, 6165.263249554484),
2026-07-09 03:18:12,044 | INFO | 	                    (15, 6165.263249554484),
[92mINFO [0m:      	                    (16, 5483.147505221202),
2026-07-09 03:18:12,044 | INFO | 	                    (16, 5483.147505221202),
[92mINFO [0m:      	                    (17, 5961.532088846476),
2026-07-09 03:18:12,044 | INFO | 	                    (17, 5961.532088846476),
[92mINFO [0m:      	                    (18, 5899.6114970287),
2026-07-09 03:18:12,044 | INFO | 	                    (18, 5899.6114970287),
[92mINFO [0m:      	                    (19, 5354.108659359917),
2026-07-09 03:18:12,044 | INFO | 	                    (19, 5354.108659359917),
[92mINFO [0m:      	                    (20, 5630.915952619703),
2026-07-09 03:18:12,044 | INFO | 	                    (20, 5630.915952619703),
[92mINFO [0m:      	                    (21, 5141.447213744122),
2026-07-09 03:18:12,044 | INFO | 	                    (21, 5141.447213744122),
[92mINFO [0m:      	                    (22, 5628.6089830898045),
2026-07-09 03:18:12,044 | INFO | 	                    (22, 5628.6089830898045),
[92mINFO [0m:      	                    (23, 5579.259884456209),
2026-07-09 03:18:12,044 | INFO | 	                    (23, 5579.259884456209),
[92mINFO [0m:      	                    (24, 4994.483054406123),
2026-07-09 03:18:12,044 | INFO | 	                    (24, 4994.483054406123),
[92mINFO [0m:      	                    (25, 5258.284061530361),
2026-07-09 03:18:12,044 | INFO | 	                    (25, 5258.284061530361),
[92mINFO [0m:      	                    (26, 5436.0434597730755),
2026-07-09 03:18:12,044 | INFO | 	                    (26, 5436.0434597730755),
[92mINFO [0m:      	                    (27, 4907.099941167595),
2026-07-09 03:18:12,045 | INFO | 	                    (27, 4907.099941167595),
[92mINFO [0m:      	                    (28, 5140.733006144557),
2026-07-09 03:18:12,045 | INFO | 	                    (28, 5140.733006144557),
[92mINFO [0m:      	                    (29, 4693.421497969275),
2026-07-09 03:18:12,045 | INFO | 	                    (29, 4693.421497969275),
[92mINFO [0m:      	                    (30, 4780.5109906842035),
2026-07-09 03:18:12,045 | INFO | 	                    (30, 4780.5109906842035),
[92mINFO [0m:      	                    (31, 4732.42858517225),
2026-07-09 03:18:12,045 | INFO | 	                    (31, 4732.42858517225),
[92mINFO [0m:      	                    (32, 4648.744137432512),
2026-07-09 03:18:12,045 | INFO | 	                    (32, 4648.744137432512),
[92mINFO [0m:      	                    (33, 4488.4872322952515),
2026-07-09 03:18:12,045 | INFO | 	                    (33, 4488.4872322952515),
[92mINFO [0m:      	                    (34, 4404.519205312175),
2026-07-09 03:18:12,045 | INFO | 	                    (34, 4404.519205312175),
[92mINFO [0m:      	                    (35, 4505.934953218089),
2026-07-09 03:18:12,045 | INFO | 	                    (35, 4505.934953218089),
[92mINFO [0m:      	                    (36, 4907.175543874526),
2026-07-09 03:18:12,045 | INFO | 	                    (36, 4907.175543874526),
[92mINFO [0m:      	                    (37, 4272.466006079534),
2026-07-09 03:18:12,045 | INFO | 	                    (37, 4272.466006079534),
[92mINFO [0m:      	                    (38, 4340.872876497351),
2026-07-09 03:18:12,045 | INFO | 	                    (38, 4340.872876497351),
[92mINFO [0m:      	                    (39, 4153.644217537859),
2026-07-09 03:18:12,045 | INFO | 	                    (39, 4153.644217537859),
[92mINFO [0m:      	                    (40, 4248.957762655528),
2026-07-09 03:18:12,045 | INFO | 	                    (40, 4248.957762655528),
[92mINFO [0m:      	                    (41, 4328.564280479869),
2026-07-09 03:18:12,045 | INFO | 	                    (41, 4328.564280479869),
[92mINFO [0m:      	                    (42, 4174.070554961088),
2026-07-09 03:18:12,045 | INFO | 	                    (42, 4174.070554961088),
[92mINFO [0m:      	                    (43, 3993.308373842896),
2026-07-09 03:18:12,045 | INFO | 	                    (43, 3993.308373842896),
[92mINFO [0m:      	                    (44, 4053.450360321588),
2026-07-09 03:18:12,045 | INFO | 	                    (44, 4053.450360321588),
[92mINFO [0m:      	                    (45, 3920.515486434768),
2026-07-09 03:18:12,045 | INFO | 	                    (45, 3920.515486434768),
[92mINFO [0m:      	                    (46, 3862.60916508601),
2026-07-09 03:18:12,045 | INFO | 	                    (46, 3862.60916508601),
[92mINFO [0m:      	                    (47, 3923.513920385697),
2026-07-09 03:18:12,045 | INFO | 	                    (47, 3923.513920385697),
[92mINFO [0m:      	                    (48, 3773.025701490095),
2026-07-09 03:18:12,045 | INFO | 	                    (48, 3773.025701490095),
[92mINFO [0m:      	                    (49, 3866.62981161088),
2026-07-09 03:18:12,045 | INFO | 	                    (49, 3866.62981161088),
[92mINFO [0m:      	                    (50, 3861.2830803601855),
2026-07-09 03:18:12,045 | INFO | 	                    (50, 3861.2830803601855),
[92mINFO [0m:      	                    (51, 3798.7227190741023),
2026-07-09 03:18:12,045 | INFO | 	                    (51, 3798.7227190741023),
[92mINFO [0m:      	                    (52, 3595.523902890994),
2026-07-09 03:18:12,045 | INFO | 	                    (52, 3595.523902890994),
[92mINFO [0m:      	                    (53, 4157.432929162711),
2026-07-09 03:18:12,045 | INFO | 	                    (53, 4157.432929162711),
[92mINFO [0m:      	                    (54, 3524.8535672904136),
2026-07-09 03:18:12,045 | INFO | 	                    (54, 3524.8535672904136),
[92mINFO [0m:      	                    (55, 3501.879659915314),
2026-07-09 03:18:12,045 | INFO | 	                    (55, 3501.879659915314),
[92mINFO [0m:      	                    (56, 3584.7045817755766),
2026-07-09 03:18:12,045 | INFO | 	                    (56, 3584.7045817755766),
[92mINFO [0m:      	                    (57, 3403.7648495072617),
2026-07-09 03:18:12,045 | INFO | 	                    (57, 3403.7648495072617),
[92mINFO [0m:      	                    (58, 3504.4467796643685),
2026-07-09 03:18:12,045 | INFO | 	                    (58, 3504.4467796643685),
[92mINFO [0m:      	                    (59, 3363.078606092056),
2026-07-09 03:18:12,045 | INFO | 	                    (59, 3363.078606092056),
[92mINFO [0m:      	                    (60, 3920.9917408299375)],
2026-07-09 03:18:12,045 | INFO | 	                    (60, 3920.9917408299375)],
[92mINFO [0m:      	 'prior_loss_p10': [(1, 7356.103126864943),
2026-07-09 03:18:12,045 | INFO | 	 'prior_loss_p10': [(1, 7356.103126864943),
[92mINFO [0m:      	                    (2, 8067.445558616229),
2026-07-09 03:18:12,045 | INFO | 	                    (2, 8067.445558616229),
[92mINFO [0m:      	                    (3, 7178.03914586421),
2026-07-09 03:18:12,045 | INFO | 	                    (3, 7178.03914586421),
[92mINFO [0m:      	                    (4, 7843.285132663599),
2026-07-09 03:18:12,045 | INFO | 	                    (4, 7843.285132663599),
[92mINFO [0m:      	                    (5, 7830.561601517284),
2026-07-09 03:18:12,045 | INFO | 	                    (5, 7830.561601517284),
[92mINFO [0m:      	                    (6, 6888.204114763475),
2026-07-09 03:18:12,046 | INFO | 	                    (6, 6888.204114763475),
[92mINFO [0m:      	                    (7, 6700.566974621631),
2026-07-09 03:18:12,046 | INFO | 	                    (7, 6700.566974621631),
[92mINFO [0m:      	                    (8, 6691.533629135449),
2026-07-09 03:18:12,046 | INFO | 	                    (8, 6691.533629135449),
[92mINFO [0m:      	                    (9, 7487.623784127871),
2026-07-09 03:18:12,046 | INFO | 	                    (9, 7487.623784127871),
[92mINFO [0m:      	                    (10, 6528.457813625603),
2026-07-09 03:18:12,046 | INFO | 	                    (10, 6528.457813625603),
[92mINFO [0m:      	                    (11, 6313.55234721239),
2026-07-09 03:18:12,046 | INFO | 	                    (11, 6313.55234721239),
[92mINFO [0m:      	                    (12, 6406.995746352677),
2026-07-09 03:18:12,046 | INFO | 	                    (12, 6406.995746352677),
[92mINFO [0m:      	                    (13, 7138.581379075574),
2026-07-09 03:18:12,046 | INFO | 	                    (13, 7138.581379075574),
[92mINFO [0m:      	                    (14, 8392.618244015635),
2026-07-09 03:18:12,046 | INFO | 	                    (14, 8392.618244015635),
[92mINFO [0m:      	                    (15, 7029.4474194319355),
2026-07-09 03:18:12,046 | INFO | 	                    (15, 7029.4474194319355),
[92mINFO [0m:      	                    (16, 8256.604550907226),
2026-07-09 03:18:12,046 | INFO | 	                    (16, 8256.604550907226),
[92mINFO [0m:      	                    (17, 6035.022513347848),
2026-07-09 03:18:12,046 | INFO | 	                    (17, 6035.022513347848),
[92mINFO [0m:      	                    (18, 5971.0241007027125),
2026-07-09 03:18:12,046 | INFO | 	                    (18, 5971.0241007027125),
[92mINFO [0m:      	                    (19, 5871.318284141142),
2026-07-09 03:18:12,046 | INFO | 	                    (19, 5871.318284141142),
[92mINFO [0m:      	                    (20, 5729.184655969088),
2026-07-09 03:18:12,046 | INFO | 	                    (20, 5729.184655969088),
[92mINFO [0m:      	                    (21, 5733.390490534955),
2026-07-09 03:18:12,046 | INFO | 	                    (21, 5733.390490534955),
[92mINFO [0m:      	                    (22, 7792.206630208229),
2026-07-09 03:18:12,046 | INFO | 	                    (22, 7792.206630208229),
[92mINFO [0m:      	                    (23, 6492.90350326085),
2026-07-09 03:18:12,046 | INFO | 	                    (23, 6492.90350326085),
[92mINFO [0m:      	                    (24, 5185.8363252375175),
2026-07-09 03:18:12,046 | INFO | 	                    (24, 5185.8363252375175),
[92mINFO [0m:      	                    (25, 5489.542225313421),
2026-07-09 03:18:12,046 | INFO | 	                    (25, 5489.542225313421),
[92mINFO [0m:      	                    (26, 6256.502243623079),
2026-07-09 03:18:12,046 | INFO | 	                    (26, 6256.502243623079),
[92mINFO [0m:      	                    (27, 5362.985493871944),
2026-07-09 03:18:12,046 | INFO | 	                    (27, 5362.985493871944),
[92mINFO [0m:      	                    (28, 6036.62132981163),
2026-07-09 03:18:12,046 | INFO | 	                    (28, 6036.62132981163),
[92mINFO [0m:      	                    (29, 5223.364271644124),
2026-07-09 03:18:12,046 | INFO | 	                    (29, 5223.364271644124),
[92mINFO [0m:      	                    (30, 5977.544794615674),
2026-07-09 03:18:12,046 | INFO | 	                    (30, 5977.544794615674),
[92mINFO [0m:      	                    (31, 5117.313270395684),
2026-07-09 03:18:12,046 | INFO | 	                    (31, 5117.313270395684),
[92mINFO [0m:      	                    (32, 4776.839297872743),
2026-07-09 03:18:12,046 | INFO | 	                    (32, 4776.839297872743),
[92mINFO [0m:      	                    (33, 4778.171684960657),
2026-07-09 03:18:12,046 | INFO | 	                    (33, 4778.171684960657),
[92mINFO [0m:      	                    (34, 4475.319691852577),
2026-07-09 03:18:12,046 | INFO | 	                    (34, 4475.319691852577),
[92mINFO [0m:      	                    (35, 4920.606983807572),
2026-07-09 03:18:12,046 | INFO | 	                    (35, 4920.606983807572),
[92mINFO [0m:      	                    (36, 5633.4363655447805),
2026-07-09 03:18:12,046 | INFO | 	                    (36, 5633.4363655447805),
[92mINFO [0m:      	                    (37, 4469.1525856199),
2026-07-09 03:18:12,046 | INFO | 	                    (37, 4469.1525856199),
[92mINFO [0m:      	                    (38, 4400.19589655349),
2026-07-09 03:18:12,046 | INFO | 	                    (38, 4400.19589655349),
[92mINFO [0m:      	                    (39, 4445.427659141185),
2026-07-09 03:18:12,046 | INFO | 	                    (39, 4445.427659141185),
[92mINFO [0m:      	                    (40, 4688.212130898171),
2026-07-09 03:18:12,046 | INFO | 	                    (40, 4688.212130898171),
[92mINFO [0m:      	                    (41, 4647.350790866612),
2026-07-09 03:18:12,046 | INFO | 	                    (41, 4647.350790866612),
[92mINFO [0m:      	                    (42, 5043.136782270862),
2026-07-09 03:18:12,046 | INFO | 	                    (42, 5043.136782270862),
[92mINFO [0m:      	                    (43, 4092.125427949863),
2026-07-09 03:18:12,046 | INFO | 	                    (43, 4092.125427949863),
[92mINFO [0m:      	                    (44, 4522.139023079431),
2026-07-09 03:18:12,046 | INFO | 	                    (44, 4522.139023079431),
[92mINFO [0m:      	                    (45, 5978.517354938405),
2026-07-09 03:18:12,047 | INFO | 	                    (45, 5978.517354938405),
[92mINFO [0m:      	                    (46, 4784.608074577936),
2026-07-09 03:18:12,047 | INFO | 	                    (46, 4784.608074577936),
[92mINFO [0m:      	                    (47, 4170.664909644193),
2026-07-09 03:18:12,047 | INFO | 	                    (47, 4170.664909644193),
[92mINFO [0m:      	                    (48, 3956.5145846768064),
2026-07-09 03:18:12,047 | INFO | 	                    (48, 3956.5145846768064),
[92mINFO [0m:      	                    (49, 4058.4078802085583),
2026-07-09 03:18:12,047 | INFO | 	                    (49, 4058.4078802085583),
[92mINFO [0m:      	                    (50, 4302.966442707176),
2026-07-09 03:18:12,047 | INFO | 	                    (50, 4302.966442707176),
[92mINFO [0m:      	                    (51, 4228.149005054689),
2026-07-09 03:18:12,047 | INFO | 	                    (51, 4228.149005054689),
[92mINFO [0m:      	                    (52, 4173.551165162133),
2026-07-09 03:18:12,047 | INFO | 	                    (52, 4173.551165162133),
[92mINFO [0m:      	                    (53, 4172.473121961402),
2026-07-09 03:18:12,047 | INFO | 	                    (53, 4172.473121961402),
[92mINFO [0m:      	                    (54, 3874.31542472519),
2026-07-09 03:18:12,047 | INFO | 	                    (54, 3874.31542472519),
[92mINFO [0m:      	                    (55, 3620.696709829706),
2026-07-09 03:18:12,047 | INFO | 	                    (55, 3620.696709829706),
[92mINFO [0m:      	                    (56, 4067.1330385233864),
2026-07-09 03:18:12,047 | INFO | 	                    (56, 4067.1330385233864),
[92mINFO [0m:      	                    (57, 4014.590566153708),
2026-07-09 03:18:12,047 | INFO | 	                    (57, 4014.590566153708),
[92mINFO [0m:      	                    (58, 3702.4184990500958),
2026-07-09 03:18:12,047 | INFO | 	                    (58, 3702.4184990500958),
[92mINFO [0m:      	                    (59, 3405.2252230717786),
2026-07-09 03:18:12,047 | INFO | 	                    (59, 3405.2252230717786),
[92mINFO [0m:      	                    (60, 3938.3645419218487)],
2026-07-09 03:18:12,047 | INFO | 	                    (60, 3938.3645419218487)],
[92mINFO [0m:      	 'prior_loss_p50': [(1, 9361.28315361943),
2026-07-09 03:18:12,047 | INFO | 	 'prior_loss_p50': [(1, 9361.28315361943),
[92mINFO [0m:      	                    (2, 9330.277193716896),
2026-07-09 03:18:12,047 | INFO | 	                    (2, 9330.277193716896),
[92mINFO [0m:      	                    (3, 9224.455278073656),
2026-07-09 03:18:12,047 | INFO | 	                    (3, 9224.455278073656),
[92mINFO [0m:      	                    (4, 9153.904858201771),
2026-07-09 03:18:12,047 | INFO | 	                    (4, 9153.904858201771),
[92mINFO [0m:      	                    (5, 9081.614803447628),
2026-07-09 03:18:12,047 | INFO | 	                    (5, 9081.614803447628),
[92mINFO [0m:      	                    (6, 9003.827203761724),
2026-07-09 03:18:12,047 | INFO | 	                    (6, 9003.827203761724),
[92mINFO [0m:      	                    (7, 8913.560020133631),
2026-07-09 03:18:12,047 | INFO | 	                    (7, 8913.560020133631),
[92mINFO [0m:      	                    (8, 8853.807215105791),
2026-07-09 03:18:12,047 | INFO | 	                    (8, 8853.807215105791),
[92mINFO [0m:      	                    (9, 8782.123470332226),
2026-07-09 03:18:12,047 | INFO | 	                    (9, 8782.123470332226),
[92mINFO [0m:      	                    (10, 8687.197194245759),
2026-07-09 03:18:12,047 | INFO | 	                    (10, 8687.197194245759),
[92mINFO [0m:      	                    (11, 8646.368273575836),
2026-07-09 03:18:12,047 | INFO | 	                    (11, 8646.368273575836),
[92mINFO [0m:      	                    (12, 8568.983736296643),
2026-07-09 03:18:12,047 | INFO | 	                    (12, 8568.983736296643),
[92mINFO [0m:      	                    (13, 8511.55423043298),
2026-07-09 03:18:12,047 | INFO | 	                    (13, 8511.55423043298),
[92mINFO [0m:      	                    (14, 8437.070979269845),
2026-07-09 03:18:12,047 | INFO | 	                    (14, 8437.070979269845),
[92mINFO [0m:      	                    (15, 8386.861816608614),
2026-07-09 03:18:12,047 | INFO | 	                    (15, 8386.861816608614),
[92mINFO [0m:      	                    (16, 8341.687719177724),
2026-07-09 03:18:12,047 | INFO | 	                    (16, 8341.687719177724),
[92mINFO [0m:      	                    (17, 8216.02842181564),
2026-07-09 03:18:12,047 | INFO | 	                    (17, 8216.02842181564),
[92mINFO [0m:      	                    (18, 8145.995878778323),
2026-07-09 03:18:12,047 | INFO | 	                    (18, 8145.995878778323),
[92mINFO [0m:      	                    (19, 8074.4542394648915),
2026-07-09 03:18:12,047 | INFO | 	                    (19, 8074.4542394648915),
[92mINFO [0m:      	                    (20, 8013.808256416848),
2026-07-09 03:18:12,047 | INFO | 	                    (20, 8013.808256416848),
[92mINFO [0m:      	                    (21, 7915.758353094486),
2026-07-09 03:18:12,047 | INFO | 	                    (21, 7915.758353094486),
[92mINFO [0m:      	                    (22, 7843.634553366606),
2026-07-09 03:18:12,047 | INFO | 	                    (22, 7843.634553366606),
[92mINFO [0m:      	                    (23, 7772.9897296547815),
2026-07-09 03:18:12,047 | INFO | 	                    (23, 7772.9897296547815),
[92mINFO [0m:      	                    (24, 7665.141894138397),
2026-07-09 03:18:12,048 | INFO | 	                    (24, 7665.141894138397),
[92mINFO [0m:      	                    (25, 7615.600692987383),
2026-07-09 03:18:12,048 | INFO | 	                    (25, 7615.600692987383),
[92mINFO [0m:      	                    (26, 7536.443678824298),
2026-07-09 03:18:12,048 | INFO | 	                    (26, 7536.443678824298),
[92mINFO [0m:      	                    (27, 7466.015999063879),
2026-07-09 03:18:12,048 | INFO | 	                    (27, 7466.015999063879),
[92mINFO [0m:      	                    (28, 7366.559929950895),
2026-07-09 03:18:12,048 | INFO | 	                    (28, 7366.559929950895),
[92mINFO [0m:      	                    (29, 7306.687418877143),
2026-07-09 03:18:12,048 | INFO | 	                    (29, 7306.687418877143),
[92mINFO [0m:      	                    (30, 7235.178720742932),
2026-07-09 03:18:12,048 | INFO | 	                    (30, 7235.178720742932),
[92mINFO [0m:      	                    (31, 7153.070416744257),
2026-07-09 03:18:12,048 | INFO | 	                    (31, 7153.070416744257),
[92mINFO [0m:      	                    (32, 7050.790209793012),
2026-07-09 03:18:12,048 | INFO | 	                    (32, 7050.790209793012),
[92mINFO [0m:      	                    (33, 6972.452996463567),
2026-07-09 03:18:12,048 | INFO | 	                    (33, 6972.452996463567),
[92mINFO [0m:      	                    (34, 6869.1148352439795),
2026-07-09 03:18:12,048 | INFO | 	                    (34, 6869.1148352439795),
[92mINFO [0m:      	                    (35, 6801.283683358693),
2026-07-09 03:18:12,048 | INFO | 	                    (35, 6801.283683358693),
[92mINFO [0m:      	                    (36, 6729.8285492813275),
2026-07-09 03:18:12,048 | INFO | 	                    (36, 6729.8285492813275),
[92mINFO [0m:      	                    (37, 6613.958513885019),
2026-07-09 03:18:12,048 | INFO | 	                    (37, 6613.958513885019),
[92mINFO [0m:      	                    (38, 6546.172889295536),
2026-07-09 03:18:12,048 | INFO | 	                    (38, 6546.172889295536),
[92mINFO [0m:      	                    (39, 6488.911642491114),
2026-07-09 03:18:12,048 | INFO | 	                    (39, 6488.911642491114),
[92mINFO [0m:      	                    (40, 6388.063517856243),
2026-07-09 03:18:12,048 | INFO | 	                    (40, 6388.063517856243),
[92mINFO [0m:      	                    (41, 6328.532113408828),
2026-07-09 03:18:12,048 | INFO | 	                    (41, 6328.532113408828),
[92mINFO [0m:      	                    (42, 6238.844002178082),
2026-07-09 03:18:12,048 | INFO | 	                    (42, 6238.844002178082),
[92mINFO [0m:      	                    (43, 6178.179777892599),
2026-07-09 03:18:12,048 | INFO | 	                    (43, 6178.179777892599),
[92mINFO [0m:      	                    (44, 6073.364907339725),
2026-07-09 03:18:12,048 | INFO | 	                    (44, 6073.364907339725),
[92mINFO [0m:      	                    (45, 6004.718465483702),
2026-07-09 03:18:12,048 | INFO | 	                    (45, 6004.718465483702),
[92mINFO [0m:      	                    (46, 5919.881952761495),
2026-07-09 03:18:12,048 | INFO | 	                    (46, 5919.881952761495),
[92mINFO [0m:      	                    (47, 5833.587297913816),
2026-07-09 03:18:12,048 | INFO | 	                    (47, 5833.587297913816),
[92mINFO [0m:      	                    (48, 5758.045868933448),
2026-07-09 03:18:12,048 | INFO | 	                    (48, 5758.045868933448),
[92mINFO [0m:      	                    (49, 5663.0256902568135),
2026-07-09 03:18:12,048 | INFO | 	                    (49, 5663.0256902568135),
[92mINFO [0m:      	                    (50, 5588.4486049436),
2026-07-09 03:18:12,048 | INFO | 	                    (50, 5588.4486049436),
[92mINFO [0m:      	                    (51, 5536.454412817757),
2026-07-09 03:18:12,048 | INFO | 	                    (51, 5536.454412817757),
[92mINFO [0m:      	                    (52, 5460.644766992949),
2026-07-09 03:18:12,048 | INFO | 	                    (52, 5460.644766992949),
[92mINFO [0m:      	                    (53, 5364.862617350833),
2026-07-09 03:18:12,048 | INFO | 	                    (53, 5364.862617350833),
[92mINFO [0m:      	                    (54, 5320.84197199342),
2026-07-09 03:18:12,048 | INFO | 	                    (54, 5320.84197199342),
[92mINFO [0m:      	                    (55, 5241.018994998012),
2026-07-09 03:18:12,048 | INFO | 	                    (55, 5241.018994998012),
[92mINFO [0m:      	                    (56, 5166.658631392654),
2026-07-09 03:18:12,048 | INFO | 	                    (56, 5166.658631392654),
[92mINFO [0m:      	                    (57, 5086.861101503189),
2026-07-09 03:18:12,048 | INFO | 	                    (57, 5086.861101503189),
[92mINFO [0m:      	                    (58, 5002.45514756865),
2026-07-09 03:18:12,048 | INFO | 	                    (58, 5002.45514756865),
[92mINFO [0m:      	                    (59, 4940.6371777236845),
2026-07-09 03:18:12,048 | INFO | 	                    (59, 4940.6371777236845),
[92mINFO [0m:      	                    (60, 4866.562032812614)],
2026-07-09 03:18:12,048 | INFO | 	                    (60, 4866.562032812614)],
[92mINFO [0m:      	 'prior_loss_p90': [(1, 9530.735362388235),
2026-07-09 03:18:12,048 | INFO | 	 'prior_loss_p90': [(1, 9530.735362388235),
[92mINFO [0m:      	                    (2, 9408.025040537677),
2026-07-09 03:18:12,048 | INFO | 	                    (2, 9408.025040537677),
[92mINFO [0m:      	                    (3, 9352.12964887924),
2026-07-09 03:18:12,049 | INFO | 	                    (3, 9352.12964887924),
[92mINFO [0m:      	                    (4, 9281.412006174094),
2026-07-09 03:18:12,049 | INFO | 	                    (4, 9281.412006174094),
[92mINFO [0m:      	                    (5, 9214.119668381616),
2026-07-09 03:18:12,049 | INFO | 	                    (5, 9214.119668381616),
[92mINFO [0m:      	                    (6, 9126.291174547669),
2026-07-09 03:18:12,049 | INFO | 	                    (6, 9126.291174547669),
[92mINFO [0m:      	                    (7, 8989.8740871641),
2026-07-09 03:18:12,049 | INFO | 	                    (7, 8989.8740871641),
[92mINFO [0m:      	                    (8, 8953.631625353193),
2026-07-09 03:18:12,049 | INFO | 	                    (8, 8953.631625353193),
[92mINFO [0m:      	                    (9, 8875.693111267987),
2026-07-09 03:18:12,049 | INFO | 	                    (9, 8875.693111267987),
[92mINFO [0m:      	                    (10, 8717.837470461347),
2026-07-09 03:18:12,049 | INFO | 	                    (10, 8717.837470461347),
[92mINFO [0m:      	                    (11, 8695.516041076035),
2026-07-09 03:18:12,049 | INFO | 	                    (11, 8695.516041076035),
[92mINFO [0m:      	                    (12, 8616.684118062361),
2026-07-09 03:18:12,049 | INFO | 	                    (12, 8616.684118062361),
[92mINFO [0m:      	                    (13, 8563.096453991546),
2026-07-09 03:18:12,049 | INFO | 	                    (13, 8563.096453991546),
[92mINFO [0m:      	                    (14, 8516.977642067084),
2026-07-09 03:18:12,049 | INFO | 	                    (14, 8516.977642067084),
[92mINFO [0m:      	                    (15, 8424.170022757686),
2026-07-09 03:18:12,049 | INFO | 	                    (15, 8424.170022757686),
[92mINFO [0m:      	                    (16, 8377.582321167536),
2026-07-09 03:18:12,049 | INFO | 	                    (16, 8377.582321167536),
[92mINFO [0m:      	                    (17, 8286.152043939386),
2026-07-09 03:18:12,049 | INFO | 	                    (17, 8286.152043939386),
[92mINFO [0m:      	                    (18, 8188.044479665913),
2026-07-09 03:18:12,049 | INFO | 	                    (18, 8188.044479665913),
[92mINFO [0m:      	                    (19, 8146.39020550167),
2026-07-09 03:18:12,049 | INFO | 	                    (19, 8146.39020550167),
[92mINFO [0m:      	                    (20, 8048.376316320032),
2026-07-09 03:18:12,049 | INFO | 	                    (20, 8048.376316320032),
[92mINFO [0m:      	                    (21, 7955.761344990256),
2026-07-09 03:18:12,049 | INFO | 	                    (21, 7955.761344990256),
[92mINFO [0m:      	                    (22, 7878.835017435052),
2026-07-09 03:18:12,049 | INFO | 	                    (22, 7878.835017435052),
[92mINFO [0m:      	                    (23, 7799.76631069761),
2026-07-09 03:18:12,049 | INFO | 	                    (23, 7799.76631069761),
[92mINFO [0m:      	                    (24, 7763.972753913738),
2026-07-09 03:18:12,049 | INFO | 	                    (24, 7763.972753913738),
[92mINFO [0m:      	                    (25, 7664.199881955489),
2026-07-09 03:18:12,049 | INFO | 	                    (25, 7664.199881955489),
[92mINFO [0m:      	                    (26, 7569.26403470028),
2026-07-09 03:18:12,049 | INFO | 	                    (26, 7569.26403470028),
[92mINFO [0m:      	                    (27, 7514.139974955988),
2026-07-09 03:18:12,049 | INFO | 	                    (27, 7514.139974955988),
[92mINFO [0m:      	                    (28, 7428.056990372591),
2026-07-09 03:18:12,049 | INFO | 	                    (28, 7428.056990372591),
[92mINFO [0m:      	                    (29, 7342.881829749211),
2026-07-09 03:18:12,049 | INFO | 	                    (29, 7342.881829749211),
[92mINFO [0m:      	                    (30, 7269.6683364122955),
2026-07-09 03:18:12,049 | INFO | 	                    (30, 7269.6683364122955),
[92mINFO [0m:      	                    (31, 7205.258623108664),
2026-07-09 03:18:12,049 | INFO | 	                    (31, 7205.258623108664),
[92mINFO [0m:      	                    (32, 7097.357159925422),
2026-07-09 03:18:12,049 | INFO | 	                    (32, 7097.357159925422),
[92mINFO [0m:      	                    (33, 7011.25680762977),
2026-07-09 03:18:12,049 | INFO | 	                    (33, 7011.25680762977),
[92mINFO [0m:      	                    (34, 6919.828896078846),
2026-07-09 03:18:12,049 | INFO | 	                    (34, 6919.828896078846),
[92mINFO [0m:      	                    (35, 6841.910021626008),
2026-07-09 03:18:12,049 | INFO | 	                    (35, 6841.910021626008),
[92mINFO [0m:      	                    (36, 6762.452518330288),
2026-07-09 03:18:12,049 | INFO | 	                    (36, 6762.452518330288),
[92mINFO [0m:      	                    (37, 6691.12954330548),
2026-07-09 03:18:12,049 | INFO | 	                    (37, 6691.12954330548),
[92mINFO [0m:      	                    (38, 6609.735413856423),
2026-07-09 03:18:12,049 | INFO | 	                    (38, 6609.735413856423),
[92mINFO [0m:      	                    (39, 6529.188499408418),
2026-07-09 03:18:12,049 | INFO | 	                    (39, 6529.188499408418),
[92mINFO [0m:      	                    (40, 6423.18521177588),
2026-07-09 03:18:12,049 | INFO | 	                    (40, 6423.18521177588),
[92mINFO [0m:      	                    (41, 6382.2940385290885),
2026-07-09 03:18:12,050 | INFO | 	                    (41, 6382.2940385290885),
[92mINFO [0m:      	                    (42, 6283.508033596285),
2026-07-09 03:18:12,050 | INFO | 	                    (42, 6283.508033596285),
[92mINFO [0m:      	                    (43, 6223.9636627168165),
2026-07-09 03:18:12,050 | INFO | 	                    (43, 6223.9636627168165),
[92mINFO [0m:      	                    (44, 6114.303720682228),
2026-07-09 03:18:12,050 | INFO | 	                    (44, 6114.303720682228),
[92mINFO [0m:      	                    (45, 6015.846180962386),
2026-07-09 03:18:12,050 | INFO | 	                    (45, 6015.846180962386),
[92mINFO [0m:      	                    (46, 5936.014250456959),
2026-07-09 03:18:12,050 | INFO | 	                    (46, 5936.014250456959),
[92mINFO [0m:      	                    (47, 5855.473330944546),
2026-07-09 03:18:12,050 | INFO | 	                    (47, 5855.473330944546),
[92mINFO [0m:      	                    (48, 5799.763777456405),
2026-07-09 03:18:12,050 | INFO | 	                    (48, 5799.763777456405),
[92mINFO [0m:      	                    (49, 5714.299260100404),
2026-07-09 03:18:12,050 | INFO | 	                    (49, 5714.299260100404),
[92mINFO [0m:      	                    (50, 5637.574976354126),
2026-07-09 03:18:12,050 | INFO | 	                    (50, 5637.574976354126),
[92mINFO [0m:      	                    (51, 5556.334633085717),
2026-07-09 03:18:12,050 | INFO | 	                    (51, 5556.334633085717),
[92mINFO [0m:      	                    (52, 5494.06355518716),
2026-07-09 03:18:12,050 | INFO | 	                    (52, 5494.06355518716),
[92mINFO [0m:      	                    (53, 5393.911936653834),
2026-07-09 03:18:12,050 | INFO | 	                    (53, 5393.911936653834),
[92mINFO [0m:      	                    (54, 5343.3197884940155),
2026-07-09 03:18:12,050 | INFO | 	                    (54, 5343.3197884940155),
[92mINFO [0m:      	                    (55, 5277.140277918126),
2026-07-09 03:18:12,050 | INFO | 	                    (55, 5277.140277918126),
[92mINFO [0m:      	                    (56, 5186.161231022648),
2026-07-09 03:18:12,050 | INFO | 	                    (56, 5186.161231022648),
[92mINFO [0m:      	                    (57, 5110.981457343645),
2026-07-09 03:18:12,050 | INFO | 	                    (57, 5110.981457343645),
[92mINFO [0m:      	                    (58, 5058.5543702029745),
2026-07-09 03:18:12,050 | INFO | 	                    (58, 5058.5543702029745),
[92mINFO [0m:      	                    (59, 4983.7486188299745),
2026-07-09 03:18:12,050 | INFO | 	                    (59, 4983.7486188299745),
[92mINFO [0m:      	                    (60, 4884.257757291812)],
2026-07-09 03:18:12,050 | INFO | 	                    (60, 4884.257757291812)],
[92mINFO [0m:      	 'prior_loss_std': [(1, 940.0140152821162),
2026-07-09 03:18:12,050 | INFO | 	 'prior_loss_std': [(1, 940.0140152821162),
[92mINFO [0m:      	                    (2, 844.7030478276331),
2026-07-09 03:18:12,050 | INFO | 	                    (2, 844.7030478276331),
[92mINFO [0m:      	                    (3, 843.1042138658923),
2026-07-09 03:18:12,050 | INFO | 	                    (3, 843.1042138658923),
[92mINFO [0m:      	                    (4, 888.330271457722),
2026-07-09 03:18:12,050 | INFO | 	                    (4, 888.330271457722),
[92mINFO [0m:      	                    (5, 732.5354582578747),
2026-07-09 03:18:12,050 | INFO | 	                    (5, 732.5354582578747),
[92mINFO [0m:      	                    (6, 894.6873935482645),
2026-07-09 03:18:12,050 | INFO | 	                    (6, 894.6873935482645),
[92mINFO [0m:      	                    (7, 985.5299264286766),
2026-07-09 03:18:12,050 | INFO | 	                    (7, 985.5299264286766),
[92mINFO [0m:      	                    (8, 971.9649042227164),
2026-07-09 03:18:12,050 | INFO | 	                    (8, 971.9649042227164),
[92mINFO [0m:      	                    (9, 730.5498696438874),
2026-07-09 03:18:12,050 | INFO | 	                    (9, 730.5498696438874),
[92mINFO [0m:      	                    (10, 1028.1537259094482),
2026-07-09 03:18:12,050 | INFO | 	                    (10, 1028.1537259094482),
[92mINFO [0m:      	                    (11, 1094.9029701411241),
2026-07-09 03:18:12,050 | INFO | 	                    (11, 1094.9029701411241),
[92mINFO [0m:      	                    (12, 872.0742804949017),
2026-07-09 03:18:12,050 | INFO | 	                    (12, 872.0742804949017),
[92mINFO [0m:      	                    (13, 768.1561790007994),
2026-07-09 03:18:12,050 | INFO | 	                    (13, 768.1561790007994),
[92mINFO [0m:      	                    (14, 567.4021639993362),
2026-07-09 03:18:12,050 | INFO | 	                    (14, 567.4021639993362),
[92mINFO [0m:      	                    (15, 753.4639992998991),
2026-07-09 03:18:12,050 | INFO | 	                    (15, 753.4639992998991),
[92mINFO [0m:      	                    (16, 712.4738497542662),
2026-07-09 03:18:12,050 | INFO | 	                    (16, 712.4738497542662),
[92mINFO [0m:      	                    (17, 892.8965586476606),
2026-07-09 03:18:12,050 | INFO | 	                    (17, 892.8965586476606),
[92mINFO [0m:      	                    (18, 883.5960834517036),
2026-07-09 03:18:12,050 | INFO | 	                    (18, 883.5960834517036),
[92mINFO [0m:      	                    (19, 962.8038848171699),
2026-07-09 03:18:12,050 | INFO | 	                    (19, 962.8038848171699),
[92mINFO [0m:      	                    (20, 927.9604391993297),
2026-07-09 03:18:12,051 | INFO | 	                    (20, 927.9604391993297),
[92mINFO [0m:      	                    (21, 1095.3645287415818),
2026-07-09 03:18:12,051 | INFO | 	                    (21, 1095.3645287415818),
[92mINFO [0m:      	                    (22, 553.8783515154197),
2026-07-09 03:18:12,051 | INFO | 	                    (22, 553.8783515154197),
[92mINFO [0m:      	                    (23, 732.7089874671755),
2026-07-09 03:18:12,051 | INFO | 	                    (23, 732.7089874671755),
[92mINFO [0m:      	                    (24, 1090.175333163603),
2026-07-09 03:18:12,051 | INFO | 	                    (24, 1090.175333163603),
[92mINFO [0m:      	                    (25, 887.0414299317854),
2026-07-09 03:18:12,051 | INFO | 	                    (25, 887.0414299317854),
[92mINFO [0m:      	                    (26, 716.5322170171718),
2026-07-09 03:18:12,051 | INFO | 	                    (26, 716.5322170171718),
[92mINFO [0m:      	                    (27, 992.219633449851),
2026-07-09 03:18:12,051 | INFO | 	                    (27, 992.219633449851),
[92mINFO [0m:      	                    (28, 760.4806375303889),
2026-07-09 03:18:12,051 | INFO | 	                    (28, 760.4806375303889),
[92mINFO [0m:      	                    (29, 990.2994054760708),
2026-07-09 03:18:12,051 | INFO | 	                    (29, 990.2994054760708),
[92mINFO [0m:      	                    (30, 768.8425242395152),
2026-07-09 03:18:12,051 | INFO | 	                    (30, 768.8425242395152),
[92mINFO [0m:      	                    (31, 942.684905097804),
2026-07-09 03:18:12,051 | INFO | 	                    (31, 942.684905097804),
[92mINFO [0m:      	                    (32, 1038.3231820541523),
2026-07-09 03:18:12,051 | INFO | 	                    (32, 1038.3231820541523),
[92mINFO [0m:      	                    (33, 974.9253539869278),
2026-07-09 03:18:12,051 | INFO | 	                    (33, 974.9253539869278),
[92mINFO [0m:      	                    (34, 1111.1525756010578),
2026-07-09 03:18:12,051 | INFO | 	                    (34, 1111.1525756010578),
[92mINFO [0m:      	                    (35, 814.6825590992056),
2026-07-09 03:18:12,051 | INFO | 	                    (35, 814.6825590992056),
[92mINFO [0m:      	                    (36, 617.3309929382999),
2026-07-09 03:18:12,051 | INFO | 	                    (36, 617.3309929382999),
[92mINFO [0m:      	                    (37, 1035.1720163127454),
2026-07-09 03:18:12,051 | INFO | 	                    (37, 1035.1720163127454),
[92mINFO [0m:      	                    (38, 925.9405207440908),
2026-07-09 03:18:12,051 | INFO | 	                    (38, 925.9405207440908),
[92mINFO [0m:      	                    (39, 949.8596279902098),
2026-07-09 03:18:12,051 | INFO | 	                    (39, 949.8596279902098),
[92mINFO [0m:      	                    (40, 850.140521962548),
2026-07-09 03:18:12,051 | INFO | 	                    (40, 850.140521962548),
[92mINFO [0m:      	                    (41, 788.9221099159356),
2026-07-09 03:18:12,051 | INFO | 	                    (41, 788.9221099159356),
[92mINFO [0m:      	                    (42, 687.3711058489514),
2026-07-09 03:18:12,051 | INFO | 	                    (42, 687.3711058489514),
[92mINFO [0m:      	                    (43, 923.2455891193327),
2026-07-09 03:18:12,051 | INFO | 	                    (43, 923.2455891193327),
[92mINFO [0m:      	                    (44, 694.0039056606554),
2026-07-09 03:18:12,051 | INFO | 	                    (44, 694.0039056606554),
[92mINFO [0m:      	                    (45, 520.2388248435758),
2026-07-09 03:18:12,051 | INFO | 	                    (45, 520.2388248435758),
[92mINFO [0m:      	                    (46, 667.9254241574778),
2026-07-09 03:18:12,051 | INFO | 	                    (46, 667.9254241574778),
[92mINFO [0m:      	                    (47, 769.0621110589777),
2026-07-09 03:18:12,051 | INFO | 	                    (47, 769.0621110589777),
[92mINFO [0m:      	                    (48, 822.7671898870683),
2026-07-09 03:18:12,051 | INFO | 	                    (48, 822.7671898870683),
[92mINFO [0m:      	                    (49, 753.2914773036645),
2026-07-09 03:18:12,051 | INFO | 	                    (49, 753.2914773036645),
[92mINFO [0m:      	                    (50, 590.2926041827943),
2026-07-09 03:18:12,051 | INFO | 	                    (50, 590.2926041827943),
[92mINFO [0m:      	                    (51, 588.8716800975895),
2026-07-09 03:18:12,051 | INFO | 	                    (51, 588.8716800975895),
[92mINFO [0m:      	                    (52, 644.9307274534345),
2026-07-09 03:18:12,051 | INFO | 	                    (52, 644.9307274534345),
[92mINFO [0m:      	                    (53, 567.1019011232387),
2026-07-09 03:18:12,051 | INFO | 	                    (53, 567.1019011232387),
[92mINFO [0m:      	                    (54, 674.7465484913399),
2026-07-09 03:18:12,051 | INFO | 	                    (54, 674.7465484913399),
[92mINFO [0m:      	                    (55, 690.7744343770199),
2026-07-09 03:18:12,051 | INFO | 	                    (55, 690.7744343770199),
[92mINFO [0m:      	                    (56, 515.2377168848174),
2026-07-09 03:18:12,051 | INFO | 	                    (56, 515.2377168848174),
[92mINFO [0m:      	                    (57, 559.7840838987769),
2026-07-09 03:18:12,051 | INFO | 	                    (57, 559.7840838987769),
[92mINFO [0m:      	                    (58, 578.3050606384504),
2026-07-09 03:18:12,052 | INFO | 	                    (58, 578.3050606384504),
[92mINFO [0m:      	                    (59, 686.7383614720939),
2026-07-09 03:18:12,052 | INFO | 	                    (59, 686.7383614720939),
[92mINFO [0m:      	                    (60, 416.0181749701744)],
2026-07-09 03:18:12,052 | INFO | 	                    (60, 416.0181749701744)],
[92mINFO [0m:      	 'regularization_loss_max': [(1, 9593.663635866493),
2026-07-09 03:18:12,052 | INFO | 	 'regularization_loss_max': [(1, 9593.663635866493),
[92mINFO [0m:      	                             (2, 9424.927072963772),
2026-07-09 03:18:12,052 | INFO | 	                             (2, 9424.927072963772),
[92mINFO [0m:      	                             (3, 9391.453849902215),
2026-07-09 03:18:12,052 | INFO | 	                             (3, 9391.453849902215),
[92mINFO [0m:      	                             (4, 9324.661665360434),
2026-07-09 03:18:12,052 | INFO | 	                             (4, 9324.661665360434),
[92mINFO [0m:      	                             (5, 9305.930963117478),
2026-07-09 03:18:12,052 | INFO | 	                             (5, 9305.930963117478),
[92mINFO [0m:      	                             (6, 9138.418437810102),
2026-07-09 03:18:12,052 | INFO | 	                             (6, 9138.418437810102),
[92mINFO [0m:      	                             (7, 8997.739797140202),
2026-07-09 03:18:12,052 | INFO | 	                             (7, 8997.739797140202),
[92mINFO [0m:      	                             (8, 8995.92767853575),
2026-07-09 03:18:12,052 | INFO | 	                             (8, 8995.92767853575),
[92mINFO [0m:      	                             (9, 8884.978771308171),
2026-07-09 03:18:12,052 | INFO | 	                             (9, 8884.978771308171),
[92mINFO [0m:      	                             (10, 8821.38252628283),
2026-07-09 03:18:12,052 | INFO | 	                             (10, 8821.38252628283),
[92mINFO [0m:      	                             (11, 8740.71454261669),
2026-07-09 03:18:12,052 | INFO | 	                             (11, 8740.71454261669),
[92mINFO [0m:      	                             (12, 8620.590278649976),
2026-07-09 03:18:12,052 | INFO | 	                             (12, 8620.590278649976),
[92mINFO [0m:      	                             (13, 8568.166725781111),
2026-07-09 03:18:12,052 | INFO | 	                             (13, 8568.166725781111),
[92mINFO [0m:      	                             (14, 8528.397920238363),
2026-07-09 03:18:12,052 | INFO | 	                             (14, 8528.397920238363),
[92mINFO [0m:      	                             (15, 8441.340642160487),
2026-07-09 03:18:12,052 | INFO | 	                             (15, 8441.340642160487),
[92mINFO [0m:      	                             (16, 8413.346658609415),
2026-07-09 03:18:12,052 | INFO | 	                             (16, 8413.346658609415),
[92mINFO [0m:      	                             (17, 8314.980079140249),
2026-07-09 03:18:12,052 | INFO | 	                             (17, 8314.980079140249),
[92mINFO [0m:      	                             (18, 8197.835338373898),
2026-07-09 03:18:12,052 | INFO | 	                             (18, 8197.835338373898),
[92mINFO [0m:      	                             (19, 8159.914857792666),
2026-07-09 03:18:12,052 | INFO | 	                             (19, 8159.914857792666),
[92mINFO [0m:      	                             (20, 8088.914523719404),
2026-07-09 03:18:12,052 | INFO | 	                             (20, 8088.914523719404),
[92mINFO [0m:      	                             (21, 7965.617843824312),
2026-07-09 03:18:12,052 | INFO | 	                             (21, 7965.617843824312),
[92mINFO [0m:      	                             (22, 7883.681602289195),
2026-07-09 03:18:12,052 | INFO | 	                             (22, 7883.681602289195),
[92mINFO [0m:      	                             (23, 7803.167337555305),
2026-07-09 03:18:12,052 | INFO | 	                             (23, 7803.167337555305),
[92mINFO [0m:      	                             (24, 7786.220428423312),
2026-07-09 03:18:12,052 | INFO | 	                             (24, 7786.220428423312),
[92mINFO [0m:      	                             (25, 7717.089870420333),
2026-07-09 03:18:12,052 | INFO | 	                             (25, 7717.089870420333),
[92mINFO [0m:      	                             (26, 7638.5881680728035),
2026-07-09 03:18:12,052 | INFO | 	                             (26, 7638.5881680728035),
[92mINFO [0m:      	                             (27, 7556.736104603546),
2026-07-09 03:18:12,052 | INFO | 	                             (27, 7556.736104603546),
[92mINFO [0m:      	                             (28, 7458.275938662136),
2026-07-09 03:18:12,052 | INFO | 	                             (28, 7458.275938662136),
[92mINFO [0m:      	                             (29, 7345.766968245113),
2026-07-09 03:18:12,052 | INFO | 	                             (29, 7345.766968245113),
[92mINFO [0m:      	                             (30, 7276.997129023243),
2026-07-09 03:18:12,052 | INFO | 	                             (30, 7276.997129023243),
[92mINFO [0m:      	                             (31, 7218.542425031351),
2026-07-09 03:18:12,052 | INFO | 	                             (31, 7218.542425031351),
[92mINFO [0m:      	                             (32, 7104.127200004074),
2026-07-09 03:18:12,052 | INFO | 	                             (32, 7104.127200004074),
[92mINFO [0m:      	                             (33, 7025.9330000302125),
2026-07-09 03:18:12,052 | INFO | 	                             (33, 7025.9330000302125),
[92mINFO [0m:      	                             (34, 6943.019355196343),
2026-07-09 03:18:12,052 | INFO | 	                             (34, 6943.019355196343),
[92mINFO [0m:      	                             (35, 6860.444043488225),
2026-07-09 03:18:12,052 | INFO | 	                             (35, 6860.444043488225),
[92mINFO [0m:      	                             (36, 6791.408548281714),
2026-07-09 03:18:12,053 | INFO | 	                             (36, 6791.408548281714),
[92mINFO [0m:      	                             (37, 6718.882396027378),
2026-07-09 03:18:12,053 | INFO | 	                             (37, 6718.882396027378),
[92mINFO [0m:      	                             (38, 6641.382328476137),
2026-07-09 03:18:12,053 | INFO | 	                             (38, 6641.382328476137),
[92mINFO [0m:      	                             (39, 6552.743958931692),
2026-07-09 03:18:12,053 | INFO | 	                             (39, 6552.743958931692),
[92mINFO [0m:      	                             (40, 6425.071176332251),
2026-07-09 03:18:12,053 | INFO | 	                             (40, 6425.071176332251),
[92mINFO [0m:      	                             (41, 6417.030199468183),
2026-07-09 03:18:12,053 | INFO | 	                             (41, 6417.030199468183),
[92mINFO [0m:      	                             (42, 6314.654568334276),
2026-07-09 03:18:12,053 | INFO | 	                             (42, 6314.654568334276),
[92mINFO [0m:      	                             (43, 6241.820195167721),
2026-07-09 03:18:12,053 | INFO | 	                             (43, 6241.820195167721),
[92mINFO [0m:      	                             (44, 6119.8442488095725),
2026-07-09 03:18:12,053 | INFO | 	                             (44, 6119.8442488095725),
[92mINFO [0m:      	                             (45, 6036.787844342225),
2026-07-09 03:18:12,053 | INFO | 	                             (45, 6036.787844342225),
[92mINFO [0m:      	                             (46, 5941.310768105925),
2026-07-09 03:18:12,053 | INFO | 	                             (46, 5941.310768105925),
[92mINFO [0m:      	                             (47, 5879.2668840421275),
2026-07-09 03:18:12,053 | INFO | 	                             (47, 5879.2668840421275),
[92mINFO [0m:      	                             (48, 5819.622914820095),
2026-07-09 03:18:12,053 | INFO | 	                             (48, 5819.622914820095),
[92mINFO [0m:      	                             (49, 5736.806777302314),
2026-07-09 03:18:12,053 | INFO | 	                             (49, 5736.806777302314),
[92mINFO [0m:      	                             (50, 5652.868876251601),
2026-07-09 03:18:12,053 | INFO | 	                             (50, 5652.868876251601),
[92mINFO [0m:      	                             (51, 5559.147276483341),
2026-07-09 03:18:12,053 | INFO | 	                             (51, 5559.147276483341),
[92mINFO [0m:      	                             (52, 5510.276653842686),
2026-07-09 03:18:12,053 | INFO | 	                             (52, 5510.276653842686),
[92mINFO [0m:      	                             (53, 5419.712266531379),
2026-07-09 03:18:12,053 | INFO | 	                             (53, 5419.712266531379),
[92mINFO [0m:      	                             (54, 5354.305073318529),
2026-07-09 03:18:12,053 | INFO | 	                             (54, 5354.305073318529),
[92mINFO [0m:      	                             (55, 5281.945192822189),
2026-07-09 03:18:12,053 | INFO | 	                             (55, 5281.945192822189),
[92mINFO [0m:      	                             (56, 5190.783011014786),
2026-07-09 03:18:12,053 | INFO | 	                             (56, 5190.783011014786),
[92mINFO [0m:      	                             (57, 5144.9953180910215),
2026-07-09 03:18:12,053 | INFO | 	                             (57, 5144.9953180910215),
[92mINFO [0m:      	                             (58, 5067.173920617036),
2026-07-09 03:18:12,053 | INFO | 	                             (58, 5067.173920617036),
[92mINFO [0m:      	                             (59, 5008.6804741953565),
2026-07-09 03:18:12,053 | INFO | 	                             (59, 5008.6804741953565),
[92mINFO [0m:      	                             (60, 4912.014348282856)],
2026-07-09 03:18:12,053 | INFO | 	                             (60, 4912.014348282856)],
[92mINFO [0m:      	 'regularization_loss_mean': [(1, 8837.419152132667),
2026-07-09 03:18:12,053 | INFO | 	 'regularization_loss_mean': [(1, 8837.419152132667),
[92mINFO [0m:      	                              (2, 9017.66378014177),
2026-07-09 03:18:12,053 | INFO | 	                              (2, 9017.66378014177),
[92mINFO [0m:      	                              (3, 8839.75638507894),
2026-07-09 03:18:12,053 | INFO | 	                              (3, 8839.75638507894),
[92mINFO [0m:      	                              (4, 8845.889398180705),
2026-07-09 03:18:12,053 | INFO | 	                              (4, 8845.889398180705),
[92mINFO [0m:      	                              (5, 8839.600408802613),
2026-07-09 03:18:12,053 | INFO | 	                              (5, 8839.600408802613),
[92mINFO [0m:      	                              (6, 8601.596056233666),
2026-07-09 03:18:12,053 | INFO | 	                              (6, 8601.596056233666),
[92mINFO [0m:      	                              (7, 8341.256767019238),
2026-07-09 03:18:12,053 | INFO | 	                              (7, 8341.256767019238),
[92mINFO [0m:      	                              (8, 8410.063591436754),
2026-07-09 03:18:12,053 | INFO | 	                              (8, 8410.063591436754),
[92mINFO [0m:      	                              (9, 8517.823228149053),
2026-07-09 03:18:12,053 | INFO | 	                              (9, 8517.823228149053),
[92mINFO [0m:      	                              (10, 7986.919687822147),
2026-07-09 03:18:12,053 | INFO | 	                              (10, 7986.919687822147),
[92mINFO [0m:      	                              (11, 8009.578906890339),
2026-07-09 03:18:12,053 | INFO | 	                              (11, 8009.578906890339),
[92mINFO [0m:      	                              (12, 8138.11903767154),
2026-07-09 03:18:12,053 | INFO | 	                              (12, 8138.11903767154),
[92mINFO [0m:      	                              (13, 8215.219937797401),
2026-07-09 03:18:12,053 | INFO | 	                              (13, 8215.219937797401),
[92mINFO [0m:      	                              (14, 8306.917276304603),
2026-07-09 03:18:12,054 | INFO | 	                              (14, 8306.917276304603),
[92mINFO [0m:      	                              (15, 8090.331977302314),
2026-07-09 03:18:12,054 | INFO | 	                              (15, 8090.331977302314),
[92mINFO [0m:      	                              (16, 8144.19178444519),
2026-07-09 03:18:12,054 | INFO | 	                              (16, 8144.19178444519),
[92mINFO [0m:      	                              (17, 7794.4713196939865),
2026-07-09 03:18:12,054 | INFO | 	                              (17, 7794.4713196939865),
[92mINFO [0m:      	                              (18, 7714.57165658259),
2026-07-09 03:18:12,054 | INFO | 	                              (18, 7714.57165658259),
[92mINFO [0m:      	                              (19, 7614.639034868075),
2026-07-09 03:18:12,054 | INFO | 	                              (19, 7614.639034868075),
[92mINFO [0m:      	                              (20, 7559.544403471924),
2026-07-09 03:18:12,054 | INFO | 	                              (20, 7559.544403471924),
[92mINFO [0m:      	                              (21, 7161.671877609027),
2026-07-09 03:18:12,054 | INFO | 	                              (21, 7161.671877609027),
[92mINFO [0m:      	                              (22, 7698.271405022943),
2026-07-09 03:18:12,054 | INFO | 	                              (22, 7698.271405022943),
[92mINFO [0m:      	                              (23, 7487.017029591408),
2026-07-09 03:18:12,054 | INFO | 	                              (23, 7487.017029591408),
[92mINFO [0m:      	                              (24, 7046.880174583701),
2026-07-09 03:18:12,054 | INFO | 	                              (24, 7046.880174583701),
[92mINFO [0m:      	                              (25, 7186.397462112083),
2026-07-09 03:18:12,054 | INFO | 	                              (25, 7186.397462112083),
[92mINFO [0m:      	                              (26, 7263.440935120467),
2026-07-09 03:18:12,054 | INFO | 	                              (26, 7263.440935120467),
[92mINFO [0m:      	                              (27, 6888.908355629921),
2026-07-09 03:18:12,054 | INFO | 	                              (27, 6888.908355629921),
[92mINFO [0m:      	                              (28, 7088.443317632162),
2026-07-09 03:18:12,054 | INFO | 	                              (28, 7088.443317632162),
[92mINFO [0m:      	                              (29, 6723.221097798413),
2026-07-09 03:18:12,054 | INFO | 	                              (29, 6723.221097798413),
[92mINFO [0m:      	                              (30, 6933.59497301013),
2026-07-09 03:18:12,054 | INFO | 	                              (30, 6933.59497301013),
[92mINFO [0m:      	                              (31, 6606.9602421386),
2026-07-09 03:18:12,054 | INFO | 	                              (31, 6606.9602421386),
[92mINFO [0m:      	                              (32, 6337.571054680628),
2026-07-09 03:18:12,054 | INFO | 	                              (32, 6337.571054680628),
[92mINFO [0m:      	                              (33, 6402.927923511406),
2026-07-09 03:18:12,054 | INFO | 	                              (33, 6402.927923511406),
[92mINFO [0m:      	                              (34, 5996.696554506566),
2026-07-09 03:18:12,054 | INFO | 	                              (34, 5996.696554506566),
[92mINFO [0m:      	                              (35, 6404.381203145196),
2026-07-09 03:18:12,054 | INFO | 	                              (35, 6404.381203145196),
[92mINFO [0m:      	                              (36, 6491.127671661602),
2026-07-09 03:18:12,054 | INFO | 	                              (36, 6491.127671661602),
[92mINFO [0m:      	                              (37, 5699.645577396163),
2026-07-09 03:18:12,054 | INFO | 	                              (37, 5699.645577396163),
[92mINFO [0m:      	                              (38, 6022.447703109753),
2026-07-09 03:18:12,054 | INFO | 	                              (38, 6022.447703109753),
[92mINFO [0m:      	                              (39, 5840.517187900618),
2026-07-09 03:18:12,054 | INFO | 	                              (39, 5840.517187900618),
[92mINFO [0m:      	                              (40, 5808.544527986869),
2026-07-09 03:18:12,054 | INFO | 	                              (40, 5808.544527986869),
[92mINFO [0m:      	                              (41, 5876.502795764612),
2026-07-09 03:18:12,054 | INFO | 	                              (41, 5876.502795764612),
[92mINFO [0m:      	                              (42, 5977.142281787227),
2026-07-09 03:18:12,054 | INFO | 	                              (42, 5977.142281787227),
[92mINFO [0m:      	                              (43, 5552.758088795284),
2026-07-09 03:18:12,054 | INFO | 	                              (43, 5552.758088795284),
[92mINFO [0m:      	                              (44, 5740.243696235401),
2026-07-09 03:18:12,054 | INFO | 	                              (44, 5740.243696235401),
[92mINFO [0m:      	                              (45, 5866.388113901377),
2026-07-09 03:18:12,054 | INFO | 	                              (45, 5866.388113901377),
[92mINFO [0m:      	                              (46, 5657.2267133008245),
2026-07-09 03:18:12,054 | INFO | 	                              (46, 5657.2267133008245),
[92mINFO [0m:      	                              (47, 5302.524661417478),
2026-07-09 03:18:12,054 | INFO | 	                              (47, 5302.524661417478),
[92mINFO [0m:      	                              (48, 5030.172601479691),
2026-07-09 03:18:12,055 | INFO | 	                              (48, 5030.172601479691),
[92mINFO [0m:      	                              (49, 5083.492701139577),
2026-07-09 03:18:12,055 | INFO | 	                              (49, 5083.492701139577),
[92mINFO [0m:      	                              (50, 5320.884031853476),
2026-07-09 03:18:12,055 | INFO | 	                              (50, 5320.884031853476),
[92mINFO [0m:      	                              (51, 5249.005929188154),
2026-07-09 03:18:12,055 | INFO | 	                              (51, 5249.005929188154),
[92mINFO [0m:      	                              (52, 5089.5101310378095),
2026-07-09 03:18:12,055 | INFO | 	                              (52, 5089.5101310378095),
[92mINFO [0m:      	                              (53, 4977.39972314284),
2026-07-09 03:18:12,055 | INFO | 	                              (53, 4977.39972314284),
[92mINFO [0m:      	                              (54, 4861.878319828743),
2026-07-09 03:18:12,055 | INFO | 	                              (54, 4861.878319828743),
[92mINFO [0m:      	                              (55, 4843.377715246797),
2026-07-09 03:18:12,055 | INFO | 	                              (55, 4843.377715246797),
[92mINFO [0m:      	                              (56, 4918.08832553557),
2026-07-09 03:18:12,055 | INFO | 	                              (56, 4918.08832553557),
[92mINFO [0m:      	                              (57, 4770.472856750616),
2026-07-09 03:18:12,055 | INFO | 	                              (57, 4770.472856750616),
[92mINFO [0m:      	                              (58, 4690.052843035653),
2026-07-09 03:18:12,055 | INFO | 	                              (58, 4690.052843035653),
[92mINFO [0m:      	                              (59, 4352.1057734919905),
2026-07-09 03:18:12,055 | INFO | 	                              (59, 4352.1057734919905),
[92mINFO [0m:      	                              (60, 4624.086607805721)],
2026-07-09 03:18:12,055 | INFO | 	                              (60, 4624.086607805721)],
[92mINFO [0m:      	 'regularization_loss_min': [(1, 7041.776765944101),
2026-07-09 03:18:12,055 | INFO | 	 'regularization_loss_min': [(1, 7041.776765944101),
[92mINFO [0m:      	                             (2, 6512.9852694302845),
2026-07-09 03:18:12,055 | INFO | 	                             (2, 6512.9852694302845),
[92mINFO [0m:      	                             (3, 7104.361677805519),
2026-07-09 03:18:12,055 | INFO | 	                             (3, 7104.361677805519),
[92mINFO [0m:      	                             (4, 6226.871981762746),
2026-07-09 03:18:12,055 | INFO | 	                             (4, 6226.871981762746),
[92mINFO [0m:      	                             (5, 6950.217050780266),
2026-07-09 03:18:12,055 | INFO | 	                             (5, 6950.217050780266),
[92mINFO [0m:      	                             (6, 6673.327243484062),
2026-07-09 03:18:12,055 | INFO | 	                             (6, 6673.327243484062),
[92mINFO [0m:      	                             (7, 6546.102724379169),
2026-07-09 03:18:12,055 | INFO | 	                             (7, 6546.102724379169),
[92mINFO [0m:      	                             (8, 6066.999410750826),
2026-07-09 03:18:12,055 | INFO | 	                             (8, 6066.999410750826),
[92mINFO [0m:      	                             (9, 6657.868731921647),
2026-07-09 03:18:12,055 | INFO | 	                             (9, 6657.868731921647),
[92mINFO [0m:      	                             (10, 6520.078243202788),
2026-07-09 03:18:12,055 | INFO | 	                             (10, 6520.078243202788),
[92mINFO [0m:      	                             (11, 5749.187767648915),
2026-07-09 03:18:12,055 | INFO | 	                             (11, 5749.187767648915),
[92mINFO [0m:      	                             (12, 6369.41195272901),
2026-07-09 03:18:12,055 | INFO | 	                             (12, 6369.41195272901),
[92mINFO [0m:      	                             (13, 6247.667212671768),
2026-07-09 03:18:12,055 | INFO | 	                             (13, 6247.667212671768),
[92mINFO [0m:      	                             (14, 6190.633777920902),
2026-07-09 03:18:12,055 | INFO | 	                             (14, 6190.633777920902),
[92mINFO [0m:      	                             (15, 6165.263249554484),
2026-07-09 03:18:12,055 | INFO | 	                             (15, 6165.263249554484),
[92mINFO [0m:      	                             (16, 5483.147505221202),
2026-07-09 03:18:12,055 | INFO | 	                             (16, 5483.147505221202),
[92mINFO [0m:      	                             (17, 5961.532088846476),
2026-07-09 03:18:12,055 | INFO | 	                             (17, 5961.532088846476),
[92mINFO [0m:      	                             (18, 5899.6114970287),
2026-07-09 03:18:12,055 | INFO | 	                             (18, 5899.6114970287),
[92mINFO [0m:      	                             (19, 5354.108659359917),
2026-07-09 03:18:12,055 | INFO | 	                             (19, 5354.108659359917),
[92mINFO [0m:      	                             (20, 5630.915952619703),
2026-07-09 03:18:12,055 | INFO | 	                             (20, 5630.915952619703),
[92mINFO [0m:      	                             (21, 5141.447213744122),
2026-07-09 03:18:12,055 | INFO | 	                             (21, 5141.447213744122),
[92mINFO [0m:      	                             (22, 5628.6089830898045),
2026-07-09 03:18:12,055 | INFO | 	                             (22, 5628.6089830898045),
[92mINFO [0m:      	                             (23, 5579.259884456209),
2026-07-09 03:18:12,055 | INFO | 	                             (23, 5579.259884456209),
[92mINFO [0m:      	                             (24, 4994.483054406123),
2026-07-09 03:18:12,055 | INFO | 	                             (24, 4994.483054406123),
[92mINFO [0m:      	                             (25, 5258.284061530361),
2026-07-09 03:18:12,055 | INFO | 	                             (25, 5258.284061530361),
[92mINFO [0m:      	                             (26, 5436.0434597730755),
2026-07-09 03:18:12,056 | INFO | 	                             (26, 5436.0434597730755),
[92mINFO [0m:      	                             (27, 4907.099941167595),
2026-07-09 03:18:12,056 | INFO | 	                             (27, 4907.099941167595),
[92mINFO [0m:      	                             (28, 5140.733006144557),
2026-07-09 03:18:12,056 | INFO | 	                             (28, 5140.733006144557),
[92mINFO [0m:      	                             (29, 4693.421497969275),
2026-07-09 03:18:12,056 | INFO | 	                             (29, 4693.421497969275),
[92mINFO [0m:      	                             (30, 4780.5109906842035),
2026-07-09 03:18:12,056 | INFO | 	                             (30, 4780.5109906842035),
[92mINFO [0m:      	                             (31, 4732.42858517225),
2026-07-09 03:18:12,056 | INFO | 	                             (31, 4732.42858517225),
[92mINFO [0m:      	                             (32, 4648.744137432512),
2026-07-09 03:18:12,056 | INFO | 	                             (32, 4648.744137432512),
[92mINFO [0m:      	                             (33, 4488.4872322952515),
2026-07-09 03:18:12,056 | INFO | 	                             (33, 4488.4872322952515),
[92mINFO [0m:      	                             (34, 4404.519205312175),
2026-07-09 03:18:12,056 | INFO | 	                             (34, 4404.519205312175),
[92mINFO [0m:      	                             (35, 4505.934953218089),
2026-07-09 03:18:12,056 | INFO | 	                             (35, 4505.934953218089),
[92mINFO [0m:      	                             (36, 4907.175543874526),
2026-07-09 03:18:12,056 | INFO | 	                             (36, 4907.175543874526),
[92mINFO [0m:      	                             (37, 4272.466006079534),
2026-07-09 03:18:12,056 | INFO | 	                             (37, 4272.466006079534),
[92mINFO [0m:      	                             (38, 4340.872876497351),
2026-07-09 03:18:12,056 | INFO | 	                             (38, 4340.872876497351),
[92mINFO [0m:      	                             (39, 4153.644217537859),
2026-07-09 03:18:12,056 | INFO | 	                             (39, 4153.644217537859),
[92mINFO [0m:      	                             (40, 4248.957762655528),
2026-07-09 03:18:12,056 | INFO | 	                             (40, 4248.957762655528),
[92mINFO [0m:      	                             (41, 4328.564280479869),
2026-07-09 03:18:12,056 | INFO | 	                             (41, 4328.564280479869),
[92mINFO [0m:      	                             (42, 4174.070554961088),
2026-07-09 03:18:12,056 | INFO | 	                             (42, 4174.070554961088),
[92mINFO [0m:      	                             (43, 3993.308373842896),
2026-07-09 03:18:12,056 | INFO | 	                             (43, 3993.308373842896),
[92mINFO [0m:      	                             (44, 4053.450360321588),
2026-07-09 03:18:12,056 | INFO | 	                             (44, 4053.450360321588),
[92mINFO [0m:      	                             (45, 3920.515486434768),
2026-07-09 03:18:12,056 | INFO | 	                             (45, 3920.515486434768),
[92mINFO [0m:      	                             (46, 3862.60916508601),
2026-07-09 03:18:12,056 | INFO | 	                             (46, 3862.60916508601),
[92mINFO [0m:      	                             (47, 3923.513920385697),
2026-07-09 03:18:12,056 | INFO | 	                             (47, 3923.513920385697),
[92mINFO [0m:      	                             (48, 3773.025701490095),
2026-07-09 03:18:12,056 | INFO | 	                             (48, 3773.025701490095),
[92mINFO [0m:      	                             (49, 3866.62981161088),
2026-07-09 03:18:12,056 | INFO | 	                             (49, 3866.62981161088),
[92mINFO [0m:      	                             (50, 3861.2830803601855),
2026-07-09 03:18:12,056 | INFO | 	                             (50, 3861.2830803601855),
[92mINFO [0m:      	                             (51, 3798.7227190741023),
2026-07-09 03:18:12,056 | INFO | 	                             (51, 3798.7227190741023),
[92mINFO [0m:      	                             (52, 3595.523902890994),
2026-07-09 03:18:12,056 | INFO | 	                             (52, 3595.523902890994),
[92mINFO [0m:      	                             (53, 4157.432929162711),
2026-07-09 03:18:12,056 | INFO | 	                             (53, 4157.432929162711),
[92mINFO [0m:      	                             (54, 3524.8535672904136),
2026-07-09 03:18:12,056 | INFO | 	                             (54, 3524.8535672904136),
[92mINFO [0m:      	                             (55, 3501.879659915314),
2026-07-09 03:18:12,056 | INFO | 	                             (55, 3501.879659915314),
[92mINFO [0m:      	                             (56, 3584.7045817755766),
2026-07-09 03:18:12,056 | INFO | 	                             (56, 3584.7045817755766),
[92mINFO [0m:      	                             (57, 3403.7648495072617),
2026-07-09 03:18:12,056 | INFO | 	                             (57, 3403.7648495072617),
[92mINFO [0m:      	                             (58, 3504.4467796643685),
2026-07-09 03:18:12,056 | INFO | 	                             (58, 3504.4467796643685),
[92mINFO [0m:      	                             (59, 3363.078606092056),
2026-07-09 03:18:12,056 | INFO | 	                             (59, 3363.078606092056),
[92mINFO [0m:      	                             (60, 3920.9917408299375)],
2026-07-09 03:18:12,056 | INFO | 	                             (60, 3920.9917408299375)],
[92mINFO [0m:      	 'regularization_loss_p10': [(1, 7356.103126864943),
2026-07-09 03:18:12,056 | INFO | 	 'regularization_loss_p10': [(1, 7356.103126864943),
[92mINFO [0m:      	                             (2, 8067.445558616229),
2026-07-09 03:18:12,056 | INFO | 	                             (2, 8067.445558616229),
[92mINFO [0m:      	                             (3, 7178.03914586421),
2026-07-09 03:18:12,056 | INFO | 	                             (3, 7178.03914586421),
[92mINFO [0m:      	                             (4, 7843.285132663599),
2026-07-09 03:18:12,056 | INFO | 	                             (4, 7843.285132663599),
[92mINFO [0m:      	                             (5, 7830.561601517284),
2026-07-09 03:18:12,057 | INFO | 	                             (5, 7830.561601517284),
[92mINFO [0m:      	                             (6, 6888.204114763475),
2026-07-09 03:18:12,057 | INFO | 	                             (6, 6888.204114763475),
[92mINFO [0m:      	                             (7, 6700.566974621631),
2026-07-09 03:18:12,057 | INFO | 	                             (7, 6700.566974621631),
[92mINFO [0m:      	                             (8, 6691.533629135449),
2026-07-09 03:18:12,057 | INFO | 	                             (8, 6691.533629135449),
[92mINFO [0m:      	                             (9, 7487.623784127871),
2026-07-09 03:18:12,057 | INFO | 	                             (9, 7487.623784127871),
[92mINFO [0m:      	                             (10, 6528.457813625603),
2026-07-09 03:18:12,057 | INFO | 	                             (10, 6528.457813625603),
[92mINFO [0m:      	                             (11, 6313.55234721239),
2026-07-09 03:18:12,057 | INFO | 	                             (11, 6313.55234721239),
[92mINFO [0m:      	                             (12, 6406.995746352677),
2026-07-09 03:18:12,057 | INFO | 	                             (12, 6406.995746352677),
[92mINFO [0m:      	                             (13, 7138.581379075574),
2026-07-09 03:18:12,057 | INFO | 	                             (13, 7138.581379075574),
[92mINFO [0m:      	                             (14, 8392.618244015635),
2026-07-09 03:18:12,057 | INFO | 	                             (14, 8392.618244015635),
[92mINFO [0m:      	                             (15, 7029.4474194319355),
2026-07-09 03:18:12,057 | INFO | 	                             (15, 7029.4474194319355),
[92mINFO [0m:      	                             (16, 8256.604550907226),
2026-07-09 03:18:12,057 | INFO | 	                             (16, 8256.604550907226),
[92mINFO [0m:      	                             (17, 6035.022513347848),
2026-07-09 03:18:12,057 | INFO | 	                             (17, 6035.022513347848),
[92mINFO [0m:      	                             (18, 5971.0241007027125),
2026-07-09 03:18:12,057 | INFO | 	                             (18, 5971.0241007027125),
[92mINFO [0m:      	                             (19, 5871.318284141142),
2026-07-09 03:18:12,057 | INFO | 	                             (19, 5871.318284141142),
[92mINFO [0m:      	                             (20, 5729.184655969088),
2026-07-09 03:18:12,057 | INFO | 	                             (20, 5729.184655969088),
[92mINFO [0m:      	                             (21, 5733.390490534955),
2026-07-09 03:18:12,057 | INFO | 	                             (21, 5733.390490534955),
[92mINFO [0m:      	                             (22, 7792.206630208229),
2026-07-09 03:18:12,057 | INFO | 	                             (22, 7792.206630208229),
[92mINFO [0m:      	                             (23, 6492.90350326085),
2026-07-09 03:18:12,057 | INFO | 	                             (23, 6492.90350326085),
[92mINFO [0m:      	                             (24, 5185.8363252375175),
2026-07-09 03:18:12,057 | INFO | 	                             (24, 5185.8363252375175),
[92mINFO [0m:      	                             (25, 5489.542225313421),
2026-07-09 03:18:12,057 | INFO | 	                             (25, 5489.542225313421),
[92mINFO [0m:      	                             (26, 6256.502243623079),
2026-07-09 03:18:12,057 | INFO | 	                             (26, 6256.502243623079),
[92mINFO [0m:      	                             (27, 5362.985493871944),
2026-07-09 03:18:12,057 | INFO | 	                             (27, 5362.985493871944),
[92mINFO [0m:      	                             (28, 6036.62132981163),
2026-07-09 03:18:12,057 | INFO | 	                             (28, 6036.62132981163),
[92mINFO [0m:      	                             (29, 5223.364271644124),
2026-07-09 03:18:12,057 | INFO | 	                             (29, 5223.364271644124),
[92mINFO [0m:      	                             (30, 5977.544794615674),
2026-07-09 03:18:12,057 | INFO | 	                             (30, 5977.544794615674),
[92mINFO [0m:      	                             (31, 5117.313270395684),
2026-07-09 03:18:12,057 | INFO | 	                             (31, 5117.313270395684),
[92mINFO [0m:      	                             (32, 4776.839297872743),
2026-07-09 03:18:12,057 | INFO | 	                             (32, 4776.839297872743),
[92mINFO [0m:      	                             (33, 4778.171684960657),
2026-07-09 03:18:12,057 | INFO | 	                             (33, 4778.171684960657),
[92mINFO [0m:      	                             (34, 4475.319691852577),
2026-07-09 03:18:12,057 | INFO | 	                             (34, 4475.319691852577),
[92mINFO [0m:      	                             (35, 4920.606983807572),
2026-07-09 03:18:12,057 | INFO | 	                             (35, 4920.606983807572),
[92mINFO [0m:      	                             (36, 5633.4363655447805),
2026-07-09 03:18:12,057 | INFO | 	                             (36, 5633.4363655447805),
[92mINFO [0m:      	                             (37, 4469.1525856199),
2026-07-09 03:18:12,057 | INFO | 	                             (37, 4469.1525856199),
[92mINFO [0m:      	                             (38, 4400.19589655349),
2026-07-09 03:18:12,057 | INFO | 	                             (38, 4400.19589655349),
[92mINFO [0m:      	                             (39, 4445.427659141185),
2026-07-09 03:18:12,057 | INFO | 	                             (39, 4445.427659141185),
[92mINFO [0m:      	                             (40, 4688.212130898171),
2026-07-09 03:18:12,057 | INFO | 	                             (40, 4688.212130898171),
[92mINFO [0m:      	                             (41, 4647.350790866612),
2026-07-09 03:18:12,057 | INFO | 	                             (41, 4647.350790866612),
[92mINFO [0m:      	                             (42, 5043.136782270862),
2026-07-09 03:18:12,057 | INFO | 	                             (42, 5043.136782270862),
[92mINFO [0m:      	                             (43, 4092.125427949863),
2026-07-09 03:18:12,058 | INFO | 	                             (43, 4092.125427949863),
[92mINFO [0m:      	                             (44, 4522.139023079431),
2026-07-09 03:18:12,058 | INFO | 	                             (44, 4522.139023079431),
[92mINFO [0m:      	                             (45, 5978.517354938405),
2026-07-09 03:18:12,058 | INFO | 	                             (45, 5978.517354938405),
[92mINFO [0m:      	                             (46, 4784.608074577936),
2026-07-09 03:18:12,058 | INFO | 	                             (46, 4784.608074577936),
[92mINFO [0m:      	                             (47, 4170.664909644193),
2026-07-09 03:18:12,058 | INFO | 	                             (47, 4170.664909644193),
[92mINFO [0m:      	                             (48, 3956.5145846768064),
2026-07-09 03:18:12,058 | INFO | 	                             (48, 3956.5145846768064),
[92mINFO [0m:      	                             (49, 4058.4078802085583),
2026-07-09 03:18:12,058 | INFO | 	                             (49, 4058.4078802085583),
[92mINFO [0m:      	                             (50, 4302.966442707176),
2026-07-09 03:18:12,058 | INFO | 	                             (50, 4302.966442707176),
[92mINFO [0m:      	                             (51, 4228.149005054689),
2026-07-09 03:18:12,058 | INFO | 	                             (51, 4228.149005054689),
[92mINFO [0m:      	                             (52, 4173.551165162133),
2026-07-09 03:18:12,058 | INFO | 	                             (52, 4173.551165162133),
[92mINFO [0m:      	                             (53, 4172.473121961402),
2026-07-09 03:18:12,058 | INFO | 	                             (53, 4172.473121961402),
[92mINFO [0m:      	                             (54, 3874.31542472519),
2026-07-09 03:18:12,058 | INFO | 	                             (54, 3874.31542472519),
[92mINFO [0m:      	                             (55, 3620.696709829706),
2026-07-09 03:18:12,058 | INFO | 	                             (55, 3620.696709829706),
[92mINFO [0m:      	                             (56, 4067.1330385233864),
2026-07-09 03:18:12,058 | INFO | 	                             (56, 4067.1330385233864),
[92mINFO [0m:      	                             (57, 4014.590566153708),
2026-07-09 03:18:12,058 | INFO | 	                             (57, 4014.590566153708),
[92mINFO [0m:      	                             (58, 3702.4184990500958),
2026-07-09 03:18:12,058 | INFO | 	                             (58, 3702.4184990500958),
[92mINFO [0m:      	                             (59, 3405.2252230717786),
2026-07-09 03:18:12,058 | INFO | 	                             (59, 3405.2252230717786),
[92mINFO [0m:      	                             (60, 3938.3645419218487)],
2026-07-09 03:18:12,058 | INFO | 	                             (60, 3938.3645419218487)],
[92mINFO [0m:      	 'regularization_loss_p50': [(1, 9361.28315361943),
2026-07-09 03:18:12,058 | INFO | 	 'regularization_loss_p50': [(1, 9361.28315361943),
[92mINFO [0m:      	                             (2, 9330.277193716896),
2026-07-09 03:18:12,058 | INFO | 	                             (2, 9330.277193716896),
[92mINFO [0m:      	                             (3, 9224.455278073656),
2026-07-09 03:18:12,058 | INFO | 	                             (3, 9224.455278073656),
[92mINFO [0m:      	                             (4, 9153.904858201771),
2026-07-09 03:18:12,058 | INFO | 	                             (4, 9153.904858201771),
[92mINFO [0m:      	                             (5, 9081.614803447628),
2026-07-09 03:18:12,058 | INFO | 	                             (5, 9081.614803447628),
[92mINFO [0m:      	                             (6, 9003.827203761724),
2026-07-09 03:18:12,058 | INFO | 	                             (6, 9003.827203761724),
[92mINFO [0m:      	                             (7, 8913.560020133631),
2026-07-09 03:18:12,058 | INFO | 	                             (7, 8913.560020133631),
[92mINFO [0m:      	                             (8, 8853.807215105791),
2026-07-09 03:18:12,058 | INFO | 	                             (8, 8853.807215105791),
[92mINFO [0m:      	                             (9, 8782.123470332226),
2026-07-09 03:18:12,058 | INFO | 	                             (9, 8782.123470332226),
[92mINFO [0m:      	                             (10, 8687.197194245759),
2026-07-09 03:18:12,058 | INFO | 	                             (10, 8687.197194245759),
[92mINFO [0m:      	                             (11, 8646.368273575836),
2026-07-09 03:18:12,058 | INFO | 	                             (11, 8646.368273575836),
[92mINFO [0m:      	                             (12, 8568.983736296643),
2026-07-09 03:18:12,058 | INFO | 	                             (12, 8568.983736296643),
[92mINFO [0m:      	                             (13, 8511.55423043298),
2026-07-09 03:18:12,058 | INFO | 	                             (13, 8511.55423043298),
[92mINFO [0m:      	                             (14, 8437.070979269845),
2026-07-09 03:18:12,058 | INFO | 	                             (14, 8437.070979269845),
[92mINFO [0m:      	                             (15, 8386.861816608614),
2026-07-09 03:18:12,058 | INFO | 	                             (15, 8386.861816608614),
[92mINFO [0m:      	                             (16, 8341.687719177724),
2026-07-09 03:18:12,058 | INFO | 	                             (16, 8341.687719177724),
[92mINFO [0m:      	                             (17, 8216.02842181564),
2026-07-09 03:18:12,058 | INFO | 	                             (17, 8216.02842181564),
[92mINFO [0m:      	                             (18, 8145.995878778323),
2026-07-09 03:18:12,058 | INFO | 	                             (18, 8145.995878778323),
[92mINFO [0m:      	                             (19, 8074.4542394648915),
2026-07-09 03:18:12,058 | INFO | 	                             (19, 8074.4542394648915),
[92mINFO [0m:      	                             (20, 8013.808256416848),
2026-07-09 03:18:12,058 | INFO | 	                             (20, 8013.808256416848),
[92mINFO [0m:      	                             (21, 7915.758353094486),
2026-07-09 03:18:12,058 | INFO | 	                             (21, 7915.758353094486),
[92mINFO [0m:      	                             (22, 7843.634553366606),
2026-07-09 03:18:12,059 | INFO | 	                             (22, 7843.634553366606),
[92mINFO [0m:      	                             (23, 7772.9897296547815),
2026-07-09 03:18:12,059 | INFO | 	                             (23, 7772.9897296547815),
[92mINFO [0m:      	                             (24, 7665.141894138397),
2026-07-09 03:18:12,059 | INFO | 	                             (24, 7665.141894138397),
[92mINFO [0m:      	                             (25, 7615.600692987383),
2026-07-09 03:18:12,059 | INFO | 	                             (25, 7615.600692987383),
[92mINFO [0m:      	                             (26, 7536.443678824298),
2026-07-09 03:18:12,059 | INFO | 	                             (26, 7536.443678824298),
[92mINFO [0m:      	                             (27, 7466.015999063879),
2026-07-09 03:18:12,059 | INFO | 	                             (27, 7466.015999063879),
[92mINFO [0m:      	                             (28, 7366.559929950895),
2026-07-09 03:18:12,059 | INFO | 	                             (28, 7366.559929950895),
[92mINFO [0m:      	                             (29, 7306.687418877143),
2026-07-09 03:18:12,059 | INFO | 	                             (29, 7306.687418877143),
[92mINFO [0m:      	                             (30, 7235.178720742932),
2026-07-09 03:18:12,059 | INFO | 	                             (30, 7235.178720742932),
[92mINFO [0m:      	                             (31, 7153.070416744257),
2026-07-09 03:18:12,059 | INFO | 	                             (31, 7153.070416744257),
[92mINFO [0m:      	                             (32, 7050.790209793012),
2026-07-09 03:18:12,059 | INFO | 	                             (32, 7050.790209793012),
[92mINFO [0m:      	                             (33, 6972.452996463567),
2026-07-09 03:18:12,059 | INFO | 	                             (33, 6972.452996463567),
[92mINFO [0m:      	                             (34, 6869.1148352439795),
2026-07-09 03:18:12,059 | INFO | 	                             (34, 6869.1148352439795),
[92mINFO [0m:      	                             (35, 6801.283683358693),
2026-07-09 03:18:12,059 | INFO | 	                             (35, 6801.283683358693),
[92mINFO [0m:      	                             (36, 6729.8285492813275),
2026-07-09 03:18:12,059 | INFO | 	                             (36, 6729.8285492813275),
[92mINFO [0m:      	                             (37, 6613.958513885019),
2026-07-09 03:18:12,059 | INFO | 	                             (37, 6613.958513885019),
[92mINFO [0m:      	                             (38, 6546.172889295536),
2026-07-09 03:18:12,059 | INFO | 	                             (38, 6546.172889295536),
[92mINFO [0m:      	                             (39, 6488.911642491114),
2026-07-09 03:18:12,059 | INFO | 	                             (39, 6488.911642491114),
[92mINFO [0m:      	                             (40, 6388.063517856243),
2026-07-09 03:18:12,059 | INFO | 	                             (40, 6388.063517856243),
[92mINFO [0m:      	                             (41, 6328.532113408828),
2026-07-09 03:18:12,059 | INFO | 	                             (41, 6328.532113408828),
[92mINFO [0m:      	                             (42, 6238.844002178082),
2026-07-09 03:18:12,059 | INFO | 	                             (42, 6238.844002178082),
[92mINFO [0m:      	                             (43, 6178.179777892599),
2026-07-09 03:18:12,059 | INFO | 	                             (43, 6178.179777892599),
[92mINFO [0m:      	                             (44, 6073.364907339725),
2026-07-09 03:18:12,059 | INFO | 	                             (44, 6073.364907339725),
[92mINFO [0m:      	                             (45, 6004.718465483702),
2026-07-09 03:18:12,059 | INFO | 	                             (45, 6004.718465483702),
[92mINFO [0m:      	                             (46, 5919.881952761495),
2026-07-09 03:18:12,059 | INFO | 	                             (46, 5919.881952761495),
[92mINFO [0m:      	                             (47, 5833.587297913816),
2026-07-09 03:18:12,059 | INFO | 	                             (47, 5833.587297913816),
[92mINFO [0m:      	                             (48, 5758.045868933448),
2026-07-09 03:18:12,059 | INFO | 	                             (48, 5758.045868933448),
[92mINFO [0m:      	                             (49, 5663.0256902568135),
2026-07-09 03:18:12,059 | INFO | 	                             (49, 5663.0256902568135),
[92mINFO [0m:      	                             (50, 5588.4486049436),
2026-07-09 03:18:12,059 | INFO | 	                             (50, 5588.4486049436),
[92mINFO [0m:      	                             (51, 5536.454412817757),
2026-07-09 03:18:12,059 | INFO | 	                             (51, 5536.454412817757),
[92mINFO [0m:      	                             (52, 5460.644766992949),
2026-07-09 03:18:12,059 | INFO | 	                             (52, 5460.644766992949),
[92mINFO [0m:      	                             (53, 5364.862617350833),
2026-07-09 03:18:12,059 | INFO | 	                             (53, 5364.862617350833),
[92mINFO [0m:      	                             (54, 5320.84197199342),
2026-07-09 03:18:12,059 | INFO | 	                             (54, 5320.84197199342),
[92mINFO [0m:      	                             (55, 5241.018994998012),
2026-07-09 03:18:12,059 | INFO | 	                             (55, 5241.018994998012),
[92mINFO [0m:      	                             (56, 5166.658631392654),
2026-07-09 03:18:12,059 | INFO | 	                             (56, 5166.658631392654),
[92mINFO [0m:      	                             (57, 5086.861101503189),
2026-07-09 03:18:12,059 | INFO | 	                             (57, 5086.861101503189),
[92mINFO [0m:      	                             (58, 5002.45514756865),
2026-07-09 03:18:12,059 | INFO | 	                             (58, 5002.45514756865),
[92mINFO [0m:      	                             (59, 4940.6371777236845),
2026-07-09 03:18:12,059 | INFO | 	                             (59, 4940.6371777236845),
[92mINFO [0m:      	                             (60, 4866.562032812614)],
2026-07-09 03:18:12,059 | INFO | 	                             (60, 4866.562032812614)],
[92mINFO [0m:      	 'regularization_loss_p90': [(1, 9530.735362388235),
2026-07-09 03:18:12,060 | INFO | 	 'regularization_loss_p90': [(1, 9530.735362388235),
[92mINFO [0m:      	                             (2, 9408.025040537677),
2026-07-09 03:18:12,060 | INFO | 	                             (2, 9408.025040537677),
[92mINFO [0m:      	                             (3, 9352.12964887924),
2026-07-09 03:18:12,060 | INFO | 	                             (3, 9352.12964887924),
[92mINFO [0m:      	                             (4, 9281.412006174094),
2026-07-09 03:18:12,060 | INFO | 	                             (4, 9281.412006174094),
[92mINFO [0m:      	                             (5, 9214.119668381616),
2026-07-09 03:18:12,060 | INFO | 	                             (5, 9214.119668381616),
[92mINFO [0m:      	                             (6, 9126.291174547669),
2026-07-09 03:18:12,060 | INFO | 	                             (6, 9126.291174547669),
[92mINFO [0m:      	                             (7, 8989.8740871641),
2026-07-09 03:18:12,060 | INFO | 	                             (7, 8989.8740871641),
[92mINFO [0m:      	                             (8, 8953.631625353193),
2026-07-09 03:18:12,060 | INFO | 	                             (8, 8953.631625353193),
[92mINFO [0m:      	                             (9, 8875.693111267987),
2026-07-09 03:18:12,060 | INFO | 	                             (9, 8875.693111267987),
[92mINFO [0m:      	                             (10, 8717.837470461347),
2026-07-09 03:18:12,060 | INFO | 	                             (10, 8717.837470461347),
[92mINFO [0m:      	                             (11, 8695.516041076035),
2026-07-09 03:18:12,060 | INFO | 	                             (11, 8695.516041076035),
[92mINFO [0m:      	                             (12, 8616.684118062361),
2026-07-09 03:18:12,060 | INFO | 	                             (12, 8616.684118062361),
[92mINFO [0m:      	                             (13, 8563.096453991546),
2026-07-09 03:18:12,060 | INFO | 	                             (13, 8563.096453991546),
[92mINFO [0m:      	                             (14, 8516.977642067084),
2026-07-09 03:18:12,060 | INFO | 	                             (14, 8516.977642067084),
[92mINFO [0m:      	                             (15, 8424.170022757686),
2026-07-09 03:18:12,060 | INFO | 	                             (15, 8424.170022757686),
[92mINFO [0m:      	                             (16, 8377.582321167536),
2026-07-09 03:18:12,060 | INFO | 	                             (16, 8377.582321167536),
[92mINFO [0m:      	                             (17, 8286.152043939386),
2026-07-09 03:18:12,060 | INFO | 	                             (17, 8286.152043939386),
[92mINFO [0m:      	                             (18, 8188.044479665913),
2026-07-09 03:18:12,060 | INFO | 	                             (18, 8188.044479665913),
[92mINFO [0m:      	                             (19, 8146.39020550167),
2026-07-09 03:18:12,060 | INFO | 	                             (19, 8146.39020550167),
[92mINFO [0m:      	                             (20, 8048.376316320032),
2026-07-09 03:18:12,060 | INFO | 	                             (20, 8048.376316320032),
[92mINFO [0m:      	                             (21, 7955.761344990256),
2026-07-09 03:18:12,060 | INFO | 	                             (21, 7955.761344990256),
[92mINFO [0m:      	                             (22, 7878.835017435052),
2026-07-09 03:18:12,060 | INFO | 	                             (22, 7878.835017435052),
[92mINFO [0m:      	                             (23, 7799.76631069761),
2026-07-09 03:18:12,060 | INFO | 	                             (23, 7799.76631069761),
[92mINFO [0m:      	                             (24, 7763.972753913738),
2026-07-09 03:18:12,060 | INFO | 	                             (24, 7763.972753913738),
[92mINFO [0m:      	                             (25, 7664.199881955489),
2026-07-09 03:18:12,060 | INFO | 	                             (25, 7664.199881955489),
[92mINFO [0m:      	                             (26, 7569.26403470028),
2026-07-09 03:18:12,060 | INFO | 	                             (26, 7569.26403470028),
[92mINFO [0m:      	                             (27, 7514.139974955988),
2026-07-09 03:18:12,060 | INFO | 	                             (27, 7514.139974955988),
[92mINFO [0m:      	                             (28, 7428.056990372591),
2026-07-09 03:18:12,060 | INFO | 	                             (28, 7428.056990372591),
[92mINFO [0m:      	                             (29, 7342.881829749211),
2026-07-09 03:18:12,060 | INFO | 	                             (29, 7342.881829749211),
[92mINFO [0m:      	                             (30, 7269.6683364122955),
2026-07-09 03:18:12,060 | INFO | 	                             (30, 7269.6683364122955),
[92mINFO [0m:      	                             (31, 7205.258623108664),
2026-07-09 03:18:12,060 | INFO | 	                             (31, 7205.258623108664),
[92mINFO [0m:      	                             (32, 7097.357159925422),
2026-07-09 03:18:12,060 | INFO | 	                             (32, 7097.357159925422),
[92mINFO [0m:      	                             (33, 7011.25680762977),
2026-07-09 03:18:12,060 | INFO | 	                             (33, 7011.25680762977),
[92mINFO [0m:      	                             (34, 6919.828896078846),
2026-07-09 03:18:12,060 | INFO | 	                             (34, 6919.828896078846),
[92mINFO [0m:      	                             (35, 6841.910021626008),
2026-07-09 03:18:12,060 | INFO | 	                             (35, 6841.910021626008),
[92mINFO [0m:      	                             (36, 6762.452518330288),
2026-07-09 03:18:12,060 | INFO | 	                             (36, 6762.452518330288),
[92mINFO [0m:      	                             (37, 6691.12954330548),
2026-07-09 03:18:12,060 | INFO | 	                             (37, 6691.12954330548),
[92mINFO [0m:      	                             (38, 6609.735413856423),
2026-07-09 03:18:12,061 | INFO | 	                             (38, 6609.735413856423),
[92mINFO [0m:      	                             (39, 6529.188499408418),
2026-07-09 03:18:12,061 | INFO | 	                             (39, 6529.188499408418),
[92mINFO [0m:      	                             (40, 6423.18521177588),
2026-07-09 03:18:12,061 | INFO | 	                             (40, 6423.18521177588),
[92mINFO [0m:      	                             (41, 6382.2940385290885),
2026-07-09 03:18:12,061 | INFO | 	                             (41, 6382.2940385290885),
[92mINFO [0m:      	                             (42, 6283.508033596285),
2026-07-09 03:18:12,061 | INFO | 	                             (42, 6283.508033596285),
[92mINFO [0m:      	                             (43, 6223.9636627168165),
2026-07-09 03:18:12,061 | INFO | 	                             (43, 6223.9636627168165),
[92mINFO [0m:      	                             (44, 6114.303720682228),
2026-07-09 03:18:12,061 | INFO | 	                             (44, 6114.303720682228),
[92mINFO [0m:      	                             (45, 6015.846180962386),
2026-07-09 03:18:12,061 | INFO | 	                             (45, 6015.846180962386),
[92mINFO [0m:      	                             (46, 5936.014250456959),
2026-07-09 03:18:12,061 | INFO | 	                             (46, 5936.014250456959),
[92mINFO [0m:      	                             (47, 5855.473330944546),
2026-07-09 03:18:12,061 | INFO | 	                             (47, 5855.473330944546),
[92mINFO [0m:      	                             (48, 5799.763777456405),
2026-07-09 03:18:12,061 | INFO | 	                             (48, 5799.763777456405),
[92mINFO [0m:      	                             (49, 5714.299260100404),
2026-07-09 03:18:12,061 | INFO | 	                             (49, 5714.299260100404),
[92mINFO [0m:      	                             (50, 5637.574976354126),
2026-07-09 03:18:12,061 | INFO | 	                             (50, 5637.574976354126),
[92mINFO [0m:      	                             (51, 5556.334633085717),
2026-07-09 03:18:12,061 | INFO | 	                             (51, 5556.334633085717),
[92mINFO [0m:      	                             (52, 5494.06355518716),
2026-07-09 03:18:12,061 | INFO | 	                             (52, 5494.06355518716),
[92mINFO [0m:      	                             (53, 5393.911936653834),
2026-07-09 03:18:12,061 | INFO | 	                             (53, 5393.911936653834),
[92mINFO [0m:      	                             (54, 5343.3197884940155),
2026-07-09 03:18:12,061 | INFO | 	                             (54, 5343.3197884940155),
[92mINFO [0m:      	                             (55, 5277.140277918126),
2026-07-09 03:18:12,061 | INFO | 	                             (55, 5277.140277918126),
[92mINFO [0m:      	                             (56, 5186.161231022648),
2026-07-09 03:18:12,061 | INFO | 	                             (56, 5186.161231022648),
[92mINFO [0m:      	                             (57, 5110.981457343645),
2026-07-09 03:18:12,061 | INFO | 	                             (57, 5110.981457343645),
[92mINFO [0m:      	                             (58, 5058.5543702029745),
2026-07-09 03:18:12,061 | INFO | 	                             (58, 5058.5543702029745),
[92mINFO [0m:      	                             (59, 4983.7486188299745),
2026-07-09 03:18:12,061 | INFO | 	                             (59, 4983.7486188299745),
[92mINFO [0m:      	                             (60, 4884.257757291812)],
2026-07-09 03:18:12,061 | INFO | 	                             (60, 4884.257757291812)],
[92mINFO [0m:      	 'regularization_loss_std': [(1, 940.0140152821162),
2026-07-09 03:18:12,061 | INFO | 	 'regularization_loss_std': [(1, 940.0140152821162),
[92mINFO [0m:      	                             (2, 844.7030478276331),
2026-07-09 03:18:12,061 | INFO | 	                             (2, 844.7030478276331),
[92mINFO [0m:      	                             (3, 843.1042138658923),
2026-07-09 03:18:12,061 | INFO | 	                             (3, 843.1042138658923),
[92mINFO [0m:      	                             (4, 888.330271457722),
2026-07-09 03:18:12,061 | INFO | 	                             (4, 888.330271457722),
[92mINFO [0m:      	                             (5, 732.5354582578747),
2026-07-09 03:18:12,061 | INFO | 	                             (5, 732.5354582578747),
[92mINFO [0m:      	                             (6, 894.6873935482645),
2026-07-09 03:18:12,061 | INFO | 	                             (6, 894.6873935482645),
[92mINFO [0m:      	                             (7, 985.5299264286766),
2026-07-09 03:18:12,061 | INFO | 	                             (7, 985.5299264286766),
[92mINFO [0m:      	                             (8, 971.9649042227164),
2026-07-09 03:18:12,061 | INFO | 	                             (8, 971.9649042227164),
[92mINFO [0m:      	                             (9, 730.5498696438874),
2026-07-09 03:18:12,061 | INFO | 	                             (9, 730.5498696438874),
[92mINFO [0m:      	                             (10, 1028.1537259094482),
2026-07-09 03:18:12,061 | INFO | 	                             (10, 1028.1537259094482),
[92mINFO [0m:      	                             (11, 1094.9029701411241),
2026-07-09 03:18:12,061 | INFO | 	                             (11, 1094.9029701411241),
[92mINFO [0m:      	                             (12, 872.0742804949017),
2026-07-09 03:18:12,061 | INFO | 	                             (12, 872.0742804949017),
[92mINFO [0m:      	                             (13, 768.1561790007994),
2026-07-09 03:18:12,061 | INFO | 	                             (13, 768.1561790007994),
[92mINFO [0m:      	                             (14, 567.4021639993362),
2026-07-09 03:18:12,061 | INFO | 	                             (14, 567.4021639993362),
[92mINFO [0m:      	                             (15, 753.4639992998991),
2026-07-09 03:18:12,061 | INFO | 	                             (15, 753.4639992998991),
[92mINFO [0m:      	                             (16, 712.4738497542662),
2026-07-09 03:18:12,061 | INFO | 	                             (16, 712.4738497542662),
[92mINFO [0m:      	                             (17, 892.8965586476606),
2026-07-09 03:18:12,062 | INFO | 	                             (17, 892.8965586476606),
[92mINFO [0m:      	                             (18, 883.5960834517036),
2026-07-09 03:18:12,062 | INFO | 	                             (18, 883.5960834517036),
[92mINFO [0m:      	                             (19, 962.8038848171699),
2026-07-09 03:18:12,062 | INFO | 	                             (19, 962.8038848171699),
[92mINFO [0m:      	                             (20, 927.9604391993297),
2026-07-09 03:18:12,062 | INFO | 	                             (20, 927.9604391993297),
[92mINFO [0m:      	                             (21, 1095.3645287415818),
2026-07-09 03:18:12,062 | INFO | 	                             (21, 1095.3645287415818),
[92mINFO [0m:      	                             (22, 553.8783515154197),
2026-07-09 03:18:12,062 | INFO | 	                             (22, 553.8783515154197),
[92mINFO [0m:      	                             (23, 732.7089874671755),
2026-07-09 03:18:12,062 | INFO | 	                             (23, 732.7089874671755),
[92mINFO [0m:      	                             (24, 1090.175333163603),
2026-07-09 03:18:12,062 | INFO | 	                             (24, 1090.175333163603),
[92mINFO [0m:      	                             (25, 887.0414299317854),
2026-07-09 03:18:12,062 | INFO | 	                             (25, 887.0414299317854),
[92mINFO [0m:      	                             (26, 716.5322170171718),
2026-07-09 03:18:12,062 | INFO | 	                             (26, 716.5322170171718),
[92mINFO [0m:      	                             (27, 992.219633449851),
2026-07-09 03:18:12,062 | INFO | 	                             (27, 992.219633449851),
[92mINFO [0m:      	                             (28, 760.4806375303889),
2026-07-09 03:18:12,062 | INFO | 	                             (28, 760.4806375303889),
[92mINFO [0m:      	                             (29, 990.2994054760708),
2026-07-09 03:18:12,062 | INFO | 	                             (29, 990.2994054760708),
[92mINFO [0m:      	                             (30, 768.8425242395152),
2026-07-09 03:18:12,062 | INFO | 	                             (30, 768.8425242395152),
[92mINFO [0m:      	                             (31, 942.684905097804),
2026-07-09 03:18:12,062 | INFO | 	                             (31, 942.684905097804),
[92mINFO [0m:      	                             (32, 1038.3231820541523),
2026-07-09 03:18:12,062 | INFO | 	                             (32, 1038.3231820541523),
[92mINFO [0m:      	                             (33, 974.9253539869278),
2026-07-09 03:18:12,062 | INFO | 	                             (33, 974.9253539869278),
[92mINFO [0m:      	                             (34, 1111.1525756010578),
2026-07-09 03:18:12,062 | INFO | 	                             (34, 1111.1525756010578),
[92mINFO [0m:      	                             (35, 814.6825590992056),
2026-07-09 03:18:12,062 | INFO | 	                             (35, 814.6825590992056),
[92mINFO [0m:      	                             (36, 617.3309929382999),
2026-07-09 03:18:12,062 | INFO | 	                             (36, 617.3309929382999),
[92mINFO [0m:      	                             (37, 1035.1720163127454),
2026-07-09 03:18:12,062 | INFO | 	                             (37, 1035.1720163127454),
[92mINFO [0m:      	                             (38, 925.9405207440908),
2026-07-09 03:18:12,062 | INFO | 	                             (38, 925.9405207440908),
[92mINFO [0m:      	                             (39, 949.8596279902098),
2026-07-09 03:18:12,062 | INFO | 	                             (39, 949.8596279902098),
[92mINFO [0m:      	                             (40, 850.140521962548),
2026-07-09 03:18:12,062 | INFO | 	                             (40, 850.140521962548),
[92mINFO [0m:      	                             (41, 788.9221099159356),
2026-07-09 03:18:12,062 | INFO | 	                             (41, 788.9221099159356),
[92mINFO [0m:      	                             (42, 687.3711058489514),
2026-07-09 03:18:12,062 | INFO | 	                             (42, 687.3711058489514),
[92mINFO [0m:      	                             (43, 923.2455891193327),
2026-07-09 03:18:12,062 | INFO | 	                             (43, 923.2455891193327),
[92mINFO [0m:      	                             (44, 694.0039056606554),
2026-07-09 03:18:12,062 | INFO | 	                             (44, 694.0039056606554),
[92mINFO [0m:      	                             (45, 520.2388248435758),
2026-07-09 03:18:12,062 | INFO | 	                             (45, 520.2388248435758),
[92mINFO [0m:      	                             (46, 667.9254241574778),
2026-07-09 03:18:12,062 | INFO | 	                             (46, 667.9254241574778),
[92mINFO [0m:      	                             (47, 769.0621110589777),
2026-07-09 03:18:12,062 | INFO | 	                             (47, 769.0621110589777),
[92mINFO [0m:      	                             (48, 822.7671898870683),
2026-07-09 03:18:12,062 | INFO | 	                             (48, 822.7671898870683),
[92mINFO [0m:      	                             (49, 753.2914773036645),
2026-07-09 03:18:12,062 | INFO | 	                             (49, 753.2914773036645),
[92mINFO [0m:      	                             (50, 590.2926041827943),
2026-07-09 03:18:12,062 | INFO | 	                             (50, 590.2926041827943),
[92mINFO [0m:      	                             (51, 588.8716800975895),
2026-07-09 03:18:12,062 | INFO | 	                             (51, 588.8716800975895),
[92mINFO [0m:      	                             (52, 644.9307274534345),
2026-07-09 03:18:12,062 | INFO | 	                             (52, 644.9307274534345),
[92mINFO [0m:      	                             (53, 567.1019011232387),
2026-07-09 03:18:12,062 | INFO | 	                             (53, 567.1019011232387),
[92mINFO [0m:      	                             (54, 674.7465484913399),
2026-07-09 03:18:12,062 | INFO | 	                             (54, 674.7465484913399),
[92mINFO [0m:      	                             (55, 690.7744343770199),
2026-07-09 03:18:12,063 | INFO | 	                             (55, 690.7744343770199),
[92mINFO [0m:      	                             (56, 515.2377168848174),
2026-07-09 03:18:12,063 | INFO | 	                             (56, 515.2377168848174),
[92mINFO [0m:      	                             (57, 559.7840838987769),
2026-07-09 03:18:12,063 | INFO | 	                             (57, 559.7840838987769),
[92mINFO [0m:      	                             (58, 578.3050606384504),
2026-07-09 03:18:12,063 | INFO | 	                             (58, 578.3050606384504),
[92mINFO [0m:      	                             (59, 686.7383614720939),
2026-07-09 03:18:12,063 | INFO | 	                             (59, 686.7383614720939),
[92mINFO [0m:      	                             (60, 416.0181749701744)],
2026-07-09 03:18:12,063 | INFO | 	                             (60, 416.0181749701744)],
[92mINFO [0m:      	 'selected_count': [(1, 15),
2026-07-09 03:18:12,063 | INFO | 	 'selected_count': [(1, 15),
[92mINFO [0m:      	                    (2, 15),
2026-07-09 03:18:12,063 | INFO | 	                    (2, 15),
[92mINFO [0m:      	                    (3, 15),
2026-07-09 03:18:12,063 | INFO | 	                    (3, 15),
[92mINFO [0m:      	                    (4, 15),
2026-07-09 03:18:12,063 | INFO | 	                    (4, 15),
[92mINFO [0m:      	                    (5, 15),
2026-07-09 03:18:12,063 | INFO | 	                    (5, 15),
[92mINFO [0m:      	                    (6, 15),
2026-07-09 03:18:12,063 | INFO | 	                    (6, 15),
[92mINFO [0m:      	                    (7, 15),
2026-07-09 03:18:12,063 | INFO | 	                    (7, 15),
[92mINFO [0m:      	                    (8, 15),
2026-07-09 03:18:12,063 | INFO | 	                    (8, 15),
[92mINFO [0m:      	                    (9, 15),
2026-07-09 03:18:12,063 | INFO | 	                    (9, 15),
[92mINFO [0m:      	                    (10, 15),
2026-07-09 03:18:12,063 | INFO | 	                    (10, 15),
[92mINFO [0m:      	                    (11, 15),
2026-07-09 03:18:12,063 | INFO | 	                    (11, 15),
[92mINFO [0m:      	                    (12, 15),
2026-07-09 03:18:12,063 | INFO | 	                    (12, 15),
[92mINFO [0m:      	                    (13, 15),
2026-07-09 03:18:12,063 | INFO | 	                    (13, 15),
[92mINFO [0m:      	                    (14, 15),
2026-07-09 03:18:12,063 | INFO | 	                    (14, 15),
[92mINFO [0m:      	                    (15, 15),
2026-07-09 03:18:12,063 | INFO | 	                    (15, 15),
[92mINFO [0m:      	                    (16, 15),
2026-07-09 03:18:12,063 | INFO | 	                    (16, 15),
[92mINFO [0m:      	                    (17, 15),
2026-07-09 03:18:12,063 | INFO | 	                    (17, 15),
[92mINFO [0m:      	                    (18, 15),
2026-07-09 03:18:12,063 | INFO | 	                    (18, 15),
[92mINFO [0m:      	                    (19, 15),
2026-07-09 03:18:12,063 | INFO | 	                    (19, 15),
[92mINFO [0m:      	                    (20, 15),
2026-07-09 03:18:12,063 | INFO | 	                    (20, 15),
[92mINFO [0m:      	                    (21, 15),
2026-07-09 03:18:12,063 | INFO | 	                    (21, 15),
[92mINFO [0m:      	                    (22, 15),
2026-07-09 03:18:12,063 | INFO | 	                    (22, 15),
[92mINFO [0m:      	                    (23, 15),
2026-07-09 03:18:12,063 | INFO | 	                    (23, 15),
[92mINFO [0m:      	                    (24, 15),
2026-07-09 03:18:12,063 | INFO | 	                    (24, 15),
[92mINFO [0m:      	                    (25, 15),
2026-07-09 03:18:12,063 | INFO | 	                    (25, 15),
[92mINFO [0m:      	                    (26, 15),
2026-07-09 03:18:12,063 | INFO | 	                    (26, 15),
[92mINFO [0m:      	                    (27, 15),
2026-07-09 03:18:12,063 | INFO | 	                    (27, 15),
[92mINFO [0m:      	                    (28, 15),
2026-07-09 03:18:12,063 | INFO | 	                    (28, 15),
[92mINFO [0m:      	                    (29, 15),
2026-07-09 03:18:12,063 | INFO | 	                    (29, 15),
[92mINFO [0m:      	                    (30, 15),
2026-07-09 03:18:12,063 | INFO | 	                    (30, 15),
[92mINFO [0m:      	                    (31, 15),
2026-07-09 03:18:12,063 | INFO | 	                    (31, 15),
[92mINFO [0m:      	                    (32, 15),
2026-07-09 03:18:12,063 | INFO | 	                    (32, 15),
[92mINFO [0m:      	                    (33, 15),
2026-07-09 03:18:12,063 | INFO | 	                    (33, 15),
[92mINFO [0m:      	                    (34, 15),
2026-07-09 03:18:12,064 | INFO | 	                    (34, 15),
[92mINFO [0m:      	                    (35, 15),
2026-07-09 03:18:12,064 | INFO | 	                    (35, 15),
[92mINFO [0m:      	                    (36, 15),
2026-07-09 03:18:12,064 | INFO | 	                    (36, 15),
[92mINFO [0m:      	                    (37, 15),
2026-07-09 03:18:12,064 | INFO | 	                    (37, 15),
[92mINFO [0m:      	                    (38, 15),
2026-07-09 03:18:12,064 | INFO | 	                    (38, 15),
[92mINFO [0m:      	                    (39, 15),
2026-07-09 03:18:12,064 | INFO | 	                    (39, 15),
[92mINFO [0m:      	                    (40, 15),
2026-07-09 03:18:12,064 | INFO | 	                    (40, 15),
[92mINFO [0m:      	                    (41, 15),
2026-07-09 03:18:12,064 | INFO | 	                    (41, 15),
[92mINFO [0m:      	                    (42, 15),
2026-07-09 03:18:12,064 | INFO | 	                    (42, 15),
[92mINFO [0m:      	                    (43, 15),
2026-07-09 03:18:12,064 | INFO | 	                    (43, 15),
[92mINFO [0m:      	                    (44, 15),
2026-07-09 03:18:12,064 | INFO | 	                    (44, 15),
[92mINFO [0m:      	                    (45, 15),
2026-07-09 03:18:12,064 | INFO | 	                    (45, 15),
[92mINFO [0m:      	                    (46, 15),
2026-07-09 03:18:12,064 | INFO | 	                    (46, 15),
[92mINFO [0m:      	                    (47, 15),
2026-07-09 03:18:12,064 | INFO | 	                    (47, 15),
[92mINFO [0m:      	                    (48, 15),
2026-07-09 03:18:12,064 | INFO | 	                    (48, 15),
[92mINFO [0m:      	                    (49, 15),
2026-07-09 03:18:12,064 | INFO | 	                    (49, 15),
[92mINFO [0m:      	                    (50, 15),
2026-07-09 03:18:12,064 | INFO | 	                    (50, 15),
[92mINFO [0m:      	                    (51, 15),
2026-07-09 03:18:12,064 | INFO | 	                    (51, 15),
[92mINFO [0m:      	                    (52, 15),
2026-07-09 03:18:12,064 | INFO | 	                    (52, 15),
[92mINFO [0m:      	                    (53, 15),
2026-07-09 03:18:12,064 | INFO | 	                    (53, 15),
[92mINFO [0m:      	                    (54, 15),
2026-07-09 03:18:12,064 | INFO | 	                    (54, 15),
[92mINFO [0m:      	                    (55, 15),
2026-07-09 03:18:12,064 | INFO | 	                    (55, 15),
[92mINFO [0m:      	                    (56, 15),
2026-07-09 03:18:12,064 | INFO | 	                    (56, 15),
[92mINFO [0m:      	                    (57, 15),
2026-07-09 03:18:12,064 | INFO | 	                    (57, 15),
[92mINFO [0m:      	                    (58, 15),
2026-07-09 03:18:12,064 | INFO | 	                    (58, 15),
[92mINFO [0m:      	                    (59, 15),
2026-07-09 03:18:12,064 | INFO | 	                    (59, 15),
[92mINFO [0m:      	                    (60, 15)],
2026-07-09 03:18:12,064 | INFO | 	                    (60, 15)],
[92mINFO [0m:      	 'selected_examples': [(1, 2363),
2026-07-09 03:18:12,064 | INFO | 	 'selected_examples': [(1, 2363),
[92mINFO [0m:      	                       (2, 2180),
2026-07-09 03:18:12,064 | INFO | 	                       (2, 2180),
[92mINFO [0m:      	                       (3, 2209),
2026-07-09 03:18:12,064 | INFO | 	                       (3, 2209),
[92mINFO [0m:      	                       (4, 2335),
2026-07-09 03:18:12,064 | INFO | 	                       (4, 2335),
[92mINFO [0m:      	                       (5, 1743),
2026-07-09 03:18:12,064 | INFO | 	                       (5, 1743),
[92mINFO [0m:      	                       (6, 2411),
2026-07-09 03:18:12,064 | INFO | 	                       (6, 2411),
[92mINFO [0m:      	                       (7, 2366),
2026-07-09 03:18:12,064 | INFO | 	                       (7, 2366),
[92mINFO [0m:      	                       (8, 2075),
2026-07-09 03:18:12,064 | INFO | 	                       (8, 2075),
[92mINFO [0m:      	                       (9, 1581),
2026-07-09 03:18:12,064 | INFO | 	                       (9, 1581),
[92mINFO [0m:      	                       (10, 2556),
2026-07-09 03:18:12,064 | INFO | 	                       (10, 2556),
[92mINFO [0m:      	                       (11, 3421),
2026-07-09 03:18:12,064 | INFO | 	                       (11, 3421),
[92mINFO [0m:      	                       (12, 1928),
2026-07-09 03:18:12,065 | INFO | 	                       (12, 1928),
[92mINFO [0m:      	                       (13, 1779),
2026-07-09 03:18:12,065 | INFO | 	                       (13, 1779),
[92mINFO [0m:      	                       (14, 1333),
2026-07-09 03:18:12,065 | INFO | 	                       (14, 1333),
[92mINFO [0m:      	                       (15, 1656),
2026-07-09 03:18:12,065 | INFO | 	                       (15, 1656),
[92mINFO [0m:      	                       (16, 1990),
2026-07-09 03:18:12,065 | INFO | 	                       (16, 1990),
[92mINFO [0m:      	                       (17, 1767),
2026-07-09 03:18:12,065 | INFO | 	                       (17, 1767),
[92mINFO [0m:      	                       (18, 1559),
2026-07-09 03:18:12,065 | INFO | 	                       (18, 1559),
[92mINFO [0m:      	                       (19, 2448),
2026-07-09 03:18:12,065 | INFO | 	                       (19, 2448),
[92mINFO [0m:      	                       (20, 2683),
2026-07-09 03:18:12,065 | INFO | 	                       (20, 2683),
[92mINFO [0m:      	                       (21, 2756),
2026-07-09 03:18:12,065 | INFO | 	                       (21, 2756),
[92mINFO [0m:      	                       (22, 1157),
2026-07-09 03:18:12,065 | INFO | 	                       (22, 1157),
[92mINFO [0m:      	                       (23, 1286),
2026-07-09 03:18:12,065 | INFO | 	                       (23, 1286),
[92mINFO [0m:      	                       (24, 3578),
2026-07-09 03:18:12,065 | INFO | 	                       (24, 3578),
[92mINFO [0m:      	                       (25, 2133),
2026-07-09 03:18:12,065 | INFO | 	                       (25, 2133),
[92mINFO [0m:      	                       (26, 1529),
2026-07-09 03:18:12,065 | INFO | 	                       (26, 1529),
[92mINFO [0m:      	                       (27, 2319),
2026-07-09 03:18:12,065 | INFO | 	                       (27, 2319),
[92mINFO [0m:      	                       (28, 1737),
2026-07-09 03:18:12,065 | INFO | 	                       (28, 1737),
[92mINFO [0m:      	                       (29, 2968),
2026-07-09 03:18:12,065 | INFO | 	                       (29, 2968),
[92mINFO [0m:      	                       (30, 2279),
2026-07-09 03:18:12,065 | INFO | 	                       (30, 2279),
[92mINFO [0m:      	                       (31, 2899),
2026-07-09 03:18:12,065 | INFO | 	                       (31, 2899),
[92mINFO [0m:      	                       (32, 3540),
2026-07-09 03:18:12,065 | INFO | 	                       (32, 3540),
[92mINFO [0m:      	                       (33, 4000),
2026-07-09 03:18:12,065 | INFO | 	                       (33, 4000),
[92mINFO [0m:      	                       (34, 5847),
2026-07-09 03:18:12,065 | INFO | 	                       (34, 5847),
[92mINFO [0m:      	                       (35, 1905),
2026-07-09 03:18:12,065 | INFO | 	                       (35, 1905),
[92mINFO [0m:      	                       (36, 1527),
2026-07-09 03:18:12,065 | INFO | 	                       (36, 1527),
[92mINFO [0m:      	                       (37, 5135),
2026-07-09 03:18:12,065 | INFO | 	                       (37, 5135),
[92mINFO [0m:      	                       (38, 3690),
2026-07-09 03:18:12,065 | INFO | 	                       (38, 3690),
[92mINFO [0m:      	                       (39, 4371),
2026-07-09 03:18:12,065 | INFO | 	                       (39, 4371),
[92mINFO [0m:      	                       (40, 2913),
2026-07-09 03:18:12,065 | INFO | 	                       (40, 2913),
[92mINFO [0m:      	                       (41, 2399),
2026-07-09 03:18:12,065 | INFO | 	                       (41, 2399),
[92mINFO [0m:      	                       (42, 2168),
2026-07-09 03:18:12,065 | INFO | 	                       (42, 2168),
[92mINFO [0m:      	                       (43, 4163),
2026-07-09 03:18:12,065 | INFO | 	                       (43, 4163),
[92mINFO [0m:      	                       (44, 2178),
2026-07-09 03:18:12,065 | INFO | 	                       (44, 2178),
[92mINFO [0m:      	                       (45, 2462),
2026-07-09 03:18:12,065 | INFO | 	                       (45, 2462),
[92mINFO [0m:      	                       (46, 2551),
2026-07-09 03:18:12,065 | INFO | 	                       (46, 2551),
[92mINFO [0m:      	                       (47, 2767),
2026-07-09 03:18:12,065 | INFO | 	                       (47, 2767),
[92mINFO [0m:      	                       (48, 4252),
2026-07-09 03:18:12,065 | INFO | 	                       (48, 4252),
[92mINFO [0m:      	                       (49, 4023),
2026-07-09 03:18:12,065 | INFO | 	                       (49, 4023),
[92mINFO [0m:      	                       (50, 2690),
2026-07-09 03:18:12,065 | INFO | 	                       (50, 2690),
[92mINFO [0m:      	                       (51, 2306),
2026-07-09 03:18:12,066 | INFO | 	                       (51, 2306),
[92mINFO [0m:      	                       (52, 3153),
2026-07-09 03:18:12,066 | INFO | 	                       (52, 3153),
[92mINFO [0m:      	                       (53, 2085),
2026-07-09 03:18:12,066 | INFO | 	                       (53, 2085),
[92mINFO [0m:      	                       (54, 3683),
2026-07-09 03:18:12,066 | INFO | 	                       (54, 3683),
[92mINFO [0m:      	                       (55, 3937),
2026-07-09 03:18:12,066 | INFO | 	                       (55, 3937),
[92mINFO [0m:      	                       (56, 2156),
2026-07-09 03:18:12,066 | INFO | 	                       (56, 2156),
[92mINFO [0m:      	                       (57, 2966),
2026-07-09 03:18:12,066 | INFO | 	                       (57, 2966),
[92mINFO [0m:      	                       (58, 2597),
2026-07-09 03:18:12,066 | INFO | 	                       (58, 2597),
[92mINFO [0m:      	                       (59, 4793),
2026-07-09 03:18:12,066 | INFO | 	                       (59, 4793),
[92mINFO [0m:      	                       (60, 2092)],
2026-07-09 03:18:12,066 | INFO | 	                       (60, 2092)],
[92mINFO [0m:      	 'total_examples': [(1, 2363),
2026-07-09 03:18:12,066 | INFO | 	 'total_examples': [(1, 2363),
[92mINFO [0m:      	                    (2, 2180),
2026-07-09 03:18:12,066 | INFO | 	                    (2, 2180),
[92mINFO [0m:      	                    (3, 2209),
2026-07-09 03:18:12,066 | INFO | 	                    (3, 2209),
[92mINFO [0m:      	                    (4, 2335),
2026-07-09 03:18:12,066 | INFO | 	                    (4, 2335),
[92mINFO [0m:      	                    (5, 1743),
2026-07-09 03:18:12,066 | INFO | 	                    (5, 1743),
[92mINFO [0m:      	                    (6, 2411),
2026-07-09 03:18:12,066 | INFO | 	                    (6, 2411),
[92mINFO [0m:      	                    (7, 2366),
2026-07-09 03:18:12,066 | INFO | 	                    (7, 2366),
[92mINFO [0m:      	                    (8, 2075),
2026-07-09 03:18:12,066 | INFO | 	                    (8, 2075),
[92mINFO [0m:      	                    (9, 1581),
2026-07-09 03:18:12,066 | INFO | 	                    (9, 1581),
[92mINFO [0m:      	                    (10, 2556),
2026-07-09 03:18:12,066 | INFO | 	                    (10, 2556),
[92mINFO [0m:      	                    (11, 3421),
2026-07-09 03:18:12,066 | INFO | 	                    (11, 3421),
[92mINFO [0m:      	                    (12, 1928),
2026-07-09 03:18:12,066 | INFO | 	                    (12, 1928),
[92mINFO [0m:      	                    (13, 1779),
2026-07-09 03:18:12,066 | INFO | 	                    (13, 1779),
[92mINFO [0m:      	                    (14, 1333),
2026-07-09 03:18:12,066 | INFO | 	                    (14, 1333),
[92mINFO [0m:      	                    (15, 1656),
2026-07-09 03:18:12,066 | INFO | 	                    (15, 1656),
[92mINFO [0m:      	                    (16, 1990),
2026-07-09 03:18:12,066 | INFO | 	                    (16, 1990),
[92mINFO [0m:      	                    (17, 1767),
2026-07-09 03:18:12,066 | INFO | 	                    (17, 1767),
[92mINFO [0m:      	                    (18, 1559),
2026-07-09 03:18:12,066 | INFO | 	                    (18, 1559),
[92mINFO [0m:      	                    (19, 2448),
2026-07-09 03:18:12,066 | INFO | 	                    (19, 2448),
[92mINFO [0m:      	                    (20, 2683),
2026-07-09 03:18:12,066 | INFO | 	                    (20, 2683),
[92mINFO [0m:      	                    (21, 2756),
2026-07-09 03:18:12,066 | INFO | 	                    (21, 2756),
[92mINFO [0m:      	                    (22, 1157),
2026-07-09 03:18:12,066 | INFO | 	                    (22, 1157),
[92mINFO [0m:      	                    (23, 1286),
2026-07-09 03:18:12,066 | INFO | 	                    (23, 1286),
[92mINFO [0m:      	                    (24, 3578),
2026-07-09 03:18:12,066 | INFO | 	                    (24, 3578),
[92mINFO [0m:      	                    (25, 2133),
2026-07-09 03:18:12,066 | INFO | 	                    (25, 2133),
[92mINFO [0m:      	                    (26, 1529),
2026-07-09 03:18:12,066 | INFO | 	                    (26, 1529),
[92mINFO [0m:      	                    (27, 2319),
2026-07-09 03:18:12,066 | INFO | 	                    (27, 2319),
[92mINFO [0m:      	                    (28, 1737),
2026-07-09 03:18:12,066 | INFO | 	                    (28, 1737),
[92mINFO [0m:      	                    (29, 2968),
2026-07-09 03:18:12,066 | INFO | 	                    (29, 2968),
[92mINFO [0m:      	                    (30, 2279),
2026-07-09 03:18:12,067 | INFO | 	                    (30, 2279),
[92mINFO [0m:      	                    (31, 2899),
2026-07-09 03:18:12,067 | INFO | 	                    (31, 2899),
[92mINFO [0m:      	                    (32, 3540),
2026-07-09 03:18:12,067 | INFO | 	                    (32, 3540),
[92mINFO [0m:      	                    (33, 4000),
2026-07-09 03:18:12,067 | INFO | 	                    (33, 4000),
[92mINFO [0m:      	                    (34, 5847),
2026-07-09 03:18:12,067 | INFO | 	                    (34, 5847),
[92mINFO [0m:      	                    (35, 1905),
2026-07-09 03:18:12,067 | INFO | 	                    (35, 1905),
[92mINFO [0m:      	                    (36, 1527),
2026-07-09 03:18:12,067 | INFO | 	                    (36, 1527),
[92mINFO [0m:      	                    (37, 5135),
2026-07-09 03:18:12,067 | INFO | 	                    (37, 5135),
[92mINFO [0m:      	                    (38, 3690),
2026-07-09 03:18:12,067 | INFO | 	                    (38, 3690),
[92mINFO [0m:      	                    (39, 4371),
2026-07-09 03:18:12,067 | INFO | 	                    (39, 4371),
[92mINFO [0m:      	                    (40, 2913),
2026-07-09 03:18:12,067 | INFO | 	                    (40, 2913),
[92mINFO [0m:      	                    (41, 2399),
2026-07-09 03:18:12,067 | INFO | 	                    (41, 2399),
[92mINFO [0m:      	                    (42, 2168),
2026-07-09 03:18:12,067 | INFO | 	                    (42, 2168),
[92mINFO [0m:      	                    (43, 4163),
2026-07-09 03:18:12,067 | INFO | 	                    (43, 4163),
[92mINFO [0m:      	                    (44, 2178),
2026-07-09 03:18:12,067 | INFO | 	                    (44, 2178),
[92mINFO [0m:      	                    (45, 2462),
2026-07-09 03:18:12,067 | INFO | 	                    (45, 2462),
[92mINFO [0m:      	                    (46, 2551),
2026-07-09 03:18:12,067 | INFO | 	                    (46, 2551),
[92mINFO [0m:      	                    (47, 2767),
2026-07-09 03:18:12,067 | INFO | 	                    (47, 2767),
[92mINFO [0m:      	                    (48, 4252),
2026-07-09 03:18:12,067 | INFO | 	                    (48, 4252),
[92mINFO [0m:      	                    (49, 4023),
2026-07-09 03:18:12,067 | INFO | 	                    (49, 4023),
[92mINFO [0m:      	                    (50, 2690),
2026-07-09 03:18:12,067 | INFO | 	                    (50, 2690),
[92mINFO [0m:      	                    (51, 2306),
2026-07-09 03:18:12,067 | INFO | 	                    (51, 2306),
[92mINFO [0m:      	                    (52, 3153),
2026-07-09 03:18:12,067 | INFO | 	                    (52, 3153),
[92mINFO [0m:      	                    (53, 2085),
2026-07-09 03:18:12,067 | INFO | 	                    (53, 2085),
[92mINFO [0m:      	                    (54, 3683),
2026-07-09 03:18:12,067 | INFO | 	                    (54, 3683),
[92mINFO [0m:      	                    (55, 3937),
2026-07-09 03:18:12,067 | INFO | 	                    (55, 3937),
[92mINFO [0m:      	                    (56, 2156),
2026-07-09 03:18:12,067 | INFO | 	                    (56, 2156),
[92mINFO [0m:      	                    (57, 2966),
2026-07-09 03:18:12,067 | INFO | 	                    (57, 2966),
[92mINFO [0m:      	                    (58, 2597),
2026-07-09 03:18:12,067 | INFO | 	                    (58, 2597),
[92mINFO [0m:      	                    (59, 4793),
2026-07-09 03:18:12,067 | INFO | 	                    (59, 4793),
[92mINFO [0m:      	                    (60, 2092)],
2026-07-09 03:18:12,067 | INFO | 	                    (60, 2092)],
[92mINFO [0m:      	 'train_loss': [(1, 8385.199301194418),
2026-07-09 03:18:12,067 | INFO | 	 'train_loss': [(1, 8385.199301194418),
[92mINFO [0m:      	                (2, 8129.93542345515),
2026-07-09 03:18:12,067 | INFO | 	                (2, 8129.93542345515),
[92mINFO [0m:      	                (3, 8235.52167276436),
2026-07-09 03:18:12,067 | INFO | 	                (3, 8235.52167276436),
[92mINFO [0m:      	                (4, 7798.613597669904),
2026-07-09 03:18:12,067 | INFO | 	                (4, 7798.613597669904),
[92mINFO [0m:      	                (5, 8008.319469880331),
2026-07-09 03:18:12,067 | INFO | 	                (5, 8008.319469880331),
[92mINFO [0m:      	                (6, 7803.082608916542),
2026-07-09 03:18:12,067 | INFO | 	                (6, 7803.082608916542),
[92mINFO [0m:      	                (7, 7587.758783321985),
2026-07-09 03:18:12,067 | INFO | 	                (7, 7587.758783321985),
[92mINFO [0m:      	                (8, 7454.8767394444885),
2026-07-09 03:18:12,067 | INFO | 	                (8, 7454.8767394444885),
[92mINFO [0m:      	                (9, 7512.950085225398),
2026-07-09 03:18:12,068 | INFO | 	                (9, 7512.950085225398),
[92mINFO [0m:      	                (10, 7443.9162339523455),
2026-07-09 03:18:12,068 | INFO | 	                (10, 7443.9162339523455),
[92mINFO [0m:      	                (11, 6989.528022726272),
2026-07-09 03:18:12,068 | INFO | 	                (11, 6989.528022726272),
[92mINFO [0m:      	                (12, 7203.373429130933),
2026-07-09 03:18:12,068 | INFO | 	                (12, 7203.373429130933),
[92mINFO [0m:      	                (13, 7046.324684978376),
2026-07-09 03:18:12,068 | INFO | 	                (13, 7046.324684978376),
[92mINFO [0m:      	                (14, 6987.662700089438),
2026-07-09 03:18:12,068 | INFO | 	                (14, 6987.662700089438),
[92mINFO [0m:      	                (15, 6849.600075022927),
2026-07-09 03:18:12,068 | INFO | 	                (15, 6849.600075022927),
[92mINFO [0m:      	                (16, 6484.987872335551),
2026-07-09 03:18:12,068 | INFO | 	                (16, 6484.987872335551),
[92mINFO [0m:      	                (17, 6726.2105844638545),
2026-07-09 03:18:12,068 | INFO | 	                (17, 6726.2105844638545),
[92mINFO [0m:      	                (18, 6633.996052856977),
2026-07-09 03:18:12,068 | INFO | 	                (18, 6633.996052856977),
[92mINFO [0m:      	                (19, 6449.421392825088),
2026-07-09 03:18:12,068 | INFO | 	                (19, 6449.421392825088),
[92mINFO [0m:      	                (20, 6375.073899241622),
2026-07-09 03:18:12,068 | INFO | 	                (20, 6375.073899241622),
[92mINFO [0m:      	                (21, 6187.191005060922),
2026-07-09 03:18:12,068 | INFO | 	                (21, 6187.191005060922),
[92mINFO [0m:      	                (22, 6204.176325546119),
2026-07-09 03:18:12,068 | INFO | 	                (22, 6204.176325546119),
[92mINFO [0m:      	                (23, 6136.454556894812),
2026-07-09 03:18:12,068 | INFO | 	                (23, 6136.454556894812),
[92mINFO [0m:      	                (24, 5827.706368986711),
2026-07-09 03:18:12,068 | INFO | 	                (24, 5827.706368986711),
[92mINFO [0m:      	                (25, 5949.611123456429),
2026-07-09 03:18:12,068 | INFO | 	                (25, 5949.611123456429),
[92mINFO [0m:      	                (26, 5929.341301611813),
2026-07-09 03:18:12,068 | INFO | 	                (26, 5929.341301611813),
[92mINFO [0m:      	                (27, 5825.359741124411),
2026-07-09 03:18:12,068 | INFO | 	                (27, 5825.359741124411),
[92mINFO [0m:      	                (28, 5676.8883770108005),
2026-07-09 03:18:12,068 | INFO | 	                (28, 5676.8883770108005),
[92mINFO [0m:      	                (29, 5538.875275487655),
2026-07-09 03:18:12,068 | INFO | 	                (29, 5538.875275487655),
[92mINFO [0m:      	                (30, 5430.104571256265),
2026-07-09 03:18:12,068 | INFO | 	                (30, 5430.104571256265),
[92mINFO [0m:      	                (31, 5442.084324951005),
2026-07-09 03:18:12,068 | INFO | 	                (31, 5442.084324951005),
[92mINFO [0m:      	                (32, 5353.188370495536),
2026-07-09 03:18:12,068 | INFO | 	                (32, 5353.188370495536),
[92mINFO [0m:      	                (33, 5199.912008640856),
2026-07-09 03:18:12,068 | INFO | 	                (33, 5199.912008640856),
[92mINFO [0m:      	                (34, 5112.256781440736),
2026-07-09 03:18:12,068 | INFO | 	                (34, 5112.256781440736),
[92mINFO [0m:      	                (35, 5137.674129516647),
2026-07-09 03:18:12,068 | INFO | 	                (35, 5137.674129516647),
[92mINFO [0m:      	                (36, 5056.528713432855),
2026-07-09 03:18:12,068 | INFO | 	                (36, 5056.528713432855),
[92mINFO [0m:      	                (37, 5006.128879947831),
2026-07-09 03:18:12,068 | INFO | 	                (37, 5006.128879947831),
[92mINFO [0m:      	                (38, 4883.991730726105),
2026-07-09 03:18:12,068 | INFO | 	                (38, 4883.991730726105),
[92mINFO [0m:      	                (39, 4804.749535539613),
2026-07-09 03:18:12,068 | INFO | 	                (39, 4804.749535539613),
[92mINFO [0m:      	                (40, 4858.892998476055),
2026-07-09 03:18:12,068 | INFO | 	                (40, 4858.892998476055),
[92mINFO [0m:      	                (41, 4724.628123106273),
2026-07-09 03:18:12,068 | INFO | 	                (41, 4724.628123106273),
[92mINFO [0m:      	                (42, 4567.74432627591),
2026-07-09 03:18:12,068 | INFO | 	                (42, 4567.74432627591),
[92mINFO [0m:      	                (43, 4564.2302248632495),
2026-07-09 03:18:12,068 | INFO | 	                (43, 4564.2302248632495),
[92mINFO [0m:      	                (44, 4511.12209164283),
2026-07-09 03:18:12,068 | INFO | 	                (44, 4511.12209164283),
[92mINFO [0m:      	                (45, 4237.306377271363),
2026-07-09 03:18:12,068 | INFO | 	                (45, 4237.306377271363),
[92mINFO [0m:      	                (46, 4277.110878941606),
2026-07-09 03:18:12,068 | INFO | 	                (46, 4277.110878941606),
[92mINFO [0m:      	                (47, 4379.655217849392),
2026-07-09 03:18:12,068 | INFO | 	                (47, 4379.655217849392),
[92mINFO [0m:      	                (48, 4375.542423078462),
2026-07-09 03:18:12,069 | INFO | 	                (48, 4375.542423078462),
[92mINFO [0m:      	                (49, 4279.035937476733),
2026-07-09 03:18:12,069 | INFO | 	                (49, 4279.035937476733),
[92mINFO [0m:      	                (50, 4075.9684967684134),
2026-07-09 03:18:12,069 | INFO | 	                (50, 4075.9684967684134),
[92mINFO [0m:      	                (51, 4013.75022547139),
2026-07-09 03:18:12,069 | INFO | 	                (51, 4013.75022547139),
[92mINFO [0m:      	                (52, 3957.798652166733),
2026-07-09 03:18:12,069 | INFO | 	                (52, 3957.798652166733),
[92mINFO [0m:      	                (53, 4079.092055933787),
2026-07-09 03:18:12,069 | INFO | 	                (53, 4079.092055933787),
[92mINFO [0m:      	                (54, 3863.2616268583142),
2026-07-09 03:18:12,069 | INFO | 	                (54, 3863.2616268583142),
[92mINFO [0m:      	                (55, 3825.7048918146397),
2026-07-09 03:18:12,069 | INFO | 	                (55, 3825.7048918146397),
[92mINFO [0m:      	                (56, 3760.2319224421854),
2026-07-09 03:18:12,069 | INFO | 	                (56, 3760.2319224421854),
[92mINFO [0m:      	                (57, 3717.7443314195953),
2026-07-09 03:18:12,069 | INFO | 	                (57, 3717.7443314195953),
[92mINFO [0m:      	                (58, 3631.816833191536),
2026-07-09 03:18:12,069 | INFO | 	                (58, 3631.816833191536),
[92mINFO [0m:      	                (59, 3704.856749567833),
2026-07-09 03:18:12,069 | INFO | 	                (59, 3704.856749567833),
[92mINFO [0m:      	                (60, 3509.975843983569)],
2026-07-09 03:18:12,069 | INFO | 	                (60, 3509.975843983569)],
[92mINFO [0m:      	 'train_loss_max': [(1, 8630.604675483704),
2026-07-09 03:18:12,069 | INFO | 	 'train_loss_max': [(1, 8630.604675483704),
[92mINFO [0m:      	                    (2, 8473.87364025116),
2026-07-09 03:18:12,069 | INFO | 	                    (2, 8473.87364025116),
[92mINFO [0m:      	                    (3, 8487.647289466859),
2026-07-09 03:18:12,069 | INFO | 	                    (3, 8487.647289466859),
[92mINFO [0m:      	                    (4, 8233.466201972962),
2026-07-09 03:18:12,069 | INFO | 	                    (4, 8233.466201972962),
[92mINFO [0m:      	                    (5, 8207.172260093688),
2026-07-09 03:18:12,069 | INFO | 	                    (5, 8207.172260093688),
[92mINFO [0m:      	                    (6, 7941.940437173844),
2026-07-09 03:18:12,069 | INFO | 	                    (6, 7941.940437173844),
[92mINFO [0m:      	                    (7, 7786.975563430786),
2026-07-09 03:18:12,069 | INFO | 	                    (7, 7786.975563430786),
[92mINFO [0m:      	                    (8, 7678.517960453033),
2026-07-09 03:18:12,069 | INFO | 	                    (8, 7678.517960453033),
[92mINFO [0m:      	                    (9, 7547.77337398529),
2026-07-09 03:18:12,069 | INFO | 	                    (9, 7547.77337398529),
[92mINFO [0m:      	                    (10, 7543.409193611145),
2026-07-09 03:18:12,069 | INFO | 	                    (10, 7543.409193611145),
[92mINFO [0m:      	                    (11, 7341.945013046265),
2026-07-09 03:18:12,069 | INFO | 	                    (11, 7341.945013046265),
[92mINFO [0m:      	                    (12, 7289.869257640838),
2026-07-09 03:18:12,069 | INFO | 	                    (12, 7289.869257640838),
[92mINFO [0m:      	                    (13, 7129.284852409362),
2026-07-09 03:18:12,069 | INFO | 	                    (13, 7129.284852409362),
[92mINFO [0m:      	                    (14, 7105.304743480682),
2026-07-09 03:18:12,069 | INFO | 	                    (14, 7105.304743480682),
[92mINFO [0m:      	                    (15, 7000.865542697907),
2026-07-09 03:18:12,069 | INFO | 	                    (15, 7000.865542697907),
[92mINFO [0m:      	                    (16, 6774.49608631134),
2026-07-09 03:18:12,069 | INFO | 	                    (16, 6774.49608631134),
[92mINFO [0m:      	                    (17, 6837.576825904846),
2026-07-09 03:18:12,069 | INFO | 	                    (17, 6837.576825904846),
[92mINFO [0m:      	                    (18, 6746.116892337799),
2026-07-09 03:18:12,069 | INFO | 	                    (18, 6746.116892337799),
[92mINFO [0m:      	                    (19, 6650.142154884338),
2026-07-09 03:18:12,069 | INFO | 	                    (19, 6650.142154884338),
[92mINFO [0m:      	                    (20, 6572.092238044739),
2026-07-09 03:18:12,069 | INFO | 	                    (20, 6572.092238044739),
[92mINFO [0m:      	                    (21, 6515.925711375475),
2026-07-09 03:18:12,069 | INFO | 	                    (21, 6515.925711375475),
[92mINFO [0m:      	                    (22, 6378.615043258667),
2026-07-09 03:18:12,069 | INFO | 	                    (22, 6378.615043258667),
[92mINFO [0m:      	                    (23, 6344.830392742157),
2026-07-09 03:18:12,069 | INFO | 	                    (23, 6344.830392742157),
[92mINFO [0m:      	                    (24, 6213.366086912155),
2026-07-09 03:18:12,069 | INFO | 	                    (24, 6213.366086912155),
[92mINFO [0m:      	                    (25, 6225.658609104156),
2026-07-09 03:18:12,069 | INFO | 	                    (25, 6225.658609104156),
[92mINFO [0m:      	                    (26, 6175.782666015625),
2026-07-09 03:18:12,069 | INFO | 	                    (26, 6175.782666015625),
[92mINFO [0m:      	                    (27, 6010.786108589173),
2026-07-09 03:18:12,070 | INFO | 	                    (27, 6010.786108589173),
[92mINFO [0m:      	                    (28, 5798.4113874435425),
2026-07-09 03:18:12,070 | INFO | 	                    (28, 5798.4113874435425),
[92mINFO [0m:      	                    (29, 5886.651715421676),
2026-07-09 03:18:12,070 | INFO | 	                    (29, 5886.651715421676),
[92mINFO [0m:      	                    (30, 5739.213440799713),
2026-07-09 03:18:12,070 | INFO | 	                    (30, 5739.213440799713),
[92mINFO [0m:      	                    (31, 5710.66591001749),
2026-07-09 03:18:12,070 | INFO | 	                    (31, 5710.66591001749),
[92mINFO [0m:      	                    (32, 5688.961002159119),
2026-07-09 03:18:12,070 | INFO | 	                    (32, 5688.961002159119),
[92mINFO [0m:      	                    (33, 5506.553988265991),
2026-07-09 03:18:12,070 | INFO | 	                    (33, 5506.553988265991),
[92mINFO [0m:      	                    (34, 5444.742632842064),
2026-07-09 03:18:12,070 | INFO | 	                    (34, 5444.742632842064),
[92mINFO [0m:      	                    (35, 5406.924026536942),
2026-07-09 03:18:12,070 | INFO | 	                    (35, 5406.924026536942),
[92mINFO [0m:      	                    (36, 5391.1340045928955),
2026-07-09 03:18:12,070 | INFO | 	                    (36, 5391.1340045928955),
[92mINFO [0m:      	                    (37, 5298.660586166382),
2026-07-09 03:18:12,070 | INFO | 	                    (37, 5298.660586166382),
[92mINFO [0m:      	                    (38, 5182.65454865694),
2026-07-09 03:18:12,070 | INFO | 	                    (38, 5182.65454865694),
[92mINFO [0m:      	                    (39, 5145.749611079693),
2026-07-09 03:18:12,070 | INFO | 	                    (39, 5145.749611079693),
[92mINFO [0m:      	                    (40, 5103.476334571838),
2026-07-09 03:18:12,070 | INFO | 	                    (40, 5103.476334571838),
[92mINFO [0m:      	                    (41, 4980.370392608643),
2026-07-09 03:18:12,070 | INFO | 	                    (41, 4980.370392608643),
[92mINFO [0m:      	                    (42, 4771.559863551458),
2026-07-09 03:18:12,070 | INFO | 	                    (42, 4771.559863551458),
[92mINFO [0m:      	                    (43, 4871.638994407654),
2026-07-09 03:18:12,070 | INFO | 	                    (43, 4871.638994407654),
[92mINFO [0m:      	                    (44, 4806.882629871368),
2026-07-09 03:18:12,070 | INFO | 	                    (44, 4806.882629871368),
[92mINFO [0m:      	                    (45, 4415.162897167206),
2026-07-09 03:18:12,070 | INFO | 	                    (45, 4415.162897167206),
[92mINFO [0m:      	                    (46, 4496.279669928551),
2026-07-09 03:18:12,070 | INFO | 	                    (46, 4496.279669928551),
[92mINFO [0m:      	                    (47, 4635.40662059784),
2026-07-09 03:18:12,070 | INFO | 	                    (47, 4635.40662059784),
[92mINFO [0m:      	                    (48, 4543.460220432282),
2026-07-09 03:18:12,070 | INFO | 	                    (48, 4543.460220432282),
[92mINFO [0m:      	                    (49, 4514.070531654358),
2026-07-09 03:18:12,070 | INFO | 	                    (49, 4514.070531654358),
[92mINFO [0m:      	                    (50, 4374.977773094177),
2026-07-09 03:18:12,070 | INFO | 	                    (50, 4374.977773094177),
[92mINFO [0m:      	                    (51, 4346.013808584214),
2026-07-09 03:18:12,070 | INFO | 	                    (51, 4346.013808584214),
[92mINFO [0m:      	                    (52, 4305.2015131473545),
2026-07-09 03:18:12,070 | INFO | 	                    (52, 4305.2015131473545),
[92mINFO [0m:      	                    (53, 4217.542921113968),
2026-07-09 03:18:12,070 | INFO | 	                    (53, 4217.542921113968),
[92mINFO [0m:      	                    (54, 4155.765509176254),
2026-07-09 03:18:12,070 | INFO | 	                    (54, 4155.765509176254),
[92mINFO [0m:      	                    (55, 4103.416908502579),
2026-07-09 03:18:12,070 | INFO | 	                    (55, 4103.416908502579),
[92mINFO [0m:      	                    (56, 4039.2367794513702),
2026-07-09 03:18:12,070 | INFO | 	                    (56, 4039.2367794513702),
[92mINFO [0m:      	                    (57, 3996.794694566727),
2026-07-09 03:18:12,070 | INFO | 	                    (57, 3996.794694566727),
[92mINFO [0m:      	                    (58, 3945.3669553756713),
2026-07-09 03:18:12,070 | INFO | 	                    (58, 3945.3669553756713),
[92mINFO [0m:      	                    (59, 3952.676793718338),
2026-07-09 03:18:12,070 | INFO | 	                    (59, 3952.676793718338),
[92mINFO [0m:      	                    (60, 3809.350849413872)],
2026-07-09 03:18:12,070 | INFO | 	                    (60, 3809.350849413872)],
[92mINFO [0m:      	 'train_loss_mean': [(1, 8390.627843104468),
2026-07-09 03:18:12,070 | INFO | 	 'train_loss_mean': [(1, 8390.627843104468),
[92mINFO [0m:      	                     (2, 8272.734270035426),
2026-07-09 03:18:12,070 | INFO | 	                     (2, 8272.734270035426),
[92mINFO [0m:      	                     (3, 8199.89977185885),
2026-07-09 03:18:12,070 | INFO | 	                     (3, 8199.89977185885),
[92mINFO [0m:      	                     (4, 8001.950563381194),
2026-07-09 03:18:12,070 | INFO | 	                     (4, 8001.950563381194),
[92mINFO [0m:      	                     (5, 7952.120503490765),
2026-07-09 03:18:12,070 | INFO | 	                     (5, 7952.120503490765),
[92mINFO [0m:      	                     (6, 7820.093857629564),
2026-07-09 03:18:12,071 | INFO | 	                     (6, 7820.093857629564),
[92mINFO [0m:      	                     (7, 7635.728907812967),
2026-07-09 03:18:12,071 | INFO | 	                     (7, 7635.728907812967),
[92mINFO [0m:      	                     (8, 7523.443775987227),
2026-07-09 03:18:12,071 | INFO | 	                     (8, 7523.443775987227),
[92mINFO [0m:      	                     (9, 7425.425422329903),
2026-07-09 03:18:12,071 | INFO | 	                     (9, 7425.425422329903),
[92mINFO [0m:      	                     (10, 7374.854673483372),
2026-07-09 03:18:12,071 | INFO | 	                     (10, 7374.854673483372),
[92mINFO [0m:      	                     (11, 7163.177550794548),
2026-07-09 03:18:12,071 | INFO | 	                     (11, 7163.177550794548),
[92mINFO [0m:      	                     (12, 7129.436502910455),
2026-07-09 03:18:12,071 | INFO | 	                     (12, 7129.436502910455),
[92mINFO [0m:      	                     (13, 7012.165678367614),
2026-07-09 03:18:12,071 | INFO | 	                     (13, 7012.165678367614),
[92mINFO [0m:      	                     (14, 6886.851287109851),
2026-07-09 03:18:12,071 | INFO | 	                     (14, 6886.851287109851),
[92mINFO [0m:      	                     (15, 6794.369331304233),
2026-07-09 03:18:12,071 | INFO | 	                     (15, 6794.369331304233),
[92mINFO [0m:      	                     (16, 6653.172755302588),
2026-07-09 03:18:12,071 | INFO | 	                     (16, 6653.172755302588),
[92mINFO [0m:      	                     (17, 6610.720958407721),
2026-07-09 03:18:12,071 | INFO | 	                     (17, 6610.720958407721),
[92mINFO [0m:      	                     (18, 6504.04744169871),
2026-07-09 03:18:12,071 | INFO | 	                     (18, 6504.04744169871),
[92mINFO [0m:      	                     (19, 6415.620172173181),
2026-07-09 03:18:12,071 | INFO | 	                     (19, 6415.620172173181),
[92mINFO [0m:      	                     (20, 6308.1358566294775),
2026-07-09 03:18:12,071 | INFO | 	                     (20, 6308.1358566294775),
[92mINFO [0m:      	                     (21, 6214.945377714766),
2026-07-09 03:18:12,071 | INFO | 	                     (21, 6214.945377714766),
[92mINFO [0m:      	                     (22, 6076.202148159345),
2026-07-09 03:18:12,071 | INFO | 	                     (22, 6076.202148159345),
[92mINFO [0m:      	                     (23, 5987.881707956791),
2026-07-09 03:18:12,071 | INFO | 	                     (23, 5987.881707956791),
[92mINFO [0m:      	                     (24, 5877.791202143564),
2026-07-09 03:18:12,071 | INFO | 	                     (24, 5877.791202143564),
[92mINFO [0m:      	                     (25, 5833.442297734154),
2026-07-09 03:18:12,071 | INFO | 	                     (25, 5833.442297734154),
[92mINFO [0m:      	                     (26, 5739.131555043857),
2026-07-09 03:18:12,071 | INFO | 	                     (26, 5739.131555043857),
[92mINFO [0m:      	                     (27, 5665.0960792684555),
2026-07-09 03:18:12,071 | INFO | 	                     (27, 5665.0960792684555),
[92mINFO [0m:      	                     (28, 5519.249875409074),
2026-07-09 03:18:12,071 | INFO | 	                     (28, 5519.249875409074),
[92mINFO [0m:      	                     (29, 5474.774825827811),
2026-07-09 03:18:12,071 | INFO | 	                     (29, 5474.774825827811),
[92mINFO [0m:      	                     (30, 5338.4612931331),
2026-07-09 03:18:12,071 | INFO | 	                     (30, 5338.4612931331),
[92mINFO [0m:      	                     (31, 5312.008371535141),
2026-07-09 03:18:12,071 | INFO | 	                     (31, 5312.008371535141),
[92mINFO [0m:      	                     (32, 5233.6384248774575),
2026-07-09 03:18:12,071 | INFO | 	                     (32, 5233.6384248774575),
[92mINFO [0m:      	                     (33, 5133.009867152531),
2026-07-09 03:18:12,071 | INFO | 	                     (33, 5133.009867152531),
[92mINFO [0m:      	                     (34, 5060.077599143611),
2026-07-09 03:18:12,071 | INFO | 	                     (34, 5060.077599143611),
[92mINFO [0m:      	                     (35, 4925.108971541723),
2026-07-09 03:18:12,071 | INFO | 	                     (35, 4925.108971541723),
[92mINFO [0m:      	                     (36, 4842.5953015756595),
2026-07-09 03:18:12,071 | INFO | 	                     (36, 4842.5953015756595),
[92mINFO [0m:      	                     (37, 4890.005516526222),
2026-07-09 03:18:12,071 | INFO | 	                     (37, 4890.005516526222),
[92mINFO [0m:      	                     (38, 4721.915825397571),
2026-07-09 03:18:12,071 | INFO | 	                     (38, 4721.915825397571),
[92mINFO [0m:      	                     (39, 4667.823014697763),
2026-07-09 03:18:12,071 | INFO | 	                     (39, 4667.823014697763),
[92mINFO [0m:      	                     (40, 4605.726953637202),
2026-07-09 03:18:12,071 | INFO | 	                     (40, 4605.726953637202),
[92mINFO [0m:      	                     (41, 4488.108067533441),
2026-07-09 03:18:12,071 | INFO | 	                     (41, 4488.108067533441),
[92mINFO [0m:      	                     (42, 4329.609672531022),
2026-07-09 03:18:12,071 | INFO | 	                     (42, 4329.609672531022),
[92mINFO [0m:      	                     (43, 4360.457724221071),
2026-07-09 03:18:12,071 | INFO | 	                     (43, 4360.457724221071),
[92mINFO [0m:      	                     (44, 4220.750625886917),
2026-07-09 03:18:12,071 | INFO | 	                     (44, 4220.750625886917),
[92mINFO [0m:      	                     (45, 4063.6269032667474),
2026-07-09 03:18:12,072 | INFO | 	                     (45, 4063.6269032667474),
[92mINFO [0m:      	                     (46, 4018.209589739482),
2026-07-09 03:18:12,072 | INFO | 	                     (46, 4018.209589739482),
[92mINFO [0m:      	                     (47, 4088.824217194319),
2026-07-09 03:18:12,072 | INFO | 	                     (47, 4088.824217194319),
[92mINFO [0m:      	                     (48, 4107.866287653074),
2026-07-09 03:18:12,072 | INFO | 	                     (48, 4107.866287653074),
[92mINFO [0m:      	                     (49, 4009.898127603531),
2026-07-09 03:18:12,072 | INFO | 	                     (49, 4009.898127603531),
[92mINFO [0m:      	                     (50, 3813.221160405477),
2026-07-09 03:18:12,072 | INFO | 	                     (50, 3813.221160405477),
[92mINFO [0m:      	                     (51, 3744.270758427779),
2026-07-09 03:18:12,072 | INFO | 	                     (51, 3744.270758427779),
[92mINFO [0m:      	                     (52, 3718.531670072343),
2026-07-09 03:18:12,072 | INFO | 	                     (52, 3718.531670072343),
[92mINFO [0m:      	                     (53, 3710.7858042887847),
2026-07-09 03:18:12,072 | INFO | 	                     (53, 3710.7858042887847),
[92mINFO [0m:      	                     (54, 3641.314926295387),
2026-07-09 03:18:12,072 | INFO | 	                     (54, 3641.314926295387),
[92mINFO [0m:      	                     (55, 3538.5058956200814),
2026-07-09 03:18:12,072 | INFO | 	                     (55, 3538.5058956200814),
[92mINFO [0m:      	                     (56, 3430.2099613218834),
2026-07-09 03:18:12,072 | INFO | 	                     (56, 3430.2099613218834),
[92mINFO [0m:      	                     (57, 3422.420698693593),
2026-07-09 03:18:12,072 | INFO | 	                     (57, 3422.420698693593),
[92mINFO [0m:      	                     (58, 3353.3434129624893),
2026-07-09 03:18:12,072 | INFO | 	                     (58, 3353.3434129624893),
[92mINFO [0m:      	                     (59, 3437.0294273210366),
2026-07-09 03:18:12,072 | INFO | 	                     (59, 3437.0294273210366),
[92mINFO [0m:      	                     (60, 3242.273046830495)],
2026-07-09 03:18:12,072 | INFO | 	                     (60, 3242.273046830495)],
[92mINFO [0m:      	 'train_loss_min': [(1, 8170.675655237834),
2026-07-09 03:18:12,072 | INFO | 	 'train_loss_min': [(1, 8170.675655237834),
[92mINFO [0m:      	                    (2, 7802.336747455597),
2026-07-09 03:18:12,072 | INFO | 	                    (2, 7802.336747455597),
[92mINFO [0m:      	                    (3, 8040.857009553909),
2026-07-09 03:18:12,072 | INFO | 	                    (3, 8040.857009553909),
[92mINFO [0m:      	                    (4, 7441.493931503296),
2026-07-09 03:18:12,072 | INFO | 	                    (4, 7441.493931503296),
[92mINFO [0m:      	                    (5, 7844.927811050415),
2026-07-09 03:18:12,072 | INFO | 	                    (5, 7844.927811050415),
[92mINFO [0m:      	                    (6, 7641.781551710765),
2026-07-09 03:18:12,072 | INFO | 	                    (6, 7641.781551710765),
[92mINFO [0m:      	                    (7, 7422.771002705892),
2026-07-09 03:18:12,072 | INFO | 	                    (7, 7422.771002705892),
[92mINFO [0m:      	                    (8, 7211.2595682621),
2026-07-09 03:18:12,072 | INFO | 	                    (8, 7211.2595682621),
[92mINFO [0m:      	                    (9, 7298.186900520324),
2026-07-09 03:18:12,072 | INFO | 	                    (9, 7298.186900520324),
[92mINFO [0m:      	                    (10, 7255.473522758484),
2026-07-09 03:18:12,072 | INFO | 	                    (10, 7255.473522758484),
[92mINFO [0m:      	                    (11, 6658.21860926946),
2026-07-09 03:18:12,072 | INFO | 	                    (11, 6658.21860926946),
[92mINFO [0m:      	                    (12, 7033.304757344723),
2026-07-09 03:18:12,072 | INFO | 	                    (12, 7033.304757344723),
[92mINFO [0m:      	                    (13, 6943.096264266967),
2026-07-09 03:18:12,072 | INFO | 	                    (13, 6943.096264266967),
[92mINFO [0m:      	                    (14, 6753.553387057781),
2026-07-09 03:18:12,072 | INFO | 	                    (14, 6753.553387057781),
[92mINFO [0m:      	                    (15, 6699.791210317611),
2026-07-09 03:18:12,072 | INFO | 	                    (15, 6699.791210317611),
[92mINFO [0m:      	                    (16, 6328.391586875916),
2026-07-09 03:18:12,072 | INFO | 	                    (16, 6328.391586875916),
[92mINFO [0m:      	                    (17, 6484.723095798492),
2026-07-09 03:18:12,072 | INFO | 	                    (17, 6484.723095798492),
[92mINFO [0m:      	                    (18, 6386.856809425354),
2026-07-09 03:18:12,072 | INFO | 	                    (18, 6386.856809425354),
[92mINFO [0m:      	                    (19, 6292.37129778862),
2026-07-09 03:18:12,072 | INFO | 	                    (19, 6292.37129778862),
[92mINFO [0m:      	                    (20, 6208.01635684967),
2026-07-09 03:18:12,072 | INFO | 	                    (20, 6208.01635684967),
[92mINFO [0m:      	                    (21, 5897.796928628286),
2026-07-09 03:18:12,072 | INFO | 	                    (21, 5897.796928628286),
[92mINFO [0m:      	                    (22, 5988.696857595443),
2026-07-09 03:18:12,072 | INFO | 	                    (22, 5988.696857595443),
[92mINFO [0m:      	                    (23, 5878.553107833863),
2026-07-09 03:18:12,073 | INFO | 	                    (23, 5878.553107833863),
[92mINFO [0m:      	                    (24, 5621.699808216095),
2026-07-09 03:18:12,073 | INFO | 	                    (24, 5621.699808216095),
[92mINFO [0m:      	                    (25, 5709.834889125824),
2026-07-09 03:18:12,073 | INFO | 	                    (25, 5709.834889125824),
[92mINFO [0m:      	                    (26, 5600.840626382827),
2026-07-09 03:18:12,073 | INFO | 	                    (26, 5600.840626382827),
[92mINFO [0m:      	                    (27, 5543.396200108528),
2026-07-09 03:18:12,073 | INFO | 	                    (27, 5543.396200108528),
[92mINFO [0m:      	                    (28, 5443.978607606888),
2026-07-09 03:18:12,073 | INFO | 	                    (28, 5443.978607606888),
[92mINFO [0m:      	                    (29, 5339.123733246326),
2026-07-09 03:18:12,073 | INFO | 	                    (29, 5339.123733246326),
[92mINFO [0m:      	                    (30, 5232.996555519104),
2026-07-09 03:18:12,073 | INFO | 	                    (30, 5232.996555519104),
[92mINFO [0m:      	                    (31, 5147.4126420974735),
2026-07-09 03:18:12,073 | INFO | 	                    (31, 5147.4126420974735),
[92mINFO [0m:      	                    (32, 5070.189303970337),
2026-07-09 03:18:12,073 | INFO | 	                    (32, 5070.189303970337),
[92mINFO [0m:      	                    (33, 4999.865570640564),
2026-07-09 03:18:12,073 | INFO | 	                    (33, 4999.865570640564),
[92mINFO [0m:      	                    (34, 4897.112253665924),
2026-07-09 03:18:12,073 | INFO | 	                    (34, 4897.112253665924),
[92mINFO [0m:      	                    (35, 4782.300353884697),
2026-07-09 03:18:12,073 | INFO | 	                    (35, 4782.300353884697),
[92mINFO [0m:      	                    (36, 4703.221414709091),
2026-07-09 03:18:12,073 | INFO | 	                    (36, 4703.221414709091),
[92mINFO [0m:      	                    (37, 4621.343921089172),
2026-07-09 03:18:12,073 | INFO | 	                    (37, 4621.343921089172),
[92mINFO [0m:      	                    (38, 4543.094423294067),
2026-07-09 03:18:12,073 | INFO | 	                    (38, 4543.094423294067),
[92mINFO [0m:      	                    (39, 4471.981641197204),
2026-07-09 03:18:12,073 | INFO | 	                    (39, 4471.981641197204),
[92mINFO [0m:      	                    (40, 4370.936852669716),
2026-07-09 03:18:12,073 | INFO | 	                    (40, 4370.936852669716),
[92mINFO [0m:      	                    (41, 4295.190429496765),
2026-07-09 03:18:12,073 | INFO | 	                    (41, 4295.190429496765),
[92mINFO [0m:      	                    (42, 4216.66315498352),
2026-07-09 03:18:12,073 | INFO | 	                    (42, 4216.66315498352),
[92mINFO [0m:      	                    (43, 4125.201829338073),
2026-07-09 03:18:12,073 | INFO | 	                    (43, 4125.201829338073),
[92mINFO [0m:      	                    (44, 4065.9652165174484),
2026-07-09 03:18:12,073 | INFO | 	                    (44, 4065.9652165174484),
[92mINFO [0m:      	                    (45, 3987.194861674309),
2026-07-09 03:18:12,073 | INFO | 	                    (45, 3987.194861674309),
[92mINFO [0m:      	                    (46, 3881.7950122833254),
2026-07-09 03:18:12,073 | INFO | 	                    (46, 3881.7950122833254),
[92mINFO [0m:      	                    (47, 3856.252337265015),
2026-07-09 03:18:12,073 | INFO | 	                    (47, 3856.252337265015),
[92mINFO [0m:      	                    (48, 3764.683058452606),
2026-07-09 03:18:12,073 | INFO | 	                    (48, 3764.683058452606),
[92mINFO [0m:      	                    (49, 3686.904775571823),
2026-07-09 03:18:12,073 | INFO | 	                    (49, 3686.904775571823),
[92mINFO [0m:      	                    (50, 3622.346976661682),
2026-07-09 03:18:12,073 | INFO | 	                    (50, 3622.346976661682),
[92mINFO [0m:      	                    (51, 3566.9231299877165),
2026-07-09 03:18:12,073 | INFO | 	                    (51, 3566.9231299877165),
[92mINFO [0m:      	                    (52, 3491.0311569690703),
2026-07-09 03:18:12,073 | INFO | 	                    (52, 3491.0311569690703),
[92mINFO [0m:      	                    (53, 3428.7235820531846),
2026-07-09 03:18:12,073 | INFO | 	                    (53, 3428.7235820531846),
[92mINFO [0m:      	                    (54, 3365.2942632436752),
2026-07-09 03:18:12,073 | INFO | 	                    (54, 3365.2942632436752),
[92mINFO [0m:      	                    (55, 3291.5373205423357),
2026-07-09 03:18:12,073 | INFO | 	                    (55, 3291.5373205423357),
[92mINFO [0m:      	                    (56, 3215.683876633644),
2026-07-09 03:18:12,073 | INFO | 	                    (56, 3215.683876633644),
[92mINFO [0m:      	                    (57, 3171.7527717113494),
2026-07-09 03:18:12,073 | INFO | 	                    (57, 3171.7527717113494),
[92mINFO [0m:      	                    (58, 3119.1926214694977),
2026-07-09 03:18:12,073 | INFO | 	                    (58, 3119.1926214694977),
[92mINFO [0m:      	                    (59, 3059.7765946388245),
2026-07-09 03:18:12,073 | INFO | 	                    (59, 3059.7765946388245),
[92mINFO [0m:      	                    (60, 2989.7504024505615)],
2026-07-09 03:18:12,073 | INFO | 	                    (60, 2989.7504024505615)],
[92mINFO [0m:      	 'train_loss_p10': [(1, 8274.674584159851),
2026-07-09 03:18:12,074 | INFO | 	 'train_loss_p10': [(1, 8274.674584159851),
[92mINFO [0m:      	                    (2, 8149.028403625488),
2026-07-09 03:18:12,074 | INFO | 	                    (2, 8149.028403625488),
[92mINFO [0m:      	                    (3, 8060.038275871277),
2026-07-09 03:18:12,074 | INFO | 	                    (3, 8060.038275871277),
[92mINFO [0m:      	                    (4, 7899.909499235153),
2026-07-09 03:18:12,074 | INFO | 	                    (4, 7899.909499235153),
[92mINFO [0m:      	                    (5, 7853.939919366837),
2026-07-09 03:18:12,074 | INFO | 	                    (5, 7853.939919366837),
[92mINFO [0m:      	                    (6, 7754.529176273346),
2026-07-09 03:18:12,074 | INFO | 	                    (6, 7754.529176273346),
[92mINFO [0m:      	                    (7, 7519.742715778351),
2026-07-09 03:18:12,074 | INFO | 	                    (7, 7519.742715778351),
[92mINFO [0m:      	                    (8, 7453.326106376649),
2026-07-09 03:18:12,074 | INFO | 	                    (8, 7453.326106376649),
[92mINFO [0m:      	                    (9, 7338.981059017182),
2026-07-09 03:18:12,074 | INFO | 	                    (9, 7338.981059017182),
[92mINFO [0m:      	                    (10, 7264.941656517983),
2026-07-09 03:18:12,074 | INFO | 	                    (10, 7264.941656517983),
[92mINFO [0m:      	                    (11, 7059.175337152481),
2026-07-09 03:18:12,074 | INFO | 	                    (11, 7059.175337152481),
[92mINFO [0m:      	                    (12, 7042.72744348526),
2026-07-09 03:18:12,074 | INFO | 	                    (12, 7042.72744348526),
[92mINFO [0m:      	                    (13, 6945.233669528961),
2026-07-09 03:18:12,074 | INFO | 	                    (13, 6945.233669528961),
[92mINFO [0m:      	                    (14, 6796.808476266861),
2026-07-09 03:18:12,074 | INFO | 	                    (14, 6796.808476266861),
[92mINFO [0m:      	                    (15, 6717.622189488411),
2026-07-09 03:18:12,074 | INFO | 	                    (15, 6717.622189488411),
[92mINFO [0m:      	                    (16, 6632.069490242005),
2026-07-09 03:18:12,074 | INFO | 	                    (16, 6632.069490242005),
[92mINFO [0m:      	                    (17, 6531.584903240204),
2026-07-09 03:18:12,074 | INFO | 	                    (17, 6531.584903240204),
[92mINFO [0m:      	                    (18, 6400.983115854264),
2026-07-09 03:18:12,074 | INFO | 	                    (18, 6400.983115854264),
[92mINFO [0m:      	                    (19, 6323.680583763122),
2026-07-09 03:18:12,074 | INFO | 	                    (19, 6323.680583763122),
[92mINFO [0m:      	                    (20, 6221.801328821182),
2026-07-09 03:18:12,074 | INFO | 	                    (20, 6221.801328821182),
[92mINFO [0m:      	                    (21, 6106.794659199715),
2026-07-09 03:18:12,074 | INFO | 	                    (21, 6106.794659199715),
[92mINFO [0m:      	                    (22, 6002.208869252205),
2026-07-09 03:18:12,074 | INFO | 	                    (22, 6002.208869252205),
[92mINFO [0m:      	                    (23, 5900.323115673065),
2026-07-09 03:18:12,074 | INFO | 	                    (23, 5900.323115673065),
[92mINFO [0m:      	                    (24, 5808.087904834748),
2026-07-09 03:18:12,074 | INFO | 	                    (24, 5808.087904834748),
[92mINFO [0m:      	                    (25, 5739.7776533031465),
2026-07-09 03:18:12,074 | INFO | 	                    (25, 5739.7776533031465),
[92mINFO [0m:      	                    (26, 5632.176519527435),
2026-07-09 03:18:12,074 | INFO | 	                    (26, 5632.176519527435),
[92mINFO [0m:      	                    (27, 5545.555188386441),
2026-07-09 03:18:12,074 | INFO | 	                    (27, 5545.555188386441),
[92mINFO [0m:      	                    (28, 5451.142388157845),
2026-07-09 03:18:12,074 | INFO | 	                    (28, 5451.142388157845),
[92mINFO [0m:      	                    (29, 5347.070693583489),
2026-07-09 03:18:12,074 | INFO | 	                    (29, 5347.070693583489),
[92mINFO [0m:      	                    (30, 5281.362175116539),
2026-07-09 03:18:12,074 | INFO | 	                    (30, 5281.362175116539),
[92mINFO [0m:      	                    (31, 5162.723202514649),
2026-07-09 03:18:12,074 | INFO | 	                    (31, 5162.723202514649),
[92mINFO [0m:      	                    (32, 5074.182778716087),
2026-07-09 03:18:12,074 | INFO | 	                    (32, 5074.182778716087),
[92mINFO [0m:      	                    (33, 5025.856494317055),
2026-07-09 03:18:12,074 | INFO | 	                    (33, 5025.856494317055),
[92mINFO [0m:      	                    (34, 4917.888059892654),
2026-07-09 03:18:12,074 | INFO | 	                    (34, 4917.888059892654),
[92mINFO [0m:      	                    (35, 4793.15245642662),
2026-07-09 03:18:12,074 | INFO | 	                    (35, 4793.15245642662),
[92mINFO [0m:      	                    (36, 4715.945535130501),
2026-07-09 03:18:12,074 | INFO | 	                    (36, 4715.945535130501),
[92mINFO [0m:      	                    (37, 4658.149871025085),
2026-07-09 03:18:12,074 | INFO | 	                    (37, 4658.149871025085),
[92mINFO [0m:      	                    (38, 4562.104179739952),
2026-07-09 03:18:12,074 | INFO | 	                    (38, 4562.104179739952),
[92mINFO [0m:      	                    (39, 4474.692298364639),
2026-07-09 03:18:12,074 | INFO | 	                    (39, 4474.692298364639),
[92mINFO [0m:      	                    (40, 4387.600819854736),
2026-07-09 03:18:12,075 | INFO | 	                    (40, 4387.600819854736),
[92mINFO [0m:      	                    (41, 4310.347657194137),
2026-07-09 03:18:12,075 | INFO | 	                    (41, 4310.347657194137),
[92mINFO [0m:      	                    (42, 4247.338464922905),
2026-07-09 03:18:12,075 | INFO | 	                    (42, 4247.338464922905),
[92mINFO [0m:      	                    (43, 4148.919369373321),
2026-07-09 03:18:12,075 | INFO | 	                    (43, 4148.919369373321),
[92mINFO [0m:      	                    (44, 4075.5018812751773),
2026-07-09 03:18:12,075 | INFO | 	                    (44, 4075.5018812751773),
[92mINFO [0m:      	                    (45, 4002.9622879886624),
2026-07-09 03:18:12,075 | INFO | 	                    (45, 4002.9622879886624),
[92mINFO [0m:      	                    (46, 3920.4206613969804),
2026-07-09 03:18:12,075 | INFO | 	                    (46, 3920.4206613969804),
[92mINFO [0m:      	                    (47, 3862.6485928726197),
2026-07-09 03:18:12,075 | INFO | 	                    (47, 3862.6485928726197),
[92mINFO [0m:      	                    (48, 3786.056347317696),
2026-07-09 03:18:12,075 | INFO | 	                    (48, 3786.056347317696),
[92mINFO [0m:      	                    (49, 3708.6899121427537),
2026-07-09 03:18:12,075 | INFO | 	                    (49, 3708.6899121427537),
[92mINFO [0m:      	                    (50, 3636.249075937271),
2026-07-09 03:18:12,075 | INFO | 	                    (50, 3636.249075937271),
[92mINFO [0m:      	                    (51, 3574.0805298042296),
2026-07-09 03:18:12,075 | INFO | 	                    (51, 3574.0805298042296),
[92mINFO [0m:      	                    (52, 3510.1857796621325),
2026-07-09 03:18:12,075 | INFO | 	                    (52, 3510.1857796621325),
[92mINFO [0m:      	                    (53, 3442.302253460884),
2026-07-09 03:18:12,075 | INFO | 	                    (53, 3442.302253460884),
[92mINFO [0m:      	                    (54, 3374.9489601755145),
2026-07-09 03:18:12,075 | INFO | 	                    (54, 3374.9489601755145),
[92mINFO [0m:      	                    (55, 3301.997703909874),
2026-07-09 03:18:12,075 | INFO | 	                    (55, 3301.997703909874),
[92mINFO [0m:      	                    (56, 3246.465209746361),
2026-07-09 03:18:12,075 | INFO | 	                    (56, 3246.465209746361),
[92mINFO [0m:      	                    (57, 3180.7784446811675),
2026-07-09 03:18:12,075 | INFO | 	                    (57, 3180.7784446811675),
[92mINFO [0m:      	                    (58, 3125.7621355247497),
2026-07-09 03:18:12,075 | INFO | 	                    (58, 3125.7621355247497),
[92mINFO [0m:      	                    (59, 3078.4381322574613),
2026-07-09 03:18:12,075 | INFO | 	                    (59, 3078.4381322574613),
[92mINFO [0m:      	                    (60, 3012.7641019248963)],
2026-07-09 03:18:12,075 | INFO | 	                    (60, 3012.7641019248963)],
[92mINFO [0m:      	 'train_loss_p50': [(1, 8354.004315757751),
2026-07-09 03:18:12,075 | INFO | 	 'train_loss_p50': [(1, 8354.004315757751),
[92mINFO [0m:      	                    (2, 8301.44019317627),
2026-07-09 03:18:12,075 | INFO | 	                    (2, 8301.44019317627),
[92mINFO [0m:      	                    (3, 8180.717564773559),
2026-07-09 03:18:12,075 | INFO | 	                    (3, 8180.717564773559),
[92mINFO [0m:      	                    (4, 8019.781734466553),
2026-07-09 03:18:12,075 | INFO | 	                    (4, 8019.781734466553),
[92mINFO [0m:      	                    (5, 7907.659027671814),
2026-07-09 03:18:12,075 | INFO | 	                    (5, 7907.659027671814),
[92mINFO [0m:      	                    (6, 7801.1916217803955),
2026-07-09 03:18:12,075 | INFO | 	                    (6, 7801.1916217803955),
[92mINFO [0m:      	                    (7, 7649.937047958374),
2026-07-09 03:18:12,075 | INFO | 	                    (7, 7649.937047958374),
[92mINFO [0m:      	                    (8, 7516.913875770569),
2026-07-09 03:18:12,075 | INFO | 	                    (8, 7516.913875770569),
[92mINFO [0m:      	                    (9, 7406.654616928101),
2026-07-09 03:18:12,075 | INFO | 	                    (9, 7406.654616928101),
[92mINFO [0m:      	                    (10, 7382.5806656003),
2026-07-09 03:18:12,075 | INFO | 	                    (10, 7382.5806656003),
[92mINFO [0m:      	                    (11, 7166.045925617218),
2026-07-09 03:18:12,075 | INFO | 	                    (11, 7166.045925617218),
[92mINFO [0m:      	                    (12, 7104.261874580383),
2026-07-09 03:18:12,075 | INFO | 	                    (12, 7104.261874580383),
[92mINFO [0m:      	                    (13, 7001.01302986145),
2026-07-09 03:18:12,075 | INFO | 	                    (13, 7001.01302986145),
[92mINFO [0m:      	                    (14, 6875.9519612312315),
2026-07-09 03:18:12,075 | INFO | 	                    (14, 6875.9519612312315),
[92mINFO [0m:      	                    (15, 6783.366375827789),
2026-07-09 03:18:12,075 | INFO | 	                    (15, 6783.366375827789),
[92mINFO [0m:      	                    (16, 6654.492539978028),
2026-07-09 03:18:12,075 | INFO | 	                    (16, 6654.492539978028),
[92mINFO [0m:      	                    (17, 6573.890519714356),
2026-07-09 03:18:12,076 | INFO | 	                    (17, 6573.890519714356),
[92mINFO [0m:      	                    (18, 6460.1800951004025),
2026-07-09 03:18:12,076 | INFO | 	                    (18, 6460.1800951004025),
[92mINFO [0m:      	                    (19, 6382.55340385437),
2026-07-09 03:18:12,076 | INFO | 	                    (19, 6382.55340385437),
[92mINFO [0m:      	                    (20, 6280.032033920288),
2026-07-09 03:18:12,076 | INFO | 	                    (20, 6280.032033920288),
[92mINFO [0m:      	                    (21, 6144.628593242169),
2026-07-09 03:18:12,076 | INFO | 	                    (21, 6144.628593242169),
[92mINFO [0m:      	                    (22, 6043.98972568512),
2026-07-09 03:18:12,076 | INFO | 	                    (22, 6043.98972568512),
[92mINFO [0m:      	                    (23, 5937.376909160614),
2026-07-09 03:18:12,076 | INFO | 	                    (23, 5937.376909160614),
[92mINFO [0m:      	                    (24, 5859.983582592011),
2026-07-09 03:18:12,076 | INFO | 	                    (24, 5859.983582592011),
[92mINFO [0m:      	                    (25, 5776.863258218766),
2026-07-09 03:18:12,076 | INFO | 	                    (25, 5776.863258218766),
[92mINFO [0m:      	                    (26, 5667.515211606025),
2026-07-09 03:18:12,076 | INFO | 	                    (26, 5667.515211606025),
[92mINFO [0m:      	                    (27, 5593.162302207947),
2026-07-09 03:18:12,076 | INFO | 	                    (27, 5593.162302207947),
[92mINFO [0m:      	                    (28, 5499.939077377319),
2026-07-09 03:18:12,076 | INFO | 	                    (28, 5499.939077377319),
[92mINFO [0m:      	                    (29, 5395.16951084137),
2026-07-09 03:18:12,076 | INFO | 	                    (29, 5395.16951084137),
[92mINFO [0m:      	                    (30, 5304.970788621902),
2026-07-09 03:18:12,076 | INFO | 	                    (30, 5304.970788621902),
[92mINFO [0m:      	                    (31, 5232.545286273957),
2026-07-09 03:18:12,076 | INFO | 	                    (31, 5232.545286273957),
[92mINFO [0m:      	                    (32, 5148.319902896881),
2026-07-09 03:18:12,076 | INFO | 	                    (32, 5148.319902896881),
[92mINFO [0m:      	                    (33, 5082.843219184875),
2026-07-09 03:18:12,076 | INFO | 	                    (33, 5082.843219184875),
[92mINFO [0m:      	                    (34, 4997.0656818072),
2026-07-09 03:18:12,076 | INFO | 	                    (34, 4997.0656818072),
[92mINFO [0m:      	                    (35, 4850.406973552704),
2026-07-09 03:18:12,076 | INFO | 	                    (35, 4850.406973552704),
[92mINFO [0m:      	                    (36, 4767.099766874313),
2026-07-09 03:18:12,076 | INFO | 	                    (36, 4767.099766874313),
[92mINFO [0m:      	                    (37, 4747.633154773712),
2026-07-09 03:18:12,076 | INFO | 	                    (37, 4747.633154773712),
[92mINFO [0m:      	                    (38, 4632.927508735656),
2026-07-09 03:18:12,076 | INFO | 	                    (38, 4632.927508735656),
[92mINFO [0m:      	                    (39, 4539.249629974365),
2026-07-09 03:18:12,076 | INFO | 	                    (39, 4539.249629974365),
[92mINFO [0m:      	                    (40, 4425.9951571464535),
2026-07-09 03:18:12,076 | INFO | 	                    (40, 4425.9951571464535),
[92mINFO [0m:      	                    (41, 4340.12262840271),
2026-07-09 03:18:12,076 | INFO | 	                    (41, 4340.12262840271),
[92mINFO [0m:      	                    (42, 4277.821454954147),
2026-07-09 03:18:12,076 | INFO | 	                    (42, 4277.821454954147),
[92mINFO [0m:      	                    (43, 4230.448343491555),
2026-07-09 03:18:12,076 | INFO | 	                    (43, 4230.448343491555),
[92mINFO [0m:      	                    (44, 4103.617264652252),
2026-07-09 03:18:12,076 | INFO | 	                    (44, 4103.617264652252),
[92mINFO [0m:      	                    (45, 4035.9184980869295),
2026-07-09 03:18:12,076 | INFO | 	                    (45, 4035.9184980869295),
[92mINFO [0m:      	                    (46, 3957.2061225414277),
2026-07-09 03:18:12,076 | INFO | 	                    (46, 3957.2061225414277),
[92mINFO [0m:      	                    (47, 3893.651054382324),
2026-07-09 03:18:12,076 | INFO | 	                    (47, 3893.651054382324),
[92mINFO [0m:      	                    (48, 3863.22801322937),
2026-07-09 03:18:12,076 | INFO | 	                    (48, 3863.22801322937),
[92mINFO [0m:      	                    (49, 3763.30712928772),
2026-07-09 03:18:12,076 | INFO | 	                    (49, 3763.30712928772),
[92mINFO [0m:      	                    (50, 3680.2805609703064),
2026-07-09 03:18:12,076 | INFO | 	                    (50, 3680.2805609703064),
[92mINFO [0m:      	                    (51, 3611.750145483017),
2026-07-09 03:18:12,076 | INFO | 	                    (51, 3611.750145483017),
[92mINFO [0m:      	                    (52, 3546.8021964550016),
2026-07-09 03:18:12,076 | INFO | 	                    (52, 3546.8021964550016),
[92mINFO [0m:      	                    (53, 3478.7473967313767),
2026-07-09 03:18:12,076 | INFO | 	                    (53, 3478.7473967313767),
[92mINFO [0m:      	                    (54, 3460.8482921600344),
2026-07-09 03:18:12,076 | INFO | 	                    (54, 3460.8482921600344),
[92mINFO [0m:      	                    (55, 3381.498994064331),
2026-07-09 03:18:12,076 | INFO | 	                    (55, 3381.498994064331),
[92mINFO [0m:      	                    (56, 3284.2783213615417),
2026-07-09 03:18:12,077 | INFO | 	                    (56, 3284.2783213615417),
[92mINFO [0m:      	                    (57, 3250.3944024086),
2026-07-09 03:18:12,077 | INFO | 	                    (57, 3250.3944024086),
[92mINFO [0m:      	                    (58, 3165.8133557319643),
2026-07-09 03:18:12,077 | INFO | 	                    (58, 3165.8133557319643),
[92mINFO [0m:      	                    (59, 3193.355959033966),
2026-07-09 03:18:12,077 | INFO | 	                    (59, 3193.355959033966),
[92mINFO [0m:      	                    (60, 3047.6495831489565)],
2026-07-09 03:18:12,077 | INFO | 	                    (60, 3047.6495831489565)],
[92mINFO [0m:      	 'train_loss_p90': [(1, 8590.4191913414),
2026-07-09 03:18:12,077 | INFO | 	 'train_loss_p90': [(1, 8590.4191913414),
[92mINFO [0m:      	                    (2, 8449.63195388794),
2026-07-09 03:18:12,077 | INFO | 	                    (2, 8449.63195388794),
[92mINFO [0m:      	                    (3, 8328.609333076476),
2026-07-09 03:18:12,077 | INFO | 	                    (3, 8328.609333076476),
[92mINFO [0m:      	                    (4, 8189.021824836731),
2026-07-09 03:18:12,077 | INFO | 	                    (4, 8189.021824836731),
[92mINFO [0m:      	                    (5, 8095.0838996887205),
2026-07-09 03:18:12,077 | INFO | 	                    (5, 8095.0838996887205),
[92mINFO [0m:      	                    (6, 7898.961043281555),
2026-07-09 03:18:12,077 | INFO | 	                    (6, 7898.961043281555),
[92mINFO [0m:      	                    (7, 7743.775561237335),
2026-07-09 03:18:12,077 | INFO | 	                    (7, 7743.775561237335),
[92mINFO [0m:      	                    (8, 7666.91792098999),
2026-07-09 03:18:12,077 | INFO | 	                    (8, 7666.91792098999),
[92mINFO [0m:      	                    (9, 7540.424016075134),
2026-07-09 03:18:12,077 | INFO | 	                    (9, 7540.424016075134),
[92mINFO [0m:      	                    (10, 7479.606805658341),
2026-07-09 03:18:12,077 | INFO | 	                    (10, 7479.606805658341),
[92mINFO [0m:      	                    (11, 7315.567726240158),
2026-07-09 03:18:12,077 | INFO | 	                    (11, 7315.567726240158),
[92mINFO [0m:      	                    (12, 7252.396484375),
2026-07-09 03:18:12,077 | INFO | 	                    (12, 7252.396484375),
[92mINFO [0m:      	                    (13, 7084.126489067078),
2026-07-09 03:18:12,077 | INFO | 	                    (13, 7084.126489067078),
[92mINFO [0m:      	                    (14, 7002.125043640137),
2026-07-09 03:18:12,077 | INFO | 	                    (14, 7002.125043640137),
[92mINFO [0m:      	                    (15, 6868.959409546852),
2026-07-09 03:18:12,077 | INFO | 	                    (15, 6868.959409546852),
[92mINFO [0m:      	                    (16, 6732.461329078675),
2026-07-09 03:18:12,077 | INFO | 	                    (16, 6732.461329078675),
[92mINFO [0m:      	                    (17, 6815.95547167778),
2026-07-09 03:18:12,077 | INFO | 	                    (17, 6815.95547167778),
[92mINFO [0m:      	                    (18, 6689.836437282562),
2026-07-09 03:18:12,077 | INFO | 	                    (18, 6689.836437282562),
[92mINFO [0m:      	                    (19, 6594.47455862999),
2026-07-09 03:18:12,077 | INFO | 	                    (19, 6594.47455862999),
[92mINFO [0m:      	                    (20, 6416.359054527283),
2026-07-09 03:18:12,077 | INFO | 	                    (20, 6416.359054527283),
[92mINFO [0m:      	                    (21, 6498.381861257553),
2026-07-09 03:18:12,077 | INFO | 	                    (21, 6498.381861257553),
[92mINFO [0m:      	                    (22, 6196.932293281555),
2026-07-09 03:18:12,077 | INFO | 	                    (22, 6196.932293281555),
[92mINFO [0m:      	                    (23, 6160.601879663467),
2026-07-09 03:18:12,077 | INFO | 	                    (23, 6160.601879663467),
[92mINFO [0m:      	                    (24, 6009.267353601455),
2026-07-09 03:18:12,077 | INFO | 	                    (24, 6009.267353601455),
[92mINFO [0m:      	                    (25, 6046.71962849617),
2026-07-09 03:18:12,077 | INFO | 	                    (25, 6046.71962849617),
[92mINFO [0m:      	                    (26, 5971.048411664963),
2026-07-09 03:18:12,077 | INFO | 	                    (26, 5971.048411664963),
[92mINFO [0m:      	                    (27, 5993.294890584945),
2026-07-09 03:18:12,077 | INFO | 	                    (27, 5993.294890584945),
[92mINFO [0m:      	                    (28, 5597.863277926445),
2026-07-09 03:18:12,077 | INFO | 	                    (28, 5597.863277926445),
[92mINFO [0m:      	                    (29, 5815.380214934349),
2026-07-09 03:18:12,077 | INFO | 	                    (29, 5815.380214934349),
[92mINFO [0m:      	                    (30, 5403.503389892578),
2026-07-09 03:18:12,077 | INFO | 	                    (30, 5403.503389892578),
[92mINFO [0m:      	                    (31, 5681.374762859345),
2026-07-09 03:18:12,077 | INFO | 	                    (31, 5681.374762859345),
[92mINFO [0m:      	                    (32, 5549.486327493985),
2026-07-09 03:18:12,077 | INFO | 	                    (32, 5549.486327493985),
[92mINFO [0m:      	                    (33, 5398.245026717186),
2026-07-09 03:18:12,077 | INFO | 	                    (33, 5398.245026717186),
[92mINFO [0m:      	                    (34, 5324.002946033477),
2026-07-09 03:18:12,077 | INFO | 	                    (34, 5324.002946033477),
[92mINFO [0m:      	                    (35, 5247.801566419601),
2026-07-09 03:18:12,078 | INFO | 	                    (35, 5247.801566419601),
[92mINFO [0m:      	                    (36, 5151.124725484849),
2026-07-09 03:18:12,078 | INFO | 	                    (36, 5151.124725484849),
[92mINFO [0m:      	                    (37, 5251.134187550545),
2026-07-09 03:18:12,078 | INFO | 	                    (37, 5251.134187550545),
[92mINFO [0m:      	                    (38, 5006.271607227325),
2026-07-09 03:18:12,078 | INFO | 	                    (38, 5006.271607227325),
[92mINFO [0m:      	                    (39, 5049.673846208255),
2026-07-09 03:18:12,078 | INFO | 	                    (39, 5049.673846208255),
[92mINFO [0m:      	                    (40, 5056.696624860763),
2026-07-09 03:18:12,078 | INFO | 	                    (40, 5056.696624860763),
[92mINFO [0m:      	                    (41, 4959.716622977257),
2026-07-09 03:18:12,078 | INFO | 	                    (41, 4959.716622977257),
[92mINFO [0m:      	                    (42, 4516.492273707389),
2026-07-09 03:18:12,078 | INFO | 	                    (42, 4516.492273707389),
[92mINFO [0m:      	                    (43, 4776.649061396122),
2026-07-09 03:18:12,078 | INFO | 	                    (43, 4776.649061396122),
[92mINFO [0m:      	                    (44, 4695.285331773757),
2026-07-09 03:18:12,078 | INFO | 	                    (44, 4695.285331773757),
[92mINFO [0m:      	                    (45, 4090.3362844848634),
2026-07-09 03:18:12,078 | INFO | 	                    (45, 4090.3362844848634),
[92mINFO [0m:      	                    (46, 4234.6104195938115),
2026-07-09 03:18:12,078 | INFO | 	                    (46, 4234.6104195938115),
[92mINFO [0m:      	                    (47, 4596.634144155979),
2026-07-09 03:18:12,078 | INFO | 	                    (47, 4596.634144155979),
[92mINFO [0m:      	                    (48, 4529.416597957611),
2026-07-09 03:18:12,078 | INFO | 	                    (48, 4529.416597957611),
[92mINFO [0m:      	                    (49, 4475.967657175064),
2026-07-09 03:18:12,078 | INFO | 	                    (49, 4475.967657175064),
[92mINFO [0m:      	                    (50, 4342.467878694534),
2026-07-09 03:18:12,078 | INFO | 	                    (50, 4342.467878694534),
[92mINFO [0m:      	                    (51, 4290.082501461506),
2026-07-09 03:18:12,078 | INFO | 	                    (51, 4290.082501461506),
[92mINFO [0m:      	                    (52, 4264.903362374305),
2026-07-09 03:18:12,078 | INFO | 	                    (52, 4264.903362374305),
[92mINFO [0m:      	                    (53, 4207.026911396981),
2026-07-09 03:18:12,078 | INFO | 	                    (53, 4207.026911396981),
[92mINFO [0m:      	                    (54, 4141.928939070702),
2026-07-09 03:18:12,078 | INFO | 	                    (54, 4141.928939070702),
[92mINFO [0m:      	                    (55, 4042.5436461321515),
2026-07-09 03:18:12,078 | INFO | 	                    (55, 4042.5436461321515),
[92mINFO [0m:      	                    (56, 4004.1783420117695),
2026-07-09 03:18:12,078 | INFO | 	                    (56, 4004.1783420117695),
[92mINFO [0m:      	                    (57, 3963.1138214445114),
2026-07-09 03:18:12,078 | INFO | 	                    (57, 3963.1138214445114),
[92mINFO [0m:      	                    (58, 3881.925617899895),
2026-07-09 03:18:12,078 | INFO | 	                    (58, 3881.925617899895),
[92mINFO [0m:      	                    (59, 3869.9199796915054),
2026-07-09 03:18:12,078 | INFO | 	                    (59, 3869.9199796915054),
[92mINFO [0m:      	                    (60, 3802.4992796993256)],
2026-07-09 03:18:12,078 | INFO | 	                    (60, 3802.4992796993256)],
[92mINFO [0m:      	 'train_loss_std': [(1, 127.31235766292063),
2026-07-09 03:18:12,078 | INFO | 	 'train_loss_std': [(1, 127.31235766292063),
[92mINFO [0m:      	                    (2, 163.56952871224303),
2026-07-09 03:18:12,078 | INFO | 	                    (2, 163.56952871224303),
[92mINFO [0m:      	                    (3, 118.33120846127473),
2026-07-09 03:18:12,078 | INFO | 	                    (3, 118.33120846127473),
[92mINFO [0m:      	                    (4, 178.01700964695448),
2026-07-09 03:18:12,078 | INFO | 	                    (4, 178.01700964695448),
[92mINFO [0m:      	                    (5, 102.40735608077918),
2026-07-09 03:18:12,078 | INFO | 	                    (5, 102.40735608077918),
[92mINFO [0m:      	                    (6, 73.99043055830772),
2026-07-09 03:18:12,078 | INFO | 	                    (6, 73.99043055830772),
[92mINFO [0m:      	                    (7, 95.1225101548568),
2026-07-09 03:18:12,078 | INFO | 	                    (7, 95.1225101548568),
[92mINFO [0m:      	                    (8, 112.1917113662511),
2026-07-09 03:18:12,078 | INFO | 	                    (8, 112.1917113662511),
[92mINFO [0m:      	                    (9, 79.85669581607043),
2026-07-09 03:18:12,078 | INFO | 	                    (9, 79.85669581607043),
[92mINFO [0m:      	                    (10, 85.9262989376757),
2026-07-09 03:18:12,078 | INFO | 	                    (10, 85.9262989376757),
[92mINFO [0m:      	                    (11, 162.00678396754552),
2026-07-09 03:18:12,078 | INFO | 	                    (11, 162.00678396754552),
[92mINFO [0m:      	                    (12, 79.54223056669171),
2026-07-09 03:18:12,078 | INFO | 	                    (12, 79.54223056669171),
[92mINFO [0m:      	                    (13, 56.08103026546563),
2026-07-09 03:18:12,078 | INFO | 	                    (13, 56.08103026546563),
[92mINFO [0m:      	                    (14, 91.75969454441129),
2026-07-09 03:18:12,079 | INFO | 	                    (14, 91.75969454441129),
[92mINFO [0m:      	                    (15, 72.87613386932675),
2026-07-09 03:18:12,079 | INFO | 	                    (15, 72.87613386932675),
[92mINFO [0m:      	                    (16, 96.44414933344926),
2026-07-09 03:18:12,079 | INFO | 	                    (16, 96.44414933344926),
[92mINFO [0m:      	                    (17, 109.26543479039266),
2026-07-09 03:18:12,079 | INFO | 	                    (17, 109.26543479039266),
[92mINFO [0m:      	                    (18, 109.15109156953572),
2026-07-09 03:18:12,079 | INFO | 	                    (18, 109.15109156953572),
[92mINFO [0m:      	                    (19, 109.88435912345514),
2026-07-09 03:18:12,079 | INFO | 	                    (19, 109.88435912345514),
[92mINFO [0m:      	                    (20, 93.70782824611554),
2026-07-09 03:18:12,079 | INFO | 	                    (20, 93.70782824611554),
[92mINFO [0m:      	                    (21, 176.46119955682315),
2026-07-09 03:18:12,079 | INFO | 	                    (21, 176.46119955682315),
[92mINFO [0m:      	                    (22, 101.82306593838196),
2026-07-09 03:18:12,079 | INFO | 	                    (22, 101.82306593838196),
[92mINFO [0m:      	                    (23, 129.20620056615059),
2026-07-09 03:18:12,079 | INFO | 	                    (23, 129.20620056615059),
[92mINFO [0m:      	                    (24, 124.39710357493247),
2026-07-09 03:18:12,079 | INFO | 	                    (24, 124.39710357493247),
[92mINFO [0m:      	                    (25, 147.2332235307215),
2026-07-09 03:18:12,079 | INFO | 	                    (25, 147.2332235307215),
[92mINFO [0m:      	                    (26, 163.98725765764152),
2026-07-09 03:18:12,079 | INFO | 	                    (26, 163.98725765764152),
[92mINFO [0m:      	                    (27, 169.45823330399529),
2026-07-09 03:18:12,079 | INFO | 	                    (27, 169.45823330399529),
[92mINFO [0m:      	                    (28, 88.33275718041108),
2026-07-09 03:18:12,079 | INFO | 	                    (28, 88.33275718041108),
[92mINFO [0m:      	                    (29, 184.80399571868747),
2026-07-09 03:18:12,079 | INFO | 	                    (29, 184.80399571868747),
[92mINFO [0m:      	                    (30, 115.79223760027617),
2026-07-09 03:18:12,079 | INFO | 	                    (30, 115.79223760027617),
[92mINFO [0m:      	                    (31, 194.97106344777208),
2026-07-09 03:18:12,079 | INFO | 	                    (31, 194.97106344777208),
[92mINFO [0m:      	                    (32, 190.59233264010035),
2026-07-09 03:18:12,079 | INFO | 	                    (32, 190.59233264010035),
[92mINFO [0m:      	                    (33, 155.2615489651492),
2026-07-09 03:18:12,079 | INFO | 	                    (33, 155.2615489651492),
[92mINFO [0m:      	                    (34, 163.55644890153195),
2026-07-09 03:18:12,079 | INFO | 	                    (34, 163.55644890153195),
[92mINFO [0m:      	                    (35, 192.70176681242296),
2026-07-09 03:18:12,079 | INFO | 	                    (35, 192.70176681242296),
[92mINFO [0m:      	                    (36, 207.56181276780848),
2026-07-09 03:18:12,079 | INFO | 	                    (36, 207.56181276780848),
[92mINFO [0m:      	                    (37, 239.67790148985247),
2026-07-09 03:18:12,079 | INFO | 	                    (37, 239.67790148985247),
[92mINFO [0m:      	                    (38, 191.10740309839954),
2026-07-09 03:18:12,079 | INFO | 	                    (38, 191.10740309839954),
[92mINFO [0m:      	                    (39, 233.1633141858663),
2026-07-09 03:18:12,079 | INFO | 	                    (39, 233.1633141858663),
[92mINFO [0m:      	                    (40, 282.3774989380337),
2026-07-09 03:18:12,079 | INFO | 	                    (40, 282.3774989380337),
[92mINFO [0m:      	                    (41, 271.59414176824384),
2026-07-09 03:18:12,079 | INFO | 	                    (41, 271.59414176824384),
[92mINFO [0m:      	                    (42, 152.70217869537902),
2026-07-09 03:18:12,079 | INFO | 	                    (42, 152.70217869537902),
[92mINFO [0m:      	                    (43, 250.39038748334474),
2026-07-09 03:18:12,079 | INFO | 	                    (43, 250.39038748334474),
[92mINFO [0m:      	                    (44, 254.01685066114848),
2026-07-09 03:18:12,079 | INFO | 	                    (44, 254.01685066114848),
[92mINFO [0m:      	                    (45, 98.38604755329789),
2026-07-09 03:18:12,079 | INFO | 	                    (45, 98.38604755329789),
[92mINFO [0m:      	                    (46, 166.58220836869282),
2026-07-09 03:18:12,079 | INFO | 	                    (46, 166.58220836869282),
[92mINFO [0m:      	                    (47, 304.6316621511146),
2026-07-09 03:18:12,079 | INFO | 	                    (47, 304.6316621511146),
[92mINFO [0m:      	                    (48, 336.88115706261436),
2026-07-09 03:18:12,079 | INFO | 	                    (48, 336.88115706261436),
[92mINFO [0m:      	                    (49, 337.8229726630576),
2026-07-09 03:18:12,079 | INFO | 	                    (49, 337.8229726630576),
[92mINFO [0m:      	                    (50, 271.0565291794213),
2026-07-09 03:18:12,079 | INFO | 	                    (50, 271.0565291794213),
[92mINFO [0m:      	                    (51, 280.8816587530932),
2026-07-09 03:18:12,079 | INFO | 	                    (51, 280.8816587530932),
[92mINFO [0m:      	                    (52, 300.4974704393639),
2026-07-09 03:18:12,079 | INFO | 	                    (52, 300.4974704393639),
[92mINFO [0m:      	                    (53, 350.6143865687396),
2026-07-09 03:18:12,080 | INFO | 	                    (53, 350.6143865687396),
[92mINFO [0m:      	                    (54, 319.1352188715066),
2026-07-09 03:18:12,080 | INFO | 	                    (54, 319.1352188715066),
[92mINFO [0m:      	                    (55, 297.9953281443876),
2026-07-09 03:18:12,080 | INFO | 	                    (55, 297.9953281443876),
[92mINFO [0m:      	                    (56, 295.54733465877314),
2026-07-09 03:18:12,080 | INFO | 	                    (56, 295.54733465877314),
[92mINFO [0m:      	                    (57, 315.01971071480676),
2026-07-09 03:18:12,080 | INFO | 	                    (57, 315.01971071480676),
[92mINFO [0m:      	                    (58, 320.7928069080324),
2026-07-09 03:18:12,080 | INFO | 	                    (58, 320.7928069080324),
[92mINFO [0m:      	                    (59, 358.1923502757631),
2026-07-09 03:18:12,080 | INFO | 	                    (59, 358.1923502757631),
[92mINFO [0m:      	                    (60, 336.9514475743839)],
2026-07-09 03:18:12,080 | INFO | 	                    (60, 336.9514475743839)],
[92mINFO [0m:      	 'vi_elbo_loss_max': [(1, 8630.604675483704),
2026-07-09 03:18:12,080 | INFO | 	 'vi_elbo_loss_max': [(1, 8630.604675483704),
[92mINFO [0m:      	                      (2, 8473.87364025116),
2026-07-09 03:18:12,080 | INFO | 	                      (2, 8473.87364025116),
[92mINFO [0m:      	                      (3, 8487.647289466859),
2026-07-09 03:18:12,080 | INFO | 	                      (3, 8487.647289466859),
[92mINFO [0m:      	                      (4, 8233.466201972962),
2026-07-09 03:18:12,080 | INFO | 	                      (4, 8233.466201972962),
[92mINFO [0m:      	                      (5, 8207.172260093688),
2026-07-09 03:18:12,080 | INFO | 	                      (5, 8207.172260093688),
[92mINFO [0m:      	                      (6, 7941.940437173844),
2026-07-09 03:18:12,080 | INFO | 	                      (6, 7941.940437173844),
[92mINFO [0m:      	                      (7, 7786.975563430786),
2026-07-09 03:18:12,080 | INFO | 	                      (7, 7786.975563430786),
[92mINFO [0m:      	                      (8, 7678.517960453033),
2026-07-09 03:18:12,080 | INFO | 	                      (8, 7678.517960453033),
[92mINFO [0m:      	                      (9, 7547.77337398529),
2026-07-09 03:18:12,080 | INFO | 	                      (9, 7547.77337398529),
[92mINFO [0m:      	                      (10, 7543.409193611145),
2026-07-09 03:18:12,080 | INFO | 	                      (10, 7543.409193611145),
[92mINFO [0m:      	                      (11, 7341.945013046265),
2026-07-09 03:18:12,080 | INFO | 	                      (11, 7341.945013046265),
[92mINFO [0m:      	                      (12, 7289.869257640838),
2026-07-09 03:18:12,080 | INFO | 	                      (12, 7289.869257640838),
[92mINFO [0m:      	                      (13, 7129.284852409362),
2026-07-09 03:18:12,080 | INFO | 	                      (13, 7129.284852409362),
[92mINFO [0m:      	                      (14, 7105.304743480682),
2026-07-09 03:18:12,080 | INFO | 	                      (14, 7105.304743480682),
[92mINFO [0m:      	                      (15, 7000.865542697907),
2026-07-09 03:18:12,080 | INFO | 	                      (15, 7000.865542697907),
[92mINFO [0m:      	                      (16, 6774.49608631134),
2026-07-09 03:18:12,080 | INFO | 	                      (16, 6774.49608631134),
[92mINFO [0m:      	                      (17, 6837.576825904846),
2026-07-09 03:18:12,080 | INFO | 	                      (17, 6837.576825904846),
[92mINFO [0m:      	                      (18, 6746.116892337799),
2026-07-09 03:18:12,080 | INFO | 	                      (18, 6746.116892337799),
[92mINFO [0m:      	                      (19, 6650.142154884338),
2026-07-09 03:18:12,080 | INFO | 	                      (19, 6650.142154884338),
[92mINFO [0m:      	                      (20, 6572.092238044739),
2026-07-09 03:18:12,080 | INFO | 	                      (20, 6572.092238044739),
[92mINFO [0m:      	                      (21, 6515.925711375475),
2026-07-09 03:18:12,080 | INFO | 	                      (21, 6515.925711375475),
[92mINFO [0m:      	                      (22, 6378.615043258667),
2026-07-09 03:18:12,080 | INFO | 	                      (22, 6378.615043258667),
[92mINFO [0m:      	                      (23, 6344.830392742157),
2026-07-09 03:18:12,080 | INFO | 	                      (23, 6344.830392742157),
[92mINFO [0m:      	                      (24, 6213.366086912155),
2026-07-09 03:18:12,080 | INFO | 	                      (24, 6213.366086912155),
[92mINFO [0m:      	                      (25, 6225.658609104156),
2026-07-09 03:18:12,080 | INFO | 	                      (25, 6225.658609104156),
[92mINFO [0m:      	                      (26, 6175.782666015625),
2026-07-09 03:18:12,080 | INFO | 	                      (26, 6175.782666015625),
[92mINFO [0m:      	                      (27, 6010.786108589173),
2026-07-09 03:18:12,080 | INFO | 	                      (27, 6010.786108589173),
[92mINFO [0m:      	                      (28, 5798.4113874435425),
2026-07-09 03:18:12,080 | INFO | 	                      (28, 5798.4113874435425),
[92mINFO [0m:      	                      (29, 5886.651715421676),
2026-07-09 03:18:12,080 | INFO | 	                      (29, 5886.651715421676),
[92mINFO [0m:      	                      (30, 5739.213440799713),
2026-07-09 03:18:12,080 | INFO | 	                      (30, 5739.213440799713),
[92mINFO [0m:      	                      (31, 5710.66591001749),
2026-07-09 03:18:12,080 | INFO | 	                      (31, 5710.66591001749),
[92mINFO [0m:      	                      (32, 5688.961002159119),
2026-07-09 03:18:12,081 | INFO | 	                      (32, 5688.961002159119),
[92mINFO [0m:      	                      (33, 5506.553988265991),
2026-07-09 03:18:12,081 | INFO | 	                      (33, 5506.553988265991),
[92mINFO [0m:      	                      (34, 5444.742632842064),
2026-07-09 03:18:12,081 | INFO | 	                      (34, 5444.742632842064),
[92mINFO [0m:      	                      (35, 5406.924026536942),
2026-07-09 03:18:12,081 | INFO | 	                      (35, 5406.924026536942),
[92mINFO [0m:      	                      (36, 5391.1340045928955),
2026-07-09 03:18:12,081 | INFO | 	                      (36, 5391.1340045928955),
[92mINFO [0m:      	                      (37, 5298.660586166382),
2026-07-09 03:18:12,081 | INFO | 	                      (37, 5298.660586166382),
[92mINFO [0m:      	                      (38, 5182.65454865694),
2026-07-09 03:18:12,081 | INFO | 	                      (38, 5182.65454865694),
[92mINFO [0m:      	                      (39, 5145.749611079693),
2026-07-09 03:18:12,081 | INFO | 	                      (39, 5145.749611079693),
[92mINFO [0m:      	                      (40, 5103.476334571838),
2026-07-09 03:18:12,081 | INFO | 	                      (40, 5103.476334571838),
[92mINFO [0m:      	                      (41, 4980.370392608643),
2026-07-09 03:18:12,081 | INFO | 	                      (41, 4980.370392608643),
[92mINFO [0m:      	                      (42, 4771.559863551458),
2026-07-09 03:18:12,081 | INFO | 	                      (42, 4771.559863551458),
[92mINFO [0m:      	                      (43, 4871.638994407654),
2026-07-09 03:18:12,081 | INFO | 	                      (43, 4871.638994407654),
[92mINFO [0m:      	                      (44, 4806.882629871368),
2026-07-09 03:18:12,081 | INFO | 	                      (44, 4806.882629871368),
[92mINFO [0m:      	                      (45, 4415.162897167206),
2026-07-09 03:18:12,081 | INFO | 	                      (45, 4415.162897167206),
[92mINFO [0m:      	                      (46, 4496.279669928551),
2026-07-09 03:18:12,081 | INFO | 	                      (46, 4496.279669928551),
[92mINFO [0m:      	                      (47, 4635.40662059784),
2026-07-09 03:18:12,081 | INFO | 	                      (47, 4635.40662059784),
[92mINFO [0m:      	                      (48, 4543.460220432282),
2026-07-09 03:18:12,081 | INFO | 	                      (48, 4543.460220432282),
[92mINFO [0m:      	                      (49, 4514.070531654358),
2026-07-09 03:18:12,081 | INFO | 	                      (49, 4514.070531654358),
[92mINFO [0m:      	                      (50, 4374.977773094177),
2026-07-09 03:18:12,081 | INFO | 	                      (50, 4374.977773094177),
[92mINFO [0m:      	                      (51, 4346.013808584214),
2026-07-09 03:18:12,081 | INFO | 	                      (51, 4346.013808584214),
[92mINFO [0m:      	                      (52, 4305.2015131473545),
2026-07-09 03:18:12,081 | INFO | 	                      (52, 4305.2015131473545),
[92mINFO [0m:      	                      (53, 4217.542921113968),
2026-07-09 03:18:12,081 | INFO | 	                      (53, 4217.542921113968),
[92mINFO [0m:      	                      (54, 4155.765509176254),
2026-07-09 03:18:12,081 | INFO | 	                      (54, 4155.765509176254),
[92mINFO [0m:      	                      (55, 4103.416908502579),
2026-07-09 03:18:12,081 | INFO | 	                      (55, 4103.416908502579),
[92mINFO [0m:      	                      (56, 4039.2367794513702),
2026-07-09 03:18:12,081 | INFO | 	                      (56, 4039.2367794513702),
[92mINFO [0m:      	                      (57, 3996.794694566727),
2026-07-09 03:18:12,081 | INFO | 	                      (57, 3996.794694566727),
[92mINFO [0m:      	                      (58, 3945.3669553756713),
2026-07-09 03:18:12,081 | INFO | 	                      (58, 3945.3669553756713),
[92mINFO [0m:      	                      (59, 3952.676793718338),
2026-07-09 03:18:12,081 | INFO | 	                      (59, 3952.676793718338),
[92mINFO [0m:      	                      (60, 3809.350849413872)],
2026-07-09 03:18:12,081 | INFO | 	                      (60, 3809.350849413872)],
[92mINFO [0m:      	 'vi_elbo_loss_mean': [(1, 8390.627843104468),
2026-07-09 03:18:12,081 | INFO | 	 'vi_elbo_loss_mean': [(1, 8390.627843104468),
[92mINFO [0m:      	                       (2, 8272.734270035426),
2026-07-09 03:18:12,081 | INFO | 	                       (2, 8272.734270035426),
[92mINFO [0m:      	                       (3, 8199.89977185885),
2026-07-09 03:18:12,081 | INFO | 	                       (3, 8199.89977185885),
[92mINFO [0m:      	                       (4, 8001.950563381194),
2026-07-09 03:18:12,081 | INFO | 	                       (4, 8001.950563381194),
[92mINFO [0m:      	                       (5, 7952.120503490765),
2026-07-09 03:18:12,081 | INFO | 	                       (5, 7952.120503490765),
[92mINFO [0m:      	                       (6, 7820.093857629564),
2026-07-09 03:18:12,081 | INFO | 	                       (6, 7820.093857629564),
[92mINFO [0m:      	                       (7, 7635.728907812967),
2026-07-09 03:18:12,081 | INFO | 	                       (7, 7635.728907812967),
[92mINFO [0m:      	                       (8, 7523.443775987227),
2026-07-09 03:18:12,081 | INFO | 	                       (8, 7523.443775987227),
[92mINFO [0m:      	                       (9, 7425.425422329903),
2026-07-09 03:18:12,081 | INFO | 	                       (9, 7425.425422329903),
[92mINFO [0m:      	                       (10, 7374.854673483372),
2026-07-09 03:18:12,081 | INFO | 	                       (10, 7374.854673483372),
[92mINFO [0m:      	                       (11, 7163.177550794548),
2026-07-09 03:18:12,082 | INFO | 	                       (11, 7163.177550794548),
[92mINFO [0m:      	                       (12, 7129.436502910455),
2026-07-09 03:18:12,082 | INFO | 	                       (12, 7129.436502910455),
[92mINFO [0m:      	                       (13, 7012.165678367614),
2026-07-09 03:18:12,082 | INFO | 	                       (13, 7012.165678367614),
[92mINFO [0m:      	                       (14, 6886.851287109851),
2026-07-09 03:18:12,082 | INFO | 	                       (14, 6886.851287109851),
[92mINFO [0m:      	                       (15, 6794.369331304233),
2026-07-09 03:18:12,082 | INFO | 	                       (15, 6794.369331304233),
[92mINFO [0m:      	                       (16, 6653.172755302588),
2026-07-09 03:18:12,082 | INFO | 	                       (16, 6653.172755302588),
[92mINFO [0m:      	                       (17, 6610.720958407721),
2026-07-09 03:18:12,082 | INFO | 	                       (17, 6610.720958407721),
[92mINFO [0m:      	                       (18, 6504.04744169871),
2026-07-09 03:18:12,082 | INFO | 	                       (18, 6504.04744169871),
[92mINFO [0m:      	                       (19, 6415.620172173181),
2026-07-09 03:18:12,082 | INFO | 	                       (19, 6415.620172173181),
[92mINFO [0m:      	                       (20, 6308.1358566294775),
2026-07-09 03:18:12,082 | INFO | 	                       (20, 6308.1358566294775),
[92mINFO [0m:      	                       (21, 6214.945377714766),
2026-07-09 03:18:12,082 | INFO | 	                       (21, 6214.945377714766),
[92mINFO [0m:      	                       (22, 6076.202148159345),
2026-07-09 03:18:12,082 | INFO | 	                       (22, 6076.202148159345),
[92mINFO [0m:      	                       (23, 5987.881707956791),
2026-07-09 03:18:12,082 | INFO | 	                       (23, 5987.881707956791),
[92mINFO [0m:      	                       (24, 5877.791202143564),
2026-07-09 03:18:12,082 | INFO | 	                       (24, 5877.791202143564),
[92mINFO [0m:      	                       (25, 5833.442297734154),
2026-07-09 03:18:12,082 | INFO | 	                       (25, 5833.442297734154),
[92mINFO [0m:      	                       (26, 5739.131555043857),
2026-07-09 03:18:12,082 | INFO | 	                       (26, 5739.131555043857),
[92mINFO [0m:      	                       (27, 5665.0960792684555),
2026-07-09 03:18:12,082 | INFO | 	                       (27, 5665.0960792684555),
[92mINFO [0m:      	                       (28, 5519.249875409074),
2026-07-09 03:18:12,082 | INFO | 	                       (28, 5519.249875409074),
[92mINFO [0m:      	                       (29, 5474.774825827811),
2026-07-09 03:18:12,082 | INFO | 	                       (29, 5474.774825827811),
[92mINFO [0m:      	                       (30, 5338.4612931331),
2026-07-09 03:18:12,082 | INFO | 	                       (30, 5338.4612931331),
[92mINFO [0m:      	                       (31, 5312.008371535141),
2026-07-09 03:18:12,082 | INFO | 	                       (31, 5312.008371535141),
[92mINFO [0m:      	                       (32, 5233.6384248774575),
2026-07-09 03:18:12,082 | INFO | 	                       (32, 5233.6384248774575),
[92mINFO [0m:      	                       (33, 5133.009867152531),
2026-07-09 03:18:12,082 | INFO | 	                       (33, 5133.009867152531),
[92mINFO [0m:      	                       (34, 5060.077599143611),
2026-07-09 03:18:12,082 | INFO | 	                       (34, 5060.077599143611),
[92mINFO [0m:      	                       (35, 4925.108971541723),
2026-07-09 03:18:12,082 | INFO | 	                       (35, 4925.108971541723),
[92mINFO [0m:      	                       (36, 4842.5953015756595),
2026-07-09 03:18:12,082 | INFO | 	                       (36, 4842.5953015756595),
[92mINFO [0m:      	                       (37, 4890.005516526222),
2026-07-09 03:18:12,082 | INFO | 	                       (37, 4890.005516526222),
[92mINFO [0m:      	                       (38, 4721.915825397571),
2026-07-09 03:18:12,082 | INFO | 	                       (38, 4721.915825397571),
[92mINFO [0m:      	                       (39, 4667.823014697763),
2026-07-09 03:18:12,082 | INFO | 	                       (39, 4667.823014697763),
[92mINFO [0m:      	                       (40, 4605.726953637202),
2026-07-09 03:18:12,082 | INFO | 	                       (40, 4605.726953637202),
[92mINFO [0m:      	                       (41, 4488.108067533441),
2026-07-09 03:18:12,082 | INFO | 	                       (41, 4488.108067533441),
[92mINFO [0m:      	                       (42, 4329.609672531022),
2026-07-09 03:18:12,082 | INFO | 	                       (42, 4329.609672531022),
[92mINFO [0m:      	                       (43, 4360.457724221071),
2026-07-09 03:18:12,082 | INFO | 	                       (43, 4360.457724221071),
[92mINFO [0m:      	                       (44, 4220.750625886917),
2026-07-09 03:18:12,082 | INFO | 	                       (44, 4220.750625886917),
[92mINFO [0m:      	                       (45, 4063.6269032667474),
2026-07-09 03:18:12,082 | INFO | 	                       (45, 4063.6269032667474),
[92mINFO [0m:      	                       (46, 4018.209589739482),
2026-07-09 03:18:12,082 | INFO | 	                       (46, 4018.209589739482),
[92mINFO [0m:      	                       (47, 4088.824217194319),
2026-07-09 03:18:12,082 | INFO | 	                       (47, 4088.824217194319),
[92mINFO [0m:      	                       (48, 4107.866287653074),
2026-07-09 03:18:12,082 | INFO | 	                       (48, 4107.866287653074),
[92mINFO [0m:      	                       (49, 4009.898127603531),
2026-07-09 03:18:12,083 | INFO | 	                       (49, 4009.898127603531),
[92mINFO [0m:      	                       (50, 3813.221160405477),
2026-07-09 03:18:12,083 | INFO | 	                       (50, 3813.221160405477),
[92mINFO [0m:      	                       (51, 3744.270758427779),
2026-07-09 03:18:12,083 | INFO | 	                       (51, 3744.270758427779),
[92mINFO [0m:      	                       (52, 3718.531670072343),
2026-07-09 03:18:12,083 | INFO | 	                       (52, 3718.531670072343),
[92mINFO [0m:      	                       (53, 3710.7858042887847),
2026-07-09 03:18:12,083 | INFO | 	                       (53, 3710.7858042887847),
[92mINFO [0m:      	                       (54, 3641.314926295387),
2026-07-09 03:18:12,083 | INFO | 	                       (54, 3641.314926295387),
[92mINFO [0m:      	                       (55, 3538.5058956200814),
2026-07-09 03:18:12,083 | INFO | 	                       (55, 3538.5058956200814),
[92mINFO [0m:      	                       (56, 3430.2099613218834),
2026-07-09 03:18:12,083 | INFO | 	                       (56, 3430.2099613218834),
[92mINFO [0m:      	                       (57, 3422.420698693593),
2026-07-09 03:18:12,083 | INFO | 	                       (57, 3422.420698693593),
[92mINFO [0m:      	                       (58, 3353.3434129624893),
2026-07-09 03:18:12,083 | INFO | 	                       (58, 3353.3434129624893),
[92mINFO [0m:      	                       (59, 3437.0294273210366),
2026-07-09 03:18:12,083 | INFO | 	                       (59, 3437.0294273210366),
[92mINFO [0m:      	                       (60, 3242.273046830495)],
2026-07-09 03:18:12,083 | INFO | 	                       (60, 3242.273046830495)],
[92mINFO [0m:      	 'vi_elbo_loss_min': [(1, 8170.675655237834),
2026-07-09 03:18:12,083 | INFO | 	 'vi_elbo_loss_min': [(1, 8170.675655237834),
[92mINFO [0m:      	                      (2, 7802.336747455597),
2026-07-09 03:18:12,083 | INFO | 	                      (2, 7802.336747455597),
[92mINFO [0m:      	                      (3, 8040.857009553909),
2026-07-09 03:18:12,083 | INFO | 	                      (3, 8040.857009553909),
[92mINFO [0m:      	                      (4, 7441.493931503296),
2026-07-09 03:18:12,083 | INFO | 	                      (4, 7441.493931503296),
[92mINFO [0m:      	                      (5, 7844.927811050415),
2026-07-09 03:18:12,083 | INFO | 	                      (5, 7844.927811050415),
[92mINFO [0m:      	                      (6, 7641.781551710765),
2026-07-09 03:18:12,083 | INFO | 	                      (6, 7641.781551710765),
[92mINFO [0m:      	                      (7, 7422.771002705892),
2026-07-09 03:18:12,083 | INFO | 	                      (7, 7422.771002705892),
[92mINFO [0m:      	                      (8, 7211.2595682621),
2026-07-09 03:18:12,083 | INFO | 	                      (8, 7211.2595682621),
[92mINFO [0m:      	                      (9, 7298.186900520324),
2026-07-09 03:18:12,083 | INFO | 	                      (9, 7298.186900520324),
[92mINFO [0m:      	                      (10, 7255.473522758484),
2026-07-09 03:18:12,083 | INFO | 	                      (10, 7255.473522758484),
[92mINFO [0m:      	                      (11, 6658.21860926946),
2026-07-09 03:18:12,083 | INFO | 	                      (11, 6658.21860926946),
[92mINFO [0m:      	                      (12, 7033.304757344723),
2026-07-09 03:18:12,083 | INFO | 	                      (12, 7033.304757344723),
[92mINFO [0m:      	                      (13, 6943.096264266967),
2026-07-09 03:18:12,083 | INFO | 	                      (13, 6943.096264266967),
[92mINFO [0m:      	                      (14, 6753.553387057781),
2026-07-09 03:18:12,083 | INFO | 	                      (14, 6753.553387057781),
[92mINFO [0m:      	                      (15, 6699.791210317611),
2026-07-09 03:18:12,083 | INFO | 	                      (15, 6699.791210317611),
[92mINFO [0m:      	                      (16, 6328.391586875916),
2026-07-09 03:18:12,083 | INFO | 	                      (16, 6328.391586875916),
[92mINFO [0m:      	                      (17, 6484.723095798492),
2026-07-09 03:18:12,083 | INFO | 	                      (17, 6484.723095798492),
[92mINFO [0m:      	                      (18, 6386.856809425354),
2026-07-09 03:18:12,083 | INFO | 	                      (18, 6386.856809425354),
[92mINFO [0m:      	                      (19, 6292.37129778862),
2026-07-09 03:18:12,083 | INFO | 	                      (19, 6292.37129778862),
[92mINFO [0m:      	                      (20, 6208.01635684967),
2026-07-09 03:18:12,083 | INFO | 	                      (20, 6208.01635684967),
[92mINFO [0m:      	                      (21, 5897.796928628286),
2026-07-09 03:18:12,083 | INFO | 	                      (21, 5897.796928628286),
[92mINFO [0m:      	                      (22, 5988.696857595443),
2026-07-09 03:18:12,083 | INFO | 	                      (22, 5988.696857595443),
[92mINFO [0m:      	                      (23, 5878.553107833863),
2026-07-09 03:18:12,083 | INFO | 	                      (23, 5878.553107833863),
[92mINFO [0m:      	                      (24, 5621.699808216095),
2026-07-09 03:18:12,083 | INFO | 	                      (24, 5621.699808216095),
[92mINFO [0m:      	                      (25, 5709.834889125824),
2026-07-09 03:18:12,083 | INFO | 	                      (25, 5709.834889125824),
[92mINFO [0m:      	                      (26, 5600.840626382827),
2026-07-09 03:18:12,083 | INFO | 	                      (26, 5600.840626382827),
[92mINFO [0m:      	                      (27, 5543.396200108528),
2026-07-09 03:18:12,084 | INFO | 	                      (27, 5543.396200108528),
[92mINFO [0m:      	                      (28, 5443.978607606888),
2026-07-09 03:18:12,084 | INFO | 	                      (28, 5443.978607606888),
[92mINFO [0m:      	                      (29, 5339.123733246326),
2026-07-09 03:18:12,084 | INFO | 	                      (29, 5339.123733246326),
[92mINFO [0m:      	                      (30, 5232.996555519104),
2026-07-09 03:18:12,084 | INFO | 	                      (30, 5232.996555519104),
[92mINFO [0m:      	                      (31, 5147.4126420974735),
2026-07-09 03:18:12,084 | INFO | 	                      (31, 5147.4126420974735),
[92mINFO [0m:      	                      (32, 5070.189303970337),
2026-07-09 03:18:12,084 | INFO | 	                      (32, 5070.189303970337),
[92mINFO [0m:      	                      (33, 4999.865570640564),
2026-07-09 03:18:12,084 | INFO | 	                      (33, 4999.865570640564),
[92mINFO [0m:      	                      (34, 4897.112253665924),
2026-07-09 03:18:12,084 | INFO | 	                      (34, 4897.112253665924),
[92mINFO [0m:      	                      (35, 4782.300353884697),
2026-07-09 03:18:12,084 | INFO | 	                      (35, 4782.300353884697),
[92mINFO [0m:      	                      (36, 4703.221414709091),
2026-07-09 03:18:12,084 | INFO | 	                      (36, 4703.221414709091),
[92mINFO [0m:      	                      (37, 4621.343921089172),
2026-07-09 03:18:12,084 | INFO | 	                      (37, 4621.343921089172),
[92mINFO [0m:      	                      (38, 4543.094423294067),
2026-07-09 03:18:12,084 | INFO | 	                      (38, 4543.094423294067),
[92mINFO [0m:      	                      (39, 4471.981641197204),
2026-07-09 03:18:12,084 | INFO | 	                      (39, 4471.981641197204),
[92mINFO [0m:      	                      (40, 4370.936852669716),
2026-07-09 03:18:12,084 | INFO | 	                      (40, 4370.936852669716),
[92mINFO [0m:      	                      (41, 4295.190429496765),
2026-07-09 03:18:12,084 | INFO | 	                      (41, 4295.190429496765),
[92mINFO [0m:      	                      (42, 4216.66315498352),
2026-07-09 03:18:12,084 | INFO | 	                      (42, 4216.66315498352),
[92mINFO [0m:      	                      (43, 4125.201829338073),
2026-07-09 03:18:12,084 | INFO | 	                      (43, 4125.201829338073),
[92mINFO [0m:      	                      (44, 4065.9652165174484),
2026-07-09 03:18:12,084 | INFO | 	                      (44, 4065.9652165174484),
[92mINFO [0m:      	                      (45, 3987.194861674309),
2026-07-09 03:18:12,084 | INFO | 	                      (45, 3987.194861674309),
[92mINFO [0m:      	                      (46, 3881.7950122833254),
2026-07-09 03:18:12,084 | INFO | 	                      (46, 3881.7950122833254),
[92mINFO [0m:      	                      (47, 3856.252337265015),
2026-07-09 03:18:12,084 | INFO | 	                      (47, 3856.252337265015),
[92mINFO [0m:      	                      (48, 3764.683058452606),
2026-07-09 03:18:12,084 | INFO | 	                      (48, 3764.683058452606),
[92mINFO [0m:      	                      (49, 3686.904775571823),
2026-07-09 03:18:12,084 | INFO | 	                      (49, 3686.904775571823),
[92mINFO [0m:      	                      (50, 3622.346976661682),
2026-07-09 03:18:12,084 | INFO | 	                      (50, 3622.346976661682),
[92mINFO [0m:      	                      (51, 3566.9231299877165),
2026-07-09 03:18:12,084 | INFO | 	                      (51, 3566.9231299877165),
[92mINFO [0m:      	                      (52, 3491.0311569690703),
2026-07-09 03:18:12,084 | INFO | 	                      (52, 3491.0311569690703),
[92mINFO [0m:      	                      (53, 3428.7235820531846),
2026-07-09 03:18:12,084 | INFO | 	                      (53, 3428.7235820531846),
[92mINFO [0m:      	                      (54, 3365.2942632436752),
2026-07-09 03:18:12,084 | INFO | 	                      (54, 3365.2942632436752),
[92mINFO [0m:      	                      (55, 3291.5373205423357),
2026-07-09 03:18:12,084 | INFO | 	                      (55, 3291.5373205423357),
[92mINFO [0m:      	                      (56, 3215.683876633644),
2026-07-09 03:18:12,084 | INFO | 	                      (56, 3215.683876633644),
[92mINFO [0m:      	                      (57, 3171.7527717113494),
2026-07-09 03:18:12,084 | INFO | 	                      (57, 3171.7527717113494),
[92mINFO [0m:      	                      (58, 3119.1926214694977),
2026-07-09 03:18:12,084 | INFO | 	                      (58, 3119.1926214694977),
[92mINFO [0m:      	                      (59, 3059.7765946388245),
2026-07-09 03:18:12,084 | INFO | 	                      (59, 3059.7765946388245),
[92mINFO [0m:      	                      (60, 2989.7504024505615)],
2026-07-09 03:18:12,084 | INFO | 	                      (60, 2989.7504024505615)],
[92mINFO [0m:      	 'vi_elbo_loss_p10': [(1, 8274.674584159851),
2026-07-09 03:18:12,084 | INFO | 	 'vi_elbo_loss_p10': [(1, 8274.674584159851),
[92mINFO [0m:      	                      (2, 8149.028403625488),
2026-07-09 03:18:12,084 | INFO | 	                      (2, 8149.028403625488),
[92mINFO [0m:      	                      (3, 8060.038275871277),
2026-07-09 03:18:12,084 | INFO | 	                      (3, 8060.038275871277),
[92mINFO [0m:      	                      (4, 7899.909499235153),
2026-07-09 03:18:12,084 | INFO | 	                      (4, 7899.909499235153),
[92mINFO [0m:      	                      (5, 7853.939919366837),
2026-07-09 03:18:12,084 | INFO | 	                      (5, 7853.939919366837),
[92mINFO [0m:      	                      (6, 7754.529176273346),
2026-07-09 03:18:12,084 | INFO | 	                      (6, 7754.529176273346),
[92mINFO [0m:      	                      (7, 7519.742715778351),
2026-07-09 03:18:12,085 | INFO | 	                      (7, 7519.742715778351),
[92mINFO [0m:      	                      (8, 7453.326106376649),
2026-07-09 03:18:12,085 | INFO | 	                      (8, 7453.326106376649),
[92mINFO [0m:      	                      (9, 7338.981059017182),
2026-07-09 03:18:12,085 | INFO | 	                      (9, 7338.981059017182),
[92mINFO [0m:      	                      (10, 7264.941656517983),
2026-07-09 03:18:12,085 | INFO | 	                      (10, 7264.941656517983),
[92mINFO [0m:      	                      (11, 7059.175337152481),
2026-07-09 03:18:12,085 | INFO | 	                      (11, 7059.175337152481),
[92mINFO [0m:      	                      (12, 7042.72744348526),
2026-07-09 03:18:12,085 | INFO | 	                      (12, 7042.72744348526),
[92mINFO [0m:      	                      (13, 6945.233669528961),
2026-07-09 03:18:12,085 | INFO | 	                      (13, 6945.233669528961),
[92mINFO [0m:      	                      (14, 6796.808476266861),
2026-07-09 03:18:12,085 | INFO | 	                      (14, 6796.808476266861),
[92mINFO [0m:      	                      (15, 6717.622189488411),
2026-07-09 03:18:12,085 | INFO | 	                      (15, 6717.622189488411),
[92mINFO [0m:      	                      (16, 6632.069490242005),
2026-07-09 03:18:12,085 | INFO | 	                      (16, 6632.069490242005),
[92mINFO [0m:      	                      (17, 6531.584903240204),
2026-07-09 03:18:12,085 | INFO | 	                      (17, 6531.584903240204),
[92mINFO [0m:      	                      (18, 6400.983115854264),
2026-07-09 03:18:12,085 | INFO | 	                      (18, 6400.983115854264),
[92mINFO [0m:      	                      (19, 6323.680583763122),
2026-07-09 03:18:12,085 | INFO | 	                      (19, 6323.680583763122),
[92mINFO [0m:      	                      (20, 6221.801328821182),
2026-07-09 03:18:12,085 | INFO | 	                      (20, 6221.801328821182),
[92mINFO [0m:      	                      (21, 6106.794659199715),
2026-07-09 03:18:12,085 | INFO | 	                      (21, 6106.794659199715),
[92mINFO [0m:      	                      (22, 6002.208869252205),
2026-07-09 03:18:12,085 | INFO | 	                      (22, 6002.208869252205),
[92mINFO [0m:      	                      (23, 5900.323115673065),
2026-07-09 03:18:12,085 | INFO | 	                      (23, 5900.323115673065),
[92mINFO [0m:      	                      (24, 5808.087904834748),
2026-07-09 03:18:12,085 | INFO | 	                      (24, 5808.087904834748),
[92mINFO [0m:      	                      (25, 5739.7776533031465),
2026-07-09 03:18:12,085 | INFO | 	                      (25, 5739.7776533031465),
[92mINFO [0m:      	                      (26, 5632.176519527435),
2026-07-09 03:18:12,085 | INFO | 	                      (26, 5632.176519527435),
[92mINFO [0m:      	                      (27, 5545.555188386441),
2026-07-09 03:18:12,085 | INFO | 	                      (27, 5545.555188386441),
[92mINFO [0m:      	                      (28, 5451.142388157845),
2026-07-09 03:18:12,085 | INFO | 	                      (28, 5451.142388157845),
[92mINFO [0m:      	                      (29, 5347.070693583489),
2026-07-09 03:18:12,085 | INFO | 	                      (29, 5347.070693583489),
[92mINFO [0m:      	                      (30, 5281.362175116539),
2026-07-09 03:18:12,085 | INFO | 	                      (30, 5281.362175116539),
[92mINFO [0m:      	                      (31, 5162.723202514649),
2026-07-09 03:18:12,085 | INFO | 	                      (31, 5162.723202514649),
[92mINFO [0m:      	                      (32, 5074.182778716087),
2026-07-09 03:18:12,085 | INFO | 	                      (32, 5074.182778716087),
[92mINFO [0m:      	                      (33, 5025.856494317055),
2026-07-09 03:18:12,085 | INFO | 	                      (33, 5025.856494317055),
[92mINFO [0m:      	                      (34, 4917.888059892654),
2026-07-09 03:18:12,085 | INFO | 	                      (34, 4917.888059892654),
[92mINFO [0m:      	                      (35, 4793.15245642662),
2026-07-09 03:18:12,085 | INFO | 	                      (35, 4793.15245642662),
[92mINFO [0m:      	                      (36, 4715.945535130501),
2026-07-09 03:18:12,085 | INFO | 	                      (36, 4715.945535130501),
[92mINFO [0m:      	                      (37, 4658.149871025085),
2026-07-09 03:18:12,085 | INFO | 	                      (37, 4658.149871025085),
[92mINFO [0m:      	                      (38, 4562.104179739952),
2026-07-09 03:18:12,085 | INFO | 	                      (38, 4562.104179739952),
[92mINFO [0m:      	                      (39, 4474.692298364639),
2026-07-09 03:18:12,085 | INFO | 	                      (39, 4474.692298364639),
[92mINFO [0m:      	                      (40, 4387.600819854736),
2026-07-09 03:18:12,085 | INFO | 	                      (40, 4387.600819854736),
[92mINFO [0m:      	                      (41, 4310.347657194137),
2026-07-09 03:18:12,085 | INFO | 	                      (41, 4310.347657194137),
[92mINFO [0m:      	                      (42, 4247.338464922905),
2026-07-09 03:18:12,085 | INFO | 	                      (42, 4247.338464922905),
[92mINFO [0m:      	                      (43, 4148.919369373321),
2026-07-09 03:18:12,085 | INFO | 	                      (43, 4148.919369373321),
[92mINFO [0m:      	                      (44, 4075.5018812751773),
2026-07-09 03:18:12,086 | INFO | 	                      (44, 4075.5018812751773),
[92mINFO [0m:      	                      (45, 4002.9622879886624),
2026-07-09 03:18:12,086 | INFO | 	                      (45, 4002.9622879886624),
[92mINFO [0m:      	                      (46, 3920.4206613969804),
2026-07-09 03:18:12,086 | INFO | 	                      (46, 3920.4206613969804),
[92mINFO [0m:      	                      (47, 3862.6485928726197),
2026-07-09 03:18:12,086 | INFO | 	                      (47, 3862.6485928726197),
[92mINFO [0m:      	                      (48, 3786.056347317696),
2026-07-09 03:18:12,086 | INFO | 	                      (48, 3786.056347317696),
[92mINFO [0m:      	                      (49, 3708.6899121427537),
2026-07-09 03:18:12,086 | INFO | 	                      (49, 3708.6899121427537),
[92mINFO [0m:      	                      (50, 3636.249075937271),
2026-07-09 03:18:12,086 | INFO | 	                      (50, 3636.249075937271),
[92mINFO [0m:      	                      (51, 3574.0805298042296),
2026-07-09 03:18:12,086 | INFO | 	                      (51, 3574.0805298042296),
[92mINFO [0m:      	                      (52, 3510.1857796621325),
2026-07-09 03:18:12,086 | INFO | 	                      (52, 3510.1857796621325),
[92mINFO [0m:      	                      (53, 3442.302253460884),
2026-07-09 03:18:12,086 | INFO | 	                      (53, 3442.302253460884),
[92mINFO [0m:      	                      (54, 3374.9489601755145),
2026-07-09 03:18:12,086 | INFO | 	                      (54, 3374.9489601755145),
[92mINFO [0m:      	                      (55, 3301.997703909874),
2026-07-09 03:18:12,086 | INFO | 	                      (55, 3301.997703909874),
[92mINFO [0m:      	                      (56, 3246.465209746361),
2026-07-09 03:18:12,086 | INFO | 	                      (56, 3246.465209746361),
[92mINFO [0m:      	                      (57, 3180.7784446811675),
2026-07-09 03:18:12,086 | INFO | 	                      (57, 3180.7784446811675),
[92mINFO [0m:      	                      (58, 3125.7621355247497),
2026-07-09 03:18:12,086 | INFO | 	                      (58, 3125.7621355247497),
[92mINFO [0m:      	                      (59, 3078.4381322574613),
2026-07-09 03:18:12,086 | INFO | 	                      (59, 3078.4381322574613),
[92mINFO [0m:      	                      (60, 3012.7641019248963)],
2026-07-09 03:18:12,086 | INFO | 	                      (60, 3012.7641019248963)],
[92mINFO [0m:      	 'vi_elbo_loss_p50': [(1, 8354.004315757751),
2026-07-09 03:18:12,086 | INFO | 	 'vi_elbo_loss_p50': [(1, 8354.004315757751),
[92mINFO [0m:      	                      (2, 8301.44019317627),
2026-07-09 03:18:12,086 | INFO | 	                      (2, 8301.44019317627),
[92mINFO [0m:      	                      (3, 8180.717564773559),
2026-07-09 03:18:12,086 | INFO | 	                      (3, 8180.717564773559),
[92mINFO [0m:      	                      (4, 8019.781734466553),
2026-07-09 03:18:12,086 | INFO | 	                      (4, 8019.781734466553),
[92mINFO [0m:      	                      (5, 7907.659027671814),
2026-07-09 03:18:12,086 | INFO | 	                      (5, 7907.659027671814),
[92mINFO [0m:      	                      (6, 7801.1916217803955),
2026-07-09 03:18:12,086 | INFO | 	                      (6, 7801.1916217803955),
[92mINFO [0m:      	                      (7, 7649.937047958374),
2026-07-09 03:18:12,086 | INFO | 	                      (7, 7649.937047958374),
[92mINFO [0m:      	                      (8, 7516.913875770569),
2026-07-09 03:18:12,086 | INFO | 	                      (8, 7516.913875770569),
[92mINFO [0m:      	                      (9, 7406.654616928101),
2026-07-09 03:18:12,086 | INFO | 	                      (9, 7406.654616928101),
[92mINFO [0m:      	                      (10, 7382.5806656003),
2026-07-09 03:18:12,086 | INFO | 	                      (10, 7382.5806656003),
[92mINFO [0m:      	                      (11, 7166.045925617218),
2026-07-09 03:18:12,086 | INFO | 	                      (11, 7166.045925617218),
[92mINFO [0m:      	                      (12, 7104.261874580383),
2026-07-09 03:18:12,086 | INFO | 	                      (12, 7104.261874580383),
[92mINFO [0m:      	                      (13, 7001.01302986145),
2026-07-09 03:18:12,086 | INFO | 	                      (13, 7001.01302986145),
[92mINFO [0m:      	                      (14, 6875.9519612312315),
2026-07-09 03:18:12,086 | INFO | 	                      (14, 6875.9519612312315),
[92mINFO [0m:      	                      (15, 6783.366375827789),
2026-07-09 03:18:12,086 | INFO | 	                      (15, 6783.366375827789),
[92mINFO [0m:      	                      (16, 6654.492539978028),
2026-07-09 03:18:12,086 | INFO | 	                      (16, 6654.492539978028),
[92mINFO [0m:      	                      (17, 6573.890519714356),
2026-07-09 03:18:12,086 | INFO | 	                      (17, 6573.890519714356),
[92mINFO [0m:      	                      (18, 6460.1800951004025),
2026-07-09 03:18:12,086 | INFO | 	                      (18, 6460.1800951004025),
[92mINFO [0m:      	                      (19, 6382.55340385437),
2026-07-09 03:18:12,086 | INFO | 	                      (19, 6382.55340385437),
[92mINFO [0m:      	                      (20, 6280.032033920288),
2026-07-09 03:18:12,086 | INFO | 	                      (20, 6280.032033920288),
[92mINFO [0m:      	                      (21, 6144.628593242169),
2026-07-09 03:18:12,086 | INFO | 	                      (21, 6144.628593242169),
[92mINFO [0m:      	                      (22, 6043.98972568512),
2026-07-09 03:18:12,086 | INFO | 	                      (22, 6043.98972568512),
[92mINFO [0m:      	                      (23, 5937.376909160614),
2026-07-09 03:18:12,087 | INFO | 	                      (23, 5937.376909160614),
[92mINFO [0m:      	                      (24, 5859.983582592011),
2026-07-09 03:18:12,087 | INFO | 	                      (24, 5859.983582592011),
[92mINFO [0m:      	                      (25, 5776.863258218766),
2026-07-09 03:18:12,087 | INFO | 	                      (25, 5776.863258218766),
[92mINFO [0m:      	                      (26, 5667.515211606025),
2026-07-09 03:18:12,087 | INFO | 	                      (26, 5667.515211606025),
[92mINFO [0m:      	                      (27, 5593.162302207947),
2026-07-09 03:18:12,087 | INFO | 	                      (27, 5593.162302207947),
[92mINFO [0m:      	                      (28, 5499.939077377319),
2026-07-09 03:18:12,087 | INFO | 	                      (28, 5499.939077377319),
[92mINFO [0m:      	                      (29, 5395.16951084137),
2026-07-09 03:18:12,087 | INFO | 	                      (29, 5395.16951084137),
[92mINFO [0m:      	                      (30, 5304.970788621902),
2026-07-09 03:18:12,087 | INFO | 	                      (30, 5304.970788621902),
[92mINFO [0m:      	                      (31, 5232.545286273957),
2026-07-09 03:18:12,087 | INFO | 	                      (31, 5232.545286273957),
[92mINFO [0m:      	                      (32, 5148.319902896881),
2026-07-09 03:18:12,087 | INFO | 	                      (32, 5148.319902896881),
[92mINFO [0m:      	                      (33, 5082.843219184875),
2026-07-09 03:18:12,087 | INFO | 	                      (33, 5082.843219184875),
[92mINFO [0m:      	                      (34, 4997.0656818072),
2026-07-09 03:18:12,087 | INFO | 	                      (34, 4997.0656818072),
[92mINFO [0m:      	                      (35, 4850.406973552704),
2026-07-09 03:18:12,087 | INFO | 	                      (35, 4850.406973552704),
[92mINFO [0m:      	                      (36, 4767.099766874313),
2026-07-09 03:18:12,087 | INFO | 	                      (36, 4767.099766874313),
[92mINFO [0m:      	                      (37, 4747.633154773712),
2026-07-09 03:18:12,087 | INFO | 	                      (37, 4747.633154773712),
[92mINFO [0m:      	                      (38, 4632.927508735656),
2026-07-09 03:18:12,087 | INFO | 	                      (38, 4632.927508735656),
[92mINFO [0m:      	                      (39, 4539.249629974365),
2026-07-09 03:18:12,087 | INFO | 	                      (39, 4539.249629974365),
[92mINFO [0m:      	                      (40, 4425.9951571464535),
2026-07-09 03:18:12,087 | INFO | 	                      (40, 4425.9951571464535),
[92mINFO [0m:      	                      (41, 4340.12262840271),
2026-07-09 03:18:12,087 | INFO | 	                      (41, 4340.12262840271),
[92mINFO [0m:      	                      (42, 4277.821454954147),
2026-07-09 03:18:12,087 | INFO | 	                      (42, 4277.821454954147),
[92mINFO [0m:      	                      (43, 4230.448343491555),
2026-07-09 03:18:12,087 | INFO | 	                      (43, 4230.448343491555),
[92mINFO [0m:      	                      (44, 4103.617264652252),
2026-07-09 03:18:12,087 | INFO | 	                      (44, 4103.617264652252),
[92mINFO [0m:      	                      (45, 4035.9184980869295),
2026-07-09 03:18:12,087 | INFO | 	                      (45, 4035.9184980869295),
[92mINFO [0m:      	                      (46, 3957.2061225414277),
2026-07-09 03:18:12,087 | INFO | 	                      (46, 3957.2061225414277),
[92mINFO [0m:      	                      (47, 3893.651054382324),
2026-07-09 03:18:12,087 | INFO | 	                      (47, 3893.651054382324),
[92mINFO [0m:      	                      (48, 3863.22801322937),
2026-07-09 03:18:12,087 | INFO | 	                      (48, 3863.22801322937),
[92mINFO [0m:      	                      (49, 3763.30712928772),
2026-07-09 03:18:12,087 | INFO | 	                      (49, 3763.30712928772),
[92mINFO [0m:      	                      (50, 3680.2805609703064),
2026-07-09 03:18:12,087 | INFO | 	                      (50, 3680.2805609703064),
[92mINFO [0m:      	                      (51, 3611.750145483017),
2026-07-09 03:18:12,087 | INFO | 	                      (51, 3611.750145483017),
[92mINFO [0m:      	                      (52, 3546.8021964550016),
2026-07-09 03:18:12,087 | INFO | 	                      (52, 3546.8021964550016),
[92mINFO [0m:      	                      (53, 3478.7473967313767),
2026-07-09 03:18:12,087 | INFO | 	                      (53, 3478.7473967313767),
[92mINFO [0m:      	                      (54, 3460.8482921600344),
2026-07-09 03:18:12,087 | INFO | 	                      (54, 3460.8482921600344),
[92mINFO [0m:      	                      (55, 3381.498994064331),
2026-07-09 03:18:12,087 | INFO | 	                      (55, 3381.498994064331),
[92mINFO [0m:      	                      (56, 3284.2783213615417),
2026-07-09 03:18:12,087 | INFO | 	                      (56, 3284.2783213615417),
[92mINFO [0m:      	                      (57, 3250.3944024086),
2026-07-09 03:18:12,087 | INFO | 	                      (57, 3250.3944024086),
[92mINFO [0m:      	                      (58, 3165.8133557319643),
2026-07-09 03:18:12,087 | INFO | 	                      (58, 3165.8133557319643),
[92mINFO [0m:      	                      (59, 3193.355959033966),
2026-07-09 03:18:12,087 | INFO | 	                      (59, 3193.355959033966),
[92mINFO [0m:      	                      (60, 3047.6495831489565)],
2026-07-09 03:18:12,087 | INFO | 	                      (60, 3047.6495831489565)],
[92mINFO [0m:      	 'vi_elbo_loss_p90': [(1, 8590.4191913414),
2026-07-09 03:18:12,088 | INFO | 	 'vi_elbo_loss_p90': [(1, 8590.4191913414),
[92mINFO [0m:      	                      (2, 8449.63195388794),
2026-07-09 03:18:12,088 | INFO | 	                      (2, 8449.63195388794),
[92mINFO [0m:      	                      (3, 8328.609333076476),
2026-07-09 03:18:12,088 | INFO | 	                      (3, 8328.609333076476),
[92mINFO [0m:      	                      (4, 8189.021824836731),
2026-07-09 03:18:12,088 | INFO | 	                      (4, 8189.021824836731),
[92mINFO [0m:      	                      (5, 8095.0838996887205),
2026-07-09 03:18:12,088 | INFO | 	                      (5, 8095.0838996887205),
[92mINFO [0m:      	                      (6, 7898.961043281555),
2026-07-09 03:18:12,088 | INFO | 	                      (6, 7898.961043281555),
[92mINFO [0m:      	                      (7, 7743.775561237335),
2026-07-09 03:18:12,088 | INFO | 	                      (7, 7743.775561237335),
[92mINFO [0m:      	                      (8, 7666.91792098999),
2026-07-09 03:18:12,088 | INFO | 	                      (8, 7666.91792098999),
[92mINFO [0m:      	                      (9, 7540.424016075134),
2026-07-09 03:18:12,088 | INFO | 	                      (9, 7540.424016075134),
[92mINFO [0m:      	                      (10, 7479.606805658341),
2026-07-09 03:18:12,088 | INFO | 	                      (10, 7479.606805658341),
[92mINFO [0m:      	                      (11, 7315.567726240158),
2026-07-09 03:18:12,088 | INFO | 	                      (11, 7315.567726240158),
[92mINFO [0m:      	                      (12, 7252.396484375),
2026-07-09 03:18:12,088 | INFO | 	                      (12, 7252.396484375),
[92mINFO [0m:      	                      (13, 7084.126489067078),
2026-07-09 03:18:12,088 | INFO | 	                      (13, 7084.126489067078),
[92mINFO [0m:      	                      (14, 7002.125043640137),
2026-07-09 03:18:12,088 | INFO | 	                      (14, 7002.125043640137),
[92mINFO [0m:      	                      (15, 6868.959409546852),
2026-07-09 03:18:12,088 | INFO | 	                      (15, 6868.959409546852),
[92mINFO [0m:      	                      (16, 6732.461329078675),
2026-07-09 03:18:12,088 | INFO | 	                      (16, 6732.461329078675),
[92mINFO [0m:      	                      (17, 6815.95547167778),
2026-07-09 03:18:12,088 | INFO | 	                      (17, 6815.95547167778),
[92mINFO [0m:      	                      (18, 6689.836437282562),
2026-07-09 03:18:12,088 | INFO | 	                      (18, 6689.836437282562),
[92mINFO [0m:      	                      (19, 6594.47455862999),
2026-07-09 03:18:12,088 | INFO | 	                      (19, 6594.47455862999),
[92mINFO [0m:      	                      (20, 6416.359054527283),
2026-07-09 03:18:12,088 | INFO | 	                      (20, 6416.359054527283),
[92mINFO [0m:      	                      (21, 6498.381861257553),
2026-07-09 03:18:12,088 | INFO | 	                      (21, 6498.381861257553),
[92mINFO [0m:      	                      (22, 6196.932293281555),
2026-07-09 03:18:12,088 | INFO | 	                      (22, 6196.932293281555),
[92mINFO [0m:      	                      (23, 6160.601879663467),
2026-07-09 03:18:12,088 | INFO | 	                      (23, 6160.601879663467),
[92mINFO [0m:      	                      (24, 6009.267353601455),
2026-07-09 03:18:12,088 | INFO | 	                      (24, 6009.267353601455),
[92mINFO [0m:      	                      (25, 6046.71962849617),
2026-07-09 03:18:12,088 | INFO | 	                      (25, 6046.71962849617),
[92mINFO [0m:      	                      (26, 5971.048411664963),
2026-07-09 03:18:12,088 | INFO | 	                      (26, 5971.048411664963),
[92mINFO [0m:      	                      (27, 5993.294890584945),
2026-07-09 03:18:12,088 | INFO | 	                      (27, 5993.294890584945),
[92mINFO [0m:      	                      (28, 5597.863277926445),
2026-07-09 03:18:12,088 | INFO | 	                      (28, 5597.863277926445),
[92mINFO [0m:      	                      (29, 5815.380214934349),
2026-07-09 03:18:12,088 | INFO | 	                      (29, 5815.380214934349),
[92mINFO [0m:      	                      (30, 5403.503389892578),
2026-07-09 03:18:12,088 | INFO | 	                      (30, 5403.503389892578),
[92mINFO [0m:      	                      (31, 5681.374762859345),
2026-07-09 03:18:12,088 | INFO | 	                      (31, 5681.374762859345),
[92mINFO [0m:      	                      (32, 5549.486327493985),
2026-07-09 03:18:12,088 | INFO | 	                      (32, 5549.486327493985),
[92mINFO [0m:      	                      (33, 5398.245026717186),
2026-07-09 03:18:12,088 | INFO | 	                      (33, 5398.245026717186),
[92mINFO [0m:      	                      (34, 5324.002946033477),
2026-07-09 03:18:12,088 | INFO | 	                      (34, 5324.002946033477),
[92mINFO [0m:      	                      (35, 5247.801566419601),
2026-07-09 03:18:12,088 | INFO | 	                      (35, 5247.801566419601),
[92mINFO [0m:      	                      (36, 5151.124725484849),
2026-07-09 03:18:12,088 | INFO | 	                      (36, 5151.124725484849),
[92mINFO [0m:      	                      (37, 5251.134187550545),
2026-07-09 03:18:12,088 | INFO | 	                      (37, 5251.134187550545),
[92mINFO [0m:      	                      (38, 5006.271607227325),
2026-07-09 03:18:12,088 | INFO | 	                      (38, 5006.271607227325),
[92mINFO [0m:      	                      (39, 5049.673846208255),
2026-07-09 03:18:12,089 | INFO | 	                      (39, 5049.673846208255),
[92mINFO [0m:      	                      (40, 5056.696624860763),
2026-07-09 03:18:12,089 | INFO | 	                      (40, 5056.696624860763),
[92mINFO [0m:      	                      (41, 4959.716622977257),
2026-07-09 03:18:12,089 | INFO | 	                      (41, 4959.716622977257),
[92mINFO [0m:      	                      (42, 4516.492273707389),
2026-07-09 03:18:12,089 | INFO | 	                      (42, 4516.492273707389),
[92mINFO [0m:      	                      (43, 4776.649061396122),
2026-07-09 03:18:12,089 | INFO | 	                      (43, 4776.649061396122),
[92mINFO [0m:      	                      (44, 4695.285331773757),
2026-07-09 03:18:12,089 | INFO | 	                      (44, 4695.285331773757),
[92mINFO [0m:      	                      (45, 4090.3362844848634),
2026-07-09 03:18:12,089 | INFO | 	                      (45, 4090.3362844848634),
[92mINFO [0m:      	                      (46, 4234.6104195938115),
2026-07-09 03:18:12,089 | INFO | 	                      (46, 4234.6104195938115),
[92mINFO [0m:      	                      (47, 4596.634144155979),
2026-07-09 03:18:12,089 | INFO | 	                      (47, 4596.634144155979),
[92mINFO [0m:      	                      (48, 4529.416597957611),
2026-07-09 03:18:12,089 | INFO | 	                      (48, 4529.416597957611),
[92mINFO [0m:      	                      (49, 4475.967657175064),
2026-07-09 03:18:12,089 | INFO | 	                      (49, 4475.967657175064),
[92mINFO [0m:      	                      (50, 4342.467878694534),
2026-07-09 03:18:12,089 | INFO | 	                      (50, 4342.467878694534),
[92mINFO [0m:      	                      (51, 4290.082501461506),
2026-07-09 03:18:12,089 | INFO | 	                      (51, 4290.082501461506),
[92mINFO [0m:      	                      (52, 4264.903362374305),
2026-07-09 03:18:12,089 | INFO | 	                      (52, 4264.903362374305),
[92mINFO [0m:      	                      (53, 4207.026911396981),
2026-07-09 03:18:12,089 | INFO | 	                      (53, 4207.026911396981),
[92mINFO [0m:      	                      (54, 4141.928939070702),
2026-07-09 03:18:12,089 | INFO | 	                      (54, 4141.928939070702),
[92mINFO [0m:      	                      (55, 4042.5436461321515),
2026-07-09 03:18:12,089 | INFO | 	                      (55, 4042.5436461321515),
[92mINFO [0m:      	                      (56, 4004.1783420117695),
2026-07-09 03:18:12,089 | INFO | 	                      (56, 4004.1783420117695),
[92mINFO [0m:      	                      (57, 3963.1138214445114),
2026-07-09 03:18:12,089 | INFO | 	                      (57, 3963.1138214445114),
[92mINFO [0m:      	                      (58, 3881.925617899895),
2026-07-09 03:18:12,089 | INFO | 	                      (58, 3881.925617899895),
[92mINFO [0m:      	                      (59, 3869.9199796915054),
2026-07-09 03:18:12,089 | INFO | 	                      (59, 3869.9199796915054),
[92mINFO [0m:      	                      (60, 3802.4992796993256)],
2026-07-09 03:18:12,089 | INFO | 	                      (60, 3802.4992796993256)],
[92mINFO [0m:      	 'vi_elbo_loss_std': [(1, 127.31235766292063),
2026-07-09 03:18:12,089 | INFO | 	 'vi_elbo_loss_std': [(1, 127.31235766292063),
[92mINFO [0m:      	                      (2, 163.56952871224303),
2026-07-09 03:18:12,089 | INFO | 	                      (2, 163.56952871224303),
[92mINFO [0m:      	                      (3, 118.33120846127473),
2026-07-09 03:18:12,089 | INFO | 	                      (3, 118.33120846127473),
[92mINFO [0m:      	                      (4, 178.01700964695448),
2026-07-09 03:18:12,089 | INFO | 	                      (4, 178.01700964695448),
[92mINFO [0m:      	                      (5, 102.40735608077918),
2026-07-09 03:18:12,089 | INFO | 	                      (5, 102.40735608077918),
[92mINFO [0m:      	                      (6, 73.99043055830772),
2026-07-09 03:18:12,089 | INFO | 	                      (6, 73.99043055830772),
[92mINFO [0m:      	                      (7, 95.1225101548568),
2026-07-09 03:18:12,089 | INFO | 	                      (7, 95.1225101548568),
[92mINFO [0m:      	                      (8, 112.1917113662511),
2026-07-09 03:18:12,089 | INFO | 	                      (8, 112.1917113662511),
[92mINFO [0m:      	                      (9, 79.85669581607043),
2026-07-09 03:18:12,089 | INFO | 	                      (9, 79.85669581607043),
[92mINFO [0m:      	                      (10, 85.9262989376757),
2026-07-09 03:18:12,089 | INFO | 	                      (10, 85.9262989376757),
[92mINFO [0m:      	                      (11, 162.00678396754552),
2026-07-09 03:18:12,089 | INFO | 	                      (11, 162.00678396754552),
[92mINFO [0m:      	                      (12, 79.54223056669171),
2026-07-09 03:18:12,089 | INFO | 	                      (12, 79.54223056669171),
[92mINFO [0m:      	                      (13, 56.08103026546563),
2026-07-09 03:18:12,089 | INFO | 	                      (13, 56.08103026546563),
[92mINFO [0m:      	                      (14, 91.75969454441129),
2026-07-09 03:18:12,089 | INFO | 	                      (14, 91.75969454441129),
[92mINFO [0m:      	                      (15, 72.87613386932675),
2026-07-09 03:18:12,089 | INFO | 	                      (15, 72.87613386932675),
[92mINFO [0m:      	                      (16, 96.44414933344926),
2026-07-09 03:18:12,089 | INFO | 	                      (16, 96.44414933344926),
[92mINFO [0m:      	                      (17, 109.26543479039266),
2026-07-09 03:18:12,089 | INFO | 	                      (17, 109.26543479039266),
[92mINFO [0m:      	                      (18, 109.15109156953572),
2026-07-09 03:18:12,090 | INFO | 	                      (18, 109.15109156953572),
[92mINFO [0m:      	                      (19, 109.88435912345514),
2026-07-09 03:18:12,090 | INFO | 	                      (19, 109.88435912345514),
[92mINFO [0m:      	                      (20, 93.70782824611554),
2026-07-09 03:18:12,090 | INFO | 	                      (20, 93.70782824611554),
[92mINFO [0m:      	                      (21, 176.46119955682315),
2026-07-09 03:18:12,090 | INFO | 	                      (21, 176.46119955682315),
[92mINFO [0m:      	                      (22, 101.82306593838196),
2026-07-09 03:18:12,090 | INFO | 	                      (22, 101.82306593838196),
[92mINFO [0m:      	                      (23, 129.20620056615059),
2026-07-09 03:18:12,090 | INFO | 	                      (23, 129.20620056615059),
[92mINFO [0m:      	                      (24, 124.39710357493247),
2026-07-09 03:18:12,090 | INFO | 	                      (24, 124.39710357493247),
[92mINFO [0m:      	                      (25, 147.2332235307215),
2026-07-09 03:18:12,090 | INFO | 	                      (25, 147.2332235307215),
[92mINFO [0m:      	                      (26, 163.98725765764152),
2026-07-09 03:18:12,090 | INFO | 	                      (26, 163.98725765764152),
[92mINFO [0m:      	                      (27, 169.45823330399529),
2026-07-09 03:18:12,090 | INFO | 	                      (27, 169.45823330399529),
[92mINFO [0m:      	                      (28, 88.33275718041108),
2026-07-09 03:18:12,090 | INFO | 	                      (28, 88.33275718041108),
[92mINFO [0m:      	                      (29, 184.80399571868747),
2026-07-09 03:18:12,090 | INFO | 	                      (29, 184.80399571868747),
[92mINFO [0m:      	                      (30, 115.79223760027617),
2026-07-09 03:18:12,090 | INFO | 	                      (30, 115.79223760027617),
[92mINFO [0m:      	                      (31, 194.97106344777208),
2026-07-09 03:18:12,090 | INFO | 	                      (31, 194.97106344777208),
[92mINFO [0m:      	                      (32, 190.59233264010035),
2026-07-09 03:18:12,090 | INFO | 	                      (32, 190.59233264010035),
[92mINFO [0m:      	                      (33, 155.2615489651492),
2026-07-09 03:18:12,090 | INFO | 	                      (33, 155.2615489651492),
[92mINFO [0m:      	                      (34, 163.55644890153195),
2026-07-09 03:18:12,090 | INFO | 	                      (34, 163.55644890153195),
[92mINFO [0m:      	                      (35, 192.70176681242296),
2026-07-09 03:18:12,090 | INFO | 	                      (35, 192.70176681242296),
[92mINFO [0m:      	                      (36, 207.56181276780848),
2026-07-09 03:18:12,090 | INFO | 	                      (36, 207.56181276780848),
[92mINFO [0m:      	                      (37, 239.67790148985247),
2026-07-09 03:18:12,090 | INFO | 	                      (37, 239.67790148985247),
[92mINFO [0m:      	                      (38, 191.10740309839954),
2026-07-09 03:18:12,090 | INFO | 	                      (38, 191.10740309839954),
[92mINFO [0m:      	                      (39, 233.1633141858663),
2026-07-09 03:18:12,090 | INFO | 	                      (39, 233.1633141858663),
[92mINFO [0m:      	                      (40, 282.3774989380337),
2026-07-09 03:18:12,090 | INFO | 	                      (40, 282.3774989380337),
[92mINFO [0m:      	                      (41, 271.59414176824384),
2026-07-09 03:18:12,090 | INFO | 	                      (41, 271.59414176824384),
[92mINFO [0m:      	                      (42, 152.70217869537902),
2026-07-09 03:18:12,090 | INFO | 	                      (42, 152.70217869537902),
[92mINFO [0m:      	                      (43, 250.39038748334474),
2026-07-09 03:18:12,090 | INFO | 	                      (43, 250.39038748334474),
[92mINFO [0m:      	                      (44, 254.01685066114848),
2026-07-09 03:18:12,090 | INFO | 	                      (44, 254.01685066114848),
[92mINFO [0m:      	                      (45, 98.38604755329789),
2026-07-09 03:18:12,090 | INFO | 	                      (45, 98.38604755329789),
[92mINFO [0m:      	                      (46, 166.58220836869282),
2026-07-09 03:18:12,090 | INFO | 	                      (46, 166.58220836869282),
[92mINFO [0m:      	                      (47, 304.6316621511146),
2026-07-09 03:18:12,090 | INFO | 	                      (47, 304.6316621511146),
[92mINFO [0m:      	                      (48, 336.88115706261436),
2026-07-09 03:18:12,090 | INFO | 	                      (48, 336.88115706261436),
[92mINFO [0m:      	                      (49, 337.8229726630576),
2026-07-09 03:18:12,090 | INFO | 	                      (49, 337.8229726630576),
[92mINFO [0m:      	                      (50, 271.0565291794213),
2026-07-09 03:18:12,090 | INFO | 	                      (50, 271.0565291794213),
[92mINFO [0m:      	                      (51, 280.8816587530932),
2026-07-09 03:18:12,090 | INFO | 	                      (51, 280.8816587530932),
[92mINFO [0m:      	                      (52, 300.4974704393639),
2026-07-09 03:18:12,090 | INFO | 	                      (52, 300.4974704393639),
[92mINFO [0m:      	                      (53, 350.6143865687396),
2026-07-09 03:18:12,090 | INFO | 	                      (53, 350.6143865687396),
[92mINFO [0m:      	                      (54, 319.1352188715066),
2026-07-09 03:18:12,090 | INFO | 	                      (54, 319.1352188715066),
[92mINFO [0m:      	                      (55, 297.9953281443876),
2026-07-09 03:18:12,090 | INFO | 	                      (55, 297.9953281443876),
[92mINFO [0m:      	                      (56, 295.54733465877314),
2026-07-09 03:18:12,091 | INFO | 	                      (56, 295.54733465877314),
[92mINFO [0m:      	                      (57, 315.01971071480676),
2026-07-09 03:18:12,091 | INFO | 	                      (57, 315.01971071480676),
[92mINFO [0m:      	                      (58, 320.7928069080324),
2026-07-09 03:18:12,091 | INFO | 	                      (58, 320.7928069080324),
[92mINFO [0m:      	                      (59, 358.1923502757631),
2026-07-09 03:18:12,091 | INFO | 	                      (59, 358.1923502757631),
[92mINFO [0m:      	                      (60, 336.9514475743839)],
2026-07-09 03:18:12,091 | INFO | 	                      (60, 336.9514475743839)],
[92mINFO [0m:      	 'vi_kl_loss_max': [(1, 9593.663635866493),
2026-07-09 03:18:12,091 | INFO | 	 'vi_kl_loss_max': [(1, 9593.663635866493),
[92mINFO [0m:      	                    (2, 9424.927072963772),
2026-07-09 03:18:12,091 | INFO | 	                    (2, 9424.927072963772),
[92mINFO [0m:      	                    (3, 9391.453849902215),
2026-07-09 03:18:12,091 | INFO | 	                    (3, 9391.453849902215),
[92mINFO [0m:      	                    (4, 9324.661665360434),
2026-07-09 03:18:12,091 | INFO | 	                    (4, 9324.661665360434),
[92mINFO [0m:      	                    (5, 9305.930963117478),
2026-07-09 03:18:12,091 | INFO | 	                    (5, 9305.930963117478),
[92mINFO [0m:      	                    (6, 9138.418437810102),
2026-07-09 03:18:12,091 | INFO | 	                    (6, 9138.418437810102),
[92mINFO [0m:      	                    (7, 8997.739797140202),
2026-07-09 03:18:12,091 | INFO | 	                    (7, 8997.739797140202),
[92mINFO [0m:      	                    (8, 8995.92767853575),
2026-07-09 03:18:12,091 | INFO | 	                    (8, 8995.92767853575),
[92mINFO [0m:      	                    (9, 8884.978771308171),
2026-07-09 03:18:12,091 | INFO | 	                    (9, 8884.978771308171),
[92mINFO [0m:      	                    (10, 8821.38252628283),
2026-07-09 03:18:12,091 | INFO | 	                    (10, 8821.38252628283),
[92mINFO [0m:      	                    (11, 8740.71454261669),
2026-07-09 03:18:12,091 | INFO | 	                    (11, 8740.71454261669),
[92mINFO [0m:      	                    (12, 8620.590278649976),
2026-07-09 03:18:12,091 | INFO | 	                    (12, 8620.590278649976),
[92mINFO [0m:      	                    (13, 8568.166725781111),
2026-07-09 03:18:12,091 | INFO | 	                    (13, 8568.166725781111),
[92mINFO [0m:      	                    (14, 8528.397920238363),
2026-07-09 03:18:12,091 | INFO | 	                    (14, 8528.397920238363),
[92mINFO [0m:      	                    (15, 8441.340642160487),
2026-07-09 03:18:12,091 | INFO | 	                    (15, 8441.340642160487),
[92mINFO [0m:      	                    (16, 8413.346658609415),
2026-07-09 03:18:12,091 | INFO | 	                    (16, 8413.346658609415),
[92mINFO [0m:      	                    (17, 8314.980079140249),
2026-07-09 03:18:12,091 | INFO | 	                    (17, 8314.980079140249),
[92mINFO [0m:      	                    (18, 8197.835338373898),
2026-07-09 03:18:12,091 | INFO | 	                    (18, 8197.835338373898),
[92mINFO [0m:      	                    (19, 8159.914857792666),
2026-07-09 03:18:12,091 | INFO | 	                    (19, 8159.914857792666),
[92mINFO [0m:      	                    (20, 8088.914523719404),
2026-07-09 03:18:12,091 | INFO | 	                    (20, 8088.914523719404),
[92mINFO [0m:      	                    (21, 7965.617843824312),
2026-07-09 03:18:12,091 | INFO | 	                    (21, 7965.617843824312),
[92mINFO [0m:      	                    (22, 7883.681602289195),
2026-07-09 03:18:12,091 | INFO | 	                    (22, 7883.681602289195),
[92mINFO [0m:      	                    (23, 7803.167337555305),
2026-07-09 03:18:12,091 | INFO | 	                    (23, 7803.167337555305),
[92mINFO [0m:      	                    (24, 7786.220428423312),
2026-07-09 03:18:12,091 | INFO | 	                    (24, 7786.220428423312),
[92mINFO [0m:      	                    (25, 7717.089870420333),
2026-07-09 03:18:12,091 | INFO | 	                    (25, 7717.089870420333),
[92mINFO [0m:      	                    (26, 7638.5881680728035),
2026-07-09 03:18:12,091 | INFO | 	                    (26, 7638.5881680728035),
[92mINFO [0m:      	                    (27, 7556.736104603546),
2026-07-09 03:18:12,091 | INFO | 	                    (27, 7556.736104603546),
[92mINFO [0m:      	                    (28, 7458.275938662136),
2026-07-09 03:18:12,091 | INFO | 	                    (28, 7458.275938662136),
[92mINFO [0m:      	                    (29, 7345.766968245113),
2026-07-09 03:18:12,091 | INFO | 	                    (29, 7345.766968245113),
[92mINFO [0m:      	                    (30, 7276.997129023243),
2026-07-09 03:18:12,091 | INFO | 	                    (30, 7276.997129023243),
[92mINFO [0m:      	                    (31, 7218.542425031351),
2026-07-09 03:18:12,091 | INFO | 	                    (31, 7218.542425031351),
[92mINFO [0m:      	                    (32, 7104.127200004074),
2026-07-09 03:18:12,091 | INFO | 	                    (32, 7104.127200004074),
[92mINFO [0m:      	                    (33, 7025.9330000302125),
2026-07-09 03:18:12,091 | INFO | 	                    (33, 7025.9330000302125),
[92mINFO [0m:      	                    (34, 6943.019355196343),
2026-07-09 03:18:12,091 | INFO | 	                    (34, 6943.019355196343),
[92mINFO [0m:      	                    (35, 6860.444043488225),
2026-07-09 03:18:12,092 | INFO | 	                    (35, 6860.444043488225),
[92mINFO [0m:      	                    (36, 6791.408548281714),
2026-07-09 03:18:12,092 | INFO | 	                    (36, 6791.408548281714),
[92mINFO [0m:      	                    (37, 6718.882396027378),
2026-07-09 03:18:12,092 | INFO | 	                    (37, 6718.882396027378),
[92mINFO [0m:      	                    (38, 6641.382328476137),
2026-07-09 03:18:12,092 | INFO | 	                    (38, 6641.382328476137),
[92mINFO [0m:      	                    (39, 6552.743958931692),
2026-07-09 03:18:12,092 | INFO | 	                    (39, 6552.743958931692),
[92mINFO [0m:      	                    (40, 6425.071176332251),
2026-07-09 03:18:12,092 | INFO | 	                    (40, 6425.071176332251),
[92mINFO [0m:      	                    (41, 6417.030199468183),
2026-07-09 03:18:12,092 | INFO | 	                    (41, 6417.030199468183),
[92mINFO [0m:      	                    (42, 6314.654568334276),
2026-07-09 03:18:12,092 | INFO | 	                    (42, 6314.654568334276),
[92mINFO [0m:      	                    (43, 6241.820195167721),
2026-07-09 03:18:12,092 | INFO | 	                    (43, 6241.820195167721),
[92mINFO [0m:      	                    (44, 6119.8442488095725),
2026-07-09 03:18:12,092 | INFO | 	                    (44, 6119.8442488095725),
[92mINFO [0m:      	                    (45, 6036.787844342225),
2026-07-09 03:18:12,092 | INFO | 	                    (45, 6036.787844342225),
[92mINFO [0m:      	                    (46, 5941.310768105925),
2026-07-09 03:18:12,092 | INFO | 	                    (46, 5941.310768105925),
[92mINFO [0m:      	                    (47, 5879.2668840421275),
2026-07-09 03:18:12,092 | INFO | 	                    (47, 5879.2668840421275),
[92mINFO [0m:      	                    (48, 5819.622914820095),
2026-07-09 03:18:12,092 | INFO | 	                    (48, 5819.622914820095),
[92mINFO [0m:      	                    (49, 5736.806777302314),
2026-07-09 03:18:12,092 | INFO | 	                    (49, 5736.806777302314),
[92mINFO [0m:      	                    (50, 5652.868876251601),
2026-07-09 03:18:12,092 | INFO | 	                    (50, 5652.868876251601),
[92mINFO [0m:      	                    (51, 5559.147276483341),
2026-07-09 03:18:12,092 | INFO | 	                    (51, 5559.147276483341),
[92mINFO [0m:      	                    (52, 5510.276653842686),
2026-07-09 03:18:12,092 | INFO | 	                    (52, 5510.276653842686),
[92mINFO [0m:      	                    (53, 5419.712266531379),
2026-07-09 03:18:12,092 | INFO | 	                    (53, 5419.712266531379),
[92mINFO [0m:      	                    (54, 5354.305073318529),
2026-07-09 03:18:12,092 | INFO | 	                    (54, 5354.305073318529),
[92mINFO [0m:      	                    (55, 5281.945192822189),
2026-07-09 03:18:12,092 | INFO | 	                    (55, 5281.945192822189),
[92mINFO [0m:      	                    (56, 5190.783011014786),
2026-07-09 03:18:12,092 | INFO | 	                    (56, 5190.783011014786),
[92mINFO [0m:      	                    (57, 5144.9953180910215),
2026-07-09 03:18:12,092 | INFO | 	                    (57, 5144.9953180910215),
[92mINFO [0m:      	                    (58, 5067.173920617036),
2026-07-09 03:18:12,092 | INFO | 	                    (58, 5067.173920617036),
[92mINFO [0m:      	                    (59, 5008.6804741953565),
2026-07-09 03:18:12,092 | INFO | 	                    (59, 5008.6804741953565),
[92mINFO [0m:      	                    (60, 4912.014348282856)],
2026-07-09 03:18:12,092 | INFO | 	                    (60, 4912.014348282856)],
[92mINFO [0m:      	 'vi_kl_loss_mean': [(1, 8837.419152132667),
2026-07-09 03:18:12,092 | INFO | 	 'vi_kl_loss_mean': [(1, 8837.419152132667),
[92mINFO [0m:      	                     (2, 9017.66378014177),
2026-07-09 03:18:12,092 | INFO | 	                     (2, 9017.66378014177),
[92mINFO [0m:      	                     (3, 8839.75638507894),
2026-07-09 03:18:12,092 | INFO | 	                     (3, 8839.75638507894),
[92mINFO [0m:      	                     (4, 8845.889398180705),
2026-07-09 03:18:12,092 | INFO | 	                     (4, 8845.889398180705),
[92mINFO [0m:      	                     (5, 8839.600408802613),
2026-07-09 03:18:12,092 | INFO | 	                     (5, 8839.600408802613),
[92mINFO [0m:      	                     (6, 8601.596056233666),
2026-07-09 03:18:12,092 | INFO | 	                     (6, 8601.596056233666),
[92mINFO [0m:      	                     (7, 8341.256767019238),
2026-07-09 03:18:12,092 | INFO | 	                     (7, 8341.256767019238),
[92mINFO [0m:      	                     (8, 8410.063591436754),
2026-07-09 03:18:12,092 | INFO | 	                     (8, 8410.063591436754),
[92mINFO [0m:      	                     (9, 8517.823228149053),
2026-07-09 03:18:12,092 | INFO | 	                     (9, 8517.823228149053),
[92mINFO [0m:      	                     (10, 7986.919687822147),
2026-07-09 03:18:12,092 | INFO | 	                     (10, 7986.919687822147),
[92mINFO [0m:      	                     (11, 8009.578906890339),
2026-07-09 03:18:12,092 | INFO | 	                     (11, 8009.578906890339),
[92mINFO [0m:      	                     (12, 8138.11903767154),
2026-07-09 03:18:12,092 | INFO | 	                     (12, 8138.11903767154),
[92mINFO [0m:      	                     (13, 8215.219937797401),
2026-07-09 03:18:12,093 | INFO | 	                     (13, 8215.219937797401),
[92mINFO [0m:      	                     (14, 8306.917276304603),
2026-07-09 03:18:12,093 | INFO | 	                     (14, 8306.917276304603),
[92mINFO [0m:      	                     (15, 8090.331977302314),
2026-07-09 03:18:12,093 | INFO | 	                     (15, 8090.331977302314),
[92mINFO [0m:      	                     (16, 8144.19178444519),
2026-07-09 03:18:12,093 | INFO | 	                     (16, 8144.19178444519),
[92mINFO [0m:      	                     (17, 7794.4713196939865),
2026-07-09 03:18:12,093 | INFO | 	                     (17, 7794.4713196939865),
[92mINFO [0m:      	                     (18, 7714.57165658259),
2026-07-09 03:18:12,093 | INFO | 	                     (18, 7714.57165658259),
[92mINFO [0m:      	                     (19, 7614.639034868075),
2026-07-09 03:18:12,093 | INFO | 	                     (19, 7614.639034868075),
[92mINFO [0m:      	                     (20, 7559.544403471924),
2026-07-09 03:18:12,093 | INFO | 	                     (20, 7559.544403471924),
[92mINFO [0m:      	                     (21, 7161.671877609027),
2026-07-09 03:18:12,093 | INFO | 	                     (21, 7161.671877609027),
[92mINFO [0m:      	                     (22, 7698.271405022943),
2026-07-09 03:18:12,093 | INFO | 	                     (22, 7698.271405022943),
[92mINFO [0m:      	                     (23, 7487.017029591408),
2026-07-09 03:18:12,093 | INFO | 	                     (23, 7487.017029591408),
[92mINFO [0m:      	                     (24, 7046.880174583701),
2026-07-09 03:18:12,093 | INFO | 	                     (24, 7046.880174583701),
[92mINFO [0m:      	                     (25, 7186.397462112083),
2026-07-09 03:18:12,093 | INFO | 	                     (25, 7186.397462112083),
[92mINFO [0m:      	                     (26, 7263.440935120467),
2026-07-09 03:18:12,093 | INFO | 	                     (26, 7263.440935120467),
[92mINFO [0m:      	                     (27, 6888.908355629921),
2026-07-09 03:18:12,093 | INFO | 	                     (27, 6888.908355629921),
[92mINFO [0m:      	                     (28, 7088.443317632162),
2026-07-09 03:18:12,093 | INFO | 	                     (28, 7088.443317632162),
[92mINFO [0m:      	                     (29, 6723.221097798413),
2026-07-09 03:18:12,093 | INFO | 	                     (29, 6723.221097798413),
[92mINFO [0m:      	                     (30, 6933.59497301013),
2026-07-09 03:18:12,093 | INFO | 	                     (30, 6933.59497301013),
[92mINFO [0m:      	                     (31, 6606.9602421386),
2026-07-09 03:18:12,093 | INFO | 	                     (31, 6606.9602421386),
[92mINFO [0m:      	                     (32, 6337.571054680628),
2026-07-09 03:18:12,093 | INFO | 	                     (32, 6337.571054680628),
[92mINFO [0m:      	                     (33, 6402.927923511406),
2026-07-09 03:18:12,093 | INFO | 	                     (33, 6402.927923511406),
[92mINFO [0m:      	                     (34, 5996.696554506566),
2026-07-09 03:18:12,093 | INFO | 	                     (34, 5996.696554506566),
[92mINFO [0m:      	                     (35, 6404.381203145196),
2026-07-09 03:18:12,093 | INFO | 	                     (35, 6404.381203145196),
[92mINFO [0m:      	                     (36, 6491.127671661602),
2026-07-09 03:18:12,093 | INFO | 	                     (36, 6491.127671661602),
[92mINFO [0m:      	                     (37, 5699.645577396163),
2026-07-09 03:18:12,093 | INFO | 	                     (37, 5699.645577396163),
[92mINFO [0m:      	                     (38, 6022.447703109753),
2026-07-09 03:18:12,093 | INFO | 	                     (38, 6022.447703109753),
[92mINFO [0m:      	                     (39, 5840.517187900618),
2026-07-09 03:18:12,093 | INFO | 	                     (39, 5840.517187900618),
[92mINFO [0m:      	                     (40, 5808.544527986869),
2026-07-09 03:18:12,093 | INFO | 	                     (40, 5808.544527986869),
[92mINFO [0m:      	                     (41, 5876.502795764612),
2026-07-09 03:18:12,093 | INFO | 	                     (41, 5876.502795764612),
[92mINFO [0m:      	                     (42, 5977.142281787227),
2026-07-09 03:18:12,093 | INFO | 	                     (42, 5977.142281787227),
[92mINFO [0m:      	                     (43, 5552.758088795284),
2026-07-09 03:18:12,093 | INFO | 	                     (43, 5552.758088795284),
[92mINFO [0m:      	                     (44, 5740.243696235401),
2026-07-09 03:18:12,093 | INFO | 	                     (44, 5740.243696235401),
[92mINFO [0m:      	                     (45, 5866.388113901377),
2026-07-09 03:18:12,093 | INFO | 	                     (45, 5866.388113901377),
[92mINFO [0m:      	                     (46, 5657.2267133008245),
2026-07-09 03:18:12,093 | INFO | 	                     (46, 5657.2267133008245),
[92mINFO [0m:      	                     (47, 5302.524661417478),
2026-07-09 03:18:12,093 | INFO | 	                     (47, 5302.524661417478),
[92mINFO [0m:      	                     (48, 5030.172601479691),
2026-07-09 03:18:12,093 | INFO | 	                     (48, 5030.172601479691),
[92mINFO [0m:      	                     (49, 5083.492701139577),
2026-07-09 03:18:12,093 | INFO | 	                     (49, 5083.492701139577),
[92mINFO [0m:      	                     (50, 5320.884031853476),
2026-07-09 03:18:12,093 | INFO | 	                     (50, 5320.884031853476),
[92mINFO [0m:      	                     (51, 5249.005929188154),
2026-07-09 03:18:12,093 | INFO | 	                     (51, 5249.005929188154),
[92mINFO [0m:      	                     (52, 5089.5101310378095),
2026-07-09 03:18:12,094 | INFO | 	                     (52, 5089.5101310378095),
[92mINFO [0m:      	                     (53, 4977.39972314284),
2026-07-09 03:18:12,094 | INFO | 	                     (53, 4977.39972314284),
[92mINFO [0m:      	                     (54, 4861.878319828743),
2026-07-09 03:18:12,094 | INFO | 	                     (54, 4861.878319828743),
[92mINFO [0m:      	                     (55, 4843.377715246797),
2026-07-09 03:18:12,094 | INFO | 	                     (55, 4843.377715246797),
[92mINFO [0m:      	                     (56, 4918.08832553557),
2026-07-09 03:18:12,094 | INFO | 	                     (56, 4918.08832553557),
[92mINFO [0m:      	                     (57, 4770.472856750616),
2026-07-09 03:18:12,094 | INFO | 	                     (57, 4770.472856750616),
[92mINFO [0m:      	                     (58, 4690.052843035653),
2026-07-09 03:18:12,094 | INFO | 	                     (58, 4690.052843035653),
[92mINFO [0m:      	                     (59, 4352.1057734919905),
2026-07-09 03:18:12,094 | INFO | 	                     (59, 4352.1057734919905),
[92mINFO [0m:      	                     (60, 4624.086607805721)],
2026-07-09 03:18:12,094 | INFO | 	                     (60, 4624.086607805721)],
[92mINFO [0m:      	 'vi_kl_loss_min': [(1, 7041.776765944101),
2026-07-09 03:18:12,094 | INFO | 	 'vi_kl_loss_min': [(1, 7041.776765944101),
[92mINFO [0m:      	                    (2, 6512.9852694302845),
2026-07-09 03:18:12,094 | INFO | 	                    (2, 6512.9852694302845),
[92mINFO [0m:      	                    (3, 7104.361677805519),
2026-07-09 03:18:12,094 | INFO | 	                    (3, 7104.361677805519),
[92mINFO [0m:      	                    (4, 6226.871981762746),
2026-07-09 03:18:12,094 | INFO | 	                    (4, 6226.871981762746),
[92mINFO [0m:      	                    (5, 6950.217050780266),
2026-07-09 03:18:12,094 | INFO | 	                    (5, 6950.217050780266),
[92mINFO [0m:      	                    (6, 6673.327243484062),
2026-07-09 03:18:12,094 | INFO | 	                    (6, 6673.327243484062),
[92mINFO [0m:      	                    (7, 6546.102724379169),
2026-07-09 03:18:12,094 | INFO | 	                    (7, 6546.102724379169),
[92mINFO [0m:      	                    (8, 6066.999410750826),
2026-07-09 03:18:12,094 | INFO | 	                    (8, 6066.999410750826),
[92mINFO [0m:      	                    (9, 6657.868731921647),
2026-07-09 03:18:12,094 | INFO | 	                    (9, 6657.868731921647),
[92mINFO [0m:      	                    (10, 6520.078243202788),
2026-07-09 03:18:12,094 | INFO | 	                    (10, 6520.078243202788),
[92mINFO [0m:      	                    (11, 5749.187767648915),
2026-07-09 03:18:12,094 | INFO | 	                    (11, 5749.187767648915),
[92mINFO [0m:      	                    (12, 6369.41195272901),
2026-07-09 03:18:12,094 | INFO | 	                    (12, 6369.41195272901),
[92mINFO [0m:      	                    (13, 6247.667212671768),
2026-07-09 03:18:12,094 | INFO | 	                    (13, 6247.667212671768),
[92mINFO [0m:      	                    (14, 6190.633777920902),
2026-07-09 03:18:12,094 | INFO | 	                    (14, 6190.633777920902),
[92mINFO [0m:      	                    (15, 6165.263249554484),
2026-07-09 03:18:12,094 | INFO | 	                    (15, 6165.263249554484),
[92mINFO [0m:      	                    (16, 5483.147505221202),
2026-07-09 03:18:12,094 | INFO | 	                    (16, 5483.147505221202),
[92mINFO [0m:      	                    (17, 5961.532088846476),
2026-07-09 03:18:12,094 | INFO | 	                    (17, 5961.532088846476),
[92mINFO [0m:      	                    (18, 5899.6114970287),
2026-07-09 03:18:12,094 | INFO | 	                    (18, 5899.6114970287),
[92mINFO [0m:      	                    (19, 5354.108659359917),
2026-07-09 03:18:12,094 | INFO | 	                    (19, 5354.108659359917),
[92mINFO [0m:      	                    (20, 5630.915952619703),
2026-07-09 03:18:12,094 | INFO | 	                    (20, 5630.915952619703),
[92mINFO [0m:      	                    (21, 5141.447213744122),
2026-07-09 03:18:12,094 | INFO | 	                    (21, 5141.447213744122),
[92mINFO [0m:      	                    (22, 5628.6089830898045),
2026-07-09 03:18:12,094 | INFO | 	                    (22, 5628.6089830898045),
[92mINFO [0m:      	                    (23, 5579.259884456209),
2026-07-09 03:18:12,094 | INFO | 	                    (23, 5579.259884456209),
[92mINFO [0m:      	                    (24, 4994.483054406123),
2026-07-09 03:18:12,094 | INFO | 	                    (24, 4994.483054406123),
[92mINFO [0m:      	                    (25, 5258.284061530361),
2026-07-09 03:18:12,094 | INFO | 	                    (25, 5258.284061530361),
[92mINFO [0m:      	                    (26, 5436.0434597730755),
2026-07-09 03:18:12,094 | INFO | 	                    (26, 5436.0434597730755),
[92mINFO [0m:      	                    (27, 4907.099941167595),
2026-07-09 03:18:12,094 | INFO | 	                    (27, 4907.099941167595),
[92mINFO [0m:      	                    (28, 5140.733006144557),
2026-07-09 03:18:12,094 | INFO | 	                    (28, 5140.733006144557),
[92mINFO [0m:      	                    (29, 4693.421497969275),
2026-07-09 03:18:12,094 | INFO | 	                    (29, 4693.421497969275),
[92mINFO [0m:      	                    (30, 4780.5109906842035),
2026-07-09 03:18:12,094 | INFO | 	                    (30, 4780.5109906842035),
[92mINFO [0m:      	                    (31, 4732.42858517225),
2026-07-09 03:18:12,095 | INFO | 	                    (31, 4732.42858517225),
[92mINFO [0m:      	                    (32, 4648.744137432512),
2026-07-09 03:18:12,095 | INFO | 	                    (32, 4648.744137432512),
[92mINFO [0m:      	                    (33, 4488.4872322952515),
2026-07-09 03:18:12,095 | INFO | 	                    (33, 4488.4872322952515),
[92mINFO [0m:      	                    (34, 4404.519205312175),
2026-07-09 03:18:12,095 | INFO | 	                    (34, 4404.519205312175),
[92mINFO [0m:      	                    (35, 4505.934953218089),
2026-07-09 03:18:12,095 | INFO | 	                    (35, 4505.934953218089),
[92mINFO [0m:      	                    (36, 4907.175543874526),
2026-07-09 03:18:12,095 | INFO | 	                    (36, 4907.175543874526),
[92mINFO [0m:      	                    (37, 4272.466006079534),
2026-07-09 03:18:12,095 | INFO | 	                    (37, 4272.466006079534),
[92mINFO [0m:      	                    (38, 4340.872876497351),
2026-07-09 03:18:12,095 | INFO | 	                    (38, 4340.872876497351),
[92mINFO [0m:      	                    (39, 4153.644217537859),
2026-07-09 03:18:12,095 | INFO | 	                    (39, 4153.644217537859),
[92mINFO [0m:      	                    (40, 4248.957762655528),
2026-07-09 03:18:12,095 | INFO | 	                    (40, 4248.957762655528),
[92mINFO [0m:      	                    (41, 4328.564280479869),
2026-07-09 03:18:12,095 | INFO | 	                    (41, 4328.564280479869),
[92mINFO [0m:      	                    (42, 4174.070554961088),
2026-07-09 03:18:12,095 | INFO | 	                    (42, 4174.070554961088),
[92mINFO [0m:      	                    (43, 3993.308373842896),
2026-07-09 03:18:12,095 | INFO | 	                    (43, 3993.308373842896),
[92mINFO [0m:      	                    (44, 4053.450360321588),
2026-07-09 03:18:12,095 | INFO | 	                    (44, 4053.450360321588),
[92mINFO [0m:      	                    (45, 3920.515486434768),
2026-07-09 03:18:12,095 | INFO | 	                    (45, 3920.515486434768),
[92mINFO [0m:      	                    (46, 3862.60916508601),
2026-07-09 03:18:12,095 | INFO | 	                    (46, 3862.60916508601),
[92mINFO [0m:      	                    (47, 3923.513920385697),
2026-07-09 03:18:12,095 | INFO | 	                    (47, 3923.513920385697),
[92mINFO [0m:      	                    (48, 3773.025701490095),
2026-07-09 03:18:12,095 | INFO | 	                    (48, 3773.025701490095),
[92mINFO [0m:      	                    (49, 3866.62981161088),
2026-07-09 03:18:12,095 | INFO | 	                    (49, 3866.62981161088),
[92mINFO [0m:      	                    (50, 3861.2830803601855),
2026-07-09 03:18:12,095 | INFO | 	                    (50, 3861.2830803601855),
[92mINFO [0m:      	                    (51, 3798.7227190741023),
2026-07-09 03:18:12,095 | INFO | 	                    (51, 3798.7227190741023),
[92mINFO [0m:      	                    (52, 3595.523902890994),
2026-07-09 03:18:12,095 | INFO | 	                    (52, 3595.523902890994),
[92mINFO [0m:      	                    (53, 4157.432929162711),
2026-07-09 03:18:12,095 | INFO | 	                    (53, 4157.432929162711),
[92mINFO [0m:      	                    (54, 3524.8535672904136),
2026-07-09 03:18:12,095 | INFO | 	                    (54, 3524.8535672904136),
[92mINFO [0m:      	                    (55, 3501.879659915314),
2026-07-09 03:18:12,095 | INFO | 	                    (55, 3501.879659915314),
[92mINFO [0m:      	                    (56, 3584.7045817755766),
2026-07-09 03:18:12,095 | INFO | 	                    (56, 3584.7045817755766),
[92mINFO [0m:      	                    (57, 3403.7648495072617),
2026-07-09 03:18:12,095 | INFO | 	                    (57, 3403.7648495072617),
[92mINFO [0m:      	                    (58, 3504.4467796643685),
2026-07-09 03:18:12,095 | INFO | 	                    (58, 3504.4467796643685),
[92mINFO [0m:      	                    (59, 3363.078606092056),
2026-07-09 03:18:12,095 | INFO | 	                    (59, 3363.078606092056),
[92mINFO [0m:      	                    (60, 3920.9917408299375)],
2026-07-09 03:18:12,095 | INFO | 	                    (60, 3920.9917408299375)],
[92mINFO [0m:      	 'vi_kl_loss_p10': [(1, 7356.103126864943),
2026-07-09 03:18:12,095 | INFO | 	 'vi_kl_loss_p10': [(1, 7356.103126864943),
[92mINFO [0m:      	                    (2, 8067.445558616229),
2026-07-09 03:18:12,095 | INFO | 	                    (2, 8067.445558616229),
[92mINFO [0m:      	                    (3, 7178.03914586421),
2026-07-09 03:18:12,095 | INFO | 	                    (3, 7178.03914586421),
[92mINFO [0m:      	                    (4, 7843.285132663599),
2026-07-09 03:18:12,095 | INFO | 	                    (4, 7843.285132663599),
[92mINFO [0m:      	                    (5, 7830.561601517284),
2026-07-09 03:18:12,095 | INFO | 	                    (5, 7830.561601517284),
[92mINFO [0m:      	                    (6, 6888.204114763475),
2026-07-09 03:18:12,095 | INFO | 	                    (6, 6888.204114763475),
[92mINFO [0m:      	                    (7, 6700.566974621631),
2026-07-09 03:18:12,095 | INFO | 	                    (7, 6700.566974621631),
[92mINFO [0m:      	                    (8, 6691.533629135449),
2026-07-09 03:18:12,095 | INFO | 	                    (8, 6691.533629135449),
[92mINFO [0m:      	                    (9, 7487.623784127871),
2026-07-09 03:18:12,096 | INFO | 	                    (9, 7487.623784127871),
[92mINFO [0m:      	                    (10, 6528.457813625603),
2026-07-09 03:18:12,096 | INFO | 	                    (10, 6528.457813625603),
[92mINFO [0m:      	                    (11, 6313.55234721239),
2026-07-09 03:18:12,096 | INFO | 	                    (11, 6313.55234721239),
[92mINFO [0m:      	                    (12, 6406.995746352677),
2026-07-09 03:18:12,096 | INFO | 	                    (12, 6406.995746352677),
[92mINFO [0m:      	                    (13, 7138.581379075574),
2026-07-09 03:18:12,096 | INFO | 	                    (13, 7138.581379075574),
[92mINFO [0m:      	                    (14, 8392.618244015635),
2026-07-09 03:18:12,096 | INFO | 	                    (14, 8392.618244015635),
[92mINFO [0m:      	                    (15, 7029.4474194319355),
2026-07-09 03:18:12,096 | INFO | 	                    (15, 7029.4474194319355),
[92mINFO [0m:      	                    (16, 8256.604550907226),
2026-07-09 03:18:12,096 | INFO | 	                    (16, 8256.604550907226),
[92mINFO [0m:      	                    (17, 6035.022513347848),
2026-07-09 03:18:12,096 | INFO | 	                    (17, 6035.022513347848),
[92mINFO [0m:      	                    (18, 5971.0241007027125),
2026-07-09 03:18:12,096 | INFO | 	                    (18, 5971.0241007027125),
[92mINFO [0m:      	                    (19, 5871.318284141142),
2026-07-09 03:18:12,096 | INFO | 	                    (19, 5871.318284141142),
[92mINFO [0m:      	                    (20, 5729.184655969088),
2026-07-09 03:18:12,096 | INFO | 	                    (20, 5729.184655969088),
[92mINFO [0m:      	                    (21, 5733.390490534955),
2026-07-09 03:18:12,096 | INFO | 	                    (21, 5733.390490534955),
[92mINFO [0m:      	                    (22, 7792.206630208229),
2026-07-09 03:18:12,096 | INFO | 	                    (22, 7792.206630208229),
[92mINFO [0m:      	                    (23, 6492.90350326085),
2026-07-09 03:18:12,096 | INFO | 	                    (23, 6492.90350326085),
[92mINFO [0m:      	                    (24, 5185.8363252375175),
2026-07-09 03:18:12,096 | INFO | 	                    (24, 5185.8363252375175),
[92mINFO [0m:      	                    (25, 5489.542225313421),
2026-07-09 03:18:12,096 | INFO | 	                    (25, 5489.542225313421),
[92mINFO [0m:      	                    (26, 6256.502243623079),
2026-07-09 03:18:12,096 | INFO | 	                    (26, 6256.502243623079),
[92mINFO [0m:      	                    (27, 5362.985493871944),
2026-07-09 03:18:12,096 | INFO | 	                    (27, 5362.985493871944),
[92mINFO [0m:      	                    (28, 6036.62132981163),
2026-07-09 03:18:12,096 | INFO | 	                    (28, 6036.62132981163),
[92mINFO [0m:      	                    (29, 5223.364271644124),
2026-07-09 03:18:12,096 | INFO | 	                    (29, 5223.364271644124),
[92mINFO [0m:      	                    (30, 5977.544794615674),
2026-07-09 03:18:12,096 | INFO | 	                    (30, 5977.544794615674),
[92mINFO [0m:      	                    (31, 5117.313270395684),
2026-07-09 03:18:12,096 | INFO | 	                    (31, 5117.313270395684),
[92mINFO [0m:      	                    (32, 4776.839297872743),
2026-07-09 03:18:12,096 | INFO | 	                    (32, 4776.839297872743),
[92mINFO [0m:      	                    (33, 4778.171684960657),
2026-07-09 03:18:12,096 | INFO | 	                    (33, 4778.171684960657),
[92mINFO [0m:      	                    (34, 4475.319691852577),
2026-07-09 03:18:12,096 | INFO | 	                    (34, 4475.319691852577),
[92mINFO [0m:      	                    (35, 4920.606983807572),
2026-07-09 03:18:12,096 | INFO | 	                    (35, 4920.606983807572),
[92mINFO [0m:      	                    (36, 5633.4363655447805),
2026-07-09 03:18:12,096 | INFO | 	                    (36, 5633.4363655447805),
[92mINFO [0m:      	                    (37, 4469.1525856199),
2026-07-09 03:18:12,096 | INFO | 	                    (37, 4469.1525856199),
[92mINFO [0m:      	                    (38, 4400.19589655349),
2026-07-09 03:18:12,096 | INFO | 	                    (38, 4400.19589655349),
[92mINFO [0m:      	                    (39, 4445.427659141185),
2026-07-09 03:18:12,096 | INFO | 	                    (39, 4445.427659141185),
[92mINFO [0m:      	                    (40, 4688.212130898171),
2026-07-09 03:18:12,096 | INFO | 	                    (40, 4688.212130898171),
[92mINFO [0m:      	                    (41, 4647.350790866612),
2026-07-09 03:18:12,096 | INFO | 	                    (41, 4647.350790866612),
[92mINFO [0m:      	                    (42, 5043.136782270862),
2026-07-09 03:18:12,096 | INFO | 	                    (42, 5043.136782270862),
[92mINFO [0m:      	                    (43, 4092.125427949863),
2026-07-09 03:18:12,096 | INFO | 	                    (43, 4092.125427949863),
[92mINFO [0m:      	                    (44, 4522.139023079431),
2026-07-09 03:18:12,096 | INFO | 	                    (44, 4522.139023079431),
[92mINFO [0m:      	                    (45, 5978.517354938405),
2026-07-09 03:18:12,096 | INFO | 	                    (45, 5978.517354938405),
[92mINFO [0m:      	                    (46, 4784.608074577936),
2026-07-09 03:18:12,096 | INFO | 	                    (46, 4784.608074577936),
[92mINFO [0m:      	                    (47, 4170.664909644193),
2026-07-09 03:18:12,096 | INFO | 	                    (47, 4170.664909644193),
[92mINFO [0m:      	                    (48, 3956.5145846768064),
2026-07-09 03:18:12,097 | INFO | 	                    (48, 3956.5145846768064),
[92mINFO [0m:      	                    (49, 4058.4078802085583),
2026-07-09 03:18:12,097 | INFO | 	                    (49, 4058.4078802085583),
[92mINFO [0m:      	                    (50, 4302.966442707176),
2026-07-09 03:18:12,097 | INFO | 	                    (50, 4302.966442707176),
[92mINFO [0m:      	                    (51, 4228.149005054689),
2026-07-09 03:18:12,097 | INFO | 	                    (51, 4228.149005054689),
[92mINFO [0m:      	                    (52, 4173.551165162133),
2026-07-09 03:18:12,097 | INFO | 	                    (52, 4173.551165162133),
[92mINFO [0m:      	                    (53, 4172.473121961402),
2026-07-09 03:18:12,097 | INFO | 	                    (53, 4172.473121961402),
[92mINFO [0m:      	                    (54, 3874.31542472519),
2026-07-09 03:18:12,097 | INFO | 	                    (54, 3874.31542472519),
[92mINFO [0m:      	                    (55, 3620.696709829706),
2026-07-09 03:18:12,097 | INFO | 	                    (55, 3620.696709829706),
[92mINFO [0m:      	                    (56, 4067.1330385233864),
2026-07-09 03:18:12,097 | INFO | 	                    (56, 4067.1330385233864),
[92mINFO [0m:      	                    (57, 4014.590566153708),
2026-07-09 03:18:12,097 | INFO | 	                    (57, 4014.590566153708),
[92mINFO [0m:      	                    (58, 3702.4184990500958),
2026-07-09 03:18:12,097 | INFO | 	                    (58, 3702.4184990500958),
[92mINFO [0m:      	                    (59, 3405.2252230717786),
2026-07-09 03:18:12,097 | INFO | 	                    (59, 3405.2252230717786),
[92mINFO [0m:      	                    (60, 3938.3645419218487)],
2026-07-09 03:18:12,097 | INFO | 	                    (60, 3938.3645419218487)],
[92mINFO [0m:      	 'vi_kl_loss_p50': [(1, 9361.28315361943),
2026-07-09 03:18:12,097 | INFO | 	 'vi_kl_loss_p50': [(1, 9361.28315361943),
[92mINFO [0m:      	                    (2, 9330.277193716896),
2026-07-09 03:18:12,097 | INFO | 	                    (2, 9330.277193716896),
[92mINFO [0m:      	                    (3, 9224.455278073656),
2026-07-09 03:18:12,097 | INFO | 	                    (3, 9224.455278073656),
[92mINFO [0m:      	                    (4, 9153.904858201771),
2026-07-09 03:18:12,097 | INFO | 	                    (4, 9153.904858201771),
[92mINFO [0m:      	                    (5, 9081.614803447628),
2026-07-09 03:18:12,097 | INFO | 	                    (5, 9081.614803447628),
[92mINFO [0m:      	                    (6, 9003.827203761724),
2026-07-09 03:18:12,097 | INFO | 	                    (6, 9003.827203761724),
[92mINFO [0m:      	                    (7, 8913.560020133631),
2026-07-09 03:18:12,097 | INFO | 	                    (7, 8913.560020133631),
[92mINFO [0m:      	                    (8, 8853.807215105791),
2026-07-09 03:18:12,097 | INFO | 	                    (8, 8853.807215105791),
[92mINFO [0m:      	                    (9, 8782.123470332226),
2026-07-09 03:18:12,097 | INFO | 	                    (9, 8782.123470332226),
[92mINFO [0m:      	                    (10, 8687.197194245759),
2026-07-09 03:18:12,097 | INFO | 	                    (10, 8687.197194245759),
[92mINFO [0m:      	                    (11, 8646.368273575836),
2026-07-09 03:18:12,097 | INFO | 	                    (11, 8646.368273575836),
[92mINFO [0m:      	                    (12, 8568.983736296643),
2026-07-09 03:18:12,097 | INFO | 	                    (12, 8568.983736296643),
[92mINFO [0m:      	                    (13, 8511.55423043298),
2026-07-09 03:18:12,097 | INFO | 	                    (13, 8511.55423043298),
[92mINFO [0m:      	                    (14, 8437.070979269845),
2026-07-09 03:18:12,097 | INFO | 	                    (14, 8437.070979269845),
[92mINFO [0m:      	                    (15, 8386.861816608614),
2026-07-09 03:18:12,097 | INFO | 	                    (15, 8386.861816608614),
[92mINFO [0m:      	                    (16, 8341.687719177724),
2026-07-09 03:18:12,097 | INFO | 	                    (16, 8341.687719177724),
[92mINFO [0m:      	                    (17, 8216.02842181564),
2026-07-09 03:18:12,097 | INFO | 	                    (17, 8216.02842181564),
[92mINFO [0m:      	                    (18, 8145.995878778323),
2026-07-09 03:18:12,097 | INFO | 	                    (18, 8145.995878778323),
[92mINFO [0m:      	                    (19, 8074.4542394648915),
2026-07-09 03:18:12,097 | INFO | 	                    (19, 8074.4542394648915),
[92mINFO [0m:      	                    (20, 8013.808256416848),
2026-07-09 03:18:12,097 | INFO | 	                    (20, 8013.808256416848),
[92mINFO [0m:      	                    (21, 7915.758353094486),
2026-07-09 03:18:12,097 | INFO | 	                    (21, 7915.758353094486),
[92mINFO [0m:      	                    (22, 7843.634553366606),
2026-07-09 03:18:12,097 | INFO | 	                    (22, 7843.634553366606),
[92mINFO [0m:      	                    (23, 7772.9897296547815),
2026-07-09 03:18:12,097 | INFO | 	                    (23, 7772.9897296547815),
[92mINFO [0m:      	                    (24, 7665.141894138397),
2026-07-09 03:18:12,097 | INFO | 	                    (24, 7665.141894138397),
[92mINFO [0m:      	                    (25, 7615.600692987383),
2026-07-09 03:18:12,097 | INFO | 	                    (25, 7615.600692987383),
[92mINFO [0m:      	                    (26, 7536.443678824298),
2026-07-09 03:18:12,097 | INFO | 	                    (26, 7536.443678824298),
[92mINFO [0m:      	                    (27, 7466.015999063879),
2026-07-09 03:18:12,098 | INFO | 	                    (27, 7466.015999063879),
[92mINFO [0m:      	                    (28, 7366.559929950895),
2026-07-09 03:18:12,098 | INFO | 	                    (28, 7366.559929950895),
[92mINFO [0m:      	                    (29, 7306.687418877143),
2026-07-09 03:18:12,098 | INFO | 	                    (29, 7306.687418877143),
[92mINFO [0m:      	                    (30, 7235.178720742932),
2026-07-09 03:18:12,098 | INFO | 	                    (30, 7235.178720742932),
[92mINFO [0m:      	                    (31, 7153.070416744257),
2026-07-09 03:18:12,098 | INFO | 	                    (31, 7153.070416744257),
[92mINFO [0m:      	                    (32, 7050.790209793012),
2026-07-09 03:18:12,098 | INFO | 	                    (32, 7050.790209793012),
[92mINFO [0m:      	                    (33, 6972.452996463567),
2026-07-09 03:18:12,098 | INFO | 	                    (33, 6972.452996463567),
[92mINFO [0m:      	                    (34, 6869.1148352439795),
2026-07-09 03:18:12,098 | INFO | 	                    (34, 6869.1148352439795),
[92mINFO [0m:      	                    (35, 6801.283683358693),
2026-07-09 03:18:12,098 | INFO | 	                    (35, 6801.283683358693),
[92mINFO [0m:      	                    (36, 6729.8285492813275),
2026-07-09 03:18:12,098 | INFO | 	                    (36, 6729.8285492813275),
[92mINFO [0m:      	                    (37, 6613.958513885019),
2026-07-09 03:18:12,098 | INFO | 	                    (37, 6613.958513885019),
[92mINFO [0m:      	                    (38, 6546.172889295536),
2026-07-09 03:18:12,098 | INFO | 	                    (38, 6546.172889295536),
[92mINFO [0m:      	                    (39, 6488.911642491114),
2026-07-09 03:18:12,098 | INFO | 	                    (39, 6488.911642491114),
[92mINFO [0m:      	                    (40, 6388.063517856243),
2026-07-09 03:18:12,098 | INFO | 	                    (40, 6388.063517856243),
[92mINFO [0m:      	                    (41, 6328.532113408828),
2026-07-09 03:18:12,098 | INFO | 	                    (41, 6328.532113408828),
[92mINFO [0m:      	                    (42, 6238.844002178082),
2026-07-09 03:18:12,098 | INFO | 	                    (42, 6238.844002178082),
[92mINFO [0m:      	                    (43, 6178.179777892599),
2026-07-09 03:18:12,098 | INFO | 	                    (43, 6178.179777892599),
[92mINFO [0m:      	                    (44, 6073.364907339725),
2026-07-09 03:18:12,098 | INFO | 	                    (44, 6073.364907339725),
[92mINFO [0m:      	                    (45, 6004.718465483702),
2026-07-09 03:18:12,098 | INFO | 	                    (45, 6004.718465483702),
[92mINFO [0m:      	                    (46, 5919.881952761495),
2026-07-09 03:18:12,098 | INFO | 	                    (46, 5919.881952761495),
[92mINFO [0m:      	                    (47, 5833.587297913816),
2026-07-09 03:18:12,098 | INFO | 	                    (47, 5833.587297913816),
[92mINFO [0m:      	                    (48, 5758.045868933448),
2026-07-09 03:18:12,098 | INFO | 	                    (48, 5758.045868933448),
[92mINFO [0m:      	                    (49, 5663.0256902568135),
2026-07-09 03:18:12,098 | INFO | 	                    (49, 5663.0256902568135),
[92mINFO [0m:      	                    (50, 5588.4486049436),
2026-07-09 03:18:12,098 | INFO | 	                    (50, 5588.4486049436),
[92mINFO [0m:      	                    (51, 5536.454412817757),
2026-07-09 03:18:12,098 | INFO | 	                    (51, 5536.454412817757),
[92mINFO [0m:      	                    (52, 5460.644766992949),
2026-07-09 03:18:12,098 | INFO | 	                    (52, 5460.644766992949),
[92mINFO [0m:      	                    (53, 5364.862617350833),
2026-07-09 03:18:12,098 | INFO | 	                    (53, 5364.862617350833),
[92mINFO [0m:      	                    (54, 5320.84197199342),
2026-07-09 03:18:12,098 | INFO | 	                    (54, 5320.84197199342),
[92mINFO [0m:      	                    (55, 5241.018994998012),
2026-07-09 03:18:12,098 | INFO | 	                    (55, 5241.018994998012),
[92mINFO [0m:      	                    (56, 5166.658631392654),
2026-07-09 03:18:12,098 | INFO | 	                    (56, 5166.658631392654),
[92mINFO [0m:      	                    (57, 5086.861101503189),
2026-07-09 03:18:12,098 | INFO | 	                    (57, 5086.861101503189),
[92mINFO [0m:      	                    (58, 5002.45514756865),
2026-07-09 03:18:12,098 | INFO | 	                    (58, 5002.45514756865),
[92mINFO [0m:      	                    (59, 4940.6371777236845),
2026-07-09 03:18:12,098 | INFO | 	                    (59, 4940.6371777236845),
[92mINFO [0m:      	                    (60, 4866.562032812614)],
2026-07-09 03:18:12,098 | INFO | 	                    (60, 4866.562032812614)],
[92mINFO [0m:      	 'vi_kl_loss_p90': [(1, 9530.735362388235),
2026-07-09 03:18:12,098 | INFO | 	 'vi_kl_loss_p90': [(1, 9530.735362388235),
[92mINFO [0m:      	                    (2, 9408.025040537677),
2026-07-09 03:18:12,098 | INFO | 	                    (2, 9408.025040537677),
[92mINFO [0m:      	                    (3, 9352.12964887924),
2026-07-09 03:18:12,098 | INFO | 	                    (3, 9352.12964887924),
[92mINFO [0m:      	                    (4, 9281.412006174094),
2026-07-09 03:18:12,098 | INFO | 	                    (4, 9281.412006174094),
[92mINFO [0m:      	                    (5, 9214.119668381616),
2026-07-09 03:18:12,098 | INFO | 	                    (5, 9214.119668381616),
[92mINFO [0m:      	                    (6, 9126.291174547669),
2026-07-09 03:18:12,099 | INFO | 	                    (6, 9126.291174547669),
[92mINFO [0m:      	                    (7, 8989.8740871641),
2026-07-09 03:18:12,099 | INFO | 	                    (7, 8989.8740871641),
[92mINFO [0m:      	                    (8, 8953.631625353193),
2026-07-09 03:18:12,099 | INFO | 	                    (8, 8953.631625353193),
[92mINFO [0m:      	                    (9, 8875.693111267987),
2026-07-09 03:18:12,099 | INFO | 	                    (9, 8875.693111267987),
[92mINFO [0m:      	                    (10, 8717.837470461347),
2026-07-09 03:18:12,099 | INFO | 	                    (10, 8717.837470461347),
[92mINFO [0m:      	                    (11, 8695.516041076035),
2026-07-09 03:18:12,099 | INFO | 	                    (11, 8695.516041076035),
[92mINFO [0m:      	                    (12, 8616.684118062361),
2026-07-09 03:18:12,099 | INFO | 	                    (12, 8616.684118062361),
[92mINFO [0m:      	                    (13, 8563.096453991546),
2026-07-09 03:18:12,099 | INFO | 	                    (13, 8563.096453991546),
[92mINFO [0m:      	                    (14, 8516.977642067084),
2026-07-09 03:18:12,099 | INFO | 	                    (14, 8516.977642067084),
[92mINFO [0m:      	                    (15, 8424.170022757686),
2026-07-09 03:18:12,099 | INFO | 	                    (15, 8424.170022757686),
[92mINFO [0m:      	                    (16, 8377.582321167536),
2026-07-09 03:18:12,099 | INFO | 	                    (16, 8377.582321167536),
[92mINFO [0m:      	                    (17, 8286.152043939386),
2026-07-09 03:18:12,099 | INFO | 	                    (17, 8286.152043939386),
[92mINFO [0m:      	                    (18, 8188.044479665913),
2026-07-09 03:18:12,099 | INFO | 	                    (18, 8188.044479665913),
[92mINFO [0m:      	                    (19, 8146.39020550167),
2026-07-09 03:18:12,099 | INFO | 	                    (19, 8146.39020550167),
[92mINFO [0m:      	                    (20, 8048.376316320032),
2026-07-09 03:18:12,099 | INFO | 	                    (20, 8048.376316320032),
[92mINFO [0m:      	                    (21, 7955.761344990256),
2026-07-09 03:18:12,099 | INFO | 	                    (21, 7955.761344990256),
[92mINFO [0m:      	                    (22, 7878.835017435052),
2026-07-09 03:18:12,099 | INFO | 	                    (22, 7878.835017435052),
[92mINFO [0m:      	                    (23, 7799.76631069761),
2026-07-09 03:18:12,099 | INFO | 	                    (23, 7799.76631069761),
[92mINFO [0m:      	                    (24, 7763.972753913738),
2026-07-09 03:18:12,099 | INFO | 	                    (24, 7763.972753913738),
[92mINFO [0m:      	                    (25, 7664.199881955489),
2026-07-09 03:18:12,099 | INFO | 	                    (25, 7664.199881955489),
[92mINFO [0m:      	                    (26, 7569.26403470028),
2026-07-09 03:18:12,099 | INFO | 	                    (26, 7569.26403470028),
[92mINFO [0m:      	                    (27, 7514.139974955988),
2026-07-09 03:18:12,099 | INFO | 	                    (27, 7514.139974955988),
[92mINFO [0m:      	                    (28, 7428.056990372591),
2026-07-09 03:18:12,099 | INFO | 	                    (28, 7428.056990372591),
[92mINFO [0m:      	                    (29, 7342.881829749211),
2026-07-09 03:18:12,099 | INFO | 	                    (29, 7342.881829749211),
[92mINFO [0m:      	                    (30, 7269.6683364122955),
2026-07-09 03:18:12,099 | INFO | 	                    (30, 7269.6683364122955),
[92mINFO [0m:      	                    (31, 7205.258623108664),
2026-07-09 03:18:12,099 | INFO | 	                    (31, 7205.258623108664),
[92mINFO [0m:      	                    (32, 7097.357159925422),
2026-07-09 03:18:12,099 | INFO | 	                    (32, 7097.357159925422),
[92mINFO [0m:      	                    (33, 7011.25680762977),
2026-07-09 03:18:12,099 | INFO | 	                    (33, 7011.25680762977),
[92mINFO [0m:      	                    (34, 6919.828896078846),
2026-07-09 03:18:12,099 | INFO | 	                    (34, 6919.828896078846),
[92mINFO [0m:      	                    (35, 6841.910021626008),
2026-07-09 03:18:12,099 | INFO | 	                    (35, 6841.910021626008),
[92mINFO [0m:      	                    (36, 6762.452518330288),
2026-07-09 03:18:12,099 | INFO | 	                    (36, 6762.452518330288),
[92mINFO [0m:      	                    (37, 6691.12954330548),
2026-07-09 03:18:12,099 | INFO | 	                    (37, 6691.12954330548),
[92mINFO [0m:      	                    (38, 6609.735413856423),
2026-07-09 03:18:12,099 | INFO | 	                    (38, 6609.735413856423),
[92mINFO [0m:      	                    (39, 6529.188499408418),
2026-07-09 03:18:12,099 | INFO | 	                    (39, 6529.188499408418),
[92mINFO [0m:      	                    (40, 6423.18521177588),
2026-07-09 03:18:12,099 | INFO | 	                    (40, 6423.18521177588),
[92mINFO [0m:      	                    (41, 6382.2940385290885),
2026-07-09 03:18:12,099 | INFO | 	                    (41, 6382.2940385290885),
[92mINFO [0m:      	                    (42, 6283.508033596285),
2026-07-09 03:18:12,099 | INFO | 	                    (42, 6283.508033596285),
[92mINFO [0m:      	                    (43, 6223.9636627168165),
2026-07-09 03:18:12,099 | INFO | 	                    (43, 6223.9636627168165),
[92mINFO [0m:      	                    (44, 6114.303720682228),
2026-07-09 03:18:12,099 | INFO | 	                    (44, 6114.303720682228),
[92mINFO [0m:      	                    (45, 6015.846180962386),
2026-07-09 03:18:12,100 | INFO | 	                    (45, 6015.846180962386),
[92mINFO [0m:      	                    (46, 5936.014250456959),
2026-07-09 03:18:12,100 | INFO | 	                    (46, 5936.014250456959),
[92mINFO [0m:      	                    (47, 5855.473330944546),
2026-07-09 03:18:12,100 | INFO | 	                    (47, 5855.473330944546),
[92mINFO [0m:      	                    (48, 5799.763777456405),
2026-07-09 03:18:12,100 | INFO | 	                    (48, 5799.763777456405),
[92mINFO [0m:      	                    (49, 5714.299260100404),
2026-07-09 03:18:12,100 | INFO | 	                    (49, 5714.299260100404),
[92mINFO [0m:      	                    (50, 5637.574976354126),
2026-07-09 03:18:12,100 | INFO | 	                    (50, 5637.574976354126),
[92mINFO [0m:      	                    (51, 5556.334633085717),
2026-07-09 03:18:12,100 | INFO | 	                    (51, 5556.334633085717),
[92mINFO [0m:      	                    (52, 5494.06355518716),
2026-07-09 03:18:12,100 | INFO | 	                    (52, 5494.06355518716),
[92mINFO [0m:      	                    (53, 5393.911936653834),
2026-07-09 03:18:12,100 | INFO | 	                    (53, 5393.911936653834),
[92mINFO [0m:      	                    (54, 5343.3197884940155),
2026-07-09 03:18:12,100 | INFO | 	                    (54, 5343.3197884940155),
[92mINFO [0m:      	                    (55, 5277.140277918126),
2026-07-09 03:18:12,100 | INFO | 	                    (55, 5277.140277918126),
[92mINFO [0m:      	                    (56, 5186.161231022648),
2026-07-09 03:18:12,100 | INFO | 	                    (56, 5186.161231022648),
[92mINFO [0m:      	                    (57, 5110.981457343645),
2026-07-09 03:18:12,100 | INFO | 	                    (57, 5110.981457343645),
[92mINFO [0m:      	                    (58, 5058.5543702029745),
2026-07-09 03:18:12,100 | INFO | 	                    (58, 5058.5543702029745),
[92mINFO [0m:      	                    (59, 4983.7486188299745),
2026-07-09 03:18:12,100 | INFO | 	                    (59, 4983.7486188299745),
[92mINFO [0m:      	                    (60, 4884.257757291812)],
2026-07-09 03:18:12,100 | INFO | 	                    (60, 4884.257757291812)],
[92mINFO [0m:      	 'vi_kl_loss_std': [(1, 940.0140152821162),
2026-07-09 03:18:12,100 | INFO | 	 'vi_kl_loss_std': [(1, 940.0140152821162),
[92mINFO [0m:      	                    (2, 844.7030478276331),
2026-07-09 03:18:12,100 | INFO | 	                    (2, 844.7030478276331),
[92mINFO [0m:      	                    (3, 843.1042138658923),
2026-07-09 03:18:12,100 | INFO | 	                    (3, 843.1042138658923),
[92mINFO [0m:      	                    (4, 888.330271457722),
2026-07-09 03:18:12,100 | INFO | 	                    (4, 888.330271457722),
[92mINFO [0m:      	                    (5, 732.5354582578747),
2026-07-09 03:18:12,100 | INFO | 	                    (5, 732.5354582578747),
[92mINFO [0m:      	                    (6, 894.6873935482645),
2026-07-09 03:18:12,100 | INFO | 	                    (6, 894.6873935482645),
[92mINFO [0m:      	                    (7, 985.5299264286766),
2026-07-09 03:18:12,100 | INFO | 	                    (7, 985.5299264286766),
[92mINFO [0m:      	                    (8, 971.9649042227164),
2026-07-09 03:18:12,100 | INFO | 	                    (8, 971.9649042227164),
[92mINFO [0m:      	                    (9, 730.5498696438874),
2026-07-09 03:18:12,100 | INFO | 	                    (9, 730.5498696438874),
[92mINFO [0m:      	                    (10, 1028.1537259094482),
2026-07-09 03:18:12,100 | INFO | 	                    (10, 1028.1537259094482),
[92mINFO [0m:      	                    (11, 1094.9029701411241),
2026-07-09 03:18:12,100 | INFO | 	                    (11, 1094.9029701411241),
[92mINFO [0m:      	                    (12, 872.0742804949017),
2026-07-09 03:18:12,100 | INFO | 	                    (12, 872.0742804949017),
[92mINFO [0m:      	                    (13, 768.1561790007994),
2026-07-09 03:18:12,100 | INFO | 	                    (13, 768.1561790007994),
[92mINFO [0m:      	                    (14, 567.4021639993362),
2026-07-09 03:18:12,100 | INFO | 	                    (14, 567.4021639993362),
[92mINFO [0m:      	                    (15, 753.4639992998991),
2026-07-09 03:18:12,100 | INFO | 	                    (15, 753.4639992998991),
[92mINFO [0m:      	                    (16, 712.4738497542662),
2026-07-09 03:18:12,100 | INFO | 	                    (16, 712.4738497542662),
[92mINFO [0m:      	                    (17, 892.8965586476606),
2026-07-09 03:18:12,100 | INFO | 	                    (17, 892.8965586476606),
[92mINFO [0m:      	                    (18, 883.5960834517036),
2026-07-09 03:18:12,100 | INFO | 	                    (18, 883.5960834517036),
[92mINFO [0m:      	                    (19, 962.8038848171699),
2026-07-09 03:18:12,100 | INFO | 	                    (19, 962.8038848171699),
[92mINFO [0m:      	                    (20, 927.9604391993297),
2026-07-09 03:18:12,100 | INFO | 	                    (20, 927.9604391993297),
[92mINFO [0m:      	                    (21, 1095.3645287415818),
2026-07-09 03:18:12,100 | INFO | 	                    (21, 1095.3645287415818),
[92mINFO [0m:      	                    (22, 553.8783515154197),
2026-07-09 03:18:12,100 | INFO | 	                    (22, 553.8783515154197),
[92mINFO [0m:      	                    (23, 732.7089874671755),
2026-07-09 03:18:12,100 | INFO | 	                    (23, 732.7089874671755),
[92mINFO [0m:      	                    (24, 1090.175333163603),
2026-07-09 03:18:12,101 | INFO | 	                    (24, 1090.175333163603),
[92mINFO [0m:      	                    (25, 887.0414299317854),
2026-07-09 03:18:12,101 | INFO | 	                    (25, 887.0414299317854),
[92mINFO [0m:      	                    (26, 716.5322170171718),
2026-07-09 03:18:12,101 | INFO | 	                    (26, 716.5322170171718),
[92mINFO [0m:      	                    (27, 992.219633449851),
2026-07-09 03:18:12,101 | INFO | 	                    (27, 992.219633449851),
[92mINFO [0m:      	                    (28, 760.4806375303889),
2026-07-09 03:18:12,101 | INFO | 	                    (28, 760.4806375303889),
[92mINFO [0m:      	                    (29, 990.2994054760708),
2026-07-09 03:18:12,101 | INFO | 	                    (29, 990.2994054760708),
[92mINFO [0m:      	                    (30, 768.8425242395152),
2026-07-09 03:18:12,101 | INFO | 	                    (30, 768.8425242395152),
[92mINFO [0m:      	                    (31, 942.684905097804),
2026-07-09 03:18:12,101 | INFO | 	                    (31, 942.684905097804),
[92mINFO [0m:      	                    (32, 1038.3231820541523),
2026-07-09 03:18:12,101 | INFO | 	                    (32, 1038.3231820541523),
[92mINFO [0m:      	                    (33, 974.9253539869278),
2026-07-09 03:18:12,101 | INFO | 	                    (33, 974.9253539869278),
[92mINFO [0m:      	                    (34, 1111.1525756010578),
2026-07-09 03:18:12,101 | INFO | 	                    (34, 1111.1525756010578),
[92mINFO [0m:      	                    (35, 814.6825590992056),
2026-07-09 03:18:12,101 | INFO | 	                    (35, 814.6825590992056),
[92mINFO [0m:      	                    (36, 617.3309929382999),
2026-07-09 03:18:12,101 | INFO | 	                    (36, 617.3309929382999),
[92mINFO [0m:      	                    (37, 1035.1720163127454),
2026-07-09 03:18:12,101 | INFO | 	                    (37, 1035.1720163127454),
[92mINFO [0m:      	                    (38, 925.9405207440908),
2026-07-09 03:18:12,101 | INFO | 	                    (38, 925.9405207440908),
[92mINFO [0m:      	                    (39, 949.8596279902098),
2026-07-09 03:18:12,101 | INFO | 	                    (39, 949.8596279902098),
[92mINFO [0m:      	                    (40, 850.140521962548),
2026-07-09 03:18:12,101 | INFO | 	                    (40, 850.140521962548),
[92mINFO [0m:      	                    (41, 788.9221099159356),
2026-07-09 03:18:12,101 | INFO | 	                    (41, 788.9221099159356),
[92mINFO [0m:      	                    (42, 687.3711058489514),
2026-07-09 03:18:12,101 | INFO | 	                    (42, 687.3711058489514),
[92mINFO [0m:      	                    (43, 923.2455891193327),
2026-07-09 03:18:12,101 | INFO | 	                    (43, 923.2455891193327),
[92mINFO [0m:      	                    (44, 694.0039056606554),
2026-07-09 03:18:12,101 | INFO | 	                    (44, 694.0039056606554),
[92mINFO [0m:      	                    (45, 520.2388248435758),
2026-07-09 03:18:12,101 | INFO | 	                    (45, 520.2388248435758),
[92mINFO [0m:      	                    (46, 667.9254241574778),
2026-07-09 03:18:12,101 | INFO | 	                    (46, 667.9254241574778),
[92mINFO [0m:      	                    (47, 769.0621110589777),
2026-07-09 03:18:12,101 | INFO | 	                    (47, 769.0621110589777),
[92mINFO [0m:      	                    (48, 822.7671898870683),
2026-07-09 03:18:12,101 | INFO | 	                    (48, 822.7671898870683),
[92mINFO [0m:      	                    (49, 753.2914773036645),
2026-07-09 03:18:12,101 | INFO | 	                    (49, 753.2914773036645),
[92mINFO [0m:      	                    (50, 590.2926041827943),
2026-07-09 03:18:12,101 | INFO | 	                    (50, 590.2926041827943),
[92mINFO [0m:      	                    (51, 588.8716800975895),
2026-07-09 03:18:12,101 | INFO | 	                    (51, 588.8716800975895),
[92mINFO [0m:      	                    (52, 644.9307274534345),
2026-07-09 03:18:12,101 | INFO | 	                    (52, 644.9307274534345),
[92mINFO [0m:      	                    (53, 567.1019011232387),
2026-07-09 03:18:12,101 | INFO | 	                    (53, 567.1019011232387),
[92mINFO [0m:      	                    (54, 674.7465484913399),
2026-07-09 03:18:12,101 | INFO | 	                    (54, 674.7465484913399),
[92mINFO [0m:      	                    (55, 690.7744343770199),
2026-07-09 03:18:12,101 | INFO | 	                    (55, 690.7744343770199),
[92mINFO [0m:      	                    (56, 515.2377168848174),
2026-07-09 03:18:12,101 | INFO | 	                    (56, 515.2377168848174),
[92mINFO [0m:      	                    (57, 559.7840838987769),
2026-07-09 03:18:12,101 | INFO | 	                    (57, 559.7840838987769),
[92mINFO [0m:      	                    (58, 578.3050606384504),
2026-07-09 03:18:12,101 | INFO | 	                    (58, 578.3050606384504),
[92mINFO [0m:      	                    (59, 686.7383614720939),
2026-07-09 03:18:12,101 | INFO | 	                    (59, 686.7383614720939),
[92mINFO [0m:      	                    (60, 416.0181749701744)]}
2026-07-09 03:18:12,101 | INFO | 	                    (60, 416.0181749701744)]}
[92mINFO [0m:      	History (metrics, centralized):
2026-07-09 03:18:12,101 | INFO | 	History (metrics, centralized):
[92mINFO [0m:      	{'accuracy': [(0, 0.1078),
2026-07-09 03:18:12,102 | INFO | 	{'accuracy': [(0, 0.1078),
[92mINFO [0m:      	              (1, 0.1759),
2026-07-09 03:18:12,102 | INFO | 	              (1, 0.1759),
[92mINFO [0m:      	              (2, 0.1319),
2026-07-09 03:18:12,102 | INFO | 	              (2, 0.1319),
[92mINFO [0m:      	              (3, 0.2437),
2026-07-09 03:18:12,102 | INFO | 	              (3, 0.2437),
[92mINFO [0m:      	              (4, 0.221),
2026-07-09 03:18:12,102 | INFO | 	              (4, 0.221),
[92mINFO [0m:      	              (5, 0.3609),
2026-07-09 03:18:12,102 | INFO | 	              (5, 0.3609),
[92mINFO [0m:      	              (6, 0.4357),
2026-07-09 03:18:12,102 | INFO | 	              (6, 0.4357),
[92mINFO [0m:      	              (7, 0.3777),
2026-07-09 03:18:12,102 | INFO | 	              (7, 0.3777),
[92mINFO [0m:      	              (8, 0.5098),
2026-07-09 03:18:12,102 | INFO | 	              (8, 0.5098),
[92mINFO [0m:      	              (9, 0.5949),
2026-07-09 03:18:12,102 | INFO | 	              (9, 0.5949),
[92mINFO [0m:      	              (10, 0.6741),
2026-07-09 03:18:12,102 | INFO | 	              (10, 0.6741),
[92mINFO [0m:      	              (11, 0.701),
2026-07-09 03:18:12,102 | INFO | 	              (11, 0.701),
[92mINFO [0m:      	              (12, 0.6945),
2026-07-09 03:18:12,102 | INFO | 	              (12, 0.6945),
[92mINFO [0m:      	              (13, 0.5966),
2026-07-09 03:18:12,102 | INFO | 	              (13, 0.5966),
[92mINFO [0m:      	              (14, 0.6987),
2026-07-09 03:18:12,102 | INFO | 	              (14, 0.6987),
[92mINFO [0m:      	              (15, 0.656),
2026-07-09 03:18:12,102 | INFO | 	              (15, 0.656),
[92mINFO [0m:      	              (16, 0.6012),
2026-07-09 03:18:12,102 | INFO | 	              (16, 0.6012),
[92mINFO [0m:      	              (17, 0.6918),
2026-07-09 03:18:12,102 | INFO | 	              (17, 0.6918),
[92mINFO [0m:      	              (18, 0.7379),
2026-07-09 03:18:12,102 | INFO | 	              (18, 0.7379),
[92mINFO [0m:      	              (19, 0.687),
2026-07-09 03:18:12,102 | INFO | 	              (19, 0.687),
[92mINFO [0m:      	              (20, 0.7158),
2026-07-09 03:18:12,102 | INFO | 	              (20, 0.7158),
[92mINFO [0m:      	              (21, 0.7735),
2026-07-09 03:18:12,102 | INFO | 	              (21, 0.7735),
[92mINFO [0m:      	              (22, 0.7625),
2026-07-09 03:18:12,102 | INFO | 	              (22, 0.7625),
[92mINFO [0m:      	              (23, 0.7602),
2026-07-09 03:18:12,102 | INFO | 	              (23, 0.7602),
[92mINFO [0m:      	              (24, 0.7113),
2026-07-09 03:18:12,102 | INFO | 	              (24, 0.7113),
[92mINFO [0m:      	              (25, 0.7364),
2026-07-09 03:18:12,102 | INFO | 	              (25, 0.7364),
[92mINFO [0m:      	              (26, 0.7442),
2026-07-09 03:18:12,102 | INFO | 	              (26, 0.7442),
[92mINFO [0m:      	              (27, 0.7037),
2026-07-09 03:18:12,102 | INFO | 	              (27, 0.7037),
[92mINFO [0m:      	              (28, 0.6989),
2026-07-09 03:18:12,102 | INFO | 	              (28, 0.6989),
[92mINFO [0m:      	              (29, 0.7119),
2026-07-09 03:18:12,102 | INFO | 	              (29, 0.7119),
[92mINFO [0m:      	              (30, 0.7086),
2026-07-09 03:18:12,102 | INFO | 	              (30, 0.7086),
[92mINFO [0m:      	              (31, 0.7124),
2026-07-09 03:18:12,102 | INFO | 	              (31, 0.7124),
[92mINFO [0m:      	              (32, 0.7917),
2026-07-09 03:18:12,102 | INFO | 	              (32, 0.7917),
[92mINFO [0m:      	              (33, 0.7894),
2026-07-09 03:18:12,102 | INFO | 	              (33, 0.7894),
[92mINFO [0m:      	              (34, 0.7915),
2026-07-09 03:18:12,102 | INFO | 	              (34, 0.7915),
[92mINFO [0m:      	              (35, 0.7524),
2026-07-09 03:18:12,102 | INFO | 	              (35, 0.7524),
[92mINFO [0m:      	              (36, 0.8493),
2026-07-09 03:18:12,102 | INFO | 	              (36, 0.8493),
[92mINFO [0m:      	              (37, 0.8387),
2026-07-09 03:18:12,102 | INFO | 	              (37, 0.8387),
[92mINFO [0m:      	              (38, 0.7802),
2026-07-09 03:18:12,102 | INFO | 	              (38, 0.7802),
[92mINFO [0m:      	              (39, 0.814),
2026-07-09 03:18:12,103 | INFO | 	              (39, 0.814),
[92mINFO [0m:      	              (40, 0.8268),
2026-07-09 03:18:12,103 | INFO | 	              (40, 0.8268),
[92mINFO [0m:      	              (41, 0.8245),
2026-07-09 03:18:12,103 | INFO | 	              (41, 0.8245),
[92mINFO [0m:      	              (42, 0.7949),
2026-07-09 03:18:12,103 | INFO | 	              (42, 0.7949),
[92mINFO [0m:      	              (43, 0.8127),
2026-07-09 03:18:12,103 | INFO | 	              (43, 0.8127),
[92mINFO [0m:      	              (44, 0.8338),
2026-07-09 03:18:12,103 | INFO | 	              (44, 0.8338),
[92mINFO [0m:      	              (45, 0.7916),
2026-07-09 03:18:12,103 | INFO | 	              (45, 0.7916),
[92mINFO [0m:      	              (46, 0.7916),
2026-07-09 03:18:12,103 | INFO | 	              (46, 0.7916),
[92mINFO [0m:      	              (47, 0.8193),
2026-07-09 03:18:12,103 | INFO | 	              (47, 0.8193),
[92mINFO [0m:      	              (48, 0.8384),
2026-07-09 03:18:12,103 | INFO | 	              (48, 0.8384),
[92mINFO [0m:      	              (49, 0.8389),
2026-07-09 03:18:12,103 | INFO | 	              (49, 0.8389),
[92mINFO [0m:      	              (50, 0.8144),
2026-07-09 03:18:12,103 | INFO | 	              (50, 0.8144),
[92mINFO [0m:      	              (51, 0.8018),
2026-07-09 03:18:12,103 | INFO | 	              (51, 0.8018),
[92mINFO [0m:      	              (52, 0.8701),
2026-07-09 03:18:12,103 | INFO | 	              (52, 0.8701),
[92mINFO [0m:      	              (53, 0.8518),
2026-07-09 03:18:12,103 | INFO | 	              (53, 0.8518),
[92mINFO [0m:      	              (54, 0.7986),
2026-07-09 03:18:12,103 | INFO | 	              (54, 0.7986),
[92mINFO [0m:      	              (55, 0.8378),
2026-07-09 03:18:12,103 | INFO | 	              (55, 0.8378),
[92mINFO [0m:      	              (56, 0.8483),
2026-07-09 03:18:12,103 | INFO | 	              (56, 0.8483),
[92mINFO [0m:      	              (57, 0.8155),
2026-07-09 03:18:12,103 | INFO | 	              (57, 0.8155),
[92mINFO [0m:      	              (58, 0.8498),
2026-07-09 03:18:12,103 | INFO | 	              (58, 0.8498),
[92mINFO [0m:      	              (59, 0.8503),
2026-07-09 03:18:12,103 | INFO | 	              (59, 0.8503),
[92mINFO [0m:      	              (60, 0.871)],
2026-07-09 03:18:12,103 | INFO | 	              (60, 0.871)],
[92mINFO [0m:      	 'active_physical_devices': [(0, 0),
2026-07-09 03:18:12,103 | INFO | 	 'active_physical_devices': [(0, 0),
[92mINFO [0m:      	                             (1, 15),
2026-07-09 03:18:12,103 | INFO | 	                             (1, 15),
[92mINFO [0m:      	                             (2, 15),
2026-07-09 03:18:12,103 | INFO | 	                             (2, 15),
[92mINFO [0m:      	                             (3, 15),
2026-07-09 03:18:12,103 | INFO | 	                             (3, 15),
[92mINFO [0m:      	                             (4, 15),
2026-07-09 03:18:12,103 | INFO | 	                             (4, 15),
[92mINFO [0m:      	                             (5, 15),
2026-07-09 03:18:12,103 | INFO | 	                             (5, 15),
[92mINFO [0m:      	                             (6, 15),
2026-07-09 03:18:12,103 | INFO | 	                             (6, 15),
[92mINFO [0m:      	                             (7, 15),
2026-07-09 03:18:12,103 | INFO | 	                             (7, 15),
[92mINFO [0m:      	                             (8, 15),
2026-07-09 03:18:12,103 | INFO | 	                             (8, 15),
[92mINFO [0m:      	                             (9, 15),
2026-07-09 03:18:12,103 | INFO | 	                             (9, 15),
[92mINFO [0m:      	                             (10, 15),
2026-07-09 03:18:12,103 | INFO | 	                             (10, 15),
[92mINFO [0m:      	                             (11, 15),
2026-07-09 03:18:12,103 | INFO | 	                             (11, 15),
[92mINFO [0m:      	                             (12, 15),
2026-07-09 03:18:12,103 | INFO | 	                             (12, 15),
[92mINFO [0m:      	                             (13, 15),
2026-07-09 03:18:12,103 | INFO | 	                             (13, 15),
[92mINFO [0m:      	                             (14, 15),
2026-07-09 03:18:12,103 | INFO | 	                             (14, 15),
[92mINFO [0m:      	                             (15, 15),
2026-07-09 03:18:12,103 | INFO | 	                             (15, 15),
[92mINFO [0m:      	                             (16, 15),
2026-07-09 03:18:12,103 | INFO | 	                             (16, 15),
[92mINFO [0m:      	                             (17, 15),
2026-07-09 03:18:12,104 | INFO | 	                             (17, 15),
[92mINFO [0m:      	                             (18, 15),
2026-07-09 03:18:12,104 | INFO | 	                             (18, 15),
[92mINFO [0m:      	                             (19, 15),
2026-07-09 03:18:12,104 | INFO | 	                             (19, 15),
[92mINFO [0m:      	                             (20, 15),
2026-07-09 03:18:12,104 | INFO | 	                             (20, 15),
[92mINFO [0m:      	                             (21, 15),
2026-07-09 03:18:12,104 | INFO | 	                             (21, 15),
[92mINFO [0m:      	                             (22, 15),
2026-07-09 03:18:12,104 | INFO | 	                             (22, 15),
[92mINFO [0m:      	                             (23, 15),
2026-07-09 03:18:12,104 | INFO | 	                             (23, 15),
[92mINFO [0m:      	                             (24, 15),
2026-07-09 03:18:12,104 | INFO | 	                             (24, 15),
[92mINFO [0m:      	                             (25, 15),
2026-07-09 03:18:12,104 | INFO | 	                             (25, 15),
[92mINFO [0m:      	                             (26, 15),
2026-07-09 03:18:12,104 | INFO | 	                             (26, 15),
[92mINFO [0m:      	                             (27, 15),
2026-07-09 03:18:12,104 | INFO | 	                             (27, 15),
[92mINFO [0m:      	                             (28, 15),
2026-07-09 03:18:12,104 | INFO | 	                             (28, 15),
[92mINFO [0m:      	                             (29, 15),
2026-07-09 03:18:12,104 | INFO | 	                             (29, 15),
[92mINFO [0m:      	                             (30, 15),
2026-07-09 03:18:12,104 | INFO | 	                             (30, 15),
[92mINFO [0m:      	                             (31, 15),
2026-07-09 03:18:12,104 | INFO | 	                             (31, 15),
[92mINFO [0m:      	                             (32, 15),
2026-07-09 03:18:12,104 | INFO | 	                             (32, 15),
[92mINFO [0m:      	                             (33, 15),
2026-07-09 03:18:12,104 | INFO | 	                             (33, 15),
[92mINFO [0m:      	                             (34, 15),
2026-07-09 03:18:12,104 | INFO | 	                             (34, 15),
[92mINFO [0m:      	                             (35, 15),
2026-07-09 03:18:12,104 | INFO | 	                             (35, 15),
[92mINFO [0m:      	                             (36, 15),
2026-07-09 03:18:12,104 | INFO | 	                             (36, 15),
[92mINFO [0m:      	                             (37, 15),
2026-07-09 03:18:12,104 | INFO | 	                             (37, 15),
[92mINFO [0m:      	                             (38, 15),
2026-07-09 03:18:12,104 | INFO | 	                             (38, 15),
[92mINFO [0m:      	                             (39, 15),
2026-07-09 03:18:12,104 | INFO | 	                             (39, 15),
[92mINFO [0m:      	                             (40, 15),
2026-07-09 03:18:12,104 | INFO | 	                             (40, 15),
[92mINFO [0m:      	                             (41, 15),
2026-07-09 03:18:12,104 | INFO | 	                             (41, 15),
[92mINFO [0m:      	                             (42, 15),
2026-07-09 03:18:12,104 | INFO | 	                             (42, 15),
[92mINFO [0m:      	                             (43, 15),
2026-07-09 03:18:12,104 | INFO | 	                             (43, 15),
[92mINFO [0m:      	                             (44, 15),
2026-07-09 03:18:12,104 | INFO | 	                             (44, 15),
[92mINFO [0m:      	                             (45, 15),
2026-07-09 03:18:12,104 | INFO | 	                             (45, 15),
[92mINFO [0m:      	                             (46, 15),
2026-07-09 03:18:12,104 | INFO | 	                             (46, 15),
[92mINFO [0m:      	                             (47, 15),
2026-07-09 03:18:12,104 | INFO | 	                             (47, 15),
[92mINFO [0m:      	                             (48, 15),
2026-07-09 03:18:12,104 | INFO | 	                             (48, 15),
[92mINFO [0m:      	                             (49, 15),
2026-07-09 03:18:12,104 | INFO | 	                             (49, 15),
[92mINFO [0m:      	                             (50, 15),
2026-07-09 03:18:12,104 | INFO | 	                             (50, 15),
[92mINFO [0m:      	                             (51, 15),
2026-07-09 03:18:12,104 | INFO | 	                             (51, 15),
[92mINFO [0m:      	                             (52, 15),
2026-07-09 03:18:12,104 | INFO | 	                             (52, 15),
[92mINFO [0m:      	                             (53, 15),
2026-07-09 03:18:12,104 | INFO | 	                             (53, 15),
[92mINFO [0m:      	                             (54, 15),
2026-07-09 03:18:12,104 | INFO | 	                             (54, 15),
[92mINFO [0m:      	                             (55, 15),
2026-07-09 03:18:12,104 | INFO | 	                             (55, 15),
[92mINFO [0m:      	                             (56, 15),
2026-07-09 03:18:12,105 | INFO | 	                             (56, 15),
[92mINFO [0m:      	                             (57, 15),
2026-07-09 03:18:12,105 | INFO | 	                             (57, 15),
[92mINFO [0m:      	                             (58, 15),
2026-07-09 03:18:12,105 | INFO | 	                             (58, 15),
[92mINFO [0m:      	                             (59, 15),
2026-07-09 03:18:12,105 | INFO | 	                             (59, 15),
[92mINFO [0m:      	                             (60, 15)],
2026-07-09 03:18:12,105 | INFO | 	                             (60, 15)],
[92mINFO [0m:      	 'global_ece': [(0, 0.03257808820903302),
2026-07-09 03:18:12,105 | INFO | 	 'global_ece': [(0, 0.03257808820903302),
[92mINFO [0m:      	                (1, 0.0239685138091445),
2026-07-09 03:18:12,105 | INFO | 	                (1, 0.0239685138091445),
[92mINFO [0m:      	                (2, 0.13202998828440904),
2026-07-09 03:18:12,105 | INFO | 	                (2, 0.13202998828440904),
[92mINFO [0m:      	                (3, 0.020575004947930575),
2026-07-09 03:18:12,105 | INFO | 	                (3, 0.020575004947930575),
[92mINFO [0m:      	                (4, 0.09928324465975165),
2026-07-09 03:18:12,105 | INFO | 	                (4, 0.09928324465975165),
[92mINFO [0m:      	                (5, 0.11117614048868416),
2026-07-09 03:18:12,105 | INFO | 	                (5, 0.11117614048868416),
[92mINFO [0m:      	                (6, 0.1921337778657675),
2026-07-09 03:18:12,105 | INFO | 	                (6, 0.1921337778657675),
[92mINFO [0m:      	                (7, 0.10450452450960877),
2026-07-09 03:18:12,105 | INFO | 	                (7, 0.10450452450960877),
[92mINFO [0m:      	                (8, 0.23480491314232352),
2026-07-09 03:18:12,105 | INFO | 	                (8, 0.23480491314232352),
[92mINFO [0m:      	                (9, 0.29954142139554024),
2026-07-09 03:18:12,105 | INFO | 	                (9, 0.29954142139554024),
[92mINFO [0m:      	                (10, 0.3581924753986299),
2026-07-09 03:18:12,105 | INFO | 	                (10, 0.3581924753986299),
[92mINFO [0m:      	                (11, 0.36992549587339163),
2026-07-09 03:18:12,105 | INFO | 	                (11, 0.36992549587339163),
[92mINFO [0m:      	                (12, 0.31597304770350454),
2026-07-09 03:18:12,105 | INFO | 	                (12, 0.31597304770350454),
[92mINFO [0m:      	                (13, 0.18229564704298973),
2026-07-09 03:18:12,105 | INFO | 	                (13, 0.18229564704298973),
[92mINFO [0m:      	                (14, 0.28871701530069116),
2026-07-09 03:18:12,105 | INFO | 	                (14, 0.28871701530069116),
[92mINFO [0m:      	                (15, 0.2194414818525314),
2026-07-09 03:18:12,105 | INFO | 	                (15, 0.2194414818525314),
[92mINFO [0m:      	                (16, 0.1567085852727294),
2026-07-09 03:18:12,105 | INFO | 	                (16, 0.1567085852727294),
[92mINFO [0m:      	                (17, 0.23167472659051414),
2026-07-09 03:18:12,105 | INFO | 	                (17, 0.23167472659051414),
[92mINFO [0m:      	                (18, 0.2618975185662508),
2026-07-09 03:18:12,105 | INFO | 	                (18, 0.2618975185662508),
[92mINFO [0m:      	                (19, 0.19643193829655645),
2026-07-09 03:18:12,105 | INFO | 	                (19, 0.19643193829655645),
[92mINFO [0m:      	                (20, 0.21618942924737936),
2026-07-09 03:18:12,105 | INFO | 	                (20, 0.21618942924737936),
[92mINFO [0m:      	                (21, 0.258262254421413),
2026-07-09 03:18:12,105 | INFO | 	                (21, 0.258262254421413),
[92mINFO [0m:      	                (22, 0.21591096731275322),
2026-07-09 03:18:12,105 | INFO | 	                (22, 0.21591096731275322),
[92mINFO [0m:      	                (23, 0.20842387631982567),
2026-07-09 03:18:12,105 | INFO | 	                (23, 0.20842387631982567),
[92mINFO [0m:      	                (24, 0.12018041021078826),
2026-07-09 03:18:12,105 | INFO | 	                (24, 0.12018041021078826),
[92mINFO [0m:      	                (25, 0.14102919657230376),
2026-07-09 03:18:12,105 | INFO | 	                (25, 0.14102919657230376),
[92mINFO [0m:      	                (26, 0.14006660423725845),
2026-07-09 03:18:12,105 | INFO | 	                (26, 0.14006660423725845),
[92mINFO [0m:      	                (27, 0.07076643768399954),
2026-07-09 03:18:12,105 | INFO | 	                (27, 0.07076643768399954),
[92mINFO [0m:      	                (28, 0.09079435606151821),
2026-07-09 03:18:12,105 | INFO | 	                (28, 0.09079435606151821),
[92mINFO [0m:      	                (29, 0.09805933097898963),
2026-07-09 03:18:12,105 | INFO | 	                (29, 0.09805933097898963),
[92mINFO [0m:      	                (30, 0.07769743661433459),
2026-07-09 03:18:12,105 | INFO | 	                (30, 0.07769743661433459),
[92mINFO [0m:      	                (31, 0.0728071945309639),
2026-07-09 03:18:12,105 | INFO | 	                (31, 0.0728071945309639),
[92mINFO [0m:      	                (32, 0.14535351189970974),
2026-07-09 03:18:12,106 | INFO | 	                (32, 0.14535351189970974),
[92mINFO [0m:      	                (33, 0.12714787614494563),
2026-07-09 03:18:12,106 | INFO | 	                (33, 0.12714787614494563),
[92mINFO [0m:      	                (34, 0.11880906247496607),
2026-07-09 03:18:12,106 | INFO | 	                (34, 0.11880906247496607),
[92mINFO [0m:      	                (35, 0.07155354634821413),
2026-07-09 03:18:12,106 | INFO | 	                (35, 0.07155354634821413),
[92mINFO [0m:      	                (36, 0.15487499189823864),
2026-07-09 03:18:12,106 | INFO | 	                (36, 0.15487499189823864),
[92mINFO [0m:      	                (37, 0.14182930348217487),
2026-07-09 03:18:12,106 | INFO | 	                (37, 0.14182930348217487),
[92mINFO [0m:      	                (38, 0.07592256023138762),
2026-07-09 03:18:12,106 | INFO | 	                (38, 0.07592256023138762),
[92mINFO [0m:      	                (39, 0.10961413490325214),
2026-07-09 03:18:12,106 | INFO | 	                (39, 0.10961413490325214),
[92mINFO [0m:      	                (40, 0.10404985577166084),
2026-07-09 03:18:12,106 | INFO | 	                (40, 0.10404985577166084),
[92mINFO [0m:      	                (41, 0.09637840199470521),
2026-07-09 03:18:12,106 | INFO | 	                (41, 0.09637840199470521),
[92mINFO [0m:      	                (42, 0.05383802057802675),
2026-07-09 03:18:12,106 | INFO | 	                (42, 0.05383802057802675),
[92mINFO [0m:      	                (43, 0.08130637584626675),
2026-07-09 03:18:12,106 | INFO | 	                (43, 0.08130637584626675),
[92mINFO [0m:      	                (44, 0.10229133992642168),
2026-07-09 03:18:12,106 | INFO | 	                (44, 0.10229133992642168),
[92mINFO [0m:      	                (45, 0.04479006394147875),
2026-07-09 03:18:12,106 | INFO | 	                (45, 0.04479006394147875),
[92mINFO [0m:      	                (46, 0.04951074142605066),
2026-07-09 03:18:12,106 | INFO | 	                (46, 0.04951074142605066),
[92mINFO [0m:      	                (47, 0.07246849676817654),
2026-07-09 03:18:12,106 | INFO | 	                (47, 0.07246849676817654),
[92mINFO [0m:      	                (48, 0.07598227005302906),
2026-07-09 03:18:12,106 | INFO | 	                (48, 0.07598227005302906),
[92mINFO [0m:      	                (49, 0.07226816850304604),
2026-07-09 03:18:12,106 | INFO | 	                (49, 0.07226816850304604),
[92mINFO [0m:      	                (50, 0.05121344528496265),
2026-07-09 03:18:12,106 | INFO | 	                (50, 0.05121344528496265),
[92mINFO [0m:      	                (51, 0.040022475574910656),
2026-07-09 03:18:12,106 | INFO | 	                (51, 0.040022475574910656),
[92mINFO [0m:      	                (52, 0.09124450448751448),
2026-07-09 03:18:12,106 | INFO | 	                (52, 0.09124450448751448),
[92mINFO [0m:      	                (53, 0.06495595367103818),
2026-07-09 03:18:12,106 | INFO | 	                (53, 0.06495595367103818),
[92mINFO [0m:      	                (54, 0.02237617786675693),
2026-07-09 03:18:12,106 | INFO | 	                (54, 0.02237617786675693),
[92mINFO [0m:      	                (55, 0.053260150630772114),
2026-07-09 03:18:12,106 | INFO | 	                (55, 0.053260150630772114),
[92mINFO [0m:      	                (56, 0.05921679065376522),
2026-07-09 03:18:12,106 | INFO | 	                (56, 0.05921679065376522),
[92mINFO [0m:      	                (57, 0.028501028546690944),
2026-07-09 03:18:12,106 | INFO | 	                (57, 0.028501028546690944),
[92mINFO [0m:      	                (58, 0.04573844470977781),
2026-07-09 03:18:12,106 | INFO | 	                (58, 0.04573844470977781),
[92mINFO [0m:      	                (59, 0.05222890240550042),
2026-07-09 03:18:12,106 | INFO | 	                (59, 0.05222890240550042),
[92mINFO [0m:      	                (60, 0.0571349122270942)],
2026-07-09 03:18:12,106 | INFO | 	                (60, 0.0571349122270942)],
[92mINFO [0m:      	 'selected_count': [(0, 0),
2026-07-09 03:18:12,106 | INFO | 	 'selected_count': [(0, 0),
[92mINFO [0m:      	                    (1, 15),
2026-07-09 03:18:12,106 | INFO | 	                    (1, 15),
[92mINFO [0m:      	                    (2, 15),
2026-07-09 03:18:12,106 | INFO | 	                    (2, 15),
[92mINFO [0m:      	                    (3, 15),
2026-07-09 03:18:12,106 | INFO | 	                    (3, 15),
[92mINFO [0m:      	                    (4, 15),
2026-07-09 03:18:12,106 | INFO | 	                    (4, 15),
[92mINFO [0m:      	                    (5, 15),
2026-07-09 03:18:12,106 | INFO | 	                    (5, 15),
[92mINFO [0m:      	                    (6, 15),
2026-07-09 03:18:12,106 | INFO | 	                    (6, 15),
[92mINFO [0m:      	                    (7, 15),
2026-07-09 03:18:12,106 | INFO | 	                    (7, 15),
[92mINFO [0m:      	                    (8, 15),
2026-07-09 03:18:12,106 | INFO | 	                    (8, 15),
[92mINFO [0m:      	                    (9, 15),
2026-07-09 03:18:12,106 | INFO | 	                    (9, 15),
[92mINFO [0m:      	                    (10, 15),
2026-07-09 03:18:12,107 | INFO | 	                    (10, 15),
[92mINFO [0m:      	                    (11, 15),
2026-07-09 03:18:12,107 | INFO | 	                    (11, 15),
[92mINFO [0m:      	                    (12, 15),
2026-07-09 03:18:12,107 | INFO | 	                    (12, 15),
[92mINFO [0m:      	                    (13, 15),
2026-07-09 03:18:12,107 | INFO | 	                    (13, 15),
[92mINFO [0m:      	                    (14, 15),
2026-07-09 03:18:12,107 | INFO | 	                    (14, 15),
[92mINFO [0m:      	                    (15, 15),
2026-07-09 03:18:12,107 | INFO | 	                    (15, 15),
[92mINFO [0m:      	                    (16, 15),
2026-07-09 03:18:12,107 | INFO | 	                    (16, 15),
[92mINFO [0m:      	                    (17, 15),
2026-07-09 03:18:12,107 | INFO | 	                    (17, 15),
[92mINFO [0m:      	                    (18, 15),
2026-07-09 03:18:12,107 | INFO | 	                    (18, 15),
[92mINFO [0m:      	                    (19, 15),
2026-07-09 03:18:12,107 | INFO | 	                    (19, 15),
[92mINFO [0m:      	                    (20, 15),
2026-07-09 03:18:12,107 | INFO | 	                    (20, 15),
[92mINFO [0m:      	                    (21, 15),
2026-07-09 03:18:12,107 | INFO | 	                    (21, 15),
[92mINFO [0m:      	                    (22, 15),
2026-07-09 03:18:12,107 | INFO | 	                    (22, 15),
[92mINFO [0m:      	                    (23, 15),
2026-07-09 03:18:12,107 | INFO | 	                    (23, 15),
[92mINFO [0m:      	                    (24, 15),
2026-07-09 03:18:12,107 | INFO | 	                    (24, 15),
[92mINFO [0m:      	                    (25, 15),
2026-07-09 03:18:12,107 | INFO | 	                    (25, 15),
[92mINFO [0m:      	                    (26, 15),
2026-07-09 03:18:12,107 | INFO | 	                    (26, 15),
[92mINFO [0m:      	                    (27, 15),
2026-07-09 03:18:12,107 | INFO | 	                    (27, 15),
[92mINFO [0m:      	                    (28, 15),
2026-07-09 03:18:12,107 | INFO | 	                    (28, 15),
[92mINFO [0m:      	                    (29, 15),
2026-07-09 03:18:12,107 | INFO | 	                    (29, 15),
[92mINFO [0m:      	                    (30, 15),
2026-07-09 03:18:12,107 | INFO | 	                    (30, 15),
[92mINFO [0m:      	                    (31, 15),
2026-07-09 03:18:12,107 | INFO | 	                    (31, 15),
[92mINFO [0m:      	                    (32, 15),
2026-07-09 03:18:12,107 | INFO | 	                    (32, 15),
[92mINFO [0m:      	                    (33, 15),
2026-07-09 03:18:12,107 | INFO | 	                    (33, 15),
[92mINFO [0m:      	                    (34, 15),
2026-07-09 03:18:12,107 | INFO | 	                    (34, 15),
[92mINFO [0m:      	                    (35, 15),
2026-07-09 03:18:12,107 | INFO | 	                    (35, 15),
[92mINFO [0m:      	                    (36, 15),
2026-07-09 03:18:12,107 | INFO | 	                    (36, 15),
[92mINFO [0m:      	                    (37, 15),
2026-07-09 03:18:12,107 | INFO | 	                    (37, 15),
[92mINFO [0m:      	                    (38, 15),
2026-07-09 03:18:12,107 | INFO | 	                    (38, 15),
[92mINFO [0m:      	                    (39, 15),
2026-07-09 03:18:12,107 | INFO | 	                    (39, 15),
[92mINFO [0m:      	                    (40, 15),
2026-07-09 03:18:12,107 | INFO | 	                    (40, 15),
[92mINFO [0m:      	                    (41, 15),
2026-07-09 03:18:12,107 | INFO | 	                    (41, 15),
[92mINFO [0m:      	                    (42, 15),
2026-07-09 03:18:12,107 | INFO | 	                    (42, 15),
[92mINFO [0m:      	                    (43, 15),
2026-07-09 03:18:12,107 | INFO | 	                    (43, 15),
[92mINFO [0m:      	                    (44, 15),
2026-07-09 03:18:12,107 | INFO | 	                    (44, 15),
[92mINFO [0m:      	                    (45, 15),
2026-07-09 03:18:12,107 | INFO | 	                    (45, 15),
[92mINFO [0m:      	                    (46, 15),
2026-07-09 03:18:12,107 | INFO | 	                    (46, 15),
[92mINFO [0m:      	                    (47, 15),
2026-07-09 03:18:12,107 | INFO | 	                    (47, 15),
[92mINFO [0m:      	                    (48, 15),
2026-07-09 03:18:12,108 | INFO | 	                    (48, 15),
[92mINFO [0m:      	                    (49, 15),
2026-07-09 03:18:12,108 | INFO | 	                    (49, 15),
[92mINFO [0m:      	                    (50, 15),
2026-07-09 03:18:12,108 | INFO | 	                    (50, 15),
[92mINFO [0m:      	                    (51, 15),
2026-07-09 03:18:12,108 | INFO | 	                    (51, 15),
[92mINFO [0m:      	                    (52, 15),
2026-07-09 03:18:12,108 | INFO | 	                    (52, 15),
[92mINFO [0m:      	                    (53, 15),
2026-07-09 03:18:12,108 | INFO | 	                    (53, 15),
[92mINFO [0m:      	                    (54, 15),
2026-07-09 03:18:12,108 | INFO | 	                    (54, 15),
[92mINFO [0m:      	                    (55, 15),
2026-07-09 03:18:12,108 | INFO | 	                    (55, 15),
[92mINFO [0m:      	                    (56, 15),
2026-07-09 03:18:12,108 | INFO | 	                    (56, 15),
[92mINFO [0m:      	                    (57, 15),
2026-07-09 03:18:12,108 | INFO | 	                    (57, 15),
[92mINFO [0m:      	                    (58, 15),
2026-07-09 03:18:12,108 | INFO | 	                    (58, 15),
[92mINFO [0m:      	                    (59, 15),
2026-07-09 03:18:12,108 | INFO | 	                    (59, 15),
[92mINFO [0m:      	                    (60, 15)]}
2026-07-09 03:18:12,108 | INFO | 	                    (60, 15)]}
[92mINFO [0m:      
2026-07-09 03:18:12,108 | INFO | 
2026-07-09 03:18:12,435 | INFO | Saved metrics: outputs/tune_vi_mnist_noniid_unbalanced_finetune/vi_lr0p005_b256_e10_prior0p02/metrics.csv
2026-07-09 03:18:12,435 | INFO | Saved selection_summary: outputs/tune_vi_mnist_noniid_unbalanced_finetune/vi_lr0p005_b256_e10_prior0p02/selection_summary.csv
2026-07-09 03:18:12,435 | INFO | Saved selected_clients: outputs/tune_vi_mnist_noniid_unbalanced_finetune/vi_lr0p005_b256_e10_prior0p02/selected_clients.csv
2026-07-09 03:18:12,435 | INFO | Saved communication_metrics: outputs/tune_vi_mnist_noniid_unbalanced_finetune/vi_lr0p005_b256_e10_prior0p02/communication_metrics.csv
2026-07-09 03:18:12,435 | INFO | Saved client_train_metrics: outputs/tune_vi_mnist_noniid_unbalanced_finetune/vi_lr0p005_b256_e10_prior0p02/client_train_metrics.csv
2026-07-09 03:18:12,435 | INFO | Saved client_eval_metrics: outputs/tune_vi_mnist_noniid_unbalanced_finetune/vi_lr0p005_b256_e10_prior0p02/client_eval_metrics.csv
2026-07-09 03:18:12,435 | INFO | Saved calibration_bins: outputs/tune_vi_mnist_noniid_unbalanced_finetune/vi_lr0p005_b256_e10_prior0p02/calibration_bins.csv
2026-07-09 03:18:12,435 | INFO | Saved posterior_summary: outputs/tune_vi_mnist_noniid_unbalanced_finetune/vi_lr0p005_b256_e10_prior0p02/posterior_summary.csv
2026-07-09 03:18:12,435 | INFO | Saved snr_histograms: outputs/tune_vi_mnist_noniid_unbalanced_finetune/vi_lr0p005_b256_e10_prior0p02/snr_histograms.csv
2026-07-09 03:18:12,435 | INFO | Saved aggregation_diagnostics: outputs/tune_vi_mnist_noniid_unbalanced_finetune/vi_lr0p005_b256_e10_prior0p02/aggregation_diagnostics.csv
2026-07-09 03:18:12,435 | INFO | Saved run_summary: outputs/tune_vi_mnist_noniid_unbalanced_finetune/vi_lr0p005_b256_e10_prior0p02/run_summary.csv
2026-07-09 03:18:12,435 | INFO | Saved pruning_eval: outputs/tune_vi_mnist_noniid_unbalanced_finetune/vi_lr0p005_b256_e10_prior0p02/pruning_eval.csv
2026-07-09 03:18:12,435 | INFO | Saved final model: outputs/tune_vi_mnist_noniid_unbalanced_finetune/vi_lr0p005_b256_e10_prior0p02/final_model.pt
2026-07-09 03:18:12,435 | INFO | Done
[36m(pid=2387830)[0m [2026-07-09 03:10:27,428 E 2387830 2390673] core_worker_process.cc:825: Failed to establish connection to the metrics exporter agent. Metrics will not be exported. Exporter agent status: RpcError: Running out of retries to initialize the metrics agent. rpc_code: 14[32m [repeated 47x across cluster] (Ray deduplicates logs by default. Set RAY_DEDUP_LOGS=0 to disable log deduplication, or see https://docs.ray.io/en/master/ray-observability/user-guides/configure-logging.html#log-deduplication for more options.)[0m
