schema_version,run_id,round,method,dataset,model,iid,balanced,noniid_alpha,unbalanced_alpha,num_devices,num_virtual_clients,client_fraction,selected_count,selected_examples,total_examples,local_epochs,batch_size,lr,seed,eval_every,heavy_eval_every,eval_mc_samples,round_time_sec,fit_time_sec,aggregate_time_sec,eval_time_sec,num_fit_failures,active_physical_devices,active_virtual_clients,accuracy,loss,train_loss,global_accuracy,global_error_rate,global_loss,global_nll,global_brier,global_ece,global_mce,global_mean_confidence,global_mean_entropy,global_num_eval_examples,global_mc_samples,global_predictive_entropy,global_expected_entropy,global_mutual_information,global_aleatoric_uncertainty,global_epistemic_uncertainty,global_predictive_variance_mean,global_predictive_variance_std,local_eval_count,local_accuracy_weighted,local_accuracy_mean,local_accuracy_std,local_accuracy_min,local_accuracy_p10,local_accuracy_p25,local_accuracy_p50,local_accuracy_p75,local_accuracy_p90,local_accuracy_max,local_loss_weighted,local_loss_mean,local_loss_std,local_loss_min,local_loss_p50,local_loss_max,local_ece_mean,local_ece_std,local_nll_mean,local_brier_mean,local_forgetting_proxy_mean,local_forgetting_proxy_std,local_forgetting_proxy_weighted,local_global_loss_gap_mean,local_global_acc_gap_mean,client_drift_from_global_l2_mean,client_drift_from_global_l2_std,client_drift_from_global_cosine_mean,client_update_l2_mean,client_update_l2_std,client_update_l2_min,client_update_l2_max,client_update_cosine_mean,train_loss_mean,train_loss_std,task_loss_mean,task_loss_std,prior_loss_mean,prior_loss_std,regularization_loss_mean,regularization_loss_std,vi_elbo_loss_mean,vi_elbo_loss_std,vi_kl_loss_mean,vi_kl_loss_std,vi_likelihood_loss_mean,vi_likelihood_loss_std,vi_complexity_cost_mean,vi_scale_mean,vi_scale_std,vi_scale_p50,vi_scale_p90,vi_scale_max,vi_prior_scale,vi_min_scale,vi_particles,vi_aggregation_mode,ola_prior_lambda,ola_prior_loss_mean,ola_prior_loss_std,ola_task_loss_mean,ola_task_loss_std,ola_fisher_mean,ola_fisher_std,ola_fisher_min,ola_fisher_p10,ola_fisher_p50,ola_fisher_p90,ola_fisher_max,ola_precision_mean,ola_precision_std,ola_precision_min,ola_precision_p10,ola_precision_p50,ola_precision_p90,ola_precision_max,ola_sigma_mean,ola_sigma_std,ola_sigma_p50,ola_sigma_p90,ola_sigma_max,ola_gamma,ola_online_weight_fisher,ola_online_weight_prior,posterior_available,posterior_num_params,posterior_mu_l2,posterior_mu_abs_mean,posterior_mu_abs_std,posterior_mu_abs_p50,posterior_mu_abs_p90,posterior_sigma_mean,posterior_sigma_std,posterior_sigma_min,posterior_sigma_p10,posterior_sigma_p25,posterior_sigma_p50,posterior_sigma_p75,posterior_sigma_p90,posterior_sigma_p95,posterior_sigma_max,posterior_precision_mean,posterior_precision_std,posterior_precision_min,posterior_precision_p50,posterior_precision_p90,posterior_precision_max,posterior_var_trace,posterior_logdet_diag,posterior_entropy_diag_gaussian,posterior_snr_raw_mean,posterior_snr_raw_std,posterior_snr_raw_min,posterior_snr_raw_p10,posterior_snr_raw_p25,posterior_snr_raw_p50,posterior_snr_raw_p75,posterior_snr_raw_p90,posterior_snr_raw_p95,posterior_snr_raw_max,posterior_snr_db_mean,posterior_snr_db_std,posterior_snr_db_p10,posterior_snr_db_p50,posterior_snr_db_p90,posterior_snr_frac_lt_0_5,posterior_snr_frac_lt_1,posterior_snr_frac_lt_2,posterior_snr_frac_lt_5,posterior_snr_frac_gt_1,posterior_snr_frac_gt_2,posterior_snr_frac_gt_5,effective_params_snr_gt_1,effective_params_snr_gt_2,effective_params_snr_gt_5,aggregation_delta_l2,aggregation_delta_linf,aggregation_delta_cosine_to_mean_client_update,aggregation_weight_entropy,aggregation_weight_max,aggregation_weight_min,aggregation_error_proxy,aggregation_energy_before,aggregation_energy_after,posterior_product_precision_mean,posterior_product_precision_std,posterior_product_mu_norm,posterior_product_sigma_mean,selected_label_entropy_mean,selected_label_entropy_std,selected_label_entropy_min,selected_label_entropy_max,selected_kl_to_global_label_mean,selected_kl_to_global_label_std,selected_num_examples_mean,selected_num_examples_std,selected_num_examples_min,selected_num_examples_max,wireless_policy,wireless_selected_channel_snr_db_mean,wireless_selected_channel_snr_db_std,wireless_selected_pathloss_db_mean,wireless_selected_rate_mbps_mean,wireless_selected_delay_ms_mean,wireless_selected_energy_j_mean,wireless_outage_count,ota_noise_power,ota_distortion,ota_mse,digital_packet_error_rate,posterior_snapshot_path,prediction_snapshot_path,snr_histogram_path,calibration_bins_path,posterior_precision_p10,posterior_precision_p25,posterior_precision_p75,posterior_precision_p95,posterior_snr_db_min,posterior_snr_db_p25,posterior_snr_db_p75,posterior_snr_db_p95,posterior_snr_db_max,train_loss_min,train_loss_p10,train_loss_p50,train_loss_p90,train_loss_max,prior_loss_min,prior_loss_p10,prior_loss_p50,prior_loss_p90,prior_loss_max,regularization_loss_min,regularization_loss_p10,regularization_loss_p50,regularization_loss_p90,regularization_loss_max,client_update_l2_p10,client_update_l2_p50,client_update_l2_p90,client_update_cosine_std,client_update_cosine_min,client_update_cosine_p10,client_update_cosine_p50,client_update_cosine_p90,client_update_cosine_max,vi_elbo_loss_min,vi_elbo_loss_p10,vi_elbo_loss_p50,vi_elbo_loss_p90,vi_elbo_loss_max,vi_kl_loss_min,vi_kl_loss_p10,vi_kl_loss_p50,vi_kl_loss_p90,vi_kl_loss_max,aggregation_mode,aggregation_delta_cosine,local_nll_std
bayesfl_observability_v1,vi_lr0p002_b16_e1,0,vi,mnist,mlp,0,0,0.1,0.5,300,24,0.05,0,,,1,16,0.05,42,1,5,5,11.214081786572933,,,11.21408423408866,,,,0.1167,2.3794345233917236,0.0,0.1167,0.8833,2.3794345233917236,2.3794345233917236,0.9148621258735656,0.07390889817625285,0.413793751171657,0.1906088989496231,2.1942010734558104,10000,5,2.1942010734558104,2.006887864303589,0.18731320915222138,2.006887864303589,0.18731320915222138,0.004880017615109682,0.0024940551481932817,,,,,,,,,,,,,,,,,,,,,,,,,,,,,,,,,,,,,,,,,,,,,,,,,,,,,,,0.05,1e-05,1,product,1.0,,,,,,,,,,,,,,,,,,,,,,,,1.0,,,1,101770,6.786648565740691,0.018205730285914008,0.011005761567180238,0.017950959503650665,0.03239535689353943,0.05000000074505806,0.0,0.05000000074505806,0.05000000074505806,0.05000000074505806,0.05000000074505806,0.05000000074505806,0.05000000074505806,0.05000000074505806,0.05000000074505806,399.9999694824219,0.0,399.9999694824219,399.9999694824219,399.9999694824219,399.9999694824219,254.42500758245592,-609751.343885489,-160470.2974376672,0.36411460028526754,0.22011522805922998,6.045614123482405e-06,0.07242771781943845,0.1813276736949228,0.35901918471603017,0.5406802625744649,0.6479071282032619,0.6841858858599633,1.7675912116473373,-11.498671040772567,8.744585173811934,-22.801903982871416,-8.89764687311774,-3.7697448394038156,0.693308440601356,0.9944973960892208,1.0,1.0,0.005502603910779208,0.0,0.0,560,0,0,,,,,,,,,,,,,,,,,,,,,,,,random,,,,,,,,,,,,,,snr_histograms.csv,calibration_bins.csv,399.9999694824219,399.9999694824219,399.9999694824219,399.9999694824219,-104.37119008748505,-14.830718202269454,-5.341189680580216,-3.2965177836834982,4.9476366722187795,,,,,,,,,,,,,,,,,,,,,,,,,,,,,,,,,,,,,
bayesfl_observability_v1,vi_lr0p002_b16_e1,1,vi,mnist,mlp,0,0,0.1,0.5,300,24,0.05,15,2363,2363,1,16,0.05,42,1,5,5,19.193584501743317,8.15923073515296,0.009868975728750229,11.034128420054913,0,15,12,0.1262,2.3873585138320923,800.6889671981428,0.1262,0.8738,2.3873585138320923,2.3873585138320923,0.9176160952568054,0.0891980603583157,0.19498079253877063,0.21521185004711152,2.1620703758239745,10000,5,2.1620703758239745,1.9728158960342408,0.18925447978973375,1.9728158960342408,0.18925447978973375,0.0050802843388170005,0.002626403388344786,0,,,,,,,,,,,,,,,,,,,,,,,,,,,,,1.5337721104747868,0.810770267793436,0.6380282174639461,2.4971018770022337,0.9698080192413009,378.88974430238795,376.8780562748724,,,609.8095902731068,515.8790656743637,609.8095902731068,515.8790656743637,378.88974430238795,376.8780562748724,609.8095902731068,515.8790656743637,,,,,,,,,0.05,1e-05,1,product,1.0,,,,,,,,,,,,,,,,,,,,,,,,1.0,,,1,101770,6.853630007332748,0.018329477389635678,0.011206391662139369,0.01797477062791586,0.03261377364397049,0.05027778975817846,0.0002607347364431666,0.049319200217723846,0.0499504741281271,0.05009588599205017,0.05026576481759548,0.05044939648360014,0.05062161758542061,0.05072677545249462,0.05141237750649452,395.62400231838836,4.09665719558716,378.32464599609375,395.7814178466797,400.79358825683596,411.1193542480469,257.26683825929786,-608626.3850128122,-159907.81800111925,0.3645751517977947,0.22292016114953256,4.947595182552621e-07,0.07193782571594787,0.180038618916345,0.357488790279864,0.5372950890365192,0.6487788451333208,0.6988954168675681,1.8544573819453871,-11.510387140396285,8.762307986678437,-22.860853854477927,-8.934751435941003,-3.758066394244848,0.6987815662768989,0.9945072221676329,1.0,1.0,0.005492777832367102,0.0,0.0,559,0,0,0.9635193004587447,0.012746710795909166,,1.7112095259625277,0.3381294964028777,0.00042319085907744394,,,,395.62396240234375,4.096656799316406,6.853630007332748,0.05027778819203377,0.6906484998061699,0.47288182571049386,,,1.6178549377326719,,157.53333333333333,185.475197503302,1.0,648.0,random,,,,,,,,,,,,,,snr_histograms.csv,calibration_bins.csv,390.2365417480469,392.9054641723633,398.4702453613281,402.11864013671874,-126.11209928465819,-14.89268655586573,-5.395742578720938,-3.1117561496085293,5.3643371415568994,6.249161243438721,14.036833381652833,125.03441301981609,871.6837161440741,1035.9969893781151,81.8035374279676,81.80353895485916,299.2617110891783,1248.898255259798,1266.0328479445352,81.8035374279676,81.80353895485916,299.2617110891783,1248.898255259798,1266.0328479445352,0.6380282178546496,1.2196529646670147,2.481762776597677,0.02497538976512472,0.9384774905037496,0.9390479983725422,0.984209631030509,0.9956131237159941,0.9956162158411044,6.249161243438721,14.036833381652833,125.03441301981609,871.6837161440741,1035.9969893781151,81.8035374279676,81.80353895485916,299.2617110891783,1248.898255259798,1266.0328479445352,product,0.9900685895544808,
bayesfl_observability_v1,vi_lr0p002_b16_e1,2,vi,mnist,mlp,0,0,0.1,0.5,300,24,0.05,15,2180,2180,1,16,0.05,42,1,5,5,15.575885683298111,4.6621938571333885,0.012683980166912079,10.909112740308046,0,15,13,0.1136,2.409332677650452,733.878916266492,0.1136,0.8864,2.409332677650452,2.409332677650452,0.9220031325340271,0.10344818331301212,0.5399360656738281,0.2170481838464737,2.1436741247177125,10000,5,2.1436741247177125,1.9520310358047486,0.1916430889129639,1.9520310358047486,0.1916430889129639,0.005266027152538299,0.0026900312293130528,0,,,,,,,,,,,,,,,,,,,,,,,,,,,,,1.5599344849966017,0.6474309504295498,0.6380282157545756,2.483059820935179,0.9715180442447634,323.2463518574553,310.10231518715517,,,570.9942937174078,398.7317463686827,570.9942937174078,398.7317463686827,323.2463518574553,310.10231518715517,570.9942937174078,398.7317463686827,,,,,,,,,0.05,1e-05,1,product,1.0,,,,,,,,,,,,,,,,,,,,,,,,1.0,,,1,101770,6.934288554327366,0.018483415379242942,0.011438707340060313,0.018014535307884216,0.03318233266472816,0.05055176488838455,0.0004406978928355372,0.048884037882089615,0.04999844953417778,0.05024462006986141,0.05053377337753773,0.050839660689234734,0.05112907364964485,0.05130595061928034,0.052563514560461044,391.4047911629082,6.806726077833013,361.9355163574219,391.59446716308594,400.02480163574216,418.4714660644531,260.09105980822085,-607525.2504041193,-159357.25069657058,0.3656535017740216,0.2263301839733834,1.3636409998631284e-05,0.07206024521031336,0.17907990771694202,0.3563725923548912,0.5343730452875618,0.6563635447641255,0.7168833042443524,1.940944496364134,-11.523519222744612,8.822802065136862,-22.846085287988018,-8.96191407510399,-3.6571109639272628,0.7025449543087354,0.994703743735875,1.0,1.0,0.0052962562641249876,0.0,0.0,539,0,0,1.0650223631704312,0.014928885735571384,,1.704502058628628,0.4389908256880734,0.0009174311926605505,,,,391.40478515625,6.806726455688477,6.934288554327366,0.05055176839232445,0.750533251633368,0.229870570758918,,,1.565437051980861,,145.33333333333334,217.33742327439964,2.0,896.0,random,,,,,,,,,,,,,,snr_histograms.csv,calibration_bins.csv,382.52879943847654,386.8964157104492,396.1146240234375,402.26715393066405,-97.30599835398507,-14.939062762012718,-5.4431091313830064,-2.891030678772302,5.760262327890913,6.254210472106934,9.755431938171387,164.8132619857788,716.2155053608233,1069.6716111217227,80.91272431275364,80.9127262334801,404.76999726048757,1070.2952898712522,1235.8690100632932,80.91272431275364,80.9127262334801,404.76999726048757,1070.2952898712522,1235.8690100632932,0.6380282167506425,1.425903643448268,2.2991294354918916,0.01926423522701401,0.9400750849143906,0.9480620916086663,0.9790380428368414,0.9956967155611703,0.9957027071026595,6.254210472106934,9.755431938171387,164.8132619857788,716.2155053608233,1069.6716111217227,80.91272431275364,80.9127262334801,404.76999726048757,1070.2952898712522,1235.8690100632932,product,0.9881350269219011,
bayesfl_observability_v1,vi_lr0p002_b16_e1,3,vi,mnist,mlp,0,0,0.1,0.5,300,24,0.05,15,2209,2209,1,16,0.05,42,1,5,5,14.923215564340353,3.676271751523018,0.011245537549257278,11.246377293020487,0,15,12,0.1185,2.381068211364746,662.2281285573407,0.1185,0.8815,2.381068211364746,2.381068211364746,0.9193606938362121,0.1106284001290798,0.6343854069709778,0.22908126571178436,2.1390340980529787,10000,5,2.1390340980529787,1.9457093200683593,0.19332477798461944,1.9457093200683593,0.19332477798461944,0.005330280847474933,0.0027443653868801992,0,,,,,,,,,,,,,,,,,,,,,,,,,,,,,1.7147553129876025,0.6688445813705428,0.6380282163457516,2.510172501934474,0.9672286078925899,386.9203163589313,310.9450715436206,,,670.3632549572244,443.0220091490755,670.3632549572244,443.0220091490755,386.9203163589313,310.9450715436206,670.3632549572244,443.0220091490755,,,,,,,,,0.05,1e-05,1,product,1.0,,,,,,,,,,,,,,,,,,,,,,,,1.0,,,1,101770,6.988022028524903,0.018588766007699837,0.011588325135768043,0.018010318279266357,0.03355893194675446,0.05079623669714623,0.00048504060380860306,0.048987362533807755,0.05018773227930069,0.05045946128666401,0.0507790632545948,0.051113915629684925,0.05142819546163082,0.05162365362048149,0.05304907634854317,387.6639840820888,7.385782444405743,355.3402099609375,387.82037353515625,397.0131317138672,416.7080383300781,262.6167651787391,-606544.8331164552,-158867.04205255938,0.36597118787736543,0.22818993632342136,6.823880337812755e-06,0.07148262774329954,0.17724344394668495,0.35456052257851123,0.5339727437857626,0.6603933501283618,0.7272270012630984,1.9022891351432833,-11.523205444857528,8.769932996898202,-22.915989819459178,-9.006192423856302,-3.603946171052817,0.7046084307752776,0.9945661786381055,1.0,1.0,0.005433821361894468,0.0,0.0,553,0,0,0.8414217524315152,0.011813890188932419,,1.9545763137175336,0.35083748302399276,0.0009053870529651426,,,,387.66400146484375,7.385782718658447,6.988022028524903,0.050796233117580414,0.6839854692134526,0.395868036552136,,,1.605505805068147,,147.26666666666668,132.06032291679773,2.0,406.0,random,,,,,,,,,,,,,,snr_histograms.csv,calibration_bins.csv,378.091943359375,382.75572204589844,392.7487258911133,399.56468200683594,-103.31937067661488,-15.028596399104813,-5.44961821865021,-2.766600091129949,5.5855305491290705,5.493387699127197,63.5089808146159,288.31116342544556,836.6022101680437,908.342003932366,80.05384037981928,164.92077813176132,589.8653293702025,1243.943190017172,1253.1678828937718,80.05384037981928,164.92077813176132,589.8653293702025,1243.943190017172,1253.1678828937718,0.8701170081714924,1.729703637613061,2.502977315118807,0.020908195360570595,0.9404564514319678,0.9406245817830435,0.9702470629825996,0.9914548123759891,0.9957956822232,5.493387699127197,63.5089808146159,288.31116342544556,836.6022101680437,908.342003932366,80.05384037981928,164.92077813176132,589.8653293702025,1243.943190017172,1253.1678828937718,product,0.9927244377051903,
bayesfl_observability_v1,vi_lr0p002_b16_e1,4,vi,mnist,mlp,0,0,0.1,0.5,300,24,0.05,15,2335,2335,1,16,0.05,42,1,5,5,15.233437743037939,4.454367361962795,0.007000189274549484,10.778429482132196,0,15,10,0.1172,2.394532504463196,778.3962471255467,0.1172,0.8828,2.394532504463196,2.394532504463196,0.928543264579773,0.15622282570973037,0.6689028739929199,0.27337353949546817,2.092044229698181,10000,5,2.092044229698181,1.900792631340027,0.19125159835815397,1.900792631340027,0.19125159835815397,0.005382712704688311,0.002750146310581086,0,,,,,,,,,,,,,,,,,,,,,,,,,,,,,1.488635236252243,0.6935385361621975,0.6380250757373797,2.514872146216517,0.9740780474367434,314.28625270098576,319.875762208651,,,529.6590856216646,410.22906187435376,529.6590856216646,410.22906187435376,314.28625270098576,319.875762208651,529.6590856216646,410.22906187435376,,,,,,,,,0.05,1e-05,1,product,1.0,,,,,,,,,,,,,,,,,,,,,,,,1.0,,,1,101770,7.0811772271725575,0.018772614545221354,0.011844774790854239,0.018065503798425198,0.034263770654797555,0.05109418212201227,0.0006371421819548862,0.04871474578976631,0.05029266141355038,0.050650984048843384,0.05107266642153263,0.05151505582034588,0.05192742384970188,0.05217813309282064,0.05427679419517517,383.22970359332203,9.531402038479163,339.4467468261719,383.37425231933594,395.35821228027345,421.3850402832031,265.7236475602114,-605360.9916482351,-158275.1213182369,0.3674599490674935,0.23193752745424076,7.035203449816473e-06,0.07096870013248333,0.17784727002726988,0.3533831572444412,0.5337945610371813,0.6707222996268382,0.7439980978114851,2.0140633368521472,-11.530178166511273,8.838483536352815,-22.978662987891735,-9.035083069628008,-3.4691450871285863,0.7052176476368281,0.9941927876584455,0.9999803478431758,1.0,0.005807212341554485,1.9652156824211458e-05,0.0,591,2,0,1.1507300956508613,0.017568578477948904,,1.6919175055918885,0.44839400428265525,0.0021413276231263384,,,,383.2297668457031,9.531401634216309,7.0811772271725575,0.0510941818356514,0.55435486216155,0.4521560044710707,,,1.7471083496153843,,155.66666666666666,258.3082568474255,2.0,1047.0,random,,,,,,,,,,,,,,snr_histograms.csv,calibration_bins.csv,370.85694274902346,376.81800842285156,389.7842102050781,398.6425186157226,-103.05446554059914,-14.999055938616433,-5.452517114772639,-2.56856349638491,6.081462476420608,3.9893054962158203,9.207059478759765,236.7315362930298,777.846950790286,1063.897834965677,79.29155843091019,79.29234251120744,490.34542785464305,1101.6980647902562,1244.730965089812,79.29155843091019,79.29234251120744,490.34542785464305,1101.6980647902562,1244.730965089812,0.6380282150667296,1.584916906649904,2.358669327057925,0.019458454683133945,0.9410584997376729,0.947430936244812,0.9752032026107413,0.9958582533201271,0.9958597436634545,3.9893054962158203,9.207059478759765,236.7315362930298,777.846950790286,1063.897834965677,79.29155843091019,79.29234251120744,490.34542785464305,1101.6980647902562,1244.730965089812,product,0.9867076507966412,
bayesfl_observability_v1,vi_lr0p002_b16_e1,5,vi,mnist,mlp,0,0,0.1,0.5,300,24,0.05,15,1743,1743,1,16,0.05,42,1,5,5,14.891053382307291,3.8732560463249683,0.012947052717208862,11.017054371535778,0,15,13,0.117,2.3674887214660645,616.4512044540975,0.117,0.883,2.3674887214660645,2.3674887214660645,0.9204324143409729,0.1460414052657783,0.24602796690804618,0.2624988700389862,2.1090942569732665,10000,5,2.1090942569732665,1.915098493385315,0.19399576358795145,1.915098493385315,0.19399576358795145,0.005383957295492291,0.0026754416093851346,12,0.4289206194523399,0.2743658516705152,0.22726142854344303,0.0,0.0,0.11842105263157894,0.18859649122807015,0.43827543424317617,0.6037062457103638,0.6666666666666666,1.8126133306920778,2.000721047200118,0.32724717554300087,1.3156194889799078,1.9608401854832969,2.746323585510254,,,2.000721047200118,,,,,,,,,,1.5255250044784474,0.7299031035838804,0.6380282163489593,2.505798127698615,0.9733089473598596,306.33505172838215,296.6120538852142,,,553.8350314942785,444.709601565505,553.8350314942785,444.709601565505,306.33505172838215,296.6120538852142,553.8350314942785,444.709601565505,,,,,,,,,0.05,1e-05,1,product,1.0,,,,,,,,,,,,,,,,,,,,,,,,1.0,,,1,101770,7.1367452441231,0.01888188322721786,0.011997809853335447,0.018042895011603832,0.03467645235359669,0.05133267002950937,0.0006758477409415819,0.048828691244125366,0.05048154965043068,0.05086727160960436,0.05131130293011665,0.05177668668329716,0.052217498421669006,0.05248007383197546,0.054473876953125,379.6973605473524,9.972496300846542,336.9949645996094,379.8165740966797,392.4050750732422,419.420654296875,268.21481286781614,-604414.9706594908,-157802.11082369555,0.36789083862792216,0.23384701632891802,1.2472300403546363e-05,0.07138836656557451,0.17552482629625757,0.3514713996646244,0.5331698029513819,0.6753852282146166,0.7533817757041612,2.109774171657841,-11.523264908230509,8.806900757699763,-22.927451100205943,-9.082200182484286,-3.408968846609282,0.7067505158691166,0.9937899184435491,0.9999901739215878,1.0,0.00621008155645082,9.826078412105729e-06,0.0,632,1,0,0.9046342250227573,0.012423347623553127,,2.1249588647527267,0.24440619621342513,0.0005737234652897303,,,,379.6973571777344,9.97249698638916,7.1367452441231,0.05133267119526863,0.6905845621812401,0.34026558851380595,,,1.6135431151187307,,116.2,123.62211236937617,1.0,426.0,random,,,,,,,,,,,,,,snr_histograms.csv,calibration_bins.csv,366.7480895996094,373.0194625854492,386.4765167236328,395.88207397460934,-98.08106805209408,-15.113228962037837,-5.4626891128754735,-2.4596977931069337,6.48471942584751,3.0354666709899902,25.749530792236328,161.79561138153076,702.1308665847778,897.0676882708514,78.38967160402225,78.38967231721841,390.85268907378054,1147.812644504927,1223.7793771717472,78.38967160402225,78.38967231721841,390.85268907378054,1147.812644504927,1223.7793771717472,0.6380282188428106,1.4235256542113757,2.4326414271726438,0.020855763835605914,0.9426909923966704,0.9457093293786933,0.9803804709146664,0.9959647308614396,0.9959651163226079,3.0354666709899902,25.749530792236328,161.79561138153076,702.1308665847778,897.0676882708514,78.38967160402225,78.38967231721841,390.85268907378054,1147.812644504927,1223.7793771717472,product,0.9919338068274517,0.32724717554300087
bayesfl_observability_v1,vi_lr0p002_b16_e1,6,vi,mnist,mlp,0,0,0.1,0.5,300,24,0.05,15,2411,2411,1,16,0.05,42,1,5,5,15.005009420216084,4.087725080549717,0.009796272963285446,10.916756477206945,0,15,12,0.1384,2.3388199321746828,720.2782770152807,0.1384,0.8616,2.3388199321746828,2.3388199321746828,0.9111288796424866,0.11072908558472992,0.6714800596237183,0.24912908554077148,2.114104140472412,10000,5,2.114104140472412,1.9149500499725343,0.19915409049987787,1.9149500499725343,0.19915409049987787,0.0055595950353890655,0.002792515792988316,0,,,,,,,,,,,,,,,,,,,,,,,,,,,,,1.6743807890693985,0.5597068343783153,0.6380282178915465,2.5190409052790197,0.9711806477733399,356.94918297610803,308.0941447800032,,,599.1618348419346,366.17362083639426,599.1618348419346,366.17362083639426,356.94918297610803,308.0941447800032,599.1618348419346,366.17362083639426,,,,,,,,,0.05,1e-05,1,product,1.0,,,,,,,,,,,,,,,,,,,,,,,,1.0,,,1,101770,7.205176068957125,0.019018683616456793,0.012182209662201958,0.018071137368679047,0.03515088818967343,0.051608429806832425,0.0007421167364715399,0.04869583994150162,0.05066939257085323,0.05109817162156105,0.05158619582653046,0.052098825573921204,0.05257751308381557,0.05286052376031876,0.055049531161785126,375.6881321873589,10.778640718938657,329.9839172363281,375.7794189453125,389.50103454589845,421.7123107910156,271.1133223906779,-603327.8766428704,-157258.56381519328,0.3685910071517946,0.23621376567447167,2.1880218769581715e-06,0.07080186841330552,0.1764249311476167,0.350196913050122,0.5339316209197307,0.6817391032337995,0.7622357270952916,2.0967884847646743,-11.553696261532473,8.910996056721016,-22.999105630631025,-9.113753730179056,-3.3276358999332363,0.7078117323376241,0.9932691362877075,0.9999901739215878,1.0,0.006730863712292424,9.826078412105729e-06,0.0,685,1,0,0.9840787166291274,0.01336350105702877,,1.8490103545040277,0.334301119867275,0.0008295313148071339,,,,375.6881103515625,10.778641700744629,7.205176068957125,0.05160842463374138,0.8148359957643894,0.31612282078522436,,,1.495664966169466,,160.73333333333332,201.06432359377487,2.0,765.0,random,,,,,,,,,,,,,,snr_histograms.csv,calibration_bins.csv,361.7428039550781,368.4207992553711,382.9916229248047,393.33031005859374,-113.19896283064091,-15.06880086818,-5.450287164990485,-2.358213983147628,6.43109245735484,5.452505111694336,100.29839725494385,237.94113464355468,875.0918546570672,1019.259429872036,77.67061234360634,220.21749551016828,483.4543348603916,1173.4894172591871,1223.480126215623,77.67061234360634,220.21749551016828,483.4543348603916,1173.4894172591871,1223.480126215623,1.0669017585885223,1.590068245111971,2.458950055970318,0.01681812528277234,0.9429162836386793,0.9455083518531648,0.9760146592307892,0.9888796274689493,0.9960300986536399,5.452505111694336,100.29839725494385,237.94113464355468,875.0918546570672,1019.259429872036,77.67061234360634,220.21749551016828,483.4543348603916,1173.4894172591871,1223.480126215623,product,0.990629133441505,
bayesfl_observability_v1,vi_lr0p002_b16_e1,7,vi,mnist,mlp,0,0,0.1,0.5,300,24,0.05,15,2366,2366,1,16,0.05,42,1,5,5,15.09576914459467,4.1331773437559605,0.00823931023478508,10.962071906775236,0,15,10,0.1558,2.2959912155151367,850.408695566163,0.1558,0.8442000000000001,2.2959912155151367,2.2959912155151367,0.8972538157463074,0.060100144255906346,0.5169803649187088,0.21492895331382753,2.1437774801254275,10000,5,2.1437774801254275,1.938002375984192,0.20577510414123545,1.938002375984192,0.20577510414123545,0.005670797760412097,0.0028187937190077604,0,,,,,,,,,,,,,,,,,,,,,,,,,,,,,1.367830230087814,0.7607016146847633,0.6380282182024892,2.535909198529814,0.9778686718666793,299.89780638887055,380.75890290465463,,,467.33971179414067,455.34624416326494,467.33971179414067,455.34624416326494,299.89780638887055,380.75890290465463,467.33971179414067,455.34624416326494,,,,,,,,,0.05,1e-05,1,product,1.0,,,,,,,,,,,,,,,,,,,,,,,,1.0,,,1,101770,7.2907507964155505,0.01918228144504264,0.012423596102102018,0.018078763037919998,0.03572218492627144,0.05192368680334336,0.0008249784248995276,0.04869876429438591,0.05087588839232922,0.051357900723814964,0.05190217308700085,0.052469600923359394,0.05299680307507515,0.05331039633601904,0.05588105320930481,371.19071905123553,11.768980362757333,320.23651123046875,371.21791076660156,386.34559326171876,421.6616516113281,274.4482312832805,-602092.949707228,-156641.10034715658,0.36952089930000703,0.23945858395835332,1.930463158370692e-06,0.07014502025708232,0.17427829523668592,0.3481118402232668,0.5349952728774767,0.6882021834208403,0.7755904485859714,2.087622164465738,-11.573837262839042,8.962225135859683,-23.080063115174028,-9.165624098717313,-3.245679077026535,0.7072909501817825,0.9924044413874423,0.9999901739215878,1.0,0.007595558612557728,9.826078412105729e-06,0.0,773,1,0,1.1336810678081224,0.01627943478524685,,1.4109014015181776,0.41335587489433645,0.00042265426880811494,,,,371.190673828125,11.768980026245117,7.2907507964155505,0.051923684775829315,0.5249106133263843,0.4413433088283173,,,1.7986790529036993,,157.73333333333332,238.23139078542013,1.0,765.0,random,,,,,,,,,,,,,,snr_histograms.csv,calibration_bins.csv,356.04150390625,363.23230743408203,379.1276626586914,390.572737121582,-114.28676514437109,-15.175133938290791,-5.43300110622403,-2.207350958198746,6.393037983006442,1.4590890407562256,2.258316421508789,76.84967470169067,919.1501638607037,1017.6412118474642,76.85446434816099,76.85446543540944,177.84998772243122,1185.5954615238536,1225.9450067952105,76.85446434816099,76.85446543540944,177.84998772243122,1185.5954615238536,1225.9450067952105,0.6380282186568387,0.970316910245473,2.490043388294304,0.020935147699838817,0.9431159161430771,0.945021876792744,0.9910546022291411,0.9961028734505547,0.9961034004775211,1.4590890407562256,2.258316421508789,76.84967470169067,919.1501638607037,1017.6412118474642,76.85446434816099,76.85446543540944,177.84998772243122,1185.5954615238536,1225.9450067952105,product,0.987836646486441,
bayesfl_observability_v1,vi_lr0p002_b16_e1,8,vi,mnist,mlp,0,0,0.1,0.5,300,24,0.05,15,2075,2075,1,16,0.05,42,1,5,5,14.74755259603262,3.7483185045421124,0.008636068552732468,10.998735796660185,0,15,12,0.1679,2.23797450504303,736.0222660754406,0.1679,0.8321000000000001,2.23797450504303,2.23797450504303,0.8870762906074524,0.04021874870806932,0.45990490913391113,0.2074506243944168,2.1716564764022825,10000,5,2.1716564764022825,1.9597279285430909,0.21192854785919168,1.9597279285430909,0.21192854785919168,0.0057105969112366435,0.002919801410084907,0,,,,,,,,,,,,,,,,,,,,,,,,,,,,,1.4511941992485802,0.7233922472793176,0.6380282167900749,2.488638210318585,0.9767114606173023,288.7000506057448,319.52563790176276,,,494.3852991564388,425.99712743010633,494.3852991564388,425.99712743010633,288.7000506057448,319.52563790176276,494.3852991564388,425.99712743010633,,,,,,,,,0.05,1e-05,1,product,1.0,,,,,,,,,,,,,,,,,,,,,,,,1.0,,,1,101770,7.368573786186983,0.01934124571263986,0.012626629997927841,0.01815079804509878,0.03619709946215153,0.05221580589969629,0.0009066218361989822,0.04865697771310806,0.05106792524456978,0.05159575957804918,0.05219716578722,0.05281415022909641,0.05339265391230583,0.053740317560732366,0.05612125247716904,367.10309114339043,12.724774734609037,317.50115966796875,367.03387451171875,383.4454620361328,422.38623046875,277.5585777484313,-600956.0453264893,-156072.64815659146,0.3705089087122988,0.24199937680147762,2.9739420919071896e-06,0.06983160224268739,0.17319045820190804,0.34755381335576974,0.5353376667270351,0.6934114392424582,0.7870913072670387,2.1289043243473196,-11.56959617865153,8.965532785181185,-23.118959867681383,-9.179558841076165,-3.1801799609982626,0.7076839933182667,0.9916969637417706,0.9999803478431758,1.0,0.00830303625822934,1.9652156824211458e-05,0.0,845,2,0,1.1238195615526128,0.016526027116924524,,1.781093334836338,0.4130120481927711,0.0019277108433734939,,,,367.10308837890625,12.724774360656738,7.368573786186983,0.052215803414583206,0.8392664668747916,0.4811242030441931,,,1.4505809226778346,,138.33333333333334,214.31555136190087,2.0,855.0,random,,,,,,,,,,,,,,snr_histograms.csv,calibration_bins.csv,350.78174743652346,358.5084686279297,375.6401062011719,388.176091003418,-110.53334692413031,-15.22952077626307,-5.427443969185602,-2.0794976798624734,6.5631228826767405,5.231903076171875,14.703982543945314,115.39787975947063,713.1400307838393,1025.6933154176784,75.93894108404191,75.9389421621905,278.5396103721549,1109.1969487035335,1164.841194055397,75.93894108404191,75.9389421621905,278.5396103721549,1109.1969487035335,1164.841194055397,0.6380282184972331,1.2212251632317375,2.430230914159517,0.019512149931763915,0.9461697756538078,0.9486000045333609,0.9862889617028512,0.9961959830672962,0.9961976416492846,5.231903076171875,14.703982543945314,115.39787975947063,713.1400307838393,1025.6933154176784,75.93894108404191,75.9389421621905,278.5396103721549,1109.1969487035335,1164.841194055397,product,0.9883017776045488,
bayesfl_observability_v1,vi_lr0p002_b16_e1,9,vi,mnist,mlp,0,0,0.1,0.5,300,24,0.05,15,1581,1581,1,16,0.05,42,1,5,5,14.370669018477201,3.467300545424223,0.007960774004459381,10.902839802205563,0,15,10,0.1826,2.221020674133301,627.3453479818203,0.1826,0.8174,2.221020674133301,2.221020674133301,0.8825945365905762,0.027990095598995696,0.6099557280540466,0.20979085748195647,2.170510039138794,10000,5,2.170510039138794,1.9579313383102417,0.21257870082855246,1.9579313383102417,0.21257870082855246,0.005719339333847165,0.002817644874807128,0,,,,,,,,,,,,,,,,,,,,,,,,,,,,,1.4064687270208023,0.7669496093429999,0.6380282185885755,2.543166433777158,0.9778271051201453,266.3588979469376,298.0603817081145,,,476.36598972727717,445.6636106084883,476.36598972727717,445.6636106084883,266.3588979469376,298.0603817081145,476.36598972727717,445.6636106084883,,,,,,,,,0.05,1e-05,1,product,1.0,,,,,,,,,,,,,,,,,,,,,,,,1.0,,,1,101770,7.440461423761967,0.019482257919403712,0.012822554665858138,0.018170680850744247,0.03673002943396569,0.05246950672675681,0.0009410889398735991,0.04886292666196823,0.051280032470822336,0.051827382296323776,0.052448924630880356,0.053091734647750854,0.05368906445801258,0.05405513513833284,0.05661708489060402,363.583610064025,13.017205385346193,311.9643859863281,363.5187683105469,380.2799407958984,418.8331604003906,280.26794302283224,-599971.5546309634,-155580.40280865988,0.37141095209593505,0.2445841057385632,2.0300829950160005e-06,0.06885969849289894,0.17252856812040307,0.3464201435843453,0.5361897491399681,0.7003485372145093,0.7959563124557664,2.0847181410743354,-11.592514949556374,9.04613772805764,-23.240697678274532,-9.207937252631854,-3.0937154821618797,0.705856342733615,0.990989486096099,0.9999901739215878,1.0,0.009010513903900954,9.826078412105729e-06,0.0,917,1,0,1.0030920564761856,0.014018980786204338,,1.8773831910452832,0.2567994939911448,0.0018975332068311196,,,,363.5836181640625,13.017205238342285,7.440461423761967,0.05246950685977936,0.6522591627650056,0.3878453786575586,,,1.6377439128665328,,105.4,129.29233027007697,1.0,406.0,random,,,,,,,,,,,,,,snr_histograms.csv,calibration_bins.csv,346.91916809082034,354.7694091796875,372.2900848388672,385.22172241210933,-113.84971985437325,-15.262779640891493,-5.413629862049861,-1.982215373711087,6.380946912331424,2.640021800994873,7.327689170837402,156.9445562362671,718.5155634481256,852.9597225739406,75.10683378136807,75.10683393632536,372.7016174281117,1148.2517149771013,1204.2420537439484,75.10683378136807,75.10683393632536,372.7016174281117,1148.2517149771013,1204.2420537439484,0.6380282191626471,1.420183477201305,2.481995524051891,0.02019833612826531,0.945216351023204,0.9478004566072296,0.9819403732955327,0.9962729850619583,0.996274846705102,2.640021800994873,7.327689170837402,156.9445562362671,718.5155634481256,852.9597225739406,75.10683378136807,75.10683393632536,372.7016174281117,1148.2517149771013,1204.2420537439484,product,0.9908708154393748,
bayesfl_observability_v1,vi_lr0p002_b16_e1,10,vi,mnist,mlp,0,0,0.1,0.5,300,24,0.05,15,2556,2556,1,16,0.05,42,1,5,5,16.163466971367598,4.924713466316462,0.01180604100227356,11.238149251788855,0,15,13,0.1882,2.1852284801483153,679.3893702644975,0.1882,0.8118,2.1852284801483153,2.1852284801483153,0.8747950464248657,0.018422317054122693,0.14695533613363904,0.2031191712617874,2.1799286975860594,10000,5,2.1799286975860594,1.9630594951629639,0.2168692024230956,1.9630594951629639,0.2168692024230956,0.005798346093669533,0.0029541252989087304,13,0.6921771881405189,0.5953533663362138,0.26237966954971026,0.0,0.22635658914728685,0.5,0.6666666666666666,0.7727272727272727,0.8394957983193277,1.0,1.5186688218276325,1.6927758198241496,0.3523276807524599,0.9886452576209759,1.7616473111239346,2.367417812347412,,,1.6927758198241496,,,,,,,,,,1.7742392079002542,0.7136681033779555,0.6380282192227716,2.542439664494425,0.9690711243634549,402.5414813979018,314.1159418927052,,,673.171657791553,432.6464820680357,673.171657791553,432.6464820680357,402.5414813979018,314.1159418927052,673.171657791553,432.6464820680357,,,,,,,,,0.05,1e-05,1,product,1.0,,,,,,,,,,,,,,,,,,,,,,,,1.0,,,1,101770,7.484862935602166,0.0195682109520598,0.012945007244011352,0.01815744861960411,0.03701831288635732,0.05274008466133062,0.0009704966166030667,0.04903387650847435,0.05151066184043884,0.052076516672968864,0.052720654755830765,0.05338394548743963,0.05399739034473896,0.05437454991042614,0.057132165879011154,359.88077766813535,13.220702495478994,306.3646240234375,359.7811737060547,376.8822906494141,415.9178466796875,283.1707907336839,-598926.3455345229,-155057.79826026218,0.3711422183128763,0.24565799424494097,7.99115547419888e-06,0.06864270018902237,0.17100037400831786,0.3445368167203078,0.536206922906713,0.7017159987298965,0.8003701120789337,2.0396975993447195,-11.610542524182321,9.021871011398053,-23.26811283558582,-9.255287263625181,-3.0767724337677436,0.706966689594183,0.9902623562936033,0.9999901739215878,1.0,0.009737643706396777,9.826078412105729e-06,0.0,991,1,0,0.8550373648839728,0.011781097389757633,,2.1466275087525,0.18896713615023475,0.000782472613458529,,,,359.8807373046875,13.220702171325684,7.484862935602166,0.05274008587002754,0.6522753084944662,0.4362957414032505,,,1.6686681009921112,,170.4,152.48335428279813,2.0,475.0,random,,,,,,,,,,,,outputs/tune_vi_mnist_noniid_unbalanced/vi_lr0p002_b16_e1/posterior_snapshots/round_0010.pt,,snr_histograms.csv,calibration_bins.csv,342.96868286132815,350.8961868286133,368.73651123046875,381.8561157226562,-101.94780730729056,-15.340058794540566,-5.41335166378783,-1.934182748574452,6.191315694886593,5.706126689910889,16.543295669555665,310.26740850721086,830.8976714127858,902.951337146759,74.3903812506443,74.39038241093127,629.8573116175533,1189.6080804071469,1194.3182751885392,74.3903812506443,74.39038241093127,629.8573116175533,1189.6080804071469,1194.3182751885392,0.6380282199994813,1.8537437840494804,2.5369700282052556,0.019328539079997584,0.9459484305788871,0.9463848296933399,0.9703670734796125,0.9963450798610837,0.9963465871241762,5.706126689910889,16.543295669555665,310.26740850721086,830.8976714127858,902.951337146759,74.3903812506443,74.39038241093127,629.8573116175533,1189.6080804071469,1194.3182751885392,product,0.993453883255258,0.3523276807524599
bayesfl_observability_v1,vi_lr0p002_b16_e1,11,vi,mnist,mlp,0,0,0.1,0.5,300,24,0.05,15,3421,3421,1,16,0.05,42,1,5,5,16.332533311098814,5.649019338190556,0.013935945928096771,10.682967249304056,0,15,15,0.2074,2.153539412879944,795.845974324856,0.2074,0.7926,2.153539412879944,2.153539412879944,0.8683055222511291,0.00907562607675791,0.32488085329532623,0.20082363481521606,2.187429510498047,10000,5,2.187429510498047,1.9661955184936524,0.22123399200439442,1.9661955184936524,0.22123399200439442,0.005853934924304485,0.0029289827002853246,0,,,,,,,,,,,,,,,,,,,,,,,,,,,,,1.698666028874491,0.7216439943986842,0.6380282178800974,2.4855941604122274,0.9714929172491282,391.86424891760055,337.3139469853895,,,622.4522710034676,424.82616554826836,622.4522710034676,424.82616554826836,391.86424891760055,337.3139469853895,622.4522710034676,424.82616554826836,,,,,,,,,0.05,1e-05,1,product,1.0,,,,,,,,,,,,,,,,,,,,,,,,1.0,,,1,101770,7.563532173312603,0.01973601579802587,0.013138125216911479,0.018229995854198933,0.03761667013168335,0.05306531949075106,0.0010582327377627648,0.04867156594991684,0.05172511786222458,0.052339968271553516,0.05304459296166897,0.05376764480024576,0.05443112626671791,0.054838779382407665,0.05819724127650261,355.5457345901614,14.154204570830572,295.25360107421875,355.4002685546875,373.7636291503906,422.1330261230469,286.6909738591292,-597681.0218350582,-154435.13641032224,0.37204736000948113,0.24781650273387762,1.6160610200623263e-05,0.06822882977131531,0.1708901009333265,0.3434737336453001,0.5360629713023679,0.7089409062858967,0.8063029151138593,2.106638482641095,-11.607437703850275,9.03730387867821,-23.320641562778523,-9.282129380081734,-2.987799277844271,0.7066227768497593,0.989495922177459,0.9999901739215878,1.0,0.010504077822541024,9.826078412105729e-06,0.0,1069,1,0,1.061186374325587,0.016862406861037016,,1.9726654132494306,0.38146740719087985,0.00029231218941829873,,,,355.5457458496094,14.154205322265625,7.563532173312603,0.05306531488895416,0.5090469835805914,0.42718808183153506,,,1.7714806975517152,,228.06666666666666,327.5797036176421,1.0,1305.0,random,,,,,,,,,,,,,,snr_histograms.csv,calibration_bins.csv,337.52455444335936,345.90589141845703,365.03382110595703,379.04481811523436,-95.83084436128011,-15.345661874306135,-5.415683815026916,-1.8700354074837608,6.471800266366215,3.4057087898254395,20.068231201171876,307.38932391575406,850.8022976537036,1026.2038369992883,73.63660314560394,73.63660510798739,624.2210203995486,1114.1055437897965,1126.0409284992782,73.63660314560394,73.63660510798739,624.2210203995486,1114.1055437897965,1126.0409284992782,0.6380282190836757,1.8550281836196114,2.4645951005518634,0.018957836137244576,0.9490646429610518,0.9499513909364022,0.9706089892514455,0.996385934785072,0.9963864068676452,3.4057087898254395,20.068231201171876,307.38932391575406,850.8022976537036,1026.2038369992883,73.63660314560394,73.63660510798739,624.2210203995486,1114.1055437897965,1126.0409284992782,product,0.9901087433766582,
bayesfl_observability_v1,vi_lr0p002_b16_e1,12,vi,mnist,mlp,0,0,0.1,0.5,300,24,0.05,15,1928,1928,1,16,0.05,42,1,5,5,15.098140709102154,4.013303343206644,0.009470202028751373,11.084284011274576,0,15,12,0.2413,2.1182703332901003,618.6833385372478,0.2413,0.7587,2.1182703332901003,2.1182703332901003,0.8586150355339051,0.042738884600251895,0.21092985434965655,0.19872737259864806,2.1888386692047117,10000,5,2.1888386692047117,1.9644394248962402,0.22439924430847147,1.9644394248962402,0.22439924430847147,0.005942191687226295,0.0029408742763498354,0,,,,,,,,,,,,,,,,,,,,,,,,,,,,,1.5912039327055345,0.6872753399936903,0.6380282099691508,2.5534936055653787,0.9752102561342874,309.58258012862086,288.7263065769548,,,540.3284425100285,392.0288018811594,540.3284425100285,392.0288018811594,309.58258012862086,288.7263065769548,540.3284425100285,392.0288018811594,,,,,,,,,0.05,1e-05,1,product,1.0,,,,,,,,,,,,,,,,,,,,,,,,1.0,,,1,101770,7.623615950878879,0.019868360075102662,0.013279127620292059,0.0182737959548831,0.03795290216803551,0.05332285305222489,0.0010891994019021447,0.048784468322992325,0.051945192739367485,0.05257481802254915,0.053299516439437866,0.054044002667069435,0.05473517738282681,0.05514542572200298,0.058832403272390366,352.14030933873033,14.360543050310339,288.9128112792969,352.0087585449219,370.60328369140626,420.1814270019531,289.48608932957757,-596697.5914531241,-153943.42121919195,0.3727457247981425,0.2492957538068672,3.9280369530376125e-06,0.0689223766642578,0.17040837095924719,0.34301143872300416,0.5376089457669456,0.7120986614922084,0.811905766924696,2.1661499889357105,-11.595300246690057,9.03701260006346,-23.23279512115954,-9.293827937941911,-2.9491966111534813,0.7062886901837476,0.9886115751203695,0.9999803478431758,1.0,0.01138842487963054,1.9652156824211458e-05,0.0,1159,2,0,0.9409562730432542,0.013363649137318134,,1.9709510218510513,0.22095435684647302,0.0005186721991701245,,,,352.14031982421875,14.360542297363281,7.623615950878879,0.05332285538315773,0.8539134779979317,0.4303879395894643,,,1.4490114860125611,,128.53333333333333,139.16171248666862,1.0,413.0,random,,,,,,,,,,,,,,snr_histograms.csv,calibration_bins.csv,333.7851104736328,342.3773193359375,361.77989959716797,375.9971984863281,-108.11648649349007,-15.370181505386261,-5.3906702655920515,-1.8098874796796354,6.713770496499901,2.132803440093994,12.776725006103518,223.05679683685304,818.3155505199433,845.9291279499347,72.75412253923977,72.75412501540336,456.1140454096488,1173.3798862144672,1178.8734646541218,72.75412253923977,72.75412501540336,456.1140454096488,1173.3798862144672,1178.8734646541218,0.6380282178174164,1.5959222360492158,2.5486707260056667,0.01738887573738461,0.9475313231632723,0.9476555877255554,0.9784151152684285,0.9964603746448961,0.9964623201411015,2.132803440093994,12.776725006103518,223.05679683685304,818.3155505199433,845.9291279499347,72.75412253923977,72.75412501540336,456.1140454096488,1173.3798862144672,1178.8734646541218,product,0.9923537439191717,
bayesfl_observability_v1,vi_lr0p002_b16_e1,13,vi,mnist,mlp,0,0,0.1,0.5,300,24,0.05,15,1779,1779,1,16,0.05,42,1,5,5,14.524336159229279,3.606751751154661,0.01006174087524414,10.917064767330885,0,15,14,0.2397,2.1109432195663453,466.1718730671993,0.2397,0.7603,2.1109432195663453,2.1109432195663453,0.856906729221344,0.03777885871380567,0.6263313293457031,0.20375136647224426,2.181247992324829,10000,5,2.181247992324829,1.9521614835739136,0.2290865087509153,1.9521614835739136,0.2290865087509153,0.00613645822070539,0.0030701979860338307,0,,,,,,,,,,,,,,,,,,,,,,,,,,,,,1.7163813447558556,0.5964913130004422,0.6380282195993607,2.506828317605086,0.9731192425916098,310.4445256635364,215.1793939414164,,,587.155708455839,345.88387646822605,587.155708455839,345.88387646822605,310.4445256635364,215.1793939414164,587.155708455839,345.88387646822605,,,,,,,,,0.05,1e-05,1,product,1.0,,,,,,,,,,,,,,,,,,,,,,,,1.0,,,1,101770,7.66054512229034,0.019945386522007637,0.013372160115445057,0.018313569016754627,0.03816772028803826,0.0535410663399066,0.0011055958393613862,0.049060285091400146,0.052146559953689574,0.052779615856707096,0.053520822897553444,0.054272059351205826,0.05497465245425701,0.055391060374677184,0.05904622748494148,349.2854191770626,14.40218504000145,286.8241271972656,349.10369873046875,367.7466125488281,415.47021484375,291.86293928217384,-595867.2779526134,-153528.26446880001,0.37267372454426706,0.25002888666001294,1.1959661027678863e-05,0.06795919688786754,0.16973143698503385,0.342249039538568,0.5382559717501434,0.7126487761839629,0.8136993802617623,2.1729435875683096,-11.609866517300137,9.03394848328552,-23.355035244233342,-9.313155239242512,-2.94248912659702,0.7066719072418198,0.988110445121352,0.9999803478431758,1.0,0.011889554878647932,1.9652156824211458e-05,0.0,1210,2,0,0.7383775602772867,0.010470407083630562,,2.3512864796870225,0.16245081506464307,0.002810567734682406,,,,349.285400390625,14.40218448638916,7.66054512229034,0.05354106426239014,0.7766686654435714,0.3131197875263915,,,1.530826327005275,,118.6,86.20580026889142,5.0,289.0,random,,,,,,,,,,,,,,snr_histograms.csv,calibration_bins.csv,330.88341369628904,339.50597381591797,358.97777557373047,373.23702239990234,-98.44562186111276,-15.404754238679573,-5.380222864423057,-1.7907202955666424,6.740969032389529,12.46701431274414,59.95416793823243,302.7312274660383,611.3971907501594,707.9086809534775,72.06088652540917,148.86696116853778,609.8508736117211,1072.371801526873,1121.3399473588597,72.06088652540917,148.86696116853778,609.8508736117211,1072.371801526873,1121.3399473588597,0.8711148198909825,1.8532388639585298,2.4530105738966905,0.015329238338137922,0.9500399632655737,0.9519598212706496,0.9716987053430352,0.9928762783703099,0.9965149100692208,12.46701431274414,59.95416793823243,302.7312274660383,611.3971907501594,707.9086809534775,72.06088652540917,148.86696116853778,609.8508736117211,1072.371801526873,1121.3399473588597,product,0.9953439397006089,
bayesfl_observability_v1,vi_lr0p002_b16_e1,14,vi,mnist,mlp,0,0,0.1,0.5,300,24,0.05,15,1333,1333,1,16,0.05,42,1,5,5,14.474300161004066,3.7043301686644554,0.008683621883392334,10.76945486664772,0,15,12,0.2732,2.093131599998474,513.4981480525665,0.2732,0.7268,2.093131599998474,2.093131599998474,0.8511653948783875,0.07329227225258945,0.5026924759149551,0.20034495794773102,2.185054244995117,10000,5,2.185054244995117,1.9533820581436157,0.23167218685150148,1.9533820581436157,0.23167218685150148,0.0061948084399104115,0.003071429913032306,0,,,,,,,,,,,,,,,,,,,,,,,,,,,,,1.4045445839364856,0.7321114655227967,0.638028217115367,2.5529063921078676,0.9797544647255372,229.9514450211337,244.55704727170078,,,442.72064911619486,388.95117431901747,442.72064911619486,388.95117431901747,229.9514450211337,244.55704727170078,442.72064911619486,388.95117431901747,,,,,,,,,0.05,1e-05,1,product,1.0,,,,,,,,,,,,,,,,,,,,,,,,1.0,,,1,101770,7.719136581054799,0.020061444016753298,0.01352871130671043,0.01836982648819685,0.0385093092918396,0.053776158466078604,0.0011331819276983038,0.04929349571466446,0.05234528072178364,0.052998085506260395,0.05375434644520283,0.05452633835375309,0.05524411350488663,0.05567674227058887,0.05936934053897858,346.2564146314937,14.568572417003997,283.7106018066406,346.0770721435547,364.95970458984374,411.5482482910156,294.4368240625565,-594977.3065977416,-153083.2787912189,0.37320033893146054,0.25183656164126417,2.7328333290621813e-05,0.06787684470661487,0.1687364173109506,0.34169833899316626,0.5377909497009028,0.7165250021839512,0.8203134946818627,2.2199238296106873,-11.630262013840127,9.095758326912666,-23.36556708630892,-9.327142646530788,-2.8953730175221155,0.7070059939078314,0.9872162719858505,0.9999803478431758,1.0,0.012783728014149552,1.9652156824211458e-05,0.0,1301,2,0,0.9537535102321176,0.013993846252560616,,1.838203206378032,0.2768192048012003,0.0015003750937734434,,,,346.25640869140625,14.568572044372559,7.719136581054799,0.05377616360783577,0.620721874227543,0.3417049991757876,,,1.6933414609470716,,88.86666666666666,104.18820577312108,2.0,369.0,random,,,,,,,,,,,,,,snr_histograms.csv,calibration_bins.csv,327.6634460449219,336.3468246459961,356.0243148803711,370.5188247680664,-91.26773677005272,-15.455823536271494,-5.387730212876176,-1.7204028818308656,6.926761462464559,2.1914966106414795,6.038673400878906,161.34271150827408,543.860262792713,793.1687606821457,71.47971553239314,71.47971744827387,356.2015453817896,979.1584327878749,1156.3249704983366,71.47971553239314,71.47971744827387,356.2015453817896,979.1584327878749,1156.3249704983366,0.638028217726782,1.4230309182128749,2.354385388260199,0.017375706816679288,0.9486254599502856,0.9558849346402919,0.9831707733151117,0.9965508418560488,0.9965532546074627,2.1914966106414795,6.038673400878906,161.34271150827408,543.860262792713,793.1687606821457,71.47971553239314,71.47971744827387,356.2015453817896,979.1584327878749,1156.3249704983366,product,0.9923374769172184,
bayesfl_observability_v1,vi_lr0p002_b16_e1,15,vi,mnist,mlp,0,0,0.1,0.5,300,24,0.05,15,1656,1656,1,16,0.05,42,1,5,5,14.404236800968647,3.3741793408989906,0.010692697018384933,11.029498137533665,0,15,13,0.2556,2.094947445297241,549.7600093583222,0.2556,0.7444,2.094947445297241,2.094947445297241,0.8510779236793518,0.03799270713925361,0.2008337527513504,0.2177835461616516,2.1596733879089354,10000,5,2.1596733879089354,1.9248474123001098,0.23482597560882557,1.9248474123001098,0.23482597560882557,0.0064153104428201916,0.003184553567504669,11,0.8676238094995745,0.8354194904194905,0.180737751790294,0.46153846153846156,0.625,0.6904761904761905,0.92,1.0,1.0,1.0,1.3322496975983522,1.5887986817539363,0.38292101442325965,0.7896919125004819,1.7137563228607178,2.0125513076782227,,,1.5887986817539363,,,,,,,,,,1.4823456145898395,0.7648967096293157,0.6380282188804863,2.5611857236845226,0.9779591043457462,265.7814756144882,266.02224587157804,,,487.02209198525725,414.48086907594677,487.02209198525725,414.48086907594677,265.7814756144882,266.02224587157804,487.02209198525725,414.48086907594677,,,,,,,,,0.05,1e-05,1,product,1.0,,,,,,,,,,,,,,,,,,,,,,,,1.0,,,1,101770,7.775755951404484,0.020187988894834915,0.013658447836246779,0.01846476923674345,0.038801091536879544,0.05402350101630574,0.0011585899251450053,0.04932171106338501,0.052560717612504956,0.05322696454823017,0.05399896949529648,0.054788398556411266,0.05552161224186421,0.05597198251634836,0.0595230832695961,343.1093859949643,14.692639774425771,282.24688720703125,342.9486083984375,361.9740447998047,411.0775451660156,297.1562886243755,-594044.8899660738,-152617.0704752343,0.3738414136268689,0.2530922619719759,3.697312861871294e-06,0.06751811249732645,0.16886643722105074,0.3417689913331825,0.5389326747861641,0.7186601060663239,0.824740163866323,2.2340432866600977,-11.624738435244065,9.10510264577811,-23.411594146598933,-9.325346866640851,-2.8695292568860613,0.7063967770462808,0.9862533163014641,0.9999803478431758,1.0,0.013746683698535914,1.9652156824211458e-05,0.0,1399,2,0,0.9312051990407261,0.012566408142447472,,2.099276434064476,0.21195652173913043,0.0036231884057971015,,,,343.1094055175781,14.692639350891113,7.775755951404484,0.05402350053191185,0.5759026269732463,0.36656473002318635,,,1.7068019144175017,,110.4,118.81458945208148,3.0,351.0,random,,,,,,,,,,,,,,snr_histograms.csv,calibration_bins.csv,324.3962890625,333.1369323730469,352.96903228759766,367.6214263916015,-108.64227361935711,-15.449133187867346,-5.3693096981477435,-1.6736571119981565,6.981831674391518,6.370784759521484,14.26713752746582,199.52013244628907,686.5739443464712,741.322290920076,70.8631028352754,70.86310346564944,441.6161764795579,1103.7421848016754,1152.4779999795924,70.8631028352754,70.86310346564944,441.6161764795579,1103.7421848016754,1152.4779999795924,0.6380282195065248,1.5910673862928268,2.5076178425070914,0.018297790778488185,0.9490658832928107,0.9511476845634974,0.9793633239966173,0.996601538593286,0.9966057842976656,6.370784759521484,14.26713752746582,199.52013244628907,686.5739443464712,741.322290920076,70.8631028352754,70.86310346564944,441.6161764795579,1103.7421848016754,1152.4779999795924,product,0.9928031754142103,0.38292101442325965
bayesfl_observability_v1,vi_lr0p002_b16_e1,16,vi,mnist,mlp,0,0,0.1,0.5,300,24,0.05,15,1990,1990,1,16,0.05,42,1,5,5,14.79392172023654,3.8106232583522797,0.010956574231386185,10.9827502630651,0,15,12,0.2122,2.1123787300109864,697.7141313601779,0.2122,0.7878000000000001,2.1123787300109864,2.1123787300109864,0.8606164002418518,0.03834053436145187,0.1695533911387126,0.24814569203853606,2.1101436246871947,10000,5,2.1101436246871947,1.8727677206039428,0.23737590408325193,1.8727677206039428,0.23737590408325193,0.0067402711931616064,0.0033946367430059826,0,,,,,,,,,,,,,,,,,,,,,,,,,,,,,1.376788411542225,0.5784153837021145,0.6380282173480653,2.3600444505177376,0.9823324436441114,215.92536526047863,248.84342520940763,,,387.82961349702606,296.9740615527533,387.82961349702606,296.9740615527533,215.92536526047863,248.84342520940763,387.82961349702606,296.9740615527533,,,,,,,,,0.05,1e-05,1,product,1.0,,,,,,,,,,,,,,,,,,,,,,,,1.0,,,1,101770,7.908606164275977,0.02046577729666687,0.01399050984320264,0.01859818957746029,0.039644438028335574,0.054339617333220534,0.0012957709711624086,0.049208272248506546,0.05269989296793938,0.05345070920884609,0.0543095376342535,0.0551981870085001,0.05601675100624561,0.05651038251817226,0.061081018298864365,339.2390284361815,16.144578866100627,268.0325012207031,339.0375518798828,360.0646881103516,412.9750061035156,300.67672070381997,-592868.3861062408,-152028.81854513235,0.3768014158769238,0.2577738047257906,1.433665943756277e-05,0.06691246156113141,0.16784951639365428,0.3422795938912196,0.5437648987773918,0.7302736129502985,0.8392071279122783,2.260198172918611,-11.611225349573763,9.185300084851692,-23.489859861788446,-9.312379845691865,-2.730287829645035,0.7021126068586028,0.9840326225803282,0.9999410435295274,1.0,0.01596737741967181,5.895647047263437e-05,0.0,1625,6,0,1.4055491885500064,0.020290711894631386,,1.565701298741572,0.5894472361809046,0.004020100502512563,,,,339.2390441894531,16.14457893371582,7.908606164275977,0.05433962121605873,0.4991354947070385,0.38078724090534294,,,1.7927689756734346,,132.66666666666666,279.62061599404444,2.0,1161.0,random,,,,,,,,,,,,,,snr_histograms.csv,calibration_bins.csv,318.6868835449219,328.20892333984375,350.02014923095703,366.0779693603516,-96.87104001722358,-15.501598118215906,-5.291776610604712,-1.5226167221571718,7.082930390313116,5.885673999786377,15.68857421875,159.63321447372437,458.6896421024942,989.3888416943485,70.22246244499827,70.22246384966175,349.8920736220719,860.6385037347686,994.0510458002905,70.22246244499827,70.22246384966175,349.8920736220719,860.6385037347686,994.0510458002905,0.6380282197526327,1.4229131300549773,2.224585014440663,0.013032403649864948,0.9569979492656958,0.9613943531783434,0.9836612115722794,0.9966492241226522,0.9966507721481099,5.885673999786377,15.68857421875,159.63321447372437,458.6896421024942,989.3888416943485,70.22246244499827,70.22246384966175,349.8920736220719,860.6385037347686,994.0510458002905,product,0.9840807636455812,
bayesfl_observability_v1,vi_lr0p002_b16_e1,17,vi,mnist,mlp,0,0,0.1,0.5,300,24,0.05,15,1767,1767,1,16,0.05,42,1,5,5,14.525329489260912,3.7677267976105213,0.0131303109228611,10.757042355835438,0,15,12,0.2807,2.0476356157302855,569.4772614291785,0.2807,0.7193,2.0476356157302855,2.0476356157302855,0.8393525930404663,0.06347997369915245,0.28481223185857135,0.21887220861911774,2.1542624574661255,10000,5,2.1542624574661255,1.9084274978637696,0.2458349596023559,1.9084274978637696,0.2458349596023559,0.006794528072327375,0.00338302284666654,0,,,,,,,,,,,,,,,,,,,,,,,,,,,,,1.5444205362906394,0.6775160863155183,0.6380282182959179,2.581389614330502,0.9784032740779983,274.3618738420274,267.0967263879171,,,488.0489938140109,380.5197049077999,488.0489938140109,380.5197049077999,274.3618738420274,267.0967263879171,488.0489938140109,380.5197049077999,,,,,,,,,0.05,1e-05,1,product,1.0,,,,,,,,,,,,,,,,,,,,,,,,1.0,,,1,101770,7.961696953526702,0.020583633292727818,0.014112957702247617,0.01869665738195181,0.039940183982253075,0.054595721864587284,0.0013233244761817668,0.04938245937228203,0.052922441810369494,0.05368675757199526,0.05456257052719593,0.055471538566052914,0.05630688779056072,0.056818478554487226,0.061696697026491165,336.082791265739,16.25816147681336,262.709716796875,335.9002685546875,357.0427673339844,410.0667724609375,303.52332929790833,-591913.2672676379,-151551.25912567964,0.37719840864818555,0.25881010613807776,2.614336366987935e-06,0.06691559235784851,0.16773178090604413,0.34239854415309745,0.5439723135631904,0.7327333946329438,0.8436532866159395,2.154071273063241,-11.602987900356556,9.158057101002703,-23.489453473025364,-9.30936181212937,-2.7010802971217167,0.7020339982313059,0.9836002751301955,0.9999410435295274,1.0,0.016399724869804462,5.895647047263437e-05,0.0,1669,6,0,0.956385613683898,0.014017945155501366,,2.0111408536898496,0.2212790039615167,0.0005659309564233164,,,,336.082763671875,16.258161544799805,7.961696953526702,0.054595720022916794,0.6736476657532381,0.42351987868612556,,,1.6181014097781126,,117.8,130.84097217614976,1.0,385.0,random,,,,,,,,,,,,,,snr_histograms.csv,calibration_bins.csv,315.4111053466797,324.9822006225586,346.9490051269531,363.2199142456054,-111.65276739274364,-15.507692836848644,-5.288464078715552,-1.4767199496005532,6.66520137929881,1.806398868560791,23.20420951843262,194.97458019256592,760.1170766512553,791.3907658529282,69.43456795075817,69.43456888322456,434.55301596385937,1129.5341502167037,1148.909925906475,69.43456795075817,69.43456888322456,434.55301596385937,1129.5341502167037,1148.909925906475,0.6380282198746572,1.594409147610486,2.5607747481352887,0.016297492686294126,0.9504911030754633,0.951331241141604,0.9802880413247137,0.9967615957634196,0.9967623212830089,1.806398868560791,23.20420951843262,194.97458019256592,760.1170766512553,791.3907658529282,69.43456795075817,69.43456888322456,434.55301596385937,1129.5341502167037,1148.909925906475,product,0.9927591407463578,
bayesfl_observability_v1,vi_lr0p002_b16_e1,18,vi,mnist,mlp,0,0,0.1,0.5,300,24,0.05,15,1559,1559,1,16,0.05,42,1,5,5,14.747878607362509,3.6764895729720592,0.010210104286670685,11.07073526084423,0,15,12,0.3122,2.024931871032715,557.6641897236661,0.3122,0.6878,2.024931871032715,2.024931871032715,0.8305175465583802,0.09560481169149279,0.4409743696451187,0.2165951883792877,2.1562283683776857,10000,5,2.1562283683776857,1.9058792041778565,0.2503491641998292,1.9058792041778565,0.2503491641998292,0.006884578826278448,0.0033756151169801645,0,,,,,,,,,,,,,,,,,,,,,,,,,,,,,1.444389451791116,0.7068923138139017,0.638028218661591,2.5690708713450965,0.9806219253038837,237.53893488641765,264.72754889168726,,,439.5880428694054,382.88883780931064,439.5880428694054,382.88883780931064,237.53893488641765,264.72754889168726,439.5880428694054,382.88883780931064,,,,,,,,,0.05,1e-05,1,product,1.0,,,,,,,,,,,,,,,,,,,,,,,,1.0,,,1,101770,8.025597776992111,0.020715854942390505,0.014274215323562009,0.01874795462936163,0.04031482189893725,0.05485161405484627,0.0013525082666751799,0.049294184893369675,0.05314113758504391,0.05392321199178696,0.05482041649520397,0.055744946002960205,0.05659780278801918,0.05712411068379879,0.062282808125019073,332.97473522395063,16.386296916570497,257.7885437011719,332.74790954589844,354.11011657714846,411.5367431640625,306.3815203554923,-590963.5772515198,-151076.41411747175,0.3778601170886899,0.26055550417658163,1.8519013001427283e-05,0.06590498925426064,0.16629631045227727,0.341868021608109,0.545282389315136,0.7357068684360999,0.8478191489799637,2.2597078776868176,-11.616902937577832,9.20009954305298,-23.62163412882413,-9.322830425630013,-2.665903788762657,0.7005207821558416,0.9823621892502702,0.9999606956863516,1.0,0.017637810749729782,3.9304313648422916e-05,0.0,1795,4,0,1.011607587854258,0.012853355146944523,,1.9605950644733052,0.24438742783835793,0.0006414368184733803,,,,332.9747619628906,16.38629722595215,8.025597776992111,0.05485161021351814,0.5650005989736827,0.4567395603537465,,,1.7455182950218204,,103.93333333333334,126.32627948645083,1.0,381.0,random,,,,,,,,,,,,,,snr_histograms.csv,calibration_bins.csv,312.1769622802734,321.8021774291992,343.9129333496094,360.3713760375976,-94.64764279923577,-15.58234772367634,-5.2675705651577704,-1.43393557250675,7.0810459926099565,2.6535990238189697,4.628777313232422,164.29345786571503,710.6966332390195,774.0377095143,68.7920494588777,68.79205087513867,343.176488600674,1116.3003258457134,1127.2760088502778,68.7920494588777,68.79205087513867,343.176488600674,1116.3003258457134,1127.2760088502778,0.6380282190185795,1.423781663363448,2.5586669681147445,0.016349218894451487,0.9515627266594461,0.9521322942440728,0.9843711543322329,0.9968057038338033,0.9968065895648273,2.6535990238189697,4.628777313232422,164.29345786571503,710.6966332390195,774.0377095143,68.7920494588777,68.79205087513867,343.176488600674,1116.3003258457134,1127.2760088502778,product,0.9920241906749772,
bayesfl_observability_v1,vi_lr0p002_b16_e1,19,vi,mnist,mlp,0,0,0.1,0.5,300,24,0.05,15,2448,2448,1,16,0.05,42,1,5,5,15.448287848383188,4.658162608742714,0.009877242147922516,10.78963052853942,0,15,10,0.3118,2.020682616996765,675.7973542914153,0.3118,0.6881999999999999,2.020682616996765,2.020682616996765,0.8313934144973755,0.09184680449143054,0.6114128232002258,0.2200754775285721,2.143825127029419,10000,5,2.143825127029419,1.890322129058838,0.2535029979705812,1.890322129058838,0.2535029979705812,0.007088445628806949,0.0034683194315896777,0,,,,,,,,,,,,,,,,,,,,,,,,,,,,,1.6353372372113057,0.701661033828841,0.6380282018614832,2.581919808316954,0.9766862016987369,318.91003470491137,296.36301822213636,,,534.5115656741204,386.0176095161355,534.5115656741204,386.0176095161355,318.91003470491137,296.36301822213636,534.5115656741204,386.0176095161355,,,,,,,,,0.05,1e-05,1,product,1.0,,,,,,,,,,,,,,,,,,,,,,,,1.0,,,1,101770,8.087701746983825,0.020842660496195146,0.014433167633217416,0.01876788306981325,0.0406780444085598,0.05515397252862523,0.0014008592159023825,0.04943288490176201,0.05337968468666077,0.05419607553631067,0.055123915895819664,0.05607808381319046,0.05696173757314682,0.057505073957145214,0.06304968148469925,329.37051861195033,16.696742092275166,251.55572509765625,329.0939483642578,350.952197265625,409.2305603027344,309.7800530963616,-589848.4555358931,-150518.85325948577,0.3781093448335339,0.26205128106143954,2.4870565777738538e-06,0.06629582731302867,0.1656407739826288,0.34050621711546625,0.546797898776334,0.7374097341274362,0.8532347356400771,2.201222289054715,-11.632820498927769,9.237689677492057,-23.570276108312367,-9.35749908439469,-2.6458226763437254,0.7012675641151617,0.9813697553306475,0.9999410435295274,1.0,0.018630244669352463,5.895647047263437e-05,0.0,1896,6,0,1.0323911779768185,0.015086092054843903,,1.753947149568368,0.3443627450980392,0.0012254901960784314,,,,329.3705139160156,16.696741104125977,8.087701746983825,0.055153973400592804,0.8927264305618269,0.4141339853358798,,,1.4285595553394224,,163.2,213.82896592058486,3.0,843.0,random,,,,,,,,,,,,,,snr_histograms.csv,calibration_bins.csv,308.2006530761719,317.9901428222656,340.45861053466797,357.34265594482423,-112.08628320557828,-15.616654980928477,-5.243463260035372,-1.3786294506696408,6.853278034489582,8.61931037902832,12.742023849487305,239.19113143285117,744.7823678531818,961.8572239605886,68.1593357307828,68.15933984638639,504.9536630672107,1071.7443477057861,1127.5228058505013,68.1593357307828,68.15933984638639,504.9536630672107,1071.7443477057861,1127.5228058505013,0.6380282188388732,1.7341550795549265,2.5096491096805797,0.016385323194120137,0.9518442457744865,0.954390235732743,0.9774699005693596,0.9968533843911699,0.9968593876546293,8.61931037902832,12.742023849487305,239.19113143285117,744.7823678531818,961.8572239605886,68.1593357307828,68.15933984638639,504.9536630672107,1071.7443477057861,1127.5228058505013,product,0.9918194663894389,
bayesfl_observability_v1,vi_lr0p002_b16_e1,20,vi,mnist,mlp,0,0,0.1,0.5,300,24,0.05,15,2683,2683,1,16,0.05,42,1,5,5,16.302887845784426,5.136310502886772,0.008899170905351639,11.166079394519329,0,15,12,0.3142,2.0055879375457764,685.7278674602336,0.3142,0.6858,2.0055879375457764,2.0055879375457764,0.8268968409538269,0.08871285235807297,0.3825446367263794,0.22548714702129363,2.1338435440063477,10000,5,2.1338435440063477,1.8734240352630616,0.2604195087432861,1.8734240352630616,0.2604195087432861,0.007361910669878125,0.0036420392085733623,15,0.6865147243892019,0.4016316807773996,0.3537401111318776,0.0,0.0,0.09375,0.3333333333333333,0.7744047619047619,0.902155887230514,1.0,1.325844484764775,1.800891284473553,0.5341332071402927,0.4629968120090997,1.9394638538360596,2.9775843620300293,,,1.800891284473553,,,,,,,,,,1.684947193831197,0.6478819501909497,0.6380282179163627,2.5869145491623433,0.9763343785757649,336.32110965016153,297.81280084870644,,,544.4988580847235,357.3184643191959,544.4988580847235,357.3184643191959,336.32110965016153,297.81280084870644,544.4988580847235,357.3184643191959,,,,,,,,,0.05,1e-05,1,product,1.0,,,,,,,,,,,,,,,,,,,,,,,,1.0,,,1,101770,8.150858751090711,0.020976638909812922,0.014587352828982197,0.018823628313839436,0.04111382775008678,0.055461290795046726,0.001445129998912052,0.04903288185596466,0.053634338453412055,0.05447112210094929,0.055431148037314415,0.05641286261379719,0.05732709094882012,0.05789164416491985,0.06357643753290176,325.7634696213028,16.943124091338998,247.40452575683594,325.4559631347656,347.6275146484375,415.9347229003906,313.25245416058766,-588720.9164666778,-149955.08372470527,0.37843991182265235,0.26340759927305146,1.9994344644189007e-05,0.06548382520874883,0.16554033366747734,0.3393190658189683,0.5470444262903498,0.7417001717823271,0.8565830179847287,2.2452041013256916,-11.646061733535799,9.272543330841161,-23.677319189137233,-9.387834746517715,-2.5954324080759488,0.7005011299990174,0.9806229733713275,0.9999508696079394,1.0,0.019377026628672498,4.913039206052864e-05,0.0,1972,5,0,1.0033140208950924,0.01432896964251995,,2.0234359713023133,0.28512858740216174,0.005963473723443906,,,,325.7634582519531,16.94312286376953,8.150858751090711,0.05546128749847412,0.8186218224006906,0.4929274882102199,,,1.4651908191060026,,178.86666666666667,219.89326703855414,14.0,765.0,random,,,,,,,,,,,,outputs/tune_vi_mnist_noniid_unbalanced/vi_lr0p002_b16_e1/posterior_snapshots/round_0020.pt,,snr_histograms.csv,calibration_bins.csv,304.2847503662109,314.22716522216797,337.02906036376953,354.21326141357423,-93.981856089442,-15.621923475171947,-5.239548051396841,-1.3446107980512043,7.0251165375296045,23.667381286621094,44.10760574340821,196.99194965362548,842.1309843356793,945.3346433440844,67.4256206084373,102.74224932342612,423.8341381700961,1052.1946527272387,1119.680440312058,67.4256206084373,102.74224932342612,423.8341381700961,1052.1946527272387,1119.680440312058,0.7705288544903149,1.5979019552879468,2.4947716592339404,0.015034245163102871,0.9524341310521863,0.95562475489604,0.9810555501680548,0.9952987199899567,0.9969051881902191,23.667381286621094,44.10760574340821,196.99194965362548,842.1309843356793,945.3346433440844,67.4256206084373,102.74224932342612,423.8341381700961,1052.1946527272387,1119.680440312058,product,0.9923951445738305,0.5341332071402927
bayesfl_observability_v1,vi_lr0p002_b16_e1,21,vi,mnist,mlp,0,0,0.1,0.5,300,24,0.05,15,2756,2756,1,16,0.05,42,1,5,5,14.84690673649311,3.886475209146738,0.009219720959663391,10.959808468818665,0,15,10,0.3593,1.9483563632965089,796.1425208081315,0.3593,0.6407,1.9483563632965089,1.9483563632965089,0.8118893072128296,0.1419685249745846,0.4411643445491791,0.21733147475719453,2.153864518547058,10000,5,2.153864518547058,1.8881158102035522,0.26574870834350595,1.8881158102035522,0.26574870834350595,0.007356775079667568,0.0035358978415440676,0,,,,,,,,,,,,,,,,,,,,,,,,,,,,,1.3459492656596932,0.8540512756942931,0.6380281971359926,2.596614070915248,0.9819586499580392,274.7467640046254,341.372211563221,,,421.1703281173548,448.58766911663105,421.1703281173548,448.58766911663105,274.7467640046254,341.372211563221,421.1703281173548,448.58766911663105,,,,,,,,,0.05,1e-05,1,product,1.0,,,,,,,,,,,,,,,,,,,,,,,,1.0,,,1,101770,8.247722940203897,0.021198077272199013,0.014800670676030553,0.01890377886593342,0.04168502837419512,0.05581718210112262,0.0015445326239617349,0.049217693507671356,0.053861582279205324,0.05475703626871109,0.05578024126589298,0.0568400826305151,0.057816996425390246,0.0584219291806221,0.0645250529050827,321.70579339501853,17.763530464485772,240.18356323242188,321.3950958251953,344.7004058837891,412.81689453125,317.31309968939985,-587427.7868101724,-149308.51889625815,0.3800303159126588,0.26562386991084985,2.4238887503051065e-05,0.06588309811407386,0.1660240103347525,0.33869906098726743,0.5494227555609782,0.7474554324950275,0.8647657812454924,2.188042706159137,-11.606399705973416,9.23140009248475,-23.62451973144725,-9.403720148439403,-2.5282939463736898,0.6981625233369362,0.979463496118699,0.9999410435295274,1.0,0.020536503881300974,5.895647047263437e-05,0.0,2090,6,0,1.282779257253421,0.01811280904803425,,1.5509112410852548,0.4735123367198839,0.000362844702467344,,,,321.705810546875,17.763530731201172,8.247722940203897,0.05581718310713768,0.5205207247467507,0.4907320080717394,,,1.7589458353957181,,183.73333333333332,331.29211011163886,1.0,1305.0,random,,,,,,,,,,,,,,snr_histograms.csv,calibration_bins.csv,299.1499755859375,309.52132415771484,333.5186462402344,351.4439483642578,-92.30974598059285,-15.596581997973015,-5.201867145494937,-1.2620300766839085,6.801115885848423,1.0722979307174683,5.679808282852173,61.989267349243164,756.4158841339083,974.7248030406673,66.69131977401156,66.69132133423857,66.69132612567704,1054.8126212645113,1119.1223735985166,66.69131977401156,66.69132133423857,66.69132612567704,1054.8126212645113,1119.1223735985166,0.6380282034593892,0.6380282186739172,2.5276191567188957,0.018873248626812465,0.9529009596923349,0.9551113556975097,0.9969485578334093,0.9969513093769191,0.996954179198434,1.0722979307174683,5.679808282852173,61.989267349243164,756.4158841339083,974.7248030406673,66.69131977401156,66.69132133423857,66.69132612567704,1054.8126212645113,1119.1223735985166,product,0.9878310523423172,
bayesfl_observability_v1,vi_lr0p002_b16_e1,22,vi,mnist,mlp,0,0,0.1,0.5,300,24,0.05,15,1157,1157,1,16,0.05,42,1,5,5,14.001458413898945,3.1416803635656834,0.008313488215208054,10.859240978956223,0,15,12,0.3681,1.9333111238479614,466.8175077949619,0.3681,0.6319,1.9333111238479614,1.9333111238479614,0.8055250884056091,0.14180623588040472,0.511384235775989,0.22709207286834718,2.1383044033050536,10000,5,2.1383044033050536,1.867736339378357,0.2705680639266965,1.867736339378357,0.2705680639266965,0.007633538403362036,0.003771552759103165,0,,,,,,,,,,,,,,,,,,,,,,,,,,,,,1.2899016275378419,0.6658465790120018,0.6380282157847103,2.5732932638090356,0.9851800252868297,180.03279070837672,222.53264687646976,,,342.5993009925388,345.2631231217824,342.5993009925388,345.2631231217824,180.03279070837672,222.53264687646976,342.5993009925388,345.2631231217824,,,,,,,,,0.05,1e-05,1,product,1.0,,,,,,,,,,,,,,,,,,,,,,,,1.0,,,1,101770,8.308963549001485,0.021324054178813646,0.014955471077634263,0.018985601142048836,0.04198628067970276,0.05604914122740541,0.001569139371573711,0.049206968396902084,0.054063763469457626,0.05496980343014002,0.05601147189736366,0.05708174128085375,0.05807693116366863,0.05869329199194907,0.06531552970409393,319.06585013468396,17.82657238866916,234.4051055908203,318.7469482421875,342.1270751953125,412.99688720703125,319.9616671920397,-586585.5277670907,-148887.38937459097,0.3807150652753969,0.2673136307154635,2.6742499917541443e-06,0.06574822584570336,0.1652084566262529,0.3389392258590471,0.5505465025167926,0.749753534097048,0.869264827571078,2.319715553725446,-11.626272499689705,9.294107779732181,-23.64231923408195,-9.397563339941494,-2.5016295693513184,0.6978480888277488,0.9778618453375258,0.9999213913727032,1.0,0.022138154662474208,7.860862729684583e-05,0.0,2253,8,0,1.0298040608630992,0.014820959884673357,,1.8572532208005497,0.29732065687121867,0.006050129645635264,,,,319.06585693359375,17.82657241821289,8.308963549001485,0.05604913458228111,0.6897340582166888,0.3748846260993083,,,1.5974917610405486,,77.13333333333334,99.95323350892102,1.0,344.0,random,,,,,,,,,,,,,,snr_histograms.csv,calibration_bins.csv,296.47814025878904,306.9061508178711,330.9418182373047,348.9368438720703,-111.45595668928647,-15.63935452093471,-5.184119842163074,-1.2169578517013857,7.308694689019701,0.6940503120422363,11.77212200164795,66.34909629821777,549.3169479152135,715.9378227754073,65.86529033545654,65.86529155307021,152.32545716311978,943.6858373102174,1081.683698707267,65.86529033545654,65.86529155307021,152.32545716311978,943.6858373102174,1081.683698707267,0.6380282170443548,0.9699105550445077,2.40763346832668,0.014510202150574402,0.9546372630773987,0.9598612526846605,0.9931565630632262,0.9970213114704338,0.997021968086591,0.6940503120422363,11.77212200164795,66.34909629821777,549.3169479152135,715.9378227754073,65.86529033545654,65.86529155307021,152.32545716311978,943.6858373102174,1081.683698707267,product,0.9922899055871985,
bayesfl_observability_v1,vi_lr0p002_b16_e1,23,vi,mnist,mlp,0,0,0.1,0.5,300,24,0.05,15,1286,1286,1,16,0.05,42,1,5,5,14.515245791524649,3.5109577029943466,0.0078563392162323,11.003676645457745,0,15,10,0.3547,1.9405982543945313,502.446708664625,0.3547,0.6453,1.9405982543945313,1.9405982543945313,0.8066121838569641,0.12094012737870218,0.458381502792753,0.23414982810020446,2.121396397399902,10000,5,2.121396397399902,1.847981086730957,0.2734153106689452,1.847981086730957,0.2734153106689452,0.007797950292378664,0.0037294720113817386,0,,,,,,,,,,,,,,,,,,,,,,,,,,,,,1.343234589776959,0.7068262732146665,0.6380282056381398,2.588625656710475,0.9840889734415291,196.99664582786738,237.19928174005867,,,371.6657503278913,368.7557043939952,371.6657503278913,368.7557043939952,196.99664582786738,237.19928174005867,371.6657503278913,368.7557043939952,,,,,,,,,0.05,1e-05,1,product,1.0,,,,,,,,,,,,,,,,,,,,,,,,1.0,,,1,101770,8.375029786257336,0.021459127038244055,0.015123427201348894,0.01904824562370777,0.04249274842441083,0.0563008041728617,0.0015957530604901403,0.04894391447305679,0.05427948348224163,0.05520462244749069,0.0562650915235281,0.05734892841428518,0.058360709622502324,0.05899538863450289,0.06556862592697144,316.23837821865243,17.889999004521943,232.59898376464844,315.87986755371094,339.41309509277346,417.4482116699219,322.8477165857621,-585675.6627477995,-148432.45686480982,0.38141630866014664,0.2691119427247045,8.57438385621284e-06,0.06529508466802295,0.16444216951098897,0.3384933338952407,0.5516290060463798,0.7545531653823072,0.8761296089126307,2.2820847591790847,-11.631005391850163,9.320818598505483,-23.702390299514953,-9.40899759343264,-2.446203095738436,0.6969637417706593,0.97713471553503,0.9999312174511152,1.0,0.02286528446497003,6.87825488847401e-05,0.0,2327,7,0,1.0461412066320326,0.014088548719882965,,1.6937416418403903,0.2884914463452566,0.0007776049766718507,,,,316.2383728027344,17.889999389648438,8.375029786257336,0.056300800293684006,0.47649324032179446,0.3170402414389467,,,1.8180946342096556,,85.73333333333333,110.75646958781033,1.0,326.0,random,,,,,,,,,,,,,,snr_histograms.csv,calibration_bins.csv,293.6018951416016,304.0530548095703,328.1324005126953,346.1009307861328,-101.33594054671883,-15.679736044504724,-5.167058111973697,-1.1486328525890723,7.166635411289864,1.4747216701507568,5.972539043426514,104.81426048278809,625.8495858311653,676.0901816685995,65.32786530986677,65.32786596670388,239.5567755159148,1027.412130662285,1084.465744381288,65.32786530986677,65.32786596670388,239.5567755159148,1027.412130662285,1084.465744381288,0.6380282164625115,1.2209762384243916,2.520050178238266,0.015337740793859954,0.9547141309996026,0.9569700508508056,0.9893628744792166,0.9970663203804255,0.9970664213287302,1.4747216701507568,5.972539043426514,104.81426048278809,625.8495858311653,676.0901816685995,65.32786530986677,65.32786596670388,239.5567755159148,1027.412130662285,1084.465744381288,product,0.9921678339677742,
bayesfl_observability_v1,vi_lr0p002_b16_e1,24,vi,mnist,mlp,0,0,0.1,0.5,300,24,0.05,15,3578,3578,1,16,0.05,42,1,5,5,16.159254282712936,5.206287607550621,0.012340649962425232,10.952352166175842,0,15,14,0.3396,1.9238908294677735,807.9216521803299,0.3396,0.6604,1.9238908294677735,1.9238908294677735,0.8017874458312988,0.08157464556768537,0.30101430891216663,0.2580835320234299,2.0772939310073855,10000,5,2.0772939310073855,1.800543360900879,0.2767505701065065,1.800543360900879,0.2767505701065065,0.008133414587378502,0.003968052465480364,0,,,,,,,,,,,,,,,,,,,,,,,,,,,,,1.4969386257220139,0.8113009607875461,0.6380282092343548,2.5886281887220686,0.9803938464917525,309.63258261732705,354.4657136897212,,,467.505235539122,410.1546208848089,467.505235539122,410.1546208848089,309.63258261732705,354.4657136897212,467.505235539122,410.1546208848089,,,,,,,,,0.05,1e-05,1,product,1.0,,,,,,,,,,,,,,,,,,,,,,,,1.0,,,1,101770,8.461141260616802,0.02164211287004601,0.01533221640358094,0.019174405373632908,0.04286905266344548,0.05667540675891755,0.0016752631059594578,0.04955749586224556,0.05456006079912186,0.05553198233246803,0.0566358994692564,0.05777311138808727,0.058838120102882384,0.05950719714164734,0.06598009169101715,312.13769970271915,18.42257111032932,229.70697021484375,311.7571258544922,335.93116149902346,407.1751708984375,327.18121135713506,-584333.0376487119,-147761.1443150696,0.3821496403087603,0.271063320465307,6.021275657298957e-06,0.06452452290804932,0.1637568558213517,0.33842053925652715,0.5525491169748462,0.7570172204168444,0.8817818093660815,2.4446079199894166,-11.649565676981423,9.381306344084827,-23.80550396818868,-9.410865737064235,-2.4178848245650792,0.6959516556942125,0.9760145425960499,0.9999410435295274,1.0,0.023985457403950083,5.895647047263437e-05,0.0,2441,6,0,1.187049123524583,0.018084004521369934,,1.6648335652761794,0.39351593068753493,0.00027948574622694243,,,,312.1376953125,18.422571182250977,8.461141260616802,0.05667540803551674,0.5079080051599842,0.3784013347243403,,,1.788356277114434,,238.53333333333333,382.37535950366305,1.0,1408.0,random,,,,,,,,,,,,,,snr_histograms.csv,calibration_bins.csv,288.85668029785154,299.60459899902344,324.2751159667969,343.0444137573242,-104.40622835943446,-15.716010178984101,-5.152582216230304,-1.092777295878393,7.764184288914788,2.3529529571533203,4.21919059753418,135.90849614143372,887.1957826824341,950.2677088867534,64.75226404794743,64.75226618523516,325.26118258889835,1046.5082789969729,1077.2168345418984,64.75226404794743,64.75226618523516,325.26118258889835,1046.5082789969729,1077.2168345418984,0.638028213976253,1.4284425450613607,2.54117672289963,0.016840255160575582,0.9554414112324153,0.9569088795724829,0.9857741303719157,0.9971118289236234,0.9971126002527398,2.3529529571533203,4.21919059753418,135.90849614143372,887.1957826824341,950.2677088867534,64.75226404794743,64.75226618523516,325.26118258889835,1046.5082789969729,1077.2168345418984,product,0.9901099016247492,
bayesfl_observability_v1,vi_lr0p002_b16_e1,25,vi,mnist,mlp,0,0,0.1,0.5,300,24,0.05,15,2133,2133,1,16,0.05,42,1,5,5,15.584884017705917,4.4457408003509045,0.01167665421962738,11.138564992696047,0,15,13,0.3677,1.9060461582183839,611.1824826548857,0.3677,0.6323,1.9060461582183839,1.9060461582183839,0.789332614994049,0.10774864465296269,0.39854681105227086,0.25995135395526886,2.0694485118865966,10000,5,2.0694485118865966,1.7875195039749145,0.2819290079116821,1.7875195039749145,0.2819290079116821,0.008312286960333586,0.003998816839974702,10,0.8740304654874191,0.7754592988710636,0.1970335867539294,0.4,0.49,0.6818181818181818,0.7944444444444445,0.9479411764705882,1.0,1.0,0.91453339596798,1.1782970726595123,0.3695926243152245,0.44256374148222116,1.1693042173884274,1.7630550384521484,,,1.1782970726595123,,,,,,,,,,1.581111814595123,0.784531548406976,0.6380250805189295,2.6124166897480516,0.9793618526332435,285.25919980787984,284.33466568500756,,,492.890872757981,397.65407069406444,492.890872757981,397.65407069406444,285.25919980787984,284.33466568500756,492.890872757981,397.65407069406444,,,,,,,,,0.05,1e-05,1,product,1.0,,,,,,,,,,,,,,,,,,,,,,,,1.0,,,1,101770,8.527140577148664,0.02178598698983775,0.015486956660900416,0.01936102658510208,0.0432495553046465,0.05697465751518157,0.0017086796648041144,0.05014027655124664,0.05480923280119896,0.05580724775791168,0.05693601258099079,0.05809943005442619,0.05917986445128918,0.05985247902572155,0.06611324846744537,308.89113501554107,18.49741106774695,228.7825927734375,308.4792175292969,332.8837097167969,397.7649841308594,330.65390371466447,-583263.766434025,-147226.5087075706,0.3826716318146889,0.27236498243876134,9.096873745416025e-07,0.06406574988907744,0.16315068150103212,0.33949470383351343,0.5538809049113963,0.7601168401343553,0.8862397640937398,2.52472751363326,-11.663790464549571,9.42661469744395,-23.86748172343853,-9.383339935018464,-2.3823929142436713,0.6953031345190135,0.9747764567161246,0.9999508696079394,1.0,0.025223543283875407,4.913039206052864e-05,0.0,2567,5,0,1.0105323947403944,0.014269135892391205,,2.0410196291702887,0.27660571964369435,0.00046882325363338024,,,,308.89111328125,18.497411727905273,8.527140577148664,0.05697464942932129,0.5770691873003845,0.43370495780223106,,,1.7228882366401232,,142.2,168.69151332140768,1.0,590.0,random,,,,,,,,,,,,,,snr_histograms.csv,calibration_bins.csv,285.5302001953125,296.2485656738281,321.0840835571289,339.90661926269524,-120.82214710731678,-15.748222155723678,-5.1316721388939515,-1.0489753593502928,8.0442902573248,1.355886697769165,4.306131744384766,153.6101589202881,721.2996263819474,842.0488509745211,63.91683456217729,63.91747002797703,320.7120711622998,1053.4423830148696,1083.7963897664908,63.91683456217729,63.91747002797703,320.7120711622998,1053.4423830148696,1083.7963897664908,0.6380282071642818,1.4278890225577994,2.5724092058658465,0.01628050133393608,0.9555510207178222,0.9568366283477883,0.9860547714148913,0.9971699996888941,0.9971704570686944,1.355886697769165,4.306131744384766,153.6101589202881,721.2996263819474,842.0488509745211,63.91683456217729,63.91747002797703,320.7120711622998,1053.4423830148696,1083.7963897664908,product,0.9929533672980696,0.3695926243152245
bayesfl_observability_v1,vi_lr0p002_b16_e1,26,vi,mnist,mlp,0,0,0.1,0.5,300,24,0.05,15,1529,1529,1,16,0.05,42,1,5,5,14.279245521873236,3.444053877145052,0.008500143885612488,10.83464077860117,0,15,11,0.3981,1.8570174230575562,519.6512452764923,0.3981,0.6019,1.8570174230575562,1.8570174230575562,0.7758649727821351,0.14556804884076122,0.4548146168161881,0.2528721586227417,2.090176256942749,10000,5,2.090176256942749,1.8000417465209961,0.29013451042175276,1.8000417465209961,0.29013451042175276,0.008428866939991713,0.003997856099675784,0,,,,,,,,,,,,,,,,,,,,,,,,,,,,,1.4653998000414696,0.7278232400830199,0.63802821211954,2.614646113141642,0.9824014366192172,226.68014202005213,242.08828702078972,,,418.4288461460368,356.0531769193271,418.4288461460368,356.0531769193271,226.68014202005213,242.08828702078972,418.4288461460368,356.0531769193271,,,,,,,,,0.05,1e-05,1,product,1.0,,,,,,,,,,,,,,,,,,,,,,,,1.0,,,1,101770,8.582964946584651,0.02191893804005688,0.015601945274886191,0.019365740939974785,0.04359588250517846,0.05723984749127321,0.0017360181528611727,0.05050855875015259,0.055041196197271346,0.05605840031057596,0.057203227654099464,0.05838144011795521,0.05948383249342441,0.06016606464982033,0.06677179038524628,306.0542910857462,18.534448426462895,224.29208374023438,305.60394287109375,330.0838348388672,391.9855651855469,333.7459525878647,-582320.6565703647,-146754.95377560455,0.38323824030166237,0.2731472654540362,6.224592855259056e-07,0.06388995282470818,0.16328023186360416,0.33853978312925104,0.5542565954258534,0.7622718762661551,0.8891457581837244,2.4175289141115086,-11.641059457287467,9.395874246462737,-23.891348659379812,-9.40780577143669,-2.35780206153368,0.6947725262847597,0.974255674560283,0.9999410435295274,1.0,0.025744325439717008,5.895647047263437e-05,0.0,2620,6,0,1.0161122347212928,0.014534730464220047,,1.92260868415081,0.2589928057553957,0.002616088947024199,,,,306.0543212890625,18.534448623657227,8.582964946584651,0.057239849120378494,0.7968083202428977,0.48573264212641387,,,1.4924265974972484,,101.93333333333334,124.58917377614407,2.0,396.0,random,,,,,,,,,,,,,,snr_histograms.csv,calibration_bins.csv,282.6194793701172,293.39344787597656,318.21348571777344,337.27221069335934,-124.11776704776626,-15.741327831513537,-5.12578260848359,-1.0205407810599636,7.667433540638886,3.115952968597412,7.932346153259278,145.3226774930954,600.7514063705096,752.6096028137207,63.25655027204921,63.2565510959828,317.6507485226221,956.994359377899,1074.0634603826945,63.25655027204921,63.2565510959828,317.6507485226221,956.994359377899,1074.0634603826945,0.6380282135474368,1.4283761629143803,2.463726897649388,0.014618935330131786,0.9559636386428557,0.9605276411886484,0.9862577223481036,0.9972128462668379,0.9972137123571766,3.115952968597412,7.932346153259278,145.3226774930954,600.7514063705096,752.6096028137207,63.25655027204921,63.2565510959828,317.6507485226221,956.994359377899,1074.0634603826945,product,0.9929676612125165,
bayesfl_observability_v1,vi_lr0p002_b16_e1,27,vi,mnist,mlp,0,0,0.1,0.5,300,24,0.05,15,2319,2319,1,16,0.05,42,1,5,5,15.358387008309364,4.586594697088003,0.010169442743062973,10.771117720752954,0,15,10,0.3993,1.848374296951294,719.0166024834548,0.3993,0.6007,1.848374296951294,1.848374296951294,0.7723496864318847,0.1330478118851781,0.3937378144206632,0.2664590979576111,2.061712196159363,10000,5,2.061712196159363,1.7697188779830932,0.2919933181762697,1.7697188779830932,0.2919933181762697,0.008667490284889936,0.0040667742367102655,0,,,,,,,,,,,,,,,,,,,,,,,,,,,,,1.3839532307269518,0.8539998056832745,0.638028211166474,2.626095305889157,0.9830089105320318,256.2212218091984,329.13383049262086,,,411.4986609992882,429.0762023428995,411.4986609992882,429.0762023428995,256.2212218091984,329.13383049262086,411.4986609992882,429.0762023428995,,,,,,,,,0.05,1e-05,1,product,1.0,,,,,,,,,,,,,,,,,,,,,,,,1.0,,,1,101770,8.665735267795837,0.022110085847305158,0.01578078404608796,0.01949536893516779,0.04401169009506703,0.05758395603317736,0.0017859621374576883,0.05090106651186943,0.05532129146158695,0.056370289996266365,0.05754455365240574,0.058766258880496025,0.05988478176295757,0.060594158992171285,0.06745881587266922,302.44551616487655,18.73192986049841,219.74681091308594,301.9893035888672,326.749838256836,385.9634704589844,337.7849752448752,-581104.9767628647,-146147.11387168174,0.3842955516221684,0.27468044177355727,4.738105506671594e-06,0.06396071176872277,0.16385120550681612,0.3384636170423645,0.5561358699115823,0.7654200752559236,0.8950478140516815,2.355950055232433,-11.624729570334726,9.386922329259573,-23.881734240082768,-9.409760174586697,-2.322003034606945,0.695538960400904,0.9736464576987325,0.9999312174511152,1.0,0.026353542301267564,6.87825488847401e-05,0.0,2682,7,0,1.167151058200106,0.017309129238128662,,1.606001937302282,0.33635187580853815,0.0008624407072013799,,,,302.4455261230469,18.731929779052734,8.665735267795837,0.05758395418524742,0.768171124858513,0.3095120995624228,,,1.5371670667386181,,154.6,227.49060053842516,2.0,780.0,random,,,,,,,,,,,,,,snr_histograms.csv,calibration_bins.csv,278.8476898193359,289.5635681152344,314.70196533203125,333.8760101318359,-106.48790362220228,-15.71100719673682,-5.096381853860443,-0.9630752753014975,7.443321588460585,2.8971762657165527,3.907219409942627,39.96857213973999,753.6980303227216,888.4806505611965,62.679038107683944,62.679038437012345,145.03819727001297,1069.8093280845753,1072.6538702902092,62.679038107683944,62.679038437012345,145.03819727001297,1069.8093280845753,1072.6538702902092,0.638028211705054,0.9703534947970864,2.6203465866943354,0.01737409733224475,0.9561885288976194,0.9566463975740541,0.9936625306916805,0.9972487374430486,0.9972491833320679,2.8971762657165527,3.907219409942627,39.96857213973999,753.6980303227216,888.4806505611965,62.679038107683944,62.679038437012345,145.03819727001297,1069.8093280845753,1072.6538702902092,product,0.9908884609942762,
bayesfl_observability_v1,vi_lr0p002_b16_e1,28,vi,mnist,mlp,0,0,0.1,0.5,300,24,0.05,15,1737,1737,1,16,0.05,42,1,5,5,14.81720720604062,4.095918729901314,0.009004209190607071,10.720757372677326,0,15,11,0.3924,1.8290456857681274,687.2067788460888,0.3924,0.6075999999999999,1.8290456857681274,1.8290456857681274,0.7737472297668457,0.11960023043006655,0.2600573400656382,0.2728217674255371,2.049527652359009,10000,5,2.049527652359009,1.7512750541687012,0.2982525981903077,1.7512750541687012,0.2982525981903077,0.008993764396756887,0.0042556912537798875,0,,,,,,,,,,,,,,,,,,,,,,,,,,,,,1.2533251621563934,0.6744054086501877,0.6380281952381194,2.625969666981028,0.9870523734203285,188.32118264795554,274.7653078113094,,,311.23775396725375,328.8699292816509,311.23775396725375,328.8699292816509,188.32118264795554,274.7653078113094,311.23775396725375,328.8699292816509,,,,,,,,,0.05,1e-05,1,product,1.0,,,,,,,,,,,,,,,,,,,,,,,,1.0,,,1,101770,8.774897635450222,0.022352355371850444,0.01603024441285564,0.019652492366731167,0.044681455567479135,0.05792213154546173,0.0018560041802710365,0.05052995681762695,0.05557088181376457,0.056650497019290924,0.057877302169799805,0.05914407130330801,0.06031510978937149,0.06105079166591167,0.0687493085861206,298.98198692289543,19.12820389849552,211.57449340820312,298.52687072753906,323.82130126953126,391.65362548828125,341.7862074201836,-579919.7097916235,-145554.48038589524,0.3862501447074353,0.27737254610783574,6.357806555806441e-06,0.06465139829312358,0.16363296285381224,0.3389277388672047,0.5577720837725547,0.7722613444927588,0.9028113311731749,2.3059084650261155,-11.587306595140914,9.367503650226492,-23.788441557121605,-9.397857715063644,-2.244714064190035,0.693495136091186,0.9712980249582391,0.9999312174511152,1.0,0.028701975041760832,6.87825488847401e-05,0.0,2921,7,0,1.380399684951464,0.018797708675265312,,1.033655111222508,0.7426597582037997,0.0011514104778353484,,,,298.9819641113281,19.128204345703125,8.774897635450222,0.057922136038541794,0.48785113326394947,0.45261824416006224,,,1.8236658061896949,,115.8,215.64792293612908,2.0,768.0,random,,,,,,,,,,,,,,snr_histograms.csv,calibration_bins.csv,274.8829315185547,285.8759078979492,311.5964889526367,331.1877639770508,-103.93385243725231,-15.722584117979858,-5.070864515177066,-0.8880599755691285,7.256841272333783,3.0228259563446045,5.299834489822388,75.81947922706604,628.5738958896288,891.6821804443995,61.94437119895697,61.944376261677554,227.344329974752,880.7119825048319,1065.4247805023267,61.94437119895697,61.944376261677554,227.344329974752,880.7119825048319,1065.4247805023267,0.6380282113002211,1.2213391769401194,2.378291851401082,0.013241591823649958,0.9568769702551987,0.9642410593205111,0.9902228740304284,0.9973002680780675,0.9973024620174045,3.0228259563446045,5.299834489822388,75.81947922706604,628.5738958896288,891.6821804443995,61.94437119895697,61.944376261677554,227.344329974752,880.7119825048319,1065.4247805023267,product,0.9875488988568296,
bayesfl_observability_v1,vi_lr0p002_b16_e1,29,vi,mnist,mlp,0,0,0.1,0.5,300,24,0.05,15,2968,2968,1,16,0.05,42,1,5,5,15.202486529946327,4.216290570795536,0.00920812413096428,10.985637705773115,0,15,10,0.3839,1.8383875799179077,699.8515677173025,0.3839,0.6161,1.8383875799179077,1.8383875799179077,0.7729749618530274,0.10942614039480686,0.3841053520639738,0.2744738603591919,2.027053921699524,10000,5,2.027053921699524,1.7220555240631104,0.30499839763641345,1.7220555240631104,0.30499839763641345,0.009379197743535041,0.00441199225992726,0,,,,,,,,,,,,,,,,,,,,,,,,,,,,,1.61401541240252,0.7236135998807539,0.63802820529089,2.6299768204989937,0.9806014105651063,292.379593640051,291.7591204945624,,,475.5909798123393,361.8193201534553,475.5909798123393,361.8193201534553,292.379593640051,291.7591204945624,475.5909798123393,361.8193201534553,,,,,,,,,0.05,1e-05,1,product,1.0,,,,,,,,,,,,,,,,,,,,,,,,1.0,,,1,101770,8.860865485592678,0.022553588823716702,0.01621201900335649,0.01979728974401951,0.04511347003281117,0.0582763786382012,0.0019307477927843228,0.050802383571863174,0.05583139322698116,0.05694991070777178,0.0582297220826149,0.05954079609364271,0.06076975502073765,0.06153088714927435,0.06901197880506516,295.4208080855875,19.543375714911225,209.9669952392578,294.92430114746094,320.8064361572266,387.4643859863281,346.00416886900695,-578685.8676126199,-144937.55929622272,0.3873591347301377,0.2788255821481432,3.5679812341675362e-06,0.06378050935490062,0.16349609460743703,0.3392100410076153,0.5593416194444873,0.7757367735763597,0.908424456097245,2.338933314109745,-11.584558178798385,9.416033828783156,-23.90624033758484,-9.390626015223262,-2.2057124092707197,0.6919524417804854,0.9706101994693918,0.9999508696079394,1.0,0.029389800530608235,4.913039206052864e-05,0.0,2991,5,0,1.2169788635505887,0.017364672850817442,,1.5461922590424164,0.4444070080862534,0.0006738544474393531,,,,295.4208068847656,19.543376922607422,8.860865485592678,0.058276377618312836,0.6237308009944379,0.44544546546639274,,,1.6634756354767644,,197.86666666666667,323.8305867099167,2.0,1305.0,random,,,,,,,,,,,,,,snr_histograms.csv,calibration_bins.csv,270.7852752685547,282.07896423339844,308.32867431640625,328.3180892944336,-108.95154633492174,-15.729852335813932,-5.046457290522158,-0.83422364920602,7.380356794228535,3.3217146396636963,9.745457267761232,174.35131607055663,733.1823626344469,919.0720290207281,61.239279465823806,61.23928053330211,383.92154774989956,1013.4144675818048,1052.1298984641637,61.239279465823806,61.23928053330211,383.92154774989956,1013.4144675818048,1052.1298984641637,0.6380282096303219,1.5955643353341982,2.581455052670461,0.014352594634056281,0.9579074114278742,0.9592771039829242,0.9838807498769275,0.9973667784735293,0.9973682415753727,3.3217146396636963,9.745457267761232,174.35131607055663,733.1823626344469,919.0720290207281,61.239279465823806,61.23928053330211,383.92154774989956,1013.4144675818048,1052.1298984641637,product,0.990523558399313,
bayesfl_observability_v1,vi_lr0p002_b16_e1,30,vi,mnist,mlp,0,0,0.1,0.5,300,24,0.05,15,2279,2279,1,16,0.05,42,1,5,5,15.112103056162596,4.200379122048616,0.009421691298484802,10.911179207265377,0,15,13,0.4031,1.8034070249557494,593.9564871762409,0.4031,0.5969,1.8034070249557494,1.8034070249557494,0.7636201113700867,0.1257544491291046,0.3208640515804291,0.27734554975032805,2.030853588104248,10000,5,2.030853588104248,1.7212861627578735,0.3095674253463745,1.7212861627578735,0.3095674253463745,0.009458155501633883,0.004459421576304992,13,0.8119480826393268,0.711511606672897,0.3089159845934042,0.0,0.3333333333333333,0.5,0.8809523809523809,0.9523809523809523,0.9928571428571429,1.0,0.9727788571060674,1.1809965992891256,0.4688124161005771,0.4268957035882132,1.0353733801072644,2.219540596008301,,,1.1809965992891256,,,,,,,,,,1.6252170703712532,0.6707763173861316,0.6380282082948824,2.6355097445263334,0.9811572362191676,264.2406506018319,255.0673834111178,,,463.2069651437583,331.9530188335133,463.2069651437583,331.9530188335133,264.2406506018319,255.0673834111178,463.2069651437583,331.9530188335133,,,,,,,,,0.05,1e-05,1,product,1.0,,,,,,,,,,,,,,,,,,,,,,,,1.0,,,1,101770,8.931624981288415,0.02273323782632843,0.01634211547873952,0.01993389241397381,0.04549169614911079,0.05859004897936202,0.001977756515366412,0.05110833793878555,0.05608720444142819,0.05722833797335625,0.05854525789618492,0.059893760830163956,0.0611477792263031,0.061913879960775374,0.06880943477153778,292.30279702794473,19.705609844056802,211.2049102783203,291.7538299560547,317.8867401123047,382.8392639160156,349.75350451143294,-577597.5126640057,-144393.38182176632,0.3883708905919087,0.27959008543702524,2.1108225538438123e-07,0.06533162697651612,0.16404122158834689,0.34036875973390324,0.5607048003308007,0.776655678097051,0.910560459899544,2.2684766163535715,-11.555864283114087,9.42332882778629,-23.697530527156935,-9.361006157267406,-2.1954295659410246,0.691726441977007,0.9697651567259506,0.9999410435295274,1.0,0.030234843274049326,5.895647047263437e-05,0.0,3077,6,0,1.0925900436529523,0.015857055317610502,,2.012912406576775,0.36989907854322074,0.008336989907854322,,,,292.30279541015625,19.705610275268555,8.931624981288415,0.05859004706144333,0.5309393297421863,0.4184924551729275,,,1.7624019981653223,,151.93333333333334,210.5673183463083,1.0,843.0,random,,,,,,,,,,,,outputs/tune_vi_mnist_noniid_unbalanced/vi_lr0p002_b16_e1/posterior_snapshots/round_0030.pt,,snr_histograms.csv,calibration_bins.csv,267.44756469726565,278.7640914916992,305.33580017089844,325.55808715820314,-133.51092433267152,-15.70094012298995,-5.025314518109962,-0.8138242500603963,7.114686137630152,1.255429983139038,22.226823520660407,246.04769802093506,625.5653172969818,886.5102295425703,60.51430418629634,92.24067178123327,521.1156440186262,945.8746975880514,1043.619446131049,60.51430418629634,92.24067178123327,521.1156440186262,945.8746975880514,1043.619446131049,0.7706005666172968,1.8691294260923241,2.4992308607680354,0.013128449069712582,0.9585983401550611,0.9624905066315377,0.9784651998663301,0.9960791906429869,0.9974189721498657,1.255429983139038,22.226823520660407,246.04769802093506,625.5653172969818,886.5102295425703,60.51430418629634,92.24067178123327,521.1156440186262,945.8746975880514,1043.619446131049,product,0.9924897830113241,0.4688124161005771
bayesfl_observability_v1,vi_lr0p002_b16_e1,31,vi,mnist,mlp,0,0,0.1,0.5,300,24,0.05,15,2899,2899,1,16,0.05,42,1,5,5,16.147678080946207,5.129059482365847,0.007588468492031097,11.018112484365702,0,15,11,0.375,1.8111257453918457,604.9955061182044,0.375,0.625,1.8111257453918457,1.8111257453918457,0.7721081995010376,0.07915535779744388,0.19468283653259277,0.29609031159877774,1.9944602716445923,10000,5,1.9944602716445923,1.6840254751205443,0.31043479652404793,1.6840254751205443,0.31043479652404793,0.009685783715546131,0.004541965741430491,0,,,,,,,,,,,,,,,,,,,,,,,,,,,,,1.8560381444864065,0.6393400369803576,0.6380282082583636,2.6679811681344114,0.9769308977682787,337.29369573409554,258.95206331961117,,,571.5874499257746,326.4294244796922,571.5874499257746,326.4294244796922,337.29369573409554,258.95206331961117,571.5874499257746,326.4294244796922,,,,,,,,,0.05,1e-05,1,product,1.0,,,,,,,,,,,,,,,,,,,,,,,,1.0,,,1,101770,8.98377091249041,0.022852966748258458,0.016455589355980526,0.020005506463348866,0.04569476321339609,0.0589103297655766,0.002013660037916771,0.05134275555610657,0.05636165104806423,0.057523058727383614,0.05886099115014076,0.06024140305817127,0.06151261702179909,0.06229799911379814,0.06940992921590805,289.1580647312167,19.73886898244867,207.5662841796875,288.63226318359375,314.7984527587891,379.35137939453125,353.5980107340403,-576490.8340744893,-143840.0425268574,0.3883055812864879,0.2800076282443999,1.0415900729728388e-06,0.06498944524819675,0.1632170564224184,0.33981203175991614,0.5610122158922479,0.7769004401312203,0.9133427155183603,2.1847323788437816,-11.558434648938608,9.407150435139267,-23.74314340406389,-9.375224961897628,-2.192692650330774,0.6912253119779895,0.9697258524123022,0.9999213913727032,1.0,0.03027414758769775,7.860862729684583e-05,0.0,3081,8,0,0.974719485316758,0.014144829474389553,,1.731001790629097,0.45463953087271475,0.0006898930665746809,,,,289.1580810546875,19.73887062072754,8.98377091249041,0.05891033262014389,0.6286437245559015,0.3175727427003014,,,1.681709414305316,,193.26666666666668,214.96215687624854,2.0,843.0,random,,,,,,,,,,,,,,snr_histograms.csv,calibration_bins.csv,264.2844299316406,275.5559844970703,302.2150192260742,322.5884948730469,-119.6460550182068,-15.744689175923286,-5.020553639971189,-0.7873246148274775,6.787964903846891,5.586400032043457,58.24104728698731,256.9951833997454,707.8733384141467,874.7065215920502,59.879544594209136,123.78349438047266,517.7954893617151,1013.3931136530076,1061.2456370180203,59.879544594209136,123.78349438047266,517.7954893617151,1013.3931136530076,1061.2456370180203,0.8713028185176643,1.8731551468674394,2.6135854946883152,0.012782534241469464,0.9581243940903038,0.9597363398273969,0.9787384898914915,0.9947923870457097,0.9974598643440041,5.586400032043457,58.24104728698731,256.9951833997454,707.8733384141467,874.7065215920502,59.879544594209136,123.78349438047266,517.7954893617151,1013.3931136530076,1061.2456370180203,product,0.9940966927896052,
bayesfl_observability_v1,vi_lr0p002_b16_e1,32,vi,mnist,mlp,0,0,0.1,0.5,300,24,0.05,15,3540,3540,1,16,0.05,42,1,5,5,16.07760389894247,5.245123457163572,0.012338254600763321,10.831857930868864,0,15,12,0.4519,1.7221408725738525,743.356827916901,0.4519,0.5481,1.7221408725738525,1.7221408725738525,0.7376193804740906,0.17014460885226726,0.38510785795546865,0.2818692744255066,2.027289793395996,10000,5,2.027289793395996,1.704675615310669,0.3226141780853271,1.704675615310669,0.3226141780853271,0.009912739347666502,0.004675130475109185,0,,,,,,,,,,,,,,,,,,,,,,,,,,,,,1.6498026716063385,0.8247261431156381,0.6380282075876221,2.6432257050857464,0.9799665463655223,340.045748858676,339.2169207058357,,,501.55821679102195,397.7745287462072,501.55821679102195,397.7745287462072,340.045748858676,339.2169207058357,501.55821679102195,397.7745287462072,,,,,,,,,0.05,1e-05,1,product,1.0,,,,,,,,,,,,,,,,,,,,,,,,1.0,,,1,101770,9.054918991793496,0.023018301127105727,0.016607627487063736,0.020172410644590855,0.046193646639585494,0.05928699196287658,0.0020620892967084113,0.051114361733198166,0.056679873168468474,0.05787401553243399,0.05923505313694477,0.06064933072775602,0.06195741146802902,0.06275722160935401,0.06943939626216888,285.5308848991743,19.833883319196477,207.39013671875,284.99842834472656,311.27357788085936,382.7490539550781,358.1489461694238,-575197.7776222188,-143193.5143005484,0.3886430838582103,0.2808038012483586,2.4469876707819202e-06,0.06448230222148822,0.16286074708982473,0.3401660967016493,0.5617760959846589,0.7795271369341472,0.9171903043369608,2.2365844730394775,-11.569564371745217,9.431459058311177,-23.81118933474848,-9.366179467314648,-2.1633752306945198,0.6912351380564017,0.9694998526088238,0.9999213913727032,1.0,0.03050014739117618,7.860862729684583e-05,0.0,3104,8,0,1.0608583017760391,0.018853232264518738,,1.9256073388906951,0.2635593220338983,0.000847457627118644,,,,285.5308837890625,19.83388328552246,9.054918991793496,0.05928698927164078,0.6095504402779264,0.49397049738127646,,,1.6895445067209423,,236.0,299.06275818518986,1.0,933.0,random,,,,,,,,,,,,,,snr_histograms.csv,calibration_bins.csv,260.5034484863281,271.8616714477539,298.560791015625,319.16422119140617,-112.22736082733518,-15.763671547104835,-5.008734886307336,-0.7508109057596107,6.991706111720974,2.0319676399230957,4.6409924030303955,170.01666259765625,849.6054954456796,873.8005978394363,59.23934269295561,59.23934381353596,373.69769224113264,1003.5793380325981,1027.9670912180627,59.23934269295561,59.23934381353596,373.69769224113264,1003.5793380325981,1027.9670912180627,0.638028207961594,1.6006770562131356,2.60666525601775,0.015553842175194444,0.9594531090124585,0.9604343220432181,0.9844791455535529,0.9974870372216023,0.9974871975029228,2.0319676399230957,4.6409924030303955,170.01666259765625,849.6054954456796,873.8005978394363,59.23934269295561,59.23934381353596,373.69769224113264,1003.5793380325981,1027.9670912180627,product,0.993113735542715,
bayesfl_observability_v1,vi_lr0p002_b16_e1,33,vi,mnist,mlp,0,0,0.1,0.5,300,24,0.05,15,4000,4000,1,16,0.05,42,1,5,5,16.491932030767202,5.6471275091171265,0.009822357445955276,10.844093158841133,0,15,12,0.4867,1.6914542583465577,682.7727338760551,0.4867,0.5133,1.6914542583465577,1.6914542583465577,0.7287003964424134,0.21023184183090923,0.38046630890333233,0.2764681568384171,2.0292702404022216,10000,5,2.0292702404022216,1.7009111389160156,0.32835910148620595,1.7009111389160156,0.32835910148620595,0.010129722525179387,0.0047586291266624725,0,,,,,,,,,,,,,,,,,,,,,,,,,,,,,1.9408029526871644,0.6255766758217083,0.6380282073708907,2.646640701485772,0.9757866477374122,377.3567860242785,271.52053047465887,,,604.2484581501188,308.0212994320907,604.2484581501188,308.0212994320907,377.3567860242785,271.52053047465887,604.2484581501188,308.0212994320907,,,,,,,,,0.05,1e-05,1,product,1.0,,,,,,,,,,,,,,,,,,,,,,,,1.0,,,1,101770,9.114214681736389,0.023155749154729875,0.016734781060027053,0.020250223577022552,0.046424086019396786,0.05965316748456846,0.002115674045867923,0.05133109539747238,0.05696604773402214,0.05820980481803417,0.0596003532409668,0.06104868184775114,0.06238415986299515,0.06321504935622216,0.07029265910387039,282.07685646776065,19.98177427235114,202.38580322265625,281.5155029296875,308.1540191650391,379.52374267578125,362.6041151087038,-573949.4027714458,-142569.32687499648,0.3885882079087078,0.28127010096675414,9.993070750504787e-06,0.06498290097227134,0.16219816388624192,0.33929680940606644,0.5612637643533387,0.7799710672545592,0.9190310046373108,2.2258458211894174,-11.582014094126203,9.464633933457213,-23.744018112359928,-9.38840448633755,-2.1584301412942817,0.6909305296256264,0.9684779404539648,0.9999213913727032,1.0,0.03152205954603518,7.860862729684583e-05,0.0,3208,8,0,1.0375481433129248,0.015585578978061676,,2.048781431500284,0.31375,0.0165,,,,282.07684326171875,19.981773376464844,9.114214681736389,0.05965316668152809,0.8300186825157885,0.34181155257993445,,,1.474522694256811,,266.6666666666667,339.4981917804897,3.0,1255.0,random,,,,,,,,,,,,,,snr_histograms.csv,calibration_bins.csv,256.9515869140625,268.31652069091797,295.1261520385742,315.9812042236328,-100.00601988665477,-15.799081327825782,-5.01665990561709,-0.73339673875357,6.949901570816409,2.063819408416748,65.02167038917543,333.6312261157566,789.8179686092194,889.856475422654,58.500923522024976,152.01507545272625,623.7625714978006,974.4411619931008,1016.8978200478385,58.500923522024976,152.01507545272625,623.7625714978006,974.4411619931008,1016.8978200478385,0.9527025341656308,2.078663359021975,2.5824229949305826,0.011997548170779753,0.9598898015316093,0.9615965010261881,0.9745683030959132,0.9936620856274384,0.9975269898577855,2.063819408416748,65.02167038917543,333.6312261157566,789.8179686092194,889.856475422654,58.500923522024976,152.01507545272625,623.7625714978006,974.4411619931008,1016.8978200478385,product,0.9934992730519632,
bayesfl_observability_v1,vi_lr0p002_b16_e1,34,vi,mnist,mlp,0,0,0.1,0.5,300,24,0.05,15,5847,5847,1,16,0.05,42,1,5,5,19.11661209911108,7.943242181092501,0.00891977921128273,11.17286117747426,0,15,14,0.4834,1.6841923667907714,779.7627375981355,0.4834,0.5166,1.6841923667907714,1.6841923667907714,0.7220838732242584,0.1964638076260686,0.36943395658177336,0.2871191702127457,2.003164792060852,10000,5,2.003164792060852,1.6734034608840942,0.32976133117675777,1.6734034608840942,0.32976133117675777,0.010304585053026677,0.004894296887151105,0,,,,,,,,,,,,,,,,,,,,,,,,,,,,,1.935739430363116,0.6774499781230194,0.6380282066461062,2.6544368458743732,0.975881414016974,432.8323004099251,330.2704578117695,,,607.3882481707691,344.0694909686777,607.3882481707691,344.0694909686777,432.8323004099251,330.2704578117695,607.3882481707691,344.0694909686777,,,,,,,,,0.05,1e-05,1,product,1.0,,,,,,,,,,,,,,,,,,,,,,,,1.0,,,1,101770,9.170030166030994,0.023282314566876627,0.016858332943517722,0.02032868191599846,0.04679345786571503,0.060061596687218756,0.0021682160981812944,0.05101063847541809,0.057313448563218114,0.05858091451227665,0.06000600568950176,0.06148903165012598,0.06286119818687438,0.06371861435472966,0.07109708338975906,278.2915136807511,20.071303223355223,197.8319549560547,277.72216796875,304.42962646484375,384.3071594238281,367.6030666737237,-572565.1860159918,-141877.21849708812,0.3880643885551137,0.28141372074454496,9.006151109572496e-07,0.06404564507981583,0.16177497547859876,0.3387258184543388,0.5605639304659056,0.7807449433244472,0.9179320074321127,2.3058512861538905,-11.617436182122312,9.51125793634996,-23.870207954070278,-9.403033984021246,-2.149816397941018,0.6906848776653237,0.9685762012380859,0.999911565294291,1.0,0.03142379876191412,8.843470570895156e-05,0.0,3198,9,0,0.980628620912508,0.014173194766044617,,2.0639066599867584,0.22319138019497178,0.0003420557550880794,,,,278.2915344238281,20.07130241394043,9.170030166030994,0.06006159260869026,0.8639964243735894,0.3896295533885058,,,1.442461285667065,,389.8,450.58527864693195,2.0,1305.0,random,,,,,,,,,,,,,,snr_histograms.csv,calibration_bins.csv,253.06651763916017,264.48722076416016,291.3987503051758,312.4093292236328,-120.90920576577733,-15.821773146708916,-5.027497007921678,-0.7437897293935393,7.256625888445377,7.477244853973389,51.60029764175415,403.7526887456576,881.3598485827662,890.0656725604359,57.7977512129795,133.95405511085855,758.4377275871973,966.4242034758568,1011.0704488214506,57.7977512129795,133.95405511085855,758.4377275871973,966.4242034758568,1011.0704488214506,0.9708575652845675,2.3049132557378393,2.586588461470258,0.013313319301964964,0.9600103084868301,0.9619950542970855,0.9695127009156882,0.9943789964573162,0.997560276882941,7.477244853973389,51.60029764175415,403.7526887456576,881.3598485827662,890.0656725604359,57.7977512129795,133.95405511085855,758.4377275871973,966.4242034758568,1011.0704488214506,product,0.9942657072377175,
bayesfl_observability_v1,vi_lr0p002_b16_e1,35,vi,mnist,mlp,0,0,0.1,0.5,300,24,0.05,15,1905,1905,1,16,0.05,42,1,5,5,15.102307561784983,4.030513864010572,0.010017376393079758,11.071243159472942,0,15,11,0.4593,1.6911472080230714,613.9955294508447,0.4593,0.5407,1.6911472080230714,1.6911472080230714,0.7323921682357788,0.16518169617652897,0.3669694788812653,0.29414456424713137,1.9804734088897704,10000,5,1.9804734088897704,1.6418864500045776,0.33858695888519286,1.6418864500045776,0.33858695888519286,0.01092005427107215,0.005235630726065694,11,0.9235322386570405,0.9703914141414139,0.04329952134397664,0.8888888888888888,0.9,0.9427083333333333,1.0,1.0,1.0,1.0,0.8798062063357196,1.0068662463031415,0.28293146682513404,0.6619706153869629,0.9099230766296387,1.6514973640441895,,,1.0068662463031415,,,,,,,,,,1.3616443922188712,0.7074922677648061,0.6380282049967525,2.6353518002257625,0.9865529640607957,189.8558526180342,254.25025578201655,,,332.9037441262884,329.208704381809,332.9037441262884,329.208704381809,189.8558526180342,254.25025578201655,332.9037441262884,329.208704381809,,,,,,,,,0.05,1e-05,1,product,1.0,,,,,,,,,,,,,,,,,,,,,,,,1.0,,,1,101770,9.273209674003736,0.0235135985392103,0.017090316629344706,0.02044392004609108,0.04738709926605226,0.06040512694122223,0.002236718990770299,0.05106012150645256,0.057575327903032304,0.05887288972735405,0.060348400846123695,0.06187557242810726,0.06329910904169082,0.06417483761906624,0.07167166471481323,275.1909213049327,20.35681605029165,194.6726837158203,274.57972717285156,301.6665435791016,383.5626525878906,371.8454218854375,-571411.2162926428,-141300.23363526506,0.38970865644670516,0.2837139501361147,2.4396774795996196e-06,0.06345705103262543,0.1619861751571831,0.33862494807700094,0.5634170794247741,0.7851797814044551,0.9247982622801386,2.2210188889221536,-11.583991806902558,9.47768881569714,-23.95040228834227,-9.405620971711706,-2.100617842631425,0.6886115751203694,0.9673675935933969,0.999901739215879,1.0,0.03263240640660312,9.826078412105728e-05,0.0,3321,10,0,1.342125800236876,0.019450854510068893,,1.5514084632505916,0.5039370078740157,0.0005249343832020997,,,,275.19091796875,20.356815338134766,9.273209674003736,0.06040513142943382,0.5405216804037178,0.4950737882318212,,,1.7502909117125816,,127.0,226.99809103455766,1.0,896.0,random,,,,,,,,,,,,,,snr_histograms.csv,calibration_bins.csv,249.5771453857422,261.19298553466797,288.5155792236328,309.7436233520508,-112.25334809401542,-15.81044098618225,-4.9833998390865535,-0.6790599002387971,6.9310450414801625,1.7460312843322754,5.232191658020019,87.42638047536214,591.5837176738825,849.7814216784069,57.02712784732908,57.02712836380261,210.68889416996487,941.611564507316,981.4778428015776,57.02712784732908,57.02712836380261,210.68889416996487,941.611564507316,981.4778428015776,0.638028205424386,1.2255688584165405,2.5719161321962027,0.012904120261232064,0.961039332828526,0.9629201689494122,0.9911966329181883,0.9975889834228503,0.9975895872576279,1.7460312843322754,5.232191658020019,87.42638047536214,591.5837176738825,849.7814216784069,57.02712784732908,57.02712836380261,210.68889416996487,941.611564507316,981.4778428015776,product,0.9894711427290406,0.28293146682513404
bayesfl_observability_v1,vi_lr0p002_b16_e1,36,vi,mnist,mlp,0,0,0.1,0.5,300,24,0.05,15,1527,1527,1,16,0.05,42,1,5,5,14.345131356269121,3.632768027484417,0.00949971005320549,10.711836367845535,0,15,11,0.491,1.6456420904159546,444.0265317689677,0.491,0.509,1.6456420904159546,1.6456420904159546,0.7140378565788269,0.20094373444318772,0.41365977993667297,0.2900562656879425,1.990472036743164,10000,5,1.990472036743164,1.6458460821151732,0.34462595462799084,1.6458460821151732,0.34462595462799084,0.010991142846643924,0.005159548080838809,0,,,,,,,,,,,,,,,,,,,,,,,,,,,,,1.4750806972264339,0.7690925701441158,0.6380282023400463,2.676527038085604,0.98456488811813,208.92274393773513,209.36760669521553,,,385.62310467217526,338.0990079701564,385.62310467217526,338.0990079701564,208.92274393773513,209.36760669521553,385.62310467217526,338.0990079701564,,,,,,,,,0.05,1e-05,1,product,1.0,,,,,,,,,,,,,,,,,,,,,,,,1.0,,,1,101770,9.327538194434439,0.02364842329017719,0.017194477866314492,0.020558729767799377,0.04762617312371733,0.060677362023434094,0.0022605687703090025,0.05140048637986183,0.05781838297843933,0.05913013964891434,0.06062459759414196,0.062157037667930126,0.06360396668314934,0.06447401605546474,0.072329580783844,272.7408205999236,20.298700881583684,191.14727783203125,272.0835418701172,299.1356201171875,378.49969482421875,375.21097213573796,-570497.6674999192,-140843.4592387859,0.39019559609954585,0.2842035622610766,5.816607967226374e-07,0.06407966689065442,0.16153887940457107,0.33891152003321523,0.5631977029558616,0.7857128733508699,0.9276443686063166,2.2018332893714128,-11.568659065029689,9.465179845108231,-23.865595090724035,-9.398273373852241,-2.09472262377209,0.6877567062985163,0.9669843765353248,0.9999213913727032,1.0,0.03301562346467525,7.860862729684583e-05,0.0,3360,8,0,0.9767047251411107,0.013204120099544525,,1.9026579105083408,0.2632612966601179,0.0006548788474132286,,,,272.7408142089844,20.298702239990234,9.327538194434439,0.060677364468574524,0.7202072632654765,0.4816585764607703,,,1.5844854901055654,,101.8,115.71701113780405,1.0,396.0,random,,,,,,,,,,,,,,snr_histograms.csv,calibration_bins.csv,247.1904052734375,258.8328399658203,286.0106506347656,307.12812499999995,-124.70658919050669,-15.83445868317461,-4.986782503805694,-0.6523697504951425,6.855688670130762,2.0233097076416016,11.675421905517581,89.10990937550862,506.78188558030223,668.1917361068726,56.395901613356756,56.3959018201585,207.42358387478617,878.9202531944973,1003.3512067863323,56.395901613356756,56.3959018201585,207.42358387478617,878.9202531944973,1003.3512067863323,0.6380282029889998,1.2227521063102895,2.5070208986047686,0.013279242016491836,0.9608486834970237,0.9653352841407689,0.9914272631893151,0.9976421868615837,0.99764285282749,2.0233097076416016,11.675421905517581,89.10990937550862,506.78188558030223,668.1917361068726,56.395901613356756,56.3959018201585,207.42358387478617,878.9202531944973,1003.3512067863323,product,0.9945026467031987,
bayesfl_observability_v1,vi_lr0p002_b16_e1,37,vi,mnist,mlp,0,0,0.1,0.5,300,24,0.05,15,5135,5135,1,16,0.05,42,1,5,5,17.870534520596266,7.027156941592693,0.00943763181567192,10.842874091118574,0,15,11,0.5107,1.6098296821594238,735.8272954428554,0.5107,0.48929999999999996,1.6098296821594238,1.6098296821594238,0.7078070292472839,0.22118664427846674,0.3815935069708516,0.28951335430145264,1.9899704914093017,10000,5,1.9899704914093017,1.640896833229065,0.3490736581802367,1.640896833229065,0.3490736581802367,0.011154727747291326,0.005228228219772502,0,,,,,,,,,,,,,,,,,,,,,,,,,,,,,1.9437739172896336,0.8560925976650962,0.6380282014686235,2.677321651804221,0.975405269680672,443.78038780950186,324.90065692882354,,,628.7485122320035,390.8895362453227,628.7485122320035,390.8895362453227,443.78038780950186,324.90065692882354,628.7485122320035,390.8895362453227,,,,,,,,,0.05,1e-05,1,product,1.0,,,,,,,,,,,,,,,,,,,,,,,,1.0,,,1,101770,9.379457468546606,0.023765776855292773,0.017309808146044246,0.02065272442996502,0.048061840608716024,0.06107482308311571,0.002301487462277911,0.05123044177889824,0.05816305540502072,0.059502468444406986,0.061022303998470306,0.06258092820644379,0.06405426263809204,0.06494018621742725,0.07246888428926468,269.2283860842231,20.269535336327163,190.41311645507812,268.5485382080078,295.6007934570313,381.01654052734375,380.1547985380266,-569172.0056315822,-140180.6283044491,0.38960183791813535,0.2843132145259095,3.596885408629102e-07,0.06437944230906764,0.16070414127393146,0.3376394716313821,0.562233484238976,0.7871809696166375,0.9265659193343818,2.2292064019346616,-11.577738363996378,9.44488053691521,-23.825055794789034,-9.430935761905413,-2.078508274154851,0.6889063574727327,0.9666895941829616,0.999911565294291,1.0,0.03331040581703842,8.843470570895156e-05,0.0,3390,9,0,0.9350694747250429,0.014423469081521034,,1.9113160388441832,0.30496592015579355,0.00019474196689386563,,,,269.2283935546875,20.269535064697266,9.379457468546606,0.061074819415807724,0.5337783778462808,0.41228793995116736,,,1.768087546493781,,342.3333333333333,342.12661723727695,1.0,1143.0,random,,,,,,,,,,,,,,snr_histograms.csv,calibration_bins.csv,243.72714538574218,255.33831787109375,282.44248962402344,303.6976654052734,-128.88144381030006,-15.879458630529623,-5.001665864919132,-0.6624735585470299,6.9630056322493665,1.8936183452606201,5.321570730209352,443.1823885781424,832.5691031078122,863.2019141680664,55.897106225596616,55.897106995421936,814.6676409236934,978.9503532210185,995.5670179797299,55.897106225596616,55.897106995421936,814.6676409236934,978.9503532210185,995.5670179797299,0.6380282021044299,2.42795982999607,2.651432787256879,0.01511786787261246,0.9611988871176541,0.9619045042374271,0.9678328665997339,0.99766887988684,0.9976692892676844,1.8936183452606201,5.321570730209352,443.1823885781424,832.5691031078122,863.2019141680664,55.897106225596616,55.897106995421936,814.6676409236934,978.9503532210185,995.5670179797299,product,0.9950183636264266,
bayesfl_observability_v1,vi_lr0p002_b16_e1,38,vi,mnist,mlp,0,0,0.1,0.5,300,24,0.05,15,3690,3690,1,16,0.05,42,1,5,5,16.30319769307971,5.4643495082855225,0.00969100371003151,10.837243523448706,0,15,12,0.5033,1.6082048879623414,665.8557882544906,0.5033,0.49670000000000003,1.6082048879623414,1.6082048879623414,0.7087804119586945,0.20721069915592671,0.3810295628176795,0.2960893008708954,1.968471107673645,10000,5,1.968471107673645,1.6121159885406495,0.35635511913299545,1.6121159885406495,0.35635511913299545,0.01159976959824562,0.0053212288915245,0,,,,,,,,,,,,,,,,,,,,,,,,,,,,,1.8630381566823668,0.6921047523062799,0.6380281958393207,2.5949095636278194,0.9785181948471945,349.8325846757986,285.19964542855024,,,541.767973729115,327.37725715160195,541.767973729115,327.37725715160195,349.8325846757986,285.19964542855024,541.767973729115,327.37725715160195,,,,,,,,,0.05,1e-05,1,product,1.0,,,,,,,,,,,,,,,,,,,,,,,,1.0,,,1,101770,9.433094180553983,0.023902006896702174,0.017408348962917757,0.020767289213836193,0.048306901007890715,0.061450779340503095,0.002342089143563213,0.05134128779172897,0.05848913677036762,0.059844642877578735,0.06139204651117325,0.06299185939133167,0.06448312252759933,0.06538880430161953,0.07314048707485199,265.97022355671794,20.255406423668102,186.93228149414062,265.3235321044922,292.3139678955078,379.373046875,384.86194639486735,-567926.2396704559,-139557.74532372985,0.3894484118189299,0.28416838840497655,3.0028262104998735e-07,0.06410726927417197,0.16189695214081393,0.33749007292853106,0.5618898934809466,0.7872422998946557,0.9257107333740917,2.15969570851419,-11.586568314374292,9.468473799309082,-23.8618544412963,-9.43477994449118,-2.0778315712124353,0.6897317480593496,0.9662375945760047,0.999911565294291,1.0,0.033762405423995286,8.843470570895156e-05,0.0,3436,9,0,1.0133447424898034,0.013339022174477577,,1.9617904841805285,0.2669376693766938,0.004607046070460705,,,,265.97021484375,20.25540542602539,9.433094180553983,0.0614507831633091,0.8865157449951204,0.3986216848550807,,,1.4297286539836371,,246.0,286.481180301022,1.0,843.0,random,,,,,,,,,,,,,,snr_histograms.csv,calibration_bins.csv,240.49600677490236,252.0177459716797,279.2218780517578,300.5491027832031,-130.44936711436893,-15.815226547916144,-5.006975589190686,-0.6704940149331717,6.687851306147071,1.200114369392395,35.39112010002137,240.94917460850306,822.4234789945641,829.0119731291285,55.18203132710742,84.26598320519201,479.4606929256885,929.1995645071673,934.7193738463379,55.18203132710742,84.26598320519201,479.4606929256885,929.1995645071673,934.7193738463379,0.7711886839015174,1.8776582206245886,2.585562943048366,0.012645608256844592,0.9638090220506386,0.9640265394191758,0.9805424034985283,0.9964901180545525,0.997694498039302,1.200114369392395,35.39112010002137,240.94917460850306,822.4234789945641,829.0119731291285,55.18203132710742,84.26598320519201,479.4606929256885,929.1995645071673,934.7193738463379,product,0.9942132580632934,
bayesfl_observability_v1,vi_lr0p002_b16_e1,39,vi,mnist,mlp,0,0,0.1,0.5,300,24,0.05,15,4371,4371,1,16,0.05,42,1,5,5,16.95462692156434,6.220167797058821,0.010257638990879059,10.733808103948832,0,15,11,0.5098,1.5904194620132446,690.757959994473,0.5098,0.49019999999999997,1.5904194620132446,1.5904194620132446,0.6992982074737549,0.20436314344555143,0.35397259623277927,0.30543685569763185,1.946993186378479,10000,5,1.946993186378479,1.5871512006759643,0.3598419857025148,1.5871512006759643,0.3598419857025148,0.0118313144415617,0.005530064401630192,0,,,,,,,,,,,,,,,,,,,,,,,,,,,,,1.8847413764815697,0.7829404194787543,0.6380281992564514,2.6935693916390266,0.9776859211681844,372.02356687305644,296.9104941588654,,,565.2269774293316,356.8760718023669,565.2269774293316,356.8760718023669,372.02356687305644,296.9104941588654,565.2269774293316,356.8760718023669,,,,,,,,,0.05,1e-05,1,product,1.0,,,,,,,,,,,,,,,,,,,,,,,,1.0,,,1,101770,9.494887785301684,0.02404498772650569,0.017541036779492477,0.020837032236158848,0.048652061447501185,0.06184191535801425,0.0023964183952680444,0.051390744745731354,0.05880936272442341,0.06020358018577099,0.061784565448760986,0.06341945938766003,0.06495077461004257,0.06588202081620693,0.07339456677436829,262.6550035791359,20.339163789664802,185.64027404785156,261.96302795410156,289.1392364501953,378.6432189941406,389.79592423710085,-566639.786599914,-138914.51878830016,0.38932939564368374,0.28456114298277985,1.4310160735408131e-05,0.06367608358074137,0.16249709557841333,0.3372440578694866,0.5609628492376918,0.7872420824011963,0.9295814032820721,2.2124507054982048,-11.592344245033452,9.455266681982202,-23.92047311837145,-9.441113874702683,-2.077833971067551,0.6910975729586322,0.9661295077134715,0.999911565294291,1.0,0.03387049228652845,8.843470570895156e-05,0.0,3447,9,0,1.0599678261532248,0.014794220216572285,,1.9998131225625657,0.32212308396247996,0.001601464195836193,,,,262.6549987792969,20.339162826538086,9.494887785301684,0.06184191256761551,0.6750037364384422,0.3335959710859507,,,1.6397994389246575,,291.4,365.60503278811683,7.0,1408.0,random,,,,,,,,,,,,,,snr_histograms.csv,calibration_bins.csv,237.04530029296876,248.63079452514648,275.9023132324219,297.3091735839844,-96.88710915513524,-15.783087941114916,-5.021317994302318,-0.6342514627480159,6.8974720636171405,7.628292083740234,15.008922576904297,354.8211714137684,787.1976664946629,860.3994157747788,54.518724945982676,54.51872610306874,684.8619754263199,964.9856392450499,985.1425962297857,54.518724945982676,54.51872610306874,684.8619754263199,964.9856392450499,985.1425962297857,0.6380282001824693,2.2556178220929546,2.6581350330694806,0.013816807515124608,0.9616549889298354,0.9624741438671804,0.9726036796250253,0.9977194137180432,0.9977211768927103,7.628292083740234,15.008922576904297,354.8211714137684,787.1976664946629,860.3994157747788,54.518724945982676,54.51872610306874,684.8619754263199,964.9856392450499,985.1425962297857,product,0.9937492396181232,
bayesfl_observability_v1,vi_lr0p002_b16_e1,40,vi,mnist,mlp,0,0,0.1,0.5,300,24,0.05,15,2913,2913,1,16,0.05,42,1,5,5,15.625627115368843,4.611617751419544,0.009073853492736816,11.013437859714031,0,15,11,0.5479,1.5290354053497315,635.203839549015,0.5479,0.45209999999999995,1.5290354053497315,1.5290354053497315,0.6692733985900879,0.22795009247809647,0.41665057061281185,0.3199754044771194,1.9294794101715087,10000,5,1.9294794101715087,1.5711096939086915,0.3583697162628172,1.5711096939086915,0.3583697162628172,0.011784097842872142,0.005509444882202655,12,0.9053335219982511,0.9072796003048326,0.10618222201999764,0.6666666666666666,0.782608695652174,0.8440217391304348,0.9565826330532212,1.0,1.0,1.0,0.6253321358442391,0.8887736766999761,0.3408282282838249,0.3175010461916869,0.8576841838117959,1.4329502582550049,,,0.8887736766999761,,,,,,,,,,1.615337165457666,0.9241830785279778,0.6380281943514458,2.6956289257384123,0.9817357642149448,296.3951699296406,300.19670182304384,,,463.207365400621,415.41282273829773,463.207365400621,415.41282273829773,296.3951699296406,300.19670182304384,463.207365400621,415.41282273829773,,,,,,,,,0.05,1e-05,1,product,1.0,,,,,,,,,,,,,,,,,,,,,,,,1.0,,,1,101770,9.554741250705653,0.024186690284003096,0.017665134567382137,0.020952441729605198,0.04895674847066403,0.062210268009857767,0.002435506925381058,0.05188550427556038,0.05912166051566601,0.06054612435400486,0.06214079074561596,0.06381504982709885,0.06536464542150497,0.06631947197020054,0.07383366674184799,259.57776214383705,20.30537708518787,183.4387664794922,258.9682159423828,286.0926849365234,371.45648193359375,394.4655209617114,-565434.1695634476,-138311.7102699195,0.3893369400694359,0.2849497853012148,4.029440897191831e-06,0.06393041297880563,0.16152930485569228,0.33689106447427275,0.5608613465396497,0.7874181169505065,0.9281594334756152,2.278176698355735,-11.597657557846953,9.46808014479856,-23.885849804230546,-9.450210157551998,-2.0758919444867985,0.6910091382529232,0.9658445514395205,0.999911565294291,1.0,0.034155448560479515,8.843470570895156e-05,0.0,3476,9,0,1.0576948313008152,0.016296982765197754,,1.6635287128377279,0.27154136628904907,0.0006865774116031583,,,,259.5777587890625,20.305377960205078,9.554741250705653,0.062210265547037125,0.7919162451374093,0.39571056895963647,,,1.5105031379815743,,194.2,230.52756885023533,2.0,791.0,random,,,,,,,,,,,,outputs/tune_vi_mnist_noniid_unbalanced/vi_lr0p002_b16_e1/posterior_snapshots/round_0040.pt,,snr_histograms.csv,calibration_bins.csv,234.05299072265626,245.55781173706055,272.7892837524414,294.15358886718747,-107.8951020437028,-15.834973519096515,-5.022889793641337,-0.6475483471482019,7.151748109920643,3.867180824279785,7.342186450958252,66.03350877761841,682.6655423063182,799.9388733673096,53.84379530438451,53.84379633024874,124.79745534808622,971.8484306462348,973.7597926509951,53.84379530438451,53.84379633024874,124.79745534808622,971.8484306462348,973.7597926509951,0.63802819820056,0.9708531418389525,2.6951748124483417,0.016166251214968598,0.9619098058078601,0.9619974341490796,0.9948131081410367,0.99775001457137,0.9977504514853461,3.867180824279785,7.342186450958252,66.03350877761841,682.6655423063182,799.9388733673096,53.84379530438451,53.84379633024874,124.79745534808622,971.8484306462348,973.7597926509951,product,0.9938540497254599,0.3408282282838249
bayesfl_observability_v1,vi_lr0p002_b16_e1,41,vi,mnist,mlp,0,0,0.1,0.5,300,24,0.05,15,2399,2399,1,16,0.05,42,1,5,5,15.499022770673037,4.590446811169386,0.0070685409009456635,10.9080714546144,0,15,11,0.5269,1.536042956829071,515.067759998555,0.5269,0.47309999999999997,1.536042956829071,1.536042956829071,0.6701640707492829,0.19300864460021255,0.3763539948985954,0.3338913554430008,1.8993571994781495,10000,5,1.8993571994781495,1.5392446441650391,0.36011255531311037,1.5392446441650391,0.36011255531311037,0.011993723678588867,0.005721874554879762,0,,,,,,,,,,,,,,,,,,,,,,,,,,,,,1.7679729508669049,0.7412915832946729,0.6380281957315421,2.6817100947115375,0.9807243418102038,277.2198373819792,236.4593909403317,,,484.25428270026435,329.94858604556845,484.25428270026435,329.94858604556845,277.2198373819792,236.4593909403317,484.25428270026435,329.94858604556845,,,,,,,,,0.05,1e-05,1,product,1.0,,,,,,,,,,,,,,,,,,,,,,,,1.0,,,1,101770,9.60656962575059,0.024305439465960026,0.017777987882452998,0.021071883849799633,0.0490931261330843,0.06253091363680875,0.002465279969615991,0.05210009217262268,0.05941736064851284,0.06084500718861818,0.06246534548699856,0.06415164284408092,0.06573156043887138,0.06669122651219368,0.07408632338047028,256.9392652841639,20.24405661891077,182.1897430419922,256.2841339111328,283.25220642089846,368.40289306640625,398.5509377533438,-564389.9818549579,-137789.61641554823,0.3892427459777479,0.2853023075780989,3.782551275202959e-07,0.06347074843146054,0.1611335300922552,0.336907772011933,0.5610284335190165,0.7871982198390136,0.9284766802815473,2.2950344989747777,-11.611070950978494,9.51083767374751,-23.948527612223565,-9.44977940824279,-2.078317934099965,0.6907733123710327,0.9658543775179326,0.999901739215879,1.0,0.03414562248206741,9.826078412105728e-05,0.0,3475,10,0,0.9657323597508533,0.014034902676939964,,2.084204813423106,0.25302209253855773,0.007503126302626094,,,,256.93927001953125,20.244056701660156,9.60656962575059,0.06253091990947723,0.6332025989439212,0.3990465901253843,,,1.6794479130997464,,159.93333333333334,165.68905281346207,2.0,607.0,random,,,,,,,,,,,,,,snr_histograms.csv,calibration_bins.csv,231.44730377197266,242.98778533935547,270.11585998535156,291.4454971313476,-128.44428055880152,-15.856281568442432,-5.020302553878792,-0.644579991832456,7.215784364805042,1.5115513801574707,17.785346603393556,194.5895473162333,600.9391664648056,761.7689410134366,53.21731112026847,53.21731422158203,402.0661726301505,935.8389310620911,954.6181635501389,53.21731112026847,53.21731422158203,402.0661726301505,935.8389310620911,954.6181635501389,0.638028197354939,1.7507434577026184,2.6595275112813423,0.012835368210460982,0.9628303870373279,0.9633916555210839,0.9836147762094667,0.9977777584098763,0.9977786492399472,1.5115513801574707,17.785346603393556,194.5895473162333,600.9391664648056,761.7689410134366,53.21731112026847,53.21731422158203,402.0661726301505,935.8389310620911,954.6181635501389,product,0.994934251200316,
bayesfl_observability_v1,vi_lr0p002_b16_e1,42,vi,mnist,mlp,0,0,0.1,0.5,300,24,0.05,15,2168,2168,1,16,0.05,42,1,5,5,14.83120834082365,3.8815890215337276,0.011879507452249527,10.949083086103201,0,15,11,0.5415,1.5158417097091674,615.0585544413644,0.5415,0.4585,1.5158417097091674,1.5158417097091674,0.65664707736969,0.19832093776017426,0.38632177957829006,0.3432305836200714,1.876933300590515,10000,5,1.876933300590515,1.509085450553894,0.3678478500366211,1.509085450553894,0.3678478500366211,0.012375502941012383,0.005848581776258332,0,,,,,,,,,,,,,,,,,,,,,,,,,,,,,1.411186917183525,0.7090691798530449,0.6380281970245754,2.6748642099766737,0.9869698275648386,197.80055849188642,255.19866148374413,,,326.2955272776799,303.7237404122909,326.2955272776799,303.7237404122909,197.80055849188642,255.19866148374413,326.2955272776799,303.7237404122909,,,,,,,,,0.05,1e-05,1,product,1.0,,,,,,,,,,,,,,,,,,,,,,,,1.0,,,1,101770,9.696628366450046,0.024509013659214665,0.017977801817743624,0.021194208413362503,0.049549428001046184,0.06290243199477469,0.002529668173526862,0.05249674990773201,0.059704671427607534,0.06116778589785099,0.06283014267683029,0.06456668302416801,0.06619746387004852,0.06716121919453144,0.07521307468414307,253.96079824349613,20.40869151420918,176.77194213867188,253.31675720214844,280.5326202392578,362.8567199707031,403.32623104684893,-563190.6410178657,-137189.94599685952,0.39020897878800237,0.28687351999225585,2.246421401699797e-06,0.06356060376710516,0.1605487655673947,0.3367500836257793,0.561795166154127,0.7880521518670833,0.9310420618282661,2.3308596314978605,-11.612091731573546,9.540975054720953,-23.93623972144939,-9.453845767966545,-2.068900816681149,0.6887294880613147,0.9651075955586126,0.9998820870590547,1.0,0.03489240444138744,0.00011791294094526874,0.0,3551,12,0,1.3140558373541336,0.019760812167078257,,1.4721212901650527,0.3980627306273063,0.00046125461254612545,,,,253.9608154296875,20.40869140625,9.696628366450046,0.06290243566036224,0.65753915489318,0.40203883923152556,,,1.6444355462307376,,144.53333333333333,243.70579713161436,1.0,855.0,random,,,,,,,,,,,,,,snr_histograms.csv,calibration_bins.csv,228.2008850097656,239.87394332885742,267.2726364135742,288.67360229492186,-112.97017157343012,-15.887860585998563,-5.008440038362197,-0.620613968807373,7.350322406481558,0.3636953830718994,6.873525333404542,86.44224961598714,629.9319862870375,813.3942694575699,52.680151238955034,52.680151423666686,194.9413757012195,863.4430898724331,943.6848373689035,52.680151238955034,52.680151423666686,194.9413757012195,863.4430898724331,943.6848373689035,0.6380281971537558,1.2263775387834515,2.557190502172528,0.01176752046003458,0.9634145754814232,0.9663084615954007,0.9919472603229706,0.9978020190569391,0.9978021796346449,0.3636953830718994,6.873525333404542,86.44224961598714,629.9319862870375,813.3942694575699,52.680151238955034,52.680151423666686,194.9413757012195,863.4430898724331,943.6848373689035,product,0.9907750535352239,
bayesfl_observability_v1,vi_lr0p002_b16_e1,43,vi,mnist,mlp,0,0,0.1,0.5,300,24,0.05,15,4163,4163,1,16,0.05,42,1,5,5,16.44647427648306,5.769262902438641,0.0078016407787799835,10.676723267883062,0,15,10,0.5461,1.4835851658821106,691.5971576710914,0.5461,0.45389999999999997,1.4835851658821106,1.4835851658821106,0.6562208638191224,0.21186637561321253,0.3751691441252849,0.3342336224794388,1.8884459287643434,10000,5,1.8884459287643434,1.512337197113037,0.3761087316513063,1.512337197113037,0.3761087316513063,0.012638984375447035,0.005827114850581557,0,,,,,,,,,,,,,,,,,,,,,,,,,,,,,1.751218919450921,0.7923821915424412,0.6380281827911823,2.70678457252033,0.9811995495427959,323.97407211207803,303.1770910332194,,,479.6309081850252,348.29176831023057,479.6309081850252,348.29176831023057,323.97407211207803,303.1770910332194,479.6309081850252,348.29176831023057,,,,,,,,,0.05,1e-05,1,product,1.0,,,,,,,,,,,,,,,,,,,,,,,,1.0,,,1,101770,9.763253426753057,0.024671069509527497,0.018109972498460733,0.021350841969251633,0.0499251276254654,0.06331259659405915,0.0025857484373457756,0.05282158777117729,0.06004765592515469,0.061542307026684284,0.06323517858982086,0.06501799821853638,0.06667101979255677,0.06766368299722672,0.07553738355636597,250.71877501649755,20.459566126379727,175.25730895996094,250.08203125,277.33705139160156,358.4075012207031,408.6239508852907,-561872.8714198646,-136531.0611977036,0.3902544558975764,0.2871114207029738,5.440009904668553e-06,0.06371868381829449,0.1603487703340348,0.33743743717985114,0.5623424017306997,0.7899639693693089,0.9330313560387122,2.2487741957408733,-11.604076846540558,9.505820210790642,-23.914664073010872,-9.436134722507793,-2.04785433287038,0.689682617667289,0.9649405522256067,0.999901739215879,1.0,0.03505944777439324,9.826078412105728e-05,0.0,3568,10,0,1.1013180012093353,0.020128440111875534,,1.8383620847508206,0.27456161422051406,0.0031227480182560653,,,,250.71878051757812,20.459566116333008,9.763253426753057,0.0633125975728035,0.5576228628194926,0.3692247727667284,,,1.733970975419362,,277.53333333333336,364.7157553797508,1.0,1143.0,random,,,,,,,,,,,,,,snr_histograms.csv,calibration_bins.csv,224.9706024169922,236.55536651611328,264.0294876098633,285.57728271484376,-105.28800459488701,-15.898687323988309,-4.999983375659745,-0.6020752173511335,7.03891698362046,0.6344645023345947,13.87028522491455,195.82362492879233,801.1854017646816,831.7729494210446,52.07377523770587,52.07377590078752,394.9798028764156,927.7508570359811,948.1522859940488,52.07377523770587,52.07377590078752,394.9798028764156,927.7508570359811,948.1522859940488,0.6380281938608304,1.7544353679926163,2.6723902041129604,0.013324026464818119,0.9631866893002925,0.9641249937222539,0.9840256505343512,0.9978425458776743,0.9978431143012466,0.6344645023345947,13.87028522491455,195.82362492879233,801.1854017646816,831.7729494210446,52.07377523770587,52.07377590078752,394.9798028764156,927.7508570359811,948.1522859940488,product,0.9936175437310311,
bayesfl_observability_v1,vi_lr0p002_b16_e1,44,vi,mnist,mlp,0,0,0.1,0.5,300,24,0.05,15,2178,2178,1,16,0.05,42,1,5,5,15.58408847078681,4.619007404893637,0.008476622402668,10.964483514428139,0,15,12,0.5339,1.4836520115852356,557.2786011586722,0.5339,0.46609999999999996,1.4836520115852356,1.4836520115852356,0.6618326012134552,0.19124718106985092,0.3240332984533466,0.34265281744003295,1.8605181701660156,10000,5,1.8605181701660156,1.4799133554458619,0.38060481472015373,1.4799133554458619,0.38060481472015373,0.013052509158104658,0.006057319900548637,0,,,,,,,,,,,,,,,,,,,,,,,,,,,,,1.5293382999653409,0.7112189624742823,0.6380281931315965,2.723022779485794,0.9856571550829686,214.2425765761531,240.79458401774127,,,362.6061774756515,310.14880372116477,362.6061774756515,310.14880372116477,214.2425765761531,240.79458401774127,362.6061774756515,310.14880372116477,,,,,,,,,0.05,1e-05,1,product,1.0,,,,,,,,,,,,,,,,,,,,,,,,1.0,,,1,101770,9.853626013535557,0.024890715417943514,0.01828947809350988,0.021476577036082745,0.05041208975017072,0.06366321711980448,0.002635828776431944,0.052693404257297516,0.0603318952023983,0.06186007894575596,0.06359129399061203,0.06540778651833534,0.06708455756306649,0.06810995899140833,0.07651564478874207,247.99912825430073,20.51915416874339,170.80458068847656,247.28892517089844,274.7299865722656,360.15338134765625,413.18139720726964,-560753.4898073334,-135971.37039130778,0.39158272794012355,0.2884078397689148,9.911721308977205e-06,0.06360559290139096,0.1612829689012994,0.33786827699740696,0.564844647334221,0.7944874976373779,0.9373075973237508,2.260685158130408,-11.59334074347484,9.5547906229188,-23.930093894627745,-9.42505165969707,-1.9982586525957167,0.6877665323769284,0.9638891618355114,0.999901739215879,1.0,0.036110838164488554,9.826078412105728e-05,0.0,3675,10,0,1.2142826488117666,0.01664094068109989,,1.8320997131611705,0.38705234159779617,0.002295684113865932,,,,247.99913024902344,20.519153594970703,9.853626013535557,0.06366321444511414,0.6433767882167385,0.4184721289870074,,,1.6629125873565278,,145.2,218.4586001969252,1.0,843.0,random,,,,,,,,,,,,,,snr_histograms.csv,calibration_bins.csv,222.20553283691407,233.7443504333496,261.32386016845703,283.09459381103517,-100.077017476805,-15.848229813072674,-4.961419648434339,-0.5623572559179284,7.084801661704857,2.0306317806243896,13.655532455444337,113.91980862617493,603.2607320446671,796.8707609626482,51.4137365962622,51.41373841321845,258.24755123289816,899.893839649417,947.5413238283908,51.4137365962622,51.41373841321845,258.24755123289816,899.893839649417,947.5413238283908,0.6380281937361881,1.4283010362620157,2.6479059620025907,0.011888541817876044,0.9634372125967541,0.9652913597941353,0.9894636965148244,0.9978721120255114,0.9978726320422484,2.0306317806243896,13.655532455444337,113.91980862617493,603.2607320446671,796.8707609626482,51.4137365962622,51.41373841321845,258.24755123289816,899.893839649417,947.5413238283908,product,0.992379092547499,
bayesfl_observability_v1,vi_lr0p002_b16_e1,45,vi,mnist,mlp,0,0,0.1,0.5,300,24,0.05,15,2462,2462,1,16,0.05,42,1,5,5,15.144493401050568,3.9916758090257645,0.011674821376800537,11.152144715189934,0,15,12,0.5299,1.4853391840934753,550.8134510973525,0.5299,0.47009999999999996,1.4853391840934753,1.4853391840934753,0.6574502163887024,0.17947791882306335,0.314616674077725,0.3504484948158264,1.8477919826507567,10000,5,1.8477919826507567,1.4616181577682494,0.3861738248825073,1.4616181577682494,0.3861738248825073,0.01330734998434782,0.006215982509349453,12,0.8690910285809773,0.8642290542139084,0.13766582665058483,0.5714285714285714,0.6434210526315789,0.8125,0.9045454545454545,0.9732142857142857,1.0,1.0,0.695174507072877,0.7560595409587559,0.2679391718649733,0.24339457069124495,0.7448832670847575,1.1335141442038796,,,0.7560595409587559,,,,,,,,,,1.6124787278711685,0.6297350727447788,0.6380281914347155,2.5646772850913195,0.9850615774275064,209.75097690481752,205.8829361021547,,,377.8653377220667,250.1312924999582,377.8653377220667,250.1312924999582,209.75097690481752,205.8829361021547,377.8653377220667,250.1312924999582,,,,,,,,,0.05,1e-05,1,product,1.0,,,,,,,,,,,,,,,,,,,,,,,,1.0,,,1,101770,9.948777266801628,0.02512136918568221,0.01847928734944703,0.021669793874025345,0.051001415029168135,0.06402575662891283,0.0027152076399712265,0.05234446004033089,0.06059235967695713,0.06216284539550543,0.06394780054688454,0.06581871025264263,0.06754792928695678,0.06860809810459614,0.0768689438700676,245.26030872663955,20.786600902822162,169.23809814453125,244.53937530517578,272.3731262207031,364.9711608886719,417.9357921033396,-559606.2419835408,-135397.7464792803,0.3930082864121297,0.28980483659605955,6.145523892815477e-06,0.0645693418181238,0.16116947931554476,0.3382120381862703,0.5672475579428847,0.7976332578667557,0.9405748944508725,2.1640674540680447,-11.539532479642903,9.477380730551536,-23.799472810209586,-9.416218767167612,-1.9639349258342491,0.6856342733615014,0.9630146408568341,0.9998722609806426,1.0,0.03698535914316596,0.00012773901935737446,0.0,3764,13,0,1.3516040581297482,0.02399979531764984,,1.75194045639753,0.5097481722177092,0.0012185215272136475,,,,245.26031494140625,20.78660011291504,9.948777266801628,0.06402575969696045,0.5221062244017088,0.4115385073420595,,,1.758826511470437,,164.13333333333333,298.8265643405143,3.0,1255.0,random,,,,,,,,,,,,,,snr_histograms.csv,calibration_bins.csv,219.16739044189453,230.8347930908203,258.78448486328125,280.8004486083984,-104.22882035703773,-15.8543439428637,-4.924547302384614,-0.5321323501714642,6.705415872437413,0.8766462802886963,10.625669288635255,188.39857975641885,407.9251198576255,824.4959481456611,50.860046205904894,50.86004837166997,384.7318770580939,737.654173847912,853.6558770152719,50.860046205904894,50.86004837166997,384.7318770580939,737.654173847912,853.6558770152719,0.6380281914803034,1.7517997899956381,2.41844163342117,0.00960987063195685,0.9677889408119282,0.9711351767899267,0.9845382113773882,0.9979096855370004,0.9979101081333857,0.8766462802886963,10.625669288635255,188.39857975641885,407.9251198576255,824.4959481456611,50.860046205904894,50.86004837166997,384.7318770580939,737.654173847912,853.6558770152719,product,0.9907285964012157,0.2679391718649733
bayesfl_observability_v1,vi_lr0p002_b16_e1,46,vi,mnist,mlp,0,0,0.1,0.5,300,24,0.05,15,2551,2551,1,16,0.05,42,1,5,5,15.099319763481617,4.282400831580162,0.007481217384338379,10.816386297345161,0,15,11,0.4709,1.5372783179283143,623.1502086338753,0.4709,0.5291,1.5372783179283143,1.5372783179283143,0.689866024017334,0.10766623172909023,0.14304226231081557,0.3632588365077972,1.7980916778564453,10000,5,1.7980916778564453,1.4190252141952515,0.3790664636611938,1.4190252141952515,0.3790664636611938,0.013469178170710801,0.006221113663313377,0,,,,,,,,,,,,,,,,,,,,,,,,,,,,,1.4316079819043972,0.7701779097226327,0.6380281725690692,2.7164176436932825,0.9871246356073035,201.9349672720545,255.05433029218466,,,330.5750338746031,310.5041159723752,330.5750338746031,310.5041159723752,201.9349672720545,255.05433029218466,330.5750338746031,310.5041159723752,,,,,,,,,0.05,1e-05,1,product,1.0,,,,,,,,,,,,,,,,,,,,,,,,1.0,,,1,101770,10.045551931534186,0.025349277133510383,0.01868138956131821,0.02181862387806177,0.051351476088166245,0.06442150613118262,0.002789331380558346,0.05321766808629036,0.06090327724814415,0.06249903794378042,0.0643334873020649,0.06625550799071789,0.06805017665028572,0.06913431137800216,0.07763964682817459,242.31120211786893,20.964094812592023,165.8948516845703,241.6160659790039,269.59925231933596,353.09234619140625,423.15058433057305,-558359.736309393,-134774.49364206498,0.3941677163094305,0.29120622242176014,3.805423872380681e-07,0.06372457554799416,0.1625340999573563,0.33900497361824644,0.5686663409308649,0.8002129784299525,0.9457145698244657,2.4925926272602474,-11.540424830672269,9.542978258799035,-23.91386097122747,-9.395878605144073,-1.9358881839808866,0.6853001866954899,0.962169598113393,0.9998722609806426,1.0,0.03783040188660706,0.00012773901935737446,0.0,3850,13,0,1.3721028453657473,0.023729316890239716,,1.5184316075433086,0.45981967855742845,0.0015680125441003528,,,,242.31121826171875,20.964096069335938,10.045551931534186,0.06442149728536606,0.5600019432499843,0.47797713955636917,,,1.7073225715877884,,170.06666666666666,304.3689573892552,4.0,1161.0,random,,,,,,,,,,,,,,snr_histograms.csv,calibration_bins.csv,215.9441711425781,227.80121231079102,256.0078811645508,278.10934906005855,-128.3919164092025,-15.781110186621445,-4.902849534247204,-0.4847984030865477,7.933026122108987,3.27424955368042,6.429508018493653,47.578458070755005,606.3189635114354,811.8463323410243,50.30244989879299,50.30245105541814,116.78918738942644,808.8613110305239,929.2166867001743,50.30244989879299,50.30245105541814,116.78918738942644,808.8613110305239,929.2166867001743,0.6380281879487176,0.9717355648296212,2.525627296572351,0.01182012092519585,0.9646513978974965,0.9692380582999848,0.9952589240210151,0.9979508688900905,0.9979513522803848,3.27424955368042,6.429508018493653,47.578458070755005,606.3189635114354,811.8463323410243,50.30244989879299,50.30245105541814,116.78918738942644,808.8613110305239,929.2166867001743,product,0.9906279622133807,
bayesfl_observability_v1,vi_lr0p002_b16_e1,47,vi,mnist,mlp,0,0,0.1,0.5,300,24,0.05,15,2767,2767,1,16,0.05,42,1,5,5,15.823557488620281,4.914787344634533,0.010809652507305145,10.90815231949091,0,15,10,0.521,1.4978001618385315,595.957756014608,0.521,0.479,1.4978001618385315,1.4978001618385315,0.6623540024280548,0.15586267878860235,0.2513842968582418,0.36513732075691224,1.7900520944595337,10000,5,1.7900520944595337,1.4065566779136658,0.38349541654586794,1.4065566779136658,0.38349541654586794,0.013677274245023727,0.00637354576348013,0,,,,,,,,,,,,,,,,,,,,,,,,,,,,,1.6410756233529424,0.8133797873323043,0.6380281871155371,2.7432586798753182,0.984045844387279,259.39269272560034,269.9030380553348,,,414.28312400131546,348.11086404353136,414.28312400131546,348.11086404353136,259.39269272560034,269.9030380553348,414.28312400131546,348.11086404353136,,,,,,,,,0.05,1e-05,1,product,1.0,,,,,,,,,,,,,,,,,,,,,,,,1.0,,,1,101770,10.10971689361414,0.02549858573298728,0.018817810370988734,0.021903730928897858,0.051687948405742645,0.06480527253058462,0.0028322405684063044,0.053882159292697906,0.06123461201786995,0.06286034360527992,0.06472042202949524,0.06666649132966995,0.06848850473761559,0.06958684101700782,0.07776786386966705,239.47518320097674,20.914718930676823,165.3482666015625,238.73567962646484,266.6895812988281,344.4371643066406,428.2222019739562,-557154.4100052514,-134171.83048985834,0.39414355948946583,0.29157762721536445,4.241875628332789e-06,0.06312254034599458,0.1620018022497296,0.3383209329277223,0.568925859124787,0.7988046264550195,0.9462731503431813,2.4855757687420845,-11.561714107288111,9.596305137741094,-23.99631062812727,-9.413422605702198,-1.951188570100791,0.6845337525793456,0.9618453375257935,0.9998427827454063,1.0,0.03815466247420654,0.00015721725459369166,0.0,3883,16,0,1.1270055541059014,0.015521485358476639,,1.6003481752655362,0.3809179616913625,0.0007228044813877846,,,,239.47518920898438,20.914718627929688,10.10971689361414,0.0648052766919136,0.5907456132262071,0.39221954261329905,,,1.7205449229336043,,184.46666666666667,240.19238585396963,1.0,791.0,random,,,,,,,,,,,,,,snr_histograms.csv,calibration_bins.csv,213.18892669677734,225.00119018554688,253.07339477539062,275.1946105957031,-107.44883933502868,-15.809603079227706,-4.898886519968906,-0.479669651001774,7.908540128784005,0.20534372329711914,3.824014663696289,121.55398416519165,684.0691014520327,762.1955543375016,49.70203991182375,49.70204180549101,250.09573199819903,906.2664896519696,930.7753874229143,49.70203991182375,49.70204180549101,250.09573199819903,906.2664896519696,930.7753874229143,0.6380281882124458,1.42948465578928,2.6950839562476276,0.013108574186783406,0.9646723621127904,0.9658490885253265,0.9900338086986904,0.9979888651081921,0.9979896253178121,0.20534372329711914,3.824014663696289,121.55398416519165,684.0691014520327,762.1955543375016,49.70203991182375,49.70204180549101,250.09573199819903,906.2664896519696,930.7753874229143,product,0.9937669691697153,
bayesfl_observability_v1,vi_lr0p002_b16_e1,48,vi,mnist,mlp,0,0,0.1,0.5,300,24,0.05,15,4252,4252,1,16,0.05,42,1,5,5,16.7216069214046,5.79295003041625,0.00779452919960022,10.928124770522118,0,15,12,0.5907,1.3850673468589783,668.1507506819755,0.5907,0.4093,1.3850673468589783,1.3850673468589783,0.6221717847347259,0.2366624367073178,0.3882785980745872,0.354063086271286,1.827047861099243,10000,5,1.827047861099243,1.425437939453125,0.4016099216461182,1.425437939453125,0.4016099216461182,0.014064248480647802,0.006530204632956467,0,,,,,,,,,,,,,,,,,,,,,,,,,,,,,1.7982840237137283,0.9207766159744198,0.6380281849427993,2.7432133798906015,0.9809646790960602,347.29673292928214,309.5550558752926,,,499.86679610821665,393.56556353098233,499.86679610821665,393.56556353098233,347.29673292928214,309.5550558752926,499.86679610821665,393.56556353098233,,,,,,,,,0.05,1e-05,1,product,1.0,,,,,,,,,,,,,,,,,,,,,,,,1.0,,,1,101770,10.166865919234539,0.025629194908895682,0.01894250673229376,0.022043115459382534,0.05200653187930585,0.06522670267842555,0.0028778931360795494,0.05381838232278824,0.06159859634935856,0.06324805319309235,0.06514127179980278,0.06712047569453716,0.06896821931004524,0.0700821217149496,0.07868888974189758,236.41673732209185,20.847340455328382,161.50022888183594,235.66090393066406,263.54717712402345,345.2539978027344,433.8256659900703,-555838.8038800607,-133514.02742711647,0.39361681612218924,0.2916016544115668,1.4882870762164446e-06,0.06313283209816244,0.1615174823341283,0.3380373073120777,0.5690712153108116,0.8002213875254669,0.944913962905328,2.3773709268789815,-11.565084824094487,9.549917010030075,-23.99489456914711,-9.420707327935974,-1.9357969097664525,0.6860469686548099,0.9623661196816351,0.9998526088238184,1.0,0.03763388031836494,0.00014739117618158592,0.0,3830,15,0,1.0352768776115033,0.015552248805761337,,1.8224159225596692,0.34689557855127,0.00047036688617121356,,,,236.416748046875,20.847339630126953,10.166865919234539,0.06522669643163681,0.8335281000837399,0.44304272117622523,,,1.4634823314852805,,283.46666666666664,320.0520513222116,2.0,1094.0,random,,,,,,,,,,,,,,snr_histograms.csv,calibration_bins.csv,210.2335205078125,221.9677848815918,249.98022079467773,272.0980484008789,-116.54625995373132,-15.83560927298512,-4.896667629731121,-0.49215466925083523,7.521938947390224,5.4730987548828125,22.586911010742188,331.71655464172363,742.1851221653291,795.1113634558692,49.124650848284496,49.12465336589241,621.5153596682525,908.8580784218875,919.6202080064742,49.124650848284496,49.12465336589241,621.5153596682525,908.8580784218875,919.6202080064742,0.6380281859283294,2.2629886123198157,2.7234172398285548,0.014791969136067128,0.9651614258754191,0.9655660633008681,0.9758903790522616,0.9980140548805503,0.9980164399956094,5.4730987548828125,22.586911010742188,331.71655464172363,742.1851221653291,795.1113634558692,49.124650848284496,49.12465336589241,621.5153596682525,908.8580784218875,919.6202080064742,product,0.9948020568040521,
bayesfl_observability_v1,vi_lr0p002_b16_e1,49,vi,mnist,mlp,0,0,0.1,0.5,300,24,0.05,15,4023,4023,1,16,0.05,42,1,5,5,16.33235824853182,5.306121747940779,0.01148197427392006,11.025706619024277,0,15,13,0.5886,1.3890748468399048,609.3635064930703,0.5886,0.4114,1.3890748468399048,1.3890748468399048,0.6250708892822265,0.23257933319807048,0.3555972300193928,0.35607255721092224,1.819158242416382,10000,5,1.819158242416382,1.4158094628334046,0.4033487795829773,1.4158094628334046,0.4033487795829773,0.014239315293729305,0.006459880790225368,0,,,,,,,,,,,,,,,,,,,,,,,,,,,,,1.974035380762174,0.7107055188450286,0.6380281818778911,2.757024396453081,0.9796044081559396,342.98150999889157,271.5798645839811,,,531.0419405225009,325.1596929101535,531.0419405225009,325.1596929101535,342.98150999889157,271.5798645839811,531.0419405225009,325.1596929101535,,,,,,,,,0.05,1e-05,1,product,1.0,,,,,,,,,,,,,,,,,,,,,,,,1.0,,,1,101770,10.222379038103982,0.025761540013936636,0.01905620891344509,0.022160179913043976,0.05231281444430353,0.06562726964890939,0.00291753281199,0.05387730896472931,0.06193619295954704,0.06363125704228878,0.06554511561989784,0.06754321604967117,0.06942081227898597,0.07056187465786934,0.07975580543279648,233.56022395302367,20.7521966747924,157.20826721191406,232.76588439941406,260.6819732666016,344.49920654296875,439.18339934709536,-554595.6656055987,-132892.4582897486,0.39323424643410676,0.29156160822477767,2.5705630211812917e-06,0.06349326009905688,0.16073157630901388,0.3381345839045682,0.5687712821865387,0.7996413062123122,0.9447781391793811,2.256508006326688,-11.586402404146387,9.592199974829803,-23.945447479358144,-9.418208160009069,-1.9420956023457807,0.6865677508106515,0.9625626412498772,0.9998526088238184,1.0,0.03743735875012283,0.00014739117618158592,0.0,3810,15,0,1.0001997041003206,0.015905719250440598,,2.137034597444613,0.2421078796917723,0.0004971414367387521,,,,233.56024169921875,20.752197265625,10.222379038103982,0.06562726944684982,0.7357273762459275,0.3478602386938569,,,1.5701565940845907,,268.2,282.81282384880166,2.0,974.0,random,,,,,,,,,,,,,,snr_histograms.csv,calibration_bins.csv,207.50120391845704,219.19796752929688,246.97840881347656,269.03753967285155,-111.79943150682384,-15.877975922168815,-4.901246797706731,-0.49340329403980193,7.06873757562776,1.6950680017471313,47.70879955291748,193.8118211882455,709.8224287005265,776.4504156112671,48.50197789643496,139.47987641678512,426.12016170221443,900.5842589212882,918.4869268061692,48.50197789643496,139.47987641678512,426.12016170221443,900.5842589212882,918.4869268061692,1.0741275126623444,1.8876497889308856,2.7343929670071723,0.012160268659605051,0.9652494683843375,0.9656734474300145,0.9831938365526418,0.994394617849844,0.9980366327466671,1.6950680017471313,47.70879955291748,193.8118211882455,709.8224287005265,776.4504156112671,48.50197789643496,139.47987641678512,426.12016170221443,900.5842589212882,918.4869268061692,product,0.9952019532750492,
bayesfl_observability_v1,vi_lr0p002_b16_e1,50,vi,mnist,mlp,0,0,0.1,0.5,300,24,0.05,15,2690,2690,1,16,0.05,42,1,5,5,16.335947383195162,5.223256781697273,0.00889350101351738,11.112069685012102,0,15,11,0.5606,1.401330773639679,509.9131076680013,0.5606,0.4394,1.401330773639679,1.401330773639679,0.6338619121551514,0.19681990128159518,0.31238763696617555,0.36378009815216067,1.7875714111328125,10000,5,1.7875714111328125,1.3825826838493347,0.4049887272834778,1.3825826838493347,0.4049887272834778,0.014563084760308266,0.006702338594323371,13,0.8703505334522574,0.8748710766357827,0.10931375958513588,0.7142857142857143,0.7277777777777777,0.76,0.8941176470588236,1.0,1.0,1.0,0.6068635582211531,0.672036872394364,0.2704823461041687,0.25416263937950134,0.5493590672810872,1.100982666015625,,,0.672036872394364,,,,,,,,,,1.836953934310462,0.7074508652269242,0.6380281738972328,2.75338260149529,0.982167587239656,268.2150787601535,226.67177259862575,,,460.39568221700404,302.44949566967165,460.39568221700404,302.44949566967165,268.2150787601535,226.67177259862575,460.39568221700404,302.44949566967165,,,,,,,,,0.05,1e-05,1,product,1.0,,,,,,,,,,,,,,,,,,,,,,,,1.0,,,1,101770,10.276742161659035,0.025895520156933888,0.019161634138638854,0.02229603659361601,0.052596287429332735,0.06598368652645925,0.0029532585730930767,0.054259393364191055,0.062239474058151244,0.06395069696009159,0.06590433046221733,0.06793093867599964,0.06982716619968414,0.07097786404192448,0.07997418195009232,231.06248391402474,20.67102233444149,156.35089111328125,230.2353973388672,258.14765625,339.66448974609375,443.9786088463231,-553495.9794113192,-132342.6151924893,0.3931464173041997,0.29159707121619843,5.033407721197906e-07,0.06275506101781318,0.16057270300250714,0.33825395660069935,0.5683508517008298,0.8004931995951186,0.9451577582452984,2.2422896755388635,-11.596880986523852,9.616772393016397,-24.047024878879974,-9.41514229405524,-1.9328470635834847,0.6873440110052078,0.9619730765451509,0.9998722609806426,1.0,0.03802692345484917,0.00012773901935737446,0.0,3870,13,0,1.0299938516312472,0.014474079012870789,,1.769516796368511,0.36988847583643125,0.0007434944237918215,,,,231.0625,20.671022415161133,10.276742161659035,0.06598368287086487,0.6945094566210029,0.3968691088969848,,,1.6149518938594118,,179.33333333333334,201.47809365343474,2.0,768.0,random,,,,,,,,,,,,outputs/tune_vi_mnist_noniid_unbalanced/vi_lr0p002_b16_e1/posterior_snapshots/round_0050.pt,,snr_histograms.csv,calibration_bins.csv,205.09315032958983,216.70292282104492,244.51721572875977,266.3864212036133,-125.96274052385424,-15.886565637402263,-4.907669698252661,-0.48991393313866266,7.013834345036168,3.130307674407959,29.627011299133308,143.87128105163575,594.4712202035464,743.593922312061,47.92041140931292,99.38485128880535,305.5888930846983,891.2599156166951,903.6089152715514,47.92041140931292,99.38485128880535,305.5888930846983,891.2599156166951,903.6089152715514,0.8723636378888386,1.60852301454988,2.728654965662805,0.011415105231685777,0.9655922206529545,0.9662098809073042,0.9878477935459528,0.9959966755449067,0.998057343645924,3.130307674407959,29.627011299133308,143.87128105163575,594.4712202035464,743.593922312061,47.92041140931292,99.38485128880535,305.5888930846983,891.2599156166951,903.6089152715514,product,0.9949647584265768,0.2704823461041687
bayesfl_observability_v1,vi_lr0p002_b16_e1,51,vi,mnist,mlp,0,0,0.1,0.5,300,24,0.05,15,2306,2306,1,16,0.05,42,1,5,5,15.062727887183428,4.245875511318445,0.008037537336349487,10.816329911351204,0,15,12,0.5198,1.4200309253692627,477.10365561873994,0.5198,0.48019999999999996,1.4200309253692627,1.4200309253692627,0.6455716568470001,0.13562033775001764,0.2506591013815037,0.384277482509613,1.732692315864563,10000,5,1.732692315864563,1.3301710186004638,0.40252129726409924,1.3301710186004638,0.40252129726409924,0.014812881731986999,0.006832927231801792,0,,,,,,,,,,,,,,,,,,,,,,,,,,,,,1.7087457681484837,0.7643500124685497,0.63802817926892,2.7557292363514887,0.9840249296678161,234.8354363265458,218.04019282570627,,,411.5237546995218,307.58872670237974,411.5237546995218,307.58872670237974,234.8354363265458,218.04019282570627,411.5237546995218,307.58872670237974,,,,,,,,,0.05,1e-05,1,product,1.0,,,,,,,,,,,,,,,,,,,,,,,,1.0,,,1,101770,10.331006379307144,0.02602629095508252,0.019270872049945688,0.02237923163920641,0.05288105271756649,0.06632837064493215,0.002987517143263646,0.054866768419742584,0.06256232112646103,0.06427594646811485,0.06624794006347656,0.06829171441495419,0.07022064477205277,0.07136337384581566,0.08067087829113007,228.68483149777862,20.591604303343825,153.6619873046875,227.85325622558594,255.49024200439453,332.1859130859375,448.64063018891335,-552438.0989704974,-131813.67497196447,0.3930845573955251,0.29172751496731225,2.6335281889349897e-06,0.062190365902122464,0.1605676513055112,0.3372464298479243,0.567240734935039,0.7990673964819978,0.9450902109515431,2.3045612194863865,-11.610929031636703,9.629310668418002,-24.1255377594603,-9.441052784491518,-1.9483317807895562,0.68679375061413,0.9624250761521077,0.9998820870590547,1.0,0.03757492384789231,0.00011791294094526874,0.0,3824,12,0,1.0423365672400988,0.014225817285478115,,1.9616877720943513,0.305724197745013,0.0008673026886383347,,,,228.68484497070312,20.591604232788086,10.331006379307144,0.06632836908102036,0.6322757266267026,0.26290541934581624,,,1.6640338517667872,,153.73333333333332,176.13383800079097,2.0,648.0,random,,,,,,,,,,,,,,snr_histograms.csv,calibration_bins.csv,202.80113525390624,214.41934204101562,242.0488510131836,263.96618194580077,-111.58923727483213,-15.886838904303094,-4.924651779285561,-0.49053471118467795,7.251764988481037,2.672179937362671,12.231739807128907,113.16669702529907,553.672829861111,710.147515424868,47.41188246523696,47.41188610336561,240.02777988226865,853.8291971747727,896.0622781759864,47.41188246523696,47.41188610336561,240.02777988226865,853.8291971747727,896.0622781759864,0.6380281814836791,1.433796552899972,2.686003956245113,0.011698594592274528,0.9657847448369038,0.9675355617007229,0.9904070231306815,0.9980780593973746,0.9980791184115523,2.672179937362671,12.231739807128907,113.16669702529907,553.672829861111,710.147515424868,47.41188246523696,47.41188610336561,240.02777988226865,853.8291971747727,896.0622781759864,product,0.9948971921770088,
bayesfl_observability_v1,vi_lr0p002_b16_e1,52,vi,mnist,mlp,0,0,0.1,0.5,300,24,0.05,15,3153,3153,1,16,0.05,42,1,5,5,16.357002783566713,5.244464132934809,0.008216224610805511,11.112046204507351,0,15,11,0.5854,1.3617662648200988,570.2766489240903,0.5854,0.41459999999999997,1.3617662648200988,1.3617662648200988,0.6151761662483215,0.21530741205066445,0.37385956575254436,0.3701176722049713,1.7758837730407715,10000,5,1.7758837730407715,1.3564442556381227,0.41943951740264884,1.3564442556381227,0.41943951740264884,0.015161046534776687,0.006809526955650663,0,,,,,,,,,,,,,,,,,,,,,,,,,,,,,1.7424258487527062,0.7768495129384733,0.6380281648774091,2.71257973633244,0.9836094526577356,251.9411950446452,235.48912396652213,,,424.3512507640379,311.8750098478308,424.3512507640379,311.8750098478308,251.9411950446452,235.48912396652213,424.3512507640379,311.8750098478308,,,,,,,,,0.05,1e-05,1,product,1.0,,,,,,,,,,,,,,,,,,,,,,,,1.0,,,1,101770,10.416492192994935,0.02624190037192786,0.019429994674175017,0.022598545998334885,0.0532801941037178,0.06673059124956024,0.003061964959540192,0.05491900071501732,0.06286875307559966,0.06462084501981735,0.0666412003338337,0.06874936632812023,0.07070937976241112,0.07191316485404968,0.08238483220338821,225.98811876601175,20.730255148626913,147.33485412597656,225.17200469970703,253.00570678710938,331.55438232421875,454.1330987580687,-551215.3293885711,-131202.29018087217,0.3939964902614661,0.292436228506991,3.4419437463188233e-06,0.06267875700362219,0.16079863367224778,0.33882693020352994,0.5673382350451468,0.8008020655893135,0.9502724691307305,2.2092314796860353,-11.576038253667075,9.577964021339238,-24.05759250629016,-9.400441578872037,-1.9294963091003239,0.6864203596344699,0.9616881202711998,0.9998624349022305,1.0,0.038311879728800236,0.0001375650977694802,0.0,3899,14,0,1.2781745987548117,0.018725411966443062,,1.8406871434021541,0.44655883285759596,0.01014906438312718,,,,225.9881134033203,20.730253219604492,10.416492192994935,0.06673058867454529,0.6315412814225544,0.4910242952740149,,,1.6791129206801636,,210.2,339.6321932129913,2.0,1408.0,random,,,,,,,,,,,,,,snr_histograms.csv,calibration_bins.csv,200.00734252929686,211.57415390014648,239.4720001220703,261.45719146728516,-109.26392211399514,-15.874352916593923,-4.923158934406128,-0.4430370553021801,6.884824458522992,1.045074701309204,7.9799885749816895,173.97568686803183,531.076030775066,787.1197807517918,46.92780689267644,46.927808351684384,357.97330451271097,834.4318934178106,857.4247917986504,46.92780689267644,46.927808351684384,357.97330451271097,834.4318934178106,857.4247917986504,0.6380281729548697,1.7588961976410267,2.6610850314347974,0.011797235193379683,0.9672579766824659,0.9684196605234495,0.9858527056297556,0.9980984266512068,0.9980990418140258,1.045074701309204,7.9799885749816895,173.97568686803183,531.076030775066,787.1197807517918,46.92780689267644,46.927808351684384,357.97330451271097,834.4318934178106,857.4247917986504,product,0.9924431769931265,
bayesfl_observability_v1,vi_lr0p002_b16_e1,53,vi,mnist,mlp,0,0,0.1,0.5,300,24,0.05,15,2085,2085,1,16,0.05,42,1,5,5,15.225681118667126,4.461696844547987,0.023425105959177017,10.763286720961332,0,15,12,0.6051,1.331780900478363,473.45240638069487,0.6051,0.39490000000000003,1.331780900478363,1.331780900478363,0.5998348285198212,0.22851101350933312,0.3771720685920889,0.3765889858722687,1.7655410388946533,10000,5,1.7655410388946533,1.344849252796173,0.42069178609848024,1.344849252796173,0.42069178609848024,0.015099359439313412,0.006941097195991495,0,,,,,,,,,,,,,,,,,,,,,,,,,,,,,1.594137659848535,0.8817084097698792,0.6380281799134022,2.7709932509814728,0.9853085162187543,218.4011734167244,228.61349509584483,,,381.3555544886137,346.03324342420234,381.3555544886137,346.03324342420234,218.4011734167244,228.61349509584483,381.3555544886137,346.03324342420234,,,,,,,,,0.05,1e-05,1,product,1.0,,,,,,,,,,,,,,,,,,,,,,,,1.0,,,1,101770,10.467534338842711,0.02636387034575191,0.01953414009945195,0.022708822041749954,0.05352109186351301,0.06708097115489944,0.003093540449338242,0.05522550269961357,0.06318243891000748,0.06494636088609695,0.06698992103338242,0.06912039779126644,0.071098942309618,0.07232726775109768,0.08341075479984283,223.647699023188,20.618816819514066,143.73280334472656,222.83380126953125,250.4997116088867,327.88433837890625,458.9243535895795,-550151.5616447276,-130670.40630883831,0.3937741383260645,0.29252094716444466,3.1275043327686677e-06,0.0628170354138424,0.1597695623013281,0.3389546687897148,0.566609131196428,0.8007151304205259,0.9489709306932324,2.3178771096559547,-11.579198038559271,9.569425743484445,-24.038451270733464,-9.397167594081825,-1.9304392987421908,0.6865480986538273,0.9613442075267761,0.9998526088238184,1.0,0.038655792473223934,0.00014739117618158592,0.0,3934,15,0,1.0436340765040946,0.015547359827905893,,1.9504587175010142,0.22302158273381295,0.00047961630695443646,,,,223.64772033691406,20.618816375732422,10.467534338842711,0.06708097457885742,0.5437469555123535,0.3773796237715511,,,1.7670133549254439,,139.0,156.5950190778749,1.0,463.0,random,,,,,,,,,,,,,,snr_histograms.csv,calibration_bins.csv,197.8216064453125,209.30881881713867,237.07750701904297,258.9184906005859,-110.09603882220304,-15.930119092670065,-4.934328619255494,-0.45494181907201586,7.301808132010966,3.6320042610168457,4.635247993469238,75.8720817565918,546.5697318029404,616.2819134120283,46.378767213233445,46.37876838257026,171.47702582844414,862.7454096313043,886.747214015234,46.378767213233445,46.37876838257026,171.47702582844414,862.7454096313043,886.747214015234,0.6380281809728309,1.2257216309773358,2.7359199147733593,0.013129155673136342,0.9664142037976151,0.9671674379418363,0.9931493745583541,0.9981299202595291,0.9981302348089512,3.6320042610168457,4.635247993469238,75.8720817565918,546.5697318029404,616.2819134120283,46.378767213233445,46.37876838257026,171.47702582844414,862.7454096313043,886.747214015234,product,0.9950173481568906,
bayesfl_observability_v1,vi_lr0p002_b16_e1,54,vi,mnist,mlp,0,0,0.1,0.5,300,24,0.05,15,3683,3683,1,16,0.05,42,1,5,5,16.253276273608208,5.193362042307854,0.01084703579545021,11.059361264109612,0,15,13,0.58,1.354123670387268,543.3028187103992,0.58,0.42000000000000004,1.354123670387268,1.354123670387268,0.6076647853374482,0.19250283654332165,0.8678522706031799,0.3874971636772156,1.736336499786377,10000,5,1.736336499786377,1.3190950569152833,0.41724144287109377,1.3190950569152833,0.41724144287109377,0.01525777051448822,0.007000567348120939,0,,,,,,,,,,,,,,,,,,,,,,,,,,,,,2.021038112370435,0.6821934476959736,0.6380281791828141,2.7738849239770222,0.9800376513742524,312.73777578979553,221.84007186186176,,,518.6826850392129,273.72475893614035,518.6826850392129,273.72475893614035,312.73777578979553,221.84007186186176,518.6826850392129,273.72475893614035,,,,,,,,,0.05,1e-05,1,product,1.0,,,,,,,,,,,,,,,,,,,,,,,,1.0,,,1,101770,10.524241506735208,0.026496308244629167,0.01965397533599164,0.02277580462396145,0.05384746156632902,0.06747264982234744,0.003140504602643136,0.055344775319099426,0.06351520493626595,0.06530201062560081,0.06736842915415764,0.06954269856214523,0.0715536780655384,0.07279196865856648,0.08300211280584335,221.08461198442237,20.56779345740055,145.1515655517578,220.3368682861328,247.88177337646485,326.4726257324219,464.3176099213132,-548970.5735394704,-130079.91225608696,0.3934719090020387,0.29264968567404404,2.547257676738085e-06,0.06261889606394425,0.15999385550029954,0.3372688921442141,0.5666705013954458,0.8012775030619441,0.9495489766837378,2.2641910543223207,-11.596764677764751,9.60850964986227,-24.065891860431798,-9.440474278723588,-1.9243410102460763,0.68679375061413,0.9619435983099145,0.9998820870590547,1.0,0.038056401690085485,0.00011791294094526874,0.0,3873,12,0,1.0480401408599855,0.015053845942020416,,2.1205505011617283,0.3152321477056747,0.00027151778441487917,,,,221.08460998535156,20.567794799804688,10.524241506735208,0.06747265160083771,0.5972033946229425,0.41650581605184367,,,1.701727673909565,,245.53333333333333,286.9522298610384,1.0,1161.0,random,,,,,,,,,,,,,,snr_histograms.csv,calibration_bins.csv,195.31521759033203,206.77446746826172,234.50218963623047,256.2133819580078,-111.87853899491273,-15.917933922536205,-4.933387889530502,-0.44965259858745615,7.098261403836715,2.3112425804138184,33.59021781285605,252.02206012937756,611.5485187832275,767.6807923937497,45.90226560925709,95.28822242657267,503.342690859355,825.6758534924221,883.813098668292,45.90226560925709,95.28822242657267,503.342690859355,825.6758534924221,883.813098668292,0.8726382974834508,2.1077755137283005,2.682377830046539,0.010287039374738034,0.966686116138223,0.9687246262005316,0.98031882193768,0.9961811288634441,0.9981468369819473,2.3112425804138184,33.59021781285605,252.02206012937756,611.5485187832275,767.6807923937497,45.90226560925709,95.28822242657267,503.342690859355,825.6758534924221,883.813098668292,product,0.9950293027963042,
bayesfl_observability_v1,vi_lr0p002_b16_e1,55,vi,mnist,mlp,0,0,0.1,0.5,300,24,0.05,15,3937,3937,1,16,0.05,42,1,5,5,16.919158399105072,5.991906952112913,0.00810464471578598,10.926727022975683,0,15,11,0.5987,1.3299988480567932,592.937416369228,0.5987,0.4013,1.3299988480567932,1.3299988480567932,0.5972409699440002,0.2083215102910995,0.3408826494314631,0.3903784881591797,1.7267821168899535,10000,5,1.7267821168899535,1.3066985502243043,0.4200835666656493,1.3066985502243043,0.4200835666656493,0.015448478814959527,0.006991888628497876,13,0.8605702590464737,0.8448195116509412,0.13605643962136815,0.5,0.7338181818181818,0.7647058823529411,0.8714285714285714,0.9482758620689655,1.0,1.0,0.5908077200098109,0.6857804511285038,0.2835101355698176,0.1257778661591666,0.6296073232378279,1.1468080282211304,,,0.6857804511285038,,,,,,,,,,1.9024251176491158,0.7756259290172468,0.6380281774655262,2.793821945142211,0.9816996526504596,303.5887445731321,251.63602897428504,,,476.75804275440333,307.56301391273644,476.75804275440333,307.56301391273644,303.5887445731321,251.63602897428504,476.75804275440333,307.56301391273644,,,,,,,,,0.05,1e-05,1,product,1.0,,,,,,,,,,,,,,,,,,,,,,,,1.0,,,1,101770,10.590322258137759,0.026658645056788558,0.01978281416557537,0.022910104133188725,0.0542531117796898,0.06789426138560307,0.0031963061745984888,0.05533445626497269,0.06385745480656624,0.0656837709248066,0.06778835132718086,0.06999468803405762,0.07205608561635017,0.07331997156143188,0.08442358672618866,218.38005074149348,20.5518667335489,140.3047637939453,217.61551666259766,245.2318084716797,326.5943908691406,470.16183959683417,-547707.7591567468,-129448.5050645955,0.39344001656887484,0.29275360209446655,9.81701926929729e-07,0.06276221584061943,0.1597832225896626,0.3375536450043284,0.5675208771902099,0.8019309008407126,0.9483723887122764,2.3785634737727697,-11.598255101117955,9.602047938973318,-24.046034638057627,-9.433143960198894,-1.9172610302417041,0.6874029674756804,0.9614817726245456,0.9998526088238184,1.0,0.038518227375454454,0.00014739117618158592,0.0,3920,15,0,1.1182314932602444,0.019633673131465912,,1.9533611105455735,0.32004064008128014,0.005842011684023368,,,,218.38003540039062,20.551868438720703,10.590322258137759,0.06789425760507584,0.8285361371324931,0.49119765118999004,,,1.477885319699684,,262.46666666666664,336.13764376450837,2.0,1260.0,random,,,,,,,,,,,,,,snr_histograms.csv,calibration_bins.csv,192.6010543823242,204.11260986328125,231.7842025756836,253.51189651489258,-120.16039828324502,-15.929376480486958,-4.920363152123042,-0.4604219747760561,7.526294907776611,3.599093437194824,21.915024280548103,262.7284110387166,687.3044120579054,771.8198566436768,45.38042718770704,69.20665578542842,497.5328974346729,838.1431764120858,883.6423061756342,45.38042718770704,69.20665578542842,497.5328974346729,838.1431764120858,883.6423061756342,0.7707243941632413,2.107830356435736,2.716459159382445,0.011560693769220644,0.9666520007329764,0.9682998909994194,0.9805465445863912,0.9972117649328281,0.9981673698194297,3.599093437194824,21.915024280548103,262.7284110387166,687.3044120579054,771.8198566436768,45.38042718770704,69.20665578542842,497.5328974346729,838.1431764120858,883.6423061756342,product,0.9944099691027503,0.2835101355698176
bayesfl_observability_v1,vi_lr0p002_b16_e1,56,vi,mnist,mlp,0,0,0.1,0.5,300,24,0.05,15,2156,2156,1,16,0.05,42,1,5,5,14.965906888246536,3.9956118054687977,0.008108917623758316,10.96976762264967,0,15,11,0.6033,1.304593254852295,491.32760842399125,0.6033,0.39670000000000005,1.304593254852295,1.304593254852295,0.5892327344417572,0.20788383694440124,0.33424301433535925,0.3954161620616913,1.7133204504013062,10000,5,1.7133204504013062,1.291252406311035,0.4220680440902711,1.291252406311035,0.4220680440902711,0.015467323157191277,0.007168715972697385,0,,,,,,,,,,,,,,,,,,,,,,,,,,,,,1.5453882403718666,0.899080483712709,0.6380281696271171,2.783139340820461,0.9863024947770916,209.22280487808786,228.81065162328304,,,355.3956869415643,335.30301750522136,355.3956869415643,335.30301750522136,209.22280487808786,228.81065162328304,355.3956869415643,335.30301750522136,,,,,,,,,0.05,1e-05,1,product,1.0,,,,,,,,,,,,,,,,,,,,,,,,1.0,,,1,101770,10.65308253007142,0.026808172530944623,0.01991144186632692,0.02299619186669588,0.05457502342760563,0.06826377101194955,0.003235608784084252,0.055429574102163315,0.06418233588337899,0.06603587418794632,0.06816312670707703,0.07039336487650871,0.07248106598854065,0.07374580204486846,0.08464162051677704,216.04173943691174,20.46927097111375,139.58285522460938,215.2291030883789,242.75543670654298,325.4744567871094,475.30778822419944,-546606.0775309922,-128897.6642516063,0.3935208889451945,0.2931018572996209,1.0285924741563856e-06,0.06286329653969032,0.15930566304116886,0.3367822173040275,0.5672290189501481,0.8022029060725363,0.9496336000028536,2.442720814542745,-11.601762504222938,9.625564718479822,-24.03205696831148,-9.453016964715253,-1.914315382795861,0.6866660115947725,0.9611869902721824,0.9998329566669942,1.0,0.03881300972781763,0.00016704333300579738,0.0,3950,17,0,1.1363311052628198,0.016986943781375885,,1.7749020151024373,0.300556586270872,0.0009276437847866419,,,,216.041748046875,20.469270706176758,10.65308253007142,0.06826376914978027,0.6052506604899299,0.3597616798795637,,,1.68405779271724,,143.73333333333332,183.26609676157295,2.0,648.0,random,,,,,,,,,,,,,,snr_histograms.csv,calibration_bins.csv,190.34911499023437,201.8071403503418,229.31905364990234,251.1834808349609,-119.75512470717904,-15.955375710079236,-4.9248311856069495,-0.44887855126187454,7.757476661353765,2.8391788005828857,4.599892902374267,88.85822041829427,519.1329557279746,681.8573336717559,44.829779297921974,44.82978207382013,165.92975016654088,835.673363427288,869.9641453382649,44.829779297921974,44.82978207382013,165.92975016654088,835.673363427288,869.9641453382649,0.6380281746090142,1.2265649357046382,2.7387174156884875,0.012739180682846598,0.9671359840345187,0.9681862842987747,0.9933657008303224,0.9981902853042461,0.9981912376418862,2.8391788005828857,4.599892902374267,88.85822041829427,519.1329557279746,681.8573336717559,44.829779297921974,44.82978207382013,165.92975016654088,835.673363427288,869.9641453382649,product,0.994294830902245,
bayesfl_observability_v1,vi_lr0p002_b16_e1,57,vi,mnist,mlp,0,0,0.1,0.5,300,24,0.05,15,2966,2966,1,16,0.05,42,1,5,5,16.22278207167983,5.189291097223759,0.011948637664318085,11.03287224471569,0,15,14,0.5806,1.323620359325409,516.519439371994,0.5806,0.4194,1.323620359325409,1.323620359325409,0.5980740129470825,0.17299004177451133,0.30594158875808286,0.4076099579334259,1.675871335029602,10000,5,1.675871335029602,1.2577457535743712,0.4181255814552307,1.2577457535743712,0.4181255814552307,0.015690462937951087,0.007345562755580573,0,,,,,,,,,,,,,,,,,,,,,,,,,,,,,1.8107747765589266,0.7507845311093959,0.6380281735783648,2.756458710054069,0.9836856297238122,249.75472224770863,224.4968231012007,,,423.22924062342867,298.1798495545563,423.22924062342867,298.1798495545563,249.75472224770863,224.4968231012007,423.22924062342867,298.1798495545563,,,,,,,,,0.05,1e-05,1,product,1.0,,,,,,,,,,,,,,,,,,,,,,,,1.0,,,1,101770,10.71259902444736,0.026946221515501318,0.020038456074056146,0.023107278160750866,0.05494346953928471,0.06865742235593926,0.0032860192147598937,0.05614946782588959,0.06450530588626861,0.06638534739613533,0.06856239587068558,0.07081092521548271,0.07294033467769623,0.07422798909246921,0.08478085696697235,213.5994945548988,20.434675797423548,139.124755859375,212.7296600341797,240.33062133789062,317.18212890625,480.8265687174695,-545440.1733513157,-128314.71216165092,0.39331089205617553,0.29334246343507564,9.18178590689243e-06,0.06252827838885144,0.15979105035687186,0.33687476962876184,0.5664379191491569,0.8019194844318055,0.950860982631047,2.38623613111821,-11.608218825462936,9.607460807150863,-24.078470597572785,-9.450630289456614,-1.917384690602708,0.68735383708362,0.9610887294880613,0.9998427827454063,1.0,0.038911270511938684,0.00015721725459369166,0.0,3960,16,0,1.13184708966901,0.015857993974350393,,2.0541099873735114,0.3536749831422792,0.00033715441672285906,,,,213.59950256347656,20.434675216674805,10.71259902444736,0.06865741312503815,0.5502345424237507,0.49462078847112706,,,1.7583137011624819,,197.73333333333332,259.36267186230856,1.0,1047.0,random,,,,,,,,,,,,,,snr_histograms.csv,calibration_bins.csv,187.9595947265625,199.43412017822266,226.9109992980957,248.55643768310546,-100.74145581326589,-15.928950969851847,-4.936953627446178,-0.43765946225108326,7.55426834551251,0.10772371292114258,17.263059282302862,165.4673957824707,522.3910792373475,748.1114613576369,44.35370243485038,67.76974910986522,338.6690717802503,822.3505480950791,837.3895638548922,44.35370243485038,67.76974910986522,338.6690717802503,822.3505480950791,837.3895638548922,0.7712741654879118,1.7597712764425224,2.7320531293663683,0.011236018850796595,0.9680945750827848,0.9686740436441389,0.9866382904294212,0.9972746576604131,0.9982121738613912,0.10772371292114258,17.263059282302862,165.4673957824707,522.3910792373475,748.1114613576369,44.35370243485038,67.76974910986522,338.6690717802503,822.3505480950791,837.3895638548922,product,0.9944027734994363,
bayesfl_observability_v1,vi_lr0p002_b16_e1,58,vi,mnist,mlp,0,0,0.1,0.5,300,24,0.05,15,2597,2597,1,16,0.05,42,1,5,5,15.169376350939274,4.229451276361942,0.010620590299367905,10.939421433955431,0,15,14,0.6017,1.2937674357414246,455.38146033548014,0.6017,0.3983,1.2937674357414246,1.2937674357414246,0.5807840977668762,0.1880760012745857,0.3041485014169112,0.4136239982128143,1.6732111948013306,10000,5,1.6732111948013306,1.250572430229187,0.42263876457214367,1.250572430229187,0.42263876457214367,0.015607812319695949,0.007302020103499694,0,,,,,,,,,,,,,,,,,,,,,,,,,,,,,1.8466881243762665,0.7591717531298717,0.6380281529123305,2.8031639581771084,0.9832562355401929,250.05564755458596,207.13920364666632,,,433.37360295298134,292.7173945344034,433.37360295298134,292.7173945344034,250.05564755458596,207.13920364666632,433.37360295298134,292.7173945344034,,,,,,,,,0.05,1e-05,1,product,1.0,,,,,,,,,,,,,,,,,,,,,,,,1.0,,,1,101770,10.756964607791524,0.027050302634255164,0.020131545850589235,0.023170985281467438,0.05514075569808483,0.06901815213106366,0.0033188433221284946,0.056356579065322876,0.06482595652341842,0.0667238850146532,0.06892112269997597,0.0712184589356184,0.07332473024725915,0.0746424738317728,0.08526895940303802,211.3861697009262,20.317988778347658,137.53652954101562,210.52094268798828,237.9590042114258,314.8551025390625,485.90290493726116,-544375.7555638393,-127782.50326780671,0.3927674829245296,0.2931650668777522,2.5898856495577186e-06,0.06259049524140241,0.15943815822581434,0.33606913658029586,0.5649112862324244,0.8011513502739981,0.9494014434910175,2.368488946537486,-11.62225779713484,9.612626073028482,-24.069832242294414,-9.471427395870231,-1.9257086201365357,0.6879335757099342,0.9607742949788739,0.9998427827454063,1.0,0.039225705021126066,0.00015721725459369166,0.0,3992,16,0,0.9954845289356272,0.01461203396320343,,2.207425366312503,0.22718521370812475,0.0015402387370042356,,,,211.3861846923828,20.3179874420166,10.756964607791524,0.06901815533638,0.7376883422718744,0.4125435771698616,,,1.5666078016296237,,173.13333333333333,176.24825925066293,4.0,590.0,random,,,,,,,,,,,,,,snr_histograms.csv,calibration_bins.csv,185.99404754638672,197.15821075439453,224.61426162719727,246.16618881225585,-111.73438486160931,-15.948154623824099,-4.960394970553988,-0.4510022464116502,7.489427245340789,9.645730972290039,28.0652955532074,212.6963657438755,564.209170289473,639.7759041464006,43.85645850942983,67.02796483052154,434.4260525770225,832.6339521224127,862.1165111189845,43.85645850942983,67.02796483052154,434.4260525770225,832.6339521224127,862.1165111189845,0.7714112895830181,2.003404854738475,2.7606666248253724,0.011083876209172772,0.9673570734922101,0.9683342639588691,0.9829583181065505,0.9973043195921854,0.9982318540933987,9.645730972290039,28.0652955532074,212.6963657438755,564.209170289473,639.7759041464006,43.85645850942983,67.02796483052154,434.4260525770225,832.6339521224127,862.1165111189845,product,0.995708679109808,
bayesfl_observability_v1,vi_lr0p002_b16_e1,59,vi,mnist,mlp,0,0,0.1,0.5,300,24,0.05,15,4793,4793,1,16,0.05,42,1,5,5,17.554911222308874,6.592635292559862,0.012050800025463104,10.961626041680574,0,15,12,0.5973,1.3051843692779541,598.5568558294926,0.5973,0.40269999999999995,1.3051843692779541,1.3051843692779541,0.5847018243312836,0.1804058237671852,0.31493941104205725,0.41689417572021487,1.662375329208374,10000,5,1.662375329208374,1.238046650314331,0.424328678894043,1.238046650314331,0.424328678894043,0.015794091403484343,0.0074601463548264685,0,,,,,,,,,,,,,,,,,,,,,,,,,,,,,2.0537418050633103,0.7351452086231968,0.6380281717581785,2.81320094649054,0.980257210301247,345.3830612279624,258.89592722754,,,515.150087961588,309.4564349411483,515.150087961588,309.4564349411483,345.3830612279624,258.89592722754,515.150087961588,309.4564349411483,,,,,,,,,0.05,1e-05,1,product,1.0,,,,,,,,,,,,,,,,,,,,,,,,1.0,,,1,101770,10.806084773570323,0.02716756448577628,0.020231881822720555,0.023314167745411396,0.05538186840713025,0.06946385020419986,0.0033678840987603938,0.056252963840961456,0.06520907133817673,0.06713591516017914,0.0693700723350048,0.07168426364660263,0.07384305149316787,0.07517358139157294,0.08700159192085266,208.7062823646158,20.228108780743543,132.11300659179688,207.80487060546875,235.1710998535156,316.0160827636719,492.21764020685464,-543069.4844591467,-127129.36771533203,0.39195952733241557,0.2928008022848588,3.9874197089493624e-07,0.06255081979001531,0.15806900515725625,0.33601571431004035,0.5632775509850405,0.8004311578910415,0.9487216780076878,2.482385785442039,-11.64561334578253,9.624731236385207,-24.075339886717092,-9.472808233955348,-1.9335202841633101,0.6893387049228653,0.961245946742655,0.9998624349022305,1.0,0.038754053257344996,0.0001375650977694802,0.0,3944,14,0,1.0262445345239681,0.016315232031047344,,1.9222492217781642,0.35113707490089713,0.0008345503859795535,,,,208.706298828125,20.22810935974121,10.806084773570323,0.06946384906768799,0.5800288459256712,0.4759212318174885,,,1.7375405301766764,,319.53333333333336,341.8264406911138,4.0,1161.0,random,,,,,,,,,,,,,,snr_histograms.csv,calibration_bins.csv,183.39214630126952,194.60426712036133,221.8656997680664,243.37605209350582,-127.98613919360176,-16.023065602127083,-4.985551138417424,-0.45722351616150203,7.897385514805093,9.829418182373047,66.24898897806804,337.96050398166363,687.3538129425007,743.7033113747427,43.405826671576804,160.7744320659152,622.9216834732382,839.307502181012,858.0774022950565,43.405826671576804,160.7744320659152,622.9216834732382,839.307502181012,858.0774022950565,1.2267805728455752,2.4090085683181983,2.7827158404333794,0.011573064634863179,0.9674658440723553,0.96813838035412,0.9758456297302661,0.993559562659996,0.9982450887480773,9.829418182373047,66.24898897806804,337.96050398166363,687.3538129425007,743.7033113747427,43.405826671576804,160.7744320659152,622.9216834732382,839.307502181012,858.0774022950565,product,0.9954802177208115,
bayesfl_observability_v1,vi_lr0p002_b16_e1,60,vi,mnist,mlp,0,0,0.1,0.5,300,24,0.05,15,2092,2092,1,16,0.05,42,1,5,5,14.978630043566227,4.035866837948561,0.011747386306524277,10.942019920796156,0,15,13,0.6202,1.26060476064682,372.83754907849897,0.6202,0.3798,1.26060476064682,1.26060476064682,0.5645149310112,0.1984573035344482,0.33206809297246476,0.4217689379692078,1.6576992696762085,10000,5,1.6576992696762085,1.2290399413108826,0.42865932836532594,1.2290399413108826,0.42865932836532594,0.015826889532804488,0.007536968388803329,13,0.8978719065357182,0.9014137152836844,0.10976342731323521,0.6428571428571429,0.7952941176470588,0.8333333333333334,0.92,1.0,1.0,1.0,0.40427539411232566,0.4204446670588161,0.3081465832016351,0.07447667419910431,0.34933884520279734,1.0235205377851213,,,0.4204446670588161,,,,,,,,,,1.7545839333145936,0.8065506176966497,0.6380281698196941,2.7354251232992737,0.9845955621949518,216.99729450095268,178.65156441849223,,,395.6040890225703,289.31779844548066,395.6040890225703,289.31779844548066,216.99729450095268,178.65156441849223,395.6040890225703,289.31779844548066,,,,,,,,,0.05,1e-05,1,product,1.0,,,,,,,,,,,,,,,,,,,,,,,,1.0,,,1,101770,10.843743471593148,0.027265410360074023,0.020298134014959838,0.023381832987070084,0.05556612499058247,0.06979024145414327,0.003392147824910372,0.056248459964990616,0.06550448089838028,0.06744685769081116,0.06969690322875977,0.07202977500855923,0.07420375794172288,0.07553876116871834,0.08750124275684357,206.76588241863521,20.089003470885423,130.60853576660156,205.86050415039062,233.05476837158204,316.0666809082031,496.85991341966195,-542116.5303284125,-126652.89064987193,0.39153719823521443,0.2923798831161581,4.563012378282553e-06,0.06279559109961892,0.15850844412265552,0.33511065067852924,0.5641895430051812,0.798781985432832,0.9479613475914934,2.4776218306169913,-11.649105352933,9.611032258488999,-24.041416945270555,-9.49623538068942,-1.951434762733063,0.6893583570796895,0.9614915987029576,0.9998722609806426,1.0,0.038508401297042354,0.00012773901935737446,0.0,3919,13,0,0.8983374772031977,0.013178959488868713,,2.091289920114181,0.20936902485659656,0.0033460803059273425,,,,206.76588439941406,20.089004516601562,10.843743471593148,0.06979024410247803,0.6789580241072266,0.4570553692218597,,,1.6077883172490057,,139.46666666666667,122.26466737732896,7.0,344.0,random,,,,,,,,,,,,outputs/tune_vi_mnist_noniid_unbalanced/vi_lr0p002_b16_e1/posterior_snapshots/final.pt,,snr_histograms.csv,calibration_bins.csv,181.61353607177733,192.74179458618164,219.82473754882812,241.19819030761715,-106.81496515838079,-15.998951939118255,-4.971499351100309,-0.4641874074365158,7.8807003797092,8.947758674621582,13.341459274291994,172.9835568836757,467.62773974963596,494.470787525177,42.86019265074745,42.860194812198365,379.4255319386524,784.1796932890036,796.6313517724923,42.86019265074745,42.860194812198365,379.4255319386524,784.1796932890036,796.6313517724923,0.6380281705995854,1.8942455724968223,2.715178311331002,0.011088768384455034,0.9693866398889394,0.9698279281148406,0.9850029974619231,0.9982616633311762,0.9982618136491149,8.947758674621582,13.341459274291994,172.9835568836757,467.62773974963596,494.470787525177,42.86019265074745,42.860194812198365,379.4255319386524,784.1796932890036,796.6313517724923,product,0.9965625406717614,0.3081465832016351
