schema_version,run_id,round,method,eval_scope,physical_client_id,virtual_client_id,bin_id,bin_left,bin_right,bin_count,bin_accuracy,bin_confidence,bin_gap,ece_contribution,nll_mean,brier_mean
bayesfl_observability_v1,vi_lr0p002_b256_e5_prior0p05,0,vi,global_test,,,0,0.0,0.06666666666666667,0,,,,,,
bayesfl_observability_v1,vi_lr0p002_b256_e5_prior0p05,0,vi,global_test,,,1,0.06666666666666667,0.13333333333333333,4095,0.08766788766788766,0.1253545612715394,0.037686673603651744,0.01543269284069539,2.2884936371129077,0.8978898125253755
bayesfl_observability_v1,vi_lr0p002_b256_e5_prior0p05,0,vi,global_test,,,2,0.13333333333333333,0.2,5837,0.12163782765119067,0.1500477463246944,0.028409918673503717,0.016582869529724122,2.2803761637617264,0.8967598599278194
bayesfl_observability_v1,vi_lr0p002_b256_e5_prior0p05,0,vi,global_test,,,3,0.2,0.26666666666666666,67,0.13432835820895522,0.21417166092502538,0.07984330271607015,0.00053495012819767,2.3191338759749685,0.9078408337351102
bayesfl_observability_v1,vi_lr0p002_b256_e5_prior0p05,0,vi,global_test,,,4,0.26666666666666666,0.3333333333333333,1,0.0,0.2757571041584015,0.2757571041584015,2.7575710415840148e-05,2.4181761741638184,0.960219144821167
bayesfl_observability_v1,vi_lr0p002_b256_e5_prior0p05,0,vi,global_test,,,5,0.3333333333333333,0.4,0,,,,,,
bayesfl_observability_v1,vi_lr0p002_b256_e5_prior0p05,0,vi,global_test,,,6,0.4,0.4666666666666667,0,,,,,,
bayesfl_observability_v1,vi_lr0p002_b256_e5_prior0p05,0,vi,global_test,,,7,0.4666666666666667,0.5333333333333333,0,,,,,,
bayesfl_observability_v1,vi_lr0p002_b256_e5_prior0p05,0,vi,global_test,,,8,0.5333333333333333,0.6,0,,,,,,
bayesfl_observability_v1,vi_lr0p002_b256_e5_prior0p05,0,vi,global_test,,,9,0.6,0.6666666666666666,0,,,,,,
bayesfl_observability_v1,vi_lr0p002_b256_e5_prior0p05,0,vi,global_test,,,10,0.6666666666666666,0.7333333333333333,0,,,,,,
bayesfl_observability_v1,vi_lr0p002_b256_e5_prior0p05,0,vi,global_test,,,11,0.7333333333333333,0.8,0,,,,,,
bayesfl_observability_v1,vi_lr0p002_b256_e5_prior0p05,0,vi,global_test,,,12,0.8,0.8666666666666667,0,,,,,,
bayesfl_observability_v1,vi_lr0p002_b256_e5_prior0p05,0,vi,global_test,,,13,0.8666666666666667,0.9333333333333333,0,,,,,,
bayesfl_observability_v1,vi_lr0p002_b256_e5_prior0p05,0,vi,global_test,,,14,0.9333333333333333,1.0,0,,,,,,
bayesfl_observability_v1,vi_lr0p002_b256_e5_prior0p05,0,vi,global_test_mc,,,0,0.0,0.06666666666666667,0,,,,,,
bayesfl_observability_v1,vi_lr0p002_b256_e5_prior0p05,0,vi,global_test_mc,,,1,0.06666666666666667,0.13333333333333333,4094,0.08817782120175867,0.12535160686775249,0.037173785665993817,0.015218947851657868,2.2884627467082312,0.8978843673823459
bayesfl_observability_v1,vi_lr0p002_b256_e5_prior0p05,0,vi,global_test_mc,,,2,0.13333333333333333,0.2,5838,0.12161699212058924,0.15004306698792927,0.02842607486734003,0.016595142507553107,2.2803936239871803,0.8967633097087655
bayesfl_observability_v1,vi_lr0p002_b256_e5_prior0p05,0,vi,global_test_mc,,,3,0.2,0.26666666666666666,67,0.13432835820895522,0.21416413205773083,0.0798357738487756,0.0005348996847867965,2.319137701347693,0.9078450496517011
bayesfl_observability_v1,vi_lr0p002_b256_e5_prior0p05,0,vi,global_test_mc,,,4,0.26666666666666666,0.3333333333333333,1,0.0,0.27576932311058044,0.27576932311058044,2.7576932311058045e-05,2.419003963470459,0.9603651762008667
bayesfl_observability_v1,vi_lr0p002_b256_e5_prior0p05,0,vi,global_test_mc,,,5,0.3333333333333333,0.4,0,,,,,,
bayesfl_observability_v1,vi_lr0p002_b256_e5_prior0p05,0,vi,global_test_mc,,,6,0.4,0.4666666666666667,0,,,,,,
bayesfl_observability_v1,vi_lr0p002_b256_e5_prior0p05,0,vi,global_test_mc,,,7,0.4666666666666667,0.5333333333333333,0,,,,,,
bayesfl_observability_v1,vi_lr0p002_b256_e5_prior0p05,0,vi,global_test_mc,,,8,0.5333333333333333,0.6,0,,,,,,
bayesfl_observability_v1,vi_lr0p002_b256_e5_prior0p05,0,vi,global_test_mc,,,9,0.6,0.6666666666666666,0,,,,,,
bayesfl_observability_v1,vi_lr0p002_b256_e5_prior0p05,0,vi,global_test_mc,,,10,0.6666666666666666,0.7333333333333333,0,,,,,,
bayesfl_observability_v1,vi_lr0p002_b256_e5_prior0p05,0,vi,global_test_mc,,,11,0.7333333333333333,0.8,0,,,,,,
bayesfl_observability_v1,vi_lr0p002_b256_e5_prior0p05,0,vi,global_test_mc,,,12,0.8,0.8666666666666667,0,,,,,,
bayesfl_observability_v1,vi_lr0p002_b256_e5_prior0p05,0,vi,global_test_mc,,,13,0.8666666666666667,0.9333333333333333,0,,,,,,
bayesfl_observability_v1,vi_lr0p002_b256_e5_prior0p05,0,vi,global_test_mc,,,14,0.9333333333333333,1.0,0,,,,,,
bayesfl_observability_v1,vi_lr0p002_b256_e5_prior0p05,1,vi,global_test,,,0,0.0,0.06666666666666667,0,,,,,,
bayesfl_observability_v1,vi_lr0p002_b256_e5_prior0p05,1,vi,global_test,,,1,0.06666666666666667,0.13333333333333333,15,0.0,0.1293984557191531,0.1293984557191531,0.00019409768357872963,2.2949387073516845,0.9010342240333558
bayesfl_observability_v1,vi_lr0p002_b256_e5_prior0p05,1,vi,global_test,,,2,0.13333333333333333,0.2,2075,0.08963855421686746,0.17811025619506837,0.08847170197820091,0.01835787816047669,2.302507484160274,0.9042856634668557
bayesfl_observability_v1,vi_lr0p002_b256_e5_prior0p05,1,vi,global_test,,,3,0.2,0.26666666666666666,4141,0.1835305481767689,0.23182177573867074,0.04829122756190185,0.019997397333383557,2.2677336662640695,0.894406182556963
bayesfl_observability_v1,vi_lr0p002_b256_e5_prior0p05,1,vi,global_test,,,4,0.26666666666666666,0.3333333333333333,2234,0.18800358102059087,0.2950793174408116,0.10707573642022075,0.023920719516277316,2.311667218630935,0.9090785352694957
bayesfl_observability_v1,vi_lr0p002_b256_e5_prior0p05,1,vi,global_test,,,5,0.3333333333333333,0.4,957,0.24869383490073146,0.3624514458446044,0.11375761094387296,0.010886603367328643,2.2503078125860996,0.8906276848871755
bayesfl_observability_v1,vi_lr0p002_b256_e5_prior0p05,1,vi,global_test,,,6,0.4,0.4666666666666667,399,0.40350877192982454,0.42763906844277727,0.02413029651295273,0.000962798830866814,2.0620923019889603,0.8111121195898319
bayesfl_observability_v1,vi_lr0p002_b256_e5_prior0p05,1,vi,global_test,,,7,0.4666666666666667,0.5333333333333333,121,0.5041322314049587,0.49419284679672937,0.009939384608229296,0.0001202665537595745,1.8085593152637325,0.72412458136062
bayesfl_observability_v1,vi_lr0p002_b256_e5_prior0p05,1,vi,global_test,,,8,0.5333333333333333,0.6,41,0.7804878048780488,0.562570695470019,0.21791710940802977,0.0008934601485729221,1.0922945156330015,0.4399991017289278
bayesfl_observability_v1,vi_lr0p002_b256_e5_prior0p05,1,vi,global_test,,,9,0.6,0.6666666666666666,14,0.8571428571428571,0.6325635484286717,0.2245793087141854,0.0003144110321998596,0.8838663867541722,0.32759661014590946
bayesfl_observability_v1,vi_lr0p002_b256_e5_prior0p05,1,vi,global_test,,,10,0.6666666666666666,0.7333333333333333,3,1.0,0.675700823465983,0.32429917653401696,9.728975296020509e-05,0.3920993010203044,0.12148008743921916
bayesfl_observability_v1,vi_lr0p002_b256_e5_prior0p05,1,vi,global_test,,,11,0.7333333333333333,0.8,0,,,,,,
bayesfl_observability_v1,vi_lr0p002_b256_e5_prior0p05,1,vi,global_test,,,12,0.8,0.8666666666666667,0,,,,,,
bayesfl_observability_v1,vi_lr0p002_b256_e5_prior0p05,1,vi,global_test,,,13,0.8666666666666667,0.9333333333333333,0,,,,,,
bayesfl_observability_v1,vi_lr0p002_b256_e5_prior0p05,1,vi,global_test,,,14,0.9333333333333333,1.0,0,,,,,,
bayesfl_observability_v1,vi_lr0p002_b256_e5_prior0p05,1,vi,global_test_mc,,,0,0.0,0.06666666666666667,0,,,,,,
bayesfl_observability_v1,vi_lr0p002_b256_e5_prior0p05,1,vi,global_test_mc,,,1,0.06666666666666667,0.13333333333333333,15,0.0,0.12939333369334538,0.12939333369334538,0.00019409000054001807,2.294930346806844,0.9010322690010071
bayesfl_observability_v1,vi_lr0p002_b256_e5_prior0p05,1,vi,global_test_mc,,,2,0.13333333333333333,0.2,2076,0.08959537572254335,0.17812016347929233,0.08852478775674898,0.018377745938301087,2.30251369127189,0.9042944067475424
bayesfl_observability_v1,vi_lr0p002_b256_e5_prior0p05,1,vi,global_test_mc,,,3,0.2,0.26666666666666666,4140,0.18357487922705315,0.2318289311323765,0.048254051905323336,0.01997717748880386,2.2676690007177527,0.8943905911007941
bayesfl_observability_v1,vi_lr0p002_b256_e5_prior0p05,1,vi,global_test_mc,,,4,0.26666666666666666,0.3333333333333333,2234,0.18800358102059087,0.29507908878736233,0.10707550776677147,0.023920668435096746,2.3117489857447393,0.9090936700467457
bayesfl_observability_v1,vi_lr0p002_b256_e5_prior0p05,1,vi,global_test_mc,,,5,0.3333333333333333,0.4,957,0.24869383490073146,0.3624549757848837,0.11376114088415226,0.010886941182613371,2.250304841945413,0.8906258221330314
bayesfl_observability_v1,vi_lr0p002_b256_e5_prior0p05,1,vi,global_test_mc,,,6,0.4,0.4666666666666667,399,0.40350877192982454,0.42763551419838924,0.024126742268564705,0.0009626570165157318,2.062095778627802,0.8111063111246678
bayesfl_observability_v1,vi_lr0p002_b256_e5_prior0p05,1,vi,global_test_mc,,,7,0.4666666666666667,0.5333333333333333,121,0.5041322314049587,0.49419354505775387,0.009938686347204795,0.00012025810480117802,1.8085823192084132,0.7241301945418366
bayesfl_observability_v1,vi_lr0p002_b256_e5_prior0p05,1,vi,global_test_mc,,,8,0.5333333333333333,0.6,41,0.7804878048780488,0.5625896584696886,0.21789814640836025,0.0008933824002742771,1.092310732457696,0.4400168144848289
bayesfl_observability_v1,vi_lr0p002_b256_e5_prior0p05,1,vi,global_test_mc,,,9,0.6,0.6666666666666666,14,0.8571428571428571,0.6325737323079791,0.224569124834878,0.0003143967747688292,0.883926904627255,0.32762186229228973
bayesfl_observability_v1,vi_lr0p002_b256_e5_prior0p05,1,vi,global_test_mc,,,10,0.6666666666666666,0.7333333333333333,3,1.0,0.6757734616597494,0.3242265383402506,9.726796150207519e-05,0.3919915755589803,0.12142879764238994
bayesfl_observability_v1,vi_lr0p002_b256_e5_prior0p05,1,vi,global_test_mc,,,11,0.7333333333333333,0.8,0,,,,,,
bayesfl_observability_v1,vi_lr0p002_b256_e5_prior0p05,1,vi,global_test_mc,,,12,0.8,0.8666666666666667,0,,,,,,
bayesfl_observability_v1,vi_lr0p002_b256_e5_prior0p05,1,vi,global_test_mc,,,13,0.8666666666666667,0.9333333333333333,0,,,,,,
bayesfl_observability_v1,vi_lr0p002_b256_e5_prior0p05,1,vi,global_test_mc,,,14,0.9333333333333333,1.0,0,,,,,,
bayesfl_observability_v1,vi_lr0p002_b256_e5_prior0p05,2,vi,global_test,,,0,0.0,0.06666666666666667,0,,,,,,
bayesfl_observability_v1,vi_lr0p002_b256_e5_prior0p05,2,vi,global_test,,,1,0.06666666666666667,0.13333333333333333,0,,,,,,
bayesfl_observability_v1,vi_lr0p002_b256_e5_prior0p05,2,vi,global_test,,,2,0.13333333333333333,0.2,139,0.12949640287769784,0.18946691843674338,0.059970515559045534,0.0008335901662707329,2.0341426991730285,0.843057598570268
bayesfl_observability_v1,vi_lr0p002_b256_e5_prior0p05,2,vi,global_test,,,3,0.2,0.26666666666666666,1517,0.06460118655240607,0.23909215090812314,0.17449096435571707,0.02647027929276228,2.1201913633390563,0.8706401981408453
bayesfl_observability_v1,vi_lr0p002_b256_e5_prior0p05,2,vi,global_test,,,4,0.26666666666666666,0.3333333333333333,2221,0.10670868977937865,0.29971725176659214,0.1930085619872135,0.04286720161736012,2.3472516147578317,0.9268000411965835
bayesfl_observability_v1,vi_lr0p002_b256_e5_prior0p05,2,vi,global_test,,,5,0.3333333333333333,0.4,1849,0.12979989183342347,0.3656269009207441,0.23582700908732065,0.04360441398024559,2.4896100691810306,0.968449546105801
bayesfl_observability_v1,vi_lr0p002_b256_e5_prior0p05,2,vi,global_test,,,6,0.4,0.4666666666666667,1413,0.1613588110403397,0.43207133854017643,0.27071252749983676,0.03825168013572693,2.542766575769423,0.9892240832734429
bayesfl_observability_v1,vi_lr0p002_b256_e5_prior0p05,2,vi,global_test,,,7,0.4666666666666667,0.5333333333333333,1097,0.1440291704649043,0.4989028865625995,0.35487371609769525,0.038929646655917166,2.66753361783684,1.0471298037166474
bayesfl_observability_v1,vi_lr0p002_b256_e5_prior0p05,2,vi,global_test,,,8,0.5333333333333333,0.6,800,0.17875,0.564136922955513,0.385386922955513,0.03083095383644104,2.7575412297248842,1.0733703863620758
bayesfl_observability_v1,vi_lr0p002_b256_e5_prior0p05,2,vi,global_test,,,9,0.6,0.6666666666666666,563,0.22202486678507993,0.6298130740069158,0.40778820722183584,0.022958476066589358,2.805072312668416,1.0856240007424227
bayesfl_observability_v1,vi_lr0p002_b256_e5_prior0p05,2,vi,global_test,,,10,0.6666666666666666,0.7333333333333333,274,0.291970802919708,0.6946360723380625,0.40266526941835445,0.011033028382062913,2.698356861615703,1.0477372259989273
bayesfl_observability_v1,vi_lr0p002_b256_e5_prior0p05,2,vi,global_test,,,11,0.7333333333333333,0.8,112,0.5535714285714286,0.7589492537081242,0.20537782513669556,0.0023002316415309905,1.8515799487275737,0.7214218184484967
bayesfl_observability_v1,vi_lr0p002_b256_e5_prior0p05,2,vi,global_test,,,12,0.8,0.8666666666666667,15,0.6666666666666666,0.8193542718887329,0.15268760522206626,0.00022903140783309936,1.7177968740463256,0.576004795357585
bayesfl_observability_v1,vi_lr0p002_b256_e5_prior0p05,2,vi,global_test,,,13,0.8666666666666667,0.9333333333333333,0,,,,,,
bayesfl_observability_v1,vi_lr0p002_b256_e5_prior0p05,2,vi,global_test,,,14,0.9333333333333333,1.0,0,,,,,,
bayesfl_observability_v1,vi_lr0p002_b256_e5_prior0p05,2,vi,global_test_mc,,,0,0.0,0.06666666666666667,0,,,,,,
bayesfl_observability_v1,vi_lr0p002_b256_e5_prior0p05,2,vi,global_test_mc,,,1,0.06666666666666667,0.13333333333333333,0,,,,,,
bayesfl_observability_v1,vi_lr0p002_b256_e5_prior0p05,2,vi,global_test_mc,,,2,0.13333333333333333,0.2,140,0.12857142857142856,0.18953992617981774,0.06096849760838918,0.0008535589665174486,2.0344263221536365,0.8432492899043219
bayesfl_observability_v1,vi_lr0p002_b256_e5_prior0p05,2,vi,global_test_mc,,,3,0.2,0.26666666666666666,1515,0.06402640264026403,0.23909087889265307,0.17506447625238902,0.02652226815223694,2.1207221264886384,0.8708039234573691
bayesfl_observability_v1,vi_lr0p002_b256_e5_prior0p05,2,vi,global_test_mc,,,4,0.26666666666666666,0.3333333333333333,2223,0.10706252811515969,0.29970967791072967,0.19264714979556996,0.042825461399555204,2.3470059788232445,0.9267119535764916
bayesfl_observability_v1,vi_lr0p002_b256_e5_prior0p05,2,vi,global_test_mc,,,5,0.3333333333333333,0.4,1848,0.12987012987012986,0.36563604692747065,0.2357659170573408,0.04356954147219658,2.4893826127568364,0.9683938326386662
bayesfl_observability_v1,vi_lr0p002_b256_e5_prior0p05,2,vi,global_test_mc,,,6,0.4,0.4666666666666667,1412,0.1621813031161473,0.43204059783189896,0.26985929471575165,0.038104132413864136,2.5402589553476393,0.9884456304922995
bayesfl_observability_v1,vi_lr0p002_b256_e5_prior0p05,2,vi,global_test_mc,,,7,0.4666666666666667,0.5333333333333333,1098,0.1429872495446266,0.4988722681510644,0.3558850186064378,0.03907617504298687,2.6715099238307096,1.0481804317246803
bayesfl_observability_v1,vi_lr0p002_b256_e5_prior0p05,2,vi,global_test_mc,,,8,0.5333333333333333,0.6,799,0.17772215269086358,0.5640902156674668,0.3863680629766032,0.030870808231830596,2.7589854943438974,1.0742944432737234
bayesfl_observability_v1,vi_lr0p002_b256_e5_prior0p05,2,vi,global_test_mc,,,9,0.6,0.6666666666666666,563,0.22380106571936056,0.629694586537024,0.4058935208176635,0.022851805222034453,2.797998826414823,1.0833508235734903
bayesfl_observability_v1,vi_lr0p002_b256_e5_prior0p05,2,vi,global_test_mc,,,10,0.6666666666666666,0.7333333333333333,276,0.2898550724637681,0.6946674302436303,0.4048123577798622,0.011172821074724197,2.7055085249569104,1.0506733833015829
bayesfl_observability_v1,vi_lr0p002_b256_e5_prior0p05,2,vi,global_test_mc,,,11,0.7333333333333333,0.8,111,0.5585585585585585,0.7591817352148864,0.2006231766563279,0.0022269172608852398,1.841737415607985,0.7148621517929945
bayesfl_observability_v1,vi_lr0p002_b256_e5_prior0p05,2,vi,global_test_mc,,,12,0.8,0.8666666666666667,15,0.6666666666666666,0.81932266553243,0.15265599886576342,0.0002289839982986451,1.7176949401696524,0.5759670342008273
bayesfl_observability_v1,vi_lr0p002_b256_e5_prior0p05,2,vi,global_test_mc,,,13,0.8666666666666667,0.9333333333333333,0,,,,,,
bayesfl_observability_v1,vi_lr0p002_b256_e5_prior0p05,2,vi,global_test_mc,,,14,0.9333333333333333,1.0,0,,,,,,
bayesfl_observability_v1,vi_lr0p002_b256_e5_prior0p05,3,vi,global_test,,,0,0.0,0.06666666666666667,0,,,,,,
bayesfl_observability_v1,vi_lr0p002_b256_e5_prior0p05,3,vi,global_test,,,1,0.06666666666666667,0.13333333333333333,26,0.34615384615384615,0.12852643315608686,0.21762741299775928,0.0005658312737941741,2.218067774405846,0.8823016698543842
bayesfl_observability_v1,vi_lr0p002_b256_e5_prior0p05,3,vi,global_test,,,2,0.13333333333333333,0.2,3505,0.2333808844507846,0.17630624568751468,0.0570746387632699,0.020004660886526103,2.218591581567718,0.8793068087560134
bayesfl_observability_v1,vi_lr0p002_b256_e5_prior0p05,3,vi,global_test,,,3,0.2,0.26666666666666666,4167,0.34821214302855774,0.22992607893233166,0.11828606409622608,0.0492898029088974,2.087009526054322,0.8433080287125003
bayesfl_observability_v1,vi_lr0p002_b256_e5_prior0p05,3,vi,global_test,,,4,0.26666666666666666,0.3333333333333333,1669,0.35410425404433793,0.2938388211774283,0.06026543286690961,0.010058300745487213,2.053554677763265,0.8312587932314681
bayesfl_observability_v1,vi_lr0p002_b256_e5_prior0p05,3,vi,global_test,,,5,0.3333333333333333,0.4,461,0.5704989154013015,0.35961746775147196,0.21088144764982952,0.009721634736657141,1.7091054683652203,0.7103266771599941
bayesfl_observability_v1,vi_lr0p002_b256_e5_prior0p05,3,vi,global_test,,,6,0.4,0.4666666666666667,127,0.8110236220472441,0.4238312831075173,0.3871923389397268,0.0049173427045345304,1.1801653227468176,0.5076112435089322
bayesfl_observability_v1,vi_lr0p002_b256_e5_prior0p05,3,vi,global_test,,,7,0.4666666666666667,0.5333333333333333,36,0.9166666666666666,0.49535027477476334,0.4213163918919033,0.0015167390108108518,0.929898331562678,0.37734977652629215
bayesfl_observability_v1,vi_lr0p002_b256_e5_prior0p05,3,vi,global_test,,,8,0.5333333333333333,0.6,9,1.0,0.5603921016057333,0.4396078983942667,0.00039564710855484003,0.5795741611056857,0.2271041108502282
bayesfl_observability_v1,vi_lr0p002_b256_e5_prior0p05,3,vi,global_test,,,9,0.6,0.6666666666666666,0,,,,,,
bayesfl_observability_v1,vi_lr0p002_b256_e5_prior0p05,3,vi,global_test,,,10,0.6666666666666666,0.7333333333333333,0,,,,,,
bayesfl_observability_v1,vi_lr0p002_b256_e5_prior0p05,3,vi,global_test,,,11,0.7333333333333333,0.8,0,,,,,,
bayesfl_observability_v1,vi_lr0p002_b256_e5_prior0p05,3,vi,global_test,,,12,0.8,0.8666666666666667,0,,,,,,
bayesfl_observability_v1,vi_lr0p002_b256_e5_prior0p05,3,vi,global_test,,,13,0.8666666666666667,0.9333333333333333,0,,,,,,
bayesfl_observability_v1,vi_lr0p002_b256_e5_prior0p05,3,vi,global_test,,,14,0.9333333333333333,1.0,0,,,,,,
bayesfl_observability_v1,vi_lr0p002_b256_e5_prior0p05,3,vi,global_test_mc,,,0,0.0,0.06666666666666667,0,,,,,,
bayesfl_observability_v1,vi_lr0p002_b256_e5_prior0p05,3,vi,global_test_mc,,,1,0.06666666666666667,0.13333333333333333,26,0.3076923076923077,0.12852886978250283,0.17916343790980488,0.00046582493856549273,2.2180916437735925,0.8823072726909931
bayesfl_observability_v1,vi_lr0p002_b256_e5_prior0p05,3,vi,global_test_mc,,,2,0.13333333333333333,0.2,3503,0.23351413074507565,0.17629467286095088,0.057219457884124775,0.020043976096808906,2.218667798269622,0.8793192433521403
bayesfl_observability_v1,vi_lr0p002_b256_e5_prior0p05,3,vi,global_test_mc,,,3,0.2,0.26666666666666666,4170,0.34796163069544367,0.22992257731709834,0.11803905337834533,0.04922228525877,2.086818276549415,0.8432601611962993
bayesfl_observability_v1,vi_lr0p002_b256_e5_prior0p05,3,vi,global_test_mc,,,4,0.26666666666666666,0.3333333333333333,1666,0.35414165666266506,0.29381713904395684,0.06032451761870822,0.010050064635276789,2.053377076500461,0.8311897031113166
bayesfl_observability_v1,vi_lr0p002_b256_e5_prior0p05,3,vi,global_test_mc,,,5,0.3333333333333333,0.4,463,0.5680345572354212,0.35951920429779693,0.20851535293762424,0.009654260841012003,1.7128780639969763,0.7115923803516907
bayesfl_observability_v1,vi_lr0p002_b256_e5_prior0p05,3,vi,global_test_mc,,,6,0.4,0.4666666666666667,127,0.8110236220472441,0.4238437151345681,0.387179906912676,0.004917184817790985,1.1801793251450605,0.5076149075519382
bayesfl_observability_v1,vi_lr0p002_b256_e5_prior0p05,3,vi,global_test_mc,,,7,0.4666666666666667,0.5333333333333333,36,0.9166666666666666,0.49536743180619347,0.42129923486047316,0.0015166772454977035,0.9298881226115756,0.37733342829677796
bayesfl_observability_v1,vi_lr0p002_b256_e5_prior0p05,3,vi,global_test_mc,,,8,0.5333333333333333,0.6,9,1.0,0.5604665610525343,0.43953343894746566,0.0003955800950527191,0.5794423487451341,0.22702592776881325
bayesfl_observability_v1,vi_lr0p002_b256_e5_prior0p05,3,vi,global_test_mc,,,9,0.6,0.6666666666666666,0,,,,,,
bayesfl_observability_v1,vi_lr0p002_b256_e5_prior0p05,3,vi,global_test_mc,,,10,0.6666666666666666,0.7333333333333333,0,,,,,,
bayesfl_observability_v1,vi_lr0p002_b256_e5_prior0p05,3,vi,global_test_mc,,,11,0.7333333333333333,0.8,0,,,,,,
bayesfl_observability_v1,vi_lr0p002_b256_e5_prior0p05,3,vi,global_test_mc,,,12,0.8,0.8666666666666667,0,,,,,,
bayesfl_observability_v1,vi_lr0p002_b256_e5_prior0p05,3,vi,global_test_mc,,,13,0.8666666666666667,0.9333333333333333,0,,,,,,
bayesfl_observability_v1,vi_lr0p002_b256_e5_prior0p05,3,vi,global_test_mc,,,14,0.9333333333333333,1.0,0,,,,,,
bayesfl_observability_v1,vi_lr0p002_b256_e5_prior0p05,4,vi,global_test,,,0,0.0,0.06666666666666667,0,,,,,,
bayesfl_observability_v1,vi_lr0p002_b256_e5_prior0p05,4,vi,global_test,,,1,0.06666666666666667,0.13333333333333333,2,0.5,0.1299426183104515,0.3700573816895485,7.40114763379097e-05,2.216640830039978,0.882215142250061
bayesfl_observability_v1,vi_lr0p002_b256_e5_prior0p05,4,vi,global_test,,,2,0.13333333333333333,0.2,684,0.2543859649122807,0.18117683685836736,0.07320912805391336,0.005007504358887674,2.075446293367977,0.8522892153402518
bayesfl_observability_v1,vi_lr0p002_b256_e5_prior0p05,4,vi,global_test,,,3,0.2,0.26666666666666666,1920,0.16458333333333333,0.23484863573685288,0.07026530240351955,0.013490938061475754,2.0144391131897765,0.8446480987593532
bayesfl_observability_v1,vi_lr0p002_b256_e5_prior0p05,4,vi,global_test,,,4,0.26666666666666666,0.3333333333333333,1920,0.1453125,0.2990724033055206,0.15375990330552058,0.029521901434659954,2.0775360461324452,0.8689506772905589
bayesfl_observability_v1,vi_lr0p002_b256_e5_prior0p05,4,vi,global_test,,,5,0.3333333333333333,0.4,1616,0.1516089108910891,0.3655812015185262,0.21397229062743708,0.034577922165393835,2.161446668724022,0.9046892019191591
bayesfl_observability_v1,vi_lr0p002_b256_e5_prior0p05,4,vi,global_test,,,6,0.4,0.4666666666666667,1219,0.15340442986054142,0.430707361827237,0.2773029319666956,0.033803227406740195,2.277385570457277,0.9516125814752368
bayesfl_observability_v1,vi_lr0p002_b256_e5_prior0p05,4,vi,global_test,,,7,0.4666666666666667,0.5333333333333333,798,0.14536340852130325,0.49826904526330473,0.3529056367420015,0.028161869812011717,2.4259625102643083,1.0129281847100509
bayesfl_observability_v1,vi_lr0p002_b256_e5_prior0p05,4,vi,global_test,,,8,0.5333333333333333,0.6,644,0.1972049689440994,0.5662350499111674,0.36903008096706796,0.023765537214279178,2.4466064627866566,1.026164453962575
bayesfl_observability_v1,vi_lr0p002_b256_e5_prior0p05,4,vi,global_test,,,9,0.6,0.6666666666666666,493,0.32454361054766734,0.6332551494815045,0.3087115389338372,0.015219478869438174,2.2492655179563448,0.9410074081188766
bayesfl_observability_v1,vi_lr0p002_b256_e5_prior0p05,4,vi,global_test,,,10,0.6666666666666666,0.7333333333333333,328,0.45426829268292684,0.6981902638586556,0.24392197117572872,0.008000640654563903,1.9607260926831058,0.8198857167508544
bayesfl_observability_v1,vi_lr0p002_b256_e5_prior0p05,4,vi,global_test,,,11,0.7333333333333333,0.8,212,0.660377358490566,0.7640971035327552,0.10371974504218917,0.002198858594894411,1.4139106848611023,0.5614038661895495
bayesfl_observability_v1,vi_lr0p002_b256_e5_prior0p05,4,vi,global_test,,,12,0.8,0.8666666666666667,116,0.7758620689655172,0.8300727739416319,0.05421070497611469,0.0006288441777229304,1.0577226809129632,0.39446387484926604
bayesfl_observability_v1,vi_lr0p002_b256_e5_prior0p05,4,vi,global_test,,,13,0.8666666666666667,0.9333333333333333,47,0.9148936170212766,0.8939696892778924,0.02092392774338414,9.834246039390547e-05,0.4973772591415872,0.16174051851192686
bayesfl_observability_v1,vi_lr0p002_b256_e5_prior0p05,4,vi,global_test,,,14,0.9333333333333333,1.0,1,1.0,0.9357237219810486,0.06427627801895142,6.4276278018951415e-06,0.06643501669168472,0.004729769192636013
bayesfl_observability_v1,vi_lr0p002_b256_e5_prior0p05,4,vi,global_test_mc,,,0,0.0,0.06666666666666667,0,,,,,,
bayesfl_observability_v1,vi_lr0p002_b256_e5_prior0p05,4,vi,global_test_mc,,,1,0.06666666666666667,0.13333333333333333,2,0.5,0.12998506426811218,0.3700149357318878,7.400298714637757e-05,2.216339945793152,0.8821435570716858
bayesfl_observability_v1,vi_lr0p002_b256_e5_prior0p05,4,vi,global_test_mc,,,2,0.13333333333333333,0.2,684,0.2543859649122807,0.1811828123329327,0.07320315257934801,0.005007095636427404,2.073559302858442,0.8518997589398546
bayesfl_observability_v1,vi_lr0p002_b256_e5_prior0p05,4,vi,global_test_mc,,,3,0.2,0.26666666666666666,1920,0.16458333333333333,0.2348533526373406,0.07027001930400728,0.013491843706369397,2.0151155050223073,0.8447895867439608
bayesfl_observability_v1,vi_lr0p002_b256_e5_prior0p05,4,vi,global_test_mc,,,4,0.26666666666666666,0.3333333333333333,1919,0.1453882230328296,0.2990630197611993,0.1536747967283697,0.029490193492174143,2.0770632649163767,0.8688580732658668
bayesfl_observability_v1,vi_lr0p002_b256_e5_prior0p05,4,vi,global_test_mc,,,5,0.3333333333333333,0.4,1617,0.15151515151515152,0.3655752641740373,0.21406011265888578,0.03461352021694183,2.162015152921187,0.904805157312878
bayesfl_observability_v1,vi_lr0p002_b256_e5_prior0p05,4,vi,global_test_mc,,,6,0.4,0.4666666666666667,1218,0.1535303776683087,0.4306922525118529,0.27716187484354415,0.03375831635594368,2.276994033400061,0.9514973042242241
bayesfl_observability_v1,vi_lr0p002_b256_e5_prior0p05,4,vi,global_test_mc,,,7,0.4666666666666667,0.5333333333333333,799,0.14518147684605756,0.49824574772496993,0.35306427087891235,0.0282098352432251,2.4264228782606065,1.0130644047513921
bayesfl_observability_v1,vi_lr0p002_b256_e5_prior0p05,4,vi,global_test_mc,,,8,0.5333333333333333,0.6,644,0.1972049689440994,0.5662518014078555,0.3690468324637561,0.02376661601066589,2.4466144890518664,1.0261751628070144
bayesfl_observability_v1,vi_lr0p002_b256_e5_prior0p05,4,vi,global_test_mc,,,9,0.6,0.6666666666666666,492,0.3252032520325203,0.6332044560250228,0.3080012039925025,0.015153659236431125,2.247272669784422,0.9401234121826606
bayesfl_observability_v1,vi_lr0p002_b256_e5_prior0p05,4,vi,global_test_mc,,,10,0.6666666666666666,0.7333333333333333,329,0.45288753799392095,0.6981038141395546,0.24521627614563363,0.008067615485191347,1.9645660737002875,0.821575902243878
bayesfl_observability_v1,vi_lr0p002_b256_e5_prior0p05,4,vi,global_test_mc,,,11,0.7333333333333333,0.8,212,0.660377358490566,0.7641182949520507,0.10374093646148475,0.0021993078529834766,1.4138743076122031,0.5613913440479422
bayesfl_observability_v1,vi_lr0p002_b256_e5_prior0p05,4,vi,global_test_mc,,,12,0.8,0.8666666666666667,116,0.7758620689655172,0.8300811776827122,0.05421910871719493,0.0006289416611194612,1.0577297626898206,0.3944650571793318
bayesfl_observability_v1,vi_lr0p002_b256_e5_prior0p05,4,vi,global_test_mc,,,13,0.8666666666666667,0.9333333333333333,47,0.9148936170212766,0.8939615183688224,0.020932098652454156,9.838086366653453e-05,0.4973893054622285,0.1617416167195807
bayesfl_observability_v1,vi_lr0p002_b256_e5_prior0p05,4,vi,global_test_mc,,,14,0.9333333333333333,1.0,1,1.0,0.9356734156608582,0.06432658433914185,6.432658433914185e-06,0.06648878008127213,0.004737336188554764
bayesfl_observability_v1,vi_lr0p002_b256_e5_prior0p05,5,vi,global_test,,,0,0.0,0.06666666666666667,0,,,,,,
bayesfl_observability_v1,vi_lr0p002_b256_e5_prior0p05,5,vi,global_test,,,1,0.06666666666666667,0.13333333333333333,14,0.0,0.12750699424317904,0.12750699424317904,0.00017850979194045067,2.3843020711626326,0.9148525723389217
bayesfl_observability_v1,vi_lr0p002_b256_e5_prior0p05,5,vi,global_test,,,2,0.13333333333333333,0.2,1293,0.17092034029389017,0.1782429847990185,0.007322644505128345,0.000946817934513095,2.103465129678229,0.858792701803799
bayesfl_observability_v1,vi_lr0p002_b256_e5_prior0p05,5,vi,global_test,,,3,0.2,0.26666666666666666,3014,0.26874585268745854,0.23348242010829776,0.035263432579160786,0.01062839857935906,1.9678691004630977,0.823946109732493
bayesfl_observability_v1,vi_lr0p002_b256_e5_prior0p05,5,vi,global_test,,,4,0.26666666666666666,0.3333333333333333,2444,0.31382978723404253,0.2975192933347924,0.016310493899250156,0.003986284708976738,1.9006173052686326,0.804547797199552
bayesfl_observability_v1,vi_lr0p002_b256_e5_prior0p05,5,vi,global_test,,,5,0.3333333333333333,0.4,1273,0.2356637863315004,0.36229156914042004,0.12662778280891965,0.01611971675157547,2.0611246180927667,0.8610020845028142
bayesfl_observability_v1,vi_lr0p002_b256_e5_prior0p05,5,vi,global_test,,,6,0.4,0.4666666666666667,743,0.19919246298788695,0.4308367077145891,0.23164424472670214,0.01721116738319397,2.1764239199549804,0.9116051829198167
bayesfl_observability_v1,vi_lr0p002_b256_e5_prior0p05,5,vi,global_test,,,7,0.4666666666666667,0.5333333333333333,482,0.2925311203319502,0.49709299701378057,0.20456187668183035,0.009859882456064223,2.0865667761608773,0.8798104403424559
bayesfl_observability_v1,vi_lr0p002_b256_e5_prior0p05,5,vi,global_test,,,8,0.5333333333333333,0.6,330,0.5060606060606061,0.562232188022498,0.05617158196189187,0.0018536622047424316,1.6757252180215083,0.7063472969965501
bayesfl_observability_v1,vi_lr0p002_b256_e5_prior0p05,5,vi,global_test,,,9,0.6,0.6666666666666666,192,0.6979166666666666,0.631043216213584,0.06687345045308268,0.0012839702486991875,1.2683626802948613,0.5061471700513115
bayesfl_observability_v1,vi_lr0p002_b256_e5_prior0p05,5,vi,global_test,,,10,0.6666666666666666,0.7333333333333333,124,0.8145161290322581,0.6969961884521669,0.11751994058009119,0.0014572472631931308,0.9023652593455007,0.34700975921605864
bayesfl_observability_v1,vi_lr0p002_b256_e5_prior0p05,5,vi,global_test,,,11,0.7333333333333333,0.8,63,0.9047619047619048,0.7636078501504565,0.14115405461144825,0.000889270544052124,0.5928726534521769,0.2050110881645528
bayesfl_observability_v1,vi_lr0p002_b256_e5_prior0p05,5,vi,global_test,,,12,0.8,0.8666666666666667,27,1.0,0.8281860219107734,0.1718139780892266,0.00046389774084091184,0.18876718371002763,0.034389501368557965
bayesfl_observability_v1,vi_lr0p002_b256_e5_prior0p05,5,vi,global_test,,,13,0.8666666666666667,0.9333333333333333,1,1.0,0.8739486932754517,0.12605130672454834,1.2605130672454835e-05,0.13473360240459442,0.018293917179107666
bayesfl_observability_v1,vi_lr0p002_b256_e5_prior0p05,5,vi,global_test,,,14,0.9333333333333333,1.0,0,,,,,,
bayesfl_observability_v1,vi_lr0p002_b256_e5_prior0p05,5,vi,global_test_mc,,,0,0.0,0.06666666666666667,0,,,,,,
bayesfl_observability_v1,vi_lr0p002_b256_e5_prior0p05,5,vi,global_test_mc,,,1,0.06666666666666667,0.13333333333333333,14,0.0,0.1275127620569297,0.1275127620569297,0.0001785178668797016,2.38424973828452,0.9148421713284084
bayesfl_observability_v1,vi_lr0p002_b256_e5_prior0p05,5,vi,global_test_mc,,,2,0.13333333333333333,0.2,1292,0.17105263157894737,0.178224934605253,0.007172303026305615,0.0009266615509986854,2.103574269327217,0.8588001060042957
bayesfl_observability_v1,vi_lr0p002_b256_e5_prior0p05,5,vi,global_test_mc,,,3,0.2,0.26666666666666666,3016,0.26790450928381965,0.23347844282259042,0.03442606646122923,0.010382901644706734,1.9682382329389334,0.824097027750167
bayesfl_observability_v1,vi_lr0p002_b256_e5_prior0p05,5,vi,global_test_mc,,,4,0.26666666666666666,0.3333333333333333,2443,0.3147769136307818,0.29752597775168466,0.01725093587909715,0.004214403635263434,1.9001059032491714,0.804356475906981
bayesfl_observability_v1,vi_lr0p002_b256_e5_prior0p05,5,vi,global_test_mc,,,5,0.3333333333333333,0.4,1274,0.23547880690737832,0.36231756229041323,0.1268387553830349,0.016159257435798647,2.0615788191042292,0.8611597794004288
bayesfl_observability_v1,vi_lr0p002_b256_e5_prior0p05,5,vi,global_test_mc,,,6,0.4,0.4666666666666667,743,0.19919246298788695,0.4309213885067289,0.23172892551884194,0.017217459166049956,2.1757613126875412,0.9115659872904761
bayesfl_observability_v1,vi_lr0p002_b256_e5_prior0p05,5,vi,global_test_mc,,,7,0.4666666666666667,0.5333333333333333,482,0.2925311203319502,0.49724036034706715,0.20470924001511692,0.009866985368728636,2.0866173085335378,0.8799336339922862
bayesfl_observability_v1,vi_lr0p002_b256_e5_prior0p05,5,vi,global_test_mc,,,8,0.5333333333333333,0.6,329,0.5075987841945289,0.5623344871410845,0.05473570294655561,0.0018008046269416796,1.6740855605406602,0.7051430752212153
bayesfl_observability_v1,vi_lr0p002_b256_e5_prior0p05,5,vi,global_test_mc,,,9,0.6,0.6666666666666666,192,0.6979166666666666,0.6310468735173345,0.06686979314933217,0.0012839000284671775,1.2683661930883925,0.5061526115362843
bayesfl_observability_v1,vi_lr0p002_b256_e5_prior0p05,5,vi,global_test_mc,,,10,0.6666666666666666,0.7333333333333333,123,0.8130081300813008,0.6967024221652891,0.11630570791601169,0.0014305602073669437,0.9072117916936797,0.3491879201880315
bayesfl_observability_v1,vi_lr0p002_b256_e5_prior0p05,5,vi,global_test_mc,,,11,0.7333333333333333,0.8,64,0.90625,0.7631347496062517,0.14311525039374828,0.000915937602519989,0.5884603904560208,0.20307244680589065
bayesfl_observability_v1,vi_lr0p002_b256_e5_prior0p05,5,vi,global_test_mc,,,12,0.8,0.8666666666666667,27,1.0,0.8282028635342916,0.17179713646570838,0.0004638522684574126,0.18874676139266403,0.034382395515287364
bayesfl_observability_v1,vi_lr0p002_b256_e5_prior0p05,5,vi,global_test_mc,,,13,0.8666666666666667,0.9333333333333333,1,1.0,0.8739933967590332,0.1260066032409668,1.260066032409668e-05,0.13468246161937714,0.018280910328030586
bayesfl_observability_v1,vi_lr0p002_b256_e5_prior0p05,5,vi,global_test_mc,,,14,0.9333333333333333,1.0,0,,,,,,
bayesfl_observability_v1,vi_lr0p002_b256_e5_prior0p05,6,vi,global_test,,,0,0.0,0.06666666666666667,0,,,,,,
bayesfl_observability_v1,vi_lr0p002_b256_e5_prior0p05,6,vi,global_test,,,1,0.06666666666666667,0.13333333333333333,75,0.08,0.1286428745587667,0.04864287455876669,0.00036482155919075016,2.2361167526245116,0.8878782375653584
bayesfl_observability_v1,vi_lr0p002_b256_e5_prior0p05,6,vi,global_test,,,2,0.13333333333333333,0.2,3096,0.1915374677002584,0.1728075900589157,0.018729877641342707,0.005798770117759702,2.1111907241264363,0.8636355476708991
bayesfl_observability_v1,vi_lr0p002_b256_e5_prior0p05,6,vi,global_test,,,3,0.2,0.26666666666666666,3285,0.36255707762557077,0.23065629513477806,0.1319007824907927,0.0433294070482254,1.907158475669733,0.8093517942152793
bayesfl_observability_v1,vi_lr0p002_b256_e5_prior0p05,6,vi,global_test,,,4,0.26666666666666666,0.3333333333333333,2156,0.5797773654916512,0.29720324974555473,0.2825741157460964,0.06092297935485839,1.5686014348810369,0.7010775253812546
bayesfl_observability_v1,vi_lr0p002_b256_e5_prior0p05,6,vi,global_test,,,5,0.3333333333333333,0.4,974,0.7084188911704312,0.3612491348930453,0.34716975627738594,0.03381433426141739,1.339012656368514,0.6114966582958213
bayesfl_observability_v1,vi_lr0p002_b256_e5_prior0p05,6,vi,global_test,,,6,0.4,0.4666666666666667,289,0.8027681660899654,0.425142545188587,0.37762562090137836,0.010913380444049834,1.1447821521429042,0.5155959420138164
bayesfl_observability_v1,vi_lr0p002_b256_e5_prior0p05,6,vi,global_test,,,7,0.4666666666666667,0.5333333333333333,97,0.9690721649484536,0.4964375892250808,0.4726345757233728,0.004584555384516716,0.7776786138101951,0.3325925647597952
bayesfl_observability_v1,vi_lr0p002_b256_e5_prior0p05,6,vi,global_test,,,8,0.5333333333333333,0.6,25,1.0,0.5581142449378967,0.44188575506210326,0.0011047143876552583,0.5838210487365723,0.23637621283531188
bayesfl_observability_v1,vi_lr0p002_b256_e5_prior0p05,6,vi,global_test,,,9,0.6,0.6666666666666666,3,1.0,0.6063551108042399,0.39364488919576013,0.00011809346675872803,0.5003505349159241,0.1931044707695643
bayesfl_observability_v1,vi_lr0p002_b256_e5_prior0p05,6,vi,global_test,,,10,0.6666666666666666,0.7333333333333333,0,,,,,,
bayesfl_observability_v1,vi_lr0p002_b256_e5_prior0p05,6,vi,global_test,,,11,0.7333333333333333,0.8,0,,,,,,
bayesfl_observability_v1,vi_lr0p002_b256_e5_prior0p05,6,vi,global_test,,,12,0.8,0.8666666666666667,0,,,,,,
bayesfl_observability_v1,vi_lr0p002_b256_e5_prior0p05,6,vi,global_test,,,13,0.8666666666666667,0.9333333333333333,0,,,,,,
bayesfl_observability_v1,vi_lr0p002_b256_e5_prior0p05,6,vi,global_test,,,14,0.9333333333333333,1.0,0,,,,,,
bayesfl_observability_v1,vi_lr0p002_b256_e5_prior0p05,6,vi,global_test_mc,,,0,0.0,0.06666666666666667,0,,,,,,
bayesfl_observability_v1,vi_lr0p002_b256_e5_prior0p05,6,vi,global_test_mc,,,1,0.06666666666666667,0.13333333333333333,75,0.08,0.12863303780555724,0.048633037805557236,0.00036474778354167925,2.236097027460734,0.8878732824325561
bayesfl_observability_v1,vi_lr0p002_b256_e5_prior0p05,6,vi,global_test_mc,,,2,0.13333333333333333,0.2,3098,0.19109102646868947,0.1728242983773418,0.01826672809134766,0.0056590323626995055,2.111942376568673,0.86380550415382
bayesfl_observability_v1,vi_lr0p002_b256_e5_prior0p05,6,vi,global_test_mc,,,3,0.2,0.26666666666666666,3283,0.3627779469996954,0.23067537960467308,0.13210256739502232,0.043369272875785826,1.906336833455379,0.8091619137471455
bayesfl_observability_v1,vi_lr0p002_b256_e5_prior0p05,6,vi,global_test_mc,,,4,0.26666666666666666,0.3333333333333333,2157,0.5795085767269356,0.29721641429994855,0.282292162426987,0.0608904194355011,1.569396495155897,0.7012815997177216
bayesfl_observability_v1,vi_lr0p002_b256_e5_prior0p05,6,vi,global_test_mc,,,5,0.3333333333333333,0.4,973,0.7091469681397738,0.3612724383345366,0.34787452980523725,0.033848191750049585,1.3369975063073058,0.6109531739265308
bayesfl_observability_v1,vi_lr0p002_b256_e5_prior0p05,6,vi,global_test_mc,,,6,0.4,0.4666666666666667,289,0.8027681660899654,0.42514618994042946,0.3776219761495359,0.010913275110721588,1.1447689830225645,0.5155898625462938
bayesfl_observability_v1,vi_lr0p002_b256_e5_prior0p05,6,vi,global_test_mc,,,7,0.4666666666666667,0.5333333333333333,97,0.9690721649484536,0.49645609953968795,0.47261606540876566,0.0045843758344650265,0.7776185304848189,0.3325608102316709
bayesfl_observability_v1,vi_lr0p002_b256_e5_prior0p05,6,vi,global_test_mc,,,8,0.5333333333333333,0.6,25,1.0,0.5581950926780701,0.4418049073219299,0.0011045122683048247,0.5836787343025207,0.23628549695014953
bayesfl_observability_v1,vi_lr0p002_b256_e5_prior0p05,6,vi,global_test_mc,,,9,0.6,0.6666666666666666,3,1.0,0.606476902961731,0.39352309703826904,0.00011805692911148071,0.500150740146637,0.19297796487808228
bayesfl_observability_v1,vi_lr0p002_b256_e5_prior0p05,6,vi,global_test_mc,,,10,0.6666666666666666,0.7333333333333333,0,,,,,,
bayesfl_observability_v1,vi_lr0p002_b256_e5_prior0p05,6,vi,global_test_mc,,,11,0.7333333333333333,0.8,0,,,,,,
bayesfl_observability_v1,vi_lr0p002_b256_e5_prior0p05,6,vi,global_test_mc,,,12,0.8,0.8666666666666667,0,,,,,,
bayesfl_observability_v1,vi_lr0p002_b256_e5_prior0p05,6,vi,global_test_mc,,,13,0.8666666666666667,0.9333333333333333,0,,,,,,
bayesfl_observability_v1,vi_lr0p002_b256_e5_prior0p05,6,vi,global_test_mc,,,14,0.9333333333333333,1.0,0,,,,,,
bayesfl_observability_v1,vi_lr0p002_b256_e5_prior0p05,7,vi,global_test,,,0,0.0,0.06666666666666667,0,,,,,,
bayesfl_observability_v1,vi_lr0p002_b256_e5_prior0p05,7,vi,global_test,,,1,0.06666666666666667,0.13333333333333333,1,1.0,0.13026128709316254,0.8697387129068375,8.697387129068375e-05,2.038213014602661,0.8447847366333008
bayesfl_observability_v1,vi_lr0p002_b256_e5_prior0p05,7,vi,global_test,,,2,0.13333333333333333,0.2,1586,0.20996216897856243,0.17987236823102115,0.03008980074754128,0.004772242398560047,2.047144071150848,0.851718090484001
bayesfl_observability_v1,vi_lr0p002_b256_e5_prior0p05,7,vi,global_test,,,3,0.2,0.26666666666666666,3475,0.29093525179856117,0.2320976663493424,0.05883758544921877,0.020446060943603524,1.9250121546134675,0.8241190348426215
bayesfl_observability_v1,vi_lr0p002_b256_e5_prior0p05,7,vi,global_test,,,4,0.26666666666666666,0.3333333333333333,2146,0.304287045666356,0.2964893443386686,0.007797701327687423,0.001673386704921721,1.8494287248204384,0.809244390080604
bayesfl_observability_v1,vi_lr0p002_b256_e5_prior0p05,7,vi,global_test,,,5,0.3333333333333333,0.4,1234,0.446515397082658,0.364573259214528,0.08194213786813004,0.010111659812927247,1.6707422219373804,0.7406461134528805
bayesfl_observability_v1,vi_lr0p002_b256_e5_prior0p05,7,vi,global_test,,,6,0.4,0.4666666666666667,733,0.5879945429740792,0.4290670036131168,0.15892753936096238,0.011649388635158542,1.429522444086218,0.6398270133410111
bayesfl_observability_v1,vi_lr0p002_b256_e5_prior0p05,7,vi,global_test,,,7,0.4666666666666667,0.5333333333333333,408,0.7328431372549019,0.4969930607898563,0.23585007646504563,0.009622683119773863,1.16352179646492,0.5124050304293633
bayesfl_observability_v1,vi_lr0p002_b256_e5_prior0p05,7,vi,global_test,,,8,0.5333333333333333,0.6,211,0.8293838862559242,0.5632961643815606,0.2660877218743636,0.005614450931549071,0.9206272211120027,0.38580855515330886
bayesfl_observability_v1,vi_lr0p002_b256_e5_prior0p05,7,vi,global_test,,,9,0.6,0.6666666666666666,120,0.9,0.6293911869327228,0.27060881306727724,0.003247305756807327,0.6674658971528212,0.26604706769188247
bayesfl_observability_v1,vi_lr0p002_b256_e5_prior0p05,7,vi,global_test,,,10,0.6666666666666666,0.7333333333333333,62,0.967741935483871,0.696700970972738,0.271040964511133,0.0016804539799690247,0.45098966360092163,0.14891485040706973
bayesfl_observability_v1,vi_lr0p002_b256_e5_prior0p05,7,vi,global_test,,,11,0.7333333333333333,0.8,20,1.0,0.7549616068601608,0.24503839313983922,0.0004900767862796784,0.28126894906163213,0.06967185195535422
bayesfl_observability_v1,vi_lr0p002_b256_e5_prior0p05,7,vi,global_test,,,12,0.8,0.8666666666666667,4,1.0,0.813849925994873,0.18615007400512695,7.446002960205078e-05,0.2060021460056305,0.04046506620943546
bayesfl_observability_v1,vi_lr0p002_b256_e5_prior0p05,7,vi,global_test,,,13,0.8666666666666667,0.9333333333333333,0,,,,,,
bayesfl_observability_v1,vi_lr0p002_b256_e5_prior0p05,7,vi,global_test,,,14,0.9333333333333333,1.0,0,,,,,,
bayesfl_observability_v1,vi_lr0p002_b256_e5_prior0p05,7,vi,global_test_mc,,,0,0.0,0.06666666666666667,0,,,,,,
bayesfl_observability_v1,vi_lr0p002_b256_e5_prior0p05,7,vi,global_test_mc,,,1,0.06666666666666667,0.13333333333333333,1,1.0,0.1302156299352646,0.8697843700647354,8.697843700647354e-05,2.0385634899139404,0.8448743224143982
bayesfl_observability_v1,vi_lr0p002_b256_e5_prior0p05,7,vi,global_test_mc,,,2,0.13333333333333333,0.2,1586,0.20996216897856243,0.17987295851806676,0.030089210460495674,0.004772148779034614,2.0475542495710704,0.8518097489734014
bayesfl_observability_v1,vi_lr0p002_b256_e5_prior0p05,7,vi,global_test_mc,,,3,0.2,0.26666666666666666,3475,0.29093525179856117,0.23210105561523986,0.05883419618332131,0.020444883173704156,1.9250635159444467,0.8241555132282724
bayesfl_observability_v1,vi_lr0p002_b256_e5_prior0p05,7,vi,global_test_mc,,,4,0.26666666666666666,0.3333333333333333,2145,0.3048951048951049,0.29647311819739,0.008421986697714934,0.0018065161466598533,1.8488156449822557,0.8090464558634725
bayesfl_observability_v1,vi_lr0p002_b256_e5_prior0p05,7,vi,global_test_mc,,,5,0.3333333333333333,0.4,1236,0.4457928802588997,0.3645821776012001,0.08121070265769958,0.010037642848491669,1.6714865389765274,0.7409888612028078
bayesfl_observability_v1,vi_lr0p002_b256_e5_prior0p05,7,vi,global_test_mc,,,6,0.4,0.4666666666666667,733,0.5893587994542974,0.42916571882541965,0.16019308062887772,0.011742152810096737,1.4279978154951358,0.6390789979801985
bayesfl_observability_v1,vi_lr0p002_b256_e5_prior0p05,7,vi,global_test_mc,,,7,0.4666666666666667,0.5333333333333333,407,0.7321867321867321,0.49707926110494927,0.23510747108178287,0.009568874073028564,1.1644703123434756,0.5127459738119814
bayesfl_observability_v1,vi_lr0p002_b256_e5_prior0p05,7,vi,global_test_mc,,,8,0.5333333333333333,0.6,211,0.8293838862559242,0.5633261311110727,0.2660577551448515,0.0056138186335563675,0.9206117032828489,0.385797662616341
bayesfl_observability_v1,vi_lr0p002_b256_e5_prior0p05,7,vi,global_test_mc,,,9,0.6,0.6666666666666666,120,0.9,0.629423663020134,0.27057633697986605,0.003246916043758392,0.667414200057586,0.26601616901655994
bayesfl_observability_v1,vi_lr0p002_b256_e5_prior0p05,7,vi,global_test_mc,,,10,0.6666666666666666,0.7333333333333333,62,0.967741935483871,0.6967404475135188,0.2710014879703522,0.0016802092254161835,0.4509669864369977,0.14889191511657932
bayesfl_observability_v1,vi_lr0p002_b256_e5_prior0p05,7,vi,global_test_mc,,,11,0.7333333333333333,0.8,20,1.0,0.7549645006656647,0.24503549933433533,0.0004900709986686707,0.28126508072018624,0.06967115625739098
bayesfl_observability_v1,vi_lr0p002_b256_e5_prior0p05,7,vi,global_test_mc,,,12,0.8,0.8666666666666667,4,1.0,0.8138376474380493,0.18616235256195068,7.446494102478027e-05,0.20601699873805046,0.040470787324011326
bayesfl_observability_v1,vi_lr0p002_b256_e5_prior0p05,7,vi,global_test_mc,,,13,0.8666666666666667,0.9333333333333333,0,,,,,,
bayesfl_observability_v1,vi_lr0p002_b256_e5_prior0p05,7,vi,global_test_mc,,,14,0.9333333333333333,1.0,0,,,,,,
bayesfl_observability_v1,vi_lr0p002_b256_e5_prior0p05,8,vi,global_test,,,0,0.0,0.06666666666666667,0,,,,,,
bayesfl_observability_v1,vi_lr0p002_b256_e5_prior0p05,8,vi,global_test,,,1,0.06666666666666667,0.13333333333333333,1,0.0,0.126207634806633,0.126207634806633,1.26207634806633e-05,2.1150190830230713,0.862806499004364
bayesfl_observability_v1,vi_lr0p002_b256_e5_prior0p05,8,vi,global_test,,,2,0.13333333333333333,0.2,1094,0.3080438756855576,0.1808172141830054,0.12722666150255219,0.01391859676837921,1.943311665132233,0.8259291988840051
bayesfl_observability_v1,vi_lr0p002_b256_e5_prior0p05,8,vi,global_test,,,3,0.2,0.26666666666666666,2873,0.3814827706230421,0.23333540827481952,0.14814736234822257,0.04256273720264434,1.8085620384203032,0.787659962086822
bayesfl_observability_v1,vi_lr0p002_b256_e5_prior0p05,8,vi,global_test,,,4,0.26666666666666666,0.3333333333333333,2252,0.4240674955595027,0.29785309999281306,0.12621439556668962,0.0284234818816185,1.7253516264537723,0.7567893620282676
bayesfl_observability_v1,vi_lr0p002_b256_e5_prior0p05,8,vi,global_test,,,5,0.3333333333333333,0.4,1407,0.5010660980810234,0.3637464340477017,0.13731966403332174,0.01932087672948837,1.6523219234314723,0.7164149510580847
bayesfl_observability_v1,vi_lr0p002_b256_e5_prior0p05,8,vi,global_test,,,6,0.4,0.4666666666666667,931,0.5929108485499462,0.431050131579603,0.16186071697034327,0.01506923274993896,1.5237655987929069,0.6495123565132969
bayesfl_observability_v1,vi_lr0p002_b256_e5_prior0p05,8,vi,global_test,,,7,0.4666666666666667,0.5333333333333333,632,0.7183544303797469,0.4978168772745736,0.2205375531051733,0.013937973356246953,1.2607106423076195,0.5277752861191954
bayesfl_observability_v1,vi_lr0p002_b256_e5_prior0p05,8,vi,global_test,,,8,0.5333333333333333,0.6,444,0.8558558558558559,0.5643510968835505,0.29150475897230543,0.012942811298370362,0.9063732189101141,0.361457809403136
bayesfl_observability_v1,vi_lr0p002_b256_e5_prior0p05,8,vi,global_test,,,9,0.6,0.6666666666666666,275,0.9309090909090909,0.630318117575212,0.30059097333387896,0.008266251766681672,0.6524459505081177,0.2370134045860984
bayesfl_observability_v1,vi_lr0p002_b256_e5_prior0p05,8,vi,global_test,,,10,0.6666666666666666,0.7333333333333333,87,0.9310344827586207,0.6875815323029442,0.2434529504556765,0.0021180406689643855,0.5910257224378914,0.20185660476657166
bayesfl_observability_v1,vi_lr0p002_b256_e5_prior0p05,8,vi,global_test,,,11,0.7333333333333333,0.8,3,0.6666666666666666,0.7634514768918356,0.09678481022516894,2.9035443067550682e-05,1.359990527232488,0.5405364160736402
bayesfl_observability_v1,vi_lr0p002_b256_e5_prior0p05,8,vi,global_test,,,12,0.8,0.8666666666666667,1,1.0,0.8134618401527405,0.18653815984725952,1.865381598472595e-05,0.206456258893013,0.03992442041635513
bayesfl_observability_v1,vi_lr0p002_b256_e5_prior0p05,8,vi,global_test,,,13,0.8666666666666667,0.9333333333333333,0,,,,,,
bayesfl_observability_v1,vi_lr0p002_b256_e5_prior0p05,8,vi,global_test,,,14,0.9333333333333333,1.0,0,,,,,,
bayesfl_observability_v1,vi_lr0p002_b256_e5_prior0p05,8,vi,global_test_mc,,,0,0.0,0.06666666666666667,0,,,,,,
bayesfl_observability_v1,vi_lr0p002_b256_e5_prior0p05,8,vi,global_test_mc,,,1,0.06666666666666667,0.13333333333333333,1,0.0,0.1261991709470749,0.1261991709470749,1.261991709470749e-05,2.115478754043579,0.8629129528999329
bayesfl_observability_v1,vi_lr0p002_b256_e5_prior0p05,8,vi,global_test_mc,,,2,0.13333333333333333,0.2,1094,0.30895795246800734,0.1808178196005673,0.12814013286744003,0.01401853053569794,1.9433085626396445,0.8259271599039081
bayesfl_observability_v1,vi_lr0p002_b256_e5_prior0p05,8,vi,global_test_mc,,,3,0.2,0.26666666666666666,2873,0.3818308388444135,0.23333528549713495,0.14849555334727854,0.042662772476673126,1.8082611088631586,0.7875552550865887
bayesfl_observability_v1,vi_lr0p002_b256_e5_prior0p05,8,vi,global_test_mc,,,4,0.26666666666666666,0.3333333333333333,2253,0.4234354194407457,0.2978683657716022,0.1255670536691435,0.028290257191658032,1.725821555163455,0.7569888945002583
bayesfl_observability_v1,vi_lr0p002_b256_e5_prior0p05,8,vi,global_test_mc,,,5,0.3333333333333333,0.4,1407,0.501776830135039,0.36379200986877097,0.13798482026626807,0.019414464211463915,1.6516186364085097,0.7160520029135774
bayesfl_observability_v1,vi_lr0p002_b256_e5_prior0p05,8,vi,global_test_mc,,,6,0.4,0.4666666666666667,930,0.5924731182795699,0.4310757544732863,0.16139736380628367,0.01500995483398438,1.524419815309586,0.6497709643456244
bayesfl_observability_v1,vi_lr0p002_b256_e5_prior0p05,8,vi,global_test_mc,,,7,0.4666666666666667,0.5333333333333333,633,0.7187993680884676,0.49786058383718673,0.22093878425128083,0.013985425043106077,1.2597251051410114,0.5273452434117949
bayesfl_observability_v1,vi_lr0p002_b256_e5_prior0p05,8,vi,global_test_mc,,,8,0.5333333333333333,0.6,443,0.8555304740406321,0.564413766021384,0.29111670801924805,0.012896470165252688,0.9070064381067694,0.36170480052181614
bayesfl_observability_v1,vi_lr0p002_b256_e5_prior0p05,8,vi,global_test_mc,,,9,0.6,0.6666666666666666,275,0.9309090909090909,0.6302950278195468,0.3006140630895441,0.008266886734962462,0.6524882247231223,0.23703447981314227
bayesfl_observability_v1,vi_lr0p002_b256_e5_prior0p05,8,vi,global_test_mc,,,10,0.6666666666666666,0.7333333333333333,87,0.9310344827586207,0.6875517190187826,0.24348276373983802,0.0021183000445365906,0.5910365838429024,0.2018648667753428
bayesfl_observability_v1,vi_lr0p002_b256_e5_prior0p05,8,vi,global_test_mc,,,11,0.7333333333333333,0.8,3,0.6666666666666666,0.7633999387423197,0.09673327207565308,2.9019981622695924e-05,1.3597193559010823,0.5404383676747481
bayesfl_observability_v1,vi_lr0p002_b256_e5_prior0p05,8,vi,global_test_mc,,,12,0.8,0.8666666666666667,1,1.0,0.8135504722595215,0.18644952774047852,1.8644952774047852e-05,0.20634731650352478,0.03988734632730484
bayesfl_observability_v1,vi_lr0p002_b256_e5_prior0p05,8,vi,global_test_mc,,,13,0.8666666666666667,0.9333333333333333,0,,,,,,
bayesfl_observability_v1,vi_lr0p002_b256_e5_prior0p05,8,vi,global_test_mc,,,14,0.9333333333333333,1.0,0,,,,,,
bayesfl_observability_v1,vi_lr0p002_b256_e5_prior0p05,9,vi,global_test,,,0,0.0,0.06666666666666667,0,,,,,,
bayesfl_observability_v1,vi_lr0p002_b256_e5_prior0p05,9,vi,global_test,,,1,0.06666666666666667,0.13333333333333333,8,0.125,0.1275362130254507,0.0025362130254507065,2.0289704203605652e-06,2.129918485879898,0.8664868846535683
bayesfl_observability_v1,vi_lr0p002_b256_e5_prior0p05,9,vi,global_test,,,2,0.13333333333333333,0.2,1425,0.3249122807017544,0.17835282852775172,0.14655945217400265,0.02088472193479538,1.9744230825859204,0.8311472976416873
bayesfl_observability_v1,vi_lr0p002_b256_e5_prior0p05,9,vi,global_test,,,3,0.2,0.26666666666666666,3124,0.42829705505761845,0.23227209104618557,0.19602496401143288,0.06123819875717163,1.8007567125764912,0.7801479133234744
bayesfl_observability_v1,vi_lr0p002_b256_e5_prior0p05,9,vi,global_test,,,4,0.26666666666666666,0.3333333333333333,2201,0.6269877328487051,0.29705480508834653,0.3299329277603586,0.07261823740005494,1.5582956230028386,0.6884748406000757
bayesfl_observability_v1,vi_lr0p002_b256_e5_prior0p05,9,vi,global_test,,,5,0.3333333333333333,0.4,1334,0.8148425787106447,0.3646271247556363,0.4502154539550084,0.06005874155759811,1.2538813747566142,0.5558468080174619
bayesfl_observability_v1,vi_lr0p002_b256_e5_prior0p05,9,vi,global_test,,,6,0.4,0.4666666666666667,743,0.9300134589502019,0.4308800979706673,0.49913336097953465,0.03708560872077942,0.9532126657574527,0.4177181197287738
bayesfl_observability_v1,vi_lr0p002_b256_e5_prior0p05,9,vi,global_test,,,7,0.4666666666666667,0.5333333333333333,457,0.9781181619256017,0.4991806709009918,0.47893749102461,0.021887443339824675,0.7340356067181677,0.30482386394976524
bayesfl_observability_v1,vi_lr0p002_b256_e5_prior0p05,9,vi,global_test,,,8,0.5333333333333333,0.6,338,0.985207100591716,0.567867521703596,0.41733957888812,0.014106077766418456,0.5976357608151859,0.22760744683841277
bayesfl_observability_v1,vi_lr0p002_b256_e5_prior0p05,9,vi,global_test,,,9,0.6,0.6666666666666666,248,0.9959677419354839,0.630433825235213,0.3655339167002709,0.00906524113416672,0.47395822982634267,0.16050763332074688
bayesfl_observability_v1,vi_lr0p002_b256_e5_prior0p05,9,vi,global_test,,,10,0.6666666666666666,0.7333333333333333,120,1.0,0.6870922754208247,0.31290772457917526,0.0037548926949501032,0.37553622350096705,0.11171065842111906
bayesfl_observability_v1,vi_lr0p002_b256_e5_prior0p05,9,vi,global_test,,,11,0.7333333333333333,0.8,2,1.0,0.7368899583816528,0.26311004161834717,5.2622008323669437e-05,0.3053200989961624,0.07854475826025009
bayesfl_observability_v1,vi_lr0p002_b256_e5_prior0p05,9,vi,global_test,,,12,0.8,0.8666666666666667,0,,,,,,
bayesfl_observability_v1,vi_lr0p002_b256_e5_prior0p05,9,vi,global_test,,,13,0.8666666666666667,0.9333333333333333,0,,,,,,
bayesfl_observability_v1,vi_lr0p002_b256_e5_prior0p05,9,vi,global_test,,,14,0.9333333333333333,1.0,0,,,,,,
bayesfl_observability_v1,vi_lr0p002_b256_e5_prior0p05,9,vi,global_test_mc,,,0,0.0,0.06666666666666667,0,,,,,,
bayesfl_observability_v1,vi_lr0p002_b256_e5_prior0p05,9,vi,global_test_mc,,,1,0.06666666666666667,0.13333333333333333,8,0.125,0.12753477040678263,0.002534770406782627,2.0278163254261017e-06,2.129853218793869,0.8664710223674774
bayesfl_observability_v1,vi_lr0p002_b256_e5_prior0p05,9,vi,global_test_mc,,,2,0.13333333333333333,0.2,1423,0.32466619817287423,0.17832204412593025,0.14634415404694398,0.02082477312088013,1.9749093997336071,0.8312899776520397
bayesfl_observability_v1,vi_lr0p002_b256_e5_prior0p05,9,vi,global_test_mc,,,3,0.2,0.26666666666666666,3126,0.42834293026231607,0.2322482321213547,0.19609469814096137,0.061299202638864514,1.8006391287307593,0.7801115982668261
bayesfl_observability_v1,vi_lr0p002_b256_e5_prior0p05,9,vi,global_test_mc,,,4,0.26666666666666666,0.3333333333333333,2201,0.6269877328487051,0.2970509363921433,0.3299367964565618,0.07261908890008925,1.5582911442865408,0.6884714269139777
bayesfl_observability_v1,vi_lr0p002_b256_e5_prior0p05,9,vi,global_test_mc,,,5,0.3333333333333333,0.4,1333,0.8147036759189797,0.36459563865933486,0.4501080372596449,0.05999940136671066,1.2541443394791874,0.5559553602809577
bayesfl_observability_v1,vi_lr0p002_b256_e5_prior0p05,9,vi,global_test_mc,,,6,0.4,0.4666666666666667,743,0.9300134589502019,0.4307822757181216,0.4992311832320803,0.03709287691414357,0.9534435720655511,0.4178510815266164
bayesfl_observability_v1,vi_lr0p002_b256_e5_prior0p05,9,vi,global_test_mc,,,7,0.4666666666666667,0.5333333333333333,458,0.9781659388646288,0.4990951686967408,0.47907077016788796,0.021941441273689268,0.7341222455928419,0.30487638269449424
bayesfl_observability_v1,vi_lr0p002_b256_e5_prior0p05,9,vi,global_test_mc,,,8,0.5333333333333333,0.6,339,0.9852507374631269,0.5679446384970066,0.41730609896612025,0.014146676754951477,0.5974114908229636,0.22748727151426243
bayesfl_observability_v1,vi_lr0p002_b256_e5_prior0p05,9,vi,global_test_mc,,,9,0.6,0.6666666666666666,248,0.9959677419354839,0.6306920488995891,0.3652756930358948,0.009058837187290192,0.47355046219402747,0.1602998458810391
bayesfl_observability_v1,vi_lr0p002_b256_e5_prior0p05,9,vi,global_test_mc,,,10,0.6666666666666666,0.7333333333333333,119,1.0,0.6872473619565242,0.31275263804347575,0.0037217563927173613,0.3753086824377044,0.11159323256055848
bayesfl_observability_v1,vi_lr0p002_b256_e5_prior0p05,9,vi,global_test_mc,,,11,0.7333333333333333,0.8,2,1.0,0.7369585931301117,0.2630414068698883,5.260828137397766e-05,0.30522698163986206,0.07850365340709686
bayesfl_observability_v1,vi_lr0p002_b256_e5_prior0p05,9,vi,global_test_mc,,,12,0.8,0.8666666666666667,0,,,,,,
bayesfl_observability_v1,vi_lr0p002_b256_e5_prior0p05,9,vi,global_test_mc,,,13,0.8666666666666667,0.9333333333333333,0,,,,,,
bayesfl_observability_v1,vi_lr0p002_b256_e5_prior0p05,9,vi,global_test_mc,,,14,0.9333333333333333,1.0,0,,,,,,
bayesfl_observability_v1,vi_lr0p002_b256_e5_prior0p05,10,vi,global_test,,,0,0.0,0.06666666666666667,0,,,,,,
bayesfl_observability_v1,vi_lr0p002_b256_e5_prior0p05,10,vi,global_test,,,1,0.06666666666666667,0.13333333333333333,1,1.0,0.1299290806055069,0.8700709193944931,8.700709193944932e-05,2.040766477584839,0.8493058085441589
bayesfl_observability_v1,vi_lr0p002_b256_e5_prior0p05,10,vi,global_test,,,2,0.13333333333333333,0.2,923,0.352112676056338,0.18061098872904918,0.17150168732728882,0.01582960574030876,1.9908900782708099,0.833283854719102
bayesfl_observability_v1,vi_lr0p002_b256_e5_prior0p05,10,vi,global_test,,,3,0.2,0.26666666666666666,2729,0.45144741663613047,0.23487071922822242,0.21657669740790805,0.059103780722618106,1.8260206716669571,0.7842278250760323
bayesfl_observability_v1,vi_lr0p002_b256_e5_prior0p05,10,vi,global_test,,,4,0.26666666666666666,0.3333333333333333,2406,0.6184538653366584,0.29832983161891785,0.3201240337177405,0.07702184251248836,1.6069935280783219,0.7007782892296934
bayesfl_observability_v1,vi_lr0p002_b256_e5_prior0p05,10,vi,global_test,,,5,0.3333333333333333,0.4,1510,0.8033112582781456,0.36353236057900434,0.4397788976991413,0.06640661355257033,1.312018980253611,0.5771374146669905
bayesfl_observability_v1,vi_lr0p002_b256_e5_prior0p05,10,vi,global_test,,,6,0.4,0.4666666666666667,1071,0.911297852474323,0.431060161911139,0.48023769056318405,0.05143345665931702,1.0158765242547214,0.44190559111166844
bayesfl_observability_v1,vi_lr0p002_b256_e5_prior0p05,10,vi,global_test,,,7,0.4666666666666667,0.5333333333333333,720,0.9638888888888889,0.49832985053459805,0.46555903835429086,0.03352025076150894,0.7726216946211126,0.3254502948787477
bayesfl_observability_v1,vi_lr0p002_b256_e5_prior0p05,10,vi,global_test,,,8,0.5333333333333333,0.6,431,0.9907192575406032,0.5623848483899907,0.4283344091506125,0.018461213034391397,0.5961523952174352,0.23236362013767048
bayesfl_observability_v1,vi_lr0p002_b256_e5_prior0p05,10,vi,global_test,,,9,0.6,0.6666666666666666,172,0.9883720930232558,0.6256069201369618,0.36276517288629395,0.006239560973644256,0.49927369869032573,0.17552342725008033
bayesfl_observability_v1,vi_lr0p002_b256_e5_prior0p05,10,vi,global_test,,,10,0.6666666666666666,0.7333333333333333,33,1.0,0.6911011880094354,0.30889881199056457,0.001019366079568863,0.3697625624411034,0.11077808227502939
bayesfl_observability_v1,vi_lr0p002_b256_e5_prior0p05,10,vi,global_test,,,11,0.7333333333333333,0.8,4,1.0,0.7609275281429291,0.23907247185707092,9.562898874282837e-05,0.27358680218458176,0.06558780837804079
bayesfl_observability_v1,vi_lr0p002_b256_e5_prior0p05,10,vi,global_test,,,12,0.8,0.8666666666666667,0,,,,,,
bayesfl_observability_v1,vi_lr0p002_b256_e5_prior0p05,10,vi,global_test,,,13,0.8666666666666667,0.9333333333333333,0,,,,,,
bayesfl_observability_v1,vi_lr0p002_b256_e5_prior0p05,10,vi,global_test,,,14,0.9333333333333333,1.0,0,,,,,,
bayesfl_observability_v1,vi_lr0p002_b256_e5_prior0p05,10,vi,global_test_mc,,,0,0.0,0.06666666666666667,0,,,,,,
bayesfl_observability_v1,vi_lr0p002_b256_e5_prior0p05,10,vi,global_test_mc,,,1,0.06666666666666667,0.13333333333333333,1,1.0,0.12994754314422607,0.8700524568557739,8.700524568557739e-05,2.0406243801116943,0.8492686748504639
bayesfl_observability_v1,vi_lr0p002_b256_e5_prior0p05,10,vi,global_test_mc,,,2,0.13333333333333333,0.2,928,0.35344827586206895,0.18071670753174815,0.1727315683303208,0.01602948954105377,1.9914355103311867,0.8333514833758617
bayesfl_observability_v1,vi_lr0p002_b256_e5_prior0p05,10,vi,global_test_mc,,,3,0.2,0.26666666666666666,2723,0.4513404333455747,0.23492322824389192,0.2164172051016828,0.058930404949188234,1.8257489249936545,0.7841912522457822
bayesfl_observability_v1,vi_lr0p002_b256_e5_prior0p05,10,vi,global_test_mc,,,4,0.26666666666666666,0.3333333333333333,2405,0.6182952182952183,0.2982874135589401,0.32000780473627816,0.0769618770390749,1.6073056445548044,0.7008936646326663
bayesfl_observability_v1,vi_lr0p002_b256_e5_prior0p05,10,vi,global_test_mc,,,5,0.3333333333333333,0.4,1512,0.8035714285714286,0.36349369293798217,0.44007773563344643,0.0665397536277771,1.3117335839246316,0.5770562325835858
bayesfl_observability_v1,vi_lr0p002_b256_e5_prior0p05,10,vi,global_test_mc,,,6,0.4,0.4666666666666667,1071,0.911297852474323,0.43106038073976943,0.4802374717345536,0.05143343322277069,1.0158741289382778,0.4419047373906126
bayesfl_observability_v1,vi_lr0p002_b256_e5_prior0p05,10,vi,global_test_mc,,,7,0.4666666666666667,0.5333333333333333,720,0.9638888888888889,0.4983285976780785,0.4655602912108104,0.03352034096717835,0.7726289315356148,0.32545226576427616
bayesfl_observability_v1,vi_lr0p002_b256_e5_prior0p05,10,vi,global_test_mc,,,8,0.5333333333333333,0.6,432,0.9907407407407407,0.5624757516715262,0.4282649890692145,0.018501047527790068,0.5959522551684467,0.23224471167971691
bayesfl_observability_v1,vi_lr0p002_b256_e5_prior0p05,10,vi,global_test_mc,,,9,0.6,0.6666666666666666,171,0.9883040935672515,0.6257787566435965,0.36252533692365496,0.0061991832613945,0.4991705327006111,0.17546735817228842
bayesfl_observability_v1,vi_lr0p002_b256_e5_prior0p05,10,vi,global_test_mc,,,10,0.6666666666666666,0.7333333333333333,33,1.0,0.6911366545792782,0.3088633454207218,0.001019249039888382,0.3697112934155898,0.11075196144255725
bayesfl_observability_v1,vi_lr0p002_b256_e5_prior0p05,10,vi,global_test_mc,,,11,0.7333333333333333,0.8,4,1.0,0.7609866559505463,0.23901334404945374,9.56053376197815e-05,0.27350661158561707,0.0655527813360095
bayesfl_observability_v1,vi_lr0p002_b256_e5_prior0p05,10,vi,global_test_mc,,,12,0.8,0.8666666666666667,0,,,,,,
bayesfl_observability_v1,vi_lr0p002_b256_e5_prior0p05,10,vi,global_test_mc,,,13,0.8666666666666667,0.9333333333333333,0,,,,,,
bayesfl_observability_v1,vi_lr0p002_b256_e5_prior0p05,10,vi,global_test_mc,,,14,0.9333333333333333,1.0,0,,,,,,
bayesfl_observability_v1,vi_lr0p002_b256_e5_prior0p05,11,vi,global_test,,,0,0.0,0.06666666666666667,0,,,,,,
bayesfl_observability_v1,vi_lr0p002_b256_e5_prior0p05,11,vi,global_test,,,1,0.06666666666666667,0.13333333333333333,10,0.2,0.13008948490023614,0.06991051509976387,6.991051509976387e-05,2.1628520488739014,0.8744907200336456
bayesfl_observability_v1,vi_lr0p002_b256_e5_prior0p05,11,vi,global_test,,,2,0.13333333333333333,0.2,1065,0.3511737089201878,0.17839864509206424,0.17277506382812355,0.018400544297695158,1.9287516620797172,0.8212372092573855
bayesfl_observability_v1,vi_lr0p002_b256_e5_prior0p05,11,vi,global_test,,,3,0.2,0.26666666666666666,2412,0.5132669983416253,0.2333551627610058,0.2799118355806195,0.06751473474204543,1.6795187782786576,0.7492291381208853
bayesfl_observability_v1,vi_lr0p002_b256_e5_prior0p05,11,vi,global_test,,,4,0.26666666666666666,0.3333333333333333,2195,0.655125284738041,0.29851499753823857,0.3566102871998024,0.07827595804035664,1.4062398516778793,0.6528670271599755
bayesfl_observability_v1,vi_lr0p002_b256_e5_prior0p05,11,vi,global_test,,,5,0.3333333333333333,0.4,1556,0.7892030848329049,0.3649840981610943,0.4242189866718106,0.06600847432613373,1.1727170991713713,0.5493351768098944
bayesfl_observability_v1,vi_lr0p002_b256_e5_prior0p05,11,vi,global_test,,,6,0.4,0.4666666666666667,1003,0.8943170488534397,0.4314684656301025,0.46284858322333716,0.04642371289730071,0.9515360411951097,0.4311344630696838
bayesfl_observability_v1,vi_lr0p002_b256_e5_prior0p05,11,vi,global_test,,,7,0.4666666666666667,0.5333333333333333,774,0.9289405684754521,0.4979254244525919,0.43101514402286023,0.03336057214736938,0.8180661641966157,0.34782409282925825
bayesfl_observability_v1,vi_lr0p002_b256_e5_prior0p05,11,vi,global_test,,,8,0.5333333333333333,0.6,518,0.9633204633204633,0.5638109874771369,0.3995094758433264,0.02069459084868431,0.6403863952426837,0.25511546165441457
bayesfl_observability_v1,vi_lr0p002_b256_e5_prior0p05,11,vi,global_test,,,9,0.6,0.6666666666666666,284,0.971830985915493,0.6260059551453926,0.3458250307701004,0.009821430873870851,0.5344033792195185,0.1953786697081277
bayesfl_observability_v1,vi_lr0p002_b256_e5_prior0p05,11,vi,global_test,,,10,0.6666666666666666,0.7333333333333333,129,0.9767441860465116,0.6969768830048021,0.2797673030417095,0.003608998209238052,0.4291568155898604,0.13991302176732426
bayesfl_observability_v1,vi_lr0p002_b256_e5_prior0p05,11,vi,global_test,,,11,0.7333333333333333,0.8,43,1.0,0.7572072342384694,0.24279276576153064,0.0010440088927745818,0.2784240606219269,0.07154084672761518
bayesfl_observability_v1,vi_lr0p002_b256_e5_prior0p05,11,vi,global_test,,,12,0.8,0.8666666666666667,11,1.0,0.8098257996819236,0.19017420031807641,0.00020919162034988402,0.2109867510470477,0.044989042322744026
bayesfl_observability_v1,vi_lr0p002_b256_e5_prior0p05,11,vi,global_test,,,13,0.8666666666666667,0.9333333333333333,0,,,,,,
bayesfl_observability_v1,vi_lr0p002_b256_e5_prior0p05,11,vi,global_test,,,14,0.9333333333333333,1.0,0,,,,,,
bayesfl_observability_v1,vi_lr0p002_b256_e5_prior0p05,11,vi,global_test_mc,,,0,0.0,0.06666666666666667,0,,,,,,
bayesfl_observability_v1,vi_lr0p002_b256_e5_prior0p05,11,vi,global_test_mc,,,1,0.06666666666666667,0.13333333333333333,10,0.2,0.1300925426185131,0.0699074573814869,6.99074573814869e-05,2.16286153793335,0.87449352145195
bayesfl_observability_v1,vi_lr0p002_b256_e5_prior0p05,11,vi,global_test_mc,,,2,0.13333333333333333,0.2,1065,0.3511737089201878,0.17840178337455356,0.17277192554563423,0.018400210070610046,1.9287468502778962,0.8212355811830977
bayesfl_observability_v1,vi_lr0p002_b256_e5_prior0p05,11,vi,global_test_mc,,,3,0.2,0.26666666666666666,2412,0.513681592039801,0.23335704028878243,0.28032455175101856,0.06761428188234568,1.6795142192646837,0.749228482791045
bayesfl_observability_v1,vi_lr0p002_b256_e5_prior0p05,11,vi,global_test_mc,,,4,0.26666666666666666,0.3333333333333333,2193,0.6548107615139079,0.29848517217268644,0.3563255893412215,0.07814220174252987,1.4065155374150378,0.6529576175026952
bayesfl_observability_v1,vi_lr0p002_b256_e5_prior0p05,11,vi,global_test_mc,,,5,0.3333333333333333,0.4,1558,0.7894736842105263,0.36494516664506227,0.42452851756546406,0.0661415430366993,1.1726151894543688,0.5493335488212889
bayesfl_observability_v1,vi_lr0p002_b256_e5_prior0p05,11,vi,global_test_mc,,,6,0.4,0.4666666666666667,1003,0.8943170488534397,0.43146972879693135,0.4628473200565083,0.04642358620166778,0.9515209820786359,0.4311309695124983
bayesfl_observability_v1,vi_lr0p002_b256_e5_prior0p05,11,vi,global_test_mc,,,7,0.4666666666666667,0.5333333333333333,774,0.9289405684754521,0.49793141264016005,0.4310091558352921,0.03336010866165161,0.8180538760907274,0.34781202681612905
bayesfl_observability_v1,vi_lr0p002_b256_e5_prior0p05,11,vi,global_test_mc,,,8,0.5333333333333333,0.6,518,0.9633204633204633,0.5638141242003348,0.39950633912012845,0.020694428366422653,0.6403756291249544,0.25508581475861747
bayesfl_observability_v1,vi_lr0p002_b256_e5_prior0p05,11,vi,global_test_mc,,,9,0.6,0.6666666666666666,284,0.971830985915493,0.6260184190222915,0.3458125668932015,0.009821076899766922,0.5343749922975688,0.19540472260453332
bayesfl_observability_v1,vi_lr0p002_b256_e5_prior0p05,11,vi,global_test_mc,,,10,0.6666666666666666,0.7333333333333333,129,0.9767441860465116,0.6969831012940222,0.2797610847524894,0.003608917993307113,0.4291365091190782,0.13990412519652715
bayesfl_observability_v1,vi_lr0p002_b256_e5_prior0p05,11,vi,global_test_mc,,,11,0.7333333333333333,0.8,43,1.0,0.7572173337603725,0.24278266623962752,0.0010439654648303983,0.2784101041250451,0.07153492732796558
bayesfl_observability_v1,vi_lr0p002_b256_e5_prior0p05,11,vi,global_test_mc,,,12,0.8,0.8666666666666667,11,1.0,0.8097899122671648,0.1902100877328352,0.00020923109650611873,0.2110317051410675,0.0450087921185927
bayesfl_observability_v1,vi_lr0p002_b256_e5_prior0p05,11,vi,global_test_mc,,,13,0.8666666666666667,0.9333333333333333,0,,,,,,
bayesfl_observability_v1,vi_lr0p002_b256_e5_prior0p05,11,vi,global_test_mc,,,14,0.9333333333333333,1.0,0,,,,,,
bayesfl_observability_v1,vi_lr0p002_b256_e5_prior0p05,12,vi,global_test,,,0,0.0,0.06666666666666667,0,,,,,,
bayesfl_observability_v1,vi_lr0p002_b256_e5_prior0p05,12,vi,global_test,,,1,0.06666666666666667,0.13333333333333333,6,0.3333333333333333,0.12859157721201578,0.20474175612131754,0.00012284505367279053,2.1762437423070273,0.8754064838091532
bayesfl_observability_v1,vi_lr0p002_b256_e5_prior0p05,12,vi,global_test,,,2,0.13333333333333333,0.2,758,0.3337730870712401,0.17869773373440262,0.15507535333683747,0.01175471178293228,1.9533489769555648,0.8269223301895061
bayesfl_observability_v1,vi_lr0p002_b256_e5_prior0p05,12,vi,global_test,,,3,0.2,0.26666666666666666,1971,0.5139523084728564,0.23510328299620623,0.27884902547665025,0.05496114292144776,1.678899328579218,0.7489745489901423
bayesfl_observability_v1,vi_lr0p002_b256_e5_prior0p05,12,vi,global_test,,,4,0.26666666666666666,0.3333333333333333,1891,0.6388154415653093,0.29778349974809787,0.34103194181721147,0.06448914019763469,1.4366009931347472,0.6648610490204354
bayesfl_observability_v1,vi_lr0p002_b256_e5_prior0p05,12,vi,global_test,,,5,0.3333333333333333,0.4,1370,0.7386861313868613,0.36500406561106663,0.3736820657757947,0.051194443011283876,1.2318557439929378,0.5725715854742232
bayesfl_observability_v1,vi_lr0p002_b256_e5_prior0p05,12,vi,global_test,,,6,0.4,0.4666666666666667,1027,0.8529698149951315,0.43152596400334287,0.4214438509917886,0.04328228349685669,1.0212670273302593,0.46317352408211326
bayesfl_observability_v1,vi_lr0p002_b256_e5_prior0p05,12,vi,global_test,,,7,0.4666666666666667,0.5333333333333333,746,0.9235924932975871,0.4978958448200379,0.4256966484775492,0.03175696997642517,0.8011089483470764,0.34812693501605424
bayesfl_observability_v1,vi_lr0p002_b256_e5_prior0p05,12,vi,global_test,,,8,0.5333333333333333,0.6,646,0.9520123839009288,0.5649955453518375,0.3870168385490913,0.0250012877702713,0.6540943356490356,0.2637512344324921
bayesfl_observability_v1,vi_lr0p002_b256_e5_prior0p05,12,vi,global_test,,,9,0.6,0.6666666666666666,629,0.9904610492845787,0.6329635520049612,0.35749749727961744,0.022486592578887937,0.4795751207773181,0.16741550357239424
bayesfl_observability_v1,vi_lr0p002_b256_e5_prior0p05,12,vi,global_test,,,10,0.6666666666666666,0.7333333333333333,509,0.9960707269155207,0.6980542856724182,0.29801644124310245,0.015169036859273913,0.3707147122366255,0.11068742624200398
bayesfl_observability_v1,vi_lr0p002_b256_e5_prior0p05,12,vi,global_test,,,11,0.7333333333333333,0.8,361,1.0,0.7623786153555577,0.23762138464444227,0.008578131985664367,0.2715902823820669,0.06560441174665646
bayesfl_observability_v1,vi_lr0p002_b256_e5_prior0p05,12,vi,global_test,,,12,0.8,0.8666666666666667,83,1.0,0.8204899193292641,0.17951008067073593,0.001489933669567108,0.1980671198612236,0.03776097528815987
bayesfl_observability_v1,vi_lr0p002_b256_e5_prior0p05,12,vi,global_test,,,13,0.8666666666666667,0.9333333333333333,3,1.0,0.870923658212026,0.129076341787974,3.87229025363922e-05,0.13820400337378183,0.019617530206839245
bayesfl_observability_v1,vi_lr0p002_b256_e5_prior0p05,12,vi,global_test,,,14,0.9333333333333333,1.0,0,,,,,,
bayesfl_observability_v1,vi_lr0p002_b256_e5_prior0p05,12,vi,global_test_mc,,,0,0.0,0.06666666666666667,0,,,,,,
bayesfl_observability_v1,vi_lr0p002_b256_e5_prior0p05,12,vi,global_test_mc,,,1,0.06666666666666667,0.13333333333333333,6,0.3333333333333333,0.12858717888593674,0.20474615444739658,0.00012284769266843795,2.176186998685201,0.8753963112831116
bayesfl_observability_v1,vi_lr0p002_b256_e5_prior0p05,12,vi,global_test_mc,,,2,0.13333333333333333,0.2,757,0.3342140026420079,0.17867059389540194,0.15554340874660597,0.011774636042118071,1.9528101772424251,0.8267658248130365
bayesfl_observability_v1,vi_lr0p002_b256_e5_prior0p05,12,vi,global_test_mc,,,3,0.2,0.26666666666666666,1971,0.5134449518011162,0.23506799825613175,0.2783769535449844,0.05486809754371642,1.6794195402581822,0.7491308790000788
bayesfl_observability_v1,vi_lr0p002_b256_e5_prior0p05,12,vi,global_test_mc,,,4,0.26666666666666666,0.3333333333333333,1891,0.6388154415653093,0.2977490522034391,0.3410663893618702,0.06449565422832966,1.436745217147799,0.6649230976762878
bayesfl_observability_v1,vi_lr0p002_b256_e5_prior0p05,12,vi,global_test_mc,,,5,0.3333333333333333,0.4,1371,0.7388767323121809,0.36497497106450566,0.3739017612476752,0.05126193146705627,1.2317852810470837,0.5725641487116018
bayesfl_observability_v1,vi_lr0p002_b256_e5_prior0p05,12,vi,global_test_mc,,,6,0.4,0.4666666666666667,1027,0.8529698149951315,0.4315247702853937,0.42144504470973776,0.04328240609169007,1.0212705922335705,0.4631748538402643
bayesfl_observability_v1,vi_lr0p002_b256_e5_prior0p05,12,vi,global_test_mc,,,7,0.4666666666666667,0.5333333333333333,746,0.9235924932975871,0.4979011162356461,0.425691377061941,0.0317565767288208,0.8011051732797085,0.348134709746844
bayesfl_observability_v1,vi_lr0p002_b256_e5_prior0p05,12,vi,global_test_mc,,,8,0.5333333333333333,0.6,646,0.9520123839009288,0.5649939517118613,0.3870184321890675,0.02500139071941376,0.6540945535842848,0.26374184504012943
bayesfl_observability_v1,vi_lr0p002_b256_e5_prior0p05,12,vi,global_test_mc,,,9,0.6,0.6666666666666666,628,0.9904458598726115,0.6329186554926975,0.3575272043799139,0.022452708435058595,0.4796787792709982,0.16746673813671065
bayesfl_observability_v1,vi_lr0p002_b256_e5_prior0p05,12,vi,global_test_mc,,,10,0.6666666666666666,0.7333333333333333,509,0.9960707269155207,0.6979328730017357,0.298137853913785,0.015175216764211658,0.3708884290955624,0.11077685162337216
bayesfl_observability_v1,vi_lr0p002_b256_e5_prior0p05,12,vi,global_test_mc,,,11,0.7333333333333333,0.8,363,1.0,0.7624025752064939,0.2375974247935061,0.008624786520004271,0.27156260831296936,0.06559420255918477
bayesfl_observability_v1,vi_lr0p002_b256_e5_prior0p05,12,vi,global_test_mc,,,12,0.8,0.8666666666666667,82,1.0,0.820750512000991,0.17924948799900897,0.0014698458015918736,0.19774809352508405,0.03765465071561133
bayesfl_observability_v1,vi_lr0p002_b256_e5_prior0p05,12,vi,global_test_mc,,,13,0.8666666666666667,0.9333333333333333,3,1.0,0.8708760937054952,0.12912390629450476,3.873717188835143e-05,0.13825861612955728,0.019631770129005115
bayesfl_observability_v1,vi_lr0p002_b256_e5_prior0p05,12,vi,global_test_mc,,,14,0.9333333333333333,1.0,0,,,,,,
bayesfl_observability_v1,vi_lr0p002_b256_e5_prior0p05,13,vi,global_test,,,0,0.0,0.06666666666666667,0,,,,,,
bayesfl_observability_v1,vi_lr0p002_b256_e5_prior0p05,13,vi,global_test,,,1,0.06666666666666667,0.13333333333333333,2,0.5,0.1290666162967682,0.3709333837032318,7.418667674064636e-05,2.0967780351638794,0.8590559363365173
bayesfl_observability_v1,vi_lr0p002_b256_e5_prior0p05,13,vi,global_test,,,2,0.13333333333333333,0.2,617,0.3500810372771475,0.1788927554311397,0.17118828184600782,0.01056231698989868,1.9395326992294584,0.8240361418484482
bayesfl_observability_v1,vi_lr0p002_b256_e5_prior0p05,13,vi,global_test,,,3,0.2,0.26666666666666666,1948,0.46149897330595485,0.2354065665412977,0.22609240676465714,0.044042800837755205,1.6835499834842995,0.754248628014167
bayesfl_observability_v1,vi_lr0p002_b256_e5_prior0p05,13,vi,global_test,,,4,0.26666666666666666,0.3333333333333333,1906,0.6348373557187827,0.2989006137547688,0.33593674196401396,0.06402954301834106,1.4335212469851484,0.6640209963414251
bayesfl_observability_v1,vi_lr0p002_b256_e5_prior0p05,13,vi,global_test,,,5,0.3333333333333333,0.4,1437,0.7536534446764092,0.36632467058688795,0.3873287740895212,0.0556591448366642,1.2075449235752878,0.5662767564412531
bayesfl_observability_v1,vi_lr0p002_b256_e5_prior0p05,13,vi,global_test,,,6,0.4,0.4666666666666667,1041,0.8328530259365994,0.43162404861047104,0.40122897732612833,0.041767936539649955,1.016851912772392,0.4698221154446561
bayesfl_observability_v1,vi_lr0p002_b256_e5_prior0p05,13,vi,global_test,,,7,0.4666666666666667,0.5333333333333333,765,0.9032679738562092,0.4977480739160301,0.40551989994017906,0.0310222723454237,0.8230268066225488,0.3644041572520935
bayesfl_observability_v1,vi_lr0p002_b256_e5_prior0p05,13,vi,global_test,,,8,0.5333333333333333,0.6,574,0.9634146341463414,0.5641439808370344,0.399270653309307,0.02291813549995422,0.6297889038245437,0.25410181470864324
bayesfl_observability_v1,vi_lr0p002_b256_e5_prior0p05,13,vi,global_test,,,9,0.6,0.6666666666666666,551,0.9818511796733213,0.6330571962138486,0.34879398345947266,0.019218548488616944,0.5033867620404965,0.1783860931595527
bayesfl_observability_v1,vi_lr0p002_b256_e5_prior0p05,13,vi,global_test,,,10,0.6666666666666666,0.7333333333333333,490,0.9877551020408163,0.697379756946953,0.2903753450938633,0.014228391909599302,0.39098595137498815,0.12281518298752454
bayesfl_observability_v1,vi_lr0p002_b256_e5_prior0p05,13,vi,global_test,,,11,0.7333333333333333,0.8,433,0.9953810623556582,0.7646574340846742,0.23072362827098392,0.009990333104133603,0.28364056665407317,0.0718058036601571
bayesfl_observability_v1,vi_lr0p002_b256_e5_prior0p05,13,vi,global_test,,,12,0.8,0.8666666666666667,223,1.0,0.8255005473513239,0.17449945264867606,0.003891337794065476,0.19199051804873976,0.03620499149466042
bayesfl_observability_v1,vi_lr0p002_b256_e5_prior0p05,13,vi,global_test,,,13,0.8666666666666667,0.9333333333333333,13,1.0,0.8864925778829135,0.11350742211708653,0.00014755964875221247,0.12058286999280636,0.015954968591149036
bayesfl_observability_v1,vi_lr0p002_b256_e5_prior0p05,13,vi,global_test,,,14,0.9333333333333333,1.0,0,,,,,,
bayesfl_observability_v1,vi_lr0p002_b256_e5_prior0p05,13,vi,global_test_mc,,,0,0.0,0.06666666666666667,0,,,,,,
bayesfl_observability_v1,vi_lr0p002_b256_e5_prior0p05,13,vi,global_test_mc,,,1,0.06666666666666667,0.13333333333333333,2,0.5,0.12903672456741333,0.37096327543258667,7.419265508651734e-05,2.096636414527893,0.8590219616889954
bayesfl_observability_v1,vi_lr0p002_b256_e5_prior0p05,13,vi,global_test_mc,,,2,0.13333333333333333,0.2,617,0.35170178282009723,0.178890200980865,0.17281158183923223,0.010662474599480628,1.93876352147886,0.8237805302757498
bayesfl_observability_v1,vi_lr0p002_b256_e5_prior0p05,13,vi,global_test_mc,,,3,0.2,0.26666666666666666,1950,0.46102564102564103,0.2354391126602124,0.22558652836542864,0.043989373031258584,1.683425612571912,0.7542031395740998
bayesfl_observability_v1,vi_lr0p002_b256_e5_prior0p05,13,vi,global_test_mc,,,4,0.26666666666666666,0.3333333333333333,1905,0.6351706036745407,0.29895272980837684,0.33621787386616386,0.06404950497150422,1.4334587149732694,0.6639841283087342
bayesfl_observability_v1,vi_lr0p002_b256_e5_prior0p05,13,vi,global_test_mc,,,5,0.3333333333333333,0.4,1435,0.7533101045296168,0.36632846041423517,0.3869816441153816,0.05553186593055726,1.2078125053166513,0.5663953963887816
bayesfl_observability_v1,vi_lr0p002_b256_e5_prior0p05,13,vi,global_test_mc,,,6,0.4,0.4666666666666667,1042,0.8330134357005758,0.4315893930345488,0.40142404266602705,0.041828385245800015,1.0167562517689652,0.4697720151029942
bayesfl_observability_v1,vi_lr0p002_b256_e5_prior0p05,13,vi,global_test_mc,,,7,0.4666666666666667,0.5333333333333333,765,0.9032679738562092,0.4977483523826973,0.40551962147351184,0.031022251042723655,0.8230238002889296,0.36440024391498443
bayesfl_observability_v1,vi_lr0p002_b256_e5_prior0p05,13,vi,global_test_mc,,,8,0.5333333333333333,0.6,574,0.9634146341463414,0.5641461594179532,0.3992684747283882,0.022918010449409484,0.6297809330013155,0.2540989927298516
bayesfl_observability_v1,vi_lr0p002_b256_e5_prior0p05,13,vi,global_test_mc,,,9,0.6,0.6666666666666666,551,0.9818511796733213,0.6330562799682202,0.348794899705101,0.019218598973751066,0.5033823884550327,0.17838670527004719
bayesfl_observability_v1,vi_lr0p002_b256_e5_prior0p05,13,vi,global_test_mc,,,10,0.6666666666666666,0.7333333333333333,490,0.9877551020408163,0.6973818185378095,0.29037328350300684,0.014228290891647335,0.39097979117412957,0.12281348084916874
bayesfl_observability_v1,vi_lr0p002_b256_e5_prior0p05,13,vi,global_test_mc,,,11,0.7333333333333333,0.8,433,0.9953810623556582,0.7646604652492884,0.23072059710636972,0.009990201854705809,0.2836351879199162,0.07180404470368841
bayesfl_observability_v1,vi_lr0p002_b256_e5_prior0p05,13,vi,global_test_mc,,,12,0.8,0.8666666666666667,223,1.0,0.8255094936610338,0.17449050633896623,0.003891138291358947,0.19197967621777623,0.03620130490227665
bayesfl_observability_v1,vi_lr0p002_b256_e5_prior0p05,13,vi,global_test_mc,,,13,0.8666666666666667,0.9333333333333333,13,1.0,0.8864926604124216,0.11350733958757842,0.00014755954146385193,0.12058304020991692,0.015954946669248436
bayesfl_observability_v1,vi_lr0p002_b256_e5_prior0p05,13,vi,global_test_mc,,,14,0.9333333333333333,1.0,0,,,,,,
bayesfl_observability_v1,vi_lr0p002_b256_e5_prior0p05,14,vi,global_test,,,0,0.0,0.06666666666666667,0,,,,,,
bayesfl_observability_v1,vi_lr0p002_b256_e5_prior0p05,14,vi,global_test,,,1,0.06666666666666667,0.13333333333333333,3,0.3333333333333333,0.1270032301545143,0.206330103178819,6.18990309536457e-05,2.229469060897827,0.8894861936569214
bayesfl_observability_v1,vi_lr0p002_b256_e5_prior0p05,14,vi,global_test,,,2,0.13333333333333333,0.2,557,0.3500897666068223,0.1797625846505379,0.17032718195628438,0.00948722403496504,1.9137837751977533,0.8195456549980054
bayesfl_observability_v1,vi_lr0p002_b256_e5_prior0p05,14,vi,global_test,,,3,0.2,0.26666666666666666,1912,0.5026150627615062,0.23531118627622039,0.26730387648528586,0.05110850118398666,1.643872317908698,0.7443140415965762
bayesfl_observability_v1,vi_lr0p002_b256_e5_prior0p05,14,vi,global_test,,,4,0.26666666666666666,0.3333333333333333,1858,0.6415500538213132,0.29851017749604675,0.3430398763252665,0.0637368090212345,1.4152918349554515,0.6600096366890537
bayesfl_observability_v1,vi_lr0p002_b256_e5_prior0p05,14,vi,global_test,,,5,0.3333333333333333,0.4,1300,0.7753846153846153,0.3643325424194336,0.41105207296518176,0.053436769485473636,1.1905599843538723,0.5586452748225286
bayesfl_observability_v1,vi_lr0p002_b256_e5_prior0p05,14,vi,global_test,,,6,0.4,0.4666666666666667,996,0.8544176706827309,0.4318858254626094,0.4225318452201215,0.0420841717839241,1.0054338471477768,0.46099213435946695
bayesfl_observability_v1,vi_lr0p002_b256_e5_prior0p05,14,vi,global_test,,,7,0.4666666666666667,0.5333333333333333,779,0.9229781771501926,0.49944804553349,0.4235301316167026,0.03299299725294113,0.8151842274622985,0.3557023154679251
bayesfl_observability_v1,vi_lr0p002_b256_e5_prior0p05,14,vi,global_test,,,8,0.5333333333333333,0.6,712,0.9620786516853933,0.5642615970266,0.39781705465879336,0.028324574291706085,0.6434859504525581,0.26030659742569656
bayesfl_observability_v1,vi_lr0p002_b256_e5_prior0p05,14,vi,global_test,,,9,0.6,0.6666666666666666,589,0.9881154499151104,0.6325185005450289,0.35559694937008146,0.020944660317897795,0.4837739171115571,0.17384571788266479
bayesfl_observability_v1,vi_lr0p002_b256_e5_prior0p05,14,vi,global_test,,,10,0.6666666666666666,0.7333333333333333,485,0.9958762886597938,0.6992667788082791,0.2966095098515147,0.014385561227798462,0.3687168797266852,0.11181287685620415
bayesfl_observability_v1,vi_lr0p002_b256_e5_prior0p05,14,vi,global_test,,,11,0.7333333333333333,0.8,402,0.9925373134328358,0.7647560191391712,0.22778129429366456,0.009156808030605314,0.2893065687880587,0.07504571952036958
bayesfl_observability_v1,vi_lr0p002_b256_e5_prior0p05,14,vi,global_test,,,12,0.8,0.8666666666666667,309,0.9967637540453075,0.8331675733948989,0.1635961806504086,0.0050551219820976255,0.1958951617811104,0.03734751341074802
bayesfl_observability_v1,vi_lr0p002_b256_e5_prior0p05,14,vi,global_test,,,13,0.8666666666666667,0.9333333333333333,98,1.0,0.8817204577582223,0.11827954224177772,0.0011591395139694217,0.12596160538342535,0.016166037708824993
bayesfl_observability_v1,vi_lr0p002_b256_e5_prior0p05,14,vi,global_test,,,14,0.9333333333333333,1.0,0,,,,,,
bayesfl_observability_v1,vi_lr0p002_b256_e5_prior0p05,14,vi,global_test_mc,,,0,0.0,0.06666666666666667,0,,,,,,
bayesfl_observability_v1,vi_lr0p002_b256_e5_prior0p05,14,vi,global_test_mc,,,1,0.06666666666666667,0.13333333333333333,3,0.3333333333333333,0.12698900202910104,0.20634433130423227,6.190329939126969e-05,2.2297212282816568,0.8895427783330282
bayesfl_observability_v1,vi_lr0p002_b256_e5_prior0p05,14,vi,global_test_mc,,,2,0.13333333333333333,0.2,558,0.34946236559139787,0.17980106642276156,0.16966129916863631,0.009467100493609907,1.9135296135393094,0.8195171581587911
bayesfl_observability_v1,vi_lr0p002_b256_e5_prior0p05,14,vi,global_test_mc,,,3,0.2,0.26666666666666666,1912,0.5036610878661087,0.23534654065280777,0.26831454721330095,0.05130174142718314,1.643642284131948,0.744211918140555
bayesfl_observability_v1,vi_lr0p002_b256_e5_prior0p05,14,vi,global_test_mc,,,4,0.26666666666666666,0.3333333333333333,1858,0.6415500538213132,0.2985436978586523,0.34300635596266094,0.0637305809378624,1.415185997637532,0.6599620873242841
bayesfl_observability_v1,vi_lr0p002_b256_e5_prior0p05,14,vi,global_test_mc,,,5,0.3333333333333333,0.4,1299,0.775211701308699,0.3643538634349421,0.4108578378737569,0.05337043313980103,1.1906477478121316,0.5586953607313995
bayesfl_observability_v1,vi_lr0p002_b256_e5_prior0p05,14,vi,global_test_mc,,,6,0.4,0.4666666666666667,996,0.8544176706827309,0.4318779096545943,0.42253976102813656,0.042084960198402396,1.0054497058133045,0.461002451348975
bayesfl_observability_v1,vi_lr0p002_b256_e5_prior0p05,14,vi,global_test_mc,,,7,0.4666666666666667,0.5333333333333333,780,0.9230769230769231,0.4994839868484399,0.4235929362284832,0.03304024902582169,0.814971907933553,0.35560790957548677
bayesfl_observability_v1,vi_lr0p002_b256_e5_prior0p05,14,vi,global_test_mc,,,8,0.5333333333333333,0.6,709,0.9619181946403385,0.5641925899871482,0.3977256046531903,0.028198745369911193,0.6438990384130114,0.2605035058702165
bayesfl_observability_v1,vi_lr0p002_b256_e5_prior0p05,14,vi,global_test_mc,,,9,0.6,0.6666666666666666,591,0.988155668358714,0.6323985793263779,0.35575708903233616,0.021025243961811067,0.48387779661039815,0.17390226521064384
bayesfl_observability_v1,vi_lr0p002_b256_e5_prior0p05,14,vi,global_test_mc,,,10,0.6666666666666666,0.7333333333333333,485,0.9958762886597938,0.6992633598366963,0.29661292882309753,0.01438572704792023,0.3687218398162999,0.11181534670062901
bayesfl_observability_v1,vi_lr0p002_b256_e5_prior0p05,14,vi,global_test_mc,,,11,0.7333333333333333,0.8,402,0.9925373134328358,0.7647490548850292,0.2277882585478066,0.009157087993621825,0.28931664382640404,0.07504979176307792
bayesfl_observability_v1,vi_lr0p002_b256_e5_prior0p05,14,vi,global_test_mc,,,12,0.8,0.8666666666666667,309,0.9967637540453075,0.833173101388135,0.16359065265717243,0.005054951167106628,0.19588595715541285,0.03734528419221103
bayesfl_observability_v1,vi_lr0p002_b256_e5_prior0p05,14,vi,global_test_mc,,,13,0.8666666666666667,0.9333333333333333,98,1.0,0.8817172841149934,0.1182827158850066,0.0011591706156730648,0.1259652579165235,0.016166955869340777
bayesfl_observability_v1,vi_lr0p002_b256_e5_prior0p05,14,vi,global_test_mc,,,14,0.9333333333333333,1.0,0,,,,,,
bayesfl_observability_v1,vi_lr0p002_b256_e5_prior0p05,15,vi,global_test,,,0,0.0,0.06666666666666667,0,,,,,,
bayesfl_observability_v1,vi_lr0p002_b256_e5_prior0p05,15,vi,global_test,,,1,0.06666666666666667,0.13333333333333333,2,0.0,0.12927233427762985,0.12927233427762985,2.5854466855525972e-05,2.1517428159713745,0.8755649924278259
bayesfl_observability_v1,vi_lr0p002_b256_e5_prior0p05,15,vi,global_test,,,2,0.13333333333333333,0.2,265,0.27547169811320754,0.18155139257323066,0.09392030553997688,0.002488888096809387,1.9573743815691966,0.8310007974786578
bayesfl_observability_v1,vi_lr0p002_b256_e5_prior0p05,15,vi,global_test,,,3,0.2,0.26666666666666666,1235,0.39595141700404857,0.23759933657009108,0.1583520804339575,0.01955648193359375,1.7072965390286465,0.7667224451597886
bayesfl_observability_v1,vi_lr0p002_b256_e5_prior0p05,15,vi,global_test,,,4,0.26666666666666666,0.3333333333333333,1838,0.4771490750816104,0.29881040263876435,0.17833867244284607,0.03277864799499511,1.524753979422452,0.7097965973116238
bayesfl_observability_v1,vi_lr0p002_b256_e5_prior0p05,15,vi,global_test,,,5,0.3333333333333333,0.4,1569,0.5831739961759083,0.36499464367513373,0.21817935250077453,0.03423234040737152,1.3490336307528066,0.639780076162461
bayesfl_observability_v1,vi_lr0p002_b256_e5_prior0p05,15,vi,global_test,,,6,0.4,0.4666666666666667,1291,0.6498838109992254,0.43172688303208,0.21815692796714542,0.02816405940055847,1.2082928950060807,0.5729824028487911
bayesfl_observability_v1,vi_lr0p002_b256_e5_prior0p05,15,vi,global_test,,,7,0.4666666666666667,0.5333333333333333,971,0.7044284243048403,0.49827818500394067,0.20615023930089965,0.020017188236117357,1.0839902120196365,0.508575293265214
bayesfl_observability_v1,vi_lr0p002_b256_e5_prior0p05,15,vi,global_test,,,8,0.5333333333333333,0.6,618,0.7540453074433657,0.5644900702349962,0.18955523720836953,0.011714513659477236,0.966905794868963,0.44289341829355483
bayesfl_observability_v1,vi_lr0p002_b256_e5_prior0p05,15,vi,global_test,,,9,0.6,0.6666666666666666,537,0.7560521415270018,0.6306567804773426,0.1253953610496592,0.006733730888366699,0.9237159954546994,0.41790658779428436
bayesfl_observability_v1,vi_lr0p002_b256_e5_prior0p05,15,vi,global_test,,,10,0.6666666666666666,0.7333333333333333,398,0.8869346733668342,0.7008874685920063,0.18604720477482783,0.007404678750038148,0.6158782806827794,0.24518385529518127
bayesfl_observability_v1,vi_lr0p002_b256_e5_prior0p05,15,vi,global_test,,,11,0.7333333333333333,0.8,372,0.9327956989247311,0.7659924799396146,0.16680321898511652,0.006205079746246334,0.4392584639210855,0.158886568440545
bayesfl_observability_v1,vi_lr0p002_b256_e5_prior0p05,15,vi,global_test,,,12,0.8,0.8666666666666667,396,0.9646464646464646,0.8353285187422627,0.12931794590420198,0.0051209906578063985,0.29475394177316416,0.08850296707165362
bayesfl_observability_v1,vi_lr0p002_b256_e5_prior0p05,15,vi,global_test,,,13,0.8666666666666667,0.9333333333333333,469,0.997867803837953,0.8991942668774489,0.09867353696050418,0.0046277888834476465,0.1172331657681638,0.01596850244951909
bayesfl_observability_v1,vi_lr0p002_b256_e5_prior0p05,15,vi,global_test,,,14,0.9333333333333333,1.0,39,1.0,0.9402882823577294,0.05971171764227057,0.00023287569880485522,0.061589136910744205,0.004235755855169816
bayesfl_observability_v1,vi_lr0p002_b256_e5_prior0p05,15,vi,global_test_mc,,,0,0.0,0.06666666666666667,0,,,,,,
bayesfl_observability_v1,vi_lr0p002_b256_e5_prior0p05,15,vi,global_test_mc,,,1,0.06666666666666667,0.13333333333333333,2,0.0,0.12925948202610016,0.12925948202610016,2.585189640522003e-05,2.1515190601348877,0.8755151033401489
bayesfl_observability_v1,vi_lr0p002_b256_e5_prior0p05,15,vi,global_test_mc,,,2,0.13333333333333333,0.2,264,0.2727272727272727,0.18147980308893955,0.09124746963833316,0.0024089331984519955,1.9586734229868108,0.8313015674551328
bayesfl_observability_v1,vi_lr0p002_b256_e5_prior0p05,15,vi,global_test_mc,,,3,0.2,0.26666666666666666,1237,0.396928051738076,0.23758857541250045,0.15933947632557555,0.019710293221473694,1.7073149777460985,0.7667825127573098
bayesfl_observability_v1,vi_lr0p002_b256_e5_prior0p05,15,vi,global_test_mc,,,4,0.26666666666666666,0.3333333333333333,1836,0.47766884531590414,0.29881320124358135,0.1788556440723228,0.03283789625167847,1.5243710827463852,0.709605654340424
bayesfl_observability_v1,vi_lr0p002_b256_e5_prior0p05,15,vi,global_test_mc,,,5,0.3333333333333333,0.4,1569,0.5818992989165074,0.36495203307816143,0.21694726583834595,0.03403902601003648,1.3502023239816503,0.6404211610802577
bayesfl_observability_v1,vi_lr0p002_b256_e5_prior0p05,15,vi,global_test_mc,,,6,0.4,0.4666666666666667,1292,0.6509287925696594,0.43170866803857194,0.21922012453108747,0.028323240089416498,1.2074472760268409,0.5724827442375868
bayesfl_observability_v1,vi_lr0p002_b256_e5_prior0p05,15,vi,global_test_mc,,,7,0.4666666666666667,0.5333333333333333,972,0.7037037037037037,0.4983171692784922,0.20538653442521154,0.019963571146130562,1.0845566063260836,0.5090292441992113
bayesfl_observability_v1,vi_lr0p002_b256_e5_prior0p05,15,vi,global_test_mc,,,8,0.5333333333333333,0.6,616,0.7548701298701299,0.5644892403831729,0.19038088948695697,0.01172746279239655,0.966580901827131,0.44247520937548057
bayesfl_observability_v1,vi_lr0p002_b256_e5_prior0p05,15,vi,global_test_mc,,,9,0.6,0.6666666666666666,538,0.7565055762081785,0.6306070683170871,0.12589850789109136,0.0067733397245407145,0.9229627630524476,0.4175205035723718
bayesfl_observability_v1,vi_lr0p002_b256_e5_prior0p05,15,vi,global_test_mc,,,10,0.6666666666666666,0.7333333333333333,398,0.8869346733668342,0.7009029681958145,0.18603170517101963,0.007404061865806581,0.6158752037053132,0.24518145852951548
bayesfl_observability_v1,vi_lr0p002_b256_e5_prior0p05,15,vi,global_test_mc,,,11,0.7333333333333333,0.8,372,0.9327956989247311,0.7660058224073021,0.16678987651742905,0.006204583406448361,0.43925148889582644,0.15888471300563506
bayesfl_observability_v1,vi_lr0p002_b256_e5_prior0p05,15,vi,global_test_mc,,,12,0.8,0.8666666666666667,396,0.9646464646464646,0.83533963049301,0.12930683415345468,0.005120550632476805,0.2947491660262599,0.08850217087551801
bayesfl_observability_v1,vi_lr0p002_b256_e5_prior0p05,15,vi,global_test_mc,,,13,0.8666666666666667,0.9333333333333333,469,0.997867803837953,0.8992030292685861,0.09866477456936695,0.00462737792730331,0.11722261828781445,0.015966168567061678
bayesfl_observability_v1,vi_lr0p002_b256_e5_prior0p05,15,vi,global_test_mc,,,14,0.9333333333333333,1.0,39,1.0,0.9402948984732995,0.0597051015267005,0.00023284989595413194,0.06158204844746834,0.004234670004688012
bayesfl_observability_v1,vi_lr0p002_b256_e5_prior0p05,16,vi,global_test,,,0,0.0,0.06666666666666667,0,,,,,,
bayesfl_observability_v1,vi_lr0p002_b256_e5_prior0p05,16,vi,global_test,,,1,0.06666666666666667,0.13333333333333333,0,,,,,,
bayesfl_observability_v1,vi_lr0p002_b256_e5_prior0p05,16,vi,global_test,,,2,0.13333333333333333,0.2,67,0.22388059701492538,0.18873262516598202,0.03514797184894336,0.0002354914113879205,1.9021949305463193,0.821362742737158
bayesfl_observability_v1,vi_lr0p002_b256_e5_prior0p05,16,vi,global_test,,,3,0.2,0.26666666666666666,731,0.2667578659370725,0.23822733299187532,0.028530532945197196,0.002085581958293915,1.754257228893066,0.7912049909949139
bayesfl_observability_v1,vi_lr0p002_b256_e5_prior0p05,16,vi,global_test,,,4,0.26666666666666666,0.3333333333333333,1246,0.3162118780096308,0.3017804971380372,0.014431380871593624,0.0017981500566005657,1.6245676602444719,0.7570228588140987
bayesfl_observability_v1,vi_lr0p002_b256_e5_prior0p05,16,vi,global_test,,,5,0.3333333333333333,0.4,1497,0.34468937875751504,0.3677647308500592,0.023075352092544132,0.003454380208253857,1.5348976425274101,0.7377874478150306
bayesfl_observability_v1,vi_lr0p002_b256_e5_prior0p05,16,vi,global_test,,,6,0.4,0.4666666666666667,1418,0.32087447108603667,0.4322996502702764,0.11142517918423972,0.015800090408325192,1.5425978688830548,0.7530268869547985
bayesfl_observability_v1,vi_lr0p002_b256_e5_prior0p05,16,vi,global_test,,,7,0.4666666666666667,0.5333333333333333,1072,0.35447761194029853,0.49919354982340514,0.1447159378831066,0.015513548541069028,1.5011789603019827,0.7466442847429816
bayesfl_observability_v1,vi_lr0p002_b256_e5_prior0p05,16,vi,global_test,,,8,0.5333333333333333,0.6,964,0.40767634854771784,0.5652337200414096,0.15755737149369176,0.015188530611991885,1.4543108529569697,0.7316362469522785
bayesfl_observability_v1,vi_lr0p002_b256_e5_prior0p05,16,vi,global_test,,,9,0.6,0.6666666666666666,858,0.4801864801864802,0.6316452502926468,0.15145877010616665,0.012995162475109097,1.3688423833646974,0.6929733590646223
bayesfl_observability_v1,vi_lr0p002_b256_e5_prior0p05,16,vi,global_test,,,10,0.6666666666666666,0.7333333333333333,634,0.5583596214511041,0.6981801332359434,0.13982051178483934,0.008864620447158815,1.268858804311662,0.6388498341623541
bayesfl_observability_v1,vi_lr0p002_b256_e5_prior0p05,16,vi,global_test,,,11,0.7333333333333333,0.8,384,0.5364583333333334,0.7652577531213561,0.22879941978802276,0.008785897719860073,1.3505696759869654,0.6942343842238188
bayesfl_observability_v1,vi_lr0p002_b256_e5_prior0p05,16,vi,global_test,,,12,0.8,0.8666666666666667,351,0.6210826210826211,0.8328288559220794,0.2117462348394583,0.007432292842864987,1.3508863007580791,0.6281764520878805
bayesfl_observability_v1,vi_lr0p002_b256_e5_prior0p05,16,vi,global_test,,,13,0.8666666666666667,0.9333333333333333,349,0.8252148997134671,0.9008061680889403,0.07559126837547325,0.0026381352663040164,0.7291122258221864,0.31311835048661535
bayesfl_observability_v1,vi_lr0p002_b256_e5_prior0p05,16,vi,global_test,,,14,0.9333333333333333,1.0,429,0.958041958041958,0.9687074003241835,0.010665442282225435,0.00045754747390747114,0.24446392226703725,0.08079308675254257
bayesfl_observability_v1,vi_lr0p002_b256_e5_prior0p05,16,vi,global_test_mc,,,0,0.0,0.06666666666666667,0,,,,,,
bayesfl_observability_v1,vi_lr0p002_b256_e5_prior0p05,16,vi,global_test_mc,,,1,0.06666666666666667,0.13333333333333333,0,,,,,,
bayesfl_observability_v1,vi_lr0p002_b256_e5_prior0p05,16,vi,global_test_mc,,,2,0.13333333333333333,0.2,67,0.22388059701492538,0.188734627036906,0.03514596997801939,0.00023547799885272988,1.9021824669482104,0.8213611752239626
bayesfl_observability_v1,vi_lr0p002_b256_e5_prior0p05,16,vi,global_test_mc,,,3,0.2,0.26666666666666666,731,0.2667578659370725,0.2382305281596047,0.028527337777467826,0.002085348391532898,1.7534259308216185,0.7910124293430396
bayesfl_observability_v1,vi_lr0p002_b256_e5_prior0p05,16,vi,global_test_mc,,,4,0.26666666666666666,0.3333333333333333,1245,0.3164658634538153,0.3017622252544725,0.014703638199342783,0.0018306029558181765,1.6248486890371545,0.7570305489153268
bayesfl_observability_v1,vi_lr0p002_b256_e5_prior0p05,16,vi,global_test_mc,,,5,0.3333333333333333,0.4,1498,0.3437917222963952,0.3677440072808947,0.023952284984499472,0.0035880522906780207,1.535534559168389,0.7381360029903686
bayesfl_observability_v1,vi_lr0p002_b256_e5_prior0p05,16,vi,global_test_mc,,,6,0.4,0.4666666666666667,1418,0.3215796897038082,0.4322977267804704,0.11071803707666222,0.015699817657470704,1.542722069830417,0.7528985619376846
bayesfl_observability_v1,vi_lr0p002_b256_e5_prior0p05,16,vi,global_test_mc,,,7,0.4666666666666667,0.5333333333333333,1072,0.35447761194029853,0.4991921239824437,0.1447145120421452,0.015513395690917966,1.5004158455934098,0.7464890437784479
bayesfl_observability_v1,vi_lr0p002_b256_e5_prior0p05,16,vi,global_test_mc,,,8,0.5333333333333333,0.6,964,0.4066390041493776,0.565229395365814,0.15859039121643637,0.015288113713264466,1.455228734313205,0.7323797142357252
bayesfl_observability_v1,vi_lr0p002_b256_e5_prior0p05,16,vi,global_test_mc,,,9,0.6,0.6666666666666666,860,0.48023255813953486,0.631724857175073,0.15149229903553812,0.01302833771705628,1.371081969904345,0.6934457177339598
bayesfl_observability_v1,vi_lr0p002_b256_e5_prior0p05,16,vi,global_test_mc,,,10,0.6666666666666666,0.7333333333333333,632,0.560126582278481,0.698282786562473,0.138156204283992,0.008731472110748293,1.264230575742601,0.6369177363341367
bayesfl_observability_v1,vi_lr0p002_b256_e5_prior0p05,16,vi,global_test_mc,,,11,0.7333333333333333,0.8,384,0.5364583333333334,0.7652629253764948,0.2288045920431614,0.008786096334457398,1.3505701798324783,0.6942326286807656
bayesfl_observability_v1,vi_lr0p002_b256_e5_prior0p05,16,vi,global_test_mc,,,12,0.8,0.8666666666666667,350,0.6228571428571429,0.8327260201317923,0.20986887727464942,0.00734541070461273,1.3463609218597412,0.6252500193459647
bayesfl_observability_v1,vi_lr0p002_b256_e5_prior0p05,16,vi,global_test_mc,,,13,0.8666666666666667,0.9333333333333333,350,0.8228571428571428,0.900707277570452,0.07785013471330915,0.0027247547149658203,0.7354091709000724,0.31694019185113054
bayesfl_observability_v1,vi_lr0p002_b256_e5_prior0p05,16,vi,global_test_mc,,,14,0.9333333333333333,1.0,429,0.958041958041958,0.9687053877990562,0.01066342975709822,0.00045746113657951364,0.24448003904950438,0.08079389904406316
bayesfl_observability_v1,vi_lr0p002_b256_e5_prior0p05,17,vi,global_test,,,0,0.0,0.06666666666666667,0,,,,,,
bayesfl_observability_v1,vi_lr0p002_b256_e5_prior0p05,17,vi,global_test,,,1,0.06666666666666667,0.13333333333333333,0,,,,,,
bayesfl_observability_v1,vi_lr0p002_b256_e5_prior0p05,17,vi,global_test,,,2,0.13333333333333333,0.2,184,0.2608695652173913,0.18414452088915784,0.07672504432823346,0.0014117408156394957,1.963075617733209,0.8343917134663333
bayesfl_observability_v1,vi_lr0p002_b256_e5_prior0p05,17,vi,global_test,,,3,0.2,0.26666666666666666,1041,0.3323727185398655,0.23755037240633933,0.09482234613352616,0.009871006232500073,1.7742220432453724,0.7864579733006664
bayesfl_observability_v1,vi_lr0p002_b256_e5_prior0p05,17,vi,global_test,,,4,0.26666666666666666,0.3333333333333333,1410,0.46099290780141844,0.3006379377757404,0.16035497002567806,0.022610050773620605,1.5865414359045367,0.7241402127218585
bayesfl_observability_v1,vi_lr0p002_b256_e5_prior0p05,17,vi,global_test,,,5,0.3333333333333333,0.4,1366,0.6171303074670571,0.3674700965294901,0.24966021093756702,0.03410358481407166,1.3589778262385512,0.6310199294048382
bayesfl_observability_v1,vi_lr0p002_b256_e5_prior0p05,17,vi,global_test,,,6,0.4,0.4666666666666667,1248,0.7443910256410257,0.4335340774164368,0.31085694822458887,0.03879494713842869,1.1209992171766667,0.5225687525593318
bayesfl_observability_v1,vi_lr0p002_b256_e5_prior0p05,17,vi,global_test,,,7,0.4666666666666667,0.5333333333333333,993,0.8449144008056395,0.4988539699101136,0.3460604308955259,0.03436380078792572,0.909103661265378,0.4126354325093772
bayesfl_observability_v1,vi_lr0p002_b256_e5_prior0p05,17,vi,global_test,,,8,0.5333333333333333,0.6,938,0.9125799573560768,0.5658081604727804,0.3467717968832964,0.0325271945476532,0.7322521768907494,0.3069164024741411
bayesfl_observability_v1,vi_lr0p002_b256_e5_prior0p05,17,vi,global_test,,,9,0.6,0.6666666666666666,744,0.9475806451612904,0.6318320801822088,0.31574856497908155,0.023491693234443667,0.568597048841497,0.22101819367017797
bayesfl_observability_v1,vi_lr0p002_b256_e5_prior0p05,17,vi,global_test,,,10,0.6666666666666666,0.7333333333333333,661,0.9878971255673222,0.6997600085075252,0.28813711705979705,0.019045863437652584,0.3878532408225194,0.1252408840111633
bayesfl_observability_v1,vi_lr0p002_b256_e5_prior0p05,17,vi,global_test,,,11,0.7333333333333333,0.8,558,0.989247311827957,0.7663463501520055,0.22290096167595153,0.012437873661518096,0.30304104634510576,0.08161356694008287
bayesfl_observability_v1,vi_lr0p002_b256_e5_prior0p05,17,vi,global_test,,,12,0.8,0.8666666666666667,557,0.9964093357271095,0.8328624196497714,0.16354691607733818,0.009109563225507737,0.19345307917312404,0.03974683927221615
bayesfl_observability_v1,vi_lr0p002_b256_e5_prior0p05,17,vi,global_test,,,13,0.8666666666666667,0.9333333333333333,245,0.9959183673469387,0.8954647239373654,0.1004536434095733,0.002461114263534546,0.12669658283798063,0.0211462047521253
bayesfl_observability_v1,vi_lr0p002_b256_e5_prior0p05,17,vi,global_test,,,14,0.9333333333333333,1.0,55,1.0,0.9514592885971069,0.048540711402893066,0.00026697391271591185,0.04984329369935123,0.0031932963312349535
bayesfl_observability_v1,vi_lr0p002_b256_e5_prior0p05,17,vi,global_test_mc,,,0,0.0,0.06666666666666667,0,,,,,,
bayesfl_observability_v1,vi_lr0p002_b256_e5_prior0p05,17,vi,global_test_mc,,,1,0.06666666666666667,0.13333333333333333,0,,,,,,
bayesfl_observability_v1,vi_lr0p002_b256_e5_prior0p05,17,vi,global_test_mc,,,2,0.13333333333333333,0.2,185,0.2594594594594595,0.184234787966754,0.07522467149270548,0.0013916564226150515,1.9620262455295872,0.8341432722839149
bayesfl_observability_v1,vi_lr0p002_b256_e5_prior0p05,17,vi,global_test_mc,,,3,0.2,0.26666666666666666,1044,0.3333333333333333,0.2376979300573868,0.09563540327594652,0.009984336102008816,1.7734075396453741,0.7862252099760647
bayesfl_observability_v1,vi_lr0p002_b256_e5_prior0p05,17,vi,global_test_mc,,,4,0.26666666666666666,0.3333333333333333,1405,0.4619217081850534,0.3007129717976173,0.1612087363874361,0.022649827462434772,1.5869240261905981,0.7242250165905393
bayesfl_observability_v1,vi_lr0p002_b256_e5_prior0p05,17,vi,global_test_mc,,,5,0.3333333333333333,0.4,1368,0.6169590643274854,0.36746966891121446,0.2494893954162709,0.03413014929294586,1.358615276583454,0.6309169919518699
bayesfl_observability_v1,vi_lr0p002_b256_e5_prior0p05,17,vi,global_test_mc,,,6,0.4,0.4666666666666667,1247,0.7441860465116279,0.433559664603511,0.3106263819081169,0.03873510982394218,1.1210559145775238,0.5226076818650115
bayesfl_observability_v1,vi_lr0p002_b256_e5_prior0p05,17,vi,global_test_mc,,,7,0.4666666666666667,0.5333333333333333,991,0.8456104944500504,0.4987844804942788,0.3468260139557716,0.034370457983016967,0.9069399311612281,0.4118975494150918
bayesfl_observability_v1,vi_lr0p002_b256_e5_prior0p05,17,vi,global_test_mc,,,8,0.5333333333333333,0.6,939,0.9116080937167199,0.565702453842813,0.3459056398739069,0.032480539584159855,0.7351472507269619,0.3080090178976171
bayesfl_observability_v1,vi_lr0p002_b256_e5_prior0p05,17,vi,global_test_mc,,,9,0.6,0.6666666666666666,746,0.9477211796246648,0.6318335456439061,0.3158876339807587,0.0235652174949646,0.568298805015656,0.22087605245631117
bayesfl_observability_v1,vi_lr0p002_b256_e5_prior0p05,17,vi,global_test_mc,,,10,0.6666666666666666,0.7333333333333333,661,0.9878971255673222,0.6998598867753991,0.2880372387919231,0.019039261484146117,0.38770802803732085,0.12518437556167233
bayesfl_observability_v1,vi_lr0p002_b256_e5_prior0p05,17,vi,global_test_mc,,,11,0.7333333333333333,0.8,556,0.9910071942446043,0.7663498956093685,0.22465729863523576,0.012490945804119108,0.2944770434455906,0.07878509439903197
bayesfl_observability_v1,vi_lr0p002_b256_e5_prior0p05,17,vi,global_test_mc,,,12,0.8,0.8666666666666667,558,0.9946236559139785,0.8328103856801132,0.16181327023386527,0.009029180479049683,0.20215544392985682,0.042600018656595635
bayesfl_observability_v1,vi_lr0p002_b256_e5_prior0p05,17,vi,global_test_mc,,,13,0.8666666666666667,0.9333333333333333,245,0.9959183673469387,0.8954706824555689,0.10044768489136979,0.00246096827983856,0.12668866569898565,0.021144202298351695
bayesfl_observability_v1,vi_lr0p002_b256_e5_prior0p05,17,vi,global_test_mc,,,14,0.9333333333333333,1.0,55,1.0,0.9514590599320152,0.04854094006798482,0.0002669751703739165,0.04984357187693769,0.0031935054851187903
bayesfl_observability_v1,vi_lr0p002_b256_e5_prior0p05,18,vi,global_test,,,0,0.0,0.06666666666666667,0,,,,,,
bayesfl_observability_v1,vi_lr0p002_b256_e5_prior0p05,18,vi,global_test,,,1,0.06666666666666667,0.13333333333333333,0,,,,,,
bayesfl_observability_v1,vi_lr0p002_b256_e5_prior0p05,18,vi,global_test,,,2,0.13333333333333333,0.2,202,0.25742574257425743,0.18191813537389925,0.07550760720035818,0.0015252536654472354,1.9585485771150872,0.8343473805649446
bayesfl_observability_v1,vi_lr0p002_b256_e5_prior0p05,18,vi,global_test,,,3,0.2,0.26666666666666666,918,0.2973856209150327,0.2376676113517196,0.05971800956331308,0.005482113277912141,1.888625649844899,0.8147988984267955
bayesfl_observability_v1,vi_lr0p002_b256_e5_prior0p05,18,vi,global_test,,,4,0.26666666666666666,0.3333333333333333,1429,0.45136459062281314,0.3004260203319467,0.15093857029086644,0.021569121694564812,1.6508414146364612,0.7449536867455389
bayesfl_observability_v1,vi_lr0p002_b256_e5_prior0p05,18,vi,global_test,,,5,0.3333333333333333,0.4,1256,0.5557324840764332,0.3659893852320446,0.18974309884438856,0.023831733214855204,1.4612118575223692,0.6685307565008759
bayesfl_observability_v1,vi_lr0p002_b256_e5_prior0p05,18,vi,global_test,,,6,0.4,0.4666666666666667,1037,0.7222757955641272,0.432508512972176,0.2897672825919512,0.03004886720478534,1.1847726994103382,0.546630892597261
bayesfl_observability_v1,vi_lr0p002_b256_e5_prior0p05,18,vi,global_test,,,7,0.4666666666666667,0.5333333333333333,870,0.8206896551724138,0.5005734896522829,0.3201161655201309,0.027850106400251387,0.9800353888807626,0.43466999393770067
bayesfl_observability_v1,vi_lr0p002_b256_e5_prior0p05,18,vi,global_test,,,8,0.5333333333333333,0.6,776,0.913659793814433,0.5657387243718216,0.34792106944261136,0.026998674988746644,0.7261969287370899,0.30584581334566335
bayesfl_observability_v1,vi_lr0p002_b256_e5_prior0p05,18,vi,global_test,,,9,0.6,0.6666666666666666,707,0.9490806223479491,0.6321010293684046,0.3169795929795445,0.02241045722365379,0.5725910707444078,0.21911112612173952
bayesfl_observability_v1,vi_lr0p002_b256_e5_prior0p05,18,vi,global_test,,,10,0.6666666666666666,0.7333333333333333,624,0.9743589743589743,0.6989622024389414,0.275396771920033,0.017184758567810057,0.4169011394947003,0.14113522884555352
bayesfl_observability_v1,vi_lr0p002_b256_e5_prior0p05,18,vi,global_test,,,11,0.7333333333333333,0.8,650,0.9907692307692307,0.766917850787823,0.2238513799814077,0.014550339698791501,0.2934689419086163,0.07916973389112032
bayesfl_observability_v1,vi_lr0p002_b256_e5_prior0p05,18,vi,global_test,,,12,0.8,0.8666666666666667,736,0.9945652173913043,0.832990899682045,0.16157431770925934,0.011891869783401487,0.20231566667232825,0.04265851223760325
bayesfl_observability_v1,vi_lr0p002_b256_e5_prior0p05,18,vi,global_test,,,13,0.8666666666666667,0.9333333333333333,682,1.0,0.8983958225446013,0.10160417745539874,0.006929404902458193,0.10733532253379696,0.012715268968891276
bayesfl_observability_v1,vi_lr0p002_b256_e5_prior0p05,18,vi,global_test,,,14,0.9333333333333333,1.0,113,1.0,0.9459044959692828,0.05409550403071717,0.000611279195547104,0.055680826075572884,0.003658536846329153
bayesfl_observability_v1,vi_lr0p002_b256_e5_prior0p05,18,vi,global_test_mc,,,0,0.0,0.06666666666666667,0,,,,,,
bayesfl_observability_v1,vi_lr0p002_b256_e5_prior0p05,18,vi,global_test_mc,,,1,0.06666666666666667,0.13333333333333333,0,,,,,,
bayesfl_observability_v1,vi_lr0p002_b256_e5_prior0p05,18,vi,global_test_mc,,,2,0.13333333333333333,0.2,202,0.25742574257425743,0.1819150287030947,0.07551071387116273,0.0015253164201974871,1.9585577284935678,0.8343491867037103
bayesfl_observability_v1,vi_lr0p002_b256_e5_prior0p05,18,vi,global_test_mc,,,3,0.2,0.26666666666666666,918,0.2984749455337691,0.23767206676645217,0.06080287876731691,0.0055817042708396925,1.8886333665037467,0.8147999289768194
bayesfl_observability_v1,vi_lr0p002_b256_e5_prior0p05,18,vi,global_test_mc,,,4,0.26666666666666666,0.3333333333333333,1429,0.45066480055983205,0.30042387539894955,0.1502409251608825,0.02146942820549011,1.6520335782733808,0.7453087625843899
bayesfl_observability_v1,vi_lr0p002_b256_e5_prior0p05,18,vi,global_test_mc,,,5,0.3333333333333333,0.4,1256,0.5573248407643312,0.36599220193115767,0.19133263883317353,0.024031379437446595,1.4587047821397234,0.6677144670942027
bayesfl_observability_v1,vi_lr0p002_b256_e5_prior0p05,18,vi,global_test_mc,,,6,0.4,0.4666666666666667,1034,0.7224371373307543,0.432412262177329,0.29002487515342534,0.029988572090864182,1.1851246440548961,0.5464995448951334
bayesfl_observability_v1,vi_lr0p002_b256_e5_prior0p05,18,vi,global_test_mc,,,7,0.4666666666666667,0.5333333333333333,874,0.8192219679633868,0.5004970805050306,0.31872488745835614,0.027856555163860326,0.9815514033118975,0.4356277594577257
bayesfl_observability_v1,vi_lr0p002_b256_e5_prior0p05,18,vi,global_test_mc,,,8,0.5333333333333333,0.6,776,0.913659793814433,0.5658227146900806,0.34783707912435236,0.026992157340049745,0.726038783788681,0.3056922084891919
bayesfl_observability_v1,vi_lr0p002_b256_e5_prior0p05,18,vi,global_test_mc,,,9,0.6,0.6666666666666666,706,0.9490084985835694,0.6321472025795631,0.31686129600400625,0.02237040749788284,0.5726683984903709,0.2191424447905916
bayesfl_observability_v1,vi_lr0p002_b256_e5_prior0p05,18,vi,global_test_mc,,,10,0.6666666666666666,0.7333333333333333,623,0.9743178170144462,0.6989081545013869,0.2754096625130593,0.017158021974563595,0.417068838881834,0.14118453013571652
bayesfl_observability_v1,vi_lr0p002_b256_e5_prior0p05,18,vi,global_test_mc,,,11,0.7333333333333333,0.8,652,0.99079754601227,0.7669145344225176,0.22388301158975243,0.014597172355651859,0.29338928088088706,0.0791657197694837
bayesfl_observability_v1,vi_lr0p002_b256_e5_prior0p05,18,vi,global_test_mc,,,12,0.8,0.8666666666666667,735,0.9945578231292517,0.8330408388254594,0.16151698430379224,0.011871498346328729,0.20228065901062114,0.04265154221025454
bayesfl_observability_v1,vi_lr0p002_b256_e5_prior0p05,18,vi,global_test_mc,,,13,0.8666666666666667,0.9333333333333333,682,1.0,0.8983952572618412,0.10160474273815878,0.006929443454742429,0.10733592573586098,0.01271535455361227
bayesfl_observability_v1,vi_lr0p002_b256_e5_prior0p05,18,vi,global_test_mc,,,14,0.9333333333333333,1.0,113,1.0,0.9459018812770337,0.054098118722966326,0.0006113087415695195,0.05568365119727312,0.003658973733457712
bayesfl_observability_v1,vi_lr0p002_b256_e5_prior0p05,19,vi,global_test,,,0,0.0,0.06666666666666667,0,,,,,,
bayesfl_observability_v1,vi_lr0p002_b256_e5_prior0p05,19,vi,global_test,,,1,0.06666666666666667,0.13333333333333333,0,,,,,,
bayesfl_observability_v1,vi_lr0p002_b256_e5_prior0p05,19,vi,global_test,,,2,0.13333333333333333,0.2,55,0.32727272727272727,0.18651945103298534,0.14075327623974193,0.0007741430193185806,1.9627731323242188,0.8374712879007513
bayesfl_observability_v1,vi_lr0p002_b256_e5_prior0p05,19,vi,global_test,,,3,0.2,0.26666666666666666,546,0.2893772893772894,0.24033106006545463,0.04904622931183478,0.0026779241204261785,1.8092536253806872,0.7989751388738443
bayesfl_observability_v1,vi_lr0p002_b256_e5_prior0p05,19,vi,global_test,,,4,0.26666666666666666,0.3333333333333333,1032,0.3798449612403101,0.301554201416267,0.0782907598240431,0.008079606413841247,1.5964464240295941,0.7382999208084372
bayesfl_observability_v1,vi_lr0p002_b256_e5_prior0p05,19,vi,global_test,,,5,0.3333333333333333,0.4,1348,0.4992581602373887,0.3674641590488063,0.13179400118858242,0.017765831360220908,1.3735753071414256,0.6611206605367208
bayesfl_observability_v1,vi_lr0p002_b256_e5_prior0p05,19,vi,global_test,,,6,0.4,0.4666666666666667,1314,0.5464231354642314,0.4328463149215896,0.11357682054264179,0.01492399421930313,1.2711862537958851,0.6191351759379313
bayesfl_observability_v1,vi_lr0p002_b256_e5_prior0p05,19,vi,global_test,,,7,0.4666666666666667,0.5333333333333333,1142,0.6252189141856392,0.49904301037095267,0.12617590381468657,0.014409288215637207,1.1326136931437745,0.5551561960614501
bayesfl_observability_v1,vi_lr0p002_b256_e5_prior0p05,19,vi,global_test,,,8,0.5333333333333333,0.6,947,0.6473072861668426,0.5650369329840228,0.08227035318281983,0.0077910024464130385,1.0866409812079312,0.5301689379853457
bayesfl_observability_v1,vi_lr0p002_b256_e5_prior0p05,19,vi,global_test,,,9,0.6,0.6666666666666666,834,0.7014388489208633,0.6327316988286354,0.06870715009222783,0.005730176317691801,0.9638911013623221,0.4672268249040885
bayesfl_observability_v1,vi_lr0p002_b256_e5_prior0p05,19,vi,global_test,,,10,0.6666666666666666,0.7333333333333333,744,0.7311827956989247,0.6991700539665837,0.03201274173234103,0.002381747984886173,0.8796949575665176,0.4292324612978646
bayesfl_observability_v1,vi_lr0p002_b256_e5_prior0p05,19,vi,global_test,,,11,0.7333333333333333,0.8,681,0.8135095447870778,0.766547059785252,0.04696248500182587,0.0031981452286243416,0.7012368283082735,0.3221075628472495
bayesfl_observability_v1,vi_lr0p002_b256_e5_prior0p05,19,vi,global_test,,,12,0.8,0.8666666666666667,722,0.8822714681440443,0.833885061939007,0.04838640620503731,0.003493498528003694,0.5073681197998596,0.21578419329779136
bayesfl_observability_v1,vi_lr0p002_b256_e5_prior0p05,19,vi,global_test,,,13,0.8666666666666667,0.9333333333333333,572,0.951048951048951,0.8940131072397832,0.05703584380916782,0.003262450265884399,0.2720463719818142,0.09801514233117337
bayesfl_observability_v1,vi_lr0p002_b256_e5_prior0p05,19,vi,global_test,,,14,0.9333333333333333,1.0,63,1.0,0.9456023980700781,0.054397601929921935,0.0003427048921585082,0.0559778766972678,0.0038258166011748097
bayesfl_observability_v1,vi_lr0p002_b256_e5_prior0p05,19,vi,global_test_mc,,,0,0.0,0.06666666666666667,0,,,,,,
bayesfl_observability_v1,vi_lr0p002_b256_e5_prior0p05,19,vi,global_test_mc,,,1,0.06666666666666667,0.13333333333333333,0,,,,,,
bayesfl_observability_v1,vi_lr0p002_b256_e5_prior0p05,19,vi,global_test_mc,,,2,0.13333333333333333,0.2,55,0.34545454545454546,0.1865285561843352,0.15892598927021026,0.0008740929409861564,1.9627639467065985,0.8374721808867021
bayesfl_observability_v1,vi_lr0p002_b256_e5_prior0p05,19,vi,global_test_mc,,,3,0.2,0.26666666666666666,547,0.28884826325411334,0.2403857982027901,0.048462465051323234,0.0026508968383073812,1.81139178772949,0.7994872211756174
bayesfl_observability_v1,vi_lr0p002_b256_e5_prior0p05,19,vi,global_test_mc,,,4,0.26666666666666666,0.3333333333333333,1030,0.3796116504854369,0.301560206089205,0.0780514443962319,0.008039298772811886,1.5955885440400503,0.7381242853923908
bayesfl_observability_v1,vi_lr0p002_b256_e5_prior0p05,19,vi,global_test_mc,,,5,0.3333333333333333,0.4,1346,0.5,0.3673705509123441,0.1326294490876559,0.017851923847198484,1.373313434942339,0.6609891908572652
bayesfl_observability_v1,vi_lr0p002_b256_e5_prior0p05,19,vi,global_test_mc,,,6,0.4,0.4666666666666667,1315,0.5460076045627377,0.43272496989924647,0.1132826346634912,0.014896666458249093,1.270821087985891,0.6191099344550883
bayesfl_observability_v1,vi_lr0p002_b256_e5_prior0p05,19,vi,global_test_mc,,,7,0.4666666666666667,0.5333333333333333,1144,0.625,0.4989875760320183,0.12601242396798168,0.014415821301937103,1.1336109229734728,0.5554990849711678
bayesfl_observability_v1,vi_lr0p002_b256_e5_prior0p05,19,vi,global_test_mc,,,8,0.5333333333333333,0.6,948,0.6476793248945147,0.5650729901051219,0.08260633478939283,0.00783108053803444,1.0860323580885738,0.529827831100814
bayesfl_observability_v1,vi_lr0p002_b256_e5_prior0p05,19,vi,global_test_mc,,,9,0.6,0.6666666666666666,832,0.7007211538461539,0.6327300975099206,0.06799105633623326,0.005656855887174607,0.9651241589051026,0.4679500468326016
bayesfl_observability_v1,vi_lr0p002_b256_e5_prior0p05,19,vi,global_test_mc,,,10,0.6666666666666666,0.7333333333333333,746,0.7319034852546917,0.6991737291576395,0.0327297560970522,0.002441639804840094,0.8782992427694254,0.42837811357294264
bayesfl_observability_v1,vi_lr0p002_b256_e5_prior0p05,19,vi,global_test_mc,,,11,0.7333333333333333,0.8,680,0.8132352941176471,0.7665912112768959,0.046644082840751167,0.0031717976331710794,0.7018366527688854,0.3224696430377662
bayesfl_observability_v1,vi_lr0p002_b256_e5_prior0p05,19,vi,global_test_mc,,,12,0.8,0.8666666666666667,722,0.8822714681440443,0.8338868079753463,0.048384660168698024,0.0034933724641799976,0.5073644926260713,0.21578378482641772
bayesfl_observability_v1,vi_lr0p002_b256_e5_prior0p05,19,vi,global_test_mc,,,13,0.8666666666666667,0.9333333333333333,572,0.951048951048951,0.8940155956294987,0.057033355419452314,0.003262307929992672,0.27204323617311627,0.09801503517046257
bayesfl_observability_v1,vi_lr0p002_b256_e5_prior0p05,19,vi,global_test_mc,,,14,0.9333333333333333,1.0,63,1.0,0.9456118846696521,0.05438811533034793,0.00034264512658119196,0.055967869739683845,0.003824622229865146
bayesfl_observability_v1,vi_lr0p002_b256_e5_prior0p05,20,vi,global_test,,,0,0.0,0.06666666666666667,0,,,,,,
bayesfl_observability_v1,vi_lr0p002_b256_e5_prior0p05,20,vi,global_test,,,1,0.06666666666666667,0.13333333333333333,0,,,,,,
bayesfl_observability_v1,vi_lr0p002_b256_e5_prior0p05,20,vi,global_test,,,2,0.13333333333333333,0.2,98,0.30612244897959184,0.18585227277814126,0.12027017620145058,0.0011786477267742158,1.942290563972629,0.8306614300426172
bayesfl_observability_v1,vi_lr0p002_b256_e5_prior0p05,20,vi,global_test,,,3,0.2,0.26666666666666666,737,0.3256445047489824,0.23970821463430914,0.08593629011467324,0.0063335045814514185,1.7333113904562216,0.7808067494525677
bayesfl_observability_v1,vi_lr0p002_b256_e5_prior0p05,20,vi,global_test,,,4,0.26666666666666666,0.3333333333333333,1085,0.423963133640553,0.3002779255264915,0.12368520811406147,0.01341984508037567,1.5699394779820597,0.7255226785686159
bayesfl_observability_v1,vi_lr0p002_b256_e5_prior0p05,20,vi,global_test,,,5,0.3333333333333333,0.4,1265,0.5138339920948617,0.36603178629290917,0.14780220580195252,0.018696979033946994,1.3733254935901626,0.6576001594189127
bayesfl_observability_v1,vi_lr0p002_b256_e5_prior0p05,20,vi,global_test,,,6,0.4,0.4666666666666667,1195,0.6376569037656904,0.43333254179695163,0.20432436196873877,0.02441676125526428,1.1869808859406157,0.5729785743617613
bayesfl_observability_v1,vi_lr0p002_b256_e5_prior0p05,20,vi,global_test,,,7,0.4666666666666667,0.5333333333333333,1023,0.7605083088954057,0.5003884965490153,0.26011981234639037,0.026610256803035737,0.9890837513223538,0.46860662006562753
bayesfl_observability_v1,vi_lr0p002_b256_e5_prior0p05,20,vi,global_test,,,8,0.5333333333333333,0.6,890,0.8337078651685393,0.567464774110344,0.2662430910581953,0.023695635104179383,0.8248261773184444,0.3735434047291788
bayesfl_observability_v1,vi_lr0p002_b256_e5_prior0p05,20,vi,global_test,,,9,0.6,0.6666666666666666,870,0.9114942528735632,0.6330342125618594,0.2784600403117038,0.024226023507118232,0.6010307221577085,0.25566083213378643
bayesfl_observability_v1,vi_lr0p002_b256_e5_prior0p05,20,vi,global_test,,,10,0.6666666666666666,0.7333333333333333,818,0.9572127139364304,0.7001538390343813,0.25705887490204904,0.021027415966987612,0.44577879048792834,0.16257950379387964
bayesfl_observability_v1,vi_lr0p002_b256_e5_prior0p05,20,vi,global_test,,,11,0.7333333333333333,0.8,731,0.9794801641586868,0.767291876588083,0.21218828757060382,0.015510963821411138,0.31893470512369265,0.09577546424643937
bayesfl_observability_v1,vi_lr0p002_b256_e5_prior0p05,20,vi,global_test,,,12,0.8,0.8666666666666667,675,0.997037037037037,0.834512082029272,0.1625249550077651,0.010970434463024144,0.19297919847347117,0.03883095278232186
bayesfl_observability_v1,vi_lr0p002_b256_e5_prior0p05,20,vi,global_test,,,13,0.8666666666666667,0.9333333333333333,527,0.9981024667931688,0.89493716328601,0.1031653035071588,0.005436811494827269,0.11679628802431602,0.01699985753200538
bayesfl_observability_v1,vi_lr0p002_b256_e5_prior0p05,20,vi,global_test,,,14,0.9333333333333333,1.0,86,1.0,0.9519326243289682,0.04806737567103181,0.0004133794307708736,0.049367235496986746,0.0031583367218804915
bayesfl_observability_v1,vi_lr0p002_b256_e5_prior0p05,20,vi,global_test_mc,,,0,0.0,0.06666666666666667,0,,,,,,
bayesfl_observability_v1,vi_lr0p002_b256_e5_prior0p05,20,vi,global_test_mc,,,1,0.06666666666666667,0.13333333333333333,0,,,,,,
bayesfl_observability_v1,vi_lr0p002_b256_e5_prior0p05,20,vi,global_test_mc,,,2,0.13333333333333333,0.2,98,0.30612244897959184,0.18584591104668013,0.12027653793291171,0.0011787100717425348,1.9422474138590755,0.8306418584317578
bayesfl_observability_v1,vi_lr0p002_b256_e5_prior0p05,20,vi,global_test_mc,,,3,0.2,0.26666666666666666,739,0.32882273342354534,0.2397796147892375,0.08904311863430783,0.006580286467075349,1.7321885809685444,0.7804403072764974
bayesfl_observability_v1,vi_lr0p002_b256_e5_prior0p05,20,vi,global_test_mc,,,4,0.26666666666666666,0.3333333333333333,1083,0.4228993536472761,0.3003367719447734,0.12256258170250273,0.013273527598381045,1.570386159232889,0.7256634616235397
bayesfl_observability_v1,vi_lr0p002_b256_e5_prior0p05,20,vi,global_test_mc,,,5,0.3333333333333333,0.4,1265,0.5138339920948617,0.3660284500348238,0.14780554206003788,0.01869740107059479,1.3733277938111497,0.657600528260936
bayesfl_observability_v1,vi_lr0p002_b256_e5_prior0p05,20,vi,global_test_mc,,,6,0.4,0.4666666666666667,1193,0.6370494551550713,0.43327716649927617,0.2037722886557951,0.024310034036636355,1.187674175463898,0.5733479710056916
bayesfl_observability_v1,vi_lr0p002_b256_e5_prior0p05,20,vi,global_test_mc,,,7,0.4666666666666667,0.5333333333333333,1024,0.7607421875,0.5002906639128923,0.26045152358710766,0.026670236015319825,0.988995045889169,0.4685401124879718
bayesfl_observability_v1,vi_lr0p002_b256_e5_prior0p05,20,vi,global_test_mc,,,8,0.5333333333333333,0.6,892,0.8340807174887892,0.567452775523267,0.2666279419655222,0.02378321242332458,0.8242502495846941,0.37323875290930536
bayesfl_observability_v1,vi_lr0p002_b256_e5_prior0p05,20,vi,global_test_mc,,,9,0.6,0.6666666666666666,869,0.9113924050632911,0.6330688383828922,0.2783235666803989,0.024186317944526668,0.6011293690278697,0.2557384187250609
bayesfl_observability_v1,vi_lr0p002_b256_e5_prior0p05,20,vi,global_test_mc,,,10,0.6666666666666666,0.7333333333333333,817,0.9571603427172583,0.7001176496176562,0.25704269309960204,0.021000388026237486,0.4459410139805246,0.1626475875789124
bayesfl_observability_v1,vi_lr0p002_b256_e5_prior0p05,20,vi,global_test_mc,,,11,0.7333333333333333,0.8,733,0.9795361527967258,0.7672905063238834,0.2122456464728424,0.015557605886459347,0.31878768763470616,0.09573356378289882
bayesfl_observability_v1,vi_lr0p002_b256_e5_prior0p05,20,vi,global_test_mc,,,12,0.8,0.8666666666666667,674,0.9970326409495549,0.8345659056827647,0.16246673526679023,0.010950257956981662,0.19293035938230396,0.03880430080925145
bayesfl_observability_v1,vi_lr0p002_b256_e5_prior0p05,20,vi,global_test_mc,,,13,0.8666666666666667,0.9333333333333333,527,0.9981024667931688,0.8949376699820415,0.10316479681112734,0.00543678479194641,0.11679489291370254,0.016999427271579205
bayesfl_observability_v1,vi_lr0p002_b256_e5_prior0p05,20,vi,global_test_mc,,,14,0.9333333333333333,1.0,86,1.0,0.9519367245740669,0.04806327542593314,0.000413344168663025,0.04936291905509871,0.0031579347844452187
bayesfl_observability_v1,vi_lr0p002_b256_e5_prior0p05,21,vi,global_test,,,0,0.0,0.06666666666666667,0,,,,,,
bayesfl_observability_v1,vi_lr0p002_b256_e5_prior0p05,21,vi,global_test,,,1,0.06666666666666667,0.13333333333333333,0,,,,,,
bayesfl_observability_v1,vi_lr0p002_b256_e5_prior0p05,21,vi,global_test,,,2,0.13333333333333333,0.2,131,0.2595419847328244,0.18154270446482507,0.07799928026799935,0.0010217905715107915,1.9769480355823312,0.837117153269644
bayesfl_observability_v1,vi_lr0p002_b256_e5_prior0p05,21,vi,global_test,,,3,0.2,0.26666666666666666,667,0.3658170914542729,0.23779704286598194,0.12802004858829094,0.008538937240839007,1.7560115897137185,0.7814654521141453
bayesfl_observability_v1,vi_lr0p002_b256_e5_prior0p05,21,vi,global_test,,,4,0.26666666666666666,0.3333333333333333,1062,0.4566854990583804,0.301086621769404,0.15559887728897642,0.016524600768089297,1.5416805703761214,0.7168982374690571
bayesfl_observability_v1,vi_lr0p002_b256_e5_prior0p05,21,vi,global_test,,,5,0.3333333333333333,0.4,1109,0.5915238954012624,0.3658441173750823,0.22567977802618006,0.025027887383103367,1.2989021973958201,0.6246713396393575
bayesfl_observability_v1,vi_lr0p002_b256_e5_prior0p05,21,vi,global_test,,,6,0.4,0.4666666666666667,1143,0.6815398075240595,0.43312413496399593,0.24841567256006358,0.028393911373615265,1.1123093444844243,0.5444920774311323
bayesfl_observability_v1,vi_lr0p002_b256_e5_prior0p05,21,vi,global_test,,,7,0.4666666666666667,0.5333333333333333,1039,0.8103946102021174,0.49867260375770955,0.3117220064444079,0.03238791646957398,0.9124362172704115,0.4359869915665745
bayesfl_observability_v1,vi_lr0p002_b256_e5_prior0p05,21,vi,global_test,,,8,0.5333333333333333,0.6,884,0.8936651583710408,0.5664773391922135,0.3271878191788272,0.028923403215408327,0.6990938871694367,0.321391119946182
bayesfl_observability_v1,vi_lr0p002_b256_e5_prior0p05,21,vi,global_test,,,9,0.6,0.6666666666666666,717,0.9483960948396095,0.6332226032326245,0.31517349160698505,0.022597939348220828,0.5449752062766954,0.22158416178768484
bayesfl_observability_v1,vi_lr0p002_b256_e5_prior0p05,21,vi,global_test,,,10,0.6666666666666666,0.7333333333333333,773,0.9702457956015524,0.7000939818279863,0.2701518137735661,0.020882735204696662,0.4149257482871664,0.14836932620440849
bayesfl_observability_v1,vi_lr0p002_b256_e5_prior0p05,21,vi,global_test,,,11,0.7333333333333333,0.8,779,0.9910141206675225,0.7672556845306279,0.2237584361368946,0.01743078217506409,0.2852079233439192,0.08049011725898884
bayesfl_observability_v1,vi_lr0p002_b256_e5_prior0p05,21,vi,global_test,,,12,0.8,0.8666666666666667,818,0.9938875305623472,0.8333872454673562,0.16050028509499104,0.013128923320770267,0.20508403985016505,0.04462110937953287
bayesfl_observability_v1,vi_lr0p002_b256_e5_prior0p05,21,vi,global_test,,,13,0.8666666666666667,0.9333333333333333,694,0.9985590778097982,0.8970105270143888,0.10154855079540948,0.007047469425201417,0.11478212913793515,0.015919841278441014
bayesfl_observability_v1,vi_lr0p002_b256_e5_prior0p05,21,vi,global_test,,,14,0.9333333333333333,1.0,184,1.0,0.9511318154956984,0.04886818450430164,0.00089917459487915,0.05019022224713927,0.0032303819613804553
bayesfl_observability_v1,vi_lr0p002_b256_e5_prior0p05,21,vi,global_test_mc,,,0,0.0,0.06666666666666667,0,,,,,,
bayesfl_observability_v1,vi_lr0p002_b256_e5_prior0p05,21,vi,global_test_mc,,,1,0.06666666666666667,0.13333333333333333,0,,,,,,
bayesfl_observability_v1,vi_lr0p002_b256_e5_prior0p05,21,vi,global_test_mc,,,2,0.13333333333333333,0.2,131,0.2595419847328244,0.18154164875736672,0.07800033597545769,0.0010218044012784957,1.9769235694681415,0.8371131961582271
bayesfl_observability_v1,vi_lr0p002_b256_e5_prior0p05,21,vi,global_test_mc,,,3,0.2,0.26666666666666666,668,0.36676646706586824,0.2378400990706004,0.12892636799526783,0.008612281382083892,1.755342044516238,0.7812762131947957
bayesfl_observability_v1,vi_lr0p002_b256_e5_prior0p05,21,vi,global_test_mc,,,4,0.26666666666666666,0.3333333333333333,1062,0.4566854990583804,0.3011485237186238,0.15553697533975663,0.016518026781082152,1.5414531855035412,0.7167669016089143
bayesfl_observability_v1,vi_lr0p002_b256_e5_prior0p05,21,vi,global_test_mc,,,5,0.3333333333333333,0.4,1105,0.5909502262443439,0.36578240305589876,0.22516782318844514,0.024881044462323188,1.29844202660867,0.6246433016671314
bayesfl_observability_v1,vi_lr0p002_b256_e5_prior0p05,21,vi,global_test_mc,,,6,0.4,0.4666666666666667,1145,0.6812227074235808,0.4330121558826563,0.24821055154092453,0.028420108151435856,1.1136787635270164,0.5449824700709514
bayesfl_observability_v1,vi_lr0p002_b256_e5_prior0p05,21,vi,global_test_mc,,,7,0.4666666666666667,0.5333333333333333,1037,0.8100289296046287,0.49854029156088026,0.31148863804374843,0.03230137176513671,0.9131013857364195,0.43632680125958434
bayesfl_observability_v1,vi_lr0p002_b256_e5_prior0p05,21,vi,global_test_mc,,,8,0.5333333333333333,0.6,886,0.8927765237020316,0.5663219566538964,0.32645456704813525,0.028923874640464784,0.7003561476283364,0.32235356082227373
bayesfl_observability_v1,vi_lr0p002_b256_e5_prior0p05,21,vi,global_test_mc,,,9,0.6,0.6666666666666666,721,0.9500693481276006,0.6333174308692202,0.31675191725838037,0.022837813234329225,0.5427679711340535,0.21999631410828907
bayesfl_observability_v1,vi_lr0p002_b256_e5_prior0p05,21,vi,global_test_mc,,,10,0.6666666666666666,0.7333333333333333,771,0.9701686121919585,0.70025886635836,0.2699097458335985,0.020810041403770446,0.41483358743125825,0.1483427451974223
bayesfl_observability_v1,vi_lr0p002_b256_e5_prior0p05,21,vi,global_test_mc,,,11,0.7333333333333333,0.8,782,0.9910485933503836,0.7674509747253965,0.22359761862498717,0.017485333776473995,0.28488029107032226,0.08034071992234805
bayesfl_observability_v1,vi_lr0p002_b256_e5_prior0p05,21,vi,global_test_mc,,,12,0.8,0.8666666666666667,813,0.993849938499385,0.8335002110892996,0.16034972741008535,0.013036432838439938,0.205082569688302,0.044624392488492516
bayesfl_observability_v1,vi_lr0p002_b256_e5_prior0p05,21,vi,global_test_mc,,,13,0.8666666666666667,0.9333333333333333,695,0.9985611510791367,0.8969575154695579,0.10160363560957875,0.0070614526748657225,0.11483271207740839,0.015930358829686967
bayesfl_observability_v1,vi_lr0p002_b256_e5_prior0p05,21,vi,global_test_mc,,,14,0.9333333333333333,1.0,184,1.0,0.9511244199846102,0.04887558001538983,0.000899310672283173,0.05019800128091289,0.0032313450318052555
bayesfl_observability_v1,vi_lr0p002_b256_e5_prior0p05,22,vi,global_test,,,0,0.0,0.06666666666666667,0,,,,,,
bayesfl_observability_v1,vi_lr0p002_b256_e5_prior0p05,22,vi,global_test,,,1,0.06666666666666667,0.13333333333333333,0,,,,,,
bayesfl_observability_v1,vi_lr0p002_b256_e5_prior0p05,22,vi,global_test,,,2,0.13333333333333333,0.2,94,0.22340425531914893,0.18121563738330881,0.04218861793584011,0.000396573008596897,2.000108958558833,0.8442915861910962
bayesfl_observability_v1,vi_lr0p002_b256_e5_prior0p05,22,vi,global_test,,,3,0.2,0.26666666666666666,567,0.36507936507936506,0.23960036176012095,0.1254790033192441,0.007114659488201142,1.75510324498333,0.782125298939054
bayesfl_observability_v1,vi_lr0p002_b256_e5_prior0p05,22,vi,global_test,,,4,0.26666666666666666,0.3333333333333333,1037,0.47540983606557374,0.301284158959798,0.17412567710577576,0.018056832715868946,1.515409400286072,0.7092318997548654
bayesfl_observability_v1,vi_lr0p002_b256_e5_prior0p05,22,vi,global_test,,,5,0.3333333333333333,0.4,1195,0.5506276150627615,0.36530817156057477,0.1853194435021867,0.022145673498511313,1.314307942849323,0.6374057793218222
bayesfl_observability_v1,vi_lr0p002_b256_e5_prior0p05,22,vi,global_test,,,6,0.4,0.4666666666666667,1076,0.6942379182156134,0.43339273433259873,0.2608451838830147,0.028066941785812382,1.0968378591714738,0.5369568704229305
bayesfl_observability_v1,vi_lr0p002_b256_e5_prior0p05,22,vi,global_test,,,7,0.4666666666666667,0.5333333333333333,844,0.764218009478673,0.4991529569806646,0.26506505249800844,0.022371490430831913,0.9788569827780339,0.4611851325814758
bayesfl_observability_v1,vi_lr0p002_b256_e5_prior0p05,22,vi,global_test,,,8,0.5333333333333333,0.6,789,0.844106463878327,0.5664318278715185,0.27767463600680853,0.021908528780937193,0.7995372851991834,0.36185019097853977
bayesfl_observability_v1,vi_lr0p002_b256_e5_prior0p05,22,vi,global_test,,,9,0.6,0.6666666666666666,766,0.9203655352480418,0.6325890646746514,0.2877764705733904,0.022043677645921703,0.5931506225785761,0.24581840482610948
bayesfl_observability_v1,vi_lr0p002_b256_e5_prior0p05,22,vi,global_test,,,10,0.6666666666666666,0.7333333333333333,695,0.9539568345323741,0.6991044957003147,0.2548523388320594,0.017712237548828128,0.4587034455735049,0.16694250147548512
bayesfl_observability_v1,vi_lr0p002_b256_e5_prior0p05,22,vi,global_test,,,11,0.7333333333333333,0.8,692,0.9725433526011561,0.7669113653932693,0.20563198720788678,0.014229733514785764,0.33810076548184964,0.10490424250591697
bayesfl_observability_v1,vi_lr0p002_b256_e5_prior0p05,22,vi,global_test,,,12,0.8,0.8666666666666667,859,0.9953434225844005,0.8337356175477069,0.16160780503669359,0.01388211045265198,0.19731367002127473,0.0415508214024365
bayesfl_observability_v1,vi_lr0p002_b256_e5_prior0p05,22,vi,global_test,,,13,0.8666666666666667,0.9333333333333333,920,0.9978260869565218,0.9017638282283492,0.09606225872817253,0.008837727802991873,0.11339067237694626,0.015968468183975505
bayesfl_observability_v1,vi_lr0p002_b256_e5_prior0p05,22,vi,global_test,,,14,0.9333333333333333,1.0,466,0.9978540772532188,0.959449339833894,0.03840473741932482,0.0017896607637405367,0.051050072831657314,0.00638926639061725
bayesfl_observability_v1,vi_lr0p002_b256_e5_prior0p05,22,vi,global_test_mc,,,0,0.0,0.06666666666666667,0,,,,,,
bayesfl_observability_v1,vi_lr0p002_b256_e5_prior0p05,22,vi,global_test_mc,,,1,0.06666666666666667,0.13333333333333333,0,,,,,,
bayesfl_observability_v1,vi_lr0p002_b256_e5_prior0p05,22,vi,global_test_mc,,,2,0.13333333333333333,0.2,94,0.22340425531914893,0.18122004210314852,0.04218421321600041,0.00039653160423040387,2.0001758501884783,0.8443108080549443
bayesfl_observability_v1,vi_lr0p002_b256_e5_prior0p05,22,vi,global_test_mc,,,3,0.2,0.26666666666666666,567,0.36507936507936506,0.23960444914600837,0.1254749159333567,0.007114427733421324,1.755122311741797,0.7821250319270651
bayesfl_observability_v1,vi_lr0p002_b256_e5_prior0p05,22,vi,global_test_mc,,,4,0.26666666666666666,0.3333333333333333,1037,0.47540983606557374,0.3012811590126188,0.17412867705295493,0.018057143810391425,1.515411232223621,0.7092390183427639
bayesfl_observability_v1,vi_lr0p002_b256_e5_prior0p05,22,vi,global_test_mc,,,5,0.3333333333333333,0.4,1195,0.5506276150627615,0.36530783732565875,0.18531977773710273,0.022145713439583777,1.3143236388721227,0.637413314745516
bayesfl_observability_v1,vi_lr0p002_b256_e5_prior0p05,22,vi,global_test_mc,,,6,0.4,0.4666666666666667,1077,0.6945218198700093,0.4334182269947332,0.26110359287527607,0.02812085695266723,1.096525032872277,0.5367546139099915
bayesfl_observability_v1,vi_lr0p002_b256_e5_prior0p05,22,vi,global_test_mc,,,7,0.4666666666666667,0.5333333333333333,839,0.7651966626936829,0.4990204136476755,0.2661762490460074,0.022332187294960018,0.9778190380910299,0.4604611101252814
bayesfl_observability_v1,vi_lr0p002_b256_e5_prior0p05,22,vi,global_test_mc,,,8,0.5333333333333333,0.6,794,0.8425692695214105,0.5663028659688436,0.27626640355256693,0.021935552442073812,0.8014674739213073,0.3630936148785224
bayesfl_observability_v1,vi_lr0p002_b256_e5_prior0p05,22,vi,global_test_mc,,,9,0.6,0.6666666666666666,764,0.9201570680628273,0.6325890603645934,0.2875680076982339,0.021970195788145068,0.5934985537101461,0.24600814809505853
bayesfl_observability_v1,vi_lr0p002_b256_e5_prior0p05,22,vi,global_test_mc,,,10,0.6666666666666666,0.7333333333333333,696,0.9540229885057471,0.6990605386338015,0.2549624498719456,0.017745386511087414,0.45862210225099803,0.16690969730502572
bayesfl_observability_v1,vi_lr0p002_b256_e5_prior0p05,22,vi,global_test_mc,,,11,0.7333333333333333,0.8,693,0.9725829725829725,0.7669577261414191,0.20562524644155344,0.014249829578399653,0.337939104132494,0.10482925090610895
bayesfl_observability_v1,vi_lr0p002_b256_e5_prior0p05,22,vi,global_test_mc,,,12,0.8,0.8666666666666667,858,0.9953379953379954,0.8337734254090102,0.16156456992898516,0.013862240099906928,0.19728610565612367,0.04153957088545208
bayesfl_observability_v1,vi_lr0p002_b256_e5_prior0p05,22,vi,global_test_mc,,,13,0.8666666666666667,0.9333333333333333,920,0.9978260869565218,0.901765840921713,0.09606024603480878,0.008837542635202408,0.11338834679159134,0.01596810677615197
bayesfl_observability_v1,vi_lr0p002_b256_e5_prior0p05,22,vi,global_test_mc,,,14,0.9333333333333333,1.0,466,0.9978540772532188,0.9594458182993877,0.038408258953831154,0.0017898248672485316,0.05105464899105064,0.006389622735419179
bayesfl_observability_v1,vi_lr0p002_b256_e5_prior0p05,23,vi,global_test,,,0,0.0,0.06666666666666667,0,,,,,,
bayesfl_observability_v1,vi_lr0p002_b256_e5_prior0p05,23,vi,global_test,,,1,0.06666666666666667,0.13333333333333333,1,0.0,0.1292501837015152,0.1292501837015152,1.292501837015152e-05,2.087481737136841,0.8595643043518066
bayesfl_observability_v1,vi_lr0p002_b256_e5_prior0p05,23,vi,global_test,,,2,0.13333333333333333,0.2,71,0.30985915492957744,0.18277989558770624,0.1270792593418712,0.0009022627413272856,1.9509520715391133,0.8318046683996496
bayesfl_observability_v1,vi_lr0p002_b256_e5_prior0p05,23,vi,global_test,,,3,0.2,0.26666666666666666,555,0.390990990990991,0.2394682519070737,0.1515227390839173,0.008409512019157411,1.7082555704288656,0.7712561075751846
bayesfl_observability_v1,vi_lr0p002_b256_e5_prior0p05,23,vi,global_test,,,4,0.26666666666666666,0.3333333333333333,1071,0.49486461251167135,0.3024881346886899,0.19237647782298145,0.020603520774841313,1.487573468718542,0.7023563585361513
bayesfl_observability_v1,vi_lr0p002_b256_e5_prior0p05,23,vi,global_test,,,5,0.3333333333333333,0.4,1245,0.5951807228915663,0.3677646649889199,0.2274160579026464,0.028313299208879476,1.2905583821147322,0.6251079776200903
bayesfl_observability_v1,vi_lr0p002_b256_e5_prior0p05,23,vi,global_test,,,6,0.4,0.4666666666666667,1074,0.6945996275605214,0.4319905726936276,0.2626090548668938,0.02820421249270439,1.1236023303516751,0.5467160321924718
bayesfl_observability_v1,vi_lr0p002_b256_e5_prior0p05,23,vi,global_test,,,7,0.4666666666666667,0.5333333333333333,854,0.7939110070257611,0.4996563843876752,0.29425462263808594,0.02512934477329254,0.9471311303994137,0.44561063517452126
bayesfl_observability_v1,vi_lr0p002_b256_e5_prior0p05,23,vi,global_test,,,8,0.5333333333333333,0.6,775,0.8722580645161291,0.5665621074553459,0.30569595706078323,0.0236914366722107,0.7749301790422009,0.343409125420355
bayesfl_observability_v1,vi_lr0p002_b256_e5_prior0p05,23,vi,global_test,,,9,0.6,0.6666666666666666,757,0.9075297225891678,0.6321522285632759,0.27537749402589184,0.020846076297760013,0.631015897269608,0.2626299549440412
bayesfl_observability_v1,vi_lr0p002_b256_e5_prior0p05,23,vi,global_test,,,10,0.6666666666666666,0.7333333333333333,701,0.9557774607703281,0.6990453700366271,0.25673209073370096,0.017996919560432437,0.4645306209949896,0.16716818493417598
bayesfl_observability_v1,vi_lr0p002_b256_e5_prior0p05,23,vi,global_test,,,11,0.7333333333333333,0.8,691,0.9652677279305355,0.7681092443065947,0.19715848362394084,0.013623651218414313,0.35529272790928135,0.11516698332322835
bayesfl_observability_v1,vi_lr0p002_b256_e5_prior0p05,23,vi,global_test,,,12,0.8,0.8666666666666667,710,0.9971830985915493,0.8337265847434461,0.16345651384810322,0.01160541248321533,0.1923793907736389,0.03881657566403
bayesfl_observability_v1,vi_lr0p002_b256_e5_prior0p05,23,vi,global_test,,,13,0.8666666666666667,0.9333333333333333,833,0.9915966386554622,0.9004237826417189,0.09117285601374336,0.007594698905944823,0.13801234008885233,0.027095541688932235
bayesfl_observability_v1,vi_lr0p002_b256_e5_prior0p05,23,vi,global_test,,,14,0.9333333333333333,1.0,662,1.0,0.9574367744324791,0.0425632255675209,0.002817685532569884,0.043587271923204926,0.002348510439442949
bayesfl_observability_v1,vi_lr0p002_b256_e5_prior0p05,23,vi,global_test_mc,,,0,0.0,0.06666666666666667,0,,,,,,
bayesfl_observability_v1,vi_lr0p002_b256_e5_prior0p05,23,vi,global_test_mc,,,1,0.06666666666666667,0.13333333333333333,1,0.0,0.12918590009212494,0.12918590009212494,1.2918590009212494e-05,2.08736515045166,0.8595334887504578
bayesfl_observability_v1,vi_lr0p002_b256_e5_prior0p05,23,vi,global_test_mc,,,2,0.13333333333333333,0.2,71,0.30985915492957744,0.18278490489637347,0.12707425003320397,0.0009022271752357481,1.9510029554367065,0.8318182834437196
bayesfl_observability_v1,vi_lr0p002_b256_e5_prior0p05,23,vi,global_test_mc,,,3,0.2,0.26666666666666666,555,0.390990990990991,0.2394627118969823,0.1515282790940087,0.008409819489717484,1.7082680904113494,0.7712598900537233
bayesfl_observability_v1,vi_lr0p002_b256_e5_prior0p05,23,vi,global_test_mc,,,4,0.26666666666666666,0.3333333333333333,1071,0.4939309056956116,0.30248620218478217,0.19144470351082943,0.020503727746009833,1.4875614048720074,0.7023512647042867
bayesfl_observability_v1,vi_lr0p002_b256_e5_prior0p05,23,vi,global_test_mc,,,5,0.3333333333333333,0.4,1245,0.5951807228915663,0.367768152243641,0.2274125706479253,0.0283128650456667,1.2905559731295788,0.6251125514746669
bayesfl_observability_v1,vi_lr0p002_b256_e5_prior0p05,23,vi,global_test_mc,,,6,0.4,0.4666666666666667,1074,0.6945996275605214,0.4319823021884293,0.2626173253720921,0.028205100744962693,1.123614424433788,0.546719847000733
bayesfl_observability_v1,vi_lr0p002_b256_e5_prior0p05,23,vi,global_test_mc,,,7,0.4666666666666667,0.5333333333333333,852,0.7934272300469484,0.49957508926100574,0.29385214078594263,0.02503620239496231,0.9478805434535926,0.44600123209013065
bayesfl_observability_v1,vi_lr0p002_b256_e5_prior0p05,23,vi,global_test_mc,,,8,0.5333333333333333,0.6,775,0.8735483870967742,0.5663866295353058,0.30716175756146835,0.0238050362110138,0.7724922792373164,0.3422795681799612
bayesfl_observability_v1,vi_lr0p002_b256_e5_prior0p05,23,vi,global_test_mc,,,9,0.6,0.6666666666666666,759,0.9064558629776021,0.6320614048300681,0.27439445814753394,0.020826539373397828,0.6335115589800245,0.2638476180778976
bayesfl_observability_v1,vi_lr0p002_b256_e5_prior0p05,23,vi,global_test_mc,,,10,0.6666666666666666,0.7333333333333333,701,0.9557774607703281,0.6990427677539548,0.2567346930163733,0.01799710198044777,0.46453089367986233,0.16717009318623155
bayesfl_observability_v1,vi_lr0p002_b256_e5_prior0p05,23,vi,global_test_mc,,,11,0.7333333333333333,0.8,691,0.9652677279305355,0.7681082699302308,0.19715945800030465,0.01362371854782105,0.35529497123489157,0.11516737422532525
bayesfl_observability_v1,vi_lr0p002_b256_e5_prior0p05,23,vi,global_test_mc,,,12,0.8,0.8666666666666667,710,0.9971830985915493,0.8337240551559019,0.16345904343564743,0.011605592083930968,0.19238259196281432,0.03881784912566064
bayesfl_observability_v1,vi_lr0p002_b256_e5_prior0p05,23,vi,global_test_mc,,,13,0.8666666666666667,0.9333333333333333,834,0.9916067146282974,0.9004598224191642,0.09114689220913319,0.007601650810241708,0.13793573962698738,0.027070394844459972
bayesfl_observability_v1,vi_lr0p002_b256_e5_prior0p05,23,vi,global_test_mc,,,14,0.9333333333333333,1.0,661,1.0,0.9574706785256852,0.04252932147431476,0.002811188149452206,0.04355150449925219,0.002344364279940296
bayesfl_observability_v1,vi_lr0p002_b256_e5_prior0p05,24,vi,global_test,,,0,0.0,0.06666666666666667,0,,,,,,
bayesfl_observability_v1,vi_lr0p002_b256_e5_prior0p05,24,vi,global_test,,,1,0.06666666666666667,0.13333333333333333,0,,,,,,
bayesfl_observability_v1,vi_lr0p002_b256_e5_prior0p05,24,vi,global_test,,,2,0.13333333333333333,0.2,60,0.26666666666666666,0.1841162736217181,0.08255039304494857,0.0004953023582696915,1.9750970919926962,0.8405085762341817
bayesfl_observability_v1,vi_lr0p002_b256_e5_prior0p05,24,vi,global_test,,,3,0.2,0.26666666666666666,372,0.3279569892473118,0.23980173604783192,0.0881552531994799,0.003279375419020652,1.8195256071705972,0.7992749291081582
bayesfl_observability_v1,vi_lr0p002_b256_e5_prior0p05,24,vi,global_test,,,4,0.26666666666666666,0.3333333333333333,713,0.394109396914446,0.30330560823476665,0.09080378867967936,0.006474310132861139,1.6053852750743423,0.7404702729630437
bayesfl_observability_v1,vi_lr0p002_b256_e5_prior0p05,24,vi,global_test,,,5,0.3333333333333333,0.4,926,0.40712742980561556,0.3661827223282911,0.04094470747732448,0.003791479912400247,1.4790261095594897,0.7090222119126413
bayesfl_observability_v1,vi_lr0p002_b256_e5_prior0p05,24,vi,global_test,,,6,0.4,0.4666666666666667,931,0.48764769065520946,0.43266939579096053,0.05497829486424893,0.005118479251861575,1.3457984821880926,0.6598486413761061
bayesfl_observability_v1,vi_lr0p002_b256_e5_prior0p05,24,vi,global_test,,,7,0.4666666666666667,0.5333333333333333,841,0.5814506539833532,0.4992735496457493,0.08217710433760383,0.006911094474792482,1.2187335425976766,0.5961046247221485
bayesfl_observability_v1,vi_lr0p002_b256_e5_prior0p05,24,vi,global_test,,,8,0.5333333333333333,0.6,781,0.7131882202304738,0.5661730203066837,0.14701519992379009,0.011481887114048005,1.0127352538701055,0.48190164031811467
bayesfl_observability_v1,vi_lr0p002_b256_e5_prior0p05,24,vi,global_test,,,9,0.6,0.6666666666666666,803,0.8019925280199253,0.6323366908920212,0.1696558371279041,0.0136233637213707,0.8155790132425197,0.37290669081368455
bayesfl_observability_v1,vi_lr0p002_b256_e5_prior0p05,24,vi,global_test,,,10,0.6666666666666666,0.7333333333333333,800,0.85625,0.7011002022027969,0.15514979779720306,0.012411983823776245,0.6681433993577958,0.28698757201433184
bayesfl_observability_v1,vi_lr0p002_b256_e5_prior0p05,24,vi,global_test,,,11,0.7333333333333333,0.8,886,0.9153498871331829,0.7666502843861117,0.14869960274707117,0.013174784803390505,0.465628056709169,0.1835136126987552
bayesfl_observability_v1,vi_lr0p002_b256_e5_prior0p05,24,vi,global_test,,,12,0.8,0.8666666666666667,976,0.9620901639344263,0.8337068765378389,0.12838328739658733,0.012530208849906924,0.3018966224349913,0.09495123669688331
bayesfl_observability_v1,vi_lr0p002_b256_e5_prior0p05,24,vi,global_test,,,13,0.8666666666666667,0.9333333333333333,980,0.9816326530612245,0.8996579226182432,0.08197473044298131,0.008033523583412168,0.1749192663449414,0.04486002429027339
bayesfl_observability_v1,vi_lr0p002_b256_e5_prior0p05,24,vi,global_test,,,14,0.9333333333333333,1.0,931,0.9935553168635876,0.9700412964718427,0.023514020391744883,0.002189155298471449,0.06156482344851394,0.013836777849338207
bayesfl_observability_v1,vi_lr0p002_b256_e5_prior0p05,24,vi,global_test_mc,,,0,0.0,0.06666666666666667,0,,,,,,
bayesfl_observability_v1,vi_lr0p002_b256_e5_prior0p05,24,vi,global_test_mc,,,1,0.06666666666666667,0.13333333333333333,0,,,,,,
bayesfl_observability_v1,vi_lr0p002_b256_e5_prior0p05,24,vi,global_test_mc,,,2,0.13333333333333333,0.2,59,0.2711864406779661,0.18384083347805477,0.08734560719991133,0.0005153390824794769,1.9797542943792827,0.8414870682409255
bayesfl_observability_v1,vi_lr0p002_b256_e5_prior0p05,24,vi,global_test_mc,,,3,0.2,0.26666666666666666,374,0.32887700534759357,0.23976800953321917,0.0891089958143744,0.003332676443457603,1.8178834137432078,0.7987820898147828
bayesfl_observability_v1,vi_lr0p002_b256_e5_prior0p05,24,vi,global_test_mc,,,4,0.26666666666666666,0.3333333333333333,711,0.3952180028129395,0.30331343735152994,0.09190456546140957,0.006534414604306221,1.6047605715388151,0.7402690410111021
bayesfl_observability_v1,vi_lr0p002_b256_e5_prior0p05,24,vi,global_test_mc,,,5,0.3333333333333333,0.4,928,0.4051724137931034,0.36619472654600593,0.03897768724709749,0.003617129376530647,1.4807390904632107,0.7097649595475403
bayesfl_observability_v1,vi_lr0p002_b256_e5_prior0p05,24,vi,global_test_mc,,,6,0.4,0.4666666666666667,930,0.489247311827957,0.4327120514326198,0.056535260395337184,0.005257779216766358,1.3449278000862368,0.6593947902802498
bayesfl_observability_v1,vi_lr0p002_b256_e5_prior0p05,24,vi,global_test_mc,,,7,0.4666666666666667,0.5333333333333333,841,0.5814506539833532,0.49928072601663087,0.08216992796672229,0.006910490942001344,1.2187703219945591,0.5961267395337044
bayesfl_observability_v1,vi_lr0p002_b256_e5_prior0p05,24,vi,global_test_mc,,,8,0.5333333333333333,0.6,780,0.7128205128205128,0.5661363876018769,0.14668412521863594,0.011441361767053604,1.0133871651612796,0.4822585529050766
bayesfl_observability_v1,vi_lr0p002_b256_e5_prior0p05,24,vi,global_test_mc,,,9,0.6,0.6666666666666666,804,0.8022388059701493,0.6322936222920963,0.169945183678053,0.013663592767715463,0.8152083250420603,0.37270451303738267
bayesfl_observability_v1,vi_lr0p002_b256_e5_prior0p05,24,vi,global_test_mc,,,10,0.6666666666666666,0.7333333333333333,799,0.8573216520650814,0.7010607558287428,0.15626089623633854,0.01248524560928345,0.6664019806662549,0.2857110243714945
bayesfl_observability_v1,vi_lr0p002_b256_e5_prior0p05,24,vi,global_test_mc,,,11,0.7333333333333333,0.8,888,0.9144144144144144,0.7666552955502862,0.14775911886412818,0.013121009755134583,0.46713597011995744,0.18462260604441702
bayesfl_observability_v1,vi_lr0p002_b256_e5_prior0p05,24,vi,global_test_mc,,,12,0.8,0.8666666666666667,974,0.9620123203285421,0.8337065754974647,0.12830574483107737,0.012496979546546936,0.3021434217507834,0.09507391913899162
bayesfl_observability_v1,vi_lr0p002_b256_e5_prior0p05,24,vi,global_test_mc,,,13,0.8666666666666667,0.9333333333333333,981,0.981651376146789,0.8996221404313798,0.08202923571540921,0.008047068023681643,0.17487656040293725,0.0448337209873304
bayesfl_observability_v1,vi_lr0p002_b256_e5_prior0p05,24,vi,global_test_mc,,,14,0.9333333333333333,1.0,931,0.9935553168635876,0.9700410585014188,0.023514258362168805,0.0021891774535179155,0.06156247905850667,0.013836640061566903
bayesfl_observability_v1,vi_lr0p002_b256_e5_prior0p05,25,vi,global_test,,,0,0.0,0.06666666666666667,0,,,,,,
bayesfl_observability_v1,vi_lr0p002_b256_e5_prior0p05,25,vi,global_test,,,1,0.06666666666666667,0.13333333333333333,0,,,,,,
bayesfl_observability_v1,vi_lr0p002_b256_e5_prior0p05,25,vi,global_test,,,2,0.13333333333333333,0.2,38,0.21052631578947367,0.18571359272065915,0.02481272306881452,9.428834766149516e-05,1.9838519786533557,0.8413849174976349
bayesfl_observability_v1,vi_lr0p002_b256_e5_prior0p05,25,vi,global_test,,,3,0.2,0.26666666666666666,329,0.2917933130699088,0.24032072156758294,0.05147259150232586,0.001693448260426521,1.7965187906856595,0.7983760777577803
bayesfl_observability_v1,vi_lr0p002_b256_e5_prior0p05,25,vi,global_test,,,4,0.26666666666666666,0.3333333333333333,704,0.3835227272727273,0.30314278754998336,0.08037993972274393,0.005658747756481172,1.6132111278447239,0.7447243739258159
bayesfl_observability_v1,vi_lr0p002_b256_e5_prior0p05,25,vi,global_test,,,5,0.3333333333333333,0.4,836,0.47248803827751196,0.3680115838370255,0.10447645444048648,0.008734231591224668,1.437800567115893,0.6840342582698073
bayesfl_observability_v1,vi_lr0p002_b256_e5_prior0p05,25,vi,global_test,,,6,0.4,0.4666666666666667,927,0.5598705501618123,0.43321388799138566,0.12665666217042665,0.01174107258319855,1.2325946464250517,0.6084834045319624
bayesfl_observability_v1,vi_lr0p002_b256_e5_prior0p05,25,vi,global_test,,,7,0.4666666666666667,0.5333333333333333,925,0.6054054054054054,0.4996809589540636,0.10572444645134182,0.00977951129674912,1.160092037046278,0.5689285972956064
bayesfl_observability_v1,vi_lr0p002_b256_e5_prior0p05,25,vi,global_test,,,8,0.5333333333333333,0.6,856,0.6857476635514018,0.565314681521643,0.12043298202975883,0.010309063261747357,1.0198457759117412,0.49665386090490304
bayesfl_observability_v1,vi_lr0p002_b256_e5_prior0p05,25,vi,global_test,,,9,0.6,0.6666666666666666,764,0.756544502617801,0.63472087782715,0.12182362479065101,0.009307324934005738,0.8384181691713982,0.40691815745768123
bayesfl_observability_v1,vi_lr0p002_b256_e5_prior0p05,25,vi,global_test,,,10,0.6666666666666666,0.7333333333333333,756,0.8148148148148148,0.6996364706250094,0.11517834418980533,0.008707482820749284,0.733899379099803,0.33422482536031456
bayesfl_observability_v1,vi_lr0p002_b256_e5_prior0p05,25,vi,global_test,,,11,0.7333333333333333,0.8,723,0.8879668049792531,0.766352111043442,0.12161469393581104,0.008792742371559137,0.5209527133988476,0.22091651127711043
bayesfl_observability_v1,vi_lr0p002_b256_e5_prior0p05,25,vi,global_test,,,12,0.8,0.8666666666666667,852,0.9518779342723005,0.8338950684932476,0.11798286577905293,0.01005214016437531,0.3140628928309875,0.10844014550038907
bayesfl_observability_v1,vi_lr0p002_b256_e5_prior0p05,25,vi,global_test,,,13,0.8666666666666667,0.9333333333333333,1044,0.9827586206896551,0.9018050699398436,0.08095355074981159,0.00845155069828033,0.16538403826940562,0.042077900217382155
bayesfl_observability_v1,vi_lr0p002_b256_e5_prior0p05,25,vi,global_test,,,14,0.9333333333333333,1.0,1246,0.9975922953451043,0.9634401759978856,0.034152119347218735,0.0042553540706634545,0.049829459544360924,0.006473486266139279
bayesfl_observability_v1,vi_lr0p002_b256_e5_prior0p05,25,vi,global_test_mc,,,0,0.0,0.06666666666666667,0,,,,,,
bayesfl_observability_v1,vi_lr0p002_b256_e5_prior0p05,25,vi,global_test_mc,,,1,0.06666666666666667,0.13333333333333333,0,,,,,,
bayesfl_observability_v1,vi_lr0p002_b256_e5_prior0p05,25,vi,global_test_mc,,,2,0.13333333333333333,0.2,38,0.21052631578947367,0.18573587348586634,0.02479044230360733,9.420368075370785e-05,1.9838776055135225,0.8413940401453721
bayesfl_observability_v1,vi_lr0p002_b256_e5_prior0p05,25,vi,global_test_mc,,,3,0.2,0.26666666666666666,329,0.2917933130699088,0.2403246996794066,0.05146861339050221,0.0016933173805475227,1.7964898583374487,0.7983678796733404
bayesfl_observability_v1,vi_lr0p002_b256_e5_prior0p05,25,vi,global_test_mc,,,4,0.26666666666666666,0.3333333333333333,704,0.3821022727272727,0.30315128895877436,0.07895098376849835,0.005558149257302285,1.6132174594835802,0.744730691510168
bayesfl_observability_v1,vi_lr0p002_b256_e5_prior0p05,25,vi,global_test_mc,,,5,0.3333333333333333,0.4,836,0.47129186602870815,0.36800762939681275,0.1032842366318954,0.008634562182426456,1.4388855918172443,0.6846448043316745
bayesfl_observability_v1,vi_lr0p002_b256_e5_prior0p05,25,vi,global_test_mc,,,6,0.4,0.4666666666666667,926,0.5604751619870411,0.43317686610293954,0.12729829588410152,0.0117878221988678,1.2321345800972396,0.608207540429694
bayesfl_observability_v1,vi_lr0p002_b256_e5_prior0p05,25,vi,global_test_mc,,,7,0.4666666666666667,0.5333333333333333,927,0.6062567421790723,0.4996813534404339,0.10657538873863842,0.009879538536071781,1.159082057663795,0.5683550862304086
bayesfl_observability_v1,vi_lr0p002_b256_e5_prior0p05,25,vi,global_test_mc,,,8,0.5333333333333333,0.6,855,0.6853801169590643,0.5653449173559222,0.12003519960314213,0.010263009566068652,1.0203013954106828,0.49692642936232495
bayesfl_observability_v1,vi_lr0p002_b256_e5_prior0p05,25,vi,global_test_mc,,,9,0.6,0.6666666666666666,764,0.7578534031413613,0.6347079027385611,0.12314550040280015,0.009408316230773931,0.8341512118334545,0.40527080054058456
bayesfl_observability_v1,vi_lr0p002_b256_e5_prior0p05,25,vi,global_test_mc,,,10,0.6666666666666666,0.7333333333333333,756,0.8134920634920635,0.6996250443515324,0.1138670191405311,0.008608346647024152,0.7381944717474715,0.33589790224358834
bayesfl_observability_v1,vi_lr0p002_b256_e5_prior0p05,25,vi,global_test_mc,,,11,0.7333333333333333,0.8,721,0.8876560332871013,0.7662531792208159,0.12140285406628537,0.008753145778179176,0.5217725719311036,0.22138255243493185
bayesfl_observability_v1,vi_lr0p002_b256_e5_prior0p05,25,vi,global_test_mc,,,12,0.8,0.8666666666666667,854,0.9519906323185011,0.8338101848227079,0.11818044749579326,0.010092610216140744,0.3138661147280655,0.10831457118239839
bayesfl_observability_v1,vi_lr0p002_b256_e5_prior0p05,25,vi,global_test_mc,,,13,0.8666666666666667,0.9333333333333333,1044,0.9827586206896551,0.9018025293204063,0.08095609136924886,0.008451815938949581,0.16538270779838965,0.042078205311164206
bayesfl_observability_v1,vi_lr0p002_b256_e5_prior0p05,25,vi,global_test_mc,,,14,0.9333333333333333,1.0,1246,0.9975922953451043,0.9634384129250222,0.034153882420082105,0.00425557374954223,0.049831476008719844,0.006473758085264584
bayesfl_observability_v1,vi_lr0p002_b256_e5_prior0p05,26,vi,global_test,,,0,0.0,0.06666666666666667,0,,,,,,
bayesfl_observability_v1,vi_lr0p002_b256_e5_prior0p05,26,vi,global_test,,,1,0.06666666666666667,0.13333333333333333,0,,,,,,
bayesfl_observability_v1,vi_lr0p002_b256_e5_prior0p05,26,vi,global_test,,,2,0.13333333333333333,0.2,42,0.2857142857142857,0.18428795500880196,0.10142633070548374,0.00042599058896303167,2.038063341662997,0.8416176793121156
bayesfl_observability_v1,vi_lr0p002_b256_e5_prior0p05,26,vi,global_test,,,3,0.2,0.26666666666666666,372,0.29301075268817206,0.23961893897703898,0.05339181371113308,0.0019861754700541507,1.757565947309617,0.7878484583349639
bayesfl_observability_v1,vi_lr0p002_b256_e5_prior0p05,26,vi,global_test,,,4,0.26666666666666666,0.3333333333333333,703,0.43385490753911804,0.30357887543960455,0.1302760320995135,0.009158405056595799,1.558810539639013,0.7243725543001807
bayesfl_observability_v1,vi_lr0p002_b256_e5_prior0p05,26,vi,global_test,,,5,0.3333333333333333,0.4,929,0.5005382131324004,0.36754970857221936,0.13298850456018108,0.012354632073640822,1.3958926013519484,0.6676862371365657
bayesfl_observability_v1,vi_lr0p002_b256_e5_prior0p05,26,vi,global_test,,,6,0.4,0.4666666666666667,945,0.5576719576719577,0.43372460420800263,0.12394735346395502,0.01171302490234375,1.2275918910112331,0.6033687586506838
bayesfl_observability_v1,vi_lr0p002_b256_e5_prior0p05,26,vi,global_test,,,7,0.4666666666666667,0.5333333333333333,862,0.6415313225058005,0.4986915604974167,0.14283976200838377,0.012312787485122682,1.1246469679122182,0.5455764711871225
bayesfl_observability_v1,vi_lr0p002_b256_e5_prior0p05,26,vi,global_test,,,8,0.5333333333333333,0.6,740,0.7162162162162162,0.56648754880235,0.14972866741386626,0.011079921388626103,0.9688940563717404,0.46859938389546163
bayesfl_observability_v1,vi_lr0p002_b256_e5_prior0p05,26,vi,global_test,,,9,0.6,0.6666666666666666,729,0.8491083676268861,0.6338608166808454,0.21524755094604076,0.015691546463966373,0.6994244124336662,0.31738166627569947
bayesfl_observability_v1,vi_lr0p002_b256_e5_prior0p05,26,vi,global_test,,,10,0.6666666666666666,0.7333333333333333,712,0.875,0.6996172244629163,0.1753827755370837,0.012487253618240358,0.6360096743937289,0.2645255620225092
bayesfl_observability_v1,vi_lr0p002_b256_e5_prior0p05,26,vi,global_test,,,11,0.7333333333333333,0.8,785,0.9464968152866242,0.7678541304958854,0.17864268479073886,0.014023450756073001,0.40046425959107224,0.14160913859203364
bayesfl_observability_v1,vi_lr0p002_b256_e5_prior0p05,26,vi,global_test,,,12,0.8,0.8666666666666667,836,0.9760765550239234,0.834217132349904,0.1418594226740194,0.011859447735548022,0.25889548607634016,0.07241545268223046
bayesfl_observability_v1,vi_lr0p002_b256_e5_prior0p05,26,vi,global_test,,,13,0.8666666666666667,0.9333333333333333,931,0.99140708915145,0.9019590924813079,0.08944799667014214,0.008327608489990233,0.13677764303830206,0.027513936101974144
bayesfl_observability_v1,vi_lr0p002_b256_e5_prior0p05,26,vi,global_test,,,14,0.9333333333333333,1.0,1414,0.9985855728429985,0.9645868528007281,0.03399872004227045,0.004807419013977041,0.044297703527325115,0.004535918674646459
bayesfl_observability_v1,vi_lr0p002_b256_e5_prior0p05,26,vi,global_test_mc,,,0,0.0,0.06666666666666667,0,,,,,,
bayesfl_observability_v1,vi_lr0p002_b256_e5_prior0p05,26,vi,global_test_mc,,,1,0.06666666666666667,0.13333333333333333,0,,,,,,
bayesfl_observability_v1,vi_lr0p002_b256_e5_prior0p05,26,vi,global_test_mc,,,2,0.13333333333333333,0.2,42,0.2857142857142857,0.18429034664517358,0.10142393906911212,0.0004259805440902709,2.0380332441557023,0.8416141328357515
bayesfl_observability_v1,vi_lr0p002_b256_e5_prior0p05,26,vi,global_test_mc,,,3,0.2,0.26666666666666666,372,0.29301075268817206,0.23962227042804482,0.05338848226012724,0.0019860515400767333,1.7575692194764332,0.7878497005790792
bayesfl_observability_v1,vi_lr0p002_b256_e5_prior0p05,26,vi,global_test_mc,,,4,0.26666666666666666,0.3333333333333333,703,0.43385490753911804,0.30358615954264806,0.13026874799646998,0.00915789298415184,1.5588320810798222,0.7243844944755858
bayesfl_observability_v1,vi_lr0p002_b256_e5_prior0p05,26,vi,global_test_mc,,,5,0.3333333333333333,0.4,929,0.5005382131324004,0.3675450282602444,0.13299318487215606,0.012355066874623297,1.3958932534742408,0.6676861077899954
bayesfl_observability_v1,vi_lr0p002_b256_e5_prior0p05,26,vi,global_test_mc,,,6,0.4,0.4666666666666667,945,0.5566137566137566,0.43372517489882373,0.12288858171493283,0.011612970972061152,1.2285611430173198,0.6039160476159797
bayesfl_observability_v1,vi_lr0p002_b256_e5_prior0p05,26,vi,global_test_mc,,,7,0.4666666666666667,0.5333333333333333,862,0.642691415313225,0.4986895170676459,0.14400189824557913,0.012412963628768921,1.1236107332800491,0.5449944305862462
bayesfl_observability_v1,vi_lr0p002_b256_e5_prior0p05,26,vi,global_test_mc,,,8,0.5333333333333333,0.6,740,0.7162162162162162,0.5664893556285548,0.14972686058766138,0.011079787683486943,0.9689034577962514,0.4686059236526489
bayesfl_observability_v1,vi_lr0p002_b256_e5_prior0p05,26,vi,global_test_mc,,,9,0.6,0.6666666666666666,728,0.8489010989010989,0.6338126056796902,0.21508849322140866,0.01565844230651855,0.6998284509876272,0.3176410230961475
bayesfl_observability_v1,vi_lr0p002_b256_e5_prior0p05,26,vi,global_test_mc,,,10,0.6666666666666666,0.7333333333333333,712,0.875,0.6995216952950767,0.17547830470492332,0.01249405529499054,0.6361554670199919,0.26458427862504896
bayesfl_observability_v1,vi_lr0p002_b256_e5_prior0p05,26,vi,global_test_mc,,,11,0.7333333333333333,0.8,786,0.9465648854961832,0.7678114391161892,0.17875344637999402,0.014050020885467529,0.40036085543741706,0.14154877212211375
bayesfl_observability_v1,vi_lr0p002_b256_e5_prior0p05,26,vi,global_test_mc,,,12,0.8,0.8666666666666667,835,0.9760479041916168,0.8341804266689781,0.14186747752263873,0.011845934373140334,0.2590299964486482,0.07247405228411366
bayesfl_observability_v1,vi_lr0p002_b256_e5_prior0p05,26,vi,global_test_mc,,,13,0.8666666666666667,0.9333333333333333,932,0.9914163090128756,0.9019247595332723,0.08949154947960325,0.008340612411499023,0.13678138971712456,0.02750851079629726
bayesfl_observability_v1,vi_lr0p002_b256_e5_prior0p05,26,vi,global_test_mc,,,14,0.9333333333333333,1.0,1414,0.9985855728429985,0.9645882337400229,0.03399733910297564,0.004807223749160756,0.044296493793309494,0.00453575573271454
bayesfl_observability_v1,vi_lr0p002_b256_e5_prior0p05,27,vi,global_test,,,0,0.0,0.06666666666666667,0,,,,,,
bayesfl_observability_v1,vi_lr0p002_b256_e5_prior0p05,27,vi,global_test,,,1,0.06666666666666667,0.13333333333333333,0,,,,,,
bayesfl_observability_v1,vi_lr0p002_b256_e5_prior0p05,27,vi,global_test,,,2,0.13333333333333333,0.2,41,0.2926829268292683,0.1854787338070753,0.10720419302219297,0.0004395371913909912,1.9654579860408132,0.8393151353045207
bayesfl_observability_v1,vi_lr0p002_b256_e5_prior0p05,27,vi,global_test,,,3,0.2,0.26666666666666666,282,0.30851063829787234,0.24025922316185971,0.06825141513601263,0.0019246899068355561,1.8514311985766634,0.8096515477126371
bayesfl_observability_v1,vi_lr0p002_b256_e5_prior0p05,27,vi,global_test,,,4,0.26666666666666666,0.3333333333333333,595,0.33949579831932775,0.30308566995027686,0.03641012836905089,0.0021664026379585276,1.648386072912136,0.7629764148167202
bayesfl_observability_v1,vi_lr0p002_b256_e5_prior0p05,27,vi,global_test,,,5,0.3333333333333333,0.4,753,0.3745019920318725,0.3669634121822646,0.007538579849607929,0.000567655062675477,1.5781122140517114,0.7409576774435056
bayesfl_observability_v1,vi_lr0p002_b256_e5_prior0p05,27,vi,global_test,,,6,0.4,0.4666666666666667,856,0.4357476635514019,0.43410827400528385,0.0016393895461180308,0.00014033174514770344,1.444087332654222,0.6951333028133785
bayesfl_observability_v1,vi_lr0p002_b256_e5_prior0p05,27,vi,global_test,,,7,0.4666666666666667,0.5333333333333333,773,0.48382923673997413,0.49783484716773185,0.01400561042775772,0.0010826336860656717,1.3566050597335204,0.6666903822727376
bayesfl_observability_v1,vi_lr0p002_b256_e5_prior0p05,27,vi,global_test,,,8,0.5333333333333333,0.6,733,0.5716234652114598,0.5671825148724273,0.004440950339032468,0.0003255216598510799,1.2572992771741964,0.6053576001041094
bayesfl_observability_v1,vi_lr0p002_b256_e5_prior0p05,27,vi,global_test,,,9,0.6,0.6666666666666666,709,0.6643159379407616,0.6330706651187246,0.03124527282203704,0.0022152898430824264,1.0576056383224401,0.5144438151748292
bayesfl_observability_v1,vi_lr0p002_b256_e5_prior0p05,27,vi,global_test,,,10,0.6666666666666666,0.7333333333333333,719,0.7858136300417247,0.7002385050597211,0.08557512498200359,0.006152851486206058,0.8066528072277594,0.372446262869616
bayesfl_observability_v1,vi_lr0p002_b256_e5_prior0p05,27,vi,global_test,,,11,0.7333333333333333,0.8,783,0.8722860791826309,0.7694287501075715,0.1028573290750594,0.008053728866577152,0.5903894380591381,0.24545809089909112
bayesfl_observability_v1,vi_lr0p002_b256_e5_prior0p05,27,vi,global_test,,,12,0.8,0.8666666666666667,883,0.9501698754246886,0.8349312426414792,0.11523863278320934,0.010175571274757385,0.3309008716051873,0.11322723145123112
bayesfl_observability_v1,vi_lr0p002_b256_e5_prior0p05,27,vi,global_test,,,13,0.8666666666666667,0.9333333333333333,1229,0.983726606997559,0.9015633179173419,0.08216328908021708,0.01009786822795868,0.16064515212767486,0.04052954877630494
bayesfl_observability_v1,vi_lr0p002_b256_e5_prior0p05,27,vi,global_test,,,14,0.9333333333333333,1.0,1644,0.9993917274939172,0.9636873073531473,0.03570442014076991,0.005869806671142573,0.04002313256046198,0.0032029547079958005
bayesfl_observability_v1,vi_lr0p002_b256_e5_prior0p05,27,vi,global_test_mc,,,0,0.0,0.06666666666666667,0,,,,,,
bayesfl_observability_v1,vi_lr0p002_b256_e5_prior0p05,27,vi,global_test_mc,,,1,0.06666666666666667,0.13333333333333333,0,,,,,,
bayesfl_observability_v1,vi_lr0p002_b256_e5_prior0p05,27,vi,global_test_mc,,,2,0.13333333333333333,0.2,41,0.2926829268292683,0.18548397138351347,0.1071989554457548,0.00043951571732759464,1.965483299115809,0.8393190401356395
bayesfl_observability_v1,vi_lr0p002_b256_e5_prior0p05,27,vi,global_test_mc,,,3,0.2,0.26666666666666666,281,0.298932384341637,0.2401576101037531,0.05877477423788388,0.0016515711560845371,1.8533230345444323,0.810266133517133
bayesfl_observability_v1,vi_lr0p002_b256_e5_prior0p05,27,vi,global_test_mc,,,4,0.26666666666666666,0.3333333333333333,597,0.34003350083752093,0.3030767037441183,0.036956797093402605,0.0022063207864761354,1.6484612316342455,0.7630191224703637
bayesfl_observability_v1,vi_lr0p002_b256_e5_prior0p05,27,vi,global_test_mc,,,5,0.3333333333333333,0.4,751,0.37283621837549935,0.36696713551700355,0.0058690828584958,0.00044076812267303456,1.578416617351588,0.7411230216807277
bayesfl_observability_v1,vi_lr0p002_b256_e5_prior0p05,27,vi,global_test_mc,,,6,0.4,0.4666666666666667,857,0.4364060676779463,0.43406726265176176,0.002338805026184554,0.00020043559074401623,1.4434706867088931,0.694851688910254
bayesfl_observability_v1,vi_lr0p002_b256_e5_prior0p05,27,vi,global_test_mc,,,7,0.4666666666666667,0.5333333333333333,773,0.48382923673997413,0.4978360210630903,0.01400678432311614,0.0010827244281768776,1.3568671264747136,0.6668169809960763
bayesfl_observability_v1,vi_lr0p002_b256_e5_prior0p05,27,vi,global_test_mc,,,8,0.5333333333333333,0.6,733,0.5716234652114598,0.5671851417052307,0.0044383235062290805,0.0003253291130065916,1.2570261714565802,0.6052210555395358
bayesfl_observability_v1,vi_lr0p002_b256_e5_prior0p05,27,vi,global_test_mc,,,9,0.6,0.6666666666666666,709,0.6643159379407616,0.6330684619326518,0.031247476008109842,0.002215446048974988,1.057614447872124,0.5144458189501581
bayesfl_observability_v1,vi_lr0p002_b256_e5_prior0p05,27,vi,global_test_mc,,,10,0.6666666666666666,0.7333333333333333,719,0.7858136300417247,0.7002455405631881,0.08556808947853656,0.006152345633506778,0.8066469200463222,0.3724443816342838
bayesfl_observability_v1,vi_lr0p002_b256_e5_prior0p05,27,vi,global_test_mc,,,11,0.7333333333333333,0.8,784,0.8724489795918368,0.7694731147921815,0.10297586479965526,0.00807330780029297,0.5899261668020365,0.2452033513358661
bayesfl_observability_v1,vi_lr0p002_b256_e5_prior0p05,27,vi,global_test_mc,,,12,0.8,0.8666666666666667,880,0.95,0.8348969198763371,0.11510308012366288,0.010129071050882333,0.33144970752976155,0.11350996717810631
bayesfl_observability_v1,vi_lr0p002_b256_e5_prior0p05,27,vi,global_test_mc,,,13,0.8666666666666667,0.9333333333333333,1231,0.983753046303818,0.90150466631526,0.08224837998855794,0.010124775576591482,0.16062156385178492,0.040500804240218416
bayesfl_observability_v1,vi_lr0p002_b256_e5_prior0p05,27,vi,global_test_mc,,,14,0.9333333333333333,1.0,1644,0.9993917274939172,0.9636879106507684,0.03570381684314883,0.005869707489013667,0.04002277134326253,0.003202960383455176
bayesfl_observability_v1,vi_lr0p002_b256_e5_prior0p05,28,vi,global_test,,,0,0.0,0.06666666666666667,0,,,,,,
bayesfl_observability_v1,vi_lr0p002_b256_e5_prior0p05,28,vi,global_test,,,1,0.06666666666666667,0.13333333333333333,0,,,,,,
bayesfl_observability_v1,vi_lr0p002_b256_e5_prior0p05,28,vi,global_test,,,2,0.13333333333333333,0.2,29,0.1724137931034483,0.1817068426773466,0.009293049573898315,2.6949843764305115e-05,1.993619573527369,0.8429534455825543
bayesfl_observability_v1,vi_lr0p002_b256_e5_prior0p05,28,vi,global_test,,,3,0.2,0.26666666666666666,328,0.24390243902439024,0.2419334702284598,0.001968968795930448,6.45821765065187e-05,1.8615730615650736,0.8221119376944332
bayesfl_observability_v1,vi_lr0p002_b256_e5_prior0p05,28,vi,global_test,,,4,0.26666666666666666,0.3333333333333333,721,0.2926490984743412,0.3013867799518178,0.008737681477476611,0.0006299868345260636,1.739656211599067,0.7875682112248034
bayesfl_observability_v1,vi_lr0p002_b256_e5_prior0p05,28,vi,global_test,,,5,0.3333333333333333,0.4,833,0.36014405762304924,0.3662780269998319,0.0061339693767826775,0.000510959649085997,1.5586423043872701,0.7431612466993023
bayesfl_observability_v1,vi_lr0p002_b256_e5_prior0p05,28,vi,global_test,,,6,0.4,0.4666666666666667,922,0.4750542299349241,0.4340025116719807,0.041051718262943404,0.0037849684238433815,1.4023933400300992,0.6788221010675658
bayesfl_observability_v1,vi_lr0p002_b256_e5_prior0p05,28,vi,global_test,,,7,0.4666666666666667,0.5333333333333333,1025,0.5619512195121952,0.5013705437939342,0.06058067571826098,0.00620951926112175,1.155032120448787,0.591154716073013
bayesfl_observability_v1,vi_lr0p002_b256_e5_prior0p05,28,vi,global_test,,,8,0.5333333333333333,0.6,971,0.6714727085478888,0.5661099627383829,0.10536274580950589,0.010230722618103021,1.0363530346588543,0.5146763803539021
bayesfl_observability_v1,vi_lr0p002_b256_e5_prior0p05,28,vi,global_test,,,9,0.6,0.6666666666666666,910,0.7681318681318682,0.6336254287552048,0.1345064393766634,0.01224008598327637,0.8534061568123954,0.41234129130185304
bayesfl_observability_v1,vi_lr0p002_b256_e5_prior0p05,28,vi,global_test,,,10,0.6666666666666666,0.7333333333333333,859,0.8346915017462165,0.700253155511805,0.13443834623441153,0.011548253941535951,0.6972895064093042,0.31494822824098456
bayesfl_observability_v1,vi_lr0p002_b256_e5_prior0p05,28,vi,global_test,,,11,0.7333333333333333,0.8,815,0.9067484662576687,0.7664989993616116,0.1402494668960571,0.011430331552028654,0.5048386055267662,0.20183672261384367
bayesfl_observability_v1,vi_lr0p002_b256_e5_prior0p05,28,vi,global_test,,,12,0.8,0.8666666666666667,804,0.9689054726368159,0.8338540822119263,0.13505139042488967,0.01085813179016113,0.26440549723396256,0.08498827885113545
bayesfl_observability_v1,vi_lr0p002_b256_e5_prior0p05,28,vi,global_test,,,13,0.8666666666666667,0.9333333333333333,956,0.9874476987447699,0.9006060905536348,0.08684160819113507,0.008302057743072513,0.15094810524744967,0.0349527851339414
bayesfl_observability_v1,vi_lr0p002_b256_e5_prior0p05,28,vi,global_test,,,14,0.9333333333333333,1.0,827,0.9987908101571947,0.9579675197601318,0.040823290397062895,0.0033760861158371016,0.04702339781743295,0.0046554290525673775
bayesfl_observability_v1,vi_lr0p002_b256_e5_prior0p05,28,vi,global_test_mc,,,0,0.0,0.06666666666666667,0,,,,,,
bayesfl_observability_v1,vi_lr0p002_b256_e5_prior0p05,28,vi,global_test_mc,,,1,0.06666666666666667,0.13333333333333333,0,,,,,,
bayesfl_observability_v1,vi_lr0p002_b256_e5_prior0p05,28,vi,global_test_mc,,,2,0.13333333333333333,0.2,29,0.1724137931034483,0.18170599588032427,0.00929220277687598,2.694738805294034e-05,1.9934988268490494,0.8429151424046221
bayesfl_observability_v1,vi_lr0p002_b256_e5_prior0p05,28,vi,global_test_mc,,,3,0.2,0.26666666666666666,327,0.24464831804281345,0.2418521881012377,0.0027961299415757424,9.143344908952677e-05,1.8616917439556997,0.8220535930508138
bayesfl_observability_v1,vi_lr0p002_b256_e5_prior0p05,28,vi,global_test_mc,,,4,0.26666666666666666,0.3333333333333333,722,0.2950138504155125,0.30134811667193995,0.006334266256427468,0.00045733402371406315,1.7356420441677696,0.7861937192008106
bayesfl_observability_v1,vi_lr0p002_b256_e5_prior0p05,28,vi,global_test_mc,,,5,0.3333333333333333,0.4,834,0.35851318944844124,0.3663163972701386,0.0078032078216973555,0.0006507875323295594,1.562635589274857,0.7446647410770114
bayesfl_observability_v1,vi_lr0p002_b256_e5_prior0p05,28,vi,global_test_mc,,,6,0.4,0.4666666666666667,921,0.4755700325732899,0.4340298722025885,0.04154016037070141,0.0038258487701415995,1.401752854014841,0.6785133969641405
bayesfl_observability_v1,vi_lr0p002_b256_e5_prior0p05,28,vi,global_test_mc,,,7,0.4666666666666667,0.5333333333333333,1025,0.5619512195121952,0.5013594235734242,0.060591795938770954,0.006210659083724023,1.1550493147315049,0.5911536457480454
bayesfl_observability_v1,vi_lr0p002_b256_e5_prior0p05,28,vi,global_test_mc,,,8,0.5333333333333333,0.6,970,0.6711340206185566,0.5660747203630271,0.10505930025552956,0.010190752124786368,1.036901536921865,0.5149098032528592
bayesfl_observability_v1,vi_lr0p002_b256_e5_prior0p05,28,vi,global_test_mc,,,9,0.6,0.6666666666666666,911,0.7683863885839737,0.6335762853025736,0.13481010328140008,0.012281200408935548,0.8530467155866905,0.41231528856882543
bayesfl_observability_v1,vi_lr0p002_b256_e5_prior0p05,28,vi,global_test_mc,,,10,0.6666666666666666,0.7333333333333333,857,0.8343057176196033,0.70017653182062,0.13412918579898325,0.011494871222972864,0.6981990345717868,0.3153042615225045
bayesfl_observability_v1,vi_lr0p002_b256_e5_prior0p05,28,vi,global_test_mc,,,11,0.7333333333333333,0.8,818,0.9070904645476773,0.7664583383679099,0.1406321261797674,0.011503707921504973,0.5040053007509423,0.2014621957079997
bayesfl_observability_v1,vi_lr0p002_b256_e5_prior0p05,28,vi,global_test_mc,,,12,0.8,0.8666666666666667,802,0.9688279301745636,0.8338625248233577,0.13496540535120594,0.010824225509166716,0.2645975402614422,0.0850977798333935
bayesfl_observability_v1,vi_lr0p002_b256_e5_prior0p05,28,vi,global_test_mc,,,13,0.8666666666666667,0.9333333333333333,957,0.987460815047022,0.9005746288359352,0.08688618621108679,0.008315008020401006,0.15094094951573833,0.03494180882954921
bayesfl_observability_v1,vi_lr0p002_b256_e5_prior0p05,28,vi,global_test_mc,,,14,0.9333333333333333,1.0,827,0.9987908101571947,0.957967556805824,0.040823253351370714,0.0033760830521583577,0.0470254964126497,0.004655666373998936
bayesfl_observability_v1,vi_lr0p002_b256_e5_prior0p05,29,vi,global_test,,,0,0.0,0.06666666666666667,0,,,,,,
bayesfl_observability_v1,vi_lr0p002_b256_e5_prior0p05,29,vi,global_test,,,1,0.06666666666666667,0.13333333333333333,0,,,,,,
bayesfl_observability_v1,vi_lr0p002_b256_e5_prior0p05,29,vi,global_test,,,2,0.13333333333333333,0.2,44,0.25,0.18321944773197174,0.06678055226802826,0.0002938344299793243,1.938447581096129,0.8350329399108887
bayesfl_observability_v1,vi_lr0p002_b256_e5_prior0p05,29,vi,global_test,,,3,0.2,0.26666666666666666,329,0.2765957446808511,0.23979734980407819,0.03679839487677289,0.001210667191445828,1.8669835289198577,0.816883127740089
bayesfl_observability_v1,vi_lr0p002_b256_e5_prior0p05,29,vi,global_test,,,4,0.26666666666666666,0.3333333333333333,693,0.29292929292929293,0.301945049181301,0.009015756252008067,0.000624791908264159,1.7622542842298015,0.7961659913111214
bayesfl_observability_v1,vi_lr0p002_b256_e5_prior0p05,29,vi,global_test,,,5,0.3333333333333333,0.4,814,0.37223587223587223,0.3659707293170676,0.006265142918804645,0.0005099826335906981,1.6014152322998796,0.7519426448339326
bayesfl_observability_v1,vi_lr0p002_b256_e5_prior0p05,29,vi,global_test,,,6,0.4,0.4666666666666667,802,0.49875311720698257,0.4339333264310461,0.06481979077593647,0.0051985472202301045,1.3975313357878802,0.666195821286437
bayesfl_observability_v1,vi_lr0p002_b256_e5_prior0p05,29,vi,global_test,,,7,0.4666666666666667,0.5333333333333333,852,0.5786384976525821,0.5001966465666821,0.07844185108590007,0.006683245712518686,1.1749032692450312,0.5874774758944489
bayesfl_observability_v1,vi_lr0p002_b256_e5_prior0p05,29,vi,global_test,,,8,0.5333333333333333,0.6,794,0.7455919395465995,0.5667210755029913,0.1788708640436082,0.01420234660506249,0.999963594323742,0.47163061215835494
bayesfl_observability_v1,vi_lr0p002_b256_e5_prior0p05,29,vi,global_test,,,9,0.6,0.6666666666666666,778,0.8303341902313625,0.6334309649191663,0.19690322531219617,0.015319070929288862,0.7458322706289954,0.3488648643377201
bayesfl_observability_v1,vi_lr0p002_b256_e5_prior0p05,29,vi,global_test,,,10,0.6666666666666666,0.7333333333333333,814,0.8734643734643734,0.6998020519642045,0.17366232150016891,0.014136112970113749,0.6455559488889333,0.2780110201082153
bayesfl_observability_v1,vi_lr0p002_b256_e5_prior0p05,29,vi,global_test,,,11,0.7333333333333333,0.8,891,0.9248035914702581,0.7658194860090176,0.15898410546124053,0.014165483796596533,0.45916434226078884,0.17926108329551657
bayesfl_observability_v1,vi_lr0p002_b256_e5_prior0p05,29,vi,global_test,,,12,0.8,0.8666666666666667,989,0.9777553083923155,0.8339064417762873,0.14384886661602825,0.014226652908325192,0.2495340611503146,0.0729810268259386
bayesfl_observability_v1,vi_lr0p002_b256_e5_prior0p05,29,vi,global_test,,,13,0.8666666666666667,0.9333333333333333,1158,0.9930915371329879,0.9013130533056968,0.09177848382729115,0.010627948427200315,0.13341893281446632,0.02568213148155155
bayesfl_observability_v1,vi_lr0p002_b256_e5_prior0p05,29,vi,global_test,,,14,0.9333333333333333,1.0,1042,1.0,0.9591735173553056,0.04082648264469435,0.004254119491577151,0.04182461880848184,0.002491200282890886
bayesfl_observability_v1,vi_lr0p002_b256_e5_prior0p05,29,vi,global_test_mc,,,0,0.0,0.06666666666666667,0,,,,,,
bayesfl_observability_v1,vi_lr0p002_b256_e5_prior0p05,29,vi,global_test_mc,,,1,0.06666666666666667,0.13333333333333333,0,,,,,,
bayesfl_observability_v1,vi_lr0p002_b256_e5_prior0p05,29,vi,global_test_mc,,,2,0.13333333333333333,0.2,44,0.25,0.18323908746242523,0.06676091253757477,0.000293748015165329,1.9384084398096257,0.8350232920863412
bayesfl_observability_v1,vi_lr0p002_b256_e5_prior0p05,29,vi,global_test_mc,,,3,0.2,0.26666666666666666,328,0.27439024390243905,0.23970555582242767,0.03468468808001138,0.001137657769024373,1.8686243622768215,0.8172785941420532
bayesfl_observability_v1,vi_lr0p002_b256_e5_prior0p05,29,vi,global_test_mc,,,4,0.26666666666666666,0.3333333333333333,695,0.2935251798561151,0.3019397560641062,0.008414576207991131,0.0005848130464553837,1.7611049295329362,0.7958989959826572
bayesfl_observability_v1,vi_lr0p002_b256_e5_prior0p05,29,vi,global_test_mc,,,5,0.3333333333333333,0.4,811,0.37361282367447596,0.3659214533948134,0.007691370279662546,0.0006237701296806325,1.6017426221497109,0.7517777488793163
bayesfl_observability_v1,vi_lr0p002_b256_e5_prior0p05,29,vi,global_test_mc,,,6,0.4,0.4666666666666667,806,0.4975186104218362,0.43393592562332345,0.06358268479851276,0.005124764394760129,1.3968726151042776,0.6662876866295675
bayesfl_observability_v1,vi_lr0p002_b256_e5_prior0p05,29,vi,global_test_mc,,,7,0.4666666666666667,0.5333333333333333,849,0.5783274440518257,0.5002379544842791,0.07808948956754658,0.006629797664284704,1.1760053721698631,0.5879378489386488
bayesfl_observability_v1,vi_lr0p002_b256_e5_prior0p05,29,vi,global_test_mc,,,8,0.5333333333333333,0.6,795,0.7459119496855345,0.5666803771594785,0.17923157252605604,0.014248910015821454,0.9994794635652746,0.4713707851163996
bayesfl_observability_v1,vi_lr0p002_b256_e5_prior0p05,29,vi,global_test_mc,,,9,0.6,0.6666666666666666,777,0.8301158301158301,0.6333883845054351,0.196727445610395,0.015285722523927691,0.7462597416864859,0.3491350718830236
bayesfl_observability_v1,vi_lr0p002_b256_e5_prior0p05,29,vi,global_test_mc,,,10,0.6666666666666666,0.7333333333333333,814,0.8734643734643734,0.6997179428541104,0.17374643061026307,0.014142959451675416,0.6456718131789997,0.2780622804413849
bayesfl_observability_v1,vi_lr0p002_b256_e5_prior0p05,29,vi,global_test_mc,,,11,0.7333333333333333,0.8,892,0.9248878923766816,0.7657816363957965,0.15910625598088501,0.014192278033494944,0.45899260134306724,0.1791606143016719
bayesfl_observability_v1,vi_lr0p002_b256_e5_prior0p05,29,vi,global_test_mc,,,12,0.8,0.8666666666666667,990,0.9777777777777777,0.8339411224981751,0.14383665527960265,0.014239828872680663,0.2494259998051807,0.07293153953070593
bayesfl_observability_v1,vi_lr0p002_b256_e5_prior0p05,29,vi,global_test_mc,,,13,0.8666666666666667,0.9333333333333333,1157,0.993085566119274,0.9013420086846644,0.0917435574346096,0.01061472959518433,0.1334122687758509,0.02568525622953808
bayesfl_observability_v1,vi_lr0p002_b256_e5_prior0p05,29,vi,global_test_mc,,,14,0.9333333333333333,1.0,1042,1.0,0.9591739575830851,0.0408260424169149,0.004254073619842532,0.041824136036600124,0.002491125633185747
bayesfl_observability_v1,vi_lr0p002_b256_e5_prior0p05,30,vi,global_test,,,0,0.0,0.06666666666666667,0,,,,,,
bayesfl_observability_v1,vi_lr0p002_b256_e5_prior0p05,30,vi,global_test,,,1,0.06666666666666667,0.13333333333333333,0,,,,,,
bayesfl_observability_v1,vi_lr0p002_b256_e5_prior0p05,30,vi,global_test,,,2,0.13333333333333333,0.2,32,0.3125,0.18700707983225584,0.12549292016774416,0.0004015773445367813,1.9251687414944172,0.828585546463728
bayesfl_observability_v1,vi_lr0p002_b256_e5_prior0p05,30,vi,global_test,,,3,0.2,0.26666666666666666,246,0.3333333333333333,0.2398614362487948,0.09347189708453851,0.0022994086682796475,1.7519503434499104,0.7848013767866584
bayesfl_observability_v1,vi_lr0p002_b256_e5_prior0p05,30,vi,global_test,,,4,0.26666666666666666,0.3333333333333333,617,0.4359805510534846,0.30351091059139135,0.13246964046209325,0.008173376816511153,1.5908354814473775,0.7367996391832732
bayesfl_observability_v1,vi_lr0p002_b256_e5_prior0p05,30,vi,global_test,,,5,0.3333333333333333,0.4,760,0.4921052631578947,0.3689586448826288,0.1231466182752659,0.009359142988920209,1.382955025685461,0.6708642438838356
bayesfl_observability_v1,vi_lr0p002_b256_e5_prior0p05,30,vi,global_test,,,6,0.4,0.4666666666666667,912,0.581140350877193,0.43494546334994466,0.1461948875272483,0.013332973742485044,1.22201606160716,0.6028666240081453
bayesfl_observability_v1,vi_lr0p002_b256_e5_prior0p05,30,vi,global_test,,,7,0.4666666666666667,0.5333333333333333,942,0.6284501061571125,0.500615169224972,0.12783493693214054,0.012042051059007639,1.0449842589169804,0.5313488904964139
bayesfl_observability_v1,vi_lr0p002_b256_e5_prior0p05,30,vi,global_test,,,8,0.5333333333333333,0.6,917,0.7131952017448201,0.5660839517607944,0.1471112499840257,0.013490101623535157,0.9011934388554863,0.45619014461271895
bayesfl_observability_v1,vi_lr0p002_b256_e5_prior0p05,30,vi,global_test,,,9,0.6,0.6666666666666666,824,0.7439320388349514,0.6332571934727789,0.11067484536217254,0.009119607257843018,0.8055948238928341,0.40563719365203266
bayesfl_observability_v1,vi_lr0p002_b256_e5_prior0p05,30,vi,global_test,,,10,0.6666666666666666,0.7333333333333333,759,0.7944664031620553,0.7001864625845345,0.09427994057752076,0.007155847489833826,0.7368955694246984,0.3475960418287473
bayesfl_observability_v1,vi_lr0p002_b256_e5_prior0p05,30,vi,global_test,,,11,0.7333333333333333,0.8,689,0.8795355587808418,0.766896449862094,0.11263910891874773,0.007760834604501719,0.5351818781373117,0.23076144205771268
bayesfl_observability_v1,vi_lr0p002_b256_e5_prior0p05,30,vi,global_test,,,12,0.8,0.8666666666666667,834,0.9412470023980816,0.8344866643420799,0.10676033805600171,0.008903812193870543,0.32514039561045255,0.12425026304716115
bayesfl_observability_v1,vi_lr0p002_b256_e5_prior0p05,30,vi,global_test,,,13,0.8666666666666667,0.9333333333333333,1072,0.9794776119402985,0.9023572758062562,0.07712033613404223,0.008267300033569328,0.16728031187693573,0.04783769528756836
bayesfl_observability_v1,vi_lr0p002_b256_e5_prior0p05,30,vi,global_test,,,14,0.9333333333333333,1.0,1396,0.9949856733524355,0.9632831617207787,0.03170251163165683,0.0044256706237792934,0.06116833831357068,0.011456673261029032
bayesfl_observability_v1,vi_lr0p002_b256_e5_prior0p05,30,vi,global_test_mc,,,0,0.0,0.06666666666666667,0,,,,,,
bayesfl_observability_v1,vi_lr0p002_b256_e5_prior0p05,30,vi,global_test_mc,,,1,0.06666666666666667,0.13333333333333333,0,,,,,,
bayesfl_observability_v1,vi_lr0p002_b256_e5_prior0p05,30,vi,global_test_mc,,,2,0.13333333333333333,0.2,32,0.3125,0.18701531505212188,0.12548468494787812,0.00040155099183321,1.925184853374958,0.8285862933844328
bayesfl_observability_v1,vi_lr0p002_b256_e5_prior0p05,30,vi,global_test_mc,,,3,0.2,0.26666666666666666,246,0.3333333333333333,0.23986328677917884,0.09347004655415447,0.0022993631452322,1.7519307558129473,0.7847952818482872
bayesfl_observability_v1,vi_lr0p002_b256_e5_prior0p05,30,vi,global_test_mc,,,4,0.26666666666666666,0.3333333333333333,616,0.43506493506493504,0.3034684122479581,0.13159652281697692,0.008106345805525779,1.5905855956015649,0.736771170195047
bayesfl_observability_v1,vi_lr0p002_b256_e5_prior0p05,30,vi,global_test_mc,,,5,0.3333333333333333,0.4,761,0.492772667542707,0.36890941725140647,0.12386325029130052,0.00942599334716797,1.383440692540694,0.6709774624502455
bayesfl_observability_v1,vi_lr0p002_b256_e5_prior0p05,30,vi,global_test_mc,,,6,0.4,0.4666666666666667,913,0.5805038335158818,0.434986471999253,0.14551736151662875,0.013285735106468206,1.2217191432940346,0.6028635713382984
bayesfl_observability_v1,vi_lr0p002_b256_e5_prior0p05,30,vi,global_test_mc,,,7,0.4666666666666667,0.5333333333333333,938,0.6279317697228145,0.5005413499722349,0.12739041975057963,0.011949221372604369,1.0464264116307567,0.5321337527303553
bayesfl_observability_v1,vi_lr0p002_b256_e5_prior0p05,30,vi,global_test_mc,,,8,0.5333333333333333,0.6,920,0.7141304347826087,0.5659718192141989,0.1481586155684098,0.013630592632293704,0.9003109506938769,0.4555750706921453
bayesfl_observability_v1,vi_lr0p002_b256_e5_prior0p05,30,vi,global_test_mc,,,9,0.6,0.6666666666666666,825,0.743030303030303,0.6332951707550973,0.1097351322752057,0.00905314841270447,0.8072737676447088,0.40663409117496374
bayesfl_observability_v1,vi_lr0p002_b256_e5_prior0p05,30,vi,global_test_mc,,,10,0.6666666666666666,0.7333333333333333,758,0.7955145118733509,0.7002234454991635,0.09529106637418738,0.0072230628311634034,0.7350383652939331,0.3464782437933781
bayesfl_observability_v1,vi_lr0p002_b256_e5_prior0p05,30,vi,global_test_mc,,,11,0.7333333333333333,0.8,689,0.8795355587808418,0.7668850936633582,0.11265046511748356,0.007761617046594617,0.5351826757495393,0.23076092288525255
bayesfl_observability_v1,vi_lr0p002_b256_e5_prior0p05,30,vi,global_test_mc,,,12,0.8,0.8666666666666667,833,0.9411764705882353,0.8344449696420622,0.10673150094617312,0.008890734028816221,0.325364466617946,0.12437371660967549
bayesfl_observability_v1,vi_lr0p002_b256_e5_prior0p05,30,vi,global_test_mc,,,13,0.8666666666666667,0.9333333333333333,1073,0.9794967381174278,0.9023217259448817,0.07717501217254608,0.008280878806114195,0.16725013084980447,0.047812645617813454
bayesfl_observability_v1,vi_lr0p002_b256_e5_prior0p05,30,vi,global_test_mc,,,14,0.9333333333333333,1.0,1396,0.9949856733524355,0.9632825839485344,0.0317030894039011,0.004425751280784594,0.06117002020208405,0.011456877759719177
bayesfl_observability_v1,vi_lr0p002_b256_e5_prior0p05,31,vi,global_test,,,0,0.0,0.06666666666666667,0,,,,,,
bayesfl_observability_v1,vi_lr0p002_b256_e5_prior0p05,31,vi,global_test,,,1,0.06666666666666667,0.13333333333333333,0,,,,,,
bayesfl_observability_v1,vi_lr0p002_b256_e5_prior0p05,31,vi,global_test,,,2,0.13333333333333333,0.2,12,0.25,0.1883880471189817,0.06161195288101831,7.393434345722197e-05,1.9041129350662231,0.8253945310910543
bayesfl_observability_v1,vi_lr0p002_b256_e5_prior0p05,31,vi,global_test,,,3,0.2,0.26666666666666666,202,0.3118811881188119,0.24379588988157783,0.06808529823723405,0.0013753230243921278,1.7844699662510712,0.7995529791506211
bayesfl_observability_v1,vi_lr0p002_b256_e5_prior0p05,31,vi,global_test,,,4,0.26666666666666666,0.3333333333333333,517,0.3694390715667311,0.3036298028966214,0.06580926867010972,0.0034023391902446728,1.671706509544033,0.7610210726754578
bayesfl_observability_v1,vi_lr0p002_b256_e5_prior0p05,31,vi,global_test,,,5,0.3333333333333333,0.4,744,0.45698924731182794,0.36751452408811097,0.08947472322371697,0.006656919407844542,1.4357921599700887,0.6912518449688471
bayesfl_observability_v1,vi_lr0p002_b256_e5_prior0p05,31,vi,global_test,,,6,0.4,0.4666666666666667,854,0.550351288056206,0.4338795567145113,0.11647173134169475,0.009946685856580732,1.2254090867500393,0.6113520078971738
bayesfl_observability_v1,vi_lr0p002_b256_e5_prior0p05,31,vi,global_test,,,7,0.4666666666666667,0.5333333333333333,943,0.5906680805938495,0.5003903663044643,0.09027771428938514,0.008513188457489019,1.082439514637499,0.5541078849663031
bayesfl_observability_v1,vi_lr0p002_b256_e5_prior0p05,31,vi,global_test,,,8,0.5333333333333333,0.6,833,0.6374549819927972,0.5676298072787465,0.0698251747140507,0.005816437053680423,1.006277664798219,0.5115948152713844
bayesfl_observability_v1,vi_lr0p002_b256_e5_prior0p05,31,vi,global_test,,,9,0.6,0.6666666666666666,848,0.6745283018867925,0.6337798665154655,0.040748435371326996,0.0034554673194885296,0.9134493256514927,0.4713399140339977
bayesfl_observability_v1,vi_lr0p002_b256_e5_prior0p05,31,vi,global_test,,,10,0.6666666666666666,0.7333333333333333,820,0.7085365853658536,0.700543915934679,0.007992669431174604,0.0006553988933563176,0.8337898055954678,0.437273674549126
bayesfl_observability_v1,vi_lr0p002_b256_e5_prior0p05,31,vi,global_test,,,11,0.7333333333333333,0.8,886,0.7776523702031602,0.7666210600807758,0.011031310122384452,0.0009773740768432625,0.6983958501242623,0.3581323656453236
bayesfl_observability_v1,vi_lr0p002_b256_e5_prior0p05,31,vi,global_test,,,12,0.8,0.8666666666666667,932,0.8347639484978541,0.833358891020517,0.0014050574773371016,0.00013095135688781788,0.5828352236696579,0.28311816274384316
bayesfl_observability_v1,vi_lr0p002_b256_e5_prior0p05,31,vi,global_test,,,13,0.8666666666666667,0.9333333333333333,1077,0.924791086350975,0.9005647965239062,0.02422628982706876,0.0026091714143753053,0.33054064420383067,0.14011855626836792
bayesfl_observability_v1,vi_lr0p002_b256_e5_prior0p05,31,vi,global_test,,,14,0.9333333333333333,1.0,1332,0.9774774774774775,0.9629517249516897,0.014525752525787805,0.0019348302364349359,0.12451584074456054,0.0438439356674952
bayesfl_observability_v1,vi_lr0p002_b256_e5_prior0p05,31,vi,global_test_mc,,,0,0.0,0.06666666666666667,0,,,,,,
bayesfl_observability_v1,vi_lr0p002_b256_e5_prior0p05,31,vi,global_test_mc,,,1,0.06666666666666667,0.13333333333333333,0,,,,,,
bayesfl_observability_v1,vi_lr0p002_b256_e5_prior0p05,31,vi,global_test_mc,,,2,0.13333333333333333,0.2,12,0.25,0.18836586301525435,0.06163413698474565,7.396096438169478e-05,1.9042712251345317,0.8254528939723969
bayesfl_observability_v1,vi_lr0p002_b256_e5_prior0p05,31,vi,global_test_mc,,,3,0.2,0.26666666666666666,201,0.31343283582089554,0.24367415793796085,0.06975867788293469,0.0014021494254469874,1.7782808613421313,0.7981412591625802
bayesfl_observability_v1,vi_lr0p002_b256_e5_prior0p05,31,vi,global_test_mc,,,4,0.26666666666666666,0.3333333333333333,517,0.3694390715667311,0.30350544443444083,0.06593362713229028,0.0034087685227394077,1.6743984831140397,0.7615475620015216
bayesfl_observability_v1,vi_lr0p002_b256_e5_prior0p05,31,vi,global_test_mc,,,5,0.3333333333333333,0.4,745,0.4563758389261745,0.36746704414386877,0.08890879478230573,0.0066237052112817765,1.4360250441019966,0.6913976922131225
bayesfl_observability_v1,vi_lr0p002_b256_e5_prior0p05,31,vi,global_test_mc,,,6,0.4,0.4666666666666667,854,0.5491803278688525,0.43388127980522584,0.11529904806362667,0.009846538704633718,1.225388920000063,0.6113373191909433
bayesfl_observability_v1,vi_lr0p002_b256_e5_prior0p05,31,vi,global_test_mc,,,7,0.4666666666666667,0.5333333333333333,942,0.5902335456475584,0.500352882782112,0.08988066286544638,0.008466758441925048,1.0828831362876163,0.5542770616567818
bayesfl_observability_v1,vi_lr0p002_b256_e5_prior0p05,31,vi,global_test_mc,,,8,0.5333333333333333,0.6,835,0.6383233532934132,0.5676335534649695,0.0706897998284437,0.005902598285675049,1.0052192585197037,0.5110522755605732
bayesfl_observability_v1,vi_lr0p002_b256_e5_prior0p05,31,vi,global_test_mc,,,9,0.6,0.6666666666666666,847,0.6741440377804014,0.6338264213120641,0.040317616468337314,0.0034149021148681706,0.9139088030548276,0.471661057072519
bayesfl_observability_v1,vi_lr0p002_b256_e5_prior0p05,31,vi,global_test_mc,,,10,0.6666666666666666,0.7333333333333333,820,0.7097560975609756,0.7005454123020172,0.009210685258958407,0.0007552761912345893,0.8323975417672134,0.4360414699810307
bayesfl_observability_v1,vi_lr0p002_b256_e5_prior0p05,31,vi,global_test_mc,,,11,0.7333333333333333,0.8,884,0.7760180995475113,0.7665537010490625,0.009464398498448823,0.0008366528272628759,0.7007825623405465,0.3599847720185826
bayesfl_observability_v1,vi_lr0p002_b256_e5_prior0p05,31,vi,global_test_mc,,,12,0.8,0.8666666666666667,933,0.834941050375134,0.8332538144764793,0.0016872358986547153,0.00015741910934448494,0.5825485360328535,0.2829078835178674
bayesfl_observability_v1,vi_lr0p002_b256_e5_prior0p05,31,vi,global_test_mc,,,13,0.8666666666666667,0.9333333333333333,1078,0.924860853432282,0.9005334218048209,0.024327431627461094,0.002622497129440306,0.33036912283782394,0.14000955627667883
bayesfl_observability_v1,vi_lr0p002_b256_e5_prior0p05,31,vi,global_test_mc,,,14,0.9333333333333333,1.0,1332,0.9774774774774775,0.9629506107207175,0.01452686675675996,0.0019349786520004265,0.1245163212398867,0.04384408657811023
bayesfl_observability_v1,vi_lr0p002_b256_e5_prior0p05,32,vi,global_test,,,0,0.0,0.06666666666666667,0,,,,,,
bayesfl_observability_v1,vi_lr0p002_b256_e5_prior0p05,32,vi,global_test,,,1,0.06666666666666667,0.13333333333333333,0,,,,,,
bayesfl_observability_v1,vi_lr0p002_b256_e5_prior0p05,32,vi,global_test,,,2,0.13333333333333333,0.2,26,0.23076923076923078,0.18445909768342972,0.046310133085801064,0.00012040634602308277,1.9094319481116075,0.8245322039494147
bayesfl_observability_v1,vi_lr0p002_b256_e5_prior0p05,32,vi,global_test,,,3,0.2,0.26666666666666666,239,0.3514644351464435,0.24003314398322645,0.11143129116321704,0.0026632078588008875,1.7745272504734693,0.7894659827942628
bayesfl_observability_v1,vi_lr0p002_b256_e5_prior0p05,32,vi,global_test,,,4,0.26666666666666666,0.3333333333333333,575,0.40869565217391307,0.30440807622411975,0.10428757594979332,0.005996535617113117,1.5956506768516872,0.7376952327852664
bayesfl_observability_v1,vi_lr0p002_b256_e5_prior0p05,32,vi,global_test,,,5,0.3333333333333333,0.4,793,0.5056746532156369,0.3674431794227898,0.13823147379284706,0.010961755871772772,1.3641455386956733,0.6632829172463917
bayesfl_observability_v1,vi_lr0p002_b256_e5_prior0p05,32,vi,global_test,,,6,0.4,0.4666666666666667,894,0.5805369127516778,0.43357859841929186,0.146958314332386,0.013138073301315308,1.1700583789705963,0.5903051023515279
bayesfl_observability_v1,vi_lr0p002_b256_e5_prior0p05,32,vi,global_test,,,7,0.4666666666666667,0.5333333333333333,821,0.5639464068209501,0.4986911045067493,0.06525530231420079,0.005357460319995885,1.104713640607957,0.5667796048917666
bayesfl_observability_v1,vi_lr0p002_b256_e5_prior0p05,32,vi,global_test,,,8,0.5333333333333333,0.6,726,0.6267217630853994,0.5668920505145365,0.05982971257086289,0.004343637132644646,1.0196274042786317,0.5200604709383542
bayesfl_observability_v1,vi_lr0p002_b256_e5_prior0p05,32,vi,global_test,,,9,0.6,0.6666666666666666,689,0.7097242380261248,0.6327367583276226,0.07698747969850228,0.005304437351226808,0.8803995794066497,0.44017490143353777
bayesfl_observability_v1,vi_lr0p002_b256_e5_prior0p05,32,vi,global_test,,,10,0.6666666666666666,0.7333333333333333,720,0.7791666666666667,0.7004781072338422,0.07868855943282449,0.005665576279163364,0.7592365137404866,0.36557361969931257
bayesfl_observability_v1,vi_lr0p002_b256_e5_prior0p05,32,vi,global_test,,,11,0.7333333333333333,0.8,734,0.8637602179836512,0.7683181736709637,0.09544204431268755,0.007005446052551266,0.5584692285885928,0.2505394487517406
bayesfl_observability_v1,vi_lr0p002_b256_e5_prior0p05,32,vi,global_test,,,12,0.8,0.8666666666666667,852,0.9072769953051644,0.8345808686225067,0.07269612668265768,0.006193709993362434,0.41596815367819556,0.17410862543773203
bayesfl_observability_v1,vi_lr0p002_b256_e5_prior0p05,32,vi,global_test,,,13,0.8666666666666667,0.9333333333333333,1260,0.9587301587301588,0.9019600383819095,0.05677012034824924,0.007153035163879404,0.24521447429581295,0.08310371641483572
bayesfl_observability_v1,vi_lr0p002_b256_e5_prior0p05,32,vi,global_test,,,14,0.9333333333333333,1.0,1671,0.9784560143626571,0.9686114385697315,0.009844575792925525,0.0016450286149978551,0.135033743169531,0.042487413400894486
bayesfl_observability_v1,vi_lr0p002_b256_e5_prior0p05,32,vi,global_test_mc,,,0,0.0,0.06666666666666667,0,,,,,,
bayesfl_observability_v1,vi_lr0p002_b256_e5_prior0p05,32,vi,global_test_mc,,,1,0.06666666666666667,0.13333333333333333,0,,,,,,
bayesfl_observability_v1,vi_lr0p002_b256_e5_prior0p05,32,vi,global_test_mc,,,2,0.13333333333333333,0.2,26,0.23076923076923078,0.18442429716770464,0.04634493360152614,0.00012049682736396797,1.9093301387933583,0.8244965787117298
bayesfl_observability_v1,vi_lr0p002_b256_e5_prior0p05,32,vi,global_test_mc,,,3,0.2,0.26666666666666666,239,0.3514644351464435,0.2400274612165395,0.11143697392990398,0.002663343676924705,1.7745213453739757,0.7894616381393815
bayesfl_observability_v1,vi_lr0p002_b256_e5_prior0p05,32,vi,global_test_mc,,,4,0.26666666666666666,0.3333333333333333,575,0.40869565217391307,0.30440426349639893,0.10429138867751414,0.0059967548489570635,1.5956709940537162,0.737706427677818
bayesfl_observability_v1,vi_lr0p002_b256_e5_prior0p05,32,vi,global_test_mc,,,5,0.3333333333333333,0.4,794,0.5062972292191436,0.36749029279656015,0.1388069364225834,0.011021270751953123,1.3635668448296843,0.6629785371367217
bayesfl_observability_v1,vi_lr0p002_b256_e5_prior0p05,32,vi,global_test_mc,,,6,0.4,0.4666666666666667,890,0.5786516853932584,0.4335008303101143,0.14515085508314407,0.012918426102399823,1.17170173559296,0.5910886256882314
bayesfl_observability_v1,vi_lr0p002_b256_e5_prior0p05,32,vi,global_test_mc,,,7,0.4666666666666667,0.5333333333333333,825,0.5648484848484848,0.49861920580719454,0.06622927904129028,0.005463915520906448,1.1044209331454653,0.5667820219921343
bayesfl_observability_v1,vi_lr0p002_b256_e5_prior0p05,32,vi,global_test_mc,,,8,0.5333333333333333,0.6,724,0.6270718232044199,0.5668963437580931,0.06017547944632684,0.004356704711914064,1.0191635584962961,0.519823835040983
bayesfl_observability_v1,vi_lr0p002_b256_e5_prior0p05,32,vi,global_test_mc,,,9,0.6,0.6666666666666666,690,0.7101449275362319,0.6326879992001299,0.07745692833610207,0.005344528055191043,0.8798672835032145,0.43981311424918795
bayesfl_observability_v1,vi_lr0p002_b256_e5_prior0p05,32,vi,global_test_mc,,,10,0.6666666666666666,0.7333333333333333,718,0.7799442896935933,0.700380944940041,0.07956334475355231,0.005712648153305056,0.7583595710627548,0.3647423311445374
bayesfl_observability_v1,vi_lr0p002_b256_e5_prior0p05,32,vi,global_test_mc,,,11,0.7333333333333333,0.8,737,0.8616010854816825,0.7682669935912257,0.09333409189045672,0.00687872257232666,0.5620349741046755,0.2532601380768754
bayesfl_observability_v1,vi_lr0p002_b256_e5_prior0p05,32,vi,global_test_mc,,,12,0.8,0.8666666666666667,851,0.9083431257344301,0.8346241226487658,0.07371900308566426,0.006273487162590029,0.4139498557663412,0.17264646214688006
bayesfl_observability_v1,vi_lr0p002_b256_e5_prior0p05,32,vi,global_test_mc,,,13,0.8666666666666667,0.9333333333333333,1261,0.9587628865979382,0.9019848281291626,0.056778058468775594,0.007159713172912602,0.24507681974619744,0.08304234650827985
bayesfl_observability_v1,vi_lr0p002_b256_e5_prior0p05,32,vi,global_test_mc,,,14,0.9333333333333333,1.0,1670,0.9784431137724551,0.9686323612749933,0.009810752497461772,0.0016383956670761159,0.13507204043963356,0.042509985302678105
bayesfl_observability_v1,vi_lr0p002_b256_e5_prior0p05,33,vi,global_test,,,0,0.0,0.06666666666666667,0,,,,,,
bayesfl_observability_v1,vi_lr0p002_b256_e5_prior0p05,33,vi,global_test,,,1,0.06666666666666667,0.13333333333333333,0,,,,,,
bayesfl_observability_v1,vi_lr0p002_b256_e5_prior0p05,33,vi,global_test,,,2,0.13333333333333333,0.2,23,0.17391304347826086,0.18881418199642844,0.014901138518167573,3.427261859178542e-05,1.941331930782484,0.835455992947454
bayesfl_observability_v1,vi_lr0p002_b256_e5_prior0p05,33,vi,global_test,,,3,0.2,0.26666666666666666,193,0.31088082901554404,0.23857549134004918,0.07230533767549485,0.0013954930171370507,1.746587496347378,0.7914997166302538
bayesfl_observability_v1,vi_lr0p002_b256_e5_prior0p05,33,vi,global_test,,,4,0.26666666666666666,0.3333333333333333,529,0.3856332703213611,0.3022727303784376,0.08336053994292347,0.004409772562980652,1.6269614205243232,0.748484854436777
bayesfl_observability_v1,vi_lr0p002_b256_e5_prior0p05,33,vi,global_test,,,5,0.3333333333333333,0.4,725,0.4675862068965517,0.3675428604257518,0.10004334647079993,0.0072531426191329955,1.385464103961813,0.67505980984918
bayesfl_observability_v1,vi_lr0p002_b256_e5_prior0p05,33,vi,global_test,,,6,0.4,0.4666666666666667,811,0.5388409371146733,0.4344347821210962,0.10440615499357708,0.008467339169979101,1.2221692763774228,0.6106583268075042
bayesfl_observability_v1,vi_lr0p002_b256_e5_prior0p05,33,vi,global_test,,,7,0.4666666666666667,0.5333333333333333,812,0.5911330049261084,0.499097929799498,0.09203507512661041,0.007473248100280766,1.1164805759937304,0.5611262004363713
bayesfl_observability_v1,vi_lr0p002_b256_e5_prior0p05,33,vi,global_test,,,8,0.5333333333333333,0.6,727,0.6643741403026134,0.5657670607757044,0.09860707952690906,0.007168734681606288,1.0077794042545303,0.49935279095845175
bayesfl_observability_v1,vi_lr0p002_b256_e5_prior0p05,33,vi,global_test,,,9,0.6,0.6666666666666666,643,0.7433903576982893,0.633354403182841,0.11003595451544834,0.007075311875343328,0.8680441602021688,0.4198790034090935
bayesfl_observability_v1,vi_lr0p002_b256_e5_prior0p05,33,vi,global_test,,,10,0.6666666666666666,0.7333333333333333,641,0.8361934477379095,0.6987810075376037,0.13741244020030574,0.008808137416839598,0.6930727121796512,0.3078090242588204
bayesfl_observability_v1,vi_lr0p002_b256_e5_prior0p05,33,vi,global_test,,,11,0.7333333333333333,0.8,691,0.9030390738060782,0.766676871717925,0.1363622020881532,0.009422628164291387,0.49716048613298475,0.20329888106772592
bayesfl_observability_v1,vi_lr0p002_b256_e5_prior0p05,33,vi,global_test,,,12,0.8,0.8666666666666667,844,0.9609004739336493,0.8341826364327382,0.12671783750091115,0.0106949854850769,0.29754385733491434,0.09753033123310144
bayesfl_observability_v1,vi_lr0p002_b256_e5_prior0p05,33,vi,global_test,,,13,0.8666666666666667,0.9333333333333333,1288,0.984472049689441,0.9027432060297231,0.08172884365971789,0.010526675063371665,0.1634751079164399,0.03941603911598068
bayesfl_observability_v1,vi_lr0p002_b256_e5_prior0p05,33,vi,global_test,,,14,0.9333333333333333,1.0,2073,0.9975880366618427,0.9656062020349203,0.03198183462692239,0.006629834318161011,0.045850114723477914,0.006504603864214469
bayesfl_observability_v1,vi_lr0p002_b256_e5_prior0p05,33,vi,global_test_mc,,,0,0.0,0.06666666666666667,0,,,,,,
bayesfl_observability_v1,vi_lr0p002_b256_e5_prior0p05,33,vi,global_test_mc,,,1,0.06666666666666667,0.13333333333333333,0,,,,,,
bayesfl_observability_v1,vi_lr0p002_b256_e5_prior0p05,33,vi,global_test_mc,,,2,0.13333333333333333,0.2,23,0.17391304347826086,0.1888076663017273,0.01489462282346643,3.425763249397279e-05,1.9412786131319792,0.8354439009790835
bayesfl_observability_v1,vi_lr0p002_b256_e5_prior0p05,33,vi,global_test_mc,,,3,0.2,0.26666666666666666,193,0.31088082901554404,0.2385701779565663,0.07231065105897774,0.0013955955654382703,1.7466153672322091,0.7915091329287989
bayesfl_observability_v1,vi_lr0p002_b256_e5_prior0p05,33,vi,global_test_mc,,,4,0.26666666666666666,0.3333333333333333,528,0.38446969696969696,0.3022080957889557,0.08226160118074127,0.004343412542343139,1.625112533569336,0.7478545809333975
bayesfl_observability_v1,vi_lr0p002_b256_e5_prior0p05,33,vi,global_test_mc,,,5,0.3333333333333333,0.4,725,0.46620689655172415,0.3674466685591073,0.09876022799261686,0.007160116529464721,1.3877698832544787,0.6758930804811675
bayesfl_observability_v1,vi_lr0p002_b256_e5_prior0p05,33,vi,global_test_mc,,,6,0.4,0.4666666666666667,812,0.5394088669950738,0.4343892260284847,0.10501964096658917,0.008527594846487041,1.2217955583422055,0.6104891047689128
bayesfl_observability_v1,vi_lr0p002_b256_e5_prior0p05,33,vi,global_test_mc,,,7,0.4666666666666667,0.5333333333333333,811,0.5906288532675709,0.4990481912869266,0.09158066198064424,0.007427191686630248,1.1170799723388822,0.5614516138295504
bayesfl_observability_v1,vi_lr0p002_b256_e5_prior0p05,33,vi,global_test_mc,,,8,0.5333333333333333,0.6,727,0.6643741403026134,0.5656690868091715,0.09870505349344194,0.007175857388973229,1.0079555231078619,0.4994494168925646
bayesfl_observability_v1,vi_lr0p002_b256_e5_prior0p05,33,vi,global_test_mc,,,9,0.6,0.6666666666666666,644,0.7437888198757764,0.6332912930050252,0.1104975268707512,0.007116040730476378,0.8675055881464704,0.4195808790485311
bayesfl_observability_v1,vi_lr0p002_b256_e5_prior0p05,33,vi,global_test_mc,,,10,0.6666666666666666,0.7333333333333333,641,0.8361934477379095,0.6987708042638722,0.13742264347403732,0.008808791446685792,0.6930829009474161,0.3078269839472778
bayesfl_observability_v1,vi_lr0p002_b256_e5_prior0p05,33,vi,global_test_mc,,,11,0.7333333333333333,0.8,690,0.9043478260869565,0.7666158579397893,0.13773196814716726,0.009503505802154541,0.4936063300008359,0.2013513203980266
bayesfl_observability_v1,vi_lr0p002_b256_e5_prior0p05,33,vi,global_test_mc,,,12,0.8,0.8666666666666667,847,0.9598583234946871,0.8342110885498515,0.12564723494483565,0.01064232079982758,0.30034103810153856,0.0990623691357857
bayesfl_observability_v1,vi_lr0p002_b256_e5_prior0p05,33,vi,global_test_mc,,,13,0.8666666666666667,0.9333333333333333,1286,0.9844479004665629,0.902798827986695,0.08164907247986797,0.01050007072091102,0.16351268240026146,0.039445673025026336
bayesfl_observability_v1,vi_lr0p002_b256_e5_prior0p05,33,vi,global_test_mc,,,14,0.9333333333333333,1.0,2073,0.9975880366618427,0.9656072385174264,0.031980798144416345,0.006629619455337509,0.045850170561500175,0.006504515319832614
bayesfl_observability_v1,vi_lr0p002_b256_e5_prior0p05,34,vi,global_test,,,0,0.0,0.06666666666666667,0,,,,,,
bayesfl_observability_v1,vi_lr0p002_b256_e5_prior0p05,34,vi,global_test,,,1,0.06666666666666667,0.13333333333333333,0,,,,,,
bayesfl_observability_v1,vi_lr0p002_b256_e5_prior0p05,34,vi,global_test,,,2,0.13333333333333333,0.2,21,0.23809523809523808,0.18704524920100257,0.05104998889423551,0.00010720497667789456,1.9616346870149886,0.8440621892611185
bayesfl_observability_v1,vi_lr0p002_b256_e5_prior0p05,34,vi,global_test,,,3,0.2,0.26666666666666666,204,0.24509803921568626,0.2412207624053254,0.0038772768103608746,7.909644693136184e-05,1.829127794387294,0.8120313152378681
bayesfl_observability_v1,vi_lr0p002_b256_e5_prior0p05,34,vi,global_test,,,4,0.26666666666666666,0.3333333333333333,499,0.3406813627254509,0.3017940617993265,0.03888730092612441,0.001940476316213608,1.637006102678532,0.758144748473693
bayesfl_observability_v1,vi_lr0p002_b256_e5_prior0p05,34,vi,global_test,,,5,0.3333333333333333,0.4,711,0.45147679324894513,0.36795422397082367,0.08352256927812146,0.005938454675674436,1.4477545509190834,0.694467074257412
bayesfl_observability_v1,vi_lr0p002_b256_e5_prior0p05,34,vi,global_test,,,6,0.4,0.4666666666666667,738,0.551490514905149,0.435215415912592,0.116275098992557,0.008581102305650706,1.2312033606092458,0.614372904505833
bayesfl_observability_v1,vi_lr0p002_b256_e5_prior0p05,34,vi,global_test,,,7,0.4666666666666667,0.5333333333333333,821,0.6382460414129111,0.5007944594928031,0.13745158192010798,0.011284774875640865,1.1207851126481496,0.556393776683366
bayesfl_observability_v1,vi_lr0p002_b256_e5_prior0p05,34,vi,global_test,,,8,0.5333333333333333,0.6,711,0.7665260196905767,0.5663027329116264,0.2002232867789503,0.014235875689983366,0.9447968069846452,0.44753577873508976
bayesfl_observability_v1,vi_lr0p002_b256_e5_prior0p05,34,vi,global_test,,,9,0.6,0.6666666666666666,684,0.8187134502923976,0.6328502231174045,0.18586322717499315,0.012713044738769531,0.7560935668778002,0.356432806155835
bayesfl_observability_v1,vi_lr0p002_b256_e5_prior0p05,34,vi,global_test,,,10,0.6666666666666666,0.7333333333333333,660,0.8893939393939394,0.7002039148952022,0.18919002449873723,0.012486541616916657,0.6004959637468511,0.24969611782016177
bayesfl_observability_v1,vi_lr0p002_b256_e5_prior0p05,34,vi,global_test,,,11,0.7333333333333333,0.8,682,0.9149560117302052,0.7670071299824197,0.14794888174778553,0.010090113735198972,0.48400290166178056,0.18805729250404493
bayesfl_observability_v1,vi_lr0p002_b256_e5_prior0p05,34,vi,global_test,,,12,0.8,0.8666666666666667,926,0.9611231101511879,0.8351429918414831,0.1259801183097048,0.011665758955478663,0.3059278458002834,0.0966024818120134
bayesfl_observability_v1,vi_lr0p002_b256_e5_prior0p05,34,vi,global_test,,,13,0.8666666666666667,0.9333333333333333,1328,0.9804216867469879,0.9032031771648361,0.07721850958215182,0.010254618072509762,0.17698310367224446,0.04656745504632772
bayesfl_observability_v1,vi_lr0p002_b256_e5_prior0p05,34,vi,global_test,,,14,0.9333333333333333,1.0,2015,0.994044665012407,0.969586986466022,0.02445767854638492,0.0049282222270965615,0.060887438517350415,0.01297847825026246
bayesfl_observability_v1,vi_lr0p002_b256_e5_prior0p05,34,vi,global_test_mc,,,0,0.0,0.06666666666666667,0,,,,,,
bayesfl_observability_v1,vi_lr0p002_b256_e5_prior0p05,34,vi,global_test_mc,,,1,0.06666666666666667,0.13333333333333333,0,,,,,,
bayesfl_observability_v1,vi_lr0p002_b256_e5_prior0p05,34,vi,global_test_mc,,,2,0.13333333333333333,0.2,21,0.23809523809523808,0.1870496514297667,0.051045586665471376,0.00010719573199748989,1.961621153922308,0.8440661600657872
bayesfl_observability_v1,vi_lr0p002_b256_e5_prior0p05,34,vi,global_test_mc,,,3,0.2,0.26666666666666666,204,0.24509803921568626,0.24122107160442016,0.0038769676112661022,7.909013926982849e-05,1.8291149717919968,0.8120307934050467
bayesfl_observability_v1,vi_lr0p002_b256_e5_prior0p05,34,vi,global_test_mc,,,4,0.26666666666666666,0.3333333333333333,500,0.342,0.3018547384738922,0.04014526152610781,0.0020072630763053904,1.635954306602478,0.7577633104324341
bayesfl_observability_v1,vi_lr0p002_b256_e5_prior0p05,34,vi,global_test_mc,,,5,0.3333333333333333,0.4,710,0.4507042253521127,0.36800971904271085,0.08269450630940184,0.005871309947967531,1.448251722228359,0.6946507559695714
bayesfl_observability_v1,vi_lr0p002_b256_e5_prior0p05,34,vi,global_test_mc,,,6,0.4,0.4666666666666667,738,0.551490514905149,0.43520967496765983,0.11628083993748917,0.008581525987386701,1.231215184297019,0.6143785119460528
bayesfl_observability_v1,vi_lr0p002_b256_e5_prior0p05,34,vi,global_test_mc,,,7,0.4666666666666667,0.5333333333333333,822,0.6386861313868614,0.5008261928883202,0.13785993849854117,0.011332086944580084,1.1202083747752392,0.556024067013223
bayesfl_observability_v1,vi_lr0p002_b256_e5_prior0p05,34,vi,global_test_mc,,,8,0.5333333333333333,0.6,710,0.7661971830985915,0.5663515174892587,0.1998456656093328,0.014189042258262629,0.9452651769342557,0.44784077137288913
bayesfl_observability_v1,vi_lr0p002_b256_e5_prior0p05,34,vi,global_test_mc,,,9,0.6,0.6666666666666666,685,0.8175182481751825,0.6328949420121465,0.18462330616303602,0.012646696472167967,0.7575884603235843,0.3576001210804403
bayesfl_observability_v1,vi_lr0p002_b256_e5_prior0p05,34,vi,global_test_mc,,,10,0.6666666666666666,0.7333333333333333,657,0.8904109589041096,0.7001439995235867,0.19026695938052285,0.012500539231300352,0.5996050665912018,0.2488111680319683
bayesfl_observability_v1,vi_lr0p002_b256_e5_prior0p05,34,vi,global_test_mc,,,11,0.7333333333333333,0.8,683,0.9150805270863837,0.7668604948510188,0.14822003223536484,0.010123428201675418,0.48384680824782456,0.1879341916493406
bayesfl_observability_v1,vi_lr0p002_b256_e5_prior0p05,34,vi,global_test_mc,,,12,0.8,0.8666666666666667,927,0.9611650485436893,0.8351055268588061,0.1260595216848832,0.011685717660188673,0.30583634461399806,0.09657153202684952
bayesfl_observability_v1,vi_lr0p002_b256_e5_prior0p05,34,vi,global_test_mc,,,13,0.8666666666666667,0.9333333333333333,1328,0.9804216867469879,0.9032015974622175,0.07722008928477042,0.010254827857017512,0.17698224889765302,0.04656465991725584
bayesfl_observability_v1,vi_lr0p002_b256_e5_prior0p05,34,vi,global_test_mc,,,14,0.9333333333333333,1.0,2015,0.994044665012407,0.9695866660503832,0.02445799896202372,0.00492828679084778,0.060888949805690394,0.01297998452425077
bayesfl_observability_v1,vi_lr0p002_b256_e5_prior0p05,35,vi,global_test,,,0,0.0,0.06666666666666667,0,,,,,,
bayesfl_observability_v1,vi_lr0p002_b256_e5_prior0p05,35,vi,global_test,,,1,0.06666666666666667,0.13333333333333333,0,,,,,,
bayesfl_observability_v1,vi_lr0p002_b256_e5_prior0p05,35,vi,global_test,,,2,0.13333333333333333,0.2,4,0.0,0.18808947876095772,0.18808947876095772,7.523579150438309e-05,1.8085030615329742,0.8159996271133423
bayesfl_observability_v1,vi_lr0p002_b256_e5_prior0p05,35,vi,global_test,,,3,0.2,0.26666666666666666,99,0.26262626262626265,0.24361765520139175,0.0190086074248709,0.0001881852135062219,1.7702783237804065,0.8006358038295399
bayesfl_observability_v1,vi_lr0p002_b256_e5_prior0p05,35,vi,global_test,,,4,0.26666666666666666,0.3333333333333333,384,0.3072916666666667,0.30384897782156867,0.0034426888450980186,0.0001321992516517639,1.6403748088826735,0.7681751285369197
bayesfl_observability_v1,vi_lr0p002_b256_e5_prior0p05,35,vi,global_test,,,5,0.3333333333333333,0.4,605,0.40165289256198344,0.3686943741869335,0.03295851837504993,0.0019939903616905206,1.4363383689202553,0.7017218486336637
bayesfl_observability_v1,vi_lr0p002_b256_e5_prior0p05,35,vi,global_test,,,6,0.4,0.4666666666666667,794,0.5239294710327456,0.4336264746014958,0.09030299643124978,0.007170057916641232,1.2433393019572914,0.626142325269185
bayesfl_observability_v1,vi_lr0p002_b256_e5_prior0p05,35,vi,global_test,,,7,0.4666666666666667,0.5333333333333333,851,0.5299647473560517,0.4987015531570175,0.03126319419903423,0.002660497826337813,1.125943840110344,0.5875989903294242
bayesfl_observability_v1,vi_lr0p002_b256_e5_prior0p05,35,vi,global_test,,,8,0.5333333333333333,0.6,822,0.5437956204379562,0.5658526891919529,0.02205706875399671,0.0018130910515785296,1.1123235797069948,0.5810959958392048
bayesfl_observability_v1,vi_lr0p002_b256_e5_prior0p05,35,vi,global_test,,,9,0.6,0.6666666666666666,712,0.6362359550561798,0.6336802485283841,0.002555706527795687,0.00018196630477905292,0.9760875929607434,0.5145016747914003
bayesfl_observability_v1,vi_lr0p002_b256_e5_prior0p05,35,vi,global_test,,,10,0.6666666666666666,0.7333333333333333,725,0.6827586206896552,0.7001836893476289,0.017425068657973664,0.0012633174777030905,0.9189299101665103,0.47474927166412617
bayesfl_observability_v1,vi_lr0p002_b256_e5_prior0p05,35,vi,global_test,,,11,0.7333333333333333,0.8,793,0.7465321563682219,0.7665091192286372,0.01997696286041528,0.0015841731548309318,0.8054003613292795,0.40495267852407985
bayesfl_observability_v1,vi_lr0p002_b256_e5_prior0p05,35,vi,global_test,,,12,0.8,0.8666666666666667,950,0.8378947368421052,0.8360663826842057,0.0018283541578995033,0.0001736936450004528,0.5817022579280954,0.27868563992412465
bayesfl_observability_v1,vi_lr0p002_b256_e5_prior0p05,35,vi,global_test,,,13,0.8666666666666667,0.9333333333333333,1383,0.9175704989154013,0.9035059385168664,0.014064560398534875,0.0019451287031173735,0.36011625180965046,0.15284027414839507
bayesfl_observability_v1,vi_lr0p002_b256_e5_prior0p05,35,vi,global_test,,,14,0.9333333333333333,1.0,1878,0.9760383386581469,0.9691916586111148,0.00684668004703215,0.0012858065128326377,0.13157352248129373,0.04669466954670823
bayesfl_observability_v1,vi_lr0p002_b256_e5_prior0p05,35,vi,global_test_mc,,,0,0.0,0.06666666666666667,0,,,,,,
bayesfl_observability_v1,vi_lr0p002_b256_e5_prior0p05,35,vi,global_test_mc,,,1,0.06666666666666667,0.13333333333333333,0,,,,,,
bayesfl_observability_v1,vi_lr0p002_b256_e5_prior0p05,35,vi,global_test_mc,,,2,0.13333333333333333,0.2,4,0.0,0.1880696788430214,0.1880696788430214,7.522787153720856e-05,1.808569222688675,0.816020131111145
bayesfl_observability_v1,vi_lr0p002_b256_e5_prior0p05,35,vi,global_test_mc,,,3,0.2,0.26666666666666666,99,0.26262626262626265,0.24361478334123438,0.019011479285028277,0.00018821364492177994,1.7702704451300881,0.8006423639528679
bayesfl_observability_v1,vi_lr0p002_b256_e5_prior0p05,35,vi,global_test_mc,,,4,0.26666666666666666,0.3333333333333333,385,0.3090909090909091,0.3039332163024258,0.00515769278848327,0.0001985711723566059,1.638963948906242,0.7676715448305205
bayesfl_observability_v1,vi_lr0p002_b256_e5_prior0p05,35,vi,global_test_mc,,,5,0.3333333333333333,0.4,604,0.40066225165562913,0.3687505540468835,0.031911697608745626,0.0019274665355682359,1.4368897226472563,0.7019287733644839
bayesfl_observability_v1,vi_lr0p002_b256_e5_prior0p05,35,vi,global_test_mc,,,6,0.4,0.4666666666666667,794,0.5239294710327456,0.4336211723404507,0.09030829869229484,0.00717047891616821,1.2433550543989282,0.6261555722138143
bayesfl_observability_v1,vi_lr0p002_b256_e5_prior0p05,35,vi,global_test_mc,,,7,0.4666666666666667,0.5333333333333333,853,0.5287221570926143,0.49878751267302357,0.029934644419590706,0.002553425168991087,1.1258327946293956,0.5879295087154138
bayesfl_observability_v1,vi_lr0p002_b256_e5_prior0p05,35,vi,global_test_mc,,,8,0.5333333333333333,0.6,820,0.5451219512195122,0.5659302946997852,0.02080834348027294,0.001706284165382381,1.1124469693114118,0.5807803690433502
bayesfl_observability_v1,vi_lr0p002_b256_e5_prior0p05,35,vi,global_test_mc,,,9,0.6,0.6666666666666666,713,0.6367461430575035,0.6337156008202766,0.0030305422372269852,0.00021607766151428404,0.9753043601422624,0.5139844614860888
bayesfl_observability_v1,vi_lr0p002_b256_e5_prior0p05,35,vi,global_test_mc,,,10,0.6666666666666666,0.7333333333333333,726,0.6831955922865014,0.7003184130040739,0.01712282071757254,0.0012431167840957665,0.9179804707690047,0.4741970020713228
bayesfl_observability_v1,vi_lr0p002_b256_e5_prior0p05,35,vi,global_test_mc,,,11,0.7333333333333333,0.8,791,0.7458912768647282,0.7665924212121783,0.020701144347450073,0.0016374605178833008,0.8066684153830508,0.4057278654216665
bayesfl_observability_v1,vi_lr0p002_b256_e5_prior0p05,35,vi,global_test_mc,,,12,0.8,0.8666666666666667,954,0.8364779874213837,0.83618896112502,0.0002890262963637369,2.75731086731005e-05,0.5852523736608853,0.28098663308148114
bayesfl_observability_v1,vi_lr0p002_b256_e5_prior0p05,35,vi,global_test_mc,,,13,0.8666666666666667,0.9333333333333333,1378,0.918722786647315,0.9035887687057473,0.015134017941567657,0.0020854676723480233,0.3572488941241418,0.15099767545111079
bayesfl_observability_v1,vi_lr0p002_b256_e5_prior0p05,35,vi,global_test_mc,,,14,0.9333333333333333,1.0,1879,0.9760510910058542,0.9691727330165698,0.006878357989284378,0.0012924434661865346,0.13154394037232492,0.046672925855637294
bayesfl_observability_v1,vi_lr0p002_b256_e5_prior0p05,36,vi,global_test,,,0,0.0,0.06666666666666667,0,,,,,,
bayesfl_observability_v1,vi_lr0p002_b256_e5_prior0p05,36,vi,global_test,,,1,0.06666666666666667,0.13333333333333333,0,,,,,,
bayesfl_observability_v1,vi_lr0p002_b256_e5_prior0p05,36,vi,global_test,,,2,0.13333333333333333,0.2,11,0.18181818181818182,0.1833096525885842,0.0014914707704023755,1.640617847442613e-06,1.8715751279484143,0.8166206587444652
bayesfl_observability_v1,vi_lr0p002_b256_e5_prior0p05,36,vi,global_test,,,3,0.2,0.26666666666666666,187,0.33689839572192515,0.2435926276254144,0.09330576809651075,0.0017448178634047512,1.7357651059002799,0.78050596223158
bayesfl_observability_v1,vi_lr0p002_b256_e5_prior0p05,36,vi,global_test,,,4,0.26666666666666666,0.3333333333333333,437,0.425629290617849,0.3042049282475522,0.1214243623702968,0.005306244635581971,1.555249165615719,0.7299953017136598
bayesfl_observability_v1,vi_lr0p002_b256_e5_prior0p05,36,vi,global_test,,,5,0.3333333333333333,0.4,588,0.5204081632653061,0.369866294317505,0.15054186894780114,0.008851861894130706,1.330372233374589,0.6506241961401336
bayesfl_observability_v1,vi_lr0p002_b256_e5_prior0p05,36,vi,global_test,,,6,0.4,0.4666666666666667,738,0.6138211382113821,0.43373532734589204,0.18008581086549003,0.013290332841873163,1.1476215637796294,0.5728599188450553
bayesfl_observability_v1,vi_lr0p002_b256_e5_prior0p05,36,vi,global_test,,,7,0.4666666666666667,0.5333333333333333,765,0.7333333333333333,0.500543374797098,0.2327899585362353,0.017808431828022,0.9621616463256039,0.47591082239462656
bayesfl_observability_v1,vi_lr0p002_b256_e5_prior0p05,36,vi,global_test,,,8,0.5333333333333333,0.6,735,0.7904761904761904,0.5661431079008141,0.22433308257537632,0.01648848156929016,0.8795603453707532,0.4178239449351823
bayesfl_observability_v1,vi_lr0p002_b256_e5_prior0p05,36,vi,global_test,,,9,0.6,0.6666666666666666,760,0.8789473684210526,0.6327586638300042,0.24618870459104836,0.018710341548919675,0.650962874136473,0.2952295982523968
bayesfl_observability_v1,vi_lr0p002_b256_e5_prior0p05,36,vi,global_test,,,10,0.6666666666666666,0.7333333333333333,776,0.9368556701030928,0.7006818687485665,0.23617380135452626,0.018327086985111235,0.4914423819516123,0.19285694144896626
bayesfl_observability_v1,vi_lr0p002_b256_e5_prior0p05,36,vi,global_test,,,11,0.7333333333333333,0.8,841,0.9536266349583828,0.7664229952055832,0.18720363975279963,0.01574382610321045,0.3924031376696937,0.13827535074190916
bayesfl_observability_v1,vi_lr0p002_b256_e5_prior0p05,36,vi,global_test,,,12,0.8,0.8666666666666667,900,0.9711111111111111,0.8336632230546739,0.13744788805643726,0.012370309925079355,0.27294158617655434,0.08227334909968906
bayesfl_observability_v1,vi_lr0p002_b256_e5_prior0p05,36,vi,global_test,,,13,0.8666666666666667,0.9333333333333333,1208,0.9925496688741722,0.9026821214236961,0.08986754745047609,0.01085599973201751,0.1331556872372201,0.025989616311321788
bayesfl_observability_v1,vi_lr0p002_b256_e5_prior0p05,36,vi,global_test,,,14,0.9333333333333333,1.0,2054,0.9980525803310614,0.968312896795375,0.029739683535686345,0.006108530998229975,0.04159997533480868,0.005413821987270902
bayesfl_observability_v1,vi_lr0p002_b256_e5_prior0p05,36,vi,global_test_mc,,,0,0.0,0.06666666666666667,0,,,,,,
bayesfl_observability_v1,vi_lr0p002_b256_e5_prior0p05,36,vi,global_test_mc,,,1,0.06666666666666667,0.13333333333333333,0,,,,,,
bayesfl_observability_v1,vi_lr0p002_b256_e5_prior0p05,36,vi,global_test_mc,,,2,0.13333333333333333,0.2,11,0.18181818181818182,0.1833282709121704,0.001510089093988587,1.6610980033874457e-06,1.8715881976214321,0.8166264729066328
bayesfl_observability_v1,vi_lr0p002_b256_e5_prior0p05,36,vi,global_test_mc,,,3,0.2,0.26666666666666666,186,0.3387096774193548,0.2434625837110704,0.09524709370828441,0.0017715959429740898,1.7290687567444258,0.7789456636034032
bayesfl_observability_v1,vi_lr0p002_b256_e5_prior0p05,36,vi,global_test_mc,,,4,0.26666666666666666,0.3333333333333333,437,0.42105263157894735,0.30405671945698476,0.11699591212196259,0.005112721359729765,1.5595847065443305,0.7311180731797382
bayesfl_observability_v1,vi_lr0p002_b256_e5_prior0p05,36,vi,global_test_mc,,,5,0.3333333333333333,0.4,587,0.5229982964224872,0.3696985381831505,0.15329975823933667,0.008998695808649064,1.3313462876379998,0.6510119198534314
bayesfl_observability_v1,vi_lr0p002_b256_e5_prior0p05,36,vi,global_test_mc,,,6,0.4,0.4666666666666667,740,0.6135135135135135,0.4336362445676649,0.17987726894584855,0.013310917901992791,1.1470238556733003,0.5726685069702767
bayesfl_observability_v1,vi_lr0p002_b256_e5_prior0p05,36,vi,global_test_mc,,,7,0.4666666666666667,0.5333333333333333,765,0.7333333333333333,0.5005347870533763,0.232798546279957,0.01780908879041671,0.9621694128497753,0.4759175179051418
bayesfl_observability_v1,vi_lr0p002_b256_e5_prior0p05,36,vi,global_test_mc,,,8,0.5333333333333333,0.6,736,0.7907608695652174,0.5661908601937087,0.22457000937150873,0.016528352689743044,0.8790653509938199,0.41764875436606613
bayesfl_observability_v1,vi_lr0p002_b256_e5_prior0p05,36,vi,global_test_mc,,,9,0.6,0.6666666666666666,760,0.8789473684210526,0.6328428864479065,0.24610448197314605,0.0187039406299591,0.6508216889281022,0.2950487587012743
bayesfl_observability_v1,vi_lr0p002_b256_e5_prior0p05,36,vi,global_test_mc,,,10,0.6666666666666666,0.7333333333333333,778,0.9370179948586118,0.700852516071349,0.2361654787872628,0.018373674249649044,0.49084894945198587,0.19251913234476564
bayesfl_observability_v1,vi_lr0p002_b256_e5_prior0p05,36,vi,global_test_mc,,,11,0.7333333333333333,0.8,837,0.953405017921147,0.7664990408018926,0.18690597711925439,0.01564403028488159,0.39289504795233976,0.13853011948803134
bayesfl_observability_v1,vi_lr0p002_b256_e5_prior0p05,36,vi,global_test_mc,,,12,0.8,0.8666666666666667,902,0.9700665188470067,0.8336573884122388,0.13640913043476788,0.012304103565216063,0.2762806822613972,0.08403098583221436
bayesfl_observability_v1,vi_lr0p002_b256_e5_prior0p05,36,vi,global_test_mc,,,13,0.8666666666666667,0.9333333333333333,1207,0.9933719966859983,0.9027092078547885,0.09066278883120982,0.010942998611927025,0.13051079661765175,0.02461709908357117
bayesfl_observability_v1,vi_lr0p002_b256_e5_prior0p05,36,vi,global_test_mc,,,14,0.9333333333333333,1.0,2054,0.9980525803310614,0.9683134859933825,0.02973909433767885,0.006108409976959235,0.04159983616782953,0.00541371613343726
bayesfl_observability_v1,vi_lr0p002_b256_e5_prior0p05,37,vi,global_test,,,0,0.0,0.06666666666666667,0,,,,,,
bayesfl_observability_v1,vi_lr0p002_b256_e5_prior0p05,37,vi,global_test,,,1,0.06666666666666667,0.13333333333333333,0,,,,,,
bayesfl_observability_v1,vi_lr0p002_b256_e5_prior0p05,37,vi,global_test,,,2,0.13333333333333333,0.2,16,0.125,0.18803075328469276,0.06303075328469276,0.00010084920525550843,1.8491378873586655,0.8170995004475117
bayesfl_observability_v1,vi_lr0p002_b256_e5_prior0p05,37,vi,global_test,,,3,0.2,0.26666666666666666,155,0.2838709677419355,0.2429515077221778,0.040919460019757686,0.0006342516303062441,1.7810738325119018,0.7920940872161619
bayesfl_observability_v1,vi_lr0p002_b256_e5_prior0p05,37,vi,global_test,,,4,0.26666666666666666,0.3333333333333333,379,0.39577836411609496,0.3037532982379591,0.09202506587813586,0.0034877499967813494,1.5940455273776697,0.7412857910259418
bayesfl_observability_v1,vi_lr0p002_b256_e5_prior0p05,37,vi,global_test,,,5,0.3333333333333333,0.4,594,0.4898989898989899,0.3680055805227973,0.12189340937619259,0.007240468516945839,1.4164850485043894,0.6810142713965792
bayesfl_observability_v1,vi_lr0p002_b256_e5_prior0p05,37,vi,global_test,,,6,0.4,0.4666666666666667,699,0.586552217453505,0.4338296022537952,0.15272261519970987,0.010675310802459719,1.1527605377382817,0.5837916175012766
bayesfl_observability_v1,vi_lr0p002_b256_e5_prior0p05,37,vi,global_test,,,7,0.4666666666666667,0.5333333333333333,779,0.6405648267008985,0.4989749445306168,0.14158988217028173,0.011029851821064947,1.0149962154524317,0.5262974835023647
bayesfl_observability_v1,vi_lr0p002_b256_e5_prior0p05,37,vi,global_test,,,8,0.5333333333333333,0.6,759,0.7312252964426877,0.5666612912857799,0.16456400515690783,0.012490407991409304,0.8922675953238064,0.4546551911727242
bayesfl_observability_v1,vi_lr0p002_b256_e5_prior0p05,37,vi,global_test,,,9,0.6,0.6666666666666666,762,0.8083989501312336,0.6331602543044904,0.17523869582674323,0.013353188621997834,0.7746315401370131,0.3693261403502442
bayesfl_observability_v1,vi_lr0p002_b256_e5_prior0p05,37,vi,global_test,,,10,0.6666666666666666,0.7333333333333333,805,0.8757763975155279,0.7003564337025519,0.1754199638129761,0.014121307086944574,0.6127780701062694,0.26950453793780405
bayesfl_observability_v1,vi_lr0p002_b256_e5_prior0p05,37,vi,global_test,,,11,0.7333333333333333,0.8,885,0.9412429378531073,0.7677786315228305,0.17346430633027676,0.015351591110229492,0.3939669829977434,0.1529564887116858
bayesfl_observability_v1,vi_lr0p002_b256_e5_prior0p05,37,vi,global_test,,,12,0.8,0.8666666666666667,1017,0.95968534906588,0.8346163099494304,0.12506903911644962,0.012719521278142926,0.29370260550736677,0.10006780660140714
bayesfl_observability_v1,vi_lr0p002_b256_e5_prior0p05,37,vi,global_test,,,13,0.8666666666666667,0.9333333333333333,1293,0.9876256767208044,0.9016519247425312,0.08597375197827317,0.011116406130790723,0.15311461631770476,0.03506137726847183
bayesfl_observability_v1,vi_lr0p002_b256_e5_prior0p05,37,vi,global_test,,,14,0.9333333333333333,1.0,1857,0.9983844911147012,0.9653805153435382,0.033003975771162986,0.006128838300704966,0.04204629501252644,0.0049960446016392565
bayesfl_observability_v1,vi_lr0p002_b256_e5_prior0p05,37,vi,global_test_mc,,,0,0.0,0.06666666666666667,0,,,,,,
bayesfl_observability_v1,vi_lr0p002_b256_e5_prior0p05,37,vi,global_test_mc,,,1,0.06666666666666667,0.13333333333333333,0,,,,,,
bayesfl_observability_v1,vi_lr0p002_b256_e5_prior0p05,37,vi,global_test_mc,,,2,0.13333333333333333,0.2,16,0.125,0.18805073387920856,0.06305073387920856,0.0001008811742067337,1.849169597029686,0.8171008415520191
bayesfl_observability_v1,vi_lr0p002_b256_e5_prior0p05,37,vi,global_test_mc,,,3,0.2,0.26666666666666666,155,0.2903225806451613,0.24295215414416405,0.047370426500997265,0.0007342416107654576,1.7810847905374343,0.7920999396231867
bayesfl_observability_v1,vi_lr0p002_b256_e5_prior0p05,37,vi,global_test_mc,,,4,0.26666666666666666,0.3333333333333333,380,0.3973684210526316,0.30382533112638876,0.09354308992624283,0.0035546374171972275,1.5927491489209626,0.7407796130368584
bayesfl_observability_v1,vi_lr0p002_b256_e5_prior0p05,37,vi,global_test_mc,,,5,0.3333333333333333,0.4,593,0.48903878583473864,0.36806082499369,0.12097796084104867,0.007173993077874186,1.4170133508679035,0.6812396596796798
bayesfl_observability_v1,vi_lr0p002_b256_e5_prior0p05,37,vi,global_test_mc,,,6,0.4,0.4666666666666667,699,0.5879828326180258,0.43383398963317,0.15414884298485576,0.010775004124641416,1.1527771015194523,0.5838001712367941
bayesfl_observability_v1,vi_lr0p002_b256_e5_prior0p05,37,vi,global_test_mc,,,7,0.4666666666666667,0.5333333333333333,779,0.6405648267008985,0.49897591060025087,0.14158891610064767,0.011029776564240453,1.0149904194937132,0.526295451358898
bayesfl_observability_v1,vi_lr0p002_b256_e5_prior0p05,37,vi,global_test_mc,,,8,0.5333333333333333,0.6,759,0.7312252964426877,0.5666791307439288,0.1645461656987589,0.012489053976535802,0.8922581581573085,0.4546539346848238
bayesfl_observability_v1,vi_lr0p002_b256_e5_prior0p05,37,vi,global_test_mc,,,9,0.6,0.6666666666666666,761,0.8081471747700394,0.6331144842305728,0.17503269053946657,0.013319987750053405,0.775117042656797,0.3696306313384378
bayesfl_observability_v1,vi_lr0p002_b256_e5_prior0p05,37,vi,global_test_mc,,,10,0.6666666666666666,0.7333333333333333,807,0.8760842627013631,0.7003534428101342,0.17573081989122885,0.014181477165222167,0.6121440459656745,0.26912765875181743
bayesfl_observability_v1,vi_lr0p002_b256_e5_prior0p05,37,vi,global_test_mc,,,11,0.7333333333333333,0.8,883,0.942242355605889,0.7677865779008358,0.17445577770505316,0.015404445171356196,0.3901457791960253,0.15135553482569764
bayesfl_observability_v1,vi_lr0p002_b256_e5_prior0p05,37,vi,global_test_mc,,,12,0.8,0.8666666666666667,1017,0.9587020648967551,0.8345575303923533,0.12414453450440188,0.012625499159097671,0.29733854778396696,0.10163532140332338
bayesfl_observability_v1,vi_lr0p002_b256_e5_prior0p05,37,vi,global_test_mc,,,13,0.8666666666666667,0.9333333333333333,1294,0.9876352395672334,0.9016264686260194,0.08600877094121406,0.011129534959793099,0.15310858369702718,0.035052914987138285
bayesfl_observability_v1,vi_lr0p002_b256_e5_prior0p05,37,vi,global_test_mc,,,14,0.9333333333333333,1.0,1857,0.9983844911147012,0.9653817391485441,0.033002751966157096,0.006128611040115373,0.04204587928056075,0.0049959439202525244
bayesfl_observability_v1,vi_lr0p002_b256_e5_prior0p05,38,vi,global_test,,,0,0.0,0.06666666666666667,0,,,,,,
bayesfl_observability_v1,vi_lr0p002_b256_e5_prior0p05,38,vi,global_test,,,1,0.06666666666666667,0.13333333333333333,0,,,,,,
bayesfl_observability_v1,vi_lr0p002_b256_e5_prior0p05,38,vi,global_test,,,2,0.13333333333333333,0.2,8,0.125,0.18493524566292763,0.05993524566292763,4.79481965303421e-05,1.8700253665447235,0.8228354975581169
bayesfl_observability_v1,vi_lr0p002_b256_e5_prior0p05,38,vi,global_test,,,3,0.2,0.26666666666666666,125,0.248,0.2434352021217346,0.004564797878265386,5.705997347831733e-05,1.8801395797729492,0.820254086971283
bayesfl_observability_v1,vi_lr0p002_b256_e5_prior0p05,38,vi,global_test,,,4,0.26666666666666666,0.3333333333333333,325,0.38769230769230767,0.3017784436849447,0.08591386400736295,0.002792200580239296,1.6782907460286067,0.7641533239071185
bayesfl_observability_v1,vi_lr0p002_b256_e5_prior0p05,38,vi,global_test,,,5,0.3333333333333333,0.4,551,0.4246823956442831,0.36880477175738546,0.055877623886897654,0.0030788570761680605,1.4341089245195613,0.7003053273133487
bayesfl_observability_v1,vi_lr0p002_b256_e5_prior0p05,38,vi,global_test,,,6,0.4,0.4666666666666667,737,0.5305291723202171,0.4354059806187085,0.09512319170150862,0.007010579228401185,1.2320002189646582,0.6193490633324011
bayesfl_observability_v1,vi_lr0p002_b256_e5_prior0p05,38,vi,global_test,,,7,0.4666666666666667,0.5333333333333333,859,0.519208381839348,0.5005303317370875,0.018678050102260535,0.00160444450378418,1.1047104878808622,0.5863168392248009
bayesfl_observability_v1,vi_lr0p002_b256_e5_prior0p05,38,vi,global_test,,,8,0.5333333333333333,0.6,759,0.5876152832674572,0.5657998508772517,0.021815432390205447,0.0016557913184165934,1.0574208515277808,0.5539332807299648
bayesfl_observability_v1,vi_lr0p002_b256_e5_prior0p05,38,vi,global_test,,,9,0.6,0.6666666666666666,687,0.6521106259097526,0.6335255166155108,0.01858510929424173,0.001276797008514407,0.9286124175292436,0.49692437221910235
bayesfl_observability_v1,vi_lr0p002_b256_e5_prior0p05,38,vi,global_test,,,10,0.6666666666666666,0.7333333333333333,691,0.723589001447178,0.6987800172889974,0.024808984158180558,0.0017143008053302764,0.8261785243251044,0.4253492905676106
bayesfl_observability_v1,vi_lr0p002_b256_e5_prior0p05,38,vi,global_test,,,11,0.7333333333333333,0.8,767,0.8161668839634941,0.7663252374650291,0.04984164649846501,0.003822854286432266,0.6473685689124787,0.3122705070416029
bayesfl_observability_v1,vi_lr0p002_b256_e5_prior0p05,38,vi,global_test,,,12,0.8,0.8666666666666667,917,0.9073064340239912,0.835242328622999,0.07206410540099228,0.006608278465270991,0.4108408955997313,0.17670310590103383
bayesfl_observability_v1,vi_lr0p002_b256_e5_prior0p05,38,vi,global_test,,,13,0.8666666666666667,0.9333333333333333,1391,0.9726815240833933,0.903380588179094,0.06930093590429931,0.009639760184288033,0.18774817402974725,0.059540560912263216
bayesfl_observability_v1,vi_lr0p002_b256_e5_prior0p05,38,vi,global_test,,,14,0.9333333333333333,1.0,2183,0.9949610627576729,0.9635740473245297,0.03138701543314326,0.006851785469055174,0.05773441263474951,0.011585749650781055
bayesfl_observability_v1,vi_lr0p002_b256_e5_prior0p05,38,vi,global_test_mc,,,0,0.0,0.06666666666666667,0,,,,,,
bayesfl_observability_v1,vi_lr0p002_b256_e5_prior0p05,38,vi,global_test_mc,,,1,0.06666666666666667,0.13333333333333333,0,,,,,,
bayesfl_observability_v1,vi_lr0p002_b256_e5_prior0p05,38,vi,global_test_mc,,,2,0.13333333333333333,0.2,8,0.125,0.184969924390316,0.05996992439031601,4.7975939512252807e-05,1.8701536059379578,0.8228708654642105
bayesfl_observability_v1,vi_lr0p002_b256_e5_prior0p05,38,vi,global_test_mc,,,3,0.2,0.26666666666666666,125,0.248,0.24345448637008668,0.004545513629913317,5.681892037391646e-05,1.880169132232666,0.8202683544158935
bayesfl_observability_v1,vi_lr0p002_b256_e5_prior0p05,38,vi,global_test_mc,,,4,0.26666666666666666,0.3333333333333333,325,0.38769230769230767,0.30179356813430785,0.08589873955799981,0.002791709035634994,1.6782747683158288,0.7641365344707782
bayesfl_observability_v1,vi_lr0p002_b256_e5_prior0p05,38,vi,global_test_mc,,,5,0.3333333333333333,0.4,552,0.4257246376811594,0.36885400051655975,0.05687063716459967,0.0031392591714859016,1.4331980494485386,0.6998160138078358
bayesfl_observability_v1,vi_lr0p002_b256_e5_prior0p05,38,vi,global_test_mc,,,6,0.4,0.4666666666666667,735,0.5292517006802722,0.4354159604935419,0.09383574018673024,0.0068969269037246735,1.23309123434988,0.6199248437167836
bayesfl_observability_v1,vi_lr0p002_b256_e5_prior0p05,38,vi,global_test_mc,,,7,0.4666666666666667,0.5333333333333333,860,0.5197674418604651,0.5004935131516568,0.019273928708808286,0.0016575578689575123,1.1043304787125698,0.5861197238744691
bayesfl_observability_v1,vi_lr0p002_b256_e5_prior0p05,38,vi,global_test_mc,,,8,0.5333333333333333,0.6,759,0.5876152832674572,0.5657987534921317,0.021816529775325444,0.0016558746099472011,1.0574174847684517,0.5539326397640746
bayesfl_observability_v1,vi_lr0p002_b256_e5_prior0p05,38,vi,global_test_mc,,,9,0.6,0.6666666666666666,687,0.6521106259097526,0.6335298785996749,0.01858074731007764,0.0012764973402023339,0.928631311594312,0.49693336497227697
bayesfl_observability_v1,vi_lr0p002_b256_e5_prior0p05,38,vi,global_test_mc,,,10,0.6666666666666666,0.7333333333333333,691,0.7250361794500724,0.6987798696143928,0.026256309835679614,0.0018143110096454614,0.8244487651436443,0.4238402191360849
bayesfl_observability_v1,vi_lr0p002_b256_e5_prior0p05,38,vi,global_test_mc,,,11,0.7333333333333333,0.8,766,0.814621409921671,0.7662796481626775,0.04834176175899352,0.0037029789507389034,0.649530628311883,0.3139799118683948
bayesfl_observability_v1,vi_lr0p002_b256_e5_prior0p05,38,vi,global_test_mc,,,12,0.8,0.8666666666666667,919,0.9075081610446137,0.8352387213473481,0.07226943969726562,0.006641561508178711,0.4103574490780669,0.17642256763476932
bayesfl_observability_v1,vi_lr0p002_b256_e5_prior0p05,38,vi,global_test_mc,,,13,0.8666666666666667,0.9333333333333333,1388,0.9726224783861671,0.9033646175600266,0.0692578608261405,0.0096129910826683,0.18795117280668758,0.059640509680300005
bayesfl_observability_v1,vi_lr0p002_b256_e5_prior0p05,38,vi,global_test_mc,,,14,0.9333333333333333,1.0,2185,0.9949656750572082,0.9635461468991208,0.03141952815808746,0.00686516690254211,0.057744506390198416,0.01158102583353252
bayesfl_observability_v1,vi_lr0p002_b256_e5_prior0p05,39,vi,global_test,,,0,0.0,0.06666666666666667,0,,,,,,
bayesfl_observability_v1,vi_lr0p002_b256_e5_prior0p05,39,vi,global_test,,,1,0.06666666666666667,0.13333333333333333,0,,,,,,
bayesfl_observability_v1,vi_lr0p002_b256_e5_prior0p05,39,vi,global_test,,,2,0.13333333333333333,0.2,14,0.35714285714285715,0.18878569347517832,0.16835716366767883,0.00023570002913475037,1.9276516096932548,0.8306280970573425
bayesfl_observability_v1,vi_lr0p002_b256_e5_prior0p05,39,vi,global_test,,,3,0.2,0.26666666666666666,119,0.2773109243697479,0.24096447817918634,0.03634644619056157,0.00043252270966768276,1.7659481082643782,0.7971671859757239
bayesfl_observability_v1,vi_lr0p002_b256_e5_prior0p05,39,vi,global_test,,,4,0.26666666666666666,0.3333333333333333,367,0.3460490463215259,0.3040152740251141,0.04203377229641181,0.0015426394432783133,1.6227407653585117,0.7552150455417685
bayesfl_observability_v1,vi_lr0p002_b256_e5_prior0p05,39,vi,global_test,,,5,0.3333333333333333,0.4,645,0.46511627906976744,0.3691192285497059,0.09599705052006152,0.0061918097585439685,1.3876592270163604,0.6773826754370401
bayesfl_observability_v1,vi_lr0p002_b256_e5_prior0p05,39,vi,global_test,,,6,0.4,0.4666666666666667,725,0.5089655172413793,0.4328177923580696,0.07614772488330968,0.005520710054039951,1.2261039951751973,0.6224827519778547
bayesfl_observability_v1,vi_lr0p002_b256_e5_prior0p05,39,vi,global_test,,,7,0.4666666666666667,0.5333333333333333,668,0.6047904191616766,0.49946469416518413,0.10532572499649251,0.0070357584297657,1.1244784067133944,0.564479090407223
bayesfl_observability_v1,vi_lr0p002_b256_e5_prior0p05,39,vi,global_test,,,8,0.5333333333333333,0.6,662,0.6933534743202417,0.5675184139672363,0.1258350603530054,0.008330280995368958,0.9775743491700049,0.4878136996416167
bayesfl_observability_v1,vi_lr0p002_b256_e5_prior0p05,39,vi,global_test,,,9,0.6,0.6666666666666666,669,0.7817638266068759,0.6326051164635629,0.14915871014331306,0.009978717708587643,0.8391874827255226,0.3932177760319503
bayesfl_observability_v1,vi_lr0p002_b256_e5_prior0p05,39,vi,global_test,,,10,0.6666666666666666,0.7333333333333333,645,0.8496124031007752,0.6993605944537378,0.15025180864703747,0.009691241657733917,0.6696381309235743,0.2946154009926227
bayesfl_observability_v1,vi_lr0p002_b256_e5_prior0p05,39,vi,global_test,,,11,0.7333333333333333,0.8,797,0.9247176913425345,0.7680322247436983,0.1566854665988362,0.012487831687927244,0.45007342227280067,0.17503471655708036
bayesfl_observability_v1,vi_lr0p002_b256_e5_prior0p05,39,vi,global_test,,,12,0.8,0.8666666666666667,1076,0.966542750929368,0.8351396559339473,0.1314030949954207,0.014138973021507266,0.27674642673323147,0.0879222318412369
bayesfl_observability_v1,vi_lr0p002_b256_e5_prior0p05,39,vi,global_test,,,13,0.8666666666666667,0.9333333333333333,1428,0.9810924369747899,0.9013653866717127,0.07972705030307714,0.011385022783279417,0.17558193774450392,0.046044001856646616
bayesfl_observability_v1,vi_lr0p002_b256_e5_prior0p05,39,vi,global_test,,,14,0.9333333333333333,1.0,2185,0.9954233409610984,0.9727212648369901,0.02270207612410835,0.004960403633117674,0.049167004370853064,0.01021686919897718
bayesfl_observability_v1,vi_lr0p002_b256_e5_prior0p05,39,vi,global_test_mc,,,0,0.0,0.06666666666666667,0,,,,,,
bayesfl_observability_v1,vi_lr0p002_b256_e5_prior0p05,39,vi,global_test_mc,,,1,0.06666666666666667,0.13333333333333333,0,,,,,,
bayesfl_observability_v1,vi_lr0p002_b256_e5_prior0p05,39,vi,global_test_mc,,,2,0.13333333333333333,0.2,14,0.35714285714285715,0.1887641910995756,0.16837866604328156,0.00023573013246059416,1.9279248203550066,0.8307053574493953
bayesfl_observability_v1,vi_lr0p002_b256_e5_prior0p05,39,vi,global_test_mc,,,3,0.2,0.26666666666666666,119,0.2773109243697479,0.24095822908297307,0.036352695286774844,0.00043259707391262066,1.765939765617627,0.7971640915429893
bayesfl_observability_v1,vi_lr0p002_b256_e5_prior0p05,39,vi,global_test_mc,,,4,0.26666666666666666,0.3333333333333333,367,0.3460490463215259,0.3040035402742329,0.04204550604729301,0.0015430700719356535,1.6218924753022779,0.7547993404988697
bayesfl_observability_v1,vi_lr0p002_b256_e5_prior0p05,39,vi,global_test_mc,,,5,0.3333333333333333,0.4,643,0.46500777604976673,0.36902098410978657,0.09598679193998017,0.006171950721740725,1.3895236602281893,0.6780829724405268
bayesfl_observability_v1,vi_lr0p002_b256_e5_prior0p05,39,vi,global_test_mc,,,6,0.4,0.4666666666666667,728,0.5096153846153846,0.4327638793204512,0.0768515052949334,0.005594789585471151,1.224698805792646,0.6218926805061299
bayesfl_observability_v1,vi_lr0p002_b256_e5_prior0p05,39,vi,global_test_mc,,,7,0.4666666666666667,0.5333333333333333,667,0.6041979010494752,0.49950719478427025,0.10469070626520499,0.006982870107889173,1.1250241867963342,0.5647369797440662
bayesfl_observability_v1,vi_lr0p002_b256_e5_prior0p05,39,vi,global_test_mc,,,8,0.5333333333333333,0.6,662,0.6933534743202417,0.5675014765240994,0.1258519977961423,0.008331402254104621,0.9765861308106483,0.4874191813598587
bayesfl_observability_v1,vi_lr0p002_b256_e5_prior0p05,39,vi,global_test_mc,,,9,0.6,0.6666666666666666,669,0.7817638266068759,0.6325939724441779,0.149169854162698,0.009979463243484497,0.8401581318032759,0.39359960338638145
bayesfl_observability_v1,vi_lr0p002_b256_e5_prior0p05,39,vi,global_test_mc,,,10,0.6666666666666666,0.7333333333333333,646,0.8498452012383901,0.6993938583892196,0.1504513428491705,0.009719156748056415,0.6690812729091468,0.2943014149718425
bayesfl_observability_v1,vi_lr0p002_b256_e5_prior0p05,39,vi,global_test_mc,,,11,0.7333333333333333,0.8,795,0.9245283018867925,0.7680351770149088,0.15649312487188372,0.012441203427314756,0.45053444538476334,0.1752968027906598
bayesfl_observability_v1,vi_lr0p002_b256_e5_prior0p05,39,vi,global_test_mc,,,12,0.8,0.8666666666666667,1076,0.966542750929368,0.8350730219848981,0.13146972894446995,0.014146142834424967,0.27681796123934943,0.08794493404421332
bayesfl_observability_v1,vi_lr0p002_b256_e5_prior0p05,39,vi,global_test_mc,,,13,0.8666666666666667,0.9333333333333333,1429,0.9811056682995102,0.90133812362452,0.07976754467499014,0.01139878213405609,0.17556341683806198,0.04603119221619579
bayesfl_observability_v1,vi_lr0p002_b256_e5_prior0p05,39,vi,global_test_mc,,,14,0.9333333333333333,1.0,2185,0.9954233409610984,0.9727210970164982,0.022702243944600187,0.004960440301895141,0.04916861349848915,0.010217059585393685
bayesfl_observability_v1,vi_lr0p002_b256_e5_prior0p05,40,vi,global_test,,,0,0.0,0.06666666666666667,0,,,,,,
bayesfl_observability_v1,vi_lr0p002_b256_e5_prior0p05,40,vi,global_test,,,1,0.06666666666666667,0.13333333333333333,0,,,,,,
bayesfl_observability_v1,vi_lr0p002_b256_e5_prior0p05,40,vi,global_test,,,2,0.13333333333333333,0.2,12,0.16666666666666666,0.18356443693240485,0.016897770265738188,2.0277324318885826e-05,1.9557314018408458,0.8386150697867075
bayesfl_observability_v1,vi_lr0p002_b256_e5_prior0p05,40,vi,global_test,,,3,0.2,0.26666666666666666,124,0.27419354838709675,0.240370808589843,0.033822739797253754,0.00041940197348594655,1.7465632384823215,0.7911530252425901
bayesfl_observability_v1,vi_lr0p002_b256_e5_prior0p05,40,vi,global_test,,,4,0.26666666666666666,0.3333333333333333,382,0.3795811518324607,0.30411884609941414,0.07546230573304658,0.0028826600790023793,1.6161031850969605,0.7511772720913612
bayesfl_observability_v1,vi_lr0p002_b256_e5_prior0p05,40,vi,global_test,,,5,0.3333333333333333,0.4,645,0.4387596899224806,0.3690132093059924,0.0697464806164882,0.004498647999763489,1.441288803899011,0.6962231395780578
bayesfl_observability_v1,vi_lr0p002_b256_e5_prior0p05,40,vi,global_test,,,6,0.4,0.4666666666666667,783,0.5070242656449553,0.43345915921041944,0.07356510643453584,0.005760147833824157,1.2405769852386124,0.6248166759047624
bayesfl_observability_v1,vi_lr0p002_b256_e5_prior0p05,40,vi,global_test,,,7,0.4666666666666667,0.5333333333333333,710,0.604225352112676,0.49976511975409277,0.10446023235858326,0.007416676497459412,1.1168471228908485,0.5618690416846477
bayesfl_observability_v1,vi_lr0p002_b256_e5_prior0p05,40,vi,global_test,,,8,0.5333333333333333,0.6,620,0.646774193548387,0.5663783373371247,0.08039585621126233,0.0049845430850982645,1.0619800552245109,0.5240574256066353
bayesfl_observability_v1,vi_lr0p002_b256_e5_prior0p05,40,vi,global_test,,,9,0.6,0.6666666666666666,533,0.7335834896810507,0.6327998416732444,0.10078364800780626,0.005371768438816074,0.9009783999333909,0.43571276322538366
bayesfl_observability_v1,vi_lr0p002_b256_e5_prior0p05,40,vi,global_test,,,10,0.6666666666666666,0.7333333333333333,572,0.8059440559440559,0.7005662736775992,0.10537778226645678,0.006027609145641328,0.7516469580310208,0.34531134450352274
bayesfl_observability_v1,vi_lr0p002_b256_e5_prior0p05,40,vi,global_test,,,11,0.7333333333333333,0.8,657,0.8736681887366818,0.7661512830667481,0.10751690566993377,0.007063860702514649,0.6058201394306107,0.24498395741983817
bayesfl_observability_v1,vi_lr0p002_b256_e5_prior0p05,40,vi,global_test,,,12,0.8,0.8666666666666667,785,0.9261146496815287,0.834819891498347,0.09129475818318167,0.007166638517379761,0.3988380490404785,0.14993902973498507
bayesfl_observability_v1,vi_lr0p002_b256_e5_prior0p05,40,vi,global_test,,,13,0.8666666666666667,0.9333333333333333,1081,0.967622571692877,0.902590715477138,0.06503185621573904,0.00702994365692139,0.22743230523277938,0.06925990788832954
bayesfl_observability_v1,vi_lr0p002_b256_e5_prior0p05,40,vi,global_test,,,14,0.9333333333333333,1.0,3096,0.9954780361757106,0.9752046365762558,0.020273399599454844,0.00627664451599122,0.046876354022697575,0.009780791693412788
bayesfl_observability_v1,vi_lr0p002_b256_e5_prior0p05,40,vi,global_test_mc,,,0,0.0,0.06666666666666667,0,,,,,,
bayesfl_observability_v1,vi_lr0p002_b256_e5_prior0p05,40,vi,global_test_mc,,,1,0.06666666666666667,0.13333333333333333,0,,,,,,
bayesfl_observability_v1,vi_lr0p002_b256_e5_prior0p05,40,vi,global_test_mc,,,2,0.13333333333333333,0.2,12,0.16666666666666666,0.18356184040506682,0.01689517373840016,2.0274208486080192e-05,1.955749084552129,0.8386221428712209
bayesfl_observability_v1,vi_lr0p002_b256_e5_prior0p05,40,vi,global_test_mc,,,3,0.2,0.26666666666666666,124,0.27419354838709675,0.2403700959778601,0.03382345240923665,0.0004194108098745344,1.7465606370279867,0.7911520508989212
bayesfl_observability_v1,vi_lr0p002_b256_e5_prior0p05,40,vi,global_test_mc,,,4,0.26666666666666666,0.3333333333333333,382,0.3795811518324607,0.3041163350587116,0.07546481677374911,0.002882756000757216,1.6160575294993935,0.7511590555388266
bayesfl_observability_v1,vi_lr0p002_b256_e5_prior0p05,40,vi,global_test_mc,,,5,0.3333333333333333,0.4,645,0.4372093023255814,0.36901859904444495,0.06819070328113647,0.004398300361633302,1.4413073162699854,0.6962377452111059
bayesfl_observability_v1,vi_lr0p002_b256_e5_prior0p05,40,vi,global_test_mc,,,6,0.4,0.4666666666666667,783,0.5057471264367817,0.43345931632917656,0.0722878101076051,0.005660135531425479,1.2417846755201942,0.6255645916379732
bayesfl_observability_v1,vi_lr0p002_b256_e5_prior0p05,40,vi,global_test_mc,,,7,0.4666666666666667,0.5333333333333333,712,0.6053370786516854,0.4998675830913394,0.10546949556034602,0.007509428083896637,1.114813854855098,0.5608919272931774
bayesfl_observability_v1,vi_lr0p002_b256_e5_prior0p05,40,vi,global_test_mc,,,8,0.5333333333333333,0.6,617,0.646677471636953,0.566434673204221,0.08024279843273197,0.004950980663299562,1.0635273128120015,0.5246939879375686
bayesfl_observability_v1,vi_lr0p002_b256_e5_prior0p05,40,vi,global_test_mc,,,9,0.6,0.6666666666666666,534,0.7340823970037453,0.6327289793821756,0.10135341762156969,0.005412272500991821,0.9002480199944214,0.43523466112685116
bayesfl_observability_v1,vi_lr0p002_b256_e5_prior0p05,40,vi,global_test_mc,,,10,0.6666666666666666,0.7333333333333333,572,0.8076923076923077,0.7005642985964154,0.10712800909589226,0.0061277221202850375,0.7483895487718649,0.34317314666467946
bayesfl_observability_v1,vi_lr0p002_b256_e5_prior0p05,40,vi,global_test_mc,,,11,0.7333333333333333,0.8,656,0.8719512195121951,0.7660990967983152,0.10585212271387989,0.0069438992500305205,0.6092632649148383,0.24712764453597186
bayesfl_observability_v1,vi_lr0p002_b256_e5_prior0p05,40,vi,global_test_mc,,,12,0.8,0.8666666666666667,786,0.926208651399491,0.834775963129888,0.09143268826960305,0.007186609297990799,0.39862071984369335,0.14984014931753392
bayesfl_observability_v1,vi_lr0p002_b256_e5_prior0p05,40,vi,global_test_mc,,,13,0.8666666666666667,0.9333333333333333,1081,0.967622571692877,0.9025882399821039,0.06503433171077311,0.007030211257934573,0.2274422341204704,0.06926206763313392
bayesfl_observability_v1,vi_lr0p002_b256_e5_prior0p05,40,vi,global_test_mc,,,14,0.9333333333333333,1.0,3096,0.9954780361757106,0.9752039741484078,0.020274062027302864,0.006276849603652967,0.046876233330992764,0.009780817275454148
bayesfl_observability_v1,vi_lr0p002_b256_e5_prior0p05,41,vi,global_test,,,0,0.0,0.06666666666666667,0,,,,,,
bayesfl_observability_v1,vi_lr0p002_b256_e5_prior0p05,41,vi,global_test,,,1,0.06666666666666667,0.13333333333333333,0,,,,,,
bayesfl_observability_v1,vi_lr0p002_b256_e5_prior0p05,41,vi,global_test,,,2,0.13333333333333333,0.2,15,0.26666666666666666,0.1876968224843343,0.07896984418233235,0.00011845476627349854,1.9740908940633137,0.8363503257433573
bayesfl_observability_v1,vi_lr0p002_b256_e5_prior0p05,41,vi,global_test,,,3,0.2,0.26666666666666666,126,0.3412698412698413,0.24563009623024198,0.0956397450395993,0.0012050607874989512,1.699245415982746,0.7770797132499634
bayesfl_observability_v1,vi_lr0p002_b256_e5_prior0p05,41,vi,global_test,,,4,0.26666666666666666,0.3333333333333333,352,0.3778409090909091,0.3043424215337092,0.0734984875571999,0.0025871467620134365,1.535802954638546,0.7297894780270078
bayesfl_observability_v1,vi_lr0p002_b256_e5_prior0p05,41,vi,global_test,,,5,0.3333333333333333,0.4,532,0.4473684210526316,0.3681694580648178,0.07919896298781376,0.004213384830951692,1.4298464346649056,0.6922674607065388
bayesfl_observability_v1,vi_lr0p002_b256_e5_prior0p05,41,vi,global_test,,,6,0.4,0.4666666666666667,733,0.5225102319236017,0.43386748002138176,0.08864275190221993,0.00649751371443272,1.2521522746079616,0.6258992390125218
bayesfl_observability_v1,vi_lr0p002_b256_e5_prior0p05,41,vi,global_test,,,7,0.4666666666666667,0.5333333333333333,721,0.5686546463245492,0.4989447515153025,0.06970989480924672,0.005026083415746689,1.1198428989944775,0.5738010138645252
bayesfl_observability_v1,vi_lr0p002_b256_e5_prior0p05,41,vi,global_test,,,8,0.5333333333333333,0.6,640,0.665625,0.5669589757919311,0.09866602420806891,0.006314625549316411,1.0174859389662743,0.5054620008915662
bayesfl_observability_v1,vi_lr0p002_b256_e5_prior0p05,41,vi,global_test,,,9,0.6,0.6666666666666666,598,0.7140468227424749,0.6345906471927031,0.0794561755497718,0.004751479297876354,0.9238439753502109,0.4515217393138337
bayesfl_observability_v1,vi_lr0p002_b256_e5_prior0p05,41,vi,global_test,,,10,0.6666666666666666,0.7333333333333333,552,0.7898550724637681,0.701600421813951,0.08825465064981708,0.004871656715869903,0.7726837149888709,0.3579652985638898
bayesfl_observability_v1,vi_lr0p002_b256_e5_prior0p05,41,vi,global_test,,,11,0.7333333333333333,0.8,632,0.8860759493670886,0.7676995562601693,0.11837639310691928,0.0074813880443572985,0.5281598998021476,0.223044533989852
bayesfl_observability_v1,vi_lr0p002_b256_e5_prior0p05,41,vi,global_test,,,12,0.8,0.8666666666666667,816,0.9166666666666666,0.8351534549512115,0.08151321171545511,0.006651478075981137,0.4198920821004054,0.16313800877690607
bayesfl_observability_v1,vi_lr0p002_b256_e5_prior0p05,41,vi,global_test,,,13,0.8666666666666667,0.9333333333333333,1171,0.9607173356105893,0.9030661187957841,0.05765121681480512,0.006750957489013679,0.24501787221502994,0.08061500714438069
bayesfl_observability_v1,vi_lr0p002_b256_e5_prior0p05,41,vi,global_test,,,14,0.9333333333333333,1.0,3112,0.99646529562982,0.9749457423975045,0.02151955323231547,0.006696884965896574,0.04308182730370591,0.007937444068786537
bayesfl_observability_v1,vi_lr0p002_b256_e5_prior0p05,41,vi,global_test_mc,,,0,0.0,0.06666666666666667,0,,,,,,
bayesfl_observability_v1,vi_lr0p002_b256_e5_prior0p05,41,vi,global_test_mc,,,1,0.06666666666666667,0.13333333333333333,0,,,,,,
bayesfl_observability_v1,vi_lr0p002_b256_e5_prior0p05,41,vi,global_test_mc,,,2,0.13333333333333333,0.2,15,0.26666666666666666,0.1876956711212794,0.07897099554538725,0.00011845649331808088,1.9741350173950196,0.8363670190175374
bayesfl_observability_v1,vi_lr0p002_b256_e5_prior0p05,41,vi,global_test_mc,,,3,0.2,0.26666666666666666,127,0.33858267716535434,0.24580340462876119,0.09277927253659315,0.001178296761214733,1.7022636725207951,0.7781926215164304
bayesfl_observability_v1,vi_lr0p002_b256_e5_prior0p05,41,vi,global_test_mc,,,4,0.26666666666666666,0.3333333333333333,352,0.3806818181818182,0.3045199555768208,0.07616186260499735,0.002680897563695907,1.5330357053740458,0.7289218284528364
bayesfl_observability_v1,vi_lr0p002_b256_e5_prior0p05,41,vi,global_test_mc,,,5,0.3333333333333333,0.4,532,0.44548872180451127,0.3682980270762193,0.07719069472829199,0.004106544959545134,1.4309588581099546,0.6927792420960907
bayesfl_observability_v1,vi_lr0p002_b256_e5_prior0p05,41,vi,global_test_mc,,,6,0.4,0.4666666666666667,732,0.523224043715847,0.43392083614738913,0.08930320756845783,0.006536994794011113,1.251570966400084,0.6255499446978334
bayesfl_observability_v1,vi_lr0p002_b256_e5_prior0p05,41,vi,global_test_mc,,,7,0.4666666666666667,0.5333333333333333,720,0.5694444444444444,0.4988942918678125,0.07055015257663194,0.0050796109855175,1.119779075185458,0.5735309511423111
bayesfl_observability_v1,vi_lr0p002_b256_e5_prior0p05,41,vi,global_test_mc,,,8,0.5333333333333333,0.6,642,0.6651090342679128,0.5669682779787486,0.09814075628916419,0.006300636553764341,1.016935217046292,0.50538055956178
bayesfl_observability_v1,vi_lr0p002_b256_e5_prior0p05,41,vi,global_test_mc,,,9,0.6,0.6666666666666666,596,0.7130872483221476,0.6345951007116561,0.0784921476104915,0.004678131997585294,0.9254252338569436,0.45246955252333776
bayesfl_observability_v1,vi_lr0p002_b256_e5_prior0p05,41,vi,global_test_mc,,,10,0.6666666666666666,0.7333333333333333,553,0.7902350813743219,0.7015322120237092,0.08870286935061267,0.004905268675088881,0.7720400444745587,0.35760436733851164
bayesfl_observability_v1,vi_lr0p002_b256_e5_prior0p05,41,vi,global_test_mc,,,11,0.7333333333333333,0.8,631,0.8858954041204438,0.7676480281182968,0.11824737600214696,0.007461409425735473,0.5286527881531632,0.22332626193903515
bayesfl_observability_v1,vi_lr0p002_b256_e5_prior0p05,41,vi,global_test_mc,,,12,0.8,0.8666666666666667,817,0.9167686658506732,0.8351068344956658,0.08166183135500737,0.006671771621704103,0.4196537542664144,0.16300005293844524
bayesfl_observability_v1,vi_lr0p002_b256_e5_prior0p05,41,vi,global_test_mc,,,13,0.8666666666666667,0.9333333333333333,1170,0.9606837606837607,0.9030405908568293,0.057643169826931406,0.0067442508697509755,0.2451702317620954,0.08067782918612162
bayesfl_observability_v1,vi_lr0p002_b256_e5_prior0p05,41,vi,global_test_mc,,,14,0.9333333333333333,1.0,3113,0.9964664310954063,0.9749334773717109,0.021532953723695458,0.006703208494186395,0.043089442895686475,0.007937151799561833
bayesfl_observability_v1,vi_lr0p002_b256_e5_prior0p05,42,vi,global_test,,,0,0.0,0.06666666666666667,0,,,,,,
bayesfl_observability_v1,vi_lr0p002_b256_e5_prior0p05,42,vi,global_test,,,1,0.06666666666666667,0.13333333333333333,0,,,,,,
bayesfl_observability_v1,vi_lr0p002_b256_e5_prior0p05,42,vi,global_test,,,2,0.13333333333333333,0.2,6,0.16666666666666666,0.18909637878338495,0.022429712116718292,1.3457827270030975e-05,2.218621035416921,0.8965980112552643
bayesfl_observability_v1,vi_lr0p002_b256_e5_prior0p05,42,vi,global_test,,,3,0.2,0.26666666666666666,99,0.2727272727272727,0.24216702460038542,0.03056024812688729,0.00030254645645618416,1.7995250682638149,0.8102942753319788
bayesfl_observability_v1,vi_lr0p002_b256_e5_prior0p05,42,vi,global_test,,,4,0.26666666666666666,0.3333333333333333,262,0.3282442748091603,0.30549309613140485,0.022751178677755446,0.0005960808813571927,1.7080595975613777,0.7734369057735414
bayesfl_observability_v1,vi_lr0p002_b256_e5_prior0p05,42,vi,global_test,,,5,0.3333333333333333,0.4,445,0.3797752808988764,0.3697083503342746,0.010066930564601784,0.0004479784101247794,1.470770696575722,0.7164680541901106
bayesfl_observability_v1,vi_lr0p002_b256_e5_prior0p05,42,vi,global_test,,,6,0.4,0.4666666666666667,513,0.4619883040935672,0.4336366612776446,0.028351642815922617,0.0014544392764568302,1.37739458418729,0.6644761462425396
bayesfl_observability_v1,vi_lr0p002_b256_e5_prior0p05,42,vi,global_test,,,7,0.4666666666666667,0.5333333333333333,580,0.5362068965517242,0.5008880127092887,0.03531888384243542,0.0020484952628612545,1.2401688313689725,0.6174023794716802
bayesfl_observability_v1,vi_lr0p002_b256_e5_prior0p05,42,vi,global_test,,,8,0.5333333333333333,0.6,606,0.5924092409240924,0.5674276786668859,0.02498156225720649,0.0015138826727867133,1.1532303629928689,0.5780346976845178
bayesfl_observability_v1,vi_lr0p002_b256_e5_prior0p05,42,vi,global_test,,,9,0.6,0.6666666666666666,628,0.6576433121019108,0.633936628509479,0.023706683592431887,0.0014887797296047225,1.0073309497563703,0.5094986742564068
bayesfl_observability_v1,vi_lr0p002_b256_e5_prior0p05,42,vi,global_test,,,10,0.6666666666666666,0.7333333333333333,668,0.6856287425149701,0.7007942513791386,0.015165508864168564,0.00101305599212646,0.9739157439705854,0.4828781424882169
bayesfl_observability_v1,vi_lr0p002_b256_e5_prior0p05,42,vi,global_test,,,11,0.7333333333333333,0.8,813,0.7392373923739237,0.7677643202327714,0.028526927858847695,0.0023192392349243173,0.8517796867154768,0.42055829864586414
bayesfl_observability_v1,vi_lr0p002_b256_e5_prior0p05,42,vi,global_test,,,12,0.8,0.8666666666666667,909,0.823982398239824,0.8340965854321638,0.010114187192339807,0.0009193796157836886,0.6484054978793473,0.3044198542931686
bayesfl_observability_v1,vi_lr0p002_b256_e5_prior0p05,42,vi,global_test,,,13,0.8666666666666667,0.9333333333333333,1272,0.8915094339622641,0.9033174908386087,0.011808056876344564,0.0015019848346710285,0.4344055176062404,0.19771517865629223
bayesfl_observability_v1,vi_lr0p002_b256_e5_prior0p05,42,vi,global_test,,,14,0.9333333333333333,1.0,3199,0.9849953110346984,0.9730084986565969,0.011986812378101508,0.0038345812797546722,0.09467370750830299,0.029635285825310515
bayesfl_observability_v1,vi_lr0p002_b256_e5_prior0p05,42,vi,global_test_mc,,,0,0.0,0.06666666666666667,0,,,,,,
bayesfl_observability_v1,vi_lr0p002_b256_e5_prior0p05,42,vi,global_test_mc,,,1,0.06666666666666667,0.13333333333333333,0,,,,,,
bayesfl_observability_v1,vi_lr0p002_b256_e5_prior0p05,42,vi,global_test_mc,,,2,0.13333333333333333,0.2,6,0.16666666666666666,0.1891320695479711,0.02246540288130444,1.3479241728782665e-05,2.2188620567321777,0.8966256678104401
bayesfl_observability_v1,vi_lr0p002_b256_e5_prior0p05,42,vi,global_test_mc,,,3,0.2,0.26666666666666666,99,0.2727272727272727,0.24217375631284233,0.03055351641443038,0.00030247981250286076,1.799597690803836,0.8103178528824238
bayesfl_observability_v1,vi_lr0p002_b256_e5_prior0p05,42,vi,global_test_mc,,,4,0.26666666666666666,0.3333333333333333,262,0.3282442748091603,0.30547330966432584,0.022770965144834454,0.0005965992867946626,1.7080605648856126,0.7734428516781057
bayesfl_observability_v1,vi_lr0p002_b256_e5_prior0p05,42,vi,global_test_mc,,,5,0.3333333333333333,0.4,444,0.38063063063063063,0.3696416804382393,0.010988950192391322,0.00048790938854217475,1.4664018036008954,0.7154031873823287
bayesfl_observability_v1,vi_lr0p002_b256_e5_prior0p05,42,vi,global_test_mc,,,6,0.4,0.4666666666666667,513,0.46393762183235865,0.433505346493879,0.030432275338479642,0.0015611757248640058,1.3823593555138125,0.6657161788168938
bayesfl_observability_v1,vi_lr0p002_b256_e5_prior0p05,42,vi,global_test_mc,,,7,0.4666666666666667,0.5333333333333333,581,0.5352839931153184,0.5008372976837387,0.03444669543157963,0.0020013530045747767,1.2396148875124893,0.6173405969409648
bayesfl_observability_v1,vi_lr0p002_b256_e5_prior0p05,42,vi,global_test_mc,,,8,0.5333333333333333,0.6,607,0.5930807248764415,0.5674792233566083,0.025601501519833203,0.0015540111422538755,1.1521770111615026,0.5774222789623789
bayesfl_observability_v1,vi_lr0p002_b256_e5_prior0p05,42,vi,global_test_mc,,,9,0.6,0.6666666666666666,625,0.6576,0.6338876090049743,0.023712390995025645,0.0014820244371891028,1.0075922685623169,0.5094891169309617
bayesfl_observability_v1,vi_lr0p002_b256_e5_prior0p05,42,vi,global_test_mc,,,10,0.6666666666666666,0.7333333333333333,670,0.6850746268656717,0.7006924928124271,0.015617865946755405,0.0010463970184326121,0.9745139926227171,0.4834321296037133
bayesfl_observability_v1,vi_lr0p002_b256_e5_prior0p05,42,vi,global_test_mc,,,11,0.7333333333333333,0.8,815,0.7386503067484662,0.7678475069853425,0.02919720023687633,0.002379571819305421,0.8527447565932946,0.42136831020285015
bayesfl_observability_v1,vi_lr0p002_b256_e5_prior0p05,42,vi,global_test_mc,,,12,0.8,0.8666666666666667,908,0.8248898678414097,0.8342093549635967,0.009319487122186998,0.0008462094306945794,0.6465289377430987,0.3031327296458677
bayesfl_observability_v1,vi_lr0p002_b256_e5_prior0p05,42,vi,global_test_mc,,,13,0.8666666666666667,0.9333333333333333,1271,0.8914240755310779,0.9033446270682323,0.011920551537154322,0.0015151021003723144,0.43463233765141407,0.1978540780311443
bayesfl_observability_v1,vi_lr0p002_b256_e5_prior0p05,42,vi,global_test_mc,,,14,0.9333333333333333,1.0,3199,0.9849953110346984,0.9730075789675484,0.011987732067149981,0.0038348754882812793,0.09467365407094094,0.029635330330826187
bayesfl_observability_v1,vi_lr0p002_b256_e5_prior0p05,43,vi,global_test,,,0,0.0,0.06666666666666667,0,,,,,,
bayesfl_observability_v1,vi_lr0p002_b256_e5_prior0p05,43,vi,global_test,,,1,0.06666666666666667,0.13333333333333333,0,,,,,,
bayesfl_observability_v1,vi_lr0p002_b256_e5_prior0p05,43,vi,global_test,,,2,0.13333333333333333,0.2,10,0.3,0.1881243884563446,0.11187561154365538,0.00011187561154365539,1.962784719467163,0.8387198328971863
bayesfl_observability_v1,vi_lr0p002_b256_e5_prior0p05,43,vi,global_test,,,3,0.2,0.26666666666666666,97,0.30927835051546393,0.24128413615153008,0.06799421436393385,0.0006595438793301584,1.7828363131002052,0.7996763156861374
bayesfl_observability_v1,vi_lr0p002_b256_e5_prior0p05,43,vi,global_test,,,4,0.26666666666666666,0.3333333333333333,317,0.31545741324921134,0.3045198769787509,0.010937536270460457,0.00034671989977359645,1.6360097322554243,0.7619710149073075
bayesfl_observability_v1,vi_lr0p002_b256_e5_prior0p05,43,vi,global_test,,,5,0.3333333333333333,0.4,507,0.4378698224852071,0.3686394556269373,0.06923036685826983,0.0035099795997142807,1.4465226085463454,0.6985794144739531
bayesfl_observability_v1,vi_lr0p002_b256_e5_prior0p05,43,vi,global_test,,,6,0.4,0.4666666666666667,640,0.5515625,0.4339863957837224,0.11757610421627757,0.007524870669841763,1.2348874934017657,0.6122854309156537
bayesfl_observability_v1,vi_lr0p002_b256_e5_prior0p05,43,vi,global_test,,,7,0.4666666666666667,0.5333333333333333,778,0.5912596401028277,0.5000526641895349,0.09120697591329285,0.007095902726054184,1.094485656844313,0.5603292269541242
bayesfl_observability_v1,vi_lr0p002_b256_e5_prior0p05,43,vi,global_test,,,8,0.5333333333333333,0.6,694,0.6556195965417867,0.5671171439484148,0.08850245259337186,0.006142070209980008,0.9337735523064473,0.498476308944933
bayesfl_observability_v1,vi_lr0p002_b256_e5_prior0p05,43,vi,global_test,,,9,0.6,0.6666666666666666,682,0.7653958944281525,0.6333162714658944,0.13207962296225806,0.009007830286026,0.7785955260226454,0.39453544067847063
bayesfl_observability_v1,vi_lr0p002_b256_e5_prior0p05,43,vi,global_test,,,10,0.6666666666666666,0.7333333333333333,697,0.8177905308464849,0.7013206988188252,0.1164698320276597,0.008117947292327881,0.6663408864348315,0.3240343703430044
bayesfl_observability_v1,vi_lr0p002_b256_e5_prior0p05,43,vi,global_test,,,11,0.7333333333333333,0.8,734,0.8692098092643051,0.76783040271468,0.10137940654962518,0.007441248440742489,0.5491227493786357,0.24706887934935515
bayesfl_observability_v1,vi_lr0p002_b256_e5_prior0p05,43,vi,global_test,,,12,0.8,0.8666666666666667,931,0.9570354457572503,0.8343563581767836,0.12267908758046675,0.011421423053741456,0.30691869046326997,0.10467447178832442
bayesfl_observability_v1,vi_lr0p002_b256_e5_prior0p05,43,vi,global_test,,,13,0.8666666666666667,0.9333333333333333,1401,0.9778729478943612,0.9025300225558066,0.07534292533855458,0.010555543839931496,0.18302594227909105,0.05194686246978692
bayesfl_observability_v1,vi_lr0p002_b256_e5_prior0p05,43,vi,global_test,,,14,0.9333333333333333,1.0,2512,0.9984076433121019,0.9678809750991263,0.03052666821297556,0.0076682990550994605,0.03931771600796918,0.0047802126945654866
bayesfl_observability_v1,vi_lr0p002_b256_e5_prior0p05,43,vi,global_test_mc,,,0,0.0,0.06666666666666667,0,,,,,,
bayesfl_observability_v1,vi_lr0p002_b256_e5_prior0p05,43,vi,global_test_mc,,,1,0.06666666666666667,0.13333333333333333,0,,,,,,
bayesfl_observability_v1,vi_lr0p002_b256_e5_prior0p05,43,vi,global_test_mc,,,2,0.13333333333333333,0.2,10,0.3,0.18810635209083557,0.11189364790916442,0.00011189364790916442,1.9626983284950257,0.838698023557663
bayesfl_observability_v1,vi_lr0p002_b256_e5_prior0p05,43,vi,global_test_mc,,,3,0.2,0.26666666666666666,97,0.30927835051546393,0.2412878935484542,0.06799045696700973,0.0006595074325799943,1.78279883468274,0.799668711485322
bayesfl_observability_v1,vi_lr0p002_b256_e5_prior0p05,43,vi,global_test_mc,,,4,0.26666666666666666,0.3333333333333333,318,0.31446540880503143,0.3046153778175138,0.009850030987517633,0.00031323098540306075,1.6401967230083059,0.7631429242637923
bayesfl_observability_v1,vi_lr0p002_b256_e5_prior0p05,43,vi,global_test_mc,,,5,0.3333333333333333,0.4,505,0.4396039603960396,0.3686461789773242,0.0709577814187154,0.003583367961645127,1.4445611458013554,0.6981358796653181
bayesfl_observability_v1,vi_lr0p002_b256_e5_prior0p05,43,vi,global_test_mc,,,6,0.4,0.4666666666666667,641,0.5522620904836193,0.43393296886717847,0.11832912161644082,0.007584896695613857,1.2343466467864799,0.6121430636940062
bayesfl_observability_v1,vi_lr0p002_b256_e5_prior0p05,43,vi,global_test_mc,,,7,0.4666666666666667,0.5333333333333333,778,0.5912596401028277,0.5000535779869648,0.09120606211586291,0.007095831632614134,1.0944786320002342,0.5602684045512143
bayesfl_observability_v1,vi_lr0p002_b256_e5_prior0p05,43,vi,global_test_mc,,,8,0.5333333333333333,0.6,695,0.6561151079136691,0.5671795435946623,0.08893556431900684,0.006181021720170975,0.9331457550577122,0.4981081351101827
bayesfl_observability_v1,vi_lr0p002_b256_e5_prior0p05,43,vi,global_test_mc,,,9,0.6,0.6666666666666666,682,0.7639296187683284,0.6334030375627479,0.13052658120558058,0.008901912838220597,0.7795726604475653,0.3955205829262384
bayesfl_observability_v1,vi_lr0p002_b256_e5_prior0p05,43,vi,global_test_mc,,,10,0.6666666666666666,0.7333333333333333,694,0.8184438040345822,0.7012767164782763,0.1171670875563059,0.008131395876407628,0.6666320802842506,0.3238531352807191
bayesfl_observability_v1,vi_lr0p002_b256_e5_prior0p05,43,vi,global_test_mc,,,11,0.7333333333333333,0.8,736,0.8709239130434783,0.7677354365587234,0.10318847648475482,0.007594671869277954,0.5456970946903786,0.24473240398599402
bayesfl_observability_v1,vi_lr0p002_b256_e5_prior0p05,43,vi,global_test_mc,,,12,0.8,0.8666666666666667,931,0.9559613319011815,0.8343557947816449,0.12160553711953659,0.011321475505828855,0.3091064065406709,0.10617427942448092
bayesfl_observability_v1,vi_lr0p002_b256_e5_prior0p05,43,vi,global_test_mc,,,13,0.8666666666666667,0.9333333333333333,1403,0.977904490377762,0.9025725319992196,0.07533195837854234,0.01056907376050949,0.18286267012166535,0.05188291815540362
bayesfl_observability_v1,vi_lr0p002_b256_e5_prior0p05,43,vi,global_test_mc,,,14,0.9333333333333333,1.0,2510,0.998406374501992,0.9679085165380956,0.03049785796389637,0.007654962348937988,0.03929468187915376,0.004778469189170347
bayesfl_observability_v1,vi_lr0p002_b256_e5_prior0p05,44,vi,global_test,,,0,0.0,0.06666666666666667,0,,,,,,
bayesfl_observability_v1,vi_lr0p002_b256_e5_prior0p05,44,vi,global_test,,,1,0.06666666666666667,0.13333333333333333,0,,,,,,
bayesfl_observability_v1,vi_lr0p002_b256_e5_prior0p05,44,vi,global_test,,,2,0.13333333333333333,0.2,4,0.0,0.18058279156684875,0.18058279156684875,7.22331166267395e-05,1.9608425796031952,0.8441163450479507
bayesfl_observability_v1,vi_lr0p002_b256_e5_prior0p05,44,vi,global_test,,,3,0.2,0.26666666666666666,83,0.1927710843373494,0.2404004724988018,0.0476293881614524,0.00039532392174005494,1.873961114021669,0.8247326368308929
bayesfl_observability_v1,vi_lr0p002_b256_e5_prior0p05,44,vi,global_test,,,4,0.26666666666666666,0.3333333333333333,278,0.3381294964028777,0.30427273239591995,0.03385676400695775,0.0009412180393934255,1.70648819036621,0.7712492327467143
bayesfl_observability_v1,vi_lr0p002_b256_e5_prior0p05,44,vi,global_test,,,5,0.3333333333333333,0.4,490,0.463265306122449,0.3681434133223125,0.0951218928001365,0.004660972747206688,1.43031340630687,0.691274337561763
bayesfl_observability_v1,vi_lr0p002_b256_e5_prior0p05,44,vi,global_test,,,6,0.4,0.4666666666666667,613,0.49429037520391517,0.4336712593744474,0.06061911582946777,0.0037159518003463746,1.305396594192231,0.644760255712475
bayesfl_observability_v1,vi_lr0p002_b256_e5_prior0p05,44,vi,global_test,,,7,0.4666666666666667,0.5333333333333333,789,0.5538656527249683,0.5005361214941143,0.053329531230854044,0.004207700014114384,1.089673372275929,0.5732447499709136
bayesfl_observability_v1,vi_lr0p002_b256_e5_prior0p05,44,vi,global_test,,,8,0.5333333333333333,0.6,703,0.6130867709815079,0.5664203482366049,0.04666642274490296,0.003280649518966678,0.9949027857773673,0.5245841461767682
bayesfl_observability_v1,vi_lr0p002_b256_e5_prior0p05,44,vi,global_test,,,9,0.6,0.6666666666666666,742,0.6212938005390836,0.6361856595525202,0.014891859013436592,0.001104975938796995,0.9312844331052426,0.5069002939684372
bayesfl_observability_v1,vi_lr0p002_b256_e5_prior0p05,44,vi,global_test,,,10,0.6666666666666666,0.7333333333333333,762,0.6889763779527559,0.7001573138349638,0.01118093588220792,0.0008519873142242435,0.8261163303545453,0.4492732411607357
bayesfl_observability_v1,vi_lr0p002_b256_e5_prior0p05,44,vi,global_test,,,11,0.7333333333333333,0.8,851,0.7426556991774383,0.7680058296502827,0.0253501304728444,0.0021572961032390583,0.7510429260733545,0.39871675931748995
bayesfl_observability_v1,vi_lr0p002_b256_e5_prior0p05,44,vi,global_test,,,12,0.8,0.8666666666666667,925,0.825945945945946,0.8351327187950547,0.009186772849108737,0.0008497764885425582,0.5940516075250265,0.2933405960613006
bayesfl_observability_v1,vi_lr0p002_b256_e5_prior0p05,44,vi,global_test,,,13,0.8666666666666667,0.9333333333333333,1318,0.9119878603945372,0.902062432538034,0.009925427856503188,0.0013081713914871202,0.37441574993553217,0.16255191001017918
bayesfl_observability_v1,vi_lr0p002_b256_e5_prior0p05,44,vi,global_test,,,14,0.9333333333333333,1.0,2442,0.9852579852579852,0.9686011717419074,0.01665681351607784,0.004067593860626209,0.09079944823825095,0.029341807770470338
bayesfl_observability_v1,vi_lr0p002_b256_e5_prior0p05,44,vi,global_test_mc,,,0,0.0,0.06666666666666667,0,,,,,,
bayesfl_observability_v1,vi_lr0p002_b256_e5_prior0p05,44,vi,global_test_mc,,,1,0.06666666666666667,0.13333333333333333,0,,,,,,
bayesfl_observability_v1,vi_lr0p002_b256_e5_prior0p05,44,vi,global_test_mc,,,2,0.13333333333333333,0.2,4,0.0,0.18061190098524094,0.18061190098524094,7.224476039409637e-05,1.9609662592411041,0.844153106212616
bayesfl_observability_v1,vi_lr0p002_b256_e5_prior0p05,44,vi,global_test_mc,,,3,0.2,0.26666666666666666,83,0.1927710843373494,0.24040053856660085,0.04762945422925144,0.00039532447010278695,1.874045769852328,0.8247595041631216
bayesfl_observability_v1,vi_lr0p002_b256_e5_prior0p05,44,vi,global_test_mc,,,4,0.26666666666666666,0.3333333333333333,279,0.33691756272401435,0.30436892321460135,0.032548639509413,0.0009081070423126228,1.7042741164511677,0.7705793017554882
bayesfl_observability_v1,vi_lr0p002_b256_e5_prior0p05,44,vi,global_test_mc,,,5,0.3333333333333333,0.4,492,0.45934959349593496,0.3684149005912184,0.09093469290471656,0.004473986890912054,1.4326264606258734,0.692397130880414
bayesfl_observability_v1,vi_lr0p002_b256_e5_prior0p05,44,vi,global_test_mc,,,6,0.4,0.4666666666666667,611,0.4959083469721768,0.4338952628758457,0.062013084096331106,0.0037889994382858303,1.3036778695064364,0.644169499948255
bayesfl_observability_v1,vi_lr0p002_b256_e5_prior0p05,44,vi,global_test_mc,,,7,0.4666666666666667,0.5333333333333333,786,0.5559796437659033,0.5004903173628654,0.05548932640303783,0.004361461055278773,1.0900844320389453,0.5729851844049896
bayesfl_observability_v1,vi_lr0p002_b256_e5_prior0p05,44,vi,global_test_mc,,,8,0.5333333333333333,0.6,704,0.6122159090909091,0.5662801516326991,0.04593575745820999,0.0032338773250579836,0.994927089322697,0.5250698273832147
bayesfl_observability_v1,vi_lr0p002_b256_e5_prior0p05,44,vi,global_test_mc,,,9,0.6,0.6666666666666666,742,0.6212938005390836,0.6360852898291822,0.014791489290098658,0.0010975285053253204,0.9319622870082804,0.5071812797428141
bayesfl_observability_v1,vi_lr0p002_b256_e5_prior0p05,44,vi,global_test_mc,,,10,0.6666666666666666,0.7333333333333333,763,0.6893840104849279,0.700114484539507,0.010730474054579053,0.0008187351703643818,0.8250407953874781,0.4486672531417907
bayesfl_observability_v1,vi_lr0p002_b256_e5_prior0p05,44,vi,global_test_mc,,,11,0.7333333333333333,0.8,852,0.7429577464788732,0.7680363845377461,0.025078638058872893,0.00213669996261597,0.7504345615145186,0.39831501665249675
bayesfl_observability_v1,vi_lr0p002_b256_e5_prior0p05,44,vi,global_test_mc,,,12,0.8,0.8666666666666667,925,0.825945945945946,0.8352007604934074,0.009254814547461465,0.0008560703456401855,0.5939775499298766,0.29331550882474794
bayesfl_observability_v1,vi_lr0p002_b256_e5_prior0p05,44,vi,global_test_mc,,,13,0.8666666666666667,0.9333333333333333,1319,0.9120545868081881,0.9021337169693491,0.009920869838838997,0.0013085627317428637,0.3741289172279193,0.16242071811372444
bayesfl_observability_v1,vi_lr0p002_b256_e5_prior0p05,44,vi,global_test_mc,,,14,0.9333333333333333,1.0,2440,0.9852459016393442,0.9686306523495033,0.016615249289840928,0.004054120826721187,0.09081683759806586,0.029360954286377937
bayesfl_observability_v1,vi_lr0p002_b256_e5_prior0p05,45,vi,global_test,,,0,0.0,0.06666666666666667,0,,,,,,
bayesfl_observability_v1,vi_lr0p002_b256_e5_prior0p05,45,vi,global_test,,,1,0.06666666666666667,0.13333333333333333,0,,,,,,
bayesfl_observability_v1,vi_lr0p002_b256_e5_prior0p05,45,vi,global_test,,,2,0.13333333333333333,0.2,11,0.18181818181818182,0.19007126986980438,0.008253088051622559,9.078396856784816e-06,1.919218572703275,0.8298953338102861
bayesfl_observability_v1,vi_lr0p002_b256_e5_prior0p05,45,vi,global_test,,,3,0.2,0.26666666666666666,81,0.2716049382716049,0.244196605903131,0.027408332368473926,0.0002220074921846388,1.7833429663269609,0.7955154018637575
bayesfl_observability_v1,vi_lr0p002_b256_e5_prior0p05,45,vi,global_test,,,4,0.26666666666666666,0.3333333333333333,291,0.38831615120274915,0.30300411725371973,0.08531203394902942,0.0024825801879167562,1.655601387990709,0.7546478829433009
bayesfl_observability_v1,vi_lr0p002_b256_e5_prior0p05,45,vi,global_test,,,5,0.3333333333333333,0.4,474,0.4767932489451477,0.3682187855369431,0.10857446340820459,0.005146429565548898,1.4048157915284363,0.6868058581392473
bayesfl_observability_v1,vi_lr0p002_b256_e5_prior0p05,45,vi,global_test,,,6,0.4,0.4666666666666667,603,0.5041459369817579,0.4349825629349767,0.06916337404678119,0.004170551455020906,1.2884386167004334,0.6412300090884688
bayesfl_observability_v1,vi_lr0p002_b256_e5_prior0p05,45,vi,global_test,,,7,0.4666666666666667,0.5333333333333333,761,0.5558475689881734,0.5000731469610518,0.055774422027121684,0.00424443351626396,1.0607395891134435,0.5617032805347568
bayesfl_observability_v1,vi_lr0p002_b256_e5_prior0p05,45,vi,global_test,,,8,0.5333333333333333,0.6,719,0.588317107093185,0.5661195309337886,0.022197576159396326,0.001596005725860596,1.02017359673894,0.5387681893413687
bayesfl_observability_v1,vi_lr0p002_b256_e5_prior0p05,45,vi,global_test,,,9,0.6,0.6666666666666666,669,0.6218236173393124,0.633031870039411,0.01120825270009862,0.0007498321056365976,1.0015312292472487,0.5203894960773365
bayesfl_observability_v1,vi_lr0p002_b256_e5_prior0p05,45,vi,global_test,,,10,0.6666666666666666,0.7333333333333333,651,0.6697388632872504,0.7001679972752631,0.030429133988012724,0.001980936622619628,0.9095063704865686,0.4755610393305894
bayesfl_observability_v1,vi_lr0p002_b256_e5_prior0p05,45,vi,global_test,,,11,0.7333333333333333,0.8,705,0.7687943262411348,0.7676084329050483,0.0011858933360864299,8.360548019409331e-05,0.717648342484278,0.36803936823040034
bayesfl_observability_v1,vi_lr0p002_b256_e5_prior0p05,45,vi,global_test,,,12,0.8,0.8666666666666667,751,0.8641810918774967,0.8337761311334236,0.030404960744073062,0.002283412551879887,0.546491104181851,0.2403689317315936
bayesfl_observability_v1,vi_lr0p002_b256_e5_prior0p05,45,vi,global_test,,,13,0.8666666666666667,0.9333333333333333,1113,0.9415992812219227,0.9043612119215411,0.03723806930038165,0.004144597113132477,0.2813284407835872,0.11131325294493773
bayesfl_observability_v1,vi_lr0p002_b256_e5_prior0p05,45,vi,global_test,,,14,0.9333333333333333,1.0,3171,0.989908546199937,0.9720054176544699,0.01790312854546705,0.005677082061767601,0.07263662795545325,0.020402750537828557
bayesfl_observability_v1,vi_lr0p002_b256_e5_prior0p05,45,vi,global_test_mc,,,0,0.0,0.06666666666666667,0,,,,,,
bayesfl_observability_v1,vi_lr0p002_b256_e5_prior0p05,45,vi,global_test_mc,,,1,0.06666666666666667,0.13333333333333333,0,,,,,,
bayesfl_observability_v1,vi_lr0p002_b256_e5_prior0p05,45,vi,global_test_mc,,,2,0.13333333333333333,0.2,11,0.18181818181818182,0.19006364318457517,0.008245461366393342,9.070007503032676e-06,1.9192448312586003,0.8299149383198131
bayesfl_observability_v1,vi_lr0p002_b256_e5_prior0p05,45,vi,global_test_mc,,,3,0.2,0.26666666666666666,81,0.2716049382716049,0.24419612649046343,0.02740881178114149,0.00022201137542724605,1.783430567494145,0.795542515354392
bayesfl_observability_v1,vi_lr0p002_b256_e5_prior0p05,45,vi,global_test_mc,,,4,0.26666666666666666,0.3333333333333333,291,0.3848797250859107,0.3029943561226232,0.08188536896328746,0.002382864236831665,1.655631734743151,0.754660300987283
bayesfl_observability_v1,vi_lr0p002_b256_e5_prior0p05,45,vi,global_test_mc,,,5,0.3333333333333333,0.4,473,0.47780126849894294,0.3681386706062906,0.10966259789265237,0.005187040880322457,1.4054236480095925,0.6869178733160329
bayesfl_observability_v1,vi_lr0p002_b256_e5_prior0p05,45,vi,global_test_mc,,,6,0.4,0.4666666666666667,605,0.5024793388429752,0.4349838201664696,0.06749551867650566,0.004083478879928592,1.2877378416455483,0.6412228714336049
bayesfl_observability_v1,vi_lr0p002_b256_e5_prior0p05,45,vi,global_test_mc,,,7,0.4666666666666667,0.5333333333333333,757,0.5535006605019815,0.49997362151958513,0.05352703898239641,0.004051996850967409,1.0615858263982019,0.5622052443232215
bayesfl_observability_v1,vi_lr0p002_b256_e5_prior0p05,45,vi,global_test_mc,,,8,0.5333333333333333,0.6,722,0.590027700831025,0.565989481114945,0.02403821971608,0.001735559463500976,1.0194896568551948,0.5383049774698273
bayesfl_observability_v1,vi_lr0p002_b256_e5_prior0p05,45,vi,global_test_mc,,,9,0.6,0.6666666666666666,668,0.6212574850299402,0.6329843290373237,0.011726844007383552,0.0007833531796932213,1.0024235573357452,0.5208506472408772
bayesfl_observability_v1,vi_lr0p002_b256_e5_prior0p05,45,vi,global_test_mc,,,10,0.6666666666666666,0.7333333333333333,654,0.6712538226299695,0.7002071529535707,0.028953330323601256,0.001893547803163522,0.9069040701567944,0.47388946725232156
bayesfl_observability_v1,vi_lr0p002_b256_e5_prior0p05,45,vi,global_test_mc,,,11,0.7333333333333333,0.8,703,0.7681365576102418,0.7676977331234754,0.00043882448676635377,3.084936141967467e-05,0.7188102890383637,0.3688196717081843
bayesfl_observability_v1,vi_lr0p002_b256_e5_prior0p05,45,vi,global_test_mc,,,12,0.8,0.8666666666666667,751,0.8641810918774967,0.8337747101459935,0.03040638173150323,0.0022835192680358924,0.5464905505174009,0.2403669516827549
bayesfl_observability_v1,vi_lr0p002_b256_e5_prior0p05,45,vi,global_test_mc,,,13,0.8666666666666667,0.9333333333333333,1113,0.9415992812219227,0.9043585329792677,0.037240748242655,0.0041448952794075015,0.28132947007493725,0.11131334579269413
bayesfl_observability_v1,vi_lr0p002_b256_e5_prior0p05,45,vi,global_test_mc,,,14,0.9333333333333333,1.0,3171,0.989908546199937,0.9720051665292557,0.01790337967068123,0.005677161693573018,0.07263503028405874,0.020402487064293227
bayesfl_observability_v1,vi_lr0p002_b256_e5_prior0p05,46,vi,global_test,,,0,0.0,0.06666666666666667,0,,,,,,
bayesfl_observability_v1,vi_lr0p002_b256_e5_prior0p05,46,vi,global_test,,,1,0.06666666666666667,0.13333333333333333,0,,,,,,
bayesfl_observability_v1,vi_lr0p002_b256_e5_prior0p05,46,vi,global_test,,,2,0.13333333333333333,0.2,6,0.0,0.19340230524539948,0.19340230524539948,0.00011604138314723968,1.8620466987291973,0.834498276313146
bayesfl_observability_v1,vi_lr0p002_b256_e5_prior0p05,46,vi,global_test,,,3,0.2,0.26666666666666666,62,0.22580645161290322,0.24319164286698064,0.01738519125407742,0.00010778818577528,1.841847602398165,0.8266752948684077
bayesfl_observability_v1,vi_lr0p002_b256_e5_prior0p05,46,vi,global_test,,,4,0.26666666666666666,0.3333333333333333,262,0.3473282442748092,0.3053714386151947,0.04195680565961446,0.001099268308281899,1.6023349375215195,0.755709231354808
bayesfl_observability_v1,vi_lr0p002_b256_e5_prior0p05,46,vi,global_test,,,5,0.3333333333333333,0.4,516,0.38372093023255816,0.3676468634097151,0.01607406682284307,0.0008294218480587024,1.4445455060448757,0.7119015961192375
bayesfl_observability_v1,vi_lr0p002_b256_e5_prior0p05,46,vi,global_test,,,6,0.4,0.4666666666666667,701,0.48787446504992865,0.43448095791009966,0.05339350713982899,0.003742884850502012,1.2362372878614745,0.6339567949020234
bayesfl_observability_v1,vi_lr0p002_b256_e5_prior0p05,46,vi,global_test,,,7,0.4666666666666667,0.5333333333333333,908,0.5506607929515418,0.5003465288010988,0.050314264150443044,0.004568535184860228,1.0628783828886594,0.5721678817849852
bayesfl_observability_v1,vi_lr0p002_b256_e5_prior0p05,46,vi,global_test,,,8,0.5333333333333333,0.6,799,0.609511889862328,0.5661772249338773,0.04333466492845062,0.0034624397277832047,0.9660737953138292,0.530624458279568
bayesfl_observability_v1,vi_lr0p002_b256_e5_prior0p05,46,vi,global_test,,,9,0.6,0.6666666666666666,776,0.6481958762886598,0.6328141352104157,0.015381741078244082,0.0011936231076717409,0.9560963108982008,0.5065267166871693
bayesfl_observability_v1,vi_lr0p002_b256_e5_prior0p05,46,vi,global_test,,,10,0.6666666666666666,0.7333333333333333,754,0.7214854111405835,0.6998410860486625,0.021644325091921046,0.0016319821119308469,0.874895178829011,0.44055134785270184
bayesfl_observability_v1,vi_lr0p002_b256_e5_prior0p05,46,vi,global_test,,,11,0.7333333333333333,0.8,828,0.7958937198067633,0.7676342406134674,0.028259479193295856,0.002339884877204897,0.6739494276507465,0.34027217263760773
bayesfl_observability_v1,vi_lr0p002_b256_e5_prior0p05,46,vi,global_test,,,12,0.8,0.8666666666666667,1038,0.8516377649325626,0.835469182516109,0.01616858241645358,0.0016782988548278816,0.5574098046804439,0.26202832779673024
bayesfl_observability_v1,vi_lr0p002_b256_e5_prior0p05,46,vi,global_test,,,13,0.8666666666666667,0.9333333333333333,1364,0.9105571847507331,0.9008367070354675,0.00972047771526563,0.001325873160362232,0.39682806675975096,0.1671261441090917
bayesfl_observability_v1,vi_lr0p002_b256_e5_prior0p05,46,vi,global_test,,,14,0.9333333333333333,1.0,1986,0.9370594159113796,0.9742452450029079,0.03718582909152823,0.0073851056575775075,0.3364329119358298,0.12098867240962587
bayesfl_observability_v1,vi_lr0p002_b256_e5_prior0p05,46,vi,global_test_mc,,,0,0.0,0.06666666666666667,0,,,,,,
bayesfl_observability_v1,vi_lr0p002_b256_e5_prior0p05,46,vi,global_test_mc,,,1,0.06666666666666667,0.13333333333333333,0,,,,,,
bayesfl_observability_v1,vi_lr0p002_b256_e5_prior0p05,46,vi,global_test_mc,,,2,0.13333333333333333,0.2,6,0.0,0.19341332713762918,0.19341332713762918,0.00011604799628257751,1.8621604839960735,0.8345496356487274
bayesfl_observability_v1,vi_lr0p002_b256_e5_prior0p05,46,vi,global_test_mc,,,3,0.2,0.26666666666666666,62,0.22580645161290322,0.2431657535414542,0.01735930192855098,0.00010762767195701608,1.841852718783963,0.8266833818727924
bayesfl_observability_v1,vi_lr0p002_b256_e5_prior0p05,46,vi,global_test_mc,,,4,0.26666666666666666,0.3333333333333333,262,0.3473282442748092,0.30537433364919125,0.04195391062561793,0.0010991924583911897,1.6023272598972758,0.7557151556470012
bayesfl_observability_v1,vi_lr0p002_b256_e5_prior0p05,46,vi,global_test_mc,,,5,0.3333333333333333,0.4,516,0.3817829457364341,0.36763971905375636,0.014143226682677756,0.0007297904968261722,1.445283509733141,0.7124523707600527
bayesfl_observability_v1,vi_lr0p002_b256_e5_prior0p05,46,vi,global_test_mc,,,6,0.4,0.4666666666666667,701,0.49072753209700426,0.4344699818125465,0.05625755028445778,0.003943654274940491,1.2344476282171448,0.6327186385847192
bayesfl_observability_v1,vi_lr0p002_b256_e5_prior0p05,46,vi,global_test_mc,,,7,0.4666666666666667,0.5333333333333333,908,0.5495594713656388,0.50034324503155,0.04921622633408873,0.0044688333511352565,1.0638203736443876,0.5727854069109005
bayesfl_observability_v1,vi_lr0p002_b256_e5_prior0p05,46,vi,global_test_mc,,,8,0.5333333333333333,0.6,798,0.6102756892230576,0.5661446988433226,0.044130990379735,0.0035216530323028527,0.9658726785415993,0.5302646948878926
bayesfl_observability_v1,vi_lr0p002_b256_e5_prior0p05,46,vi,global_test_mc,,,9,0.6,0.6666666666666666,778,0.6478149100257069,0.6328273294517498,0.014987580573957104,0.0011660337686538627,0.9556234637155631,0.5065278931686076
bayesfl_observability_v1,vi_lr0p002_b256_e5_prior0p05,46,vi,global_test_mc,,,10,0.6666666666666666,0.7333333333333333,753,0.7211155378486056,0.6998899594087842,0.021225578439821424,0.0015982860565185533,0.875515401442529,0.4408661784087203
bayesfl_observability_v1,vi_lr0p002_b256_e5_prior0p05,46,vi,global_test_mc,,,11,0.7333333333333333,0.8,827,0.7956469165659008,0.7676014356774603,0.0280454808884405,0.0023193612694740293,0.6744895278326402,0.3406169793625985
bayesfl_observability_v1,vi_lr0p002_b256_e5_prior0p05,46,vi,global_test_mc,,,12,0.8,0.8666666666666667,1038,0.8516377649325626,0.8354058022214268,0.016231962711135806,0.0016848777294158968,0.5575054793229223,0.2620696325522627
bayesfl_observability_v1,vi_lr0p002_b256_e5_prior0p05,46,vi,global_test_mc,,,13,0.8666666666666667,0.9333333333333333,1365,0.9106227106227106,0.9008121256426577,0.009810584980052939,0.001339144849777226,0.3966541831637477,0.16702265447285367
bayesfl_observability_v1,vi_lr0p002_b256_e5_prior0p05,46,vi,global_test_mc,,,14,0.9333333333333333,1.0,1986,0.9370594159113796,0.9742445830492095,0.03718516713782982,0.007384974193573002,0.3364349649459394,0.12098884379396484
bayesfl_observability_v1,vi_lr0p002_b256_e5_prior0p05,47,vi,global_test,,,0,0.0,0.06666666666666667,0,,,,,,
bayesfl_observability_v1,vi_lr0p002_b256_e5_prior0p05,47,vi,global_test,,,1,0.06666666666666667,0.13333333333333333,0,,,,,,
bayesfl_observability_v1,vi_lr0p002_b256_e5_prior0p05,47,vi,global_test,,,2,0.13333333333333333,0.2,3,0.0,0.17802010973294577,0.17802010973294577,5.340603291988373e-05,1.9070721467336018,0.8362261255582174
bayesfl_observability_v1,vi_lr0p002_b256_e5_prior0p05,47,vi,global_test,,,3,0.2,0.26666666666666666,112,0.3392857142857143,0.2441078153039728,0.0951778989817415,0.0010659924685955048,1.7230695145470756,0.7818774692714214
bayesfl_observability_v1,vi_lr0p002_b256_e5_prior0p05,47,vi,global_test,,,4,0.26666666666666666,0.3333333333333333,311,0.3987138263665595,0.30345647933015485,0.09525734703640465,0.0029625034928321844,1.5073650780214758,0.7280034873263246
bayesfl_observability_v1,vi_lr0p002_b256_e5_prior0p05,47,vi,global_test,,,5,0.3333333333333333,0.4,516,0.44573643410852715,0.3688028243969577,0.07693360971156943,0.003969774261116982,1.413582717494447,0.6835569508315981
bayesfl_observability_v1,vi_lr0p002_b256_e5_prior0p05,47,vi,global_test,,,6,0.4,0.4666666666666667,680,0.5294117647058824,0.4351103217286222,0.09430144297726017,0.006412498122453692,1.2197799906134605,0.6102750361842267
bayesfl_observability_v1,vi_lr0p002_b256_e5_prior0p05,47,vi,global_test,,,7,0.4666666666666667,0.5333333333333333,702,0.6410256410256411,0.499233334832042,0.14179230619359906,0.009953819894790654,1.0472302212674394,0.5341739033022498
bayesfl_observability_v1,vi_lr0p002_b256_e5_prior0p05,47,vi,global_test,,,8,0.5333333333333333,0.6,710,0.6957746478873239,0.5666606963520319,0.12911395153529204,0.009167090559005735,0.9759529288385955,0.48068708164591184
bayesfl_observability_v1,vi_lr0p002_b256_e5_prior0p05,47,vi,global_test,,,9,0.6,0.6666666666666666,637,0.7551020408163265,0.6339595643467207,0.12114247646960574,0.007716775751113886,0.8731684999151544,0.41920124604900366
bayesfl_observability_v1,vi_lr0p002_b256_e5_prior0p05,47,vi,global_test,,,10,0.6666666666666666,0.7333333333333333,644,0.8090062111801242,0.7009166005235281,0.10808961065659606,0.006960970926284786,0.7679837148011841,0.34476800994103
bayesfl_observability_v1,vi_lr0p002_b256_e5_prior0p05,47,vi,global_test,,,11,0.7333333333333333,0.8,691,0.8654124457308249,0.7675763225417406,0.0978361231890843,0.006760476112365726,0.590107830923304,0.254722646279894
bayesfl_observability_v1,vi_lr0p002_b256_e5_prior0p05,47,vi,global_test,,,12,0.8,0.8666666666666667,864,0.9189814814814815,0.8352572415024042,0.0837242399790773,0.007233774334192279,0.40682436851784587,0.16010922437137062
bayesfl_observability_v1,vi_lr0p002_b256_e5_prior0p05,47,vi,global_test,,,13,0.8666666666666667,0.9333333333333333,1177,0.9515717926932881,0.9025115521154671,0.04906024057782099,0.005774390316009531,0.2895982960775533,0.09665478711525262
bayesfl_observability_v1,vi_lr0p002_b256_e5_prior0p05,47,vi,global_test,,,14,0.9333333333333333,1.0,2953,0.99153403318659,0.9731617697287204,0.018372263457869575,0.005425329399108885,0.0708912872547543,0.017406834985952368
bayesfl_observability_v1,vi_lr0p002_b256_e5_prior0p05,47,vi,global_test_mc,,,0,0.0,0.06666666666666667,0,,,,,,
bayesfl_observability_v1,vi_lr0p002_b256_e5_prior0p05,47,vi,global_test_mc,,,1,0.06666666666666667,0.13333333333333333,0,,,,,,
bayesfl_observability_v1,vi_lr0p002_b256_e5_prior0p05,47,vi,global_test_mc,,,2,0.13333333333333333,0.2,3,0.0,0.1780164142449697,0.1780164142449697,5.3404924273490906e-05,1.9072144428888957,0.8362573782602946
bayesfl_observability_v1,vi_lr0p002_b256_e5_prior0p05,47,vi,global_test_mc,,,3,0.2,0.26666666666666666,112,0.3392857142857143,0.2441088566556573,0.09517685763005701,0.0010659808054566385,1.7231482107724463,0.7819080991404397
bayesfl_observability_v1,vi_lr0p002_b256_e5_prior0p05,47,vi,global_test_mc,,,4,0.26666666666666666,0.3333333333333333,311,0.3954983922829582,0.30345645096524354,0.09204194131771465,0.0028625043749809253,1.5041669312014074,0.7272044454740175
bayesfl_observability_v1,vi_lr0p002_b256_e5_prior0p05,47,vi,global_test_mc,,,5,0.3333333333333333,0.4,517,0.4448742746615087,0.36886483897784694,0.07600943568366175,0.003929687824845313,1.4152007128329986,0.684110666382013
bayesfl_observability_v1,vi_lr0p002_b256_e5_prior0p05,47,vi,global_test_mc,,,6,0.4,0.4666666666666667,682,0.5293255131964809,0.43530063086416015,0.09402488233232076,0.006412496975064276,1.2189878328454808,0.6099137348338656
bayesfl_observability_v1,vi_lr0p002_b256_e5_prior0p05,47,vi,global_test_mc,,,7,0.4666666666666667,0.5333333333333333,700,0.6414285714285715,0.49940982375826154,0.14201874767030992,0.009941312336921694,1.0467506660733905,0.5337914487293788
bayesfl_observability_v1,vi_lr0p002_b256_e5_prior0p05,47,vi,global_test_mc,,,8,0.5333333333333333,0.6,709,0.6953455571227081,0.5666965617783819,0.12864899534432617,0.009121213769912725,0.9764559709470935,0.4809542919583986
bayesfl_observability_v1,vi_lr0p002_b256_e5_prior0p05,47,vi,global_test_mc,,,9,0.6,0.6666666666666666,638,0.7554858934169278,0.6340069875448101,0.12147890587211774,0.0077503541946411115,0.8724369001239071,0.4187590216394502
bayesfl_observability_v1,vi_lr0p002_b256_e5_prior0p05,47,vi,global_test_mc,,,10,0.6666666666666666,0.7333333333333333,642,0.8099688473520249,0.7009184590752623,0.10905038827676261,0.007001034927368159,0.7668772618347239,0.3436833586648246
bayesfl_observability_v1,vi_lr0p002_b256_e5_prior0p05,47,vi,global_test_mc,,,11,0.7333333333333333,0.8,693,0.8643578643578643,0.767570620319372,0.09678724403849237,0.006707356011867522,0.5913974403646945,0.2559016128037055
bayesfl_observability_v1,vi_lr0p002_b256_e5_prior0p05,47,vi,global_test_mc,,,12,0.8,0.8666666666666667,863,0.9188876013904983,0.8353006737533339,0.08358692763716435,0.0072135518550872834,0.4070210974503779,0.16020718300639547
bayesfl_observability_v1,vi_lr0p002_b256_e5_prior0p05,47,vi,global_test_mc,,,13,0.8666666666666667,0.9333333333333333,1177,0.9515717926932881,0.9025127855315488,0.049059007161739276,0.005774245142936713,0.2895929632089659,0.09665397697697277
bayesfl_observability_v1,vi_lr0p002_b256_e5_prior0p05,47,vi,global_test_mc,,,14,0.9333333333333333,1.0,2953,0.99153403318659,0.9731612171595516,0.01837281602703833,0.0054254925727844185,0.07089289198315753,0.01740695543973866
bayesfl_observability_v1,vi_lr0p002_b256_e5_prior0p05,48,vi,global_test,,,0,0.0,0.06666666666666667,0,,,,,,
bayesfl_observability_v1,vi_lr0p002_b256_e5_prior0p05,48,vi,global_test,,,1,0.06666666666666667,0.13333333333333333,0,,,,,,
bayesfl_observability_v1,vi_lr0p002_b256_e5_prior0p05,48,vi,global_test,,,2,0.13333333333333333,0.2,6,0.16666666666666666,0.18723936627308527,0.02057269960641861,1.2343619763851166e-05,1.8769964377085369,0.8192676901817322
bayesfl_observability_v1,vi_lr0p002_b256_e5_prior0p05,48,vi,global_test,,,3,0.2,0.26666666666666666,95,0.3157894736842105,0.24082260429859162,0.07496686938561889,0.0007121852591633795,1.7739026910380313,0.7918187492772153
bayesfl_observability_v1,vi_lr0p002_b256_e5_prior0p05,48,vi,global_test,,,4,0.26666666666666666,0.3333333333333333,291,0.36082474226804123,0.30199712094982056,0.05882762131822067,0.0017118837803602215,1.6196905288499654,0.7524245098694083
bayesfl_observability_v1,vi_lr0p002_b256_e5_prior0p05,48,vi,global_test,,,5,0.3333333333333333,0.4,445,0.48089887640449436,0.36819810204291614,0.11270077436157822,0.005015184459090231,1.3649957078226496,0.6749412458934141
bayesfl_observability_v1,vi_lr0p002_b256_e5_prior0p05,48,vi,global_test,,,6,0.4,0.4666666666666667,563,0.5683836589698046,0.433019335909381,0.13536432306042356,0.007621011388301847,1.2212658989281255,0.6053151596291239
bayesfl_observability_v1,vi_lr0p002_b256_e5_prior0p05,48,vi,global_test,,,7,0.4666666666666667,0.5333333333333333,600,0.665,0.4986523132522901,0.16634768674770994,0.009980861204862596,1.0378183603286744,0.5244969846804937
bayesfl_observability_v1,vi_lr0p002_b256_e5_prior0p05,48,vi,global_test,,,8,0.5333333333333333,0.6,659,0.7678300455235205,0.5665753479249922,0.20125469759852832,0.013262684571743018,0.8628097441561848,0.4319400144274571
bayesfl_observability_v1,vi_lr0p002_b256_e5_prior0p05,48,vi,global_test,,,9,0.6,0.6666666666666666,715,0.8377622377622378,0.6333345699977208,0.20442766776451704,0.01461657824516297,0.7187521467675696,0.3340586290492878
bayesfl_observability_v1,vi_lr0p002_b256_e5_prior0p05,48,vi,global_test,,,10,0.6666666666666666,0.7333333333333333,726,0.8994490358126722,0.7000495252858837,0.1993995105267885,0.014476404464244846,0.5859216460675905,0.2416636944022389
bayesfl_observability_v1,vi_lr0p002_b256_e5_prior0p05,48,vi,global_test,,,11,0.7333333333333333,0.8,779,0.9358151476251605,0.7659373754714358,0.16987777215372468,0.013233478450775151,0.4235987678571904,0.16146007589565467
bayesfl_observability_v1,vi_lr0p002_b256_e5_prior0p05,48,vi,global_test,,,12,0.8,0.8666666666666667,975,0.9641025641025641,0.8349499541062575,0.12915260999630662,0.012592379474639896,0.2923715241750081,0.09284726165808165
bayesfl_observability_v1,vi_lr0p002_b256_e5_prior0p05,48,vi,global_test,,,13,0.8666666666666667,0.9333333333333333,1321,0.9848599545798638,0.901652599626378,0.08320735495348575,0.010991691589355467,0.16400398051170217,0.03998449910643604
bayesfl_observability_v1,vi_lr0p002_b256_e5_prior0p05,48,vi,global_test,,,14,0.9333333333333333,1.0,2825,0.9957522123893805,0.9730864259838004,0.022665786405580146,0.006403084659576392,0.04868538915056043,0.009460516451668424
bayesfl_observability_v1,vi_lr0p002_b256_e5_prior0p05,48,vi,global_test_mc,,,0,0.0,0.06666666666666667,0,,,,,,
bayesfl_observability_v1,vi_lr0p002_b256_e5_prior0p05,48,vi,global_test_mc,,,1,0.06666666666666667,0.13333333333333333,0,,,,,,
bayesfl_observability_v1,vi_lr0p002_b256_e5_prior0p05,48,vi,global_test_mc,,,2,0.13333333333333333,0.2,6,0.16666666666666666,0.18727519114812216,0.020608524481455504,1.2365114688873301e-05,1.8769423961639404,0.8192605276902517
bayesfl_observability_v1,vi_lr0p002_b256_e5_prior0p05,48,vi,global_test_mc,,,3,0.2,0.26666666666666666,95,0.3157894736842105,0.24082436687067935,0.07496510681353116,0.000712168514728546,1.7643494681308145,0.7888051880033393
bayesfl_observability_v1,vi_lr0p002_b256_e5_prior0p05,48,vi,global_test_mc,,,4,0.26666666666666666,0.3333333333333333,291,0.36082474226804123,0.30199845273470144,0.05882628953333979,0.001711845025420188,1.6228110880376547,0.7534115171104772
bayesfl_observability_v1,vi_lr0p002_b256_e5_prior0p05,48,vi,global_test_mc,,,5,0.3333333333333333,0.4,445,0.48089887640449436,0.3681914628891463,0.11270741351534808,0.00501547990143299,1.3649859589137388,0.6749376404151488
bayesfl_observability_v1,vi_lr0p002_b256_e5_prior0p05,48,vi,global_test_mc,,,6,0.4,0.4666666666666667,563,0.5683836589698046,0.4330316182775142,0.1353520406922904,0.00762031989097595,1.2212572203648027,0.6053063270253779
bayesfl_observability_v1,vi_lr0p002_b256_e5_prior0p05,48,vi,global_test_mc,,,7,0.4666666666666667,0.5333333333333333,600,0.665,0.4986562554041545,0.16634374459584556,0.009980624675750734,1.0377904065450032,0.524482163588206
bayesfl_observability_v1,vi_lr0p002_b256_e5_prior0p05,48,vi,global_test_mc,,,8,0.5333333333333333,0.6,659,0.7678300455235205,0.5665873847166938,0.20124266080682673,0.013261891347169881,0.8628028169930072,0.4319286748925181
bayesfl_observability_v1,vi_lr0p002_b256_e5_prior0p05,48,vi,global_test_mc,,,9,0.6,0.6666666666666666,715,0.8377622377622378,0.6333322471672005,0.2044299905950373,0.014616744327545166,0.71875378268582,0.334059753451314
bayesfl_observability_v1,vi_lr0p002_b256_e5_prior0p05,48,vi,global_test_mc,,,10,0.6666666666666666,0.7333333333333333,725,0.8993103448275862,0.7000141506359495,0.1992961941916367,0.014448974078893659,0.5862807171509183,0.2418308280665299
bayesfl_observability_v1,vi_lr0p002_b256_e5_prior0p05,48,vi,global_test_mc,,,11,0.7333333333333333,0.8,780,0.9358974358974359,0.7658943384121626,0.1700030974852733,0.013260241603851319,0.4234646766613691,0.16140052202420357
bayesfl_observability_v1,vi_lr0p002_b256_e5_prior0p05,48,vi,global_test_mc,,,12,0.8,0.8666666666666667,974,0.9640657084188912,0.8349157843501661,0.12914992406872505,0.012579202604293821,0.29252647940505455,0.09291865575668504
bayesfl_observability_v1,vi_lr0p002_b256_e5_prior0p05,48,vi,global_test_mc,,,13,0.8666666666666667,0.9333333333333333,1322,0.9848714069591528,0.9016215429724435,0.0832498639867093,0.01100563201904297,0.16399460940786642,0.0399722350527407
bayesfl_observability_v1,vi_lr0p002_b256_e5_prior0p05,48,vi,global_test_mc,,,14,0.9333333333333333,1.0,2825,0.9957522123893805,0.9730842853647418,0.022667927024638712,0.006403689384460436,0.04868869968220196,0.00946084838558351
bayesfl_observability_v1,vi_lr0p002_b256_e5_prior0p05,49,vi,global_test,,,0,0.0,0.06666666666666667,0,,,,,,
bayesfl_observability_v1,vi_lr0p002_b256_e5_prior0p05,49,vi,global_test,,,1,0.06666666666666667,0.13333333333333333,0,,,,,,
bayesfl_observability_v1,vi_lr0p002_b256_e5_prior0p05,49,vi,global_test,,,2,0.13333333333333333,0.2,6,0.16666666666666666,0.18595249205827713,0.019285825391610473,1.1571495234966283e-05,2.060624659061432,0.8765927950541178
bayesfl_observability_v1,vi_lr0p002_b256_e5_prior0p05,49,vi,global_test,,,3,0.2,0.26666666666666666,94,0.30851063829787234,0.24176901674016993,0.06674162155770241,0.0006273712426424026,1.817814547964867,0.8053782036963929
bayesfl_observability_v1,vi_lr0p002_b256_e5_prior0p05,49,vi,global_test,,,4,0.26666666666666666,0.3333333333333333,246,0.3699186991869919,0.30196315922388217,0.06795553996310971,0.0016717062830924987,1.7380801046766885,0.7754249899852567
bayesfl_observability_v1,vi_lr0p002_b256_e5_prior0p05,49,vi,global_test,,,5,0.3333333333333333,0.4,405,0.45185185185185184,0.368328771179105,0.08352308067274683,0.0033826847672462465,1.4404203220650003,0.6953306410047743
bayesfl_observability_v1,vi_lr0p002_b256_e5_prior0p05,49,vi,global_test,,,6,0.4,0.4666666666666667,576,0.546875,0.4351592791887621,0.11171572081123787,0.0064348255187273015,1.2195583258031144,0.6110249765010344
bayesfl_observability_v1,vi_lr0p002_b256_e5_prior0p05,49,vi,global_test,,,7,0.4666666666666667,0.5333333333333333,696,0.5862068965517241,0.49940886374177607,0.08679803280994802,0.006041143083572382,1.0180575628390258,0.5475919438504625
bayesfl_observability_v1,vi_lr0p002_b256_e5_prior0p05,49,vi,global_test,,,8,0.5333333333333333,0.6,705,0.6978723404255319,0.5659187915477347,0.1319535488777972,0.009302725195884704,0.9313614480038906,0.4698161373747156
bayesfl_observability_v1,vi_lr0p002_b256_e5_prior0p05,49,vi,global_test,,,9,0.6,0.6666666666666666,740,0.727027027027027,0.6328699144157204,0.09415711261130666,0.006967626333236693,0.8224276110932633,0.4265530499252113
bayesfl_observability_v1,vi_lr0p002_b256_e5_prior0p05,49,vi,global_test,,,10,0.6666666666666666,0.7333333333333333,716,0.8072625698324022,0.6999216146309283,0.10734095520147391,0.007685612392425532,0.6932718627279697,0.33499098107135494
bayesfl_observability_v1,vi_lr0p002_b256_e5_prior0p05,49,vi,global_test,,,11,0.7333333333333333,0.8,767,0.8852672750977836,0.767482904287485,0.11778437081029858,0.009034061241149902,0.521758693138033,0.22518365821440497
bayesfl_observability_v1,vi_lr0p002_b256_e5_prior0p05,49,vi,global_test,,,12,0.8,0.8666666666666667,906,0.9359823399558499,0.8350058094028868,0.10097653055296307,0.009148473668098454,0.3519611053382587,0.13376258014316852
bayesfl_observability_v1,vi_lr0p002_b256_e5_prior0p05,49,vi,global_test,,,13,0.8666666666666667,0.9333333333333333,1283,0.970381917381138,0.9018871392111061,0.06849477817003191,0.008787880039215094,0.21434081641380803,0.06473554952457744
bayesfl_observability_v1,vi_lr0p002_b256_e5_prior0p05,49,vi,global_test,,,14,0.9333333333333333,1.0,2860,0.9954545454545455,0.9702948070072628,0.025159738447282698,0.007195685195922851,0.049738493733681166,0.0101764688444148
bayesfl_observability_v1,vi_lr0p002_b256_e5_prior0p05,49,vi,global_test_mc,,,0,0.0,0.06666666666666667,0,,,,,,
bayesfl_observability_v1,vi_lr0p002_b256_e5_prior0p05,49,vi,global_test_mc,,,1,0.06666666666666667,0.13333333333333333,0,,,,,,
bayesfl_observability_v1,vi_lr0p002_b256_e5_prior0p05,49,vi,global_test_mc,,,2,0.13333333333333333,0.2,6,0.16666666666666666,0.1859922707080841,0.01932560404141745,1.159536242485047e-05,2.060651103655497,0.876613845427831
bayesfl_observability_v1,vi_lr0p002_b256_e5_prior0p05,49,vi,global_test_mc,,,3,0.2,0.26666666666666666,94,0.30851063829787234,0.24176299429320275,0.06674764400466959,0.0006274278536438942,1.8178282608377172,0.805370734093037
bayesfl_observability_v1,vi_lr0p002_b256_e5_prior0p05,49,vi,global_test_mc,,,4,0.26666666666666666,0.3333333333333333,246,0.3699186991869919,0.30196274441432175,0.06795595477267014,0.0016717164874076854,1.7380410277746556,0.7754103916931928
bayesfl_observability_v1,vi_lr0p002_b256_e5_prior0p05,49,vi,global_test_mc,,,5,0.3333333333333333,0.4,404,0.452970297029703,0.3682459969774331,0.08472430005226989,0.0034228617221117035,1.4414385657499331,0.6954898220477718
bayesfl_observability_v1,vi_lr0p002_b256_e5_prior0p05,49,vi,global_test_mc,,,6,0.4,0.4666666666666667,578,0.5432525951557093,0.43514524833347556,0.10810734682223377,0.006248604646325112,1.2192114514256844,0.6112690280259274
bayesfl_observability_v1,vi_lr0p002_b256_e5_prior0p05,49,vi,global_test_mc,,,7,0.4666666666666667,0.5333333333333333,695,0.5870503597122302,0.49945220329778656,0.08759815641444363,0.006088071870803832,1.017841679415257,0.5473586089319462
bayesfl_observability_v1,vi_lr0p002_b256_e5_prior0p05,49,vi,global_test_mc,,,8,0.5333333333333333,0.6,706,0.6983002832861189,0.5659673665636997,0.1323329167224192,0.009342703920602796,0.930779187604996,0.46959174033940343
bayesfl_observability_v1,vi_lr0p002_b256_e5_prior0p05,49,vi,global_test_mc,,,9,0.6,0.6666666666666666,738,0.7262872628726287,0.6328675785684973,0.09341968430413139,0.006894372701644896,0.8234277559812799,0.42710975353633807
bayesfl_observability_v1,vi_lr0p002_b256_e5_prior0p05,49,vi,global_test_mc,,,10,0.6666666666666666,0.7333333333333333,716,0.8072625698324022,0.6998225077570484,0.10744006207535384,0.007692708444595334,0.6934174991852744,0.33504270275211867
bayesfl_observability_v1,vi_lr0p002_b256_e5_prior0p05,49,vi,global_test_mc,,,11,0.7333333333333333,0.8,768,0.8854166666666666,0.7674342952668667,0.11798237139979995,0.009061046123504635,0.5214827296634515,0.22503995026151338
bayesfl_observability_v1,vi_lr0p002_b256_e5_prior0p05,49,vi,global_test_mc,,,12,0.8,0.8666666666666667,906,0.9359823399558499,0.8350087704247986,0.1009735695310513,0.009148205399513247,0.35196212743291794,0.1337578594026713
bayesfl_observability_v1,vi_lr0p002_b256_e5_prior0p05,49,vi,global_test_mc,,,13,0.8666666666666667,0.9333333333333333,1284,0.9704049844236761,0.9019111339176926,0.06849385050598344,0.008794610404968274,0.21422438954824227,0.06468862208691527
bayesfl_observability_v1,vi_lr0p002_b256_e5_prior0p05,49,vi,global_test_mc,,,14,0.9333333333333333,1.0,2859,0.9954529555788737,0.9703077220883392,0.025145233490534546,0.007189022254943826,0.04973248718876487,0.01017832059521344
bayesfl_observability_v1,vi_lr0p002_b256_e5_prior0p05,50,vi,global_test,,,0,0.0,0.06666666666666667,0,,,,,,
bayesfl_observability_v1,vi_lr0p002_b256_e5_prior0p05,50,vi,global_test,,,1,0.06666666666666667,0.13333333333333333,0,,,,,,
bayesfl_observability_v1,vi_lr0p002_b256_e5_prior0p05,50,vi,global_test,,,2,0.13333333333333333,0.2,6,0.0,0.1841468388835589,0.1841468388835589,0.00011048810333013535,2.133805235226949,0.8901305298010508
bayesfl_observability_v1,vi_lr0p002_b256_e5_prior0p05,50,vi,global_test,,,3,0.2,0.26666666666666666,69,0.2463768115942029,0.23920287666977316,0.007173934924429748,4.950015097856526e-05,1.920334473900173,0.8244313502657241
bayesfl_observability_v1,vi_lr0p002_b256_e5_prior0p05,50,vi,global_test,,,4,0.26666666666666666,0.3333333333333333,262,0.3816793893129771,0.30467075416604983,0.0770086351469273,0.002017626240849495,1.6216750026659201,0.7573173193986179
bayesfl_observability_v1,vi_lr0p002_b256_e5_prior0p05,50,vi,global_test,,,5,0.3333333333333333,0.4,438,0.3995433789954338,0.3681524037362234,0.03139097525921042,0.0013749247163534163,1.5786673908364284,0.7262957621382796
bayesfl_observability_v1,vi_lr0p002_b256_e5_prior0p05,50,vi,global_test,,,6,0.4,0.4666666666666667,565,0.49734513274336284,0.43460766615065854,0.0627374665927043,0.003544666862487793,1.2663360815132614,0.6350867039334458
bayesfl_observability_v1,vi_lr0p002_b256_e5_prior0p05,50,vi,global_test,,,7,0.4666666666666667,0.5333333333333333,736,0.5815217391304348,0.5009503669064977,0.08057137222393707,0.005930052995681769,1.1310675241377042,0.5800783893336421
bayesfl_observability_v1,vi_lr0p002_b256_e5_prior0p05,50,vi,global_test,,,8,0.5333333333333333,0.6,703,0.6827880512091038,0.5668054440960946,0.11598260711300923,0.008153577280044549,0.9743390727687526,0.49981651909829544
bayesfl_observability_v1,vi_lr0p002_b256_e5_prior0p05,50,vi,global_test,,,9,0.6,0.6666666666666666,717,0.7350069735006973,0.6343365533581339,0.10067042014256344,0.007218069124221799,0.8778899876476165,0.4396940182109923
bayesfl_observability_v1,vi_lr0p002_b256_e5_prior0p05,50,vi,global_test,,,10,0.6666666666666666,0.7333333333333333,793,0.8259773013871374,0.7002766246603236,0.12570067672681384,0.009968063664436337,0.6883315991934431,0.32494148179832355
bayesfl_observability_v1,vi_lr0p002_b256_e5_prior0p05,50,vi,global_test,,,11,0.7333333333333333,0.8,834,0.8717026378896883,0.7665733970898233,0.10512924079986496,0.008767778682708737,0.5622280181454812,0.24849482506013318
bayesfl_observability_v1,vi_lr0p002_b256_e5_prior0p05,50,vi,global_test,,,12,0.8,0.8666666666666667,1008,0.9255952380952381,0.8341910574171278,0.09140418067811029,0.009213541412353516,0.39977856991546495,0.15438033803735698
bayesfl_observability_v1,vi_lr0p002_b256_e5_prior0p05,50,vi,global_test,,,13,0.8666666666666667,0.9333333333333333,1314,0.9657534246575342,0.9016001185053559,0.06415330615217829,0.008429744428396228,0.23065372533200357,0.07341764079579798
bayesfl_observability_v1,vi_lr0p002_b256_e5_prior0p05,50,vi,global_test,,,14,0.9333333333333333,1.0,2555,0.9960861056751468,0.9717827046687356,0.02430340100641115,0.006209518957138049,0.04700389864859982,0.008929441175232195
bayesfl_observability_v1,vi_lr0p002_b256_e5_prior0p05,50,vi,global_test_mc,,,0,0.0,0.06666666666666667,0,,,,,,
bayesfl_observability_v1,vi_lr0p002_b256_e5_prior0p05,50,vi,global_test_mc,,,1,0.06666666666666667,0.13333333333333333,0,,,,,,
bayesfl_observability_v1,vi_lr0p002_b256_e5_prior0p05,50,vi,global_test_mc,,,2,0.13333333333333333,0.2,6,0.0,0.18411159018675485,0.18411159018675485,0.00011046695411205292,2.1334706942240396,0.8900730013847351
bayesfl_observability_v1,vi_lr0p002_b256_e5_prior0p05,50,vi,global_test_mc,,,3,0.2,0.26666666666666666,69,0.2463768115942029,0.23919932630614957,0.007177485288053342,4.952464848756806e-05,1.9203258977420088,0.8244300432827162
bayesfl_observability_v1,vi_lr0p002_b256_e5_prior0p05,50,vi,global_test_mc,,,4,0.26666666666666666,0.3333333333333333,261,0.3793103448275862,0.3045770322682757,0.07473331255931048,0.0019505394577980035,1.6206011630566184,0.7570096334278356
bayesfl_observability_v1,vi_lr0p002_b256_e5_prior0p05,50,vi,global_test_mc,,,5,0.3333333333333333,0.4,440,0.3977272727272727,0.3681519763036208,0.02957529642365192,0.0013013130426406845,1.5840205837379802,0.7281335245479237
bayesfl_observability_v1,vi_lr0p002_b256_e5_prior0p05,50,vi,global_test_mc,,,6,0.4,0.4666666666666667,565,0.49911504424778763,0.43472881570326544,0.0643862285445222,0.0036378219127655045,1.2611483236329746,0.6333983222995184
bayesfl_observability_v1,vi_lr0p002_b256_e5_prior0p05,50,vi,global_test_mc,,,7,0.4666666666666667,0.5333333333333333,734,0.5817438692098093,0.5009656215558584,0.08077824765395081,0.005929123377799989,1.1322003619222616,0.5805323260356685
bayesfl_observability_v1,vi_lr0p002_b256_e5_prior0p05,50,vi,global_test_mc,,,8,0.5333333333333333,0.6,706,0.6827195467422096,0.5668578465329351,0.11586170020927444,0.008179836034774776,0.9739684329154471,0.49983863992664024
bayesfl_observability_v1,vi_lr0p002_b256_e5_prior0p05,50,vi,global_test_mc,,,9,0.6,0.6666666666666666,714,0.7366946778711485,0.6343905678650245,0.10230411000612405,0.007304513454437257,0.8755559560631504,0.43806780319587857
bayesfl_observability_v1,vi_lr0p002_b256_e5_prior0p05,50,vi,global_test_mc,,,10,0.6666666666666666,0.7333333333333333,794,0.8249370277078085,0.7002433961825046,0.12469363152530388,0.009900674343109128,0.6902481053277888,0.3261416832205631
bayesfl_observability_v1,vi_lr0p002_b256_e5_prior0p05,50,vi,global_test_mc,,,11,0.7333333333333333,0.8,835,0.8718562874251496,0.7666154667288957,0.10524082069625396,0.008787608528137206,0.5618277024366185,0.24822089871960487
bayesfl_observability_v1,vi_lr0p002_b256_e5_prior0p05,50,vi,global_test_mc,,,12,0.8,0.8666666666666667,1007,0.9255213505461768,0.8342266055536128,0.09129474499256396,0.00919338082075119,0.39994040010228765,0.15448003751341374
bayesfl_observability_v1,vi_lr0p002_b256_e5_prior0p05,50,vi,global_test_mc,,,13,0.8666666666666667,0.9333333333333333,1314,0.9657534246575342,0.9015976424177307,0.06415578223980356,0.008430069786310187,0.23064934395968098,0.07341707672971999
bayesfl_observability_v1,vi_lr0p002_b256_e5_prior0p05,50,vi,global_test_mc,,,14,0.9333333333333333,1.0,2555,0.9960861056751468,0.9717821856534178,0.024303920021728986,0.006209651565551756,0.04700456760867468,0.008929556424122617
bayesfl_observability_v1,vi_lr0p002_b256_e5_prior0p05,51,vi,global_test,,,0,0.0,0.06666666666666667,0,,,,,,
bayesfl_observability_v1,vi_lr0p002_b256_e5_prior0p05,51,vi,global_test,,,1,0.06666666666666667,0.13333333333333333,0,,,,,,
bayesfl_observability_v1,vi_lr0p002_b256_e5_prior0p05,51,vi,global_test,,,2,0.13333333333333333,0.2,7,0.14285714285714285,0.18782557121344975,0.044968428356306905,3.1477899849414834e-05,1.994395136833191,0.8553855504308429
bayesfl_observability_v1,vi_lr0p002_b256_e5_prior0p05,51,vi,global_test,,,3,0.2,0.26666666666666666,41,0.21951219512195122,0.2424681619173143,0.022955966795363075,9.411946386098861e-05,1.8709437788986578,0.8167567572942595
bayesfl_observability_v1,vi_lr0p002_b256_e5_prior0p05,51,vi,global_test,,,4,0.26666666666666666,0.3333333333333333,207,0.2898550724637681,0.3061917621444389,0.016336689680670757,0.00033816947638988466,1.666180822008474,0.7760723213066801
bayesfl_observability_v1,vi_lr0p002_b256_e5_prior0p05,51,vi,global_test,,,5,0.3333333333333333,0.4,405,0.3802469135802469,0.3687108827225956,0.011536030857651314,0.0004672092497348782,1.4725077246442253,0.719308372191441
bayesfl_observability_v1,vi_lr0p002_b256_e5_prior0p05,51,vi,global_test,,,6,0.4,0.4666666666666667,629,0.4642289348171701,0.4346870839690556,0.029541850848114504,0.0018581824183464021,1.283193388879773,0.6524811829595762
bayesfl_observability_v1,vi_lr0p002_b256_e5_prior0p05,51,vi,global_test,,,7,0.4666666666666667,0.5333333333333333,759,0.530961791831357,0.49933782632171875,0.03162396550963831,0.0024002589821815476,1.1141089995702107,0.5928084473757561
bayesfl_observability_v1,vi_lr0p002_b256_e5_prior0p05,51,vi,global_test,,,8,0.5333333333333333,0.6,763,0.581913499344692,0.5662733624209583,0.015640136923733783,0.0011933424472808877,1.1063037099875754,0.570091161315438
bayesfl_observability_v1,vi_lr0p002_b256_e5_prior0p05,51,vi,global_test,,,9,0.6,0.6666666666666666,791,0.6687737041719343,0.6324248386996736,0.03634886547226068,0.00287519525885582,0.9521195514765762,0.4928535244859727
bayesfl_observability_v1,vi_lr0p002_b256_e5_prior0p05,51,vi,global_test,,,10,0.6666666666666666,0.7333333333333333,746,0.7278820375335121,0.7002645317095534,0.02761750582395872,0.0020602659344673207,0.8439108702596327,0.4296629200751916
bayesfl_observability_v1,vi_lr0p002_b256_e5_prior0p05,51,vi,global_test,,,11,0.7333333333333333,0.8,813,0.8216482164821648,0.7675479562520101,0.054100260230154684,0.004398351156711575,0.6786832323740036,0.3153710333861841
bayesfl_observability_v1,vi_lr0p002_b256_e5_prior0p05,51,vi,global_test,,,12,0.8,0.8666666666666667,878,0.8519362186788155,0.834209602894707,0.0177266157841085,0.0015563968658447265,0.5809760663938414,0.26439078352445894
bayesfl_observability_v1,vi_lr0p002_b256_e5_prior0p05,51,vi,global_test,,,13,0.8666666666666667,0.9333333333333333,1136,0.9304577464788732,0.9027867669790564,0.027670979499816895,0.003143423271179199,0.3418575793924466,0.1339127909077305
bayesfl_observability_v1,vi_lr0p002_b256_e5_prior0p05,51,vi,global_test,,,14,0.9333333333333333,1.0,2825,0.9801769911504424,0.9741725089486721,0.0060044822017703,0.00169626622200011,0.11959231439944917,0.03886646711193355
bayesfl_observability_v1,vi_lr0p002_b256_e5_prior0p05,51,vi,global_test_mc,,,0,0.0,0.06666666666666667,0,,,,,,
bayesfl_observability_v1,vi_lr0p002_b256_e5_prior0p05,51,vi,global_test_mc,,,1,0.06666666666666667,0.13333333333333333,0,,,,,,
bayesfl_observability_v1,vi_lr0p002_b256_e5_prior0p05,51,vi,global_test_mc,,,2,0.13333333333333333,0.2,7,0.14285714285714285,0.18781016979898726,0.044953026941844415,3.146711885929109e-05,1.994427238191877,0.8553968497685024
bayesfl_observability_v1,vi_lr0p002_b256_e5_prior0p05,51,vi,global_test_mc,,,3,0.2,0.26666666666666666,41,0.21951219512195122,0.24247982843620022,0.022967633314249003,9.416729658842092e-05,1.8709730520481016,0.8167518929737371
bayesfl_observability_v1,vi_lr0p002_b256_e5_prior0p05,51,vi,global_test_mc,,,4,0.26666666666666666,0.3333333333333333,207,0.2898550724637681,0.3061912560808486,0.016336183617080446,0.0003381590008735652,1.666168347073062,0.7760607824809309
bayesfl_observability_v1,vi_lr0p002_b256_e5_prior0p05,51,vi,global_test_mc,,,5,0.3333333333333333,0.4,405,0.3802469135802469,0.3687042524785171,0.0115426611017298,0.00046747777462005695,1.4724711850837424,0.719284654546667
bayesfl_observability_v1,vi_lr0p002_b256_e5_prior0p05,51,vi,global_test_mc,,,6,0.4,0.4666666666666667,629,0.4642289348171701,0.434687506034378,0.02954142878279209,0.0018581558704376224,1.2821637920810232,0.6519800103336146
bayesfl_observability_v1,vi_lr0p002_b256_e5_prior0p05,51,vi,global_test_mc,,,7,0.4666666666666667,0.5333333333333333,760,0.5302631578947369,0.4993815090311201,0.030881648863616773,0.0023470053136348747,1.115338738576362,0.5935797084318964
bayesfl_observability_v1,vi_lr0p002_b256_e5_prior0p05,51,vi,global_test_mc,,,8,0.5333333333333333,0.6,764,0.5837696335078534,0.5664145035269372,0.01735512998091615,0.001325931930541994,1.1042706504542166,0.5688529476445383
bayesfl_observability_v1,vi_lr0p002_b256_e5_prior0p05,51,vi,global_test_mc,,,9,0.6,0.6666666666666666,789,0.6679340937896071,0.6325104229803774,0.0354236708092297,0.0027949276268482235,0.9532202261633443,0.49342194452636295
bayesfl_observability_v1,vi_lr0p002_b256_e5_prior0p05,51,vi,global_test_mc,,,10,0.6666666666666666,0.7333333333333333,746,0.7278820375335121,0.7002701968673727,0.02761184066613942,0.0020598433136940005,0.8438860405705889,0.4296452827132419
bayesfl_observability_v1,vi_lr0p002_b256_e5_prior0p05,51,vi,global_test_mc,,,11,0.7333333333333333,0.8,812,0.8214285714285714,0.7674995174108468,0.05392905401772463,0.00437903918623924,0.6792404682471834,0.3156946674172808
bayesfl_observability_v1,vi_lr0p002_b256_e5_prior0p05,51,vi,global_test_mc,,,12,0.8,0.8666666666666667,878,0.8519362186788155,0.8341343712426535,0.017801847436161977,0.0015630022048950217,0.5810681500032986,0.26441260092893876
bayesfl_observability_v1,vi_lr0p002_b256_e5_prior0p05,51,vi,global_test_mc,,,13,0.8666666666666667,0.9333333333333333,1136,0.9304577464788732,0.9027269098540427,0.027730836624830557,0.003150223040580751,0.3419291977311524,0.13394207326354277
bayesfl_observability_v1,vi_lr0p002_b256_e5_prior0p05,51,vi,global_test_mc,,,14,0.9333333333333333,1.0,2826,0.9801840056617127,0.9741568715540299,0.006027134107682852,0.001703268098831174,0.11956886412484884,0.03885385371422987
bayesfl_observability_v1,vi_lr0p002_b256_e5_prior0p05,52,vi,global_test,,,0,0.0,0.06666666666666667,0,,,,,,
bayesfl_observability_v1,vi_lr0p002_b256_e5_prior0p05,52,vi,global_test,,,1,0.06666666666666667,0.13333333333333333,0,,,,,,
bayesfl_observability_v1,vi_lr0p002_b256_e5_prior0p05,52,vi,global_test,,,2,0.13333333333333333,0.2,5,0.2,0.17489525079727172,0.025104749202728288,1.2552374601364144e-05,2.0381685972213743,0.8577001810073852
bayesfl_observability_v1,vi_lr0p002_b256_e5_prior0p05,52,vi,global_test,,,3,0.2,0.26666666666666666,68,0.3235294117647059,0.24524270523996913,0.07828670652473677,0.00053234960436821,1.7544362545013428,0.790115146075978
bayesfl_observability_v1,vi_lr0p002_b256_e5_prior0p05,52,vi,global_test,,,4,0.26666666666666666,0.3333333333333333,222,0.32882882882882886,0.3053144369576428,0.023514391871186036,0.00052201949954033,1.5577796509674005,0.7471234288301554
bayesfl_observability_v1,vi_lr0p002_b256_e5_prior0p05,52,vi,global_test,,,5,0.3333333333333333,0.4,430,0.41627906976744183,0.3714545397564422,0.04482453001099962,0.0019274547904729836,1.4355879351150158,0.6990835772004238
bayesfl_observability_v1,vi_lr0p002_b256_e5_prior0p05,52,vi,global_test,,,6,0.4,0.4666666666666667,598,0.5886287625418061,0.4351558400237042,0.15347292251810185,0.00917768076658249,1.1794162163367639,0.5956244287283524
bayesfl_observability_v1,vi_lr0p002_b256_e5_prior0p05,52,vi,global_test,,,7,0.4666666666666667,0.5333333333333333,630,0.653968253968254,0.5001429151921045,0.15382533877614946,0.009690996342897416,1.0520053054605212,0.5358983441950783
bayesfl_observability_v1,vi_lr0p002_b256_e5_prior0p05,52,vi,global_test,,,8,0.5333333333333333,0.6,613,0.7618270799347472,0.5658091682010918,0.19601791173365535,0.012015897989273073,0.9172097111992891,0.44384263195765933
bayesfl_observability_v1,vi_lr0p002_b256_e5_prior0p05,52,vi,global_test,,,9,0.6,0.6666666666666666,644,0.8291925465838509,0.633657630741226,0.19553491584262483,0.01259244858026504,0.7452762900672344,0.3465596576284918
bayesfl_observability_v1,vi_lr0p002_b256_e5_prior0p05,52,vi,global_test,,,10,0.6666666666666666,0.7333333333333333,654,0.8730886850152905,0.7004918738607238,0.1725968111545667,0.011287831449508663,0.6045998783286558,0.26717773307718634
bayesfl_observability_v1,vi_lr0p002_b256_e5_prior0p05,52,vi,global_test,,,11,0.7333333333333333,0.8,666,0.924924924924925,0.7673066821363237,0.15761824278860126,0.010497374969720844,0.4740018195755131,0.17776394972169363
bayesfl_observability_v1,vi_lr0p002_b256_e5_prior0p05,52,vi,global_test,,,12,0.8,0.8666666666666667,848,0.9528301886792453,0.8355150492686145,0.11731513941063076,0.00994832382202149,0.31855192555571504,0.11031808219147178
bayesfl_observability_v1,vi_lr0p002_b256_e5_prior0p05,52,vi,global_test,,,13,0.8666666666666667,0.9333333333333333,1308,0.9801223241590215,0.9025807267664405,0.07754159739258093,0.010142440938949586,0.17654291690762983,0.047957908023228524
bayesfl_observability_v1,vi_lr0p002_b256_e5_prior0p05,52,vi,global_test,,,14,0.9333333333333333,1.0,3314,0.9966807483403741,0.9723534086200942,0.024327339720279895,0.008062080383300757,0.04416414795867204,0.0077926827303494185
bayesfl_observability_v1,vi_lr0p002_b256_e5_prior0p05,52,vi,global_test_mc,,,0,0.0,0.06666666666666667,0,,,,,,
bayesfl_observability_v1,vi_lr0p002_b256_e5_prior0p05,52,vi,global_test_mc,,,1,0.06666666666666667,0.13333333333333333,0,,,,,,
bayesfl_observability_v1,vi_lr0p002_b256_e5_prior0p05,52,vi,global_test_mc,,,2,0.13333333333333333,0.2,5,0.2,0.17489026188850404,0.02510973811149597,1.2554869055747986e-05,2.0381909608840942,0.857709538936615
bayesfl_observability_v1,vi_lr0p002_b256_e5_prior0p05,52,vi,global_test_mc,,,3,0.2,0.26666666666666666,68,0.3235294117647059,0.24524004362961827,0.07828936813508763,0.0005323677033185959,1.7543452171718372,0.7900780763696221
bayesfl_observability_v1,vi_lr0p002_b256_e5_prior0p05,52,vi,global_test_mc,,,4,0.26666666666666666,0.3333333333333333,222,0.32882882882882886,0.30532628982453736,0.0235025390042915,0.0005217563658952713,1.557798930116602,0.74713270084278
bayesfl_observability_v1,vi_lr0p002_b256_e5_prior0p05,52,vi,global_test_mc,,,5,0.3333333333333333,0.4,431,0.41299303944315546,0.37152320298683894,0.04146983645631652,0.001787349951267242,1.439563434527811,0.7007829441825087
bayesfl_observability_v1,vi_lr0p002_b256_e5_prior0p05,52,vi,global_test_mc,,,6,0.4,0.4666666666666667,598,0.5903010033444817,0.435261006040318,0.15503999730416368,0.009271391838788988,1.1754612880805664,0.5938118361310417
bayesfl_observability_v1,vi_lr0p002_b256_e5_prior0p05,52,vi,global_test_mc,,,7,0.4666666666666667,0.5333333333333333,627,0.6539074960127592,0.5000804627531072,0.15382703325965197,0.00964495498538018,1.0532399071840959,0.5363768114807883
bayesfl_observability_v1,vi_lr0p002_b256_e5_prior0p05,52,vi,global_test_mc,,,8,0.5333333333333333,0.6,616,0.7613636363636364,0.5657458324711044,0.19561780389253192,0.012050056719779965,0.9162285235021022,0.44359545196805683
bayesfl_observability_v1,vi_lr0p002_b256_e5_prior0p05,52,vi,global_test_mc,,,9,0.6,0.6666666666666666,643,0.8289269051321928,0.6337136388010408,0.195213266331152,0.012552213025093073,0.745663648445165,0.34680062625122665
bayesfl_observability_v1,vi_lr0p002_b256_e5_prior0p05,52,vi,global_test_mc,,,10,0.6666666666666666,0.7333333333333333,653,0.8728943338437979,0.7004387528388825,0.17245558100491543,0.011261349439620977,0.6050604828283944,0.26744159074873874
bayesfl_observability_v1,vi_lr0p002_b256_e5_prior0p05,52,vi,global_test_mc,,,11,0.7333333333333333,0.8,666,0.924924924924925,0.7672064700821141,0.15771845484281088,0.010504049092531205,0.47411607286414587,0.17781545662575657
bayesfl_observability_v1,vi_lr0p002_b256_e5_prior0p05,52,vi,global_test_mc,,,12,0.8,0.8666666666666667,850,0.9529411764705882,0.83551186393289,0.11742931253769817,0.009981491565704345,0.3182307852015776,0.110159470614265
bayesfl_observability_v1,vi_lr0p002_b256_e5_prior0p05,52,vi,global_test_mc,,,13,0.8666666666666667,0.9333333333333333,1308,0.9801223241590215,0.9026328839293314,0.07748944022969007,0.01013561878204346,0.1764796364152468,0.04794136962827739
bayesfl_observability_v1,vi_lr0p002_b256_e5_prior0p05,52,vi,global_test_mc,,,14,0.9333333333333333,1.0,3313,0.9966797464533655,0.9723651185339396,0.024314627919425957,0.00805543622970582,0.04415536615879486,0.007793133876545351
bayesfl_observability_v1,vi_lr0p002_b256_e5_prior0p05,53,vi,global_test,,,0,0.0,0.06666666666666667,0,,,,,,
bayesfl_observability_v1,vi_lr0p002_b256_e5_prior0p05,53,vi,global_test,,,1,0.06666666666666667,0.13333333333333333,0,,,,,,
bayesfl_observability_v1,vi_lr0p002_b256_e5_prior0p05,53,vi,global_test,,,2,0.13333333333333333,0.2,3,0.3333333333333333,0.18407033383846283,0.14926299949487049,4.477889984846114e-05,1.8669490814208984,0.8136274615923563
bayesfl_observability_v1,vi_lr0p002_b256_e5_prior0p05,53,vi,global_test,,,3,0.2,0.26666666666666666,61,0.3770491803278688,0.24643855505302303,0.1306106252748458,0.0007967248141765594,1.7346189471541857,0.7785023646276505
bayesfl_observability_v1,vi_lr0p002_b256_e5_prior0p05,53,vi,global_test,,,4,0.26666666666666666,0.3333333333333333,212,0.37735849056603776,0.30369205126222576,0.073666439303812,0.0015617285132408145,1.583131048476921,0.7402783022174295
bayesfl_observability_v1,vi_lr0p002_b256_e5_prior0p05,53,vi,global_test,,,5,0.3333333333333333,0.4,345,0.3855072463768116,0.36846180126286937,0.017045445113942237,0.0005880678564310072,1.491816759109497,0.7176232529723126
bayesfl_observability_v1,vi_lr0p002_b256_e5_prior0p05,53,vi,global_test,,,6,0.4,0.4666666666666667,554,0.5685920577617328,0.43571560025645506,0.13287645750527777,0.007361355745792389,1.2305647207941819,0.6164362914725762
bayesfl_observability_v1,vi_lr0p002_b256_e5_prior0p05,53,vi,global_test,,,7,0.4666666666666667,0.5333333333333333,673,0.6166419019316494,0.5006181325813283,0.1160237693503211,0.0078083996772766095,1.0447439010217676,0.5442795877470835
bayesfl_observability_v1,vi_lr0p002_b256_e5_prior0p05,53,vi,global_test,,,8,0.5333333333333333,0.6,621,0.71658615136876,0.5649200771933784,0.15166607417538158,0.009418463206291196,0.9369702961133874,0.46626747902272786
bayesfl_observability_v1,vi_lr0p002_b256_e5_prior0p05,53,vi,global_test,,,9,0.6,0.6666666666666666,612,0.7892156862745098,0.6327385162216386,0.1564771700528712,0.009576402807235717,0.794405352056416,0.38442590228872364
bayesfl_observability_v1,vi_lr0p002_b256_e5_prior0p05,53,vi,global_test,,,10,0.6666666666666666,0.7333333333333333,639,0.8888888888888888,0.700014504655053,0.18887438423383585,0.01206907315254211,0.5711467751128386,0.24894555577649757
bayesfl_observability_v1,vi_lr0p002_b256_e5_prior0p05,53,vi,global_test,,,11,0.7333333333333333,0.8,696,0.8922413793103449,0.7675404765311329,0.12470090277921198,0.008679182833433155,0.5250957906246185,0.21887956388380336
bayesfl_observability_v1,vi_lr0p002_b256_e5_prior0p05,53,vi,global_test,,,12,0.8,0.8666666666666667,771,0.9520103761348897,0.8357935848557686,0.1162167912791211,0.008960314607620236,0.30994951941469145,0.11099862835905122
bayesfl_observability_v1,vi_lr0p002_b256_e5_prior0p05,53,vi,global_test,,,13,0.8666666666666667,0.9333333333333333,1236,0.9789644012944984,0.9041170840510273,0.07484731724347105,0.009251128411293021,0.17285185680998955,0.04907712570171574
bayesfl_observability_v1,vi_lr0p002_b256_e5_prior0p05,53,vi,global_test,,,14,0.9333333333333333,1.0,3577,0.9955269779144534,0.9749412757909794,0.020585702123473992,0.007363505649566647,0.0473104820409433,0.009740160349996014
bayesfl_observability_v1,vi_lr0p002_b256_e5_prior0p05,53,vi,global_test_mc,,,0,0.0,0.06666666666666667,0,,,,,,
bayesfl_observability_v1,vi_lr0p002_b256_e5_prior0p05,53,vi,global_test_mc,,,1,0.06666666666666667,0.13333333333333333,0,,,,,,
bayesfl_observability_v1,vi_lr0p002_b256_e5_prior0p05,53,vi,global_test_mc,,,2,0.13333333333333333,0.2,3,0.3333333333333333,0.18409145375092825,0.14924187958240506,4.477256387472152e-05,1.8668777147928874,0.8136086861292521
bayesfl_observability_v1,vi_lr0p002_b256_e5_prior0p05,53,vi,global_test_mc,,,3,0.2,0.26666666666666666,61,0.3770491803278688,0.24644726807953882,0.13060191224833,0.000796671664714813,1.7346289529175054,0.7785126615743168
bayesfl_observability_v1,vi_lr0p002_b256_e5_prior0p05,53,vi,global_test_mc,,,4,0.26666666666666666,0.3333333333333333,212,0.37735849056603776,0.3036932037124094,0.07366528685362839,0.0015617040812969218,1.5831229855429452,0.74027474477606
bayesfl_observability_v1,vi_lr0p002_b256_e5_prior0p05,53,vi,global_test_mc,,,5,0.3333333333333333,0.4,344,0.38372093023255816,0.36836527452565904,0.015355655706899118,0.0005282345563173297,1.4935269693649091,0.7182115316390991
bayesfl_observability_v1,vi_lr0p002_b256_e5_prior0p05,53,vi,global_test_mc,,,6,0.4,0.4666666666666667,556,0.5701438848920863,0.4357102995724987,0.13443358531958766,0.007474507343769073,1.2291297097857907,0.6157826528274756
bayesfl_observability_v1,vi_lr0p002_b256_e5_prior0p05,53,vi,global_test_mc,,,7,0.4666666666666667,0.5333333333333333,672,0.6160714285714286,0.5006655443991933,0.1154058841722353,0.007755275416374212,1.0451562025007748,0.5445556099570933
bayesfl_observability_v1,vi_lr0p002_b256_e5_prior0p05,53,vi,global_test_mc,,,8,0.5333333333333333,0.6,621,0.71658615136876,0.5649103127815873,0.1516758385871727,0.009419069576263425,0.9369722840866604,0.46627440429540074
bayesfl_observability_v1,vi_lr0p002_b256_e5_prior0p05,53,vi,global_test_mc,,,9,0.6,0.6666666666666666,613,0.7895595432300163,0.6327882007517978,0.15677134247821856,0.009610083293914797,0.7937702300303523,0.38403849733984297
bayesfl_observability_v1,vi_lr0p002_b256_e5_prior0p05,53,vi,global_test_mc,,,10,0.6666666666666666,0.7333333333333333,639,0.8888888888888888,0.7001139591557319,0.1887749297331569,0.012062718009948726,0.5710045086199502,0.24888042776797298
bayesfl_observability_v1,vi_lr0p002_b256_e5_prior0p05,53,vi,global_test_mc,,,11,0.7333333333333333,0.8,692,0.8930635838150289,0.7674477635263708,0.12561582028865814,0.008692614763975143,0.5241182098498923,0.21783576096068916
bayesfl_observability_v1,vi_lr0p002_b256_e5_prior0p05,53,vi,global_test_mc,,,12,0.8,0.8666666666666667,773,0.9508408796895214,0.8356235616419941,0.11521731804752722,0.008906298685073854,0.3121406197702129,0.11260967211072534
bayesfl_observability_v1,vi_lr0p002_b256_e5_prior0p05,53,vi,global_test_mc,,,13,0.8666666666666667,0.9333333333333333,1238,0.9789983844911146,0.9041137339514176,0.07488465053969706,0.009270719736814497,0.17274240799163962,0.04901978528045828
bayesfl_observability_v1,vi_lr0p002_b256_e5_prior0p05,53,vi,global_test_mc,,,14,0.9333333333333333,1.0,3576,0.9955257270693513,0.9749531987262785,0.02057252834307277,0.007356736135482824,0.04730494857517798,0.009741276158832463
bayesfl_observability_v1,vi_lr0p002_b256_e5_prior0p05,54,vi,global_test,,,0,0.0,0.06666666666666667,0,,,,,,
bayesfl_observability_v1,vi_lr0p002_b256_e5_prior0p05,54,vi,global_test,,,1,0.06666666666666667,0.13333333333333333,0,,,,,,
bayesfl_observability_v1,vi_lr0p002_b256_e5_prior0p05,54,vi,global_test,,,2,0.13333333333333333,0.2,2,0.5,0.19966230541467667,0.30033769458532333,6.006753891706467e-05,1.722937524318695,0.7936500608921051
bayesfl_observability_v1,vi_lr0p002_b256_e5_prior0p05,54,vi,global_test,,,3,0.2,0.26666666666666666,65,0.3076923076923077,0.2431741877244069,0.0645181199679008,0.0004193677797913552,1.7358978858360878,0.7963713985223037
bayesfl_observability_v1,vi_lr0p002_b256_e5_prior0p05,54,vi,global_test,,,4,0.26666666666666666,0.3333333333333333,230,0.29130434782608694,0.3048248947962471,0.013520546970160141,0.00031097258031368325,1.5971345092939293,0.758429292233094
bayesfl_observability_v1,vi_lr0p002_b256_e5_prior0p05,54,vi,global_test,,,5,0.3333333333333333,0.4,466,0.45278969957081544,0.368041687768928,0.08474801180188746,0.003949257349967956,1.3826229633691485,0.6819466961299913
bayesfl_observability_v1,vi_lr0p002_b256_e5_prior0p05,54,vi,global_test,,,6,0.4,0.4666666666666667,588,0.5119047619047619,0.435392498564558,0.07651226334020389,0.0044989210844039885,1.2281989305197787,0.6282473364654853
bayesfl_observability_v1,vi_lr0p002_b256_e5_prior0p05,54,vi,global_test,,,7,0.4666666666666667,0.5333333333333333,708,0.6285310734463276,0.49956256231177326,0.12896851113455438,0.00913097058832645,0.9849182628305618,0.5254757040638035
bayesfl_observability_v1,vi_lr0p002_b256_e5_prior0p05,54,vi,global_test,,,8,0.5333333333333333,0.6,637,0.6609105180533752,0.5669521719357656,0.09395834611760956,0.005985146647691729,0.9847148689594898,0.5044812331768557
bayesfl_observability_v1,vi_lr0p002_b256_e5_prior0p05,54,vi,global_test,,,9,0.6,0.6666666666666666,599,0.7545909849749582,0.6321196500367434,0.12247133493821483,0.007336032962799068,0.8300226029251175,0.40902332033657274
bayesfl_observability_v1,vi_lr0p002_b256_e5_prior0p05,54,vi,global_test,,,10,0.6666666666666666,0.7333333333333333,596,0.7835570469798657,0.6991434937355502,0.08441355324431554,0.005031047773361206,0.7409946706471027,0.36582835338659736
bayesfl_observability_v1,vi_lr0p002_b256_e5_prior0p05,54,vi,global_test,,,11,0.7333333333333333,0.8,635,0.8519685039370078,0.7681246689924105,0.08384383494459735,0.0053240835189819315,0.6030971504571869,0.27190794653779876
bayesfl_observability_v1,vi_lr0p002_b256_e5_prior0p05,54,vi,global_test,,,12,0.8,0.8666666666666667,792,0.9103535353535354,0.8353219917326262,0.07503154362090914,0.005942498254776004,0.42975113476918203,0.17379227307897926
bayesfl_observability_v1,vi_lr0p002_b256_e5_prior0p05,54,vi,global_test,,,13,0.8666666666666667,0.9333333333333333,1237,0.952303961196443,0.9039328540633933,0.04837110713304971,0.005983505952358249,0.2631163543019453,0.09459309815222107
bayesfl_observability_v1,vi_lr0p002_b256_e5_prior0p05,54,vi,global_test,,,14,0.9333333333333333,1.0,3445,0.9933236574746008,0.9739673957769341,0.019356261697666688,0.006668232154846175,0.05794347026351574,0.014038713321803443
bayesfl_observability_v1,vi_lr0p002_b256_e5_prior0p05,54,vi,global_test_mc,,,0,0.0,0.06666666666666667,0,,,,,,
bayesfl_observability_v1,vi_lr0p002_b256_e5_prior0p05,54,vi,global_test_mc,,,1,0.06666666666666667,0.13333333333333333,0,,,,,,
bayesfl_observability_v1,vi_lr0p002_b256_e5_prior0p05,54,vi,global_test_mc,,,2,0.13333333333333333,0.2,2,0.5,0.19967976212501526,0.30032023787498474,6.006404757499695e-05,1.7226755023002625,0.7935744225978851
bayesfl_observability_v1,vi_lr0p002_b256_e5_prior0p05,54,vi,global_test_mc,,,3,0.2,0.26666666666666666,65,0.3076923076923077,0.24320008685955635,0.06449222083275136,0.00041919943541288384,1.7357954593805167,0.7963395751439608
bayesfl_observability_v1,vi_lr0p002_b256_e5_prior0p05,54,vi,global_test_mc,,,4,0.26666666666666666,0.3333333333333333,230,0.29130434782608694,0.3048347965530727,0.013530448726985778,0.00031120032072067287,1.597120563880257,0.7584211510160696
bayesfl_observability_v1,vi_lr0p002_b256_e5_prior0p05,54,vi,global_test_mc,,,5,0.3333333333333333,0.4,468,0.45085470085470086,0.3681808748306372,0.08267382602406365,0.0038691350579261787,1.3880149930970282,0.6828626292383569
bayesfl_observability_v1,vi_lr0p002_b256_e5_prior0p05,54,vi,global_test_mc,,,6,0.4,0.4666666666666667,586,0.5136518771331058,0.4355077466867076,0.07814413044639817,0.004579246044158933,1.2233361888664167,0.6273223141354506
bayesfl_observability_v1,vi_lr0p002_b256_e5_prior0p05,54,vi,global_test_mc,,,7,0.4666666666666667,0.5333333333333333,709,0.6290550070521862,0.49961183500727074,0.12944317204491546,0.009177520897984506,0.9844214346244069,0.5251893723969399
bayesfl_observability_v1,vi_lr0p002_b256_e5_prior0p05,54,vi,global_test_mc,,,8,0.5333333333333333,0.6,636,0.6588050314465409,0.5670169121439352,0.09178811930260566,0.00583772438764572,0.9911833688523035,0.5065240385772297
bayesfl_observability_v1,vi_lr0p002_b256_e5_prior0p05,54,vi,global_test_mc,,,9,0.6,0.6666666666666666,599,0.7562604340567612,0.6321195266481632,0.12414090740859807,0.0074360403537750246,0.82377487510592,0.40717728428530175
bayesfl_observability_v1,vi_lr0p002_b256_e5_prior0p05,54,vi,global_test_mc,,,10,0.6666666666666666,0.7333333333333333,596,0.7835570469798657,0.6991542517738855,0.08440279520598026,0.005030406594276424,0.740967999368706,0.36581954700034736
bayesfl_observability_v1,vi_lr0p002_b256_e5_prior0p05,54,vi,global_test_mc,,,11,0.7333333333333333,0.8,634,0.8533123028391167,0.7680796982738122,0.08523260456530457,0.00540374712944031,0.6005235649057743,0.270061748354969
bayesfl_observability_v1,vi_lr0p002_b256_e5_prior0p05,54,vi,global_test_mc,,,12,0.8,0.8666666666666667,793,0.9092055485498108,0.8352823547577347,0.07392319379207613,0.005862109267711637,0.43203448183825155,0.17539277002873066
bayesfl_observability_v1,vi_lr0p002_b256_e5_prior0p05,54,vi,global_test_mc,,,13,0.8666666666666667,0.9333333333333333,1237,0.952303961196443,0.903936204355189,0.04836775684125405,0.005983091521263126,0.26311057135041144,0.09459492226455755
bayesfl_observability_v1,vi_lr0p002_b256_e5_prior0p05,54,vi,global_test_mc,,,14,0.9333333333333333,1.0,3445,0.9933236574746008,0.9739682115906382,0.019355445883962652,0.006667951107025134,0.05794324863199226,0.014038776501699612
bayesfl_observability_v1,vi_lr0p002_b256_e5_prior0p05,55,vi,global_test,,,0,0.0,0.06666666666666667,0,,,,,,
bayesfl_observability_v1,vi_lr0p002_b256_e5_prior0p05,55,vi,global_test,,,1,0.06666666666666667,0.13333333333333333,0,,,,,,
bayesfl_observability_v1,vi_lr0p002_b256_e5_prior0p05,55,vi,global_test,,,2,0.13333333333333333,0.2,3,0.3333333333333333,0.19044346113999686,0.14288987219333646,4.286696165800094e-05,1.6764390865961711,0.7664649486541748
bayesfl_observability_v1,vi_lr0p002_b256_e5_prior0p05,55,vi,global_test,,,3,0.2,0.26666666666666666,81,0.19753086419753085,0.24409511942922332,0.04656425523169247,0.00037717046737670897,1.8282845712002413,0.8209883416140521
bayesfl_observability_v1,vi_lr0p002_b256_e5_prior0p05,55,vi,global_test,,,4,0.26666666666666666,0.3333333333333333,234,0.37606837606837606,0.3039602218275396,0.07210815424083644,0.0016873308092355728,1.553752992907141,0.7375458565532652
bayesfl_observability_v1,vi_lr0p002_b256_e5_prior0p05,55,vi,global_test,,,5,0.3333333333333333,0.4,424,0.47877358490566035,0.36921967608186435,0.10955390882379601,0.0046450857341289505,1.3994903198952944,0.6925088931929391
bayesfl_observability_v1,vi_lr0p002_b256_e5_prior0p05,55,vi,global_test,,,6,0.4,0.4666666666666667,563,0.5150976909413855,0.43455220708626835,0.08054548385511712,0.004534710741043094,1.272103264742592,0.6334488103910619
bayesfl_observability_v1,vi_lr0p002_b256_e5_prior0p05,55,vi,global_test,,,7,0.4666666666666667,0.5333333333333333,731,0.5923392612859097,0.49994983262141657,0.09238942866449318,0.0067536672353744505,1.0765366456414052,0.5598387793216105
bayesfl_observability_v1,vi_lr0p002_b256_e5_prior0p05,55,vi,global_test,,,8,0.5333333333333333,0.6,633,0.6240126382306477,0.5655413363217178,0.05847130190892991,0.0037012334108352633,1.00065788066406,0.5267221663988786
bayesfl_observability_v1,vi_lr0p002_b256_e5_prior0p05,55,vi,global_test,,,9,0.6,0.6666666666666666,542,0.6697416974169742,0.6327247619628906,0.03701693545408358,0.00200631790161133,1.0032533464396571,0.49778465085363915
bayesfl_observability_v1,vi_lr0p002_b256_e5_prior0p05,55,vi,global_test,,,10,0.6666666666666666,0.7333333333333333,557,0.718132854578097,0.7008361072685817,0.017296747309515248,0.0009634288251399994,0.9133100787334854,0.44259506431901474
bayesfl_observability_v1,vi_lr0p002_b256_e5_prior0p05,55,vi,global_test,,,11,0.7333333333333333,0.8,571,0.809106830122592,0.7672215150033113,0.04188531511928073,0.0023916514933109297,0.7001838393887789,0.3268580092231363
bayesfl_observability_v1,vi_lr0p002_b256_e5_prior0p05,55,vi,global_test,,,12,0.8,0.8666666666666667,773,0.8990944372574385,0.83478587842697,0.06430855883046849,0.004971051597595214,0.4779104082272864,0.19303355881652734
bayesfl_observability_v1,vi_lr0p002_b256_e5_prior0p05,55,vi,global_test,,,13,0.8666666666666667,0.9333333333333333,1329,0.9465763732129421,0.9036347534173946,0.04294161979554745,0.005706941270828256,0.28783474980304796,0.1046248914784646
bayesfl_observability_v1,vi_lr0p002_b256_e5_prior0p05,55,vi,global_test,,,14,0.9333333333333333,1.0,3559,0.9943804439449283,0.9731802236970203,0.02120022024790802,0.007545158386230465,0.05385436976800041,0.012000937105098126
bayesfl_observability_v1,vi_lr0p002_b256_e5_prior0p05,55,vi,global_test_mc,,,0,0.0,0.06666666666666667,0,,,,,,
bayesfl_observability_v1,vi_lr0p002_b256_e5_prior0p05,55,vi,global_test_mc,,,1,0.06666666666666667,0.13333333333333333,0,,,,,,
bayesfl_observability_v1,vi_lr0p002_b256_e5_prior0p05,55,vi,global_test_mc,,,2,0.13333333333333333,0.2,3,0.3333333333333333,0.19048736989498138,0.14284596343835193,4.2853789031505576e-05,1.6760490735371907,0.766326109568278
bayesfl_observability_v1,vi_lr0p002_b256_e5_prior0p05,55,vi,global_test_mc,,,3,0.2,0.26666666666666666,81,0.19753086419753085,0.24408577824080432,0.04655491404327347,0.0003770948037505151,1.8282032895971227,0.8209582074188891
bayesfl_observability_v1,vi_lr0p002_b256_e5_prior0p05,55,vi,global_test_mc,,,4,0.26666666666666666,0.3333333333333333,234,0.37606837606837606,0.3039483563003377,0.07212001976803839,0.0016876084625720984,1.5537638710095332,0.7375561429394616
bayesfl_observability_v1,vi_lr0p002_b256_e5_prior0p05,55,vi,global_test_mc,,,5,0.3333333333333333,0.4,424,0.47877358490566035,0.36921326324062526,0.1095603216650351,0.004645357638597488,1.3995261788368225,0.6925186250569686
bayesfl_observability_v1,vi_lr0p002_b256_e5_prior0p05,55,vi,global_test_mc,,,6,0.4,0.4666666666666667,563,0.5168738898756661,0.4345469711940623,0.08232691868160374,0.004635005521774291,1.272136488350416,0.6334638172102228
bayesfl_observability_v1,vi_lr0p002_b256_e5_prior0p05,55,vi,global_test_mc,,,7,0.4666666666666667,0.5333333333333333,732,0.592896174863388,0.499995275924766,0.09290089893862197,0.006800345802307127,1.0759702549606074,0.5595303142005629
bayesfl_observability_v1,vi_lr0p002_b256_e5_prior0p05,55,vi,global_test_mc,,,8,0.5333333333333333,0.6,632,0.6234177215189873,0.5655947566221032,0.0578229648968841,0.0036544113814830754,1.0012484204165544,0.5270572195324716
bayesfl_observability_v1,vi_lr0p002_b256_e5_prior0p05,55,vi,global_test_mc,,,9,0.6,0.6666666666666666,543,0.6703499079189686,0.6327822669434943,0.03756764097547438,0.0020399229049682588,1.0021363376034338,0.49714405497134717
bayesfl_observability_v1,vi_lr0p002_b256_e5_prior0p05,55,vi,global_test_mc,,,10,0.6666666666666666,0.7333333333333333,556,0.7158273381294964,0.7008883012927694,0.014939036836727038,0.0008306104481220233,0.9161129655490676,0.44490480380092595
bayesfl_observability_v1,vi_lr0p002_b256_e5_prior0p05,55,vi,global_test_mc,,,11,0.7333333333333333,0.8,570,0.8105263157894737,0.7671655033764087,0.043360812413065,0.0024715663075447047,0.6991682832701165,0.32554814062620463
bayesfl_observability_v1,vi_lr0p002_b256_e5_prior0p05,55,vi,global_test_mc,,,12,0.8,0.8666666666666667,774,0.8992248062015504,0.8347368720890016,0.06448793411254883,0.004991366100311279,0.47681011494432,0.19275653096594553
bayesfl_observability_v1,vi_lr0p002_b256_e5_prior0p05,55,vi,global_test_mc,,,13,0.8666666666666667,0.9333333333333333,1329,0.9465763732129421,0.9036337182968519,0.04294265491609017,0.005707078838348384,0.2882860101552006,0.10469064688305822
bayesfl_observability_v1,vi_lr0p002_b256_e5_prior0p05,55,vi,global_test_mc,,,14,0.9333333333333333,1.0,3559,0.9943804439449283,0.9731792441644371,0.021201199780491176,0.007545507001876809,0.05385747246274656,0.012001177385013972
bayesfl_observability_v1,vi_lr0p002_b256_e5_prior0p05,56,vi,global_test,,,0,0.0,0.06666666666666667,0,,,,,,
bayesfl_observability_v1,vi_lr0p002_b256_e5_prior0p05,56,vi,global_test,,,1,0.06666666666666667,0.13333333333333333,0,,,,,,
bayesfl_observability_v1,vi_lr0p002_b256_e5_prior0p05,56,vi,global_test,,,2,0.13333333333333333,0.2,2,0.0,0.18824177980422974,0.18824177980422974,3.7648355960845946e-05,2.177895426750183,0.9018638432025909
bayesfl_observability_v1,vi_lr0p002_b256_e5_prior0p05,56,vi,global_test,,,3,0.2,0.26666666666666666,57,0.42105263157894735,0.24599713113224297,0.17505550044670437,0.0009978163525462148,1.6942215070389866,0.7751903554849457
bayesfl_observability_v1,vi_lr0p002_b256_e5_prior0p05,56,vi,global_test,,,4,0.26666666666666666,0.3333333333333333,222,0.3333333333333333,0.30347924377467184,0.02985408955866148,0.0006627607882022848,1.5986688453871924,0.7553869448266588
bayesfl_observability_v1,vi_lr0p002_b256_e5_prior0p05,56,vi,global_test,,,5,0.3333333333333333,0.4,430,0.4255813953488372,0.36832216548365215,0.05725922986518506,0.0024621468842029575,1.4129297944002372,0.6861370901728785
bayesfl_observability_v1,vi_lr0p002_b256_e5_prior0p05,56,vi,global_test,,,6,0.4,0.4666666666666667,554,0.5433212996389891,0.43540643957117403,0.10791486006781509,0.005978483247756956,1.2487561956639754,0.6201370091644866
bayesfl_observability_v1,vi_lr0p002_b256_e5_prior0p05,56,vi,global_test,,,7,0.4666666666666667,0.5333333333333333,716,0.5824022346368715,0.49958276881851965,0.08281946581835181,0.00592987375259399,1.1126163278878067,0.5695541565977661
bayesfl_observability_v1,vi_lr0p002_b256_e5_prior0p05,56,vi,global_test,,,8,0.5333333333333333,0.6,678,0.7153392330383481,0.5664811456097966,0.14885808742855156,0.010092578327655794,0.9260381646564225,0.46882643284699205
bayesfl_observability_v1,vi_lr0p002_b256_e5_prior0p05,56,vi,global_test,,,9,0.6,0.6666666666666666,599,0.7679465776293823,0.6331977631293474,0.13474881450003495,0.008071453988552094,0.8115874914971736,0.4019178930228461
bayesfl_observability_v1,vi_lr0p002_b256_e5_prior0p05,56,vi,global_test,,,10,0.6666666666666666,0.7333333333333333,626,0.865814696485623,0.699852255491403,0.16596244099422008,0.010389248806238177,0.6379174247336464,0.28038276479647944
bayesfl_observability_v1,vi_lr0p002_b256_e5_prior0p05,56,vi,global_test,,,11,0.7333333333333333,0.8,678,0.8923303834808259,0.7672142778526013,0.12511610562822462,0.008482871961593629,0.5200138341712389,0.21969745899372045
bayesfl_observability_v1,vi_lr0p002_b256_e5_prior0p05,56,vi,global_test,,,12,0.8,0.8666666666666667,780,0.9358974358974359,0.8347620236567962,0.10113541224063971,0.007888562154769898,0.36336349004354235,0.1357236228692226
bayesfl_observability_v1,vi_lr0p002_b256_e5_prior0p05,56,vi,global_test,,,13,0.8666666666666667,0.9333333333333333,1249,0.9615692554043235,0.9029350350435683,0.05863422036075516,0.007323414123058321,0.24280473279704848,0.07930049620228734
bayesfl_observability_v1,vi_lr0p002_b256_e5_prior0p05,56,vi,global_test,,,14,0.9333333333333333,1.0,3409,0.9914931064828395,0.9756651165269273,0.01582798995591217,0.005395761775970459,0.06516631385576484,0.01729809148013089
bayesfl_observability_v1,vi_lr0p002_b256_e5_prior0p05,56,vi,global_test_mc,,,0,0.0,0.06666666666666667,0,,,,,,
bayesfl_observability_v1,vi_lr0p002_b256_e5_prior0p05,56,vi,global_test_mc,,,1,0.06666666666666667,0.13333333333333333,0,,,,,,
bayesfl_observability_v1,vi_lr0p002_b256_e5_prior0p05,56,vi,global_test_mc,,,2,0.13333333333333333,0.2,2,0.0,0.18819024413824081,0.18819024413824081,3.7638048827648164e-05,2.1780784130096436,0.9019031822681427
bayesfl_observability_v1,vi_lr0p002_b256_e5_prior0p05,56,vi,global_test_mc,,,3,0.2,0.26666666666666666,57,0.42105263157894735,0.24603848656018576,0.17501414501876159,0.0009975806266069411,1.6941135159709997,0.7751442559978419
bayesfl_observability_v1,vi_lr0p002_b256_e5_prior0p05,56,vi,global_test_mc,,,4,0.26666666666666666,0.3333333333333333,223,0.336322869955157,0.3036231239547644,0.032699746000392604,0.000729204335808755,1.5971800195796608,0.7550712920090543
bayesfl_observability_v1,vi_lr0p002_b256_e5_prior0p05,56,vi,global_test_mc,,,5,0.3333333333333333,0.4,429,0.4289044289044289,0.3683981962137289,0.060506232690700046,0.002595717382431032,1.4132077899568287,0.6861118169931265
bayesfl_observability_v1,vi_lr0p002_b256_e5_prior0p05,56,vi,global_test_mc,,,6,0.4,0.4666666666666667,552,0.5489130434782609,0.4352936666944753,0.11361937678378559,0.006271789598464964,1.2481924502745918,0.6194293090830678
bayesfl_observability_v1,vi_lr0p002_b256_e5_prior0p05,56,vi,global_test_mc,,,7,0.4666666666666667,0.5333333333333333,719,0.5799721835883171,0.4995395466581671,0.08043263693015007,0.005783106595277789,1.1127679770778713,0.569858735061985
bayesfl_observability_v1,vi_lr0p002_b256_e5_prior0p05,56,vi,global_test_mc,,,8,0.5333333333333333,0.6,677,0.7149187592319055,0.5665315532261723,0.14838720600573319,0.010045813846588135,0.9264913006758584,0.46909378796947937
bayesfl_observability_v1,vi_lr0p002_b256_e5_prior0p05,56,vi,global_test_mc,,,9,0.6,0.6666666666666666,599,0.7679465776293823,0.633197375450389,0.13474920217899333,0.008071477210521701,0.8115985901009459,0.4019192994536462
bayesfl_observability_v1,vi_lr0p002_b256_e5_prior0p05,56,vi,global_test_mc,,,10,0.6666666666666666,0.7333333333333333,627,0.8644338118022329,0.6999172535049097,0.16451655829732315,0.010315188205242161,0.640012048268052,0.28198154235000245
bayesfl_observability_v1,vi_lr0p002_b256_e5_prior0p05,56,vi,global_test_mc,,,11,0.7333333333333333,0.8,676,0.893491124260355,0.7672150604118256,0.1262760638485294,0.008536261916160588,0.5183262680409223,0.21834321871135362
bayesfl_observability_v1,vi_lr0p002_b256_e5_prior0p05,56,vi,global_test_mc,,,12,0.8,0.8666666666666667,781,0.9359795134443022,0.834717588143831,0.10126192530047118,0.0079085563659668,0.363195799987539,0.13563865011083331
bayesfl_observability_v1,vi_lr0p002_b256_e5_prior0p05,56,vi,global_test_mc,,,13,0.8666666666666667,0.9333333333333333,1250,0.9616,0.9029595440864563,0.05864045591354372,0.007330056989192965,0.24267663558721542,0.07924365212917328
bayesfl_observability_v1,vi_lr0p002_b256_e5_prior0p05,56,vi,global_test_mc,,,14,0.9333333333333333,1.0,3408,0.9914906103286385,0.9756772389434313,0.01581337138520722,0.0053891969680786205,0.06516597000663409,0.017301585598512085
bayesfl_observability_v1,vi_lr0p002_b256_e5_prior0p05,57,vi,global_test,,,0,0.0,0.06666666666666667,0,,,,,,
bayesfl_observability_v1,vi_lr0p002_b256_e5_prior0p05,57,vi,global_test,,,1,0.06666666666666667,0.13333333333333333,0,,,,,,
bayesfl_observability_v1,vi_lr0p002_b256_e5_prior0p05,57,vi,global_test,,,2,0.13333333333333333,0.2,2,1.0,0.1815994307398796,0.8184005692601204,0.00016368011385202409,1.7059686183929443,0.7583415508270264
bayesfl_observability_v1,vi_lr0p002_b256_e5_prior0p05,57,vi,global_test,,,3,0.2,0.26666666666666666,71,0.28169014084507044,0.2393194787519079,0.04237066209316254,0.000300831700861454,1.8292907627535537,0.8170451496688413
bayesfl_observability_v1,vi_lr0p002_b256_e5_prior0p05,57,vi,global_test,,,4,0.26666666666666666,0.3333333333333333,165,0.28484848484848485,0.3037931978702545,0.018944713021769644,0.0003125877648591991,1.6465813831849532,0.7721002770192695
bayesfl_observability_v1,vi_lr0p002_b256_e5_prior0p05,57,vi,global_test,,,5,0.3333333333333333,0.4,393,0.4071246819338422,0.36956331300674805,0.03756136892709416,0.0014761617988348005,1.4589059771472261,0.7081957021135714
bayesfl_observability_v1,vi_lr0p002_b256_e5_prior0p05,57,vi,global_test,,,6,0.4,0.4666666666666667,573,0.493891797556719,0.43496699503787106,0.05892480251884796,0.003376391184329988,1.2558918881374712,0.6405595445300064
bayesfl_observability_v1,vi_lr0p002_b256_e5_prior0p05,57,vi,global_test,,,7,0.4666666666666667,0.5333333333333333,692,0.5361271676300579,0.5000816835144352,0.036045484115622695,0.0024943475008010903,1.1257074144534294,0.5910525178978209
bayesfl_observability_v1,vi_lr0p002_b256_e5_prior0p05,57,vi,global_test,,,8,0.5333333333333333,0.6,676,0.6316568047337278,0.5671666067027481,0.06449019803097966,0.004359537386894225,1.0014682609654038,0.5249738421665846
bayesfl_observability_v1,vi_lr0p002_b256_e5_prior0p05,57,vi,global_test,,,9,0.6,0.6666666666666666,688,0.6962209302325582,0.6328107867130014,0.06341014351955676,0.004362617874145505,0.9327756499135217,0.47016383811484935
bayesfl_observability_v1,vi_lr0p002_b256_e5_prior0p05,57,vi,global_test,,,10,0.6666666666666666,0.7333333333333333,727,0.8005502063273727,0.6999314071551642,0.1006187991722085,0.007314986699819558,0.7299878958002901,0.3508925441206731
bayesfl_observability_v1,vi_lr0p002_b256_e5_prior0p05,57,vi,global_test,,,11,0.7333333333333333,0.8,795,0.8616352201257862,0.7681033140458401,0.0935319060799461,0.007435786533355716,0.5576900061009065,0.2559190332233531
bayesfl_observability_v1,vi_lr0p002_b256_e5_prior0p05,57,vi,global_test,,,12,0.8,0.8666666666666667,893,0.9025755879059351,0.8331583205689775,0.06941726733695752,0.006198961973190307,0.4412880197484442,0.18614139909306404
bayesfl_observability_v1,vi_lr0p002_b256_e5_prior0p05,57,vi,global_test,,,13,0.8666666666666667,0.9333333333333333,1205,0.9153526970954357,0.9023601157042,0.012992581391235603,0.00156560605764389,0.392934421088191,0.159108782018616
bayesfl_observability_v1,vi_lr0p002_b256_e5_prior0p05,57,vi,global_test,,,14,0.9333333333333333,1.0,3120,0.9842948717948717,0.9749969908824334,0.009297880912438328,0.0029009388446807585,0.09649888960978924,0.031030039176440392
bayesfl_observability_v1,vi_lr0p002_b256_e5_prior0p05,57,vi,global_test_mc,,,0,0.0,0.06666666666666667,0,,,,,,
bayesfl_observability_v1,vi_lr0p002_b256_e5_prior0p05,57,vi,global_test_mc,,,1,0.06666666666666667,0.13333333333333333,0,,,,,,
bayesfl_observability_v1,vi_lr0p002_b256_e5_prior0p05,57,vi,global_test_mc,,,2,0.13333333333333333,0.2,2,1.0,0.1816120222210884,0.8183879777789116,0.00016367759555578233,1.705898642539978,0.7583179771900177
bayesfl_observability_v1,vi_lr0p002_b256_e5_prior0p05,57,vi,global_test_mc,,,3,0.2,0.26666666666666666,71,0.28169014084507044,0.23931240153984285,0.04237773930522759,0.0003008819490671159,1.829421857712974,0.8170886476274947
bayesfl_observability_v1,vi_lr0p002_b256_e5_prior0p05,57,vi,global_test_mc,,,4,0.26666666666666666,0.3333333333333333,165,0.2787878787878788,0.30379918759519403,0.025011308807315225,0.00041268659532070126,1.6467144250869752,0.7721726294719812
bayesfl_observability_v1,vi_lr0p002_b256_e5_prior0p05,57,vi,global_test_mc,,,5,0.3333333333333333,0.4,393,0.40458015267175573,0.36955556485792457,0.035024587813831165,0.0013764663010835648,1.4613144185403528,0.7092642542970089
bayesfl_observability_v1,vi_lr0p002_b256_e5_prior0p05,57,vi,global_test_mc,,,6,0.4,0.4666666666666667,571,0.4973730297723292,0.43484964157779243,0.06252338819453679,0.0035700854659080506,1.2531170494293373,0.6389168916358213
bayesfl_observability_v1,vi_lr0p002_b256_e5_prior0p05,57,vi,global_test_mc,,,7,0.4666666666666667,0.5333333333333333,693,0.5353535353535354,0.4999368768749815,0.03541665847855385,0.002454374432563782,1.1275257692708598,0.5920874823051442
bayesfl_observability_v1,vi_lr0p002_b256_e5_prior0p05,57,vi,global_test_mc,,,8,0.5333333333333333,0.6,677,0.6322008862629247,0.5671164605606958,0.06508442570222894,0.0044062156200408995,0.9998481974467921,0.5239558568557221
bayesfl_observability_v1,vi_lr0p002_b256_e5_prior0p05,57,vi,global_test_mc,,,9,0.6,0.6666666666666666,690,0.6956521739130435,0.6329004508861596,0.06275172302688381,0.004329868888854982,0.9327189217443052,0.4703413610873015
bayesfl_observability_v1,vi_lr0p002_b256_e5_prior0p05,57,vi,global_test_mc,,,10,0.6666666666666666,0.7333333333333333,723,0.8008298755186722,0.6999191277419547,0.10091074777671749,0.007295847064256675,0.7305472134554535,0.35075912650360275
bayesfl_observability_v1,vi_lr0p002_b256_e5_prior0p05,57,vi,global_test_mc,,,11,0.7333333333333333,0.8,797,0.8607277289836889,0.7680070031541802,0.09272072582950863,0.007389841848611837,0.5585188440875696,0.2568069266405429
bayesfl_observability_v1,vi_lr0p002_b256_e5_prior0p05,57,vi,global_test_mc,,,12,0.8,0.8666666666666667,895,0.9027932960893855,0.8332240678078635,0.06956922828152201,0.00622644593119622,0.44063264990652073,0.1857927629401564
bayesfl_observability_v1,vi_lr0p002_b256_e5_prior0p05,57,vi,global_test_mc,,,13,0.8666666666666667,0.9333333333333333,1203,0.9152119700748129,0.9024165796421016,0.012795390432711273,0.0015392854690551663,0.39336777223910474,0.15933945925530055
bayesfl_observability_v1,vi_lr0p002_b256_e5_prior0p05,57,vi,global_test_mc,,,14,0.9333333333333333,1.0,3120,0.9842948717948717,0.9749965441532624,0.009298327641609316,0.002901078224182107,0.09650430025962684,0.03103059258741828
bayesfl_observability_v1,vi_lr0p002_b256_e5_prior0p05,58,vi,global_test,,,0,0.0,0.06666666666666667,0,,,,,,
bayesfl_observability_v1,vi_lr0p002_b256_e5_prior0p05,58,vi,global_test,,,1,0.06666666666666667,0.13333333333333333,0,,,,,,
bayesfl_observability_v1,vi_lr0p002_b256_e5_prior0p05,58,vi,global_test,,,2,0.13333333333333333,0.2,2,0.0,0.19472277164459229,0.19472277164459229,3.894455432891846e-05,1.8407233953475952,0.8113251626491547
bayesfl_observability_v1,vi_lr0p002_b256_e5_prior0p05,58,vi,global_test,,,3,0.2,0.26666666666666666,61,0.39344262295081966,0.24590924553206708,0.14753337741875258,0.0008999536022543907,1.7173971328579012,0.7776738590881472
bayesfl_observability_v1,vi_lr0p002_b256_e5_prior0p05,58,vi,global_test,,,4,0.26666666666666666,0.3333333333333333,202,0.36633663366336633,0.303853773392073,0.06248286027129335,0.0012621537774801257,1.638098177933457,0.7582587399105034
bayesfl_observability_v1,vi_lr0p002_b256_e5_prior0p05,58,vi,global_test,,,5,0.3333333333333333,0.4,359,0.44846796657381616,0.3681373145420903,0.08033065203172585,0.002883870407938958,1.4214836833868851,0.6907844995057683
bayesfl_observability_v1,vi_lr0p002_b256_e5_prior0p05,58,vi,global_test,,,6,0.4,0.4666666666666667,520,0.5230769230769231,0.4349423777598601,0.088134545317063,0.004582996356487275,1.263726801597155,0.6301106354364983
bayesfl_observability_v1,vi_lr0p002_b256_e5_prior0p05,58,vi,global_test,,,7,0.4666666666666667,0.5333333333333333,675,0.6177777777777778,0.5013613038592868,0.11641647391849097,0.00785811198949814,1.039394206294307,0.5467914397628219
bayesfl_observability_v1,vi_lr0p002_b256_e5_prior0p05,58,vi,global_test,,,8,0.5333333333333333,0.6,658,0.6595744680851063,0.5666747035226561,0.0928997645624502,0.006112804508209222,0.9622907881316443,0.500919420940173
bayesfl_observability_v1,vi_lr0p002_b256_e5_prior0p05,58,vi,global_test,,,9,0.6,0.6666666666666666,635,0.75748031496063,0.6328906164394589,0.12458969852117108,0.007911445856094363,0.8266330591336949,0.4125454183638565
bayesfl_observability_v1,vi_lr0p002_b256_e5_prior0p05,58,vi,global_test,,,10,0.6666666666666666,0.7333333333333333,645,0.8232558139534883,0.7008513819339663,0.122404432019522,0.00789508586525917,0.6890706369119097,0.322739607603975
bayesfl_observability_v1,vi_lr0p002_b256_e5_prior0p05,58,vi,global_test,,,11,0.7333333333333333,0.8,649,0.8628659476117103,0.7665524311903261,0.0963135164213842,0.006250747215747834,0.5780897994621876,0.25752529001382907
bayesfl_observability_v1,vi_lr0p002_b256_e5_prior0p05,58,vi,global_test,,,12,0.8,0.8666666666666667,802,0.9226932668329177,0.8345773202225455,0.08811594661037225,0.007066898918151854,0.39765277690720974,0.15430439105652216
bayesfl_observability_v1,vi_lr0p002_b256_e5_prior0p05,58,vi,global_test,,,13,0.8666666666666667,0.9333333333333333,1188,0.9621212121212122,0.903775845463027,0.05834536665818513,0.0069314295589923925,0.2324582115003858,0.07834082601281504
bayesfl_observability_v1,vi_lr0p002_b256_e5_prior0p05,58,vi,global_test,,,14,0.9333333333333333,1.0,3604,0.991953385127636,0.9769688158003524,0.014984569327283537,0.005400438785552986,0.05990924531558774,0.01629071270315169
bayesfl_observability_v1,vi_lr0p002_b256_e5_prior0p05,58,vi,global_test_mc,,,0,0.0,0.06666666666666667,0,,,,,,
bayesfl_observability_v1,vi_lr0p002_b256_e5_prior0p05,58,vi,global_test_mc,,,1,0.06666666666666667,0.13333333333333333,0,,,,,,
bayesfl_observability_v1,vi_lr0p002_b256_e5_prior0p05,58,vi,global_test_mc,,,2,0.13333333333333333,0.2,2,0.0,0.19482221454381943,0.19482221454381943,3.8964442908763886e-05,1.8410152792930603,0.8114341199398041
bayesfl_observability_v1,vi_lr0p002_b256_e5_prior0p05,58,vi,global_test_mc,,,3,0.2,0.26666666666666666,61,0.39344262295081966,0.24588868730380886,0.1475539356470108,0.0009000790074467659,1.7174085671784447,0.7776854859023797
bayesfl_observability_v1,vi_lr0p002_b256_e5_prior0p05,58,vi,global_test_mc,,,4,0.26666666666666666,0.3333333333333333,202,0.36633663366336633,0.30383763897537003,0.0624989946879963,0.0012624796926975252,1.6380987686685997,0.7582670090222122
bayesfl_observability_v1,vi_lr0p002_b256_e5_prior0p05,58,vi,global_test_mc,,,5,0.3333333333333333,0.4,361,0.4487534626038781,0.36831387621544076,0.08043958638843735,0.002903869068622588,1.4190960379518631,0.6899767709570909
bayesfl_observability_v1,vi_lr0p002_b256_e5_prior0p05,58,vi,global_test_mc,,,6,0.4,0.4666666666666667,518,0.5231660231660231,0.4350885015887183,0.08807752157730481,0.00456241561770439,1.2605897993654818,0.6294771328165725
bayesfl_observability_v1,vi_lr0p002_b256_e5_prior0p05,58,vi,global_test_mc,,,7,0.4666666666666667,0.5333333333333333,676,0.6168639053254438,0.5014119388083734,0.11545196651707035,0.007804552936553955,1.0432652919250127,0.548046943704052
bayesfl_observability_v1,vi_lr0p002_b256_e5_prior0p05,58,vi,global_test_mc,,,8,0.5333333333333333,0.6,657,0.6605783866057838,0.5667297009100835,0.09384868569570037,0.006165858650207514,0.9614567947169962,0.5002860378819877
bayesfl_observability_v1,vi_lr0p002_b256_e5_prior0p05,58,vi,global_test_mc,,,9,0.6,0.6666666666666666,637,0.7582417582417582,0.6329964685664634,0.1252452896752948,0.00797812495231628,0.8253015339655255,0.4117122214854793
bayesfl_observability_v1,vi_lr0p002_b256_e5_prior0p05,58,vi,global_test_mc,,,10,0.6666666666666666,0.7333333333333333,643,0.8227060653188181,0.7009557811876478,0.12175028413117028,0.00782854326963425,0.6899313526242554,0.32326758130342
bayesfl_observability_v1,vi_lr0p002_b256_e5_prior0p05,58,vi,global_test_mc,,,11,0.7333333333333333,0.8,651,0.8632872503840245,0.7666555740133775,0.09663167637064707,0.006290722131729124,0.5770002365478539,0.2569094291114221
bayesfl_observability_v1,vi_lr0p002_b256_e5_prior0p05,58,vi,global_test_mc,,,12,0.8,0.8666666666666667,800,0.9225,0.8346584510803222,0.08784154891967777,0.007027323913574222,0.39808619290590286,0.15454969342797995
bayesfl_observability_v1,vi_lr0p002_b256_e5_prior0p05,58,vi,global_test_mc,,,13,0.8666666666666667,0.9333333333333333,1189,0.9621530698065601,0.903799429272683,0.05835364053387715,0.006938247859477993,0.2323116507848037,0.07827968743870221
bayesfl_observability_v1,vi_lr0p002_b256_e5_prior0p05,58,vi,global_test_mc,,,14,0.9333333333333333,1.0,3603,0.9919511518179295,0.9769810865297934,0.014970065288136047,0.005393714523315418,0.0599041610393728,0.016292917853634358
bayesfl_observability_v1,vi_lr0p002_b256_e5_prior0p05,59,vi,global_test,,,0,0.0,0.06666666666666667,0,,,,,,
bayesfl_observability_v1,vi_lr0p002_b256_e5_prior0p05,59,vi,global_test,,,1,0.06666666666666667,0.13333333333333333,0,,,,,,
bayesfl_observability_v1,vi_lr0p002_b256_e5_prior0p05,59,vi,global_test,,,2,0.13333333333333333,0.2,4,0.0,0.18817532062530518,0.18817532062530518,7.527012825012207e-05,2.116481602191925,0.8920239061117172
bayesfl_observability_v1,vi_lr0p002_b256_e5_prior0p05,59,vi,global_test,,,3,0.2,0.26666666666666666,66,0.3484848484848485,0.24260427983421268,0.10588056865063583,0.0006988117530941965,1.665995756785075,0.7764381802443302
bayesfl_observability_v1,vi_lr0p002_b256_e5_prior0p05,59,vi,global_test,,,4,0.26666666666666666,0.3333333333333333,197,0.38071065989847713,0.30508850235019236,0.07562215754828477,0.00148975650370121,1.5993705407011933,0.7484776680239567
bayesfl_observability_v1,vi_lr0p002_b256_e5_prior0p05,59,vi,global_test,,,5,0.3333333333333333,0.4,372,0.47580645161290325,0.3666547905373317,0.10915166107557156,0.004060441792011262,1.4008761181305813,0.682914835791434
bayesfl_observability_v1,vi_lr0p002_b256_e5_prior0p05,59,vi,global_test,,,6,0.4,0.4666666666666667,572,0.5227272727272727,0.43514018526652476,0.08758708746074795,0.005009981402754783,1.2264862842076307,0.6232318632773586
bayesfl_observability_v1,vi_lr0p002_b256_e5_prior0p05,59,vi,global_test,,,7,0.4666666666666667,0.5333333333333333,678,0.5825958702064897,0.5000133275282418,0.08258254267824794,0.00559909639358521,1.049625656246084,0.5490964190446521
bayesfl_observability_v1,vi_lr0p002_b256_e5_prior0p05,59,vi,global_test,,,8,0.5333333333333333,0.6,656,0.6615853658536586,0.5660220763487059,0.09556328950495263,0.0062689517915248925,0.9263162872776752,0.49417416224392446
bayesfl_observability_v1,vi_lr0p002_b256_e5_prior0p05,59,vi,global_test,,,9,0.6,0.6666666666666666,602,0.7093023255813954,0.6321293824534876,0.07717294312790779,0.004645811176300049,0.8903296560148068,0.44841707366645533
bayesfl_observability_v1,vi_lr0p002_b256_e5_prior0p05,59,vi,global_test,,,10,0.6666666666666666,0.7333333333333333,655,0.8091603053435115,0.6998551914710125,0.10930511387249897,0.007159484958648683,0.6775216961634978,0.3336590907045903
bayesfl_observability_v1,vi_lr0p002_b256_e5_prior0p05,59,vi,global_test,,,11,0.7333333333333333,0.8,685,0.8759124087591241,0.767965830503589,0.10794657825553511,0.007394340610504154,0.5542104494832728,0.2384095358152459
bayesfl_observability_v1,vi_lr0p002_b256_e5_prior0p05,59,vi,global_test,,,12,0.8,0.8666666666666667,833,0.9027611044417767,0.8347692602679652,0.06799184417381154,0.005663720619678502,0.44511911448310404,0.18428543521290353
bayesfl_observability_v1,vi_lr0p002_b256_e5_prior0p05,59,vi,global_test,,,13,0.8666666666666667,0.9333333333333333,1365,0.958974358974359,0.9033571040674007,0.05561725490695835,0.007591755294799814,0.26219106096051115,0.08414136096562222
bayesfl_observability_v1,vi_lr0p002_b256_e5_prior0p05,59,vi,global_test,,,14,0.9333333333333333,1.0,3315,0.9894419306184012,0.975190647407175,0.014251283211226262,0.004724300384521506,0.07853856814482993,0.02129574463060786
bayesfl_observability_v1,vi_lr0p002_b256_e5_prior0p05,59,vi,global_test_mc,,,0,0.0,0.06666666666666667,0,,,,,,
bayesfl_observability_v1,vi_lr0p002_b256_e5_prior0p05,59,vi,global_test_mc,,,1,0.06666666666666667,0.13333333333333333,0,,,,,,
bayesfl_observability_v1,vi_lr0p002_b256_e5_prior0p05,59,vi,global_test_mc,,,2,0.13333333333333333,0.2,4,0.0,0.18820218741893768,0.18820218741893768,7.528087496757508e-05,2.1162151098251343,0.8919408768415451
bayesfl_observability_v1,vi_lr0p002_b256_e5_prior0p05,59,vi,global_test_mc,,,3,0.2,0.26666666666666666,65,0.3384615384615385,0.24223875953600957,0.09622277892552891,0.0006254480630159379,1.6712804244114803,0.7781264250095073
bayesfl_observability_v1,vi_lr0p002_b256_e5_prior0p05,59,vi,global_test_mc,,,4,0.26666666666666666,0.3333333333333333,198,0.3787878787878788,0.3048953787244932,0.0738925000633856,0.001463071501255035,1.5988913870821095,0.7485827764477393
bayesfl_observability_v1,vi_lr0p002_b256_e5_prior0p05,59,vi,global_test_mc,,,5,0.3333333333333333,0.4,372,0.478494623655914,0.36665595667336576,0.11183866698254824,0.004160398411750795,1.4003942422969367,0.6826477871146254
bayesfl_observability_v1,vi_lr0p002_b256_e5_prior0p05,59,vi,global_test_mc,,,6,0.4,0.4666666666666667,572,0.5209790209790209,0.4351294307441978,0.08584959023482314,0.004910596561431883,1.227099296825749,0.6236981616153584
bayesfl_observability_v1,vi_lr0p002_b256_e5_prior0p05,59,vi,global_test_mc,,,7,0.4666666666666667,0.5333333333333333,677,0.5849335302806499,0.499968875282096,0.08496465499855388,0.005752107143402098,1.0491113289420326,0.5484535820903242
bayesfl_observability_v1,vi_lr0p002_b256_e5_prior0p05,59,vi,global_test_mc,,,8,0.5333333333333333,0.6,658,0.6595744680851063,0.5660247344376468,0.09354973364745955,0.0061555724740028385,0.9277840325535249,0.49536832777562473
bayesfl_observability_v1,vi_lr0p002_b256_e5_prior0p05,59,vi,global_test_mc,,,9,0.6,0.6666666666666666,601,0.7104825291181365,0.6321849949943047,0.07829753412383178,0.00470568180084229,0.888845008542256,0.44738467878192517
bayesfl_observability_v1,vi_lr0p002_b256_e5_prior0p05,59,vi,global_test_mc,,,10,0.6666666666666666,0.7333333333333333,655,0.8091603053435115,0.6998579338306689,0.10930237151284261,0.007159305334091191,0.6775160858649334,0.3336791422530895
bayesfl_observability_v1,vi_lr0p002_b256_e5_prior0p05,59,vi,global_test_mc,,,11,0.7333333333333333,0.8,686,0.8746355685131195,0.7680145790556082,0.1066209894575113,0.007314199876785276,0.5588612980467238,0.24037002500570204
bayesfl_observability_v1,vi_lr0p002_b256_e5_prior0p05,59,vi,global_test_mc,,,12,0.8,0.8666666666666667,833,0.9027611044417767,0.8348452007355524,0.06791590370622436,0.005657394778728488,0.443360711918587,0.18423404677861593
bayesfl_observability_v1,vi_lr0p002_b256_e5_prior0p05,59,vi,global_test_mc,,,13,0.8666666666666667,0.9333333333333333,1365,0.9597069597069597,0.9034031214731517,0.05630383823380802,0.007685473918914795,0.26057038752587286,0.08300595878463088
bayesfl_observability_v1,vi_lr0p002_b256_e5_prior0p05,59,vi,global_test_mc,,,14,0.9333333333333333,1.0,3314,0.9894387447193723,0.9752017461757165,0.014236998543655788,0.0047181413173675284,0.07854014297404344,0.021300426067887845
bayesfl_observability_v1,vi_lr0p002_b256_e5_prior0p05,60,vi,global_test,,,0,0.0,0.06666666666666667,0,,,,,,
bayesfl_observability_v1,vi_lr0p002_b256_e5_prior0p05,60,vi,global_test,,,1,0.06666666666666667,0.13333333333333333,0,,,,,,
bayesfl_observability_v1,vi_lr0p002_b256_e5_prior0p05,60,vi,global_test,,,2,0.13333333333333333,0.2,3,0.0,0.17826827863852182,0.17826827863852182,5.348048359155655e-05,2.089147369066874,0.8762126366297404
bayesfl_observability_v1,vi_lr0p002_b256_e5_prior0p05,60,vi,global_test,,,3,0.2,0.26666666666666666,72,0.3333333333333333,0.24326369911432266,0.09006963421901065,0.0006485013663768766,1.6845509227779176,0.7819864691959487
bayesfl_observability_v1,vi_lr0p002_b256_e5_prior0p05,60,vi,global_test,,,4,0.26666666666666666,0.3333333333333333,212,0.37264150943396224,0.3051547076342241,0.06748680179973815,0.0014307201981544487,1.5615327054599546,0.7393879926991913
bayesfl_observability_v1,vi_lr0p002_b256_e5_prior0p05,60,vi,global_test,,,5,0.3333333333333333,0.4,368,0.42391304347826086,0.36912850679262826,0.0547845366856326,0.00201607095003128,1.4671871882417928,0.702813954780931
bayesfl_observability_v1,vi_lr0p002_b256_e5_prior0p05,60,vi,global_test,,,6,0.4,0.4666666666666667,539,0.5324675324675324,0.4335729836975267,0.0988945487700057,0.0053304161787033075,1.1973641909562147,0.6085263780406323
bayesfl_observability_v1,vi_lr0p002_b256_e5_prior0p05,60,vi,global_test,,,7,0.4666666666666667,0.5333333333333333,582,0.6460481099656358,0.5003187093640521,0.14572940060158368,0.008481451115012171,1.0225477839253612,0.529358958870275
bayesfl_observability_v1,vi_lr0p002_b256_e5_prior0p05,60,vi,global_test,,,8,0.5333333333333333,0.6,585,0.7418803418803419,0.566699931356642,0.17518041052369993,0.010248054015636445,0.9038371317407005,0.4476135815055961
bayesfl_observability_v1,vi_lr0p002_b256_e5_prior0p05,60,vi,global_test,,,9,0.6,0.6666666666666666,594,0.8148148148148148,0.6334092651152049,0.18140554969960987,0.010775489652156826,0.7598206463084879,0.35745409983978527
bayesfl_observability_v1,vi_lr0p002_b256_e5_prior0p05,60,vi,global_test,,,10,0.6666666666666666,0.7333333333333333,624,0.8717948717948718,0.6992558653538044,0.17253900644106746,0.010766434001922608,0.6140267252922058,0.2719727792801001
bayesfl_observability_v1,vi_lr0p002_b256_e5_prior0p05,60,vi,global_test,,,11,0.7333333333333333,0.8,657,0.893455098934551,0.7661441631694544,0.12731093576509656,0.008364328479766845,0.5314113447836727,0.2178500836298346
bayesfl_observability_v1,vi_lr0p002_b256_e5_prior0p05,60,vi,global_test,,,12,0.8,0.8666666666666667,782,0.9373401534526854,0.8334826090756584,0.10385754437702699,0.008121659970283511,0.3640225261754697,0.13420234500523417
bayesfl_observability_v1,vi_lr0p002_b256_e5_prior0p05,60,vi,global_test,,,13,0.8666666666666667,0.9333333333333333,1247,0.9711307137129109,0.9027872633341321,0.06834345037877887,0.008522428262233726,0.21322340865372272,0.06318458992354542
bayesfl_observability_v1,vi_lr0p002_b256_e5_prior0p05,60,vi,global_test,,,14,0.9333333333333333,1.0,3735,0.9941097724230255,0.9766573988928533,0.01745237353017215,0.006518461513519299,0.05229623062782977,0.01231814492643478
bayesfl_observability_v1,vi_lr0p002_b256_e5_prior0p05,60,vi,global_test_mc,,,0,0.0,0.06666666666666667,0,,,,,,
bayesfl_observability_v1,vi_lr0p002_b256_e5_prior0p05,60,vi,global_test_mc,,,1,0.06666666666666667,0.13333333333333333,0,,,,,,
bayesfl_observability_v1,vi_lr0p002_b256_e5_prior0p05,60,vi,global_test_mc,,,2,0.13333333333333333,0.2,3,0.0,0.17826916774113974,0.17826916774113974,5.348075032234192e-05,2.088918129603068,0.8761675953865051
bayesfl_observability_v1,vi_lr0p002_b256_e5_prior0p05,60,vi,global_test_mc,,,3,0.2,0.26666666666666666,72,0.3333333333333333,0.2432686680306991,0.09006466530263421,0.0006484655901789663,1.6845883809857898,0.7820110693573952
bayesfl_observability_v1,vi_lr0p002_b256_e5_prior0p05,60,vi,global_test_mc,,,4,0.26666666666666666,0.3333333333333333,212,0.37264150943396224,0.3051686594789883,0.06747284995497393,0.0014304244190454474,1.561498022304391,0.7393694680254415
bayesfl_observability_v1,vi_lr0p002_b256_e5_prior0p05,60,vi,global_test_mc,,,5,0.3333333333333333,0.4,369,0.42276422764227645,0.3692178781116558,0.05354634953062065,0.0019758602976799023,1.4758724222984418,0.7044750894634382
bayesfl_observability_v1,vi_lr0p002_b256_e5_prior0p05,60,vi,global_test_mc,,,6,0.4,0.4666666666666667,539,0.5324675324675324,0.4336961184892672,0.09877141397826522,0.005323779213428495,1.1929270531118248,0.6080884906931578
bayesfl_observability_v1,vi_lr0p002_b256_e5_prior0p05,60,vi,global_test_mc,,,7,0.4666666666666667,0.5333333333333333,580,0.6482758620689655,0.500321101166051,0.14795476090291448,0.00858137613236904,1.0179514788348099,0.5273596936258776
bayesfl_observability_v1,vi_lr0p002_b256_e5_prior0p05,60,vi,global_test_mc,,,8,0.5333333333333333,0.6,585,0.7401709401709402,0.566586868172018,0.17358407199892223,0.010154668211936951,0.9071213480753776,0.4491223963152649
bayesfl_observability_v1,vi_lr0p002_b256_e5_prior0p05,60,vi,global_test_mc,,,9,0.6,0.6666666666666666,594,0.8148148148148148,0.6333011521233453,0.1815136626914695,0.01078191156387329,0.7600033660529038,0.35757991681596646
bayesfl_observability_v1,vi_lr0p002_b256_e5_prior0p05,60,vi,global_test_mc,,,10,0.6666666666666666,0.7333333333333333,625,0.872,0.6992007873535157,0.17279921264648435,0.010799950790405272,0.6136994884490967,0.27183712882995603
bayesfl_observability_v1,vi_lr0p002_b256_e5_prior0p05,60,vi,global_test_mc,,,11,0.7333333333333333,0.8,658,0.8936170212765957,0.76618910343089,0.12742791784570573,0.008384756994247436,0.5309592688337286,0.21760271693435485
bayesfl_observability_v1,vi_lr0p002_b256_e5_prior0p05,60,vi,global_test_mc,,,12,0.8,0.8666666666666667,783,0.9374201787994891,0.8336124806873034,0.10380769811218571,0.008128142762184142,0.3636471695370144,0.13402446324188896
bayesfl_observability_v1,vi_lr0p002_b256_e5_prior0p05,60,vi,global_test_mc,,,13,0.8666666666666667,0.9333333333333333,1245,0.9710843373493976,0.9028456960815981,0.06823864126779944,0.00849571083784103,0.21333134637539644,0.06324539440553112
bayesfl_observability_v1,vi_lr0p002_b256_e5_prior0p05,60,vi,global_test_mc,,,14,0.9333333333333333,1.0,3735,0.9941097724230255,0.9766571902845758,0.01745258213844969,0.0065185394287109585,0.0522986618949068,0.01231824577059173
