nohup: ignoring input
CIFAR-10 extension active: RGB 32x32, model dimension=78,042. Core MNIST source is unchanged.
Model dimension: 78,042
Runtime: backend=ray, client_device=cuda, client_num_gpus=0.125, server_device=cpu, pin_memory=False, power_control=paper_reference_kkt, proposed_power=target2025_eq27_28_31, deterministic_power=hong2023_eq8_10_20, deterministic_reference_power=coordinated_aggregate
CUDA: torch=2.11.0+cu128, build=12.8, available=True, devices=1, GPU=NVIDIA GeForce RTX 5090
Planned simulations: 6
[001/006] RUN sparse_random_keep75_proposed_rep00_seed12025 logical_rounds=80 physical_fit_rounds=160 partition=mnist_seed12025_k40_l1_m50.json
[002/006] RUN sparse_random_keep50_proposed_rep00_seed12025 logical_rounds=80 physical_fit_rounds=160 partition=mnist_seed12025_k40_l1_m50.json
[003/006] RUN sparse_random_keep25_proposed_rep00_seed12025 logical_rounds=80 physical_fit_rounds=160 partition=mnist_seed12025_k40_l1_m50.json
[004/006] RUN sparse_random_keep10_proposed_rep00_seed12025 logical_rounds=80 physical_fit_rounds=160 partition=mnist_seed12025_k40_l1_m50.json
[005/006] RUN sparse_random_keep5_proposed_rep00_seed12025 logical_rounds=80 physical_fit_rounds=160 partition=mnist_seed12025_k40_l1_m50.json
[006/006] RUN sparse_random_keep2_proposed_rep00_seed12025 logical_rounds=80 physical_fit_rounds=160 partition=mnist_seed12025_k40_l1_m50.json
========================================================================================
Starting 1/6: sparse_random_keep75_proposed_rep00_seed12025
[93mWARNING [0m:   DEPRECATED FEATURE: The `run_simulation` function is deprecated and will be removed in a future version of Flower. Please use `flwr run` in the CLI instead to run your simulation. Refer to the Flower Tutorials for more details: https://flower.ai/docs/framework/tutorial-quickstart-pytorch.html

            This is a deprecated feature. It will be removed
            entirely in future versions of Flower.
        
[92mINFO [0m:      Starting Flower ServerApp, config: num_rounds=160, no round_timeout
[92mINFO [0m:      
[92mINFO [0m:      [INIT]
[92mINFO [0m:      Using initial global parameters provided by strategy
[92mINFO [0m:      Starting evaluation of initial global parameters
/home/micl/anaconda3/envs/dungndh/lib/python3.10/site-packages/ray/_private/worker.py:2051: FutureWarning: Tip: In future versions of Ray, Ray will no longer override accelerator visible devices env var if num_gpus=0 or num_gpus=None (default). To enable this behavior and turn off this error message, set RAY_ACCEL_ENV_VAR_OVERRIDE_ON_ZERO=0
  warnings.warn(
[92mINFO [0m:      initial parameters (loss, other metrics): 2.3708087632663397, {'accuracy': 0.1, 'ece': 0.08703089010149241}
[92mINFO [0m:      
[92mINFO [0m:      [ROUND 1]
[92mINFO [0m:      configure_fit: strategy sampled 40 clients (out of 40)
[36m(pid=gcs_server)[0m [2026-08-26 23:36:59,657 E 2547834 2547834] (gcs_server) gcs_server.cc:302: Failed to establish connection to the event+metrics exporter agent. Events and metrics will not be exported. Exporter agent status: RpcError: Running out of retries to initialize the metrics agent. rpc_code: 14
[33m(raylet)[0m [2026-08-26 23:37:00,792 E 2548042 2548042] (raylet) main.cc:975: Failed to establish connection to the metrics exporter agent. Metrics will not be exported. Exporter agent status: RpcError: Running out of retries to initialize the metrics agent. rpc_code: 14
[36m(pid=2548148)[0m [2026-08-26 23:37:01,305 E 2548148 2548314] core_worker_process.cc:825: Failed to establish connection to the metrics exporter agent. Metrics will not be exported. Exporter agent status: RpcError: Running out of retries to initialize the metrics agent. rpc_code: 14
[2026-08-26 23:37:01,789 E 2547686 2548142] core_worker_process.cc:825: Failed to establish connection to the metrics exporter agent. Metrics will not be exported. Exporter agent status: RpcError: Running out of retries to initialize the metrics agent. rpc_code: 14
[92mINFO [0m:      aggregate_fit: received 40 results and 0 failures
[92mINFO [0m:      configure_evaluate: no clients selected, skipping evaluation
[92mINFO [0m:      
[92mINFO [0m:      [ROUND 2]
[92mINFO [0m:      configure_fit: strategy sampled 40 clients (out of 40)
[92mINFO [0m:      aggregate_fit: received 40 results and 0 failures
[92mINFO [0m:      fit progress: (2, 2.373817032689328, {'accuracy': 0.1, 'ece': 0.10197203582227231}, 35.744648348074406)
[92mINFO [0m:      configure_evaluate: no clients selected, skipping evaluation
[92mINFO [0m:      
[92mINFO [0m:      [ROUND 3]
[92mINFO [0m:      configure_fit: strategy sampled 40 clients (out of 40)
[92mINFO [0m:      aggregate_fit: received 40 results and 0 failures
[92mINFO [0m:      configure_evaluate: no clients selected, skipping evaluation
[92mINFO [0m:      
[92mINFO [0m:      [ROUND 4]
[92mINFO [0m:      configure_fit: strategy sampled 40 clients (out of 40)
[92mINFO [0m:      aggregate_fit: received 40 results and 0 failures
[92mINFO [0m:      fit progress: (4, 2.380393332809521, {'accuracy': 0.1037, 'ece': 0.0707976770353317}, 66.94652622938156)
[92mINFO [0m:      configure_evaluate: no clients selected, skipping evaluation
[92mINFO [0m:      
[92mINFO [0m:      [ROUND 5]
[92mINFO [0m:      configure_fit: strategy sampled 40 clients (out of 40)
[92mINFO [0m:      aggregate_fit: received 40 results and 0 failures
[92mINFO [0m:      configure_evaluate: no clients selected, skipping evaluation
[92mINFO [0m:      
[92mINFO [0m:      [ROUND 6]
[92mINFO [0m:      configure_fit: strategy sampled 40 clients (out of 40)
[92mINFO [0m:      aggregate_fit: received 40 results and 0 failures
[92mINFO [0m:      fit progress: (6, 2.402436630212128, {'accuracy': 0.1123, 'ece': 0.07260886683642861}, 96.7395427301526)
[92mINFO [0m:      configure_evaluate: no clients selected, skipping evaluation
[92mINFO [0m:      
[92mINFO [0m:      [ROUND 7]
[92mINFO [0m:      configure_fit: strategy sampled 40 clients (out of 40)
[92mINFO [0m:      aggregate_fit: received 40 results and 0 failures
[92mINFO [0m:      configure_evaluate: no clients selected, skipping evaluation
[92mINFO [0m:      
[92mINFO [0m:      [ROUND 8]
[92mINFO [0m:      configure_fit: strategy sampled 40 clients (out of 40)
[92mINFO [0m:      aggregate_fit: received 40 results and 0 failures
[92mINFO [0m:      fit progress: (8, 2.4458863761181004, {'accuracy': 0.1022, 'ece': 0.11119269942998886}, 128.44753065193072)
[92mINFO [0m:      configure_evaluate: no clients selected, skipping evaluation
[92mINFO [0m:      
[92mINFO [0m:      [ROUND 9]
[92mINFO [0m:      configure_fit: strategy sampled 40 clients (out of 40)
[92mINFO [0m:      aggregate_fit: received 40 results and 0 failures
[92mINFO [0m:      configure_evaluate: no clients selected, skipping evaluation
[92mINFO [0m:      
[92mINFO [0m:      [ROUND 10]
[92mINFO [0m:      configure_fit: strategy sampled 40 clients (out of 40)
[92mINFO [0m:      aggregate_fit: received 40 results and 0 failures
[92mINFO [0m:      fit progress: (10, 2.4489709906131005, {'accuracy': 0.1001, 'ece': 0.11770038639098405}, 159.6125847743824)
[92mINFO [0m:      configure_evaluate: no clients selected, skipping evaluation
[92mINFO [0m:      
[92mINFO [0m:      [ROUND 11]
[92mINFO [0m:      configure_fit: strategy sampled 40 clients (out of 40)
[92mINFO [0m:      aggregate_fit: received 40 results and 0 failures
[92mINFO [0m:      configure_evaluate: no clients selected, skipping evaluation
[92mINFO [0m:      
[92mINFO [0m:      [ROUND 12]
[92mINFO [0m:      configure_fit: strategy sampled 40 clients (out of 40)
[92mINFO [0m:      aggregate_fit: received 40 results and 0 failures
[92mINFO [0m:      fit progress: (12, 2.443535810350879, {'accuracy': 0.1002, 'ece': 0.11352575104415419}, 192.77772955410182)
[92mINFO [0m:      configure_evaluate: no clients selected, skipping evaluation
[92mINFO [0m:      
[92mINFO [0m:      [ROUND 13]
[92mINFO [0m:      configure_fit: strategy sampled 40 clients (out of 40)
[92mINFO [0m:      aggregate_fit: received 40 results and 0 failures
[92mINFO [0m:      configure_evaluate: no clients selected, skipping evaluation
[92mINFO [0m:      
[92mINFO [0m:      [ROUND 14]
[92mINFO [0m:      configure_fit: strategy sampled 40 clients (out of 40)
[92mINFO [0m:      aggregate_fit: received 40 results and 0 failures
[92mINFO [0m:      fit progress: (14, 2.463324564534221, {'accuracy': 0.1001, 'ece': 0.12300141455739734}, 224.93265818525106)
[92mINFO [0m:      configure_evaluate: no clients selected, skipping evaluation
[92mINFO [0m:      
[92mINFO [0m:      [ROUND 15]
[92mINFO [0m:      configure_fit: strategy sampled 40 clients (out of 40)
[92mINFO [0m:      aggregate_fit: received 40 results and 0 failures
[92mINFO [0m:      configure_evaluate: no clients selected, skipping evaluation
[92mINFO [0m:      
[92mINFO [0m:      [ROUND 16]
[92mINFO [0m:      configure_fit: strategy sampled 40 clients (out of 40)
[92mINFO [0m:      aggregate_fit: received 40 results and 0 failures
[92mINFO [0m:      fit progress: (16, 2.457073618848263, {'accuracy': 0.1003, 'ece': 0.12434736125141381}, 257.203508769162)
[92mINFO [0m:      configure_evaluate: no clients selected, skipping evaluation
[92mINFO [0m:      
[92mINFO [0m:      [ROUND 17]
[92mINFO [0m:      configure_fit: strategy sampled 40 clients (out of 40)
[92mINFO [0m:      aggregate_fit: received 40 results and 0 failures
[92mINFO [0m:      configure_evaluate: no clients selected, skipping evaluation
[92mINFO [0m:      
[92mINFO [0m:      [ROUND 18]
[92mINFO [0m:      configure_fit: strategy sampled 40 clients (out of 40)
[92mINFO [0m:      aggregate_fit: received 40 results and 0 failures
[92mINFO [0m:      fit progress: (18, 2.4748940681114195, {'accuracy': 0.1004, 'ece': 0.13584020707279443}, 287.426565147005)
[92mINFO [0m:      configure_evaluate: no clients selected, skipping evaluation
[92mINFO [0m:      
[92mINFO [0m:      [ROUND 19]
[92mINFO [0m:      configure_fit: strategy sampled 40 clients (out of 40)
[92mINFO [0m:      aggregate_fit: received 40 results and 0 failures
[92mINFO [0m:      configure_evaluate: no clients selected, skipping evaluation
[92mINFO [0m:      
[92mINFO [0m:      [ROUND 20]
[92mINFO [0m:      configure_fit: strategy sampled 40 clients (out of 40)
[92mINFO [0m:      aggregate_fit: received 40 results and 0 failures
[92mINFO [0m:      fit progress: (20, 2.4573698051534936, {'accuracy': 0.1003, 'ece': 0.12755791438370942}, 318.49150967318565)
[92mINFO [0m:      configure_evaluate: no clients selected, skipping evaluation
[92mINFO [0m:      
[92mINFO [0m:      [ROUND 21]
[92mINFO [0m:      configure_fit: strategy sampled 40 clients (out of 40)
[92mINFO [0m:      aggregate_fit: received 40 results and 0 failures
[92mINFO [0m:      configure_evaluate: no clients selected, skipping evaluation
[92mINFO [0m:      
[92mINFO [0m:      [ROUND 22]
[92mINFO [0m:      configure_fit: strategy sampled 40 clients (out of 40)
[92mINFO [0m:      aggregate_fit: received 40 results and 0 failures
[92mINFO [0m:      fit progress: (22, 2.455686052750702, {'accuracy': 0.1005, 'ece': 0.13511109579801558}, 349.57846134202555)
[92mINFO [0m:      configure_evaluate: no clients selected, skipping evaluation
[92mINFO [0m:      
[92mINFO [0m:      [ROUND 23]
[92mINFO [0m:      configure_fit: strategy sampled 40 clients (out of 40)
[92mINFO [0m:      aggregate_fit: received 40 results and 0 failures
[92mINFO [0m:      configure_evaluate: no clients selected, skipping evaluation
[92mINFO [0m:      
[92mINFO [0m:      [ROUND 24]
[92mINFO [0m:      configure_fit: strategy sampled 40 clients (out of 40)
[92mINFO [0m:      aggregate_fit: received 40 results and 0 failures
[92mINFO [0m:      fit progress: (24, 2.469592131013028, {'accuracy': 0.1029, 'ece': 0.12777090934187177}, 380.99558887816966)
[92mINFO [0m:      configure_evaluate: no clients selected, skipping evaluation
[92mINFO [0m:      
[92mINFO [0m:      [ROUND 25]
[92mINFO [0m:      configure_fit: strategy sampled 40 clients (out of 40)
[92mINFO [0m:      aggregate_fit: received 40 results and 0 failures
[92mINFO [0m:      configure_evaluate: no clients selected, skipping evaluation
[92mINFO [0m:      
[92mINFO [0m:      [ROUND 26]
[92mINFO [0m:      configure_fit: strategy sampled 40 clients (out of 40)
[92mINFO [0m:      aggregate_fit: received 40 results and 0 failures
[92mINFO [0m:      fit progress: (26, 2.4452702359056415, {'accuracy': 0.1151, 'ece': 0.09810308697372677}, 412.44837388629094)
[92mINFO [0m:      configure_evaluate: no clients selected, skipping evaluation
[92mINFO [0m:      
[92mINFO [0m:      [ROUND 27]
[92mINFO [0m:      configure_fit: strategy sampled 40 clients (out of 40)
[92mINFO [0m:      aggregate_fit: received 40 results and 0 failures
[92mINFO [0m:      configure_evaluate: no clients selected, skipping evaluation
[92mINFO [0m:      
[92mINFO [0m:      [ROUND 28]
[92mINFO [0m:      configure_fit: strategy sampled 40 clients (out of 40)
[92mINFO [0m:      aggregate_fit: received 40 results and 0 failures
[92mINFO [0m:      fit progress: (28, 2.4369536520818875, {'accuracy': 0.1371, 'ece': 0.06810244795292615}, 444.345819008071)
[92mINFO [0m:      configure_evaluate: no clients selected, skipping evaluation
[92mINFO [0m:      
[92mINFO [0m:      [ROUND 29]
[92mINFO [0m:      configure_fit: strategy sampled 40 clients (out of 40)
[92mINFO [0m:      aggregate_fit: received 40 results and 0 failures
[92mINFO [0m:      configure_evaluate: no clients selected, skipping evaluation
[92mINFO [0m:      
[92mINFO [0m:      [ROUND 30]
[92mINFO [0m:      configure_fit: strategy sampled 40 clients (out of 40)
[92mINFO [0m:      aggregate_fit: received 40 results and 0 failures
[92mINFO [0m:      fit progress: (30, 2.44605444696333, {'accuracy': 0.1152, 'ece': 0.10970187843874098}, 474.3436338240281)
[92mINFO [0m:      configure_evaluate: no clients selected, skipping evaluation
[92mINFO [0m:      
[92mINFO [0m:      [ROUND 31]
[92mINFO [0m:      configure_fit: strategy sampled 40 clients (out of 40)
[92mINFO [0m:      aggregate_fit: received 40 results and 0 failures
[92mINFO [0m:      configure_evaluate: no clients selected, skipping evaluation
[92mINFO [0m:      
[92mINFO [0m:      [ROUND 32]
[92mINFO [0m:      configure_fit: strategy sampled 40 clients (out of 40)
[92mINFO [0m:      aggregate_fit: received 40 results and 0 failures
[92mINFO [0m:      fit progress: (32, 2.4184683401684737, {'accuracy': 0.1363, 'ece': 0.08538051802784206}, 504.87649481510743)
[92mINFO [0m:      configure_evaluate: no clients selected, skipping evaluation
[92mINFO [0m:      
[92mINFO [0m:      [ROUND 33]
[92mINFO [0m:      configure_fit: strategy sampled 40 clients (out of 40)
[92mINFO [0m:      aggregate_fit: received 40 results and 0 failures
[92mINFO [0m:      configure_evaluate: no clients selected, skipping evaluation
[92mINFO [0m:      
[92mINFO [0m:      [ROUND 34]
[92mINFO [0m:      configure_fit: strategy sampled 40 clients (out of 40)
[92mINFO [0m:      aggregate_fit: received 40 results and 0 failures
[92mINFO [0m:      fit progress: (34, 2.427870332971382, {'accuracy': 0.1442, 'ece': 0.0751261593388021}, 535.5372222340666)
[92mINFO [0m:      configure_evaluate: no clients selected, skipping evaluation
[92mINFO [0m:      
[92mINFO [0m:      [ROUND 35]
[92mINFO [0m:      configure_fit: strategy sampled 40 clients (out of 40)
[92mINFO [0m:      aggregate_fit: received 40 results and 0 failures
[92mINFO [0m:      configure_evaluate: no clients selected, skipping evaluation
[92mINFO [0m:      
[92mINFO [0m:      [ROUND 36]
[92mINFO [0m:      configure_fit: strategy sampled 40 clients (out of 40)
[92mINFO [0m:      aggregate_fit: received 40 results and 0 failures
[92mINFO [0m:      fit progress: (36, 2.4082993200204452, {'accuracy': 0.1798, 'ece': 0.03370617594212293}, 565.6535244570114)
[92mINFO [0m:      configure_evaluate: no clients selected, skipping evaluation
[92mINFO [0m:      
[92mINFO [0m:      [ROUND 37]
[92mINFO [0m:      configure_fit: strategy sampled 40 clients (out of 40)
[92mINFO [0m:      aggregate_fit: received 40 results and 0 failures
[92mINFO [0m:      configure_evaluate: no clients selected, skipping evaluation
[92mINFO [0m:      
[92mINFO [0m:      [ROUND 38]
[92mINFO [0m:      configure_fit: strategy sampled 40 clients (out of 40)
[92mINFO [0m:      aggregate_fit: received 40 results and 0 failures
[92mINFO [0m:      fit progress: (38, 2.3788052994705353, {'accuracy': 0.1864, 'ece': 0.044360374998748266}, 597.0399028961547)
[92mINFO [0m:      configure_evaluate: no clients selected, skipping evaluation
[92mINFO [0m:      
[92mINFO [0m:      [ROUND 39]
[92mINFO [0m:      configure_fit: strategy sampled 40 clients (out of 40)
[92mINFO [0m:      aggregate_fit: received 40 results and 0 failures
[92mINFO [0m:      configure_evaluate: no clients selected, skipping evaluation
[92mINFO [0m:      
[92mINFO [0m:      [ROUND 40]
[92mINFO [0m:      configure_fit: strategy sampled 40 clients (out of 40)
[92mINFO [0m:      aggregate_fit: received 40 results and 0 failures
[92mINFO [0m:      fit progress: (40, 2.3896217578250587, {'accuracy': 0.1722, 'ece': 0.06101272211834787}, 627.4454824132845)
[92mINFO [0m:      configure_evaluate: no clients selected, skipping evaluation
[92mINFO [0m:      
[92mINFO [0m:      [ROUND 41]
[92mINFO [0m:      configure_fit: strategy sampled 40 clients (out of 40)
[92mINFO [0m:      aggregate_fit: received 40 results and 0 failures
[92mINFO [0m:      configure_evaluate: no clients selected, skipping evaluation
[92mINFO [0m:      
[92mINFO [0m:      [ROUND 42]
[92mINFO [0m:      configure_fit: strategy sampled 40 clients (out of 40)
[92mINFO [0m:      aggregate_fit: received 40 results and 0 failures
[92mINFO [0m:      fit progress: (42, 2.3636422420106262, {'accuracy': 0.1751, 'ece': 0.0583369509229064}, 658.6908801132813)
[92mINFO [0m:      configure_evaluate: no clients selected, skipping evaluation
[92mINFO [0m:      
[92mINFO [0m:      [ROUND 43]
[92mINFO [0m:      configure_fit: strategy sampled 40 clients (out of 40)
[92mINFO [0m:      aggregate_fit: received 40 results and 0 failures
[92mINFO [0m:      configure_evaluate: no clients selected, skipping evaluation
[92mINFO [0m:      
[92mINFO [0m:      [ROUND 44]
[92mINFO [0m:      configure_fit: strategy sampled 40 clients (out of 40)
[92mINFO [0m:      aggregate_fit: received 40 results and 0 failures
[92mINFO [0m:      fit progress: (44, 2.368363239669933, {'accuracy': 0.1807, 'ece': 0.04872213030144572}, 690.5675125420094)
[92mINFO [0m:      configure_evaluate: no clients selected, skipping evaluation
[92mINFO [0m:      
[92mINFO [0m:      [ROUND 45]
[92mINFO [0m:      configure_fit: strategy sampled 40 clients (out of 40)
[92mINFO [0m:      aggregate_fit: received 40 results and 0 failures
[92mINFO [0m:      configure_evaluate: no clients selected, skipping evaluation
[92mINFO [0m:      
[92mINFO [0m:      [ROUND 46]
[92mINFO [0m:      configure_fit: strategy sampled 40 clients (out of 40)
[92mINFO [0m:      aggregate_fit: received 40 results and 0 failures
[92mINFO [0m:      fit progress: (46, 2.342271252034516, {'accuracy': 0.1841, 'ece': 0.046141138948053106}, 721.3046730300412)
[92mINFO [0m:      configure_evaluate: no clients selected, skipping evaluation
[92mINFO [0m:      
[92mINFO [0m:      [ROUND 47]
[92mINFO [0m:      configure_fit: strategy sampled 40 clients (out of 40)
[92mINFO [0m:      aggregate_fit: received 40 results and 0 failures
[92mINFO [0m:      configure_evaluate: no clients selected, skipping evaluation
[92mINFO [0m:      
[92mINFO [0m:      [ROUND 48]
[92mINFO [0m:      configure_fit: strategy sampled 40 clients (out of 40)
[92mINFO [0m:      aggregate_fit: received 40 results and 0 failures
[92mINFO [0m:      fit progress: (48, 2.3403546501012684, {'accuracy': 0.1798, 'ece': 0.05046613138258457}, 752.6955105089583)
[92mINFO [0m:      configure_evaluate: no clients selected, skipping evaluation
[92mINFO [0m:      
[92mINFO [0m:      [ROUND 49]
[92mINFO [0m:      configure_fit: strategy sampled 40 clients (out of 40)
[92mINFO [0m:      aggregate_fit: received 40 results and 0 failures
[92mINFO [0m:      configure_evaluate: no clients selected, skipping evaluation
[92mINFO [0m:      
[92mINFO [0m:      [ROUND 50]
[92mINFO [0m:      configure_fit: strategy sampled 40 clients (out of 40)
[92mINFO [0m:      aggregate_fit: received 40 results and 0 failures
[92mINFO [0m:      fit progress: (50, 2.320096362167655, {'accuracy': 0.1847, 'ece': 0.047412934664487816}, 785.2309804121032)
[92mINFO [0m:      configure_evaluate: no clients selected, skipping evaluation
[92mINFO [0m:      
[92mINFO [0m:      [ROUND 51]
[92mINFO [0m:      configure_fit: strategy sampled 40 clients (out of 40)
[92mINFO [0m:      aggregate_fit: received 40 results and 0 failures
[92mINFO [0m:      configure_evaluate: no clients selected, skipping evaluation
[92mINFO [0m:      
[92mINFO [0m:      [ROUND 52]
[92mINFO [0m:      configure_fit: strategy sampled 40 clients (out of 40)
[92mINFO [0m:      aggregate_fit: received 40 results and 0 failures
[92mINFO [0m:      fit progress: (52, 2.3206625438968747, {'accuracy': 0.1836, 'ece': 0.04985658271282914}, 816.990783429239)
[92mINFO [0m:      configure_evaluate: no clients selected, skipping evaluation
[92mINFO [0m:      
[92mINFO [0m:      [ROUND 53]
[92mINFO [0m:      configure_fit: strategy sampled 40 clients (out of 40)
[92mINFO [0m:      aggregate_fit: received 40 results and 0 failures
[92mINFO [0m:      configure_evaluate: no clients selected, skipping evaluation
[92mINFO [0m:      
[92mINFO [0m:      [ROUND 54]
[92mINFO [0m:      configure_fit: strategy sampled 40 clients (out of 40)
[92mINFO [0m:      aggregate_fit: received 40 results and 0 failures
[92mINFO [0m:      fit progress: (54, 2.304938214653354, {'accuracy': 0.1869, 'ece': 0.04916671172529458}, 848.9426340442151)
[92mINFO [0m:      configure_evaluate: no clients selected, skipping evaluation
[92mINFO [0m:      
[92mINFO [0m:      [ROUND 55]
[92mINFO [0m:      configure_fit: strategy sampled 40 clients (out of 40)
[92mINFO [0m:      aggregate_fit: received 40 results and 0 failures
[92mINFO [0m:      configure_evaluate: no clients selected, skipping evaluation
[92mINFO [0m:      
[92mINFO [0m:      [ROUND 56]
[92mINFO [0m:      configure_fit: strategy sampled 40 clients (out of 40)
[92mINFO [0m:      aggregate_fit: received 40 results and 0 failures
[92mINFO [0m:      fit progress: (56, 2.295565601111373, {'accuracy': 0.1849, 'ece': 0.04741050738558174}, 881.1316655501723)
[92mINFO [0m:      configure_evaluate: no clients selected, skipping evaluation
[92mINFO [0m:      
[92mINFO [0m:      [ROUND 57]
[92mINFO [0m:      configure_fit: strategy sampled 40 clients (out of 40)
[92mINFO [0m:      aggregate_fit: received 40 results and 0 failures
[92mINFO [0m:      configure_evaluate: no clients selected, skipping evaluation
[92mINFO [0m:      
[92mINFO [0m:      [ROUND 58]
[92mINFO [0m:      configure_fit: strategy sampled 40 clients (out of 40)
[92mINFO [0m:      aggregate_fit: received 40 results and 0 failures
[92mINFO [0m:      fit progress: (58, 2.309417259695372, {'accuracy': 0.1871, 'ece': 0.059939099353998875}, 912.5944146029651)
[92mINFO [0m:      configure_evaluate: no clients selected, skipping evaluation
[92mINFO [0m:      
[92mINFO [0m:      [ROUND 59]
[92mINFO [0m:      configure_fit: strategy sampled 40 clients (out of 40)
[92mINFO [0m:      aggregate_fit: received 40 results and 0 failures
[92mINFO [0m:      configure_evaluate: no clients selected, skipping evaluation
[92mINFO [0m:      
[92mINFO [0m:      [ROUND 60]
[92mINFO [0m:      configure_fit: strategy sampled 40 clients (out of 40)
[92mINFO [0m:      aggregate_fit: received 40 results and 0 failures
[92mINFO [0m:      fit progress: (60, 2.285096418972601, {'accuracy': 0.1874, 'ece': 0.04746489811316131}, 943.53643974429)
[92mINFO [0m:      configure_evaluate: no clients selected, skipping evaluation
[92mINFO [0m:      
[92mINFO [0m:      [ROUND 61]
[92mINFO [0m:      configure_fit: strategy sampled 40 clients (out of 40)
[92mINFO [0m:      aggregate_fit: received 40 results and 0 failures
[92mINFO [0m:      configure_evaluate: no clients selected, skipping evaluation
[92mINFO [0m:      
[92mINFO [0m:      [ROUND 62]
[92mINFO [0m:      configure_fit: strategy sampled 40 clients (out of 40)
[92mINFO [0m:      aggregate_fit: received 40 results and 0 failures
[92mINFO [0m:      fit progress: (62, 2.303050769808646, {'accuracy': 0.1875, 'ece': 0.06911570834226909}, 974.848428839352)
[92mINFO [0m:      configure_evaluate: no clients selected, skipping evaluation
[92mINFO [0m:      
[92mINFO [0m:      [ROUND 63]
[92mINFO [0m:      configure_fit: strategy sampled 40 clients (out of 40)
[92mINFO [0m:      aggregate_fit: received 40 results and 0 failures
[92mINFO [0m:      configure_evaluate: no clients selected, skipping evaluation
[92mINFO [0m:      
[92mINFO [0m:      [ROUND 64]
[92mINFO [0m:      configure_fit: strategy sampled 40 clients (out of 40)
[92mINFO [0m:      aggregate_fit: received 40 results and 0 failures
[92mINFO [0m:      fit progress: (64, 2.279575980437194, {'accuracy': 0.1859, 'ece': 0.06254282277651131}, 1006.3134910003282)
[92mINFO [0m:      configure_evaluate: no clients selected, skipping evaluation
[92mINFO [0m:      
[92mINFO [0m:      [ROUND 65]
[92mINFO [0m:      configure_fit: strategy sampled 40 clients (out of 40)
[92mINFO [0m:      aggregate_fit: received 40 results and 0 failures
[92mINFO [0m:      configure_evaluate: no clients selected, skipping evaluation
[92mINFO [0m:      
[92mINFO [0m:      [ROUND 66]
[92mINFO [0m:      configure_fit: strategy sampled 40 clients (out of 40)
[92mINFO [0m:      aggregate_fit: received 40 results and 0 failures
[92mINFO [0m:      fit progress: (66, 2.277735845683575, {'accuracy': 0.1823, 'ece': 0.0760743637871742}, 1038.7134488103911)
[92mINFO [0m:      configure_evaluate: no clients selected, skipping evaluation
[92mINFO [0m:      
[92mINFO [0m:      [ROUND 67]
[92mINFO [0m:      configure_fit: strategy sampled 40 clients (out of 40)
[92mINFO [0m:      aggregate_fit: received 40 results and 0 failures
[92mINFO [0m:      configure_evaluate: no clients selected, skipping evaluation
[92mINFO [0m:      
[92mINFO [0m:      [ROUND 68]
[92mINFO [0m:      configure_fit: strategy sampled 40 clients (out of 40)
[92mINFO [0m:      aggregate_fit: received 40 results and 0 failures
[92mINFO [0m:      fit progress: (68, 2.2793463053665652, {'accuracy': 0.1853, 'ece': 0.052387468766942606}, 1071.518490051385)
[92mINFO [0m:      configure_evaluate: no clients selected, skipping evaluation
[92mINFO [0m:      
[92mINFO [0m:      [ROUND 69]
[92mINFO [0m:      configure_fit: strategy sampled 40 clients (out of 40)
[92mINFO [0m:      aggregate_fit: received 40 results and 0 failures
[92mINFO [0m:      configure_evaluate: no clients selected, skipping evaluation
[92mINFO [0m:      
[92mINFO [0m:      [ROUND 70]
[92mINFO [0m:      configure_fit: strategy sampled 40 clients (out of 40)
[92mINFO [0m:      aggregate_fit: received 40 results and 0 failures
[92mINFO [0m:      fit progress: (70, 2.2890911844886017, {'accuracy': 0.1809, 'ece': 0.08980387167051436}, 1104.448486009147)
[92mINFO [0m:      configure_evaluate: no clients selected, skipping evaluation
[92mINFO [0m:      
[92mINFO [0m:      [ROUND 71]
[92mINFO [0m:      configure_fit: strategy sampled 40 clients (out of 40)
[92mINFO [0m:      aggregate_fit: received 40 results and 0 failures
[92mINFO [0m:      configure_evaluate: no clients selected, skipping evaluation
[92mINFO [0m:      
[92mINFO [0m:      [ROUND 72]
[92mINFO [0m:      configure_fit: strategy sampled 40 clients (out of 40)
[92mINFO [0m:      aggregate_fit: received 40 results and 0 failures
[92mINFO [0m:      fit progress: (72, 2.3069419668931146, {'accuracy': 0.1743, 'ece': 0.06851761785387991}, 1136.4917585281655)
[92mINFO [0m:      configure_evaluate: no clients selected, skipping evaluation
[92mINFO [0m:      
[92mINFO [0m:      [ROUND 73]
[92mINFO [0m:      configure_fit: strategy sampled 40 clients (out of 40)
[92mINFO [0m:      aggregate_fit: received 40 results and 0 failures
[92mINFO [0m:      configure_evaluate: no clients selected, skipping evaluation
[92mINFO [0m:      
[92mINFO [0m:      [ROUND 74]
[92mINFO [0m:      configure_fit: strategy sampled 40 clients (out of 40)
[92mINFO [0m:      aggregate_fit: received 40 results and 0 failures
[92mINFO [0m:      fit progress: (74, 2.3144660630673264, {'accuracy': 0.1628, 'ece': 0.13449598852053285}, 1168.9126222589985)
[92mINFO [0m:      configure_evaluate: no clients selected, skipping evaluation
[92mINFO [0m:      
[92mINFO [0m:      [ROUND 75]
[92mINFO [0m:      configure_fit: strategy sampled 40 clients (out of 40)
[92mINFO [0m:      aggregate_fit: received 40 results and 0 failures
[92mINFO [0m:      configure_evaluate: no clients selected, skipping evaluation
[92mINFO [0m:      
[92mINFO [0m:      [ROUND 76]
[92mINFO [0m:      configure_fit: strategy sampled 40 clients (out of 40)
[92mINFO [0m:      aggregate_fit: received 40 results and 0 failures
[92mINFO [0m:      fit progress: (76, 2.321930044401834, {'accuracy': 0.1685, 'ece': 0.0763021243195981}, 1202.482450201176)
[92mINFO [0m:      configure_evaluate: no clients selected, skipping evaluation
[92mINFO [0m:      
[92mINFO [0m:      [ROUND 77]
[92mINFO [0m:      configure_fit: strategy sampled 40 clients (out of 40)
[92mINFO [0m:      aggregate_fit: received 40 results and 0 failures
[92mINFO [0m:      configure_evaluate: no clients selected, skipping evaluation
[92mINFO [0m:      
[92mINFO [0m:      [ROUND 78]
[92mINFO [0m:      configure_fit: strategy sampled 40 clients (out of 40)
[92mINFO [0m:      aggregate_fit: received 40 results and 0 failures
[92mINFO [0m:      fit progress: (78, 2.317848175222157, {'accuracy': 0.1621, 'ece': 0.13601381829105313}, 1234.5446296310984)
[92mINFO [0m:      configure_evaluate: no clients selected, skipping evaluation
[92mINFO [0m:      
[92mINFO [0m:      [ROUND 79]
[92mINFO [0m:      configure_fit: strategy sampled 40 clients (out of 40)
[92mINFO [0m:      aggregate_fit: received 40 results and 0 failures
[92mINFO [0m:      configure_evaluate: no clients selected, skipping evaluation
[92mINFO [0m:      
[92mINFO [0m:      [ROUND 80]
[92mINFO [0m:      configure_fit: strategy sampled 40 clients (out of 40)
[92mINFO [0m:      aggregate_fit: received 40 results and 0 failures
[92mINFO [0m:      fit progress: (80, 2.3173383180996194, {'accuracy': 0.1626, 'ece': 0.07996336316481231}, 1267.9026469332166)
[92mINFO [0m:      configure_evaluate: no clients selected, skipping evaluation
[92mINFO [0m:      
[92mINFO [0m:      [ROUND 81]
[92mINFO [0m:      configure_fit: strategy sampled 40 clients (out of 40)
[92mINFO [0m:      aggregate_fit: received 40 results and 0 failures
[92mINFO [0m:      configure_evaluate: no clients selected, skipping evaluation
[92mINFO [0m:      
[92mINFO [0m:      [ROUND 82]
[92mINFO [0m:      configure_fit: strategy sampled 40 clients (out of 40)
[92mINFO [0m:      aggregate_fit: received 40 results and 0 failures
[92mINFO [0m:      fit progress: (82, 2.2781680421601505, {'accuracy': 0.1879, 'ece': 0.09671491191953421}, 1300.6820210600272)
[92mINFO [0m:      configure_evaluate: no clients selected, skipping evaluation
[92mINFO [0m:      
[92mINFO [0m:      [ROUND 83]
[92mINFO [0m:      configure_fit: strategy sampled 40 clients (out of 40)
[92mINFO [0m:      aggregate_fit: received 40 results and 0 failures
[92mINFO [0m:      configure_evaluate: no clients selected, skipping evaluation
[92mINFO [0m:      
[92mINFO [0m:      [ROUND 84]
[92mINFO [0m:      configure_fit: strategy sampled 40 clients (out of 40)
[92mINFO [0m:      aggregate_fit: received 40 results and 0 failures
[92mINFO [0m:      fit progress: (84, 2.2713914029319158, {'accuracy': 0.1872, 'ece': 0.07070851861014962}, 1332.6866028532386)
[92mINFO [0m:      configure_evaluate: no clients selected, skipping evaluation
[92mINFO [0m:      
[92mINFO [0m:      [ROUND 85]
[92mINFO [0m:      configure_fit: strategy sampled 40 clients (out of 40)
[92mINFO [0m:      aggregate_fit: received 40 results and 0 failures
[92mINFO [0m:      configure_evaluate: no clients selected, skipping evaluation
[92mINFO [0m:      
[92mINFO [0m:      [ROUND 86]
[92mINFO [0m:      configure_fit: strategy sampled 40 clients (out of 40)
[92mINFO [0m:      aggregate_fit: received 40 results and 0 failures
[92mINFO [0m:      fit progress: (86, 2.2605798948678566, {'accuracy': 0.1872, 'ece': 0.08593415981955825}, 1364.93493813416)
[92mINFO [0m:      configure_evaluate: no clients selected, skipping evaluation
[92mINFO [0m:      
[92mINFO [0m:      [ROUND 87]
[92mINFO [0m:      configure_fit: strategy sampled 40 clients (out of 40)
[92mINFO [0m:      aggregate_fit: received 40 results and 0 failures
[92mINFO [0m:      configure_evaluate: no clients selected, skipping evaluation
[92mINFO [0m:      
[92mINFO [0m:      [ROUND 88]
[92mINFO [0m:      configure_fit: strategy sampled 40 clients (out of 40)
[92mINFO [0m:      aggregate_fit: received 40 results and 0 failures
[92mINFO [0m:      fit progress: (88, 2.2715667793462933, {'accuracy': 0.191, 'ece': 0.06379382739141583}, 1396.8097504670732)
[92mINFO [0m:      configure_evaluate: no clients selected, skipping evaluation
[92mINFO [0m:      
[92mINFO [0m:      [ROUND 89]
[92mINFO [0m:      configure_fit: strategy sampled 40 clients (out of 40)
[92mINFO [0m:      aggregate_fit: received 40 results and 0 failures
[92mINFO [0m:      configure_evaluate: no clients selected, skipping evaluation
[92mINFO [0m:      
[92mINFO [0m:      [ROUND 90]
[92mINFO [0m:      configure_fit: strategy sampled 40 clients (out of 40)
[92mINFO [0m:      aggregate_fit: received 40 results and 0 failures
[92mINFO [0m:      fit progress: (90, 2.2847026668767563, {'accuracy': 0.1906, 'ece': 0.10155912602990864}, 1429.1494817421772)
[92mINFO [0m:      configure_evaluate: no clients selected, skipping evaluation
[92mINFO [0m:      
[92mINFO [0m:      [ROUND 91]
[92mINFO [0m:      configure_fit: strategy sampled 40 clients (out of 40)
[92mINFO [0m:      aggregate_fit: received 40 results and 0 failures
[92mINFO [0m:      configure_evaluate: no clients selected, skipping evaluation
[92mINFO [0m:      
[92mINFO [0m:      [ROUND 92]
[92mINFO [0m:      configure_fit: strategy sampled 40 clients (out of 40)
[92mINFO [0m:      aggregate_fit: received 40 results and 0 failures
[92mINFO [0m:      fit progress: (92, 2.2725768188582895, {'accuracy': 0.1854, 'ece': 0.0865761587536335}, 1461.0385816320777)
[92mINFO [0m:      configure_evaluate: no clients selected, skipping evaluation
[92mINFO [0m:      
[92mINFO [0m:      [ROUND 93]
[92mINFO [0m:      configure_fit: strategy sampled 40 clients (out of 40)
[92mINFO [0m:      aggregate_fit: received 40 results and 0 failures
[92mINFO [0m:      configure_evaluate: no clients selected, skipping evaluation
[92mINFO [0m:      
[92mINFO [0m:      [ROUND 94]
[92mINFO [0m:      configure_fit: strategy sampled 40 clients (out of 40)
[92mINFO [0m:      aggregate_fit: received 40 results and 0 failures
[92mINFO [0m:      fit progress: (94, 2.275501973896567, {'accuracy': 0.1794, 'ece': 0.11355684864968062}, 1492.7526878761128)
[92mINFO [0m:      configure_evaluate: no clients selected, skipping evaluation
[92mINFO [0m:      
[92mINFO [0m:      [ROUND 95]
[92mINFO [0m:      configure_fit: strategy sampled 40 clients (out of 40)
[92mINFO [0m:      aggregate_fit: received 40 results and 0 failures
[92mINFO [0m:      configure_evaluate: no clients selected, skipping evaluation
[92mINFO [0m:      
[92mINFO [0m:      [ROUND 96]
[92mINFO [0m:      configure_fit: strategy sampled 40 clients (out of 40)
[92mINFO [0m:      aggregate_fit: received 40 results and 0 failures
[92mINFO [0m:      fit progress: (96, 2.255057839618367, {'accuracy': 0.1892, 'ece': 0.07004475511342284}, 1524.720572380349)
[92mINFO [0m:      configure_evaluate: no clients selected, skipping evaluation
[92mINFO [0m:      
[92mINFO [0m:      [ROUND 97]
[92mINFO [0m:      configure_fit: strategy sampled 40 clients (out of 40)
[92mINFO [0m:      aggregate_fit: received 40 results and 0 failures
[92mINFO [0m:      configure_evaluate: no clients selected, skipping evaluation
[92mINFO [0m:      
[92mINFO [0m:      [ROUND 98]
[92mINFO [0m:      configure_fit: strategy sampled 40 clients (out of 40)
[92mINFO [0m:      aggregate_fit: received 40 results and 0 failures
[92mINFO [0m:      fit progress: (98, 2.2601955616685743, {'accuracy': 0.1894, 'ece': 0.09258834938123824}, 1555.2349140192382)
[92mINFO [0m:      configure_evaluate: no clients selected, skipping evaluation
[92mINFO [0m:      
[92mINFO [0m:      [ROUND 99]
[92mINFO [0m:      configure_fit: strategy sampled 40 clients (out of 40)
[92mINFO [0m:      aggregate_fit: received 40 results and 0 failures
[92mINFO [0m:      configure_evaluate: no clients selected, skipping evaluation
[92mINFO [0m:      
[92mINFO [0m:      [ROUND 100]
[92mINFO [0m:      configure_fit: strategy sampled 40 clients (out of 40)
[92mINFO [0m:      aggregate_fit: received 40 results and 0 failures
[92mINFO [0m:      fit progress: (100, 2.234732298379069, {'accuracy': 0.1857, 'ece': 0.0783852361252904}, 1585.170468204189)
[92mINFO [0m:      configure_evaluate: no clients selected, skipping evaluation
[92mINFO [0m:      
[92mINFO [0m:      [ROUND 101]
[92mINFO [0m:      configure_fit: strategy sampled 40 clients (out of 40)
[92mINFO [0m:      aggregate_fit: received 40 results and 0 failures
[92mINFO [0m:      configure_evaluate: no clients selected, skipping evaluation
[92mINFO [0m:      
[92mINFO [0m:      [ROUND 102]
[92mINFO [0m:      configure_fit: strategy sampled 40 clients (out of 40)
[92mINFO [0m:      aggregate_fit: received 40 results and 0 failures
[92mINFO [0m:      fit progress: (102, 2.253727788517951, {'accuracy': 0.1873, 'ece': 0.10255299986779688}, 1615.7268009553663)
[92mINFO [0m:      configure_evaluate: no clients selected, skipping evaluation
[92mINFO [0m:      
[92mINFO [0m:      [ROUND 103]
[92mINFO [0m:      configure_fit: strategy sampled 40 clients (out of 40)
[92mINFO [0m:      aggregate_fit: received 40 results and 0 failures
[92mINFO [0m:      configure_evaluate: no clients selected, skipping evaluation
[92mINFO [0m:      
[92mINFO [0m:      [ROUND 104]
[92mINFO [0m:      configure_fit: strategy sampled 40 clients (out of 40)
[92mINFO [0m:      aggregate_fit: received 40 results and 0 failures
[92mINFO [0m:      fit progress: (104, 2.2590292867184076, {'accuracy': 0.1789, 'ece': 0.07939310129195454}, 1646.4145790450275)
[92mINFO [0m:      configure_evaluate: no clients selected, skipping evaluation
[92mINFO [0m:      
[92mINFO [0m:      [ROUND 105]
[92mINFO [0m:      configure_fit: strategy sampled 40 clients (out of 40)
[92mINFO [0m:      aggregate_fit: received 40 results and 0 failures
[92mINFO [0m:      configure_evaluate: no clients selected, skipping evaluation
[92mINFO [0m:      
[92mINFO [0m:      [ROUND 106]
[92mINFO [0m:      configure_fit: strategy sampled 40 clients (out of 40)
[92mINFO [0m:      aggregate_fit: received 40 results and 0 failures
[92mINFO [0m:      fit progress: (106, 2.2742093117888063, {'accuracy': 0.1869, 'ece': 0.13108003248214722}, 1675.9279412529431)
[92mINFO [0m:      configure_evaluate: no clients selected, skipping evaluation
[92mINFO [0m:      
[92mINFO [0m:      [ROUND 107]
[92mINFO [0m:      configure_fit: strategy sampled 40 clients (out of 40)
[92mINFO [0m:      aggregate_fit: received 40 results and 0 failures
[92mINFO [0m:      configure_evaluate: no clients selected, skipping evaluation
[92mINFO [0m:      
[92mINFO [0m:      [ROUND 108]
[92mINFO [0m:      configure_fit: strategy sampled 40 clients (out of 40)
[92mINFO [0m:      aggregate_fit: received 40 results and 0 failures
[92mINFO [0m:      fit progress: (108, 2.261181065958094, {'accuracy': 0.1855, 'ece': 0.079666979309693}, 1705.8926433473825)
[92mINFO [0m:      configure_evaluate: no clients selected, skipping evaluation
[92mINFO [0m:      
[92mINFO [0m:      [ROUND 109]
[92mINFO [0m:      configure_fit: strategy sampled 40 clients (out of 40)
[92mINFO [0m:      aggregate_fit: received 40 results and 0 failures
[92mINFO [0m:      configure_evaluate: no clients selected, skipping evaluation
[92mINFO [0m:      
[92mINFO [0m:      [ROUND 110]
[92mINFO [0m:      configure_fit: strategy sampled 40 clients (out of 40)
[92mINFO [0m:      aggregate_fit: received 40 results and 0 failures
[92mINFO [0m:      fit progress: (110, 2.2576524918216947, {'accuracy': 0.1928, 'ece': 0.1147096068368852}, 1735.5171291842125)
[92mINFO [0m:      configure_evaluate: no clients selected, skipping evaluation
[92mINFO [0m:      
[92mINFO [0m:      [ROUND 111]
[92mINFO [0m:      configure_fit: strategy sampled 40 clients (out of 40)
[92mINFO [0m:      aggregate_fit: received 40 results and 0 failures
[92mINFO [0m:      configure_evaluate: no clients selected, skipping evaluation
[92mINFO [0m:      
[92mINFO [0m:      [ROUND 112]
[92mINFO [0m:      configure_fit: strategy sampled 40 clients (out of 40)
[92mINFO [0m:      aggregate_fit: received 40 results and 0 failures
[92mINFO [0m:      fit progress: (112, 2.270310567309923, {'accuracy': 0.1866, 'ece': 0.07826163485333323}, 1765.5564960711636)
[92mINFO [0m:      configure_evaluate: no clients selected, skipping evaluation
[92mINFO [0m:      
[92mINFO [0m:      [ROUND 113]
[92mINFO [0m:      configure_fit: strategy sampled 40 clients (out of 40)
[92mINFO [0m:      aggregate_fit: received 40 results and 0 failures
[92mINFO [0m:      configure_evaluate: no clients selected, skipping evaluation
[92mINFO [0m:      
[92mINFO [0m:      [ROUND 114]
[92mINFO [0m:      configure_fit: strategy sampled 40 clients (out of 40)
[92mINFO [0m:      aggregate_fit: received 40 results and 0 failures
[92mINFO [0m:      fit progress: (114, 2.2508112556208175, {'accuracy': 0.1935, 'ece': 0.1012655288514495}, 1795.2047758712433)
[92mINFO [0m:      configure_evaluate: no clients selected, skipping evaluation
[92mINFO [0m:      
[92mINFO [0m:      [ROUND 115]
[92mINFO [0m:      configure_fit: strategy sampled 40 clients (out of 40)
[92mINFO [0m:      aggregate_fit: received 40 results and 0 failures
[92mINFO [0m:      configure_evaluate: no clients selected, skipping evaluation
[92mINFO [0m:      
[92mINFO [0m:      [ROUND 116]
[92mINFO [0m:      configure_fit: strategy sampled 40 clients (out of 40)
[92mINFO [0m:      aggregate_fit: received 40 results and 0 failures
[92mINFO [0m:      fit progress: (116, 2.2803327672021965, {'accuracy': 0.1728, 'ece': 0.11017605886429552}, 1825.1226095440798)
[92mINFO [0m:      configure_evaluate: no clients selected, skipping evaluation
[92mINFO [0m:      
[92mINFO [0m:      [ROUND 117]
[92mINFO [0m:      configure_fit: strategy sampled 40 clients (out of 40)
[92mINFO [0m:      aggregate_fit: received 40 results and 0 failures
[92mINFO [0m:      configure_evaluate: no clients selected, skipping evaluation
[92mINFO [0m:      
[92mINFO [0m:      [ROUND 118]
[92mINFO [0m:      configure_fit: strategy sampled 40 clients (out of 40)
[92mINFO [0m:      aggregate_fit: received 40 results and 0 failures
[92mINFO [0m:      fit progress: (118, 2.2738940884248766, {'accuracy': 0.1853, 'ece': 0.12832243459329007}, 1854.816479833331)
[92mINFO [0m:      configure_evaluate: no clients selected, skipping evaluation
[92mINFO [0m:      
[92mINFO [0m:      [ROUND 119]
[92mINFO [0m:      configure_fit: strategy sampled 40 clients (out of 40)
[92mINFO [0m:      aggregate_fit: received 40 results and 0 failures
[92mINFO [0m:      configure_evaluate: no clients selected, skipping evaluation
[92mINFO [0m:      
[92mINFO [0m:      [ROUND 120]
[92mINFO [0m:      configure_fit: strategy sampled 40 clients (out of 40)
[92mINFO [0m:      aggregate_fit: received 40 results and 0 failures
[92mINFO [0m:      fit progress: (120, 2.274246609155371, {'accuracy': 0.1734, 'ece': 0.10371181984573605}, 1884.3775807423517)
[92mINFO [0m:      configure_evaluate: no clients selected, skipping evaluation
[92mINFO [0m:      
[92mINFO [0m:      [ROUND 121]
[92mINFO [0m:      configure_fit: strategy sampled 40 clients (out of 40)
[92mINFO [0m:      aggregate_fit: received 40 results and 0 failures
[92mINFO [0m:      configure_evaluate: no clients selected, skipping evaluation
[92mINFO [0m:      
[92mINFO [0m:      [ROUND 122]
[92mINFO [0m:      configure_fit: strategy sampled 40 clients (out of 40)
[92mINFO [0m:      aggregate_fit: received 40 results and 0 failures
[92mINFO [0m:      fit progress: (122, 2.250315008918431, {'accuracy': 0.1946, 'ece': 0.11811772302135827}, 1913.71045559505)
[92mINFO [0m:      configure_evaluate: no clients selected, skipping evaluation
[92mINFO [0m:      
[92mINFO [0m:      [ROUND 123]
[92mINFO [0m:      configure_fit: strategy sampled 40 clients (out of 40)
[92mINFO [0m:      aggregate_fit: received 40 results and 0 failures
[92mINFO [0m:      configure_evaluate: no clients selected, skipping evaluation
[92mINFO [0m:      
[92mINFO [0m:      [ROUND 124]
[92mINFO [0m:      configure_fit: strategy sampled 40 clients (out of 40)
[92mINFO [0m:      aggregate_fit: received 40 results and 0 failures
[92mINFO [0m:      fit progress: (124, 2.2588563019243013, {'accuracy': 0.1905, 'ece': 0.07868593163892629}, 1943.8855473143049)
[92mINFO [0m:      configure_evaluate: no clients selected, skipping evaluation
[92mINFO [0m:      
[92mINFO [0m:      [ROUND 125]
[92mINFO [0m:      configure_fit: strategy sampled 40 clients (out of 40)
[92mINFO [0m:      aggregate_fit: received 40 results and 0 failures
[92mINFO [0m:      configure_evaluate: no clients selected, skipping evaluation
[92mINFO [0m:      
[92mINFO [0m:      [ROUND 126]
[92mINFO [0m:      configure_fit: strategy sampled 40 clients (out of 40)
[92mINFO [0m:      aggregate_fit: received 40 results and 0 failures
[92mINFO [0m:      fit progress: (126, 2.2384608661326744, {'accuracy': 0.1937, 'ece': 0.09973402019605038}, 1974.2035176730715)
[92mINFO [0m:      configure_evaluate: no clients selected, skipping evaluation
[92mINFO [0m:      
[92mINFO [0m:      [ROUND 127]
[92mINFO [0m:      configure_fit: strategy sampled 40 clients (out of 40)
[92mINFO [0m:      aggregate_fit: received 40 results and 0 failures
[92mINFO [0m:      configure_evaluate: no clients selected, skipping evaluation
[92mINFO [0m:      
[92mINFO [0m:      [ROUND 128]
[92mINFO [0m:      configure_fit: strategy sampled 40 clients (out of 40)
[92mINFO [0m:      aggregate_fit: received 40 results and 0 failures
[92mINFO [0m:      fit progress: (128, 2.2444786637036023, {'accuracy': 0.1873, 'ece': 0.0813757769961655}, 2004.5456417100504)
[92mINFO [0m:      configure_evaluate: no clients selected, skipping evaluation
[92mINFO [0m:      
[92mINFO [0m:      [ROUND 129]
[92mINFO [0m:      configure_fit: strategy sampled 40 clients (out of 40)
[92mINFO [0m:      aggregate_fit: received 40 results and 0 failures
[92mINFO [0m:      configure_evaluate: no clients selected, skipping evaluation
[92mINFO [0m:      
[92mINFO [0m:      [ROUND 130]
[92mINFO [0m:      configure_fit: strategy sampled 40 clients (out of 40)
[92mINFO [0m:      aggregate_fit: received 40 results and 0 failures
[92mINFO [0m:      fit progress: (130, 2.236692288593218, {'accuracy': 0.1931, 'ece': 0.09777815683918073}, 2034.731719400268)
[92mINFO [0m:      configure_evaluate: no clients selected, skipping evaluation
[92mINFO [0m:      
[92mINFO [0m:      [ROUND 131]
[92mINFO [0m:      configure_fit: strategy sampled 40 clients (out of 40)
[92mINFO [0m:      aggregate_fit: received 40 results and 0 failures
[92mINFO [0m:      configure_evaluate: no clients selected, skipping evaluation
[92mINFO [0m:      
[92mINFO [0m:      [ROUND 132]
[92mINFO [0m:      configure_fit: strategy sampled 40 clients (out of 40)
[92mINFO [0m:      aggregate_fit: received 40 results and 0 failures
[92mINFO [0m:      fit progress: (132, 2.235313021438462, {'accuracy': 0.1902, 'ece': 0.09049607013754549}, 2065.736465966329)
[92mINFO [0m:      configure_evaluate: no clients selected, skipping evaluation
[92mINFO [0m:      
[92mINFO [0m:      [ROUND 133]
[92mINFO [0m:      configure_fit: strategy sampled 40 clients (out of 40)
[92mINFO [0m:      aggregate_fit: received 40 results and 0 failures
[92mINFO [0m:      configure_evaluate: no clients selected, skipping evaluation
[92mINFO [0m:      
[92mINFO [0m:      [ROUND 134]
[92mINFO [0m:      configure_fit: strategy sampled 40 clients (out of 40)
[92mINFO [0m:      aggregate_fit: received 40 results and 0 failures
[92mINFO [0m:      fit progress: (134, 2.239338705149805, {'accuracy': 0.1923, 'ece': 0.10912962245523929}, 2096.464621881023)
[92mINFO [0m:      configure_evaluate: no clients selected, skipping evaluation
[92mINFO [0m:      
[92mINFO [0m:      [ROUND 135]
[92mINFO [0m:      configure_fit: strategy sampled 40 clients (out of 40)
[92mINFO [0m:      aggregate_fit: received 40 results and 0 failures
[92mINFO [0m:      configure_evaluate: no clients selected, skipping evaluation
[92mINFO [0m:      
[92mINFO [0m:      [ROUND 136]
[92mINFO [0m:      configure_fit: strategy sampled 40 clients (out of 40)
[92mINFO [0m:      aggregate_fit: received 40 results and 0 failures
[92mINFO [0m:      fit progress: (136, 2.227014894131072, {'accuracy': 0.1962, 'ece': 0.08198284116506575}, 2127.050878947135)
[92mINFO [0m:      configure_evaluate: no clients selected, skipping evaluation
[92mINFO [0m:      
[92mINFO [0m:      [ROUND 137]
[92mINFO [0m:      configure_fit: strategy sampled 40 clients (out of 40)
[92mINFO [0m:      aggregate_fit: received 40 results and 0 failures
[92mINFO [0m:      configure_evaluate: no clients selected, skipping evaluation
[92mINFO [0m:      
[92mINFO [0m:      [ROUND 138]
[92mINFO [0m:      configure_fit: strategy sampled 40 clients (out of 40)
[92mINFO [0m:      aggregate_fit: received 40 results and 0 failures
[92mINFO [0m:      fit progress: (138, 2.255774992601644, {'accuracy': 0.193, 'ece': 0.1308732767494023}, 2156.9588321172632)
[92mINFO [0m:      configure_evaluate: no clients selected, skipping evaluation
[92mINFO [0m:      
[92mINFO [0m:      [ROUND 139]
[92mINFO [0m:      configure_fit: strategy sampled 40 clients (out of 40)
[92mINFO [0m:      aggregate_fit: received 40 results and 0 failures
[92mINFO [0m:      configure_evaluate: no clients selected, skipping evaluation
[92mINFO [0m:      
[92mINFO [0m:      [ROUND 140]
[92mINFO [0m:      configure_fit: strategy sampled 40 clients (out of 40)
[92mINFO [0m:      aggregate_fit: received 40 results and 0 failures
[92mINFO [0m:      fit progress: (140, 2.2576679245281897, {'accuracy': 0.1924, 'ece': 0.08646044798776507}, 2188.44550344022)
[92mINFO [0m:      configure_evaluate: no clients selected, skipping evaluation
[92mINFO [0m:      
[92mINFO [0m:      [ROUND 141]
[92mINFO [0m:      configure_fit: strategy sampled 40 clients (out of 40)
[92mINFO [0m:      aggregate_fit: received 40 results and 0 failures
[92mINFO [0m:      configure_evaluate: no clients selected, skipping evaluation
[92mINFO [0m:      
[92mINFO [0m:      [ROUND 142]
[92mINFO [0m:      configure_fit: strategy sampled 40 clients (out of 40)
[92mINFO [0m:      aggregate_fit: received 40 results and 0 failures
[92mINFO [0m:      fit progress: (142, 2.2314529416028575, {'accuracy': 0.1954, 'ece': 0.11318387940861284}, 2219.5396856232546)
[92mINFO [0m:      configure_evaluate: no clients selected, skipping evaluation
[92mINFO [0m:      
[92mINFO [0m:      [ROUND 143]
[92mINFO [0m:      configure_fit: strategy sampled 40 clients (out of 40)
[92mINFO [0m:      aggregate_fit: received 40 results and 0 failures
[92mINFO [0m:      configure_evaluate: no clients selected, skipping evaluation
[92mINFO [0m:      
[92mINFO [0m:      [ROUND 144]
[92mINFO [0m:      configure_fit: strategy sampled 40 clients (out of 40)
[92mINFO [0m:      aggregate_fit: received 40 results and 0 failures
[92mINFO [0m:      fit progress: (144, 2.224766227736313, {'accuracy': 0.1878, 'ece': 0.08499280734054745}, 2251.0674928310327)
[92mINFO [0m:      configure_evaluate: no clients selected, skipping evaluation
[92mINFO [0m:      
[92mINFO [0m:      [ROUND 145]
[92mINFO [0m:      configure_fit: strategy sampled 40 clients (out of 40)
[92mINFO [0m:      aggregate_fit: received 40 results and 0 failures
[92mINFO [0m:      configure_evaluate: no clients selected, skipping evaluation
[92mINFO [0m:      
[92mINFO [0m:      [ROUND 146]
[92mINFO [0m:      configure_fit: strategy sampled 40 clients (out of 40)
[92mINFO [0m:      aggregate_fit: received 40 results and 0 failures
[92mINFO [0m:      fit progress: (146, 2.2529862368347775, {'accuracy': 0.1843, 'ece': 0.13273641904119407}, 2282.4115257700905)
[92mINFO [0m:      configure_evaluate: no clients selected, skipping evaluation
[92mINFO [0m:      
[92mINFO [0m:      [ROUND 147]
[92mINFO [0m:      configure_fit: strategy sampled 40 clients (out of 40)
[92mINFO [0m:      aggregate_fit: received 40 results and 0 failures
[92mINFO [0m:      configure_evaluate: no clients selected, skipping evaluation
[92mINFO [0m:      
[92mINFO [0m:      [ROUND 148]
[92mINFO [0m:      configure_fit: strategy sampled 40 clients (out of 40)
[92mINFO [0m:      aggregate_fit: received 40 results and 0 failures
[92mINFO [0m:      fit progress: (148, 2.238175158249181, {'accuracy': 0.1834, 'ece': 0.07908488001484425}, 2313.122504299041)
[92mINFO [0m:      configure_evaluate: no clients selected, skipping evaluation
[92mINFO [0m:      
[92mINFO [0m:      [ROUND 149]
[92mINFO [0m:      configure_fit: strategy sampled 40 clients (out of 40)
[92mINFO [0m:      aggregate_fit: received 40 results and 0 failures
[92mINFO [0m:      configure_evaluate: no clients selected, skipping evaluation
[92mINFO [0m:      
[92mINFO [0m:      [ROUND 150]
[92mINFO [0m:      configure_fit: strategy sampled 40 clients (out of 40)
[92mINFO [0m:      aggregate_fit: received 40 results and 0 failures
[92mINFO [0m:      fit progress: (150, 2.2130591928077745, {'accuracy': 0.1978, 'ece': 0.09878960599124434}, 2344.0885234861635)
[92mINFO [0m:      configure_evaluate: no clients selected, skipping evaluation
[92mINFO [0m:      
[92mINFO [0m:      [ROUND 151]
[92mINFO [0m:      configure_fit: strategy sampled 40 clients (out of 40)
[92mINFO [0m:      aggregate_fit: received 40 results and 0 failures
[92mINFO [0m:      configure_evaluate: no clients selected, skipping evaluation
[92mINFO [0m:      
[92mINFO [0m:      [ROUND 152]
[92mINFO [0m:      configure_fit: strategy sampled 40 clients (out of 40)
[92mINFO [0m:      aggregate_fit: received 40 results and 0 failures
[92mINFO [0m:      fit progress: (152, 2.2337535116601903, {'accuracy': 0.1903, 'ece': 0.09083415223181247}, 2374.971585856285)
[92mINFO [0m:      configure_evaluate: no clients selected, skipping evaluation
[92mINFO [0m:      
[92mINFO [0m:      [ROUND 153]
[92mINFO [0m:      configure_fit: strategy sampled 40 clients (out of 40)
[92mINFO [0m:      aggregate_fit: received 40 results and 0 failures
[92mINFO [0m:      configure_evaluate: no clients selected, skipping evaluation
[92mINFO [0m:      
[92mINFO [0m:      [ROUND 154]
[92mINFO [0m:      configure_fit: strategy sampled 40 clients (out of 40)
[92mINFO [0m:      aggregate_fit: received 40 results and 0 failures
[92mINFO [0m:      fit progress: (154, 2.2071888584186468, {'accuracy': 0.1944, 'ece': 0.09382584514707326}, 2404.6959284921177)
[92mINFO [0m:      configure_evaluate: no clients selected, skipping evaluation
[92mINFO [0m:      
[92mINFO [0m:      [ROUND 155]
[92mINFO [0m:      configure_fit: strategy sampled 40 clients (out of 40)
[92mINFO [0m:      aggregate_fit: received 40 results and 0 failures
[92mINFO [0m:      configure_evaluate: no clients selected, skipping evaluation
[92mINFO [0m:      
[92mINFO [0m:      [ROUND 156]
[92mINFO [0m:      configure_fit: strategy sampled 40 clients (out of 40)
[92mINFO [0m:      aggregate_fit: received 40 results and 0 failures
[92mINFO [0m:      fit progress: (156, 2.2416915785618126, {'accuracy': 0.1918, 'ece': 0.08879880268201235}, 2434.314199715387)
[92mINFO [0m:      configure_evaluate: no clients selected, skipping evaluation
[92mINFO [0m:      
[92mINFO [0m:      [ROUND 157]
[92mINFO [0m:      configure_fit: strategy sampled 40 clients (out of 40)
[92mINFO [0m:      aggregate_fit: received 40 results and 0 failures
[92mINFO [0m:      configure_evaluate: no clients selected, skipping evaluation
[92mINFO [0m:      
[92mINFO [0m:      [ROUND 158]
[92mINFO [0m:      configure_fit: strategy sampled 40 clients (out of 40)
[92mINFO [0m:      aggregate_fit: received 40 results and 0 failures
[92mINFO [0m:      fit progress: (158, 2.2329624298938864, {'accuracy': 0.197, 'ece': 0.11534119461163876}, 2464.169837186113)
[92mINFO [0m:      configure_evaluate: no clients selected, skipping evaluation
[92mINFO [0m:      
[92mINFO [0m:      [ROUND 159]
[92mINFO [0m:      configure_fit: strategy sampled 40 clients (out of 40)
[92mINFO [0m:      aggregate_fit: received 40 results and 0 failures
[92mINFO [0m:      configure_evaluate: no clients selected, skipping evaluation
[92mINFO [0m:      
[92mINFO [0m:      [ROUND 160]
[92mINFO [0m:      configure_fit: strategy sampled 40 clients (out of 40)
[92mINFO [0m:      aggregate_fit: received 40 results and 0 failures
[92mINFO [0m:      fit progress: (160, 2.1943571017951626, {'accuracy': 0.2008, 'ece': 0.07435074275121094}, 2494.2285135472193)
[92mINFO [0m:      configure_evaluate: no clients selected, skipping evaluation
[92mINFO [0m:      
[92mINFO [0m:      [SUMMARY]
[92mINFO [0m:      Run finished 160 round(s) in 2494.23s
[92mINFO [0m:      	History (loss, centralized):
[92mINFO [0m:      		round 0: 2.3708087632663397
[92mINFO [0m:      		round 2: 2.373817032689328
[92mINFO [0m:      		round 4: 2.380393332809521
[92mINFO [0m:      		round 6: 2.402436630212128
[92mINFO [0m:      		round 8: 2.4458863761181004
[92mINFO [0m:      		round 10: 2.4489709906131005
[92mINFO [0m:      		round 12: 2.443535810350879
[92mINFO [0m:      		round 14: 2.463324564534221
[92mINFO [0m:      		round 16: 2.457073618848263
[92mINFO [0m:      		round 18: 2.4748940681114195
[92mINFO [0m:      		round 20: 2.4573698051534936
[92mINFO [0m:      		round 22: 2.455686052750702
[92mINFO [0m:      		round 24: 2.469592131013028
[92mINFO [0m:      		round 26: 2.4452702359056415
[92mINFO [0m:      		round 28: 2.4369536520818875
[92mINFO [0m:      		round 30: 2.44605444696333
[92mINFO [0m:      		round 32: 2.4184683401684737
[92mINFO [0m:      		round 34: 2.427870332971382
[92mINFO [0m:      		round 36: 2.4082993200204452
[92mINFO [0m:      		round 38: 2.3788052994705353
[92mINFO [0m:      		round 40: 2.3896217578250587
[92mINFO [0m:      		round 42: 2.3636422420106262
[92mINFO [0m:      		round 44: 2.368363239669933
[92mINFO [0m:      		round 46: 2.342271252034516
[92mINFO [0m:      		round 48: 2.3403546501012684
[92mINFO [0m:      		round 50: 2.320096362167655
[92mINFO [0m:      		round 52: 2.3206625438968747
[92mINFO [0m:      		round 54: 2.304938214653354
[92mINFO [0m:      		round 56: 2.295565601111373
[92mINFO [0m:      		round 58: 2.309417259695372
[92mINFO [0m:      		round 60: 2.285096418972601
[92mINFO [0m:      		round 62: 2.303050769808646
[92mINFO [0m:      		round 64: 2.279575980437194
[92mINFO [0m:      		round 66: 2.277735845683575
[92mINFO [0m:      		round 68: 2.2793463053665652
[92mINFO [0m:      		round 70: 2.2890911844886017
[92mINFO [0m:      		round 72: 2.3069419668931146
[92mINFO [0m:      		round 74: 2.3144660630673264
[92mINFO [0m:      		round 76: 2.321930044401834
[92mINFO [0m:      		round 78: 2.317848175222157
[92mINFO [0m:      		round 80: 2.3173383180996194
[92mINFO [0m:      		round 82: 2.2781680421601505
[92mINFO [0m:      		round 84: 2.2713914029319158
[92mINFO [0m:      		round 86: 2.2605798948678566
[92mINFO [0m:      		round 88: 2.2715667793462933
[92mINFO [0m:      		round 90: 2.2847026668767563
[92mINFO [0m:      		round 92: 2.2725768188582895
[92mINFO [0m:      		round 94: 2.275501973896567
[92mINFO [0m:      		round 96: 2.255057839618367
[92mINFO [0m:      		round 98: 2.2601955616685743
[92mINFO [0m:      		round 100: 2.234732298379069
[92mINFO [0m:      		round 102: 2.253727788517951
[92mINFO [0m:      		round 104: 2.2590292867184076
[92mINFO [0m:      		round 106: 2.2742093117888063
[92mINFO [0m:      		round 108: 2.261181065958094
[92mINFO [0m:      		round 110: 2.2576524918216947
[92mINFO [0m:      		round 112: 2.270310567309923
[92mINFO [0m:      		round 114: 2.2508112556208175
[92mINFO [0m:      		round 116: 2.2803327672021965
[92mINFO [0m:      		round 118: 2.2738940884248766
[92mINFO [0m:      		round 120: 2.274246609155371
[92mINFO [0m:      		round 122: 2.250315008918431
[92mINFO [0m:      		round 124: 2.2588563019243013
[92mINFO [0m:      		round 126: 2.2384608661326744
[92mINFO [0m:      		round 128: 2.2444786637036023
[92mINFO [0m:      		round 130: 2.236692288593218
[92mINFO [0m:      		round 132: 2.235313021438462
[92mINFO [0m:      		round 134: 2.239338705149805
[92mINFO [0m:      		round 136: 2.227014894131072
[92mINFO [0m:      		round 138: 2.255774992601644
[92mINFO [0m:      		round 140: 2.2576679245281897
[92mINFO [0m:      		round 142: 2.2314529416028575
[92mINFO [0m:      		round 144: 2.224766227736313
[92mINFO [0m:      		round 146: 2.2529862368347775
[92mINFO [0m:      		round 148: 2.238175158249181
[92mINFO [0m:      		round 150: 2.2130591928077745
[92mINFO [0m:      		round 152: 2.2337535116601903
[92mINFO [0m:      		round 154: 2.2071888584186468
[92mINFO [0m:      		round 156: 2.2416915785618126
[92mINFO [0m:      		round 158: 2.2329624298938864
[92mINFO [0m:      		round 160: 2.1943571017951626
[92mINFO [0m:      	History (metrics, distributed, fit):
[92mINFO [0m:      	{'aircomp_nmse': [(1, 0.007655783010390773),
[92mINFO [0m:      	                  (2, 0.004854600754565429),
[92mINFO [0m:      	                  (3, 0.00951324213064705),
[92mINFO [0m:      	                  (4, 0.010359377879333378),
[92mINFO [0m:      	                  (5, 0.007673080121466112),
[92mINFO [0m:      	                  (6, 0.02719623332836379),
[92mINFO [0m:      	                  (7, 0.026496436546675845),
[92mINFO [0m:      	                  (8, 0.051765672669110495),
[92mINFO [0m:      	                  (9, 0.01693055812613131),
[92mINFO [0m:      	                  (10, 0.0670901053006141),
[92mINFO [0m:      	                  (11, 0.010029406223258812),
[92mINFO [0m:      	                  (12, 0.07460293958711292),
[92mINFO [0m:      	                  (13, 0.017606153707011726),
[92mINFO [0m:      	                  (14, 0.07611089360888941),
[92mINFO [0m:      	                  (15, 0.015448969620352247),
[92mINFO [0m:      	                  (16, 0.08372987154152084),
[92mINFO [0m:      	                  (17, 0.011757447920143028),
[92mINFO [0m:      	                  (18, 0.07562568298690465),
[92mINFO [0m:      	                  (19, 0.014659280219533583),
[92mINFO [0m:      	                  (20, 0.0729392480451508),
[92mINFO [0m:      	                  (21, 0.01575447917971269),
[92mINFO [0m:      	                  (22, 0.07411274185927649),
[92mINFO [0m:      	                  (23, 0.012304881742637197),
[92mINFO [0m:      	                  (24, 0.0731851187837708),
[92mINFO [0m:      	                  (25, 0.014765131578440215),
[92mINFO [0m:      	                  (26, 0.056713899777199796),
[92mINFO [0m:      	                  (27, 0.016187302206800636),
[92mINFO [0m:      	                  (28, 0.08481655275411759),
[92mINFO [0m:      	                  (29, 0.018974372700070567),
[92mINFO [0m:      	                  (30, 0.05839894260623446),
[92mINFO [0m:      	                  (31, 0.011368050069600425),
[92mINFO [0m:      	                  (32, 0.0573615393528159),
[92mINFO [0m:      	                  (33, 0.007845438828090327),
[92mINFO [0m:      	                  (34, 0.03573708019214169),
[92mINFO [0m:      	                  (35, 0.012937709341634473),
[92mINFO [0m:      	                  (36, 0.055919693878507155),
[92mINFO [0m:      	                  (37, 0.010008977695228845),
[92mINFO [0m:      	                  (38, 0.02837007050911104),
[92mINFO [0m:      	                  (39, 0.009506812600270795),
[92mINFO [0m:      	                  (40, 0.03573831957806332),
[92mINFO [0m:      	                  (41, 0.01991393792689325),
[92mINFO [0m:      	                  (42, 0.026076505673098258),
[92mINFO [0m:      	                  (43, 0.010415920458748347),
[92mINFO [0m:      	                  (44, 0.01671765747381598),
[92mINFO [0m:      	                  (45, 0.01819132329188263),
[92mINFO [0m:      	                  (46, 0.03385789887090655),
[92mINFO [0m:      	                  (47, 0.015142412352322087),
[92mINFO [0m:      	                  (48, 0.032555589618475045),
[92mINFO [0m:      	                  (49, 0.027341849179510522),
[92mINFO [0m:      	                  (50, 0.033889512490304266),
[92mINFO [0m:      	                  (51, 0.012193942830546747),
[92mINFO [0m:      	                  (52, 0.024196158901829485),
[92mINFO [0m:      	                  (53, 0.011813822996939108),
[92mINFO [0m:      	                  (54, 0.02634078880683449),
[92mINFO [0m:      	                  (55, 0.01673751845166949),
[92mINFO [0m:      	                  (56, 0.029557866038460463),
[92mINFO [0m:      	                  (57, 0.01854966867985336),
[92mINFO [0m:      	                  (58, 0.03481730372191783),
[92mINFO [0m:      	                  (59, 0.026399617970532602),
[92mINFO [0m:      	                  (60, 0.034332837228657855),
[92mINFO [0m:      	                  (61, 0.03487742236899781),
[92mINFO [0m:      	                  (62, 0.03444854534953672),
[92mINFO [0m:      	                  (63, 0.023400666624422917),
[92mINFO [0m:      	                  (64, 0.029668908062795186),
[92mINFO [0m:      	                  (65, 0.025274738055832316),
[92mINFO [0m:      	                  (66, 0.031537375642850675),
[92mINFO [0m:      	                  (67, 0.020080978353540866),
[92mINFO [0m:      	                  (68, 0.026720858790585503),
[92mINFO [0m:      	                  (69, 0.03769734192532708),
[92mINFO [0m:      	                  (70, 0.03004028610347092),
[92mINFO [0m:      	                  (71, 0.017909600535125015),
[92mINFO [0m:      	                  (72, 0.012382697889452647),
[92mINFO [0m:      	                  (73, 0.0539984911565428),
[92mINFO [0m:      	                  (74, 0.016663156020822533),
[92mINFO [0m:      	                  (75, 0.014937678552265937),
[92mINFO [0m:      	                  (76, 0.012336746094665252),
[92mINFO [0m:      	                  (77, 0.053780800421010404),
[92mINFO [0m:      	                  (78, 0.027330999986585055),
[92mINFO [0m:      	                  (79, 0.02152036467291641),
[92mINFO [0m:      	                  (80, 0.01346611840029899),
[92mINFO [0m:      	                  (81, 0.04390585556469187),
[92mINFO [0m:      	                  (82, 0.016974073323252018),
[92mINFO [0m:      	                  (83, 0.010570262118611045),
[92mINFO [0m:      	                  (84, 0.014153446598077386),
[92mINFO [0m:      	                  (85, 0.033722398776044965),
[92mINFO [0m:      	                  (86, 0.031161195123735747),
[92mINFO [0m:      	                  (87, 0.008917975028216663),
[92mINFO [0m:      	                  (88, 0.018809199535310413),
[92mINFO [0m:      	                  (89, 0.03493372161465978),
[92mINFO [0m:      	                  (90, 0.023785765545994896),
[92mINFO [0m:      	                  (91, 0.021634189681414704),
[92mINFO [0m:      	                  (92, 0.04445869929907009),
[92mINFO [0m:      	                  (93, 0.03376467342537472),
[92mINFO [0m:      	                  (94, 0.035269747460458106),
[92mINFO [0m:      	                  (95, 0.013822406412455124),
[92mINFO [0m:      	                  (96, 0.024625611368568435),
[92mINFO [0m:      	                  (97, 0.03405579218732746),
[92mINFO [0m:      	                  (98, 0.03950981244179519),
[92mINFO [0m:      	                  (99, 0.01590916789481319),
[92mINFO [0m:      	                  (100, 0.02190038255509925),
[92mINFO [0m:      	                  (101, 0.03143535540276855),
[92mINFO [0m:      	                  (102, 0.02860022009246659),
[92mINFO [0m:      	                  (103, 0.01301966905894417),
[92mINFO [0m:      	                  (104, 0.022876862085963595),
[92mINFO [0m:      	                  (105, 0.03855936300951994),
[92mINFO [0m:      	                  (106, 0.028981293999586526),
[92mINFO [0m:      	                  (107, 0.029344319929259066),
[92mINFO [0m:      	                  (108, 0.019088823707370344),
[92mINFO [0m:      	                  (109, 0.036391225871536544),
[92mINFO [0m:      	                  (110, 0.018787850138096727),
[92mINFO [0m:      	                  (111, 0.01842332493316097),
[92mINFO [0m:      	                  (112, 0.01689643350528072),
[92mINFO [0m:      	                  (113, 0.030044736924476616),
[92mINFO [0m:      	                  (114, 0.018616846151494164),
[92mINFO [0m:      	                  (115, 0.013230154027091268),
[92mINFO [0m:      	                  (116, 0.011671949034497017),
[92mINFO [0m:      	                  (117, 0.03347939348244514),
[92mINFO [0m:      	                  (118, 0.014225453742354337),
[92mINFO [0m:      	                  (119, 0.01865263005301734),
[92mINFO [0m:      	                  (120, 0.016038124999065758),
[92mINFO [0m:      	                  (121, 0.02386750341620224),
[92mINFO [0m:      	                  (122, 0.019486032971543124),
[92mINFO [0m:      	                  (123, 0.009053375866042296),
[92mINFO [0m:      	                  (124, 0.025718597342351032),
[92mINFO [0m:      	                  (125, 0.034364174995815414),
[92mINFO [0m:      	                  (126, 0.02846242114145937),
[92mINFO [0m:      	                  (127, 0.013811173458861441),
[92mINFO [0m:      	                  (128, 0.02327174853372846),
[92mINFO [0m:      	                  (129, 0.030229737776484362),
[92mINFO [0m:      	                  (130, 0.030202313484943556),
[92mINFO [0m:      	                  (131, 0.0083557855028667),
[92mINFO [0m:      	                  (132, 0.021369937154105925),
[92mINFO [0m:      	                  (133, 0.019706980745332694),
[92mINFO [0m:      	                  (134, 0.03418303873414781),
[92mINFO [0m:      	                  (135, 0.018147919807009305),
[92mINFO [0m:      	                  (136, 0.022349101286833057),
[92mINFO [0m:      	                  (137, 0.02837647474608601),
[92mINFO [0m:      	                  (138, 0.02221944685926943),
[92mINFO [0m:      	                  (139, 0.022798718621404347),
[92mINFO [0m:      	                  (140, 0.022853281725075555),
[92mINFO [0m:      	                  (141, 0.0283236442248566),
[92mINFO [0m:      	                  (142, 0.01937817282135861),
[92mINFO [0m:      	                  (143, 0.011008466826151371),
[92mINFO [0m:      	                  (144, 0.01420052709861328),
[92mINFO [0m:      	                  (145, 0.022657050118639034),
[92mINFO [0m:      	                  (146, 0.01881297551786247),
[92mINFO [0m:      	                  (147, 0.017414104233330813),
[92mINFO [0m:      	                  (148, 0.019786493645122253),
[92mINFO [0m:      	                  (149, 0.03152648966088182),
[92mINFO [0m:      	                  (150, 0.018484335584826744),
[92mINFO [0m:      	                  (151, 0.01562525951080046),
[92mINFO [0m:      	                  (152, 0.02548355762344144),
[92mINFO [0m:      	                  (153, 0.02616841593155191),
[92mINFO [0m:      	                  (154, 0.030304493518200675),
[92mINFO [0m:      	                  (155, 0.015810062139988052),
[92mINFO [0m:      	                  (156, 0.023733581484569364),
[92mINFO [0m:      	                  (157, 0.02495562521521005),
[92mINFO [0m:      	                  (158, 0.021083281723971583),
[92mINFO [0m:      	                  (159, 0.020245057919084715),
[92mINFO [0m:      	                  (160, 0.039224491471479724)],
[92mINFO [0m:      	 'logical_round': [(1, 1.0),
[92mINFO [0m:      	                   (2, 1.0),
[92mINFO [0m:      	                   (3, 2.0),
[92mINFO [0m:      	                   (4, 2.0),
[92mINFO [0m:      	                   (5, 3.0),
[92mINFO [0m:      	                   (6, 3.0),
[92mINFO [0m:      	                   (7, 4.0),
[92mINFO [0m:      	                   (8, 4.0),
[92mINFO [0m:      	                   (9, 5.0),
[92mINFO [0m:      	                   (10, 5.0),
[92mINFO [0m:      	                   (11, 6.0),
[92mINFO [0m:      	                   (12, 6.0),
[92mINFO [0m:      	                   (13, 7.0),
[92mINFO [0m:      	                   (14, 7.0),
[92mINFO [0m:      	                   (15, 8.0),
[92mINFO [0m:      	                   (16, 8.0),
[92mINFO [0m:      	                   (17, 9.0),
[92mINFO [0m:      	                   (18, 9.0),
[92mINFO [0m:      	                   (19, 10.0),
[92mINFO [0m:      	                   (20, 10.0),
[92mINFO [0m:      	                   (21, 11.0),
[92mINFO [0m:      	                   (22, 11.0),
[92mINFO [0m:      	                   (23, 12.0),
[92mINFO [0m:      	                   (24, 12.0),
[92mINFO [0m:      	                   (25, 13.0),
[92mINFO [0m:      	                   (26, 13.0),
[92mINFO [0m:      	                   (27, 14.0),
[92mINFO [0m:      	                   (28, 14.0),
[92mINFO [0m:      	                   (29, 15.0),
[92mINFO [0m:      	                   (30, 15.0),
[92mINFO [0m:      	                   (31, 16.0),
[92mINFO [0m:      	                   (32, 16.0),
[92mINFO [0m:      	                   (33, 17.0),
[92mINFO [0m:      	                   (34, 17.0),
[92mINFO [0m:      	                   (35, 18.0),
[92mINFO [0m:      	                   (36, 18.0),
[92mINFO [0m:      	                   (37, 19.0),
[92mINFO [0m:      	                   (38, 19.0),
[92mINFO [0m:      	                   (39, 20.0),
[92mINFO [0m:      	                   (40, 20.0),
[92mINFO [0m:      	                   (41, 21.0),
[92mINFO [0m:      	                   (42, 21.0),
[92mINFO [0m:      	                   (43, 22.0),
[92mINFO [0m:      	                   (44, 22.0),
[92mINFO [0m:      	                   (45, 23.0),
[92mINFO [0m:      	                   (46, 23.0),
[92mINFO [0m:      	                   (47, 24.0),
[92mINFO [0m:      	                   (48, 24.0),
[92mINFO [0m:      	                   (49, 25.0),
[92mINFO [0m:      	                   (50, 25.0),
[92mINFO [0m:      	                   (51, 26.0),
[92mINFO [0m:      	                   (52, 26.0),
[92mINFO [0m:      	                   (53, 27.0),
[92mINFO [0m:      	                   (54, 27.0),
[92mINFO [0m:      	                   (55, 28.0),
[92mINFO [0m:      	                   (56, 28.0),
[92mINFO [0m:      	                   (57, 29.0),
[92mINFO [0m:      	                   (58, 29.0),
[92mINFO [0m:      	                   (59, 30.0),
[92mINFO [0m:      	                   (60, 30.0),
[92mINFO [0m:      	                   (61, 31.0),
[92mINFO [0m:      	                   (62, 31.0),
[92mINFO [0m:      	                   (63, 32.0),
[92mINFO [0m:      	                   (64, 32.0),
[92mINFO [0m:      	                   (65, 33.0),
[92mINFO [0m:      	                   (66, 33.0),
[92mINFO [0m:      	                   (67, 34.0),
[92mINFO [0m:      	                   (68, 34.0),
[92mINFO [0m:      	                   (69, 35.0),
[92mINFO [0m:      	                   (70, 35.0),
[92mINFO [0m:      	                   (71, 36.0),
[92mINFO [0m:      	                   (72, 36.0),
[92mINFO [0m:      	                   (73, 37.0),
[92mINFO [0m:      	                   (74, 37.0),
[92mINFO [0m:      	                   (75, 38.0),
[92mINFO [0m:      	                   (76, 38.0),
[92mINFO [0m:      	                   (77, 39.0),
[92mINFO [0m:      	                   (78, 39.0),
[92mINFO [0m:      	                   (79, 40.0),
[92mINFO [0m:      	                   (80, 40.0),
[92mINFO [0m:      	                   (81, 41.0),
[92mINFO [0m:      	                   (82, 41.0),
[92mINFO [0m:      	                   (83, 42.0),
[92mINFO [0m:      	                   (84, 42.0),
[92mINFO [0m:      	                   (85, 43.0),
[92mINFO [0m:      	                   (86, 43.0),
[92mINFO [0m:      	                   (87, 44.0),
[92mINFO [0m:      	                   (88, 44.0),
[92mINFO [0m:      	                   (89, 45.0),
[92mINFO [0m:      	                   (90, 45.0),
[92mINFO [0m:      	                   (91, 46.0),
[92mINFO [0m:      	                   (92, 46.0),
[92mINFO [0m:      	                   (93, 47.0),
[92mINFO [0m:      	                   (94, 47.0),
[92mINFO [0m:      	                   (95, 48.0),
[92mINFO [0m:      	                   (96, 48.0),
[92mINFO [0m:      	                   (97, 49.0),
[92mINFO [0m:      	                   (98, 49.0),
[92mINFO [0m:      	                   (99, 50.0),
[92mINFO [0m:      	                   (100, 50.0),
[92mINFO [0m:      	                   (101, 51.0),
[92mINFO [0m:      	                   (102, 51.0),
[92mINFO [0m:      	                   (103, 52.0),
[92mINFO [0m:      	                   (104, 52.0),
[92mINFO [0m:      	                   (105, 53.0),
[92mINFO [0m:      	                   (106, 53.0),
[92mINFO [0m:      	                   (107, 54.0),
[92mINFO [0m:      	                   (108, 54.0),
[92mINFO [0m:      	                   (109, 55.0),
[92mINFO [0m:      	                   (110, 55.0),
[92mINFO [0m:      	                   (111, 56.0),
[92mINFO [0m:      	                   (112, 56.0),
[92mINFO [0m:      	                   (113, 57.0),
[92mINFO [0m:      	                   (114, 57.0),
[92mINFO [0m:      	                   (115, 58.0),
[92mINFO [0m:      	                   (116, 58.0),
[92mINFO [0m:      	                   (117, 59.0),
[92mINFO [0m:      	                   (118, 59.0),
[92mINFO [0m:      	                   (119, 60.0),
[92mINFO [0m:      	                   (120, 60.0),
[92mINFO [0m:      	                   (121, 61.0),
[92mINFO [0m:      	                   (122, 61.0),
[92mINFO [0m:      	                   (123, 62.0),
[92mINFO [0m:      	                   (124, 62.0),
[92mINFO [0m:      	                   (125, 63.0),
[92mINFO [0m:      	                   (126, 63.0),
[92mINFO [0m:      	                   (127, 64.0),
[92mINFO [0m:      	                   (128, 64.0),
[92mINFO [0m:      	                   (129, 65.0),
[92mINFO [0m:      	                   (130, 65.0),
[92mINFO [0m:      	                   (131, 66.0),
[92mINFO [0m:      	                   (132, 66.0),
[92mINFO [0m:      	                   (133, 67.0),
[92mINFO [0m:      	                   (134, 67.0),
[92mINFO [0m:      	                   (135, 68.0),
[92mINFO [0m:      	                   (136, 68.0),
[92mINFO [0m:      	                   (137, 69.0),
[92mINFO [0m:      	                   (138, 69.0),
[92mINFO [0m:      	                   (139, 70.0),
[92mINFO [0m:      	                   (140, 70.0),
[92mINFO [0m:      	                   (141, 71.0),
[92mINFO [0m:      	                   (142, 71.0),
[92mINFO [0m:      	                   (143, 72.0),
[92mINFO [0m:      	                   (144, 72.0),
[92mINFO [0m:      	                   (145, 73.0),
[92mINFO [0m:      	                   (146, 73.0),
[92mINFO [0m:      	                   (147, 74.0),
[92mINFO [0m:      	                   (148, 74.0),
[92mINFO [0m:      	                   (149, 75.0),
[92mINFO [0m:      	                   (150, 75.0),
[92mINFO [0m:      	                   (151, 76.0),
[92mINFO [0m:      	                   (152, 76.0),
[92mINFO [0m:      	                   (153, 77.0),
[92mINFO [0m:      	                   (154, 77.0),
[92mINFO [0m:      	                   (155, 78.0),
[92mINFO [0m:      	                   (156, 78.0),
[92mINFO [0m:      	                   (157, 79.0),
[92mINFO [0m:      	                   (158, 79.0),
[92mINFO [0m:      	                   (159, 80.0),
[92mINFO [0m:      	                   (160, 80.0)],
[92mINFO [0m:      	 'phase_train_loss': [(1, 2.3577120252203723),
[92mINFO [0m:      	                      (2, 2.369335966605014),
[92mINFO [0m:      	                      (3, 2.2508916100068346),
[92mINFO [0m:      	                      (4, 2.247834950133719),
[92mINFO [0m:      	                      (5, 2.1971637116565095),
[92mINFO [0m:      	                      (6, 2.2069489627500514),
[92mINFO [0m:      	                      (7, 2.1843529174432144),
[92mINFO [0m:      	                      (8, 2.16841239579939),
[92mINFO [0m:      	                      (9, 2.163012391844213),
[92mINFO [0m:      	                      (10, 2.1814007860961793),
[92mINFO [0m:      	                      (11, 2.158054072010432),
[92mINFO [0m:      	                      (12, 2.1678746593083393),
[92mINFO [0m:      	                      (13, 2.1581751896187833),
[92mINFO [0m:      	                      (14, 2.1524442018836827),
[92mINFO [0m:      	                      (15, 2.1579420010167976),
[92mINFO [0m:      	                      (16, 2.172217679727114),
[92mINFO [0m:      	                      (17, 2.1596993517172294),
[92mINFO [0m:      	                      (18, 2.166835610670088),
[92mINFO [0m:      	                      (19, 2.137677561933609),
[92mINFO [0m:      	                      (20, 2.1604525685431635),
[92mINFO [0m:      	                      (21, 2.1478667390188866),
[92mINFO [0m:      	                      (22, 2.162486452973871),
[92mINFO [0m:      	                      (23, 2.158895927576665),
[92mINFO [0m:      	                      (24, 2.138000665239739),
[92mINFO [0m:      	                      (25, 2.13996873624691),
[92mINFO [0m:      	                      (26, 2.150912322687594),
[92mINFO [0m:      	                      (27, 2.1287399086316747),
[92mINFO [0m:      	                      (28, 2.135153594846522),
[92mINFO [0m:      	                      (29, 2.1316327309438683),
[92mINFO [0m:      	                      (30, 2.1290928950266097),
[92mINFO [0m:      	                      (31, 2.1149032689790155),
[92mINFO [0m:      	                      (32, 2.1162996088379153),
[92mINFO [0m:      	                      (33, 2.1213012687551163),
[92mINFO [0m:      	                      (34, 2.1173372045538312),
[92mINFO [0m:      	                      (35, 2.0956622363349546),
[92mINFO [0m:      	                      (36, 2.1104116080857485),
[92mINFO [0m:      	                      (37, 2.0823225551073574),
[92mINFO [0m:      	                      (38, 2.1076737156477003),
[92mINFO [0m:      	                      (39, 2.1004473002250412),
[92mINFO [0m:      	                      (40, 2.081693872818505),
[92mINFO [0m:      	                      (41, 2.0643733485426567),
[92mINFO [0m:      	                      (42, 2.052472813665443),
[92mINFO [0m:      	                      (43, 2.0653877599799615),
[92mINFO [0m:      	                      (44, 2.0591550510751873),
[92mINFO [0m:      	                      (45, 2.0581343816716453),
[92mINFO [0m:      	                      (46, 2.0508885012031937),
[92mINFO [0m:      	                      (47, 2.048191579700365),
[92mINFO [0m:      	                      (48, 2.0325623350250153),
[92mINFO [0m:      	                      (49, 2.036003782596375),
[92mINFO [0m:      	                      (50, 2.024279735871758),
[92mINFO [0m:      	                      (51, 2.0200561030592583),
[92mINFO [0m:      	                      (52, 2.0189803910279687),
[92mINFO [0m:      	                      (53, 1.9935702873998353),
[92mINFO [0m:      	                      (54, 1.9957713533636272),
[92mINFO [0m:      	                      (55, 1.9815756940405098),
[92mINFO [0m:      	                      (56, 1.9937449132195568),
[92mINFO [0m:      	                      (57, 2.002559682820845),
[92mINFO [0m:      	                      (58, 2.0127149696388904),
[92mINFO [0m:      	                      (59, 1.9826664079605987),
[92mINFO [0m:      	                      (60, 1.9791599110693556),
[92mINFO [0m:      	                      (61, 1.9629276508474887),
[92mINFO [0m:      	                      (62, 1.9737760693228985),
[92mINFO [0m:      	                      (63, 1.9777310325801067),
[92mINFO [0m:      	                      (64, 1.9884850817318482),
[92mINFO [0m:      	                      (65, 1.9825133842708862),
[92mINFO [0m:      	                      (66, 1.9785982913912739),
[92mINFO [0m:      	                      (67, 1.9598387996638658),
[92mINFO [0m:      	                      (68, 1.9497081221059527),
[92mINFO [0m:      	                      (69, 1.9706947229643441),
[92mINFO [0m:      	                      (70, 1.97132481510011),
[92mINFO [0m:      	                      (71, 1.9678364389910463),
[92mINFO [0m:      	                      (72, 1.9546381615670751),
[92mINFO [0m:      	                      (73, 2.0079770647982254),
[92mINFO [0m:      	                      (74, 2.0168865677298995),
[92mINFO [0m:      	                      (75, 1.9766845792380383),
[92mINFO [0m:      	                      (76, 1.9723772027606516),
[92mINFO [0m:      	                      (77, 2.0234931107576357),
[92mINFO [0m:      	                      (78, 2.021414301766505),
[92mINFO [0m:      	                      (79, 1.9564716948376302),
[92mINFO [0m:      	                      (80, 1.9585575616008024),
[92mINFO [0m:      	                      (81, 2.016571753531967),
[92mINFO [0m:      	                      (82, 1.9921568531956098),
[92mINFO [0m:      	                      (83, 1.969656958439343),
[92mINFO [0m:      	                      (84, 1.9577264310384694),
[92mINFO [0m:      	                      (85, 1.9639394405050659),
[92mINFO [0m:      	                      (86, 1.97424745452974),
[92mINFO [0m:      	                      (87, 1.9235748287134957),
[92mINFO [0m:      	                      (88, 1.9439318527889156),
[92mINFO [0m:      	                      (89, 1.9493372186639422),
[92mINFO [0m:      	                      (90, 1.9533589752135176),
[92mINFO [0m:      	                      (91, 1.9344891626740277),
[92mINFO [0m:      	                      (92, 1.9212062234189722),
[92mINFO [0m:      	                      (93, 1.940376308902962),
[92mINFO [0m:      	                      (94, 1.944691379582045),
[92mINFO [0m:      	                      (95, 1.9250339531340652),
[92mINFO [0m:      	                      (96, 1.9252486495738839),
[92mINFO [0m:      	                      (97, 1.9233631351350646),
[92mINFO [0m:      	                      (98, 1.9422285303094502),
[92mINFO [0m:      	                      (99, 1.9136739045896944),
[92mINFO [0m:      	                      (100, 1.9216624193007197),
[92mINFO [0m:      	                      (101, 1.9282710039482234),
[92mINFO [0m:      	                      (102, 1.9275196999038589),
[92mINFO [0m:      	                      (103, 1.9137237327630015),
[92mINFO [0m:      	                      (104, 1.9181339865419649),
[92mINFO [0m:      	                      (105, 1.9486445961503023),
[92mINFO [0m:      	                      (106, 1.9586269207912692),
[92mINFO [0m:      	                      (107, 1.895797433397171),
[92mINFO [0m:      	                      (108, 1.92390730926731),
[92mINFO [0m:      	                      (109, 1.933329219177805),
[92mINFO [0m:      	                      (110, 1.9429131710638472),
[92mINFO [0m:      	                      (111, 1.9187859470216087),
[92mINFO [0m:      	                      (112, 1.9173548418046984),
[92mINFO [0m:      	                      (113, 1.9405300714719815),
[92mINFO [0m:      	                      (114, 1.941466421707479),
[92mINFO [0m:      	                      (115, 1.9230009500032037),
[92mINFO [0m:      	                      (116, 1.9098259550387597),
[92mINFO [0m:      	                      (117, 1.9445513638935887),
[92mINFO [0m:      	                      (118, 1.9417496266952001),
[92mINFO [0m:      	                      (119, 1.9145213723789032),
[92mINFO [0m:      	                      (120, 1.9218612903738554),
[92mINFO [0m:      	                      (121, 1.9052332892665298),
[92mINFO [0m:      	                      (122, 1.922403613427163),
[92mINFO [0m:      	                      (123, 1.9165011707666806),
[92mINFO [0m:      	                      (124, 1.9051825227475483),
[92mINFO [0m:      	                      (125, 1.925554376798147),
[92mINFO [0m:      	                      (126, 1.9045912904632663),
[92mINFO [0m:      	                      (127, 1.8977353483104993),
[92mINFO [0m:      	                      (128, 1.907759291764315),
[92mINFO [0m:      	                      (129, 1.90772599795585),
[92mINFO [0m:      	                      (130, 1.9045522552055598),
[92mINFO [0m:      	                      (131, 1.8973119085705772),
[92mINFO [0m:      	                      (132, 1.8906569111262308),
[92mINFO [0m:      	                      (133, 1.9065058482141972),
[92mINFO [0m:      	                      (134, 1.8942711869916016),
[92mINFO [0m:      	                      (135, 1.8836858153707012),
[92mINFO [0m:      	                      (136, 1.8988028804744128),
[92mINFO [0m:      	                      (137, 1.8909512641107322),
[92mINFO [0m:      	                      (138, 1.9038989838360527),
[92mINFO [0m:      	                      (139, 1.903551147864527),
[92mINFO [0m:      	                      (140, 1.8902254106554588),
[92mINFO [0m:      	                      (141, 1.904947561456131),
[92mINFO [0m:      	                      (142, 1.8928496150252534),
[92mINFO [0m:      	                      (143, 1.9022527341561304),
[92mINFO [0m:      	                      (144, 1.8951978200328432),
[92mINFO [0m:      	                      (145, 1.898182111645036),
[92mINFO [0m:      	                      (146, 1.9176875350191538),
[92mINFO [0m:      	                      (147, 1.905682713381514),
[92mINFO [0m:      	                      (148, 1.909381376714696),
[92mINFO [0m:      	                      (149, 1.907974240835661),
[92mINFO [0m:      	                      (150, 1.9047536021452836),
[92mINFO [0m:      	                      (151, 1.875916740828831),
[92mINFO [0m:      	                      (152, 1.9124412276616298),
[92mINFO [0m:      	                      (153, 1.9066161895938227),
[92mINFO [0m:      	                      (154, 1.9020227426429974),
[92mINFO [0m:      	                      (155, 1.8914754504711195),
[92mINFO [0m:      	                      (156, 1.8852974475460889),
[92mINFO [0m:      	                      (157, 1.8966549660885446),
[92mINFO [0m:      	                      (158, 1.8917531449093823),
[92mINFO [0m:      	                      (159, 1.887411885538033),
[92mINFO [0m:      	                      (160, 1.8824245216160074)],
[92mINFO [0m:      	 'physical_round': [(1, 1.0),
[92mINFO [0m:      	                    (2, 2.0),
[92mINFO [0m:      	                    (3, 3.0),
[92mINFO [0m:      	                    (4, 4.0),
[92mINFO [0m:      	                    (5, 5.0),
[92mINFO [0m:      	                    (6, 6.0),
[92mINFO [0m:      	                    (7, 7.0),
[92mINFO [0m:      	                    (8, 8.0),
[92mINFO [0m:      	                    (9, 9.0),
[92mINFO [0m:      	                    (10, 10.0),
[92mINFO [0m:      	                    (11, 11.0),
[92mINFO [0m:      	                    (12, 12.0),
[92mINFO [0m:      	                    (13, 13.0),
[92mINFO [0m:      	                    (14, 14.0),
[92mINFO [0m:      	                    (15, 15.0),
[92mINFO [0m:      	                    (16, 16.0),
[92mINFO [0m:      	                    (17, 17.0),
[92mINFO [0m:      	                    (18, 18.0),
[92mINFO [0m:      	                    (19, 19.0),
[92mINFO [0m:      	                    (20, 20.0),
[92mINFO [0m:      	                    (21, 21.0),
[92mINFO [0m:      	                    (22, 22.0),
[92mINFO [0m:      	                    (23, 23.0),
[92mINFO [0m:      	                    (24, 24.0),
[92mINFO [0m:      	                    (25, 25.0),
[92mINFO [0m:      	                    (26, 26.0),
[92mINFO [0m:      	                    (27, 27.0),
[92mINFO [0m:      	                    (28, 28.0),
[92mINFO [0m:      	                    (29, 29.0),
[92mINFO [0m:      	                    (30, 30.0),
[92mINFO [0m:      	                    (31, 31.0),
[92mINFO [0m:      	                    (32, 32.0),
[92mINFO [0m:      	                    (33, 33.0),
[92mINFO [0m:      	                    (34, 34.0),
[92mINFO [0m:      	                    (35, 35.0),
[92mINFO [0m:      	                    (36, 36.0),
[92mINFO [0m:      	                    (37, 37.0),
[92mINFO [0m:      	                    (38, 38.0),
[92mINFO [0m:      	                    (39, 39.0),
[92mINFO [0m:      	                    (40, 40.0),
[92mINFO [0m:      	                    (41, 41.0),
[92mINFO [0m:      	                    (42, 42.0),
[92mINFO [0m:      	                    (43, 43.0),
[92mINFO [0m:      	                    (44, 44.0),
[92mINFO [0m:      	                    (45, 45.0),
[92mINFO [0m:      	                    (46, 46.0),
[92mINFO [0m:      	                    (47, 47.0),
[92mINFO [0m:      	                    (48, 48.0),
[92mINFO [0m:      	                    (49, 49.0),
[92mINFO [0m:      	                    (50, 50.0),
[92mINFO [0m:      	                    (51, 51.0),
[92mINFO [0m:      	                    (52, 52.0),
[92mINFO [0m:      	                    (53, 53.0),
[92mINFO [0m:      	                    (54, 54.0),
[92mINFO [0m:      	                    (55, 55.0),
[92mINFO [0m:      	                    (56, 56.0),
[92mINFO [0m:      	                    (57, 57.0),
[92mINFO [0m:      	                    (58, 58.0),
[92mINFO [0m:      	                    (59, 59.0),
[92mINFO [0m:      	                    (60, 60.0),
[92mINFO [0m:      	                    (61, 61.0),
[92mINFO [0m:      	                    (62, 62.0),
[92mINFO [0m:      	                    (63, 63.0),
[92mINFO [0m:      	                    (64, 64.0),
[92mINFO [0m:      	                    (65, 65.0),
[92mINFO [0m:      	                    (66, 66.0),
[92mINFO [0m:      	                    (67, 67.0),
[92mINFO [0m:      	                    (68, 68.0),
[92mINFO [0m:      	                    (69, 69.0),
[92mINFO [0m:      	                    (70, 70.0),
[92mINFO [0m:      	                    (71, 71.0),
[92mINFO [0m:      	                    (72, 72.0),
[92mINFO [0m:      	                    (73, 73.0),
[92mINFO [0m:      	                    (74, 74.0),
[92mINFO [0m:      	                    (75, 75.0),
[92mINFO [0m:      	                    (76, 76.0),
[92mINFO [0m:      	                    (77, 77.0),
[92mINFO [0m:      	                    (78, 78.0),
[92mINFO [0m:      	                    (79, 79.0),
[92mINFO [0m:      	                    (80, 80.0),
[92mINFO [0m:      	                    (81, 81.0),
[92mINFO [0m:      	                    (82, 82.0),
[92mINFO [0m:      	                    (83, 83.0),
[92mINFO [0m:      	                    (84, 84.0),
[92mINFO [0m:      	                    (85, 85.0),
[92mINFO [0m:      	                    (86, 86.0),
[92mINFO [0m:      	                    (87, 87.0),
[92mINFO [0m:      	                    (88, 88.0),
[92mINFO [0m:      	                    (89, 89.0),
[92mINFO [0m:      	                    (90, 90.0),
[92mINFO [0m:      	                    (91, 91.0),
[92mINFO [0m:      	                    (92, 92.0),
[92mINFO [0m:      	                    (93, 93.0),
[92mINFO [0m:      	                    (94, 94.0),
[92mINFO [0m:      	                    (95, 95.0),
[92mINFO [0m:      	                    (96, 96.0),
[92mINFO [0m:      	                    (97, 97.0),
[92mINFO [0m:      	                    (98, 98.0),
[92mINFO [0m:      	                    (99, 99.0),
[92mINFO [0m:      	                    (100, 100.0),
[92mINFO [0m:      	                    (101, 101.0),
[92mINFO [0m:      	                    (102, 102.0),
[92mINFO [0m:      	                    (103, 103.0),
[92mINFO [0m:      	                    (104, 104.0),
[92mINFO [0m:      	                    (105, 105.0),
[92mINFO [0m:      	                    (106, 106.0),
[92mINFO [0m:      	                    (107, 107.0),
[92mINFO [0m:      	                    (108, 108.0),
[92mINFO [0m:      	                    (109, 109.0),
[92mINFO [0m:      	                    (110, 110.0),
[92mINFO [0m:      	                    (111, 111.0),
[92mINFO [0m:      	                    (112, 112.0),
[92mINFO [0m:      	                    (113, 113.0),
[92mINFO [0m:      	                    (114, 114.0),
[92mINFO [0m:      	                    (115, 115.0),
[92mINFO [0m:      	                    (116, 116.0),
[92mINFO [0m:      	                    (117, 117.0),
[92mINFO [0m:      	                    (118, 118.0),
[92mINFO [0m:      	                    (119, 119.0),
[92mINFO [0m:      	                    (120, 120.0),
[92mINFO [0m:      	                    (121, 121.0),
[92mINFO [0m:      	                    (122, 122.0),
[92mINFO [0m:      	                    (123, 123.0),
[92mINFO [0m:      	                    (124, 124.0),
[92mINFO [0m:      	                    (125, 125.0),
[92mINFO [0m:      	                    (126, 126.0),
[92mINFO [0m:      	                    (127, 127.0),
[92mINFO [0m:      	                    (128, 128.0),
[92mINFO [0m:      	                    (129, 129.0),
[92mINFO [0m:      	                    (130, 130.0),
[92mINFO [0m:      	                    (131, 131.0),
[92mINFO [0m:      	                    (132, 132.0),
[92mINFO [0m:      	                    (133, 133.0),
[92mINFO [0m:      	                    (134, 134.0),
[92mINFO [0m:      	                    (135, 135.0),
[92mINFO [0m:      	                    (136, 136.0),
[92mINFO [0m:      	                    (137, 137.0),
[92mINFO [0m:      	                    (138, 138.0),
[92mINFO [0m:      	                    (139, 139.0),
[92mINFO [0m:      	                    (140, 140.0),
[92mINFO [0m:      	                    (141, 141.0),
[92mINFO [0m:      	                    (142, 142.0),
[92mINFO [0m:      	                    (143, 143.0),
[92mINFO [0m:      	                    (144, 144.0),
[92mINFO [0m:      	                    (145, 145.0),
[92mINFO [0m:      	                    (146, 146.0),
[92mINFO [0m:      	                    (147, 147.0),
[92mINFO [0m:      	                    (148, 148.0),
[92mINFO [0m:      	                    (149, 149.0),
[92mINFO [0m:      	                    (150, 150.0),
[92mINFO [0m:      	                    (151, 151.0),
[92mINFO [0m:      	                    (152, 152.0),
[92mINFO [0m:      	                    (153, 153.0),
[92mINFO [0m:      	                    (154, 154.0),
[92mINFO [0m:      	                    (155, 155.0),
[92mINFO [0m:      	                    (156, 156.0),
[92mINFO [0m:      	                    (157, 157.0),
[92mINFO [0m:      	                    (158, 158.0),
[92mINFO [0m:      	                    (159, 159.0),
[92mINFO [0m:      	                    (160, 160.0)],
[92mINFO [0m:      	 'train_loss': [(1, 2.3577120252203723),
[92mINFO [0m:      	                (2, 4.727047991825387),
[92mINFO [0m:      	                (3, 2.2508916100068346),
[92mINFO [0m:      	                (4, 4.498726560140554),
[92mINFO [0m:      	                (5, 2.1971637116565095),
[92mINFO [0m:      	                (6, 4.40411267440656),
[92mINFO [0m:      	                (7, 2.1843529174432144),
[92mINFO [0m:      	                (8, 4.352765313242605),
[92mINFO [0m:      	                (9, 2.163012391844213),
[92mINFO [0m:      	                (10, 4.3444131779403925),
[92mINFO [0m:      	                (11, 2.158054072010432),
[92mINFO [0m:      	                (12, 4.325928731318772),
[92mINFO [0m:      	                (13, 2.1581751896187833),
[92mINFO [0m:      	                (14, 4.310619391502466),
[92mINFO [0m:      	                (15, 2.1579420010167976),
[92mINFO [0m:      	                (16, 4.330159680743911),
[92mINFO [0m:      	                (17, 2.1596993517172294),
[92mINFO [0m:      	                (18, 4.326534962387317),
[92mINFO [0m:      	                (19, 2.137677561933609),
[92mINFO [0m:      	                (20, 4.298130130476773),
[92mINFO [0m:      	                (21, 2.1478667390188866),
[92mINFO [0m:      	                (22, 4.310353191992758),
[92mINFO [0m:      	                (23, 2.158895927576665),
[92mINFO [0m:      	                (24, 4.296896592816404),
[92mINFO [0m:      	                (25, 2.13996873624691),
[92mINFO [0m:      	                (26, 4.290881058934504),
[92mINFO [0m:      	                (27, 2.1287399086316747),
[92mINFO [0m:      	                (28, 4.263893503478197),
[92mINFO [0m:      	                (29, 2.1316327309438683),
[92mINFO [0m:      	                (30, 4.260725625970478),
[92mINFO [0m:      	                (31, 2.1149032689790155),
[92mINFO [0m:      	                (32, 4.231202877816931),
[92mINFO [0m:      	                (33, 2.1213012687551163),
[92mINFO [0m:      	                (34, 4.2386384733089475),
[92mINFO [0m:      	                (35, 2.0956622363349546),
[92mINFO [0m:      	                (36, 4.206073844420703),
[92mINFO [0m:      	                (37, 2.0823225551073574),
[92mINFO [0m:      	                (38, 4.189996270755058),
[92mINFO [0m:      	                (39, 2.1004473002250412),
[92mINFO [0m:      	                (40, 4.182141173043546),
[92mINFO [0m:      	                (41, 2.0643733485426567),
[92mINFO [0m:      	                (42, 4.1168461622081),
[92mINFO [0m:      	                (43, 2.0653877599799615),
[92mINFO [0m:      	                (44, 4.124542811055148),
[92mINFO [0m:      	                (45, 2.0581343816716453),
[92mINFO [0m:      	                (46, 4.109022882874839),
[92mINFO [0m:      	                (47, 2.048191579700365),
[92mINFO [0m:      	                (48, 4.08075391472538),
[92mINFO [0m:      	                (49, 2.036003782596375),
[92mINFO [0m:      	                (50, 4.0602835184681325),
[92mINFO [0m:      	                (51, 2.0200561030592583),
[92mINFO [0m:      	                (52, 4.039036494087227),
[92mINFO [0m:      	                (53, 1.9935702873998353),
[92mINFO [0m:      	                (54, 3.9893416407634623),
[92mINFO [0m:      	                (55, 1.9815756940405098),
[92mINFO [0m:      	                (56, 3.9753206072600666),
[92mINFO [0m:      	                (57, 2.002559682820845),
[92mINFO [0m:      	                (58, 4.015274652459736),
[92mINFO [0m:      	                (59, 1.9826664079605987),
[92mINFO [0m:      	                (60, 3.9618263190299543),
[92mINFO [0m:      	                (61, 1.9629276508474887),
[92mINFO [0m:      	                (62, 3.936703720170387),
[92mINFO [0m:      	                (63, 1.9777310325801067),
[92mINFO [0m:      	                (64, 3.9662161143119548),
[92mINFO [0m:      	                (65, 1.9825133842708862),
[92mINFO [0m:      	                (66, 3.96111167566216),
[92mINFO [0m:      	                (67, 1.9598387996638658),
[92mINFO [0m:      	                (68, 3.9095469217698184),
[92mINFO [0m:      	                (69, 1.9706947229643441),
[92mINFO [0m:      	                (70, 3.942019538064454),
[92mINFO [0m:      	                (71, 1.9678364389910463),
[92mINFO [0m:      	                (72, 3.9224746005581217),
[92mINFO [0m:      	                (73, 2.0079770647982254),
[92mINFO [0m:      	                (74, 4.024863632528125),
[92mINFO [0m:      	                (75, 1.9766845792380383),
[92mINFO [0m:      	                (76, 3.94906178199869),
[92mINFO [0m:      	                (77, 2.0234931107576357),
[92mINFO [0m:      	                (78, 4.044907412524141),
[92mINFO [0m:      	                (79, 1.9564716948376302),
[92mINFO [0m:      	                (80, 3.915029256438433),
[92mINFO [0m:      	                (81, 2.016571753531967),
[92mINFO [0m:      	                (82, 4.008728606727576),
[92mINFO [0m:      	                (83, 1.969656958439343),
[92mINFO [0m:      	                (84, 3.9273833894778125),
[92mINFO [0m:      	                (85, 1.9639394405050659),
[92mINFO [0m:      	                (86, 3.938186895034806),
[92mINFO [0m:      	                (87, 1.9235748287134957),
[92mINFO [0m:      	                (88, 3.8675066815024115),
[92mINFO [0m:      	                (89, 1.9493372186639422),
[92mINFO [0m:      	                (90, 3.9026961938774596),
[92mINFO [0m:      	                (91, 1.9344891626740277),
[92mINFO [0m:      	                (92, 3.855695386093),
[92mINFO [0m:      	                (93, 1.940376308902962),
[92mINFO [0m:      	                (94, 3.885067688485007),
[92mINFO [0m:      	                (95, 1.9250339531340652),
[92mINFO [0m:      	                (96, 3.8502826027079493),
[92mINFO [0m:      	                (97, 1.9233631351350646),
[92mINFO [0m:      	                (98, 3.865591665444515),
[92mINFO [0m:      	                (99, 1.9136739045896944),
[92mINFO [0m:      	                (100, 3.835336323890414),
[92mINFO [0m:      	                (101, 1.9282710039482234),
[92mINFO [0m:      	                (102, 3.8557907038520822),
[92mINFO [0m:      	                (103, 1.9137237327630015),
[92mINFO [0m:      	                (104, 3.831857719304966),
[92mINFO [0m:      	                (105, 1.9486445961503023),
[92mINFO [0m:      	                (106, 3.9072715169415715),
[92mINFO [0m:      	                (107, 1.895797433397171),
[92mINFO [0m:      	                (108, 3.819704742664481),
[92mINFO [0m:      	                (109, 1.933329219177805),
[92mINFO [0m:      	                (110, 3.8762423902416523),
[92mINFO [0m:      	                (111, 1.9187859470216087),
[92mINFO [0m:      	                (112, 3.836140788826307),
[92mINFO [0m:      	                (113, 1.9405300714719815),
[92mINFO [0m:      	                (114, 3.881996493179461),
[92mINFO [0m:      	                (115, 1.9230009500032037),
[92mINFO [0m:      	                (116, 3.8328269050419634),
[92mINFO [0m:      	                (117, 1.9445513638935887),
[92mINFO [0m:      	                (118, 3.886300990588789),
[92mINFO [0m:      	                (119, 1.9145213723789032),
[92mINFO [0m:      	                (120, 3.836382662752759),
[92mINFO [0m:      	                (121, 1.9052332892665298),
[92mINFO [0m:      	                (122, 3.8276369026936927),
[92mINFO [0m:      	                (123, 1.9165011707666806),
[92mINFO [0m:      	                (124, 3.821683693514229),
[92mINFO [0m:      	                (125, 1.925554376798147),
[92mINFO [0m:      	                (126, 3.830145667261413),
[92mINFO [0m:      	                (127, 1.8977353483104993),
[92mINFO [0m:      	                (128, 3.805494640074814),
[92mINFO [0m:      	                (129, 1.90772599795585),
[92mINFO [0m:      	                (130, 3.81227825316141),
[92mINFO [0m:      	                (131, 1.8973119085705772),
[92mINFO [0m:      	                (132, 3.787968819696808),
[92mINFO [0m:      	                (133, 1.9065058482141972),
[92mINFO [0m:      	                (134, 3.800777035205799),
[92mINFO [0m:      	                (135, 1.8836858153707012),
[92mINFO [0m:      	                (136, 3.782488695845114),
[92mINFO [0m:      	                (137, 1.8909512641107322),
[92mINFO [0m:      	                (138, 3.794850247946785),
[92mINFO [0m:      	                (139, 1.903551147864527),
[92mINFO [0m:      	                (140, 3.793776558519986),
[92mINFO [0m:      	                (141, 1.904947561456131),
[92mINFO [0m:      	                (142, 3.7977971764813843),
[92mINFO [0m:      	                (143, 1.9022527341561304),
[92mINFO [0m:      	                (144, 3.7974505541889734),
[92mINFO [0m:      	                (145, 1.898182111645036),
[92mINFO [0m:      	                (146, 3.81586964666419),
[92mINFO [0m:      	                (147, 1.905682713381514),
[92mINFO [0m:      	                (148, 3.81506409009621),
[92mINFO [0m:      	                (149, 1.907974240835661),
[92mINFO [0m:      	                (150, 3.8127278429809444),
[92mINFO [0m:      	                (151, 1.875916740828831),
[92mINFO [0m:      	                (152, 3.7883579684904607),
[92mINFO [0m:      	                (153, 1.9066161895938227),
[92mINFO [0m:      	                (154, 3.8086389322368204),
[92mINFO [0m:      	                (155, 1.8914754504711195),
[92mINFO [0m:      	                (156, 3.7767728980172084),
[92mINFO [0m:      	                (157, 1.8966549660885446),
[92mINFO [0m:      	                (158, 3.788408110997927),
[92mINFO [0m:      	                (159, 1.887411885538033),
[92mINFO [0m:      	                (160, 3.7698364071540404)]}
[92mINFO [0m:      	History (metrics, centralized):
[92mINFO [0m:      	{'accuracy': [(0, 0.1),
[92mINFO [0m:      	              (2, 0.1),
[92mINFO [0m:      	              (4, 0.1037),
[92mINFO [0m:      	              (6, 0.1123),
[92mINFO [0m:      	              (8, 0.1022),
[92mINFO [0m:      	              (10, 0.1001),
[92mINFO [0m:      	              (12, 0.1002),
[92mINFO [0m:      	              (14, 0.1001),
[92mINFO [0m:      	              (16, 0.1003),
[92mINFO [0m:      	              (18, 0.1004),
[92mINFO [0m:      	              (20, 0.1003),
[92mINFO [0m:      	              (22, 0.1005),
[92mINFO [0m:      	              (24, 0.1029),
[92mINFO [0m:      	              (26, 0.1151),
[92mINFO [0m:      	              (28, 0.1371),
[92mINFO [0m:      	              (30, 0.1152),
[92mINFO [0m:      	              (32, 0.1363),
[92mINFO [0m:      	              (34, 0.1442),
[92mINFO [0m:      	              (36, 0.1798),
[92mINFO [0m:      	              (38, 0.1864),
[92mINFO [0m:      	              (40, 0.1722),
[92mINFO [0m:      	              (42, 0.1751),
[92mINFO [0m:      	              (44, 0.1807),
[92mINFO [0m:      	              (46, 0.1841),
[92mINFO [0m:      	              (48, 0.1798),
[92mINFO [0m:      	              (50, 0.1847),
[92mINFO [0m:      	              (52, 0.1836),
[92mINFO [0m:      	              (54, 0.1869),
[92mINFO [0m:      	              (56, 0.1849),
[92mINFO [0m:      	              (58, 0.1871),
[92mINFO [0m:      	              (60, 0.1874),
[92mINFO [0m:      	              (62, 0.1875),
[92mINFO [0m:      	              (64, 0.1859),
[92mINFO [0m:      	              (66, 0.1823),
[92mINFO [0m:      	              (68, 0.1853),
[92mINFO [0m:      	              (70, 0.1809),
[92mINFO [0m:      	              (72, 0.1743),
[92mINFO [0m:      	              (74, 0.1628),
[92mINFO [0m:      	              (76, 0.1685),
[92mINFO [0m:      	              (78, 0.1621),
[92mINFO [0m:      	              (80, 0.1626),
[92mINFO [0m:      	              (82, 0.1879),
[92mINFO [0m:      	              (84, 0.1872),
[92mINFO [0m:      	              (86, 0.1872),
[92mINFO [0m:      	              (88, 0.191),
[92mINFO [0m:      	              (90, 0.1906),
[92mINFO [0m:      	              (92, 0.1854),
[92mINFO [0m:      	              (94, 0.1794),
[92mINFO [0m:      	              (96, 0.1892),
[92mINFO [0m:      	              (98, 0.1894),
[92mINFO [0m:      	              (100, 0.1857),
[92mINFO [0m:      	              (102, 0.1873),
[92mINFO [0m:      	              (104, 0.1789),
[92mINFO [0m:      	              (106, 0.1869),
[92mINFO [0m:      	              (108, 0.1855),
[92mINFO [0m:      	              (110, 0.1928),
[92mINFO [0m:      	              (112, 0.1866),
[92mINFO [0m:      	              (114, 0.1935),
[92mINFO [0m:      	              (116, 0.1728),
[92mINFO [0m:      	              (118, 0.1853),
[92mINFO [0m:      	              (120, 0.1734),
[92mINFO [0m:      	              (122, 0.1946),
[92mINFO [0m:      	              (124, 0.1905),
[92mINFO [0m:      	              (126, 0.1937),
[92mINFO [0m:      	              (128, 0.1873),
[92mINFO [0m:      	              (130, 0.1931),
[92mINFO [0m:      	              (132, 0.1902),
[92mINFO [0m:      	              (134, 0.1923),
[92mINFO [0m:      	              (136, 0.1962),
[92mINFO [0m:      	              (138, 0.193),
[92mINFO [0m:      	              (140, 0.1924),
[92mINFO [0m:      	              (142, 0.1954),
[92mINFO [0m:      	              (144, 0.1878),
[92mINFO [0m:      	              (146, 0.1843),
[92mINFO [0m:      	              (148, 0.1834),
[92mINFO [0m:      	              (150, 0.1978),
[92mINFO [0m:      	              (152, 0.1903),
[92mINFO [0m:      	              (154, 0.1944),
[92mINFO [0m:      	              (156, 0.1918),
[92mINFO [0m:      	              (158, 0.197),
[92mINFO [0m:      	              (160, 0.2008)],
[92mINFO [0m:      	 'ece': [(0, 0.08703089010149241),
[92mINFO [0m:      	         (2, 0.10197203582227231),
[92mINFO [0m:      	         (4, 0.0707976770353317),
[92mINFO [0m:      	         (6, 0.07260886683642861),
[92mINFO [0m:      	         (8, 0.11119269942998886),
[92mINFO [0m:      	         (10, 0.11770038639098405),
[92mINFO [0m:      	         (12, 0.11352575104415419),
[92mINFO [0m:      	         (14, 0.12300141455739734),
[92mINFO [0m:      	         (16, 0.12434736125141381),
[92mINFO [0m:      	         (18, 0.13584020707279443),
[92mINFO [0m:      	         (20, 0.12755791438370942),
[92mINFO [0m:      	         (22, 0.13511109579801558),
[92mINFO [0m:      	         (24, 0.12777090934187177),
[92mINFO [0m:      	         (26, 0.09810308697372677),
[92mINFO [0m:      	         (28, 0.06810244795292615),
[92mINFO [0m:      	         (30, 0.10970187843874098),
[92mINFO [0m:      	         (32, 0.08538051802784206),
[92mINFO [0m:      	         (34, 0.0751261593388021),
[92mINFO [0m:      	         (36, 0.03370617594212293),
[92mINFO [0m:      	         (38, 0.044360374998748266),
[92mINFO [0m:      	         (40, 0.06101272211834787),
[92mINFO [0m:      	         (42, 0.0583369509229064),
[92mINFO [0m:      	         (44, 0.04872213030144572),
[92mINFO [0m:      	         (46, 0.046141138948053106),
[92mINFO [0m:      	         (48, 0.05046613138258457),
[92mINFO [0m:      	         (50, 0.047412934664487816),
[92mINFO [0m:      	         (52, 0.04985658271282914),
[92mINFO [0m:      	         (54, 0.04916671172529458),
[92mINFO [0m:      	         (56, 0.04741050738558174),
[92mINFO [0m:      	         (58, 0.059939099353998875),
[92mINFO [0m:      	         (60, 0.04746489811316131),
[92mINFO [0m:      	         (62, 0.06911570834226909),
[92mINFO [0m:      	         (64, 0.06254282277651131),
[92mINFO [0m:      	         (66, 0.0760743637871742),
[92mINFO [0m:      	         (68, 0.052387468766942606),
[92mINFO [0m:      	         (70, 0.08980387167051436),
[92mINFO [0m:      	         (72, 0.06851761785387991),
[92mINFO [0m:      	         (74, 0.13449598852053285),
[92mINFO [0m:      	         (76, 0.0763021243195981),
[92mINFO [0m:      	         (78, 0.13601381829105313),
[92mINFO [0m:      	         (80, 0.07996336316481231),
[92mINFO [0m:      	         (82, 0.09671491191953421),
[92mINFO [0m:      	         (84, 0.07070851861014962),
[92mINFO [0m:      	         (86, 0.08593415981955825),
[92mINFO [0m:      	         (88, 0.06379382739141583),
[92mINFO [0m:      	         (90, 0.10155912602990864),
[92mINFO [0m:      	         (92, 0.0865761587536335),
[92mINFO [0m:      	         (94, 0.11355684864968062),
[92mINFO [0m:      	         (96, 0.07004475511342284),
[92mINFO [0m:      	         (98, 0.09258834938123824),
[92mINFO [0m:      	         (100, 0.0783852361252904),
[92mINFO [0m:      	         (102, 0.10255299986779688),
[92mINFO [0m:      	         (104, 0.07939310129195454),
[92mINFO [0m:      	         (106, 0.13108003248214722),
[92mINFO [0m:      	         (108, 0.079666979309693),
[92mINFO [0m:      	         (110, 0.1147096068368852),
[92mINFO [0m:      	         (112, 0.07826163485333323),
[92mINFO [0m:      	         (114, 0.1012655288514495),
[92mINFO [0m:      	         (116, 0.11017605886429552),
[92mINFO [0m:      	         (118, 0.12832243459329007),
[92mINFO [0m:      	         (120, 0.10371181984573605),
[92mINFO [0m:      	         (122, 0.11811772302135827),
[92mINFO [0m:      	         (124, 0.07868593163892629),
[92mINFO [0m:      	         (126, 0.09973402019605038),
[92mINFO [0m:      	         (128, 0.0813757769961655),
[92mINFO [0m:      	         (130, 0.09777815683918073),
[92mINFO [0m:      	         (132, 0.09049607013754549),
[92mINFO [0m:      	         (134, 0.10912962245523929),
[92mINFO [0m:      	         (136, 0.08198284116506575),
[92mINFO [0m:      	         (138, 0.1308732767494023),
[92mINFO [0m:      	         (140, 0.08646044798776507),
[92mINFO [0m:      	         (142, 0.11318387940861284),
[92mINFO [0m:      	         (144, 0.08499280734054745),
[92mINFO [0m:      	         (146, 0.13273641904119407),
[92mINFO [0m:      	         (148, 0.07908488001484425),
[92mINFO [0m:      	         (150, 0.09878960599124434),
[92mINFO [0m:      	         (152, 0.09083415223181247),
[92mINFO [0m:      	         (154, 0.09382584514707326),
[92mINFO [0m:      	         (156, 0.08879880268201235),
[92mINFO [0m:      	         (158, 0.11534119461163876),
[92mINFO [0m:      	         (160, 0.07435074275121094)]}
[92mINFO [0m:      
[36m(ClientAppActor pid=2551087)[0m [93mWARNING [0m:   Manually terminating ClientAppActor
[36m(ClientAppActor pid=2551088)[0m [2026-08-26 23:37:02,968 E 2551088 2551547] core_worker_process.cc:825: Failed to establish connection to the metrics exporter agent. Metrics will not be exported. Exporter agent status: RpcError: Running out of retries to initialize the metrics agent. rpc_code: 14[32m [repeated 47x across cluster] (Ray deduplicates logs by default. Set RAY_DEDUP_LOGS=0 to disable log deduplication, or see https://docs.ray.io/en/master/ray-observability/user-guides/configure-logging.html#log-deduplication for more options.)[0m
[36m(ClientAppActor pid=2551084)[0m [93mWARNING [0m:   Manually terminating ClientAppActor[32m [repeated 7x across cluster][0m
Finished: sparse_random_keep75_proposed_rep00_seed12025
========================================================================================
Starting 2/6: sparse_random_keep50_proposed_rep00_seed12025
[93mWARNING [0m:   DEPRECATED FEATURE: The `run_simulation` function is deprecated and will be removed in a future version of Flower. Please use `flwr run` in the CLI instead to run your simulation. Refer to the Flower Tutorials for more details: https://flower.ai/docs/framework/tutorial-quickstart-pytorch.html

            This is a deprecated feature. It will be removed
            entirely in future versions of Flower.
        
[92mINFO [0m:      Starting Flower ServerApp, config: num_rounds=160, no round_timeout
[92mINFO [0m:      
[92mINFO [0m:      [INIT]
[92mINFO [0m:      Using initial global parameters provided by strategy
[92mINFO [0m:      Starting evaluation of initial global parameters
[92mINFO [0m:      initial parameters (loss, other metrics): 2.3708087632663397, {'accuracy': 0.1, 'ece': 0.08703089010149241}
[92mINFO [0m:      
[92mINFO [0m:      [ROUND 1]
[92mINFO [0m:      configure_fit: strategy sampled 40 clients (out of 40)
[92mINFO [0m:      aggregate_fit: received 40 results and 0 failures
[92mINFO [0m:      configure_evaluate: no clients selected, skipping evaluation
[92mINFO [0m:      
[92mINFO [0m:      [ROUND 2]
[92mINFO [0m:      configure_fit: strategy sampled 40 clients (out of 40)
[36m(pid=gcs_server)[0m [2026-08-27 00:18:55,021 E 2585693 2585693] (gcs_server) gcs_server.cc:302: Failed to establish connection to the event+metrics exporter agent. Events and metrics will not be exported. Exporter agent status: RpcError: Running out of retries to initialize the metrics agent. rpc_code: 14
[33m(raylet)[0m [2026-08-27 00:18:55,905 E 2585865 2585865] (raylet) main.cc:975: Failed to establish connection to the metrics exporter agent. Metrics will not be exported. Exporter agent status: RpcError: Running out of retries to initialize the metrics agent. rpc_code: 14
[36m(pid=2585965)[0m [2026-08-27 00:18:56,415 E 2585965 2586321] core_worker_process.cc:825: Failed to establish connection to the metrics exporter agent. Metrics will not be exported. Exporter agent status: RpcError: Running out of retries to initialize the metrics agent. rpc_code: 14
[2026-08-27 00:18:56,735 E 2547686 2585963] core_worker_process.cc:825: Failed to establish connection to the metrics exporter agent. Metrics will not be exported. Exporter agent status: RpcError: Running out of retries to initialize the metrics agent. rpc_code: 14
[92mINFO [0m:      aggregate_fit: received 40 results and 0 failures
[92mINFO [0m:      fit progress: (2, 2.372386636089951, {'accuracy': 0.1, 'ece': 0.10188558049589397}, 36.84652194427326)
[92mINFO [0m:      configure_evaluate: no clients selected, skipping evaluation
[92mINFO [0m:      
[92mINFO [0m:      [ROUND 3]
[92mINFO [0m:      configure_fit: strategy sampled 40 clients (out of 40)
[92mINFO [0m:      aggregate_fit: received 40 results and 0 failures
[92mINFO [0m:      configure_evaluate: no clients selected, skipping evaluation
[92mINFO [0m:      
[92mINFO [0m:      [ROUND 4]
[92mINFO [0m:      configure_fit: strategy sampled 40 clients (out of 40)
[92mINFO [0m:      aggregate_fit: received 40 results and 0 failures
[92mINFO [0m:      fit progress: (4, 2.3616887963087136, {'accuracy': 0.1, 'ece': 0.08057004188358782}, 69.82044848008081)
[92mINFO [0m:      configure_evaluate: no clients selected, skipping evaluation
[92mINFO [0m:      
[92mINFO [0m:      [ROUND 5]
[92mINFO [0m:      configure_fit: strategy sampled 40 clients (out of 40)
[92mINFO [0m:      aggregate_fit: received 40 results and 0 failures
[92mINFO [0m:      configure_evaluate: no clients selected, skipping evaluation
[92mINFO [0m:      
[92mINFO [0m:      [ROUND 6]
[92mINFO [0m:      configure_fit: strategy sampled 40 clients (out of 40)
[92mINFO [0m:      aggregate_fit: received 40 results and 0 failures
[92mINFO [0m:      fit progress: (6, 2.37790969002103, {'accuracy': 0.1, 'ece': 0.08951605000466109}, 102.31770215416327)
[92mINFO [0m:      configure_evaluate: no clients selected, skipping evaluation
[92mINFO [0m:      
[92mINFO [0m:      [ROUND 7]
[92mINFO [0m:      configure_fit: strategy sampled 40 clients (out of 40)
[92mINFO [0m:      aggregate_fit: received 40 results and 0 failures
[92mINFO [0m:      configure_evaluate: no clients selected, skipping evaluation
[92mINFO [0m:      
[92mINFO [0m:      [ROUND 8]
[92mINFO [0m:      configure_fit: strategy sampled 40 clients (out of 40)
[92mINFO [0m:      aggregate_fit: received 40 results and 0 failures
[92mINFO [0m:      fit progress: (8, 2.4165068082857637, {'accuracy': 0.1043, 'ece': 0.09530308294832704}, 134.47547743236646)
[92mINFO [0m:      configure_evaluate: no clients selected, skipping evaluation
[92mINFO [0m:      
[92mINFO [0m:      [ROUND 9]
[92mINFO [0m:      configure_fit: strategy sampled 40 clients (out of 40)
[92mINFO [0m:      aggregate_fit: received 40 results and 0 failures
[92mINFO [0m:      configure_evaluate: no clients selected, skipping evaluation
[92mINFO [0m:      
[92mINFO [0m:      [ROUND 10]
[92mINFO [0m:      configure_fit: strategy sampled 40 clients (out of 40)
[92mINFO [0m:      aggregate_fit: received 40 results and 0 failures
[92mINFO [0m:      fit progress: (10, 2.4220303229271694, {'accuracy': 0.1182, 'ece': 0.08223717349916697}, 166.91757763316855)
[92mINFO [0m:      configure_evaluate: no clients selected, skipping evaluation
[92mINFO [0m:      
[92mINFO [0m:      [ROUND 11]
[92mINFO [0m:      configure_fit: strategy sampled 40 clients (out of 40)
[92mINFO [0m:      aggregate_fit: received 40 results and 0 failures
[92mINFO [0m:      configure_evaluate: no clients selected, skipping evaluation
[92mINFO [0m:      
[92mINFO [0m:      [ROUND 12]
[92mINFO [0m:      configure_fit: strategy sampled 40 clients (out of 40)
[92mINFO [0m:      aggregate_fit: received 40 results and 0 failures
[92mINFO [0m:      fit progress: (12, 2.4213921986351643, {'accuracy': 0.1201, 'ece': 0.08131651975601913}, 199.16845180327073)
[92mINFO [0m:      configure_evaluate: no clients selected, skipping evaluation
[92mINFO [0m:      
[92mINFO [0m:      [ROUND 13]
[92mINFO [0m:      configure_fit: strategy sampled 40 clients (out of 40)
[92mINFO [0m:      aggregate_fit: received 40 results and 0 failures
[92mINFO [0m:      configure_evaluate: no clients selected, skipping evaluation
[92mINFO [0m:      
[92mINFO [0m:      [ROUND 14]
[92mINFO [0m:      configure_fit: strategy sampled 40 clients (out of 40)
[92mINFO [0m:      aggregate_fit: received 40 results and 0 failures
[92mINFO [0m:      fit progress: (14, 2.4413671594973114, {'accuracy': 0.1, 'ece': 0.10827410110414028}, 230.8018477652222)
[92mINFO [0m:      configure_evaluate: no clients selected, skipping evaluation
[92mINFO [0m:      
[92mINFO [0m:      [ROUND 15]
[92mINFO [0m:      configure_fit: strategy sampled 40 clients (out of 40)
[92mINFO [0m:      aggregate_fit: received 40 results and 0 failures
[92mINFO [0m:      configure_evaluate: no clients selected, skipping evaluation
[92mINFO [0m:      
[92mINFO [0m:      [ROUND 16]
[92mINFO [0m:      configure_fit: strategy sampled 40 clients (out of 40)
[92mINFO [0m:      aggregate_fit: received 40 results and 0 failures
[92mINFO [0m:      fit progress: (16, 2.4395772187266216, {'accuracy': 0.1001, 'ece': 0.11079209371536969}, 262.7104209312238)
[92mINFO [0m:      configure_evaluate: no clients selected, skipping evaluation
[92mINFO [0m:      
[92mINFO [0m:      [ROUND 17]
[92mINFO [0m:      configure_fit: strategy sampled 40 clients (out of 40)
[92mINFO [0m:      aggregate_fit: received 40 results and 0 failures
[92mINFO [0m:      configure_evaluate: no clients selected, skipping evaluation
[92mINFO [0m:      
[92mINFO [0m:      [ROUND 18]
[92mINFO [0m:      configure_fit: strategy sampled 40 clients (out of 40)
[92mINFO [0m:      aggregate_fit: received 40 results and 0 failures
[92mINFO [0m:      fit progress: (18, 2.4604608312779055, {'accuracy': 0.1, 'ece': 0.12711044728726154}, 294.8073882632889)
[92mINFO [0m:      configure_evaluate: no clients selected, skipping evaluation
[92mINFO [0m:      
[92mINFO [0m:      [ROUND 19]
[92mINFO [0m:      configure_fit: strategy sampled 40 clients (out of 40)
[92mINFO [0m:      aggregate_fit: received 40 results and 0 failures
[92mINFO [0m:      configure_evaluate: no clients selected, skipping evaluation
[92mINFO [0m:      
[92mINFO [0m:      [ROUND 20]
[92mINFO [0m:      configure_fit: strategy sampled 40 clients (out of 40)
[92mINFO [0m:      aggregate_fit: received 40 results and 0 failures
[92mINFO [0m:      fit progress: (20, 2.4554730281414896, {'accuracy': 0.1, 'ece': 0.12726089586436745}, 326.5206527961418)
[92mINFO [0m:      configure_evaluate: no clients selected, skipping evaluation
[92mINFO [0m:      
[92mINFO [0m:      [ROUND 21]
[92mINFO [0m:      configure_fit: strategy sampled 40 clients (out of 40)
[92mINFO [0m:      aggregate_fit: received 40 results and 0 failures
[92mINFO [0m:      configure_evaluate: no clients selected, skipping evaluation
[92mINFO [0m:      
[92mINFO [0m:      [ROUND 22]
[92mINFO [0m:      configure_fit: strategy sampled 40 clients (out of 40)
[92mINFO [0m:      aggregate_fit: received 40 results and 0 failures
[92mINFO [0m:      fit progress: (22, 2.4587002510498563, {'accuracy': 0.1, 'ece': 0.13982171886891126}, 358.77951620705426)
[92mINFO [0m:      configure_evaluate: no clients selected, skipping evaluation
[92mINFO [0m:      
[92mINFO [0m:      [ROUND 23]
[92mINFO [0m:      configure_fit: strategy sampled 40 clients (out of 40)
[92mINFO [0m:      aggregate_fit: received 40 results and 0 failures
[92mINFO [0m:      configure_evaluate: no clients selected, skipping evaluation
[92mINFO [0m:      
[92mINFO [0m:      [ROUND 24]
[92mINFO [0m:      configure_fit: strategy sampled 40 clients (out of 40)
[92mINFO [0m:      aggregate_fit: received 40 results and 0 failures
[92mINFO [0m:      fit progress: (24, 2.481936407200257, {'accuracy': 0.1001, 'ece': 0.13815028648138045}, 390.9354753103107)
[92mINFO [0m:      configure_evaluate: no clients selected, skipping evaluation
[92mINFO [0m:      
[92mINFO [0m:      [ROUND 25]
[92mINFO [0m:      configure_fit: strategy sampled 40 clients (out of 40)
[92mINFO [0m:      aggregate_fit: received 40 results and 0 failures
[92mINFO [0m:      configure_evaluate: no clients selected, skipping evaluation
[92mINFO [0m:      
[92mINFO [0m:      [ROUND 26]
[92mINFO [0m:      configure_fit: strategy sampled 40 clients (out of 40)
[92mINFO [0m:      aggregate_fit: received 40 results and 0 failures
[92mINFO [0m:      fit progress: (26, 2.463148051431162, {'accuracy': 0.1005, 'ece': 0.12827807704031471}, 423.09854231309146)
[92mINFO [0m:      configure_evaluate: no clients selected, skipping evaluation
[92mINFO [0m:      
[92mINFO [0m:      [ROUND 27]
[92mINFO [0m:      configure_fit: strategy sampled 40 clients (out of 40)
[92mINFO [0m:      aggregate_fit: received 40 results and 0 failures
[92mINFO [0m:      configure_evaluate: no clients selected, skipping evaluation
[92mINFO [0m:      
[92mINFO [0m:      [ROUND 28]
[92mINFO [0m:      configure_fit: strategy sampled 40 clients (out of 40)
[92mINFO [0m:      aggregate_fit: received 40 results and 0 failures
[92mINFO [0m:      fit progress: (28, 2.461253597899863, {'accuracy': 0.1011, 'ece': 0.11781267818033699}, 454.7661651154049)
[92mINFO [0m:      configure_evaluate: no clients selected, skipping evaluation
[92mINFO [0m:      
[92mINFO [0m:      [ROUND 29]
[92mINFO [0m:      configure_fit: strategy sampled 40 clients (out of 40)
[92mINFO [0m:      aggregate_fit: received 40 results and 0 failures
[92mINFO [0m:      configure_evaluate: no clients selected, skipping evaluation
[92mINFO [0m:      
[92mINFO [0m:      [ROUND 30]
[92mINFO [0m:      configure_fit: strategy sampled 40 clients (out of 40)
[92mINFO [0m:      aggregate_fit: received 40 results and 0 failures
[92mINFO [0m:      fit progress: (30, 2.4739678284093007, {'accuracy': 0.1, 'ece': 0.1404321440950036}, 486.51154720410705)
[92mINFO [0m:      configure_evaluate: no clients selected, skipping evaluation
[92mINFO [0m:      
[92mINFO [0m:      [ROUND 31]
[92mINFO [0m:      configure_fit: strategy sampled 40 clients (out of 40)
[92mINFO [0m:      aggregate_fit: received 40 results and 0 failures
[92mINFO [0m:      configure_evaluate: no clients selected, skipping evaluation
[92mINFO [0m:      
[92mINFO [0m:      [ROUND 32]
[92mINFO [0m:      configure_fit: strategy sampled 40 clients (out of 40)
[92mINFO [0m:      aggregate_fit: received 40 results and 0 failures
[92mINFO [0m:      fit progress: (32, 2.460306343265254, {'accuracy': 0.1008, 'ece': 0.13953926182150836}, 518.7097920142114)
[92mINFO [0m:      configure_evaluate: no clients selected, skipping evaluation
[92mINFO [0m:      
[92mINFO [0m:      [ROUND 33]
[92mINFO [0m:      configure_fit: strategy sampled 40 clients (out of 40)
[92mINFO [0m:      aggregate_fit: received 40 results and 0 failures
[92mINFO [0m:      configure_evaluate: no clients selected, skipping evaluation
[92mINFO [0m:      
[92mINFO [0m:      [ROUND 34]
[92mINFO [0m:      configure_fit: strategy sampled 40 clients (out of 40)
[92mINFO [0m:      aggregate_fit: received 40 results and 0 failures
[92mINFO [0m:      fit progress: (34, 2.4701601050221353, {'accuracy': 0.1007, 'ece': 0.12743302341878415}, 551.0155766792595)
[92mINFO [0m:      configure_evaluate: no clients selected, skipping evaluation
[92mINFO [0m:      
[92mINFO [0m:      [ROUND 35]
[92mINFO [0m:      configure_fit: strategy sampled 40 clients (out of 40)
[92mINFO [0m:      aggregate_fit: received 40 results and 0 failures
[92mINFO [0m:      configure_evaluate: no clients selected, skipping evaluation
[92mINFO [0m:      
[92mINFO [0m:      [ROUND 36]
[92mINFO [0m:      configure_fit: strategy sampled 40 clients (out of 40)
[92mINFO [0m:      aggregate_fit: received 40 results and 0 failures
[92mINFO [0m:      fit progress: (36, 2.4580358263868103, {'accuracy': 0.1143, 'ece': 0.10082357387393713}, 583.4795817350969)
[92mINFO [0m:      configure_evaluate: no clients selected, skipping evaluation
[92mINFO [0m:      
[92mINFO [0m:      [ROUND 37]
[92mINFO [0m:      configure_fit: strategy sampled 40 clients (out of 40)
[92mINFO [0m:      aggregate_fit: received 40 results and 0 failures
[92mINFO [0m:      configure_evaluate: no clients selected, skipping evaluation
[92mINFO [0m:      
[92mINFO [0m:      [ROUND 38]
[92mINFO [0m:      configure_fit: strategy sampled 40 clients (out of 40)
[92mINFO [0m:      aggregate_fit: received 40 results and 0 failures
[92mINFO [0m:      fit progress: (38, 2.4378950148456724, {'accuracy': 0.1372, 'ece': 0.06251875652343032}, 616.4045069511048)
[92mINFO [0m:      configure_evaluate: no clients selected, skipping evaluation
[92mINFO [0m:      
[92mINFO [0m:      [ROUND 39]
[92mINFO [0m:      configure_fit: strategy sampled 40 clients (out of 40)
[92mINFO [0m:      aggregate_fit: received 40 results and 0 failures
[92mINFO [0m:      configure_evaluate: no clients selected, skipping evaluation
[92mINFO [0m:      
[92mINFO [0m:      [ROUND 40]
[92mINFO [0m:      configure_fit: strategy sampled 40 clients (out of 40)
[92mINFO [0m:      aggregate_fit: received 40 results and 0 failures
[92mINFO [0m:      fit progress: (40, 2.4592979462656026, {'accuracy': 0.1083, 'ece': 0.11804316678181291}, 648.8734207092784)
[92mINFO [0m:      configure_evaluate: no clients selected, skipping evaluation
[92mINFO [0m:      
[92mINFO [0m:      [ROUND 41]
[92mINFO [0m:      configure_fit: strategy sampled 40 clients (out of 40)
[92mINFO [0m:      aggregate_fit: received 40 results and 0 failures
[92mINFO [0m:      configure_evaluate: no clients selected, skipping evaluation
[92mINFO [0m:      
[92mINFO [0m:      [ROUND 42]
[92mINFO [0m:      configure_fit: strategy sampled 40 clients (out of 40)
[92mINFO [0m:      aggregate_fit: received 40 results and 0 failures
[92mINFO [0m:      fit progress: (42, 2.4356024961444724, {'accuracy': 0.1115, 'ece': 0.10737559958636761}, 683.0963660944253)
[92mINFO [0m:      configure_evaluate: no clients selected, skipping evaluation
[92mINFO [0m:      
[92mINFO [0m:      [ROUND 43]
[92mINFO [0m:      configure_fit: strategy sampled 40 clients (out of 40)
[92mINFO [0m:      aggregate_fit: received 40 results and 0 failures
[92mINFO [0m:      configure_evaluate: no clients selected, skipping evaluation
[92mINFO [0m:      
[92mINFO [0m:      [ROUND 44]
[92mINFO [0m:      configure_fit: strategy sampled 40 clients (out of 40)
[92mINFO [0m:      aggregate_fit: received 40 results and 0 failures
[92mINFO [0m:      fit progress: (44, 2.4465367337893076, {'accuracy': 0.1154, 'ece': 0.10854072730362416}, 716.4974207230844)
[92mINFO [0m:      configure_evaluate: no clients selected, skipping evaluation
[92mINFO [0m:      
[92mINFO [0m:      [ROUND 45]
[92mINFO [0m:      configure_fit: strategy sampled 40 clients (out of 40)
[92mINFO [0m:      aggregate_fit: received 40 results and 0 failures
[92mINFO [0m:      configure_evaluate: no clients selected, skipping evaluation
[92mINFO [0m:      
[92mINFO [0m:      [ROUND 46]
[92mINFO [0m:      configure_fit: strategy sampled 40 clients (out of 40)
[92mINFO [0m:      aggregate_fit: received 40 results and 0 failures
[92mINFO [0m:      fit progress: (46, 2.4315689769525664, {'accuracy': 0.1331, 'ece': 0.07602742960959673}, 749.4370840201154)
[92mINFO [0m:      configure_evaluate: no clients selected, skipping evaluation
[92mINFO [0m:      
[92mINFO [0m:      [ROUND 47]
[92mINFO [0m:      configure_fit: strategy sampled 40 clients (out of 40)
[92mINFO [0m:      aggregate_fit: received 40 results and 0 failures
[92mINFO [0m:      configure_evaluate: no clients selected, skipping evaluation
[92mINFO [0m:      
[92mINFO [0m:      [ROUND 48]
[92mINFO [0m:      configure_fit: strategy sampled 40 clients (out of 40)
[92mINFO [0m:      aggregate_fit: received 40 results and 0 failures
[92mINFO [0m:      fit progress: (48, 2.430902642101991, {'accuracy': 0.1235, 'ece': 0.09366360296487809}, 782.2898087101057)
[92mINFO [0m:      configure_evaluate: no clients selected, skipping evaluation
[92mINFO [0m:      
[92mINFO [0m:      [ROUND 49]
[92mINFO [0m:      configure_fit: strategy sampled 40 clients (out of 40)
[92mINFO [0m:      aggregate_fit: received 40 results and 0 failures
[92mINFO [0m:      configure_evaluate: no clients selected, skipping evaluation
[92mINFO [0m:      
[92mINFO [0m:      [ROUND 50]
[92mINFO [0m:      configure_fit: strategy sampled 40 clients (out of 40)
[92mINFO [0m:      aggregate_fit: received 40 results and 0 failures
[92mINFO [0m:      fit progress: (50, 2.41378478001131, {'accuracy': 0.1407, 'ece': 0.07390214515641329}, 814.4166075880639)
[92mINFO [0m:      configure_evaluate: no clients selected, skipping evaluation
[92mINFO [0m:      
[92mINFO [0m:      [ROUND 51]
[92mINFO [0m:      configure_fit: strategy sampled 40 clients (out of 40)
[92mINFO [0m:      aggregate_fit: received 40 results and 0 failures
[92mINFO [0m:      configure_evaluate: no clients selected, skipping evaluation
[92mINFO [0m:      
[92mINFO [0m:      [ROUND 52]
[92mINFO [0m:      configure_fit: strategy sampled 40 clients (out of 40)
[92mINFO [0m:      aggregate_fit: received 40 results and 0 failures
[92mINFO [0m:      fit progress: (52, 2.4152312851817554, {'accuracy': 0.1429, 'ece': 0.07693731228142976}, 847.5675474670716)
[92mINFO [0m:      configure_evaluate: no clients selected, skipping evaluation
[92mINFO [0m:      
[92mINFO [0m:      [ROUND 53]
[92mINFO [0m:      configure_fit: strategy sampled 40 clients (out of 40)
[92mINFO [0m:      aggregate_fit: received 40 results and 0 failures
[92mINFO [0m:      configure_evaluate: no clients selected, skipping evaluation
[92mINFO [0m:      
[92mINFO [0m:      [ROUND 54]
[92mINFO [0m:      configure_fit: strategy sampled 40 clients (out of 40)
[92mINFO [0m:      aggregate_fit: received 40 results and 0 failures
[92mINFO [0m:      fit progress: (54, 2.4003334053377983, {'accuracy': 0.1638, 'ece': 0.045405616927742934}, 879.4024863913655)
[92mINFO [0m:      configure_evaluate: no clients selected, skipping evaluation
[92mINFO [0m:      
[92mINFO [0m:      [ROUND 55]
[92mINFO [0m:      configure_fit: strategy sampled 40 clients (out of 40)
[92mINFO [0m:      aggregate_fit: received 40 results and 0 failures
[92mINFO [0m:      configure_evaluate: no clients selected, skipping evaluation
[92mINFO [0m:      
[92mINFO [0m:      [ROUND 56]
[92mINFO [0m:      configure_fit: strategy sampled 40 clients (out of 40)
[92mINFO [0m:      aggregate_fit: received 40 results and 0 failures
[92mINFO [0m:      fit progress: (56, 2.3863511150172037, {'accuracy': 0.1694, 'ece': 0.039860123182535206}, 911.606664837338)
[92mINFO [0m:      configure_evaluate: no clients selected, skipping evaluation
[92mINFO [0m:      
[92mINFO [0m:      [ROUND 57]
[92mINFO [0m:      configure_fit: strategy sampled 40 clients (out of 40)
[92mINFO [0m:      aggregate_fit: received 40 results and 0 failures
[92mINFO [0m:      configure_evaluate: no clients selected, skipping evaluation
[92mINFO [0m:      
[92mINFO [0m:      [ROUND 58]
[92mINFO [0m:      configure_fit: strategy sampled 40 clients (out of 40)
[92mINFO [0m:      aggregate_fit: received 40 results and 0 failures
[92mINFO [0m:      fit progress: (58, 2.402909618840184, {'accuracy': 0.1817, 'ece': 0.03385529617875815}, 943.2946791863069)
[92mINFO [0m:      configure_evaluate: no clients selected, skipping evaluation
[92mINFO [0m:      
[92mINFO [0m:      [ROUND 59]
[92mINFO [0m:      configure_fit: strategy sampled 40 clients (out of 40)
[92mINFO [0m:      aggregate_fit: received 40 results and 0 failures
[92mINFO [0m:      configure_evaluate: no clients selected, skipping evaluation
[92mINFO [0m:      
[92mINFO [0m:      [ROUND 60]
[92mINFO [0m:      configure_fit: strategy sampled 40 clients (out of 40)
[92mINFO [0m:      aggregate_fit: received 40 results and 0 failures
[92mINFO [0m:      fit progress: (60, 2.3769045663512185, {'accuracy': 0.1643, 'ece': 0.0514064537423849}, 975.6880205832422)
[92mINFO [0m:      configure_evaluate: no clients selected, skipping evaluation
[92mINFO [0m:      
[92mINFO [0m:      [ROUND 61]
[92mINFO [0m:      configure_fit: strategy sampled 40 clients (out of 40)
[92mINFO [0m:      aggregate_fit: received 40 results and 0 failures
[92mINFO [0m:      configure_evaluate: no clients selected, skipping evaluation
[92mINFO [0m:      
[92mINFO [0m:      [ROUND 62]
[92mINFO [0m:      configure_fit: strategy sampled 40 clients (out of 40)
[92mINFO [0m:      aggregate_fit: received 40 results and 0 failures
[92mINFO [0m:      fit progress: (62, 2.379494598515168, {'accuracy': 0.1811, 'ece': 0.0442692244189978}, 1007.5954334321432)
[92mINFO [0m:      configure_evaluate: no clients selected, skipping evaluation
[92mINFO [0m:      
[92mINFO [0m:      [ROUND 63]
[92mINFO [0m:      configure_fit: strategy sampled 40 clients (out of 40)
[92mINFO [0m:      aggregate_fit: received 40 results and 0 failures
[92mINFO [0m:      configure_evaluate: no clients selected, skipping evaluation
[92mINFO [0m:      
[92mINFO [0m:      [ROUND 64]
[92mINFO [0m:      configure_fit: strategy sampled 40 clients (out of 40)
[92mINFO [0m:      aggregate_fit: received 40 results and 0 failures
[92mINFO [0m:      fit progress: (64, 2.3653777979480664, {'accuracy': 0.1681, 'ece': 0.06666890584170818}, 1039.4435216132551)
[92mINFO [0m:      configure_evaluate: no clients selected, skipping evaluation
[92mINFO [0m:      
[92mINFO [0m:      [ROUND 65]
[92mINFO [0m:      configure_fit: strategy sampled 40 clients (out of 40)
[92mINFO [0m:      aggregate_fit: received 40 results and 0 failures
[92mINFO [0m:      configure_evaluate: no clients selected, skipping evaluation
[92mINFO [0m:      
[92mINFO [0m:      [ROUND 66]
[92mINFO [0m:      configure_fit: strategy sampled 40 clients (out of 40)
[92mINFO [0m:      aggregate_fit: received 40 results and 0 failures
[92mINFO [0m:      fit progress: (66, 2.356775124178887, {'accuracy': 0.1835, 'ece': 0.04457435342401267}, 1071.4736228873953)
[92mINFO [0m:      configure_evaluate: no clients selected, skipping evaluation
[92mINFO [0m:      
[92mINFO [0m:      [ROUND 67]
[92mINFO [0m:      configure_fit: strategy sampled 40 clients (out of 40)
[92mINFO [0m:      aggregate_fit: received 40 results and 0 failures
[92mINFO [0m:      configure_evaluate: no clients selected, skipping evaluation
[92mINFO [0m:      
[92mINFO [0m:      [ROUND 68]
[92mINFO [0m:      configure_fit: strategy sampled 40 clients (out of 40)
[92mINFO [0m:      aggregate_fit: received 40 results and 0 failures
[92mINFO [0m:      fit progress: (68, 2.3454156128763626, {'accuracy': 0.1767, 'ece': 0.05038929403021931}, 1104.085640402045)
[92mINFO [0m:      configure_evaluate: no clients selected, skipping evaluation
[92mINFO [0m:      
[92mINFO [0m:      [ROUND 69]
[92mINFO [0m:      configure_fit: strategy sampled 40 clients (out of 40)
[92mINFO [0m:      aggregate_fit: received 40 results and 0 failures
[92mINFO [0m:      configure_evaluate: no clients selected, skipping evaluation
[92mINFO [0m:      
[92mINFO [0m:      [ROUND 70]
[92mINFO [0m:      configure_fit: strategy sampled 40 clients (out of 40)
[92mINFO [0m:      aggregate_fit: received 40 results and 0 failures
[92mINFO [0m:      fit progress: (70, 2.349775688891653, {'accuracy': 0.1806, 'ece': 0.056513028555363436}, 1137.6184979672544)
[92mINFO [0m:      configure_evaluate: no clients selected, skipping evaluation
[92mINFO [0m:      
[92mINFO [0m:      [ROUND 71]
[92mINFO [0m:      configure_fit: strategy sampled 40 clients (out of 40)
[92mINFO [0m:      aggregate_fit: received 40 results and 0 failures
[92mINFO [0m:      configure_evaluate: no clients selected, skipping evaluation
[92mINFO [0m:      
[92mINFO [0m:      [ROUND 72]
[92mINFO [0m:      configure_fit: strategy sampled 40 clients (out of 40)
[92mINFO [0m:      aggregate_fit: received 40 results and 0 failures
[92mINFO [0m:      fit progress: (72, 2.337036383673209, {'accuracy': 0.1828, 'ece': 0.053977473485618835}, 1170.8237383561209)
[92mINFO [0m:      configure_evaluate: no clients selected, skipping evaluation
[92mINFO [0m:      
[92mINFO [0m:      [ROUND 73]
[92mINFO [0m:      configure_fit: strategy sampled 40 clients (out of 40)
[92mINFO [0m:      aggregate_fit: received 40 results and 0 failures
[92mINFO [0m:      configure_evaluate: no clients selected, skipping evaluation
[92mINFO [0m:      
[92mINFO [0m:      [ROUND 74]
[92mINFO [0m:      configure_fit: strategy sampled 40 clients (out of 40)
[92mINFO [0m:      aggregate_fit: received 40 results and 0 failures
[92mINFO [0m:      fit progress: (74, 2.3380749473724123, {'accuracy': 0.1804, 'ece': 0.05748637173131106}, 1204.0495836590417)
[92mINFO [0m:      configure_evaluate: no clients selected, skipping evaluation
[92mINFO [0m:      
[92mINFO [0m:      [ROUND 75]
[92mINFO [0m:      configure_fit: strategy sampled 40 clients (out of 40)
[92mINFO [0m:      aggregate_fit: received 40 results and 0 failures
[92mINFO [0m:      configure_evaluate: no clients selected, skipping evaluation
[92mINFO [0m:      
[92mINFO [0m:      [ROUND 76]
[92mINFO [0m:      configure_fit: strategy sampled 40 clients (out of 40)
[92mINFO [0m:      aggregate_fit: received 40 results and 0 failures
[92mINFO [0m:      fit progress: (76, 2.3282196520042593, {'accuracy': 0.1878, 'ece': 0.04968853882998229}, 1238.0534714171663)
[92mINFO [0m:      configure_evaluate: no clients selected, skipping evaluation
[92mINFO [0m:      
[92mINFO [0m:      [ROUND 77]
[92mINFO [0m:      configure_fit: strategy sampled 40 clients (out of 40)
[92mINFO [0m:      aggregate_fit: received 40 results and 0 failures
[92mINFO [0m:      configure_evaluate: no clients selected, skipping evaluation
[92mINFO [0m:      
[92mINFO [0m:      [ROUND 78]
[92mINFO [0m:      configure_fit: strategy sampled 40 clients (out of 40)
[92mINFO [0m:      aggregate_fit: received 40 results and 0 failures
[92mINFO [0m:      fit progress: (78, 2.32232447697859, {'accuracy': 0.1817, 'ece': 0.053488412111848585}, 1270.9014075300656)
[92mINFO [0m:      configure_evaluate: no clients selected, skipping evaluation
[92mINFO [0m:      
[92mINFO [0m:      [ROUND 79]
[92mINFO [0m:      configure_fit: strategy sampled 40 clients (out of 40)
[92mINFO [0m:      aggregate_fit: received 40 results and 0 failures
[92mINFO [0m:      configure_evaluate: no clients selected, skipping evaluation
[92mINFO [0m:      
[92mINFO [0m:      [ROUND 80]
[92mINFO [0m:      configure_fit: strategy sampled 40 clients (out of 40)
[92mINFO [0m:      aggregate_fit: received 40 results and 0 failures
[92mINFO [0m:      fit progress: (80, 2.3147085780645273, {'accuracy': 0.1847, 'ece': 0.04661337023630736}, 1304.0285860942677)
[92mINFO [0m:      configure_evaluate: no clients selected, skipping evaluation
[92mINFO [0m:      
[92mINFO [0m:      [ROUND 81]
[92mINFO [0m:      configure_fit: strategy sampled 40 clients (out of 40)
[92mINFO [0m:      aggregate_fit: received 40 results and 0 failures
[92mINFO [0m:      configure_evaluate: no clients selected, skipping evaluation
[92mINFO [0m:      
[92mINFO [0m:      [ROUND 82]
[92mINFO [0m:      configure_fit: strategy sampled 40 clients (out of 40)
[92mINFO [0m:      aggregate_fit: received 40 results and 0 failures
[92mINFO [0m:      fit progress: (82, 2.31662784291608, {'accuracy': 0.1858, 'ece': 0.05842282376706601}, 1336.9147149631754)
[92mINFO [0m:      configure_evaluate: no clients selected, skipping evaluation
[92mINFO [0m:      
[92mINFO [0m:      [ROUND 83]
[92mINFO [0m:      configure_fit: strategy sampled 40 clients (out of 40)
[92mINFO [0m:      aggregate_fit: received 40 results and 0 failures
[92mINFO [0m:      configure_evaluate: no clients selected, skipping evaluation
[92mINFO [0m:      
[92mINFO [0m:      [ROUND 84]
[92mINFO [0m:      configure_fit: strategy sampled 40 clients (out of 40)
[92mINFO [0m:      aggregate_fit: received 40 results and 0 failures
[92mINFO [0m:      fit progress: (84, 2.3225388746864906, {'accuracy': 0.1806, 'ece': 0.07338774284631017}, 1369.1065037092194)
[92mINFO [0m:      configure_evaluate: no clients selected, skipping evaluation
[92mINFO [0m:      
[92mINFO [0m:      [ROUND 85]
[92mINFO [0m:      configure_fit: strategy sampled 40 clients (out of 40)
[92mINFO [0m:      aggregate_fit: received 40 results and 0 failures
[92mINFO [0m:      configure_evaluate: no clients selected, skipping evaluation
[92mINFO [0m:      
[92mINFO [0m:      [ROUND 86]
[92mINFO [0m:      configure_fit: strategy sampled 40 clients (out of 40)
[92mINFO [0m:      aggregate_fit: received 40 results and 0 failures
[92mINFO [0m:      fit progress: (86, 2.3016266261932916, {'accuracy': 0.1894, 'ece': 0.0434895313540101}, 1401.4354488090612)
[92mINFO [0m:      configure_evaluate: no clients selected, skipping evaluation
[92mINFO [0m:      
[92mINFO [0m:      [ROUND 87]
[92mINFO [0m:      configure_fit: strategy sampled 40 clients (out of 40)
[92mINFO [0m:      aggregate_fit: received 40 results and 0 failures
[92mINFO [0m:      configure_evaluate: no clients selected, skipping evaluation
[92mINFO [0m:      
[92mINFO [0m:      [ROUND 88]
[92mINFO [0m:      configure_fit: strategy sampled 40 clients (out of 40)
[92mINFO [0m:      aggregate_fit: received 40 results and 0 failures
[92mINFO [0m:      fit progress: (88, 2.305868633337294, {'accuracy': 0.185, 'ece': 0.061218215922266256}, 1433.4815843710676)
[92mINFO [0m:      configure_evaluate: no clients selected, skipping evaluation
[92mINFO [0m:      
[92mINFO [0m:      [ROUND 89]
[92mINFO [0m:      configure_fit: strategy sampled 40 clients (out of 40)
[92mINFO [0m:      aggregate_fit: received 40 results and 0 failures
[92mINFO [0m:      configure_evaluate: no clients selected, skipping evaluation
[92mINFO [0m:      
[92mINFO [0m:      [ROUND 90]
[92mINFO [0m:      configure_fit: strategy sampled 40 clients (out of 40)
[92mINFO [0m:      aggregate_fit: received 40 results and 0 failures
[92mINFO [0m:      fit progress: (90, 2.3160078770738104, {'accuracy': 0.1835, 'ece': 0.06855221022941171}, 1465.814803936053)
[92mINFO [0m:      configure_evaluate: no clients selected, skipping evaluation
[92mINFO [0m:      
[92mINFO [0m:      [ROUND 91]
[92mINFO [0m:      configure_fit: strategy sampled 40 clients (out of 40)
[92mINFO [0m:      aggregate_fit: received 40 results and 0 failures
[92mINFO [0m:      configure_evaluate: no clients selected, skipping evaluation
[92mINFO [0m:      
[92mINFO [0m:      [ROUND 92]
[92mINFO [0m:      configure_fit: strategy sampled 40 clients (out of 40)
[92mINFO [0m:      aggregate_fit: received 40 results and 0 failures
[92mINFO [0m:      fit progress: (92, 2.3018892238202993, {'accuracy': 0.1889, 'ece': 0.06936037682995201}, 1497.7909661573358)
[92mINFO [0m:      configure_evaluate: no clients selected, skipping evaluation
[92mINFO [0m:      
[92mINFO [0m:      [ROUND 93]
[92mINFO [0m:      configure_fit: strategy sampled 40 clients (out of 40)
[92mINFO [0m:      aggregate_fit: received 40 results and 0 failures
[92mINFO [0m:      configure_evaluate: no clients selected, skipping evaluation
[92mINFO [0m:      
[92mINFO [0m:      [ROUND 94]
[92mINFO [0m:      configure_fit: strategy sampled 40 clients (out of 40)
[92mINFO [0m:      aggregate_fit: received 40 results and 0 failures
[92mINFO [0m:      fit progress: (94, 2.2914434153817647, {'accuracy': 0.1846, 'ece': 0.06716277814298867}, 1530.316758660134)
[92mINFO [0m:      configure_evaluate: no clients selected, skipping evaluation
[92mINFO [0m:      
[92mINFO [0m:      [ROUND 95]
[92mINFO [0m:      configure_fit: strategy sampled 40 clients (out of 40)
[92mINFO [0m:      aggregate_fit: received 40 results and 0 failures
[92mINFO [0m:      configure_evaluate: no clients selected, skipping evaluation
[92mINFO [0m:      
[92mINFO [0m:      [ROUND 96]
[92mINFO [0m:      configure_fit: strategy sampled 40 clients (out of 40)
[92mINFO [0m:      aggregate_fit: received 40 results and 0 failures
[92mINFO [0m:      fit progress: (96, 2.2898516847933017, {'accuracy': 0.1882, 'ece': 0.06433738222241402}, 1562.163504761178)
[92mINFO [0m:      configure_evaluate: no clients selected, skipping evaluation
[92mINFO [0m:      
[92mINFO [0m:      [ROUND 97]
[92mINFO [0m:      configure_fit: strategy sampled 40 clients (out of 40)
[92mINFO [0m:      aggregate_fit: received 40 results and 0 failures
[92mINFO [0m:      configure_evaluate: no clients selected, skipping evaluation
[92mINFO [0m:      
[92mINFO [0m:      [ROUND 98]
[92mINFO [0m:      configure_fit: strategy sampled 40 clients (out of 40)
[92mINFO [0m:      aggregate_fit: received 40 results and 0 failures
[92mINFO [0m:      fit progress: (98, 2.2920177407537596, {'accuracy': 0.1884, 'ece': 0.056920801846832056}, 1593.9775403523818)
[92mINFO [0m:      configure_evaluate: no clients selected, skipping evaluation
[92mINFO [0m:      
[92mINFO [0m:      [ROUND 99]
[92mINFO [0m:      configure_fit: strategy sampled 40 clients (out of 40)
[92mINFO [0m:      aggregate_fit: received 40 results and 0 failures
[92mINFO [0m:      configure_evaluate: no clients selected, skipping evaluation
[92mINFO [0m:      
[92mINFO [0m:      [ROUND 100]
[92mINFO [0m:      configure_fit: strategy sampled 40 clients (out of 40)
[92mINFO [0m:      aggregate_fit: received 40 results and 0 failures
[92mINFO [0m:      fit progress: (100, 2.2656443074757453, {'accuracy': 0.1876, 'ece': 0.06892928709238766}, 1626.1545251281932)
[92mINFO [0m:      configure_evaluate: no clients selected, skipping evaluation
[92mINFO [0m:      
[92mINFO [0m:      [ROUND 101]
[92mINFO [0m:      configure_fit: strategy sampled 40 clients (out of 40)
[92mINFO [0m:      aggregate_fit: received 40 results and 0 failures
[92mINFO [0m:      configure_evaluate: no clients selected, skipping evaluation
[92mINFO [0m:      
[92mINFO [0m:      [ROUND 102]
[92mINFO [0m:      configure_fit: strategy sampled 40 clients (out of 40)
[92mINFO [0m:      aggregate_fit: received 40 results and 0 failures
[92mINFO [0m:      fit progress: (102, 2.2711720497149237, {'accuracy': 0.1877, 'ece': 0.05842388593718408}, 1659.1440946031362)
[92mINFO [0m:      configure_evaluate: no clients selected, skipping evaluation
[92mINFO [0m:      
[92mINFO [0m:      [ROUND 103]
[92mINFO [0m:      configure_fit: strategy sampled 40 clients (out of 40)
[92mINFO [0m:      aggregate_fit: received 40 results and 0 failures
[92mINFO [0m:      configure_evaluate: no clients selected, skipping evaluation
[92mINFO [0m:      
[92mINFO [0m:      [ROUND 104]
[92mINFO [0m:      configure_fit: strategy sampled 40 clients (out of 40)
[92mINFO [0m:      aggregate_fit: received 40 results and 0 failures
[92mINFO [0m:      fit progress: (104, 2.264832473273935, {'accuracy': 0.1895, 'ece': 0.05331203218191863}, 1692.3374515282921)
[92mINFO [0m:      configure_evaluate: no clients selected, skipping evaluation
[92mINFO [0m:      
[92mINFO [0m:      [ROUND 105]
[92mINFO [0m:      configure_fit: strategy sampled 40 clients (out of 40)
[92mINFO [0m:      aggregate_fit: received 40 results and 0 failures
[92mINFO [0m:      configure_evaluate: no clients selected, skipping evaluation
[92mINFO [0m:      
[92mINFO [0m:      [ROUND 106]
[92mINFO [0m:      configure_fit: strategy sampled 40 clients (out of 40)
[92mINFO [0m:      aggregate_fit: received 40 results and 0 failures
[92mINFO [0m:      fit progress: (106, 2.271720674327287, {'accuracy': 0.1896, 'ece': 0.0789749365463853}, 1725.744068406988)
[92mINFO [0m:      configure_evaluate: no clients selected, skipping evaluation
[92mINFO [0m:      
[92mINFO [0m:      [ROUND 107]
[92mINFO [0m:      configure_fit: strategy sampled 40 clients (out of 40)
[92mINFO [0m:      aggregate_fit: received 40 results and 0 failures
[92mINFO [0m:      configure_evaluate: no clients selected, skipping evaluation
[92mINFO [0m:      
[92mINFO [0m:      [ROUND 108]
[92mINFO [0m:      configure_fit: strategy sampled 40 clients (out of 40)
[92mINFO [0m:      aggregate_fit: received 40 results and 0 failures
[92mINFO [0m:      fit progress: (108, 2.267399274018512, {'accuracy': 0.1913, 'ece': 0.0600497632266581}, 1759.5724485833198)
[92mINFO [0m:      configure_evaluate: no clients selected, skipping evaluation
[92mINFO [0m:      
[92mINFO [0m:      [ROUND 109]
[92mINFO [0m:      configure_fit: strategy sampled 40 clients (out of 40)
[92mINFO [0m:      aggregate_fit: received 40 results and 0 failures
[92mINFO [0m:      configure_evaluate: no clients selected, skipping evaluation
[92mINFO [0m:      
[92mINFO [0m:      [ROUND 110]
[92mINFO [0m:      configure_fit: strategy sampled 40 clients (out of 40)
[92mINFO [0m:      aggregate_fit: received 40 results and 0 failures
[92mINFO [0m:      fit progress: (110, 2.2712153565917155, {'accuracy': 0.1897, 'ece': 0.06806258270621302}, 1793.1733907302842)
[92mINFO [0m:      configure_evaluate: no clients selected, skipping evaluation
[92mINFO [0m:      
[92mINFO [0m:      [ROUND 111]
[92mINFO [0m:      configure_fit: strategy sampled 40 clients (out of 40)
[92mINFO [0m:      aggregate_fit: received 40 results and 0 failures
[92mINFO [0m:      configure_evaluate: no clients selected, skipping evaluation
[92mINFO [0m:      
[92mINFO [0m:      [ROUND 112]
[92mINFO [0m:      configure_fit: strategy sampled 40 clients (out of 40)
[92mINFO [0m:      aggregate_fit: received 40 results and 0 failures
[92mINFO [0m:      fit progress: (112, 2.2743249105663836, {'accuracy': 0.1886, 'ece': 0.065319015525952}, 1826.5014225831255)
[92mINFO [0m:      configure_evaluate: no clients selected, skipping evaluation
[92mINFO [0m:      
[92mINFO [0m:      [ROUND 113]
[92mINFO [0m:      configure_fit: strategy sampled 40 clients (out of 40)
[92mINFO [0m:      aggregate_fit: received 40 results and 0 failures
[92mINFO [0m:      configure_evaluate: no clients selected, skipping evaluation
[92mINFO [0m:      
[92mINFO [0m:      [ROUND 114]
[92mINFO [0m:      configure_fit: strategy sampled 40 clients (out of 40)
[92mINFO [0m:      aggregate_fit: received 40 results and 0 failures
[92mINFO [0m:      fit progress: (114, 2.25303425132757, {'accuracy': 0.1838, 'ece': 0.06330162109702826}, 1859.5047305850312)
[92mINFO [0m:      configure_evaluate: no clients selected, skipping evaluation
[92mINFO [0m:      
[92mINFO [0m:      [ROUND 115]
[92mINFO [0m:      configure_fit: strategy sampled 40 clients (out of 40)
[92mINFO [0m:      aggregate_fit: received 40 results and 0 failures
[92mINFO [0m:      configure_evaluate: no clients selected, skipping evaluation
[92mINFO [0m:      
[92mINFO [0m:      [ROUND 116]
[92mINFO [0m:      configure_fit: strategy sampled 40 clients (out of 40)
[92mINFO [0m:      aggregate_fit: received 40 results and 0 failures
[92mINFO [0m:      fit progress: (116, 2.2720792594929042, {'accuracy': 0.1887, 'ece': 0.08129720278158786}, 1892.2565983179957)
[92mINFO [0m:      configure_evaluate: no clients selected, skipping evaluation
[92mINFO [0m:      
[92mINFO [0m:      [ROUND 117]
[92mINFO [0m:      configure_fit: strategy sampled 40 clients (out of 40)
[92mINFO [0m:      aggregate_fit: received 40 results and 0 failures
[92mINFO [0m:      configure_evaluate: no clients selected, skipping evaluation
[92mINFO [0m:      
[92mINFO [0m:      [ROUND 118]
[92mINFO [0m:      configure_fit: strategy sampled 40 clients (out of 40)
[92mINFO [0m:      aggregate_fit: received 40 results and 0 failures
[92mINFO [0m:      fit progress: (118, 2.2745320102451445, {'accuracy': 0.1893, 'ece': 0.07570954220488667}, 1924.344705356285)
[92mINFO [0m:      configure_evaluate: no clients selected, skipping evaluation
[92mINFO [0m:      
[92mINFO [0m:      [ROUND 119]
[92mINFO [0m:      configure_fit: strategy sampled 40 clients (out of 40)
[92mINFO [0m:      aggregate_fit: received 40 results and 0 failures
[92mINFO [0m:      configure_evaluate: no clients selected, skipping evaluation
[92mINFO [0m:      
[92mINFO [0m:      [ROUND 120]
[92mINFO [0m:      configure_fit: strategy sampled 40 clients (out of 40)
[92mINFO [0m:      aggregate_fit: received 40 results and 0 failures
[92mINFO [0m:      fit progress: (120, 2.2704993281750907, {'accuracy': 0.1873, 'ece': 0.07395850296601653}, 1957.3435644260608)
[92mINFO [0m:      configure_evaluate: no clients selected, skipping evaluation
[92mINFO [0m:      
[92mINFO [0m:      [ROUND 121]
[92mINFO [0m:      configure_fit: strategy sampled 40 clients (out of 40)
[92mINFO [0m:      aggregate_fit: received 40 results and 0 failures
[92mINFO [0m:      configure_evaluate: no clients selected, skipping evaluation
[92mINFO [0m:      
[92mINFO [0m:      [ROUND 122]
[92mINFO [0m:      configure_fit: strategy sampled 40 clients (out of 40)
[92mINFO [0m:      aggregate_fit: received 40 results and 0 failures
[92mINFO [0m:      fit progress: (122, 2.259137035088036, {'accuracy': 0.191, 'ece': 0.07436080958817154}, 1989.2102435030974)
[92mINFO [0m:      configure_evaluate: no clients selected, skipping evaluation
[92mINFO [0m:      
[92mINFO [0m:      [ROUND 123]
[92mINFO [0m:      configure_fit: strategy sampled 40 clients (out of 40)
[92mINFO [0m:      aggregate_fit: received 40 results and 0 failures
[92mINFO [0m:      configure_evaluate: no clients selected, skipping evaluation
[92mINFO [0m:      
[92mINFO [0m:      [ROUND 124]
[92mINFO [0m:      configure_fit: strategy sampled 40 clients (out of 40)
[92mINFO [0m:      aggregate_fit: received 40 results and 0 failures
[92mINFO [0m:      fit progress: (124, 2.26273940409694, {'accuracy': 0.1857, 'ece': 0.07470779098331927}, 2021.051676273346)
[92mINFO [0m:      configure_evaluate: no clients selected, skipping evaluation
[92mINFO [0m:      
[92mINFO [0m:      [ROUND 125]
[92mINFO [0m:      configure_fit: strategy sampled 40 clients (out of 40)
[92mINFO [0m:      aggregate_fit: received 40 results and 0 failures
[92mINFO [0m:      configure_evaluate: no clients selected, skipping evaluation
[92mINFO [0m:      
[92mINFO [0m:      [ROUND 126]
[92mINFO [0m:      configure_fit: strategy sampled 40 clients (out of 40)
[92mINFO [0m:      aggregate_fit: received 40 results and 0 failures
[92mINFO [0m:      fit progress: (126, 2.247357335405142, {'accuracy': 0.1937, 'ece': 0.05599937675893308}, 2052.9602675731294)
[92mINFO [0m:      configure_evaluate: no clients selected, skipping evaluation
[92mINFO [0m:      
[92mINFO [0m:      [ROUND 127]
[92mINFO [0m:      configure_fit: strategy sampled 40 clients (out of 40)
[92mINFO [0m:      aggregate_fit: received 40 results and 0 failures
[92mINFO [0m:      configure_evaluate: no clients selected, skipping evaluation
[92mINFO [0m:      
[92mINFO [0m:      [ROUND 128]
[92mINFO [0m:      configure_fit: strategy sampled 40 clients (out of 40)
[92mINFO [0m:      aggregate_fit: received 40 results and 0 failures
[92mINFO [0m:      fit progress: (128, 2.247646240676449, {'accuracy': 0.1927, 'ece': 0.06495065601721405}, 2084.913525196258)
[92mINFO [0m:      configure_evaluate: no clients selected, skipping evaluation
[92mINFO [0m:      
[92mINFO [0m:      [ROUND 129]
[92mINFO [0m:      configure_fit: strategy sampled 40 clients (out of 40)
[92mINFO [0m:      aggregate_fit: received 40 results and 0 failures
[92mINFO [0m:      configure_evaluate: no clients selected, skipping evaluation
[92mINFO [0m:      
[92mINFO [0m:      [ROUND 130]
[92mINFO [0m:      configure_fit: strategy sampled 40 clients (out of 40)
[92mINFO [0m:      aggregate_fit: received 40 results and 0 failures
[92mINFO [0m:      fit progress: (130, 2.2608535292934486, {'accuracy': 0.1889, 'ece': 0.06276970610463989}, 2116.996689383406)
[92mINFO [0m:      configure_evaluate: no clients selected, skipping evaluation
[92mINFO [0m:      
[92mINFO [0m:      [ROUND 131]
[92mINFO [0m:      configure_fit: strategy sampled 40 clients (out of 40)
[92mINFO [0m:      aggregate_fit: received 40 results and 0 failures
[92mINFO [0m:      configure_evaluate: no clients selected, skipping evaluation
[92mINFO [0m:      
[92mINFO [0m:      [ROUND 132]
[92mINFO [0m:      configure_fit: strategy sampled 40 clients (out of 40)
[92mINFO [0m:      aggregate_fit: received 40 results and 0 failures
[92mINFO [0m:      fit progress: (132, 2.2502404705755463, {'accuracy': 0.1933, 'ece': 0.07375038560315966}, 2148.871460280381)
[92mINFO [0m:      configure_evaluate: no clients selected, skipping evaluation
[92mINFO [0m:      
[92mINFO [0m:      [ROUND 133]
[92mINFO [0m:      configure_fit: strategy sampled 40 clients (out of 40)
[92mINFO [0m:      aggregate_fit: received 40 results and 0 failures
[92mINFO [0m:      configure_evaluate: no clients selected, skipping evaluation
[92mINFO [0m:      
[92mINFO [0m:      [ROUND 134]
[92mINFO [0m:      configure_fit: strategy sampled 40 clients (out of 40)
[92mINFO [0m:      aggregate_fit: received 40 results and 0 failures
[92mINFO [0m:      fit progress: (134, 2.250470937522986, {'accuracy': 0.1924, 'ece': 0.06794328200772405}, 2181.2566628879867)
[92mINFO [0m:      configure_evaluate: no clients selected, skipping evaluation
[92mINFO [0m:      
[92mINFO [0m:      [ROUND 135]
[92mINFO [0m:      configure_fit: strategy sampled 40 clients (out of 40)
[92mINFO [0m:      aggregate_fit: received 40 results and 0 failures
[92mINFO [0m:      configure_evaluate: no clients selected, skipping evaluation
[92mINFO [0m:      
[92mINFO [0m:      [ROUND 136]
[92mINFO [0m:      configure_fit: strategy sampled 40 clients (out of 40)
[92mINFO [0m:      aggregate_fit: received 40 results and 0 failures
[92mINFO [0m:      fit progress: (136, 2.2400603225200952, {'accuracy': 0.1934, 'ece': 0.06750920629158613}, 2214.217410771176)
[92mINFO [0m:      configure_evaluate: no clients selected, skipping evaluation
[92mINFO [0m:      
[92mINFO [0m:      [ROUND 137]
[92mINFO [0m:      configure_fit: strategy sampled 40 clients (out of 40)
[92mINFO [0m:      aggregate_fit: received 40 results and 0 failures
[92mINFO [0m:      configure_evaluate: no clients selected, skipping evaluation
[92mINFO [0m:      
[92mINFO [0m:      [ROUND 138]
[92mINFO [0m:      configure_fit: strategy sampled 40 clients (out of 40)
[92mINFO [0m:      aggregate_fit: received 40 results and 0 failures
[92mINFO [0m:      fit progress: (138, 2.2523186030461564, {'accuracy': 0.1916, 'ece': 0.09022866057425735}, 2247.5414190613665)
[92mINFO [0m:      configure_evaluate: no clients selected, skipping evaluation
[92mINFO [0m:      
[92mINFO [0m:      [ROUND 139]
[92mINFO [0m:      configure_fit: strategy sampled 40 clients (out of 40)
[92mINFO [0m:      aggregate_fit: received 40 results and 0 failures
[92mINFO [0m:      configure_evaluate: no clients selected, skipping evaluation
[92mINFO [0m:      
[92mINFO [0m:      [ROUND 140]
[92mINFO [0m:      configure_fit: strategy sampled 40 clients (out of 40)
[92mINFO [0m:      aggregate_fit: received 40 results and 0 failures
[92mINFO [0m:      fit progress: (140, 2.2590045452494203, {'accuracy': 0.1806, 'ece': 0.08596170745067297}, 2281.1325477822684)
[92mINFO [0m:      configure_evaluate: no clients selected, skipping evaluation
[92mINFO [0m:      
[92mINFO [0m:      [ROUND 141]
[92mINFO [0m:      configure_fit: strategy sampled 40 clients (out of 40)
[92mINFO [0m:      aggregate_fit: received 40 results and 0 failures
[92mINFO [0m:      configure_evaluate: no clients selected, skipping evaluation
[92mINFO [0m:      
[92mINFO [0m:      [ROUND 142]
[92mINFO [0m:      configure_fit: strategy sampled 40 clients (out of 40)
[92mINFO [0m:      aggregate_fit: received 40 results and 0 failures
[92mINFO [0m:      fit progress: (142, 2.2346319191710364, {'accuracy': 0.1936, 'ece': 0.06882512128423897}, 2314.3254795442335)
[92mINFO [0m:      configure_evaluate: no clients selected, skipping evaluation
[92mINFO [0m:      
[92mINFO [0m:      [ROUND 143]
[92mINFO [0m:      configure_fit: strategy sampled 40 clients (out of 40)
[92mINFO [0m:      aggregate_fit: received 40 results and 0 failures
[92mINFO [0m:      configure_evaluate: no clients selected, skipping evaluation
[92mINFO [0m:      
[92mINFO [0m:      [ROUND 144]
[92mINFO [0m:      configure_fit: strategy sampled 40 clients (out of 40)
[92mINFO [0m:      aggregate_fit: received 40 results and 0 failures
[92mINFO [0m:      fit progress: (144, 2.2349459604510833, {'accuracy': 0.1937, 'ece': 0.06943434979699553}, 2346.755452370271)
[92mINFO [0m:      configure_evaluate: no clients selected, skipping evaluation
[92mINFO [0m:      
[92mINFO [0m:      [ROUND 145]
[92mINFO [0m:      configure_fit: strategy sampled 40 clients (out of 40)
[92mINFO [0m:      aggregate_fit: received 40 results and 0 failures
[92mINFO [0m:      configure_evaluate: no clients selected, skipping evaluation
[92mINFO [0m:      
[92mINFO [0m:      [ROUND 146]
[92mINFO [0m:      configure_fit: strategy sampled 40 clients (out of 40)
[92mINFO [0m:      aggregate_fit: received 40 results and 0 failures
[92mINFO [0m:      fit progress: (146, 2.2447765653479186, {'accuracy': 0.187, 'ece': 0.08895663405485452}, 2379.3445965140127)
[92mINFO [0m:      configure_evaluate: no clients selected, skipping evaluation
[92mINFO [0m:      
[92mINFO [0m:      [ROUND 147]
[92mINFO [0m:      configure_fit: strategy sampled 40 clients (out of 40)
[92mINFO [0m:      aggregate_fit: received 40 results and 0 failures
[92mINFO [0m:      configure_evaluate: no clients selected, skipping evaluation
[92mINFO [0m:      
[92mINFO [0m:      [ROUND 148]
[92mINFO [0m:      configure_fit: strategy sampled 40 clients (out of 40)
[92mINFO [0m:      aggregate_fit: received 40 results and 0 failures
[92mINFO [0m:      fit progress: (148, 2.239872575237112, {'accuracy': 0.1929, 'ece': 0.04826427055239678}, 2411.570532540325)
[92mINFO [0m:      configure_evaluate: no clients selected, skipping evaluation
[92mINFO [0m:      
[92mINFO [0m:      [ROUND 149]
[92mINFO [0m:      configure_fit: strategy sampled 40 clients (out of 40)
[92mINFO [0m:      aggregate_fit: received 40 results and 0 failures
[92mINFO [0m:      configure_evaluate: no clients selected, skipping evaluation
[92mINFO [0m:      
[92mINFO [0m:      [ROUND 150]
[92mINFO [0m:      configure_fit: strategy sampled 40 clients (out of 40)
[92mINFO [0m:      aggregate_fit: received 40 results and 0 failures
[92mINFO [0m:      fit progress: (150, 2.2215860733879165, {'accuracy': 0.1938, 'ece': 0.06318987646102908}, 2444.1554496982135)
[92mINFO [0m:      configure_evaluate: no clients selected, skipping evaluation
[92mINFO [0m:      
[92mINFO [0m:      [ROUND 151]
[92mINFO [0m:      configure_fit: strategy sampled 40 clients (out of 40)
[92mINFO [0m:      aggregate_fit: received 40 results and 0 failures
[92mINFO [0m:      configure_evaluate: no clients selected, skipping evaluation
[92mINFO [0m:      
[92mINFO [0m:      [ROUND 152]
[92mINFO [0m:      configure_fit: strategy sampled 40 clients (out of 40)
[92mINFO [0m:      aggregate_fit: received 40 results and 0 failures
[92mINFO [0m:      fit progress: (152, 2.2411524928127484, {'accuracy': 0.1949, 'ece': 0.07672278503727167}, 2476.697526053991)
[92mINFO [0m:      configure_evaluate: no clients selected, skipping evaluation
[92mINFO [0m:      
[92mINFO [0m:      [ROUND 153]
[92mINFO [0m:      configure_fit: strategy sampled 40 clients (out of 40)
[92mINFO [0m:      aggregate_fit: received 40 results and 0 failures
[92mINFO [0m:      configure_evaluate: no clients selected, skipping evaluation
[92mINFO [0m:      
[92mINFO [0m:      [ROUND 154]
[92mINFO [0m:      configure_fit: strategy sampled 40 clients (out of 40)
[92mINFO [0m:      aggregate_fit: received 40 results and 0 failures
[92mINFO [0m:      fit progress: (154, 2.243240473898273, {'accuracy': 0.193, 'ece': 0.06215994913861156}, 2509.522390479222)
[92mINFO [0m:      configure_evaluate: no clients selected, skipping evaluation
[92mINFO [0m:      
[92mINFO [0m:      [ROUND 155]
[92mINFO [0m:      configure_fit: strategy sampled 40 clients (out of 40)
[92mINFO [0m:      aggregate_fit: received 40 results and 0 failures
[92mINFO [0m:      configure_evaluate: no clients selected, skipping evaluation
[92mINFO [0m:      
[92mINFO [0m:      [ROUND 156]
[92mINFO [0m:      configure_fit: strategy sampled 40 clients (out of 40)
[92mINFO [0m:      aggregate_fit: received 40 results and 0 failures
[92mINFO [0m:      fit progress: (156, 2.2414593159077545, {'accuracy': 0.1948, 'ece': 0.07280393766000866}, 2541.800642688293)
[92mINFO [0m:      configure_evaluate: no clients selected, skipping evaluation
[92mINFO [0m:      
[92mINFO [0m:      [ROUND 157]
[92mINFO [0m:      configure_fit: strategy sampled 40 clients (out of 40)
[92mINFO [0m:      aggregate_fit: received 40 results and 0 failures
[92mINFO [0m:      configure_evaluate: no clients selected, skipping evaluation
[92mINFO [0m:      
[92mINFO [0m:      [ROUND 158]
[92mINFO [0m:      configure_fit: strategy sampled 40 clients (out of 40)
[92mINFO [0m:      aggregate_fit: received 40 results and 0 failures
[92mINFO [0m:      fit progress: (158, 2.2247642199951785, {'accuracy': 0.1951, 'ece': 0.07540124785676598}, 2573.928635799326)
[92mINFO [0m:      configure_evaluate: no clients selected, skipping evaluation
[92mINFO [0m:      
[92mINFO [0m:      [ROUND 159]
[92mINFO [0m:      configure_fit: strategy sampled 40 clients (out of 40)
[92mINFO [0m:      aggregate_fit: received 40 results and 0 failures
[92mINFO [0m:      configure_evaluate: no clients selected, skipping evaluation
[92mINFO [0m:      
[92mINFO [0m:      [ROUND 160]
[92mINFO [0m:      configure_fit: strategy sampled 40 clients (out of 40)
[92mINFO [0m:      aggregate_fit: received 40 results and 0 failures
[92mINFO [0m:      fit progress: (160, 2.203659743508052, {'accuracy': 0.1928, 'ece': 0.07267443004153669}, 2605.6733197793365)
[92mINFO [0m:      configure_evaluate: no clients selected, skipping evaluation
[92mINFO [0m:      
[92mINFO [0m:      [SUMMARY]
[92mINFO [0m:      Run finished 160 round(s) in 2605.67s
[92mINFO [0m:      	History (loss, centralized):
[92mINFO [0m:      		round 0: 2.3708087632663397
[92mINFO [0m:      		round 2: 2.372386636089951
[92mINFO [0m:      		round 4: 2.3616887963087136
[92mINFO [0m:      		round 6: 2.37790969002103
[92mINFO [0m:      		round 8: 2.4165068082857637
[92mINFO [0m:      		round 10: 2.4220303229271694
[92mINFO [0m:      		round 12: 2.4213921986351643
[92mINFO [0m:      		round 14: 2.4413671594973114
[92mINFO [0m:      		round 16: 2.4395772187266216
[92mINFO [0m:      		round 18: 2.4604608312779055
[92mINFO [0m:      		round 20: 2.4554730281414896
[92mINFO [0m:      		round 22: 2.4587002510498563
[92mINFO [0m:      		round 24: 2.481936407200257
[92mINFO [0m:      		round 26: 2.463148051431162
[92mINFO [0m:      		round 28: 2.461253597899863
[92mINFO [0m:      		round 30: 2.4739678284093007
[92mINFO [0m:      		round 32: 2.460306343265254
[92mINFO [0m:      		round 34: 2.4701601050221353
[92mINFO [0m:      		round 36: 2.4580358263868103
[92mINFO [0m:      		round 38: 2.4378950148456724
[92mINFO [0m:      		round 40: 2.4592979462656026
[92mINFO [0m:      		round 42: 2.4356024961444724
[92mINFO [0m:      		round 44: 2.4465367337893076
[92mINFO [0m:      		round 46: 2.4315689769525664
[92mINFO [0m:      		round 48: 2.430902642101991
[92mINFO [0m:      		round 50: 2.41378478001131
[92mINFO [0m:      		round 52: 2.4152312851817554
[92mINFO [0m:      		round 54: 2.4003334053377983
[92mINFO [0m:      		round 56: 2.3863511150172037
[92mINFO [0m:      		round 58: 2.402909618840184
[92mINFO [0m:      		round 60: 2.3769045663512185
[92mINFO [0m:      		round 62: 2.379494598515168
[92mINFO [0m:      		round 64: 2.3653777979480664
[92mINFO [0m:      		round 66: 2.356775124178887
[92mINFO [0m:      		round 68: 2.3454156128763626
[92mINFO [0m:      		round 70: 2.349775688891653
[92mINFO [0m:      		round 72: 2.337036383673209
[92mINFO [0m:      		round 74: 2.3380749473724123
[92mINFO [0m:      		round 76: 2.3282196520042593
[92mINFO [0m:      		round 78: 2.32232447697859
[92mINFO [0m:      		round 80: 2.3147085780645273
[92mINFO [0m:      		round 82: 2.31662784291608
[92mINFO [0m:      		round 84: 2.3225388746864906
[92mINFO [0m:      		round 86: 2.3016266261932916
[92mINFO [0m:      		round 88: 2.305868633337294
[92mINFO [0m:      		round 90: 2.3160078770738104
[92mINFO [0m:      		round 92: 2.3018892238202993
[92mINFO [0m:      		round 94: 2.2914434153817647
[92mINFO [0m:      		round 96: 2.2898516847933017
[92mINFO [0m:      		round 98: 2.2920177407537596
[92mINFO [0m:      		round 100: 2.2656443074757453
[92mINFO [0m:      		round 102: 2.2711720497149237
[92mINFO [0m:      		round 104: 2.264832473273935
[92mINFO [0m:      		round 106: 2.271720674327287
[92mINFO [0m:      		round 108: 2.267399274018512
[92mINFO [0m:      		round 110: 2.2712153565917155
[92mINFO [0m:      		round 112: 2.2743249105663836
[92mINFO [0m:      		round 114: 2.25303425132757
[92mINFO [0m:      		round 116: 2.2720792594929042
[92mINFO [0m:      		round 118: 2.2745320102451445
[92mINFO [0m:      		round 120: 2.2704993281750907
[92mINFO [0m:      		round 122: 2.259137035088036
[92mINFO [0m:      		round 124: 2.26273940409694
[92mINFO [0m:      		round 126: 2.247357335405142
[92mINFO [0m:      		round 128: 2.247646240676449
[92mINFO [0m:      		round 130: 2.2608535292934486
[92mINFO [0m:      		round 132: 2.2502404705755463
[92mINFO [0m:      		round 134: 2.250470937522986
[92mINFO [0m:      		round 136: 2.2400603225200952
[92mINFO [0m:      		round 138: 2.2523186030461564
[92mINFO [0m:      		round 140: 2.2590045452494203
[92mINFO [0m:      		round 142: 2.2346319191710364
[92mINFO [0m:      		round 144: 2.2349459604510833
[92mINFO [0m:      		round 146: 2.2447765653479186
[92mINFO [0m:      		round 148: 2.239872575237112
[92mINFO [0m:      		round 150: 2.2215860733879165
[92mINFO [0m:      		round 152: 2.2411524928127484
[92mINFO [0m:      		round 154: 2.243240473898273
[92mINFO [0m:      		round 156: 2.2414593159077545
[92mINFO [0m:      		round 158: 2.2247642199951785
[92mINFO [0m:      		round 160: 2.203659743508052
[92mINFO [0m:      	History (metrics, distributed, fit):
[92mINFO [0m:      	{'aircomp_nmse': [(1, 0.008560968813711127),
[92mINFO [0m:      	                  (2, 0.005402353358037068),
[92mINFO [0m:      	                  (3, 0.013602077146693382),
[92mINFO [0m:      	                  (4, 0.009506639121278186),
[92mINFO [0m:      	                  (5, 0.00964294722339853),
[92mINFO [0m:      	                  (6, 0.016445682878944018),
[92mINFO [0m:      	                  (7, 0.02927826825961679),
[92mINFO [0m:      	                  (8, 0.020561620538572047),
[92mINFO [0m:      	                  (9, 0.015704071944721162),
[92mINFO [0m:      	                  (10, 0.02286890836842647),
[92mINFO [0m:      	                  (11, 0.00999222361626078),
[92mINFO [0m:      	                  (12, 0.026529401009296957),
[92mINFO [0m:      	                  (13, 0.022603146175142894),
[92mINFO [0m:      	                  (14, 0.03772725049655546),
[92mINFO [0m:      	                  (15, 0.016415709031506978),
[92mINFO [0m:      	                  (16, 0.025599246030176933),
[92mINFO [0m:      	                  (17, 0.012382318066566995),
[92mINFO [0m:      	                  (18, 0.03803127868351154),
[92mINFO [0m:      	                  (19, 0.012272815452119501),
[92mINFO [0m:      	                  (20, 0.030103490985256633),
[92mINFO [0m:      	                  (21, 0.01852985958689612),
[92mINFO [0m:      	                  (22, 0.03596359045572215),
[92mINFO [0m:      	                  (23, 0.009047183037747517),
[92mINFO [0m:      	                  (24, 0.0410743635817314),
[92mINFO [0m:      	                  (25, 0.013795857720354073),
[92mINFO [0m:      	                  (26, 0.03855403344148581),
[92mINFO [0m:      	                  (27, 0.008655473457557796),
[92mINFO [0m:      	                  (28, 0.05151261504562271),
[92mINFO [0m:      	                  (29, 0.019581430292323235),
[92mINFO [0m:      	                  (30, 0.048828197556075835),
[92mINFO [0m:      	                  (31, 0.009698674573214262),
[92mINFO [0m:      	                  (32, 0.04203756376354239),
[92mINFO [0m:      	                  (33, 0.007935687755686217),
[92mINFO [0m:      	                  (34, 0.030309527933266675),
[92mINFO [0m:      	                  (35, 0.017528891036762858),
[92mINFO [0m:      	                  (36, 0.038280169678315275),
[92mINFO [0m:      	                  (37, 0.013522266633067458),
[92mINFO [0m:      	                  (38, 0.02260868475363417),
[92mINFO [0m:      	                  (39, 0.011869408578550884),
[92mINFO [0m:      	                  (40, 0.03464820198825258),
[92mINFO [0m:      	                  (41, 0.028632117496569343),
[92mINFO [0m:      	                  (42, 0.03196038735518281),
[92mINFO [0m:      	                  (43, 0.011780302518911868),
[92mINFO [0m:      	                  (44, 0.02102094166715811),
[92mINFO [0m:      	                  (45, 0.031879668488710336),
[92mINFO [0m:      	                  (46, 0.04532436319948931),
[92mINFO [0m:      	                  (47, 0.0239623310501979),
[92mINFO [0m:      	                  (48, 0.03815732769873573),
[92mINFO [0m:      	                  (49, 0.038505216522488964),
[92mINFO [0m:      	                  (50, 0.03295984752264563),
[92mINFO [0m:      	                  (51, 0.012583713699863585),
[92mINFO [0m:      	                  (52, 0.028510780799392683),
[92mINFO [0m:      	                  (53, 0.0097366195025232),
[92mINFO [0m:      	                  (54, 0.02024211792667513),
[92mINFO [0m:      	                  (55, 0.021421826429106325),
[92mINFO [0m:      	                  (56, 0.01825851961020681),
[92mINFO [0m:      	                  (57, 0.011446020363441589),
[92mINFO [0m:      	                  (58, 0.02671399269720946),
[92mINFO [0m:      	                  (59, 0.024138464873586486),
[92mINFO [0m:      	                  (60, 0.025922053365021104),
[92mINFO [0m:      	                  (61, 0.026483706451229192),
[92mINFO [0m:      	                  (62, 0.020777140796278012),
[92mINFO [0m:      	                  (63, 0.012670266897937354),
[92mINFO [0m:      	                  (64, 0.01509669358376948),
[92mINFO [0m:      	                  (65, 0.015883442618592026),
[92mINFO [0m:      	                  (66, 0.02027667095484919),
[92mINFO [0m:      	                  (67, 0.019142408110032868),
[92mINFO [0m:      	                  (68, 0.018639902370224875),
[92mINFO [0m:      	                  (69, 0.0075350222432288795),
[92mINFO [0m:      	                  (70, 0.019118432070877846),
[92mINFO [0m:      	                  (71, 0.00632088487593628),
[92mINFO [0m:      	                  (72, 0.013224969944962858),
[92mINFO [0m:      	                  (73, 0.010057614899102434),
[92mINFO [0m:      	                  (74, 0.015648363059231413),
[92mINFO [0m:      	                  (75, 0.02304703938286127),
[92mINFO [0m:      	                  (76, 0.030636115032274883),
[92mINFO [0m:      	                  (77, 0.02600949079224832),
[92mINFO [0m:      	                  (78, 0.024207260452920595),
[92mINFO [0m:      	                  (79, 0.01865523644691733),
[92mINFO [0m:      	                  (80, 0.01999410922831754),
[92mINFO [0m:      	                  (81, 0.020588883727480363),
[92mINFO [0m:      	                  (82, 0.018537274092976036),
[92mINFO [0m:      	                  (83, 0.011322264952024106),
[92mINFO [0m:      	                  (84, 0.018760144066831106),
[92mINFO [0m:      	                  (85, 0.017415483275855015),
[92mINFO [0m:      	                  (86, 0.02788528037858043),
[92mINFO [0m:      	                  (87, 0.01649333140507271),
[92mINFO [0m:      	                  (88, 0.018845323481399376),
[92mINFO [0m:      	                  (89, 0.024639113937658143),
[92mINFO [0m:      	                  (90, 0.021331142503096135),
[92mINFO [0m:      	                  (91, 0.02596638739103988),
[92mINFO [0m:      	                  (92, 0.0312359846034645),
[92mINFO [0m:      	                  (93, 0.018289053195935177),
[92mINFO [0m:      	                  (94, 0.02129849885183766),
[92mINFO [0m:      	                  (95, 0.018554918932332073),
[92mINFO [0m:      	                  (96, 0.018212822896335065),
[92mINFO [0m:      	                  (97, 0.01895087663330111),
[92mINFO [0m:      	                  (98, 0.014996771385485013),
[92mINFO [0m:      	                  (99, 0.022308894553736462),
[92mINFO [0m:      	                  (100, 0.014801173351767455),
[92mINFO [0m:      	                  (101, 0.023654647893637065),
[92mINFO [0m:      	                  (102, 0.015780379922934726),
[92mINFO [0m:      	                  (103, 0.024117049172694114),
[92mINFO [0m:      	                  (104, 0.023488541784440074),
[92mINFO [0m:      	                  (105, 0.027246051692166606),
[92mINFO [0m:      	                  (106, 0.027658936657096445),
[92mINFO [0m:      	                  (107, 0.046472963610887624),
[92mINFO [0m:      	                  (108, 0.030604627048543685),
[92mINFO [0m:      	                  (109, 0.028910077870218397),
[92mINFO [0m:      	                  (110, 0.016783647282457462),
[92mINFO [0m:      	                  (111, 0.02379208537028936),
[92mINFO [0m:      	                  (112, 0.023344798905818875),
[92mINFO [0m:      	                  (113, 0.029733743144225076),
[92mINFO [0m:      	                  (114, 0.024934539533265902),
[92mINFO [0m:      	                  (115, 0.028240066789791518),
[92mINFO [0m:      	                  (116, 0.021901364938636536),
[92mINFO [0m:      	                  (117, 0.032688499642770937),
[92mINFO [0m:      	                  (118, 0.02366793356910765),
[92mINFO [0m:      	                  (119, 0.027277620286719196),
[92mINFO [0m:      	                  (120, 0.026278951106564894),
[92mINFO [0m:      	                  (121, 0.020707072417527346),
[92mINFO [0m:      	                  (122, 0.01986835068094037),
[92mINFO [0m:      	                  (123, 0.01822281386933157),
[92mINFO [0m:      	                  (124, 0.024252508672442913),
[92mINFO [0m:      	                  (125, 0.03110692018192963),
[92mINFO [0m:      	                  (126, 0.030620840881835056),
[92mINFO [0m:      	                  (127, 0.03454048981671685),
[92mINFO [0m:      	                  (128, 0.028664991994869354),
[92mINFO [0m:      	                  (129, 0.04128023897648465),
[92mINFO [0m:      	                  (130, 0.030341772260514332),
[92mINFO [0m:      	                  (131, 0.02641453411968237),
[92mINFO [0m:      	                  (132, 0.023354015877884413),
[92mINFO [0m:      	                  (133, 0.01977759514093991),
[92mINFO [0m:      	                  (134, 0.023725863207353613),
[92mINFO [0m:      	                  (135, 0.0373378006004823),
[92mINFO [0m:      	                  (136, 0.02110234270798605),
[92mINFO [0m:      	                  (137, 0.031059566272174214),
[92mINFO [0m:      	                  (138, 0.02372875816822523),
[92mINFO [0m:      	                  (139, 0.03127238839058575),
[92mINFO [0m:      	                  (140, 0.03065681682387378),
[92mINFO [0m:      	                  (141, 0.032061527345852055),
[92mINFO [0m:      	                  (142, 0.021325268600812634),
[92mINFO [0m:      	                  (143, 0.02093108944492911),
[92mINFO [0m:      	                  (144, 0.02335226360935192),
[92mINFO [0m:      	                  (145, 0.02258050483321988),
[92mINFO [0m:      	                  (146, 0.02117790158216357),
[92mINFO [0m:      	                  (147, 0.021000544167434507),
[92mINFO [0m:      	                  (148, 0.03145355967074527),
[92mINFO [0m:      	                  (149, 0.03171659143338728),
[92mINFO [0m:      	                  (150, 0.02425976937536173),
[92mINFO [0m:      	                  (151, 0.023162485986656066),
[92mINFO [0m:      	                  (152, 0.03396053976652846),
[92mINFO [0m:      	                  (153, 0.0326684882261726),
[92mINFO [0m:      	                  (154, 0.030764332364740757),
[92mINFO [0m:      	                  (155, 0.031075682796312443),
[92mINFO [0m:      	                  (156, 0.02362068823276989),
[92mINFO [0m:      	                  (157, 0.027888268591829243),
[92mINFO [0m:      	                  (158, 0.02680415498168117),
[92mINFO [0m:      	                  (159, 0.021277135031377917),
[92mINFO [0m:      	                  (160, 0.03869370570712322)],
[92mINFO [0m:      	 'logical_round': [(1, 1.0),
[92mINFO [0m:      	                   (2, 1.0),
[92mINFO [0m:      	                   (3, 2.0),
[92mINFO [0m:      	                   (4, 2.0),
[92mINFO [0m:      	                   (5, 3.0),
[92mINFO [0m:      	                   (6, 3.0),
[92mINFO [0m:      	                   (7, 4.0),
[92mINFO [0m:      	                   (8, 4.0),
[92mINFO [0m:      	                   (9, 5.0),
[92mINFO [0m:      	                   (10, 5.0),
[92mINFO [0m:      	                   (11, 6.0),
[92mINFO [0m:      	                   (12, 6.0),
[92mINFO [0m:      	                   (13, 7.0),
[92mINFO [0m:      	                   (14, 7.0),
[92mINFO [0m:      	                   (15, 8.0),
[92mINFO [0m:      	                   (16, 8.0),
[92mINFO [0m:      	                   (17, 9.0),
[92mINFO [0m:      	                   (18, 9.0),
[92mINFO [0m:      	                   (19, 10.0),
[92mINFO [0m:      	                   (20, 10.0),
[92mINFO [0m:      	                   (21, 11.0),
[92mINFO [0m:      	                   (22, 11.0),
[92mINFO [0m:      	                   (23, 12.0),
[92mINFO [0m:      	                   (24, 12.0),
[92mINFO [0m:      	                   (25, 13.0),
[92mINFO [0m:      	                   (26, 13.0),
[92mINFO [0m:      	                   (27, 14.0),
[92mINFO [0m:      	                   (28, 14.0),
[92mINFO [0m:      	                   (29, 15.0),
[92mINFO [0m:      	                   (30, 15.0),
[92mINFO [0m:      	                   (31, 16.0),
[92mINFO [0m:      	                   (32, 16.0),
[92mINFO [0m:      	                   (33, 17.0),
[92mINFO [0m:      	                   (34, 17.0),
[92mINFO [0m:      	                   (35, 18.0),
[92mINFO [0m:      	                   (36, 18.0),
[92mINFO [0m:      	                   (37, 19.0),
[92mINFO [0m:      	                   (38, 19.0),
[92mINFO [0m:      	                   (39, 20.0),
[92mINFO [0m:      	                   (40, 20.0),
[92mINFO [0m:      	                   (41, 21.0),
[92mINFO [0m:      	                   (42, 21.0),
[92mINFO [0m:      	                   (43, 22.0),
[92mINFO [0m:      	                   (44, 22.0),
[92mINFO [0m:      	                   (45, 23.0),
[92mINFO [0m:      	                   (46, 23.0),
[92mINFO [0m:      	                   (47, 24.0),
[92mINFO [0m:      	                   (48, 24.0),
[92mINFO [0m:      	                   (49, 25.0),
[92mINFO [0m:      	                   (50, 25.0),
[92mINFO [0m:      	                   (51, 26.0),
[92mINFO [0m:      	                   (52, 26.0),
[92mINFO [0m:      	                   (53, 27.0),
[92mINFO [0m:      	                   (54, 27.0),
[92mINFO [0m:      	                   (55, 28.0),
[92mINFO [0m:      	                   (56, 28.0),
[92mINFO [0m:      	                   (57, 29.0),
[92mINFO [0m:      	                   (58, 29.0),
[92mINFO [0m:      	                   (59, 30.0),
[92mINFO [0m:      	                   (60, 30.0),
[92mINFO [0m:      	                   (61, 31.0),
[92mINFO [0m:      	                   (62, 31.0),
[92mINFO [0m:      	                   (63, 32.0),
[92mINFO [0m:      	                   (64, 32.0),
[92mINFO [0m:      	                   (65, 33.0),
[92mINFO [0m:      	                   (66, 33.0),
[92mINFO [0m:      	                   (67, 34.0),
[92mINFO [0m:      	                   (68, 34.0),
[92mINFO [0m:      	                   (69, 35.0),
[92mINFO [0m:      	                   (70, 35.0),
[92mINFO [0m:      	                   (71, 36.0),
[92mINFO [0m:      	                   (72, 36.0),
[92mINFO [0m:      	                   (73, 37.0),
[92mINFO [0m:      	                   (74, 37.0),
[92mINFO [0m:      	                   (75, 38.0),
[92mINFO [0m:      	                   (76, 38.0),
[92mINFO [0m:      	                   (77, 39.0),
[92mINFO [0m:      	                   (78, 39.0),
[92mINFO [0m:      	                   (79, 40.0),
[92mINFO [0m:      	                   (80, 40.0),
[92mINFO [0m:      	                   (81, 41.0),
[92mINFO [0m:      	                   (82, 41.0),
[92mINFO [0m:      	                   (83, 42.0),
[92mINFO [0m:      	                   (84, 42.0),
[92mINFO [0m:      	                   (85, 43.0),
[92mINFO [0m:      	                   (86, 43.0),
[92mINFO [0m:      	                   (87, 44.0),
[92mINFO [0m:      	                   (88, 44.0),
[92mINFO [0m:      	                   (89, 45.0),
[92mINFO [0m:      	                   (90, 45.0),
[92mINFO [0m:      	                   (91, 46.0),
[92mINFO [0m:      	                   (92, 46.0),
[92mINFO [0m:      	                   (93, 47.0),
[92mINFO [0m:      	                   (94, 47.0),
[92mINFO [0m:      	                   (95, 48.0),
[92mINFO [0m:      	                   (96, 48.0),
[92mINFO [0m:      	                   (97, 49.0),
[92mINFO [0m:      	                   (98, 49.0),
[92mINFO [0m:      	                   (99, 50.0),
[92mINFO [0m:      	                   (100, 50.0),
[92mINFO [0m:      	                   (101, 51.0),
[92mINFO [0m:      	                   (102, 51.0),
[92mINFO [0m:      	                   (103, 52.0),
[92mINFO [0m:      	                   (104, 52.0),
[92mINFO [0m:      	                   (105, 53.0),
[92mINFO [0m:      	                   (106, 53.0),
[92mINFO [0m:      	                   (107, 54.0),
[92mINFO [0m:      	                   (108, 54.0),
[92mINFO [0m:      	                   (109, 55.0),
[92mINFO [0m:      	                   (110, 55.0),
[92mINFO [0m:      	                   (111, 56.0),
[92mINFO [0m:      	                   (112, 56.0),
[92mINFO [0m:      	                   (113, 57.0),
[92mINFO [0m:      	                   (114, 57.0),
[92mINFO [0m:      	                   (115, 58.0),
[92mINFO [0m:      	                   (116, 58.0),
[92mINFO [0m:      	                   (117, 59.0),
[92mINFO [0m:      	                   (118, 59.0),
[92mINFO [0m:      	                   (119, 60.0),
[92mINFO [0m:      	                   (120, 60.0),
[92mINFO [0m:      	                   (121, 61.0),
[92mINFO [0m:      	                   (122, 61.0),
[92mINFO [0m:      	                   (123, 62.0),
[92mINFO [0m:      	                   (124, 62.0),
[92mINFO [0m:      	                   (125, 63.0),
[92mINFO [0m:      	                   (126, 63.0),
[92mINFO [0m:      	                   (127, 64.0),
[92mINFO [0m:      	                   (128, 64.0),
[92mINFO [0m:      	                   (129, 65.0),
[92mINFO [0m:      	                   (130, 65.0),
[92mINFO [0m:      	                   (131, 66.0),
[92mINFO [0m:      	                   (132, 66.0),
[92mINFO [0m:      	                   (133, 67.0),
[92mINFO [0m:      	                   (134, 67.0),
[92mINFO [0m:      	                   (135, 68.0),
[92mINFO [0m:      	                   (136, 68.0),
[92mINFO [0m:      	                   (137, 69.0),
[92mINFO [0m:      	                   (138, 69.0),
[92mINFO [0m:      	                   (139, 70.0),
[92mINFO [0m:      	                   (140, 70.0),
[92mINFO [0m:      	                   (141, 71.0),
[92mINFO [0m:      	                   (142, 71.0),
[92mINFO [0m:      	                   (143, 72.0),
[92mINFO [0m:      	                   (144, 72.0),
[92mINFO [0m:      	                   (145, 73.0),
[92mINFO [0m:      	                   (146, 73.0),
[92mINFO [0m:      	                   (147, 74.0),
[92mINFO [0m:      	                   (148, 74.0),
[92mINFO [0m:      	                   (149, 75.0),
[92mINFO [0m:      	                   (150, 75.0),
[92mINFO [0m:      	                   (151, 76.0),
[92mINFO [0m:      	                   (152, 76.0),
[92mINFO [0m:      	                   (153, 77.0),
[92mINFO [0m:      	                   (154, 77.0),
[92mINFO [0m:      	                   (155, 78.0),
[92mINFO [0m:      	                   (156, 78.0),
[92mINFO [0m:      	                   (157, 79.0),
[92mINFO [0m:      	                   (158, 79.0),
[92mINFO [0m:      	                   (159, 80.0),
[92mINFO [0m:      	                   (160, 80.0)],
[92mINFO [0m:      	 'phase_train_loss': [(1, 2.3577120252203723),
[92mINFO [0m:      	                      (2, 2.369335966605014),
[92mINFO [0m:      	                      (3, 2.284605683242317),
[92mINFO [0m:      	                      (4, 2.2819315839517156),
[92mINFO [0m:      	                      (5, 2.2252063281659797),
[92mINFO [0m:      	                      (6, 2.2362283196357113),
[92mINFO [0m:      	                      (7, 2.2033357241874065),
[92mINFO [0m:      	                      (8, 2.1869914344950585),
[92mINFO [0m:      	                      (9, 2.175040533583865),
[92mINFO [0m:      	                      (10, 2.1938587549622883),
[92mINFO [0m:      	                      (11, 2.1677045486465722),
[92mINFO [0m:      	                      (12, 2.1764414984236415),
[92mINFO [0m:      	                      (13, 2.167284276890488),
[92mINFO [0m:      	                      (14, 2.16088580173248),
[92mINFO [0m:      	                      (15, 2.16586524598596),
[92mINFO [0m:      	                      (16, 2.1813830626944686),
[92mINFO [0m:      	                      (17, 2.1684125219211214),
[92mINFO [0m:      	                      (18, 2.1753634544985707),
[92mINFO [0m:      	                      (19, 2.147845461700843),
[92mINFO [0m:      	                      (20, 2.1722536325697255),
[92mINFO [0m:      	                      (21, 2.1612932226543866),
[92mINFO [0m:      	                      (22, 2.1776608475833554),
[92mINFO [0m:      	                      (23, 2.175792960305665),
[92mINFO [0m:      	                      (24, 2.15668982295272),
[92mINFO [0m:      	                      (25, 2.159553790165231),
[92mINFO [0m:      	                      (26, 2.1706210057830035),
[92mINFO [0m:      	                      (27, 2.1534954971360047),
[92mINFO [0m:      	                      (28, 2.157591511055994),
[92mINFO [0m:      	                      (29, 2.157728097785647),
[92mINFO [0m:      	                      (30, 2.1583572403217985),
[92mINFO [0m:      	                      (31, 2.1465196145757166),
[92mINFO [0m:      	                      (32, 2.1505803679643782),
[92mINFO [0m:      	                      (33, 2.1604651589844748),
[92mINFO [0m:      	                      (34, 2.1555272840653164),
[92mINFO [0m:      	                      (35, 2.1368919783909464),
[92mINFO [0m:      	                      (36, 2.1510686387365734),
[92mINFO [0m:      	                      (37, 2.134522961745548),
[92mINFO [0m:      	                      (38, 2.1544083475945315),
[92mINFO [0m:      	                      (39, 2.156247318846042),
[92mINFO [0m:      	                      (40, 2.140179395239084),
[92mINFO [0m:      	                      (41, 2.130895451635941),
[92mINFO [0m:      	                      (42, 2.115457463385736),
[92mINFO [0m:      	                      (43, 2.1399641310574444),
[92mINFO [0m:      	                      (44, 2.132014306612684),
[92mINFO [0m:      	                      (45, 2.1335696037036356),
[92mINFO [0m:      	                      (46, 2.133558422721172),
[92mINFO [0m:      	                      (47, 2.131509435892348),
[92mINFO [0m:      	                      (48, 2.1255087870911202),
[92mINFO [0m:      	                      (49, 2.1209500150787264),
[92mINFO [0m:      	                      (50, 2.1148362750560805),
[92mINFO [0m:      	                      (51, 2.1155185342441376),
[92mINFO [0m:      	                      (52, 2.1191367629585773),
[92mINFO [0m:      	                      (53, 2.0912601249749154),
[92mINFO [0m:      	                      (54, 2.0983093572172242),
[92mINFO [0m:      	                      (55, 2.082027034429665),
[92mINFO [0m:      	                      (56, 2.0954894049364094),
[92mINFO [0m:      	                      (57, 2.094636140980531),
[92mINFO [0m:      	                      (58, 2.114135945146469),
[92mINFO [0m:      	                      (59, 2.0792619222056956),
[92mINFO [0m:      	                      (60, 2.079980932877968),
[92mINFO [0m:      	                      (61, 2.06512451288295),
[92mINFO [0m:      	                      (62, 2.0706878545689316),
[92mINFO [0m:      	                      (63, 2.076750108208564),
[92mINFO [0m:      	                      (64, 2.0791950660464966),
[92mINFO [0m:      	                      (65, 2.0743923109642486),
[92mINFO [0m:      	                      (66, 2.073536398452029),
[92mINFO [0m:      	                      (67, 2.052655040938881),
[92mINFO [0m:      	                      (68, 2.035595731453881),
[92mINFO [0m:      	                      (69, 2.0387189308236353),
[92mINFO [0m:      	                      (70, 2.0419060382086287),
[92mINFO [0m:      	                      (71, 2.0480682617529),
[92mINFO [0m:      	                      (72, 2.0330622280116972),
[92mINFO [0m:      	                      (73, 2.0316504411513057),
[92mINFO [0m:      	                      (74, 2.0284675924120696),
[92mINFO [0m:      	                      (75, 2.0252789808799148),
[92mINFO [0m:      	                      (76, 2.0251726004987622),
[92mINFO [0m:      	                      (77, 2.03370856190989),
[92mINFO [0m:      	                      (78, 2.0281951423093965),
[92mINFO [0m:      	                      (79, 2.0079317839924222),
[92mINFO [0m:      	                      (80, 2.006810083321371),
[92mINFO [0m:      	                      (81, 2.018163276276535),
[92mINFO [0m:      	                      (82, 2.0024599542937955),
[92mINFO [0m:      	                      (83, 2.009818144028936),
[92mINFO [0m:      	                      (84, 2.0022739061140213),
[92mINFO [0m:      	                      (85, 1.9896516836793112),
[92mINFO [0m:      	                      (86, 2.0029417001097514),
[92mINFO [0m:      	                      (87, 1.9786706340397846),
[92mINFO [0m:      	                      (88, 1.997082703086876),
[92mINFO [0m:      	                      (89, 1.9837117774319188),
[92mINFO [0m:      	                      (90, 1.9837975774631134),
[92mINFO [0m:      	                      (91, 1.9815344984145764),
[92mINFO [0m:      	                      (92, 1.9763803701313443),
[92mINFO [0m:      	                      (93, 1.9841673493021506),
[92mINFO [0m:      	                      (94, 1.9790947934497043),
[92mINFO [0m:      	                      (95, 1.9755216449105),
[92mINFO [0m:      	                      (96, 1.9784815108181864),
[92mINFO [0m:      	                      (97, 1.958350664528801),
[92mINFO [0m:      	                      (98, 1.9747752619420282),
[92mINFO [0m:      	                      (99, 1.97239374255843),
[92mINFO [0m:      	                      (100, 1.9753152011005948),
[92mINFO [0m:      	                      (101, 1.9585571238613808),
[92mINFO [0m:      	                      (102, 1.957738537172335),
[92mINFO [0m:      	                      (103, 1.9545387683297955),
[92mINFO [0m:      	                      (104, 1.96371045078654),
[92mINFO [0m:      	                      (105, 1.9673700144429171),
[92mINFO [0m:      	                      (106, 1.9744843076471148),
[92mINFO [0m:      	                      (107, 1.9287188226305942),
[92mINFO [0m:      	                      (108, 1.9568920434309534),
[92mINFO [0m:      	                      (109, 1.9412056213720408),
[92mINFO [0m:      	                      (110, 1.9490196619974873),
[92mINFO [0m:      	                      (111, 1.946460659069787),
[92mINFO [0m:      	                      (112, 1.9411237586672405),
[92mINFO [0m:      	                      (113, 1.9367494255213382),
[92mINFO [0m:      	                      (114, 1.944818924353785),
[92mINFO [0m:      	                      (115, 1.9543634862890078),
[92mINFO [0m:      	                      (116, 1.9363840337929867),
[92mINFO [0m:      	                      (117, 1.947556712789914),
[92mINFO [0m:      	                      (118, 1.9408822794047889),
[92mINFO [0m:      	                      (119, 1.9367746731514606),
[92mINFO [0m:      	                      (120, 1.9514302537982122),
[92mINFO [0m:      	                      (121, 1.9237424786432835),
[92mINFO [0m:      	                      (122, 1.9323431292482456),
[92mINFO [0m:      	                      (123, 1.9428623490513035),
[92mINFO [0m:      	                      (124, 1.9345951937950032),
[92mINFO [0m:      	                      (125, 1.941057850943456),
[92mINFO [0m:      	                      (126, 1.920044408664335),
[92mINFO [0m:      	                      (127, 1.930042652196098),
[92mINFO [0m:      	                      (128, 1.944635327980453),
[92mINFO [0m:      	                      (129, 1.9300939577399534),
[92mINFO [0m:      	                      (130, 1.9254936392891808),
[92mINFO [0m:      	                      (131, 1.9360343568322613),
[92mINFO [0m:      	                      (132, 1.9272725366260608),
[92mINFO [0m:      	                      (133, 1.9295876899789093),
[92mINFO [0m:      	                      (134, 1.9231244627602346),
[92mINFO [0m:      	                      (135, 1.9259501669680967),
[92mINFO [0m:      	                      (136, 1.9367837954392144),
[92mINFO [0m:      	                      (137, 1.9068162105090742),
[92mINFO [0m:      	                      (138, 1.9231046763950788),
[92mINFO [0m:      	                      (139, 1.9336010514780317),
[92mINFO [0m:      	                      (140, 1.9130864221955122),
[92mINFO [0m:      	                      (141, 1.9204395950022455),
[92mINFO [0m:      	                      (142, 1.9058430327282556),
[92mINFO [0m:      	                      (143, 1.9196782536084631),
[92mINFO [0m:      	                      (144, 1.9161635258190512),
[92mINFO [0m:      	                      (145, 1.9112765132713898),
[92mINFO [0m:      	                      (146, 1.925007522288077),
[92mINFO [0m:      	                      (147, 1.9265698771510698),
[92mINFO [0m:      	                      (148, 1.9296695196980256),
[92mINFO [0m:      	                      (149, 1.9117612375005217),
[92mINFO [0m:      	                      (150, 1.9106418621261145),
[92mINFO [0m:      	                      (151, 1.8969799922659825),
[92mINFO [0m:      	                      (152, 1.9346925314421088),
[92mINFO [0m:      	                      (153, 1.927804325216299),
[92mINFO [0m:      	                      (154, 1.9212268817703693),
[92mINFO [0m:      	                      (155, 1.9205606392659587),
[92mINFO [0m:      	                      (156, 1.9070309760247943),
[92mINFO [0m:      	                      (157, 1.9149785201886662),
[92mINFO [0m:      	                      (158, 1.911292534999906),
[92mINFO [0m:      	                      (159, 1.9189745432484064),
[92mINFO [0m:      	                      (160, 1.9084337923315753)],
[92mINFO [0m:      	 'physical_round': [(1, 1.0),
[92mINFO [0m:      	                    (2, 2.0),
[92mINFO [0m:      	                    (3, 3.0),
[92mINFO [0m:      	                    (4, 4.0),
[92mINFO [0m:      	                    (5, 5.0),
[92mINFO [0m:      	                    (6, 6.0),
[92mINFO [0m:      	                    (7, 7.0),
[92mINFO [0m:      	                    (8, 8.0),
[92mINFO [0m:      	                    (9, 9.0),
[92mINFO [0m:      	                    (10, 10.0),
[92mINFO [0m:      	                    (11, 11.0),
[92mINFO [0m:      	                    (12, 12.0),
[92mINFO [0m:      	                    (13, 13.0),
[92mINFO [0m:      	                    (14, 14.0),
[92mINFO [0m:      	                    (15, 15.0),
[92mINFO [0m:      	                    (16, 16.0),
[92mINFO [0m:      	                    (17, 17.0),
[92mINFO [0m:      	                    (18, 18.0),
[92mINFO [0m:      	                    (19, 19.0),
[92mINFO [0m:      	                    (20, 20.0),
[92mINFO [0m:      	                    (21, 21.0),
[92mINFO [0m:      	                    (22, 22.0),
[92mINFO [0m:      	                    (23, 23.0),
[92mINFO [0m:      	                    (24, 24.0),
[92mINFO [0m:      	                    (25, 25.0),
[92mINFO [0m:      	                    (26, 26.0),
[92mINFO [0m:      	                    (27, 27.0),
[92mINFO [0m:      	                    (28, 28.0),
[92mINFO [0m:      	                    (29, 29.0),
[92mINFO [0m:      	                    (30, 30.0),
[92mINFO [0m:      	                    (31, 31.0),
[92mINFO [0m:      	                    (32, 32.0),
[92mINFO [0m:      	                    (33, 33.0),
[92mINFO [0m:      	                    (34, 34.0),
[92mINFO [0m:      	                    (35, 35.0),
[92mINFO [0m:      	                    (36, 36.0),
[92mINFO [0m:      	                    (37, 37.0),
[92mINFO [0m:      	                    (38, 38.0),
[92mINFO [0m:      	                    (39, 39.0),
[92mINFO [0m:      	                    (40, 40.0),
[92mINFO [0m:      	                    (41, 41.0),
[92mINFO [0m:      	                    (42, 42.0),
[92mINFO [0m:      	                    (43, 43.0),
[92mINFO [0m:      	                    (44, 44.0),
[92mINFO [0m:      	                    (45, 45.0),
[92mINFO [0m:      	                    (46, 46.0),
[92mINFO [0m:      	                    (47, 47.0),
[92mINFO [0m:      	                    (48, 48.0),
[92mINFO [0m:      	                    (49, 49.0),
[92mINFO [0m:      	                    (50, 50.0),
[92mINFO [0m:      	                    (51, 51.0),
[92mINFO [0m:      	                    (52, 52.0),
[92mINFO [0m:      	                    (53, 53.0),
[92mINFO [0m:      	                    (54, 54.0),
[92mINFO [0m:      	                    (55, 55.0),
[92mINFO [0m:      	                    (56, 56.0),
[92mINFO [0m:      	                    (57, 57.0),
[92mINFO [0m:      	                    (58, 58.0),
[92mINFO [0m:      	                    (59, 59.0),
[92mINFO [0m:      	                    (60, 60.0),
[92mINFO [0m:      	                    (61, 61.0),
[92mINFO [0m:      	                    (62, 62.0),
[92mINFO [0m:      	                    (63, 63.0),
[92mINFO [0m:      	                    (64, 64.0),
[92mINFO [0m:      	                    (65, 65.0),
[92mINFO [0m:      	                    (66, 66.0),
[92mINFO [0m:      	                    (67, 67.0),
[92mINFO [0m:      	                    (68, 68.0),
[92mINFO [0m:      	                    (69, 69.0),
[92mINFO [0m:      	                    (70, 70.0),
[92mINFO [0m:      	                    (71, 71.0),
[92mINFO [0m:      	                    (72, 72.0),
[92mINFO [0m:      	                    (73, 73.0),
[92mINFO [0m:      	                    (74, 74.0),
[92mINFO [0m:      	                    (75, 75.0),
[92mINFO [0m:      	                    (76, 76.0),
[92mINFO [0m:      	                    (77, 77.0),
[92mINFO [0m:      	                    (78, 78.0),
[92mINFO [0m:      	                    (79, 79.0),
[92mINFO [0m:      	                    (80, 80.0),
[92mINFO [0m:      	                    (81, 81.0),
[92mINFO [0m:      	                    (82, 82.0),
[92mINFO [0m:      	                    (83, 83.0),
[92mINFO [0m:      	                    (84, 84.0),
[92mINFO [0m:      	                    (85, 85.0),
[92mINFO [0m:      	                    (86, 86.0),
[92mINFO [0m:      	                    (87, 87.0),
[92mINFO [0m:      	                    (88, 88.0),
[92mINFO [0m:      	                    (89, 89.0),
[92mINFO [0m:      	                    (90, 90.0),
[92mINFO [0m:      	                    (91, 91.0),
[92mINFO [0m:      	                    (92, 92.0),
[92mINFO [0m:      	                    (93, 93.0),
[92mINFO [0m:      	                    (94, 94.0),
[92mINFO [0m:      	                    (95, 95.0),
[92mINFO [0m:      	                    (96, 96.0),
[92mINFO [0m:      	                    (97, 97.0),
[92mINFO [0m:      	                    (98, 98.0),
[92mINFO [0m:      	                    (99, 99.0),
[92mINFO [0m:      	                    (100, 100.0),
[92mINFO [0m:      	                    (101, 101.0),
[92mINFO [0m:      	                    (102, 102.0),
[92mINFO [0m:      	                    (103, 103.0),
[92mINFO [0m:      	                    (104, 104.0),
[92mINFO [0m:      	                    (105, 105.0),
[92mINFO [0m:      	                    (106, 106.0),
[92mINFO [0m:      	                    (107, 107.0),
[92mINFO [0m:      	                    (108, 108.0),
[92mINFO [0m:      	                    (109, 109.0),
[92mINFO [0m:      	                    (110, 110.0),
[92mINFO [0m:      	                    (111, 111.0),
[92mINFO [0m:      	                    (112, 112.0),
[92mINFO [0m:      	                    (113, 113.0),
[92mINFO [0m:      	                    (114, 114.0),
[92mINFO [0m:      	                    (115, 115.0),
[92mINFO [0m:      	                    (116, 116.0),
[92mINFO [0m:      	                    (117, 117.0),
[92mINFO [0m:      	                    (118, 118.0),
[92mINFO [0m:      	                    (119, 119.0),
[92mINFO [0m:      	                    (120, 120.0),
[92mINFO [0m:      	                    (121, 121.0),
[92mINFO [0m:      	                    (122, 122.0),
[92mINFO [0m:      	                    (123, 123.0),
[92mINFO [0m:      	                    (124, 124.0),
[92mINFO [0m:      	                    (125, 125.0),
[92mINFO [0m:      	                    (126, 126.0),
[92mINFO [0m:      	                    (127, 127.0),
[92mINFO [0m:      	                    (128, 128.0),
[92mINFO [0m:      	                    (129, 129.0),
[92mINFO [0m:      	                    (130, 130.0),
[92mINFO [0m:      	                    (131, 131.0),
[92mINFO [0m:      	                    (132, 132.0),
[92mINFO [0m:      	                    (133, 133.0),
[92mINFO [0m:      	                    (134, 134.0),
[92mINFO [0m:      	                    (135, 135.0),
[92mINFO [0m:      	                    (136, 136.0),
[92mINFO [0m:      	                    (137, 137.0),
[92mINFO [0m:      	                    (138, 138.0),
[92mINFO [0m:      	                    (139, 139.0),
[92mINFO [0m:      	                    (140, 140.0),
[92mINFO [0m:      	                    (141, 141.0),
[92mINFO [0m:      	                    (142, 142.0),
[92mINFO [0m:      	                    (143, 143.0),
[92mINFO [0m:      	                    (144, 144.0),
[92mINFO [0m:      	                    (145, 145.0),
[92mINFO [0m:      	                    (146, 146.0),
[92mINFO [0m:      	                    (147, 147.0),
[92mINFO [0m:      	                    (148, 148.0),
[92mINFO [0m:      	                    (149, 149.0),
[92mINFO [0m:      	                    (150, 150.0),
[92mINFO [0m:      	                    (151, 151.0),
[92mINFO [0m:      	                    (152, 152.0),
[92mINFO [0m:      	                    (153, 153.0),
[92mINFO [0m:      	                    (154, 154.0),
[92mINFO [0m:      	                    (155, 155.0),
[92mINFO [0m:      	                    (156, 156.0),
[92mINFO [0m:      	                    (157, 157.0),
[92mINFO [0m:      	                    (158, 158.0),
[92mINFO [0m:      	                    (159, 159.0),
[92mINFO [0m:      	                    (160, 160.0)],
[92mINFO [0m:      	 'train_loss': [(1, 2.3577120252203723),
[92mINFO [0m:      	                (2, 4.727047991825387),
[92mINFO [0m:      	                (3, 2.284605683242317),
[92mINFO [0m:      	                (4, 4.5665372671940325),
[92mINFO [0m:      	                (5, 2.2252063281659797),
[92mINFO [0m:      	                (6, 4.461434647801691),
[92mINFO [0m:      	                (7, 2.2033357241874065),
[92mINFO [0m:      	                (8, 4.3903271586824655),
[92mINFO [0m:      	                (9, 2.175040533583865),
[92mINFO [0m:      	                (10, 4.368899288546153),
[92mINFO [0m:      	                (11, 2.1677045486465722),
[92mINFO [0m:      	                (12, 4.344146047070214),
[92mINFO [0m:      	                (13, 2.167284276890488),
[92mINFO [0m:      	                (14, 4.328170078622968),
[92mINFO [0m:      	                (15, 2.16586524598596),
[92mINFO [0m:      	                (16, 4.347248308680429),
[92mINFO [0m:      	                (17, 2.1684125219211214),
[92mINFO [0m:      	                (18, 4.343775976419693),
[92mINFO [0m:      	                (19, 2.147845461700843),
[92mINFO [0m:      	                (20, 4.320099094270569),
[92mINFO [0m:      	                (21, 2.1612932226543866),
[92mINFO [0m:      	                (22, 4.338954070237742),
[92mINFO [0m:      	                (23, 2.175792960305665),
[92mINFO [0m:      	                (24, 4.332482783258385),
[92mINFO [0m:      	                (25, 2.159553790165231),
[92mINFO [0m:      	                (26, 4.330174795948235),
[92mINFO [0m:      	                (27, 2.1534954971360047),
[92mINFO [0m:      	                (28, 4.311087008191999),
[92mINFO [0m:      	                (29, 2.157728097785647),
[92mINFO [0m:      	                (30, 4.316085338107445),
[92mINFO [0m:      	                (31, 2.1465196145757166),
[92mINFO [0m:      	                (32, 4.297099982540095),
[92mINFO [0m:      	                (33, 2.1604651589844748),
[92mINFO [0m:      	                (34, 4.315992443049791),
[92mINFO [0m:      	                (35, 2.1368919783909464),
[92mINFO [0m:      	                (36, 4.28796061712752),
[92mINFO [0m:      	                (37, 2.134522961745548),
[92mINFO [0m:      	                (38, 4.28893130934008),
[92mINFO [0m:      	                (39, 2.156247318846042),
[92mINFO [0m:      	                (40, 4.2964267140851256),
[92mINFO [0m:      	                (41, 2.130895451635941),
[92mINFO [0m:      	                (42, 4.246352915021677),
[92mINFO [0m:      	                (43, 2.1399641310574444),
[92mINFO [0m:      	                (44, 4.271978437670128),
[92mINFO [0m:      	                (45, 2.1335696037036356),
[92mINFO [0m:      	                (46, 4.267128026424808),
[92mINFO [0m:      	                (47, 2.131509435892348),
[92mINFO [0m:      	                (48, 4.2570182229834685),
[92mINFO [0m:      	                (49, 2.1209500150787264),
[92mINFO [0m:      	                (50, 4.235786290134807),
[92mINFO [0m:      	                (51, 2.1155185342441376),
[92mINFO [0m:      	                (52, 4.234655297202715),
[92mINFO [0m:      	                (53, 2.0912601249749154),
[92mINFO [0m:      	                (54, 4.189569482192139),
[92mINFO [0m:      	                (55, 2.082027034429665),
[92mINFO [0m:      	                (56, 4.177516439366075),
[92mINFO [0m:      	                (57, 2.094636140980531),
[92mINFO [0m:      	                (58, 4.208772086127),
[92mINFO [0m:      	                (59, 2.0792619222056956),
[92mINFO [0m:      	                (60, 4.159242855083663),
[92mINFO [0m:      	                (61, 2.06512451288295),
[92mINFO [0m:      	                (62, 4.135812367451882),
[92mINFO [0m:      	                (63, 2.076750108208564),
[92mINFO [0m:      	                (64, 4.155945174255061),
[92mINFO [0m:      	                (65, 2.0743923109642486),
[92mINFO [0m:      	                (66, 4.147928709416277),
[92mINFO [0m:      	                (67, 2.052655040938881),
[92mINFO [0m:      	                (68, 4.088250772392762),
[92mINFO [0m:      	                (69, 2.0387189308236353),
[92mINFO [0m:      	                (70, 4.0806249690322645),
[92mINFO [0m:      	                (71, 2.0480682617529),
[92mINFO [0m:      	                (72, 4.081130489764597),
[92mINFO [0m:      	                (73, 2.0316504411513057),
[92mINFO [0m:      	                (74, 4.060118033563375),
[92mINFO [0m:      	                (75, 2.0252789808799148),
[92mINFO [0m:      	                (76, 4.0504515813786774),
[92mINFO [0m:      	                (77, 2.03370856190989),
[92mINFO [0m:      	                (78, 4.0619037042192865),
[92mINFO [0m:      	                (79, 2.0079317839924222),
[92mINFO [0m:      	                (80, 4.014741867313793),
[92mINFO [0m:      	                (81, 2.018163276276535),
[92mINFO [0m:      	                (82, 4.02062323057033),
[92mINFO [0m:      	                (83, 2.009818144028936),
[92mINFO [0m:      	                (84, 4.012092050142957),
[92mINFO [0m:      	                (85, 1.9896516836793112),
[92mINFO [0m:      	                (86, 3.9925933837890626),
[92mINFO [0m:      	                (87, 1.9786706340397846),
[92mINFO [0m:      	                (88, 3.975753337126661),
[92mINFO [0m:      	                (89, 1.9837117774319188),
[92mINFO [0m:      	                (90, 3.967509354895032),
[92mINFO [0m:      	                (91, 1.9815344984145764),
[92mINFO [0m:      	                (92, 3.9579148685459207),
[92mINFO [0m:      	                (93, 1.9841673493021506),
[92mINFO [0m:      	                (94, 3.963262142751855),
[92mINFO [0m:      	                (95, 1.9755216449105),
[92mINFO [0m:      	                (96, 3.954003155728686),
[92mINFO [0m:      	                (97, 1.958350664528801),
[92mINFO [0m:      	                (98, 3.9331259264708294),
[92mINFO [0m:      	                (99, 1.97239374255843),
[92mINFO [0m:      	                (100, 3.9477089436590247),
[92mINFO [0m:      	                (101, 1.9585571238613808),
[92mINFO [0m:      	                (102, 3.9162956610337156),
[92mINFO [0m:      	                (103, 1.9545387683297955),
[92mINFO [0m:      	                (104, 3.918249219116335),
[92mINFO [0m:      	                (105, 1.9673700144429171),
[92mINFO [0m:      	                (106, 3.941854322090032),
[92mINFO [0m:      	                (107, 1.9287188226305942),
[92mINFO [0m:      	                (108, 3.8856108660615476),
[92mINFO [0m:      	                (109, 1.9412056213720408),
[92mINFO [0m:      	                (110, 3.890225283369528),
[92mINFO [0m:      	                (111, 1.946460659069787),
[92mINFO [0m:      	                (112, 3.8875844177370276),
[92mINFO [0m:      	                (113, 1.9367494255213382),
[92mINFO [0m:      	                (114, 3.8815683498751232),
[92mINFO [0m:      	                (115, 1.9543634862890078),
[92mINFO [0m:      	                (116, 3.8907475200819945),
[92mINFO [0m:      	                (117, 1.947556712789914),
[92mINFO [0m:      	                (118, 3.888438992194703),
[92mINFO [0m:      	                (119, 1.9367746731514606),
[92mINFO [0m:      	                (120, 3.8882049269496726),
[92mINFO [0m:      	                (121, 1.9237424786432835),
[92mINFO [0m:      	                (122, 3.8560856078915293),
[92mINFO [0m:      	                (123, 1.9428623490513035),
[92mINFO [0m:      	                (124, 3.8774575428463067),
[92mINFO [0m:      	                (125, 1.941057850943456),
[92mINFO [0m:      	                (126, 3.861102259607791),
[92mINFO [0m:      	                (127, 1.930042652196098),
[92mINFO [0m:      	                (128, 3.8746779801765507),
[92mINFO [0m:      	                (129, 1.9300939577399534),
[92mINFO [0m:      	                (130, 3.8555875970291345),
[92mINFO [0m:      	                (131, 1.9360343568322613),
[92mINFO [0m:      	                (132, 3.863306893458322),
[92mINFO [0m:      	                (133, 1.9295876899789093),
[92mINFO [0m:      	                (134, 3.852712152739144),
[92mINFO [0m:      	                (135, 1.9259501669680967),
[92mINFO [0m:      	                (136, 3.862733962407311),
[92mINFO [0m:      	                (137, 1.9068162105090742),
[92mINFO [0m:      	                (138, 3.829920886904153),
[92mINFO [0m:      	                (139, 1.9336010514780317),
[92mINFO [0m:      	                (140, 3.846687473673544),
[92mINFO [0m:      	                (141, 1.9204395950022455),
[92mINFO [0m:      	                (142, 3.8262826277305013),
[92mINFO [0m:      	                (143, 1.9196782536084631),
[92mINFO [0m:      	                (144, 3.8358417794275144),
[92mINFO [0m:      	                (145, 1.9112765132713898),
[92mINFO [0m:      	                (146, 3.8362840355594665),
[92mINFO [0m:      	                (147, 1.9265698771510698),
[92mINFO [0m:      	                (148, 3.8562393968490953),
[92mINFO [0m:      	                (149, 1.9117612375005217),
[92mINFO [0m:      	                (150, 3.8224030996266363),
[92mINFO [0m:      	                (151, 1.8969799922659825),
[92mINFO [0m:      	                (152, 3.8316725237080913),
[92mINFO [0m:      	                (153, 1.927804325216299),
[92mINFO [0m:      	                (154, 3.8490312069866683),
[92mINFO [0m:      	                (155, 1.9205606392659587),
[92mINFO [0m:      	                (156, 3.827591615290753),
[92mINFO [0m:      	                (157, 1.9149785201886662),
[92mINFO [0m:      	                (158, 3.826271055188572),
[92mINFO [0m:      	                (159, 1.9189745432484064),
[92mINFO [0m:      	                (160, 3.8274083355799817)]}
[92mINFO [0m:      	History (metrics, centralized):
[92mINFO [0m:      	{'accuracy': [(0, 0.1),
[92mINFO [0m:      	              (2, 0.1),
[92mINFO [0m:      	              (4, 0.1),
[92mINFO [0m:      	              (6, 0.1),
[92mINFO [0m:      	              (8, 0.1043),
[92mINFO [0m:      	              (10, 0.1182),
[92mINFO [0m:      	              (12, 0.1201),
[92mINFO [0m:      	              (14, 0.1),
[92mINFO [0m:      	              (16, 0.1001),
[92mINFO [0m:      	              (18, 0.1),
[92mINFO [0m:      	              (20, 0.1),
[92mINFO [0m:      	              (22, 0.1),
[92mINFO [0m:      	              (24, 0.1001),
[92mINFO [0m:      	              (26, 0.1005),
[92mINFO [0m:      	              (28, 0.1011),
[92mINFO [0m:      	              (30, 0.1),
[92mINFO [0m:      	              (32, 0.1008),
[92mINFO [0m:      	              (34, 0.1007),
[92mINFO [0m:      	              (36, 0.1143),
[92mINFO [0m:      	              (38, 0.1372),
[92mINFO [0m:      	              (40, 0.1083),
[92mINFO [0m:      	              (42, 0.1115),
[92mINFO [0m:      	              (44, 0.1154),
[92mINFO [0m:      	              (46, 0.1331),
[92mINFO [0m:      	              (48, 0.1235),
[92mINFO [0m:      	              (50, 0.1407),
[92mINFO [0m:      	              (52, 0.1429),
[92mINFO [0m:      	              (54, 0.1638),
[92mINFO [0m:      	              (56, 0.1694),
[92mINFO [0m:      	              (58, 0.1817),
[92mINFO [0m:      	              (60, 0.1643),
[92mINFO [0m:      	              (62, 0.1811),
[92mINFO [0m:      	              (64, 0.1681),
[92mINFO [0m:      	              (66, 0.1835),
[92mINFO [0m:      	              (68, 0.1767),
[92mINFO [0m:      	              (70, 0.1806),
[92mINFO [0m:      	              (72, 0.1828),
[92mINFO [0m:      	              (74, 0.1804),
[92mINFO [0m:      	              (76, 0.1878),
[92mINFO [0m:      	              (78, 0.1817),
[92mINFO [0m:      	              (80, 0.1847),
[92mINFO [0m:      	              (82, 0.1858),
[92mINFO [0m:      	              (84, 0.1806),
[92mINFO [0m:      	              (86, 0.1894),
[92mINFO [0m:      	              (88, 0.185),
[92mINFO [0m:      	              (90, 0.1835),
[92mINFO [0m:      	              (92, 0.1889),
[92mINFO [0m:      	              (94, 0.1846),
[92mINFO [0m:      	              (96, 0.1882),
[92mINFO [0m:      	              (98, 0.1884),
[92mINFO [0m:      	              (100, 0.1876),
[92mINFO [0m:      	              (102, 0.1877),
[92mINFO [0m:      	              (104, 0.1895),
[92mINFO [0m:      	              (106, 0.1896),
[92mINFO [0m:      	              (108, 0.1913),
[92mINFO [0m:      	              (110, 0.1897),
[92mINFO [0m:      	              (112, 0.1886),
[92mINFO [0m:      	              (114, 0.1838),
[92mINFO [0m:      	              (116, 0.1887),
[92mINFO [0m:      	              (118, 0.1893),
[92mINFO [0m:      	              (120, 0.1873),
[92mINFO [0m:      	              (122, 0.191),
[92mINFO [0m:      	              (124, 0.1857),
[92mINFO [0m:      	              (126, 0.1937),
[92mINFO [0m:      	              (128, 0.1927),
[92mINFO [0m:      	              (130, 0.1889),
[92mINFO [0m:      	              (132, 0.1933),
[92mINFO [0m:      	              (134, 0.1924),
[92mINFO [0m:      	              (136, 0.1934),
[92mINFO [0m:      	              (138, 0.1916),
[92mINFO [0m:      	              (140, 0.1806),
[92mINFO [0m:      	              (142, 0.1936),
[92mINFO [0m:      	              (144, 0.1937),
[92mINFO [0m:      	              (146, 0.187),
[92mINFO [0m:      	              (148, 0.1929),
[92mINFO [0m:      	              (150, 0.1938),
[92mINFO [0m:      	              (152, 0.1949),
[92mINFO [0m:      	              (154, 0.193),
[92mINFO [0m:      	              (156, 0.1948),
[92mINFO [0m:      	              (158, 0.1951),
[92mINFO [0m:      	              (160, 0.1928)],
[92mINFO [0m:      	 'ece': [(0, 0.08703089010149241),
[92mINFO [0m:      	         (2, 0.10188558049589397),
[92mINFO [0m:      	         (4, 0.08057004188358782),
[92mINFO [0m:      	         (6, 0.08951605000466109),
[92mINFO [0m:      	         (8, 0.09530308294832704),
[92mINFO [0m:      	         (10, 0.08223717349916697),
[92mINFO [0m:      	         (12, 0.08131651975601913),
[92mINFO [0m:      	         (14, 0.10827410110414028),
[92mINFO [0m:      	         (16, 0.11079209371536969),
[92mINFO [0m:      	         (18, 0.12711044728726154),
[92mINFO [0m:      	         (20, 0.12726089586436745),
[92mINFO [0m:      	         (22, 0.13982171886891126),
[92mINFO [0m:      	         (24, 0.13815028648138045),
[92mINFO [0m:      	         (26, 0.12827807704031471),
[92mINFO [0m:      	         (28, 0.11781267818033699),
[92mINFO [0m:      	         (30, 0.1404321440950036),
[92mINFO [0m:      	         (32, 0.13953926182150836),
[92mINFO [0m:      	         (34, 0.12743302341878415),
[92mINFO [0m:      	         (36, 0.10082357387393713),
[92mINFO [0m:      	         (38, 0.06251875652343032),
[92mINFO [0m:      	         (40, 0.11804316678181291),
[92mINFO [0m:      	         (42, 0.10737559958636761),
[92mINFO [0m:      	         (44, 0.10854072730362416),
[92mINFO [0m:      	         (46, 0.07602742960959673),
[92mINFO [0m:      	         (48, 0.09366360296487809),
[92mINFO [0m:      	         (50, 0.07390214515641329),
[92mINFO [0m:      	         (52, 0.07693731228142976),
[92mINFO [0m:      	         (54, 0.045405616927742934),
[92mINFO [0m:      	         (56, 0.039860123182535206),
[92mINFO [0m:      	         (58, 0.03385529617875815),
[92mINFO [0m:      	         (60, 0.0514064537423849),
[92mINFO [0m:      	         (62, 0.0442692244189978),
[92mINFO [0m:      	         (64, 0.06666890584170818),
[92mINFO [0m:      	         (66, 0.04457435342401267),
[92mINFO [0m:      	         (68, 0.05038929403021931),
[92mINFO [0m:      	         (70, 0.056513028555363436),
[92mINFO [0m:      	         (72, 0.053977473485618835),
[92mINFO [0m:      	         (74, 0.05748637173131106),
[92mINFO [0m:      	         (76, 0.04968853882998229),
[92mINFO [0m:      	         (78, 0.053488412111848585),
[92mINFO [0m:      	         (80, 0.04661337023630736),
[92mINFO [0m:      	         (82, 0.05842282376706601),
[92mINFO [0m:      	         (84, 0.07338774284631017),
[92mINFO [0m:      	         (86, 0.0434895313540101),
[92mINFO [0m:      	         (88, 0.061218215922266256),
[92mINFO [0m:      	         (90, 0.06855221022941171),
[92mINFO [0m:      	         (92, 0.06936037682995201),
[92mINFO [0m:      	         (94, 0.06716277814298867),
[92mINFO [0m:      	         (96, 0.06433738222241402),
[92mINFO [0m:      	         (98, 0.056920801846832056),
[92mINFO [0m:      	         (100, 0.06892928709238766),
[92mINFO [0m:      	         (102, 0.05842388593718408),
[92mINFO [0m:      	         (104, 0.05331203218191863),
[92mINFO [0m:      	         (106, 0.0789749365463853),
[92mINFO [0m:      	         (108, 0.0600497632266581),
[92mINFO [0m:      	         (110, 0.06806258270621302),
[92mINFO [0m:      	         (112, 0.065319015525952),
[92mINFO [0m:      	         (114, 0.06330162109702826),
[92mINFO [0m:      	         (116, 0.08129720278158786),
[92mINFO [0m:      	         (118, 0.07570954220488667),
[92mINFO [0m:      	         (120, 0.07395850296601653),
[92mINFO [0m:      	         (122, 0.07436080958817154),
[92mINFO [0m:      	         (124, 0.07470779098331927),
[92mINFO [0m:      	         (126, 0.05599937675893308),
[92mINFO [0m:      	         (128, 0.06495065601721405),
[92mINFO [0m:      	         (130, 0.06276970610463989),
[92mINFO [0m:      	         (132, 0.07375038560315966),
[92mINFO [0m:      	         (134, 0.06794328200772405),
[92mINFO [0m:      	         (136, 0.06750920629158613),
[92mINFO [0m:      	         (138, 0.09022866057425735),
[92mINFO [0m:      	         (140, 0.08596170745067297),
[92mINFO [0m:      	         (142, 0.06882512128423897),
[92mINFO [0m:      	         (144, 0.06943434979699553),
[92mINFO [0m:      	         (146, 0.08895663405485452),
[92mINFO [0m:      	         (148, 0.04826427055239678),
[92mINFO [0m:      	         (150, 0.06318987646102908),
[92mINFO [0m:      	         (152, 0.07672278503727167),
[92mINFO [0m:      	         (154, 0.06215994913861156),
[92mINFO [0m:      	         (156, 0.07280393766000866),
[92mINFO [0m:      	         (158, 0.07540124785676598),
[92mINFO [0m:      	         (160, 0.07267443004153669)]}
[92mINFO [0m:      
[36m(ClientAppActor pid=2588878)[0m [2026-08-27 00:18:57,552 E 2588878 2589360] core_worker_process.cc:825: Failed to establish connection to the metrics exporter agent. Metrics will not be exported. Exporter agent status: RpcError: Running out of retries to initialize the metrics agent. rpc_code: 14[32m [repeated 47x across cluster][0m
Finished: sparse_random_keep50_proposed_rep00_seed12025
========================================================================================
Starting 3/6: sparse_random_keep25_proposed_rep00_seed12025
[93mWARNING [0m:   DEPRECATED FEATURE: The `run_simulation` function is deprecated and will be removed in a future version of Flower. Please use `flwr run` in the CLI instead to run your simulation. Refer to the Flower Tutorials for more details: https://flower.ai/docs/framework/tutorial-quickstart-pytorch.html

            This is a deprecated feature. It will be removed
            entirely in future versions of Flower.
        
[92mINFO [0m:      Starting Flower ServerApp, config: num_rounds=160, no round_timeout
[92mINFO [0m:      
[92mINFO [0m:      [INIT]
[92mINFO [0m:      Using initial global parameters provided by strategy
[92mINFO [0m:      Starting evaluation of initial global parameters
[92mINFO [0m:      initial parameters (loss, other metrics): 2.3708087632663397, {'accuracy': 0.1, 'ece': 0.08703089010149241}
[92mINFO [0m:      
[92mINFO [0m:      [ROUND 1]
[92mINFO [0m:      configure_fit: strategy sampled 40 clients (out of 40)
[36m(pid=gcs_server)[0m [2026-08-27 01:02:37,660 E 2623579 2623579] (gcs_server) gcs_server.cc:302: Failed to establish connection to the event+metrics exporter agent. Events and metrics will not be exported. Exporter agent status: RpcError: Running out of retries to initialize the metrics agent. rpc_code: 14
[92mINFO [0m:      aggregate_fit: received 40 results and 0 failures
[33m(raylet)[0m [2026-08-27 01:02:38,549 E 2623757 2623757] (raylet) main.cc:975: Failed to establish connection to the metrics exporter agent. Metrics will not be exported. Exporter agent status: RpcError: Running out of retries to initialize the metrics agent. rpc_code: 14
[92mINFO [0m:      configure_evaluate: no clients selected, skipping evaluation
[92mINFO [0m:      
[92mINFO [0m:      [ROUND 2]
[92mINFO [0m:      configure_fit: strategy sampled 40 clients (out of 40)
[36m(pid=2623869)[0m [2026-08-27 01:02:39,089 E 2623869 2624366] core_worker_process.cc:825: Failed to establish connection to the metrics exporter agent. Metrics will not be exported. Exporter agent status: RpcError: Running out of retries to initialize the metrics agent. rpc_code: 14
[2026-08-27 01:02:39,371 E 2547686 2623855] core_worker_process.cc:825: Failed to establish connection to the metrics exporter agent. Metrics will not be exported. Exporter agent status: RpcError: Running out of retries to initialize the metrics agent. rpc_code: 14
[92mINFO [0m:      aggregate_fit: received 40 results and 0 failures
[92mINFO [0m:      fit progress: (2, 2.374211909512902, {'accuracy': 0.1, 'ece': 0.09690306957751513}, 36.486741688102484)
[92mINFO [0m:      configure_evaluate: no clients selected, skipping evaluation
[92mINFO [0m:      
[92mINFO [0m:      [ROUND 3]
[92mINFO [0m:      configure_fit: strategy sampled 40 clients (out of 40)
[92mINFO [0m:      aggregate_fit: received 40 results and 0 failures
[92mINFO [0m:      configure_evaluate: no clients selected, skipping evaluation
[92mINFO [0m:      
[92mINFO [0m:      [ROUND 4]
[92mINFO [0m:      configure_fit: strategy sampled 40 clients (out of 40)
[92mINFO [0m:      aggregate_fit: received 40 results and 0 failures
[92mINFO [0m:      fit progress: (4, 2.349979485288628, {'accuracy': 0.1, 'ece': 0.08153894361078738}, 69.03530972218141)
[92mINFO [0m:      configure_evaluate: no clients selected, skipping evaluation
[92mINFO [0m:      
[92mINFO [0m:      [ROUND 5]
[92mINFO [0m:      configure_fit: strategy sampled 40 clients (out of 40)
[92mINFO [0m:      aggregate_fit: received 40 results and 0 failures
[92mINFO [0m:      configure_evaluate: no clients selected, skipping evaluation
[92mINFO [0m:      
[92mINFO [0m:      [ROUND 6]
[92mINFO [0m:      configure_fit: strategy sampled 40 clients (out of 40)
[92mINFO [0m:      aggregate_fit: received 40 results and 0 failures
[92mINFO [0m:      fit progress: (6, 2.357101222719712, {'accuracy': 0.1, 'ece': 0.09154066317409276}, 101.78230202198029)
[92mINFO [0m:      configure_evaluate: no clients selected, skipping evaluation
[92mINFO [0m:      
[92mINFO [0m:      [ROUND 7]
[92mINFO [0m:      configure_fit: strategy sampled 40 clients (out of 40)
[92mINFO [0m:      aggregate_fit: received 40 results and 0 failures
[92mINFO [0m:      configure_evaluate: no clients selected, skipping evaluation
[92mINFO [0m:      
[92mINFO [0m:      [ROUND 8]
[92mINFO [0m:      configure_fit: strategy sampled 40 clients (out of 40)
[92mINFO [0m:      aggregate_fit: received 40 results and 0 failures
[92mINFO [0m:      fit progress: (8, 2.3834581691902033, {'accuracy': 0.1, 'ece': 0.1104621005898714}, 134.4806352108717)
[92mINFO [0m:      configure_evaluate: no clients selected, skipping evaluation
[92mINFO [0m:      
[92mINFO [0m:      [ROUND 9]
[92mINFO [0m:      configure_fit: strategy sampled 40 clients (out of 40)
[92mINFO [0m:      aggregate_fit: received 40 results and 0 failures
[92mINFO [0m:      configure_evaluate: no clients selected, skipping evaluation
[92mINFO [0m:      
[92mINFO [0m:      [ROUND 10]
[92mINFO [0m:      configure_fit: strategy sampled 40 clients (out of 40)
[92mINFO [0m:      aggregate_fit: received 40 results and 0 failures
[92mINFO [0m:      fit progress: (10, 2.380124758296265, {'accuracy': 0.1, 'ece': 0.10108036924153566}, 166.6675420901738)
[92mINFO [0m:      configure_evaluate: no clients selected, skipping evaluation
[92mINFO [0m:      
[92mINFO [0m:      [ROUND 11]
[92mINFO [0m:      configure_fit: strategy sampled 40 clients (out of 40)
[92mINFO [0m:      aggregate_fit: received 40 results and 0 failures
[92mINFO [0m:      configure_evaluate: no clients selected, skipping evaluation
[92mINFO [0m:      
[92mINFO [0m:      [ROUND 12]
[92mINFO [0m:      configure_fit: strategy sampled 40 clients (out of 40)
[92mINFO [0m:      aggregate_fit: received 40 results and 0 failures
[92mINFO [0m:      fit progress: (12, 2.3811067719450745, {'accuracy': 0.1, 'ece': 0.09687070380538701}, 198.8055255091749)
[92mINFO [0m:      configure_evaluate: no clients selected, skipping evaluation
[92mINFO [0m:      
[92mINFO [0m:      [ROUND 13]
[92mINFO [0m:      configure_fit: strategy sampled 40 clients (out of 40)
[92mINFO [0m:      aggregate_fit: received 40 results and 0 failures
[92mINFO [0m:      configure_evaluate: no clients selected, skipping evaluation
[92mINFO [0m:      
[92mINFO [0m:      [ROUND 14]
[92mINFO [0m:      configure_fit: strategy sampled 40 clients (out of 40)
[92mINFO [0m:      aggregate_fit: received 40 results and 0 failures
[92mINFO [0m:      fit progress: (14, 2.3908058852492156, {'accuracy': 0.1003, 'ece': 0.08343964380592107}, 230.9663734040223)
[92mINFO [0m:      configure_evaluate: no clients selected, skipping evaluation
[92mINFO [0m:      
[92mINFO [0m:      [ROUND 15]
[92mINFO [0m:      configure_fit: strategy sampled 40 clients (out of 40)
[92mINFO [0m:      aggregate_fit: received 40 results and 0 failures
[92mINFO [0m:      configure_evaluate: no clients selected, skipping evaluation
[92mINFO [0m:      
[92mINFO [0m:      [ROUND 16]
[92mINFO [0m:      configure_fit: strategy sampled 40 clients (out of 40)
[92mINFO [0m:      aggregate_fit: received 40 results and 0 failures
[92mINFO [0m:      fit progress: (16, 2.3912929326842414, {'accuracy': 0.1002, 'ece': 0.08686635334223514}, 263.3164493641816)
[92mINFO [0m:      configure_evaluate: no clients selected, skipping evaluation
[92mINFO [0m:      
[92mINFO [0m:      [ROUND 17]
[92mINFO [0m:      configure_fit: strategy sampled 40 clients (out of 40)
[92mINFO [0m:      aggregate_fit: received 40 results and 0 failures
[92mINFO [0m:      configure_evaluate: no clients selected, skipping evaluation
[92mINFO [0m:      
[92mINFO [0m:      [ROUND 18]
[92mINFO [0m:      configure_fit: strategy sampled 40 clients (out of 40)
[92mINFO [0m:      aggregate_fit: received 40 results and 0 failures
[92mINFO [0m:      fit progress: (18, 2.4027682072361722, {'accuracy': 0.1125, 'ece': 0.06392296210825443}, 295.57662955019623)
[92mINFO [0m:      configure_evaluate: no clients selected, skipping evaluation
[92mINFO [0m:      
[92mINFO [0m:      [ROUND 19]
[92mINFO [0m:      configure_fit: strategy sampled 40 clients (out of 40)
[92mINFO [0m:      aggregate_fit: received 40 results and 0 failures
[92mINFO [0m:      configure_evaluate: no clients selected, skipping evaluation
[92mINFO [0m:      
[92mINFO [0m:      [ROUND 20]
[92mINFO [0m:      configure_fit: strategy sampled 40 clients (out of 40)
[92mINFO [0m:      aggregate_fit: received 40 results and 0 failures
[92mINFO [0m:      fit progress: (20, 2.4083603585044906, {'accuracy': 0.1093, 'ece': 0.0779028518038988}, 327.4335559932515)
[92mINFO [0m:      configure_evaluate: no clients selected, skipping evaluation
[92mINFO [0m:      
[92mINFO [0m:      [ROUND 21]
[92mINFO [0m:      configure_fit: strategy sampled 40 clients (out of 40)
[92mINFO [0m:      aggregate_fit: received 40 results and 0 failures
[92mINFO [0m:      configure_evaluate: no clients selected, skipping evaluation
[92mINFO [0m:      
[92mINFO [0m:      [ROUND 22]
[92mINFO [0m:      configure_fit: strategy sampled 40 clients (out of 40)
[92mINFO [0m:      aggregate_fit: received 40 results and 0 failures
[92mINFO [0m:      fit progress: (22, 2.406512787198355, {'accuracy': 0.1002, 'ece': 0.09435181494027377}, 359.159550701268)
[92mINFO [0m:      configure_evaluate: no clients selected, skipping evaluation
[92mINFO [0m:      
[92mINFO [0m:      [ROUND 23]
[92mINFO [0m:      configure_fit: strategy sampled 40 clients (out of 40)
[92mINFO [0m:      aggregate_fit: received 40 results and 0 failures
[92mINFO [0m:      configure_evaluate: no clients selected, skipping evaluation
[92mINFO [0m:      
[92mINFO [0m:      [ROUND 24]
[92mINFO [0m:      configure_fit: strategy sampled 40 clients (out of 40)
[92mINFO [0m:      aggregate_fit: received 40 results and 0 failures
[92mINFO [0m:      fit progress: (24, 2.4380176704790104, {'accuracy': 0.1164, 'ece': 0.08494140011936427}, 390.29654371598735)
[92mINFO [0m:      configure_evaluate: no clients selected, skipping evaluation
[92mINFO [0m:      
[92mINFO [0m:      [ROUND 25]
[92mINFO [0m:      configure_fit: strategy sampled 40 clients (out of 40)
[92mINFO [0m:      aggregate_fit: received 40 results and 0 failures
[92mINFO [0m:      configure_evaluate: no clients selected, skipping evaluation
[92mINFO [0m:      
[92mINFO [0m:      [ROUND 26]
[92mINFO [0m:      configure_fit: strategy sampled 40 clients (out of 40)
[92mINFO [0m:      aggregate_fit: received 40 results and 0 failures
[92mINFO [0m:      fit progress: (26, 2.427129071135887, {'accuracy': 0.1007, 'ece': 0.09676795262396336}, 421.3084059241228)
[92mINFO [0m:      configure_evaluate: no clients selected, skipping evaluation
[92mINFO [0m:      
[92mINFO [0m:      [ROUND 27]
[92mINFO [0m:      configure_fit: strategy sampled 40 clients (out of 40)
[92mINFO [0m:      aggregate_fit: received 40 results and 0 failures
[92mINFO [0m:      configure_evaluate: no clients selected, skipping evaluation
[92mINFO [0m:      
[92mINFO [0m:      [ROUND 28]
[92mINFO [0m:      configure_fit: strategy sampled 40 clients (out of 40)
[92mINFO [0m:      aggregate_fit: received 40 results and 0 failures
[92mINFO [0m:      fit progress: (28, 2.4319198826971222, {'accuracy': 0.1044, 'ece': 0.09219955213278533}, 452.4205258260481)
[92mINFO [0m:      configure_evaluate: no clients selected, skipping evaluation
[92mINFO [0m:      
[92mINFO [0m:      [ROUND 29]
[92mINFO [0m:      configure_fit: strategy sampled 40 clients (out of 40)
[92mINFO [0m:      aggregate_fit: received 40 results and 0 failures
[92mINFO [0m:      configure_evaluate: no clients selected, skipping evaluation
[92mINFO [0m:      
[92mINFO [0m:      [ROUND 30]
[92mINFO [0m:      configure_fit: strategy sampled 40 clients (out of 40)
[92mINFO [0m:      aggregate_fit: received 40 results and 0 failures
[92mINFO [0m:      fit progress: (30, 2.4498065295394795, {'accuracy': 0.1, 'ece': 0.11850512457549572}, 483.1045648190193)
[92mINFO [0m:      configure_evaluate: no clients selected, skipping evaluation
[92mINFO [0m:      
[92mINFO [0m:      [ROUND 31]
[92mINFO [0m:      configure_fit: strategy sampled 40 clients (out of 40)
[92mINFO [0m:      aggregate_fit: received 40 results and 0 failures
[92mINFO [0m:      configure_evaluate: no clients selected, skipping evaluation
[92mINFO [0m:      
[92mINFO [0m:      [ROUND 32]
[92mINFO [0m:      configure_fit: strategy sampled 40 clients (out of 40)
[92mINFO [0m:      aggregate_fit: received 40 results and 0 failures
[92mINFO [0m:      fit progress: (32, 2.4449483524401203, {'accuracy': 0.1, 'ece': 0.12656709214001896}, 514.033855068963)
[92mINFO [0m:      configure_evaluate: no clients selected, skipping evaluation
[92mINFO [0m:      
[92mINFO [0m:      [ROUND 33]
[92mINFO [0m:      configure_fit: strategy sampled 40 clients (out of 40)
[92mINFO [0m:      aggregate_fit: received 40 results and 0 failures
[92mINFO [0m:      configure_evaluate: no clients selected, skipping evaluation
[92mINFO [0m:      
[92mINFO [0m:      [ROUND 34]
[92mINFO [0m:      configure_fit: strategy sampled 40 clients (out of 40)
[92mINFO [0m:      aggregate_fit: received 40 results and 0 failures
[92mINFO [0m:      fit progress: (34, 2.45565172382387, {'accuracy': 0.1, 'ece': 0.11614744602248073}, 545.4095203289762)
[92mINFO [0m:      configure_evaluate: no clients selected, skipping evaluation
[92mINFO [0m:      
[92mINFO [0m:      [ROUND 35]
[92mINFO [0m:      configure_fit: strategy sampled 40 clients (out of 40)
[92mINFO [0m:      aggregate_fit: received 40 results and 0 failures
[92mINFO [0m:      configure_evaluate: no clients selected, skipping evaluation
[92mINFO [0m:      
[92mINFO [0m:      [ROUND 36]
[92mINFO [0m:      configure_fit: strategy sampled 40 clients (out of 40)
[92mINFO [0m:      aggregate_fit: received 40 results and 0 failures
[92mINFO [0m:      fit progress: (36, 2.456955376274792, {'accuracy': 0.1007, 'ece': 0.11190882086604834}, 576.2425397108309)
[92mINFO [0m:      configure_evaluate: no clients selected, skipping evaluation
[92mINFO [0m:      
[92mINFO [0m:      [ROUND 37]
[92mINFO [0m:      configure_fit: strategy sampled 40 clients (out of 40)
[92mINFO [0m:      aggregate_fit: received 40 results and 0 failures
[92mINFO [0m:      configure_evaluate: no clients selected, skipping evaluation
[92mINFO [0m:      
[92mINFO [0m:      [ROUND 38]
[92mINFO [0m:      configure_fit: strategy sampled 40 clients (out of 40)
[92mINFO [0m:      aggregate_fit: received 40 results and 0 failures
[92mINFO [0m:      fit progress: (38, 2.441806865672435, {'accuracy': 0.1044, 'ece': 0.09226666335791349}, 607.7268525068648)
[92mINFO [0m:      configure_evaluate: no clients selected, skipping evaluation
[92mINFO [0m:      
[92mINFO [0m:      [ROUND 39]
[92mINFO [0m:      configure_fit: strategy sampled 40 clients (out of 40)
[92mINFO [0m:      aggregate_fit: received 40 results and 0 failures
[92mINFO [0m:      configure_evaluate: no clients selected, skipping evaluation
[92mINFO [0m:      
[92mINFO [0m:      [ROUND 40]
[92mINFO [0m:      configure_fit: strategy sampled 40 clients (out of 40)
[92mINFO [0m:      aggregate_fit: received 40 results and 0 failures
[92mINFO [0m:      fit progress: (40, 2.466465280349557, {'accuracy': 0.1, 'ece': 0.12655395944029094}, 638.6972432602197)
[92mINFO [0m:      configure_evaluate: no clients selected, skipping evaluation
[92mINFO [0m:      
[92mINFO [0m:      [ROUND 41]
[92mINFO [0m:      configure_fit: strategy sampled 40 clients (out of 40)
[92mINFO [0m:      aggregate_fit: received 40 results and 0 failures
[92mINFO [0m:      configure_evaluate: no clients selected, skipping evaluation
[92mINFO [0m:      
[92mINFO [0m:      [ROUND 42]
[92mINFO [0m:      configure_fit: strategy sampled 40 clients (out of 40)
[92mINFO [0m:      aggregate_fit: received 40 results and 0 failures
[92mINFO [0m:      fit progress: (42, 2.4444991436963446, {'accuracy': 0.1001, 'ece': 0.11504919104248285}, 671.3566001108848)
[92mINFO [0m:      configure_evaluate: no clients selected, skipping evaluation
[92mINFO [0m:      
[92mINFO [0m:      [ROUND 43]
[92mINFO [0m:      configure_fit: strategy sampled 40 clients (out of 40)
[92mINFO [0m:      aggregate_fit: received 40 results and 0 failures
[92mINFO [0m:      configure_evaluate: no clients selected, skipping evaluation
[92mINFO [0m:      
[92mINFO [0m:      [ROUND 44]
[92mINFO [0m:      configure_fit: strategy sampled 40 clients (out of 40)
[92mINFO [0m:      aggregate_fit: received 40 results and 0 failures
[92mINFO [0m:      fit progress: (44, 2.461771434288985, {'accuracy': 0.1001, 'ece': 0.12636376280456782}, 702.5748515222222)
[92mINFO [0m:      configure_evaluate: no clients selected, skipping evaluation
[92mINFO [0m:      
[92mINFO [0m:      [ROUND 45]
[92mINFO [0m:      configure_fit: strategy sampled 40 clients (out of 40)
[92mINFO [0m:      aggregate_fit: received 40 results and 0 failures
[92mINFO [0m:      configure_evaluate: no clients selected, skipping evaluation
[92mINFO [0m:      
[92mINFO [0m:      [ROUND 46]
[92mINFO [0m:      configure_fit: strategy sampled 40 clients (out of 40)
[92mINFO [0m:      aggregate_fit: received 40 results and 0 failures
[92mINFO [0m:      fit progress: (46, 2.45529938477972, {'accuracy': 0.1002, 'ece': 0.11566293085455892}, 734.2124031642452)
[92mINFO [0m:      configure_evaluate: no clients selected, skipping evaluation
[92mINFO [0m:      
[92mINFO [0m:      [ROUND 47]
[92mINFO [0m:      configure_fit: strategy sampled 40 clients (out of 40)
[92mINFO [0m:      aggregate_fit: received 40 results and 0 failures
[92mINFO [0m:      configure_evaluate: no clients selected, skipping evaluation
[92mINFO [0m:      
[92mINFO [0m:      [ROUND 48]
[92mINFO [0m:      configure_fit: strategy sampled 40 clients (out of 40)
[92mINFO [0m:      aggregate_fit: received 40 results and 0 failures
[92mINFO [0m:      fit progress: (48, 2.458250281160851, {'accuracy': 0.1, 'ece': 0.12578680792838334}, 765.386672087945)
[92mINFO [0m:      configure_evaluate: no clients selected, skipping evaluation
[92mINFO [0m:      
[92mINFO [0m:      [ROUND 49]
[92mINFO [0m:      configure_fit: strategy sampled 40 clients (out of 40)
[92mINFO [0m:      aggregate_fit: received 40 results and 0 failures
[92mINFO [0m:      configure_evaluate: no clients selected, skipping evaluation
[92mINFO [0m:      
[92mINFO [0m:      [ROUND 50]
[92mINFO [0m:      configure_fit: strategy sampled 40 clients (out of 40)
[92mINFO [0m:      aggregate_fit: received 40 results and 0 failures
[92mINFO [0m:      fit progress: (50, 2.4506739784142746, {'accuracy': 0.1001, 'ece': 0.12433156997531651}, 796.4362654639408)
[92mINFO [0m:      configure_evaluate: no clients selected, skipping evaluation
[92mINFO [0m:      
[92mINFO [0m:      [ROUND 51]
[92mINFO [0m:      configure_fit: strategy sampled 40 clients (out of 40)
[92mINFO [0m:      aggregate_fit: received 40 results and 0 failures
[92mINFO [0m:      configure_evaluate: no clients selected, skipping evaluation
[92mINFO [0m:      
[92mINFO [0m:      [ROUND 52]
[92mINFO [0m:      configure_fit: strategy sampled 40 clients (out of 40)
[92mINFO [0m:      aggregate_fit: received 40 results and 0 failures
[92mINFO [0m:      fit progress: (52, 2.46024346400362, {'accuracy': 0.1002, 'ece': 0.13098493019342422}, 827.463419387117)
[92mINFO [0m:      configure_evaluate: no clients selected, skipping evaluation
[92mINFO [0m:      
[92mINFO [0m:      [ROUND 53]
[92mINFO [0m:      configure_fit: strategy sampled 40 clients (out of 40)
[92mINFO [0m:      aggregate_fit: received 40 results and 0 failures
[92mINFO [0m:      configure_evaluate: no clients selected, skipping evaluation
[92mINFO [0m:      
[92mINFO [0m:      [ROUND 54]
[92mINFO [0m:      configure_fit: strategy sampled 40 clients (out of 40)
[92mINFO [0m:      aggregate_fit: received 40 results and 0 failures
[92mINFO [0m:      fit progress: (54, 2.453301737424727, {'accuracy': 0.1004, 'ece': 0.1150571402141452}, 858.5065726200119)
[92mINFO [0m:      configure_evaluate: no clients selected, skipping evaluation
[92mINFO [0m:      
[92mINFO [0m:      [ROUND 55]
[92mINFO [0m:      configure_fit: strategy sampled 40 clients (out of 40)
[92mINFO [0m:      aggregate_fit: received 40 results and 0 failures
[92mINFO [0m:      configure_evaluate: no clients selected, skipping evaluation
[92mINFO [0m:      
[92mINFO [0m:      [ROUND 56]
[92mINFO [0m:      configure_fit: strategy sampled 40 clients (out of 40)
[92mINFO [0m:      aggregate_fit: received 40 results and 0 failures
[92mINFO [0m:      fit progress: (56, 2.448225479069938, {'accuracy': 0.1001, 'ece': 0.11917987786054612}, 888.2674893192016)
[92mINFO [0m:      configure_evaluate: no clients selected, skipping evaluation
[92mINFO [0m:      
[92mINFO [0m:      [ROUND 57]
[92mINFO [0m:      configure_fit: strategy sampled 40 clients (out of 40)
[92mINFO [0m:      aggregate_fit: received 40 results and 0 failures
[92mINFO [0m:      configure_evaluate: no clients selected, skipping evaluation
[92mINFO [0m:      
[92mINFO [0m:      [ROUND 58]
[92mINFO [0m:      configure_fit: strategy sampled 40 clients (out of 40)
[92mINFO [0m:      aggregate_fit: received 40 results and 0 failures
[92mINFO [0m:      fit progress: (58, 2.4701522590592764, {'accuracy': 0.1063, 'ece': 0.09933541678279639}, 920.8685852498747)
[92mINFO [0m:      configure_evaluate: no clients selected, skipping evaluation
[92mINFO [0m:      
[92mINFO [0m:      [ROUND 59]
[92mINFO [0m:      configure_fit: strategy sampled 40 clients (out of 40)
[92mINFO [0m:      aggregate_fit: received 40 results and 0 failures
[92mINFO [0m:      configure_evaluate: no clients selected, skipping evaluation
[92mINFO [0m:      
[92mINFO [0m:      [ROUND 60]
[92mINFO [0m:      configure_fit: strategy sampled 40 clients (out of 40)
[92mINFO [0m:      aggregate_fit: received 40 results and 0 failures
[92mINFO [0m:      fit progress: (60, 2.449292104107281, {'accuracy': 0.1004, 'ece': 0.11542531821161507}, 953.5535653540865)
[92mINFO [0m:      configure_evaluate: no clients selected, skipping evaluation
[92mINFO [0m:      
[92mINFO [0m:      [ROUND 61]
[92mINFO [0m:      configure_fit: strategy sampled 40 clients (out of 40)
[92mINFO [0m:      aggregate_fit: received 40 results and 0 failures
[92mINFO [0m:      configure_evaluate: no clients selected, skipping evaluation
[92mINFO [0m:      
[92mINFO [0m:      [ROUND 62]
[92mINFO [0m:      configure_fit: strategy sampled 40 clients (out of 40)
[92mINFO [0m:      aggregate_fit: received 40 results and 0 failures
[92mINFO [0m:      fit progress: (62, 2.460846168248218, {'accuracy': 0.1008, 'ece': 0.11432292909860615}, 985.8688040329143)
[92mINFO [0m:      configure_evaluate: no clients selected, skipping evaluation
[92mINFO [0m:      
[92mINFO [0m:      [ROUND 63]
[92mINFO [0m:      configure_fit: strategy sampled 40 clients (out of 40)
[92mINFO [0m:      aggregate_fit: received 40 results and 0 failures
[92mINFO [0m:      configure_evaluate: no clients selected, skipping evaluation
[92mINFO [0m:      
[92mINFO [0m:      [ROUND 64]
[92mINFO [0m:      configure_fit: strategy sampled 40 clients (out of 40)
[92mINFO [0m:      aggregate_fit: received 40 results and 0 failures
[92mINFO [0m:      fit progress: (64, 2.452472358651745, {'accuracy': 0.1015, 'ece': 0.11898503418773412}, 1017.1448116730899)
[92mINFO [0m:      configure_evaluate: no clients selected, skipping evaluation
[92mINFO [0m:      
[92mINFO [0m:      [ROUND 65]
[92mINFO [0m:      configure_fit: strategy sampled 40 clients (out of 40)
[92mINFO [0m:      aggregate_fit: received 40 results and 0 failures
[92mINFO [0m:      configure_evaluate: no clients selected, skipping evaluation
[92mINFO [0m:      
[92mINFO [0m:      [ROUND 66]
[92mINFO [0m:      configure_fit: strategy sampled 40 clients (out of 40)
[92mINFO [0m:      aggregate_fit: received 40 results and 0 failures
[92mINFO [0m:      fit progress: (66, 2.449753144502461, {'accuracy': 0.1295, 'ece': 0.07361615797609092}, 1048.5337781589478)
[92mINFO [0m:      configure_evaluate: no clients selected, skipping evaluation
[92mINFO [0m:      
[92mINFO [0m:      [ROUND 67]
[92mINFO [0m:      configure_fit: strategy sampled 40 clients (out of 40)
[92mINFO [0m:      aggregate_fit: received 40 results and 0 failures
[92mINFO [0m:      configure_evaluate: no clients selected, skipping evaluation
[92mINFO [0m:      
[92mINFO [0m:      [ROUND 68]
[92mINFO [0m:      configure_fit: strategy sampled 40 clients (out of 40)
[92mINFO [0m:      aggregate_fit: received 40 results and 0 failures
[92mINFO [0m:      fit progress: (68, 2.447012728480805, {'accuracy': 0.101, 'ece': 0.12236071114331487}, 1079.5795178781264)
[92mINFO [0m:      configure_evaluate: no clients selected, skipping evaluation
[92mINFO [0m:      
[92mINFO [0m:      [ROUND 69]
[92mINFO [0m:      configure_fit: strategy sampled 40 clients (out of 40)
[92mINFO [0m:      aggregate_fit: received 40 results and 0 failures
[92mINFO [0m:      configure_evaluate: no clients selected, skipping evaluation
[92mINFO [0m:      
[92mINFO [0m:      [ROUND 70]
[92mINFO [0m:      configure_fit: strategy sampled 40 clients (out of 40)
[92mINFO [0m:      aggregate_fit: received 40 results and 0 failures
[92mINFO [0m:      fit progress: (70, 2.4553397871959044, {'accuracy': 0.106, 'ece': 0.10580857551217081}, 1111.4965970539488)
[92mINFO [0m:      configure_evaluate: no clients selected, skipping evaluation
[92mINFO [0m:      
[92mINFO [0m:      [ROUND 71]
[92mINFO [0m:      configure_fit: strategy sampled 40 clients (out of 40)
[92mINFO [0m:      aggregate_fit: received 40 results and 0 failures
[92mINFO [0m:      configure_evaluate: no clients selected, skipping evaluation
[92mINFO [0m:      
[92mINFO [0m:      [ROUND 72]
[92mINFO [0m:      configure_fit: strategy sampled 40 clients (out of 40)
[92mINFO [0m:      aggregate_fit: received 40 results and 0 failures
[92mINFO [0m:      fit progress: (72, 2.4524121021861083, {'accuracy': 0.1023, 'ece': 0.11579733079135415}, 1144.1135846991092)
[92mINFO [0m:      configure_evaluate: no clients selected, skipping evaluation
[92mINFO [0m:      
[92mINFO [0m:      [ROUND 73]
[92mINFO [0m:      configure_fit: strategy sampled 40 clients (out of 40)
[92mINFO [0m:      aggregate_fit: received 40 results and 0 failures
[92mINFO [0m:      configure_evaluate: no clients selected, skipping evaluation
[92mINFO [0m:      
[92mINFO [0m:      [ROUND 74]
[92mINFO [0m:      configure_fit: strategy sampled 40 clients (out of 40)
[92mINFO [0m:      aggregate_fit: received 40 results and 0 failures
[92mINFO [0m:      fit progress: (74, 2.4593192087348137, {'accuracy': 0.1021, 'ece': 0.12271816159129145}, 1176.762504698243)
[92mINFO [0m:      configure_evaluate: no clients selected, skipping evaluation
[92mINFO [0m:      
[92mINFO [0m:      [ROUND 75]
[92mINFO [0m:      configure_fit: strategy sampled 40 clients (out of 40)
[92mINFO [0m:      aggregate_fit: received 40 results and 0 failures
[92mINFO [0m:      configure_evaluate: no clients selected, skipping evaluation
[92mINFO [0m:      
[92mINFO [0m:      [ROUND 76]
[92mINFO [0m:      configure_fit: strategy sampled 40 clients (out of 40)
[92mINFO [0m:      aggregate_fit: received 40 results and 0 failures
[92mINFO [0m:      fit progress: (76, 2.4415833389507577, {'accuracy': 0.1132, 'ece': 0.09350595384210345}, 1208.1685867719352)
[92mINFO [0m:      configure_evaluate: no clients selected, skipping evaluation
[92mINFO [0m:      
[92mINFO [0m:      [ROUND 77]
[92mINFO [0m:      configure_fit: strategy sampled 40 clients (out of 40)
[92mINFO [0m:      aggregate_fit: received 40 results and 0 failures
[92mINFO [0m:      configure_evaluate: no clients selected, skipping evaluation
[92mINFO [0m:      
[92mINFO [0m:      [ROUND 78]
[92mINFO [0m:      configure_fit: strategy sampled 40 clients (out of 40)
[92mINFO [0m:      aggregate_fit: received 40 results and 0 failures
[92mINFO [0m:      fit progress: (78, 2.445626517366748, {'accuracy': 0.1009, 'ece': 0.11493233963608743}, 1239.6447287141345)
[92mINFO [0m:      configure_evaluate: no clients selected, skipping evaluation
[92mINFO [0m:      
[92mINFO [0m:      [ROUND 79]
[92mINFO [0m:      configure_fit: strategy sampled 40 clients (out of 40)
[92mINFO [0m:      aggregate_fit: received 40 results and 0 failures
[92mINFO [0m:      configure_evaluate: no clients selected, skipping evaluation
[92mINFO [0m:      
[92mINFO [0m:      [ROUND 80]
[92mINFO [0m:      configure_fit: strategy sampled 40 clients (out of 40)
[92mINFO [0m:      aggregate_fit: received 40 results and 0 failures
[92mINFO [0m:      fit progress: (80, 2.4403338987727343, {'accuracy': 0.128, 'ece': 0.06852827236115931}, 1270.4955306532793)
[92mINFO [0m:      configure_evaluate: no clients selected, skipping evaluation
[92mINFO [0m:      
[92mINFO [0m:      [ROUND 81]
[92mINFO [0m:      configure_fit: strategy sampled 40 clients (out of 40)
[92mINFO [0m:      aggregate_fit: received 40 results and 0 failures
[92mINFO [0m:      configure_evaluate: no clients selected, skipping evaluation
[92mINFO [0m:      
[92mINFO [0m:      [ROUND 82]
[92mINFO [0m:      configure_fit: strategy sampled 40 clients (out of 40)
[92mINFO [0m:      aggregate_fit: received 40 results and 0 failures
[92mINFO [0m:      fit progress: (82, 2.4523804169335146, {'accuracy': 0.1199, 'ece': 0.09832527254670857}, 1301.6422323719598)
[92mINFO [0m:      configure_evaluate: no clients selected, skipping evaluation
[92mINFO [0m:      
[92mINFO [0m:      [ROUND 83]
[92mINFO [0m:      configure_fit: strategy sampled 40 clients (out of 40)
[92mINFO [0m:      aggregate_fit: received 40 results and 0 failures
[92mINFO [0m:      configure_evaluate: no clients selected, skipping evaluation
[92mINFO [0m:      
[92mINFO [0m:      [ROUND 84]
[92mINFO [0m:      configure_fit: strategy sampled 40 clients (out of 40)
[92mINFO [0m:      aggregate_fit: received 40 results and 0 failures
[92mINFO [0m:      fit progress: (84, 2.4529260423781083, {'accuracy': 0.1075, 'ece': 0.12106150910854338}, 1332.8305694879964)
[92mINFO [0m:      configure_evaluate: no clients selected, skipping evaluation
[92mINFO [0m:      
[92mINFO [0m:      [ROUND 85]
[92mINFO [0m:      configure_fit: strategy sampled 40 clients (out of 40)
[92mINFO [0m:      aggregate_fit: received 40 results and 0 failures
[92mINFO [0m:      configure_evaluate: no clients selected, skipping evaluation
[92mINFO [0m:      
[92mINFO [0m:      [ROUND 86]
[92mINFO [0m:      configure_fit: strategy sampled 40 clients (out of 40)
[92mINFO [0m:      aggregate_fit: received 40 results and 0 failures
[92mINFO [0m:      fit progress: (86, 2.4329334432625744, {'accuracy': 0.1153, 'ece': 0.09500599135279657}, 1365.922585343942)
[92mINFO [0m:      configure_evaluate: no clients selected, skipping evaluation
[92mINFO [0m:      
[92mINFO [0m:      [ROUND 87]
[92mINFO [0m:      configure_fit: strategy sampled 40 clients (out of 40)
[92mINFO [0m:      aggregate_fit: received 40 results and 0 failures
[92mINFO [0m:      configure_evaluate: no clients selected, skipping evaluation
[92mINFO [0m:      
[92mINFO [0m:      [ROUND 88]
[92mINFO [0m:      configure_fit: strategy sampled 40 clients (out of 40)
[92mINFO [0m:      aggregate_fit: received 40 results and 0 failures
[92mINFO [0m:      fit progress: (88, 2.444412633421025, {'accuracy': 0.1163, 'ece': 0.09840329368114473}, 1398.7737166122533)
[92mINFO [0m:      configure_evaluate: no clients selected, skipping evaluation
[92mINFO [0m:      
[92mINFO [0m:      [ROUND 89]
[92mINFO [0m:      configure_fit: strategy sampled 40 clients (out of 40)
[92mINFO [0m:      aggregate_fit: received 40 results and 0 failures
[92mINFO [0m:      configure_evaluate: no clients selected, skipping evaluation
[92mINFO [0m:      
[92mINFO [0m:      [ROUND 90]
[92mINFO [0m:      configure_fit: strategy sampled 40 clients (out of 40)
[92mINFO [0m:      aggregate_fit: received 40 results and 0 failures
[92mINFO [0m:      fit progress: (90, 2.454854579561048, {'accuracy': 0.1235, 'ece': 0.1025907694852352}, 1430.8586763842031)
[92mINFO [0m:      configure_evaluate: no clients selected, skipping evaluation
[92mINFO [0m:      
[92mINFO [0m:      [ROUND 91]
[92mINFO [0m:      configure_fit: strategy sampled 40 clients (out of 40)
[92mINFO [0m:      aggregate_fit: received 40 results and 0 failures
[92mINFO [0m:      configure_evaluate: no clients selected, skipping evaluation
[92mINFO [0m:      
[92mINFO [0m:      [ROUND 92]
[92mINFO [0m:      configure_fit: strategy sampled 40 clients (out of 40)
[92mINFO [0m:      aggregate_fit: received 40 results and 0 failures
[92mINFO [0m:      fit progress: (92, 2.4471386032920064, {'accuracy': 0.1182, 'ece': 0.1001155830228329}, 1461.9869465092197)
[92mINFO [0m:      configure_evaluate: no clients selected, skipping evaluation
[92mINFO [0m:      
[92mINFO [0m:      [ROUND 93]
[92mINFO [0m:      configure_fit: strategy sampled 40 clients (out of 40)
[92mINFO [0m:      aggregate_fit: received 40 results and 0 failures
[92mINFO [0m:      configure_evaluate: no clients selected, skipping evaluation
[92mINFO [0m:      
[92mINFO [0m:      [ROUND 94]
[92mINFO [0m:      configure_fit: strategy sampled 40 clients (out of 40)
[92mINFO [0m:      aggregate_fit: received 40 results and 0 failures
[92mINFO [0m:      fit progress: (94, 2.436597665748032, {'accuracy': 0.1174, 'ece': 0.10019832971811295}, 1493.6167652662843)
[92mINFO [0m:      configure_evaluate: no clients selected, skipping evaluation
[92mINFO [0m:      
[92mINFO [0m:      [ROUND 95]
[92mINFO [0m:      configure_fit: strategy sampled 40 clients (out of 40)
[92mINFO [0m:      aggregate_fit: received 40 results and 0 failures
[92mINFO [0m:      configure_evaluate: no clients selected, skipping evaluation
[92mINFO [0m:      
[92mINFO [0m:      [ROUND 96]
[92mINFO [0m:      configure_fit: strategy sampled 40 clients (out of 40)
[92mINFO [0m:      aggregate_fit: received 40 results and 0 failures
[92mINFO [0m:      fit progress: (96, 2.43467208360361, {'accuracy': 0.1074, 'ece': 0.1168168527817726}, 1524.7374874432571)
[92mINFO [0m:      configure_evaluate: no clients selected, skipping evaluation
[92mINFO [0m:      
[92mINFO [0m:      [ROUND 97]
[92mINFO [0m:      configure_fit: strategy sampled 40 clients (out of 40)
[92mINFO [0m:      aggregate_fit: received 40 results and 0 failures
[92mINFO [0m:      configure_evaluate: no clients selected, skipping evaluation
[92mINFO [0m:      
[92mINFO [0m:      [ROUND 98]
[92mINFO [0m:      configure_fit: strategy sampled 40 clients (out of 40)
[92mINFO [0m:      aggregate_fit: received 40 results and 0 failures
[92mINFO [0m:      fit progress: (98, 2.433387603858606, {'accuracy': 0.1263, 'ece': 0.0900985502013564}, 1556.0807200782)
[92mINFO [0m:      configure_evaluate: no clients selected, skipping evaluation
[92mINFO [0m:      
[92mINFO [0m:      [ROUND 99]
[92mINFO [0m:      configure_fit: strategy sampled 40 clients (out of 40)
[92mINFO [0m:      aggregate_fit: received 40 results and 0 failures
[92mINFO [0m:      configure_evaluate: no clients selected, skipping evaluation
[92mINFO [0m:      
[92mINFO [0m:      [ROUND 100]
[92mINFO [0m:      configure_fit: strategy sampled 40 clients (out of 40)
[92mINFO [0m:      aggregate_fit: received 40 results and 0 failures
[92mINFO [0m:      fit progress: (100, 2.4140132565404238, {'accuracy': 0.1244, 'ece': 0.10214343089401721}, 1588.1215729229152)
[92mINFO [0m:      configure_evaluate: no clients selected, skipping evaluation
[92mINFO [0m:      
[92mINFO [0m:      [ROUND 101]
[92mINFO [0m:      configure_fit: strategy sampled 40 clients (out of 40)
[92mINFO [0m:      aggregate_fit: received 40 results and 0 failures
[92mINFO [0m:      configure_evaluate: no clients selected, skipping evaluation
[92mINFO [0m:      
[92mINFO [0m:      [ROUND 102]
[92mINFO [0m:      configure_fit: strategy sampled 40 clients (out of 40)
[92mINFO [0m:      aggregate_fit: received 40 results and 0 failures
[92mINFO [0m:      fit progress: (102, 2.4155182157629715, {'accuracy': 0.1331, 'ece': 0.07918205256819724}, 1621.0755993071944)
[92mINFO [0m:      configure_evaluate: no clients selected, skipping evaluation
[92mINFO [0m:      
[92mINFO [0m:      [ROUND 103]
[92mINFO [0m:      configure_fit: strategy sampled 40 clients (out of 40)
[92mINFO [0m:      aggregate_fit: received 40 results and 0 failures
[92mINFO [0m:      configure_evaluate: no clients selected, skipping evaluation
[92mINFO [0m:      
[92mINFO [0m:      [ROUND 104]
[92mINFO [0m:      configure_fit: strategy sampled 40 clients (out of 40)
[92mINFO [0m:      aggregate_fit: received 40 results and 0 failures
[92mINFO [0m:      fit progress: (104, 2.3993929085966093, {'accuracy': 0.1495, 'ece': 0.05736888676851987}, 1652.8504970548674)
[92mINFO [0m:      configure_evaluate: no clients selected, skipping evaluation
[92mINFO [0m:      
[92mINFO [0m:      [ROUND 105]
[92mINFO [0m:      configure_fit: strategy sampled 40 clients (out of 40)
[92mINFO [0m:      aggregate_fit: received 40 results and 0 failures
[92mINFO [0m:      configure_evaluate: no clients selected, skipping evaluation
[92mINFO [0m:      
[92mINFO [0m:      [ROUND 106]
[92mINFO [0m:      configure_fit: strategy sampled 40 clients (out of 40)
[92mINFO [0m:      aggregate_fit: received 40 results and 0 failures
[92mINFO [0m:      fit progress: (106, 2.4242947563388713, {'accuracy': 0.1318, 'ece': 0.11189562153190373}, 1684.3575587081723)
[92mINFO [0m:      configure_evaluate: no clients selected, skipping evaluation
[92mINFO [0m:      
[92mINFO [0m:      [ROUND 107]
[92mINFO [0m:      configure_fit: strategy sampled 40 clients (out of 40)
[92mINFO [0m:      aggregate_fit: received 40 results and 0 failures
[92mINFO [0m:      configure_evaluate: no clients selected, skipping evaluation
[92mINFO [0m:      
[92mINFO [0m:      [ROUND 108]
[92mINFO [0m:      configure_fit: strategy sampled 40 clients (out of 40)
[92mINFO [0m:      aggregate_fit: received 40 results and 0 failures
[92mINFO [0m:      fit progress: (108, 2.4148738777565626, {'accuracy': 0.1388, 'ece': 0.08625653144806623}, 1715.3575065070763)
[92mINFO [0m:      configure_evaluate: no clients selected, skipping evaluation
[92mINFO [0m:      
[92mINFO [0m:      [ROUND 109]
[92mINFO [0m:      configure_fit: strategy sampled 40 clients (out of 40)
[92mINFO [0m:      aggregate_fit: received 40 results and 0 failures
[92mINFO [0m:      configure_evaluate: no clients selected, skipping evaluation
[92mINFO [0m:      
[92mINFO [0m:      [ROUND 110]
[92mINFO [0m:      configure_fit: strategy sampled 40 clients (out of 40)
[92mINFO [0m:      aggregate_fit: received 40 results and 0 failures
[92mINFO [0m:      fit progress: (110, 2.4037300260567136, {'accuracy': 0.1545, 'ece': 0.06425349603176118}, 1746.0414576120675)
[92mINFO [0m:      configure_evaluate: no clients selected, skipping evaluation
[92mINFO [0m:      
[92mINFO [0m:      [ROUND 111]
[92mINFO [0m:      configure_fit: strategy sampled 40 clients (out of 40)
[92mINFO [0m:      aggregate_fit: received 40 results and 0 failures
[92mINFO [0m:      configure_evaluate: no clients selected, skipping evaluation
[92mINFO [0m:      
[92mINFO [0m:      [ROUND 112]
[92mINFO [0m:      configure_fit: strategy sampled 40 clients (out of 40)
[92mINFO [0m:      aggregate_fit: received 40 results and 0 failures
[92mINFO [0m:      fit progress: (112, 2.4133600814176197, {'accuracy': 0.1455, 'ece': 0.07973211145609617}, 1777.8884057188407)
[92mINFO [0m:      configure_evaluate: no clients selected, skipping evaluation
[92mINFO [0m:      
[92mINFO [0m:      [ROUND 113]
[92mINFO [0m:      configure_fit: strategy sampled 40 clients (out of 40)
[92mINFO [0m:      aggregate_fit: received 40 results and 0 failures
[92mINFO [0m:      configure_evaluate: no clients selected, skipping evaluation
[92mINFO [0m:      
[92mINFO [0m:      [ROUND 114]
[92mINFO [0m:      configure_fit: strategy sampled 40 clients (out of 40)
[92mINFO [0m:      aggregate_fit: received 40 results and 0 failures
[92mINFO [0m:      fit progress: (114, 2.3906959870665467, {'accuracy': 0.1545, 'ece': 0.06126824010312558}, 1810.6066428110935)
[92mINFO [0m:      configure_evaluate: no clients selected, skipping evaluation
[92mINFO [0m:      
[92mINFO [0m:      [ROUND 115]
[92mINFO [0m:      configure_fit: strategy sampled 40 clients (out of 40)
[92mINFO [0m:      aggregate_fit: received 40 results and 0 failures
[92mINFO [0m:      configure_evaluate: no clients selected, skipping evaluation
[92mINFO [0m:      
[92mINFO [0m:      [ROUND 116]
[92mINFO [0m:      configure_fit: strategy sampled 40 clients (out of 40)
[92mINFO [0m:      aggregate_fit: received 40 results and 0 failures
[92mINFO [0m:      fit progress: (116, 2.4119464054652724, {'accuracy': 0.166, 'ece': 0.059635138027817}, 1843.515671514906)
[92mINFO [0m:      configure_evaluate: no clients selected, skipping evaluation
[92mINFO [0m:      
[92mINFO [0m:      [ROUND 117]
[92mINFO [0m:      configure_fit: strategy sampled 40 clients (out of 40)
[92mINFO [0m:      aggregate_fit: received 40 results and 0 failures
[92mINFO [0m:      configure_evaluate: no clients selected, skipping evaluation
[92mINFO [0m:      
[92mINFO [0m:      [ROUND 118]
[92mINFO [0m:      configure_fit: strategy sampled 40 clients (out of 40)
[92mINFO [0m:      aggregate_fit: received 40 results and 0 failures
[92mINFO [0m:      fit progress: (118, 2.4018500241284366, {'accuracy': 0.1615, 'ece': 0.06582490760475397}, 1876.2515145768411)
[92mINFO [0m:      configure_evaluate: no clients selected, skipping evaluation
[92mINFO [0m:      
[92mINFO [0m:      [ROUND 119]
[92mINFO [0m:      configure_fit: strategy sampled 40 clients (out of 40)
[92mINFO [0m:      aggregate_fit: received 40 results and 0 failures
[92mINFO [0m:      configure_evaluate: no clients selected, skipping evaluation
[92mINFO [0m:      
[92mINFO [0m:      [ROUND 120]
[92mINFO [0m:      configure_fit: strategy sampled 40 clients (out of 40)
[92mINFO [0m:      aggregate_fit: received 40 results and 0 failures
[92mINFO [0m:      fit progress: (120, 2.3901078911247655, {'accuracy': 0.1684, 'ece': 0.05322939058363437}, 1908.1145595051348)
[92mINFO [0m:      configure_evaluate: no clients selected, skipping evaluation
[92mINFO [0m:      
[92mINFO [0m:      [ROUND 121]
[92mINFO [0m:      configure_fit: strategy sampled 40 clients (out of 40)
[92mINFO [0m:      aggregate_fit: received 40 results and 0 failures
[92mINFO [0m:      configure_evaluate: no clients selected, skipping evaluation
[92mINFO [0m:      
[92mINFO [0m:      [ROUND 122]
[92mINFO [0m:      configure_fit: strategy sampled 40 clients (out of 40)
[92mINFO [0m:      aggregate_fit: received 40 results and 0 failures
[92mINFO [0m:      fit progress: (122, 2.3921965114428603, {'accuracy': 0.1565, 'ece': 0.08454869223684071}, 1939.2845955551602)
[92mINFO [0m:      configure_evaluate: no clients selected, skipping evaluation
[92mINFO [0m:      
[92mINFO [0m:      [ROUND 123]
[92mINFO [0m:      configure_fit: strategy sampled 40 clients (out of 40)
[92mINFO [0m:      aggregate_fit: received 40 results and 0 failures
[92mINFO [0m:      configure_evaluate: no clients selected, skipping evaluation
[92mINFO [0m:      
[92mINFO [0m:      [ROUND 124]
[92mINFO [0m:      configure_fit: strategy sampled 40 clients (out of 40)
[92mINFO [0m:      aggregate_fit: received 40 results and 0 failures
[92mINFO [0m:      fit progress: (124, 2.3856657972384108, {'accuracy': 0.1678, 'ece': 0.05649473445221781}, 1970.7715794858523)
[92mINFO [0m:      configure_evaluate: no clients selected, skipping evaluation
[92mINFO [0m:      
[92mINFO [0m:      [ROUND 125]
[92mINFO [0m:      configure_fit: strategy sampled 40 clients (out of 40)
[92mINFO [0m:      aggregate_fit: received 40 results and 0 failures
[92mINFO [0m:      configure_evaluate: no clients selected, skipping evaluation
[92mINFO [0m:      
[92mINFO [0m:      [ROUND 126]
[92mINFO [0m:      configure_fit: strategy sampled 40 clients (out of 40)
[92mINFO [0m:      aggregate_fit: received 40 results and 0 failures
[92mINFO [0m:      fit progress: (126, 2.3638772936636596, {'accuracy': 0.1733, 'ece': 0.041670159235298626}, 2003.091722536832)
[92mINFO [0m:      configure_evaluate: no clients selected, skipping evaluation
[92mINFO [0m:      
[92mINFO [0m:      [ROUND 127]
[92mINFO [0m:      configure_fit: strategy sampled 40 clients (out of 40)
[92mINFO [0m:      aggregate_fit: received 40 results and 0 failures
[92mINFO [0m:      configure_evaluate: no clients selected, skipping evaluation
[92mINFO [0m:      
[92mINFO [0m:      [ROUND 128]
[92mINFO [0m:      configure_fit: strategy sampled 40 clients (out of 40)
[92mINFO [0m:      aggregate_fit: received 40 results and 0 failures
[92mINFO [0m:      fit progress: (128, 2.3721910990843034, {'accuracy': 0.1752, 'ece': 0.05196293067067863}, 2036.2066389298998)
[92mINFO [0m:      configure_evaluate: no clients selected, skipping evaluation
[92mINFO [0m:      
[92mINFO [0m:      [ROUND 129]
[92mINFO [0m:      configure_fit: strategy sampled 40 clients (out of 40)
[92mINFO [0m:      aggregate_fit: received 40 results and 0 failures
[92mINFO [0m:      configure_evaluate: no clients selected, skipping evaluation
[92mINFO [0m:      
[92mINFO [0m:      [ROUND 130]
[92mINFO [0m:      configure_fit: strategy sampled 40 clients (out of 40)
[92mINFO [0m:      aggregate_fit: received 40 results and 0 failures
[92mINFO [0m:      fit progress: (130, 2.3766144640326266, {'accuracy': 0.18, 'ece': 0.03886482321798802}, 2069.5896002780646)
[92mINFO [0m:      configure_evaluate: no clients selected, skipping evaluation
[92mINFO [0m:      
[92mINFO [0m:      [ROUND 131]
[92mINFO [0m:      configure_fit: strategy sampled 40 clients (out of 40)
[92mINFO [0m:      aggregate_fit: received 40 results and 0 failures
[92mINFO [0m:      configure_evaluate: no clients selected, skipping evaluation
[92mINFO [0m:      
[92mINFO [0m:      [ROUND 132]
[92mINFO [0m:      configure_fit: strategy sampled 40 clients (out of 40)
[92mINFO [0m:      aggregate_fit: received 40 results and 0 failures
[92mINFO [0m:      fit progress: (132, 2.3744203254775877, {'accuracy': 0.1755, 'ece': 0.05910044705271723}, 2102.508634561207)
[92mINFO [0m:      configure_evaluate: no clients selected, skipping evaluation
[92mINFO [0m:      
[92mINFO [0m:      [ROUND 133]
[92mINFO [0m:      configure_fit: strategy sampled 40 clients (out of 40)
[92mINFO [0m:      aggregate_fit: received 40 results and 0 failures
[92mINFO [0m:      configure_evaluate: no clients selected, skipping evaluation
[92mINFO [0m:      
[92mINFO [0m:      [ROUND 134]
[92mINFO [0m:      configure_fit: strategy sampled 40 clients (out of 40)
[92mINFO [0m:      aggregate_fit: received 40 results and 0 failures
[92mINFO [0m:      fit progress: (134, 2.3609754353997454, {'accuracy': 0.1798, 'ece': 0.048175037467628704}, 2132.831693124026)
[92mINFO [0m:      configure_evaluate: no clients selected, skipping evaluation
[92mINFO [0m:      
[92mINFO [0m:      [ROUND 135]
[92mINFO [0m:      configure_fit: strategy sampled 40 clients (out of 40)
[92mINFO [0m:      aggregate_fit: received 40 results and 0 failures
[92mINFO [0m:      configure_evaluate: no clients selected, skipping evaluation
[92mINFO [0m:      
[92mINFO [0m:      [ROUND 136]
[92mINFO [0m:      configure_fit: strategy sampled 40 clients (out of 40)
[92mINFO [0m:      aggregate_fit: received 40 results and 0 failures
[92mINFO [0m:      fit progress: (136, 2.3706637371502226, {'accuracy': 0.1719, 'ece': 0.06342295659124852}, 2164.3185443989933)
[92mINFO [0m:      configure_evaluate: no clients selected, skipping evaluation
[92mINFO [0m:      
[92mINFO [0m:      [ROUND 137]
[92mINFO [0m:      configure_fit: strategy sampled 40 clients (out of 40)
[92mINFO [0m:      aggregate_fit: received 40 results and 0 failures
[92mINFO [0m:      configure_evaluate: no clients selected, skipping evaluation
[92mINFO [0m:      
[92mINFO [0m:      [ROUND 138]
[92mINFO [0m:      configure_fit: strategy sampled 40 clients (out of 40)
[92mINFO [0m:      aggregate_fit: received 40 results and 0 failures
[92mINFO [0m:      fit progress: (138, 2.373544510853382, {'accuracy': 0.1788, 'ece': 0.06227381398499011}, 2196.2213610392064)
[92mINFO [0m:      configure_evaluate: no clients selected, skipping evaluation
[92mINFO [0m:      
[92mINFO [0m:      [ROUND 139]
[92mINFO [0m:      configure_fit: strategy sampled 40 clients (out of 40)
[92mINFO [0m:      aggregate_fit: received 40 results and 0 failures
[92mINFO [0m:      configure_evaluate: no clients selected, skipping evaluation
[92mINFO [0m:      
[92mINFO [0m:      [ROUND 140]
[92mINFO [0m:      configure_fit: strategy sampled 40 clients (out of 40)
[92mINFO [0m:      aggregate_fit: received 40 results and 0 failures
[92mINFO [0m:      fit progress: (140, 2.3650956549511473, {'accuracy': 0.1814, 'ece': 0.052453683511912805}, 2228.293918703217)
[92mINFO [0m:      configure_evaluate: no clients selected, skipping evaluation
[92mINFO [0m:      
[92mINFO [0m:      [ROUND 141]
[92mINFO [0m:      configure_fit: strategy sampled 40 clients (out of 40)
[92mINFO [0m:      aggregate_fit: received 40 results and 0 failures
[92mINFO [0m:      configure_evaluate: no clients selected, skipping evaluation
[92mINFO [0m:      
[92mINFO [0m:      [ROUND 142]
[92mINFO [0m:      configure_fit: strategy sampled 40 clients (out of 40)
[92mINFO [0m:      aggregate_fit: received 40 results and 0 failures
[92mINFO [0m:      fit progress: (142, 2.349050510149554, {'accuracy': 0.1827, 'ece': 0.0459219350758195}, 2260.896614085883)
[92mINFO [0m:      configure_evaluate: no clients selected, skipping evaluation
[92mINFO [0m:      
[92mINFO [0m:      [ROUND 143]
[92mINFO [0m:      configure_fit: strategy sampled 40 clients (out of 40)
[92mINFO [0m:      aggregate_fit: received 40 results and 0 failures
[92mINFO [0m:      configure_evaluate: no clients selected, skipping evaluation
[92mINFO [0m:      
[92mINFO [0m:      [ROUND 144]
[92mINFO [0m:      configure_fit: strategy sampled 40 clients (out of 40)
[92mINFO [0m:      aggregate_fit: received 40 results and 0 failures
[92mINFO [0m:      fit progress: (144, 2.3450038474365567, {'accuracy': 0.1806, 'ece': 0.051562459140718}, 2293.8665310102515)
[92mINFO [0m:      configure_evaluate: no clients selected, skipping evaluation
[92mINFO [0m:      
[92mINFO [0m:      [ROUND 145]
[92mINFO [0m:      configure_fit: strategy sampled 40 clients (out of 40)
[92mINFO [0m:      aggregate_fit: received 40 results and 0 failures
[92mINFO [0m:      configure_evaluate: no clients selected, skipping evaluation
[92mINFO [0m:      
[92mINFO [0m:      [ROUND 146]
[92mINFO [0m:      configure_fit: strategy sampled 40 clients (out of 40)
[92mINFO [0m:      aggregate_fit: received 40 results and 0 failures
[92mINFO [0m:      fit progress: (146, 2.3442336757112927, {'accuracy': 0.1823, 'ece': 0.054759021421223915}, 2326.0958741740324)
[92mINFO [0m:      configure_evaluate: no clients selected, skipping evaluation
[92mINFO [0m:      
[92mINFO [0m:      [ROUND 147]
[92mINFO [0m:      configure_fit: strategy sampled 40 clients (out of 40)
[92mINFO [0m:      aggregate_fit: received 40 results and 0 failures
[92mINFO [0m:      configure_evaluate: no clients selected, skipping evaluation
[92mINFO [0m:      
[92mINFO [0m:      [ROUND 148]
[92mINFO [0m:      configure_fit: strategy sampled 40 clients (out of 40)
[92mINFO [0m:      aggregate_fit: received 40 results and 0 failures
[92mINFO [0m:      fit progress: (148, 2.3303422273451617, {'accuracy': 0.1868, 'ece': 0.032714944731593115}, 2358.8644752348773)
[92mINFO [0m:      configure_evaluate: no clients selected, skipping evaluation
[92mINFO [0m:      
[92mINFO [0m:      [ROUND 149]
[92mINFO [0m:      configure_fit: strategy sampled 40 clients (out of 40)
[92mINFO [0m:      aggregate_fit: received 40 results and 0 failures
[92mINFO [0m:      configure_evaluate: no clients selected, skipping evaluation
[92mINFO [0m:      
[92mINFO [0m:      [ROUND 150]
[92mINFO [0m:      configure_fit: strategy sampled 40 clients (out of 40)
[92mINFO [0m:      aggregate_fit: received 40 results and 0 failures
[92mINFO [0m:      fit progress: (150, 2.32314799422137, {'accuracy': 0.1828, 'ece': 0.04338065258920194}, 2390.913378473837)
[92mINFO [0m:      configure_evaluate: no clients selected, skipping evaluation
[92mINFO [0m:      
[92mINFO [0m:      [ROUND 151]
[92mINFO [0m:      configure_fit: strategy sampled 40 clients (out of 40)
[92mINFO [0m:      aggregate_fit: received 40 results and 0 failures
[92mINFO [0m:      configure_evaluate: no clients selected, skipping evaluation
[92mINFO [0m:      
[92mINFO [0m:      [ROUND 152]
[92mINFO [0m:      configure_fit: strategy sampled 40 clients (out of 40)
[92mINFO [0m:      aggregate_fit: received 40 results and 0 failures
[92mINFO [0m:      fit progress: (152, 2.3324399904931084, {'accuracy': 0.1834, 'ece': 0.05754637739390136}, 2422.7044418351725)
[92mINFO [0m:      configure_evaluate: no clients selected, skipping evaluation
[92mINFO [0m:      
[92mINFO [0m:      [ROUND 153]
[92mINFO [0m:      configure_fit: strategy sampled 40 clients (out of 40)
[92mINFO [0m:      aggregate_fit: received 40 results and 0 failures
[92mINFO [0m:      configure_evaluate: no clients selected, skipping evaluation
[92mINFO [0m:      
[92mINFO [0m:      [ROUND 154]
[92mINFO [0m:      configure_fit: strategy sampled 40 clients (out of 40)
[92mINFO [0m:      aggregate_fit: received 40 results and 0 failures
[92mINFO [0m:      fit progress: (154, 2.3253604514136983, {'accuracy': 0.1793, 'ece': 0.04324713585302232}, 2454.427592195105)
[92mINFO [0m:      configure_evaluate: no clients selected, skipping evaluation
[92mINFO [0m:      
[92mINFO [0m:      [ROUND 155]
[92mINFO [0m:      configure_fit: strategy sampled 40 clients (out of 40)
[92mINFO [0m:      aggregate_fit: received 40 results and 0 failures
[92mINFO [0m:      configure_evaluate: no clients selected, skipping evaluation
[92mINFO [0m:      
[92mINFO [0m:      [ROUND 156]
[92mINFO [0m:      configure_fit: strategy sampled 40 clients (out of 40)
[92mINFO [0m:      aggregate_fit: received 40 results and 0 failures
[92mINFO [0m:      fit progress: (156, 2.3238629165185367, {'accuracy': 0.1855, 'ece': 0.051140299988985095}, 2489.169598623179)
[92mINFO [0m:      configure_evaluate: no clients selected, skipping evaluation
[92mINFO [0m:      
[92mINFO [0m:      [ROUND 157]
[92mINFO [0m:      configure_fit: strategy sampled 40 clients (out of 40)
[92mINFO [0m:      aggregate_fit: received 40 results and 0 failures
[92mINFO [0m:      configure_evaluate: no clients selected, skipping evaluation
[92mINFO [0m:      
[92mINFO [0m:      [ROUND 158]
[92mINFO [0m:      configure_fit: strategy sampled 40 clients (out of 40)
[92mINFO [0m:      aggregate_fit: received 40 results and 0 failures
[92mINFO [0m:      fit progress: (158, 2.3204056886818565, {'accuracy': 0.1862, 'ece': 0.05120193843200802}, 2519.5956486812793)
[92mINFO [0m:      configure_evaluate: no clients selected, skipping evaluation
[92mINFO [0m:      
[92mINFO [0m:      [ROUND 159]
[92mINFO [0m:      configure_fit: strategy sampled 40 clients (out of 40)
[92mINFO [0m:      aggregate_fit: received 40 results and 0 failures
[92mINFO [0m:      configure_evaluate: no clients selected, skipping evaluation
[92mINFO [0m:      
[92mINFO [0m:      [ROUND 160]
[92mINFO [0m:      configure_fit: strategy sampled 40 clients (out of 40)
[92mINFO [0m:      aggregate_fit: received 40 results and 0 failures
[92mINFO [0m:      fit progress: (160, 2.3032457678665517, {'accuracy': 0.1831, 'ece': 0.054452195256948485}, 2551.2656408259645)
[92mINFO [0m:      configure_evaluate: no clients selected, skipping evaluation
[92mINFO [0m:      
[92mINFO [0m:      [SUMMARY]
[92mINFO [0m:      Run finished 160 round(s) in 2551.27s
[92mINFO [0m:      	History (loss, centralized):
[92mINFO [0m:      		round 0: 2.3708087632663397
[92mINFO [0m:      		round 2: 2.374211909512902
[92mINFO [0m:      		round 4: 2.349979485288628
[92mINFO [0m:      		round 6: 2.357101222719712
[92mINFO [0m:      		round 8: 2.3834581691902033
[92mINFO [0m:      		round 10: 2.380124758296265
[92mINFO [0m:      		round 12: 2.3811067719450745
[92mINFO [0m:      		round 14: 2.3908058852492156
[92mINFO [0m:      		round 16: 2.3912929326842414
[92mINFO [0m:      		round 18: 2.4027682072361722
[92mINFO [0m:      		round 20: 2.4083603585044906
[92mINFO [0m:      		round 22: 2.406512787198355
[92mINFO [0m:      		round 24: 2.4380176704790104
[92mINFO [0m:      		round 26: 2.427129071135887
[92mINFO [0m:      		round 28: 2.4319198826971222
[92mINFO [0m:      		round 30: 2.4498065295394795
[92mINFO [0m:      		round 32: 2.4449483524401203
[92mINFO [0m:      		round 34: 2.45565172382387
[92mINFO [0m:      		round 36: 2.456955376274792
[92mINFO [0m:      		round 38: 2.441806865672435
[92mINFO [0m:      		round 40: 2.466465280349557
[92mINFO [0m:      		round 42: 2.4444991436963446
[92mINFO [0m:      		round 44: 2.461771434288985
[92mINFO [0m:      		round 46: 2.45529938477972
[92mINFO [0m:      		round 48: 2.458250281160851
[92mINFO [0m:      		round 50: 2.4506739784142746
[92mINFO [0m:      		round 52: 2.46024346400362
[92mINFO [0m:      		round 54: 2.453301737424727
[92mINFO [0m:      		round 56: 2.448225479069938
[92mINFO [0m:      		round 58: 2.4701522590592764
[92mINFO [0m:      		round 60: 2.449292104107281
[92mINFO [0m:      		round 62: 2.460846168248218
[92mINFO [0m:      		round 64: 2.452472358651745
[92mINFO [0m:      		round 66: 2.449753144502461
[92mINFO [0m:      		round 68: 2.447012728480805
[92mINFO [0m:      		round 70: 2.4553397871959044
[92mINFO [0m:      		round 72: 2.4524121021861083
[92mINFO [0m:      		round 74: 2.4593192087348137
[92mINFO [0m:      		round 76: 2.4415833389507577
[92mINFO [0m:      		round 78: 2.445626517366748
[92mINFO [0m:      		round 80: 2.4403338987727343
[92mINFO [0m:      		round 82: 2.4523804169335146
[92mINFO [0m:      		round 84: 2.4529260423781083
[92mINFO [0m:      		round 86: 2.4329334432625744
[92mINFO [0m:      		round 88: 2.444412633421025
[92mINFO [0m:      		round 90: 2.454854579561048
[92mINFO [0m:      		round 92: 2.4471386032920064
[92mINFO [0m:      		round 94: 2.436597665748032
[92mINFO [0m:      		round 96: 2.43467208360361
[92mINFO [0m:      		round 98: 2.433387603858606
[92mINFO [0m:      		round 100: 2.4140132565404238
[92mINFO [0m:      		round 102: 2.4155182157629715
[92mINFO [0m:      		round 104: 2.3993929085966093
[92mINFO [0m:      		round 106: 2.4242947563388713
[92mINFO [0m:      		round 108: 2.4148738777565626
[92mINFO [0m:      		round 110: 2.4037300260567136
[92mINFO [0m:      		round 112: 2.4133600814176197
[92mINFO [0m:      		round 114: 2.3906959870665467
[92mINFO [0m:      		round 116: 2.4119464054652724
[92mINFO [0m:      		round 118: 2.4018500241284366
[92mINFO [0m:      		round 120: 2.3901078911247655
[92mINFO [0m:      		round 122: 2.3921965114428603
[92mINFO [0m:      		round 124: 2.3856657972384108
[92mINFO [0m:      		round 126: 2.3638772936636596
[92mINFO [0m:      		round 128: 2.3721910990843034
[92mINFO [0m:      		round 130: 2.3766144640326266
[92mINFO [0m:      		round 132: 2.3744203254775877
[92mINFO [0m:      		round 134: 2.3609754353997454
[92mINFO [0m:      		round 136: 2.3706637371502226
[92mINFO [0m:      		round 138: 2.373544510853382
[92mINFO [0m:      		round 140: 2.3650956549511473
[92mINFO [0m:      		round 142: 2.349050510149554
[92mINFO [0m:      		round 144: 2.3450038474365567
[92mINFO [0m:      		round 146: 2.3442336757112927
[92mINFO [0m:      		round 148: 2.3303422273451617
[92mINFO [0m:      		round 150: 2.32314799422137
[92mINFO [0m:      		round 152: 2.3324399904931084
[92mINFO [0m:      		round 154: 2.3253604514136983
[92mINFO [0m:      		round 156: 2.3238629165185367
[92mINFO [0m:      		round 158: 2.3204056886818565
[92mINFO [0m:      		round 160: 2.3032457678665517
[92mINFO [0m:      	History (metrics, distributed, fit):
[92mINFO [0m:      	{'aircomp_nmse': [(1, 0.009892887841036455),
[92mINFO [0m:      	                  (2, 0.006333854051451464),
[92mINFO [0m:      	                  (3, 0.014221548234198291),
[92mINFO [0m:      	                  (4, 0.007362460631913994),
[92mINFO [0m:      	                  (5, 0.004408749443308788),
[92mINFO [0m:      	                  (6, 0.008197591617994139),
[92mINFO [0m:      	                  (7, 0.032055688196054706),
[92mINFO [0m:      	                  (8, 0.012160735849578398),
[92mINFO [0m:      	                  (9, 0.012651956614591555),
[92mINFO [0m:      	                  (10, 0.009872827634900959),
[92mINFO [0m:      	                  (11, 0.009027078340240692),
[92mINFO [0m:      	                  (12, 0.008275064412076951),
[92mINFO [0m:      	                  (13, 0.021182361752907886),
[92mINFO [0m:      	                  (14, 0.012998704298525442),
[92mINFO [0m:      	                  (15, 0.016277232891427844),
[92mINFO [0m:      	                  (16, 0.006807542090642552),
[92mINFO [0m:      	                  (17, 0.019180835145372745),
[92mINFO [0m:      	                  (18, 0.03354182149219536),
[92mINFO [0m:      	                  (19, 0.008177635199741315),
[92mINFO [0m:      	                  (20, 0.017376973916879035),
[92mINFO [0m:      	                  (21, 0.023601764129133864),
[92mINFO [0m:      	                  (22, 0.018854757370713706),
[92mINFO [0m:      	                  (23, 0.008988326729349136),
[92mINFO [0m:      	                  (24, 0.033809320488261005),
[92mINFO [0m:      	                  (25, 0.010708487359206707),
[92mINFO [0m:      	                  (26, 0.02098233397349786),
[92mINFO [0m:      	                  (27, 0.007102961124894479),
[92mINFO [0m:      	                  (28, 0.029021646881893372),
[92mINFO [0m:      	                  (29, 0.026460593941273085),
[92mINFO [0m:      	                  (30, 0.021832659664643157),
[92mINFO [0m:      	                  (31, 0.009360003214592934),
[92mINFO [0m:      	                  (32, 0.025113784995914944),
[92mINFO [0m:      	                  (33, 0.01137564171949175),
[92mINFO [0m:      	                  (34, 0.016719457719256692),
[92mINFO [0m:      	                  (35, 0.023570699579088885),
[92mINFO [0m:      	                  (36, 0.017632477838068934),
[92mINFO [0m:      	                  (37, 0.010319479360069895),
[92mINFO [0m:      	                  (38, 0.01771980263379478),
[92mINFO [0m:      	                  (39, 0.009294639881579988),
[92mINFO [0m:      	                  (40, 0.02696208170913468),
[92mINFO [0m:      	                  (41, 0.02313385605604742),
[92mINFO [0m:      	                  (42, 0.018693654531633984),
[92mINFO [0m:      	                  (43, 0.015386911593022847),
[92mINFO [0m:      	                  (44, 0.02158138631394881),
[92mINFO [0m:      	                  (45, 0.0460907602505249),
[92mINFO [0m:      	                  (46, 0.04684820214298943),
[92mINFO [0m:      	                  (47, 0.022352138762800542),
[92mINFO [0m:      	                  (48, 0.028703174070383707),
[92mINFO [0m:      	                  (49, 0.031124113871820666),
[92mINFO [0m:      	                  (50, 0.023743137086122367),
[92mINFO [0m:      	                  (51, 0.01918293459703144),
[92mINFO [0m:      	                  (52, 0.03345159033662814),
[92mINFO [0m:      	                  (53, 0.008743620109972807),
[92mINFO [0m:      	                  (54, 0.012737539252809965),
[92mINFO [0m:      	                  (55, 0.012647322759831613),
[92mINFO [0m:      	                  (56, 0.021797707507812732),
[92mINFO [0m:      	                  (57, 0.02561383356285446),
[92mINFO [0m:      	                  (58, 0.0232702611264369),
[92mINFO [0m:      	                  (59, 0.04586133042618468),
[92mINFO [0m:      	                  (60, 0.03499733828948906),
[92mINFO [0m:      	                  (61, 0.0386539613253841),
[92mINFO [0m:      	                  (62, 0.02178091317557356),
[92mINFO [0m:      	                  (63, 0.015014155583841),
[92mINFO [0m:      	                  (64, 0.015223437971587112),
[92mINFO [0m:      	                  (65, 0.03192110298008444),
[92mINFO [0m:      	                  (66, 0.036091372748678505),
[92mINFO [0m:      	                  (67, 0.019112341623519016),
[92mINFO [0m:      	                  (68, 0.016513952854646023),
[92mINFO [0m:      	                  (69, 0.014209020275742367),
[92mINFO [0m:      	                  (70, 0.026727030718598683),
[92mINFO [0m:      	                  (71, 0.01180552503409571),
[92mINFO [0m:      	                  (72, 0.026367701246289475),
[92mINFO [0m:      	                  (73, 0.018618063309343808),
[92mINFO [0m:      	                  (74, 0.019083661856592313),
[92mINFO [0m:      	                  (75, 0.037203868490817235),
[92mINFO [0m:      	                  (76, 0.04198656897416938),
[92mINFO [0m:      	                  (77, 0.033823599977865826),
[92mINFO [0m:      	                  (78, 0.02716656120848009),
[92mINFO [0m:      	                  (79, 0.028156704917602183),
[92mINFO [0m:      	                  (80, 0.05317030280423967),
[92mINFO [0m:      	                  (81, 0.010443531415909224),
[92mINFO [0m:      	                  (82, 0.026268865162179255),
[92mINFO [0m:      	                  (83, 0.012633563717453595),
[92mINFO [0m:      	                  (84, 0.023183180089629662),
[92mINFO [0m:      	                  (85, 0.02515554028146507),
[92mINFO [0m:      	                  (86, 0.03314006700674789),
[92mINFO [0m:      	                  (87, 0.013275734623370821),
[92mINFO [0m:      	                  (88, 0.04626054204636721),
[92mINFO [0m:      	                  (89, 0.019327313651436816),
[92mINFO [0m:      	                  (90, 0.027452251415956114),
[92mINFO [0m:      	                  (91, 0.027185887944518115),
[92mINFO [0m:      	                  (92, 0.0462723162023388),
[92mINFO [0m:      	                  (93, 0.023609008785963215),
[92mINFO [0m:      	                  (94, 0.020424008161360287),
[92mINFO [0m:      	                  (95, 0.024292471606310255),
[92mINFO [0m:      	                  (96, 0.029509813054110812),
[92mINFO [0m:      	                  (97, 0.01873278384051995),
[92mINFO [0m:      	                  (98, 0.021411247640825026),
[92mINFO [0m:      	                  (99, 0.014330129384900657),
[92mINFO [0m:      	                  (100, 0.0270202848962278),
[92mINFO [0m:      	                  (101, 0.026440091164906206),
[92mINFO [0m:      	                  (102, 0.01868656672460008),
[92mINFO [0m:      	                  (103, 0.016045944280359076),
[92mINFO [0m:      	                  (104, 0.03069294756821618),
[92mINFO [0m:      	                  (105, 0.02901153722309587),
[92mINFO [0m:      	                  (106, 0.011950303492842299),
[92mINFO [0m:      	                  (107, 0.04996123565625055),
[92mINFO [0m:      	                  (108, 0.04043218510272584),
[92mINFO [0m:      	                  (109, 0.014863880306449374),
[92mINFO [0m:      	                  (110, 0.015994903256715882),
[92mINFO [0m:      	                  (111, 0.015257146528062518),
[92mINFO [0m:      	                  (112, 0.017106683749971496),
[92mINFO [0m:      	                  (113, 0.013844361413709486),
[92mINFO [0m:      	                  (114, 0.017829316629669103),
[92mINFO [0m:      	                  (115, 0.008140828142967748),
[92mINFO [0m:      	                  (116, 0.015025045680765075),
[92mINFO [0m:      	                  (117, 0.023454200280602983),
[92mINFO [0m:      	                  (118, 0.01751452229166801),
[92mINFO [0m:      	                  (119, 0.024416112137833162),
[92mINFO [0m:      	                  (120, 0.024006842376382145),
[92mINFO [0m:      	                  (121, 0.014266025740916644),
[92mINFO [0m:      	                  (122, 0.02705772994601643),
[92mINFO [0m:      	                  (123, 0.006074727402722896),
[92mINFO [0m:      	                  (124, 0.012191878616008893),
[92mINFO [0m:      	                  (125, 0.009522964819221451),
[92mINFO [0m:      	                  (126, 0.014560310435744656),
[92mINFO [0m:      	                  (127, 0.038843595470132164),
[92mINFO [0m:      	                  (128, 0.029241202337928415),
[92mINFO [0m:      	                  (129, 0.04069235798381793),
[92mINFO [0m:      	                  (130, 0.021394578771309538),
[92mINFO [0m:      	                  (131, 0.010266450841108348),
[92mINFO [0m:      	                  (132, 0.0181864790968534),
[92mINFO [0m:      	                  (133, 0.00998965440796592),
[92mINFO [0m:      	                  (134, 0.017300129178794456),
[92mINFO [0m:      	                  (135, 0.03216519874507154),
[92mINFO [0m:      	                  (136, 0.015870341001848885),
[92mINFO [0m:      	                  (137, 0.006573483013395981),
[92mINFO [0m:      	                  (138, 0.008570700548433528),
[92mINFO [0m:      	                  (139, 0.03463358011833204),
[92mINFO [0m:      	                  (140, 0.024635890496682855),
[92mINFO [0m:      	                  (141, 0.025113763293372553),
[92mINFO [0m:      	                  (142, 0.014617317746418971),
[92mINFO [0m:      	                  (143, 0.017481806999127533),
[92mINFO [0m:      	                  (144, 0.01854407664126474),
[92mINFO [0m:      	                  (145, 0.021848220005701413),
[92mINFO [0m:      	                  (146, 0.02174668384176028),
[92mINFO [0m:      	                  (147, 0.017438962882976996),
[92mINFO [0m:      	                  (148, 0.02480586642510864),
[92mINFO [0m:      	                  (149, 0.016682463590848528),
[92mINFO [0m:      	                  (150, 0.01131521984537549),
[92mINFO [0m:      	                  (151, 0.014380393976373867),
[92mINFO [0m:      	                  (152, 0.022324330041839053),
[92mINFO [0m:      	                  (153, 0.012080555120194696),
[92mINFO [0m:      	                  (154, 0.01793427895835655),
[92mINFO [0m:      	                  (155, 0.012624145118413652),
[92mINFO [0m:      	                  (156, 0.018557654248862646),
[92mINFO [0m:      	                  (157, 0.030213525247106153),
[92mINFO [0m:      	                  (158, 0.019945166195613085),
[92mINFO [0m:      	                  (159, 0.026115406396270264),
[92mINFO [0m:      	                  (160, 0.025556793685627945)],
[92mINFO [0m:      	 'logical_round': [(1, 1.0),
[92mINFO [0m:      	                   (2, 1.0),
[92mINFO [0m:      	                   (3, 2.0),
[92mINFO [0m:      	                   (4, 2.0),
[92mINFO [0m:      	                   (5, 3.0),
[92mINFO [0m:      	                   (6, 3.0),
[92mINFO [0m:      	                   (7, 4.0),
[92mINFO [0m:      	                   (8, 4.0),
[92mINFO [0m:      	                   (9, 5.0),
[92mINFO [0m:      	                   (10, 5.0),
[92mINFO [0m:      	                   (11, 6.0),
[92mINFO [0m:      	                   (12, 6.0),
[92mINFO [0m:      	                   (13, 7.0),
[92mINFO [0m:      	                   (14, 7.0),
[92mINFO [0m:      	                   (15, 8.0),
[92mINFO [0m:      	                   (16, 8.0),
[92mINFO [0m:      	                   (17, 9.0),
[92mINFO [0m:      	                   (18, 9.0),
[92mINFO [0m:      	                   (19, 10.0),
[92mINFO [0m:      	                   (20, 10.0),
[92mINFO [0m:      	                   (21, 11.0),
[92mINFO [0m:      	                   (22, 11.0),
[92mINFO [0m:      	                   (23, 12.0),
[92mINFO [0m:      	                   (24, 12.0),
[92mINFO [0m:      	                   (25, 13.0),
[92mINFO [0m:      	                   (26, 13.0),
[92mINFO [0m:      	                   (27, 14.0),
[92mINFO [0m:      	                   (28, 14.0),
[92mINFO [0m:      	                   (29, 15.0),
[92mINFO [0m:      	                   (30, 15.0),
[92mINFO [0m:      	                   (31, 16.0),
[92mINFO [0m:      	                   (32, 16.0),
[92mINFO [0m:      	                   (33, 17.0),
[92mINFO [0m:      	                   (34, 17.0),
[92mINFO [0m:      	                   (35, 18.0),
[92mINFO [0m:      	                   (36, 18.0),
[92mINFO [0m:      	                   (37, 19.0),
[92mINFO [0m:      	                   (38, 19.0),
[92mINFO [0m:      	                   (39, 20.0),
[92mINFO [0m:      	                   (40, 20.0),
[92mINFO [0m:      	                   (41, 21.0),
[92mINFO [0m:      	                   (42, 21.0),
[92mINFO [0m:      	                   (43, 22.0),
[92mINFO [0m:      	                   (44, 22.0),
[92mINFO [0m:      	                   (45, 23.0),
[92mINFO [0m:      	                   (46, 23.0),
[92mINFO [0m:      	                   (47, 24.0),
[92mINFO [0m:      	                   (48, 24.0),
[92mINFO [0m:      	                   (49, 25.0),
[92mINFO [0m:      	                   (50, 25.0),
[92mINFO [0m:      	                   (51, 26.0),
[92mINFO [0m:      	                   (52, 26.0),
[92mINFO [0m:      	                   (53, 27.0),
[92mINFO [0m:      	                   (54, 27.0),
[92mINFO [0m:      	                   (55, 28.0),
[92mINFO [0m:      	                   (56, 28.0),
[92mINFO [0m:      	                   (57, 29.0),
[92mINFO [0m:      	                   (58, 29.0),
[92mINFO [0m:      	                   (59, 30.0),
[92mINFO [0m:      	                   (60, 30.0),
[92mINFO [0m:      	                   (61, 31.0),
[92mINFO [0m:      	                   (62, 31.0),
[92mINFO [0m:      	                   (63, 32.0),
[92mINFO [0m:      	                   (64, 32.0),
[92mINFO [0m:      	                   (65, 33.0),
[92mINFO [0m:      	                   (66, 33.0),
[92mINFO [0m:      	                   (67, 34.0),
[92mINFO [0m:      	                   (68, 34.0),
[92mINFO [0m:      	                   (69, 35.0),
[92mINFO [0m:      	                   (70, 35.0),
[92mINFO [0m:      	                   (71, 36.0),
[92mINFO [0m:      	                   (72, 36.0),
[92mINFO [0m:      	                   (73, 37.0),
[92mINFO [0m:      	                   (74, 37.0),
[92mINFO [0m:      	                   (75, 38.0),
[92mINFO [0m:      	                   (76, 38.0),
[92mINFO [0m:      	                   (77, 39.0),
[92mINFO [0m:      	                   (78, 39.0),
[92mINFO [0m:      	                   (79, 40.0),
[92mINFO [0m:      	                   (80, 40.0),
[92mINFO [0m:      	                   (81, 41.0),
[92mINFO [0m:      	                   (82, 41.0),
[92mINFO [0m:      	                   (83, 42.0),
[92mINFO [0m:      	                   (84, 42.0),
[92mINFO [0m:      	                   (85, 43.0),
[92mINFO [0m:      	                   (86, 43.0),
[92mINFO [0m:      	                   (87, 44.0),
[92mINFO [0m:      	                   (88, 44.0),
[92mINFO [0m:      	                   (89, 45.0),
[92mINFO [0m:      	                   (90, 45.0),
[92mINFO [0m:      	                   (91, 46.0),
[92mINFO [0m:      	                   (92, 46.0),
[92mINFO [0m:      	                   (93, 47.0),
[92mINFO [0m:      	                   (94, 47.0),
[92mINFO [0m:      	                   (95, 48.0),
[92mINFO [0m:      	                   (96, 48.0),
[92mINFO [0m:      	                   (97, 49.0),
[92mINFO [0m:      	                   (98, 49.0),
[92mINFO [0m:      	                   (99, 50.0),
[92mINFO [0m:      	                   (100, 50.0),
[92mINFO [0m:      	                   (101, 51.0),
[92mINFO [0m:      	                   (102, 51.0),
[92mINFO [0m:      	                   (103, 52.0),
[92mINFO [0m:      	                   (104, 52.0),
[92mINFO [0m:      	                   (105, 53.0),
[92mINFO [0m:      	                   (106, 53.0),
[92mINFO [0m:      	                   (107, 54.0),
[92mINFO [0m:      	                   (108, 54.0),
[92mINFO [0m:      	                   (109, 55.0),
[92mINFO [0m:      	                   (110, 55.0),
[92mINFO [0m:      	                   (111, 56.0),
[92mINFO [0m:      	                   (112, 56.0),
[92mINFO [0m:      	                   (113, 57.0),
[92mINFO [0m:      	                   (114, 57.0),
[92mINFO [0m:      	                   (115, 58.0),
[92mINFO [0m:      	                   (116, 58.0),
[92mINFO [0m:      	                   (117, 59.0),
[92mINFO [0m:      	                   (118, 59.0),
[92mINFO [0m:      	                   (119, 60.0),
[92mINFO [0m:      	                   (120, 60.0),
[92mINFO [0m:      	                   (121, 61.0),
[92mINFO [0m:      	                   (122, 61.0),
[92mINFO [0m:      	                   (123, 62.0),
[92mINFO [0m:      	                   (124, 62.0),
[92mINFO [0m:      	                   (125, 63.0),
[92mINFO [0m:      	                   (126, 63.0),
[92mINFO [0m:      	                   (127, 64.0),
[92mINFO [0m:      	                   (128, 64.0),
[92mINFO [0m:      	                   (129, 65.0),
[92mINFO [0m:      	                   (130, 65.0),
[92mINFO [0m:      	                   (131, 66.0),
[92mINFO [0m:      	                   (132, 66.0),
[92mINFO [0m:      	                   (133, 67.0),
[92mINFO [0m:      	                   (134, 67.0),
[92mINFO [0m:      	                   (135, 68.0),
[92mINFO [0m:      	                   (136, 68.0),
[92mINFO [0m:      	                   (137, 69.0),
[92mINFO [0m:      	                   (138, 69.0),
[92mINFO [0m:      	                   (139, 70.0),
[92mINFO [0m:      	                   (140, 70.0),
[92mINFO [0m:      	                   (141, 71.0),
[92mINFO [0m:      	                   (142, 71.0),
[92mINFO [0m:      	                   (143, 72.0),
[92mINFO [0m:      	                   (144, 72.0),
[92mINFO [0m:      	                   (145, 73.0),
[92mINFO [0m:      	                   (146, 73.0),
[92mINFO [0m:      	                   (147, 74.0),
[92mINFO [0m:      	                   (148, 74.0),
[92mINFO [0m:      	                   (149, 75.0),
[92mINFO [0m:      	                   (150, 75.0),
[92mINFO [0m:      	                   (151, 76.0),
[92mINFO [0m:      	                   (152, 76.0),
[92mINFO [0m:      	                   (153, 77.0),
[92mINFO [0m:      	                   (154, 77.0),
[92mINFO [0m:      	                   (155, 78.0),
[92mINFO [0m:      	                   (156, 78.0),
[92mINFO [0m:      	                   (157, 79.0),
[92mINFO [0m:      	                   (158, 79.0),
[92mINFO [0m:      	                   (159, 80.0),
[92mINFO [0m:      	                   (160, 80.0)],
[92mINFO [0m:      	 'phase_train_loss': [(1, 2.3577120252203723),
[92mINFO [0m:      	                      (2, 2.3693359658288804),
[92mINFO [0m:      	                      (3, 2.326663295710924),
[92mINFO [0m:      	                      (4, 2.3239253062561587),
[92mINFO [0m:      	                      (5, 2.2792332832592543),
[92mINFO [0m:      	                      (6, 2.292084036717458),
[92mINFO [0m:      	                      (7, 2.254026479711368),
[92mINFO [0m:      	                      (8, 2.2372940141089934),
[92mINFO [0m:      	                      (9, 2.218033749647325),
[92mINFO [0m:      	                      (10, 2.23713888748495),
[92mINFO [0m:      	                      (11, 2.2029040339519392),
[92mINFO [0m:      	                      (12, 2.2100778077165324),
[92mINFO [0m:      	                      (13, 2.195460145471055),
[92mINFO [0m:      	                      (14, 2.1894483168515646),
[92mINFO [0m:      	                      (15, 2.1895936960121376),
[92mINFO [0m:      	                      (16, 2.2047306724385347),
[92mINFO [0m:      	                      (17, 2.1864518453728023),
[92mINFO [0m:      	                      (18, 2.193603891273724),
[92mINFO [0m:      	                      (19, 2.160368071640496),
[92mINFO [0m:      	                      (20, 2.186532252826866),
[92mINFO [0m:      	                      (21, 2.1723056432310712),
[92mINFO [0m:      	                      (22, 2.190144554596102),
[92mINFO [0m:      	                      (23, 2.186792392672503),
[92mINFO [0m:      	                      (24, 2.1717403004395024),
[92mINFO [0m:      	                      (25, 2.171562801760793),
[92mINFO [0m:      	                      (26, 2.181549208865161),
[92mINFO [0m:      	                      (27, 2.1652758298545987),
[92mINFO [0m:      	                      (28, 2.1703369761531977),
[92mINFO [0m:      	                      (29, 2.1703332413977066),
[92mINFO [0m:      	                      (30, 2.171248732263171),
[92mINFO [0m:      	                      (31, 2.160139725724896),
[92mINFO [0m:      	                      (32, 2.1668757503660867),
[92mINFO [0m:      	                      (33, 2.1809710757778475),
[92mINFO [0m:      	                      (34, 2.1734418967975606),
[92mINFO [0m:      	                      (35, 2.1550276941588544),
[92mINFO [0m:      	                      (36, 2.170333625583901),
[92mINFO [0m:      	                      (37, 2.157481256603346),
[92mINFO [0m:      	                      (38, 2.177522714407252),
[92mINFO [0m:      	                      (39, 2.1816186084145808),
[92mINFO [0m:      	                      (40, 2.1654852509134783),
[92mINFO [0m:      	                      (41, 2.161167192119548),
[92mINFO [0m:      	                      (42, 2.143280179090684),
[92mINFO [0m:      	                      (43, 2.1706722434151575),
[92mINFO [0m:      	                      (44, 2.161020150868599),
[92mINFO [0m:      	                      (45, 2.168928895331351),
[92mINFO [0m:      	                      (46, 2.170239893466022),
[92mINFO [0m:      	                      (47, 2.1715821895812804),
[92mINFO [0m:      	                      (48, 2.169819497528542),
[92mINFO [0m:      	                      (49, 2.1619193766876257),
[92mINFO [0m:      	                      (50, 2.15887292685368),
[92mINFO [0m:      	                      (51, 2.1614565510715864),
[92mINFO [0m:      	                      (52, 2.1707437808249272),
[92mINFO [0m:      	                      (53, 2.146702438695991),
[92mINFO [0m:      	                      (54, 2.1549284627454575),
[92mINFO [0m:      	                      (55, 2.141748942921387),
[92mINFO [0m:      	                      (56, 2.1562697452300683),
[92mINFO [0m:      	                      (57, 2.1602818024364643),
[92mINFO [0m:      	                      (58, 2.179886022589093),
[92mINFO [0m:      	                      (59, 2.1452470455383112),
[92mINFO [0m:      	                      (60, 2.1510453950837336),
[92mINFO [0m:      	                      (61, 2.1511442415348028),
[92mINFO [0m:      	                      (62, 2.148384057759996),
[92mINFO [0m:      	                      (63, 2.1574159437860625),
[92mINFO [0m:      	                      (64, 2.154324166190224),
[92mINFO [0m:      	                      (65, 2.16347704370291),
[92mINFO [0m:      	                      (66, 2.161952033678367),
[92mINFO [0m:      	                      (67, 2.1497945236407854),
[92mINFO [0m:      	                      (68, 2.129232651098335),
[92mINFO [0m:      	                      (69, 2.1463927846231394),
[92mINFO [0m:      	                      (70, 2.143592197654934),
[92mINFO [0m:      	                      (71, 2.157186063066019),
[92mINFO [0m:      	                      (72, 2.140167142804011),
[92mINFO [0m:      	                      (73, 2.143196799820583),
[92mINFO [0m:      	                      (74, 2.136495365907314),
[92mINFO [0m:      	                      (75, 2.1361019673934423),
[92mINFO [0m:      	                      (76, 2.1407522273330457),
[92mINFO [0m:      	                      (77, 2.145932014597275),
[92mINFO [0m:      	                      (78, 2.1481913445318463),
[92mINFO [0m:      	                      (79, 2.1393636783044916),
[92mINFO [0m:      	                      (80, 2.1385871607798888),
[92mINFO [0m:      	                      (81, 2.1454798018338117),
[92mINFO [0m:      	                      (82, 2.1371511228450806),
[92mINFO [0m:      	                      (83, 2.1398124337802704),
[92mINFO [0m:      	                      (84, 2.1376505912866137),
[92mINFO [0m:      	                      (85, 2.1329434504465317),
[92mINFO [0m:      	                      (86, 2.1412619329784315),
[92mINFO [0m:      	                      (87, 2.1244785382570592),
[92mINFO [0m:      	                      (88, 2.1396291653234383),
[92mINFO [0m:      	                      (89, 2.1355103679979077),
[92mINFO [0m:      	                      (90, 2.120250424048423),
[92mINFO [0m:      	                      (91, 2.12214641124768),
[92mINFO [0m:      	                      (92, 2.1227950075756863),
[92mINFO [0m:      	                      (93, 2.1430086708262883),
[92mINFO [0m:      	                      (94, 2.127392879652953),
[92mINFO [0m:      	                      (95, 2.1226451869898626),
[92mINFO [0m:      	                      (96, 2.1313125455124813),
[92mINFO [0m:      	                      (97, 2.1252999752972155),
[92mINFO [0m:      	                      (98, 2.123128442773984),
[92mINFO [0m:      	                      (99, 2.1165771709453782),
[92mINFO [0m:      	                      (100, 2.122452088023251),
[92mINFO [0m:      	                      (101, 2.123913240093181),
[92mINFO [0m:      	                      (102, 2.1221123106482067),
[92mINFO [0m:      	                      (103, 2.1049125512279305),
[92mINFO [0m:      	                      (104, 2.115472102432018),
[92mINFO [0m:      	                      (105, 2.1164414825905133),
[92mINFO [0m:      	                      (106, 2.119372670745073),
[92mINFO [0m:      	                      (107, 2.0934288719542034),
[92mINFO [0m:      	                      (108, 2.1130660067739706),
[92mINFO [0m:      	                      (109, 2.092742957952428),
[92mINFO [0m:      	                      (110, 2.109905527372933),
[92mINFO [0m:      	                      (111, 2.1060088253700355),
[92mINFO [0m:      	                      (112, 2.094243805769865),
[92mINFO [0m:      	                      (113, 2.0922235370531204),
[92mINFO [0m:      	                      (114, 2.101031028460389),
[92mINFO [0m:      	                      (115, 2.105807110542926),
[92mINFO [0m:      	                      (116, 2.0887241355764052),
[92mINFO [0m:      	                      (117, 2.0912958678733538),
[92mINFO [0m:      	                      (118, 2.089444586364808),
[92mINFO [0m:      	                      (119, 2.0963177080435766),
[92mINFO [0m:      	                      (120, 2.0899722245799435),
[92mINFO [0m:      	                      (121, 2.075483312441883),
[92mINFO [0m:      	                      (122, 2.079194346570532),
[92mINFO [0m:      	                      (123, 2.088630649104851),
[92mINFO [0m:      	                      (124, 2.0814767331097155),
[92mINFO [0m:      	                      (125, 2.078307104256243),
[92mINFO [0m:      	                      (126, 2.061859841021735),
[92mINFO [0m:      	                      (127, 2.0736661214430723),
[92mINFO [0m:      	                      (128, 2.0849594228750328),
[92mINFO [0m:      	                      (129, 2.0660894834376786),
[92mINFO [0m:      	                      (130, 2.062811624676384),
[92mINFO [0m:      	                      (131, 2.070276114074769),
[92mINFO [0m:      	                      (132, 2.0575003413436135),
[92mINFO [0m:      	                      (133, 2.0671055127257367),
[92mINFO [0m:      	                      (134, 2.052645552316008),
[92mINFO [0m:      	                      (135, 2.0595971508161943),
[92mINFO [0m:      	                      (136, 2.066437513830703),
[92mINFO [0m:      	                      (137, 2.0355376440535244),
[92mINFO [0m:      	                      (138, 2.0541917717468943),
[92mINFO [0m:      	                      (139, 2.062777746051156),
[92mINFO [0m:      	                      (140, 2.0425070641363376),
[92mINFO [0m:      	                      (141, 2.0367686208606615),
[92mINFO [0m:      	                      (142, 2.020365153300071),
[92mINFO [0m:      	                      (143, 2.0466726502955024),
[92mINFO [0m:      	                      (144, 2.037788173407771),
[92mINFO [0m:      	                      (145, 2.031942406748464),
[92mINFO [0m:      	                      (146, 2.0437580609248833),
[92mINFO [0m:      	                      (147, 2.0418748900218513),
[92mINFO [0m:      	                      (148, 2.050636415297236),
[92mINFO [0m:      	                      (149, 2.0224682669188465),
[92mINFO [0m:      	                      (150, 2.0209243052609698),
[92mINFO [0m:      	                      (151, 2.0166017150102777),
[92mINFO [0m:      	                      (152, 2.045970927225852),
[92mINFO [0m:      	                      (153, 2.031439498482255),
[92mINFO [0m:      	                      (154, 2.0332116931282735),
[92mINFO [0m:      	                      (155, 2.023575826821468),
[92mINFO [0m:      	                      (156, 2.018354566463498),
[92mINFO [0m:      	                      (157, 2.0119296433845584),
[92mINFO [0m:      	                      (158, 2.0203669023174236),
[92mINFO [0m:      	                      (159, 2.021972799058606),
[92mINFO [0m:      	                      (160, 2.0146287807491765)],
[92mINFO [0m:      	 'physical_round': [(1, 1.0),
[92mINFO [0m:      	                    (2, 2.0),
[92mINFO [0m:      	                    (3, 3.0),
[92mINFO [0m:      	                    (4, 4.0),
[92mINFO [0m:      	                    (5, 5.0),
[92mINFO [0m:      	                    (6, 6.0),
[92mINFO [0m:      	                    (7, 7.0),
[92mINFO [0m:      	                    (8, 8.0),
[92mINFO [0m:      	                    (9, 9.0),
[92mINFO [0m:      	                    (10, 10.0),
[92mINFO [0m:      	                    (11, 11.0),
[92mINFO [0m:      	                    (12, 12.0),
[92mINFO [0m:      	                    (13, 13.0),
[92mINFO [0m:      	                    (14, 14.0),
[92mINFO [0m:      	                    (15, 15.0),
[92mINFO [0m:      	                    (16, 16.0),
[92mINFO [0m:      	                    (17, 17.0),
[92mINFO [0m:      	                    (18, 18.0),
[92mINFO [0m:      	                    (19, 19.0),
[92mINFO [0m:      	                    (20, 20.0),
[92mINFO [0m:      	                    (21, 21.0),
[92mINFO [0m:      	                    (22, 22.0),
[92mINFO [0m:      	                    (23, 23.0),
[92mINFO [0m:      	                    (24, 24.0),
[92mINFO [0m:      	                    (25, 25.0),
[92mINFO [0m:      	                    (26, 26.0),
[92mINFO [0m:      	                    (27, 27.0),
[92mINFO [0m:      	                    (28, 28.0),
[92mINFO [0m:      	                    (29, 29.0),
[92mINFO [0m:      	                    (30, 30.0),
[92mINFO [0m:      	                    (31, 31.0),
[92mINFO [0m:      	                    (32, 32.0),
[92mINFO [0m:      	                    (33, 33.0),
[92mINFO [0m:      	                    (34, 34.0),
[92mINFO [0m:      	                    (35, 35.0),
[92mINFO [0m:      	                    (36, 36.0),
[92mINFO [0m:      	                    (37, 37.0),
[92mINFO [0m:      	                    (38, 38.0),
[92mINFO [0m:      	                    (39, 39.0),
[92mINFO [0m:      	                    (40, 40.0),
[92mINFO [0m:      	                    (41, 41.0),
[92mINFO [0m:      	                    (42, 42.0),
[92mINFO [0m:      	                    (43, 43.0),
[92mINFO [0m:      	                    (44, 44.0),
[92mINFO [0m:      	                    (45, 45.0),
[92mINFO [0m:      	                    (46, 46.0),
[92mINFO [0m:      	                    (47, 47.0),
[92mINFO [0m:      	                    (48, 48.0),
[92mINFO [0m:      	                    (49, 49.0),
[92mINFO [0m:      	                    (50, 50.0),
[92mINFO [0m:      	                    (51, 51.0),
[92mINFO [0m:      	                    (52, 52.0),
[92mINFO [0m:      	                    (53, 53.0),
[92mINFO [0m:      	                    (54, 54.0),
[92mINFO [0m:      	                    (55, 55.0),
[92mINFO [0m:      	                    (56, 56.0),
[92mINFO [0m:      	                    (57, 57.0),
[92mINFO [0m:      	                    (58, 58.0),
[92mINFO [0m:      	                    (59, 59.0),
[92mINFO [0m:      	                    (60, 60.0),
[92mINFO [0m:      	                    (61, 61.0),
[92mINFO [0m:      	                    (62, 62.0),
[92mINFO [0m:      	                    (63, 63.0),
[92mINFO [0m:      	                    (64, 64.0),
[92mINFO [0m:      	                    (65, 65.0),
[92mINFO [0m:      	                    (66, 66.0),
[92mINFO [0m:      	                    (67, 67.0),
[92mINFO [0m:      	                    (68, 68.0),
[92mINFO [0m:      	                    (69, 69.0),
[92mINFO [0m:      	                    (70, 70.0),
[92mINFO [0m:      	                    (71, 71.0),
[92mINFO [0m:      	                    (72, 72.0),
[92mINFO [0m:      	                    (73, 73.0),
[92mINFO [0m:      	                    (74, 74.0),
[92mINFO [0m:      	                    (75, 75.0),
[92mINFO [0m:      	                    (76, 76.0),
[92mINFO [0m:      	                    (77, 77.0),
[92mINFO [0m:      	                    (78, 78.0),
[92mINFO [0m:      	                    (79, 79.0),
[92mINFO [0m:      	                    (80, 80.0),
[92mINFO [0m:      	                    (81, 81.0),
[92mINFO [0m:      	                    (82, 82.0),
[92mINFO [0m:      	                    (83, 83.0),
[92mINFO [0m:      	                    (84, 84.0),
[92mINFO [0m:      	                    (85, 85.0),
[92mINFO [0m:      	                    (86, 86.0),
[92mINFO [0m:      	                    (87, 87.0),
[92mINFO [0m:      	                    (88, 88.0),
[92mINFO [0m:      	                    (89, 89.0),
[92mINFO [0m:      	                    (90, 90.0),
[92mINFO [0m:      	                    (91, 91.0),
[92mINFO [0m:      	                    (92, 92.0),
[92mINFO [0m:      	                    (93, 93.0),
[92mINFO [0m:      	                    (94, 94.0),
[92mINFO [0m:      	                    (95, 95.0),
[92mINFO [0m:      	                    (96, 96.0),
[92mINFO [0m:      	                    (97, 97.0),
[92mINFO [0m:      	                    (98, 98.0),
[92mINFO [0m:      	                    (99, 99.0),
[92mINFO [0m:      	                    (100, 100.0),
[92mINFO [0m:      	                    (101, 101.0),
[92mINFO [0m:      	                    (102, 102.0),
[92mINFO [0m:      	                    (103, 103.0),
[92mINFO [0m:      	                    (104, 104.0),
[92mINFO [0m:      	                    (105, 105.0),
[92mINFO [0m:      	                    (106, 106.0),
[92mINFO [0m:      	                    (107, 107.0),
[92mINFO [0m:      	                    (108, 108.0),
[92mINFO [0m:      	                    (109, 109.0),
[92mINFO [0m:      	                    (110, 110.0),
[92mINFO [0m:      	                    (111, 111.0),
[92mINFO [0m:      	                    (112, 112.0),
[92mINFO [0m:      	                    (113, 113.0),
[92mINFO [0m:      	                    (114, 114.0),
[92mINFO [0m:      	                    (115, 115.0),
[92mINFO [0m:      	                    (116, 116.0),
[92mINFO [0m:      	                    (117, 117.0),
[92mINFO [0m:      	                    (118, 118.0),
[92mINFO [0m:      	                    (119, 119.0),
[92mINFO [0m:      	                    (120, 120.0),
[92mINFO [0m:      	                    (121, 121.0),
[92mINFO [0m:      	                    (122, 122.0),
[92mINFO [0m:      	                    (123, 123.0),
[92mINFO [0m:      	                    (124, 124.0),
[92mINFO [0m:      	                    (125, 125.0),
[92mINFO [0m:      	                    (126, 126.0),
[92mINFO [0m:      	                    (127, 127.0),
[92mINFO [0m:      	                    (128, 128.0),
[92mINFO [0m:      	                    (129, 129.0),
[92mINFO [0m:      	                    (130, 130.0),
[92mINFO [0m:      	                    (131, 131.0),
[92mINFO [0m:      	                    (132, 132.0),
[92mINFO [0m:      	                    (133, 133.0),
[92mINFO [0m:      	                    (134, 134.0),
[92mINFO [0m:      	                    (135, 135.0),
[92mINFO [0m:      	                    (136, 136.0),
[92mINFO [0m:      	                    (137, 137.0),
[92mINFO [0m:      	                    (138, 138.0),
[92mINFO [0m:      	                    (139, 139.0),
[92mINFO [0m:      	                    (140, 140.0),
[92mINFO [0m:      	                    (141, 141.0),
[92mINFO [0m:      	                    (142, 142.0),
[92mINFO [0m:      	                    (143, 143.0),
[92mINFO [0m:      	                    (144, 144.0),
[92mINFO [0m:      	                    (145, 145.0),
[92mINFO [0m:      	                    (146, 146.0),
[92mINFO [0m:      	                    (147, 147.0),
[92mINFO [0m:      	                    (148, 148.0),
[92mINFO [0m:      	                    (149, 149.0),
[92mINFO [0m:      	                    (150, 150.0),
[92mINFO [0m:      	                    (151, 151.0),
[92mINFO [0m:      	                    (152, 152.0),
[92mINFO [0m:      	                    (153, 153.0),
[92mINFO [0m:      	                    (154, 154.0),
[92mINFO [0m:      	                    (155, 155.0),
[92mINFO [0m:      	                    (156, 156.0),
[92mINFO [0m:      	                    (157, 157.0),
[92mINFO [0m:      	                    (158, 158.0),
[92mINFO [0m:      	                    (159, 159.0),
[92mINFO [0m:      	                    (160, 160.0)],
[92mINFO [0m:      	 'train_loss': [(1, 2.3577120252203723),
[92mINFO [0m:      	                (2, 4.727047991049252),
[92mINFO [0m:      	                (3, 2.326663295710924),
[92mINFO [0m:      	                (4, 4.650588601967083),
[92mINFO [0m:      	                (5, 2.2792332832592543),
[92mINFO [0m:      	                (6, 4.571317319976712),
[92mINFO [0m:      	                (7, 2.254026479711368),
[92mINFO [0m:      	                (8, 4.4913204938203615),
[92mINFO [0m:      	                (9, 2.218033749647325),
[92mINFO [0m:      	                (10, 4.455172637132275),
[92mINFO [0m:      	                (11, 2.2029040339519392),
[92mINFO [0m:      	                (12, 4.412981841668472),
[92mINFO [0m:      	                (13, 2.195460145471055),
[92mINFO [0m:      	                (14, 4.3849084623226195),
[92mINFO [0m:      	                (15, 2.1895936960121376),
[92mINFO [0m:      	                (16, 4.394324368450672),
[92mINFO [0m:      	                (17, 2.1864518453728023),
[92mINFO [0m:      	                (18, 4.3800557366465265),
[92mINFO [0m:      	                (19, 2.160368071640496),
[92mINFO [0m:      	                (20, 4.346900324467361),
[92mINFO [0m:      	                (21, 2.1723056432310712),
[92mINFO [0m:      	                (22, 4.362450197827173),
[92mINFO [0m:      	                (23, 2.186792392672503),
[92mINFO [0m:      	                (24, 4.358532693112005),
[92mINFO [0m:      	                (25, 2.171562801760793),
[92mINFO [0m:      	                (26, 4.353112010625955),
[92mINFO [0m:      	                (27, 2.1652758298545987),
[92mINFO [0m:      	                (28, 4.335612806007797),
[92mINFO [0m:      	                (29, 2.1703332413977066),
[92mINFO [0m:      	                (30, 4.341581973660878),
[92mINFO [0m:      	                (31, 2.160139725724896),
[92mINFO [0m:      	                (32, 4.327015476090983),
[92mINFO [0m:      	                (33, 2.1809710757778475),
[92mINFO [0m:      	                (34, 4.354412972575409),
[92mINFO [0m:      	                (35, 2.1550276941588544),
[92mINFO [0m:      	                (36, 4.325361319742756),
[92mINFO [0m:      	                (37, 2.157481256603346),
[92mINFO [0m:      	                (38, 4.3350039710105985),
[92mINFO [0m:      	                (39, 2.1816186084145808),
[92mINFO [0m:      	                (40, 4.347103859328059),
[92mINFO [0m:      	                (41, 2.161167192119548),
[92mINFO [0m:      	                (42, 4.304447371210232),
[92mINFO [0m:      	                (43, 2.1706722434151575),
[92mINFO [0m:      	                (44, 4.331692394283756),
[92mINFO [0m:      	                (45, 2.168928895331351),
[92mINFO [0m:      	                (46, 4.339168788797373),
[92mINFO [0m:      	                (47, 2.1715821895812804),
[92mINFO [0m:      	                (48, 4.341401687109823),
[92mINFO [0m:      	                (49, 2.1619193766876257),
[92mINFO [0m:      	                (50, 4.320792303541306),
[92mINFO [0m:      	                (51, 2.1614565510715864),
[92mINFO [0m:      	                (52, 4.332200331896514),
[92mINFO [0m:      	                (53, 2.146702438695991),
[92mINFO [0m:      	                (54, 4.301630901441449),
[92mINFO [0m:      	                (55, 2.141748942921387),
[92mINFO [0m:      	                (56, 4.298018688151455),
[92mINFO [0m:      	                (57, 2.1602818024364643),
[92mINFO [0m:      	                (58, 4.340167825025557),
[92mINFO [0m:      	                (59, 2.1452470455383112),
[92mINFO [0m:      	                (60, 4.296292440622045),
[92mINFO [0m:      	                (61, 2.1511442415348028),
[92mINFO [0m:      	                (62, 4.299528299294799),
[92mINFO [0m:      	                (63, 2.1574159437860625),
[92mINFO [0m:      	                (64, 4.311740109976286),
[92mINFO [0m:      	                (65, 2.16347704370291),
[92mINFO [0m:      	                (66, 4.325429077381277),
[92mINFO [0m:      	                (67, 2.1497945236407854),
[92mINFO [0m:      	                (68, 4.27902717473912),
[92mINFO [0m:      	                (69, 2.1463927846231394),
[92mINFO [0m:      	                (70, 4.289984982278074),
[92mINFO [0m:      	                (71, 2.157186063066019),
[92mINFO [0m:      	                (72, 4.29735320587003),
[92mINFO [0m:      	                (73, 2.143196799820583),
[92mINFO [0m:      	                (74, 4.279692165727897),
[92mINFO [0m:      	                (75, 2.1361019673934423),
[92mINFO [0m:      	                (76, 4.2768541947264875),
[92mINFO [0m:      	                (77, 2.145932014597275),
[92mINFO [0m:      	                (78, 4.294123359129122),
[92mINFO [0m:      	                (79, 2.1393636783044916),
[92mINFO [0m:      	                (80, 4.27795083908438),
[92mINFO [0m:      	                (81, 2.1454798018338117),
[92mINFO [0m:      	                (82, 4.282630924678893),
[92mINFO [0m:      	                (83, 2.1398124337802704),
[92mINFO [0m:      	                (84, 4.277463025066885),
[92mINFO [0m:      	                (85, 2.1329434504465317),
[92mINFO [0m:      	                (86, 4.274205383424963),
[92mINFO [0m:      	                (87, 2.1244785382570592),
[92mINFO [0m:      	                (88, 4.264107703580498),
[92mINFO [0m:      	                (89, 2.1355103679979077),
[92mINFO [0m:      	                (90, 4.255760792046331),
[92mINFO [0m:      	                (91, 2.12214641124768),
[92mINFO [0m:      	                (92, 4.244941418823366),
[92mINFO [0m:      	                (93, 2.1430086708262883),
[92mINFO [0m:      	                (94, 4.270401550479241),
[92mINFO [0m:      	                (95, 2.1226451869898626),
[92mINFO [0m:      	                (96, 4.253957732502344),
[92mINFO [0m:      	                (97, 2.1252999752972155),
[92mINFO [0m:      	                (98, 4.2484284180711995),
[92mINFO [0m:      	                (99, 2.1165771709453782),
[92mINFO [0m:      	                (100, 4.239029258968629),
[92mINFO [0m:      	                (101, 2.123913240093181),
[92mINFO [0m:      	                (102, 4.246025550741388),
[92mINFO [0m:      	                (103, 2.1049125512279305),
[92mINFO [0m:      	                (104, 4.2203846536599485),
[92mINFO [0m:      	                (105, 2.1164414825905133),
[92mINFO [0m:      	                (106, 4.235814153335586),
[92mINFO [0m:      	                (107, 2.0934288719542034),
[92mINFO [0m:      	                (108, 4.206494878728174),
[92mINFO [0m:      	                (109, 2.092742957952428),
[92mINFO [0m:      	                (110, 4.20264848532536),
[92mINFO [0m:      	                (111, 2.1060088253700355),
[92mINFO [0m:      	                (112, 4.2002526311399),
[92mINFO [0m:      	                (113, 2.0922235370531204),
[92mINFO [0m:      	                (114, 4.193254565513509),
[92mINFO [0m:      	                (115, 2.105807110542926),
[92mINFO [0m:      	                (116, 4.194531246119331),
[92mINFO [0m:      	                (117, 2.0912958678733538),
[92mINFO [0m:      	                (118, 4.180740454238162),
[92mINFO [0m:      	                (119, 2.0963177080435766),
[92mINFO [0m:      	                (120, 4.18628993262352),
[92mINFO [0m:      	                (121, 2.075483312441883),
[92mINFO [0m:      	                (122, 4.154677659012416),
[92mINFO [0m:      	                (123, 2.088630649104851),
[92mINFO [0m:      	                (124, 4.1701073822145664),
[92mINFO [0m:      	                (125, 2.078307104256243),
[92mINFO [0m:      	                (126, 4.1401669452779775),
[92mINFO [0m:      	                (127, 2.0736661214430723),
[92mINFO [0m:      	                (128, 4.158625544318105),
[92mINFO [0m:      	                (129, 2.0660894834376786),
[92mINFO [0m:      	                (130, 4.1289011081140625),
[92mINFO [0m:      	                (131, 2.070276114074769),
[92mINFO [0m:      	                (132, 4.127776455418383),
[92mINFO [0m:      	                (133, 2.0671055127257367),
[92mINFO [0m:      	                (134, 4.119751065041745),
[92mINFO [0m:      	                (135, 2.0595971508161943),
[92mINFO [0m:      	                (136, 4.126034664646897),
[92mINFO [0m:      	                (137, 2.0355376440535244),
[92mINFO [0m:      	                (138, 4.089729415800418),
[92mINFO [0m:      	                (139, 2.062777746051156),
[92mINFO [0m:      	                (140, 4.105284810187493),
[92mINFO [0m:      	                (141, 2.0367686208606615),
[92mINFO [0m:      	                (142, 4.057133774160732),
[92mINFO [0m:      	                (143, 2.0466726502955024),
[92mINFO [0m:      	                (144, 4.084460823703274),
[92mINFO [0m:      	                (145, 2.031942406748464),
[92mINFO [0m:      	                (146, 4.0757004676733475),
[92mINFO [0m:      	                (147, 2.0418748900218513),
[92mINFO [0m:      	                (148, 4.092511305319087),
[92mINFO [0m:      	                (149, 2.0224682669188465),
[92mINFO [0m:      	                (150, 4.043392572179816),
[92mINFO [0m:      	                (151, 2.0166017150102777),
[92mINFO [0m:      	                (152, 4.06257264223613),
[92mINFO [0m:      	                (153, 2.031439498482255),
[92mINFO [0m:      	                (154, 4.064651191610528),
[92mINFO [0m:      	                (155, 2.023575826821468),
[92mINFO [0m:      	                (156, 4.041930393284966),
[92mINFO [0m:      	                (157, 2.0119296433845584),
[92mINFO [0m:      	                (158, 4.032296545701982),
[92mINFO [0m:      	                (159, 2.021972799058606),
[92mINFO [0m:      	                (160, 4.036601579807782)]}
[92mINFO [0m:      	History (metrics, centralized):
[92mINFO [0m:      	{'accuracy': [(0, 0.1),
[92mINFO [0m:      	              (2, 0.1),
[92mINFO [0m:      	              (4, 0.1),
[92mINFO [0m:      	              (6, 0.1),
[92mINFO [0m:      	              (8, 0.1),
[92mINFO [0m:      	              (10, 0.1),
[92mINFO [0m:      	              (12, 0.1),
[92mINFO [0m:      	              (14, 0.1003),
[92mINFO [0m:      	              (16, 0.1002),
[92mINFO [0m:      	              (18, 0.1125),
[92mINFO [0m:      	              (20, 0.1093),
[92mINFO [0m:      	              (22, 0.1002),
[92mINFO [0m:      	              (24, 0.1164),
[92mINFO [0m:      	              (26, 0.1007),
[92mINFO [0m:      	              (28, 0.1044),
[92mINFO [0m:      	              (30, 0.1),
[92mINFO [0m:      	              (32, 0.1),
[92mINFO [0m:      	              (34, 0.1),
[92mINFO [0m:      	              (36, 0.1007),
[92mINFO [0m:      	              (38, 0.1044),
[92mINFO [0m:      	              (40, 0.1),
[92mINFO [0m:      	              (42, 0.1001),
[92mINFO [0m:      	              (44, 0.1001),
[92mINFO [0m:      	              (46, 0.1002),
[92mINFO [0m:      	              (48, 0.1),
[92mINFO [0m:      	              (50, 0.1001),
[92mINFO [0m:      	              (52, 0.1002),
[92mINFO [0m:      	              (54, 0.1004),
[92mINFO [0m:      	              (56, 0.1001),
[92mINFO [0m:      	              (58, 0.1063),
[92mINFO [0m:      	              (60, 0.1004),
[92mINFO [0m:      	              (62, 0.1008),
[92mINFO [0m:      	              (64, 0.1015),
[92mINFO [0m:      	              (66, 0.1295),
[92mINFO [0m:      	              (68, 0.101),
[92mINFO [0m:      	              (70, 0.106),
[92mINFO [0m:      	              (72, 0.1023),
[92mINFO [0m:      	              (74, 0.1021),
[92mINFO [0m:      	              (76, 0.1132),
[92mINFO [0m:      	              (78, 0.1009),
[92mINFO [0m:      	              (80, 0.128),
[92mINFO [0m:      	              (82, 0.1199),
[92mINFO [0m:      	              (84, 0.1075),
[92mINFO [0m:      	              (86, 0.1153),
[92mINFO [0m:      	              (88, 0.1163),
[92mINFO [0m:      	              (90, 0.1235),
[92mINFO [0m:      	              (92, 0.1182),
[92mINFO [0m:      	              (94, 0.1174),
[92mINFO [0m:      	              (96, 0.1074),
[92mINFO [0m:      	              (98, 0.1263),
[92mINFO [0m:      	              (100, 0.1244),
[92mINFO [0m:      	              (102, 0.1331),
[92mINFO [0m:      	              (104, 0.1495),
[92mINFO [0m:      	              (106, 0.1318),
[92mINFO [0m:      	              (108, 0.1388),
[92mINFO [0m:      	              (110, 0.1545),
[92mINFO [0m:      	              (112, 0.1455),
[92mINFO [0m:      	              (114, 0.1545),
[92mINFO [0m:      	              (116, 0.166),
[92mINFO [0m:      	              (118, 0.1615),
[92mINFO [0m:      	              (120, 0.1684),
[92mINFO [0m:      	              (122, 0.1565),
[92mINFO [0m:      	              (124, 0.1678),
[92mINFO [0m:      	              (126, 0.1733),
[92mINFO [0m:      	              (128, 0.1752),
[92mINFO [0m:      	              (130, 0.18),
[92mINFO [0m:      	              (132, 0.1755),
[92mINFO [0m:      	              (134, 0.1798),
[92mINFO [0m:      	              (136, 0.1719),
[92mINFO [0m:      	              (138, 0.1788),
[92mINFO [0m:      	              (140, 0.1814),
[92mINFO [0m:      	              (142, 0.1827),
[92mINFO [0m:      	              (144, 0.1806),
[92mINFO [0m:      	              (146, 0.1823),
[92mINFO [0m:      	              (148, 0.1868),
[92mINFO [0m:      	              (150, 0.1828),
[92mINFO [0m:      	              (152, 0.1834),
[92mINFO [0m:      	              (154, 0.1793),
[92mINFO [0m:      	              (156, 0.1855),
[92mINFO [0m:      	              (158, 0.1862),
[92mINFO [0m:      	              (160, 0.1831)],
[92mINFO [0m:      	 'ece': [(0, 0.08703089010149241),
[92mINFO [0m:      	         (2, 0.09690306957751513),
[92mINFO [0m:      	         (4, 0.08153894361078738),
[92mINFO [0m:      	         (6, 0.09154066317409276),
[92mINFO [0m:      	         (8, 0.1104621005898714),
[92mINFO [0m:      	         (10, 0.10108036924153566),
[92mINFO [0m:      	         (12, 0.09687070380538701),
[92mINFO [0m:      	         (14, 0.08343964380592107),
[92mINFO [0m:      	         (16, 0.08686635334223514),
[92mINFO [0m:      	         (18, 0.06392296210825443),
[92mINFO [0m:      	         (20, 0.0779028518038988),
[92mINFO [0m:      	         (22, 0.09435181494027377),
[92mINFO [0m:      	         (24, 0.08494140011936427),
[92mINFO [0m:      	         (26, 0.09676795262396336),
[92mINFO [0m:      	         (28, 0.09219955213278533),
[92mINFO [0m:      	         (30, 0.11850512457549572),
[92mINFO [0m:      	         (32, 0.12656709214001896),
[92mINFO [0m:      	         (34, 0.11614744602248073),
[92mINFO [0m:      	         (36, 0.11190882086604834),
[92mINFO [0m:      	         (38, 0.09226666335791349),
[92mINFO [0m:      	         (40, 0.12655395944029094),
[92mINFO [0m:      	         (42, 0.11504919104248285),
[92mINFO [0m:      	         (44, 0.12636376280456782),
[92mINFO [0m:      	         (46, 0.11566293085455892),
[92mINFO [0m:      	         (48, 0.12578680792838334),
[92mINFO [0m:      	         (50, 0.12433156997531651),
[92mINFO [0m:      	         (52, 0.13098493019342422),
[92mINFO [0m:      	         (54, 0.1150571402141452),
[92mINFO [0m:      	         (56, 0.11917987786054612),
[92mINFO [0m:      	         (58, 0.09933541678279639),
[92mINFO [0m:      	         (60, 0.11542531821161507),
[92mINFO [0m:      	         (62, 0.11432292909860615),
[92mINFO [0m:      	         (64, 0.11898503418773412),
[92mINFO [0m:      	         (66, 0.07361615797609092),
[92mINFO [0m:      	         (68, 0.12236071114331487),
[92mINFO [0m:      	         (70, 0.10580857551217081),
[92mINFO [0m:      	         (72, 0.11579733079135415),
[92mINFO [0m:      	         (74, 0.12271816159129145),
[92mINFO [0m:      	         (76, 0.09350595384210345),
[92mINFO [0m:      	         (78, 0.11493233963608743),
[92mINFO [0m:      	         (80, 0.06852827236115931),
[92mINFO [0m:      	         (82, 0.09832527254670857),
[92mINFO [0m:      	         (84, 0.12106150910854338),
[92mINFO [0m:      	         (86, 0.09500599135279657),
[92mINFO [0m:      	         (88, 0.09840329368114473),
[92mINFO [0m:      	         (90, 0.1025907694852352),
[92mINFO [0m:      	         (92, 0.1001155830228329),
[92mINFO [0m:      	         (94, 0.10019832971811295),
[92mINFO [0m:      	         (96, 0.1168168527817726),
[92mINFO [0m:      	         (98, 0.0900985502013564),
[92mINFO [0m:      	         (100, 0.10214343089401721),
[92mINFO [0m:      	         (102, 0.07918205256819724),
[92mINFO [0m:      	         (104, 0.05736888676851987),
[92mINFO [0m:      	         (106, 0.11189562153190373),
[92mINFO [0m:      	         (108, 0.08625653144806623),
[92mINFO [0m:      	         (110, 0.06425349603176118),
[92mINFO [0m:      	         (112, 0.07973211145609617),
[92mINFO [0m:      	         (114, 0.06126824010312558),
[92mINFO [0m:      	         (116, 0.059635138027817),
[92mINFO [0m:      	         (118, 0.06582490760475397),
[92mINFO [0m:      	         (120, 0.05322939058363437),
[92mINFO [0m:      	         (122, 0.08454869223684071),
[92mINFO [0m:      	         (124, 0.05649473445221781),
[92mINFO [0m:      	         (126, 0.041670159235298626),
[92mINFO [0m:      	         (128, 0.05196293067067863),
[92mINFO [0m:      	         (130, 0.03886482321798802),
[92mINFO [0m:      	         (132, 0.05910044705271723),
[92mINFO [0m:      	         (134, 0.048175037467628704),
[92mINFO [0m:      	         (136, 0.06342295659124852),
[92mINFO [0m:      	         (138, 0.06227381398499011),
[92mINFO [0m:      	         (140, 0.052453683511912805),
[92mINFO [0m:      	         (142, 0.0459219350758195),
[92mINFO [0m:      	         (144, 0.051562459140718),
[92mINFO [0m:      	         (146, 0.054759021421223915),
[92mINFO [0m:      	         (148, 0.032714944731593115),
[92mINFO [0m:      	         (150, 0.04338065258920194),
[92mINFO [0m:      	         (152, 0.05754637739390136),
[92mINFO [0m:      	         (154, 0.04324713585302232),
[92mINFO [0m:      	         (156, 0.051140299988985095),
[92mINFO [0m:      	         (158, 0.05120193843200802),
[92mINFO [0m:      	         (160, 0.054452195256948485)]}
[92mINFO [0m:      
[36m(ClientAppActor pid=2626774)[0m [2026-08-27 01:02:40,115 E 2626774 2627181] core_worker_process.cc:825: Failed to establish connection to the metrics exporter agent. Metrics will not be exported. Exporter agent status: RpcError: Running out of retries to initialize the metrics agent. rpc_code: 14[32m [repeated 47x across cluster][0m
Finished: sparse_random_keep25_proposed_rep00_seed12025
========================================================================================
Starting 4/6: sparse_random_keep10_proposed_rep00_seed12025
[93mWARNING [0m:   DEPRECATED FEATURE: The `run_simulation` function is deprecated and will be removed in a future version of Flower. Please use `flwr run` in the CLI instead to run your simulation. Refer to the Flower Tutorials for more details: https://flower.ai/docs/framework/tutorial-quickstart-pytorch.html

            This is a deprecated feature. It will be removed
            entirely in future versions of Flower.
        
[92mINFO [0m:      Starting Flower ServerApp, config: num_rounds=160, no round_timeout
[92mINFO [0m:      
[92mINFO [0m:      [INIT]
[92mINFO [0m:      Using initial global parameters provided by strategy
[92mINFO [0m:      Starting evaluation of initial global parameters
[92mINFO [0m:      initial parameters (loss, other metrics): 2.3708087632663397, {'accuracy': 0.1, 'ece': 0.08703089010149241}
[92mINFO [0m:      
[92mINFO [0m:      [ROUND 1]
[92mINFO [0m:      configure_fit: strategy sampled 40 clients (out of 40)
[36m(pid=gcs_server)[0m [2026-08-27 01:45:27,428 E 2660929 2660929] (gcs_server) gcs_server.cc:302: Failed to establish connection to the event+metrics exporter agent. Events and metrics will not be exported. Exporter agent status: RpcError: Running out of retries to initialize the metrics agent. rpc_code: 14
[33m(raylet)[0m [2026-08-27 01:45:28,362 E 2661102 2661102] (raylet) main.cc:975: Failed to establish connection to the metrics exporter agent. Metrics will not be exported. Exporter agent status: RpcError: Running out of retries to initialize the metrics agent. rpc_code: 14
[36m(pid=2661211)[0m [2026-08-27 01:45:28,873 E 2661211 2661508] core_worker_process.cc:825: Failed to establish connection to the metrics exporter agent. Metrics will not be exported. Exporter agent status: RpcError: Running out of retries to initialize the metrics agent. rpc_code: 14
[2026-08-27 01:45:29,162 E 2547686 2661202] core_worker_process.cc:825: Failed to establish connection to the metrics exporter agent. Metrics will not be exported. Exporter agent status: RpcError: Running out of retries to initialize the metrics agent. rpc_code: 14
[92mINFO [0m:      aggregate_fit: received 40 results and 0 failures
[92mINFO [0m:      configure_evaluate: no clients selected, skipping evaluation
[92mINFO [0m:      
[92mINFO [0m:      [ROUND 2]
[92mINFO [0m:      configure_fit: strategy sampled 40 clients (out of 40)
[92mINFO [0m:      aggregate_fit: received 40 results and 0 failures
[92mINFO [0m:      fit progress: (2, 2.3799811231834473, {'accuracy': 0.1, 'ece': 0.09508696303427219}, 38.18786933971569)
[92mINFO [0m:      configure_evaluate: no clients selected, skipping evaluation
[92mINFO [0m:      
[92mINFO [0m:      [ROUND 3]
[92mINFO [0m:      configure_fit: strategy sampled 40 clients (out of 40)
[92mINFO [0m:      aggregate_fit: received 40 results and 0 failures
[92mINFO [0m:      configure_evaluate: no clients selected, skipping evaluation
[92mINFO [0m:      
[92mINFO [0m:      [ROUND 4]
[92mINFO [0m:      configure_fit: strategy sampled 40 clients (out of 40)
[92mINFO [0m:      aggregate_fit: received 40 results and 0 failures
[92mINFO [0m:      fit progress: (4, 2.353519912353389, {'accuracy': 0.1, 'ece': 0.07955961171239614}, 71.35334860300645)
[92mINFO [0m:      configure_evaluate: no clients selected, skipping evaluation
[92mINFO [0m:      
[92mINFO [0m:      [ROUND 5]
[92mINFO [0m:      configure_fit: strategy sampled 40 clients (out of 40)
[92mINFO [0m:      aggregate_fit: received 40 results and 0 failures
[92mINFO [0m:      configure_evaluate: no clients selected, skipping evaluation
[92mINFO [0m:      
[92mINFO [0m:      [ROUND 6]
[92mINFO [0m:      configure_fit: strategy sampled 40 clients (out of 40)
[92mINFO [0m:      aggregate_fit: received 40 results and 0 failures
[92mINFO [0m:      fit progress: (6, 2.358917283693191, {'accuracy': 0.1, 'ece': 0.08956249448567627}, 102.58146464871243)
[92mINFO [0m:      configure_evaluate: no clients selected, skipping evaluation
[92mINFO [0m:      
[92mINFO [0m:      [ROUND 7]
[92mINFO [0m:      configure_fit: strategy sampled 40 clients (out of 40)
[92mINFO [0m:      aggregate_fit: received 40 results and 0 failures
[92mINFO [0m:      configure_evaluate: no clients selected, skipping evaluation
[92mINFO [0m:      
[92mINFO [0m:      [ROUND 8]
[92mINFO [0m:      configure_fit: strategy sampled 40 clients (out of 40)
[92mINFO [0m:      aggregate_fit: received 40 results and 0 failures
[92mINFO [0m:      fit progress: (8, 2.3790054224950907, {'accuracy': 0.1, 'ece': 0.11224992697864769}, 136.03940388094634)
[92mINFO [0m:      configure_evaluate: no clients selected, skipping evaluation
[92mINFO [0m:      
[92mINFO [0m:      [ROUND 9]
[92mINFO [0m:      configure_fit: strategy sampled 40 clients (out of 40)
[92mINFO [0m:      aggregate_fit: received 40 results and 0 failures
[92mINFO [0m:      configure_evaluate: no clients selected, skipping evaluation
[92mINFO [0m:      
[92mINFO [0m:      [ROUND 10]
[92mINFO [0m:      configure_fit: strategy sampled 40 clients (out of 40)
[92mINFO [0m:      aggregate_fit: received 40 results and 0 failures
[92mINFO [0m:      fit progress: (10, 2.365440892765796, {'accuracy': 0.1, 'ece': 0.10458244720995426}, 168.39944090601057)
[92mINFO [0m:      configure_evaluate: no clients selected, skipping evaluation
[92mINFO [0m:      
[92mINFO [0m:      [ROUND 11]
[92mINFO [0m:      configure_fit: strategy sampled 40 clients (out of 40)
[92mINFO [0m:      aggregate_fit: received 40 results and 0 failures
[92mINFO [0m:      configure_evaluate: no clients selected, skipping evaluation
[92mINFO [0m:      
[92mINFO [0m:      [ROUND 12]
[92mINFO [0m:      configure_fit: strategy sampled 40 clients (out of 40)
[92mINFO [0m:      aggregate_fit: received 40 results and 0 failures
[92mINFO [0m:      fit progress: (12, 2.36540311638295, {'accuracy': 0.1, 'ece': 0.1029106157836318}, 202.2784442976117)
[92mINFO [0m:      configure_evaluate: no clients selected, skipping evaluation
[92mINFO [0m:      
[92mINFO [0m:      [ROUND 13]
[92mINFO [0m:      configure_fit: strategy sampled 40 clients (out of 40)
[92mINFO [0m:      aggregate_fit: received 40 results and 0 failures
[92mINFO [0m:      configure_evaluate: no clients selected, skipping evaluation
[92mINFO [0m:      
[92mINFO [0m:      [ROUND 14]
[92mINFO [0m:      configure_fit: strategy sampled 40 clients (out of 40)
[92mINFO [0m:      aggregate_fit: received 40 results and 0 failures
[92mINFO [0m:      fit progress: (14, 2.362286343037601, {'accuracy': 0.1, 'ece': 0.09287380706787107}, 236.88956620870158)
[92mINFO [0m:      configure_evaluate: no clients selected, skipping evaluation
[92mINFO [0m:      
[92mINFO [0m:      [ROUND 15]
[92mINFO [0m:      configure_fit: strategy sampled 40 clients (out of 40)
[92mINFO [0m:      aggregate_fit: received 40 results and 0 failures
[92mINFO [0m:      configure_evaluate: no clients selected, skipping evaluation
[92mINFO [0m:      
[92mINFO [0m:      [ROUND 16]
[92mINFO [0m:      configure_fit: strategy sampled 40 clients (out of 40)
[92mINFO [0m:      aggregate_fit: received 40 results and 0 failures
[92mINFO [0m:      fit progress: (16, 2.3587389282131657, {'accuracy': 0.1, 'ece': 0.09584643231362107}, 272.9213443547487)
[92mINFO [0m:      configure_evaluate: no clients selected, skipping evaluation
[92mINFO [0m:      
[92mINFO [0m:      [ROUND 17]
[92mINFO [0m:      configure_fit: strategy sampled 40 clients (out of 40)
[92mINFO [0m:      aggregate_fit: received 40 results and 0 failures
[92mINFO [0m:      configure_evaluate: no clients selected, skipping evaluation
[92mINFO [0m:      
[92mINFO [0m:      [ROUND 18]
[92mINFO [0m:      configure_fit: strategy sampled 40 clients (out of 40)
[92mINFO [0m:      aggregate_fit: received 40 results and 0 failures
[92mINFO [0m:      fit progress: (18, 2.351611652235701, {'accuracy': 0.1, 'ece': 0.07657891698062416}, 306.23991238698363)
[92mINFO [0m:      configure_evaluate: no clients selected, skipping evaluation
[92mINFO [0m:      
[92mINFO [0m:      [ROUND 19]
[92mINFO [0m:      configure_fit: strategy sampled 40 clients (out of 40)
[92mINFO [0m:      aggregate_fit: received 40 results and 0 failures
[92mINFO [0m:      configure_evaluate: no clients selected, skipping evaluation
[92mINFO [0m:      
[92mINFO [0m:      [ROUND 20]
[92mINFO [0m:      configure_fit: strategy sampled 40 clients (out of 40)
[92mINFO [0m:      aggregate_fit: received 40 results and 0 failures
[92mINFO [0m:      fit progress: (20, 2.3621882765008158, {'accuracy': 0.1, 'ece': 0.09420063976317643}, 341.65465527167544)
[92mINFO [0m:      configure_evaluate: no clients selected, skipping evaluation
[92mINFO [0m:      
[92mINFO [0m:      [ROUND 21]
[92mINFO [0m:      configure_fit: strategy sampled 40 clients (out of 40)
[92mINFO [0m:      aggregate_fit: received 40 results and 0 failures
[92mINFO [0m:      configure_evaluate: no clients selected, skipping evaluation
[92mINFO [0m:      
[92mINFO [0m:      [ROUND 22]
[92mINFO [0m:      configure_fit: strategy sampled 40 clients (out of 40)
[92mINFO [0m:      aggregate_fit: received 40 results and 0 failures
[92mINFO [0m:      fit progress: (22, 2.349886252592241, {'accuracy': 0.1, 'ece': 0.07576942415773869}, 375.86042215581983)
[92mINFO [0m:      configure_evaluate: no clients selected, skipping evaluation
[92mINFO [0m:      
[92mINFO [0m:      [ROUND 23]
[92mINFO [0m:      configure_fit: strategy sampled 40 clients (out of 40)
[92mINFO [0m:      aggregate_fit: received 40 results and 0 failures
[92mINFO [0m:      configure_evaluate: no clients selected, skipping evaluation
[92mINFO [0m:      
[92mINFO [0m:      [ROUND 24]
[92mINFO [0m:      configure_fit: strategy sampled 40 clients (out of 40)
[92mINFO [0m:      aggregate_fit: received 40 results and 0 failures
[92mINFO [0m:      fit progress: (24, 2.3781145418669354, {'accuracy': 0.1, 'ece': 0.10574331001788378}, 408.5072953030467)
[92mINFO [0m:      configure_evaluate: no clients selected, skipping evaluation
[92mINFO [0m:      
[92mINFO [0m:      [ROUND 25]
[92mINFO [0m:      configure_fit: strategy sampled 40 clients (out of 40)
[92mINFO [0m:      aggregate_fit: received 40 results and 0 failures
[92mINFO [0m:      configure_evaluate: no clients selected, skipping evaluation
[92mINFO [0m:      
[92mINFO [0m:      [ROUND 26]
[92mINFO [0m:      configure_fit: strategy sampled 40 clients (out of 40)
[92mINFO [0m:      aggregate_fit: received 40 results and 0 failures
[92mINFO [0m:      fit progress: (26, 2.3706481156708605, {'accuracy': 0.1, 'ece': 0.08485069257438184}, 441.5363289806992)
[92mINFO [0m:      configure_evaluate: no clients selected, skipping evaluation
[92mINFO [0m:      
[92mINFO [0m:      [ROUND 27]
[92mINFO [0m:      configure_fit: strategy sampled 40 clients (out of 40)
[92mINFO [0m:      aggregate_fit: received 40 results and 0 failures
[92mINFO [0m:      configure_evaluate: no clients selected, skipping evaluation
[92mINFO [0m:      
[92mINFO [0m:      [ROUND 28]
[92mINFO [0m:      configure_fit: strategy sampled 40 clients (out of 40)
[92mINFO [0m:      aggregate_fit: received 40 results and 0 failures
[92mINFO [0m:      fit progress: (28, 2.3710591571241415, {'accuracy': 0.1, 'ece': 0.09061943420320749}, 474.2203924129717)
[92mINFO [0m:      configure_evaluate: no clients selected, skipping evaluation
[92mINFO [0m:      
[92mINFO [0m:      [ROUND 29]
[92mINFO [0m:      configure_fit: strategy sampled 40 clients (out of 40)
[92mINFO [0m:      aggregate_fit: received 40 results and 0 failures
[92mINFO [0m:      configure_evaluate: no clients selected, skipping evaluation
[92mINFO [0m:      
[92mINFO [0m:      [ROUND 30]
[92mINFO [0m:      configure_fit: strategy sampled 40 clients (out of 40)
[92mINFO [0m:      aggregate_fit: received 40 results and 0 failures
[92mINFO [0m:      fit progress: (30, 2.3853210835379333, {'accuracy': 0.1, 'ece': 0.09445030603319406}, 506.9517249157652)
[92mINFO [0m:      configure_evaluate: no clients selected, skipping evaluation
[92mINFO [0m:      
[92mINFO [0m:      [ROUND 31]
[92mINFO [0m:      configure_fit: strategy sampled 40 clients (out of 40)
[92mINFO [0m:      aggregate_fit: received 40 results and 0 failures
[92mINFO [0m:      configure_evaluate: no clients selected, skipping evaluation
[92mINFO [0m:      
[92mINFO [0m:      [ROUND 32]
[92mINFO [0m:      configure_fit: strategy sampled 40 clients (out of 40)
[92mINFO [0m:      aggregate_fit: received 40 results and 0 failures
[92mINFO [0m:      fit progress: (32, 2.3793362036748738, {'accuracy': 0.1051, 'ece': 0.06957244426995518}, 540.3553068540059)
[92mINFO [0m:      configure_evaluate: no clients selected, skipping evaluation
[92mINFO [0m:      
[92mINFO [0m:      [ROUND 33]
[92mINFO [0m:      configure_fit: strategy sampled 40 clients (out of 40)
[92mINFO [0m:      aggregate_fit: received 40 results and 0 failures
[92mINFO [0m:      configure_evaluate: no clients selected, skipping evaluation
[92mINFO [0m:      
[92mINFO [0m:      [ROUND 34]
[92mINFO [0m:      configure_fit: strategy sampled 40 clients (out of 40)
[92mINFO [0m:      aggregate_fit: received 40 results and 0 failures
[92mINFO [0m:      fit progress: (34, 2.390490934290467, {'accuracy': 0.1005, 'ece': 0.08405496862158181}, 573.0342751280405)
[92mINFO [0m:      configure_evaluate: no clients selected, skipping evaluation
[92mINFO [0m:      
[92mINFO [0m:      [ROUND 35]
[92mINFO [0m:      configure_fit: strategy sampled 40 clients (out of 40)
[92mINFO [0m:      aggregate_fit: received 40 results and 0 failures
[92mINFO [0m:      configure_evaluate: no clients selected, skipping evaluation
[92mINFO [0m:      
[92mINFO [0m:      [ROUND 36]
[92mINFO [0m:      configure_fit: strategy sampled 40 clients (out of 40)
[92mINFO [0m:      aggregate_fit: received 40 results and 0 failures
[92mINFO [0m:      fit progress: (36, 2.3994204980768243, {'accuracy': 0.1, 'ece': 0.10006709302514792}, 605.0173287978396)
[92mINFO [0m:      configure_evaluate: no clients selected, skipping evaluation
[92mINFO [0m:      
[92mINFO [0m:      [ROUND 37]
[92mINFO [0m:      configure_fit: strategy sampled 40 clients (out of 40)
[92mINFO [0m:      aggregate_fit: received 40 results and 0 failures
[92mINFO [0m:      configure_evaluate: no clients selected, skipping evaluation
[92mINFO [0m:      
[92mINFO [0m:      [ROUND 38]
[92mINFO [0m:      configure_fit: strategy sampled 40 clients (out of 40)
[92mINFO [0m:      aggregate_fit: received 40 results and 0 failures
[92mINFO [0m:      fit progress: (38, 2.387421612120463, {'accuracy': 0.1, 'ece': 0.084709839027822}, 638.1323557686992)
[92mINFO [0m:      configure_evaluate: no clients selected, skipping evaluation
[92mINFO [0m:      
[92mINFO [0m:      [ROUND 39]
[92mINFO [0m:      configure_fit: strategy sampled 40 clients (out of 40)
[92mINFO [0m:      aggregate_fit: received 40 results and 0 failures
[92mINFO [0m:      configure_evaluate: no clients selected, skipping evaluation
[92mINFO [0m:      
[92mINFO [0m:      [ROUND 40]
[92mINFO [0m:      configure_fit: strategy sampled 40 clients (out of 40)
[92mINFO [0m:      aggregate_fit: received 40 results and 0 failures
[92mINFO [0m:      fit progress: (40, 2.398126612609085, {'accuracy': 0.1189, 'ece': 0.05997916130602362}, 671.0742527386174)
[92mINFO [0m:      configure_evaluate: no clients selected, skipping evaluation
[92mINFO [0m:      
[92mINFO [0m:      [ROUND 41]
[92mINFO [0m:      configure_fit: strategy sampled 40 clients (out of 40)
[92mINFO [0m:      aggregate_fit: received 40 results and 0 failures
[92mINFO [0m:      configure_evaluate: no clients selected, skipping evaluation
[92mINFO [0m:      
[92mINFO [0m:      [ROUND 42]
[92mINFO [0m:      configure_fit: strategy sampled 40 clients (out of 40)
[92mINFO [0m:      aggregate_fit: received 40 results and 0 failures
[92mINFO [0m:      fit progress: (42, 2.3841918195714853, {'accuracy': 0.1031, 'ece': 0.07617149134099484}, 705.8023425736465)
[92mINFO [0m:      configure_evaluate: no clients selected, skipping evaluation
[92mINFO [0m:      
[92mINFO [0m:      [ROUND 43]
[92mINFO [0m:      configure_fit: strategy sampled 40 clients (out of 40)
[92mINFO [0m:      aggregate_fit: received 40 results and 0 failures
[92mINFO [0m:      configure_evaluate: no clients selected, skipping evaluation
[92mINFO [0m:      
[92mINFO [0m:      [ROUND 44]
[92mINFO [0m:      configure_fit: strategy sampled 40 clients (out of 40)
[92mINFO [0m:      aggregate_fit: received 40 results and 0 failures
[92mINFO [0m:      fit progress: (44, 2.4044163618052234, {'accuracy': 0.1241, 'ece': 0.06187591528266668}, 740.6752768857405)
[92mINFO [0m:      configure_evaluate: no clients selected, skipping evaluation
[92mINFO [0m:      
[92mINFO [0m:      [ROUND 45]
[92mINFO [0m:      configure_fit: strategy sampled 40 clients (out of 40)
[92mINFO [0m:      aggregate_fit: received 40 results and 0 failures
[92mINFO [0m:      configure_evaluate: no clients selected, skipping evaluation
[92mINFO [0m:      
[92mINFO [0m:      [ROUND 46]
[92mINFO [0m:      configure_fit: strategy sampled 40 clients (out of 40)
[92mINFO [0m:      aggregate_fit: received 40 results and 0 failures
[92mINFO [0m:      fit progress: (46, 2.3997521391462957, {'accuracy': 0.1249, 'ece': 0.051683264254629595}, 774.7138013667427)
[92mINFO [0m:      configure_evaluate: no clients selected, skipping evaluation
[92mINFO [0m:      
[92mINFO [0m:      [ROUND 47]
[92mINFO [0m:      configure_fit: strategy sampled 40 clients (out of 40)
[92mINFO [0m:      aggregate_fit: received 40 results and 0 failures
[92mINFO [0m:      configure_evaluate: no clients selected, skipping evaluation
[92mINFO [0m:      
[92mINFO [0m:      [ROUND 48]
[92mINFO [0m:      configure_fit: strategy sampled 40 clients (out of 40)
[92mINFO [0m:      aggregate_fit: received 40 results and 0 failures
[92mINFO [0m:      fit progress: (48, 2.4028009736028353, {'accuracy': 0.1083, 'ece': 0.07657391683965921}, 807.4724316010252)
[92mINFO [0m:      configure_evaluate: no clients selected, skipping evaluation
[92mINFO [0m:      
[92mINFO [0m:      [ROUND 49]
[92mINFO [0m:      configure_fit: strategy sampled 40 clients (out of 40)
[92mINFO [0m:      aggregate_fit: received 40 results and 0 failures
[92mINFO [0m:      configure_evaluate: no clients selected, skipping evaluation
[92mINFO [0m:      
[92mINFO [0m:      [ROUND 50]
[92mINFO [0m:      configure_fit: strategy sampled 40 clients (out of 40)
[92mINFO [0m:      aggregate_fit: received 40 results and 0 failures
[92mINFO [0m:      fit progress: (50, 2.3981865049566817, {'accuracy': 0.1067, 'ece': 0.08471920584768057}, 839.5252167838626)
[92mINFO [0m:      configure_evaluate: no clients selected, skipping evaluation
[92mINFO [0m:      
[92mINFO [0m:      [ROUND 51]
[92mINFO [0m:      configure_fit: strategy sampled 40 clients (out of 40)
[92mINFO [0m:      aggregate_fit: received 40 results and 0 failures
[92mINFO [0m:      configure_evaluate: no clients selected, skipping evaluation
[92mINFO [0m:      
[92mINFO [0m:      [ROUND 52]
[92mINFO [0m:      configure_fit: strategy sampled 40 clients (out of 40)
[92mINFO [0m:      aggregate_fit: received 40 results and 0 failures
[92mINFO [0m:      fit progress: (52, 2.4118727780683233, {'accuracy': 0.1001, 'ece': 0.09756626286238433}, 870.946368325036)
[92mINFO [0m:      configure_evaluate: no clients selected, skipping evaluation
[92mINFO [0m:      
[92mINFO [0m:      [ROUND 53]
[92mINFO [0m:      configure_fit: strategy sampled 40 clients (out of 40)
[92mINFO [0m:      aggregate_fit: received 40 results and 0 failures
[92mINFO [0m:      configure_evaluate: no clients selected, skipping evaluation
[92mINFO [0m:      
[92mINFO [0m:      [ROUND 54]
[92mINFO [0m:      configure_fit: strategy sampled 40 clients (out of 40)
[92mINFO [0m:      aggregate_fit: received 40 results and 0 failures
[92mINFO [0m:      fit progress: (54, 2.408432127301635, {'accuracy': 0.1243, 'ece': 0.06852265864670275}, 903.5453541199677)
[92mINFO [0m:      configure_evaluate: no clients selected, skipping evaluation
[92mINFO [0m:      
[92mINFO [0m:      [ROUND 55]
[92mINFO [0m:      configure_fit: strategy sampled 40 clients (out of 40)
[92mINFO [0m:      aggregate_fit: received 40 results and 0 failures
[92mINFO [0m:      configure_evaluate: no clients selected, skipping evaluation
[92mINFO [0m:      
[92mINFO [0m:      [ROUND 56]
[92mINFO [0m:      configure_fit: strategy sampled 40 clients (out of 40)
[92mINFO [0m:      aggregate_fit: received 40 results and 0 failures
[92mINFO [0m:      fit progress: (56, 2.4085376610454836, {'accuracy': 0.1144, 'ece': 0.07693793654978277}, 938.0283537036739)
[92mINFO [0m:      configure_evaluate: no clients selected, skipping evaluation
[92mINFO [0m:      
[92mINFO [0m:      [ROUND 57]
[92mINFO [0m:      configure_fit: strategy sampled 40 clients (out of 40)
[92mINFO [0m:      aggregate_fit: received 40 results and 0 failures
[92mINFO [0m:      configure_evaluate: no clients selected, skipping evaluation
[92mINFO [0m:      
[92mINFO [0m:      [ROUND 58]
[92mINFO [0m:      configure_fit: strategy sampled 40 clients (out of 40)
[92mINFO [0m:      aggregate_fit: received 40 results and 0 failures
[92mINFO [0m:      fit progress: (58, 2.430413488755076, {'accuracy': 0.1114, 'ece': 0.08152614933639764}, 974.3613338810392)
[92mINFO [0m:      configure_evaluate: no clients selected, skipping evaluation
[92mINFO [0m:      
[92mINFO [0m:      [ROUND 59]
[92mINFO [0m:      configure_fit: strategy sampled 40 clients (out of 40)
[92mINFO [0m:      aggregate_fit: received 40 results and 0 failures
[92mINFO [0m:      configure_evaluate: no clients selected, skipping evaluation
[92mINFO [0m:      
[92mINFO [0m:      [ROUND 60]
[92mINFO [0m:      configure_fit: strategy sampled 40 clients (out of 40)
[92mINFO [0m:      aggregate_fit: received 40 results and 0 failures
[92mINFO [0m:      fit progress: (60, 2.4112364423413695, {'accuracy': 0.1005, 'ece': 0.09174789066940547}, 1007.5964933410287)
[92mINFO [0m:      configure_evaluate: no clients selected, skipping evaluation
[92mINFO [0m:      
[92mINFO [0m:      [ROUND 61]
[92mINFO [0m:      configure_fit: strategy sampled 40 clients (out of 40)
[92mINFO [0m:      aggregate_fit: received 40 results and 0 failures
[92mINFO [0m:      configure_evaluate: no clients selected, skipping evaluation
[92mINFO [0m:      
[92mINFO [0m:      [ROUND 62]
[92mINFO [0m:      configure_fit: strategy sampled 40 clients (out of 40)
[92mINFO [0m:      aggregate_fit: received 40 results and 0 failures
[92mINFO [0m:      fit progress: (62, 2.4293960593324653, {'accuracy': 0.1079, 'ece': 0.08759147370338438}, 1040.4693598127924)
[92mINFO [0m:      configure_evaluate: no clients selected, skipping evaluation
[92mINFO [0m:      
[92mINFO [0m:      [ROUND 63]
[92mINFO [0m:      configure_fit: strategy sampled 40 clients (out of 40)
[92mINFO [0m:      aggregate_fit: received 40 results and 0 failures
[92mINFO [0m:      configure_evaluate: no clients selected, skipping evaluation
[92mINFO [0m:      
[92mINFO [0m:      [ROUND 64]
[92mINFO [0m:      configure_fit: strategy sampled 40 clients (out of 40)
[92mINFO [0m:      aggregate_fit: received 40 results and 0 failures
[92mINFO [0m:      fit progress: (64, 2.418536264040469, {'accuracy': 0.1001, 'ece': 0.09745989165022971}, 1072.1584817557596)
[92mINFO [0m:      configure_evaluate: no clients selected, skipping evaluation
[92mINFO [0m:      
[92mINFO [0m:      [ROUND 65]
[92mINFO [0m:      configure_fit: strategy sampled 40 clients (out of 40)
[92mINFO [0m:      aggregate_fit: received 40 results and 0 failures
[92mINFO [0m:      configure_evaluate: no clients selected, skipping evaluation
[92mINFO [0m:      
[92mINFO [0m:      [ROUND 66]
[92mINFO [0m:      configure_fit: strategy sampled 40 clients (out of 40)
[92mINFO [0m:      aggregate_fit: received 40 results and 0 failures
[92mINFO [0m:      fit progress: (66, 2.4276085924277226, {'accuracy': 0.1266, 'ece': 0.07321928325265648}, 1103.735388347879)
[92mINFO [0m:      configure_evaluate: no clients selected, skipping evaluation
[92mINFO [0m:      
[92mINFO [0m:      [ROUND 67]
[92mINFO [0m:      configure_fit: strategy sampled 40 clients (out of 40)
[92mINFO [0m:      aggregate_fit: received 40 results and 0 failures
[92mINFO [0m:      configure_evaluate: no clients selected, skipping evaluation
[92mINFO [0m:      
[92mINFO [0m:      [ROUND 68]
[92mINFO [0m:      configure_fit: strategy sampled 40 clients (out of 40)
[92mINFO [0m:      aggregate_fit: received 40 results and 0 failures
[92mINFO [0m:      fit progress: (68, 2.4214735896106308, {'accuracy': 0.1, 'ece': 0.10624500794738531}, 1136.8703701170161)
[92mINFO [0m:      configure_evaluate: no clients selected, skipping evaluation
[92mINFO [0m:      
[92mINFO [0m:      [ROUND 69]
[92mINFO [0m:      configure_fit: strategy sampled 40 clients (out of 40)
[92mINFO [0m:      aggregate_fit: received 40 results and 0 failures
[92mINFO [0m:      configure_evaluate: no clients selected, skipping evaluation
[92mINFO [0m:      
[92mINFO [0m:      [ROUND 70]
[92mINFO [0m:      configure_fit: strategy sampled 40 clients (out of 40)
[92mINFO [0m:      aggregate_fit: received 40 results and 0 failures
[92mINFO [0m:      fit progress: (70, 2.429652340661532, {'accuracy': 0.1008, 'ece': 0.09546963141739367}, 1171.4763699076138)
[92mINFO [0m:      configure_evaluate: no clients selected, skipping evaluation
[92mINFO [0m:      
[92mINFO [0m:      [ROUND 71]
[92mINFO [0m:      configure_fit: strategy sampled 40 clients (out of 40)
[92mINFO [0m:      aggregate_fit: received 40 results and 0 failures
[92mINFO [0m:      configure_evaluate: no clients selected, skipping evaluation
[92mINFO [0m:      
[92mINFO [0m:      [ROUND 72]
[92mINFO [0m:      configure_fit: strategy sampled 40 clients (out of 40)
[92mINFO [0m:      aggregate_fit: received 40 results and 0 failures
[92mINFO [0m:      fit progress: (72, 2.431300033476033, {'accuracy': 0.1019, 'ece': 0.10284717017889021}, 1205.3483833558857)
[92mINFO [0m:      configure_evaluate: no clients selected, skipping evaluation
[92mINFO [0m:      
[92mINFO [0m:      [ROUND 73]
[92mINFO [0m:      configure_fit: strategy sampled 40 clients (out of 40)
[92mINFO [0m:      aggregate_fit: received 40 results and 0 failures
[92mINFO [0m:      configure_evaluate: no clients selected, skipping evaluation
[92mINFO [0m:      
[92mINFO [0m:      [ROUND 74]
[92mINFO [0m:      configure_fit: strategy sampled 40 clients (out of 40)
[92mINFO [0m:      aggregate_fit: received 40 results and 0 failures
[92mINFO [0m:      fit progress: (74, 2.439231642193704, {'accuracy': 0.1, 'ece': 0.11281315704137085}, 1237.8034427808598)
[92mINFO [0m:      configure_evaluate: no clients selected, skipping evaluation
[92mINFO [0m:      
[92mINFO [0m:      [ROUND 75]
[92mINFO [0m:      configure_fit: strategy sampled 40 clients (out of 40)
[92mINFO [0m:      aggregate_fit: received 40 results and 0 failures
[92mINFO [0m:      configure_evaluate: no clients selected, skipping evaluation
[92mINFO [0m:      
[92mINFO [0m:      [ROUND 76]
[92mINFO [0m:      configure_fit: strategy sampled 40 clients (out of 40)
[92mINFO [0m:      aggregate_fit: received 40 results and 0 failures
[92mINFO [0m:      fit progress: (76, 2.420148800483786, {'accuracy': 0.1043, 'ece': 0.0891653742748499}, 1269.8752982956357)
[92mINFO [0m:      configure_evaluate: no clients selected, skipping evaluation
[92mINFO [0m:      
[92mINFO [0m:      [ROUND 77]
[92mINFO [0m:      configure_fit: strategy sampled 40 clients (out of 40)
[92mINFO [0m:      aggregate_fit: received 40 results and 0 failures
[92mINFO [0m:      configure_evaluate: no clients selected, skipping evaluation
[92mINFO [0m:      
[92mINFO [0m:      [ROUND 78]
[92mINFO [0m:      configure_fit: strategy sampled 40 clients (out of 40)
[92mINFO [0m:      aggregate_fit: received 40 results and 0 failures
[92mINFO [0m:      fit progress: (78, 2.427448109723367, {'accuracy': 0.1003, 'ece': 0.10298021365076304}, 1300.9962601340376)
[92mINFO [0m:      configure_evaluate: no clients selected, skipping evaluation
[92mINFO [0m:      
[92mINFO [0m:      [ROUND 79]
[92mINFO [0m:      configure_fit: strategy sampled 40 clients (out of 40)
[92mINFO [0m:      aggregate_fit: received 40 results and 0 failures
[92mINFO [0m:      configure_evaluate: no clients selected, skipping evaluation
[92mINFO [0m:      
[92mINFO [0m:      [ROUND 80]
[92mINFO [0m:      configure_fit: strategy sampled 40 clients (out of 40)
[92mINFO [0m:      aggregate_fit: received 40 results and 0 failures
[92mINFO [0m:      fit progress: (80, 2.431199805245821, {'accuracy': 0.1097, 'ece': 0.09912507822364568}, 1333.3242579628713)
[92mINFO [0m:      configure_evaluate: no clients selected, skipping evaluation
[92mINFO [0m:      
[92mINFO [0m:      [ROUND 81]
[92mINFO [0m:      configure_fit: strategy sampled 40 clients (out of 40)
[92mINFO [0m:      aggregate_fit: received 40 results and 0 failures
[92mINFO [0m:      configure_evaluate: no clients selected, skipping evaluation
[92mINFO [0m:      
[92mINFO [0m:      [ROUND 82]
[92mINFO [0m:      configure_fit: strategy sampled 40 clients (out of 40)
[92mINFO [0m:      aggregate_fit: received 40 results and 0 failures
[92mINFO [0m:      fit progress: (82, 2.443233580350475, {'accuracy': 0.1003, 'ece': 0.10881258477449417}, 1367.5957921277732)
[92mINFO [0m:      configure_evaluate: no clients selected, skipping evaluation
[92mINFO [0m:      
[92mINFO [0m:      [ROUND 83]
[92mINFO [0m:      configure_fit: strategy sampled 40 clients (out of 40)
[92mINFO [0m:      aggregate_fit: received 40 results and 0 failures
[92mINFO [0m:      configure_evaluate: no clients selected, skipping evaluation
[92mINFO [0m:      
[92mINFO [0m:      [ROUND 84]
[92mINFO [0m:      configure_fit: strategy sampled 40 clients (out of 40)
[92mINFO [0m:      aggregate_fit: received 40 results and 0 failures
[92mINFO [0m:      fit progress: (84, 2.4412804136533532, {'accuracy': 0.1, 'ece': 0.11457494308292865}, 1403.1706078867428)
[92mINFO [0m:      configure_evaluate: no clients selected, skipping evaluation
[92mINFO [0m:      
[92mINFO [0m:      [ROUND 85]
[92mINFO [0m:      configure_fit: strategy sampled 40 clients (out of 40)
[92mINFO [0m:      aggregate_fit: received 40 results and 0 failures
[92mINFO [0m:      configure_evaluate: no clients selected, skipping evaluation
[92mINFO [0m:      
[92mINFO [0m:      [ROUND 86]
[92mINFO [0m:      configure_fit: strategy sampled 40 clients (out of 40)
[92mINFO [0m:      aggregate_fit: received 40 results and 0 failures
[92mINFO [0m:      fit progress: (86, 2.4326312815288995, {'accuracy': 0.1002, 'ece': 0.10579586847901343}, 1436.2594393119216)
[92mINFO [0m:      configure_evaluate: no clients selected, skipping evaluation
[92mINFO [0m:      
[92mINFO [0m:      [ROUND 87]
[92mINFO [0m:      configure_fit: strategy sampled 40 clients (out of 40)
[92mINFO [0m:      aggregate_fit: received 40 results and 0 failures
[92mINFO [0m:      configure_evaluate: no clients selected, skipping evaluation
[92mINFO [0m:      
[92mINFO [0m:      [ROUND 88]
[92mINFO [0m:      configure_fit: strategy sampled 40 clients (out of 40)
[92mINFO [0m:      aggregate_fit: received 40 results and 0 failures
[92mINFO [0m:      fit progress: (88, 2.445672112794302, {'accuracy': 0.1032, 'ece': 0.10645065169572829}, 1468.6752890329808)
[92mINFO [0m:      configure_evaluate: no clients selected, skipping evaluation
[92mINFO [0m:      
[92mINFO [0m:      [ROUND 89]
[92mINFO [0m:      configure_fit: strategy sampled 40 clients (out of 40)
[92mINFO [0m:      aggregate_fit: received 40 results and 0 failures
[92mINFO [0m:      configure_evaluate: no clients selected, skipping evaluation
[92mINFO [0m:      
[92mINFO [0m:      [ROUND 90]
[92mINFO [0m:      configure_fit: strategy sampled 40 clients (out of 40)
[92mINFO [0m:      aggregate_fit: received 40 results and 0 failures
[92mINFO [0m:      fit progress: (90, 2.462911427218446, {'accuracy': 0.1001, 'ece': 0.1257210896861553}, 1500.2339122397825)
[92mINFO [0m:      configure_evaluate: no clients selected, skipping evaluation
[92mINFO [0m:      
[92mINFO [0m:      [ROUND 91]
[92mINFO [0m:      configure_fit: strategy sampled 40 clients (out of 40)
[92mINFO [0m:      aggregate_fit: received 40 results and 0 failures
[92mINFO [0m:      configure_evaluate: no clients selected, skipping evaluation
[92mINFO [0m:      
[92mINFO [0m:      [ROUND 92]
[92mINFO [0m:      configure_fit: strategy sampled 40 clients (out of 40)
[92mINFO [0m:      aggregate_fit: received 40 results and 0 failures
[92mINFO [0m:      fit progress: (92, 2.453763045849895, {'accuracy': 0.1003, 'ece': 0.11659130441457033}, 1532.891312787775)
[92mINFO [0m:      configure_evaluate: no clients selected, skipping evaluation
[92mINFO [0m:      
[92mINFO [0m:      [ROUND 93]
[92mINFO [0m:      configure_fit: strategy sampled 40 clients (out of 40)
[92mINFO [0m:      aggregate_fit: received 40 results and 0 failures
[92mINFO [0m:      configure_evaluate: no clients selected, skipping evaluation
[92mINFO [0m:      
[92mINFO [0m:      [ROUND 94]
[92mINFO [0m:      configure_fit: strategy sampled 40 clients (out of 40)
[92mINFO [0m:      aggregate_fit: received 40 results and 0 failures
[92mINFO [0m:      fit progress: (94, 2.44775451822417, {'accuracy': 0.1, 'ece': 0.11916924178123472}, 1565.6032349797897)
[92mINFO [0m:      configure_evaluate: no clients selected, skipping evaluation
[92mINFO [0m:      
[92mINFO [0m:      [ROUND 95]
[92mINFO [0m:      configure_fit: strategy sampled 40 clients (out of 40)
[92mINFO [0m:      aggregate_fit: received 40 results and 0 failures
[92mINFO [0m:      configure_evaluate: no clients selected, skipping evaluation
[92mINFO [0m:      
[92mINFO [0m:      [ROUND 96]
[92mINFO [0m:      configure_fit: strategy sampled 40 clients (out of 40)
[92mINFO [0m:      aggregate_fit: received 40 results and 0 failures
[92mINFO [0m:      fit progress: (96, 2.4514186620613296, {'accuracy': 0.1, 'ece': 0.12679141822487117}, 1599.1842607967556)
[92mINFO [0m:      configure_evaluate: no clients selected, skipping evaluation
[92mINFO [0m:      
[92mINFO [0m:      [ROUND 97]
[92mINFO [0m:      configure_fit: strategy sampled 40 clients (out of 40)
[92mINFO [0m:      aggregate_fit: received 40 results and 0 failures
[92mINFO [0m:      configure_evaluate: no clients selected, skipping evaluation
[92mINFO [0m:      
[92mINFO [0m:      [ROUND 98]
[92mINFO [0m:      configure_fit: strategy sampled 40 clients (out of 40)
[92mINFO [0m:      aggregate_fit: received 40 results and 0 failures
[92mINFO [0m:      fit progress: (98, 2.4520335384142844, {'accuracy': 0.1003, 'ece': 0.11564879939973355}, 1632.6024609976448)
[92mINFO [0m:      configure_evaluate: no clients selected, skipping evaluation
[92mINFO [0m:      
[92mINFO [0m:      [ROUND 99]
[92mINFO [0m:      configure_fit: strategy sampled 40 clients (out of 40)
[92mINFO [0m:      aggregate_fit: received 40 results and 0 failures
[92mINFO [0m:      configure_evaluate: no clients selected, skipping evaluation
[92mINFO [0m:      
[92mINFO [0m:      [ROUND 100]
[92mINFO [0m:      configure_fit: strategy sampled 40 clients (out of 40)
[92mINFO [0m:      aggregate_fit: received 40 results and 0 failures
[92mINFO [0m:      fit progress: (100, 2.437609762829424, {'accuracy': 0.1, 'ece': 0.12469978859812023}, 1665.5264340420254)
[92mINFO [0m:      configure_evaluate: no clients selected, skipping evaluation
[92mINFO [0m:      
[92mINFO [0m:      [ROUND 101]
[92mINFO [0m:      configure_fit: strategy sampled 40 clients (out of 40)
[92mINFO [0m:      aggregate_fit: received 40 results and 0 failures
[92mINFO [0m:      configure_evaluate: no clients selected, skipping evaluation
[92mINFO [0m:      
[92mINFO [0m:      [ROUND 102]
[92mINFO [0m:      configure_fit: strategy sampled 40 clients (out of 40)
[92mINFO [0m:      aggregate_fit: received 40 results and 0 failures
[92mINFO [0m:      fit progress: (102, 2.4475894798088693, {'accuracy': 0.1002, 'ece': 0.1149567010590434}, 1698.2894240720198)
[92mINFO [0m:      configure_evaluate: no clients selected, skipping evaluation
[92mINFO [0m:      
[92mINFO [0m:      [ROUND 103]
[92mINFO [0m:      configure_fit: strategy sampled 40 clients (out of 40)
[92mINFO [0m:      aggregate_fit: received 40 results and 0 failures
[92mINFO [0m:      configure_evaluate: no clients selected, skipping evaluation
[92mINFO [0m:      
[92mINFO [0m:      [ROUND 104]
[92mINFO [0m:      configure_fit: strategy sampled 40 clients (out of 40)
[92mINFO [0m:      aggregate_fit: received 40 results and 0 failures
[92mINFO [0m:      fit progress: (104, 2.4310802386096797, {'accuracy': 0.1012, 'ece': 0.09755876278460027}, 1730.8863102230243)
[92mINFO [0m:      configure_evaluate: no clients selected, skipping evaluation
[92mINFO [0m:      
[92mINFO [0m:      [ROUND 105]
[92mINFO [0m:      configure_fit: strategy sampled 40 clients (out of 40)
[92mINFO [0m:      aggregate_fit: received 40 results and 0 failures
[92mINFO [0m:      configure_evaluate: no clients selected, skipping evaluation
[92mINFO [0m:      
[92mINFO [0m:      [ROUND 106]
[92mINFO [0m:      configure_fit: strategy sampled 40 clients (out of 40)
[92mINFO [0m:      aggregate_fit: received 40 results and 0 failures
[92mINFO [0m:      fit progress: (106, 2.464542855245597, {'accuracy': 0.1, 'ece': 0.13522586837559938}, 1763.2693251478486)
[92mINFO [0m:      configure_evaluate: no clients selected, skipping evaluation
[92mINFO [0m:      
[92mINFO [0m:      [ROUND 107]
[92mINFO [0m:      configure_fit: strategy sampled 40 clients (out of 40)
[92mINFO [0m:      aggregate_fit: received 40 results and 0 failures
[92mINFO [0m:      configure_evaluate: no clients selected, skipping evaluation
[92mINFO [0m:      
[92mINFO [0m:      [ROUND 108]
[92mINFO [0m:      configure_fit: strategy sampled 40 clients (out of 40)
[92mINFO [0m:      aggregate_fit: received 40 results and 0 failures
[92mINFO [0m:      fit progress: (108, 2.450531974899018, {'accuracy': 0.1002, 'ece': 0.11876225832670927}, 1795.7766169309616)
[92mINFO [0m:      configure_evaluate: no clients selected, skipping evaluation
[92mINFO [0m:      
[92mINFO [0m:      [ROUND 109]
[92mINFO [0m:      configure_fit: strategy sampled 40 clients (out of 40)
[92mINFO [0m:      aggregate_fit: received 40 results and 0 failures
[92mINFO [0m:      configure_evaluate: no clients selected, skipping evaluation
[92mINFO [0m:      
[92mINFO [0m:      [ROUND 110]
[92mINFO [0m:      configure_fit: strategy sampled 40 clients (out of 40)
[92mINFO [0m:      aggregate_fit: received 40 results and 0 failures
[92mINFO [0m:      fit progress: (110, 2.454058623843208, {'accuracy': 0.1001, 'ece': 0.1202636786800623}, 1829.0256309160031)
[92mINFO [0m:      configure_evaluate: no clients selected, skipping evaluation
[92mINFO [0m:      
[92mINFO [0m:      [ROUND 111]
[92mINFO [0m:      configure_fit: strategy sampled 40 clients (out of 40)
[92mINFO [0m:      aggregate_fit: received 40 results and 0 failures
[92mINFO [0m:      configure_evaluate: no clients selected, skipping evaluation
[92mINFO [0m:      
[92mINFO [0m:      [ROUND 112]
[92mINFO [0m:      configure_fit: strategy sampled 40 clients (out of 40)
[92mINFO [0m:      aggregate_fit: received 40 results and 0 failures
[92mINFO [0m:      fit progress: (112, 2.4618681716163207, {'accuracy': 0.1001, 'ece': 0.12365022657603024}, 1861.6384220686741)
[92mINFO [0m:      configure_evaluate: no clients selected, skipping evaluation
[92mINFO [0m:      
[92mINFO [0m:      [ROUND 113]
[92mINFO [0m:      configure_fit: strategy sampled 40 clients (out of 40)
[92mINFO [0m:      aggregate_fit: received 40 results and 0 failures
[92mINFO [0m:      configure_evaluate: no clients selected, skipping evaluation
[92mINFO [0m:      
[92mINFO [0m:      [ROUND 114]
[92mINFO [0m:      configure_fit: strategy sampled 40 clients (out of 40)
[92mINFO [0m:      aggregate_fit: received 40 results and 0 failures
[92mINFO [0m:      fit progress: (114, 2.442653813961444, {'accuracy': 0.1004, 'ece': 0.10759236460447312}, 1893.562494115904)
[92mINFO [0m:      configure_evaluate: no clients selected, skipping evaluation
[92mINFO [0m:      
[92mINFO [0m:      [ROUND 115]
[92mINFO [0m:      configure_fit: strategy sampled 40 clients (out of 40)
[92mINFO [0m:      aggregate_fit: received 40 results and 0 failures
[92mINFO [0m:      configure_evaluate: no clients selected, skipping evaluation
[92mINFO [0m:      
[92mINFO [0m:      [ROUND 116]
[92mINFO [0m:      configure_fit: strategy sampled 40 clients (out of 40)
[92mINFO [0m:      aggregate_fit: received 40 results and 0 failures
[92mINFO [0m:      fit progress: (116, 2.4638305299515926, {'accuracy': 0.1012, 'ece': 0.10997124597877266}, 1927.2192641529255)
[92mINFO [0m:      configure_evaluate: no clients selected, skipping evaluation
[92mINFO [0m:      
[92mINFO [0m:      [ROUND 117]
[92mINFO [0m:      configure_fit: strategy sampled 40 clients (out of 40)
[92mINFO [0m:      aggregate_fit: received 40 results and 0 failures
[92mINFO [0m:      configure_evaluate: no clients selected, skipping evaluation
[92mINFO [0m:      
[92mINFO [0m:      [ROUND 118]
[92mINFO [0m:      configure_fit: strategy sampled 40 clients (out of 40)
[92mINFO [0m:      aggregate_fit: received 40 results and 0 failures
[92mINFO [0m:      fit progress: (118, 2.4554318678612437, {'accuracy': 0.1002, 'ece': 0.11877472048819064}, 1960.5714408778585)
[92mINFO [0m:      configure_evaluate: no clients selected, skipping evaluation
[92mINFO [0m:      
[92mINFO [0m:      [ROUND 119]
[92mINFO [0m:      configure_fit: strategy sampled 40 clients (out of 40)
[92mINFO [0m:      aggregate_fit: received 40 results and 0 failures
[92mINFO [0m:      configure_evaluate: no clients selected, skipping evaluation
[92mINFO [0m:      
[92mINFO [0m:      [ROUND 120]
[92mINFO [0m:      configure_fit: strategy sampled 40 clients (out of 40)
[92mINFO [0m:      aggregate_fit: received 40 results and 0 failures
[92mINFO [0m:      fit progress: (120, 2.456329677473746, {'accuracy': 0.1005, 'ece': 0.11901396113753322}, 1993.3832110129297)
[92mINFO [0m:      configure_evaluate: no clients selected, skipping evaluation
[92mINFO [0m:      
[92mINFO [0m:      [ROUND 121]
[92mINFO [0m:      configure_fit: strategy sampled 40 clients (out of 40)
[92mINFO [0m:      aggregate_fit: received 40 results and 0 failures
[92mINFO [0m:      configure_evaluate: no clients selected, skipping evaluation
[92mINFO [0m:      
[92mINFO [0m:      [ROUND 122]
[92mINFO [0m:      configure_fit: strategy sampled 40 clients (out of 40)
[92mINFO [0m:      aggregate_fit: received 40 results and 0 failures
[92mINFO [0m:      fit progress: (122, 2.465587649783377, {'accuracy': 0.1001, 'ece': 0.13698930004268883}, 2027.987289721612)
[92mINFO [0m:      configure_evaluate: no clients selected, skipping evaluation
[92mINFO [0m:      
[92mINFO [0m:      [ROUND 123]
[92mINFO [0m:      configure_fit: strategy sampled 40 clients (out of 40)
[92mINFO [0m:      aggregate_fit: received 40 results and 0 failures
[92mINFO [0m:      configure_evaluate: no clients selected, skipping evaluation
[92mINFO [0m:      
[92mINFO [0m:      [ROUND 124]
[92mINFO [0m:      configure_fit: strategy sampled 40 clients (out of 40)
[92mINFO [0m:      aggregate_fit: received 40 results and 0 failures
[92mINFO [0m:      fit progress: (124, 2.4523703483321735, {'accuracy': 0.1004, 'ece': 0.11929951549619437}, 2061.14822595194)
[92mINFO [0m:      configure_evaluate: no clients selected, skipping evaluation
[92mINFO [0m:      
[92mINFO [0m:      [ROUND 125]
[92mINFO [0m:      configure_fit: strategy sampled 40 clients (out of 40)
[92mINFO [0m:      aggregate_fit: received 40 results and 0 failures
[92mINFO [0m:      configure_evaluate: no clients selected, skipping evaluation
[92mINFO [0m:      
[92mINFO [0m:      [ROUND 126]
[92mINFO [0m:      configure_fit: strategy sampled 40 clients (out of 40)
[92mINFO [0m:      aggregate_fit: received 40 results and 0 failures
[92mINFO [0m:      fit progress: (126, 2.439523392983727, {'accuracy': 0.1002, 'ece': 0.10958106622725727}, 2093.989409919828)
[92mINFO [0m:      configure_evaluate: no clients selected, skipping evaluation
[92mINFO [0m:      
[92mINFO [0m:      [ROUND 127]
[92mINFO [0m:      configure_fit: strategy sampled 40 clients (out of 40)
[92mINFO [0m:      aggregate_fit: received 40 results and 0 failures
[92mINFO [0m:      configure_evaluate: no clients selected, skipping evaluation
[92mINFO [0m:      
[92mINFO [0m:      [ROUND 128]
[92mINFO [0m:      configure_fit: strategy sampled 40 clients (out of 40)
[92mINFO [0m:      aggregate_fit: received 40 results and 0 failures
[92mINFO [0m:      fit progress: (128, 2.455950036693443, {'accuracy': 0.1004, 'ece': 0.11547817045927049}, 2126.720357462764)
[92mINFO [0m:      configure_evaluate: no clients selected, skipping evaluation
[92mINFO [0m:      
[92mINFO [0m:      [ROUND 129]
[92mINFO [0m:      configure_fit: strategy sampled 40 clients (out of 40)
[92mINFO [0m:      aggregate_fit: received 40 results and 0 failures
[92mINFO [0m:      configure_evaluate: no clients selected, skipping evaluation
[92mINFO [0m:      
[92mINFO [0m:      [ROUND 130]
[92mINFO [0m:      configure_fit: strategy sampled 40 clients (out of 40)
[92mINFO [0m:      aggregate_fit: received 40 results and 0 failures
[92mINFO [0m:      fit progress: (130, 2.4515909123314237, {'accuracy': 0.1013, 'ece': 0.10429693114906549}, 2159.502585954964)
[92mINFO [0m:      configure_evaluate: no clients selected, skipping evaluation
[92mINFO [0m:      
[92mINFO [0m:      [ROUND 131]
[92mINFO [0m:      configure_fit: strategy sampled 40 clients (out of 40)
[92mINFO [0m:      aggregate_fit: received 40 results and 0 failures
[92mINFO [0m:      configure_evaluate: no clients selected, skipping evaluation
[92mINFO [0m:      
[92mINFO [0m:      [ROUND 132]
[92mINFO [0m:      configure_fit: strategy sampled 40 clients (out of 40)
[92mINFO [0m:      aggregate_fit: received 40 results and 0 failures
[92mINFO [0m:      fit progress: (132, 2.4672834172420033, {'accuracy': 0.1001, 'ece': 0.13105126227110625}, 2191.4783670278266)
[92mINFO [0m:      configure_evaluate: no clients selected, skipping evaluation
[92mINFO [0m:      
[92mINFO [0m:      [ROUND 133]
[92mINFO [0m:      configure_fit: strategy sampled 40 clients (out of 40)
[92mINFO [0m:      aggregate_fit: received 40 results and 0 failures
[92mINFO [0m:      configure_evaluate: no clients selected, skipping evaluation
[92mINFO [0m:      
[92mINFO [0m:      [ROUND 134]
[92mINFO [0m:      configure_fit: strategy sampled 40 clients (out of 40)
[92mINFO [0m:      aggregate_fit: received 40 results and 0 failures
[92mINFO [0m:      fit progress: (134, 2.4448814773551564, {'accuracy': 0.1006, 'ece': 0.11064600074768063}, 2224.1554549760185)
[92mINFO [0m:      configure_evaluate: no clients selected, skipping evaluation
[92mINFO [0m:      
[92mINFO [0m:      [ROUND 135]
[92mINFO [0m:      configure_fit: strategy sampled 40 clients (out of 40)
[92mINFO [0m:      aggregate_fit: received 40 results and 0 failures
[92mINFO [0m:      configure_evaluate: no clients selected, skipping evaluation
[92mINFO [0m:      
[92mINFO [0m:      [ROUND 136]
[92mINFO [0m:      configure_fit: strategy sampled 40 clients (out of 40)
[92mINFO [0m:      aggregate_fit: received 40 results and 0 failures
[92mINFO [0m:      fit progress: (136, 2.4590032507779744, {'accuracy': 0.1, 'ece': 0.11921949523419144}, 2256.613312973641)
[92mINFO [0m:      configure_evaluate: no clients selected, skipping evaluation
[92mINFO [0m:      
[92mINFO [0m:      [ROUND 137]
[92mINFO [0m:      configure_fit: strategy sampled 40 clients (out of 40)
[92mINFO [0m:      aggregate_fit: received 40 results and 0 failures
[92mINFO [0m:      configure_evaluate: no clients selected, skipping evaluation
[92mINFO [0m:      
[92mINFO [0m:      [ROUND 138]
[92mINFO [0m:      configure_fit: strategy sampled 40 clients (out of 40)
[92mINFO [0m:      aggregate_fit: received 40 results and 0 failures
[92mINFO [0m:      fit progress: (138, 2.466661827425686, {'accuracy': 0.1004, 'ece': 0.12315992577433589}, 2289.760459942743)
[92mINFO [0m:      configure_evaluate: no clients selected, skipping evaluation
[92mINFO [0m:      
[92mINFO [0m:      [ROUND 139]
[92mINFO [0m:      configure_fit: strategy sampled 40 clients (out of 40)
[92mINFO [0m:      aggregate_fit: received 40 results and 0 failures
[92mINFO [0m:      configure_evaluate: no clients selected, skipping evaluation
[92mINFO [0m:      
[92mINFO [0m:      [ROUND 140]
[92mINFO [0m:      configure_fit: strategy sampled 40 clients (out of 40)
[92mINFO [0m:      aggregate_fit: received 40 results and 0 failures
[92mINFO [0m:      fit progress: (140, 2.4711457632159646, {'accuracy': 0.1001, 'ece': 0.12713459509313108}, 2323.2455465896055)
[92mINFO [0m:      configure_evaluate: no clients selected, skipping evaluation
[92mINFO [0m:      
[92mINFO [0m:      [ROUND 141]
[92mINFO [0m:      configure_fit: strategy sampled 40 clients (out of 40)
[92mINFO [0m:      aggregate_fit: received 40 results and 0 failures
[92mINFO [0m:      configure_evaluate: no clients selected, skipping evaluation
[92mINFO [0m:      
[92mINFO [0m:      [ROUND 142]
[92mINFO [0m:      configure_fit: strategy sampled 40 clients (out of 40)
[92mINFO [0m:      aggregate_fit: received 40 results and 0 failures
[92mINFO [0m:      fit progress: (142, 2.449937889311977, {'accuracy': 0.1, 'ece': 0.12718288538634778}, 2356.4803668837994)
[92mINFO [0m:      configure_evaluate: no clients selected, skipping evaluation
[92mINFO [0m:      
[92mINFO [0m:      [ROUND 143]
[92mINFO [0m:      configure_fit: strategy sampled 40 clients (out of 40)
[92mINFO [0m:      aggregate_fit: received 40 results and 0 failures
[92mINFO [0m:      configure_evaluate: no clients selected, skipping evaluation
[92mINFO [0m:      
[92mINFO [0m:      [ROUND 144]
[92mINFO [0m:      configure_fit: strategy sampled 40 clients (out of 40)
[92mINFO [0m:      aggregate_fit: received 40 results and 0 failures
[92mINFO [0m:      fit progress: (144, 2.4620480075714406, {'accuracy': 0.1, 'ece': 0.12676885853797198}, 2389.077353752684)
[92mINFO [0m:      configure_evaluate: no clients selected, skipping evaluation
[92mINFO [0m:      
[92mINFO [0m:      [ROUND 145]
[92mINFO [0m:      configure_fit: strategy sampled 40 clients (out of 40)
[92mINFO [0m:      aggregate_fit: received 40 results and 0 failures
[92mINFO [0m:      configure_evaluate: no clients selected, skipping evaluation
[92mINFO [0m:      
[92mINFO [0m:      [ROUND 146]
[92mINFO [0m:      configure_fit: strategy sampled 40 clients (out of 40)
[92mINFO [0m:      aggregate_fit: received 40 results and 0 failures
[92mINFO [0m:      fit progress: (146, 2.444393216340384, {'accuracy': 0.1077, 'ece': 0.0980271006336808}, 2422.2493119370192)
[92mINFO [0m:      configure_evaluate: no clients selected, skipping evaluation
[92mINFO [0m:      
[92mINFO [0m:      [ROUND 147]
[92mINFO [0m:      configure_fit: strategy sampled 40 clients (out of 40)
[92mINFO [0m:      aggregate_fit: received 40 results and 0 failures
[92mINFO [0m:      configure_evaluate: no clients selected, skipping evaluation
[92mINFO [0m:      
[92mINFO [0m:      [ROUND 148]
[92mINFO [0m:      configure_fit: strategy sampled 40 clients (out of 40)
[92mINFO [0m:      aggregate_fit: received 40 results and 0 failures
[92mINFO [0m:      fit progress: (148, 2.4411907506669435, {'accuracy': 0.1005, 'ece': 0.10652954572826623}, 2455.6572777768597)
[92mINFO [0m:      configure_evaluate: no clients selected, skipping evaluation
[92mINFO [0m:      
[92mINFO [0m:      [ROUND 149]
[92mINFO [0m:      configure_fit: strategy sampled 40 clients (out of 40)
[92mINFO [0m:      aggregate_fit: received 40 results and 0 failures
[92mINFO [0m:      configure_evaluate: no clients selected, skipping evaluation
[92mINFO [0m:      
[92mINFO [0m:      [ROUND 150]
[92mINFO [0m:      configure_fit: strategy sampled 40 clients (out of 40)
[92mINFO [0m:      aggregate_fit: received 40 results and 0 failures
[92mINFO [0m:      fit progress: (150, 2.4422708990498623, {'accuracy': 0.1012, 'ece': 0.10836534179359675}, 2488.5412090998143)
[92mINFO [0m:      configure_evaluate: no clients selected, skipping evaluation
[92mINFO [0m:      
[92mINFO [0m:      [ROUND 151]
[92mINFO [0m:      configure_fit: strategy sampled 40 clients (out of 40)
[92mINFO [0m:      aggregate_fit: received 40 results and 0 failures
[92mINFO [0m:      configure_evaluate: no clients selected, skipping evaluation
[92mINFO [0m:      
[92mINFO [0m:      [ROUND 152]
[92mINFO [0m:      configure_fit: strategy sampled 40 clients (out of 40)
[92mINFO [0m:      aggregate_fit: received 40 results and 0 failures
[92mINFO [0m:      fit progress: (152, 2.4561034238022685, {'accuracy': 0.1035, 'ece': 0.11413761011123659}, 2521.963330897037)
[92mINFO [0m:      configure_evaluate: no clients selected, skipping evaluation
[92mINFO [0m:      
[92mINFO [0m:      [ROUND 153]
[92mINFO [0m:      configure_fit: strategy sampled 40 clients (out of 40)
[92mINFO [0m:      aggregate_fit: received 40 results and 0 failures
[92mINFO [0m:      configure_evaluate: no clients selected, skipping evaluation
[92mINFO [0m:      
[92mINFO [0m:      [ROUND 154]
[92mINFO [0m:      configure_fit: strategy sampled 40 clients (out of 40)
[92mINFO [0m:      aggregate_fit: received 40 results and 0 failures
[92mINFO [0m:      fit progress: (154, 2.437115352857631, {'accuracy': 0.1042, 'ece': 0.09338721431702378}, 2555.207298720721)
[92mINFO [0m:      configure_evaluate: no clients selected, skipping evaluation
[92mINFO [0m:      
[92mINFO [0m:      [ROUND 155]
[92mINFO [0m:      configure_fit: strategy sampled 40 clients (out of 40)
[92mINFO [0m:      aggregate_fit: received 40 results and 0 failures
[92mINFO [0m:      configure_evaluate: no clients selected, skipping evaluation
[92mINFO [0m:      
[92mINFO [0m:      [ROUND 156]
[92mINFO [0m:      configure_fit: strategy sampled 40 clients (out of 40)
[92mINFO [0m:      aggregate_fit: received 40 results and 0 failures
[92mINFO [0m:      fit progress: (156, 2.4610465696437913, {'accuracy': 0.1002, 'ece': 0.1281661441063881}, 2588.668239319697)
[92mINFO [0m:      configure_evaluate: no clients selected, skipping evaluation
[92mINFO [0m:      
[92mINFO [0m:      [ROUND 157]
[92mINFO [0m:      configure_fit: strategy sampled 40 clients (out of 40)
[92mINFO [0m:      aggregate_fit: received 40 results and 0 failures
[92mINFO [0m:      configure_evaluate: no clients selected, skipping evaluation
[92mINFO [0m:      
[92mINFO [0m:      [ROUND 158]
[92mINFO [0m:      configure_fit: strategy sampled 40 clients (out of 40)
[92mINFO [0m:      aggregate_fit: received 40 results and 0 failures
[92mINFO [0m:      fit progress: (158, 2.468627587575806, {'accuracy': 0.1002, 'ece': 0.1448349219375849}, 2624.031695611775)
[92mINFO [0m:      configure_evaluate: no clients selected, skipping evaluation
[92mINFO [0m:      
[92mINFO [0m:      [ROUND 159]
[92mINFO [0m:      configure_fit: strategy sampled 40 clients (out of 40)
[92mINFO [0m:      aggregate_fit: received 40 results and 0 failures
[92mINFO [0m:      configure_evaluate: no clients selected, skipping evaluation
[92mINFO [0m:      
[92mINFO [0m:      [ROUND 160]
[92mINFO [0m:      configure_fit: strategy sampled 40 clients (out of 40)
[92mINFO [0m:      aggregate_fit: received 40 results and 0 failures
[92mINFO [0m:      fit progress: (160, 2.4499928252185623, {'accuracy': 0.1, 'ece': 0.13348877675279974}, 2658.3846000256017)
[92mINFO [0m:      configure_evaluate: no clients selected, skipping evaluation
[92mINFO [0m:      
[92mINFO [0m:      [SUMMARY]
[92mINFO [0m:      Run finished 160 round(s) in 2658.38s
[92mINFO [0m:      	History (loss, centralized):
[92mINFO [0m:      		round 0: 2.3708087632663397
[92mINFO [0m:      		round 2: 2.3799811231834473
[92mINFO [0m:      		round 4: 2.353519912353389
[92mINFO [0m:      		round 6: 2.358917283693191
[92mINFO [0m:      		round 8: 2.3790054224950907
[92mINFO [0m:      		round 10: 2.365440892765796
[92mINFO [0m:      		round 12: 2.36540311638295
[92mINFO [0m:      		round 14: 2.362286343037601
[92mINFO [0m:      		round 16: 2.3587389282131657
[92mINFO [0m:      		round 18: 2.351611652235701
[92mINFO [0m:      		round 20: 2.3621882765008158
[92mINFO [0m:      		round 22: 2.349886252592241
[92mINFO [0m:      		round 24: 2.3781145418669354
[92mINFO [0m:      		round 26: 2.3706481156708605
[92mINFO [0m:      		round 28: 2.3710591571241415
[92mINFO [0m:      		round 30: 2.3853210835379333
[92mINFO [0m:      		round 32: 2.3793362036748738
[92mINFO [0m:      		round 34: 2.390490934290467
[92mINFO [0m:      		round 36: 2.3994204980768243
[92mINFO [0m:      		round 38: 2.387421612120463
[92mINFO [0m:      		round 40: 2.398126612609085
[92mINFO [0m:      		round 42: 2.3841918195714853
[92mINFO [0m:      		round 44: 2.4044163618052234
[92mINFO [0m:      		round 46: 2.3997521391462957
[92mINFO [0m:      		round 48: 2.4028009736028353
[92mINFO [0m:      		round 50: 2.3981865049566817
[92mINFO [0m:      		round 52: 2.4118727780683233
[92mINFO [0m:      		round 54: 2.408432127301635
[92mINFO [0m:      		round 56: 2.4085376610454836
[92mINFO [0m:      		round 58: 2.430413488755076
[92mINFO [0m:      		round 60: 2.4112364423413695
[92mINFO [0m:      		round 62: 2.4293960593324653
[92mINFO [0m:      		round 64: 2.418536264040469
[92mINFO [0m:      		round 66: 2.4276085924277226
[92mINFO [0m:      		round 68: 2.4214735896106308
[92mINFO [0m:      		round 70: 2.429652340661532
[92mINFO [0m:      		round 72: 2.431300033476033
[92mINFO [0m:      		round 74: 2.439231642193704
[92mINFO [0m:      		round 76: 2.420148800483786
[92mINFO [0m:      		round 78: 2.427448109723367
[92mINFO [0m:      		round 80: 2.431199805245821
[92mINFO [0m:      		round 82: 2.443233580350475
[92mINFO [0m:      		round 84: 2.4412804136533532
[92mINFO [0m:      		round 86: 2.4326312815288995
[92mINFO [0m:      		round 88: 2.445672112794302
[92mINFO [0m:      		round 90: 2.462911427218446
[92mINFO [0m:      		round 92: 2.453763045849895
[92mINFO [0m:      		round 94: 2.44775451822417
[92mINFO [0m:      		round 96: 2.4514186620613296
[92mINFO [0m:      		round 98: 2.4520335384142844
[92mINFO [0m:      		round 100: 2.437609762829424
[92mINFO [0m:      		round 102: 2.4475894798088693
[92mINFO [0m:      		round 104: 2.4310802386096797
[92mINFO [0m:      		round 106: 2.464542855245597
[92mINFO [0m:      		round 108: 2.450531974899018
[92mINFO [0m:      		round 110: 2.454058623843208
[92mINFO [0m:      		round 112: 2.4618681716163207
[92mINFO [0m:      		round 114: 2.442653813961444
[92mINFO [0m:      		round 116: 2.4638305299515926
[92mINFO [0m:      		round 118: 2.4554318678612437
[92mINFO [0m:      		round 120: 2.456329677473746
[92mINFO [0m:      		round 122: 2.465587649783377
[92mINFO [0m:      		round 124: 2.4523703483321735
[92mINFO [0m:      		round 126: 2.439523392983727
[92mINFO [0m:      		round 128: 2.455950036693443
[92mINFO [0m:      		round 130: 2.4515909123314237
[92mINFO [0m:      		round 132: 2.4672834172420033
[92mINFO [0m:      		round 134: 2.4448814773551564
[92mINFO [0m:      		round 136: 2.4590032507779744
[92mINFO [0m:      		round 138: 2.466661827425686
[92mINFO [0m:      		round 140: 2.4711457632159646
[92mINFO [0m:      		round 142: 2.449937889311977
[92mINFO [0m:      		round 144: 2.4620480075714406
[92mINFO [0m:      		round 146: 2.444393216340384
[92mINFO [0m:      		round 148: 2.4411907506669435
[92mINFO [0m:      		round 150: 2.4422708990498623
[92mINFO [0m:      		round 152: 2.4561034238022685
[92mINFO [0m:      		round 154: 2.437115352857631
[92mINFO [0m:      		round 156: 2.4610465696437913
[92mINFO [0m:      		round 158: 2.468627587575806
[92mINFO [0m:      		round 160: 2.4499928252185623
[92mINFO [0m:      	History (metrics, distributed, fit):
[92mINFO [0m:      	{'aircomp_nmse': [(1, 0.016946110259196578),
[92mINFO [0m:      	                  (2, 0.0059454325135996945),
[92mINFO [0m:      	                  (3, 0.01569749438656763),
[92mINFO [0m:      	                  (4, 0.007364722913651546),
[92mINFO [0m:      	                  (5, 0.01037659365783299),
[92mINFO [0m:      	                  (6, 0.00978807957429913),
[92mINFO [0m:      	                  (7, 0.04251445010181624),
[92mINFO [0m:      	                  (8, 0.012434912507055154),
[92mINFO [0m:      	                  (9, 0.003719720958393562),
[92mINFO [0m:      	                  (10, 0.007538313127311578),
[92mINFO [0m:      	                  (11, 0.018461742470373497),
[92mINFO [0m:      	                  (12, 0.015889943738463704),
[92mINFO [0m:      	                  (13, 0.02975566914117859),
[92mINFO [0m:      	                  (14, 0.01498560596830283),
[92mINFO [0m:      	                  (15, 0.017664357909483813),
[92mINFO [0m:      	                  (16, 0.003701003100782956),
[92mINFO [0m:      	                  (17, 0.02729743446189611),
[92mINFO [0m:      	                  (18, 0.02200874861199224),
[92mINFO [0m:      	                  (19, 0.022091315140873036),
[92mINFO [0m:      	                  (20, 0.017038226787801966),
[92mINFO [0m:      	                  (21, 0.02935377186694493),
[92mINFO [0m:      	                  (22, 0.015737343119457348),
[92mINFO [0m:      	                  (23, 0.013077948663592402),
[92mINFO [0m:      	                  (24, 0.01907938693439064),
[92mINFO [0m:      	                  (25, 0.01384353026327069),
[92mINFO [0m:      	                  (26, 0.009221568164953193),
[92mINFO [0m:      	                  (27, 0.009470889926050746),
[92mINFO [0m:      	                  (28, 0.00652520156180219),
[92mINFO [0m:      	                  (29, 0.019642593423784088),
[92mINFO [0m:      	                  (30, 0.004794898196455112),
[92mINFO [0m:      	                  (31, 0.010826086328425124),
[92mINFO [0m:      	                  (32, 0.018137464607211662),
[92mINFO [0m:      	                  (33, 0.017407768972982417),
[92mINFO [0m:      	                  (34, 0.009211096094217984),
[92mINFO [0m:      	                  (35, 0.03614322676215039),
[92mINFO [0m:      	                  (36, 0.02280357062011611),
[92mINFO [0m:      	                  (37, 0.020427411400969715),
[92mINFO [0m:      	                  (38, 0.018764465021398617),
[92mINFO [0m:      	                  (39, 0.005876337457283295),
[92mINFO [0m:      	                  (40, 0.013731253042844864),
[92mINFO [0m:      	                  (41, 0.020257270203438985),
[92mINFO [0m:      	                  (42, 0.025614469811017688),
[92mINFO [0m:      	                  (43, 0.01688805304837912),
[92mINFO [0m:      	                  (44, 0.011915315105083915),
[92mINFO [0m:      	                  (45, 0.0882072133657186),
[92mINFO [0m:      	                  (46, 0.0338195958068077),
[92mINFO [0m:      	                  (47, 0.02687640168096523),
[92mINFO [0m:      	                  (48, 0.009711347096011983),
[92mINFO [0m:      	                  (49, 0.02675611246848417),
[92mINFO [0m:      	                  (50, 0.02301851166752019),
[92mINFO [0m:      	                  (51, 0.018064736553793072),
[92mINFO [0m:      	                  (52, 0.0286226398941854),
[92mINFO [0m:      	                  (53, 0.019451642331880757),
[92mINFO [0m:      	                  (54, 0.022549603402284298),
[92mINFO [0m:      	                  (55, 0.012176681118612752),
[92mINFO [0m:      	                  (56, 0.014217396453081732),
[92mINFO [0m:      	                  (57, 0.033135631187355345),
[92mINFO [0m:      	                  (58, 0.015357779456329023),
[92mINFO [0m:      	                  (59, 0.0683217447852433),
[92mINFO [0m:      	                  (60, 0.016664474016027272),
[92mINFO [0m:      	                  (61, 0.02459673037488993),
[92mINFO [0m:      	                  (62, 0.012393955923926567),
[92mINFO [0m:      	                  (63, 0.021818679708997975),
[92mINFO [0m:      	                  (64, 0.014567710677428227),
[92mINFO [0m:      	                  (65, 0.024949190789141932),
[92mINFO [0m:      	                  (66, 0.009695064929972281),
[92mINFO [0m:      	                  (67, 0.004035122194323301),
[92mINFO [0m:      	                  (68, 0.007144551359201141),
[92mINFO [0m:      	                  (69, 0.01929007824654452),
[92mINFO [0m:      	                  (70, 0.01300020710416759),
[92mINFO [0m:      	                  (71, 0.014365524173211852),
[92mINFO [0m:      	                  (72, 0.019805685171657893),
[92mINFO [0m:      	                  (73, 0.03434747067917639),
[92mINFO [0m:      	                  (74, 0.03714738657433651),
[92mINFO [0m:      	                  (75, 0.07532621310147418),
[92mINFO [0m:      	                  (76, 0.04111872691212015),
[92mINFO [0m:      	                  (77, 0.05946650328419749),
[92mINFO [0m:      	                  (78, 0.03758796110684164),
[92mINFO [0m:      	                  (79, 0.0458440334165473),
[92mINFO [0m:      	                  (80, 0.027345647623523896),
[92mINFO [0m:      	                  (81, 0.018883979733248336),
[92mINFO [0m:      	                  (82, 0.04113466111594389),
[92mINFO [0m:      	                  (83, 0.022369971504650057),
[92mINFO [0m:      	                  (84, 0.03441219372096093),
[92mINFO [0m:      	                  (85, 0.01959342384995249),
[92mINFO [0m:      	                  (86, 0.027647686886513534),
[92mINFO [0m:      	                  (87, 0.03408510292168221),
[92mINFO [0m:      	                  (88, 0.04752745641442103),
[92mINFO [0m:      	                  (89, 0.020313376520100727),
[92mINFO [0m:      	                  (90, 0.019748838268274147),
[92mINFO [0m:      	                  (91, 0.03519032483951873),
[92mINFO [0m:      	                  (92, 0.0303331610099551),
[92mINFO [0m:      	                  (93, 0.04213683520304653),
[92mINFO [0m:      	                  (94, 0.030863696831739642),
[92mINFO [0m:      	                  (95, 0.015207743171337097),
[92mINFO [0m:      	                  (96, 0.015801090819374815),
[92mINFO [0m:      	                  (97, 0.03565578839444838),
[92mINFO [0m:      	                  (98, 0.007349506635348462),
[92mINFO [0m:      	                  (99, 0.02891382225003531),
[92mINFO [0m:      	                  (100, 0.042605592885651834),
[92mINFO [0m:      	                  (101, 0.01996624876083262),
[92mINFO [0m:      	                  (102, 0.015841590062943958),
[92mINFO [0m:      	                  (103, 0.004643556213854069),
[92mINFO [0m:      	                  (104, 0.04313615776383359),
[92mINFO [0m:      	                  (105, 0.07015900621872732),
[92mINFO [0m:      	                  (106, 0.020639844352318866),
[92mINFO [0m:      	                  (107, 0.055942098992981595),
[92mINFO [0m:      	                  (108, 0.036205662018632775),
[92mINFO [0m:      	                  (109, 0.024911179358021816),
[92mINFO [0m:      	                  (110, 0.017996522112924865),
[92mINFO [0m:      	                  (111, 0.018376580450617314),
[92mINFO [0m:      	                  (112, 0.021423689854583372),
[92mINFO [0m:      	                  (113, 0.00865276490027589),
[92mINFO [0m:      	                  (114, 0.03329720684819113),
[92mINFO [0m:      	                  (115, 0.018488413292377142),
[92mINFO [0m:      	                  (116, 0.023686118339289915),
[92mINFO [0m:      	                  (117, 0.0467495911636489),
[92mINFO [0m:      	                  (118, 0.02262376962484195),
[92mINFO [0m:      	                  (119, 0.01898557872998316),
[92mINFO [0m:      	                  (120, 0.017318469038433322),
[92mINFO [0m:      	                  (121, 0.037244859903309),
[92mINFO [0m:      	                  (122, 0.03717499332865788),
[92mINFO [0m:      	                  (123, 0.024059263064588433),
[92mINFO [0m:      	                  (124, 0.026015928293994465),
[92mINFO [0m:      	                  (125, 0.022539721145655),
[92mINFO [0m:      	                  (126, 0.01987167772413239),
[92mINFO [0m:      	                  (127, 0.03294836842256808),
[92mINFO [0m:      	                  (128, 0.022390340649103665),
[92mINFO [0m:      	                  (129, 0.03790568188242363),
[92mINFO [0m:      	                  (130, 0.038068863529730226),
[92mINFO [0m:      	                  (131, 0.015681086039137475),
[92mINFO [0m:      	                  (132, 0.035990038794518626),
[92mINFO [0m:      	                  (133, 0.039464703196198825),
[92mINFO [0m:      	                  (134, 0.036552942506774155),
[92mINFO [0m:      	                  (135, 0.04691340651787223),
[92mINFO [0m:      	                  (136, 0.02141102089330958),
[92mINFO [0m:      	                  (137, 0.017488957789750313),
[92mINFO [0m:      	                  (138, 0.02034601424549981),
[92mINFO [0m:      	                  (139, 0.03335920007793185),
[92mINFO [0m:      	                  (140, 0.04113323369991327),
[92mINFO [0m:      	                  (141, 0.07318755993182123),
[92mINFO [0m:      	                  (142, 0.03439662233412497),
[92mINFO [0m:      	                  (143, 0.03180401780522077),
[92mINFO [0m:      	                  (144, 0.022225508110195014),
[92mINFO [0m:      	                  (145, 0.028005592306542086),
[92mINFO [0m:      	                  (146, 0.02917906222568713),
[92mINFO [0m:      	                  (147, 0.024131301222423827),
[92mINFO [0m:      	                  (148, 0.021016353643034964),
[92mINFO [0m:      	                  (149, 0.02753124192702476),
[92mINFO [0m:      	                  (150, 0.02190212564300709),
[92mINFO [0m:      	                  (151, 0.033458208316337085),
[92mINFO [0m:      	                  (152, 0.04998381701227668),
[92mINFO [0m:      	                  (153, 0.01202873642481634),
[92mINFO [0m:      	                  (154, 0.029067795951106385),
[92mINFO [0m:      	                  (155, 0.011145492081433624),
[92mINFO [0m:      	                  (156, 0.02414694395842412),
[92mINFO [0m:      	                  (157, 0.04881449575171578),
[92mINFO [0m:      	                  (158, 0.056633368295567685),
[92mINFO [0m:      	                  (159, 0.05777168769250479),
[92mINFO [0m:      	                  (160, 0.0640795651740123)],
[92mINFO [0m:      	 'logical_round': [(1, 1.0),
[92mINFO [0m:      	                   (2, 1.0),
[92mINFO [0m:      	                   (3, 2.0),
[92mINFO [0m:      	                   (4, 2.0),
[92mINFO [0m:      	                   (5, 3.0),
[92mINFO [0m:      	                   (6, 3.0),
[92mINFO [0m:      	                   (7, 4.0),
[92mINFO [0m:      	                   (8, 4.0),
[92mINFO [0m:      	                   (9, 5.0),
[92mINFO [0m:      	                   (10, 5.0),
[92mINFO [0m:      	                   (11, 6.0),
[92mINFO [0m:      	                   (12, 6.0),
[92mINFO [0m:      	                   (13, 7.0),
[92mINFO [0m:      	                   (14, 7.0),
[92mINFO [0m:      	                   (15, 8.0),
[92mINFO [0m:      	                   (16, 8.0),
[92mINFO [0m:      	                   (17, 9.0),
[92mINFO [0m:      	                   (18, 9.0),
[92mINFO [0m:      	                   (19, 10.0),
[92mINFO [0m:      	                   (20, 10.0),
[92mINFO [0m:      	                   (21, 11.0),
[92mINFO [0m:      	                   (22, 11.0),
[92mINFO [0m:      	                   (23, 12.0),
[92mINFO [0m:      	                   (24, 12.0),
[92mINFO [0m:      	                   (25, 13.0),
[92mINFO [0m:      	                   (26, 13.0),
[92mINFO [0m:      	                   (27, 14.0),
[92mINFO [0m:      	                   (28, 14.0),
[92mINFO [0m:      	                   (29, 15.0),
[92mINFO [0m:      	                   (30, 15.0),
[92mINFO [0m:      	                   (31, 16.0),
[92mINFO [0m:      	                   (32, 16.0),
[92mINFO [0m:      	                   (33, 17.0),
[92mINFO [0m:      	                   (34, 17.0),
[92mINFO [0m:      	                   (35, 18.0),
[92mINFO [0m:      	                   (36, 18.0),
[92mINFO [0m:      	                   (37, 19.0),
[92mINFO [0m:      	                   (38, 19.0),
[92mINFO [0m:      	                   (39, 20.0),
[92mINFO [0m:      	                   (40, 20.0),
[92mINFO [0m:      	                   (41, 21.0),
[92mINFO [0m:      	                   (42, 21.0),
[92mINFO [0m:      	                   (43, 22.0),
[92mINFO [0m:      	                   (44, 22.0),
[92mINFO [0m:      	                   (45, 23.0),
[92mINFO [0m:      	                   (46, 23.0),
[92mINFO [0m:      	                   (47, 24.0),
[92mINFO [0m:      	                   (48, 24.0),
[92mINFO [0m:      	                   (49, 25.0),
[92mINFO [0m:      	                   (50, 25.0),
[92mINFO [0m:      	                   (51, 26.0),
[92mINFO [0m:      	                   (52, 26.0),
[92mINFO [0m:      	                   (53, 27.0),
[92mINFO [0m:      	                   (54, 27.0),
[92mINFO [0m:      	                   (55, 28.0),
[92mINFO [0m:      	                   (56, 28.0),
[92mINFO [0m:      	                   (57, 29.0),
[92mINFO [0m:      	                   (58, 29.0),
[92mINFO [0m:      	                   (59, 30.0),
[92mINFO [0m:      	                   (60, 30.0),
[92mINFO [0m:      	                   (61, 31.0),
[92mINFO [0m:      	                   (62, 31.0),
[92mINFO [0m:      	                   (63, 32.0),
[92mINFO [0m:      	                   (64, 32.0),
[92mINFO [0m:      	                   (65, 33.0),
[92mINFO [0m:      	                   (66, 33.0),
[92mINFO [0m:      	                   (67, 34.0),
[92mINFO [0m:      	                   (68, 34.0),
[92mINFO [0m:      	                   (69, 35.0),
[92mINFO [0m:      	                   (70, 35.0),
[92mINFO [0m:      	                   (71, 36.0),
[92mINFO [0m:      	                   (72, 36.0),
[92mINFO [0m:      	                   (73, 37.0),
[92mINFO [0m:      	                   (74, 37.0),
[92mINFO [0m:      	                   (75, 38.0),
[92mINFO [0m:      	                   (76, 38.0),
[92mINFO [0m:      	                   (77, 39.0),
[92mINFO [0m:      	                   (78, 39.0),
[92mINFO [0m:      	                   (79, 40.0),
[92mINFO [0m:      	                   (80, 40.0),
[92mINFO [0m:      	                   (81, 41.0),
[92mINFO [0m:      	                   (82, 41.0),
[92mINFO [0m:      	                   (83, 42.0),
[92mINFO [0m:      	                   (84, 42.0),
[92mINFO [0m:      	                   (85, 43.0),
[92mINFO [0m:      	                   (86, 43.0),
[92mINFO [0m:      	                   (87, 44.0),
[92mINFO [0m:      	                   (88, 44.0),
[92mINFO [0m:      	                   (89, 45.0),
[92mINFO [0m:      	                   (90, 45.0),
[92mINFO [0m:      	                   (91, 46.0),
[92mINFO [0m:      	                   (92, 46.0),
[92mINFO [0m:      	                   (93, 47.0),
[92mINFO [0m:      	                   (94, 47.0),
[92mINFO [0m:      	                   (95, 48.0),
[92mINFO [0m:      	                   (96, 48.0),
[92mINFO [0m:      	                   (97, 49.0),
[92mINFO [0m:      	                   (98, 49.0),
[92mINFO [0m:      	                   (99, 50.0),
[92mINFO [0m:      	                   (100, 50.0),
[92mINFO [0m:      	                   (101, 51.0),
[92mINFO [0m:      	                   (102, 51.0),
[92mINFO [0m:      	                   (103, 52.0),
[92mINFO [0m:      	                   (104, 52.0),
[92mINFO [0m:      	                   (105, 53.0),
[92mINFO [0m:      	                   (106, 53.0),
[92mINFO [0m:      	                   (107, 54.0),
[92mINFO [0m:      	                   (108, 54.0),
[92mINFO [0m:      	                   (109, 55.0),
[92mINFO [0m:      	                   (110, 55.0),
[92mINFO [0m:      	                   (111, 56.0),
[92mINFO [0m:      	                   (112, 56.0),
[92mINFO [0m:      	                   (113, 57.0),
[92mINFO [0m:      	                   (114, 57.0),
[92mINFO [0m:      	                   (115, 58.0),
[92mINFO [0m:      	                   (116, 58.0),
[92mINFO [0m:      	                   (117, 59.0),
[92mINFO [0m:      	                   (118, 59.0),
[92mINFO [0m:      	                   (119, 60.0),
[92mINFO [0m:      	                   (120, 60.0),
[92mINFO [0m:      	                   (121, 61.0),
[92mINFO [0m:      	                   (122, 61.0),
[92mINFO [0m:      	                   (123, 62.0),
[92mINFO [0m:      	                   (124, 62.0),
[92mINFO [0m:      	                   (125, 63.0),
[92mINFO [0m:      	                   (126, 63.0),
[92mINFO [0m:      	                   (127, 64.0),
[92mINFO [0m:      	                   (128, 64.0),
[92mINFO [0m:      	                   (129, 65.0),
[92mINFO [0m:      	                   (130, 65.0),
[92mINFO [0m:      	                   (131, 66.0),
[92mINFO [0m:      	                   (132, 66.0),
[92mINFO [0m:      	                   (133, 67.0),
[92mINFO [0m:      	                   (134, 67.0),
[92mINFO [0m:      	                   (135, 68.0),
[92mINFO [0m:      	                   (136, 68.0),
[92mINFO [0m:      	                   (137, 69.0),
[92mINFO [0m:      	                   (138, 69.0),
[92mINFO [0m:      	                   (139, 70.0),
[92mINFO [0m:      	                   (140, 70.0),
[92mINFO [0m:      	                   (141, 71.0),
[92mINFO [0m:      	                   (142, 71.0),
[92mINFO [0m:      	                   (143, 72.0),
[92mINFO [0m:      	                   (144, 72.0),
[92mINFO [0m:      	                   (145, 73.0),
[92mINFO [0m:      	                   (146, 73.0),
[92mINFO [0m:      	                   (147, 74.0),
[92mINFO [0m:      	                   (148, 74.0),
[92mINFO [0m:      	                   (149, 75.0),
[92mINFO [0m:      	                   (150, 75.0),
[92mINFO [0m:      	                   (151, 76.0),
[92mINFO [0m:      	                   (152, 76.0),
[92mINFO [0m:      	                   (153, 77.0),
[92mINFO [0m:      	                   (154, 77.0),
[92mINFO [0m:      	                   (155, 78.0),
[92mINFO [0m:      	                   (156, 78.0),
[92mINFO [0m:      	                   (157, 79.0),
[92mINFO [0m:      	                   (158, 79.0),
[92mINFO [0m:      	                   (159, 80.0),
[92mINFO [0m:      	                   (160, 80.0)],
[92mINFO [0m:      	 'phase_train_loss': [(1, 2.3577120252203723),
[92mINFO [0m:      	                      (2, 2.3693359658288804),
[92mINFO [0m:      	                      (3, 2.3560782047399793),
[92mINFO [0m:      	                      (4, 2.353228331339808),
[92mINFO [0m:      	                      (5, 2.329736817089248),
[92mINFO [0m:      	                      (6, 2.3439889902015913),
[92mINFO [0m:      	                      (7, 2.3145168397579408),
[92mINFO [0m:      	                      (8, 2.299080706855409),
[92mINFO [0m:      	                      (9, 2.2850802676723787),
[92mINFO [0m:      	                      (10, 2.3028638756287307),
[92mINFO [0m:      	                      (11, 2.2718658497714315),
[92mINFO [0m:      	                      (12, 2.2785668731099595),
[92mINFO [0m:      	                      (13, 2.2640687509810324),
[92mINFO [0m:      	                      (14, 2.258005937748983),
[92mINFO [0m:      	                      (15, 2.257840652310594),
[92mINFO [0m:      	                      (16, 2.272213891806462),
[92mINFO [0m:      	                      (17, 2.2505193207780563),
[92mINFO [0m:      	                      (18, 2.2561996099058748),
[92mINFO [0m:      	                      (19, 2.217819434677233),
[92mINFO [0m:      	                      (20, 2.2443757671305753),
[92mINFO [0m:      	                      (21, 2.2236540676982335),
[92mINFO [0m:      	                      (22, 2.242899604246308),
[92mINFO [0m:      	                      (23, 2.2381230203933176),
[92mINFO [0m:      	                      (24, 2.2246245662654287),
[92mINFO [0m:      	                      (25, 2.214115042701015),
[92mINFO [0m:      	                      (26, 2.223519863311054),
[92mINFO [0m:      	                      (27, 2.202861490181722),
[92mINFO [0m:      	                      (28, 2.2129834738776983),
[92mINFO [0m:      	                      (29, 2.2080627305582845),
[92mINFO [0m:      	                      (30, 2.2070447671449798),
[92mINFO [0m:      	                      (31, 2.188253615370602),
[92mINFO [0m:      	                      (32, 2.2019379228686993),
[92mINFO [0m:      	                      (33, 2.216521591233092),
[92mINFO [0m:      	                      (34, 2.202294555539881),
[92mINFO [0m:      	                      (35, 2.1801562490686397),
[92mINFO [0m:      	                      (36, 2.195860479903973),
[92mINFO [0m:      	                      (37, 2.1827280108586695),
[92mINFO [0m:      	                      (38, 2.2038586792116366),
[92mINFO [0m:      	                      (39, 2.2087051484737614),
[92mINFO [0m:      	                      (40, 2.1879717806469743),
[92mINFO [0m:      	                      (41, 2.184261564175207),
[92mINFO [0m:      	                      (42, 2.167160819627018),
[92mINFO [0m:      	                      (43, 2.192527438810859),
[92mINFO [0m:      	                      (44, 2.1813401541413997),
[92mINFO [0m:      	                      (45, 2.189205502639103),
[92mINFO [0m:      	                      (46, 2.1917934118913123),
[92mINFO [0m:      	                      (47, 2.192292732867438),
[92mINFO [0m:      	                      (48, 2.192062654233294),
[92mINFO [0m:      	                      (49, 2.1846458535955984),
[92mINFO [0m:      	                      (50, 2.1799156701213107),
[92mINFO [0m:      	                      (51, 2.1813889822664),
[92mINFO [0m:      	                      (52, 2.1925800637820485),
[92mINFO [0m:      	                      (53, 2.1689070397936803),
[92mINFO [0m:      	                      (54, 2.1766871788979545),
[92mINFO [0m:      	                      (55, 2.163837742150618),
[92mINFO [0m:      	                      (56, 2.1777709945414827),
[92mINFO [0m:      	                      (57, 2.183111610296178),
[92mINFO [0m:      	                      (58, 2.2004966821214555),
[92mINFO [0m:      	                      (59, 2.1681449137287),
[92mINFO [0m:      	                      (60, 2.1749351066829963),
[92mINFO [0m:      	                      (61, 2.1736119725333105),
[92mINFO [0m:      	                      (62, 2.172168082065524),
[92mINFO [0m:      	                      (63, 2.1793315786553786),
[92mINFO [0m:      	                      (64, 2.1756547953080787),
[92mINFO [0m:      	                      (65, 2.185989386868016),
[92mINFO [0m:      	                      (66, 2.1845414205339653),
[92mINFO [0m:      	                      (67, 2.174878760150587),
[92mINFO [0m:      	                      (68, 2.152419057479346),
[92mINFO [0m:      	                      (69, 2.1746526366939145),
[92mINFO [0m:      	                      (70, 2.1681971576182306),
[92mINFO [0m:      	                      (71, 2.1824949134523974),
[92mINFO [0m:      	                      (72, 2.1658818490386373),
[92mINFO [0m:      	                      (73, 2.169663016551145),
[92mINFO [0m:      	                      (74, 2.1614006741000824),
[92mINFO [0m:      	                      (75, 2.1655286810284107),
[92mINFO [0m:      	                      (76, 2.1692795870869226),
[92mINFO [0m:      	                      (77, 2.1733428132376376),
[92mINFO [0m:      	                      (78, 2.177641143488374),
[92mINFO [0m:      	                      (79, 2.1680467483349757),
[92mINFO [0m:      	                      (80, 2.169406500473877),
[92mINFO [0m:      	                      (81, 2.1763578129687846),
[92mINFO [0m:      	                      (82, 2.167676786343176),
[92mINFO [0m:      	                      (83, 2.170337448042504),
[92mINFO [0m:      	                      (84, 2.166637453251913),
[92mINFO [0m:      	                      (85, 2.1644481915059677),
[92mINFO [0m:      	                      (86, 2.168153037520415),
[92mINFO [0m:      	                      (87, 2.1586483284997793),
[92mINFO [0m:      	                      (88, 2.1743052865821006),
[92mINFO [0m:      	                      (89, 2.173140758852022),
[92mINFO [0m:      	                      (90, 2.15215924283374),
[92mINFO [0m:      	                      (91, 2.160530697268605),
[92mINFO [0m:      	                      (92, 2.162077999017973),
[92mINFO [0m:      	                      (93, 2.1825920423195297),
[92mINFO [0m:      	                      (94, 2.1632496272074486),
[92mINFO [0m:      	                      (95, 2.167295846715948),
[92mINFO [0m:      	                      (96, 2.1699436998803883),
[92mINFO [0m:      	                      (97, 2.1669219477858213),
[92mINFO [0m:      	                      (98, 2.165474106021233),
[92mINFO [0m:      	                      (99, 2.159112094013761),
[92mINFO [0m:      	                      (100, 2.164718088516748),
[92mINFO [0m:      	                      (101, 2.171974447954707),
[92mINFO [0m:      	                      (102, 2.1705177470116985),
[92mINFO [0m:      	                      (103, 2.153493098106656),
[92mINFO [0m:      	                      (104, 2.162815960547446),
[92mINFO [0m:      	                      (105, 2.1625608628545625),
[92mINFO [0m:      	                      (106, 2.167329999704448),
[92mINFO [0m:      	                      (107, 2.1554240377121516),
[92mINFO [0m:      	                      (108, 2.1687773924756755),
[92mINFO [0m:      	                      (109, 2.1490464646115313),
[92mINFO [0m:      	                      (110, 2.170542364421235),
[92mINFO [0m:      	                      (111, 2.1742717350972387),
[92mINFO [0m:      	                      (112, 2.1563840472201),
[92mINFO [0m:      	                      (113, 2.1588475837591097),
[92mINFO [0m:      	                      (114, 2.1621811611606288),
[92mINFO [0m:      	                      (115, 2.172088523701758),
[92mINFO [0m:      	                      (116, 2.1554461128956666),
[92mINFO [0m:      	                      (117, 2.164878695421035),
[92mINFO [0m:      	                      (118, 2.1574459910271493),
[92mINFO [0m:      	                      (119, 2.1756677373379687),
[92mINFO [0m:      	                      (120, 2.1653119255058164),
[92mINFO [0m:      	                      (121, 2.1493148097429247),
[92mINFO [0m:      	                      (122, 2.159957590035238),
[92mINFO [0m:      	                      (123, 2.167874596441507),
[92mINFO [0m:      	                      (124, 2.1590923177383443),
[92mINFO [0m:      	                      (125, 2.1602622225228783),
[92mINFO [0m:      	                      (126, 2.145371922738433),
[92mINFO [0m:      	                      (127, 2.160424980093722),
[92mINFO [0m:      	                      (128, 2.169552944489922),
[92mINFO [0m:      	                      (129, 2.1532275645196868),
[92mINFO [0m:      	                      (130, 2.152168372494764),
[92mINFO [0m:      	                      (131, 2.16322354523357),
[92mINFO [0m:      	                      (132, 2.1532548642473808),
[92mINFO [0m:      	                      (133, 2.1641717773002864),
[92mINFO [0m:      	                      (134, 2.146694432100469),
[92mINFO [0m:      	                      (135, 2.162299411342927),
[92mINFO [0m:      	                      (136, 2.1663456246423576),
[92mINFO [0m:      	                      (137, 2.14163599256824),
[92mINFO [0m:      	                      (138, 2.160170268527368),
[92mINFO [0m:      	                      (139, 2.166262306686821),
[92mINFO [0m:      	                      (140, 2.1510204458770286),
[92mINFO [0m:      	                      (141, 2.1539271734010645),
[92mINFO [0m:      	                      (142, 2.1362087443789295),
[92mINFO [0m:      	                      (143, 2.160009788909012),
[92mINFO [0m:      	                      (144, 2.155297845741497),
[92mINFO [0m:      	                      (145, 2.1482861706102128),
[92mINFO [0m:      	                      (146, 2.1619585260369885),
[92mINFO [0m:      	                      (147, 2.1560464624228337),
[92mINFO [0m:      	                      (148, 2.1652284806524147),
[92mINFO [0m:      	                      (149, 2.146410742417235),
[92mINFO [0m:      	                      (150, 2.145567953550197),
[92mINFO [0m:      	                      (151, 2.142966560138691),
[92mINFO [0m:      	                      (152, 2.169954245597397),
[92mINFO [0m:      	                      (153, 2.156105218850463),
[92mINFO [0m:      	                      (154, 2.1608215638604076),
[92mINFO [0m:      	                      (155, 2.1533435546005735),
[92mINFO [0m:      	                      (156, 2.1543803796156986),
[92mINFO [0m:      	                      (157, 2.147700344485403),
[92mINFO [0m:      	                      (158, 2.164457213672472),
[92mINFO [0m:      	                      (159, 2.159921736537743),
[92mINFO [0m:      	                      (160, 2.1620617844202266)],
[92mINFO [0m:      	 'physical_round': [(1, 1.0),
[92mINFO [0m:      	                    (2, 2.0),
[92mINFO [0m:      	                    (3, 3.0),
[92mINFO [0m:      	                    (4, 4.0),
[92mINFO [0m:      	                    (5, 5.0),
[92mINFO [0m:      	                    (6, 6.0),
[92mINFO [0m:      	                    (7, 7.0),
[92mINFO [0m:      	                    (8, 8.0),
[92mINFO [0m:      	                    (9, 9.0),
[92mINFO [0m:      	                    (10, 10.0),
[92mINFO [0m:      	                    (11, 11.0),
[92mINFO [0m:      	                    (12, 12.0),
[92mINFO [0m:      	                    (13, 13.0),
[92mINFO [0m:      	                    (14, 14.0),
[92mINFO [0m:      	                    (15, 15.0),
[92mINFO [0m:      	                    (16, 16.0),
[92mINFO [0m:      	                    (17, 17.0),
[92mINFO [0m:      	                    (18, 18.0),
[92mINFO [0m:      	                    (19, 19.0),
[92mINFO [0m:      	                    (20, 20.0),
[92mINFO [0m:      	                    (21, 21.0),
[92mINFO [0m:      	                    (22, 22.0),
[92mINFO [0m:      	                    (23, 23.0),
[92mINFO [0m:      	                    (24, 24.0),
[92mINFO [0m:      	                    (25, 25.0),
[92mINFO [0m:      	                    (26, 26.0),
[92mINFO [0m:      	                    (27, 27.0),
[92mINFO [0m:      	                    (28, 28.0),
[92mINFO [0m:      	                    (29, 29.0),
[92mINFO [0m:      	                    (30, 30.0),
[92mINFO [0m:      	                    (31, 31.0),
[92mINFO [0m:      	                    (32, 32.0),
[92mINFO [0m:      	                    (33, 33.0),
[92mINFO [0m:      	                    (34, 34.0),
[92mINFO [0m:      	                    (35, 35.0),
[92mINFO [0m:      	                    (36, 36.0),
[92mINFO [0m:      	                    (37, 37.0),
[92mINFO [0m:      	                    (38, 38.0),
[92mINFO [0m:      	                    (39, 39.0),
[92mINFO [0m:      	                    (40, 40.0),
[92mINFO [0m:      	                    (41, 41.0),
[92mINFO [0m:      	                    (42, 42.0),
[92mINFO [0m:      	                    (43, 43.0),
[92mINFO [0m:      	                    (44, 44.0),
[92mINFO [0m:      	                    (45, 45.0),
[92mINFO [0m:      	                    (46, 46.0),
[92mINFO [0m:      	                    (47, 47.0),
[92mINFO [0m:      	                    (48, 48.0),
[92mINFO [0m:      	                    (49, 49.0),
[92mINFO [0m:      	                    (50, 50.0),
[92mINFO [0m:      	                    (51, 51.0),
[92mINFO [0m:      	                    (52, 52.0),
[92mINFO [0m:      	                    (53, 53.0),
[92mINFO [0m:      	                    (54, 54.0),
[92mINFO [0m:      	                    (55, 55.0),
[92mINFO [0m:      	                    (56, 56.0),
[92mINFO [0m:      	                    (57, 57.0),
[92mINFO [0m:      	                    (58, 58.0),
[92mINFO [0m:      	                    (59, 59.0),
[92mINFO [0m:      	                    (60, 60.0),
[92mINFO [0m:      	                    (61, 61.0),
[92mINFO [0m:      	                    (62, 62.0),
[92mINFO [0m:      	                    (63, 63.0),
[92mINFO [0m:      	                    (64, 64.0),
[92mINFO [0m:      	                    (65, 65.0),
[92mINFO [0m:      	                    (66, 66.0),
[92mINFO [0m:      	                    (67, 67.0),
[92mINFO [0m:      	                    (68, 68.0),
[92mINFO [0m:      	                    (69, 69.0),
[92mINFO [0m:      	                    (70, 70.0),
[92mINFO [0m:      	                    (71, 71.0),
[92mINFO [0m:      	                    (72, 72.0),
[92mINFO [0m:      	                    (73, 73.0),
[92mINFO [0m:      	                    (74, 74.0),
[92mINFO [0m:      	                    (75, 75.0),
[92mINFO [0m:      	                    (76, 76.0),
[92mINFO [0m:      	                    (77, 77.0),
[92mINFO [0m:      	                    (78, 78.0),
[92mINFO [0m:      	                    (79, 79.0),
[92mINFO [0m:      	                    (80, 80.0),
[92mINFO [0m:      	                    (81, 81.0),
[92mINFO [0m:      	                    (82, 82.0),
[92mINFO [0m:      	                    (83, 83.0),
[92mINFO [0m:      	                    (84, 84.0),
[92mINFO [0m:      	                    (85, 85.0),
[92mINFO [0m:      	                    (86, 86.0),
[92mINFO [0m:      	                    (87, 87.0),
[92mINFO [0m:      	                    (88, 88.0),
[92mINFO [0m:      	                    (89, 89.0),
[92mINFO [0m:      	                    (90, 90.0),
[92mINFO [0m:      	                    (91, 91.0),
[92mINFO [0m:      	                    (92, 92.0),
[92mINFO [0m:      	                    (93, 93.0),
[92mINFO [0m:      	                    (94, 94.0),
[92mINFO [0m:      	                    (95, 95.0),
[92mINFO [0m:      	                    (96, 96.0),
[92mINFO [0m:      	                    (97, 97.0),
[92mINFO [0m:      	                    (98, 98.0),
[92mINFO [0m:      	                    (99, 99.0),
[92mINFO [0m:      	                    (100, 100.0),
[92mINFO [0m:      	                    (101, 101.0),
[92mINFO [0m:      	                    (102, 102.0),
[92mINFO [0m:      	                    (103, 103.0),
[92mINFO [0m:      	                    (104, 104.0),
[92mINFO [0m:      	                    (105, 105.0),
[92mINFO [0m:      	                    (106, 106.0),
[92mINFO [0m:      	                    (107, 107.0),
[92mINFO [0m:      	                    (108, 108.0),
[92mINFO [0m:      	                    (109, 109.0),
[92mINFO [0m:      	                    (110, 110.0),
[92mINFO [0m:      	                    (111, 111.0),
[92mINFO [0m:      	                    (112, 112.0),
[92mINFO [0m:      	                    (113, 113.0),
[92mINFO [0m:      	                    (114, 114.0),
[92mINFO [0m:      	                    (115, 115.0),
[92mINFO [0m:      	                    (116, 116.0),
[92mINFO [0m:      	                    (117, 117.0),
[92mINFO [0m:      	                    (118, 118.0),
[92mINFO [0m:      	                    (119, 119.0),
[92mINFO [0m:      	                    (120, 120.0),
[92mINFO [0m:      	                    (121, 121.0),
[92mINFO [0m:      	                    (122, 122.0),
[92mINFO [0m:      	                    (123, 123.0),
[92mINFO [0m:      	                    (124, 124.0),
[92mINFO [0m:      	                    (125, 125.0),
[92mINFO [0m:      	                    (126, 126.0),
[92mINFO [0m:      	                    (127, 127.0),
[92mINFO [0m:      	                    (128, 128.0),
[92mINFO [0m:      	                    (129, 129.0),
[92mINFO [0m:      	                    (130, 130.0),
[92mINFO [0m:      	                    (131, 131.0),
[92mINFO [0m:      	                    (132, 132.0),
[92mINFO [0m:      	                    (133, 133.0),
[92mINFO [0m:      	                    (134, 134.0),
[92mINFO [0m:      	                    (135, 135.0),
[92mINFO [0m:      	                    (136, 136.0),
[92mINFO [0m:      	                    (137, 137.0),
[92mINFO [0m:      	                    (138, 138.0),
[92mINFO [0m:      	                    (139, 139.0),
[92mINFO [0m:      	                    (140, 140.0),
[92mINFO [0m:      	                    (141, 141.0),
[92mINFO [0m:      	                    (142, 142.0),
[92mINFO [0m:      	                    (143, 143.0),
[92mINFO [0m:      	                    (144, 144.0),
[92mINFO [0m:      	                    (145, 145.0),
[92mINFO [0m:      	                    (146, 146.0),
[92mINFO [0m:      	                    (147, 147.0),
[92mINFO [0m:      	                    (148, 148.0),
[92mINFO [0m:      	                    (149, 149.0),
[92mINFO [0m:      	                    (150, 150.0),
[92mINFO [0m:      	                    (151, 151.0),
[92mINFO [0m:      	                    (152, 152.0),
[92mINFO [0m:      	                    (153, 153.0),
[92mINFO [0m:      	                    (154, 154.0),
[92mINFO [0m:      	                    (155, 155.0),
[92mINFO [0m:      	                    (156, 156.0),
[92mINFO [0m:      	                    (157, 157.0),
[92mINFO [0m:      	                    (158, 158.0),
[92mINFO [0m:      	                    (159, 159.0),
[92mINFO [0m:      	                    (160, 160.0)],
[92mINFO [0m:      	 'train_loss': [(1, 2.3577120252203723),
[92mINFO [0m:      	                (2, 4.727047991049252),
[92mINFO [0m:      	                (3, 2.3560782047399793),
[92mINFO [0m:      	                (4, 4.709306536079787),
[92mINFO [0m:      	                (5, 2.329736817089248),
[92mINFO [0m:      	                (6, 4.67372580729084),
[92mINFO [0m:      	                (7, 2.3145168397579408),
[92mINFO [0m:      	                (8, 4.61359754661335),
[92mINFO [0m:      	                (9, 2.2850802676723787),
[92mINFO [0m:      	                (10, 4.58794414330111),
[92mINFO [0m:      	                (11, 2.2718658497714315),
[92mINFO [0m:      	                (12, 4.550432722881391),
[92mINFO [0m:      	                (13, 2.2640687509810324),
[92mINFO [0m:      	                (14, 4.522074688730015),
[92mINFO [0m:      	                (15, 2.257840652310594),
[92mINFO [0m:      	                (16, 4.530054544117055),
[92mINFO [0m:      	                (17, 2.2505193207780563),
[92mINFO [0m:      	                (18, 4.506718930683931),
[92mINFO [0m:      	                (19, 2.217819434677233),
[92mINFO [0m:      	                (20, 4.462195201807808),
[92mINFO [0m:      	                (21, 2.2236540676982335),
[92mINFO [0m:      	                (22, 4.466553671944542),
[92mINFO [0m:      	                (23, 2.2381230203933176),
[92mINFO [0m:      	                (24, 4.462747586658747),
[92mINFO [0m:      	                (25, 2.214115042701015),
[92mINFO [0m:      	                (26, 4.437634906012068),
[92mINFO [0m:      	                (27, 2.202861490181722),
[92mINFO [0m:      	                (28, 4.415844964059421),
[92mINFO [0m:      	                (29, 2.2080627305582845),
[92mINFO [0m:      	                (30, 4.415107497703264),
[92mINFO [0m:      	                (31, 2.188253615370602),
[92mINFO [0m:      	                (32, 4.390191538239302),
[92mINFO [0m:      	                (33, 2.216521591233092),
[92mINFO [0m:      	                (34, 4.418816146772973),
[92mINFO [0m:      	                (35, 2.1801562490686397),
[92mINFO [0m:      	                (36, 4.376016728972613),
[92mINFO [0m:      	                (37, 2.1827280108586695),
[92mINFO [0m:      	                (38, 4.386586690070306),
[92mINFO [0m:      	                (39, 2.2087051484737614),
[92mINFO [0m:      	                (40, 4.396676929120735),
[92mINFO [0m:      	                (41, 2.184261564175207),
[92mINFO [0m:      	                (42, 4.351422383802225),
[92mINFO [0m:      	                (43, 2.192527438810859),
[92mINFO [0m:      	                (44, 4.373867592952259),
[92mINFO [0m:      	                (45, 2.189205502639103),
[92mINFO [0m:      	                (46, 4.380998914530416),
[92mINFO [0m:      	                (47, 2.192292732867438),
[92mINFO [0m:      	                (48, 4.384355387100732),
[92mINFO [0m:      	                (49, 2.1846458535955984),
[92mINFO [0m:      	                (50, 4.364561523716909),
[92mINFO [0m:      	                (51, 2.1813889822664),
[92mINFO [0m:      	                (52, 4.373969046048448),
[92mINFO [0m:      	                (53, 2.1689070397936803),
[92mINFO [0m:      	                (54, 4.345594218691635),
[92mINFO [0m:      	                (55, 2.163837742150618),
[92mINFO [0m:      	                (56, 4.3416087366921),
[92mINFO [0m:      	                (57, 2.183111610296178),
[92mINFO [0m:      	                (58, 4.383608292417634),
[92mINFO [0m:      	                (59, 2.1681449137287),
[92mINFO [0m:      	                (60, 4.343080020411696),
[92mINFO [0m:      	                (61, 2.1736119725333105),
[92mINFO [0m:      	                (62, 4.345780054598834),
[92mINFO [0m:      	                (63, 2.1793315786553786),
[92mINFO [0m:      	                (64, 4.354986373963458),
[92mINFO [0m:      	                (65, 2.185989386868016),
[92mINFO [0m:      	                (66, 4.370530807401981),
[92mINFO [0m:      	                (67, 2.174878760150587),
[92mINFO [0m:      	                (68, 4.327297817629933),
[92mINFO [0m:      	                (69, 2.1746526366939145),
[92mINFO [0m:      	                (70, 4.342849794312145),
[92mINFO [0m:      	                (71, 2.1824949134523974),
[92mINFO [0m:      	                (72, 4.348376762491035),
[92mINFO [0m:      	                (73, 2.169663016551145),
[92mINFO [0m:      	                (74, 4.331063690651227),
[92mINFO [0m:      	                (75, 2.1655286810284107),
[92mINFO [0m:      	                (76, 4.334808268115333),
[92mINFO [0m:      	                (77, 2.1733428132376376),
[92mINFO [0m:      	                (78, 4.350983956726012),
[92mINFO [0m:      	                (79, 2.1680467483349757),
[92mINFO [0m:      	                (80, 4.337453248808853),
[92mINFO [0m:      	                (81, 2.1763578129687846),
[92mINFO [0m:      	                (82, 4.344034599311961),
[92mINFO [0m:      	                (83, 2.170337448042504),
[92mINFO [0m:      	                (84, 4.3369749012944165),
[92mINFO [0m:      	                (85, 2.1644481915059677),
[92mINFO [0m:      	                (86, 4.332601229026382),
[92mINFO [0m:      	                (87, 2.1586483284997793),
[92mINFO [0m:      	                (88, 4.33295361508188),
[92mINFO [0m:      	                (89, 2.173140758852022),
[92mINFO [0m:      	                (90, 4.325300001685762),
[92mINFO [0m:      	                (91, 2.160530697268605),
[92mINFO [0m:      	                (92, 4.3226086962865775),
[92mINFO [0m:      	                (93, 2.1825920423195297),
[92mINFO [0m:      	                (94, 4.345841669526978),
[92mINFO [0m:      	                (95, 2.167295846715948),
[92mINFO [0m:      	                (96, 4.3372395465963365),
[92mINFO [0m:      	                (97, 2.1669219477858213),
[92mINFO [0m:      	                (98, 4.332396053807054),
[92mINFO [0m:      	                (99, 2.159112094013761),
[92mINFO [0m:      	                (100, 4.323830182530509),
[92mINFO [0m:      	                (101, 2.171974447954707),
[92mINFO [0m:      	                (102, 4.342492194966406),
[92mINFO [0m:      	                (103, 2.153493098106656),
[92mINFO [0m:      	                (104, 4.316309058654102),
[92mINFO [0m:      	                (105, 2.1625608628545625),
[92mINFO [0m:      	                (106, 4.329890862559011),
[92mINFO [0m:      	                (107, 2.1554240377121516),
[92mINFO [0m:      	                (108, 4.324201430187827),
[92mINFO [0m:      	                (109, 2.1490464646115313),
[92mINFO [0m:      	                (110, 4.319588829032766),
[92mINFO [0m:      	                (111, 2.1742717350972387),
[92mINFO [0m:      	                (112, 4.330655782317338),
[92mINFO [0m:      	                (113, 2.1588475837591097),
[92mINFO [0m:      	                (114, 4.321028744919738),
[92mINFO [0m:      	                (115, 2.172088523701758),
[92mINFO [0m:      	                (116, 4.3275346365974245),
[92mINFO [0m:      	                (117, 2.164878695421035),
[92mINFO [0m:      	                (118, 4.322324686448184),
[92mINFO [0m:      	                (119, 2.1756677373379687),
[92mINFO [0m:      	                (120, 4.340979662843785),
[92mINFO [0m:      	                (121, 2.1493148097429247),
[92mINFO [0m:      	                (122, 4.309272399778163),
[92mINFO [0m:      	                (123, 2.167874596441507),
[92mINFO [0m:      	                (124, 4.3269669141798515),
[92mINFO [0m:      	                (125, 2.1602622225228783),
[92mINFO [0m:      	                (126, 4.305634145261312),
[92mINFO [0m:      	                (127, 2.160424980093722),
[92mINFO [0m:      	                (128, 4.329977924583645),
[92mINFO [0m:      	                (129, 2.1532275645196868),
[92mINFO [0m:      	                (130, 4.305395937014451),
[92mINFO [0m:      	                (131, 2.16322354523357),
[92mINFO [0m:      	                (132, 4.3164784094809505),
[92mINFO [0m:      	                (133, 2.1641717773002864),
[92mINFO [0m:      	                (134, 4.310866209400755),
[92mINFO [0m:      	                (135, 2.162299411342927),
[92mINFO [0m:      	                (136, 4.328645035985284),
[92mINFO [0m:      	                (137, 2.14163599256824),
[92mINFO [0m:      	                (138, 4.301806261095608),
[92mINFO [0m:      	                (139, 2.166262306686821),
[92mINFO [0m:      	                (140, 4.31728275256385),
[92mINFO [0m:      	                (141, 2.1539271734010645),
[92mINFO [0m:      	                (142, 4.290135917779994),
[92mINFO [0m:      	                (143, 2.160009788909012),
[92mINFO [0m:      	                (144, 4.315307634650509),
[92mINFO [0m:      	                (145, 2.1482861706102128),
[92mINFO [0m:      	                (146, 4.310244696647201),
[92mINFO [0m:      	                (147, 2.1560464624228337),
[92mINFO [0m:      	                (148, 4.321274943075249),
[92mINFO [0m:      	                (149, 2.146410742417235),
[92mINFO [0m:      	                (150, 4.2919786959674315),
[92mINFO [0m:      	                (151, 2.142966560138691),
[92mINFO [0m:      	                (152, 4.312920805736088),
[92mINFO [0m:      	                (153, 2.156105218850463),
[92mINFO [0m:      	                (154, 4.316926782710871),
[92mINFO [0m:      	                (155, 2.1533435546005735),
[92mINFO [0m:      	                (156, 4.307723934216272),
[92mINFO [0m:      	                (157, 2.147700344485403),
[92mINFO [0m:      	                (158, 4.312157558157875),
[92mINFO [0m:      	                (159, 2.159921736537743),
[92mINFO [0m:      	                (160, 4.32198352095797)]}
[92mINFO [0m:      	History (metrics, centralized):
[92mINFO [0m:      	{'accuracy': [(0, 0.1),
[92mINFO [0m:      	              (2, 0.1),
[92mINFO [0m:      	              (4, 0.1),
[92mINFO [0m:      	              (6, 0.1),
[92mINFO [0m:      	              (8, 0.1),
[92mINFO [0m:      	              (10, 0.1),
[92mINFO [0m:      	              (12, 0.1),
[92mINFO [0m:      	              (14, 0.1),
[92mINFO [0m:      	              (16, 0.1),
[92mINFO [0m:      	              (18, 0.1),
[92mINFO [0m:      	              (20, 0.1),
[92mINFO [0m:      	              (22, 0.1),
[92mINFO [0m:      	              (24, 0.1),
[92mINFO [0m:      	              (26, 0.1),
[92mINFO [0m:      	              (28, 0.1),
[92mINFO [0m:      	              (30, 0.1),
[92mINFO [0m:      	              (32, 0.1051),
[92mINFO [0m:      	              (34, 0.1005),
[92mINFO [0m:      	              (36, 0.1),
[92mINFO [0m:      	              (38, 0.1),
[92mINFO [0m:      	              (40, 0.1189),
[92mINFO [0m:      	              (42, 0.1031),
[92mINFO [0m:      	              (44, 0.1241),
[92mINFO [0m:      	              (46, 0.1249),
[92mINFO [0m:      	              (48, 0.1083),
[92mINFO [0m:      	              (50, 0.1067),
[92mINFO [0m:      	              (52, 0.1001),
[92mINFO [0m:      	              (54, 0.1243),
[92mINFO [0m:      	              (56, 0.1144),
[92mINFO [0m:      	              (58, 0.1114),
[92mINFO [0m:      	              (60, 0.1005),
[92mINFO [0m:      	              (62, 0.1079),
[92mINFO [0m:      	              (64, 0.1001),
[92mINFO [0m:      	              (66, 0.1266),
[92mINFO [0m:      	              (68, 0.1),
[92mINFO [0m:      	              (70, 0.1008),
[92mINFO [0m:      	              (72, 0.1019),
[92mINFO [0m:      	              (74, 0.1),
[92mINFO [0m:      	              (76, 0.1043),
[92mINFO [0m:      	              (78, 0.1003),
[92mINFO [0m:      	              (80, 0.1097),
[92mINFO [0m:      	              (82, 0.1003),
[92mINFO [0m:      	              (84, 0.1),
[92mINFO [0m:      	              (86, 0.1002),
[92mINFO [0m:      	              (88, 0.1032),
[92mINFO [0m:      	              (90, 0.1001),
[92mINFO [0m:      	              (92, 0.1003),
[92mINFO [0m:      	              (94, 0.1),
[92mINFO [0m:      	              (96, 0.1),
[92mINFO [0m:      	              (98, 0.1003),
[92mINFO [0m:      	              (100, 0.1),
[92mINFO [0m:      	              (102, 0.1002),
[92mINFO [0m:      	              (104, 0.1012),
[92mINFO [0m:      	              (106, 0.1),
[92mINFO [0m:      	              (108, 0.1002),
[92mINFO [0m:      	              (110, 0.1001),
[92mINFO [0m:      	              (112, 0.1001),
[92mINFO [0m:      	              (114, 0.1004),
[92mINFO [0m:      	              (116, 0.1012),
[92mINFO [0m:      	              (118, 0.1002),
[92mINFO [0m:      	              (120, 0.1005),
[92mINFO [0m:      	              (122, 0.1001),
[92mINFO [0m:      	              (124, 0.1004),
[92mINFO [0m:      	              (126, 0.1002),
[92mINFO [0m:      	              (128, 0.1004),
[92mINFO [0m:      	              (130, 0.1013),
[92mINFO [0m:      	              (132, 0.1001),
[92mINFO [0m:      	              (134, 0.1006),
[92mINFO [0m:      	              (136, 0.1),
[92mINFO [0m:      	              (138, 0.1004),
[92mINFO [0m:      	              (140, 0.1001),
[92mINFO [0m:      	              (142, 0.1),
[92mINFO [0m:      	              (144, 0.1),
[92mINFO [0m:      	              (146, 0.1077),
[92mINFO [0m:      	              (148, 0.1005),
[92mINFO [0m:      	              (150, 0.1012),
[92mINFO [0m:      	              (152, 0.1035),
[92mINFO [0m:      	              (154, 0.1042),
[92mINFO [0m:      	              (156, 0.1002),
[92mINFO [0m:      	              (158, 0.1002),
[92mINFO [0m:      	              (160, 0.1)],
[92mINFO [0m:      	 'ece': [(0, 0.08703089010149241),
[92mINFO [0m:      	         (2, 0.09508696303427219),
[92mINFO [0m:      	         (4, 0.07955961171239614),
[92mINFO [0m:      	         (6, 0.08956249448567627),
[92mINFO [0m:      	         (8, 0.11224992697864769),
[92mINFO [0m:      	         (10, 0.10458244720995426),
[92mINFO [0m:      	         (12, 0.1029106157836318),
[92mINFO [0m:      	         (14, 0.09287380706787107),
[92mINFO [0m:      	         (16, 0.09584643231362107),
[92mINFO [0m:      	         (18, 0.07657891698062416),
[92mINFO [0m:      	         (20, 0.09420063976317643),
[92mINFO [0m:      	         (22, 0.07576942415773869),
[92mINFO [0m:      	         (24, 0.10574331001788378),
[92mINFO [0m:      	         (26, 0.08485069257438184),
[92mINFO [0m:      	         (28, 0.09061943420320749),
[92mINFO [0m:      	         (30, 0.09445030603319406),
[92mINFO [0m:      	         (32, 0.06957244426995518),
[92mINFO [0m:      	         (34, 0.08405496862158181),
[92mINFO [0m:      	         (36, 0.10006709302514792),
[92mINFO [0m:      	         (38, 0.084709839027822),
[92mINFO [0m:      	         (40, 0.05997916130602362),
[92mINFO [0m:      	         (42, 0.07617149134099484),
[92mINFO [0m:      	         (44, 0.06187591528266668),
[92mINFO [0m:      	         (46, 0.051683264254629595),
[92mINFO [0m:      	         (48, 0.07657391683965921),
[92mINFO [0m:      	         (50, 0.08471920584768057),
[92mINFO [0m:      	         (52, 0.09756626286238433),
[92mINFO [0m:      	         (54, 0.06852265864670275),
[92mINFO [0m:      	         (56, 0.07693793654978277),
[92mINFO [0m:      	         (58, 0.08152614933639764),
[92mINFO [0m:      	         (60, 0.09174789066940547),
[92mINFO [0m:      	         (62, 0.08759147370338438),
[92mINFO [0m:      	         (64, 0.09745989165022971),
[92mINFO [0m:      	         (66, 0.07321928325265648),
[92mINFO [0m:      	         (68, 0.10624500794738531),
[92mINFO [0m:      	         (70, 0.09546963141739367),
[92mINFO [0m:      	         (72, 0.10284717017889021),
[92mINFO [0m:      	         (74, 0.11281315704137085),
[92mINFO [0m:      	         (76, 0.0891653742748499),
[92mINFO [0m:      	         (78, 0.10298021365076304),
[92mINFO [0m:      	         (80, 0.09912507822364568),
[92mINFO [0m:      	         (82, 0.10881258477449417),
[92mINFO [0m:      	         (84, 0.11457494308292865),
[92mINFO [0m:      	         (86, 0.10579586847901343),
[92mINFO [0m:      	         (88, 0.10645065169572829),
[92mINFO [0m:      	         (90, 0.1257210896861553),
[92mINFO [0m:      	         (92, 0.11659130441457033),
[92mINFO [0m:      	         (94, 0.11916924178123472),
[92mINFO [0m:      	         (96, 0.12679141822487117),
[92mINFO [0m:      	         (98, 0.11564879939973355),
[92mINFO [0m:      	         (100, 0.12469978859812023),
[92mINFO [0m:      	         (102, 0.1149567010590434),
[92mINFO [0m:      	         (104, 0.09755876278460027),
[92mINFO [0m:      	         (106, 0.13522586837559938),
[92mINFO [0m:      	         (108, 0.11876225832670927),
[92mINFO [0m:      	         (110, 0.1202636786800623),
[92mINFO [0m:      	         (112, 0.12365022657603024),
[92mINFO [0m:      	         (114, 0.10759236460447312),
[92mINFO [0m:      	         (116, 0.10997124597877266),
[92mINFO [0m:      	         (118, 0.11877472048819064),
[92mINFO [0m:      	         (120, 0.11901396113753322),
[92mINFO [0m:      	         (122, 0.13698930004268883),
[92mINFO [0m:      	         (124, 0.11929951549619437),
[92mINFO [0m:      	         (126, 0.10958106622725727),
[92mINFO [0m:      	         (128, 0.11547817045927049),
[92mINFO [0m:      	         (130, 0.10429693114906549),
[92mINFO [0m:      	         (132, 0.13105126227110625),
[92mINFO [0m:      	         (134, 0.11064600074768063),
[92mINFO [0m:      	         (136, 0.11921949523419144),
[92mINFO [0m:      	         (138, 0.12315992577433589),
[92mINFO [0m:      	         (140, 0.12713459509313108),
[92mINFO [0m:      	         (142, 0.12718288538634778),
[92mINFO [0m:      	         (144, 0.12676885853797198),
[92mINFO [0m:      	         (146, 0.0980271006336808),
[92mINFO [0m:      	         (148, 0.10652954572826623),
[92mINFO [0m:      	         (150, 0.10836534179359675),
[92mINFO [0m:      	         (152, 0.11413761011123659),
[92mINFO [0m:      	         (154, 0.09338721431702378),
[92mINFO [0m:      	         (156, 0.1281661441063881),
[92mINFO [0m:      	         (158, 0.1448349219375849),
[92mINFO [0m:      	         (160, 0.13348877675279974)]}
[92mINFO [0m:      
[36m(ClientAppActor pid=2664123)[0m [2026-08-27 01:45:29,960 E 2664123 2664593] core_worker_process.cc:825: Failed to establish connection to the metrics exporter agent. Metrics will not be exported. Exporter agent status: RpcError: Running out of retries to initialize the metrics agent. rpc_code: 14[32m [repeated 47x across cluster][0m
Finished: sparse_random_keep10_proposed_rep00_seed12025
========================================================================================
Starting 5/6: sparse_random_keep5_proposed_rep00_seed12025
[93mWARNING [0m:   DEPRECATED FEATURE: The `run_simulation` function is deprecated and will be removed in a future version of Flower. Please use `flwr run` in the CLI instead to run your simulation. Refer to the Flower Tutorials for more details: https://flower.ai/docs/framework/tutorial-quickstart-pytorch.html

            This is a deprecated feature. It will be removed
            entirely in future versions of Flower.
        
[92mINFO [0m:      Starting Flower ServerApp, config: num_rounds=160, no round_timeout
[92mINFO [0m:      
[92mINFO [0m:      [INIT]
[92mINFO [0m:      Using initial global parameters provided by strategy
[92mINFO [0m:      Starting evaluation of initial global parameters
[92mINFO [0m:      initial parameters (loss, other metrics): 2.3708087632663397, {'accuracy': 0.1, 'ece': 0.08703089010149241}
[92mINFO [0m:      
[92mINFO [0m:      [ROUND 1]
[92mINFO [0m:      configure_fit: strategy sampled 40 clients (out of 40)
[36m(pid=gcs_server)[0m [2026-08-27 02:30:06,013 E 2694039 2694039] (gcs_server) gcs_server.cc:302: Failed to establish connection to the event+metrics exporter agent. Events and metrics will not be exported. Exporter agent status: RpcError: Running out of retries to initialize the metrics agent. rpc_code: 14
[92mINFO [0m:      aggregate_fit: received 40 results and 0 failures
[33m(raylet)[0m [2026-08-27 02:30:06,974 E 2694206 2694206] (raylet) main.cc:975: Failed to establish connection to the metrics exporter agent. Metrics will not be exported. Exporter agent status: RpcError: Running out of retries to initialize the metrics agent. rpc_code: 14
[92mINFO [0m:      configure_evaluate: no clients selected, skipping evaluation
[92mINFO [0m:      
[92mINFO [0m:      [ROUND 2]
[92mINFO [0m:      configure_fit: strategy sampled 40 clients (out of 40)
[36m(pid=2694307)[0m [2026-08-27 02:30:07,501 E 2694307 2694715] core_worker_process.cc:825: Failed to establish connection to the metrics exporter agent. Metrics will not be exported. Exporter agent status: RpcError: Running out of retries to initialize the metrics agent. rpc_code: 14
[2026-08-27 02:30:07,874 E 2547686 2694304] core_worker_process.cc:825: Failed to establish connection to the metrics exporter agent. Metrics will not be exported. Exporter agent status: RpcError: Running out of retries to initialize the metrics agent. rpc_code: 14
[92mINFO [0m:      aggregate_fit: received 40 results and 0 failures
[92mINFO [0m:      fit progress: (2, 2.382568807376698, {'accuracy': 0.1, 'ece': 0.09537147686481473}, 37.78256262699142)
[92mINFO [0m:      configure_evaluate: no clients selected, skipping evaluation
[92mINFO [0m:      
[92mINFO [0m:      [ROUND 3]
[92mINFO [0m:      configure_fit: strategy sampled 40 clients (out of 40)
[92mINFO [0m:      aggregate_fit: received 40 results and 0 failures
[92mINFO [0m:      configure_evaluate: no clients selected, skipping evaluation
[92mINFO [0m:      
[92mINFO [0m:      [ROUND 4]
[92mINFO [0m:      configure_fit: strategy sampled 40 clients (out of 40)
[92mINFO [0m:      aggregate_fit: received 40 results and 0 failures
[92mINFO [0m:      fit progress: (4, 2.357222450086261, {'accuracy': 0.1, 'ece': 0.07944222245514393}, 72.166677785106)
[92mINFO [0m:      configure_evaluate: no clients selected, skipping evaluation
[92mINFO [0m:      
[92mINFO [0m:      [ROUND 5]
[92mINFO [0m:      configure_fit: strategy sampled 40 clients (out of 40)
[92mINFO [0m:      aggregate_fit: received 40 results and 0 failures
[92mINFO [0m:      configure_evaluate: no clients selected, skipping evaluation
[92mINFO [0m:      
[92mINFO [0m:      [ROUND 6]
[92mINFO [0m:      configure_fit: strategy sampled 40 clients (out of 40)
[92mINFO [0m:      aggregate_fit: received 40 results and 0 failures
[92mINFO [0m:      fit progress: (6, 2.363564519760375, {'accuracy': 0.1, 'ece': 0.08788735936224461}, 106.45138291828334)
[92mINFO [0m:      configure_evaluate: no clients selected, skipping evaluation
[92mINFO [0m:      
[92mINFO [0m:      [ROUND 7]
[92mINFO [0m:      configure_fit: strategy sampled 40 clients (out of 40)
[92mINFO [0m:      aggregate_fit: received 40 results and 0 failures
[92mINFO [0m:      configure_evaluate: no clients selected, skipping evaluation
[92mINFO [0m:      
[92mINFO [0m:      [ROUND 8]
[92mINFO [0m:      configure_fit: strategy sampled 40 clients (out of 40)
[92mINFO [0m:      aggregate_fit: received 40 results and 0 failures
[92mINFO [0m:      fit progress: (8, 2.3818069525506043, {'accuracy': 0.1, 'ece': 0.10918950282096862}, 140.6144156162627)
[92mINFO [0m:      configure_evaluate: no clients selected, skipping evaluation
[92mINFO [0m:      
[92mINFO [0m:      [ROUND 9]
[92mINFO [0m:      configure_fit: strategy sampled 40 clients (out of 40)
[92mINFO [0m:      aggregate_fit: received 40 results and 0 failures
[92mINFO [0m:      configure_evaluate: no clients selected, skipping evaluation
[92mINFO [0m:      
[92mINFO [0m:      [ROUND 10]
[92mINFO [0m:      configure_fit: strategy sampled 40 clients (out of 40)
[92mINFO [0m:      aggregate_fit: received 40 results and 0 failures
[92mINFO [0m:      fit progress: (10, 2.36834279262237, {'accuracy': 0.1, 'ece': 0.10222878384560347}, 173.97950721904635)
[92mINFO [0m:      configure_evaluate: no clients selected, skipping evaluation
[92mINFO [0m:      
[92mINFO [0m:      [ROUND 11]
[92mINFO [0m:      configure_fit: strategy sampled 40 clients (out of 40)
[92mINFO [0m:      aggregate_fit: received 40 results and 0 failures
[92mINFO [0m:      configure_evaluate: no clients selected, skipping evaluation
[92mINFO [0m:      
[92mINFO [0m:      [ROUND 12]
[92mINFO [0m:      configure_fit: strategy sampled 40 clients (out of 40)
[92mINFO [0m:      aggregate_fit: received 40 results and 0 failures
[92mINFO [0m:      fit progress: (12, 2.367884991520132, {'accuracy': 0.1, 'ece': 0.10233191527426244}, 207.50948646198958)
[92mINFO [0m:      configure_evaluate: no clients selected, skipping evaluation
[92mINFO [0m:      
[92mINFO [0m:      [ROUND 13]
[92mINFO [0m:      configure_fit: strategy sampled 40 clients (out of 40)
[92mINFO [0m:      aggregate_fit: received 40 results and 0 failures
[92mINFO [0m:      configure_evaluate: no clients selected, skipping evaluation
[92mINFO [0m:      
[92mINFO [0m:      [ROUND 14]
[92mINFO [0m:      configure_fit: strategy sampled 40 clients (out of 40)
[92mINFO [0m:      aggregate_fit: received 40 results and 0 failures
[92mINFO [0m:      fit progress: (14, 2.3629403447912876, {'accuracy': 0.1, 'ece': 0.09423567890733481}, 241.4308418352157)
[92mINFO [0m:      configure_evaluate: no clients selected, skipping evaluation
[92mINFO [0m:      
[92mINFO [0m:      [ROUND 15]
[92mINFO [0m:      configure_fit: strategy sampled 40 clients (out of 40)
[92mINFO [0m:      aggregate_fit: received 40 results and 0 failures
[92mINFO [0m:      configure_evaluate: no clients selected, skipping evaluation
[92mINFO [0m:      
[92mINFO [0m:      [ROUND 16]
[92mINFO [0m:      configure_fit: strategy sampled 40 clients (out of 40)
[92mINFO [0m:      aggregate_fit: received 40 results and 0 failures
[92mINFO [0m:      fit progress: (16, 2.3606105769306382, {'accuracy': 0.1, 'ece': 0.09913971166610716}, 274.19137846818194)
[92mINFO [0m:      configure_evaluate: no clients selected, skipping evaluation
[92mINFO [0m:      
[92mINFO [0m:      [ROUND 17]
[92mINFO [0m:      configure_fit: strategy sampled 40 clients (out of 40)
[92mINFO [0m:      aggregate_fit: received 40 results and 0 failures
[92mINFO [0m:      configure_evaluate: no clients selected, skipping evaluation
[92mINFO [0m:      
[92mINFO [0m:      [ROUND 18]
[92mINFO [0m:      configure_fit: strategy sampled 40 clients (out of 40)
[92mINFO [0m:      aggregate_fit: received 40 results and 0 failures
[92mINFO [0m:      fit progress: (18, 2.345949677081391, {'accuracy': 0.1, 'ece': 0.08016539808571338}, 308.65043014939874)
[92mINFO [0m:      configure_evaluate: no clients selected, skipping evaluation
[92mINFO [0m:      
[92mINFO [0m:      [ROUND 19]
[92mINFO [0m:      configure_fit: strategy sampled 40 clients (out of 40)
[92mINFO [0m:      aggregate_fit: received 40 results and 0 failures
[92mINFO [0m:      configure_evaluate: no clients selected, skipping evaluation
[92mINFO [0m:      
[92mINFO [0m:      [ROUND 20]
[92mINFO [0m:      configure_fit: strategy sampled 40 clients (out of 40)
[92mINFO [0m:      aggregate_fit: received 40 results and 0 failures
[92mINFO [0m:      fit progress: (20, 2.3599618271143026, {'accuracy': 0.1, 'ece': 0.10131244926065208}, 342.40437120897695)
[92mINFO [0m:      configure_evaluate: no clients selected, skipping evaluation
[92mINFO [0m:      
[92mINFO [0m:      [ROUND 21]
[92mINFO [0m:      configure_fit: strategy sampled 40 clients (out of 40)
[92mINFO [0m:      aggregate_fit: received 40 results and 0 failures
[92mINFO [0m:      configure_evaluate: no clients selected, skipping evaluation
[92mINFO [0m:      
[92mINFO [0m:      [ROUND 22]
[92mINFO [0m:      configure_fit: strategy sampled 40 clients (out of 40)
[92mINFO [0m:      aggregate_fit: received 40 results and 0 failures
[92mINFO [0m:      fit progress: (22, 2.3457860076597807, {'accuracy': 0.1, 'ece': 0.07963417935311792}, 376.04044882720336)
[92mINFO [0m:      configure_evaluate: no clients selected, skipping evaluation
[92mINFO [0m:      
[92mINFO [0m:      [ROUND 23]
[92mINFO [0m:      configure_fit: strategy sampled 40 clients (out of 40)
[92mINFO [0m:      aggregate_fit: received 40 results and 0 failures
[92mINFO [0m:      configure_evaluate: no clients selected, skipping evaluation
[92mINFO [0m:      
[92mINFO [0m:      [ROUND 24]
[92mINFO [0m:      configure_fit: strategy sampled 40 clients (out of 40)
[92mINFO [0m:      aggregate_fit: received 40 results and 0 failures
[92mINFO [0m:      fit progress: (24, 2.37027817547267, {'accuracy': 0.1, 'ece': 0.1125145543959737}, 409.3718194151297)
[92mINFO [0m:      configure_evaluate: no clients selected, skipping evaluation
[92mINFO [0m:      
[92mINFO [0m:      [ROUND 25]
[92mINFO [0m:      configure_fit: strategy sampled 40 clients (out of 40)
[92mINFO [0m:      aggregate_fit: received 40 results and 0 failures
[92mINFO [0m:      configure_evaluate: no clients selected, skipping evaluation
[92mINFO [0m:      
[92mINFO [0m:      [ROUND 26]
[92mINFO [0m:      configure_fit: strategy sampled 40 clients (out of 40)
[92mINFO [0m:      aggregate_fit: received 40 results and 0 failures
[92mINFO [0m:      fit progress: (26, 2.3640862088712207, {'accuracy': 0.1, 'ece': 0.09250627873659134}, 443.1863646530546)
[92mINFO [0m:      configure_evaluate: no clients selected, skipping evaluation
[92mINFO [0m:      
[92mINFO [0m:      [ROUND 27]
[92mINFO [0m:      configure_fit: strategy sampled 40 clients (out of 40)
[92mINFO [0m:      aggregate_fit: received 40 results and 0 failures
[92mINFO [0m:      configure_evaluate: no clients selected, skipping evaluation
[92mINFO [0m:      
[92mINFO [0m:      [ROUND 28]
[92mINFO [0m:      configure_fit: strategy sampled 40 clients (out of 40)
[92mINFO [0m:      aggregate_fit: received 40 results and 0 failures
[92mINFO [0m:      fit progress: (28, 2.3597710693935268, {'accuracy': 0.1, 'ece': 0.09844699862331152}, 476.88634727010503)
[92mINFO [0m:      configure_evaluate: no clients selected, skipping evaluation
[92mINFO [0m:      
[92mINFO [0m:      [ROUND 29]
[92mINFO [0m:      configure_fit: strategy sampled 40 clients (out of 40)
[92mINFO [0m:      aggregate_fit: received 40 results and 0 failures
[92mINFO [0m:      configure_evaluate: no clients selected, skipping evaluation
[92mINFO [0m:      
[92mINFO [0m:      [ROUND 30]
[92mINFO [0m:      configure_fit: strategy sampled 40 clients (out of 40)
[92mINFO [0m:      aggregate_fit: received 40 results and 0 failures
[92mINFO [0m:      fit progress: (30, 2.3721228906098264, {'accuracy': 0.1, 'ece': 0.10367303527742622}, 510.02838572720066)
[92mINFO [0m:      configure_evaluate: no clients selected, skipping evaluation
[92mINFO [0m:      
[92mINFO [0m:      [ROUND 31]
[92mINFO [0m:      configure_fit: strategy sampled 40 clients (out of 40)
[92mINFO [0m:      aggregate_fit: received 40 results and 0 failures
[92mINFO [0m:      configure_evaluate: no clients selected, skipping evaluation
[92mINFO [0m:      
[92mINFO [0m:      [ROUND 32]
[92mINFO [0m:      configure_fit: strategy sampled 40 clients (out of 40)
[92mINFO [0m:      aggregate_fit: received 40 results and 0 failures
[92mINFO [0m:      fit progress: (32, 2.3608669807907057, {'accuracy': 0.1, 'ece': 0.08506012878358366}, 544.4675606102683)
[92mINFO [0m:      configure_evaluate: no clients selected, skipping evaluation
[92mINFO [0m:      
[92mINFO [0m:      [ROUND 33]
[92mINFO [0m:      configure_fit: strategy sampled 40 clients (out of 40)
[92mINFO [0m:      aggregate_fit: received 40 results and 0 failures
[92mINFO [0m:      configure_evaluate: no clients selected, skipping evaluation
[92mINFO [0m:      
[92mINFO [0m:      [ROUND 34]
[92mINFO [0m:      configure_fit: strategy sampled 40 clients (out of 40)
[92mINFO [0m:      aggregate_fit: received 40 results and 0 failures
[92mINFO [0m:      fit progress: (34, 2.3667081921294746, {'accuracy': 0.1, 'ece': 0.09129488453030589}, 577.6955624744296)
[92mINFO [0m:      configure_evaluate: no clients selected, skipping evaluation
[92mINFO [0m:      
[92mINFO [0m:      [ROUND 35]
[92mINFO [0m:      configure_fit: strategy sampled 40 clients (out of 40)
[92mINFO [0m:      aggregate_fit: received 40 results and 0 failures
[92mINFO [0m:      configure_evaluate: no clients selected, skipping evaluation
[92mINFO [0m:      
[92mINFO [0m:      [ROUND 36]
[92mINFO [0m:      configure_fit: strategy sampled 40 clients (out of 40)
[92mINFO [0m:      aggregate_fit: received 40 results and 0 failures
[92mINFO [0m:      fit progress: (36, 2.3788319145028898, {'accuracy': 0.1, 'ece': 0.11046136686712503}, 611.5873214593157)
[92mINFO [0m:      configure_evaluate: no clients selected, skipping evaluation
[92mINFO [0m:      
[92mINFO [0m:      [ROUND 37]
[92mINFO [0m:      configure_fit: strategy sampled 40 clients (out of 40)
[92mINFO [0m:      aggregate_fit: received 40 results and 0 failures
[92mINFO [0m:      configure_evaluate: no clients selected, skipping evaluation
[92mINFO [0m:      
[92mINFO [0m:      [ROUND 38]
[92mINFO [0m:      configure_fit: strategy sampled 40 clients (out of 40)
[92mINFO [0m:      aggregate_fit: received 40 results and 0 failures
[92mINFO [0m:      fit progress: (38, 2.3685932284693014, {'accuracy': 0.1, 'ece': 0.09435658364027738}, 644.9503742512316)
[92mINFO [0m:      configure_evaluate: no clients selected, skipping evaluation
[92mINFO [0m:      
[92mINFO [0m:      [ROUND 39]
[92mINFO [0m:      configure_fit: strategy sampled 40 clients (out of 40)
[92mINFO [0m:      aggregate_fit: received 40 results and 0 failures
[92mINFO [0m:      configure_evaluate: no clients selected, skipping evaluation
[92mINFO [0m:      
[92mINFO [0m:      [ROUND 40]
[92mINFO [0m:      configure_fit: strategy sampled 40 clients (out of 40)
[92mINFO [0m:      aggregate_fit: received 40 results and 0 failures
[92mINFO [0m:      fit progress: (40, 2.365955657040263, {'accuracy': 0.1, 'ece': 0.08255115014433863}, 678.4343511122279)
[92mINFO [0m:      configure_evaluate: no clients selected, skipping evaluation
[92mINFO [0m:      
[92mINFO [0m:      [ROUND 41]
[92mINFO [0m:      configure_fit: strategy sampled 40 clients (out of 40)
[92mINFO [0m:      aggregate_fit: received 40 results and 0 failures
[92mINFO [0m:      configure_evaluate: no clients selected, skipping evaluation
[92mINFO [0m:      
[92mINFO [0m:      [ROUND 42]
[92mINFO [0m:      configure_fit: strategy sampled 40 clients (out of 40)
[92mINFO [0m:      aggregate_fit: received 40 results and 0 failures
[92mINFO [0m:      fit progress: (42, 2.357986255954246, {'accuracy': 0.1, 'ece': 0.08732640064716339}, 712.3117158333771)
[92mINFO [0m:      configure_evaluate: no clients selected, skipping evaluation
[92mINFO [0m:      
[92mINFO [0m:      [ROUND 43]
[92mINFO [0m:      configure_fit: strategy sampled 40 clients (out of 40)
[92mINFO [0m:      aggregate_fit: received 40 results and 0 failures
[92mINFO [0m:      configure_evaluate: no clients selected, skipping evaluation
[92mINFO [0m:      
[92mINFO [0m:      [ROUND 44]
[92mINFO [0m:      configure_fit: strategy sampled 40 clients (out of 40)
[92mINFO [0m:      aggregate_fit: received 40 results and 0 failures
[92mINFO [0m:      fit progress: (44, 2.3768303945431213, {'accuracy': 0.1, 'ece': 0.0953284961113334}, 745.543499823194)
[92mINFO [0m:      configure_evaluate: no clients selected, skipping evaluation
[92mINFO [0m:      
[92mINFO [0m:      [ROUND 45]
[92mINFO [0m:      configure_fit: strategy sampled 40 clients (out of 40)
[92mINFO [0m:      aggregate_fit: received 40 results and 0 failures
[92mINFO [0m:      configure_evaluate: no clients selected, skipping evaluation
[92mINFO [0m:      
[92mINFO [0m:      [ROUND 46]
[92mINFO [0m:      configure_fit: strategy sampled 40 clients (out of 40)
[92mINFO [0m:      aggregate_fit: received 40 results and 0 failures
[92mINFO [0m:      fit progress: (46, 2.3652156948401806, {'accuracy': 0.1, 'ece': 0.08267067557156087}, 778.7734616990201)
[92mINFO [0m:      configure_evaluate: no clients selected, skipping evaluation
[92mINFO [0m:      
[92mINFO [0m:      [ROUND 47]
[92mINFO [0m:      configure_fit: strategy sampled 40 clients (out of 40)
[92mINFO [0m:      aggregate_fit: received 40 results and 0 failures
[92mINFO [0m:      configure_evaluate: no clients selected, skipping evaluation
[92mINFO [0m:      
[92mINFO [0m:      [ROUND 48]
[92mINFO [0m:      configure_fit: strategy sampled 40 clients (out of 40)
[92mINFO [0m:      aggregate_fit: received 40 results and 0 failures
[92mINFO [0m:      fit progress: (48, 2.3671737891120457, {'accuracy': 0.1, 'ece': 0.08255248565405604}, 812.0889834160917)
[92mINFO [0m:      configure_evaluate: no clients selected, skipping evaluation
[92mINFO [0m:      
[92mINFO [0m:      [ROUND 49]
[92mINFO [0m:      configure_fit: strategy sampled 40 clients (out of 40)
[92mINFO [0m:      aggregate_fit: received 40 results and 0 failures
[92mINFO [0m:      configure_evaluate: no clients selected, skipping evaluation
[92mINFO [0m:      
[92mINFO [0m:      [ROUND 50]
[92mINFO [0m:      configure_fit: strategy sampled 40 clients (out of 40)
[92mINFO [0m:      aggregate_fit: received 40 results and 0 failures
[92mINFO [0m:      fit progress: (50, 2.360819926623156, {'accuracy': 0.1, 'ece': 0.0772134286737442}, 845.034328810405)
[92mINFO [0m:      configure_evaluate: no clients selected, skipping evaluation
[92mINFO [0m:      
[92mINFO [0m:      [ROUND 51]
[92mINFO [0m:      configure_fit: strategy sampled 40 clients (out of 40)
[92mINFO [0m:      aggregate_fit: received 40 results and 0 failures
[92mINFO [0m:      configure_evaluate: no clients selected, skipping evaluation
[92mINFO [0m:      
[92mINFO [0m:      [ROUND 52]
[92mINFO [0m:      configure_fit: strategy sampled 40 clients (out of 40)
[92mINFO [0m:      aggregate_fit: received 40 results and 0 failures
[92mINFO [0m:      fit progress: (52, 2.370638960421914, {'accuracy': 0.1002, 'ece': 0.07579670437127353}, 878.4704664782621)
[92mINFO [0m:      configure_evaluate: no clients selected, skipping evaluation
[92mINFO [0m:      
[92mINFO [0m:      [ROUND 53]
[92mINFO [0m:      configure_fit: strategy sampled 40 clients (out of 40)
[92mINFO [0m:      aggregate_fit: received 40 results and 0 failures
[92mINFO [0m:      configure_evaluate: no clients selected, skipping evaluation
[92mINFO [0m:      
[92mINFO [0m:      [ROUND 54]
[92mINFO [0m:      configure_fit: strategy sampled 40 clients (out of 40)
[92mINFO [0m:      aggregate_fit: received 40 results and 0 failures
[92mINFO [0m:      fit progress: (54, 2.3700129552930522, {'accuracy': 0.1, 'ece': 0.08385504116088152}, 912.1864338293672)
[92mINFO [0m:      configure_evaluate: no clients selected, skipping evaluation
[92mINFO [0m:      
[92mINFO [0m:      [ROUND 55]
[92mINFO [0m:      configure_fit: strategy sampled 40 clients (out of 40)
[92mINFO [0m:      aggregate_fit: received 40 results and 0 failures
[92mINFO [0m:      configure_evaluate: no clients selected, skipping evaluation
[92mINFO [0m:      
[92mINFO [0m:      [ROUND 56]
[92mINFO [0m:      configure_fit: strategy sampled 40 clients (out of 40)
[92mINFO [0m:      aggregate_fit: received 40 results and 0 failures
[92mINFO [0m:      fit progress: (56, 2.373357676761732, {'accuracy': 0.1, 'ece': 0.08923737207174302}, 945.7515586740337)
[92mINFO [0m:      configure_evaluate: no clients selected, skipping evaluation
[92mINFO [0m:      
[92mINFO [0m:      [ROUND 57]
[92mINFO [0m:      configure_fit: strategy sampled 40 clients (out of 40)
[92mINFO [0m:      aggregate_fit: received 40 results and 0 failures
[92mINFO [0m:      configure_evaluate: no clients selected, skipping evaluation
[92mINFO [0m:      
[92mINFO [0m:      [ROUND 58]
[92mINFO [0m:      configure_fit: strategy sampled 40 clients (out of 40)
[92mINFO [0m:      aggregate_fit: received 40 results and 0 failures
[92mINFO [0m:      fit progress: (58, 2.393315468675781, {'accuracy': 0.1, 'ece': 0.09978706741571428}, 978.8176323859952)
[92mINFO [0m:      configure_evaluate: no clients selected, skipping evaluation
[92mINFO [0m:      
[92mINFO [0m:      [ROUND 59]
[92mINFO [0m:      configure_fit: strategy sampled 40 clients (out of 40)
[92mINFO [0m:      aggregate_fit: received 40 results and 0 failures
[92mINFO [0m:      configure_evaluate: no clients selected, skipping evaluation
[92mINFO [0m:      
[92mINFO [0m:      [ROUND 60]
[92mINFO [0m:      configure_fit: strategy sampled 40 clients (out of 40)
[92mINFO [0m:      aggregate_fit: received 40 results and 0 failures
[92mINFO [0m:      fit progress: (60, 2.367146427069478, {'accuracy': 0.1002, 'ece': 0.0746478546729684}, 1012.2941824831069)
[92mINFO [0m:      configure_evaluate: no clients selected, skipping evaluation
[92mINFO [0m:      
[92mINFO [0m:      [ROUND 61]
[92mINFO [0m:      configure_fit: strategy sampled 40 clients (out of 40)
[92mINFO [0m:      aggregate_fit: received 40 results and 0 failures
[92mINFO [0m:      configure_evaluate: no clients selected, skipping evaluation
[92mINFO [0m:      
[92mINFO [0m:      [ROUND 62]
[92mINFO [0m:      configure_fit: strategy sampled 40 clients (out of 40)
[92mINFO [0m:      aggregate_fit: received 40 results and 0 failures
[92mINFO [0m:      fit progress: (62, 2.387984157457564, {'accuracy': 0.1, 'ece': 0.08904443865448239}, 1045.4523340733722)
[92mINFO [0m:      configure_evaluate: no clients selected, skipping evaluation
[92mINFO [0m:      
[92mINFO [0m:      [ROUND 63]
[92mINFO [0m:      configure_fit: strategy sampled 40 clients (out of 40)
[92mINFO [0m:      aggregate_fit: received 40 results and 0 failures
[92mINFO [0m:      configure_evaluate: no clients selected, skipping evaluation
[92mINFO [0m:      
[92mINFO [0m:      [ROUND 64]
[92mINFO [0m:      configure_fit: strategy sampled 40 clients (out of 40)
[92mINFO [0m:      aggregate_fit: received 40 results and 0 failures
[92mINFO [0m:      fit progress: (64, 2.3736071552782207, {'accuracy': 0.1011, 'ece': 0.07125974958360196}, 1078.3523578844033)
[92mINFO [0m:      configure_evaluate: no clients selected, skipping evaluation
[92mINFO [0m:      
[92mINFO [0m:      [ROUND 65]
[92mINFO [0m:      configure_fit: strategy sampled 40 clients (out of 40)
[92mINFO [0m:      aggregate_fit: received 40 results and 0 failures
[92mINFO [0m:      configure_evaluate: no clients selected, skipping evaluation
[92mINFO [0m:      
[92mINFO [0m:      [ROUND 66]
[92mINFO [0m:      configure_fit: strategy sampled 40 clients (out of 40)
[92mINFO [0m:      aggregate_fit: received 40 results and 0 failures
[92mINFO [0m:      fit progress: (66, 2.389794059623326, {'accuracy': 0.1, 'ece': 0.0979989381787181}, 1110.917472767178)
[92mINFO [0m:      configure_evaluate: no clients selected, skipping evaluation
[92mINFO [0m:      
[92mINFO [0m:      [ROUND 67]
[92mINFO [0m:      configure_fit: strategy sampled 40 clients (out of 40)
[92mINFO [0m:      aggregate_fit: received 40 results and 0 failures
[92mINFO [0m:      configure_evaluate: no clients selected, skipping evaluation
[92mINFO [0m:      
[92mINFO [0m:      [ROUND 68]
[92mINFO [0m:      configure_fit: strategy sampled 40 clients (out of 40)
[92mINFO [0m:      aggregate_fit: received 40 results and 0 failures
[92mINFO [0m:      fit progress: (68, 2.376808279220726, {'accuracy': 0.1125, 'ece': 0.05649473118737343}, 1145.2161214211956)
[92mINFO [0m:      configure_evaluate: no clients selected, skipping evaluation
[92mINFO [0m:      
[92mINFO [0m:      [ROUND 69]
[92mINFO [0m:      configure_fit: strategy sampled 40 clients (out of 40)
[92mINFO [0m:      aggregate_fit: received 40 results and 0 failures
[92mINFO [0m:      configure_evaluate: no clients selected, skipping evaluation
[92mINFO [0m:      
[92mINFO [0m:      [ROUND 70]
[92mINFO [0m:      configure_fit: strategy sampled 40 clients (out of 40)
[92mINFO [0m:      aggregate_fit: received 40 results and 0 failures
[92mINFO [0m:      fit progress: (70, 2.3835021343239933, {'accuracy': 0.1001, 'ece': 0.08001590974628925}, 1178.6617285460234)
[92mINFO [0m:      configure_evaluate: no clients selected, skipping evaluation
[92mINFO [0m:      
[92mINFO [0m:      [ROUND 71]
[92mINFO [0m:      configure_fit: strategy sampled 40 clients (out of 40)
[92mINFO [0m:      aggregate_fit: received 40 results and 0 failures
[92mINFO [0m:      configure_evaluate: no clients selected, skipping evaluation
[92mINFO [0m:      
[92mINFO [0m:      [ROUND 72]
[92mINFO [0m:      configure_fit: strategy sampled 40 clients (out of 40)
[92mINFO [0m:      aggregate_fit: received 40 results and 0 failures
[92mINFO [0m:      fit progress: (72, 2.387223834646816, {'accuracy': 0.1, 'ece': 0.09097601536542176}, 1211.9216676959768)
[92mINFO [0m:      configure_evaluate: no clients selected, skipping evaluation
[92mINFO [0m:      
[92mINFO [0m:      [ROUND 73]
[92mINFO [0m:      configure_fit: strategy sampled 40 clients (out of 40)
[92mINFO [0m:      aggregate_fit: received 40 results and 0 failures
[92mINFO [0m:      configure_evaluate: no clients selected, skipping evaluation
[92mINFO [0m:      
[92mINFO [0m:      [ROUND 74]
[92mINFO [0m:      configure_fit: strategy sampled 40 clients (out of 40)
[92mINFO [0m:      aggregate_fit: received 40 results and 0 failures
[92mINFO [0m:      fit progress: (74, 2.394081562284616, {'accuracy': 0.1118, 'ece': 0.06387898538947104}, 1245.5636674202979)
[92mINFO [0m:      configure_evaluate: no clients selected, skipping evaluation
[92mINFO [0m:      
[92mINFO [0m:      [ROUND 75]
[92mINFO [0m:      configure_fit: strategy sampled 40 clients (out of 40)
[92mINFO [0m:      aggregate_fit: received 40 results and 0 failures
[92mINFO [0m:      configure_evaluate: no clients selected, skipping evaluation
[92mINFO [0m:      
[92mINFO [0m:      [ROUND 76]
[92mINFO [0m:      configure_fit: strategy sampled 40 clients (out of 40)
[92mINFO [0m:      aggregate_fit: received 40 results and 0 failures
[92mINFO [0m:      fit progress: (76, 2.3772810560086737, {'accuracy': 0.1, 'ece': 0.07818660820156334}, 1278.7581892102025)
[92mINFO [0m:      configure_evaluate: no clients selected, skipping evaluation
[92mINFO [0m:      
[92mINFO [0m:      [ROUND 77]
[92mINFO [0m:      configure_fit: strategy sampled 40 clients (out of 40)
[92mINFO [0m:      aggregate_fit: received 40 results and 0 failures
[92mINFO [0m:      configure_evaluate: no clients selected, skipping evaluation
[92mINFO [0m:      
[92mINFO [0m:      [ROUND 78]
[92mINFO [0m:      configure_fit: strategy sampled 40 clients (out of 40)
[92mINFO [0m:      aggregate_fit: received 40 results and 0 failures
[92mINFO [0m:      fit progress: (78, 2.3807925528159153, {'accuracy': 0.108, 'ece': 0.06901938596010208}, 1312.0079561932944)
[92mINFO [0m:      configure_evaluate: no clients selected, skipping evaluation
[92mINFO [0m:      
[92mINFO [0m:      [ROUND 79]
[92mINFO [0m:      configure_fit: strategy sampled 40 clients (out of 40)
[92mINFO [0m:      aggregate_fit: received 40 results and 0 failures
[92mINFO [0m:      configure_evaluate: no clients selected, skipping evaluation
[92mINFO [0m:      
[92mINFO [0m:      [ROUND 80]
[92mINFO [0m:      configure_fit: strategy sampled 40 clients (out of 40)
[92mINFO [0m:      aggregate_fit: received 40 results and 0 failures
[92mINFO [0m:      fit progress: (80, 2.387493159366214, {'accuracy': 0.1003, 'ece': 0.07656964557766915}, 1345.2803683290258)
[92mINFO [0m:      configure_evaluate: no clients selected, skipping evaluation
[92mINFO [0m:      
[92mINFO [0m:      [ROUND 81]
[92mINFO [0m:      configure_fit: strategy sampled 40 clients (out of 40)
[92mINFO [0m:      aggregate_fit: received 40 results and 0 failures
[92mINFO [0m:      configure_evaluate: no clients selected, skipping evaluation
[92mINFO [0m:      
[92mINFO [0m:      [ROUND 82]
[92mINFO [0m:      configure_fit: strategy sampled 40 clients (out of 40)
[92mINFO [0m:      aggregate_fit: received 40 results and 0 failures
[92mINFO [0m:      fit progress: (82, 2.3959627785992206, {'accuracy': 0.1033, 'ece': 0.08000494962334628}, 1379.0805737250485)
[92mINFO [0m:      configure_evaluate: no clients selected, skipping evaluation
[92mINFO [0m:      
[92mINFO [0m:      [ROUND 83]
[92mINFO [0m:      configure_fit: strategy sampled 40 clients (out of 40)
[92mINFO [0m:      aggregate_fit: received 40 results and 0 failures
[92mINFO [0m:      configure_evaluate: no clients selected, skipping evaluation
[92mINFO [0m:      
[92mINFO [0m:      [ROUND 84]
[92mINFO [0m:      configure_fit: strategy sampled 40 clients (out of 40)
[92mINFO [0m:      aggregate_fit: received 40 results and 0 failures
[92mINFO [0m:      fit progress: (84, 2.392537702468623, {'accuracy': 0.1158, 'ece': 0.061941470608115216}, 1412.4623969644308)
[92mINFO [0m:      configure_evaluate: no clients selected, skipping evaluation
[92mINFO [0m:      
[92mINFO [0m:      [ROUND 85]
[92mINFO [0m:      configure_fit: strategy sampled 40 clients (out of 40)
[92mINFO [0m:      aggregate_fit: received 40 results and 0 failures
[92mINFO [0m:      configure_evaluate: no clients selected, skipping evaluation
[92mINFO [0m:      
[92mINFO [0m:      [ROUND 86]
[92mINFO [0m:      configure_fit: strategy sampled 40 clients (out of 40)
[92mINFO [0m:      aggregate_fit: received 40 results and 0 failures
[92mINFO [0m:      fit progress: (86, 2.387908656736867, {'accuracy': 0.1272, 'ece': 0.04569844389170407}, 1445.9164885520004)
[92mINFO [0m:      configure_evaluate: no clients selected, skipping evaluation
[92mINFO [0m:      
[92mINFO [0m:      [ROUND 87]
[92mINFO [0m:      configure_fit: strategy sampled 40 clients (out of 40)
[92mINFO [0m:      aggregate_fit: received 40 results and 0 failures
[92mINFO [0m:      configure_evaluate: no clients selected, skipping evaluation
[92mINFO [0m:      
[92mINFO [0m:      [ROUND 88]
[92mINFO [0m:      configure_fit: strategy sampled 40 clients (out of 40)
[92mINFO [0m:      aggregate_fit: received 40 results and 0 failures
[92mINFO [0m:      fit progress: (88, 2.3985175217367734, {'accuracy': 0.1047, 'ece': 0.0858524506160617}, 1478.4060216760263)
[92mINFO [0m:      configure_evaluate: no clients selected, skipping evaluation
[92mINFO [0m:      
[92mINFO [0m:      [ROUND 89]
[92mINFO [0m:      configure_fit: strategy sampled 40 clients (out of 40)
[92mINFO [0m:      aggregate_fit: received 40 results and 0 failures
[92mINFO [0m:      configure_evaluate: no clients selected, skipping evaluation
[92mINFO [0m:      
[92mINFO [0m:      [ROUND 90]
[92mINFO [0m:      configure_fit: strategy sampled 40 clients (out of 40)
[92mINFO [0m:      aggregate_fit: received 40 results and 0 failures
[92mINFO [0m:      fit progress: (90, 2.412387060023668, {'accuracy': 0.1128, 'ece': 0.08336756684571506}, 1510.9226207733154)
[92mINFO [0m:      configure_evaluate: no clients selected, skipping evaluation
[92mINFO [0m:      
[92mINFO [0m:      [ROUND 91]
[92mINFO [0m:      configure_fit: strategy sampled 40 clients (out of 40)
[92mINFO [0m:      aggregate_fit: received 40 results and 0 failures
[92mINFO [0m:      configure_evaluate: no clients selected, skipping evaluation
[92mINFO [0m:      
[92mINFO [0m:      [ROUND 92]
[92mINFO [0m:      configure_fit: strategy sampled 40 clients (out of 40)
[92mINFO [0m:      aggregate_fit: received 40 results and 0 failures
[92mINFO [0m:      fit progress: (92, 2.408419585995159, {'accuracy': 0.1025, 'ece': 0.08682457175642253}, 1544.2304144930094)
[92mINFO [0m:      configure_evaluate: no clients selected, skipping evaluation
[92mINFO [0m:      
[92mINFO [0m:      [ROUND 93]
[92mINFO [0m:      configure_fit: strategy sampled 40 clients (out of 40)
[92mINFO [0m:      aggregate_fit: received 40 results and 0 failures
[92mINFO [0m:      configure_evaluate: no clients selected, skipping evaluation
[92mINFO [0m:      
[92mINFO [0m:      [ROUND 94]
[92mINFO [0m:      configure_fit: strategy sampled 40 clients (out of 40)
[92mINFO [0m:      aggregate_fit: received 40 results and 0 failures
[92mINFO [0m:      fit progress: (94, 2.3984010932689213, {'accuracy': 0.1093, 'ece': 0.07437458338439465}, 1577.2384480903856)
[92mINFO [0m:      configure_evaluate: no clients selected, skipping evaluation
[92mINFO [0m:      
[92mINFO [0m:      [ROUND 95]
[92mINFO [0m:      configure_fit: strategy sampled 40 clients (out of 40)
[92mINFO [0m:      aggregate_fit: received 40 results and 0 failures
[92mINFO [0m:      configure_evaluate: no clients selected, skipping evaluation
[92mINFO [0m:      
[92mINFO [0m:      [ROUND 96]
[92mINFO [0m:      configure_fit: strategy sampled 40 clients (out of 40)
[92mINFO [0m:      aggregate_fit: received 40 results and 0 failures
[92mINFO [0m:      fit progress: (96, 2.4046976652688943, {'accuracy': 0.114, 'ece': 0.07393712289869785}, 1609.8954494050704)
[92mINFO [0m:      configure_evaluate: no clients selected, skipping evaluation
[92mINFO [0m:      
[92mINFO [0m:      [ROUND 97]
[92mINFO [0m:      configure_fit: strategy sampled 40 clients (out of 40)
[92mINFO [0m:      aggregate_fit: received 40 results and 0 failures
[92mINFO [0m:      configure_evaluate: no clients selected, skipping evaluation
[92mINFO [0m:      
[92mINFO [0m:      [ROUND 98]
[92mINFO [0m:      configure_fit: strategy sampled 40 clients (out of 40)
[92mINFO [0m:      aggregate_fit: received 40 results and 0 failures
[92mINFO [0m:      fit progress: (98, 2.4044662202165936, {'accuracy': 0.1253, 'ece': 0.061699518072307134}, 1643.3746355799958)
[92mINFO [0m:      configure_evaluate: no clients selected, skipping evaluation
[92mINFO [0m:      
[92mINFO [0m:      [ROUND 99]
[92mINFO [0m:      configure_fit: strategy sampled 40 clients (out of 40)
[92mINFO [0m:      aggregate_fit: received 40 results and 0 failures
[92mINFO [0m:      configure_evaluate: no clients selected, skipping evaluation
[92mINFO [0m:      
[92mINFO [0m:      [ROUND 100]
[92mINFO [0m:      configure_fit: strategy sampled 40 clients (out of 40)
[92mINFO [0m:      aggregate_fit: received 40 results and 0 failures
[92mINFO [0m:      fit progress: (100, 2.391327024306043, {'accuracy': 0.1043, 'ece': 0.08834781945884229}, 1676.4713949221186)
[92mINFO [0m:      configure_evaluate: no clients selected, skipping evaluation
[92mINFO [0m:      
[92mINFO [0m:      [ROUND 101]
[92mINFO [0m:      configure_fit: strategy sampled 40 clients (out of 40)
[92mINFO [0m:      aggregate_fit: received 40 results and 0 failures
[92mINFO [0m:      configure_evaluate: no clients selected, skipping evaluation
[92mINFO [0m:      
[92mINFO [0m:      [ROUND 102]
[92mINFO [0m:      configure_fit: strategy sampled 40 clients (out of 40)
[92mINFO [0m:      aggregate_fit: received 40 results and 0 failures
[92mINFO [0m:      fit progress: (102, 2.402452494393156, {'accuracy': 0.1162, 'ece': 0.06617612196981908}, 1710.3286506091245)
[92mINFO [0m:      configure_evaluate: no clients selected, skipping evaluation
[92mINFO [0m:      
[92mINFO [0m:      [ROUND 103]
[92mINFO [0m:      configure_fit: strategy sampled 40 clients (out of 40)
[92mINFO [0m:      aggregate_fit: received 40 results and 0 failures
[92mINFO [0m:      configure_evaluate: no clients selected, skipping evaluation
[92mINFO [0m:      
[92mINFO [0m:      [ROUND 104]
[92mINFO [0m:      configure_fit: strategy sampled 40 clients (out of 40)
[92mINFO [0m:      aggregate_fit: received 40 results and 0 failures
[92mINFO [0m:      fit progress: (104, 2.3920411765141862, {'accuracy': 0.1152, 'ece': 0.060795337262451676}, 1743.4126415830106)
[92mINFO [0m:      configure_evaluate: no clients selected, skipping evaluation
[92mINFO [0m:      
[92mINFO [0m:      [ROUND 105]
[92mINFO [0m:      configure_fit: strategy sampled 40 clients (out of 40)
[92mINFO [0m:      aggregate_fit: received 40 results and 0 failures
[92mINFO [0m:      configure_evaluate: no clients selected, skipping evaluation
[92mINFO [0m:      
[92mINFO [0m:      [ROUND 106]
[92mINFO [0m:      configure_fit: strategy sampled 40 clients (out of 40)
[92mINFO [0m:      aggregate_fit: received 40 results and 0 failures
[92mINFO [0m:      fit progress: (106, 2.4198901424854355, {'accuracy': 0.107, 'ece': 0.0923872209200263}, 1776.1626184503548)
[92mINFO [0m:      configure_evaluate: no clients selected, skipping evaluation
[92mINFO [0m:      
[92mINFO [0m:      [ROUND 107]
[92mINFO [0m:      configure_fit: strategy sampled 40 clients (out of 40)
[92mINFO [0m:      aggregate_fit: received 40 results and 0 failures
[92mINFO [0m:      configure_evaluate: no clients selected, skipping evaluation
[92mINFO [0m:      
[92mINFO [0m:      [ROUND 108]
[92mINFO [0m:      configure_fit: strategy sampled 40 clients (out of 40)
[92mINFO [0m:      aggregate_fit: received 40 results and 0 failures
[92mINFO [0m:      fit progress: (108, 2.4101697226538694, {'accuracy': 0.1092, 'ece': 0.08209085601836441}, 1809.5598164913245)
[92mINFO [0m:      configure_evaluate: no clients selected, skipping evaluation
[92mINFO [0m:      
[92mINFO [0m:      [ROUND 109]
[92mINFO [0m:      configure_fit: strategy sampled 40 clients (out of 40)
[92mINFO [0m:      aggregate_fit: received 40 results and 0 failures
[92mINFO [0m:      configure_evaluate: no clients selected, skipping evaluation
[92mINFO [0m:      
[92mINFO [0m:      [ROUND 110]
[92mINFO [0m:      configure_fit: strategy sampled 40 clients (out of 40)
[92mINFO [0m:      aggregate_fit: received 40 results and 0 failures
[92mINFO [0m:      fit progress: (110, 2.4130558390855024, {'accuracy': 0.1065, 'ece': 0.08310807584345337}, 1842.5244949259795)
[92mINFO [0m:      configure_evaluate: no clients selected, skipping evaluation
[92mINFO [0m:      
[92mINFO [0m:      [ROUND 111]
[92mINFO [0m:      configure_fit: strategy sampled 40 clients (out of 40)
[92mINFO [0m:      aggregate_fit: received 40 results and 0 failures
[92mINFO [0m:      configure_evaluate: no clients selected, skipping evaluation
[92mINFO [0m:      
[92mINFO [0m:      [ROUND 112]
[92mINFO [0m:      configure_fit: strategy sampled 40 clients (out of 40)
[92mINFO [0m:      aggregate_fit: received 40 results and 0 failures
[92mINFO [0m:      fit progress: (112, 2.424021730633431, {'accuracy': 0.1153, 'ece': 0.07825151019364594}, 1875.9393458031118)
[92mINFO [0m:      configure_evaluate: no clients selected, skipping evaluation
[92mINFO [0m:      
[92mINFO [0m:      [ROUND 113]
[92mINFO [0m:      configure_fit: strategy sampled 40 clients (out of 40)
[92mINFO [0m:      aggregate_fit: received 40 results and 0 failures
[92mINFO [0m:      configure_evaluate: no clients selected, skipping evaluation
[92mINFO [0m:      
[92mINFO [0m:      [ROUND 114]
[92mINFO [0m:      configure_fit: strategy sampled 40 clients (out of 40)
[92mINFO [0m:      aggregate_fit: received 40 results and 0 failures
[92mINFO [0m:      fit progress: (114, 2.4054580368505616, {'accuracy': 0.1158, 'ece': 0.06311979089081285}, 1908.1313485852443)
[92mINFO [0m:      configure_evaluate: no clients selected, skipping evaluation
[92mINFO [0m:      
[92mINFO [0m:      [ROUND 115]
[92mINFO [0m:      configure_fit: strategy sampled 40 clients (out of 40)
[92mINFO [0m:      aggregate_fit: received 40 results and 0 failures
[92mINFO [0m:      configure_evaluate: no clients selected, skipping evaluation
[92mINFO [0m:      
[92mINFO [0m:      [ROUND 116]
[92mINFO [0m:      configure_fit: strategy sampled 40 clients (out of 40)
[92mINFO [0m:      aggregate_fit: received 40 results and 0 failures
[92mINFO [0m:      fit progress: (116, 2.4278395503762873, {'accuracy': 0.1257, 'ece': 0.07010116462171077}, 1940.8326130961068)
[92mINFO [0m:      configure_evaluate: no clients selected, skipping evaluation
[92mINFO [0m:      
[92mINFO [0m:      [ROUND 117]
[92mINFO [0m:      configure_fit: strategy sampled 40 clients (out of 40)
[92mINFO [0m:      aggregate_fit: received 40 results and 0 failures
[92mINFO [0m:      configure_evaluate: no clients selected, skipping evaluation
[92mINFO [0m:      
[92mINFO [0m:      [ROUND 118]
[92mINFO [0m:      configure_fit: strategy sampled 40 clients (out of 40)
[92mINFO [0m:      aggregate_fit: received 40 results and 0 failures
[92mINFO [0m:      fit progress: (118, 2.4199112891401504, {'accuracy': 0.1286, 'ece': 0.07187818181365728}, 1974.2713614110835)
[92mINFO [0m:      configure_evaluate: no clients selected, skipping evaluation
[92mINFO [0m:      
[92mINFO [0m:      [ROUND 119]
[92mINFO [0m:      configure_fit: strategy sampled 40 clients (out of 40)
[92mINFO [0m:      aggregate_fit: received 40 results and 0 failures
[92mINFO [0m:      configure_evaluate: no clients selected, skipping evaluation
[92mINFO [0m:      
[92mINFO [0m:      [ROUND 120]
[92mINFO [0m:      configure_fit: strategy sampled 40 clients (out of 40)
[92mINFO [0m:      aggregate_fit: received 40 results and 0 failures
[92mINFO [0m:      fit progress: (120, 2.4238638225701723, {'accuracy': 0.1053, 'ece': 0.09032128705054521}, 2006.728284636978)
[92mINFO [0m:      configure_evaluate: no clients selected, skipping evaluation
[92mINFO [0m:      
[92mINFO [0m:      [ROUND 121]
[92mINFO [0m:      configure_fit: strategy sampled 40 clients (out of 40)
[92mINFO [0m:      aggregate_fit: received 40 results and 0 failures
[92mINFO [0m:      configure_evaluate: no clients selected, skipping evaluation
[92mINFO [0m:      
[92mINFO [0m:      [ROUND 122]
[92mINFO [0m:      configure_fit: strategy sampled 40 clients (out of 40)
[92mINFO [0m:      aggregate_fit: received 40 results and 0 failures
[92mINFO [0m:      fit progress: (122, 2.4286162587016604, {'accuracy': 0.1, 'ece': 0.10946370859324933}, 2039.633458590135)
[92mINFO [0m:      configure_evaluate: no clients selected, skipping evaluation
[92mINFO [0m:      
[92mINFO [0m:      [ROUND 123]
[92mINFO [0m:      configure_fit: strategy sampled 40 clients (out of 40)
[92mINFO [0m:      aggregate_fit: received 40 results and 0 failures
[92mINFO [0m:      configure_evaluate: no clients selected, skipping evaluation
[92mINFO [0m:      
[92mINFO [0m:      [ROUND 124]
[92mINFO [0m:      configure_fit: strategy sampled 40 clients (out of 40)
[92mINFO [0m:      aggregate_fit: received 40 results and 0 failures
[92mINFO [0m:      fit progress: (124, 2.4179539066739086, {'accuracy': 0.1017, 'ece': 0.09282199380069972}, 2072.0531799443997)
[92mINFO [0m:      configure_evaluate: no clients selected, skipping evaluation
[92mINFO [0m:      
[92mINFO [0m:      [ROUND 125]
[92mINFO [0m:      configure_fit: strategy sampled 40 clients (out of 40)
[92mINFO [0m:      aggregate_fit: received 40 results and 0 failures
[92mINFO [0m:      configure_evaluate: no clients selected, skipping evaluation
[92mINFO [0m:      
[92mINFO [0m:      [ROUND 126]
[92mINFO [0m:      configure_fit: strategy sampled 40 clients (out of 40)
[92mINFO [0m:      aggregate_fit: received 40 results and 0 failures
[92mINFO [0m:      fit progress: (126, 2.407451730985105, {'accuracy': 0.1073, 'ece': 0.08633265825837849}, 2104.64938788116)
[92mINFO [0m:      configure_evaluate: no clients selected, skipping evaluation
[92mINFO [0m:      
[92mINFO [0m:      [ROUND 127]
[92mINFO [0m:      configure_fit: strategy sampled 40 clients (out of 40)
[92mINFO [0m:      aggregate_fit: received 40 results and 0 failures
[92mINFO [0m:      configure_evaluate: no clients selected, skipping evaluation
[92mINFO [0m:      
[92mINFO [0m:      [ROUND 128]
[92mINFO [0m:      configure_fit: strategy sampled 40 clients (out of 40)
[92mINFO [0m:      aggregate_fit: received 40 results and 0 failures
[92mINFO [0m:      fit progress: (128, 2.426824842679012, {'accuracy': 0.1074, 'ece': 0.08983356454283001}, 2136.530451425351)
[92mINFO [0m:      configure_evaluate: no clients selected, skipping evaluation
[92mINFO [0m:      
[92mINFO [0m:      [ROUND 129]
[92mINFO [0m:      configure_fit: strategy sampled 40 clients (out of 40)
[92mINFO [0m:      aggregate_fit: received 40 results and 0 failures
[92mINFO [0m:      configure_evaluate: no clients selected, skipping evaluation
[92mINFO [0m:      
[92mINFO [0m:      [ROUND 130]
[92mINFO [0m:      configure_fit: strategy sampled 40 clients (out of 40)
[92mINFO [0m:      aggregate_fit: received 40 results and 0 failures
[92mINFO [0m:      fit progress: (130, 2.421622020944806, {'accuracy': 0.1076, 'ece': 0.0949355945381522}, 2168.993334962055)
[92mINFO [0m:      configure_evaluate: no clients selected, skipping evaluation
[92mINFO [0m:      
[92mINFO [0m:      [ROUND 131]
[92mINFO [0m:      configure_fit: strategy sampled 40 clients (out of 40)
[92mINFO [0m:      aggregate_fit: received 40 results and 0 failures
[92mINFO [0m:      configure_evaluate: no clients selected, skipping evaluation
[92mINFO [0m:      
[92mINFO [0m:      [ROUND 132]
[92mINFO [0m:      configure_fit: strategy sampled 40 clients (out of 40)
[92mINFO [0m:      aggregate_fit: received 40 results and 0 failures
[92mINFO [0m:      fit progress: (132, 2.432624217146899, {'accuracy': 0.1007, 'ece': 0.10823944404810669}, 2201.5155670354143)
[92mINFO [0m:      configure_evaluate: no clients selected, skipping evaluation
[92mINFO [0m:      
[92mINFO [0m:      [ROUND 133]
[92mINFO [0m:      configure_fit: strategy sampled 40 clients (out of 40)
[92mINFO [0m:      aggregate_fit: received 40 results and 0 failures
[92mINFO [0m:      configure_evaluate: no clients selected, skipping evaluation
[92mINFO [0m:      
[92mINFO [0m:      [ROUND 134]
[92mINFO [0m:      configure_fit: strategy sampled 40 clients (out of 40)
[92mINFO [0m:      aggregate_fit: received 40 results and 0 failures
[92mINFO [0m:      fit progress: (134, 2.4147148974539983, {'accuracy': 0.1028, 'ece': 0.08947815769672395}, 2233.9748078719713)
[92mINFO [0m:      configure_evaluate: no clients selected, skipping evaluation
[92mINFO [0m:      
[92mINFO [0m:      [ROUND 135]
[92mINFO [0m:      configure_fit: strategy sampled 40 clients (out of 40)
[92mINFO [0m:      aggregate_fit: received 40 results and 0 failures
[92mINFO [0m:      configure_evaluate: no clients selected, skipping evaluation
[92mINFO [0m:      
[92mINFO [0m:      [ROUND 136]
[92mINFO [0m:      configure_fit: strategy sampled 40 clients (out of 40)
[92mINFO [0m:      aggregate_fit: received 40 results and 0 failures
[92mINFO [0m:      fit progress: (136, 2.429254612631227, {'accuracy': 0.1, 'ece': 0.10075902802407742}, 2266.239588312339)
[92mINFO [0m:      configure_evaluate: no clients selected, skipping evaluation
[92mINFO [0m:      
[92mINFO [0m:      [ROUND 137]
[92mINFO [0m:      configure_fit: strategy sampled 40 clients (out of 40)
[92mINFO [0m:      aggregate_fit: received 40 results and 0 failures
[92mINFO [0m:      configure_evaluate: no clients selected, skipping evaluation
[92mINFO [0m:      
[92mINFO [0m:      [ROUND 138]
[92mINFO [0m:      configure_fit: strategy sampled 40 clients (out of 40)
[92mINFO [0m:      aggregate_fit: received 40 results and 0 failures
[92mINFO [0m:      fit progress: (138, 2.4376601889451197, {'accuracy': 0.1015, 'ece': 0.1028057814487815}, 2298.2495720824227)
[92mINFO [0m:      configure_evaluate: no clients selected, skipping evaluation
[92mINFO [0m:      
[92mINFO [0m:      [ROUND 139]
[92mINFO [0m:      configure_fit: strategy sampled 40 clients (out of 40)
[92mINFO [0m:      aggregate_fit: received 40 results and 0 failures
[92mINFO [0m:      configure_evaluate: no clients selected, skipping evaluation
[92mINFO [0m:      
[92mINFO [0m:      [ROUND 140]
[92mINFO [0m:      configure_fit: strategy sampled 40 clients (out of 40)
[92mINFO [0m:      aggregate_fit: received 40 results and 0 failures
[92mINFO [0m:      fit progress: (140, 2.441816884861928, {'accuracy': 0.1006, 'ece': 0.1112628007107973}, 2330.7268690033816)
[92mINFO [0m:      configure_evaluate: no clients selected, skipping evaluation
[92mINFO [0m:      
[92mINFO [0m:      [ROUND 141]
[92mINFO [0m:      configure_fit: strategy sampled 40 clients (out of 40)
[92mINFO [0m:      aggregate_fit: received 40 results and 0 failures
[92mINFO [0m:      configure_evaluate: no clients selected, skipping evaluation
[92mINFO [0m:      
[92mINFO [0m:      [ROUND 142]
[92mINFO [0m:      configure_fit: strategy sampled 40 clients (out of 40)
[92mINFO [0m:      aggregate_fit: received 40 results and 0 failures
[92mINFO [0m:      fit progress: (142, 2.4214176333496282, {'accuracy': 0.1, 'ece': 0.1093302426686883}, 2363.5754179740325)
[92mINFO [0m:      configure_evaluate: no clients selected, skipping evaluation
[92mINFO [0m:      
[92mINFO [0m:      [ROUND 143]
[92mINFO [0m:      configure_fit: strategy sampled 40 clients (out of 40)
[92mINFO [0m:      aggregate_fit: received 40 results and 0 failures
[92mINFO [0m:      configure_evaluate: no clients selected, skipping evaluation
[92mINFO [0m:      
[92mINFO [0m:      [ROUND 144]
[92mINFO [0m:      configure_fit: strategy sampled 40 clients (out of 40)
[92mINFO [0m:      aggregate_fit: received 40 results and 0 failures
[92mINFO [0m:      fit progress: (144, 2.4347104388406473, {'accuracy': 0.1001, 'ece': 0.10950733218252659}, 2396.650368019007)
[92mINFO [0m:      configure_evaluate: no clients selected, skipping evaluation
[92mINFO [0m:      
[92mINFO [0m:      [ROUND 145]
[92mINFO [0m:      configure_fit: strategy sampled 40 clients (out of 40)
[92mINFO [0m:      aggregate_fit: received 40 results and 0 failures
[92mINFO [0m:      configure_evaluate: no clients selected, skipping evaluation
[92mINFO [0m:      
[92mINFO [0m:      [ROUND 146]
[92mINFO [0m:      configure_fit: strategy sampled 40 clients (out of 40)
[92mINFO [0m:      aggregate_fit: received 40 results and 0 failures
[92mINFO [0m:      fit progress: (146, 2.4190106291105016, {'accuracy': 0.1226, 'ece': 0.08785473386555911}, 2430.8535256274045)
[92mINFO [0m:      configure_evaluate: no clients selected, skipping evaluation
[92mINFO [0m:      
[92mINFO [0m:      [ROUND 147]
[92mINFO [0m:      configure_fit: strategy sampled 40 clients (out of 40)
[92mINFO [0m:      aggregate_fit: received 40 results and 0 failures
[92mINFO [0m:      configure_evaluate: no clients selected, skipping evaluation
[92mINFO [0m:      
[92mINFO [0m:      [ROUND 148]
[92mINFO [0m:      configure_fit: strategy sampled 40 clients (out of 40)
[92mINFO [0m:      aggregate_fit: received 40 results and 0 failures
[92mINFO [0m:      fit progress: (148, 2.4153635575143797, {'accuracy': 0.1009, 'ece': 0.09598646343499422}, 2463.9324312550016)
[92mINFO [0m:      configure_evaluate: no clients selected, skipping evaluation
[92mINFO [0m:      
[92mINFO [0m:      [ROUND 149]
[92mINFO [0m:      configure_fit: strategy sampled 40 clients (out of 40)
[92mINFO [0m:      aggregate_fit: received 40 results and 0 failures
[92mINFO [0m:      configure_evaluate: no clients selected, skipping evaluation
[92mINFO [0m:      
[92mINFO [0m:      [ROUND 150]
[92mINFO [0m:      configure_fit: strategy sampled 40 clients (out of 40)
[92mINFO [0m:      aggregate_fit: received 40 results and 0 failures
[92mINFO [0m:      fit progress: (150, 2.4143093150821753, {'accuracy': 0.101, 'ece': 0.09292131229281426}, 2497.9955023201182)
[92mINFO [0m:      configure_evaluate: no clients selected, skipping evaluation
[92mINFO [0m:      
[92mINFO [0m:      [ROUND 151]
[92mINFO [0m:      configure_fit: strategy sampled 40 clients (out of 40)
[92mINFO [0m:      aggregate_fit: received 40 results and 0 failures
[92mINFO [0m:      configure_evaluate: no clients selected, skipping evaluation
[92mINFO [0m:      
[92mINFO [0m:      [ROUND 152]
[92mINFO [0m:      configure_fit: strategy sampled 40 clients (out of 40)
[92mINFO [0m:      aggregate_fit: received 40 results and 0 failures
[92mINFO [0m:      fit progress: (152, 2.428447870085596, {'accuracy': 0.1037, 'ece': 0.09702343906491995}, 2531.5548056601547)
[92mINFO [0m:      configure_evaluate: no clients selected, skipping evaluation
[92mINFO [0m:      
[92mINFO [0m:      [ROUND 153]
[92mINFO [0m:      configure_fit: strategy sampled 40 clients (out of 40)
[92mINFO [0m:      aggregate_fit: received 40 results and 0 failures
[92mINFO [0m:      configure_evaluate: no clients selected, skipping evaluation
[92mINFO [0m:      
[92mINFO [0m:      [ROUND 154]
[92mINFO [0m:      configure_fit: strategy sampled 40 clients (out of 40)
[92mINFO [0m:      aggregate_fit: received 40 results and 0 failures
[92mINFO [0m:      fit progress: (154, 2.41144099351176, {'accuracy': 0.102, 'ece': 0.0906873922908306}, 2566.444511863403)
[92mINFO [0m:      configure_evaluate: no clients selected, skipping evaluation
[92mINFO [0m:      
[92mINFO [0m:      [ROUND 155]
[92mINFO [0m:      configure_fit: strategy sampled 40 clients (out of 40)
[92mINFO [0m:      aggregate_fit: received 40 results and 0 failures
[92mINFO [0m:      configure_evaluate: no clients selected, skipping evaluation
[92mINFO [0m:      
[92mINFO [0m:      [ROUND 156]
[92mINFO [0m:      configure_fit: strategy sampled 40 clients (out of 40)
[92mINFO [0m:      aggregate_fit: received 40 results and 0 failures
[92mINFO [0m:      fit progress: (156, 2.435106639996997, {'accuracy': 0.1001, 'ece': 0.11169657055377963}, 2601.0337903280742)
[92mINFO [0m:      configure_evaluate: no clients selected, skipping evaluation
[92mINFO [0m:      
[92mINFO [0m:      [ROUND 157]
[92mINFO [0m:      configure_fit: strategy sampled 40 clients (out of 40)
[92mINFO [0m:      aggregate_fit: received 40 results and 0 failures
[92mINFO [0m:      configure_evaluate: no clients selected, skipping evaluation
[92mINFO [0m:      
[92mINFO [0m:      [ROUND 158]
[92mINFO [0m:      configure_fit: strategy sampled 40 clients (out of 40)
[92mINFO [0m:      aggregate_fit: received 40 results and 0 failures
[92mINFO [0m:      fit progress: (158, 2.440096910822823, {'accuracy': 0.1, 'ece': 0.1245253891658783}, 2635.053606214002)
[92mINFO [0m:      configure_evaluate: no clients selected, skipping evaluation
[92mINFO [0m:      
[92mINFO [0m:      [ROUND 159]
[92mINFO [0m:      configure_fit: strategy sampled 40 clients (out of 40)
[92mINFO [0m:      aggregate_fit: received 40 results and 0 failures
[92mINFO [0m:      configure_evaluate: no clients selected, skipping evaluation
[92mINFO [0m:      
[92mINFO [0m:      [ROUND 160]
[92mINFO [0m:      configure_fit: strategy sampled 40 clients (out of 40)
[92mINFO [0m:      aggregate_fit: received 40 results and 0 failures
[92mINFO [0m:      fit progress: (160, 2.4222284574425053, {'accuracy': 0.1, 'ece': 0.1125470769068599}, 2668.8545637461357)
[92mINFO [0m:      configure_evaluate: no clients selected, skipping evaluation
[92mINFO [0m:      
[92mINFO [0m:      [SUMMARY]
[92mINFO [0m:      Run finished 160 round(s) in 2668.85s
[92mINFO [0m:      	History (loss, centralized):
[92mINFO [0m:      		round 0: 2.3708087632663397
[92mINFO [0m:      		round 2: 2.382568807376698
[92mINFO [0m:      		round 4: 2.357222450086261
[92mINFO [0m:      		round 6: 2.363564519760375
[92mINFO [0m:      		round 8: 2.3818069525506043
[92mINFO [0m:      		round 10: 2.36834279262237
[92mINFO [0m:      		round 12: 2.367884991520132
[92mINFO [0m:      		round 14: 2.3629403447912876
[92mINFO [0m:      		round 16: 2.3606105769306382
[92mINFO [0m:      		round 18: 2.345949677081391
[92mINFO [0m:      		round 20: 2.3599618271143026
[92mINFO [0m:      		round 22: 2.3457860076597807
[92mINFO [0m:      		round 24: 2.37027817547267
[92mINFO [0m:      		round 26: 2.3640862088712207
[92mINFO [0m:      		round 28: 2.3597710693935268
[92mINFO [0m:      		round 30: 2.3721228906098264
[92mINFO [0m:      		round 32: 2.3608669807907057
[92mINFO [0m:      		round 34: 2.3667081921294746
[92mINFO [0m:      		round 36: 2.3788319145028898
[92mINFO [0m:      		round 38: 2.3685932284693014
[92mINFO [0m:      		round 40: 2.365955657040263
[92mINFO [0m:      		round 42: 2.357986255954246
[92mINFO [0m:      		round 44: 2.3768303945431213
[92mINFO [0m:      		round 46: 2.3652156948401806
[92mINFO [0m:      		round 48: 2.3671737891120457
[92mINFO [0m:      		round 50: 2.360819926623156
[92mINFO [0m:      		round 52: 2.370638960421914
[92mINFO [0m:      		round 54: 2.3700129552930522
[92mINFO [0m:      		round 56: 2.373357676761732
[92mINFO [0m:      		round 58: 2.393315468675781
[92mINFO [0m:      		round 60: 2.367146427069478
[92mINFO [0m:      		round 62: 2.387984157457564
[92mINFO [0m:      		round 64: 2.3736071552782207
[92mINFO [0m:      		round 66: 2.389794059623326
[92mINFO [0m:      		round 68: 2.376808279220726
[92mINFO [0m:      		round 70: 2.3835021343239933
[92mINFO [0m:      		round 72: 2.387223834646816
[92mINFO [0m:      		round 74: 2.394081562284616
[92mINFO [0m:      		round 76: 2.3772810560086737
[92mINFO [0m:      		round 78: 2.3807925528159153
[92mINFO [0m:      		round 80: 2.387493159366214
[92mINFO [0m:      		round 82: 2.3959627785992206
[92mINFO [0m:      		round 84: 2.392537702468623
[92mINFO [0m:      		round 86: 2.387908656736867
[92mINFO [0m:      		round 88: 2.3985175217367734
[92mINFO [0m:      		round 90: 2.412387060023668
[92mINFO [0m:      		round 92: 2.408419585995159
[92mINFO [0m:      		round 94: 2.3984010932689213
[92mINFO [0m:      		round 96: 2.4046976652688943
[92mINFO [0m:      		round 98: 2.4044662202165936
[92mINFO [0m:      		round 100: 2.391327024306043
[92mINFO [0m:      		round 102: 2.402452494393156
[92mINFO [0m:      		round 104: 2.3920411765141862
[92mINFO [0m:      		round 106: 2.4198901424854355
[92mINFO [0m:      		round 108: 2.4101697226538694
[92mINFO [0m:      		round 110: 2.4130558390855024
[92mINFO [0m:      		round 112: 2.424021730633431
[92mINFO [0m:      		round 114: 2.4054580368505616
[92mINFO [0m:      		round 116: 2.4278395503762873
[92mINFO [0m:      		round 118: 2.4199112891401504
[92mINFO [0m:      		round 120: 2.4238638225701723
[92mINFO [0m:      		round 122: 2.4286162587016604
[92mINFO [0m:      		round 124: 2.4179539066739086
[92mINFO [0m:      		round 126: 2.407451730985105
[92mINFO [0m:      		round 128: 2.426824842679012
[92mINFO [0m:      		round 130: 2.421622020944806
[92mINFO [0m:      		round 132: 2.432624217146899
[92mINFO [0m:      		round 134: 2.4147148974539983
[92mINFO [0m:      		round 136: 2.429254612631227
[92mINFO [0m:      		round 138: 2.4376601889451197
[92mINFO [0m:      		round 140: 2.441816884861928
[92mINFO [0m:      		round 142: 2.4214176333496282
[92mINFO [0m:      		round 144: 2.4347104388406473
[92mINFO [0m:      		round 146: 2.4190106291105016
[92mINFO [0m:      		round 148: 2.4153635575143797
[92mINFO [0m:      		round 150: 2.4143093150821753
[92mINFO [0m:      		round 152: 2.428447870085596
[92mINFO [0m:      		round 154: 2.41144099351176
[92mINFO [0m:      		round 156: 2.435106639996997
[92mINFO [0m:      		round 158: 2.440096910822823
[92mINFO [0m:      		round 160: 2.4222284574425053
[92mINFO [0m:      	History (metrics, distributed, fit):
[92mINFO [0m:      	{'aircomp_nmse': [(1, 0.031965846665665903),
[92mINFO [0m:      	                  (2, 0.01409415809830628),
[92mINFO [0m:      	                  (3, 0.04716542809422626),
[92mINFO [0m:      	                  (4, 0.020697553529942566),
[92mINFO [0m:      	                  (5, 0.009799540025881872),
[92mINFO [0m:      	                  (6, 0.007680016737169615),
[92mINFO [0m:      	                  (7, 0.025142223817826846),
[92mINFO [0m:      	                  (8, 0.015110513735728642),
[92mINFO [0m:      	                  (9, 0.006146090103777911),
[92mINFO [0m:      	                  (10, 0.007734797858938695),
[92mINFO [0m:      	                  (11, 0.02606024406401674),
[92mINFO [0m:      	                  (12, 0.022126102187493068),
[92mINFO [0m:      	                  (13, 0.05711454510938933),
[92mINFO [0m:      	                  (14, 0.022018891613416344),
[92mINFO [0m:      	                  (15, 0.03636356826652582),
[92mINFO [0m:      	                  (16, 0.009417107578142578),
[92mINFO [0m:      	                  (17, 0.019980542474152357),
[92mINFO [0m:      	                  (18, 0.017077292844425433),
[92mINFO [0m:      	                  (19, 0.017638468149240874),
[92mINFO [0m:      	                  (20, 0.018984282270598774),
[92mINFO [0m:      	                  (21, 0.01753327318598363),
[92mINFO [0m:      	                  (22, 0.01595494427879158),
[92mINFO [0m:      	                  (23, 0.02806449912050622),
[92mINFO [0m:      	                  (24, 0.01775197350765759),
[92mINFO [0m:      	                  (25, 0.01980227741856019),
[92mINFO [0m:      	                  (26, 0.015497500677402036),
[92mINFO [0m:      	                  (27, 0.00929771899926714),
[92mINFO [0m:      	                  (28, 0.006614230193389308),
[92mINFO [0m:      	                  (29, 0.03694866527086443),
[92mINFO [0m:      	                  (30, 0.009400287315503731),
[92mINFO [0m:      	                  (31, 0.022776805334168655),
[92mINFO [0m:      	                  (32, 0.013953979043022468),
[92mINFO [0m:      	                  (33, 0.031844288666201905),
[92mINFO [0m:      	                  (34, 0.014174012537804226),
[92mINFO [0m:      	                  (35, 0.06246346767734733),
[92mINFO [0m:      	                  (36, 0.038809107429687406),
[92mINFO [0m:      	                  (37, 0.03399074771300069),
[92mINFO [0m:      	                  (38, 0.021136416046575048),
[92mINFO [0m:      	                  (39, 0.014471449887953874),
[92mINFO [0m:      	                  (40, 0.01892247042265062),
[92mINFO [0m:      	                  (41, 0.021166166407443725),
[92mINFO [0m:      	                  (42, 0.03255830619974345),
[92mINFO [0m:      	                  (43, 0.02649925587787863),
[92mINFO [0m:      	                  (44, 0.018831589261971118),
[92mINFO [0m:      	                  (45, 0.047255461431258944),
[92mINFO [0m:      	                  (46, 0.016178798805616117),
[92mINFO [0m:      	                  (47, 0.026341801146235924),
[92mINFO [0m:      	                  (48, 0.012026816593485735),
[92mINFO [0m:      	                  (49, 0.028590573584189385),
[92mINFO [0m:      	                  (50, 0.02224969002345832),
[92mINFO [0m:      	                  (51, 0.019896311453253362),
[92mINFO [0m:      	                  (52, 0.019270713215162077),
[92mINFO [0m:      	                  (53, 0.01493892615936201),
[92mINFO [0m:      	                  (54, 0.01173453165540168),
[92mINFO [0m:      	                  (55, 0.022071415670826378),
[92mINFO [0m:      	                  (56, 0.013077876226825809),
[92mINFO [0m:      	                  (57, 0.05615666569897496),
[92mINFO [0m:      	                  (58, 0.019105752483281016),
[92mINFO [0m:      	                  (59, 0.11352054829008339),
[92mINFO [0m:      	                  (60, 0.022327740156757418),
[92mINFO [0m:      	                  (61, 0.03750436161471478),
[92mINFO [0m:      	                  (62, 0.01478729597088345),
[92mINFO [0m:      	                  (63, 0.025349292337521548),
[92mINFO [0m:      	                  (64, 0.008632934736605322),
[92mINFO [0m:      	                  (65, 0.028563651566017718),
[92mINFO [0m:      	                  (66, 0.00996861169402026),
[92mINFO [0m:      	                  (67, 0.00573506638568802),
[92mINFO [0m:      	                  (68, 0.005491370653568633),
[92mINFO [0m:      	                  (69, 0.018378012788155467),
[92mINFO [0m:      	                  (70, 0.00875562263497046),
[92mINFO [0m:      	                  (71, 0.009041390065491843),
[92mINFO [0m:      	                  (72, 0.015093580894921571),
[92mINFO [0m:      	                  (73, 0.035586632858441165),
[92mINFO [0m:      	                  (74, 0.04657711504229751),
[92mINFO [0m:      	                  (75, 0.062297070098249),
[92mINFO [0m:      	                  (76, 0.031850579632155006),
[92mINFO [0m:      	                  (77, 0.09231851564851735),
[92mINFO [0m:      	                  (78, 0.040397332529556046),
[92mINFO [0m:      	                  (79, 0.049005051768051554),
[92mINFO [0m:      	                  (80, 0.014554750584742232),
[92mINFO [0m:      	                  (81, 0.018300433665535833),
[92mINFO [0m:      	                  (82, 0.029855141336138553),
[92mINFO [0m:      	                  (83, 0.03411964679515273),
[92mINFO [0m:      	                  (84, 0.021855843154804308),
[92mINFO [0m:      	                  (85, 0.025521170016836008),
[92mINFO [0m:      	                  (86, 0.03371083019447236),
[92mINFO [0m:      	                  (87, 0.03093191693524782),
[92mINFO [0m:      	                  (88, 0.04507073170397452),
[92mINFO [0m:      	                  (89, 0.01968568948437335),
[92mINFO [0m:      	                  (90, 0.025332399848701514),
[92mINFO [0m:      	                  (91, 0.017330714992821888),
[92mINFO [0m:      	                  (92, 0.012756482825853495),
[92mINFO [0m:      	                  (93, 0.0649068039813266),
[92mINFO [0m:      	                  (94, 0.0398259423699474),
[92mINFO [0m:      	                  (95, 0.02127533440081472),
[92mINFO [0m:      	                  (96, 0.009586792554940467),
[92mINFO [0m:      	                  (97, 0.010592824313540073),
[92mINFO [0m:      	                  (98, 0.009385055219223531),
[92mINFO [0m:      	                  (99, 0.008328239112622322),
[92mINFO [0m:      	                  (100, 0.015814259574371915),
[92mINFO [0m:      	                  (101, 0.03272619222785327),
[92mINFO [0m:      	                  (102, 0.028447751407394566),
[92mINFO [0m:      	                  (103, 0.008047077413455962),
[92mINFO [0m:      	                  (104, 0.04392134803072236),
[92mINFO [0m:      	                  (105, 0.11142176467961791),
[92mINFO [0m:      	                  (106, 0.030708234627638293),
[92mINFO [0m:      	                  (107, 0.0334805605037022),
[92mINFO [0m:      	                  (108, 0.033439050423278306),
[92mINFO [0m:      	                  (109, 0.04061513530340258),
[92mINFO [0m:      	                  (110, 0.0206394837386865),
[92mINFO [0m:      	                  (111, 0.021460098181361575),
[92mINFO [0m:      	                  (112, 0.01948722334338014),
[92mINFO [0m:      	                  (113, 0.011127942136073288),
[92mINFO [0m:      	                  (114, 0.03403829796393295),
[92mINFO [0m:      	                  (115, 0.026491896779247896),
[92mINFO [0m:      	                  (116, 0.02472126552228947),
[92mINFO [0m:      	                  (117, 0.08949579016968374),
[92mINFO [0m:      	                  (118, 0.05094044229164199),
[92mINFO [0m:      	                  (119, 0.036879941468791845),
[92mINFO [0m:      	                  (120, 0.0317522448082629),
[92mINFO [0m:      	                  (121, 0.06316726241548304),
[92mINFO [0m:      	                  (122, 0.044441899433229105),
[92mINFO [0m:      	                  (123, 0.05022481738389648),
[92mINFO [0m:      	                  (124, 0.011348868277914755),
[92mINFO [0m:      	                  (125, 0.016000727879051987),
[92mINFO [0m:      	                  (126, 0.014704416265809936),
[92mINFO [0m:      	                  (127, 0.03268858790428619),
[92mINFO [0m:      	                  (128, 0.01706448211318317),
[92mINFO [0m:      	                  (129, 0.05374572915113558),
[92mINFO [0m:      	                  (130, 0.031848174664921965),
[92mINFO [0m:      	                  (131, 0.009525138466485148),
[92mINFO [0m:      	                  (132, 0.02597478514641612),
[92mINFO [0m:      	                  (133, 0.050792612047384875),
[92mINFO [0m:      	                  (134, 0.03689734157702553),
[92mINFO [0m:      	                  (135, 0.03621238476095715),
[92mINFO [0m:      	                  (136, 0.02569557539423725),
[92mINFO [0m:      	                  (137, 0.01321172074617513),
[92mINFO [0m:      	                  (138, 0.012077567539915773),
[92mINFO [0m:      	                  (139, 0.05198026639730149),
[92mINFO [0m:      	                  (140, 0.02108240767625907),
[92mINFO [0m:      	                  (141, 0.1190754191610133),
[92mINFO [0m:      	                  (142, 0.046028226025402595),
[92mINFO [0m:      	                  (143, 0.021331579054434),
[92mINFO [0m:      	                  (144, 0.0127624121689549),
[92mINFO [0m:      	                  (145, 0.0085415997371489),
[92mINFO [0m:      	                  (146, 0.017096114288226643),
[92mINFO [0m:      	                  (147, 0.035499732014852924),
[92mINFO [0m:      	                  (148, 0.018723208109871933),
[92mINFO [0m:      	                  (149, 0.0319733898250456),
[92mINFO [0m:      	                  (150, 0.014629444543447454),
[92mINFO [0m:      	                  (151, 0.04697922663253318),
[92mINFO [0m:      	                  (152, 0.042576995104705),
[92mINFO [0m:      	                  (153, 0.014286691657390924),
[92mINFO [0m:      	                  (154, 0.02732154167492951),
[92mINFO [0m:      	                  (155, 0.022430977247415183),
[92mINFO [0m:      	                  (156, 0.03175500800417599),
[92mINFO [0m:      	                  (157, 0.0679101417502671),
[92mINFO [0m:      	                  (158, 0.0683686372034922),
[92mINFO [0m:      	                  (159, 0.06249371530682679),
[92mINFO [0m:      	                  (160, 0.07282190685530404)],
[92mINFO [0m:      	 'logical_round': [(1, 1.0),
[92mINFO [0m:      	                   (2, 1.0),
[92mINFO [0m:      	                   (3, 2.0),
[92mINFO [0m:      	                   (4, 2.0),
[92mINFO [0m:      	                   (5, 3.0),
[92mINFO [0m:      	                   (6, 3.0),
[92mINFO [0m:      	                   (7, 4.0),
[92mINFO [0m:      	                   (8, 4.0),
[92mINFO [0m:      	                   (9, 5.0),
[92mINFO [0m:      	                   (10, 5.0),
[92mINFO [0m:      	                   (11, 6.0),
[92mINFO [0m:      	                   (12, 6.0),
[92mINFO [0m:      	                   (13, 7.0),
[92mINFO [0m:      	                   (14, 7.0),
[92mINFO [0m:      	                   (15, 8.0),
[92mINFO [0m:      	                   (16, 8.0),
[92mINFO [0m:      	                   (17, 9.0),
[92mINFO [0m:      	                   (18, 9.0),
[92mINFO [0m:      	                   (19, 10.0),
[92mINFO [0m:      	                   (20, 10.0),
[92mINFO [0m:      	                   (21, 11.0),
[92mINFO [0m:      	                   (22, 11.0),
[92mINFO [0m:      	                   (23, 12.0),
[92mINFO [0m:      	                   (24, 12.0),
[92mINFO [0m:      	                   (25, 13.0),
[92mINFO [0m:      	                   (26, 13.0),
[92mINFO [0m:      	                   (27, 14.0),
[92mINFO [0m:      	                   (28, 14.0),
[92mINFO [0m:      	                   (29, 15.0),
[92mINFO [0m:      	                   (30, 15.0),
[92mINFO [0m:      	                   (31, 16.0),
[92mINFO [0m:      	                   (32, 16.0),
[92mINFO [0m:      	                   (33, 17.0),
[92mINFO [0m:      	                   (34, 17.0),
[92mINFO [0m:      	                   (35, 18.0),
[92mINFO [0m:      	                   (36, 18.0),
[92mINFO [0m:      	                   (37, 19.0),
[92mINFO [0m:      	                   (38, 19.0),
[92mINFO [0m:      	                   (39, 20.0),
[92mINFO [0m:      	                   (40, 20.0),
[92mINFO [0m:      	                   (41, 21.0),
[92mINFO [0m:      	                   (42, 21.0),
[92mINFO [0m:      	                   (43, 22.0),
[92mINFO [0m:      	                   (44, 22.0),
[92mINFO [0m:      	                   (45, 23.0),
[92mINFO [0m:      	                   (46, 23.0),
[92mINFO [0m:      	                   (47, 24.0),
[92mINFO [0m:      	                   (48, 24.0),
[92mINFO [0m:      	                   (49, 25.0),
[92mINFO [0m:      	                   (50, 25.0),
[92mINFO [0m:      	                   (51, 26.0),
[92mINFO [0m:      	                   (52, 26.0),
[92mINFO [0m:      	                   (53, 27.0),
[92mINFO [0m:      	                   (54, 27.0),
[92mINFO [0m:      	                   (55, 28.0),
[92mINFO [0m:      	                   (56, 28.0),
[92mINFO [0m:      	                   (57, 29.0),
[92mINFO [0m:      	                   (58, 29.0),
[92mINFO [0m:      	                   (59, 30.0),
[92mINFO [0m:      	                   (60, 30.0),
[92mINFO [0m:      	                   (61, 31.0),
[92mINFO [0m:      	                   (62, 31.0),
[92mINFO [0m:      	                   (63, 32.0),
[92mINFO [0m:      	                   (64, 32.0),
[92mINFO [0m:      	                   (65, 33.0),
[92mINFO [0m:      	                   (66, 33.0),
[92mINFO [0m:      	                   (67, 34.0),
[92mINFO [0m:      	                   (68, 34.0),
[92mINFO [0m:      	                   (69, 35.0),
[92mINFO [0m:      	                   (70, 35.0),
[92mINFO [0m:      	                   (71, 36.0),
[92mINFO [0m:      	                   (72, 36.0),
[92mINFO [0m:      	                   (73, 37.0),
[92mINFO [0m:      	                   (74, 37.0),
[92mINFO [0m:      	                   (75, 38.0),
[92mINFO [0m:      	                   (76, 38.0),
[92mINFO [0m:      	                   (77, 39.0),
[92mINFO [0m:      	                   (78, 39.0),
[92mINFO [0m:      	                   (79, 40.0),
[92mINFO [0m:      	                   (80, 40.0),
[92mINFO [0m:      	                   (81, 41.0),
[92mINFO [0m:      	                   (82, 41.0),
[92mINFO [0m:      	                   (83, 42.0),
[92mINFO [0m:      	                   (84, 42.0),
[92mINFO [0m:      	                   (85, 43.0),
[92mINFO [0m:      	                   (86, 43.0),
[92mINFO [0m:      	                   (87, 44.0),
[92mINFO [0m:      	                   (88, 44.0),
[92mINFO [0m:      	                   (89, 45.0),
[92mINFO [0m:      	                   (90, 45.0),
[92mINFO [0m:      	                   (91, 46.0),
[92mINFO [0m:      	                   (92, 46.0),
[92mINFO [0m:      	                   (93, 47.0),
[92mINFO [0m:      	                   (94, 47.0),
[92mINFO [0m:      	                   (95, 48.0),
[92mINFO [0m:      	                   (96, 48.0),
[92mINFO [0m:      	                   (97, 49.0),
[92mINFO [0m:      	                   (98, 49.0),
[92mINFO [0m:      	                   (99, 50.0),
[92mINFO [0m:      	                   (100, 50.0),
[92mINFO [0m:      	                   (101, 51.0),
[92mINFO [0m:      	                   (102, 51.0),
[92mINFO [0m:      	                   (103, 52.0),
[92mINFO [0m:      	                   (104, 52.0),
[92mINFO [0m:      	                   (105, 53.0),
[92mINFO [0m:      	                   (106, 53.0),
[92mINFO [0m:      	                   (107, 54.0),
[92mINFO [0m:      	                   (108, 54.0),
[92mINFO [0m:      	                   (109, 55.0),
[92mINFO [0m:      	                   (110, 55.0),
[92mINFO [0m:      	                   (111, 56.0),
[92mINFO [0m:      	                   (112, 56.0),
[92mINFO [0m:      	                   (113, 57.0),
[92mINFO [0m:      	                   (114, 57.0),
[92mINFO [0m:      	                   (115, 58.0),
[92mINFO [0m:      	                   (116, 58.0),
[92mINFO [0m:      	                   (117, 59.0),
[92mINFO [0m:      	                   (118, 59.0),
[92mINFO [0m:      	                   (119, 60.0),
[92mINFO [0m:      	                   (120, 60.0),
[92mINFO [0m:      	                   (121, 61.0),
[92mINFO [0m:      	                   (122, 61.0),
[92mINFO [0m:      	                   (123, 62.0),
[92mINFO [0m:      	                   (124, 62.0),
[92mINFO [0m:      	                   (125, 63.0),
[92mINFO [0m:      	                   (126, 63.0),
[92mINFO [0m:      	                   (127, 64.0),
[92mINFO [0m:      	                   (128, 64.0),
[92mINFO [0m:      	                   (129, 65.0),
[92mINFO [0m:      	                   (130, 65.0),
[92mINFO [0m:      	                   (131, 66.0),
[92mINFO [0m:      	                   (132, 66.0),
[92mINFO [0m:      	                   (133, 67.0),
[92mINFO [0m:      	                   (134, 67.0),
[92mINFO [0m:      	                   (135, 68.0),
[92mINFO [0m:      	                   (136, 68.0),
[92mINFO [0m:      	                   (137, 69.0),
[92mINFO [0m:      	                   (138, 69.0),
[92mINFO [0m:      	                   (139, 70.0),
[92mINFO [0m:      	                   (140, 70.0),
[92mINFO [0m:      	                   (141, 71.0),
[92mINFO [0m:      	                   (142, 71.0),
[92mINFO [0m:      	                   (143, 72.0),
[92mINFO [0m:      	                   (144, 72.0),
[92mINFO [0m:      	                   (145, 73.0),
[92mINFO [0m:      	                   (146, 73.0),
[92mINFO [0m:      	                   (147, 74.0),
[92mINFO [0m:      	                   (148, 74.0),
[92mINFO [0m:      	                   (149, 75.0),
[92mINFO [0m:      	                   (150, 75.0),
[92mINFO [0m:      	                   (151, 76.0),
[92mINFO [0m:      	                   (152, 76.0),
[92mINFO [0m:      	                   (153, 77.0),
[92mINFO [0m:      	                   (154, 77.0),
[92mINFO [0m:      	                   (155, 78.0),
[92mINFO [0m:      	                   (156, 78.0),
[92mINFO [0m:      	                   (157, 79.0),
[92mINFO [0m:      	                   (158, 79.0),
[92mINFO [0m:      	                   (159, 80.0),
[92mINFO [0m:      	                   (160, 80.0)],
[92mINFO [0m:      	 'phase_train_loss': [(1, 2.3577120252203723),
[92mINFO [0m:      	                      (2, 2.3693359658288804),
[92mINFO [0m:      	                      (3, 2.3654735487572176),
[92mINFO [0m:      	                      (4, 2.362318690116626),
[92mINFO [0m:      	                      (5, 2.3482693770167065),
[92mINFO [0m:      	                      (6, 2.3627523831651756),
[92mINFO [0m:      	                      (7, 2.339094972270915),
[92mINFO [0m:      	                      (8, 2.3241939447661015),
[92mINFO [0m:      	                      (9, 2.3162828695737696),
[92mINFO [0m:      	                      (10, 2.333407771284194),
[92mINFO [0m:      	                      (11, 2.3089901346883837),
[92mINFO [0m:      	                      (12, 2.315872913022977),
[92mINFO [0m:      	                      (13, 2.306477969878809),
[92mINFO [0m:      	                      (14, 2.29999428067057),
[92mINFO [0m:      	                      (15, 2.303401242680127),
[92mINFO [0m:      	                      (16, 2.316569644000498),
[92mINFO [0m:      	                      (17, 2.299058303755395),
[92mINFO [0m:      	                      (18, 2.304006571881284),
[92mINFO [0m:      	                      (19, 2.2676379835375204),
[92mINFO [0m:      	                      (20, 2.2939587854053576),
[92mINFO [0m:      	                      (21, 2.274871667064461),
[92mINFO [0m:      	                      (22, 2.2937242354648157),
[92mINFO [0m:      	                      (23, 2.2908322168390964),
[92mINFO [0m:      	                      (24, 2.2773293014945484),
[92mINFO [0m:      	                      (25, 2.267261599039134),
[92mINFO [0m:      	                      (26, 2.2759438814491126),
[92mINFO [0m:      	                      (27, 2.2538063289917862),
[92mINFO [0m:      	                      (28, 2.2686181135361942),
[92mINFO [0m:      	                      (29, 2.263263391939087),
[92mINFO [0m:      	                      (30, 2.2591889797610407),
[92mINFO [0m:      	                      (31, 2.238150088057028),
[92mINFO [0m:      	                      (32, 2.2558790480496316),
[92mINFO [0m:      	                      (33, 2.2700532515439473),
[92mINFO [0m:      	                      (34, 2.251836940109548),
[92mINFO [0m:      	                      (35, 2.2293180599581306),
[92mINFO [0m:      	                      (36, 2.244566280019611),
[92mINFO [0m:      	                      (37, 2.232277185434243),
[92mINFO [0m:      	                      (38, 2.252112378327068),
[92mINFO [0m:      	                      (39, 2.2579119801642573),
[92mINFO [0m:      	                      (40, 2.2338264915489594),
[92mINFO [0m:      	                      (41, 2.2318816735082336),
[92mINFO [0m:      	                      (42, 2.2133430496479707),
[92mINFO [0m:      	                      (43, 2.236551722141394),
[92mINFO [0m:      	                      (44, 2.226790443102195),
[92mINFO [0m:      	                      (45, 2.231811428749185),
[92mINFO [0m:      	                      (46, 2.2328295035376793),
[92mINFO [0m:      	                      (47, 2.231659247552633),
[92mINFO [0m:      	                      (48, 2.232270037630689),
[92mINFO [0m:      	                      (49, 2.225824441065745),
[92mINFO [0m:      	                      (50, 2.217696577753201),
[92mINFO [0m:      	                      (51, 2.216389846413691),
[92mINFO [0m:      	                      (52, 2.2283454545759356),
[92mINFO [0m:      	                      (53, 2.2061689227425307),
[92mINFO [0m:      	                      (54, 2.2145877259915143),
[92mINFO [0m:      	                      (55, 2.19738666848758),
[92mINFO [0m:      	                      (56, 2.2107513683858504),
[92mINFO [0m:      	                      (57, 2.2173540381182244),
[92mINFO [0m:      	                      (58, 2.2328658134018053),
[92mINFO [0m:      	                      (59, 2.203190074156162),
[92mINFO [0m:      	                      (60, 2.206933454822063),
[92mINFO [0m:      	                      (61, 2.202525960974631),
[92mINFO [0m:      	                      (62, 2.20330819705253),
[92mINFO [0m:      	                      (63, 2.2084942900152194),
[92mINFO [0m:      	                      (64, 2.204179772719483),
[92mINFO [0m:      	                      (65, 2.211861548515933),
[92mINFO [0m:      	                      (66, 2.2109709079001227),
[92mINFO [0m:      	                      (67, 2.2021271535848186),
[92mINFO [0m:      	                      (68, 2.176032607892522),
[92mINFO [0m:      	                      (69, 2.201502060138319),
[92mINFO [0m:      	                      (70, 2.1941100686151893),
[92mINFO [0m:      	                      (71, 2.2069330551131934),
[92mINFO [0m:      	                      (72, 2.1890733891561824),
[92mINFO [0m:      	                      (73, 2.1928788232657817),
[92mINFO [0m:      	                      (74, 2.1840345582544867),
[92mINFO [0m:      	                      (75, 2.1886179290492076),
[92mINFO [0m:      	                      (76, 2.192468520171281),
[92mINFO [0m:      	                      (77, 2.1966862023664997),
[92mINFO [0m:      	                      (78, 2.2011484365375944),
[92mINFO [0m:      	                      (79, 2.189463724658303),
[92mINFO [0m:      	                      (80, 2.1909130697939188),
[92mINFO [0m:      	                      (81, 2.1984096073061377),
[92mINFO [0m:      	                      (82, 2.188193298526116),
[92mINFO [0m:      	                      (83, 2.1904151186938203),
[92mINFO [0m:      	                      (84, 2.1858267138957492),
[92mINFO [0m:      	                      (85, 2.182688517293998),
[92mINFO [0m:      	                      (86, 2.1850440148540815),
[92mINFO [0m:      	                      (87, 2.1746052335504356),
[92mINFO [0m:      	                      (88, 2.192689851778327),
[92mINFO [0m:      	                      (89, 2.1909514177852096),
[92mINFO [0m:      	                      (90, 2.167855237337968),
[92mINFO [0m:      	                      (91, 2.1770031056835837),
[92mINFO [0m:      	                      (92, 2.1796843325982618),
[92mINFO [0m:      	                      (93, 2.1980831576994455),
[92mINFO [0m:      	                      (94, 2.1784191996980904),
[92mINFO [0m:      	                      (95, 2.182714675328981),
[92mINFO [0m:      	                      (96, 2.181929378567731),
[92mINFO [0m:      	                      (97, 2.1801285232435283),
[92mINFO [0m:      	                      (98, 2.180716938938517),
[92mINFO [0m:      	                      (99, 2.1733039134152663),
[92mINFO [0m:      	                      (100, 2.1791517030671317),
[92mINFO [0m:      	                      (101, 2.186350075614052),
[92mINFO [0m:      	                      (102, 2.1845910764055843),
[92mINFO [0m:      	                      (103, 2.1679600658397344),
[92mINFO [0m:      	                      (104, 2.1745256286186456),
[92mINFO [0m:      	                      (105, 2.174739562895146),
[92mINFO [0m:      	                      (106, 2.181556929843471),
[92mINFO [0m:      	                      (107, 2.169170653613877),
[92mINFO [0m:      	                      (108, 2.1825505079112246),
[92mINFO [0m:      	                      (109, 2.1629366225652995),
[92mINFO [0m:      	                      (110, 2.184380953721816),
[92mINFO [0m:      	                      (111, 2.190282614815635),
[92mINFO [0m:      	                      (112, 2.1689671839484124),
[92mINFO [0m:      	                      (113, 2.171559688688416),
[92mINFO [0m:      	                      (114, 2.175553837385207),
[92mINFO [0m:      	                      (115, 2.1886477807045956),
[92mINFO [0m:      	                      (116, 2.1692912205553485),
[92mINFO [0m:      	                      (117, 2.1815033416903273),
[92mINFO [0m:      	                      (118, 2.172973598662616),
[92mINFO [0m:      	                      (119, 2.1927840837263255),
[92mINFO [0m:      	                      (120, 2.1818479124672656),
[92mINFO [0m:      	                      (121, 2.162735984623736),
[92mINFO [0m:      	                      (122, 2.174650450713273),
[92mINFO [0m:      	                      (123, 2.1795540694181454),
[92mINFO [0m:      	                      (124, 2.1741024285100123),
[92mINFO [0m:      	                      (125, 2.175198842356188),
[92mINFO [0m:      	                      (126, 2.1587054783305946),
[92mINFO [0m:      	                      (127, 2.1756007973563274),
[92mINFO [0m:      	                      (128, 2.1847089315358152),
[92mINFO [0m:      	                      (129, 2.1672177009155646),
[92mINFO [0m:      	                      (130, 2.1688295474978943),
[92mINFO [0m:      	                      (131, 2.1781524937611265),
[92mINFO [0m:      	                      (132, 2.169957264369526),
[92mINFO [0m:      	                      (133, 2.1794843889083166),
[92mINFO [0m:      	                      (134, 2.1616304702215494),
[92mINFO [0m:      	                      (135, 2.1762699503622125),
[92mINFO [0m:      	                      (136, 2.1782652326178336),
[92mINFO [0m:      	                      (137, 2.1542124735617803),
[92mINFO [0m:      	                      (138, 2.1720399749849),
[92mINFO [0m:      	                      (139, 2.1788895790356224),
[92mINFO [0m:      	                      (140, 2.1625052210515783),
[92mINFO [0m:      	                      (141, 2.166784139033615),
[92mINFO [0m:      	                      (142, 2.1523915008513876),
[92mINFO [0m:      	                      (143, 2.174806420606611),
[92mINFO [0m:      	                      (144, 2.1706868882824426),
[92mINFO [0m:      	                      (145, 2.1637323020554753),
[92mINFO [0m:      	                      (146, 2.17511987307792),
[92mINFO [0m:      	                      (147, 2.170323354618232),
[92mINFO [0m:      	                      (148, 2.1784524981633577),
[92mINFO [0m:      	                      (149, 2.1612526964437926),
[92mINFO [0m:      	                      (150, 2.158059031893011),
[92mINFO [0m:      	                      (151, 2.1545464066498643),
[92mINFO [0m:      	                      (152, 2.182623060503908),
[92mINFO [0m:      	                      (153, 2.1712880647800947),
[92mINFO [0m:      	                      (154, 2.1742301180306915),
[92mINFO [0m:      	                      (155, 2.1668108368696055),
[92mINFO [0m:      	                      (156, 2.170766666292053),
[92mINFO [0m:      	                      (157, 2.159458429330727),
[92mINFO [0m:      	                      (158, 2.177617254092274),
[92mINFO [0m:      	                      (159, 2.1743898238437227),
[92mINFO [0m:      	                      (160, 2.17428998549375)],
[92mINFO [0m:      	 'physical_round': [(1, 1.0),
[92mINFO [0m:      	                    (2, 2.0),
[92mINFO [0m:      	                    (3, 3.0),
[92mINFO [0m:      	                    (4, 4.0),
[92mINFO [0m:      	                    (5, 5.0),
[92mINFO [0m:      	                    (6, 6.0),
[92mINFO [0m:      	                    (7, 7.0),
[92mINFO [0m:      	                    (8, 8.0),
[92mINFO [0m:      	                    (9, 9.0),
[92mINFO [0m:      	                    (10, 10.0),
[92mINFO [0m:      	                    (11, 11.0),
[92mINFO [0m:      	                    (12, 12.0),
[92mINFO [0m:      	                    (13, 13.0),
[92mINFO [0m:      	                    (14, 14.0),
[92mINFO [0m:      	                    (15, 15.0),
[92mINFO [0m:      	                    (16, 16.0),
[92mINFO [0m:      	                    (17, 17.0),
[92mINFO [0m:      	                    (18, 18.0),
[92mINFO [0m:      	                    (19, 19.0),
[92mINFO [0m:      	                    (20, 20.0),
[92mINFO [0m:      	                    (21, 21.0),
[92mINFO [0m:      	                    (22, 22.0),
[92mINFO [0m:      	                    (23, 23.0),
[92mINFO [0m:      	                    (24, 24.0),
[92mINFO [0m:      	                    (25, 25.0),
[92mINFO [0m:      	                    (26, 26.0),
[92mINFO [0m:      	                    (27, 27.0),
[92mINFO [0m:      	                    (28, 28.0),
[92mINFO [0m:      	                    (29, 29.0),
[92mINFO [0m:      	                    (30, 30.0),
[92mINFO [0m:      	                    (31, 31.0),
[92mINFO [0m:      	                    (32, 32.0),
[92mINFO [0m:      	                    (33, 33.0),
[92mINFO [0m:      	                    (34, 34.0),
[92mINFO [0m:      	                    (35, 35.0),
[92mINFO [0m:      	                    (36, 36.0),
[92mINFO [0m:      	                    (37, 37.0),
[92mINFO [0m:      	                    (38, 38.0),
[92mINFO [0m:      	                    (39, 39.0),
[92mINFO [0m:      	                    (40, 40.0),
[92mINFO [0m:      	                    (41, 41.0),
[92mINFO [0m:      	                    (42, 42.0),
[92mINFO [0m:      	                    (43, 43.0),
[92mINFO [0m:      	                    (44, 44.0),
[92mINFO [0m:      	                    (45, 45.0),
[92mINFO [0m:      	                    (46, 46.0),
[92mINFO [0m:      	                    (47, 47.0),
[92mINFO [0m:      	                    (48, 48.0),
[92mINFO [0m:      	                    (49, 49.0),
[92mINFO [0m:      	                    (50, 50.0),
[92mINFO [0m:      	                    (51, 51.0),
[92mINFO [0m:      	                    (52, 52.0),
[92mINFO [0m:      	                    (53, 53.0),
[92mINFO [0m:      	                    (54, 54.0),
[92mINFO [0m:      	                    (55, 55.0),
[92mINFO [0m:      	                    (56, 56.0),
[92mINFO [0m:      	                    (57, 57.0),
[92mINFO [0m:      	                    (58, 58.0),
[92mINFO [0m:      	                    (59, 59.0),
[92mINFO [0m:      	                    (60, 60.0),
[92mINFO [0m:      	                    (61, 61.0),
[92mINFO [0m:      	                    (62, 62.0),
[92mINFO [0m:      	                    (63, 63.0),
[92mINFO [0m:      	                    (64, 64.0),
[92mINFO [0m:      	                    (65, 65.0),
[92mINFO [0m:      	                    (66, 66.0),
[92mINFO [0m:      	                    (67, 67.0),
[92mINFO [0m:      	                    (68, 68.0),
[92mINFO [0m:      	                    (69, 69.0),
[92mINFO [0m:      	                    (70, 70.0),
[92mINFO [0m:      	                    (71, 71.0),
[92mINFO [0m:      	                    (72, 72.0),
[92mINFO [0m:      	                    (73, 73.0),
[92mINFO [0m:      	                    (74, 74.0),
[92mINFO [0m:      	                    (75, 75.0),
[92mINFO [0m:      	                    (76, 76.0),
[92mINFO [0m:      	                    (77, 77.0),
[92mINFO [0m:      	                    (78, 78.0),
[92mINFO [0m:      	                    (79, 79.0),
[92mINFO [0m:      	                    (80, 80.0),
[92mINFO [0m:      	                    (81, 81.0),
[92mINFO [0m:      	                    (82, 82.0),
[92mINFO [0m:      	                    (83, 83.0),
[92mINFO [0m:      	                    (84, 84.0),
[92mINFO [0m:      	                    (85, 85.0),
[92mINFO [0m:      	                    (86, 86.0),
[92mINFO [0m:      	                    (87, 87.0),
[92mINFO [0m:      	                    (88, 88.0),
[92mINFO [0m:      	                    (89, 89.0),
[92mINFO [0m:      	                    (90, 90.0),
[92mINFO [0m:      	                    (91, 91.0),
[92mINFO [0m:      	                    (92, 92.0),
[92mINFO [0m:      	                    (93, 93.0),
[92mINFO [0m:      	                    (94, 94.0),
[92mINFO [0m:      	                    (95, 95.0),
[92mINFO [0m:      	                    (96, 96.0),
[92mINFO [0m:      	                    (97, 97.0),
[92mINFO [0m:      	                    (98, 98.0),
[92mINFO [0m:      	                    (99, 99.0),
[92mINFO [0m:      	                    (100, 100.0),
[92mINFO [0m:      	                    (101, 101.0),
[92mINFO [0m:      	                    (102, 102.0),
[92mINFO [0m:      	                    (103, 103.0),
[92mINFO [0m:      	                    (104, 104.0),
[92mINFO [0m:      	                    (105, 105.0),
[92mINFO [0m:      	                    (106, 106.0),
[92mINFO [0m:      	                    (107, 107.0),
[92mINFO [0m:      	                    (108, 108.0),
[92mINFO [0m:      	                    (109, 109.0),
[92mINFO [0m:      	                    (110, 110.0),
[92mINFO [0m:      	                    (111, 111.0),
[92mINFO [0m:      	                    (112, 112.0),
[92mINFO [0m:      	                    (113, 113.0),
[92mINFO [0m:      	                    (114, 114.0),
[92mINFO [0m:      	                    (115, 115.0),
[92mINFO [0m:      	                    (116, 116.0),
[92mINFO [0m:      	                    (117, 117.0),
[92mINFO [0m:      	                    (118, 118.0),
[92mINFO [0m:      	                    (119, 119.0),
[92mINFO [0m:      	                    (120, 120.0),
[92mINFO [0m:      	                    (121, 121.0),
[92mINFO [0m:      	                    (122, 122.0),
[92mINFO [0m:      	                    (123, 123.0),
[92mINFO [0m:      	                    (124, 124.0),
[92mINFO [0m:      	                    (125, 125.0),
[92mINFO [0m:      	                    (126, 126.0),
[92mINFO [0m:      	                    (127, 127.0),
[92mINFO [0m:      	                    (128, 128.0),
[92mINFO [0m:      	                    (129, 129.0),
[92mINFO [0m:      	                    (130, 130.0),
[92mINFO [0m:      	                    (131, 131.0),
[92mINFO [0m:      	                    (132, 132.0),
[92mINFO [0m:      	                    (133, 133.0),
[92mINFO [0m:      	                    (134, 134.0),
[92mINFO [0m:      	                    (135, 135.0),
[92mINFO [0m:      	                    (136, 136.0),
[92mINFO [0m:      	                    (137, 137.0),
[92mINFO [0m:      	                    (138, 138.0),
[92mINFO [0m:      	                    (139, 139.0),
[92mINFO [0m:      	                    (140, 140.0),
[92mINFO [0m:      	                    (141, 141.0),
[92mINFO [0m:      	                    (142, 142.0),
[92mINFO [0m:      	                    (143, 143.0),
[92mINFO [0m:      	                    (144, 144.0),
[92mINFO [0m:      	                    (145, 145.0),
[92mINFO [0m:      	                    (146, 146.0),
[92mINFO [0m:      	                    (147, 147.0),
[92mINFO [0m:      	                    (148, 148.0),
[92mINFO [0m:      	                    (149, 149.0),
[92mINFO [0m:      	                    (150, 150.0),
[92mINFO [0m:      	                    (151, 151.0),
[92mINFO [0m:      	                    (152, 152.0),
[92mINFO [0m:      	                    (153, 153.0),
[92mINFO [0m:      	                    (154, 154.0),
[92mINFO [0m:      	                    (155, 155.0),
[92mINFO [0m:      	                    (156, 156.0),
[92mINFO [0m:      	                    (157, 157.0),
[92mINFO [0m:      	                    (158, 158.0),
[92mINFO [0m:      	                    (159, 159.0),
[92mINFO [0m:      	                    (160, 160.0)],
[92mINFO [0m:      	 'train_loss': [(1, 2.3577120252203723),
[92mINFO [0m:      	                (2, 4.727047991049252),
[92mINFO [0m:      	                (3, 2.3654735487572176),
[92mINFO [0m:      	                (4, 4.727792238873844),
[92mINFO [0m:      	                (5, 2.3482693770167065),
[92mINFO [0m:      	                (6, 4.7110217601818825),
[92mINFO [0m:      	                (7, 2.339094972270915),
[92mINFO [0m:      	                (8, 4.663288917037017),
[92mINFO [0m:      	                (9, 2.3162828695737696),
[92mINFO [0m:      	                (10, 4.649690640857964),
[92mINFO [0m:      	                (11, 2.3089901346883837),
[92mINFO [0m:      	                (12, 4.624863047711361),
[92mINFO [0m:      	                (13, 2.306477969878809),
[92mINFO [0m:      	                (14, 4.606472250549379),
[92mINFO [0m:      	                (15, 2.303401242680127),
[92mINFO [0m:      	                (16, 4.619970886680625),
[92mINFO [0m:      	                (17, 2.299058303755395),
[92mINFO [0m:      	                (18, 4.603064875636679),
[92mINFO [0m:      	                (19, 2.2676379835375204),
[92mINFO [0m:      	                (20, 4.561596768942878),
[92mINFO [0m:      	                (21, 2.274871667064461),
[92mINFO [0m:      	                (22, 4.568595902529276),
[92mINFO [0m:      	                (23, 2.2908322168390964),
[92mINFO [0m:      	                (24, 4.568161518333644),
[92mINFO [0m:      	                (25, 2.267261599039134),
[92mINFO [0m:      	                (26, 4.543205480488247),
[92mINFO [0m:      	                (27, 2.2538063289917862),
[92mINFO [0m:      	                (28, 4.5224244425279805),
[92mINFO [0m:      	                (29, 2.263263391939087),
[92mINFO [0m:      	                (30, 4.522452371700128),
[92mINFO [0m:      	                (31, 2.238150088057028),
[92mINFO [0m:      	                (32, 4.4940291361066595),
[92mINFO [0m:      	                (33, 2.2700532515439473),
[92mINFO [0m:      	                (34, 4.521890191653496),
[92mINFO [0m:      	                (35, 2.2293180599581306),
[92mINFO [0m:      	                (36, 4.473884339977742),
[92mINFO [0m:      	                (37, 2.232277185434243),
[92mINFO [0m:      	                (38, 4.484389563761311),
[92mINFO [0m:      	                (39, 2.2579119801642573),
[92mINFO [0m:      	                (40, 4.491738471713217),
[92mINFO [0m:      	                (41, 2.2318816735082336),
[92mINFO [0m:      	                (42, 4.445224723156205),
[92mINFO [0m:      	                (43, 2.236551722141394),
[92mINFO [0m:      	                (44, 4.463342165243589),
[92mINFO [0m:      	                (45, 2.231811428749185),
[92mINFO [0m:      	                (46, 4.464640932286864),
[92mINFO [0m:      	                (47, 2.231659247552633),
[92mINFO [0m:      	                (48, 4.4639292851833225),
[92mINFO [0m:      	                (49, 2.225824441065745),
[92mINFO [0m:      	                (50, 4.443521018818946),
[92mINFO [0m:      	                (51, 2.216389846413691),
[92mINFO [0m:      	                (52, 4.444735300989627),
[92mINFO [0m:      	                (53, 2.2061689227425307),
[92mINFO [0m:      	                (54, 4.420756648734045),
[92mINFO [0m:      	                (55, 2.19738666848758),
[92mINFO [0m:      	                (56, 4.40813803687343),
[92mINFO [0m:      	                (57, 2.2173540381182244),
[92mINFO [0m:      	                (58, 4.45021985152003),
[92mINFO [0m:      	                (59, 2.203190074156162),
[92mINFO [0m:      	                (60, 4.410123528978225),
[92mINFO [0m:      	                (61, 2.202525960974631),
[92mINFO [0m:      	                (62, 4.405834158027162),
[92mINFO [0m:      	                (63, 2.2084942900152194),
[92mINFO [0m:      	                (64, 4.412674062734702),
[92mINFO [0m:      	                (65, 2.211861548515933),
[92mINFO [0m:      	                (66, 4.422832456416056),
[92mINFO [0m:      	                (67, 2.2021271535848186),
[92mINFO [0m:      	                (68, 4.37815976147734),
[92mINFO [0m:      	                (69, 2.201502060138319),
[92mINFO [0m:      	                (70, 4.395612128753508),
[92mINFO [0m:      	                (71, 2.2069330551131934),
[92mINFO [0m:      	                (72, 4.396006444269376),
[92mINFO [0m:      	                (73, 2.1928788232657817),
[92mINFO [0m:      	                (74, 4.376913381520268),
[92mINFO [0m:      	                (75, 2.1886179290492076),
[92mINFO [0m:      	                (76, 4.381086449220488),
[92mINFO [0m:      	                (77, 2.1966862023664997),
[92mINFO [0m:      	                (78, 4.397834638904094),
[92mINFO [0m:      	                (79, 2.189463724658303),
[92mINFO [0m:      	                (80, 4.380376794452221),
[92mINFO [0m:      	                (81, 2.1984096073061377),
[92mINFO [0m:      	                (82, 4.3866029058322535),
[92mINFO [0m:      	                (83, 2.1904151186938203),
[92mINFO [0m:      	                (84, 4.376241832589569),
[92mINFO [0m:      	                (85, 2.182688517293998),
[92mINFO [0m:      	                (86, 4.3677325321480795),
[92mINFO [0m:      	                (87, 2.1746052335504356),
[92mINFO [0m:      	                (88, 4.367295085328763),
[92mINFO [0m:      	                (89, 2.1909514177852096),
[92mINFO [0m:      	                (90, 4.358806655123177),
[92mINFO [0m:      	                (91, 2.1770031056835837),
[92mINFO [0m:      	                (92, 4.3566874382818455),
[92mINFO [0m:      	                (93, 2.1980831576994455),
[92mINFO [0m:      	                (94, 4.376502357397536),
[92mINFO [0m:      	                (95, 2.182714675328981),
[92mINFO [0m:      	                (96, 4.364644053896712),
[92mINFO [0m:      	                (97, 2.1801285232435283),
[92mINFO [0m:      	                (98, 4.360845462182045),
[92mINFO [0m:      	                (99, 2.1733039134152663),
[92mINFO [0m:      	                (100, 4.352455616482398),
[92mINFO [0m:      	                (101, 2.186350075614052),
[92mINFO [0m:      	                (102, 4.370941152019636),
[92mINFO [0m:      	                (103, 2.1679600658397344),
[92mINFO [0m:      	                (104, 4.3424856944583805),
[92mINFO [0m:      	                (105, 2.174739562895146),
[92mINFO [0m:      	                (106, 4.3562964927386165),
[92mINFO [0m:      	                (107, 2.169170653613877),
[92mINFO [0m:      	                (108, 4.351721161525102),
[92mINFO [0m:      	                (109, 2.1629366225652995),
[92mINFO [0m:      	                (110, 4.347317576287116),
[92mINFO [0m:      	                (111, 2.190282614815635),
[92mINFO [0m:      	                (112, 4.359249798764047),
[92mINFO [0m:      	                (113, 2.171559688688416),
[92mINFO [0m:      	                (114, 4.347113526073622),
[92mINFO [0m:      	                (115, 2.1886477807045956),
[92mINFO [0m:      	                (116, 4.357939001259944),
[92mINFO [0m:      	                (117, 2.1815033416903273),
[92mINFO [0m:      	                (118, 4.354476940352944),
[92mINFO [0m:      	                (119, 2.1927840837263255),
[92mINFO [0m:      	                (120, 4.374631996193591),
[92mINFO [0m:      	                (121, 2.162735984623736),
[92mINFO [0m:      	                (122, 4.3373864353370095),
[92mINFO [0m:      	                (123, 2.1795540694181454),
[92mINFO [0m:      	                (124, 4.353656497928158),
[92mINFO [0m:      	                (125, 2.175198842356188),
[92mINFO [0m:      	                (126, 4.333904320686782),
[92mINFO [0m:      	                (127, 2.1756007973563274),
[92mINFO [0m:      	                (128, 4.360309728892142),
[92mINFO [0m:      	                (129, 2.1672177009155646),
[92mINFO [0m:      	                (130, 4.336047248413459),
[92mINFO [0m:      	                (131, 2.1781524937611265),
[92mINFO [0m:      	                (132, 4.3481097581306525),
[92mINFO [0m:      	                (133, 2.1794843889083166),
[92mINFO [0m:      	                (134, 4.341114859129866),
[92mINFO [0m:      	                (135, 2.1762699503622125),
[92mINFO [0m:      	                (136, 4.354535182980046),
[92mINFO [0m:      	                (137, 2.1542124735617803),
[92mINFO [0m:      	                (138, 4.326252448546681),
[92mINFO [0m:      	                (139, 2.1788895790356224),
[92mINFO [0m:      	                (140, 4.341394800087201),
[92mINFO [0m:      	                (141, 2.166784139033615),
[92mINFO [0m:      	                (142, 4.319175639885003),
[92mINFO [0m:      	                (143, 2.174806420606611),
[92mINFO [0m:      	                (144, 4.345493308889054),
[92mINFO [0m:      	                (145, 2.1637323020554753),
[92mINFO [0m:      	                (146, 4.338852175133395),
[92mINFO [0m:      	                (147, 2.170323354618232),
[92mINFO [0m:      	                (148, 4.348775852781589),
[92mINFO [0m:      	                (149, 2.1612526964437926),
[92mINFO [0m:      	                (150, 4.319311728336803),
[92mINFO [0m:      	                (151, 2.1545464066498643),
[92mINFO [0m:      	                (152, 4.337169467153773),
[92mINFO [0m:      	                (153, 2.1712880647800947),
[92mINFO [0m:      	                (154, 4.345518182810786),
[92mINFO [0m:      	                (155, 2.1668108368696055),
[92mINFO [0m:      	                (156, 4.337577503161659),
[92mINFO [0m:      	                (157, 2.159458429330727),
[92mINFO [0m:      	                (158, 4.337075683423),
[92mINFO [0m:      	                (159, 2.1743898238437227),
[92mINFO [0m:      	                (160, 4.348679809337472)]}
[92mINFO [0m:      	History (metrics, centralized):
[92mINFO [0m:      	{'accuracy': [(0, 0.1),
[92mINFO [0m:      	              (2, 0.1),
[92mINFO [0m:      	              (4, 0.1),
[92mINFO [0m:      	              (6, 0.1),
[92mINFO [0m:      	              (8, 0.1),
[92mINFO [0m:      	              (10, 0.1),
[92mINFO [0m:      	              (12, 0.1),
[92mINFO [0m:      	              (14, 0.1),
[92mINFO [0m:      	              (16, 0.1),
[92mINFO [0m:      	              (18, 0.1),
[92mINFO [0m:      	              (20, 0.1),
[92mINFO [0m:      	              (22, 0.1),
[92mINFO [0m:      	              (24, 0.1),
[92mINFO [0m:      	              (26, 0.1),
[92mINFO [0m:      	              (28, 0.1),
[92mINFO [0m:      	              (30, 0.1),
[92mINFO [0m:      	              (32, 0.1),
[92mINFO [0m:      	              (34, 0.1),
[92mINFO [0m:      	              (36, 0.1),
[92mINFO [0m:      	              (38, 0.1),
[92mINFO [0m:      	              (40, 0.1),
[92mINFO [0m:      	              (42, 0.1),
[92mINFO [0m:      	              (44, 0.1),
[92mINFO [0m:      	              (46, 0.1),
[92mINFO [0m:      	              (48, 0.1),
[92mINFO [0m:      	              (50, 0.1),
[92mINFO [0m:      	              (52, 0.1002),
[92mINFO [0m:      	              (54, 0.1),
[92mINFO [0m:      	              (56, 0.1),
[92mINFO [0m:      	              (58, 0.1),
[92mINFO [0m:      	              (60, 0.1002),
[92mINFO [0m:      	              (62, 0.1),
[92mINFO [0m:      	              (64, 0.1011),
[92mINFO [0m:      	              (66, 0.1),
[92mINFO [0m:      	              (68, 0.1125),
[92mINFO [0m:      	              (70, 0.1001),
[92mINFO [0m:      	              (72, 0.1),
[92mINFO [0m:      	              (74, 0.1118),
[92mINFO [0m:      	              (76, 0.1),
[92mINFO [0m:      	              (78, 0.108),
[92mINFO [0m:      	              (80, 0.1003),
[92mINFO [0m:      	              (82, 0.1033),
[92mINFO [0m:      	              (84, 0.1158),
[92mINFO [0m:      	              (86, 0.1272),
[92mINFO [0m:      	              (88, 0.1047),
[92mINFO [0m:      	              (90, 0.1128),
[92mINFO [0m:      	              (92, 0.1025),
[92mINFO [0m:      	              (94, 0.1093),
[92mINFO [0m:      	              (96, 0.114),
[92mINFO [0m:      	              (98, 0.1253),
[92mINFO [0m:      	              (100, 0.1043),
[92mINFO [0m:      	              (102, 0.1162),
[92mINFO [0m:      	              (104, 0.1152),
[92mINFO [0m:      	              (106, 0.107),
[92mINFO [0m:      	              (108, 0.1092),
[92mINFO [0m:      	              (110, 0.1065),
[92mINFO [0m:      	              (112, 0.1153),
[92mINFO [0m:      	              (114, 0.1158),
[92mINFO [0m:      	              (116, 0.1257),
[92mINFO [0m:      	              (118, 0.1286),
[92mINFO [0m:      	              (120, 0.1053),
[92mINFO [0m:      	              (122, 0.1),
[92mINFO [0m:      	              (124, 0.1017),
[92mINFO [0m:      	              (126, 0.1073),
[92mINFO [0m:      	              (128, 0.1074),
[92mINFO [0m:      	              (130, 0.1076),
[92mINFO [0m:      	              (132, 0.1007),
[92mINFO [0m:      	              (134, 0.1028),
[92mINFO [0m:      	              (136, 0.1),
[92mINFO [0m:      	              (138, 0.1015),
[92mINFO [0m:      	              (140, 0.1006),
[92mINFO [0m:      	              (142, 0.1),
[92mINFO [0m:      	              (144, 0.1001),
[92mINFO [0m:      	              (146, 0.1226),
[92mINFO [0m:      	              (148, 0.1009),
[92mINFO [0m:      	              (150, 0.101),
[92mINFO [0m:      	              (152, 0.1037),
[92mINFO [0m:      	              (154, 0.102),
[92mINFO [0m:      	              (156, 0.1001),
[92mINFO [0m:      	              (158, 0.1),
[92mINFO [0m:      	              (160, 0.1)],
[92mINFO [0m:      	 'ece': [(0, 0.08703089010149241),
[92mINFO [0m:      	         (2, 0.09537147686481473),
[92mINFO [0m:      	         (4, 0.07944222245514393),
[92mINFO [0m:      	         (6, 0.08788735936224461),
[92mINFO [0m:      	         (8, 0.10918950282096862),
[92mINFO [0m:      	         (10, 0.10222878384560347),
[92mINFO [0m:      	         (12, 0.10233191527426244),
[92mINFO [0m:      	         (14, 0.09423567890733481),
[92mINFO [0m:      	         (16, 0.09913971166610716),
[92mINFO [0m:      	         (18, 0.08016539808571338),
[92mINFO [0m:      	         (20, 0.10131244926065208),
[92mINFO [0m:      	         (22, 0.07963417935311792),
[92mINFO [0m:      	         (24, 0.1125145543959737),
[92mINFO [0m:      	         (26, 0.09250627873659134),
[92mINFO [0m:      	         (28, 0.09844699862331152),
[92mINFO [0m:      	         (30, 0.10367303527742622),
[92mINFO [0m:      	         (32, 0.08506012878358366),
[92mINFO [0m:      	         (34, 0.09129488453030589),
[92mINFO [0m:      	         (36, 0.11046136686712503),
[92mINFO [0m:      	         (38, 0.09435658364027738),
[92mINFO [0m:      	         (40, 0.08255115014433863),
[92mINFO [0m:      	         (42, 0.08732640064716339),
[92mINFO [0m:      	         (44, 0.0953284961113334),
[92mINFO [0m:      	         (46, 0.08267067557156087),
[92mINFO [0m:      	         (48, 0.08255248565405604),
[92mINFO [0m:      	         (50, 0.0772134286737442),
[92mINFO [0m:      	         (52, 0.07579670437127353),
[92mINFO [0m:      	         (54, 0.08385504116088152),
[92mINFO [0m:      	         (56, 0.08923737207174302),
[92mINFO [0m:      	         (58, 0.09978706741571428),
[92mINFO [0m:      	         (60, 0.0746478546729684),
[92mINFO [0m:      	         (62, 0.08904443865448239),
[92mINFO [0m:      	         (64, 0.07125974958360196),
[92mINFO [0m:      	         (66, 0.0979989381787181),
[92mINFO [0m:      	         (68, 0.05649473118737343),
[92mINFO [0m:      	         (70, 0.08001590974628925),
[92mINFO [0m:      	         (72, 0.09097601536542176),
[92mINFO [0m:      	         (74, 0.06387898538947104),
[92mINFO [0m:      	         (76, 0.07818660820156334),
[92mINFO [0m:      	         (78, 0.06901938596010208),
[92mINFO [0m:      	         (80, 0.07656964557766915),
[92mINFO [0m:      	         (82, 0.08000494962334628),
[92mINFO [0m:      	         (84, 0.061941470608115216),
[92mINFO [0m:      	         (86, 0.04569844389170407),
[92mINFO [0m:      	         (88, 0.0858524506160617),
[92mINFO [0m:      	         (90, 0.08336756684571506),
[92mINFO [0m:      	         (92, 0.08682457175642253),
[92mINFO [0m:      	         (94, 0.07437458338439465),
[92mINFO [0m:      	         (96, 0.07393712289869785),
[92mINFO [0m:      	         (98, 0.061699518072307134),
[92mINFO [0m:      	         (100, 0.08834781945884229),
[92mINFO [0m:      	         (102, 0.06617612196981908),
[92mINFO [0m:      	         (104, 0.060795337262451676),
[92mINFO [0m:      	         (106, 0.0923872209200263),
[92mINFO [0m:      	         (108, 0.08209085601836441),
[92mINFO [0m:      	         (110, 0.08310807584345337),
[92mINFO [0m:      	         (112, 0.07825151019364594),
[92mINFO [0m:      	         (114, 0.06311979089081285),
[92mINFO [0m:      	         (116, 0.07010116462171077),
[92mINFO [0m:      	         (118, 0.07187818181365728),
[92mINFO [0m:      	         (120, 0.09032128705054521),
[92mINFO [0m:      	         (122, 0.10946370859324933),
[92mINFO [0m:      	         (124, 0.09282199380069972),
[92mINFO [0m:      	         (126, 0.08633265825837849),
[92mINFO [0m:      	         (128, 0.08983356454283001),
[92mINFO [0m:      	         (130, 0.0949355945381522),
[92mINFO [0m:      	         (132, 0.10823944404810669),
[92mINFO [0m:      	         (134, 0.08947815769672395),
[92mINFO [0m:      	         (136, 0.10075902802407742),
[92mINFO [0m:      	         (138, 0.1028057814487815),
[92mINFO [0m:      	         (140, 0.1112628007107973),
[92mINFO [0m:      	         (142, 0.1093302426686883),
[92mINFO [0m:      	         (144, 0.10950733218252659),
[92mINFO [0m:      	         (146, 0.08785473386555911),
[92mINFO [0m:      	         (148, 0.09598646343499422),
[92mINFO [0m:      	         (150, 0.09292131229281426),
[92mINFO [0m:      	         (152, 0.09702343906491995),
[92mINFO [0m:      	         (154, 0.0906873922908306),
[92mINFO [0m:      	         (156, 0.11169657055377963),
[92mINFO [0m:      	         (158, 0.1245253891658783),
[92mINFO [0m:      	         (160, 0.1125470769068599)]}
[92mINFO [0m:      
[36m(ClientAppActor pid=2697231)[0m [2026-08-27 02:30:08,651 E 2697231 2697697] core_worker_process.cc:825: Failed to establish connection to the metrics exporter agent. Metrics will not be exported. Exporter agent status: RpcError: Running out of retries to initialize the metrics agent. rpc_code: 14[32m [repeated 47x across cluster][0m
Finished: sparse_random_keep5_proposed_rep00_seed12025
========================================================================================
Starting 6/6: sparse_random_keep2_proposed_rep00_seed12025
[93mWARNING [0m:   DEPRECATED FEATURE: The `run_simulation` function is deprecated and will be removed in a future version of Flower. Please use `flwr run` in the CLI instead to run your simulation. Refer to the Flower Tutorials for more details: https://flower.ai/docs/framework/tutorial-quickstart-pytorch.html

            This is a deprecated feature. It will be removed
            entirely in future versions of Flower.
        
[92mINFO [0m:      Starting Flower ServerApp, config: num_rounds=160, no round_timeout
[92mINFO [0m:      
[92mINFO [0m:      [INIT]
[92mINFO [0m:      Using initial global parameters provided by strategy
[92mINFO [0m:      Starting evaluation of initial global parameters
[92mINFO [0m:      initial parameters (loss, other metrics): 2.3708087632663397, {'accuracy': 0.1, 'ece': 0.08703089010149241}
[92mINFO [0m:      
[92mINFO [0m:      [ROUND 1]
[92mINFO [0m:      configure_fit: strategy sampled 40 clients (out of 40)
[92mINFO [0m:      aggregate_fit: received 40 results and 0 failures
[36m(pid=gcs_server)[0m [2026-08-27 03:14:52,980 E 2731251 2731251] (gcs_server) gcs_server.cc:302: Failed to establish connection to the event+metrics exporter agent. Events and metrics will not be exported. Exporter agent status: RpcError: Running out of retries to initialize the metrics agent. rpc_code: 14
[92mINFO [0m:      configure_evaluate: no clients selected, skipping evaluation
[92mINFO [0m:      
[92mINFO [0m:      [ROUND 2]
[92mINFO [0m:      configure_fit: strategy sampled 40 clients (out of 40)
[33m(raylet)[0m [2026-08-27 03:14:53,910 E 2731433 2731433] (raylet) main.cc:975: Failed to establish connection to the metrics exporter agent. Metrics will not be exported. Exporter agent status: RpcError: Running out of retries to initialize the metrics agent. rpc_code: 14
[36m(pid=2731540)[0m [2026-08-27 03:14:54,456 E 2731540 2731892] core_worker_process.cc:825: Failed to establish connection to the metrics exporter agent. Metrics will not be exported. Exporter agent status: RpcError: Running out of retries to initialize the metrics agent. rpc_code: 14
[2026-08-27 03:14:54,752 E 2547686 2731531] core_worker_process.cc:825: Failed to establish connection to the metrics exporter agent. Metrics will not be exported. Exporter agent status: RpcError: Running out of retries to initialize the metrics agent. rpc_code: 14
[92mINFO [0m:      aggregate_fit: received 40 results and 0 failures
[92mINFO [0m:      fit progress: (2, 2.384367426609009, {'accuracy': 0.1, 'ece': 0.0946596690288186}, 36.20333348866552)
[92mINFO [0m:      configure_evaluate: no clients selected, skipping evaluation
[92mINFO [0m:      
[92mINFO [0m:      [ROUND 3]
[92mINFO [0m:      configure_fit: strategy sampled 40 clients (out of 40)
[92mINFO [0m:      aggregate_fit: received 40 results and 0 failures
[92mINFO [0m:      configure_evaluate: no clients selected, skipping evaluation
[92mINFO [0m:      
[92mINFO [0m:      [ROUND 4]
[92mINFO [0m:      configure_fit: strategy sampled 40 clients (out of 40)
[92mINFO [0m:      aggregate_fit: received 40 results and 0 failures
[92mINFO [0m:      fit progress: (4, 2.3600539349720226, {'accuracy': 0.1, 'ece': 0.0786693366265297}, 68.4555481299758)
[92mINFO [0m:      configure_evaluate: no clients selected, skipping evaluation
[92mINFO [0m:      
[92mINFO [0m:      [ROUND 5]
[92mINFO [0m:      configure_fit: strategy sampled 40 clients (out of 40)
[92mINFO [0m:      aggregate_fit: received 40 results and 0 failures
[92mINFO [0m:      configure_evaluate: no clients selected, skipping evaluation
[92mINFO [0m:      
[92mINFO [0m:      [ROUND 6]
[92mINFO [0m:      configure_fit: strategy sampled 40 clients (out of 40)
[92mINFO [0m:      aggregate_fit: received 40 results and 0 failures
[92mINFO [0m:      fit progress: (6, 2.367819791480306, {'accuracy': 0.1, 'ece': 0.08664841712877155}, 100.62756501697004)
[92mINFO [0m:      configure_evaluate: no clients selected, skipping evaluation
[92mINFO [0m:      
[92mINFO [0m:      [ROUND 7]
[92mINFO [0m:      configure_fit: strategy sampled 40 clients (out of 40)
[92mINFO [0m:      aggregate_fit: received 40 results and 0 failures
[92mINFO [0m:      configure_evaluate: no clients selected, skipping evaluation
[92mINFO [0m:      
[92mINFO [0m:      [ROUND 8]
[92mINFO [0m:      configure_fit: strategy sampled 40 clients (out of 40)
[92mINFO [0m:      aggregate_fit: received 40 results and 0 failures
[92mINFO [0m:      fit progress: (8, 2.38572224531212, {'accuracy': 0.1, 'ece': 0.10700416120111943}, 133.00651470571756)
[92mINFO [0m:      configure_evaluate: no clients selected, skipping evaluation
[92mINFO [0m:      
[92mINFO [0m:      [ROUND 9]
[92mINFO [0m:      configure_fit: strategy sampled 40 clients (out of 40)
[92mINFO [0m:      aggregate_fit: received 40 results and 0 failures
[92mINFO [0m:      configure_evaluate: no clients selected, skipping evaluation
[92mINFO [0m:      
[92mINFO [0m:      [ROUND 10]
[92mINFO [0m:      configure_fit: strategy sampled 40 clients (out of 40)
[92mINFO [0m:      aggregate_fit: received 40 results and 0 failures
[92mINFO [0m:      fit progress: (10, 2.3730760052776736, {'accuracy': 0.1, 'ece': 0.09883557856827976}, 167.941804187838)
[92mINFO [0m:      configure_evaluate: no clients selected, skipping evaluation
[92mINFO [0m:      
[92mINFO [0m:      [ROUND 11]
[92mINFO [0m:      configure_fit: strategy sampled 40 clients (out of 40)
[92mINFO [0m:      aggregate_fit: received 40 results and 0 failures
[92mINFO [0m:      configure_evaluate: no clients selected, skipping evaluation
[92mINFO [0m:      
[92mINFO [0m:      [ROUND 12]
[92mINFO [0m:      configure_fit: strategy sampled 40 clients (out of 40)
[92mINFO [0m:      aggregate_fit: received 40 results and 0 failures
[92mINFO [0m:      fit progress: (12, 2.3721182170561446, {'accuracy': 0.1, 'ece': 0.09902669488430024}, 202.1046555750072)
[92mINFO [0m:      configure_evaluate: no clients selected, skipping evaluation
[92mINFO [0m:      
[92mINFO [0m:      [ROUND 13]
[92mINFO [0m:      configure_fit: strategy sampled 40 clients (out of 40)
[92mINFO [0m:      aggregate_fit: received 40 results and 0 failures
[92mINFO [0m:      configure_evaluate: no clients selected, skipping evaluation
[92mINFO [0m:      
[92mINFO [0m:      [ROUND 14]
[92mINFO [0m:      configure_fit: strategy sampled 40 clients (out of 40)
[92mINFO [0m:      aggregate_fit: received 40 results and 0 failures
[92mINFO [0m:      fit progress: (14, 2.366731015379879, {'accuracy': 0.1, 'ece': 0.0913503661701083}, 236.81847067410126)
[92mINFO [0m:      configure_evaluate: no clients selected, skipping evaluation
[92mINFO [0m:      
[92mINFO [0m:      [ROUND 15]
[92mINFO [0m:      configure_fit: strategy sampled 40 clients (out of 40)
[92mINFO [0m:      aggregate_fit: received 40 results and 0 failures
[92mINFO [0m:      configure_evaluate: no clients selected, skipping evaluation
[92mINFO [0m:      
[92mINFO [0m:      [ROUND 16]
[92mINFO [0m:      configure_fit: strategy sampled 40 clients (out of 40)
[92mINFO [0m:      aggregate_fit: received 40 results and 0 failures
[92mINFO [0m:      fit progress: (16, 2.3653700262906634, {'accuracy': 0.1, 'ece': 0.09658079337805509}, 271.04670495400205)
[92mINFO [0m:      configure_evaluate: no clients selected, skipping evaluation
[92mINFO [0m:      
[92mINFO [0m:      [ROUND 17]
[92mINFO [0m:      configure_fit: strategy sampled 40 clients (out of 40)
[92mINFO [0m:      aggregate_fit: received 40 results and 0 failures
[92mINFO [0m:      configure_evaluate: no clients selected, skipping evaluation
[92mINFO [0m:      
[92mINFO [0m:      [ROUND 18]
[92mINFO [0m:      configure_fit: strategy sampled 40 clients (out of 40)
[92mINFO [0m:      aggregate_fit: received 40 results and 0 failures
[92mINFO [0m:      fit progress: (18, 2.3479043850267938, {'accuracy': 0.1, 'ece': 0.07772915513247253}, 305.08336396189407)
[92mINFO [0m:      configure_evaluate: no clients selected, skipping evaluation
[92mINFO [0m:      
[92mINFO [0m:      [ROUND 19]
[92mINFO [0m:      configure_fit: strategy sampled 40 clients (out of 40)
[92mINFO [0m:      aggregate_fit: received 40 results and 0 failures
[92mINFO [0m:      configure_evaluate: no clients selected, skipping evaluation
[92mINFO [0m:      
[92mINFO [0m:      [ROUND 20]
[92mINFO [0m:      configure_fit: strategy sampled 40 clients (out of 40)
[92mINFO [0m:      aggregate_fit: received 40 results and 0 failures
[92mINFO [0m:      fit progress: (20, 2.362951689292045, {'accuracy': 0.1, 'ece': 0.1004096051737666}, 339.004316277802)
[92mINFO [0m:      configure_evaluate: no clients selected, skipping evaluation
[92mINFO [0m:      
[92mINFO [0m:      [ROUND 21]
[92mINFO [0m:      configure_fit: strategy sampled 40 clients (out of 40)
[92mINFO [0m:      aggregate_fit: received 40 results and 0 failures
[92mINFO [0m:      configure_evaluate: no clients selected, skipping evaluation
[92mINFO [0m:      
[92mINFO [0m:      [ROUND 22]
[92mINFO [0m:      configure_fit: strategy sampled 40 clients (out of 40)
[92mINFO [0m:      aggregate_fit: received 40 results and 0 failures
[92mINFO [0m:      fit progress: (22, 2.3513745013795635, {'accuracy': 0.1, 'ece': 0.07721179398328062}, 372.4308943687938)
[92mINFO [0m:      configure_evaluate: no clients selected, skipping evaluation
[92mINFO [0m:      
[92mINFO [0m:      [ROUND 23]
[92mINFO [0m:      configure_fit: strategy sampled 40 clients (out of 40)
[92mINFO [0m:      aggregate_fit: received 40 results and 0 failures
[92mINFO [0m:      configure_evaluate: no clients selected, skipping evaluation
[92mINFO [0m:      
[92mINFO [0m:      [ROUND 24]
[92mINFO [0m:      configure_fit: strategy sampled 40 clients (out of 40)
[92mINFO [0m:      aggregate_fit: received 40 results and 0 failures
[92mINFO [0m:      fit progress: (24, 2.372879778201115, {'accuracy': 0.1, 'ece': 0.11223125272154803}, 406.24034810066223)
[92mINFO [0m:      configure_evaluate: no clients selected, skipping evaluation
[92mINFO [0m:      
[92mINFO [0m:      [ROUND 25]
[92mINFO [0m:      configure_fit: strategy sampled 40 clients (out of 40)
[92mINFO [0m:      aggregate_fit: received 40 results and 0 failures
[92mINFO [0m:      configure_evaluate: no clients selected, skipping evaluation
[92mINFO [0m:      
[92mINFO [0m:      [ROUND 26]
[92mINFO [0m:      configure_fit: strategy sampled 40 clients (out of 40)
[92mINFO [0m:      aggregate_fit: received 40 results and 0 failures
[92mINFO [0m:      fit progress: (26, 2.3700555638982945, {'accuracy': 0.1, 'ece': 0.09378351737529038}, 439.1832258068025)
[92mINFO [0m:      configure_evaluate: no clients selected, skipping evaluation
[92mINFO [0m:      
[92mINFO [0m:      [ROUND 27]
[92mINFO [0m:      configure_fit: strategy sampled 40 clients (out of 40)
[92mINFO [0m:      aggregate_fit: received 40 results and 0 failures
[92mINFO [0m:      configure_evaluate: no clients selected, skipping evaluation
[92mINFO [0m:      
[92mINFO [0m:      [ROUND 28]
[92mINFO [0m:      configure_fit: strategy sampled 40 clients (out of 40)
[92mINFO [0m:      aggregate_fit: received 40 results and 0 failures
[92mINFO [0m:      fit progress: (28, 2.363623162783342, {'accuracy': 0.1, 'ece': 0.10001540616065266}, 472.3853965830058)
[92mINFO [0m:      configure_evaluate: no clients selected, skipping evaluation
[92mINFO [0m:      
[92mINFO [0m:      [ROUND 29]
[92mINFO [0m:      configure_fit: strategy sampled 40 clients (out of 40)
[92mINFO [0m:      aggregate_fit: received 40 results and 0 failures
[92mINFO [0m:      configure_evaluate: no clients selected, skipping evaluation
[92mINFO [0m:      
[92mINFO [0m:      [ROUND 30]
[92mINFO [0m:      configure_fit: strategy sampled 40 clients (out of 40)
[92mINFO [0m:      aggregate_fit: received 40 results and 0 failures
[92mINFO [0m:      fit progress: (30, 2.3753205310182213, {'accuracy': 0.1, 'ece': 0.10361321227401496}, 505.8719022688456)
[92mINFO [0m:      configure_evaluate: no clients selected, skipping evaluation
[92mINFO [0m:      
[92mINFO [0m:      [ROUND 31]
[92mINFO [0m:      configure_fit: strategy sampled 40 clients (out of 40)
[92mINFO [0m:      aggregate_fit: received 40 results and 0 failures
[92mINFO [0m:      configure_evaluate: no clients selected, skipping evaluation
[92mINFO [0m:      
[92mINFO [0m:      [ROUND 32]
[92mINFO [0m:      configure_fit: strategy sampled 40 clients (out of 40)
[92mINFO [0m:      aggregate_fit: received 40 results and 0 failures
[92mINFO [0m:      fit progress: (32, 2.361550003118617, {'accuracy': 0.1, 'ece': 0.08863063306659458}, 538.8773533278145)
[92mINFO [0m:      configure_evaluate: no clients selected, skipping evaluation
[92mINFO [0m:      
[92mINFO [0m:      [ROUND 33]
[92mINFO [0m:      configure_fit: strategy sampled 40 clients (out of 40)
[92mINFO [0m:      aggregate_fit: received 40 results and 0 failures
[92mINFO [0m:      configure_evaluate: no clients selected, skipping evaluation
[92mINFO [0m:      
[92mINFO [0m:      [ROUND 34]
[92mINFO [0m:      configure_fit: strategy sampled 40 clients (out of 40)
[92mINFO [0m:      aggregate_fit: received 40 results and 0 failures
[92mINFO [0m:      fit progress: (34, 2.3635594955051187, {'accuracy': 0.1, 'ece': 0.09200298650383948}, 571.926394124981)
[92mINFO [0m:      configure_evaluate: no clients selected, skipping evaluation
[92mINFO [0m:      
[92mINFO [0m:      [ROUND 35]
[92mINFO [0m:      configure_fit: strategy sampled 40 clients (out of 40)
[92mINFO [0m:      aggregate_fit: received 40 results and 0 failures
[92mINFO [0m:      configure_evaluate: no clients selected, skipping evaluation
[92mINFO [0m:      
[92mINFO [0m:      [ROUND 36]
[92mINFO [0m:      configure_fit: strategy sampled 40 clients (out of 40)
[92mINFO [0m:      aggregate_fit: received 40 results and 0 failures
[92mINFO [0m:      fit progress: (36, 2.377668167959617, {'accuracy': 0.1, 'ece': 0.1129281948918104}, 603.9230516548268)
[92mINFO [0m:      configure_evaluate: no clients selected, skipping evaluation
[92mINFO [0m:      
[92mINFO [0m:      [ROUND 37]
[92mINFO [0m:      configure_fit: strategy sampled 40 clients (out of 40)
[92mINFO [0m:      aggregate_fit: received 40 results and 0 failures
[92mINFO [0m:      configure_evaluate: no clients selected, skipping evaluation
[92mINFO [0m:      
[92mINFO [0m:      [ROUND 38]
[92mINFO [0m:      configure_fit: strategy sampled 40 clients (out of 40)
[92mINFO [0m:      aggregate_fit: received 40 results and 0 failures
[92mINFO [0m:      fit progress: (38, 2.370165687282486, {'accuracy': 0.1, 'ece': 0.09751610283464193}, 636.5861964309588)
[92mINFO [0m:      configure_evaluate: no clients selected, skipping evaluation
[92mINFO [0m:      
[92mINFO [0m:      [ROUND 39]
[92mINFO [0m:      configure_fit: strategy sampled 40 clients (out of 40)
[92mINFO [0m:      aggregate_fit: received 40 results and 0 failures
[92mINFO [0m:      configure_evaluate: no clients selected, skipping evaluation
[92mINFO [0m:      
[92mINFO [0m:      [ROUND 40]
[92mINFO [0m:      configure_fit: strategy sampled 40 clients (out of 40)
[92mINFO [0m:      aggregate_fit: received 40 results and 0 failures
[92mINFO [0m:      fit progress: (40, 2.3574750690122577, {'accuracy': 0.1, 'ece': 0.08334106845974923}, 669.809493327979)
[92mINFO [0m:      configure_evaluate: no clients selected, skipping evaluation
[92mINFO [0m:      
[92mINFO [0m:      [ROUND 41]
[92mINFO [0m:      configure_fit: strategy sampled 40 clients (out of 40)
[92mINFO [0m:      aggregate_fit: received 40 results and 0 failures
[92mINFO [0m:      configure_evaluate: no clients selected, skipping evaluation
[92mINFO [0m:      
[92mINFO [0m:      [ROUND 42]
[92mINFO [0m:      configure_fit: strategy sampled 40 clients (out of 40)
[92mINFO [0m:      aggregate_fit: received 40 results and 0 failures
[92mINFO [0m:      fit progress: (42, 2.354971522761551, {'accuracy': 0.1, 'ece': 0.08897858235150576}, 701.686741720885)
[92mINFO [0m:      configure_evaluate: no clients selected, skipping evaluation
[92mINFO [0m:      
[92mINFO [0m:      [ROUND 43]
[92mINFO [0m:      configure_fit: strategy sampled 40 clients (out of 40)
[92mINFO [0m:      aggregate_fit: received 40 results and 0 failures
[92mINFO [0m:      configure_evaluate: no clients selected, skipping evaluation
[92mINFO [0m:      
[92mINFO [0m:      [ROUND 44]
[92mINFO [0m:      configure_fit: strategy sampled 40 clients (out of 40)
[92mINFO [0m:      aggregate_fit: received 40 results and 0 failures
[92mINFO [0m:      fit progress: (44, 2.37599951676918, {'accuracy': 0.1, 'ece': 0.10165144991070033}, 733.8414649008773)
[92mINFO [0m:      configure_evaluate: no clients selected, skipping evaluation
[92mINFO [0m:      
[92mINFO [0m:      [ROUND 45]
[92mINFO [0m:      configure_fit: strategy sampled 40 clients (out of 40)
[92mINFO [0m:      aggregate_fit: received 40 results and 0 failures
[92mINFO [0m:      configure_evaluate: no clients selected, skipping evaluation
[92mINFO [0m:      
[92mINFO [0m:      [ROUND 46]
[92mINFO [0m:      configure_fit: strategy sampled 40 clients (out of 40)
[92mINFO [0m:      aggregate_fit: received 40 results and 0 failures
[92mINFO [0m:      fit progress: (46, 2.3552963200598978, {'accuracy': 0.1, 'ece': 0.08533173873007298}, 766.4176671467721)
[92mINFO [0m:      configure_evaluate: no clients selected, skipping evaluation
[92mINFO [0m:      
[92mINFO [0m:      [ROUND 47]
[92mINFO [0m:      configure_fit: strategy sampled 40 clients (out of 40)
[92mINFO [0m:      aggregate_fit: received 40 results and 0 failures
[92mINFO [0m:      configure_evaluate: no clients selected, skipping evaluation
[92mINFO [0m:      
[92mINFO [0m:      [ROUND 48]
[92mINFO [0m:      configure_fit: strategy sampled 40 clients (out of 40)
[92mINFO [0m:      aggregate_fit: received 40 results and 0 failures
[92mINFO [0m:      fit progress: (48, 2.3590602066584703, {'accuracy': 0.1, 'ece': 0.08652190929114817}, 799.9994217869826)
[92mINFO [0m:      configure_evaluate: no clients selected, skipping evaluation
[92mINFO [0m:      
[92mINFO [0m:      [ROUND 49]
[92mINFO [0m:      configure_fit: strategy sampled 40 clients (out of 40)
[92mINFO [0m:      aggregate_fit: received 40 results and 0 failures
[92mINFO [0m:      configure_evaluate: no clients selected, skipping evaluation
[92mINFO [0m:      
[92mINFO [0m:      [ROUND 50]
[92mINFO [0m:      configure_fit: strategy sampled 40 clients (out of 40)
[92mINFO [0m:      aggregate_fit: received 40 results and 0 failures
[92mINFO [0m:      fit progress: (50, 2.3498706165850365, {'accuracy': 0.1, 'ece': 0.08048585778385402}, 834.1612931997515)
[92mINFO [0m:      configure_evaluate: no clients selected, skipping evaluation
[92mINFO [0m:      
[92mINFO [0m:      [ROUND 51]
[92mINFO [0m:      configure_fit: strategy sampled 40 clients (out of 40)
[92mINFO [0m:      aggregate_fit: received 40 results and 0 failures
[92mINFO [0m:      configure_evaluate: no clients selected, skipping evaluation
[92mINFO [0m:      
[92mINFO [0m:      [ROUND 52]
[92mINFO [0m:      configure_fit: strategy sampled 40 clients (out of 40)
[92mINFO [0m:      aggregate_fit: received 40 results and 0 failures
[92mINFO [0m:      fit progress: (52, 2.3548979503266163, {'accuracy': 0.1, 'ece': 0.08289888696044685}, 868.5866477778181)
[92mINFO [0m:      configure_evaluate: no clients selected, skipping evaluation
[92mINFO [0m:      
[92mINFO [0m:      [ROUND 53]
[92mINFO [0m:      configure_fit: strategy sampled 40 clients (out of 40)
[92mINFO [0m:      aggregate_fit: received 40 results and 0 failures
[92mINFO [0m:      configure_evaluate: no clients selected, skipping evaluation
[92mINFO [0m:      
[92mINFO [0m:      [ROUND 54]
[92mINFO [0m:      configure_fit: strategy sampled 40 clients (out of 40)
[92mINFO [0m:      aggregate_fit: received 40 results and 0 failures
[92mINFO [0m:      fit progress: (54, 2.3577118670856834, {'accuracy': 0.1, 'ece': 0.08597699039131404}, 901.4679979747161)
[92mINFO [0m:      configure_evaluate: no clients selected, skipping evaluation
[92mINFO [0m:      
[92mINFO [0m:      [ROUND 55]
[92mINFO [0m:      configure_fit: strategy sampled 40 clients (out of 40)
[92mINFO [0m:      aggregate_fit: received 40 results and 0 failures
[92mINFO [0m:      configure_evaluate: no clients selected, skipping evaluation
[92mINFO [0m:      
[92mINFO [0m:      [ROUND 56]
[92mINFO [0m:      configure_fit: strategy sampled 40 clients (out of 40)
[92mINFO [0m:      aggregate_fit: received 40 results and 0 failures
[92mINFO [0m:      fit progress: (56, 2.3637135508499725, {'accuracy': 0.1, 'ece': 0.09444387503117324}, 933.5723086418584)
[92mINFO [0m:      configure_evaluate: no clients selected, skipping evaluation
[92mINFO [0m:      
[92mINFO [0m:      [ROUND 57]
[92mINFO [0m:      configure_fit: strategy sampled 40 clients (out of 40)
[92mINFO [0m:      aggregate_fit: received 40 results and 0 failures
[92mINFO [0m:      configure_evaluate: no clients selected, skipping evaluation
[92mINFO [0m:      
[92mINFO [0m:      [ROUND 58]
[92mINFO [0m:      configure_fit: strategy sampled 40 clients (out of 40)
[92mINFO [0m:      aggregate_fit: received 40 results and 0 failures
[92mINFO [0m:      fit progress: (58, 2.3778492105713704, {'accuracy': 0.1, 'ece': 0.10682552827149633}, 966.3694700738415)
[92mINFO [0m:      configure_evaluate: no clients selected, skipping evaluation
[92mINFO [0m:      
[92mINFO [0m:      [ROUND 59]
[92mINFO [0m:      configure_fit: strategy sampled 40 clients (out of 40)
[92mINFO [0m:      aggregate_fit: received 40 results and 0 failures
[92mINFO [0m:      configure_evaluate: no clients selected, skipping evaluation
[92mINFO [0m:      
[92mINFO [0m:      [ROUND 60]
[92mINFO [0m:      configure_fit: strategy sampled 40 clients (out of 40)
[92mINFO [0m:      aggregate_fit: received 40 results and 0 failures
[92mINFO [0m:      fit progress: (60, 2.3480610908325183, {'accuracy': 0.1, 'ece': 0.08215430906713012}, 998.4807491679676)
[92mINFO [0m:      configure_evaluate: no clients selected, skipping evaluation
[92mINFO [0m:      
[92mINFO [0m:      [ROUND 61]
[92mINFO [0m:      configure_fit: strategy sampled 40 clients (out of 40)
[92mINFO [0m:      aggregate_fit: received 40 results and 0 failures
[92mINFO [0m:      configure_evaluate: no clients selected, skipping evaluation
[92mINFO [0m:      
[92mINFO [0m:      [ROUND 62]
[92mINFO [0m:      configure_fit: strategy sampled 40 clients (out of 40)
[92mINFO [0m:      aggregate_fit: received 40 results and 0 failures
[92mINFO [0m:      fit progress: (62, 2.3690156676867953, {'accuracy': 0.1, 'ece': 0.09446060584872963}, 1030.5036341040395)
[92mINFO [0m:      configure_evaluate: no clients selected, skipping evaluation
[92mINFO [0m:      
[92mINFO [0m:      [ROUND 63]
[92mINFO [0m:      configure_fit: strategy sampled 40 clients (out of 40)
[92mINFO [0m:      aggregate_fit: received 40 results and 0 failures
[92mINFO [0m:      configure_evaluate: no clients selected, skipping evaluation
[92mINFO [0m:      
[92mINFO [0m:      [ROUND 64]
[92mINFO [0m:      configure_fit: strategy sampled 40 clients (out of 40)
[92mINFO [0m:      aggregate_fit: received 40 results and 0 failures
[92mINFO [0m:      fit progress: (64, 2.351784134370739, {'accuracy': 0.1, 'ece': 0.08020614338323473}, 1063.4463747120462)
[92mINFO [0m:      configure_evaluate: no clients selected, skipping evaluation
[92mINFO [0m:      
[92mINFO [0m:      [ROUND 65]
[92mINFO [0m:      configure_fit: strategy sampled 40 clients (out of 40)
[92mINFO [0m:      aggregate_fit: received 40 results and 0 failures
[92mINFO [0m:      configure_evaluate: no clients selected, skipping evaluation
[92mINFO [0m:      
[92mINFO [0m:      [ROUND 66]
[92mINFO [0m:      configure_fit: strategy sampled 40 clients (out of 40)
[92mINFO [0m:      aggregate_fit: received 40 results and 0 failures
[92mINFO [0m:      fit progress: (66, 2.371228098988469, {'accuracy': 0.1, 'ece': 0.10234010592669249}, 1095.4153638128191)
[92mINFO [0m:      configure_evaluate: no clients selected, skipping evaluation
[92mINFO [0m:      
[92mINFO [0m:      [ROUND 67]
[92mINFO [0m:      configure_fit: strategy sampled 40 clients (out of 40)
[92mINFO [0m:      aggregate_fit: received 40 results and 0 failures
[92mINFO [0m:      configure_evaluate: no clients selected, skipping evaluation
[92mINFO [0m:      
[92mINFO [0m:      [ROUND 68]
[92mINFO [0m:      configure_fit: strategy sampled 40 clients (out of 40)
[92mINFO [0m:      aggregate_fit: received 40 results and 0 failures
[92mINFO [0m:      fit progress: (68, 2.3521728714761, {'accuracy': 0.1, 'ece': 0.07474579927116631}, 1126.9784510359168)
[92mINFO [0m:      configure_evaluate: no clients selected, skipping evaluation
[92mINFO [0m:      
[92mINFO [0m:      [ROUND 69]
[92mINFO [0m:      configure_fit: strategy sampled 40 clients (out of 40)
[92mINFO [0m:      aggregate_fit: received 40 results and 0 failures
[92mINFO [0m:      configure_evaluate: no clients selected, skipping evaluation
[92mINFO [0m:      
[92mINFO [0m:      [ROUND 70]
[92mINFO [0m:      configure_fit: strategy sampled 40 clients (out of 40)
[92mINFO [0m:      aggregate_fit: received 40 results and 0 failures
[92mINFO [0m:      fit progress: (70, 2.3585035454822263, {'accuracy': 0.1, 'ece': 0.08917009024977685}, 1159.8844471988268)
[92mINFO [0m:      configure_evaluate: no clients selected, skipping evaluation
[92mINFO [0m:      
[92mINFO [0m:      [ROUND 71]
[92mINFO [0m:      configure_fit: strategy sampled 40 clients (out of 40)
[92mINFO [0m:      aggregate_fit: received 40 results and 0 failures
[92mINFO [0m:      configure_evaluate: no clients selected, skipping evaluation
[92mINFO [0m:      
[92mINFO [0m:      [ROUND 72]
[92mINFO [0m:      configure_fit: strategy sampled 40 clients (out of 40)
[92mINFO [0m:      aggregate_fit: received 40 results and 0 failures
[92mINFO [0m:      fit progress: (72, 2.364253968105941, {'accuracy': 0.1, 'ece': 0.10200991983413694}, 1191.4548803200014)
[92mINFO [0m:      configure_evaluate: no clients selected, skipping evaluation
[92mINFO [0m:      
[92mINFO [0m:      [ROUND 73]
[92mINFO [0m:      configure_fit: strategy sampled 40 clients (out of 40)
[92mINFO [0m:      aggregate_fit: received 40 results and 0 failures
[92mINFO [0m:      configure_evaluate: no clients selected, skipping evaluation
[92mINFO [0m:      
[92mINFO [0m:      [ROUND 74]
[92mINFO [0m:      configure_fit: strategy sampled 40 clients (out of 40)
[92mINFO [0m:      aggregate_fit: received 40 results and 0 failures
[92mINFO [0m:      fit progress: (74, 2.3690799822799713, {'accuracy': 0.1, 'ece': 0.08524698222875596}, 1223.6235269177705)
[92mINFO [0m:      configure_evaluate: no clients selected, skipping evaluation
[92mINFO [0m:      
[92mINFO [0m:      [ROUND 75]
[92mINFO [0m:      configure_fit: strategy sampled 40 clients (out of 40)
[92mINFO [0m:      aggregate_fit: received 40 results and 0 failures
[92mINFO [0m:      configure_evaluate: no clients selected, skipping evaluation
[92mINFO [0m:      
[92mINFO [0m:      [ROUND 76]
[92mINFO [0m:      configure_fit: strategy sampled 40 clients (out of 40)
[92mINFO [0m:      aggregate_fit: received 40 results and 0 failures
[92mINFO [0m:      fit progress: (76, 2.3536179657397445, {'accuracy': 0.1, 'ece': 0.08588110127002001}, 1255.9940588418394)
[92mINFO [0m:      configure_evaluate: no clients selected, skipping evaluation
[92mINFO [0m:      
[92mINFO [0m:      [ROUND 77]
[92mINFO [0m:      configure_fit: strategy sampled 40 clients (out of 40)
[92mINFO [0m:      aggregate_fit: received 40 results and 0 failures
[92mINFO [0m:      configure_evaluate: no clients selected, skipping evaluation
[92mINFO [0m:      
[92mINFO [0m:      [ROUND 78]
[92mINFO [0m:      configure_fit: strategy sampled 40 clients (out of 40)
[92mINFO [0m:      aggregate_fit: received 40 results and 0 failures
[92mINFO [0m:      fit progress: (78, 2.351458771967392, {'accuracy': 0.1, 'ece': 0.08445021683573721}, 1287.4925543121062)
[92mINFO [0m:      configure_evaluate: no clients selected, skipping evaluation
[92mINFO [0m:      
[92mINFO [0m:      [ROUND 79]
[92mINFO [0m:      configure_fit: strategy sampled 40 clients (out of 40)
[92mINFO [0m:      aggregate_fit: received 40 results and 0 failures
[92mINFO [0m:      configure_evaluate: no clients selected, skipping evaluation
[92mINFO [0m:      
[92mINFO [0m:      [ROUND 80]
[92mINFO [0m:      configure_fit: strategy sampled 40 clients (out of 40)
[92mINFO [0m:      aggregate_fit: received 40 results and 0 failures
[92mINFO [0m:      fit progress: (80, 2.3567265466300964, {'accuracy': 0.1, 'ece': 0.08079349125415086}, 1319.994595515076)
[92mINFO [0m:      configure_evaluate: no clients selected, skipping evaluation
[92mINFO [0m:      
[92mINFO [0m:      [ROUND 81]
[92mINFO [0m:      configure_fit: strategy sampled 40 clients (out of 40)
[92mINFO [0m:      aggregate_fit: received 40 results and 0 failures
[92mINFO [0m:      configure_evaluate: no clients selected, skipping evaluation
[92mINFO [0m:      
[92mINFO [0m:      [ROUND 82]
[92mINFO [0m:      configure_fit: strategy sampled 40 clients (out of 40)
[92mINFO [0m:      aggregate_fit: received 40 results and 0 failures
[92mINFO [0m:      fit progress: (82, 2.360977555898714, {'accuracy': 0.1, 'ece': 0.09291104671508074}, 1352.8384254118428)
[92mINFO [0m:      configure_evaluate: no clients selected, skipping evaluation
[92mINFO [0m:      
[92mINFO [0m:      [ROUND 83]
[92mINFO [0m:      configure_fit: strategy sampled 40 clients (out of 40)
[92mINFO [0m:      aggregate_fit: received 40 results and 0 failures
[92mINFO [0m:      configure_evaluate: no clients selected, skipping evaluation
[92mINFO [0m:      
[92mINFO [0m:      [ROUND 84]
[92mINFO [0m:      configure_fit: strategy sampled 40 clients (out of 40)
[92mINFO [0m:      aggregate_fit: received 40 results and 0 failures
[92mINFO [0m:      fit progress: (84, 2.358804570175071, {'accuracy': 0.1, 'ece': 0.08807309757322072}, 1385.6234421008267)
[92mINFO [0m:      configure_evaluate: no clients selected, skipping evaluation
[92mINFO [0m:      
[92mINFO [0m:      [ROUND 85]
[92mINFO [0m:      configure_fit: strategy sampled 40 clients (out of 40)
[92mINFO [0m:      aggregate_fit: received 40 results and 0 failures
[92mINFO [0m:      configure_evaluate: no clients selected, skipping evaluation
[92mINFO [0m:      
[92mINFO [0m:      [ROUND 86]
[92mINFO [0m:      configure_fit: strategy sampled 40 clients (out of 40)
[92mINFO [0m:      aggregate_fit: received 40 results and 0 failures
[92mINFO [0m:      fit progress: (86, 2.35707096352846, {'accuracy': 0.1, 'ece': 0.08171207259088756}, 1418.513359952718)
[92mINFO [0m:      configure_evaluate: no clients selected, skipping evaluation
[92mINFO [0m:      
[92mINFO [0m:      [ROUND 87]
[92mINFO [0m:      configure_fit: strategy sampled 40 clients (out of 40)
[92mINFO [0m:      aggregate_fit: received 40 results and 0 failures
[92mINFO [0m:      configure_evaluate: no clients selected, skipping evaluation
[92mINFO [0m:      
[92mINFO [0m:      [ROUND 88]
[92mINFO [0m:      configure_fit: strategy sampled 40 clients (out of 40)
[92mINFO [0m:      aggregate_fit: received 40 results and 0 failures
[92mINFO [0m:      fit progress: (88, 2.363683274385191, {'accuracy': 0.1, 'ece': 0.09815012317568067}, 1450.5393063789234)
[92mINFO [0m:      configure_evaluate: no clients selected, skipping evaluation
[92mINFO [0m:      
[92mINFO [0m:      [ROUND 89]
[92mINFO [0m:      configure_fit: strategy sampled 40 clients (out of 40)
[92mINFO [0m:      aggregate_fit: received 40 results and 0 failures
[92mINFO [0m:      configure_evaluate: no clients selected, skipping evaluation
[92mINFO [0m:      
[92mINFO [0m:      [ROUND 90]
[92mINFO [0m:      configure_fit: strategy sampled 40 clients (out of 40)
[92mINFO [0m:      aggregate_fit: received 40 results and 0 failures
[92mINFO [0m:      fit progress: (90, 2.369496914081104, {'accuracy': 0.1, 'ece': 0.08996577654182912}, 1483.7564957858995)
[92mINFO [0m:      configure_evaluate: no clients selected, skipping evaluation
[92mINFO [0m:      
[92mINFO [0m:      [ROUND 91]
[92mINFO [0m:      configure_fit: strategy sampled 40 clients (out of 40)
[92mINFO [0m:      aggregate_fit: received 40 results and 0 failures
[92mINFO [0m:      configure_evaluate: no clients selected, skipping evaluation
[92mINFO [0m:      
[92mINFO [0m:      [ROUND 92]
[92mINFO [0m:      configure_fit: strategy sampled 40 clients (out of 40)
[92mINFO [0m:      aggregate_fit: received 40 results and 0 failures
[92mINFO [0m:      fit progress: (92, 2.3730838677720643, {'accuracy': 0.1, 'ece': 0.0989686001455784}, 1516.0183674297296)
[92mINFO [0m:      configure_evaluate: no clients selected, skipping evaluation
[92mINFO [0m:      
[92mINFO [0m:      [ROUND 93]
[92mINFO [0m:      configure_fit: strategy sampled 40 clients (out of 40)
[92mINFO [0m:      aggregate_fit: received 40 results and 0 failures
[92mINFO [0m:      configure_evaluate: no clients selected, skipping evaluation
[92mINFO [0m:      
[92mINFO [0m:      [ROUND 94]
[92mINFO [0m:      configure_fit: strategy sampled 40 clients (out of 40)
[92mINFO [0m:      aggregate_fit: received 40 results and 0 failures
[92mINFO [0m:      fit progress: (94, 2.3578535504218516, {'accuracy': 0.1, 'ece': 0.08833831242650746}, 1547.9529680418782)
[92mINFO [0m:      configure_evaluate: no clients selected, skipping evaluation
[92mINFO [0m:      
[92mINFO [0m:      [ROUND 95]
[92mINFO [0m:      configure_fit: strategy sampled 40 clients (out of 40)
[92mINFO [0m:      aggregate_fit: received 40 results and 0 failures
[92mINFO [0m:      configure_evaluate: no clients selected, skipping evaluation
[92mINFO [0m:      
[92mINFO [0m:      [ROUND 96]
[92mINFO [0m:      configure_fit: strategy sampled 40 clients (out of 40)
[92mINFO [0m:      aggregate_fit: received 40 results and 0 failures
[92mINFO [0m:      fit progress: (96, 2.363344641669787, {'accuracy': 0.1, 'ece': 0.08898813160687684}, 1580.1242774757557)
[92mINFO [0m:      configure_evaluate: no clients selected, skipping evaluation
[92mINFO [0m:      
[92mINFO [0m:      [ROUND 97]
[92mINFO [0m:      configure_fit: strategy sampled 40 clients (out of 40)
[92mINFO [0m:      aggregate_fit: received 40 results and 0 failures
[92mINFO [0m:      configure_evaluate: no clients selected, skipping evaluation
[92mINFO [0m:      
[92mINFO [0m:      [ROUND 98]
[92mINFO [0m:      configure_fit: strategy sampled 40 clients (out of 40)
[92mINFO [0m:      aggregate_fit: received 40 results and 0 failures
[92mINFO [0m:      fit progress: (98, 2.359770112760125, {'accuracy': 0.1, 'ece': 0.09056539436340331}, 1613.4687481899746)
[92mINFO [0m:      configure_evaluate: no clients selected, skipping evaluation
[92mINFO [0m:      
[92mINFO [0m:      [ROUND 99]
[92mINFO [0m:      configure_fit: strategy sampled 40 clients (out of 40)
[92mINFO [0m:      aggregate_fit: received 40 results and 0 failures
[92mINFO [0m:      configure_evaluate: no clients selected, skipping evaluation
[92mINFO [0m:      
[92mINFO [0m:      [ROUND 100]
[92mINFO [0m:      configure_fit: strategy sampled 40 clients (out of 40)
[92mINFO [0m:      aggregate_fit: received 40 results and 0 failures
[92mINFO [0m:      fit progress: (100, 2.350249426457856, {'accuracy': 0.1, 'ece': 0.07789640618801116}, 1645.5886777127162)
[92mINFO [0m:      configure_evaluate: no clients selected, skipping evaluation
[92mINFO [0m:      
[92mINFO [0m:      [ROUND 101]
[92mINFO [0m:      configure_fit: strategy sampled 40 clients (out of 40)
[92mINFO [0m:      aggregate_fit: received 40 results and 0 failures
[92mINFO [0m:      configure_evaluate: no clients selected, skipping evaluation
[92mINFO [0m:      
[92mINFO [0m:      [ROUND 102]
[92mINFO [0m:      configure_fit: strategy sampled 40 clients (out of 40)
[92mINFO [0m:      aggregate_fit: received 40 results and 0 failures
[92mINFO [0m:      fit progress: (102, 2.360523238592231, {'accuracy': 0.1, 'ece': 0.08645536556363106}, 1678.4944887068123)
[92mINFO [0m:      configure_evaluate: no clients selected, skipping evaluation
[92mINFO [0m:      
[92mINFO [0m:      [ROUND 103]
[92mINFO [0m:      configure_fit: strategy sampled 40 clients (out of 40)
[92mINFO [0m:      aggregate_fit: received 40 results and 0 failures
[92mINFO [0m:      configure_evaluate: no clients selected, skipping evaluation
[92mINFO [0m:      
[92mINFO [0m:      [ROUND 104]
[92mINFO [0m:      configure_fit: strategy sampled 40 clients (out of 40)
[92mINFO [0m:      aggregate_fit: received 40 results and 0 failures
[92mINFO [0m:      fit progress: (104, 2.3542205862627643, {'accuracy': 0.1, 'ece': 0.08508102053433658}, 1710.114754124079)
[92mINFO [0m:      configure_evaluate: no clients selected, skipping evaluation
[92mINFO [0m:      
[92mINFO [0m:      [ROUND 105]
[92mINFO [0m:      configure_fit: strategy sampled 40 clients (out of 40)
[92mINFO [0m:      aggregate_fit: received 40 results and 0 failures
[92mINFO [0m:      configure_evaluate: no clients selected, skipping evaluation
[92mINFO [0m:      
[92mINFO [0m:      [ROUND 106]
[92mINFO [0m:      configure_fit: strategy sampled 40 clients (out of 40)
[92mINFO [0m:      aggregate_fit: received 40 results and 0 failures
[92mINFO [0m:      fit progress: (106, 2.3699494040700797, {'accuracy': 0.1, 'ece': 0.09274124021470546}, 1741.5462479749694)
[92mINFO [0m:      configure_evaluate: no clients selected, skipping evaluation
[92mINFO [0m:      
[92mINFO [0m:      [ROUND 107]
[92mINFO [0m:      configure_fit: strategy sampled 40 clients (out of 40)
[92mINFO [0m:      aggregate_fit: received 40 results and 0 failures
[92mINFO [0m:      configure_evaluate: no clients selected, skipping evaluation
[92mINFO [0m:      
[92mINFO [0m:      [ROUND 108]
[92mINFO [0m:      configure_fit: strategy sampled 40 clients (out of 40)
[92mINFO [0m:      aggregate_fit: received 40 results and 0 failures
[92mINFO [0m:      fit progress: (108, 2.370593309998404, {'accuracy': 0.1, 'ece': 0.1007096036350727}, 1772.676551124081)
[92mINFO [0m:      configure_evaluate: no clients selected, skipping evaluation
[92mINFO [0m:      
[92mINFO [0m:      [ROUND 109]
[92mINFO [0m:      configure_fit: strategy sampled 40 clients (out of 40)
[92mINFO [0m:      aggregate_fit: received 40 results and 0 failures
[92mINFO [0m:      configure_evaluate: no clients selected, skipping evaluation
[92mINFO [0m:      
[92mINFO [0m:      [ROUND 110]
[92mINFO [0m:      configure_fit: strategy sampled 40 clients (out of 40)
[92mINFO [0m:      aggregate_fit: received 40 results and 0 failures
[92mINFO [0m:      fit progress: (110, 2.3644497156420203, {'accuracy': 0.1, 'ece': 0.090807856246233}, 1804.551532580983)
[92mINFO [0m:      configure_evaluate: no clients selected, skipping evaluation
[92mINFO [0m:      
[92mINFO [0m:      [ROUND 111]
[92mINFO [0m:      configure_fit: strategy sampled 40 clients (out of 40)
[92mINFO [0m:      aggregate_fit: received 40 results and 0 failures
[92mINFO [0m:      configure_evaluate: no clients selected, skipping evaluation
[92mINFO [0m:      
[92mINFO [0m:      [ROUND 112]
[92mINFO [0m:      configure_fit: strategy sampled 40 clients (out of 40)
[92mINFO [0m:      aggregate_fit: received 40 results and 0 failures
[92mINFO [0m:      fit progress: (112, 2.3756946816220217, {'accuracy': 0.1, 'ece': 0.09390420234382152}, 1836.4656768087298)
[92mINFO [0m:      configure_evaluate: no clients selected, skipping evaluation
[92mINFO [0m:      
[92mINFO [0m:      [ROUND 113]
[92mINFO [0m:      configure_fit: strategy sampled 40 clients (out of 40)
[92mINFO [0m:      aggregate_fit: received 40 results and 0 failures
[92mINFO [0m:      configure_evaluate: no clients selected, skipping evaluation
[92mINFO [0m:      
[92mINFO [0m:      [ROUND 114]
[92mINFO [0m:      configure_fit: strategy sampled 40 clients (out of 40)
[92mINFO [0m:      aggregate_fit: received 40 results and 0 failures
[92mINFO [0m:      fit progress: (114, 2.361514668142399, {'accuracy': 0.1, 'ece': 0.07608950664579867}, 1870.6456261859275)
[92mINFO [0m:      configure_evaluate: no clients selected, skipping evaluation
[92mINFO [0m:      
[92mINFO [0m:      [ROUND 115]
[92mINFO [0m:      configure_fit: strategy sampled 40 clients (out of 40)
[92mINFO [0m:      aggregate_fit: received 40 results and 0 failures
[92mINFO [0m:      configure_evaluate: no clients selected, skipping evaluation
[92mINFO [0m:      
[92mINFO [0m:      [ROUND 116]
[92mINFO [0m:      configure_fit: strategy sampled 40 clients (out of 40)
[92mINFO [0m:      aggregate_fit: received 40 results and 0 failures
[92mINFO [0m:      fit progress: (116, 2.380826425687227, {'accuracy': 0.1, 'ece': 0.0929550328299403}, 1902.4145395439118)
[92mINFO [0m:      configure_evaluate: no clients selected, skipping evaluation
[92mINFO [0m:      
[92mINFO [0m:      [ROUND 117]
[92mINFO [0m:      configure_fit: strategy sampled 40 clients (out of 40)
[92mINFO [0m:      aggregate_fit: received 40 results and 0 failures
[92mINFO [0m:      configure_evaluate: no clients selected, skipping evaluation
[92mINFO [0m:      
[92mINFO [0m:      [ROUND 118]
[92mINFO [0m:      configure_fit: strategy sampled 40 clients (out of 40)
[92mINFO [0m:      aggregate_fit: received 40 results and 0 failures
[92mINFO [0m:      fit progress: (118, 2.370903885799475, {'accuracy': 0.1, 'ece': 0.09685200181156399}, 1934.4255092157982)
[92mINFO [0m:      configure_evaluate: no clients selected, skipping evaluation
[92mINFO [0m:      
[92mINFO [0m:      [ROUND 119]
[92mINFO [0m:      configure_fit: strategy sampled 40 clients (out of 40)
[92mINFO [0m:      aggregate_fit: received 40 results and 0 failures
[92mINFO [0m:      configure_evaluate: no clients selected, skipping evaluation
[92mINFO [0m:      
[92mINFO [0m:      [ROUND 120]
[92mINFO [0m:      configure_fit: strategy sampled 40 clients (out of 40)
[92mINFO [0m:      aggregate_fit: received 40 results and 0 failures
[92mINFO [0m:      fit progress: (120, 2.3735479595543048, {'accuracy': 0.1, 'ece': 0.08938876092433928}, 1966.4613889688626)
[92mINFO [0m:      configure_evaluate: no clients selected, skipping evaluation
[92mINFO [0m:      
[92mINFO [0m:      [ROUND 121]
[92mINFO [0m:      configure_fit: strategy sampled 40 clients (out of 40)
[92mINFO [0m:      aggregate_fit: received 40 results and 0 failures
[92mINFO [0m:      configure_evaluate: no clients selected, skipping evaluation
[92mINFO [0m:      
[92mINFO [0m:      [ROUND 122]
[92mINFO [0m:      configure_fit: strategy sampled 40 clients (out of 40)
[92mINFO [0m:      aggregate_fit: received 40 results and 0 failures
[92mINFO [0m:      fit progress: (122, 2.3701091018088056, {'accuracy': 0.1, 'ece': 0.0809144818893075}, 1998.4584693559445)
[92mINFO [0m:      configure_evaluate: no clients selected, skipping evaluation
[92mINFO [0m:      
[92mINFO [0m:      [ROUND 123]
[92mINFO [0m:      configure_fit: strategy sampled 40 clients (out of 40)
[92mINFO [0m:      aggregate_fit: received 40 results and 0 failures
[92mINFO [0m:      configure_evaluate: no clients selected, skipping evaluation
[92mINFO [0m:      
[92mINFO [0m:      [ROUND 124]
[92mINFO [0m:      configure_fit: strategy sampled 40 clients (out of 40)
[92mINFO [0m:      aggregate_fit: received 40 results and 0 failures
[92mINFO [0m:      fit progress: (124, 2.366199402625767, {'accuracy': 0.1, 'ece': 0.0865096429479122}, 2030.6884534680285)
[92mINFO [0m:      configure_evaluate: no clients selected, skipping evaluation
[92mINFO [0m:      
[92mINFO [0m:      [ROUND 125]
[92mINFO [0m:      configure_fit: strategy sampled 40 clients (out of 40)
[92mINFO [0m:      aggregate_fit: received 40 results and 0 failures
[92mINFO [0m:      configure_evaluate: no clients selected, skipping evaluation
[92mINFO [0m:      
[92mINFO [0m:      [ROUND 126]
[92mINFO [0m:      configure_fit: strategy sampled 40 clients (out of 40)
[92mINFO [0m:      aggregate_fit: received 40 results and 0 failures
[92mINFO [0m:      fit progress: (126, 2.357738787851528, {'accuracy': 0.1, 'ece': 0.08221836789786816}, 2062.7234158217907)
[92mINFO [0m:      configure_evaluate: no clients selected, skipping evaluation
[92mINFO [0m:      
[92mINFO [0m:      [ROUND 127]
[92mINFO [0m:      configure_fit: strategy sampled 40 clients (out of 40)
[92mINFO [0m:      aggregate_fit: received 40 results and 0 failures
[92mINFO [0m:      configure_evaluate: no clients selected, skipping evaluation
[92mINFO [0m:      
[92mINFO [0m:      [ROUND 128]
[92mINFO [0m:      configure_fit: strategy sampled 40 clients (out of 40)
[92mINFO [0m:      aggregate_fit: received 40 results and 0 failures
[92mINFO [0m:      fit progress: (128, 2.3759784459909845, {'accuracy': 0.1, 'ece': 0.09291437099784614}, 2094.709547298029)
[92mINFO [0m:      configure_evaluate: no clients selected, skipping evaluation
[92mINFO [0m:      
[92mINFO [0m:      [ROUND 129]
[92mINFO [0m:      configure_fit: strategy sampled 40 clients (out of 40)
[92mINFO [0m:      aggregate_fit: received 40 results and 0 failures
[92mINFO [0m:      configure_evaluate: no clients selected, skipping evaluation
[92mINFO [0m:      
[92mINFO [0m:      [ROUND 130]
[92mINFO [0m:      configure_fit: strategy sampled 40 clients (out of 40)
[92mINFO [0m:      aggregate_fit: received 40 results and 0 failures
[92mINFO [0m:      fit progress: (130, 2.3696120408242334, {'accuracy': 0.1, 'ece': 0.08419921335101128}, 2127.0005005230196)
[92mINFO [0m:      configure_evaluate: no clients selected, skipping evaluation
[92mINFO [0m:      
[92mINFO [0m:      [ROUND 131]
[92mINFO [0m:      configure_fit: strategy sampled 40 clients (out of 40)
[92mINFO [0m:      aggregate_fit: received 40 results and 0 failures
[92mINFO [0m:      configure_evaluate: no clients selected, skipping evaluation
[92mINFO [0m:      
[92mINFO [0m:      [ROUND 132]
[92mINFO [0m:      configure_fit: strategy sampled 40 clients (out of 40)
[92mINFO [0m:      aggregate_fit: received 40 results and 0 failures
[92mINFO [0m:      fit progress: (132, 2.3749739529396354, {'accuracy': 0.1, 'ece': 0.09443256063044068}, 2159.2504849219695)
[92mINFO [0m:      configure_evaluate: no clients selected, skipping evaluation
[92mINFO [0m:      
[92mINFO [0m:      [ROUND 133]
[92mINFO [0m:      configure_fit: strategy sampled 40 clients (out of 40)
[92mINFO [0m:      aggregate_fit: received 40 results and 0 failures
[92mINFO [0m:      configure_evaluate: no clients selected, skipping evaluation
[92mINFO [0m:      
[92mINFO [0m:      [ROUND 134]
[92mINFO [0m:      configure_fit: strategy sampled 40 clients (out of 40)
[92mINFO [0m:      aggregate_fit: received 40 results and 0 failures
[92mINFO [0m:      fit progress: (134, 2.3675992999545104, {'accuracy': 0.1, 'ece': 0.07928336260616778}, 2191.411478594877)
[92mINFO [0m:      configure_evaluate: no clients selected, skipping evaluation
[92mINFO [0m:      
[92mINFO [0m:      [ROUND 135]
[92mINFO [0m:      configure_fit: strategy sampled 40 clients (out of 40)
[92mINFO [0m:      aggregate_fit: received 40 results and 0 failures
[92mINFO [0m:      configure_evaluate: no clients selected, skipping evaluation
[92mINFO [0m:      
[92mINFO [0m:      [ROUND 136]
[92mINFO [0m:      configure_fit: strategy sampled 40 clients (out of 40)
[92mINFO [0m:      aggregate_fit: received 40 results and 0 failures
[92mINFO [0m:      fit progress: (136, 2.3787039685359623, {'accuracy': 0.1, 'ece': 0.08181736049950121}, 2224.0884781656787)
[92mINFO [0m:      configure_evaluate: no clients selected, skipping evaluation
[92mINFO [0m:      
[92mINFO [0m:      [ROUND 137]
[92mINFO [0m:      configure_fit: strategy sampled 40 clients (out of 40)
[92mINFO [0m:      aggregate_fit: received 40 results and 0 failures
[92mINFO [0m:      configure_evaluate: no clients selected, skipping evaluation
[92mINFO [0m:      
[92mINFO [0m:      [ROUND 138]
[92mINFO [0m:      configure_fit: strategy sampled 40 clients (out of 40)
[92mINFO [0m:      aggregate_fit: received 40 results and 0 failures
[92mINFO [0m:      fit progress: (138, 2.3845856887878885, {'accuracy': 0.1, 'ece': 0.09461828579097989}, 2256.6895000101067)
[92mINFO [0m:      configure_evaluate: no clients selected, skipping evaluation
[92mINFO [0m:      
[92mINFO [0m:      [ROUND 139]
[92mINFO [0m:      configure_fit: strategy sampled 40 clients (out of 40)
[92mINFO [0m:      aggregate_fit: received 40 results and 0 failures
[92mINFO [0m:      configure_evaluate: no clients selected, skipping evaluation
[92mINFO [0m:      
[92mINFO [0m:      [ROUND 140]
[92mINFO [0m:      configure_fit: strategy sampled 40 clients (out of 40)
[92mINFO [0m:      aggregate_fit: received 40 results and 0 failures
[92mINFO [0m:      fit progress: (140, 2.3879221974386637, {'accuracy': 0.1, 'ece': 0.09868185887366535}, 2288.043483421672)
[92mINFO [0m:      configure_evaluate: no clients selected, skipping evaluation
[92mINFO [0m:      
[92mINFO [0m:      [ROUND 141]
[92mINFO [0m:      configure_fit: strategy sampled 40 clients (out of 40)
[92mINFO [0m:      aggregate_fit: received 40 results and 0 failures
[92mINFO [0m:      configure_evaluate: no clients selected, skipping evaluation
[92mINFO [0m:      
[92mINFO [0m:      [ROUND 142]
[92mINFO [0m:      configure_fit: strategy sampled 40 clients (out of 40)
[92mINFO [0m:      aggregate_fit: received 40 results and 0 failures
[92mINFO [0m:      fit progress: (142, 2.368858031475286, {'accuracy': 0.1, 'ece': 0.08477548412263392}, 2319.406459367834)
[92mINFO [0m:      configure_evaluate: no clients selected, skipping evaluation
[92mINFO [0m:      
[92mINFO [0m:      [ROUND 143]
[92mINFO [0m:      configure_fit: strategy sampled 40 clients (out of 40)
[92mINFO [0m:      aggregate_fit: received 40 results and 0 failures
[92mINFO [0m:      configure_evaluate: no clients selected, skipping evaluation
[92mINFO [0m:      
[92mINFO [0m:      [ROUND 144]
[92mINFO [0m:      configure_fit: strategy sampled 40 clients (out of 40)
[92mINFO [0m:      aggregate_fit: received 40 results and 0 failures
[92mINFO [0m:      fit progress: (144, 2.3817667471785113, {'accuracy': 0.1, 'ece': 0.08487468165606257}, 2350.8495668270625)
[92mINFO [0m:      configure_evaluate: no clients selected, skipping evaluation
[92mINFO [0m:      
[92mINFO [0m:      [ROUND 145]
[92mINFO [0m:      configure_fit: strategy sampled 40 clients (out of 40)
[92mINFO [0m:      aggregate_fit: received 40 results and 0 failures
[92mINFO [0m:      configure_evaluate: no clients selected, skipping evaluation
[92mINFO [0m:      
[92mINFO [0m:      [ROUND 146]
[92mINFO [0m:      configure_fit: strategy sampled 40 clients (out of 40)
[92mINFO [0m:      aggregate_fit: received 40 results and 0 failures
[92mINFO [0m:      fit progress: (146, 2.370939452013734, {'accuracy': 0.1, 'ece': 0.09021684624820948}, 2381.7419681129977)
[92mINFO [0m:      configure_evaluate: no clients selected, skipping evaluation
[92mINFO [0m:      
[92mINFO [0m:      [ROUND 147]
[92mINFO [0m:      configure_fit: strategy sampled 40 clients (out of 40)
[92mINFO [0m:      aggregate_fit: received 40 results and 0 failures
[92mINFO [0m:      configure_evaluate: no clients selected, skipping evaluation
[92mINFO [0m:      
[92mINFO [0m:      [ROUND 148]
[92mINFO [0m:      configure_fit: strategy sampled 40 clients (out of 40)
[92mINFO [0m:      aggregate_fit: received 40 results and 0 failures
[92mINFO [0m:      fit progress: (148, 2.3686538769255456, {'accuracy': 0.1, 'ece': 0.07651156589955091}, 2412.684321799781)
[92mINFO [0m:      configure_evaluate: no clients selected, skipping evaluation
[92mINFO [0m:      
[92mINFO [0m:      [ROUND 149]
[92mINFO [0m:      configure_fit: strategy sampled 40 clients (out of 40)
[92mINFO [0m:      aggregate_fit: received 40 results and 0 failures
[92mINFO [0m:      configure_evaluate: no clients selected, skipping evaluation
[92mINFO [0m:      
[92mINFO [0m:      [ROUND 150]
[92mINFO [0m:      configure_fit: strategy sampled 40 clients (out of 40)
[92mINFO [0m:      aggregate_fit: received 40 results and 0 failures
[92mINFO [0m:      fit progress: (150, 2.366059020395609, {'accuracy': 0.1, 'ece': 0.07994917965859176}, 2443.77922389796)
[92mINFO [0m:      configure_evaluate: no clients selected, skipping evaluation
[92mINFO [0m:      
[92mINFO [0m:      [ROUND 151]
[92mINFO [0m:      configure_fit: strategy sampled 40 clients (out of 40)
[92mINFO [0m:      aggregate_fit: received 40 results and 0 failures
[92mINFO [0m:      configure_evaluate: no clients selected, skipping evaluation
[92mINFO [0m:      
[92mINFO [0m:      [ROUND 152]
[92mINFO [0m:      configure_fit: strategy sampled 40 clients (out of 40)
[92mINFO [0m:      aggregate_fit: received 40 results and 0 failures
[92mINFO [0m:      fit progress: (152, 2.3773114076096578, {'accuracy': 0.1, 'ece': 0.09251651232957842}, 2475.1294617718086)
[92mINFO [0m:      configure_evaluate: no clients selected, skipping evaluation
[92mINFO [0m:      
[92mINFO [0m:      [ROUND 153]
[92mINFO [0m:      configure_fit: strategy sampled 40 clients (out of 40)
[92mINFO [0m:      aggregate_fit: received 40 results and 0 failures
[92mINFO [0m:      configure_evaluate: no clients selected, skipping evaluation
[92mINFO [0m:      
[92mINFO [0m:      [ROUND 154]
[92mINFO [0m:      configure_fit: strategy sampled 40 clients (out of 40)
[92mINFO [0m:      aggregate_fit: received 40 results and 0 failures
[92mINFO [0m:      fit progress: (154, 2.3641695737683093, {'accuracy': 0.1, 'ece': 0.07359390336632726}, 2506.190528207924)
[92mINFO [0m:      configure_evaluate: no clients selected, skipping evaluation
[92mINFO [0m:      
[92mINFO [0m:      [ROUND 155]
[92mINFO [0m:      configure_fit: strategy sampled 40 clients (out of 40)
[92mINFO [0m:      aggregate_fit: received 40 results and 0 failures
[92mINFO [0m:      configure_evaluate: no clients selected, skipping evaluation
[92mINFO [0m:      
[92mINFO [0m:      [ROUND 156]
[92mINFO [0m:      configure_fit: strategy sampled 40 clients (out of 40)
[92mINFO [0m:      aggregate_fit: received 40 results and 0 failures
[92mINFO [0m:      fit progress: (156, 2.3745219740973567, {'accuracy': 0.1002, 'ece': 0.07811695978969335}, 2538.1795115158893)
[92mINFO [0m:      configure_evaluate: no clients selected, skipping evaluation
[92mINFO [0m:      
[92mINFO [0m:      [ROUND 157]
[92mINFO [0m:      configure_fit: strategy sampled 40 clients (out of 40)
[92mINFO [0m:      aggregate_fit: received 40 results and 0 failures
[92mINFO [0m:      configure_evaluate: no clients selected, skipping evaluation
[92mINFO [0m:      
[92mINFO [0m:      [ROUND 158]
[92mINFO [0m:      configure_fit: strategy sampled 40 clients (out of 40)
[92mINFO [0m:      aggregate_fit: received 40 results and 0 failures
[92mINFO [0m:      fit progress: (158, 2.37729114507542, {'accuracy': 0.104, 'ece': 0.06946621169030663}, 2569.561705831904)
[92mINFO [0m:      configure_evaluate: no clients selected, skipping evaluation
[92mINFO [0m:      
[92mINFO [0m:      [ROUND 159]
[92mINFO [0m:      configure_fit: strategy sampled 40 clients (out of 40)
[92mINFO [0m:      aggregate_fit: received 40 results and 0 failures
[92mINFO [0m:      configure_evaluate: no clients selected, skipping evaluation
[92mINFO [0m:      
[92mINFO [0m:      [ROUND 160]
[92mINFO [0m:      configure_fit: strategy sampled 40 clients (out of 40)
[92mINFO [0m:      aggregate_fit: received 40 results and 0 failures
[92mINFO [0m:      fit progress: (160, 2.366488599346179, {'accuracy': 0.1003, 'ece': 0.07469832378894092}, 2600.5749192237854)
[92mINFO [0m:      configure_evaluate: no clients selected, skipping evaluation
[92mINFO [0m:      
[92mINFO [0m:      [SUMMARY]
[92mINFO [0m:      Run finished 160 round(s) in 2600.58s
[92mINFO [0m:      	History (loss, centralized):
[92mINFO [0m:      		round 0: 2.3708087632663397
[92mINFO [0m:      		round 2: 2.384367426609009
[92mINFO [0m:      		round 4: 2.3600539349720226
[92mINFO [0m:      		round 6: 2.367819791480306
[92mINFO [0m:      		round 8: 2.38572224531212
[92mINFO [0m:      		round 10: 2.3730760052776736
[92mINFO [0m:      		round 12: 2.3721182170561446
[92mINFO [0m:      		round 14: 2.366731015379879
[92mINFO [0m:      		round 16: 2.3653700262906634
[92mINFO [0m:      		round 18: 2.3479043850267938
[92mINFO [0m:      		round 20: 2.362951689292045
[92mINFO [0m:      		round 22: 2.3513745013795635
[92mINFO [0m:      		round 24: 2.372879778201115
[92mINFO [0m:      		round 26: 2.3700555638982945
[92mINFO [0m:      		round 28: 2.363623162783342
[92mINFO [0m:      		round 30: 2.3753205310182213
[92mINFO [0m:      		round 32: 2.361550003118617
[92mINFO [0m:      		round 34: 2.3635594955051187
[92mINFO [0m:      		round 36: 2.377668167959617
[92mINFO [0m:      		round 38: 2.370165687282486
[92mINFO [0m:      		round 40: 2.3574750690122577
[92mINFO [0m:      		round 42: 2.354971522761551
[92mINFO [0m:      		round 44: 2.37599951676918
[92mINFO [0m:      		round 46: 2.3552963200598978
[92mINFO [0m:      		round 48: 2.3590602066584703
[92mINFO [0m:      		round 50: 2.3498706165850365
[92mINFO [0m:      		round 52: 2.3548979503266163
[92mINFO [0m:      		round 54: 2.3577118670856834
[92mINFO [0m:      		round 56: 2.3637135508499725
[92mINFO [0m:      		round 58: 2.3778492105713704
[92mINFO [0m:      		round 60: 2.3480610908325183
[92mINFO [0m:      		round 62: 2.3690156676867953
[92mINFO [0m:      		round 64: 2.351784134370739
[92mINFO [0m:      		round 66: 2.371228098988469
[92mINFO [0m:      		round 68: 2.3521728714761
[92mINFO [0m:      		round 70: 2.3585035454822263
[92mINFO [0m:      		round 72: 2.364253968105941
[92mINFO [0m:      		round 74: 2.3690799822799713
[92mINFO [0m:      		round 76: 2.3536179657397445
[92mINFO [0m:      		round 78: 2.351458771967392
[92mINFO [0m:      		round 80: 2.3567265466300964
[92mINFO [0m:      		round 82: 2.360977555898714
[92mINFO [0m:      		round 84: 2.358804570175071
[92mINFO [0m:      		round 86: 2.35707096352846
[92mINFO [0m:      		round 88: 2.363683274385191
[92mINFO [0m:      		round 90: 2.369496914081104
[92mINFO [0m:      		round 92: 2.3730838677720643
[92mINFO [0m:      		round 94: 2.3578535504218516
[92mINFO [0m:      		round 96: 2.363344641669787
[92mINFO [0m:      		round 98: 2.359770112760125
[92mINFO [0m:      		round 100: 2.350249426457856
[92mINFO [0m:      		round 102: 2.360523238592231
[92mINFO [0m:      		round 104: 2.3542205862627643
[92mINFO [0m:      		round 106: 2.3699494040700797
[92mINFO [0m:      		round 108: 2.370593309998404
[92mINFO [0m:      		round 110: 2.3644497156420203
[92mINFO [0m:      		round 112: 2.3756946816220217
[92mINFO [0m:      		round 114: 2.361514668142399
[92mINFO [0m:      		round 116: 2.380826425687227
[92mINFO [0m:      		round 118: 2.370903885799475
[92mINFO [0m:      		round 120: 2.3735479595543048
[92mINFO [0m:      		round 122: 2.3701091018088056
[92mINFO [0m:      		round 124: 2.366199402625767
[92mINFO [0m:      		round 126: 2.357738787851528
[92mINFO [0m:      		round 128: 2.3759784459909845
[92mINFO [0m:      		round 130: 2.3696120408242334
[92mINFO [0m:      		round 132: 2.3749739529396354
[92mINFO [0m:      		round 134: 2.3675992999545104
[92mINFO [0m:      		round 136: 2.3787039685359623
[92mINFO [0m:      		round 138: 2.3845856887878885
[92mINFO [0m:      		round 140: 2.3879221974386637
[92mINFO [0m:      		round 142: 2.368858031475286
[92mINFO [0m:      		round 144: 2.3817667471785113
[92mINFO [0m:      		round 146: 2.370939452013734
[92mINFO [0m:      		round 148: 2.3686538769255456
[92mINFO [0m:      		round 150: 2.366059020395609
[92mINFO [0m:      		round 152: 2.3773114076096578
[92mINFO [0m:      		round 154: 2.3641695737683093
[92mINFO [0m:      		round 156: 2.3745219740973567
[92mINFO [0m:      		round 158: 2.37729114507542
[92mINFO [0m:      		round 160: 2.366488599346179
[92mINFO [0m:      	History (metrics, distributed, fit):
[92mINFO [0m:      	{'aircomp_nmse': [(1, 0.06517624640182974),
[92mINFO [0m:      	                  (2, 0.046466073414985765),
[92mINFO [0m:      	                  (3, 0.02933730276626575),
[92mINFO [0m:      	                  (4, 0.029608292391269813),
[92mINFO [0m:      	                  (5, 0.025000928962091825),
[92mINFO [0m:      	                  (6, 0.020777073993062403),
[92mINFO [0m:      	                  (7, 0.0785318850089545),
[92mINFO [0m:      	                  (8, 0.03178917770661847),
[92mINFO [0m:      	                  (9, 0.012600680768983765),
[92mINFO [0m:      	                  (10, 0.010712798236246674),
[92mINFO [0m:      	                  (11, 0.059782910837463316),
[92mINFO [0m:      	                  (12, 0.03387192530848868),
[92mINFO [0m:      	                  (13, 0.06087495575486334),
[92mINFO [0m:      	                  (14, 0.037622059172796596),
[92mINFO [0m:      	                  (15, 0.014666163095922785),
[92mINFO [0m:      	                  (16, 0.017502536279414397),
[92mINFO [0m:      	                  (17, 0.03714032725286252),
[92mINFO [0m:      	                  (18, 0.03369765076721928),
[92mINFO [0m:      	                  (19, 0.033352079264771316),
[92mINFO [0m:      	                  (20, 0.05332486774966409),
[92mINFO [0m:      	                  (21, 0.03274267399996106),
[92mINFO [0m:      	                  (22, 0.018726052861461333),
[92mINFO [0m:      	                  (23, 0.06558113458735912),
[92mINFO [0m:      	                  (24, 0.024280090562785576),
[92mINFO [0m:      	                  (25, 0.0408602132388775),
[92mINFO [0m:      	                  (26, 0.050908706784829186),
[92mINFO [0m:      	                  (27, 0.04374966047050058),
[92mINFO [0m:      	                  (28, 0.016785979204531953),
[92mINFO [0m:      	                  (29, 0.01959129185981395),
[92mINFO [0m:      	                  (30, 0.016619801316927953),
[92mINFO [0m:      	                  (31, 0.06024269556419281),
[92mINFO [0m:      	                  (32, 0.019368992767893275),
[92mINFO [0m:      	                  (33, 0.05996875125585416),
[92mINFO [0m:      	                  (34, 0.014481617594834639),
[92mINFO [0m:      	                  (35, 0.10255468645135253),
[92mINFO [0m:      	                  (36, 0.036585682660459515),
[92mINFO [0m:      	                  (37, 0.027656646941198702),
[92mINFO [0m:      	                  (38, 0.013763302252702109),
[92mINFO [0m:      	                  (39, 0.01473113830749631),
[92mINFO [0m:      	                  (40, 0.014575751756462722),
[92mINFO [0m:      	                  (41, 0.04511461011512696),
[92mINFO [0m:      	                  (42, 0.06613812205873144),
[92mINFO [0m:      	                  (43, 0.05404238764774216),
[92mINFO [0m:      	                  (44, 0.031828194601887905),
[92mINFO [0m:      	                  (45, 0.02182401071907698),
[92mINFO [0m:      	                  (46, 0.04048140074516655),
[92mINFO [0m:      	                  (47, 0.012596627993817546),
[92mINFO [0m:      	                  (48, 0.01304707195894918),
[92mINFO [0m:      	                  (49, 0.05057484000451581),
[92mINFO [0m:      	                  (50, 0.04600153202483485),
[92mINFO [0m:      	                  (51, 0.018795369215346528),
[92mINFO [0m:      	                  (52, 0.005734005621626113),
[92mINFO [0m:      	                  (53, 0.012991053011862201),
[92mINFO [0m:      	                  (54, 0.00949960988192621),
[92mINFO [0m:      	                  (55, 0.028299229946973373),
[92mINFO [0m:      	                  (56, 0.015709816602474568),
[92mINFO [0m:      	                  (57, 0.05054650610612202),
[92mINFO [0m:      	                  (58, 0.026464241180737893),
[92mINFO [0m:      	                  (59, 0.12771214270650522),
[92mINFO [0m:      	                  (60, 0.03033436544651368),
[92mINFO [0m:      	                  (61, 0.07804532920415351),
[92mINFO [0m:      	                  (62, 0.03156826387561273),
[92mINFO [0m:      	                  (63, 0.020627643957445214),
[92mINFO [0m:      	                  (64, 0.01076007353633947),
[92mINFO [0m:      	                  (65, 0.07575028881181894),
[92mINFO [0m:      	                  (66, 0.022216036418748156),
[92mINFO [0m:      	                  (67, 0.020259739762162124),
[92mINFO [0m:      	                  (68, 0.010312933757105944),
[92mINFO [0m:      	                  (69, 0.03562011452578985),
[92mINFO [0m:      	                  (70, 0.022886623594162894),
[92mINFO [0m:      	                  (71, 0.011533014471427855),
[92mINFO [0m:      	                  (72, 0.017904764961695838),
[92mINFO [0m:      	                  (73, 0.023326002408949446),
[92mINFO [0m:      	                  (74, 0.036542372194614585),
[92mINFO [0m:      	                  (75, 0.11481224776181433),
[92mINFO [0m:      	                  (76, 0.05371863729085942),
[92mINFO [0m:      	                  (77, 0.015744255038836856),
[92mINFO [0m:      	                  (78, 0.011873480802628225),
[92mINFO [0m:      	                  (79, 0.0809920333289213),
[92mINFO [0m:      	                  (80, 0.024424704235778538),
[92mINFO [0m:      	                  (81, 0.01920314874322456),
[92mINFO [0m:      	                  (82, 0.031444250518337345),
[92mINFO [0m:      	                  (83, 0.02589107489328454),
[92mINFO [0m:      	                  (84, 0.008663935167064504),
[92mINFO [0m:      	                  (85, 0.03542865191854229),
[92mINFO [0m:      	                  (86, 0.06248144840312531),
[92mINFO [0m:      	                  (87, 0.05866801228263778),
[92mINFO [0m:      	                  (88, 0.03958542922927591),
[92mINFO [0m:      	                  (89, 0.0317375750333629),
[92mINFO [0m:      	                  (90, 0.03175120642614731),
[92mINFO [0m:      	                  (91, 0.02851532018457413),
[92mINFO [0m:      	                  (92, 0.015333120778204446),
[92mINFO [0m:      	                  (93, 0.1121643702269672),
[92mINFO [0m:      	                  (94, 0.05778352672839707),
[92mINFO [0m:      	                  (95, 0.0135234290774005),
[92mINFO [0m:      	                  (96, 0.016275272278005886),
[92mINFO [0m:      	                  (97, 0.02470770557134746),
[92mINFO [0m:      	                  (98, 0.020888551409337555),
[92mINFO [0m:      	                  (99, 0.014498887447731007),
[92mINFO [0m:      	                  (100, 0.020428111264406485),
[92mINFO [0m:      	                  (101, 0.045328387708567924),
[92mINFO [0m:      	                  (102, 0.023066157735522865),
[92mINFO [0m:      	                  (103, 0.020562838128610008),
[92mINFO [0m:      	                  (104, 0.01333991700519292),
[92mINFO [0m:      	                  (105, 0.21419258188399454),
[92mINFO [0m:      	                  (106, 0.0672557366858721),
[92mINFO [0m:      	                  (107, 0.03232766081029043),
[92mINFO [0m:      	                  (108, 0.03159672255278494),
[92mINFO [0m:      	                  (109, 0.04893440603706309),
[92mINFO [0m:      	                  (110, 0.027841918654998986),
[92mINFO [0m:      	                  (111, 0.011317097487899332),
[92mINFO [0m:      	                  (112, 0.02319084507268134),
[92mINFO [0m:      	                  (113, 0.023453472604452276),
[92mINFO [0m:      	                  (114, 0.038630062828051044),
[92mINFO [0m:      	                  (115, 0.044006737358634467),
[92mINFO [0m:      	                  (116, 0.035525910922963935),
[92mINFO [0m:      	                  (117, 0.028996554720978417),
[92mINFO [0m:      	                  (118, 0.033063958004085445),
[92mINFO [0m:      	                  (119, 0.02125691407022895),
[92mINFO [0m:      	                  (120, 0.016377558336361432),
[92mINFO [0m:      	                  (121, 0.05694129010149274),
[92mINFO [0m:      	                  (122, 0.04140166515457115),
[92mINFO [0m:      	                  (123, 0.10688312101712029),
[92mINFO [0m:      	                  (124, 0.020757432084029834),
[92mINFO [0m:      	                  (125, 0.010225117703101607),
[92mINFO [0m:      	                  (126, 0.009275469847734849),
[92mINFO [0m:      	                  (127, 0.09114742164118725),
[92mINFO [0m:      	                  (128, 0.029430185179806514),
[92mINFO [0m:      	                  (129, 0.04534347765847999),
[92mINFO [0m:      	                  (130, 0.006412151881199927),
[92mINFO [0m:      	                  (131, 0.019519379746548653),
[92mINFO [0m:      	                  (132, 0.018169691909918684),
[92mINFO [0m:      	                  (133, 0.03871124169175218),
[92mINFO [0m:      	                  (134, 0.017125852931540578),
[92mINFO [0m:      	                  (135, 0.018327813196102695),
[92mINFO [0m:      	                  (136, 0.03168199420495179),
[92mINFO [0m:      	                  (137, 0.010408050595863054),
[92mINFO [0m:      	                  (138, 0.019491604821551684),
[92mINFO [0m:      	                  (139, 0.013922021490592545),
[92mINFO [0m:      	                  (140, 0.01515609830268605),
[92mINFO [0m:      	                  (141, 0.0237546819154253),
[92mINFO [0m:      	                  (142, 0.04740749486364653),
[92mINFO [0m:      	                  (143, 0.016965140164339265),
[92mINFO [0m:      	                  (144, 0.015794551610856376),
[92mINFO [0m:      	                  (145, 0.014754025114363406),
[92mINFO [0m:      	                  (146, 0.022972896813149),
[92mINFO [0m:      	                  (147, 0.03169254430561007),
[92mINFO [0m:      	                  (148, 0.021907253212768034),
[92mINFO [0m:      	                  (149, 0.05390758539039425),
[92mINFO [0m:      	                  (150, 0.017245535414406776),
[92mINFO [0m:      	                  (151, 0.0591663561690831),
[92mINFO [0m:      	                  (152, 0.04407175584983286),
[92mINFO [0m:      	                  (153, 0.02132429597119422),
[92mINFO [0m:      	                  (154, 0.02859718454763446),
[92mINFO [0m:      	                  (155, 0.036217715929963756),
[92mINFO [0m:      	                  (156, 0.027312650685187317),
[92mINFO [0m:      	                  (157, 0.03725528397106727),
[92mINFO [0m:      	                  (158, 0.027491481255653875),
[92mINFO [0m:      	                  (159, 0.06313839766008082),
[92mINFO [0m:      	                  (160, 0.07680916967488476)],
[92mINFO [0m:      	 'logical_round': [(1, 1.0),
[92mINFO [0m:      	                   (2, 1.0),
[92mINFO [0m:      	                   (3, 2.0),
[92mINFO [0m:      	                   (4, 2.0),
[92mINFO [0m:      	                   (5, 3.0),
[92mINFO [0m:      	                   (6, 3.0),
[92mINFO [0m:      	                   (7, 4.0),
[92mINFO [0m:      	                   (8, 4.0),
[92mINFO [0m:      	                   (9, 5.0),
[92mINFO [0m:      	                   (10, 5.0),
[92mINFO [0m:      	                   (11, 6.0),
[92mINFO [0m:      	                   (12, 6.0),
[92mINFO [0m:      	                   (13, 7.0),
[92mINFO [0m:      	                   (14, 7.0),
[92mINFO [0m:      	                   (15, 8.0),
[92mINFO [0m:      	                   (16, 8.0),
[92mINFO [0m:      	                   (17, 9.0),
[92mINFO [0m:      	                   (18, 9.0),
[92mINFO [0m:      	                   (19, 10.0),
[92mINFO [0m:      	                   (20, 10.0),
[92mINFO [0m:      	                   (21, 11.0),
[92mINFO [0m:      	                   (22, 11.0),
[92mINFO [0m:      	                   (23, 12.0),
[92mINFO [0m:      	                   (24, 12.0),
[92mINFO [0m:      	                   (25, 13.0),
[92mINFO [0m:      	                   (26, 13.0),
[92mINFO [0m:      	                   (27, 14.0),
[92mINFO [0m:      	                   (28, 14.0),
[92mINFO [0m:      	                   (29, 15.0),
[92mINFO [0m:      	                   (30, 15.0),
[92mINFO [0m:      	                   (31, 16.0),
[92mINFO [0m:      	                   (32, 16.0),
[92mINFO [0m:      	                   (33, 17.0),
[92mINFO [0m:      	                   (34, 17.0),
[92mINFO [0m:      	                   (35, 18.0),
[92mINFO [0m:      	                   (36, 18.0),
[92mINFO [0m:      	                   (37, 19.0),
[92mINFO [0m:      	                   (38, 19.0),
[92mINFO [0m:      	                   (39, 20.0),
[92mINFO [0m:      	                   (40, 20.0),
[92mINFO [0m:      	                   (41, 21.0),
[92mINFO [0m:      	                   (42, 21.0),
[92mINFO [0m:      	                   (43, 22.0),
[92mINFO [0m:      	                   (44, 22.0),
[92mINFO [0m:      	                   (45, 23.0),
[92mINFO [0m:      	                   (46, 23.0),
[92mINFO [0m:      	                   (47, 24.0),
[92mINFO [0m:      	                   (48, 24.0),
[92mINFO [0m:      	                   (49, 25.0),
[92mINFO [0m:      	                   (50, 25.0),
[92mINFO [0m:      	                   (51, 26.0),
[92mINFO [0m:      	                   (52, 26.0),
[92mINFO [0m:      	                   (53, 27.0),
[92mINFO [0m:      	                   (54, 27.0),
[92mINFO [0m:      	                   (55, 28.0),
[92mINFO [0m:      	                   (56, 28.0),
[92mINFO [0m:      	                   (57, 29.0),
[92mINFO [0m:      	                   (58, 29.0),
[92mINFO [0m:      	                   (59, 30.0),
[92mINFO [0m:      	                   (60, 30.0),
[92mINFO [0m:      	                   (61, 31.0),
[92mINFO [0m:      	                   (62, 31.0),
[92mINFO [0m:      	                   (63, 32.0),
[92mINFO [0m:      	                   (64, 32.0),
[92mINFO [0m:      	                   (65, 33.0),
[92mINFO [0m:      	                   (66, 33.0),
[92mINFO [0m:      	                   (67, 34.0),
[92mINFO [0m:      	                   (68, 34.0),
[92mINFO [0m:      	                   (69, 35.0),
[92mINFO [0m:      	                   (70, 35.0),
[92mINFO [0m:      	                   (71, 36.0),
[92mINFO [0m:      	                   (72, 36.0),
[92mINFO [0m:      	                   (73, 37.0),
[92mINFO [0m:      	                   (74, 37.0),
[92mINFO [0m:      	                   (75, 38.0),
[92mINFO [0m:      	                   (76, 38.0),
[92mINFO [0m:      	                   (77, 39.0),
[92mINFO [0m:      	                   (78, 39.0),
[92mINFO [0m:      	                   (79, 40.0),
[92mINFO [0m:      	                   (80, 40.0),
[92mINFO [0m:      	                   (81, 41.0),
[92mINFO [0m:      	                   (82, 41.0),
[92mINFO [0m:      	                   (83, 42.0),
[92mINFO [0m:      	                   (84, 42.0),
[92mINFO [0m:      	                   (85, 43.0),
[92mINFO [0m:      	                   (86, 43.0),
[92mINFO [0m:      	                   (87, 44.0),
[92mINFO [0m:      	                   (88, 44.0),
[92mINFO [0m:      	                   (89, 45.0),
[92mINFO [0m:      	                   (90, 45.0),
[92mINFO [0m:      	                   (91, 46.0),
[92mINFO [0m:      	                   (92, 46.0),
[92mINFO [0m:      	                   (93, 47.0),
[92mINFO [0m:      	                   (94, 47.0),
[92mINFO [0m:      	                   (95, 48.0),
[92mINFO [0m:      	                   (96, 48.0),
[92mINFO [0m:      	                   (97, 49.0),
[92mINFO [0m:      	                   (98, 49.0),
[92mINFO [0m:      	                   (99, 50.0),
[92mINFO [0m:      	                   (100, 50.0),
[92mINFO [0m:      	                   (101, 51.0),
[92mINFO [0m:      	                   (102, 51.0),
[92mINFO [0m:      	                   (103, 52.0),
[92mINFO [0m:      	                   (104, 52.0),
[92mINFO [0m:      	                   (105, 53.0),
[92mINFO [0m:      	                   (106, 53.0),
[92mINFO [0m:      	                   (107, 54.0),
[92mINFO [0m:      	                   (108, 54.0),
[92mINFO [0m:      	                   (109, 55.0),
[92mINFO [0m:      	                   (110, 55.0),
[92mINFO [0m:      	                   (111, 56.0),
[92mINFO [0m:      	                   (112, 56.0),
[92mINFO [0m:      	                   (113, 57.0),
[92mINFO [0m:      	                   (114, 57.0),
[92mINFO [0m:      	                   (115, 58.0),
[92mINFO [0m:      	                   (116, 58.0),
[92mINFO [0m:      	                   (117, 59.0),
[92mINFO [0m:      	                   (118, 59.0),
[92mINFO [0m:      	                   (119, 60.0),
[92mINFO [0m:      	                   (120, 60.0),
[92mINFO [0m:      	                   (121, 61.0),
[92mINFO [0m:      	                   (122, 61.0),
[92mINFO [0m:      	                   (123, 62.0),
[92mINFO [0m:      	                   (124, 62.0),
[92mINFO [0m:      	                   (125, 63.0),
[92mINFO [0m:      	                   (126, 63.0),
[92mINFO [0m:      	                   (127, 64.0),
[92mINFO [0m:      	                   (128, 64.0),
[92mINFO [0m:      	                   (129, 65.0),
[92mINFO [0m:      	                   (130, 65.0),
[92mINFO [0m:      	                   (131, 66.0),
[92mINFO [0m:      	                   (132, 66.0),
[92mINFO [0m:      	                   (133, 67.0),
[92mINFO [0m:      	                   (134, 67.0),
[92mINFO [0m:      	                   (135, 68.0),
[92mINFO [0m:      	                   (136, 68.0),
[92mINFO [0m:      	                   (137, 69.0),
[92mINFO [0m:      	                   (138, 69.0),
[92mINFO [0m:      	                   (139, 70.0),
[92mINFO [0m:      	                   (140, 70.0),
[92mINFO [0m:      	                   (141, 71.0),
[92mINFO [0m:      	                   (142, 71.0),
[92mINFO [0m:      	                   (143, 72.0),
[92mINFO [0m:      	                   (144, 72.0),
[92mINFO [0m:      	                   (145, 73.0),
[92mINFO [0m:      	                   (146, 73.0),
[92mINFO [0m:      	                   (147, 74.0),
[92mINFO [0m:      	                   (148, 74.0),
[92mINFO [0m:      	                   (149, 75.0),
[92mINFO [0m:      	                   (150, 75.0),
[92mINFO [0m:      	                   (151, 76.0),
[92mINFO [0m:      	                   (152, 76.0),
[92mINFO [0m:      	                   (153, 77.0),
[92mINFO [0m:      	                   (154, 77.0),
[92mINFO [0m:      	                   (155, 78.0),
[92mINFO [0m:      	                   (156, 78.0),
[92mINFO [0m:      	                   (157, 79.0),
[92mINFO [0m:      	                   (158, 79.0),
[92mINFO [0m:      	                   (159, 80.0),
[92mINFO [0m:      	                   (160, 80.0)],
[92mINFO [0m:      	 'phase_train_loss': [(1, 2.3577120252203723),
[92mINFO [0m:      	                      (2, 2.3693359658288804),
[92mINFO [0m:      	                      (3, 2.371741059886354),
[92mINFO [0m:      	                      (4, 2.3683907622359657),
[92mINFO [0m:      	                      (5, 2.3606039223811632),
[92mINFO [0m:      	                      (6, 2.375248048458313),
[92mINFO [0m:      	                      (7, 2.3568582532849707),
[92mINFO [0m:      	                      (8, 2.3423561173804783),
[92mINFO [0m:      	                      (9, 2.3394023344208725),
[92mINFO [0m:      	                      (10, 2.3557609818110263),
[92mINFO [0m:      	                      (11, 2.3369717886101067),
[92mINFO [0m:      	                      (12, 2.3441289573816904),
[92mINFO [0m:      	                      (13, 2.3386921033733135),
[92mINFO [0m:      	                      (14, 2.331908255700298),
[92mINFO [0m:      	                      (15, 2.339846493632723),
[92mINFO [0m:      	                      (16, 2.3522254776978904),
[92mINFO [0m:      	                      (17, 2.33903080774348),
[92mINFO [0m:      	                      (18, 2.343327666056605),
[92mINFO [0m:      	                      (19, 2.3108148518559406),
[92mINFO [0m:      	                      (20, 2.336628679292976),
[92mINFO [0m:      	                      (21, 2.3216834661070473),
[92mINFO [0m:      	                      (22, 2.339089194731456),
[92mINFO [0m:      	                      (23, 2.3391086997481354),
[92mINFO [0m:      	                      (24, 2.325851546760008),
[92mINFO [0m:      	                      (25, 2.319035581509192),
[92mINFO [0m:      	                      (26, 2.3269984131790737),
[92mINFO [0m:      	                      (27, 2.308012792950123),
[92mINFO [0m:      	                      (28, 2.3251357508336294),
[92mINFO [0m:      	                      (29, 2.3231172113428284),
[92mINFO [0m:      	                      (30, 2.3157637719341606),
[92mINFO [0m:      	                      (31, 2.2954689002594897),
[92mINFO [0m:      	                      (32, 2.3160931207883886),
[92mINFO [0m:      	                      (33, 2.332806533083911),
[92mINFO [0m:      	                      (34, 2.3126698456120995),
[92mINFO [0m:      	                      (35, 2.2918541808336945),
[92mINFO [0m:      	                      (36, 2.3072788669279607),
[92mINFO [0m:      	                      (37, 2.297334305073456),
[92mINFO [0m:      	                      (38, 2.315879621922909),
[92mINFO [0m:      	                      (39, 2.3235650172189923),
[92mINFO [0m:      	                      (40, 2.2974435214472453),
[92mINFO [0m:      	                      (41, 2.2984138993256455),
[92mINFO [0m:      	                      (42, 2.2792572549255308),
[92mINFO [0m:      	                      (43, 2.302221700255043),
[92mINFO [0m:      	                      (44, 2.293487407571787),
[92mINFO [0m:      	                      (45, 2.299000142622334),
[92mINFO [0m:      	                      (46, 2.2988475104920862),
[92mINFO [0m:      	                      (47, 2.2978671705492397),
[92mINFO [0m:      	                      (48, 2.2992257328751373),
[92mINFO [0m:      	                      (49, 2.294585377178018),
[92mINFO [0m:      	                      (50, 2.2818990395003635),
[92mINFO [0m:      	                      (51, 2.281438391715561),
[92mINFO [0m:      	                      (52, 2.293601780966121),
[92mINFO [0m:      	                      (53, 2.2738253394560553),
[92mINFO [0m:      	                      (54, 2.2823815789130557),
[92mINFO [0m:      	                      (55, 2.262759831332481),
[92mINFO [0m:      	                      (56, 2.2749206022959143),
[92mINFO [0m:      	                      (57, 2.283776620300231),
[92mINFO [0m:      	                      (58, 2.298575178361739),
[92mINFO [0m:      	                      (59, 2.2738299178689085),
[92mINFO [0m:      	                      (60, 2.273608030550113),
[92mINFO [0m:      	                      (61, 2.2669191665106125),
[92mINFO [0m:      	                      (62, 2.2695818702177744),
[92mINFO [0m:      	                      (63, 2.27352635761001),
[92mINFO [0m:      	                      (64, 2.2687757342659682),
[92mINFO [0m:      	                      (65, 2.274653346468207),
[92mINFO [0m:      	                      (66, 2.2765838425132774),
[92mINFO [0m:      	                      (67, 2.2670802988574312),
[92mINFO [0m:      	                      (68, 2.2394270438022557),
[92mINFO [0m:      	                      (69, 2.2701590684520143),
[92mINFO [0m:      	                      (70, 2.2584254054305273),
[92mINFO [0m:      	                      (71, 2.271111720600303),
[92mINFO [0m:      	                      (72, 2.2519381363054736),
[92mINFO [0m:      	                      (73, 2.2576920840165378),
[92mINFO [0m:      	                      (74, 2.2484164737612162),
[92mINFO [0m:      	                      (75, 2.251745790576644),
[92mINFO [0m:      	                      (76, 2.2558288418992),
[92mINFO [0m:      	                      (77, 2.2625927371144416),
[92mINFO [0m:      	                      (78, 2.267368358173545),
[92mINFO [0m:      	                      (79, 2.2517327387238324),
[92mINFO [0m:      	                      (80, 2.2535742859631807),
[92mINFO [0m:      	                      (81, 2.261138296272844),
[92mINFO [0m:      	                      (82, 2.2484839927386173),
[92mINFO [0m:      	                      (83, 2.2522818502307786),
[92mINFO [0m:      	                      (84, 2.247503306252061),
[92mINFO [0m:      	                      (85, 2.2422788183419895),
[92mINFO [0m:      	                      (86, 2.2452270127506972),
[92mINFO [0m:      	                      (87, 2.2308515539004383),
[92mINFO [0m:      	                      (88, 2.2523385048882765),
[92mINFO [0m:      	                      (89, 2.248286853995959),
[92mINFO [0m:      	                      (90, 2.225523985341752),
[92mINFO [0m:      	                      (91, 2.2341017256433093),
[92mINFO [0m:      	                      (92, 2.2374690283836447),
[92mINFO [0m:      	                      (93, 2.25371534050663),
[92mINFO [0m:      	                      (94, 2.23515556583812),
[92mINFO [0m:      	                      (95, 2.2398884801389243),
[92mINFO [0m:      	                      (96, 2.2364719875952717),
[92mINFO [0m:      	                      (97, 2.2331916289072433),
[92mINFO [0m:      	                      (98, 2.2347017872248633),
[92mINFO [0m:      	                      (99, 2.2262087487252784),
[92mINFO [0m:      	                      (100, 2.2326019651892226),
[92mINFO [0m:      	                      (101, 2.2369944392967804),
[92mINFO [0m:      	                      (102, 2.23693567937655),
[92mINFO [0m:      	                      (103, 2.2206660816895027),
[92mINFO [0m:      	                      (104, 2.2251849320994754),
[92mINFO [0m:      	                      (105, 2.2243561675808072),
[92mINFO [0m:      	                      (106, 2.2333383476746294),
[92mINFO [0m:      	                      (107, 2.218151485252962),
[92mINFO [0m:      	                      (108, 2.2309532258663385),
[92mINFO [0m:      	                      (109, 2.2137194349224907),
[92mINFO [0m:      	                      (110, 2.2335558653605436),
[92mINFO [0m:      	                      (111, 2.238579900825012),
[92mINFO [0m:      	                      (112, 2.21447778160429),
[92mINFO [0m:      	                      (113, 2.216298223439214),
[92mINFO [0m:      	                      (114, 2.222145679741643),
[92mINFO [0m:      	                      (115, 2.2347771529142393),
[92mINFO [0m:      	                      (116, 2.215237539297203),
[92mINFO [0m:      	                      (117, 2.228661564529124),
[92mINFO [0m:      	                      (118, 2.2202276875989724),
[92mINFO [0m:      	                      (119, 2.2397145516753563),
[92mINFO [0m:      	                      (120, 2.2302043778971514),
[92mINFO [0m:      	                      (121, 2.2043926351553065),
[92mINFO [0m:      	                      (122, 2.2201984331784876),
[92mINFO [0m:      	                      (123, 2.217683995849361),
[92mINFO [0m:      	                      (124, 2.219155416556559),
[92mINFO [0m:      	                      (125, 2.218840573253612),
[92mINFO [0m:      	                      (126, 2.2002283470798),
[92mINFO [0m:      	                      (127, 2.2198199515667723),
[92mINFO [0m:      	                      (128, 2.2273528703474197),
[92mINFO [0m:      	                      (129, 2.2095087371546764),
[92mINFO [0m:      	                      (130, 2.212761857429574),
[92mINFO [0m:      	                      (131, 2.2210915554818884),
[92mINFO [0m:      	                      (132, 2.2163280490941215),
[92mINFO [0m:      	                      (133, 2.2221688023176225),
[92mINFO [0m:      	                      (134, 2.2061979648904426),
[92mINFO [0m:      	                      (135, 2.216134301279714),
[92mINFO [0m:      	                      (136, 2.2137842374318493),
[92mINFO [0m:      	                      (137, 2.1906513264560017),
[92mINFO [0m:      	                      (138, 2.206655585753712),
[92mINFO [0m:      	                      (139, 2.2166512505811684),
[92mINFO [0m:      	                      (140, 2.201183920983502),
[92mINFO [0m:      	                      (141, 2.2026929566236864),
[92mINFO [0m:      	                      (142, 2.1926497109181273),
[92mINFO [0m:      	                      (143, 2.2140536551800527),
[92mINFO [0m:      	                      (144, 2.2090600100077786),
[92mINFO [0m:      	                      (145, 2.2014100774258587),
[92mINFO [0m:      	                      (146, 2.2107045954629583),
[92mINFO [0m:      	                      (147, 2.2062431482914624),
[92mINFO [0m:      	                      (148, 2.212038830653333),
[92mINFO [0m:      	                      (149, 2.197848368709716),
[92mINFO [0m:      	                      (150, 2.1920856704789524),
[92mINFO [0m:      	                      (151, 2.1872657271391986),
[92mINFO [0m:      	                      (152, 2.2174964237310153),
[92mINFO [0m:      	                      (153, 2.2087715086835082),
[92mINFO [0m:      	                      (154, 2.206921319195115),
[92mINFO [0m:      	                      (155, 2.200262202809082),
[92mINFO [0m:      	                      (156, 2.2077342595113008),
[92mINFO [0m:      	                      (157, 2.1926936222359705),
[92mINFO [0m:      	                      (158, 2.2088684660250872),
[92mINFO [0m:      	                      (159, 2.2087108515043834),
[92mINFO [0m:      	                      (160, 2.205286455590995)],
[92mINFO [0m:      	 'physical_round': [(1, 1.0),
[92mINFO [0m:      	                    (2, 2.0),
[92mINFO [0m:      	                    (3, 3.0),
[92mINFO [0m:      	                    (4, 4.0),
[92mINFO [0m:      	                    (5, 5.0),
[92mINFO [0m:      	                    (6, 6.0),
[92mINFO [0m:      	                    (7, 7.0),
[92mINFO [0m:      	                    (8, 8.0),
[92mINFO [0m:      	                    (9, 9.0),
[92mINFO [0m:      	                    (10, 10.0),
[92mINFO [0m:      	                    (11, 11.0),
[92mINFO [0m:      	                    (12, 12.0),
[92mINFO [0m:      	                    (13, 13.0),
[92mINFO [0m:      	                    (14, 14.0),
[92mINFO [0m:      	                    (15, 15.0),
[92mINFO [0m:      	                    (16, 16.0),
[92mINFO [0m:      	                    (17, 17.0),
[92mINFO [0m:      	                    (18, 18.0),
[92mINFO [0m:      	                    (19, 19.0),
[92mINFO [0m:      	                    (20, 20.0),
[92mINFO [0m:      	                    (21, 21.0),
[92mINFO [0m:      	                    (22, 22.0),
[92mINFO [0m:      	                    (23, 23.0),
[92mINFO [0m:      	                    (24, 24.0),
[92mINFO [0m:      	                    (25, 25.0),
[92mINFO [0m:      	                    (26, 26.0),
[92mINFO [0m:      	                    (27, 27.0),
[92mINFO [0m:      	                    (28, 28.0),
[92mINFO [0m:      	                    (29, 29.0),
[92mINFO [0m:      	                    (30, 30.0),
[92mINFO [0m:      	                    (31, 31.0),
[92mINFO [0m:      	                    (32, 32.0),
[92mINFO [0m:      	                    (33, 33.0),
[92mINFO [0m:      	                    (34, 34.0),
[92mINFO [0m:      	                    (35, 35.0),
[92mINFO [0m:      	                    (36, 36.0),
[92mINFO [0m:      	                    (37, 37.0),
[92mINFO [0m:      	                    (38, 38.0),
[92mINFO [0m:      	                    (39, 39.0),
[92mINFO [0m:      	                    (40, 40.0),
[92mINFO [0m:      	                    (41, 41.0),
[92mINFO [0m:      	                    (42, 42.0),
[92mINFO [0m:      	                    (43, 43.0),
[92mINFO [0m:      	                    (44, 44.0),
[92mINFO [0m:      	                    (45, 45.0),
[92mINFO [0m:      	                    (46, 46.0),
[92mINFO [0m:      	                    (47, 47.0),
[92mINFO [0m:      	                    (48, 48.0),
[92mINFO [0m:      	                    (49, 49.0),
[92mINFO [0m:      	                    (50, 50.0),
[92mINFO [0m:      	                    (51, 51.0),
[92mINFO [0m:      	                    (52, 52.0),
[92mINFO [0m:      	                    (53, 53.0),
[92mINFO [0m:      	                    (54, 54.0),
[92mINFO [0m:      	                    (55, 55.0),
[92mINFO [0m:      	                    (56, 56.0),
[92mINFO [0m:      	                    (57, 57.0),
[92mINFO [0m:      	                    (58, 58.0),
[92mINFO [0m:      	                    (59, 59.0),
[92mINFO [0m:      	                    (60, 60.0),
[92mINFO [0m:      	                    (61, 61.0),
[92mINFO [0m:      	                    (62, 62.0),
[92mINFO [0m:      	                    (63, 63.0),
[92mINFO [0m:      	                    (64, 64.0),
[92mINFO [0m:      	                    (65, 65.0),
[92mINFO [0m:      	                    (66, 66.0),
[92mINFO [0m:      	                    (67, 67.0),
[92mINFO [0m:      	                    (68, 68.0),
[92mINFO [0m:      	                    (69, 69.0),
[92mINFO [0m:      	                    (70, 70.0),
[92mINFO [0m:      	                    (71, 71.0),
[92mINFO [0m:      	                    (72, 72.0),
[92mINFO [0m:      	                    (73, 73.0),
[92mINFO [0m:      	                    (74, 74.0),
[92mINFO [0m:      	                    (75, 75.0),
[92mINFO [0m:      	                    (76, 76.0),
[92mINFO [0m:      	                    (77, 77.0),
[92mINFO [0m:      	                    (78, 78.0),
[92mINFO [0m:      	                    (79, 79.0),
[92mINFO [0m:      	                    (80, 80.0),
[92mINFO [0m:      	                    (81, 81.0),
[92mINFO [0m:      	                    (82, 82.0),
[92mINFO [0m:      	                    (83, 83.0),
[92mINFO [0m:      	                    (84, 84.0),
[92mINFO [0m:      	                    (85, 85.0),
[92mINFO [0m:      	                    (86, 86.0),
[92mINFO [0m:      	                    (87, 87.0),
[92mINFO [0m:      	                    (88, 88.0),
[92mINFO [0m:      	                    (89, 89.0),
[92mINFO [0m:      	                    (90, 90.0),
[92mINFO [0m:      	                    (91, 91.0),
[92mINFO [0m:      	                    (92, 92.0),
[92mINFO [0m:      	                    (93, 93.0),
[92mINFO [0m:      	                    (94, 94.0),
[92mINFO [0m:      	                    (95, 95.0),
[92mINFO [0m:      	                    (96, 96.0),
[92mINFO [0m:      	                    (97, 97.0),
[92mINFO [0m:      	                    (98, 98.0),
[92mINFO [0m:      	                    (99, 99.0),
[92mINFO [0m:      	                    (100, 100.0),
[92mINFO [0m:      	                    (101, 101.0),
[92mINFO [0m:      	                    (102, 102.0),
[92mINFO [0m:      	                    (103, 103.0),
[92mINFO [0m:      	                    (104, 104.0),
[92mINFO [0m:      	                    (105, 105.0),
[92mINFO [0m:      	                    (106, 106.0),
[92mINFO [0m:      	                    (107, 107.0),
[92mINFO [0m:      	                    (108, 108.0),
[92mINFO [0m:      	                    (109, 109.0),
[92mINFO [0m:      	                    (110, 110.0),
[92mINFO [0m:      	                    (111, 111.0),
[92mINFO [0m:      	                    (112, 112.0),
[92mINFO [0m:      	                    (113, 113.0),
[92mINFO [0m:      	                    (114, 114.0),
[92mINFO [0m:      	                    (115, 115.0),
[92mINFO [0m:      	                    (116, 116.0),
[92mINFO [0m:      	                    (117, 117.0),
[92mINFO [0m:      	                    (118, 118.0),
[92mINFO [0m:      	                    (119, 119.0),
[92mINFO [0m:      	                    (120, 120.0),
[92mINFO [0m:      	                    (121, 121.0),
[92mINFO [0m:      	                    (122, 122.0),
[92mINFO [0m:      	                    (123, 123.0),
[92mINFO [0m:      	                    (124, 124.0),
[92mINFO [0m:      	                    (125, 125.0),
[92mINFO [0m:      	                    (126, 126.0),
[92mINFO [0m:      	                    (127, 127.0),
[92mINFO [0m:      	                    (128, 128.0),
[92mINFO [0m:      	                    (129, 129.0),
[92mINFO [0m:      	                    (130, 130.0),
[92mINFO [0m:      	                    (131, 131.0),
[92mINFO [0m:      	                    (132, 132.0),
[92mINFO [0m:      	                    (133, 133.0),
[92mINFO [0m:      	                    (134, 134.0),
[92mINFO [0m:      	                    (135, 135.0),
[92mINFO [0m:      	                    (136, 136.0),
[92mINFO [0m:      	                    (137, 137.0),
[92mINFO [0m:      	                    (138, 138.0),
[92mINFO [0m:      	                    (139, 139.0),
[92mINFO [0m:      	                    (140, 140.0),
[92mINFO [0m:      	                    (141, 141.0),
[92mINFO [0m:      	                    (142, 142.0),
[92mINFO [0m:      	                    (143, 143.0),
[92mINFO [0m:      	                    (144, 144.0),
[92mINFO [0m:      	                    (145, 145.0),
[92mINFO [0m:      	                    (146, 146.0),
[92mINFO [0m:      	                    (147, 147.0),
[92mINFO [0m:      	                    (148, 148.0),
[92mINFO [0m:      	                    (149, 149.0),
[92mINFO [0m:      	                    (150, 150.0),
[92mINFO [0m:      	                    (151, 151.0),
[92mINFO [0m:      	                    (152, 152.0),
[92mINFO [0m:      	                    (153, 153.0),
[92mINFO [0m:      	                    (154, 154.0),
[92mINFO [0m:      	                    (155, 155.0),
[92mINFO [0m:      	                    (156, 156.0),
[92mINFO [0m:      	                    (157, 157.0),
[92mINFO [0m:      	                    (158, 158.0),
[92mINFO [0m:      	                    (159, 159.0),
[92mINFO [0m:      	                    (160, 160.0)],
[92mINFO [0m:      	 'train_loss': [(1, 2.3577120252203723),
[92mINFO [0m:      	                (2, 4.727047991049252),
[92mINFO [0m:      	                (3, 2.371741059886354),
[92mINFO [0m:      	                (4, 4.74013182212232),
[92mINFO [0m:      	                (5, 2.3606039223811632),
[92mINFO [0m:      	                (6, 4.735851970839477),
[92mINFO [0m:      	                (7, 2.3568582532849707),
[92mINFO [0m:      	                (8, 4.699214370665449),
[92mINFO [0m:      	                (9, 2.3394023344208725),
[92mINFO [0m:      	                (10, 4.695163316231898),
[92mINFO [0m:      	                (11, 2.3369717886101067),
[92mINFO [0m:      	                (12, 4.681100745991797),
[92mINFO [0m:      	                (13, 2.3386921033733135),
[92mINFO [0m:      	                (14, 4.670600359073612),
[92mINFO [0m:      	                (15, 2.339846493632723),
[92mINFO [0m:      	                (16, 4.692071971330613),
[92mINFO [0m:      	                (17, 2.33903080774348),
[92mINFO [0m:      	                (18, 4.682358473800084),
[92mINFO [0m:      	                (19, 2.3108148518559406),
[92mINFO [0m:      	                (20, 4.647443531148916),
[92mINFO [0m:      	                (21, 2.3216834661070473),
[92mINFO [0m:      	                (22, 4.660772660838504),
[92mINFO [0m:      	                (23, 2.3391086997481354),
[92mINFO [0m:      	                (24, 4.6649602465081434),
[92mINFO [0m:      	                (25, 2.319035581509192),
[92mINFO [0m:      	                (26, 4.646033994688265),
[92mINFO [0m:      	                (27, 2.308012792950123),
[92mINFO [0m:      	                (28, 4.6331485437837525),
[92mINFO [0m:      	                (29, 2.3231172113428284),
[92mINFO [0m:      	                (30, 4.638880983276989),
[92mINFO [0m:      	                (31, 2.2954689002594897),
[92mINFO [0m:      	                (32, 4.611562021047878),
[92mINFO [0m:      	                (33, 2.332806533083911),
[92mINFO [0m:      	                (34, 4.64547637869601),
[92mINFO [0m:      	                (35, 2.2918541808336945),
[92mINFO [0m:      	                (36, 4.599133047761655),
[92mINFO [0m:      	                (37, 2.297334305073456),
[92mINFO [0m:      	                (38, 4.613213926996365),
[92mINFO [0m:      	                (39, 2.3235650172189923),
[92mINFO [0m:      	                (40, 4.621008538666238),
[92mINFO [0m:      	                (41, 2.2984138993256455),
[92mINFO [0m:      	                (42, 4.577671154251176),
[92mINFO [0m:      	                (43, 2.302221700255043),
[92mINFO [0m:      	                (44, 4.5957091078268295),
[92mINFO [0m:      	                (45, 2.299000142622334),
[92mINFO [0m:      	                (46, 4.59784765311442),
[92mINFO [0m:      	                (47, 2.2978671705492397),
[92mINFO [0m:      	                (48, 4.597092903424377),
[92mINFO [0m:      	                (49, 2.294585377178018),
[92mINFO [0m:      	                (50, 4.576484416678381),
[92mINFO [0m:      	                (51, 2.281438391715561),
[92mINFO [0m:      	                (52, 4.575040172681682),
[92mINFO [0m:      	                (53, 2.2738253394560553),
[92mINFO [0m:      	                (54, 4.556206918369111),
[92mINFO [0m:      	                (55, 2.262759831332481),
[92mINFO [0m:      	                (56, 4.537680433628395),
[92mINFO [0m:      	                (57, 2.283776620300231),
[92mINFO [0m:      	                (58, 4.58235179866197),
[92mINFO [0m:      	                (59, 2.2738299178689085),
[92mINFO [0m:      	                (60, 4.547437948419022),
[92mINFO [0m:      	                (61, 2.2669191665106125),
[92mINFO [0m:      	                (62, 4.536501036728387),
[92mINFO [0m:      	                (63, 2.27352635761001),
[92mINFO [0m:      	                (64, 4.542302091875978),
[92mINFO [0m:      	                (65, 2.274653346468207),
[92mINFO [0m:      	                (66, 4.551237188981484),
[92mINFO [0m:      	                (67, 2.2670802988574312),
[92mINFO [0m:      	                (68, 4.506507342659686),
[92mINFO [0m:      	                (69, 2.2701590684520143),
[92mINFO [0m:      	                (70, 4.528584473882542),
[92mINFO [0m:      	                (71, 2.271111720600303),
[92mINFO [0m:      	                (72, 4.523049856905777),
[92mINFO [0m:      	                (73, 2.2576920840165378),
[92mINFO [0m:      	                (74, 4.506108557777754),
[92mINFO [0m:      	                (75, 2.251745790576644),
[92mINFO [0m:      	                (76, 4.507574632475844),
[92mINFO [0m:      	                (77, 2.2625927371144416),
[92mINFO [0m:      	                (78, 4.5299610952879865),
[92mINFO [0m:      	                (79, 2.2517327387238324),
[92mINFO [0m:      	                (80, 4.5053070246870135),
[92mINFO [0m:      	                (81, 2.261138296272844),
[92mINFO [0m:      	                (82, 4.509622289011461),
[92mINFO [0m:      	                (83, 2.2522818502307786),
[92mINFO [0m:      	                (84, 4.49978515648284),
[92mINFO [0m:      	                (85, 2.2422788183419895),
[92mINFO [0m:      	                (86, 4.487505831092687),
[92mINFO [0m:      	                (87, 2.2308515539004383),
[92mINFO [0m:      	                (88, 4.483190058788715),
[92mINFO [0m:      	                (89, 2.248286853995959),
[92mINFO [0m:      	                (90, 4.473810839337711),
[92mINFO [0m:      	                (91, 2.2341017256433093),
[92mINFO [0m:      	                (92, 4.4715707540269545),
[92mINFO [0m:      	                (93, 2.25371534050663),
[92mINFO [0m:      	                (94, 4.488870906344751),
[92mINFO [0m:      	                (95, 2.2398884801389243),
[92mINFO [0m:      	                (96, 4.476360467734196),
[92mINFO [0m:      	                (97, 2.2331916289072433),
[92mINFO [0m:      	                (98, 4.467893416132107),
[92mINFO [0m:      	                (99, 2.2262087487252784),
[92mINFO [0m:      	                (100, 4.458810713914501),
[92mINFO [0m:      	                (101, 2.2369944392967804),
[92mINFO [0m:      	                (102, 4.47393011867333),
[92mINFO [0m:      	                (103, 2.2206660816895027),
[92mINFO [0m:      	                (104, 4.445851013788978),
[92mINFO [0m:      	                (105, 2.2243561675808072),
[92mINFO [0m:      	                (106, 4.457694515255437),
[92mINFO [0m:      	                (107, 2.218151485252962),
[92mINFO [0m:      	                (108, 4.4491047111193005),
[92mINFO [0m:      	                (109, 2.2137194349224907),
[92mINFO [0m:      	                (110, 4.447275300283034),
[92mINFO [0m:      	                (111, 2.238579900825012),
[92mINFO [0m:      	                (112, 4.453057682429302),
[92mINFO [0m:      	                (113, 2.216298223439214),
[92mINFO [0m:      	                (114, 4.438443903180857),
[92mINFO [0m:      	                (115, 2.2347771529142393),
[92mINFO [0m:      	                (116, 4.450014692211442),
[92mINFO [0m:      	                (117, 2.228661564529124),
[92mINFO [0m:      	                (118, 4.4488892521280965),
[92mINFO [0m:      	                (119, 2.2397145516753563),
[92mINFO [0m:      	                (120, 4.469918929572508),
[92mINFO [0m:      	                (121, 2.2043926351553065),
[92mINFO [0m:      	                (122, 4.424591068333794),
[92mINFO [0m:      	                (123, 2.217683995849361),
[92mINFO [0m:      	                (124, 4.43683941240592),
[92mINFO [0m:      	                (125, 2.218840573253612),
[92mINFO [0m:      	                (126, 4.419068920333412),
[92mINFO [0m:      	                (127, 2.2198199515667723),
[92mINFO [0m:      	                (128, 4.447172821914192),
[92mINFO [0m:      	                (129, 2.2095087371546764),
[92mINFO [0m:      	                (130, 4.42227059458425),
[92mINFO [0m:      	                (131, 2.2210915554818884),
[92mINFO [0m:      	                (132, 4.43741960457601),
[92mINFO [0m:      	                (133, 2.2221688023176225),
[92mINFO [0m:      	                (134, 4.428366767208065),
[92mINFO [0m:      	                (135, 2.216134301279714),
[92mINFO [0m:      	                (136, 4.429918538711563),
[92mINFO [0m:      	                (137, 2.1906513264560017),
[92mINFO [0m:      	                (138, 4.3973069122097135),
[92mINFO [0m:      	                (139, 2.2166512505811684),
[92mINFO [0m:      	                (140, 4.41783517156467),
[92mINFO [0m:      	                (141, 2.2026929566236864),
[92mINFO [0m:      	                (142, 4.395342667541813),
[92mINFO [0m:      	                (143, 2.2140536551800527),
[92mINFO [0m:      	                (144, 4.423113665187831),
[92mINFO [0m:      	                (145, 2.2014100774258587),
[92mINFO [0m:      	                (146, 4.412114672888817),
[92mINFO [0m:      	                (147, 2.2062431482914624),
[92mINFO [0m:      	                (148, 4.418281978944796),
[92mINFO [0m:      	                (149, 2.197848368709716),
[92mINFO [0m:      	                (150, 4.3899340391886685),
[92mINFO [0m:      	                (151, 2.1872657271391986),
[92mINFO [0m:      	                (152, 4.404762150870214),
[92mINFO [0m:      	                (153, 2.2087715086835082),
[92mINFO [0m:      	                (154, 4.415692827878623),
[92mINFO [0m:      	                (155, 2.200262202809082),
[92mINFO [0m:      	                (156, 4.407996462320383),
[92mINFO [0m:      	                (157, 2.1926936222359705),
[92mINFO [0m:      	                (158, 4.401562088261057),
[92mINFO [0m:      	                (159, 2.2087108515043834),
[92mINFO [0m:      	                (160, 4.413997307095379)]}
[92mINFO [0m:      	History (metrics, centralized):
[92mINFO [0m:      	{'accuracy': [(0, 0.1),
[92mINFO [0m:      	              (2, 0.1),
[92mINFO [0m:      	              (4, 0.1),
[92mINFO [0m:      	              (6, 0.1),
[92mINFO [0m:      	              (8, 0.1),
[92mINFO [0m:      	              (10, 0.1),
[92mINFO [0m:      	              (12, 0.1),
[92mINFO [0m:      	              (14, 0.1),
[92mINFO [0m:      	              (16, 0.1),
[92mINFO [0m:      	              (18, 0.1),
[92mINFO [0m:      	              (20, 0.1),
[92mINFO [0m:      	              (22, 0.1),
[92mINFO [0m:      	              (24, 0.1),
[92mINFO [0m:      	              (26, 0.1),
[92mINFO [0m:      	              (28, 0.1),
[92mINFO [0m:      	              (30, 0.1),
[92mINFO [0m:      	              (32, 0.1),
[92mINFO [0m:      	              (34, 0.1),
[92mINFO [0m:      	              (36, 0.1),
[92mINFO [0m:      	              (38, 0.1),
[92mINFO [0m:      	              (40, 0.1),
[92mINFO [0m:      	              (42, 0.1),
[92mINFO [0m:      	              (44, 0.1),
[92mINFO [0m:      	              (46, 0.1),
[92mINFO [0m:      	              (48, 0.1),
[92mINFO [0m:      	              (50, 0.1),
[92mINFO [0m:      	              (52, 0.1),
[92mINFO [0m:      	              (54, 0.1),
[92mINFO [0m:      	              (56, 0.1),
[92mINFO [0m:      	              (58, 0.1),
[92mINFO [0m:      	              (60, 0.1),
[92mINFO [0m:      	              (62, 0.1),
[92mINFO [0m:      	              (64, 0.1),
[92mINFO [0m:      	              (66, 0.1),
[92mINFO [0m:      	              (68, 0.1),
[92mINFO [0m:      	              (70, 0.1),
[92mINFO [0m:      	              (72, 0.1),
[92mINFO [0m:      	              (74, 0.1),
[92mINFO [0m:      	              (76, 0.1),
[92mINFO [0m:      	              (78, 0.1),
[92mINFO [0m:      	              (80, 0.1),
[92mINFO [0m:      	              (82, 0.1),
[92mINFO [0m:      	              (84, 0.1),
[92mINFO [0m:      	              (86, 0.1),
[92mINFO [0m:      	              (88, 0.1),
[92mINFO [0m:      	              (90, 0.1),
[92mINFO [0m:      	              (92, 0.1),
[92mINFO [0m:      	              (94, 0.1),
[92mINFO [0m:      	              (96, 0.1),
[92mINFO [0m:      	              (98, 0.1),
[92mINFO [0m:      	              (100, 0.1),
[92mINFO [0m:      	              (102, 0.1),
[92mINFO [0m:      	              (104, 0.1),
[92mINFO [0m:      	              (106, 0.1),
[92mINFO [0m:      	              (108, 0.1),
[92mINFO [0m:      	              (110, 0.1),
[92mINFO [0m:      	              (112, 0.1),
[92mINFO [0m:      	              (114, 0.1),
[92mINFO [0m:      	              (116, 0.1),
[92mINFO [0m:      	              (118, 0.1),
[92mINFO [0m:      	              (120, 0.1),
[92mINFO [0m:      	              (122, 0.1),
[92mINFO [0m:      	              (124, 0.1),
[92mINFO [0m:      	              (126, 0.1),
[92mINFO [0m:      	              (128, 0.1),
[92mINFO [0m:      	              (130, 0.1),
[92mINFO [0m:      	              (132, 0.1),
[92mINFO [0m:      	              (134, 0.1),
[92mINFO [0m:      	              (136, 0.1),
[92mINFO [0m:      	              (138, 0.1),
[92mINFO [0m:      	              (140, 0.1),
[92mINFO [0m:      	              (142, 0.1),
[92mINFO [0m:      	              (144, 0.1),
[92mINFO [0m:      	              (146, 0.1),
[92mINFO [0m:      	              (148, 0.1),
[92mINFO [0m:      	              (150, 0.1),
[92mINFO [0m:      	              (152, 0.1),
[92mINFO [0m:      	              (154, 0.1),
[92mINFO [0m:      	              (156, 0.1002),
[92mINFO [0m:      	              (158, 0.104),
[92mINFO [0m:      	              (160, 0.1003)],
[92mINFO [0m:      	 'ece': [(0, 0.08703089010149241),
[92mINFO [0m:      	         (2, 0.0946596690288186),
[92mINFO [0m:      	         (4, 0.0786693366265297),
[92mINFO [0m:      	         (6, 0.08664841712877155),
[92mINFO [0m:      	         (8, 0.10700416120111943),
[92mINFO [0m:      	         (10, 0.09883557856827976),
[92mINFO [0m:      	         (12, 0.09902669488430024),
[92mINFO [0m:      	         (14, 0.0913503661701083),
[92mINFO [0m:      	         (16, 0.09658079337805509),
[92mINFO [0m:      	         (18, 0.07772915513247253),
[92mINFO [0m:      	         (20, 0.1004096051737666),
[92mINFO [0m:      	         (22, 0.07721179398328062),
[92mINFO [0m:      	         (24, 0.11223125272154803),
[92mINFO [0m:      	         (26, 0.09378351737529038),
[92mINFO [0m:      	         (28, 0.10001540616065266),
[92mINFO [0m:      	         (30, 0.10361321227401496),
[92mINFO [0m:      	         (32, 0.08863063306659458),
[92mINFO [0m:      	         (34, 0.09200298650383948),
[92mINFO [0m:      	         (36, 0.1129281948918104),
[92mINFO [0m:      	         (38, 0.09751610283464193),
[92mINFO [0m:      	         (40, 0.08334106845974923),
[92mINFO [0m:      	         (42, 0.08897858235150576),
[92mINFO [0m:      	         (44, 0.10165144991070033),
[92mINFO [0m:      	         (46, 0.08533173873007298),
[92mINFO [0m:      	         (48, 0.08652190929114817),
[92mINFO [0m:      	         (50, 0.08048585778385402),
[92mINFO [0m:      	         (52, 0.08289888696044685),
[92mINFO [0m:      	         (54, 0.08597699039131404),
[92mINFO [0m:      	         (56, 0.09444387503117324),
[92mINFO [0m:      	         (58, 0.10682552827149633),
[92mINFO [0m:      	         (60, 0.08215430906713012),
[92mINFO [0m:      	         (62, 0.09446060584872963),
[92mINFO [0m:      	         (64, 0.08020614338323473),
[92mINFO [0m:      	         (66, 0.10234010592669249),
[92mINFO [0m:      	         (68, 0.07474579927116631),
[92mINFO [0m:      	         (70, 0.08917009024977685),
[92mINFO [0m:      	         (72, 0.10200991983413694),
[92mINFO [0m:      	         (74, 0.08524698222875596),
[92mINFO [0m:      	         (76, 0.08588110127002001),
[92mINFO [0m:      	         (78, 0.08445021683573721),
[92mINFO [0m:      	         (80, 0.08079349125415086),
[92mINFO [0m:      	         (82, 0.09291104671508074),
[92mINFO [0m:      	         (84, 0.08807309757322072),
[92mINFO [0m:      	         (86, 0.08171207259088756),
[92mINFO [0m:      	         (88, 0.09815012317568067),
[92mINFO [0m:      	         (90, 0.08996577654182912),
[92mINFO [0m:      	         (92, 0.0989686001455784),
[92mINFO [0m:      	         (94, 0.08833831242650746),
[92mINFO [0m:      	         (96, 0.08898813160687684),
[92mINFO [0m:      	         (98, 0.09056539436340331),
[92mINFO [0m:      	         (100, 0.07789640618801116),
[92mINFO [0m:      	         (102, 0.08645536556363106),
[92mINFO [0m:      	         (104, 0.08508102053433658),
[92mINFO [0m:      	         (106, 0.09274124021470546),
[92mINFO [0m:      	         (108, 0.1007096036350727),
[92mINFO [0m:      	         (110, 0.090807856246233),
[92mINFO [0m:      	         (112, 0.09390420234382152),
[92mINFO [0m:      	         (114, 0.07608950664579867),
[92mINFO [0m:      	         (116, 0.0929550328299403),
[92mINFO [0m:      	         (118, 0.09685200181156399),
[92mINFO [0m:      	         (120, 0.08938876092433928),
[92mINFO [0m:      	         (122, 0.0809144818893075),
[92mINFO [0m:      	         (124, 0.0865096429479122),
[92mINFO [0m:      	         (126, 0.08221836789786816),
[92mINFO [0m:      	         (128, 0.09291437099784614),
[92mINFO [0m:      	         (130, 0.08419921335101128),
[92mINFO [0m:      	         (132, 0.09443256063044068),
[92mINFO [0m:      	         (134, 0.07928336260616778),
[92mINFO [0m:      	         (136, 0.08181736049950121),
[92mINFO [0m:      	         (138, 0.09461828579097989),
[92mINFO [0m:      	         (140, 0.09868185887366535),
[92mINFO [0m:      	         (142, 0.08477548412263392),
[92mINFO [0m:      	         (144, 0.08487468165606257),
[92mINFO [0m:      	         (146, 0.09021684624820948),
[92mINFO [0m:      	         (148, 0.07651156589955091),
[92mINFO [0m:      	         (150, 0.07994917965859176),
[92mINFO [0m:      	         (152, 0.09251651232957842),
[92mINFO [0m:      	         (154, 0.07359390336632726),
[92mINFO [0m:      	         (156, 0.07811695978969335),
[92mINFO [0m:      	         (158, 0.06946621169030663),
[92mINFO [0m:      	         (160, 0.07469832378894092)]}
[92mINFO [0m:      
[36m(ClientAppActor pid=2734447)[0m [2026-08-27 03:14:55,515 E 2734447 2734909] core_worker_process.cc:825: Failed to establish connection to the metrics exporter agent. Metrics will not be exported. Exporter agent status: RpcError: Running out of retries to initialize the metrics agent. rpc_code: 14[32m [repeated 47x across cluster][0m
Finished: sparse_random_keep2_proposed_rep00_seed12025
All requested simulations finished.
Metrics: /home/micl/DungNDH/micl/AirCompBayesFL_cifar10_src/results/sparse_random_seed12025/metrics.csv
