schema_version,run_id,round,method,dataset,model,iid,balanced,noniid_alpha,unbalanced_alpha,num_devices,num_virtual_clients,client_fraction,selected_count,selected_examples,total_examples,local_epochs,batch_size,lr,seed,eval_every,heavy_eval_every,eval_mc_samples,round_time_sec,fit_time_sec,aggregate_time_sec,eval_time_sec,num_fit_failures,active_physical_devices,active_virtual_clients,accuracy,loss,train_loss,global_accuracy,global_error_rate,global_loss,global_nll,global_brier,global_ece,global_mce,global_mean_confidence,global_mean_entropy,global_num_eval_examples,global_mc_samples,global_predictive_entropy,global_expected_entropy,global_mutual_information,global_aleatoric_uncertainty,global_epistemic_uncertainty,global_predictive_variance_mean,global_predictive_variance_std,local_eval_count,local_accuracy_weighted,local_accuracy_mean,local_accuracy_std,local_accuracy_min,local_accuracy_p10,local_accuracy_p25,local_accuracy_p50,local_accuracy_p75,local_accuracy_p90,local_accuracy_max,local_loss_weighted,local_loss_mean,local_loss_std,local_loss_min,local_loss_p50,local_loss_max,local_ece_mean,local_ece_std,local_nll_mean,local_brier_mean,local_forgetting_proxy_mean,local_forgetting_proxy_std,local_forgetting_proxy_weighted,local_global_loss_gap_mean,local_global_acc_gap_mean,client_drift_from_global_l2_mean,client_drift_from_global_l2_std,client_drift_from_global_cosine_mean,client_update_l2_mean,client_update_l2_std,client_update_l2_min,client_update_l2_max,client_update_cosine_mean,train_loss_mean,train_loss_std,task_loss_mean,task_loss_std,prior_loss_mean,prior_loss_std,regularization_loss_mean,regularization_loss_std,vi_elbo_loss_mean,vi_elbo_loss_std,vi_kl_loss_mean,vi_kl_loss_std,vi_likelihood_loss_mean,vi_likelihood_loss_std,vi_complexity_cost_mean,vi_scale_mean,vi_scale_std,vi_scale_p50,vi_scale_p90,vi_scale_max,vi_prior_scale,vi_min_scale,vi_particles,vi_aggregation_mode,ola_prior_lambda,ola_prior_loss_mean,ola_prior_loss_std,ola_task_loss_mean,ola_task_loss_std,ola_fisher_mean,ola_fisher_std,ola_fisher_min,ola_fisher_p10,ola_fisher_p50,ola_fisher_p90,ola_fisher_max,ola_precision_mean,ola_precision_std,ola_precision_min,ola_precision_p10,ola_precision_p50,ola_precision_p90,ola_precision_max,ola_sigma_mean,ola_sigma_std,ola_sigma_p50,ola_sigma_p90,ola_sigma_max,ola_gamma,ola_online_weight_fisher,ola_online_weight_prior,posterior_available,posterior_num_params,posterior_mu_l2,posterior_mu_abs_mean,posterior_mu_abs_std,posterior_mu_abs_p50,posterior_mu_abs_p90,posterior_sigma_mean,posterior_sigma_std,posterior_sigma_min,posterior_sigma_p10,posterior_sigma_p25,posterior_sigma_p50,posterior_sigma_p75,posterior_sigma_p90,posterior_sigma_p95,posterior_sigma_max,posterior_precision_mean,posterior_precision_std,posterior_precision_min,posterior_precision_p50,posterior_precision_p90,posterior_precision_max,posterior_var_trace,posterior_logdet_diag,posterior_entropy_diag_gaussian,posterior_snr_raw_mean,posterior_snr_raw_std,posterior_snr_raw_min,posterior_snr_raw_p10,posterior_snr_raw_p25,posterior_snr_raw_p50,posterior_snr_raw_p75,posterior_snr_raw_p90,posterior_snr_raw_p95,posterior_snr_raw_max,posterior_snr_db_mean,posterior_snr_db_std,posterior_snr_db_p10,posterior_snr_db_p50,posterior_snr_db_p90,posterior_snr_frac_lt_0_5,posterior_snr_frac_lt_1,posterior_snr_frac_lt_2,posterior_snr_frac_lt_5,posterior_snr_frac_gt_1,posterior_snr_frac_gt_2,posterior_snr_frac_gt_5,effective_params_snr_gt_1,effective_params_snr_gt_2,effective_params_snr_gt_5,aggregation_delta_l2,aggregation_delta_linf,aggregation_delta_cosine_to_mean_client_update,aggregation_weight_entropy,aggregation_weight_max,aggregation_weight_min,aggregation_error_proxy,aggregation_energy_before,aggregation_energy_after,posterior_product_precision_mean,posterior_product_precision_std,posterior_product_mu_norm,posterior_product_sigma_mean,selected_label_entropy_mean,selected_label_entropy_std,selected_label_entropy_min,selected_label_entropy_max,selected_kl_to_global_label_mean,selected_kl_to_global_label_std,selected_num_examples_mean,selected_num_examples_std,selected_num_examples_min,selected_num_examples_max,wireless_policy,wireless_selected_channel_snr_db_mean,wireless_selected_channel_snr_db_std,wireless_selected_pathloss_db_mean,wireless_selected_rate_mbps_mean,wireless_selected_delay_ms_mean,wireless_selected_energy_j_mean,wireless_outage_count,ota_noise_power,ota_distortion,ota_mse,digital_packet_error_rate,posterior_snapshot_path,prediction_snapshot_path,snr_histogram_path,calibration_bins_path,posterior_precision_p10,posterior_precision_p25,posterior_precision_p75,posterior_precision_p95,posterior_snr_db_min,posterior_snr_db_p25,posterior_snr_db_p75,posterior_snr_db_p95,posterior_snr_db_max,train_loss_min,train_loss_p10,train_loss_p50,train_loss_p90,train_loss_max,prior_loss_min,prior_loss_p10,prior_loss_p50,prior_loss_p90,prior_loss_max,regularization_loss_min,regularization_loss_p10,regularization_loss_p50,regularization_loss_p90,regularization_loss_max,client_update_l2_p10,client_update_l2_p50,client_update_l2_p90,client_update_cosine_std,client_update_cosine_min,client_update_cosine_p10,client_update_cosine_p50,client_update_cosine_p90,client_update_cosine_max,vi_elbo_loss_min,vi_elbo_loss_p10,vi_elbo_loss_p50,vi_elbo_loss_p90,vi_elbo_loss_max,vi_kl_loss_min,vi_kl_loss_p10,vi_kl_loss_p50,vi_kl_loss_p90,vi_kl_loss_max,aggregation_mode,aggregation_delta_cosine,local_nll_std
bayesfl_observability_v1,vi_lr0p002_b32_e2,0,vi,mnist,mlp,0,0,0.1,0.5,300,24,0.05,0,,,2,32,0.05,42,1,5,5,6.0855527594685555,,,6.085554901510477,,,,0.1166,2.3803118865966795,0.0,0.1166,0.8834,2.3803118865966795,2.3803118865966795,0.9149720085144043,0.07372852020934224,0.4671294689178467,0.19014727802276613,2.1945501319885254,10000,5,2.1945501319885254,2.0078529304504396,0.1866972015380859,2.0078529304504396,0.1866972015380859,0.004843714361637831,0.0025209995755475522,,,,,,,,,,,,,,,,,,,,,,,,,,,,,,,,,,,,,,,,,,,,,,,,,,,,,,,0.05,1e-05,1,product,1.0,,,,,,,,,,,,,,,,,,,,,,,,1.0,,,1,101770,6.786648565740691,0.018205730285914008,0.011005761567180238,0.017950959503650665,0.03239535689353943,0.05000000074505806,0.0,0.05000000074505806,0.05000000074505806,0.05000000074505806,0.05000000074505806,0.05000000074505806,0.05000000074505806,0.05000000074505806,0.05000000074505806,399.9999694824219,0.0,399.9999694824219,399.9999694824219,399.9999694824219,399.9999694824219,254.42500758245592,-609751.343885489,-160470.2974376672,0.36411460028526754,0.22011522805922998,6.045614123482405e-06,0.07242771781943845,0.1813276736949228,0.35901918471603017,0.5406802625744649,0.6479071282032619,0.6841858858599633,1.7675912116473373,-11.498671040772567,8.744585173811934,-22.801903982871416,-8.89764687311774,-3.7697448394038156,0.693308440601356,0.9944973960892208,1.0,1.0,0.005502603910779208,0.0,0.0,560,0,0,,,,,,,,,,,,,,,,,,,,,,,,random,,,,,,,,,,,,,,snr_histograms.csv,calibration_bins.csv,399.9999694824219,399.9999694824219,399.9999694824219,399.9999694824219,-104.37119008748505,-14.830718202269454,-5.341189680580216,-3.2965177836834982,4.9476366722187795,,,,,,,,,,,,,,,,,,,,,,,,,,,,,,,,,,,,,
bayesfl_observability_v1,vi_lr0p002_b32_e2,1,vi,mnist,mlp,0,0,0.1,0.5,300,24,0.05,15,2363,2363,2,32,0.05,42,1,5,5,13.428417138755322,8.088935781270266,0.02188529074192047,5.3391820676624775,0,15,12,0.1249,2.411282177352905,826.8773593100301,0.1249,0.8751,2.411282177352905,2.411282177352905,0.9236330760955811,0.11388685637786983,0.4348545265197754,0.23878685677051545,2.1272082008361815,10000,5,2.1272082008361815,1.9375860008239747,0.18962220001220675,1.9375860008239747,0.18962220001220675,0.0052317248329520226,0.0026788247958053064,0,,,,,,,,,,,,,,,,,,,,,,,,,,,,,1.6594764752481201,0.6922147910610142,0.9674646390771949,2.502074490025633,0.9674717671854194,414.29664959992857,368.1362300407506,,,654.7436501582046,478.90951568661933,654.7436501582046,478.90951568661933,414.29664959992857,368.1362300407506,654.7436501582046,478.90951568661933,,,,,,,,,0.05,1e-05,1,product,1.0,,,,,,,,,,,,,,,,,,,,,,,,1.0,,,1,101770,6.854869666009677,0.018331353588127097,0.01121077223459449,0.017988317646086216,0.032622821629047394,0.0502790022624216,0.00026206594847290814,0.04930156096816063,0.0499506663531065,0.05009641405194998,0.05026688612997532,0.050451019778847694,0.0506251648068428,0.05072905905544758,0.05142856761813164,395.6052453749421,4.1171978152965405,378.0864562988281,395.7637939453125,400.7905029296875,411.4136047363281,257.2793174489012,-608621.5043207139,-159905.37765506917,0.3646043799695982,0.2230054556171502,3.735164917794694e-06,0.07188016037931771,0.18030627325949167,0.35767683884690893,0.5371720460143222,0.6484971445528528,0.6989332132517098,1.8728531710102565,-11.512151923619296,8.76634658671736,-22.86781925123753,-8.930183631018636,-3.7618386370084944,0.6987422619632505,0.9945661786381055,1.0,1.0,0.005433821361894468,0.0,0.0,553,0,0,0.965843713559556,0.012791424989700317,,1.7112095259625277,0.3381294964028777,0.00042319085907744394,,,,395.605224609375,4.1171979904174805,6.854869666009677,0.05027899146080017,0.6906484998061699,0.47288182571049386,,,1.6178549377326719,,157.53333333333333,185.475197503302,1.0,648.0,random,,,,,,,,,,,,,,snr_histograms.csv,calibration_bins.csv,390.18187561035154,392.8801803588867,398.4618377685547,402.12915191650393,-108.55380203717377,-14.879783259936717,-5.397731914837153,-3.1112864290351308,5.450074612970305,40.93442666530609,58.89019484519959,189.9480495452881,893.5343592665412,1062.7679479689825,188.2051264950372,188.23138748604688,406.1386246210302,1257.5657263108988,1271.002547877375,188.2051264950372,188.23138748604688,406.1386246210302,1257.5657263108988,1271.002547877375,0.9675317147859961,1.420506328987633,2.4904822650819036,0.023001049576506644,0.938261659177826,0.938678236740647,0.9787541327729795,0.9899952612875913,0.990011692686111,40.93442666530609,58.89019484519959,189.9480495452881,893.5343592665412,1062.7679479689825,188.2051264950372,188.23138748604688,406.1386246210302,1257.5657263108988,1271.002547877375,product,0.9900239874343911,
bayesfl_observability_v1,vi_lr0p002_b32_e2,2,vi,mnist,mlp,0,0,0.1,0.5,300,24,0.05,15,2180,2180,2,32,0.05,42,1,5,5,9.994737826287746,4.5606353506445885,0.009496383368968964,5.433606401085854,0,15,13,0.1079,2.4436448860168456,772.66069729209,0.1079,0.8921,2.4436448860168456,2.4436448860168456,0.9337787221908569,0.15247136519551277,0.6493097543716431,0.26004977197647094,2.0698757152557374,10000,5,2.0698757152557374,1.8804803983688354,0.18939531688690203,1.8804803983688354,0.18939531688690203,0.00552926918938756,0.0027920108224191026,0,,,,,,,,,,,,,,,,,,,,,,,,,,,,,1.645690890098335,0.5776499864838956,0.9683459171613541,2.489744402837437,0.9696527471252817,363.9549384849034,313.3067378865432,,,608.7940039444663,388.2850829168527,608.7940039444663,388.2850829168527,363.9549384849034,313.3067378865432,608.7940039444663,388.2850829168527,,,,,,,,,0.05,1e-05,1,product,1.0,,,,,,,,,,,,,,,,,,,,,,,,1.0,,,1,101770,6.937369672807969,0.018487975349654965,0.011449690211598262,0.018023302778601646,0.0331943441182375,0.05055573205229774,0.00044197277639438764,0.04887940734624863,0.04999995082616806,0.05024805851280689,0.050537170842289925,0.05084488820284605,0.051134169474244116,0.05131226014345884,0.05257392302155495,391.34386659891885,6.8247679935990195,361.792236328125,391.5418243408203,400.0007843017578,418.5507507324219,260.1319952962833,-607509.3212811882,-159349.2861351021,0.3657165570093134,0.22653878519497467,2.7674744870888644e-06,0.0721550262870334,0.17879032662193223,0.3565008869574355,0.5346069209739004,0.6566255536821388,0.7175160738724575,2.02501377494874,-11.518131622088184,8.80432480528802,-22.834668216720914,-8.958787706710952,-3.653644399663007,0.7028692148963349,0.9946644394222266,0.9999803478431758,1.0,0.00533556057777341,1.9652156824211458e-05,0.0,543,2,0,1.0739558886838427,0.016632460057735443,,1.7045020586286277,0.4389908256880734,0.0009174311926605505,,,,391.34381103515625,6.82476806640625,6.937369672807969,0.05055573582649231,0.750533251633368,0.229870570758918,,,1.565437051980861,,145.33333333333334,217.33742327439964,2.0,896.0,random,,,,,,,,,,,,,,snr_histograms.csv,calibration_bins.csv,382.45256958007815,386.8168716430664,396.0604019165039,402.2389953613281,-111.15832434390215,-14.953119646840634,-5.439308464470679,-2.8833673076774455,6.128559636093383,39.43500232696533,48.64566516876221,199.46987771987915,756.9890412208011,1097.1963449716568,186.49172337932077,186.666538634872,405.0848373592985,1094.4543433234833,1242.3977349160532,186.49172337932077,186.666538634872,405.0848373592985,1094.4543433234833,1242.3977349160532,0.9688113936168021,1.4264936767334722,2.3300778027662856,0.018607584703566226,0.9398015887267489,0.9467772574888692,0.9790363741522807,0.9901648247575919,0.9901689741362854,39.43500232696533,48.64566516876221,199.46987771987915,756.9890412208011,1097.1963449716568,186.49172337932077,186.666538634872,405.0848373592985,1094.4543433234833,1242.3977349160532,product,0.9879446885989637,
bayesfl_observability_v1,vi_lr0p002_b32_e2,3,vi,mnist,mlp,0,0,0.1,0.5,300,24,0.05,15,2209,2209,2,32,0.05,42,1,5,5,9.544854041188955,4.079141311347485,0.009177040308713913,5.465197890996933,0,15,12,0.1381,2.3684708625793456,698.9395799089833,0.1381,0.8619,2.3684708625793456,2.3684708625793456,0.9158164083480835,0.1079391315743327,0.6045964360237122,0.24597254576683045,2.10723736038208,10000,5,2.10723736038208,1.9108198696136474,0.19641749076843285,1.9108198696136474,0.19641749076843285,0.0055684752129018305,0.002887539426184111,0,,,,,,,,,,,,,,,,,,,,,,,,,,,,,1.831869191450719,0.5550163606690278,0.9679528549286046,2.5227339241010047,0.9645382603461796,434.98055609361484,298.2517551767225,,,724.732550211063,400.93622814611376,724.732550211063,400.93622814611376,434.98055609361484,298.2517551767225,724.732550211063,400.93622814611376,,,,,,,,,0.05,1e-05,1,product,1.0,,,,,,,,,,,,,,,,,,,,,,,,1.0,,,1,101770,6.991041167151884,0.018593634804882825,0.011598403030890575,0.01800455152988434,0.03356609977781773,0.05080390472228265,0.00048680125225002076,0.04898447170853615,0.05019317977130413,0.05046610254794359,0.050787342712283134,0.051122792065143585,0.051438473537564276,0.05163532216101885,0.05306553840637207,387.5477066035541,7.4092388434678655,355.1197814941406,387.6939392089844,396.9269317626953,416.7572021484375,262.69622551656374,-606514.174318255,-158851.71265345375,0.36601413589718074,0.22836566757712562,1.0838472246474646e-05,0.07160717199906397,0.17751392034590713,0.35444612497373384,0.533789075129494,0.6605551757440594,0.7270610508735885,1.9238667974048251,-11.523900456945327,8.775836016208048,-22.900869554777085,-9.008995345411538,-3.6018180049940236,0.7044512135206838,0.9945858307949298,1.0,1.0,0.005414169205070257,0.0,0.0,551,0,0,0.8475833112565774,0.011990798637270927,,1.9545763137175336,0.35083748302399276,0.0009053870529651426,,,,387.5476989746094,7.409238338470459,6.991041167151884,0.05080389976501465,0.6839854692134526,0.395868036552136,,,1.605505805068147,,147.26666666666668,132.06032291679773,2.0,406.0,random,,,,,,,,,,,,,,snr_histograms.csv,calibration_bins.csv,377.94085083007815,382.6228332519531,392.64537048339844,399.48236694335935,-99.30063780121071,-15.015351692573297,-5.452606380157604,-2.7685824038343716,5.683499990686326,49.62330079078674,119.200558757782,333.7344454129537,863.971542802724,941.5837886883662,184.3382605567613,269.69070986727564,590.9418864783285,1255.3728146790481,1265.3470150001706,184.3382605567613,269.69070986727564,590.9418864783285,1255.3728146790481,1265.3470150001706,1.1492880140511696,1.7314264591871675,2.5147972141116735,0.01871603302624856,0.9399396228122562,0.9401635042727736,0.9702037212200908,0.9861224776899039,0.9904171288862423,49.62330079078674,119.200558757782,333.7344454129537,863.971542802724,941.5837886883662,184.3382605567613,269.69070986727564,590.9418864783285,1255.3728146790481,1265.3470150001706,product,0.9926234520970392,
bayesfl_observability_v1,vi_lr0p002_b32_e2,4,vi,mnist,mlp,0,0,0.1,0.5,300,24,0.05,15,2335,2335,2,32,0.05,42,1,5,5,9.373624853789806,3.9536593928933144,0.009946778416633606,5.419458072632551,0,15,10,0.1145,2.3897438510894777,810.2641272671176,0.1145,0.8855,2.3897438510894777,2.3897438510894777,0.9422560298919678,0.22127768783271315,0.5811865925788879,0.3357776869297028,1.9971266561508179,10000,5,1.9971266561508179,1.8076620307922364,0.18946462535858144,1.8076620307922364,0.18946462535858144,0.005577298497408629,0.002854174247210481,0,,,,,,,,,,,,,,,,,,,,,,,,,,,,,1.6401115981999201,0.5630623215422261,0.9686064920454596,2.520771134837866,0.9710737971424662,355.30203704284907,313.26909039546376,,,590.0060198716473,371.38485327006816,590.0060198716473,371.38485327006816,355.30203704284907,313.26909039546376,590.0060198716473,371.38485327006816,,,,,,,,,0.05,1e-05,1,product,1.0,,,,,,,,,,,,,,,,,,,,,,,,1.0,,,1,101770,7.085663633510284,0.018780462706669058,0.01185868859255872,0.018070370890200138,0.03428583070635796,0.05110408882578013,0.000638621516714332,0.048713140189647675,0.05030149593949318,0.05066056363284588,0.051082802936434746,0.05152552295476198,0.051938620209693906,0.05218988116830587,0.05427896976470947,383.08189555817836,9.547947703152238,339.41949462890625,383.2221221923828,395.2193603515625,421.4128112792969,265.8268764613977,-605321.5981661638,-158255.42457719418,0.36754530340697755,0.23218072677316612,7.292151738614238e-06,0.07108954611923472,0.17772773081519466,0.3535958662756612,0.5336902568267169,0.6711917446693513,0.7446538368033193,2.0529675323836805,-11.53302664432697,8.85344146224901,-22.963885171373636,-9.02985641531903,-3.4630678751487403,0.7050407782254102,0.994232091972094,0.9999803478431758,1.0,0.005767908027906062,1.9652156824211458e-05,0.0,587,2,0,1.1558247083189792,0.017586656962521374,,1.6919175055918885,0.44839400428265525,0.0021413276231263384,,,,383.0818786621094,9.54794692993164,7.085663633510284,0.05110408738255501,0.55435486216155,0.4521560044710707,,,1.7471083496153843,,155.66666666666666,258.3082568474255,2.0,1047.0,random,,,,,,,,,,,,,,snr_histograms.csv,calibration_bins.csv,370.6970733642578,376.66492462158203,389.6367874145508,398.5096832275391,-102.74288486714696,-15.004896081846415,-5.454214514157301,-2.560911369430396,6.2476416214335355,40.114219188690186,46.0881148815155,306.63020817438763,791.05211520195,1095.2900292367647,182.80626441438335,183.00272731971629,582.9928686432319,1105.4505965111575,1250.132404975462,182.80626441438335,183.00272731971629,582.9928686432319,1105.4505965111575,1250.132404975462,0.9691381107975081,1.728091332007743,2.363176266916656,0.017434547091315998,0.940888707473901,0.9473035597131689,0.970735680887707,0.9905303203106078,0.9905370623819134,40.114219188690186,46.0881148815155,306.63020817438763,791.05211520195,1095.2900292367647,182.80626441438335,183.00272731971629,582.9928686432319,1105.4505965111575,1250.132404975462,product,0.9866059745017767,
bayesfl_observability_v1,vi_lr0p002_b32_e2,5,vi,mnist,mlp,0,0,0.1,0.5,300,24,0.05,15,1743,1743,2,32,0.05,42,1,5,5,9.120948392897844,3.6438999362289906,0.010917987674474716,5.476420022547245,0,15,13,0.1418,2.3010183349609377,656.8382938694597,0.1418,0.8582,2.3010183349609377,2.3010183349609377,0.9071262024879455,0.1403981554068625,0.2706659130752087,0.28077782769203186,2.07741316947937,10000,5,2.07741316947937,1.879169090270996,0.19824407920837395,1.879169090270996,0.19824407920837395,0.005639445081353188,0.0028590092736773946,12,0.6921662476219862,0.47442457621448336,0.347417677245572,0.0,0.0,0.125,0.5631578947368421,0.7586032388663967,0.8971137521222411,0.9523809523809523,1.4649245062946565,1.764056687239708,0.46113485423160316,1.0416759125729824,1.732915710984615,2.8537561893463135,,,1.764056687239708,,,,,,,,,,1.624702121582325,0.6421184456509147,0.9689669126960553,2.5048577286870906,0.9715219836144692,344.60054563580366,299.90531689419834,,,590.7651818807608,427.23420836749983,590.7651818807608,427.23420836749983,344.60054563580366,299.90531689419834,590.7651818807608,427.23420836749983,,,,,,,,,0.05,1e-05,1,product,1.0,,,,,,,,,,,,,,,,,,,,,,,,1.0,,,1,101770,7.141722861191096,0.018890361313839168,0.0120135578117482,0.01803546119481325,0.034703611955046655,0.05134685151784121,0.0006783716512578615,0.04881765693426132,0.05049282908439636,0.050879841670393944,0.0513251218944788,0.05179234128445387,0.05223390720784664,0.05249961726367473,0.05450550466775894,379.48901560962275,10.001479752454465,336.60400390625,379.61207580566406,392.2298065185547,419.61029052734375,268.36335293678593,-604358.8691920739,-157774.06008997702,0.36795836305407964,0.23410736541140878,4.770829383384888e-06,0.07130965947652625,0.17547930304189324,0.35147793777416503,0.5333000624383928,0.6757910926108727,0.7535089844541133,2.052625481208023,-11.519844275311561,8.791187445617588,-22.937032755879358,-9.082038607961607,-3.4037507370000575,0.7066424290065835,0.9937800923651371,0.9999901739215878,1.0,0.006219907634862926,9.826078412105729e-06,0.0,633,1,0,0.9104512418163575,0.012370121374260634,,2.1249588647527267,0.24440619621342513,0.0005737234652897303,,,,379.489013671875,10.001479148864746,7.141722861191096,0.05134684965014458,0.6905845621812401,0.34026558851380595,,,1.6135431151187307,,116.2,123.62211236937617,1.0,426.0,random,,,,,,,,,,,,,,snr_histograms.csv,calibration_bins.csv,366.517724609375,372.7939910888672,386.28556060791016,395.7112213134766,-106.42812047146009,-15.115481984820157,-5.460567310107876,-2.45823130073209,6.246194318323185,40.5446503162384,66.10650186538696,177.9306080341339,742.5412571748097,926.7971730232239,180.8459356592078,180.93478282980703,390.98883381689546,1166.0585724003074,1222.976113530198,180.8459356592078,180.93478282980703,390.98883381689546,1166.0585724003074,1222.976113530198,0.9692308704818786,1.4240457378141376,2.4524733313824623,0.019867982955364776,0.9428273213417343,0.944952071496434,0.9803953559254769,0.9907741965446166,0.9907779767096118,40.5446503162384,66.10650186538696,177.9306080341339,742.5412571748097,926.7971730232239,180.8459356592078,180.93478282980703,390.98883381689546,1166.0585724003074,1222.976113530198,product,0.991840750331506,0.46113485423160316
bayesfl_observability_v1,vi_lr0p002_b32_e2,6,vi,mnist,mlp,0,0,0.1,0.5,300,24,0.05,15,2411,2411,2,32,0.05,42,1,5,5,9.739795587956905,4.309207625687122,0.011742450296878815,5.430008668452501,0,15,12,0.1751,2.2432129219055175,759.3251220879378,0.1751,0.8249,2.2432129219055175,2.2432129219055175,0.8889509293556214,0.06973802419155836,0.269233341727938,0.24468209414482117,2.1066448154449464,10000,5,2.1066448154449464,1.9000084522247314,0.20663636322021506,1.9000084522247314,0.20663636322021506,0.005890765830129385,0.003002599744368632,0,,,,,,,,,,,,,,,,,,,,,,,,,,,,,1.7712583447734966,0.5052715697891214,0.9674307470096275,2.5285935905637316,0.968712293536962,406.47147661576196,302.07308822567,,,651.718360321683,348.897115646777,651.718360321683,348.897115646777,406.47147661576196,302.07308822567,651.718360321683,348.897115646777,,,,,,,,,0.05,1e-05,1,product,1.0,,,,,,,,,,,,,,,,,,,,,,,,1.0,,,1,101770,7.211624749762038,0.019030796339029012,0.012200773481620034,0.01806139573454857,0.0351931918412447,0.05162733538711195,0.0007450097897805486,0.04867224767804146,0.05068499967455864,0.0511156702414155,0.05160455033183098,0.052120122127234936,0.05259924232959747,0.052885483391582964,0.0550970695912838,375.41467518693537,10.808743007491866,329.4147033691406,375.5121765136719,389.2611938476563,422.1212158203125,271.31238800982663,-603253.4766067526,-157221.36379712124,0.3686958790209513,0.2365118144923017,1.0938730048040044e-06,0.07100678683242474,0.17618947353165573,0.34988546426293665,0.5338255636452693,0.6819193744774777,0.7632163746980898,2.019913627839443,-11.543953856372646,8.871241530157095,-22.974002808610944,-9.121481991789853,-3.3253394070157207,0.7076938193966787,0.9931708755035865,0.9999901739215878,1.0,0.006829124496413481,9.826078412105729e-06,0.0,695,1,0,0.9891337389214336,0.013848137110471725,,1.8490103545040277,0.334301119867275,0.0008295313148071339,,,,375.41473388671875,10.808743476867676,7.211624749762038,0.05162733048200607,0.8148359957643894,0.31612282078522436,,,1.495664966169466,,160.73333333333332,201.06432359377487,2.0,765.0,random,,,,,,,,,,,,,,snr_histograms.csv,calibration_bins.csv,361.4440002441406,368.11976623535156,382.7294464111328,393.0911560058594,-119.2206539653458,-15.080400842804119,-5.452012654789851,-2.3470464124763084,6.106655985424907,36.953550577163696,143.97701859474182,303.09853823979694,905.9936371553512,1043.4768471519153,178.59580181900014,261.1562415180977,574.9121221216622,1175.8124590493014,1231.9499227705448,178.59580181900014,261.1562415180977,574.9121221216622,1175.8124590493014,1231.9499227705448,1.1488614340715886,1.7340803452570817,2.461840291388041,0.01592715179604778,0.9425867131692669,0.9455012751523088,0.971693581104556,0.9869044728946443,0.9909482037730456,36.953550577163696,143.97701859474182,303.09853823979694,905.9936371553512,1043.4768471519153,178.59580181900014,261.1562415180977,574.9121221216622,1175.8124590493014,1231.9499227705448,product,0.9905491792731407,
bayesfl_observability_v1,vi_lr0p002_b32_e2,7,vi,mnist,mlp,0,0,0.1,0.5,300,24,0.05,15,2366,2366,2,32,0.05,42,1,5,5,9.893266174942255,4.495518617331982,0.008869394659996033,5.39711981639266,0,15,10,0.1871,2.215535810470581,878.9057645313981,0.1871,0.8129,2.215535810470581,2.215535810470581,0.8804669044494629,0.05237295210659505,0.44490425288677216,0.23524673857688905,2.0988567562103273,10000,5,2.0988567562103273,1.8842215564727782,0.21463519973754908,1.8842215564727782,0.21463519973754908,0.006230769533663988,0.0032058107768707855,0,,,,,,,,,,,,,,,,,,,,,,,,,,,,,1.5188096402853664,0.6514165840878505,0.967032869340797,2.5488115086299197,0.9753039039671837,338.9176963917053,375.5323700141419,,,520.2894826737021,427.3884842697164,520.2894826737021,427.3884842697164,338.9176963917053,375.5323700141419,520.2894826737021,427.3884842697164,,,,,,,,,0.05,1e-05,1,product,1.0,,,,,,,,,,,,,,,,,,,,,,,,1.0,,,1,101770,7.299219260080714,0.019197887967832755,0.012448325855907662,0.01808306574821472,0.035761907696723945,0.05194505827615441,0.0008283522068479581,0.0486663319170475,0.050892597809433934,0.051376779563724995,0.05192422308027744,0.05249231308698654,0.05302220582962036,0.05333672557026148,0.05588172748684883,370.88741101443657,11.802566361434437,320.2287902832031,370.90269470214844,386.09193725585936,422.223876953125,274.674710855811,-602009.3800687211,-156599.3155278886,0.36967667413938743,0.23987203568248855,4.471130784897356e-06,0.07041241831847528,0.17415518213678588,0.3480691168276163,0.5353165286369035,0.6892012496303079,0.7764680602789026,1.9850146499133778,-11.56322376456538,8.932617904761463,-23.047014822296163,-9.166690174264463,-3.2330788770148504,0.7071632111624251,0.992384789230618,1.0,1.0,0.00761521076938194,0.0,0.0,775,0,0,1.1391955582565465,0.016531765460968018,,1.4109014015181773,0.41335587489433645,0.00042265426880811494,,,,370.8874206542969,11.802566528320312,7.299219260080714,0.05194505676627159,0.5249106133263843,0.4413433088283173,,,1.7986790529036993,,157.73333333333332,238.23139078542013,1.0,765.0,random,,,,,,,,,,,,,,snr_histograms.csv,calibration_bins.csv,355.70046081542966,362.91805267333984,378.84908294677734,390.34545135498047,-106.9916505855951,-15.18127196678724,-5.427786942958773,-2.1975280828758748,5.9552743263000245,32.6772078871727,40.12776577472687,108.5292797088623,949.6935342045625,1035.2751694520314,176.5325795194917,176.90247689444425,177.8468096035633,1189.8092412127141,1238.0615495059312,176.5325795194917,176.90247689444425,177.8468096035633,1189.8092412127141,1238.0615495059312,0.9680445605928583,0.9706040618164542,2.4952425791921193,0.019480137676287704,0.9426831407907836,0.9449107776630105,0.9910522274931394,0.9911097605979264,0.991133052649645,32.6772078871727,40.12776577472687,108.5292797088623,949.6935342045625,1035.2751694520314,176.5325795194917,176.90247689444425,177.8468096035633,1189.8092412127141,1238.0615495059312,product,0.9877458910863802,
bayesfl_observability_v1,vi_lr0p002_b32_e2,8,vi,mnist,mlp,0,0,0.1,0.5,300,24,0.05,15,2075,2075,2,32,0.05,42,1,5,5,9.612823218107224,4.201879449188709,0.009411942213773727,5.410420957952738,0,15,12,0.2576,2.1068695613861084,777.2319087328225,0.2576,0.7424,2.1068695613861084,2.1068695613861084,0.8532586002349853,0.043274637192487704,0.4410228729248047,0.2143642279624939,2.1518795959472654,10000,5,2.1518795959472654,1.9268365594863892,0.2250430364608762,1.9268365594863892,0.2250430364608762,0.006188933537900448,0.0030611029126801025,0,,,,,,,,,,,,,,,,,,,,,,,,,,,,,1.6220076454805228,0.6031827458088621,0.9677058295270669,2.5104167194747684,0.9735071423891031,336.27358339478934,318.64542437229574,,,562.4006694302079,395.2643781411898,562.4006694302079,395.2643781411898,336.27358339478934,318.64542437229574,562.4006694302079,395.2643781411898,,,,,,,,,0.05,1e-05,1,product,1.0,,,,,,,,,,,,,,,,,,,,,,,,1.0,,,1,101770,7.380313972362902,0.019364915005741543,0.012657688145356534,0.01813950389623642,0.03625601716339589,0.05224248675346357,0.0009103218184649436,0.04864123836159706,0.05109059624373913,0.05161899048835039,0.05222356878221035,0.05284218583256006,0.05342591926455498,0.05377186499536037,0.0561523362994194,366.7305856277962,12.757259258722655,317.1497497558594,366.662841796875,383.1051879882813,422.65960693359375,277.8428986110572,-600852.2875885918,-156020.76928762486,0.3707810835137364,0.2425072907067223,7.085838988563197e-06,0.07023448657424602,0.17343747935621043,0.3473598815269101,0.5356047032099435,0.6943920477899913,0.7880032131343255,2.0282960311611453,-11.54729979485321,8.893668289578915,-23.068991761744797,-9.184406840796516,-3.167905227274198,0.7075169499852609,0.9916085290360617,0.9999803478431758,1.0,0.008391470963938292,1.9652156824211458e-05,0.0,854,2,0,1.132537173387911,0.016530427150428295,,1.781093334836338,0.4130120481927711,0.0019277108433734939,,,,366.7305908203125,12.757259368896484,7.380313972362902,0.05224248394370079,0.8392664668747916,0.4811242030441931,,,1.4505809226778346,,138.33333333333334,214.31555136190087,2.0,855.0,random,,,,,,,,,,,,,,snr_histograms.csv,calibration_bins.csv,350.34507446289064,358.1281509399414,375.30208587646484,387.9071990966797,-102.992173181374,-15.217140938180759,-5.423112361139548,-2.069440233541654,6.142626817147887,41.979164600372314,49.69143972396851,175.26634812355042,763.3985941355758,1050.3801717581573,174.6476061566928,174.92851228306773,378.336138814592,1135.7539185483952,1184.8854807264472,174.6476061566928,174.92851228306773,378.336138814592,1135.7539185483952,1184.8854807264472,0.9684381568152973,1.423384626861591,2.459687008100373,0.017899977905050445,0.9454038232324964,0.9475746731225761,0.9815439217063939,0.9913199935109441,0.9913419330606479,41.979164600372314,49.69143972396851,175.26634812355042,763.3985941355758,1050.3801717581573,174.6476061566928,174.92851228306773,378.336138814592,1135.7539185483952,1184.8854807264472,product,0.9881561950542169,
bayesfl_observability_v1,vi_lr0p002_b32_e2,9,vi,mnist,mlp,0,0,0.1,0.5,300,24,0.05,15,1581,1581,2,32,0.05,42,1,5,5,8.891232039779425,3.6134517043828964,0.009756255894899368,5.277284678071737,0,15,10,0.2835,2.0623845947265624,656.9154673198137,0.2835,0.7165,2.0623845947265624,2.0623845947265624,0.8414423761367797,0.0676184819340706,0.43364820877710974,0.2158815188407898,2.156878308868408,10000,5,2.156878308868408,1.9310000423431397,0.22587826652526832,1.9310000423431397,0.22587826652526832,0.006197592422366142,0.003137681341294596,0,,,,,,,,,,,,,,,,,,,,,,,,,,,,,1.5471782055569496,0.6509303709911615,0.9685576979804499,2.5542025316478902,0.975675312229519,297.60856489845537,297.18353087713405,,,522.2947622469627,419.6189168930219,522.2947622469627,419.6189168930219,297.60856489845537,297.18353087713405,522.2947622469627,419.6189168930219,,,,,,,,,0.05,1e-05,1,product,1.0,,,,,,,,,,,,,,,,,,,,,,,,1.0,,,1,101770,7.453703363447018,0.019507110857495548,0.01286028312150586,0.018166396766901016,0.03677166849374771,0.05249908448500677,0.0009451443644671226,0.04887128621339798,0.05130469873547554,0.05185333639383316,0.0524788424372673,0.053123410791158676,0.05372431427240372,0.05409237761050462,0.05661522224545479,363.176666313442,13.051365188198377,311.9848937988281,363.1044006347656,379.9143798828125,418.68988037109375,280.5846904536077,-599857.0940419274,-155523.1725141224,0.37168454030584447,0.24520607632175118,2.19476776098745e-06,0.06925203388234627,0.17244179742372542,0.34599779390398816,0.5362726646472566,0.7007557240299153,0.7965072421264642,1.9954620430914085,-11.585234874213283,9.029398491291321,-23.1913493478093,-9.218533405807879,-3.0886669216692804,0.7059349513609119,0.9908027906062691,1.0,1.0,0.009197209393730962,0.0,0.0,936,0,0,1.0082045257879853,0.014190377667546272,,1.8773831910452834,0.2567994939911448,0.0018975332068311196,,,,363.1766662597656,13.05136489868164,7.453703363447018,0.052499085664749146,0.6522591627650056,0.3878453786575586,,,1.6377439128665328,,105.4,129.29233027007697,1.0,406.0,random,,,,,,,,,,,,,,snr_histograms.csv,calibration_bins.csv,346.46410217285154,354.3464584350586,371.91748046875,384.8840942382812,-113.17222459834477,-15.267149187247593,-5.412286794107163,-1.9762054386816392,6.000869424337231,37.20790469646454,41.80411877632141,182.23004627227783,753.6499829530716,874.4135252512418,173.03003159420658,173.17159119023881,372.5326130823708,1163.4167299810788,1213.3496985052755,173.03003159420658,173.17159119023881,372.5326130823708,1163.4167299810788,1213.3496985052755,0.9689772224795368,1.4205728536749789,2.499875853645163,0.018812102614247442,0.9449308474160826,0.9472962706097947,0.9819886795513993,0.9914914801239773,0.9914994963059864,37.20790469646454,41.80411877632141,182.23004627227783,753.6499829530716,874.4135252512418,173.03003159420658,173.17159119023881,372.5326130823708,1163.4167299810788,1213.3496985052755,product,0.9908100524565285,
bayesfl_observability_v1,vi_lr0p002_b32_e2,10,vi,mnist,mlp,0,0,0.1,0.5,300,24,0.05,15,2556,2556,2,32,0.05,42,1,5,5,9.677390310913324,4.232191156595945,0.011116590350866318,5.444667674601078,0,15,13,0.314,2.0276185386657715,709.7881741268337,0.314,0.6859999999999999,2.0276185386657715,2.0276185386657715,0.8313583540916443,0.10068293596059084,0.4476720690727234,0.2134714272737503,2.153052864074707,10000,5,2.153052864074707,1.9218652519226074,0.2311876121520997,1.9218652519226074,0.2311876121520997,0.0063560436040163044,0.003129701521122756,13,0.8030935126726868,0.7483338559788102,0.24970706045932076,0.0,0.5346153846153847,0.7441860465116279,0.8181818181818182,0.8809523809523809,0.9764705882352942,1.0,1.076174909876178,1.2895030079096192,0.4161183857944951,0.4089638940219221,1.2946186065673828,1.9185408353805542,,,1.2895030079096192,,,,,,,,,,1.869095463366616,0.6093947791071093,0.9688374815675975,2.5483295321413086,0.9674239110835977,438.04588322774345,309.1217579667015,,,710.5187931366393,406.1995099285857,710.5187931366393,406.1995099285857,438.04588322774345,309.1217579667015,710.5187931366393,406.1995099285857,,,,,,,,,0.05,1e-05,1,product,1.0,,,,,,,,,,,,,,,,,,,,,,,,1.0,,,1,101770,7.500982071626175,0.01959765899493343,0.012992052600271899,0.018175958655774593,0.03711613714694977,0.05277278589506983,0.0009749472280494619,0.04898453876376152,0.05153747275471687,0.05210596136748791,0.052751850336790085,0.05341828614473343,0.054035422205924985,0.0544156214222312,0.05713528394699097,359.43780477725653,13.256926457390657,306.3311767578125,359.3557586669922,376.4902740478516,416.7560729980469,283.52281921464333,-598800.4541726602,-154994.85257930972,0.371480668359276,0.24644147425440233,6.05958598990507e-07,0.06838084218961644,0.17133660070399762,0.3445019341736454,0.5368123541635054,0.702988931680681,0.8014636897300954,1.954921718380553,-11.617963525218785,9.064073601743639,-23.30131111442763,-9.25616670946198,-3.061030254866116,0.7072418197897219,0.990056008646949,1.0,1.0,0.009943991353050997,0.0,0.0,1012,0,0,0.8607574452995993,0.011949233710765839,,2.1466275087525,0.18896713615023475,0.000782472613458529,,,,359.4378356933594,13.256926536560059,7.500982071626175,0.05277278274297714,0.6522753084944662,0.4362957414032505,,,1.6686681009921112,,170.4,152.48335428279813,2.0,475.0,random,,,,,,,,,,,,outputs/tune_vi_mnist_noniid_unbalanced/vi_lr0p002_b32_e2/posterior_snapshots/round_0010.pt,,snr_histograms.csv,calibration_bins.csv,342.4860565185547,350.44518280029297,368.31988525390625,381.5224975585937,-124.35112660975649,-15.322997076660853,-5.403549957985058,-1.9223229738599241,5.822587429465341,36.237539768218994,58.771447372436526,366.9353165626526,863.2961290628482,918.734348932902,171.441541328071,171.61627617582323,705.0807664567517,1196.2108003806295,1198.1732638447668,171.441541328071,171.61627617582323,705.0807664567517,1196.2108003806295,1198.1732638447668,0.969306476057278,1.9620026769120729,2.5449536262835224,0.017947541138555977,0.9459686848393178,0.9462700723096997,0.9671029673260463,0.9916540808419602,0.9916684372201656,36.237539768218994,58.771447372436526,366.9353165626526,863.2961290628482,918.734348932902,171.441541328071,171.61627617582323,705.0807664567517,1196.2108003806295,1198.1732638447668,product,0.993394143763522,0.4161183857944951
bayesfl_observability_v1,vi_lr0p002_b32_e2,11,vi,mnist,mlp,0,0,0.1,0.5,300,24,0.05,15,3421,3421,2,32,0.05,42,1,5,5,10.923339758068323,5.606387220323086,0.012526888400316238,5.316237892955542,0,15,15,0.3343,1.9640784635543824,822.5141509238335,0.3343,0.6657,1.9640784635543824,1.9640784635543824,0.819886785697937,0.11863078660294413,0.39284180211169384,0.2156692123889923,2.1589561546325684,10000,5,2.1589561546325684,1.9153879920959473,0.24356816253662106,1.9153879920959473,0.24356816253662106,0.006672903616726398,0.003333245621152494,0,,,,,,,,,,,,,,,,,,,,,,,,,,,,,1.815175198129164,0.6160177936700587,0.9687256334820455,2.4951464126445884,0.9693659748541159,427.3039952692355,330.4150811879383,,,670.3746935055248,393.2157378396143,670.3746935055248,393.2157378396143,427.3039952692355,330.4150811879383,670.3746935055248,393.2157378396143,,,,,,,,,0.05,1e-05,1,product,1.0,,,,,,,,,,,,,,,,,,,,,,,,1.0,,,1,101770,7.5824445357242425,0.019770302054991272,0.013193576212593785,0.018241855315864086,0.03772077225148678,0.05310095580677433,0.001062829737155919,0.048617713153362274,0.05175318084657192,0.052372394129633904,0.05307991988956928,0.05380743928253651,0.05447491854429245,0.05488353669643402,0.05822475999593735,355.0717865529997,14.187276257706142,294.9745788574219,354.92735290527344,373.35838623046874,423.0687561035156,287.0770002372368,-597544.6765319058,-154366.96375872326,0.3724557993146667,0.24874814322267824,6.3776396284204366e-06,0.06850325782014162,0.1709780074945675,0.34332522416593525,0.5360949304407987,0.709929183704612,0.8078695675506012,2.0039531821451004,-11.61169319162277,9.078910694981342,-23.28577548603289,-9.285885754206092,-2.975699410417416,0.7055517343028397,0.9890537486489143,0.9999901739215878,1.0,0.01094625135108578,9.826078412105729e-06,0.0,1114,1,0,1.0665618550003473,0.01687406236305833,,1.9726654132494301,0.38146740719087985,0.00029231218941829873,,,,355.07177734375,14.187275886535645,7.5824445357242425,0.05310095474123955,0.5090469835805914,0.42718808183153506,,,1.7714806975517152,,228.06666666666666,327.5797036176421,1.0,1305.0,random,,,,,,,,,,,,,,snr_histograms.csv,calibration_bins.csv,336.98207702636716,345.39444732666016,364.5819549560547,378.6455276489258,-103.90679912641788,-15.341194966751102,-5.415165992951872,-1.8531750305932781,6.037751420020774,38.15134871006012,48.11117696762085,354.3816804885864,865.5381652396254,1051.8994075147118,169.67636874096496,170.08127233938717,698.0676103790531,1125.756906467971,1133.1932322053044,169.67636874096496,170.08127233938717,698.0676103790531,1125.756906467971,1133.1932322053044,0.9698873134257213,1.962507566940623,2.4809073798270878,0.01735777018792483,0.9490153642509092,0.9495130699278472,0.9674242746310807,0.9917427946728556,0.9917615661330228,38.15134871006012,48.11117696762085,354.3816804885864,865.5381652396254,1051.8994075147118,169.67636874096496,170.08127233938717,698.0676103790531,1125.756906467971,1133.1932322053044,product,0.9900579996695037,
bayesfl_observability_v1,vi_lr0p002_b32_e2,12,vi,mnist,mlp,0,0,0.1,0.5,300,24,0.05,15,1928,1928,2,32,0.05,42,1,5,5,9.354492884129286,3.9580608159303665,0.019463375210762024,5.395699720829725,0,15,12,0.3773,1.9148996894836425,650.4144846822411,0.3773,0.6227,1.9148996894836425,1.9148996894836425,0.8016718905448914,0.15208525596857073,0.6419008572896322,0.22591133534908295,2.14491141204834,10000,5,2.14491141204834,1.9007218170166016,0.24418959503173832,1.9007218170166016,0.24418959503173832,0.006767021960020065,0.0033538880106036223,0,,,,,,,,,,,,,,,,,,,,,,,,,,,,,1.7291420321220519,0.5651383682118347,0.9686123127808023,2.5583287612185814,0.9728077566596549,348.218333106795,283.34855761968123,,,594.2705329639144,358.2334851116484,594.2705329639144,358.2334851116484,348.218333106795,283.34855761968123,594.2705329639144,358.2334851116484,,,,,,,,,0.05,1e-05,1,product,1.0,,,,,,,,,,,,,,,,,,,,,,,,1.0,,,1,101770,7.645540138472754,0.01990781945737837,0.01334372896338715,0.01830166205763817,0.03803896494209768,0.05336322082852502,0.001094261892882434,0.04880392178893089,0.051978519186377525,0.05261123552918434,0.05334093049168587,0.054089101031422615,0.0547825388610363,0.05519669614732265,0.058863285928964615,351.6111625261317,14.394707713399441,288.6097412109375,351.46234130859375,370.1282165527344,419.8465270996094,289.925505049337,-596543.8912360563,-153866.57111063288,0.37321678361132804,0.25037596271624357,4.31375177496933e-06,0.06882815934682861,0.17016603620018092,0.34268289311333766,0.5378582699480674,0.7138436607300488,0.8142805495174957,2.0838947132210777,-11.590123740598576,9.025249792371643,-23.2446768921563,-9.30215150414513,-2.9279378573929455,0.7056106907733124,0.98810061904294,0.9999705217647636,1.0,0.011899380957060038,2.9478235236317185e-05,0.0,1211,3,0,0.9469478215394797,0.013497083447873592,,1.9709510218510513,0.22095435684647302,0.0005186721991701245,,,,351.6111755371094,14.394707679748535,7.645540138472754,0.05336322635412216,0.8539134779979317,0.4303879395894643,,,1.4490114860125611,,128.53333333333333,139.16171248666862,1.0,413.0,random,,,,,,,,,,,,,,snr_histograms.csv,calibration_bins.csv,333.2082183837891,341.8066101074219,361.2792434692383,375.52686309814453,-107.3028949665111,-15.382542347136374,-5.386642988252817,-1.7845187805362408,6.377515457408017,34.873975932598114,48.395851421356205,274.9755940437317,844.6060312191645,869.3404481961177,167.5672556394483,167.88839367287855,541.1023935177468,1179.1770648834724,1181.710181902652,167.5672556394483,167.88839367287855,541.1023935177468,1179.1770648834724,1181.710181902652,0.9694530018729216,1.7388568449615969,2.5563167986952653,0.015682588824502,0.9475852700824797,0.9476854064916463,0.9746947467652003,0.9919200345823607,0.9919376501990618,34.873975932598114,48.395851421356205,274.9755940437317,844.6060312191645,869.3404481961177,167.5672556394483,167.88839367287855,541.1023935177468,1179.1770648834724,1181.710181902652,product,0.9923003268193762,
bayesfl_observability_v1,vi_lr0p002_b32_e2,13,vi,mnist,mlp,0,0,0.1,0.5,300,24,0.05,15,1779,1779,2,32,0.05,42,1,5,5,9.308024901896715,3.8097009770572186,0.012419141829013824,5.497863698750734,0,15,14,0.3716,1.889072484588623,511.4117476936983,0.3716,0.6284000000000001,1.889072484588623,1.889072484588623,0.7932644735336304,0.13231555330529812,0.39268161001659574,0.2392844473838806,2.1183674057006834,10000,5,2.1183674057006834,1.872199602508545,0.24616780319213838,1.872199602508545,0.24616780319213838,0.006975716759264469,0.0034623722407436538,0,,,,,,,,,,,,,,,,,,,,,,,,,,,,,1.832225654079599,0.516815833381062,0.9700840538425934,2.526883772272031,0.9707083358956058,355.4230856225226,216.58516267433347,,,643.6524624047015,329.4498490980139,643.6524624047015,329.4498490980139,355.4230856225226,216.58516267433347,643.6524624047015,329.4498490980139,,,,,,,,,0.05,1e-05,1,product,1.0,,,,,,,,,,,,,,,,,,,,,,,,1.0,,,1,101770,7.685518738098353,0.01999139688137181,0.013444068303600046,0.018334802240133286,0.038297357410192495,0.053591196755015204,0.001111680397874905,0.04907640814781189,0.052188940346241,0.05282541178166866,0.053570570424199104,0.054326364770531654,0.055030816420912745,0.055452946200966836,0.05909128487110138,348.63633674320965,14.441070960376665,286.3868713378906,348.4556121826172,367.14960021972655,415.197265625,292.4108766933841,-595677.1893723478,-153433.22017863594,0.3731975011659771,0.251197721870585,4.1272048855838194e-07,0.06813984593226348,0.16979607864790222,0.3419071269839923,0.5388544467860606,0.7143642051001106,0.8157748323253539,2.0866285068761474,-11.608917025681976,9.066762185311074,-23.331977060015724,-9.321836926766906,-2.921606298562035,0.7061412990075661,0.9876780976712194,0.9999606956863516,1.0,0.012321902328780584,3.9304313648422916e-05,0.0,1254,4,0,0.7528817518640203,0.010532356798648834,,2.3512864796870225,0.16245081506464307,0.002810567734682406,,,,348.6363220214844,14.441070556640625,7.685518738098353,0.05359119549393654,0.7766686654435714,0.3131197875263915,,,1.530826327005275,,118.6,86.20580026889142,5.0,289.0,random,,,,,,,,,,,,,,snr_histograms.csv,calibration_bins.csv,330.2083770751953,338.8275604248047,358.3556213378906,372.6533767700195,-127.68685837532892,-15.401446875584337,-5.37057057731363,-1.7685939498243877,6.388902725685418,45.70082998275757,98.36146059036255,350.33527982234955,652.3611223697662,744.2321032524109,166.42970665883334,243.33328462359768,681.8732010392052,1100.5381373784844,1138.1465306575603,166.42970665883334,243.33328462359768,681.8732010392052,1100.5381373784844,1138.1465306575603,1.1514191394938895,1.9606857260850399,2.486432969875091,0.014409214516379202,0.9496028926844101,0.9510245226443814,0.9686607098979293,0.9884752667673643,0.9920398664303299,45.70082998275757,98.36146059036255,350.33527982234955,652.3611223697662,744.2321032524109,166.42970665883334,243.33328462359768,681.8732010392052,1100.5381373784844,1138.1465306575603,product,0.995190323333794,
bayesfl_observability_v1,vi_lr0p002_b32_e2,14,vi,mnist,mlp,0,0,0.1,0.5,300,24,0.05,15,1333,1333,2,32,0.05,42,1,5,5,8.888357799500227,3.421584289520979,0.009813737124204636,5.466275356709957,0,15,12,0.3971,1.8632131666183471,547.1940042711303,0.3971,0.6029,1.8632131666183471,1.8632131666183471,0.7838159390449524,0.16137027783393862,0.45057322502136227,0.2357297221660614,2.124205725479126,10000,5,2.124205725479126,1.8729194507598876,0.25128627471923837,1.8729194507598876,0.25128627471923837,0.007082845690846443,0.003474772415435164,0,,,,,,,,,,,,,,,,,,,,,,,,,,,,,1.5660114339466586,0.6161747579625737,0.9689837636164066,2.558929712127,0.9772606975669217,265.7997884502487,244.50210238825977,,,498.7512583705913,363.55212432016174,498.7512583705913,363.55212432016174,265.7997884502487,244.50210238825977,498.7512583705913,363.55212432016174,,,,,,,,,0.05,1e-05,1,product,1.0,,,,,,,,,,,,,,,,,,,,,,,,1.0,,,1,101770,7.746571323402071,0.020112152987395947,0.013607279318557892,0.018374688923358917,0.03866093456745149,0.0538315548254123,0.0011396234931703335,0.049260444939136505,0.05239218957722187,0.053048969246447086,0.05380868725478649,0.0545855350792408,0.055306581780314445,0.05574150308966637,0.05942397192120552,345.54842223281463,14.606537282840382,283.1891784667969,345.37843322753906,364.3064880371094,412.1006774902344,295.04497267758643,-594768.1629350955,-152978.70695986197,0.3737726090311565,0.25310142427817806,2.5110867629348614e-06,0.06799660010590425,0.16923857483717183,0.3415722488519924,0.5384865629729445,0.7192422262271025,0.8227081488142464,2.1616705308313504,-11.62480801198941,9.103576712036233,-23.350256052162436,-9.33034841892271,-2.8624964684653125,0.705758081949494,0.9867347941436573,0.9999508696079394,1.0,0.013265205856342733,4.913039206052864e-05,0.0,1350,5,0,0.9625423967228744,0.014648675918579102,,1.838203206378032,0.2768192048012003,0.0015003750937734434,,,,345.5484313964844,14.606537818908691,7.746571323402071,0.0538315549492836,0.620721874227543,0.3417049991757876,,,1.6933414609470716,,88.86666666666666,104.18820577312108,2.0,369.0,random,,,,,,,,,,,,,,snr_histograms.csv,calibration_bins.csv,326.9236694335938,335.6177062988281,355.3416290283203,369.8667846679687,-112.00276216714931,-15.430012813583458,-5.376502586741561,-1.6950840215205072,6.6957900407720325,41.568823993206024,45.854787302017215,180.45802867412567,581.0826905386789,808.9105178117752,164.67762347378408,164.6980576882686,355.70664118917557,998.3657667164409,1159.5936609374305,164.67762347378408,164.6980576882686,355.70664118917557,998.3657667164409,1159.5936609374305,0.9691004930009078,1.423351110580139,2.379493232159024,0.016043718862648063,0.9487720800955045,0.955278067348896,0.9832731774409385,0.9921460689626284,0.9921567791569743,41.568823993206024,45.854787302017215,180.45802867412567,581.0826905386789,808.9105178117752,164.67762347378408,164.6980576882686,355.70664118917557,998.3657667164409,1159.5936609374305,product,0.9922504539082547,
bayesfl_observability_v1,vi_lr0p002_b32_e2,15,vi,mnist,mlp,0,0,0.1,0.5,300,24,0.05,15,1656,1656,2,32,0.05,42,1,5,5,8.757907930761576,3.3157481625676155,0.0114571712911129,5.441605865955353,0,15,13,0.334,1.8823978469848632,576.2871924774736,0.334,0.6659999999999999,1.8823978469848632,1.8823978469848632,0.7872780530929565,0.0662925031647086,0.40067525173871577,0.26803126020431517,2.064866493988037,10000,5,2.064866493988037,1.8112035007476808,0.25366299324035624,1.8112035007476808,0.25366299324035624,0.007399704271554947,0.0036286879927730368,11,0.9077103294667555,0.8947351747351747,0.1086162856751336,0.6666666666666666,0.75,0.841995841995842,0.92,1.0,1.0,1.0,0.7343560212599733,1.031855513685062,0.5001022579434508,0.25293470056433426,0.9505497217178345,1.8582037687301636,,,1.031855513685062,,,,,,,,,,1.6464925803776773,0.6333654437650608,0.968452610366102,2.5701000335397683,0.9754832779155904,298.27931183311676,261.41708417364924,,,543.5191054347466,383.26027023936393,543.5191054347466,383.26027023936393,298.27931183311676,261.41708417364924,543.5191054347466,383.26027023936393,,,,,,,,,0.05,1e-05,1,product,1.0,,,,,,,,,,,,,,,,,,,,,,,,1.0,,,1,101770,7.806533890287176,0.020245859094377375,0.013745027424519208,0.018478444777429104,0.03896915987133981,0.05408457907478075,0.0011656584477192087,0.04930136352777481,0.052611738070845605,0.05328295473009348,0.05405986122786999,0.054854157380759716,0.05559083819389343,0.05604526605457068,0.059590891003608704,342.3395659701698,14.732576647298359,281.60491943359375,342.1764831542969,361.2723449707031,411.4169006347656,297.829951133659,-593815.3664780102,-152502.30873116557,0.37450488694533157,0.25447550327752183,1.1599492410061352e-06,0.06757715994391855,0.16896953585705526,0.3417160452330827,0.5394166177944507,0.7205008620581964,0.8273956045548567,2.2102573919856976,-11.625107408185732,9.149558506587438,-23.40400131872729,-9.326692572380434,-2.847309904675505,0.7057777341063182,0.9859290557138646,0.9999410435295274,1.0,0.014070944286135404,5.895647047263437e-05,0.0,1432,6,0,0.939434166901871,0.01278682891279459,,2.099276434064476,0.21195652173913043,0.0036231884057971015,,,,342.339599609375,14.732576370239258,7.806533890287176,0.05408457666635513,0.5759026269732463,0.36656473002318635,,,1.7068019144175017,,110.4,118.81458945208148,3.0,351.0,random,,,,,,,,,,,,,,snr_histograms.csv,calibration_bins.csv,323.58884582519534,332.33870697021484,352.2276153564453,366.9097381591797,-118.7112128106334,-15.443831778623935,-5.361513567536598,-1.6457358118716958,6.888857033977757,34.4439799785614,45.36199698448181,258.3416385650635,694.5171072049574,776.3449472514066,163.0631779101251,163.4298672481259,524.1812202222579,1113.912940383007,1158.0862404070187,163.0631779101251,163.4298672481259,524.1812202222579,1113.912940383007,1158.0862404070187,0.9696118925990328,1.7347897906852998,2.5212186569197392,0.01668396363935207,0.949098226405107,0.9510157428346188,0.9757704607232517,0.9922566587598083,0.9922723710458136,34.4439799785614,45.36199698448181,258.3416385650635,694.5171072049574,776.3449472514066,163.0631779101251,163.4298672481259,524.1812202222579,1113.912940383007,1158.0862404070187,product,0.9927328859414677,0.5001022579434508
bayesfl_observability_v1,vi_lr0p002_b32_e2,16,vi,mnist,mlp,0,0,0.1,0.5,300,24,0.05,15,1990,1990,2,32,0.05,42,1,5,5,9.339754525572062,3.9318887889385223,0.00942176952958107,5.407372552901506,0,15,12,0.32,1.8839272296905518,723.7551656065134,0.32,0.6799999999999999,1.8839272296905518,1.8839272296905518,0.797266855430603,0.03191826636493207,0.16870169341564178,0.28818617086410525,2.0151893117904662,10000,5,2.0151893117904662,1.756112286567688,0.2590770252227783,1.756112286567688,0.2590770252227783,0.007886093282699584,0.003984652311348414,0,,,,,,,,,,,,,,,,,,,,,,,,,,,,,1.5056040403539264,0.4947753486374643,0.9685602377702002,2.3790249446755674,0.9802670653694888,248.8181087191327,249.04841981252085,,,435.63425593389525,285.6443158246564,435.63425593389525,285.6443158246564,248.8181087191327,249.04841981252085,435.63425593389525,285.6443158246564,,,,,,,,,0.05,1e-05,1,product,1.0,,,,,,,,,,,,,,,,,,,,,,,,1.0,,,1,101770,7.942211230271074,0.020527957336214462,0.014086142440527534,0.01864087488502264,0.039830525219440464,0.054405112006703636,0.0013037337879638897,0.049301255494356155,0.05275829955935478,0.0535109331831336,0.05437232926487923,0.05526756774634123,0.05609349198639393,0.056590907648205756,0.061169061809778214,338.42844039768556,16.185544934465305,267.261474609375,338.2549285888672,359.2679138183594,411.418701171875,301.40365362881033,-592623.7817818272,-151906.5163828867,0.37750760123375043,0.2593047895012725,2.2325881950793743e-06,0.06686926585445666,0.16797595406813046,0.34250289049680627,0.5448298504943871,0.7328456857293397,0.8424002787917404,2.331840801270676,-11.609274273587125,9.22156374178943,-23.4954688961562,-9.30671518015075,-2.6997492900736497,0.7015328682322884,0.9834725361108382,0.9999213913727032,1.0,0.016527463889161837,7.860862729684583e-05,0.0,1682,8,0,1.4132976117708138,0.026504240930080414,,1.5657012987415717,0.5894472361809046,0.004020100502512563,,,,338.42840576171875,16.185544967651367,7.942211230271074,0.05440511554479599,0.4991354947070385,0.38078724090534294,,,1.7927689756734346,,132.66666666666666,279.62061599404444,2.0,1161.0,random,,,,,,,,,,,,,,snr_histograms.csv,calibration_bins.csv,317.8154754638672,327.38538360595703,349.2327423095703,365.3524185180664,-113.02382362834507,-15.4950576714537,-5.274782120668055,-1.489629961863613,7.353977941556802,36.649742603302,39.80153932571411,178.671781539917,505.2770627212524,1005.9197773289036,161.5780262634936,161.79051636837963,349.48051373736445,908.8778217677327,999.7290348423488,161.5780262634936,161.79051636837963,349.48051373736445,908.8778217677327,999.7290348423488,0.9692152447689107,1.4236723729901037,2.2834415533585375,0.012351455920322964,0.9566477285826337,0.9598270555898041,0.983768659965142,0.9923853203122479,0.9923891702099702,36.649742603302,39.80153932571411,178.671781539917,505.2770627212524,1005.9197773289036,161.5780262634936,161.79051636837963,349.48051373736445,908.8778217677327,999.7290348423488,product,0.9840406018123967,
bayesfl_observability_v1,vi_lr0p002_b32_e2,17,vi,mnist,mlp,0,0,0.1,0.5,300,24,0.05,15,1767,1767,2,32,0.05,42,1,5,5,9.186034306883812,3.8302055187523365,0.008874692022800446,5.355301469564438,0,15,12,0.4454,1.7772041383743287,599.9518977300127,0.4454,0.5546,1.7772041383743287,1.7772041383743287,0.7547344560623169,0.1895087730742991,0.42221779844095536,0.2559585861682892,2.0819467079162597,10000,5,2.0819467079162597,1.8092075975418092,0.27273911037445053,1.8092075975418092,0.27273911037445053,0.007989636075496673,0.003898804136561966,0,,,,,,,,,,,,,,,,,,,,,,,,,,,,,1.6526467973696266,0.5999966200952276,0.9686941021884349,2.5941852088106145,0.9767187948914042,307.7250933830517,265.1129379860273,,,529.1283566106137,362.95216660277276,529.1283566106137,362.95216660277276,307.7250933830517,265.1129379860273,529.1283566106137,362.95216660277276,,,,,,,,,0.05,1e-05,1,product,1.0,,,,,,,,,,,,,,,,,,,,,,,,1.0,,,1,101770,7.99797598672238,0.020651343188265777,0.014215233847470456,0.01872465293854475,0.04011642970144749,0.05466647331479421,0.0013319442048931212,0.04947075992822647,0.05298617444932461,0.05375185329467058,0.05463373474776745,0.055547733791172504,0.05639023408293724,0.05690651088953018,0.06179172918200493,335.2195677199602,16.300992019141248,261.90228271484375,335.02577209472656,356.18439025878905,408.6042175292969,304.31238736688005,-591650.291039032,-151419.77101133543,0.3779667410922638,0.2604325201616579,7.178916607782285e-06,0.06688017318840157,0.1679037938778329,0.3424074693277584,0.5449438445984778,0.7345595202670311,0.8471835884673058,2.3118581668695253,-11.606369487420682,9.203974801337553,-23.494052230524733,-9.309135402510229,-2.6794601654429493,0.7012282598015133,0.9828731453276998,0.9999508696079394,1.0,0.017126854672300285,4.913039206052864e-05,0.0,1743,5,0,0.9637167953673201,0.01412191241979599,,2.011140853689849,0.2212790039615167,0.0005659309564233164,,,,335.2195739746094,16.30099105834961,7.99797598672238,0.05466647446155548,0.6736476657532381,0.42351987868612556,,,1.6181014097781126,,117.8,130.84097217614976,1.0,385.0,random,,,,,,,,,,,,,,snr_histograms.csv,calibration_bins.csv,314.47939147949216,324.0912551879883,346.1091766357422,362.4006042480469,-102.87882062045554,-15.498789819139036,-5.27296497267545,-1.4404493183517595,7.279223729615588,30.85003811120987,53.91275501251221,251.70301429430643,782.7690571481531,824.4560806842951,159.77591351662537,160.11268045679034,512.9601279367199,1139.2471265105835,1158.0586705947378,159.77591351662537,160.11268045679034,512.9601279367199,1139.2471265105835,1158.0586705947378,0.9696909735510708,1.7339117427698054,2.574986451338401,0.01536028664063634,0.950437661049665,0.9512721407258697,0.9769509393590292,0.9926286436081101,0.992649805809894,30.85003811120987,53.91275501251221,251.70301429430643,782.7690571481531,824.4560806842951,159.77591351662537,160.11268045679034,512.9601279367199,1139.2471265105835,1158.0586705947378,product,0.992713973361936,
bayesfl_observability_v1,vi_lr0p002_b32_e2,18,vi,mnist,mlp,0,0,0.1,0.5,300,24,0.05,15,1559,1559,2,32,0.05,42,1,5,5,8.877826251089573,3.4710906483232975,0.009360715746879578,5.406242024153471,0,15,12,0.4544,1.7464158321380616,589.2720724654587,0.4544,0.5456,1.7464158321380616,1.7464158321380616,0.7377228990554809,0.18104895496591925,0.4504363766738346,0.2733510453224182,2.0499417310714723,10000,5,2.0499417310714723,1.7730089809417724,0.27693275012969987,1.7730089809417724,0.27693275012969987,0.008250782127678394,0.004020237518963387,0,,,,,,,,,,,,,,,,,,,,,,,,,,,,,1.6190015785677736,0.5916354840613338,0.9688402987255555,2.578796781192915,0.9779154006969075,277.1016520361708,259.3246706734329,,,503.68125226261236,355.6017815607309,503.68125226261236,355.6017815607309,277.1016520361708,259.3246706734329,503.68125226261236,355.6017815607309,,,,,,,,,0.05,1e-05,1,product,1.0,,,,,,,,,,,,,,,,,,,,,,,,1.0,,,1,101770,8.065919454162843,0.020792043909832636,0.014386323436656839,0.018783263862133026,0.04050313569605351,0.05493016598060386,0.0013619199583964601,0.04937997832894325,0.05320795327425003,0.05399625562131405,0.054898710921406746,0.055829137563705444,0.056684688106179236,0.05721864122897387,0.062399983406066895,332.02976632813073,16.429947746453198,256.8213195800781,331.7994842529297,353.2213195800781,410.10797119140625,307.26174105329153,-590672.9835324013,-150931.11725786724,0.3787265938491957,0.2623147581634115,1.0857208107957463e-05,0.06578252237869638,0.16673916577270467,0.34216272473361153,0.5461331135677506,0.7378505424060594,0.8515899272540062,2.4172382113929216,-11.613049662219494,9.231127330777268,-23.63778955722872,-9.315346086682482,-2.6406319826114317,0.700363564901248,0.9815466247420654,0.9999410435295274,1.0,0.018453375257934557,5.895647047263437e-05,0.0,1878,6,0,1.0208130781186897,0.012812712229788303,,1.960595064473305,0.24438742783835793,0.0006414368184733803,,,,332.0297546386719,16.429946899414062,8.065919454162843,0.05493016168475151,0.5650005989736827,0.4567395603537465,,,1.7455182950218204,,103.93333333333334,126.32627948645083,1.0,381.0,random,,,,,,,,,,,,,,snr_histograms.csv,calibration_bins.csv,311.2207092285156,320.8323669433594,342.9830856323242,359.51789245605465,-99.28563595310933,-15.559247513925214,-5.254029807635446,-1.3953896855581132,7.666389018051292,31.375762701034546,35.61267094612121,185.94918954372406,737.7892082474449,787.5669124523798,158.31824684396526,158.47819601865274,344.12422523984344,1128.9582056230802,1131.5690259382334,158.31824684396526,158.47819601865274,344.12422523984344,1128.9582056230802,1131.5690259382334,0.9693560279941436,1.4276071303477167,2.5749656866827655,0.014960913920383876,0.9518016849875564,0.9519535066932211,0.9844324731509084,0.9927358532346854,0.9927401449703452,31.375762701034546,35.61267094612121,185.94918954372406,737.7892082474449,787.5669124523798,158.31824684396526,158.47819601865274,344.12422523984344,1128.9582056230802,1131.5690259382334,product,0.9919591810578866,
bayesfl_observability_v1,vi_lr0p002_b32_e2,19,vi,mnist,mlp,0,0,0.1,0.5,300,24,0.05,15,2448,2448,2,32,0.05,42,1,5,5,9.895158477127552,4.548945438116789,0.011289488524198532,5.345549274235964,0,15,10,0.4403,1.7434739765167235,702.5576254442271,0.4403,0.5597,1.7434739765167235,1.7434739765167235,0.7440223860740661,0.15677207643017174,0.3587020865138273,0.28352792377471925,2.019079404258728,10000,5,2.019079404258728,1.7410093425750732,0.27807006168365467,1.7410093425750732,0.27807006168365467,0.008550875307619572,0.004215753337680492,0,,,,,,,,,,,,,,,,,,,,,,,,,,,,,1.7437565748142745,0.6103223838908586,0.9690333347837544,2.5903780073073697,0.9751167162284219,354.3234942711416,291.2020692002536,,,574.4232329416701,366.0751202636636,574.4232329416701,366.0751202636636,354.3234942711416,291.2020692002536,574.4232329416701,366.0751202636636,,,,,,,,,0.05,1e-05,1,product,1.0,,,,,,,,,,,,,,,,,,,,,,,,1.0,,,1,101770,8.131736435482416,0.020926968606996606,0.014553788873595675,0.01879235915839672,0.040867322310805324,0.055237101579180714,0.0014109991577769532,0.04953178018331528,0.05345129445195198,0.05427286494523287,0.055205658078193665,0.056165981106460094,0.057060057297348976,0.05759972371160984,0.06312830001115799,328.3871641550573,16.74220506998191,250.92955017089844,328.1200866699219,350.0125,407.59808349609375,310.7168680569984,-589542.6594998175,-150365.95524140084,0.37908805807985085,0.2639368074790711,1.4914064189063703e-05,0.06614414212864658,0.16565461748879212,0.3404196790867249,0.5474714347239278,0.7397543141758874,0.8567441438478756,2.4437276320497165,-11.618445181463414,9.230748609392242,-23.590172236938322,-9.359706842073205,-2.6182498684404956,0.6999410435295274,0.9806131472929154,0.999911565294291,1.0,0.019386852707084602,8.843470570895156e-05,0.0,1973,9,0,1.0379733376939881,0.017752185463905334,,1.753947149568368,0.3443627450980392,0.0012254901960784314,,,,328.3871765136719,16.742204666137695,8.131736435482416,0.05523710325360298,0.8927264305618269,0.4141339853358798,,,1.4285595553394224,,163.2,213.82896592058486,3.0,843.0,random,,,,,,,,,,,,,,snr_histograms.csv,calibration_bins.csv,307.1394287109375,316.9956359863281,339.4958724975586,356.4355224609375,-96.52807925898436,-15.615929081868089,-5.232770719735567,-1.342977108939979,7.7610559914011645,39.321650981903076,49.789651489257814,259.2784644762675,760.1747365848585,977.4388967001879,156.87538242029856,157.04771015920278,503.8603735382475,1079.8808274209978,1131.716703702923,156.87538242029856,157.04771015920278,503.8603735382475,1079.8808274209978,1131.716703702923,0.9695413824778185,1.7347078854300173,2.5220325263440073,0.01531785836048987,0.9520324651604752,0.9544480585056601,0.9776821101678114,0.9928525343053457,0.9928721445362533,39.321650981903076,49.789651489257814,259.2784644762675,760.1747365848585,977.4388967001879,156.87538242029856,157.04771015920278,503.8603735382475,1079.8808274209978,1131.716703702923,product,0.9918199580594403,
bayesfl_observability_v1,vi_lr0p002_b32_e2,20,vi,mnist,mlp,0,0,0.1,0.5,300,24,0.05,15,2683,2683,2,32,0.05,42,1,5,5,10.1734364554286,4.723677352070808,0.010568436235189438,5.449139680713415,0,15,12,0.4627,1.698313037109375,707.9419936527975,0.4627,0.5373,1.698313037109375,1.698313037109375,0.7296026030540467,0.17741237074881794,0.3817125441837895,0.285443434715271,2.0107955883026123,10000,5,2.0107955883026123,1.723081581878662,0.2877140064239503,1.723081581878662,0.2877140064239503,0.008918944311141968,0.004458070403418945,15,0.8191270509566456,0.6815564928074748,0.30436634174785476,0.0,0.30476190476190473,0.48125,0.8,0.964759535655058,1.0,1.0,0.8298729875203257,1.3116627290729508,0.6894328693937388,0.21422448887753842,1.2495797475179036,3.3335273265838623,,,1.3116627290729508,,,,,,,,,,1.76594599715755,0.5918258963359265,0.9679129016615169,2.5942752910142386,0.9750925469623042,367.7617753607697,291.5439522985136,,,577.7814602222642,345.7335706328255,577.7814602222642,345.7335706328255,367.7617753607697,291.5439522985136,577.7814602222642,345.7335706328255,,,,,,,,,0.05,1e-05,1,product,1.0,,,,,,,,,,,,,,,,,,,,,,,,1.0,,,1,101770,8.19759392430744,0.021066612722029525,0.014714471251290303,0.018870076164603233,0.04131088331341746,0.05554847993444217,0.00145553998774844,0.04913493990898132,0.05370835699141026,0.054549708031117916,0.05551806092262268,0.05650795716792345,0.05742861330509186,0.05799259655177593,0.06365098059177399,324.7490682220534,16.985375352379474,246.8253631591797,324.4377746582031,346.66998596191405,414.2086181640625,314.2405433971449,-588401.9658827151,-149795.60843267536,0.3794873512728778,0.2653818018003017,5.911062449158805e-07,0.06587687229930005,0.1655305212446807,0.3394988271751529,0.5481660947218114,0.7443170628603232,0.8600017176847732,2.3958314411872377,-11.63045991637239,9.27435085274681,-23.62534056885017,-9.38323443366792,-2.5648405009666555,0.7000098260784121,0.9798565392551832,0.9999312174511152,1.0,0.020143460744816745,6.87825488847401e-05,0.0,2050,7,0,1.0083083369464663,0.014664875343441963,,2.023435971302313,0.28512858740216174,0.005963473723443906,,,,324.7490539550781,16.985376358032227,8.19759392430744,0.05554848164319992,0.8186218224006906,0.4929274882102199,,,1.4651908191060026,,178.86666666666667,219.89326703855414,14.0,765.0,random,,,,,,,,,,,,outputs/tune_vi_mnist_noniid_unbalanced/vi_lr0p002_b32_e2/posterior_snapshots/round_0020.pt,,snr_histograms.csv,calibration_bins.csv,303.2098693847656,313.1704559326172,336.0586853027344,353.24357452392576,-124.56667435361753,-15.622438362359205,-5.2217566007336655,-1.3100136267584908,7.589125199746938,52.88884401321411,76.54519157409668,252.5643688837687,851.5583641922474,961.3875941634178,154.83853433802483,155.29385599150604,503.7728092966949,1052.8957881371837,1122.655289656791,154.83853433802483,155.29385599150604,503.7728092966949,1052.8957881371837,1122.655289656791,0.9694001512198557,1.7443261731481297,2.4990428425345197,0.01437741332552683,0.9527270486185107,0.9559502673503356,0.9777866669835225,0.9929733793203694,0.9929848124122456,52.88884401321411,76.54519157409668,252.5643688837687,851.5583641922474,961.3875941634178,154.83853433802483,155.29385599150604,503.7728092966949,1052.8957881371837,1122.655289656791,product,0.9924067036457807,0.6894328693937388
bayesfl_observability_v1,vi_lr0p002_b32_e2,21,vi,mnist,mlp,0,0,0.1,0.5,300,24,0.05,15,2756,2756,2,32,0.05,42,1,5,5,9.587067376822233,4.295188739895821,0.008079826831817627,5.291351560503244,0,15,10,0.5083,1.6197126863479614,817.358235307851,0.5083,0.4917,1.6197126863479614,1.6197126863479614,0.7045786264419556,0.2236736180096865,0.4549069862625943,0.2847307002067566,2.017156784057617,10000,5,2.017156784057617,1.7155957439422607,0.30156104011535634,1.7155957439422607,0.30156104011535634,0.009277452836930752,0.004464571899270287,0,,,,,,,,,,,,,,,,,,,,,,,,,,,,,1.5378182784188668,0.7196916858583859,0.9676957846361508,2.599921774829178,0.9796907106124308,302.3038734682476,338.48587386173523,,,475.911624326281,416.36466781574063,475.911624326281,416.36466781574063,302.3038734682476,338.48587386173523,475.911624326281,416.36466781574063,,,,,,,,,0.05,1e-05,1,product,1.0,,,,,,,,,,,,,,,,,,,,,,,,1.0,,,1,101770,8.29897861940117,0.021297036340007666,0.01493948442349818,0.018976397812366486,0.04189331270754337,0.05590759018779978,0.0015550708885124017,0.04931878298521042,0.0539396733045578,0.054839775897562504,0.055870262905955315,0.05693583283573389,0.0579207681119442,0.058531797118484975,0.06460889428853989,320.6738308451037,17.79887463394967,239.5605926513672,320.36021423339844,343.7030456542969,411.1263427734375,318.34438469587974,-587099.1866514623,-149144.21881685383,0.3812111733823079,0.2677885787656387,1.3194329062019839e-06,0.06622009925533866,0.16651471344957477,0.339403701477885,0.5507611230180487,0.7494972392198834,0.869037822537387,2.386270616666159,-11.587653845121933,9.230824128255815,-23.58020351126912,-9.385668513191373,-2.504599253390004,0.6979856539255184,0.9784907143559005,0.999901739215879,1.0,0.02150928564409944,9.826078412105728e-05,0.0,2189,10,0,1.2888735977865222,0.020854398608207703,,1.5509112410852546,0.4735123367198839,0.000362844702467344,,,,320.6738586425781,17.798873901367188,8.29897861940117,0.05590759217739105,0.5205207247467507,0.4907320080717394,,,1.7589458353957181,,183.73333333333332,331.29211011163886,1.0,1305.0,random,,,,,,,,,,,,,,snr_histograms.csv,calibration_bins.csv,298.0790100097656,308.48116302490234,332.51302337646484,350.47376708984376,-117.59224719627063,-15.57094771357148,-5.18073446402831,-1.2192264341394812,7.55439387185723,26.819596767425537,30.795408391952517,80.16583776473999,777.8620680642127,992.9971481648887,153.07012070553654,153.46294544895966,154.32731311213124,1064.9177081322791,1119.0546853989754,153.07012070553654,153.46294544895966,154.32731311213124,1064.9177081322791,1119.0546853989754,0.9690443306944064,0.971728319285878,2.543291556469625,0.017243340943748763,0.9533415293194998,0.9551034194232855,0.9930481231631958,0.9930871946530094,0.9931057814571603,26.819596767425537,30.795408391952517,80.16583776473999,777.8620680642127,992.9971481648887,153.07012070553654,153.46294544895966,154.32731311213124,1064.9177081322791,1119.0546853989754,product,0.987866558198416,
bayesfl_observability_v1,vi_lr0p002_b32_e2,22,vi,mnist,mlp,0,0,0.1,0.5,300,24,0.05,15,1157,1157,2,32,0.05,42,1,5,5,8.833787150681019,3.2888814322650433,0.009497597813606262,5.5444510653615,0,15,12,0.4905,1.6146564651489257,485.68215427748106,0.4905,0.5095000000000001,1.6146564651489257,1.6146564651489257,0.698804986667633,0.18240192031860353,0.4009556359190358,0.30817624378204345,1.9757810079574585,10000,5,1.9757810079574585,1.6800345291137695,0.295746478843689,1.6800345291137695,0.295746478843689,0.009226412209868431,0.004446889367204903,0,,,,,,,,,,,,,,,,,,,,,,,,,,,,,1.4055171662023556,0.6002215151985478,0.9694733425550485,2.579227622668959,0.9837564948526779,203.37340557359772,219.8744091252204,,,378.4873530671101,332.2335624998585,378.4873530671101,332.2335624998585,203.37340557359772,219.8744091252204,378.4873530671101,332.2335624998585,,,,,,,,,0.05,1e-05,1,product,1.0,,,,,,,,,,,,,,,,,,,,,,,,1.0,,,1,101770,8.363351410504485,0.021429655749576372,0.015101697409564933,0.019029488787055016,0.04221480004489423,0.05614436592998592,0.001580116903056163,0.04931466653943062,0.054145914316177365,0.05505895707756281,0.056107716634869576,0.05718629714101553,0.05818888358771801,0.05880560912191868,0.06540773808956146,317.99236746450015,17.860969959980263,233.7446746826172,317.6543426513672,341.08970031738284,411.1949768066406,321.0524547840891,-586240.8616052944,-148715.05629364128,0.38197744747431783,0.2695759381473653,6.5009787438615305e-06,0.06592275462747668,0.16514787345151105,0.3394319284001487,0.55092180507088,0.7524708894624303,0.8742339684516894,2.442639904775665,-11.610218441510249,9.309789014152352,-23.619293074305357,-9.384946170524449,-2.470205935678616,0.6971111329468409,0.9774688022010416,0.999901739215879,1.0,0.022531197798958437,9.826078412105728e-05,0.0,2293,10,0,1.036499167119212,0.014900191221386194,,1.8572532208005497,0.29732065687121867,0.006050129645635264,,,,317.9923400878906,17.860971450805664,8.363351410504485,0.05614436790347099,0.6897340582166888,0.3748846260993083,,,1.5974917610405486,,77.13333333333334,99.95323350892102,1.0,344.0,random,,,,,,,,,,,,,,snr_histograms.csv,calibration_bins.csv,295.3384216308594,305.78489685058594,329.8709030151367,347.91315307617185,-103.7404237431786,-15.642540283688223,-5.178200764897513,-1.1674464594899088,7.757188955553543,31.76944249868393,42.39591784477234,79.9151759147644,574.6753605352981,720.9927747032859,151.68297493430032,151.70932367303425,152.19015566207486,961.4904160130594,1083.183663144931,151.68297493430032,151.70932367303425,152.19015566207486,961.4904160130594,1083.183663144931,0.9695745841592819,0.9710784628665224,2.433624151897782,0.013775077243598286,0.9550099042938556,0.9595417216328582,0.993229173005913,0.9932418568382472,0.9932501027199464,31.76944249868393,42.39591784477234,79.9151759147644,574.6753605352981,720.9927747032859,151.68297493430032,151.70932367303425,152.19015566207486,961.4904160130594,1083.183663144931,product,0.9922905295283386,
bayesfl_observability_v1,vi_lr0p002_b32_e2,23,vi,mnist,mlp,0,0,0.1,0.5,300,24,0.05,15,1286,1286,2,32,0.05,42,1,5,5,8.531085453927517,3.112732145935297,0.010718822479248047,5.4178502559661865,0,15,10,0.4856,1.6042537256240845,522.9883144360713,0.4856,0.5144,1.6042537256240845,1.6042537256240845,0.6947994152069091,0.17359088547080753,0.42161287979075784,0.31208674182891843,1.9551794759750367,10000,5,1.9551794759750367,1.652460493850708,0.3027189821243288,1.652460493850708,0.3027189821243288,0.009542558813095093,0.004598955415389565,0,,,,,,,,,,,,,,,,,,,,,,,,,,,,,1.51688527013235,0.6021198020344736,0.9688069823151869,2.6104167297874548,0.9818055335549508,224.13152247481273,232.74112297340614,,,428.13235546426466,343.76250115039704,428.13235546426466,343.76250115039704,224.13152247481273,232.74112297340614,428.13235546426466,343.76250115039704,,,,,,,,,0.05,1e-05,1,product,1.0,,,,,,,,,,,,,,,,,,,,,,,,1.0,,,1,101770,8.432288429754092,0.021572482742914293,0.015274044597494636,0.01912813540548086,0.042712254449725165,0.05640277819259761,0.0016074045699035438,0.0490497387945652,0.05436703637242317,0.05529814772307873,0.05636775866150856,0.057459826581180096,0.058478140458464625,0.05911568496376276,0.06566883623600006,315.10424819770867,17.923890654209128,231.8896484375,314.73023986816406,338.3207916259766,415.6488952636719,324.02114086248287,-585308.2346256969,-148248.74280370417,0.38276397388364714,0.2714070586552933,2.0676610738218675e-05,0.06538704358753361,0.16479990006439615,0.3389641308291605,0.5524900062171157,0.7585009545251539,0.8807183176751853,2.5376020985006407,-11.609557070842044,9.324358676329684,-23.690165972428645,-9.396925128016473,-2.4008773670848518,0.6960892207919819,0.9760833251449347,0.9998919131374668,1.0,0.023916674855065344,0.00010808686253316301,0.0,2434,11,0,1.0540555128885936,0.014503145590424538,,1.6937416418403906,0.2884914463452566,0.0007776049766718507,,,,315.104248046875,17.923891067504883,8.432288429754092,0.056402772665023804,0.47649324032179446,0.3170402414389467,,,1.8180946342096556,,85.73333333333333,110.75646958781033,1.0,326.0,random,,,,,,,,,,,,,,snr_histograms.csv,calibration_bins.csv,292.4239105224609,302.8805389404297,327.0234146118164,345.0683654785156,-93.69041254556132,-15.660861123729578,-5.153511467200621,-1.1032594172806844,8.088470495657715,28.509340047836304,29.60078319311142,137.59342259168625,633.0605163753032,700.1710027564656,150.2397912513776,150.73107756736977,325.8873095343155,1030.290482728339,1099.6112057685177,150.2397912513776,150.73107756736977,325.8873095343155,1030.290482728339,1099.6112057685177,0.970424641303388,1.4261005530843103,2.5277779046704594,0.014070908453910907,0.9545943139729105,0.9572649314694496,0.9857535562738657,0.9933369333422866,0.9933479744127957,28.509340047836304,29.60078319311142,137.59342259168625,633.0605163753032,700.1710027564656,150.2397912513776,150.73107756736977,325.8873095343155,1030.290482728339,1099.6112057685177,product,0.992156506407974,
bayesfl_observability_v1,vi_lr0p002_b32_e2,24,vi,mnist,mlp,0,0,0.1,0.5,300,24,0.05,15,3578,3578,2,32,0.05,42,1,5,5,10.345482431352139,4.898071300238371,0.010846197605133057,5.446878399699926,0,15,14,0.4862,1.5895720119476318,823.3702355489099,0.4862,0.5138,1.5895720119476318,1.5895720119476318,0.6891306754112244,0.14392156168967485,0.28957139080221006,0.34232955350875854,1.891942393875122,10000,5,1.891942393875122,1.5856450172424317,0.3062973766326904,1.5856450172424317,0.3062973766326904,0.009943261796236039,0.004992922228422489,0,,,,,,,,,,,,,,,,,,,,,,,,,,,,,1.6489078720861314,0.6885754355322913,0.9690784935326109,2.5951835628475863,0.9786645300816874,336.16314674009914,348.0204456435111,,,512.6632724142625,383.5397883124477,512.6632724142625,383.5397883124477,336.16314674009914,348.0204456435111,512.6632724142625,383.5397883124477,,,,,,,,,0.05,1e-05,1,product,1.0,,,,,,,,,,,,,,,,,,,,,,,,1.0,,,1,101770,8.523479599309082,0.021766564204750073,0.01549446273852981,0.01924158912152052,0.043102753534913066,0.056779934334290204,0.0016871153560268782,0.04967439919710159,0.05464910343289375,0.055628699250519276,0.056741079315543175,0.05788742005825043,0.058959750831127165,0.05963097587227821,0.06607341766357422,310.99804420422464,18.45177897088047,229.0585174560547,310.60240173339844,334.83734130859375,405.2609558105469,328.39217904626355,-583958.9208774329,-147574.0859293755,0.3836674498436455,0.2735437050768147,4.30412270058507e-06,0.064085156010761,0.1635998878200407,0.3389871846692861,0.5544197586096726,0.7610571553078871,0.8875407059872826,2.4930483492595634,-11.611992428244815,9.337933346305201,-23.864851082310548,-9.396334397797109,-2.3716545307422288,0.6948413088336445,0.9747371524024762,0.9998624349022305,1.0,0.025262847597523827,0.0001375650977694802,0.0,2571,14,0,1.1923650423750916,0.020727306604385376,,1.6648335652761794,0.39351593068753493,0.00027948574622694243,,,,310.9980773925781,18.451778411865234,8.523479599309082,0.05677993595600128,0.5079080051599842,0.3784013347243403,,,1.788356277114434,,238.53333333333333,382.37535950366305,1.0,1408.0,random,,,,,,,,,,,,,,snr_histograms.csv,calibration_bins.csv,287.66612854003904,298.42252349853516,323.1485366821289,342.0024810791016,-107.32230511063676,-15.724339970927431,-5.123226011922759,-1.0362343892687373,7.934614022650307,26.43598961830139,36.799217987060544,151.91205310821533,901.8652233019436,959.942509954626,148.95357963394022,149.1699347020149,324.37938153888814,1046.2966946506174,1077.57911733158,148.95357963394022,149.1699347020149,324.37938153888814,1046.2966946506174,1077.57911733158,0.9697525627760433,1.4290447238720518,2.543953838947839,0.015484078854566824,0.9558298337746189,0.9574132146882467,0.9859546170785433,0.9934554598368707,0.9934608651683271,26.43598961830139,36.799217987060544,151.91205310821533,901.8652233019436,959.942509954626,148.95357963394022,149.1699347020149,324.37938153888814,1046.2966946506174,1077.57911733158,product,0.9901671725893055,
bayesfl_observability_v1,vi_lr0p002_b32_e2,25,vi,mnist,mlp,0,0,0.1,0.5,300,24,0.05,15,2133,2133,2,32,0.05,42,1,5,5,9.740146644413471,4.258877504616976,0.012363821268081665,5.4806821793317795,0,15,13,0.5041,1.5593292751312255,627.3189836769766,0.5041,0.4959,1.5593292751312255,1.5593292751312255,0.6706069721221923,0.1592223010405898,0.3665937881806445,0.34492947669029234,1.8833457628250123,10000,5,1.8833457628250123,1.569473118019104,0.3138726448059084,1.569473118019104,0.3138726448059084,0.010253205619752407,0.005123524522423256,10,0.9079464464894927,0.8949946524064171,0.12642056569563553,0.6,0.74,0.8415775401069518,0.9322222222222223,1.0,1.0,1.0,0.435852572079652,0.599839892776363,0.30468540878001826,0.11250312127746069,0.5860031469903811,1.2095416069030762,,,0.599839892776363,,,,,,,,,,1.7213991200321301,0.659551059222319,0.969452443388238,2.6199378408118967,0.9777825313993463,310.8255764101654,277.0183565118384,,,535.5543965994849,370.09019295352294,535.5543965994849,370.09019295352294,310.8255764101654,277.0183565118384,535.5543965994849,370.09019295352294,,,,,,,,,0.05,1e-05,1,product,1.0,,,,,,,,,,,,,,,,,,,,,,,,1.0,,,1,101770,8.592108033799885,0.02191631108093362,0.01565499505615477,0.019406463019549847,0.04353438392281533,0.05708354810999344,0.0017210914326983978,0.05026575177907944,0.05490466058254242,0.05590750556439161,0.057048385962843895,0.05821698531508446,0.05930372439324856,0.05997695084661245,0.06621401757001877,307.72268966895206,18.526528460951965,228.0867919921875,307.26513671875,331.7275726318359,395.7816467285156,331.92220576293016,-582876.1097806654,-147032.68038083482,0.3842551291532893,0.27491472632906816,1.2200459442999858e-06,0.06389262534707044,0.16318517516379968,0.3402154683909723,0.5551005076805104,0.7638380794612799,0.8914783224647322,2.567188024737885,-11.63808097977758,9.426800770827734,-23.890985332417337,-9.364918889205766,-2.339973892704984,0.6940945268743245,0.9737447184828535,0.9998820870590547,1.0,0.026255281517146508,0.00011791294094526874,0.0,2672,12,0,1.0140922941222612,0.01415926031768322,,2.0410196291702882,0.27660571964369435,0.00046882325363338024,,,,307.72271728515625,18.52652931213379,8.592108033799885,0.05708354711532593,0.5770691873003845,0.43370495780223106,,,1.7228882366401232,,142.2,168.69151332140768,1.0,590.0,random,,,,,,,,,,,,,,snr_histograms.csv,calibration_bins.csv,284.33876342773436,295.05335998535156,319.9335479736328,338.84967651367185,-118.27246916915743,-15.746385966810665,-5.112567509631746,-0.9977842986170969,8.18915356443864,28.622192859649658,33.17176034450531,174.86170482635498,732.4986356720557,846.3471376205746,147.1292315409421,147.30248799925002,319.9163998565549,1052.2980757995515,1086.066815696546,147.1292315409421,147.30248799925002,319.9163998565549,1052.2980757995515,1086.066815696546,0.9700352248378706,1.4287332241155999,2.5777384130416436,0.014878800326392988,0.955957347312783,0.9572960161661831,0.9862401158813935,0.9935844202311584,0.9936000055849071,28.622192859649658,33.17176034450531,174.86170482635498,732.4986356720557,846.3471376205746,147.1292315409421,147.30248799925002,319.9163998565549,1052.2980757995515,1086.066815696546,product,0.9930110049439181,0.30468540878001826
bayesfl_observability_v1,vi_lr0p002_b32_e2,26,vi,mnist,mlp,0,0,0.1,0.5,300,24,0.05,15,1529,1529,2,32,0.05,42,1,5,5,9.08412430435419,3.712274879217148,0.010837934911251068,5.371306411921978,0,15,11,0.5528,1.4955750595092774,546.3970581139189,0.5528,0.44720000000000004,1.4955750595092774,1.4955750595092774,0.644767622089386,0.20562136887162927,0.36718661187082474,0.3472312491893768,1.8853447816848754,10000,5,1.8853447816848754,1.5658012252807618,0.3195435564041136,1.5658012252807618,0.3195435564041136,0.010352683632075787,0.005250113673075731,0,,,,,,,,,,,,,,,,,,,,,,,,,,,,,1.6144838977830094,0.6224730814717099,0.9698001853951979,2.6226314582620973,0.9806024651039758,254.24694737527108,242.53273589388868,,,466.1539537628718,336.72662997827683,466.1539537628718,336.72662997827683,254.24694737527108,242.53273589388868,466.1539537628718,336.72662997827683,,,,,,,,,0.05,1e-05,1,product,1.0,,,,,,,,,,,,,,,,,,,,,,,,1.0,,,1,101770,8.651947571174851,0.022056961600249416,0.01578078908362892,0.019437101669609547,0.0438828431069851,0.05735571270328503,0.001749100288319592,0.05062948912382126,0.05514078959822655,0.05616333708167076,0.05731813982129097,0.058506960049271584,0.059615429118275644,0.060312640853226185,0.06689158082008362,304.8282887507811,18.562543859169395,223.48948669433594,304.3797912597656,328.8925476074219,390.115234375,335.10185787482817,-581910.098434733,-146549.67470772998,0.38489995915807473,0.27584041698315775,1.2729958701828625e-05,0.06423579157970534,0.16396224684488553,0.33894510606803196,0.5553217814687952,0.7659210531715321,0.8953039748059073,2.48692121131252,-11.607409809654486,9.36166894415994,-23.844458398049433,-9.397412647249634,-2.316319854274257,0.6936032229537191,0.9731158494644787,0.9998722609806426,1.0,0.026884150535521272,0.00012773901935737446,0.0,2736,13,0,1.0261233683441915,0.0147215835750103,,1.92260868415081,0.2589928057553957,0.002616088947024199,,,,304.8282775878906,18.562543869018555,8.651947571174851,0.05735570564866066,0.7968083202428977,0.48573264212641387,,,1.4924265974972484,,101.93333333333334,124.58917377614407,2.0,396.0,random,,,,,,,,,,,,,,snr_histograms.csv,calibration_bins.csv,281.3731658935547,292.13590240478516,317.0255126953125,336.10353393554686,-97.90345942307954,-15.705122779793367,-5.1091058359165515,-0.9605897552402567,7.913240530217419,30.07047212123871,35.526539993286136,173.39251279830933,624.8977917909622,781.7566537857056,145.68462094256998,145.75240690503404,316.8661338922379,976.687614665305,1077.2726506261363,145.68462094256998,145.75240690503404,316.8661338922379,976.687614665305,1077.2726506261363,0.9699529028162429,1.429276659624458,2.4958439030329225,0.013577364360700832,0.9563653248560054,0.9602194219270144,0.9864416911464493,0.9936908671702124,0.993694249948564,30.07047212123871,35.526539993286136,173.39251279830933,624.8977917909622,781.7566537857056,145.68462094256998,145.75240690503404,316.8661338922379,976.687614665305,1077.2726506261363,product,0.9929420902679764,
bayesfl_observability_v1,vi_lr0p002_b32_e2,27,vi,mnist,mlp,0,0,0.1,0.5,300,24,0.05,15,2319,2319,2,32,0.05,42,1,5,5,9.561448730528355,4.191201437264681,0.010985735803842545,5.369672317057848,0,15,10,0.546,1.4911171802520753,731.4585297685665,0.546,0.45399999999999996,1.4911171802520753,1.4911171802520753,0.6392759900093079,0.17775083375573159,0.3545721593830321,0.3682491648674011,1.8348468118667602,10000,5,1.8348468118667602,1.5143658123016357,0.32048099956512455,1.5143658123016357,0.32048099956512455,0.010688509675860405,0.0053882583282828305,0,,,,,,,,,,,,,,,,,,,,,,,,,,,,,1.5452280622477488,0.7314748185810693,0.9696202227671058,2.6354278942070595,0.981462914245613,276.14574283144213,323.95531920937293,,,452.68579554562535,401.7801980698596,452.68579554562535,401.7801980698596,276.14574283144213,323.95531920937293,452.68579554562535,401.7801980698596,,,,,,,,,0.05,1e-05,1,product,1.0,,,,,,,,,,,,,,,,,,,,,,,,1.0,,,1,101770,8.739210656110798,0.02225601868432212,0.015972620579273383,0.019567287527024746,0.04434937722980977,0.05770269979343845,0.0017996651021874683,0.050961125642061234,0.05542086698114872,0.05647830944508314,0.05766236037015915,0.05889210570603609,0.06001985147595405,0.06073580048978328,0.06759481877088547,301.2117762350176,18.760704177672423,218.86341857910156,300.75660705566406,325.5767303466797,385.0542907714844,339.1831632267104,-580686.7880869249,-145938.01953365272,0.38606592834412945,0.2775749921933973,6.630876793507124e-07,0.06442088241865705,0.1640925377132593,0.33896506388846004,0.5587360520317128,0.7697715837440373,0.899751130180022,2.4652362009270417,-11.595502419928945,9.392419570065345,-23.81946661619139,-9.396901218353294,-2.2727625077251714,0.6931020929547018,0.972300284956274,0.9998231305885821,1.0,0.02769971504372605,0.00017686941141790313,0.0,2819,18,0,1.1701029407879597,0.017186323180794716,,1.606001937302282,0.33635187580853815,0.0008624407072013799,,,,301.2117919921875,18.760704040527344,8.739210656110798,0.05770270153880119,0.768171124858513,0.3095120995624228,,,1.5371670667386181,,154.6,227.49060053842516,2.0,780.0,random,,,,,,,,,,,,,,snr_histograms.csv,calibration_bins.csv,277.5940704345703,288.32735443115234,313.4993362426758,332.7073410034179,-123.56856773123309,-15.69822337018864,-5.055866104106844,-0.9175519866659171,7.837170730644225,17.606547713279724,29.95432026386261,52.064539432525635,764.1946282354991,900.1112094116211,144.2902174594011,144.37707158203744,145.07561768249394,1070.1315802584697,1076.0371384183443,144.2902174594011,144.37707158203744,145.07561768249394,1070.1315802584697,1076.0371384183443,0.9699639368558332,0.9722489807680832,2.6255980623900537,0.015970216644873973,0.9565753243589589,0.9571740271250831,0.9937455464887186,0.9937738803046049,0.993779611425787,17.606547713279724,29.95432026386261,52.064539432525635,764.1946282354991,900.1112094116211,144.2902174594011,144.37707158203744,145.07561768249394,1070.1315802584697,1076.0371384183443,product,0.9909965310514907,
bayesfl_observability_v1,vi_lr0p002_b32_e2,28,vi,mnist,mlp,0,0,0.1,0.5,300,24,0.05,15,1737,1737,2,32,0.05,42,1,5,5,9.59499378502369,4.113222170621157,0.009410049766302109,5.481265891343355,0,15,11,0.5011,1.4862122465133667,703.2342531400509,0.5011,0.4989,1.4862122465133667,1.4862122465133667,0.6545574964523315,0.11777493535727264,0.22639882499474107,0.38335165848731995,1.7888425704956055,10000,5,1.7888425704956055,1.4680931945800781,0.3207493759155273,1.4680931945800781,0.3207493759155273,0.011065429189801216,0.005512921462368671,0,,,,,,,,,,,,,,,,,,,,,,,,,,,,,1.437703387674136,0.5631366332224272,0.9691207030651323,2.6259448844458317,0.984976835044274,216.62058826930382,268.4198999766483,,,364.4822648647252,302.1593356644905,364.4822648647252,302.1593356644905,216.62058826930382,268.4198999766483,364.4822648647252,302.1593356644905,,,,,,,,,0.05,1e-05,1,product,1.0,,,,,,,,,,,,,,,,,,,,,,,,1.0,,,1,101770,8.851434411464998,0.022503970769319138,0.016230336453166242,0.019739550538361073,0.04499906823039055,0.05804540752032873,0.0018700951625081623,0.0506519116461277,0.055675480887293814,0.05676352418959141,0.05800183117389679,0.059276833198964596,0.06045595072209835,0.06119862031191588,0.06887028366327286,297.7234079067653,19.152252288885432,210.8318634033203,297.24639892578125,322.6057159423828,389.7699279785156,343.2464558762958,-579488.1164130401,-145338.68369654313,0.3880744287946311,0.2803682510829289,7.93717888817278e-06,0.06478845828194404,0.16394639415266896,0.33998997375839235,0.5603474279908129,0.7760799456077727,0.9095819721126702,2.474769473525384,-11.564757663378797,9.405749866778084,-23.770047089854305,-9.370677802122797,-2.2018707776875326,0.6915692247224133,0.9702073302544955,0.99981330451017,1.0,0.02979266974550457,0.00018669548983000884,0.0,3032,19,0,1.3854493792884697,0.018680462148040533,,1.033655111222508,0.7426597582037997,0.0011514104778353484,,,,297.7234191894531,19.152250289916992,8.851434411464998,0.0580454096198082,0.48785113326394947,0.45261824416006224,,,1.8236658061896949,,115.8,215.64792293612908,2.0,768.0,random,,,,,,,,,,,,,,snr_histograms.csv,calibration_bins.csv,273.6036437988281,284.5968017578125,310.3568115234375,329.95593719482423,-102.00667553473274,-15.705962615772544,-5.030852343410102,-0.8231631192764544,7.870695006496932,24.224364280700684,39.328111791610716,115.63047352433205,642.4289344114414,902.7104362845421,142.4320224268025,142.54850300360442,308.9513706878697,881.6010657851165,1061.7117143004223,142.4320224268025,142.54850300360442,308.9513706878697,881.6010657851165,1061.7117143004223,0.969470819692099,1.426298377198999,2.3841990495691694,0.011931599052192841,0.9575959471610223,0.9646618207749028,0.9869608155386308,0.9939011844896635,0.9939102563431125,24.224364280700684,39.328111791610716,115.63047352433205,642.4289344114414,902.7104362845421,142.4320224268025,142.54850300360442,308.9513706878697,881.6010657851165,1061.7117143004223,product,0.987674443112798,
bayesfl_observability_v1,vi_lr0p002_b32_e2,29,vi,mnist,mlp,0,0,0.1,0.5,300,24,0.05,15,2968,2968,2,32,0.05,42,1,5,5,10.296588227152824,4.92655697837472,0.010332725942134857,5.369521349668503,0,15,10,0.5325,1.4796390071868897,717.3126616242465,0.5325,0.4675,1.4796390071868897,1.4796390071868897,0.6411310671806335,0.15853100972771642,0.32951930600117085,0.37396898965835573,1.7810348041534423,10000,5,1.7810348041534423,1.4514577577590941,0.32957704639434815,1.4514577577590941,0.32957704639434815,0.011534996213018895,0.005654111825354849,0,,,,,,,,,,,,,,,,,,,,,,,,,,,,,1.7307239739864042,0.617238842554455,0.9705032700616948,2.637035589807227,0.9794060764448234,315.25939502817266,290.16200500094806,,,510.96952727907586,340.81569690977625,510.96952727907586,340.81569690977625,315.25939502817266,290.16200500094806,510.96952727907586,340.81569690977625,,,,,,,,,0.05,1e-05,1,product,1.0,,,,,,,,,,,,,,,,,,,,,,,,1.0,,,1,101770,8.940199123317067,0.02271133141425473,0.01641846431280928,0.019839963875710964,0.04549353532493115,0.05840365838029213,0.0019451616511334167,0.050760265439748764,0.055940935388207436,0.05707087554037571,0.058356065303087234,0.059677841141819954,0.060914278775453565,0.06168494559824466,0.06915853917598724,294.14480138979036,19.562025582724967,209.07801818847656,293.6486511230469,319.5512725830078,388.1076965332031,347.5212412150008,-578242.985402877,-144716.11819129018,0.38925063855276554,0.28190139653049445,2.706921294442825e-06,0.06409386988596832,0.16422925200657723,0.340236445121913,0.561015491394685,0.7805887171922333,0.9137180093444126,2.511243212118982,-11.554113584828489,9.428560601885001,-23.863670114281486,-9.364383358573297,-2.151554608166921,0.6894173135501621,0.9692148963348728,0.9998034784317579,1.0,0.030785103665127246,0.00019652156824211456,0.0,3133,20,0,1.2220042589496296,0.01858680695295334,,1.5461922590424162,0.4444070080862534,0.0006738544474393531,,,,294.1448059082031,19.56202507019043,8.940199123317067,0.058403655886650085,0.6237308009944379,0.44544546546639274,,,1.6634756354767644,,197.86666666666667,323.8305867099167,2.0,1305.0,random,,,,,,,,,,,,,,snr_histograms.csv,calibration_bins.csv,269.5018768310547,280.78491973876953,307.0230178833008,327.1072341918945,-111.3504842202313,-15.690989704454157,-5.0205029269465555,-0.7837563019506041,7.997775517234067,33.07040500640869,35.768010425567624,231.20044565200806,752.2457817035717,929.886836255469,141.1852862586265,141.2299100001937,455.8689955018737,1023.1640503854632,1054.7968635176985,141.1852862586265,141.2299100001937,455.8689955018737,1023.1640503854632,1054.7968635176985,0.970544592360496,1.7418766748327912,2.599648141498175,0.013257745357561478,0.9583883307331734,0.9594492028750142,0.981175102910945,0.9940422012559392,0.9940459538305318,33.07040500640869,35.768010425567624,231.20044565200806,752.2457817035717,929.886836255469,141.1852862586265,141.2299100001937,455.8689955018737,1023.1640503854632,1054.7968635176985,product,0.9906145082840351,
bayesfl_observability_v1,vi_lr0p002_b32_e2,30,vi,mnist,mlp,0,0,0.1,0.5,300,24,0.05,15,2279,2279,2,32,0.05,42,1,5,5,9.949787240475416,4.550224136561155,0.01102358102798462,5.399003826081753,0,15,13,0.5472,1.4242143190383911,608.1188587114607,0.5472,0.4528,1.4242143190383911,1.4242143190383911,0.6252092833518982,0.16573056830465796,0.31374905747083837,0.3814957429885864,1.7785918281555175,10000,5,1.7785918281555175,1.4486664005279541,0.3299254276275634,1.4486664005279541,0.3299254276275634,0.01137784633487463,0.0056631770243203775,13,0.9070713311266307,0.8579565595694627,0.2620789153265167,0.0,0.7075268817204301,0.9090909090909091,0.9523809523809523,1.0,1.0,1.0,0.44376861458702965,0.6486782971284686,0.5428503804126672,0.10931781360081264,0.37058697428022114,2.1019949913024902,,,0.6486782971284686,,,,,,,,,,1.7071058438194768,0.6150995173739476,0.9695081286403143,2.6427797772914703,0.9802808157125308,285.5117114419554,249.09421700900813,,,491.1869587304466,319.312618600665,491.1869587304466,319.312618600665,285.5117114419554,249.09421700900813,491.1869587304466,319.312618600665,,,,,,,,,0.05,1e-05,1,product,1.0,,,,,,,,,,,,,,,,,,,,,,,,1.0,,,1,101770,9.014048700678805,0.022896879158340197,0.016556932111441262,0.02002186793833971,0.04580098502337933,0.0587207621884985,0.00199290723679814,0.05125051364302635,0.05619610175490379,0.05734744854271412,0.058674389496445656,0.06003421638160944,0.06129530966281891,0.062071478739380834,0.06896859407424927,291.0136912125952,19.72542521766188,210.23123168945312,290.4710388183594,316.6559204101563,380.7181396484375,351.320175401785,-577145.1827343982,-144167.21685690078,0.3903301778718945,0.2827845814731043,3.615398400216613e-06,0.06530515337741823,0.1647123620911039,0.3412810686969921,0.5629129731314774,0.7810098546377557,0.9167664324436867,2.4487371343689315,-11.523400414688028,9.416601306519048,-23.701050924117936,-9.337756038695929,-2.1468697248075745,0.6891127051193868,0.9686646359437948,0.9997936523533458,1.0,0.03133536405620517,0.0002063476466542203,0.0,3189,21,0,1.0962319024651093,0.015947562642395496,,2.0129124065767754,0.36989907854322074,0.008336989907854322,,,,291.0137023925781,19.725425720214844,9.014048700678805,0.05872076377272606,0.5309393297421863,0.4184924551729275,,,1.7624019981653223,,151.93333333333334,210.5673183463083,1.0,843.0,random,,,,,,,,,,,,outputs/tune_vi_mnist_noniid_unbalanced/vi_lr0p002_b32_e2/posterior_snapshots/round_0030.pt,,snr_histograms.csv,calibration_bins.csv,266.161669921875,277.4612350463867,304.0687484741211,324.27986450195306,-108.83687436723017,-15.665476093513945,-4.991174845784484,-0.7548259370170823,7.7788433446351455,25.568268656730652,48.04308223724365,283.5034729242325,628.0892496705054,900.5273868066294,139.20792894441712,139.37083287230985,582.3999472974878,944.95047555751,1044.9038002180055,139.20792894441712,139.37083287230985,582.3999472974878,944.95047555751,1044.9038002180055,0.9699544327860556,1.979835639235409,2.5030217760330093,0.012425757892182657,0.9591241613179172,0.9630379189322269,0.9763520672831938,0.9941687456340509,0.9941733527058209,25.568268656730652,48.04308223724365,283.5034729242325,628.0892496705054,900.5273868066294,139.20792894441712,139.37083287230985,582.3999472974878,944.95047555751,1044.9038002180055,product,0.9925778051654137,0.5428503804126672
bayesfl_observability_v1,vi_lr0p002_b32_e2,31,vi,mnist,mlp,0,0,0.1,0.5,300,24,0.05,15,2899,2899,2,32,0.05,42,1,5,5,10.05432377755642,4.704597566276789,0.01001395657658577,5.349108915776014,0,15,11,0.5305,1.4290074697494506,624.970312390443,0.5305,0.46950000000000003,1.4290074697494506,1.4290074697494506,0.6357586179733277,0.14228142165094612,0.2867015600204468,0.3884155023574829,1.7523535871505738,10000,5,1.7523535871505738,1.4163636182785033,0.33598996887207044,1.4163636182785033,0.33598996887207044,0.011899527329206466,0.005816686231199496,0,,,,,,,,,,,,,,,,,,,,,,,,,,,,,1.959089346977485,0.5518381442198343,0.9705146262099162,2.6745938912846463,0.9756619344876295,364.51560220898745,254.77527195498155,,,611.7437489756882,306.5063186248874,611.7437489756882,306.5063186248874,364.51560220898745,254.77527195498155,611.7437489756882,306.5063186248874,,,,,,,,,0.05,1e-05,1,product,1.0,,,,,,,,,,,,,,,,,,,,,,,,1.0,,,1,101770,9.069654878234788,0.02302265595012122,0.016680442316862654,0.020091552287340164,0.04612212777137757,0.05904722759291314,0.0020294250109144218,0.05143267288804054,0.056480763107538225,0.057652042247354984,0.05899505317211151,0.06039084680378437,0.06167096793651581,0.06246733758598566,0.06960269063711166,287.82992219328,19.756753924963277,206.4181671142578,287.3219451904297,313.4720764160156,378.026123046875,355.24789299296395,-576019.6977972632,-143604.47438818082,0.3903169816971015,0.2833368782889621,2.688201529262336e-06,0.06514581366240521,0.16360672974975407,0.34061959943029285,0.5629635511147304,0.7813467991267163,0.9181495055934397,2.374685619002721,-11.538449924867466,9.455805254096909,-23.72226974630335,-9.354607322769382,-2.1431232533763613,0.6889063574727327,0.9680062886901838,0.9997838262749337,1.0,0.03199371130981625,0.00021617372506632602,0.0,3256,22,0,0.9793447626872643,0.014074401929974556,,1.7310017906290969,0.45463953087271475,0.0006898930665746809,,,,287.8299255371094,19.75675392150879,9.069654878234788,0.05904722586274147,0.6286437245559015,0.3175727427003014,,,1.681709414305316,,193.26666666666668,214.96215687624854,2.0,843.0,random,,,,,,,,,,,,,,snr_histograms.csv,calibration_bins.csv,262.92901000976565,274.1938705444336,300.86425018310547,321.2757629394531,-111.4107602925159,-15.723976724183458,-4.990394449792247,-0.7417319074238872,7.512122443687101,35.45100259780884,78.38265538215637,300.4232711791992,720.6345463640039,882.0245490250765,138.06173308228367,202.4265943886391,579.3227243788942,1026.7063469260625,1061.8585850998902,138.06173308228367,202.4265943886391,579.3227243788942,1026.7063469260625,1061.8585850998902,1.1534569931849983,1.984879210275362,2.6358546221689023,0.011772558466694599,0.9586809562320493,0.9598151500153687,0.9766418420564573,0.9916363378492123,0.9942632925633333,35.45100259780884,78.38265538215637,300.4232711791992,720.6345463640039,882.0245490250765,138.06173308228367,202.4265943886391,579.3227243788942,1026.7063469260625,1061.8585850998902,product,0.994153066008336,
bayesfl_observability_v1,vi_lr0p002_b32_e2,32,vi,mnist,mlp,0,0,0.1,0.5,300,24,0.05,15,3540,3540,2,32,0.05,42,1,5,5,10.510493252426386,5.194307077676058,0.013000760227441788,5.3156224973499775,0,15,12,0.5902,1.3381789043426513,754.2445606055154,0.5902,0.40980000000000005,1.3381789043426513,1.3381789043426513,0.5961581955909729,0.20270744655653838,0.33394970241430644,0.3875940200805664,1.769431947517395,10000,5,1.769431947517395,1.432139548110962,0.33729239940643296,1.432139548110962,0.33729239940643296,0.0116230504617095,0.005828821611834062,0,,,,,,,,,,,,,,,,,,,,,,,,,,,,,1.807392403476994,0.688938414874326,0.9687216790697932,2.653513046505157,0.9783428089984714,367.1763923868275,328.33130671348954,,,548.7529967143124,365.2288299252897,548.7529967143124,365.2288299252897,367.1763923868275,328.33130671348954,548.7529967143124,365.2288299252897,,,,,,,,,0.05,1e-05,1,product,1.0,,,,,,,,,,,,,,,,,,,,,,,,1.0,,,1,101770,9.14257216143781,0.023194358767725805,0.016833016959292048,0.020253093913197517,0.04652030505239964,0.05942831975074336,0.002078478321256398,0.0511515811085701,0.056802286952733996,0.0580068277195096,0.05937373265624046,0.060803793370723724,0.06211858727037907,0.06292300932109356,0.0696500614285469,284.1859035166961,19.85050598316426,206.13748168945312,283.6686096191406,309.9333801269531,382.1922607421875,359.863326163988,-574714.526642231,-142951.88881049014,0.39072155332318215,0.28411299497262965,1.695592068253682e-05,0.06472756536077584,0.16306486443466728,0.3407421360955367,0.5640824439122125,0.7842002691138729,0.923133720136669,2.428249112682488,-11.523745672792076,9.395920061959004,-23.778214639247768,-9.351483167093658,-2.1114602599948404,0.6891618355114474,0.9678588975140021,0.9997936523533458,1.0,0.03214110248599784,0.0002063476466542203,0.0,3271,21,0,1.0628573674251285,0.017469607293605804,,1.9256073388906951,0.2635593220338983,0.000847457627118644,,,,284.1859130859375,19.850505828857422,9.14257216143781,0.059428319334983826,0.6095504402779264,0.49397049738127646,,,1.6895445067209423,,236.0,299.06275818518986,1.0,933.0,random,,,,,,,,,,,,,,snr_histograms.csv,calibration_bins.csv,259.1533721923828,270.48218536376953,297.1951904296875,317.80746002197264,-95.41357196111461,-15.752792130429551,-4.973148334529549,-0.6947077047273186,7.7058647742104895,24.8181334733963,33.50913136005401,216.7352594534556,853.496353957653,871.697079984347,136.06126668036546,136.33245643768305,444.1534643176484,1009.8341498310635,1031.7678479721858,136.06126668036546,136.33245643768305,444.1534643176484,1009.8341498310635,1031.7678479721858,0.9698269279495372,1.7482510428970524,2.620571994846341,0.013987662542089798,0.9599192961736055,0.9607626106705511,0.9819118984931239,0.9943303627923396,0.994342162975664,24.8181334733963,33.50913136005401,216.7352594534556,853.496353957653,871.697079984347,136.06126668036546,136.33245643768305,444.1534643176484,1009.8341498310635,1031.7678479721858,product,0.9932202773571776,
bayesfl_observability_v1,vi_lr0p002_b32_e2,33,vi,mnist,mlp,0,0,0.1,0.5,300,24,0.05,15,4000,4000,2,32,0.05,42,1,5,5,11.205778662115335,5.812821935862303,0.012140676379203796,5.39214650914073,0,15,12,0.5948,1.329953939628601,698.8806649417244,0.5948,0.4052,1.329953939628601,1.329953939628601,0.5918934893608093,0.19901195977926256,0.32848648457950713,0.3957880393028259,1.7418866104125976,10000,5,1.7418866104125976,1.3930549602508544,0.3488316501617432,1.3930549602508544,0.3488316501617432,0.012377553182840347,0.0061507853921855355,0,,,,,,,,,,,,,,,,,,,,,,,,,,,,,2.030680561509868,0.5405647308876553,0.9698827902792313,2.6510658152191167,0.9747887445060002,404.12066820746026,264.3401893855274,,,638.6346714461781,290.40643870554663,638.6346714461781,290.40643870554663,404.12066820746026,264.3401893855274,638.6346714461781,290.40643870554663,,,,,,,,,0.05,1e-05,1,product,1.0,,,,,,,,,,,,,,,,,,,,,,,,1.0,,,1,101770,9.206559523161033,0.023341176883649884,0.016972186719250323,0.020332569256424904,0.04680967070162298,0.05979856022637181,0.002132398727631544,0.05145728588104248,0.05709050297737121,0.05834250617772341,0.05974257178604603,0.06120667979121208,0.06255555152893066,0.06338458992540837,0.07050198316574097,280.7184385350848,19.994874333562247,201.18580627441406,280.1768035888672,306.8119232177734,377.6645812988281,364.37882737324287,-573455.3173775394,-142322.28417797814,0.39078821583951845,0.2847611281774763,3.02969109763761e-08,0.06486249799415642,0.16284650733296824,0.34013017120107175,0.5633744206555359,0.783969203363868,0.9238379245055665,2.4433893959311894,-11.549317616086332,9.484514151015734,-23.76012659454406,-9.367096846996944,-2.1140199472374994,0.6883462710032426,0.967004028692149,0.9997543480396973,1.0,0.032995971307851035,0.00024565196030264323,0.0,3358,25,0,1.0431434109759736,0.01879741996526718,,2.0487814315002844,0.31375,0.0165,,,,280.7184753417969,19.994873046875,9.206559523161033,0.05979856103658676,0.8300186825157885,0.34181155257993445,,,1.474522694256811,,266.6666666666667,339.4981917804897,3.0,1255.0,random,,,,,,,,,,,,,,snr_histograms.csv,calibration_bins.csv,255.54551696777344,266.9330520629883,293.78515625,314.5868606567383,-150.37174629642846,-15.764431032361307,-4.984057510860658,-0.6880842730304939,7.759853695002285,32.335036277770996,80.02860183715822,371.68424243927,795.9923446825571,897.4058632016182,134.65871722646713,197.55005102081216,674.4925700654388,983.369419856121,1015.5221374469157,134.65871722646713,197.55005102081216,674.4925700654388,983.369419856121,1015.5221374469157,1.1531235959958612,2.166169302030338,2.5999246416359725,0.01108872238011291,0.9605237431951367,0.9618416276993224,0.9729792760946905,0.9918735835482614,0.9944153167841284,32.335036277770996,80.02860183715822,371.68424243927,795.9923446825571,897.4058632016182,134.65871722646713,197.55005102081216,674.4925700654388,983.369419856121,1015.5221374469157,product,0.9935604565837964,
bayesfl_observability_v1,vi_lr0p002_b32_e2,34,vi,mnist,mlp,0,0,0.1,0.5,300,24,0.05,15,5847,5847,2,32,0.05,42,1,5,5,12.826438941061497,7.439700931310654,0.011693969368934631,5.386193115264177,0,15,14,0.6134,1.2896422842025757,789.9549319621243,0.6134,0.38660000000000005,1.2896422842025757,1.2896422842025757,0.5710499338626862,0.2048169310390949,0.3498181811304336,0.4085830691337585,1.7052146286010743,10000,5,1.7052146286010743,1.3603436557769775,0.34487097282409684,1.3603436557769775,0.34487097282409684,0.012309739865362644,0.006356751023249858,0,,,,,,,,,,,,,,,,,,,,,,,,,,,,,2.0034539270703635,0.6206770141050426,0.9702570747628749,2.6586784502990635,0.9752734154336455,454.09745737503033,320.15068942228834,,,631.9985255975997,325.9105983578317,631.9985255975997,325.9105983578317,454.09745737503033,320.15068942228834,631.9985255975997,325.9105983578317,,,,,,,,,0.05,1e-05,1,product,1.0,,,,,,,,,,,,,,,,,,,,,,,,1.0,,,1,101770,9.265996854919434,0.023472623068539793,0.017108192844214352,0.020447375252842903,0.04719230681657792,0.06020886524808926,0.0021851682999278386,0.05113500729203224,0.05744045227766037,0.058717167004942894,0.06015022099018097,0.06164824776351452,0.06303501427173615,0.06388887763023376,0.07130493223667145,276.9434101701099,20.08167409339533,196.6802978515625,276.3920440673828,303.08489990234375,382.4400329589844,369.41313337064,-572068.1474661587,-141628.699222107,0.3903229121619165,0.2850954180987596,2.1480744098011378e-06,0.06360194159347023,0.16256338821211122,0.33945145894921736,0.5632213179499167,0.785977966899498,0.9255278382881446,2.5289173966682075,-11.596683132292297,9.564309428568588,-23.93059252696961,-9.384446408144914,-2.09179256563304,0.6882774884543579,0.9671514198683305,0.9997445219612853,1.0,0.03284858013166945,0.0002554780387147489,0.0,3343,26,0,0.9839249721654783,0.017283514142036438,,2.063906659986758,0.22319138019497178,0.0003420557550880794,,,,276.9433898925781,20.081674575805664,9.265996854919434,0.060208868235349655,0.8639964243735894,0.3896295533885058,,,1.442461285667065,,389.8,450.58527864693195,2.0,1305.0,random,,,,,,,,,,,,,,snr_histograms.csv,calibration_bins.csv,251.67279968261718,263.12281799316406,290.0479736328125,311.0634674072265,-113.35900952941564,-15.779545151243596,-4.986418309832371,-0.6722102958782039,8.058692879836835,27.191080808639526,63.00233373641968,410.3531454404195,890.2537053305763,901.4969263018631,133.15258730247754,133.49958822224846,756.2043368129947,967.6340937512849,1009.4586409140915,133.15258730247754,133.49958822224846,756.2043368129947,967.6340937512849,1009.4586409140915,0.9716354490537262,2.3070044399428307,2.5943927047606197,0.012386196008305175,0.9606833870640937,0.9625279716445595,0.9700619226772018,0.9944786201293949,0.9945012683122463,27.191080808639526,63.00233373641968,410.3531454404195,890.2537053305763,901.4969263018631,133.15258730247754,133.49958822224846,756.2043368129947,967.6340937512849,1009.4586409140915,product,0.9943465085228922,
bayesfl_observability_v1,vi_lr0p002_b32_e2,35,vi,mnist,mlp,0,0,0.1,0.5,300,24,0.05,15,1905,1905,2,32,0.05,42,1,5,5,9.63774200156331,4.073117010295391,0.0097198486328125,5.564080126583576,0,15,11,0.5768,1.3267749639511108,628.3379699940258,0.5768,0.4232,1.3267749639511108,1.3267749639511108,0.5942701189041137,0.16089490613788365,0.28968838453292844,0.4159050938129425,1.676259341621399,10000,5,1.676259341621399,1.3237323583602905,0.35252698326110843,1.3237323583602905,0.35252698326110843,0.013012057171761989,0.006524451272590484,11,0.9283132767185857,0.9713096877869606,0.04163649326646992,0.898989898989899,0.9,0.9427083333333333,1.0,1.0,1.0,1.0,0.3787838541990405,0.46795850122039834,0.30340530720014297,0.19867407083511351,0.32344844688971836,1.2653355598449707,,,0.46795850122039834,,,,,,,,,,1.503969257295889,0.6036921135012532,0.9689594657474514,2.659495194107092,0.9852835832858534,211.7657976410176,250.79659494728642,,,369.3538839340709,309.8044882269841,369.3538839340709,309.8044882269841,211.7657976410176,250.79659494728642,369.3538839340709,309.8044882269841,,,,,,,,,0.05,1e-05,1,product,1.0,,,,,,,,,,,,,,,,,,,,,,,,1.0,,,1,101770,9.373416303256382,0.02371547603228691,0.01734660241916408,0.02059015166014433,0.04783142879605295,0.06055632706365874,0.0022540767470734533,0.05119205266237259,0.05770463421940804,0.05901249684393406,0.0604988019913435,0.06204088032245636,0.06346767991781235,0.06435284912586212,0.07189316302537918,273.83026203861334,20.36340667966658,193.4749755859375,273.21620178222656,300.3161193847656,381.58819580078125,373.7146657509284,-570903.8382870913,-141046.5446324242,0.39211879895523905,0.2874656208750453,5.424582174804785e-07,0.06409992423061667,0.16233641817145775,0.3399919897021938,0.5670391151853373,0.7902291515367239,0.9327775435690352,2.460113169113263,-11.558649344914212,9.541158843141925,-23.862849677754305,-9.370626300387904,-2.044939064888946,0.686892011398251,0.9654318561462121,0.9997248698044611,1.0,0.03456814385378795,0.0002751301955389604,0.0,3518,28,0,1.3475539962289127,0.01936965435743332,,1.551408463250592,0.5039370078740157,0.0005249343832020997,,,,273.8302307128906,20.363405227661133,9.373416303256382,0.0605563260614872,0.5405216804037178,0.4950737882318212,,,1.7502909117125816,,127.0,226.99809103455766,1.0,896.0,random,,,,,,,,,,,,,,snr_histograms.csv,calibration_bins.csv,248.25314331054688,259.802978515625,287.15211486816406,308.38535003662105,-125.31265813719996,-15.791680825545505,-4.927739638519976,-0.6044383639852036,7.819101715981155,24.341716766357422,37.58019371032715,120.04092144966125,616.2843087055467,856.1634319680078,131.02485757148148,131.35801359022628,286.0492602437799,950.5177703916598,995.1728077913685,131.02485757148148,131.35801359022628,286.0492602437799,950.5177703916598,995.1728077913685,0.9703016334500608,1.4305307363686297,2.589905469194744,0.011870032578662567,0.9611596859887074,0.9631991768211586,0.9882956149073293,0.9945641711997685,0.9945705112166855,24.341716766357422,37.58019371032715,120.04092144966125,616.2843087055467,856.1634319680078,131.02485757148148,131.35801359022628,286.0492602437799,950.5177703916598,995.1728077913685,product,0.9896126725336063,0.30340530720014297
bayesfl_observability_v1,vi_lr0p002_b32_e2,36,vi,mnist,mlp,0,0,0.1,0.5,300,24,0.05,15,1527,1527,2,32,0.05,42,1,5,5,9.25182992964983,3.6852000281214714,0.008436456322669983,5.566122464835644,0,15,11,0.6456,1.2269424377441407,471.39000970769087,0.6456,0.35440000000000005,1.2269424377441407,1.2269424377441407,0.5517395337581634,0.2355517925262451,0.36012657821258875,0.41004820671081543,1.6990931455612182,10000,5,1.6990931455612182,1.3427904695510864,0.35630267601013177,1.3427904695510864,0.35630267601013177,0.012808330315351486,0.006474032133906214,0,,,,,,,,,,,,,,,,,,,,,,,,,,,,,1.620119877704463,0.6673307634616101,0.9679505812671565,2.6863256647847917,0.9832191555962329,233.28275856516737,212.81556229809607,,,425.71835588645746,320.66638197739013,425.71835588645746,320.66638197739013,233.28275856516737,212.81556229809607,425.71835588645746,320.66638197739013,,,,,,,,,0.05,1e-05,1,product,1.0,,,,,,,,,,,,,,,,,,,,,,,,1.0,,,1,101770,9.430298233621627,0.0238588237048347,0.017452645675969606,0.02068925928324461,0.04801789000630382,0.06083675920132354,0.0022789257894921698,0.051470208913087845,0.05795437805354595,0.05927482433617115,0.06078418157994747,0.06233104318380356,0.06378553882241249,0.06466158367693424,0.07255922257900238,271.3259143092795,20.30533269350533,189.93927001953125,270.65675354003906,297.7333526611328,377.4749450683594,377.19063673537045,-569965.2284825677,-140577.23973004232,0.392682651012141,0.2879327902914818,2.272629918118958e-06,0.06401667217813616,0.16200587191854077,0.34010623514381744,0.5664639112643,0.7899564334235049,0.9343582285116722,2.4191946265506554,-11.519019175395872,9.464176390068545,-23.87413811713021,-9.367708124342991,-2.047937193970307,0.6855360125773804,0.965146899872261,0.9997150437260489,1.0,0.03485310012773902,0.00028495627395106615,0.0,3547,29,0,0.9870871585020465,0.014050140976905823,,1.902657910508341,0.2632612966601179,0.0006548788474132286,,,,271.3258972167969,20.30533218383789,9.430298233621627,0.060836754739284515,0.7202072632654765,0.4816585764607703,,,1.5844854901055654,,101.8,115.71701113780405,1.0,396.0,random,,,,,,,,,,,,,,snr_histograms.csv,calibration_bins.csv,245.78509521484375,257.3897171020508,284.6160888671875,305.76327362060545,-112.8694217847474,-15.809384882568063,-4.936555065970637,-0.5897317122447869,7.673416183585308,24.813526809215546,35.549359965324406,115.25739812850952,535.4533003779819,692.776793883397,129.2593581132283,129.81396234275945,282.1196203584396,900.8371419755971,1006.311862846348,129.2593581132283,129.81396234275945,282.1196203584396,900.8371419755971,1006.311862846348,0.9700423181304394,1.429170688145872,2.544461876589711,0.012324299258109402,0.9614057679910054,0.9650871361399491,0.9885899888356978,0.9946903441760265,0.9947115926304632,24.813526809215546,35.549359965324406,115.25739812850952,535.4533003779819,692.776793883397,129.2593581132283,129.81396234275945,282.1196203584396,900.8371419755971,1006.311862846348,product,0.9945069558864766,
bayesfl_observability_v1,vi_lr0p002_b32_e2,37,vi,mnist,mlp,0,0,0.1,0.5,300,24,0.05,15,5135,5135,2,32,0.05,42,1,5,5,12.016024891287088,6.704984571784735,0.011975690722465515,5.310362778604031,0,15,11,0.6513,1.2093665422439575,742.6140809535964,0.6513,0.3487,1.2093665422439575,1.2093665422439575,0.5493449598312378,0.23790707522928714,0.34824700614948967,0.41339292373657227,1.680583094406128,10000,5,1.680583094406128,1.3189331022262574,0.3616499921798706,1.3189331022262574,0.3616499921798706,0.013231823806464671,0.006504635904268547,0,,,,,,,,,,,,,,,,,,,,,,,,,,,,,2.056109958602803,0.7151551404031632,0.9692195208114219,2.682276284354573,0.9746869275578031,458.84311165606454,315.5238858642565,,,656.8563679840951,358.3934457428931,656.8563679840951,358.3934457428931,458.84311165606454,315.5238858642565,656.8563679840951,358.3934457428931,,,,,,,,,0.05,1e-05,1,product,1.0,,,,,,,,,,,,,,,,,,,,,,,,1.0,,,1,101770,9.485266741256147,0.02397811286043492,0.017581387326458954,0.020772664807736874,0.04842914119362833,0.06123614546936124,0.0023201880697862514,0.05136427655816078,0.05830169729888439,0.059649208560585976,0.06118432618677616,0.0627565085887909,0.06424252465367317,0.06512945778667927,0.07269725203514099,267.82427054427046,20.275703104873184,189.2186737060547,267.1281433105469,294.1965606689453,379.0335388183594,382.1716688111794,-568636.6719470186,-139912.9614621,0.39209860417635084,0.28824058041176864,1.0476950675317386e-05,0.06473913862378071,0.16111104099441306,0.33915710889344197,0.5648988576022607,0.7916723492161618,0.9347126388773745,2.4918437491954286,-11.541801217490434,9.46841278240803,-23.776661666655844,-9.391981512092872,-2.029090469755314,0.686616881202712,0.9650388130097278,0.9997248698044611,1.0,0.03496118699027218,0.0002751301955389604,0.0,3558,28,0,0.937229017529308,0.014278540387749672,,1.9113160388441834,0.30496592015579355,0.00019474196689386563,,,,267.8242492675781,20.27570343017578,9.485266741256147,0.061236150562763214,0.5337783778462808,0.41228793995116736,,,1.768087546493781,,342.3333333333333,342.12661723727695,1.0,1143.0,random,,,,,,,,,,,,,,snr_histograms.csv,calibration_bins.csv,242.3007583618164,253.91155624389648,281.05455017089844,302.3273513793945,-99.59530118514435,-15.857493925983208,-4.96058607107782,-0.5864377067612272,7.930416129010048,28.743163466453552,35.67675909996033,459.1403292417526,841.9472322874599,864.4679545727041,128.4355839656322,128.67215920317915,814.2998273424591,977.8925698536316,994.176132696489,128.4355839656322,128.67215920317915,814.2998273424591,977.8925698536316,994.176132696489,0.9702131776798449,2.43358458968979,2.656793448863729,0.013550826037168867,0.9618996797701325,0.9625678298973057,0.968369812490478,0.9947490118198068,0.9947612451001243,28.743163466453552,35.67675909996033,459.1403292417526,841.9472322874599,864.4679545727041,128.4355839656322,128.67215920317915,814.2998273424591,977.8925698536316,994.176132696489,product,0.9951068333357225,
bayesfl_observability_v1,vi_lr0p002_b32_e2,38,vi,mnist,mlp,0,0,0.1,0.5,300,24,0.05,15,3690,3690,2,32,0.05,42,1,5,5,10.874454703181982,5.4887218326330185,0.011902227997779846,5.385225340723991,0,15,12,0.634,1.219034083557129,679.6093300315483,0.634,0.366,1.219034083557129,1.219034083557129,0.5561466497421265,0.2133460763022304,0.34447690986782076,0.42065392179489136,1.6566428621292115,10000,5,1.6566428621292115,1.2941343019485474,0.36250856018066413,1.2941343019485474,0.36250856018066413,0.013560688990354538,0.006693039040918077,0,,,,,,,,,,,,,,,,,,,,,,,,,,,,,1.9550586783427126,0.6155288549193163,0.9709924377936904,2.601590641625809,0.9776568030159783,372.65320140678506,279.20277441533364,,,573.1675161738863,309.6869459063436,573.1675161738863,309.6869459063436,372.65320140678506,279.20277441533364,573.1675161738863,309.6869459063436,,,,,,,,,0.05,1e-05,1,product,1.0,,,,,,,,,,,,,,,,,,,,,,,,1.0,,,1,101770,9.542214259581636,0.024119347552292135,0.017690657780759088,0.020888865925371647,0.04871427938342095,0.06161677231266326,0.0023615183902374374,0.05147069692611694,0.0586287934333086,0.05999565310776234,0.061559343710541725,0.06316915340721607,0.06467554047703743,0.06558616198599339,0.07338019460439682,264.55206386344634,20.26156819582338,185.71299743652344,263.8833770751953,290.9230194091797,377.4677734375,386.95023995062974,-567378.8268791974,-139284.03892803268,0.3919830381880698,0.2882443733310194,3.4015457017568723e-06,0.06426940648728922,0.16238341723457822,0.3386723660927291,0.5644745025514166,0.7912293412886445,0.9337032832030941,2.4342936390358627,-11.559977691547134,9.516357880468,-23.839914235078325,-9.404404762447605,-2.0339523231129144,0.6882381841407095,0.9642035963446989,0.9997248698044611,1.0,0.03579640365530117,0.0002751301955389604,0.0,3643,28,0,1.0175671039400667,0.013258548453450203,,1.9617904841805283,0.2669376693766938,0.004607046070460705,,,,264.55206298828125,20.26156997680664,9.542214259581636,0.061616770923137665,0.8865157449951204,0.3986216848550807,,,1.4297286539836371,,246.0,286.481180301022,1.0,843.0,random,,,,,,,,,,,,,,snr_histograms.csv,calibration_bins.csv,239.06712188720704,250.60508728027344,277.8180465698242,299.13949737548825,-109.36647123976242,-15.789166468810752,-4.967113409636018,-0.5958222832245755,7.727459284960703,24.04593861103058,49.92901659011841,284.6237799525261,828.5507028188705,835.2709872016201,127.24394370824571,127.40242561203726,535.5515236295777,926.3181108641212,934.6571260952278,127.24394370824571,127.40242561203726,535.5515236295777,926.3181108641212,934.6571260952278,0.9715883763923215,1.989183903013462,2.588206204815653,0.01171362962597825,0.9644130081676459,0.9647271970767722,0.9787175126626112,0.9947956434331962,0.9948012037769639,24.04593861103058,49.92901659011841,284.6237799525261,828.5507028188705,835.2709872016201,127.24394370824571,127.40242561203726,535.5515236295777,926.3181108641212,934.6571260952278,product,0.9942978969883112,
bayesfl_observability_v1,vi_lr0p002_b32_e2,39,vi,mnist,mlp,0,0,0.1,0.5,300,24,0.05,15,4371,4371,2,32,0.05,42,1,5,5,11.303845562040806,5.827386349439621,0.010488513857126236,5.47584130614996,0,15,11,0.6395,1.224385191631317,701.1407436057336,0.6395,0.36050000000000004,1.224385191631317,1.224385191631317,0.5553606275558471,0.2116781397938728,0.3043202553634291,0.4278218602180481,1.628594162750244,10000,5,1.628594162750244,1.2676276958465575,0.3609664669036865,1.2676276958465575,0.3609664669036865,0.013591776198148728,0.006938735461979605,0,,,,,,,,,,,,,,,,,,,,,,,,,,,,,1.9642599536287138,0.6900857309306677,0.9699170330249186,2.7004334237357877,0.9772858905440249,389.90838424989846,291.71569482692365,,,585.0532945982321,340.405628352469,585.0532945982321,340.405628352469,389.90838424989846,291.71569482692365,585.0532945982321,340.405628352469,,,,,,,,,0.05,1e-05,1,product,1.0,,,,,,,,,,,,,,,,,,,,,,,,1.0,,,1,101770,9.606203027322774,0.02426735162436668,0.017828002613681657,0.02100710477679968,0.04907492697238923,0.06201074313340527,0.0024162160653851254,0.05151956528425217,0.05895786322653294,0.06036059092730284,0.061954159289598465,0.06360160000622272,0.06514390334486961,0.06607410982251168,0.0736343115568161,261.2398216582661,20.342968983697098,184.43338012695312,260.5307922363281,287.6845367431641,376.7520446777344,391.9336079475157,-566086.5735328572,-138637.91225470393,0.3919151702439179,0.2886882230035826,1.5209635969555959e-06,0.06437609567824366,0.16237689044803283,0.3389035875816048,0.5646086363250111,0.7919315682930508,0.9370940974233949,2.5054243254173016,-11.564854123588827,9.533936507485446,-23.82550733659212,-9.398476675902122,-2.02624689438921,0.6884347057089516,0.9640955094821657,0.9997248698044611,1.0,0.035904490517834335,0.0002751301955389604,0.0,3654,28,0,1.065511773482141,0.017892055213451385,,1.999813122562566,0.32212308396247996,0.001601464195836193,,,,261.23980712890625,20.34296989440918,9.606203027322774,0.0620107464492321,0.6750037364384422,0.3335959710859507,,,1.6397994389246575,,291.4,365.60503278811683,7.0,1408.0,random,,,,,,,,,,,,,,snr_histograms.csv,calibration_bins.csv,235.64185943603516,247.20880126953125,274.4688262939453,295.9522796630859,-116.35761789547874,-15.789515598863204,-4.965049677708786,-0.5643359533429326,7.977625794337184,34.03355932235718,41.15329661369324,388.1269091765086,792.8469155736403,864.3350520079786,125.44408855995277,125.60067395877549,724.2155475215385,962.7052205289771,985.5652297819544,125.44408855995277,125.60067395877549,724.2155475215385,962.7052205289771,985.5652297819544,0.9705687289364283,2.325221926852613,2.6614355968469345,0.012892583390149131,0.9623149421867108,0.9632024681566984,0.9716079720555056,0.9948662241479519,0.9948757372974416,34.03355932235718,41.15329661369324,388.1269091765086,792.8469155736403,864.3350520079786,125.44408855995277,125.60067395877549,724.2155475215385,962.7052205289771,985.5652297819544,product,0.9938295554722194,
bayesfl_observability_v1,vi_lr0p002_b32_e2,40,vi,mnist,mlp,0,0,0.1,0.5,300,24,0.05,15,2913,2913,2,32,0.05,42,1,5,5,10.287387743592262,4.737794317305088,0.010564606636762619,5.548930991441011,0,15,11,0.6514,1.1737518738746644,642.3723409942077,0.6514,0.3486,1.1737518738746644,1.1737518738746644,0.5223769248008728,0.1948913560956716,0.3157690008111457,0.4565086434364319,1.5778744060516356,10000,5,1.5778744060516356,1.2192720182418824,0.3586023878097533,1.2192720182418824,0.3586023878097533,0.013310182881355286,0.0072055838614505565,12,0.934166317694607,0.9542716670006416,0.05398333802880309,0.85,0.8791327913279133,0.9070048309178743,0.9844489519945909,1.0,1.0,1.0,0.30326367962509626,0.4829434085526736,0.25456072398104673,0.09504724096977847,0.44924322925328053,0.9635442495346069,,,0.4829434085526736,,,,,,,,,,1.7295708383147606,0.8170132952026977,0.9701011022675108,2.7011469780042785,0.9811064064717583,309.2292372799601,295.54152311758384,,,486.588778782363,393.2724764945635,486.588778782363,393.2724764945635,309.2292372799601,295.54152311758384,486.588778782363,393.2724764945635,,,,,,,,,0.05,1e-05,1,product,1.0,,,,,,,,,,,,,,,,,,,,,,,,1.0,,,1,101770,9.66872600396565,0.024411852114709892,0.017962326417897762,0.021107535809278488,0.049389316886663454,0.062381468245215475,0.0024556648160397824,0.05191030353307724,0.0592706099152565,0.06070713698863983,0.06231415458023548,0.06399952434003353,0.06556637361645698,0.06652438528835773,0.0740809366106987,258.16809915844533,20.308215023657837,182.21624755859375,257.52928161621094,284.65655517578125,371.10162353515625,396.64632284186433,-564876.5296746532,-138032.8903254548,0.39193883140342434,0.28921477015098307,5.183137915728787e-06,0.06413617470304289,0.16140616508309222,0.3389059681582707,0.5655307132184383,0.7931193838416637,0.9380391259030384,2.5719152680079156,-11.564081927414723,9.506383111948368,-23.85793895119417,-9.398415663178858,-2.0132287166604073,0.6882185319838853,0.9640463790901052,0.9997052176476369,1.0,0.03595362090989486,0.00029478235236317184,0.0,3659,30,0,1.061144661677153,0.016232240945100784,,1.6635287128377279,0.27154136628904907,0.0006865774116031583,,,,258.1680908203125,20.308216094970703,9.66872600396565,0.06238146871328354,0.7919162451374093,0.39571056895963647,,,1.5105031379815743,,194.2,230.52756885023533,2.0,791.0,random,,,,,,,,,,,,outputs/tune_vi_mnist_noniid_unbalanced/vi_lr0p002_b32_e2/posterior_snapshots/round_0040.pt,,snr_histograms.csv,calibration_bins.csv,232.6149688720703,244.14424896240234,271.34417724609375,292.7634994506836,-105.70814302550154,-15.841597619471894,-4.950876083188307,-0.55558093370137,8.20513313230396,28.03782093524933,30.30969202518463,98.09959173202515,693.6804424476624,799.2299790000916,123.90481258749024,123.95129463147693,124.35979884433586,970.7545711181994,972.7061040124586,123.90481258749024,123.95129463147693,124.35979884433586,970.7545711181994,972.7061040124586,0.9702076574611221,0.9718467276084181,2.7006950190970045,0.014976929714744033,0.9625930339932711,0.9627192597765905,0.9949171564511328,0.9949387995787418,0.9949425421631506,28.03782093524933,30.30969202518463,98.09959173202515,693.6804424476624,799.2299790000916,123.90481258749024,123.95129463147693,124.35979884433586,970.7545711181994,972.7061040124586,product,0.9939592918225525,0.25456072398104673
bayesfl_observability_v1,vi_lr0p002_b32_e2,41,vi,mnist,mlp,0,0,0.1,0.5,300,24,0.05,15,2399,2399,2,32,0.05,42,1,5,5,9.969050295650959,4.541358809918165,0.010970912873744965,5.427080117166042,0,15,11,0.6212,1.1956572108268737,523.5922674410335,0.6212,0.3788,1.1956572108268737,1.1956572108268737,0.5339658092498779,0.147630184738338,0.25639317949096874,0.4735698124885559,1.5354156063079833,10000,5,1.5354156063079833,1.1792742282867432,0.35614137802124013,1.1792742282867432,0.35614137802124013,0.013334208455681801,0.007367721644239755,0,,,,,,,,,,,,,,,,,,,,,,,,,,,,,1.848829161444471,0.6470784174659873,0.970375181752189,2.6863855989714973,0.9803264929567841,292.5253463555219,229.4079796291777,,,502.78552150517703,311.8175472279673,502.78552150517703,311.8175472279673,292.5253463555219,229.4079796291777,502.78552150517703,311.8175472279673,,,,,,,,,0.05,1e-05,1,product,1.0,,,,,,,,,,,,,,,,,,,,,,,,1.0,,,1,101770,9.723323354138355,0.024535429079939237,0.0180831363072088,0.021223261021077633,0.049599824100732805,0.0627044704572791,0.0024856962614475285,0.05225431174039841,0.05956571884453297,0.06100354250520468,0.06264305859804153,0.06434275023639202,0.06593377441167832,0.06689519397914409,0.07433643192052841,255.5320586910812,20.245606756021804,180.9658203125,254.8320770263672,281.8429901123047,366.2315368652344,400.7732419863768,-563827.5753684561,-137508.4131722299,0.3918952424448075,0.289668426583498,1.696696088485218e-06,0.06374180624352159,0.16149118055622771,0.33865911452550285,0.5640548123903206,0.79132729054943,0.9373708211106391,2.586405328473409,-11.580101422405484,9.539151370903982,-23.911512682724553,-9.404744629755045,-2.0328771296260855,0.688562444728309,0.9639972486980446,0.9996953915692247,1.0,0.03600275130195539,0.0003046084307752776,0.0,3664,31,0,0.9697251475530109,0.01401326060295105,,2.084204813423106,0.25302209253855773,0.007503126302626094,,,,255.53204345703125,20.245607376098633,9.723323354138355,0.06270447373390198,0.6332025989439212,0.3990465901253843,,,1.6794479130997464,,159.93333333333334,165.68905281346207,2.0,607.0,random,,,,,,,,,,,,,,snr_histograms.csv,calibration_bins.csv,230.02982025146486,241.54651641845703,268.7137451171875,290.04496612548826,-115.40791370805714,-15.837023812166521,-4.973573823077118,-0.5617713908607623,8.253931726631151,28.493255734443665,41.64667749404907,221.25690158208212,604.0032601785659,766.5076062930258,122.55361773824733,122.80103131687241,402.3136402457196,934.0538797102146,955.8917684300335,122.55361773824733,122.80103131687241,402.3136402457196,934.0538797102146,955.8917684300335,0.9714457862788143,1.756312568509373,2.666698579581685,0.011857142143619218,0.9635472474883999,0.964061984691654,0.9838814439498569,0.9949928929747526,0.9950007230634761,28.493255734443665,41.64667749404907,221.25690158208212,604.0032601785659,766.5076062930258,122.55361773824733,122.80103131687241,402.3136402457196,934.0538797102146,955.8917684300335,product,0.9950145486645005,
bayesfl_observability_v1,vi_lr0p002_b32_e2,42,vi,mnist,mlp,0,0,0.1,0.5,300,24,0.05,15,2168,2168,2,32,0.05,42,1,5,5,9.748919773846865,4.317551039159298,0.008745752274990082,5.4307682774960995,0,15,11,0.6487,1.1724086099624633,625.3850999730896,0.6487,0.35129999999999995,1.1724086099624633,1.1724086099624633,0.5175141897201538,0.1682423406660557,0.27566366106623275,0.48045765838623045,1.5181708053588867,10000,5,1.5181708053588867,1.16141231174469,0.35675849361419676,1.16141231174469,0.35675849361419676,0.013502108703553676,0.007488968777701018,0,,,,,,,,,,,,,,,,,,,,,,,,,,,,,1.577643000344697,0.5894574249318302,0.9708396759151904,2.680294712092622,0.9855073324022995,222.64964083742214,247.48259956916638,,,368.7432424674373,280.34871736394734,368.7432424674373,280.34871736394734,222.64964083742214,247.48259956916638,368.7432424674373,280.34871736394734,,,,,,,,,0.05,1e-05,1,product,1.0,,,,,,,,,,,,,,,,,,,,,,,,1.0,,,1,101770,9.815029514086923,0.024745110660210963,0.01828312992607373,0.02139042131602764,0.05007862374186517,0.06308026466874807,0.0025504662459786007,0.052576061338186264,0.05985421352088451,0.061331077478826046,0.06300823017954826,0.06476086005568504,0.066399747133255,0.06736447736620903,0.07545294612646103,252.54414714368303,20.40543626957971,175.6497802734375,251.88681030273438,279.1326019287109,361.7627868652344,405.6170225388079,-562617.7966091444,-136903.52379243102,0.3929152078703608,0.2912016890988021,1.9260591478623835e-06,0.06369052087304415,0.1609168433804063,0.33944580845726086,0.5653445861740811,0.7933000395373673,0.9394237521087193,2.543251387357786,-11.555168617197179,9.484804436756349,-23.918503987034306,-9.38459099546241,-2.0112504816546375,0.6868625331630146,0.9632406406603125,0.9996855654908127,1.0,0.03675935933968753,0.00031443450918738333,0.0,3741,32,0,1.3182202682754487,0.019799981266260147,,1.4721212901650527,0.3980627306273063,0.00046125461254612545,,,,252.54412841796875,20.40543556213379,9.815029514086923,0.06308027356863022,0.65753915489318,0.40203883923152556,,,1.6444355462307376,,144.53333333333333,243.70579713161436,1.0,855.0,random,,,,,,,,,,,,,,snr_histograms.csv,calibration_bins.csv,226.8125778198242,238.43761825561523,265.851318359375,287.27082214355465,-114.30660309317201,-15.867969909770656,-4.953735249609895,-0.5427692706002396,8.107785801601572,23.112849950790405,29.882116889953615,121.50812673568726,642.1268399894236,814.6299563513862,121.40783926739972,121.52941076004137,264.41199710079707,873.0551498857354,942.4771945940568,121.40783926739972,121.52941076004137,264.41199710079707,873.0551498857354,942.4771945940568,0.9713575227318068,1.431714027926435,2.5786524913851454,0.010594086501421613,0.9641047441614934,0.9665765450480359,0.9893408364722621,0.9950478562322097,0.9950508472549403,23.112849950790405,29.882116889953615,121.50812673568726,642.1268399894236,814.6299563513862,121.40783926739972,121.52941076004137,264.41199710079707,873.0551498857354,942.4771945940568,product,0.9909399068016673,
bayesfl_observability_v1,vi_lr0p002_b32_e2,43,vi,mnist,mlp,0,0,0.1,0.5,300,24,0.05,15,4163,4163,2,32,0.05,42,1,5,5,10.850069932639599,5.539745286107063,0.006992589682340622,5.309826195240021,0,15,10,0.6673,1.1123957719802857,704.2796051520186,0.6673,0.3327,1.1123957719802857,1.1123957719802857,0.5082325048446655,0.20337973449081181,0.3112264887868672,0.4639202660560608,1.5386549949645996,10000,5,1.5386549949645996,1.1717998607635498,0.36685513420104976,1.1717998607635498,0.36685513420104976,0.01409696890115738,0.007367210549061895,0,,,,,,,,,,,,,,,,,,,,,,,,,,,,,1.8681587208923096,0.6737265618318248,0.9694072838110203,2.7185263019498933,0.9803820202598421,343.99881787948186,298.520676851883,,,508.96723748247535,325.51273360010043,508.96723748247535,325.51273360010043,343.99881787948186,298.520676851883,508.96723748247535,325.51273360010043,,,,,,,,,0.05,1e-05,1,product,1.0,,,,,,,,,,,,,,,,,,,,,,,,1.0,,,1,101770,9.883180098967573,0.024911115717266303,0.018417942886839362,0.021483021788299084,0.050501187145709996,0.06349380359828173,0.002607005786336866,0.052860770374536514,0.0602022185921669,0.061711130663752556,0.06341685727238655,0.06521173939108849,0.06688176319003106,0.06788258887827396,0.07577584683895111,249.30313979984092,20.45428583846208,174.15599060058594,248.65121459960938,275.91481018066406,357.8763732910156,410.9736769016652,-561292.9708557791,-136241.11091559308,0.3929851267514541,0.29144592734463276,9.768271293274702e-06,0.06394594513037605,0.16085863768046055,0.33891914833736564,0.564825713358547,0.7951686724789683,0.941440729381599,2.446892314151206,-11.559827473942436,9.507517562460876,-23.883739786451535,-9.39807787186323,-1.9908147663845421,0.6870099243391963,0.9628672496806524,0.9997052176476369,1.0,0.03713275031934755,0.00029478235236317184,0.0,3779,30,0,1.1074761762633027,0.023695219308137894,,1.8383620847508206,0.27456161422051406,0.0031227480182560653,,,,249.30316162109375,20.454286575317383,9.883180098967573,0.06349380314350128,0.5576228628194926,0.3692247727667284,,,1.733970975419362,,277.53333333333336,364.7157553797508,1.0,1143.0,random,,,,,,,,,,,,,,snr_histograms.csv,calibration_bins.csv,223.5550964355469,235.15185928344727,262.5868606567383,284.17711181640624,-100.2036448563281,-15.871112280945594,-4.961710810095409,-0.5241403379682966,7.772297136128071,18.654385805130005,30.479417324066162,219.8441244761149,807.3561748084568,845.598340699167,119.63621238665658,120.5218384650671,395.4014884123117,927.8491152266223,951.6374293833364,119.63621238665658,120.5218384650671,395.4014884123117,927.8491152266223,951.6374293833364,0.9729817946916596,1.7601207249117534,2.679241429972136,0.012155125137231942,0.9637369016828851,0.9647865127662221,0.9842861780480222,0.9951256972796125,0.9951553881825345,18.654385805130005,30.479417324066162,219.8441244761149,807.3561748084568,845.598340699167,119.63621238665658,120.5218384650671,395.4014884123117,927.8491152266223,951.6374293833364,product,0.9937019983578066,
bayesfl_observability_v1,vi_lr0p002_b32_e2,44,vi,mnist,mlp,0,0,0.1,0.5,300,24,0.05,15,2178,2178,2,32,0.05,42,1,5,5,9.970846947282553,4.590430408716202,0.00800349935889244,5.379962403327227,0,15,12,0.6516,1.1274397060394288,569.3447668390988,0.6516,0.34840000000000004,1.1274397060394288,1.1274397060394288,0.5214914744377136,0.18653735381811856,0.2568817986094434,0.46506264657974244,1.5219071269989013,10000,5,1.5219071269989013,1.1465287912368773,0.37537833576202395,1.1465287912368773,0.37537833576202395,0.014759770116209985,0.007745358667214828,0,,,,,,,,,,,,,,,,,,,,,,,,,,,,,1.6414909519465235,0.6350970266532259,0.9699356180508343,2.728104483096279,0.9847379184417641,232.083492546105,237.16918423275376,,,392.5834699792134,295.8810792330859,392.5834699792134,295.8810792330859,232.083492546105,237.16918423275376,392.5834699792134,295.8810792330859,,,,,,,,,0.05,1e-05,1,product,1.0,,,,,,,,,,,,,,,,,,,,,,,,1.0,,,1,101770,9.975341372355166,0.025136228061442407,0.018599405974513775,0.021599838510155678,0.05082824528217316,0.06384953460493671,0.0026578438266655208,0.05278833210468292,0.06049491874873638,0.062031532637774944,0.06377603113651276,0.0656079612672329,0.0672955796122551,0.06833385229110718,0.07677914202213287,246.56764248974187,20.51227579078146,169.6342315673828,245.85839080810547,273.2512878417969,358.8592224121094,415.61109445683644,-560160.5687886762,-135674.9098819105,0.39435242843827467,0.2927360220936772,2.1994692287574554e-06,0.0640378490719745,0.16206903139821513,0.3385078719350617,0.5676497993004608,0.7988126423018514,0.9453576185121719,2.534154377877678,-11.546427671936842,9.54674923139565,-23.87126527602991,-9.408624549153599,-1.9511014092443733,0.6853100127739019,0.9621008155645082,0.9996560872555763,1.0,0.0378991844354918,0.0003439127444237005,0.0,3857,35,0,1.2184647789995653,0.01809718832373619,,1.83209971316117,0.38705234159779617,0.002295684113865932,,,,246.56765747070312,20.51227569580078,9.975341372355166,0.063849538564682,0.6433767882167385,0.4184721289870074,,,1.6629125873565278,,145.2,218.4586001969252,1.0,843.0,random,,,,,,,,,,,,,,snr_histograms.csv,calibration_bins.csv,220.81417541503907,232.32016372680664,259.88126373291016,281.6254760742187,-113.15363824204299,-15.805999269307597,-4.918390227261578,-0.48807744821281857,8.076661361845284,26.306084752082825,35.765142154693606,116.78376698493958,612.3193644550296,804.906396124098,118.22028488603252,118.46601475170013,259.39765933163045,905.7251530556038,945.8530608521447,118.22028488603252,118.46601475170013,259.39765933163045,905.7251530556038,945.8530608521447,0.9707768039122001,1.4352462482933224,2.6631139420416177,0.011092429265979914,0.9641627981329358,0.9657227482215357,0.9896154657966141,0.9952136412776843,0.995219758482592,26.306084752082825,35.765142154693606,116.78376698493958,612.3193644550296,804.906396124098,118.22028488603252,118.46601475170013,259.39765933163045,905.7251530556038,945.8530608521447,product,0.9925134839435511,
bayesfl_observability_v1,vi_lr0p002_b32_e2,45,vi,mnist,mlp,0,0,0.1,0.5,300,24,0.05,15,2462,2462,2,32,0.05,42,1,5,5,9.606849242001772,4.241204965859652,0.008058931678533554,5.365157280117273,0,15,12,0.656,1.1114930621147157,566.0771731629334,0.656,0.344,1.1114930621147157,1.1114930621147157,0.508599267911911,0.17639053065478802,0.2624160499579147,0.47960946645736696,1.4968468471527099,10000,5,1.4968468471527099,1.1289426804542542,0.3679041666984557,1.1289426804542542,0.3679041666984557,0.014357532900571823,0.007606199440160153,12,0.9139065922878974,0.9131226461073109,0.0948377765007929,0.7142857142857143,0.793859649122807,0.8333333333333334,0.9389773895169579,1.0,1.0,1.0,0.3439404802461171,0.33556350653021577,0.1789252707457646,0.06530457735061646,0.33462507497492455,0.6730079148945055,,,0.33556350653021577,,,,,,,,,,1.7237527853976637,0.5542114005660664,0.9698229939318124,2.5706590198349555,0.9840548972503593,233.43290686806043,203.03190235562764,,,410.95346711107703,240.71034928995815,410.95346711107703,240.71034928995815,233.43290686806043,203.03190235562764,410.95346711107703,240.71034928995815,,,,,,,,,0.05,1e-05,1,product,1.0,,,,,,,,,,,,,,,,,,,,,,,,1.0,,,1,101770,10.0719893511552,0.025369534373067375,0.018793428383720712,0.02178699802607298,0.05143773593008518,0.06421738142714854,0.0027380545866013233,0.05238395184278488,0.06076032482087612,0.06234130077064037,0.06413822621107101,0.06602795422077179,0.06776901707053185,0.06884334869682789,0.07711683213710785,243.81303075786843,20.77666677954427,168.15184020996094,243.08946228027344,270.86932067871095,364.42108154296875,420.4494251938031,-558999.9521718668,-135094.6015733739,0.3957709028852949,0.29416048459873795,1.0421506329617415e-05,0.06459701464018698,0.1610929360640303,0.3395966196023029,0.5697233875130244,0.8035900596404983,0.9484209233190265,2.5203274171409427,-11.499677590559534,9.502088076095824,-23.79575106199654,-9.380732828818598,-1.8993088818751749,0.6829419278765845,0.9611575120369461,0.9996659133339884,1.0,0.038842487963053944,0.00033408666601159476,0.0,3953,34,0,1.3577153845284782,0.023609373718500137,,1.7519404563975298,0.5097481722177092,0.0012185215272136475,,,,243.8130340576172,20.77666664123535,10.0719893511552,0.06421738862991333,0.5221062244017088,0.4115385073420595,,,1.758826511470437,,164.13333333333333,298.8265643405143,3.0,1255.0,random,,,,,,,,,,,,,,snr_histograms.csv,calibration_bins.csv,217.73969421386718,229.37406158447266,257.30503845214844,279.30932464599607,-99.64138923379771,-15.858470060085118,-4.886719042206419,-0.4599774704780195,8.029139277704537,25.5067777633667,37.62645993232727,202.46031538645425,421.23630529046056,831.1659921884536,116.95574372564118,117.0521611600206,386.84940152775505,751.1876527561949,853.0465847236526,116.95574372564118,117.0521611600206,386.84940152775505,751.1876527561949,853.0465847236526,0.9702865305104585,1.761912401153126,2.4490138675344753,0.009044606107190909,0.9684099308780766,0.9711556866320027,0.9847782201522285,0.9953004302650843,0.9953096550348082,25.5067777633667,37.62645993232727,202.46031538645425,421.23630529046056,831.1659921884536,116.95574372564118,117.0521611600206,386.84940152775505,751.1876527561949,853.0465847236526,product,0.9908727865711096,0.1789252707457646
bayesfl_observability_v1,vi_lr0p002_b32_e2,46,vi,mnist,mlp,0,0,0.1,0.5,300,24,0.05,15,2551,2551,2,32,0.05,42,1,5,5,9.706740386784077,4.270910244435072,0.0086418017745018,5.435181949287653,0,15,11,0.5764,1.2295586013793944,633.0855890367905,0.5764,0.4236,1.2295586013793944,1.2295586013793944,0.5728262714385987,0.08942001769095662,0.13547483002312077,0.48799388818740846,1.4445550386428834,10000,5,1.4445550386428834,1.080970218849182,0.3635848197937013,1.080970218849182,0.3635848197937013,0.014924851641058922,0.007930672948055512,0,,,,,,,,,,,,,,,,,,,,,,,,,,,,,1.573364481040572,0.6816258435976206,0.9691834233106711,2.7181570726549475,0.9860057923739001,219.51025965660185,251.38839447703617,,,365.41218766139156,296.1743347239122,365.41218766139156,296.1743347239122,219.51025965660185,251.38839447703617,365.41218766139156,296.1743347239122,,,,,,,,,0.05,1e-05,1,product,1.0,,,,,,,,,,,,,,,,,,,,,,,,1.0,,,1,101770,10.169833320912458,0.02560012828838818,0.018997384043088938,0.022006524726748466,0.05177476592361928,0.06461832806540488,0.002813256947273777,0.05336438864469528,0.06106872484087944,0.06267811357975006,0.06453091278672218,0.06646904163062572,0.06827894747257232,0.06937514655292033,0.07785231620073318,240.85227254226774,20.953641169978262,164.98973083496094,240.13993072509766,268.1404174804687,351.1534423828125,425.74896730578433,-557740.9283137064,-134465.08964415189,0.39692485262299,0.29555109226704335,4.3345087545075506e-06,0.06380126314381472,0.162753733347278,0.3406045545806903,0.5714778225228581,0.803683063141547,0.9557237478836587,2.642024001608536,-11.502572885276683,9.567512384720365,-23.90341446027051,-9.354990978644002,-1.8983036784376135,0.682804362778815,0.9601945563525597,0.9996364350987521,1.0,0.039805443647440306,0.00036356490124791194,0.0,4051,37,0,1.379374373744446,0.026920154690742493,,1.5184316075433084,0.45981967855742845,0.0015680125441003528,,,,240.8522491455078,20.95363998413086,10.169833320912458,0.06461832672357559,0.5600019432499843,0.47797713955636917,,,1.7073225715877884,,170.06666666666666,304.3689573892552,4.0,1161.0,random,,,,,,,,,,,,,,snr_histograms.csv,calibration_bins.csv,214.49954376220703,226.33991622924805,254.5471076965332,276.61312103271484,-107.26120030724844,-15.76938081150228,-4.860012374371662,-0.39335245218153664,8.438735173361467,26.730841636657715,32.07155044078827,59.154770851135254,613.0594664168357,817.2086353157017,115.5079965521602,115.87786610520644,116.17297264626505,808.8662764961639,925.6278529357652,115.5079965521602,115.87786610520644,116.17297264626505,808.8662764961639,925.6278529357652,0.9707776238653173,0.9720217262242337,2.5325908786674933,0.011031492977996164,0.9654271643668192,0.96980233893433,0.9953709880771842,0.9953915489398534,0.9954042471830534,26.730841636657715,32.07155044078827,59.154770851135254,613.0594664168357,817.2086353157017,115.5079965521602,115.87786610520644,116.17297264626505,808.8662764961639,925.6278529357652,product,0.9907590947480934,
bayesfl_observability_v1,vi_lr0p002_b32_e2,47,vi,mnist,mlp,0,0,0.1,0.5,300,24,0.05,15,2767,2767,2,32,0.05,42,1,5,5,10.028878822922707,4.460477527230978,0.011879712343215942,5.56779133528471,0,15,10,0.6518,1.1233007192611695,606.9205969479796,0.6518,0.34819999999999995,1.1233007192611695,1.1233007192611695,0.5089180856227875,0.16651895361989735,0.2828172152474422,0.4852810443878174,1.4639707399368287,10000,5,1.4639707399368287,1.0880605127334595,0.3759102272033692,1.0880605127334595,0.3759102272033692,0.015039262399077415,0.008176696881695363,0,,,,,,,,,,,,,,,,,,,,,,,,,,,,,1.7855348018524235,0.6945384774006356,0.9717058429359252,2.756555852769961,0.9829364810419435,279.78633654257106,264.2685455478644,,,450.397932833937,324.635285280294,450.397932833937,324.635285280294,279.78633654257106,264.2685455478644,450.397932833937,324.635285280294,,,,,,,,,0.05,1e-05,1,product,1.0,,,,,,,,,,,,,,,,,,,,,,,,1.0,,,1,101770,10.235112273924312,0.02575544998987346,0.01913145142502953,0.02207615226507187,0.05222941786050797,0.06500703614193043,0.0028565797934245497,0.05402683466672897,0.061400553211569786,0.0630428846925497,0.06492311507463455,0.06688490509986877,0.06872082054615021,0.06983007825911045,0.07818620651960373,238.00588956557195,20.901005307331477,163.5835723876953,237.247314453125,265.2500305175781,342.5949401855469,430.90179199649674,-556523.8232767212,-133856.5371255229,0.39694588991699226,0.2958479012490568,4.433542431537133e-06,0.06400645112509769,0.16260711037143083,0.3402857517492426,0.5723450678994194,0.8042945659710902,0.955337718642965,2.550703050061539,-11.509091893745191,9.596148154012694,-23.87552503816794,-9.363124701375249,-1.891697309930664,0.6819396678785496,0.959663948118306,0.9995971307851037,1.0,0.040336051881694014,0.00040286921489633487,0.0,4105,41,0,1.1319035867218363,0.01565372198820114,,1.6003481752655366,0.3809179616913625,0.0007228044813877846,,,,238.00587463378906,20.901004791259766,10.235112273924312,0.0650070384144783,0.5907456132262071,0.39221954261329905,,,1.7205449229336043,,184.46666666666667,240.19238585396963,1.0,791.0,random,,,,,,,,,,,,,,snr_histograms.csv,calibration_bins.csv,211.7499526977539,223.53408813476562,251.60995864868164,273.69671630859375,-107.06498065552415,-15.777209357654764,-4.8468411059522225,-0.3968615022325918,8.133198029695965,22.63434886932373,24.905065989494325,136.74518036842346,692.4815170109272,760.2284443283081,114.68349806282036,114.74449994000699,249.3586890173248,903.9794113482073,934.7907675194242,114.68349806282036,114.74449994000699,249.3586890173248,903.9794113482073,934.7907675194242,0.971837489624472,1.4318063723149612,2.6996619890918625,0.011940445350199677,0.9651842615434172,0.9665385166219186,0.9902310732342889,0.9954638123053677,0.9954673410598718,22.63434886932373,24.905065989494325,136.74518036842346,692.4815170109272,760.2284443283081,114.68349806282036,114.74449994000699,249.3586890173248,903.9794113482073,934.7907675194242,product,0.9938661162348997,
bayesfl_observability_v1,vi_lr0p002_b32_e2,48,vi,mnist,mlp,0,0,0.1,0.5,300,24,0.05,15,4252,4252,2,32,0.05,42,1,5,5,11.48754146322608,6.140082769095898,0.01112043485045433,5.346865929663181,0,15,12,0.7064,1.0415137797355651,675.0884961432446,0.7064,0.29359999999999997,1.0415137797355651,1.0415137797355651,0.47436025972366336,0.2224611157491803,0.3273684973368829,0.48393888235092164,1.4770514976501465,10000,5,1.4770514976501465,1.0956019609451293,0.38144953670501724,1.0956019609451293,0.38144953670501724,0.014991359767317771,0.008096072929497657,0,,,,,,,,,,,,,,,,,,,,,,,,,,,,,1.8731460360890655,0.8492087869178084,0.9697798865857136,2.757388936107564,0.9807324310476099,358.04832329387784,306.347028601933,,,514.7900788356849,380.3740782517193,514.7900788356849,380.3740782517193,358.04832329387784,306.347028601933,514.7900788356849,380.3740782517193,,,,,,,,,0.05,1e-05,1,product,1.0,,,,,,,,,,,,,,,,,,,,,,,,1.0,,,1,101770,10.294974970973383,0.02588958209933806,0.019265546792061224,0.022205816581845284,0.05251605212688447,0.06543052546658742,0.0029027440419998342,0.0539633147418499,0.061766115576028825,0.06343374960124493,0.0653437003493309,0.06734208390116692,0.0692094810307026,0.07032039165496826,0.07912879437208176,234.96121187467782,20.83390158485518,159.70956420898438,234.20305633544922,262.1195556640625,343.4019470214844,436.55051444758976,-555205.9460360529,-133197.59850504287,0.396447790921215,0.295986649083289,5.922105512064597e-06,0.06340726169918548,0.16223697160281647,0.3394380223295427,0.5724157187779765,0.8047539663907539,0.9537221148606881,2.5171717973903878,-11.519159044248632,9.556877994434663,-23.95722003756849,-9.384790231714103,-1.8867374828598746,0.6832858406210082,0.9598604696865481,0.9996659133339884,1.0,0.0401395303134519,0.00033408666601159476,0.0,4085,34,0,1.038987926900662,0.01569823920726776,,1.822415922559669,0.34689557855127,0.00047036688617121356,,,,234.96121215820312,20.83390235900879,10.294974970973383,0.06543052196502686,0.8335281000837399,0.44304272117622523,,,1.4634823314852805,,283.46666666666664,320.0520513222116,2.0,1094.0,random,,,,,,,,,,,,,,snr_histograms.csv,calibration_bins.csv,208.77034454345704,220.5093002319336,248.518798828125,270.6153900146484,-104.55047571743515,-15.79700338057103,-4.845768977337934,-0.4115629375048993,8.018257144601996,29.29601764678955,35.858115100860594,361.3452214002609,748.4832882058569,799.2729669196265,112.92399856149777,113.12224525857012,657.9451593237978,908.9937550731904,924.072479259458,112.92399856149777,113.12224525857012,657.9451593237978,908.9937550731904,924.072479259458,0.9706192283063079,2.334933278284774,2.7315754036890962,0.014001879881965744,0.9656584080538224,0.9662092885722411,0.9750129261040885,0.9955372901577229,0.9955401961220204,29.29601764678955,35.858115100860594,361.3452214002609,748.4832882058569,799.2729669196265,112.92399856149777,113.12224525857012,657.9451593237978,908.9937550731904,924.072479259458,product,0.9948946091129514,
bayesfl_observability_v1,vi_lr0p002_b32_e2,49,vi,mnist,mlp,0,0,0.1,0.5,300,24,0.05,15,4023,4023,2,32,0.05,42,1,5,5,11.032902289181948,5.567135863006115,0.010088957846164703,5.465237662196159,0,15,13,0.6955,1.0337160024642944,618.4877743291463,0.6955,0.3045,1.0337160024642944,1.0337160024642944,0.4771214352607727,0.2096357425555587,0.30441936932456914,0.4858642561912537,1.4653546911239623,10000,5,1.4653546911239623,1.0817568928718566,0.3835977982521057,1.0817568928718566,0.3835977982521057,0.015299172508716583,0.007972571436187221,0,,,,,,,,,,,,,,,,,,,,,,,,,,,,,2.03452845017794,0.6577108061077951,0.9725239255986434,2.7665245210764904,0.9793281906412962,357.47581286553174,266.3941598318345,,,548.1663961489554,312.2221718291436,548.1663961489554,312.2221718291436,357.47581286553174,266.3941598318345,548.1663961489554,312.2221718291436,,,,,,,,,0.05,1e-05,1,product,1.0,,,,,,,,,,,,,,,,,,,,,,,,1.0,,,1,101770,10.352592548321718,0.0260262493092743,0.01938442213496383,0.02231131400913,0.05278752073645592,0.06583426925808065,0.0029429567757359248,0.05403128266334534,0.062107480689883234,0.06381658092141151,0.06575137004256248,0.06777006201446056,0.06966255083680153,0.07081296257674694,0.0802135244011879,232.10908081783367,20.738794550620497,155.41925048828125,231.30786895751953,259.24606933593753,342.5385437011719,441.96797757882416,-553956.9094551309,-132573.0802144453,0.3960979350996065,0.2959987853877252,2.469816248459013e-07,0.06317277963813371,0.16120680901618145,0.3389916375238144,0.5716056239901359,0.8039872412294812,0.9539308914204795,2.559529811996123,-11.52305797023701,9.55488996027726,-23.989400269555215,-9.396220303062334,-1.895016863521361,0.6843372310111034,0.9601454259604991,0.9996659133339884,1.0,0.03985457403950084,0.00033408666601159476,0.0,4056,34,0,1.0043423118744883,0.017233844846487045,,2.137034597444613,0.2421078796917723,0.0004971414367387521,,,,232.1090850830078,20.738794326782227,10.352592548321718,0.06583426892757416,0.7357273762459275,0.3478602386938569,,,1.5701565940845907,,268.2,282.81282384880166,2.0,974.0,random,,,,,,,,,,,,,,snr_histograms.csv,calibration_bins.csv,206.0635940551758,217.7329978942871,245.5460548400879,267.53154754638666,-132.14667196306323,-15.85233237092065,-4.858070137321345,-0.40966174205367395,8.16320384678521,20.986929416656494,65.49046030044556,224.47343139350414,715.7721005781491,782.4674838550629,112.10268780388837,164.15535888724435,476.4887340813985,900.7618709155067,919.3247065506083,112.10268780388837,164.15535888724435,476.4887340813985,900.7618709155067,919.3247065506083,1.1550495294370735,2.0016947834083707,2.742546643372406,0.011435215440152907,0.9658577698818221,0.9663102400680629,0.9816188761174869,0.9935441523630041,0.9955677049030257,20.986929416656494,65.49046030044556,224.47343139350414,715.7721005781491,782.4674838550629,112.10268780388837,164.15535888724435,476.4887340813985,900.7618709155067,919.3247065506083,product,0.9952834176122091,
bayesfl_observability_v1,vi_lr0p002_b32_e2,50,vi,mnist,mlp,0,0,0.1,0.5,300,24,0.05,15,2690,2690,2,32,0.05,42,1,5,5,10.351969823241234,4.8496213555336,0.007649801671504974,5.501841276884079,0,15,11,0.6676,1.0664410762786865,525.3883977296351,0.6676,0.33240000000000003,1.0664410762786865,1.0664410762786865,0.4957968378543854,0.17688837957531212,0.25778879948143507,0.49071162009239194,1.4343332683563232,10000,5,1.4343332683563232,1.0548336361885071,0.3794996321678161,1.0548336361885071,0.3794996321678161,0.015481411221623421,0.00810539823944784,13,0.9155567740394691,0.9367219708396178,0.09243488204859833,0.7222222222222222,0.7813333333333333,0.92,1.0,1.0,1.0,1.0,0.3496490252169737,0.33163889755820314,0.19835402642705627,0.042388781905174255,0.2637897872924805,0.765476279788547,,,0.33163889755820314,,,,,,,,,,1.9572182112540912,0.6125946676091215,0.9706779938725404,2.759123144126947,0.9811170110969846,291.93644730541945,220.07245261181822,,,496.5911179813544,281.6469694039821,496.5911179813544,281.6469694039821,291.93644730541945,220.07245261181822,496.5911179813544,281.6469694039821,,,,,,,,,0.05,1e-05,1,product,1.0,,,,,,,,,,,,,,,,,,,,,,,,1.0,,,1,101770,10.408788179715218,0.026162079564524484,0.019496952129385618,0.0224228510633111,0.05314326323568821,0.0661970939781157,0.0029792576732311873,0.05442686006426811,0.06242143660783768,0.06414922326803207,0.06611797958612442,0.06816243380308151,0.07007185146212577,0.0712416373193264,0.08042486757040024,229.59042655252878,20.65445739794694,154.60350036621094,228.74987030029297,256.6448120117188,337.57745361328125,446.8650710156517,-552841.0099528966,-132015.13046320752,0.39598668593673153,0.29610657819906305,3.125470870180212e-07,0.06314917952234832,0.16111171819790385,0.3389627494547812,0.5709754426068303,0.8054421063834662,0.9534714853824438,2.5453433196111463,-11.551454984023003,9.61808379049931,-23.992645774069853,-9.396960525335997,-1.8793134083763374,0.6836690576790803,0.9601454259604991,0.9996757394124005,1.0,0.03985457403950084,0.000324260587599489,0.0,4056,33,0,1.0352944755367561,0.014670107513666153,,1.7695167963685108,0.36988847583643125,0.0007434944237918215,,,,229.5904083251953,20.654457092285156,10.408788179715218,0.06619709730148315,0.6945094566210029,0.3968691088969848,,,1.6149518938594118,,179.33333333333334,201.47809365343474,2.0,768.0,random,,,,,,,,,,,,outputs/tune_vi_mnist_noniid_unbalanced/vi_lr0p002_b32_e2/posterior_snapshots/round_0050.pt,,snr_histograms.csv,calibration_bins.csv,203.6633285522461,215.23347091674805,243.006103515625,264.90763549804683,-130.10166309792137,-15.85745741482657,-4.8676514031835,-0.4138458122773099,8.114927377912112,23.309210777282715,60.80662336349488,178.0350365638733,598.5146011645978,749.64484167099,110.33017385309417,162.2241906778739,364.03959468152794,888.2974937324299,901.9653152702335,110.33017385309417,162.2241906778739,364.03959468152794,888.2974937324299,901.9653152702335,1.1549718560441598,1.7605228278716052,2.7324583289845434,0.010388221431845479,0.9662948185675608,0.9669373938542554,0.985857130574489,0.9936104975177019,0.9956310807772386,23.309210777282715,60.80662336349488,178.0350365638733,598.5146011645978,749.64484167099,110.33017385309417,162.2241906778739,364.03959468152794,888.2974937324299,901.9653152702335,product,0.9950413089148266,0.19835402642705627
bayesfl_observability_v1,vi_lr0p002_b32_e2,51,vi,mnist,mlp,0,0,0.1,0.5,300,24,0.05,15,2306,2306,2,32,0.05,42,1,5,5,9.837649814784527,4.424884185194969,0.009616643190383911,5.41217789426446,0,15,12,0.6325,1.1113920976638794,491.6899474987024,0.6325,0.36750000000000005,1.1113920976638794,1.1113920976638794,0.5200622204303742,0.12917134194374083,0.18350734353265175,0.5038982992172241,1.3797689348220825,10000,5,1.3797689348220825,1.0042707666397095,0.375498168182373,1.0042707666397095,0.375498168182373,0.01581844373345375,0.008388822926252898,0,,,,,,,,,,,,,,,,,,,,,,,,,,,,,1.8055623562998808,0.6809680633302241,0.9698478498205321,2.764421820070393,0.9834374017122606,253.98335078469026,214.47584602736254,,,434.60680187705293,294.6280678402863,434.60680187705293,294.6280678402863,253.98335078469026,214.47584602736254,434.60680187705293,294.6280678402863,,,,,,,,,0.05,1e-05,1,product,1.0,,,,,,,,,,,,,,,,,,,,,,,,1.0,,,1,101770,10.465104162363232,0.026298525657517436,0.0196092831232637,0.02252278570085764,0.05347867161035538,0.06654767173249887,0.003014305150527079,0.05501629039645195,0.06275059580802918,0.06447713263332844,0.06646130606532097,0.06853690184652805,0.07047291696071625,0.0716223008930683,0.08115234225988388,227.1957395697713,20.57414703460551,151.84408569335938,226.39260864257812,253.95939941406252,330.38275146484375,451.6225560636381,-551768.57944088,-131478.91520708444,0.3959636495888028,0.29623988507511484,5.429954527378859e-06,0.06247255175470272,0.16160125993306113,0.33840286318133966,0.5704009420105652,0.8048151208730078,0.9540996576108267,2.575421172569589,-11.55433690467811,9.606145052245054,-24.086215089854853,-9.411319422179501,-1.8860774540789798,0.6843274049326914,0.9605089908617471,0.9996659133339884,1.0,0.039491009138252924,0.00033408666601159476,0.0,4019,34,0,1.047093909969879,0.014107375405728817,,1.961687772094351,0.305724197745013,0.0008673026886383347,,,,227.19573974609375,20.574146270751953,10.465104162363232,0.06654767692089081,0.6322757266267026,0.26290541934581624,,,1.6640338517667872,,153.73333333333332,176.13383800079097,2.0,648.0,random,,,,,,,,,,,,,,snr_histograms.csv,calibration_bins.csv,201.35179138183594,212.88794326782227,240.5406837463379,262.406689453125,-105.304074547424,-15.831105155759431,-4.876395318485171,-0.4081252001856259,8.216965234271575,33.57313859462738,38.05993006229401,125.16694855690002,567.4160428777574,716.2460372731799,108.9660069546656,109.11874462598517,238.53525418589098,850.7420616330768,896.5706211176823,108.9660069546656,109.11874462598517,238.53525418589098,850.7420616330768,896.5706211176823,0.9705754086664671,1.4337781934286244,2.6891138712150386,0.010956052994143747,0.9664237915770482,0.9682632249020329,0.990642303740099,0.9956805928029739,0.9956875302146175,33.57313859462738,38.05993006229401,125.16694855690002,567.4160428777574,716.2460372731799,108.9660069546656,109.11874462598517,238.53525418589098,850.7420616330768,896.5706211176823,product,0.9949818981196605,
bayesfl_observability_v1,vi_lr0p002_b32_e2,52,vi,mnist,mlp,0,0,0.1,0.5,300,24,0.05,15,3153,3153,2,32,0.05,42,1,5,5,10.404821995645761,5.034872081130743,0.013166513293981552,5.369407951831818,0,15,11,0.7121,1.0106671789169313,580.8754126111344,0.7121,0.28790000000000004,1.0106671789169313,1.0106671789169313,0.4673049931049347,0.21966447435915468,0.31694983935634846,0.4924355261802673,1.434538112640381,10000,5,1.434538112640381,1.0405027758598329,0.39403533678054803,1.0405027758598329,0.39403533678054803,0.016019542503356934,0.0084337287484686,0,,,,,,,,,,,,,,,,,,,,,,,,,,,,,1.8368411388581714,0.6865796371872486,0.9708371805681649,2.7193972704674545,0.98310160472948,267.97498440923687,231.71557076482216,,,445.38351799354865,296.4879455263743,445.38351799354865,296.4879455263743,267.97498440923687,231.71557076482216,445.38351799354865,296.4879455263743,,,,,,,,,0.05,1e-05,1,product,1.0,,,,,,,,,,,,,,,,,,,,,,,,1.0,,,1,101770,10.55083836947519,0.02651608346379008,0.01976709984969362,0.022779610939323902,0.053871677443385134,0.06695312620511695,0.00308932355102555,0.055080391466617584,0.06306550949811936,0.06482469104230404,0.06685813888907433,0.06899517588317394,0.07096479311585427,0.07218674533069133,0.08289889991283417,224.50425600912314,20.710709912045072,145.5132293701172,223.7131118774414,251.42947387695312,329.6142578125,457.17781196481894,-550540.0858631063,-130864.66841806864,0.3968714399211101,0.29691015746267607,1.0736448161391897e-06,0.06302350623890798,0.16109752317261505,0.340409996455848,0.5706998198168313,0.8072070593851786,0.9574577232732663,2.5162223660056138,-11.515781052724682,9.557244362208662,-24.009948791556642,-9.359953905602993,-1.8603009733506892,0.6833251449346566,0.9594084700795912,0.9996462611771642,1.0,0.040591529920408764,0.00035373882283580625,0.0,4131,36,0,1.2835024165319315,0.019247904419898987,,1.8406871434021541,0.44655883285759596,0.01014906438312718,,,,224.50425720214844,20.710710525512695,10.55083836947519,0.0669531300663948,0.6315412814225544,0.4910242952740149,,,1.6791129206801636,,210.2,339.6321932129913,2.0,1408.0,random,,,,,,,,,,,,,,snr_histograms.csv,calibration_bins.csv,198.57022247314453,210.06927108764648,237.96829223632812,259.9895812988281,-119.38277927897344,-15.858222735417996,-4.871845291924164,-0.3776078939861352,8.014980367120577,27.32493770122528,27.897064208984375,188.9637853304545,541.9889969478954,793.4165909940547,108.0410846472937,108.1719222937596,356.07943655333145,838.9880106042899,856.2973511280062,108.0410846472937,108.1719222937596,356.07943655333145,838.9880106042899,856.2973511280062,0.9714566705938222,1.7599006930621066,2.676455197970503,0.010963895298269176,0.9679023993460014,0.9688532024243527,0.9861943596817785,0.9957211971065475,0.995722539046468,27.32493770122528,27.897064208984375,188.9637853304545,541.9889969478954,793.4165909940547,108.0410846472937,108.1719222937596,356.07943655333145,838.9880106042899,856.2973511280062,product,0.9925733874369647,
bayesfl_observability_v1,vi_lr0p002_b32_e2,53,vi,mnist,mlp,0,0,0.1,0.5,300,24,0.05,15,2085,2085,2,32,0.05,42,1,5,5,9.581166923046112,4.034192115068436,0.009474307298660278,5.546312056481838,0,15,12,0.7038,1.006558710861206,484.09227806969926,0.7038,0.2962,1.006558710861206,1.006558710861206,0.4628021469116211,0.1987925391688943,0.3040379452094054,0.505007459640503,1.4118157644271851,10000,5,1.4118157644271851,1.0187540307998657,0.39306173362731944,1.0187540307998657,0.39306173362731944,0.015873954625427723,0.008684234936515624,0,,,,,,,,,,,,,,,,,,,,,,,,,,,,,1.7522973987504256,0.7617016763219437,0.9703011516991131,2.7782604860139988,0.9842158857399976,236.52907039679013,222.32495958940098,,,416.69830387359406,323.41845240694295,416.69830387359406,323.41845240694295,236.52907039679013,222.32495958940098,416.69830387359406,323.41845240694295,,,,,,,,,0.05,1e-05,1,product,1.0,,,,,,,,,,,,,,,,,,,,,,,,1.0,,,1,101770,10.603662636303072,0.02664094481996731,0.01987665302689441,0.022866960614919662,0.05410239808261397,0.0673097629992148,0.003121723411721289,0.055389393121004105,0.06338236182928085,0.06515799649059772,0.06721629202365875,0.06937285885214806,0.07135964334011079,0.07259838096797465,0.08392845839262009,222.14604506596163,20.598242990341284,141.96507263183594,221.3354034423828,248.92192535400392,325.94683837890625,462.0713535601391,-549460.9969586782,-130325.12396574163,0.39664466314269614,0.29703067523883625,1.216226058981462e-06,0.06345693797927672,0.16062979652434078,0.33998822337923096,0.569754761458128,0.8072515856299927,0.9574329032703983,2.530918260097708,-11.525912496570701,9.573819960295591,-23.950417759727763,-9.370722522982884,-1.8598218650993943,0.6849562739510662,0.9594576004716517,0.99962660902034,1.0,0.04054239952834823,0.0003733909796600177,0.0,4126,38,0,1.0478910485634003,0.015616903081536293,,1.9504587175010146,0.22302158273381295,0.00047961630695443646,,,,222.14605712890625,20.598241806030273,10.603662636303072,0.06730975955724716,0.5437469555123535,0.3773796237715511,,,1.7670133549254439,,139.0,156.5950190778749,1.0,463.0,random,,,,,,,,,,,,,,snr_histograms.csv,calibration_bins.csv,196.37882537841796,207.78818130493164,235.53993606567383,257.37992401123046,-118.29970677006031,-15.88347782035012,-4.886240734687495,-0.3778330352515774,8.065562383518095,20.56809937953949,26.171262431144715,114.33124017715454,550.0113200363746,627.7748473485311,106.66673093801458,106.79471707853695,233.18487591178302,862.273591352642,886.1095899185425,106.66673093801458,106.79471707853695,233.18487591178302,862.273591352642,886.1095899185425,0.9708791450163479,1.4333364491458631,2.743908297368383,0.0119951510785999,0.967066025851795,0.9677976642101583,0.9908982709025703,0.9957948543973818,0.9957986946965184,20.56809937953949,26.171262431144715,114.33124017715454,550.0113200363746,627.7748473485311,106.66673093801458,106.79471707853695,233.18487591178302,862.273591352642,886.1095899185425,product,0.9951049811315152,
bayesfl_observability_v1,vi_lr0p002_b32_e2,54,vi,mnist,mlp,0,0,0.1,0.5,300,24,0.05,15,3683,3683,2,32,0.05,42,1,5,5,10.659257855266333,5.319655116647482,0.010411210358142853,5.339060600847006,0,15,13,0.6695,1.0470193621635437,557.2032699965391,0.6695,0.3305,1.0470193621635437,1.0470193621635437,0.47983061051368714,0.15394933399707075,0.24402068250684494,0.5155506645202637,1.37945407371521,10000,5,1.37945407371521,0.9974164353370667,0.3820376383781432,0.9974164353370667,0.3820376383781432,0.015605029633641243,0.008723488990922517,0,,,,,,,,,,,,,,,,,,,,,,,,,,,,,2.131375588401581,0.5812868101878058,0.970906784184333,2.781781034155653,0.9791300805088173,335.4927308507767,214.8667744404868,,,552.6948600097173,253.36104584814808,552.6948600097173,253.36104584814808,335.4927308507767,214.8667744404868,552.6948600097173,253.36104584814808,,,,,,,,,0.05,1e-05,1,product,1.0,,,,,,,,,,,,,,,,,,,,,,,,1.0,,,1,101770,10.661968541126582,0.026773790139666756,0.020004222285377,0.022985306568443775,0.054496225342154515,0.06770857954880069,0.003169678500164357,0.05550288036465645,0.06371725425124168,0.06552043370902538,0.06760368123650551,0.06979667022824287,0.07182744443416596,0.07308083958923815,0.0835125744342804,219.5630850450925,20.54554947759517,143.38253784179688,218.80604553222656,246.31218719482425,324.61529541015625,467.5821231642372,-548262.6526952853,-129725.9518339214,0.3962931215963339,0.29722233358029965,3.8476241253213825e-06,0.06286880266620225,0.16003733053427377,0.3393234131912134,0.5700209445889889,0.8075762872014223,0.9580884505924727,2.584753743166151,-11.5377443838335,9.553623449894195,-24.031296215782078,-9.38772346325457,-1.856328833945146,0.6847892306180603,0.9598015132160754,0.9995283482362189,1.0,0.040198486783924535,0.00047165176378107497,0.0,4091,48,0,1.0543394363893743,0.015216898173093796,,2.1205505011617283,0.3152321477056747,0.00027151778441487917,,,,219.56309509277344,20.545549392700195,10.661968541126582,0.0677085816860199,0.5972033946229425,0.41650581605184367,,,1.701727673909565,,245.53333333333333,286.9522298610384,1.0,1161.0,random,,,,,,,,,,,,,,snr_histograms.csv,calibration_bins.csv,193.8291778564453,205.2724151611328,232.9412956237793,254.66976547241205,-108.2961449589588,-15.91557403658551,-4.882183731439903,-0.3718879031334069,8.24838345863331,23.70548850297928,56.880767524242415,275.2260748386383,618.3667463578676,771.3434005846848,105.67787091523525,155.71915794544446,544.6873316622925,830.5906943166489,883.0453121449557,105.67787091523525,155.71915794544446,544.6873316622925,830.5906943166489,883.0453121449557,1.1561405687658959,2.1994050313396207,2.7073097774335135,0.0092988233597215,0.9673374884744703,0.9689498351054704,0.9791563906100685,0.993896640694218,0.9958309147570529,23.70548850297928,56.880767524242415,275.2260748386383,618.3667463578676,771.3434005846848,105.67787091523525,155.71915794544446,544.6873316622925,830.5906943166489,883.0453121449557,product,0.9950987436412206,
bayesfl_observability_v1,vi_lr0p002_b32_e2,55,vi,mnist,mlp,0,0,0.1,0.5,300,24,0.05,15,3937,3937,2,32,0.05,42,1,5,5,10.645194262266159,5.256429545581341,0.0081106498837471,5.3881104327738285,0,15,11,0.6782,1.040347066116333,605.7010937883383,0.6782,0.3218,1.040347066116333,1.040347066116333,0.47421093306541445,0.15931626409292224,0.27737034115526416,0.5191773627281189,1.3676778802871703,10000,5,1.3676778802871703,0.9824986474990844,0.38517923278808586,0.9824986474990844,0.38517923278808586,0.01592875308692455,0.008719768829407545,13,0.9093630383861877,0.918094607076138,0.0657888935962702,0.8181818181818182,0.8425882352941176,0.8571428571428571,0.9090909090909091,1.0,1.0,1.0,0.3235972366321235,0.3389604280050364,0.1482199537850646,0.04094868472644261,0.3385912747610183,0.5673972197941372,,,0.3389604280050364,,,,,,,,,,1.9926887560381161,0.7042761273624043,0.96966860642421,2.7995831006255334,0.9811189047622867,326.3352515290765,244.38923271094413,,,501.08030442612693,293.2373420874353,501.08030442612693,293.2373420874353,326.3352515290765,244.38923271094413,501.08030442612693,293.2373420874353,,,,,,,,,0.05,1e-05,1,product,1.0,,,,,,,,,,,,,,,,,,,,,,,,1.0,,,1,101770,10.730901765154156,0.02694017715811374,0.020142540033106417,0.023093700408935547,0.05483663752675057,0.06813448857886859,0.003226262582193067,0.055481087416410446,0.06406449377536774,0.06590613536536694,0.06802871450781822,0.07025926373898983,0.07233169004321098,0.07360670305788516,0.08494949340820312,216.85968587162617,20.529262338153185,138.57293701171875,216.08045196533203,243.64933319091796,324.870361328125,473.5070400436745,-546991.4835232431,-129090.36724777083,0.3962815183239478,0.2974376716601588,1.0633894428530116e-06,0.06242184975241213,0.15995733781360344,0.339170828959857,0.5704631651992011,0.8080670934190765,0.9579602507919859,2.5246413675134067,-11.56566349315848,9.65402743591811,-24.09326732007635,-9.391630143949225,-1.851051570196103,0.6851134912056598,0.9595362090989487,0.9995873047066915,1.0,0.04046379090105139,0.0004126952933084406,0.0,4118,42,0,1.12264522495448,0.0197010338306427,,1.9533611105455737,0.32004064008128014,0.005842011684023368,,,,216.85968017578125,20.52926254272461,10.730901765154156,0.06813448667526245,0.8285361371324931,0.49119765118999004,,,1.477885319699684,,262.46666666666664,336.13764376450837,2.0,1260.0,random,,,,,,,,,,,,,,snr_histograms.csv,calibration_bins.csv,191.1361297607422,202.57825088500977,230.22279357910156,251.98885574340807,-119.46614494390965,-15.919916652558605,-4.8754478547433715,-0.37305021974867175,8.04399388139843,21.880909323692322,43.73362811803818,315.03227710723877,694.1082770589519,779.0104040801525,104.21381003170166,104.42400122854636,539.2897974579766,837.0757048643106,881.8415959309096,104.21381003170166,104.42400122854636,539.2897974579766,837.0757048643106,881.8415959309096,0.9705404990826874,2.201292763379899,2.723765371988452,0.010788114875539913,0.9673528588826229,0.9689326974597896,0.9793628757153551,0.995881064076985,0.9958904030641669,21.880909323692322,43.73362811803818,315.03227710723877,694.1082770589519,779.0104040801525,104.21381003170166,104.42400122854636,539.2897974579766,837.0757048643106,881.8415959309096,product,0.9945129242640536,0.1482199537850646
bayesfl_observability_v1,vi_lr0p002_b32_e2,56,vi,mnist,mlp,0,0,0.1,0.5,300,24,0.05,15,2156,2156,2,32,0.05,42,1,5,5,9.43980998173356,4.1491903476417065,0.010892145335674286,5.290097091346979,0,15,11,0.6995,1.0045301391601562,507.48527890403534,0.6995,0.3005,1.0045301391601562,1.0045301391601562,0.4619012749671936,0.17906067621409893,0.25259203278778386,0.5204393225669861,1.359163518333435,10000,5,1.359163518333435,0.9759950523376465,0.38316846599578847,0.9759950523376465,0.38316846599578847,0.015759268850088118,0.008937730467616952,0,,,,,,,,,,,,,,,,,,,,,,,,,,,,,1.717147693622676,0.7774665516171826,0.9701965150453151,2.787043617141028,0.9851415772387064,229.61346861236282,227.1734625580691,,,392.24577539786696,316.13279319117936,392.24577539786696,316.13279319117936,229.61346861236282,227.1734625580691,392.24577539786696,316.13279319117936,,,,,,,,,0.05,1e-05,1,product,1.0,,,,,,,,,,,,,,,,,,,,,,,,1.0,,,1,101770,10.795431387816345,0.02709378622956087,0.020274887953559896,0.0232220022007823,0.05525729097425938,0.0685117470474076,0.003266657214179556,0.055584125220775604,0.06439424976706505,0.06626401282846928,0.0684082955121994,0.07066489942371845,0.07276500836014747,0.07404869794845581,0.0851573497056961,214.4979114224731,20.445563161461124,137.89727783203125,213.68914031982422,241.1602981567383,323.6670227050781,478.78007232742345,-545870.7589241873,-128530.00494812976,0.39636206039835276,0.2977797809342909,1.5605610585861844e-06,0.06299605347072737,0.16056143412906604,0.33893385466929005,0.5696403283547158,0.8086564203994069,0.9584578640122027,2.581243303023673,-11.562277432851998,9.62710566852557,-24.013733142096985,-9.39770098367121,-1.84471921966394,0.6846811437555271,0.9590449051783433,0.9995873047066915,1.0,0.04095509482165668,0.0004126952933084406,0.0,4168,42,0,1.1455170868094409,0.018953967839479446,,1.7749020151024373,0.300556586270872,0.0009276437847866419,,,,214.4979248046875,20.4455623626709,10.795431387816345,0.06851174682378769,0.6052506604899299,0.3597616798795637,,,1.68405779271724,,143.73333333333332,183.26609676157295,2.0,648.0,random,,,,,,,,,,,,,,snr_histograms.csv,calibration_bins.csv,188.86645050048827,200.25921249389648,227.7427520751953,249.63168487548828,-116.134379122919,-15.887175230545797,-4.88798543798589,-0.368539498946405,8.236578844701416,19.061640977859497,21.46399109363556,129.55893349647522,525.2403766767545,689.1291522014709,103.03962116742547,103.25475579776752,225.46637851510283,837.425963009528,867.1013429216948,103.03962116742547,103.25475579776752,225.46637851510283,837.425963009528,867.1013429216948,0.9711675847233917,1.4342708132021307,2.750785444312507,0.011732046909038717,0.9678809814816739,0.9687236728787227,0.9911979066188653,0.9959315443520251,0.9959353339986141,19.061640977859497,21.46399109363556,129.55893349647522,525.2403766767545,689.1291522014709,103.03962116742547,103.25475579776752,225.46637851510283,837.425963009528,867.1013429216948,product,0.994354315869075,
bayesfl_observability_v1,vi_lr0p002_b32_e2,57,vi,mnist,mlp,0,0,0.1,0.5,300,24,0.05,15,2966,2966,2,32,0.05,42,1,5,5,9.977679170668125,4.551354181021452,0.009291484951972961,5.425810609012842,0,15,14,0.6855,1.0123327944755554,528.8577856904188,0.6855,0.3145,1.0123327944755554,1.0123327944755554,0.4683803950786591,0.1611065957888961,0.24745539110707615,0.524393401145935,1.337664859008789,10000,5,1.337664859008789,0.9525761163711548,0.38508874263763415,0.9525761163711548,0.38508874263763415,0.016107022869586946,0.008954853118573216,0,,,,,,,,,,,,,,,,,,,,,,,,,,,,,1.9076458977298354,0.6696319488929974,0.9704996982342438,2.7633113929788142,0.9830840674107606,269.1545436295596,218.14205971940666,,,446.9617197582912,282.0936983031246,446.9617197582912,282.0936983031246,269.1545436295596,218.14205971940666,446.9617197582912,282.0936983031246,,,,,,,,,0.05,1e-05,1,product,1.0,,,,,,,,,,,,,,,,,,,,,,,,1.0,,,1,101770,10.856168337761094,0.027235815443654523,0.020402855100081076,0.023309536278247833,0.05559888482093812,0.06890984962210155,0.0033176346082618388,0.056376051157712936,0.06472384855151177,0.06661412864923477,0.06881285086274147,0.07108676992356777,0.07322857305407525,0.07453629747033119,0.08530870079994202,212.05483038865643,20.409375309295847,137.40841674804688,211.1839370727539,238.7104019165039,314.6376647949219,484.38185354503065,-544695.9773106027,-127942.6141412205,0.39617333155521056,0.29799809402731964,8.153119351798457e-06,0.06219545737707236,0.16041069715323444,0.33822400468446995,0.5698239299502547,0.809218693559393,0.9582852157875236,2.682704469726378,-11.568638718298974,9.630349668782484,-24.12482669427305,-9.415911451614079,-1.838681865145202,0.6852412302250172,0.9589269922373981,0.9995676525498673,1.0,0.04107300776260195,0.00043234745013265204,0.0,4180,44,0,1.135933578914272,0.014756999909877777,,2.0541099873735114,0.3536749831422792,0.00033715441672285906,,,,212.0548095703125,20.40937614440918,10.856168337761094,0.06890984624624252,0.5502345424237507,0.49462078847112706,,,1.7583137011624819,,197.73333333333332,259.36267186230856,1.0,1047.0,random,,,,,,,,,,,,,,snr_histograms.csv,calibration_bins.csv,186.48282623291016,197.88936233520508,225.35505294799805,247.0053970336913,-101.77352293633264,-15.895333474751139,-4.885186327560207,-0.37010424027130384,8.571456657048007,24.119654178619385,39.38602066040039,181.34331226348877,531.0515851226719,758.6897076982441,101.99895643597486,102.17126406955627,337.0886459475336,824.2982982491106,835.7261910971181,101.99895643597486,102.17126406955627,337.0886459475336,824.2982982491106,835.7261910971181,0.9711740315307918,1.7620283354849768,2.7445970639110904,0.01039456071975593,0.9687581699623277,0.9691957804116464,0.9869440426528117,0.9959772460410737,0.9959847330928392,24.119654178619385,39.38602066040039,181.34331226348877,531.0515851226719,758.6897076982441,101.99895643597486,102.17126406955627,337.0886459475336,824.2982982491106,835.7261910971181,product,0.9945107131821604,
bayesfl_observability_v1,vi_lr0p002_b32_e2,58,vi,mnist,mlp,0,0,0.1,0.5,300,24,0.05,15,2597,2597,2,32,0.05,42,1,5,5,9.471459276974201,4.1292727664113045,0.011563379317522049,5.341634169220924,0,15,14,0.7009,0.9782835657119751,465.19702768925697,0.7009,0.29910000000000003,0.9782835657119751,0.9782835657119751,0.4522699505329132,0.16678144751936197,0.23409143262812426,0.5341185503959656,1.3318175413131714,10000,5,1.3318175413131714,0.9413283643722534,0.390489176940918,0.9413283643722534,0.390489176940918,0.015952264997363092,0.009110291982591267,0,,,,,,,,,,,,,,,,,,,,,,,,,,,,,1.9024918323880828,0.7023213160406682,0.9707777114893423,2.8083696600856958,0.9831679398655333,263.2108949118304,204.71558930581313,,,443.99246164941746,285.0845455546593,443.99246164941746,285.0845455546593,263.2108949118304,204.71558930581313,443.99246164941746,285.0845455546593,,,,,,,,,0.05,1e-05,1,product,1.0,,,,,,,,,,,,,,,,,,,,,,,,1.0,,,1,101770,10.90105657973093,0.02734033208986452,0.020498023238762802,0.023355831392109394,0.05577609837055208,0.06927508429542786,0.003351220029128661,0.056523945182561874,0.0650503695011139,0.06695824675261974,0.06917646154761314,0.07149620726704597,0.07363158017396927,0.07494295351207256,0.08580011129379272,209.83868949345126,20.293088616307884,135.8389434814453,208.96969604492188,236.32000427246095,312.9933166503906,489.54097230651223,-543622.2889601286,-127405.76996587722,0.39559792591630244,0.2978129179180571,3.7482562901057303e-06,0.062420047762411245,0.16037534679238052,0.33750665775189875,0.5686381930416293,0.8070481682285268,0.958027843399243,2.7185705979532138,-11.59099974354858,9.655009161283742,-24.093518067210447,-9.43435311700648,-1.8620108775457425,0.6854279257148472,0.9586027316497986,0.9995873047066915,1.0,0.04139726835020143,0.0004126952933084406,0.0,4213,42,0,0.9991917404593716,0.01422036113217473,,2.2074253663125027,0.22718521370812475,0.0015402387370042356,,,,209.8386993408203,20.293088912963867,10.90105657973093,0.06927508860826492,0.7376883422718744,0.4125435771698616,,,1.5666078016296237,,173.13333333333333,176.24825925066293,4.0,590.0,random,,,,,,,,,,,,,,snr_histograms.csv,calibration_bins.csv,184.4470687866211,195.6293487548828,223.044677734375,244.57455444335938,-108.52341211321972,-15.897247830874988,-4.9032794787163745,-0.37243737513899833,8.68681231161639,31.894869565963745,40.18875231742859,225.74193167686462,569.8197389643332,643.55971497611,100.92534178048552,101.05533303668679,431.6820673908986,830.9062539034619,857.8091325431781,100.92534178048552,101.05533303668679,431.6820673908986,830.9062539034619,857.8091325431781,0.9715119007010328,2.004190283095406,2.765085308359062,0.010567498054337435,0.9680606028279862,0.969037412266632,0.9833878766889577,0.9960213840743867,0.9960246282285021,31.894869565963745,40.18875231742859,225.74193167686462,569.8197389643332,643.55971497611,100.92534178048552,101.05533303668679,431.6820673908986,830.9062539034619,857.8091325431781,product,0.9957903583570324,
bayesfl_observability_v1,vi_lr0p002_b32_e2,59,vi,mnist,mlp,0,0,0.1,0.5,300,24,0.05,15,4793,4793,2,32,0.05,42,1,5,5,11.715749487280846,6.316910419613123,0.010220661759376526,5.39827948063612,0,15,12,0.6926,1.0012004323959351,606.1597511321221,0.6926,0.3074,1.0012004323959351,1.0012004323959351,0.4605570607662201,0.15841582242250443,0.22698392535404177,0.534184178352356,1.3265340892791748,10000,5,1.3265340892791748,0.9402107005119323,0.3863233887672425,0.9402107005119323,0.3863233887672425,0.015954363352060318,0.009213551686378333,0,,,,,,,,,,,,,,,,,,,,,,,,,,,,,2.1132683172637226,0.6711957539368395,0.9723668519226742,2.8173805635127454,0.9801164739567139,360.2815702805024,252.5252717641448,,,528.512001011121,296.57953578938816,528.512001011121,296.57953578938816,360.2815702805024,252.5252717641448,528.512001011121,296.57953578938816,,,,,,,,,0.05,1e-05,1,product,1.0,,,,,,,,,,,,,,,,,,,,,,,,1.0,,,1,101770,10.95020850616945,0.027457653000595692,0.020598386529267845,0.023472915403544903,0.05597716867923739,0.06972511205520238,0.0034011735573230444,0.05647323653101921,0.06543760150671005,0.06737326085567474,0.06962979584932327,0.0719693023711443,0.07414374724030495,0.07548969015479087,0.08755852282047272,207.16311926604183,20.203897269880223,130.43771362304688,206.25750732421875,233.53138427734376,313.5556640625,495.9414151095953,-542308.3136211178,-126748.78229624369,0.3947517671247499,0.29741942105014496,1.4437426309078263e-06,0.06235307198648189,0.15875122445194956,0.3371308564922868,0.5670291830513667,0.8056226965795099,0.9576612091930492,2.743032148093066,-11.607926942613158,9.652160796000482,-24.102842904344033,-9.444029923487292,-1.8773661405285755,0.6867839245357178,0.9594084700795912,0.9995480003930431,1.0,0.040591529920408764,0.00045199960695686353,0.0,4131,46,0,1.0299444944030838,0.015474680811166763,,1.9222492217781642,0.35113707490089713,0.0008345503859795535,,,,207.16311645507812,20.20389747619629,10.95020850616945,0.06972511112689972,0.5800288459256712,0.4759212318174885,,,1.7375405301766764,,319.53333333333336,341.8264406911138,4.0,1161.0,random,,,,,,,,,,,,,,snr_histograms.csv,calibration_bins.csv,181.90764312744142,193.06582641601562,220.30524826049805,241.77170639038084,-116.81019837309637,-15.985658329124396,-4.927891778622261,-0.3757620732711805,8.764617950545135,29.469675540924072,93.66354846954346,361.42913126945496,689.6375120258331,746.8268743753433,100.20638876464821,218.31831782957974,652.2497202926529,839.5863509028036,855.0145469542742,100.20638876464821,218.31831782957974,652.2497202926529,839.5863509028036,855.0145469542742,1.4342869286475213,2.4732369262912655,2.792450911659528,0.010849055247514275,0.9681909947674728,0.9687347148609691,0.9752374876332524,0.99145844044857,0.9960438571811661,29.469675540924072,93.66354846954346,361.42913126945496,689.6375120258331,746.8268743753433,100.20638876464821,218.31831782957974,652.2497202926529,839.5863509028036,855.0145469542742,product,0.9955668090280482,
bayesfl_observability_v1,vi_lr0p002_b32_e2,60,vi,mnist,mlp,0,0,0.1,0.5,300,24,0.05,15,2092,2092,2,32,0.05,42,1,5,5,9.632485423237085,4.086314022541046,0.010539714246988297,5.54563195630908,0,15,13,0.7132,0.9675263244628907,385.67844589107216,0.7132,0.28680000000000005,0.9675263244628907,0.9675263244628907,0.442611692905426,0.17360731872916224,0.26485673193754067,0.5399036087989807,1.3215282974243163,10000,5,1.3215282974243163,0.9349810165405273,0.386547280883789,0.9349810165405273,0.386547280883789,0.01570285412669182,0.009312278250690784,13,0.9557808821524201,0.9545130926864673,0.06263912055913355,0.8,0.8690476190476191,0.92,1.0,1.0,1.0,1.0,0.18701020481834466,0.19419347020128558,0.18342129455407802,0.013800089247524738,0.17314315795898438,0.6184932844979423,,,0.19419347020128558,,,,,,,,,,1.8782316709741587,0.6883792951631421,0.9713601789500119,2.748962158098607,0.9838840151092126,234.8305057741175,173.53257391416025,,,421.43016654330074,271.09180160682445,421.43016654330074,271.09180160682445,234.8305057741175,173.53257391416025,421.43016654330074,271.09180160682445,,,,,,,,,0.05,1e-05,1,product,1.0,,,,,,,,,,,,,,,,,,,,,,,,1.0,,,1,101770,10.989524641172002,0.027559990577539176,0.020667341099859755,0.023559175431728363,0.05615521147847177,0.07005793471967348,0.0034261681968583914,0.05647755786776543,0.06573435068130493,0.06768764555454254,0.06996232643723488,0.07231860235333443,0.07452074140310287,0.07586153037846087,0.08805947750806808,205.2068807811274,20.063587773499556,128.95785522460938,204.30148315429688,231.42764587402345,313.5076599121094,500.6934241068069,-541340.2892969036,-126264.77013404292,0.3943481550909244,0.29699344573944386,9.29015966361023e-06,0.0629207863644358,0.15902482188319372,0.33660907637524173,0.5674183588000068,0.804574728325751,0.9569068253171461,2.7036168264492,-11.607469369230403,9.62380520720386,-24.02411716674763,-9.457483556494651,-1.888672254627837,0.6872064459074383,0.9594674265500639,0.9995578264714552,1.0,0.04053257344993613,0.0004421735285447578,0.0,4125,45,0,0.9077869647460578,0.013065529987215996,,2.091289920114181,0.20936902485659656,0.0033460803059273425,,,,205.2068634033203,20.063589096069336,10.989524641172002,0.0700579360127449,0.6789580241072266,0.4570553692218597,,,1.6077883172490057,,139.46666666666667,122.26466737732896,7.0,344.0,random,,,,,,,,,,,,outputs/tune_vi_mnist_noniid_unbalanced/vi_lr0p002_b32_e2/posterior_snapshots/final.pt,,snr_histograms.csv,calibration_bins.csv,180.07178497314453,191.205322265625,218.26353454589844,239.61166152954098,-100.63953550545328,-15.970701644749571,-4.921932335184039,-0.38260695441994635,8.638902813808546,27.810651302337646,32.87711250782013,196.6140480041504,478.4598183064027,496.3490945425901,98.67795020972954,98.87704684458406,424.7081357112734,786.9177917175926,798.4143321540657,98.67795020972954,98.87704684458406,424.7081357112734,786.9177917175926,798.4143321540657,0.9720667475957305,2.010932443132885,2.7290049639489684,0.010153648280273415,0.9698394191730333,0.9703269843828098,0.9835899873441908,0.9960823792440504,0.9960902076890298,27.810651302337646,32.87711250782013,196.6140480041504,478.4598183064027,496.3490945425901,98.67795020972954,98.87704684458406,424.7081357112734,786.9177917175926,798.4143321540657,product,0.9965824002257543,0.18342129455407802
