schema_version,run_id,round,method,eval_scope,physical_client_id,virtual_client_id,bin_id,bin_left,bin_right,bin_count,bin_accuracy,bin_confidence,bin_gap,ece_contribution,nll_mean,brier_mean
bayesfl_observability_v1,ola_lr0p002_b32_e2_lam0p01_pinit0p01_fclip10p0,0,ola,global_test,,,0,0.0,0.06666666666666667,0,,,,,,
bayesfl_observability_v1,ola_lr0p002_b32_e2_lam0p01_pinit0p01_fclip10p0,0,ola,global_test,,,1,0.06666666666666667,0.13333333333333333,4095,0.08766788766788766,0.12535456008162982,0.037686672413742156,0.015432692353427414,2.2884935991522446,0.8978898217826535
bayesfl_observability_v1,ola_lr0p002_b32_e2_lam0p01_pinit0p01_fclip10p0,0,ola,global_test,,,2,0.13333333333333333,0.2,5837,0.12163782765119067,0.15004774639617505,0.028409918744984372,0.01658286957144738,2.2803762033007335,0.8967598541276758
bayesfl_observability_v1,ola_lr0p002_b32_e2_lam0p01_pinit0p01_fclip10p0,0,ola,global_test,,,3,0.2,0.26666666666666666,67,0.13432835820895522,0.21417166048021458,0.07984330227125935,0.0005349501252174376,2.3191338652995097,0.9078408257285161
bayesfl_observability_v1,ola_lr0p002_b32_e2_lam0p01_pinit0p01_fclip10p0,0,ola,global_test,,,4,0.26666666666666666,0.3333333333333333,1,0.0,0.2757571041584015,0.2757571041584015,2.7575710415840148e-05,2.4181761741638184,0.960219144821167
bayesfl_observability_v1,ola_lr0p002_b32_e2_lam0p01_pinit0p01_fclip10p0,0,ola,global_test,,,5,0.3333333333333333,0.4,0,,,,,,
bayesfl_observability_v1,ola_lr0p002_b32_e2_lam0p01_pinit0p01_fclip10p0,0,ola,global_test,,,6,0.4,0.4666666666666667,0,,,,,,
bayesfl_observability_v1,ola_lr0p002_b32_e2_lam0p01_pinit0p01_fclip10p0,0,ola,global_test,,,7,0.4666666666666667,0.5333333333333333,0,,,,,,
bayesfl_observability_v1,ola_lr0p002_b32_e2_lam0p01_pinit0p01_fclip10p0,0,ola,global_test,,,8,0.5333333333333333,0.6,0,,,,,,
bayesfl_observability_v1,ola_lr0p002_b32_e2_lam0p01_pinit0p01_fclip10p0,0,ola,global_test,,,9,0.6,0.6666666666666666,0,,,,,,
bayesfl_observability_v1,ola_lr0p002_b32_e2_lam0p01_pinit0p01_fclip10p0,0,ola,global_test,,,10,0.6666666666666666,0.7333333333333333,0,,,,,,
bayesfl_observability_v1,ola_lr0p002_b32_e2_lam0p01_pinit0p01_fclip10p0,0,ola,global_test,,,11,0.7333333333333333,0.8,0,,,,,,
bayesfl_observability_v1,ola_lr0p002_b32_e2_lam0p01_pinit0p01_fclip10p0,0,ola,global_test,,,12,0.8,0.8666666666666667,0,,,,,,
bayesfl_observability_v1,ola_lr0p002_b32_e2_lam0p01_pinit0p01_fclip10p0,0,ola,global_test,,,13,0.8666666666666667,0.9333333333333333,0,,,,,,
bayesfl_observability_v1,ola_lr0p002_b32_e2_lam0p01_pinit0p01_fclip10p0,0,ola,global_test,,,14,0.9333333333333333,1.0,0,,,,,,
bayesfl_observability_v1,ola_lr0p002_b32_e2_lam0p01_pinit0p01_fclip10p0,0,ola,global_test_mc,,,0,0.0,0.06666666666666667,0,,,,,,
bayesfl_observability_v1,ola_lr0p002_b32_e2_lam0p01_pinit0p01_fclip10p0,0,ola,global_test_mc,,,1,0.06666666666666667,0.13333333333333333,3739,0.09360791655522867,0.12574199700090904,0.03213408044568038,0.012014932678639893,2.288528807375577,0.897864156385959
bayesfl_observability_v1,ola_lr0p002_b32_e2_lam0p01_pinit0p01_fclip10p0,0,ola,global_test_mc,,,2,0.13333333333333333,0.2,6165,0.12100567721005677,0.1504876455638047,0.02948196835374793,0.0181756334900856,2.284842775318551,0.8975524125791428
bayesfl_observability_v1,ola_lr0p002_b32_e2_lam0p01_pinit0p01_fclip10p0,0,ola,global_test_mc,,,3,0.2,0.26666666666666666,95,0.14736842105263157,0.21376353423846395,0.06639511318583238,0.0006307535752654076,2.312671406645524,0.9039032158098723
bayesfl_observability_v1,ola_lr0p002_b32_e2_lam0p01_pinit0p01_fclip10p0,0,ola,global_test_mc,,,4,0.26666666666666666,0.3333333333333333,1,0.0,0.2691476345062256,0.2691476345062256,2.691476345062256e-05,2.34326434135437,0.9444937705993652
bayesfl_observability_v1,ola_lr0p002_b32_e2_lam0p01_pinit0p01_fclip10p0,0,ola,global_test_mc,,,5,0.3333333333333333,0.4,0,,,,,,
bayesfl_observability_v1,ola_lr0p002_b32_e2_lam0p01_pinit0p01_fclip10p0,0,ola,global_test_mc,,,6,0.4,0.4666666666666667,0,,,,,,
bayesfl_observability_v1,ola_lr0p002_b32_e2_lam0p01_pinit0p01_fclip10p0,0,ola,global_test_mc,,,7,0.4666666666666667,0.5333333333333333,0,,,,,,
bayesfl_observability_v1,ola_lr0p002_b32_e2_lam0p01_pinit0p01_fclip10p0,0,ola,global_test_mc,,,8,0.5333333333333333,0.6,0,,,,,,
bayesfl_observability_v1,ola_lr0p002_b32_e2_lam0p01_pinit0p01_fclip10p0,0,ola,global_test_mc,,,9,0.6,0.6666666666666666,0,,,,,,
bayesfl_observability_v1,ola_lr0p002_b32_e2_lam0p01_pinit0p01_fclip10p0,0,ola,global_test_mc,,,10,0.6666666666666666,0.7333333333333333,0,,,,,,
bayesfl_observability_v1,ola_lr0p002_b32_e2_lam0p01_pinit0p01_fclip10p0,0,ola,global_test_mc,,,11,0.7333333333333333,0.8,0,,,,,,
bayesfl_observability_v1,ola_lr0p002_b32_e2_lam0p01_pinit0p01_fclip10p0,0,ola,global_test_mc,,,12,0.8,0.8666666666666667,0,,,,,,
bayesfl_observability_v1,ola_lr0p002_b32_e2_lam0p01_pinit0p01_fclip10p0,0,ola,global_test_mc,,,13,0.8666666666666667,0.9333333333333333,0,,,,,,
bayesfl_observability_v1,ola_lr0p002_b32_e2_lam0p01_pinit0p01_fclip10p0,0,ola,global_test_mc,,,14,0.9333333333333333,1.0,0,,,,,,
bayesfl_observability_v1,ola_lr0p002_b32_e2_lam0p01_pinit0p01_fclip10p0,1,ola,global_test,,,0,0.0,0.06666666666666667,0,,,,,,
bayesfl_observability_v1,ola_lr0p002_b32_e2_lam0p01_pinit0p01_fclip10p0,1,ola,global_test,,,1,0.06666666666666667,0.13333333333333333,70,0.12857142857142856,0.1277408269899232,0.000830601581505358,5.814211070537506e-06,2.2277277844292778,0.8860494886125837
bayesfl_observability_v1,ola_lr0p002_b32_e2_lam0p01_pinit0p01_fclip10p0,1,ola,global_test,,,2,0.13333333333333333,0.2,3003,0.12354312354312354,0.17315203988508426,0.049608916341960727,0.014897557577490807,2.219682273291525,0.8848496885685535
bayesfl_observability_v1,ola_lr0p002_b32_e2_lam0p01_pinit0p01_fclip10p0,1,ola,global_test,,,3,0.2,0.26666666666666666,3639,0.056608958505083816,0.23142902483878539,0.17482006633370156,0.063617022138834,2.3549115480253677,0.9211484414268634
bayesfl_observability_v1,ola_lr0p002_b32_e2_lam0p01_pinit0p01_fclip10p0,1,ola,global_test,,,4,0.26666666666666666,0.3333333333333333,1948,0.1473305954825462,0.29619863148954617,0.14886803600699997,0.028999493414163593,2.3344968796633108,0.9182215899963398
bayesfl_observability_v1,ola_lr0p002_b32_e2_lam0p01_pinit0p01_fclip10p0,1,ola,global_test,,,5,0.3333333333333333,0.4,875,0.28114285714285714,0.36178260895184106,0.08063975180898392,0.0070559782832860934,2.190978371688298,0.8700918228285653
bayesfl_observability_v1,ola_lr0p002_b32_e2_lam0p01_pinit0p01_fclip10p0,1,ola,global_test,,,6,0.4,0.4666666666666667,327,0.4036697247706422,0.4272871037506547,0.023617378980012482,0.0007722882926464082,2.0062283122575977,0.8014294973571731
bayesfl_observability_v1,ola_lr0p002_b32_e2_lam0p01_pinit0p01_fclip10p0,1,ola,global_test,,,7,0.4666666666666667,0.5333333333333333,97,0.4639175257731959,0.49192483984317975,0.028007314069983857,0.00027167094647884344,1.878381298374884,0.7545667352135649
bayesfl_observability_v1,ola_lr0p002_b32_e2_lam0p01_pinit0p01_fclip10p0,1,ola,global_test,,,8,0.5333333333333333,0.6,32,0.8125,0.5587946958839893,0.25370530411601067,0.0008118569731712342,1.0543998554348946,0.4119806499220431
bayesfl_observability_v1,ola_lr0p002_b32_e2_lam0p01_pinit0p01_fclip10p0,1,ola,global_test,,,9,0.6,0.6666666666666666,9,0.7777777777777778,0.6270835200945536,0.1506942576832242,0.00013562483191490178,1.0850942532221477,0.42184507681263816
bayesfl_observability_v1,ola_lr0p002_b32_e2_lam0p01_pinit0p01_fclip10p0,1,ola,global_test,,,10,0.6666666666666666,0.7333333333333333,0,,,,,,
bayesfl_observability_v1,ola_lr0p002_b32_e2_lam0p01_pinit0p01_fclip10p0,1,ola,global_test,,,11,0.7333333333333333,0.8,0,,,,,,
bayesfl_observability_v1,ola_lr0p002_b32_e2_lam0p01_pinit0p01_fclip10p0,1,ola,global_test,,,12,0.8,0.8666666666666667,0,,,,,,
bayesfl_observability_v1,ola_lr0p002_b32_e2_lam0p01_pinit0p01_fclip10p0,1,ola,global_test,,,13,0.8666666666666667,0.9333333333333333,0,,,,,,
bayesfl_observability_v1,ola_lr0p002_b32_e2_lam0p01_pinit0p01_fclip10p0,1,ola,global_test,,,14,0.9333333333333333,1.0,0,,,,,,
bayesfl_observability_v1,ola_lr0p002_b32_e2_lam0p01_pinit0p01_fclip10p0,1,ola,global_test_mc,,,0,0.0,0.06666666666666667,0,,,,,,
bayesfl_observability_v1,ola_lr0p002_b32_e2_lam0p01_pinit0p01_fclip10p0,1,ola,global_test_mc,,,1,0.06666666666666667,0.13333333333333333,65,0.07692307692307693,0.1278506779899964,0.05092760106691946,0.0003310294069349765,2.2456217802487886,0.890413053219135
bayesfl_observability_v1,ola_lr0p002_b32_e2_lam0p01_pinit0p01_fclip10p0,1,ola,global_test_mc,,,2,0.13333333333333333,0.2,2865,0.11832460732984293,0.17394287658507496,0.05561826925523203,0.015934634141623976,2.2250991475935797,0.8860048342957755
bayesfl_observability_v1,ola_lr0p002_b32_e2_lam0p01_pinit0p01_fclip10p0,1,ola,global_test_mc,,,3,0.2,0.26666666666666666,3687,0.05668565229183618,0.23171530164028525,0.17502964934844906,0.06453343171477317,2.360977755932747,0.9220808446649811
bayesfl_observability_v1,ola_lr0p002_b32_e2_lam0p01_pinit0p01_fclip10p0,1,ola,global_test_mc,,,4,0.26666666666666666,0.3333333333333333,2020,0.14504950495049504,0.29597902016179395,0.1509295152112989,0.03048776207268238,2.3449664628741766,0.920534161441397
bayesfl_observability_v1,ola_lr0p002_b32_e2_lam0p01_pinit0p01_fclip10p0,1,ola,global_test_mc,,,5,0.3333333333333333,0.4,900,0.26,0.3624324781033728,0.1024324781033728,0.009218923029303551,2.238382852739758,0.8847085783878962
bayesfl_observability_v1,ola_lr0p002_b32_e2_lam0p01_pinit0p01_fclip10p0,1,ola,global_test_mc,,,6,0.4,0.4666666666666667,321,0.42990654205607476,0.42581070193620485,0.004095840119869909,0.00013147646784782407,1.972082697713858,0.785719524662814
bayesfl_observability_v1,ola_lr0p002_b32_e2_lam0p01_pinit0p01_fclip10p0,1,ola,global_test_mc,,,7,0.4666666666666667,0.5333333333333333,100,0.44,0.4933878231048584,0.0533878231048584,0.000533878231048584,1.9239359319210052,0.772997442483902
bayesfl_observability_v1,ola_lr0p002_b32_e2_lam0p01_pinit0p01_fclip10p0,1,ola,global_test_mc,,,8,0.5333333333333333,0.6,34,0.7352941176470589,0.5563022371600655,0.17899188048699333,0.0006085723936557773,1.216939859530505,0.48755592063945885
bayesfl_observability_v1,ola_lr0p002_b32_e2_lam0p01_pinit0p01_fclip10p0,1,ola,global_test_mc,,,9,0.6,0.6666666666666666,8,0.75,0.6208207234740257,0.12917927652597427,0.00010334342122077942,1.1450457572937012,0.4501342810690403
bayesfl_observability_v1,ola_lr0p002_b32_e2_lam0p01_pinit0p01_fclip10p0,1,ola,global_test_mc,,,10,0.6666666666666666,0.7333333333333333,0,,,,,,
bayesfl_observability_v1,ola_lr0p002_b32_e2_lam0p01_pinit0p01_fclip10p0,1,ola,global_test_mc,,,11,0.7333333333333333,0.8,0,,,,,,
bayesfl_observability_v1,ola_lr0p002_b32_e2_lam0p01_pinit0p01_fclip10p0,1,ola,global_test_mc,,,12,0.8,0.8666666666666667,0,,,,,,
bayesfl_observability_v1,ola_lr0p002_b32_e2_lam0p01_pinit0p01_fclip10p0,1,ola,global_test_mc,,,13,0.8666666666666667,0.9333333333333333,0,,,,,,
bayesfl_observability_v1,ola_lr0p002_b32_e2_lam0p01_pinit0p01_fclip10p0,1,ola,global_test_mc,,,14,0.9333333333333333,1.0,0,,,,,,
bayesfl_observability_v1,ola_lr0p002_b32_e2_lam0p01_pinit0p01_fclip10p0,2,ola,global_test,,,0,0.0,0.06666666666666667,0,,,,,,
bayesfl_observability_v1,ola_lr0p002_b32_e2_lam0p01_pinit0p01_fclip10p0,2,ola,global_test,,,1,0.06666666666666667,0.13333333333333333,4,0.0,0.12620268017053604,0.12620268017053604,5.048107206821442e-05,2.1547048687934875,0.8708994835615158
bayesfl_observability_v1,ola_lr0p002_b32_e2_lam0p01_pinit0p01_fclip10p0,2,ola,global_test,,,2,0.13333333333333333,0.2,2328,0.061855670103092786,0.1793555905370368,0.11749992043394403,0.02735398147702217,2.2652073521999148,0.8949778357783134
bayesfl_observability_v1,ola_lr0p002_b32_e2_lam0p01_pinit0p01_fclip10p0,2,ola,global_test,,,3,0.2,0.26666666666666666,3722,0.08033315421816228,0.23058981625768588,0.1502566620395236,0.05592552961111068,2.3343688164392766,0.9130790401440292
bayesfl_observability_v1,ola_lr0p002_b32_e2_lam0p01_pinit0p01_fclip10p0,2,ola,global_test,,,4,0.26666666666666666,0.3333333333333333,2058,0.13119533527696792,0.2964782115611437,0.16528287628417576,0.03401521593928337,2.2434059387277467,0.9002266598338636
bayesfl_observability_v1,ola_lr0p002_b32_e2_lam0p01_pinit0p01_fclip10p0,2,ola,global_test,,,5,0.3333333333333333,0.4,1164,0.18642611683848798,0.36273630647007954,0.17631018963159156,0.020522506073117258,2.1704257517233745,0.8926336032264831
bayesfl_observability_v1,ola_lr0p002_b32_e2_lam0p01_pinit0p01_fclip10p0,2,ola,global_test,,,6,0.4,0.4666666666666667,536,0.19962686567164178,0.42853961445724786,0.22891274878560608,0.012269723334908486,2.2103224949383025,0.9142458802506105
bayesfl_observability_v1,ola_lr0p002_b32_e2_lam0p01_pinit0p01_fclip10p0,2,ola,global_test,,,7,0.4666666666666667,0.5333333333333333,158,0.2911392405063291,0.4905330233181579,0.1993937828118288,0.0031504217684268946,2.102768576220621,0.8793540919506098
bayesfl_observability_v1,ola_lr0p002_b32_e2_lam0p01_pinit0p01_fclip10p0,2,ola,global_test,,,8,0.5333333333333333,0.6,28,0.21428571428571427,0.5528781179870877,0.33859240370137345,0.0009480587303638457,2.185100738491331,0.9701414432908807
bayesfl_observability_v1,ola_lr0p002_b32_e2_lam0p01_pinit0p01_fclip10p0,2,ola,global_test,,,9,0.6,0.6666666666666666,2,0.0,0.6139505803585052,0.6139505803585052,0.00012279011607170106,3.1451969146728516,1.3220667839050293
bayesfl_observability_v1,ola_lr0p002_b32_e2_lam0p01_pinit0p01_fclip10p0,2,ola,global_test,,,10,0.6666666666666666,0.7333333333333333,0,,,,,,
bayesfl_observability_v1,ola_lr0p002_b32_e2_lam0p01_pinit0p01_fclip10p0,2,ola,global_test,,,11,0.7333333333333333,0.8,0,,,,,,
bayesfl_observability_v1,ola_lr0p002_b32_e2_lam0p01_pinit0p01_fclip10p0,2,ola,global_test,,,12,0.8,0.8666666666666667,0,,,,,,
bayesfl_observability_v1,ola_lr0p002_b32_e2_lam0p01_pinit0p01_fclip10p0,2,ola,global_test,,,13,0.8666666666666667,0.9333333333333333,0,,,,,,
bayesfl_observability_v1,ola_lr0p002_b32_e2_lam0p01_pinit0p01_fclip10p0,2,ola,global_test,,,14,0.9333333333333333,1.0,0,,,,,,
bayesfl_observability_v1,ola_lr0p002_b32_e2_lam0p01_pinit0p01_fclip10p0,2,ola,global_test_mc,,,0,0.0,0.06666666666666667,0,,,,,,
bayesfl_observability_v1,ola_lr0p002_b32_e2_lam0p01_pinit0p01_fclip10p0,2,ola,global_test_mc,,,1,0.06666666666666667,0.13333333333333333,6,0.0,0.12792183458805084,0.12792183458805084,7.67531007528305e-05,2.2291215658187866,0.8872595826784769
bayesfl_observability_v1,ola_lr0p002_b32_e2_lam0p01_pinit0p01_fclip10p0,2,ola,global_test_mc,,,2,0.13333333333333333,0.2,2364,0.05964467005076142,0.17952588362565702,0.1198812135748956,0.02833991888910532,2.2799007075692193,0.897937425199499
bayesfl_observability_v1,ola_lr0p002_b32_e2_lam0p01_pinit0p01_fclip10p0,2,ola,global_test_mc,,,3,0.2,0.26666666666666666,3738,0.07972177635098983,0.23074209010811525,0.15102031375712544,0.056451393282413484,2.3429597126984736,0.9144352413614272
bayesfl_observability_v1,ola_lr0p002_b32_e2_lam0p01_pinit0p01_fclip10p0,2,ola,global_test_mc,,,4,0.26666666666666666,0.3333333333333333,2095,0.13365155131264916,0.29603267940814854,0.16238112809549937,0.034018846336007116,2.254299166947959,0.9016485201715001
bayesfl_observability_v1,ola_lr0p002_b32_e2_lam0p01_pinit0p01_fclip10p0,2,ola,global_test_mc,,,5,0.3333333333333333,0.4,1139,0.19139596136962247,0.36238950056606895,0.17099353919644647,0.019476164114475253,2.160156813287442,0.8887268015174514
bayesfl_observability_v1,ola_lr0p002_b32_e2_lam0p01_pinit0p01_fclip10p0,2,ola,global_test_mc,,,6,0.4,0.4666666666666667,500,0.196,0.42909881579875947,0.23309881579875946,0.011654940789937973,2.2167436606884,0.9177642440795899
bayesfl_observability_v1,ola_lr0p002_b32_e2_lam0p01_pinit0p01_fclip10p0,2,ola,global_test_mc,,,7,0.4666666666666667,0.5333333333333333,136,0.27941176470588236,0.4921556088854285,0.21274384417954612,0.002893316280841827,2.0548180648509193,0.873797317418982
bayesfl_observability_v1,ola_lr0p002_b32_e2_lam0p01_pinit0p01_fclip10p0,2,ola,global_test_mc,,,8,0.5333333333333333,0.6,22,0.13636363636363635,0.5535882955247705,0.41722465916113416,0.0009178942501544953,2.4784417938102377,1.0706045349890536
bayesfl_observability_v1,ola_lr0p002_b32_e2_lam0p01_pinit0p01_fclip10p0,2,ola,global_test_mc,,,9,0.6,0.6666666666666666,0,,,,,,
bayesfl_observability_v1,ola_lr0p002_b32_e2_lam0p01_pinit0p01_fclip10p0,2,ola,global_test_mc,,,10,0.6666666666666666,0.7333333333333333,0,,,,,,
bayesfl_observability_v1,ola_lr0p002_b32_e2_lam0p01_pinit0p01_fclip10p0,2,ola,global_test_mc,,,11,0.7333333333333333,0.8,0,,,,,,
bayesfl_observability_v1,ola_lr0p002_b32_e2_lam0p01_pinit0p01_fclip10p0,2,ola,global_test_mc,,,12,0.8,0.8666666666666667,0,,,,,,
bayesfl_observability_v1,ola_lr0p002_b32_e2_lam0p01_pinit0p01_fclip10p0,2,ola,global_test_mc,,,13,0.8666666666666667,0.9333333333333333,0,,,,,,
bayesfl_observability_v1,ola_lr0p002_b32_e2_lam0p01_pinit0p01_fclip10p0,2,ola,global_test_mc,,,14,0.9333333333333333,1.0,0,,,,,,
bayesfl_observability_v1,ola_lr0p002_b32_e2_lam0p01_pinit0p01_fclip10p0,3,ola,global_test,,,0,0.0,0.06666666666666667,0,,,,,,
bayesfl_observability_v1,ola_lr0p002_b32_e2_lam0p01_pinit0p01_fclip10p0,3,ola,global_test,,,1,0.06666666666666667,0.13333333333333333,17,0.0,0.12761126590125701,0.12761126590125701,0.0002169391520321369,2.207325823166791,0.8822880737921771
bayesfl_observability_v1,ola_lr0p002_b32_e2_lam0p01_pinit0p01_fclip10p0,3,ola,global_test,,,2,0.13333333333333333,0.2,3220,0.28012422360248446,0.1768266661243039,0.10329755747818056,0.03326181350797414,2.1723204926304196,0.8688409032103438
bayesfl_observability_v1,ola_lr0p002_b32_e2_lam0p01_pinit0p01_fclip10p0,3,ola,global_test,,,3,0.2,0.26666666666666666,4056,0.15532544378698224,0.23048737936118652,0.07516193557420428,0.03048568106889726,2.233786345351142,0.8878724226467238
bayesfl_observability_v1,ola_lr0p002_b32_e2_lam0p01_pinit0p01_fclip10p0,3,ola,global_test,,,4,0.26666666666666666,0.3333333333333333,1866,0.22508038585209003,0.2945075776799315,0.06942719182784149,0.012955113995075223,2.172248119965499,0.8768905934669069
bayesfl_observability_v1,ola_lr0p002_b32_e2_lam0p01_pinit0p01_fclip10p0,3,ola,global_test,,,5,0.3333333333333333,0.4,567,0.42504409171075835,0.36219593041578085,0.0628481612949775,0.0035634907454252245,1.9062481836877383,0.7832552730196157
bayesfl_observability_v1,ola_lr0p002_b32_e2_lam0p01_pinit0p01_fclip10p0,3,ola,global_test,,,6,0.4,0.4666666666666667,210,0.6190476190476191,0.42859270260447546,0.1904549164431436,0.003999553245306015,1.496970725911004,0.6368367718798774
bayesfl_observability_v1,ola_lr0p002_b32_e2_lam0p01_pinit0p01_fclip10p0,3,ola,global_test,,,7,0.4666666666666667,0.5333333333333333,47,0.8085106382978723,0.49391116740855767,0.3145994708893146,0.0014786175131797786,1.110938437441562,0.46582366811468245
bayesfl_observability_v1,ola_lr0p002_b32_e2_lam0p01_pinit0p01_fclip10p0,3,ola,global_test,,,8,0.5333333333333333,0.6,15,0.8666666666666667,0.5501367131868998,0.31652995347976687,0.0004747949302196503,0.8966146032015483,0.3723452667395274
bayesfl_observability_v1,ola_lr0p002_b32_e2_lam0p01_pinit0p01_fclip10p0,3,ola,global_test,,,9,0.6,0.6666666666666666,2,1.0,0.6151487231254578,0.38485127687454224,7.697025537490845e-05,0.4860323369503021,0.1757768988609314
bayesfl_observability_v1,ola_lr0p002_b32_e2_lam0p01_pinit0p01_fclip10p0,3,ola,global_test,,,10,0.6666666666666666,0.7333333333333333,0,,,,,,
bayesfl_observability_v1,ola_lr0p002_b32_e2_lam0p01_pinit0p01_fclip10p0,3,ola,global_test,,,11,0.7333333333333333,0.8,0,,,,,,
bayesfl_observability_v1,ola_lr0p002_b32_e2_lam0p01_pinit0p01_fclip10p0,3,ola,global_test,,,12,0.8,0.8666666666666667,0,,,,,,
bayesfl_observability_v1,ola_lr0p002_b32_e2_lam0p01_pinit0p01_fclip10p0,3,ola,global_test,,,13,0.8666666666666667,0.9333333333333333,0,,,,,,
bayesfl_observability_v1,ola_lr0p002_b32_e2_lam0p01_pinit0p01_fclip10p0,3,ola,global_test,,,14,0.9333333333333333,1.0,0,,,,,,
bayesfl_observability_v1,ola_lr0p002_b32_e2_lam0p01_pinit0p01_fclip10p0,3,ola,global_test_mc,,,0,0.0,0.06666666666666667,0,,,,,,
bayesfl_observability_v1,ola_lr0p002_b32_e2_lam0p01_pinit0p01_fclip10p0,3,ola,global_test_mc,,,1,0.06666666666666667,0.13333333333333333,10,0.0,0.12791171669960022,0.12791171669960022,0.00012791171669960022,2.2733697652816773,0.893861448764801
bayesfl_observability_v1,ola_lr0p002_b32_e2_lam0p01_pinit0p01_fclip10p0,3,ola,global_test_mc,,,2,0.13333333333333333,0.2,3175,0.26047244094488187,0.1764274331716102,0.08404500777327167,0.02668428996801376,2.1841267721296296,0.8716199841649513
bayesfl_observability_v1,ola_lr0p002_b32_e2_lam0p01_pinit0p01_fclip10p0,3,ola,global_test_mc,,,3,0.2,0.26666666666666666,4120,0.141747572815534,0.23050512370553988,0.08875755089000589,0.03656811096668243,2.2486419778425715,0.8915258159336534
bayesfl_observability_v1,ola_lr0p002_b32_e2_lam0p01_pinit0p01_fclip10p0,3,ola,global_test_mc,,,4,0.26666666666666666,0.3333333333333333,1849,0.21903731746890212,0.29369418918602913,0.07465687171712701,0.013804055580496785,2.1722063350316447,0.8768041524582776
bayesfl_observability_v1,ola_lr0p002_b32_e2_lam0p01_pinit0p01_fclip10p0,3,ola,global_test_mc,,,5,0.3333333333333333,0.4,574,0.41986062717770034,0.36123038989326267,0.05863023728443767,0.003365375620126722,1.9168493198393113,0.7860727252548996
bayesfl_observability_v1,ola_lr0p002_b32_e2_lam0p01_pinit0p01_fclip10p0,3,ola,global_test_mc,,,6,0.4,0.4666666666666667,208,0.5865384615384616,0.4268514850678352,0.15968697647062635,0.003321489110589028,1.5645679307098572,0.6622254561919433
bayesfl_observability_v1,ola_lr0p002_b32_e2_lam0p01_pinit0p01_fclip10p0,3,ola,global_test_mc,,,7,0.4666666666666667,0.5333333333333333,48,0.8125,0.49183539611597854,0.32066460388402146,0.001539190098643303,1.1297219929595788,0.4664906474451224
bayesfl_observability_v1,ola_lr0p002_b32_e2_lam0p01_pinit0p01_fclip10p0,3,ola,global_test_mc,,,8,0.5333333333333333,0.6,14,0.7857142857142857,0.5521181225776672,0.23359616313661846,0.00032703462839126586,1.1008258759975433,0.45888214877673555
bayesfl_observability_v1,ola_lr0p002_b32_e2_lam0p01_pinit0p01_fclip10p0,3,ola,global_test_mc,,,9,0.6,0.6666666666666666,2,1.0,0.6326782703399658,0.3673217296600342,7.346434593200684e-05,0.4587836265563965,0.16306611895561218
bayesfl_observability_v1,ola_lr0p002_b32_e2_lam0p01_pinit0p01_fclip10p0,3,ola,global_test_mc,,,10,0.6666666666666666,0.7333333333333333,0,,,,,,
bayesfl_observability_v1,ola_lr0p002_b32_e2_lam0p01_pinit0p01_fclip10p0,3,ola,global_test_mc,,,11,0.7333333333333333,0.8,0,,,,,,
bayesfl_observability_v1,ola_lr0p002_b32_e2_lam0p01_pinit0p01_fclip10p0,3,ola,global_test_mc,,,12,0.8,0.8666666666666667,0,,,,,,
bayesfl_observability_v1,ola_lr0p002_b32_e2_lam0p01_pinit0p01_fclip10p0,3,ola,global_test_mc,,,13,0.8666666666666667,0.9333333333333333,0,,,,,,
bayesfl_observability_v1,ola_lr0p002_b32_e2_lam0p01_pinit0p01_fclip10p0,3,ola,global_test_mc,,,14,0.9333333333333333,1.0,0,,,,,,
bayesfl_observability_v1,ola_lr0p002_b32_e2_lam0p01_pinit0p01_fclip10p0,4,ola,global_test,,,0,0.0,0.06666666666666667,0,,,,,,
bayesfl_observability_v1,ola_lr0p002_b32_e2_lam0p01_pinit0p01_fclip10p0,4,ola,global_test,,,1,0.06666666666666667,0.13333333333333333,4,0.25,0.12678453885018826,0.12321546114981174,4.92861844599247e-05,2.308954894542694,0.9002566784620285
bayesfl_observability_v1,ola_lr0p002_b32_e2_lam0p01_pinit0p01_fclip10p0,4,ola,global_test,,,2,0.13333333333333333,0.2,1068,0.18445692883895132,0.1768996427289109,0.007557286110040418,0.0008071181565523166,2.1085267710998266,0.859891866309366
bayesfl_observability_v1,ola_lr0p002_b32_e2_lam0p01_pinit0p01_fclip10p0,4,ola,global_test,,,3,0.2,0.26666666666666666,2360,0.1173728813559322,0.23367270920741356,0.11629982785148137,0.0274467593729496,2.1388354731818375,0.8748381186844939
bayesfl_observability_v1,ola_lr0p002_b32_e2_lam0p01_pinit0p01_fclip10p0,4,ola,global_test,,,4,0.26666666666666666,0.3333333333333333,2213,0.14143696339810213,0.2979523881872585,0.15651542478915637,0.034636863505840304,2.1573064116078484,0.8885728264091999
bayesfl_observability_v1,ola_lr0p002_b32_e2_lam0p01_pinit0p01_fclip10p0,4,ola,global_test,,,5,0.3333333333333333,0.4,1600,0.138125,0.3642549883015454,0.2261299883015454,0.03618079812824727,2.2292361672967673,0.9218590283021331
bayesfl_observability_v1,ola_lr0p002_b32_e2_lam0p01_pinit0p01_fclip10p0,4,ola,global_test,,,6,0.4,0.4666666666666667,1017,0.16617502458210423,0.4303180098299197,0.26414298524781543,0.026863341599702828,2.2523166198528854,0.9430226165226193
bayesfl_observability_v1,ola_lr0p002_b32_e2_lam0p01_pinit0p01_fclip10p0,4,ola,global_test,,,7,0.4666666666666667,0.5333333333333333,697,0.24820659971305595,0.4986614713196775,0.2504548716066215,0.017456704550981517,2.178257564646613,0.9219368698564459
bayesfl_observability_v1,ola_lr0p002_b32_e2_lam0p01_pinit0p01_fclip10p0,4,ola,global_test,,,8,0.5333333333333333,0.6,460,0.3391304347826087,0.564925517724908,0.22579508294229927,0.010386573815345766,2.089158574135407,0.8769116929367833
bayesfl_observability_v1,ola_lr0p002_b32_e2_lam0p01_pinit0p01_fclip10p0,4,ola,global_test,,,9,0.6,0.6666666666666666,288,0.4791666666666667,0.6295697612480985,0.1504030945814318,0.004331609123945236,1.8106504519366555,0.7557199981787966
bayesfl_observability_v1,ola_lr0p002_b32_e2_lam0p01_pinit0p01_fclip10p0,4,ola,global_test,,,10,0.6666666666666666,0.7333333333333333,164,0.6707317073170732,0.6981170188363005,0.027385311519227296,0.00044911910891532765,1.3059584585631765,0.5342832807360626
bayesfl_observability_v1,ola_lr0p002_b32_e2_lam0p01_pinit0p01_fclip10p0,4,ola,global_test,,,11,0.7333333333333333,0.8,89,0.8089887640449438,0.7610746889971616,0.04791407504778222,0.00042643526792526175,0.9065630847818396,0.3446658823346154
bayesfl_observability_v1,ola_lr0p002_b32_e2_lam0p01_pinit0p01_fclip10p0,4,ola,global_test,,,12,0.8,0.8666666666666667,34,0.8823529411764706,0.82906574010849,0.05328720106798057,0.00018117648363113393,0.6303286328911781,0.22367008359116666
bayesfl_observability_v1,ola_lr0p002_b32_e2_lam0p01_pinit0p01_fclip10p0,4,ola,global_test,,,13,0.8666666666666667,0.9333333333333333,6,1.0,0.8811482787132263,0.11885172128677368,7.13110327720642e-05,0.12657896677652994,0.01622897945344448
bayesfl_observability_v1,ola_lr0p002_b32_e2_lam0p01_pinit0p01_fclip10p0,4,ola,global_test,,,14,0.9333333333333333,1.0,0,,,,,,
bayesfl_observability_v1,ola_lr0p002_b32_e2_lam0p01_pinit0p01_fclip10p0,4,ola,global_test_mc,,,0,0.0,0.06666666666666667,0,,,,,,
bayesfl_observability_v1,ola_lr0p002_b32_e2_lam0p01_pinit0p01_fclip10p0,4,ola,global_test_mc,,,1,0.06666666666666667,0.13333333333333333,5,0.2,0.127970552444458,0.072029447555542,3.6014723777771e-05,2.319573163986206,0.9037202596664429
bayesfl_observability_v1,ola_lr0p002_b32_e2_lam0p01_pinit0p01_fclip10p0,4,ola,global_test_mc,,,2,0.13333333333333333,0.2,1024,0.158203125,0.17793411693128292,0.019730991931282915,0.0020204535737633703,2.117618728778325,0.862587422656361
bayesfl_observability_v1,ola_lr0p002_b32_e2_lam0p01_pinit0p01_fclip10p0,4,ola,global_test_mc,,,3,0.2,0.26666666666666666,2337,0.11296534017971759,0.2348341244469354,0.12186878426721783,0.028480734883248805,2.1510411789644768,0.8781496448092446
bayesfl_observability_v1,ola_lr0p002_b32_e2_lam0p01_pinit0p01_fclip10p0,4,ola,global_test_mc,,,4,0.26666666666666666,0.3333333333333333,2264,0.142226148409894,0.29847536221567816,0.15624921380578416,0.03537482200562953,2.1713707776667794,0.8916022579314009
bayesfl_observability_v1,ola_lr0p002_b32_e2_lam0p01_pinit0p01_fclip10p0,4,ola,global_test_mc,,,5,0.3333333333333333,0.4,1658,0.1344993968636912,0.36477167647336445,0.23027227960967325,0.038179143959283825,2.2424136840606916,0.9253738555064104
bayesfl_observability_v1,ola_lr0p002_b32_e2_lam0p01_pinit0p01_fclip10p0,4,ola,global_test_mc,,,6,0.4,0.4666666666666667,1027,0.15774099318403115,0.43142612497553506,0.2736851317915039,0.02810746303498745,2.280714131666832,0.9513638811195024
bayesfl_observability_v1,ola_lr0p002_b32_e2_lam0p01_pinit0p01_fclip10p0,4,ola,global_test_mc,,,7,0.4666666666666667,0.5333333333333333,672,0.25595238095238093,0.49849081314390614,0.2425384321915252,0.016298582643270495,2.1730056099061454,0.9164457746914455
bayesfl_observability_v1,ola_lr0p002_b32_e2_lam0p01_pinit0p01_fclip10p0,4,ola,global_test_mc,,,8,0.5333333333333333,0.6,463,0.3347732181425486,0.5640752945038979,0.2293020763613493,0.010616686135530472,2.105845533874586,0.8823094764165178
bayesfl_observability_v1,ola_lr0p002_b32_e2_lam0p01_pinit0p01_fclip10p0,4,ola,global_test_mc,,,9,0.6,0.6666666666666666,276,0.4746376811594203,0.6286546743434408,0.1540169931840205,0.004250869011878966,1.8405124060269715,0.7641035104575364
bayesfl_observability_v1,ola_lr0p002_b32_e2_lam0p01_pinit0p01_fclip10p0,4,ola,global_test_mc,,,10,0.6666666666666666,0.7333333333333333,158,0.7088607594936709,0.6975761406783816,0.011284618815289305,0.000178296977281571,1.2135079367251336,0.4880919474872607
bayesfl_observability_v1,ola_lr0p002_b32_e2_lam0p01_pinit0p01_fclip10p0,4,ola,global_test_mc,,,11,0.7333333333333333,0.8,79,0.810126582278481,0.7609038873563839,0.04922269492209708,0.0003888592898845669,0.890522596768186,0.3398759671593014
bayesfl_observability_v1,ola_lr0p002_b32_e2_lam0p01_pinit0p01_fclip10p0,4,ola,global_test_mc,,,12,0.8,0.8666666666666667,33,0.8787878787878788,0.8258312759977399,0.05295660279013892,0.00017475678920745842,0.6711131546533469,0.2289615659551187
bayesfl_observability_v1,ola_lr0p002_b32_e2_lam0p01_pinit0p01_fclip10p0,4,ola,global_test_mc,,,13,0.8666666666666667,0.9333333333333333,4,1.0,0.8771940320730209,0.12280596792697906,4.9122387170791624e-05,0.13103683292865753,0.017230378929525614
bayesfl_observability_v1,ola_lr0p002_b32_e2_lam0p01_pinit0p01_fclip10p0,4,ola,global_test_mc,,,14,0.9333333333333333,1.0,0,,,,,,
bayesfl_observability_v1,ola_lr0p002_b32_e2_lam0p01_pinit0p01_fclip10p0,5,ola,global_test,,,0,0.0,0.06666666666666667,0,,,,,,
bayesfl_observability_v1,ola_lr0p002_b32_e2_lam0p01_pinit0p01_fclip10p0,5,ola,global_test,,,1,0.06666666666666667,0.13333333333333333,17,0.11764705882352941,0.12848324898411245,0.010836190160583042,1.8421523272991173e-05,2.27944418963264,0.8954402664128471
bayesfl_observability_v1,ola_lr0p002_b32_e2_lam0p01_pinit0p01_fclip10p0,5,ola,global_test,,,2,0.13333333333333333,0.2,1713,0.2084063047285464,0.1775488243228987,0.030857480405647703,0.005285886393487451,2.1028728778781214,0.8587286302170695
bayesfl_observability_v1,ola_lr0p002_b32_e2_lam0p01_pinit0p01_fclip10p0,5,ola,global_test,,,3,0.2,0.26666666666666666,3242,0.26866132017273286,0.23199108563809392,0.03667023453463894,0.011888490036129944,1.9784214601407883,0.8277539433446068
bayesfl_observability_v1,ola_lr0p002_b32_e2_lam0p01_pinit0p01_fclip10p0,5,ola,global_test,,,4,0.26666666666666666,0.3333333333333333,2054,0.16504381694255113,0.29727803124250896,0.13223421429995783,0.027160907617211336,2.078666662113576,0.8626499262211269
bayesfl_observability_v1,ola_lr0p002_b32_e2_lam0p01_pinit0p01_fclip10p0,5,ola,global_test,,,5,0.3333333333333333,0.4,1225,0.1673469387755102,0.36396201014518736,0.19661507136967715,0.024085346242785452,2.1389662817546298,0.8915693610055107
bayesfl_observability_v1,ola_lr0p002_b32_e2_lam0p01_pinit0p01_fclip10p0,5,ola,global_test,,,6,0.4,0.4666666666666667,728,0.22802197802197802,0.431305687301434,0.20328370927945597,0.014799054035544396,2.1495527121555673,0.8947451126116973
bayesfl_observability_v1,ola_lr0p002_b32_e2_lam0p01_pinit0p01_fclip10p0,5,ola,global_test,,,7,0.4666666666666667,0.5333333333333333,481,0.36174636174636177,0.49928884291847137,0.1375424811721096,0.006615793344378471,1.9868480558207031,0.8240105464218064
bayesfl_observability_v1,ola_lr0p002_b32_e2_lam0p01_pinit0p01_fclip10p0,5,ola,global_test,,,8,0.5333333333333333,0.6,248,0.5362903225806451,0.5637669005701619,0.02747657798951675,0.0006814191341400153,1.662691418442034,0.6831458934973325
bayesfl_observability_v1,ola_lr0p002_b32_e2_lam0p01_pinit0p01_fclip10p0,5,ola,global_test,,,9,0.6,0.6666666666666666,162,0.7222222222222222,0.6305095233299114,0.09171269889231082,0.001485745722055435,1.1873383544109486,0.4764370263358693
bayesfl_observability_v1,ola_lr0p002_b32_e2_lam0p01_pinit0p01_fclip10p0,5,ola,global_test,,,10,0.6666666666666666,0.7333333333333333,86,0.8372093023255814,0.6933364916679471,0.14387281065763435,0.0012373061716556555,0.8514769756516745,0.31860358068762823
bayesfl_observability_v1,ola_lr0p002_b32_e2_lam0p01_pinit0p01_fclip10p0,5,ola,global_test,,,11,0.7333333333333333,0.8,34,0.8529411764705882,0.7606455753831303,0.09229560108745793,0.000313805043697357,0.7513338200309697,0.27821051296504107
bayesfl_observability_v1,ola_lr0p002_b32_e2_lam0p01_pinit0p01_fclip10p0,5,ola,global_test,,,12,0.8,0.8666666666666667,10,1.0,0.8194218933582306,0.18057810664176943,0.00018057810664176942,0.19930986762046815,0.037642624229192734
bayesfl_observability_v1,ola_lr0p002_b32_e2_lam0p01_pinit0p01_fclip10p0,5,ola,global_test,,,13,0.8666666666666667,0.9333333333333333,0,,,,,,
bayesfl_observability_v1,ola_lr0p002_b32_e2_lam0p01_pinit0p01_fclip10p0,5,ola,global_test,,,14,0.9333333333333333,1.0,0,,,,,,
bayesfl_observability_v1,ola_lr0p002_b32_e2_lam0p01_pinit0p01_fclip10p0,5,ola,global_test_mc,,,0,0.0,0.06666666666666667,0,,,,,,
bayesfl_observability_v1,ola_lr0p002_b32_e2_lam0p01_pinit0p01_fclip10p0,5,ola,global_test_mc,,,1,0.06666666666666667,0.13333333333333333,18,0.16666666666666666,0.13063209876418114,0.03603456790248552,6.486222222447393e-05,2.200430154800415,0.8802646232975854
bayesfl_observability_v1,ola_lr0p002_b32_e2_lam0p01_pinit0p01_fclip10p0,5,ola,global_test_mc,,,2,0.13333333333333333,0.2,1677,0.21765056648777578,0.17769331981294129,0.039957246674834496,0.006700830267369744,2.104429382117788,0.8589439169949695
bayesfl_observability_v1,ola_lr0p002_b32_e2_lam0p01_pinit0p01_fclip10p0,5,ola,global_test_mc,,,3,0.2,0.26666666666666666,3238,0.24799258801729462,0.2313739030430389,0.016618684974255726,0.005381130194664004,2.0002882542471743,0.8337271218869773
bayesfl_observability_v1,ola_lr0p002_b32_e2_lam0p01_pinit0p01_fclip10p0,5,ola,global_test_mc,,,4,0.26666666666666666,0.3333333333333333,2137,0.15489003275620028,0.297028333018414,0.14213830026221375,0.03037495476603508,2.094019084987542,0.8679348760304967
bayesfl_observability_v1,ola_lr0p002_b32_e2_lam0p01_pinit0p01_fclip10p0,5,ola,global_test_mc,,,5,0.3333333333333333,0.4,1210,0.16115702479338842,0.3633675688800733,0.2022105440866849,0.024467475834488873,2.176009801005529,0.899319948490001
bayesfl_observability_v1,ola_lr0p002_b32_e2_lam0p01_pinit0p01_fclip10p0,5,ola,global_test_mc,,,6,0.4,0.4666666666666667,726,0.23415977961432508,0.4304573704634816,0.19629759084915652,0.014251205095648763,2.135654921620345,0.8896017598383354
bayesfl_observability_v1,ola_lr0p002_b32_e2_lam0p01_pinit0p01_fclip10p0,5,ola,global_test_mc,,,7,0.4666666666666667,0.5333333333333333,475,0.36,0.49863895278227954,0.13863895278227956,0.006585350257158279,2.0203046532681115,0.8296359919874292
bayesfl_observability_v1,ola_lr0p002_b32_e2_lam0p01_pinit0p01_fclip10p0,5,ola,global_test_mc,,,8,0.5333333333333333,0.6,259,0.5714285714285714,0.5612731633499323,0.010155408078639128,0.00026302506923675344,1.5540287467043372,0.6441417584433059
bayesfl_observability_v1,ola_lr0p002_b32_e2_lam0p01_pinit0p01_fclip10p0,5,ola,global_test_mc,,,9,0.6,0.6666666666666666,151,0.7152317880794702,0.6343007004813642,0.08093108759810597,0.0012220594227314,1.2326558323095966,0.4863892481816525
bayesfl_observability_v1,ola_lr0p002_b32_e2_lam0p01_pinit0p01_fclip10p0,5,ola,global_test_mc,,,10,0.6666666666666666,0.7333333333333333,75,0.8666666666666667,0.6956490468978882,0.1710176197687785,0.0012826321482658385,0.7538395365079243,0.2781119358539581
bayesfl_observability_v1,ola_lr0p002_b32_e2_lam0p01_pinit0p01_fclip10p0,5,ola,global_test_mc,,,11,0.7333333333333333,0.8,27,0.8518518518518519,0.7648539499000266,0.08699790195182522,0.00023489433526992806,0.7421797171786979,0.27816730075412327
bayesfl_observability_v1,ola_lr0p002_b32_e2_lam0p01_pinit0p01_fclip10p0,5,ola,global_test_mc,,,12,0.8,0.8666666666666667,7,1.0,0.8163814714976719,0.18361852850232807,0.00012853296995162964,0.20299422953810012,0.038829016366175244
bayesfl_observability_v1,ola_lr0p002_b32_e2_lam0p01_pinit0p01_fclip10p0,5,ola,global_test_mc,,,13,0.8666666666666667,0.9333333333333333,0,,,,,,
bayesfl_observability_v1,ola_lr0p002_b32_e2_lam0p01_pinit0p01_fclip10p0,5,ola,global_test_mc,,,14,0.9333333333333333,1.0,0,,,,,,
bayesfl_observability_v1,ola_lr0p002_b32_e2_lam0p01_pinit0p01_fclip10p0,6,ola,global_test,,,0,0.0,0.06666666666666667,0,,,,,,
bayesfl_observability_v1,ola_lr0p002_b32_e2_lam0p01_pinit0p01_fclip10p0,6,ola,global_test,,,1,0.06666666666666667,0.13333333333333333,32,0.09375,0.12880648695863783,0.035056486958637834,0.00011218075826764107,2.3080756664276123,0.9027180634438992
bayesfl_observability_v1,ola_lr0p002_b32_e2_lam0p01_pinit0p01_fclip10p0,6,ola,global_test,,,2,0.13333333333333333,0.2,2975,0.2722689075630252,0.17573947869429069,0.0965294288687345,0.028717505088448513,2.1026245430537633,0.8582005784090827
bayesfl_observability_v1,ola_lr0p002_b32_e2_lam0p01_pinit0p01_fclip10p0,6,ola,global_test,,,3,0.2,0.26666666666666666,3988,0.38289869608826477,0.23056764238576594,0.15233105370249883,0.06074962421655654,1.9086175858077696,0.8079918250516281
bayesfl_observability_v1,ola_lr0p002_b32_e2_lam0p01_pinit0p01_fclip10p0,6,ola,global_test,,,4,0.26666666666666666,0.3333333333333333,1726,0.42699884125144844,0.2947244845840083,0.13227435666744014,0.02283055396080017,1.8167888888892818,0.7759826553171784
bayesfl_observability_v1,ola_lr0p002_b32_e2_lam0p01_pinit0p01_fclip10p0,6,ola,global_test,,,5,0.3333333333333333,0.4,739,0.5859269282814614,0.363055070658014,0.2228718576234474,0.016470230278372765,1.650011906120548,0.6987732704905276
bayesfl_observability_v1,ola_lr0p002_b32_e2_lam0p01_pinit0p01_fclip10p0,6,ola,global_test,,,6,0.4,0.4666666666666667,351,0.7350427350427351,0.42876015803073547,0.3062825770119996,0.010750518453121187,1.3484099162609828,0.5731906196330687
bayesfl_observability_v1,ola_lr0p002_b32_e2_lam0p01_pinit0p01_fclip10p0,6,ola,global_test,,,7,0.4666666666666667,0.5333333333333333,140,0.8571428571428571,0.4929478140813964,0.3641950430614607,0.00509873060286045,1.0546125824962342,0.43428937196731565
bayesfl_observability_v1,ola_lr0p002_b32_e2_lam0p01_pinit0p01_fclip10p0,6,ola,global_test,,,8,0.5333333333333333,0.6,40,0.975,0.5607420608401299,0.4142579391598701,0.0016570317566394802,0.6639395207166672,0.257023898139596
bayesfl_observability_v1,ola_lr0p002_b32_e2_lam0p01_pinit0p01_fclip10p0,6,ola,global_test,,,9,0.6,0.6666666666666666,9,1.0,0.615349186791314,0.384650813208686,0.0003461857318878174,0.4857189688417647,0.18203421433766684
bayesfl_observability_v1,ola_lr0p002_b32_e2_lam0p01_pinit0p01_fclip10p0,6,ola,global_test,,,10,0.6666666666666666,0.7333333333333333,0,,,,,,
bayesfl_observability_v1,ola_lr0p002_b32_e2_lam0p01_pinit0p01_fclip10p0,6,ola,global_test,,,11,0.7333333333333333,0.8,0,,,,,,
bayesfl_observability_v1,ola_lr0p002_b32_e2_lam0p01_pinit0p01_fclip10p0,6,ola,global_test,,,12,0.8,0.8666666666666667,0,,,,,,
bayesfl_observability_v1,ola_lr0p002_b32_e2_lam0p01_pinit0p01_fclip10p0,6,ola,global_test,,,13,0.8666666666666667,0.9333333333333333,0,,,,,,
bayesfl_observability_v1,ola_lr0p002_b32_e2_lam0p01_pinit0p01_fclip10p0,6,ola,global_test,,,14,0.9333333333333333,1.0,0,,,,,,
bayesfl_observability_v1,ola_lr0p002_b32_e2_lam0p01_pinit0p01_fclip10p0,6,ola,global_test_mc,,,0,0.0,0.06666666666666667,0,,,,,,
bayesfl_observability_v1,ola_lr0p002_b32_e2_lam0p01_pinit0p01_fclip10p0,6,ola,global_test_mc,,,1,0.06666666666666667,0.13333333333333333,38,0.13157894736842105,0.12902801307408432,0.0025509342943367264,9.69355031847956e-06,2.3541037095220467,0.9100987566144842
bayesfl_observability_v1,ola_lr0p002_b32_e2_lam0p01_pinit0p01_fclip10p0,6,ola,global_test_mc,,,2,0.13333333333333333,0.2,3047,0.2641942894650476,0.1759263549646785,0.08826793450036907,0.02689523964226246,2.110689854754907,0.8599891509429173
bayesfl_observability_v1,ola_lr0p002_b32_e2_lam0p01_pinit0p01_fclip10p0,6,ola,global_test_mc,,,3,0.2,0.26666666666666666,4045,0.3666254635352287,0.23015938798340937,0.1364660755518193,0.05520052756071091,1.928589754965161,0.8137059234718163
bayesfl_observability_v1,ola_lr0p002_b32_e2_lam0p01_pinit0p01_fclip10p0,6,ola,global_test_mc,,,4,0.26666666666666666,0.3333333333333333,1630,0.4,0.2951834602589988,0.10481653974100125,0.017085095977783203,1.8566705811974462,0.7875802790460411
bayesfl_observability_v1,ola_lr0p002_b32_e2_lam0p01_pinit0p01_fclip10p0,6,ola,global_test_mc,,,5,0.3333333333333333,0.4,746,0.5951742627345844,0.3620502134590302,0.2331240492755542,0.01739105407595634,1.6402810777639896,0.69514214928604
bayesfl_observability_v1,ola_lr0p002_b32_e2_lam0p01_pinit0p01_fclip10p0,6,ola,global_test_mc,,,6,0.4,0.4666666666666667,336,0.7738095238095238,0.42896204193433124,0.3448474818751926,0.011586875391006472,1.2832271148051535,0.547680723081742
bayesfl_observability_v1,ola_lr0p002_b32_e2_lam0p01_pinit0p01_fclip10p0,6,ola,global_test_mc,,,7,0.4666666666666667,0.5333333333333333,119,0.865546218487395,0.4921109954349133,0.37343522305248167,0.004443879154324532,1.0290443231077755,0.42671853529305015
bayesfl_observability_v1,ola_lr0p002_b32_e2_lam0p01_pinit0p01_fclip10p0,6,ola,global_test_mc,,,8,0.5333333333333333,0.6,37,0.9459459459459459,0.5587320633836694,0.3872138825622765,0.001432691365480423,0.7479846509727271,0.28820178879273906
bayesfl_observability_v1,ola_lr0p002_b32_e2_lam0p01_pinit0p01_fclip10p0,6,ola,global_test_mc,,,9,0.6,0.6666666666666666,2,1.0,0.6140583157539368,0.38594168424606323,7.718833684921265e-05,0.48766613006591797,0.18030010163784027
bayesfl_observability_v1,ola_lr0p002_b32_e2_lam0p01_pinit0p01_fclip10p0,6,ola,global_test_mc,,,10,0.6666666666666666,0.7333333333333333,0,,,,,,
bayesfl_observability_v1,ola_lr0p002_b32_e2_lam0p01_pinit0p01_fclip10p0,6,ola,global_test_mc,,,11,0.7333333333333333,0.8,0,,,,,,
bayesfl_observability_v1,ola_lr0p002_b32_e2_lam0p01_pinit0p01_fclip10p0,6,ola,global_test_mc,,,12,0.8,0.8666666666666667,0,,,,,,
bayesfl_observability_v1,ola_lr0p002_b32_e2_lam0p01_pinit0p01_fclip10p0,6,ola,global_test_mc,,,13,0.8666666666666667,0.9333333333333333,0,,,,,,
bayesfl_observability_v1,ola_lr0p002_b32_e2_lam0p01_pinit0p01_fclip10p0,6,ola,global_test_mc,,,14,0.9333333333333333,1.0,0,,,,,,
bayesfl_observability_v1,ola_lr0p002_b32_e2_lam0p01_pinit0p01_fclip10p0,7,ola,global_test,,,0,0.0,0.06666666666666667,0,,,,,,
bayesfl_observability_v1,ola_lr0p002_b32_e2_lam0p01_pinit0p01_fclip10p0,7,ola,global_test,,,1,0.06666666666666667,0.13333333333333333,9,0.1111111111111111,0.1299534969859653,0.018842385874854206,1.6958147287368787e-05,2.21130379041036,0.8847023049990336
bayesfl_observability_v1,ola_lr0p002_b32_e2_lam0p01_pinit0p01_fclip10p0,7,ola,global_test,,,2,0.13333333333333333,0.2,2872,0.2994428969359331,0.17821627047981725,0.12122662645611587,0.034816287118196475,2.058195536847234,0.8520759838869313
bayesfl_observability_v1,ola_lr0p002_b32_e2_lam0p01_pinit0p01_fclip10p0,7,ola,global_test,,,3,0.2,0.26666666666666666,3431,0.27892742640629553,0.22987925193289632,0.04904817447339921,0.01682842866182327,2.0357110699770646,0.846148847248074
bayesfl_observability_v1,ola_lr0p002_b32_e2_lam0p01_pinit0p01_fclip10p0,7,ola,global_test,,,4,0.26666666666666666,0.3333333333333333,1873,0.32835024025627335,0.2972516580596686,0.031098582196604774,0.005824764445424074,1.8812962358034808,0.8065487875444521
bayesfl_observability_v1,ola_lr0p002_b32_e2_lam0p01_pinit0p01_fclip10p0,7,ola,global_test,,,5,0.3333333333333333,0.4,924,0.5140692640692641,0.3623723170651502,0.1516969470041139,0.014016797903180125,1.5196860409402229,0.6895551776344125
bayesfl_observability_v1,ola_lr0p002_b32_e2_lam0p01_pinit0p01_fclip10p0,7,ola,global_test,,,6,0.4,0.4666666666666667,446,0.742152466367713,0.4289180454651871,0.31323442090252596,0.013970255172252657,1.1106410368675608,0.5256654438416519
bayesfl_observability_v1,ola_lr0p002_b32_e2_lam0p01_pinit0p01_fclip10p0,7,ola,global_test,,,7,0.4666666666666667,0.5333333333333333,243,0.9053497942386831,0.49676334232459834,0.40858645191408477,0.00992865078151226,0.8102342236189195,0.3665543703875915
bayesfl_observability_v1,ola_lr0p002_b32_e2_lam0p01_pinit0p01_fclip10p0,7,ola,global_test,,,8,0.5333333333333333,0.6,133,0.9624060150375939,0.5632017850875854,0.3992042299500085,0.005309416258335113,0.622097781278137,0.2643204784034786
bayesfl_observability_v1,ola_lr0p002_b32_e2_lam0p01_pinit0p01_fclip10p0,7,ola,global_test,,,9,0.6,0.6666666666666666,55,1.0,0.6217253750020807,0.3782746249979193,0.002080510437488556,0.47561624537814745,0.17594678022644736
bayesfl_observability_v1,ola_lr0p002_b32_e2_lam0p01_pinit0p01_fclip10p0,7,ola,global_test,,,10,0.6666666666666666,0.7333333333333333,14,1.0,0.6880713616098676,0.3119286383901324,0.0004367000937461854,0.3741304576396942,0.12282885078872953
bayesfl_observability_v1,ola_lr0p002_b32_e2_lam0p01_pinit0p01_fclip10p0,7,ola,global_test,,,11,0.7333333333333333,0.8,0,,,,,,
bayesfl_observability_v1,ola_lr0p002_b32_e2_lam0p01_pinit0p01_fclip10p0,7,ola,global_test,,,12,0.8,0.8666666666666667,0,,,,,,
bayesfl_observability_v1,ola_lr0p002_b32_e2_lam0p01_pinit0p01_fclip10p0,7,ola,global_test,,,13,0.8666666666666667,0.9333333333333333,0,,,,,,
bayesfl_observability_v1,ola_lr0p002_b32_e2_lam0p01_pinit0p01_fclip10p0,7,ola,global_test,,,14,0.9333333333333333,1.0,0,,,,,,
bayesfl_observability_v1,ola_lr0p002_b32_e2_lam0p01_pinit0p01_fclip10p0,7,ola,global_test_mc,,,0,0.0,0.06666666666666667,0,,,,,,
bayesfl_observability_v1,ola_lr0p002_b32_e2_lam0p01_pinit0p01_fclip10p0,7,ola,global_test_mc,,,1,0.06666666666666667,0.13333333333333333,6,0.3333333333333333,0.12950985630353293,0.2038234770298004,0.00012229408621788023,2.2076141436894736,0.8833550810813904
bayesfl_observability_v1,ola_lr0p002_b32_e2_lam0p01_pinit0p01_fclip10p0,7,ola,global_test_mc,,,2,0.13333333333333333,0.2,2932,0.2766030013642565,0.17800637478412906,0.09859662658012741,0.028908530913293356,2.0763587806511055,0.8560146153135807
bayesfl_observability_v1,ola_lr0p002_b32_e2_lam0p01_pinit0p01_fclip10p0,7,ola,global_test_mc,,,3,0.2,0.26666666666666666,3435,0.26550218340611353,0.22987309997952834,0.03562908342658519,0.012238590157032013,2.063147895513143,0.853235065121491
bayesfl_observability_v1,ola_lr0p002_b32_e2_lam0p01_pinit0p01_fclip10p0,7,ola,global_test_mc,,,4,0.26666666666666666,0.3333333333333333,1856,0.33782327586206895,0.2966176932517054,0.041205582610363556,0.007647756132483477,1.8721196515935248,0.8020430650754735
bayesfl_observability_v1,ola_lr0p002_b32_e2_lam0p01_pinit0p01_fclip10p0,7,ola,global_test_mc,,,5,0.3333333333333333,0.4,907,0.4862183020948181,0.362610309593207,0.12360799250161109,0.011211244919896125,1.5477999933762219,0.7010565520384345
bayesfl_observability_v1,ola_lr0p002_b32_e2_lam0p01_pinit0p01_fclip10p0,7,ola,global_test_mc,,,6,0.4,0.4666666666666667,440,0.7272727272727273,0.4291886798360131,0.2980840474367142,0.013115698087215424,1.1263974951072173,0.5321112154559655
bayesfl_observability_v1,ola_lr0p002_b32_e2_lam0p01_pinit0p01_fclip10p0,7,ola,global_test_mc,,,7,0.4666666666666667,0.5333333333333333,240,0.9083333333333333,0.4977186316003402,0.41061470173299314,0.009854752841591836,0.81416563068827,0.3654606686284145
bayesfl_observability_v1,ola_lr0p002_b32_e2_lam0p01_pinit0p01_fclip10p0,7,ola,global_test_mc,,,8,0.5333333333333333,0.6,131,0.9541984732824428,0.5657981766089228,0.38840029667351994,0.005088043886423111,0.6301720078664882,0.2685977699419924
bayesfl_observability_v1,ola_lr0p002_b32_e2_lam0p01_pinit0p01_fclip10p0,7,ola,global_test_mc,,,9,0.6,0.6666666666666666,43,1.0,0.623901155105857,0.376098844894143,0.001617225033044815,0.47214956408323244,0.1738099389991095
bayesfl_observability_v1,ola_lr0p002_b32_e2_lam0p01_pinit0p01_fclip10p0,7,ola,global_test_mc,,,10,0.6666666666666666,0.7333333333333333,10,1.0,0.687465500831604,0.31253449916839604,0.000312534499168396,0.37493349313735963,0.12269156500697136
bayesfl_observability_v1,ola_lr0p002_b32_e2_lam0p01_pinit0p01_fclip10p0,7,ola,global_test_mc,,,11,0.7333333333333333,0.8,0,,,,,,
bayesfl_observability_v1,ola_lr0p002_b32_e2_lam0p01_pinit0p01_fclip10p0,7,ola,global_test_mc,,,12,0.8,0.8666666666666667,0,,,,,,
bayesfl_observability_v1,ola_lr0p002_b32_e2_lam0p01_pinit0p01_fclip10p0,7,ola,global_test_mc,,,13,0.8666666666666667,0.9333333333333333,0,,,,,,
bayesfl_observability_v1,ola_lr0p002_b32_e2_lam0p01_pinit0p01_fclip10p0,7,ola,global_test_mc,,,14,0.9333333333333333,1.0,0,,,,,,
bayesfl_observability_v1,ola_lr0p002_b32_e2_lam0p01_pinit0p01_fclip10p0,8,ola,global_test,,,0,0.0,0.06666666666666667,0,,,,,,
bayesfl_observability_v1,ola_lr0p002_b32_e2_lam0p01_pinit0p01_fclip10p0,8,ola,global_test,,,1,0.06666666666666667,0.13333333333333333,5,0.0,0.12791169434785843,0.12791169434785843,6.395584717392921e-05,2.205822229385376,0.8841483950614929
bayesfl_observability_v1,ola_lr0p002_b32_e2_lam0p01_pinit0p01_fclip10p0,8,ola,global_test,,,2,0.13333333333333333,0.2,2275,0.2975824175824176,0.17676009675958654,0.12082232082283106,0.027487077987194068,2.0734428100795537,0.8519538069295359
bayesfl_observability_v1,ola_lr0p002_b32_e2_lam0p01_pinit0p01_fclip10p0,8,ola,global_test,,,3,0.2,0.26666666666666666,3605,0.4099861303744799,0.23101977048733693,0.17896635988714296,0.06451737273931503,1.8806482476434165,0.8006528429780027
bayesfl_observability_v1,ola_lr0p002_b32_e2_lam0p01_pinit0p01_fclip10p0,8,ola,global_test,,,4,0.26666666666666666,0.3333333333333333,2139,0.6306685366993923,0.29664482032099077,0.3340237163784015,0.07144767293334009,1.5305527927386198,0.6823523652614862
bayesfl_observability_v1,ola_lr0p002_b32_e2_lam0p01_pinit0p01_fclip10p0,8,ola,global_test,,,5,0.3333333333333333,0.4,1130,0.8106194690265487,0.36345326270149875,0.44716620632504994,0.05052978131473065,1.2040226826098113,0.5454391272722092
bayesfl_observability_v1,ola_lr0p002_b32_e2_lam0p01_pinit0p01_fclip10p0,8,ola,global_test,,,6,0.4,0.4666666666666667,527,0.8994307400379506,0.428112877444479,0.47131786259347164,0.024838451358675954,0.9680774975320646,0.4331719539988878
bayesfl_observability_v1,ola_lr0p002_b32_e2_lam0p01_pinit0p01_fclip10p0,8,ola,global_test,,,7,0.4666666666666667,0.5333333333333333,204,0.946078431372549,0.49428297710769314,0.45179545426485584,0.00921662726700306,0.7997882731404959,0.33979691740344553
bayesfl_observability_v1,ola_lr0p002_b32_e2_lam0p01_pinit0p01_fclip10p0,8,ola,global_test,,,8,0.5333333333333333,0.6,82,0.9878048780487805,0.5586115979566807,0.4291932800920998,0.0035193848967552187,0.6085482370562669,0.24261714826996733
bayesfl_observability_v1,ola_lr0p002_b32_e2_lam0p01_pinit0p01_fclip10p0,8,ola,global_test,,,9,0.6,0.6666666666666666,28,1.0,0.6238855740853718,0.3761144259146282,0.0010531203925609588,0.4722160430891173,0.1674462290746825
bayesfl_observability_v1,ola_lr0p002_b32_e2_lam0p01_pinit0p01_fclip10p0,8,ola,global_test,,,10,0.6666666666666666,0.7333333333333333,5,1.0,0.6755208015441895,0.3244791984558105,0.00016223959922790528,0.39230822324752807,0.12467406243085861
bayesfl_observability_v1,ola_lr0p002_b32_e2_lam0p01_pinit0p01_fclip10p0,8,ola,global_test,,,11,0.7333333333333333,0.8,0,,,,,,
bayesfl_observability_v1,ola_lr0p002_b32_e2_lam0p01_pinit0p01_fclip10p0,8,ola,global_test,,,12,0.8,0.8666666666666667,0,,,,,,
bayesfl_observability_v1,ola_lr0p002_b32_e2_lam0p01_pinit0p01_fclip10p0,8,ola,global_test,,,13,0.8666666666666667,0.9333333333333333,0,,,,,,
bayesfl_observability_v1,ola_lr0p002_b32_e2_lam0p01_pinit0p01_fclip10p0,8,ola,global_test,,,14,0.9333333333333333,1.0,0,,,,,,
bayesfl_observability_v1,ola_lr0p002_b32_e2_lam0p01_pinit0p01_fclip10p0,8,ola,global_test_mc,,,0,0.0,0.06666666666666667,0,,,,,,
bayesfl_observability_v1,ola_lr0p002_b32_e2_lam0p01_pinit0p01_fclip10p0,8,ola,global_test_mc,,,1,0.06666666666666667,0.13333333333333333,10,0.2,0.1296233355998993,0.07037666440010071,7.037666440010071e-05,2.1814857006072996,0.8774645268917084
bayesfl_observability_v1,ola_lr0p002_b32_e2_lam0p01_pinit0p01_fclip10p0,8,ola,global_test_mc,,,2,0.13333333333333333,0.2,2519,0.30091306073838825,0.17683214412979212,0.12408091660859613,0.03125598289370537,2.0709425797297776,0.8510732599410239
bayesfl_observability_v1,ola_lr0p002_b32_e2_lam0p01_pinit0p01_fclip10p0,8,ola,global_test_mc,,,3,0.2,0.26666666666666666,3601,0.41127464593168567,0.2307074425188047,0.18056720341288096,0.06502224994897844,1.8801725435773389,0.7997859122851795
bayesfl_observability_v1,ola_lr0p002_b32_e2_lam0p01_pinit0p01_fclip10p0,8,ola,global_test_mc,,,4,0.26666666666666666,0.3333333333333333,2060,0.6422330097087379,0.2961973150378292,0.34603569467090867,0.07128335310220718,1.5175521391109354,0.6777011574472038
bayesfl_observability_v1,ola_lr0p002_b32_e2_lam0p01_pinit0p01_fclip10p0,8,ola,global_test_mc,,,5,0.3333333333333333,0.4,1090,0.808256880733945,0.362981433934028,0.445275446799917,0.048535023701190956,1.2000614025724043,0.5458981258880108
bayesfl_observability_v1,ola_lr0p002_b32_e2_lam0p01_pinit0p01_fclip10p0,8,ola,global_test_mc,,,6,0.4,0.4666666666666667,455,0.9164835164835164,0.4280863135070591,0.48839720297645733,0.02222207273542881,0.9466214591330224,0.42411089212029845
bayesfl_observability_v1,ola_lr0p002_b32_e2_lam0p01_pinit0p01_fclip10p0,8,ola,global_test_mc,,,7,0.4666666666666667,0.5333333333333333,160,0.95,0.4964626759290695,0.45353732407093045,0.0072565971851348875,0.773967070505023,0.33298547603189943
bayesfl_observability_v1,ola_lr0p002_b32_e2_lam0p01_pinit0p01_fclip10p0,8,ola,global_test_mc,,,8,0.5333333333333333,0.6,76,0.9868421052631579,0.5577477789238879,0.4290943263392699,0.0032611168801784515,0.6114732615257564,0.2442124942807775
bayesfl_observability_v1,ola_lr0p002_b32_e2_lam0p01_pinit0p01_fclip10p0,8,ola,global_test_mc,,,9,0.6,0.6666666666666666,28,1.0,0.623127322111811,0.376872677888189,0.0010552434980869293,0.47341855828251156,0.1684638150036335
bayesfl_observability_v1,ola_lr0p002_b32_e2_lam0p01_pinit0p01_fclip10p0,8,ola,global_test_mc,,,10,0.6666666666666666,0.7333333333333333,1,1.0,0.6674590706825256,0.33254092931747437,3.325409293174744e-05,0.4042772054672241,0.13628056645393372
bayesfl_observability_v1,ola_lr0p002_b32_e2_lam0p01_pinit0p01_fclip10p0,8,ola,global_test_mc,,,11,0.7333333333333333,0.8,0,,,,,,
bayesfl_observability_v1,ola_lr0p002_b32_e2_lam0p01_pinit0p01_fclip10p0,8,ola,global_test_mc,,,12,0.8,0.8666666666666667,0,,,,,,
bayesfl_observability_v1,ola_lr0p002_b32_e2_lam0p01_pinit0p01_fclip10p0,8,ola,global_test_mc,,,13,0.8666666666666667,0.9333333333333333,0,,,,,,
bayesfl_observability_v1,ola_lr0p002_b32_e2_lam0p01_pinit0p01_fclip10p0,8,ola,global_test_mc,,,14,0.9333333333333333,1.0,0,,,,,,
bayesfl_observability_v1,ola_lr0p002_b32_e2_lam0p01_pinit0p01_fclip10p0,9,ola,global_test,,,0,0.0,0.06666666666666667,0,,,,,,
bayesfl_observability_v1,ola_lr0p002_b32_e2_lam0p01_pinit0p01_fclip10p0,9,ola,global_test,,,1,0.06666666666666667,0.13333333333333333,11,0.2727272727272727,0.13027011128989133,0.14245716143738138,0.00015670287758111953,2.176688887856223,0.875604737888683
bayesfl_observability_v1,ola_lr0p002_b32_e2_lam0p01_pinit0p01_fclip10p0,9,ola,global_test,,,2,0.13333333333333333,0.2,2181,0.2677670793214122,0.17731674881169468,0.09045033050971751,0.019727217084169392,2.095175268725483,0.8584770237508579
bayesfl_observability_v1,ola_lr0p002_b32_e2_lam0p01_pinit0p01_fclip10p0,9,ola,global_test,,,3,0.2,0.26666666666666666,3474,0.46545768566493956,0.2317466307077589,0.23371105495718067,0.08119122049212457,1.813624478511997,0.7810134961815078
bayesfl_observability_v1,ola_lr0p002_b32_e2_lam0p01_pinit0p01_fclip10p0,9,ola,global_test,,,4,0.26666666666666666,0.3333333333333333,2120,0.7636792452830189,0.2969561029717607,0.46672314231125817,0.09894530616998673,1.4050002874068495,0.6378622023845618
bayesfl_observability_v1,ola_lr0p002_b32_e2_lam0p01_pinit0p01_fclip10p0,9,ola,global_test,,,5,0.3333333333333333,0.4,1176,0.9336734693877551,0.3634930139749634,0.5701804554127916,0.06705322155654429,1.078120531273537,0.49347657358058455
bayesfl_observability_v1,ola_lr0p002_b32_e2_lam0p01_pinit0p01_fclip10p0,9,ola,global_test,,,6,0.4,0.4666666666666667,718,0.9846796657381616,0.4302373269474274,0.5544423387907342,0.03980895992517472,0.8660693742272582,0.3831338119955116
bayesfl_observability_v1,ola_lr0p002_b32_e2_lam0p01_pinit0p01_fclip10p0,9,ola,global_test,,,7,0.4666666666666667,0.5333333333333333,284,1.0,0.493629483060098,0.506370516939902,0.014380922681093216,0.7065881587250132,0.29541510228120105
bayesfl_observability_v1,ola_lr0p002_b32_e2_lam0p01_pinit0p01_fclip10p0,9,ola,global_test,,,8,0.5333333333333333,0.6,36,1.0,0.5528758267561594,0.4471241732438406,0.0016096470236778258,0.5929723381996155,0.23340621921751234
bayesfl_observability_v1,ola_lr0p002_b32_e2_lam0p01_pinit0p01_fclip10p0,9,ola,global_test,,,9,0.6,0.6666666666666666,0,,,,,,
bayesfl_observability_v1,ola_lr0p002_b32_e2_lam0p01_pinit0p01_fclip10p0,9,ola,global_test,,,10,0.6666666666666666,0.7333333333333333,0,,,,,,
bayesfl_observability_v1,ola_lr0p002_b32_e2_lam0p01_pinit0p01_fclip10p0,9,ola,global_test,,,11,0.7333333333333333,0.8,0,,,,,,
bayesfl_observability_v1,ola_lr0p002_b32_e2_lam0p01_pinit0p01_fclip10p0,9,ola,global_test,,,12,0.8,0.8666666666666667,0,,,,,,
bayesfl_observability_v1,ola_lr0p002_b32_e2_lam0p01_pinit0p01_fclip10p0,9,ola,global_test,,,13,0.8666666666666667,0.9333333333333333,0,,,,,,
bayesfl_observability_v1,ola_lr0p002_b32_e2_lam0p01_pinit0p01_fclip10p0,9,ola,global_test,,,14,0.9333333333333333,1.0,0,,,,,,
bayesfl_observability_v1,ola_lr0p002_b32_e2_lam0p01_pinit0p01_fclip10p0,9,ola,global_test_mc,,,0,0.0,0.06666666666666667,0,,,,,,
bayesfl_observability_v1,ola_lr0p002_b32_e2_lam0p01_pinit0p01_fclip10p0,9,ola,global_test_mc,,,1,0.06666666666666667,0.13333333333333333,9,0.1111111111111111,0.13075491786003113,0.019643806748920023,1.767942607402802e-05,2.282377322514852,0.8990902503331503
bayesfl_observability_v1,ola_lr0p002_b32_e2_lam0p01_pinit0p01_fclip10p0,9,ola,global_test_mc,,,2,0.13333333333333333,0.2,2366,0.2759932375316991,0.17644672156866587,0.09954651596303321,0.023552705676853657,2.09496962354028,0.8581424906207461
bayesfl_observability_v1,ola_lr0p002_b32_e2_lam0p01_pinit0p01_fclip10p0,9,ola,global_test_mc,,,3,0.2,0.26666666666666666,3514,0.4786568013659647,0.23119702389040792,0.2474597774755568,0.08695736580491066,1.8088506340098502,0.7789511902466645
bayesfl_observability_v1,ola_lr0p002_b32_e2_lam0p01_pinit0p01_fclip10p0,9,ola,global_test_mc,,,4,0.26666666666666666,0.3333333333333333,2098,0.7673975214489991,0.2960991298760313,0.47129839157296777,0.09887840255200864,1.3947878688488606,0.6345321851417607
bayesfl_observability_v1,ola_lr0p002_b32_e2_lam0p01_pinit0p01_fclip10p0,9,ola,global_test_mc,,,5,0.3333333333333333,0.4,1109,0.9413886384129847,0.3637409415247206,0.5776476968882641,0.06406112958490849,1.0707656381579538,0.4897235987205781
bayesfl_observability_v1,ola_lr0p002_b32_e2_lam0p01_pinit0p01_fclip10p0,9,ola,global_test_mc,,,6,0.4,0.4666666666666667,674,0.9896142433234422,0.42952872918868984,0.5600855141347523,0.0377497636526823,0.8590652756945669,0.3804212724154356
bayesfl_observability_v1,ola_lr0p002_b32_e2_lam0p01_pinit0p01_fclip10p0,9,ola,global_test_mc,,,7,0.4666666666666667,0.5333333333333333,211,1.0,0.4939985998433913,0.5060014001566087,0.010676629543304443,0.7058323149997476,0.2951582712584762
bayesfl_observability_v1,ola_lr0p002_b32_e2_lam0p01_pinit0p01_fclip10p0,9,ola,global_test_mc,,,8,0.5333333333333333,0.6,19,1.0,0.560480020548168,0.43951997945183197,0.0008350879609584806,0.579406672402432,0.2291223108768463
bayesfl_observability_v1,ola_lr0p002_b32_e2_lam0p01_pinit0p01_fclip10p0,9,ola,global_test_mc,,,9,0.6,0.6666666666666666,0,,,,,,
bayesfl_observability_v1,ola_lr0p002_b32_e2_lam0p01_pinit0p01_fclip10p0,9,ola,global_test_mc,,,10,0.6666666666666666,0.7333333333333333,0,,,,,,
bayesfl_observability_v1,ola_lr0p002_b32_e2_lam0p01_pinit0p01_fclip10p0,9,ola,global_test_mc,,,11,0.7333333333333333,0.8,0,,,,,,
bayesfl_observability_v1,ola_lr0p002_b32_e2_lam0p01_pinit0p01_fclip10p0,9,ola,global_test_mc,,,12,0.8,0.8666666666666667,0,,,,,,
bayesfl_observability_v1,ola_lr0p002_b32_e2_lam0p01_pinit0p01_fclip10p0,9,ola,global_test_mc,,,13,0.8666666666666667,0.9333333333333333,0,,,,,,
bayesfl_observability_v1,ola_lr0p002_b32_e2_lam0p01_pinit0p01_fclip10p0,9,ola,global_test_mc,,,14,0.9333333333333333,1.0,0,,,,,,
bayesfl_observability_v1,ola_lr0p002_b32_e2_lam0p01_pinit0p01_fclip10p0,10,ola,global_test,,,0,0.0,0.06666666666666667,0,,,,,,
bayesfl_observability_v1,ola_lr0p002_b32_e2_lam0p01_pinit0p01_fclip10p0,10,ola,global_test,,,1,0.06666666666666667,0.13333333333333333,6,0.5,0.1296857347091039,0.37031426529089606,0.00022218855917453765,2.077450076738993,0.8541285991668701
bayesfl_observability_v1,ola_lr0p002_b32_e2_lam0p01_pinit0p01_fclip10p0,10,ola,global_test,,,2,0.13333333333333333,0.2,1753,0.3342840844266971,0.17772401133164364,0.15656007309505346,0.02744498081356287,2.0274429166242185,0.8408714800444046
bayesfl_observability_v1,ola_lr0p002_b32_e2_lam0p01_pinit0p01_fclip10p0,10,ola,global_test,,,3,0.2,0.26666666666666666,3304,0.5426755447941889,0.232534667639373,0.31014087715481586,0.10247054581195116,1.7446372958202339,0.7588394606445372
bayesfl_observability_v1,ola_lr0p002_b32_e2_lam0p01_pinit0p01_fclip10p0,10,ola,global_test,,,4,0.26666666666666666,0.3333333333333333,2442,0.7923832923832924,0.2978836799331809,0.49449961245011154,0.12075680536031723,1.3885072666928966,0.6295986463553002
bayesfl_observability_v1,ola_lr0p002_b32_e2_lam0p01_pinit0p01_fclip10p0,10,ola,global_test,,,5,0.3333333333333333,0.4,1469,0.9108236895847516,0.36368774036877494,0.5471359492159766,0.08037427093982696,1.1247198487967354,0.509209818544641
bayesfl_observability_v1,ola_lr0p002_b32_e2_lam0p01_pinit0p01_fclip10p0,10,ola,global_test,,,6,0.4,0.4666666666666667,725,0.9586206896551724,0.4277856520948739,0.5308350375602986,0.03848554022312165,0.9102485782524635,0.4029505809011131
bayesfl_observability_v1,ola_lr0p002_b32_e2_lam0p01_pinit0p01_fclip10p0,10,ola,global_test,,,7,0.4666666666666667,0.5333333333333333,243,0.9835390946502057,0.49181821280055577,0.49172088184964996,0.011948817428946493,0.7388975387247502,0.3105489523322494
bayesfl_observability_v1,ola_lr0p002_b32_e2_lam0p01_pinit0p01_fclip10p0,10,ola,global_test,,,8,0.5333333333333333,0.6,52,1.0,0.5579763146547171,0.4420236853452829,0.0022985231637954713,0.5838596706206982,0.225553064678724
bayesfl_observability_v1,ola_lr0p002_b32_e2_lam0p01_pinit0p01_fclip10p0,10,ola,global_test,,,9,0.6,0.6666666666666666,6,1.0,0.6231005092461904,0.3768994907538096,0.00022613969445228575,0.4735160768032074,0.16513529419898987
bayesfl_observability_v1,ola_lr0p002_b32_e2_lam0p01_pinit0p01_fclip10p0,10,ola,global_test,,,10,0.6666666666666666,0.7333333333333333,0,,,,,,
bayesfl_observability_v1,ola_lr0p002_b32_e2_lam0p01_pinit0p01_fclip10p0,10,ola,global_test,,,11,0.7333333333333333,0.8,0,,,,,,
bayesfl_observability_v1,ola_lr0p002_b32_e2_lam0p01_pinit0p01_fclip10p0,10,ola,global_test,,,12,0.8,0.8666666666666667,0,,,,,,
bayesfl_observability_v1,ola_lr0p002_b32_e2_lam0p01_pinit0p01_fclip10p0,10,ola,global_test,,,13,0.8666666666666667,0.9333333333333333,0,,,,,,
bayesfl_observability_v1,ola_lr0p002_b32_e2_lam0p01_pinit0p01_fclip10p0,10,ola,global_test,,,14,0.9333333333333333,1.0,0,,,,,,
bayesfl_observability_v1,ola_lr0p002_b32_e2_lam0p01_pinit0p01_fclip10p0,10,ola,global_test_mc,,,0,0.0,0.06666666666666667,0,,,,,,
bayesfl_observability_v1,ola_lr0p002_b32_e2_lam0p01_pinit0p01_fclip10p0,10,ola,global_test_mc,,,1,0.06666666666666667,0.13333333333333333,10,0.3,0.1296490214765072,0.1703509785234928,0.00017035097852349278,2.1995806455612184,0.8794137179851532
bayesfl_observability_v1,ola_lr0p002_b32_e2_lam0p01_pinit0p01_fclip10p0,10,ola,global_test_mc,,,2,0.13333333333333333,0.2,1961,0.34727180010198877,0.1773055714119581,0.16996622869003067,0.033330377446115014,2.038012345368494,0.8424820289023369
bayesfl_observability_v1,ola_lr0p002_b32_e2_lam0p01_pinit0p01_fclip10p0,10,ola,global_test_mc,,,3,0.2,0.26666666666666666,3344,0.5672846889952153,0.23193183715976595,0.3353528518354494,0.11214199365377428,1.7337248716770748,0.7550500063804918
bayesfl_observability_v1,ola_lr0p002_b32_e2_lam0p01_pinit0p01_fclip10p0,10,ola,global_test_mc,,,4,0.26666666666666666,0.3333333333333333,2479,0.8156514723678903,0.2973470552259032,0.518304417141987,0.1284876650094986,1.3696538839382526,0.6228811900526249
bayesfl_observability_v1,ola_lr0p002_b32_e2_lam0p01_pinit0p01_fclip10p0,10,ola,global_test_mc,,,5,0.3333333333333333,0.4,1341,0.9157345264727815,0.3629547104206128,0.5527798160521687,0.07412777333259582,1.1150806780007239,0.5063366742608798
bayesfl_observability_v1,ola_lr0p002_b32_e2_lam0p01_pinit0p01_fclip10p0,10,ola,global_test_mc,,,6,0.4,0.4666666666666667,640,0.9609375,0.4259378812275827,0.5349996187724173,0.034239975601434706,0.9141162997111678,0.4041043530683964
bayesfl_observability_v1,ola_lr0p002_b32_e2_lam0p01_pinit0p01_fclip10p0,10,ola,global_test_mc,,,7,0.4666666666666667,0.5333333333333333,175,0.9828571428571429,0.49058950560433523,0.49226763725280764,0.008614683651924132,0.7432254682268415,0.31369279205799105
bayesfl_observability_v1,ola_lr0p002_b32_e2_lam0p01_pinit0p01_fclip10p0,10,ola,global_test_mc,,,8,0.5333333333333333,0.6,45,1.0,0.5560951550801595,0.4439048449198405,0.001997571802139282,0.5873814158969455,0.22789769735601212
bayesfl_observability_v1,ola_lr0p002_b32_e2_lam0p01_pinit0p01_fclip10p0,10,ola,global_test_mc,,,9,0.6,0.6666666666666666,4,1.0,0.6159333139657974,0.3840666860342026,0.00015362667441368104,0.4847443401813507,0.17284948751330376
bayesfl_observability_v1,ola_lr0p002_b32_e2_lam0p01_pinit0p01_fclip10p0,10,ola,global_test_mc,,,10,0.6666666666666666,0.7333333333333333,1,1.0,0.6667463183403015,0.3332536816596985,3.332536816596985e-05,0.4053456485271454,0.12712568044662476
bayesfl_observability_v1,ola_lr0p002_b32_e2_lam0p01_pinit0p01_fclip10p0,10,ola,global_test_mc,,,11,0.7333333333333333,0.8,0,,,,,,
bayesfl_observability_v1,ola_lr0p002_b32_e2_lam0p01_pinit0p01_fclip10p0,10,ola,global_test_mc,,,12,0.8,0.8666666666666667,0,,,,,,
bayesfl_observability_v1,ola_lr0p002_b32_e2_lam0p01_pinit0p01_fclip10p0,10,ola,global_test_mc,,,13,0.8666666666666667,0.9333333333333333,0,,,,,,
bayesfl_observability_v1,ola_lr0p002_b32_e2_lam0p01_pinit0p01_fclip10p0,10,ola,global_test_mc,,,14,0.9333333333333333,1.0,0,,,,,,
bayesfl_observability_v1,ola_lr0p002_b32_e2_lam0p01_pinit0p01_fclip10p0,11,ola,global_test,,,0,0.0,0.06666666666666667,0,,,,,,
bayesfl_observability_v1,ola_lr0p002_b32_e2_lam0p01_pinit0p01_fclip10p0,11,ola,global_test,,,1,0.06666666666666667,0.13333333333333333,7,0.2857142857142857,0.13195829732077463,0.15375598839351107,0.00010762919187545774,2.0638395718165805,0.8524615083421979
bayesfl_observability_v1,ola_lr0p002_b32_e2_lam0p01_pinit0p01_fclip10p0,11,ola,global_test,,,2,0.13333333333333333,0.2,1659,0.35201928872814947,0.17817824630761736,0.1738410424205321,0.028840228937566274,1.9156793334384938,0.8174077315528828
bayesfl_observability_v1,ola_lr0p002_b32_e2_lam0p01_pinit0p01_fclip10p0,11,ola,global_test,,,3,0.2,0.26666666666666666,3151,0.538241827991114,0.23243351555445654,0.3058083124366574,0.09636019924879075,1.6539005022584654,0.741381108817582
bayesfl_observability_v1,ola_lr0p002_b32_e2_lam0p01_pinit0p01_fclip10p0,11,ola,global_test,,,4,0.26666666666666666,0.3333333333333333,2318,0.7489214840379638,0.29688865279359383,0.45203283124436994,0.10478121028244496,1.3578916741816311,0.6299289222726336
bayesfl_observability_v1,ola_lr0p002_b32_e2_lam0p01_pinit0p01_fclip10p0,11,ola,global_test,,,5,0.3333333333333333,0.4,1243,0.8913917940466614,0.3640015109690177,0.5273902830776436,0.06555461218655109,1.1128832942424813,0.5105148814948259
bayesfl_observability_v1,ola_lr0p002_b32_e2_lam0p01_pinit0p01_fclip10p0,11,ola,global_test,,,6,0.4,0.4666666666666667,792,0.9671717171717171,0.42921065471389075,0.5379610624578264,0.04260651614665985,0.8844450227539948,0.393398405287904
bayesfl_observability_v1,ola_lr0p002_b32_e2_lam0p01_pinit0p01_fclip10p0,11,ola,global_test,,,7,0.4666666666666667,0.5333333333333333,391,0.979539641943734,0.49632706117751957,0.48321258076621443,0.018893611907958983,0.7377309873890694,0.30979899528538785
bayesfl_observability_v1,ola_lr0p002_b32_e2_lam0p01_pinit0p01_fclip10p0,11,ola,global_test,,,8,0.5333333333333333,0.6,229,0.9912663755458515,0.5650660057255275,0.42620036982032405,0.00975998846888542,0.5929204269788151,0.23014975277357227
bayesfl_observability_v1,ola_lr0p002_b32_e2_lam0p01_pinit0p01_fclip10p0,11,ola,global_test,,,9,0.6,0.6666666666666666,135,1.0,0.6284373729317276,0.37156262706827237,0.005016095465421677,0.46492679715156554,0.16306943816167338
bayesfl_observability_v1,ola_lr0p002_b32_e2_lam0p01_pinit0p01_fclip10p0,11,ola,global_test,,,10,0.6666666666666666,0.7333333333333333,59,1.0,0.6979605050410255,0.30203949495897453,0.0017820330202579498,0.3599649243435617,0.10918256791971498
bayesfl_observability_v1,ola_lr0p002_b32_e2_lam0p01_pinit0p01_fclip10p0,11,ola,global_test,,,11,0.7333333333333333,0.8,16,1.0,0.7461742796003819,0.25382572039961815,0.00040612115263938904,0.2929005343466997,0.07684966083616018
bayesfl_observability_v1,ola_lr0p002_b32_e2_lam0p01_pinit0p01_fclip10p0,11,ola,global_test,,,12,0.8,0.8666666666666667,0,,,,,,
bayesfl_observability_v1,ola_lr0p002_b32_e2_lam0p01_pinit0p01_fclip10p0,11,ola,global_test,,,13,0.8666666666666667,0.9333333333333333,0,,,,,,
bayesfl_observability_v1,ola_lr0p002_b32_e2_lam0p01_pinit0p01_fclip10p0,11,ola,global_test,,,14,0.9333333333333333,1.0,0,,,,,,
bayesfl_observability_v1,ola_lr0p002_b32_e2_lam0p01_pinit0p01_fclip10p0,11,ola,global_test_mc,,,0,0.0,0.06666666666666667,0,,,,,,
bayesfl_observability_v1,ola_lr0p002_b32_e2_lam0p01_pinit0p01_fclip10p0,11,ola,global_test_mc,,,1,0.06666666666666667,0.13333333333333333,8,0.25,0.13116540759801865,0.11883459240198135,9.506767392158508e-05,2.1134040355682373,0.8646238073706627
bayesfl_observability_v1,ola_lr0p002_b32_e2_lam0p01_pinit0p01_fclip10p0,11,ola,global_test_mc,,,2,0.13333333333333333,0.2,1748,0.35755148741418763,0.17751847508467852,0.1800330123295091,0.031469770555198194,1.9224898556686376,0.8191656423583457
bayesfl_observability_v1,ola_lr0p002_b32_e2_lam0p01_pinit0p01_fclip10p0,11,ola,global_test_mc,,,3,0.2,0.26666666666666666,3295,0.5441578148710167,0.23227029063813784,0.3118875242328788,0.10276693923473355,1.6528782076828397,0.7406016277073005
bayesfl_observability_v1,ola_lr0p002_b32_e2_lam0p01_pinit0p01_fclip10p0,11,ola,global_test_mc,,,4,0.26666666666666666,0.3333333333333333,2286,0.7541557305336833,0.29709500786200593,0.4570607226716774,0.10448408120274547,1.3565851554782997,0.6290967909526324
bayesfl_observability_v1,ola_lr0p002_b32_e2_lam0p01_pinit0p01_fclip10p0,11,ola,global_test_mc,,,5,0.3333333333333333,0.4,1239,0.8918482647296206,0.36429361692352386,0.5275546478060968,0.0653640208631754,1.1110371108782493,0.5093352572392609
bayesfl_observability_v1,ola_lr0p002_b32_e2_lam0p01_pinit0p01_fclip10p0,11,ola,global_test_mc,,,6,0.4,0.4666666666666667,693,0.9725829725829725,0.43058561096115716,0.5419973616218154,0.03756041716039181,0.8735415237978595,0.38800013972739295
bayesfl_observability_v1,ola_lr0p002_b32_e2_lam0p01_pinit0p01_fclip10p0,11,ola,global_test_mc,,,7,0.4666666666666667,0.5333333333333333,328,0.9786585365853658,0.4964302080433543,0.48222832854201153,0.015817089176177978,0.7420914227642664,0.31125022452778933
bayesfl_observability_v1,ola_lr0p002_b32_e2_lam0p01_pinit0p01_fclip10p0,11,ola,global_test_mc,,,8,0.5333333333333333,0.6,225,0.9911111111111112,0.5654232287406922,0.425687882370419,0.009577977353334427,0.5923686162630717,0.2294645612107383
bayesfl_observability_v1,ola_lr0p002_b32_e2_lam0p01_pinit0p01_fclip10p0,11,ola,global_test_mc,,,9,0.6,0.6666666666666666,116,1.0,0.6287410300353478,0.37125896996465224,0.004306604051589966,0.4645256078962622,0.16300328538335604
bayesfl_observability_v1,ola_lr0p002_b32_e2_lam0p01_pinit0p01_fclip10p0,11,ola,global_test_mc,,,10,0.6666666666666666,0.7333333333333333,51,1.0,0.6923783807193532,0.3076216192806468,0.0015688702583312986,0.3679755926132202,0.1128601846741695
bayesfl_observability_v1,ola_lr0p002_b32_e2_lam0p01_pinit0p01_fclip10p0,11,ola,global_test_mc,,,11,0.7333333333333333,0.8,11,1.0,0.7494536204771562,0.25054637952284375,0.0002756010174751281,0.2885544137521224,0.07460198280486194
bayesfl_observability_v1,ola_lr0p002_b32_e2_lam0p01_pinit0p01_fclip10p0,11,ola,global_test_mc,,,12,0.8,0.8666666666666667,0,,,,,,
bayesfl_observability_v1,ola_lr0p002_b32_e2_lam0p01_pinit0p01_fclip10p0,11,ola,global_test_mc,,,13,0.8666666666666667,0.9333333333333333,0,,,,,,
bayesfl_observability_v1,ola_lr0p002_b32_e2_lam0p01_pinit0p01_fclip10p0,11,ola,global_test_mc,,,14,0.9333333333333333,1.0,0,,,,,,
bayesfl_observability_v1,ola_lr0p002_b32_e2_lam0p01_pinit0p01_fclip10p0,12,ola,global_test,,,0,0.0,0.06666666666666667,0,,,,,,
bayesfl_observability_v1,ola_lr0p002_b32_e2_lam0p01_pinit0p01_fclip10p0,12,ola,global_test,,,1,0.06666666666666667,0.13333333333333333,8,0.0,0.12999101169407368,0.12999101169407368,0.00010399280935525894,2.2590428292751312,0.8944448083639145
bayesfl_observability_v1,ola_lr0p002_b32_e2_lam0p01_pinit0p01_fclip10p0,12,ola,global_test,,,2,0.13333333333333333,0.2,1419,0.33192389006342493,0.17726556125075318,0.15465832881267175,0.02194601685851812,1.9417658128563664,0.823327302428683
bayesfl_observability_v1,ola_lr0p002_b32_e2_lam0p01_pinit0p01_fclip10p0,12,ola,global_test,,,3,0.2,0.26666666666666666,2666,0.5378844711177795,0.23368227561210567,0.30420219550567384,0.08110030532181266,1.651884313999757,0.7409917223927497
bayesfl_observability_v1,ola_lr0p002_b32_e2_lam0p01_pinit0p01_fclip10p0,12,ola,global_test,,,4,0.26666666666666666,0.3333333333333333,1951,0.7032291132752435,0.2975946182718282,0.4056344950034153,0.07913928997516632,1.3856000275809848,0.6427636860212504
bayesfl_observability_v1,ola_lr0p002_b32_e2_lam0p01_pinit0p01_fclip10p0,12,ola,global_test,,,5,0.3333333333333333,0.4,1309,0.7929717341482048,0.3634492754253201,0.4295224587228847,0.05622448984682561,1.19222592383145,0.5509057913325596
bayesfl_observability_v1,ola_lr0p002_b32_e2_lam0p01_pinit0p01_fclip10p0,12,ola,global_test,,,6,0.4,0.4666666666666667,910,0.8593406593406593,0.4320687164317121,0.4272719429089472,0.0388817468047142,0.9838055440357754,0.4470306582503266
bayesfl_observability_v1,ola_lr0p002_b32_e2_lam0p01_pinit0p01_fclip10p0,12,ola,global_test,,,7,0.4666666666666667,0.5333333333333333,720,0.9236111111111112,0.49894364753531084,0.4246674635758003,0.030576057377457624,0.7922993880179193,0.34213420705248915
bayesfl_observability_v1,ola_lr0p002_b32_e2_lam0p01_pinit0p01_fclip10p0,12,ola,global_test,,,8,0.5333333333333333,0.6,508,0.9566929133858267,0.5645041141923018,0.3921887991935249,0.019923190999031063,0.6394746554648782,0.25713854781755313
bayesfl_observability_v1,ola_lr0p002_b32_e2_lam0p01_pinit0p01_fclip10p0,12,ola,global_test,,,9,0.6,0.6666666666666666,273,0.978021978021978,0.6295187158898993,0.3485032621320787,0.00951413905620575,0.5018101486312601,0.18206963821863517
bayesfl_observability_v1,ola_lr0p002_b32_e2_lam0p01_pinit0p01_fclip10p0,12,ola,global_test,,,10,0.6666666666666666,0.7333333333333333,142,0.9929577464788732,0.6972696075976734,0.2956881388811998,0.004198771572113038,0.3756587266082495,0.11550502725680109
bayesfl_observability_v1,ola_lr0p002_b32_e2_lam0p01_pinit0p01_fclip10p0,12,ola,global_test,,,11,0.7333333333333333,0.8,83,1.0,0.7576699580054685,0.24233004199453145,0.0020113393485546114,0.27778775523225946,0.06865893219070263
bayesfl_observability_v1,ola_lr0p002_b32_e2_lam0p01_pinit0p01_fclip10p0,12,ola,global_test,,,12,0.8,0.8666666666666667,11,1.0,0.8238884048028425,0.17611159519715747,0.0001937227547168732,0.1939038553021171,0.03593085553835739
bayesfl_observability_v1,ola_lr0p002_b32_e2_lam0p01_pinit0p01_fclip10p0,12,ola,global_test,,,13,0.8666666666666667,0.9333333333333333,0,,,,,,
bayesfl_observability_v1,ola_lr0p002_b32_e2_lam0p01_pinit0p01_fclip10p0,12,ola,global_test,,,14,0.9333333333333333,1.0,0,,,,,,
bayesfl_observability_v1,ola_lr0p002_b32_e2_lam0p01_pinit0p01_fclip10p0,12,ola,global_test_mc,,,0,0.0,0.06666666666666667,0,,,,,,
bayesfl_observability_v1,ola_lr0p002_b32_e2_lam0p01_pinit0p01_fclip10p0,12,ola,global_test_mc,,,1,0.06666666666666667,0.13333333333333333,12,0.08333333333333333,0.12905801149706045,0.04572467816372712,5.486961379647255e-05,2.1858361760775247,0.8789441684881846
bayesfl_observability_v1,ola_lr0p002_b32_e2_lam0p01_pinit0p01_fclip10p0,12,ola,global_test_mc,,,2,0.13333333333333333,0.2,1494,0.3413654618473896,0.17727120333367402,0.16409425851371556,0.024515682221949105,1.9415895572627884,0.8231428514522721
bayesfl_observability_v1,ola_lr0p002_b32_e2_lam0p01_pinit0p01_fclip10p0,12,ola,global_test_mc,,,3,0.2,0.26666666666666666,2750,0.5345454545454545,0.23293457268042997,0.3016108818650246,0.08294299251288177,1.6570312907479026,0.7423632410656322
bayesfl_observability_v1,ola_lr0p002_b32_e2_lam0p01_pinit0p01_fclip10p0,12,ola,global_test_mc,,,4,0.26666666666666666,0.3333333333333333,1973,0.6958945767866194,0.29729256274068167,0.3986020140459377,0.0786441773712635,1.392420462769297,0.6444460704008819
bayesfl_observability_v1,ola_lr0p002_b32_e2_lam0p01_pinit0p01_fclip10p0,12,ola,global_test_mc,,,5,0.3333333333333333,0.4,1276,0.7813479623824452,0.3636942059268772,0.417653756455568,0.05329261932373048,1.1997010397686854,0.5546984176930962
bayesfl_observability_v1,ola_lr0p002_b32_e2_lam0p01_pinit0p01_fclip10p0,12,ola,global_test_mc,,,6,0.4,0.4666666666666667,899,0.8598442714126807,0.43305546254151656,0.42678880887116416,0.03836831391751765,0.9892938543479886,0.44791706156677613
bayesfl_observability_v1,ola_lr0p002_b32_e2_lam0p01_pinit0p01_fclip10p0,12,ola,global_test_mc,,,7,0.4666666666666667,0.5333333333333333,670,0.9313432835820895,0.4976897077329123,0.4336535758491772,0.02905478958189487,0.7856792223987294,0.3380877877349284
bayesfl_observability_v1,ola_lr0p002_b32_e2_lam0p01_pinit0p01_fclip10p0,12,ola,global_test_mc,,,8,0.5333333333333333,0.6,481,0.9459459459459459,0.5625488547426252,0.3833970912033208,0.01844140008687973,0.6571896957260656,0.2670995777399277
bayesfl_observability_v1,ola_lr0p002_b32_e2_lam0p01_pinit0p01_fclip10p0,12,ola,global_test_mc,,,9,0.6,0.6666666666666666,251,0.9760956175298805,0.6302304925671611,0.3458651249627194,0.008681214636564256,0.5064287584616368,0.184195953002014
bayesfl_observability_v1,ola_lr0p002_b32_e2_lam0p01_pinit0p01_fclip10p0,12,ola,global_test_mc,,,10,0.6666666666666666,0.7333333333333333,120,0.9916666666666667,0.7005191996693612,0.29114746699730554,0.0034937696039676665,0.375717710206906,0.11510765831917524
bayesfl_observability_v1,ola_lr0p002_b32_e2_lam0p01_pinit0p01_fclip10p0,12,ola,global_test_mc,,,11,0.7333333333333333,0.8,64,1.0,0.753658109344542,0.24634189065545797,0.001576588100194931,0.2830155526753515,0.0706871600705199
bayesfl_observability_v1,ola_lr0p002_b32_e2_lam0p01_pinit0p01_fclip10p0,12,ola,global_test_mc,,,12,0.8,0.8666666666666667,10,1.0,0.8267340421676636,0.17326595783233645,0.00017326595783233645,0.19042081534862518,0.03474514540284872
bayesfl_observability_v1,ola_lr0p002_b32_e2_lam0p01_pinit0p01_fclip10p0,12,ola,global_test_mc,,,13,0.8666666666666667,0.9333333333333333,0,,,,,,
bayesfl_observability_v1,ola_lr0p002_b32_e2_lam0p01_pinit0p01_fclip10p0,12,ola,global_test_mc,,,14,0.9333333333333333,1.0,0,,,,,,
bayesfl_observability_v1,ola_lr0p002_b32_e2_lam0p01_pinit0p01_fclip10p0,13,ola,global_test,,,0,0.0,0.06666666666666667,0,,,,,,
bayesfl_observability_v1,ola_lr0p002_b32_e2_lam0p01_pinit0p01_fclip10p0,13,ola,global_test,,,1,0.06666666666666667,0.13333333333333333,6,0.16666666666666666,0.12560654059052467,0.041060126076141984,2.463607564568519e-05,2.1392552057902017,0.8687959015369415
bayesfl_observability_v1,ola_lr0p002_b32_e2_lam0p01_pinit0p01_fclip10p0,13,ola,global_test,,,2,0.13333333333333333,0.2,1053,0.3029439696106363,0.17885983706313094,0.12408413254750536,0.013066059157252315,1.9523868837021467,0.8273520457212515
bayesfl_observability_v1,ola_lr0p002_b32_e2_lam0p01_pinit0p01_fclip10p0,13,ola,global_test,,,3,0.2,0.26666666666666666,2412,0.45232172470978443,0.2335400868571714,0.21878163785261304,0.05277013105005027,1.6870576309327463,0.753477374811473
bayesfl_observability_v1,ola_lr0p002_b32_e2_lam0p01_pinit0p01_fclip10p0,13,ola,global_test,,,4,0.26666666666666666,0.3333333333333333,2184,0.5970695970695971,0.2983214030990671,0.29874819397053,0.06524660556316375,1.4405234655836126,0.6670551909741028
bayesfl_observability_v1,ola_lr0p002_b32_e2_lam0p01_pinit0p01_fclip10p0,13,ola,global_test,,,5,0.3333333333333333,0.4,1446,0.7752420470262794,0.36442158007440395,0.41082046695187546,0.05940463952124119,1.18715482204122,0.5547007934021587
bayesfl_observability_v1,ola_lr0p002_b32_e2_lam0p01_pinit0p01_fclip10p0,13,ola,global_test,,,6,0.4,0.4666666666666667,958,0.9008350730688935,0.431726820564718,0.46910825250417554,0.04494057058990002,0.9486951633883418,0.4300032013828919
bayesfl_observability_v1,ola_lr0p002_b32_e2_lam0p01_pinit0p01_fclip10p0,13,ola,global_test,,,7,0.4666666666666667,0.5333333333333333,792,0.9633838383838383,0.4988664652813565,0.46451737310248187,0.03678977594971656,0.7511144404609998,0.3192189513244713
bayesfl_observability_v1,ola_lr0p002_b32_e2_lam0p01_pinit0p01_fclip10p0,13,ola,global_test,,,8,0.5333333333333333,0.6,616,0.987012987012987,0.5638975003710041,0.42311548664198295,0.02606391397714615,0.5950524643450589,0.23331886987117204
bayesfl_observability_v1,ola_lr0p002_b32_e2_lam0p01_pinit0p01_fclip10p0,13,ola,global_test,,,9,0.6,0.6666666666666666,336,0.9910714285714286,0.6291530020534992,0.3619184265179294,0.012160459131002428,0.48210075763719423,0.17047389383826936
bayesfl_observability_v1,ola_lr0p002_b32_e2_lam0p01_pinit0p01_fclip10p0,13,ola,global_test,,,10,0.6666666666666666,0.7333333333333333,153,1.0,0.6952963576597326,0.30470364234026737,0.00466196572780609,0.36376993757447385,0.10928006363070868
bayesfl_observability_v1,ola_lr0p002_b32_e2_lam0p01_pinit0p01_fclip10p0,13,ola,global_test,,,11,0.7333333333333333,0.8,37,1.0,0.7567243157206355,0.24327568427936452,0.0009001200318336487,0.27910470157056244,0.06952848416325208
bayesfl_observability_v1,ola_lr0p002_b32_e2_lam0p01_pinit0p01_fclip10p0,13,ola,global_test,,,12,0.8,0.8666666666666667,7,1.0,0.8211063402039664,0.17889365979603356,0.0001252255618572235,0.19713633826800755,0.037715880466359
bayesfl_observability_v1,ola_lr0p002_b32_e2_lam0p01_pinit0p01_fclip10p0,13,ola,global_test,,,13,0.8666666666666667,0.9333333333333333,0,,,,,,
bayesfl_observability_v1,ola_lr0p002_b32_e2_lam0p01_pinit0p01_fclip10p0,13,ola,global_test,,,14,0.9333333333333333,1.0,0,,,,,,
bayesfl_observability_v1,ola_lr0p002_b32_e2_lam0p01_pinit0p01_fclip10p0,13,ola,global_test_mc,,,0,0.0,0.06666666666666667,0,,,,,,
bayesfl_observability_v1,ola_lr0p002_b32_e2_lam0p01_pinit0p01_fclip10p0,13,ola,global_test_mc,,,1,0.06666666666666667,0.13333333333333333,10,0.3,0.12800450697541238,0.1719954930245876,0.0001719954930245876,2.142797923088074,0.8697094857692719
bayesfl_observability_v1,ola_lr0p002_b32_e2_lam0p01_pinit0p01_fclip10p0,13,ola,global_test_mc,,,2,0.13333333333333333,0.2,1102,0.2813067150635209,0.17848078477891086,0.10282593028461004,0.011331417517364026,1.963669285259316,0.8302808681979587
bayesfl_observability_v1,ola_lr0p002_b32_e2_lam0p01_pinit0p01_fclip10p0,13,ola,global_test_mc,,,3,0.2,0.26666666666666666,2529,0.4626334519572954,0.23365543689026386,0.22897801506703153,0.05790854001045227,1.6945048295824647,0.7553226055011018
bayesfl_observability_v1,ola_lr0p002_b32_e2_lam0p01_pinit0p01_fclip10p0,13,ola,global_test_mc,,,4,0.26666666666666666,0.3333333333333333,2145,0.5967365967365967,0.29809408151742184,0.2986425152191749,0.06405881951451302,1.4359503332551542,0.6647205002658017
bayesfl_observability_v1,ola_lr0p002_b32_e2_lam0p01_pinit0p01_fclip10p0,13,ola,global_test_mc,,,5,0.3333333333333333,0.4,1426,0.7573632538569425,0.36325042131572416,0.3941128325412183,0.05620048992037773,1.211567554366873,0.5642113593651236
bayesfl_observability_v1,ola_lr0p002_b32_e2_lam0p01_pinit0p01_fclip10p0,13,ola,global_test_mc,,,6,0.4,0.4666666666666667,992,0.907258064516129,0.43181208427995443,0.47544598023617457,0.04716424123942852,0.9417496322984656,0.4256392751910513
bayesfl_observability_v1,ola_lr0p002_b32_e2_lam0p01_pinit0p01_fclip10p0,13,ola,global_test_mc,,,7,0.4666666666666667,0.5333333333333333,781,0.9603072983354674,0.498436494612358,0.46187080372310935,0.036072109770774845,0.7540418178262845,0.3211347517222357
bayesfl_observability_v1,ola_lr0p002_b32_e2_lam0p01_pinit0p01_fclip10p0,13,ola,global_test_mc,,,8,0.5333333333333333,0.6,570,0.9859649122807017,0.5643295625845591,0.4216353496961426,0.024033214932680128,0.5970372564959945,0.23384312898443457
bayesfl_observability_v1,ola_lr0p002_b32_e2_lam0p01_pinit0p01_fclip10p0,13,ola,global_test_mc,,,9,0.6,0.6666666666666666,280,0.9928571428571429,0.6269424174513135,0.36591472540582937,0.010245612311363221,0.4824345292789595,0.17082231592919145
bayesfl_observability_v1,ola_lr0p002_b32_e2_lam0p01_pinit0p01_fclip10p0,13,ola,global_test_mc,,,10,0.6666666666666666,0.7333333333333333,137,1.0,0.6949185163435274,0.3050814836564726,0.004179616326093674,0.36431683436797485,0.10928988304451434
bayesfl_observability_v1,ola_lr0p002_b32_e2_lam0p01_pinit0p01_fclip10p0,13,ola,global_test_mc,,,11,0.7333333333333333,0.8,23,1.0,0.7624791990155759,0.23752080098442407,0.0005462978422641755,0.2715173460867094,0.06621415767332782
bayesfl_observability_v1,ola_lr0p002_b32_e2_lam0p01_pinit0p01_fclip10p0,13,ola,global_test_mc,,,12,0.8,0.8666666666666667,5,1.0,0.8225466012954712,0.1774533987045288,8.87266993522644e-05,0.1953956663608551,0.036808868497610094
bayesfl_observability_v1,ola_lr0p002_b32_e2_lam0p01_pinit0p01_fclip10p0,13,ola,global_test_mc,,,13,0.8666666666666667,0.9333333333333333,0,,,,,,
bayesfl_observability_v1,ola_lr0p002_b32_e2_lam0p01_pinit0p01_fclip10p0,13,ola,global_test_mc,,,14,0.9333333333333333,1.0,0,,,,,,
bayesfl_observability_v1,ola_lr0p002_b32_e2_lam0p01_pinit0p01_fclip10p0,14,ola,global_test,,,0,0.0,0.06666666666666667,0,,,,,,
bayesfl_observability_v1,ola_lr0p002_b32_e2_lam0p01_pinit0p01_fclip10p0,14,ola,global_test,,,1,0.06666666666666667,0.13333333333333333,2,0.0,0.1306551843881607,0.1306551843881607,2.613103687763214e-05,2.303802013397217,0.9049373269081116
bayesfl_observability_v1,ola_lr0p002_b32_e2_lam0p01_pinit0p01_fclip10p0,14,ola,global_test,,,2,0.13333333333333333,0.2,1122,0.3413547237076649,0.17832484424326722,0.16302987946439768,0.01829195247590542,1.9196836187665263,0.8200996154769856
bayesfl_observability_v1,ola_lr0p002_b32_e2_lam0p01_pinit0p01_fclip10p0,14,ola,global_test,,,3,0.2,0.26666666666666666,2526,0.5174188440221694,0.23388603431713176,0.2835328097050377,0.07162038773149251,1.647023955320236,0.7412857755440525
bayesfl_observability_v1,ola_lr0p002_b32_e2_lam0p01_pinit0p01_fclip10p0,14,ola,global_test,,,4,0.26666666666666666,0.3333333333333333,2017,0.7035200793257312,0.29746378790522543,0.4060562914205058,0.08190155397951601,1.3714122996805445,0.639818657313353
bayesfl_observability_v1,ola_lr0p002_b32_e2_lam0p01_pinit0p01_fclip10p0,14,ola,global_test,,,5,0.3333333333333333,0.4,1322,0.8600605143721634,0.36428320691913774,0.4957773074530256,0.06554176004528998,1.1258184409357956,0.5234690014380009
bayesfl_observability_v1,ola_lr0p002_b32_e2_lam0p01_pinit0p01_fclip10p0,14,ola,global_test,,,6,0.4,0.4666666666666667,964,0.9616182572614108,0.4308833384971401,0.5307349187642707,0.051162846168875696,0.8863587262595838,0.398045400149842
bayesfl_observability_v1,ola_lr0p002_b32_e2_lam0p01_pinit0p01_fclip10p0,14,ola,global_test,,,7,0.4666666666666667,0.5333333333333333,756,0.9841269841269841,0.49714957970002344,0.48697740442696064,0.03681549177467822,0.7225295023785697,0.30657297201336375
bayesfl_observability_v1,ola_lr0p002_b32_e2_lam0p01_pinit0p01_fclip10p0,14,ola,global_test,,,8,0.5333333333333333,0.6,581,0.9948364888123924,0.5651827003172055,0.4296537884951869,0.024962885111570358,0.584753720875246,0.22611628529229386
bayesfl_observability_v1,ola_lr0p002_b32_e2_lam0p01_pinit0p01_fclip10p0,14,ola,global_test,,,9,0.6,0.6666666666666666,454,1.0,0.6305911235084618,0.3694088764915382,0.016771162992715832,0.46156290698681635,0.15918254376376778
bayesfl_observability_v1,ola_lr0p002_b32_e2_lam0p01_pinit0p01_fclip10p0,14,ola,global_test,,,10,0.6666666666666666,0.7333333333333333,209,1.0,0.6941254994515597,0.30587450054844034,0.006392777061462403,0.36546686362992065,0.10975399984127027
bayesfl_observability_v1,ola_lr0p002_b32_e2_lam0p01_pinit0p01_fclip10p0,14,ola,global_test,,,11,0.7333333333333333,0.8,45,1.0,0.7608547343148125,0.23914526568518746,0.0010761536955833436,0.27354936103026073,0.06925513620177905
bayesfl_observability_v1,ola_lr0p002_b32_e2_lam0p01_pinit0p01_fclip10p0,14,ola,global_test,,,12,0.8,0.8666666666666667,2,1.0,0.8052659034729004,0.1947340965270996,3.8946819305419925e-05,0.21658755093812943,0.04652669467031956
bayesfl_observability_v1,ola_lr0p002_b32_e2_lam0p01_pinit0p01_fclip10p0,14,ola,global_test,,,13,0.8666666666666667,0.9333333333333333,0,,,,,,
bayesfl_observability_v1,ola_lr0p002_b32_e2_lam0p01_pinit0p01_fclip10p0,14,ola,global_test,,,14,0.9333333333333333,1.0,0,,,,,,
bayesfl_observability_v1,ola_lr0p002_b32_e2_lam0p01_pinit0p01_fclip10p0,14,ola,global_test_mc,,,0,0.0,0.06666666666666667,0,,,,,,
bayesfl_observability_v1,ola_lr0p002_b32_e2_lam0p01_pinit0p01_fclip10p0,14,ola,global_test_mc,,,1,0.06666666666666667,0.13333333333333333,4,0.5,0.1310993656516075,0.3689006343483925,0.000147560253739357,2.1065802574157715,0.861544668674469
bayesfl_observability_v1,ola_lr0p002_b32_e2_lam0p01_pinit0p01_fclip10p0,14,ola,global_test_mc,,,2,0.13333333333333333,0.2,1211,0.34021469859620146,0.1778284612517038,0.16238623734449767,0.01966497334241867,1.9230944053089196,0.8205354658657613
bayesfl_observability_v1,ola_lr0p002_b32_e2_lam0p01_pinit0p01_fclip10p0,14,ola,global_test_mc,,,3,0.2,0.26666666666666666,2609,0.5212725182062092,0.23379684106834825,0.287475677137861,0.07500240416526793,1.6521744931415838,0.7428199936942426
bayesfl_observability_v1,ola_lr0p002_b32_e2_lam0p01_pinit0p01_fclip10p0,14,ola,global_test_mc,,,4,0.26666666666666666,0.3333333333333333,1977,0.6919575113808801,0.29718952814798255,0.3947679832328976,0.07804563028514386,1.378718753143218,0.6422512991957793
bayesfl_observability_v1,ola_lr0p002_b32_e2_lam0p01_pinit0p01_fclip10p0,14,ola,global_test_mc,,,5,0.3333333333333333,0.4,1351,0.8549222797927462,0.3637741795519738,0.4911481002407724,0.06635410834252835,1.1316146852350695,0.5257301124972295
bayesfl_observability_v1,ola_lr0p002_b32_e2_lam0p01_pinit0p01_fclip10p0,14,ola,global_test_mc,,,6,0.4,0.4666666666666667,961,0.9656607700312175,0.4316380998656603,0.5340226701655573,0.05131957860291005,0.8799851666380042,0.39446208984993253
bayesfl_observability_v1,ola_lr0p002_b32_e2_lam0p01_pinit0p01_fclip10p0,14,ola,global_test_mc,,,7,0.4666666666666667,0.5333333333333333,720,0.9861111111111112,0.49805513334770996,0.4880559777634012,0.035140030398964885,0.7189270613922013,0.30385866483880414
bayesfl_observability_v1,ola_lr0p002_b32_e2_lam0p01_pinit0p01_fclip10p0,14,ola,global_test_mc,,,8,0.5333333333333333,0.6,573,0.9947643979057592,0.5649898132312569,0.42977458467450236,0.024626083701848985,0.583779381727881,0.22567545891744303
bayesfl_observability_v1,ola_lr0p002_b32_e2_lam0p01_pinit0p01_fclip10p0,14,ola,global_test_mc,,,9,0.6,0.6666666666666666,398,1.0,0.6299316264576649,0.3700683735423351,0.014728721266984936,0.4625805421690246,0.1596785750071607
bayesfl_observability_v1,ola_lr0p002_b32_e2_lam0p01_pinit0p01_fclip10p0,14,ola,global_test_mc,,,10,0.6666666666666666,0.7333333333333333,160,1.0,0.6929141994565725,0.3070858005434275,0.0049133728086948394,0.3672214925289154,0.11128072123974561
bayesfl_observability_v1,ola_lr0p002_b32_e2_lam0p01_pinit0p01_fclip10p0,14,ola,global_test_mc,,,11,0.7333333333333333,0.8,35,1.0,0.7578229222978864,0.2421770777021136,0.0008476197719573976,0.27764795550278254,0.07148814499378205
bayesfl_observability_v1,ola_lr0p002_b32_e2_lam0p01_pinit0p01_fclip10p0,14,ola,global_test_mc,,,12,0.8,0.8666666666666667,1,1.0,0.8163716197013855,0.1836283802986145,1.836283802986145e-05,0.20288561284542084,0.04369039461016655
bayesfl_observability_v1,ola_lr0p002_b32_e2_lam0p01_pinit0p01_fclip10p0,14,ola,global_test_mc,,,13,0.8666666666666667,0.9333333333333333,0,,,,,,
bayesfl_observability_v1,ola_lr0p002_b32_e2_lam0p01_pinit0p01_fclip10p0,14,ola,global_test_mc,,,14,0.9333333333333333,1.0,0,,,,,,
bayesfl_observability_v1,ola_lr0p002_b32_e2_lam0p01_pinit0p01_fclip10p0,15,ola,global_test,,,0,0.0,0.06666666666666667,0,,,,,,
bayesfl_observability_v1,ola_lr0p002_b32_e2_lam0p01_pinit0p01_fclip10p0,15,ola,global_test,,,1,0.06666666666666667,0.13333333333333333,4,0.25,0.1299704872071743,0.1200295127928257,4.801180511713028e-05,2.0932573080062866,0.8601950705051422
bayesfl_observability_v1,ola_lr0p002_b32_e2_lam0p01_pinit0p01_fclip10p0,15,ola,global_test,,,2,0.13333333333333333,0.2,838,0.3448687350835322,0.17922552031307062,0.1656432147704616,0.013880901397764683,1.9152990491407298,0.8194632522388403
bayesfl_observability_v1,ola_lr0p002_b32_e2_lam0p01_pinit0p01_fclip10p0,15,ola,global_test,,,3,0.2,0.26666666666666666,2255,0.47494456762749443,0.23518471836118635,0.23975984926630808,0.05406584600955247,1.6738866063813678,0.7521460555873795
bayesfl_observability_v1,ola_lr0p002_b32_e2_lam0p01_pinit0p01_fclip10p0,15,ola,global_test,,,4,0.26666666666666666,0.3333333333333333,2067,0.6279632317368167,0.29861674858973575,0.3293464831470809,0.06807591806650162,1.4474514541732093,0.6708432876319774
bayesfl_observability_v1,ola_lr0p002_b32_e2_lam0p01_pinit0p01_fclip10p0,15,ola,global_test,,,5,0.3333333333333333,0.4,1396,0.7313753581661891,0.36429139854317066,0.3670839596230185,0.05124492076337338,1.2445420428982437,0.5830267475848553
bayesfl_observability_v1,ola_lr0p002_b32_e2_lam0p01_pinit0p01_fclip10p0,15,ola,global_test,,,6,0.4,0.4666666666666667,1016,0.7982283464566929,0.43055819772829224,0.3676701487284007,0.03735528711080551,1.0801465636280578,0.49600344116058875
bayesfl_observability_v1,ola_lr0p002_b32_e2_lam0p01_pinit0p01_fclip10p0,15,ola,global_test,,,7,0.4666666666666667,0.5333333333333333,730,0.8643835616438356,0.4984513317885464,0.36593222985528917,0.02671305277943611,0.8838918956175242,0.39451293283945893
bayesfl_observability_v1,ola_lr0p002_b32_e2_lam0p01_pinit0p01_fclip10p0,15,ola,global_test,,,8,0.5333333333333333,0.6,561,0.9429590017825312,0.566764187154073,0.3761948146284583,0.021104529100656508,0.6650885288303123,0.27205171509116305
bayesfl_observability_v1,ola_lr0p002_b32_e2_lam0p01_pinit0p01_fclip10p0,15,ola,global_test,,,9,0.6,0.6666666666666666,416,0.9639423076923077,0.6322789983107493,0.3316633093815584,0.01379719367027283,0.5377245359839156,0.19837743792539606
bayesfl_observability_v1,ola_lr0p002_b32_e2_lam0p01_pinit0p01_fclip10p0,15,ola,global_test,,,10,0.6666666666666666,0.7333333333333333,400,0.9825,0.7008266396820545,0.28167336031794554,0.011266934412717823,0.39361854203045366,0.12540755663067102
bayesfl_observability_v1,ola_lr0p002_b32_e2_lam0p01_pinit0p01_fclip10p0,15,ola,global_test,,,11,0.7333333333333333,0.8,264,1.0,0.7634777415430907,0.23652225845690933,0.006244187623262406,0.27015817910432816,0.0657585785639557
bayesfl_observability_v1,ola_lr0p002_b32_e2_lam0p01_pinit0p01_fclip10p0,15,ola,global_test,,,12,0.8,0.8666666666666667,52,1.0,0.8174256349985416,0.1825743650014584,0.0009493866980075836,0.20177460920352203,0.03892181466261928
bayesfl_observability_v1,ola_lr0p002_b32_e2_lam0p01_pinit0p01_fclip10p0,15,ola,global_test,,,13,0.8666666666666667,0.9333333333333333,1,1.0,0.8671326041221619,0.13286739587783813,1.3286739587783814e-05,0.1425633728504181,0.020103801041841507
bayesfl_observability_v1,ola_lr0p002_b32_e2_lam0p01_pinit0p01_fclip10p0,15,ola,global_test,,,14,0.9333333333333333,1.0,0,,,,,,
bayesfl_observability_v1,ola_lr0p002_b32_e2_lam0p01_pinit0p01_fclip10p0,15,ola,global_test_mc,,,0,0.0,0.06666666666666667,0,,,,,,
bayesfl_observability_v1,ola_lr0p002_b32_e2_lam0p01_pinit0p01_fclip10p0,15,ola,global_test_mc,,,1,0.06666666666666667,0.13333333333333333,9,0.3333333333333333,0.12963148785961998,0.20370184547371334,0.000183331660926342,2.1808562543657093,0.8751490314801534
bayesfl_observability_v1,ola_lr0p002_b32_e2_lam0p01_pinit0p01_fclip10p0,15,ola,global_test_mc,,,2,0.13333333333333333,0.2,903,0.33554817275747506,0.17910004015248743,0.15644813260498763,0.014127266374230382,1.9168198656534172,0.819546409817629
bayesfl_observability_v1,ola_lr0p002_b32_e2_lam0p01_pinit0p01_fclip10p0,15,ola,global_test_mc,,,3,0.2,0.26666666666666666,2334,0.4837189374464439,0.23415486693969628,0.24956407050674762,0.058248254056274894,1.675502769846945,0.7524816774872499
bayesfl_observability_v1,ola_lr0p002_b32_e2_lam0p01_pinit0p01_fclip10p0,15,ola,global_test_mc,,,4,0.26666666666666666,0.3333333333333333,2138,0.6328344246959775,0.29852413758984003,0.33431028710613747,0.07147553938329218,1.4466237654409417,0.6695808236346945
bayesfl_observability_v1,ola_lr0p002_b32_e2_lam0p01_pinit0p01_fclip10p0,15,ola,global_test_mc,,,5,0.3333333333333333,0.4,1363,0.7212032281731474,0.36515620904028284,0.3560470191328646,0.04852920870780944,1.2497155374669013,0.5847215818204341
bayesfl_observability_v1,ola_lr0p002_b32_e2_lam0p01_pinit0p01_fclip10p0,15,ola,global_test_mc,,,6,0.4,0.4666666666666667,995,0.7969849246231155,0.43158302148382865,0.3654019031392869,0.036357489362359045,1.0905619472115484,0.49857202867167677
bayesfl_observability_v1,ola_lr0p002_b32_e2_lam0p01_pinit0p01_fclip10p0,15,ola,global_test_mc,,,7,0.4666666666666667,0.5333333333333333,667,0.889055472263868,0.49840166552670895,0.3906538067371591,0.026056608909368516,0.8497666891725704,0.37566724017463526
bayesfl_observability_v1,ola_lr0p002_b32_e2_lam0p01_pinit0p01_fclip10p0,15,ola,global_test_mc,,,8,0.5333333333333333,0.6,546,0.9377289377289377,0.5659294256142208,0.37179951211471696,0.020300253361463547,0.6701375950168778,0.2756101666734769
bayesfl_observability_v1,ola_lr0p002_b32_e2_lam0p01_pinit0p01_fclip10p0,15,ola,global_test_mc,,,9,0.6,0.6666666666666666,413,0.9661016949152542,0.6320280334562712,0.334073661458983,0.013797242218255996,0.5289915116733847,0.19475051194212917
bayesfl_observability_v1,ola_lr0p002_b32_e2_lam0p01_pinit0p01_fclip10p0,15,ola,global_test_mc,,,10,0.6666666666666666,0.7333333333333333,394,0.9822335025380711,0.6998264751761093,0.28240702736196177,0.011126836878061293,0.40099815880586653,0.1271862073371253
bayesfl_observability_v1,ola_lr0p002_b32_e2_lam0p01_pinit0p01_fclip10p0,15,ola,global_test_mc,,,11,0.7333333333333333,0.8,205,1.0,0.7627902263548316,0.23720977364516838,0.004862800359725952,0.2710515597971474,0.06606205907173274
bayesfl_observability_v1,ola_lr0p002_b32_e2_lam0p01_pinit0p01_fclip10p0,15,ola,global_test_mc,,,12,0.8,0.8666666666666667,33,1.0,0.8151621421178182,0.18483785788218177,0.0006099649310111998,0.204535061211297,0.03966716676950455
bayesfl_observability_v1,ola_lr0p002_b32_e2_lam0p01_pinit0p01_fclip10p0,15,ola,global_test_mc,,,13,0.8666666666666667,0.9333333333333333,0,,,,,,
bayesfl_observability_v1,ola_lr0p002_b32_e2_lam0p01_pinit0p01_fclip10p0,15,ola,global_test_mc,,,14,0.9333333333333333,1.0,0,,,,,,
bayesfl_observability_v1,ola_lr0p002_b32_e2_lam0p01_pinit0p01_fclip10p0,16,ola,global_test,,,0,0.0,0.06666666666666667,0,,,,,,
bayesfl_observability_v1,ola_lr0p002_b32_e2_lam0p01_pinit0p01_fclip10p0,16,ola,global_test,,,1,0.06666666666666667,0.13333333333333333,1,0.0,0.12550346553325653,0.12550346553325653,1.2550346553325653e-05,2.3323097229003906,0.9110531806945801
bayesfl_observability_v1,ola_lr0p002_b32_e2_lam0p01_pinit0p01_fclip10p0,16,ola,global_test,,,2,0.13333333333333333,0.2,297,0.2895622895622896,0.18266280652698041,0.10689948303530916,0.003174914646148682,1.8912043599568633,0.8182789585004351
bayesfl_observability_v1,ola_lr0p002_b32_e2_lam0p01_pinit0p01_fclip10p0,16,ola,global_test,,,3,0.2,0.26666666666666666,1406,0.3506401137980085,0.23660349336109662,0.1140366204369119,0.016033548833429813,1.7319736877511949,0.7778343803343359
bayesfl_observability_v1,ola_lr0p002_b32_e2_lam0p01_pinit0p01_fclip10p0,16,ola,global_test,,,4,0.26666666666666666,0.3333333333333333,1829,0.36249316566429746,0.3005530299255273,0.06194013573877016,0.011328850826621063,1.6071209077824655,0.7450037909831553
bayesfl_observability_v1,ola_lr0p002_b32_e2_lam0p01_pinit0p01_fclip10p0,16,ola,global_test,,,5,0.3333333333333333,0.4,1704,0.36384976525821594,0.3663918769310618,0.002542111672845848,0.0004331758290529326,1.5414801850005495,0.7305392725786692
bayesfl_observability_v1,ola_lr0p002_b32_e2_lam0p01_pinit0p01_fclip10p0,16,ola,global_test,,,6,0.4,0.4666666666666667,1364,0.39296187683284456,0.43224852141047504,0.03928664457763048,0.005358698320388797,1.5017190402116942,0.7182807277374603
bayesfl_observability_v1,ola_lr0p002_b32_e2_lam0p01_pinit0p01_fclip10p0,16,ola,global_test,,,7,0.4666666666666667,0.5333333333333333,1060,0.49433962264150944,0.4985347593449197,0.004195136703410263,0.00044468449056148785,1.3243694465677693,0.6469972784789103
bayesfl_observability_v1,ola_lr0p002_b32_e2_lam0p01_pinit0p01_fclip10p0,16,ola,global_test,,,8,0.5333333333333333,0.6,879,0.6348122866894198,0.566000089371435,0.06881219731798482,0.006048592144250866,1.1355777847346458,0.5431926641210626
bayesfl_observability_v1,ola_lr0p002_b32_e2_lam0p01_pinit0p01_fclip10p0,16,ola,global_test,,,9,0.6,0.6666666666666666,494,0.694331983805668,0.6306920532996838,0.06363993050598415,0.0031438125669956173,1.0266366595560723,0.4818011233922441
bayesfl_observability_v1,ola_lr0p002_b32_e2_lam0p01_pinit0p01_fclip10p0,16,ola,global_test,,,10,0.6666666666666666,0.7333333333333333,319,0.6739811912225705,0.6988427482054899,0.024861556982919364,0.0007930836677551277,1.0868885859052964,0.5063115803986133
bayesfl_observability_v1,ola_lr0p002_b32_e2_lam0p01_pinit0p01_fclip10p0,16,ola,global_test,,,11,0.7333333333333333,0.8,199,0.8592964824120602,0.7671733088229769,0.0921231735890834,0.0018332511544227597,0.6339032244891977,0.26024568625655603
bayesfl_observability_v1,ola_lr0p002_b32_e2_lam0p01_pinit0p01_fclip10p0,16,ola,global_test,,,12,0.8,0.8666666666666667,191,0.9267015706806283,0.831630337300725,0.09507123337990331,0.001815860557556153,0.42351624135571625,0.1487251396988231
bayesfl_observability_v1,ola_lr0p002_b32_e2_lam0p01_pinit0p01_fclip10p0,16,ola,global_test,,,13,0.8666666666666667,0.9333333333333333,172,0.9825581395348837,0.9027340211147485,0.07982411842013515,0.0013729748368263245,0.17790384893847067,0.04221028723039253
bayesfl_observability_v1,ola_lr0p002_b32_e2_lam0p01_pinit0p01_fclip10p0,16,ola,global_test,,,14,0.9333333333333333,1.0,85,1.0,0.9508061437045827,0.04919385629541728,0.0004181477785110469,0.0505311201162198,0.0030983784537324133
bayesfl_observability_v1,ola_lr0p002_b32_e2_lam0p01_pinit0p01_fclip10p0,16,ola,global_test_mc,,,0,0.0,0.06666666666666667,0,,,,,,
bayesfl_observability_v1,ola_lr0p002_b32_e2_lam0p01_pinit0p01_fclip10p0,16,ola,global_test_mc,,,1,0.06666666666666667,0.13333333333333333,2,0.0,0.12726619839668274,0.12726619839668274,2.5453239679336547e-05,2.5265629291534424,0.9435145258903503
bayesfl_observability_v1,ola_lr0p002_b32_e2_lam0p01_pinit0p01_fclip10p0,16,ola,global_test_mc,,,2,0.13333333333333333,0.2,328,0.27134146341463417,0.18291541802265296,0.0884260453919812,0.0029003742888569837,1.904811219107814,0.8214431034355629
bayesfl_observability_v1,ola_lr0p002_b32_e2_lam0p01_pinit0p01_fclip10p0,16,ola,global_test_mc,,,3,0.2,0.26666666666666666,1429,0.3547935619314206,0.2363090372173164,0.1184845247141042,0.016931438581645492,1.726878785686613,0.7758152608774691
bayesfl_observability_v1,ola_lr0p002_b32_e2_lam0p01_pinit0p01_fclip10p0,16,ola,global_test_mc,,,4,0.26666666666666666,0.3333333333333333,1919,0.3423658155289213,0.3000328750924681,0.04233294043645319,0.008123691269755368,1.628421081982285,0.7512773495592631
bayesfl_observability_v1,ola_lr0p002_b32_e2_lam0p01_pinit0p01_fclip10p0,16,ola,global_test_mc,,,5,0.3333333333333333,0.4,1694,0.36363636363636365,0.3662585243318833,0.0026221606955196264,0.0004441940218210247,1.5418368784497452,0.7314093685769415
bayesfl_observability_v1,ola_lr0p002_b32_e2_lam0p01_pinit0p01_fclip10p0,16,ola,global_test_mc,,,6,0.4,0.4666666666666667,1363,0.4020542920029347,0.43193388719901565,0.029879595196080966,0.004072588825225836,1.4999802496095658,0.7149650149719731
bayesfl_observability_v1,ola_lr0p002_b32_e2_lam0p01_pinit0p01_fclip10p0,16,ola,global_test_mc,,,7,0.4666666666666667,0.5333333333333333,1044,0.5191570881226054,0.4983286424272362,0.020828445695369235,0.002174489730596548,1.3112645572286912,0.6350904775362362
bayesfl_observability_v1,ola_lr0p002_b32_e2_lam0p01_pinit0p01_fclip10p0,16,ola,global_test_mc,,,8,0.5333333333333333,0.6,827,0.6396614268440145,0.5649663029731834,0.0746951238708311,0.006177286744117732,1.128171301522307,0.5382817095683881
bayesfl_observability_v1,ola_lr0p002_b32_e2_lam0p01_pinit0p01_fclip10p0,16,ola,global_test_mc,,,9,0.6,0.6666666666666666,483,0.6356107660455487,0.6308666198643592,0.004744146181189457,0.00022914226055145077,1.1308924679183565,0.5405348626044473
bayesfl_observability_v1,ola_lr0p002_b32_e2_lam0p01_pinit0p01_fclip10p0,16,ola,global_test_mc,,,10,0.6666666666666666,0.7333333333333333,286,0.6888111888111889,0.6990773898738247,0.010266201062635871,0.0002936133503913859,1.0614075152190414,0.4918042764171854
bayesfl_observability_v1,ola_lr0p002_b32_e2_lam0p01_pinit0p01_fclip10p0,16,ola,global_test_mc,,,11,0.7333333333333333,0.8,206,0.8398058252427184,0.7657636444545487,0.07404218078816971,0.001525268924236296,0.6893521764324707,0.289212440782525
bayesfl_observability_v1,ola_lr0p002_b32_e2_lam0p01_pinit0p01_fclip10p0,16,ola,global_test_mc,,,12,0.8,0.8666666666666667,173,0.9190751445086706,0.8306994510523845,0.08837569345628604,0.0015288994967937485,0.433040516741703,0.15980142522926274
bayesfl_observability_v1,ola_lr0p002_b32_e2_lam0p01_pinit0p01_fclip10p0,16,ola,global_test_mc,,,13,0.8666666666666667,0.9333333333333333,175,0.9828571428571429,0.9019697914804731,0.0808873513766698,0.0014155286490917214,0.17996916566576276,0.0421219822924052
bayesfl_observability_v1,ola_lr0p002_b32_e2_lam0p01_pinit0p01_fclip10p0,16,ola,global_test_mc,,,14,0.9333333333333333,1.0,71,1.0,0.9494878826007037,0.050512117399296286,0.0003586360335350036,0.05193355918245416,0.0032766011886259305
bayesfl_observability_v1,ola_lr0p002_b32_e2_lam0p01_pinit0p01_fclip10p0,17,ola,global_test,,,0,0.0,0.06666666666666667,0,,,,,,
bayesfl_observability_v1,ola_lr0p002_b32_e2_lam0p01_pinit0p01_fclip10p0,17,ola,global_test,,,1,0.06666666666666667,0.13333333333333333,1,1.0,0.13257595896720886,0.8674240410327911,8.674240410327911e-05,2.020599603652954,0.8423278331756592
bayesfl_observability_v1,ola_lr0p002_b32_e2_lam0p01_pinit0p01_fclip10p0,17,ola,global_test,,,2,0.13333333333333333,0.2,464,0.23706896551724138,0.18260635438792663,0.05446261112931475,0.002527065156400204,1.9417976623979107,0.8292379131347969
bayesfl_observability_v1,ola_lr0p002_b32_e2_lam0p01_pinit0p01_fclip10p0,17,ola,global_test,,,3,0.2,0.26666666666666666,1898,0.3493150684931507,0.235370115387804,0.11394495310534669,0.0216267520993948,1.7445657475605152,0.7782468576891027
bayesfl_observability_v1,ola_lr0p002_b32_e2_lam0p01_pinit0p01_fclip10p0,17,ola,global_test,,,4,0.26666666666666666,0.3333333333333333,1855,0.5088948787061994,0.29909779328220293,0.2097970854239965,0.03891735934615135,1.5131954937932306,0.6992714114908902
bayesfl_observability_v1,ola_lr0p002_b32_e2_lam0p01_pinit0p01_fclip10p0,17,ola,global_test,,,5,0.3333333333333333,0.4,1607,0.6751711263223398,0.3653414907222515,0.30982963560008825,0.049789622440934184,1.2577879451117904,0.5956907635085243
bayesfl_observability_v1,ola_lr0p002_b32_e2_lam0p01_pinit0p01_fclip10p0,17,ola,global_test,,,6,0.4,0.4666666666666667,1156,0.8235294117647058,0.43234979956826536,0.3911796121964405,0.04522036316990852,1.0130735879641504,0.474436582939435
bayesfl_observability_v1,ola_lr0p002_b32_e2_lam0p01_pinit0p01_fclip10p0,17,ola,global_test,,,7,0.4666666666666667,0.5333333333333333,983,0.9145473041709054,0.49800837840335416,0.4165389257675512,0.04094577640295028,0.8049090638044285,0.3586368142709606
bayesfl_observability_v1,ola_lr0p002_b32_e2_lam0p01_pinit0p01_fclip10p0,17,ola,global_test,,,8,0.5333333333333333,0.6,794,0.9596977329974811,0.5657660860558902,0.3939316469415909,0.03127817276716232,0.6379054482998116,0.25987173234035144
bayesfl_observability_v1,ola_lr0p002_b32_e2_lam0p01_pinit0p01_fclip10p0,17,ola,global_test,,,9,0.6,0.6666666666666666,604,0.9850993377483444,0.6319413770310927,0.3531579607172517,0.021330740827322003,0.4914477529707334,0.17665292455857953
bayesfl_observability_v1,ola_lr0p002_b32_e2_lam0p01_pinit0p01_fclip10p0,17,ola,global_test,,,10,0.6666666666666666,0.7333333333333333,310,0.9838709677419355,0.6968628550729444,0.28700811266899107,0.008897251492738723,0.40336984636322143,0.1293769927034455
bayesfl_observability_v1,ola_lr0p002_b32_e2_lam0p01_pinit0p01_fclip10p0,17,ola,global_test,,,11,0.7333333333333333,0.8,156,1.0,0.7635090920405511,0.23649090795944894,0.0036892581641674036,0.2701735231929865,0.06656886680194965
bayesfl_observability_v1,ola_lr0p002_b32_e2_lam0p01_pinit0p01_fclip10p0,17,ola,global_test,,,12,0.8,0.8666666666666667,106,0.9905660377358491,0.8320300011139996,0.15853603662184945,0.0016804819881916042,0.2140745589474462,0.04906187918177753
bayesfl_observability_v1,ola_lr0p002_b32_e2_lam0p01_pinit0p01_fclip10p0,17,ola,global_test,,,13,0.8666666666666667,0.9333333333333333,62,1.0,0.8887549071542679,0.11124509284573214,0.0006897195756435392,0.11813030560170451,0.015430790282064868
bayesfl_observability_v1,ola_lr0p002_b32_e2_lam0p01_pinit0p01_fclip10p0,17,ola,global_test,,,14,0.9333333333333333,1.0,4,1.0,0.9495608806610107,0.05043911933898926,2.0175647735595703e-05,0.051762714982032776,0.003300862852483988
bayesfl_observability_v1,ola_lr0p002_b32_e2_lam0p01_pinit0p01_fclip10p0,17,ola,global_test_mc,,,0,0.0,0.06666666666666667,0,,,,,,
bayesfl_observability_v1,ola_lr0p002_b32_e2_lam0p01_pinit0p01_fclip10p0,17,ola,global_test_mc,,,1,0.06666666666666667,0.13333333333333333,0,,,,,,
bayesfl_observability_v1,ola_lr0p002_b32_e2_lam0p01_pinit0p01_fclip10p0,17,ola,global_test_mc,,,2,0.13333333333333333,0.2,550,0.24727272727272728,0.1828727086294781,0.06440001864324918,0.0035420010253787047,1.9373270420594648,0.8276112694090063
bayesfl_observability_v1,ola_lr0p002_b32_e2_lam0p01_pinit0p01_fclip10p0,17,ola,global_test_mc,,,3,0.2,0.26666666666666666,1945,0.3341902313624679,0.2354659255182222,0.09872430584424569,0.019201877486705786,1.7549295641769174,0.7803680717791873
bayesfl_observability_v1,ola_lr0p002_b32_e2_lam0p01_pinit0p01_fclip10p0,17,ola,global_test_mc,,,4,0.26666666666666666,0.3333333333333333,1931,0.5318487830139824,0.2993455532917021,0.23250322972228032,0.04489637365937233,1.4922142491817227,0.6924562417800287
bayesfl_observability_v1,ola_lr0p002_b32_e2_lam0p01_pinit0p01_fclip10p0,17,ola,global_test_mc,,,5,0.3333333333333333,0.4,1583,0.6841440303221731,0.36470603268883006,0.319437997633343,0.0505670350253582,1.2570915972215047,0.5932538645484368
bayesfl_observability_v1,ola_lr0p002_b32_e2_lam0p01_pinit0p01_fclip10p0,17,ola,global_test_mc,,,6,0.4,0.4666666666666667,1173,0.8269394714407502,0.4322432559062961,0.3946962155344541,0.04629786608219147,1.0078716633773115,0.47210175731399584
bayesfl_observability_v1,ola_lr0p002_b32_e2_lam0p01_pinit0p01_fclip10p0,17,ola,global_test_mc,,,7,0.4666666666666667,0.5333333333333333,943,0.9204665959703076,0.4984368090917804,0.42202978687852716,0.03979740890264511,0.8004864642627672,0.35400533786760535
bayesfl_observability_v1,ola_lr0p002_b32_e2_lam0p01_pinit0p01_fclip10p0,17,ola,global_test_mc,,,8,0.5333333333333333,0.6,745,0.9583892617449664,0.5642384908343322,0.3941507709106342,0.02936423243284225,0.6433597731110233,0.2627527895589803
bayesfl_observability_v1,ola_lr0p002_b32_e2_lam0p01_pinit0p01_fclip10p0,17,ola,global_test_mc,,,9,0.6,0.6666666666666666,565,0.9876106194690265,0.6297547936439514,0.35785582582507514,0.020218854159116745,0.4876800553461092,0.17555013963606506
bayesfl_observability_v1,ola_lr0p002_b32_e2_lam0p01_pinit0p01_fclip10p0,17,ola,global_test_mc,,,10,0.6666666666666666,0.7333333333333333,264,0.9848484848484849,0.6953663408304706,0.2894821440180143,0.007642328602075578,0.40380490638993005,0.12910434442826293
bayesfl_observability_v1,ola_lr0p002_b32_e2_lam0p01_pinit0p01_fclip10p0,17,ola,global_test_mc,,,11,0.7333333333333333,0.8,141,0.9929078014184397,0.7617027560869852,0.23120504533145447,0.0032599911391735085,0.2930675965885744,0.0778159167062729
bayesfl_observability_v1,ola_lr0p002_b32_e2_lam0p01_pinit0p01_fclip10p0,17,ola,global_test_mc,,,12,0.8,0.8666666666666667,107,1.0,0.8315745619969948,0.16842543800300525,0.001802152186632156,0.18469733125138504,0.03442450045285938
bayesfl_observability_v1,ola_lr0p002_b32_e2_lam0p01_pinit0p01_fclip10p0,17,ola,global_test_mc,,,13,0.8666666666666667,0.9333333333333333,49,1.0,0.8890352273473934,0.11096477265260662,0.0005437273859977725,0.11778970640532825,0.015380435471175884
bayesfl_observability_v1,ola_lr0p002_b32_e2_lam0p01_pinit0p01_fclip10p0,17,ola,global_test_mc,,,14,0.9333333333333333,1.0,4,1.0,0.9465124607086182,0.053487539291381836,2.1395015716552735e-05,0.05499605741351843,0.003678510896861553
bayesfl_observability_v1,ola_lr0p002_b32_e2_lam0p01_pinit0p01_fclip10p0,18,ola,global_test,,,0,0.0,0.06666666666666667,0,,,,,,
bayesfl_observability_v1,ola_lr0p002_b32_e2_lam0p01_pinit0p01_fclip10p0,18,ola,global_test,,,1,0.06666666666666667,0.13333333333333333,0,,,,,,
bayesfl_observability_v1,ola_lr0p002_b32_e2_lam0p01_pinit0p01_fclip10p0,18,ola,global_test,,,2,0.13333333333333333,0.2,608,0.30756578947368424,0.18119362856898652,0.12637216090469772,0.007683427383005622,1.9364302803419138,0.8260726000329381
bayesfl_observability_v1,ola_lr0p002_b32_e2_lam0p01_pinit0p01_fclip10p0,18,ola,global_test,,,3,0.2,0.26666666666666666,1713,0.38295388207822534,0.2343979139235447,0.14855596815468064,0.025447637344896794,1.775761942173122,0.7818881459425432
bayesfl_observability_v1,ola_lr0p002_b32_e2_lam0p01_pinit0p01_fclip10p0,18,ola,global_test,,,4,0.26666666666666666,0.3333333333333333,1713,0.6287215411558669,0.29979650682339665,0.3289250343324702,0.056344858381152156,1.4465260139627896,0.6684458917925669
bayesfl_observability_v1,ola_lr0p002_b32_e2_lam0p01_pinit0p01_fclip10p0,18,ola,global_test,,,5,0.3333333333333333,0.4,1425,0.7922807017543859,0.36493932468849316,0.42734137706589276,0.060896146231889714,1.2002855719599808,0.5578054706464733
bayesfl_observability_v1,ola_lr0p002_b32_e2_lam0p01_pinit0p01_fclip10p0,18,ola,global_test,,,6,0.4,0.4666666666666667,1112,0.9172661870503597,0.4315703899847518,0.4856957970656079,0.0540093726336956,0.9425855055987407,0.429000679591148
bayesfl_observability_v1,ola_lr0p002_b32_e2_lam0p01_pinit0p01_fclip10p0,18,ola,global_test,,,7,0.4666666666666667,0.5333333333333333,900,0.9677777777777777,0.4990368342730734,0.46874094350470435,0.04218668491542339,0.7456741712490718,0.3214448653989368
bayesfl_observability_v1,ola_lr0p002_b32_e2_lam0p01_pinit0p01_fclip10p0,18,ola,global_test,,,8,0.5333333333333333,0.6,797,0.986198243412798,0.5669325441309021,0.41926569928189594,0.033415476232767104,0.5927493091359491,0.2358083411995111
bayesfl_observability_v1,ola_lr0p002_b32_e2_lam0p01_pinit0p01_fclip10p0,18,ola,global_test,,,9,0.6,0.6666666666666666,661,0.9939485627836612,0.6328704032522827,0.36107815953137845,0.023867266345024115,0.4731315507831083,0.16737258314815845
bayesfl_observability_v1,ola_lr0p002_b32_e2_lam0p01_pinit0p01_fclip10p0,18,ola,global_test,,,10,0.6666666666666666,0.7333333333333333,576,0.9965277777777778,0.6981151144330701,0.29841266334470773,0.017188569408655166,0.3701850197588404,0.11289321900241905
bayesfl_observability_v1,ola_lr0p002_b32_e2_lam0p01_pinit0p01_fclip10p0,18,ola,global_test,,,11,0.7333333333333333,0.8,390,1.0,0.7634196691023998,0.23658033089760022,0.009226632905006409,0.2702420245378445,0.0664176406386571
bayesfl_observability_v1,ola_lr0p002_b32_e2_lam0p01_pinit0p01_fclip10p0,18,ola,global_test,,,12,0.8,0.8666666666666667,101,1.0,0.818201459280335,0.18179854071966495,0.0018361652612686162,0.20079929979130773,0.03915128851364745
bayesfl_observability_v1,ola_lr0p002_b32_e2_lam0p01_pinit0p01_fclip10p0,18,ola,global_test,,,13,0.8666666666666667,0.9333333333333333,4,1.0,0.8779497444629669,0.12205025553703308,4.882010221481323e-05,0.1302248276770115,0.02067878656089306
bayesfl_observability_v1,ola_lr0p002_b32_e2_lam0p01_pinit0p01_fclip10p0,18,ola,global_test,,,14,0.9333333333333333,1.0,0,,,,,,
bayesfl_observability_v1,ola_lr0p002_b32_e2_lam0p01_pinit0p01_fclip10p0,18,ola,global_test_mc,,,0,0.0,0.06666666666666667,0,,,,,,
bayesfl_observability_v1,ola_lr0p002_b32_e2_lam0p01_pinit0p01_fclip10p0,18,ola,global_test_mc,,,1,0.06666666666666667,0.13333333333333333,0,,,,,,
bayesfl_observability_v1,ola_lr0p002_b32_e2_lam0p01_pinit0p01_fclip10p0,18,ola,global_test_mc,,,2,0.13333333333333333,0.2,690,0.2956521739130435,0.18067727302727493,0.11497490088576856,0.00793326816111803,1.9378921375758407,0.8263514721739119
bayesfl_observability_v1,ola_lr0p002_b32_e2_lam0p01_pinit0p01_fclip10p0,18,ola,global_test_mc,,,3,0.2,0.26666666666666666,1777,0.40911648846370285,0.23474413531344462,0.17437235315025823,0.030985967154800887,1.7579372615443902,0.7756683725819671
bayesfl_observability_v1,ola_lr0p002_b32_e2_lam0p01_pinit0p01_fclip10p0,18,ola,global_test_mc,,,4,0.26666666666666666,0.3333333333333333,1734,0.6389850057670127,0.29998549848210576,0.3389995072849069,0.05878251456320286,1.4434235582027193,0.6656152426577769
bayesfl_observability_v1,ola_lr0p002_b32_e2_lam0p01_pinit0p01_fclip10p0,18,ola,global_test_mc,,,5,0.3333333333333333,0.4,1450,0.7965517241379311,0.3647709453516993,0.4317807787862318,0.0626082129240036,1.19838277257722,0.5565527347860665
bayesfl_observability_v1,ola_lr0p002_b32_e2_lam0p01_pinit0p01_fclip10p0,18,ola,global_test_mc,,,6,0.4,0.4666666666666667,1082,0.9149722735674677,0.4318795966573211,0.48309267691014657,0.05227062764167786,0.9430952760736956,0.4291542693834869
bayesfl_observability_v1,ola_lr0p002_b32_e2_lam0p01_pinit0p01_fclip10p0,18,ola,global_test_mc,,,7,0.4666666666666667,0.5333333333333333,896,0.9743303571428571,0.49907311743923594,0.47525723970362116,0.04258304867744446,0.7368546326511672,0.3168123704048672
bayesfl_observability_v1,ola_lr0p002_b32_e2_lam0p01_pinit0p01_fclip10p0,18,ola,global_test_mc,,,8,0.5333333333333333,0.6,778,0.9897172236503856,0.5657528062712563,0.42396441737912927,0.032984431672096255,0.5890041867840873,0.23330672144659995
bayesfl_observability_v1,ola_lr0p002_b32_e2_lam0p01_pinit0p01_fclip10p0,18,ola,global_test_mc,,,9,0.6,0.6666666666666666,670,0.9940298507462687,0.6338790623109732,0.36015078843529547,0.024130102825164795,0.4712048133807396,0.16628894381113907
bayesfl_observability_v1,ola_lr0p002_b32_e2_lam0p01_pinit0p01_fclip10p0,18,ola,global_test_mc,,,10,0.6666666666666666,0.7333333333333333,516,0.9961240310077519,0.6997864298349203,0.2963376011728316,0.01529102022051811,0.36978136303350906,0.11173869217493275
bayesfl_observability_v1,ola_lr0p002_b32_e2_lam0p01_pinit0p01_fclip10p0,18,ola,global_test_mc,,,11,0.7333333333333333,0.8,340,1.0,0.7634052777991576,0.23659472220084243,0.008044220554828643,0.2702761180260602,0.06653972329462275
bayesfl_observability_v1,ola_lr0p002_b32_e2_lam0p01_pinit0p01_fclip10p0,18,ola,global_test_mc,,,12,0.8,0.8666666666666667,65,1.0,0.818845625107105,0.181154374892895,0.0011775034368038174,0.200032943716416,0.03937442142229814
bayesfl_observability_v1,ola_lr0p002_b32_e2_lam0p01_pinit0p01_fclip10p0,18,ola,global_test_mc,,,13,0.8666666666666667,0.9333333333333333,2,1.0,0.8728399276733398,0.12716007232666016,2.5432014465332032e-05,0.1360175758600235,0.020547778345644474
bayesfl_observability_v1,ola_lr0p002_b32_e2_lam0p01_pinit0p01_fclip10p0,18,ola,global_test_mc,,,14,0.9333333333333333,1.0,0,,,,,,
bayesfl_observability_v1,ola_lr0p002_b32_e2_lam0p01_pinit0p01_fclip10p0,19,ola,global_test,,,0,0.0,0.06666666666666667,0,,,,,,
bayesfl_observability_v1,ola_lr0p002_b32_e2_lam0p01_pinit0p01_fclip10p0,19,ola,global_test,,,1,0.06666666666666667,0.13333333333333333,0,,,,,,
bayesfl_observability_v1,ola_lr0p002_b32_e2_lam0p01_pinit0p01_fclip10p0,19,ola,global_test,,,2,0.13333333333333333,0.2,220,0.2909090909090909,0.18442040783437816,0.10648868307471274,0.00234275102764368,1.9687552641738544,0.8344582926143299
bayesfl_observability_v1,ola_lr0p002_b32_e2_lam0p01_pinit0p01_fclip10p0,19,ola,global_test,,,3,0.2,0.26666666666666666,1214,0.35337726523887975,0.23690511532974792,0.11647214990913182,0.014139718998968605,1.760177414931811,0.7815994748468258
bayesfl_observability_v1,ola_lr0p002_b32_e2_lam0p01_pinit0p01_fclip10p0,19,ola,global_test,,,4,0.26666666666666666,0.3333333333333333,1644,0.49695863746958635,0.30123487377761343,0.19572376369197292,0.03217698675096035,1.5160468378061216,0.7028125051381814
bayesfl_observability_v1,ola_lr0p002_b32_e2_lam0p01_pinit0p01_fclip10p0,19,ola,global_test,,,5,0.3333333333333333,0.4,1655,0.5631419939577039,0.3665956412377314,0.1965463527199725,0.03252842137515545,1.3125071375751785,0.6301373624909681
bayesfl_observability_v1,ola_lr0p002_b32_e2_lam0p01_pinit0p01_fclip10p0,19,ola,global_test,,,6,0.4,0.4666666666666667,1384,0.6466763005780347,0.4318470423664316,0.2148292582116031,0.02973236933648587,1.1575457585943227,0.5595124846679627
bayesfl_observability_v1,ola_lr0p002_b32_e2_lam0p01_pinit0p01_fclip10p0,19,ola,global_test,,,7,0.4666666666666667,0.5333333333333333,1165,0.7811158798283262,0.4989619273484521,0.2821539524798741,0.032870935463905335,0.9583357244090461,0.44995149200054707
bayesfl_observability_v1,ola_lr0p002_b32_e2_lam0p01_pinit0p01_fclip10p0,19,ola,global_test,,,8,0.5333333333333333,0.6,913,0.8630887185104053,0.5655209257594858,0.2975677927509195,0.027167939478158952,0.7519319061381663,0.33689022072369534
bayesfl_observability_v1,ola_lr0p002_b32_e2_lam0p01_pinit0p01_fclip10p0,19,ola,global_test,,,9,0.6,0.6666666666666666,721,0.9029126213592233,0.6307554759198849,0.27215714543933844,0.019622530186176303,0.6322451793949085,0.26152471394049476
bayesfl_observability_v1,ola_lr0p002_b32_e2_lam0p01_pinit0p01_fclip10p0,19,ola,global_test,,,10,0.6666666666666666,0.7333333333333333,603,0.9585406301824212,0.7007205387450767,0.2578200914373445,0.015546551513671875,0.43751969241581945,0.1548644088418725
bayesfl_observability_v1,ola_lr0p002_b32_e2_lam0p01_pinit0p01_fclip10p0,19,ola,global_test,,,11,0.7333333333333333,0.8,363,0.9669421487603306,0.7616872449223332,0.20525490383799738,0.007450753009319306,0.35533154450008037,0.11389672819822616
bayesfl_observability_v1,ola_lr0p002_b32_e2_lam0p01_pinit0p01_fclip10p0,19,ola,global_test,,,12,0.8,0.8666666666666667,105,0.9904761904761905,0.8244950124195644,0.16598117805662616,0.0017428023695945747,0.21522620079063234,0.050887375520098775
bayesfl_observability_v1,ola_lr0p002_b32_e2_lam0p01_pinit0p01_fclip10p0,19,ola,global_test,,,13,0.8666666666666667,0.9333333333333333,13,1.0,0.8889658451080322,0.11103415489196777,0.0001443444013595581,0.11786749958992004,0.01503093121573329
bayesfl_observability_v1,ola_lr0p002_b32_e2_lam0p01_pinit0p01_fclip10p0,19,ola,global_test,,,14,0.9333333333333333,1.0,0,,,,,,
bayesfl_observability_v1,ola_lr0p002_b32_e2_lam0p01_pinit0p01_fclip10p0,19,ola,global_test_mc,,,0,0.0,0.06666666666666667,0,,,,,,
bayesfl_observability_v1,ola_lr0p002_b32_e2_lam0p01_pinit0p01_fclip10p0,19,ola,global_test_mc,,,1,0.06666666666666667,0.13333333333333333,0,,,,,,
bayesfl_observability_v1,ola_lr0p002_b32_e2_lam0p01_pinit0p01_fclip10p0,19,ola,global_test_mc,,,2,0.13333333333333333,0.2,254,0.30708661417322836,0.18427578494774075,0.12281082922548761,0.0031193950623273855,1.937256299604581,0.8263925107445304
bayesfl_observability_v1,ola_lr0p002_b32_e2_lam0p01_pinit0p01_fclip10p0,19,ola,global_test_mc,,,3,0.2,0.26666666666666666,1281,0.34192037470725994,0.2362935417197255,0.10562683298753445,0.013530797305703163,1.760738242891596,0.780991676075211
bayesfl_observability_v1,ola_lr0p002_b32_e2_lam0p01_pinit0p01_fclip10p0,19,ola,global_test_mc,,,4,0.26666666666666666,0.3333333333333333,1687,0.4967397747480735,0.3003925078531377,0.1963472668949358,0.03312378392517567,1.5136477738777843,0.7022815901426147
bayesfl_observability_v1,ola_lr0p002_b32_e2_lam0p01_pinit0p01_fclip10p0,19,ola,global_test_mc,,,5,0.3333333333333333,0.4,1696,0.5678066037735849,0.3659784001878129,0.20182820358577203,0.03423006332814693,1.305709801122265,0.6255149271971775
bayesfl_observability_v1,ola_lr0p002_b32_e2_lam0p01_pinit0p01_fclip10p0,19,ola,global_test_mc,,,6,0.4,0.4666666666666667,1419,0.6610288935870331,0.4315700271626944,0.22945886642433871,0.032560213145613665,1.1497624808839713,0.5524595687723731
bayesfl_observability_v1,ola_lr0p002_b32_e2_lam0p01_pinit0p01_fclip10p0,19,ola,global_test_mc,,,7,0.4666666666666667,0.5333333333333333,1136,0.7922535211267606,0.4990989616481771,0.29315455947858354,0.03330235795676709,0.9401392335937896,0.44015785144038605
bayesfl_observability_v1,ola_lr0p002_b32_e2_lam0p01_pinit0p01_fclip10p0,19,ola,global_test_mc,,,8,0.5333333333333333,0.6,899,0.8720800889877642,0.5656183735945068,0.3064617153932574,0.027550908213853843,0.7488610273075846,0.3314532399575358
bayesfl_observability_v1,ola_lr0p002_b32_e2_lam0p01_pinit0p01_fclip10p0,19,ola,global_test_mc,,,9,0.6,0.6666666666666666,664,0.9171686746987951,0.6315404823027462,0.285628192396049,0.01896571197509765,0.610170419182045,0.2463724217097084
bayesfl_observability_v1,ola_lr0p002_b32_e2_lam0p01_pinit0p01_fclip10p0,19,ola,global_test_mc,,,10,0.6666666666666666,0.7333333333333333,578,0.967128027681661,0.6975108607830061,0.2696171668986549,0.015583872246742252,0.4232144587798927,0.1459764301596422
bayesfl_observability_v1,ola_lr0p002_b32_e2_lam0p01_pinit0p01_fclip10p0,19,ola,global_test_mc,,,11,0.7333333333333333,0.8,312,0.9647435897435898,0.7617373766425328,0.20300621310105693,0.006333793848752976,0.3599459660740999,0.11669471328600477
bayesfl_observability_v1,ola_lr0p002_b32_e2_lam0p01_pinit0p01_fclip10p0,19,ola,global_test_mc,,,12,0.8,0.8666666666666667,67,1.0,0.8271062356322559,0.17289376436774406,0.0011583882212638852,0.1900828011445145,0.03603815406894506
bayesfl_observability_v1,ola_lr0p002_b32_e2_lam0p01_pinit0p01_fclip10p0,19,ola,global_test_mc,,,13,0.8666666666666667,0.9333333333333333,7,1.0,0.89426360811506,0.10573639188494,7.4015474319458e-05,0.11193155710186277,0.013713529067380088
bayesfl_observability_v1,ola_lr0p002_b32_e2_lam0p01_pinit0p01_fclip10p0,19,ola,global_test_mc,,,14,0.9333333333333333,1.0,0,,,,,,
bayesfl_observability_v1,ola_lr0p002_b32_e2_lam0p01_pinit0p01_fclip10p0,20,ola,global_test,,,0,0.0,0.06666666666666667,0,,,,,,
bayesfl_observability_v1,ola_lr0p002_b32_e2_lam0p01_pinit0p01_fclip10p0,20,ola,global_test,,,1,0.06666666666666667,0.13333333333333333,0,,,,,,
bayesfl_observability_v1,ola_lr0p002_b32_e2_lam0p01_pinit0p01_fclip10p0,20,ola,global_test,,,2,0.13333333333333333,0.2,239,0.21338912133891214,0.18531630253692052,0.02807281880199161,0.0006709403693675995,1.9561688461064295,0.8354503203136652
bayesfl_observability_v1,ola_lr0p002_b32_e2_lam0p01_pinit0p01_fclip10p0,20,ola,global_test,,,3,0.2,0.26666666666666666,1351,0.3375277572168764,0.2368541040149642,0.10067365320191218,0.013601010547578335,1.7355285310286404,0.7778224960951167
bayesfl_observability_v1,ola_lr0p002_b32_e2_lam0p01_pinit0p01_fclip10p0,20,ola,global_test,,,4,0.26666666666666666,0.3333333333333333,1653,0.44646098003629764,0.2994719282360562,0.14698905180024147,0.024297290262579915,1.5369727182446,0.7149956252671558
bayesfl_observability_v1,ola_lr0p002_b32_e2_lam0p01_pinit0p01_fclip10p0,20,ola,global_test,,,5,0.3333333333333333,0.4,1533,0.5909980430528375,0.36535680387351377,0.22564123917932377,0.034590801966190333,1.3204598450147476,0.6284415055860979
bayesfl_observability_v1,ola_lr0p002_b32_e2_lam0p01_pinit0p01_fclip10p0,20,ola,global_test,,,6,0.4,0.4666666666666667,1269,0.7565011820330969,0.43235441384773915,0.32414676818535776,0.0411342248827219,1.0765143368918657,0.5120908887579837
bayesfl_observability_v1,ola_lr0p002_b32_e2_lam0p01_pinit0p01_fclip10p0,20,ola,global_test,,,7,0.4666666666666667,0.5333333333333333,1046,0.8432122370936902,0.4983430916219095,0.3448691454717807,0.03607331261634826,0.8764555449125644,0.4062199521361072
bayesfl_observability_v1,ola_lr0p002_b32_e2_lam0p01_pinit0p01_fclip10p0,20,ola,global_test,,,8,0.5333333333333333,0.6,893,0.9328107502799552,0.5660654059449609,0.3667453443349943,0.03275035924911499,0.6699433658451409,0.28390427262492035
bayesfl_observability_v1,ola_lr0p002_b32_e2_lam0p01_pinit0p01_fclip10p0,20,ola,global_test,,,9,0.6,0.6666666666666666,784,0.9693877551020408,0.632763536837028,0.33662421826501276,0.026391338711977,0.5139305373387677,0.19421489283974683
bayesfl_observability_v1,ola_lr0p002_b32_e2_lam0p01_pinit0p01_fclip10p0,20,ola,global_test,,,10,0.6666666666666666,0.7333333333333333,668,0.9955089820359282,0.6988865935695385,0.29662238846638966,0.01981437554955483,0.3683268073611631,0.11509484850137891
bayesfl_observability_v1,ola_lr0p002_b32_e2_lam0p01_pinit0p01_fclip10p0,20,ola,global_test,,,11,0.7333333333333333,0.8,396,0.9949494949494949,0.7633502137179327,0.23159928123156226,0.009171331536769866,0.2817122984414149,0.07468237853938281
bayesfl_observability_v1,ola_lr0p002_b32_e2_lam0p01_pinit0p01_fclip10p0,20,ola,global_test,,,12,0.8,0.8666666666666667,124,1.0,0.8272175375492342,0.17278246245076578,0.002142502534389496,0.18993730506589335,0.037109281942849195
bayesfl_observability_v1,ola_lr0p002_b32_e2_lam0p01_pinit0p01_fclip10p0,20,ola,global_test,,,13,0.8666666666666667,0.9333333333333333,41,1.0,0.8886833408983742,0.1113166591016258,0.00045639830231666585,0.11822823725822496,0.01552373997685386
bayesfl_observability_v1,ola_lr0p002_b32_e2_lam0p01_pinit0p01_fclip10p0,20,ola,global_test,,,14,0.9333333333333333,1.0,3,1.0,0.9449543356895447,0.05504566431045532,1.6513699293136597e-05,0.05662481610973676,0.0037766858780135712
bayesfl_observability_v1,ola_lr0p002_b32_e2_lam0p01_pinit0p01_fclip10p0,20,ola,global_test_mc,,,0,0.0,0.06666666666666667,0,,,,,,
bayesfl_observability_v1,ola_lr0p002_b32_e2_lam0p01_pinit0p01_fclip10p0,20,ola,global_test_mc,,,1,0.06666666666666667,0.13333333333333333,0,,,,,,
bayesfl_observability_v1,ola_lr0p002_b32_e2_lam0p01_pinit0p01_fclip10p0,20,ola,global_test_mc,,,2,0.13333333333333333,0.2,261,0.2222222222222222,0.18472462452919547,0.03749759769302674,0.0009786872997879978,1.9499954670325093,0.833780589231586
bayesfl_observability_v1,ola_lr0p002_b32_e2_lam0p01_pinit0p01_fclip10p0,20,ola,global_test_mc,,,3,0.2,0.26666666666666666,1451,0.35148173673328736,0.23622883915860104,0.11525289757468632,0.016723195438086983,1.7366430468595413,0.777672722165458
bayesfl_observability_v1,ola_lr0p002_b32_e2_lam0p01_pinit0p01_fclip10p0,20,ola,global_test_mc,,,4,0.26666666666666666,0.3333333333333333,1704,0.45481220657276994,0.29973444744874617,0.15507775912402377,0.026425250154733654,1.528129940231641,0.710396576130614
bayesfl_observability_v1,ola_lr0p002_b32_e2_lam0p01_pinit0p01_fclip10p0,20,ola,global_test_mc,,,5,0.3333333333333333,0.4,1545,0.6038834951456311,0.3657445500969501,0.238138945048681,0.036792467010021215,1.3241571045616298,0.6279828068315019
bayesfl_observability_v1,ola_lr0p002_b32_e2_lam0p01_pinit0p01_fclip10p0,20,ola,global_test_mc,,,6,0.4,0.4666666666666667,1292,0.760061919504644,0.4331956691924633,0.3268662503121807,0.04223111954033375,1.0640665497573167,0.5071647359813699
bayesfl_observability_v1,ola_lr0p002_b32_e2_lam0p01_pinit0p01_fclip10p0,20,ola,global_test_mc,,,7,0.4666666666666667,0.5333333333333333,1002,0.8702594810379242,0.49919735249169095,0.3710621285462332,0.03718042528033257,0.8523983993454132,0.3895789817005336
bayesfl_observability_v1,ola_lr0p002_b32_e2_lam0p01_pinit0p01_fclip10p0,20,ola,global_test_mc,,,8,0.5333333333333333,0.6,908,0.9372246696035242,0.5665620299556707,0.3706626396478535,0.0336561676800251,0.6568243814066118,0.2775528690396164
bayesfl_observability_v1,ola_lr0p002_b32_e2_lam0p01_pinit0p01_fclip10p0,20,ola,global_test_mc,,,9,0.6,0.6666666666666666,744,0.9798387096774194,0.6324128353948234,0.34742587428259597,0.02584848504662514,0.5024083801495132,0.18518662897329177
bayesfl_observability_v1,ola_lr0p002_b32_e2_lam0p01_pinit0p01_fclip10p0,20,ola,global_test_mc,,,10,0.6666666666666666,0.7333333333333333,607,0.9950576606260296,0.697878236531033,0.29717942409499665,0.018038791042566296,0.36953887647812605,0.11576181097812276
bayesfl_observability_v1,ola_lr0p002_b32_e2_lam0p01_pinit0p01_fclip10p0,20,ola,global_test_mc,,,11,0.7333333333333333,0.8,351,0.9971509971509972,0.7616004753656197,0.2355505217853775,0.008267823314666752,0.2793119892775163,0.07296043434883455
bayesfl_observability_v1,ola_lr0p002_b32_e2_lam0p01_pinit0p01_fclip10p0,20,ola,global_test_mc,,,12,0.8,0.8666666666666667,99,1.0,0.828268127609985,0.17173187239001497,0.0017001455366611482,0.1886495357812053,0.036372101592897166
bayesfl_observability_v1,ola_lr0p002_b32_e2_lam0p01_pinit0p01_fclip10p0,20,ola,global_test_mc,,,13,0.8666666666666667,0.9333333333333333,33,1.0,0.8860024177666866,0.11399758223331335,0.0003761920213699341,0.12120035245563045,0.016033692835745485
bayesfl_observability_v1,ola_lr0p002_b32_e2_lam0p01_pinit0p01_fclip10p0,20,ola,global_test_mc,,,14,0.9333333333333333,1.0,3,1.0,0.9370095729827881,0.06299042701721191,1.8897128105163574e-05,0.06506391614675522,0.004941245385756095
bayesfl_observability_v1,ola_lr0p002_b32_e2_lam0p01_pinit0p01_fclip10p0,21,ola,global_test,,,0,0.0,0.06666666666666667,0,,,,,,
bayesfl_observability_v1,ola_lr0p002_b32_e2_lam0p01_pinit0p01_fclip10p0,21,ola,global_test,,,1,0.06666666666666667,0.13333333333333333,0,,,,,,
bayesfl_observability_v1,ola_lr0p002_b32_e2_lam0p01_pinit0p01_fclip10p0,21,ola,global_test,,,2,0.13333333333333333,0.2,348,0.2413793103448276,0.18012795323270492,0.06125135711212268,0.002131547227501869,1.9941432876833554,0.8402195112116035
bayesfl_observability_v1,ola_lr0p002_b32_e2_lam0p01_pinit0p01_fclip10p0,21,ola,global_test,,,3,0.2,0.26666666666666666,1214,0.39950576606260296,0.23621193272916252,0.16329383333344044,0.01982387136667967,1.7348539961818024,0.7728597547803718
bayesfl_observability_v1,ola_lr0p002_b32_e2_lam0p01_pinit0p01_fclip10p0,21,ola,global_test,,,4,0.26666666666666666,0.3333333333333333,1497,0.5497661990647963,0.29998641415843186,0.24977978490636443,0.037392033800482755,1.4730282609432477,0.6877284010171731
bayesfl_observability_v1,ola_lr0p002_b32_e2_lam0p01_pinit0p01_fclip10p0,21,ola,global_test,,,5,0.3333333333333333,0.4,1468,0.6873297002724795,0.36604633306125206,0.32128336721122747,0.04716439830660819,1.23575857407553,0.5910277464287482
bayesfl_observability_v1,ola_lr0p002_b32_e2_lam0p01_pinit0p01_fclip10p0,21,ola,global_test,,,6,0.4,0.4666666666666667,1231,0.8164094232331438,0.43241031004296,0.3839991131901838,0.04727029083371163,1.0050909947709858,0.48046574604211056
bayesfl_observability_v1,ola_lr0p002_b32_e2_lam0p01_pinit0p01_fclip10p0,21,ola,global_test,,,7,0.4666666666666667,0.5333333333333333,1079,0.933271547729379,0.49883841681082675,0.4344331309185523,0.046875334826111795,0.7831873078938432,0.35766448556990177
bayesfl_observability_v1,ola_lr0p002_b32_e2_lam0p01_pinit0p01_fclip10p0,21,ola,global_test,,,8,0.5333333333333333,0.6,929,0.9687836383207751,0.5666527763506312,0.4021308619701439,0.03735795707702637,0.6183537372475163,0.25851041425031535
bayesfl_observability_v1,ola_lr0p002_b32_e2_lam0p01_pinit0p01_fclip10p0,21,ola,global_test,,,9,0.6,0.6666666666666666,756,0.9920634920634921,0.6326086412346552,0.3594548508288369,0.02717478672266007,0.4756005339758106,0.17527312475931708
bayesfl_observability_v1,ola_lr0p002_b32_e2_lam0p01_pinit0p01_fclip10p0,21,ola,global_test,,,10,0.6666666666666666,0.7333333333333333,622,0.9903536977491961,0.6999648796975421,0.29038881805165406,0.018062184482812882,0.38045090762748596,0.122506364066022
bayesfl_observability_v1,ola_lr0p002_b32_e2_lam0p01_pinit0p01_fclip10p0,21,ola,global_test,,,11,0.7333333333333333,0.8,529,0.996219281663516,0.7636586001780172,0.2325606814854988,0.012302460050582888,0.2854764311097295,0.07520558520982532
bayesfl_observability_v1,ola_lr0p002_b32_e2_lam0p01_pinit0p01_fclip10p0,21,ola,global_test,,,12,0.8,0.8666666666666667,216,1.0,0.8305269419043152,0.1694730580956848,0.0036606180548667917,0.1859499829372874,0.03796261578315386
bayesfl_observability_v1,ola_lr0p002_b32_e2_lam0p01_pinit0p01_fclip10p0,21,ola,global_test,,,13,0.8666666666666667,0.9333333333333333,100,1.0,0.8968682706356048,0.10313172936439519,0.0010313172936439517,0.10907789692282677,0.01541860559489578
bayesfl_observability_v1,ola_lr0p002_b32_e2_lam0p01_pinit0p01_fclip10p0,21,ola,global_test,,,14,0.9333333333333333,1.0,11,1.0,0.9399304606697776,0.06006953933022241,6.607649326324466e-05,0.061963926323435524,0.00513012235222215
bayesfl_observability_v1,ola_lr0p002_b32_e2_lam0p01_pinit0p01_fclip10p0,21,ola,global_test_mc,,,0,0.0,0.06666666666666667,0,,,,,,
bayesfl_observability_v1,ola_lr0p002_b32_e2_lam0p01_pinit0p01_fclip10p0,21,ola,global_test_mc,,,1,0.06666666666666667,0.13333333333333333,2,0.0,0.13209954649209976,0.13209954649209976,2.6419909298419952e-05,2.0426995754241943,0.8497398197650909
bayesfl_observability_v1,ola_lr0p002_b32_e2_lam0p01_pinit0p01_fclip10p0,21,ola,global_test_mc,,,2,0.13333333333333333,0.2,391,0.26342710997442453,0.18145086865900728,0.08197624131541725,0.0032052710354328147,1.980564992751002,0.8373748397888126
bayesfl_observability_v1,ola_lr0p002_b32_e2_lam0p01_pinit0p01_fclip10p0,21,ola,global_test_mc,,,3,0.2,0.26666666666666666,1267,0.40410418310970797,0.23698566931622558,0.1671185137934824,0.021173915697634216,1.7349482558332472,0.7721907175142368
bayesfl_observability_v1,ola_lr0p002_b32_e2_lam0p01_pinit0p01_fclip10p0,21,ola,global_test_mc,,,4,0.26666666666666666,0.3333333333333333,1512,0.5482804232804233,0.29985404696571766,0.2484263763147056,0.037562068098783485,1.464982219789394,0.6848716178426036
bayesfl_observability_v1,ola_lr0p002_b32_e2_lam0p01_pinit0p01_fclip10p0,21,ola,global_test_mc,,,5,0.3333333333333333,0.4,1495,0.6909698996655519,0.36555168078495903,0.32541821888059286,0.04865002372264863,1.2328770843237937,0.5887177180685725
bayesfl_observability_v1,ola_lr0p002_b32_e2_lam0p01_pinit0p01_fclip10p0,21,ola,global_test_mc,,,6,0.4,0.4666666666666667,1268,0.831230283911672,0.4329712073133571,0.3982590765983149,0.05049925091266633,0.991816934679961,0.4735183997861218
bayesfl_observability_v1,ola_lr0p002_b32_e2_lam0p01_pinit0p01_fclip10p0,21,ola,global_test_mc,,,7,0.4666666666666667,0.5333333333333333,1048,0.9322519083969466,0.4987286055417916,0.433523302855155,0.045433242139220245,0.779800714142905,0.3553217406320663
bayesfl_observability_v1,ola_lr0p002_b32_e2_lam0p01_pinit0p01_fclip10p0,21,ola,global_test_mc,,,8,0.5333333333333333,0.6,932,0.9678111587982833,0.5652195321387999,0.40259162665948334,0.037521539604663846,0.624617588814236,0.26068471976487934
bayesfl_observability_v1,ola_lr0p002_b32_e2_lam0p01_pinit0p01_fclip10p0,21,ola,global_test_mc,,,9,0.6,0.6666666666666666,732,0.9918032786885246,0.6319348851188284,0.35986839356969613,0.026342366409301758,0.47987154549588273,0.17577275312174864
bayesfl_observability_v1,ola_lr0p002_b32_e2_lam0p01_pinit0p01_fclip10p0,21,ola,global_test_mc,,,10,0.6666666666666666,0.7333333333333333,631,0.993660855784469,0.7001222998328896,0.2935385559515794,0.01852228288054466,0.37157341039690844,0.11784162561271912
bayesfl_observability_v1,ola_lr0p002_b32_e2_lam0p01_pinit0p01_fclip10p0,21,ola,global_test_mc,,,11,0.7333333333333333,0.8,422,0.995260663507109,0.7644181642769637,0.23084249923014521,0.009741553467512128,0.28789349151024884,0.07599886974664095
bayesfl_observability_v1,ola_lr0p002_b32_e2_lam0p01_pinit0p01_fclip10p0,21,ola,global_test_mc,,,12,0.8,0.8666666666666667,200,1.0,0.8295451828837395,0.17045481711626054,0.0034090963423252106,0.18715584106743335,0.03872478619217873
bayesfl_observability_v1,ola_lr0p002_b32_e2_lam0p01_pinit0p01_fclip10p0,21,ola,global_test_mc,,,13,0.8666666666666667,0.9333333333333333,89,1.0,0.8930691246236309,0.10693087537636914,0.0009516847908496853,0.11331835640280434,0.016498626937064227
bayesfl_observability_v1,ola_lr0p002_b32_e2_lam0p01_pinit0p01_fclip10p0,21,ola,global_test_mc,,,14,0.9333333333333333,1.0,11,1.0,0.9401274377649481,0.059872562235051885,6.585981845855708e-05,0.061754868111827156,0.005097331987185912
bayesfl_observability_v1,ola_lr0p002_b32_e2_lam0p01_pinit0p01_fclip10p0,22,ola,global_test,,,0,0.0,0.06666666666666667,0,,,,,,
bayesfl_observability_v1,ola_lr0p002_b32_e2_lam0p01_pinit0p01_fclip10p0,22,ola,global_test,,,1,0.06666666666666667,0.13333333333333333,0,,,,,,
bayesfl_observability_v1,ola_lr0p002_b32_e2_lam0p01_pinit0p01_fclip10p0,22,ola,global_test,,,2,0.13333333333333333,0.2,302,0.304635761589404,0.1816438508546905,0.12299191073471347,0.003714355704188347,1.9301989283782757,0.823729169092431
bayesfl_observability_v1,ola_lr0p002_b32_e2_lam0p01_pinit0p01_fclip10p0,22,ola,global_test,,,3,0.2,0.26666666666666666,1127,0.4276841171251109,0.23686165519276867,0.19082246193234223,0.02150569145977497,1.7038210345880056,0.7631297309311915
bayesfl_observability_v1,ola_lr0p002_b32_e2_lam0p01_pinit0p01_fclip10p0,22,ola,global_test,,,4,0.26666666666666666,0.3333333333333333,1504,0.5704787234042553,0.3011143540646485,0.26936436933960684,0.040512401148676866,1.4262167865291555,0.6729985788226762
bayesfl_observability_v1,ola_lr0p002_b32_e2_lam0p01_pinit0p01_fclip10p0,22,ola,global_test,,,5,0.3333333333333333,0.4,1447,0.6834830684174154,0.3667524346377657,0.31673063377964966,0.045830922707915306,1.2131388659467348,0.5852079218679572
bayesfl_observability_v1,ola_lr0p002_b32_e2_lam0p01_pinit0p01_fclip10p0,22,ola,global_test,,,6,0.4,0.4666666666666667,1208,0.793046357615894,0.43203638082012435,0.3610099767957697,0.04361000519692898,1.022001896966372,0.4883689182187548
bayesfl_observability_v1,ola_lr0p002_b32_e2_lam0p01_pinit0p01_fclip10p0,22,ola,global_test,,,7,0.4666666666666667,0.5333333333333333,959,0.8696558915537018,0.49926547524329895,0.37039041631040287,0.03552044092416763,0.842971647742891,0.38744167099406746
bayesfl_observability_v1,ola_lr0p002_b32_e2_lam0p01_pinit0p01_fclip10p0,22,ola,global_test,,,8,0.5333333333333333,0.6,771,0.9195849546044098,0.5662639667551805,0.3533209878492293,0.027241048163175578,0.6808279055411095,0.29137943889921586
bayesfl_observability_v1,ola_lr0p002_b32_e2_lam0p01_pinit0p01_fclip10p0,22,ola,global_test,,,9,0.6,0.6666666666666666,699,0.9599427753934192,0.6334382575298413,0.3265045178635779,0.022822665798664096,0.535445687724797,0.20334329855800187
bayesfl_observability_v1,ola_lr0p002_b32_e2_lam0p01_pinit0p01_fclip10p0,22,ola,global_test,,,10,0.6666666666666666,0.7333333333333333,707,0.9816124469589816,0.6984609805542812,0.28315146640470046,0.020018808674812323,0.40456628639256265,0.13219919329696195
bayesfl_observability_v1,ola_lr0p002_b32_e2_lam0p01_pinit0p01_fclip10p0,22,ola,global_test,,,11,0.7333333333333333,0.8,635,0.9952755905511811,0.7657372302896395,0.22953836026154162,0.014575685876607892,0.27754186060954267,0.07231580443738952
bayesfl_observability_v1,ola_lr0p002_b32_e2_lam0p01_pinit0p01_fclip10p0,22,ola,global_test,,,12,0.8,0.8666666666666667,357,0.9971988795518207,0.8303192319656286,0.16687964758619211,0.005957603418827059,0.19789705548633715,0.04035778069237367
bayesfl_observability_v1,ola_lr0p002_b32_e2_lam0p01_pinit0p01_fclip10p0,22,ola,global_test,,,13,0.8666666666666667,0.9333333333333333,205,0.9951219512195122,0.8988864663170605,0.0962354849024517,0.0019728274405002603,0.12793204362799482,0.02206914980509659
bayesfl_observability_v1,ola_lr0p002_b32_e2_lam0p01_pinit0p01_fclip10p0,22,ola,global_test,,,14,0.9333333333333333,1.0,79,1.0,0.9532509461233888,0.04674905387661121,0.0003693175256252286,0.04795197975126248,0.003121319051560816
bayesfl_observability_v1,ola_lr0p002_b32_e2_lam0p01_pinit0p01_fclip10p0,22,ola,global_test_mc,,,0,0.0,0.06666666666666667,0,,,,,,
bayesfl_observability_v1,ola_lr0p002_b32_e2_lam0p01_pinit0p01_fclip10p0,22,ola,global_test_mc,,,1,0.06666666666666667,0.13333333333333333,1,0.0,0.1308348923921585,0.1308348923921585,1.3083489239215851e-05,2.151961088180542,0.8738743662834167
bayesfl_observability_v1,ola_lr0p002_b32_e2_lam0p01_pinit0p01_fclip10p0,22,ola,global_test_mc,,,2,0.13333333333333333,0.2,324,0.2777777777777778,0.18156077873743612,0.09621699904034167,0.00311743076890707,1.9577973521785972,0.8299167435846211
bayesfl_observability_v1,ola_lr0p002_b32_e2_lam0p01_pinit0p01_fclip10p0,22,ola,global_test_mc,,,3,0.2,0.26666666666666666,1183,0.42857142857142855,0.23675203421613672,0.19181939435529183,0.022692234352231024,1.6945750678079368,0.7616169162453581
bayesfl_observability_v1,ola_lr0p002_b32_e2_lam0p01_pinit0p01_fclip10p0,22,ola,global_test_mc,,,4,0.26666666666666666,0.3333333333333333,1513,0.5690680766688698,0.2996893085475324,0.26937876812133743,0.04075700761675835,1.4362846166190926,0.6754665691885662
bayesfl_observability_v1,ola_lr0p002_b32_e2_lam0p01_pinit0p01_fclip10p0,22,ola,global_test_mc,,,5,0.3333333333333333,0.4,1512,0.6865079365079365,0.36594182885591947,0.32056610765201704,0.04846959547698498,1.2146299892553576,0.5849058830903636
bayesfl_observability_v1,ola_lr0p002_b32_e2_lam0p01_pinit0p01_fclip10p0,22,ola,global_test_mc,,,6,0.4,0.4666666666666667,1210,0.7925619834710744,0.4319854113188657,0.36057657215220873,0.043629765230417256,1.0166852866322542,0.4865515191200351
bayesfl_observability_v1,ola_lr0p002_b32_e2_lam0p01_pinit0p01_fclip10p0,22,ola,global_test_mc,,,7,0.4666666666666667,0.5333333333333333,949,0.8661749209694415,0.4986649155302721,0.3675100054391694,0.034876699516177175,0.8444025154736823,0.3883073019811803
bayesfl_observability_v1,ola_lr0p002_b32_e2_lam0p01_pinit0p01_fclip10p0,22,ola,global_test_mc,,,8,0.5333333333333333,0.6,769,0.9271781534460338,0.5660059107915633,0.36117224265447057,0.027774145460128786,0.6741117996264187,0.2861605430184167
bayesfl_observability_v1,ola_lr0p002_b32_e2_lam0p01_pinit0p01_fclip10p0,22,ola,global_test_mc,,,9,0.6,0.6666666666666666,683,0.9604685212298683,0.6326923620823013,0.32777615914756697,0.022387111669778824,0.537356366612028,0.20382813764613333
bayesfl_observability_v1,ola_lr0p002_b32_e2_lam0p01_pinit0p01_fclip10p0,22,ola,global_test_mc,,,10,0.6666666666666666,0.7333333333333333,714,0.9831932773109243,0.6973152715785831,0.28587800573234123,0.020411689609289164,0.401387469441283,0.13039019353249492
bayesfl_observability_v1,ola_lr0p002_b32_e2_lam0p01_pinit0p01_fclip10p0,22,ola,global_test_mc,,,11,0.7333333333333333,0.8,559,0.9964221824686941,0.7641999940113007,0.2322221884573934,0.01298122033476829,0.2780305147437589,0.07186260322285466
bayesfl_observability_v1,ola_lr0p002_b32_e2_lam0p01_pinit0p01_fclip10p0,22,ola,global_test_mc,,,12,0.8,0.8666666666666667,331,0.9969788519637462,0.8304475185734268,0.16653133339031945,0.005512187135219574,0.1983837123813946,0.04086781275146317
bayesfl_observability_v1,ola_lr0p002_b32_e2_lam0p01_pinit0p01_fclip10p0,22,ola,global_test_mc,,,13,0.8666666666666667,0.9333333333333333,177,0.9943502824858758,0.8984900659087014,0.09586021657717436,0.0016967258334159862,0.13229921594851435,0.0234854847198026
bayesfl_observability_v1,ola_lr0p002_b32_e2_lam0p01_pinit0p01_fclip10p0,22,ola,global_test_mc,,,14,0.9333333333333333,1.0,75,1.0,0.9513270298639933,0.04867297013600669,0.00036504727602005015,0.04996300533413887,0.003326081658403079
bayesfl_observability_v1,ola_lr0p002_b32_e2_lam0p01_pinit0p01_fclip10p0,23,ola,global_test,,,0,0.0,0.06666666666666667,0,,,,,,
bayesfl_observability_v1,ola_lr0p002_b32_e2_lam0p01_pinit0p01_fclip10p0,23,ola,global_test,,,1,0.06666666666666667,0.13333333333333333,0,,,,,,
bayesfl_observability_v1,ola_lr0p002_b32_e2_lam0p01_pinit0p01_fclip10p0,23,ola,global_test,,,2,0.13333333333333333,0.2,243,0.3004115226337449,0.1812971429937661,0.11911437963997878,0.0028944794252514848,1.9424580664301114,0.8276078831021187
bayesfl_observability_v1,ola_lr0p002_b32_e2_lam0p01_pinit0p01_fclip10p0,23,ola,global_test,,,3,0.2,0.26666666666666666,1017,0.43461160275319566,0.2370303602579655,0.19758124249523015,0.020094012361764908,1.6779486327748032,0.7579149917398114
bayesfl_observability_v1,ola_lr0p002_b32_e2_lam0p01_pinit0p01_fclip10p0,23,ola,global_test,,,4,0.26666666666666666,0.3333333333333333,1500,0.5973333333333334,0.3009712934494019,0.2963620398839315,0.044454305982589724,1.4169114536444347,0.6694100778500239
bayesfl_observability_v1,ola_lr0p002_b32_e2_lam0p01_pinit0p01_fclip10p0,23,ola,global_test,,,5,0.3333333333333333,0.4,1498,0.719626168224299,0.3660100984358501,0.35361606978844895,0.05297168725430965,1.1929945589623878,0.574739054959511
bayesfl_observability_v1,ola_lr0p002_b32_e2_lam0p01_pinit0p01_fclip10p0,23,ola,global_test,,,6,0.4,0.4666666666666667,1222,0.8363338788870703,0.43232002876296566,0.4040138501241047,0.04937049248516559,0.9953040873750727,0.4707293840652597
bayesfl_observability_v1,ola_lr0p002_b32_e2_lam0p01_pinit0p01_fclip10p0,23,ola,global_test,,,7,0.4666666666666667,0.5333333333333333,994,0.903420523138833,0.49881991747039667,0.40460060566843636,0.04021730020344257,0.8088746579360194,0.3668968138140692
bayesfl_observability_v1,ola_lr0p002_b32_e2_lam0p01_pinit0p01_fclip10p0,23,ola,global_test,,,8,0.5333333333333333,0.6,831,0.9699157641395909,0.5650293899500557,0.4048863741895352,0.033646057695150375,0.6199742851131086,0.254935457531439
bayesfl_observability_v1,ola_lr0p002_b32_e2_lam0p01_pinit0p01_fclip10p0,23,ola,global_test,,,9,0.6,0.6666666666666666,750,0.968,0.6311964875062307,0.3368035124937693,0.025260263437032696,0.5273392833868662,0.19994290777047474
bayesfl_observability_v1,ola_lr0p002_b32_e2_lam0p01_pinit0p01_fclip10p0,23,ola,global_test,,,10,0.6666666666666666,0.7333333333333333,676,0.9955621301775148,0.6991201175387795,0.2964420126387354,0.020039480054378514,0.36735450771786055,0.11505811747450095
bayesfl_observability_v1,ola_lr0p002_b32_e2_lam0p01_pinit0p01_fclip10p0,23,ola,global_test,,,11,0.7333333333333333,0.8,575,0.9965217391304347,0.7658750186795774,0.23064672045085732,0.013262186425924296,0.278130049135374,0.07094612258283989
bayesfl_observability_v1,ola_lr0p002_b32_e2_lam0p01_pinit0p01_fclip10p0,23,ola,global_test,,,12,0.8,0.8666666666666667,470,0.997872340425532,0.8296657321300912,0.16820660829544076,0.007905710589885716,0.19540739566721815,0.038477616309327015
bayesfl_observability_v1,ola_lr0p002_b32_e2_lam0p01_pinit0p01_fclip10p0,23,ola,global_test,,,13,0.8666666666666667,0.9333333333333333,176,1.0,0.8939659537916834,0.10603404620831658,0.001866199213266372,0.11229443444277752,0.014353494093732232
bayesfl_observability_v1,ola_lr0p002_b32_e2_lam0p01_pinit0p01_fclip10p0,23,ola,global_test,,,14,0.9333333333333333,1.0,48,1.0,0.9483318328857422,0.05166816711425781,0.0002480072021484375,0.05308694407964746,0.0035033557530065687
bayesfl_observability_v1,ola_lr0p002_b32_e2_lam0p01_pinit0p01_fclip10p0,23,ola,global_test_mc,,,0,0.0,0.06666666666666667,0,,,,,,
bayesfl_observability_v1,ola_lr0p002_b32_e2_lam0p01_pinit0p01_fclip10p0,23,ola,global_test_mc,,,1,0.06666666666666667,0.13333333333333333,0,,,,,,
bayesfl_observability_v1,ola_lr0p002_b32_e2_lam0p01_pinit0p01_fclip10p0,23,ola,global_test_mc,,,2,0.13333333333333333,0.2,266,0.3007518796992481,0.1812386762042691,0.11951320349497901,0.003179051212966442,1.9480087967743551,0.8297282995137953
bayesfl_observability_v1,ola_lr0p002_b32_e2_lam0p01_pinit0p01_fclip10p0,23,ola,global_test_mc,,,3,0.2,0.26666666666666666,1088,0.45955882352941174,0.23727582778562517,0.22228299574378657,0.024184389936923976,1.67620528127779,0.7565635759931277
bayesfl_observability_v1,ola_lr0p002_b32_e2_lam0p01_pinit0p01_fclip10p0,23,ola,global_test_mc,,,4,0.26666666666666666,0.3333333333333333,1512,0.5998677248677249,0.3004453111853864,0.29942241368233846,0.04527266894876957,1.4136921219409457,0.6675352734469232
bayesfl_observability_v1,ola_lr0p002_b32_e2_lam0p01_pinit0p01_fclip10p0,23,ola,global_test_mc,,,5,0.3333333333333333,0.4,1571,0.7339274347549332,0.3661111081617794,0.3678163265931538,0.05778394490778446,1.1841666111894507,0.5692372089696492
bayesfl_observability_v1,ola_lr0p002_b32_e2_lam0p01_pinit0p01_fclip10p0,23,ola,global_test_mc,,,6,0.4,0.4666666666666667,1217,0.8348397699260477,0.43156492384418466,0.40327484608186304,0.049078548768162734,0.9949041633891981,0.47047034456970854
bayesfl_observability_v1,ola_lr0p002_b32_e2_lam0p01_pinit0p01_fclip10p0,23,ola,global_test_mc,,,7,0.4666666666666667,0.5333333333333333,1009,0.9147670961347869,0.4994607622429684,0.4153063338918185,0.041904409089684486,0.794729505232706,0.35870450924125724
bayesfl_observability_v1,ola_lr0p002_b32_e2_lam0p01_pinit0p01_fclip10p0,23,ola,global_test_mc,,,8,0.5333333333333333,0.6,802,0.9650872817955112,0.5664101075055891,0.3986771742899221,0.03197390937805175,0.6328412534441437,0.2594268918966415
bayesfl_observability_v1,ola_lr0p002_b32_e2_lam0p01_pinit0p01_fclip10p0,23,ola,global_test_mc,,,9,0.6,0.6666666666666666,766,0.9817232375979112,0.6323957355308781,0.3493275020670331,0.02675848665833474,0.4945562890397662,0.1828520913114747
bayesfl_observability_v1,ola_lr0p002_b32_e2_lam0p01_pinit0p01_fclip10p0,23,ola,global_test_mc,,,10,0.6666666666666666,0.7333333333333333,617,0.9918962722852512,0.6999856795831862,0.291910592702065,0.01801088356971741,0.37342905235058677,0.1180351746647439
bayesfl_observability_v1,ola_lr0p002_b32_e2_lam0p01_pinit0p01_fclip10p0,23,ola,global_test_mc,,,11,0.7333333333333333,0.8,568,0.9964788732394366,0.7666876676007056,0.229791205638731,0.013052140480279922,0.27719846596075615,0.07044727576266922
bayesfl_observability_v1,ola_lr0p002_b32_e2_lam0p01_pinit0p01_fclip10p0,23,ola,global_test_mc,,,12,0.8,0.8666666666666667,395,0.9974683544303797,0.8292964289460001,0.16817192548437965,0.0066427910566329955,0.19730522900442535,0.03936790816391571
bayesfl_observability_v1,ola_lr0p002_b32_e2_lam0p01_pinit0p01_fclip10p0,23,ola,global_test_mc,,,13,0.8666666666666667,0.9333333333333333,150,1.0,0.8963977066675822,0.10360229333241777,0.0015540343999862665,0.10957265297571818,0.01380647972226143
bayesfl_observability_v1,ola_lr0p002_b32_e2_lam0p01_pinit0p01_fclip10p0,23,ola,global_test_mc,,,14,0.9333333333333333,1.0,39,1.0,0.9465686526053991,0.05343134739460087,0.0002083822548389434,0.054945863592319,0.003696436163945458
bayesfl_observability_v1,ola_lr0p002_b32_e2_lam0p01_pinit0p01_fclip10p0,24,ola,global_test,,,0,0.0,0.06666666666666667,0,,,,,,
bayesfl_observability_v1,ola_lr0p002_b32_e2_lam0p01_pinit0p01_fclip10p0,24,ola,global_test,,,1,0.06666666666666667,0.13333333333333333,0,,,,,,
bayesfl_observability_v1,ola_lr0p002_b32_e2_lam0p01_pinit0p01_fclip10p0,24,ola,global_test,,,2,0.13333333333333333,0.2,163,0.2331288343558282,0.18222621311804998,0.05090262123777822,0.0008297127261757851,1.921894647592416,0.8265915352142662
bayesfl_observability_v1,ola_lr0p002_b32_e2_lam0p01_pinit0p01_fclip10p0,24,ola,global_test,,,3,0.2,0.26666666666666666,805,0.3801242236024845,0.23674738346049504,0.14337684014198945,0.01154183563143015,1.762948110533057,0.7819266605081026
bayesfl_observability_v1,ola_lr0p002_b32_e2_lam0p01_pinit0p01_fclip10p0,24,ola,global_test,,,4,0.26666666666666666,0.3333333333333333,1187,0.45661331086773377,0.30084623819454037,0.1557670726731934,0.018489551526308056,1.5347743538516654,0.7140758562308956
bayesfl_observability_v1,ola_lr0p002_b32_e2_lam0p01_pinit0p01_fclip10p0,24,ola,global_test,,,5,0.3333333333333333,0.4,1320,0.5371212121212121,0.36653759432109917,0.17058361780011294,0.02251703754961491,1.3452525041771657,0.6489036257519867
bayesfl_observability_v1,ola_lr0p002_b32_e2_lam0p01_pinit0p01_fclip10p0,24,ola,global_test,,,6,0.4,0.4666666666666667,1142,0.6444833625218914,0.43200770325815196,0.21247565926373946,0.024264720287919046,1.1995993136524528,0.5790553079386309
bayesfl_observability_v1,ola_lr0p002_b32_e2_lam0p01_pinit0p01_fclip10p0,24,ola,global_test,,,7,0.4666666666666667,0.5333333333333333,1007,0.7418073485600795,0.4985077283174066,0.24329962024267288,0.02450027175843716,1.0310525157245647,0.4895582561933296
bayesfl_observability_v1,ola_lr0p002_b32_e2_lam0p01_pinit0p01_fclip10p0,24,ola,global_test,,,8,0.5333333333333333,0.6,933,0.8060021436227224,0.565922426385256,0.24007971723746635,0.02239943761825561,0.8680357141510083,0.39879503223290397
bayesfl_observability_v1,ola_lr0p002_b32_e2_lam0p01_pinit0p01_fclip10p0,24,ola,global_test,,,9,0.6,0.6666666666666666,883,0.8527746319365799,0.63353195087826,0.2192426810583199,0.019359128737449646,0.7309822129298714,0.3194222042710433
bayesfl_observability_v1,ola_lr0p002_b32_e2_lam0p01_pinit0p01_fclip10p0,24,ola,global_test,,,10,0.6666666666666666,0.7333333333333333,816,0.8688725490196079,0.6991374232605392,0.16973512575906868,0.013850386261940005,0.6353910165455412,0.2697878259544571
bayesfl_observability_v1,ola_lr0p002_b32_e2_lam0p01_pinit0p01_fclip10p0,24,ola,global_test,,,11,0.7333333333333333,0.8,588,0.8775510204081632,0.7643802659649427,0.11317075444322056,0.006654440361261369,0.5613068814332388,0.23651712423912724
bayesfl_observability_v1,ola_lr0p002_b32_e2_lam0p01_pinit0p01_fclip10p0,24,ola,global_test,,,12,0.8,0.8666666666666667,402,0.900497512437811,0.8315674500975443,0.06893006234026666,0.0027709885060787196,0.4687592459481154,0.18930055703319126
bayesfl_observability_v1,ola_lr0p002_b32_e2_lam0p01_pinit0p01_fclip10p0,24,ola,global_test,,,13,0.8666666666666667,0.9333333333333333,329,0.9604863221884499,0.9006177529375604,0.05986856925088946,0.0019696759283542634,0.2509470497311792,0.0814002161112396
bayesfl_observability_v1,ola_lr0p002_b32_e2_lam0p01_pinit0p01_fclip10p0,24,ola,global_test,,,14,0.9333333333333333,1.0,425,0.9905882352941177,0.9668245718058418,0.023763663488275855,0.001009955698251724,0.07741998389911126,0.019353278539929308
bayesfl_observability_v1,ola_lr0p002_b32_e2_lam0p01_pinit0p01_fclip10p0,24,ola,global_test_mc,,,0,0.0,0.06666666666666667,0,,,,,,
bayesfl_observability_v1,ola_lr0p002_b32_e2_lam0p01_pinit0p01_fclip10p0,24,ola,global_test_mc,,,1,0.06666666666666667,0.13333333333333333,0,,,,,,
bayesfl_observability_v1,ola_lr0p002_b32_e2_lam0p01_pinit0p01_fclip10p0,24,ola,global_test_mc,,,2,0.13333333333333333,0.2,187,0.25668449197860965,0.1840960870292735,0.07258840494933616,0.0013574031725525862,1.9347325149066945,0.8302318170108897
bayesfl_observability_v1,ola_lr0p002_b32_e2_lam0p01_pinit0p01_fclip10p0,24,ola,global_test_mc,,,3,0.2,0.26666666666666666,850,0.35294117647058826,0.2392724122895914,0.11366876418099686,0.009661844955384732,1.7549230909347535,0.7807470945750966
bayesfl_observability_v1,ola_lr0p002_b32_e2_lam0p01_pinit0p01_fclip10p0,24,ola,global_test_mc,,,4,0.26666666666666666,0.3333333333333333,1252,0.46565495207667734,0.3016305332319043,0.16402441884477303,0.020535857239365584,1.5335531160473443,0.7120224006069354
bayesfl_observability_v1,ola_lr0p002_b32_e2_lam0p01_pinit0p01_fclip10p0,24,ola,global_test_mc,,,5,0.3333333333333333,0.4,1326,0.5392156862745098,0.3668930689673618,0.17232261730714798,0.022849979054927822,1.3423211210453672,0.6463632992669648
bayesfl_observability_v1,ola_lr0p002_b32_e2_lam0p01_pinit0p01_fclip10p0,24,ola,global_test_mc,,,6,0.4,0.4666666666666667,1165,0.671244635193133,0.4321923011873925,0.23905233400574055,0.027849596911668772,1.1760610532351319,0.5668883671320559
bayesfl_observability_v1,ola_lr0p002_b32_e2_lam0p01_pinit0p01_fclip10p0,24,ola,global_test_mc,,,7,0.4666666666666667,0.5333333333333333,1029,0.7337220602526725,0.500148279065641,0.23357378118703154,0.024034742084145546,1.0394998396682553,0.49266557220235624
bayesfl_observability_v1,ola_lr0p002_b32_e2_lam0p01_pinit0p01_fclip10p0,24,ola,global_test_mc,,,8,0.5333333333333333,0.6,912,0.8004385964912281,0.5661848181564557,0.23425377833477234,0.02136394458413124,0.8770690181929814,0.4028135293343088
bayesfl_observability_v1,ola_lr0p002_b32_e2_lam0p01_pinit0p01_fclip10p0,24,ola,global_test_mc,,,9,0.6,0.6666666666666666,868,0.8548387096774194,0.6336492951015174,0.22118941457590202,0.019199241185188298,0.7191077868715958,0.31553056973466126
bayesfl_observability_v1,ola_lr0p002_b32_e2_lam0p01_pinit0p01_fclip10p0,24,ola,global_test_mc,,,10,0.6666666666666666,0.7333333333333333,779,0.8575096277278562,0.6982290216067636,0.15928060612109263,0.012407959216833115,0.670825987442161,0.285427615371687
bayesfl_observability_v1,ola_lr0p002_b32_e2_lam0p01_pinit0p01_fclip10p0,24,ola,global_test_mc,,,11,0.7333333333333333,0.8,545,0.8825688073394495,0.7643609158489683,0.11820789149048128,0.006442330086231229,0.5493320833378975,0.23035169084547857
bayesfl_observability_v1,ola_lr0p002_b32_e2_lam0p01_pinit0p01_fclip10p0,24,ola,global_test_mc,,,12,0.8,0.8666666666666667,372,0.9166666666666666,0.8324031113616882,0.08426355530497842,0.0031346042573451973,0.4230752457934682,0.1642510616671174
bayesfl_observability_v1,ola_lr0p002_b32_e2_lam0p01_pinit0p01_fclip10p0,24,ola,global_test_mc,,,13,0.8666666666666667,0.9333333333333333,321,0.9532710280373832,0.9013544930104526,0.05191653502693061,0.0016665207743644724,0.2775115820802632,0.09377172489931976
bayesfl_observability_v1,ola_lr0p002_b32_e2_lam0p01_pinit0p01_fclip10p0,24,ola,global_test_mc,,,14,0.9333333333333333,1.0,394,0.9923857868020305,0.96690552957772,0.025480257224310465,0.0010039221346378323,0.07118854562747222,0.01602887944452239
bayesfl_observability_v1,ola_lr0p002_b32_e2_lam0p01_pinit0p01_fclip10p0,25,ola,global_test,,,0,0.0,0.06666666666666667,0,,,,,,
bayesfl_observability_v1,ola_lr0p002_b32_e2_lam0p01_pinit0p01_fclip10p0,25,ola,global_test,,,1,0.06666666666666667,0.13333333333333333,0,,,,,,
bayesfl_observability_v1,ola_lr0p002_b32_e2_lam0p01_pinit0p01_fclip10p0,25,ola,global_test,,,2,0.13333333333333333,0.2,146,0.2671232876712329,0.18231181198195234,0.08481147568928055,0.001238247545063496,1.9608599323115936,0.8355699822510758
bayesfl_observability_v1,ola_lr0p002_b32_e2_lam0p01_pinit0p01_fclip10p0,25,ola,global_test,,,3,0.2,0.26666666666666666,777,0.3487773487773488,0.23723854876316344,0.11153880001418534,0.0086665647611022,1.7798316484866148,0.7882214557556879
bayesfl_observability_v1,ola_lr0p002_b32_e2_lam0p01_pinit0p01_fclip10p0,25,ola,global_test,,,4,0.26666666666666666,0.3333333333333333,1301,0.45887778631821674,0.30111907240429997,0.15775871391391677,0.02052440868020057,1.5424572088276762,0.7193452487717584
bayesfl_observability_v1,ola_lr0p002_b32_e2_lam0p01_pinit0p01_fclip10p0,25,ola,global_test,,,5,0.3333333333333333,0.4,1287,0.533022533022533,0.3667018666411891,0.1663206663813439,0.02140546976327896,1.3593430055049194,0.6558455060458313
bayesfl_observability_v1,ola_lr0p002_b32_e2_lam0p01_pinit0p01_fclip10p0,25,ola,global_test,,,6,0.4,0.4666666666666667,1088,0.6139705882352942,0.43248716528143955,0.1814834229538546,0.019745396417379383,1.2592053447356994,0.6030466116910034
bayesfl_observability_v1,ola_lr0p002_b32_e2_lam0p01_pinit0p01_fclip10p0,25,ola,global_test,,,7,0.4666666666666667,0.5333333333333333,933,0.7256162915326902,0.4986180281715761,0.22699826336111417,0.02117893797159195,1.057699378599819,0.5016560975186695
bayesfl_observability_v1,ola_lr0p002_b32_e2_lam0p01_pinit0p01_fclip10p0,25,ola,global_test,,,8,0.5333333333333333,0.6,807,0.8351920693928129,0.5656592242484347,0.26953284514437814,0.021751300603151315,0.8360506712725615,0.37637896281857475
bayesfl_observability_v1,ola_lr0p002_b32_e2_lam0p01_pinit0p01_fclip10p0,25,ola,global_test,,,9,0.6,0.6666666666666666,736,0.8831521739130435,0.6337585301826829,0.24939364373036055,0.018355372178554534,0.6722096614944546,0.28589138700424327
bayesfl_observability_v1,ola_lr0p002_b32_e2_lam0p01_pinit0p01_fclip10p0,25,ola,global_test,,,10,0.6666666666666666,0.7333333333333333,717,0.9372384937238494,0.7008527566365783,0.23638573708727106,0.016948857349157336,0.49497873069019666,0.1865106097823905
bayesfl_observability_v1,ola_lr0p002_b32_e2_lam0p01_pinit0p01_fclip10p0,25,ola,global_test,,,11,0.7333333333333333,0.8,673,0.9687964338781575,0.767180750309801,0.20161568356835646,0.01356873550415039,0.35464394409181815,0.11021563672027475
bayesfl_observability_v1,ola_lr0p002_b32_e2_lam0p01_pinit0p01_fclip10p0,25,ola,global_test,,,12,0.8,0.8666666666666667,731,0.9904240766073872,0.8339655236245507,0.1564585529828365,0.01143712022304535,0.2116150374940906,0.04885822624508317
bayesfl_observability_v1,ola_lr0p002_b32_e2_lam0p01_pinit0p01_fclip10p0,25,ola,global_test,,,13,0.8666666666666667,0.9333333333333333,525,0.9961904761904762,0.895244045711699,0.10094643047877716,0.005299687600135801,0.12531845778226852,0.02009464980324819
bayesfl_observability_v1,ola_lr0p002_b32_e2_lam0p01_pinit0p01_fclip10p0,25,ola,global_test,,,14,0.9333333333333333,1.0,279,0.996415770609319,0.9613168658321476,0.03509890477717137,0.0009792594432830812,0.05633023313136511,0.00875861751606002
bayesfl_observability_v1,ola_lr0p002_b32_e2_lam0p01_pinit0p01_fclip10p0,25,ola,global_test_mc,,,0,0.0,0.06666666666666667,0,,,,,,
bayesfl_observability_v1,ola_lr0p002_b32_e2_lam0p01_pinit0p01_fclip10p0,25,ola,global_test_mc,,,1,0.06666666666666667,0.13333333333333333,1,1.0,0.1307382434606552,0.8692617565393448,8.692617565393447e-05,2.034558057785034,0.8471291065216064
bayesfl_observability_v1,ola_lr0p002_b32_e2_lam0p01_pinit0p01_fclip10p0,25,ola,global_test_mc,,,2,0.13333333333333333,0.2,169,0.2781065088757396,0.1830868891181325,0.09501961975760712,0.0016058315739035604,1.9640610676545363,0.8360351620341194
bayesfl_observability_v1,ola_lr0p002_b32_e2_lam0p01_pinit0p01_fclip10p0,25,ola,global_test_mc,,,3,0.2,0.26666666666666666,818,0.33374083129584353,0.23828512987618342,0.09545570141966012,0.007808276376128198,1.7740628749933687,0.7868674828108482
bayesfl_observability_v1,ola_lr0p002_b32_e2_lam0p01_pinit0p01_fclip10p0,25,ola,global_test_mc,,,4,0.26666666666666666,0.3333333333333333,1322,0.4599092284417549,0.30101404076444943,0.15889518767730548,0.021005943810939787,1.53804279834528,0.7172094510470866
bayesfl_observability_v1,ola_lr0p002_b32_e2_lam0p01_pinit0p01_fclip10p0,25,ola,global_test_mc,,,5,0.3333333333333333,0.4,1330,0.5278195488721804,0.3660658932269964,0.161753655645184,0.021513236200809475,1.3746429332216878,0.6598567926569989
bayesfl_observability_v1,ola_lr0p002_b32_e2_lam0p01_pinit0p01_fclip10p0,25,ola,global_test_mc,,,6,0.4,0.4666666666666667,1106,0.6265822784810127,0.4330712314324612,0.1935110470485515,0.021402321803569792,1.2345386914383438,0.5918895100760416
bayesfl_observability_v1,ola_lr0p002_b32_e2_lam0p01_pinit0p01_fclip10p0,25,ola,global_test_mc,,,7,0.4666666666666667,0.5333333333333333,924,0.7402597402597403,0.4992374384945089,0.24102230176523137,0.02227046068310738,1.0363598242079541,0.4902750723612257
bayesfl_observability_v1,ola_lr0p002_b32_e2_lam0p01_pinit0p01_fclip10p0,25,ola,global_test_mc,,,8,0.5333333333333333,0.6,823,0.8359659781287971,0.5659868392735756,0.2699791388552215,0.022219283127784734,0.8411839295853096,0.37716049461072154
bayesfl_observability_v1,ola_lr0p002_b32_e2_lam0p01_pinit0p01_fclip10p0,25,ola,global_test_mc,,,9,0.6,0.6666666666666666,730,0.8972602739726028,0.6332732743596378,0.263986999612965,0.019271050971746445,0.6477598365447292,0.2708229114543902
bayesfl_observability_v1,ola_lr0p002_b32_e2_lam0p01_pinit0p01_fclip10p0,25,ola,global_test_mc,,,10,0.6666666666666666,0.7333333333333333,685,0.9386861313868613,0.6993077905508723,0.23937834083598897,0.016397416347265242,0.49712525432127236,0.18537341178986277
bayesfl_observability_v1,ola_lr0p002_b32_e2_lam0p01_pinit0p01_fclip10p0,25,ola,global_test_mc,,,11,0.7333333333333333,0.8,685,0.9722627737226277,0.768066059150835,0.20419671457179267,0.013987474948167797,0.33728551949462754,0.10346418670276655
bayesfl_observability_v1,ola_lr0p002_b32_e2_lam0p01_pinit0p01_fclip10p0,25,ola,global_test_mc,,,12,0.8,0.8666666666666667,693,0.987012987012987,0.8339773112905318,0.15303567572245524,0.010605372327566148,0.2226783913623375,0.05375532469138353
bayesfl_observability_v1,ola_lr0p002_b32_e2_lam0p01_pinit0p01_fclip10p0,25,ola,global_test_mc,,,13,0.8666666666666667,0.9333333333333333,454,0.9955947136563876,0.8944936674334404,0.10110104622294724,0.004589987498521805,0.12896504020113253,0.021428387142340386
bayesfl_observability_v1,ola_lr0p002_b32_e2_lam0p01_pinit0p01_fclip10p0,25,ola,global_test_mc,,,14,0.9333333333333333,1.0,260,0.9961538461538462,0.959908083310494,0.036245762843352125,0.0009423898339271553,0.05877527205918271,0.00935567617248475
bayesfl_observability_v1,ola_lr0p002_b32_e2_lam0p01_pinit0p01_fclip10p0,26,ola,global_test,,,0,0.0,0.06666666666666667,0,,,,,,
bayesfl_observability_v1,ola_lr0p002_b32_e2_lam0p01_pinit0p01_fclip10p0,26,ola,global_test,,,1,0.06666666666666667,0.13333333333333333,0,,,,,,
bayesfl_observability_v1,ola_lr0p002_b32_e2_lam0p01_pinit0p01_fclip10p0,26,ola,global_test,,,2,0.13333333333333333,0.2,163,0.27607361963190186,0.1834422800621372,0.09263133956976466,0.0015098908349871639,1.9804887574143204,0.837306588705332
bayesfl_observability_v1,ola_lr0p002_b32_e2_lam0p01_pinit0p01_fclip10p0,26,ola,global_test,,,3,0.2,0.26666666666666666,734,0.3801089918256131,0.23889504109156554,0.14121395073404755,0.010365103983879092,1.7017034277604126,0.7664295155605763
bayesfl_observability_v1,ola_lr0p002_b32_e2_lam0p01_pinit0p01_fclip10p0,26,ola,global_test,,,4,0.26666666666666666,0.3333333333333333,1305,0.46283524904214557,0.3001808491018083,0.16265439994033726,0.021226399192214012,1.503525781083381,0.7060639936805229
bayesfl_observability_v1,ola_lr0p002_b32_e2_lam0p01_pinit0p01_fclip10p0,26,ola,global_test,,,5,0.3333333333333333,0.4,1213,0.5688375927452597,0.36660711898453846,0.20223047376072123,0.024530556467175488,1.3475714129352019,0.640418490519331
bayesfl_observability_v1,ola_lr0p002_b32_e2_lam0p01_pinit0p01_fclip10p0,26,ola,global_test,,,6,0.4,0.4666666666666667,1015,0.6640394088669951,0.432336811009299,0.2317025978576961,0.023517813682556152,1.1833252233237468,0.5644741711945369
bayesfl_observability_v1,ola_lr0p002_b32_e2_lam0p01_pinit0p01_fclip10p0,26,ola,global_test,,,7,0.4666666666666667,0.5333333333333333,910,0.823076923076923,0.49837516474199817,0.3247017583349249,0.029547860008478165,0.9170400440037906,0.4247621979032244
bayesfl_observability_v1,ola_lr0p002_b32_e2_lam0p01_pinit0p01_fclip10p0,26,ola,global_test,,,8,0.5333333333333333,0.6,819,0.873015873015873,0.566703852061387,0.30631202095448606,0.02508695451617241,0.7676133966125702,0.3384689385201031
bayesfl_observability_v1,ola_lr0p002_b32_e2_lam0p01_pinit0p01_fclip10p0,26,ola,global_test,,,9,0.6,0.6666666666666666,733,0.9386084583901774,0.6325071757356923,0.3061012826544851,0.02243722401857376,0.5699621444672224,0.22824610763649986
bayesfl_observability_v1,ola_lr0p002_b32_e2_lam0p01_pinit0p01_fclip10p0,26,ola,global_test,,,10,0.6666666666666666,0.7333333333333333,730,0.9698630136986301,0.6996803604576686,0.2701826532409616,0.019723333686590194,0.4293331290352834,0.14705006531248355
bayesfl_observability_v1,ola_lr0p002_b32_e2_lam0p01_pinit0p01_fclip10p0,26,ola,global_test,,,11,0.7333333333333333,0.8,722,0.9847645429362881,0.7673288327835274,0.21743571015276075,0.015698858273029328,0.30394873704111147,0.08777161622084574
bayesfl_observability_v1,ola_lr0p002_b32_e2_lam0p01_pinit0p01_fclip10p0,26,ola,global_test,,,12,0.8,0.8666666666666667,794,0.9962216624685138,0.8324922926780258,0.16372936979048802,0.013000111961364748,0.19608678801984572,0.04026957435922824
bayesfl_observability_v1,ola_lr0p002_b32_e2_lam0p01_pinit0p01_fclip10p0,26,ola,global_test,,,13,0.8666666666666667,0.9333333333333333,666,0.996996996996997,0.8942979333458004,0.10269906365119652,0.006839757639169689,0.1246720710741328,0.019007682877903182
bayesfl_observability_v1,ola_lr0p002_b32_e2_lam0p01_pinit0p01_fclip10p0,26,ola,global_test,,,14,0.9333333333333333,1.0,196,1.0,0.956753498133348,0.04324650186665202,0.0008476314365863796,0.04433738598029832,0.002538451478265378
bayesfl_observability_v1,ola_lr0p002_b32_e2_lam0p01_pinit0p01_fclip10p0,26,ola,global_test_mc,,,0,0.0,0.06666666666666667,0,,,,,,
bayesfl_observability_v1,ola_lr0p002_b32_e2_lam0p01_pinit0p01_fclip10p0,26,ola,global_test_mc,,,1,0.06666666666666667,0.13333333333333333,0,,,,,,
bayesfl_observability_v1,ola_lr0p002_b32_e2_lam0p01_pinit0p01_fclip10p0,26,ola,global_test_mc,,,2,0.13333333333333333,0.2,171,0.2807017543859649,0.18205888639068046,0.09864286799528443,0.0016867930427193639,2.002881846232721,0.8419160159707767
bayesfl_observability_v1,ola_lr0p002_b32_e2_lam0p01_pinit0p01_fclip10p0,26,ola,global_test_mc,,,3,0.2,0.26666666666666666,823,0.39003645200486026,0.2385688093858675,0.15146764261899276,0.012465786987543104,1.6927351209981183,0.7628182579071814
bayesfl_observability_v1,ola_lr0p002_b32_e2_lam0p01_pinit0p01_fclip10p0,26,ola,global_test_mc,,,4,0.26666666666666666,0.3333333333333333,1292,0.4674922600619195,0.29976424722479594,0.16772801283712357,0.021670459258556367,1.503007973956619,0.7057505613971421
bayesfl_observability_v1,ola_lr0p002_b32_e2_lam0p01_pinit0p01_fclip10p0,26,ola,global_test_mc,,,5,0.3333333333333333,0.4,1255,0.5760956175298805,0.36585096199199024,0.21024465553789023,0.026385704270005226,1.3434834968996239,0.6376068663312144
bayesfl_observability_v1,ola_lr0p002_b32_e2_lam0p01_pinit0p01_fclip10p0,26,ola,global_test_mc,,,6,0.4,0.4666666666666667,1026,0.6842105263157895,0.4326524660426971,0.2515580602730924,0.02580985698401928,1.1626165838037086,0.5531278436179282
bayesfl_observability_v1,ola_lr0p002_b32_e2_lam0p01_pinit0p01_fclip10p0,26,ola,global_test_mc,,,7,0.4666666666666667,0.5333333333333333,928,0.8135775862068966,0.4993923823188605,0.31418520388803606,0.029156386920809747,0.9440963168724857,0.433800953600941
bayesfl_observability_v1,ola_lr0p002_b32_e2_lam0p01_pinit0p01_fclip10p0,26,ola,global_test_mc,,,8,0.5333333333333333,0.6,797,0.8933500627352572,0.565845055592105,0.3275050071431522,0.026102149069309234,0.7308718680288442,0.31987633418707806
bayesfl_observability_v1,ola_lr0p002_b32_e2_lam0p01_pinit0p01_fclip10p0,26,ola,global_test_mc,,,9,0.6,0.6666666666666666,747,0.9437751004016064,0.6319965295683109,0.3117785708332955,0.023289859241247175,0.5680284921025017,0.22403348154491848
bayesfl_observability_v1,ola_lr0p002_b32_e2_lam0p01_pinit0p01_fclip10p0,26,ola,global_test_mc,,,10,0.6666666666666666,0.7333333333333333,727,0.9683631361760661,0.7003219604000265,0.2680411757760396,0.01948659347891808,0.42905276534153963,0.148355278446553
bayesfl_observability_v1,ola_lr0p002_b32_e2_lam0p01_pinit0p01_fclip10p0,26,ola,global_test_mc,,,11,0.7333333333333333,0.8,698,0.9899713467048711,0.7672203298455323,0.22275101685933874,0.015548020976781846,0.28937888960954455,0.08000858888072748
bayesfl_observability_v1,ola_lr0p002_b32_e2_lam0p01_pinit0p01_fclip10p0,26,ola,global_test_mc,,,12,0.8,0.8666666666666667,798,0.9949874686716792,0.832550595428113,0.16243687324356615,0.012962462484836578,0.19959370293339393,0.042052902612732465
bayesfl_observability_v1,ola_lr0p002_b32_e2_lam0p01_pinit0p01_fclip10p0,26,ola,global_test_mc,,,13,0.8666666666666667,0.9333333333333333,563,0.9964476021314387,0.8941318182072885,0.1023157839241502,0.005760378634929657,0.12670879357132142,0.019954905449867673
bayesfl_observability_v1,ola_lr0p002_b32_e2_lam0p01_pinit0p01_fclip10p0,26,ola,global_test_mc,,,14,0.9333333333333333,1.0,175,1.0,0.9563469900403704,0.04365300995962962,0.0007639276742935183,0.044760245691452705,0.002572275008839954
bayesfl_observability_v1,ola_lr0p002_b32_e2_lam0p01_pinit0p01_fclip10p0,27,ola,global_test,,,0,0.0,0.06666666666666667,0,,,,,,
bayesfl_observability_v1,ola_lr0p002_b32_e2_lam0p01_pinit0p01_fclip10p0,27,ola,global_test,,,1,0.06666666666666667,0.13333333333333333,0,,,,,,
bayesfl_observability_v1,ola_lr0p002_b32_e2_lam0p01_pinit0p01_fclip10p0,27,ola,global_test,,,2,0.13333333333333333,0.2,117,0.2222222222222222,0.18285802427010658,0.039364197952115626,0.0004605611160397528,1.9895249594990005,0.8398163629393293
bayesfl_observability_v1,ola_lr0p002_b32_e2_lam0p01_pinit0p01_fclip10p0,27,ola,global_test,,,3,0.2,0.26666666666666666,589,0.3735144312393888,0.23913638450597463,0.1343780467334142,0.007914866952598097,1.7527900106433292,0.7791283219698532
bayesfl_observability_v1,ola_lr0p002_b32_e2_lam0p01_pinit0p01_fclip10p0,27,ola,global_test,,,4,0.26666666666666666,0.3333333333333333,1071,0.41830065359477125,0.3025067087982883,0.11579394479648297,0.012401531487703326,1.5953113073283105,0.7377920639392486
bayesfl_observability_v1,ola_lr0p002_b32_e2_lam0p01_pinit0p01_fclip10p0,27,ola,global_test,,,5,0.3333333333333333,0.4,1181,0.47502116850127013,0.36646176282881077,0.10855940567245936,0.01282086580991745,1.4473915565932434,0.6889794872889168
bayesfl_observability_v1,ola_lr0p002_b32_e2_lam0p01_pinit0p01_fclip10p0,27,ola,global_test,,,6,0.4,0.4666666666666667,1025,0.5717073170731707,0.4328739871048346,0.13883332996833608,0.01423041632175445,1.298375512797658,0.622034138848142
bayesfl_observability_v1,ola_lr0p002_b32_e2_lam0p01_pinit0p01_fclip10p0,27,ola,global_test,,,7,0.4666666666666667,0.5333333333333333,927,0.6774541531823085,0.4989323193908638,0.1785218337914447,0.016548973992466923,1.1437341018530671,0.539653267353741
bayesfl_observability_v1,ola_lr0p002_b32_e2_lam0p01_pinit0p01_fclip10p0,27,ola,global_test,,,8,0.5333333333333333,0.6,814,0.785012285012285,0.5665213187437972,0.21849096626848785,0.01778516465425491,0.9157915140984978,0.4178976175679622
bayesfl_observability_v1,ola_lr0p002_b32_e2_lam0p01_pinit0p01_fclip10p0,27,ola,global_test,,,9,0.6,0.6666666666666666,781,0.8501920614596671,0.6332822683983973,0.21690979306126978,0.01694065483808517,0.7439649493914102,0.32301629805000126
bayesfl_observability_v1,ola_lr0p002_b32_e2_lam0p01_pinit0p01_fclip10p0,27,ola,global_test,,,10,0.6666666666666666,0.7333333333333333,800,0.92875,0.7009501991420984,0.22779980085790152,0.018223984068632123,0.5167867600172759,0.19827662649564445
bayesfl_observability_v1,ola_lr0p002_b32_e2_lam0p01_pinit0p01_fclip10p0,27,ola,global_test,,,11,0.7333333333333333,0.8,845,0.9562130177514793,0.7671477949830907,0.18906522276838855,0.015976011323928833,0.376570727133892,0.1270884401831754
bayesfl_observability_v1,ola_lr0p002_b32_e2_lam0p01_pinit0p01_fclip10p0,27,ola,global_test,,,12,0.8,0.8666666666666667,866,0.9861431870669746,0.8323255836550688,0.15381760341190576,0.01332060445547104,0.23154220618221555,0.05620693196875944
bayesfl_observability_v1,ola_lr0p002_b32_e2_lam0p01_pinit0p01_fclip10p0,27,ola,global_test,,,13,0.8666666666666667,0.9333333333333333,600,0.99,0.8962286736567815,0.0937713263432185,0.00562627958059311,0.14593522675335407,0.030826724221309026
bayesfl_observability_v1,ola_lr0p002_b32_e2_lam0p01_pinit0p01_fclip10p0,27,ola,global_test,,,14,0.9333333333333333,1.0,384,0.9973958333333334,0.9633266346839567,0.03406919864937663,0.0013082572281360627,0.04969008259286056,0.006871426398750676
bayesfl_observability_v1,ola_lr0p002_b32_e2_lam0p01_pinit0p01_fclip10p0,27,ola,global_test_mc,,,0,0.0,0.06666666666666667,0,,,,,,
bayesfl_observability_v1,ola_lr0p002_b32_e2_lam0p01_pinit0p01_fclip10p0,27,ola,global_test_mc,,,1,0.06666666666666667,0.13333333333333333,0,,,,,,
bayesfl_observability_v1,ola_lr0p002_b32_e2_lam0p01_pinit0p01_fclip10p0,27,ola,global_test_mc,,,2,0.13333333333333333,0.2,126,0.2619047619047619,0.1812535428575107,0.08065121904725123,0.0010162053599953654,1.9922460610904391,0.8396247507087768
bayesfl_observability_v1,ola_lr0p002_b32_e2_lam0p01_pinit0p01_fclip10p0,27,ola,global_test_mc,,,3,0.2,0.26666666666666666,628,0.35509554140127386,0.2388090299098355,0.11628651149143837,0.00730279292166233,1.7692389514795535,0.784448580282509
bayesfl_observability_v1,ola_lr0p002_b32_e2_lam0p01_pinit0p01_fclip10p0,27,ola,global_test_mc,,,4,0.26666666666666666,0.3333333333333333,1102,0.43466424682395643,0.30149590355190303,0.1331683432720534,0.014675151428580285,1.577389613578194,0.7327767277910575
bayesfl_observability_v1,ola_lr0p002_b32_e2_lam0p01_pinit0p01_fclip10p0,27,ola,global_test_mc,,,5,0.3333333333333333,0.4,1197,0.4828738512949039,0.3665690584887837,0.11630479280612022,0.01392168369889259,1.455949356382652,0.6894302179689893
bayesfl_observability_v1,ola_lr0p002_b32_e2_lam0p01_pinit0p01_fclip10p0,27,ola,global_test_mc,,,6,0.4,0.4666666666666667,1065,0.5746478873239437,0.43269047801483407,0.1419574093091096,0.015118464091420173,1.3008754831524523,0.6216576697960706
bayesfl_observability_v1,ola_lr0p002_b32_e2_lam0p01_pinit0p01_fclip10p0,27,ola,global_test_mc,,,7,0.4666666666666667,0.5333333333333333,941,0.6822529224229543,0.4994648634817344,0.1827880589412199,0.01720035634636879,1.1318854840985013,0.5347045675854374
bayesfl_observability_v1,ola_lr0p002_b32_e2_lam0p01_pinit0p01_fclip10p0,27,ola,global_test_mc,,,8,0.5333333333333333,0.6,801,0.8127340823970037,0.5667668645748039,0.24596721782219988,0.01970197414755821,0.8699782371669822,0.3925928020670768
bayesfl_observability_v1,ola_lr0p002_b32_e2_lam0p01_pinit0p01_fclip10p0,27,ola,global_test_mc,,,9,0.6,0.6666666666666666,806,0.8622828784119106,0.633841054463209,0.2284418239487016,0.01841241101026535,0.7250264258523733,0.3099054263964776
bayesfl_observability_v1,ola_lr0p002_b32_e2_lam0p01_pinit0p01_fclip10p0,27,ola,global_test_mc,,,10,0.6666666666666666,0.7333333333333333,796,0.9246231155778895,0.700221047254663,0.2244020683232264,0.017862404638528822,0.5236760246469148,0.20307501170540873
bayesfl_observability_v1,ola_lr0p002_b32_e2_lam0p01_pinit0p01_fclip10p0,27,ola,global_test_mc,,,11,0.7333333333333333,0.8,827,0.9564691656590084,0.7666086920659805,0.18986047359302793,0.015701461166143408,0.3837131246149612,0.12778774631787385
bayesfl_observability_v1,ola_lr0p002_b32_e2_lam0p01_pinit0p01_fclip10p0,27,ola,global_test_mc,,,12,0.8,0.8666666666666667,835,0.9916167664670659,0.8313418937300494,0.16027487273701646,0.013382951873540876,0.2117730287913077,0.047785619331780306
bayesfl_observability_v1,ola_lr0p002_b32_e2_lam0p01_pinit0p01_fclip10p0,27,ola,global_test_mc,,,13,0.8666666666666667,0.9333333333333333,523,0.988527724665392,0.8961069660250589,0.09242075864033306,0.004833605676889419,0.15203992644926786,0.033484055143362536
bayesfl_observability_v1,ola_lr0p002_b32_e2_lam0p01_pinit0p01_fclip10p0,27,ola,global_test_mc,,,14,0.9333333333333333,1.0,353,0.9971671388101983,0.9628638105081769,0.03430332830202132,0.0012109074890613526,0.05105805073841013,0.007290543164865301
bayesfl_observability_v1,ola_lr0p002_b32_e2_lam0p01_pinit0p01_fclip10p0,28,ola,global_test,,,0,0.0,0.06666666666666667,0,,,,,,
bayesfl_observability_v1,ola_lr0p002_b32_e2_lam0p01_pinit0p01_fclip10p0,28,ola,global_test,,,1,0.06666666666666667,0.13333333333333333,0,,,,,,
bayesfl_observability_v1,ola_lr0p002_b32_e2_lam0p01_pinit0p01_fclip10p0,28,ola,global_test,,,2,0.13333333333333333,0.2,131,0.19083969465648856,0.18307914738436692,0.007760547272121637,0.00010166316926479344,1.972112611049914,0.8358154324174837
bayesfl_observability_v1,ola_lr0p002_b32_e2_lam0p01_pinit0p01_fclip10p0,28,ola,global_test,,,3,0.2,0.26666666666666666,693,0.3492063492063492,0.23831304346586202,0.11089330574048717,0.00768490608781576,1.7649342380732858,0.7863325418159903
bayesfl_observability_v1,ola_lr0p002_b32_e2_lam0p01_pinit0p01_fclip10p0,28,ola,global_test,,,4,0.26666666666666666,0.3333333333333333,1054,0.4620493358633776,0.3007194685132951,0.16132986735008248,0.017004168018698692,1.5103896067988487,0.7082561200212483
bayesfl_observability_v1,ola_lr0p002_b32_e2_lam0p01_pinit0p01_fclip10p0,28,ola,global_test,,,5,0.3333333333333333,0.4,1122,0.5303030303030303,0.3661925676619093,0.164110462641121,0.018413193908333774,1.374696569221755,0.6557760205976466
bayesfl_observability_v1,ola_lr0p002_b32_e2_lam0p01_pinit0p01_fclip10p0,28,ola,global_test,,,6,0.4,0.4666666666666667,1143,0.6430446194225722,0.43405177954613694,0.20899283987643524,0.02388788159787655,1.1444667094857257,0.5615130216535099
bayesfl_observability_v1,ola_lr0p002_b32_e2_lam0p01_pinit0p01_fclip10p0,28,ola,global_test,,,7,0.4666666666666667,0.5333333333333333,1084,0.7333948339483395,0.4989706777118669,0.23442415623647261,0.02541157853603363,0.9450023200129231,0.4724116947268208
bayesfl_observability_v1,ola_lr0p002_b32_e2_lam0p01_pinit0p01_fclip10p0,28,ola,global_test,,,8,0.5333333333333333,0.6,869,0.8308400460299195,0.5659050767934775,0.264934969236442,0.023022848826646812,0.7639638565489283,0.3628408849685184
bayesfl_observability_v1,ola_lr0p002_b32_e2_lam0p01_pinit0p01_fclip10p0,28,ola,global_test,,,9,0.6,0.6666666666666666,805,0.884472049689441,0.6325034152646983,0.2519686344247427,0.020283475071191787,0.6290852948745586,0.27847756054830847
bayesfl_observability_v1,ola_lr0p002_b32_e2_lam0p01_pinit0p01_fclip10p0,28,ola,global_test,,,10,0.6666666666666666,0.7333333333333333,805,0.9552795031055901,0.7002977437114123,0.2549817593941778,0.02052603163123131,0.44515218005417295,0.16658811653437822
bayesfl_observability_v1,ola_lr0p002_b32_e2_lam0p01_pinit0p01_fclip10p0,28,ola,global_test,,,11,0.7333333333333333,0.8,872,0.9782110091743119,0.7678649368772813,0.21034607229703062,0.01834217750430107,0.3128163659893865,0.09737572974926971
bayesfl_observability_v1,ola_lr0p002_b32_e2_lam0p01_pinit0p01_fclip10p0,28,ola,global_test,,,12,0.8,0.8666666666666667,882,0.9954648526077098,0.8332195779363585,0.1622452746713513,0.014310033226013184,0.19340934252995753,0.04234334907564176
bayesfl_observability_v1,ola_lr0p002_b32_e2_lam0p01_pinit0p01_fclip10p0,28,ola,global_test,,,13,0.8666666666666667,0.9333333333333333,497,0.9899396378269618,0.8934008338801578,0.09653880394680403,0.004797978556156161,0.14791002286451924,0.03261489350108853
bayesfl_observability_v1,ola_lr0p002_b32_e2_lam0p01_pinit0p01_fclip10p0,28,ola,global_test,,,14,0.9333333333333333,1.0,43,1.0,0.9458772359892379,0.0541227640107621,0.00023272788524627704,0.0556977947437486,0.003972011566876845
bayesfl_observability_v1,ola_lr0p002_b32_e2_lam0p01_pinit0p01_fclip10p0,28,ola,global_test_mc,,,0,0.0,0.06666666666666667,0,,,,,,
bayesfl_observability_v1,ola_lr0p002_b32_e2_lam0p01_pinit0p01_fclip10p0,28,ola,global_test_mc,,,1,0.06666666666666667,0.13333333333333333,0,,,,,,
bayesfl_observability_v1,ola_lr0p002_b32_e2_lam0p01_pinit0p01_fclip10p0,28,ola,global_test_mc,,,2,0.13333333333333333,0.2,146,0.21232876712328766,0.18275943286206625,0.02956933426122141,0.0004317122802138326,1.9709910431953326,0.836003547661925
bayesfl_observability_v1,ola_lr0p002_b32_e2_lam0p01_pinit0p01_fclip10p0,28,ola,global_test_mc,,,3,0.2,0.26666666666666666,731,0.35841313269493846,0.23763096442627027,0.1207821682686682,0.008829176500439646,1.7408959252400535,0.779187746967728
bayesfl_observability_v1,ola_lr0p002_b32_e2_lam0p01_pinit0p01_fclip10p0,28,ola,global_test_mc,,,4,0.26666666666666666,0.3333333333333333,1072,0.4496268656716418,0.3001497342570949,0.14947713141454688,0.01602394848763943,1.5350497307172462,0.7163764681500285
bayesfl_observability_v1,ola_lr0p002_b32_e2_lam0p01_pinit0p01_fclip10p0,28,ola,global_test_mc,,,5,0.3333333333333333,0.4,1170,0.5615384615384615,0.3657774818249238,0.19576097971353773,0.022904034626483914,1.3549130552344852,0.6463054519687962
bayesfl_observability_v1,ola_lr0p002_b32_e2_lam0p01_pinit0p01_fclip10p0,28,ola,global_test_mc,,,6,0.4,0.4666666666666667,1124,0.6423487544483986,0.43269498590578814,0.20965376854261042,0.023565083584189413,1.1440929663350998,0.5619345359318622
bayesfl_observability_v1,ola_lr0p002_b32_e2_lam0p01_pinit0p01_fclip10p0,28,ola,global_test_mc,,,7,0.4666666666666667,0.5333333333333333,1110,0.7468468468468469,0.4977946217264141,0.2490522251204328,0.02764479698836804,0.9510346037310523,0.4704785355845013
bayesfl_observability_v1,ola_lr0p002_b32_e2_lam0p01_pinit0p01_fclip10p0,28,ola,global_test_mc,,,8,0.5333333333333333,0.6,855,0.8374269005847953,0.5661152959567064,0.2713116046280889,0.0231971421957016,0.7609419795504787,0.35951042616227913
bayesfl_observability_v1,ola_lr0p002_b32_e2_lam0p01_pinit0p01_fclip10p0,28,ola,global_test_mc,,,9,0.6,0.6666666666666666,843,0.900355871886121,0.6326311565803039,0.2677247153058171,0.02256919350028038,0.6051691141982661,0.2636901232660312
bayesfl_observability_v1,ola_lr0p002_b32_e2_lam0p01_pinit0p01_fclip10p0,28,ola,global_test_mc,,,10,0.6666666666666666,0.7333333333333333,816,0.9595588235294118,0.70091858272459,0.25864024080482184,0.02110504364967346,0.4307711045166441,0.16017641706903482
bayesfl_observability_v1,ola_lr0p002_b32_e2_lam0p01_pinit0p01_fclip10p0,28,ola,global_test_mc,,,11,0.7333333333333333,0.8,850,0.9811764705882353,0.7668622310722576,0.21431423951597772,0.018216710358858107,0.30802307060536216,0.0940604650755139
bayesfl_observability_v1,ola_lr0p002_b32_e2_lam0p01_pinit0p01_fclip10p0,28,ola,global_test_mc,,,12,0.8,0.8666666666666667,833,0.992797118847539,0.8320734196064137,0.16072369924112528,0.013388284146785737,0.20681007059753873,0.04739858002356049
bayesfl_observability_v1,ola_lr0p002_b32_e2_lam0p01_pinit0p01_fclip10p0,28,ola,global_test_mc,,,13,0.8666666666666667,0.9333333333333333,414,0.9951690821256038,0.8913658976842815,0.1038031844413223,0.004297451835870743,0.12821244446623728,0.023991375323609957
bayesfl_observability_v1,ola_lr0p002_b32_e2_lam0p01_pinit0p01_fclip10p0,28,ola,global_test_mc,,,14,0.9333333333333333,1.0,36,1.0,0.9433544062905841,0.05664559370941591,0.00020392413735389727,0.05835652123722765,0.00428003464346855
bayesfl_observability_v1,ola_lr0p002_b32_e2_lam0p01_pinit0p01_fclip10p0,29,ola,global_test,,,0,0.0,0.06666666666666667,0,,,,,,
bayesfl_observability_v1,ola_lr0p002_b32_e2_lam0p01_pinit0p01_fclip10p0,29,ola,global_test,,,1,0.06666666666666667,0.13333333333333333,0,,,,,,
bayesfl_observability_v1,ola_lr0p002_b32_e2_lam0p01_pinit0p01_fclip10p0,29,ola,global_test,,,2,0.13333333333333333,0.2,131,0.22900763358778625,0.18212470264380215,0.0468829309439841,0.0006141663953661918,1.9858098048290223,0.8395780807233039
bayesfl_observability_v1,ola_lr0p002_b32_e2_lam0p01_pinit0p01_fclip10p0,29,ola,global_test,,,3,0.2,0.26666666666666666,642,0.34890965732087226,0.23785470560703695,0.11105495171383531,0.007129727900028227,1.7727726697921753,0.7870350931292383
bayesfl_observability_v1,ola_lr0p002_b32_e2_lam0p01_pinit0p01_fclip10p0,29,ola,global_test,,,4,0.26666666666666666,0.3333333333333333,1081,0.40148011100832565,0.3011110873270873,0.10036902368123835,0.010849891459941866,1.5853022929146596,0.734682400093158
bayesfl_observability_v1,ola_lr0p002_b32_e2_lam0p01_pinit0p01_fclip10p0,29,ola,global_test,,,5,0.3333333333333333,0.4,1076,0.4804832713754647,0.36670195455334,0.11378131682212472,0.01224286969006062,1.426114095187985,0.6792006181296806
bayesfl_observability_v1,ola_lr0p002_b32_e2_lam0p01_pinit0p01_fclip10p0,29,ola,global_test,,,6,0.4,0.4666666666666667,1021,0.6023506366307542,0.4324337482802665,0.16991688835048768,0.017348514300584792,1.2219034335872452,0.594195295851331
bayesfl_observability_v1,ola_lr0p002_b32_e2_lam0p01_pinit0p01_fclip10p0,29,ola,global_test,,,7,0.4666666666666667,0.5333333333333333,979,0.7415730337078652,0.49921826855398416,0.24235476515388105,0.023726531508564956,1.0131228580781704,0.48671567570931823
bayesfl_observability_v1,ola_lr0p002_b32_e2_lam0p01_pinit0p01_fclip10p0,29,ola,global_test,,,8,0.5333333333333333,0.6,914,0.8522975929978118,0.5662672470121989,0.28603034598561294,0.026143173623085023,0.8073793162532656,0.3706909679610046
bayesfl_observability_v1,ola_lr0p002_b32_e2_lam0p01_pinit0p01_fclip10p0,29,ola,global_test,,,9,0.6,0.6666666666666666,857,0.9218203033838973,0.6332230085948245,0.2885972947890728,0.02473278816342354,0.6116000307134876,0.2583316405811276
bayesfl_observability_v1,ola_lr0p002_b32_e2_lam0p01_pinit0p01_fclip10p0,29,ola,global_test,,,10,0.6666666666666666,0.7333333333333333,894,0.9664429530201343,0.6999848458324236,0.2664581071877107,0.023821354782581336,0.4276438968160275,0.15833283819141536
bayesfl_observability_v1,ola_lr0p002_b32_e2_lam0p01_pinit0p01_fclip10p0,29,ola,global_test,,,11,0.7333333333333333,0.8,861,0.9825783972125436,0.7652278868578868,0.2173505103546568,0.01871387894153595,0.3168270746105362,0.09587333328009483
bayesfl_observability_v1,ola_lr0p002_b32_e2_lam0p01_pinit0p01_fclip10p0,29,ola,global_test,,,12,0.8,0.8666666666666667,869,0.9953970080552359,0.8312319766117048,0.16416503144353112,0.014265941232442852,0.20418044043355488,0.04463567796310086
bayesfl_observability_v1,ola_lr0p002_b32_e2_lam0p01_pinit0p01_fclip10p0,29,ola,global_test,,,13,0.8666666666666667,0.9333333333333333,510,0.9980392156862745,0.8949881751163333,0.10305104056994119,0.005255603069067001,0.12123360321217892,0.01890120688990197
bayesfl_observability_v1,ola_lr0p002_b32_e2_lam0p01_pinit0p01_fclip10p0,29,ola,global_test,,,14,0.9333333333333333,1.0,165,1.0,0.955521390654824,0.044478609345176,0.0007338970541954041,0.045595838360939965,0.003342155361844396
bayesfl_observability_v1,ola_lr0p002_b32_e2_lam0p01_pinit0p01_fclip10p0,29,ola,global_test_mc,,,0,0.0,0.06666666666666667,0,,,,,,
bayesfl_observability_v1,ola_lr0p002_b32_e2_lam0p01_pinit0p01_fclip10p0,29,ola,global_test_mc,,,1,0.06666666666666667,0.13333333333333333,0,,,,,,
bayesfl_observability_v1,ola_lr0p002_b32_e2_lam0p01_pinit0p01_fclip10p0,29,ola,global_test_mc,,,2,0.13333333333333333,0.2,143,0.23076923076923078,0.18197222793852533,0.048797002830705455,0.000697797140479088,1.9739752749463062,0.8360866141486001
bayesfl_observability_v1,ola_lr0p002_b32_e2_lam0p01_pinit0p01_fclip10p0,29,ola,global_test_mc,,,3,0.2,0.26666666666666666,673,0.34323922734026746,0.23768708087714252,0.10555214646312494,0.007103659456968309,1.7769180056244622,0.7883299055992229
bayesfl_observability_v1,ola_lr0p002_b32_e2_lam0p01_pinit0p01_fclip10p0,29,ola,global_test_mc,,,4,0.26666666666666666,0.3333333333333333,1105,0.39547511312217193,0.30061304811978234,0.09486206500238958,0.01048225818276405,1.592480039488676,0.7352525645791136
bayesfl_observability_v1,ola_lr0p002_b32_e2_lam0p01_pinit0p01_fclip10p0,29,ola,global_test_mc,,,5,0.3333333333333333,0.4,1096,0.48905109489051096,0.3661474715782343,0.12290362331227667,0.013470237115025523,1.4121961626802049,0.6745278962554723
bayesfl_observability_v1,ola_lr0p002_b32_e2_lam0p01_pinit0p01_fclip10p0,29,ola,global_test_mc,,,6,0.4,0.4666666666666667,1041,0.590778097982709,0.4323156583950453,0.15846243958766365,0.016495939961075786,1.225042136155219,0.5948487441775664
bayesfl_observability_v1,ola_lr0p002_b32_e2_lam0p01_pinit0p01_fclip10p0,29,ola,global_test_mc,,,7,0.4666666666666667,0.5333333333333333,1033,0.7531461761858664,0.5004281932479068,0.25271798293795966,0.026105767637491232,0.9946361243551721,0.479102418533484
bayesfl_observability_v1,ola_lr0p002_b32_e2_lam0p01_pinit0p01_fclip10p0,29,ola,global_test_mc,,,8,0.5333333333333333,0.6,869,0.8642117376294591,0.5657545230056666,0.2984572146237925,0.025935931950807567,0.7925230835331872,0.36032399217950734
bayesfl_observability_v1,ola_lr0p002_b32_e2_lam0p01_pinit0p01_fclip10p0,29,ola,global_test_mc,,,9,0.6,0.6666666666666666,899,0.9221357063403782,0.6326204414362372,0.28951526490414103,0.026027422314882278,0.6136141066689115,0.25751250987257124
bayesfl_observability_v1,ola_lr0p002_b32_e2_lam0p01_pinit0p01_fclip10p0,29,ola,global_test_mc,,,10,0.6666666666666666,0.7333333333333333,882,0.9693877551020408,0.6993178565756264,0.2700698985264144,0.02382016505002975,0.4261577258101937,0.15586983583141076
bayesfl_observability_v1,ola_lr0p002_b32_e2_lam0p01_pinit0p01_fclip10p0,29,ola,global_test_mc,,,11,0.7333333333333333,0.8,858,0.9836829836829837,0.7661400331067039,0.21754295057627981,0.01866518515944481,0.3112257970692395,0.09367818163929285
bayesfl_observability_v1,ola_lr0p002_b32_e2_lam0p01_pinit0p01_fclip10p0,29,ola,global_test_mc,,,12,0.8,0.8666666666666667,804,0.9975124378109452,0.8314270949482325,0.1660853428627127,0.013353261566162102,0.19493112633403262,0.0409618495611372
bayesfl_observability_v1,ola_lr0p002_b32_e2_lam0p01_pinit0p01_fclip10p0,29,ola,global_test_mc,,,13,0.8666666666666667,0.9333333333333333,444,0.9954954954954955,0.8941397707204561,0.1013557247750394,0.004500194180011749,0.13618388716634866,0.023710816804957284
bayesfl_observability_v1,ola_lr0p002_b32_e2_lam0p01_pinit0p01_fclip10p0,29,ola,global_test_mc,,,14,0.9333333333333333,1.0,153,1.0,0.9547949616425957,0.045205038357404304,0.0006916370868682858,0.046351310608336346,0.0034499087144949417
bayesfl_observability_v1,ola_lr0p002_b32_e2_lam0p01_pinit0p01_fclip10p0,30,ola,global_test,,,0,0.0,0.06666666666666667,0,,,,,,
bayesfl_observability_v1,ola_lr0p002_b32_e2_lam0p01_pinit0p01_fclip10p0,30,ola,global_test,,,1,0.06666666666666667,0.13333333333333333,0,,,,,,
bayesfl_observability_v1,ola_lr0p002_b32_e2_lam0p01_pinit0p01_fclip10p0,30,ola,global_test,,,2,0.13333333333333333,0.2,85,0.32941176470588235,0.18391333257450776,0.1454984321313746,0.001236736673116684,1.9144597670611214,0.8210912599283107
bayesfl_observability_v1,ola_lr0p002_b32_e2_lam0p01_pinit0p01_fclip10p0,30,ola,global_test,,,3,0.2,0.26666666666666666,619,0.3360258481421648,0.23783056842394906,0.09819527971821573,0.006078287814557554,1.7550212298918617,0.7844086817085069
bayesfl_observability_v1,ola_lr0p002_b32_e2_lam0p01_pinit0p01_fclip10p0,30,ola,global_test,,,4,0.26666666666666666,0.3333333333333333,1025,0.46731707317073173,0.30151430912134125,0.16580276404939048,0.016994783315062524,1.5507475597102467,0.7214969828070664
bayesfl_observability_v1,ola_lr0p002_b32_e2_lam0p01_pinit0p01_fclip10p0,30,ola,global_test,,,5,0.3333333333333333,0.4,1101,0.5794732061762035,0.3669492210668396,0.21252398510936388,0.023398890760540962,1.3302671952100367,0.6368691393941451
bayesfl_observability_v1,ola_lr0p002_b32_e2_lam0p01_pinit0p01_fclip10p0,30,ola,global_test,,,6,0.4,0.4666666666666667,1163,0.648323301805675,0.43317684964280856,0.21514645216286643,0.025021532386541367,1.1704938488076293,0.5667634574585912
bayesfl_observability_v1,ola_lr0p002_b32_e2_lam0p01_pinit0p01_fclip10p0,30,ola,global_test,,,7,0.4666666666666667,0.5333333333333333,1022,0.7661448140900196,0.4993510123218342,0.26679380176818535,0.02726632654070854,0.9345034798297397,0.4583447836849788
bayesfl_observability_v1,ola_lr0p002_b32_e2_lam0p01_pinit0p01_fclip10p0,30,ola,global_test,,,8,0.5333333333333333,0.6,910,0.8351648351648352,0.5671844023924607,0.2679804327723745,0.02438621938228608,0.7903523128111284,0.3714245507022837
bayesfl_observability_v1,ola_lr0p002_b32_e2_lam0p01_pinit0p01_fclip10p0,30,ola,global_test,,,9,0.6,0.6666666666666666,779,0.9216944801026957,0.6338782478817314,0.2878162322209643,0.02242088449001312,0.5817914236341729,0.24893182259775096
bayesfl_observability_v1,ola_lr0p002_b32_e2_lam0p01_pinit0p01_fclip10p0,30,ola,global_test,,,10,0.6666666666666666,0.7333333333333333,698,0.9570200573065902,0.7014913884309096,0.2555286688756806,0.017835901087522508,0.4438941912955063,0.16561157584062278
bayesfl_observability_v1,ola_lr0p002_b32_e2_lam0p01_pinit0p01_fclip10p0,30,ola,global_test,,,11,0.7333333333333333,0.8,792,0.9785353535353535,0.7666906324600933,0.2118447210752602,0.016778101909160608,0.31976056723582624,0.09996020518280942
bayesfl_observability_v1,ola_lr0p002_b32_e2_lam0p01_pinit0p01_fclip10p0,30,ola,global_test,,,12,0.8,0.8666666666666667,942,0.9915074309978769,0.8337865540809186,0.15772087691695824,0.014857306605577466,0.21082362415557707,0.049473834034221564
bayesfl_observability_v1,ola_lr0p002_b32_e2_lam0p01_pinit0p01_fclip10p0,30,ola,global_test,,,13,0.8666666666666667,0.9333333333333333,711,0.9929676511954993,0.8951244994725523,0.097843151722947,0.006956648087501531,0.13606501784589556,0.02679940865541456
bayesfl_observability_v1,ola_lr0p002_b32_e2_lam0p01_pinit0p01_fclip10p0,30,ola,global_test,,,14,0.9333333333333333,1.0,153,1.0,0.9519351241635341,0.0480648758364659,0.0007353926002979283,0.049346320562405524,0.0035739995686039083
bayesfl_observability_v1,ola_lr0p002_b32_e2_lam0p01_pinit0p01_fclip10p0,30,ola,global_test_mc,,,0,0.0,0.06666666666666667,0,,,,,,
bayesfl_observability_v1,ola_lr0p002_b32_e2_lam0p01_pinit0p01_fclip10p0,30,ola,global_test_mc,,,1,0.06666666666666667,0.13333333333333333,0,,,,,,
bayesfl_observability_v1,ola_lr0p002_b32_e2_lam0p01_pinit0p01_fclip10p0,30,ola,global_test_mc,,,2,0.13333333333333333,0.2,104,0.27884615384615385,0.1839811039658693,0.09486504988028455,0.0009865965187549593,1.940502526668402,0.8277982341555449
bayesfl_observability_v1,ola_lr0p002_b32_e2_lam0p01_pinit0p01_fclip10p0,30,ola,global_test_mc,,,3,0.2,0.26666666666666666,649,0.34668721109399075,0.2378553059554798,0.10883190513851096,0.007063190643489361,1.7541671091308946,0.7826564154933524
bayesfl_observability_v1,ola_lr0p002_b32_e2_lam0p01_pinit0p01_fclip10p0,30,ola,global_test_mc,,,4,0.26666666666666666,0.3333333333333333,1055,0.4663507109004739,0.30068210654349126,0.16566860435698266,0.017478037759661672,1.5429603772140792,0.7192020914565895
bayesfl_observability_v1,ola_lr0p002_b32_e2_lam0p01_pinit0p01_fclip10p0,30,ola,global_test_mc,,,5,0.3333333333333333,0.4,1164,0.5816151202749141,0.3668400508534048,0.2147750694215093,0.024999818080663684,1.3445837308758313,0.6399696340521996
bayesfl_observability_v1,ola_lr0p002_b32_e2_lam0p01_pinit0p01_fclip10p0,30,ola,global_test_mc,,,6,0.4,0.4666666666666667,1160,0.6672413793103448,0.4333872645322619,0.23385411477808288,0.027127077314257616,1.1399128530559868,0.5559292749598108
bayesfl_observability_v1,ola_lr0p002_b32_e2_lam0p01_pinit0p01_fclip10p0,30,ola,global_test_mc,,,7,0.4666666666666667,0.5333333333333333,1001,0.7872127872127872,0.49952604205577406,0.28768674515701315,0.028797443190217018,0.9136190224479843,0.447011244255346
bayesfl_observability_v1,ola_lr0p002_b32_e2_lam0p01_pinit0p01_fclip10p0,30,ola,global_test_mc,,,8,0.5333333333333333,0.6,899,0.8553948832035595,0.5651533709086883,0.29024151229487116,0.02609271195530892,0.7644320827172251,0.3556098475372699
bayesfl_observability_v1,ola_lr0p002_b32_e2_lam0p01_pinit0p01_fclip10p0,30,ola,global_test_mc,,,9,0.6,0.6666666666666666,784,0.9094387755102041,0.632431801104424,0.27700697440578015,0.021717346793413164,0.6095519411776747,0.2617869713742818
bayesfl_observability_v1,ola_lr0p002_b32_e2_lam0p01_pinit0p01_fclip10p0,30,ola,global_test_mc,,,10,0.6666666666666666,0.7333333333333333,727,0.9656121045392022,0.7007109619564335,0.26490114258276876,0.019258313065767287,0.43312441142585945,0.15683023910328972
bayesfl_observability_v1,ola_lr0p002_b32_e2_lam0p01_pinit0p01_fclip10p0,30,ola,global_test_mc,,,11,0.7333333333333333,0.8,809,0.9839307787391842,0.7668604717413781,0.21707030699780616,0.01756098783612252,0.3051208718892818,0.09243424630025114
bayesfl_observability_v1,ola_lr0p002_b32_e2_lam0p01_pinit0p01_fclip10p0,30,ola,global_test_mc,,,12,0.8,0.8666666666666667,892,0.9899103139013453,0.8333076413035927,0.15660267259775262,0.013968958395719534,0.21359325749924898,0.05196231843761665
bayesfl_observability_v1,ola_lr0p002_b32_e2_lam0p01_pinit0p01_fclip10p0,30,ola,global_test_mc,,,13,0.8666666666666667,0.9333333333333333,631,0.993660855784469,0.8941445790833414,0.09951627670112762,0.006279477059841152,0.1356430577967322,0.02588986787759063
bayesfl_observability_v1,ola_lr0p002_b32_e2_lam0p01_pinit0p01_fclip10p0,30,ola,global_test_mc,,,14,0.9333333333333333,1.0,125,1.0,0.9519555358886719,0.04804446411132812,0.0006005558013916015,0.04932277843356132,0.0035333563452586533
bayesfl_observability_v1,ola_lr0p002_b32_e2_lam0p01_pinit0p01_fclip10p0,31,ola,global_test,,,0,0.0,0.06666666666666667,0,,,,,,
bayesfl_observability_v1,ola_lr0p002_b32_e2_lam0p01_pinit0p01_fclip10p0,31,ola,global_test,,,1,0.06666666666666667,0.13333333333333333,0,,,,,,
bayesfl_observability_v1,ola_lr0p002_b32_e2_lam0p01_pinit0p01_fclip10p0,31,ola,global_test,,,2,0.13333333333333333,0.2,70,0.3,0.1845770748598235,0.11542292514017649,0.0008079604759812355,1.9374195201056343,0.8291354792458671
bayesfl_observability_v1,ola_lr0p002_b32_e2_lam0p01_pinit0p01_fclip10p0,31,ola,global_test,,,3,0.2,0.26666666666666666,489,0.34355828220858897,0.23949798752681364,0.10406029468177533,0.005088548409938814,1.7724830290047424,0.7899439509173356
bayesfl_observability_v1,ola_lr0p002_b32_e2_lam0p01_pinit0p01_fclip10p0,31,ola,global_test,,,4,0.26666666666666666,0.3333333333333333,895,0.45251396648044695,0.3019043946066382,0.15060957187380875,0.013479556682705882,1.541608377941494,0.7203755437994802
bayesfl_observability_v1,ola_lr0p002_b32_e2_lam0p01_pinit0p01_fclip10p0,31,ola,global_test,,,5,0.3333333333333333,0.4,1095,0.5333333333333333,0.3673456528687586,0.16598768046457474,0.018175651010870934,1.3407744468074956,0.6475468342707037
bayesfl_observability_v1,ola_lr0p002_b32_e2_lam0p01_pinit0p01_fclip10p0,31,ola,global_test,,,6,0.4,0.4666666666666667,1167,0.6066838046272494,0.4335895718267665,0.17309423280048286,0.02020009696781635,1.131694941103918,0.5665153152378788
bayesfl_observability_v1,ola_lr0p002_b32_e2_lam0p01_pinit0p01_fclip10p0,31,ola,global_test,,,7,0.4666666666666667,0.5333333333333333,1154,0.6750433275563258,0.49946806459740917,0.17557526295891662,0.020261385345458977,0.9955963791966231,0.5010812940331018
bayesfl_observability_v1,ola_lr0p002_b32_e2_lam0p01_pinit0p01_fclip10p0,31,ola,global_test,,,8,0.5333333333333333,0.6,914,0.7407002188183808,0.5652580103415107,0.1754422084768701,0.016035417854785926,0.8448041057299733,0.4241915746251655
bayesfl_observability_v1,ola_lr0p002_b32_e2_lam0p01_pinit0p01_fclip10p0,31,ola,global_test,,,9,0.6,0.6666666666666666,809,0.8133498145859085,0.6327621678192035,0.18058764676670502,0.014609540623426438,0.7121230997467513,0.34018909807773984
bayesfl_observability_v1,ola_lr0p002_b32_e2_lam0p01_pinit0p01_fclip10p0,31,ola,global_test,,,10,0.6666666666666666,0.7333333333333333,826,0.8825665859564165,0.7016069152309011,0.18095967072551533,0.014947268801927566,0.5505727028370481,0.24421199107177322
bayesfl_observability_v1,ola_lr0p002_b32_e2_lam0p01_pinit0p01_fclip10p0,31,ola,global_test,,,11,0.7333333333333333,0.8,828,0.9335748792270532,0.7659338588875849,0.16764102033946826,0.01388067648410797,0.402774074929204,0.15561360318285689
bayesfl_observability_v1,ola_lr0p002_b32_e2_lam0p01_pinit0p01_fclip10p0,31,ola,global_test,,,12,0.8,0.8666666666666667,888,0.9673423423423423,0.8340388825079342,0.13330345983440806,0.011837347233295435,0.2678766212518419,0.08483912302432833
bayesfl_observability_v1,ola_lr0p002_b32_e2_lam0p01_pinit0p01_fclip10p0,31,ola,global_test,,,13,0.8666666666666667,0.9333333333333333,652,0.9877300613496932,0.896488625579085,0.09124143577060817,0.005948941612243653,0.1434602612298142,0.03460226288319571
bayesfl_observability_v1,ola_lr0p002_b32_e2_lam0p01_pinit0p01_fclip10p0,31,ola,global_test,,,14,0.9333333333333333,1.0,213,0.9765258215962441,0.9525196115735551,0.02400621002268899,0.0005113322734832755,0.14543638965158676,0.046886331495567125
bayesfl_observability_v1,ola_lr0p002_b32_e2_lam0p01_pinit0p01_fclip10p0,31,ola,global_test_mc,,,0,0.0,0.06666666666666667,0,,,,,,
bayesfl_observability_v1,ola_lr0p002_b32_e2_lam0p01_pinit0p01_fclip10p0,31,ola,global_test_mc,,,1,0.06666666666666667,0.13333333333333333,0,,,,,,
bayesfl_observability_v1,ola_lr0p002_b32_e2_lam0p01_pinit0p01_fclip10p0,31,ola,global_test_mc,,,2,0.13333333333333333,0.2,75,0.22666666666666666,0.18460555076599122,0.04206111590067543,0.0003154583692550657,1.9724765380223592,0.8372473724683126
bayesfl_observability_v1,ola_lr0p002_b32_e2_lam0p01_pinit0p01_fclip10p0,31,ola,global_test_mc,,,3,0.2,0.26666666666666666,536,0.3376865671641791,0.2398860767594914,0.09780049040468772,0.005242106285691262,1.7532079633492141,0.7844677328396199
bayesfl_observability_v1,ola_lr0p002_b32_e2_lam0p01_pinit0p01_fclip10p0,31,ola,global_test_mc,,,4,0.26666666666666666,0.3333333333333333,927,0.45091693635382957,0.30199187177413234,0.14892506457969723,0.013805353486537933,1.5371429107464376,0.7192715682901096
bayesfl_observability_v1,ola_lr0p002_b32_e2_lam0p01_pinit0p01_fclip10p0,31,ola,global_test_mc,,,5,0.3333333333333333,0.4,1137,0.5602462620932278,0.3673415787930853,0.1929046833001425,0.0219332624912262,1.3330056512680826,0.6423485225087839
bayesfl_observability_v1,ola_lr0p002_b32_e2_lam0p01_pinit0p01_fclip10p0,31,ola,global_test_mc,,,6,0.4,0.4666666666666667,1206,0.615257048092869,0.4332885629254985,0.18196848516737046,0.021945399311184877,1.149566504542112,0.5679965461071451
bayesfl_observability_v1,ola_lr0p002_b32_e2_lam0p01_pinit0p01_fclip10p0,31,ola,global_test_mc,,,7,0.4666666666666667,0.5333333333333333,1145,0.6768558951965066,0.5003983408082521,0.1764575543882545,0.02020438997745514,0.962618251711,0.4905731704037262
bayesfl_observability_v1,ola_lr0p002_b32_e2_lam0p01_pinit0p01_fclip10p0,31,ola,global_test_mc,,,8,0.5333333333333333,0.6,899,0.743047830923248,0.5656688310810933,0.17737899984215466,0.015946372085809703,0.8552051446461704,0.4254231231330632
bayesfl_observability_v1,ola_lr0p002_b32_e2_lam0p01_pinit0p01_fclip10p0,31,ola,global_test_mc,,,9,0.6,0.6666666666666666,820,0.8365853658536585,0.6338641992429408,0.2027211666107177,0.01662313566207885,0.6686569485359075,0.31677922646446927
bayesfl_observability_v1,ola_lr0p002_b32_e2_lam0p01_pinit0p01_fclip10p0,31,ola,global_test_mc,,,10,0.6666666666666666,0.7333333333333333,813,0.8696186961869619,0.7002213726331094,0.1693973235538525,0.013772002404928211,0.580847749740875,0.2599613394446185
bayesfl_observability_v1,ola_lr0p002_b32_e2_lam0p01_pinit0p01_fclip10p0,31,ola,global_test_mc,,,11,0.7333333333333333,0.8,818,0.9547677261613692,0.766537977897159,0.18822974826421013,0.015397193408012388,0.3632885737203444,0.12931013429733243
bayesfl_observability_v1,ola_lr0p002_b32_e2_lam0p01_pinit0p01_fclip10p0,31,ola,global_test_mc,,,12,0.8,0.8666666666666667,865,0.9722543352601156,0.8333304349397648,0.13892390032035085,0.012016917377710348,0.2560038601042907,0.07750922322402455
bayesfl_observability_v1,ola_lr0p002_b32_e2_lam0p01_pinit0p01_fclip10p0,31,ola,global_test_mc,,,13,0.8666666666666667,0.9333333333333333,580,0.9913793103448276,0.8961012059244616,0.095278104420366,0.005526130056381228,0.1350566461810778,0.02912919416477711
bayesfl_observability_v1,ola_lr0p002_b32_e2_lam0p01_pinit0p01_fclip10p0,31,ola,global_test_mc,,,14,0.9333333333333333,1.0,179,0.9720670391061452,0.9521267780378544,0.019940261068290832,0.0003569306731224059,0.1632264703304075,0.05508381801129933
bayesfl_observability_v1,ola_lr0p002_b32_e2_lam0p01_pinit0p01_fclip10p0,32,ola,global_test,,,0,0.0,0.06666666666666667,0,,,,,,
bayesfl_observability_v1,ola_lr0p002_b32_e2_lam0p01_pinit0p01_fclip10p0,32,ola,global_test,,,1,0.06666666666666667,0.13333333333333333,0,,,,,,
bayesfl_observability_v1,ola_lr0p002_b32_e2_lam0p01_pinit0p01_fclip10p0,32,ola,global_test,,,2,0.13333333333333333,0.2,90,0.3,0.18158361944887375,0.11841638055112624,0.0010657474249601362,1.924174764421251,0.8250248240100013
bayesfl_observability_v1,ola_lr0p002_b32_e2_lam0p01_pinit0p01_fclip10p0,32,ola,global_test,,,3,0.2,0.26666666666666666,487,0.3839835728952772,0.23787266624904022,0.14611090664623697,0.00711560115367174,1.7324235405030926,0.7728755442268794
bayesfl_observability_v1,ola_lr0p002_b32_e2_lam0p01_pinit0p01_fclip10p0,32,ola,global_test,,,4,0.26666666666666666,0.3333333333333333,876,0.4737442922374429,0.3005719032801994,0.17317238895724352,0.015169901272654534,1.5045615406069037,0.7069497369059689
bayesfl_observability_v1,ola_lr0p002_b32_e2_lam0p01_pinit0p01_fclip10p0,32,ola,global_test,,,5,0.3333333333333333,0.4,1102,0.5816696914700544,0.3673431283495171,0.21432656312053733,0.023618787255883213,1.2831702175568755,0.6221801292171496
bayesfl_observability_v1,ola_lr0p002_b32_e2_lam0p01_pinit0p01_fclip10p0,32,ola,global_test,,,6,0.4,0.4666666666666667,1128,0.6657801418439716,0.43343107444597473,0.23234906739799688,0.02620897480249405,1.06645453039636,0.5323144970263572
bayesfl_observability_v1,ola_lr0p002_b32_e2_lam0p01_pinit0p01_fclip10p0,32,ola,global_test,,,7,0.4666666666666667,0.5333333333333333,960,0.7197916666666667,0.4990613909127812,0.22073027575388554,0.021190106472373012,0.9584277574593822,0.4745913372375071
bayesfl_observability_v1,ola_lr0p002_b32_e2_lam0p01_pinit0p01_fclip10p0,32,ola,global_test,,,8,0.5333333333333333,0.6,824,0.8385922330097088,0.5658670299261519,0.27272520308355686,0.022472556734085086,0.7640438016178539,0.35907137571173964
bayesfl_observability_v1,ola_lr0p002_b32_e2_lam0p01_pinit0p01_fclip10p0,32,ola,global_test,,,9,0.6,0.6666666666666666,754,0.8687002652519894,0.6322715718803102,0.23642869337167915,0.01782672348022461,0.6542023053536048,0.2917248111623352
bayesfl_observability_v1,ola_lr0p002_b32_e2_lam0p01_pinit0p01_fclip10p0,32,ola,global_test,,,10,0.6666666666666666,0.7333333333333333,738,0.943089430894309,0.7002149364004936,0.24287449449381537,0.017924137693643576,0.4668795116710146,0.17756318546286443
bayesfl_observability_v1,ola_lr0p002_b32_e2_lam0p01_pinit0p01_fclip10p0,32,ola,global_test,,,11,0.7333333333333333,0.8,870,0.9517241379310345,0.7671748124319931,0.18454932549904135,0.0160557913184166,0.3834408171046739,0.1329644015208743
bayesfl_observability_v1,ola_lr0p002_b32_e2_lam0p01_pinit0p01_fclip10p0,32,ola,global_test,,,12,0.8,0.8666666666666667,1023,0.9794721407624634,0.8336869016770394,0.14578523908542396,0.01491382995843887,0.23923825279591954,0.06584586461101051
bayesfl_observability_v1,ola_lr0p002_b32_e2_lam0p01_pinit0p01_fclip10p0,32,ola,global_test,,,13,0.8666666666666667,0.9333333333333333,677,0.9852289512555391,0.8967389224022847,0.08849002885325441,0.005990774953365324,0.16642206978806717,0.039581150488523516
bayesfl_observability_v1,ola_lr0p002_b32_e2_lam0p01_pinit0p01_fclip10p0,32,ola,global_test,,,14,0.9333333333333333,1.0,471,1.0,0.9650586881455342,0.034941311854465806,0.0016457357883453395,0.035749991188585094,0.002060236792120763
bayesfl_observability_v1,ola_lr0p002_b32_e2_lam0p01_pinit0p01_fclip10p0,32,ola,global_test_mc,,,0,0.0,0.06666666666666667,0,,,,,,
bayesfl_observability_v1,ola_lr0p002_b32_e2_lam0p01_pinit0p01_fclip10p0,32,ola,global_test_mc,,,1,0.06666666666666667,0.13333333333333333,0,,,,,,
bayesfl_observability_v1,ola_lr0p002_b32_e2_lam0p01_pinit0p01_fclip10p0,32,ola,global_test_mc,,,2,0.13333333333333333,0.2,97,0.31958762886597936,0.18139227303033023,0.13819535583564913,0.0013404949516057966,1.9356112799693628,0.8272314071655273
bayesfl_observability_v1,ola_lr0p002_b32_e2_lam0p01_pinit0p01_fclip10p0,32,ola,global_test_mc,,,3,0.2,0.26666666666666666,531,0.3879472693032015,0.2383331704442784,0.1496140988589231,0.007944508649408818,1.7287677423204182,0.7745632182406841
bayesfl_observability_v1,ola_lr0p002_b32_e2_lam0p01_pinit0p01_fclip10p0,32,ola,global_test_mc,,,4,0.26666666666666666,0.3333333333333333,908,0.4845814977973568,0.30225491435123436,0.18232658344612246,0.01655525377690792,1.4894140123795834,0.7000341563104008
bayesfl_observability_v1,ola_lr0p002_b32_e2_lam0p01_pinit0p01_fclip10p0,32,ola,global_test_mc,,,5,0.3333333333333333,0.4,1137,0.594547053649956,0.3673723124314948,0.22717474121846115,0.025829768076539035,1.2892880019328001,0.6224403023038292
bayesfl_observability_v1,ola_lr0p002_b32_e2_lam0p01_pinit0p01_fclip10p0,32,ola,global_test_mc,,,6,0.4,0.4666666666666667,1104,0.6648550724637681,0.43222175500747084,0.23263331745629723,0.025682718247175218,1.0733008577447871,0.5369805732768946
bayesfl_observability_v1,ola_lr0p002_b32_e2_lam0p01_pinit0p01_fclip10p0,32,ola,global_test_mc,,,7,0.4666666666666667,0.5333333333333333,994,0.7364185110663984,0.49896231044825895,0.2374562006181395,0.023603146341443063,0.9430900943471152,0.46574981288770795
bayesfl_observability_v1,ola_lr0p002_b32_e2_lam0p01_pinit0p01_fclip10p0,32,ola,global_test_mc,,,8,0.5333333333333333,0.6,851,0.8437132784958872,0.5654368563768586,0.2782764221190286,0.023681323522329333,0.764917137059706,0.3562155310786849
bayesfl_observability_v1,ola_lr0p002_b32_e2_lam0p01_pinit0p01_fclip10p0,32,ola,global_test_mc,,,9,0.6,0.6666666666666666,751,0.881491344873502,0.6340953244191512,0.24739602045435083,0.018579441136121748,0.6350753949421859,0.279137787524457
bayesfl_observability_v1,ola_lr0p002_b32_e2_lam0p01_pinit0p01_fclip10p0,32,ola,global_test_mc,,,10,0.6666666666666666,0.7333333333333333,741,0.9338731443994602,0.7017168113898974,0.23215633300956284,0.017202784276008607,0.4851790968223139,0.1880802488339092
bayesfl_observability_v1,ola_lr0p002_b32_e2_lam0p01_pinit0p01_fclip10p0,32,ola,global_test_mc,,,11,0.7333333333333333,0.8,840,0.9619047619047619,0.7676133284966151,0.1942914334081468,0.01632048040628433,0.3585938166294779,0.11924018716173512
bayesfl_observability_v1,ola_lr0p002_b32_e2_lam0p01_pinit0p01_fclip10p0,32,ola,global_test_mc,,,12,0.8,0.8666666666666667,993,0.9848942598187311,0.8323592238675912,0.15253503595113993,0.015146729069948196,0.22436353805862286,0.05790189101594272
bayesfl_observability_v1,ola_lr0p002_b32_e2_lam0p01_pinit0p01_fclip10p0,32,ola,global_test_mc,,,13,0.8666666666666667,0.9333333333333333,613,0.9804241435562806,0.8969398588185209,0.0834842847377597,0.00511758665442467,0.18143743763983153,0.04749988472441646
bayesfl_observability_v1,ola_lr0p002_b32_e2_lam0p01_pinit0p01_fclip10p0,32,ola,global_test_mc,,,14,0.9333333333333333,1.0,440,1.0,0.9641769531098279,0.03582304689017213,0.0015762140631675736,0.03666180083104833,0.0021314699029393192
bayesfl_observability_v1,ola_lr0p002_b32_e2_lam0p01_pinit0p01_fclip10p0,33,ola,global_test,,,0,0.0,0.06666666666666667,0,,,,,,
bayesfl_observability_v1,ola_lr0p002_b32_e2_lam0p01_pinit0p01_fclip10p0,33,ola,global_test,,,1,0.06666666666666667,0.13333333333333333,0,,,,,,
bayesfl_observability_v1,ola_lr0p002_b32_e2_lam0p01_pinit0p01_fclip10p0,33,ola,global_test,,,2,0.13333333333333333,0.2,79,0.3037974683544304,0.18404588065569913,0.11975158769873126,0.000946037542819977,1.8644776766813254,0.812817429439931
bayesfl_observability_v1,ola_lr0p002_b32_e2_lam0p01_pinit0p01_fclip10p0,33,ola,global_test,,,3,0.2,0.26666666666666666,489,0.35173824130879344,0.2383944114902512,0.11334382981854224,0.005542513278126716,1.765837091853526,0.7873492611454065
bayesfl_observability_v1,ola_lr0p002_b32_e2_lam0p01_pinit0p01_fclip10p0,33,ola,global_test,,,4,0.26666666666666666,0.3333333333333333,880,0.4659090909090909,0.30142664184624496,0.16448244906284593,0.014474455517530441,1.5181338307532397,0.708956291391091
bayesfl_observability_v1,ola_lr0p002_b32_e2_lam0p01_pinit0p01_fclip10p0,33,ola,global_test,,,5,0.3333333333333333,0.4,1066,0.5422138836772983,0.36771815607069136,0.17449572760660692,0.018601244562864296,1.3009391828504782,0.6375818655426014
bayesfl_observability_v1,ola_lr0p002_b32_e2_lam0p01_pinit0p01_fclip10p0,33,ola,global_test,,,6,0.4,0.4666666666666667,1024,0.6689453125,0.43378645917982794,0.23515885332017206,0.024080266579985618,1.1388638775097206,0.5548832341155503
bayesfl_observability_v1,ola_lr0p002_b32_e2_lam0p01_pinit0p01_fclip10p0,33,ola,global_test,,,7,0.4666666666666667,0.5333333333333333,858,0.7634032634032634,0.49870299952569264,0.26470026387757073,0.02271128264069557,0.9580975730658133,0.45867473272593706
bayesfl_observability_v1,ola_lr0p002_b32_e2_lam0p01_pinit0p01_fclip10p0,33,ola,global_test,,,8,0.5333333333333333,0.6,752,0.836436170212766,0.5659898008279344,0.2704463693848316,0.020337566977739335,0.8085492131240825,0.36897671224668305
bayesfl_observability_v1,ola_lr0p002_b32_e2_lam0p01_pinit0p01_fclip10p0,33,ola,global_test,,,9,0.6,0.6666666666666666,763,0.9069462647444299,0.6337920017198685,0.27315426302456136,0.020841670268774034,0.618215165202302,0.26197043826820654
bayesfl_observability_v1,ola_lr0p002_b32_e2_lam0p01_pinit0p01_fclip10p0,33,ola,global_test,,,10,0.6666666666666666,0.7333333333333333,836,0.965311004784689,0.7001119396475514,0.26519906513713765,0.022170641845464707,0.43607853609694247,0.15543906388884526
bayesfl_observability_v1,ola_lr0p002_b32_e2_lam0p01_pinit0p01_fclip10p0,33,ola,global_test,,,11,0.7333333333333333,0.8,908,0.9790748898678414,0.7677215941677009,0.2113532957001405,0.019190879249572756,0.3214363304463252,0.09756410872719624
bayesfl_observability_v1,ola_lr0p002_b32_e2_lam0p01_pinit0p01_fclip10p0,33,ola,global_test,,,12,0.8,0.8666666666666667,1089,0.9963269054178145,0.8332790524396905,0.16304785297812407,0.017755911189317714,0.19179089316761308,0.04102018756896285
bayesfl_observability_v1,ola_lr0p002_b32_e2_lam0p01_pinit0p01_fclip10p0,33,ola,global_test,,,13,0.8666666666666667,0.9333333333333333,802,0.9950124688279302,0.8986243914041733,0.09638807742375688,0.007730323809385301,0.12626778783086232,0.022549979723153864
bayesfl_observability_v1,ola_lr0p002_b32_e2_lam0p01_pinit0p01_fclip10p0,33,ola,global_test,,,14,0.9333333333333333,1.0,454,1.0,0.9559907477332632,0.0440092522667368,0.0019980200529098506,0.04511729375529001,0.0028200900035134377
bayesfl_observability_v1,ola_lr0p002_b32_e2_lam0p01_pinit0p01_fclip10p0,33,ola,global_test_mc,,,0,0.0,0.06666666666666667,0,,,,,,
bayesfl_observability_v1,ola_lr0p002_b32_e2_lam0p01_pinit0p01_fclip10p0,33,ola,global_test_mc,,,1,0.06666666666666667,0.13333333333333333,0,,,,,,
bayesfl_observability_v1,ola_lr0p002_b32_e2_lam0p01_pinit0p01_fclip10p0,33,ola,global_test_mc,,,2,0.13333333333333333,0.2,90,0.3333333333333333,0.1855058847202195,0.1478274486131138,0.0013304470375180243,1.8592533999019198,0.8110595901807149
bayesfl_observability_v1,ola_lr0p002_b32_e2_lam0p01_pinit0p01_fclip10p0,33,ola,global_test_mc,,,3,0.2,0.26666666666666666,505,0.36633663366336633,0.2374337390507802,0.12890289461258614,0.006509596177935601,1.7764775219530162,0.7887839625377466
bayesfl_observability_v1,ola_lr0p002_b32_e2_lam0p01_pinit0p01_fclip10p0,33,ola,global_test_mc,,,4,0.26666666666666666,0.3333333333333333,925,0.48,0.30161418534613943,0.17838581465386055,0.016500687855482102,1.516855470038749,0.7094440398989497
bayesfl_observability_v1,ola_lr0p002_b32_e2_lam0p01_pinit0p01_fclip10p0,33,ola,global_test_mc,,,5,0.3333333333333333,0.4,1110,0.5738738738738739,0.36741537392676415,0.20645849994710974,0.02291689349412918,1.2870249304148529,0.6311985353628794
bayesfl_observability_v1,ola_lr0p002_b32_e2_lam0p01_pinit0p01_fclip10p0,33,ola,global_test_mc,,,6,0.4,0.4666666666666667,1004,0.6603585657370518,0.43311010280334616,0.2272484629337056,0.022815745678544042,1.154790889635029,0.5582713493669176
bayesfl_observability_v1,ola_lr0p002_b32_e2_lam0p01_pinit0p01_fclip10p0,33,ola,global_test_mc,,,7,0.4666666666666667,0.5333333333333333,890,0.7764044943820225,0.49875943818119134,0.2776450562008312,0.024710410001873975,0.9352824689966909,0.44814952253625634
bayesfl_observability_v1,ola_lr0p002_b32_e2_lam0p01_pinit0p01_fclip10p0,33,ola,global_test_mc,,,8,0.5333333333333333,0.6,763,0.8479685452162516,0.5672210923653599,0.28074745285089175,0.02142103065252304,0.7979488857139297,0.36007894138130575
bayesfl_observability_v1,ola_lr0p002_b32_e2_lam0p01_pinit0p01_fclip10p0,33,ola,global_test_mc,,,9,0.6,0.6666666666666666,772,0.9093264248704663,0.6336989629762778,0.2756274618941885,0.021278440058231353,0.6171679817950787,0.2606147315179437
bayesfl_observability_v1,ola_lr0p002_b32_e2_lam0p01_pinit0p01_fclip10p0,33,ola,global_test_mc,,,10,0.6666666666666666,0.7333333333333333,864,0.9699074074074074,0.6998187734021081,0.27008863400529937,0.023335657978057863,0.4229424268835121,0.1492381163665818
bayesfl_observability_v1,ola_lr0p002_b32_e2_lam0p01_pinit0p01_fclip10p0,33,ola,global_test_mc,,,11,0.7333333333333333,0.8,918,0.9847494553376906,0.7686061152056152,0.21614334013207548,0.01984195862412453,0.3043936678169859,0.08874301090106076
bayesfl_observability_v1,ola_lr0p002_b32_e2_lam0p01_pinit0p01_fclip10p0,33,ola,global_test_mc,,,12,0.8,0.8666666666666667,1015,0.9950738916256158,0.8328518216833105,0.16222206994230526,0.016465540099143985,0.19810463420569602,0.04341891641210159
bayesfl_observability_v1,ola_lr0p002_b32_e2_lam0p01_pinit0p01_fclip10p0,33,ola,global_test_mc,,,13,0.8666666666666667,0.9333333333333333,763,0.9973787680209698,0.8990413500472103,0.0983374179737595,0.007503144991397849,0.11676026884647059,0.01839715877040088
bayesfl_observability_v1,ola_lr0p002_b32_e2_lam0p01_pinit0p01_fclip10p0,33,ola,global_test_mc,,,14,0.9333333333333333,1.0,381,1.0,0.9553329171783967,0.044667082821603254,0.0017018158555030841,0.04579812008398646,0.002866762427929691
bayesfl_observability_v1,ola_lr0p002_b32_e2_lam0p01_pinit0p01_fclip10p0,34,ola,global_test,,,0,0.0,0.06666666666666667,0,,,,,,
bayesfl_observability_v1,ola_lr0p002_b32_e2_lam0p01_pinit0p01_fclip10p0,34,ola,global_test,,,1,0.06666666666666667,0.13333333333333333,0,,,,,,
bayesfl_observability_v1,ola_lr0p002_b32_e2_lam0p01_pinit0p01_fclip10p0,34,ola,global_test,,,2,0.13333333333333333,0.2,68,0.20588235294117646,0.18490978593335433,0.02097256700782213,0.00014261345565319048,1.9497248249895431,0.8382651560446795
bayesfl_observability_v1,ola_lr0p002_b32_e2_lam0p01_pinit0p01_fclip10p0,34,ola,global_test,,,3,0.2,0.26666666666666666,462,0.29004329004329005,0.23909439314237405,0.050948896900916,0.0023538390368223194,1.8104874153673907,0.8017308540416487
bayesfl_observability_v1,ola_lr0p002_b32_e2_lam0p01_pinit0p01_fclip10p0,34,ola,global_test,,,4,0.26666666666666666,0.3333333333333333,804,0.4427860696517413,0.30201461481217723,0.14077145483956405,0.01131802496910095,1.5713758490868468,0.7289810462377557
bayesfl_observability_v1,ola_lr0p002_b32_e2_lam0p01_pinit0p01_fclip10p0,34,ola,global_test,,,5,0.3333333333333333,0.4,966,0.5248447204968945,0.36702103403784475,0.1578236864590497,0.015245768111944202,1.4005845747502448,0.6667603240435168
bayesfl_observability_v1,ola_lr0p002_b32_e2_lam0p01_pinit0p01_fclip10p0,34,ola,global_test,,,6,0.4,0.4666666666666667,963,0.6812045690550363,0.43266749069450555,0.2485370783605308,0.023934120646119116,1.1618568871870467,0.56507960129007
bayesfl_observability_v1,ola_lr0p002_b32_e2_lam0p01_pinit0p01_fclip10p0,34,ola,global_test,,,7,0.4666666666666667,0.5333333333333333,913,0.7765607886089814,0.5000807263307999,0.27648006227818145,0.025242629685997966,0.97195965051651,0.46534907158468275
bayesfl_observability_v1,ola_lr0p002_b32_e2_lam0p01_pinit0p01_fclip10p0,34,ola,global_test,,,8,0.5333333333333333,0.6,891,0.8933782267115601,0.5669123330367802,0.32646589367477985,0.029088111126422882,0.7396363943112819,0.3294259227987893
bayesfl_observability_v1,ola_lr0p002_b32_e2_lam0p01_pinit0p01_fclip10p0,34,ola,global_test,,,9,0.6,0.6666666666666666,825,0.9321212121212121,0.6341221216230681,0.297999090498144,0.024584924966096877,0.5925519327322643,0.2421884825554761
bayesfl_observability_v1,ola_lr0p002_b32_e2_lam0p01_pinit0p01_fclip10p0,34,ola,global_test,,,10,0.6666666666666666,0.7333333333333333,929,0.9590958019375673,0.7006444719302256,0.25845133000734166,0.02401012855768204,0.45491441795592413,0.1643074755150869
bayesfl_observability_v1,ola_lr0p002_b32_e2_lam0p01_pinit0p01_fclip10p0,34,ola,global_test,,,11,0.7333333333333333,0.8,975,0.9774358974358974,0.7688301309561119,0.20860576647978557,0.020339062231779094,0.3304133158463698,0.10087362700930008
bayesfl_observability_v1,ola_lr0p002_b32_e2_lam0p01_pinit0p01_fclip10p0,34,ola,global_test,,,12,0.8,0.8666666666666667,930,0.9881720430107527,0.8314617289650825,0.15671031404567015,0.014574059206247323,0.22590959567216135,0.055818310341927954
bayesfl_observability_v1,ola_lr0p002_b32_e2_lam0p01_pinit0p01_fclip10p0,34,ola,global_test,,,13,0.8666666666666667,0.9333333333333333,680,0.9955882352941177,0.8983353361487388,0.09725289914537882,0.00661319714188576,0.12817606554531,0.022014008366557605
bayesfl_observability_v1,ola_lr0p002_b32_e2_lam0p01_pinit0p01_fclip10p0,34,ola,global_test,,,14,0.9333333333333333,1.0,594,1.0,0.963559528894296,0.03644047110570403,0.0021645639836788194,0.037287796710332485,0.0022805863460412445
bayesfl_observability_v1,ola_lr0p002_b32_e2_lam0p01_pinit0p01_fclip10p0,34,ola,global_test_mc,,,0,0.0,0.06666666666666667,0,,,,,,
bayesfl_observability_v1,ola_lr0p002_b32_e2_lam0p01_pinit0p01_fclip10p0,34,ola,global_test_mc,,,1,0.06666666666666667,0.13333333333333333,0,,,,,,
bayesfl_observability_v1,ola_lr0p002_b32_e2_lam0p01_pinit0p01_fclip10p0,34,ola,global_test_mc,,,2,0.13333333333333333,0.2,66,0.22727272727272727,0.18619914194851211,0.04107358532421515,0.00027108566313982003,1.9598541837750059,0.8400704282702822
bayesfl_observability_v1,ola_lr0p002_b32_e2_lam0p01_pinit0p01_fclip10p0,34,ola,global_test_mc,,,3,0.2,0.26666666666666666,502,0.31274900398406374,0.23872338057276737,0.07402562341129637,0.003716086295247078,1.8080473853297443,0.8003734467751477
bayesfl_observability_v1,ola_lr0p002_b32_e2_lam0p01_pinit0p01_fclip10p0,34,ola,global_test_mc,,,4,0.26666666666666666,0.3333333333333333,819,0.42735042735042733,0.3013340759845007,0.12601635136592665,0.010320739176869393,1.5747807232597082,0.7304908501505124
bayesfl_observability_v1,ola_lr0p002_b32_e2_lam0p01_pinit0p01_fclip10p0,34,ola,global_test_mc,,,5,0.3333333333333333,0.4,991,0.544904137235116,0.36730090812164407,0.17760322911347193,0.017600480005145067,1.3775333410315027,0.6583985050258675
bayesfl_observability_v1,ola_lr0p002_b32_e2_lam0p01_pinit0p01_fclip10p0,34,ola,global_test_mc,,,6,0.4,0.4666666666666667,973,0.6731757451181911,0.43269442841180916,0.24048131670638195,0.023398832115530965,1.1640951401895756,0.5641184281347222
bayesfl_observability_v1,ola_lr0p002_b32_e2_lam0p01_pinit0p01_fclip10p0,34,ola,global_test_mc,,,7,0.4666666666666667,0.5333333333333333,926,0.7937365010799136,0.4985709429173439,0.2951655581625697,0.027332330685853952,0.952524672767256,0.453034045146557
bayesfl_observability_v1,ola_lr0p002_b32_e2_lam0p01_pinit0p01_fclip10p0,34,ola,global_test_mc,,,8,0.5333333333333333,0.6,928,0.8825431034482759,0.5660839636392635,0.3164591398090124,0.02936740817427635,0.768061850669569,0.33973396413734763
bayesfl_observability_v1,ola_lr0p002_b32_e2_lam0p01_pinit0p01_fclip10p0,34,ola,global_test_mc,,,9,0.6,0.6666666666666666,831,0.9446450060168472,0.6330819157199883,0.3115630902968589,0.025890892803668977,0.5624219481838882,0.22936261749224543
bayesfl_observability_v1,ola_lr0p002_b32_e2_lam0p01_pinit0p01_fclip10p0,34,ola,global_test_mc,,,10,0.6666666666666666,0.7333333333333333,942,0.9617834394904459,0.6986478953731035,0.2631355441173424,0.024787368255853655,0.4550016595173287,0.16380095106970732
bayesfl_observability_v1,ola_lr0p002_b32_e2_lam0p01_pinit0p01_fclip10p0,34,ola,global_test_mc,,,11,0.7333333333333333,0.8,986,0.9756592292089249,0.7673068735710747,0.20835235563785015,0.020543542265892025,0.33206271629546286,0.10336328824532443
bayesfl_observability_v1,ola_lr0p002_b32_e2_lam0p01_pinit0p01_fclip10p0,34,ola,global_test_mc,,,12,0.8,0.8666666666666667,838,0.9892601431980907,0.8316105870187709,0.15764955617931986,0.013211032807827004,0.22248397139845713,0.054024702764887515
bayesfl_observability_v1,ola_lr0p002_b32_e2_lam0p01_pinit0p01_fclip10p0,34,ola,global_test_mc,,,13,0.8666666666666667,0.9333333333333333,650,0.9953846153846154,0.8983246264090905,0.09705998897552492,0.00630889928340912,0.12836302670148703,0.022351995949418498
bayesfl_observability_v1,ola_lr0p002_b32_e2_lam0p01_pinit0p01_fclip10p0,34,ola,global_test_mc,,,14,0.9333333333333333,1.0,548,1.0,0.9634026711004494,0.036597328899550585,0.002005533623695372,0.03744239435296669,0.002276121309484824
bayesfl_observability_v1,ola_lr0p002_b32_e2_lam0p01_pinit0p01_fclip10p0,35,ola,global_test,,,0,0.0,0.06666666666666667,0,,,,,,
bayesfl_observability_v1,ola_lr0p002_b32_e2_lam0p01_pinit0p01_fclip10p0,35,ola,global_test,,,1,0.06666666666666667,0.13333333333333333,0,,,,,,
bayesfl_observability_v1,ola_lr0p002_b32_e2_lam0p01_pinit0p01_fclip10p0,35,ola,global_test,,,2,0.13333333333333333,0.2,23,0.30434782608695654,0.18119910165019656,0.12314872443675998,0.00028324206620454793,1.8558105023010918,0.8176843394403872
bayesfl_observability_v1,ola_lr0p002_b32_e2_lam0p01_pinit0p01_fclip10p0,35,ola,global_test,,,3,0.2,0.26666666666666666,294,0.3231292517006803,0.24235703755600924,0.08077221414467106,0.002374703095853329,1.7181079257913188,0.7827285816069363
bayesfl_observability_v1,ola_lr0p002_b32_e2_lam0p01_pinit0p01_fclip10p0,35,ola,global_test,,,4,0.26666666666666666,0.3333333333333333,706,0.3980169971671388,0.30354289845603044,0.09447409871110835,0.00666987136900425,1.5659817590591927,0.7330677735569119
bayesfl_observability_v1,ola_lr0p002_b32_e2_lam0p01_pinit0p01_fclip10p0,35,ola,global_test,,,5,0.3333333333333333,0.4,967,0.49741468459152016,0.3678811745411854,0.12953351005033475,0.01252589042186737,1.3574989009667824,0.6632026022506229
bayesfl_observability_v1,ola_lr0p002_b32_e2_lam0p01_pinit0p01_fclip10p0,35,ola,global_test,,,6,0.4,0.4666666666666667,1061,0.5598491988689915,0.4348141977126367,0.12503500115635485,0.01326621362268925,1.1824145386738107,0.5923028680707463
bayesfl_observability_v1,ola_lr0p002_b32_e2_lam0p01_pinit0p01_fclip10p0,35,ola,global_test,,,7,0.4666666666666667,0.5333333333333333,1067,0.6326148078725399,0.4989646602816524,0.1336501475908875,0.014260470747947696,1.0734893450585055,0.5400115230592926
bayesfl_observability_v1,ola_lr0p002_b32_e2_lam0p01_pinit0p01_fclip10p0,35,ola,global_test,,,8,0.5333333333333333,0.6,896,0.6986607142857143,0.5665120077984673,0.13214870648724697,0.011840524101257329,0.9325151122840387,0.4720358052623591
bayesfl_observability_v1,ola_lr0p002_b32_e2_lam0p01_pinit0p01_fclip10p0,35,ola,global_test,,,9,0.6,0.6666666666666666,818,0.784841075794621,0.6325613799479888,0.15227969584663226,0.012456479120254518,0.7995474664608249,0.38050755920357693
bayesfl_observability_v1,ola_lr0p002_b32_e2_lam0p01_pinit0p01_fclip10p0,35,ola,global_test,,,10,0.6666666666666666,0.7333333333333333,891,0.8641975308641975,0.7009445071621776,0.16325302370201988,0.014545844411849973,0.61759634170468,0.27005419018025084
bayesfl_observability_v1,ola_lr0p002_b32_e2_lam0p01_pinit0p01_fclip10p0,35,ola,global_test,,,11,0.7333333333333333,0.8,961,0.9032258064516129,0.7674830408299751,0.13574276562163778,0.013044879776239393,0.478227330900876,0.19794667792059753
bayesfl_observability_v1,ola_lr0p002_b32_e2_lam0p01_pinit0p01_fclip10p0,35,ola,global_test,,,12,0.8,0.8666666666666667,949,0.9610115911485775,0.8325013634527948,0.12851022769578269,0.012195620608329778,0.28382980953843123,0.09573960325654177
bayesfl_observability_v1,ola_lr0p002_b32_e2_lam0p01_pinit0p01_fclip10p0,35,ola,global_test,,,13,0.8666666666666667,0.9333333333333333,787,0.9796696315120712,0.8995860220516501,0.08008360946042115,0.006302580064535144,0.17679126192419167,0.049023837208501723
bayesfl_observability_v1,ola_lr0p002_b32_e2_lam0p01_pinit0p01_fclip10p0,35,ola,global_test,,,14,0.9333333333333333,1.0,580,0.9982758620689656,0.958970232153761,0.03930562991520459,0.002279726535081866,0.048192478255529345,0.005724676623579179
bayesfl_observability_v1,ola_lr0p002_b32_e2_lam0p01_pinit0p01_fclip10p0,35,ola,global_test_mc,,,0,0.0,0.06666666666666667,0,,,,,,
bayesfl_observability_v1,ola_lr0p002_b32_e2_lam0p01_pinit0p01_fclip10p0,35,ola,global_test_mc,,,1,0.06666666666666667,0.13333333333333333,0,,,,,,
bayesfl_observability_v1,ola_lr0p002_b32_e2_lam0p01_pinit0p01_fclip10p0,35,ola,global_test_mc,,,2,0.13333333333333333,0.2,27,0.25925925925925924,0.18374048725322442,0.07551877200603482,0.000203900684416294,1.9209470130779125,0.8322205300684329
bayesfl_observability_v1,ola_lr0p002_b32_e2_lam0p01_pinit0p01_fclip10p0,35,ola,global_test_mc,,,3,0.2,0.26666666666666666,310,0.267741935483871,0.2413497756565771,0.0263921598272939,0.0008181569546461109,1.7616786418422576,0.7954172545863736
bayesfl_observability_v1,ola_lr0p002_b32_e2_lam0p01_pinit0p01_fclip10p0,35,ola,global_test_mc,,,4,0.26666666666666666,0.3333333333333333,767,0.39895697522816165,0.30310903223428143,0.09584794299388022,0.007351537227630612,1.5430704934966921,0.7282448870262236
bayesfl_observability_v1,ola_lr0p002_b32_e2_lam0p01_pinit0p01_fclip10p0,35,ola,global_test_mc,,,5,0.3333333333333333,0.4,986,0.49594320486815413,0.367381859925891,0.12856134494226312,0.012676148611307144,1.3450724698950747,0.6613983065494418
bayesfl_observability_v1,ola_lr0p002_b32_e2_lam0p01_pinit0p01_fclip10p0,35,ola,global_test_mc,,,6,0.4,0.4666666666666667,1092,0.5943223443223443,0.4343962248810482,0.15992611944129614,0.01746393224298954,1.1794870979401655,0.5834534562059811
bayesfl_observability_v1,ola_lr0p002_b32_e2_lam0p01_pinit0p01_fclip10p0,35,ola,global_test_mc,,,7,0.4666666666666667,0.5333333333333333,1063,0.6378174976481655,0.49867049330601915,0.13914700434214639,0.014791326561570162,1.0543431743404714,0.5336677959979085
bayesfl_observability_v1,ola_lr0p002_b32_e2_lam0p01_pinit0p01_fclip10p0,35,ola,global_test_mc,,,8,0.5333333333333333,0.6,923,0.6933911159263272,0.5662942692750453,0.12709684665128185,0.011731038945913316,0.972421537047476,0.48247552718785575
bayesfl_observability_v1,ola_lr0p002_b32_e2_lam0p01_pinit0p01_fclip10p0,35,ola,global_test_mc,,,9,0.6,0.6666666666666666,840,0.8154761904761905,0.6326871769059272,0.18278901357026323,0.015354277139902112,0.7512143036439305,0.35136865318885874
bayesfl_observability_v1,ola_lr0p002_b32_e2_lam0p01_pinit0p01_fclip10p0,35,ola,global_test_mc,,,10,0.6666666666666666,0.7333333333333333,854,0.8688524590163934,0.7004298950944629,0.16842256392193056,0.014383286958932871,0.6084685975061925,0.2655864643146757
bayesfl_observability_v1,ola_lr0p002_b32_e2_lam0p01_pinit0p01_fclip10p0,35,ola,global_test_mc,,,11,0.7333333333333333,0.8,967,0.9152016546018614,0.7670550959063415,0.14814655869551996,0.014325772225856782,0.44896315888818566,0.18124245809084874
bayesfl_observability_v1,ola_lr0p002_b32_e2_lam0p01_pinit0p01_fclip10p0,35,ola,global_test_mc,,,12,0.8,0.8666666666666667,883,0.9558323895809739,0.832000711968639,0.12383167761233493,0.010934337133169174,0.2987862718064815,0.10329125725399463
bayesfl_observability_v1,ola_lr0p002_b32_e2_lam0p01_pinit0p01_fclip10p0,35,ola,global_test_mc,,,13,0.8666666666666667,0.9333333333333333,756,0.9801587301587301,0.8985441950736223,0.08161453508510785,0.0061700588524341545,0.17583984189799853,0.048158930190814235
bayesfl_observability_v1,ola_lr0p002_b32_e2_lam0p01_pinit0p01_fclip10p0,35,ola,global_test_mc,,,14,0.9333333333333333,1.0,532,1.0,0.9580797351392588,0.041920264860741185,0.002230158090591431,0.04294919094273863,0.002689940323734777
bayesfl_observability_v1,ola_lr0p002_b32_e2_lam0p01_pinit0p01_fclip10p0,36,ola,global_test,,,0,0.0,0.06666666666666667,0,,,,,,
bayesfl_observability_v1,ola_lr0p002_b32_e2_lam0p01_pinit0p01_fclip10p0,36,ola,global_test,,,1,0.06666666666666667,0.13333333333333333,0,,,,,,
bayesfl_observability_v1,ola_lr0p002_b32_e2_lam0p01_pinit0p01_fclip10p0,36,ola,global_test,,,2,0.13333333333333333,0.2,49,0.24489795918367346,0.18784808990906696,0.05704986927460651,0.0002795443594455719,1.8981218508311681,0.825781698129615
bayesfl_observability_v1,ola_lr0p002_b32_e2_lam0p01_pinit0p01_fclip10p0,36,ola,global_test,,,3,0.2,0.26666666666666666,364,0.36813186813186816,0.2400978800359663,0.12803398809590186,0.004660437166690828,1.7264250670815562,0.7789413426276092
bayesfl_observability_v1,ola_lr0p002_b32_e2_lam0p01_pinit0p01_fclip10p0,36,ola,global_test,,,4,0.26666666666666666,0.3333333333333333,729,0.4718792866941015,0.30185840425013843,0.17002088244396307,0.012394522330164907,1.4982279705903168,0.7091928610912893
bayesfl_observability_v1,ola_lr0p002_b32_e2_lam0p01_pinit0p01_fclip10p0,36,ola,global_test,,,5,0.3333333333333333,0.4,928,0.5980603448275862,0.36756218542698127,0.23049815940060492,0.021390229192376136,1.2880522229805076,0.6248956977486096
bayesfl_observability_v1,ola_lr0p002_b32_e2_lam0p01_pinit0p01_fclip10p0,36,ola,global_test,,,6,0.4,0.4666666666666667,1019,0.7026496565260059,0.433634652532235,0.2690150039937709,0.02741262890696525,1.0752468307423053,0.5317510974477389
bayesfl_observability_v1,ola_lr0p002_b32_e2_lam0p01_pinit0p01_fclip10p0,36,ola,global_test,,,7,0.4666666666666667,0.5333333333333333,936,0.813034188034188,0.49979081571611583,0.3132433723180722,0.02931957964897156,0.900644133424657,0.43394790411504924
bayesfl_observability_v1,ola_lr0p002_b32_e2_lam0p01_pinit0p01_fclip10p0,36,ola,global_test,,,8,0.5333333333333333,0.6,903,0.8959025470653378,0.5660705050228706,0.3298320420424672,0.02978383339643479,0.7233389353303287,0.3239532383210371
bayesfl_observability_v1,ola_lr0p002_b32_e2_lam0p01_pinit0p01_fclip10p0,36,ola,global_test,,,9,0.6,0.6666666666666666,888,0.9380630630630631,0.632955352331067,0.30510771073199605,0.027093564713001252,0.5669434600182481,0.2345445858364975
bayesfl_observability_v1,ola_lr0p002_b32_e2_lam0p01_pinit0p01_fclip10p0,36,ola,global_test,,,10,0.6666666666666666,0.7333333333333333,873,0.9633447880870561,0.7006134854422675,0.2627313026447886,0.022936442720890043,0.43482546059399807,0.1590045741487205
bayesfl_observability_v1,ola_lr0p002_b32_e2_lam0p01_pinit0p01_fclip10p0,36,ola,global_test,,,11,0.7333333333333333,0.8,957,0.9832810867293625,0.7675108339719264,0.2157702527574361,0.020649213188886635,0.3105392959144048,0.0928557104934221
bayesfl_observability_v1,ola_lr0p002_b32_e2_lam0p01_pinit0p01_fclip10p0,36,ola,global_test,,,12,0.8,0.8666666666666667,1007,0.9930486593843099,0.8323503623179196,0.16069829706639027,0.0161823185145855,0.20762991820866206,0.04707412850648135
bayesfl_observability_v1,ola_lr0p002_b32_e2_lam0p01_pinit0p01_fclip10p0,36,ola,global_test,,,13,0.8666666666666667,0.9333333333333333,808,0.9987623762376238,0.8982663693847043,0.10049600685291948,0.008120077353715893,0.11370358284157102,0.01652819919572811
bayesfl_observability_v1,ola_lr0p002_b32_e2_lam0p01_pinit0p01_fclip10p0,36,ola,global_test,,,14,0.9333333333333333,1.0,539,1.0,0.9595414864552485,0.040458513544751495,0.0021807138800621056,0.041439399072219635,0.002620468328174304
bayesfl_observability_v1,ola_lr0p002_b32_e2_lam0p01_pinit0p01_fclip10p0,36,ola,global_test_mc,,,0,0.0,0.06666666666666667,0,,,,,,
bayesfl_observability_v1,ola_lr0p002_b32_e2_lam0p01_pinit0p01_fclip10p0,36,ola,global_test_mc,,,1,0.06666666666666667,0.13333333333333333,0,,,,,,
bayesfl_observability_v1,ola_lr0p002_b32_e2_lam0p01_pinit0p01_fclip10p0,36,ola,global_test_mc,,,2,0.13333333333333333,0.2,47,0.2765957446808511,0.18554463570422314,0.09105110897662794,0.0004279402121901513,1.8911478722349127,0.8223022108382367
bayesfl_observability_v1,ola_lr0p002_b32_e2_lam0p01_pinit0p01_fclip10p0,36,ola,global_test_mc,,,3,0.2,0.26666666666666666,408,0.3897058823529412,0.24004393673556693,0.14966194561737425,0.006106207381188869,1.701805097799675,0.7711853766266037
bayesfl_observability_v1,ola_lr0p002_b32_e2_lam0p01_pinit0p01_fclip10p0,36,ola,global_test_mc,,,4,0.26666666666666666,0.3333333333333333,741,0.45209176788124156,0.3028901414430415,0.14920162643820006,0.011055840519070626,1.5145537150211823,0.7134293158527328
bayesfl_observability_v1,ola_lr0p002_b32_e2_lam0p01_pinit0p01_fclip10p0,36,ola,global_test_mc,,,5,0.3333333333333333,0.4,965,0.5906735751295337,0.36660905356851886,0.2240645215610148,0.021622226330637928,1.2909069317610153,0.6270394083131781
bayesfl_observability_v1,ola_lr0p002_b32_e2_lam0p01_pinit0p01_fclip10p0,36,ola,global_test_mc,,,6,0.4,0.4666666666666667,1038,0.7495183044315993,0.4335446940566304,0.3159736103749689,0.03279806075692177,1.047907799424923,0.5153381501491359
bayesfl_observability_v1,ola_lr0p002_b32_e2_lam0p01_pinit0p01_fclip10p0,36,ola,global_test_mc,,,7,0.4666666666666667,0.5333333333333333,968,0.8161157024793388,0.5000915065223028,0.316024195957036,0.030591142168641085,0.8834276459187516,0.42830943574836433
bayesfl_observability_v1,ola_lr0p002_b32_e2_lam0p01_pinit0p01_fclip10p0,36,ola,global_test_mc,,,8,0.5333333333333333,0.6,906,0.8863134657836644,0.5651709684078267,0.3211424973758378,0.0290955102622509,0.7395587012862528,0.3318575897457584
bayesfl_observability_v1,ola_lr0p002_b32_e2_lam0p01_pinit0p01_fclip10p0,36,ola,global_test_mc,,,9,0.6,0.6666666666666666,858,0.9393939393939394,0.6318409605459734,0.30755297884796606,0.026388045585155485,0.5732430155738528,0.23352534381242898
bayesfl_observability_v1,ola_lr0p002_b32_e2_lam0p01_pinit0p01_fclip10p0,36,ola,global_test_mc,,,10,0.6666666666666666,0.7333333333333333,924,0.9718614718614719,0.7000543803492666,0.2718070915122053,0.025114975255727767,0.41021279381080106,0.1481304896019754
bayesfl_observability_v1,ola_lr0p002_b32_e2_lam0p01_pinit0p01_fclip10p0,36,ola,global_test_mc,,,11,0.7333333333333333,0.8,952,0.9789915966386554,0.7679428054379815,0.21104879120067388,0.020091844922304154,0.3243165923392071,0.09834333149199727
bayesfl_observability_v1,ola_lr0p002_b32_e2_lam0p01_pinit0p01_fclip10p0,36,ola,global_test_mc,,,12,0.8,0.8666666666666667,952,0.9957983193277311,0.8324665135445715,0.16333180578315964,0.0155491879105568,0.19913363714992,0.042982970344826205
bayesfl_observability_v1,ola_lr0p002_b32_e2_lam0p01_pinit0p01_fclip10p0,36,ola,global_test_mc,,,13,0.8666666666666667,0.9333333333333333,756,0.9986772486772487,0.8991269208293743,0.09955032784787443,0.007526004785299307,0.11306932670059343,0.016451477388501484
bayesfl_observability_v1,ola_lr0p002_b32_e2_lam0p01_pinit0p01_fclip10p0,36,ola,global_test_mc,,,14,0.9333333333333333,1.0,485,1.0,0.9585559601636277,0.04144403983637235,0.002010035932064059,0.04246828058523308,0.002735043682992703
bayesfl_observability_v1,ola_lr0p002_b32_e2_lam0p01_pinit0p01_fclip10p0,37,ola,global_test,,,0,0.0,0.06666666666666667,0,,,,,,
bayesfl_observability_v1,ola_lr0p002_b32_e2_lam0p01_pinit0p01_fclip10p0,37,ola,global_test,,,1,0.06666666666666667,0.13333333333333333,0,,,,,,
bayesfl_observability_v1,ola_lr0p002_b32_e2_lam0p01_pinit0p01_fclip10p0,37,ola,global_test,,,2,0.13333333333333333,0.2,32,0.4375,0.18451692163944244,0.25298307836055756,0.0008095458507537842,1.8611375987529755,0.8147898688912392
bayesfl_observability_v1,ola_lr0p002_b32_e2_lam0p01_pinit0p01_fclip10p0,37,ola,global_test,,,3,0.2,0.26666666666666666,305,0.3180327868852459,0.2391534982646098,0.07887928862063609,0.002405818302929401,1.7965261478893093,0.797178506069496
bayesfl_observability_v1,ola_lr0p002_b32_e2_lam0p01_pinit0p01_fclip10p0,37,ola,global_test,,,4,0.26666666666666666,0.3333333333333333,644,0.4549689440993789,0.30163261849687706,0.15333632560250182,0.009874859368801116,1.5017779811939098,0.712421214265853
bayesfl_observability_v1,ola_lr0p002_b32_e2_lam0p01_pinit0p01_fclip10p0,37,ola,global_test,,,5,0.3333333333333333,0.4,869,0.5397008055235903,0.36745994333156373,0.1722408621920266,0.014967730924487114,1.3594086198318402,0.653348415712767
bayesfl_observability_v1,ola_lr0p002_b32_e2_lam0p01_pinit0p01_fclip10p0,37,ola,global_test,,,6,0.4,0.4666666666666667,928,0.6497844827586207,0.43304901724231654,0.21673546551630413,0.020113051199913023,1.1146648146597475,0.5581238082256811
bayesfl_observability_v1,ola_lr0p002_b32_e2_lam0p01_pinit0p01_fclip10p0,37,ola,global_test,,,7,0.4666666666666667,0.5333333333333333,968,0.7592975206611571,0.4989238707117798,0.2603736499493773,0.025204169315099723,0.9400148489012206,0.4657549673368123
bayesfl_observability_v1,ola_lr0p002_b32_e2_lam0p01_pinit0p01_fclip10p0,37,ola,global_test,,,8,0.5333333333333333,0.6,957,0.8746081504702194,0.5666509430112011,0.30795720745901833,0.029471504753828055,0.7442840509653839,0.3458812516435685
bayesfl_observability_v1,ola_lr0p002_b32_e2_lam0p01_pinit0p01_fclip10p0,37,ola,global_test,,,9,0.6,0.6666666666666666,947,0.9408658922914467,0.6336412011884711,0.30722469110297557,0.029094178247451787,0.5522311676643717,0.23403457291778315
bayesfl_observability_v1,ola_lr0p002_b32_e2_lam0p01_pinit0p01_fclip10p0,37,ola,global_test,,,10,0.6666666666666666,0.7333333333333333,1001,0.9600399600399601,0.7000680722437658,0.2599718877961943,0.02602318596839905,0.43975736797749104,0.16684656759182534
bayesfl_observability_v1,ola_lr0p002_b32_e2_lam0p01_pinit0p01_fclip10p0,37,ola,global_test,,,11,0.7333333333333333,0.8,1098,0.982695810564663,0.7665949642983942,0.2161008462662688,0.02372787292003631,0.3092145210026826,0.09546080424716673
bayesfl_observability_v1,ola_lr0p002_b32_e2_lam0p01_pinit0p01_fclip10p0,37,ola,global_test,,,12,0.8,0.8666666666666667,1148,0.9947735191637631,0.8321650307560632,0.16260848840769992,0.018667454469203953,0.20003624839338277,0.04544346734965772
bayesfl_observability_v1,ola_lr0p002_b32_e2_lam0p01_pinit0p01_fclip10p0,37,ola,global_test,,,13,0.8666666666666667,0.9333333333333333,768,0.9986979166666666,0.8975719585238645,0.10112595814280212,0.007766473585367203,0.11214813547364126,0.016935246998400544
bayesfl_observability_v1,ola_lr0p002_b32_e2_lam0p01_pinit0p01_fclip10p0,37,ola,global_test,,,14,0.9333333333333333,1.0,335,1.0,0.9526848036851456,0.04731519631485437,0.0015850590765476213,0.04857617393970045,0.003425196327925868
bayesfl_observability_v1,ola_lr0p002_b32_e2_lam0p01_pinit0p01_fclip10p0,37,ola,global_test_mc,,,0,0.0,0.06666666666666667,0,,,,,,
bayesfl_observability_v1,ola_lr0p002_b32_e2_lam0p01_pinit0p01_fclip10p0,37,ola,global_test_mc,,,1,0.06666666666666667,0.13333333333333333,0,,,,,,
bayesfl_observability_v1,ola_lr0p002_b32_e2_lam0p01_pinit0p01_fclip10p0,37,ola,global_test_mc,,,2,0.13333333333333333,0.2,42,0.23809523809523808,0.18794267447221846,0.05015256362301962,0.00021064076721668239,1.9567175195330666,0.8345885220028105
bayesfl_observability_v1,ola_lr0p002_b32_e2_lam0p01_pinit0p01_fclip10p0,37,ola,global_test_mc,,,3,0.2,0.26666666666666666,337,0.37091988130563797,0.24107015831534162,0.12984972299029635,0.004375935664772987,1.7500364670767627,0.7846455734985872
bayesfl_observability_v1,ola_lr0p002_b32_e2_lam0p01_pinit0p01_fclip10p0,37,ola,global_test_mc,,,4,0.26666666666666666,0.3333333333333333,681,0.4243759177679883,0.30241404651020065,0.12196187125778762,0.008305603432655337,1.5238531654626788,0.7215083726352182
bayesfl_observability_v1,ola_lr0p002_b32_e2_lam0p01_pinit0p01_fclip10p0,37,ola,global_test_mc,,,5,0.3333333333333333,0.4,906,0.5596026490066225,0.36775972478700264,0.19184292421961985,0.01738096893429756,1.327990099952184,0.6417476309516835
bayesfl_observability_v1,ola_lr0p002_b32_e2_lam0p01_pinit0p01_fclip10p0,37,ola,global_test_mc,,,6,0.4,0.4666666666666667,946,0.6564482029598309,0.4341114674070673,0.22233673555276356,0.021033055183291433,1.1142699719105411,0.5542474549114074
bayesfl_observability_v1,ola_lr0p002_b32_e2_lam0p01_pinit0p01_fclip10p0,37,ola,global_test_mc,,,7,0.4666666666666667,0.5333333333333333,975,0.7702564102564102,0.5000373724485055,0.2702190378079047,0.02634635618627071,0.9223899799738174,0.4527394829957913
bayesfl_observability_v1,ola_lr0p002_b32_e2_lam0p01_pinit0p01_fclip10p0,37,ola,global_test_mc,,,8,0.5333333333333333,0.6,929,0.8697524219590959,0.5661347824097707,0.3036176395493252,0.028206078714132308,0.7448012955222114,0.3472868612014054
bayesfl_observability_v1,ola_lr0p002_b32_e2_lam0p01_pinit0p01_fclip10p0,37,ola,global_test_mc,,,9,0.6,0.6666666666666666,994,0.9416498993963782,0.6338258404846883,0.30782405891168996,0.03059771145582198,0.554502913499742,0.23366891774133416
bayesfl_observability_v1,ola_lr0p002_b32_e2_lam0p01_pinit0p01_fclip10p0,37,ola,global_test_mc,,,10,0.6666666666666666,0.7333333333333333,1003,0.959122632103689,0.7001209653030007,0.25900166680068826,0.02597786718010903,0.4375778420021384,0.1671465627351406
bayesfl_observability_v1,ola_lr0p002_b32_e2_lam0p01_pinit0p01_fclip10p0,37,ola,global_test_mc,,,11,0.7333333333333333,0.8,1102,0.9872958257713249,0.7669040527187977,0.22039177305252722,0.0242871733903885,0.29924263951187774,0.08914475618251438
bayesfl_observability_v1,ola_lr0p002_b32_e2_lam0p01_pinit0p01_fclip10p0,37,ola,global_test_mc,,,12,0.8,0.8666666666666667,1077,0.9953574744661096,0.8310247289437105,0.16433274552239907,0.01769863669276238,0.19995508883269494,0.045022964811327844
bayesfl_observability_v1,ola_lr0p002_b32_e2_lam0p01_pinit0p01_fclip10p0,37,ola,global_test_mc,,,13,0.8666666666666667,0.9333333333333333,715,1.0,0.8968352920525557,0.10316470794744426,0.007376276618242264,0.10912028134285987,0.015047002568111553
bayesfl_observability_v1,ola_lr0p002_b32_e2_lam0p01_pinit0p01_fclip10p0,37,ola,global_test_mc,,,14,0.9333333333333333,1.0,293,1.0,0.9526646005008814,0.04733539949911858,0.0013869272053241744,0.048592054529859346,0.003406510464175614
bayesfl_observability_v1,ola_lr0p002_b32_e2_lam0p01_pinit0p01_fclip10p0,38,ola,global_test,,,0,0.0,0.06666666666666667,0,,,,,,
bayesfl_observability_v1,ola_lr0p002_b32_e2_lam0p01_pinit0p01_fclip10p0,38,ola,global_test,,,1,0.06666666666666667,0.13333333333333333,0,,,,,,
bayesfl_observability_v1,ola_lr0p002_b32_e2_lam0p01_pinit0p01_fclip10p0,38,ola,global_test,,,2,0.13333333333333333,0.2,31,0.3225806451612903,0.18786440597426507,0.13471623918702524,0.00041762034147977827,1.938067893828115,0.83177222359565
bayesfl_observability_v1,ola_lr0p002_b32_e2_lam0p01_pinit0p01_fclip10p0,38,ola,global_test,,,3,0.2,0.26666666666666666,271,0.3284132841328413,0.24141923467391532,0.086994049458926,0.002357538740336895,1.7569203279994952,0.79173840499892
bayesfl_observability_v1,ola_lr0p002_b32_e2_lam0p01_pinit0p01_fclip10p0,38,ola,global_test,,,4,0.26666666666666666,0.3333333333333333,621,0.4074074074074074,0.30365131020353997,0.10375609720386741,0.006443253636360167,1.5558997047120247,0.730975532685309
bayesfl_observability_v1,ola_lr0p002_b32_e2_lam0p01_pinit0p01_fclip10p0,38,ola,global_test,,,5,0.3333333333333333,0.4,903,0.4994462901439646,0.3673929869798595,0.13205330316410507,0.011924413275718687,1.3672880494713386,0.6653927171547152
bayesfl_observability_v1,ola_lr0p002_b32_e2_lam0p01_pinit0p01_fclip10p0,38,ola,global_test,,,6,0.4,0.4666666666666667,1033,0.6302032913843175,0.4336841097759716,0.19651918160834592,0.020300431460142133,1.1455544337183092,0.5734462418087685
bayesfl_observability_v1,ola_lr0p002_b32_e2_lam0p01_pinit0p01_fclip10p0,38,ola,global_test,,,7,0.4666666666666667,0.5333333333333333,977,0.6939611054247697,0.4993580804876564,0.19460302493711334,0.019012715536355976,1.000751159208214,0.5043359275911091
bayesfl_observability_v1,ola_lr0p002_b32_e2_lam0p01_pinit0p01_fclip10p0,38,ola,global_test,,,8,0.5333333333333333,0.6,915,0.7836065573770492,0.5655072556818769,0.21809930169517233,0.01995608610510827,0.8364672871886707,0.41071400842705713
bayesfl_observability_v1,ola_lr0p002_b32_e2_lam0p01_pinit0p01_fclip10p0,38,ola,global_test,,,9,0.6,0.6666666666666666,824,0.8810679611650486,0.6328878650821529,0.2481800960828957,0.020450039917230607,0.6399619431750289,0.2907950515922123
bayesfl_observability_v1,ola_lr0p002_b32_e2_lam0p01_pinit0p01_fclip10p0,38,ola,global_test,,,10,0.6666666666666666,0.7333333333333333,858,0.9335664335664335,0.7007887102924026,0.2327777232740309,0.01997232865691185,0.4863549884243723,0.1949799531041742
bayesfl_observability_v1,ola_lr0p002_b32_e2_lam0p01_pinit0p01_fclip10p0,38,ola,global_test,,,11,0.7333333333333333,0.8,1022,0.9647749510763209,0.7675399089746046,0.19723504210171638,0.020157421302795415,0.34971100742219713,0.11982023239558573
bayesfl_observability_v1,ola_lr0p002_b32_e2_lam0p01_pinit0p01_fclip10p0,38,ola,global_test,,,12,0.8,0.8666666666666667,1170,0.9905982905982906,0.8326861436040992,0.15791214699419143,0.0184757211983204,0.20732814444181247,0.051420568974099606
bayesfl_observability_v1,ola_lr0p002_b32_e2_lam0p01_pinit0p01_fclip10p0,38,ola,global_test,,,13,0.8666666666666667,0.9333333333333333,958,0.9947807933194155,0.8979052458899504,0.09687554742946514,0.00928067744374276,0.1264000778749492,0.02370125597725877
bayesfl_observability_v1,ola_lr0p002_b32_e2_lam0p01_pinit0p01_fclip10p0,38,ola,global_test,,,14,0.9333333333333333,1.0,417,1.0,0.9543622080370676,0.045637791962932384,0.0019030959248542804,0.04681020769417929,0.0031180014910650432
bayesfl_observability_v1,ola_lr0p002_b32_e2_lam0p01_pinit0p01_fclip10p0,38,ola,global_test_mc,,,0,0.0,0.06666666666666667,0,,,,,,
bayesfl_observability_v1,ola_lr0p002_b32_e2_lam0p01_pinit0p01_fclip10p0,38,ola,global_test_mc,,,1,0.06666666666666667,0.13333333333333333,0,,,,,,
bayesfl_observability_v1,ola_lr0p002_b32_e2_lam0p01_pinit0p01_fclip10p0,38,ola,global_test_mc,,,2,0.13333333333333333,0.2,32,0.28125,0.18638542294502258,0.09486457705497742,0.00030356664657592774,2.021689500659704,0.8466908857226372
bayesfl_observability_v1,ola_lr0p002_b32_e2_lam0p01_pinit0p01_fclip10p0,38,ola,global_test_mc,,,3,0.2,0.26666666666666666,289,0.328719723183391,0.24110055217280932,0.08761917101058167,0.0025321940422058102,1.7604966910240147,0.7917261775389675
bayesfl_observability_v1,ola_lr0p002_b32_e2_lam0p01_pinit0p01_fclip10p0,38,ola,global_test_mc,,,4,0.26666666666666666,0.3333333333333333,648,0.42592592592592593,0.302979672488607,0.12294625343731891,0.007966917222738266,1.5501459064307037,0.7274975153950998
bayesfl_observability_v1,ola_lr0p002_b32_e2_lam0p01_pinit0p01_fclip10p0,38,ola,global_test_mc,,,5,0.3333333333333333,0.4,939,0.5228966986155484,0.3667000154463755,0.15619668316917296,0.01466686854958534,1.3233029349162555,0.6479428504793027
bayesfl_observability_v1,ola_lr0p002_b32_e2_lam0p01_pinit0p01_fclip10p0,38,ola,global_test_mc,,,6,0.4,0.4666666666666667,1060,0.6066037735849057,0.432671039621785,0.1739327339631207,0.018436869800090794,1.1920884627778574,0.5909230450695415
bayesfl_observability_v1,ola_lr0p002_b32_e2_lam0p01_pinit0p01_fclip10p0,38,ola,global_test_mc,,,7,0.4666666666666667,0.5333333333333333,992,0.7056451612903226,0.49998299660341394,0.20566216468690868,0.02040168673694134,0.9818023774893053,0.49504008967309227
bayesfl_observability_v1,ola_lr0p002_b32_e2_lam0p01_pinit0p01_fclip10p0,38,ola,global_test_mc,,,8,0.5333333333333333,0.6,912,0.7949561403508771,0.5648804119412314,0.23007572840964574,0.02098290643095969,0.8267818955998671,0.4037243443165432
bayesfl_observability_v1,ola_lr0p002_b32_e2_lam0p01_pinit0p01_fclip10p0,38,ola,global_test_mc,,,9,0.6,0.6666666666666666,843,0.900355871886121,0.6316049750872212,0.26875089679889974,0.02265570060014725,0.6141318056648454,0.27167251458654484
bayesfl_observability_v1,ola_lr0p002_b32_e2_lam0p01_pinit0p01_fclip10p0,38,ola,global_test_mc,,,10,0.6666666666666666,0.7333333333333333,928,0.9331896551724138,0.7008724112449021,0.23231724392751174,0.02155904023647309,0.48343753467859896,0.1949446533067987
bayesfl_observability_v1,ola_lr0p002_b32_e2_lam0p01_pinit0p01_fclip10p0,38,ola,global_test_mc,,,11,0.7333333333333333,0.8,999,0.9669669669669669,0.7678532217954611,0.19911374517150582,0.01989146314263343,0.34283221395941704,0.11523779945539402
bayesfl_observability_v1,ola_lr0p002_b32_e2_lam0p01_pinit0p01_fclip10p0,38,ola,global_test_mc,,,12,0.8,0.8666666666666667,1133,0.9920564872021183,0.8326907200510273,0.15936576715109096,0.018056141418218607,0.20272136035737798,0.04941441142390707
bayesfl_observability_v1,ola_lr0p002_b32_e2_lam0p01_pinit0p01_fclip10p0,38,ola,global_test_mc,,,13,0.8666666666666667,0.9333333333333333,857,0.9953325554259043,0.8971464288276441,0.0981861265982602,0.0084145510494709,0.12437010024399296,0.022944047349388846
bayesfl_observability_v1,ola_lr0p002_b32_e2_lam0p01_pinit0p01_fclip10p0,38,ola,global_test_mc,,,14,0.9333333333333333,1.0,368,1.0,0.9529940505390582,0.04700594946094183,0.0017298189401626595,0.04824562997901407,0.0032929193909655187
bayesfl_observability_v1,ola_lr0p002_b32_e2_lam0p01_pinit0p01_fclip10p0,39,ola,global_test,,,0,0.0,0.06666666666666667,0,,,,,,
bayesfl_observability_v1,ola_lr0p002_b32_e2_lam0p01_pinit0p01_fclip10p0,39,ola,global_test,,,1,0.06666666666666667,0.13333333333333333,0,,,,,,
bayesfl_observability_v1,ola_lr0p002_b32_e2_lam0p01_pinit0p01_fclip10p0,39,ola,global_test,,,2,0.13333333333333333,0.2,35,0.34285714285714286,0.1844885230064392,0.15836861985070366,0.0005542901694774628,1.9180766139711654,0.8257602027484349
bayesfl_observability_v1,ola_lr0p002_b32_e2_lam0p01_pinit0p01_fclip10p0,39,ola,global_test,,,3,0.2,0.26666666666666666,317,0.3438485804416404,0.24093637537881027,0.10291220506283014,0.0032623169004917154,1.7348677378723674,0.783562197294145
bayesfl_observability_v1,ola_lr0p002_b32_e2_lam0p01_pinit0p01_fclip10p0,39,ola,global_test,,,4,0.26666666666666666,0.3333333333333333,703,0.4594594594594595,0.3029348395796623,0.1565246198797972,0.011003680777549743,1.5016567844415287,0.7126659002276946
bayesfl_observability_v1,ola_lr0p002_b32_e2_lam0p01_pinit0p01_fclip10p0,39,ola,global_test,,,5,0.3333333333333333,0.4,905,0.5646408839779006,0.36808141170285685,0.19655947227504372,0.017788632240891458,1.2825256549851012,0.6318939844547714
bayesfl_observability_v1,ola_lr0p002_b32_e2_lam0p01_pinit0p01_fclip10p0,39,ola,global_test,,,6,0.4,0.4666666666666667,992,0.6229838709677419,0.4325670493285983,0.19041682163914359,0.018889348706603044,1.1286194117799881,0.5652764433273866
bayesfl_observability_v1,ola_lr0p002_b32_e2_lam0p01_pinit0p01_fclip10p0,39,ola,global_test,,,7,0.4666666666666667,0.5333333333333333,865,0.7225433526011561,0.4995397493673887,0.2230036032337674,0.019289811679720877,0.9756039560874763,0.4834144461361659
bayesfl_observability_v1,ola_lr0p002_b32_e2_lam0p01_pinit0p01_fclip10p0,39,ola,global_test,,,8,0.5333333333333333,0.6,779,0.8395378690629012,0.5661312834442197,0.2734065856186815,0.021298373019695286,0.784815869909808,0.3659391701412752
bayesfl_observability_v1,ola_lr0p002_b32_e2_lam0p01_pinit0p01_fclip10p0,39,ola,global_test,,,9,0.6,0.6666666666666666,865,0.8855491329479769,0.6337755556051442,0.2517735773428327,0.021778414440155026,0.6542318770995719,0.2871087286341397
bayesfl_observability_v1,ola_lr0p002_b32_e2_lam0p01_pinit0p01_fclip10p0,39,ola,global_test,,,10,0.6666666666666666,0.7333333333333333,972,0.9279835390946503,0.6999485974081259,0.22803494168652438,0.02216499633193017,0.5004479368466409,0.19839257323048978
bayesfl_observability_v1,ola_lr0p002_b32_e2_lam0p01_pinit0p01_fclip10p0,39,ola,global_test,,,11,0.7333333333333333,0.8,1021,0.9774730656219393,0.7664273842424884,0.2110456813794509,0.021547764068841936,0.3245498654774657,0.10142623435753333
bayesfl_observability_v1,ola_lr0p002_b32_e2_lam0p01_pinit0p01_fclip10p0,39,ola,global_test,,,12,0.8,0.8666666666666667,869,0.9804372842347526,0.8327318543120276,0.14770542992272506,0.012835601860284809,0.24291607728967457,0.0682416234564109
bayesfl_observability_v1,ola_lr0p002_b32_e2_lam0p01_pinit0p01_fclip10p0,39,ola,global_test,,,13,0.8666666666666667,0.9333333333333333,822,0.9890510948905109,0.900017655171327,0.08903343971918387,0.007318548744916915,0.14308794346749057,0.03247460726152317
bayesfl_observability_v1,ola_lr0p002_b32_e2_lam0p01_pinit0p01_fclip10p0,39,ola,global_test,,,14,0.9333333333333333,1.0,855,0.9964912280701754,0.9663108750393516,0.03018035303082378,0.0025804201841354334,0.05128791616597807,0.008627588403228588
bayesfl_observability_v1,ola_lr0p002_b32_e2_lam0p01_pinit0p01_fclip10p0,39,ola,global_test_mc,,,0,0.0,0.06666666666666667,0,,,,,,
bayesfl_observability_v1,ola_lr0p002_b32_e2_lam0p01_pinit0p01_fclip10p0,39,ola,global_test_mc,,,1,0.06666666666666667,0.13333333333333333,0,,,,,,
bayesfl_observability_v1,ola_lr0p002_b32_e2_lam0p01_pinit0p01_fclip10p0,39,ola,global_test_mc,,,2,0.13333333333333333,0.2,37,0.21621621621621623,0.18483218872869336,0.031384027487522864,0.0001161209017038346,1.9111164582742226,0.8289704403361758
bayesfl_observability_v1,ola_lr0p002_b32_e2_lam0p01_pinit0p01_fclip10p0,39,ola,global_test_mc,,,3,0.2,0.26666666666666666,333,0.35435435435435436,0.24050244281778824,0.11385191153656612,0.0037912686541676523,1.7478429959700987,0.7829066083595917
bayesfl_observability_v1,ola_lr0p002_b32_e2_lam0p01_pinit0p01_fclip10p0,39,ola,global_test_mc,,,4,0.26666666666666666,0.3333333333333333,724,0.462707182320442,0.3028278699895954,0.15987931233084662,0.011575262212753295,1.4971553953313037,0.7099218852612195
bayesfl_observability_v1,ola_lr0p002_b32_e2_lam0p01_pinit0p01_fclip10p0,39,ola,global_test_mc,,,5,0.3333333333333333,0.4,979,0.557711950970378,0.3677934574094564,0.18991849356092155,0.018593020519614218,1.2855850177473627,0.6331331422124381
bayesfl_observability_v1,ola_lr0p002_b32_e2_lam0p01_pinit0p01_fclip10p0,39,ola,global_test_mc,,,6,0.4,0.4666666666666667,984,0.6382113821138211,0.4330518464974272,0.20515953561639394,0.020187698304653164,1.1170134469261015,0.5607515189766399
bayesfl_observability_v1,ola_lr0p002_b32_e2_lam0p01_pinit0p01_fclip10p0,39,ola,global_test_mc,,,7,0.4666666666666667,0.5333333333333333,867,0.7312572087658593,0.4995417083423443,0.23171550042351502,0.020089733886718752,0.9780697682324577,0.4806434393891551
bayesfl_observability_v1,ola_lr0p002_b32_e2_lam0p01_pinit0p01_fclip10p0,39,ola,global_test_mc,,,8,0.5333333333333333,0.6,835,0.8419161676646707,0.5666106852942598,0.27530548237041086,0.022988007777929306,0.7770604836012789,0.36418747737736046
bayesfl_observability_v1,ola_lr0p002_b32_e2_lam0p01_pinit0p01_fclip10p0,39,ola,global_test_mc,,,9,0.6,0.6666666666666666,899,0.8932146829810901,0.6342488904550954,0.2589657925259947,0.023281024748086927,0.6379115175418514,0.27775909487278233
bayesfl_observability_v1,ola_lr0p002_b32_e2_lam0p01_pinit0p01_fclip10p0,39,ola,global_test_mc,,,10,0.6666666666666666,0.7333333333333333,959,0.9374348279457768,0.7004330777898198,0.23700175015595704,0.02272846783995628,0.4894078988290554,0.18821592842606483
bayesfl_observability_v1,ola_lr0p002_b32_e2_lam0p01_pinit0p01_fclip10p0,39,ola,global_test_mc,,,11,0.7333333333333333,0.8,990,0.9747474747474747,0.7659385803974036,0.2088088943500711,0.02067208054065704,0.3295953256764797,0.10503942714345575
bayesfl_observability_v1,ola_lr0p002_b32_e2_lam0p01_pinit0p01_fclip10p0,39,ola,global_test_mc,,,12,0.8,0.8666666666666667,805,0.9788819875776398,0.8327774518765277,0.14610453570111204,0.011761415123939519,0.24776693467768082,0.07050328245444328
bayesfl_observability_v1,ola_lr0p002_b32_e2_lam0p01_pinit0p01_fclip10p0,39,ola,global_test_mc,,,13,0.8666666666666667,0.9333333333333333,788,0.9911167512690355,0.899490405006457,0.09162634626257848,0.007220156085491185,0.13741244868313904,0.0291427332520258
bayesfl_observability_v1,ola_lr0p002_b32_e2_lam0p01_pinit0p01_fclip10p0,39,ola,global_test_mc,,,14,0.9333333333333333,1.0,800,0.99625,0.966107738390565,0.030142261609435006,0.0024113809287548004,0.052625451720086855,0.00906002966214146
bayesfl_observability_v1,ola_lr0p002_b32_e2_lam0p01_pinit0p01_fclip10p0,40,ola,global_test,,,0,0.0,0.06666666666666667,0,,,,,,
bayesfl_observability_v1,ola_lr0p002_b32_e2_lam0p01_pinit0p01_fclip10p0,40,ola,global_test,,,1,0.06666666666666667,0.13333333333333333,0,,,,,,
bayesfl_observability_v1,ola_lr0p002_b32_e2_lam0p01_pinit0p01_fclip10p0,40,ola,global_test,,,2,0.13333333333333333,0.2,27,0.18518518518518517,0.18301369029062767,0.0021714948945575074,5.86303621530527e-06,1.934611444120054,0.8336360609089887
bayesfl_observability_v1,ola_lr0p002_b32_e2_lam0p01_pinit0p01_fclip10p0,40,ola,global_test,,,3,0.2,0.26666666666666666,316,0.31962025316455694,0.239906807819122,0.07971344534543495,0.0025189448729157444,1.762188150535656,0.7918734541044959
bayesfl_observability_v1,ola_lr0p002_b32_e2_lam0p01_pinit0p01_fclip10p0,40,ola,global_test,,,4,0.26666666666666666,0.3333333333333333,677,0.48005908419497784,0.3020783702415061,0.17798071395347176,0.012049294334650039,1.5061586528268136,0.7105461058799766
bayesfl_observability_v1,ola_lr0p002_b32_e2_lam0p01_pinit0p01_fclip10p0,40,ola,global_test,,,5,0.3333333333333333,0.4,920,0.5576086956521739,0.36852235152669577,0.1890863441254781,0.017395943659543986,1.2772142843707748,0.6303959783652554
bayesfl_observability_v1,ola_lr0p002_b32_e2_lam0p01_pinit0p01_fclip10p0,40,ola,global_test,,,6,0.4,0.4666666666666667,849,0.5959952885747939,0.4315913640427786,0.1644039245320153,0.013957893192768099,1.1669029208038384,0.581361959764056
bayesfl_observability_v1,ola_lr0p002_b32_e2_lam0p01_pinit0p01_fclip10p0,40,ola,global_test,,,7,0.4666666666666667,0.5333333333333333,821,0.7356881851400731,0.4995491054185851,0.23613907972148795,0.01938701844513416,0.9734474496777542,0.4755573096649946
bayesfl_observability_v1,ola_lr0p002_b32_e2_lam0p01_pinit0p01_fclip10p0,40,ola,global_test,,,8,0.5333333333333333,0.6,722,0.8102493074792244,0.5675506405222779,0.24269866695694653,0.01752284375429154,0.8655643620814643,0.39892687679492866
bayesfl_observability_v1,ola_lr0p002_b32_e2_lam0p01_pinit0p01_fclip10p0,40,ola,global_test,,,9,0.6,0.6666666666666666,697,0.8622668579626973,0.6339973332721157,0.2282695246905816,0.01591038587093354,0.7018583174928531,0.3075252042781332
bayesfl_observability_v1,ola_lr0p002_b32_e2_lam0p01_pinit0p01_fclip10p0,40,ola,global_test,,,10,0.6666666666666666,0.7333333333333333,806,0.9392059553349876,0.6996091443019232,0.2395968110330644,0.01931150296926499,0.47955256482359787,0.18703422922798185
bayesfl_observability_v1,ola_lr0p002_b32_e2_lam0p01_pinit0p01_fclip10p0,40,ola,global_test,,,11,0.7333333333333333,0.8,866,0.9711316397228638,0.7675473599180613,0.20358427980480243,0.01763039863109589,0.3364839400175537,0.10901903531430225
bayesfl_observability_v1,ola_lr0p002_b32_e2_lam0p01_pinit0p01_fclip10p0,40,ola,global_test,,,12,0.8,0.8666666666666667,1042,0.9836852207293666,0.835797832131157,0.1478873885982096,0.01540986589193344,0.23114930585226948,0.06055592114888775
bayesfl_observability_v1,ola_lr0p002_b32_e2_lam0p01_pinit0p01_fclip10p0,40,ola,global_test,,,13,0.8666666666666667,0.9333333333333333,1272,0.9960691823899371,0.9001319809529766,0.0959372014369605,0.012203212022781375,0.1198463652856976,0.020130137743797363
bayesfl_observability_v1,ola_lr0p002_b32_e2_lam0p01_pinit0p01_fclip10p0,40,ola,global_test,,,14,0.9333333333333333,1.0,985,0.9979695431472081,0.9635371896216107,0.03443235352559737,0.0033915868222713407,0.047564294961219666,0.00604728080490282
bayesfl_observability_v1,ola_lr0p002_b32_e2_lam0p01_pinit0p01_fclip10p0,40,ola,global_test_mc,,,0,0.0,0.06666666666666667,0,,,,,,
bayesfl_observability_v1,ola_lr0p002_b32_e2_lam0p01_pinit0p01_fclip10p0,40,ola,global_test_mc,,,1,0.06666666666666667,0.13333333333333333,0,,,,,,
bayesfl_observability_v1,ola_lr0p002_b32_e2_lam0p01_pinit0p01_fclip10p0,40,ola,global_test_mc,,,2,0.13333333333333333,0.2,35,0.2857142857142857,0.18566037331308638,0.10005391240119932,0.0003501886934041976,1.9005891391209193,0.8237935560090202
bayesfl_observability_v1,ola_lr0p002_b32_e2_lam0p01_pinit0p01_fclip10p0,40,ola,global_test_mc,,,3,0.2,0.26666666666666666,339,0.30973451327433627,0.23947080837941803,0.07026370489491823,0.002381939595937728,1.7714614178930412,0.7945905786699954
bayesfl_observability_v1,ola_lr0p002_b32_e2_lam0p01_pinit0p01_fclip10p0,40,ola,global_test_mc,,,4,0.26666666666666666,0.3333333333333333,715,0.46853146853146854,0.3023573132244857,0.16617415530698282,0.011881452104449273,1.5076309600910107,0.7114452034443408
bayesfl_observability_v1,ola_lr0p002_b32_e2_lam0p01_pinit0p01_fclip10p0,40,ola,global_test_mc,,,5,0.3333333333333333,0.4,928,0.5732758620689655,0.36751976615652954,0.205756095912436,0.01909416570067406,1.2703855416641152,0.6261085461311299
bayesfl_observability_v1,ola_lr0p002_b32_e2_lam0p01_pinit0p01_fclip10p0,40,ola,global_test_mc,,,6,0.4,0.4666666666666667,877,0.6259977194982896,0.43306551019033523,0.1929322093079544,0.016920154756307603,1.13421419742034,0.5636545664024462
bayesfl_observability_v1,ola_lr0p002_b32_e2_lam0p01_pinit0p01_fclip10p0,40,ola,global_test_mc,,,7,0.4666666666666667,0.5333333333333333,821,0.7247259439707674,0.5001352087806697,0.22459073519009765,0.018438899359107017,1.012410367086947,0.4904248327488731
bayesfl_observability_v1,ola_lr0p002_b32_e2_lam0p01_pinit0p01_fclip10p0,40,ola,global_test_mc,,,8,0.5333333333333333,0.6,723,0.8146611341632088,0.5651033406105939,0.24955779355261498,0.018043028473854063,0.8473869734450165,0.3937576445306485
bayesfl_observability_v1,ola_lr0p002_b32_e2_lam0p01_pinit0p01_fclip10p0,40,ola,global_test_mc,,,9,0.6,0.6666666666666666,741,0.8717948717948718,0.6338715604764087,0.23792331131846312,0.017630117368698118,0.6858956909131425,0.2984667733090448
bayesfl_observability_v1,ola_lr0p002_b32_e2_lam0p01_pinit0p01_fclip10p0,40,ola,global_test_mc,,,10,0.6666666666666666,0.7333333333333333,813,0.9458794587945879,0.7000547175331162,0.2458247412614717,0.019985551464557647,0.4597323438631506,0.17804508454648624
bayesfl_observability_v1,ola_lr0p002_b32_e2_lam0p01_pinit0p01_fclip10p0,40,ola,global_test_mc,,,11,0.7333333333333333,0.8,840,0.9702380952380952,0.7678788315682185,0.20235926366987678,0.01699817814826965,0.33999971151351926,0.10986729395974959
bayesfl_observability_v1,ola_lr0p002_b32_e2_lam0p01_pinit0p01_fclip10p0,40,ola,global_test_mc,,,12,0.8,0.8666666666666667,1045,0.9846889952153111,0.8353496148825833,0.14933938033272776,0.015605965244770051,0.2289522469756706,0.05906723641999886
bayesfl_observability_v1,ola_lr0p002_b32_e2_lam0p01_pinit0p01_fclip10p0,40,ola,global_test_mc,,,13,0.8666666666666667,0.9333333333333333,1193,0.9958088851634534,0.8987906962907923,0.09701818887266112,0.011574269932508471,0.1218030726644839,0.02083458549484348
bayesfl_observability_v1,ola_lr0p002_b32_e2_lam0p01_pinit0p01_fclip10p0,40,ola,global_test_mc,,,14,0.9333333333333333,1.0,930,0.9978494623655914,0.9626628430940771,0.03518661927151423,0.0032723555922508233,0.04846197734536824,0.006331099950349658
bayesfl_observability_v1,ola_lr0p002_b32_e2_lam0p01_pinit0p01_fclip10p0,41,ola,global_test,,,0,0.0,0.06666666666666667,0,,,,,,
bayesfl_observability_v1,ola_lr0p002_b32_e2_lam0p01_pinit0p01_fclip10p0,41,ola,global_test,,,1,0.06666666666666667,0.13333333333333333,0,,,,,,
bayesfl_observability_v1,ola_lr0p002_b32_e2_lam0p01_pinit0p01_fclip10p0,41,ola,global_test,,,2,0.13333333333333333,0.2,39,0.3333333333333333,0.18778953911402288,0.14554379421931044,0.0005676207974553107,1.913252903864934,0.8272242698913965
bayesfl_observability_v1,ola_lr0p002_b32_e2_lam0p01_pinit0p01_fclip10p0,41,ola,global_test,,,3,0.2,0.26666666666666666,306,0.369281045751634,0.24197899150887345,0.12730205424276056,0.003895442859828473,1.739686313407873,0.782749771877052
bayesfl_observability_v1,ola_lr0p002_b32_e2_lam0p01_pinit0p01_fclip10p0,41,ola,global_test,,,4,0.26666666666666666,0.3333333333333333,659,0.4946889226100152,0.3028317432573605,0.19185717935265467,0.012643388119339943,1.4866840150179017,0.7084857691220702
bayesfl_observability_v1,ola_lr0p002_b32_e2_lam0p01_pinit0p01_fclip10p0,41,ola,global_test,,,5,0.3333333333333333,0.4,834,0.5455635491606715,0.368822597449632,0.17674095171103954,0.014740195372700698,1.3172965790156266,0.6430727314891861
bayesfl_observability_v1,ola_lr0p002_b32_e2_lam0p01_pinit0p01_fclip10p0,41,ola,global_test,,,6,0.4,0.4666666666666667,939,0.6027689030883919,0.43273348320787325,0.17003541988051868,0.015966325926780704,1.1378645328794932,0.5724789485319481
bayesfl_observability_v1,ola_lr0p002_b32_e2_lam0p01_pinit0p01_fclip10p0,41,ola,global_test,,,7,0.4666666666666667,0.5333333333333333,763,0.6985583224115334,0.4997054450555679,0.19885287735596546,0.015172474542260164,1.028152833681744,0.4995323096159089
bayesfl_observability_v1,ola_lr0p002_b32_e2_lam0p01_pinit0p01_fclip10p0,41,ola,global_test,,,8,0.5333333333333333,0.6,722,0.7853185595567868,0.565617815444344,0.21970074411244278,0.015862393724918367,0.8551670973320747,0.40799682892838346
bayesfl_observability_v1,ola_lr0p002_b32_e2_lam0p01_pinit0p01_fclip10p0,41,ola,global_test,,,9,0.6,0.6666666666666666,726,0.8181818181818182,0.6337001166888834,0.18448170149293486,0.01339337152838707,0.7580454197222208,0.346854490333188
bayesfl_observability_v1,ola_lr0p002_b32_e2_lam0p01_pinit0p01_fclip10p0,41,ola,global_test,,,10,0.6666666666666666,0.7333333333333333,786,0.9033078880407125,0.698989452296541,0.20431843574417152,0.016059429049491883,0.5400736768737094,0.22736400685275482
bayesfl_observability_v1,ola_lr0p002_b32_e2_lam0p01_pinit0p01_fclip10p0,41,ola,global_test,,,11,0.7333333333333333,0.8,865,0.9664739884393063,0.766941495093307,0.19953249334599932,0.01725956067442894,0.3496956760311402,0.11579890329541498
bayesfl_observability_v1,ola_lr0p002_b32_e2_lam0p01_pinit0p01_fclip10p0,41,ola,global_test,,,12,0.8,0.8666666666666667,1027,0.9814995131450828,0.8349932957415224,0.1465062174035604,0.015046188527345655,0.23186389575218155,0.0636060453530586
bayesfl_observability_v1,ola_lr0p002_b32_e2_lam0p01_pinit0p01_fclip10p0,41,ola,global_test,,,13,0.8666666666666667,0.9333333333333333,1203,0.9916874480465503,0.8987111455187239,0.0929763025278264,0.011185049194097517,0.13857020376403434,0.027895709820608867
bayesfl_observability_v1,ola_lr0p002_b32_e2_lam0p01_pinit0p01_fclip10p0,41,ola,global_test,,,14,0.9333333333333333,1.0,1131,0.9991158267020336,0.964398940773162,0.034716885928871566,0.003926479798555374,0.040808268836316525,0.0038102016093118393
bayesfl_observability_v1,ola_lr0p002_b32_e2_lam0p01_pinit0p01_fclip10p0,41,ola,global_test_mc,,,0,0.0,0.06666666666666667,0,,,,,,
bayesfl_observability_v1,ola_lr0p002_b32_e2_lam0p01_pinit0p01_fclip10p0,41,ola,global_test_mc,,,1,0.06666666666666667,0.13333333333333333,0,,,,,,
bayesfl_observability_v1,ola_lr0p002_b32_e2_lam0p01_pinit0p01_fclip10p0,41,ola,global_test_mc,,,2,0.13333333333333333,0.2,35,0.2857142857142857,0.1845615702016013,0.1011527155126844,0.0003540345042943954,1.937623017174857,0.8336929270199367
bayesfl_observability_v1,ola_lr0p002_b32_e2_lam0p01_pinit0p01_fclip10p0,41,ola,global_test_mc,,,3,0.2,0.26666666666666666,326,0.39570552147239263,0.23984919090760998,0.15585633056478265,0.005080916376411915,1.7330120915284186,0.7789280646783443
bayesfl_observability_v1,ola_lr0p002_b32_e2_lam0p01_pinit0p01_fclip10p0,41,ola,global_test_mc,,,4,0.26666666666666666,0.3333333333333333,689,0.4746008708272859,0.30314643527496016,0.17145443555232576,0.011813210609555244,1.5094582932434857,0.7136950804290993
bayesfl_observability_v1,ola_lr0p002_b32_e2_lam0p01_pinit0p01_fclip10p0,41,ola,global_test_mc,,,5,0.3333333333333333,0.4,882,0.5317460317460317,0.36807769107845634,0.1636683406675754,0.01443554764688015,1.2965061661878141,0.639579042420636
bayesfl_observability_v1,ola_lr0p002_b32_e2_lam0p01_pinit0p01_fclip10p0,41,ola,global_test_mc,,,6,0.4,0.4666666666666667,902,0.6175166297117517,0.43202051236201283,0.18549611734973886,0.016731749784946445,1.164191628440785,0.5729724248404513
bayesfl_observability_v1,ola_lr0p002_b32_e2_lam0p01_pinit0p01_fclip10p0,41,ola,global_test_mc,,,7,0.4666666666666667,0.5333333333333333,826,0.6815980629539952,0.49927762558471783,0.18232043736927733,0.015059668126702308,1.0052414094131739,0.5032702187576825
bayesfl_observability_v1,ola_lr0p002_b32_e2_lam0p01_pinit0p01_fclip10p0,41,ola,global_test_mc,,,8,0.5333333333333333,0.6,699,0.7782546494992847,0.5654385748168771,0.2128160746824076,0.01487584362030029,0.8826916482145012,0.41860725793545167
bayesfl_observability_v1,ola_lr0p002_b32_e2_lam0p01_pinit0p01_fclip10p0,41,ola,global_test_mc,,,9,0.6,0.6666666666666666,771,0.8456549935149157,0.6321812122093874,0.2134737813055283,0.016458828538656232,0.7132455669874965,0.32189809541603315
bayesfl_observability_v1,ola_lr0p002_b32_e2_lam0p01_pinit0p01_fclip10p0,41,ola,global_test_mc,,,10,0.6666666666666666,0.7333333333333333,795,0.9018867924528302,0.7003488839797254,0.20153790847310482,0.016022263723611836,0.5436767469037254,0.22864490610623509
bayesfl_observability_v1,ola_lr0p002_b32_e2_lam0p01_pinit0p01_fclip10p0,41,ola,global_test_mc,,,11,0.7333333333333333,0.8,852,0.9671361502347418,0.7672593712526867,0.19987677898205503,0.017029501569271088,0.3478194451912748,0.11412354792630029
bayesfl_observability_v1,ola_lr0p002_b32_e2_lam0p01_pinit0p01_fclip10p0,41,ola,global_test_mc,,,12,0.8,0.8666666666666667,1061,0.9802073515551367,0.8354909910445614,0.14471636051057535,0.015354405850172045,0.23856836814401736,0.06591062785304458
bayesfl_observability_v1,ola_lr0p002_b32_e2_lam0p01_pinit0p01_fclip10p0,41,ola,global_test_mc,,,13,0.8666666666666667,0.9333333333333333,1124,0.9955516014234875,0.8997435950511715,0.09580800637231601,0.010768819916248321,0.1245404899690393,0.02124676682482543
bayesfl_observability_v1,ola_lr0p002_b32_e2_lam0p01_pinit0p01_fclip10p0,41,ola,global_test_mc,,,14,0.9333333333333333,1.0,1038,0.9990366088631984,0.9640846930602153,0.03495191580298318,0.0036280088603496538,0.04150355668888321,0.00398870618677014
bayesfl_observability_v1,ola_lr0p002_b32_e2_lam0p01_pinit0p01_fclip10p0,42,ola,global_test,,,0,0.0,0.06666666666666667,0,,,,,,
bayesfl_observability_v1,ola_lr0p002_b32_e2_lam0p01_pinit0p01_fclip10p0,42,ola,global_test,,,1,0.06666666666666667,0.13333333333333333,0,,,,,,
bayesfl_observability_v1,ola_lr0p002_b32_e2_lam0p01_pinit0p01_fclip10p0,42,ola,global_test,,,2,0.13333333333333333,0.2,24,0.125,0.18250469801326594,0.05750469801326594,0.00013801127523183825,2.0505028317372003,0.8579751799503962
bayesfl_observability_v1,ola_lr0p002_b32_e2_lam0p01_pinit0p01_fclip10p0,42,ola,global_test,,,3,0.2,0.26666666666666666,246,0.3861788617886179,0.242406226997453,0.14377263479116487,0.0035368068158626556,1.741939516571479,0.7835631937515445
bayesfl_observability_v1,ola_lr0p002_b32_e2_lam0p01_pinit0p01_fclip10p0,42,ola,global_test,,,4,0.26666666666666666,0.3333333333333333,559,0.4150268336314848,0.3025282287107171,0.11249860492076769,0.006288672015070914,1.559125614507467,0.733472430322166
bayesfl_observability_v1,ola_lr0p002_b32_e2_lam0p01_pinit0p01_fclip10p0,42,ola,global_test,,,5,0.3333333333333333,0.4,817,0.44063647490820074,0.36620588854155894,0.0744305863666418,0.006080978906154635,1.3939890723625332,0.6827444105136643
bayesfl_observability_v1,ola_lr0p002_b32_e2_lam0p01_pinit0p01_fclip10p0,42,ola,global_test,,,6,0.4,0.4666666666666667,837,0.5089605734767025,0.4326977313561821,0.07626284212052042,0.006383199885487559,1.2598067196609013,0.6295255851289847
bayesfl_observability_v1,ola_lr0p002_b32_e2_lam0p01_pinit0p01_fclip10p0,42,ola,global_test,,,7,0.4666666666666667,0.5333333333333333,783,0.5887611749680716,0.4996282527577679,0.08913292221030367,0.006979107809066777,1.1313699800544923,0.5703298262252662
bayesfl_observability_v1,ola_lr0p002_b32_e2_lam0p01_pinit0p01_fclip10p0,42,ola,global_test,,,8,0.5333333333333333,0.6,774,0.7054263565891473,0.5663706422314163,0.139055714357731,0.01076291229128838,0.9580538365267968,0.4752957000943425
bayesfl_observability_v1,ola_lr0p002_b32_e2_lam0p01_pinit0p01_fclip10p0,42,ola,global_test,,,9,0.6,0.6666666666666666,707,0.8217821782178217,0.6345503432241492,0.18723183499367257,0.013237290734052653,0.7468320200011619,0.3466483141483984
bayesfl_observability_v1,ola_lr0p002_b32_e2_lam0p01_pinit0p01_fclip10p0,42,ola,global_test,,,10,0.6666666666666666,0.7333333333333333,692,0.8684971098265896,0.7006060458676664,0.16789106395892317,0.011618061625957483,0.6298955237934355,0.2716077001216267
bayesfl_observability_v1,ola_lr0p002_b32_e2_lam0p01_pinit0p01_fclip10p0,42,ola,global_test,,,11,0.7333333333333333,0.8,872,0.9311926605504587,0.7663598242429418,0.16483283630751688,0.014373423326015473,0.41891792783975057,0.1627053244620425
bayesfl_observability_v1,ola_lr0p002_b32_e2_lam0p01_pinit0p01_fclip10p0,42,ola,global_test,,,12,0.8,0.8666666666666667,998,0.9799599198396793,0.8350172756549591,0.14494264418472025,0.01446527588963508,0.23824101599877726,0.06688336173225501
bayesfl_observability_v1,ola_lr0p002_b32_e2_lam0p01_pinit0p01_fclip10p0,42,ola,global_test,,,13,0.8666666666666667,0.9333333333333333,1488,0.991263440860215,0.9028106603410936,0.08845278051912142,0.013161773741245266,0.13306686975142007,0.02762272107316011
bayesfl_observability_v1,ola_lr0p002_b32_e2_lam0p01_pinit0p01_fclip10p0,42,ola,global_test,,,14,0.9333333333333333,1.0,1203,0.9975062344139651,0.9591245817226464,0.03838165269131877,0.004617312818765648,0.05282004832825062,0.007188864433675618
bayesfl_observability_v1,ola_lr0p002_b32_e2_lam0p01_pinit0p01_fclip10p0,42,ola,global_test_mc,,,0,0.0,0.06666666666666667,0,,,,,,
bayesfl_observability_v1,ola_lr0p002_b32_e2_lam0p01_pinit0p01_fclip10p0,42,ola,global_test_mc,,,1,0.06666666666666667,0.13333333333333333,0,,,,,,
bayesfl_observability_v1,ola_lr0p002_b32_e2_lam0p01_pinit0p01_fclip10p0,42,ola,global_test_mc,,,2,0.13333333333333333,0.2,22,0.22727272727272727,0.18099761212413962,0.04627511514858765,0.00010180525332689283,2.0177981528368862,0.8493250147862867
bayesfl_observability_v1,ola_lr0p002_b32_e2_lam0p01_pinit0p01_fclip10p0,42,ola,global_test_mc,,,3,0.2,0.26666666666666666,258,0.313953488372093,0.24017751049394756,0.07377597787814547,0.0019034202292561532,1.7421777474787807,0.7878461152084114
bayesfl_observability_v1,ola_lr0p002_b32_e2_lam0p01_pinit0p01_fclip10p0,42,ola,global_test_mc,,,4,0.26666666666666666,0.3333333333333333,610,0.39672131147540984,0.3024490482494479,0.09427226322596194,0.005750608056783678,1.5795746605904375,0.7385114138243628
bayesfl_observability_v1,ola_lr0p002_b32_e2_lam0p01_pinit0p01_fclip10p0,42,ola,global_test_mc,,,5,0.3333333333333333,0.4,842,0.46199524940617576,0.36678016645891365,0.09521508294726211,0.008017109984159469,1.3611553048011527,0.6688258246896952
bayesfl_observability_v1,ola_lr0p002_b32_e2_lam0p01_pinit0p01_fclip10p0,42,ola,global_test_mc,,,6,0.4,0.4666666666666667,836,0.4868421052631579,0.43319133216399325,0.05365077309916466,0.004485204631090166,1.293732962896379,0.6422081798243751
bayesfl_observability_v1,ola_lr0p002_b32_e2_lam0p01_pinit0p01_fclip10p0,42,ola,global_test_mc,,,7,0.4666666666666667,0.5333333333333333,834,0.6247002398081535,0.498971161367796,0.12572907844035747,0.010485805141925814,1.0841652836731013,0.5463776115676482
bayesfl_observability_v1,ola_lr0p002_b32_e2_lam0p01_pinit0p01_fclip10p0,42,ola,global_test_mc,,,8,0.5333333333333333,0.6,732,0.7090163934426229,0.5652676313464108,0.14374876209621212,0.010522409385442728,0.9564116651731762,0.4730866825605025
bayesfl_observability_v1,ola_lr0p002_b32_e2_lam0p01_pinit0p01_fclip10p0,42,ola,global_test_mc,,,9,0.6,0.6666666666666666,727,0.8253094910591472,0.6338231173309368,0.19148637372821042,0.013921059370040898,0.7472103370924927,0.3434033143799112
bayesfl_observability_v1,ola_lr0p002_b32_e2_lam0p01_pinit0p01_fclip10p0,42,ola,global_test_mc,,,10,0.6666666666666666,0.7333333333333333,742,0.871967654986523,0.6998835509678103,0.17208410401871266,0.01276864051818848,0.6144891572850091,0.26635282700555024
bayesfl_observability_v1,ola_lr0p002_b32_e2_lam0p01_pinit0p01_fclip10p0,42,ola,global_test_mc,,,11,0.7333333333333333,0.8,859,0.9464493597206054,0.767433123205538,0.17901623651506737,0.015377494716644288,0.3916067451030467,0.14328677139144144
bayesfl_observability_v1,ola_lr0p002_b32_e2_lam0p01_pinit0p01_fclip10p0,42,ola,global_test_mc,,,12,0.8,0.8666666666666667,1007,0.9791459781529295,0.8353872199754611,0.14375875817746842,0.01447650694847107,0.2384032606486649,0.0672828892769353
bayesfl_observability_v1,ola_lr0p002_b32_e2_lam0p01_pinit0p01_fclip10p0,42,ola,global_test_mc,,,13,0.8666666666666667,0.9333333333333333,1467,0.9904567143830948,0.9025846809128474,0.08787203347024741,0.012890827310085297,0.13641909245800304,0.029048935678452965
bayesfl_observability_v1,ola_lr0p002_b32_e2_lam0p01_pinit0p01_fclip10p0,42,ola,global_test_mc,,,14,0.9333333333333333,1.0,1064,0.9990601503759399,0.9589837555934612,0.04007639478247871,0.004264128404855735,0.046671262258642765,0.004334784526164233
bayesfl_observability_v1,ola_lr0p002_b32_e2_lam0p01_pinit0p01_fclip10p0,43,ola,global_test,,,0,0.0,0.06666666666666667,0,,,,,,
bayesfl_observability_v1,ola_lr0p002_b32_e2_lam0p01_pinit0p01_fclip10p0,43,ola,global_test,,,1,0.06666666666666667,0.13333333333333333,0,,,,,,
bayesfl_observability_v1,ola_lr0p002_b32_e2_lam0p01_pinit0p01_fclip10p0,43,ola,global_test,,,2,0.13333333333333333,0.2,33,0.18181818181818182,0.18162642961198633,0.0001917522061954946,6.327822804451322e-07,2.0298189141533594,0.8477240024190961
bayesfl_observability_v1,ola_lr0p002_b32_e2_lam0p01_pinit0p01_fclip10p0,43,ola,global_test,,,3,0.2,0.26666666666666666,215,0.3023255813953488,0.23823413925115453,0.0640914421441943,0.0013779660061001772,1.7735280297523321,0.7965035421903743
bayesfl_observability_v1,ola_lr0p002_b32_e2_lam0p01_pinit0p01_fclip10p0,43,ola,global_test,,,4,0.26666666666666666,0.3333333333333333,516,0.4108527131782946,0.3030511513929959,0.1078015617852987,0.005562560588121414,1.5746955994025682,0.7337478608355041
bayesfl_observability_v1,ola_lr0p002_b32_e2_lam0p01_pinit0p01_fclip10p0,43,ola,global_test,,,5,0.3333333333333333,0.4,735,0.5387755102040817,0.36786143240474517,0.17091407779933648,0.012562184718251232,1.3081096975170836,0.6452348870890481
bayesfl_observability_v1,ola_lr0p002_b32_e2_lam0p01_pinit0p01_fclip10p0,43,ola,global_test,,,6,0.4,0.4666666666666667,807,0.6319702602230484,0.43451200541953616,0.1974582548035122,0.015934881162643435,1.124536977233792,0.5647499367059238
bayesfl_observability_v1,ola_lr0p002_b32_e2_lam0p01_pinit0p01_fclip10p0,43,ola,global_test,,,7,0.4666666666666667,0.5333333333333333,875,0.68,0.4997001461982727,0.18029985380172736,0.015776237207651145,0.9698827942439489,0.5008520992142813
bayesfl_observability_v1,ola_lr0p002_b32_e2_lam0p01_pinit0p01_fclip10p0,43,ola,global_test,,,8,0.5333333333333333,0.6,850,0.7776470588235294,0.5667002926153295,0.21094676620819985,0.01793047512769699,0.8260410233806161,0.4109257590244798
bayesfl_observability_v1,ola_lr0p002_b32_e2_lam0p01_pinit0p01_fclip10p0,43,ola,global_test,,,9,0.6,0.6666666666666666,844,0.8755924170616114,0.6329328220037488,0.2426595950578626,0.020480469822883603,0.6283527059365788,0.2922350920524925
bayesfl_observability_v1,ola_lr0p002_b32_e2_lam0p01_pinit0p01_fclip10p0,43,ola,global_test,,,10,0.6666666666666666,0.7333333333333333,861,0.9047619047619048,0.7009411038837366,0.20382080087816812,0.017548970955610275,0.5182304044495338,0.22516917953923188
bayesfl_observability_v1,ola_lr0p002_b32_e2_lam0p01_pinit0p01_fclip10p0,43,ola,global_test,,,11,0.7333333333333333,0.8,958,0.9665970772442589,0.766895541069652,0.19970153617460695,0.019131407165527345,0.3412800399831541,0.11783609634930256
bayesfl_observability_v1,ola_lr0p002_b32_e2_lam0p01_pinit0p01_fclip10p0,43,ola,global_test,,,12,0.8,0.8666666666666667,1199,0.9849874895746455,0.834906824685018,0.15008066488962757,0.017994671720266343,0.22625217878192141,0.06020748787081868
bayesfl_observability_v1,ola_lr0p002_b32_e2_lam0p01_pinit0p01_fclip10p0,43,ola,global_test,,,13,0.8666666666666667,0.9333333333333333,1481,0.9959486833220796,0.9001269087768905,0.09582177454518914,0.014191204810142511,0.11739631215013578,0.0204391714203084
bayesfl_observability_v1,ola_lr0p002_b32_e2_lam0p01_pinit0p01_fclip10p0,43,ola,global_test,,,14,0.9333333333333333,1.0,626,1.0,0.9552863913412672,0.04471360865873275,0.00279907190203667,0.04586852470430703,0.003107041138858544
bayesfl_observability_v1,ola_lr0p002_b32_e2_lam0p01_pinit0p01_fclip10p0,43,ola,global_test_mc,,,0,0.0,0.06666666666666667,0,,,,,,
bayesfl_observability_v1,ola_lr0p002_b32_e2_lam0p01_pinit0p01_fclip10p0,43,ola,global_test_mc,,,1,0.06666666666666667,0.13333333333333333,0,,,,,,
bayesfl_observability_v1,ola_lr0p002_b32_e2_lam0p01_pinit0p01_fclip10p0,43,ola,global_test_mc,,,2,0.13333333333333333,0.2,33,0.18181818181818182,0.18083128423401804,0.0009868975841637873,3.256762027740498e-06,1.9905574610739043,0.8476160078337698
bayesfl_observability_v1,ola_lr0p002_b32_e2_lam0p01_pinit0p01_fclip10p0,43,ola,global_test_mc,,,3,0.2,0.26666666666666666,233,0.3218884120171674,0.23867157140003253,0.08321684061713486,0.0019389523863792423,1.8097119873685386,0.8024307844976499
bayesfl_observability_v1,ola_lr0p002_b32_e2_lam0p01_pinit0p01_fclip10p0,43,ola,global_test_mc,,,4,0.26666666666666666,0.3333333333333333,547,0.43327239488117003,0.303398843384748,0.12987355149642205,0.007104083266854286,1.5348712057692477,0.7206423155132552
bayesfl_observability_v1,ola_lr0p002_b32_e2_lam0p01_pinit0p01_fclip10p0,43,ola,global_test_mc,,,5,0.3333333333333333,0.4,756,0.548941798941799,0.367522490521272,0.18141930842052695,0.013715299716591838,1.3090778673609729,0.6430482096063397
bayesfl_observability_v1,ola_lr0p002_b32_e2_lam0p01_pinit0p01_fclip10p0,43,ola,global_test_mc,,,6,0.4,0.4666666666666667,818,0.6210268948655256,0.4337541621661128,0.18727273269941286,0.015318909534811971,1.1310777593504246,0.5683803810102724
bayesfl_observability_v1,ola_lr0p002_b32_e2_lam0p01_pinit0p01_fclip10p0,43,ola,global_test_mc,,,7,0.4666666666666667,0.5333333333333333,907,0.6857772877618522,0.49896266672025047,0.18681462104160174,0.016944086128473278,0.9601693398502985,0.4940939977058634
bayesfl_observability_v1,ola_lr0p002_b32_e2_lam0p01_pinit0p01_fclip10p0,43,ola,global_test_mc,,,8,0.5333333333333333,0.6,873,0.7789232531500573,0.5671043897139384,0.2118188634361189,0.01849178677797318,0.8349492364869221,0.4132003057556054
bayesfl_observability_v1,ola_lr0p002_b32_e2_lam0p01_pinit0p01_fclip10p0,43,ola,global_test_mc,,,9,0.6,0.6666666666666666,841,0.8632580261593341,0.6323992298842894,0.2308587962750447,0.01941522476673126,0.6373008553394948,0.29965082562210726
bayesfl_observability_v1,ola_lr0p002_b32_e2_lam0p01_pinit0p01_fclip10p0,43,ola,global_test_mc,,,10,0.6666666666666666,0.7333333333333333,871,0.9207807118254879,0.7007741652317901,0.22000654659369778,0.019162570208311077,0.4889029520387354,0.20747363412523925
bayesfl_observability_v1,ola_lr0p002_b32_e2_lam0p01_pinit0p01_fclip10p0,43,ola,global_test_mc,,,11,0.7333333333333333,0.8,969,0.9628482972136223,0.7672498063775408,0.1955984908360815,0.018953493762016296,0.35140543570213395,0.12185092223856225
bayesfl_observability_v1,ola_lr0p002_b32_e2_lam0p01_pinit0p01_fclip10p0,43,ola,global_test_mc,,,12,0.8,0.8666666666666667,1211,0.985962014863749,0.8347657806709913,0.15119623419275774,0.018309863960742963,0.22164548607427753,0.058600757830921626
bayesfl_observability_v1,ola_lr0p002_b32_e2_lam0p01_pinit0p01_fclip10p0,43,ola,global_test_mc,,,13,0.8666666666666667,0.9333333333333333,1392,0.9971264367816092,0.8994033395302021,0.09772309725140704,0.013603055137395861,0.1148225932767422,0.018705856692629343
bayesfl_observability_v1,ola_lr0p002_b32_e2_lam0p01_pinit0p01_fclip10p0,43,ola,global_test_mc,,,14,0.9333333333333333,1.0,549,1.0,0.9552712310207346,0.044728768979265365,0.0024556094169616684,0.04587688482110346,0.003077778913123526
bayesfl_observability_v1,ola_lr0p002_b32_e2_lam0p01_pinit0p01_fclip10p0,44,ola,global_test,,,0,0.0,0.06666666666666667,0,,,,,,
bayesfl_observability_v1,ola_lr0p002_b32_e2_lam0p01_pinit0p01_fclip10p0,44,ola,global_test,,,1,0.06666666666666667,0.13333333333333333,0,,,,,,
bayesfl_observability_v1,ola_lr0p002_b32_e2_lam0p01_pinit0p01_fclip10p0,44,ola,global_test,,,2,0.13333333333333333,0.2,15,0.26666666666666666,0.19096352656682333,0.07570314009984333,0.00011355471014976499,1.984777776400248,0.8416585644086202
bayesfl_observability_v1,ola_lr0p002_b32_e2_lam0p01_pinit0p01_fclip10p0,44,ola,global_test,,,3,0.2,0.26666666666666666,202,0.297029702970297,0.2405448502095619,0.056484852760735116,0.0011409940257668494,1.7874467431908787,0.7968604006979725
bayesfl_observability_v1,ola_lr0p002_b32_e2_lam0p01_pinit0p01_fclip10p0,44,ola,global_test,,,4,0.26666666666666666,0.3333333333333333,477,0.4171907756813417,0.3028618217264331,0.11432895395490861,0.005453491103649141,1.5797536138218653,0.7322303385354688
bayesfl_observability_v1,ola_lr0p002_b32_e2_lam0p01_pinit0p01_fclip10p0,44,ola,global_test,,,5,0.3333333333333333,0.4,661,0.5355521936459909,0.36755359916751934,0.1679985944784716,0.011104707095026973,1.3682885021196731,0.6579214751540081
bayesfl_observability_v1,ola_lr0p002_b32_e2_lam0p01_pinit0p01_fclip10p0,44,ola,global_test,,,6,0.4,0.4666666666666667,861,0.6155632984901278,0.4342459019329767,0.18131739655715112,0.015611427843570712,1.1036277432751849,0.5621828412275834
bayesfl_observability_v1,ola_lr0p002_b32_e2_lam0p01_pinit0p01_fclip10p0,44,ola,global_test,,,7,0.4666666666666667,0.5333333333333333,953,0.7135362014690452,0.5002418154184115,0.21329438605063367,0.02032695499062539,0.9368513823180984,0.48144826261719526
bayesfl_observability_v1,ola_lr0p002_b32_e2_lam0p01_pinit0p01_fclip10p0,44,ola,global_test,,,8,0.5333333333333333,0.6,938,0.8102345415778252,0.5663358850646883,0.2438986565131368,0.022877693980932232,0.785136145696457,0.3900223101284712
bayesfl_observability_v1,ola_lr0p002_b32_e2_lam0p01_pinit0p01_fclip10p0,44,ola,global_test,,,9,0.6,0.6666666666666666,881,0.8842224744608399,0.6322521141113948,0.2519703603494451,0.02219858874678611,0.627578050439393,0.2905333432348849
bayesfl_observability_v1,ola_lr0p002_b32_e2_lam0p01_pinit0p01_fclip10p0,44,ola,global_test,,,10,0.6666666666666666,0.7333333333333333,928,0.9267241379310345,0.6993714366108179,0.22735270132021657,0.021098330682516098,0.49559048656374216,0.20619835174674617
bayesfl_observability_v1,ola_lr0p002_b32_e2_lam0p01_pinit0p01_fclip10p0,44,ola,global_test,,,11,0.7333333333333333,0.8,959,0.9655891553701773,0.7673218276378883,0.19826732773228906,0.01901383672952652,0.3487341622428675,0.12005073913568252
bayesfl_observability_v1,ola_lr0p002_b32_e2_lam0p01_pinit0p01_fclip10p0,44,ola,global_test,,,12,0.8,0.8666666666666667,1199,0.9799833194328608,0.8337865024929348,0.14619681693992592,0.017528998351097117,0.23614609714992052,0.0679354791974554
bayesfl_observability_v1,ola_lr0p002_b32_e2_lam0p01_pinit0p01_fclip10p0,44,ola,global_test,,,13,0.8666666666666667,0.9333333333333333,1387,0.9956741167988464,0.8999703207201638,0.09570379607868262,0.013274116516113281,0.11723920022336888,0.020987304577855064
bayesfl_observability_v1,ola_lr0p002_b32_e2_lam0p01_pinit0p01_fclip10p0,44,ola,global_test,,,14,0.9333333333333333,1.0,539,0.9944341372912802,0.9539453480150792,0.04048878927620092,0.0021823457419872295,0.07175520639382786,0.013693976607732
bayesfl_observability_v1,ola_lr0p002_b32_e2_lam0p01_pinit0p01_fclip10p0,44,ola,global_test_mc,,,0,0.0,0.06666666666666667,0,,,,,,
bayesfl_observability_v1,ola_lr0p002_b32_e2_lam0p01_pinit0p01_fclip10p0,44,ola,global_test_mc,,,1,0.06666666666666667,0.13333333333333333,0,,,,,,
bayesfl_observability_v1,ola_lr0p002_b32_e2_lam0p01_pinit0p01_fclip10p0,44,ola,global_test_mc,,,2,0.13333333333333333,0.2,15,0.13333333333333333,0.187349463502566,0.05401613016923268,8.102419525384902e-05,1.8904837290445964,0.8283586343129475
bayesfl_observability_v1,ola_lr0p002_b32_e2_lam0p01_pinit0p01_fclip10p0,44,ola,global_test_mc,,,3,0.2,0.26666666666666666,235,0.28085106382978725,0.24108431117331727,0.03976675265646998,0.0009345186874270445,1.8198712922157125,0.8005132695461842
bayesfl_observability_v1,ola_lr0p002_b32_e2_lam0p01_pinit0p01_fclip10p0,44,ola,global_test_mc,,,4,0.26666666666666666,0.3333333333333333,484,0.4318181818181818,0.30342223107322186,0.12839595074495996,0.006214364016056062,1.5666789291811383,0.7319633049413192
bayesfl_observability_v1,ola_lr0p002_b32_e2_lam0p01_pinit0p01_fclip10p0,44,ola,global_test_mc,,,5,0.3333333333333333,0.4,701,0.5663338088445078,0.3683732381985973,0.1979605706459105,0.013877036002278326,1.3226893326525342,0.6429770699411248
bayesfl_observability_v1,ola_lr0p002_b32_e2_lam0p01_pinit0p01_fclip10p0,44,ola,global_test_mc,,,6,0.4,0.4666666666666667,880,0.6363636363636364,0.4343569708818739,0.20200666548176244,0.017776586562395096,1.1079796102913944,0.5588658958673477
bayesfl_observability_v1,ola_lr0p002_b32_e2_lam0p01_pinit0p01_fclip10p0,44,ola,global_test_mc,,,7,0.4666666666666667,0.5333333333333333,959,0.7205422314911366,0.49994663401614636,0.22059559747499025,0.021155117797851564,0.9296695189754458,0.47782764258300175
bayesfl_observability_v1,ola_lr0p002_b32_e2_lam0p01_pinit0p01_fclip10p0,44,ola,global_test_mc,,,8,0.5333333333333333,0.6,937,0.8175026680896478,0.5649402991430228,0.252562368946625,0.023665093970298763,0.7809710447918008,0.3863003548938411
bayesfl_observability_v1,ola_lr0p002_b32_e2_lam0p01_pinit0p01_fclip10p0,44,ola,global_test_mc,,,9,0.6,0.6666666666666666,904,0.8827433628318584,0.6316206295669606,0.25112273326489776,0.022701495087146757,0.63210885104748,0.2919317529726345
bayesfl_observability_v1,ola_lr0p002_b32_e2_lam0p01_pinit0p01_fclip10p0,44,ola,global_test_mc,,,10,0.6666666666666666,0.7333333333333333,923,0.9349945828819068,0.6979793049274002,0.2370152779545066,0.02187651015520096,0.4890024590660149,0.1976507525499567
bayesfl_observability_v1,ola_lr0p002_b32_e2_lam0p01_pinit0p01_fclip10p0,44,ola,global_test_mc,,,11,0.7333333333333333,0.8,1034,0.9680851063829787,0.7682120510065348,0.19987305537644395,0.020666873925924305,0.336121135944324,0.11548488803669033
bayesfl_observability_v1,ola_lr0p002_b32_e2_lam0p01_pinit0p01_fclip10p0,44,ola,global_test_mc,,,12,0.8,0.8666666666666667,1152,0.9835069444444444,0.8345674646293951,0.1489394798150493,0.01715782807469368,0.22529678103617495,0.06185637349295171
bayesfl_observability_v1,ola_lr0p002_b32_e2_lam0p01_pinit0p01_fclip10p0,44,ola,global_test_mc,,,13,0.8666666666666667,0.9333333333333333,1317,0.9954441913439636,0.8990099507475225,0.09643424059644101,0.012700389486551281,0.11979887803101413,0.021636226804588973
bayesfl_observability_v1,ola_lr0p002_b32_e2_lam0p01_pinit0p01_fclip10p0,44,ola,global_test_mc,,,14,0.9333333333333333,1.0,459,0.9934640522875817,0.9532499814604882,0.040214070827093495,0.0018458258509635914,0.07598846409599701,0.015530373041170815
bayesfl_observability_v1,ola_lr0p002_b32_e2_lam0p01_pinit0p01_fclip10p0,45,ola,global_test,,,0,0.0,0.06666666666666667,0,,,,,,
bayesfl_observability_v1,ola_lr0p002_b32_e2_lam0p01_pinit0p01_fclip10p0,45,ola,global_test,,,1,0.06666666666666667,0.13333333333333333,0,,,,,,
bayesfl_observability_v1,ola_lr0p002_b32_e2_lam0p01_pinit0p01_fclip10p0,45,ola,global_test,,,2,0.13333333333333333,0.2,20,0.15,0.18313364386558534,0.033133643865585344,6.626728773117068e-05,1.9748049914836883,0.8454478353261947
bayesfl_observability_v1,ola_lr0p002_b32_e2_lam0p01_pinit0p01_fclip10p0,45,ola,global_test,,,3,0.2,0.26666666666666666,223,0.3273542600896861,0.2416080800407136,0.0857461800489725,0.0019121398150920867,1.7441059393733072,0.7872659366227052
bayesfl_observability_v1,ola_lr0p002_b32_e2_lam0p01_pinit0p01_fclip10p0,45,ola,global_test,,,4,0.26666666666666666,0.3333333333333333,464,0.42887931034482757,0.30359029461597575,0.12528901572885182,0.005813410329818724,1.5267380357816303,0.7204454972826201
bayesfl_observability_v1,ola_lr0p002_b32_e2_lam0p01_pinit0p01_fclip10p0,45,ola,global_test,,,5,0.3333333333333333,0.4,689,0.5399129172714079,0.36822369677407996,0.17168922049732793,0.011829387292265894,1.326436957271421,0.6456379274498395
bayesfl_observability_v1,ola_lr0p002_b32_e2_lam0p01_pinit0p01_fclip10p0,45,ola,global_test,,,6,0.4,0.4666666666666667,877,0.5655644241733181,0.43402362783931137,0.13154079633400673,0.011536127838492389,1.1894126360473503,0.5928849897675531
bayesfl_observability_v1,ola_lr0p002_b32_e2_lam0p01_pinit0p01_fclip10p0,45,ola,global_test,,,7,0.4666666666666667,0.5333333333333333,909,0.7007700770077008,0.4989734344159809,0.20179664259171987,0.018343314811587335,0.9589921298331291,0.4903365341809192
bayesfl_observability_v1,ola_lr0p002_b32_e2_lam0p01_pinit0p01_fclip10p0,45,ola,global_test,,,8,0.5333333333333333,0.6,834,0.7805755395683454,0.5655776724683866,0.21499786709995872,0.017930822116136558,0.8328761120351384,0.4141612517462074
bayesfl_observability_v1,ola_lr0p002_b32_e2_lam0p01_pinit0p01_fclip10p0,45,ola,global_test,,,9,0.6,0.6666666666666666,784,0.8686224489795918,0.6332234629258817,0.23539898605371012,0.018455280506610872,0.652394985133896,0.3003252232827398
bayesfl_observability_v1,ola_lr0p002_b32_e2_lam0p01_pinit0p01_fclip10p0,45,ola,global_test,,,10,0.6666666666666666,0.7333333333333333,786,0.910941475826972,0.7014295689325599,0.20951190689441213,0.016467635881900793,0.5462515540326218,0.22421503240484317
bayesfl_observability_v1,ola_lr0p002_b32_e2_lam0p01_pinit0p01_fclip10p0,45,ola,global_test,,,11,0.7333333333333333,0.8,810,0.9419753086419753,0.7672886302441726,0.17468667839780272,0.01414962095022202,0.39599704343227693,0.14750003828034725
bayesfl_observability_v1,ola_lr0p002_b32_e2_lam0p01_pinit0p01_fclip10p0,45,ola,global_test,,,12,0.8,0.8666666666666667,1064,0.9774436090225563,0.8356983040956626,0.14174530492689374,0.015081700444221493,0.24367325821597324,0.07068712582384565
bayesfl_observability_v1,ola_lr0p002_b32_e2_lam0p01_pinit0p01_fclip10p0,45,ola,global_test,,,13,0.8666666666666667,0.9333333333333333,1475,0.991864406779661,0.9007126204038071,0.09115178637585397,0.013444888490438461,0.13245081513109855,0.02727030425506123
bayesfl_observability_v1,ola_lr0p002_b32_e2_lam0p01_pinit0p01_fclip10p0,45,ola,global_test,,,14,0.9333333333333333,1.0,1065,0.996244131455399,0.9619382538705924,0.03430587758480663,0.0036535759627819063,0.05425598932771196,0.009439622978793244
bayesfl_observability_v1,ola_lr0p002_b32_e2_lam0p01_pinit0p01_fclip10p0,45,ola,global_test_mc,,,0,0.0,0.06666666666666667,0,,,,,,
bayesfl_observability_v1,ola_lr0p002_b32_e2_lam0p01_pinit0p01_fclip10p0,45,ola,global_test_mc,,,1,0.06666666666666667,0.13333333333333333,0,,,,,,
bayesfl_observability_v1,ola_lr0p002_b32_e2_lam0p01_pinit0p01_fclip10p0,45,ola,global_test_mc,,,2,0.13333333333333333,0.2,22,0.18181818181818182,0.18281935290856796,0.0010011710903861382,2.2025763988495038e-06,1.9562881155447527,0.8423608351837505
bayesfl_observability_v1,ola_lr0p002_b32_e2_lam0p01_pinit0p01_fclip10p0,45,ola,global_test_mc,,,3,0.2,0.26666666666666666,223,0.3632286995515695,0.24179475831343988,0.12143394123812962,0.0027079768896102903,1.7603049593656053,0.7898634968851714
bayesfl_observability_v1,ola_lr0p002_b32_e2_lam0p01_pinit0p01_fclip10p0,45,ola,global_test_mc,,,4,0.26666666666666666,0.3333333333333333,513,0.4191033138401559,0.30294370994000874,0.11615960390014718,0.00595898768007755,1.547097646469726,0.7243758911742569
bayesfl_observability_v1,ola_lr0p002_b32_e2_lam0p01_pinit0p01_fclip10p0,45,ola,global_test_mc,,,5,0.3333333333333333,0.4,707,0.5332390381895332,0.36922729790969483,0.1640117402798384,0.011595630037784575,1.305729340630171,0.6404780603871487
bayesfl_observability_v1,ola_lr0p002_b32_e2_lam0p01_pinit0p01_fclip10p0,45,ola,global_test_mc,,,6,0.4,0.4666666666666667,905,0.605524861878453,0.43441401884700714,0.17111084303144586,0.01548553129434585,1.143865212682861,0.5779905000444275
bayesfl_observability_v1,ola_lr0p002_b32_e2_lam0p01_pinit0p01_fclip10p0,45,ola,global_test_mc,,,7,0.4666666666666667,0.5333333333333333,933,0.6966773847802786,0.5000672273633309,0.19661015741694776,0.018343727687001224,0.9849712159983726,0.49666369481996453
bayesfl_observability_v1,ola_lr0p002_b32_e2_lam0p01_pinit0p01_fclip10p0,45,ola,global_test_mc,,,8,0.5333333333333333,0.6,813,0.7921279212792128,0.5661765890514425,0.2259513322277703,0.018369843310117727,0.818212157319246,0.4033601637586017
bayesfl_observability_v1,ola_lr0p002_b32_e2_lam0p01_pinit0p01_fclip10p0,45,ola,global_test_mc,,,9,0.6,0.6666666666666666,794,0.8702770780856424,0.6331123224734059,0.2371647556122365,0.018830881595611578,0.6640649759198917,0.30256647802420167
bayesfl_observability_v1,ola_lr0p002_b32_e2_lam0p01_pinit0p01_fclip10p0,45,ola,global_test_mc,,,10,0.6666666666666666,0.7333333333333333,784,0.9094387755102041,0.7006842480326185,0.2087545274775856,0.016366354954242712,0.5366348454690709,0.22282861501016482
bayesfl_observability_v1,ola_lr0p002_b32_e2_lam0p01_pinit0p01_fclip10p0,45,ola,global_test_mc,,,11,0.7333333333333333,0.8,851,0.9565217391304348,0.766829284181606,0.1896924549488288,0.01614282791614533,0.3716082434606608,0.13073723771544798
bayesfl_observability_v1,ola_lr0p002_b32_e2_lam0p01_pinit0p01_fclip10p0,45,ola,global_test_mc,,,12,0.8,0.8666666666666667,1096,0.9744525547445255,0.836149194814863,0.13830335992966247,0.015158048248291008,0.2521843003231461,0.07518178940390366
bayesfl_observability_v1,ola_lr0p002_b32_e2_lam0p01_pinit0p01_fclip10p0,45,ola,global_test_mc,,,13,0.8666666666666667,0.9333333333333333,1375,0.9949090909090909,0.8997381945089861,0.09517089640010479,0.013085998255014409,0.1230523931871761,0.0224671910059723
bayesfl_observability_v1,ola_lr0p002_b32_e2_lam0p01_pinit0p01_fclip10p0,45,ola,global_test_mc,,,14,0.9333333333333333,1.0,984,0.9969512195121951,0.961287412519862,0.03566380699233307,0.003509318608045574,0.052110013755027024,0.008179201323230707
bayesfl_observability_v1,ola_lr0p002_b32_e2_lam0p01_pinit0p01_fclip10p0,46,ola,global_test,,,0,0.0,0.06666666666666667,0,,,,,,
bayesfl_observability_v1,ola_lr0p002_b32_e2_lam0p01_pinit0p01_fclip10p0,46,ola,global_test,,,1,0.06666666666666667,0.13333333333333333,0,,,,,,
bayesfl_observability_v1,ola_lr0p002_b32_e2_lam0p01_pinit0p01_fclip10p0,46,ola,global_test,,,2,0.13333333333333333,0.2,7,0.42857142857142855,0.18804044808660234,0.2405309804848262,0.00016837168633937835,1.9058853047234672,0.8369420851979937
bayesfl_observability_v1,ola_lr0p002_b32_e2_lam0p01_pinit0p01_fclip10p0,46,ola,global_test,,,3,0.2,0.26666666666666666,152,0.2565789473684211,0.24570362338502155,0.01087532398339952,0.00016530492454767273,1.7686945819541027,0.8025505903520083
bayesfl_observability_v1,ola_lr0p002_b32_e2_lam0p01_pinit0p01_fclip10p0,46,ola,global_test,,,4,0.26666666666666666,0.3333333333333333,466,0.34120171673819744,0.30393820751634276,0.037263509221854674,0.0017364795297384276,1.5810506868260101,0.7489497880311483
bayesfl_observability_v1,ola_lr0p002_b32_e2_lam0p01_pinit0p01_fclip10p0,46,ola,global_test,,,5,0.3333333333333333,0.4,701,0.42082738944365194,0.36850307314270064,0.0523243163009513,0.0036679345726966864,1.4241498372014,0.6959869678367392
bayesfl_observability_v1,ola_lr0p002_b32_e2_lam0p01_pinit0p01_fclip10p0,46,ola,global_test,,,6,0.4,0.4666666666666667,943,0.5397667020148462,0.43363562166248376,0.10613108035236246,0.01000816087722778,1.2465294005382856,0.6230393304614981
bayesfl_observability_v1,ola_lr0p002_b32_e2_lam0p01_pinit0p01_fclip10p0,46,ola,global_test,,,7,0.4666666666666667,0.5333333333333333,1018,0.630648330058939,0.4995640850020298,0.13108424505690924,0.01334437614679336,1.0321169090411517,0.5404100196476301
bayesfl_observability_v1,ola_lr0p002_b32_e2_lam0p01_pinit0p01_fclip10p0,46,ola,global_test,,,8,0.5333333333333333,0.6,895,0.7150837988826816,0.5666364702432515,0.1484473286394301,0.013286035913228994,0.9249910198776415,0.4693120062850707
bayesfl_observability_v1,ola_lr0p002_b32_e2_lam0p01_pinit0p01_fclip10p0,46,ola,global_test,,,9,0.6,0.6666666666666666,838,0.7649164677804295,0.6325237145002816,0.132392753280148,0.011094512724876401,0.8167118199329673,0.4058189495046554
bayesfl_observability_v1,ola_lr0p002_b32_e2_lam0p01_pinit0p01_fclip10p0,46,ola,global_test,,,10,0.6666666666666666,0.7333333333333333,910,0.8538461538461538,0.7000172777490301,0.1538288760971237,0.013998427724838256,0.6425543814570039,0.29296265594088117
bayesfl_observability_v1,ola_lr0p002_b32_e2_lam0p01_pinit0p01_fclip10p0,46,ola,global_test,,,11,0.7333333333333333,0.8,1017,0.9016715830875123,0.7676912936489139,0.1339802894385984,0.013625795435905459,0.48265907729562874,0.20573193357933237
bayesfl_observability_v1,ola_lr0p002_b32_e2_lam0p01_pinit0p01_fclip10p0,46,ola,global_test,,,12,0.8,0.8666666666666667,1152,0.9444444444444444,0.8344582420152923,0.10998620242915214,0.012670410519838325,0.33996844137760085,0.12367693645097057
bayesfl_observability_v1,ola_lr0p002_b32_e2_lam0p01_pinit0p01_fclip10p0,46,ola,global_test,,,13,0.8666666666666667,0.9333333333333333,981,0.944954128440367,0.8981624166656829,0.04679171177468411,0.0045902669250965115,0.3042595986273068,0.10915968159145308
bayesfl_observability_v1,ola_lr0p002_b32_e2_lam0p01_pinit0p01_fclip10p0,46,ola,global_test,,,14,0.9333333333333333,1.0,920,0.9782608695652174,0.9699368599316348,0.008324009633582596,0.0007658088862895989,0.13934282605617265,0.043010305614749854
bayesfl_observability_v1,ola_lr0p002_b32_e2_lam0p01_pinit0p01_fclip10p0,46,ola,global_test_mc,,,0,0.0,0.06666666666666667,0,,,,,,
bayesfl_observability_v1,ola_lr0p002_b32_e2_lam0p01_pinit0p01_fclip10p0,46,ola,global_test_mc,,,1,0.06666666666666667,0.13333333333333333,0,,,,,,
bayesfl_observability_v1,ola_lr0p002_b32_e2_lam0p01_pinit0p01_fclip10p0,46,ola,global_test_mc,,,2,0.13333333333333333,0.2,11,0.2727272727272727,0.18965320018204776,0.08307407254522495,9.138147979974744e-05,1.8565293550491333,0.8201837214556608
bayesfl_observability_v1,ola_lr0p002_b32_e2_lam0p01_pinit0p01_fclip10p0,46,ola,global_test_mc,,,3,0.2,0.26666666666666666,139,0.2589928057553957,0.24257966329296715,0.01641314246242853,0.00022814268022775658,1.7867783942668558,0.8038607183977854
bayesfl_observability_v1,ola_lr0p002_b32_e2_lam0p01_pinit0p01_fclip10p0,46,ola,global_test_mc,,,4,0.26666666666666666,0.3333333333333333,503,0.33001988071570576,0.3037880888397604,0.026231791875945376,0.0013194591313600524,1.6068278560581548,0.7553789095423568
bayesfl_observability_v1,ola_lr0p002_b32_e2_lam0p01_pinit0p01_fclip10p0,46,ola,global_test_mc,,,5,0.3333333333333333,0.4,732,0.42896174863387976,0.3685042317040631,0.06045751692981666,0.004425490239262579,1.427413494453404,0.6954614512744497
bayesfl_observability_v1,ola_lr0p002_b32_e2_lam0p01_pinit0p01_fclip10p0,46,ola,global_test_mc,,,6,0.4,0.4666666666666667,1008,0.5337301587301587,0.4337982517327108,0.09993190699744792,0.010073136225342751,1.223987934608308,0.6199660952542982
bayesfl_observability_v1,ola_lr0p002_b32_e2_lam0p01_pinit0p01_fclip10p0,46,ola,global_test_mc,,,7,0.4666666666666667,0.5333333333333333,987,0.6423505572441742,0.49984239535491154,0.14250816188926269,0.014065555578470227,1.0361829666381186,0.5376174220439752
bayesfl_observability_v1,ola_lr0p002_b32_e2_lam0p01_pinit0p01_fclip10p0,46,ola,global_test_mc,,,8,0.5333333333333333,0.6,917,0.7273718647764449,0.5671843902625331,0.1601874745139118,0.014689191412925712,0.9043692776135036,0.45851066988063094
bayesfl_observability_v1,ola_lr0p002_b32_e2_lam0p01_pinit0p01_fclip10p0,46,ola,global_test_mc,,,9,0.6,0.6666666666666666,891,0.7721661054994389,0.6336050695843167,0.13856103591512214,0.012345788300037382,0.7969274432905328,0.39431293862302164
bayesfl_observability_v1,ola_lr0p002_b32_e2_lam0p01_pinit0p01_fclip10p0,46,ola,global_test_mc,,,10,0.6666666666666666,0.7333333333333333,901,0.853496115427303,0.7006646233975689,0.15283149202973412,0.013770117431879043,0.6390451799156134,0.2914466472977274
bayesfl_observability_v1,ola_lr0p002_b32_e2_lam0p01_pinit0p01_fclip10p0,46,ola,global_test_mc,,,11,0.7333333333333333,0.8,1031,0.8942774005819593,0.7678809489704358,0.12639645161152346,0.013031474161148068,0.49919640613226607,0.2150780622541153
bayesfl_observability_v1,ola_lr0p002_b32_e2_lam0p01_pinit0p01_fclip10p0,46,ola,global_test_mc,,,12,0.8,0.8666666666666667,1116,0.9435483870967742,0.8337386758951303,0.10980971120164396,0.012254763770103465,0.3421686334021416,0.1256226379487757
bayesfl_observability_v1,ola_lr0p002_b32_e2_lam0p01_pinit0p01_fclip10p0,46,ola,global_test_mc,,,13,0.8666666666666667,0.9333333333333333,890,0.9449438202247191,0.8982726395130157,0.0466711807117034,0.004153735083341602,0.31529411380545475,0.11041796290933081
bayesfl_observability_v1,ola_lr0p002_b32_e2_lam0p01_pinit0p01_fclip10p0,46,ola,global_test_mc,,,14,0.9333333333333333,1.0,874,0.9794050343249427,0.9696583634655863,0.009746670859356432,0.0008518590331077523,0.13664164308147417,0.040892674977380784
bayesfl_observability_v1,ola_lr0p002_b32_e2_lam0p01_pinit0p01_fclip10p0,47,ola,global_test,,,0,0.0,0.06666666666666667,0,,,,,,
bayesfl_observability_v1,ola_lr0p002_b32_e2_lam0p01_pinit0p01_fclip10p0,47,ola,global_test,,,1,0.06666666666666667,0.13333333333333333,0,,,,,,
bayesfl_observability_v1,ola_lr0p002_b32_e2_lam0p01_pinit0p01_fclip10p0,47,ola,global_test,,,2,0.13333333333333333,0.2,14,0.21428571428571427,0.18736385766948974,0.026921856616224538,3.7690599262714355e-05,1.926023781299591,0.8386370624814715
bayesfl_observability_v1,ola_lr0p002_b32_e2_lam0p01_pinit0p01_fclip10p0,47,ola,global_test,,,3,0.2,0.26666666666666666,205,0.3024390243902439,0.24165156076594096,0.06078746362430293,0.00124614300429821,1.7382981300354003,0.7898267394158899
bayesfl_observability_v1,ola_lr0p002_b32_e2_lam0p01_pinit0p01_fclip10p0,47,ola,global_test,,,4,0.26666666666666666,0.3333333333333333,542,0.4003690036900369,0.3027286164984932,0.09764038719154372,0.005292108985781669,1.5569868397888662,0.7348567377157317
bayesfl_observability_v1,ola_lr0p002_b32_e2_lam0p01_pinit0p01_fclip10p0,47,ola,global_test,,,5,0.3333333333333333,0.4,748,0.5080213903743316,0.36678088862787595,0.14124050174645564,0.010564789530634881,1.3537204337311302,0.6617487139481911
bayesfl_observability_v1,ola_lr0p002_b32_e2_lam0p01_pinit0p01_fclip10p0,47,ola,global_test,,,6,0.4,0.4666666666666667,855,0.6152046783625731,0.4334017140823498,0.1818029642802233,0.01554415344595909,1.1741196950973822,0.5844727677908558
bayesfl_observability_v1,ola_lr0p002_b32_e2_lam0p01_pinit0p01_fclip10p0,47,ola,global_test,,,7,0.4666666666666667,0.5333333333333333,864,0.6956018518518519,0.49943948274961225,0.1961623691022396,0.016948428690433504,1.0557024649309892,0.5175117045227025
bayesfl_observability_v1,ola_lr0p002_b32_e2_lam0p01_pinit0p01_fclip10p0,47,ola,global_test,,,8,0.5333333333333333,0.6,789,0.8111533586818758,0.5671725721111467,0.24398078657072908,0.019250084060430522,0.8400810773381715,0.3985967692200222
bayesfl_observability_v1,ola_lr0p002_b32_e2_lam0p01_pinit0p01_fclip10p0,47,ola,global_test,,,9,0.6,0.6666666666666666,750,0.8506666666666667,0.632464771270752,0.21820189539591472,0.016365142154693604,0.7112513612906138,0.3259469984968503
bayesfl_observability_v1,ola_lr0p002_b32_e2_lam0p01_pinit0p01_fclip10p0,47,ola,global_test,,,10,0.6666666666666666,0.7333333333333333,776,0.9110824742268041,0.6994377836277804,0.2116446905990237,0.016423627990484236,0.5591195488406211,0.22800110655923173
bayesfl_observability_v1,ola_lr0p002_b32_e2_lam0p01_pinit0p01_fclip10p0,47,ola,global_test,,,11,0.7333333333333333,0.8,841,0.9274673008323424,0.7678686854530317,0.15959861537931075,0.013422243553400034,0.4483940347621614,0.17283465751357086
bayesfl_observability_v1,ola_lr0p002_b32_e2_lam0p01_pinit0p01_fclip10p0,47,ola,global_test,,,12,0.8,0.8666666666666667,1115,0.9641255605381166,0.8342761384532056,0.12984942208491101,0.014478210562467578,0.29948790787046803,0.09365096303212536
bayesfl_observability_v1,ola_lr0p002_b32_e2_lam0p01_pinit0p01_fclip10p0,47,ola,global_test,,,13,0.8666666666666667,0.9333333333333333,1408,0.9900568181818182,0.8994284314950082,0.09062838668681006,0.012760476845502857,0.14945255313597788,0.03165089244728072
bayesfl_observability_v1,ola_lr0p002_b32_e2_lam0p01_pinit0p01_fclip10p0,47,ola,global_test,,,14,0.9333333333333333,1.0,1093,0.9963403476669717,0.9635279197160629,0.032812427950908774,0.003586398375034329,0.05935276269551438,0.009433116668304117
bayesfl_observability_v1,ola_lr0p002_b32_e2_lam0p01_pinit0p01_fclip10p0,47,ola,global_test_mc,,,0,0.0,0.06666666666666667,0,,,,,,
bayesfl_observability_v1,ola_lr0p002_b32_e2_lam0p01_pinit0p01_fclip10p0,47,ola,global_test_mc,,,1,0.06666666666666667,0.13333333333333333,0,,,,,,
bayesfl_observability_v1,ola_lr0p002_b32_e2_lam0p01_pinit0p01_fclip10p0,47,ola,global_test_mc,,,2,0.13333333333333333,0.2,15,0.2,0.18826587796211242,0.011734122037887595,1.7601183056831395e-05,1.9252225399017333,0.8366280992825826
bayesfl_observability_v1,ola_lr0p002_b32_e2_lam0p01_pinit0p01_fclip10p0,47,ola,global_test_mc,,,3,0.2,0.26666666666666666,221,0.3438914027149321,0.24084350581352526,0.10304789690140687,0.0022773585215210917,1.7279519392893865,0.7868308956267068
bayesfl_observability_v1,ola_lr0p002_b32_e2_lam0p01_pinit0p01_fclip10p0,47,ola,global_test_mc,,,4,0.26666666666666666,0.3333333333333333,569,0.4024604569420035,0.3033765639278298,0.0990838930141737,0.005637873512506483,1.555206417827908,0.7322583272922227
bayesfl_observability_v1,ola_lr0p002_b32_e2_lam0p01_pinit0p01_fclip10p0,47,ola,global_test_mc,,,5,0.3333333333333333,0.4,802,0.5349127182044888,0.3668264499551935,0.16808626824929535,0.013480518713593485,1.3354117958028418,0.6535387850015836
bayesfl_observability_v1,ola_lr0p002_b32_e2_lam0p01_pinit0p01_fclip10p0,47,ola,global_test_mc,,,6,0.4,0.4666666666666667,873,0.5967926689576174,0.43340622378515353,0.16338644517246387,0.014263636663556097,1.1955170353526785,0.59419592330819
bayesfl_observability_v1,ola_lr0p002_b32_e2_lam0p01_pinit0p01_fclip10p0,47,ola,global_test_mc,,,7,0.4666666666666667,0.5333333333333333,868,0.7338709677419355,0.5012165389371358,0.2326544288047997,0.020194404420256613,1.0232319210394187,0.4947423326186321
bayesfl_observability_v1,ola_lr0p002_b32_e2_lam0p01_pinit0p01_fclip10p0,47,ola,global_test_mc,,,8,0.5333333333333333,0.6,788,0.7855329949238579,0.5664332452310523,0.21909974969280555,0.017265060275793075,0.8525786201663429,0.41279843088409623
bayesfl_observability_v1,ola_lr0p002_b32_e2_lam0p01_pinit0p01_fclip10p0,47,ola,global_test_mc,,,9,0.6,0.6666666666666666,753,0.8645418326693227,0.6330469264927139,0.23149490617660884,0.017431566435098644,0.6998713462159611,0.31408918790449974
bayesfl_observability_v1,ola_lr0p002_b32_e2_lam0p01_pinit0p01_fclip10p0,47,ola,global_test_mc,,,10,0.6666666666666666,0.7333333333333333,789,0.9036755386565273,0.7004077458714049,0.20326779278512241,0.016037828850746158,0.5736595741620686,0.2356553739940108
bayesfl_observability_v1,ola_lr0p002_b32_e2_lam0p01_pinit0p01_fclip10p0,47,ola,global_test_mc,,,11,0.7333333333333333,0.8,846,0.9349881796690307,0.7674912434097723,0.16749693625925843,0.014170240807533265,0.42255348241921015,0.16059037788064345
bayesfl_observability_v1,ola_lr0p002_b32_e2_lam0p01_pinit0p01_fclip10p0,47,ola,global_test_mc,,,12,0.8,0.8666666666666667,1124,0.9697508896797153,0.8343693873848355,0.13538150229487989,0.0152168808579445,0.2839035260162956,0.08482178075577122
bayesfl_observability_v1,ola_lr0p002_b32_e2_lam0p01_pinit0p01_fclip10p0,47,ola,global_test_mc,,,13,0.8666666666666667,0.9333333333333333,1351,0.9874167283493709,0.8989059665218977,0.0885107618274732,0.011957803922891629,0.16101216158652465,0.03654548283018376
bayesfl_observability_v1,ola_lr0p002_b32_e2_lam0p01_pinit0p01_fclip10p0,47,ola,global_test_mc,,,14,0.9333333333333333,1.0,1001,0.998001998001998,0.9634321087842935,0.03456988921770443,0.0034604459106922134,0.050670643279386626,0.006319399630027167
bayesfl_observability_v1,ola_lr0p002_b32_e2_lam0p01_pinit0p01_fclip10p0,48,ola,global_test,,,0,0.0,0.06666666666666667,0,,,,,,
bayesfl_observability_v1,ola_lr0p002_b32_e2_lam0p01_pinit0p01_fclip10p0,48,ola,global_test,,,1,0.06666666666666667,0.13333333333333333,0,,,,,,
bayesfl_observability_v1,ola_lr0p002_b32_e2_lam0p01_pinit0p01_fclip10p0,48,ola,global_test,,,2,0.13333333333333333,0.2,23,0.21739130434782608,0.18547287518563477,0.031918429162191314,7.341238707304002e-05,1.8949513590854148,0.8299338325210239
bayesfl_observability_v1,ola_lr0p002_b32_e2_lam0p01_pinit0p01_fclip10p0,48,ola,global_test,,,3,0.2,0.26666666666666666,196,0.34183673469387754,0.24046113851423168,0.10137559617964587,0.001986961685121059,1.7391630094878527,0.7850177132961701
bayesfl_observability_v1,ola_lr0p002_b32_e2_lam0p01_pinit0p01_fclip10p0,48,ola,global_test,,,4,0.26666666666666666,0.3333333333333333,442,0.4592760180995475,0.30358624100954823,0.15568977708999926,0.006881488147377968,1.5104080425128679,0.7165694569840151
bayesfl_observability_v1,ola_lr0p002_b32_e2_lam0p01_pinit0p01_fclip10p0,48,ola,global_test,,,5,0.3333333333333333,0.4,611,0.5417348608837971,0.3696337619311681,0.17210109895262898,0.01051537714600563,1.3214380499188911,0.647420420779339
bayesfl_observability_v1,ola_lr0p002_b32_e2_lam0p01_pinit0p01_fclip10p0,48,ola,global_test,,,6,0.4,0.4666666666666667,765,0.6352941176470588,0.4337861453396043,0.20150797230745449,0.015415359881520268,1.1400995175043742,0.5679280869711458
bayesfl_observability_v1,ola_lr0p002_b32_e2_lam0p01_pinit0p01_fclip10p0,48,ola,global_test,,,7,0.4666666666666667,0.5333333333333333,744,0.7190860215053764,0.5005195511765378,0.21856647032883858,0.01626134539246559,0.9823223753802238,0.48523390405280614
bayesfl_observability_v1,ola_lr0p002_b32_e2_lam0p01_pinit0p01_fclip10p0,48,ola,global_test,,,8,0.5333333333333333,0.6,851,0.8190364277320799,0.5664481243991963,0.2525883033328835,0.021495264613628388,0.7983743418117528,0.3861093388916323
bayesfl_observability_v1,ola_lr0p002_b32_e2_lam0p01_pinit0p01_fclip10p0,48,ola,global_test,,,9,0.6,0.6666666666666666,786,0.9096692111959288,0.6328084530266187,0.2768607581693101,0.021761255592107776,0.6147223917279231,0.26926615117615416
bayesfl_observability_v1,ola_lr0p002_b32_e2_lam0p01_pinit0p01_fclip10p0,48,ola,global_test,,,10,0.6666666666666666,0.7333333333333333,909,0.9493949394939494,0.7001221495361873,0.24927278995776203,0.02265889660716057,0.47773383988930185,0.18246484682275385
bayesfl_observability_v1,ola_lr0p002_b32_e2_lam0p01_pinit0p01_fclip10p0,48,ola,global_test,,,11,0.7333333333333333,0.8,1034,0.9729206963249516,0.7672682677177672,0.20565242860718436,0.02126446111798286,0.34459344709807255,0.1110817258078713
bayesfl_observability_v1,ola_lr0p002_b32_e2_lam0p01_pinit0p01_fclip10p0,48,ola,global_test,,,12,0.8,0.8666666666666667,1214,0.9909390444810544,0.8340807454982738,0.1568582989827806,0.019042597496509564,0.21204558267723,0.05159431429276062
bayesfl_observability_v1,ola_lr0p002_b32_e2_lam0p01_pinit0p01_fclip10p0,48,ola,global_test,,,13,0.8666666666666667,0.9333333333333333,1377,0.9956427015250545,0.8992744483805776,0.09636825314447695,0.013269908457994476,0.1254051356219951,0.021689936419923235
bayesfl_observability_v1,ola_lr0p002_b32_e2_lam0p01_pinit0p01_fclip10p0,48,ola,global_test,,,14,0.9333333333333333,1.0,1048,0.9990458015267175,0.9635849357902548,0.03546086573646268,0.003716298729181288,0.04152362769378975,0.004117022079033646
bayesfl_observability_v1,ola_lr0p002_b32_e2_lam0p01_pinit0p01_fclip10p0,48,ola,global_test_mc,,,0,0.0,0.06666666666666667,0,,,,,,
bayesfl_observability_v1,ola_lr0p002_b32_e2_lam0p01_pinit0p01_fclip10p0,48,ola,global_test_mc,,,1,0.06666666666666667,0.13333333333333333,0,,,,,,
bayesfl_observability_v1,ola_lr0p002_b32_e2_lam0p01_pinit0p01_fclip10p0,48,ola,global_test_mc,,,2,0.13333333333333333,0.2,25,0.36,0.186888747215271,0.173111252784729,0.00043277813196182253,1.8434728240966798,0.8099125409126282
bayesfl_observability_v1,ola_lr0p002_b32_e2_lam0p01_pinit0p01_fclip10p0,48,ola,global_test_mc,,,3,0.2,0.26666666666666666,206,0.30097087378640774,0.2395097191617327,0.06146115462467505,0.001266099785268306,1.768594529443574,0.7937524969716674
bayesfl_observability_v1,ola_lr0p002_b32_e2_lam0p01_pinit0p01_fclip10p0,48,ola,global_test_mc,,,4,0.26666666666666666,0.3333333333333333,466,0.4871244635193133,0.3034247785422935,0.18369968497701983,0.008560405319929125,1.4975696871209043,0.7098590706039396
bayesfl_observability_v1,ola_lr0p002_b32_e2_lam0p01_pinit0p01_fclip10p0,48,ola,global_test_mc,,,5,0.3333333333333333,0.4,653,0.555895865237366,0.3693955052775227,0.18650035995984332,0.01217847350537777,1.291981547660156,0.6370786980228074
bayesfl_observability_v1,ola_lr0p002_b32_e2_lam0p01_pinit0p01_fclip10p0,48,ola,global_test_mc,,,6,0.4,0.4666666666666667,747,0.6265060240963856,0.43270235715142213,0.19380366694496343,0.014477133920788768,1.1541997885289121,0.5731939951897944
bayesfl_observability_v1,ola_lr0p002_b32_e2_lam0p01_pinit0p01_fclip10p0,48,ola,global_test_mc,,,7,0.4666666666666667,0.5333333333333333,823,0.7302551640340219,0.5008228760515934,0.22943228798242854,0.01888227730095387,0.9613089606365051,0.4792410560033736
bayesfl_observability_v1,ola_lr0p002_b32_e2_lam0p01_pinit0p01_fclip10p0,48,ola,global_test_mc,,,8,0.5333333333333333,0.6,875,0.8388571428571429,0.5673198262623378,0.27153731659480507,0.023759515202045445,0.7878260743958609,0.3709840815067291
bayesfl_observability_v1,ola_lr0p002_b32_e2_lam0p01_pinit0p01_fclip10p0,48,ola,global_test_mc,,,9,0.6,0.6666666666666666,786,0.9096692111959288,0.6347011719799527,0.2749680392159761,0.021612487882375724,0.612961067043188,0.2678102441606024
bayesfl_observability_v1,ola_lr0p002_b32_e2_lam0p01_pinit0p01_fclip10p0,48,ola,global_test_mc,,,10,0.6666666666666666,0.7333333333333333,917,0.9574700109051254,0.6998792828884354,0.25759072801669003,0.023621069759130475,0.46330120477057596,0.17232821254524827
bayesfl_observability_v1,ola_lr0p002_b32_e2_lam0p01_pinit0p01_fclip10p0,48,ola,global_test_mc,,,11,0.7333333333333333,0.8,983,0.9715157680569685,0.7666538422614609,0.20486192579550755,0.020137927305698394,0.3372041825299831,0.11183460781754337
bayesfl_observability_v1,ola_lr0p002_b32_e2_lam0p01_pinit0p01_fclip10p0,48,ola,global_test_mc,,,12,0.8,0.8666666666666667,1269,0.9881796690307328,0.8330341002619859,0.15514556876874697,0.019687972676753988,0.22610638294753546,0.05613973815437374
bayesfl_observability_v1,ola_lr0p002_b32_e2_lam0p01_pinit0p01_fclip10p0,48,ola,global_test_mc,,,13,0.8666666666666667,0.9333333333333333,1285,0.9968871595330739,0.8988546868242643,0.09803247270880966,0.01259717274308204,0.12179249816135673,0.019842835634598936
bayesfl_observability_v1,ola_lr0p002_b32_e2_lam0p01_pinit0p01_fclip10p0,48,ola,global_test_mc,,,14,0.9333333333333333,1.0,965,1.0,0.9631204562483674,0.036879543751632604,0.0035588759720325464,0.03772530535264954,0.0023786316419747437
bayesfl_observability_v1,ola_lr0p002_b32_e2_lam0p01_pinit0p01_fclip10p0,49,ola,global_test,,,0,0.0,0.06666666666666667,0,,,,,,
bayesfl_observability_v1,ola_lr0p002_b32_e2_lam0p01_pinit0p01_fclip10p0,49,ola,global_test,,,1,0.06666666666666667,0.13333333333333333,0,,,,,,
bayesfl_observability_v1,ola_lr0p002_b32_e2_lam0p01_pinit0p01_fclip10p0,49,ola,global_test,,,2,0.13333333333333333,0.2,14,0.2857142857142857,0.1894572771021298,0.09625700861215589,0.00013475981205701823,1.846055030822754,0.8130190713065011
bayesfl_observability_v1,ola_lr0p002_b32_e2_lam0p01_pinit0p01_fclip10p0,49,ola,global_test,,,3,0.2,0.26666666666666666,163,0.3312883435582822,0.2405731220918199,0.09071522146646227,0.001478658109903335,1.807729775920236,0.7972139675924383
bayesfl_observability_v1,ola_lr0p002_b32_e2_lam0p01_pinit0p01_fclip10p0,49,ola,global_test,,,4,0.26666666666666666,0.3333333333333333,398,0.4321608040201005,0.3028093515778307,0.1293514524422698,0.005148187807202338,1.571983807350523,0.73282451605677
bayesfl_observability_v1,ola_lr0p002_b32_e2_lam0p01_pinit0p01_fclip10p0,49,ola,global_test,,,5,0.3333333333333333,0.4,552,0.5072463768115942,0.3682337458366933,0.1390126309749009,0.007673497229814529,1.3800410997608434,0.6664950104187364
bayesfl_observability_v1,ola_lr0p002_b32_e2_lam0p01_pinit0p01_fclip10p0,49,ola,global_test,,,6,0.4,0.4666666666666667,770,0.6311688311688312,0.43407591480713387,0.1970929163616973,0.015176154559850693,1.1223538221476914,0.5660411784788231
bayesfl_observability_v1,ola_lr0p002_b32_e2_lam0p01_pinit0p01_fclip10p0,49,ola,global_test,,,7,0.4666666666666667,0.5333333333333333,823,0.7302551640340219,0.49887464801132464,0.23138051602269727,0.019042616468667985,0.9449895447977837,0.48260078217974556
bayesfl_observability_v1,ola_lr0p002_b32_e2_lam0p01_pinit0p01_fclip10p0,49,ola,global_test,,,8,0.5333333333333333,0.6,801,0.8214731585518102,0.5661456766497628,0.25532748190204746,0.020451731300354,0.7940012997902288,0.3841270591026537
bayesfl_observability_v1,ola_lr0p002_b32_e2_lam0p01_pinit0p01_fclip10p0,49,ola,global_test,,,9,0.6,0.6666666666666666,876,0.889269406392694,0.6339757828271553,0.25529362356553875,0.022363721424341197,0.6454008803043736,0.2880518807940287
bayesfl_observability_v1,ola_lr0p002_b32_e2_lam0p01_pinit0p01_fclip10p0,49,ola,global_test,,,10,0.6666666666666666,0.7333333333333333,917,0.9367502726281353,0.700941073855501,0.2358091987726343,0.021623703527450563,0.4708785783243543,0.1919884222316898
bayesfl_observability_v1,ola_lr0p002_b32_e2_lam0p01_pinit0p01_fclip10p0,49,ola,global_test,,,11,0.7333333333333333,0.8,959,0.97288842544317,0.7670160657546568,0.20587235968851325,0.01974315929412842,0.33685469787424127,0.11109237961385621
bayesfl_observability_v1,ola_lr0p002_b32_e2_lam0p01_pinit0p01_fclip10p0,49,ola,global_test,,,12,0.8,0.8666666666666667,1227,0.9853300733496333,0.8354293840050018,0.14990068934463152,0.01839281458258629,0.22218376364082268,0.059344697950108806
bayesfl_observability_v1,ola_lr0p002_b32_e2_lam0p01_pinit0p01_fclip10p0,49,ola,global_test,,,13,0.8666666666666667,0.9333333333333333,1501,0.9953364423717521,0.9000494050868426,0.0952870372849095,0.014302584296464917,0.12198675271473591,0.021770761137968456
bayesfl_observability_v1,ola_lr0p002_b32_e2_lam0p01_pinit0p01_fclip10p0,49,ola,global_test,,,14,0.9333333333333333,1.0,999,0.997997997997998,0.9595199929581987,0.03847800503979937,0.003843952703475957,0.050115518422715284,0.006440394774486791
bayesfl_observability_v1,ola_lr0p002_b32_e2_lam0p01_pinit0p01_fclip10p0,49,ola,global_test_mc,,,0,0.0,0.06666666666666667,0,,,,,,
bayesfl_observability_v1,ola_lr0p002_b32_e2_lam0p01_pinit0p01_fclip10p0,49,ola,global_test_mc,,,1,0.06666666666666667,0.13333333333333333,0,,,,,,
bayesfl_observability_v1,ola_lr0p002_b32_e2_lam0p01_pinit0p01_fclip10p0,49,ola,global_test_mc,,,2,0.13333333333333333,0.2,16,0.5,0.19172345101833344,0.30827654898166656,0.0004932424783706665,1.8027926608920097,0.7978954501450062
bayesfl_observability_v1,ola_lr0p002_b32_e2_lam0p01_pinit0p01_fclip10p0,49,ola,global_test_mc,,,3,0.2,0.26666666666666666,172,0.3023255813953488,0.23923103727920111,0.0630945441161477,0.0010852261587977405,1.8085056432457858,0.7958923197069834
bayesfl_observability_v1,ola_lr0p002_b32_e2_lam0p01_pinit0p01_fclip10p0,49,ola,global_test_mc,,,4,0.26666666666666666,0.3333333333333333,406,0.4064039408866995,0.3045857859215713,0.1018181549651282,0.004133817091584205,1.5829742448083286,0.7370980061920993
bayesfl_observability_v1,ola_lr0p002_b32_e2_lam0p01_pinit0p01_fclip10p0,49,ola,global_test_mc,,,5,0.3333333333333333,0.4,591,0.5583756345177665,0.36820358506919165,0.19017204944857485,0.011239168122410775,1.3440397955641126,0.6510844346129552
bayesfl_observability_v1,ola_lr0p002_b32_e2_lam0p01_pinit0p01_fclip10p0,49,ola,global_test_mc,,,6,0.4,0.4666666666666667,819,0.6398046398046398,0.43377828070386715,0.2060263591007726,0.016873558810353278,1.1025135175066845,0.5601583479452191
bayesfl_observability_v1,ola_lr0p002_b32_e2_lam0p01_pinit0p01_fclip10p0,49,ola,global_test_mc,,,7,0.4666666666666667,0.5333333333333333,855,0.7309941520467836,0.5002076772569913,0.2307864747897923,0.019732243594527243,0.9520669102668762,0.4772287196583218
bayesfl_observability_v1,ola_lr0p002_b32_e2_lam0p01_pinit0p01_fclip10p0,49,ola,global_test_mc,,,8,0.5333333333333333,0.6,789,0.8491761723700887,0.5672105082389822,0.28196566413110646,0.0222470908999443,0.7570696804006743,0.36776736682736527
bayesfl_observability_v1,ola_lr0p002_b32_e2_lam0p01_pinit0p01_fclip10p0,49,ola,global_test_mc,,,9,0.6,0.6666666666666666,857,0.8798133022170361,0.6340396382010247,0.24577366401601142,0.02106280300617218,0.6618510221795134,0.29509641117087043
bayesfl_observability_v1,ola_lr0p002_b32_e2_lam0p01_pinit0p01_fclip10p0,49,ola,global_test_mc,,,10,0.6666666666666666,0.7333333333333333,964,0.9387966804979253,0.7006529014387566,0.23814377905916873,0.022957060301303865,0.4809960839164702,0.1913137533528058
bayesfl_observability_v1,ola_lr0p002_b32_e2_lam0p01_pinit0p01_fclip10p0,49,ola,global_test_mc,,,11,0.7333333333333333,0.8,968,0.9752066115702479,0.7681304481773337,0.20707616339291424,0.020044972616434096,0.3204684591090137,0.10622772851127608
bayesfl_observability_v1,ola_lr0p002_b32_e2_lam0p01_pinit0p01_fclip10p0,49,ola,global_test_mc,,,12,0.8,0.8666666666666667,1202,0.9858569051580699,0.8344887122139955,0.15136819294407444,0.018194456791877745,0.2228556576366234,0.058998489411495096
bayesfl_observability_v1,ola_lr0p002_b32_e2_lam0p01_pinit0p01_fclip10p0,49,ola,global_test_mc,,,13,0.8666666666666667,0.9333333333333333,1469,0.9965963240299524,0.8991274539510599,0.09746887007889249,0.014318177014589307,0.11765165311532251,0.0200178200737849
bayesfl_observability_v1,ola_lr0p002_b32_e2_lam0p01_pinit0p01_fclip10p0,49,ola,global_test_mc,,,14,0.9333333333333333,1.0,892,0.9988789237668162,0.9590570142183603,0.03982190954845588,0.0035521143317222646,0.04682747218361116,0.004863028392175097
bayesfl_observability_v1,ola_lr0p002_b32_e2_lam0p01_pinit0p01_fclip10p0,50,ola,global_test,,,0,0.0,0.06666666666666667,0,,,,,,
bayesfl_observability_v1,ola_lr0p002_b32_e2_lam0p01_pinit0p01_fclip10p0,50,ola,global_test,,,1,0.06666666666666667,0.13333333333333333,0,,,,,,
bayesfl_observability_v1,ola_lr0p002_b32_e2_lam0p01_pinit0p01_fclip10p0,50,ola,global_test,,,2,0.13333333333333333,0.2,13,0.23076923076923078,0.18841734872414515,0.04235188204508564,5.5057446658611334e-05,1.9759605939571674,0.8439695193217351
bayesfl_observability_v1,ola_lr0p002_b32_e2_lam0p01_pinit0p01_fclip10p0,50,ola,global_test,,,3,0.2,0.26666666666666666,140,0.32142857142857145,0.24217751984085356,0.07925105158771789,0.0011095147222280504,1.7995078129427773,0.7969394151653563
bayesfl_observability_v1,ola_lr0p002_b32_e2_lam0p01_pinit0p01_fclip10p0,50,ola,global_test,,,4,0.26666666666666666,0.3333333333333333,375,0.37333333333333335,0.30349910910924277,0.06983422422409058,0.0026187834084033966,1.654314087867737,0.7528094584147136
bayesfl_observability_v1,ola_lr0p002_b32_e2_lam0p01_pinit0p01_fclip10p0,50,ola,global_test,,,5,0.3333333333333333,0.4,590,0.5169491525423728,0.3676799640817157,0.14926918846065712,0.008806882119178771,1.3354010733507446,0.6535113280102358
bayesfl_observability_v1,ola_lr0p002_b32_e2_lam0p01_pinit0p01_fclip10p0,50,ola,global_test,,,6,0.4,0.4666666666666667,731,0.600547195622435,0.43440257977036867,0.1661446158520663,0.012145171418786046,1.1429874114233558,0.5773393741303038
bayesfl_observability_v1,ola_lr0p002_b32_e2_lam0p01_pinit0p01_fclip10p0,50,ola,global_test,,,7,0.4666666666666667,0.5333333333333333,783,0.6998722860791826,0.5003371795170761,0.1995351065621065,0.015623598843812937,0.9862249876499785,0.502489492772944
bayesfl_observability_v1,ola_lr0p002_b32_e2_lam0p01_pinit0p01_fclip10p0,50,ola,global_test,,,8,0.5333333333333333,0.6,806,0.8114143920595533,0.5677603423299624,0.24365404972959093,0.01963851640820503,0.8198102544022553,0.39880143342627483
bayesfl_observability_v1,ola_lr0p002_b32_e2_lam0p01_pinit0p01_fclip10p0,50,ola,global_test,,,9,0.6,0.6666666666666666,892,0.8665919282511211,0.632914047404255,0.23367788084686603,0.020844066971540447,0.6629520562464881,0.31054493968663194
bayesfl_observability_v1,ola_lr0p002_b32_e2_lam0p01_pinit0p01_fclip10p0,50,ola,global_test,,,10,0.6666666666666666,0.7333333333333333,965,0.917098445595855,0.7002683498698813,0.21683009572597367,0.02092410423755646,0.5301837800697959,0.2220332643991925
bayesfl_observability_v1,ola_lr0p002_b32_e2_lam0p01_pinit0p01_fclip10p0,50,ola,global_test,,,11,0.7333333333333333,0.8,1083,0.9602954755309326,0.7677700291710217,0.19252544635991098,0.02085050584077836,0.3598606486289675,0.12934419405427336
bayesfl_observability_v1,ola_lr0p002_b32_e2_lam0p01_pinit0p01_fclip10p0,50,ola,global_test,,,12,0.8,0.8666666666666667,1279,0.983580922595778,0.8347113177681268,0.14886960482765121,0.01904042245745659,0.22276366414084298,0.06368708562621435
bayesfl_observability_v1,ola_lr0p002_b32_e2_lam0p01_pinit0p01_fclip10p0,50,ola,global_test,,,13,0.8666666666666667,0.9333333333333333,1487,0.995965030262273,0.9014706696611006,0.09449436060117244,0.014051311421394342,0.11935474653931857,0.020691636865852098
bayesfl_observability_v1,ola_lr0p002_b32_e2_lam0p01_pinit0p01_fclip10p0,50,ola,global_test,,,14,0.9333333333333333,1.0,856,0.9988317757009346,0.9579051755299078,0.040926600171026783,0.0035033169746398925,0.04867458327838751,0.005012648975131762
bayesfl_observability_v1,ola_lr0p002_b32_e2_lam0p01_pinit0p01_fclip10p0,50,ola,global_test_mc,,,0,0.0,0.06666666666666667,0,,,,,,
bayesfl_observability_v1,ola_lr0p002_b32_e2_lam0p01_pinit0p01_fclip10p0,50,ola,global_test_mc,,,1,0.06666666666666667,0.13333333333333333,0,,,,,,
bayesfl_observability_v1,ola_lr0p002_b32_e2_lam0p01_pinit0p01_fclip10p0,50,ola,global_test_mc,,,2,0.13333333333333333,0.2,14,0.42857142857142855,0.18815975423370088,0.24041167433772767,0.00033657634407281874,1.909458918230874,0.827102963413511
bayesfl_observability_v1,ola_lr0p002_b32_e2_lam0p01_pinit0p01_fclip10p0,50,ola,global_test_mc,,,3,0.2,0.26666666666666666,150,0.2866666666666667,0.24090364197889963,0.04576302468776705,0.0006864453703165058,1.822971666653951,0.8036346181233724
bayesfl_observability_v1,ola_lr0p002_b32_e2_lam0p01_pinit0p01_fclip10p0,50,ola,global_test_mc,,,4,0.26666666666666666,0.3333333333333333,401,0.3865336658354115,0.30374957216053533,0.08278409367487616,0.0033196421563625343,1.590971899746065,0.7388195001573634
bayesfl_observability_v1,ola_lr0p002_b32_e2_lam0p01_pinit0p01_fclip10p0,50,ola,global_test_mc,,,5,0.3333333333333333,0.4,594,0.5168350168350169,0.3686300608947221,0.14820495594029476,0.008803374382853509,1.3854665716087777,0.6629152502676453
bayesfl_observability_v1,ola_lr0p002_b32_e2_lam0p01_pinit0p01_fclip10p0,50,ola,global_test_mc,,,6,0.4,0.4666666666666667,772,0.6398963730569949,0.43328550990690223,0.20661086315009264,0.01595035863518715,1.1385946384211278,0.570843920883737
bayesfl_observability_v1,ola_lr0p002_b32_e2_lam0p01_pinit0p01_fclip10p0,50,ola,global_test_mc,,,7,0.4666666666666667,0.5333333333333333,779,0.7034659820282413,0.4990953727695847,0.20437060925865658,0.01592047046124935,0.9543792325357724,0.49355451829626257
bayesfl_observability_v1,ola_lr0p002_b32_e2_lam0p01_pinit0p01_fclip10p0,50,ola,global_test_mc,,,8,0.5333333333333333,0.6,850,0.8117647058823529,0.567733839119182,0.24403086676317098,0.020742623674869533,0.829569872267106,0.4000296646707198
bayesfl_observability_v1,ola_lr0p002_b32_e2_lam0p01_pinit0p01_fclip10p0,50,ola,global_test_mc,,,9,0.6,0.6666666666666666,943,0.8685047720042418,0.6339941742185065,0.23451059778573535,0.022114349371194844,0.6588089051137926,0.3066464912537426
bayesfl_observability_v1,ola_lr0p002_b32_e2_lam0p01_pinit0p01_fclip10p0,50,ola,global_test_mc,,,10,0.6666666666666666,0.7333333333333333,923,0.9252437703141928,0.7005224155578944,0.2247213547562984,0.02074178104400634,0.5027450676987256,0.21129726521662745
bayesfl_observability_v1,ola_lr0p002_b32_e2_lam0p01_pinit0p01_fclip10p0,50,ola,global_test_mc,,,11,0.7333333333333333,0.8,1106,0.9638336347197106,0.7675487181377239,0.19628491658198677,0.021709111773967737,0.3525085578559751,0.12487784400245489
bayesfl_observability_v1,ola_lr0p002_b32_e2_lam0p01_pinit0p01_fclip10p0,50,ola,global_test_mc,,,12,0.8,0.8666666666666667,1287,0.9844599844599845,0.8338449057813939,0.15061507867859059,0.01938416062593461,0.2251560978747748,0.06299308581507845
bayesfl_observability_v1,ola_lr0p002_b32_e2_lam0p01_pinit0p01_fclip10p0,50,ola,global_test_mc,,,13,0.8666666666666667,0.9333333333333333,1424,0.9985955056179775,0.9012514454930016,0.09734406012497587,0.013861794161796564,0.10937718402468756,0.016174783075707074
bayesfl_observability_v1,ola_lr0p002_b32_e2_lam0p01_pinit0p01_fclip10p0,50,ola,global_test_mc,,,14,0.9333333333333333,1.0,757,0.9986789960369881,0.9577849354580182,0.040894060578969826,0.0030956803858280158,0.04937277398782055,0.005283688930101699
bayesfl_observability_v1,ola_lr0p002_b32_e2_lam0p01_pinit0p01_fclip10p0,51,ola,global_test,,,0,0.0,0.06666666666666667,0,,,,,,
bayesfl_observability_v1,ola_lr0p002_b32_e2_lam0p01_pinit0p01_fclip10p0,51,ola,global_test,,,1,0.06666666666666667,0.13333333333333333,0,,,,,,
bayesfl_observability_v1,ola_lr0p002_b32_e2_lam0p01_pinit0p01_fclip10p0,51,ola,global_test,,,2,0.13333333333333333,0.2,13,0.38461538461538464,0.18566499650478363,0.198950388110601,0.0002586355045437813,1.82350492477417,0.8018124332794776
bayesfl_observability_v1,ola_lr0p002_b32_e2_lam0p01_pinit0p01_fclip10p0,51,ola,global_test,,,3,0.2,0.26666666666666666,128,0.3125,0.24561212433036417,0.06688787566963583,0.0008561648085713387,1.8040084661915898,0.8000174197368324
bayesfl_observability_v1,ola_lr0p002_b32_e2_lam0p01_pinit0p01_fclip10p0,51,ola,global_test,,,4,0.26666666666666666,0.3333333333333333,371,0.4636118598382749,0.3053011672516075,0.1583106925866674,0.005873326694965361,1.5490851633632279,0.7285337562188305
bayesfl_observability_v1,ola_lr0p002_b32_e2_lam0p01_pinit0p01_fclip10p0,51,ola,global_test,,,5,0.3333333333333333,0.4,579,0.47322970639032813,0.3679200054656245,0.10530970092470365,0.006097431683540341,1.3602501224977366,0.6677386495115843
bayesfl_observability_v1,ola_lr0p002_b32_e2_lam0p01_pinit0p01_fclip10p0,51,ola,global_test,,,6,0.4,0.4666666666666667,769,0.5786736020806242,0.4343362375415658,0.14433736453905843,0.011099543333053593,1.1724503239512598,0.5958258301911026
bayesfl_observability_v1,ola_lr0p002_b32_e2_lam0p01_pinit0p01_fclip10p0,51,ola,global_test,,,7,0.4666666666666667,0.5333333333333333,819,0.6813186813186813,0.49980289559079033,0.181515785727891,0.014866142851114273,1.0034775762330919,0.5132294952942192
bayesfl_observability_v1,ola_lr0p002_b32_e2_lam0p01_pinit0p01_fclip10p0,51,ola,global_test,,,8,0.5333333333333333,0.6,816,0.7463235294117647,0.5667912493295529,0.17953228008221178,0.014649834054708481,0.9052379531603233,0.44833589259388984
bayesfl_observability_v1,ola_lr0p002_b32_e2_lam0p01_pinit0p01_fclip10p0,51,ola,global_test,,,9,0.6,0.6666666666666666,867,0.8373702422145328,0.6336100879012507,0.2037601543132821,0.01766600537896156,0.7340573782258105,0.3405041011800128
bayesfl_observability_v1,ola_lr0p002_b32_e2_lam0p01_pinit0p01_fclip10p0,51,ola,global_test,,,10,0.6666666666666666,0.7333333333333333,887,0.9165727170236753,0.6998134670021031,0.21675925002157215,0.01922654547691345,0.49719015785242016,0.21846638272989966
bayesfl_observability_v1,ola_lr0p002_b32_e2_lam0p01_pinit0p01_fclip10p0,51,ola,global_test,,,11,0.7333333333333333,0.8,1055,0.943127962085308,0.7671425991148745,0.17598536297043355,0.01856645579338074,0.3919647662701765,0.15272785381753862
bayesfl_observability_v1,ola_lr0p002_b32_e2_lam0p01_pinit0p01_fclip10p0,51,ola,global_test,,,12,0.8,0.8666666666666667,1150,0.9652173913043478,0.8335574783449587,0.13165991295938906,0.015140889990329743,0.283582211357096,0.09288687974376524
bayesfl_observability_v1,ola_lr0p002_b32_e2_lam0p01_pinit0p01_fclip10p0,51,ola,global_test,,,13,0.8666666666666667,0.9333333333333333,1360,0.9852941176470589,0.9015623533550431,0.08373176429201579,0.011387519943714147,0.15400013151742956,0.039019626606707734
bayesfl_observability_v1,ola_lr0p002_b32_e2_lam0p01_pinit0p01_fclip10p0,51,ola,global_test,,,14,0.9333333333333333,1.0,1186,0.9932546374367622,0.9572261324117799,0.03602850502498234,0.004272980695962905,0.06870401740344288,0.015168572899109636
bayesfl_observability_v1,ola_lr0p002_b32_e2_lam0p01_pinit0p01_fclip10p0,51,ola,global_test_mc,,,0,0.0,0.06666666666666667,0,,,,,,
bayesfl_observability_v1,ola_lr0p002_b32_e2_lam0p01_pinit0p01_fclip10p0,51,ola,global_test_mc,,,1,0.06666666666666667,0.13333333333333333,0,,,,,,
bayesfl_observability_v1,ola_lr0p002_b32_e2_lam0p01_pinit0p01_fclip10p0,51,ola,global_test_mc,,,2,0.13333333333333333,0.2,15,0.6,0.1842430889606476,0.4157569110393524,0.0006236353665590287,1.788515289624532,0.791199270884196
bayesfl_observability_v1,ola_lr0p002_b32_e2_lam0p01_pinit0p01_fclip10p0,51,ola,global_test_mc,,,3,0.2,0.26666666666666666,134,0.2537313432835821,0.24488283282340462,0.008848510460177483,0.00011857004016637829,1.8093275294375064,0.8034764879675054
bayesfl_observability_v1,ola_lr0p002_b32_e2_lam0p01_pinit0p01_fclip10p0,51,ola,global_test_mc,,,4,0.26666666666666666,0.3333333333333333,376,0.4095744680851064,0.3025630412108086,0.10701142687429777,0.004023629650473596,1.5661044777073758,0.735278769693476
bayesfl_observability_v1,ola_lr0p002_b32_e2_lam0p01_pinit0p01_fclip10p0,51,ola,global_test_mc,,,5,0.3333333333333333,0.4,630,0.4777777777777778,0.3681628189389668,0.109614958838811,0.006905742406845093,1.3680452611711291,0.6723455511861377
bayesfl_observability_v1,ola_lr0p002_b32_e2_lam0p01_pinit0p01_fclip10p0,51,ola,global_test_mc,,,6,0.4,0.4666666666666667,791,0.6030341340075853,0.43425889722013894,0.16877523678744638,0.013350121229887008,1.1554148209984172,0.5862172324723751
bayesfl_observability_v1,ola_lr0p002_b32_e2_lam0p01_pinit0p01_fclip10p0,51,ola,global_test_mc,,,7,0.4666666666666667,0.5333333333333333,840,0.6714285714285714,0.5004436487243289,0.17098492270424248,0.01436273350715637,0.988437351158687,0.5142113087077935
bayesfl_observability_v1,ola_lr0p002_b32_e2_lam0p01_pinit0p01_fclip10p0,51,ola,global_test_mc,,,8,0.5333333333333333,0.6,848,0.7712264150943396,0.5663282327213377,0.20489818237300195,0.017375365865230565,0.8920790340821698,0.43264948940431736
bayesfl_observability_v1,ola_lr0p002_b32_e2_lam0p01_pinit0p01_fclip10p0,51,ola,global_test_mc,,,9,0.6,0.6666666666666666,854,0.8384074941451991,0.6337584317847214,0.20464906236047775,0.017477029925584798,0.7216067743036172,0.3382082597398367
bayesfl_observability_v1,ola_lr0p002_b32_e2_lam0p01_pinit0p01_fclip10p0,51,ola,global_test_mc,,,10,0.6666666666666666,0.7333333333333333,914,0.925601750547046,0.7007100932968524,0.22489165725019356,0.02055509747266769,0.4953232887211201,0.20973070514443407
bayesfl_observability_v1,ola_lr0p002_b32_e2_lam0p01_pinit0p01_fclip10p0,51,ola,global_test_mc,,,11,0.7333333333333333,0.8,1086,0.9419889502762431,0.7673197868340143,0.17466916344222883,0.01896907114982605,0.39471805341281063,0.15321073355925016
bayesfl_observability_v1,ola_lr0p002_b32_e2_lam0p01_pinit0p01_fclip10p0,51,ola,global_test_mc,,,12,0.8,0.8666666666666667,1089,0.9669421487603306,0.8337352315803752,0.13320691717995536,0.014506233280897141,0.2754251301370705,0.08988011864255994
bayesfl_observability_v1,ola_lr0p002_b32_e2_lam0p01_pinit0p01_fclip10p0,51,ola,global_test_mc,,,13,0.8666666666666667,0.9333333333333333,1348,0.9866468842729971,0.9017301646202184,0.0849167196527787,0.011446773809194568,0.14949873462319374,0.03686773703946215
bayesfl_observability_v1,ola_lr0p002_b32_e2_lam0p01_pinit0p01_fclip10p0,51,ola,global_test_mc,,,14,0.9333333333333333,1.0,1075,0.9953488372093023,0.9563720083236694,0.03897682888563292,0.0041900091052055385,0.061312713625645915,0.011312885641460144
bayesfl_observability_v1,ola_lr0p002_b32_e2_lam0p01_pinit0p01_fclip10p0,52,ola,global_test,,,0,0.0,0.06666666666666667,0,,,,,,
bayesfl_observability_v1,ola_lr0p002_b32_e2_lam0p01_pinit0p01_fclip10p0,52,ola,global_test,,,1,0.06666666666666667,0.13333333333333333,0,,,,,,
bayesfl_observability_v1,ola_lr0p002_b32_e2_lam0p01_pinit0p01_fclip10p0,52,ola,global_test,,,2,0.13333333333333333,0.2,22,0.22727272727272727,0.18352751569314438,0.04374521157958289,9.623946547508236e-05,1.7877263318408618,0.7988537062298168
bayesfl_observability_v1,ola_lr0p002_b32_e2_lam0p01_pinit0p01_fclip10p0,52,ola,global_test,,,3,0.2,0.26666666666666666,173,0.28901734104046245,0.24258847215961168,0.046428868880850765,0.0008032194316387181,1.6844758608437687,0.7770109876042846
bayesfl_observability_v1,ola_lr0p002_b32_e2_lam0p01_pinit0p01_fclip10p0,52,ola,global_test,,,4,0.26666666666666666,0.3333333333333333,379,0.39841688654353563,0.3019643028052941,0.0964525837382415,0.0036555529236793533,1.5590122853231305,0.7335828932734467
bayesfl_observability_v1,ola_lr0p002_b32_e2_lam0p01_pinit0p01_fclip10p0,52,ola,global_test,,,5,0.3333333333333333,0.4,601,0.5357737104825291,0.3678577801153783,0.1679159303671508,0.010091747415065763,1.3027229176186483,0.6446117819744022
bayesfl_observability_v1,ola_lr0p002_b32_e2_lam0p01_pinit0p01_fclip10p0,52,ola,global_test,,,6,0.4,0.4666666666666667,695,0.6618705035971223,0.43237195319408994,0.22949855040303235,0.01595014925301075,1.1173350774984565,0.5565431887726132
bayesfl_observability_v1,ola_lr0p002_b32_e2_lam0p01_pinit0p01_fclip10p0,52,ola,global_test,,,7,0.4666666666666667,0.5333333333333333,785,0.7414012738853503,0.4988728121207778,0.2425284617645725,0.01903848424851894,0.9430941017570009,0.4752213744600867
bayesfl_observability_v1,ola_lr0p002_b32_e2_lam0p01_pinit0p01_fclip10p0,52,ola,global_test,,,8,0.5333333333333333,0.6,771,0.8391699092088197,0.5668836576929352,0.2722862515158845,0.020993269991874695,0.7908078105842402,0.3714991221554703
bayesfl_observability_v1,ola_lr0p002_b32_e2_lam0p01_pinit0p01_fclip10p0,52,ola,global_test,,,9,0.6,0.6666666666666666,768,0.9036458333333334,0.6338471975177526,0.2697986358155807,0.0207205352306366,0.6366889806231484,0.274765835609287
bayesfl_observability_v1,ola_lr0p002_b32_e2_lam0p01_pinit0p01_fclip10p0,52,ola,global_test,,,10,0.6666666666666666,0.7333333333333333,872,0.9392201834862385,0.7007995927279148,0.23842059075832367,0.020790275514125826,0.4764327611261552,0.18923080045251398
bayesfl_observability_v1,ola_lr0p002_b32_e2_lam0p01_pinit0p01_fclip10p0,52,ola,global_test,,,11,0.7333333333333333,0.8,921,0.9761129207383279,0.7673874831354968,0.20872543760283113,0.019223612803220744,0.33515064191805294,0.10571874180620579
bayesfl_observability_v1,ola_lr0p002_b32_e2_lam0p01_pinit0p01_fclip10p0,52,ola,global_test,,,12,0.8,0.8666666666666667,1066,0.9831144465290806,0.8347959052107348,0.14831854131834588,0.01581075650453567,0.23046520271287851,0.06270900036524597
bayesfl_observability_v1,ola_lr0p002_b32_e2_lam0p01_pinit0p01_fclip10p0,52,ola,global_test,,,13,0.8666666666666667,0.9333333333333333,1571,0.9955442393380013,0.9009267989425125,0.0946174403954888,0.014864399886131292,0.1218744662254195,0.021129867388320855
bayesfl_observability_v1,ola_lr0p002_b32_e2_lam0p01_pinit0p01_fclip10p0,52,ola,global_test,,,14,0.9333333333333333,1.0,1376,0.9978197674418605,0.9639154576891383,0.033904309752722184,0.004665233021974572,0.04739473563101857,0.006380132485615874
bayesfl_observability_v1,ola_lr0p002_b32_e2_lam0p01_pinit0p01_fclip10p0,52,ola,global_test_mc,,,0,0.0,0.06666666666666667,0,,,,,,
bayesfl_observability_v1,ola_lr0p002_b32_e2_lam0p01_pinit0p01_fclip10p0,52,ola,global_test_mc,,,1,0.06666666666666667,0.13333333333333333,0,,,,,,
bayesfl_observability_v1,ola_lr0p002_b32_e2_lam0p01_pinit0p01_fclip10p0,52,ola,global_test_mc,,,2,0.13333333333333333,0.2,24,0.25,0.18456598495443663,0.06543401504556337,0.00015704163610935208,1.8446951508522034,0.8151979173223177
bayesfl_observability_v1,ola_lr0p002_b32_e2_lam0p01_pinit0p01_fclip10p0,52,ola,global_test_mc,,,3,0.2,0.26666666666666666,185,0.32432432432432434,0.24281487199100288,0.08150945233332146,0.001507924868166447,1.6998006614478858,0.7794976521182705
bayesfl_observability_v1,ola_lr0p002_b32_e2_lam0p01_pinit0p01_fclip10p0,52,ola,global_test_mc,,,4,0.26666666666666666,0.3333333333333333,412,0.3932038834951456,0.30272294631571445,0.09048093717943118,0.0037278146117925644,1.5417211217787659,0.7287515024247678
bayesfl_observability_v1,ola_lr0p002_b32_e2_lam0p01_pinit0p01_fclip10p0,52,ola,global_test_mc,,,5,0.3333333333333333,0.4,617,0.5332252836304701,0.36944582812017135,0.1637794555102987,0.010105192404985431,1.3016870857444343,0.6415321886346251
bayesfl_observability_v1,ola_lr0p002_b32_e2_lam0p01_pinit0p01_fclip10p0,52,ola,global_test_mc,,,6,0.4,0.4666666666666667,739,0.6603518267929634,0.4331132338882622,0.22723859290470128,0.016792932015657423,1.1102670285150067,0.5566864334682006
bayesfl_observability_v1,ola_lr0p002_b32_e2_lam0p01_pinit0p01_fclip10p0,52,ola,global_test_mc,,,7,0.4666666666666667,0.5333333333333333,768,0.7786458333333334,0.5001485711351658,0.2784972621981676,0.021388589736819272,0.9187378473579884,0.45706739206798375
bayesfl_observability_v1,ola_lr0p002_b32_e2_lam0p01_pinit0p01_fclip10p0,52,ola,global_test_mc,,,8,0.5333333333333333,0.6,800,0.8275,0.5664942972362041,0.26100570276379587,0.02088045622110367,0.7936606588959694,0.3786536465026438
bayesfl_observability_v1,ola_lr0p002_b32_e2_lam0p01_pinit0p01_fclip10p0,52,ola,global_test_mc,,,9,0.6,0.6666666666666666,782,0.9053708439897699,0.6331534891787087,0.27221735481106113,0.02128739714622498,0.6312436587594049,0.27185427125000283
bayesfl_observability_v1,ola_lr0p002_b32_e2_lam0p01_pinit0p01_fclip10p0,52,ola,global_test_mc,,,10,0.6666666666666666,0.7333333333333333,892,0.9495515695067265,0.7004789855715405,0.24907258393518594,0.022217274487018584,0.45974274063190534,0.17692238464116247
bayesfl_observability_v1,ola_lr0p002_b32_e2_lam0p01_pinit0p01_fclip10p0,52,ola,global_test_mc,,,11,0.7333333333333333,0.8,922,0.9793926247288504,0.7673409430556597,0.21205168167319066,0.019551165050268177,0.32663685872084147,0.10160390832693743
bayesfl_observability_v1,ola_lr0p002_b32_e2_lam0p01_pinit0p01_fclip10p0,52,ola,global_test_mc,,,12,0.8,0.8666666666666667,1111,0.9801980198019802,0.8362881470434737,0.14390987275850653,0.015988386863470073,0.23400147190832213,0.06597316718277203
bayesfl_observability_v1,ola_lr0p002_b32_e2_lam0p01_pinit0p01_fclip10p0,52,ola,global_test_mc,,,13,0.8666666666666667,0.9333333333333333,1475,0.9966101694915255,0.9007919549537917,0.09581821453773376,0.014133186644315728,0.11948678436420732,0.019342987451512934
bayesfl_observability_v1,ola_lr0p002_b32_e2_lam0p01_pinit0p01_fclip10p0,52,ola,global_test_mc,,,14,0.9333333333333333,1.0,1273,0.997643362136685,0.9634501763150529,0.03419318582163211,0.004352792555093767,0.04831671018961112,0.0067277553068099995
bayesfl_observability_v1,ola_lr0p002_b32_e2_lam0p01_pinit0p01_fclip10p0,53,ola,global_test,,,0,0.0,0.06666666666666667,0,,,,,,
bayesfl_observability_v1,ola_lr0p002_b32_e2_lam0p01_pinit0p01_fclip10p0,53,ola,global_test,,,1,0.06666666666666667,0.13333333333333333,0,,,,,,
bayesfl_observability_v1,ola_lr0p002_b32_e2_lam0p01_pinit0p01_fclip10p0,53,ola,global_test,,,2,0.13333333333333333,0.2,9,0.1111111111111111,0.18510496616363525,0.07399385505252415,6.659446954727173e-05,1.8859219815995958,0.8234556052419875
bayesfl_observability_v1,ola_lr0p002_b32_e2_lam0p01_pinit0p01_fclip10p0,53,ola,global_test,,,3,0.2,0.26666666666666666,148,0.2905405405405405,0.23836931455376986,0.05217122598677065,0.0007721341446042056,1.775590102414827,0.7953508157987852
bayesfl_observability_v1,ola_lr0p002_b32_e2_lam0p01_pinit0p01_fclip10p0,53,ola,global_test,,,4,0.26666666666666666,0.3333333333333333,389,0.4652956298200514,0.30295628316911144,0.16233934665093996,0.006315000584721565,1.50306887154714,0.715633490704632
bayesfl_observability_v1,ola_lr0p002_b32_e2_lam0p01_pinit0p01_fclip10p0,53,ola,global_test,,,5,0.3333333333333333,0.4,626,0.5415335463258786,0.3682853254837731,0.1732482208421055,0.010845338624715805,1.3267460919607181,0.650213354216597
bayesfl_observability_v1,ola_lr0p002_b32_e2_lam0p01_pinit0p01_fclip10p0,53,ola,global_test,,,6,0.4,0.4666666666666667,697,0.6327116212338594,0.43414124273501303,0.19857037849884634,0.01384035538136959,1.1088931120964172,0.560550859147199
bayesfl_observability_v1,ola_lr0p002_b32_e2_lam0p01_pinit0p01_fclip10p0,53,ola,global_test,,,7,0.4666666666666667,0.5333333333333333,749,0.7303070761014686,0.500696041435998,0.22961103466547061,0.01719786649644375,0.9634249112475539,0.47915262628461075
bayesfl_observability_v1,ola_lr0p002_b32_e2_lam0p01_pinit0p01_fclip10p0,53,ola,global_test,,,8,0.5333333333333333,0.6,780,0.8217948717948718,0.5673031885654498,0.25449168322942195,0.019850351291894913,0.7957870382529039,0.38635611950587
bayesfl_observability_v1,ola_lr0p002_b32_e2_lam0p01_pinit0p01_fclip10p0,53,ola,global_test,,,9,0.6,0.6666666666666666,750,0.8893333333333333,0.6332483127117157,0.25608502062161764,0.019206376546621322,0.6536985281705856,0.2867777131597201
bayesfl_observability_v1,ola_lr0p002_b32_e2_lam0p01_pinit0p01_fclip10p0,53,ola,global_test,,,10,0.6666666666666666,0.7333333333333333,750,0.9506666666666667,0.6991484227180481,0.25151824394861855,0.01886386829614639,0.46141385889053343,0.17728050781289736
bayesfl_observability_v1,ola_lr0p002_b32_e2_lam0p01_pinit0p01_fclip10p0,53,ola,global_test,,,11,0.7333333333333333,0.8,822,0.9635036496350365,0.767108310965726,0.19639533866931058,0.01614369683861733,0.36436063649445555,0.12332128138347119
bayesfl_observability_v1,ola_lr0p002_b32_e2_lam0p01_pinit0p01_fclip10p0,53,ola,global_test,,,12,0.8,0.8666666666666667,1084,0.985239852398524,0.8341353278868313,0.15110452451169265,0.016379730457067483,0.22330087805476137,0.059622559660351473
bayesfl_observability_v1,ola_lr0p002_b32_e2_lam0p01_pinit0p01_fclip10p0,53,ola,global_test,,,13,0.8666666666666667,0.9333333333333333,1585,0.9943217665615142,0.9037551671924651,0.0905665993690491,0.01435480599999428,0.12436576618193076,0.022746773615585233
bayesfl_observability_v1,ola_lr0p002_b32_e2_lam0p01_pinit0p01_fclip10p0,53,ola,global_test,,,14,0.9333333333333333,1.0,1611,0.9987585350713842,0.9609149489100863,0.037843586161297904,0.0060966017305850925,0.045849796999673675,0.004790413612040964
bayesfl_observability_v1,ola_lr0p002_b32_e2_lam0p01_pinit0p01_fclip10p0,53,ola,global_test_mc,,,0,0.0,0.06666666666666667,0,,,,,,
bayesfl_observability_v1,ola_lr0p002_b32_e2_lam0p01_pinit0p01_fclip10p0,53,ola,global_test_mc,,,1,0.06666666666666667,0.13333333333333333,0,,,,,,
bayesfl_observability_v1,ola_lr0p002_b32_e2_lam0p01_pinit0p01_fclip10p0,53,ola,global_test_mc,,,2,0.13333333333333333,0.2,15,0.13333333333333333,0.18669528464476268,0.053361951311429345,8.004292696714401e-05,1.8806223471959431,0.8247673988342286
bayesfl_observability_v1,ola_lr0p002_b32_e2_lam0p01_pinit0p01_fclip10p0,53,ola,global_test_mc,,,3,0.2,0.26666666666666666,168,0.31547619047619047,0.2438271196470374,0.07164907082915306,0.0012037043899297715,1.7244626269454049,0.7824359426186198
bayesfl_observability_v1,ola_lr0p002_b32_e2_lam0p01_pinit0p01_fclip10p0,53,ola,global_test_mc,,,4,0.26666666666666666,0.3333333333333333,395,0.4253164556962025,0.302420334121849,0.12289612157435353,0.004854396802186965,1.5240597145466865,0.7217839589601831
bayesfl_observability_v1,ola_lr0p002_b32_e2_lam0p01_pinit0p01_fclip10p0,53,ola,global_test_mc,,,5,0.3333333333333333,0.4,627,0.5390749601275917,0.3678953298256158,0.17117963030197592,0.01073296281993389,1.3223874873141543,0.6483027731592765
bayesfl_observability_v1,ola_lr0p002_b32_e2_lam0p01_pinit0p01_fclip10p0,53,ola,global_test_mc,,,6,0.4,0.4666666666666667,734,0.6553133514986376,0.4329482299917725,0.22236512150686505,0.016321599918603893,1.1108598037539126,0.5595525447939007
bayesfl_observability_v1,ola_lr0p002_b32_e2_lam0p01_pinit0p01_fclip10p0,53,ola,global_test_mc,,,7,0.4666666666666667,0.5333333333333333,786,0.7315521628498728,0.4999516960849592,0.23160046676491358,0.018203796687722207,0.9595462852003617,0.47947811587469574
bayesfl_observability_v1,ola_lr0p002_b32_e2_lam0p01_pinit0p01_fclip10p0,53,ola,global_test_mc,,,8,0.5333333333333333,0.6,776,0.8247422680412371,0.5674956371028399,0.25724663093839717,0.01996233856081962,0.7935380955639574,0.3821191239487572
bayesfl_observability_v1,ola_lr0p002_b32_e2_lam0p01_pinit0p01_fclip10p0,53,ola,global_test_mc,,,9,0.6,0.6666666666666666,776,0.904639175257732,0.6332486595996877,0.2713905156580443,0.021059904015064235,0.6277369859138715,0.2734237501071286
bayesfl_observability_v1,ola_lr0p002_b32_e2_lam0p01_pinit0p01_fclip10p0,53,ola,global_test_mc,,,10,0.6666666666666666,0.7333333333333333,765,0.9529411764705882,0.6994824370527579,0.25345873941783026,0.019389593565464013,0.4597275164781832,0.17511669144131778
bayesfl_observability_v1,ola_lr0p002_b32_e2_lam0p01_pinit0p01_fclip10p0,53,ola,global_test_mc,,,11,0.7333333333333333,0.8,841,0.9678953626634959,0.7669211400675008,0.20097422259599507,0.016901932120323183,0.3543899467704412,0.11744175924876357
bayesfl_observability_v1,ola_lr0p002_b32_e2_lam0p01_pinit0p01_fclip10p0,53,ola,global_test_mc,,,12,0.8,0.8666666666666667,1055,0.985781990521327,0.8332571427969006,0.15252484772442643,0.016091371434926987,0.2227863543406482,0.05898340482317723
bayesfl_observability_v1,ola_lr0p002_b32_e2_lam0p01_pinit0p01_fclip10p0,53,ola,global_test_mc,,,13,0.8666666666666667,0.9333333333333333,1608,0.9944029850746269,0.9030159722958038,0.0913870127788231,0.014695031654834757,0.12476017897883754,0.022762559009692748
bayesfl_observability_v1,ola_lr0p002_b32_e2_lam0p01_pinit0p01_fclip10p0,53,ola,global_test_mc,,,14,0.9333333333333333,1.0,1454,0.9993122420907841,0.9609847868161155,0.03832745527466852,0.005572811996936803,0.04388624817668428,0.003758509416510114
bayesfl_observability_v1,ola_lr0p002_b32_e2_lam0p01_pinit0p01_fclip10p0,54,ola,global_test,,,0,0.0,0.06666666666666667,0,,,,,,
bayesfl_observability_v1,ola_lr0p002_b32_e2_lam0p01_pinit0p01_fclip10p0,54,ola,global_test,,,1,0.06666666666666667,0.13333333333333333,0,,,,,,
bayesfl_observability_v1,ola_lr0p002_b32_e2_lam0p01_pinit0p01_fclip10p0,54,ola,global_test,,,2,0.13333333333333333,0.2,10,0.2,0.1850460797548294,0.014953920245170615,1.4953920245170616e-05,1.8994859337806702,0.8335904538631439
bayesfl_observability_v1,ola_lr0p002_b32_e2_lam0p01_pinit0p01_fclip10p0,54,ola,global_test,,,3,0.2,0.26666666666666666,125,0.368,0.23992198157310485,0.12807801842689515,0.0016009752303361893,1.726390842437744,0.7906396741867066
bayesfl_observability_v1,ola_lr0p002_b32_e2_lam0p01_pinit0p01_fclip10p0,54,ola,global_test,,,4,0.26666666666666666,0.3333333333333333,442,0.3733031674208145,0.30346455111492815,0.06983861630588634,0.003086866840720176,1.537157872413618,0.73786662795425
bayesfl_observability_v1,ola_lr0p002_b32_e2_lam0p01_pinit0p01_fclip10p0,54,ola,global_test,,,5,0.3333333333333333,0.4,627,0.49920255183413076,0.36768214654123954,0.13152040529289122,0.008246329411864279,1.3597286477613677,0.6655214919427935
bayesfl_observability_v1,ola_lr0p002_b32_e2_lam0p01_pinit0p01_fclip10p0,54,ola,global_test,,,6,0.4,0.4666666666666667,807,0.5947955390334573,0.4339562835820398,0.16083925545141747,0.012979727914929389,1.1496350432860363,0.5821164148078384
bayesfl_observability_v1,ola_lr0p002_b32_e2_lam0p01_pinit0p01_fclip10p0,54,ola,global_test,,,7,0.4666666666666667,0.5333333333333333,854,0.6651053864168618,0.5005474403605249,0.1645579460563369,0.014053248593211172,0.9934055270579157,0.5150329643027286
bayesfl_observability_v1,ola_lr0p002_b32_e2_lam0p01_pinit0p01_fclip10p0,54,ola,global_test,,,8,0.5333333333333333,0.6,798,0.7506265664160401,0.5657779652074465,0.1848486012085936,0.014750918376445767,0.8632400593064483,0.43523231669700235
bayesfl_observability_v1,ola_lr0p002_b32_e2_lam0p01_pinit0p01_fclip10p0,54,ola,global_test,,,9,0.6,0.6666666666666666,709,0.8124118476727785,0.6324428977347564,0.17996894993802215,0.01275979855060577,0.7466867928864758,0.35863632445022653
bayesfl_observability_v1,ola_lr0p002_b32_e2_lam0p01_pinit0p01_fclip10p0,54,ola,global_test,,,10,0.6666666666666666,0.7333333333333333,765,0.8810457516339869,0.6999039219874962,0.18114182964649073,0.01385734996795654,0.5677987947183497,0.2554843440359714
bayesfl_observability_v1,ola_lr0p002_b32_e2_lam0p01_pinit0p01_fclip10p0,54,ola,global_test,,,11,0.7333333333333333,0.8,838,0.9248210023866349,0.7680746215909079,0.156746380795727,0.013135346710681924,0.4476519117314093,0.1746488509384075
bayesfl_observability_v1,ola_lr0p002_b32_e2_lam0p01_pinit0p01_fclip10p0,54,ola,global_test,,,12,0.8,0.8666666666666667,1097,0.9553327256153145,0.8366881319904936,0.11864459362482083,0.013015311920642845,0.30357733087693983,0.1049917078880065
bayesfl_observability_v1,ola_lr0p002_b32_e2_lam0p01_pinit0p01_fclip10p0,54,ola,global_test,,,13,0.8666666666666667,0.9333333333333333,1478,0.9891745602165088,0.9017946175293283,0.08737994268718052,0.012914755529165283,0.1422399948269169,0.031989091623534166
bayesfl_observability_v1,ola_lr0p002_b32_e2_lam0p01_pinit0p01_fclip10p0,54,ola,global_test,,,14,0.9333333333333333,1.0,1450,0.9958620689655172,0.9666569050427141,0.029205163922803146,0.004234748768806456,0.055025243989095605,0.009898474286573814
bayesfl_observability_v1,ola_lr0p002_b32_e2_lam0p01_pinit0p01_fclip10p0,54,ola,global_test_mc,,,0,0.0,0.06666666666666667,0,,,,,,
bayesfl_observability_v1,ola_lr0p002_b32_e2_lam0p01_pinit0p01_fclip10p0,54,ola,global_test_mc,,,1,0.06666666666666667,0.13333333333333333,0,,,,,,
bayesfl_observability_v1,ola_lr0p002_b32_e2_lam0p01_pinit0p01_fclip10p0,54,ola,global_test_mc,,,2,0.13333333333333333,0.2,7,0.2857142857142857,0.18412648354257857,0.10158780217170713,7.111146152019499e-05,1.8637372766222273,0.8226482016699654
bayesfl_observability_v1,ola_lr0p002_b32_e2_lam0p01_pinit0p01_fclip10p0,54,ola,global_test_mc,,,3,0.2,0.26666666666666666,153,0.3660130718954248,0.2418153581081652,0.1241977137872596,0.0019002250209450718,1.7205564812117933,0.7895534825480841
bayesfl_observability_v1,ola_lr0p002_b32_e2_lam0p01_pinit0p01_fclip10p0,54,ola,global_test_mc,,,4,0.26666666666666666,0.3333333333333333,461,0.403470715835141,0.30398675030069083,0.09948396553445016,0.004586210811138153,1.5174459767186461,0.7282286762156869
bayesfl_observability_v1,ola_lr0p002_b32_e2_lam0p01_pinit0p01_fclip10p0,54,ola,global_test_mc,,,5,0.3333333333333333,0.4,664,0.4924698795180723,0.3683024943323739,0.12416738518569842,0.008244714376330375,1.375358688454312,0.669377318123378
bayesfl_observability_v1,ola_lr0p002_b32_e2_lam0p01_pinit0p01_fclip10p0,54,ola,global_test_mc,,,6,0.4,0.4666666666666667,807,0.5997521685254027,0.4345486844339335,0.16520348409146918,0.013331921166181562,1.1341600144071946,0.580088925886036
bayesfl_observability_v1,ola_lr0p002_b32_e2_lam0p01_pinit0p01_fclip10p0,54,ola,global_test_mc,,,7,0.4666666666666667,0.5333333333333333,903,0.6832779623477298,0.50031380264598,0.18296415970174973,0.016521663621068,0.981063458676618,0.5049600012080614
bayesfl_observability_v1,ola_lr0p002_b32_e2_lam0p01_pinit0p01_fclip10p0,54,ola,global_test_mc,,,8,0.5333333333333333,0.6,765,0.7437908496732026,0.5654565990360734,0.17833425063712927,0.01364257017374039,0.8593779620002298,0.4364015219842686
bayesfl_observability_v1,ola_lr0p002_b32_e2_lam0p01_pinit0p01_fclip10p0,54,ola,global_test_mc,,,9,0.6,0.6666666666666666,734,0.8215258855585831,0.6325255761516841,0.18900030940689894,0.013872622710466381,0.7376586145211306,0.348380158175727
bayesfl_observability_v1,ola_lr0p002_b32_e2_lam0p01_pinit0p01_fclip10p0,54,ola,global_test_mc,,,10,0.6666666666666666,0.7333333333333333,786,0.8918575063613231,0.6995387223689004,0.19231878399242275,0.015116256421804428,0.5548283982140417,0.24461275839623603
bayesfl_observability_v1,ola_lr0p002_b32_e2_lam0p01_pinit0p01_fclip10p0,54,ola,global_test_mc,,,11,0.7333333333333333,0.8,816,0.9129901960784313,0.7673945689172137,0.14559562716121766,0.01188060317635536,0.4690281828390617,0.1899313687200786
bayesfl_observability_v1,ola_lr0p002_b32_e2_lam0p01_pinit0p01_fclip10p0,54,ola,global_test_mc,,,12,0.8,0.8666666666666667,1111,0.9657965796579658,0.8352821951079862,0.13051438454997966,0.01450014812350274,0.27803879003874576,0.08983874727043882
bayesfl_observability_v1,ola_lr0p002_b32_e2_lam0p01_pinit0p01_fclip10p0,54,ola,global_test_mc,,,13,0.8666666666666667,0.9333333333333333,1450,0.9868965517241379,0.9008535914996575,0.08604296022448044,0.012476229232549664,0.15203100897628685,0.0362622826780867
bayesfl_observability_v1,ola_lr0p002_b32_e2_lam0p01_pinit0p01_fclip10p0,54,ola,global_test_mc,,,14,0.9333333333333333,1.0,1343,0.9977661950856291,0.9664901353846002,0.03127605970102898,0.004200374817848192,0.04726858565109496,0.006358909212952137
bayesfl_observability_v1,ola_lr0p002_b32_e2_lam0p01_pinit0p01_fclip10p0,55,ola,global_test,,,0,0.0,0.06666666666666667,0,,,,,,
bayesfl_observability_v1,ola_lr0p002_b32_e2_lam0p01_pinit0p01_fclip10p0,55,ola,global_test,,,1,0.06666666666666667,0.13333333333333333,0,,,,,,
bayesfl_observability_v1,ola_lr0p002_b32_e2_lam0p01_pinit0p01_fclip10p0,55,ola,global_test,,,2,0.13333333333333333,0.2,8,0.125,0.18547655828297138,0.06047655828297138,4.8381246626377106e-05,1.9606538265943527,0.8485490456223488
bayesfl_observability_v1,ola_lr0p002_b32_e2_lam0p01_pinit0p01_fclip10p0,55,ola,global_test,,,3,0.2,0.26666666666666666,137,0.2846715328467153,0.23960219541170302,0.04506933743501229,0.0006174499228596684,1.7761365201351416,0.8028453836475846
bayesfl_observability_v1,ola_lr0p002_b32_e2_lam0p01_pinit0p01_fclip10p0,55,ola,global_test,,,4,0.26666666666666666,0.3333333333333333,418,0.42105263157894735,0.30295240408495855,0.1181002274939888,0.004936589509248732,1.553500203995043,0.7338319908488881
bayesfl_observability_v1,ola_lr0p002_b32_e2_lam0p01_pinit0p01_fclip10p0,55,ola,global_test,,,5,0.3333333333333333,0.4,652,0.46319018404907975,0.36791221532353596,0.09527796872554378,0.006212123560905454,1.3556438753027127,0.6771265020582573
bayesfl_observability_v1,ola_lr0p002_b32_e2_lam0p01_pinit0p01_fclip10p0,55,ola,global_test,,,6,0.4,0.4666666666666667,790,0.5658227848101266,0.4327821912644785,0.13304059354564812,0.010510206890106202,1.2359925288188307,0.6120928776415089
bayesfl_observability_v1,ola_lr0p002_b32_e2_lam0p01_pinit0p01_fclip10p0,55,ola,global_test,,,7,0.4666666666666667,0.5333333333333333,792,0.6830808080808081,0.4995340031355318,0.18354680494527625,0.014536906951665879,1.0185962030381868,0.5189136968116568
bayesfl_observability_v1,ola_lr0p002_b32_e2_lam0p01_pinit0p01_fclip10p0,55,ola,global_test,,,8,0.5333333333333333,0.6,773,0.7309184993531694,0.5654990880486265,0.16541941130454296,0.012786920493841171,0.962186990857587,0.46758711127923347
bayesfl_observability_v1,ola_lr0p002_b32_e2_lam0p01_pinit0p01_fclip10p0,55,ola,global_test,,,9,0.6,0.6666666666666666,687,0.8034934497816594,0.6332725042686018,0.17022094551305755,0.011694178956747054,0.8109343116980974,0.37698889238518574
bayesfl_observability_v1,ola_lr0p002_b32_e2_lam0p01_pinit0p01_fclip10p0,55,ola,global_test,,,10,0.6666666666666666,0.7333333333333333,713,0.8948106591865358,0.699190223701873,0.1956204354846628,0.013947737050056457,0.5847636990008815,0.24732483929704985
bayesfl_observability_v1,ola_lr0p002_b32_e2_lam0p01_pinit0p01_fclip10p0,55,ola,global_test,,,11,0.7333333333333333,0.8,800,0.93,0.7677710375189781,0.16222896248102192,0.012978316998481754,0.4487159342877567,0.16913340433500706
bayesfl_observability_v1,ola_lr0p002_b32_e2_lam0p01_pinit0p01_fclip10p0,55,ola,global_test,,,12,0.8,0.8666666666666667,1127,0.9716060337178349,0.8354580822304063,0.13614795148742864,0.015343874132633209,0.2649860764591696,0.08078033540698683
bayesfl_observability_v1,ola_lr0p002_b32_e2_lam0p01_pinit0p01_fclip10p0,55,ola,global_test,,,13,0.8666666666666667,0.9333333333333333,1622,0.9919852034525277,0.9010453096667876,0.09093989378574008,0.01475045077204704,0.13187115434120822,0.027280119028684262
bayesfl_observability_v1,ola_lr0p002_b32_e2_lam0p01_pinit0p01_fclip10p0,55,ola,global_test,,,14,0.9333333333333333,1.0,1481,0.9993247805536799,0.9640422844146249,0.035282496139054986,0.0052253376781940435,0.03990879144810724,0.003554784521108094
bayesfl_observability_v1,ola_lr0p002_b32_e2_lam0p01_pinit0p01_fclip10p0,55,ola,global_test_mc,,,0,0.0,0.06666666666666667,0,,,,,,
bayesfl_observability_v1,ola_lr0p002_b32_e2_lam0p01_pinit0p01_fclip10p0,55,ola,global_test_mc,,,1,0.06666666666666667,0.13333333333333333,0,,,,,,
bayesfl_observability_v1,ola_lr0p002_b32_e2_lam0p01_pinit0p01_fclip10p0,55,ola,global_test_mc,,,2,0.13333333333333333,0.2,10,0.0,0.18746130168437958,0.18746130168437958,0.00018746130168437959,2.011393737792969,0.8614079475402832
bayesfl_observability_v1,ola_lr0p002_b32_e2_lam0p01_pinit0p01_fclip10p0,55,ola,global_test_mc,,,3,0.2,0.26666666666666666,142,0.31690140845070425,0.24108431215437365,0.0758170962963306,0.0010766027674078945,1.7528367512662646,0.7944637931568522
bayesfl_observability_v1,ola_lr0p002_b32_e2_lam0p01_pinit0p01_fclip10p0,55,ola,global_test_mc,,,4,0.26666666666666666,0.3333333333333333,451,0.41019955654101997,0.302750381159941,0.10744917538107895,0.004845957809686661,1.5492098931462697,0.7365761766676893
bayesfl_observability_v1,ola_lr0p002_b32_e2_lam0p01_pinit0p01_fclip10p0,55,ola,global_test_mc,,,5,0.3333333333333333,0.4,684,0.47368421052631576,0.368740667855879,0.10494354267043676,0.007178138318657875,1.3642947120450393,0.6723590724562344
bayesfl_observability_v1,ola_lr0p002_b32_e2_lam0p01_pinit0p01_fclip10p0,55,ola,global_test_mc,,,6,0.4,0.4666666666666667,808,0.5693069306930693,0.4341871992196187,0.13511973147345058,0.010917674303054807,1.2171772332622273,0.6113542142407139
bayesfl_observability_v1,ola_lr0p002_b32_e2_lam0p01_pinit0p01_fclip10p0,55,ola,global_test_mc,,,7,0.4666666666666667,0.5333333333333333,821,0.6833130328867235,0.5008223489126538,0.18249068397406976,0.014982485154271126,1.0483114882014992,0.526807455357332
bayesfl_observability_v1,ola_lr0p002_b32_e2_lam0p01_pinit0p01_fclip10p0,55,ola,global_test_mc,,,8,0.5333333333333333,0.6,777,0.7438867438867439,0.5657638993349161,0.1781228445518278,0.01384014502167702,0.9179134222377988,0.4534260481020659
bayesfl_observability_v1,ola_lr0p002_b32_e2_lam0p01_pinit0p01_fclip10p0,55,ola,global_test_mc,,,9,0.6,0.6666666666666666,704,0.8224431818181818,0.6344989955594594,0.18794418625872233,0.013231270712614054,0.7987162815830247,0.35980383918451314
bayesfl_observability_v1,ola_lr0p002_b32_e2_lam0p01_pinit0p01_fclip10p0,55,ola,global_test_mc,,,10,0.6666666666666666,0.7333333333333333,680,0.8911764705882353,0.6996241337236236,0.1915523368646117,0.013025558906793596,0.6000112743062131,0.25350225930485654
bayesfl_observability_v1,ola_lr0p002_b32_e2_lam0p01_pinit0p01_fclip10p0,55,ola,global_test_mc,,,11,0.7333333333333333,0.8,826,0.9394673123486683,0.7677211141615168,0.17174619818715153,0.014186235970258716,0.4207199197307626,0.15563407967872828
bayesfl_observability_v1,ola_lr0p002_b32_e2_lam0p01_pinit0p01_fclip10p0,55,ola,global_test_mc,,,12,0.8,0.8666666666666667,1162,0.9733218588640276,0.8346407081604824,0.13868115070354514,0.016114749711751947,0.2614367731723441,0.07838473790092794
bayesfl_observability_v1,ola_lr0p002_b32_e2_lam0p01_pinit0p01_fclip10p0,55,ola,global_test_mc,,,13,0.8666666666666667,0.9333333333333333,1570,0.9936305732484076,0.9004445452978657,0.09318602795054198,0.014630206388235091,0.1274429769273017,0.02463060216562953
bayesfl_observability_v1,ola_lr0p002_b32_e2_lam0p01_pinit0p01_fclip10p0,55,ola,global_test_mc,,,14,0.9333333333333333,1.0,1365,0.9992673992673993,0.9639285440846678,0.0353388551827315,0.0048237537324428495,0.04027993006908059,0.0036624141873986054
bayesfl_observability_v1,ola_lr0p002_b32_e2_lam0p01_pinit0p01_fclip10p0,56,ola,global_test,,,0,0.0,0.06666666666666667,0,,,,,,
bayesfl_observability_v1,ola_lr0p002_b32_e2_lam0p01_pinit0p01_fclip10p0,56,ola,global_test,,,1,0.06666666666666667,0.13333333333333333,0,,,,,,
bayesfl_observability_v1,ola_lr0p002_b32_e2_lam0p01_pinit0p01_fclip10p0,56,ola,global_test,,,2,0.13333333333333333,0.2,6,0.3333333333333333,0.1924101710319519,0.1409231623013814,8.455389738082884e-05,1.8310592969258626,0.8129087388515472
bayesfl_observability_v1,ola_lr0p002_b32_e2_lam0p01_pinit0p01_fclip10p0,56,ola,global_test,,,3,0.2,0.26666666666666666,147,0.30612244897959184,0.24354314287098086,0.06257930610861098,0.0009199157997965815,1.7184511179826698,0.7831209139759038
bayesfl_observability_v1,ola_lr0p002_b32_e2_lam0p01_pinit0p01_fclip10p0,56,ola,global_test,,,4,0.26666666666666666,0.3333333333333333,345,0.39420289855072466,0.30462623229925184,0.08957666625147281,0.003090394985675812,1.5977492246074954,0.7407207373259724
bayesfl_observability_v1,ola_lr0p002_b32_e2_lam0p01_pinit0p01_fclip10p0,56,ola,global_test,,,5,0.3333333333333333,0.4,556,0.5683453237410072,0.3682391593674962,0.20010616437351103,0.011125902739167214,1.3268002021870167,0.6483265806337912
bayesfl_observability_v1,ola_lr0p002_b32_e2_lam0p01_pinit0p01_fclip10p0,56,ola,global_test,,,6,0.4,0.4666666666666667,723,0.6196403872752421,0.43321076707391487,0.1864296202013272,0.013478861540555958,1.1315589294064259,0.5723779199858754
bayesfl_observability_v1,ola_lr0p002_b32_e2_lam0p01_pinit0p01_fclip10p0,56,ola,global_test,,,7,0.4666666666666667,0.5333333333333333,727,0.734525447042641,0.4997007968583166,0.2348246501843244,0.017071752068400385,0.9752323050282516,0.4835587025426605
bayesfl_observability_v1,ola_lr0p002_b32_e2_lam0p01_pinit0p01_fclip10p0,56,ola,global_test,,,8,0.5333333333333333,0.6,735,0.8380952380952381,0.5652759154637654,0.2728193226314727,0.02005222021341324,0.8041460428108164,0.37923911430803287
bayesfl_observability_v1,ola_lr0p002_b32_e2_lam0p01_pinit0p01_fclip10p0,56,ola,global_test,,,9,0.6,0.6666666666666666,774,0.8837209302325582,0.6330148071743721,0.25070612305818607,0.0194046539247036,0.6487920703197942,0.2892397573790501
bayesfl_observability_v1,ola_lr0p002_b32_e2_lam0p01_pinit0p01_fclip10p0,56,ola,global_test,,,10,0.6666666666666666,0.7333333333333333,775,0.9432258064516129,0.7007466176248366,0.24247918882677633,0.018792137134075165,0.4706002578427715,0.18632635159838584
bayesfl_observability_v1,ola_lr0p002_b32_e2_lam0p01_pinit0p01_fclip10p0,56,ola,global_test,,,11,0.7333333333333333,0.8,883,0.9501698754246886,0.7662810877657422,0.18388878765894634,0.01623737995028496,0.4061356407768459,0.14237524593082318
bayesfl_observability_v1,ola_lr0p002_b32_e2_lam0p01_pinit0p01_fclip10p0,56,ola,global_test,,,12,0.8,0.8666666666666667,1118,0.9803220035778175,0.8344720788100112,0.14584992476780634,0.016306021589040747,0.24159563454084618,0.0675813737283719
bayesfl_observability_v1,ola_lr0p002_b32_e2_lam0p01_pinit0p01_fclip10p0,56,ola,global_test,,,13,0.8666666666666667,0.9333333333333333,1542,0.9922178988326849,0.9028348858563662,0.08938301297631868,0.013782860600948339,0.13060600518813084,0.026473636867299713
bayesfl_observability_v1,ola_lr0p002_b32_e2_lam0p01_pinit0p01_fclip10p0,56,ola,global_test,,,14,0.9333333333333333,1.0,1669,1.0,0.9615008156052458,0.03849918439475419,0.006425513875484475,0.03944629291825805,0.0024352024515609883
bayesfl_observability_v1,ola_lr0p002_b32_e2_lam0p01_pinit0p01_fclip10p0,56,ola,global_test_mc,,,0,0.0,0.06666666666666667,0,,,,,,
bayesfl_observability_v1,ola_lr0p002_b32_e2_lam0p01_pinit0p01_fclip10p0,56,ola,global_test_mc,,,1,0.06666666666666667,0.13333333333333333,0,,,,,,
bayesfl_observability_v1,ola_lr0p002_b32_e2_lam0p01_pinit0p01_fclip10p0,56,ola,global_test_mc,,,2,0.13333333333333333,0.2,7,0.2857142857142857,0.18858460443360464,0.09712968128068106,6.799077689647675e-05,1.8854289736066545,0.8310720665114266
bayesfl_observability_v1,ola_lr0p002_b32_e2_lam0p01_pinit0p01_fclip10p0,56,ola,global_test_mc,,,3,0.2,0.26666666666666666,143,0.32867132867132864,0.24222243280260713,0.08644889586872151,0.0012362192109227174,1.702705743429544,0.7800001326974455
bayesfl_observability_v1,ola_lr0p002_b32_e2_lam0p01_pinit0p01_fclip10p0,56,ola,global_test_mc,,,4,0.26666666666666666,0.3333333333333333,364,0.3983516483516483,0.3030792201285834,0.09527242822306492,0.0034679163873195633,1.6010234699799464,0.7395733224821615
bayesfl_observability_v1,ola_lr0p002_b32_e2_lam0p01_pinit0p01_fclip10p0,56,ola,global_test_mc,,,5,0.3333333333333333,0.4,615,0.5430894308943089,0.3679684975767523,0.17512093331755663,0.010769937399029733,1.3250484565409217,0.6483194834817716
bayesfl_observability_v1,ola_lr0p002_b32_e2_lam0p01_pinit0p01_fclip10p0,56,ola,global_test_mc,,,6,0.4,0.4666666666666667,722,0.646814404432133,0.43381294822758915,0.21300145620454386,0.015378705137968067,1.1078301201731875,0.5637353019288373
bayesfl_observability_v1,ola_lr0p002_b32_e2_lam0p01_pinit0p01_fclip10p0,56,ola,global_test_mc,,,7,0.4666666666666667,0.5333333333333333,758,0.7401055408970977,0.4995249871528243,0.2405805537442734,0.018236005973815923,0.9898104736861578,0.487368306690596
bayesfl_observability_v1,ola_lr0p002_b32_e2_lam0p01_pinit0p01_fclip10p0,56,ola,global_test_mc,,,8,0.5333333333333333,0.6,753,0.8459495351925631,0.5671069618873545,0.27884257330520856,0.020996845769882207,0.7742705816924967,0.3678297665252154
bayesfl_observability_v1,ola_lr0p002_b32_e2_lam0p01_pinit0p01_fclip10p0,56,ola,global_test_mc,,,9,0.6,0.6666666666666666,755,0.8913907284768212,0.6321589373594878,0.2592317911173334,0.019572000229358674,0.6504480952063934,0.28625619648308154
bayesfl_observability_v1,ola_lr0p002_b32_e2_lam0p01_pinit0p01_fclip10p0,56,ola,global_test_mc,,,10,0.6666666666666666,0.7333333333333333,814,0.9434889434889435,0.6999443308141367,0.24354461267480687,0.01982453147172928,0.4727517752301781,0.1863448269646935
bayesfl_observability_v1,ola_lr0p002_b32_e2_lam0p01_pinit0p01_fclip10p0,56,ola,global_test_mc,,,11,0.7333333333333333,0.8,915,0.9540983606557377,0.7677839799005477,0.18631438075519002,0.017047765839099886,0.40019358541470407,0.13651978081611335
bayesfl_observability_v1,ola_lr0p002_b32_e2_lam0p01_pinit0p01_fclip10p0,56,ola,global_test_mc,,,12,0.8,0.8666666666666667,1093,0.979871912168344,0.8348449236301796,0.14502698853816443,0.015851449847221373,0.24232606367571902,0.06839243267225707
bayesfl_observability_v1,ola_lr0p002_b32_e2_lam0p01_pinit0p01_fclip10p0,56,ola,global_test_mc,,,13,0.8666666666666667,0.9333333333333333,1543,0.9954633830200907,0.9026878265228198,0.09277555649727098,0.014315268367528913,0.12013905772568727,0.0209383997490976
bayesfl_observability_v1,ola_lr0p002_b32_e2_lam0p01_pinit0p01_fclip10p0,56,ola,global_test_mc,,,14,0.9333333333333333,1.0,1518,1.0,0.9614372341764774,0.03856276582352258,0.005853827852010728,0.03951160219738478,0.0024396370766025916
bayesfl_observability_v1,ola_lr0p002_b32_e2_lam0p01_pinit0p01_fclip10p0,57,ola,global_test,,,0,0.0,0.06666666666666667,0,,,,,,
bayesfl_observability_v1,ola_lr0p002_b32_e2_lam0p01_pinit0p01_fclip10p0,57,ola,global_test,,,1,0.06666666666666667,0.13333333333333333,0,,,,,,
bayesfl_observability_v1,ola_lr0p002_b32_e2_lam0p01_pinit0p01_fclip10p0,57,ola,global_test,,,2,0.13333333333333333,0.2,10,0.1,0.1843794658780098,0.08437946587800979,8.43794658780098e-05,1.9289179921150208,0.8365754842758178
bayesfl_observability_v1,ola_lr0p002_b32_e2_lam0p01_pinit0p01_fclip10p0,57,ola,global_test,,,3,0.2,0.26666666666666666,120,0.3416666666666667,0.24113103573520978,0.1005356309314569,0.0012064275711774828,1.786078879237175,0.7930201590061188
bayesfl_observability_v1,ola_lr0p002_b32_e2_lam0p01_pinit0p01_fclip10p0,57,ola,global_test,,,4,0.26666666666666666,0.3333333333333333,312,0.40705128205128205,0.30388447871574986,0.10316680333553219,0.0032188042640686042,1.5461366539582229,0.733795369664828
bayesfl_observability_v1,ola_lr0p002_b32_e2_lam0p01_pinit0p01_fclip10p0,57,ola,global_test,,,5,0.3333333333333333,0.4,561,0.483065953654189,0.3685854132587684,0.11448054039542055,0.006422358316183093,1.3492293949645684,0.6645993368829636
bayesfl_observability_v1,ola_lr0p002_b32_e2_lam0p01_pinit0p01_fclip10p0,57,ola,global_test,,,6,0.4,0.4666666666666667,706,0.6076487252124646,0.43528905434919146,0.17235967086327314,0.012168592762947085,1.1246573642191737,0.5777153368965424
bayesfl_observability_v1,ola_lr0p002_b32_e2_lam0p01_pinit0p01_fclip10p0,57,ola,global_test,,,7,0.4666666666666667,0.5333333333333333,753,0.6865869853917662,0.5010675224333329,0.18551946295843336,0.013969615560770032,1.014349002128895,0.5104652869590567
bayesfl_observability_v1,ola_lr0p002_b32_e2_lam0p01_pinit0p01_fclip10p0,57,ola,global_test,,,8,0.5333333333333333,0.6,758,0.8007915567282322,0.5664747803223794,0.2343167764058528,0.017761211651563642,0.8239145776684492,0.40444694754316185
bayesfl_observability_v1,ola_lr0p002_b32_e2_lam0p01_pinit0p01_fclip10p0,57,ola,global_test,,,9,0.6,0.6666666666666666,794,0.8664987405541562,0.6339121605797439,0.23258657997441234,0.018467374449968342,0.6576240287169401,0.30708657672408246
bayesfl_observability_v1,ola_lr0p002_b32_e2_lam0p01_pinit0p01_fclip10p0,57,ola,global_test,,,10,0.6666666666666666,0.7333333333333333,891,0.9225589225589226,0.700415313444555,0.2221436091143676,0.01979299557209015,0.5261574474515605,0.21258713792503617
bayesfl_observability_v1,ola_lr0p002_b32_e2_lam0p01_pinit0p01_fclip10p0,57,ola,global_test,,,11,0.7333333333333333,0.8,955,0.9382198952879581,0.7676896034735036,0.17053029181445456,0.016285642868280412,0.415047927770315,0.15714090620582016
bayesfl_observability_v1,ola_lr0p002_b32_e2_lam0p01_pinit0p01_fclip10p0,57,ola,global_test,,,12,0.8,0.8666666666666667,1075,0.9637209302325581,0.8343596101361652,0.1293613200963929,0.013906341910362234,0.2819829196708147,0.09318583685991376
bayesfl_observability_v1,ola_lr0p002_b32_e2_lam0p01_pinit0p01_fclip10p0,57,ola,global_test,,,13,0.8666666666666667,0.9333333333333333,1533,0.9876060013046314,0.9014724313785107,0.08613356992612065,0.013204276269674296,0.14587594089034486,0.03491063403033707
bayesfl_observability_v1,ola_lr0p002_b32_e2_lam0p01_pinit0p01_fclip10p0,57,ola,global_test,,,14,0.9333333333333333,1.0,1532,0.9960835509138382,0.9657196935567781,0.030363857357060042,0.004651742947101599,0.05075834111089261,0.009308233455609374
bayesfl_observability_v1,ola_lr0p002_b32_e2_lam0p01_pinit0p01_fclip10p0,57,ola,global_test_mc,,,0,0.0,0.06666666666666667,0,,,,,,
bayesfl_observability_v1,ola_lr0p002_b32_e2_lam0p01_pinit0p01_fclip10p0,57,ola,global_test_mc,,,1,0.06666666666666667,0.13333333333333333,0,,,,,,
bayesfl_observability_v1,ola_lr0p002_b32_e2_lam0p01_pinit0p01_fclip10p0,57,ola,global_test_mc,,,2,0.13333333333333333,0.2,10,0.1,0.18808761537075042,0.08808761537075041,8.808761537075041e-05,1.8995939373970032,0.8332551717758179
bayesfl_observability_v1,ola_lr0p002_b32_e2_lam0p01_pinit0p01_fclip10p0,57,ola,global_test_mc,,,3,0.2,0.26666666666666666,133,0.3233082706766917,0.24166445266035266,0.08164381801633905,0.0010858627796173095,1.7612321448505373,0.7876976782217958
bayesfl_observability_v1,ola_lr0p002_b32_e2_lam0p01_pinit0p01_fclip10p0,57,ola,global_test_mc,,,4,0.26666666666666666,0.3333333333333333,328,0.4146341463414634,0.3036647276362268,0.11096941870523658,0.0036397969335317595,1.5465869492873914,0.7305374614349226
bayesfl_observability_v1,ola_lr0p002_b32_e2_lam0p01_pinit0p01_fclip10p0,57,ola,global_test_mc,,,5,0.3333333333333333,0.4,567,0.5061728395061729,0.3685466829536243,0.13762615655254856,0.007803403076529503,1.341597554019309,0.662941019739003
bayesfl_observability_v1,ola_lr0p002_b32_e2_lam0p01_pinit0p01_fclip10p0,57,ola,global_test_mc,,,6,0.4,0.4666666666666667,684,0.6067251461988304,0.43314390481389753,0.17358124138493292,0.01187295691072941,1.1464158951016197,0.5855488469551878
bayesfl_observability_v1,ola_lr0p002_b32_e2_lam0p01_pinit0p01_fclip10p0,57,ola,global_test_mc,,,7,0.4666666666666667,0.5333333333333333,855,0.7017543859649122,0.4995630828609243,0.20219130310398792,0.01728735641539097,0.9848137780239707,0.500939917564392
bayesfl_observability_v1,ola_lr0p002_b32_e2_lam0p01_pinit0p01_fclip10p0,57,ola,global_test_mc,,,8,0.5333333333333333,0.6,775,0.8141935483870968,0.5672806668281555,0.2469128815589413,0.01913574832081795,0.8187817701985759,0.3958274549438107
bayesfl_observability_v1,ola_lr0p002_b32_e2_lam0p01_pinit0p01_fclip10p0,57,ola,global_test_mc,,,9,0.6,0.6666666666666666,798,0.8609022556390977,0.6342260419276723,0.22667621371142543,0.01808876185417175,0.6946612068435603,0.31737061722535537
bayesfl_observability_v1,ola_lr0p002_b32_e2_lam0p01_pinit0p01_fclip10p0,57,ola,global_test_mc,,,10,0.6666666666666666,0.7333333333333333,926,0.9244060475161987,0.7003199374444027,0.22408611007179602,0.020750373792648314,0.5030543898145787,0.20816019918471895
bayesfl_observability_v1,ola_lr0p002_b32_e2_lam0p01_pinit0p01_fclip10p0,57,ola,global_test_mc,,,11,0.7333333333333333,0.8,913,0.9452354874041621,0.7664914274137357,0.17874405999042642,0.01631933267712593,0.3983144187587767,0.14729598421207654
bayesfl_observability_v1,ola_lr0p002_b32_e2_lam0p01_pinit0p01_fclip10p0,57,ola,global_test_mc,,,12,0.8,0.8666666666666667,1126,0.9680284191829485,0.834147175347191,0.1338812438357575,0.015075028055906296,0.2754677696348719,0.08721180757272784
bayesfl_observability_v1,ola_lr0p002_b32_e2_lam0p01_pinit0p01_fclip10p0,57,ola,global_test_mc,,,13,0.8666666666666667,0.9333333333333333,1460,0.989041095890411,0.9016862029898657,0.08735489290054532,0.012753814363479617,0.13834603045595018,0.03222419327341837
bayesfl_observability_v1,ola_lr0p002_b32_e2_lam0p01_pinit0p01_fclip10p0,57,ola,global_test_mc,,,14,0.9333333333333333,1.0,1425,0.9971929824561403,0.965439616128018,0.03175336632812231,0.00452485470175743,0.04703126670825377,0.007318758869966443
bayesfl_observability_v1,ola_lr0p002_b32_e2_lam0p01_pinit0p01_fclip10p0,58,ola,global_test,,,0,0.0,0.06666666666666667,0,,,,,,
bayesfl_observability_v1,ola_lr0p002_b32_e2_lam0p01_pinit0p01_fclip10p0,58,ola,global_test,,,1,0.06666666666666667,0.13333333333333333,0,,,,,,
bayesfl_observability_v1,ola_lr0p002_b32_e2_lam0p01_pinit0p01_fclip10p0,58,ola,global_test,,,2,0.13333333333333333,0.2,6,0.3333333333333333,0.18680153787136078,0.14653179546197254,8.791907727718352e-05,1.8622894485791524,0.8220626016457876
bayesfl_observability_v1,ola_lr0p002_b32_e2_lam0p01_pinit0p01_fclip10p0,58,ola,global_test,,,3,0.2,0.26666666666666666,120,0.30833333333333335,0.2448119891186555,0.06352134421467784,0.0007622561305761341,1.8730923593044282,0.8139487420519192
bayesfl_observability_v1,ola_lr0p002_b32_e2_lam0p01_pinit0p01_fclip10p0,58,ola,global_test,,,4,0.26666666666666666,0.3333333333333333,309,0.4045307443365696,0.3045751540213341,0.09995559031523549,0.0030886277407407765,1.5404722717587616,0.7300396320503506
bayesfl_observability_v1,ola_lr0p002_b32_e2_lam0p01_pinit0p01_fclip10p0,58,ola,global_test,,,5,0.3333333333333333,0.4,537,0.5232774674115456,0.3686745372120451,0.1546029301995005,0.008302177351713177,1.3305431138203796,0.6540620411352517
bayesfl_observability_v1,ola_lr0p002_b32_e2_lam0p01_pinit0p01_fclip10p0,58,ola,global_test,,,6,0.4,0.4666666666666667,668,0.625748502994012,0.43526345509255004,0.19048504790146192,0.012724401199817655,1.1539832441928144,0.5815699989210346
bayesfl_observability_v1,ola_lr0p002_b32_e2_lam0p01_pinit0p01_fclip10p0,58,ola,global_test,,,7,0.4666666666666667,0.5333333333333333,733,0.723055934515689,0.49980850052215553,0.22324743399353342,0.016364036911726002,0.9671792482288928,0.48857450916204415
bayesfl_observability_v1,ola_lr0p002_b32_e2_lam0p01_pinit0p01_fclip10p0,58,ola,global_test,,,8,0.5333333333333333,0.6,749,0.8117489986648865,0.5662233772997226,0.24552562136516387,0.01838986904025077,0.8185674459020668,0.39812338980877193
bayesfl_observability_v1,ola_lr0p002_b32_e2_lam0p01_pinit0p01_fclip10p0,58,ola,global_test,,,9,0.6,0.6666666666666666,754,0.8819628647214854,0.6338917205915527,0.2480711441299327,0.018704564267396924,0.6481849450015262,0.29456363505725836
bayesfl_observability_v1,ola_lr0p002_b32_e2_lam0p01_pinit0p01_fclip10p0,58,ola,global_test,,,10,0.6666666666666666,0.7333333333333333,811,0.9198520345252774,0.6993841906658084,0.22046784385946905,0.01787994213700294,0.522774054957083,0.21540152418407646
bayesfl_observability_v1,ola_lr0p002_b32_e2_lam0p01_pinit0p01_fclip10p0,58,ola,global_test,,,11,0.7333333333333333,0.8,909,0.9526952695269527,0.7672468175982484,0.1854484519287043,0.01685726428031922,0.39185681865356936,0.13829218778591212
bayesfl_observability_v1,ola_lr0p002_b32_e2_lam0p01_pinit0p01_fclip10p0,58,ola,global_test,,,12,0.8,0.8666666666666667,1041,0.9702209414024976,0.8345115713839573,0.13570937001854033,0.014127345418930048,0.2669925737363804,0.08367298445221498
bayesfl_observability_v1,ola_lr0p002_b32_e2_lam0p01_pinit0p01_fclip10p0,58,ola,global_test,,,13,0.8666666666666667,0.9333333333333333,1505,0.9926910299003322,0.9027685380061203,0.08992249189421186,0.013533335030078884,0.12975567638676033,0.02608305635456726
bayesfl_observability_v1,ola_lr0p002_b32_e2_lam0p01_pinit0p01_fclip10p0,58,ola,global_test,,,14,0.9333333333333333,1.0,1858,0.9989235737351991,0.9627792491017169,0.03614432463348227,0.006715615516901007,0.0431865761883605,0.004256373279132111
bayesfl_observability_v1,ola_lr0p002_b32_e2_lam0p01_pinit0p01_fclip10p0,58,ola,global_test_mc,,,0,0.0,0.06666666666666667,0,,,,,,
bayesfl_observability_v1,ola_lr0p002_b32_e2_lam0p01_pinit0p01_fclip10p0,58,ola,global_test_mc,,,1,0.06666666666666667,0.13333333333333333,0,,,,,,
bayesfl_observability_v1,ola_lr0p002_b32_e2_lam0p01_pinit0p01_fclip10p0,58,ola,global_test_mc,,,2,0.13333333333333333,0.2,7,0.2857142857142857,0.18667848408222198,0.09903580163206371,6.93250611424446e-05,1.9595263004302979,0.8487428767340524
bayesfl_observability_v1,ola_lr0p002_b32_e2_lam0p01_pinit0p01_fclip10p0,58,ola,global_test_mc,,,3,0.2,0.26666666666666666,128,0.3359375,0.24243311921600252,0.09350438078399748,0.0011968560740351678,1.8499942468479276,0.8065918134525418
bayesfl_observability_v1,ola_lr0p002_b32_e2_lam0p01_pinit0p01_fclip10p0,58,ola,global_test_mc,,,4,0.26666666666666666,0.3333333333333333,335,0.39104477611940297,0.3042969531977355,0.0867478229216675,0.002906052067875861,1.5327453115093175,0.7302096808134619
bayesfl_observability_v1,ola_lr0p002_b32_e2_lam0p01_pinit0p01_fclip10p0,58,ola,global_test_mc,,,5,0.3333333333333333,0.4,552,0.5144927536231884,0.3678720561058625,0.14662069751732587,0.008093462502956388,1.3511709267462508,0.6617019519317842
bayesfl_observability_v1,ola_lr0p002_b32_e2_lam0p01_pinit0p01_fclip10p0,58,ola,global_test_mc,,,6,0.4,0.4666666666666667,683,0.6339677891654466,0.4344617185533309,0.19950607061211573,0.013626264622807503,1.1371878508592943,0.5740493334404372
bayesfl_observability_v1,ola_lr0p002_b32_e2_lam0p01_pinit0p01_fclip10p0,58,ola,global_test_mc,,,7,0.4666666666666667,0.5333333333333333,744,0.7365591397849462,0.4987044622420624,0.23785467754288386,0.01769638800919056,0.9583217583356365,0.4847821170283902
bayesfl_observability_v1,ola_lr0p002_b32_e2_lam0p01_pinit0p01_fclip10p0,58,ola,global_test_mc,,,8,0.5333333333333333,0.6,785,0.8318471337579618,0.5666100085920589,0.2652371251659029,0.02082111432552338,0.7959492684929235,0.3827582415311959
bayesfl_observability_v1,ola_lr0p002_b32_e2_lam0p01_pinit0p01_fclip10p0,58,ola,global_test_mc,,,9,0.6,0.6666666666666666,776,0.8737113402061856,0.63269291864228,0.24101842156390552,0.018703029513359067,0.6668671844623137,0.30195074326829197
bayesfl_observability_v1,ola_lr0p002_b32_e2_lam0p01_pinit0p01_fclip10p0,58,ola,global_test_mc,,,10,0.6666666666666666,0.7333333333333333,827,0.9359129383313181,0.7009522402445091,0.23496069808680897,0.0194312497317791,0.48668610206394125,0.19623747090510618
bayesfl_observability_v1,ola_lr0p002_b32_e2_lam0p01_pinit0p01_fclip10p0,58,ola,global_test_mc,,,11,0.7333333333333333,0.8,908,0.948237885462555,0.7672131037922157,0.1810247816703393,0.01643705017566681,0.39743102716060463,0.14360605686952232
bayesfl_observability_v1,ola_lr0p002_b32_e2_lam0p01_pinit0p01_fclip10p0,58,ola,global_test_mc,,,12,0.8,0.8666666666666667,1050,0.9752380952380952,0.8344110488323938,0.14082704640570143,0.01478683987259865,0.2540358704044705,0.07566777156399829
bayesfl_observability_v1,ola_lr0p002_b32_e2_lam0p01_pinit0p01_fclip10p0,58,ola,global_test_mc,,,13,0.8666666666666667,0.9333333333333333,1479,0.9925625422582827,0.902709864538372,0.08985267771991068,0.01328921103477479,0.12924910954340155,0.026124214877244124
bayesfl_observability_v1,ola_lr0p002_b32_e2_lam0p01_pinit0p01_fclip10p0,58,ola,global_test_mc,,,14,0.9333333333333333,1.0,1726,0.9994206257242179,0.9621201379964968,0.0373004877277211,0.006438064181804661,0.04205602734713348,0.0034255110020014424
bayesfl_observability_v1,ola_lr0p002_b32_e2_lam0p01_pinit0p01_fclip10p0,59,ola,global_test,,,0,0.0,0.06666666666666667,0,,,,,,
bayesfl_observability_v1,ola_lr0p002_b32_e2_lam0p01_pinit0p01_fclip10p0,59,ola,global_test,,,1,0.06666666666666667,0.13333333333333333,0,,,,,,
bayesfl_observability_v1,ola_lr0p002_b32_e2_lam0p01_pinit0p01_fclip10p0,59,ola,global_test,,,2,0.13333333333333333,0.2,3,0.3333333333333333,0.18928073346614838,0.14405259986718494,4.321577996015548e-05,1.8361952702204387,0.8199737668037415
bayesfl_observability_v1,ola_lr0p002_b32_e2_lam0p01_pinit0p01_fclip10p0,59,ola,global_test,,,3,0.2,0.26666666666666666,110,0.37272727272727274,0.24178814034570348,0.13093913238156926,0.001440330456197262,1.7617713939059865,0.791849672794342
bayesfl_observability_v1,ola_lr0p002_b32_e2_lam0p01_pinit0p01_fclip10p0,59,ola,global_test,,,4,0.26666666666666666,0.3333333333333333,321,0.4143302180685358,0.3033185274430153,0.11101169062552052,0.0035634752690792085,1.5433455326846828,0.7342295295724245
bayesfl_observability_v1,ola_lr0p002_b32_e2_lam0p01_pinit0p01_fclip10p0,59,ola,global_test,,,5,0.3333333333333333,0.4,564,0.46099290780141844,0.3688536285297245,0.09213927927169396,0.00519665535092354,1.3570485993268642,0.6731182432977866
bayesfl_observability_v1,ola_lr0p002_b32_e2_lam0p01_pinit0p01_fclip10p0,59,ola,global_test,,,6,0.4,0.4666666666666667,701,0.6205420827389444,0.4347503431428346,0.18579173959610978,0.013024000945687297,1.1522955641086703,0.5803089720461406
bayesfl_observability_v1,ola_lr0p002_b32_e2_lam0p01_pinit0p01_fclip10p0,59,ola,global_test,,,7,0.4666666666666667,0.5333333333333333,807,0.7199504337050805,0.5007577429178184,0.2191926907872621,0.017688850146532053,0.9558568409236686,0.48704381905671534
bayesfl_observability_v1,ola_lr0p002_b32_e2_lam0p01_pinit0p01_fclip10p0,59,ola,global_test,,,8,0.5333333333333333,0.6,715,0.7846153846153846,0.5669058294563026,0.21770955515908197,0.015566233193874362,0.8177312820107787,0.41101497288767275
bayesfl_observability_v1,ola_lr0p002_b32_e2_lam0p01_pinit0p01_fclip10p0,59,ola,global_test,,,9,0.6,0.6666666666666666,809,0.8566131025957973,0.634170377136603,0.2224427254591943,0.01799561648964882,0.6871757732038887,0.3152310956356994
bayesfl_observability_v1,ola_lr0p002_b32_e2_lam0p01_pinit0p01_fclip10p0,59,ola,global_test,,,10,0.6666666666666666,0.7333333333333333,801,0.9126092384519351,0.700347325700648,0.21226191275128714,0.0170021792113781,0.529504518235072,0.22193872698869896
bayesfl_observability_v1,ola_lr0p002_b32_e2_lam0p01_pinit0p01_fclip10p0,59,ola,global_test,,,11,0.7333333333333333,0.8,893,0.9417693169092946,0.7669910543576334,0.17477826255166118,0.015607698845863343,0.42614524189929276,0.15393080114734267
bayesfl_observability_v1,ola_lr0p002_b32_e2_lam0p01_pinit0p01_fclip10p0,59,ola,global_test,,,12,0.8,0.8666666666666667,1072,0.9645522388059702,0.8357907074934511,0.1287615313125191,0.013803236156702047,0.30252475715450833,0.09290279150912677
bayesfl_observability_v1,ola_lr0p002_b32_e2_lam0p01_pinit0p01_fclip10p0,59,ola,global_test,,,13,0.8666666666666667,0.9333333333333333,1581,0.9917773561037319,0.9017331649199986,0.0900441911837333,0.014235986626148235,0.13610760107928632,0.02777663228566806
bayesfl_observability_v1,ola_lr0p002_b32_e2_lam0p01_pinit0p01_fclip10p0,59,ola,global_test,,,14,0.9333333333333333,1.0,1623,0.9975354282193469,0.9675815668064948,0.029953861412852167,0.004861511707305907,0.04653495004101073,0.006676666400428974
bayesfl_observability_v1,ola_lr0p002_b32_e2_lam0p01_pinit0p01_fclip10p0,59,ola,global_test_mc,,,0,0.0,0.06666666666666667,0,,,,,,
bayesfl_observability_v1,ola_lr0p002_b32_e2_lam0p01_pinit0p01_fclip10p0,59,ola,global_test_mc,,,1,0.06666666666666667,0.13333333333333333,0,,,,,,
bayesfl_observability_v1,ola_lr0p002_b32_e2_lam0p01_pinit0p01_fclip10p0,59,ola,global_test_mc,,,2,0.13333333333333333,0.2,8,0.625,0.18977847136557102,0.435221528634429,0.0003481772229075432,1.7102084159851074,0.7758179605007172
bayesfl_observability_v1,ola_lr0p002_b32_e2_lam0p01_pinit0p01_fclip10p0,59,ola,global_test_mc,,,3,0.2,0.26666666666666666,116,0.2672413793103448,0.24073597377744213,0.026505405532902676,0.00030746270418167103,1.7930881473524818,0.8058638901546084
bayesfl_observability_v1,ola_lr0p002_b32_e2_lam0p01_pinit0p01_fclip10p0,59,ola,global_test_mc,,,4,0.26666666666666666,0.3333333333333333,349,0.41260744985673353,0.30560791936508225,0.10699953049165128,0.0037342836141586295,1.5166215042671707,0.7249756419556189
bayesfl_observability_v1,ola_lr0p002_b32_e2_lam0p01_pinit0p01_fclip10p0,59,ola,global_test_mc,,,5,0.3333333333333333,0.4,552,0.4746376811594203,0.36853909109165706,0.10609859006776323,0.00585664217174053,1.3617305044030799,0.6733727936727413
bayesfl_observability_v1,ola_lr0p002_b32_e2_lam0p01_pinit0p01_fclip10p0,59,ola,global_test_mc,,,6,0.4,0.4666666666666667,756,0.626984126984127,0.43587984093440274,0.19110428604972424,0.01444748402535915,1.1457726445305285,0.5763629208166132
bayesfl_observability_v1,ola_lr0p002_b32_e2_lam0p01_pinit0p01_fclip10p0,59,ola,global_test_mc,,,7,0.4666666666666667,0.5333333333333333,769,0.7269180754226268,0.49990360553149904,0.22701446989112772,0.017457412734627722,0.9559846708771467,0.48736927273679614
bayesfl_observability_v1,ola_lr0p002_b32_e2_lam0p01_pinit0p01_fclip10p0,59,ola,global_test_mc,,,8,0.5333333333333333,0.6,781,0.7912932138284251,0.5669778815152245,0.22431533231320055,0.017519027453660962,0.8170073102592048,0.404972874820614
bayesfl_observability_v1,ola_lr0p002_b32_e2_lam0p01_pinit0p01_fclip10p0,59,ola,global_test_mc,,,9,0.6,0.6666666666666666,817,0.8641370869033048,0.6329115484744274,0.2312255384288774,0.01889112648963928,0.6731931856095864,0.30961461992640243
bayesfl_observability_v1,ola_lr0p002_b32_e2_lam0p01_pinit0p01_fclip10p0,59,ola,global_test_mc,,,10,0.6666666666666666,0.7333333333333333,839,0.9225268176400476,0.7001460553352256,0.22238076230482207,0.018657745957374572,0.4965347439867663,0.20772501187791984
bayesfl_observability_v1,ola_lr0p002_b32_e2_lam0p01_pinit0p01_fclip10p0,59,ola,global_test_mc,,,11,0.7333333333333333,0.8,866,0.9445727482678984,0.7676328691819524,0.176939879085946,0.015322993528842923,0.4244236547422464,0.15030955491419754
bayesfl_observability_v1,ola_lr0p002_b32_e2_lam0p01_pinit0p01_fclip10p0,59,ola,global_test_mc,,,12,0.8,0.8666666666666667,1099,0.9645131938125568,0.834801698186595,0.12971149562596185,0.014255293369293208,0.3025834578156363,0.0929221689168896
bayesfl_observability_v1,ola_lr0p002_b32_e2_lam0p01_pinit0p01_fclip10p0,59,ola,global_test_mc,,,13,0.8666666666666667,0.9333333333333333,1546,0.9915912031047865,0.9012725586493296,0.0903186444554569,0.013963262432813636,0.13757029904912854,0.02829176948055201
bayesfl_observability_v1,ola_lr0p002_b32_e2_lam0p01_pinit0p01_fclip10p0,59,ola,global_test_mc,,,14,0.9333333333333333,1.0,1502,0.9980026631158455,0.9678759270914385,0.030126736024406964,0.004525035750865926,0.04440897877592241,0.0057519202475351085
bayesfl_observability_v1,ola_lr0p002_b32_e2_lam0p01_pinit0p01_fclip10p0,60,ola,global_test,,,0,0.0,0.06666666666666667,0,,,,,,
bayesfl_observability_v1,ola_lr0p002_b32_e2_lam0p01_pinit0p01_fclip10p0,60,ola,global_test,,,1,0.06666666666666667,0.13333333333333333,0,,,,,,
bayesfl_observability_v1,ola_lr0p002_b32_e2_lam0p01_pinit0p01_fclip10p0,60,ola,global_test,,,2,0.13333333333333333,0.2,6,0.5,0.18829416980346045,0.3117058301965395,0.00018702349811792373,2.009719510873159,0.841856837272644
bayesfl_observability_v1,ola_lr0p002_b32_e2_lam0p01_pinit0p01_fclip10p0,60,ola,global_test,,,3,0.2,0.26666666666666666,126,0.2777777777777778,0.24064460172066612,0.037133176057111666,0.000467878018319607,1.750829111015986,0.7928155381528158
bayesfl_observability_v1,ola_lr0p002_b32_e2_lam0p01_pinit0p01_fclip10p0,60,ola,global_test,,,4,0.26666666666666666,0.3333333333333333,332,0.39457831325301207,0.30257114552589787,0.0920071677271142,0.003054637968540192,1.5202403018273503,0.7250172133187214
bayesfl_observability_v1,ola_lr0p002_b32_e2_lam0p01_pinit0p01_fclip10p0,60,ola,global_test,,,5,0.3333333333333333,0.4,536,0.5055970149253731,0.369121532664815,0.1364754822605581,0.007315085849165915,1.331198447008631,0.6588011817700827
bayesfl_observability_v1,ola_lr0p002_b32_e2_lam0p01_pinit0p01_fclip10p0,60,ola,global_test,,,6,0.4,0.4666666666666667,712,0.6502808988764045,0.43438873230741265,0.21589216656899185,0.015371522259712219,1.1293972922342548,0.5698935413377338
bayesfl_observability_v1,ola_lr0p002_b32_e2_lam0p01_pinit0p01_fclip10p0,60,ola,global_test,,,7,0.4666666666666667,0.5333333333333333,695,0.7093525179856115,0.5005416782639867,0.20881083972162484,0.014512353360652926,0.952700208845756,0.4872085861593699
bayesfl_observability_v1,ola_lr0p002_b32_e2_lam0p01_pinit0p01_fclip10p0,60,ola,global_test,,,8,0.5333333333333333,0.6,707,0.8175388967468176,0.5668329143793951,0.2507059823674225,0.01772491295337677,0.8138876755470265,0.39108176537838146
bayesfl_observability_v1,ola_lr0p002_b32_e2_lam0p01_pinit0p01_fclip10p0,60,ola,global_test,,,9,0.6,0.6666666666666666,712,0.8707865168539326,0.6345625268609336,0.23622398999299898,0.01681914808750153,0.6647998074885835,0.30228444188833237
bayesfl_observability_v1,ola_lr0p002_b32_e2_lam0p01_pinit0p01_fclip10p0,60,ola,global_test,,,10,0.6666666666666666,0.7333333333333333,778,0.9280205655526992,0.700027374957705,0.22799319059499423,0.017737870228290552,0.5146638168390735,0.20545478744532883
bayesfl_observability_v1,ola_lr0p002_b32_e2_lam0p01_pinit0p01_fclip10p0,60,ola,global_test,,,11,0.7333333333333333,0.8,862,0.951276102088167,0.7674747970983766,0.18380130498979041,0.015843672490119934,0.40756830061394766,0.14010206489821597
bayesfl_observability_v1,ola_lr0p002_b32_e2_lam0p01_pinit0p01_fclip10p0,60,ola,global_test,,,12,0.8,0.8666666666666667,1081,0.971322849213691,0.8342705985443334,0.13705225066935767,0.014815348297357565,0.2699248498231586,0.08162741636500713
bayesfl_observability_v1,ola_lr0p002_b32_e2_lam0p01_pinit0p01_fclip10p0,60,ola,global_test,,,13,0.8666666666666667,0.9333333333333333,1580,0.9936708860759493,0.9022698840762996,0.09140100199964973,0.014441358315944657,0.12678421228841136,0.023987687250033397
bayesfl_observability_v1,ola_lr0p002_b32_e2_lam0p01_pinit0p01_fclip10p0,60,ola,global_test,,,14,0.9333333333333333,1.0,1873,0.99786438868126,0.9673593271816089,0.030505061499651154,0.005713598018884661,0.04490015687131573,0.006014464581204696
bayesfl_observability_v1,ola_lr0p002_b32_e2_lam0p01_pinit0p01_fclip10p0,60,ola,global_test_mc,,,0,0.0,0.06666666666666667,0,,,,,,
bayesfl_observability_v1,ola_lr0p002_b32_e2_lam0p01_pinit0p01_fclip10p0,60,ola,global_test_mc,,,1,0.06666666666666667,0.13333333333333333,0,,,,,,
bayesfl_observability_v1,ola_lr0p002_b32_e2_lam0p01_pinit0p01_fclip10p0,60,ola,global_test_mc,,,2,0.13333333333333333,0.2,8,0.25,0.18783208169043064,0.06216791830956936,4.973433464765549e-05,1.8476265966892242,0.8167951107025146
bayesfl_observability_v1,ola_lr0p002_b32_e2_lam0p01_pinit0p01_fclip10p0,60,ola,global_test_mc,,,3,0.2,0.26666666666666666,147,0.2789115646258503,0.24173566445606906,0.037175900169781256,0.0005464857324957845,1.7420011531739008,0.792037753020825
bayesfl_observability_v1,ola_lr0p002_b32_e2_lam0p01_pinit0p01_fclip10p0,60,ola,global_test_mc,,,4,0.26666666666666666,0.3333333333333333,336,0.4255952380952381,0.3026719965218079,0.12292324157343021,0.004130220916867254,1.5124806218913622,0.7200012529889742
bayesfl_observability_v1,ola_lr0p002_b32_e2_lam0p01_pinit0p01_fclip10p0,60,ola,global_test_mc,,,5,0.3333333333333333,0.4,566,0.5053003533568905,0.36831847207074453,0.13698188128614597,0.007753174480795861,1.3287359050642897,0.6582009216816602
bayesfl_observability_v1,ola_lr0p002_b32_e2_lam0p01_pinit0p01_fclip10p0,60,ola,global_test_mc,,,6,0.4,0.4666666666666667,714,0.6470588235294118,0.43491863832921207,0.21214018520019973,0.01514680922329426,1.1218571987639623,0.5642622779814803
bayesfl_observability_v1,ola_lr0p002_b32_e2_lam0p01_pinit0p01_fclip10p0,60,ola,global_test_mc,,,7,0.4666666666666667,0.5333333333333333,690,0.7043478260869566,0.499899184876594,0.20444864121036255,0.014106956243515014,0.970407097408737,0.49547530645909516
bayesfl_observability_v1,ola_lr0p002_b32_e2_lam0p01_pinit0p01_fclip10p0,60,ola,global_test_mc,,,8,0.5333333333333333,0.6,764,0.8298429319371727,0.566687753219255,0.2631551787179177,0.020105055654048912,0.7886781308663453,0.38066422445845854
bayesfl_observability_v1,ola_lr0p002_b32_e2_lam0p01_pinit0p01_fclip10p0,60,ola,global_test_mc,,,9,0.6,0.6666666666666666,757,0.8771466314398944,0.6346880018789828,0.24245862956091158,0.018354118257761006,0.6637248581907709,0.29813840424290106
bayesfl_observability_v1,ola_lr0p002_b32_e2_lam0p01_pinit0p01_fclip10p0,60,ola,global_test_mc,,,10,0.6666666666666666,0.7333333333333333,752,0.9308510638297872,0.7005706600686337,0.23028040376115355,0.017317086362838748,0.5046037913082128,0.19994743326877026
bayesfl_observability_v1,ola_lr0p002_b32_e2_lam0p01_pinit0p01_fclip10p0,60,ola,global_test_mc,,,11,0.7333333333333333,0.8,887,0.9526493799323562,0.7677426020349161,0.18490677789744014,0.01640123119950294,0.39946968502364005,0.13700449590601674
bayesfl_observability_v1,ola_lr0p002_b32_e2_lam0p01_pinit0p01_fclip10p0,60,ola,global_test_mc,,,12,0.8,0.8666666666666667,1097,0.9735642661804923,0.8346757961601807,0.13888847002031157,0.01523606516122818,0.2640923116298404,0.0779501646417537
bayesfl_observability_v1,ola_lr0p002_b32_e2_lam0p01_pinit0p01_fclip10p0,60,ola,global_test_mc,,,13,0.8666666666666667,0.9333333333333333,1546,0.9948253557567918,0.9021208848404236,0.09270447091636813,0.014332111203670513,0.12377089835500964,0.022114277638393763
bayesfl_observability_v1,ola_lr0p002_b32_e2_lam0p01_pinit0p01_fclip10p0,60,ola,global_test_mc,,,14,0.9333333333333333,1.0,1736,0.9982718894009217,0.9675593242941913,0.030712565106730372,0.005331701302528392,0.04168651338231059,0.00524142128863028
