schema_version,run_id,round,method,dataset,model,iid,balanced,noniid_alpha,unbalanced_alpha,num_devices,num_virtual_clients,client_fraction,selected_count,selected_examples,total_examples,local_epochs,batch_size,lr,seed,eval_every,heavy_eval_every,eval_mc_samples,round_time_sec,fit_time_sec,aggregate_time_sec,eval_time_sec,num_fit_failures,active_physical_devices,active_virtual_clients,accuracy,loss,train_loss,global_accuracy,global_error_rate,global_loss,global_nll,global_brier,global_ece,global_mce,global_mean_confidence,global_mean_entropy,global_num_eval_examples,global_mean_accuracy,global_mean_loss,global_mean_nll,global_mean_brier,global_mean_ece,global_mean_mce,global_mean_prediction_confidence,global_mean_prediction_entropy,global_mc_accuracy,global_mc_loss,global_mc_nll,global_mc_brier,global_mc_ece,global_mc_mce,global_mc_mean_confidence,global_mc_mean_entropy,global_mc_posterior_sample_scale,global_mc_samples,global_predictive_entropy,global_expected_entropy,global_mutual_information,global_aleatoric_uncertainty,global_epistemic_uncertainty,global_predictive_variance_mean,global_predictive_variance_std,local_eval_count,local_accuracy_weighted,local_accuracy_mean,local_accuracy_std,local_accuracy_min,local_accuracy_p10,local_accuracy_p25,local_accuracy_p50,local_accuracy_p75,local_accuracy_p90,local_accuracy_max,local_loss_weighted,local_loss_mean,local_loss_std,local_loss_min,local_loss_p50,local_loss_max,local_ece_mean,local_ece_std,local_nll_mean,local_brier_mean,local_forgetting_proxy_mean,local_forgetting_proxy_std,local_forgetting_proxy_weighted,local_global_loss_gap_mean,local_global_acc_gap_mean,client_drift_from_global_l2_mean,client_drift_from_global_l2_std,client_drift_from_global_cosine_mean,client_update_l2_mean,client_update_l2_std,client_update_l2_min,client_update_l2_max,client_update_cosine_mean,train_loss_mean,train_loss_std,task_loss_mean,task_loss_std,prior_loss_mean,prior_loss_std,regularization_loss_mean,regularization_loss_std,vi_elbo_loss_mean,vi_elbo_loss_std,vi_kl_loss_mean,vi_kl_loss_std,vi_likelihood_loss_mean,vi_likelihood_loss_std,vi_complexity_cost_mean,vi_scale_mean,vi_scale_std,vi_scale_p50,vi_scale_p90,vi_scale_max,vi_prior_scale,vi_min_scale,vi_particles,vi_aggregation_mode,ola_prior_lambda,ola_prior_loss_mean,ola_prior_loss_std,ola_task_loss_mean,ola_task_loss_std,ola_fisher_mean,ola_fisher_std,ola_fisher_min,ola_fisher_p10,ola_fisher_p50,ola_fisher_p90,ola_fisher_max,ola_precision_mean,ola_precision_std,ola_precision_min,ola_precision_p10,ola_precision_p50,ola_precision_p90,ola_precision_max,ola_sigma_mean,ola_sigma_std,ola_sigma_p50,ola_sigma_p90,ola_sigma_max,ola_gamma,ola_online_weight_fisher,ola_online_weight_prior,posterior_available,posterior_num_params,posterior_mu_l2,posterior_mu_abs_mean,posterior_mu_abs_std,posterior_mu_abs_p50,posterior_mu_abs_p90,posterior_sigma_mean,posterior_sigma_std,posterior_sigma_min,posterior_sigma_p10,posterior_sigma_p25,posterior_sigma_p50,posterior_sigma_p75,posterior_sigma_p90,posterior_sigma_p95,posterior_sigma_max,posterior_precision_mean,posterior_precision_std,posterior_precision_min,posterior_precision_p50,posterior_precision_p90,posterior_precision_max,posterior_var_trace,posterior_logdet_diag,posterior_entropy_diag_gaussian,posterior_snr_raw_mean,posterior_snr_raw_std,posterior_snr_raw_min,posterior_snr_raw_p10,posterior_snr_raw_p25,posterior_snr_raw_p50,posterior_snr_raw_p75,posterior_snr_raw_p90,posterior_snr_raw_p95,posterior_snr_raw_max,posterior_snr_db_mean,posterior_snr_db_std,posterior_snr_db_p10,posterior_snr_db_p50,posterior_snr_db_p90,posterior_snr_frac_lt_0_5,posterior_snr_frac_lt_1,posterior_snr_frac_lt_2,posterior_snr_frac_lt_5,posterior_snr_frac_gt_1,posterior_snr_frac_gt_2,posterior_snr_frac_gt_5,effective_params_snr_gt_1,effective_params_snr_gt_2,effective_params_snr_gt_5,aggregation_delta_l2,aggregation_delta_linf,aggregation_delta_cosine_to_mean_client_update,aggregation_weight_entropy,aggregation_weight_max,aggregation_weight_min,aggregation_error_proxy,aggregation_energy_before,aggregation_energy_after,posterior_product_precision_mean,posterior_product_precision_std,posterior_product_mu_norm,posterior_product_sigma_mean,sparse_comm_enabled,sparse_metric,sparse_ratio,sparse_warmup_rounds,sparse_min_keep,sparse_updated_params,sparse_total_params,sparse_updated_ratio,sparse_num_params_sent_mean,sparse_num_params_sent_std,sparse_compression_ratio_mean,sparse_compression_ratio_std,sparse_threshold_mean,sparse_threshold_std,sparse_score_mean_mean,sparse_score_p50_mean,sparse_score_p90_mean,communication_dense_params,communication_sent_params_mean,communication_sent_params_total,communication_compression_ratio,communication_dense_bytes,communication_sparse_bytes,communication_index_bytes,communication_value_bytes,communication_saving_ratio,selected_label_entropy_mean,selected_label_entropy_std,selected_label_entropy_min,selected_label_entropy_max,selected_kl_to_global_label_mean,selected_kl_to_global_label_std,selected_num_examples_mean,selected_num_examples_std,selected_num_examples_min,selected_num_examples_max,wireless_policy,wireless_selected_channel_snr_db_mean,wireless_selected_channel_snr_db_std,wireless_selected_pathloss_db_mean,wireless_selected_rate_mbps_mean,wireless_selected_delay_ms_mean,wireless_selected_energy_j_mean,wireless_outage_count,ota_noise_power,ota_distortion,ota_mse,digital_packet_error_rate,posterior_snapshot_path,prediction_snapshot_path,snr_histogram_path,calibration_bins_path,posterior_sample_scale,posterior_precision_p10,posterior_precision_p25,posterior_precision_p75,posterior_precision_p95,posterior_snr_db_min,posterior_snr_db_p25,posterior_snr_db_p75,posterior_snr_db_p95,posterior_snr_db_max,train_loss_min,train_loss_p10,train_loss_p50,train_loss_p90,train_loss_max,prior_loss_min,prior_loss_p10,prior_loss_p50,prior_loss_p90,prior_loss_max,regularization_loss_min,regularization_loss_p10,regularization_loss_p50,regularization_loss_p90,regularization_loss_max,client_update_l2_p10,client_update_l2_p50,client_update_l2_p90,client_update_cosine_std,client_update_cosine_min,client_update_cosine_p10,client_update_cosine_p50,client_update_cosine_p90,client_update_cosine_max,vi_elbo_loss_min,vi_elbo_loss_p10,vi_elbo_loss_p50,vi_elbo_loss_p90,vi_elbo_loss_max,vi_kl_loss_min,vi_kl_loss_p10,vi_kl_loss_p50,vi_kl_loss_p90,vi_kl_loss_max,aggregation_mode,aggregation_delta_cosine,local_nll_std,sparse_num_params_sent_min,sparse_num_params_sent_p10,sparse_num_params_sent_p50,sparse_num_params_sent_p90,sparse_num_params_sent_max,sparse_compression_ratio_min,sparse_compression_ratio_p10,sparse_compression_ratio_p50,sparse_compression_ratio_p90,sparse_compression_ratio_max,sparse_threshold_min,sparse_threshold_p10,sparse_threshold_p50,sparse_threshold_p90,sparse_threshold_max,sparse_score_mean_std,sparse_score_mean_min,sparse_score_mean_p10,sparse_score_mean_p50,sparse_score_mean_p90,sparse_score_mean_max,sparse_score_p50_std,sparse_score_p50_min,sparse_score_p50_p10,sparse_score_p50_p50,sparse_score_p50_p90,sparse_score_p50_max,sparse_score_p90_std,sparse_score_p90_min,sparse_score_p90_p10,sparse_score_p90_p50,sparse_score_p90_p90,sparse_score_p90_max
bayesfl_observability_v1,vi_update_snr_prune098_keep002_seed42,0,vi,mnist,mlp,0,0,0.1,0.5,300,24,0.05,0,,,5,256,0.05,42,1,5,5,2.799473937600851,,,2.799476284533739,,,,0.1078,2.283973722076416,0.0,0.1078,0.8922,2.283973722076416,2.283973722076416,0.897303166770935,0.03257808820903302,0.2757571041584015,0.14037808718681336,2.27939338760376,10000,0.1078,2.283973722076416,2.283973722076416,0.897303166770935,0.03257808820903302,0.2757571041584015,0.14037808718681336,2.27939338760376,0.108,2.283970588684082,2.283970588684082,0.8973028798103333,0.03237656697630883,0.27576932311058044,0.1403765671491623,2.2793936477661134,0.001,5,2.2793936477661134,2.27939356842041,7.934570334100499e-08,2.27939356842041,7.934570334100499e-08,2.8274525618599e-09,1.2316538685365281e-09,,,,,,,,,,,,,,,,,,,,,,,,,,,,,,,,,,,,,,,,,,,,,,,,,,,,,,,0.05,1e-05,1,product,1.0,,,,,,,,,,,,,,,,,,,,,,,,1.0,,,1,101770,6.786648565740691,0.018205730285914008,0.011005761567180238,0.017950959503650665,0.03239535689353943,0.05000000074505806,0.0,0.05000000074505806,0.05000000074505806,0.05000000074505806,0.05000000074505806,0.05000000074505806,0.05000000074505806,0.05000000074505806,0.05000000074505806,399.9999694824219,0.0,399.9999694824219,399.9999694824219,399.9999694824219,399.9999694824219,254.42500758245592,-609751.343885489,-160470.2974376672,0.36411460028526754,0.22011522805922998,6.045614123482405e-06,0.07242771781943845,0.1813276736949228,0.35901918471603017,0.5406802625744649,0.6479071282032619,0.6841858858599633,1.7675912116473373,-11.498671040772567,8.744585173811934,-22.801903982871416,-8.89764687311774,-3.7697448394038156,0.693308440601356,0.9944973960892208,1.0,1.0,0.005502603910779208,0.0,0.0,560,0,0,,,,,,,,,,,,,,1,update_snr,0.02,20,100,,,,,,,,,,,,,,,,,,,,,,,,,,,,,,,,random,,,,,,,,,,,,,,snr_histograms.csv,calibration_bins.csv,0.001,399.9999694824219,399.9999694824219,399.9999694824219,399.9999694824219,-104.37119008748505,-14.830718202269454,-5.341189680580216,-3.2965177836834982,4.9476366722187795,,,,,,,,,,,,,,,,,,,,,,,,,,,,,,,,,,,,,,,,,,,,,,,,,,,,,,,,,,,,,,,,,,,,,,
bayesfl_observability_v1,vi_update_snr_prune098_keep002_seed42,1,vi,mnist,mlp,0,0,0.1,0.5,300,24,0.05,15,2363,2363,5,256,0.05,42,1,5,5,7.7438047379255295,5.656229805201292,0.010549094527959824,2.0873297601938248,0,15,12,0.218,2.2346425178527833,2299.602373411703,0.218,0.782,2.2346425178527833,2.2346425178527833,0.8773853960037231,0.08211345850825312,0.3707785904407501,0.268694979095459,2.0826741567611693,10000,0.218,2.2346425178527833,2.2346425178527833,0.8773853960037231,0.08211345850825312,0.3707785904407501,0.268694979095459,2.0826741567611693,0.218,2.234639951324463,2.234639951324463,0.8773854334831238,0.08211396891474725,0.3707975149154663,0.26869499702453614,2.0826717166900637,0.001,5,2.0826717166900637,2.0826715547561645,1.6193389917873446e-07,2.0826715547561645,1.6193389917873446e-07,4.189568907975172e-09,2.6207321813380826e-09,0,,,,,,,,,,,,,,,,,,,,,,,,,,,,,3.8720765638773553,0.31532570004358224,3.6621408538550946,4.415230426061808,0.8684511619734335,1602.8450293758178,619.9176119122434,,,3048.956858464221,524.042500161155,3048.956858464221,524.042500161155,1602.8450293758178,619.9176119122434,3048.956858464221,524.042500161155,,,,,,,,,0.05,1e-05,1,product,1.0,,,,,,,,,,,,,,,,,,,,,,,,1.0,,,1,101770,7.000994487838395,0.018597855356583228,0.011650512214643532,0.018020316027104855,0.03365457430481912,0.05046066335866672,0.0004202932931773531,0.04898862913250923,0.0499210674315691,0.050162303261458874,0.050453051924705505,0.05075051635503769,0.0510159257799387,0.051164718344807625,0.0521831139922142,392.8116993428354,6.538974082168004,367.2315979003906,392.8485107421875,401.2658996582031,416.6864929199219,259.15274499659466,-607891.7222448239,-159540.48661699038,0.3685993629632025,0.23099219931024034,9.074398180350894e-07,0.07111743513416202,0.17877778926143129,0.3569522232260962,0.5365082364080316,0.667105410013211,0.7347288808747109,2.0093483594707546,-11.49595479718487,8.859315840617768,-22.960478293494244,-8.947798175098626,-3.516110746860017,0.6984573056892994,0.9944679178539845,0.9999901739215878,1.0,0.005532082146015525,9.826078412105729e-06,0.0,563,1,0,1.725658138069734,0.022490959614515305,,1.7112095259625277,0.3381294964028777,0.00042319085907744394,,,,392.81170654296875,6.538974285125732,7.000994487838395,0.05046066641807556,0,update_snr,0.02,20,100,,,,,,,,,,,,,,,,,,,,,,0.6906484998061699,0.47288182571049386,,,1.6178549377326719,,157.53333333333333,185.475197503302,1.0,648.0,random,,,,,,,,,,,,,,snr_histograms.csv,calibration_bins.csv,0.001,384.22752075195314,388.25679779052734,397.4157257080078,403.5094757080078,-120.84363378840244,-14.953728756207537,-5.408472133467592,-2.6774577701635094,6.061104732784452,1149.213826751709,1162.048130493164,1216.9968639373778,2477.464520969391,3075.1638575236,2703.7861468800797,2707.799022193154,2724.8060149236994,3915.6101518645773,3947.6379692398123,2703.7861468800797,2707.799022193154,2724.8060149236994,3915.6101518645773,3947.6379692398123,3.66491729726975,3.676566830596174,4.3969226206089145,0.017626605830962483,0.8383642099379736,0.8389958029358392,0.8788579436514737,0.8804870157729627,0.8805947694054259,1149.213826751709,1162.048130493164,1216.9968639373778,2477.464520969391,3075.1638575236,2703.7861468800797,2707.799022193154,2724.8060149236994,3915.6101518645773,3947.6379692398123,product,0.9691459812133094,,,,,,,,,,,,,,,,,,,,,,,,,,,,,,,,,,
bayesfl_observability_v1,vi_update_snr_prune098_keep002_seed42,2,vi,mnist,mlp,0,0,0.1,0.5,300,24,0.05,15,2180,2180,5,256,0.05,42,1,5,5,4.706466186791658,2.62352005392313,0.010549560189247131,2.08237611502409,0,15,13,0.2521,2.3792389808654786,2251.4185815595047,0.2521,0.7479,2.3792389808654786,2.3792389808654786,0.9340355660438537,0.18049935412853957,0.3833716234652633,0.42866425857543944,1.745336470603943,10000,0.2521,2.3792389808654786,2.3792389808654786,0.9340355660438537,0.18049935412853957,0.3833716234652633,0.42866425857543944,1.745336470603943,0.2521,2.379206567764282,2.379206567764282,0.9340283828735352,0.1805087372496724,0.3840129796196433,0.4286588872909546,1.7453537746429444,0.001,5,1.7453537746429444,1.7453536430358887,1.3160705569781328e-07,1.7453536430358887,1.3160705569781328e-07,5.490832728582973e-09,3.891216411060582e-09,0,,,,,,,,,,,,,,,,,,,,,,,,,,,,,3.773856824079838,0.20537518468944063,3.673567829262157,4.408942301935203,0.880280669011614,1436.2573548126222,565.4747029755233,,,2833.516915398171,338.8554644804508,2833.516915398171,338.8554644804508,1436.2573548126222,565.4747029755233,2833.516915398171,338.8554644804508,,,,,,,,,0.05,1e-05,1,product,1.0,,,,,,,,,,,,,,,,,,,,,,,,1.0,,,1,101770,7.264471914150827,0.019102816475351465,0.012394742375278498,0.018048991449177265,0.03542515896260738,0.050942026896603015,0.0007255962456699965,0.04819733649492264,0.05001598186790943,0.05043019913136959,0.05092068947851658,0.051435996778309345,0.0518972173333168,0.052168613858520986,0.05403904616832733,385.57725105086985,10.963650217836797,342.44012451171875,385.66607666015625,399.74439392089846,430.4809265136719,264.15590079641095,-605972.848676485,-158581.0498324743,0.3750811577310715,0.24358479918094403,1.0258486501258477e-05,0.07041433402144684,0.17652197655355586,0.3543473480865027,0.5434796665399679,0.6958418604604711,0.7827829552181851,2.1187855249344367,-11.449653410147556,8.946194688468292,-23.04677848609088,-9.01141626321937,-3.1497889705557918,0.6963053945170482,0.9920801807998428,0.9998919131374668,1.0,0.007919819200157217,0.00010808686253316301,0.0,806,11,0,1.9321428692986629,0.025587081909179688,,1.7045020586286281,0.4389908256880734,0.0009174311926605505,,,,385.5772399902344,10.963650703430176,7.264471914150827,0.05094202607870102,0,update_snr,0.02,20,100,,,,,,,,,,,,,,,,,,,,,,0.750533251633368,0.229870570758918,,,1.565437051980861,,145.33333333333334,217.33742327439964,2.0,896.0,random,,,,,,,,,,,,,,snr_histograms.csv,calibration_bins.csv,0.001,371.2888153076172,377.9772720336914,393.2046356201172,403.5430053710937,-99.77833332693822,-15.064024366182737,-5.296333994791228,-2.127172789948566,6.521739945436025,1085.500137424469,1129.1536140060425,1209.2913856506348,1984.4900297737117,3238.7619263648985,2671.821942486223,2682.986659505895,2709.1019009739043,3190.1551676596578,3866.8734350137197,2671.821942486223,2682.986659505895,2709.1019009739043,3190.1551676596578,3866.8734350137197,3.6812900297696056,3.6994590805536953,3.983063675597432,0.011143933445027851,0.8454733111290019,0.8693639829535786,0.8843345304361705,0.8852464751920014,0.8858547017535449,1085.500137424469,1129.1536140060425,1209.2913856506348,1984.4900297737117,3238.7619263648985,2671.821942486223,2682.986659505895,2709.1019009739043,3190.1551676596578,3866.8734350137197,product,0.963980910678397,,,,,,,,,,,,,,,,,,,,,,,,,,,,,,,,,,
bayesfl_observability_v1,vi_update_snr_prune098_keep002_seed42,3,vi,mnist,mlp,0,0,0.1,0.5,300,24,0.05,15,2209,2209,5,256,0.05,42,1,5,5,4.342827253043652,2.3018102571368217,0.009485282003879547,2.04051386192441,0,15,12,0.2738,1.992955348968506,1891.4096803720854,0.2738,0.7262,1.992955348968506,1.992955348968506,0.8217311624526977,0.04265882296711206,0.24535511620342731,0.3115799062252045,2.0286716773986817,10000,0.2738,1.992955348968506,1.992955348968506,0.8217311624526977,0.04265882296711206,0.24535511620342731,0.3115799062252045,2.0286716773986817,0.2738,1.9929651023864745,1.9929651023864745,0.8217359376907348,0.04266315930485726,0.2453594859689474,0.31158497762680054,2.028659688949585,0.001,5,2.028659688949585,2.028659548377991,1.4057159436475786e-07,2.028659548377991,1.4057159436475786e-07,3.953951352286822e-09,2.1864005863804175e-09,0,,,,,,,,,,,,,,,,,,,,,,,,,,,,,3.85125603184721,0.2971124673500872,3.674844515109345,4.453931465302748,0.883243029297527,1497.882088762919,464.5480709964435,,,2903.1091991393773,477.2357399344652,2903.1091991393773,477.2357399344652,1497.882088762919,464.5480709964435,2903.1091991393773,477.2357399344652,,,,,,,,,0.05,1e-05,1,product,1.0,,,,,,,,,,,,,,,,,,,,,,,,1.0,,,1,101770,7.416984401864676,0.019425801088623552,0.012774471159102305,0.01815768051892519,0.036491076648235324,0.051345812427893045,0.0007962489645797587,0.04838837310671806,0.0503306195139885,0.05079024191945791,0.051328329369425774,0.05188238155096769,0.05238962173461914,0.05268421601504087,0.05461680144071579,379.57952126211273,11.75513988809439,335.2335510253906,379.5646514892578,394.76209411621096,427.0885925292969,268.3701834747374,-604369.7014081139,-157779.47619800136,0.37843683483770996,0.24909873522087886,1.0667238752819186e-05,0.06958168072550354,0.1759412774118594,0.35348787307123264,0.5466636520311298,0.71021796358492,0.804588408265001,2.1487056310968473,-11.41802773008878,8.993195924444098,-23.15010170663786,-9.032509614606198,-2.972166945379484,0.6938881792276702,0.9898201827650585,0.9999508696079394,1.0,0.010179817234941534,4.913039206052864e-05,0.0,1036,5,0,1.5127465665329796,0.02173294872045517,,1.9545763137175336,0.35083748302399276,0.0009053870529651426,,,,379.5795593261719,11.75514030456543,7.416984401864676,0.051345814019441605,0,update_snr,0.02,20,100,,,,,,,,,,,,,,,,,,,,,,0.6839854692134526,0.395868036552136,,,1.605505805068147,,147.26666666666668,132.06032291679773,2.0,406.0,random,,,,,,,,,,,,,,snr_histograms.csv,calibration_bins.csv,0.001,364.34222412109375,371.5011749267578,387.6496887207031,398.91416168212885,-99.43895887524272,-15.09264518360907,-5.2455960336312275,-1.888524572339391,6.643538439688634,1110.243478012085,1124.4495077705383,1336.9015605926513,2346.2046892166136,2493.911375236511,2624.730473876702,2637.207716179055,2659.044189266035,3847.958496341754,3872.6405295416985,2624.730473876702,2637.207716179055,2659.044189266035,3847.958496341754,3872.6405295416985,3.6838750807796012,3.699123326576395,4.439507489528598,0.015195423926674004,0.852217094979183,0.8532348624619118,0.8909952864649068,0.89183634382427,0.8929164680381713,1110.243478012085,1124.4495077705383,1336.9015605926513,2346.2046892166136,2493.911375236511,2624.730473876702,2637.207716179055,2659.044189266035,3847.958496341754,3872.6405295416985,product,0.9789799354877408,,,,,,,,,,,,,,,,,,,,,,,,,,,,,,,,,,
bayesfl_observability_v1,vi_update_snr_prune098_keep002_seed42,4,vi,mnist,mlp,0,0,0.1,0.5,300,24,0.05,15,2335,2335,5,256,0.05,42,1,5,5,4.288801897317171,2.1969536393880844,0.008934386074543,2.091337502002716,0,15,10,0.255,2.0257428691864012,2306.7894151726487,0.255,0.745,2.0257428691864012,2.0257428691864012,0.8830215028762818,0.2060694039002061,0.49561242086351015,0.46106940174102784,1.7037212503433228,10000,0.255,2.0257428691864012,2.0257428691864012,0.8830215028762818,0.2060694039002061,0.49561242086351015,0.46106940174102784,1.7037212503433228,0.2548,2.0257591972351072,2.0257591972351072,0.8830326301574707,0.20627944723665714,0.495455054860366,0.46107944660186767,1.7037007970809936,0.001,5,1.7037007970809936,1.7037006839752198,1.1310577385792442e-07,1.7037006839752198,1.1310577385792442e-07,4.399231791296643e-09,2.956004385010925e-09,0,,,,,,,,,,,,,,,,,,,,,,,,,,,,,3.7605821018251313,0.1903707986785631,3.680793021732293,4.420030791291342,0.8920050575098271,1391.3782809826532,567.9805842505397,,,2719.8058937774445,304.64178490582236,2719.8058937774445,304.64178490582236,1391.3782809826532,567.9805842505397,2719.8058937774445,304.64178490582236,,,,,,,,,0.05,1e-05,1,product,1.0,,,,,,,,,,,,,,,,,,,,,,,,1.0,,,1,101770,7.699482823996901,0.019989016918858793,0.013525869080962646,0.018337449058890343,0.03816141113638878,0.051877155398183654,0.0010676737960360408,0.04767203330993652,0.05052141472697258,0.051131908781826496,0.051850397139787674,0.052595436573028564,0.05327208153903484,0.053682485781610015,0.0565037727355957,372.0473177147905,15.278657273641517,313.21685791015625,371.95965576171875,391.7860961914063,440.020263671875,274.0034291019932,-602292.8230112632,-156741.0369992152,0.38549548102804015,0.2612101182899628,2.7155446724954392e-06,0.06891820552786314,0.1749653852817404,0.35389592132114567,0.5571562225930782,0.7358244588587897,0.8441681396883902,2.324559359406818,-11.37287666299719,9.153243833179454,-23.23332080756924,-9.02248885276062,-2.664515606415071,0.6880416625724673,0.9835904490517834,0.99981330451017,1.0,0.016409550948216566,0.00018669548983000884,0.0,1670,19,0,1.996097912293801,0.027164749801158905,,1.6919175055918885,0.44839400428265525,0.0021413276231263384,,,,372.0473327636719,15.278657913208008,7.699482823996901,0.051877155900001526,0,update_snr,0.02,20,100,,,,,,,,,,,,,,,,,,,,,,0.55435486216155,0.4521560044710707,,,1.7471083496153843,,155.66666666666666,258.3082568474255,2.0,1047.0,random,,,,,,,,,,,,,,snr_histograms.csv,calibration_bins.csv,0.001,352.3714111328125,361.4963150024414,382.4863815307617,397.2706756591797,-111.32285776907548,-15.140957251158015,-5.080460297045318,-1.47142085766827,7.326812814074202,1085.155541396141,1097.6899660873414,1163.6925525665283,1871.7739828491208,3265.650607795715,2592.6329656679577,2595.0561573066684,2607.550370312611,2925.7139344385023,3755.753702998329,2592.6329656679577,2595.0561573066684,2607.550370312611,2925.7139344385023,3755.753702998329,3.6827774694779847,3.6918942039914704,3.873045638518321,0.009237498309414756,0.859812584967119,0.8867794980155317,0.8950424451974395,0.895830415663892,0.8959832327315245,1085.155541396141,1097.6899660873414,1163.6925525665283,1871.7739828491208,3265.650607795715,2592.6329656679577,2595.0561573066684,2607.550370312611,2925.7139344385023,3755.753702998329,product,0.9658132510434347,,,,,,,,,,,,,,,,,,,,,,,,,,,,,,,,,,
bayesfl_observability_v1,vi_update_snr_prune098_keep002_seed42,5,vi,mnist,mlp,0,0,0.1,0.5,300,24,0.05,15,1743,1743,5,256,0.05,42,1,5,5,4.307160399854183,2.013959728181362,0.01686336100101471,2.292488794773817,0,15,13,0.4517,1.680752590560913,1693.8272047468522,0.4517,0.5483,1.680752590560913,1.680752590560913,0.705658017539978,0.12062192104756832,0.32023191858421673,0.3311355689048767,1.9421111013412475,10000,0.4517,1.680752590560913,1.680752590560913,0.705658017539978,0.12062192104756832,0.32023191858421673,0.3311355689048767,1.9421111013412475,0.4518,1.680747336959839,1.680747336959839,0.7056562231063843,0.12072296792268754,0.32022843628444453,0.3311345336914063,1.9421108310699462,0.001,5,1.9421108310699462,1.9421106872558593,1.4381408686148234e-07,1.9421106872558593,1.4381408686148234e-07,4.8093697607498596e-09,2.892721864840355e-09,12,0.8472334009443234,0.6840595132570352,0.3224944577172101,0.0,0.050000000000000044,0.7250000000000001,0.8377192982456141,0.8619820828667413,0.902376910016978,0.9047619047619048,0.5214133275380837,0.7942918274574874,0.44872313589047175,0.2537208738781157,0.6839336746617368,1.654347538948059,,,0.7942918274574874,,,,,,,,,,3.803451429724646,0.2498791744824806,3.6854938423618298,4.455097138101672,0.8964914373735829,1318.1499885559083,399.25481460140196,,,2727.0319266547845,387.60068921322795,2727.0319266547845,387.60068921322795,1318.1499885559083,399.25481460140196,2727.0319266547845,387.60068921322795,,,,,,,,,0.05,1e-05,1,product,1.0,,,,,,,,,,,,,,,,,,,,,,,,1.0,,,1,101770,7.867973536017887,0.020361105511093575,0.013917932345964454,0.01847400702536106,0.0392905093729496,0.05227517058808015,0.0011292300283042764,0.04811771214008331,0.05084150955080986,0.05149034131318331,0.05224245972931385,0.053034691140055656,0.05374873541295529,0.054180259630084035,0.05713433399796486,366.4507849914545,15.799793119855954,306.34136962890625,366.39772033691406,386.86827087402344,431.90679931640625,278.2359865052018,-600741.5514677697,-155965.4012272004,0.3897045781093812,0.2667958497771143,2.8978819810111283e-06,0.0697204336605708,0.17534572770397333,0.3537045098554955,0.5622638417363887,0.7517851760732753,0.8648856178252912,2.3304861029815487,-11.295841213466764,9.147292162021088,-23.13279840698226,-9.027188054873834,-2.4781248427507543,0.6832956666994202,0.9802692345484917,0.9997838262749337,1.0,0.019730765451508304,0.00021617372506632602,0.0,2008,22,0,1.581721691956814,0.020995900966227055,,2.1249588647527258,0.24440619621342513,0.0005737234652897303,,,,366.4507751464844,15.799793243408203,7.867973536017887,0.052275169640779495,0,update_snr,0.02,20,100,,,,,,,,,,,,,,,,,,,,,,0.6905845621812401,0.34026558851380595,,,1.6135431151187307,,116.2,123.62211236937617,1.0,426.0,random,,,,,,,,,,,,,,snr_histograms.csv,calibration_bins.csv,0.001,346.1493347167969,355.5329895019531,377.17982482910156,392.6579620361328,-110.75838311385468,-15.12209623046583,-5.001196888299814,-1.2608264955256576,7.348930350341075,1054.6821771621703,1065.267839126587,1117.8436225891114,1954.5699449539181,2297.2104556083677,2547.6166583088757,2553.1114228583597,2575.904412820307,3257.53780039376,3738.927596755253,2547.6166583088757,2553.1114228583597,2575.904412820307,3257.53780039376,3738.927596755253,3.689486145501828,3.706563740756,4.146855933278937,0.011716872120842893,0.8655705133593554,0.8806223066794907,0.9010478752087072,0.9018116540127212,0.902214716221371,1054.6821771621703,1065.267839126587,1117.8436225891114,1954.5699449539181,2297.2104556083677,2547.6166583088757,2553.1114228583597,2575.904412820307,3257.53780039376,3738.927596755253,product,0.97958499615985,0.44872313589047175,,,,,,,,,,,,,,,,,,,,,,,,,,,,,,,,,
bayesfl_observability_v1,vi_update_snr_prune098_keep002_seed42,6,vi,mnist,mlp,0,0,0.1,0.5,300,24,0.05,15,2411,2411,5,256,0.05,42,1,5,5,4.519296083599329,2.2371376641094685,0.011851627379655838,2.2815685756504536,0,15,12,0.5215,1.5206038208007813,2092.191871523353,0.5215,0.47850000000000004,1.5206038208007813,1.5206038208007813,0.6661417860031128,0.20052770227864383,0.37894358200447587,0.3209722994804382,1.9329874687194823,10000,0.5215,1.5206038208007813,1.5206038208007813,0.6661417860031128,0.20052770227864383,0.37894358200447587,0.3209722994804382,1.9329874687194823,0.5216,1.5205996160507202,1.5205996160507202,0.6661401999473572,0.20063054405376315,0.37869097831103715,0.3209694571495056,1.932994285583496,0.001,5,1.932994285583496,1.9329941326141358,1.5296936028974528e-07,1.9329941326141358,1.5296936028974528e-07,5.69508790135842e-09,3.882361228229564e-09,0,,,,,,,,,,,,,,,,,,,,,,,,,,,,,3.856999391917371,0.30438568083879447,3.6865973575528797,4.484791682653291,0.897966017467666,1411.4579124959312,557.242171672432,,,2770.710919343887,469.5656481658183,2770.710919343887,469.5656481658183,1411.4579124959312,557.242171672432,2770.710919343887,469.5656481658183,,,,,,,,,0.05,1e-05,1,product,1.0,,,,,,,,,,,,,,,,,,,,,,,,1.0,,,1,101770,8.091293186238461,0.020846204784887794,0.014447820716747745,0.01872391067445278,0.04055495336651804,0.05275095209330716,0.001233716481991886,0.04793976992368698,0.0511780921369791,0.05189540237188339,0.052724817767739296,0.0535749439150095,0.05436009205877781,0.05483013279736042,0.058431293815374374,359.9570081910415,16.810547112073294,292.89300537109375,359.7243347167969,381.7963836669922,435.11907958984375,283.3465077663343,-598905.5896965746,-155047.4203412917,0.3954291803853038,0.2745467212817428,6.698339490599417e-06,0.07081507653267857,0.17518699540231705,0.35491204641325047,0.5698187554832617,0.7688233667656724,0.8911009163539125,2.453507787427992,-11.208000373278226,9.171070906077333,-22.997485423134208,-8.997585191836801,-2.283468514114586,0.6763977596541221,0.9749631522059546,0.9996953915692247,1.0,0.025036847794045396,0.0003046084307752776,0.0,2548,31,0,1.8289135020731004,0.02478499338030815,,1.8490103545040277,0.334301119867275,0.0008295313148071339,,,,359.9570007324219,16.810546875,8.091293186238461,0.052750956267118454,0,update_snr,0.02,20,100,,,,,,,,,,,,,,,,,,,,,,0.8148359957643894,0.31612282078522436,,,1.495664966169466,,160.73333333333332,201.06432359377487,2.0,765.0,random,,,,,,,,,,,,,,snr_histograms.csv,calibration_bins.csv,0.001,338.4072509765625,348.39871978759766,371.3147735595703,388.0882431030273,-103.4806556028384,-15.129962719788765,-4.8852652026937085,-1.0014621951416187,7.7957488153794205,1010.2158803462983,1077.1961952972413,1176.2570108413697,2307.511585550308,2867.4429132461546,2510.626099168017,2517.8161093506474,2536.4658549032065,3687.6115990705025,3757.331899668321,2510.626099168017,2517.8161093506474,2536.4658549032065,3687.6115990705025,3757.331899668321,3.691531897979745,3.704871787383173,4.45734012481557,0.013907237383801481,0.869144787666968,0.8705722701682952,0.9050675344591818,0.9055331849437396,0.9057031246052731,1010.2158803462983,1077.1961952972413,1176.2570108413697,2307.511585550308,2867.4429132461546,2510.626099168017,2517.8161093506474,2536.4658549032065,3687.6115990705025,3757.331899668321,product,0.97412075683316,,,,,,,,,,,,,,,,,,,,,,,,,,,,,,,,,,
bayesfl_observability_v1,vi_update_snr_prune098_keep002_seed42,7,vi,mnist,mlp,0,0,0.1,0.5,300,24,0.05,15,2366,2366,5,256,0.05,42,1,5,5,4.2438761331140995,1.9505541883409023,0.01147104799747467,2.2927551828324795,0,15,10,0.4142,1.5333494285583495,2408.3117015436796,0.4142,0.5858,1.5333494285583495,1.5333494285583495,0.6873768795013427,0.04847039301991463,0.16556784207360786,0.3895016996860504,1.8081287885665893,10000,0.4142,1.5333494285583495,1.5333494285583495,0.6873768795013427,0.04847039301991463,0.16556784207360786,0.3895016996860504,1.8081287885665893,0.4141,1.5333537792205811,1.5333537792205811,0.6873799114227295,0.04856985253840684,0.1655545546297441,0.3895066324234009,1.8081182834625245,0.001,5,1.8081182834625245,1.8081181060791016,1.77383422839128e-07,1.8081181060791016,1.77383422839128e-07,6.6407707308258064e-09,5.132716010321584e-09,0,,,,,,,,,,,,,,,,,,,,,,,,,,,,,3.9046418370867033,0.33821412092274483,3.6897972281086044,4.498580812549349,0.9004783861595475,1448.7701352824108,651.4799841257934,,,2795.4045143135377,513.975446662864,2795.4045143135377,513.975446662864,1448.7701352824108,651.4799841257934,2795.4045143135377,513.975446662864,,,,,,,,,0.05,1e-05,1,product,1.0,,,,,,,,,,,,,,,,,,,,,,,,1.0,,,1,101770,8.374077988335399,0.02145264081248786,0.015127449906903918,0.019128242507576942,0.042164666578173644,0.053296764800851236,0.0013716126079686892,0.04738951846957207,0.051544081047177316,0.052350386045873165,0.053268780931830406,0.0542178750038147,0.05507883355021477,0.05559944044798613,0.0601683035492897,352.7440267710739,18.133911566169154,276.2259521484375,352.4150848388672,376.39374084472655,445.2822570800781,289.27374077146834,-596822.1161273924,-154005.68355635507,0.4028147989191388,0.28460431737426595,1.455224794995824e-05,0.06859553405500851,0.17432591936436873,0.3591458708795881,0.5809244949186194,0.7921527705098563,0.9215637024737476,2.671643971398858,-11.148740581356396,9.311584632581269,-23.274083175357482,-8.894582446418497,-2.023821090797578,0.6689495922177459,0.968212636336838,0.9995578264714552,1.0,0.03178736366316203,0.0004421735285447578,0.0,3235,45,0,2.0957938124490947,0.029321840032935143,,1.4109014015181773,0.41335587489433645,0.00042265426880811494,,,,352.7440185546875,18.1339111328125,8.374077988335399,0.0532967634499073,0,update_snr,0.02,20,100,,,,,,,,,,,,,,,,,,,,,,0.5249106133263843,0.4413433088283173,,,1.7986790529036993,,157.73333333333332,238.23139078542013,1.0,765.0,random,,,,,,,,,,,,,,snr_histograms.csv,calibration_bins.csv,0.001,329.6328979492188,340.1848831176758,364.88853454589844,383.211376953125,-96.7413976853396,-15.17276071492995,-4.71760621904718,-0.7094927821037036,8.535571654224709,1008.6876587867737,1017.3228172779083,1079.0345153808594,2540.36813167572,2776.285869471232,2470.9075822158998,2478.2419024973196,2489.4447631005282,3643.012191107051,3710.483687134464,2470.9075822158998,2478.2419024973196,2489.4447631005282,3643.012191107051,3710.483687134464,3.6951288625153094,3.7038048396644223,4.46361954141578,0.01480469446324983,0.87426672182591,0.8758711023012616,0.9092263435231871,0.9096253359045157,0.910058316854769,1008.6876587867737,1017.3228172779083,1079.0345153808594,2540.36813167572,2776.285869471232,2470.9075822158998,2478.2419024973196,2489.4447631005282,3643.012191107051,3710.483687134464,product,0.9681776287915713,,,,,,,,,,,,,,,,,,,,,,,,,,,,,,,,,,
bayesfl_observability_v1,vi_update_snr_prune098_keep002_seed42,8,vi,mnist,mlp,0,0,0.1,0.5,300,24,0.05,15,2075,2075,5,256,0.05,42,1,5,5,4.44394550845027,2.0956523567438126,0.01169966533780098,2.3477161340415478,0,15,12,0.6355,1.290482610321045,2206.545914124012,0.6355,0.36450000000000005,1.290482610321045,1.290482610321045,0.5721447290897369,0.24298304348289965,0.34532159634611825,0.3925169584274292,1.8098901929855347,10000,0.6355,1.290482610321045,1.290482610321045,0.5721447290897369,0.24298304348289965,0.34532159634611825,0.3925169584274292,1.8098901929855347,0.6355,1.2904944982528685,1.2904944982528685,0.5721489908218383,0.2429866058766842,0.345324366155899,0.39251339492797854,1.8098964744567871,0.001,5,1.8098964744567871,1.8098963062286377,1.6822814941086506e-07,1.8098963062286377,1.6822814941086506e-07,5.809603312911804e-09,3.758391235257573e-09,0,,,,,,,,,,,,,,,,,,,,,,,,,,,,,3.851460021774331,0.2831009823431436,3.6958536579296095,4.485899505922943,0.9085389731295519,1356.9855343842505,591.5196611668803,,,2659.092657662344,421.5775020312172,2659.092657662344,421.5775020312172,1356.9855343842505,591.5196611668803,2659.092657662344,421.5775020312172,,,,,,,,,0.05,1e-05,1,product,1.0,,,,,,,,,,,,,,,,,,,,,,,,1.0,,,1,101770,8.63148654446253,0.02203040758415658,0.015707614007755003,0.01943408977240324,0.04361202456057073,0.053825308814962544,0.0015227062581576155,0.04752722382545471,0.051880157366394994,0.05277715064585209,0.05379517003893852,0.05484596826136112,0.05581098087131977,0.05637367255985737,0.061120714992284775,345.99366186096427,19.563243149539375,267.6844482421875,345.5520324707031,371.5330291748047,442.7056884765625,295.0803343684449,-594827.5945255726,-153008.4227551219,0.4096797391563441,0.2927303779849093,5.44544168020223e-06,0.06941468436067537,0.176749573516714,0.3616849773383372,0.5910127897131863,0.8117734767023255,0.9451650499903554,2.7118235659465015,-11.032603726828832,9.324461291193712,-23.170972936242816,-8.833390587723141,-1.8113028521864016,0.6623169892895745,0.9630441190920703,0.9994693917657463,1.0,0.036955880907929645,0.0005306082342537093,0.0,3761,54,0,2.0302787728321112,0.029641050845384598,,1.781093334836338,0.4130120481927711,0.0019277108433734939,,,,345.9936218261719,19.563241958618164,8.63148654446253,0.05382531136274338,0,update_snr,0.02,20,100,,,,,,,,,,,,,,,,,,,,,,0.8392664668747916,0.4811242030441931,,,1.4505809226778346,,138.33333333333334,214.31555136190087,2.0,855.0,random,,,,,,,,,,,,,,snr_histograms.csv,calibration_bins.csv,0.001,321.0411346435547,332.4379348754883,359.01131439208984,379.07973022460936,-105.27933618132533,-15.052832509948303,-4.5680624159114815,-0.4898469191970688,8.665228609298781,963.2233489990234,1009.7176861953735,1059.4251136779785,2221.467269663811,3006.017641925812,2429.7980990748547,2435.911878427992,2450.460442431645,3469.1571398624524,3596.1497893546125,2429.7980990748547,2435.911878427992,2450.460442431645,3469.1571398624524,3596.1497893546125,3.70070470068697,3.711512190003694,4.392881408001976,0.01192253321435399,0.881638977713404,0.885831772555722,0.9142794545008214,0.9149532775442525,0.91497717467696,963.2233489990234,1009.7176861953735,1059.4251136779785,2221.467269663811,3006.017641925812,2429.7980990748547,2435.911878427992,2450.460442431645,3469.1571398624524,3596.1497893546125,product,0.9719443059957629,,,,,,,,,,,,,,,,,,,,,,,,,,,,,,,,,,
bayesfl_observability_v1,vi_update_snr_prune098_keep002_seed42,9,vi,mnist,mlp,0,0,0.1,0.5,300,24,0.05,15,1581,1581,5,256,0.05,42,1,5,5,4.266356952488422,2.0327403470873833,0.010635044425725937,2.2330739870667458,0,15,10,0.689,1.2078154621124269,1593.1850576065071,0.689,0.31100000000000005,1.2078154621124269,1.2078154621124269,0.5285245676994323,0.27041834709346296,0.36078447908738237,0.4186071191310883,1.732969570541382,10000,0.689,1.2078154621124269,1.2078154621124269,0.5285245676994323,0.27041834709346296,0.36078447908738237,0.4186071191310883,1.732969570541382,0.689,1.2078222053527832,1.2078222053527832,0.5285269477367401,0.27042151474803683,0.3613321035034496,0.41860394387245176,1.732978119277954,0.001,5,1.732978119277954,1.732977944946289,1.743316651037219e-07,1.732977944946289,1.743316651037219e-07,5.868968491284932e-09,4.035964437362479e-09,0,,,,,,,,,,,,,,,,,,,,,,,,,,,,,3.8168713806022705,0.2664467438506315,3.7002041963329173,4.508723317631665,0.9145662800909856,1189.1379196453097,366.68675932459297,,,2556.637729229786,387.1311329488591,2556.637729229786,387.1311329488591,1189.1379196453097,366.68675932459297,2556.637729229786,387.1311329488591,,,,,,,,,0.05,1e-05,1,product,1.0,,,,,,,,,,,,,,,,,,,,,,,,1.0,,,1,101770,8.825471401662314,0.022469936350713406,0.016138303688318503,0.019783655181527138,0.04470201209187508,0.054252221927133165,0.0015815223120138752,0.04800402745604515,0.05224214717745781,0.053167286328971386,0.054221877828240395,0.055310253985226154,0.056305428594350816,0.05691072605550289,0.061259109526872635,340.6202165706905,19.845069640726123,266.4763488769531,340.13465881347656,366.40210571289066,433.9549560546875,299.7945541758627,-593224.6208009262,-152206.93589254128,0.4145825272120998,0.29844611339626675,8.198506046937839e-06,0.07036983115929915,0.17593249399344119,0.3644387071977513,0.5978690670360497,0.8253639555431366,0.9639396439563368,2.867687806694526,-10.950320811449346,9.34524210696001,-23.05226982060618,-8.767510053517682,-1.6670900231005261,0.6580622973371327,0.9585929055713864,0.9993318266679768,1.0,0.04140709442861354,0.0006681733320231895,0.0,4214,68,0,1.738621207522886,0.022398396860808134,,1.8773831910452832,0.2567994939911448,0.0018975332068311196,,,,340.62017822265625,19.845069885253906,8.825471401662314,0.054252222180366516,0,update_snr,0.02,20,100,,,,,,,,,,,,,,,,,,,,,,0.6522591627650056,0.3878453786575586,,,1.6377439128665328,,105.4,129.29233027007697,1.0,406.0,random,,,,,,,,,,,,,,snr_histograms.csv,calibration_bins.csv,0.001,315.42742919921875,326.88025665283203,353.76185607910156,374.36681060791017,-101.72530451405338,-15.0930788152809,-4.46787831679047,-0.31900316433614995,9.1506373945221,986.9388350963593,994.124623298645,1020.1376829147339,1740.35359544754,2139.405202579498,2388.6477689328754,2395.6231917268888,2404.2231393076713,3086.1398861204693,3563.629155893589,2388.6477689328754,2395.6231917268888,2404.2231393076713,3086.1398861204693,3563.629155893589,3.7053944037683513,3.711641314920735,4.182930056510827,0.01062870468638574,0.8866860534699694,0.9002422175714032,0.9186992277285638,0.919148982637102,0.9191831716076082,986.9388350963593,994.124623298645,1020.1376829147339,1740.35359544754,2139.405202579498,2388.6477689328754,2395.6231917268888,2404.2231393076713,3086.1398861204693,3563.629155893589,product,0.9804063167249928,,,,,,,,,,,,,,,,,,,,,,,,,,,,,,,,,,
bayesfl_observability_v1,vi_update_snr_prune098_keep002_seed42,10,vi,mnist,mlp,0,0,0.1,0.5,300,24,0.05,15,2556,2556,5,256,0.05,42,1,5,5,4.495760694146156,2.2052713483572006,0.01280209794640541,2.2899675518274307,0,15,13,0.6687,1.202032900428772,1821.8651901209485,0.6687,0.33130000000000004,1.202032900428772,1.202032900428772,0.5191315032958984,0.21607523164302106,0.33870542189309694,0.45262476511001587,1.6210884609222411,10000,0.6687,1.202032900428772,1.202032900428772,0.5191315032958984,0.21607523164302106,0.33870542189309694,0.45262476511001587,1.6210884609222411,0.6687,1.2020476835250855,1.2020476835250855,0.519137992477417,0.216076661555469,0.33825068271458475,0.4526233425140381,1.6210895107269288,0.001,5,1.6210895107269288,1.6210893180847168,1.9264221196024778e-07,1.6210893180847168,1.9264221196024778e-07,7.089218145495124e-09,5.261815083151024e-09,13,0.9126497948846622,0.9166823442788926,0.07199546412709078,0.8,0.8254901960784313,0.8604651162790697,0.9090909090909091,1.0,1.0,1.0,0.3305682025114208,0.36625586807924204,0.1785000619799725,0.01620924370042209,0.3924857052889737,0.6467995246251425,,,0.36625586807924204,,,,,,,,,,3.9796777398904952,0.37091415433294056,3.706597538202642,4.527664131418828,0.9115939588533997,1408.3839583826064,494.48128120030896,,,2749.5089140272617,531.2537178930229,2749.5089140272617,531.2537178930229,1408.3839583826064,494.48128120030896,2749.5089140272617,531.2537178930229,,,,,,,,,0.05,1e-05,1,product,1.0,,,,,,,,,,,,,,,,,,,,,,,,1.0,,,1,101770,8.979577705818857,0.02279993360161412,0.016506586508252666,0.01994932722300291,0.04544835649430753,0.0547193413317552,0.001634192043033657,0.0484054796397686,0.052644815668463706,0.05359752383083105,0.054687103256583214,0.05581458192318678,0.056846299394965175,0.05746502988040447,0.06213407963514328,334.8716975890268,19.986836439117027,259.0241394042969,334.3721923828125,360.818505859375,426.7867736816406,304.9921620534287,-591483.8911661898,-151336.57107489769,0.4170818039425676,0.3026717874953538,1.284328804899691e-06,0.06991521663493373,0.17529453921110297,0.3645186236675365,0.6021025950606852,0.8319569046785907,0.9750777975627172,2.846910610903035,-10.944975318990668,9.424519124211335,-23.108565846615477,-8.76560556373595,-1.5979833911283499,0.6545150830303625,0.9559693426353543,0.9992139137270315,1.0,0.04403065736464577,0.0007860862729684582,0.0,4481,80,0,1.5287286587463056,0.021435330621898174,,2.1466275087525,0.18896713615023475,0.000782472613458529,,,,334.8717041015625,19.98683738708496,8.979577705818857,0.054719340056180954,0,update_snr,0.02,20,100,,,,,,,,,,,,,,,,,,,,,,0.6522753084944662,0.4362957414032505,,,1.6686681009921112,,170.4,152.48335428279813,2.0,475.0,random,,,,,,,,,,,,outputs/sparse_comm_mnist_noniid_unbalanced/vi_update_snr_prune098_keep002_seed42/posterior_snapshots/round_0010.pt,,snr_histograms.csv,calibration_bins.csv,0.001,309.45363464355466,320.9997100830078,348.105224609375,368.726318359375,-117.82646877680698,-15.124632257458211,-4.4065900196029855,-0.21921465798812953,9.087476622176338,969.9546509742737,983.605253314972,1096.107011795044,2124.876562271118,2177.209253311157,2359.605480764375,2363.0772503623557,2377.877495747935,3516.073343282501,3537.5494941727306,2359.605480764375,2363.0772503623557,2377.877495747935,3516.073343282501,3537.5494941727306,3.7092740874432972,3.7203325784580747,4.513874979468665,0.01438984533066482,0.8904674801266774,0.8909921179849029,0.9214677588449413,0.9221354705168021,0.9222648262538833,969.9546509742737,983.605253314972,1096.107011795044,2124.876562271118,2177.209253311157,2359.605480764375,2363.0772503623557,2377.877495747935,3516.073343282501,3537.5494941727306,product,0.9854051005255723,0.1785000619799725,,,,,,,,,,,,,,,,,,,,,,,,,,,,,,,,,
bayesfl_observability_v1,vi_update_snr_prune098_keep002_seed42,11,vi,mnist,mlp,0,0,0.1,0.5,300,24,0.05,15,3421,3421,5,256,0.05,42,1,5,5,4.970209192484617,2.7808656208217144,0.011610783636569977,2.18881294131279,0,15,15,0.751,1.025407168483734,2245.6433523815313,0.751,0.249,1.025407168483734,1.025407168483734,0.4562374800682068,0.2803374224200844,0.37285313905913975,0.4706884868621826,1.6006191770553588,10000,0.751,1.025407168483734,1.025407168483734,0.4562374800682068,0.2803374224200844,0.37285313905913975,0.4706884868621826,1.6006191770553588,0.7509,1.0254029199600219,1.0254029199600219,0.45623627219200136,0.2802352547675372,0.37285200520291356,0.47069065999984744,1.6006126178741455,0.001,5,1.6006126178741455,1.6006124099731445,2.0790100108136755e-07,1.6006124099731445,2.0790100108136755e-07,7.001908635828613e-09,5.62462340499969e-09,0,,,,,,,,,,,,,,,,,,,,,,,,,,,,,3.8965188812029266,0.31920508858105845,3.7066708508497537,4.542857186642129,0.9173421607449623,1406.3725695045791,649.282406963547,,,2593.2034187784457,455.1645672380667,2593.2034187784457,455.1645672380667,1406.3725695045791,649.282406963547,2593.2034187784457,455.1645672380667,,,,,,,,,0.05,1e-05,1,product,1.0,,,,,,,,,,,,,,,,,,,,,,,,1.0,,,1,101770,9.187641609695973,0.02326824920534325,0.016971592778220655,0.020221708342432976,0.046633808314800275,0.05531096672662129,0.0017964627302610192,0.04861641675233841,0.053032233566045764,0.05407470744103193,0.055273741483688354,0.05650083348155022,0.057641178369522095,0.05833411738276482,0.06326352059841156,327.90605284720937,21.285024918510228,249.85801696777344,327.312255859375,355.5659545898438,423.09130859375,311.6737105213395,-589311.5850255755,-150250.41800425682,0.4211638388489584,0.3080228733707572,1.978947106778143e-06,0.06913393414450052,0.17682176524012783,0.36584456044113745,0.6076344528911929,0.8442141603284549,0.9928678197851838,2.992054867610496,-10.89946975964679,9.46846159280085,-23.206174568317643,-8.734067957790188,-1.47094735113703,0.6498870000982608,0.9519111722511545,0.9991451311781469,1.0,0.04808882774884544,0.0008548688218531984,0.0,4894,87,0,1.8375867594259607,0.027310746256262064,,1.9726654132494303,0.38146740719087985,0.00029231218941829873,,,,327.90606689453125,21.28502655029297,9.187641609695973,0.05531097203493118,0,update_snr,0.02,20,100,,,,,,,,,,,,,,,,,,,,,,0.5090469835805914,0.42718808183153506,,,1.7714806975517152,,228.06666666666666,327.5797036176421,1.0,1305.0,random,,,,,,,,,,,,,,snr_histograms.csv,calibration_bins.csv,0.001,300.97767639160156,313.2494354248047,341.98860931396484,363.9331436157226,-114.07131187974663,-15.049285562236417,-4.327152194336115,-0.06217130722859733,9.5193910651481,972.1824541807175,977.5860733795166,1034.4634252548217,2357.9976177597046,3041.495410744349,2321.3884178955286,2325.0705174442387,2344.224661605957,3460.340646600735,3524.9598505531208,2321.3884178955286,2325.0705174442387,2344.224661605957,3460.340646600735,3524.9598505531208,3.7096659135852414,3.7251625488195823,4.515507631343993,0.01209546483878964,0.89277593602367,0.8938707788109791,0.9237105316723456,0.9242811664430611,0.9248396334144621,972.1824541807175,977.5860733795166,1034.4634252548217,2357.9976177597046,3041.495410744349,2321.3884178955286,2325.0705174442387,2344.224661605957,3460.340646600735,3524.9598505531208,product,0.9797976461967248,,,,,,,,,,,,,,,,,,,,,,,,,,,,,,,,,,
bayesfl_observability_v1,vi_update_snr_prune098_keep002_seed42,12,vi,mnist,mlp,0,0,0.1,0.5,300,24,0.05,15,1928,1928,5,256,0.05,42,1,5,5,4.24277576059103,2.110108744353056,0.010823763906955719,2.132089924067259,0,15,12,0.7173,0.9923593358039856,1643.0042150766644,0.7173,0.28269999999999995,0.9923593358039856,0.9923593358039856,0.4425299970626831,0.1717851093709469,0.23585486494261648,0.5455148921966553,1.391479969406128,10000,0.7173,0.9923593358039856,0.9923593358039856,0.4425299970626831,0.1717851093709469,0.23585486494261648,0.5455148921966553,1.391479969406128,0.7174,0.9923650270462037,0.9923650270462037,0.4425353006362915,0.17188424934595828,0.2342747871742788,0.5455157487869263,1.3914761981964112,0.001,5,1.3914761981964112,1.3914760147094727,1.8348693853198483e-07,1.3914760147094727,1.8348693853198483e-07,6.699160809375826e-09,6.233248163363203e-09,0,,,,,,,,,,,,,,,,,,,,,,,,,,,,,3.885725228510784,0.31664642491543915,3.7124322647936085,4.522464139962755,0.9209504409901152,1212.0381549660367,407.0950264330759,,,2517.334123080245,438.14342709985175,2517.334123080245,438.14342709985175,1212.0381549660367,407.0950264330759,2517.334123080245,438.14342709985175,,,,,,,,,0.05,1e-05,1,product,1.0,,,,,,,,,,,,,,,,,,,,,,,,1.0,,,1,101770,9.366189510329304,0.023683756598520705,0.017351581297494093,0.02059640921652317,0.0475014302879572,0.055771605286099674,0.0018532325079564185,0.04853440076112747,0.053416332229971886,0.05449749156832695,0.055734699591994286,0.05700204335153103,0.05818330198526382,0.058891724050045016,0.06407752633094788,322.55942287709325,21.423209559523567,243.55023193359375,321.9205322265625,350.47083435058596,424.5224304199219,316.90225706734793,-587628.497949124,-149408.87446577495,0.4251796812577822,0.3124350422756365,8.496083224558558e-06,0.06974985119981299,0.17686091271924598,0.3695094494483366,0.6119987255657253,0.8537706919360588,1.0069891995700913,3.02822397404641,-10.833095363514204,9.47347301151605,-23.129134295275396,-8.647489019178868,-1.37317515331253,0.6463299597130785,0.9482460450034391,0.9990861747076741,1.0,0.05175395499656087,0.0009138252923258328,0.0,5267,93,0,1.6941859311650338,0.02325323224067688,,1.9709510218510513,0.22095435684647302,0.0005186721991701245,,,,322.5594177246094,21.42321014404297,9.366189510329304,0.055771604180336,0,update_snr,0.02,20,100,,,,,,,,,,,,,,,,,,,,,,0.8539134779979317,0.4303879395894643,,,1.4490114860125611,,128.53333333333333,139.16171248666862,1.0,413.0,random,,,,,,,,,,,,,,snr_histograms.csv,calibration_bins.csv,0.001,295.39507446289065,307.76495361328125,336.70299530029297,358.9306259155273,-101.41562381866146,-15.047362761580798,-4.2649896446866595,0.06049625085652694,9.623759867654591,931.9530574798584,957.4693925476074,1025.9090837478639,2003.2322599220277,2055.4913195610047,2279.6638346025816,2284.603973393192,2300.751747257797,3391.8760895731752,3398.703669928616,2279.6638346025816,2284.603973393192,2300.751747257797,3391.8760895731752,3398.703669928616,3.7162814305309655,3.729786505646609,4.517711949092108,0.011506490828242323,0.8977179952932377,0.8980138640156597,0.9265827798251645,0.9270879956208338,0.9272864342665915,931.9530574798584,957.4693925476074,1025.9090837478639,2003.2322599220277,2055.4913195610047,2279.6638346025816,2284.603973393192,2300.751747257797,3391.8760895731752,3398.703669928616,product,0.9835079528423842,,,,,,,,,,,,,,,,,,,,,,,,,,,,,,,,,,
bayesfl_observability_v1,vi_update_snr_prune098_keep002_seed42,13,vi,mnist,mlp,0,0,0.1,0.5,300,24,0.05,15,1779,1779,5,256,0.05,42,1,5,5,4.200546592473984,2.0771924145519733,0.01197226345539093,2.1227601431310177,0,15,14,0.6914,0.9598812213897705,1322.9640760751306,0.6914,0.3086,0.9598812213897705,0.9598812213897705,0.43226840734481814,0.13763395554721353,0.256500065954108,0.5537660439491272,1.3539552131652832,10000,0.6914,0.9598812213897705,0.9598812213897705,0.43226840734481814,0.13763395554721353,0.256500065954108,0.5537660439491272,1.3539552131652832,0.6916,0.9598806449890137,0.9598806449890137,0.4322670479774475,0.13783466638475655,0.25615812633688817,0.5537653301239014,1.3539617259979249,0.001,5,1.3539617259979249,1.3539615394592286,1.8653869626739095e-07,1.3539615394592286,1.8653869626739095e-07,7.53835800253455e-09,7.105592011508768e-09,0,,,,,,,,,,,,,,,,,,,,,,,,,,,,,3.8410500970295867,0.2707534129069675,3.7197543168855196,4.547762281782018,0.9252064142164386,1137.802486170133,327.2958969531873,,,2414.6444166152573,368.9845319327259,2414.6444166152573,368.9845319327259,1137.802486170133,327.2958969531873,2414.6444166152573,368.9845319327259,,,,,,,,,0.05,1e-05,1,product,1.0,,,,,,,,,,,,,,,,,,,,,,,,1.0,,,1,101770,9.48138296174638,0.023961853111655235,0.017582970759601173,0.020833763293921947,0.04812721386551859,0.056179469170474734,0.0018896067826813547,0.048985280096530914,0.053784608468413354,0.0548804122954607,0.05614546313881874,0.057430537417531013,0.05863965004682541,0.05935280472040176,0.06486194580793381,317.91893530500136,21.37900978122978,237.69500732421875,317.2273864746094,345.68774719238286,416.74346923828125,321.5630119719706,-586148.1762489411,-148668.71361546114,0.42707587027044736,0.3143718912454996,5.346396266740421e-06,0.07060783747528038,0.1775309146635389,0.37103779588368524,0.6144578290077893,0.8586757511061821,1.0110590262547645,3.0974135183777154,-10.786201769106883,9.458133284793734,-23.022941808378594,-8.611636971689911,-1.3234160270013833,0.6433330057973863,0.947401002259998,0.9989879139235531,1.0,0.052598997740001964,0.00101208607644689,0.0,5353,103,0,1.3280037697301155,0.017833327874541283,,2.3512864796870225,0.16245081506464307,0.002810567734682406,,,,317.9189147949219,21.379009246826172,9.48138296174638,0.0561794713139534,0,update_snr,0.02,20,100,,,,,,,,,,,,,,,,,,,,,,0.7766686654435714,0.3131197875263915,,,1.530826327005275,,118.6,86.20580026889142,5.0,289.0,random,,,,,,,,,,,,,,snr_histograms.csv,calibration_bins.csv,0.001,290.8153076171875,303.18956756591797,332.0207748413086,354.1791717529297,-105.43877547820745,-15.014520187504477,-4.230158359029263,0.09553020884787986,9.81998378916068,928.3798070907593,956.3252673339844,1011.2466688156128,1607.2012789964674,1975.3629789352417,2251.566449973178,2255.4733196572574,2269.730635611427,2919.367780472627,3378.6719879289462,2251.566449973178,2255.4733196572574,2269.730635611427,2919.367780472627,3378.6719879289462,3.722502086414294,3.734532169537051,4.212705096160044,0.009532000239557147,0.9004260980120586,0.9121489657030386,0.9288470798423171,0.9294126399077817,0.9295566255394598,928.3798070907593,956.3252673339844,1011.2466688156128,1607.2012789964674,1975.3629789352417,2251.566449973178,2255.4733196572574,2269.730635611427,2919.367780472627,3378.6719879289462,product,0.9901450609599683,,,,,,,,,,,,,,,,,,,,,,,,,,,,,,,,,,
bayesfl_observability_v1,vi_update_snr_prune098_keep002_seed42,14,vi,mnist,mlp,0,0,0.1,0.5,300,24,0.05,15,1333,1333,5,256,0.05,42,1,5,5,3.9925158582627773,1.9213796071708202,0.012526042759418488,2.070618364959955,0,15,12,0.6895,0.9421111009597778,1308.8098433771086,0.6895,0.3105,0.9421111009597778,0.9421111009597778,0.43124932765960694,0.12263189837932584,0.2051148286067781,0.5668681018829346,1.3047888423919678,10000,0.6895,0.9421111009597778,0.9421111009597778,0.43124932765960694,0.12263189837932584,0.2051148286067781,0.5668681018829346,1.3047888423919678,0.6895,0.9421224603652955,0.9421224603652955,0.4312551384449005,0.1226371029227972,0.20417636250838256,0.5668628975868225,1.304800729751587,0.001,5,1.304800729751587,1.3048005525588988,1.7719268807780963e-07,1.3048005525588988,1.7719268807780963e-07,7.652717633277461e-09,7.265561767609119e-09,0,,,,,,,,,,,,,,,,,,,,,,,,,,,,,3.7909684704114093,0.19625275526133926,3.725030315107039,4.523044505847256,0.9285240959835932,1045.5620169083277,253.91783328380788,,,2312.584058327909,263.7920700480234,2312.584058327909,263.7920700480234,1045.5620169083277,253.91783328380788,2312.584058327909,263.7920700480234,,,,,,,,,0.05,1e-05,1,product,1.0,,,,,,,,,,,,,,,,,,,,,,,,1.0,,,1,101770,9.639678005642239,0.024318174309884755,0.017935967631003354,0.021129860542714596,0.04887528643012047,0.05658708118470388,0.001939487731829652,0.04931366443634033,0.05412453524768353,0.0552497822791338,0.05654922500252724,0.057870141230523586,0.05910044051706791,0.059861790388822556,0.06555651873350143,313.39598541319737,21.47492388113776,232.6849365234375,312.7135314941406,341.3592254638672,411.211669921875,326.2603080509277,-584681.1240017994,-147935.18749167363,0.43033874280557466,0.31844567539076246,2.399202093809931e-06,0.07067556425285525,0.1776634123710991,0.37337455899478605,0.6202840794233487,0.8663593555866258,1.0205212781686377,3.1485446713644123,-10.741418121140214,9.479269886241642,-23.014614313759004,-8.557105549904477,-1.246038608290586,0.6398742261963251,0.9448069175592021,0.9988700009826078,1.0,0.055193082440797875,0.0011299990173921587,0.0,5617,115,0,1.6649983375310986,0.02121419832110405,,1.8382032063780318,0.2768192048012003,0.0015003750937734434,,,,313.39599609375,21.474924087524414,9.639678005642239,0.05658708140254021,0,update_snr,0.02,20,100,,,,,,,,,,,,,,,,,,,,,,0.620721874227543,0.3417049991757876,,,1.6933414609470716,,88.86666666666666,104.18820577312108,2.0,369.0,random,,,,,,,,,,,,,,snr_histograms.csv,calibration_bins.csv,0.001,286.2981689453125,298.6007766723633,327.59619140625,349.7247497558593,-112.39865974437276,-15.008040014252506,-4.148187311120245,0.17644128619819982,9.962197188523872,890.032649064064,901.4574398231506,971.9316101074219,1116.5171968078612,1950.734597301483,2226.7760984300267,2227.860804253778,2235.301836770755,2285.824186006959,3297.2364700591475,2226.7760984300267,2227.860804253778,2235.301836770755,2285.824186006959,3297.2364700591475,3.7263287040398096,3.7330617608737717,3.7750471058949073,0.006854359353099293,0.9029385736020877,0.929272224272354,0.9304347533860281,0.9307695913340179,0.9308051159849833,890.032649064064,901.4574398231506,971.9316101074219,1116.5171968078612,1950.734597301483,2226.7760984300267,2227.860804253778,2235.301836770755,2285.824186006959,3297.2364700591475,product,0.9849713461511957,,,,,,,,,,,,,,,,,,,,,,,,,,,,,,,,,,
bayesfl_observability_v1,vi_update_snr_prune098_keep002_seed42,15,vi,mnist,mlp,0,0,0.1,0.5,300,24,0.05,15,1656,1656,5,256,0.05,42,1,5,5,4.091877736151218,1.9184898808598518,0.011448763310909271,2.1727558970451355,0,15,13,0.6495,1.0116438213348389,1368.3270123512093,0.6495,0.35050000000000003,1.0116438213348389,1.0116438213348389,0.48304091939926147,0.061981588332355037,0.10461902242523058,0.5968561065673829,1.2144949184417724,10000,0.6495,1.0116438213348389,1.0116438213348389,0.48304091939926147,0.061981588332355037,0.10461902242523058,0.5968561065673829,1.2144949184417724,0.6495,1.011651575088501,1.011651575088501,0.48304565563201907,0.06192744807451964,0.10493124634632944,0.5968573190689087,1.214489064025879,0.001,5,1.214489064025879,1.2144888761520385,1.8787384048479794e-07,1.2144888761520385,1.8787384048479794e-07,8.020986983581225e-09,7.884465735422563e-09,11,0.9643255384993451,0.9436235836235838,0.09761035282821405,0.6666666666666666,0.8571428571428571,0.9415384615384615,1.0,1.0,1.0,1.0,0.18478756209149208,0.32950586032635976,0.3218409610634446,0.002439436551771666,0.22303712690198743,0.9171933531761169,,,0.32950586032635976,,,,,,,,,,3.8461437368232265,0.2823765846974832,3.7241045504775094,4.578791094403152,0.9286934573780011,1078.8434022414685,336.4148218669911,,,2353.5632896887573,375.524686617266,2353.5632896887573,375.524686617266,1078.8434022414685,336.4148218669911,2353.5632896887573,375.524686617266,,,,,,,,,0.05,1e-05,1,product,1.0,,,,,,,,,,,,,,,,,,,,,,,,1.0,,,1,101770,9.790494571921798,0.024661088209182915,0.018267389678186346,0.021350701339542866,0.04961804337799551,0.057022206586301236,0.0019888584437169287,0.04925360158085823,0.05450237765908241,0.05565432272851467,0.056984588503837585,0.05833989381790161,0.059594913572072986,0.06037761904299259,0.06643952429294586,308.6699839393036,21.52642387117948,226.54107666015625,307.9535369873047,336.64263916015625,412.2152099609375,331.3109732433236,-583126.2424380287,-147157.74670956188,0.4330900483544562,0.3219496711760849,7.919164480744114e-06,0.07043837961122275,0.1781508432749416,0.37390562084577217,0.6237330703678349,0.8709088084933938,1.030874887862659,3.1712500336382172,-10.714614294930216,9.527076819597754,-23.043812865277214,-8.544760122741073,-1.2005463382219632,0.6373096197307655,0.942566571681242,0.9987717401984868,1.0,0.05743342831875799,0.001228259801513216,0.0,5845,125,0,1.6205644867528353,0.021033176453784108,,2.0992764340644756,0.21195652173913043,0.0036231884057971015,,,,308.66998291015625,21.526424407958984,9.790494571921798,0.05702221021056175,0,update_snr,0.02,20,100,,,,,,,,,,,,,,,,,,,,,,0.5759026269732463,0.36656473002318635,,,1.7068019144175017,,110.4,118.81458945208148,3.0,351.0,random,,,,,,,,,,,,,,snr_histograms.csv,calibration_bins.csv,0.001,281.56690673828126,293.8114471435547,322.8510437011719,345.26248626708986,-102.02641163640061,-14.98424235616106,-4.100024580522135,0.2641192064360257,10.024609696731817,878.5069976806641,885.1457676768304,947.2775445938111,1547.4270110523698,1990.2019910335541,2192.9672280212994,2196.9185710726833,2208.642500846129,2864.5238563806447,3329.1675060549533,2192.9672280212994,2196.9185710726833,2208.642500846129,2864.5238563806447,3329.1675060549533,3.7274920491165964,3.736585090425343,4.231532453475194,0.009644503473315531,0.9034273312894014,0.9156985203566927,0.9323634283061891,0.9327303627190354,0.9328879513581941,878.5069976806641,885.1457676768304,947.2775445938111,1547.4270110523698,1990.2019910335541,2192.9672280212994,2196.9185710726833,2208.642500846129,2864.5238563806447,3329.1675060549533,product,0.9862070330543329,0.3218409610634446,,,,,,,,,,,,,,,,,,,,,,,,,,,,,,,,,
bayesfl_observability_v1,vi_update_snr_prune098_keep002_seed42,16,vi,mnist,mlp,0,0,0.1,0.5,300,24,0.05,15,1990,1990,5,256,0.05,42,1,5,5,4.311150602996349,2.150828432291746,0.016237691044807434,2.1598328575491905,0,15,12,0.6916,0.9398968158721924,2012.3826739481826,0.6916,0.3084,0.9398968158721924,0.9398968158721924,0.4342898992538452,0.09619762244224547,0.16266528089998267,0.5956101645469666,1.203934848022461,10000,0.6916,0.9398968158721924,0.9398968158721924,0.4342898992538452,0.09619762244224547,0.16266528089998267,0.5956101645469666,1.203934848022461,0.6916,0.9399053642272949,0.9399053642272949,0.4342932592868805,0.09619616039544347,0.161117856373573,0.5956115642547607,1.2039304478645325,0.001,5,1.2039304478645325,1.2039302292823792,2.1858215326631125e-07,1.2039302292823792,2.1858215326631125e-07,9.149682682618732e-09,8.745727376532982e-09,0,,,,,,,,,,,,,,,,,,,,,,,,,,,,,3.7712863416167655,0.12023826336618368,3.7288150870004197,4.220252495105183,0.9332348851134263,1050.5112996117273,460.49918963717334,,,2223.0959920303567,168.56187455963322,2223.0959920303567,168.56187455963322,1050.5112996117273,460.49918963717334,2223.0959920303567,168.56187455963322,,,,,,,,,0.05,1e-05,1,product,1.0,,,,,,,,,,,,,,,,,,,,,,,,1.0,,,1,101770,10.11792993962241,0.025447311709525813,0.018930256219695168,0.021899745799601078,0.05143928714096547,0.05764275847587263,0.0022412929758982678,0.049201931804418564,0.05480702221393585,0.05609867814928293,0.05760061554610729,0.05911451391875744,0.06055388003587723,0.06142894066870212,0.06785223633050919,302.3260077403877,23.492511163851873,217.20591735839844,301.40171813964844,332.9105682373047,413.0814514160156,338.66114835923315,-580953.1057771785,-146071.17837883288,0.4421921102809664,0.3301944432039983,6.30524104606288e-06,0.07127535311007632,0.18095807263165878,0.379809895378348,0.6367864701753524,0.8950966381879032,1.056108227735949,3.368722623392215,-10.556098261329574,9.553957268936237,-22.94121244970949,-8.408674491167417,-0.9626014812529337,0.6275916281811929,0.9354033605188169,0.9986636533359536,1.0,0.06459663948118306,0.001336346664046379,0.0,6574,136,0,2.514201692389589,0.034010451287031174,,1.5657012987415717,0.5894472361809046,0.004020100502512563,,,,302.3260192871094,23.492511749267578,10.11792993962241,0.05764276161789894,0,update_snr,0.02,20,100,,,,,,,,,,,,,,,,,,,,,,0.4991354947070385,0.38078724090534294,,,1.7927689756734346,,132.66666666666666,279.62061599404444,2.0,1161.0,random,,,,,,,,,,,,,,snr_histograms.csv,calibration_bins.csv,0.001,272.7194091796875,286.16185760498047,317.75672149658203,342.22377319335936,-104.00596474089242,-14.848440807606593,-3.9201234530037814,0.47416851705248114,10.549305063261498,853.1557269096375,886.2304115724563,914.650806427002,1006.9250345230103,2766.4145143508913,2167.334952659463,2168.2745229110396,2176.3718284704373,2193.109704193364,2852.863850395522,2167.334952659463,2168.2745229110396,2176.3718284704373,2193.109704193364,2852.863850395522,3.7314188015533425,3.737750578618523,3.751770640709104,0.00397778609586724,0.9183772297927808,0.9339222783607704,0.9343041727171372,0.9346381353741167,0.9346553596661702,853.1557269096375,886.2304115724563,914.650806427002,1006.9250345230103,2766.4145143508913,2167.334952659463,2168.2745229110396,2176.3718284704373,2193.109704193364,2852.863850395522,product,0.9686350433998648,,,,,,,,,,,,,,,,,,,,,,,,,,,,,,,,,,
bayesfl_observability_v1,vi_update_snr_prune098_keep002_seed42,17,vi,mnist,mlp,0,0,0.1,0.5,300,24,0.05,15,1767,1767,5,256,0.05,42,1,5,5,4.2891591638326645,2.1654465310275555,0.010722149163484573,2.123016983270645,0,15,12,0.753,0.7897979516983032,1529.0298960105133,0.753,0.247,0.7897979516983032,0.7897979516983032,0.3548281188011169,0.10502378344088792,0.18158352930053523,0.6479762162208557,1.1168895833969117,10000,0.753,0.7897979516983032,0.7897979516983032,0.3548281188011169,0.10502378344088792,0.18158352930053523,0.6479762162208557,1.1168895833969117,0.7529,0.7897847100257873,0.7897847100257873,0.35482279410362244,0.10492257336080073,0.18190546416016962,0.6479774290084839,1.1168881846427918,0.001,5,1.1168881846427918,1.1168879905700684,1.9407272344729165e-07,1.1168879905700684,1.9407272344729165e-07,8.116382960565715e-09,8.642140464793685e-09,0,,,,,,,,,,,,,,,,,,,,,,,,,,,,,3.9131185999590703,0.33527041337606706,3.7340882761329546,4.600846353305354,0.9324658539346342,1113.1474401521684,387.67568431972023,,,2356.5024621541943,431.6499376114241,2356.5024621541943,431.6499376114241,1113.1474401521684,387.67568431972023,2356.5024621541943,431.6499376114241,,,,,,,,,0.05,1e-05,1,product,1.0,,,,,,,,,,,,,,,,,,,,,,,,1.0,,,1,101770,10.273621947586511,0.025809137241126094,0.019261478621753862,0.022165599279105663,0.05229033194482327,0.0581248672446808,0.00229702605927984,0.049664318561553955,0.05521974638104439,0.05654263123869896,0.05806702561676502,0.05962956137955189,0.06111092455685139,0.0620065301656723,0.06851512938737869,297.3761053873418,23.48957621806643,213.02325439453125,296.5792999267578,327.9526824951172,405.42547607421875,344.36693653492165,-579262.9039681974,-145226.07747410526,0.44478357524158263,0.3331915282609796,2.330228005290651e-06,0.07173043998476807,0.18047296419895065,0.381450077027598,0.6404761645039297,0.9012339706949325,1.065372256705813,3.592499642849939,-10.511564909295158,9.552559235243836,-22.88593010502743,-8.371245862776927,-0.9032489310235913,0.626579542104746,0.9333890144443353,0.9985359143165963,1.0,0.06661098555566473,0.0014640856834037535,0.0,6779,149,0,1.739307179189663,0.021297525614500046,,2.011140853689849,0.2212790039615167,0.0005659309564233164,,,,297.3761291503906,23.48957633972168,10.273621947586511,0.05812487006187439,0,update_snr,0.02,20,100,,,,,,,,,,,,,,,,,,,,,,0.6736476657532381,0.42351987868612556,,,1.6181014097781126,,117.8,130.84097217614976,1.0,385.0,random,,,,,,,,,,,,,,snr_histograms.csv,calibration_bins.csv,0.001,267.7702301025391,281.2397918701172,312.78646087646484,337.30958251953126,-112.65202792414188,-14.871756969818293,-3.869940560735207,0.550027663165131,11.107934672615876,850.4834113121033,875.9520292472839,938.4108113288879,1883.881355071068,1892.530852508545,2127.901944285644,2130.013258662906,2141.7071249697133,3208.4270549253497,3244.105867478202,2127.901944285644,2130.013258662906,2141.7071249697133,3208.4270549253497,3244.105867478202,3.736079295085991,3.7457170959573594,4.5755485923290085,0.010714363633255983,0.910293827742615,0.9113924040400982,0.9377298704557592,0.9381062480465667,0.938416062462587,850.4834113121033,875.9520292472839,938.4108113288879,1883.881355071068,1892.530852508545,2127.901944285644,2130.013258662906,2141.7071249697133,3208.4270549253497,3244.105867478202,product,0.9855651113592935,,,,,,,,,,,,,,,,,,,,,,,,,,,,,,,,,,
bayesfl_observability_v1,vi_update_snr_prune098_keep002_seed42,18,vi,mnist,mlp,0,0,0.1,0.5,300,24,0.05,15,1559,1559,5,256,0.05,42,1,5,5,4.187980022281408,1.9398907460272312,0.009923405945301056,2.247559141367674,0,15,12,0.6886,0.9072331992149353,1518.2421038082084,0.6886,0.3114,0.9072331992149353,0.9072331992149353,0.40800089793205263,0.045753202384710284,0.10653781745491955,0.6626433673858643,1.0224661361694336,10000,0.6886,0.9072331992149353,0.9072331992149353,0.40800089793205263,0.045753202384710284,0.10653781745491955,0.6626433673858643,1.0224661361694336,0.6887,0.9072314722061158,0.9072314722061158,0.4079972498893738,0.04570797689557074,0.10653444688494612,0.6626431818962097,1.0224694869995117,0.001,5,1.0224694869995117,1.022469289779663,1.9721984867437925e-07,1.022469289779663,1.9721984867437925e-07,8.394752922669114e-09,9.555143998868579e-09,0,,,,,,,,,,,,,,,,,,,,,,,,,,,,,3.9112629681110542,0.33191104973195135,3.739368311174241,4.576516609038021,0.9343877266166418,1073.9976529347898,375.1490643606355,,,2315.7280912128454,420.0354082852173,2315.7280912128454,420.0354082852173,1073.9976529347898,375.1490643606355,2315.7280912128454,420.0354082852173,,,,,,,,,0.05,1e-05,1,product,1.0,,,,,,,,,,,,,,,,,,,,,,,,1.0,,,1,101770,10.449867584458653,0.02623059868624086,0.01962041862470965,0.02246773988008499,0.05308759696781636,0.05861992604080271,0.0023561577084969766,0.04958639293909073,0.05564295724034309,0.056992377154529095,0.058567171916365623,0.06016704346984625,0.06167667396366596,0.06258872300386428,0.06940880417823792,292.421858667833,23.498779814816256,207.572998046875,291.5355224609375,322.9829406738281,406.70074462890625,350.27679037612137,-577542.1447206077,-144365.697850073,0.4482609898701576,0.33664495147953427,1.075206422124668e-06,0.07183253124729598,0.1829074927887932,0.3839187238183909,0.6462455845724215,0.9076292936118372,1.0739276508754219,3.5130244929160415,-10.465634377693332,9.604558081053767,-22.873576591053478,-8.315214134370915,-0.8418299156119835,0.6221086764272379,0.931325537977793,0.998418001375651,1.0,0.06867446202220694,0.0015819986243490224,0.0,6989,161,0,1.834327105731109,0.023810877464711666,,1.960595064473305,0.24438742783835793,0.0006414368184733803,,,,292.421875,23.498779296875,10.449867584458653,0.05861992761492729,0,update_snr,0.02,20,100,,,,,,,,,,,,,,,,,,,,,,0.5650005989736827,0.4567395603537465,,,1.7455182950218204,,103.93333333333334,126.32627948645083,1.0,381.0,random,,,,,,,,,,,,,,snr_histograms.csv,calibration_bins.csv,0.001,262.8803375244141,276.2375259399414,307.8693542480469,332.4262786865234,-119.37015492716174,-14.755370068810334,-3.7920482236541972,0.6195004893041304,10.913623554346835,842.1715865910053,854.5832398724556,890.8102146148682,1810.4677274417877,1852.9634109020233,2098.649971209813,2099.047414380848,2108.367354853668,3154.7230483597073,3158.337353644899,2098.649971209813,2099.047414380848,2108.367354853668,3154.7230483597073,3158.337353644899,3.7395605713437354,3.747897461163886,4.574568015003822,0.010301305481466691,0.913551604625016,0.9138638606041755,0.9394420982848878,0.9397478452731617,0.9399135707779799,842.1715865910053,854.5832398724556,890.8102146148682,1810.4677274417877,1852.9634109020233,2098.649971209813,2099.047414380848,2108.367354853668,3154.7230483597073,3158.337353644899,product,0.9844739388356619,,,,,,,,,,,,,,,,,,,,,,,,,,,,,,,,,,
bayesfl_observability_v1,vi_update_snr_prune098_keep002_seed42,19,vi,mnist,mlp,0,0,0.1,0.5,300,24,0.05,15,2448,2448,5,256,0.05,42,1,5,5,4.231880486011505,2.0756936073303223,0.010579176247119904,2.155627090483904,0,15,10,0.6912,0.8539266527175904,1805.642198304861,0.6912,0.30879999999999996,0.8539266527175904,0.8539266527175904,0.4197687963485718,0.04629818985313176,0.10396113202011559,0.6449983821868897,1.0586778562545776,10000,0.6912,0.8539266527175904,0.8539266527175904,0.4197687963485718,0.04629818985313176,0.10396113202011559,0.6449983821868897,1.0586778562545776,0.6912,0.8539303201675416,0.8539303201675416,0.41977127137184145,0.04629753146916629,0.10500758474406141,0.6449989953041076,1.058679330921173,0.001,5,1.058679330921173,1.0586791000366211,2.308845519216618e-07,1.0586791000366211,2.308845519216618e-07,9.811473549348194e-09,1.0473112308303628e-08,0,,,,,,,,,,,,,,,,,,,,,,,,,,,,,3.9207082741040833,0.32867422616521014,3.7342274798839425,4.605942032936639,0.9360776216118452,1168.0069309202831,497.83761320615355,,,2290.94440520106,415.2532142448908,2290.94440520106,415.2532142448908,1168.0069309202831,497.83761320615355,2290.94440520106,415.2532142448908,,,,,,,,,0.05,1e-05,1,product,1.0,,,,,,,,,,,,,,,,,,,,,,,,1.0,,,1,101770,10.627647579719671,0.026641688859493872,0.020001136030464762,0.022807265631854534,0.05408284217119217,0.059178657381936,0.0024539107523974943,0.049809593707323074,0.0560811560600996,0.0574797410517931,0.059119196608662605,0.060803528875112534,0.062373545765876774,0.0633331086486578,0.07150865346193314,287.01484814576673,23.787420090034832,195.56124877929688,286.1165313720703,317.95530395507814,403.0639953613281,357.0229159974215,-575621.8258177104,-143405.53839836534,0.45103765627871784,0.340073711294588,9.869543316629838e-07,0.07238517743842428,0.18291458203881936,0.385391360335949,0.649655556055945,0.9157487188517529,1.0872475506688557,3.5197340409457487,-10.409385477636913,9.565641374528912,-22.807007134007947,-8.281960510860621,-0.7644736049703638,0.6214208509383905,0.9280043234745013,0.998231305885821,1.0,0.07199567652549867,0.0017686941141790312,0.0,7327,180,0,1.915238833405787,0.028562127612531185,,1.753947149568368,0.3443627450980392,0.0012254901960784314,,,,287.01483154296875,23.78742027282715,10.627647579719671,0.059178661555051804,0,update_snr,0.02,20,100,,,,,,,,,,,,,,,,,,,,,,0.8927264305618269,0.4141339853358798,,,1.4285595553394224,,163.2,213.82896592058486,3.0,843.0,random,,,,,,,,,,,,,,snr_histograms.csv,calibration_bins.csv,0.001,257.0390563964844,270.4845199584961,302.67071533203125,327.5184310913085,-120.11405004997641,-14.755033421410257,-3.7463368645421173,0.7265687591800608,10.930196968920452,827.7932178497315,860.0335285949707,923.7147045135498,1799.2102851486206,2651.815143537521,2058.388643684606,2061.588003946165,2082.707591710503,3111.538356608911,3145.417072873101,2058.388643684606,2061.588003946165,2082.707591710503,3111.538356608911,3145.417072873101,3.737027433714869,3.756279899202792,4.5676703297901655,0.01002444670189818,0.9153299779418475,0.9162515586468748,0.9410816350375554,0.9416774559431808,0.9418204790358771,827.7932178497315,860.0335285949707,923.7147045135498,1799.2102851486206,2651.815143537521,2058.388643684606,2061.588003946165,2082.707591710503,3111.538356608911,3145.417072873101,product,0.9836276985493441,,,,,,,,,,,,,,,,,,,,,,,,,,,,,,,,,,
bayesfl_observability_v1,vi_update_snr_prune098_keep002_seed42,20,vi,mnist,mlp,0,0,0.1,0.5,300,24,0.05,15,2683,2683,5,256,0.05,42,1,5,5,4.576499991118908,2.3423596248030663,0.010711271315813065,2.233586773276329,0,15,12,0.7856,0.7232456958770752,1770.7808731418736,0.7856,0.21440000000000003,0.7232456958770752,0.7232456958770752,0.3337530382633209,0.12985448482334613,0.19396869394052418,0.6558870889663696,1.0543700257301332,10000,0.7856,0.7232456958770752,0.7232456958770752,0.3337530382633209,0.12985448482334613,0.19396869394052418,0.6558870889663696,1.0543700257301332,0.7856,0.7232375337600708,0.7232375337600708,0.33374757022857665,0.1297755383297801,0.19396911375434112,0.6558860876083374,1.0543720129966736,0.001,5,1.0543720129966736,1.0543718127250672,2.0027160640978536e-07,1.0543718127250672,2.0027160640978536e-07,8.96589001229131e-09,1.0243251222562599e-08,15,0.8915732381727288,0.8385740366671238,0.2528266630073137,0.0,0.6736842105263158,0.7678571428571428,0.9444444444444444,1.0,1.0,1.0,0.3044492140030895,0.5826790247091849,1.041712882078458,0.04866716265678406,0.20890569686889648,4.364981174468994,,,0.5826790247091849,,,,,,,,,,3.939921823037385,0.37130852253303587,3.7428783258205813,4.719000267280045,0.9374963639547098,1146.5989246696895,520.2711688391366,,,2274.7862414877113,464.64043323403826,2274.7862414877113,464.64043323403826,1146.5989246696895,520.2711688391366,2274.7862414877113,464.64043323403826,,,,,,,,,0.05,1e-05,1,product,1.0,,,,,,,,,,,,,,,,,,,,,,,,1.0,,,1,101770,10.824072799496662,0.027122164942601702,0.020386685343070268,0.02320984937250614,0.0550041887909174,0.05973448666288293,0.0025379075788201093,0.04927518591284752,0.056522781029343605,0.05798202008008957,0.05966748483479023,0.061410131864249706,0.0630300410091877,0.0640296634286642,0.07170139998197556,281.7707407001242,23.93329292482189,194.51126098632812,280.8824157714844,313.00623474121096,411.85418701171875,363.7921174486866,-573727.7288856353,-142458.48993207654,0.4549399394668794,0.3435105977764252,4.800422401709564e-07,0.07310561976788227,0.1846203384531488,0.38841503176974346,0.6541837086117754,0.9225420292524416,1.096492243367339,3.6230203790112165,-10.328845267294803,9.553458002104954,-22.720984739334806,-8.21407942243763,-0.7002767826474442,0.6177950280043235,0.9253414562248207,0.9982607841210572,1.0,0.07465854377517933,0.0017392158789427139,0.0,7598,177,0,1.9036358397825062,0.02541915327310562,,2.0234359713023133,0.28512858740216174,0.005963473723443906,,,,281.770751953125,23.93329429626465,10.824072799496662,0.05973448604345322,0,update_snr,0.02,20,100,,,,,,,,,,,,,,,,,,,,,,0.8186218224006906,0.4929274882102199,,,1.4651908191060026,,178.86666666666667,219.89326703855414,14.0,765.0,random,,,,,,,,,,,,outputs/sparse_comm_mnist_noniid_unbalanced/vi_update_snr_prune098_keep002_seed42/posterior_snapshots/round_0020.pt,,snr_histograms.csv,calibration_bins.csv,0.001,251.71253204345703,265.1672821044922,297.4495391845703,322.45620727539057,-126.37439283074431,-14.67440914545805,-3.6860055098443736,0.8001112755975056,11.181415537812796,831.3214490890502,838.7222612380982,890.3260461807251,2096.5715037631985,2377.6847973505655,2030.9304273862797,2033.601639243637,2040.4220337775942,3188.448743849404,3258.7841577684108,2030.9304273862797,2033.601639243637,2040.4220337775942,3188.448743849404,3258.7841577684108,3.7463123103327107,3.7527780259605454,4.67231778876543,0.010942200977222108,0.9144202547845247,0.9159670713563053,0.9429238280612312,0.943198425032168,0.9432296485746259,831.3214490890502,838.7222612380982,890.3260461807251,2096.5715037631985,2377.6847973505655,2030.9304273862797,2033.601639243637,2040.4220337775942,3188.448743849404,3258.7841577684108,product,0.9844166372208735,1.041712882078458,,,,,,,,,,,,,,,,,,,,,,,,,,,,,,,,,
bayesfl_observability_v1,vi_update_snr_prune098_keep002_seed42,21,vi,mnist,mlp,0,0,0.1,0.5,300,24,0.05,15,2756,2756,5,256,0.05,42,1,5,5,4.575334645807743,2.340673506259918,0.008139260113239288,2.234104488044977,0,15,10,0.7632,0.687880056810379,2130.6377731445964,0.7632,0.2368,0.687880056810379,0.687880056810379,0.32718017535209654,0.06324685869812964,0.25438711285591126,0.6999531387329102,0.9178215723991394,10000,0.7632,0.687880056810379,0.687880056810379,0.32718017535209654,0.06324685869812964,0.25438711285591126,0.6999531387329102,0.9178215723991394,0.7632,0.6878634165763855,0.6878634165763855,0.32717018208503723,0.06324816863834856,0.25437189996242526,0.6999518369674682,0.9178302306175232,0.001,5,0.9178302306175232,0.9178299999237061,2.3069381716034343e-07,0.9178299999237061,2.3069381716034343e-07,9.744058283445156e-09,1.1730763451548074e-08,0,,,,,,,,,,,,,,,,,,,,,,,,,,,,,4.011515664790651,0.37716123457183587,3.745634154604886,4.627665533670116,0.9375541844726862,1190.3998532322378,565.221022221146,,,2319.7297561089736,457.0552710178472,2319.7297561089736,457.0552710178472,1190.3998532322378,565.221022221146,2319.7297561089736,457.0552710178472,,,,,,,,,0.05,1e-05,1,product,1.0,,,,,,,,,,,,,,,,,,,,,,,,1.0,,,1,101770,11.72001920685555,0.029228932909175713,0.022256871157955722,0.024827963672578335,0.05967671610414982,0.05980219999060124,0.0025645530390717274,0.04959283024072647,0.05655416622757912,0.058044105768203735,0.05975425988435745,0.06149796023964882,0.06311443373560906,0.06412049010396004,0.07170139998197556,281.1634976073943,24.14187830728756,194.51126098632812,280.06719970703125,312.6588836669922,406.5951843261719,364.62970329973876,-573500.6915933297,-142344.97128589463,0.4900514219780192,0.3753988638475914,2.5491407238602885e-06,0.07732447687779541,0.1965150792695753,0.41488397401481647,0.7025717333040893,1.0031349369533067,1.198069871875914,3.9887516652079373,-9.751868433872831,9.63657635171685,-22.23366021362386,-7.6414668143333175,0.027187123547530882,0.5855261864989683,0.8991942615702073,0.9972880023582589,1.0,0.10080573842979267,0.0027119976417411813,0.0,10259,276,0,4.431631376969829,0.0587850883603096,,1.5509112410852546,0.4735123367198839,0.000362844702467344,,,,281.16351318359375,24.141878128051758,11.72001920685555,0.05980220064520836,1,update_snr,0.02,20,100,,,,2036.0,0.0,0.020005895647047262,0.0,0.4256099846300937,0.07032570873448127,0.17395822320860568,0.1578883366145849,0.3415441797571664,1526550,2036.0,30540,0.020005895647047262,12212400,610800,244320,366480,0.9499852608823819,0.5205207247467507,0.4907320080717394,,,1.7589458353957181,,183.73333333333332,331.29211011163886,1.0,1305.0,random,,,,,,,,,,,,,,snr_histograms.csv,calibration_bins.csv,0.001,251.0398208618164,264.4104309082031,296.81358337402344,322.4289215087891,-111.87212037041489,-14.132082385402516,-3.0661865448101477,1.5696429395397566,12.016739970184403,792.2430427372456,794.5212139129638,843.7117343902588,1771.9944213390352,2684.143257459005,1996.2795788543535,1999.4569540441062,2010.4805150013794,3042.9341301084028,3060.393180409812,1996.2795788543535,1999.4569540441062,2010.4805150013794,3042.9341301084028,3060.393180409812,3.748420392668801,3.7588779758654827,4.613391008572921,0.010742033107142902,0.9200466477782338,0.9203039852360339,0.9445731078023591,0.9450568713468946,0.9451450925629274,792.2430427372456,794.5212139129638,843.7117343902588,1771.9944213390352,2684.143257459005,1996.2795788543535,1999.4569540441062,2010.4805150013794,3042.9341301084028,3060.393180409812,product,0.925757200779293,,2036.0,2036.0,2036.0,2036.0,2036.0,0.020005895647047262,0.020005895647047262,0.020005895647047262,0.020005895647047262,0.020005895647047262,0.3756486698180758,0.3757356628132958,0.37612637012374206,0.5305352417359036,0.5318297726055011,0.013272991972682942,0.16493220922735582,0.1650465233661305,0.16571155813019917,0.19569210592037242,0.1966006760544963,0.008229987519420386,0.14457306999165728,0.1531368361115999,0.1542472505944338,0.1706624886678884,0.17207596712844275,0.03458193571380721,0.31763227171558917,0.31794142177585955,0.31841916853550684,0.39733487976346454,0.3982244126319411
bayesfl_observability_v1,vi_update_snr_prune098_keep002_seed42,22,vi,mnist,mlp,0,0,0.1,0.5,300,24,0.05,15,1157,1157,5,256,0.05,42,1,5,5,4.35744659230113,2.2213125824928284,0.01143009215593338,2.1356442123651505,0,15,12,0.7565,0.6930865785598755,1147.6245010360778,0.7565,0.24350000000000005,0.6930865785598755,0.6930865785598755,0.3253252633571625,0.048956995964050294,0.13161497156728397,0.7075430026054382,0.8928911524772644,10000,0.7565,0.6930865785598755,0.6930865785598755,0.3253252633571625,0.048956995964050294,0.13161497156728397,0.7075430026054382,0.8928911524772644,0.7564,0.693085936832428,0.693085936832428,0.3253243671894073,0.048857592980563636,0.13160117376934397,0.7075424109458923,0.8928920824050903,0.001,5,0.8928920824050903,0.8928918577194214,2.2468566895916808e-07,0.8928918577194214,2.2468566895916808e-07,9.45502660982811e-09,1.160326953983378e-08,0,,,,,,,,,,,,,,,,,,,,,,,,,,,,,3.814100506338506,0.20689937076841802,3.7446999697207013,4.5874095820246,0.9508645617533489,908.5255081307888,220.7424693828779,,,2072.304019702871,248.44132734697234,2072.304019702871,248.44132734697234,908.5255081307888,220.7424693828779,2072.304019702871,248.44132734697234,,,,,,,,,0.05,1e-05,1,product,1.0,,,,,,,,,,,,,,,,,,,,,,,,1.0,,,1,101770,12.318305588618085,0.030691845599300504,0.023431307351716568,0.025924772024154663,0.062996856123209,0.05985859168230919,0.0025654190588255475,0.04980987682938576,0.05659246332943439,0.058104089461266994,0.059826070442795753,0.061561946757137775,0.06314946934580803,0.06414760909974575,0.07170139998197556,280.63448291923623,24.12401390420479,194.51126098632812,279.39527893066406,312.2358673095703,403.0594177246094,365.3168866141323,-573308.7653638358,-142249.00817112235,0.5144217468443278,0.3957652299155531,2.5491407238602885e-06,0.0809467718973657,0.20441573493523843,0.43296215582892705,0.736453484455174,1.0573270003569226,1.2630123443266112,4.410318552948983,-9.357143190775615,9.679161317886189,-21.836009318659613,-7.271001254139926,0.48418645315805303,0.5649995086960794,0.8799646261177164,0.9963938292227572,1.0,0.12003537388228358,0.0036061707772428024,0.0,12216,367,0,3.740310543840122,0.045574002899229527,,1.8572532208005497,0.29732065687121867,0.006050129645635264,,,,280.634521484375,24.124013900756836,12.318305588618085,0.05985859036445618,1,update_snr,0.02,20,100,,,,2036.0,0.0,0.020005895647047262,0.0,0.38563425556388525,0.037329814402116426,0.167341773469575,0.15494165724188186,0.3232467409476419,1526550,2036.0,30540,0.020005895647047262,12212400,610800,244320,366480,0.9499852608823819,0.6897340582166888,0.3748846260993083,,,1.5974917610405486,,77.13333333333334,99.95323350892102,1.0,344.0,random,,,,,,,,,,,,,,snr_histograms.csv,calibration_bins.csv,0.001,250.76134033203124,263.8610534667969,296.20105743408203,322.17968139648434,-111.87212037041489,-13.789713550645217,-2.657093573357967,2.0281519035591145,12.88939918523868,810.3766762256622,811.5513966584206,838.7582668304443,969.9343847274779,1713.8624876022338,1990.7983796315746,1997.4346035140734,2003.9919052898133,2027.1072402357418,3001.09991833693,1990.7983796315746,1997.4346035140734,2003.9919052898133,2027.1072402357418,3001.09991833693,3.750539227846871,3.757163187227505,3.7788706578078575,0.005215757003544728,0.931367557369281,0.951813331852239,0.9523008872443829,0.9525266471506527,0.9525787404903711,810.3766762256622,811.5513966584206,838.7582668304443,969.9343847274779,1713.8624876022338,1990.7983796315746,1997.4346035140734,2003.9919052898133,2027.1072402357418,3001.09991833693,product,0.9527883116317543,,2036.0,2036.0,2036.0,2036.0,2036.0,0.020005895647047262,0.020005895647047262,0.020005895647047262,0.020005895647047262,0.020005895647047262,0.37502468994792837,0.37520660829700225,0.3756718941743085,0.37641534081773864,0.5253026156468251,0.007226213377903518,0.1647011143735565,0.1649458502233892,0.16528851683626103,0.16651694753648186,0.19430748245656163,0.003921228039321841,0.15309136811846574,0.15319263632331045,0.1536740269931144,0.15537509407277753,0.16936512624928127,0.01923695995018413,0.3172533293494818,0.317458043934095,0.31803342271249674,0.31900925311414774,0.39519782835949496
bayesfl_observability_v1,vi_update_snr_prune098_keep002_seed42,23,vi,mnist,mlp,0,0,0.1,0.5,300,24,0.05,15,1286,1286,5,256,0.05,42,1,5,5,4.001212991774082,1.898058693856001,0.008662283420562744,2.1025091111660004,0,15,10,0.7777,0.6688657836437225,1308.287525576112,0.7777,0.22230000000000005,0.6688657836437225,0.6688657836437225,0.31089702341556547,0.060954007336497334,0.1092995957501473,0.7167459891319274,0.8700104908943176,10000,0.7777,0.6688657836437225,0.6688657836437225,0.31089702341556547,0.060954007336497334,0.1092995957501473,0.7167459891319274,0.8700104908943176,0.7778,0.6688657221317291,0.6688657221317291,0.310894508767128,0.06105743803828958,0.10927458505155191,0.7167425792694092,0.8700173607826233,0.001,5,0.8700173607826233,0.870017133140564,2.27642059313915e-07,0.870017133140564,2.27642059313915e-07,9.445712287003972e-09,1.239683024873878e-08,0,,,,,,,,,,,,,,,,,,,,,,,,,,,,,3.8747327573801518,0.2985428603432445,3.7483557168939083,4.6374855412790605,0.9537863651646072,957.580759551525,316.60765444762114,,,2141.6440763367286,359.2743773847321,2141.6440763367286,359.2743773847321,957.580759551525,316.60765444762114,2141.6440763367286,359.2743773847321,,,,,,,,,0.05,1e-05,1,product,1.0,,,,,,,,,,,,,,,,,,,,,,,,1.0,,,1,101770,12.94279134420118,0.032217512172702883,0.024658786769704562,0.02713664621114731,0.06625948995351792,0.0599137986603957,0.0025717686787144534,0.04914608597755432,0.056633641198277476,0.05816448573023081,0.059893401339650154,0.06162536423653364,0.06320826038718223,0.06418783850967882,0.07170139998197556,280.1247953245679,24.162206656880247,194.51126098632812,278.76744079589844,311.78199157714846,414.020751953125,365.9931371629028,-573121.8547084992,-142155.55284342967,0.5397750027622019,0.4167448545024831,2.5491407238602885e-06,0.08502755094387324,0.21431816088966318,0.45283144537119,0.7715912328885947,1.1104173115272897,1.3328164928000528,4.22059858718551,-8.9428442997098,9.65663381130574,-21.408806595456458,-6.881268453292623,0.9097244772122076,0.5445219612852511,0.8607349906652255,0.9949690478530019,1.0,0.13926500933477448,0.005030952146998133,0.0,14173,512,0,3.9255902006545105,0.046770531218498945,,1.69374164184039,0.2884914463452566,0.0007776049766718507,,,,280.12481689453125,24.162206649780273,12.94279134420118,0.05991379916667938,1,update_snr,0.02,20,100,,,,2036.0,0.0,0.020005895647047262,0.0,0.39582875551340874,0.052746987925866115,0.1694741787289044,0.15635666790714545,0.3281051788814233,1526550,2036.0,30540,0.020005895647047262,12212400,610800,244320,366480,0.9499852608823819,0.47649324032179446,0.3170402414389467,,,1.8180946342096556,,85.73333333333333,110.75646958781033,1.0,326.0,random,,,,,,,,,,,,,,snr_histograms.csv,calibration_bins.csv,0.001,250.2950866699219,263.3182830810547,295.5862503051758,321.97163848876954,-111.87212037041489,-13.378820533381734,-2.252254312372501,2.495407164504702,12.50748098452499,797.53779296875,806.7429936599731,823.3926863670349,1412.5801735877988,1775.3543270349503,1991.1611688297512,1992.247250228369,2002.4984337854883,2646.3625965111682,3058.795251646876,1991.1611688297512,1992.247250228369,2002.4984337854883,2646.3625965111682,3058.795251646876,3.7493142055779463,3.758825893482683,4.295348439014789,0.006906985652968589,0.9361209385970103,0.9441676938606968,0.9565160615636381,0.9566334701520687,0.9568088926468673,797.53779296875,806.7429936599731,823.3926863670349,1412.5801735877988,1775.3543270349503,1991.1611688297512,1992.247250228369,2002.4984337854883,2646.3625965111682,3058.795251646876,product,0.952894784740346,,2036.0,2036.0,2036.0,2036.0,2036.0,0.020005895647047262,0.020005895647047262,0.020005895647047262,0.020005895647047262,0.020005895647047262,0.3743707888852166,0.3746488297899496,0.3752292175558716,0.46742645785044096,0.5322010016643846,0.010582009729707924,0.16469129454845846,0.16480136868375012,0.16530347566922768,0.18475346005711255,0.19649712351628745,0.006286674263367863,0.1524175953905706,0.15301132120087757,0.15382162727907012,0.16623657058685232,0.17224847439375196,0.027276624768910247,0.3168502934203326,0.31699685687972445,0.3173831269624508,0.3657786165767799,0.39768938371642065
bayesfl_observability_v1,vi_update_snr_prune098_keep002_seed42,24,vi,mnist,mlp,0,0,0.1,0.5,300,24,0.05,15,3578,3578,5,256,0.05,42,1,5,5,4.657661966979504,2.450024552643299,0.009353585541248322,2.2037344835698605,0,15,14,0.7707,0.7015487189292908,2175.9556007291367,0.7707,0.22929999999999995,0.7015487189292908,0.7015487189292908,0.32360002889633177,0.041435724753141404,0.07445808824319855,0.7292642818450927,0.8230022819519043,10000,0.7707,0.7015487189292908,0.7015487189292908,0.32360002889633177,0.041435724753141404,0.07445808824319855,0.7292642818450927,0.8230022819519043,0.7707,0.7015499907493591,0.7015499907493591,0.3236030977249145,0.04143550299257041,0.07446319255245826,0.7292645038604736,0.8229992218017578,0.001,5,0.8229992218017578,0.8229990001678467,2.2163391111273967e-07,0.8229990001678467,2.2163391111273967e-07,9.967859321591277e-09,1.3227439989688876e-08,0,,,,,,,,,,,,,,,,,,,,,,,,,,,,,3.9576560544718067,0.35080924390846613,3.742799549261352,4.7069793669979125,0.9561241638703656,1215.8312122065493,644.6059747824639,,,2245.431533502049,431.7521192270534,2245.431533502049,431.7521192270534,1215.8312122065493,644.6059747824639,2245.431533502049,431.7521192270534,,,,,,,,,0.05,1e-05,1,product,1.0,,,,,,,,,,,,,,,,,,,,,,,,1.0,,,1,101770,13.66750692305003,0.03397621587839878,0.026098573279489924,0.028503025881946087,0.07001917511224749,0.05999091363600655,0.00260368518116543,0.04904884099960327,0.05667286403477192,0.05822854861617088,0.059980589896440506,0.06171410996466875,0.06331077516078949,0.06429305747151375,0.07170139998197556,279.44066861911597,24.39245863428611,194.51126098632812,277.95758056640625,311.35059204101566,415.6640930175781,366.9509588854093,-572864.2916948657,-142026.77133658013,0.5686452357797914,0.4407609246043495,2.5491407238602885e-06,0.08882964449395386,0.22380736644868982,0.47446612923601367,0.8143242331710102,1.1715867562587223,1.4109181904738703,4.377710696414118,-8.520426030921284,9.69689301916906,-21.02884152620131,-6.475895703136706,1.3754890735049756,0.5222560676034195,0.8392551832563624,0.9928171366807507,1.0,0.1607448167436376,0.007182863319249288,0.0,16359,731,0,4.37352714233589,0.061005608178675175,,1.6648335652761796,0.39351593068753493,0.00027948574622694243,,,,279.4406433105469,24.392459869384766,13.66750692305003,0.059990908950567245,1,update_snr,0.02,20,100,,,,2036.0,0.0,0.020005895647047262,0.0,0.41656504320813753,0.0708475154360235,0.17109561062361614,0.15534571626108543,0.3351791240656372,1526550,2036.0,30540,0.020005895647047262,12212400,610800,244320,366480,0.9499852608823819,0.5079080051599842,0.3784013347243403,,,1.788356277114434,,238.53333333333333,382.37535950366305,1.0,1408.0,random,,,,,,,,,,,,,,snr_histograms.csv,calibration_bins.csv,0.001,249.48516082763672,262.5615234375,294.9361877441406,321.7772445678711,-111.87212037041489,-13.002512464857372,-1.784052820188296,2.990036636325472,12.824941151481513,799.4722686767578,806.960737171173,844.810492515564,2352.5861061588926,2607.5266830921173,1982.3971925612384,1985.1730627114043,2002.6765126847838,3014.283951718842,3167.5667722789753,1982.3971925612384,1985.1730627114043,2002.6765126847838,3014.283951718842,3167.5667722789753,3.746795403729228,3.763160314434233,4.593913790499423,0.007501050921611444,0.9399489656862798,0.9425414069059775,0.9602990435598526,0.960639850182685,0.9606717212795769,799.4722686767578,806.960737171173,844.810492515564,2352.5861061588926,2607.5266830921173,1982.3971925612384,1985.1730627114043,2002.6765126847838,3014.283951718842,3167.5667722789753,product,0.9474195019592452,,2036.0,2036.0,2036.0,2036.0,2036.0,0.020005895647047262,0.020005895647047262,0.020005895647047262,0.020005895647047262,0.020005895647047262,0.3737421765031361,0.37392945178615394,0.37458004627659736,0.5382148261531599,0.5582938001019947,0.011329890491095056,0.1643643094234036,0.1644276792536344,0.1654618694312757,0.19249963141557958,0.19629459700052673,0.0060468372163872425,0.1443025678728913,0.15244596846144443,0.15417131508251086,0.1644732549415992,0.16982487465612456,0.03142438324771676,0.3162544066523384,0.3166577525363702,0.3176579562486043,0.39287420046172983,0.4018444984036822
bayesfl_observability_v1,vi_update_snr_prune098_keep002_seed42,25,vi,mnist,mlp,0,0,0.1,0.5,300,24,0.05,15,2133,2133,5,256,0.05,42,1,5,5,4.375627156347036,2.1503732837736607,0.010287076234817505,2.2247543521225452,0,15,13,0.7926,0.6381315697193146,1541.357544770518,0.7926,0.20740000000000003,0.6381315697193146,0.6381315697193146,0.29769908633232117,0.060490347605943726,0.18720655143260956,0.7323343004226684,0.8147540146827698,10000,0.7926,0.6381315697193146,0.6381315697193146,0.29769908633232117,0.060490347605943726,0.18720655143260956,0.7323343004226684,0.8147540146827698,0.7926,0.6381260140895844,0.6381260140895844,0.2976972930908203,0.06049325954467059,0.1872277706861496,0.7323314301490784,0.814762944984436,0.001,5,0.814762944984436,0.8147627033233643,2.416610717093093e-07,0.8147627033233643,2.416610717093093e-07,1.0438937897561118e-08,1.3616620179612663e-08,10,0.9431480366579704,0.9388568033273916,0.0674007124123052,0.8,0.84,0.9118181818181819,0.957516339869281,1.0,1.0,1.0,0.15341628299761575,0.16148405654493955,0.15509452326343207,0.008011763915419579,0.12977802922779863,0.4479841232299805,,,0.16148405654493955,,,,,,,,,,3.9421244312007544,0.36526314312567676,3.7464885600358846,4.732284692954811,0.9606334767384275,1064.4008027834363,432.43178808824644,,,2215.7883584863816,443.1275761080799,2215.7883584863816,443.1275761080799,1064.4008027834363,432.43178808824644,2215.7883584863816,443.1275761080799,,,,,,,,,0.05,1e-05,1,product,1.0,,,,,,,,,,,,,,,,,,,,,,,,1.0,,,1,101770,14.318859777323462,0.035556926353653144,0.027392395708212943,0.02977068442851305,0.07338648214936258,0.060051092095698706,0.002611354845116111,0.04844499006867409,0.056709404289722445,0.05828956235200167,0.06005169451236725,0.06178491935133934,0.0633690744638443,0.06434054486453532,0.07170139998197556,278.8888279256177,24.423583695527878,194.51126098632812,277.29974365234375,310.94947204589846,426.0909118652344,367.69021012106333,-572661.0711363021,-141925.1610572719,0.5947289036598957,0.4626233626251909,2.5491407238602885e-06,0.09199439469294268,0.23318198537080181,0.4951956841654813,0.8508163803537634,1.2317688690758908,1.4841424705989728,4.742889195905753,-8.146095540742008,9.710434652161592,-20.724772695846738,-6.1044629832819,1.810584474767752,0.5039402574432544,0.821096590350791,0.9898398349218827,1.0,0.178903409649209,0.010160165078117324,0.0,18207,1034,0,4.147730058140607,0.062440358102321625,,2.0410196291702882,0.27660571964369435,0.00046882325363338024,,,,278.8887939453125,24.423583984375,14.318859777323462,0.060051094740629196,1,update_snr,0.02,20,100,,,,2036.0,0.0,0.020005895647047262,0.0,0.40766815670694834,0.06665147149861647,0.17129357619252794,0.1569210058813809,0.33372303421377014,1526550,2036.0,30540,0.020005895647047262,12212400,610800,244320,366480,0.9499852608823819,0.5770691873003845,0.43370495780223106,,,1.7228882366401232,,142.2,168.69151332140768,1.0,590.0,random,,,,,,,,,,,,,,snr_histograms.csv,calibration_bins.csv,0.001,249.02632904052734,261.9600296020508,294.31908416748047,321.381086730957,-111.87212037041489,-12.646100087932435,-1.403283151454765,3.429511861451822,13.52085957434303,811.1383690357209,824.9391519916057,852.4206155776977,1796.406114578247,2159.472864452998,1981.1088374919377,1985.8860692929547,1997.612584236533,3056.059856406611,3191.7510265916553,1981.1088374919377,1985.8860692929547,1997.612584236533,3056.059856406611,3191.7510265916553,3.750953376608555,3.762269829130988,4.6426198555631215,0.007122336620388032,0.945199728841336,0.94697462027333,0.964170780872564,0.9643377717938127,0.9643896860161689,811.1383690357209,824.9391519916057,852.4206155776977,1796.406114578247,2159.472864452998,1981.1088374919377,1985.8860692929547,1997.612584236533,3056.059856406611,3191.7510265916553,product,0.957130462428489,0.15509452326343207,2036.0,2036.0,2036.0,2036.0,2036.0,0.020005895647047262,0.020005895647047262,0.020005895647047262,0.020005895647047262,0.020005895647047262,0.3737202932052217,0.37389718183348913,0.37459590938469284,0.5288013373493012,0.5633800933416665,0.012636930393261582,0.16424186754757647,0.16452154570433553,0.1651283060357909,0.19637783052975707,0.19700542974728302,0.006848400571998915,0.15206706305097323,0.15265467201976662,0.15374002550140686,0.169690719637838,0.17253693496800432,0.03287327704762274,0.31648960850429403,0.3167142004908991,0.3173393373707006,0.39782408617116083,0.4030144583302287
bayesfl_observability_v1,vi_update_snr_prune098_keep002_seed42,26,vi,mnist,mlp,0,0,0.1,0.5,300,24,0.05,15,1529,1529,5,256,0.05,42,1,5,5,4.090372186154127,1.9130393266677856,0.010471269488334656,2.1766462475061417,0,15,11,0.8006,0.6242218767166138,1336.6352790398328,0.8006,0.19940000000000002,0.6242218767166138,0.6242218767166138,0.29261515417099,0.061731277981400476,0.12395662349417691,0.7388687250137329,0.7919441080093383,10000,0.8006,0.6242218767166138,0.6242218767166138,0.29261515417099,0.061731277981400476,0.12395662349417691,0.7388687250137329,0.7919441080093383,0.8006,0.6242302279472352,0.6242302279472352,0.2926210334777832,0.06173017851859331,0.12670707354662336,0.738869818687439,0.7919410669326782,0.001,5,0.7919410669326782,0.7919408315658569,2.3536682125513408e-07,0.7919408315658569,2.3536682125513408e-07,1.0609539819483871e-08,1.4094308140257478e-08,0,,,,,,,,,,,,,,,,,,,,,,,,,,,,,3.8725902303792172,0.28910596350181433,3.7472778603156955,4.612418538229129,0.9651919348828659,969.3400877757867,321.32383455608516,,,2125.505600032674,345.2191953480952,2125.505600032674,345.2191953480952,969.3400877757867,321.32383455608516,2125.505600032674,345.2191953480952,,,,,,,,,0.05,1e-05,1,product,1.0,,,,,,,,,,,,,,,,,,,,,,,,1.0,,,1,101770,14.84731594731162,0.03688225292454548,0.028386397576659367,0.03083010297268629,0.07616577222943309,0.06010828995706554,0.002614163994238347,0.04917065054178238,0.05674839280545711,0.05835683550685644,0.0601176917552948,0.06184495612978935,0.06342249810695648,0.06438468880951405,0.07261833548545837,278.3605228931974,24.41202885656766,189.63015747070312,276.69122314453125,310.52235107421876,413.607177734375,368.39115495880793,-572467.4519795825,-141828.3514788868,0.6165247606946535,0.4794480271337878,2.5491407238602885e-06,0.09657505887209597,0.24264433134705288,0.5123482989592419,0.8824210404478257,1.2771446245470177,1.5389426913573951,5.067199947916759,-7.815118001264327,9.671008031889835,-20.302700372878682,-5.808694029184913,2.124801595708264,0.48921096590350793,0.8054338213618945,0.9866954898300089,0.9999901739215878,0.19456617863810552,0.013304510169991157,9.826078412105729e-06,19801,1354,1,3.925237586176663,0.049331073416396976,,1.92260868415081,0.2589928057553957,0.002616088947024199,,,,278.3605041503906,24.412029266357422,14.84731594731162,0.06010829657316208,1,update_snr,0.02,20,100,,,,2036.0,0.0,0.020005895647047262,0.0,0.394273921670789,0.05191592693081405,0.1688053462986707,0.15576300128726542,0.32740629671021576,1526550,2036.0,30540,0.020005895647047262,12212400,610800,244320,366480,0.9499852608823819,0.7968083202428977,0.48573264212641387,,,1.4924265974972484,,101.93333333333334,124.58917377614407,2.0,396.0,random,,,,,,,,,,,,,,snr_histograms.csv,calibration_bins.csv,0.001,248.60699157714845,261.45166778564453,293.6408920288086,320.971971130371,-111.87212037041489,-12.300597013471005,-1.086482903747508,3.744448940462532,14.095360831280487,791.2295920968056,799.3829905796051,838.9812212944031,1422.4946687316892,1811.9726444244384,1978.1606359818036,1980.521821649823,1989.1165963869742,2609.2871320008016,3009.823496447381,1978.1606359818036,1980.521821649823,1989.1165963869742,2609.2871320008016,3009.823496447381,3.7496701472003666,3.758278034350285,4.27991244605826,0.005199906790290963,0.9519235967208424,0.9578793833563618,0.9672117211544549,0.9674246072719688,0.9674409124420538,791.2295920968056,799.3829905796051,838.9812212944031,1422.4946687316892,1811.9726444244384,1978.1606359818036,1980.521821649823,1989.1165963869742,2609.2871320008016,3009.823496447381,product,0.9644203583564349,,2036.0,2036.0,2036.0,2036.0,2036.0,0.020005895647047262,0.020005895647047262,0.020005895647047262,0.020005895647047262,0.020005895647047262,0.37288923336591473,0.3730177746698368,0.37412206719785274,0.465522930814365,0.5271593826208544,0.010141635652216244,0.164179209915799,0.16433156220828063,0.16472416683524346,0.18327857155093244,0.1948151935418338,0.0056844933737242136,0.15261026283517012,0.1527649448388457,0.15355131952177273,0.16420636246776757,0.17021329244625075,0.026567600323674303,0.3159509363484711,0.3164895234614505,0.3170721984949598,0.36434787628172277,0.39556127288939974
bayesfl_observability_v1,vi_update_snr_prune098_keep002_seed42,27,vi,mnist,mlp,0,0,0.1,0.5,300,24,0.05,15,2319,2319,5,256,0.05,42,1,5,5,4.413208805024624,2.237679999321699,0.009677790105342865,2.1747434325516224,0,15,10,0.7563,0.6827117485046387,1846.057074624303,0.7563,0.24370000000000003,0.6827117485046387,0.6827117485046387,0.32784017271995547,0.023949654944241023,0.08904491316887642,0.7631790818214417,0.7180759000778199,10000,0.7563,0.6827117485046387,0.6827117485046387,0.32784017271995547,0.023949654944241023,0.08904491316887642,0.7631790818214417,0.7180759000778199,0.7563,0.6827196594238282,0.6827196594238282,0.32784452929496766,0.02391038257181643,0.08974147035540214,0.7631810009002685,0.7180731957435608,0.001,5,0.7180731957435608,0.7180729764938355,2.1924972526399245e-07,0.7180729764938355,2.1924972526399245e-07,1.0559430922540968e-08,1.519530326812004e-08,0,,,,,,,,,,,,,,,,,,,,,,,,,,,,,3.9872541259498706,0.3750919624898775,3.752192270117815,4.639028484423076,0.9655862238645674,1105.7851576809087,511.47793152975584,,,2260.4544715854777,451.13583742274915,2260.4544715854777,451.13583742274915,1105.7851576809087,511.47793152975584,2260.4544715854777,451.13583742274915,,,,,,,,,0.05,1e-05,1,product,1.0,,,,,,,,,,,,,,,,,,,,,,,,1.0,,,1,101770,15.462373656900798,0.0383921911894293,0.029585597915951375,0.032194217666983604,0.07941180393099787,0.060172571802095065,0.002630487211198791,0.04909241199493408,0.05678581148386001,0.05841449461877346,0.0601896271109581,0.06192399188876152,0.06350327953696251,0.06446007266640663,0.07337405532598495,277.7839551084717,24.51367427770068,185.74407958984375,276.0302429199219,310.1132537841797,414.92657470703125,369.18674043729305,-572251.9793885997,-141720.6151833678,0.6411599733463755,0.4994091861212863,1.1476134356209021e-05,0.10029197623277267,0.2525984416986764,0.5341025488652391,0.9147760821685267,1.3284095496880293,1.603609998598126,5.067199947916759,-7.48089645475762,9.673236246904704,-19.97467621837626,-5.447506989357226,2.466639779994664,0.47248698044610393,0.789024270413678,0.9831581016016507,0.9999901739215878,0.2109757295863221,0.01684189839834922,9.826078412105729e-06,21471,1714,1,4.31014033595358,0.058647507801651955,,1.6060019373022822,0.33635187580853815,0.0008624407072013799,,,,277.783935546875,24.513673782348633,15.462373656900798,0.06017257273197174,1,update_snr,0.02,20,100,,,,2036.0,0.0,0.020005895647047262,0.0,0.41616816351883945,0.07001534398935093,0.1723129465000669,0.15699286074750296,0.3371754935420524,1526550,2036.0,30540,0.020005895647047262,12212400,610800,244320,366480,0.9499852608823819,0.768171124858513,0.3095120995624228,,,1.5371670667386181,,154.6,227.49060053842516,2.0,780.0,random,,,,,,,,,,,,,,snr_histograms.csv,calibration_bins.csv,0.001,247.9748977661133,260.78470611572266,293.06148529052734,320.6365966796875,-98.80408676148697,-11.951386659501281,-0.7737039805219827,4.101975107911954,14.095360831280487,776.1481087088584,791.0849833256005,832.9123081207275,1722.1440856456757,2466.421944651008,1979.3920937444395,1981.9472637233723,1993.265036887395,3010.1165374324746,3035.5214387119663,1979.3920937444395,1981.9472637233723,1993.265036887395,3010.1165374324746,3035.5214387119663,3.7550648612697346,3.7654800093791976,4.617833171581851,0.00630430935409074,0.9545599982696579,0.9550457347742817,0.9693307817001311,0.9694778797928373,0.9695521550933787,776.1481087088584,791.0849833256005,832.9123081207275,1722.1440856456757,2466.421944651008,1979.3920937444395,1981.9472637233723,1993.265036887395,3010.1165374324746,3035.5214387119663,product,0.9603636419751278,,2036.0,2036.0,2036.0,2036.0,2036.0,0.020005895647047262,0.020005895647047262,0.020005895647047262,0.020005895647047262,0.020005895647047262,0.373347940280822,0.3737367995735762,0.3740013506503565,0.5286225069685959,0.5442744064516047,0.012675960131658157,0.16421179551283666,0.16438582437148191,0.16494901999384332,0.19457061779549903,0.19561801579303986,0.006693122049578727,0.15218079889082675,0.1525904486648974,0.15337650686147897,0.16958052815089342,0.1710670401621065,0.03420664000515265,0.31596274468545177,0.3162325936354488,0.3165531713932123,0.3950839734947457,0.39709643547548934
bayesfl_observability_v1,vi_update_snr_prune098_keep002_seed42,28,vi,mnist,mlp,0,0,0.1,0.5,300,24,0.05,15,1737,1737,5,256,0.05,42,1,5,5,4.887142598628998,2.763519834727049,0.007907316088676453,2.1232038848102093,0,15,11,0.7822,0.6684897892951965,1915.2354731181813,0.7822,0.2178,0.6684897892951965,0.6684897892951965,0.3103451159477234,0.0215089964568615,0.21704634130001071,0.7606910090446473,0.7181548588752746,10000,0.7822,0.6684897892951965,0.6684897892951965,0.3103451159477234,0.0215089964568615,0.21704634130001071,0.7606910090446473,0.7181548588752746,0.7819,0.668482470035553,0.668482470035553,0.31034393339157107,0.02120857351422311,0.2170785039663315,0.7606914237976075,0.7181522960662842,0.001,5,0.7181522960662842,0.7181520517349244,2.4433135981105636e-07,0.7181520517349244,2.4433135981105636e-07,1.1429909650928494e-08,1.615610424639802e-08,0,,,,,,,,,,,,,,,,,,,,,,,,,,,,,3.8868656654171088,0.3313423059913822,3.745370065475477,4.736480650034003,0.9696624008592681,1022.9098990587394,489.5438945078716,,,2139.1730085005142,405.6246345255808,2139.1730085005142,405.6246345255808,1022.9098990587394,489.5438945078716,2139.1730085005142,405.6246345255808,,,,,,,,,0.05,1e-05,1,product,1.0,,,,,,,,,,,,,,,,,,,,,,,,1.0,,,1,101770,15.975792190931344,0.03963909089187747,0.030604126101892604,0.033157335594296455,0.08220751956105235,0.060234660014489655,0.002639405829643378,0.04894590377807617,0.05682736337184906,0.05848315451294184,0.06025716848671436,0.06199109833687544,0.06356294453144073,0.06451616622507572,0.07337405532598495,277.2207951933576,24.55161955703717,185.74407958984375,275.4118194580078,309.6599151611328,417.41424560546875,369.95234291191605,-572043.0864415882,-141616.16870983507,0.6613987808819342,0.5163381448807048,1.9673858941469003e-05,0.10309579259129087,0.25974805176434357,0.5504753373454918,0.9458631246990644,1.3742521586234355,1.6558067671268506,5.067199947916759,-7.2233952668244275,9.681967410191417,-19.735181164548848,-5.18524267578208,2.7613285517564514,0.4609118600766434,0.7752284563230815,0.9799056696472438,0.9999901739215878,0.22477154367691854,0.020094330352756214,9.826078412105729e-06,22875,2045,1,4.055388332424205,0.0587002532556653,,1.033655111222508,0.7426597582037997,0.0011514104778353484,,,,277.2208251953125,24.551620483398438,15.975792190931344,0.060234662145376205,1,update_snr,0.02,20,100,,,,2036.0,0.0,0.020005895647047262,0.0,0.3978775834227543,0.06266134384604469,0.1686821801537134,0.15494207481439567,0.32742955859519907,1526550,2036.0,30540,0.020005895647047262,12212400,610800,244320,366480,0.9499852608823819,0.48785113326394947,0.45261824416006224,,,1.8236658061896949,,115.8,215.64792293612908,2.0,768.0,random,,,,,,,,,,,,,,snr_histograms.csv,calibration_bins.csv,0.001,247.5095687866211,260.2204055786133,292.37377166748047,320.2086730957031,-94.12220849371025,-11.708954048180024,-0.4834341110409791,4.380193061572431,14.095360831280487,795.0809149742126,798.914669623375,828.4528531074524,1675.6889520895475,2348.7688405990602,1967.3984903695582,1973.7463623395531,1982.2228891318648,2697.332965352278,3178.1031226582386,1967.3984903695582,1973.7463623395531,1982.2228891318648,2697.332965352278,3178.1031226582386,3.7508130571696086,3.7587406105579455,4.342805219714228,0.0053046394189124445,0.9561289039102728,0.962325807863501,0.9717380419053471,0.971825859614337,0.971895332438247,795.0809149742126,798.914669623375,828.4528531074524,1675.6889520895475,2348.7688405990602,1967.3984903695582,1973.7463623395531,1982.2228891318648,2697.332965352278,3178.1031226582386,product,0.9672448878165063,,2036.0,2036.0,2036.0,2036.0,2036.0,0.020005895647047262,0.020005895647047262,0.020005895647047262,0.020005895647047262,0.020005895647047262,0.37257129409831913,0.3727198651293327,0.373337114671793,0.4833790337910273,0.5591550630342611,0.010902840509278247,0.16391709155171336,0.1641271273623685,0.16449873645537444,0.18369458118034857,0.1967991201946921,0.00520311280793121,0.15242904495831658,0.1525002762391202,0.15278774837582237,0.16216875816855872,0.16862819684662983,0.029342316206076906,0.3150480318719561,0.3153357008582469,0.31608890943481943,0.3679857524632937,0.4022666638626225
bayesfl_observability_v1,vi_update_snr_prune098_keep002_seed42,29,vi,mnist,mlp,0,0,0.1,0.5,300,24,0.05,15,2968,2968,5,256,0.05,42,1,5,5,4.237904578447342,2.0961096696555614,0.008942004293203354,2.141169350594282,0,15,10,0.7771,0.6683948498725891,1981.6765223632306,0.7771,0.2229,0.6683948498725891,0.6683948498725891,0.3101746296882629,0.018790465541183958,0.1843562920888265,0.7601289331436157,0.7092078662872314,10000,0.7771,0.6683948498725891,0.6683948498725891,0.3101746296882629,0.018790465541183958,0.1843562920888265,0.7601289331436157,0.7092078662872314,0.777,0.6683806007385253,0.6683806007385253,0.31016677284240723,0.018809000839293002,0.1843788574139277,0.7601296628952027,0.7092074863433838,0.001,5,0.7092074863433838,0.7092072378158569,2.485275268915288e-07,0.7092072378158569,2.485275268915288e-07,1.1866774846680527e-08,1.6735222029629678e-08,0,,,,,,,,,,,,,,,,,,,,,,,,,,,,,3.9600563855254167,0.3443922702821618,3.7457106882376947,4.627193506339375,0.9704939512834251,1134.4301245663562,544.901052740832,,,2220.6161284003742,411.7146645657527,2220.6161284003742,411.7146645657527,1134.4301245663562,544.901052740832,2220.6161284003742,411.7146645657527,,,,,,,,,0.05,1e-05,1,product,1.0,,,,,,,,,,,,,,,,,,,,,,,,1.0,,,1,101770,16.55950966163757,0.04105457692175294,0.031764807529630845,0.034266578033566475,0.08505078703165056,0.06030252620913114,0.002662022332380927,0.049244001507759094,0.056867940351367,0.05853603035211563,0.06033015623688698,0.0620829276740551,0.06364677399396897,0.06460202783346175,0.07337405532598495,276.6219281279339,24.696388590387723,185.74407958984375,274.7458190917969,309.2181701660156,412.3759460449219,370.7970644333832,-571816.8596468403,-141503.05531243235,0.6843181756022534,0.535581421958049,1.2319361511371669e-05,0.10616651644485059,0.2677005296224057,0.5676815030916821,0.9804509590926145,1.42182483062392,1.7106726932927188,4.86200844813475,-6.939229228339788,9.687071656972435,-19.480248654597407,-4.917905125513615,3.056921888658465,0.4487078706888081,0.7590940355704039,0.9758573253414562,1.0,0.24090596442959614,0.024142674658543774,0.0,24517,2457,0,4.240759131559662,0.0567767508327961,,1.5461922590424162,0.4444070080862534,0.0006738544474393531,,,,276.6219177246094,24.696388244628906,16.55950966163757,0.06030252203345299,1,update_snr,0.02,20,100,,,,2036.0,0.0,0.020005895647047262,0.0,0.41203355774334377,0.06506491247245878,0.17079817591956217,0.15574011275539448,0.3340532588687849,1526550,2036.0,30540,0.020005895647047262,12212400,610800,244320,366480,0.9499852608823819,0.6237308009944379,0.44544546546639274,,,1.6634756354767644,,197.86666666666667,323.8305867099167,2.0,1305.0,random,,,,,,,,,,,,,,snr_histograms.csv,calibration_bins.csv,0.001,246.8580093383789,259.451171875,291.84581756591797,319.972590637207,-98.18823529953042,-11.447015393506236,-0.1714824862283783,4.6633384570120056,13.736314182600271,786.0247562170028,798.7346816903353,849.2434397220611,1739.9413420295714,2706.862918186188,1963.8725400926855,1971.5479237158097,1984.541406222106,2989.116783237669,3009.6655434544846,1963.8725400926855,1971.5479237158097,1984.541406222106,2989.116783237669,3009.6655434544846,3.7522836968453026,3.7642604472948,4.610771510429984,0.005075949980180313,0.9605615981178427,0.9608803680225549,0.973339535093157,0.9735502594059582,0.97361905576768,786.0247562170028,798.7346816903353,849.2434397220611,1739.9413420295714,2706.862918186188,1963.8725400926855,1971.5479237158097,1984.541406222106,2989.116783237669,3009.6655434544846,product,0.9666542691011818,,2036.0,2036.0,2036.0,2036.0,2036.0,0.020005895647047262,0.020005895647047262,0.020005895647047262,0.020005895647047262,0.020005895647047262,0.37207131543669614,0.37232613658495195,0.3733449441805592,0.5248676326813864,0.5285000010246483,0.011865465244693268,0.16350160962040397,0.16385629708898358,0.16458284934245437,0.19411055254249965,0.1946000748844269,0.0072929148812114234,0.14453799282309976,0.1518824054610978,0.15310115121788298,0.16952468465549092,0.17005053687655974,0.03134155493559662,0.3153385494791798,0.31538888605484927,0.3163364726962867,0.3930216494483043,0.3957363171018649
bayesfl_observability_v1,vi_update_snr_prune098_keep002_seed42,30,vi,mnist,mlp,0,0,0.1,0.5,300,24,0.05,15,2279,2279,5,256,0.05,42,1,5,5,4.344282206147909,2.0786482393741608,0.00869351252913475,2.265131264925003,0,15,13,0.8127,0.5874855173110962,1602.36250875661,0.8127,0.18730000000000002,0.5874855173110962,0.5874855173110962,0.2745507341384888,0.05259529900848865,0.11199783298823152,0.7601047015190124,0.7168040376663208,10000,0.8127,0.5874855173110962,0.5874855173110962,0.2745507341384888,0.05259529900848865,0.11199783298823152,0.7601047015190124,0.7168040376663208,0.8127,0.587469181060791,0.587469181060791,0.2745417052268982,0.052596587896347045,0.11085231980281085,0.7601034112930298,0.7168093092918396,0.001,5,0.7168093092918396,0.7168090525627137,2.567291259580884e-07,0.7168090525627137,2.567291259580884e-07,1.1888350854860618e-08,1.6674155255154243e-08,13,0.9592424472608804,0.9072808911518588,0.1874413917509115,0.3333333333333333,0.7151515151515152,0.9523809523809523,1.0,1.0,1.0,1.0,0.1506754955589003,0.23617610856268814,0.4124308292761102,0.003215787134000233,0.11345372597376506,1.6209193865458171,,,0.23617610856268814,,,,,,,,,,3.875543678775592,0.2881923912285212,3.7499270158425504,4.623269751790685,0.9736034665047257,999.9711027328173,459.108242378726,,,2114.2315676542225,348.2607959377557,2114.2315676542225,348.2607959377557,999.9711027328173,459.108242378726,2114.2315676542225,348.2607959377557,,,,,,,,,0.05,1e-05,1,product,1.0,,,,,,,,,,,,,,,,,,,,,,,,1.0,,,1,101770,17.044880491989495,0.04222124080051549,0.0327432016236001,0.03514264337718487,0.0877585642039776,0.06036239214566557,0.002670240727391485,0.04922468587756157,0.05692210607230663,0.05858150403946638,0.060400526970624924,0.062146494165062904,0.06371228024363518,0.06466858685016631,0.0738559141755104,276.08153249450663,24.721931879695113,183.32826232910156,274.1060028076172,308.6299530029297,412.69964599609375,371.53668207976096,-571615.7979383309,-141402.52445815178,0.7032052802980592,0.5518218703112769,1.2319361511371669e-05,0.1090296605083568,0.2742389152037172,0.5812759942171328,1.0046694460220702,1.465589386247364,1.767943654114366,5.228300500428363,-6.721545406710235,9.726524978959793,-19.249106808363745,-4.712352247957033,3.3202462236414494,0.43938292227571973,0.7479217844158397,0.9712390684877665,0.9999803478431758,0.2520782155841604,0.028760931512233467,1.9652156824211458e-05,25654,2927,2,3.976459774202159,0.060866814106702805,,2.012912406576775,0.36989907854322074,0.008336989907854322,,,,276.08154296875,24.721933364868164,17.044880491989495,0.06036238744854927,1,update_snr,0.02,20,100,,,,2036.0,0.0,0.020005895647047262,0.0,0.3946106667893238,0.05602679371319859,0.16799970271167924,0.15469247095608288,0.3256931383872781,1526550,2036.0,30540,0.020005895647047262,12212400,610800,244320,366480,0.9499852608823819,0.5309393297421863,0.4184924551729275,,,1.7624019981653223,,151.93333333333334,210.5673183463083,1.0,843.0,random,,,,,,,,,,,,outputs/sparse_comm_mnist_noniid_unbalanced/vi_update_snr_prune098_keep002_seed42/posterior_snapshots/round_0030.pt,,snr_histograms.csv,calibration_bins.csv,0.001,246.35063629150392,258.92066955566406,291.3928909301758,319.53938293457026,-98.18823529953042,-11.237418372399052,0.04046389311017666,4.949368325625841,14.367210820433925,780.436014342308,792.3442679643631,841.1149702072144,1372.7895380592342,2505.5529611587526,1964.5805275057046,1966.64011639356,1981.2856626496666,2598.67658163215,3004.0933461994723,1964.5805275057046,1966.64011639356,1981.2856626496666,2598.67658163215,3004.0933461994723,3.7522864176019755,3.765158529730644,4.270266682018318,0.003968869273981711,0.9632857228798575,0.9681751722146814,0.97510664066067,0.9752886368198572,0.9752976682532075,780.436014342308,792.3442679643631,841.1149702072144,1372.7895380592342,2505.5529611587526,1964.5805275057046,1966.64011639356,1981.2856626496666,2598.67658163215,3004.0933461994723,product,0.9724067686258321,0.4124308292761102,2036.0,2036.0,2036.0,2036.0,2036.0,0.020005895647047262,0.020005895647047262,0.020005895647047262,0.020005895647047262,0.020005895647047262,0.37184621153049635,0.3722238964766983,0.37279515934021723,0.46520822144883406,0.5478169514804474,0.00934587600493064,0.16360905466214212,0.1638491553196514,0.16446218824116385,0.17949699455612783,0.19443306886452894,0.00456600250895366,0.15183937015440988,0.15215612130476955,0.15326499025568413,0.15811894495322237,0.17013153618212754,0.025821079231476543,0.31461519266588733,0.31510675658620996,0.31564206627086233,0.3601036945111873,0.39377554459162745
bayesfl_observability_v1,vi_update_snr_prune098_keep002_seed42,31,vi,mnist,mlp,0,0,0.1,0.5,300,24,0.05,15,2899,2899,5,256,0.05,42,1,5,5,4.291249588131905,2.0970851816236973,0.010444432497024536,2.1934434957802296,0,15,11,0.8111,0.5765583656787873,1665.572393186403,0.8111,0.18889999999999996,0.5765583656787873,0.5765583656787873,0.27370541486740113,0.040801964475214475,0.16977335512638092,0.7703659411430359,0.6840703397750855,10000,0.8111,0.5765583656787873,0.5765583656787873,0.27370541486740113,0.040801964475214475,0.16977335512638092,0.7703659411430359,0.6840703397750855,0.8111,0.5765550961494446,0.5765550961494446,0.27370437841415407,0.040801371757686174,0.16974129527807236,0.7703665381431579,0.6840676866531372,0.001,5,0.6840676866531372,0.6840674321174621,2.5453567509270414e-07,0.6840674321174621,2.5453567509270414e-07,1.179425154305136e-08,1.696122375563657e-08,0,,,,,,,,,,,,,,,,,,,,,,,,,,,,,3.994926257933557,0.3818502846146476,3.7536480655328037,4.652244803545652,0.9734584101743624,1123.931439656814,507.11997796730464,,,2251.3742845368315,456.50953203764027,2251.3742845368315,456.50953203764027,1123.931439656814,507.11997796730464,2251.3742845368315,456.50953203764027,,,,,,,,,0.05,1e-05,1,product,1.0,,,,,,,,,,,,,,,,,,,,,,,,1.0,,,1,101770,17.587984227802927,0.04353899562077058,0.03382199487270061,0.036194171756505966,0.09066462665796281,0.0604236435558044,0.002684900011595079,0.049070488661527634,0.056980254128575325,0.05864242836833,0.060466343536973,0.06221926212310791,0.06379076391458512,0.06474184095859528,0.0738559141755104,275.5378864661291,24.804956390336873,183.32826232910156,273.5096130371094,308.0003631591797,415.29742431640625,372.2975978009938,-571411.2257674752,-141300.23837269787,0.7244621339119723,0.5693699165885948,1.8318975407284514e-05,0.11215128803410668,0.28204489916903347,0.5979600005806216,1.0336940446271634,1.512163722839098,1.8255182294864416,5.537288414959313,-6.465784965638874,9.716005835654613,-19.00391468539254,-4.466557327287241,3.591976300342375,0.42859388817922767,0.7348039697356785,0.9666699420261373,0.9999705217647636,0.26519603026432154,0.03333005797386263,2.9478235236317185e-05,26989,3392,3,4.264439064163887,0.05990450084209442,,1.7310017906290969,0.45463953087271475,0.0006898930665746809,,,,275.53790283203125,24.804956436157227,17.587984227802927,0.06042364239692688,1,update_snr,0.02,20,100,,,,2036.0,0.0,0.020005895647047262,0.0,0.41468666843397084,0.07038929553399502,0.17206489721099907,0.15708626629894465,0.3360931753025369,1526550,2036.0,30540,0.020005895647047262,12212400,610800,244320,366480,0.9499852608823819,0.6286437245559015,0.3175727427003014,,,1.681709414305316,,193.26666666666668,214.96215687624854,2.0,843.0,random,,,,,,,,,,,,,,snr_histograms.csv,calibration_bins.csv,0.001,245.74483489990234,258.3153991699219,290.78773498535156,319.24331054687497,-94.74197593332781,-10.9936350070187,0.2878402838306296,5.227723478273768,14.865942894886093,778.4656366288662,793.647668800354,857.8113582611084,1733.4286123657225,2486.0613837242126,1964.4629597896242,1968.1064455275177,1975.5492658341723,3013.2573609293513,3027.5478310140265,1964.4629597896242,1968.1064455275177,1975.5492658341723,3013.2573609293513,3027.5478310140265,3.7571516897213355,3.763553818580977,4.633252873956315,0.00500085673011617,0.9647626459011602,0.9650906958653392,0.9764454298263714,0.9765575690260199,0.9766720720675041,778.4656366288662,793.647668800354,857.8113582611084,1733.4286123657225,2486.0613837242126,1964.4629597896242,1968.1064455275177,1975.5492658341723,3013.2573609293513,3027.5478310140265,product,0.9701611596020336,,2036.0,2036.0,2036.0,2036.0,2036.0,0.020005895647047262,0.020005895647047262,0.020005895647047262,0.020005895647047262,0.020005895647047262,0.37147925708254165,0.3719020700408474,0.3726090959367397,0.5268051776435381,0.5484980361790939,0.013009942725138305,0.16364731904551957,0.1638650739205245,0.1643463819831003,0.19474385433997798,0.19585299983010954,0.00719111360121358,0.15216466787579241,0.15232157928034776,0.15313888435997497,0.17035840144898573,0.1721182524099681,0.03436139595740191,0.31441625037733417,0.314622129913833,0.3156612827943755,0.3940663469318102,0.3964916373609283
bayesfl_observability_v1,vi_update_snr_prune098_keep002_seed42,32,vi,mnist,mlp,0,0,0.1,0.5,300,24,0.05,15,3540,3540,5,256,0.05,42,1,5,5,4.744829919189215,2.528296183794737,0.00804925337433815,2.216071527451277,0,15,12,0.8123,0.583213628578186,2028.4198411114298,0.8123,0.18769999999999998,0.583213628578186,0.583213628578186,0.2727057727813721,0.042441372436284985,0.17605072259902954,0.7699642644882202,0.6887234804153443,10000,0.8123,0.583213628578186,0.583213628578186,0.2727057727813721,0.042441372436284985,0.17605072259902954,0.7699642644882202,0.6887234804153443,0.8122,0.5832154720306396,0.5832154720306396,0.27270753545761106,0.04234193670600651,0.17609062294165292,0.7699637306213379,0.6887278137207031,0.001,5,0.6887278137207031,0.6887275531768798,2.605438232938795e-07,0.6887275531768798,2.605438232938795e-07,1.2468344181115753e-08,1.794262994661663e-08,0,,,,,,,,,,,,,,,,,,,,,,,,,,,,,4.050200985074713,0.41142235181334835,3.7490941008193333,4.739814033462788,0.9742924467649081,1262.0677889445094,620.0622309605229,,,2317.514916477558,496.4527297028226,2317.514916477558,496.4527297028226,1262.0677889445094,620.0622309605229,2317.514916477558,496.4527297028226,,,,,,,,,0.05,1e-05,1,product,1.0,,,,,,,,,,,,,,,,,,,,,,,,1.0,,,1,101770,18.180424767399582,0.04497791072666345,0.034996857948929296,0.03727766498923302,0.09365880191326147,0.060493878874599415,0.002704863851744024,0.049445103853940964,0.05702653340995312,0.058704737573862076,0.06053539738059044,0.06229792255908251,0.06387874782085419,0.06484182737767696,0.0738559141755104,274.9203694131691,24.92803738307017,183.32826232910156,272.8859558105469,307.50066223144535,409.0283508300781,373.1728484105773,-571177.3820416545,-141183.316509758,0.7475551986078401,0.5885185032931264,5.291865291566277e-06,0.11557770304357433,0.2895510460487871,0.6154400110324603,1.067006939999947,1.5610035997099116,1.893634812177726,5.537288414959313,-6.207221409050602,9.748292537610489,-18.742518818482043,-4.216285455734385,3.868078091113752,0.41675346369264027,0.7206249385870099,0.9608332514493466,0.9999508696079394,0.27937506141299007,0.039166748550653434,4.913039206052864e-05,28432,3986,5,4.549647336499544,0.06270316243171692,,1.9256073388906954,0.2635593220338983,0.000847457627118644,,,,274.9203796386719,24.928037643432617,18.180424767399582,0.06049387902021408,1,update_snr,0.02,20,100,,,,2036.0,0.0,0.020005895647047262,0.0,0.4277015706087124,0.07911868810377637,0.173246831573513,0.15678622521231053,0.34077451659193786,1526550,2036.0,30540,0.020005895647047262,12212400,610800,244320,366480,0.9499852608823819,0.6095504402779264,0.49397049738127646,,,1.6895445067209423,,236.0,299.06275818518986,1.0,933.0,random,,,,,,,,,,,,,,snr_histograms.csv,calibration_bins.csv,0.001,245.0683395385742,257.6634750366211,290.1707992553711,318.8187759399414,-105.52782275140105,-10.765497235491342,0.5633448832279696,5.545924577658371,14.865942894886093,785.1826608598233,792.320322713852,876.3547613143921,2318.4223354228834,2415.508572023362,1956.1378332752322,1958.7072961151603,1970.7908974442719,3000.2444084620793,3160.6427635143204,1956.1378332752322,1958.7072961151603,1970.7908974442719,3000.2444084620793,3160.6427635143204,3.75160831319495,3.7631770500924198,4.634009908093103,0.005116366537670533,0.965537938287943,0.9670147968945461,0.9778723158633188,0.9779975401485702,0.9780422628549902,785.1826608598233,792.320322713852,876.3547613143921,2318.4223354228834,2415.508572023362,1956.1378332752322,1958.7072961151603,1970.7908974442719,3000.2444084620793,3160.6427635143204,product,0.9681816135968582,,2036.0,2036.0,2036.0,2036.0,2036.0,0.020005895647047262,0.020005895647047262,0.020005895647047262,0.020005895647047262,0.020005895647047262,0.3715515910446817,0.37160848254501516,0.3720956904469457,0.5432809606532113,0.5583657434847773,0.013439134496502936,0.16310652232134393,0.1633680256742799,0.16405764683794846,0.19458841896772425,0.19582363408887993,0.006550873565423468,0.15144873132848546,0.15175374489279198,0.15335997369385804,0.168841560763064,0.16996910550084307,0.03669220622059793,0.3145154792232489,0.31466462314150434,0.31496532685544665,0.3939391471454943,0.4028453946542452
bayesfl_observability_v1,vi_update_snr_prune098_keep002_seed42,33,vi,mnist,mlp,0,0,0.1,0.5,300,24,0.05,15,4000,4000,5,256,0.05,42,1,5,5,4.80643942579627,2.6810812316834927,0.008683759719133377,2.12483711540699,0,15,12,0.7976,0.59679345703125,1906.6379006871953,0.7976,0.20240000000000002,0.59679345703125,0.59679345703125,0.28350126056671143,0.013508365432918059,0.1694282740354538,0.7877509293556213,0.6311102889537811,10000,0.7976,0.59679345703125,0.59679345703125,0.28350126056671143,0.013508365432918059,0.1694282740354538,0.7877509293556213,0.6311102889537811,0.7977,0.5967968795776367,0.5967968795776367,0.2835018459796905,0.013437416064739225,0.16937070339918137,0.787746881866455,0.6311211668014526,0.001,5,0.6311211668014526,0.6311209009647369,2.658367156405106e-07,0.6311209009647369,2.658367156405106e-07,1.2292307562233874e-08,1.9033354044382577e-08,0,,,,,,,,,,,,,,,,,,,,,,,,,,,,,3.9720398764181937,0.3485389403719508,3.7519085825236234,4.632582886817769,0.9768260245932091,1196.674186309099,582.6473400539257,,,2217.250722739236,417.9816467916945,2217.250722739236,417.9816467916945,1196.674186309099,582.6473400539257,2217.250722739236,417.9816467916945,,,,,,,,,0.05,1e-05,1,product,1.0,,,,,,,,,,,,,,,,,,,,,,,,1.0,,,1,101770,18.70679022740723,0.04625513371793643,0.036042194641800696,0.03840683773159981,0.09644262492656709,0.06056632407352224,0.002724217621695802,0.04903119429945946,0.057062842324376105,0.05877197440713644,0.06060456112027168,0.062380087561905384,0.06397271379828454,0.06494107879698277,0.07432898879051208,274.2833894281124,25.0291426578,181.0020751953125,272.26348876953125,307.109457397461,415.96331787109375,374.0760880658976,-570936.2389782323,-141062.74497801636,0.7679567285392269,0.6056225084541867,1.8318975407284514e-05,0.1182497972177918,0.29709913312094594,0.6334208579241696,1.0945954128288435,1.604705245206116,1.9468637336063985,5.712143674176833,-5.980949575932386,9.755643970738973,-18.543991908010398,-3.9661527967833283,4.107905442779598,0.40616095116439027,0.7089810356686647,0.9553404736169795,0.9999410435295274,0.29101896433133534,0.04465952638302054,5.895647047263437e-05,29617,4545,6,4.291722453536798,0.06135071814060211,,2.048781431500284,0.31375,0.0165,,,,274.28338623046875,25.029142379760742,18.70679022740723,0.06056632474064827,1,update_snr,0.02,20,100,,,,2036.0,0.0,0.020005895647047262,0.0,0.4131049951622172,0.06926054045730669,0.17040334887994182,0.15521113063144618,0.33301657578694643,1526550,2036.0,30540,0.020005895647047262,12212400,610800,244320,366480,0.9499852608823819,0.8300186825157885,0.34181155257993445,,,1.474522694256811,,266.6666666666667,339.4981917804897,3.0,1255.0,random,,,,,,,,,,,,,,snr_histograms.csv,calibration_bins.csv,0.001,244.3489212036133,256.9851608276367,289.5072479248047,318.2644943237304,-94.74197593332781,-10.541972309366429,0.7850724744377408,5.7867110897360385,15.135982449164537,797.5098224639893,811.1478645956516,907.1186792373658,2155.911581687927,2559.064818506241,1954.0623958215353,1959.6410099404663,1970.776414944414,2962.8440152745065,2992.391920075707,1954.0623958215353,1959.6410099404663,1970.776414944414,2962.8440152745065,2992.391920075707,3.7568689837501177,3.7676472171141513,4.5976008096267496,0.004062139416712778,0.969028561902431,0.9695218484909437,0.9792056911702576,0.9793076420690354,0.9793652822504403,797.5098224639893,811.1478645956516,907.1186792373658,2155.911581687927,2559.064818506241,1954.0623958215353,1959.6410099404663,1970.776414944414,2962.8440152745065,2992.391920075707,product,0.9733284914442611,,2036.0,2036.0,2036.0,2036.0,2036.0,0.020005895647047262,0.020005895647047262,0.020005895647047262,0.020005895647047262,0.020005895647047262,0.3705208850835737,0.3706186389420854,0.3720213605674291,0.5250362075625533,0.5432169545712463,0.011230629060130476,0.16324647306451456,0.16352705929434902,0.16398519658197935,0.19100395676286208,0.19418411474690322,0.005992351588143565,0.1498022009917368,0.15157273260593138,0.152843223373389,0.16541595066055972,0.16984903544109603,0.03082353885249893,0.3141272317710174,0.31431453265410686,0.31494238870743285,0.3880428444502121,0.3929149242813471
bayesfl_observability_v1,vi_update_snr_prune098_keep002_seed42,34,vi,mnist,mlp,0,0,0.1,0.5,300,24,0.05,15,5847,5847,5,256,0.05,42,1,5,5,4.951063271611929,2.8379028476774693,0.007866326719522476,2.1127541586756706,0,15,14,0.802,0.6080801899909973,2216.9286946650336,0.802,0.19799999999999995,0.6080801899909973,0.6080801899909973,0.2842510192871094,0.019274464166164386,0.14761153856913248,0.7849510032653808,0.6397191265106201,10000,0.802,0.6080801899909973,0.6080801899909973,0.2842510192871094,0.019274464166164386,0.14761153856913248,0.7849510032653808,0.6397191265106201,0.8021,0.6080835352897644,0.6080835352897644,0.28425175580978396,0.0193762414082885,0.14760814110438028,0.7849484273910522,0.639727685546875,0.001,5,0.639727685546875,0.6397274271965027,2.5835037231747293e-07,0.6397274271965027,2.5835037231747293e-07,1.2829284921167527e-08,2.0148674171640195e-08,0,,,,,,,,,,,,,,,,,,,,,,,,,,,,,4.055530523484058,0.36784158603756656,3.756602324371374,4.617261088050977,0.9771340957728479,1405.411914832354,721.6868342573194,,,2316.771846341632,443.63483859963225,2316.771846341632,443.63483859963225,1405.411914832354,721.6868342573194,2316.771846341632,443.63483859963225,,,,,,,,,0.05,1e-05,1,product,1.0,,,,,,,,,,,,,,,,,,,,,,,,1.0,,,1,101770,19.28216209122135,0.04768879419208622,0.03713667059055705,0.03953474573791027,0.09925370216369632,0.06065466565850431,0.0027654543263386858,0.04904305934906006,0.05711084231734276,0.05884085223078728,0.06069044955074787,0.06249565351754427,0.0641071267426014,0.06509460806846618,0.07476608455181122,273.52994918950685,25.286500224345954,178.89190673828125,271.49342346191406,306.59344482421875,415.7621154785156,375.1889664582843,-570645.1801246984,-140917.21555121327,0.7905465833581601,0.6228675696516582,1.8318975407284514e-05,0.1215652296562078,0.3055300014841922,0.6513116057379522,1.1275332612510054,1.6504168527390772,2.003746695256779,6.170434385437499,-5.7194962628416235,9.729452583628271,-18.303812509192362,-3.7242236629948944,4.351872992908912,0.39611869902721825,0.6952048737348924,0.9496511742163702,0.9999312174511152,0.3047951262651076,0.05034882578362975,6.87825488847401e-05,31019,5124,7,4.644835557777977,0.06305474229156971,,2.063906659986758,0.22319138019497178,0.0003420557550880794,,,,273.52996826171875,25.286500930786133,19.28216209122135,0.060654670000076294,1,update_snr,0.02,20,100,,,,2036.0,0.0,0.020005895647047262,0.0,0.43264452250831026,0.0754735667967663,0.17222911564317042,0.15487407360170638,0.34021898415727797,1526550,2036.0,30540,0.020005895647047262,12212400,610800,244320,366480,0.9499852608823819,0.8639964243735894,0.3896295533885058,,,1.442461285667065,,389.8,450.58527864693195,2.0,1305.0,random,,,,,,,,,,,,,,snr_histograms.csv,calibration_bins.csv,0.001,243.3253662109375,256.03560638427734,288.82987213134766,318.03798217773436,-94.74197593332781,-10.29892275781124,1.0425872409583177,6.036856381562575,15.806314770319556,793.2724009513855,806.628933429718,919.4443782806396,2539.541842988968,2621.4126304626466,1954.4597739339672,1959.330198597806,1978.3233083729995,2962.3827136256477,2973.698081783584,1954.4597739339672,1959.330198597806,1978.3233083729995,2962.3827136256477,2973.698081783584,3.7603237037782824,3.778910686326114,4.602793594670773,0.004077515295135542,0.9708504716811649,0.9710165432673226,0.9802349527588328,0.98038738952598,0.9804220289665999,793.2724009513855,806.628933429718,919.4443782806396,2539.541842988968,2621.4126304626466,1954.4597739339672,1959.330198597806,1978.3233083729995,2962.3827136256477,2973.698081783584,product,0.9705530759112226,,2036.0,2036.0,2036.0,2036.0,2036.0,0.020005895647047262,0.020005895647047262,0.020005895647047262,0.020005895647047262,0.020005895647047262,0.37081284757817407,0.37122269483110665,0.3720532145919486,0.5341253725698395,0.5452208485774549,0.01150916276897489,0.1633112821195527,0.16349077303750045,0.1643410629296179,0.19075975245222912,0.19314668252785422,0.0062266008877615575,0.1442414635992585,0.15044499849427143,0.1527126351301673,0.16438131935271713,0.1688150779595494,0.03283842817405064,0.31349240095309977,0.3142951751998475,0.3149247473140892,0.3897850144630392,0.39174896268163933
bayesfl_observability_v1,vi_update_snr_prune098_keep002_seed42,35,vi,mnist,mlp,0,0,0.1,0.5,300,24,0.05,15,1905,1905,5,256,0.05,42,1,5,5,4.433475621044636,2.154456064105034,0.00966382771730423,2.278185870498419,0,15,11,0.8151,0.5862402412414551,1876.1043578884546,0.8151,0.18489999999999995,0.5862402412414551,0.5862402412414551,0.2715950591087341,0.024427167472243275,0.19432432949543,0.7911810120582581,0.6176389623641968,10000,0.8151,0.5862402412414551,0.5862402412414551,0.2715950591087341,0.024427167472243275,0.19432432949543,0.7911810120582581,0.6176389623641968,0.815,0.5862404956817627,0.5862404956817627,0.27159425752162936,0.024316230461001377,0.194312185049057,0.7911776163101196,0.617648101902008,0.001,5,0.617648101902008,0.6176478412628174,2.6063919067453867e-07,0.6176478412628174,2.6063919067453867e-07,1.2583691832901423e-08,1.955986072411395e-08,11,0.960745863281521,0.9534894398530761,0.09564989279987988,0.6666666666666666,0.9,0.9608585858585859,1.0,1.0,1.0,1.0,0.18359805068571738,0.1281907621643793,0.12688836190346733,0.002035698587340968,0.12896159291267395,0.3827334509955512,,,0.1281907621643793,,,,,,,,,,3.9330211429954915,0.3423556174558941,3.7417625336550104,4.654294900884136,0.9797107600422065,1039.5436364579198,483.4454810147492,,,2158.2701530737777,406.48037455656055,2158.2701530737777,406.48037455656055,1039.5436364579198,483.4454810147492,2158.2701530737777,406.48037455656055,,,,,,,,,0.05,1e-05,1,product,1.0,,,,,,,,,,,,,,,,,,,,,,,,1.0,,,1,101770,19.74497346242278,0.048845903913912116,0.03801199388617376,0.040458040311932564,0.10161544159054757,0.060719423060066294,0.0027758115627770064,0.048792220652103424,0.05715961530804634,0.058901265263557434,0.06076040118932724,0.0625755675137043,0.06417461410164833,0.06517554894089699,0.07476608455181122,272.95728529511894,25.322731244216556,178.89190673828125,270.86863708496094,306.07044677734376,420.04791259765625,375.9947062937811,-570429.2023215482,-140809.22664961085,0.8089238385297737,0.6370391221953263,1.8318975407284514e-05,0.12481411994518767,0.3130394761461667,0.666215817529177,1.1540900037806059,1.6877515010850916,2.0477552968018253,6.170434385437499,-5.5140626119741,9.728643053118613,-18.074725621985774,-3.527701207753177,4.54617005768494,0.38814974943500047,0.6840915790508009,0.9450034391274442,0.9999410435295274,0.3159084209491992,0.054996560872555764,5.895647047263437e-05,32150,5597,6,4.141831005713696,0.05937528144568205,,1.551408463250592,0.5039370078740157,0.0005249343832020997,,,,272.9572448730469,25.322731018066406,19.74497346242278,0.06071942672133446,1,update_snr,0.02,20,100,,,,2036.0,0.0,0.020005895647047262,0.0,0.40207606718785455,0.06327947164227003,0.16904782227564535,0.15485906873613484,0.32897073494687945,1526550,2036.0,30540,0.020005895647047262,12212400,610800,244320,366480,0.9499852608823819,0.5405216804037178,0.4950737882318212,,,1.7502909117125816,,127.0,226.99809103455766,1.0,896.0,random,,,,,,,,,,,,,,snr_histograms.csv,calibration_bins.csv,0.001,242.81385803222656,255.382080078125,288.2376708984375,317.7626327514648,-94.74197593332781,-10.088017838523953,1.2447935874918652,6.22556115850439,15.806314770319556,787.2098502397537,789.6767903518677,814.7708932876587,1691.9474483299255,2468.5553673267364,1934.5355924820508,1950.00897635683,1956.9750131856733,2954.4641137387453,3004.9634488538986,1934.5355924820508,1950.00897635683,1956.9750131856733,2954.4641137387453,3004.9634488538986,3.7568290613482715,3.7644391943407256,4.602237666880995,0.003580489389971358,0.9721284507930831,0.9727326217645276,0.9814644826911832,0.9815356285892088,0.9816682394030978,787.2098502397537,789.6767903518677,814.7708932876587,1691.9474483299255,2468.5553673267364,1934.5355924820508,1950.00897635683,1956.9750131856733,2954.4641137387453,3004.9634488538986,product,0.977752268616471,0.12688836190346733,2036.0,2036.0,2036.0,2036.0,2036.0,0.020005895647047262,0.020005895647047262,0.020005895647047262,0.020005895647047262,0.020005895647047262,0.3694149403531768,0.36972754216493375,0.3706345581274584,0.5227481514713309,0.5400214488403609,0.011482708980388683,0.16235080679128172,0.16313557801540549,0.16352013167895932,0.190746990124798,0.19507082749326665,0.006191106579802111,0.15083331952166557,0.15149214793048854,0.1521768482785204,0.1650889126813821,0.1708490793525998,0.03035264607239959,0.31253552640438226,0.31329626004092687,0.3140615556479642,0.38820242764820634,0.3938409401525699
bayesfl_observability_v1,vi_update_snr_prune098_keep002_seed42,36,vi,mnist,mlp,0,0,0.1,0.5,300,24,0.05,15,1527,1527,5,256,0.05,42,1,5,5,4.4470734894275665,2.1932036951184273,0.009149767458438873,2.253277614712715,0,15,11,0.7923,0.6247828002929687,1264.4956220980087,0.7923,0.2077,0.6247828002929687,0.6247828002929687,0.29602826108932495,0.017164875987172153,0.06215170875114484,0.8029218990325928,0.582424719619751,10000,0.7923,0.6247828002929687,0.6247828002929687,0.29602826108932495,0.017164875987172153,0.06215170875114484,0.8029218990325928,0.582424719619751,0.7922,0.6247860201835632,0.6247860201835632,0.2960265488147736,0.017130675840377835,0.06215136903555285,0.8029210464477539,0.5824248302459717,0.001,5,0.5824248302459717,0.5824245635986328,2.66647338875714e-07,0.5824245635986328,2.66647338875714e-07,1.2741413283379188e-08,2.0600188827605647e-08,0,,,,,,,,,,,,,,,,,,,,,,,,,,,,,3.882471890816837,0.29563417207178894,3.7484295224206203,4.640567758120177,0.9811156596601697,961.5295966112612,295.0389598149148,,,2091.5076610116917,346.468664026002,2091.5076610116917,346.468664026002,961.5295966112612,295.0389598149148,2091.5076610116917,346.468664026002,,,,,,,,,0.05,1e-05,1,product,1.0,,,,,,,,,,,,,,,,,,,,,,,,1.0,,,1,101770,20.111626690823805,0.049723844882349745,0.03875522103746793,0.041317135095596313,0.10368921756744386,0.06077496688946579,0.002777068364451942,0.04818829894065857,0.057222868874669076,0.058960710652172565,0.06082228757441044,0.0626367274671793,0.06421724036335945,0.06521420218050479,0.07476608455181122,272.4591595521057,25.301370307293816,178.89190673828125,270.3177032470703,305.3941680908203,430.6424255371094,376.6821873267866,-570243.0315589233,-140716.14126827446,0.8227700521230321,0.6491838332238453,1.8318975407284514e-05,0.12476547498346423,0.3161203555488615,0.6800578687782629,1.1737102176165046,1.7212361761468864,2.082933878340931,6.170434385437499,-5.399353900223584,9.789789652079117,-18.07811151512198,-3.349082598286036,4.716809305918898,0.38289279748452393,0.6759261078903409,0.940886312272772,0.9999508696079394,0.32407389210965903,0.05911368772722806,4.913039206052864e-05,32981,6016,5,3.8959369158284316,0.04888118803501129,,1.902657910508341,0.2632612966601179,0.0006548788474132286,,,,272.4591369628906,25.30137062072754,20.111626690823805,0.060774967074394226,1,update_snr,0.02,20,100,,,,2036.0,0.0,0.020005895647047262,0.0,0.3909199422803456,0.052026393402941955,0.1674711834938628,0.15460630396733996,0.3241936194844659,1526550,2036.0,30540,0.020005895647047262,12212400,610800,244320,366480,0.9499852608823819,0.7202072632654765,0.4816585764607703,,,1.5844854901055654,,101.8,115.71701113780405,1.0,396.0,random,,,,,,,,,,,,,,snr_histograms.csv,calibration_bins.csv,0.001,242.4916030883789,254.88360214233398,287.6567611694336,317.3839874267577,-94.74197593332781,-10.002950773796321,1.3912177060287392,6.373509671669261,15.806314770319556,795.7204755783081,807.0017807209492,833.234698677063,1374.963716011047,1735.013261795044,1937.3195450674218,1942.1666363840307,1956.5167104421948,2576.4787542309136,2979.5882623034445,1937.3195450674218,1942.1666363840307,1956.5167104421948,2576.4787542309136,2979.5882623034445,3.7534041809595333,3.7672422464589106,4.2974906292113335,0.0029642297071874506,0.9735510041063953,0.9769577129653085,0.9822739463086315,0.9824040769767638,0.9824571436510448,795.7204755783081,807.0017807209492,833.234698677063,1374.963716011047,1735.013261795044,1937.3195450674218,1942.1666363840307,1956.5167104421948,2576.4787542309136,2979.5882623034445,product,0.9810579754081179,,2036.0,2036.0,2036.0,2036.0,2036.0,0.020005895647047262,0.020005895647047262,0.020005895647047262,0.020005895647047262,0.020005895647047262,0.36925799985013624,0.3697649378918602,0.3706848872466636,0.4622797580996425,0.5242410759527388,0.010227318917194254,0.1624355263443987,0.1627487325645516,0.1634630157054828,0.18205717042007286,0.1938055615441177,0.0057022421829026025,0.15025406416030995,0.15148260098979657,0.15264429132200955,0.16308073348341592,0.16956196536215906,0.026947896269133742,0.3126433528759387,0.3128978487129405,0.3138515169473236,0.36172668346102704,0.3931436655524874
bayesfl_observability_v1,vi_update_snr_prune098_keep002_seed42,37,vi,mnist,mlp,0,0,0.1,0.5,300,24,0.05,15,5135,5135,5,256,0.05,42,1,5,5,4.775329764932394,2.6172467470169067,0.009988058358430862,2.157230716198683,0,15,11,0.8129,0.5850334723472596,2032.7760321813435,0.8129,0.18710000000000004,0.5850334723472596,0.5850334723472596,0.26983550634384157,0.01121328491121531,0.19191085547208786,0.8040012062072754,0.5801608087539672,10000,0.8129,0.5850334723472596,0.5850334723472596,0.26983550634384157,0.01121328491121531,0.19191085547208786,0.8040012062072754,0.5801608087539672,0.8129,0.5850472525596618,0.5850472525596618,0.2698422034740448,0.011199442350864442,0.19188519567251205,0.8040030961036682,0.5801541137695313,0.001,5,0.5801541137695313,0.5801538358688354,2.779006958997243e-07,0.5801538358688354,2.779006958997243e-07,1.3275276012336689e-08,2.1145191367852304e-08,0,,,,,,,,,,,,,,,,,,,,,,,,,,,,,4.166335920097704,0.435012439204875,3.750365258794199,4.760429400150352,0.9790299628686748,1401.7448408064313,665.7667139796044,,,2429.6724435051733,518.8399490990834,2429.6724435051733,518.8399490990834,1401.7448408064313,665.7667139796044,2429.6724435051733,518.8399490990834,,,,,,,,,0.05,1e-05,1,product,1.0,,,,,,,,,,,,,,,,,,,,,,,,1.0,,,1,101770,20.697625625086797,0.05118886694836862,0.03986364759861623,0.042589470744132996,0.10640216618776323,0.06085506210932185,0.0028123021597962613,0.04818829894065857,0.05725409686565399,0.05902262032032013,0.06090118736028671,0.0627316739410162,0.06432728245854377,0.06534961499273777,0.07476608455181122,271.7821285906388,25.53482581672909,178.89190673828125,269.6177520751953,305.06113891601564,430.6424255371094,377.69367107788975,-569979.8568202539,-140584.55389890735,0.8459382759823714,0.6669260451929787,1.8318975407284514e-05,0.12794596272977604,0.3243952405689374,0.699438318955115,1.2110629434785483,1.7621563613914821,2.1400390736466326,6.170434385437499,-5.161754548548051,9.800606038859096,-17.859468273345215,-3.105011570270977,4.920888840499081,0.3726245455438734,0.6624349022305198,0.9346172742458485,0.9999508696079394,0.3375650977694802,0.06538272575415152,4.913039206052864e-05,34354,6654,5,4.816728989356909,0.06585870496928692,,1.9113160388441832,0.30496592015579355,0.00019474196689386563,,,,271.7821350097656,25.534826278686523,20.697625625086797,0.06085505709052086,1,update_snr,0.02,20,100,,,,2036.0,0.0,0.020005895647047262,0.0,0.44638227596538105,0.08214472253752299,0.17608469688343617,0.15784836212765738,0.34899025327657346,1526550,2036.0,30540,0.020005895647047262,12212400,610800,244320,366480,0.9499852608823819,0.5337783778462808,0.41228793995116736,,,1.768087546493781,,342.3333333333333,342.12661723727695,1.0,1143.0,random,,,,,,,,,,,,,,snr_histograms.csv,calibration_bins.csv,0.001,241.66268615722657,254.1126365661621,287.0536193847656,317.1630508422851,-94.74197593332781,-9.778510537112865,1.6633343107466583,6.608434058673627,15.806314770319556,758.121047616005,788.2699824786187,901.9850606918335,2384.3071858056387,2498.805255565643,1936.2096631236604,1941.3072770212461,1986.5478565629267,3072.1230872334954,3149.6932564179333,1936.2096631236604,1941.3072770212461,1986.5478565629267,3072.1230872334954,3149.6932564179333,3.755368696926567,3.7992967946047456,4.705538395158738,0.004253121267308521,0.9730812366984745,0.9737254627382642,0.9826390779870137,0.9830250345303768,0.9830783717433474,758.121047616005,788.2699824786187,901.9850606918335,2384.3071858056387,2498.805255565643,1936.2096631236604,1941.3072770212461,1986.5478565629267,3072.1230872334954,3149.6932564179333,product,0.9725444156685267,,2036.0,2036.0,2036.0,2036.0,2036.0,0.020005895647047262,0.020005895647047262,0.020005895647047262,0.020005895647047262,0.020005895647047262,0.3695983147251735,0.37001843684180696,0.3706147309065477,0.5497302683209225,0.5544783677002346,0.01427950100609154,0.16241714460555276,0.1627058906853147,0.1652068038495898,0.19448830866441386,0.19517692349992286,0.007656234675328449,0.14923147364445175,0.15085789363280458,0.1537902009875627,0.16882972519804915,0.16948214821828733,0.03877444642181481,0.31276441339164285,0.3128829926826003,0.31476729486085736,0.3970055059946639,0.4018780060878994
bayesfl_observability_v1,vi_update_snr_prune098_keep002_seed42,38,vi,mnist,mlp,0,0,0.1,0.5,300,24,0.05,15,3690,3690,5,256,0.05,42,1,5,5,4.671758372336626,2.528130054473877,0.00852615013718605,2.1431017071008682,0,15,12,0.7867,0.6261192752838135,1907.2377903573172,0.7867,0.21330000000000005,0.6261192752838135,0.6261192752838135,0.303818558549881,0.027348418842256035,0.13043093929688138,0.8085244477272033,0.553005693769455,10000,0.7867,0.6261192752838135,0.6261192752838135,0.303818558549881,0.027348418842256035,0.13043093929688138,0.8085244477272033,0.553005693769455,0.7865,0.6261388185501099,0.6261388185501099,0.3038291986465454,0.02738887536227703,0.1304344645252934,0.8085241264343261,0.5530058547496796,0.001,5,0.5530058547496796,0.5530055698394776,2.8491020198639916e-07,0.5530055698394776,2.8491020198639916e-07,1.4583743171669995e-08,2.3978452147821516e-08,0,,,,,,,,,,,,,,,,,,,,,,,,,,,,,4.002391001970794,0.3872987997156403,3.758309010314408,4.752182616049644,0.9816719614609659,1219.7703449607225,609.9111211655184,,,2229.5071730588347,464.1733594959869,2229.5071730588347,464.1733594959869,1219.7703449607225,609.9111211655184,2229.5071730588347,464.1733594959869,,,,,,,,,0.05,1e-05,1,product,1.0,,,,,,,,,,,,,,,,,,,,,,,,1.0,,,1,101770,21.15195391007243,0.052350293489762376,0.0406901081200464,0.043507881462574005,0.10876121520996096,0.06092377006897784,0.0028289530894033397,0.047981031239032745,0.057301902770996095,0.05908063426613808,0.060976531356573105,0.06280395947396755,0.0644182600080967,0.0654490239918232,0.07599744200706482,271.1868387063922,25.612045035014074,173.141845703125,268.9518737792969,304.5523345947266,434.37103271484375,378.5547579609219,-569752.3031830688,-140470.7770802862,0.8641674007365205,0.6799784656196208,1.8318975407284514e-05,0.13301553125483856,0.3335877016737278,0.7128047481431424,1.2354176329147526,1.8009615457803312,2.183862964033144,5.861959383170111,-4.9507584435933,9.75104865318152,-17.521952938556932,-2.940588324391997,5.110088796483475,0.3650191608529036,0.6522059546035177,0.9297140611182078,0.9999213913727032,0.3477940453964823,0.07028593888179227,7.860862729684583e-05,35395,7153,8,4.3674380809162665,0.06464861892163754,,1.9617904841805285,0.2669376693766938,0.004607046070460705,,,,271.18682861328125,25.612045288085938,21.15195391007243,0.06092377007007599,1,update_snr,0.02,20,100,,,,2036.0,0.0,0.020005895647047262,0.0,0.4148659392699996,0.07527570135747216,0.17050573556002063,0.15511737183923144,0.33378689762695324,1526550,2036.0,30540,0.020005895647047262,12212400,610800,244320,366480,0.9499852608823819,0.8865157449951204,0.3986216848550807,,,1.4297286539836371,,246.0,286.481180301022,1.0,843.0,random,,,,,,,,,,,,,,snr_histograms.csv,calibration_bins.csv,0.001,240.98055725097657,253.5280303955078,286.4901657104492,316.5755249023437,-94.74197593332781,-9.535799376110145,1.8362759132100352,6.784507663699987,15.360856098746492,784.3018057823181,816.3386958599091,894.3197195053101,2344.2633974196515,2447.8484295845033,1937.8427947354717,1941.1533403924636,1954.1364463735802,2968.162686608572,3131.073357065042,1937.8427947354717,1941.1533403924636,1954.1364463735802,2968.162686608572,3131.073357065042,3.760614657721178,3.7728375051304033,4.623406231754028,0.0035768859609906453,0.9746305915543805,0.975974853454208,0.9837986164175963,0.9838864641686801,0.9839090292215702,784.3018057823181,816.3386958599091,894.3197195053101,2344.2633974196515,2447.8484295845033,1937.8427947354717,1941.1533403924636,1954.1364463735802,2968.162686608572,3131.073357065042,product,0.9784509969533477,,2036.0,2036.0,2036.0,2036.0,2036.0,0.020005895647047262,0.020005895647047262,0.020005895647047262,0.020005895647047262,0.020005895647047262,0.36910873900221536,0.36913649814385974,0.3699523657888214,0.5413998457773159,0.5538554822207918,0.012214360971267331,0.1625141854991341,0.16274279691318772,0.16325826480593786,0.19086572790259335,0.19510826482940852,0.005497730388386161,0.1512406174973675,0.15129321145548139,0.1522934582862543,0.16377986988301094,0.16887351941583595,0.034233337077784164,0.3123143928778558,0.31265320044540346,0.31339988439316285,0.389206696430913,0.3997216938394642
bayesfl_observability_v1,vi_update_snr_prune098_keep002_seed42,39,vi,mnist,mlp,0,0,0.1,0.5,300,24,0.05,15,4371,4371,5,256,0.05,42,1,5,5,4.7645210437476635,2.5632207319140434,0.00980312004685402,2.2004203759133816,0,15,11,0.7837,0.6527097545623779,1954.4668950771927,0.7837,0.21630000000000005,0.6527097545623779,0.6527097545623779,0.3034116067409515,0.025038694907724868,0.19282932579517365,0.808738694190979,0.5570531832695007,10000,0.7837,0.6527097545623779,0.6527097545623779,0.3034116067409515,0.025038694907724868,0.19282932579517365,0.808738694190979,0.5570531832695007,0.7837,0.6527264738082885,0.6527264738082885,0.30341749448776245,0.02503758188784124,0.19285456836223602,0.8087375894546509,0.5570559959411621,0.001,5,0.5570559959411621,0.5570556949615478,3.0097961423170005e-07,0.5570556949615478,3.0097961423170005e-07,1.4493762773781782e-08,2.34500106375276e-08,0,,,,,,,,,,,,,,,,,,,,,,,,,,,,,4.04675810199191,0.4123213755472866,3.7556331949596182,4.774212237490872,0.9820365016918496,1255.5922264725632,608.2480764424782,,,2278.0932633931384,489.8961714966031,2278.0932633931384,489.8961714966031,1255.5922264725632,608.2480764424782,2278.0932633931384,489.8961714966031,,,,,,,,,0.05,1e-05,1,product,1.0,,,,,,,,,,,,,,,,,,,,,,,,1.0,,,1,101770,21.62999485883064,0.05355956485777657,0.04157606777825551,0.04464263096451759,0.1112058311700821,0.06099902678332682,0.002852836131288301,0.047352369874715805,0.057361452654004094,0.059141228906810284,0.061052706092596054,0.06289203464984894,0.06451685428619384,0.06557303108274937,0.07599744200706482,270.54422336536015,25.74647144702372,173.141845703125,268.2811584472656,303.92030944824216,445.9812316894531,379.5023595487345,-569504.2484015721,-140346.74968950712,0.88306843195143,0.6941305955329148,1.8318975407284514e-05,0.13612707986945224,0.3414152959799725,0.7295867476974807,1.2630302699910732,1.83829939578014,2.2270770642622084,6.134715614221757,-4.76521277486426,9.767773433292433,-17.321109433075836,-2.738461264483507,5.288324887886386,0.35803281910189644,0.641633094232092,0.9247715436769185,0.9998624349022305,0.35836690576790803,0.07522845632308146,0.0001375650977694802,36471,7656,14,4.48156476382917,0.061185073107481,,1.999813122562566,0.32212308396247996,0.001601464195836193,,,,270.54425048828125,25.746471405029297,21.62999485883064,0.06099902465939522,1,update_snr,0.02,20,100,,,,2036.0,0.0,0.020005895647047262,0.0,0.4225615094472396,0.07658252657958417,0.17185138380685766,0.15561271121099363,0.33747378852471854,1526550,2036.0,30540,0.020005895647047262,12212400,610800,244320,366480,0.9499852608823819,0.6750037364384422,0.3335959710859507,,,1.6397994389246575,,291.4,365.60503278811683,7.0,1408.0,random,,,,,,,,,,,,,,snr_histograms.csv,calibration_bins.csv,0.001,240.24460144042968,252.81841659545898,285.9033889770508,316.1612548828125,-94.74197593332781,-9.334340527809156,2.0282751809645587,6.954704906204998,15.755888700554861,792.3846298217774,797.8154014015198,872.7265054702759,2199.0900682576494,2568.8858012517294,1932.0682845340477,1934.5143062565082,1956.5892157154412,3061.6928883991013,3151.33710833038,1932.0682845340477,1934.5143062565082,1956.5892157154412,3061.6928883991013,3151.33710833038,3.7579715429859313,3.780482529989762,4.710107246507049,0.003676597255407655,0.9754387229368722,0.976112336239879,0.984423325543705,0.98459492428428,0.9846198582923997,792.3846298217774,797.8154014015198,872.7265054702759,2199.0900682576494,2568.8858012517294,1932.0682845340477,1934.5143062565082,1956.5892157154412,3061.6928883991013,3151.33710833038,product,0.9783003532266786,,2036.0,2036.0,2036.0,2036.0,2036.0,0.020005895647047262,0.020005895647047262,0.020005895647047262,0.020005895647047262,0.020005895647047262,0.3681186854557649,0.3685126964516158,0.36963948999207813,0.5411105756383445,0.5547498295796126,0.013781419294712601,0.1623120885410221,0.16241831361756823,0.16354807026393947,0.1944159038325694,0.19560702473386823,0.007847281112264135,0.1433513529637948,0.15080668873778377,0.15217763641295895,0.1682270447887004,0.16936544185712388,0.03635716940517888,0.31183350558522255,0.31211308676401206,0.3130242952463741,0.3953590967699111,0.40143616497160894
bayesfl_observability_v1,vi_update_snr_prune098_keep002_seed42,40,vi,mnist,mlp,0,0,0.1,0.5,300,24,0.05,15,2913,2913,5,256,0.05,42,1,5,5,4.640696350485086,2.398861713707447,0.009560827165842056,2.2411056868731976,0,15,11,0.8173,0.584642813873291,1728.7312980225493,0.8173,0.18269999999999997,0.584642813873291,0.584642813873291,0.26575469636917115,0.013158984293043626,0.15238464375336963,0.8142798570632934,0.5461212532997132,10000,0.8173,0.584642813873291,0.584642813873291,0.26575469636917115,0.013158984293043626,0.15238464375336963,0.8142798570632934,0.5461212532997132,0.8174,0.5846418998718261,0.5846418998718261,0.2657535689353943,0.013458719334006325,0.15235027670860288,0.8142791711807251,0.5461229410171509,0.001,5,0.5461229410171509,0.5461226675033569,2.735137939469112e-07,0.5461226675033569,2.735137939469112e-07,1.3169759485265332e-08,2.1740271189579452e-08,12,0.9430687464429619,0.8768524273736831,0.2688556526504544,0.0,0.8701086956521739,0.8854166666666666,0.9681970349115256,1.0,1.0,1.0,0.1689895141405382,0.307207049848754,0.3333286139637956,0.005141282218626176,0.1460625131924947,1.169609785079956,,,0.307207049848754,,,,,,,,,,4.05460471672412,0.40980490054454405,3.7538892629075984,4.642176681510683,0.9827305273205906,1148.3982408400377,505.76799978712717,,,2276.061952680948,479.6473839405551,2276.061952680948,479.6473839405551,1148.3982408400377,505.76799978712717,2276.061952680948,479.6473839405551,,,,,,,,,0.05,1e-05,1,product,1.0,,,,,,,,,,,,,,,,,,,,,,,,1.0,,,1,101770,22.07419218258623,0.05467718288064455,0.0424070573384705,0.0454110074788332,0.11354081854224207,0.061064591282118254,0.0028656569580903647,0.046624649316072464,0.057404525578022,0.0592030044645071,0.061121707782149315,0.06296365708112717,0.06459401845932007,0.0656468003988266,0.07599744200706482,269.9770007064233,25.800122032026582,173.141845703125,267.6757507324219,303.46437377929686,460.01165771484375,380.3242902732693,-569287.1928592059,-140238.2219182969,0.9006018555307396,0.7074532209595336,1.8318975407284514e-05,0.13885989064552878,0.35007779686577173,0.7422182168231671,1.288614127416151,1.8747971926869103,2.269071098286121,6.646798520319653,-4.583315946094446,9.739541975218982,-17.14846363667259,-2.5893678127594706,5.459085890736994,0.35122334676230715,0.6325046673872458,0.9193966787854967,0.9998820870590547,0.36749533261275424,0.0806033212145033,0.00011791294094526874,37400,8203,12,4.450939199152022,0.0625227433629334,,1.6635287128377279,0.27154136628904907,0.0006865774116031583,,,,269.9769592285156,25.800121307373047,22.07419218258623,0.06106458604335785,1,update_snr,0.02,20,100,,,,2036.0,0.0,0.020005895647047262,0.0,0.4213167090092783,0.07438745655562369,0.17230226224400277,0.1564778981559613,0.3382263474435244,1526550,2036.0,30540,0.020005895647047262,12212400,610800,244320,366480,0.9499852608823819,0.7919162451374093,0.39571056895963647,,,1.5105031379815743,,194.2,230.52756885023533,2.0,791.0,random,,,,,,,,,,,,outputs/sparse_comm_mnist_noniid_unbalanced/vi_update_snr_prune098_keep002_seed42/posterior_snapshots/round_0040.pt,,snr_histograms.csv,calibration_bins.csv,0.001,239.67093811035156,252.24357223510742,285.3070602416992,315.698501586914,-94.74197593332781,-9.116708660066555,2.202457766007733,7.116962082603312,16.452250290274065,772.047845172882,779.0971920347214,815.5709331512451,1727.8443885326387,2342.6063894450663,1926.4176247888372,1928.4391460290024,1948.958162481179,2954.812650246182,2958.445507325623,1926.4176247888372,1928.4391460290024,1948.958162481179,2954.812650246182,2958.445507325623,3.7571181242248755,3.777169447932853,4.639627383830979,0.0034841741565362827,0.9777340628143838,0.977750390023748,0.9851056027014786,0.9852630964017867,0.9852708728603325,772.047845172882,779.0971920347214,815.5709331512451,1727.8443885326387,2342.6063894450663,1926.4176247888372,1928.4391460290024,1948.958162481179,2954.812650246182,2958.445507325623,product,0.979460732914203,0.3333286139637956,2036.0,2036.0,2036.0,2036.0,2036.0,0.020005895647047262,0.020005895647047262,0.020005895647047262,0.020005895647047262,0.020005895647047262,0.36816783023479616,0.36834222263262156,0.3693316914968379,0.523602773653988,0.5416986678145432,0.013818090316684408,0.16197577249188214,0.16211134117852719,0.16318931172566792,0.192912790670094,0.19311268709787052,0.007468286714879397,0.15054635013365786,0.1507431399721018,0.15217167261847472,0.1688333330280253,0.16891588969593951,0.03664689920555086,0.3115890447138101,0.31176912222974995,0.31273984451425074,0.39101058273638006,0.3916795516607485
bayesfl_observability_v1,vi_update_snr_prune098_keep002_seed42,41,vi,mnist,mlp,0,0,0.1,0.5,300,24,0.05,15,2399,2399,5,256,0.05,42,1,5,5,4.3776237815618515,2.224069118499756,0.010350219905376434,2.152977328747511,0,15,11,0.8259,0.5340133170127869,1519.1286885853342,0.8259,0.17410000000000003,0.5340133170127869,0.5340133170127869,0.24655933022499085,0.011887841120362291,0.18196506053209305,0.8307109561920166,0.5011434643268585,10000,0.8259,0.5340133170127869,0.5340133170127869,0.24655933022499085,0.011887841120362291,0.18196506053209305,0.8307109561920166,0.5011434643268585,0.8259,0.5340214105606079,0.5340214105606079,0.24656170372962952,0.01200840252488851,0.18187742680311203,0.8307100833892822,0.5011436054229736,0.001,5,0.5011436054229736,0.5011433462619781,2.5916099555267635e-07,0.5011433462619781,2.5916099555267635e-07,1.2513809059555569e-08,2.2183287752704096e-08,0,,,,,,,,,,,,,,,,,,,,,,,,,,,,,4.009727834895941,0.3988834979669669,3.7605005313789266,4.76763700964301,0.9837551843958438,1079.5820317531955,447.0902745312823,,,2218.386010165744,467.1237548130007,2218.386010165744,467.1237548130007,1079.5820317531955,447.0902745312823,2218.386010165744,467.1237548130007,,,,,,,,,0.05,1e-05,1,product,1.0,,,,,,,,,,,,,,,,,,,,,,,,1.0,,,1,101770,22.50789181962912,0.05570072501821376,0.04330556077782728,0.046143488958477974,0.11558629348874093,0.06112438132163729,0.0028740712412322106,0.046624649316072464,0.057453595101833344,0.05925942678004503,0.06118534132838249,0.06304050236940384,0.0646607980132103,0.06569353342056275,0.07599744200706482,269.45738602021925,25.82132828824164,173.141845703125,267.11927795410156,302.9462585449219,460.01165771484375,381.07270473635106,-569088.9565091255,-140139.1037432318,0.9166523005837347,0.7219759105485322,1.8318975407284514e-05,0.14163844311750068,0.356483678725881,0.7535630310508883,1.3104007367622712,1.907939877137137,2.314955900999562,7.506345474217447,-4.434475759041349,9.7383696492025,-16.976377112888247,-2.4576083137586964,5.611293701189221,0.3463004814778422,0.6249877174019849,0.9142281615407291,0.9998231305885821,0.3750122825980151,0.0857718384592709,0.00017686941141790313,38165,8729,18,4.255358224753326,0.0574093759059906,,2.084204813423106,0.25302209253855773,0.007503126302626094,,,,269.45733642578125,25.821327209472656,22.50789181962912,0.06112438440322876,1,update_snr,0.02,20,100,,,,2036.0,0.0,0.020005895647047262,0.0,0.4111630658668294,0.07119418070537775,0.1708226058880457,0.15602673386761265,0.33340726151710987,1526550,2036.0,30540,0.020005895647047262,12212400,610800,244320,366480,0.9499852608823819,0.6332025989439212,0.3990465901253843,,,1.6794479130997464,,159.93333333333334,165.68905281346207,2.0,607.0,random,,,,,,,,,,,,,,snr_histograms.csv,calibration_bins.csv,0.001,239.176171875,251.62899780273438,284.76402282714844,315.4372589111328,-94.74197593332781,-8.959206985832342,2.3480825711568176,7.2908544454900674,17.508570972641653,768.4881652832031,778.4801418399811,840.2620414733886,1675.8591870498656,2182.0401748021445,1927.9081862349083,1930.7434197334655,1940.0585815457268,2946.688711930566,3130.15772983308,1927.9081862349083,1930.7434197334655,1940.0585815457268,2946.688711930566,3130.15772983308,3.7630837380284863,3.772321162480669,4.639360281730279,0.0032784388141288345,0.9774473409242497,0.9785986461467364,0.9857088005319271,0.9857749072022652,0.9858109184877029,768.4881652832031,778.4801418399811,840.2620414733886,1675.8591870498656,2182.0401748021445,1927.9081862349083,1930.7434197334655,1940.0585815457268,2946.688711930566,3130.15772983308,product,0.9819661752882445,,2036.0,2036.0,2036.0,2036.0,2036.0,0.020005895647047262,0.020005895647047262,0.020005895647047262,0.020005895647047262,0.020005895647047262,0.3670921232884285,0.3680692097894811,0.3686355526539517,0.5198757459280677,0.5558167208068803,0.013476805323812277,0.1622629225446956,0.16240509691833996,0.1628086646830082,0.19273377148460194,0.19485351674336124,0.007391095905067463,0.1508794468546884,0.15101135644833982,0.1518347175415548,0.16856614388447544,0.16888723761260643,0.03540487128369858,0.3114487169230054,0.31147562900929693,0.31239939112593457,0.3897276234585287,0.39936472875085205
bayesfl_observability_v1,vi_update_snr_prune098_keep002_seed42,42,vi,mnist,mlp,0,0,0.1,0.5,300,24,0.05,15,2168,2168,5,256,0.05,42,1,5,5,4.201351266354322,2.0556747429072857,0.008170612156391144,2.145080044865608,0,15,11,0.8375,0.5050072696208954,1834.6154248892456,0.8375,0.16249999999999998,0.5050072696208954,0.5050072696208954,0.23228454735279083,0.011731985823810092,0.0972658922629697,0.8285121513366699,0.5075742366313934,10000,0.8375,0.5050072696208954,0.5050072696208954,0.23228454735279083,0.011731985823810092,0.0972658922629697,0.8285121513366699,0.5075742366313934,0.8375,0.5050118797302247,0.5050118797302247,0.23228593826293945,0.011734865590929986,0.09725765883922577,0.8285096658706665,0.5075761312961579,0.001,5,0.5075761312961579,0.5075758586883545,2.726078033310486e-07,0.5075758586883545,2.726078033310486e-07,1.325140893442267e-08,2.3127445107476416e-08,0,,,,,,,,,,,,,,,,,,,,,,,,,,,,,3.8872203809751906,0.3144518861531493,3.7540891467571926,4.759739945375274,0.9853330844580914,1022.3154957920975,493.72210526152236,,,2075.5961989046423,375.7067943538126,2075.5961989046423,375.7067943538126,1022.3154957920975,493.72210526152236,2075.5961989046423,375.7067943538126,,,,,,,,,0.05,1e-05,1,product,1.0,,,,,,,,,,,,,,,,,,,,,,,,1.0,,,1,101770,22.880143324841637,0.05660572959769512,0.04404262531216455,0.04697972349822521,0.11758833527565006,0.06118643456718402,0.002880216433083881,0.046013493090867996,0.05750102512538433,0.059316701255738735,0.06124931760132313,0.06310880929231644,0.06472534835338592,0.06575230248272419,0.07599744200706482,268.9156078740821,25.805730558685465,173.141845703125,266.56153869628906,302.4466796875,472.31268310546875,381.84871567105967,-568882.9628568218,-140036.10691705398,0.9306368635346615,0.7335522557527873,1.8318975407284514e-05,0.1429018107617311,0.361170881942275,0.7671942954345935,1.3299272315177852,1.9386101936243143,2.350801160145663,7.78833882724875,-4.31106224973853,9.753902441294485,-16.899245364302672,-2.301892701475352,5.749809840063561,0.3418590940355704,0.6174019848678393,0.9097474697848089,0.9997641741181095,0.38259801513216074,0.09025253021519111,0.00023582588189053748,38937,9185,24,4.0392028887019285,0.06975269317626953,,1.4721212901650527,0.3980627306273063,0.00046125461254612545,,,,268.9156188964844,25.80573081970215,22.880143324841637,0.06118642911314964,1,update_snr,0.02,20,100,,,,2036.0,0.0,0.020005895647047262,0.0,0.39193481216311793,0.06037537430681575,0.1660176766550217,0.15259587471206507,0.32235984210180757,1526550,2036.0,30540,0.020005895647047262,12212400,610800,244320,366480,0.9499852608823819,0.65753915489318,0.40203883923152556,,,1.6444355462307376,,144.53333333333333,243.70579713161436,1.0,855.0,random,,,,,,,,,,,,,,snr_histograms.csv,calibration_bins.csv,0.001,238.69932250976564,251.0845718383789,284.21436309814453,314.939402770996,-94.74197593332781,-8.845745407886227,2.476557574001796,7.424317921123684,17.828896739866874,779.5323103427887,795.2493173933029,825.9753791809082,1661.6539942407605,2382.8015533924104,1918.1561775883267,1921.2724800185058,1928.507563158212,2545.9080200978765,3113.7264854741434,1918.1561775883267,1921.2724800185058,1928.507563158212,2545.9080200978765,3113.7264854741434,3.7574328849484417,3.7653677320548424,4.279286194849805,0.0024979811369314677,0.9783468371179568,0.9822647555771493,0.9863004607148051,0.9863540026858,0.986371716471082,779.5323103427887,795.2493173933029,825.9753791809082,1661.6539942407605,2382.8015533924104,1918.1561775883267,1921.2724800185058,1928.507563158212,2545.9080200978765,3113.7264854741434,product,0.9842940796557116,,2036.0,2036.0,2036.0,2036.0,2036.0,0.020005895647047262,0.020005895647047262,0.020005895647047262,0.020005895647047262,0.020005895647047262,0.367560417543503,0.3676643647204079,0.368293544551773,0.47197774814928195,0.5512151402744386,0.009812245757573125,0.16171701792151397,0.16174879168191125,0.16221314724837124,0.17749402424579744,0.1944864219074697,0.004237942217617166,0.14996928027694656,0.15028219130343407,0.15131247161183561,0.15621554659392323,0.16656392555307337,0.027042760925466227,0.31013205097504315,0.31091534216520983,0.31192577236523816,0.35563189409163637,0.39800948728282154
bayesfl_observability_v1,vi_update_snr_prune098_keep002_seed42,43,vi,mnist,mlp,0,0,0.1,0.5,300,24,0.05,15,4163,4163,5,256,0.05,42,1,5,5,4.469661347568035,2.3844010047614574,0.009321104735136032,2.0847203359007835,0,15,10,0.7511,0.7081460788726807,2087.060742302673,0.7511,0.2489,0.7081460788726807,0.7081460788726807,0.3467786584854126,0.07692031144648795,0.16340817073463954,0.8280203169822693,0.4890709632873535,10000,0.7511,0.7081460788726807,0.7081460788726807,0.3467786584854126,0.07692031144648795,0.16340817073463954,0.8280203169822693,0.4890709632873535,0.7511,0.7081495069503784,0.7081495069503784,0.34678080167770386,0.07691992580443621,0.16192010979738525,0.8280199339866638,0.48906990938186645,0.001,5,0.48906990938186645,0.4890696413040161,2.680778503627579e-07,0.4890696413040161,2.680778503627579e-07,1.4295771026695548e-08,2.4831238666814888e-08,0,,,,,,,,,,,,,,,,,,,,,,,,,,,,,4.0420984663933375,0.38368205094505337,3.7655880148059717,4.749591266477852,0.9846286555694324,1250.9728649628958,654.3178402640928,,,2252.044503405724,453.1640220702709,2252.044503405724,453.1640220702709,1250.9728649628958,654.3178402640928,2252.044503405724,453.1640220702709,,,,,,,,,0.05,1e-05,1,product,1.0,,,,,,,,,,,,,,,,,,,,,,,,1.0,,,1,101770,23.303406380337524,0.05768759841598194,0.04481272785214641,0.04803309217095375,0.11984485238790513,0.061261024596523744,0.0029063765159362477,0.04567963257431984,0.0575377956032753,0.059389048255980015,0.061322882771492004,0.06319358199834824,0.0648352101445198,0.06587323658168316,0.07599744200706482,268.29015109037925,25.95974605739179,173.141845703125,265.92236328125,302.0602600097656,479.24188232421875,382.79362338837825,-568638.5859698723,-139913.91847354925,0.947287792498802,0.7453619430859575,1.8318975407284514e-05,0.1453756574471333,0.36884436007707766,0.7820116620642801,1.3520477727952138,1.971245195916615,2.3930758416025206,7.78833882724875,-4.151251627935361,9.744211330738388,-16.75016616459148,-2.1357354060361926,5.894812958491877,0.3357374471848285,0.6083030362582293,0.9041367790114965,0.9997445219612853,0.39169696374177065,0.09586322098850349,0.0002554780387147489,39863,9756,26,4.496360456943168,0.05973872449249029,,1.8383620847508204,0.27456161422051406,0.0031227480182560653,,,,268.2901611328125,25.959745407104492,23.303406380337524,0.06126102805137634,1,update_snr,0.02,20,100,,,,2036.0,0.0,0.020005895647047262,0.0,0.4202009716991828,0.07393289730892684,0.17090022069826832,0.15498860691835523,0.334938841809211,1526550,2036.0,30540,0.020005895647047262,12212400,610800,244320,366480,0.9499852608823819,0.5576228628194926,0.3692247727667284,,,1.733970975419362,,277.53333333333336,364.7157553797508,1.0,1143.0,random,,,,,,,,,,,,,,snr_histograms.csv,calibration_bins.csv,0.001,237.8910934448242,250.411376953125,283.52232360839844,314.5827682495116,-94.74197593332781,-8.663137058013582,2.6198407412793427,7.579129248030255,17.828896739866874,757.6103727817535,765.4334704208374,840.7177116394043,2367.7926758708954,2581.480244522095,1925.6851171434118,1929.5370458057089,1939.9880213456067,2963.0568237216835,3093.6516313082425,1925.6851171434118,1929.5370458057089,1939.9880213456067,2963.0568237216835,3093.6516313082425,3.7688058325485883,3.7802101678352544,4.662130508171358,0.002930226561734014,0.979136138932249,0.9798728221734728,0.9866172142297656,0.9867048225432814,0.9867106009218848,757.6103727817535,765.4334704208374,840.7177116394043,2367.7926758708954,2581.480244522095,1925.6851171434118,1929.5370458057089,1939.9880213456067,2963.0568237216835,3093.6516313082425,product,0.9812090594267102,,2036.0,2036.0,2036.0,2036.0,2036.0,0.020005895647047262,0.020005895647047262,0.020005895647047262,0.020005895647047262,0.020005895647047262,0.367543425149281,0.3678924782750018,0.3685233260628978,0.5196659335702699,0.5499199008878599,0.012342818514176528,0.16195393667451483,0.16231175040784598,0.1629207210231924,0.19327143241526157,0.19428872068495165,0.006803378904488346,0.14972613117056088,0.15029551108261324,0.1517229406696154,0.16726611307837944,0.17066621545643704,0.03375490783712655,0.31105680969879806,0.3112564138738618,0.31214101990133986,0.39020484713771036,0.397240763519228
bayesfl_observability_v1,vi_update_snr_prune098_keep002_seed42,44,vi,mnist,mlp,0,0,0.1,0.5,300,24,0.05,15,2178,2178,5,256,0.05,42,1,5,5,4.7059650383889675,2.590711858123541,0.007429007440805435,2.114786598831415,0,15,12,0.8006,0.5733777576446534,1755.2140042671272,0.8006,0.19940000000000002,0.5733777576446534,0.5733777576446534,0.275699302482605,0.021920366698503523,0.17576095461845398,0.8225203711509704,0.5104492499351502,10000,0.8006,0.5733777576446534,0.5733777576446534,0.275699302482605,0.021920366698503523,0.17576095461845398,0.8225203711509704,0.5104492499351502,0.8006,0.5733789163589478,0.5733789163589478,0.2756994825839996,0.021920016016066097,0.17566929757595062,0.8225200212478637,0.510448122549057,0.001,5,0.510448122549057,0.5104478426933289,2.7985572814692716e-07,0.5104478426933289,2.7985572814692716e-07,1.4287170918692028e-08,2.4474626198823546e-08,0,,,,,,,,,,,,,,,,,,,,,,,,,,,,,3.9400446320472664,0.34674613306711966,3.7549781612141526,4.647432247530316,0.9859161320621971,1045.2611671336492,482.27335863510626,,,2124.739009554253,404.00571024835943,2124.739009554253,404.00571024835943,1045.2611671336492,482.27335863510626,2124.739009554253,404.00571024835943,,,,,,,,,0.05,1e-05,1,product,1.0,,,,,,,,,,,,,,,,,,,,,,,,1.0,,,1,101770,23.675827638885785,0.05861219712539324,0.0455254615329967,0.04876759089529514,0.12183539122343066,0.06132396100103779,0.0029122789909981493,0.04567963257431984,0.05757227540016174,0.05945731699466705,0.0613933801651001,0.06326794438064098,0.06490038558840752,0.06593002751469612,0.07599744200706482,267.7445112131124,25.94991071640641,173.141845703125,265.31199645996094,301.69854736328125,479.24188232421875,383.58228010216874,-568430.1181219848,-139809.68454957934,0.9614869557523772,0.7564366275927766,1.8318975407284514e-05,0.1463811690450416,0.3736747037910911,0.7930268710693709,1.374765063310724,2.003346464061894,2.4296483241520486,7.78833882724875,-4.042357957688997,9.80091182500643,-16.690295775211037,-2.014241934466847,6.035121276610822,0.33116832072319935,0.601670433330058,0.8994300874520978,0.9996757394124005,0.398329566669942,0.10056991254790214,0.000324260587599489,40538,10235,33,4.121401197489839,0.05824844818562269,,1.8320997131611698,0.38705234159779617,0.002295684113865932,,,,267.7445068359375,25.94991111755371,23.675827638885785,0.06132395938038826,1,update_snr,0.02,20,100,,,,2036.0,0.0,0.020005895647047262,0.0,0.3993234768400834,0.06377361183213048,0.16769088004777824,0.1535577225167057,0.3262709252687569,1526550,2036.0,30540,0.020005895647047262,12212400,610800,244320,366480,0.9499852608823819,0.6433767882167385,0.4184721289870074,,,1.6629125873565278,,145.2,218.4586001969252,1.0,843.0,random,,,,,,,,,,,,,,snr_histograms.csv,calibration_bins.csv,0.001,237.413525390625,249.8230857849121,282.87162017822266,314.0162689208984,-94.74197593332781,-8.55012602146438,2.764569738943407,7.710868336099344,17.828896739866874,776.9627956867218,787.8452170944214,828.8064943313599,1699.859141778946,2461.2285327196123,1910.4595260631572,1913.4625969149808,1925.855239890647,2931.742381750354,2936.6396464775394,1910.4595260631572,1913.4625969149808,1925.855239890647,2931.742381750354,2936.6396464775394,3.75696478869942,3.768457887667018,4.6283308157039,0.0025492723155664467,0.9807138026816282,0.9808622950252875,0.9871736408820215,0.987248447192872,0.9872748161817321,776.9627956867218,787.8452170944214,828.8064943313599,1699.859141778946,2461.2285327196123,1910.4595260631572,1913.4625969149808,1925.855239890647,2931.742381750354,2936.6396464775394,product,0.984732270652623,,2036.0,2036.0,2036.0,2036.0,2036.0,0.020005895647047262,0.020005895647047262,0.020005895647047262,0.020005895647047262,0.020005895647047262,0.36663163380866853,0.36695816003465187,0.36781184147911367,0.5191792275811513,0.5416934080186987,0.011447276035020984,0.1614090027182615,0.16146271815302424,0.1620455319053697,0.18991132342625797,0.19258090979128936,0.0060932145639584255,0.14971526481299263,0.15004461960396606,0.1506510425735802,0.1641200843173788,0.16837868233230607,0.0302884456591896,0.31009850984349946,0.31045011562512015,0.3114299609646095,0.38624784776096077,0.3886524241013899
bayesfl_observability_v1,vi_update_snr_prune098_keep002_seed42,45,vi,mnist,mlp,0,0,0.1,0.5,300,24,0.05,15,2462,2462,5,256,0.05,42,1,5,5,4.458461526781321,2.290741492062807,0.007775884121656418,2.167272560298443,0,15,12,0.8116,0.571066982460022,1703.3444250937484,0.8116,0.1884,0.571066982460022,0.571066982460022,0.2670989273071289,0.017423380813002605,0.1497579216957092,0.8288759295463562,0.49772382531166076,10000,0.8116,0.571066982460022,0.571066982460022,0.2670989273071289,0.017423380813002605,0.1497579216957092,0.8288759295463562,0.49772382531166076,0.8116,0.5710808502197265,0.5710808502197265,0.2671062298774719,0.017401808322966103,0.14969105025132495,0.8288746719360351,0.4977248610496521,0.001,5,0.4977248610496521,0.4977245879650116,2.7308464045638914e-07,0.4977245879650116,2.7308464045638914e-07,1.3643947590935567e-08,2.335820517282111e-08,12,0.9628438497444691,0.9578040438462626,0.06365929279136065,0.7894736842105263,0.9009090909090909,0.9147727272727273,1.0,1.0,1.0,1.0,0.15631639421397867,0.15150568893498842,0.2113756124268353,0.00023582734866067767,0.019802539298931755,0.6945251163683439,,,0.15150568893498842,,,,,,,,,,3.8061092435180504,0.15745381770898206,3.753477768207787,4.394592188799663,0.9873067751088792,936.0140372876525,429.33031536305725,,,1967.1831061226535,191.89770141661216,1967.1831061226535,191.89770141661216,936.0140372876525,429.33031536305725,1967.1831061226535,191.89770141661216,,,,,,,,,0.05,1e-05,1,product,1.0,,,,,,,,,,,,,,,,,,,,,,,,1.0,,,1,101770,23.956370000972754,0.05931177418391683,0.046058388456708135,0.04941541142761707,0.12317630201578142,0.06138602583737303,0.0029127638667793697,0.046169981360435486,0.05762834846973419,0.059515487402677536,0.061466604471206665,0.06333320960402489,0.06495839357376099,0.06597389318048955,0.07599744200706482,267.20117956256894,25.890193537027116,173.141845703125,264.6802673339844,301.11170043945316,469.1163635253906,384.3576453447914,-568223.8887832572,-139706.56988018958,0.9719842795239935,0.7646408687238994,5.69155561446632e-06,0.14879337864831838,0.376735142459681,0.8024431722882044,1.3874209751790616,2.0240058985614136,2.4549668495172625,8.056567389450267,-3.9472156004766634,9.80448880438421,-16.54832789202485,-1.9117142779104477,6.124235475592072,0.32789623661196815,0.596560872555763,0.8958828731453277,0.9996953915692247,0.403439127444237,0.1041171268546723,0.0003046084307752776,41058,10596,31,3.7540992672470277,0.06283112987875938,,1.75194045639753,0.5097481722177092,0.0012185215272136475,,,,267.20123291015625,25.890193939208984,23.956370000972754,0.061386026442050934,1,update_snr,0.02,20,100,,,,2036.0,0.0,0.020005895647047262,0.0,0.3768972141177558,0.037144156814783634,0.1627451867594591,0.1506166844244109,0.3141103563539264,1526550,2036.0,30540,0.020005895647047262,12212400,610800,244320,366480,0.9499852608823819,0.5221062244017088,0.4115385073420595,,,1.758826511470437,,164.13333333333333,298.8265643405143,3.0,1255.0,random,,,,,,,,,,,,,,snr_histograms.csv,calibration_bins.csv,0.001,236.98968505859375,249.30844497680664,282.31893157958984,313.5640594482422,-104.89537879645945,-8.4792773243934,2.84416511640248,7.800912640576426,18.12300088236761,771.2963842496276,782.3566886520385,814.687276649475,889.5423694610596,2536.3501303482058,1905.4764781194303,1907.3864173376062,1914.2872290595626,1931.231550831307,2684.643360427411,1905.4764781194303,1907.3864173376062,1914.2872290595626,1931.231550831307,2684.643360427411,3.75576926879859,3.762218986787887,3.779429266219285,0.0010868099062902761,0.9832437158899169,0.9875010336569194,0.9876014061605366,0.9876369642273553,0.987656511852113,771.2963842496276,782.3566886520385,814.687276649475,889.5423694610596,2536.3501303482058,1905.4764781194303,1907.3864173376062,1914.2872290595626,1931.231550831307,2684.643360427411,product,0.9876455559774704,0.2113756124268353,2036.0,2036.0,2036.0,2036.0,2036.0,0.020005895647047262,0.020005895647047262,0.020005895647047262,0.020005895647047262,0.020005895647047262,0.36609925499336016,0.36626832784956875,0.36692315972533857,0.36790759312431504,0.5158623169851507,0.0038411998702040278,0.16110100627448848,0.16131214342522712,0.1616704680472051,0.16252101809740707,0.1770416606895491,0.0006501214703053353,0.14942032804723726,0.1497333246815369,0.1506390807525278,0.1514691018320082,0.15185745227817798,0.01344564702578129,0.3098771890720406,0.3099544762302953,0.3105390658588922,0.31140997068085524,0.3643857177115283
bayesfl_observability_v1,vi_update_snr_prune098_keep002_seed42,46,vi,mnist,mlp,0,0,0.1,0.5,300,24,0.05,15,2551,2551,5,256,0.05,42,1,5,5,4.525684487074614,2.450255587697029,0.00805671513080597,2.0749367251992226,0,15,11,0.8288,0.5222288719415664,1917.5683323998426,0.8288,0.17120000000000002,0.5222288719415664,0.5222288719415664,0.24393032349348068,0.008557366389036206,0.19597672671079636,0.828895913696289,0.5031429322719574,10000,0.8288,0.5222288719415664,0.5222288719415664,0.24393032349348068,0.008557366389036206,0.19597672671079636,0.828895913696289,0.5031429322719574,0.8291,0.5222246833562851,0.5222246833562851,0.24392593345642088,0.008135587759315987,0.19595205038785934,0.82889717502594,0.5031400814533233,0.001,5,0.5031400814533233,0.5031397964477539,2.8500556947808064e-07,0.5031397964477539,2.8500556947808064e-07,1.4151391175687422e-08,2.4535826148452877e-08,0,,,,,,,,,,,,,,,,,,,,,,,,,,,,,3.876201194445242,0.2928277587686422,3.7575188344760386,4.804814106163861,0.9870927468135184,1002.8714823360575,527.9578460851508,,,2046.4547335395612,350.04090753063826,2046.4547335395612,350.04090753063826,1002.8714823360575,527.9578460851508,2046.4547335395612,350.04090753063826,,,,,,,,,0.05,1e-05,1,product,1.0,,,,,,,,,,,,,,,,,,,,,,,,1.0,,,1,101770,24.279426880734682,0.06011252010459963,0.0466783192426642,0.05001161806285381,0.12488907426595688,0.06145026142591547,0.0029168530105647497,0.04578021541237831,0.05769068151712418,0.059579201973974705,0.061536166816949844,0.06339481845498085,0.06502281874418259,0.06603638008236884,0.07785145938396454,266.6452179024048,25.863742977745407,164.9933624267578,264.0821990966797,300.4613708496094,477.13836669921875,385.16308358947305,-568011.2404991983,-139600.24573813344,0.9840961048124367,0.7742551181127827,5.69155561446632e-06,0.151453202507073,0.3820745957363123,0.8120538905570849,1.4046759937297795,2.0487786103368393,2.48098588195966,8.261162698189747,-3.83517993058638,9.78797102903443,-16.394430785422028,-1.8083029732696674,6.229900627125717,0.32378893583570795,0.5915692247224132,0.8918640070747764,0.9996167829419279,0.4084307752775867,0.10813599292522354,0.00038321705807212343,41566,11005,39,3.9932858453255924,0.05996652878820896,,1.5184316075433084,0.45981967855742845,0.0015680125441003528,,,,266.6452331542969,25.86374282836914,24.279426880734682,0.061450254172086716,1,update_snr,0.02,20,100,,,,2036.0,0.0,0.020005895647047262,0.0,0.38898486903794727,0.057818761803819514,0.1648519154819745,0.1515583104066534,0.32002510329170675,1526550,2036.0,30540,0.020005895647047262,12212400,610800,244320,366480,0.9499852608823819,0.5600019432499843,0.47797713955636917,,,1.7073225715877884,,170.06666666666666,304.3689573892552,4.0,1161.0,random,,,,,,,,,,,,,,snr_histograms.csv,calibration_bins.csv,0.001,236.5202850341797,248.82411193847656,281.7154312133789,313.02177276611326,-104.89537879645945,-8.357036758657028,2.951523205545383,7.892485858325264,18.340823507842135,763.1831981420517,767.0967351627351,793.5701384544373,1639.123028739094,2537.030736160278,1905.7140621437604,1909.8933794339496,1912.9461185711357,2376.236698778169,3148.4136374693217,1905.7140621437604,1909.8933794339496,1912.9461185711357,2376.236698778169,3148.4136374693217,3.7617840420345363,3.764934011006188,4.146639121596698,0.0020753253934103753,0.98041004767501,0.985277687897911,0.9878801654684538,0.9878993670925422,0.9879106648123467,763.1831981420517,767.0967351627351,793.5701384544373,1639.123028739094,2537.030736160278,1905.7140621437604,1909.8933794339496,1912.9461185711357,2376.236698778169,3148.4136374693217,product,0.9863818021077381,,2036.0,2036.0,2036.0,2036.0,2036.0,0.020005895647047262,0.020005895647047262,0.020005895647047262,0.020005895647047262,0.020005895647047262,0.3656747783127043,0.36616437456839723,0.3666406062710713,0.45484407152568007,0.5567523720363106,0.009056079178668743,0.16111231454718442,0.16139871025389657,0.1615716911756033,0.17091433643690945,0.19570732084030065,0.004433104798669635,0.14935880027459153,0.1498854653627333,0.1502769119429192,0.15124249290106934,0.16804416383148157,0.025356316714237544,0.30984403069283806,0.31000908980342,0.3104290775569145,0.34338121436480806,0.4004101960309232
bayesfl_observability_v1,vi_update_snr_prune098_keep002_seed42,47,vi,mnist,mlp,0,0,0.1,0.5,300,24,0.05,15,2767,2767,5,256,0.05,42,1,5,5,4.81403236836195,2.7669165581464767,0.007480040192604065,2.046698797494173,0,15,10,0.8265,0.54794565243721,1854.7876720011384,0.8265,0.1735,0.54794565243721,0.54794565243721,0.2514561553478241,0.011388695995509634,0.03537592916719379,0.8323921162605286,0.4964180260658264,10000,0.8265,0.54794565243721,0.54794565243721,0.2514561553478241,0.011388695995509634,0.03537592916719379,0.8323921162605286,0.4964180260658264,0.8264,0.5479449514389038,0.5479449514389038,0.2514563065290451,0.011353788970410799,0.03534553488416059,0.8323924613952637,0.4964181228637695,0.001,5,0.4964181228637695,0.4964178539276123,2.6893615723277975e-07,0.4964178539276123,2.6893615723277975e-07,1.3241259702567732e-08,2.3443382684618403e-08,0,,,,,,,,,,,,,,,,,,,,,,,,,,,,,4.068108362027327,0.4308878114546157,3.752111773120849,4.7639068397738855,0.9861146586303745,1170.3036695363126,541.876214053224,,,2261.6811418450166,501.03879398487095,2261.6811418450166,501.03879398487095,1170.3036695363126,541.876214053224,2261.6811418450166,501.03879398487095,,,,,,,,,0.05,1e-05,1,product,1.0,,,,,,,,,,,,,,,,,,,,,,,,1.0,,,1,101770,24.678106125886902,0.06112011489972962,0.04741836116421615,0.05083283968269825,0.12702697813510905,0.06151752084097571,0.002932584287171593,0.04633418098092079,0.05773997195065021,0.05963436234742403,0.06160915270447731,0.06346324644982815,0.0651109904050827,0.06613367274403571,0.07785145938396454,266.07852704877575,25.92680429997084,164.9933624267578,263.4568786621094,299.9486297607422,465.7973327636719,386.01416169733227,-567790.5852943675,-139489.91813569088,0.9995791105497631,0.7857704977651351,1.3606152638913144e-05,0.15333632704266364,0.38709722640037164,0.8252714835499242,1.4279968012975908,2.083130236638819,2.5151745045096625,8.354537418749626,-3.7016339437116024,9.793212629010807,-16.2870988777754,-1.6680632250535545,6.374328451307087,0.3192198093740788,0.5839441878746192,0.8864400117912941,0.9995873047066915,0.4160558121253808,0.1135599882087059,0.0004126952933084406,42342,11557,42,4.490959586916239,0.05877275764942169,,1.6003481752655364,0.3809179616913625,0.0007228044813877846,,,,266.0785217285156,25.92680549621582,24.678106125886902,0.06151752173900604,1,update_snr,0.02,20,100,,,,2036.0,0.0,0.020005895647047262,0.0,0.420267443359464,0.07668188010508586,0.17147281768786865,0.1555986986994922,0.3366546613336631,1526550,2036.0,30540,0.020005895647047262,12212400,610800,244320,366480,0.9499852608823819,0.5907456132262071,0.39221954261329905,,,1.7205449229336043,,184.46666666666667,240.19238585396963,1.0,791.0,random,,,,,,,,,,,,,,snr_histograms.csv,calibration_bins.csv,0.001,235.8801467895508,248.28782653808594,281.1945114135742,312.4581344604492,-97.3252925870218,-8.24359880915867,3.0945446922116164,8.011362441651332,18.438448170056457,760.8680098056793,777.5932740926743,822.744624710083,1976.4736590194702,2323.303936737776,1896.2730654002962,1905.8326132565512,1911.198998818072,2947.5810728069355,3086.4619443919573,1896.2730654002962,1905.8326132565512,1911.198998818072,2947.5810728069355,3086.4619443919573,3.762381513779674,3.7664612643153905,4.669272059320098,0.0029524031096360872,0.9812779308641457,0.9819981535865695,0.9881733788537785,0.988204635759295,0.9882905046418623,760.8680098056793,777.5932740926743,822.744624710083,1976.4736590194702,2323.303936737776,1896.2730654002962,1905.8326132565512,1911.198998818072,2947.5810728069355,3086.4619443919573,product,0.98330209811424,,2036.0,2036.0,2036.0,2036.0,2036.0,0.020005895647047262,0.020005895647047262,0.020005895647047262,0.020005895647047262,0.020005895647047262,0.3654118313331714,0.3657563021444553,0.36674591924122024,0.5309130067243862,0.5490605823715673,0.014475667962432734,0.16079439437001306,0.1610976878664021,0.16146517542684616,0.19324567423125774,0.19365439585359262,0.008114368281319104,0.14962985847166382,0.14967447577723897,0.150510204074557,0.16911084346816788,0.17014392105216491,0.037669224137726116,0.30873875585654137,0.3099024448360861,0.31043208650196535,0.38983801318176303,0.39713779327558035
bayesfl_observability_v1,vi_update_snr_prune098_keep002_seed42,48,vi,mnist,mlp,0,0,0.1,0.5,300,24,0.05,15,4252,4252,5,256,0.05,42,1,5,5,4.490160070359707,2.260308276861906,0.00769636407494545,2.229387443512678,0,15,12,0.7999,0.6123006376743316,1993.2323070210778,0.7999,0.20009999999999994,0.6123006376743316,0.6123006376743316,0.28610477948188784,0.036960910069942496,0.08055091708845608,0.8350334403038024,0.47506050715446474,10000,0.7999,0.6123006376743316,0.6123006376743316,0.28610477948188784,0.036960910069942496,0.08055091708845608,0.8350334403038024,0.47506050715446474,0.8,0.6122895972251892,0.6122895972251892,0.28609923696517947,0.03686195912808181,0.0806838403163117,0.8350353168487549,0.47505788054466247,0.001,5,0.47505788054466247,0.475057600402832,2.8014183045543817e-07,0.475057600402832,2.8014183045543817e-07,1.4699343432766909e-08,2.6571325708341848e-08,0,,,,,,,,,,,,,,,,,,,,,,,,,,,,,4.18294294132168,0.45008008315812276,3.7616163100304765,4.801118378788158,0.985790158383588,1319.9051349201732,617.16813409887,,,2390.378310867917,523.2255185633704,2390.378310867917,523.2255185633704,1319.9051349201732,617.16813409887,2390.378310867917,523.2255185633704,,,,,,,,,0.05,1e-05,1,product,1.0,,,,,,,,,,,,,,,,,,,,,,,,1.0,,,1,101770,25.153804798487396,0.062323161756348076,0.048300309125809925,0.0519427340477705,0.12902604341506962,0.061594882634071854,0.0029604544398871106,0.04713208228349686,0.05778803825378418,0.05970039777457714,0.06167999282479286,0.06355228275060654,0.06522916704416275,0.06626546755433083,0.07785145938396454,265.441156831996,26.083129124528917,164.9933624267578,262.85205078125,299.4498565673828,450.1598205566406,387.0001538468097,-567538.6413435079,-139363.94616023055,1.0179232861840273,0.7992479982173955,4.6454347744034095e-05,0.1554812076396479,0.3945928856998717,0.8434240307918285,1.4550895824251997,2.115851850283561,2.557377994017747,9.078269015434744,-3.5338940203830367,9.771426004577211,-16.166441898263038,-1.4790805849898059,6.509705111548093,0.3137663358553601,0.5746781959320035,0.8808981035668665,0.9994792178441584,0.42532180406799647,0.11910189643313354,0.0005207821558416036,43285,12121,53,4.806728269441359,0.06275664363056421,,1.822415922559669,0.34689557855127,0.00047036688617121356,,,,265.441162109375,26.083127975463867,25.153804798487396,0.0615948885679245,1,update_snr,0.02,20,100,,,,2036.0,0.0,0.020005895647047262,0.0,0.44095863643061517,0.08040610852642896,0.17500375798655327,0.15719880188267946,0.3461482894541585,1526550,2036.0,30540,0.020005895647047262,12212400,610800,244320,366480,0.9499852608823819,0.8335281000837399,0.44304272117622523,,,1.4634823314852805,,283.46666666666664,320.0520513222116,2.0,1094.0,random,,,,,,,,,,,,,,snr_histograms.csv,calibration_bins.csv,0.001,235.02622833251954,247.59262466430664,280.57279205322266,312.1422882080078,-86.65947248071194,-8.07701498369507,3.25779462869899,8.155898469894046,19.160060960047247,734.067923283577,748.024111700058,844.7816289901733,2189.210056915283,2472.7402351760866,1900.7989475191976,1903.653406491697,1917.293683016662,3037.3397328307224,3129.3758028388547,1900.7989475191976,1903.653406491697,1917.293683016662,3037.3397328307224,3129.3758028388547,3.7634546712003263,3.7768281852090384,4.736357587221931,0.0029950601016658232,0.9816106784969353,0.9820797044350486,0.9884897492140591,0.988564700537407,0.9885820855030018,734.067923283577,748.024111700058,844.7816289901733,2189.210056915283,2472.7402351760866,1900.7989475191976,1903.653406491697,1917.293683016662,3037.3397328307224,3129.3758028388547,product,0.9815719602088495,,2036.0,2036.0,2036.0,2036.0,2036.0,0.020005895647047262,0.020005895647047262,0.020005895647047262,0.020005895647047262,0.020005895647047262,0.3655984000630751,0.366001427063002,0.3675779954123733,0.5369741745899301,0.5523776937127575,0.015098748195789307,0.16092471095558197,0.16112443907527338,0.1617655437101806,0.1936004049455391,0.19526161675412343,0.008674553323041536,0.1489856159296789,0.14959066760025508,0.15063679438569016,0.1681314186275149,0.16871218166403856,0.03929766022012023,0.30940596909207674,0.3094743698602751,0.31095406703388806,0.3945371407557373,0.3982450513792748
bayesfl_observability_v1,vi_update_snr_prune098_keep002_seed42,49,vi,mnist,mlp,0,0,0.1,0.5,300,24,0.05,15,4023,4023,5,256,0.05,42,1,5,5,4.513133767992258,2.438598658889532,0.008619770407676697,2.0740954987704754,0,15,13,0.8234,0.5389762874603271,1826.7100168483103,0.8234,0.17659999999999998,0.5389762874603271,0.5389762874603271,0.25516488404273985,0.019811698339879516,0.16684024737161746,0.8416088680267334,0.46288275985717775,10000,0.8234,0.5389762874603271,0.5389762874603271,0.25516488404273985,0.019811698339879516,0.16684024737161746,0.8416088680267334,0.46288275985717775,0.8234,0.5389876529693604,0.5389876529693604,0.25516975791454316,0.019821990837156748,0.16689266615054185,0.8416058096885681,0.4628890697956085,0.001,5,0.4628890697956085,0.4628887821674347,2.87628173833987e-07,0.4628887821674347,2.87628173833987e-07,1.3997627439721328e-08,2.4961476760195236e-08,0,,,,,,,,,,,,,,,,,,,,,,,,,,,,,4.13256009787966,0.4438199968804513,3.7564935828037522,4.773770597381245,0.9866323946932543,1243.486338355806,569.2970097952413,,,2324.020063571057,512.8778790578151,2324.020063571057,512.8778790578151,1243.486338355806,569.2970097952413,2324.020063571057,512.8778790578151,,,,,,,,,0.05,1e-05,1,product,1.0,,,,,,,,,,,,,,,,,,,,,,,,1.0,,,1,101770,25.55894153567434,0.06334687011609857,0.04905255388361464,0.052850840613245964,0.13117603510618217,0.06166629757220781,0.002981014844347506,0.04668718948960304,0.05783456228673458,0.05975766479969025,0.06174895353615284,0.0636320412158966,0.0653193473815918,0.06637558005750178,0.07785145938396454,264.8485975423121,26.18116869442062,164.9933624267578,262.26527404785156,298.96827087402346,458.7800598144531,387.90843568583665,-567305.5468797175,-139247.39892830697,1.0334542122583092,0.8107985340557485,4.8861800219128535e-05,0.15878657104072413,0.40174549039757207,0.8557994232853732,1.4742573354003339,2.15102726979322,2.6016421590057117,9.078269015434744,-3.3812288369051604,9.71220389798207,-15.983724594070893,-1.3525602113419621,6.652918324402592,0.3085879925321804,0.5676427237889359,0.8753365431856146,0.9994006092168616,0.4323572762110642,0.12466345681438538,0.0005993907831384495,44001,12687,61,4.604111384705445,0.06231331080198288,,2.1370345974446137,0.2421078796917723,0.0004971414367387521,,,,264.8486022949219,26.181169509887695,25.55894153567434,0.06166629493236542,1,update_snr,0.02,20,100,,,,2036.0,0.0,0.020005895647047262,0.0,0.4300188227719762,0.07938906695549831,0.1733264317342557,0.15660192652848656,0.3413788498478546,1526550,2036.0,30540,0.020005895647047262,12212400,610800,244320,366480,0.9499852608823819,0.7357273762459275,0.3478602386938569,,,1.5701565940845907,,268.2,282.81282384880166,2.0,974.0,random,,,,,,,,,,,,,,snr_histograms.csv,calibration_bins.csv,0.001,234.37771759033203,246.97232055664062,280.0353012084961,311.7218978881835,-86.22061054868038,-7.920979791151585,3.371465947125196,8.304951230569031,19.160060960047247,747.1995409488678,765.634067955017,832.6402928352356,2020.237103309631,2415.315572166443,1891.9306579971146,1896.00660071649,1909.953753724435,2968.1474387640324,3084.6817934251308,1891.9306579971146,1896.00660071649,1909.953753724435,2968.1474387640324,3084.6817934251308,3.760236602335871,3.773587946040161,4.686997796367585,0.002848914629171145,0.9824122973186764,0.9830673856815731,0.9889275446624642,0.9890080531854549,0.9890426007329607,747.1995409488678,765.634067955017,832.6402928352356,2020.237103309631,2415.315572166443,1891.9306579971146,1896.00660071649,1909.953753724435,2968.1474387640324,3084.6817934251308,product,0.9836416592692524,,2036.0,2036.0,2036.0,2036.0,2036.0,0.020005895647047262,0.020005895647047262,0.020005895647047262,0.020005895647047262,0.020005895647047262,0.36479637616531324,0.36522660472435986,0.36613032777572674,0.5327615011839789,0.5495661094895278,0.014774141265680323,0.1605635825631492,0.16073255935009975,0.16149446607209736,0.1927835917517517,0.19446695656312257,0.008052557777068028,0.14886570970234098,0.14946907579309116,0.15067147514959972,0.1672420145553902,0.17066384214894792,0.03900624973825236,0.30855646599446,0.3091996374040794,0.31023549817025703,0.39069682404126654,0.3957711450375279
bayesfl_observability_v1,vi_update_snr_prune098_keep002_seed42,50,vi,mnist,mlp,0,0,0.1,0.5,300,24,0.05,15,2690,2690,5,256,0.05,42,1,5,5,4.610722661018372,2.337998144328594,0.00793243944644928,2.272248826920986,0,15,11,0.7933,0.6338200430870056,1471.4005139167305,0.7933,0.2067,0.6338200430870056,0.6338200430870056,0.2970499994277954,0.04433527340441947,0.19088710844516754,0.8362933983802795,0.4649420889377594,10000,0.7933,0.6338200430870056,0.6338200430870056,0.2970499994277954,0.04433527340441947,0.19088710844516754,0.8362933983802795,0.4649420889377594,0.7932,0.6338147986412048,0.6338147986412048,0.29704948344230653,0.04424276846796279,0.19110950827598572,0.8362952518463135,0.4649383153915405,0.001,5,0.4649383153915405,0.46493802938461304,2.8600692747460243e-07,0.46493802938461304,2.8600692747460243e-07,1.5593996668883392e-08,2.8167504631978183e-08,13,0.939236254282971,0.9537456008044243,0.06887498457096226,0.7777777777777778,0.8542222222222222,0.9333333333333333,1.0,1.0,1.0,1.0,0.19091205779196194,0.15365714286403337,0.19036487470478433,4.7830391849856824e-05,0.07650870084762573,0.6058143509758843,,,0.15365714286403337,,,,,,,,,,3.953568283180613,0.3670409983267905,3.7562611124333656,4.790564626115463,0.9881577973588267,1025.2029618487425,415.78186852678493,,,2112.656676188433,423.27417805877377,2112.656676188433,423.27417805877377,1025.2029618487425,415.78186852678493,2112.656676188433,423.27417805877377,,,,,,,,,0.05,1e-05,1,product,1.0,,,,,,,,,,,,,,,,,,,,,,,,1.0,,,1,101770,25.88989393260492,0.06414297289024597,0.04971888771922013,0.05345035344362259,0.1330870807170868,0.061726871631849936,0.0029827782385080668,0.047546643763780594,0.05789509117603302,0.059816732071340084,0.061811937019228935,0.06369734741747379,0.06538010612130166,0.06643266826868058,0.07785145938396454,264.32861808528713,26.1355641116043,164.9933624267578,261.73109436035156,298.34344787597655,442.3441162109375,388.6701782035305,-567105.5896439791,-139147.42031041282,1.0454525472714595,0.8210071824173921,4.8861800219128535e-05,0.16096625017414345,0.4055573674157232,0.8647890084836599,1.4928295600771562,2.178321770702274,2.6321979196182714,9.452163066567921,-3.2819816608779737,9.707401058016568,-15.865303460910212,-1.2617967810732877,6.762440638853575,0.306131472929154,0.5626805541908224,0.8716910680947234,0.9992728701975042,0.43731944580917753,0.1283089319052766,0.0007271298024958239,44506,13058,74,4.105591881100287,0.059577010571956635,,1.7695167963685108,0.36988847583643125,0.0007434944237918215,,,,264.32861328125,26.135562896728516,25.88989393260492,0.06172686815261841,1,update_snr,0.02,20,100,,,,2036.0,0.0,0.020005895647047262,0.0,0.3979667944220336,0.06588069030768699,0.16725103565641544,0.1533698815009553,0.32526555717642913,1526550,2036.0,30540,0.020005895647047262,12212400,610800,244320,366480,0.9499852608823819,0.6945094566210029,0.3968691088969848,,,1.6149518938594118,,179.33333333333334,201.47809365343474,2.0,768.0,random,,,,,,,,,,,,outputs/sparse_comm_mnist_noniid_unbalanced/vi_update_snr_prune098_keep002_seed42/posterior_snapshots/round_0050.pt,,snr_histograms.csv,calibration_bins.csv,0.001,233.94231414794922,246.4661521911621,279.4824981689453,311.2027755737303,-86.22061054868038,-7.838954108936522,3.4802045222011233,8.406370827399176,19.5106241074931,756.5691602230072,777.7712432304025,816.713320350647,1671.5836641311644,2135.9675324122113,1887.6825624599699,1892.012817306371,1906.6897148875757,2882.006727398266,3099.4207073991656,1887.6825624599699,1892.012817306371,1906.6897148875757,2882.006727398266,3099.4207073991656,3.7606865993241816,3.774957174226546,4.631583440199639,0.0022768539168474106,0.9829081269329024,0.9839818662149444,0.989269735855445,0.9893389314395555,0.9893619869521524,756.5691602230072,777.7712432304025,816.713320350647,1671.5836641311644,2135.9675324122113,1887.6825624599699,1892.012817306371,1906.6897148875757,2882.006727398266,3099.4207073991656,product,0.9873463106771353,0.19036487470478433,2036.0,2036.0,2036.0,2036.0,2036.0,0.020005895647047262,0.020005895647047262,0.020005895647047262,0.020005895647047262,0.020005895647047262,0.36461838638272154,0.36475399930378327,0.3655339292941948,0.5158782888187728,0.5544499507159953,0.012188468255206317,0.16048720698838545,0.1606309594985552,0.16146041076583786,0.19044545280010242,0.19385336781353105,0.006416044457475286,0.14937106597036076,0.14957873581325837,0.15009732398260378,0.16605796609755705,0.16643957411582339,0.03231762569910844,0.30816537211495165,0.30851579998186696,0.3093190043963658,0.38631452564323127,0.39684016515013026
bayesfl_observability_v1,vi_update_snr_prune098_keep002_seed42,51,vi,mnist,mlp,0,0,0.1,0.5,300,24,0.05,15,2306,2306,5,256,0.05,42,1,5,5,4.613111894577742,2.477885652333498,0.01161443442106247,2.134627353399992,0,15,12,0.7982,0.6387403728485107,1464.6306126228415,0.7982,0.20179999999999998,0.6387403728485107,0.6387403728485107,0.29059189128875734,0.03590076054632661,0.8220715224742889,0.8334636947631836,0.47722177686691286,10000,0.7982,0.6387403728485107,0.6387403728485107,0.29059189128875734,0.03590076054632661,0.8220715224742889,0.8334636947631836,0.47722177686691286,0.7982,0.6387269944190979,0.6387269944190979,0.29058677959442136,0.035899495397508134,0.8220927268266678,0.8334621105194092,0.47722317781448365,0.001,5,0.47722317781448365,0.47722288937568663,2.8843879701367925e-07,0.47722288937568663,2.8843879701367925e-07,1.515513326353357e-08,2.7816607382444628e-08,0,,,,,,,,,,,,,,,,,,,,,,,,,,,,,3.9568033368293127,0.3650499925548891,3.760974267728856,4.762009018985954,0.9884327222485036,1016.4309544514286,417.80629210214687,,,2111.8994609457973,420.6058891506493,2111.8994609457973,420.6058891506493,1016.4309544514286,417.80629210214687,2111.8994609457973,420.6058891506493,,,,,,,,,0.05,1e-05,1,product,1.0,,,,,,,,,,,,,,,,,,,,,,,,1.0,,,1,101770,26.20692283967096,0.0649176965388231,0.05034154237774216,0.05418425425887108,0.13502726256847383,0.06178702414870391,0.0029841952958839816,0.04746096953749657,0.05795572139322758,0.05987747944891453,0.061880312860012054,0.06376024335622787,0.06543628200888633,0.06648987531661987,0.07785145938396454,263.81383582984137,26.0964629331128,164.9933624267578,261.1529846191406,297.71954956054685,443.94256591796875,389.42715641289783,-566907.1922296128,-139048.22160320505,1.0570331028893227,0.8306365142775051,4.8861800219128535e-05,0.16383654763572972,0.40897350712726244,0.8748885766699046,1.508252469715417,2.2047286625142135,2.6590755045869376,10.241481729129408,-3.1876390747575805,9.715468281446942,-15.711784249328314,-1.1609450794636427,6.867102963023758,0.3033998231305886,0.557335167534637,0.8677115063378206,0.9992237398054437,0.4426648324653631,0.13228849366217943,0.0007762601945563526,45050,13463,79,4.117598006548293,0.05735772754997015,,1.961687772094351,0.305724197745013,0.0008673026886383347,,,,263.8138122558594,26.096460342407227,26.20692283967096,0.06178702414035797,1,update_snr,0.02,20,100,,,,2036.0,0.0,0.020005895647047262,0.0,0.39741033239981666,0.06523645048448404,0.16728633843301052,0.1535359780873279,0.3251085124800034,1526550,2036.0,30540,0.020005895647047262,12212400,610800,244320,366480,0.9499852608823819,0.6322757266267026,0.26290541934581624,,,1.6640338517667872,,153.73333333333332,176.13383800079097,2.0,648.0,random,,,,,,,,,,,,,,snr_histograms.csv,calibration_bins.csv,0.001,233.5408126831055,245.9801483154297,278.91571044921875,310.4934371948242,-86.22061054868038,-7.76609648685228,3.5694809013689275,8.494613385683714,20.20725589106138,766.7851612269878,774.4519386672974,823.3758211135864,1682.5065008974075,2129.9121426264446,1888.0087898919244,1889.7968830242107,1900.0407988564154,2896.2623827036805,3059.710724676514,1888.0087898919244,1889.7968830242107,1900.0407988564154,2896.2623827036805,3059.710724676514,3.7626500919689567,3.772710834497614,4.647173577554828,0.0022153905123917387,0.98350200099178,0.9842664074360341,0.989549930279306,0.9895966329091523,0.9896247924480692,766.7851612269878,774.4519386672974,823.3758211135864,1682.5065008974075,2129.9121426264446,1888.0087898919244,1889.7968830242107,1900.0407988564154,2896.2623827036805,3059.710724676514,product,0.9875797761127169,,2036.0,2036.0,2036.0,2036.0,2036.0,0.020005895647047262,0.020005895647047262,0.020005895647047262,0.020005895647047262,0.020005895647047262,0.3637188922220542,0.36428710218866145,0.3651846922941048,0.5171275682613794,0.5481642040084922,0.012115139189020878,0.16050677472612027,0.1605936587876008,0.16104754658133738,0.19093450637853038,0.19253864014297165,0.0064455650533108725,0.1490631755151428,0.1491151244983129,0.15013938260950932,0.16600501130876635,0.1668651404865707,0.03224020625033704,0.30845143339986775,0.30851348681197927,0.30897728641322575,0.38701784193541683,0.3948281341080213
bayesfl_observability_v1,vi_update_snr_prune098_keep002_seed42,52,vi,mnist,mlp,0,0,0.1,0.5,300,24,0.05,15,3153,3153,5,256,0.05,42,1,5,5,4.524641554802656,2.3205498568713665,0.008468229323625565,2.203614003956318,0,15,11,0.8261,0.5547990263462067,1836.4838447539653,0.8261,0.17390000000000005,0.5547990263462067,0.5547990263462067,0.2534626114368439,0.009727649950981174,0.05991863058163566,0.8302744373321533,0.4933424550056458,10000,0.8261,0.5547990263462067,0.5547990263462067,0.2534626114368439,0.009727649950981174,0.05991863058163566,0.8302744373321533,0.4933424550056458,0.8262,0.5547916783332825,0.5547916783332825,0.25346069140434263,0.009734638454020072,0.087954382929537,0.8302728395462036,0.49334820852279665,0.001,5,0.49334820852279665,0.49334792356491086,2.8495788578775105e-07,0.49334792356491086,2.8495788578775105e-07,1.4424126663925563e-08,2.5493400402339734e-08,0,,,,,,,,,,,,,,,,,,,,,,,,,,,,,3.9802164580193877,0.3535669002644579,3.761313367622268,4.651363983451613,0.9885830901349996,1094.7837041782338,509.7359317755063,,,2135.887728898469,404.43733904683046,2135.887728898469,404.43733904683046,1094.7837041782338,509.7359317755063,2135.887728898469,404.43733904683046,,,,,,,,,0.05,1e-05,1,product,1.0,,,,,,,,,,,,,,,,,,,,,,,,1.0,,,1,101770,26.54779413722208,0.0657524193222929,0.05100878059212645,0.054737892001867294,0.13683098256587986,0.06185626415719748,0.002994413545340486,0.047044537961483,0.05801445096731186,0.059946950525045395,0.06194526329636574,0.06383727863430977,0.065519767254591,0.06655955016613006,0.07785145938396454,263.232372960513,26.102821278908916,164.9933624267578,260.6056213378906,297.1170959472656,451.8367919921875,390.30463294905013,-566680.3394174385,-138934.79519708996,1.0694297736630103,0.8406879902324623,4.8861800219128535e-05,0.16419186128625624,0.4150236503585065,0.8830167534041964,1.5265325965865388,2.2280062131542593,2.6945493432548706,10.241481729129408,-3.095216109226318,9.726672688619628,-15.692967479043514,-1.0806211309053588,6.95832795167019,0.2991254790213226,0.552785693229832,0.8629753365431856,0.9991156529429105,0.44721430677016805,0.13702466345681438,0.0008843470570895156,45513,13945,90,4.2302726988513255,0.06301400810480118,,1.8406871434021541,0.44655883285759596,0.01014906438312718,,,,263.23236083984375,26.10282325744629,26.54779413722208,0.061856262385845184,1,update_snr,0.02,20,100,,,,2036.0,0.0,0.020005895647047262,0.0,0.4030182086769957,0.06393644360932786,0.16754116225958693,0.15307668967793583,0.327147862111308,1526550,2036.0,30540,0.020005895647047262,12212400,610800,244320,366480,0.9499852608823819,0.6315412814225544,0.4910242952740149,,,1.6791129206801636,,210.2,339.6321932129913,2.0,1408.0,random,,,,,,,,,,,,,,snr_histograms.csv,calibration_bins.csv,0.001,232.94602966308594,245.3868293762207,278.2696228027344,310.1482681274414,-86.22061054868038,-7.638543081795123,3.6741216456248385,8.609722818221902,20.20725589106138,727.6440789818764,771.9199243342877,842.6615093231201,1673.3660224980115,2530.060068798065,1885.8322845912444,1890.059714821982,1901.4458575010506,2889.826269906643,2894.158706533769,1885.8322845912444,1890.059714821982,1901.4458575010506,2889.826269906643,2894.158706533769,3.7660816266692065,3.777490996507786,4.647560009850147,0.0020779312139471923,0.9846191678603485,0.984647005278807,0.9897841252457106,0.98983283264237,0.9898622800498991,727.6440789818764,771.9199243342877,842.6615093231201,1673.3660224980115,2530.060068798065,1885.8322845912444,1890.059714821982,1901.4458575010506,2889.826269906643,2894.158706533769,product,0.98722287329076,,2036.0,2036.0,2036.0,2036.0,2036.0,0.020005895647047262,0.020005895647047262,0.020005895647047262,0.020005895647047262,0.020005895647047262,0.3640901912479006,0.3642886701401488,0.36476482314215974,0.5143601252556957,0.5161192916436829,0.011864525076083599,0.16048982325119726,0.1606049971795377,0.1611350850325526,0.1907993422977001,0.191101607060913,0.0071800602264299246,0.14333315793928386,0.14935402999899416,0.14998698222022405,0.16683546932965607,0.16730278676749855,0.03138423767957018,0.30804259776161924,0.308155310000441,0.3090822661911923,0.3861827084651904,0.3876121953314713
bayesfl_observability_v1,vi_update_snr_prune098_keep002_seed42,53,vi,mnist,mlp,0,0,0.1,0.5,300,24,0.05,15,2085,2085,5,256,0.05,42,1,5,5,4.329970829188824,2.0926890894770622,0.012860774993896484,2.236561756581068,0,15,12,0.8272,0.5392131501674652,1498.7076160557622,0.8272,0.17279999999999995,0.5392131501674652,0.5392131501674652,0.24979685320854186,0.014605551293492279,0.8126890659332275,0.8384638429641723,0.46790816378593447,10000,0.8272,0.5392131501674652,0.5392131501674652,0.24979685320854186,0.014605551293492279,0.8126890659332275,0.8384638429641723,0.46790816378593447,0.8272,0.5392121138572693,0.5392121138572693,0.24979603900909425,0.014380124932527522,0.812487319111824,0.8384659589767456,0.4679042186737061,0.001,5,0.4679042186737061,0.46790393705368044,2.8162002563281163e-07,0.46790393705368044,2.8162002563281163e-07,1.4270169864971648e-08,2.5592204504011673e-08,0,,,,,,,,,,,,,,,,,,,,,,,,,,,,,4.0630205166234505,0.41887995308551973,3.758258088604192,4.682323112061538,0.9883758634177844,1074.5800650519134,401.3642815530548,,,2222.6584667264856,475.08541172186455,2222.6584667264856,475.08541172186455,1074.5800650519134,401.3642815530548,2222.6584667264856,475.08541172186455,,,,,,,,,0.05,1e-05,1,product,1.0,,,,,,,,,,,,,,,,,,,,,,,,1.0,,,1,101770,26.902656607855114,0.06662422291618812,0.05169976776680677,0.05544884316623211,0.13871372491121295,0.06191831125899852,0.0030016110314686054,0.047044537961483,0.058074047416448595,0.060005638748407364,0.06200747564435005,0.06391031667590141,0.06558764427900314,0.06663363613188267,0.07785145938396454,262.711754831631,26.110856657577216,164.9933624267578,260.0829620361328,296.5075897216797,451.8367919921875,391.0906036752181,-566477.0345398086,-138833.14275825024,1.0825822536975909,0.851389028302557,5.2878748634689076e-05,0.16702800532340983,0.42028725609448037,0.89383081618497,1.5417353656242332,2.257020628625022,2.732993990362699,10.750942782904746,-2.9868510228515333,9.734490659555371,-15.544214105415978,-0.9748935291521812,7.070710568792108,0.29513609118600764,0.5474796108872949,0.8585339491009139,0.9990566964724379,0.45252038911270515,0.14146605089908618,0.0009433035275621499,46053,14397,96,4.3762312177892655,0.0476694218814373,,1.9504587175010144,0.22302158273381295,0.00047961630695443646,,,,262.7117614746094,26.110857009887695,26.902656607855114,0.06191830709576607,1,update_snr,0.02,20,100,,,,2036.0,0.0,0.020005895647047262,0.0,0.41447018470913854,0.07113195644696893,0.17059723973515,0.15520653785038008,0.33441415935779445,1526550,2036.0,30540,0.020005895647047262,12212400,610800,244320,366480,0.9499852608823819,0.5437469555123535,0.3773796237715511,,,1.7670133549254439,,139.0,156.5950190778749,1.0,463.0,random,,,,,,,,,,,,,,snr_histograms.csv,calibration_bins.csv,0.001,232.4641067504883,244.82630157470703,277.72557830810547,309.52941436767577,-85.53437645364613,-7.529075579235178,3.7601966946222465,8.732773501135046,20.628931010540047,758.5372205853462,776.2638734459878,801.7636093139648,1652.5762429606914,1668.7490089416503,1878.265139407307,1883.4837131246738,1889.209284260292,2899.914840721115,2927.812731617145,1878.265139407307,1883.4837131246738,1889.209284260292,2899.914840721115,2927.812731617145,3.763225998849585,3.769553735894382,4.658973594286247,0.002421971456550413,0.9847771461096191,0.9849400286588265,0.9900661142157198,0.9901071529483815,0.9901339087184262,758.5372205853462,776.2638734459878,801.7636093139648,1652.5762429606914,1668.7490089416503,1878.265139407307,1883.4837131246738,1889.209284260292,2899.914840721115,2927.812731617145,product,0.9866806864868526,,2036.0,2036.0,2036.0,2036.0,2036.0,0.020005895647047262,0.020005895647047262,0.020005895647047262,0.020005895647047262,0.020005895647047262,0.36347608972588485,0.36388851152293133,0.3645256304060462,0.5155886908952442,0.5176410835864088,0.014412141954972542,0.1600220283956873,0.1601398555330856,0.16059044870677947,0.19114297024777696,0.19223306180246294,0.008328695959374913,0.14868988148452972,0.14903627640407974,0.1495618368126202,0.1672888914304725,0.1680473162841592,0.03704574023163645,0.30765295975077755,0.3080720968288222,0.30839349569344054,0.3868300070934558,0.38950888151728225
bayesfl_observability_v1,vi_update_snr_prune098_keep002_seed42,54,vi,mnist,mlp,0,0,0.1,0.5,300,24,0.05,15,3683,3683,5,256,0.05,42,1,5,5,4.622966147959232,2.412240456789732,0.011207256466150284,2.209992177784443,0,15,13,0.8368,0.509536822271347,1760.7724708728601,0.8368,0.1632,0.509536822271347,0.509536822271347,0.23616503582000734,0.009137432484328717,0.2834661699393216,0.8380239707946777,0.47986666326522825,10000,0.8368,0.509536822271347,0.509536822271347,0.23616503582000734,0.009137432484328717,0.2834661699393216,0.8380239707946777,0.47986666326522825,0.8368,0.5095364056587219,0.5095364056587219,0.2361649312734604,0.009253359319269619,0.2834593101459391,0.8380238219261169,0.47986590728759765,0.001,5,0.47986590728759765,0.4798656226158142,2.846717834237289e-07,0.4798656226158142,2.846717834237289e-07,1.4155325487763548e-08,2.6324410140738842e-08,0,,,,,,,,,,,,,,,,,,,,,,,,,,,,,4.061240181409982,0.408410834724061,3.755539282335803,4.787165821671698,0.988695736931062,1173.8680091755389,554.9758489243728,,,2220.303408597106,469.180612681705,2220.303408597106,469.180612681705,1173.8680091755389,554.9758489243728,2220.303408597106,469.180612681705,,,,,,,,,0.05,1e-05,1,product,1.0,,,,,,,,,,,,,,,,,,,,,,,,1.0,,,1,101770,27.25593226509544,0.06751057457326429,0.05236388900408799,0.05607915297150612,0.14046866893768312,0.06199224396348234,0.0030151194926266774,0.046841688454151154,0.05812576487660408,0.06007183808833361,0.0620852280408144,0.06399128213524818,0.06567279919981957,0.0667325995862484,0.07785145938396454,262.0978682955907,26.13571844045413,164.9933624267578,259.4319305419922,295.9802001953125,455.7586364746094,392.0311945034864,-566235.7329018252,-138712.4919392291,1.0957256365392571,0.8613134599411434,5.2878748634689076e-05,0.17075979813431175,0.4250910515305695,0.9040049221871029,1.5594202864290345,2.2833783574567974,2.7673543887804852,10.19315045018632,-2.8676067432228494,9.708497251211387,-15.352287346295533,-0.876584099444687,7.171557607291956,0.29233565883855755,0.5427041367790115,0.8536896924437457,0.9988306966689594,0.45729586322098853,0.1463103075562543,0.0011693033310405817,46539,14890,119,4.432704903587815,0.06580645474605262,,2.120550501161728,0.3152321477056747,0.00027151778441487917,,,,262.0978698730469,26.135719299316406,27.25593226509544,0.06199224293231964,1,update_snr,0.02,20,100,,,,2036.0,0.0,0.020005895647047262,0.0,0.4163620674303264,0.07441038079740125,0.16990546358072606,0.1540749930145454,0.3331631063944064,1526550,2036.0,30540,0.020005895647047262,12212400,610800,244320,366480,0.9499852608823819,0.5972033946229425,0.41650581605184367,,,1.701727673909565,,245.53333333333333,286.9522298610384,1.0,1161.0,random,,,,,,,,,,,,,,snr_histograms.csv,calibration_bins.csv,0.001,231.86165466308594,244.20715713500977,277.1138153076172,308.81589965820314,-85.53437645364613,-7.430360742931539,3.8592635927744685,8.841295572485103,20.166168688309384,748.4457265615463,749.9064053249359,840.8572801589966,1953.1424958419798,2473.0396466445923,1871.7209437857796,1883.1191784449768,1902.129323592785,2897.598507835698,3073.74106269678,1871.7209437857796,1883.1191784449768,1902.129323592785,2897.598507835698,3073.74106269678,3.767046356228967,3.784961362404074,4.663233296654492,0.0022917510602922775,0.9845453657259388,0.9853193340631905,0.9902391734602081,0.9903369592003912,0.9903976229621376,748.4457265615463,749.9064053249359,840.8572801589966,1953.1424958419798,2473.0396466445923,1871.7209437857796,1883.1191784449768,1902.129323592785,2897.598507835698,3073.74106269678,product,0.9866867486854674,,2036.0,2036.0,2036.0,2036.0,2036.0,0.020005895647047262,0.020005895647047262,0.020005895647047262,0.020005895647047262,0.020005895647047262,0.3633155761844245,0.36350850369538346,0.3646930158044557,0.5159925785125585,0.5494703910052042,0.01342390149403595,0.15960529875250648,0.1603034864505324,0.16112246246311238,0.19103076175404085,0.19334195871872348,0.0073191746118963785,0.14836671515098535,0.14857681802086048,0.1500145161453484,0.16585858465670528,0.16702530134191274,0.035657271017618675,0.30714260660602366,0.30757382454142496,0.3088015840483304,0.3865509425331163,0.3946736297573227
bayesfl_observability_v1,vi_update_snr_prune098_keep002_seed42,55,vi,mnist,mlp,0,0,0.1,0.5,300,24,0.05,15,3937,3937,5,256,0.05,42,1,5,5,4.68239114433527,2.4347780160605907,0.007971663028001785,2.24707543104887,0,15,11,0.8451,0.4907289484500885,1878.4100822141638,0.8451,0.15490000000000004,0.4907289484500885,0.4907289484500885,0.228129704785347,0.01016235425174238,0.049498363926604005,0.8408048029899597,0.47490670928955075,10000,0.8451,0.4907289484500885,0.4907289484500885,0.228129704785347,0.01016235425174238,0.049498363926604005,0.8408048029899597,0.47490670928955075,0.8452,0.4907340605735779,0.4907340605735779,0.2281342351436615,0.010515912833809832,0.04951268102268919,0.8408042046546936,0.47490872116088867,0.001,5,0.47490872116088867,0.4749084359645844,2.8519630429491016e-07,0.4749084359645844,2.8519630429491016e-07,1.402903402265565e-08,2.631727202485495e-08,13,0.9467759765037811,0.9534627900123789,0.050953064791707595,0.8529411764705882,0.8675324675324675,0.9285714285714286,0.96,1.0,1.0,1.0,0.17394976068755877,0.1738967021975171,0.1479255003351335,0.0026797002647072077,0.1861965222792192,0.5718702588762555,,,0.1738967021975171,,,,,,,,,,4.014645705457363,0.4043752535723293,3.762446075280724,4.819066053956336,0.9892315706732815,1167.2541804956334,599.8555085260377,,,2165.002139988972,469.05781326529984,2165.002139988972,469.05781326529984,1167.2541804956334,599.8555085260377,2165.002139988972,469.05781326529984,,,,,,,,,0.05,1e-05,1,product,1.0,,,,,,,,,,,,,,,,,,,,,,,,1.0,,,1,101770,27.627512828694556,0.06843060909174478,0.05307820281200547,0.056745270267128944,0.142304302752018,0.062063799383351374,0.003030528198482152,0.04704894870519638,0.05817795731127262,0.060137285850942135,0.06215343810617924,0.06407303921878338,0.06575720086693763,0.06682790964841842,0.07785145938396454,261.5083765108435,26.17332439343876,164.9933624267578,258.8628234863281,295.449365234375,451.7520751953125,392.94407525812204,-566002.8228613377,-138596.03691895708,1.1094268613297826,0.8721384207256732,3.5281671631366235e-05,0.17280426148754924,0.43002430872505676,0.9137095467650123,1.5831719794919312,2.3108566162939166,2.799659151969402,10.19315045018632,-2.762027059695464,9.713734798032707,-15.248911049124379,-0.7838367480320851,7.275459985065345,0.28857227080672104,0.537732141102486,0.8485310012773902,0.9986538272575415,0.462267858897514,0.1514689987226098,0.0013461727424584847,47045,15415,137,4.3741197457006535,0.07056323438882828,,1.9533611105455735,0.32004064008128014,0.005842011684023368,,,,261.5083923339844,26.173324584960938,27.627512828694556,0.0620637945830822,1,update_snr,0.02,20,100,,,,2036.0,0.0,0.020005895647047262,0.0,0.4081047015304918,0.0739286630010946,0.1680521037868567,0.15296478754391882,0.3286486843849635,1526550,2036.0,30540,0.020005895647047262,12212400,610800,244320,366480,0.9499852608823819,0.8285361371324931,0.49119765118999004,,,1.477885319699684,,262.46666666666664,336.13764376450837,2.0,1260.0,random,,,,,,,,,,,,,,snr_histograms.csv,calibration_bins.csv,0.001,231.2668426513672,243.58433151245117,276.5109634399414,308.3456130981445,-89.04901668092145,-7.330139872313511,3.9905618935309968,8.942103216562252,20.166168688309384,740.5684144496918,749.9233989286423,827.2654258728028,2146.73771414121,2520.870122566223,1874.913492945592,1877.2564139234696,1891.3498545990847,2990.1081786503782,3104.111980572986,1874.913492945592,1877.2564139234696,1891.3498545990847,2990.1081786503782,3104.111980572986,3.7658269930420603,3.780774439078407,4.734278005846438,0.002223618720256402,0.9847576212399558,0.9852593300797775,0.9905119335667242,0.9905824523630229,0.9906208189622839,740.5684144496918,749.9233989286423,827.2654258728028,2146.73771414121,2520.870122566223,1874.913492945592,1877.2564139234696,1891.3498545990847,2990.1081786503782,3104.111980572986,product,0.9873874449461708,0.1479255003351335,2036.0,2036.0,2036.0,2036.0,2036.0,0.020005895647047262,0.020005895647047262,0.020005895647047262,0.020005895647047262,0.020005895647047262,0.3631650843090123,0.3635245034996982,0.36405412446866914,0.5323219896459701,0.5496771791098699,0.013014404990254452,0.1596805373146473,0.16006067910484065,0.16079534887686192,0.1922487432756689,0.19437624497876146,0.006865022019884694,0.14781518385494516,0.14877377220923046,0.14955566695621025,0.16637851291697772,0.16714582757216853,0.03501830616822615,0.3069827759593208,0.30741665981375954,0.30794768063575867,0.3910526058608554,0.3976855888728388
bayesfl_observability_v1,vi_update_snr_prune098_keep002_seed42,56,vi,mnist,mlp,0,0,0.1,0.5,300,24,0.05,15,2156,2156,5,256,0.05,42,1,5,5,4.444970704615116,2.306572489440441,0.008071787655353546,2.1379579082131386,0,15,11,0.8414,0.49907004771232605,1508.151423458205,0.8414,0.15859999999999996,0.49907004771232605,0.49907004771232605,0.23047099583148956,0.01238496369123459,0.1888364553451538,0.8452454145431518,0.456449640083313,10000,0.8414,0.49907004771232605,0.49907004771232605,0.23047099583148956,0.01238496369123459,0.1888364553451538,0.8452454145431518,0.456449640083313,0.8413,0.49906267595291137,0.49906267595291137,0.23046530349254607,0.012330306622385942,0.18893323838710785,0.8452471250534057,0.4564480930328369,0.001,5,0.4564480930328369,0.4564478168487549,2.7618408199314715e-07,0.4564478168487549,2.7618408199314715e-07,1.3810296073302197e-08,2.5459371154244305e-08,0,,,,,,,,,,,,,,,,,,,,,,,,,,,,,3.9598331387706796,0.3761291573460361,3.762678461679441,4.80850374648643,0.9898024712841795,1006.1938836171892,419.41943724719994,,,2093.7142818994853,429.8594445708431,2093.7142818994853,429.8594445708431,1006.1938836171892,419.41943724719994,2093.7142818994853,429.8594445708431,,,,,,,,,0.05,1e-05,1,product,1.0,,,,,,,,,,,,,,,,,,,,,,,,1.0,,,1,101770,27.939233682558726,0.06920782246908916,0.05367049254309398,0.05732804909348488,0.14387750625610354,0.06212346198177647,0.0030313754480715337,0.046851303428411484,0.058239012584090234,0.0601981021463871,0.062217848375439644,0.06414143741130829,0.06580930501222611,0.0668641623109579,0.07785145938396454,261.00527975347217,26.12999274070674,164.9933624267578,258.32713317871094,294.83021850585936,455.57159423828125,393.6986459361436,-565807.0160402006,-138498.13350836438,1.1210057368345376,0.8810892602504742,3.5281671631366235e-05,0.17508111145897737,0.43594907991439225,0.9226601376631229,1.6010669592561173,2.3351419766966672,2.8258732464697855,10.51992199224771,-2.678055635321068,9.730652012245734,-15.135214100758759,-0.6991648426130193,7.366265815555379,0.2854574039500835,0.5337624054239953,0.844148570305591,0.9986243490223052,0.4662375945760047,0.15585142969440896,0.001375650977694802,47449,15861,140,4.130510954218824,0.058942958421539515,,1.7749020151024373,0.300556586270872,0.0009276437847866419,,,,261.0052795410156,26.129993438720703,27.939233682558726,0.062123462557792664,1,update_snr,0.02,20,100,,,,2036.0,0.0,0.020005895647047262,0.0,0.3955219556391995,0.06569801986935124,0.16649108152931819,0.15276454257258998,0.32354299340947185,1526550,2036.0,30540,0.020005895647047262,12212400,610800,244320,366480,0.9499852608823819,0.6052506604899299,0.3597616798795637,,,1.68405779271724,,143.73333333333332,183.26609676157295,2.0,648.0,random,,,,,,,,,,,,,,snr_histograms.csv,calibration_bins.csv,0.001,230.90077362060546,243.06510543823242,275.9525375366211,308.0021469116211,-89.04901668092145,-7.211284691843341,4.088189904174529,9.023053556015707,20.44025038863285,754.9921109199524,761.5575689792634,787.8249792218209,1648.9712334060669,2145.052073542277,1871.304258086748,1873.972001758624,1880.7031404409554,2881.7488726280953,3084.034228263834,1871.304258086748,1873.972001758624,1880.7031404409554,2881.7488726280953,3084.034228263834,3.7667682618971665,3.773014715564057,4.660196110880756,0.00202262080543288,0.9851867926100408,0.9860655504366346,0.9908034939483772,0.9908476292851799,0.9908626314589268,754.9921109199524,761.5575689792634,787.8249792218209,1648.9712334060669,2145.052073542277,1871.304258086748,1873.972001758624,1880.7031404409554,2881.7488726280953,3084.034228263834,product,0.9890114413494108,,2036.0,2036.0,2036.0,2036.0,2036.0,0.020005895647047262,0.020005895647047262,0.020005895647047262,0.020005895647047262,0.020005895647047262,0.36165813360609683,0.36215761291327464,0.36319223189354305,0.514621674521077,0.5491165033076261,0.012632933124930277,0.15958589920484093,0.15986486491712898,0.16027385365812696,0.19067258014654104,0.19386304899989926,0.006990521078468314,0.1484266866890125,0.14858477717910712,0.14924361376160128,0.16635928101106387,0.167407629653223,0.03285827426915861,0.3065746032065577,0.3067763127109189,0.3072786757541032,0.3859240298122311,0.3957768496639682
bayesfl_observability_v1,vi_update_snr_prune098_keep002_seed42,57,vi,mnist,mlp,0,0,0.1,0.5,300,24,0.05,15,2966,2966,5,256,0.05,42,1,5,5,4.675700433552265,2.531265649944544,0.00760066881775856,2.1440041549503803,0,15,14,0.8012,0.6315347454071045,1709.7847692805228,0.8012,0.19879999999999998,0.6315347454071045,0.6315347454071045,0.29233800029754636,0.03770264186561109,0.09253688271229082,0.8361599174499512,0.46916177320480346,10000,0.8012,0.6315347454071045,0.6315347454071045,0.29233800029754636,0.03770264186561109,0.09253688271229082,0.8361599174499512,0.46916177320480346,0.8011,0.6315605848312378,0.6315605848312378,0.29234888343811033,0.03785316408723598,0.10486337648970742,0.8361560623168945,0.4691693984985352,0.001,5,0.4691693984985352,0.4691691090583801,2.894401550657122e-07,0.4691691090583801,2.894401550657122e-07,1.557295650513879e-08,2.7706552385419933e-08,0,,,,,,,,,,,,,,,,,,,,,,,,,,,,,3.9969314477787994,0.3732750790147309,3.763271425022356,4.690511130846263,0.9898436831597446,1085.104918547074,496.8436271773591,,,2131.940544712129,423.8791238460282,2131.940544712129,423.8791238460282,1085.104918547074,496.8436271773591,2131.940544712129,423.8791238460282,,,,,,,,,0.05,1e-05,1,product,1.0,,,,,,,,,,,,,,,,,,,,,,,,1.0,,,1,101770,28.276470444197717,0.07001208767671337,0.05435839267487313,0.05802685394883156,0.14560377746820452,0.06219454467006689,0.0030386198363876707,0.04565142095088959,0.0583060372620821,0.060262033715844154,0.06229226477444172,0.06421479769051075,0.06588217541575432,0.06694818027317524,0.07785145938396454,260.41429476045,26.114610871025725,164.9933624267578,257.7102966308594,294.1527770996094,479.8344421386719,394.60244815979524,-565574.8944101037,-138382.07269328757,1.1328547982995205,0.8915896923445331,3.5281671631366235e-05,0.17515081002619873,0.43927922512160195,0.9328119745754105,1.6202750554055458,2.360710970596349,2.8580792896068026,10.059727387183354,-2.5951522184977294,9.730140165694081,-15.131757044344527,-0.604117749602328,7.460856365234646,0.28349218826766237,0.5294978873931414,0.8399331826667977,0.9983885231404147,0.4705021126068586,0.16006681733320233,0.0016114768595853395,47883,16290,164,4.244130225778572,0.057787634432315826,,2.054109987373512,0.3536749831422792,0.00033715441672285906,,,,260.414306640625,26.11461067199707,28.276470444197717,0.06219454109668732,1,update_snr,0.02,20,100,,,,2036.0,0.0,0.020005895647047262,0.0,0.4032847929779014,0.06738367364240018,0.16737143607144236,0.15296779990260972,0.3266351388613307,1526550,2036.0,30540,0.020005895647047262,12212400,610800,244320,366480,0.9499852608823819,0.5502345424237507,0.49462078847112706,,,1.7583137011624819,,197.73333333333332,259.36267186230856,1.0,1047.0,random,,,,,,,,,,,,,,snr_histograms.csv,calibration_bins.csv,0.001,230.39027404785156,242.51005172729492,275.3673324584961,307.35485534667964,-89.04901668092145,-7.14518671321079,4.191774919204825,9.121485449308201,20.05172423498321,762.7583716988563,771.5750230884552,818.471018409729,1613.629266266823,2518.7493101119994,1867.1686229261738,1869.637602625648,1882.5872081128114,2878.035696802919,2913.4717478146167,1867.1686229261738,1869.637602625648,1882.5872081128114,2878.035696802919,2913.4717478146167,3.7656450620580153,3.7781878138414706,4.6625028010849885,0.0019417898066434493,0.9861962218316679,0.9863698314813775,0.9909771668623304,0.9910396458895884,0.9910462022173556,762.7583716988563,771.5750230884552,818.471018409729,1613.629266266823,2518.7493101119994,1867.1686229261738,1869.637602625648,1882.5872081128114,2878.035696802919,2913.4717478146167,product,0.9886719028082988,,2036.0,2036.0,2036.0,2036.0,2036.0,0.020005895647047262,0.020005895647047262,0.020005895647047262,0.020005895647047262,0.020005895647047262,0.3615669861128356,0.36202499347617323,0.36294994554353927,0.5150577386539901,0.5167220906794584,0.012374668054163651,0.15965799170648182,0.15973789841916114,0.16039420411003386,0.1904229742526167,0.19177493014204713,0.007084214774327452,0.14851082844947616,0.14879147721198135,0.14935009531736432,0.16653233373740908,0.16810038323148874,0.03271582709576069,0.30634608540457353,0.3065498064629642,0.3074645078793892,0.3853889048199773,0.3873772871285494
bayesfl_observability_v1,vi_update_snr_prune098_keep002_seed42,58,vi,mnist,mlp,0,0,0.1,0.5,300,24,0.05,15,2597,2597,5,256,0.05,42,1,5,5,4.262284990400076,2.118372455239296,0.008279189467430115,2.1434106938540936,0,15,14,0.8466,0.49739604439735413,1549.0642503955758,0.8466,0.15339999999999998,0.49739604439735413,0.49739604439735413,0.22719705483913422,0.010401431432366371,0.18825465440750122,0.8464482626914978,0.4512814493179321,10000,0.8466,0.49739604439735413,0.49739604439735413,0.22719705483913422,0.010401431432366371,0.18825465440750122,0.8464482626914978,0.4512814493179321,0.8468,0.49739668154716493,0.49739668154716493,0.2271973731994629,0.010390505035221582,0.18826229870319366,0.8464460306167603,0.45128459644317626,0.001,5,0.45128459644317626,0.4512843061447144,2.902984618802229e-07,0.4512843061447144,2.902984618802229e-07,1.409384723842777e-08,2.6379959593747155e-08,0,,,,,,,,,,,,,,,,,,,,,,,,,,,,,4.029467835946018,0.42063476719823584,3.7678794315870516,4.795589832054903,0.9898980830958984,1085.1964452544848,477.48326426814936,,,2164.7343539540248,480.0408855135346,2164.7343539540248,480.0408855135346,1085.1964452544848,477.48326426814936,2164.7343539540248,480.0408855135346,,,,,,,,,0.05,1e-05,1,product,1.0,,,,,,,,,,,,,,,,,,,,,,,,1.0,,,1,101770,28.572822424380494,0.07073389329861332,0.05494349363077129,0.05873318202793598,0.1469443291425705,0.06226061761805324,0.0030449436573538593,0.0463702492415905,0.058373671397566794,0.06032516621053219,0.06236044876277447,0.06427967548370361,0.06595633551478386,0.06702621541917324,0.07785145938396454,259.8657544305754,26.086288870483322,164.9933624267578,257.1470489501953,293.47154235839844,465.072998046875,395.4432302586526,-565359.2775042673,-138274.2642403432,1.143326515708037,0.9003217589047313,3.5281671631366235e-05,0.17659368493207986,0.4428321551732022,0.9424533121943761,1.6361059598375045,2.382578334210467,2.8848448682216095,9.85189481450682,-2.5217020972829842,9.747544703410812,-15.060496623377773,-0.514803098954262,7.540943764833676,0.2812616684681144,0.5250466738724575,0.8361894467917854,0.9982116537289968,0.4749533261275425,0.1638105532082146,0.0017883462710032425,48336,16671,182,4.299563802201438,0.06326578080188483,,2.2074253663125027,0.22718521370812475,0.0015402387370042356,,,,259.86572265625,26.086288452148438,28.572822424380494,0.062260620296001434,1,update_snr,0.02,20,100,,,,2036.0,0.0,0.020005895647047262,0.0,0.4067204699150857,0.07367163308676812,0.16840808261799053,0.15354146010627004,0.3290508607677157,1526550,2036.0,30540,0.020005895647047262,12212400,610800,244320,366480,0.9499852608823819,0.7376883422718744,0.4125435771698616,,,1.5666078016296237,,173.13333333333333,176.24825925066293,4.0,590.0,random,,,,,,,,,,,,,,snr_histograms.csv,calibration_bins.csv,0.001,229.87247161865236,242.02077102661133,274.79126739501953,306.77542724609367,-89.04901668092145,-7.075217035516209,4.276228526585273,9.20244928083096,19.870395327404058,744.8117072105408,763.9554549086095,809.1553726196289,1884.3391232764718,2106.72663569053,1867.6702545308017,1868.7675433169227,1881.4061723352322,2969.1286577340074,3055.012599667929,1867.6702545308017,1868.7675433169227,1881.4061723352322,2969.1286577340074,3055.012599667929,3.768699443549239,3.7811457793315886,4.733283880027683,0.0021651192949215395,0.9859404414201566,0.986254962087156,0.9911872641671626,0.9912336896894257,0.9912392237519431,744.8117072105408,763.9554549086095,809.1553726196289,1884.3391232764718,2106.72663569053,1867.6702545308017,1868.7675433169227,1881.4061723352322,2969.1286577340074,3055.012599667929,product,0.988613970725156,,2036.0,2036.0,2036.0,2036.0,2036.0,0.020005895647047262,0.020005895647047262,0.020005895647047262,0.020005895647047262,0.020005895647047262,0.36189859320129636,0.3621033997867166,0.3626458517687669,0.5306653821346093,0.5432758432703743,0.013865849438563062,0.15965118595751504,0.1596625168975067,0.16028849119489175,0.19151127775311427,0.19270970326150308,0.007280593617254152,0.14810488678129582,0.1484680473878376,0.14956816806080392,0.1653627255489915,0.16706851541322593,0.03660174377416034,0.30629899087831475,0.3066430535175377,0.3072502841705763,0.3904198922446069,0.3943504837699095
bayesfl_observability_v1,vi_update_snr_prune098_keep002_seed42,59,vi,mnist,mlp,0,0,0.1,0.5,300,24,0.05,15,4793,4793,5,256,0.05,42,1,5,5,4.602467656135559,2.4271817542612553,0.008654329925775528,2.1748192459344864,0,15,12,0.8498,0.5036587780952454,1983.7713424222368,0.8498,0.1502,0.5036587780952454,0.5036587780952454,0.22514512310028076,0.019593706963956355,0.14527104794979093,0.8337928806304932,0.494748464012146,10000,0.8498,0.5036587780952454,0.5036587780952454,0.22514512310028076,0.019593706963956355,0.14527104794979093,0.8337928806304932,0.494748464012146,0.8498,0.5036640141963958,0.5036640141963958,0.22514765441417695,0.01951345182657239,0.1453055292367935,0.8337932111740113,0.4947511990070343,0.001,5,0.4947511990070343,0.49475090198516847,2.970218658249202e-07,0.49475090198516847,2.970218658249202e-07,1.4581751472064752e-08,2.6213695440450496e-08,0,,,,,,,,,,,,,,,,,,,,,,,,,,,,,4.192864349547683,0.44901682421535777,3.7686399142096474,4.813929213665285,0.9892892691585706,1344.49535280731,634.5906309214031,,,2348.559823331263,513.972203588935,2348.559823331263,513.972203588935,1344.49535280731,634.5906309214031,2348.559823331263,513.972203588935,,,,,,,,,0.05,1e-05,1,product,1.0,,,,,,,,,,,,,,,,,,,,,,,,1.0,,,1,101770,28.953066179979675,0.07169464146118518,0.05564965230893585,0.059526583179831505,0.14897563606500627,0.06234490628584588,0.003072658370335631,0.04614826664328575,0.05842109024524689,0.060387516394257545,0.06243940815329552,0.06436971016228199,0.0660756304860115,0.06717938967049121,0.07785145938396454,259.19218805805457,26.21055611634904,164.9933624267578,256.4971008300781,292.9953216552735,469.5579528808594,396.52935849274536,-565087.6643328194,-138138.45765458688,1.1571881461420217,0.9104089806604413,1.2227731444016255e-05,0.1784782243329723,0.44819172005254454,0.9541601060407943,1.6570465634066682,2.414034583880406,2.9202922649437677,9.47423059321666,-2.4106020295622343,9.734854293833067,-14.968295272351563,-0.40757492120327055,7.654869751157216,0.27793062788641054,0.5200943303527562,0.831129016409551,0.9981133929448757,0.4799056696472438,0.16887098359044905,0.0018866070551242999,48840,17186,192,4.831104271808549,0.07003124058246613,,1.9222492217781642,0.35113707490089713,0.0008345503859795535,,,,259.1921691894531,26.210556030273438,28.953066179979675,0.062344904989004135,1,update_snr,0.02,20,100,,,,2036.0,0.0,0.020005895647047262,0.0,0.43838469380305595,0.08199978227623304,0.17310070684272313,0.15525079335004577,0.3425500920129572,1526550,2036.0,30540,0.020005895647047262,12212400,610800,244320,366480,0.9499852608823819,0.5800288459256712,0.4759212318174885,,,1.7375405301766764,,319.53333333333336,341.8264406911138,4.0,1161.0,random,,,,,,,,,,,,,,snr_histograms.csv,calibration_bins.csv,0.001,229.04317626953124,241.3442153930664,274.22412872314453,306.12713775634757,-98.25308145347998,-6.9707234286789115,4.386694245800126,9.308526362124825,19.530879016205375,747.8565683364868,769.7615996456146,865.7717363357544,2230.0260473610956,2457.104257965088,1864.6873847821375,1870.0468386550713,1882.4610955609958,2980.169758415666,3072.6625093960893,1864.6873847821375,1870.0468386550713,1882.4610955609958,2980.169758415666,3072.6625093960893,3.774619333844446,3.787321939263825,4.737924348290965,0.002260568589287904,0.9860866572872556,0.986534937359839,0.9913170764832822,0.9913896219368876,0.9914309091958792,747.8565683364868,769.7615996456146,865.7717363357544,2230.0260473610956,2457.104257965088,1864.6873847821375,1870.0468386550713,1882.4610955609958,2980.169758415666,3072.6625093960893,product,0.9859810217827968,,2036.0,2036.0,2036.0,2036.0,2036.0,0.020005895647047262,0.020005895647047262,0.020005895647047262,0.020005895647047262,0.020005895647047262,0.3619003194051705,0.3620086028846583,0.3628418270469311,0.541352302733892,0.5466779639847109,0.014492584294008098,0.15946455790663014,0.1596534536766316,0.16047418988720344,0.1913012056526196,0.1936502805850052,0.007666166476408936,0.1484090837248243,0.1487451350847691,0.14989148483558457,0.16627250112796557,0.1665059431130135,0.03878577936710777,0.3061124317323933,0.3065084986376615,0.30755140825523125,0.39004699494772427,0.3949263283506377
bayesfl_observability_v1,vi_update_snr_prune098_keep002_seed42,60,vi,mnist,mlp,0,0,0.1,0.5,300,24,0.05,15,2092,2092,5,256,0.05,42,1,5,5,4.4042059406638145,2.132483880966902,0.00947762280702591,2.2711632885038853,0,15,13,0.8367,0.5336130705118179,1302.6396779798613,0.8367,0.1633,0.5336130705118179,0.5336130705118179,0.2403374526619911,0.009431443414092086,0.029338542607766138,0.8395569135665893,0.4783599630355835,10000,0.8367,0.5336130705118179,0.5336130705118179,0.2403374526619911,0.009431443414092086,0.029338542607766138,0.8395569135665893,0.4783599630355835,0.8367,0.5336137769460678,0.5336137769460678,0.24033489981889725,0.009431764696538475,0.028794245209012637,0.8395579675674438,0.47835758295059205,0.001,5,0.47835758295059205,0.47835728340148925,2.9954910280016733e-07,0.47835728340148925,2.9954910280016733e-07,1.4994472533658153e-08,2.7544558988199198e-08,13,0.9647245219452096,0.9733679220676125,0.03448109571340715,0.9166666666666666,0.9217142857142857,0.9411764705882353,1.0,1.0,1.0,1.0,0.09268155483219312,0.08377076769206647,0.10881163941311667,0.00011655106960285095,0.030752699822187424,0.38458684512547087,,,0.08377076769206647,,,,,,,,,,4.0120821966265625,0.3917086339735856,3.7655481665032036,4.664119880165322,0.9904535703275685,1014.1501185425124,363.17411867829315,,,2130.887667212059,437.82754831389366,2130.887667212059,437.82754831389366,1014.1501185425124,363.17411867829315,2130.887667212059,437.82754831389366,,,,,,,,,0.05,1e-05,1,product,1.0,,,,,,,,,,,,,,,,,,,,,,,,1.0,,,1,101770,29.2475691701505,0.072443360259921,0.056190626625574475,0.06024036183953285,0.15071802735328677,0.06240458020286475,0.003073601782260151,0.04609139263629913,0.058482319861650464,0.06045030150562525,0.06250550597906113,0.06443009153008461,0.06612696051597595,0.06722429282963276,0.07785145938396454,258.69496226123783,26.153808214304537,164.9933624267578,255.9549102783203,292.3821166992187,470.7174987792969,397.28755404620387,-564892.6629732688,-138040.9569747878,1.1681941954501458,0.9184254869176728,1.7475223814990352e-07,0.18010131909309812,0.4522389655418317,0.9648963534304005,1.6723908277754438,2.436227121689551,2.9477935108313225,10.271892757236662,-2.3323932074044413,9.75924283252588,-14.889662132570368,-0.3103866981262408,7.734355460875849,0.27506141299007564,0.5149945956568733,0.8270315417117029,0.9978972192198093,0.48500540434312667,0.17296845828829713,0.002102780780190626,49359,17603,214,4.201520755428082,0.047269538044929504,,2.091289920114181,0.20936902485659656,0.0033460803059273425,,,,258.6949462890625,26.15380859375,29.2475691701505,0.0624045804142952,1,update_snr,0.02,20,100,,,,2036.0,0.0,0.020005895647047262,0.0,0.4016974136528371,0.06645024503703868,0.16767832163660032,0.15343147678997185,0.3270306058010207,1526550,2036.0,30540,0.020005895647047262,12212400,610800,244320,366480,0.9499852608823819,0.6789580241072266,0.4570553692218597,,,1.6077883172490057,,139.46666666666667,122.26466737732896,7.0,344.0,random,,,,,,,,,,,,outputs/sparse_comm_mnist_noniid_unbalanced/vi_update_snr_prune098_keep002_seed42/posterior_snapshots/round_0060.pt,,snr_histograms.csv,calibration_bins.csv,0.001,228.68773956298827,240.8920783996582,273.65480041503906,305.5427734374999,-135.15149536199124,-6.892640419151259,4.4667555399518735,9.389941169267859,20.233009530727966,738.3404805660248,750.7636294960976,810.3712807774543,1617.4451422119141,1632.6079829216003,1857.023192256221,1858.4168516577422,1869.0482366548024,2857.4469880461265,2858.8794271943493,1857.023192256221,1858.4168516577422,1869.0482366548024,2857.4469880461265,2858.8794271943493,3.768485819035049,3.777612858798728,4.661629296618387,0.0019093086370914234,0.9872716197427615,0.987287281668678,0.9915994244629436,0.9916346582023257,0.9916480813547239,738.3404805660248,750.7636294960976,810.3712807774543,1617.4451422119141,1632.6079829216003,1857.023192256221,1858.4168516577422,1869.0482366548024,2857.4469880461265,2858.8794271943493,product,0.9896280683344582,0.10881163941311667,2036.0,2036.0,2036.0,2036.0,2036.0,0.020005895647047262,0.020005895647047262,0.020005895647047262,0.020005895647047262,0.020005895647047262,0.36120413464493756,0.36123704668466,0.3617219489731931,0.5118627616317851,0.5134353278379576,0.01335005186012315,0.1590429093227572,0.15917388928039503,0.15971245305097315,0.18969745188241952,0.19023755054975292,0.007725558510711204,0.14789027383298198,0.14809787035976643,0.14909122216772347,0.16587092428747435,0.16764318812585244,0.034408166795447045,0.30536602144842395,0.30596548906397447,0.3064041303420659,0.38420225728713187,0.38525559209740473
bayesfl_observability_v1,vi_update_snr_prune098_keep002_seed42,61,vi,mnist,mlp,0,0,0.1,0.5,300,24,0.05,15,2855,2855,5,256,0.05,42,1,5,5,4.300996370613575,2.1230448000133038,0.007750809192657471,2.1773913241922855,0,15,10,0.8416,0.5066270627498627,1775.3270952791179,0.8416,0.15839999999999999,0.5066270627498627,0.5066270627498627,0.23144720630049706,0.00882866252064706,0.19024311006069183,0.8432187375068665,0.46526065692901614,10000,0.8416,0.5066270627498627,0.5066270627498627,0.23144720630049706,0.00882866252064706,0.19024311006069183,0.8432187375068665,0.46526065692901614,0.8417,0.5066226259946823,0.5066226259946823,0.23144465187191962,0.00902265460789202,0.1901816874742508,0.84321966381073,0.46525930910110475,0.001,5,0.46525930910110475,0.465259002494812,3.066062927437052e-07,0.465259002494812,3.066062927437052e-07,1.4998806211963257e-08,2.887638651232168e-08,0,,,,,,,,,,,,,,,,,,,,,,,,,,,,,4.0219723733238615,0.4089202611402806,3.768131254017766,4.808772304367722,0.9905906057199396,1076.4882620811463,520.037824674248,,,2143.213607026176,465.318274711684,2143.213607026176,465.318274711684,1076.4882620811463,520.037824674248,2143.213607026176,465.318274711684,,,,,,,,,0.05,1e-05,1,product,1.0,,,,,,,,,,,,,,,,,,,,,,,,1.0,,,1,101770,29.6039418609327,0.07334188640336355,0.056854882892114406,0.0610982533544302,0.15229420661926268,0.06246995347127109,0.003085015277025675,0.046637777239084244,0.058530593290925026,0.060510813258588314,0.06257477030158043,0.0645049512386322,0.0662011981010437,0.06730009987950325,0.07954336702823639,258.16501510423706,26.186132187875288,158.0491180419922,255.38858032226562,291.900048828125,459.75274658203125,398.1255025547789,-564680.9412070747,-137935.09609166547,1.1814221102987308,0.9281900125764393,1.7475223814990352e-07,0.17974255980248388,0.45928853434967604,0.9778963499175779,1.6897887275823267,2.4632082896959013,2.975436283777782,10.271892757236662,-2.244626214303209,9.790841604914059,-14.906981555076493,-0.1941434987598488,7.8300227477148185,0.2712881988798271,0.5096885133143363,0.8225115456421342,0.9977498280436278,0.49031148668566377,0.17748845435786578,0.002250171956372212,49899,18063,229,4.360052584897611,0.06357459165155888,,1.83659404144059,0.34535901926444834,0.0007005253940455342,,,,258.1650085449219,26.186132431030273,29.6039418609327,0.062469951808452606,1,update_snr,0.02,20,100,,,,2036.0,0.0,0.020005895647047262,0.0,0.4056435890368831,0.07375842781228992,0.16736945094777786,0.15246708004234136,0.3272410116017509,1526550,2036.0,30540,0.020005895647047262,12212400,610800,244320,366480,0.9499852608823819,0.4067621985438087,0.3664055231902041,,,1.8998767708661375,,190.33333333333334,267.64022285315946,2.0,974.0,random,,,,,,,,,,,,,,snr_histograms.csv,calibration_bins.csv,0.001,228.1751281738281,240.3332748413086,273.1077346801758,305.11115417480465,-135.15149536199124,-6.758287923421656,4.556648172931586,9.471013093360254,20.233009530727966,729.857693195343,737.9011594438552,807.2047040939331,1877.366450538635,2334.2807081222536,1855.2200661733855,1857.494091298601,1867.1747033517543,2875.768341687906,3053.3130417036677,1855.2200661733855,1857.494091298601,1867.1747033517543,2875.768341687906,3053.3130417036677,3.7701998673681247,3.7796185386131524,4.663445077574509,0.0019566303557420114,0.9867631718254756,0.9875489985929093,0.9917464415344235,0.9917964616496766,0.9918090489311224,729.857693195343,737.9011594438552,807.2047040939331,1877.366450538635,2334.2807081222536,1855.2200661733855,1857.494091298601,1867.1747033517543,2875.768341687906,3053.3130417036677,product,0.989095569466694,,2036.0,2036.0,2036.0,2036.0,2036.0,0.020005895647047262,0.020005895647047262,0.020005895647047262,0.020005895647047262,0.020005895647047262,0.36090554264313407,0.3609538552463431,0.3615059599286079,0.5266734493667785,0.5472369361957596,0.013132124286567657,0.1589622978698545,0.15911164068898953,0.15966099382319549,0.18941227560745436,0.19240879879429262,0.006526804303000262,0.14763104906862723,0.14796842070375937,0.14926854396057748,0.1648296736546797,0.1651431200257863,0.035388108137740466,0.30476326998287945,0.3055579118108874,0.3060413822606007,0.3841749446036937,0.39388144159936705
bayesfl_observability_v1,vi_update_snr_prune098_keep002_seed42,62,vi,mnist,mlp,0,0,0.1,0.5,300,24,0.05,15,2662,2662,5,256,0.05,42,1,5,5,4.4903034791350365,2.2789317779242992,0.009623803198337555,2.2106802351772785,0,15,10,0.8455,0.49424558115005496,1626.3234908578333,0.8455,0.15449999999999997,0.49424558115005496,0.49424558115005496,0.22471349658966064,0.011304649727046513,0.1141433189312617,0.854054324054718,0.4291129687309265,10000,0.8455,0.49424558115005496,0.49424558115005496,0.22471349658966064,0.011304649727046513,0.1141433189312617,0.854054324054718,0.4291129687309265,0.8455,0.4942450459957123,0.4942450459957123,0.22471475843191147,0.010972283619642309,0.11418193380037944,0.8540506990432739,0.42911613063812254,0.001,5,0.42911613063812254,0.4291158347129822,2.959251403367169e-07,0.4291158347129822,2.959251403367169e-07,1.49314478363749e-08,2.9338978776193592e-08,0,,,,,,,,,,,,,,,,,,,,,,,,,,,,,4.036518981426791,0.4279441280568633,3.7681711927141106,4.83551177083947,0.9907373968608345,1086.8070501339434,487.54013609467336,,,2154.300962281146,485.4268948680287,2154.300962281146,485.4268948680287,1086.8070501339434,487.54013609467336,2154.300962281146,485.4268948680287,,,,,,,,,0.05,1e-05,1,product,1.0,,,,,,,,,,,,,,,,,,,,,,,,1.0,,,1,101770,29.907468783751522,0.074118586722567,0.05740589399266925,0.06173979490995407,0.15370510816574098,0.06253516403007386,0.0030936835685968023,0.04770909249782562,0.05857985243201256,0.06057609897106886,0.0626426674425602,0.06458024680614471,0.06627857238054276,0.06737336218357086,0.07954336702823639,257.6346791604278,26.193893235321283,158.0491180419922,254.8352508544922,291.4093353271484,439.3369140625,398.9605470134599,-564469.5328986393,-137829.3919374223,1.1927400395558971,0.9363732995318979,1.647105036103527e-05,0.18394437663788965,0.46439781790758683,0.9860066487522318,1.706702152794712,2.4824026132905477,2.9998820208865236,10.983438890549984,-2.1515096311160655,9.77812191194183,-14.706269689123392,-0.12240313361940972,7.897444395239766,0.2683305492777832,0.5060528643018571,0.8194851134912057,0.9975533064753856,0.49394713569814286,0.18051488650879435,0.0024466935246143266,50269,18371,249,4.340009425200761,0.06275009363889694,,1.7461723823480408,0.384297520661157,0.0003756574004507889,,,,257.6346740722656,26.193891525268555,29.907468783751522,0.06253516674041748,1,update_snr,0.02,20,100,,,,2036.0,0.0,0.020005895647047262,0.0,0.40617312273152684,0.07493824529836621,0.16793836799477305,0.1531791068910902,0.32816638151081695,1526550,2036.0,30540,0.020005895647047262,12212400,610800,244320,366480,0.9499852608823819,0.8393541802743982,0.3934572602285041,,,1.4628813858211758,,177.46666666666667,201.05649841662805,1.0,648.0,random,,,,,,,,,,,,,,snr_histograms.csv,calibration_bins.csv,0.001,227.64269104003907,239.7731704711914,272.51937103271484,304.6248474121094,-95.66557357128225,-6.6621965922421955,4.643154725779446,9.542083502182177,20.814766761045313,762.6694107055664,767.3553377604485,794.6370132446289,1912.4701301193236,2126.4997955322265,1853.1647585002497,1856.9959825263306,1865.7975129658362,2969.608710820388,3075.7259081950615,1853.1647585002497,1856.9959825263306,1865.7975129658362,2969.608710820388,3075.7259081950615,3.7737006295304525,3.782150065820292,4.754212051311288,0.002021358925708953,0.9869215421873959,0.9873520637928792,0.9919369552580133,0.9919757908097533,0.9919985626289946,762.6694107055664,767.3553377604485,794.6370132446289,1912.4701301193236,2126.4997955322265,1853.1647585002497,1856.9959825263306,1865.7975129658362,2969.608710820388,3075.7259081950615,product,0.9894149545478053,,2036.0,2036.0,2036.0,2036.0,2036.0,0.020005895647047262,0.020005895647047262,0.020005895647047262,0.020005895647047262,0.020005895647047262,0.3603910800547805,0.36073881114625506,0.36156540418628524,0.5329003459957714,0.5483760870728831,0.013966544533094228,0.15883277882232838,0.15917848732550854,0.1596760954130262,0.19112893044636808,0.19338264416843107,0.00719210324065463,0.14725273507557857,0.1482112079194068,0.14917481448792652,0.16492976257926542,0.16564720794198287,0.037121621629112755,0.3053296566357637,0.3054308623107355,0.30604331851377226,0.39004282258743445,0.3964652079731338
bayesfl_observability_v1,vi_update_snr_prune098_keep002_seed42,63,vi,mnist,mlp,0,0,0.1,0.5,300,24,0.05,15,3985,3985,5,256,0.05,42,1,5,5,4.946504283696413,2.826894748955965,0.0074564069509506226,2.119152430444956,0,15,11,0.8389,0.530696722459793,1925.281979366804,0.8389,0.16110000000000002,0.530696722459793,0.530696722459793,0.24001379537582399,0.02194342330396177,0.17555706202983856,0.8560028920173645,0.4239423889160156,10000,0.8389,0.530696722459793,0.530696722459793,0.24001379537582399,0.02194342330396177,0.17555706202983856,0.8560028920173645,0.4239423889160156,0.8389,0.5307080290794373,0.5307080290794373,0.24001895170211793,0.021941092991828916,0.17557327449321747,0.8560012614250183,0.4239436463832855,0.001,5,0.4239436463832855,0.4239433492183685,2.9716491700693126e-07,0.4239433492183685,2.9716491700693126e-07,1.5050403277427902e-08,3.018948866676487e-08,0,,,,,,,,,,,,,,,,,,,,,,,,,,,,,3.9826713418096946,0.3472467401968275,3.764141893661785,4.673050942632886,0.9911906775426965,1108.1318932118018,593.4236174785286,,,2090.9736440648326,393.1553898651075,2090.9736440648326,393.1553898651075,1108.1318932118018,593.4236174785286,2090.9736440648326,393.1553898651075,,,,,,,,,0.05,1e-05,1,product,1.0,,,,,,,,,,,,,,,,,,,,,,,,1.0,,,1,101770,30.23459994124032,0.07493536111325504,0.0580259844378894,0.062330255284905434,0.15555762499570855,0.06261029330504934,0.0031076211641916356,0.04767334833741188,0.0586335726082325,0.060633204877376556,0.06272099912166595,0.06466524302959442,0.06637988314032554,0.06746476739645005,0.07954336702823639,257.0285257281565,26.204840288527393,158.0491180419922,254.19912719726562,290.87559509277344,439.9959716796875,399.9261935670125,-564226.7459782884,-137707.99847721774,1.2044939789618125,0.9455827919505163,1.647105036103527e-05,0.18638985288947268,0.46919830047447875,0.9936049997203034,1.7233139073293158,2.5074663809199595,3.0308983758836754,10.841027826047197,-2.0621524523030073,9.766068434803193,-14.591554688758464,-0.055724637788497275,7.984702376672155,0.2658642035963447,0.5026530411712685,0.8154957256558907,0.9973862631423799,0.4973469588287315,0.18450427434410926,0.002613736857620124,50615,18777,266,4.308066991702294,0.05885240063071251,,1.569175031267755,0.3932245922208281,0.00150564617314931,,,,257.028564453125,26.2048397064209,30.23459994124032,0.06261029094457626,1,update_snr,0.02,20,100,,,,2036.0,0.0,0.020005895647047262,0.0,0.4009080565585062,0.06618603052794021,0.16532410206398457,0.15067379066283668,0.32334225404420674,1526550,2036.0,30540,0.020005895647047262,12212400,610800,244320,366480,0.9499852608823819,0.6704886291558734,0.37773652146048875,,,1.630784477771683,,265.6666666666667,374.5191880561291,2.0,1161.0,random,,,,,,,,,,,,,,snr_histograms.csv,calibration_bins.csv,0.001,226.94835052490234,239.1432876586914,272.00628662109375,304.10061035156247,-95.66557357128225,-6.572871392999815,4.727287856305184,9.631427486210937,20.701409182829757,741.8964457035065,746.249199256897,772.5576661586762,2109.476046257019,2452.250445175171,1844.0537620206476,1849.8391224256727,1857.6250756767722,2748.439097997677,2852.5504549077777,1844.0537620206476,1849.8391224256727,1857.6250756767722,2748.439097997677,2852.5504549077777,3.7695052261779365,3.778989511212857,4.5651894042162295,0.001568101343168489,0.9880341869553665,0.9885602515441924,0.9921132355170558,0.9921429626281936,0.9921710799283716,741.8964457035065,746.249199256897,772.5576661586762,2109.476046257019,2452.250445175171,1844.0537620206476,1849.8391224256727,1857.6250756767722,2748.439097997677,2852.5504549077777,product,0.989796724769824,,2036.0,2036.0,2036.0,2036.0,2036.0,0.020005895647047262,0.020005895647047262,0.020005895647047262,0.020005895647047262,0.020005895647047262,0.36054470092084717,0.3606990900283248,0.361093683677654,0.5097445347218023,0.5146844692281468,0.010782584713996173,0.15870784044245315,0.1587887088637371,0.15929402381166824,0.1832932490686695,0.18954534278855886,0.0056155970369675835,0.14753372135831455,0.14804739913619397,0.14859769248533863,0.15830433795845114,0.16559033227794334,0.030205851451907576,0.3035565155521876,0.3049532771420121,0.3059097058116599,0.374334186522024,0.384175709439471
bayesfl_observability_v1,vi_update_snr_prune098_keep002_seed42,64,vi,mnist,mlp,0,0,0.1,0.5,300,24,0.05,15,2125,2125,5,256,0.05,42,1,5,5,4.155394673347473,1.9971842840313911,0.008195515722036362,2.1574738807976246,0,15,13,0.832,0.5390381776809693,1430.2253113832112,0.832,0.16800000000000004,0.5390381776809693,0.5390381776809693,0.24518040745258332,0.03192093143314118,0.09236199466081765,0.8635707405090332,0.39003808364868164,10000,0.832,0.5390381776809693,0.5390381776809693,0.24518040745258332,0.03192093143314118,0.09236199466081765,0.8635707405090332,0.39003808364868164,0.8319,0.5390340639114379,0.5390340639114379,0.24517585821151733,0.031683717744052396,0.07530289021239345,0.8635672384262085,0.3900417576313019,0.001,5,0.3900417576313019,0.3900414642333984,2.9339790347249206e-07,0.3900414642333984,2.9339790347249206e-07,1.5096862033203707e-08,3.030533526646773e-08,0,,,,,,,,,,,,,,,,,,,,,,,,,,,,,3.9654963767507616,0.3736202989423503,3.769852363226231,4.794554696559815,0.9914377809396068,990.2069568179714,398.84099954192226,,,2063.802056957896,419.54543173781923,2063.802056957896,419.54543173781923,990.2069568179714,398.84099954192226,2063.802056957896,419.54543173781923,,,,,,,,,0.05,1e-05,1,product,1.0,,,,,,,,,,,,,,,,,,,,,,,,1.0,,,1,101770,30.525276248874807,0.07565326512006548,0.05858711076604903,0.06290217861533165,0.15697887241840364,0.06267236107446958,0.003108135356447511,0.04823724925518036,0.058692429959774015,0.06069319788366556,0.06278547272086143,0.06473618000745773,0.06644182652235031,0.0675226118415594,0.07954336702823639,256.51733542329214,26.143264855468885,158.0491180419922,253.67733764648438,290.2925048828125,429.76885986328125,400.71788387030455,-564024.7091064495,-137606.98004127393,1.2147949181343263,0.9537516183270733,1.647105036103527e-05,0.18758774112195162,0.4723924728766337,1.002091592373549,1.7404882408241915,2.5302722734897003,3.0534065115092894,11.365583671821987,-1.9978516020669335,9.790483491261408,-14.535910948549057,0.018148367589866314,8.063345130729022,0.263938292227572,0.4991844354917952,0.8124692935049622,0.9972683502014346,0.5008155645082047,0.18753070649503784,0.0027316497985653927,50968,19085,278,4.097688034202239,0.05731512792408466,,1.9232579478698437,0.3407058823529412,0.0009411764705882353,,,,256.517333984375,26.143264770507812,30.525276248874807,0.06267236173152924,1,update_snr,0.02,20,100,,,,2036.0,0.0,0.020005895647047262,0.0,0.3929958574745752,0.06552037726114657,0.1652741791992849,0.15164813412521058,0.32138079129678054,1526550,2036.0,30540,0.020005895647047262,12212400,610800,244320,366480,0.9499852608823819,0.7900247075442863,0.3932578900152081,,,1.525554463493652,,141.66666666666666,167.43303802482419,2.0,648.0,random,,,,,,,,,,,,,,snr_histograms.csv,calibration_bins.csv,0.001,226.52537536621094,238.61946487426758,271.46881103515625,303.4644546508789,-95.66557357128225,-6.51394062183104,4.813421866450615,9.695692547889985,21.111834870631263,746.612791633606,748.9789167022706,786.9942737579346,1577.493003655672,2096.3948294321694,1845.0676178014621,1847.6780588313,1854.3209636951015,2842.9274933208985,3013.9263081310573,1845.0676178014621,1847.6780588313,1854.3209636951015,2842.9274933208985,3013.9263081310573,3.7714483649348893,3.77804138408736,4.669122653840991,0.0016836214524411964,0.9876793205523705,0.9882804239031753,0.9922771649339114,0.9923098532985983,0.9923169707898198,746.612791633606,748.9789167022706,786.9942737579346,1577.493003655672,2096.3948294321694,1845.0676178014621,1847.6780588313,1854.3209636951015,2842.9274933208985,3013.9263081310573,product,0.9909490728987743,,2036.0,2036.0,2036.0,2036.0,2036.0,0.020005895647047262,0.020005895647047262,0.020005895647047262,0.020005895647047262,0.020005895647047262,0.359567756293351,0.3598067056360206,0.36076536204565535,0.5117532401756105,0.546383439470352,0.012278677951318633,0.1586672613247017,0.1587689194590107,0.1590999285337747,0.1892504891379644,0.19100515712715455,0.0065129212831063045,0.14760776620038618,0.1477586765279746,0.1484109856295906,0.16428416029431192,0.16552903222769177,0.032412307733958985,0.3044214574803124,0.30485351230113056,0.30533695777536757,0.38316363369448153,0.3921742280574259
bayesfl_observability_v1,vi_update_snr_prune098_keep002_seed42,65,vi,mnist,mlp,0,0,0.1,0.5,300,24,0.05,15,2962,2962,5,256,0.05,42,1,5,5,4.653290722519159,2.3440459556877613,0.011763554066419601,2.3077334091067314,0,15,15,0.8488,0.5015724088668824,1802.1265273000872,0.8488,0.1512,0.5015724088668824,0.5015724088668824,0.22315009615421294,0.015920375770330425,0.08704877587465137,0.8637032246589661,0.39826207609176634,10000,0.8488,0.5015724088668824,0.5015724088668824,0.22315009615421294,0.015920375770330425,0.08704877587465137,0.8637032246589661,0.39826207609176634,0.8487,0.5015836283683777,0.5015836283683777,0.22315331523418427,0.01579155706316233,0.08705177956078886,0.8636999622344971,0.3982696726799011,0.001,5,0.3982696726799011,0.39826938047409055,2.9220581054811845e-07,0.39826938047409055,2.9220581054811845e-07,1.4785316059828802e-08,3.0207713056834315e-08,14,0.965214497260984,0.9486215538847117,0.12707885734026372,0.5,0.9288461538461539,0.9525134952766532,1.0,1.0,1.0,1.0,0.10036963806410967,0.15779331206871042,0.3293672866204273,3.172844541647161e-05,0.046747185414036115,1.3070694208145142,,,0.15779331206871042,,,,,,,,,,3.9315197879153687,0.31757798803673687,3.763987943496491,4.690524418719989,0.9917571299761493,1004.4895004973147,485.00249707402736,,,2023.6942635789237,356.5453231067742,2023.6942635789237,356.5453231067742,1004.4895004973147,485.00249707402736,2023.6942635789237,356.5453231067742,,,,,,,,,0.05,1e-05,1,product,1.0,,,,,,,,,,,,,,,,,,,,,,,,1.0,,,1,101770,30.796407603415282,0.07634802316829066,0.05907805075540439,0.06356805935502052,0.15814933925867083,0.06273903148917748,0.0031107349773605913,0.04744481295347214,0.058753522112965584,0.06076203379780054,0.06285298615694046,0.06480327248573303,0.06650690883398055,0.06758434511721134,0.07954336702823639,255.97175134023655,26.084970474000222,158.0491180419922,253.1326446533203,289.6891296386719,444.2449645996094,401.57045148734767,-563808.196175197,-137498.72357562152,1.2246050960597044,0.9604721102581955,1.647105036103527e-05,0.18825706392987346,0.4767181235775071,1.0112841772378331,1.7539537993436543,2.553551350604757,3.076052254564601,10.732694698797003,-1.9227055635209505,9.780918907986193,-14.504974380273433,0.09746424463501688,8.142891914248569,0.26162916380072715,0.4953227866758377,0.8086567750810651,0.9971799154957257,0.5046772133241624,0.19134322491893485,0.002820084504274344,51361,19473,287,4.06014688221676,0.06734499335289001,,1.8197117272088863,0.475354490209318,0.002363268062120189,,,,255.97174072265625,26.084970474243164,30.796407603415282,0.06273902952671051,1,update_snr,0.02,20,100,,,,2036.0,0.0,0.020005895647047262,0.0,0.3887386029534623,0.057558600637290395,0.16358377877409414,0.1500432414858107,0.31829249115958025,1526550,2036.0,30540,0.020005895647047262,12212400,610800,244320,366480,0.9499852608823819,0.6266882933590284,0.33560185416876875,,,1.6690688152734645,,197.46666666666667,344.7510921745652,7.0,1408.0,random,,,,,,,,,,,,,,snr_histograms.csv,calibration_bins.csv,0.001,226.0822555541992,238.12561416625977,270.85408782958984,302.7645034790039,-95.66557357128225,-6.434766740516128,4.880362988656915,9.75987417174729,20.614175512741415,747.1235506534576,757.040872850418,778.7031547546387,1622.5396573805808,2477.0532908995947,1835.4968850326504,1842.2446190116318,1851.0062349440955,2681.0011225251747,2863.493270285192,1835.4968850326504,1842.2446190116318,1851.0062349440955,2681.0011225251747,2863.493270285192,3.770625773667237,3.7787447436565342,4.507744817013021,0.0013964048998137862,0.9883930050956945,0.9892457287610266,0.9924322493105389,0.992456842634434,0.9924926690874478,747.1235506534576,757.040872850418,778.7031547546387,1622.5396573805808,2477.0532908995947,1835.4968850326504,1842.2446190116318,1851.0062349440955,2681.0011225251747,2863.493270285192,product,0.9912712348136432,0.3293672866204273,2036.0,2036.0,2036.0,2036.0,2036.0,0.020005895647047262,0.020005895647047262,0.020005895647047262,0.020005895647047262,0.020005895647047262,0.35868666009589684,0.35947515943492847,0.3602932072851088,0.5017277303083996,0.5114089391518208,0.010409272852552732,0.15805100130767255,0.1584340927804234,0.15888456759803615,0.18050770522032616,0.19005713584870843,0.0063547465094244155,0.14220751994448244,0.14724073492798156,0.14789132767497548,0.15887676034738574,0.16649403517031605,0.027647597352868022,0.30443168695393213,0.3044731846985668,0.3049881941233904,0.3681571907082467,0.3847717907094474
bayesfl_observability_v1,vi_update_snr_prune098_keep002_seed42,66,vi,mnist,mlp,0,0,0.1,0.5,300,24,0.05,15,3096,3096,5,256,0.05,42,1,5,5,4.407662253826857,2.1884776540100574,0.008077919483184814,2.2187507040798664,0,15,12,0.8545,0.47162637984752653,1886.990914255701,0.8545,0.14549999999999996,0.47162637984752653,0.47162637984752653,0.2121704288482666,0.019333270038664342,0.19875633716583252,0.8735921691894531,0.36470402364730836,10000,0.8545,0.47162637984752653,0.47162637984752653,0.2121704288482666,0.019333270038664342,0.19875633716583252,0.8735921691894531,0.36470402364730836,0.8543,0.47162148637771606,0.47162148637771606,0.21216896395683288,0.019465706899762174,0.19878993928432465,0.8735889698982239,0.36470851159095763,0.001,5,0.36470851159095763,0.36470823917388917,2.7241706845870794e-07,0.36470823917388917,2.7241706845870794e-07,1.4142922174187334e-08,2.988964910397418e-08,0,,,,,,,,,,,,,,,,,,,,,,,,,,,,,3.9412688179104385,0.33307223749476983,3.769758427252654,4.682546310730188,0.9918582373639299,1051.4014128969511,565.98240175839,,,2031.950213523104,378.5433849577455,2031.950213523104,378.5433849577455,1051.4014128969511,565.98240175839,2031.950213523104,378.5433849577455,,,,,,,,,0.05,1e-05,1,product,1.0,,,,,,,,,,,,,,,,,,,,,,,,1.0,,,1,101770,31.082292563021447,0.07708385540861269,0.05959145198097928,0.0641595795750618,0.15972384214401247,0.06280834261286618,0.0031196076913025447,0.04744481295347214,0.05880546197295189,0.06082951184362173,0.06292465329170227,0.06487927958369255,0.06658393889665604,0.06765869073569773,0.07954336702823639,255.4136517682431,26.070402989417854,158.0491180419922,252.55638122558594,289.17761840820316,444.2449645996094,402.461662533725,-563584.3302867597,-137386.790631376,1.2350932669573311,0.9679232815809933,1.647105036103527e-05,0.18887794200655286,0.48101457033762374,1.018681326236304,1.7709140903110634,2.5724598415962086,3.096851153727927,10.45382730040269,-1.8442312920147965,9.759803189123726,-14.476375159421183,0.16076689408607306,8.206972075228498,0.25925125282499756,0.4920507025646065,0.8047165176378107,0.997032524319544,0.5079492974353935,0.19528348236218926,0.00296747568045593,51694,19874,302,4.164643941989683,0.06368033005855978,,1.7480293760111103,0.37370801033591733,0.0006459948320413437,,,,255.4136199951172,26.070402145385742,31.082292563021447,0.0628083348274231,1,update_snr,0.02,20,100,,,,2036.0,0.0,0.020005895647047262,0.0,0.3912831709613916,0.06369184460759156,0.163515037844183,0.14959526119657385,0.318476232528181,1526550,2036.0,30540,0.020005895647047262,12212400,610800,244320,366480,0.9499852608823819,0.913363991795346,0.3067063214685355,,,1.3888273576362593,,206.4,310.8787116116723,2.0,1094.0,random,,,,,,,,,,,,,,snr_histograms.csv,calibration_bins.csv,0.001,225.5594451904297,237.5680046081543,270.2535171508789,302.32284088134764,-95.66557357128225,-6.356835365593843,4.9639498684854475,9.818406639906886,20.385506423554457,722.5752859115601,741.3680386853218,793.8959381103516,2051.735372624397,2441.399072561264,1837.5431894390076,1839.282816099002,1846.168922461029,2752.3769506611443,2885.6004447194496,1837.5431894390076,1839.282816099002,1846.168922461029,2752.3769506611443,2885.6004447194496,3.771183085950832,3.777911630195244,4.582086616551276,0.0014334459013772226,0.9886415354733165,0.9891141188404193,0.9925643378419691,0.9925836600273031,0.9925876656525229,722.5752859115601,741.3680386853218,793.8959381103516,2051.735372624397,2441.399072561264,1837.5431894390076,1839.282816099002,1846.168922461029,2752.3769506611443,2885.6004447194496,product,0.9909830155372684,,2036.0,2036.0,2036.0,2036.0,2036.0,0.020005895647047262,0.020005895647047262,0.020005895647047262,0.020005895647047262,0.020005895647047262,0.35890849178522527,0.3590510150232334,0.3596688992937149,0.5101033172626256,0.5347956776796112,0.010078377631176796,0.15829198600605943,0.1583393235424695,0.15873872100032865,0.18076165260741228,0.189236853898929,0.004741149131754998,0.14712979903229156,0.14735392408866166,0.1479945751938448,0.15328234564771617,0.1653813385465675,0.028622599273808,0.3033298824363356,0.30415492503928054,0.3044043004613814,0.3729656933567056,0.3831634123697308
bayesfl_observability_v1,vi_update_snr_prune098_keep002_seed42,67,vi,mnist,mlp,0,0,0.1,0.5,300,24,0.05,15,1413,1413,5,256,0.05,42,1,5,5,4.206359423696995,1.975948128849268,0.010439541190862656,2.2299097813665867,0,15,13,0.8595,0.46617772159576415,822.5289254670604,0.8595,0.14049999999999996,0.46617772159576415,0.46617772159576415,0.20841189131736756,0.014542527052760098,0.1905517578125,0.8731984975814819,0.36614491777420044,10000,0.8595,0.46617772159576415,0.46617772159576415,0.20841189131736756,0.014542527052760098,0.1905517578125,0.8731984975814819,0.36614491777420044,0.8594,0.4661861177444458,0.4661861177444458,0.2084150306224823,0.014679169043898556,0.19046543538570404,0.873198363494873,0.3661445378303528,0.001,5,0.3661445378303528,0.3661442501068115,2.877235412701573e-07,0.3661442501068115,2.877235412701573e-07,1.4799985598301647e-08,3.070834434863676e-08,0,,,,,,,,,,,,,,,,,,,,,,,,,,,,,3.780927040234009,0.009315543355317191,3.7633905229796656,3.7946747082945267,0.9926849192132778,793.9167610685031,39.80491447984018,,,1844.9574888788738,9.007171723726904,1844.9574888788738,9.007171723726904,793.9167610685031,39.80491447984018,1844.9574888788738,9.007171723726904,,,,,,,,,0.05,1e-05,1,product,1.0,,,,,,,,,,,,,,,,,,,,,,,,1.0,,,1,101770,31.293918189181326,0.07758845136379287,0.06002334829102605,0.06463069096207619,0.1608390226960182,0.06286223118791115,0.003104213339114719,0.04685815051198006,0.058863073214888574,0.060897779650986195,0.06299245357513428,0.06492546387016773,0.06661294773221016,0.06767027713358402,0.07954336702823639,254.9547721758589,25.88786318608463,158.0491180419922,252.01300048828125,288.6118438720703,455.4384460449219,403.1411194008803,-563406.9189159302,-137298.08494593936,1.2421046871942374,0.9741984813190732,1.5816302123304834e-05,0.18942215114395197,0.48304065278454744,1.0257839068311894,1.7816544286118563,2.5866771211540533,3.1209645627813303,11.019505573582002,-1.806231546451977,9.788955783014572,-14.451384751537836,0.22111762454888903,8.254844436317647,0.25821951459172643,0.48925027021715634,0.8018276505846517,0.9969735678490714,0.5107497297828437,0.19817234941534834,0.0030264321509285643,51979,20168,308,3.4910785422927013,0.025090094655752182,,2.1068621497389977,0.20665251238499646,0.0014154281670205238,,,,254.95480346679688,25.887863159179688,31.293918189181326,0.06286222487688065,1,update_snr,0.02,20,100,,,,2036.0,0.0,0.020005895647047262,0.0,0.35934490982492645,0.00041314754085051834,0.1587480287059756,0.14816335235455633,0.3042819324128662,1526550,2036.0,30540,0.020005895647047262,12212400,610800,244320,366480,0.9499852608823819,0.6226022205201431,0.3310176025964249,,,1.6687730223440136,,94.2,79.71633040559088,2.0,230.0,random,,,,,,,,,,,,,,snr_histograms.csv,calibration_bins.csv,0.001,225.3630355834961,237.23014068603516,269.6479187011719,301.4852416992187,-96.01790040510024,-6.320326348376908,5.016469433570122,9.885776745864218,20.843242178007255,742.6108433246612,750.6997992610932,803.043837928772,837.3434788131714,874.6447324752808,1828.4851512945816,1832.278501833029,1843.2734621899122,1856.582206439734,1858.5980447402344,1828.4851512945816,1832.278501833029,1843.2734621899122,1856.582206439734,1858.5980447402344,3.768131672019003,3.779155576615968,3.7929147638659195,3.604557924267046e-05,0.9926334975216407,0.9926386686279697,0.9926914012039315,0.9927355490648632,0.9927499060617623,742.6108433246612,750.6997992610932,803.043837928772,837.3434788131714,874.6447324752808,1828.4851512945816,1832.278501833029,1843.2734621899122,1856.582206439734,1858.5980447402344,product,0.9937580910041992,,2036.0,2036.0,2036.0,2036.0,2036.0,0.020005895647047262,0.020005895647047262,0.020005895647047262,0.020005895647047262,0.020005895647047262,0.35861031054204434,0.35893020387077085,0.3593743107551149,0.359890789423752,0.36015889185478644,0.0005044272531087604,0.1578202876219606,0.1580834872432442,0.1585711601357744,0.15940765274358965,0.15951540232894262,0.0007155578210835196,0.1469184585055495,0.1472969376721057,0.14806061532201925,0.14906268773188242,0.14949453175593166,0.0006441080571737935,0.30300948720341786,0.30339116669675675,0.30439987791865836,0.3050279675033573,0.30531315188011876
bayesfl_observability_v1,vi_update_snr_prune098_keep002_seed42,68,vi,mnist,mlp,0,0,0.1,0.5,300,24,0.05,15,2073,2073,5,256,0.05,42,1,5,5,4.444760277867317,2.1068614721298218,0.007861334830522537,2.3374355882406235,0,15,11,0.8567,0.4670349118232727,1282.6293584465345,0.8567,0.14329999999999998,0.4670349118232727,0.4670349118232727,0.21033844583034517,0.01770260880291463,0.09880722562472025,0.8744026128768921,0.36718903274536135,10000,0.8567,0.4670349118232727,0.4670349118232727,0.21033844583034517,0.01770260880291463,0.09880722562472025,0.8744026128768921,0.36718903274536135,0.8567,0.4670347374916077,0.4670347374916077,0.21033895461559296,0.017700426001846778,0.09880495630204675,0.8744004322052001,0.3671955153942108,0.001,5,0.3671955153942108,0.3671952483177185,2.6707649231072494e-07,0.3671952483177185,2.6707649231072494e-07,1.3887437586390661e-08,2.9491530998096727e-08,0,,,,,,,,,,,,,,,,,,,,,,,,,,,,,4.0158580324927415,0.39723020256144925,3.768729200538585,4.68415243910457,0.9917934105895815,995.5073423087597,352.59012036498063,,,2100.9996675892953,437.255636157843,2100.9996675892953,437.255636157843,995.5073423087597,352.59012036498063,2100.9996675892953,437.255636157843,,,,,,,,,0.05,1e-05,1,product,1.0,,,,,,,,,,,,,,,,,,,,,,,,1.0,,,1,101770,31.573205595489934,0.07827904397208588,0.060561436944791415,0.06523411348462105,0.16229927092790605,0.06292244106643886,0.0031080701900616597,0.04685815051198006,0.05891450233757496,0.060960390605032444,0.06304781883955002,0.06499287486076355,0.06667360216379166,0.06772851943969727,0.07954336702823639,254.46940819656987,25.86539734249477,158.0491180419922,251.57058715820312,288.1081787109375,455.4384460449219,403.9143108379987,-563212.284130686,-137200.76755329396,1.25194809648616,0.9820262947836363,1.647105036103527e-05,0.1903050750133115,0.48583849363226694,1.0345704939798688,1.7916637201425596,2.60539713605182,3.1435531364698717,11.019505573582002,-1.736354639312191,9.778355728135724,-14.410992600744024,0.29520176251937424,8.31747862831411,0.25693229831974057,0.4857914906160951,0.7980347843175789,0.9967573941240051,0.5142085093839048,0.20196521568242115,0.0032426058759948903,52331,20554,330,4.189517623338152,0.048369403928518295,,2.0057130900881175,0.1958514230583695,0.002894356005788712,,,,254.4694366455078,25.865398406982422,31.573205595489934,0.06292244791984558,1,update_snr,0.02,20,100,,,,2036.0,0.0,0.020005895647047262,0.0,0.3992711297579767,0.06688019187913696,0.1664404782507202,0.15225932490342348,0.32470061684445106,1526550,2036.0,30540,0.020005895647047262,12212400,610800,244320,366480,0.9499852608823819,0.5967208547429022,0.33391907615287775,,,1.704020096592585,,138.2,124.64734253083778,6.0,395.0,random,,,,,,,,,,,,,,snr_histograms.csv,calibration_bins.csv,0.001,224.9531982421875,236.73829650878906,269.0943145751953,301.05912628173826,-95.66557357128225,-6.2701615687429175,5.065129992597162,9.94841611528151,20.843242178007255,736.8321924209595,750.5810223841667,782.3925505638123,1570.7439654517175,1608.3255632400512,1829.9709566062081,1831.5737218892866,1840.5440290939528,2828.6111699719977,2837.9699641509815,1829.9709566062081,1831.5737218892866,1840.5440290939528,2828.6111699719977,2837.9699641509815,3.770227724383452,3.7798319589942424,4.677118940998514,0.001664983431402294,0.9889917741097377,0.9890218566163133,0.9927808740760701,0.9928196499089647,0.9928260415825476,736.8321924209595,750.5810223841667,782.3925505638123,1570.7439654517175,1608.3255632400512,1829.9709566062081,1831.5737218892866,1840.5440290939528,2828.6111699719977,2837.9699641509815,product,0.9911572953732003,,2036.0,2036.0,2036.0,2036.0,2036.0,0.020005895647047262,0.020005895647047262,0.020005895647047262,0.020005895647047262,0.020005895647047262,0.35852781636439035,0.35854801710665557,0.3590809941985706,0.5101179659582321,0.5110587467916007,0.013416599412456695,0.1578893940307681,0.15811228632887867,0.1585146400913209,0.18878573586946468,0.18899476442385488,0.00767703026221548,0.14676483569116694,0.14730702884920358,0.1478868880862948,0.16491443037516995,0.1654055411356892,0.03465053118670457,0.3031184695963822,0.30322369351658535,0.3040426869926787,0.3823525936626103,0.38344864448074345
bayesfl_observability_v1,vi_update_snr_prune098_keep002_seed42,69,vi,mnist,mlp,0,0,0.1,0.5,300,24,0.05,15,3298,3298,5,256,0.05,42,1,5,5,4.666627760976553,2.441228210926056,0.008516252040863037,2.224828865379095,0,15,10,0.8464,0.509809296131134,1467.9074139743295,0.8464,0.15359999999999996,0.509809296131134,0.509809296131134,0.22676288874149322,0.02487581437081101,0.09258241035852088,0.8712170895576477,0.3718135108947754,10000,0.8464,0.509809296131134,0.509809296131134,0.22676288874149322,0.02487581437081101,0.09258241035852088,0.8712170895576477,0.3718135108947754,0.8464,0.5098213457107544,0.5098213457107544,0.22676798610687257,0.024876490674912943,0.09298779321722239,0.8712177787780762,0.3718127198696137,0.001,5,0.3718127198696137,0.37181242985725405,2.9001235962722305e-07,0.37181242985725405,2.9001235962722305e-07,1.479002888515879e-08,3.114861400354434e-08,0,,,,,,,,,,,,,,,,,,,,,,,,,,,,,4.25545723568647,0.4452449761362868,3.7678273641337374,4.683406475598637,0.990947233991468,1218.9396787545086,402.42308243039724,,,2360.5029410522548,489.5956137224635,2360.5029410522548,489.5956137224635,1218.9396787545086,402.42308243039724,2360.5029410522548,489.5956137224635,,,,,,,,,0.05,1e-05,1,product,1.0,,,,,,,,,,,,,,,,,,,,,,,,1.0,,,1,101770,31.926048463856056,0.07911523526687413,0.06128810447281488,0.06579065322875977,0.1645594984292984,0.06298821375562451,0.003124713935871941,0.04685815051198006,0.05896054953336716,0.061013669706881046,0.0631142221391201,0.06507162377238274,0.06676069796085357,0.06783148795366287,0.07954336702823639,253.95504396792256,25.931458450144525,158.0491180419922,251.04151153564453,287.6583251953125,455.4384460449219,404.76767459999803,-563001.8240978046,-137095.5375368287,1.2639841921247388,0.9925855942447774,7.522847844814779e-06,0.1908902855790838,0.48907345304321337,1.0435493626957144,1.8115367215640286,2.634328093223809,3.1834813160044666,11.162683105340303,-1.6647242394896284,9.800744819026914,-14.38432344667718,0.3702599419422025,8.41339726558083,0.2552225606760342,0.4825881890537487,0.793868527070846,0.9964920900068782,0.5174118109462513,0.20613147292915399,0.003507909993121745,52657,20978,357,4.736901361743413,0.04866306856274605,,1.614014326135733,0.4229836264402668,0.0006064281382656155,,,,253.955078125,25.931459426879883,31.926048463856056,0.06298822164535522,1,update_snr,0.02,20,100,,,,2036.0,0.0,0.020005895647047262,0.0,0.4386227168884885,0.07468746447983825,0.17442097144231924,0.15686421597773342,0.3451903442091403,1526550,2036.0,30540,0.020005895647047262,12212400,610800,244320,366480,0.9499852608823819,0.6422634585796657,0.311410482410517,,,1.6524914281631724,,219.86666666666667,152.40816542721353,2.0,463.0,random,,,,,,,,,,,,,,snr_histograms.csv,calibration_bins.csv,0.001,224.36664123535155,236.16564559936523,268.62454986572266,300.8640930175781,-102.4723532858078,-6.212518202234645,5.160942839073929,10.058046099048765,20.955371916744365,750.8029871940613,760.7676374292373,1514.5575880602003,1621.4056700515748,1652.1927112579347,1825.5296459368335,1832.5929439755482,2804.836986778574,2827.448149212108,2831.0967253537883,1825.5296459368335,1832.5929439755482,2804.836986778574,2827.448149212108,2831.0967253537883,3.7751685866882614,4.660826335375511,4.679214730547499,0.001834299632343003,0.9891810261038912,0.9892024685499651,0.989298488300563,0.9929208771298631,0.9929507057064035,750.8029871940613,760.7676374292373,1514.5575880602003,1621.4056700515748,1652.1927112579347,1825.5296459368335,1832.5929439755482,2804.836986778574,2827.448149212108,2831.0967253537883,product,0.9889317628237347,,2036.0,2036.0,2036.0,2036.0,2036.0,0.020005895647047262,0.020005895647047262,0.020005895647047262,0.020005895647047262,0.020005895647047262,0.3578324336025567,0.3583503499540367,0.5066104178514028,0.5090705928698803,0.5098876043450352,0.014987256842488288,0.1578256896077802,0.15806938396716524,0.18764681298931923,0.18883930798356816,0.18898104281126102,0.00857885180546441,0.14657186378399345,0.14712497917997897,0.16357833777728126,0.1653400043092111,0.16599778964874912,0.038706103275330854,0.3031993663980239,0.3033168412618776,0.38057152010515144,0.38204573851254764,0.3822068242496649
bayesfl_observability_v1,vi_update_snr_prune098_keep002_seed42,70,vi,mnist,mlp,0,0,0.1,0.5,300,24,0.05,15,4320,4320,5,256,0.05,42,1,5,5,5.053412403911352,2.7109003588557243,0.010211482644081116,2.341870240867138,0,15,12,0.8362,0.5169761249065399,1905.4807601480836,0.8362,0.16379999999999995,0.5169761249065399,0.5169761249065399,0.23651657767295836,0.03981899183541539,0.24563993513584137,0.8760189987182617,0.3554948935508728,10000,0.8362,0.5169761249065399,0.5169761249065399,0.23651657767295836,0.03981899183541539,0.24563993513584137,0.8760189987182617,0.3554948935508728,0.8363,0.5169761385917664,0.5169761385917664,0.2365168200492859,0.039715093734860436,0.2456330820918083,0.8760150968551635,0.3554983958005905,0.001,5,0.3554983958005905,0.3554981158733368,2.799272537101771e-07,0.3554981158733368,2.799272537101771e-07,1.4797124519816407e-08,3.161182009863056e-08,13,0.9681000119938293,0.9687694658282895,0.03986873724643222,0.8571428571428571,0.9352380952380952,0.9523809523809523,0.9764705882352941,1.0,1.0,1.0,0.16491006506974024,0.20013718589844295,0.2877186484465781,0.0005205578861698027,0.11773967742919922,1.0956192016601562,,,0.20013718589844295,,,,,,,,,,4.139117604998677,0.44176471265651723,3.769366435851715,4.707324204801462,0.9916138852226847,1246.5186331707737,617.1638628124808,,,2236.1120118848526,494.76246743519437,2236.1120118848526,494.76246743519437,1246.5186331707737,617.1638628124808,2236.1120118848526,494.76246743519437,,,,,,,,,0.05,1e-05,1,product,1.0,,,,,,,,,,,,,,,,,,,,,,,,1.0,,,1,101770,32.2503130378689,0.07990369636054848,0.061930068506013236,0.06632480770349503,0.16635065227746965,0.06306292111908972,0.003144173748548972,0.04704780876636505,0.05901030041277409,0.061077059246599674,0.06318272277712822,0.06515082716941833,0.06686518862843513,0.06794292964041233,0.07954336702823639,253.3721783789715,25.991415163934686,158.0491180419922,250.4974594116211,287.1735015869141,451.77398681640625,405.73845245544123,-562763.053716736,-136976.1523462665,1.275027010915331,1.0016613556683198,7.522847844814779e-06,0.19291214932041817,0.4928638658546207,1.0519153053362955,1.8263375726241313,2.662046070195499,3.214003366650602,11.808747350310073,-1.5925841746150649,9.810004388769245,-14.292808431672821,0.43961548103273707,8.504311344495827,0.25340473616979464,0.4787560184730274,0.7907340080573843,0.9961973076545151,0.5212439815269726,0.2092659919426157,0.003802692345484917,53047,21297,387,4.665109467089466,0.06470433995127678,,2.022889026449679,0.24166666666666667,0.000462962962962963,,,,253.37217712402344,25.99141502380371,32.2503130378689,0.06306291371583939,1,update_snr,0.02,20,100,,,,2036.0,0.0,0.020005895647047262,0.0,0.42355750613580373,0.08055112761695248,0.1694261764317902,0.1526529388730928,0.3342583837868053,1526550,2036.0,30540,0.020005895647047262,12212400,610800,244320,366480,0.9499852608823819,0.6497867042568668,0.31576566881281587,,,1.6660615833699772,,288.0,318.94785362709894,2.0,974.0,random,,,,,,,,,,,,outputs/sparse_comm_mnist_noniid_unbalanced/vi_update_snr_prune098_keep002_seed42/posterior_snapshots/round_0070.pt,,snr_histograms.csv,calibration_bins.csv,0.001,223.66592864990236,235.59178161621094,268.06724548339844,300.3074096679687,-102.4723532858078,-6.145460423934381,5.231621075829504,10.140926546947382,21.44407661831452,742.023670309782,756.0653853034974,813.8451789855957,2300.302357340753,2346.474062156677,1823.373174167555,1823.9909118224562,1842.5172442360522,2858.9241496747763,2894.371292598789,1823.373174167555,1823.9909118224562,1842.5172442360522,2858.9241496747763,2894.371292598789,3.7699775293883966,3.7873902306625324,4.683364776095273,0.0017851657478923056,0.9893140501410432,0.9894080006671312,0.9930397501404453,0.9931016328378888,0.9931101588838924,742.023670309782,756.0653853034974,813.8451789855957,2300.302357340753,2346.474062156677,1823.373174167555,1823.9909118224562,1842.5172442360522,2858.9241496747763,2894.371292598789,product,0.9894825311999395,0.2877186484465781,2036.0,2036.0,2036.0,2036.0,2036.0,0.020005895647047262,0.020005895647047262,0.020005895647047262,0.020005895647047262,0.020005895647047262,0.35757655115538994,0.35761404447904166,0.35859396021756884,0.5337588138188408,0.5361353651169211,0.013867625913990355,0.1576609114701416,0.157748656503217,0.15876344719906266,0.18817844670563783,0.18823936786931425,0.0068952028955148745,0.14654746826543447,0.14696595931222745,0.14844832813087772,0.16446283435290873,0.1647523784311371,0.037847215489849505,0.30201828847884743,0.30265062479863925,0.30418510839524954,0.381647703552042,0.3821421070450333
bayesfl_observability_v1,vi_update_snr_prune098_keep002_seed42,71,vi,mnist,mlp,0,0,0.1,0.5,300,24,0.05,15,1135,1135,5,256,0.05,42,1,5,5,4.281857945024967,2.0621925219893456,0.009754892438650131,2.219031732529402,0,15,10,0.8546,0.46374609184265136,1191.00469938044,0.8546,0.14539999999999997,0.46374609184265136,0.46374609184265136,0.21070989842414856,0.02704341280162332,0.24446895718574524,0.8816434051513672,0.3430605463504791,10000,0.8546,0.46374609184265136,0.46374609184265136,0.21070989842414856,0.02704341280162332,0.24446895718574524,0.8816434051513672,0.3430605463504791,0.8546,0.46375789184570315,0.46375789184570315,0.21071689157485962,0.02704445138722654,0.24451422478471482,0.8816444505691529,0.34306195459365846,0.001,5,0.34306195459365846,0.3430616973876953,2.5720596313894006e-07,0.3430616973876953,2.5720596313894006e-07,1.3538696168780007e-08,2.959137663018727e-08,0,,,,,,,,,,,,,,,,,,,,,,,,,,,,,3.8955733359360996,0.30195126426938473,3.767588300843759,4.668239926300695,0.9927457888867504,874.3249023242789,273.94425191693875,,,1956.1595914801176,330.8355433931624,1956.1595914801176,330.8355433931624,874.3249023242789,273.94425191693875,1956.1595914801176,330.8355433931624,,,,,,,,,0.05,1e-05,1,product,1.0,,,,,,,,,,,,,,,,,,,,,,,,1.0,,,1,101770,32.49061788629111,0.08049708336749567,0.06239409785405203,0.0668429397046566,0.16761230826377868,0.0631200778389318,0.0031376864935512595,0.04690198972821236,0.059071053937077525,0.06114002503454685,0.06325090676546097,0.06519968435168266,0.06690941154956817,0.06798212975263596,0.07954336702823639,252.90330117416718,25.884312455424247,158.0491180419922,249.95767974853516,286.5830780029297,454.58746337890625,406.46829135863885,-562577.2257879522,-136883.23838185213,1.2833175312497231,1.0081801433528066,7.522847844814779e-06,0.19406992850133686,0.49696258815123395,1.0598799917959068,1.8377333997798357,2.6756853265314926,3.2377072048025446,12.290994224102208,-1.5397896633401458,9.815508005860437,-14.240835091373304,0.505133873880756,8.54870073950873,0.2514198683305493,0.4759752382824015,0.7881792276702368,0.9960695686351577,0.5240247617175985,0.21182077232976318,0.003930431364842292,53330,21557,400,3.8684060494037142,0.04758851253427565,,1.8449143215905601,0.2986784140969163,0.001762114537444934,,,,252.90328979492188,25.884313583374023,32.49061788629111,0.06312006711959839,1,update_snr,0.02,20,100,,,,2036.0,0.0,0.020005895647047262,0.0,0.37777095598965593,0.05052488580308679,0.16188025016845745,0.14944961697342843,0.3132017846481891,1526550,2036.0,30540,0.020005895647047262,12212400,610800,244320,366480,0.9499852608823819,0.5813370164063429,0.43425383601764384,,,1.7211079921322852,,75.66666666666667,92.99510142415507,1.0,301.0,random,,,,,,,,,,,,,,snr_histograms.csv,calibration_bins.csv,0.001,223.37037506103516,235.23883056640625,267.51538848876953,299.7022201538085,-102.4723532858078,-6.0735260838885115,5.285650165327559,10.20475143342898,21.791740291704087,720.4514723300933,736.0061908769608,764.3888076782226,1279.2482373976704,1584.083426475525,1817.139872026337,1818.2303660430591,1828.220269910268,2415.855280821734,2802.9649256759917,1817.139872026337,1818.2303660430591,1828.220269910268,2415.855280821734,2802.9649256759917,3.7689089964235563,3.7791124016795896,4.316022511044752,0.0011949269445347872,0.9896771980575835,0.9910893967423209,0.9932116529007419,0.993242877451219,0.9932514340279027,720.4514723300933,736.0061908769608,764.3888076782226,1279.2482373976704,1584.083426475525,1817.139872026337,1818.2303660430591,1828.220269910268,2415.855280821734,2802.9649256759917,product,0.9928868318390489,,2036.0,2036.0,2036.0,2036.0,2036.0,0.020005895647047262,0.020005895647047262,0.020005895647047262,0.020005895647047262,0.020005895647047262,0.35703898669435596,0.3572818827371669,0.3579921522340654,0.44737302041213056,0.5067900008913983,0.010172613593119334,0.15746616895976004,0.15747296656880932,0.15793072103384131,0.17621701705694737,0.18795319448362038,0.005964722290710294,0.1458574788526908,0.14630061670594446,0.14729345665805663,0.15822498957563033,0.1648660695441409,0.026519208688104392,0.30217481950674957,0.302309332918781,0.30305327092167256,0.3498005347274991,0.380816194042379
bayesfl_observability_v1,vi_update_snr_prune098_keep002_seed42,72,vi,mnist,mlp,0,0,0.1,0.5,300,24,0.05,15,1207,1207,5,256,0.05,42,1,5,5,4.1941392831504345,1.9694810099899769,0.010274332016706467,2.2238502725958824,0,15,13,0.8391,0.513809872841835,1409.588777327588,0.8391,0.16090000000000004,0.513809872841835,0.513809872841835,0.23311892354488373,0.033468249484896684,0.1030568716173269,0.8719843790054321,0.3704043264389038,10000,0.8391,0.513809872841835,0.513809872841835,0.23311892354488373,0.033468249484896684,0.1030568716173269,0.8719843790054321,0.3704043264389038,0.839,0.5137991514682769,0.5137991514682769,0.23311292275190354,0.03356835233718155,0.10049731583159588,0.8719846334457397,0.3704054711341858,0.001,5,0.3704054711341858,0.37040519008636474,2.810478210713008e-07,0.37040519008636474,2.810478210713008e-07,1.4876881762404537e-08,3.1047996048920745e-08,0,,,,,,,,,,,,,,,,,,,,,,,,,,,,,3.846872705205522,0.2626382308713829,3.7580375263991375,4.829023372115087,0.9930344851378023,841.4828359050553,316.702345038673,,,1901.7188495003531,295.73432870046685,1901.7188495003531,295.73432870046685,841.4828359050553,316.702345038673,1901.7188495003531,295.73432870046685,,,,,,,,,0.05,1e-05,1,product,1.0,,,,,,,,,,,,,,,,,,,,,,,,1.0,,,1,101770,32.69491221294039,0.0810470346572217,0.06272986745609306,0.06729020550847054,0.1684471696615219,0.06317559208062398,0.0031313727064138114,0.04775286093354225,0.059138756990432736,0.06121013592928648,0.06330730766057968,0.06525643542408943,0.0669538252055645,0.06801909171044826,0.07957190275192261,252.44937851568378,25.7851219342232,157.93577575683594,249.51250457763672,285.92729797363285,438.53192138671875,407.17779382206936,-562396.9143235656,-136793.08264963696,1.291008090334709,1.0128954910042745,1.4433024434225792e-05,0.1960614314977432,0.5039359831642289,1.0653260505523017,1.8463873937895856,2.689441031681788,3.251868355072314,12.551768662663422,-1.47767120621382,9.799181281036754,-14.152156615885332,0.5496509368581318,8.593240527696016,0.2483541318659723,0.4743048049523435,0.786145229438931,0.9956273951066129,0.5256951950476565,0.21385477056106908,0.00437260489338705,53500,21764,445,3.779712593446226,0.06009581685066223,,1.6540446497652614,0.5062137531068766,0.0016570008285004142,,,,252.4493865966797,25.78512191772461,32.69491221294039,0.06317558884620667,1,update_snr,0.02,20,100,,,,2036.0,0.0,0.020005895647047262,0.0,0.36965286149662313,0.04640882932048283,0.15990423411913757,0.14793080825627763,0.3086992151318058,1526550,2036.0,30540,0.020005895647047262,12212400,610800,244320,366480,0.9499852608823819,0.6601911726716965,0.4156654025736015,,,1.6275498458747202,,80.46666666666667,150.21578552942506,2.0,611.0,random,,,,,,,,,,,,,,snr_histograms.csv,calibration_bins.csv,0.001,223.07412872314453,234.82986068725586,266.9029006958008,299.0349700927734,-96.8128524610576,-5.952492601878523,5.326456526661982,10.242659115721633,21.974098526405292,707.4015997216105,732.977756652832,758.2128089904785,806.0211222076416,2022.8926094055175,1805.1567524676113,1814.6905505428351,1824.7236151077461,1837.642045649013,3007.8182270832694,1805.1567524676113,1814.6905505428351,1824.7236151077461,1837.642045649013,3007.8182270832694,3.7685572639178657,3.7782645921898252,3.793031980919188,0.0010448695219315107,0.989126690846989,0.9932562778144906,0.9933120706251432,0.9933467079739677,0.993373116504462,707.4015997216105,732.977756652832,758.2128089904785,806.0211222076416,2022.8926094055175,1805.1567524676113,1814.6905505428351,1824.7236151077461,1837.642045649013,3007.8182270832694,product,0.9932953085424389,,2036.0,2036.0,2036.0,2036.0,2036.0,0.020005895647047262,0.020005895647047262,0.020005895647047262,0.020005895647047262,0.020005895647047262,0.3561848119843492,0.3566257235608355,0.35735138744103373,0.35803997572099117,0.543287481887871,0.008292071028786747,0.1567453180418073,0.15726864922609793,0.1578117111180909,0.15835716229502858,0.19089144827042773,0.004007121825580521,0.14576412097358826,0.14619257482718132,0.14692002219076042,0.14770789204979412,0.16278410225413398,0.0224492374066551,0.30178173385006857,0.30198937623107514,0.30285046139251304,0.30394874000190025,0.3926595772363523
bayesfl_observability_v1,vi_update_snr_prune098_keep002_seed42,73,vi,mnist,mlp,0,0,0.1,0.5,300,24,0.05,15,3542,3542,5,256,0.05,42,1,5,5,4.991618104279041,2.7567185312509537,0.007488694041967392,2.2344702444970608,0,15,12,0.8609,0.44977700562477113,2004.9606147199784,0.8609,0.1391,0.44977700562477113,0.44977700562477113,0.20570583128929137,0.021145634679496317,0.24595731993516287,0.8814547804832459,0.3486034317970276,10000,0.8609,0.44977700562477113,0.44977700562477113,0.20570583128929137,0.021145634679496317,0.24595731993516287,0.8814547804832459,0.3486034317970276,0.8609,0.44977061419487,0.44977061419487,0.2057042167186737,0.021144300699234033,0.2460213601589203,0.8814534118652344,0.34860518126487733,0.001,5,0.34860518126487733,0.3486049050807953,2.761840820486583e-07,0.3486049050807953,2.761840820486583e-07,1.4245787049560477e-08,3.2610637132074936e-08,0,,,,,,,,,,,,,,,,,,,,,,,,,,,,,4.024860043622641,0.4233249053504906,3.762305552771395,4.864222784419169,0.9924281469326179,1117.553376601219,602.1858332569685,,,2098.720819044876,474.40772289873865,2098.720819044876,474.40772289873865,1117.553376601219,602.1858332569685,2098.720819044876,474.40772289873865,,,,,,,,,0.05,1e-05,1,product,1.0,,,,,,,,,,,,,,,,,,,,,,,,1.0,,,1,101770,33.019416876427016,0.0818693659480066,0.0633293160404678,0.06820187717676163,0.16987364739179614,0.06324688981348403,0.0031454262540913554,0.04775286093354225,0.05919110029935837,0.06128814909607172,0.06337519362568855,0.0653312336653471,0.06703600436449052,0.06812261939048767,0.07957190275192261,251.8933200660384,25.816072858223368,157.93577575683594,248.97824096679688,285.42182006835935,438.53192138671875,408.1040888558878,-562169.0333430854,-136679.14215937027,1.3027701886883325,1.0216645797323185,1.4296831425741583e-05,0.20053243093716958,0.5084176648001627,1.0770560509030345,1.8614819503591327,2.710362810926817,3.2754004257577343,12.63672807567583,-1.3879534428799658,9.780276023675784,-13.956307631466503,0.6447660953617539,8.660548593517532,0.2463201336346664,0.4699715043726049,0.7819200157217254,0.9953817431463103,0.5300284956273951,0.21807998427827455,0.004618256853689692,53941,22194,470,4.414663128853509,0.06185980141162872,,1.6643160710487954,0.3557312252964427,0.000282326369282891,,,,251.893310546875,25.81607437133789,33.019416876427016,0.06324689090251923,1,update_snr,0.02,20,100,,,,2036.0,0.0,0.020005895647047262,0.0,0.40191354049369726,0.0746964997142376,0.16529492169306872,0.15040732997388861,0.32348467821749705,1526550,2036.0,30540,0.020005895647047262,12212400,610800,244320,366480,0.9499852608823819,0.69893685462991,0.5178095329790923,,,1.6181879245537947,,236.13333333333333,364.21914038422284,1.0,1260.0,random,,,,,,,,,,,,,,snr_histograms.csv,calibration_bins.csv,0.001,222.5275436401367,234.29243850708008,266.22386932373047,298.70007781982423,-96.8952034638516,-5.875587369246158,5.397176588906623,10.3052880228371,22.032692803889255,726.815322971344,737.7780957722664,766.3844949126244,2126.275941505432,2474.957890625,1806.9780962572725,1809.133889603217,1819.207568548054,2926.014421565253,3044.7438959784117,1806.9780962572725,1809.133889603217,1819.207568548054,2926.014421565253,3044.7438959784117,3.7663176687046094,3.775699082039998,4.770325294068951,0.001649477213610663,0.9891099636518637,0.9895180457097887,0.9933963440612333,0.9934280077370369,0.9934406832505047,726.815322971344,737.7780957722664,766.3844949126244,2126.275941505432,2474.957890625,1806.9780962572725,1809.133889603217,1819.207568548054,2926.014421565253,3044.7438959784117,product,0.9910223504367824,,2036.0,2036.0,2036.0,2036.0,2036.0,0.020005895647047262,0.020005895647047262,0.020005895647047262,0.020005895647047262,0.020005895647047262,0.35633706112773605,0.35658718712347903,0.3576050691483431,0.5286078637760993,0.5422438350721148,0.01343219305279338,0.15683978275217225,0.15715205356379222,0.1575336597138675,0.18976237960223324,0.19281086225597172,0.00704971219039545,0.1459096727783363,0.1463246969917212,0.14692456448327745,0.16374134267749316,0.16600176976582334,0.03603653000579409,0.3012126454619538,0.30153220614268467,0.3024477834067542,0.388147214200357,0.39347331754928416
bayesfl_observability_v1,vi_update_snr_prune098_keep002_seed42,74,vi,mnist,mlp,0,0,0.1,0.5,300,24,0.05,15,3880,3880,5,256,0.05,42,1,5,5,4.7011514082551,2.495662998408079,0.009959250688552856,2.205011036247015,0,15,12,0.8545,0.47752522859573365,1916.0151573618614,0.8545,0.14549999999999996,0.47752522859573365,0.47752522859573365,0.2128697101354599,0.03270261301100253,0.07467633060046608,0.8872026142120362,0.3297197184562683,10000,0.8545,0.47752522859573365,0.47752522859573365,0.2128697101354599,0.03270261301100253,0.07467633060046608,0.8872026142120362,0.3297197184562683,0.8546,0.4775243494749069,0.4775243494749069,0.2128683495759964,0.03260205214023591,0.07392326866863563,0.887202075958252,0.32972151708602904,0.001,5,0.32972151708602904,0.329721276473999,2.406120300224579e-07,0.329721276473999,2.406120300224579e-07,1.2330542801919365e-08,2.7792867084968333e-08,0,,,,,,,,,,,,,,,,,,,,,,,,,,,,,3.9973699816675334,0.36225057572746183,3.7746577259595364,4.700937877802667,0.9926974086887151,1101.878318585515,597.6194404100223,,,2061.082041272493,403.15712042325924,2061.082041272493,403.15712042325924,1101.878318585515,597.6194404100223,2061.082041272493,403.15712042325924,,,,,,,,,0.05,1e-05,1,product,1.0,,,,,,,,,,,,,,,,,,,,,,,,1.0,,,1,101770,33.302330699069266,0.08257594316172255,0.0638653192539361,0.06886449083685875,0.17137265056371692,0.06332071008803311,0.003158057413471068,0.04785413667559624,0.059245329722762106,0.06135763227939606,0.06344489380717278,0.0654136911034584,0.06712456643581391,0.06821820884943008,0.07957190275192261,251.31756530518825,25.836979891063752,157.93577575683594,248.43150329589844,284.8995544433594,436.677734375,409.06305487319446,-561933.0749942182,-136561.16298490914,1.312465784180819,1.0289385317586404,1.4296831425741583e-05,0.20080793624097104,0.5112249551994572,1.0864529471292252,1.8724617185122823,2.7300674682926447,3.3085983777649504,12.538251664617118,-1.3207408746766187,9.771843686269106,-13.944382544602608,0.7202184464813228,8.72346759815914,0.2450918738331532,0.4660312469293505,0.7789721921980938,0.9951852215780682,0.5339687530706495,0.22102780780190626,0.004814778421931807,54342,22494,490,4.303936944163897,0.06606706231832504,,1.8754397637701126,0.3322164948453608,0.002061855670103093,,,,251.31753540039062,25.836978912353516,33.302330699069266,0.06332071125507355,1,update_snr,0.02,20,100,,,,2036.0,0.0,0.020005895647047262,0.0,0.39729200232353706,0.06719479681961094,0.16414115097408297,0.14982447845670324,0.3203722816823376,1526550,2036.0,30540,0.020005895647047262,12212400,610800,244320,366480,0.9499852608823819,0.7401076366617095,0.45787172392105985,,,1.5422549254482967,,258.6666666666667,368.87462489155973,8.0,1255.0,random,,,,,,,,,,,,,,snr_histograms.csv,calibration_bins.csv,0.001,221.94073638916015,233.7021484375,265.6212387084961,298.1107925415039,-96.8952034638516,-5.827759089360499,5.448258948612776,10.392881025768546,21.964739652789774,724.3779000282287,728.1165650939942,792.8341736793518,2097.154563606262,2474.760489664078,1813.021589818866,1813.4959348854757,1821.5318272355912,2740.315246639731,2824.069009028565,1813.021589818866,1813.4959348854757,1821.5318272355912,2740.315246639731,2824.069009028565,3.775643074886795,3.784119604879569,4.609839443532737,0.0013617610775626646,0.9900237714590787,0.9903873588178989,0.9934980504688269,0.993526892727646,0.9935288465584379,724.3779000282287,728.1165650939942,792.8341736793518,2097.154563606262,2474.760489664078,1813.021589818866,1813.4959348854757,1821.5318272355912,2740.315246639731,2824.069009028565,product,0.9916135694116223,,2036.0,2036.0,2036.0,2036.0,2036.0,0.020005895647047262,0.020005895647047262,0.020005895647047262,0.020005895647047262,0.020005895647047262,0.3552351349464052,0.3564466052608351,0.35705048255229527,0.5091561517788377,0.51143419780406,0.011323427771794974,0.15718859779370484,0.15729722464636367,0.15776567290933743,0.1831687841317001,0.1890346512258945,0.006360102511902093,0.1461947370626694,0.14665747873194318,0.1473850501438445,0.15883447718189142,0.1662031856202671,0.03076755353930439,0.3012890818465546,0.30166210123098397,0.30233277383872176,0.37254205310825966,0.3811187232870479
bayesfl_observability_v1,vi_update_snr_prune098_keep002_seed42,75,vi,mnist,mlp,0,0,0.1,0.5,300,24,0.05,15,2542,2542,5,256,0.05,42,1,5,5,4.639584474265575,2.369464974850416,0.01044459268450737,2.2695060558617115,0,15,11,0.8555,0.48150606827735903,1711.2197845881958,0.8555,0.14449999999999996,0.48150606827735903,0.48150606827735903,0.21326950652599336,0.03211202207803723,0.19816347956657407,0.8866893287658691,0.32925981917381286,10000,0.8555,0.48150606827735903,0.48150606827735903,0.21326950652599336,0.03211202207803723,0.19816347956657407,0.8866893287658691,0.32925981917381286,0.8554,0.48150961668491365,0.48150961668491365,0.2132718160867691,0.032014626707136576,0.19816513359546659,0.8866919255256653,0.3292562003135681,0.001,5,0.3292562003135681,0.3292559519767761,2.483367920191881e-07,0.3292559519767761,2.483367920191881e-07,1.3101237260570997e-08,3.083736305582177e-08,12,0.961400737230121,0.8603174603174604,0.2928044431440857,0.0,0.54,0.9428571428571428,1.0,1.0,1.0,1.0,0.17926086902217162,0.674431849571485,1.7940194333438426,0.0003521273611113429,0.04498175208014671,6.592221260070801,,,0.674431849571485,,,,,,,,,,3.8886650466877666,0.2724211291110855,3.771494068359264,4.66366903232549,0.9932211318416341,941.1414185927711,448.6653711987227,,,1935.5557592501316,303.23254818320834,1935.5557592501316,303.23254818320834,941.1414185927711,448.6653711987227,1935.5557592501316,303.23254818320834,,,,,,,,,0.05,1e-05,1,product,1.0,,,,,,,,,,,,,,,,,,,,,,,,1.0,,,1,101770,33.52393147622988,0.08310772724520976,0.06431316365504176,0.06930995360016823,0.17235774397850037,0.06338810948663245,0.0031594911887433325,0.04785413667559624,0.05929825194180012,0.06142369098961353,0.06351850181818008,0.06548016518354416,0.06718883216381073,0.06828511729836463,0.07957190275192261,250.7810121912402,25.764270268820635,157.93577575683594,247.8560333251953,284.3912322998047,436.677734375,409.933102497789,-561716.2251062152,-136452.7380408819,1.3194953195600174,1.0351155150404021,5.857713825283692e-06,0.20179421846540158,0.5148848749361661,1.0922675043821422,1.8827849975378936,2.743957488443306,3.3301072997402312,12.538251664617118,-1.281897874920178,9.79643288133903,-13.901825632983957,0.7665802664453027,8.767547572545467,0.2430677016802594,0.463938292227572,0.7766237594576004,0.9949493956961777,0.536061707772428,0.22337624054239952,0.005050604303822344,54555,22733,514,3.936537780468791,0.05915884394198656,,1.488254536018046,0.5137686860739575,0.0011801730920535012,,,,250.78102111816406,25.764270782470703,33.52393147622988,0.06338811665773392,1,update_snr,0.02,20,100,,,,2036.0,0.0,0.020005895647047262,0.0,0.37655175159912385,0.051797213967907575,0.16071307559682632,0.14833852268240671,0.31084656821185125,1526550,2036.0,30540,0.020005895647047262,12212400,610800,244320,366480,0.9499852608823819,0.7455763732553942,0.2901193818995838,,,1.5585022385347278,,169.46666666666667,303.97343451178244,3.0,1260.0,random,,,,,,,,,,,,,,snr_histograms.csv,calibration_bins.csv,0.001,221.5163543701172,233.22787857055664,265.0502243041992,297.469075012207,-104.64543550327738,-5.7657973355247005,5.496014581782381,10.44916454318095,21.964739652789774,734.1241600036622,735.0663985455036,775.3932052612305,1290.4882681977747,2457.4500390625,1806.7278888165217,1808.4369372999925,1818.0890018491286,2311.736058836109,2777.17012615474,1806.7278888165217,1808.4369372999925,1818.0890018491286,2311.736058836109,2777.17012615474,3.7730445033720392,3.783887786336561,4.2135361048681155,0.0010071147188192373,0.9903355059989664,0.9920363634594999,0.9936153267231045,0.9936449852970807,0.9936494207400502,734.1241600036622,735.0663985455036,775.3932052612305,1290.4882681977747,2457.4500390625,1806.7278888165217,1808.4369372999925,1818.0890018491286,2311.736058836109,2777.17012615474,product,0.9930818361877287,1.7940194333438426,2036.0,2036.0,2036.0,2036.0,2036.0,0.020005895647047262,0.020005895647047262,0.020005895647047262,0.020005895647047262,0.020005895647047262,0.35555607308513426,0.3557139726358867,0.35618498845477403,0.44742704822486584,0.5100077975953895,0.008316937502959181,0.15701113799057517,0.15709234445248546,0.15779326646103486,0.1684673776726842,0.18702434713187216,0.004164703290051562,0.14619207390443845,0.1463658367734813,0.14702872400400474,0.1486289542768965,0.16365755543720242,0.0231227802940637,0.30075607974296903,0.3011495685378707,0.3019747731552863,0.3377925258880619,0.3773975165614659
bayesfl_observability_v1,vi_update_snr_prune098_keep002_seed42,76,vi,mnist,mlp,0,0,0.1,0.5,300,24,0.05,15,3638,3638,5,256,0.05,42,1,5,5,4.378797750920057,2.2478281632065773,0.00941622257232666,2.1303928941488266,0,15,10,0.856,0.48005951788425444,1845.2798659521843,0.856,0.14400000000000002,0.48005951788425444,0.48005951788425444,0.2129742964744568,0.02760064011216168,0.24727120436728,0.882301125907898,0.3438251835346222,10000,0.856,0.48005951788425444,0.48005951788425444,0.2129742964744568,0.02760064011216168,0.24727120436728,0.882301125907898,0.3438251835346222,0.8559,0.4800725501060486,0.4800725501060486,0.21298047993183136,0.02768701928257941,0.191806860268116,0.8822978784561157,0.3438314737796783,0.001,5,0.3438314737796783,0.34383122334480287,2.5043487544840204e-07,0.34383122334480287,2.5043487544840204e-07,1.2900475019250735e-08,2.9886097558625926e-08,0,,,,,,,,,,,,,,,,,,,,,,,,,,,,,3.939095648532161,0.32196862607210475,3.767515367197757,4.69769123641149,0.9931259389711594,1041.772470705112,560.1208532967294,,,1989.4144366744388,359.86757070848586,1989.4144366744388,359.86757070848586,1041.772470705112,560.1208532967294,1989.4144366744388,359.86757070848586,,,,,,,,,0.05,1e-05,1,product,1.0,,,,,,,,,,,,,,,,,,,,,,,,1.0,,,1,101770,33.78247619445882,0.08375828363138793,0.06479674296024354,0.06988444551825523,0.17336197346448906,0.06346395361454386,0.003168064865990219,0.04799932986497879,0.0593886636197567,0.06149464100599289,0.06359448656439781,0.0655556321144104,0.06727040335536003,0.06837834529578686,0.08347702026367188,250.18709894573686,25.733330739302488,143.50469970703125,247.26409912109375,283.5259918212891,434.0399169921875,410.9177511151996,-561473.5626141594,-136331.40679482557,1.3282488582166179,1.0417007820913349,5.857713825283692e-06,0.20191803870247216,0.5167076633409755,1.100165465465972,1.8973512987424344,2.757534544179939,3.3479174541209535,12.75803957447435,-1.232762027278006,9.82383320646632,-13.896497622500005,0.8291601637003334,8.810419232767757,0.24232091972093936,0.4610395990960008,0.7733516753463693,0.994693917657463,0.5389604009039992,0.22664832465363074,0.0053060823425370935,54850,23066,540,4.133938115970491,0.06334226205945015,,1.7848400088191831,0.38702583837273224,0.013468938977460142,,,,250.18710327148438,25.73333168029785,33.78247619445882,0.06346395611763,1,update_snr,0.02,20,100,,,,2036.0,0.0,0.020005895647047262,0.0,0.3865334037611071,0.06177676434988144,0.1617896862122907,0.1481800315290738,0.3149222998205051,1526550,2036.0,30540,0.020005895647047262,12212400,610800,244320,366480,0.9499852608823819,0.8869495120544648,0.3545610117730708,,,1.4168767302374161,,242.53333333333333,367.53011063343126,8.0,1408.0,random,,,,,,,,,,,,,,snr_histograms.csv,calibration_bins.csv,0.001,220.9794723510742,232.69121551513672,264.43896484375,297.10099487304683,-104.64543550327738,-5.735101976173516,5.562954978127336,10.495494830736362,22.115678899304374,716.1992076873779,728.2859581947326,782.9371356010437,2021.3738703238962,2430.503980064392,1798.43479813856,1807.7400376587077,1811.5992464925453,2648.3099961582775,2845.250636239298,1798.43479813856,1807.7400376587077,1811.5992464925453,2648.3099961582775,2845.250636239298,3.7761378736137425,3.7809178936193346,4.531638811823978,0.001179581491985247,0.9903187243040658,0.9909762524977355,0.9937035839006483,0.9937205644710002,0.9937479146747508,716.1992076873779,728.2859581947326,782.9371356010437,2021.3738703238962,2430.503980064392,1798.43479813856,1807.7400376587077,1811.5992464925453,2648.3099961582775,2845.250636239298,product,0.992484645888713,,2036.0,2036.0,2036.0,2036.0,2036.0,0.020005895647047262,0.020005895647047262,0.020005895647047262,0.020005895647047262,0.020005895647047262,0.35525457063200266,0.35533100460644335,0.35587566005199506,0.5010455431509852,0.5291173735013325,0.009644798682426316,0.15662109840429922,0.15703477210279965,0.15735868784787008,0.17707926949222041,0.18730460979340108,0.0048953328575579436,0.1410883324497523,0.1461351806529846,0.1469187412082929,0.15292492249753387,0.16335580465932342,0.02754021024416529,0.30063653049690303,0.30085519643243575,0.3017758522634322,0.3653125073526987,0.3802407466584122
bayesfl_observability_v1,vi_update_snr_prune098_keep002_seed42,77,vi,mnist,mlp,0,0,0.1,0.5,300,24,0.05,15,2740,2740,5,256,0.05,42,1,5,5,4.628919083625078,2.5245507694780827,0.012542922049760818,2.1030586920678616,0,15,13,0.8466,0.5057527552604675,1626.8912573082637,0.8466,0.15339999999999998,0.5057527552604675,0.5057527552604675,0.2250425099372864,0.034472453087568286,0.09528654654395774,0.8809732325553894,0.34332494430541993,10000,0.8466,0.5057527552604675,0.5057527552604675,0.2250425099372864,0.034472453087568286,0.09528654654395774,0.8809732325553894,0.34332494430541993,0.8466,0.5057450673103333,0.5057450673103333,0.22504053189754486,0.03447178217619658,0.09349766304573692,0.8809724983215332,0.34332747802734376,0.001,5,0.34332747802734376,0.34332720952033996,2.685070037977688e-07,0.34332720952033996,2.685070037977688e-07,1.3882876964999014e-08,3.1089071275832376e-08,0,,,,,,,,,,,,,,,,,,,,,,,,,,,,,4.100559893342891,0.45320980545898626,3.770030509417021,4.844657703222925,0.9926314757016829,1088.1862808550068,494.1360961339672,,,2158.1181092598945,498.50705565796255,2158.1181092598945,498.50705565796255,1088.1862808550068,494.1360961339672,2158.1181092598945,498.50705565796255,,,,,,,,,0.05,1e-05,1,product,1.0,,,,,,,,,,,,,,,,,,,,,,,,1.0,,,1,101770,34.09782558082368,0.08453753261792171,0.06540497459371261,0.07058864086866379,0.17487062215805058,0.06353153956588586,0.003180145523141067,0.04725581780076027,0.0594238568097353,0.06155835185199976,0.06366246193647385,0.06564082950353622,0.06734796091914177,0.06846945881843566,0.08523771911859512,249.66590338826262,25.75540580235572,137.6373748779297,246.7363510131836,283.1902587890625,447.8055419921875,411.79905914194086,-561258.3487719789,-136223.79987371035,1.3391500920539847,1.050242100208397,1.4296831425741583e-05,0.2020874030952391,0.5204672201252939,1.109351410159519,1.9180716253121335,2.7769306012189006,3.371631517719986,12.318906032120065,-1.1786940406966644,9.859132454963863,-13.889215138852201,0.9013827935653931,8.871300527024548,0.24069961678294194,0.45733516753463693,0.7690282008450428,0.9944875700108087,0.5426648324653631,0.23097179915495725,0.005512429989191314,55227,23506,561,4.49424053814196,0.060279928147792816,,1.8524761319348435,0.3200729927007299,0.00072992700729927,,,,249.6658935546875,25.75540542602539,34.09782558082368,0.0635315403342247,1,update_snr,0.02,20,100,,,,2036.0,0.0,0.020005895647047262,0.0,0.4098811003164,0.0774591089470396,0.1674903491627152,0.1519570137512228,0.32846077540977153,1526550,2036.0,30540,0.020005895647047262,12212400,610800,244320,366480,0.9499852608823819,0.5809605192235358,0.4340582318260421,,,1.7173412185828592,,182.66666666666666,206.7022550003319,2.0,648.0,random,,,,,,,,,,,,,,snr_histograms.csv,calibration_bins.csv,0.001,220.47081756591797,232.08756637573242,263.8918914794922,296.54360351562497,-96.8952034638516,-5.6721323573312725,5.657296414326617,10.556802097997664,21.81144284924971,719.5574522018433,729.0038143157959,770.0058233261109,1849.7388909506797,2078.8953759829205,1797.2054707905006,1800.0258938568184,1816.0471629169551,2893.565095823796,2996.517504369939,1797.2054707905006,1800.0258938568184,1816.0471629169551,2893.565095823796,2996.517504369939,3.773083807859785,3.789622583567885,4.765263733369864,0.0016528596886844424,0.9898754237021835,0.9902063224055653,0.9937642736113985,0.9938256416524912,0.9938325442272402,719.5574522018433,729.0038143157959,770.0058233261109,1849.7388909506797,2078.8953759829205,1797.2054707905006,1800.0258938568184,1816.0471629169551,2893.565095823796,2996.517504369939,product,0.9912758937071883,,2036.0,2036.0,2036.0,2036.0,2036.0,0.020005895647047262,0.020005895647047262,0.020005895647047262,0.020005895647047262,0.020005895647047262,0.3540876163121443,0.3552494410511648,0.355776713524661,0.5254859661318474,0.5390485631556998,0.014719181080090939,0.15663699119021401,0.15668962139675166,0.15746662332079908,0.18866454030428795,0.19080208996537132,0.007855119101760373,0.14551457129597062,0.1457256552364022,0.14679147136225984,0.16334816961801205,0.16343165517331526,0.03857322079854609,0.30034083110989185,0.30080476727347605,0.30161038595548634,0.38482280257718277,0.3910761268704956
bayesfl_observability_v1,vi_update_snr_prune098_keep002_seed42,78,vi,mnist,mlp,0,0,0.1,0.5,300,24,0.05,15,4685,4685,5,256,0.05,42,1,5,5,4.864320896565914,2.6923105716705322,0.009785667061805725,2.171450935304165,0,15,12,0.8533,0.4818962562561035,1898.5657003137524,0.8533,0.14670000000000005,0.4818962562561035,0.4818962562561035,0.2140110692024231,0.03261304108649489,0.25463956966996193,0.8859130475997925,0.32864144802093503,10000,0.8533,0.4818962562561035,0.4818962562561035,0.2140110692024231,0.03261304108649489,0.25463956966996193,0.8859130475997925,0.32864144802093503,0.8531,0.48189067516326906,0.48189067516326906,0.2140102544784546,0.03281341539323327,0.2545262351632118,0.8859134241104126,0.3286407835960388,0.001,5,0.3286407835960388,0.32864050951004026,2.7408599856393323e-07,0.32864050951004026,2.7408599856393323e-07,1.4412989526135789e-08,3.2220105774841696e-08,0,,,,,,,,,,,,,,,,,,,,,,,,,,,,,4.285949495217639,0.47930741372420765,3.7692882500444886,4.843379862743815,0.9921011424980606,1353.0456831181216,585.7322196370123,,,2360.051577106378,528.0599047775637,2360.051577106378,528.0599047775637,1353.0456831181216,585.7322196370123,2360.051577106378,528.0599047775637,,,,,,,,,0.05,1e-05,1,product,1.0,,,,,,,,,,,,,,,,,,,,,,,,1.0,,,1,101770,34.48632755813501,0.08554227435433201,0.06609645268558552,0.0713457353413105,0.1770901441574097,0.06361253314482342,0.003204516169189516,0.04719940572977066,0.05949050523340702,0.061615996062755585,0.06374054402112961,0.06573200598359108,0.06746619641780853,0.06860250011086462,0.08523771911859512,249.05508361018758,25.859881791065426,137.6373748779297,246.13221740722656,282.5561126708985,448.8765563964844,412.86290693363986,-561002.3229598969,-136095.78696764007,1.3533202641416238,1.0600959080134813,1.4296831425741583e-05,0.20570323779358185,0.5273245200597912,1.120555176082652,1.9353227702126228,2.809209809503295,3.4073843192895725,12.488468903861047,-1.0635246768524307,9.806086774295546,-13.735177448972953,0.9886649183402811,8.971683525200508,0.23715240247617175,0.45221578068192986,0.7653139432052668,0.9941927876584455,0.5477842193180702,0.23468605679473323,0.005807212341554485,55748,23884,591,5.003553927230599,0.06501857936382294,,2.078342809196438,0.19957310565635006,0.00021344717182497332,,,,249.05508422851562,25.859882354736328,34.48632755813501,0.06361252814531326,1,update_snr,0.02,20,100,,,,2036.0,0.0,0.020005895647047262,0.0,0.4428160665385214,0.08281608179581182,0.17303708038474722,0.15442751951542022,0.34380512530440444,1526550,2036.0,30540,0.020005895647047262,12212400,610800,244320,366480,0.9499852608823819,0.39169285949643673,0.42427150468924135,,,1.9032084387423547,,312.3333333333333,303.64335805166047,1.0,933.0,random,,,,,,,,,,,,,,snr_histograms.csv,calibration_bins.csv,0.001,219.69871978759767,231.44415664672852,263.3983383178711,295.9715393066406,-96.8952034638516,-5.5584406788470755,5.735068125754509,10.648422408765317,21.930183935835316,739.1688321828842,743.5827321529389,1550.9446489334107,2150.946833490282,2314.1102085113525,1793.6241702483148,1794.0048442613625,2766.1684758207884,2929.1100151212295,2988.7529617588234,1793.6241702483148,1794.0048442613625,2766.1684758207884,2929.1100151212295,2988.7529617588234,3.770702391882686,4.671865960610421,4.788296239537135,0.0017172222127764774,0.9900656343785994,0.9902802476303086,0.9907428582255929,0.9939449394391474,0.9939460814939478,739.1688321828842,743.5827321529389,1550.9446489334107,2150.946833490282,2314.1102085113525,1793.6241702483148,1794.0048442613625,2766.1684758207884,2929.1100151212295,2988.7529617588234,product,0.9894189844921477,,2036.0,2036.0,2036.0,2036.0,2036.0,0.020005895647047262,0.020005895647047262,0.020005895647047262,0.020005895647047262,0.020005895647047262,0.35453640825484944,0.35494056503311694,0.5026870863728371,0.5349631571325737,0.5401899130795828,0.015393406400512347,0.15631729175978654,0.1563362151296702,0.1834048975093116,0.1896305549799885,0.19050845521013587,0.00839409784812931,0.14516192684667917,0.1453386355737747,0.15560715614102763,0.16428962817865184,0.16575930646054346,0.04067524470663674,0.29998054541508434,0.3004925637848383,0.378126988781503,0.38604546645800036,0.39033799076934655
bayesfl_observability_v1,vi_update_snr_prune098_keep002_seed42,79,vi,mnist,mlp,0,0,0.1,0.5,300,24,0.05,15,4613,4613,5,256,0.05,42,1,5,5,5.074557293206453,2.981969941407442,0.015160899609327316,2.0917157977819443,0,15,11,0.8321,0.5659777183532715,1971.9851717745496,0.8321,0.16790000000000005,0.5659777183532715,0.5659777183532715,0.2528560147762299,0.057499539768695804,0.18159997463226318,0.8893111543655395,0.312008974313736,10000,0.8321,0.5659777183532715,0.5659777183532715,0.2528560147762299,0.057499539768695804,0.18159997463226318,0.8893111543655395,0.312008974313736,0.8321,0.5659787052154541,0.5659787052154541,0.2528560532569885,0.0575008401408791,0.1815386265516281,0.8893131816864014,0.3120056739330292,0.001,5,0.3120056739330292,0.3120054028987885,2.710342407175048e-07,0.3120054028987885,2.710342407175048e-07,1.4542765160285854e-08,3.22718953341382e-08,0,,,,,,,,,,,,,,,,,,,,,,,,,,,,,4.060644143507551,0.3955042408277942,3.7670135366871285,4.718454340135548,0.9930781160939762,1192.8287593870957,645.4500185272465,,,2108.7824540442275,437.36213368827754,2108.7824540442275,437.36213368827754,1192.8287593870957,645.4500185272465,2108.7824540442275,437.36213368827754,,,,,,,,,0.05,1e-05,1,product,1.0,,,,,,,,,,,,,,,,,,,,,,,,1.0,,,1,101770,34.77556271080822,0.08626629828296806,0.06664227717749656,0.0718907006084919,0.17857576906681064,0.06369222128280426,0.0032243306764638976,0.04739765077829361,0.05955188497900963,0.06167691759765148,0.06381585076451302,0.06581936962902546,0.06755980998277664,0.0687214221805334,0.08523771911859512,248.4500170176655,25.90665952881035,137.6373748779297,245.55165100097656,281.97393798828125,445.1294860839844,413.90829481252956,-560749.9841341152,-135969.61755472023,1.3629520505539092,1.0672138589426088,1.4296831425741583e-05,0.20857146710745056,0.5319538137774026,1.1275249456719796,1.9490655533749994,2.831462310273295,3.426831275684759,12.488468903861047,-0.9959404971988962,9.793762064670739,-13.614902082699052,1.0425231821140408,9.040215701684943,0.23515770855851428,0.4494743048049523,0.7614915987029577,0.9940748747175002,0.5505256951950477,0.23850840129704234,0.005925125282499754,56027,24273,603,4.520612286207298,0.07470940239727497,,1.9429485251898764,0.27205722956861045,0.001300672013873835,,,,248.4500274658203,25.906658172607422,34.77556271080822,0.06369221955537796,1,update_snr,0.02,20,100,,,,2036.0,0.0,0.020005895647047262,0.0,0.40715870774671564,0.07419074974003538,0.16496771754850814,0.14925287107485782,0.3242826941085562,1526550,2036.0,30540,0.020005895647047262,12212400,610800,244320,366480,0.9499852608823819,0.7104711990270045,0.4443559273367146,,,1.5778007686076023,,307.53333333333336,386.32005154045817,4.0,1255.0,random,,,,,,,,,,,,,,snr_histograms.csv,calibration_bins.csv,0.001,219.09030303955078,230.83015823364258,262.8782501220703,295.44303588867183,-96.8952034638516,-5.482521463845709,5.796528921681236,10.697854438447694,21.930183935835316,707.6737347960473,730.3673605108261,808.0365776062011,2350.0903686475754,2435.415408744812,1786.1657274347108,1790.305470400967,1806.692018989237,2761.704223799283,2850.1808102198593,1786.1657274347108,1790.305470400967,1806.692018989237,2761.704223799283,2850.1808102198593,3.7715972957382733,3.7888936165855185,4.675316637188721,0.001368172617277967,0.9907721877460511,0.9909371743198451,0.9940184612370527,0.9940719632343775,0.994086788599455,707.6737347960473,730.3673605108261,808.0365776062011,2350.0903686475754,2435.415408744812,1786.1657274347108,1790.305470400967,1806.692018989237,2761.704223799283,2850.1808102198593,product,0.9915148030825909,,2036.0,2036.0,2036.0,2036.0,2036.0,0.020005895647047262,0.020005895647047262,0.020005895647047262,0.020005895647047262,0.020005895647047262,0.3541698486852141,0.35440651303423787,0.35524661931512524,0.509897213267353,0.5310803759981987,0.011965795814266858,0.1559425539700024,0.15626480877987067,0.1570202919589039,0.18537629920741672,0.18654369250458033,0.005935944817906592,0.14503100841293448,0.14544684028889446,0.14664444347981784,0.16004094702880187,0.1631617456077153,0.03357847196763102,0.29970451060374287,0.3003440913822316,0.3012631270623486,0.37789810673556384,0.3790920980572106
bayesfl_observability_v1,vi_update_snr_prune098_keep002_seed42,80,vi,mnist,mlp,0,0,0.1,0.5,300,24,0.05,15,1020,1020,5,256,0.05,42,1,5,5,4.283882461488247,1.9926137998700142,0.010476876050233841,2.2906206361949444,0,15,11,0.8273,0.5813917304039001,784.5127604727768,0.8273,0.17269999999999996,0.5813917304039001,0.5813917304039001,0.25345504417419434,0.05879860269427298,0.13816150178605136,0.8860986036300659,0.3158994143486023,10000,0.8273,0.5813917304039001,0.5813917304039001,0.25345504417419434,0.05879860269427298,0.13816150178605136,0.8860986036300659,0.3158994143486023,0.8273,0.5813967601776123,0.5813967601776123,0.25345795435905455,0.05879744266420603,0.1401638367386293,0.8860974464416503,0.31590053358078,0.001,5,0.31590053358078,0.31590027594566344,2.57635116573951e-07,0.31590027594566344,2.57635116573951e-07,1.4137370263256344e-08,3.1258594809071636e-08,13,0.9547905651660592,0.9369830169830171,0.1332187096603486,0.5,0.8675324675324675,0.9545454545454546,1.0,1.0,1.0,1.0,0.2604435933065316,0.4904734754438719,1.3339279993920208,3.081480099353939e-05,0.033610807223753494,5.086775302886963,,,0.4904734754438719,,,,,,,,,,3.7822233984856957,0.009914371948303967,3.7648401567379133,3.8044462830333408,0.9941376141451257,766.41003408134,23.856862924190366,,,1796.1749315323636,9.329586048972821,1796.1749315323636,9.329586048972821,766.41003408134,23.856862924190366,1796.1749315323636,9.329586048972821,,,,,,,,,0.05,1e-05,1,product,1.0,,,,,,,,,,,,,,,,,,,,,,,,1.0,,,1,101770,34.932493437437856,0.08664879143210519,0.06695181134641434,0.07221828401088715,0.17917669862508778,0.06374743601624455,0.003208851523469659,0.04776065796613693,0.059612711891531944,0.0617489293217659,0.06388689950108528,0.06586514785885811,0.06758898496627808,0.06872968375682831,0.08523771911859512,247.99904782262522,25.73050414008121,137.6373748779297,245.00580596923828,281.39880981445316,438.38873291015625,414.6142698928251,-560570.723370762,-135879.987173022,1.3677737961665468,1.0712204204763918,1.4296831425741583e-05,0.20873570112920573,0.5344171148960571,1.132255451570491,1.9590857428293444,2.8374175740737595,3.4360615859722077,12.488468903861047,-0.9682650849671647,9.802860915750417,-13.608065299688302,1.078888407692164,9.058465085769097,0.23442075267760637,0.44846221872850545,0.7594084700795912,0.9935442664832466,0.5515377812714946,0.24059152992040878,0.006455733516753464,56130,24485,657,3.477127784108474,0.025105507113039494,,2.0657163506198555,0.24313725490196078,0.00392156862745098,,,,247.99905395507812,25.73050308227539,34.932493437437856,0.06374742835760117,1,update_snr,0.02,20,100,,,,2036.0,0.0,0.020005895647047262,0.0,0.35449978144831396,0.0006143397446266287,0.15658320819376034,0.1460990771145615,0.30018079743017734,1526550,2036.0,30540,0.020005895647047262,12212400,610800,244320,366480,0.9499852608823819,0.7966122957006309,0.35050606896260844,,,1.4955251086511094,,68.0,65.45838372584524,4.0,230.0,random,,,,,,,,,,,,outputs/sparse_comm_mnist_noniid_unbalanced/vi_update_snr_prune098_keep002_seed42/posterior_snapshots/round_0080.pt,,snr_histograms.csv,calibration_bins.csv,0.001,218.90119476318358,230.5093994140625,262.26548767089844,294.9646087646484,-96.8952034638516,-5.4423928375106225,5.841068880990791,10.721218784995857,21.930183935835316,727.8110502719879,736.8498419570923,758.9153926879168,798.9921831893921,808.1382801055909,1779.3334550551208,1787.9239414919973,1794.8702236557494,1807.682927137923,1816.4838596307152,1779.3334550551208,1787.9239414919973,1794.8702236557494,1807.682927137923,1816.4838596307152,3.7733651806348725,3.7808263162925697,3.7942880633525156,3.0455274173879627e-05,0.994073256907862,0.9940975491558065,0.9941442808495163,0.9941683087457708,0.9941921074874428,727.8110502719879,736.8498419570923,758.9153926879168,798.9921831893921,808.1382801055909,1779.3334550551208,1787.9239414919973,1794.8702236557494,1807.682927137923,1816.4838596307152,product,0.9950338249023767,1.3339279993920208,2036.0,2036.0,2036.0,2036.0,2036.0,0.020005895647047262,0.020005895647047262,0.020005895647047262,0.020005895647047262,0.020005895647047262,0.3537724152840724,0.3538407054331638,0.35427420410815463,0.3553162066642425,0.355693102582482,0.0004936426235229942,0.15563490147641706,0.1561478374299835,0.15638414706029008,0.15728073946461651,0.15753556737409988,0.0007485482206314838,0.14465027447610224,0.1451594338817835,0.14604084610058427,0.14709145248047678,0.14742640387681866,0.0006696642637884544,0.299276189863739,0.29954000770316125,0.2999032811462492,0.30096498691531554,0.3018348035406594
bayesfl_observability_v1,vi_update_snr_prune098_keep002_seed42,81,vi,mnist,mlp,0,0,0.1,0.5,300,24,0.05,15,1520,1520,5,256,0.05,42,1,5,5,4.007639605551958,1.8891841247677803,0.011852458119392395,2.1179463267326355,0,15,10,0.8416,0.5297067015647888,803.8616057209592,0.8416,0.15839999999999999,0.5297067015647888,0.5297067015647888,0.23350852856636048,0.04601185513883826,0.14848694910529914,0.8869991003036499,0.3153951570034027,10000,0.8416,0.5297067015647888,0.5297067015647888,0.23350852856636048,0.04601185513883826,0.14848694910529914,0.8869991003036499,0.3153951570034027,0.8416,0.5296842022895814,0.5296842022895814,0.23350194673538208,0.04601051997393371,0.14862516332825326,0.8869978030204773,0.31539830355644227,0.001,5,0.31539830355644227,0.31539802474975587,2.7880668640456463e-07,0.31539802474975587,2.7880668640456463e-07,1.53419188194448e-08,3.479629581927688e-08,0,,,,,,,,,,,,,,,,,,,,,,,,,,,,,3.783827473542281,0.010457854830789514,3.762602796930847,3.8055710497035684,0.9941853168118444,784.1310263188681,37.03480022624461,,,1794.301020810082,9.83997684028269,1794.301020810082,9.83997684028269,784.1310263188681,37.03480022624461,1794.301020810082,9.83997684028269,,,,,,,,,0.05,1e-05,1,product,1.0,,,,,,,,,,,,,,,,,,,,,,,,1.0,,,1,101770,35.10040471595257,0.08707068083848198,0.0672666527614766,0.07270050421357155,0.17983437031507493,0.06380032581724047,0.003193629754382542,0.047987814992666245,0.05967782288789749,0.06181324180215597,0.06394558399915695,0.06591273657977581,0.06761387810111046,0.06874560229480266,0.08523771911859512,247.56793490538513,25.562004888690193,137.6373748779297,244.5563201904297,280.78509521484375,434.24822998046875,415.2908896357594,-560399.1125453162,-135794.18176027853,1.3733105449857577,1.0755337576184643,1.4296831425741583e-05,0.21089520312566623,0.5348385161441522,1.1383717867398082,1.96679787003869,2.847809525740663,3.4501294659874713,12.21936049081511,-0.9284096080917251,9.790849811161735,-13.5186659925282,1.1256824734820032,9.090218767471336,0.2341751007173037,0.44657561167338117,0.7575022108676427,0.9933280927581802,0.5534243883266189,0.24249778913235728,0.006671907241819789,56322,24679,679,3.4545293524655274,0.02510698512196541,,1.9740109371862073,0.25921052631578945,0.020394736842105264,,,,247.5679473876953,25.56200408935547,35.10040471595257,0.06380032747983932,1,update_snr,0.02,20,100,,,,2036.0,0.0,0.020005895647047262,0.0,0.35384404908382444,0.00037991800302881193,0.15654812730178685,0.14610628458497246,0.2998850962403965,1526550,2036.0,30540,0.020005895647047262,12212400,610800,244320,366480,0.9499852608823819,0.7066218003676255,0.40026586827328703,,,1.6035137329241456,,101.33333333333333,67.03796602589378,8.0,222.0,random,,,,,,,,,,,,,,snr_histograms.csv,calibration_bins.csv,0.001,218.7400360107422,230.17667770385742,261.72003173828125,293.9163146972656,-96.8952034638516,-5.435546495412181,5.875194585895979,10.756707845177074,21.740969547627756,728.3788067817688,752.1354330825806,773.0971736907959,825.6032351875305,869.6085943222046,1774.8876941273002,1783.945360022251,1795.2243599318565,1802.788702984262,1815.567112167743,1774.8876941273002,1783.945360022251,1795.2243599318565,1802.788702984262,1815.567112167743,3.7728741587806645,3.7849458256812354,3.7932156551528022,3.3014618276731156e-05,0.9941139306728114,0.9941560400875199,0.9941811086980124,0.994219305212038,0.9942482253840509,728.3788067817688,752.1354330825806,773.0971736907959,825.6032351875305,869.6085943222046,1774.8876941273002,1783.945360022251,1795.2243599318565,1802.788702984262,1815.567112167743,product,0.9951451165334261,,2036.0,2036.0,2036.0,2036.0,2036.0,0.020005895647047262,0.020005895647047262,0.020005895647047262,0.020005895647047262,0.020005895647047262,0.3531593109439413,0.35350978205054256,0.3537872199902088,0.35420315070127034,0.354873873688481,0.0005668007456287275,0.15541754858099294,0.15599660271515273,0.15655345774514387,0.1570696859478838,0.1578953590033867,0.000999727298962336,0.14421019195037832,0.14533612999494214,0.1458616065546213,0.14707345132261113,0.14866705377015338,0.0003809697635349194,0.2993234458564536,0.299434204511825,0.2998815320948098,0.30036328704105003,0.3006014177471516
bayesfl_observability_v1,vi_update_snr_prune098_keep002_seed42,82,vi,mnist,mlp,0,0,0.1,0.5,300,24,0.05,15,1912,1912,5,256,0.05,42,1,5,5,4.343139708042145,2.06607074663043,0.007474873214960098,2.276621498167515,0,15,11,0.8523,0.4793589447975159,1691.2329758959895,0.8523,0.14770000000000005,0.4793589447975159,0.4793589447975159,0.21586145243644714,0.036903090101480476,0.24806424123900278,0.889203087234497,0.3135682236194611,10000,0.8523,0.4793589447975159,0.4793589447975159,0.21586145243644714,0.036903090101480476,0.24806424123900278,0.889203087234497,0.3135682236194611,0.8522,0.47935553331375125,0.47935553331375125,0.2158575801372528,0.037000570189952835,0.2480948737689427,0.8892005648612976,0.31357314653396606,0.001,5,0.31357314653396606,0.31357288103103637,2.6550292969718114e-07,0.31357288103103637,2.6550292969718114e-07,1.4406737980721119e-08,3.1892389400286986e-08,0,,,,,,,,,,,,,,,,,,,,,,,,,,,,,3.832663065331622,0.17754990975865304,3.769285814524208,4.49545227050069,0.9940793758581621,864.2493771048387,421.20777801893155,,,1846.6745808974536,201.58629237786113,1846.6745808974536,201.58629237786113,864.2493771048387,421.20777801893155,1846.6745808974536,201.58629237786113,,,,,,,,,0.05,1e-05,1,product,1.0,,,,,,,,,,,,,,,,,,,,,,,,1.0,,,1,101770,35.319180711972884,0.08764498704433166,0.06764498484624146,0.0731867216527462,0.18097884505987175,0.06386625402377052,0.003186556901376833,0.04801701009273529,0.059754636511206626,0.06188501603901386,0.06401398777961731,0.06596986204385757,0.06767037436366082,0.06879600547254085,0.08523771911859512,247.0453582888117,25.435321608403044,137.6373748779297,244.03395080566406,280.0636627197266,433.7203369140625,416.1428778012585,-560187.2603282225,-135688.2556517066,1.3809649571317186,1.0804775571632965,1.4296831425741583e-05,0.21376319844154928,0.5388182452729283,1.1434197444919225,1.9724048994550856,2.8631493652818167,3.4738873179978857,11.642669216808414,-0.8534001567686879,9.7268083011585,-13.401341222008863,1.1641137440540228,9.13688009927962,0.23232779797582784,0.44482656971602635,0.7559889947921784,0.9931512233467623,0.5551734302839737,0.24401100520782157,0.006848776653237693,56500,24833,697,3.773864401479615,0.06546376645565033,,1.533540564186065,0.5475941422594143,0.0005230125523012552,,,,247.04537963867188,25.435321807861328,35.319180711972884,0.06386625021696091,1,update_snr,0.02,20,100,,,,2036.0,0.0,0.020005895647047262,0.0,0.3641641771683389,0.038246848016431634,0.15765618422142288,0.1459860801182217,0.30383305348465084,1526550,2036.0,30540,0.020005895647047262,12212400,610800,244320,366480,0.9499852608823819,0.4535164384478529,0.40263306495470463,,,1.8574847846652085,,127.46666666666667,255.32903390636082,1.0,1047.0,random,,,,,,,,,,,,,,snr_histograms.csv,calibration_bins.csv,0.001,218.3749557495117,229.7782096862793,261.11328887939453,293.1043853759765,-96.8952034638516,-5.371154135465036,5.899921452291621,10.816314540426696,21.321051175415136,710.7799253225327,717.3724669837951,736.7920537948609,831.9418382644652,2433.643044281006,1778.9720428426908,1780.0245895442877,1792.29224025755,1817.3188872744572,2599.7703927997763,1778.9720428426908,1780.0245895442877,1792.29224025755,1817.3188872744572,2599.7703927997763,3.7719383509454274,3.7852108624418457,3.8115635337260296,0.0005856624246502062,0.9918924466285559,0.9941560800438862,0.9942333197198058,0.9942781286849451,0.9942897197983966,710.7799253225327,717.3724669837951,736.7920537948609,831.9418382644652,2433.643044281006,1778.9720428426908,1780.0245895442877,1792.29224025755,1817.3188872744572,2599.7703927997763,product,0.9942752323984697,,2036.0,2036.0,2036.0,2036.0,2036.0,0.020005895647047262,0.020005895647047262,0.020005895647047262,0.020005895647047262,0.020005895647047262,0.35305439609788103,0.35341677976331975,0.35401048158857956,0.3550340796178276,0.5072564091200208,0.004447512688859304,0.15564932505732257,0.15582346833375652,0.1565030551072907,0.15778426059796705,0.1741408162017934,0.000868114794577197,0.1448920908700696,0.14504272641676313,0.14580338338948573,0.1470494406482511,0.1480312517433487,0.014729667460916663,0.2991132204724792,0.29922541232171396,0.29979789347206237,0.30105061029888364,0.3589042888979318
bayesfl_observability_v1,vi_update_snr_prune098_keep002_seed42,83,vi,mnist,mlp,0,0,0.1,0.5,300,24,0.05,15,2694,2694,5,256,0.05,42,1,5,5,4.51482031494379,2.2427700497210026,0.008762624114751816,2.2715792804956436,0,15,14,0.8346,0.5597987195014954,1354.7216055915524,0.8346,0.1654,0.5597987195014954,0.5597987195014954,0.24526794610023497,0.051906553094089064,0.24247442372143269,0.886215885925293,0.3166258038520813,10000,0.8346,0.5597987195014954,0.5597987195014954,0.24526794610023497,0.051906553094089064,0.24247442372143269,0.886215885925293,0.3166258038520813,0.8346,0.5597975666046142,0.5597975666046142,0.24526915607452393,0.05199756657183167,0.24241851270198822,0.8862145714759827,0.31663223152160647,0.001,5,0.31663223152160647,0.31663195734024047,2.7418136600010357e-07,0.31663195734024047,2.7418136600010357e-07,1.4779406387788185e-08,3.220177824935698e-08,0,,,,,,,,,,,,,,,,,,,,,,,,,,,,,4.038035615950559,0.4183127426503268,3.771265519911216,4.852905042191123,0.9934619821750199,1002.1711737734742,405.78799282976604,,,2061.9458163948248,452.68742474920947,2061.9458163948248,452.68742474920947,1002.1711737734742,405.78799282976604,2061.9458163948248,452.68742474920947,,,,,,,,,0.05,1e-05,1,product,1.0,,,,,,,,,,,,,,,,,,,,,,,,1.0,,,1,101770,35.54452147116524,0.08818067576708169,0.06810700177753705,0.07367326319217682,0.18261526525020605,0.06393113633420275,0.0031852873808421753,0.04824967309832573,0.05982720591127873,0.06194485258311033,0.0640801414847374,0.06603349559009075,0.06773633286356925,0.0688646201044321,0.08523771911859512,246.5385907716199,25.342226002504304,137.6373748779297,243.53033447265625,279.38465576171876,429.54754638671875,416.9859100282624,-559979.8494468044,-135584.55021097325,1.3880157573452512,1.086842555615797,3.841116737165142e-05,0.21306684773802365,0.5398839462801104,1.1503148352288184,1.9828603283757618,2.881764034992846,3.494541613761295,12.027876536872924,-0.823140606277399,9.74773522385977,-13.429682386690754,1.2163344146523711,9.193168339070972,0.23197405915299205,0.44282204971995676,0.7537683010710425,0.992935049621696,0.5571779502800432,0.24623169892895747,0.007064950378304019,56704,25059,719,4.253937443065525,0.055005669593811035,,2.2705838373395784,0.24424647364513735,0.004454342984409799,,,,246.53860473632812,25.342226028442383,35.54452147116524,0.06393113732337952,1,update_snr,0.02,20,100,,,,2036.0,0.0,0.020005895647047262,0.0,0.3957501840049757,0.07045512603108935,0.16461550608029524,0.15060248427384126,0.3209350772515374,1526550,2036.0,30540,0.020005895647047262,12212400,610800,244320,366480,0.9499852608823819,0.7288655452738012,0.42018615743705223,,,1.5494241401027167,,179.6,169.03719511791877,10.0,648.0,random,,,,,,,,,,,,,,snr_histograms.csv,calibration_bins.csv,0.001,217.94988403320312,229.33557510375977,260.6090774536133,292.5172622680664,-88.31084964964427,-5.353991728961354,5.945842476221184,10.867804325046915,21.603779230555684,717.0908805847168,723.9081213617325,774.8719367980957,1551.2400165450574,1994.1809816996256,1776.2271019790333,1781.2054570510497,1793.3785469304933,2765.1029034323333,2969.4642006944036,1776.2271019790333,1781.2054570510497,1793.3785469304933,2765.1029034323333,2969.4642006944036,3.776807507892345,3.7894995596664707,4.69602116745745,0.0013946521282699525,0.9906951913137986,0.9912785448800688,0.9942851938243081,0.9943309085611316,0.9943455691153802,717.0908805847168,723.9081213617325,774.8719367980957,1551.2400165450574,1994.1809816996256,1776.2271019790333,1781.2054570510497,1793.3785469304933,2765.1029034323333,2969.4642006944036,product,0.992812985196608,,2036.0,2036.0,2036.0,2036.0,2036.0,0.020005895647047262,0.020005895647047262,0.020005895647047262,0.020005895647047262,0.020005895647047262,0.3529464823868117,0.353022970380428,0.3537705137414695,0.5027351566642277,0.5404789102514073,0.013690983991768602,0.15564464167903175,0.15591160309497043,0.15645222903116154,0.1869099300263225,0.18977074868327215,0.007700110824832937,0.14484411717424772,0.1453587089891073,0.14634940531634646,0.1632102379500213,0.1646669546884285,0.03551498241762932,0.2987007548524953,0.2989271907655661,0.30002362053223697,0.37699449213700176,0.3890731752219459
bayesfl_observability_v1,vi_update_snr_prune098_keep002_seed42,84,vi,mnist,mlp,0,0,0.1,0.5,300,24,0.05,15,1959,1959,5,256,0.05,42,1,5,5,4.541606437414885,2.3626029193401337,0.011109225451946259,2.178406063467264,0,15,14,0.826,0.5888532989501953,1359.6982116177487,0.826,0.17400000000000004,0.5888532989501953,0.5888532989501953,0.2566616936683655,0.06066065468639131,0.24814381036493513,0.8866606470108033,0.3164515753746033,10000,0.826,0.5888532989501953,0.5888532989501953,0.2566616936683655,0.06066065468639131,0.24814381036493513,0.8866606470108033,0.3164515753746033,0.826,0.5888509005546569,0.5888509005546569,0.25665914859771727,0.06065791313797235,0.2481369525194168,0.8866579281806946,0.31645324625968935,0.001,5,0.31645324625968935,0.31645297555923463,2.707004547186642e-07,0.31645297555923463,2.707004547186642e-07,1.4912355973706326e-08,3.308127268911794e-08,0,,,,,,,,,,,,,,,,,,,,,,,,,,,,,4.0291610737912045,0.40787628165147527,3.7673665149188738,4.7110981390489535,0.9935732301441761,956.4083395081759,362.39904890420405,,,2046.867441293785,436.2127269755685,2046.867441293785,436.2127269755685,956.4083395081759,362.39904890420405,2046.867441293785,436.2127269755685,,,,,,,,,0.05,1e-05,1,product,1.0,,,,,,,,,,,,,,,,,,,,,,,,1.0,,,1,101770,35.787746691040994,0.08877105895411014,0.06858990393779169,0.07423656433820724,0.18397394567728048,0.0639928418669659,0.0031878970837902346,0.047381144016981125,0.05988613702356815,0.06200856529176235,0.06414235383272171,0.06610194966197014,0.06780986562371254,0.06892728991806507,0.08523771911859512,246.06347465533878,25.30018867306576,137.6373748779297,243.05816650390625,278.8350830078125,445.439697265625,417.7909361042425,-559783.4587083708,-135486.35484173364,1.395956261466731,1.093576272490036,1.6296725914091476e-05,0.2138032627834118,0.5427137679161076,1.1579744362788404,1.9934044835205604,2.8985867427029697,3.5155990227435083,12.350670568272268,-0.7771903139471703,9.759251323804259,-13.399713444594562,1.2739794364321213,9.243726030119337,0.23146310307556253,0.44043431266581506,0.7515377812714945,0.9927287019750418,0.5595656873341849,0.24846221872850546,0.007271298024958239,56947,25286,740,4.222633958129002,0.04703590663848445,,2.025045563450917,0.24298111281265952,0.0005104645227156713,,,,246.06346130371094,25.300188064575195,35.787746691040994,0.06399284303188324,1,update_snr,0.02,20,100,,,,2036.0,0.0,0.020005895647047262,0.0,0.39332711508106405,0.06656300300705251,0.16418761563796636,0.1501277180748327,0.32034726897207694,1526550,2036.0,30540,0.020005895647047262,12212400,610800,244320,366480,0.9499852608823819,0.614932786598493,0.4211142341841596,,,1.667584697723269,,130.6,154.6672988492827,1.0,463.0,random,,,,,,,,,,,,,,snr_histograms.csv,calibration_bins.csv,0.001,217.4774429321289,228.86082458496094,260.0738296508789,291.731167602539,-95.75799223816242,-5.308583216508911,5.991908614621845,10.919986700522013,21.833810757087463,704.4255404472351,708.1933435153961,742.8480098247528,1556.9443057060241,1600.2390825510024,1769.381401932717,1778.5077949714334,1784.4759114388073,2772.7922995989643,2776.7144037328253,1769.381401932717,1778.5077949714334,1784.4759114388073,2772.7922995989643,2776.7144037328253,3.777906655326934,3.784401845601572,4.7075433698194855,0.0013411047135659015,0.991323566767843,0.9913493689801541,0.9943808925859063,0.9943970024690224,0.9944298311058996,704.4255404472351,708.1933435153961,742.8480098247528,1556.9443057060241,1600.2390825510024,1769.381401932717,1778.5077949714334,1784.4759114388073,2772.7922995989643,2776.7144037328253,product,0.9930146760536201,,2036.0,2036.0,2036.0,2036.0,2036.0,0.020005895647047262,0.020005895647047262,0.020005895647047262,0.020005895647047262,0.020005895647047262,0.3522040682196502,0.352755857198976,0.35321719243109234,0.5040481618848187,0.5055781094746874,0.013620528710264273,0.15516494916798973,0.1556904668238098,0.1561120335910089,0.18693309937983998,0.18707464365755347,0.00785428570616105,0.144235973892869,0.14483740464649855,0.14576280025636018,0.163348921430278,0.16368865028596963,0.035089436219271145,0.29837359155051796,0.2985343462638597,0.2993552065068884,0.3788400578253307,0.3792992548579613
bayesfl_observability_v1,vi_update_snr_prune098_keep002_seed42,85,vi,mnist,mlp,0,0,0.1,0.5,300,24,0.05,15,2471,2471,5,256,0.05,42,1,5,5,4.903415620326996,2.554743278771639,0.008668791502714157,2.3481936752796173,0,15,13,0.8544,0.4941329964637756,1593.0747786960121,0.8544,0.14559999999999995,0.4941329964637756,0.4941329964637756,0.2177059834241867,0.03748338327109813,0.10454804326324185,0.8899690999984741,0.3147994186878204,10000,0.8544,0.4941329964637756,0.4941329964637756,0.2177059834241867,0.03748338327109813,0.10454804326324185,0.8899690999984741,0.3147994186878204,0.8543,0.4941426109790802,0.4941426109790802,0.21771059181690217,0.03748344978839159,0.10465870152007939,0.8899664695739746,0.31480237979888914,0.001,5,0.31480237979888914,0.3148021146774292,2.651214599524998e-07,0.3148021146774292,2.651214599524998e-07,1.4140990299438272e-08,3.229511303163369e-08,11,0.9774421741848452,0.9842056932966023,0.03892440563229077,0.8666666666666667,0.9595959595959596,1.0,1.0,1.0,1.0,1.0,0.09735795485490274,0.07558791851667648,0.09008407943984967,0.0001786497388301151,0.01730509638786316,0.24995943705240886,,,0.07558791851667648,,,,,,,,,,3.969569328437769,0.3703227106180441,3.769080804036426,4.73372872911273,0.9938551899047873,957.7719786002239,448.3197842839961,,,1981.1201202912573,401.06973505003106,1981.1201202912573,401.06973505003106,957.7719786002239,448.3197842839961,1981.1201202912573,401.06973505003106,,,,,,,,,0.05,1e-05,1,product,1.0,,,,,,,,,,,,,,,,,,,,,,,,1.0,,,1,101770,36.02817759739587,0.08934178964353574,0.06908389875597434,0.07481708750128746,0.185012848675251,0.06405716499148441,0.003189301238572027,0.04721372574567795,0.059957722947001454,0.062069869600236416,0.06421368569135666,0.06616645865142345,0.06787737384438515,0.06899435482919215,0.08523771911859512,245.5680869047846,25.245272653165554,137.6373748779297,242.51846313476562,278.1696350097656,448.60430908203125,418.63008380523297,-559578.7255530048,-135383.98826402696,1.4034870668900181,1.10023679654983,1.5514035533403677e-05,0.2137480838748749,0.5433401635504509,1.1663434526392722,2.0102205968193134,2.9122930472902055,3.5345852139514737,12.133001259715156,-0.7414372103397606,9.772348384160363,-13.401955397475707,1.3365291151882204,9.284701467806787,0.23096197307654515,0.4375945760047165,0.7477940453964823,0.9924240935442665,0.5624054239952835,0.25220595460351775,0.007575906455733516,57236,25667,771,4.155836107645249,0.06427242700010538,,1.5839035064842075,0.46458923512747874,0.0004046944556859571,,,,245.56808471679688,25.24527359008789,36.02817759739587,0.06405716389417648,1,update_snr,0.02,20,100,,,,2036.0,0.0,0.020005895647047262,0.0,0.3845199632622994,0.06404047891899955,0.16182195972589236,0.14851434034620425,0.3144155662566341,1526550,2036.0,30540,0.020005895647047262,12212400,610800,244320,366480,0.9499852608823819,0.5226489719821035,0.40352919464921094,,,1.7676859289400118,,164.73333333333332,239.91261372054245,1.0,896.0,random,,,,,,,,,,,,,,snr_histograms.csv,calibration_bins.csv,0.001,217.04506225585936,228.41478729248047,259.56034088134766,291.17396545410156,-96.18550380374754,-5.29856381776125,6.064874361661267,10.966769057262411,21.679364853786076,705.1878031015397,718.9901744318008,740.2463436275721,1542.4459733104707,2295.4335977077485,1766.670475342011,1772.0173317599408,1782.468477394166,2760.6582697059453,2834.5358717978934,1766.670475342011,1772.0173317599408,1782.468477394166,2760.6582697059453,2834.5358717978934,3.775172282585942,3.7865293998635163,4.701729752140445,0.0012031143655766123,0.9913697293821869,0.9914752854118694,0.9944509881571035,0.9944837836696175,0.9944970259907076,705.1878031015397,718.9901744318008,740.2463436275721,1542.4459733104707,2295.4335977077485,1766.670475342011,1772.0173317599408,1782.468477394166,2760.6582697059453,2834.5358717978934,product,0.9933249560391438,0.09008407943984967,2036.0,2036.0,2036.0,2036.0,2036.0,0.020005895647047262,0.020005895647047262,0.020005895647047262,0.020005895647047262,0.020005895647047262,0.3520223731632946,0.35234213996865915,0.35263403809337374,0.50336124265187,0.5303033038920066,0.011818755747952043,0.15505980947323636,0.15551084073830443,0.15596645260077918,0.18474595159456206,0.1871825890635605,0.0063915038084503585,0.14382541475801458,0.14488717739854362,0.14582387244840364,0.1600925201228747,0.1637669092401225,0.031078946734913796,0.2980677174403035,0.29836385471170357,0.2991147803793971,0.3756751286409295,0.3783824032764214
bayesfl_observability_v1,vi_update_snr_prune098_keep002_seed42,86,vi,mnist,mlp,0,0,0.1,0.5,300,24,0.05,15,3065,3065,5,256,0.05,42,1,5,5,4.608566276729107,2.3737837336957455,0.01322905346751213,2.2339433394372463,0,15,11,0.8584,0.47196158912181857,1593.7646050015462,0.8584,0.14159999999999995,0.47196158912181857,0.47196158912181857,0.2085057430744171,0.03291097415983678,0.11961281429874437,0.8911449048042297,0.3122510841369629,10000,0.8584,0.47196158912181857,0.47196158912181857,0.2085057430744171,0.03291097415983678,0.11961281429874437,0.8911449048042297,0.3122510841369629,0.8584,0.4719580451488495,0.4719580451488495,0.20850528066158294,0.032910810749232806,0.11610220615630568,0.8911448358535766,0.31225136494636535,0.001,5,0.31225136494636535,0.3122510935306549,2.7141571046218615e-07,0.3122510935306549,2.7141571046218615e-07,1.4446159687508953e-08,3.262592163744681e-08,0,,,,,,,,,,,,,,,,,,,,,,,,,,,,,3.8991994004850112,0.2808299342666171,3.778849226658111,4.714055615591839,0.9941639750661557,941.539261275212,445.8110197232258,,,1902.017673856572,306.28455131673456,1902.017673856572,306.28455131673456,941.539261275212,445.8110197232258,1902.017673856572,306.28455131673456,,,,,,,,,0.05,1e-05,1,product,1.0,,,,,,,,,,,,,,,,,,,,,,,,1.0,,,1,101770,36.22736846341345,0.08979264126924522,0.06952154539591139,0.07502184808254242,0.18588400334119798,0.06412352637288155,0.003190706708309305,0.04701438546180725,0.060024194046854974,0.0621329378336668,0.06428423151373863,0.06623251736164093,0.06793316155672073,0.06906482316553593,0.08523771911859512,245.05809052932048,25.18212873265245,137.6373748779297,241.9864730834961,277.55390014648435,452.41656494140625,419.4966772007206,-559367.6843736918,-135278.4676743461,1.4090926676564568,1.106100432774989,1.5514035533403677e-05,0.2138032627834118,0.5449167826567612,1.1676797391576987,2.0197230351605917,2.9276369199593786,3.5495209705868134,12.519486378930173,-0.713808583870941,9.784558002596864,-13.399713444594562,1.3464748826755562,9.330344305901978,0.23065736464576989,0.4368674462022207,0.7457502210867643,0.9921587894271396,0.5631325537977793,0.25424977891323575,0.007841210572860371,57310,25875,798,3.924298433585854,0.06124940514564514,,1.9063857612454274,0.4195758564437194,0.01533442088091354,,,,245.05807495117188,25.18212890625,36.22736846341345,0.06412353366613388,1,update_snr,0.02,20,100,,,,2036.0,0.0,0.020005895647047262,0.0,0.37244336769393377,0.051309112261836674,0.159300994063183,0.1471744608707918,0.30804493648861364,1526550,2036.0,30540,0.020005895647047262,12212400,610800,244320,366480,0.9499852608823819,0.6711847278574034,0.37580602829739423,,,1.6479305427119812,,204.33333333333334,306.9075141182148,1.0,1260.0,random,,,,,,,,,,,,,,snr_histograms.csv,calibration_bins.csv,0.001,216.68873901367186,227.95938110351562,259.0336608886719,290.6419677734375,-96.18550380374754,-5.273396324826198,6.105836373330586,11.003394908978025,21.951730239833942,702.5638252735138,719.0178102874755,782.5912715911866,1275.8005789375302,2439.7667096328737,1771.8089971200015,1773.3758510661955,1783.9668839885503,2269.6357856987756,2769.634312319416,1771.8089971200015,1773.3758510661955,1783.9668839885503,2269.6357856987756,2769.634312319416,3.7795705469647793,3.7911885257547513,4.222507643714893,0.0008938023085495253,0.9915452136286198,0.9931543810521374,0.9945132695930772,0.9945376942529646,0.9945455532521058,702.5638252735138,719.0178102874755,782.5912715911866,1275.8005789375302,2439.7667096328737,1771.8089971200015,1773.3758510661955,1783.9668839885503,2269.6357856987756,2769.634312319416,product,0.9941157026434441,,2036.0,2036.0,2036.0,2036.0,2036.0,0.020005895647047262,0.020005895647047262,0.020005895647047262,0.020005895647047262,0.020005895647047262,0.3511909148403338,0.35169880258966585,0.35261986177834487,0.44273262376297884,0.5038803726582044,0.008544694730092946,0.15547017436459448,0.15554926061092103,0.1561486142485953,0.1669037376432535,0.18677810822282126,0.00437189604989717,0.14484811440755546,0.14507514010022743,0.1459484334022759,0.14750142153393767,0.16328417690049413,0.023979819778773892,0.2982053481036897,0.29833060558289315,0.29867658651376955,0.3347938847751075,0.37857735039268675
bayesfl_observability_v1,vi_update_snr_prune098_keep002_seed42,87,vi,mnist,mlp,0,0,0.1,0.5,300,24,0.05,15,2659,2659,5,256,0.05,42,1,5,5,4.393547549843788,2.255757998675108,0.008665796369314194,2.1373143531382084,0,15,14,0.8453,0.5210929606914521,1332.3963732255338,0.8453,0.15469999999999995,0.5210929606914521,0.5210929606914521,0.22961164767742157,0.04419634483307597,0.1405490039508226,0.889181016921997,0.3117439039707184,10000,0.8453,0.5210929606914521,0.5210929606914521,0.22961164767742157,0.04419634483307597,0.1405490039508226,0.889181016921997,0.3117439039707184,0.8453,0.5210820623874665,0.5210820623874665,0.22960593981742858,0.04419980193972585,0.1388360983247211,0.8891844789505005,0.3117406801700592,0.001,5,0.3117406801700592,0.3117404078245163,2.72345542895458e-07,0.3117404078245163,2.72345542895458e-07,1.4753150634305711e-08,3.342414264147703e-08,0,,,,,,,,,,,,,,,,,,,,,,,,,,,,,4.037059410118713,0.4230340179856202,3.770025009317195,4.845968162028997,0.993783676507395,1001.2314032989078,406.0667805730837,,,2044.917721695789,453.89688574728166,2044.917721695789,453.89688574728166,1001.2314032989078,406.0667805730837,2044.917721695789,453.89688574728166,,,,,,,,,0.05,1e-05,1,product,1.0,,,,,,,,,,,,,,,,,,,,,,,,1.0,,,1,101770,36.48342192458618,0.09041512147927251,0.07002863669749873,0.075450599193573,0.18755119293928155,0.06418609720053274,0.0031963930874966567,0.04719970002770424,0.060073347017169,0.06219032313674688,0.06434469670057297,0.06630357354879379,0.06799672320485114,0.06912852264940739,0.08523771911859512,244.5842259662962,25.16417781973083,137.6373748779297,241.5318832397461,277.09987182617186,448.8710021972656,420.31742770521595,-559169.6270556996,-135179.43901532725,1.417440631897671,1.1130246028508088,1.5514035533403677e-05,0.2164859941894049,0.5477624152787341,1.1740984527069924,2.0335044145149364,2.9517601802144013,3.571698999752693,12.519486378930173,-0.6593152061141105,9.774993623671625,-13.29140391162799,1.3940903110987972,9.401621393945755,0.2290065834725361,0.43524614326422323,0.7427630932494841,0.9916085290360617,0.5647538567357767,0.25723690675051586,0.008391470963938292,57475,26179,854,4.278196424312926,0.05785938072949648,,2.116897546594139,0.19631440391124483,0.000376081233546446,,,,244.58424377441406,25.16417694091797,36.48342192458618,0.06418609619140625,1,update_snr,0.02,20,100,,,,2036.0,0.0,0.020005895647047262,0.0,0.3940655549774313,0.07017444656558113,0.16387926165251335,0.14973136042527938,0.31987070369262116,1526550,2036.0,30540,0.020005895647047262,12212400,610800,244320,366480,0.9499852608823819,0.5085455050312129,0.45456689867060784,,,1.7684216938628372,,177.26666666666668,161.63723443425886,1.0,522.0,random,,,,,,,,,,,,,,snr_histograms.csv,calibration_bins.csv,0.001,216.28380889892577,227.47104263305664,258.55584716796875,290.1412322998047,-96.18550380374754,-5.228155403568681,6.164902389964139,11.057497041188455,21.951730239833942,721.2997265577317,726.179919627905,789.8531866073608,1550.77234954834,2000.9372470696767,1760.1916542569156,1765.142927264195,1775.9664143929722,2749.917485342405,2936.6923623875914,1760.1916542569156,1765.142927264195,1775.9664143929722,2749.917485342405,2936.6923623875914,3.774855090987529,3.7863731182074547,4.7019698307091815,0.0013458478447971737,0.991171852927858,0.99168483571993,0.9945782630423508,0.9946173944341595,0.9946329584293493,721.2997265577317,726.179919627905,789.8531866073608,1550.77234954834,2000.9372470696767,1760.1916542569156,1765.142927264195,1775.9664143929722,2749.917485342405,2936.6923623875914,product,0.9931007703044812,,2036.0,2036.0,2036.0,2036.0,2036.0,0.020005895647047262,0.020005895647047262,0.020005895647047262,0.020005895647047262,0.020005895647047262,0.3513715592688652,0.35149922892261387,0.3520957367240856,0.501702837854111,0.534691874228469,0.013792994511589707,0.15497113934693013,0.15512389411148025,0.15571383175011683,0.18615523457481067,0.18885842647699289,0.007731690198089674,0.14427576386256183,0.1445058805287903,0.14503965428348303,0.16252234451638137,0.1629586299184703,0.036050300183974406,0.2970472432817909,0.2979910654138302,0.29841214561530643,0.3769784082085831,0.3877245286093395
bayesfl_observability_v1,vi_update_snr_prune098_keep002_seed42,88,vi,mnist,mlp,0,0,0.1,0.5,300,24,0.05,15,1123,1123,5,256,0.05,42,1,5,5,4.1463190615177155,1.9514304660260677,0.0103805772960186,2.194430734962225,0,15,12,0.8603,0.47122301411628725,783.2429193157442,0.8603,0.13970000000000005,0.47122301411628725,0.47122301411628725,0.206631960272789,0.03350287940800195,0.24950814992189407,0.8938028849601746,0.30346114649772643,10000,0.8603,0.47122301411628725,0.47122301411628725,0.206631960272789,0.03350287940800195,0.24950814992189407,0.8938028849601746,0.30346114649772643,0.8603,0.4712266769886017,0.4712266769886017,0.2066334067583084,0.03350284492075441,0.24950635433197021,0.8938028467178345,0.3034631324768066,0.001,5,0.3034631324768066,0.30346286830902097,2.641677856463076e-07,0.30346286830902097,2.641677856463076e-07,1.3989486450327604e-08,3.1816704254551716e-08,0,,,,,,,,,,,,,,,,,,,,,,,,,,,,,3.790834425642302,0.007196459794245988,3.7816562760857977,3.8065792661264726,0.994644183186803,748.8233353805541,41.84312707509528,,,1776.617372202229,6.572571392513986,1776.617372202229,6.572571392513986,748.8233353805541,41.84312707509528,1776.617372202229,6.572571392513986,,,,,,,,,0.05,1e-05,1,product,1.0,,,,,,,,,,,,,,,,,,,,,,,,1.0,,,1,101770,36.65160136892179,0.09079283126785434,0.070401880755514,0.07576693221926689,0.18825401663780222,0.06423843511179568,0.003181671636766448,0.04676524177193642,0.06014000549912453,0.06225802469998598,0.06439822167158127,0.06634480878710747,0.06802855506539345,0.06913764365017414,0.08523771911859512,244.16658954333613,24.996911692782025,137.6373748779297,241.1305694580078,276.4859558105469,457.24993896484375,420.9919162582883,-559001.0307395353,-135095.14085722505,1.4222048965312695,1.1181063380627616,1.6296725914091476e-05,0.21766790768990432,0.5480818060606218,1.1777017071366251,2.041191110892501,2.961736981229036,3.583727005281514,12.31382632774976,-0.6324094276224115,9.76313625553843,-13.244111946545429,1.4207060887821128,9.430929762486311,0.22866267072811242,0.4349513609118601,0.7410042252137172,0.9915200943303527,0.56504863908814,0.2589957747862828,0.008479905669647243,57505,26358,863,3.486392234418752,0.02510625496506691,,2.0436934572262206,0.2947462154942119,0.0017809439002671415,,,,244.16659545898438,24.996912002563477,36.65160136892179,0.06423843652009964,1,update_snr,0.02,20,100,,,,2036.0,0.0,0.020005895647047262,0.0,0.3518228448043332,0.0002561651426259212,0.15580324367238493,0.14543686527373875,0.2983494422868143,1526550,2036.0,30540,0.020005895647047262,12212400,610800,244320,366480,0.9499852608823819,0.8345262431533552,0.3517644086194416,,,1.4690898374996297,,74.86666666666666,69.29826035975859,2.0,230.0,random,,,,,,,,,,,,,,snr_histograms.csv,calibration_bins.csv,0.001,216.08144836425782,227.18838119506836,257.9938278198242,289.5032257080078,-95.75799223816242,-5.223092287658414,6.197673367062057,11.086698324659206,21.80786048156631,695.1762012958527,707.721096458435,739.2455974578858,813.342511253357,837.7859842300415,1768.7163115526573,1770.0251197913924,1776.1302437421648,1787.014155350749,1790.4454027882696,1768.7163115526573,1770.0251197913924,1776.1302437421648,1787.014155350749,1790.4454027882696,3.7836679951176615,3.789767282656649,3.8017935796564872,2.184886929385351e-05,0.9945946323669077,0.9946129024437288,0.9946463266649616,0.9946655260808109,0.9946744810698299,695.1762012958527,707.721096458435,739.2455974578858,813.342511253357,837.7859842300415,1768.7163115526573,1770.0251197913924,1776.1302437421648,1787.014155350749,1790.4454027882696,product,0.9954655752251912,,2036.0,2036.0,2036.0,2036.0,2036.0,0.020005895647047262,0.020005895647047262,0.020005895647047262,0.020005895647047262,0.020005895647047262,0.351353137167018,0.3515338825688532,0.35184553751550707,0.35214277354578716,0.35228672097562963,0.00033712083587179035,0.1553766787690359,0.15545987526701707,0.15576870049465186,0.15635661654816035,0.15647479483937765,0.0004851397922111479,0.1446097038384126,0.14473752589179126,0.1454338656747669,0.14603881065737612,0.14625885902794833,0.00038925603288421536,0.297721617563006,0.29794435718335405,0.2982840376626392,0.2987905909632913,0.2992649303173296
bayesfl_observability_v1,vi_update_snr_prune098_keep002_seed42,89,vi,mnist,mlp,0,0,0.1,0.5,300,24,0.05,15,2209,2209,5,256,0.05,42,1,5,5,4.250656139105558,1.9900536835193634,0.007940612733364105,2.26013208553195,0,15,11,0.8494,0.5096364199638367,1509.9937066712034,0.8494,0.15059999999999996,0.5096364199638367,0.5096364199638367,0.224679674243927,0.04053292355090378,0.21123460866510868,0.8899329238891601,0.31138510503768924,10000,0.8494,0.5096364199638367,0.5096364199638367,0.224679674243927,0.04053292355090378,0.21123460866510868,0.8899329238891601,0.31138510503768924,0.8493,0.5096494317770004,0.5096494317770004,0.2246844075322151,0.04063348043560978,0.21496101491379013,0.8899334991455078,0.31138387513160704,0.001,5,0.31138387513160704,0.31138360371589663,2.71415710406675e-07,0.31138360371589663,2.71415710406675e-07,1.4673416325194921e-08,3.313450480877437e-08,0,,,,,,,,,,,,,,,,,,,,,,,,,,,,,3.907615318207603,0.31485100609442546,3.778755378961757,4.728701782797677,0.9943284276614842,904.3770674300195,398.16408784765076,,,1901.0703666845272,340.96624428929624,1901.0703666845272,340.96624428929624,904.3770674300195,398.16408784765076,1901.0703666845272,340.96624428929624,,,,,,,,,0.05,1e-05,1,product,1.0,,,,,,,,,,,,,,,,,,,,,,,,1.0,,,1,101770,36.86606023262994,0.09127428546856473,0.07087799969147837,0.07612522318959236,0.1894772842526436,0.06430051707271608,0.0031812813669106887,0.04703951254487038,0.06019217371940613,0.06233001872897148,0.06446319073438644,0.06640506163239479,0.06809664890170097,0.06919993124902248,0.08523771911859512,243.69180229376678,24.927693005288763,137.6373748779297,240.64476013183594,276.0069091796875,451.9333190917969,421.80378306851946,-558803.9027957937,-134996.57688533157,1.4283374314716324,1.124681926008332,1.6296725914091476e-05,0.21884724282770235,0.5498905844725133,1.1823387222661452,2.0454951396640544,2.977286144577312,3.6052991342038303,11.747632041686398,-0.6008759199400155,9.77313823843596,-13.197178417439225,1.4548382638337936,9.476411524321925,0.2279944973960892,0.4341259703252432,0.7399823130588582,0.9910975729586322,0.5658740296747568,0.2600176869411418,0.00890242704136779,57589,26462,906,3.966462672503735,0.0630014119669795,,1.8075836205697895,0.42236306020823905,0.0009053870529651426,,,,243.69178771972656,24.927692413330078,36.86606023262994,0.0643005222082138,1,update_snr,0.02,20,100,,,,2036.0,0.0,0.020005895647047262,0.0,0.3732282855546156,0.05547619451451032,0.1591431115511287,0.146750112290326,0.30807790908443883,1526550,2036.0,30540,0.020005895647047262,12212400,610800,244320,366480,0.9499852608823819,0.6915999944750408,0.4209590788308909,,,1.616108215267804,,147.26666666666668,231.15693562791685,2.0,933.0,random,,,,,,,,,,,,,,snr_histograms.csv,calibration_bins.csv,0.001,215.64954223632813,226.77628326416016,257.398193359375,288.8994415283203,-95.75799223816242,-5.194474333672769,6.2159690374097565,11.138826082830098,21.399006702593457,709.4969058573246,715.5068737792969,753.736222076416,1277.734177293777,2188.4685396790505,1762.4269645450272,1763.2135728433097,1768.9601273624992,2347.453599997187,2809.503709965066,1762.4269645450272,1763.2135728433097,1768.9601273624992,2347.453599997187,2809.503709965066,3.7796460349243257,3.7854432267710245,4.331554613481431,0.000976788462162902,0.9917749854198755,0.993017318485981,0.9947101797912938,0.9947200915134374,0.9947307945115995,709.4969058573246,715.5068737792969,753.736222076416,1277.734177293777,2188.4685396790505,1762.4269645450272,1763.2135728433097,1768.9601273624992,2347.453599997187,2809.503709965066,product,0.9941952220766802,,2036.0,2036.0,2036.0,2036.0,2036.0,0.020005895647047262,0.020005895647047262,0.020005895647047262,0.020005895647047262,0.020005895647047262,0.3510026220168906,0.3511861587916797,0.3516728458471782,0.44149067014174903,0.5271704664753082,0.009725782363370222,0.15496880032117952,0.15510033885933025,0.1553466642491214,0.17177661688140622,0.18529768944525896,0.004876907615462656,0.14415416440578016,0.144520048253009,0.14487648229702785,0.1515648769635701,0.1620790555924657,0.026379572615228067,0.2972896727355631,0.29740022529927634,0.29769194102102603,0.3446771188854278,0.3753953723102622
bayesfl_observability_v1,vi_update_snr_prune098_keep002_seed42,90,vi,mnist,mlp,0,0,0.1,0.5,300,24,0.05,15,2459,2459,5,256,0.05,42,1,5,5,4.342732958495617,2.048664703965187,0.009698104113340378,2.2935130819678307,0,15,12,0.8583,0.4799637211322784,1745.965899038306,0.8583,0.14170000000000005,0.4799637211322784,0.4799637211322784,0.2099913264989853,0.035751965226233,0.2503223679959774,0.8935599119186401,0.30282674283981326,10000,0.8583,0.4799637211322784,0.4799637211322784,0.2099913264989853,0.035751965226233,0.2503223679959774,0.8935599119186401,0.30282674283981326,0.8583,0.47996773562431333,0.47996773562431333,0.20999308495521546,0.035616017864644516,0.2502176947891712,0.8935576839447021,0.30282993726730345,0.001,5,0.30282993726730345,0.30282966084480284,2.7642250061132856e-07,0.30282966084480284,2.7642250061132856e-07,1.4677861332756947e-08,3.465859956873943e-08,11,0.932205057176929,0.9511209709156923,0.08630388552710873,0.7142857142857143,0.8636363636363636,0.9422043010752688,1.0,1.0,1.0,1.0,0.2778986054565597,0.23285205584288696,0.29485165447889766,0.00045589970735212165,0.04890098355033181,0.8907546997070312,,,0.23285205584288696,,,,,,,,,,3.8862267496383383,0.2538222437330984,3.778133339606448,4.6927362897582166,0.9944679684135231,915.4668990690345,448.71868214307915,,,1874.9739250994105,274.89760451259286,1874.9739250994105,274.89760451259286,915.4668990690345,448.71868214307915,1874.9739250994105,274.89760451259286,,,,,,,,,0.05,1e-05,1,product,1.0,,,,,,,,,,,,,,,,,,,,,,,,1.0,,,1,101770,37.056548371155536,0.09174435862977764,0.07124621697159648,0.0765625350177288,0.19051326066255572,0.06436985488470369,0.003185959454266231,0.046058569103479385,0.060252115875482556,0.062405578792095184,0.06453171744942665,0.0664818175137043,0.06815552711486816,0.06928092986345291,0.08523771911859512,243.16798708078798,24.87536630600374,137.6373748779297,240.13394165039062,275.4580017089844,471.388671875,422.7147780954779,-558584.6973569749,-134886.97416589706,1.434154169308177,1.129387544148921,1.6296725914091476e-05,0.21867839547916829,0.5534736812208777,1.1869062260298122,2.051976080531587,2.9890716422835077,3.6138917858340998,11.30069167605291,-0.5727334408770365,9.79455258796255,-13.20388243054419,1.4883281592949062,9.510726486635091,0.22650093347744915,0.4329763191510268,0.7383904883560971,0.9906455733516754,0.5670236808489731,0.2616095116439029,0.009354426648324653,57706,26624,952,3.9160324589132163,0.06223880127072334,,1.512091220246217,0.5546970313135421,0.0024400162667751117,,,,243.16799926757812,24.8753662109375,37.056548371155536,0.06436984986066818,1,update_snr,0.02,20,100,,,,2036.0,0.0,0.020005895647047262,0.0,0.3702854449277982,0.048099966712571975,0.15812632887440387,0.14587143013996087,0.30594940630825385,1526550,2036.0,30540,0.020005895647047262,12212400,610800,244320,366480,0.9499852608823819,0.6836503408870153,0.27840780908124174,,,1.6322567341356875,,163.93333333333334,316.68227329963105,2.0,1305.0,random,,,,,,,,,,,,outputs/sparse_comm_mnist_noniid_unbalanced/vi_update_snr_prune098_keep002_seed42/posterior_snapshots/round_0090.pt,,snr_histograms.csv,calibration_bins.csv,0.001,215.277099609375,226.25292587280273,256.7752685546875,288.4097900390625,-95.75799223816242,-5.13806051727882,6.243445879732572,11.159502877884245,21.06210051904953,701.2461308479309,703.8970397724211,767.8852138519287,1242.1893441224097,2434.246070607503,1759.072026594787,1760.0611768225128,1770.2447641176927,2151.8943104335485,2724.0140348141776,1759.072026594787,1760.0611768225128,1770.2447641176927,2151.8943104335485,2724.0140348141776,3.7793235555749605,3.7912407618834187,4.121600854765379,0.0007698313913619792,0.9919938536424712,0.9937863280265586,0.9947588414726756,0.9947889842334732,0.9947927953677099,701.2461308479309,703.8970397724211,767.8852138519287,1242.1893441224097,2434.246070607503,1759.072026594787,1760.0611768225128,1770.2447641176927,2151.8943104335485,2724.0140348141776,product,0.9944005928018087,0.29485165447889766,2036.0,2036.0,2036.0,2036.0,2036.0,0.020005895647047262,0.020005895647047262,0.020005895647047262,0.020005895647047262,0.020005895647047262,0.35060782174298605,0.35096350786065134,0.3514881672348669,0.43262453759232344,0.4996339971256761,0.007693218028951271,0.15486972057368978,0.15493957064435476,0.1555044380022022,0.16207865341226138,0.1851909662073964,0.004586596501557234,0.13961752653973214,0.14440660898976548,0.14481482299152731,0.14664081585482447,0.16205768962314632,0.021462284581309825,0.2970434021490505,0.2971441964455766,0.2978593845690085,0.32522140208062233,0.37474464158498255
bayesfl_observability_v1,vi_update_snr_prune098_keep002_seed42,91,vi,mnist,mlp,0,0,0.1,0.5,300,24,0.05,15,3271,3271,5,256,0.05,42,1,5,5,4.66716917976737,2.377034105360508,0.01028573140501976,2.2895601838827133,0,15,11,0.8526,0.4982172051906586,1637.1916259631912,0.8526,0.14739999999999998,0.4982172051906586,0.4982172051906586,0.21690695505142213,0.041182990045845524,0.14961155072638865,0.89378297996521,0.29894917850494385,10000,0.8526,0.4982172051906586,0.4982172051906586,0.21690695505142213,0.041182990045845524,0.14961155072638865,0.89378297996521,0.29894917850494385,0.8526,0.49821331481933595,0.49821331481933595,0.21690394649505615,0.04118300799280409,0.14960913909109014,0.8937830205917359,0.2989487509727478,0.001,5,0.2989487509727478,0.29894848227500914,2.686977386701095e-07,0.29894848227500914,2.686977386701095e-07,1.4823098712213323e-08,3.451734676039367e-08,0,,,,,,,,,,,,,,,,,,,,,,,,,,,,,4.017695332737031,0.3879184245129764,3.769230529441939,4.712751070590909,0.9941219627746194,1004.3087158249219,485.56342412787666,,,2009.575801049593,413.2435425820642,2009.575801049593,413.2435425820642,1004.3087158249219,485.56342412787666,2009.575801049593,413.2435425820642,,,,,,,,,0.05,1e-05,1,product,1.0,,,,,,,,,,,,,,,,,,,,,,,,1.0,,,1,101770,37.3120898290458,0.09233899432239079,0.07178647748774009,0.07683432847261429,0.19208727926015867,0.06443634131762073,0.003190636553182352,0.04587691277265549,0.06029899008572102,0.06246313825249672,0.06459419801831245,0.06655174680054188,0.06822627931833267,0.06935436204075814,0.08523771911859512,242.6682206608076,24.838729795133684,137.6373748779297,239.66961669921875,275.0299133300781,475.12908935546875,423.58935777344936,-558374.8041459771,-134782.0275603742,1.4419740127494947,1.1367461010145572,1.6296725914091476e-05,0.2202281201181584,0.555210223462698,1.1900506373033939,2.063114335061561,3.0085712578467243,3.641888447797467,10.734491952544166,-0.5295948059806459,9.798817807791721,-13.142544574269694,1.51130882501003,9.567206042334309,0.22543971700894172,0.4308931905276604,0.7357472732632406,0.9901542694310701,0.5691068094723396,0.26425272673675937,0.00984573056892994,57918,26893,1002,4.265265798720776,0.0664297491312027,,1.7609434213062325,0.39406909202078877,0.0006114338122898196,,,,242.66819763183594,24.838729858398438,37.3120898290458,0.06443633884191513,1,update_snr,0.02,20,100,,,,2036.0,0.0,0.020005895647047262,0.0,0.3909420914783019,0.06651429185649309,0.16233370360842034,0.14827064231561746,0.31688046964222294,1526550,2036.0,30540,0.020005895647047262,12212400,610800,244320,366480,0.9499852608823819,0.6411790516918696,0.44698622969188073,,,1.6505680445442001,,218.06666666666666,309.71071807234716,2.0,1255.0,random,,,,,,,,,,,,,,snr_histograms.csv,calibration_bins.csv,0.001,214.83084411621093,225.77770614624023,256.30224609375,287.59682922363277,-95.75799223816242,-5.110850956792655,6.290465932793218,11.226532777706467,20.615629895003003,695.2725341558456,709.7118788576125,741.4982954978943,1540.736188583374,2370.1017348861697,1747.0991579441381,1755.1767524402892,1766.1396021052014,2726.6929421462282,2741.449133773137,1747.0991579441381,1755.1767524402892,1766.1396021052014,2726.6929421462282,2741.449133773137,3.7782664916006254,3.7899157233659717,4.699845930171081,0.0011710290931984512,0.9920066767757386,0.9920566800857972,0.9948068457749512,0.9948423898958219,0.9948618752828083,695.2725341558456,709.7118788576125,741.4982954978943,1540.736188583374,2370.1017348861697,1747.0991579441381,1755.1767524402892,1766.1396021052014,2726.6929421462282,2741.449133773137,product,0.9934447995896186,,2036.0,2036.0,2036.0,2036.0,2036.0,0.020005895647047262,0.020005895647047262,0.020005895647047262,0.020005895647047262,0.020005895647047262,0.3503791886638108,0.3505090306302487,0.3508103341506345,0.5011593071140273,0.5060985487561175,0.012451567373493438,0.15417677610539238,0.15463965729988294,0.15534628368389475,0.18529924612139512,0.18601601237151794,0.007216646550629741,0.1433568304876512,0.14356407086071793,0.14523119077969776,0.1619287257671912,0.16385232366158312,0.03249657635043812,0.2967917289510144,0.29690784433689577,0.2976008708084886,0.3745282531512479,0.37557952914795206
bayesfl_observability_v1,vi_update_snr_prune098_keep002_seed42,92,vi,mnist,mlp,0,0,0.1,0.5,300,24,0.05,15,1956,1956,5,256,0.05,42,1,5,5,4.121798451989889,1.9422574006021023,0.007860150188207626,2.179127797484398,0,15,12,0.8519,0.5127270544052124,1723.5006040447986,0.8519,0.1481,0.5127270544052124,0.5127270544052124,0.22115159842967988,0.043550710032880295,0.25735895708203316,0.8954507124900818,0.29686888399124145,10000,0.8519,0.5127270544052124,0.5127270544052124,0.22115159842967988,0.043550710032880295,0.25735895708203316,0.8954507124900818,0.29686888399124145,0.8519,0.5127158933639526,0.5127158933639526,0.22114687592983245,0.04354939768761397,0.257608387619257,0.8954494102478028,0.29687082161903383,0.001,5,0.29687082161903383,0.29687056069374085,2.6092529298304967e-07,0.29687056069374085,2.6092529298304967e-07,1.3941961384489332e-08,3.2555082503464594e-08,0,,,,,,,,,,,,,,,,,,,,,,,,,,,,,3.923909455678311,0.3452035172151528,3.7711915925927886,4.8797889754381645,0.9944765033242579,908.939328208897,473.79132515885794,,,1909.1748368624383,377.9202831484486,1909.1748368624383,377.9202831484486,908.939328208897,473.79132515885794,1909.1748368624383,377.9202831484486,,,,,,,,,0.05,1e-05,1,product,1.0,,,,,,,,,,,,,,,,,,,,,,,,1.0,,,1,101770,37.52889948580287,0.09290300227946696,0.07216828103155538,0.07732473686337471,0.1933003067970276,0.06450147967288868,0.0031892842867477793,0.04635977745056152,0.06037084385752678,0.06253386288881302,0.06466265395283699,0.06661865301430225,0.0682870551943779,0.06940918453037738,0.08523771911859512,242.17393848321356,24.764819839057612,137.6373748779297,239.16242218017578,274.3756042480469,465.28314208984375,424.44322539860576,-558168.4854494946,-134678.86821210926,1.4493517625823,1.1416860990293025,1.6296725914091476e-05,0.22259332790886763,0.5603302341119104,1.1959997631154569,2.0719058869470484,3.0210072246756248,3.662845075816175,10.506586583639454,-0.46910113063422815,9.75547499198895,-13.04975718951322,1.5546218713432802,9.603035277616527,0.22376928367888377,0.42973371327503196,0.7338508401297043,0.9896531394320527,0.570266286724968,0.26614915987029575,0.010346860567947333,58036,27086,1053,4.047669803978832,0.06128154695034027,,1.5250676706298503,0.3946830265848671,0.0005112474437627812,,,,242.17393493652344,24.764820098876953,37.52889948580287,0.06450147926807404,1,update_snr,0.02,20,100,,,,2036.0,0.0,0.020005895647047262,0.0,0.3747048248028876,0.0612835878764273,0.15912027366001436,0.14650796600810717,0.3083692678740682,1526550,2036.0,30540,0.020005895647047262,12212400,610800,244320,366480,0.9499852608823819,0.5295900543086669,0.41372455556222065,,,1.7656215422219708,,130.4,227.47125825768262,1.0,772.0,random,,,,,,,,,,,,,,snr_histograms.csv,calibration_bins.csv,0.001,214.4486053466797,225.3244285583496,255.72283935546875,287.11131286621094,-95.75799223816242,-5.031118876198865,6.327400485721654,11.27637100133872,20.42923287685128,679.8209934234619,687.6324666118621,725.083552712202,1514.8297904777523,2214.7565371751784,1744.6401077049118,1758.1718720646525,1763.8387304203982,2379.906362593588,2951.7279861562242,1744.6401077049118,1758.1718720646525,1763.8387304203982,2379.906362593588,2951.7279861562242,3.785428272670211,3.792054826318231,4.351678004730873,0.001045995451916462,0.9915567197741597,0.9931980012794822,0.9948743889806722,0.9948976749757361,0.9949382549549736,679.8209934234619,687.6324666118621,725.083552712202,1514.8297904777523,2214.7565371751784,1744.6401077049118,1758.1718720646525,1763.8387304203982,2379.906362593588,2951.7279861562242,product,0.9941666649007889,,2036.0,2036.0,2036.0,2036.0,2036.0,0.020005895647047262,0.020005895647047262,0.020005895647047262,0.020005895647047262,0.020005895647047262,0.34986583638986724,0.35023129360663013,0.3504979161711666,0.45556642586581475,0.537083890111968,0.010463319518200134,0.15427115241474307,0.1547292913711602,0.15519404058192782,0.17120759367276933,0.18945170033232506,0.004796562217750094,0.1434088228966106,0.14414027607204402,0.1448398608208208,0.15090919984937254,0.16196040794305566,0.02852495478709155,0.29610858309002047,0.296796343763343,0.29735730298050156,0.3434740788550681,0.38768261262816034
bayesfl_observability_v1,vi_update_snr_prune098_keep002_seed42,93,vi,mnist,mlp,0,0,0.1,0.5,300,24,0.05,15,2488,2488,5,256,0.05,42,1,5,5,5.015607684850693,2.7855742685496807,0.008417639881372452,2.229493409395218,0,15,10,0.8498,0.5088534438610077,1724.8704309530142,0.8498,0.1502,0.5088534438610077,0.5088534438610077,0.22259803445339202,0.046487641023099394,0.13757239930373805,0.895719162940979,0.29219571681022644,10000,0.8498,0.5088534438610077,0.5088534438610077,0.22259803445339202,0.046487641023099394,0.13757239930373805,0.895719162940979,0.29219571681022644,0.8498,0.508860107088089,0.508860107088089,0.222600838637352,0.046487353207170984,0.13606969873670116,0.8957198854446411,0.29219488067626953,0.001,5,0.29219488067626953,0.29219460401535036,2.766609191739988e-07,0.29219460401535036,2.766609191739988e-07,1.515949030590491e-08,3.556397304903631e-08,0,,,,,,,,,,,,,,,,,,,,,,,,,,,,,4.044196422280744,0.4287930855673434,3.781059503068727,4.866531595072636,0.9941824849559064,1012.8672876468631,492.63185177058864,,,2031.5435292708103,460.56713236051513,2031.5435292708103,460.56713236051513,1012.8672876468631,492.63185177058864,2031.5435292708103,460.56713236051513,,,,,,,,,0.05,1e-05,1,product,1.0,,,,,,,,,,,,,,,,,,,,,,,,1.0,,,1,101770,37.794166466167944,0.09358347345428104,0.07264774091082984,0.07779119163751602,0.1947128161787987,0.06457053535975062,0.0031982593459154527,0.04742593690752983,0.06044284664094448,0.06258654780685902,0.06473419442772865,0.06668821908533573,0.06836670786142349,0.06948497854173183,0.08523771911859512,241.66222427501606,24.749621500065423,137.6373748779297,238.63410186767578,273.7222900390625,444.59869384765625,425.35615168094864,-557951.5468935696,-134570.39893412235,1.458408180547058,1.1479298919016074,1.6296725914091476e-05,0.22542447456685594,0.5661325142940091,1.202835467345623,2.0832893021682715,3.0443631349125306,3.6822133912063073,9.88641444315566,-0.40314710826083877,9.742965134613945,-12.939978678674656,1.604124507013439,9.669929086037442,0.2219416330942321,0.4266188464183944,0.7309619730765452,0.9895941829615801,0.5733811535816056,0.26903802692345485,0.010405817038419966,58353,27380,1059,4.3804373723794,0.06337380409240723,,1.5350777352051501,0.34686495176848875,0.0020096463022508037,,,,241.6622314453125,24.749622344970703,37.794166466167944,0.06457053124904633,1,update_snr,0.02,20,100,,,,2036.0,0.0,0.020005895647047262,0.0,0.39368145407213095,0.07302009872245754,0.16290735612456234,0.14848167872013807,0.31835830481801497,1526550,2036.0,30540,0.020005895647047262,12212400,610800,244320,366480,0.9499852608823819,0.6403847487436635,0.4497133771095929,,,1.6591567298610468,,165.86666666666667,245.17690665222844,1.0,855.0,random,,,,,,,,,,,,,,snr_histograms.csv,calibration_bins.csv,0.001,213.94920654296874,224.8545799255371,255.2924690246582,286.63813781738276,-95.75799223816242,-4.941638037753149,6.374991673901736,11.322179057588277,19.900776246717914,684.7976402759552,708.5644823837281,732.7309356689453,1761.8704631853102,2221.332378077507,1749.7400292529355,1750.7865936778305,1757.4925264848328,2767.273455892558,2929.4237384649896,1749.7400292529355,1750.7865936778305,1757.4925264848328,2767.273455892558,2929.4237384649896,3.781730973419338,3.789059992622939,4.724410699108027,0.0012759647710378274,0.9917020815265737,0.9921665657917041,0.9949450047009155,0.9949623065623124,0.9949693643170213,684.7976402759552,708.5644823837281,732.7309356689453,1761.8704631853102,2221.332378077507,1749.7400292529355,1750.7865936778305,1757.4925264848328,2767.273455892558,2929.4237384649896,product,0.9932606378550028,,2036.0,2036.0,2036.0,2036.0,2036.0,0.020005895647047262,0.020005895647047262,0.020005895647047262,0.020005895647047262,0.020005895647047262,0.34900760042742013,0.3493932398035651,0.35020096595042155,0.5147790690172839,0.533837417787635,0.01351768298514746,0.15455942819452234,0.15459776341995754,0.15487053675043644,0.18517270344053668,0.18856848986706756,0.0070875805231858545,0.1439561745374644,0.1440172304680164,0.14454745442497052,0.16167470534038797,0.1619929087490512,0.03575034011449895,0.29621879141581736,0.2963641297832653,0.29711907163346407,0.37503811678778204,0.3856857995154674
bayesfl_observability_v1,vi_update_snr_prune098_keep002_seed42,94,vi,mnist,mlp,0,0,0.1,0.5,300,24,0.05,15,2243,2243,5,256,0.05,42,1,5,5,4.586891438812017,2.311033394187689,0.008710108697414398,2.2753809690475464,0,15,12,0.8334,0.5797250097513199,1130.740233925983,0.8334,0.16659999999999997,0.5797250097513199,0.5797250097513199,0.2516757936477661,0.06239804571270946,0.2626722753047943,0.8949982205390931,0.29312420229911806,10000,0.8334,0.5797250097513199,0.5797250097513199,0.2516757936477661,0.06239804571270946,0.2626722753047943,0.8949982205390931,0.29312420229911806,0.8334,0.5797215520858765,0.5797215520858765,0.2516717316389084,0.06240094771683215,0.2629968523979187,0.8950008673667907,0.293120129776001,0.001,5,0.293120129776001,0.29311985926628115,2.7050971984632355e-07,0.29311985926628115,2.7050971984632355e-07,1.510855174160497e-08,3.45575299426401e-08,0,,,,,,,,,,,,,,,,,,,,,,,,,,,,,3.9723639274426286,0.37282647376334,3.77763610261474,4.726481751575781,0.9944753442718817,895.4545512791475,308.64706935127566,,,1947.2782461082759,392.178270046193,1947.2782461082759,392.178270046193,895.4545512791475,308.64706935127566,1947.2782461082759,392.178270046193,,,,,,,,,0.05,1e-05,1,product,1.0,,,,,,,,,,,,,,,,,,,,,,,,1.0,,,1,101770,38.02336851270473,0.09416907953215113,0.07306502745328668,0.07824438810348511,0.19587271958589555,0.06463073497599488,0.0031960398603811916,0.0477943941950798,0.060500963032245635,0.0626455619931221,0.06479837745428085,0.06674442440271378,0.06842602416872978,0.06953584216535091,0.08523771911859512,241.2065201131021,24.664476099136476,137.6373748779297,238.16160583496094,273.1966888427734,437.7701110839844,426.1462608692011,-557761.0690063636,-134475.1599904975,1.466199389725899,1.1536483804461009,1.6296725914091476e-05,0.22657830174183344,0.5686924639644202,1.2087328943662052,2.095962625514789,3.0584486309397647,3.6943442084812173,10.022710100783668,-0.3534167716300831,9.738240015721853,-12.895633655465696,1.6466068225263846,9.71002381105125,0.22062493858700993,0.4240051095607743,0.7284858013166945,0.9891814876682716,0.5759948904392257,0.2715141986833055,0.010818512331728408,58619,27632,1101,4.030297198812198,0.04718625545501709,,2.1727135308314134,0.19616584930896122,0.025858225590726706,,,,241.20652770996094,24.66447639465332,38.02336851270473,0.06463073939085007,1,update_snr,0.02,20,100,,,,2036.0,0.0,0.020005895647047262,0.0,0.37934766767345546,0.0596539676700054,0.16074795245128382,0.1478545736757453,0.3122676485220942,1526550,2036.0,30540,0.020005895647047262,12212400,610800,244320,366480,0.9499852608823819,0.6435358211575846,0.45016198141859537,,,1.6323999785457652,,149.53333333333333,131.08870618359495,3.0,385.0,random,,,,,,,,,,,,,,snr_histograms.csv,calibration_bins.csv,0.001,213.57842254638672,224.47605895996094,254.81171417236328,286.18930206298825,-95.75799223816242,-4.9024505353682315,6.427670683770313,11.35074712764334,20.019703378082117,696.5603429794312,707.6852591323852,749.5516490936279,1490.3953273522854,1553.05828499794,1743.1814765529523,1744.463069167537,1751.5009255382154,2729.133874485436,2741.70337210515,1743.1814765529523,1744.463069167537,1751.5009255382154,2729.133874485436,2741.70337210515,3.7789725769769995,3.786405797286907,4.715784283228723,0.0010894037825930616,0.9922701325905148,0.9923028700035267,0.9950165305904111,0.9950401568452324,0.9950432598414741,696.5603429794312,707.6852591323852,749.5516490936279,1490.3953273522854,1553.05828499794,1743.1814765529523,1744.463069167537,1751.5009255382154,2729.133874485436,2741.70337210515,product,0.9943667123095995,,2036.0,2036.0,2036.0,2036.0,2036.0,0.020005895647047262,0.020005895647047262,0.020005895647047262,0.020005895647047262,0.020005895647047262,0.3485679702763916,0.3487801713388954,0.34961684568534995,0.49841994358832525,0.4992736965407279,0.012381010973342656,0.15409527316453264,0.1542484902057393,0.15455309931945563,0.1853927880460218,0.18589198758676762,0.007289268932049914,0.143428598517515,0.1439234546898433,0.1442820593778107,0.1622959922688734,0.16286566941902192,0.03187008762700632,0.29558318029571057,0.2958575743623082,0.29656087219407645,0.3756536731318689,0.3772144011870598
bayesfl_observability_v1,vi_update_snr_prune098_keep002_seed42,95,vi,mnist,mlp,0,0,0.1,0.5,300,24,0.05,15,3395,3395,5,256,0.05,42,1,5,5,5.427850931882858,2.939050044864416,0.008044328540563583,2.4883315041661263,0,15,13,0.8444,0.5473130351543426,1857.8399338842291,0.8444,0.15559999999999996,0.5473130351543426,0.5473130351543426,0.2319585470676422,0.05477544990032912,0.8070272654294968,0.8990140415191651,0.28400958766937257,10000,0.8444,0.5473130351543426,0.5473130351543426,0.2319585470676422,0.05477544990032912,0.8070272654294968,0.8990140415191651,0.28400958766937257,0.8444,0.5472998356819153,0.5472998356819153,0.23195528407096863,0.05477475714385514,0.8069289028644562,0.8990133777618409,0.2840112961769104,0.001,5,0.2840112961769104,0.2840110355377197,2.6063919067453867e-07,0.2840110355377197,2.6063919067453867e-07,1.4398710877117083e-08,3.374933150380493e-08,11,0.9342775720760648,0.8987345511703385,0.1403026645487536,0.5,0.8181818181818182,0.8670424403183024,0.9375,1.0,1.0,1.0,0.23162522215723672,0.5354901580866821,1.112729881537321,2.5958034185398566e-05,0.2474638315347525,4.020063877105713,,,0.5354901580866821,,,,,,,,,,4.08776644483909,0.42524606372850576,3.7774083851296267,4.763295393632499,0.9942106209281839,1118.6921777142088,570.7912802696874,,,2069.679702583657,453.34733882496266,2069.679702583657,453.34733882496266,1118.6921777142088,570.7912802696874,2069.679702583657,453.34733882496266,,,,,,,,,0.05,1e-05,1,product,1.0,,,,,,,,,,,,,,,,,,,,,,,,1.0,,,1,101770,38.2882056116669,0.09480563780111145,0.07359885323808533,0.07874670997262001,0.19717113226652147,0.06470909613778822,0.0032157213013885794,0.047256872057914734,0.060555075854063035,0.06271945871412754,0.0648793876171112,0.06682934612035751,0.06853237226605416,0.06965546868741512,0.08523771911859512,240.6403015256666,24.724701829747865,137.6373748779297,237.5672149658203,272.708642578125,447.7855529785156,427.1905647818024,-557516.9065004496,-134353.07873751334,1.4742580125203653,1.160341644417526,1.6296725914091476e-05,0.22705620047345657,0.570834228964627,1.216075445496605,2.1076818177809464,3.0742304853742137,3.719669822864909,10.073632841021336,-0.3146320379711917,9.75635230561663,-12.877332677637607,1.6992103893032526,9.754728493256943,0.2193868527070846,0.42219711113294683,0.7262159772034981,0.9888179227670236,0.5778028888670531,0.27378402279650194,0.011182077232976319,58803,27863,1138,4.4970032011924,0.07159561663866043,,1.9347072949747537,0.30839469808541975,0.000589101620029455,,,,240.6403045654297,24.724702835083008,38.2882056116669,0.06470909714698792,1,update_snr,0.02,20,100,,,,2036.0,0.0,0.020005895647047262,0.0,0.40106605748487756,0.07353148823380597,0.16388218568644225,0.148917567641064,0.321070533882809,1526550,2036.0,30540,0.020005895647047262,12212400,610800,244320,366480,0.9499852608823819,0.6068946053450015,0.4530252592902872,,,1.6915934597445654,,226.33333333333334,301.48314859853923,2.0,1047.0,random,,,,,,,,,,,,,,snr_histograms.csv,calibration_bins.csv,0.001,212.91607666015625,223.90592193603516,254.21162796020508,285.636083984375,-95.75799223816242,-4.869799863249606,6.476100980104475,11.410087827352713,20.063722357029405,690.038756108284,709.0675428938865,768.2705015182495,1942.8352977535126,2461.841449832916,1740.7985732766665,1742.3074536443473,1753.2440146155548,2746.488435313701,2776.948192700066,1740.7985732766665,1742.3074536443473,1753.2440146155548,2746.488435313701,2776.948192700066,3.7802632411368213,3.7919537552880778,4.715895224782546,0.0012262905866737407,0.99224613751593,0.9923930001870341,0.9950634189519416,0.9950951620408343,0.9951019402486861,690.038756108284,709.0675428938865,768.2705015182495,1942.8352977535126,2461.841449832916,1740.7985732766665,1742.3074536443473,1753.2440146155548,2746.488435313701,2776.948192700066,product,0.9930786321266019,1.112729881537321,2036.0,2036.0,2036.0,2036.0,2036.0,0.020005895647047262,0.020005895647047262,0.020005895647047262,0.020005895647047262,0.020005895647047262,0.34861979343270455,0.348795961305273,0.3497391206740034,0.5017170859626018,0.5253378454405496,0.013417564435986837,0.15407623533689774,0.15419691981919953,0.15495569186382946,0.18471311706945176,0.18791702964783727,0.00761230933694158,0.14322330530841432,0.14343970238989417,0.14503206217572961,0.16186874066343815,0.16615538026642776,0.03547776071290761,0.2954287543863982,0.2955476640209641,0.29646613153482093,0.37358386670925364,0.37786595385634003
bayesfl_observability_v1,vi_update_snr_prune098_keep002_seed42,96,vi,mnist,mlp,0,0,0.1,0.5,300,24,0.05,15,4182,4182,5,256,0.05,42,1,5,5,5.015163708478212,2.6527169160544872,0.01144123449921608,2.3618333861231804,0,15,14,0.8441,0.5459968042373657,1633.802906600744,0.8441,0.15590000000000004,0.5459968042373657,0.5459968042373657,0.23381021294593812,0.05506538191735745,0.25613510608673096,0.8991653868675232,0.28497003660202025,10000,0.8441,0.5459968042373657,0.5459968042373657,0.23381021294593812,0.05506538191735745,0.25613510608673096,0.8991653868675232,0.28497003660202025,0.8441,0.5460024888038635,0.5460024888038635,0.23381164212226868,0.0550641816154122,0.25610361248254776,0.8991641918182373,0.2849715354919434,0.001,5,0.2849715354919434,0.28497126054763794,2.749443054339551e-07,0.28497126054763794,2.749443054339551e-07,1.4735732256099255e-08,3.493881656853263e-08,0,,,,,,,,,,,,,,,,,,,,,,,,,,,,,4.134201576313066,0.42406964539830533,3.7823008901067547,4.7135157275195905,0.9941633734971678,1123.8512047445113,500.3707664999709,,,2110.979922531974,446.0693233294974,2110.979922531974,446.0693233294974,1123.8512047445113,500.3707664999709,2110.979922531974,446.0693233294974,,,,,,,,,0.05,1e-05,1,product,1.0,,,,,,,,,,,,,,,,,,,,,,,,1.0,,,1,101770,38.55483319209988,0.09548715019799817,0.07408390952932406,0.07943214476108551,0.19846023321151737,0.06478687737064236,0.003233672866260376,0.046806707978248596,0.06061328984797001,0.06278211809694767,0.06495906412601471,0.0669055413454771,0.06863945126533508,0.06976953558623791,0.08523771911859512,240.07879145163923,24.775833291709997,137.6373748779297,236.98479461669922,272.18507690429686,456.44012451171875,428.22741109623496,-557274.6190451565,-134231.93500983983,1.4830512135650227,1.1664581626618602,1.6296725914091476e-05,0.22857233419342715,0.5761249517250667,1.2251543125398678,2.120543504915441,3.0888568631728797,3.7416262369209887,9.983615003330163,-0.25818385183547926,9.743203003622678,-12.819526734888782,1.763815861534078,9.795955673303363,0.21807015819986245,0.41977006976515674,0.7234450230912842,0.9883266188464184,0.5802299302348433,0.2765549769087157,0.011673381153581606,59050,28145,1188,4.5092021181644295,0.06385952606797218,,2.143308552704084,0.312051649928264,0.00023912003825920613,,,,240.0787811279297,24.77583122253418,38.55483319209988,0.0647868812084198,1,update_snr,0.02,20,100,,,,2036.0,0.0,0.020005895647047262,0.0,0.40756874704787155,0.07172619648184639,0.16539497302297973,0.14991200978807334,0.3248333450168348,1526550,2036.0,30540,0.020005895647047262,12212400,610800,244320,366480,0.9499852608823819,0.7926858025193896,0.37013443973440013,,,1.509550725699186,,278.8,308.3245476225769,1.0,1305.0,random,,,,,,,,,,,,,,snr_histograms.csv,calibration_bins.csv,0.001,212.252294921875,223.39622116088867,253.70444107055664,285.013606262207,-95.75799223816242,-4.7896663054580175,6.528943736618414,11.461208038503454,19.985756500547673,689.604172706604,720.2243920594454,787.6453378677368,1588.7314137649535,2416.0741833051047,1740.4535705771693,1742.3480752822832,1761.3864641930265,2705.4944030680385,2714.854594340684,1740.4535705771693,1742.3480752822832,1761.3864641930265,2705.4944030680385,2714.854594340684,3.784534241070562,3.8049072464025264,4.704998330401241,0.0012044147148543517,0.9925089852523514,0.9925293830952417,0.9950993910570393,0.9951508012363525,0.9951591961156541,689.604172706604,720.2243920594454,787.6453378677368,1588.7314137649535,2416.0741833051047,1740.4535705771693,1742.3480752822832,1761.3864641930265,2705.4944030680385,2714.854594340684,product,0.9931371504943282,,2036.0,2036.0,2036.0,2036.0,2036.0,0.020005895647047262,0.020005895647047262,0.020005895647047262,0.020005895647047262,0.020005895647047262,0.3479141306914538,0.3486045968969118,0.3495749805854694,0.497803144670183,0.49907248469329785,0.013788910981247073,0.15409863420554368,0.15423460879908224,0.15524925497797076,0.18468565865308625,0.18506696587019275,0.008260602327017924,0.13978089917288744,0.14395440381955305,0.1448431423877017,0.161400698316435,0.1620057164156345,0.036014381733592365,0.294800630972751,0.29562915766841524,0.2966306870528228,0.37400449070890707,0.3747076174893759
bayesfl_observability_v1,vi_update_snr_prune098_keep002_seed42,97,vi,mnist,mlp,0,0,0.1,0.5,300,24,0.05,15,2165,2165,5,256,0.05,42,1,5,5,5.07426492869854,2.8665572963654995,0.012074235826730728,2.2068638689816,0,15,11,0.857,0.5135318435192108,1788.9307651363674,0.857,0.14300000000000002,0.5135318435192108,0.5135318435192108,0.21985186650753022,0.04412622140049937,0.8004772663116455,0.9000892419815063,0.28357061796188354,10000,0.857,0.5135318435192108,0.5135318435192108,0.21985186650753022,0.04412622140049937,0.8004772663116455,0.9000892419815063,0.28357061796188354,0.8569,0.5135231251716614,0.5135231251716614,0.219851925945282,0.044413150405883804,0.8005305081605911,0.9000909199714661,0.28356966066360473,0.001,5,0.28356966066360473,0.283569380903244,2.7976036071075683e-07,0.283569380903244,2.7976036071075683e-07,1.5197410931477863e-08,3.6622344280039024e-08,0,,,,,,,,,,,,,,,,,,,,,,,,,,,,,3.8964834910596724,0.282679563305209,3.774115382266941,4.6910716577576395,0.9949068914602002,893.4259155947367,429.93111822010786,,,1858.0339176451366,301.41717233986355,1858.0339176451366,301.41717233986355,893.4259155947367,429.93111822010786,1858.0339176451366,301.41717233986355,,,,,,,,,0.05,1e-05,1,product,1.0,,,,,,,,,,,,,,,,,,,,,,,,1.0,,,1,101770,38.77085216734297,0.09601708919867619,0.07450552385513391,0.07982741296291351,0.19939345568418507,0.0648552276159687,0.003233170462507054,0.046943165361881256,0.0606888759881258,0.06284558027982712,0.0650380551815033,0.06697568111121655,0.06870660856366158,0.06983081623911858,0.08523771911859512,239.56886000182033,24.698029135499617,137.6373748779297,236.40949249267578,271.5074737548828,453.79034423828125,429.1288715103085,-557059.3946275924,-134124.32280103344,1.489680361542476,1.171800566324983,1.6296725914091476e-05,0.2288134615703947,0.5775506038518299,1.2298045818962031,2.1280893959495844,3.103128573344788,3.7546112655910076,9.983615003330163,-0.221196839325909,9.748217320808116,-12.810368577251321,1.7967221353496377,9.835995405534065,0.21706789820182765,0.4180112017293898,0.7216861550555174,0.98810061904294,0.5819887982706102,0.27831384494448264,0.011899380957060038,59229,28324,1211,3.9446140943032972,0.06254176795482635,,1.367551068558902,0.6,0.0009237875288683603,,,,239.56884765625,24.698030471801758,38.77085216734297,0.06485522538423538,1,update_snr,0.02,20,100,,,,2036.0,0.0,0.020005895647047262,0.0,0.3686489443827727,0.05107004147264966,0.1573475459198609,0.14511405276869133,0.3046318959004945,1526550,2036.0,30540,0.020005895647047262,12212400,610800,244320,366480,0.9499852608823819,0.7525234845030684,0.4813419546977973,,,1.553854363326978,,144.33333333333334,307.8652663458842,2.0,1255.0,random,,,,,,,,,,,,,,snr_histograms.csv,calibration_bins.csv,0.001,211.83755950927736,222.92856979370117,253.19232177734375,284.2723022460937,-95.75799223816242,-4.768199154800543,6.559797353484164,11.491299578075251,19.985756500547673,675.6718207836151,690.1165212345123,729.9159713745117,1240.4143697738646,2327.609570465088,1729.5410498449417,1732.9819933295528,1741.8299049088466,2238.8575640777626,2682.350781962328,1729.5410498449417,1732.9819933295528,1741.8299049088466,2238.8575640777626,2682.350781962328,3.77880414981294,3.7876785486232047,4.238923274707782,0.0007871210799126845,0.9926722401995882,0.9939702839842403,0.9952096052278601,0.9952330651216421,0.9952463197037056,675.6718207836151,690.1165212345123,729.9159713745117,1240.4143697738646,2327.609570465088,1729.5410498449417,1732.9819933295528,1741.8299049088466,2238.8575640777626,2682.350781962328,product,0.9948109187311162,,2036.0,2036.0,2036.0,2036.0,2036.0,0.020005895647047262,0.020005895647047262,0.020005895647047262,0.020005895647047262,0.020005895647047262,0.34761804549495673,0.3480740703032272,0.3488187364051897,0.43708167682934407,0.5023032993466088,0.008480441665528938,0.15351227664802555,0.15375047374815745,0.1541041901136546,0.1656253441757007,0.18372588963946204,0.004317446976047274,0.1429467656955427,0.14306812944985092,0.14401091642909913,0.14559166748045768,0.16098969877825364,0.023646414895955935,0.29483786897044933,0.2949702785512031,0.295375719554947,0.3325855849793249,0.3721139593262124
bayesfl_observability_v1,vi_update_snr_prune098_keep002_seed42,98,vi,mnist,mlp,0,0,0.1,0.5,300,24,0.05,15,2570,2570,5,256,0.05,42,1,5,5,4.410129107534885,2.3057663291692734,0.00811055302619934,2.1038944460451603,0,15,8,0.8603,0.49999827709197997,1524.0510794447357,0.8603,0.13970000000000005,0.49999827709197997,0.49999827709197997,0.21205734186172484,0.042494556571543204,0.13546252790351265,0.9009711828231811,0.2835320116519928,10000,0.8603,0.49999827709197997,0.49999827709197997,0.21205734186172484,0.042494556571543204,0.13546252790351265,0.9009711828231811,0.2835320116519928,0.8603,0.49999701611995695,0.49999701611995695,0.21205463967323304,0.04237575999796395,0.13345411569779542,0.9009720567703247,0.283530385017395,0.001,5,0.283530385017395,0.28353011569976805,2.693176269774611e-07,0.28353011569976805,2.693176269774611e-07,1.4369877501962947e-08,3.594254897375857e-08,0,,,,,,,,,,,,,,,,,,,,,,,,,,,,,4.039368291341766,0.4145347385935971,3.775552815672512,4.765875310223494,0.9945621657689383,990.8412461829186,442.3334583748363,,,2002.6240765925131,437.3910098095431,2002.6240765925131,437.3910098095431,990.8412461829186,442.3334583748363,2002.6240765925131,437.3910098095431,,,,,,,,,0.05,1e-05,1,product,1.0,,,,,,,,,,,,,,,,,,,,,,,,1.0,,,1,101770,39.004832078278945,0.09662339171593784,0.07492055216824674,0.08034699410200119,0.2005698949098588,0.0649232621463282,0.0032353924619872316,0.04588029533624649,0.06074083410203457,0.06292326003313065,0.06510110199451447,0.06704987399280071,0.06878440007567406,0.06990067586302758,0.08523771911859512,239.06579615362526,24.639878920261665,137.6373748779297,235.9518280029297,271.04319763183594,475.05902099609375,430.0289041962176,-556845.8074360245,-134017.52920522538,1.4974812134579814,1.1769606969026876,1.6296725914091476e-05,0.22906398042521428,0.5824750130657592,1.235599961171303,2.140605974131333,3.1140643549819687,3.769152263141091,10.309294157109699,-0.1709968991383364,9.737213705719782,-12.800863937063383,1.8375577195273545,9.866551668333987,0.21565294291048442,0.4149159870295765,0.7192296354524909,0.9876780976712194,0.5850840129704235,0.2807703645475091,0.012321902328780584,59544,28574,1254,4.2898429906676645,0.06102656573057175,,1.7759978093443558,0.3630350194552529,0.0007782101167315176,,,,239.0657958984375,24.63987922668457,39.004832078278945,0.06492327153682709,1,update_snr,0.02,20,100,,,,2036.0,0.0,0.020005895647047262,0.0,0.3897801401510241,0.0688876652521567,0.16206942644680666,0.14801943280022903,0.31614892771185493,1526550,2036.0,30540,0.020005895647047262,12212400,610800,244320,366480,0.9499852608823819,0.6015133893086408,0.5241013694602115,,,1.7029411078290342,,171.33333333333334,228.1486844630541,2.0,933.0,random,,,,,,,,,,,,,,snr_histograms.csv,calibration_bins.csv,0.001,211.35867767333986,222.43548583984375,252.5675506591797,283.8432281494141,-95.75799223816242,-4.69445400604549,6.610734662728,11.524873621580944,20.264578632216047,673.446478241682,694.5747055900097,747.7505624771118,1544.0283889234067,2162.4616185873747,1727.9193337968902,1731.7357903086925,1737.8001252946442,2714.553411763128,2800.2951165369395,1727.9193337968902,1731.7357903086925,1737.8001252946442,2714.553411763128,2800.2951165369395,3.780700056824832,3.788147137063956,4.723140938746468,0.0011529379314949375,0.9925339840808606,0.9926617710316253,0.995257619710831,0.9952801850267088,0.9952915003083382,673.446478241682,694.5747055900097,747.7505624771118,1544.0283889234067,2162.4616185873747,1727.9193337968902,1731.7357903086925,1737.8001252946442,2714.553411763128,2800.2951165369395,product,0.9939335429759744,,2036.0,2036.0,2036.0,2036.0,2036.0,0.020005895647047262,0.020005895647047262,0.020005895647047262,0.020005895647047262,0.020005895647047262,0.3477678806984741,0.3478959102806456,0.3487631944909231,0.499140923183195,0.5224027053107977,0.013241266933614644,0.1534023385679414,0.15368618437482523,0.15400396583266796,0.1839623382570816,0.18579638068975132,0.007316363265789423,0.14269454903009166,0.14302915637982572,0.1437078391524954,0.16072616639726398,0.16322522426992067,0.03462741911517783,0.2942828073025146,0.2947732320517952,0.2955948379911996,0.3738006474018237,0.3753139594795572
bayesfl_observability_v1,vi_update_snr_prune098_keep002_seed42,99,vi,mnist,mlp,0,0,0.1,0.5,300,24,0.05,15,1776,1776,5,256,0.05,42,1,5,5,4.325947113335133,2.2026449739933014,0.008132901042699814,2.122800540179014,0,15,11,0.8479,0.5332979832649231,1275.7539175676065,0.8479,0.1521,0.5332979832649231,0.5332979832649231,0.228396995306015,0.052579581201076475,0.259903259575367,0.9004795719146729,0.27887406578063967,10000,0.8479,0.5332979832649231,0.5332979832649231,0.228396995306015,0.052579581201076475,0.259903259575367,0.9004795719146729,0.27887406578063967,0.8478,0.5332860085487365,0.5332860085487365,0.22839295840263366,0.052679325419664386,0.26000169664621353,0.900479330253601,0.2788772642612457,0.001,5,0.2788772642612457,0.27887700629234313,2.579689025727916e-07,0.27887700629234313,2.579689025727916e-07,1.4278433974368454e-08,3.4176778695360036e-08,0,,,,,,,,,,,,,,,,,,,,,,,,,,,,,4.035113205873228,0.40473927102884905,3.778299104957447,4.713120669285278,0.9946417051937736,934.7873009983699,349.6456876868288,,,1991.0906640764044,420.6072772476062,1991.0906640764044,420.6072772476062,934.7873009983699,349.6456876868288,1991.0906640764044,420.6072772476062,,,,,,,,,0.05,1e-05,1,product,1.0,,,,,,,,,,,,,,,,,,,,,,,,1.0,,,1,101770,39.24226871862403,0.0972088943777141,0.07538007603502934,0.08094939589500427,0.2015013784170151,0.06498771725593826,0.003233325814653704,0.046657659113407135,0.060812948271632195,0.06298576481640339,0.06517122313380241,0.06711583025753498,0.06884920597076416,0.06995509713888168,0.08523771911859512,238.58635293009053,24.556185900720777,137.6373748779297,235.44434356689453,270.40073242187503,459.3609924316406,430.87970728438,-556643.0387474649,-133916.1448609226,1.504994658840218,1.1828749977231638,6.114113389495426e-05,0.22901000676495556,0.5846266058811596,1.2434499852281498,2.148314745112634,3.127386890432643,3.798392034414632,10.309294157109699,-0.1290950378214304,9.744272430049097,-12.80291080880236,1.8925664300824971,9.903632226613087,0.2152697258524123,0.41213520683895055,0.7168910287904098,0.987176967672202,0.5878647931610494,0.2831089712095903,0.012823032327797976,59827,28812,1305,4.223545905073085,0.047264352440834045,,1.8366910798433966,0.3766891891891892,0.0045045045045045045,,,,238.58636474609375,24.556184768676758,39.24226871862403,0.06498771905899048,1,update_snr,0.02,20,100,,,,2036.0,0.0,0.020005895647047262,0.0,0.38766791407401857,0.06533580453910064,0.16198132518811242,0.14827794101203948,0.315670945895934,1526550,2036.0,30540,0.020005895647047262,12212400,610800,244320,366480,0.9499852608823819,0.6948333705322667,0.49639124000866125,,,1.6172564061439283,,118.4,125.37187350704569,1.0,406.0,random,,,,,,,,,,,,,,snr_histograms.csv,calibration_bins.csv,0.001,210.9609832763672,221.9985122680664,252.06652450561523,283.2046127319336,-84.27333008418364,-4.662428484023952,6.641958183335715,11.591995730317219,20.264578632216047,692.2887157082557,695.6770186328888,733.9212379455566,1514.958785943985,1554.4539386749268,1725.610551543573,1730.2787606530562,1737.252954693301,2691.7631946870183,2696.702841491339,1725.610551543573,1730.2787606530562,1737.252954693301,2691.7631946870183,2696.702841491339,3.783792678915744,3.7906415774924374,4.709589651127353,0.0011078225423098403,0.9927809853621553,0.9927964559861152,0.9953070356120182,0.9953293872280783,0.9953394960261677,692.2887157082557,695.6770186328888,733.9212379455566,1514.958785943985,1554.4539386749268,1725.610551543573,1730.2787606530562,1737.252954693301,2691.7631946870183,2696.702841491339,product,0.9941913232677724,,2036.0,2036.0,2036.0,2036.0,2036.0,0.020005895647047262,0.020005895647047262,0.020005895647047262,0.020005895647047262,0.020005895647047262,0.34778180276963205,0.347905060919914,0.3482399163728082,0.49621582667546293,0.4971946917480625,0.013270249366916877,0.15346198230172997,0.1536028066301836,0.15394397956172876,0.18411435414925373,0.18441482461539727,0.007646279337162607,0.14285882985952453,0.14315369336776212,0.14390215387263713,0.16085508667448897,0.16157162285926632,0.03421980797270774,0.2936051040878745,0.29447749619819463,0.29531236224429974,0.3723178149779094,0.3736148700860214
bayesfl_observability_v1,vi_update_snr_prune098_keep002_seed42,100,vi,mnist,mlp,0,0,0.1,0.5,300,24,0.05,15,3778,3778,5,256,0.05,42,1,5,5,5.031284112483263,2.825972545892,0.012275665998458862,2.204746335744858,0,15,10,0.8505,0.5181632332324981,1814.1686300013423,0.8505,0.14949999999999997,0.5181632332324981,0.5181632332324981,0.22283000383377075,0.04906779045909648,0.34996217191219325,0.899217823791504,0.2820920998573303,10000,0.8505,0.5181632332324981,0.5181632332324981,0.22283000383377075,0.04906779045909648,0.34996217191219325,0.899217823791504,0.2820920998573303,0.8505,0.5181615149497986,0.5181615149497986,0.2228297830581665,0.04906743862777944,0.34986115992069244,0.8992175790786743,0.2820927460193634,0.001,5,0.2820927460193634,0.282092476606369,2.694129944136314e-07,0.282092476606369,2.694129944136314e-07,1.4870583666493075e-08,3.4912334699995415e-08,11,0.9559542648438873,0.9436522703913817,0.09123037600799318,0.6666666666666666,0.9333333333333333,0.9417693169092944,0.9607843137254902,1.0,1.0,1.0,0.17730351345481316,0.3293183782602063,0.7580098214232708,0.00014471831465406076,0.11573144501330805,2.717519760131836,,,0.3293183782602063,,,,,,,,,,4.088005564032716,0.42847957707559636,3.775045592413328,4.787213267528918,0.9945613589238491,1098.9590321249166,560.1953799498541,,,2048.227674500894,452.42211637738285,2048.227674500894,452.42211637738285,1098.9590321249166,560.1953799498541,2048.227674500894,452.42211637738285,,,,,,,,,0.05,1e-05,1,product,1.0,,,,,,,,,,,,,,,,,,,,,,,,1.0,,,1,101770,39.49165271059985,0.09782732756615206,0.07585824833143043,0.08148747310042381,0.20306186228990558,0.06506036665710453,0.0032488517616745334,0.04627520963549614,0.06085412912070751,0.0630540456622839,0.06523315608501434,0.06719350442290306,0.0689420759677887,0.07005146257579327,0.08523771911859512,238.06644824907846,24.58304725215357,137.6373748779297,234.99748992919922,270.03489990234374,466.98529052734375,431.8514639673889,-556417.4533466655,-133803.3521604979,1.5128445149947891,1.1889766330570342,3.662091822898481e-06,0.23153239076074802,0.5896717284610699,1.2499703977485601,2.1612633032943673,3.144552727680455,3.820267266219955,10.309294157109699,-0.08259923614645222,9.748839039120138,-12.707764939043383,1.937994558876122,9.951177626980545,0.2132062493858701,0.41178146801611476,0.7140021617372506,0.9866561855163605,0.5882185319838852,0.2859978382627493,0.013343814483639579,59863,29106,1358,4.517035647063745,0.06206188350915909,,1.8474040645240064,0.30730545262043407,0.00026469031233456857,,,,238.0664825439453,24.58304786682129,39.49165271059985,0.06506036221981049,1,update_snr,0.02,20,100,,,,2036.0,0.0,0.020005895647047262,0.0,0.39960323658356006,0.07426441444772743,0.1629276737163134,0.1478396649704006,0.3195018097339622,1526550,2036.0,30540,0.020005895647047262,12212400,610800,244320,366480,0.9499852608823819,0.6663735023371437,0.5180709651897378,,,1.6348575928933307,,251.86666666666667,326.9264681171525,1.0,1094.0,random,,,,,,,,,,,,outputs/sparse_comm_mnist_noniid_unbalanced/vi_update_snr_prune098_keep002_seed42/posterior_snapshots/round_0100.pt,,snr_histograms.csv,calibration_bins.csv,0.001,210.39299926757812,221.48556900024414,251.5209083557129,282.7364822387695,-108.72541303705071,-4.5877938763458985,6.694153589874229,11.641874937834341,20.264578632216047,685.8505556643009,702.1795482492447,754.3008998870849,1937.303232331276,2366.078309020996,1720.1486779689146,1723.0830087021593,1734.4401897852922,2688.580739390379,2812.1858727309827,1720.1486779689146,1723.0830087021593,1734.4401897852922,2688.580739390379,2812.1858727309827,3.7786456386819496,3.791844842772251,4.711188500675363,0.0011613120980353635,0.9926478481659029,0.9928670706414865,0.9953630476322551,0.9953967331209099,0.9954061433364735,685.8505556643009,702.1795482492447,754.3008998870849,1937.303232331276,2366.078309020996,1720.1486779689146,1723.0830087021593,1734.4401897852922,2688.580739390379,2812.1858727309827,product,0.9934371598518245,0.7580098214232708,2036.0,2036.0,2036.0,2036.0,2036.0,0.020005895647047262,0.020005895647047262,0.020005895647047262,0.020005895647047262,0.020005895647047262,0.3469154097809679,0.34701859107583644,0.3473437989091603,0.5004973536624279,0.5278033047885395,0.013334057775518821,0.15319111435068208,0.153257836327159,0.1539102678226683,0.18380684210729692,0.1840070830601256,0.007056431906745153,0.1418967016188331,0.14271056757014425,0.14358796362487977,0.1603554242368426,0.16078894273020022,0.0354850737908835,0.2937499545624274,0.2941489644509864,0.2950318877863258,0.37265167036227037,0.3750009502524804
bayesfl_observability_v1,vi_update_snr_prune098_keep002_seed42,101,vi,mnist,mlp,0,0,0.1,0.5,300,24,0.05,15,3052,3052,5,256,0.05,42,1,5,5,4.267030365765095,2.14850215613842,0.010384365916252136,2.117880903184414,0,15,9,0.8402,0.565620817565918,1457.1814171783342,0.8402,0.15980000000000005,0.565620817565918,0.565620817565918,0.24295320603847503,0.05848993372023102,0.2612003783384959,0.8986899355888367,0.28114844312667847,10000,0.8402,0.565620817565918,0.565620817565918,0.24295320603847503,0.05848993372023102,0.2612003783384959,0.8986899355888367,0.28114844312667847,0.8402,0.5656202890396118,0.5656202890396118,0.2429537046432495,0.05848935332894327,0.26117144028345746,0.8986893460273743,0.28115066943168643,0.001,5,0.28115066943168643,0.28115038018226624,2.892494201933715e-07,0.28115038018226624,2.892494201933715e-07,1.595453084775045e-08,3.74878257556201e-08,0,,,,,,,,,,,,,,,,,,,,,,,,,,,,,4.045579441483081,0.41394454418844395,3.781643073714154,4.759960994521178,0.9947412307933768,986.4688071266811,434.7992732089288,,,1996.3934261236586,434.5778759507691,1996.3934261236586,434.5778759507691,986.4688071266811,434.7992732089288,1996.3934261236586,434.5778759507691,,,,,,,,,0.05,1e-05,1,product,1.0,,,,,,,,,,,,,,,,,,,,,,,,1.0,,,1,101770,39.68720062636918,0.0982982384227393,0.07625126822515607,0.08167711645364761,0.20384801179170609,0.0651268253281348,0.003253439900039445,0.04655379056930542,0.06093139238655567,0.06311660632491112,0.06529931351542473,0.06726774759590626,0.0690073810517788,0.07012590803205966,0.08523771911859512,237.58275752937652,24.55150988354321,137.6373748779297,234.52155303955078,269.35051574707035,461.4130859375,432.7350210503079,-556209.8782201838,-133699.56459723393,1.5185715527948733,1.1938018680124578,3.662091822898481e-06,0.23372587908540254,0.5902170130474058,1.2523598329057646,2.169216023267332,3.1610488307718985,3.833247470146585,10.79769014260537,-0.04445793701372607,9.730755104057337,-12.625863961714776,1.9545825997240245,9.996624092382019,0.21241033703448953,0.4107693819396679,0.7125675542890832,0.9863614031639972,0.5892306180603322,0.28743244571091675,0.01363859683600275,59966,29252,1388,4.2498537500886355,0.06635767221450806,,1.8241891069965632,0.31913499344692003,0.01474442988204456,,,,237.582763671875,24.551509857177734,39.68720062636918,0.06512682884931564,1,update_snr,0.02,20,100,,,,2036.0,0.0,0.020005895647047262,0.0,0.3888753665194782,0.06862363939475345,0.16186308301352664,0.14814690848488818,0.3156853130947557,1526550,2036.0,30540,0.020005895647047262,12212400,610800,244320,366480,0.9499852608823819,0.5959554017595142,0.4396661884983646,,,1.6811152923827473,,203.46666666666667,234.83124910359686,16.0,974.0,random,,,,,,,,,,,,,,snr_histograms.csv,calibration_bins.csv,0.001,209.99498748779297,220.99691772460938,251.02254486083984,282.1612472534179,-108.72541303705071,-4.5797655272667885,6.726056075190916,11.671337114067882,20.666617210459506,690.4653848648071,705.2415166473389,757.658012008667,1474.8705072307587,2201.7747349739075,1722.26938187661,1722.6797070639561,1737.6538710679883,2706.267219946511,2777.51477074177,1722.26938187661,1722.6797070639561,1737.6538710679883,2706.267219946511,2777.51477074177,3.7833162918529366,3.7987867197176124,4.73141175342416,0.0011118133062765336,0.9928108178098591,0.9929028503097977,0.9954056644514236,0.9954433618398066,0.9954510656738094,690.4653848648071,705.2415166473389,757.658012008667,1474.8705072307587,2201.7747349739075,1722.26938187661,1722.6797070639561,1737.6538710679883,2706.267219946511,2777.51477074177,product,0.9942503455749846,,2036.0,2036.0,2036.0,2036.0,2036.0,0.020005895647047262,0.020005895647047262,0.020005895647047262,0.020005895647047262,0.020005895647047262,0.3472591292961118,0.34731924647422335,0.3477937586097627,0.4969369890291174,0.5207440186281421,0.013214674245917041,0.15310219212455958,0.15321470492267109,0.1540743116635658,0.18412373312063252,0.185183902591353,0.007427806683234541,0.14271738982014515,0.14286262274387143,0.14391911848817296,0.16187463436345903,0.1620360445260664,0.034807828488250876,0.2941137380768614,0.2941387660295668,0.29508797235369905,0.37372956043115546,0.37509499531244017
bayesfl_observability_v1,vi_update_snr_prune098_keep002_seed42,102,vi,mnist,mlp,0,0,0.1,0.5,300,24,0.05,15,1356,1356,5,256,0.05,42,1,5,5,4.264784406870604,2.0533351339399815,0.012706473469734192,2.2109455838799477,0,15,11,0.848,0.5427175395488739,960.5675655329211,0.848,0.15200000000000002,0.5427175395488739,0.5427175395488739,0.23109197154045105,0.05350990011692049,0.13697550587099172,0.9003336883544922,0.2777490008831024,10000,0.848,0.5427175395488739,0.5427175395488739,0.23109197154045105,0.05350990011692049,0.13697550587099172,0.9003336883544922,0.2777490008831024,0.848,0.5427103940486908,0.5427103940486908,0.23108950021266939,0.0535115343078971,0.1369753587862541,0.9003360043525696,0.2777463415145874,0.001,5,0.2777463415145874,0.2777460780143738,2.6350021359311526e-07,0.2777460780143738,2.6350021359311526e-07,1.4588516495450676e-08,3.4314929679872094e-08,0,,,,,,,,,,,,,,,,,,,,,,,,,,,,,3.8543809910991214,0.24295227788884363,3.7754018234811717,4.762655790254962,0.9952992692699305,797.6062194069225,189.12516490116596,,,1792.489056917721,251.97029083458636,1792.489056917721,251.97029083458636,797.6062194069225,189.12516490116596,1792.489056917721,251.97029083458636,,,,,,,,,0.05,1e-05,1,product,1.0,,,,,,,,,,,,,,,,,,,,,,,,1.0,,,1,101770,39.855636857521944,0.09871806908269619,0.07657147767835659,0.08214748650789261,0.2041924193501473,0.06518405600342674,0.0032430298088034822,0.047046735882759094,0.06099819280207157,0.0631842128932476,0.0653630867600441,0.06732595153152943,0.06904583945870399,0.07015938162803649,0.08523771911859512,237.15180431424815,24.419726288651677,137.6373748779297,234.06414031982422,268.76088256835936,451.7945556640625,433.4871167068017,-556029.0665247111,-133609.15874947692,1.5236404369342331,1.1976784941961498,3.662091822898481e-06,0.23433437158554504,0.5914044408927281,1.2580924405547604,2.1786078357642285,3.160996660346941,3.8472755755944563,11.08846066197387,-0.02282570547539731,9.761247152100923,-12.603280184996455,1.9942510566574598,9.996480739949813,0.21189938095706004,0.40915790508008254,0.7106318168418984,0.986243490223052,0.5908420949199175,0.2893681831581016,0.01375650977694802,60130,29449,1400,3.685993139195995,0.045417994260787964,,1.7535383476901494,0.42920353982300885,0.0007374631268436578,,,,237.15179443359375,24.41972541809082,39.855636857521944,0.06518405675888062,1,update_snr,0.02,20,100,,,,2036.0,0.0,0.020005895647047262,0.0,0.3567424840849261,0.037336254465454174,0.1556855395063222,0.14475003736051353,0.2994157452616721,1526550,2036.0,30540,0.020005895647047262,12212400,610800,244320,366480,0.9499852608823819,0.667608151766687,0.4243090856526457,,,1.6344336595427862,,90.4,92.87540040290541,1.0,351.0,random,,,,,,,,,,,,,,snr_histograms.csv,calibration_bins.csv,0.001,209.76112060546876,220.614990234375,250.48566055297852,281.6266189575195,-108.72541303705071,-4.562308383346728,6.763581226138835,11.703065860172217,20.89742520177223,705.0931969165802,718.6735888457298,734.7066945075989,833.1842290878295,1492.1364820957183,1712.079404150233,1715.0926242944004,1727.7913091848209,1742.8161272210164,2734.6682692530717,1712.079404150233,1715.0926242944004,1727.7913091848209,1742.8161272210164,2734.6682692530717,3.7775547290880094,3.7925760260282764,3.8086098226616274,0.0006478349173336893,0.9928768565036095,0.9954267428237057,0.9954684729222287,0.9954991029847472,0.9955054803020038,705.0931969165802,718.6735888457298,734.7066945075989,833.1842290878295,1492.1364820957183,1712.079404150233,1715.0926242944004,1727.7913091848209,1742.8161272210164,2734.6682692530717,product,0.9957142087997038,,2036.0,2036.0,2036.0,2036.0,2036.0,0.020005895647047262,0.020005895647047262,0.020005895647047262,0.020005895647047262,0.020005895647047262,0.3455124005808104,0.34606949801900033,0.3469891358510239,0.3475198152369626,0.4964272427415604,0.008234315311096385,0.15272667413308733,0.15286937953633017,0.15364271566973967,0.15444380080084774,0.1864397276773541,0.005368237946819148,0.14204925797196172,0.14223706023342378,0.14339355539176693,0.14513311773539492,0.16457335947836232,0.020035387622741548,0.2932516528624857,0.2934921820697905,0.29385903540714353,0.295112992802655,0.3743515031852067
bayesfl_observability_v1,vi_update_snr_prune098_keep002_seed42,103,vi,mnist,mlp,0,0,0.1,0.5,300,24,0.05,15,1375,1375,5,256,0.05,42,1,5,5,4.10427039116621,1.873272117227316,0.010311882942914963,2.2304441556334496,0,15,11,0.8425,0.5590937636852265,1075.3259573341022,0.8425,0.15749999999999997,0.5590937636852265,0.5590937636852265,0.23500225274562836,0.055282177518308176,0.24140728158610208,0.897782188987732,0.2839958736896515,10000,0.8425,0.5590937636852265,0.5590937636852265,0.23500225274562836,0.055282177518308176,0.24140728158610208,0.897782188987732,0.2839958736896515,0.8425,0.5590993161678314,0.5590993161678314,0.23500707075595856,0.05528109344989062,0.24136828311852046,0.897781114578247,0.28399924516677855,0.001,5,0.28399924516677855,0.2839989625930786,2.8257369993900383e-07,0.2839989625930786,2.8257369993900383e-07,1.565973460913028e-08,3.816226272519858e-08,0,,,,,,,,,,,,,,,,,,,,,,,,,,,,,3.912252689231468,0.31800651422242515,3.7741597232122572,4.737408871927422,0.9951861802847092,825.8327038272222,275.8121360431459,,,1849.3413650745856,328.42768616692894,1849.3413650745856,328.42768616692894,825.8327038272222,275.8121360431459,1849.3413650745856,328.42768616692894,,,,,,,,,0.05,1e-05,1,product,1.0,,,,,,,,,,,,,,,,,,,,,,,,1.0,,,1,101770,40.03036648656245,0.0991413750400679,0.07691939257194272,0.08245082199573517,0.205699035525322,0.0652419506466124,0.003232989378411387,0.04814908653497696,0.0610564548522234,0.06325479969382286,0.06542772054672241,0.06737588346004486,0.06908965706825257,0.07018989622592924,0.08523771911859512,236.71738977468797,24.28637285059849,137.6373748779297,233.6019287109375,268.2481964111328,431.3441467285156,434.2489613393506,-555846.3887341062,-133517.81985415373,1.5287853873549175,1.2020185092946825,3.662091822898481e-06,0.2342383393981164,0.5950670484929708,1.2618247556355366,2.1860794035436766,3.18008337080869,3.8629547682689895,10.697491068934626,0.006503878287104151,9.750270084949891,-12.606840398533725,2.019980869315894,10.048770115810097,0.21128033801709736,0.40735973273066717,0.7095214699813305,0.9859880121843372,0.5926402672693328,0.2904785300186695,0.014011987815662768,60313,29562,1426,3.8540771620247205,0.04643837921321392,,1.9389689265985048,0.28,0.005818181818181818,,,,236.7174072265625,24.2863712310791,40.03036648656245,0.06524194777011871,1,update_snr,0.02,20,100,,,,2036.0,0.0,0.020005895647047262,0.0,0.3661339276836407,0.04993989502616326,0.15736205642159462,0.14542220191681293,0.3040968624578492,1526550,2036.0,30540,0.020005895647047262,12212400,610800,244320,366480,0.9499852608823819,0.557281197627781,0.3637138498095101,,,1.716631170648326,,91.66666666666667,90.4143548091538,2.0,302.0,random,,,,,,,,,,,,,,snr_histograms.csv,calibration_bins.csv,0.001,209.49512634277343,220.2881088256836,249.92692184448242,280.9756515502929,-108.72541303705071,-4.508681958555357,6.79331864994031,11.738392459061442,20.585638651493152,697.3620665550231,702.48352684021,718.7325105667114,1205.8376014471053,1550.044030380249,1708.4660497693224,1711.1165803681577,1720.7354068401598,2295.031041147525,2702.9149484043296,1708.4660497693224,1711.1165803681577,1720.7354068401598,2295.031041147525,2702.9149484043296,3.7772433185648633,3.787458564001601,4.345177944998803,0.0008371042423423903,0.9930079239581715,0.9940504670192594,0.995512440041844,0.9955384271963779,0.995548545605196,697.3620665550231,702.48352684021,718.7325105667114,1205.8376014471053,1550.044030380249,1708.4660497693224,1711.1165803681577,1720.7354068401598,2295.031041147525,2702.9149484043296,product,0.9953544414659348,,2036.0,2036.0,2036.0,2036.0,2036.0,0.020005895647047262,0.020005895647047262,0.020005895647047262,0.020005895647047262,0.020005895647047262,0.34567781252110824,0.3459536113877007,0.34643989799852265,0.434460833171071,0.49444944223934256,0.01057533773534472,0.15265017828662006,0.15274689700707686,0.1532593699802322,0.17169491132896963,0.18496469181223726,0.006496769082152243,0.1421552593976515,0.14239841526283076,0.142889012548101,0.15431735263323096,0.1624880579240125,0.02648544368725487,0.2926347342394013,0.2929453232467939,0.2938763098955901,0.3402357336284728,0.37263090871484783
bayesfl_observability_v1,vi_update_snr_prune098_keep002_seed42,104,vi,mnist,mlp,0,0,0.1,0.5,300,24,0.05,15,1805,1805,5,256,0.05,42,1,5,5,4.168288890272379,1.9383082501590252,0.015962686389684677,2.2287874557077885,0,15,11,0.8425,0.5502456154346466,938.2067441319363,0.8425,0.15749999999999997,0.5502456154346466,0.5502456154346466,0.23579747924804687,0.05512179349362845,0.13726402247420255,0.8976217922210693,0.2837413773536682,10000,0.8425,0.5502456154346466,0.5502456154346466,0.23579747924804687,0.05512179349362845,0.13726402247420255,0.8976217922210693,0.2837413773536682,0.8425,0.5502466207027435,0.5502466207027435,0.2357939636230469,0.0551203611195087,0.13862617340630395,0.8976203737258911,0.28374353861808777,0.001,5,0.28374353861808777,0.2837432676792145,2.709388732813345e-07,0.2837432676792145,2.709388732813345e-07,1.524745501342295e-08,3.669118651158993e-08,0,,,,,,,,,,,,,,,,,,,,,,,,,,,,,3.8557334790430735,0.22648464663911785,3.77987159826195,4.702063932370814,0.9953770782885767,785.6446895647049,208.1444296460799,,,1786.4497895098477,232.94601349189122,1786.4497895098477,232.94601349189122,785.6446895647049,208.1444296460799,1786.4497895098477,232.94601349189122,,,,,,,,,0.05,1e-05,1,product,1.0,,,,,,,,,,,,,,,,,,,,,,,,1.0,,,1,101770,40.18757431614372,0.09951252013299011,0.07724492936882289,0.08276307582855225,0.2067076325416565,0.06529688655702699,0.0032212411056814928,0.04814908653497696,0.06111411228775978,0.06332059390842915,0.0654788538813591,0.06743013672530651,0.06911960244178772,0.07021969370543957,0.08523771911859512,236.30407447511325,24.1469368908113,137.6373748779297,233.23722076416016,267.7423034667969,431.3441467285156,434.9710646555133,-555672.8721551021,-133431.06156463176,1.5332229317430084,1.2060868951415984,3.662091822898481e-06,0.2341208296079005,0.5951805250530604,1.26563040058148,2.1905870324283265,3.1932145522556423,3.870776460384957,10.84185911451567,0.021408779345209905,9.771998433553883,-12.611198913006042,2.0461379614092925,10.084561993101435,0.21088729488061314,0.406966689594183,0.7079099931217451,0.9857128819887983,0.5930333104058171,0.29209000687825487,0.01428711801120173,60353,29726,1454,3.690992539847155,0.04595743119716644,,2.083955964911852,0.22493074792243767,0.000554016620498615,,,,236.30406188964844,24.14693832397461,40.18757431614372,0.06529688835144043,1,update_snr,0.02,20,100,,,,2036.0,0.0,0.020005895647047262,0.0,0.3563154092770539,0.03675366860802438,0.15541963450647875,0.1444056627106321,0.2989541712706086,1526550,2036.0,30540,0.020005895647047262,12212400,610800,244320,366480,0.9499852608823819,0.5354636376209112,0.40626990588387796,,,1.7582013701495258,,120.33333333333333,112.19605855624143,1.0,406.0,random,,,,,,,,,,,,,,snr_histograms.csv,calibration_bins.csv,0.001,209.3136459350586,219.93376541137695,249.40781021118164,280.20313568115233,-108.72541303705071,-4.507025798593917,6.811210247906693,11.755961824620583,20.702075190074815,671.3123903274536,675.9034136343003,718.6598617553711,888.024871635437,1524.2691838502883,1710.7352077389535,1711.2571199067602,1724.8856979617203,1745.956628364437,2657.1795934494835,1710.7352077389535,1711.2571199067602,1724.8856979617203,1745.956628364437,2657.1795934494835,3.780763979250659,3.7954363699711786,3.819075237963501,0.000590696227323907,0.9931693551122905,0.9954770506661392,0.9955312007630638,0.9955690429162396,0.9955736646181168,671.3123903274536,675.9034136343003,718.6598617553711,888.024871635437,1524.2691838502883,1710.7352077389535,1711.2571199067602,1724.8856979617203,1745.956628364437,2657.1795934494835,product,0.9957734461264552,,2036.0,2036.0,2036.0,2036.0,2036.0,0.020005895647047262,0.020005895647047262,0.020005895647047262,0.020005895647047262,0.020005895647047262,0.3451350822796736,0.3460130143413628,0.34653176880019193,0.34725280938791714,0.49382116358080913,0.007382123723487372,0.15266444099100454,0.15281076106415803,0.1535795178986061,0.15459507079955997,0.1829604693273844,0.004331829282831971,0.14206243175539066,0.1424153056615047,0.14313418290418028,0.14495837963740027,0.16029538074503008,0.019102288200423412,0.29277982763538557,0.29323809136531337,0.2938063378011532,0.2948525668125891,0.3703927362467175
bayesfl_observability_v1,vi_update_snr_prune098_keep002_seed42,105,vi,mnist,mlp,0,0,0.1,0.5,300,24,0.05,15,2980,2980,5,256,0.05,42,1,5,5,4.877265632152557,2.5615460574626923,0.01484294980764389,2.3137497007846832,0,15,10,0.8528,0.4999063935279846,1605.8208317270603,0.8528,0.1472,0.4999063935279846,0.4999063935279846,0.21996609845161438,0.04700768608450884,0.24092145264148712,0.8995052348136902,0.2829475109577179,10000,0.8528,0.4999063935279846,0.4999063935279846,0.21996609845161438,0.04700768608450884,0.24092145264148712,0.8995052348136902,0.2829475109577179,0.8528,0.4999127014636993,0.4999127014636993,0.21997068295478822,0.04701046678721904,0.24090607464313507,0.8995071348190308,0.2829487061500549,0.001,5,0.2829487061500549,0.28294843072891235,2.754211425592956e-07,0.28294843072891235,2.754211425592956e-07,1.515163139345077e-08,3.656282825984116e-08,13,0.9526276306468535,0.9015805675180677,0.14226817201209627,0.5,0.7380952380952381,0.8571428571428571,0.96,1.0,1.0,1.0,0.1956783250200405,0.35689291763618003,0.41216676810412833,0.00013467762619256973,0.20038479566574097,1.4983936548233032,,,0.35689291763618003,,,,,,,,,,4.03355241805856,0.3943188960637218,3.7808636586116657,4.728764435060301,0.9949531097073898,1003.5649636936189,464.6849623774108,,,1969.4483105777535,410.5330018366213,1969.4483105777535,410.5330018366213,1003.5649636936189,464.6849623774108,1969.4483105777535,410.5330018366213,,,,,,,,,0.05,1e-05,1,product,1.0,,,,,,,,,,,,,,,,,,,,,,,,1.0,,,1,101770,40.39278183092184,0.09999369379555915,0.07767408196764097,0.08321321755647659,0.2078656867146493,0.06536409645003198,0.003231220562088883,0.048194076865911484,0.06116785556077957,0.0633750818669796,0.06554607301950455,0.06749821454286575,0.06920345053076744,0.070314147695899,0.08523771911859512,235.82550200456438,24.14611445949748,137.6373748779297,232.75908660888672,267.2720062255859,430.5391540527344,435.8713325321534,-555464.4989224344,-133326.87494827504,1.5389764532354302,1.2114803657185933,3.662091822898481e-06,0.23599594310813496,0.5950549198541477,1.2704551804154425,2.199582540646022,3.210599381243544,3.892834160575975,11.481722923558923,0.05620383778198493,9.753493113592144,-12.541909263537367,2.0791869670804948,10.131722342632385,0.21061216468507418,0.406318168418984,0.7061511250859782,0.9850938390488356,0.5936818315810161,0.29384887491402184,0.01490616095116439,60419,29905,1517,4.278012496457701,0.06659584492444992,,1.831505145436488,0.3895973154362416,0.0010067114093959733,,,,235.8254852294922,24.146114349365234,40.39278183092184,0.06536410003900528,1,update_snr,0.02,20,100,,,,2036.0,0.0,0.020005895647047262,0.0,0.38661469883253335,0.0672718335550857,0.16072881755685675,0.14693875440686616,0.31344547988309,1526550,2036.0,30540,0.020005895647047262,12212400,610800,244320,366480,0.9499852608823819,0.7375856466379751,0.43213648326708826,,,1.5661785601989602,,198.66666666666666,280.7904715065825,2.0,1161.0,random,,,,,,,,,,,,,,snr_histograms.csv,calibration_bins.csv,0.001,208.80672912597657,219.49034118652344,248.9791259765625,279.69547576904296,-108.72541303705071,-4.508858997952538,6.846805272981221,11.805318052816478,21.200141245648712,676.9171756744385,696.2702310585976,747.698108291626,1538.0676734554768,2313.349532032013,1707.6212015701353,1714.4889962394004,1727.4927246556192,2666.9027687821103,2685.1164212344,1707.6212015701353,1714.4889962394004,1727.4927246556192,2666.9027687821103,2685.1164212344,3.787779960584976,3.803179062445733,4.7148944913016075,0.0010188068486317629,0.9931544760174478,0.993179992468515,0.9955495772583027,0.9955852531360153,0.9956059947584897,676.9171756744385,696.2702310585976,747.698108291626,1538.0676734554768,2313.349532032013,1707.6212015701353,1714.4889962394004,1727.4927246556192,2666.9027687821103,2685.1164212344,product,0.9943758342090697,0.41216676810412833,2036.0,2036.0,2036.0,2036.0,2036.0,0.020005895647047262,0.020005895647047262,0.020005895647047262,0.020005895647047262,0.020005895647047262,0.3451290052571641,0.3453455638488111,0.3464104267605542,0.4952397815830015,0.5077322087260626,0.012373334440493967,0.15271567203605665,0.1529223178106121,0.15367861255151927,0.18321995925596357,0.18389343472226527,0.006892290893043113,0.1420670040056503,0.1426657781400236,0.1436753247994975,0.16015280007722085,0.16148960113862387,0.032878016112095884,0.29262313303065457,0.29332735121490183,0.2938960947603725,0.3709252609268498,0.37144371468495
bayesfl_observability_v1,vi_update_snr_prune098_keep002_seed42,106,vi,mnist,mlp,0,0,0.1,0.5,300,24,0.05,15,3737,3737,5,256,0.05,42,1,5,5,4.3559807278215885,2.2543400153517723,0.008949562907218933,2.101102501153946,0,15,13,0.8553,0.505497328042984,1673.8565270876477,0.8553,0.14470000000000005,0.505497328042984,0.505497328042984,0.21780177822113037,0.04949193434715272,0.2091669571399689,0.9036971864700317,0.2711453307628632,10000,0.8553,0.505497328042984,0.505497328042984,0.21780177822113037,0.04949193434715272,0.2091669571399689,0.9036971864700317,0.2711453307628632,0.8553,0.5054989283561706,0.5054989283561706,0.2178046531677246,0.04949284099191434,0.20915737152099612,0.9036981105804444,0.27114030437469483,0.001,5,0.27114030437469483,0.2711400325775146,2.717971802068675e-07,0.2711400325775146,2.717971802068675e-07,1.5226892458031217e-08,3.817017526756246e-08,0,,,,,,,,,,,,,,,,,,,,,,,,,,,,,4.082356846597372,0.4149109540960653,3.7843055760190607,4.745482261267976,0.9948813710432154,1033.976993478603,493.077622716693,,,2016.883692085248,429.4689413124426,2016.883692085248,429.4689413124426,1033.976993478603,493.077622716693,2016.883692085248,429.4689413124426,,,,,,,,,0.05,1e-05,1,product,1.0,,,,,,,,,,,,,,,,,,,,,,,,1.0,,,1,101770,40.648929384415155,0.10060166522176893,0.07820027332845034,0.08363871276378632,0.2090790569782257,0.06543788719456323,0.0032474433468197266,0.04798911511898041,0.06123922951519489,0.06342845410108566,0.06561676412820816,0.0675819180905819,0.06930213794112206,0.07042773328721522,0.08523771911859512,235.30695286987222,24.17508451398746,137.6373748779297,232.25784301757812,266.64937744140633,434.2247009277344,436.8643103326577,-555236.7522787577,-133213.0016264119,1.5466049628853298,1.2183224900487597,3.662091822898481e-06,0.23692313271332427,0.596632439074629,1.2745022466702292,2.2098486862616418,3.224679018198694,3.908353893900231,11.481722923558923,0.10052991346428646,9.741279095135063,-12.507850688046162,2.10681210678488,10.169729834756794,0.2100913825292326,0.40524712587206446,0.7032327797975828,0.9846811437555272,0.5947528741279355,0.2967672202024172,0.015318856244472831,60528,30202,1559,4.413627822893598,0.05847267806529999,,1.9335871365635828,0.3767728124163768,0.0005351886540005352,,,,235.30694580078125,24.175085067749023,40.648929384415155,0.06543789058923721,1,update_snr,0.02,20,100,,,,2036.0,0.0,0.020005895647047262,0.0,0.39437119597743997,0.06888829221305037,0.16207972443319013,0.147468786380949,0.31739309454764086,1526550,2036.0,30540,0.020005895647047262,12212400,610800,244320,366480,0.9499852608823819,0.6149448242092526,0.3636283310495402,,,1.6735192391212148,,249.13333333333333,346.90822353405747,1.0,1408.0,random,,,,,,,,,,,,,,snr_histograms.csv,calibration_bins.csv,0.001,208.21245880126952,218.94699096679688,248.56028366088867,279.115476989746,-108.72541303705071,-4.485862752655521,6.887250749892802,11.839877627078,21.200141245648712,670.0917097091675,679.426782155037,751.0185404777527,1501.8909932804108,2365.5516966978707,1708.3891661135171,1710.7367521790175,1719.4064590088544,2675.143018706524,2696.695994385002,1708.3891661135171,1710.7367521790175,1719.4064590088544,2675.143018706524,2696.695994385002,3.786958899153685,3.796925838017664,4.7269202810889945,0.0010629928424845,0.9931671780404219,0.9932212755387214,0.9956131293570949,0.9956344903446256,0.9956392331018552,670.0917097091675,679.426782155037,751.0185404777527,1501.8909932804108,2365.5516966978707,1708.3891661135171,1710.7367521790175,1719.4064590088544,2675.143018706524,2696.695994385002,product,0.9940878789646219,,2036.0,2036.0,2036.0,2036.0,2036.0,0.020005895647047262,0.020005895647047262,0.020005895647047262,0.020005895647047262,0.020005895647047262,0.345069820530592,0.34514538580793674,0.3461074425432869,0.4926662314841855,0.49638599980136944,0.013370228070217878,0.15269249375442911,0.15276529558419089,0.15316445675517376,0.18375972521004502,0.18464051303087467,0.0080423706598547,0.14014150976510364,0.1423247134193773,0.14296650599894645,0.16090467552640886,0.16190779119363718,0.034635178026146164,0.29267694044115533,0.292835174996844,0.2936810673785722,0.3716062546893197,0.3727969044868696
bayesfl_observability_v1,vi_update_snr_prune098_keep002_seed42,107,vi,mnist,mlp,0,0,0.1,0.5,300,24,0.05,15,1935,1935,5,256,0.05,42,1,5,5,4.1775950863957405,2.1172811686992645,0.008111890405416489,2.0596070662140846,0,15,11,0.8608,0.4688021131515503,1162.1773512580166,0.8608,0.1392,0.4688021131515503,0.4688021131515503,0.20306373512744905,0.04599785910695788,0.24178883930047354,0.9067978573799134,0.26149009318351746,10000,0.8608,0.4688021131515503,0.4688021131515503,0.20306373512744905,0.04599785910695788,0.24178883930047354,0.9067978573799134,0.26149009318351746,0.8608,0.46880330247879026,0.46880330247879026,0.20306540303230286,0.04599784389585254,0.2418130487203598,0.9067978452682495,0.2614887631893158,0.001,5,0.2614887631893158,0.26148849692344667,2.6626586913103267e-07,0.26148849692344667,2.6626586913103267e-07,1.472570077680757e-08,3.704919412392885e-08,0,,,,,,,,,,,,,,,,,,,,,,,,,,,,,3.982350682646556,0.3738650322141902,3.7813951227219804,4.749538702257229,0.9951936677504931,886.9180133477846,308.99791346189363,,,1906.1525447520573,383.73859499105845,1906.1525447520573,383.73859499105845,886.9180133477846,308.99791346189363,1906.1525447520573,383.73859499105845,,,,,,,,,0.05,1e-05,1,product,1.0,,,,,,,,,,,,,,,,,,,,,,,,1.0,,,1,101770,40.8449515748403,0.10112416456130556,0.0785292868741446,0.08416897803544998,0.20980585068464283,0.06549736887071612,0.003245827539472208,0.04808257520198822,0.06129937954246998,0.06349487788975239,0.06568567082285881,0.06764123402535915,0.06935747340321541,0.07046805880963802,0.08523771911859512,234.87562677683854,24.109490332563677,137.6373748779297,231.77080535888672,266.12632446289064,432.5382995605469,437.6558526242275,-555051.1736531847,-133120.21231360472,1.5533099196239324,1.2224377928668948,3.662091822898481e-06,0.23873799756894326,0.6003051152398254,1.2823044625069935,2.216716659138699,3.235938731645944,3.9189579810901516,10.670520582856474,0.14209461366171372,9.743078300993199,-12.44156906416897,2.159823072823091,10.200005804007574,0.20882381841407094,0.4024859978382628,0.7020929547017786,0.9842979266974551,0.5975140021617372,0.2979070452982215,0.015702073302544955,60809,30318,1598,4.068328444546029,0.04755963385105133,,2.003276011738027,0.19224806201550387,0.0010335917312661498,,,,234.87564086914062,24.10948944091797,40.8449515748403,0.06549736857414246,1,update_snr,0.02,20,100,,,,2036.0,0.0,0.020005895647047262,0.0,0.3752409487111864,0.05929046867427158,0.15913053966486107,0.14652737269373192,0.30871509406973485,1526550,2036.0,30540,0.020005895647047262,12212400,610800,244320,366480,0.9499852608823819,0.8001683674357802,0.41307727631403246,,,1.5040449972576355,,129.0,131.06741268014207,2.0,369.0,random,,,,,,,,,,,,,,snr_histograms.csv,calibration_bins.csv,0.001,207.88035430908204,218.56314849853516,248.0405158996582,278.5687088012695,-108.72541303705071,-4.432559119546104,6.9142036997765945,11.863412136363934,20.56371215746268,654.6886258125305,683.5134559869766,730.7032590866089,1489.6722133636476,1502.1720472812653,1701.9623229402703,1706.6426470495353,1714.4214682363736,2665.977438290218,2694.32376273881,1701.9623229402703,1706.6426470495353,1714.4214682363736,2665.977438290218,2694.32376273881,3.7866949135654986,3.795235758183444,4.722669645699726,0.0009479746396147149,0.9932440206738223,0.9933182434302384,0.9956690188841719,0.9956870643724409,0.9956975489805864,654.6886258125305,683.5134559869766,730.7032590866089,1489.6722133636476,1502.1720472812653,1701.9623229402703,1706.6426470495353,1714.4214682363736,2665.977438290218,2694.32376273881,product,0.9950271528327058,,2036.0,2036.0,2036.0,2036.0,2036.0,0.020005895647047262,0.020005895647047262,0.020005895647047262,0.020005895647047262,0.020005895647047262,0.34508961154218304,0.3452060852607615,0.3455743456194744,0.4934323816192922,0.4950313689518529,0.012246958036324064,0.15234245591572101,0.15255011772388746,0.15299820495676347,0.18318824433158853,0.18467291971880284,0.007158101709055928,0.14193765111115958,0.14222933288828302,0.14296531304312673,0.1600694137345108,0.16232785309949954,0.03157736046273688,0.29205638446351817,0.29220508129021167,0.293220826067616,0.3716696759222477,0.37248733576171583
bayesfl_observability_v1,vi_update_snr_prune098_keep002_seed42,108,vi,mnist,mlp,0,0,0.1,0.5,300,24,0.05,15,2895,2895,5,256,0.05,42,1,5,5,4.375691808760166,2.2116940319538116,0.011462245136499405,2.1633498556911945,0,15,14,0.8577,0.4957799359321594,1585.8685686450176,0.8577,0.14229999999999998,0.4957799359321594,0.4957799359321594,0.2126053774356842,0.04805395435839893,0.2433578222990036,0.9057539394378662,0.2623094111442566,10000,0.8577,0.4957799359321594,0.4957799359321594,0.2126053774356842,0.04805395435839893,0.2433578222990036,0.9057539394378662,0.2623094111442566,0.8579,0.4957809195518494,0.4957809195518494,0.21260628709793092,0.0478544274479151,0.24332496098109654,0.9057544457435608,0.26231196751594543,0.001,5,0.26231196751594543,0.26231169166564944,2.7585029599430655e-07,0.26231169166564944,2.7585029599430655e-07,1.525063090639378e-08,3.769018208855132e-08,0,,,,,,,,,,,,,,,,,,,,,,,,,,,,,3.9729747017846297,0.3527146693269175,3.778444327276713,4.735960049812377,0.9952670491969912,936.4044311745962,461.208410750325,,,1895.4148650355953,366.34558848853624,1895.4148650355953,366.34558848853624,936.4044311745962,461.208410750325,1895.4148650355953,366.34558848853624,,,,,,,,,0.05,1e-05,1,product,1.0,,,,,,,,,,,,,,,,,,,,,,,,1.0,,,1,101770,41.05086527629502,0.10165684946425226,0.07889570519606938,0.08481154218316078,0.2106627568602562,0.06556621169645976,0.0032480305196205253,0.048656247556209564,0.06137527897953987,0.0635556261986494,0.06574734672904015,0.06771598011255264,0.06941810548305512,0.07053087651729584,0.08523771911859512,234.38113295127897,24.047428134447312,137.6373748779297,231.33616638183594,265.4685272216797,422.3988952636719,438.57555758684833,-554837.1444312737,-133013.1977026256,1.559832508864486,1.2267249126285504,3.662091822898481e-06,0.2390548493608081,0.603860825087249,1.291193010256762,2.226859690844731,3.2471218926899468,3.934594642576216,10.622568944946034,0.17070988607865656,9.772419514071752,-12.430048839924709,2.2198233273108716,10.229971834755613,0.20795912351380563,0.4001179129409453,0.7007173037240837,0.984022796501916,0.5998820870590548,0.2992826962759163,0.015977203498083913,61050,30458,1626,4.10794777879274,0.06309327483177185,,1.940282143275942,0.39481865284974094,0.000690846286701209,,,,234.38113403320312,24.047428131103516,41.05086527629502,0.06556621193885803,1,update_snr,0.02,20,100,,,,2036.0,0.0,0.020005895647047262,0.0,0.37514818054450355,0.06041463370773734,0.15827358372184983,0.14546117664933694,0.3074804998264575,1526550,2036.0,30540,0.020005895647047262,12212400,610800,244320,366480,0.9499852608823819,0.8816309978966387,0.3483251834540746,,,1.4308477417311332,,193.0,282.1651998386761,2.0,1143.0,random,,,,,,,,,,,,,,snr_histograms.csv,calibration_bins.csv,0.001,207.5173782348633,218.08090591430664,247.56656646728516,278.1172958374023,-108.72541303705071,-4.3812628789180765,6.95385708043492,11.897999924897597,20.524591170496528,648.5403676986695,671.0202702140808,744.1757127761841,1545.1017109584807,2306.745518183708,1696.1461281206311,1706.777320593716,1715.0118373109492,2613.934557750218,2674.239531488557,1696.1461281206311,1706.777320593716,1715.0118373109492,2613.934557750218,2674.239531488557,3.790550121498597,3.8000968558130435,4.6600551004300135,0.0008835627603851492,0.9933419571880978,0.9935519171983117,0.9956984044969617,0.9957221727366512,0.9957479939202952,648.5403676986695,671.0202702140808,744.1757127761841,1545.1017109584807,2306.745518183708,1696.1461281206311,1706.777320593716,1715.0118373109492,2613.934557750218,2674.239531488557,product,0.9949804295189316,,2036.0,2036.0,2036.0,2036.0,2036.0,0.020005895647047262,0.020005895647047262,0.020005895647047262,0.020005895647047262,0.020005895647047262,0.34436401182523896,0.34440868265910873,0.34501770667455145,0.49408565717458236,0.49987567662299054,0.010915852629909498,0.15211104070501924,0.15262673364420037,0.15303896599725036,0.1785948138577879,0.18368069413326737,0.006090021295679965,0.14206602683802455,0.1422081007932237,0.14321720378509295,0.15409977378611903,0.16140150182734497,0.02952662863330495,0.2916269989235798,0.29214264192873074,0.2931625415276905,0.36482070088536395,0.37185327691278625
bayesfl_observability_v1,vi_update_snr_prune098_keep002_seed42,109,vi,mnist,mlp,0,0,0.1,0.5,300,24,0.05,15,2336,2336,5,256,0.05,42,1,5,5,4.4689398147165775,2.3115462325513363,0.011151697486639023,2.1564635038375854,0,15,10,0.8519,0.516513715171814,1204.5836568191394,0.8519,0.1481,0.516513715171814,0.516513715171814,0.22327182807922363,0.056278674502670774,0.2354826256632805,0.9059251667022705,0.26423972096443177,10000,0.8519,0.516513715171814,0.516513715171814,0.22327182807922363,0.056278674502670774,0.2354826256632805,0.9059251667022705,0.26423972096443177,0.8519,0.5165061799049377,0.5165061799049377,0.22326799421310425,0.056280320519208935,0.23550976812839508,0.9059267488479614,0.2642397731781006,0.001,5,0.2642397731781006,0.2642395035266876,2.696514129763017e-07,0.2642395035266876,2.696514129763017e-07,1.4791744547437702e-08,3.563678817013975e-08,0,,,,,,,,,,,,,,,,,,,,,,,,,,,,,4.042836855357996,0.4143944128821391,3.7814350254626565,4.733923577726292,0.995138095458502,920.0102043922742,348.0246602843596,,,1960.877838383329,423.5889768310609,1960.877838383329,423.5889768310609,920.0102043922742,348.0246602843596,1960.877838383329,423.5889768310609,,,,,,,,,0.05,1e-05,1,product,1.0,,,,,,,,,,,,,,,,,,,,,,,,1.0,,,1,101770,41.261740455400265,0.10220037577968484,0.07927350446660371,0.08513247221708298,0.21202892959117894,0.06562922637171328,0.003249286706964125,0.048693813383579254,0.06142421886324882,0.06361943297088146,0.0658111423254013,0.06778572127223015,0.06949484199285508,0.07060320675373077,0.08523771911859512,233.929639458579,23.99295130175586,137.6373748779297,230.88788604736328,265.0456817626953,421.7474060058594,439.4177450216729,-554641.3600816093,-132915.3055277717,1.5667532003097582,1.2316307371586046,1.6985900245092178e-05,0.2408211211616749,0.6068667427554004,1.2956120420258819,2.236772610742131,3.2622303860113933,3.9566111142246037,10.804198644104304,0.22360317396601068,9.740841287125253,-12.366108521821984,2.249499516605847,10.270292572461742,0.2068684288100619,0.3983786970620026,0.6987422619632505,0.9834037535619534,0.6016213029379974,0.30125773803674954,0.016596246438046577,61227,30659,1689,4.193606876962309,0.048387013375759125,,2.055826415408383,0.18236301369863014,0.0008561643835616438,,,,233.92962646484375,23.992952346801758,41.261740455400265,0.06562922894954681,1,update_snr,0.02,20,100,,,,2036.0,0.0,0.020005895647047262,0.0,0.3843900148036884,0.06606077387419904,0.16073040379756598,0.14712128152125814,0.3132490045109429,1526550,2036.0,30540,0.020005895647047262,12212400,610800,244320,366480,0.9499852608823819,0.6332404060297736,0.4867060427757684,,,1.6491482676458082,,155.73333333333332,140.69895364058522,2.0,426.0,random,,,,,,,,,,,,,,snr_histograms.csv,calibration_bins.csv,0.001,207.0593521118164,217.63240814208984,247.07022857666016,277.55482635498043,-95.39822810406687,-4.3381332652622895,6.992436722764271,11.946467330214084,20.671851209023036,677.9167609214783,686.9659456729888,721.1764291763305,1506.0871856689453,1521.0654839396477,1694.4237258334663,1698.1976886782227,1705.8836597005572,2665.0197141907247,2667.444691005434,1694.4237258334663,1698.1976886782227,1705.8836597005572,2665.0197141907247,2667.444691005434,3.7841670895953015,3.7934933778169753,4.731612945477125,0.0010301956273296913,0.9934182033293686,0.993424916114859,0.9957552626274243,0.9957812656639435,0.9957833006947961,677.9167609214783,686.9659456729888,721.1764291763305,1506.0871856689453,1521.0654839396477,1694.4237258334663,1698.1976886782227,1705.8836597005572,2665.0197141907247,2667.444691005434,product,0.9948218331357257,,2036.0,2036.0,2036.0,2036.0,2036.0,0.020005895647047262,0.020005895647047262,0.020005895647047262,0.020005895647047262,0.020005895647047262,0.343750360293176,0.3442048016343692,0.34487109292197377,0.4940463450571547,0.4958694132325471,0.013509390279139508,0.15206150095259988,0.15220705118675457,0.15262378604835825,0.18320828343244935,0.18327886881011457,0.007968193993573788,0.14145452232800645,0.1416214982530716,0.1425226902226847,0.16035973940592135,0.16062510168433405,0.03482984173917686,0.29155169364568034,0.2917957395009155,0.29222381054097585,0.3710529722406194,0.3719064911553686
bayesfl_observability_v1,vi_update_snr_prune098_keep002_seed42,110,vi,mnist,mlp,0,0,0.1,0.5,300,24,0.05,15,2773,2773,5,256,0.05,42,1,5,5,4.375781457871199,1.9926578551530838,0.009643767029047012,2.3823850043118,0,15,12,0.8479,0.5258170467853546,1497.3050435606772,0.8479,0.1521,0.5258170467853546,0.5258170467853546,0.22760696198940278,0.05701719475388532,0.24282633264859518,0.904917190170288,0.2645932698249817,10000,0.8479,0.5258170467853546,0.5258170467853546,0.22760696198940278,0.05701719475388532,0.24282633264859518,0.904917190170288,0.2645932698249817,0.8479,0.5258188486099243,0.5258188486099243,0.22761007399559022,0.057017923019826416,0.24270959198474884,0.9049179235458374,0.26459236330986025,0.001,5,0.26459236330986025,0.2645920838356018,2.79474258457757e-07,0.2645920838356018,2.79474258457757e-07,1.5758023025114198e-08,3.8269205766447734e-08,13,0.9635125363833238,0.9676172430229226,0.03700169182506513,0.875,0.9345454545454546,0.9411764705882353,0.9722222222222222,1.0,1.0,1.0,0.130462222698415,0.13204143775228047,0.16816478606510613,0.0001465426990762353,0.07472061288767848,0.4878963232040405,,,0.13204143775228047,,,,,,,,,,4.043993195774993,0.41384260200002654,3.779697056768808,4.77990932783188,0.9951832929212061,975.2761437209449,440.53544838471015,,,1960.8617021921245,427.07455655593094,1960.8617021921245,427.07455655593094,975.2761437209449,440.53544838471015,1960.8617021921245,427.07455655593094,,,,,,,,,0.05,1e-05,1,product,1.0,,,,,,,,,,,,,,,,,,,,,,,,1.0,,,1,101770,41.45412929480451,0.10268316587010588,0.07963504974746606,0.0855880044400692,0.21305300742387773,0.06569809665716947,0.003251202555648435,0.04853267967700958,0.061497898772358894,0.06368396803736687,0.0658787377178669,0.0678517334163189,0.0695631742477417,0.07068086452782155,0.08523771911859512,233.4377392227879,23.930601847271042,137.6373748779297,230.41431427001953,264.4109649658203,424.55255126953125,440.3394763369695,-554427.6411346312,-132808.4460542591,1.5724521258360935,1.235763220712934,4.388125158680462e-05,0.24242261099343482,0.6114420052342489,1.299862105277438,2.2395321837036106,3.2728286262848307,3.9765436133400205,10.804198644104304,0.2638179359072316,9.725510285568152,-12.308537511260631,2.277945656929427,10.298465302334305,0.2054927778323671,0.3965313943205267,0.6971799154957257,0.9832563623857719,0.6034686056794734,0.30282008450427433,0.01674363761422816,61415,30818,1704,4.283055611419853,0.0626136006321758,,2.060594971321615,0.35124413992066356,0.002163721601153985,,,,233.43775939941406,23.930601119995117,41.45412929480451,0.06569810211658478,1,update_snr,0.02,20,100,,,,2036.0,0.0,0.020005895647047262,0.0,0.3856379184725814,0.06871588767252454,0.16036927163656003,0.14664453313401765,0.3128395907002498,1526550,2036.0,30540,0.020005895647047262,12212400,610800,244320,366480,0.9499852608823819,0.6147653161074131,0.36317775503822536,,,1.6880353618232993,,184.86666666666667,236.20947389034922,2.0,974.0,random,,,,,,,,,,,,outputs/sparse_comm_mnist_noniid_unbalanced/vi_update_snr_prune098_keep002_seed42/posterior_snapshots/round_0110.pt,,snr_histograms.csv,calibration_bins.csv,0.001,206.65276184082032,217.20914840698242,246.5697364807129,277.18054656982423,-87.15441968039084,-4.272894583043577,7.003146157882695,11.99011499977786,20.671851209023036,692.0619792342186,700.0140672588349,726.1252822875977,1497.4909953689576,2172.1013409376146,1690.9173317964219,1693.3971313220857,1708.985878854987,2643.9312475389715,2753.807399004197,1690.9173317964219,1693.3971313220857,1708.985878854987,2643.9312475389715,2753.807399004197,3.7822279242922563,3.8011593856218417,4.7172812528145895,0.0010199781029413242,0.9933567893764074,0.9935281488788738,0.9957813488138363,0.9958253779726848,0.9958348149105704,692.0619792342186,700.0140672588349,726.1252822875977,1497.4909953689576,2172.1013409376146,1690.9173317964219,1693.3971313220857,1708.985878854987,2643.9312475389715,2753.807399004197,product,0.9946483840692257,0.16816478606510613,2036.0,2036.0,2036.0,2036.0,2036.0,0.020005895647047262,0.020005895647047262,0.020005895647047262,0.020005895647047262,0.020005895647047262,0.3436343041224665,0.34407491278657876,0.34455612185167556,0.4917389919146857,0.5222723347095253,0.012962127662817237,0.1518975823021767,0.15198821107411858,0.15277935724242692,0.18209549887016935,0.18258208141190263,0.007075364886892255,0.14139138718277938,0.14150068422028544,0.1428557366722072,0.15949154414013933,0.15985481036008725,0.03439144851837856,0.29069459902657213,0.2918254925898367,0.29225135617510006,0.3695482281138483,0.37197550123399287
bayesfl_observability_v1,vi_update_snr_prune098_keep002_seed42,111,vi,mnist,mlp,0,0,0.1,0.5,300,24,0.05,15,3173,3173,5,256,0.05,42,1,5,5,4.500379677861929,2.2392535246908665,0.008849125355482101,2.2606250643730164,0,15,12,0.85,0.5236565864562989,1537.8622831261541,0.85,0.15000000000000002,0.5236565864562989,0.5236565864562989,0.22656891412734986,0.05479336554408068,0.14334662818908694,0.90475059299469,0.2653925180196762,10000,0.85,0.5236565864562989,0.5236565864562989,0.22656891412734986,0.05479336554408068,0.14334662818908694,0.90475059299469,0.2653925180196762,0.8501,0.5236572708129883,0.5236572708129883,0.2265726152420044,0.0548452493488788,0.14491954297124743,0.9047502369880677,0.26539240899086,0.001,5,0.26539240899086,0.26539212880134583,2.8018951414576776e-07,0.26539212880134583,2.8018951414576776e-07,1.5529669826719328e-08,3.893263290924063e-08,0,,,,,,,,,,,,,,,,,,,,,,,,,,,,,4.170957975953245,0.46169411429553103,3.7788918974116332,4.777848370612314,0.9949177100959049,1086.9850666574637,450.68057091829945,,,2086.292761763393,473.57751720941184,2086.292761763393,473.57751720941184,1086.9850666574637,450.68057091829945,2086.292761763393,473.57751720941184,,,,,,,,,0.05,1e-05,1,product,1.0,,,,,,,,,,,,,,,,,,,,,,,,1.0,,,1,101770,41.7039848496206,0.10335631786172728,0.08004502962845149,0.08606521040201187,0.21471313387155536,0.06577202122655929,0.0032635864579427776,0.048394184559583664,0.06155753992497921,0.0637462418526411,0.06595848500728607,0.06793057173490524,0.06966272592544556,0.07079766131937504,0.08523771911859512,232.92208676521398,23.93077278773489,137.6373748779297,229.85748291015625,263.8988311767578,426.98602294921875,441.3367765773912,-554200.0559184444,-132694.65344614102,1.5808838734638446,1.2404654482302615,4.388125158680462e-05,0.24633800235802378,0.6186602539475555,1.3055788498922127,2.2533805478988302,3.2931714409014976,3.9907977231242677,10.233705279796284,0.32615420122226346,9.70754115021606,-12.169371698667572,2.3160621185230426,10.352286809183168,0.2025744325439717,0.3948413088336445,0.6951852215780682,0.9829812321902329,0.6051586911663555,0.30481477842193183,0.017018767809767122,61587,31021,1732,4.564570511237924,0.0640357956290245,,2.0665827219955735,0.2694610778443114,0.005042546485975417,,,,232.9220733642578,23.93077278137207,41.7039848496206,0.06577201932668686,1,update_snr,0.02,20,100,,,,2036.0,0.0,0.020005895647047262,0.0,0.40491090948689373,0.07474296537691635,0.16438579782836465,0.14895121505723077,0.32280832266433884,1526550,2036.0,30540,0.020005895647047262,12212400,610800,244320,366480,0.9499852608823819,0.8946454866834789,0.40676463866329343,,,1.3987961767267052,,211.53333333333333,219.87265000955037,16.0,855.0,random,,,,,,,,,,,,,,snr_histograms.csv,calibration_bins.csv,0.001,206.06254119873046,216.70525741577148,246.08823013305664,276.7326217651366,-87.15441968039084,-4.170955690186005,7.056690819702137,12.021194315031291,20.20065811162212,690.8902130126953,699.4575784993172,786.9939184188843,1525.313999671936,2159.4322675466537,1686.8287978327182,1690.8404678359832,1712.5456051442802,2664.4254501860746,2744.5672567662145,1686.8287978327182,1690.8404678359832,1712.5456051442802,2664.4254501860746,2744.5672567662145,3.784015044185272,3.807531634390918,4.741027903874814,0.0011268798484717468,0.9934260126151426,0.9935239424967859,0.9958113342715629,0.9958565953049631,0.9958784097062314,690.8902130126953,699.4575784993172,786.9939184188843,1525.313999671936,2159.4322675466537,1686.8287978327182,1690.8404678359832,1712.5456051442802,2664.4254501860746,2744.5672567662145,product,0.9939921195177279,,2036.0,2036.0,2036.0,2036.0,2036.0,0.020005895647047262,0.020005895647047262,0.020005895647047262,0.020005895647047262,0.020005895647047262,0.34326171825393226,0.3438311039123541,0.3444759834868093,0.49154399518822306,0.5224659285771587,0.014779868770899767,0.15145949174512294,0.1518148361185715,0.15306183972243137,0.18317958018162708,0.18399640800740366,0.008514347774872933,0.14073838328937832,0.14142392230138195,0.14337939255514803,0.1603972877981392,0.16231202991560517,0.038014518480019625,0.29097444665465705,0.2912274040447317,0.29236866614343027,0.3698718945151515,0.3709476976654587
bayesfl_observability_v1,vi_update_snr_prune098_keep002_seed42,112,vi,mnist,mlp,0,0,0.1,0.5,300,24,0.05,15,4370,4370,5,256,0.05,42,1,5,5,4.638967625796795,2.329487692564726,0.007683269679546356,2.30904059112072,0,15,13,0.8516,0.5118394046783448,1598.3219191053165,0.8516,0.14839999999999998,0.5118394046783448,0.5118394046783448,0.22356516766548157,0.04929002567529685,0.2549244612455368,0.8998997785568237,0.2806899157047272,10000,0.8516,0.5118394046783448,0.5118394046783448,0.22356516766548157,0.04929002567529685,0.2549244612455368,0.8998997785568237,0.2806899157047272,0.8516,0.5118414823055267,0.5118414823055267,0.2235651155948639,0.04928618716001516,0.25471386313438416,0.8998962062835694,0.28069790592193605,0.001,5,0.28069790592193605,0.28069761419296263,2.917289734227779e-07,0.28069761419296263,2.917289734227779e-07,1.6047526823115278e-08,3.7874579547305814e-08,0,,,,,,,,,,,,,,,,,,,,,,,,,,,,,4.205920325938772,0.49572309280693927,3.780614255839287,4.946858836372518,0.9948861373487712,1160.9516145393584,528.0041258826888,,,2121.850216867813,516.1460200917898,2121.850216867813,516.1460200917898,1160.9516145393584,528.0041258826888,2121.850216867813,516.1460200917898,,,,,,,,,0.05,1e-05,1,product,1.0,,,,,,,,,,,,,,,,,,,,,,,,1.0,,,1,101770,41.981958865612846,0.104029352040781,0.08059905984967528,0.08667901903390884,0.21615965068340315,0.0658462857423242,0.003281488460927044,0.04852555692195892,0.06160502396523952,0.06380722485482693,0.06602245196700096,0.0680194590240717,0.06977153643965721,0.07091159671545028,0.08523771911859512,232.4111545508393,23.964206309867166,137.6373748779297,229.4123077392578,263.4921783447266,424.67718505859375,442.34345893516536,-553972.4910271273,-132580.87100045788,1.5894000348407915,1.2475479984246174,4.388125158680462e-05,0.24691584534617655,0.6224840785771006,1.315929720804983,2.263558126525069,3.309902931594274,4.009806020179457,10.233705279796284,0.35987378268964426,9.739839993252987,-12.149020785359236,2.384653914981696,10.396305151054182,0.20182765058465166,0.39284661491598705,0.6924240935442665,0.9823327110150339,0.607153385084013,0.3075759064557335,0.0176672889849661,61790,31302,1798,4.665951865179991,0.06508571282029152,,2.2978483595335066,0.21533180778032038,0.011212814645308924,,,,232.41114807128906,23.964204788208008,41.981958865612846,0.065846286714077,1,update_snr,0.02,20,100,,,,2036.0,0.0,0.020005895647047262,0.0,0.4102215287820189,0.082334399047955,0.1651987728888735,0.14934920925347536,0.32496904109036695,1526550,2036.0,30540,0.020005895647047262,12212400,610800,244320,366480,0.9499852608823819,0.8381330448692429,0.2895764118235175,,,1.4667031988428507,,291.3333333333333,251.0826335868112,45.0,896.0,random,,,,,,,,,,,,,,snr_histograms.csv,calibration_bins.csv,0.001,205.42034454345702,216.13925170898438,245.61804580688477,276.074543762207,-87.15441968039084,-4.117435046148181,7.09583302154213,12.06246726941846,20.20065811162212,702.8153566837311,706.406251487732,803.7566518783569,1959.8192969767254,2212.3855588674546,1683.5206688048552,1693.2454155004832,1716.6022812227045,2829.0772285607,2911.3016298970733,1683.5206688048552,1693.2454155004832,1716.6022812227045,2829.0772285607,2911.3016298970733,3.791205545809819,3.817956265522856,4.868999508436914,0.0012113111876952678,0.9930483799885834,0.9932495092117228,0.9958373953176993,0.995892661937951,0.9959160946288876,702.8153566837311,706.406251487732,803.7566518783569,1959.8192969767254,2212.3855588674546,1683.5206688048552,1693.2454155004832,1716.6022812227045,2829.0772285607,2911.3016298970733,product,0.9938046459660412,,2036.0,2036.0,2036.0,2036.0,2036.0,0.020005895647047262,0.020005895647047262,0.020005895647047262,0.020005895647047262,0.020005895647047262,0.3427768665457208,0.34304884366859895,0.34449479872048555,0.5267474799598563,0.53359683194046,0.015433218998169676,0.1515656338733911,0.15193950128834918,0.15357932007472833,0.18543394790638137,0.18817524221043624,0.008255738556045061,0.14140431626062108,0.1414396232533314,0.14471948342342017,0.16041805101891604,0.16127066688313982,0.04080435163413506,0.2903845798735408,0.2913619152856791,0.2923907196859613,0.3785019068997289,0.3848666232900269
bayesfl_observability_v1,vi_update_snr_prune098_keep002_seed42,113,vi,mnist,mlp,0,0,0.1,0.5,300,24,0.05,15,2859,2859,5,256,0.05,42,1,5,5,4.470285203307867,2.246886968612671,0.011040031909942627,2.2227181047201157,0,15,11,0.8653,0.46708842391967775,1701.1837692992012,0.8653,0.13470000000000004,0.46708842391967775,0.46708842391967775,0.20413123979568482,0.04079948849529025,0.2508036643266678,0.9059660426139832,0.26659513187408446,10000,0.8653,0.46708842391967775,0.46708842391967775,0.20413123979568482,0.04079948849529025,0.2508036643266678,0.9059660426139832,0.26659513187408446,0.8653,0.46708981442451475,0.46708981442451475,0.20413387286663057,0.04080188230425122,0.25097570319970447,0.9059687505722046,0.2665927821159363,0.001,5,0.2665927821159363,0.2665925187110901,2.634048462124561e-07,0.2665925187110901,2.634048462124561e-07,1.4370465012802924e-08,3.562861069095214e-08,0,,,,,,,,,,,,,,,,,,,,,,,,,,,,,3.921675529736582,0.3292975482829399,3.788126137352868,4.906987363529851,0.99563630006256,907.0123013881579,484.5396339896978,,,1827.0745947931935,348.32101981800224,1827.0745947931935,348.32101981800224,907.0123013881579,484.5396339896978,1827.0745947931935,348.32101981800224,,,,,,,,,0.05,1e-05,1,product,1.0,,,,,,,,,,,,,,,,,,,,,,,,1.0,,,1,101770,42.16838242160576,0.10445220002452493,0.08100740762423618,0.08696161583065987,0.21710197031497963,0.06591595068644965,0.0032837483794494037,0.048229001462459564,0.06167514026165009,0.06388005241751671,0.06609069928526878,0.06808104738593102,0.06984387263655663,0.07097095362842083,0.08523771911859512,231.91896511489074,23.907583183954554,137.6373748779297,228.93875122070312,262.89341125488284,429.9158630371094,443.2791369700229,-553757.0771385176,-132473.16405612952,1.5941940073354555,1.252519620582411,4.388125158680462e-05,0.24421416527255357,0.6230175856259327,1.318676304986934,2.2711660010991976,3.3214470845698396,4.0396884555169645,9.77874454889169,0.36039864864510135,9.798034863653733,-12.24458298885057,2.4027640502619967,10.426546757838613,0.20149356391864007,0.39134322491893486,0.6905374864891421,0.9818807114080771,0.6086567750810652,0.3094625135108578,0.018119288591922963,61943,31494,1844,4.014033521484112,0.06179114989936352,,1.538665932846868,0.43896467296257435,0.0006995452955578874,,,,231.91893005371094,23.907583236694336,42.16838242160576,0.06591594964265823,1,update_snr,0.02,20,100,,,,2036.0,0.0,0.020005895647047262,0.0,0.3661616754558341,0.059050034970369765,0.15563465179150887,0.1432788402039816,0.3014150033315606,1526550,2036.0,30540,0.020005895647047262,12212400,610800,244320,366480,0.9499852608823819,0.8475972088404053,0.3114127661509763,,,1.4551415363117437,,190.6,322.9024207610301,2.0,1255.0,random,,,,,,,,,,,,,,snr_histograms.csv,calibration_bins.csv,0.001,204.99504699707032,215.7483787536621,245.05833435058594,275.5008285522461,-87.15441968039084,-4.10999389083908,7.124977565291784,12.126957453919033,19.805662023181622,691.9060124874115,692.6684716773033,722.4915420532227,1476.9816296386714,2306.25939289093,1686.5884030267177,1688.1547991319671,1691.3812682228895,2206.6516165443445,2861.814710196437,1686.5884030267177,1688.1547991319671,1691.3812682228895,2206.6516165443445,2861.814710196437,3.790215767323102,3.7931844285044103,4.275298993446299,0.0007897830125691957,0.9932440703039526,0.9948141089463448,0.9959428741078428,0.9959498501317401,0.9959538827356391,691.9060124874115,692.6684716773033,722.4915420532227,1476.9816296386714,2306.25939289093,1686.5884030267177,1688.1547991319671,1691.3812682228895,2206.6516165443445,2861.814710196437,product,0.9954590722537339,,2036.0,2036.0,2036.0,2036.0,2036.0,0.020005895647047262,0.020005895647047262,0.020005895647047262,0.020005895647047262,0.020005895647047262,0.3421889340113698,0.34247989008835716,0.3432685005277054,0.43983384027779193,0.5287343670827365,0.00963149031902552,0.15155991731056145,0.15175134078532396,0.15199546706371334,0.16420629679322923,0.1864659417063189,0.004446713927034215,0.14104630818273367,0.14126797438533675,0.14193250528183296,0.14397680810445254,0.1595912815929637,0.026755931402756283,0.2906307620726282,0.2907769983561403,0.2911602385783073,0.33019821048742054,0.38127824408563565
bayesfl_observability_v1,vi_update_snr_prune098_keep002_seed42,114,vi,mnist,mlp,0,0,0.1,0.5,300,24,0.05,15,3474,3474,5,256,0.05,42,1,5,5,4.955446898937225,2.6855920553207397,0.010223988443613052,2.2693182043731213,0,15,12,0.8575,0.47315331950187683,1740.509144100411,0.8575,0.14249999999999996,0.47315331950187683,0.47315331950187683,0.20975466203689574,0.046807221375405744,0.24635213986039162,0.9041101497650147,0.2676510416984558,10000,0.8575,0.47315331950187683,0.47315331950187683,0.20975466203689574,0.046807221375405744,0.24635213986039162,0.9041101497650147,0.2676510416984558,0.8575,0.4731496775150299,0.4731496775150299,0.20975075731277465,0.04680765649378298,0.24630870670080185,0.9041106321334839,0.26764970088005063,0.001,5,0.26764970088005063,0.26764940824508665,2.926349639831294e-07,0.26764940824508665,2.926349639831294e-07,1.6132414572211928e-08,4.029969030276228e-08,0,,,,,,,,,,,,,,,,,,,,,,,,,,,,,4.067997564948318,0.45225664673585136,3.7795208710258716,4.937404068132211,0.9953214328652458,1041.001810572346,570.9731000323688,,,1974.3009226207962,472.36416889938124,1974.3009226207962,472.36416889938124,1041.001810572346,570.9731000323688,1974.3009226207962,472.36416889938124,,,,,,,,,0.05,1e-05,1,product,1.0,,,,,,,,,,,,,,,,,,,,,,,,1.0,,,1,101770,42.38639488830434,0.10498301269649407,0.08143809373428326,0.08727693557739258,0.2182853773236276,0.06599324646569592,0.0032921481300025326,0.048889875411987305,0.06174414865672588,0.06395394168794155,0.06616968661546707,0.06815742701292038,0.06992887407541276,0.07106109336018562,0.08523771911859512,231.38073898934658,23.883085391347823,137.6373748779297,228.39249420166016,262.3061126708985,418.3715515136719,444.32240770775036,-553519.2327624733,-132354.24186808162,1.600346180037403,1.2573324677800684,7.232655781359428e-05,0.24649596515055444,0.6253222825270592,1.3218503403918294,2.280346980384518,3.337264788087722,4.045163618716603,9.77874454889169,0.40535530308806084,9.764830356530773,-12.163803708941169,2.423645743861182,10.467813322515186,0.2006583472536111,0.390331138842488,0.6887884445317873,0.9817038419966592,0.6096688611575121,0.31121155546821266,0.018296158003340866,62046,31672,1862,4.445674879357287,0.07307831756770611,,1.8336985042552865,0.30023028209556707,0.0002878526194588371,,,,231.3807373046875,23.883085250854492,42.38639488830434,0.06599324196577072,1,update_snr,0.02,20,100,,,,2036.0,0.0,0.020005895647047262,0.0,0.3892090432107688,0.0766455316296691,0.16012424787395246,0.1458648262791084,0.3129908237371205,1526550,2036.0,30540,0.020005895647047262,12212400,610800,244320,366480,0.9499852608823819,0.6583752299401725,0.35636437497806966,,,1.6610962049151576,,231.6,291.992876625441,1.0,843.0,random,,,,,,,,,,,,,,snr_histograms.csv,calibration_bins.csv,0.001,204.49699859619142,215.26510620117188,244.4923858642578,274.85641632080075,-82.81404394949398,-4.077921910758888,7.160018696078255,12.13872184932396,19.805662023181622,647.9324262291193,678.6955253267288,739.1810589790344,2096.0981459259983,2197.715463733673,1676.2500390416653,1682.9538705350133,1693.7019024556823,2741.62398037433,2887.0304116624156,1676.2500390416653,1682.9538705350133,1693.7019024556823,2741.62398037433,2887.0304116624156,3.7876064680394674,3.7993245782128087,4.791885877150735,0.001082396647650237,0.9932077218379568,0.9935957739824337,0.9959615792771518,0.9959911974674744,0.9960067358373695,647.9324262291193,678.6955253267288,739.1810589790344,2096.0981459259983,2197.715463733673,1676.2500390416653,1682.9538705350133,1693.7019024556823,2741.62398037433,2887.0304116624156,product,0.9944844819399086,,2036.0,2036.0,2036.0,2036.0,2036.0,0.020005895647047262,0.020005895647047262,0.020005895647047262,0.020005895647047262,0.020005895647047262,0.34251594729679463,0.34277622075263875,0.3436799974203367,0.5216663039292396,0.5299301998515621,0.013719155009695127,0.15112126327835076,0.15148518609377196,0.1520226910301784,0.18190797899723804,0.18732098007653966,0.006957352133196772,0.14042815406599368,0.1408914437918224,0.14219325970339883,0.1572343104186448,0.1610877116988657,0.03668000589711039,0.2899548948039663,0.29050495038195995,0.29142318898360786,0.3707075700387821,0.3834430251441504
bayesfl_observability_v1,vi_update_snr_prune098_keep002_seed42,115,vi,mnist,mlp,0,0,0.1,0.5,300,24,0.05,15,1632,1632,5,256,0.05,42,1,5,5,4.470034431666136,2.097702205181122,0.00987754762172699,2.37156280875206,0,15,12,0.8565,0.4735625958442688,1172.3520505888544,0.8565,0.14349999999999996,0.4735625958442688,0.4735625958442688,0.21274099781513214,0.046926392418146175,0.26294108231862384,0.9027406293869018,0.2683313187122345,10000,0.8565,0.4735625958442688,0.4735625958442688,0.21274099781513214,0.046926392418146175,0.26294108231862384,0.9027406293869018,0.2683313187122345,0.8565,0.47355721392631533,0.47355721392631533,0.212737522649765,0.04692952464222909,0.2628598709901174,0.902743997001648,0.2683267669200897,0.001,5,0.2683267669200897,0.2683264852523804,2.816677093231412e-07,0.2683264852523804,2.816677093231412e-07,1.614103978795356e-08,4.024940911945669e-08,13,0.9587864123512424,0.9305262400954509,0.13338792030881452,0.5,0.8569230769230769,0.9090909090909091,1.0,1.0,1.0,1.0,0.15438070167160511,0.2543518450354567,0.3499598956485431,2.295478355206017e-05,0.06666274174399998,1.2681219577789307,,,0.2543518450354567,,,,,,,,,,3.87089266625723,0.27989251000088766,3.780211832452705,4.917596204771343,0.9958354683370539,795.3372388691372,301.76173231272827,,,1764.4514493120903,292.3905485533686,1764.4514493120903,292.3905485533686,795.3372388691372,301.76173231272827,1764.4514493120903,292.3905485533686,,,,,,,,,0.05,1e-05,1,product,1.0,,,,,,,,,,,,,,,,,,,,,,,,1.0,,,1,101770,42.552154241011095,0.1053414270380059,0.0818237416663243,0.08750880137085915,0.21877279728651053,0.06605139365750105,0.0032827417311801694,0.04847840219736099,0.06181469485163689,0.0640161819756031,0.06623465195298195,0.06821098737418652,0.06996608898043633,0.07108708508312701,0.08523771911859512,230.96163735544798,23.771272735406363,137.6373748779297,227.94469451904297,261.70772094726567,425.5037536621094,445.09750624252837,-553338.1510651781,-132263.70101941386,1.6043654935460272,1.2621524237151966,7.224085418941805e-06,0.24539122266903002,0.625856234047494,1.322802440691973,2.2882559867416763,3.34478037616956,4.06150057864233,9.909304499031286,0.40846614335592013,9.809055178256877,-12.202819513651985,2.429899750459139,10.487352130379819,0.20108086862533164,0.3906750515869117,0.6871966198290262,0.9814090596442959,0.6093249484130884,0.31280338017097375,0.01859094035570404,62011,31834,1892,3.761069410269727,0.056680772453546524,,1.8955559992188526,0.3743872549019608,0.0012254901960784314,,,,230.96165466308594,23.771272659301758,42.552154241011095,0.06605138629674911,1,update_snr,0.02,20,100,,,,2036.0,0.0,0.020005895647047262,0.0,0.35515163524586335,0.04622020915605666,0.15401886939855763,0.14276872900462864,0.29685091236186767,1526550,2036.0,30540,0.020005895647047262,12212400,610800,244320,366480,0.9499852608823819,0.6138267241235489,0.3821847372246125,,,1.6930654147330206,,108.8,147.89509795797832,2.0,611.0,random,,,,,,,,,,,,,,snr_histograms.csv,calibration_bins.csv,0.001,204.27952270507814,214.92718124389648,244.01722717285156,274.118879699707,-102.82434134734319,-4.070508349832233,7.190092145076348,12.173730388784492,19.920863477531526,675.0654109001159,682.0343572235107,724.9733436584472,767.3993776321412,1919.323477021853,1672.1118089066856,1675.615505854687,1686.3564805829292,1701.2636425325002,2858.054256639531,1672.1118089066856,1675.615505854687,1686.3564805829292,1701.2636425325002,2858.054256639531,3.783997892147806,3.796849345735596,3.8127932132306506,0.0006684268107563437,0.9933353700264524,0.9959811810305433,0.9960112994620673,0.9960387482928404,0.9960450841925548,675.0654109001159,682.0343572235107,724.9733436584472,767.3993776321412,1919.323477021853,1672.1118089066856,1675.615505854687,1686.3564805829292,1701.2636425325002,2858.054256639531,product,0.9960861850663029,0.3499598956485431,2036.0,2036.0,2036.0,2036.0,2036.0,0.020005895647047262,0.020005895647047262,0.020005895647047262,0.020005895647047262,0.020005895647047262,0.3418028166873308,0.3419515187837233,0.34281708357127944,0.34414465813851525,0.528074854296032,0.008680196022341869,0.150991264236001,0.1511792068052362,0.15177125764054547,0.15245702574418038,0.186459963354964,0.004689632579513669,0.14067070132313045,0.14074532874228252,0.14149796994686314,0.14245852510099954,0.16019282443660568,0.022797691501427124,0.2898031232052149,0.28999503576254004,0.29084471487924735,0.29200299582454703,0.3821199665547135
bayesfl_observability_v1,vi_update_snr_prune098_keep002_seed42,116,vi,mnist,mlp,0,0,0.1,0.5,300,24,0.05,15,3801,3801,5,256,0.05,42,1,5,5,4.643721908330917,2.487934112548828,0.008707921952009201,2.1553547494113445,0,15,13,0.8395,0.5422356178760529,1937.6119282205811,0.8395,0.16049999999999998,0.5422356178760529,0.5422356178760529,0.2405853420495987,0.0592594656676054,0.15150566813119914,0.8984535746574401,0.2822084267616272,10000,0.8395,0.5422356178760529,0.5422356178760529,0.2405853420495987,0.0592594656676054,0.15150566813119914,0.8984535746574401,0.2822084267616272,0.8394,0.5422430925130844,0.5422430925130844,0.24058758308887482,0.059158674505352955,0.15123972639186467,0.8984531637191773,0.28220968775749206,0.001,5,0.28220968775749206,0.28220939087867736,2.9687881469842026e-07,0.28220939087867736,2.9687881469842026e-07,1.6441259106159124e-08,3.783370859548111e-08,0,,,,,,,,,,,,,,,,,,,,,,,,,,,,,4.042894563109512,0.41619560674366585,3.783737257124533,4.916438045462614,0.9954703847542893,1048.9060740848215,592.3241158540833,,,1941.5781842227739,434.5985783162203,1941.5781842227739,434.5985783162203,1048.9060740848215,592.3241158540833,1941.5781842227739,434.5985783162203,,,,,,,,,0.05,1e-05,1,product,1.0,,,,,,,,,,,,,,,,,,,,,,,,1.0,,,1,101770,42.75981901315154,0.1058931963921267,0.08217453119950972,0.08802945911884308,0.21995067000389099,0.06613041516479445,0.003298698096433924,0.04847840219736099,0.06189444698393345,0.06407683715224266,0.06630270928144455,0.06830018945038319,0.07006224319338798,0.07120950780808924,0.08523771911859512,230.42187061143014,23.78949627647849,137.6373748779297,227.4769744873047,261.0337249755859,425.5037536621094,446.17120229757836,-553096.5787735981,-132142.91487359809,1.6107698561007704,1.2659143149464986,7.224085418941805e-06,0.2460866480721333,0.6296838099567521,1.3285649981751797,2.296567696589175,3.3558527893589507,4.075110882754095,10.3086404540959,0.4502255032802907,9.797289067072338,-12.17823898476709,2.4676561302403837,10.516058028925285,0.2001670433330058,0.3879925321804068,0.685408273558023,0.9808489731748059,0.6120074678195933,0.314591726441977,0.019151026825194064,62284,32016,1949,4.448525892546359,0.0765291377902031,,1.7250522882106807,0.3704288345172323,0.00026308866087871614,,,,230.42185974121094,23.78949546813965,42.75981901315154,0.06613041460514069,1,update_snr,0.02,20,100,,,,2036.0,0.0,0.020005895647047262,0.0,0.38586310072431435,0.07298124702899425,0.1587616727981113,0.14462486582967285,0.3102993795504705,1526550,2036.0,30540,0.020005895647047262,12212400,610800,244320,366480,0.9499852608823819,0.5678953551049181,0.4555924717698143,,,1.7540925794857538,,253.4,398.45799444023373,1.0,1408.0,random,,,,,,,,,,,,,,snr_histograms.csv,calibration_bins.csv,0.001,203.71917266845705,214.36613845825195,243.55543899536133,273.5418914794921,-102.82434134734319,-4.0175494606682545,7.221585035303429,12.202788583728253,20.264027850351333,668.4881032086909,675.239031867981,719.310828781128,2083.929464770953,2341.888928834597,1672.6972929934968,1677.7391563341628,1689.3250441528924,2691.3573578386345,2854.9421478267436,1672.6972929934968,1677.7391563341628,1689.3250441528924,2691.3573578386345,2854.9421478267436,3.789498058568979,3.8035212549267916,4.768736148888573,0.0009731261296784613,0.9933871931137647,0.9937770196216328,0.9960310669633046,0.9960570752545393,0.99606980732943,668.4881032086909,675.239031867981,719.310828781128,2083.929464770953,2341.888928834597,1672.6972929934968,1677.7391563341628,1689.3250441528924,2691.3573578386345,2854.9421478267436,product,0.9945737799634916,,2036.0,2036.0,2036.0,2036.0,2036.0,0.020005895647047262,0.020005895647047262,0.020005895647047262,0.020005895647047262,0.020005895647047262,0.3416501476721541,0.3416831625745911,0.3425825621779523,0.5099061371344475,0.5290771783083026,0.012400100419009283,0.15092427177733506,0.15133610090184357,0.15192964316052135,0.18106249567858548,0.18600212346460568,0.00640518092594557,0.13948618541274097,0.1409200504716322,0.141630036294634,0.15624861059924472,0.15974235001501708,0.03392593251083389,0.28988600250224356,0.2899645233471529,0.2904554767307027,0.3696757345573676,0.3808571373425145
bayesfl_observability_v1,vi_update_snr_prune098_keep002_seed42,117,vi,mnist,mlp,0,0,0.1,0.5,300,24,0.05,15,3983,3983,5,256,0.05,42,1,5,5,5.086027812212706,2.9164818078279495,0.008470844477415085,2.1691338196396828,0,15,13,0.8217,0.615293563079834,1854.0983422810525,0.8217,0.17830000000000001,0.615293563079834,0.615293563079834,0.26578573038578035,0.07864896753132344,0.24803303182125092,0.9002497575759888,0.27476349601745603,10000,0.8217,0.615293563079834,0.615293563079834,0.26578573038578035,0.07864896753132344,0.24803303182125092,0.9002497575759888,0.27476349601745603,0.8216,0.6152765984535218,0.6152765984535218,0.26577994222640994,0.07874730610847472,0.24815507233142853,0.9002480641365052,0.27476453142166135,0.001,5,0.27476453142166135,0.2747642457962036,2.856254577299211e-07,0.2747642457962036,2.856254577299211e-07,1.6375249197153608e-08,3.823041030342264e-08,0,,,,,,,,,,,,,,,,,,,,,,,,,,,,,4.0574992087896335,0.4333383993035518,3.7816678132147454,4.918844301734599,0.9954779569857258,1050.3462359435293,577.8316726524594,,,1951.2040472291753,450.91232222901294,1951.2040472291753,450.91232222901294,1050.3462359435293,577.8316726524594,1951.2040472291753,450.91232222901294,,,,,,,,,0.05,1e-05,1,product,1.0,,,,,,,,,,,,,,,,,,,,,,,,1.0,,,1,101770,42.97530060697019,0.1064270569083709,0.08258834356890901,0.08850277587771416,0.22086223214864745,0.06620665950506817,0.00331254841070984,0.048997145146131516,0.061949906125664714,0.06413906440138817,0.06638125702738762,0.06838265247642994,0.07016287595033646,0.07132536694407463,0.08523771911859512,229.9010215151295,23.789325296154775,137.6373748779297,226.93895721435547,260.5665618896485,416.5416564941406,447.20737566876716,-552863.5235378675,-132026.38725570773,1.6170781462825135,1.2709881539803298,7.224085418941805e-06,0.24629516060872964,0.6325744317436521,1.334432740815633,2.3068323598008744,3.3713937500637163,4.095742982886235,10.257087661729816,0.4768985947685113,9.810015731852358,-12.170882431068604,2.5059337701994115,10.556189545941493,0.19959713078510366,0.38585044708656774,0.6836985359143166,0.9806622776849759,0.6141495529134322,0.3163014640856834,0.019337722315024074,62502,32190,1968,4.4280620887540305,0.06402243860065937,,1.859682577286289,0.3163444639718805,0.0005021340697966357,,,,229.90101623535156,23.789325714111328,42.97530060697019,0.0662066638469696,1,update_snr,0.02,20,100,,,,2036.0,0.0,0.020005895647047262,0.0,0.38658676811755716,0.07437297771246369,0.1591585596300148,0.14499432448081911,0.31141783891697333,1526550,2036.0,30540,0.020005895647047262,12212400,610800,244320,366480,0.9499852608823819,0.9601511246377995,0.32651196228971285,,,1.350735872419739,,265.53333333333336,378.36752268425766,2.0,1260.0,random,,,,,,,,,,,,,,snr_histograms.csv,calibration_bins.csv,0.001,203.1352340698242,213.8494415283203,243.08310317993164,273.2217315673828,-102.82434134734319,-3.9777673209002877,7.260320699560981,12.246653915765288,20.22048134420109,663.0594025611878,681.7869320249557,727.4019926071167,2071.799710844358,2319.0854082489013,1666.990788953686,1674.6865034710831,1681.9277881682565,2702.5467866317736,2848.6654286691287,1666.990788953686,1674.6865034710831,1681.9277881682565,2702.5467866317736,2848.6654286691287,3.7903263127230495,3.7993614878639352,4.784206706893336,0.0010039588583239478,0.9934419924645603,0.993798299790578,0.9960720068342351,0.996090756232141,0.996112951421079,663.0594025611878,681.7869320249557,727.4019926071167,2071.799710844358,2319.0854082489013,1666.990788953686,1674.6865034710831,1681.9277881682565,2702.5467866317736,2848.6654286691287,product,0.9946775330820803,,2036.0,2036.0,2036.0,2036.0,2036.0,0.020005895647047262,0.020005895647047262,0.020005895647047262,0.020005895647047262,0.020005895647047262,0.34129004396118656,0.3413664068100903,0.3423799436926383,0.5131968155102028,0.526521205740787,0.012918860894920975,0.15060904734778063,0.15122835563519899,0.15168419162080482,0.18139919084359396,0.18592242370481898,0.006410628611920952,0.14029919853171574,0.1410533099967041,0.1418834328551123,0.156673098818547,0.15984836011855846,0.035572500905932045,0.2889367982821646,0.2893579330163352,0.2905960142785053,0.37109885677039717,0.3816724887610335
bayesfl_observability_v1,vi_update_snr_prune098_keep002_seed42,118,vi,mnist,mlp,0,0,0.1,0.5,300,24,0.05,15,2655,2655,5,256,0.05,42,1,5,5,4.222080521285534,2.122224196791649,0.009885899722576141,2.09923480078578,0,15,11,0.8555,0.49408716521263124,2028.794674819785,0.8555,0.14449999999999996,0.49408716521263124,0.49408716521263124,0.2176612329006195,0.05259048972427843,0.1949220448732376,0.9080904865264893,0.25667946906089784,10000,0.8555,0.49408716521263124,0.49408716521263124,0.2176612329006195,0.05259048972427843,0.1949220448732376,0.9080904865264893,0.25667946906089784,0.8555,0.49408551654815674,0.49408551654815674,0.21765863471031188,0.05258911554515364,0.194808229804039,0.9080891238212585,0.2566835896015167,0.001,5,0.2566835896015167,0.25668331542015077,2.741813659445924e-07,0.25668331542015077,2.741813659445924e-07,1.51984459833443e-08,3.739827993931712e-08,0,,,,,,,,,,,,,,,,,,,,,,,,,,,,,3.9072328410971706,0.2856712222295863,3.781757505567313,4.8096333290683635,0.9958711285813476,912.254194855359,536.8282471737627,,,1793.9326836067376,302.7772916481679,1793.9326836067376,302.7772916481679,912.254194855359,536.8282471737627,1793.9326836067376,302.7772916481679,,,,,,,,,0.05,1e-05,1,product,1.0,,,,,,,,,,,,,,,,,,,,,,,,1.0,,,1,101770,43.15661950293453,0.10690441904815148,0.08290027368377575,0.0889466404914856,0.22196486294269596,0.06627826361141025,0.0033207176177713444,0.048997145146131516,0.06201096996665001,0.06420024670660496,0.06645165756344795,0.06845111586153507,0.07024328410625458,0.07140633463859558,0.08523771911859512,229.40863030152434,23.75927670252028,137.6373748779297,226.45835876464844,260.0536590576172,416.5416564941406,448.17832792938435,-552644.1638267234,-131916.70740011215,1.6226178703325453,1.2745974385260528,7.224085418941805e-06,0.25044536489687436,0.631206148415205,1.3417588736582817,2.31480335745146,3.377318386186741,4.105546311684095,10.05174365853311,0.5206459259977128,9.776676298851282,-12.025740031867684,2.553489522074189,10.571440086527979,0.19921391372703154,0.3845435786577577,0.682057580819495,0.980475582195146,0.6154564213422423,0.3179424191805051,0.01952441780485408,62635,32357,1987,4.026795219049078,0.06323393620550632,,1.2606791834729212,0.4915254237288136,0.0003766478342749529,,,,229.40863037109375,23.75927734375,43.15661950293453,0.06627826392650604,1,update_snr,0.02,20,100,,,,2036.0,0.0,0.020005895647047262,0.0,0.36258536788514656,0.05418798823251002,0.15419972800202378,0.14206848232181485,0.2985256653560705,1526550,2036.0,30540,0.020005895647047262,12212400,610800,244320,366480,0.9499852608823819,0.519221728466854,0.40258182244572194,,,1.7729900532071656,,177.0,372.51487666042726,1.0,1305.0,random,,,,,,,,,,,,,,snr_histograms.csv,calibration_bins.csv,0.001,202.6704315185547,213.42186737060547,242.6199951171875,272.61076354980463,-102.82434134734319,-3.9965755895698494,7.290282071625085,12.267419108948488,20.0448280920366,662.5256566524506,671.9832246184349,692.4044438362122,1659.6525316143031,2355.9600415507953,1663.7822250274046,1666.7105136030402,1675.9457321953341,2101.2738588112625,2737.3535355687827,1663.7822250274046,1666.7105136030402,1675.9457321953341,2101.2738588112625,2737.3535355687827,3.7862137254965607,3.7965267596441783,4.188864408426055,0.0006487631788826312,0.9937968526142686,0.9952603126573153,0.9961205043574778,0.9961438822495173,0.996150276751695,662.5256566524506,671.9832246184349,692.4044438362122,1659.6525316143031,2355.9600415507953,1663.7822250274046,1666.7105136030402,1675.9457321953341,2101.2738588112625,2737.3535355687827,product,0.995637441008672,,2036.0,2036.0,2036.0,2036.0,2036.0,0.020005895647047262,0.020005895647047262,0.020005895647047262,0.020005895647047262,0.020005895647047262,0.34034368362654494,0.3410578564891006,0.34182107715543386,0.4243650747566558,0.5199176005360662,0.007627073369285472,0.1506845422042517,0.1507260950961145,0.15129409605641697,0.16032331971209762,0.17990663791693384,0.003123030901635777,0.13868816909504056,0.14057177968439608,0.1410820498532484,0.14434281296908666,0.15244738632786448,0.023184904706072623,0.2884050697343869,0.2888834015205661,0.28954899699851644,0.3208021624828426,0.37158751563796727
bayesfl_observability_v1,vi_update_snr_prune098_keep002_seed42,119,vi,mnist,mlp,0,0,0.1,0.5,300,24,0.05,15,2747,2747,5,256,0.05,42,1,5,5,4.257637307047844,2.246736753731966,0.007687047123908997,2.0104611925780773,0,15,12,0.8745,0.433070601940155,1722.0845085219553,0.8745,0.12549999999999994,0.433070601940155,0.433070601940155,0.18730084700584412,0.03860849579423666,0.1254782231670185,0.9131084930419922,0.24539540491104125,10000,0.8745,0.433070601940155,0.433070601940155,0.18730084700584412,0.03860849579423666,0.1254782231670185,0.9131084930419922,0.24539540491104125,0.8746,0.43307440423965454,0.43307440423965454,0.1873029586315155,0.03850629920214413,0.12546889785165094,0.9131063170433045,0.24539900703430176,0.001,5,0.24539900703430176,0.24539875049591064,2.565383911135033e-07,0.24539875049591064,2.565383911135033e-07,1.4231517593543686e-08,3.669601766354507e-08,0,,,,,,,,,,,,,,,,,,,,,,,,,,,,,4.040455939099848,0.40237589199867474,3.7891379601285555,4.763986275403438,0.9956050434547693,966.2677831579844,469.66901249763544,,,1920.1012536579776,407.79982955217235,1920.1012536579776,407.79982955217235,966.2677831579844,469.66901249763544,1920.1012536579776,407.79982955217235,,,,,,,,,0.05,1e-05,1,product,1.0,,,,,,,,,,,,,,,,,,,,,,,,1.0,,,1,101770,43.34517689143748,0.10736932721286475,0.08326527808016021,0.08929070457816124,0.22315996736288077,0.06634848808286418,0.0033275591154731795,0.04889482259750366,0.06206631511449814,0.06427429430186749,0.06651446595788002,0.06852767057716846,0.0703279085457325,0.07148861959576606,0.08523771911859512,228.92631535634575,23.726459773375066,137.6373748779297,226.03089141845703,259.59006958007814,418.2868957519531,449.1308063562656,-552429.0988034758,-131809.17488846523,1.6279353020193588,1.2787105485517187,7.224085418941805e-06,0.25052610451310414,0.6330623346347664,1.3453186084267283,2.324343206082973,3.3895762565565613,4.118595291928376,10.436706118898385,0.5496676628871634,9.769650738276674,-12.022940309256514,2.576502987465707,10.602908176769544,0.19888965313943205,0.3830303625822934,0.6802692345484918,0.9802299302348433,0.6169696374177066,0.3197307654515083,0.019770069765156727,62789,32539,2012,4.273116330186435,0.06158711016178131,,1.5975032592757972,0.45686203130688025,0.00036403349108117945,,,,228.92633056640625,23.726459503173828,43.34517689143748,0.06634848564863205,1,update_snr,0.02,20,100,,,,2036.0,0.0,0.020005895647047262,0.0,0.381492941864586,0.06615998205760619,0.158644377839933,0.14495154838562624,0.3094124295367035,1526550,2036.0,30540,0.020005895647047262,12212400,610800,244320,366480,0.9499852608823819,0.7316890946202127,0.4817441913335567,,,1.557669539160158,,183.13333333333333,311.39810889313736,1.0,1255.0,random,,,,,,,,,,,,,,snr_histograms.csv,calibration_bins.csv,0.001,202.1829818725586,212.9453010559082,242.06130981445312,271.8606384277344,-102.82434134734319,-3.9710704994213257,7.326005097750601,12.294982372418504,20.371269091904658,671.831951713562,683.223513584137,712.3669525146485,1507.63307472229,2295.271401634216,1666.6877436442348,1670.0984614021074,1676.6700744710745,2607.5115437092313,2643.9630016044753,1666.6877436442348,1670.0984614021074,1676.6700744710745,2607.5115437092313,2643.9630016044753,3.7936058564266486,3.8008137954384495,4.7294649253864325,0.0009055670588897978,0.9939612737158972,0.9940520291329119,0.9961418610016132,0.9961607646825434,0.9961654991686338,671.831951713562,683.223513584137,712.3669525146485,1507.63307472229,2295.271401634216,1666.6877436442348,1670.0984614021074,1676.6700744710745,2607.5115437092313,2643.9630016044753,product,0.9951289254006699,,2036.0,2036.0,2036.0,2036.0,2036.0,0.020005895647047262,0.020005895647047262,0.020005895647047262,0.020005895647047262,0.020005895647047262,0.3409947703208789,0.34110665542582086,0.3417796848279889,0.48865319397519075,0.5000692226115052,0.012585182442654426,0.15082944113896316,0.1509141443052097,0.15126178241501728,0.18131171717746633,0.18276084360829942,0.00727796574607876,0.1402711142623605,0.14045392806495524,0.14139238148914934,0.15869706857306468,0.16071415126768654,0.03280540888473029,0.2887786085130317,0.2893565459575189,0.28994001301819305,0.366003716301553,0.3693466102270173
bayesfl_observability_v1,vi_update_snr_prune098_keep002_seed42,120,vi,mnist,mlp,0,0,0.1,0.5,300,24,0.05,15,2938,2938,5,256,0.05,42,1,5,5,5.413537122309208,3.23075719922781,0.007620353251695633,2.1823179721832275,0,15,10,0.8605,0.4795808961391449,1598.248762571205,0.8605,0.13949999999999996,0.4795808961391449,0.4795808961391449,0.2105278080224991,0.050260185018181754,0.26392287015914917,0.9107601813316345,0.24940711040496827,10000,0.8605,0.4795808961391449,0.4795808961391449,0.2105278080224991,0.050260185018181754,0.26392287015914917,0.9107601813316345,0.24940711040496827,0.8605,0.47957397577762606,0.47957397577762606,0.21052851057052613,0.0502590678274632,0.2637985050678253,0.9107590736389161,0.24940460224151612,0.001,5,0.24940460224151612,0.24940433135032652,2.708911895910049e-07,0.24940433135032652,2.708911895910049e-07,1.5577967727153918e-08,3.964856945942992e-08,13,0.9345962995094098,0.952106446300328,0.053094279592538235,0.8461538461538461,0.8676587301587301,0.9333333333333333,0.9565217391304348,1.0,1.0,1.0,0.16821785445240148,0.11507396891668736,0.09876051043810558,0.003558605909347534,0.10136752543242081,0.3108587631812462,,,0.11507396891668736,,,,,,,,,,3.966811871879987,0.3344602755986244,3.7865121739382803,4.742029977106129,0.9958103389907199,925.0093616762425,455.92763640258045,,,1842.2958334298862,339.6090963945784,1842.2958334298862,339.6090963945784,925.0093616762425,455.92763640258045,1842.2958334298862,339.6090963945784,,,,,,,,,0.05,1e-05,1,product,1.0,,,,,,,,,,,,,,,,,,,,,,,,1.0,,,1,101770,43.53609494125569,0.10782959731782917,0.08364833566391484,0.08962858095765114,0.22369618266820912,0.06641907281800262,0.003336658266007965,0.048100363463163376,0.06211487017571926,0.06434134021401405,0.06658125668764114,0.06859673373401165,0.07041018754243851,0.07157378382980822,0.08523771911859512,228.44611840950455,23.720108696998707,137.6373748779297,225.57762145996094,259.18438110351565,432.21844482421875,450.0907011833509,-552213.556745251,-131701.40385932982,1.6331957310652598,1.2832920675583241,7.224085418941805e-06,0.2514953629838462,0.6347905004917933,1.3482595986131694,2.330460952907273,3.397692776836143,4.136512941429577,10.845778609229177,0.5845731749085471,9.742093362250928,-11.989400361496207,2.5954704148316443,10.623682137577099,0.19803478431757884,0.38305984081752975,0.6793062788641053,0.9800825390586617,0.6169401591824702,0.32069372113589467,0.01991746094133831,62786,32637,2027,4.079843520835307,0.0585645604878664,,1.591989756358092,0.5034036759700476,0.0013614703880190605,,,,228.4461212158203,23.720108032226562,43.53609494125569,0.0664190724492073,1,update_snr,0.02,20,100,,,,2036.0,0.0,0.020005895647047262,0.0,0.36962852255113166,0.05739691316942877,0.1560999001146088,0.14344957351087656,0.3028226824103506,1526550,2036.0,30540,0.020005895647047262,12212400,610800,244320,366480,0.9499852608823819,0.7516475616559678,0.3566315757076843,,,1.5507974276249734,,195.86666666666667,311.2953295862664,3.0,1305.0,random,,,,,,,,,,,,outputs/sparse_comm_mnist_noniid_unbalanced/vi_update_snr_prune098_keep002_seed42/posterior_snapshots/round_0120.pt,,snr_histograms.csv,calibration_bins.csv,0.001,201.7107376098633,212.5167350769043,241.55709075927734,271.45509948730466,-102.82434134734319,-3.947391620358477,7.348836603919734,12.332687747286341,20.705214702023767,675.3361917853356,677.1701569366455,725.5152418136597,1471.0447583651544,2338.1634587446847,1660.9854348435892,1663.5552061778872,1677.873849356089,2485.5937004970647,2615.054422309067,1660.9854348435892,1663.5552061778872,1677.873849356089,2485.5937004970647,2615.054422309067,3.789663532764512,3.806461588401099,4.591876405315863,0.0007438308244684481,0.9940696903623781,0.9944307380181587,0.9961670755766004,0.9961992124263125,0.996207797641132,675.3361917853356,677.1701569366455,725.5152418136597,1471.0447583651544,2338.1634587446847,1660.9854348435892,1663.5552061778872,1677.873849356089,2485.5937004970647,2615.054422309067,product,0.9955993715759679,0.09876051043810558,2036.0,2036.0,2036.0,2036.0,2036.0,0.020005895647047262,0.020005895647047262,0.020005895647047262,0.020005895647047262,0.020005895647047262,0.34038679681842227,0.3405788663179925,0.3411442347162011,0.48321089496836783,0.48838718789353236,0.01024640634167113,0.15042768561231784,0.15058572095642309,0.15144509775579748,0.17369654031620846,0.18153199376749546,0.00602086410286731,0.13850402555429037,0.1398565774410249,0.14130831087611362,0.15254067433753496,0.15879408047544563,0.027651238236280386,0.28839061774710006,0.2888927439230259,0.28946138829571183,0.3541827239777511,0.36739452799855477
bayesfl_observability_v1,vi_update_snr_prune098_keep002_seed42,121,vi,mnist,mlp,0,0,0.1,0.5,300,24,0.05,15,2991,2991,5,256,0.05,42,1,5,5,5.084152355790138,2.9724645912647247,0.013340465724468231,2.110915295779705,0,15,14,0.8512,0.5141880622863769,1699.8818690056116,0.8512,0.14880000000000004,0.5141880622863769,0.5141880622863769,0.22197927687764168,0.056398097625374774,0.24521294236183167,0.907598093509674,0.258645885848999,10000,0.8512,0.5141880622863769,0.5141880622863769,0.22197927687764168,0.056398097625374774,0.24521294236183167,0.907598093509674,0.258645885848999,0.8512,0.5141729099273682,0.5141729099273682,0.22197440057992934,0.05639765306115145,0.2451184093952179,0.9075976652145386,0.25864895749092104,0.001,5,0.25864895749092104,0.2586486764907837,2.8100013732546003e-07,0.2586486764907837,2.8100013732546003e-07,1.5461422032103655e-08,3.9665218684912206e-08,0,,,,,,,,,,,,,,,,,,,,,,,,,,,,,4.024466789509174,0.38373142055347914,3.7788183816341787,4.733210725049131,0.9957161458764204,960.5215062616268,472.9959647633242,,,1896.539260078103,387.0381979480281,1896.539260078103,387.0381979480281,960.5215062616268,472.9959647633242,1896.539260078103,387.0381979480281,,,,,,,,,0.05,1e-05,1,product,1.0,,,,,,,,,,,,,,,,,,,,,,,,1.0,,,1,101770,43.741908642634705,0.10835008328595956,0.08402994408909642,0.09006740897893906,0.22512390315532685,0.06649245748967533,0.0033445028509807317,0.047877032309770584,0.062200551852583885,0.0644021388143301,0.06665898114442825,0.06868148036301136,0.07049454227089882,0.07166293635964394,0.08523771911859512,227.94595536731183,23.690001057286487,137.6373748779297,225.05189514160156,258.47081298828124,436.2601623535156,451.08866593978547,-551989.3946561456,-131589.32281475313,1.6391547146500152,1.2874227184124558,7.224085418941805e-06,0.25269496035109973,0.6370601090626846,1.3547943538590044,2.3368813375544186,3.4115010318021772,4.1497738299720694,10.358501096578088,0.6221258347857623,9.72942208218546,-11.94806839603506,2.637467560768875,10.658910138588451,0.19720939373096197,0.38196914611378596,0.67788149749435,0.9796403655301169,0.618030853886214,0.32211850250565,0.020359634469883068,62897,32782,2072,4.259643765778811,0.06113158166408539,,1.822177879999597,0.47074557004346373,0.0010030090270812437,,,,227.94595336914062,23.69000244140625,43.741908642634705,0.06649245321750641,1,update_snr,0.02,20,100,,,,2036.0,0.0,0.020005895647047262,0.0,0.37906367444987465,0.06401547525997926,0.15765321399010865,0.144094096833636,0.3075081775061207,1526550,2036.0,30540,0.020005895647047262,12212400,610800,244320,366480,0.9499852608823819,0.7110241472424601,0.32028758676395885,,,1.5714701659267576,,199.4,339.27231933458216,3.0,1408.0,random,,,,,,,,,,,,,,snr_histograms.csv,calibration_bins.csv,0.001,201.22827758789063,211.99260711669922,241.10121536254883,270.8216918945312,-102.82434134734319,-3.916391769218281,7.372733205580568,12.360488550214606,20.305938327140698,667.19705542624,676.7107171893119,702.842945098877,1472.5623232650755,2324.1765529632567,1650.1140893588483,1660.3556724313803,1668.1269681648,2587.822347578127,2600.127793035412,1650.1140893588483,1660.3556724313803,1668.1269681648,2587.822347578127,2600.127793035412,3.7906448696730335,3.7991392885178157,4.721013591820023,0.0008477626466365286,0.994135818762157,0.9941704589925895,0.9962094049190195,0.9962281142135281,0.9962542235482196,667.19705542624,676.7107171893119,702.842945098877,1472.5623232650755,2324.1765529632567,1650.1140893588483,1660.3556724313803,1668.1269681648,2587.822347578127,2600.127793035412,product,0.9952471479011442,,2036.0,2036.0,2036.0,2036.0,2036.0,0.020005895647047262,0.020005895647047262,0.020005895647047262,0.020005895647047262,0.020005895647047262,0.33993734142433907,0.3402656247264583,0.34045903132103794,0.48614803977939763,0.4876869342469843,0.011987601660494136,0.14983703881253443,0.15048756430502613,0.15093758043498307,0.18045677314764202,0.1810356872083369,0.007099811895743538,0.13921769692165298,0.13966922305823293,0.14085053652065696,0.1581175139274768,0.15853512525180197,0.03148982216782194,0.28837033414965074,0.2884210423220747,0.28898888228716285,0.3650490845478952,0.36578058767698696
bayesfl_observability_v1,vi_update_snr_prune098_keep002_seed42,122,vi,mnist,mlp,0,0,0.1,0.5,300,24,0.05,15,2547,2547,5,256,0.05,42,1,5,5,5.1798193752765656,2.9851649031043053,0.008587412536144257,2.194077666848898,0,15,12,0.8416,0.5547200185775757,1572.6260217795239,0.8416,0.15839999999999999,0.5547200185775757,0.5547200185775757,0.24115414185523987,0.06522230175733572,0.23362061381340027,0.9068222980499268,0.25920488471984865,10000,0.8416,0.5547200185775757,0.5547200185775757,0.24115414185523987,0.06522230175733572,0.23362061381340027,0.9068222980499268,0.25920488471984865,0.8415,0.5547112058639526,0.5547112058639526,0.24115093826055528,0.06532117991745476,0.23383026321729025,0.9068211906433106,0.25920819091796876,0.001,5,0.25920819091796876,0.25920791149139405,2.7942657471191623e-07,0.25920791149139405,2.7942657471191623e-07,1.5676643243978107e-08,3.85609404778765e-08,0,,,,,,,,,,,,,,,,,,,,,,,,,,,,,3.978210484928684,0.3570679836465581,3.7904483921476726,4.746062518612582,0.9958587294867082,907.9276315881215,438.88947834922726,,,1845.5071658738639,361.10455494557556,1845.5071658738639,361.10455494557556,907.9276315881215,438.88947834922726,1845.5071658738639,361.10455494557556,,,,,,,,,0.05,1e-05,1,product,1.0,,,,,,,,,,,,,,,,,,,,,,,,1.0,,,1,101770,43.92718005839482,0.10878915301255954,0.0844114510340881,0.0903763547539711,0.22591560035943994,0.0665628910774102,0.0033494879250548994,0.047877032309770584,0.062262012809515,0.06447650119662285,0.06672998145222664,0.0687603335827589,0.07056767866015434,0.07173173315823078,0.08523771911859512,227.46580971890916,23.65831142777963,137.6373748779297,224.5732421875,257.960791015625,436.2601623535156,452.04580623648593,-551774.1617360904,-131481.70635470256,1.644027890345689,1.2917850758047535,7.224085418941805e-06,0.25375081221074663,0.6395561668362109,1.3577188600587347,2.345280233407689,3.417842199812509,4.165485502338069,10.358501096578088,0.648958723850976,9.718607047581724,-11.91185118165142,2.6561970145558975,10.675040153282751,0.19669843765353248,0.3819887982706102,0.6753267171072025,0.9790311486685663,0.6180112017293898,0.3246732828927975,0.020968851331433624,62895,33042,2134,4.116570859615584,0.05853423476219177,,1.7895709233356327,0.4499411071849234,0.0007852375343541421,,,,227.46578979492188,23.65831184387207,43.92718005839482,0.06656289845705032,1,update_snr,0.02,20,100,,,,2036.0,0.0,0.020005895647047262,0.0,0.37035521084728684,0.06026100699744438,0.15611515689325378,0.14341743978999552,0.3030569863589526,1526550,2036.0,30540,0.020005895647047262,12212400,610800,244320,366480,0.9499852608823819,0.840508721412238,0.47835402503255336,,,1.4659134991096023,,169.8,268.6202275828585,2.0,1094.0,random,,,,,,,,,,,,,,snr_histograms.csv,calibration_bins.csv,0.001,200.81138305664064,211.50666427612305,240.54541397094727,270.16579589843724,-102.82434134734319,-3.8824261816013905,7.403894862461912,12.393312544436274,20.305938327140698,658.7782000541687,667.6289083766937,712.5346855163574,1430.2825400877,2265.9277963256836,1656.2222278803038,1658.128427474235,1666.2150439383513,2554.137158384464,2607.918849248443,1656.2222278803038,1658.128427474235,1666.2150439383513,2554.137158384464,2607.918849248443,3.792345928328848,3.8014664092374133,4.674597622279728,0.0007800197498619156,0.9941747648844059,0.9943393814588487,0.9962451108921191,0.9962635579455158,0.9962653581004334,658.7782000541687,667.6289083766937,712.5346855163574,1430.2825400877,2265.9277963256836,1656.2222278803038,1658.128427474235,1666.2150439383513,2554.137158384464,2607.918849248443,product,0.9955992210056959,,2036.0,2036.0,2036.0,2036.0,2036.0,0.020005895647047262,0.020005895647047262,0.020005895647047262,0.020005895647047262,0.020005895647047262,0.3388967197866554,0.3397360616484029,0.34050201762912397,0.48812867306062746,0.49674170682296565,0.01085444137694425,0.150275439850421,0.15038181671075512,0.15087828275989953,0.17652989043495976,0.18105638355992304,0.005795327451703977,0.14010070802223457,0.14028660268230642,0.14107666979013878,0.15264852351536765,0.158044022071897,0.02907001939923086,0.2879380221376348,0.2880766879298146,0.28865583216881696,0.3594976739249738,0.3664145836951103
bayesfl_observability_v1,vi_update_snr_prune098_keep002_seed42,123,vi,mnist,mlp,0,0,0.1,0.5,300,24,0.05,15,4769,4769,5,256,0.05,42,1,5,5,5.005670815706253,2.9056397303938866,0.009411327540874481,2.099449072033167,0,15,15,0.8574,0.4814932731151581,1712.323119025833,0.8574,0.14259999999999995,0.4814932731151581,0.4814932731151581,0.21339301280975342,0.05293539490848778,0.24958122840949468,0.9103353844642639,0.24898040266036986,10000,0.8574,0.4814932731151581,0.4814932731151581,0.21339301280975342,0.05293539490848778,0.24958122840949468,0.9103353844642639,0.24898040266036986,0.8574,0.4815009839057922,0.4815009839057922,0.21339590048789978,0.05293771302551034,0.24955814438206808,0.9103377169609069,0.24897947001457216,0.001,5,0.24897947001457216,0.24897919974327087,2.702713012836533e-07,0.24897919974327087,2.702713012836533e-07,1.5181952505827212e-08,3.928758411876687e-08,0,,,,,,,,,,,,,,,,,,,,,,,,,,,,,4.192024272689839,0.47742671516574037,3.7936665114078205,4.945575167387884,0.9954215111740052,1158.334821570105,564.5596736900553,,,2060.026154982178,486.493924263012,2060.026154982178,486.493924263012,1158.334821570105,564.5596736900553,2060.026154982178,486.493924263012,,,,,,,,,0.05,1e-05,1,product,1.0,,,,,,,,,,,,,,,,,,,,,,,,1.0,,,1,101770,44.172717643254614,0.10939158063463687,0.08489058300495816,0.09084710478782654,0.2274647206068039,0.06664467178394205,0.0033677233064160813,0.04782183840870857,0.06232701651751995,0.06453308463096619,0.06680566444993019,0.06885078363120556,0.07067727372050285,0.07186374105513095,0.08523771911859512,226.92225086399202,23.69473577632427,137.6373748779297,224.06468963623047,257.4229705810547,437.26776123046875,453.16693503809444,-551526.3946149001,-131357.82279408138,1.6510898659311137,1.2974739977220475,7.224085418941805e-06,0.251947826741709,0.6411939179037485,1.3620833969538373,2.35821873767749,3.434197418249012,4.176810943999617,10.358501096578088,0.6630280026047514,9.781123035384548,-11.973787668847846,2.684073983075455,10.716505146034077,0.1969244374570109,0.37966984376535323,0.6730765451508303,0.9787756706298516,0.6203301562346467,0.3269234548491697,0.021224329370148374,63131,33271,2160,4.692007214118966,0.06322001572698355,,2.2118246160006585,0.22939819668693645,0.0004193751310547285,,,,226.9222412109375,23.694734573364258,44.172717643254614,0.06664466857910156,1,update_snr,0.02,20,100,,,,2036.0,0.0,0.020005895647047262,0.0,0.4038565956169918,0.07884220754616122,0.16270612596168846,0.1471447293184678,0.3198719341238872,1526550,2036.0,30540,0.020005895647047262,12212400,610800,244320,366480,0.9499852608823819,0.6622269711242857,0.4064045196927335,,,1.6489552454931886,,317.93333333333334,327.1106778378773,2.0,1094.0,random,,,,,,,,,,,,,,snr_histograms.csv,calibration_bins.csv,0.001,200.18909149169923,210.9513168334961,240.123779296875,269.4252105712889,-102.82434134734319,-3.860212117073641,7.451681713985469,12.416896362392132,20.305938327140698,647.9421477556228,692.6217699813843,785.1135789871216,2067.6968454877538,2238.4063118743898,1656.0008205893046,1660.0139486640987,1683.9953568895896,2689.2828520366124,2839.7904141181166,1656.0008205893046,1660.0139486640987,1683.9953568895896,2689.2828520366124,2839.7904141181166,3.7978353642620664,3.826063243885469,4.8037410196375285,0.0010491139842541827,0.9937172764915331,0.9940788321807951,0.9962270770779739,0.9962828670209732,0.9962911101946405,647.9421477556228,692.6217699813843,785.1135789871216,2067.6968454877538,2238.4063118743898,1656.0008205893046,1660.0139486640987,1683.9953568895896,2689.2828520366124,2839.7904141181166,product,0.9943427035077573,,2036.0,2036.0,2036.0,2036.0,2036.0,0.020005895647047262,0.020005895647047262,0.020005895647047262,0.020005895647047262,0.020005895647047262,0.3391019342280324,0.33956817807513673,0.3404276977787705,0.5103928759298028,0.5210165547345159,0.014638616326708749,0.1504091429849252,0.15060675640186927,0.15182812149715547,0.18163570252611194,0.18613270915741137,0.007960008010195993,0.14048094142375409,0.14059663280629783,0.14229696201175868,0.1593059083473522,0.15994678752123206,0.03883237601027096,0.28759363187354114,0.28813593458243736,0.2888064764119371,0.36884989513222644,0.3797768767790218
bayesfl_observability_v1,vi_update_snr_prune098_keep002_seed42,124,vi,mnist,mlp,0,0,0.1,0.5,300,24,0.05,15,2069,2069,5,256,0.05,42,1,5,5,4.47556659579277,2.283396452665329,0.007804781198501587,2.191655170172453,0,15,13,0.8553,0.4824320944786072,1199.9278363023318,0.8553,0.14470000000000005,0.4824320944786072,0.4824320944786072,0.21270683403015136,0.053859720091521734,0.23864022394021353,0.9089871978759766,0.2524911873340607,10000,0.8553,0.4824320944786072,0.4824320944786072,0.21270683403015136,0.053859720091521734,0.23864022394021353,0.9089871978759766,0.2524911873340607,0.8553,0.482435719537735,0.482435719537735,0.21270874321460723,0.05385889231115576,0.2386273592710495,0.9089862306594849,0.25249193558692934,0.001,5,0.25249193558692934,0.2524916603565216,2.752304077424661e-07,0.2524916603565216,2.752304077424661e-07,1.5104374543284392e-08,3.743022278800472e-08,0,,,,,,,,,,,,,,,,,,,,,,,,,,,,,4.0527755083231325,0.41553105124086226,3.792162946488102,4.747395215894974,0.9957742194019151,894.8724451783299,341.56262453109093,,,1908.3039595455728,412.7155699406107,1908.3039595455728,412.7155699406107,894.8724451783299,341.56262453109093,1908.3039595455728,412.7155699406107,,,,,,,,,0.05,1e-05,1,product,1.0,,,,,,,,,,,,,,,,,,,,,,,,1.0,,,1,101770,44.37262254815228,0.10989688941971901,0.08526154259607946,0.09138201549649239,0.22811217308044443,0.06670997996866802,0.003366152485689985,0.04872691258788109,0.06239652633666992,0.06460872292518616,0.06686713173985481,0.06891701743006706,0.07072957828640938,0.07192636430263519,0.08523771911859512,226.47341318174537,23.61882939582173,137.6373748779297,223.65293884277344,256.8497619628906,421.1746520996094,454.05218876335994,-551326.3050297417,-131257.77800148065,1.6571048769597572,1.3017081905204402,3.868120239744308e-06,0.25324659029034813,0.6430634829840364,1.3692657085074889,2.3695945868502566,3.4456108660164113,4.194510925922161,10.48605406804649,0.6960454943229387,9.773832317462869,-11.929127867351157,2.7297546389614746,10.745324565531185,0.19633487275228456,0.37843175788542793,0.6715829812321902,0.9784907143559005,0.6215682421145721,0.32841701876780977,0.02150928564409944,63257,33423,2189,4.228475728925025,0.04863816499710083,,1.9179132103815375,0.3301111648139198,0.0009666505558240696,,,,226.47341918945312,23.61882972717285,44.37262254815228,0.0667099803686142,1,update_snr,0.02,20,100,,,,2036.0,0.0,0.020005895647047262,0.0,0.378501458382321,0.06467638763137848,0.15867161507146899,0.1454969066996562,0.3086033689343875,1526550,2036.0,30540,0.020005895647047262,12212400,610800,244320,366480,0.9499852608823819,0.594993041724749,0.40480828296696286,,,1.6974081803586905,,137.93333333333334,141.37725732552917,2.0,426.0,random,,,,,,,,,,,,,,snr_histograms.csv,calibration_bins.csv,0.001,199.89312286376955,210.54602813720703,239.5618667602539,268.9465805053711,-108.24999844293501,-3.83492303188365,7.493480980190309,12.453626599496232,20.412241853734017,643.796844291687,653.7096151518822,691.9487962722778,1446.672103779614,1495.2237676143645,1650.728662702453,1651.1902955535097,1661.0814803897504,2594.179910725964,2598.306223020242,1650.728662702453,1651.1902955535097,1661.0814803897504,2594.179910725964,2598.306223020242,3.7929000280824083,3.8038765083470993,4.742938979759171,0.0008983318727002239,0.994272687766584,0.9942845057789051,0.9963112391050115,0.9963345503629535,0.9963375791709728,643.796844291687,653.7096151518822,691.9487962722778,1446.672103779614,1495.2237676143645,1650.728662702453,1651.1902955535097,1661.0814803897504,2594.179910725964,2598.306223020242,product,0.9954491058576197,,2036.0,2036.0,2036.0,2036.0,2036.0,0.020005895647047262,0.020005895647047262,0.020005895647047262,0.020005895647047262,0.020005895647047262,0.33896973784264295,0.33907446258347146,0.3396543498778584,0.48551266804703896,0.4871116312212331,0.013400832336618124,0.15015732716857308,0.15020512923821183,0.15068783475531086,0.180851699634795,0.18112964156164443,0.007919951360083279,0.14003380191426246,0.14013374368844775,0.14088846234110997,0.15862105792128645,0.15888693183432634,0.03417907751488487,0.28731168549801567,0.2876428090961357,0.28813979775716936,0.3653482509213276,0.3659373333790814
bayesfl_observability_v1,vi_update_snr_prune098_keep002_seed42,125,vi,mnist,mlp,0,0,0.1,0.5,300,24,0.05,15,2257,2257,5,256,0.05,42,1,5,5,4.66842895001173,2.455546375364065,0.007944755256175995,2.2124150544404984,0,15,11,0.8435,0.5395382359743118,1232.3112601217465,0.8435,0.15649999999999997,0.5395382359743118,0.5395382359743118,0.2329811664044857,0.057387683448195455,0.2765339681735405,0.8994497200965882,0.2806262796163559,10000,0.8435,0.5395382359743118,0.5395382359743118,0.2329811664044857,0.057387683448195455,0.2765339681735405,0.8994497200965882,0.2806262796163559,0.8435,0.5395321129202842,0.5395321129202842,0.23297822741866112,0.05739074473381045,0.27654293638009286,0.8994527241706848,0.2806184500455856,0.001,5,0.2806184500455856,0.280618155670166,2.943754195960935e-07,0.280618155670166,2.943754195960935e-07,1.631396392838269e-08,3.8964801500079925e-08,13,0.9634844768897715,0.9507740073490271,0.07940566187389307,0.7142857142857143,0.884,0.9333333333333333,1.0,1.0,1.0,1.0,0.10798859720194483,0.14081722417938694,0.18947683223376982,0.00015462479980972907,0.0708966757121839,0.680333948135376,,,0.14081722417938694,,,,,,,,,,4.008211627291063,0.4076270088409599,3.7932071558876492,4.949308430890897,0.9959046397047924,885.9580080501239,365.32504543957737,,,1863.050750064269,410.9880257400474,1863.050750064269,410.9880257400474,885.9580080501239,365.32504543957737,1863.050750064269,410.9880257400474,,,,,,,,,0.05,1e-05,1,product,1.0,,,,,,,,,,,,,,,,,,,,,,,,1.0,,,1,101770,44.565327849060125,0.11038436628997426,0.08561866597802553,0.09180912002921104,0.22878601551055913,0.06677722930780086,0.003362733904146514,0.04879749193787575,0.06246110014617443,0.06468265131115913,0.06693433225154877,0.0689921136945486,0.07079663947224617,0.07198526225984096,0.08523771911859512,226.0103610675696,23.521567379913833,137.6373748779297,223.20408630371094,256.3189727783203,419.9571533203125,454.96342954367736,-551120.1692751307,-131154.71012415297,1.662838259540651,1.3059546038217265,3.868120239744308e-06,0.2553603450082387,0.644314725400162,1.374554484423097,2.379843115689025,3.450556736699871,4.207703514980324,10.675187863571184,0.7371171052371467,9.747078511009938,-11.856930874305087,2.763239178655947,10.757783455865463,0.19570600373390978,0.3782745406308342,0.6693131571189939,0.9782647145524221,0.6217254593691658,0.3306868428810062,0.02173528544757787,63273,33654,2212,4.11867926168365,0.05867278575897217,,2.0865725265541397,0.2715994683207798,0.003544528134692069,,,,226.01036071777344,23.52156639099121,44.565327849060125,0.06677722930908203,1,update_snr,0.02,20,100,,,,2036.0,0.0,0.020005895647047262,0.0,0.37144024546999893,0.06491502216263252,0.15696383850030188,0.14430878844039519,0.30456923943090436,1526550,2036.0,30540,0.020005895647047262,12212400,610800,244320,366480,0.9499852608823819,0.7820318386649585,0.37282168164496404,,,1.5344025229334262,,150.46666666666667,155.39535242585458,2.0,611.0,random,,,,,,,,,,,,,,snr_histograms.csv,calibration_bins.csv,0.001,199.51461791992188,210.08793258666992,239.0145606994629,268.38598022460934,-108.24999844293501,-3.818038860388062,7.530966567398428,12.480902615508432,20.567510530887077,655.8423133850098,660.442519454956,723.9892618179322,1440.3065867733956,1877.8382556676866,1648.6241510934483,1649.454467233157,1663.3882638074529,2601.6502213324793,2835.000701735719,1648.6241510934483,1649.454467233157,1663.3882638074529,2601.6502213324793,2835.000701735719,3.7948394846931293,3.8101279335965685,4.754656273869335,0.0008824498704934854,0.993838426009833,0.9943067679910064,0.9963336771307674,0.996364203279925,0.9963672898260626,655.8423133850098,660.442519454956,723.9892618179322,1440.3065867733956,1877.8382556676866,1648.6241510934483,1649.454467233157,1663.3882638074529,2601.6502213324793,2835.000701735719,product,0.9957202147448251,0.18947683223376982,2036.0,2036.0,2036.0,2036.0,2036.0,0.020005895647047262,0.020005895647047262,0.020005895647047262,0.020005895647047262,0.020005895647047262,0.3383278434247408,0.3385987060158385,0.3395243581040801,0.4875999267891006,0.5259505724818481,0.012838671719574812,0.14996497610663376,0.15004514730026863,0.15083981635526528,0.18119356941340933,0.18539157734801537,0.00710487544379014,0.1396002049116597,0.13989879000756753,0.14105322059944408,0.15837226423741607,0.15876428515919117,0.03324850162262296,0.28716776514658937,0.28753317252995914,0.28804205852007536,0.3663962377353295,0.37977385159849825
bayesfl_observability_v1,vi_update_snr_prune098_keep002_seed42,126,vi,mnist,mlp,0,0,0.1,0.5,300,24,0.05,15,3698,3698,5,256,0.05,42,1,5,5,4.544707719236612,2.432953216135502,0.010509185492992401,2.1112158112227917,0,15,13,0.8366,0.5581508247375488,1650.1652240378014,0.8366,0.1634,0.5581508247375488,0.5581508247375488,0.24405545105934143,0.06749479845017203,0.23549935594201088,0.903964977645874,0.2631615335702896,10000,0.8366,0.5581508247375488,0.5581508247375488,0.24405545105934143,0.06749479845017203,0.23549935594201088,0.903964977645874,0.2631615335702896,0.8366,0.5581598142147064,0.5581598142147064,0.24405753829479218,0.06743100962340838,0.2354903370141983,0.9039675866127014,0.2631569881439209,0.001,5,0.2631569881439209,0.2631567090034485,2.7914047240340523e-07,0.2631567090034485,2.7914047240340523e-07,1.610892843473266e-08,3.835516677253332e-08,0,,,,,,,,,,,,,,,,,,,,,,,,,,,,,4.1906664697639835,0.47646798207725893,3.789027875865384,4.838047468087231,0.9955537767122776,1097.271885362466,517.1353418124347,,,2043.616073850691,480.02328247773295,2043.616073850691,480.02328247773295,1097.271885362466,517.1353418124347,2043.616073850691,480.02328247773295,,,,,,,,,0.05,1e-05,1,product,1.0,,,,,,,,,,,,,,,,,,,,,,,,1.0,,,1,101770,44.82923074231735,0.11104144391661311,0.08612127365769055,0.09250962361693382,0.22971544265747074,0.06684926622255742,0.0033804675888041867,0.04945145547389984,0.06251064464449882,0.0647436548024416,0.06700185686349869,0.06907006166875362,0.07089704647660255,0.07210504300892354,0.08523771911859512,225.53805571754097,23.566842831448028,137.6373748779297,222.75442504882812,255.91282958984377,408.92327880859375,455.9552415227668,-550902.8913500345,-131046.0711615823,1.6709327492273942,1.3122206845328777,7.224085418941805e-06,0.25610751199508414,0.644505766706273,1.3842053731424622,2.3893808528696163,3.4673669380065304,4.23274965411936,10.332298412308043,0.7727660098367592,9.760161007101477,-11.831553658796443,2.824010612339485,10.79999607558604,0.19530313451901346,0.37633880318364943,0.6666699420261374,0.9778716714159379,0.6236611968163506,0.3333300579738626,0.0221283285840621,63470,33923,2252,4.662848261569274,0.06811985187232494,,2.100450796629352,0.24229313142239048,0.00027041644131963225,,,,225.53805541992188,23.566843032836914,44.82923074231735,0.06684926897287369,1,update_snr,0.02,20,100,,,,2036.0,0.0,0.020005895647047262,0.0,0.4014534885399507,0.07742586921500269,0.1622462216745251,0.1467658876138745,0.3190783396416432,1526550,2036.0,30540,0.020005895647047262,12212400,610800,244320,366480,0.9499852608823819,0.8840173824187243,0.4557044499704891,,,1.415812087244163,,246.53333333333333,276.43103218625,1.0,896.0,random,,,,,,,,,,,,,,snr_histograms.csv,calibration_bins.csv,0.001,198.94989318847658,209.61400985717773,238.56436157226562,267.89588165283203,-102.82434134734319,-3.815463849463163,7.565707583583654,12.53245165452041,20.28393881519715,650.6570024132728,673.3537991380691,738.0281659126282,1866.572464351654,2148.9826152324677,1641.621505080269,1645.4601146756243,1659.3922918005355,2670.014406779723,2725.875836608645,1641.621505080269,1645.4601146756243,1659.3922918005355,2670.014406779723,2725.875836608645,3.793015320225472,3.809489831455875,4.802060621374847,0.001013596634639675,0.9941603341811455,0.9942495224211261,0.9963626286307754,0.9963972145467118,0.9964050319669585,650.6570024132728,673.3537991380691,738.0281659126282,1866.572464351654,2148.9826152324677,1641.621505080269,1645.4601146756243,1659.3922918005355,2670.014406779723,2725.875836608645,product,0.9945759859299564,,2036.0,2036.0,2036.0,2036.0,2036.0,0.020005895647047262,0.020005895647047262,0.020005895647047262,0.020005895647047262,0.020005895647047262,0.33823732737626305,0.33850572198817475,0.33920746920843003,0.504013535988322,0.519291973744956,0.014711748819695813,0.1496294251325206,0.14978676797852317,0.15054084411876492,0.18060698960549226,0.18084466285116407,0.00806989527986014,0.13961566339933834,0.13980493178928807,0.14075713627758743,0.15845090648349291,0.15892140140827193,0.03864912688799291,0.2866917559792905,0.2868444142732363,0.28819726002225754,0.367324591350583,0.37057457682874934
bayesfl_observability_v1,vi_update_snr_prune098_keep002_seed42,127,vi,mnist,mlp,0,0,0.1,0.5,300,24,0.05,15,2240,2240,5,256,0.05,42,1,5,5,4.732759654521942,2.6295494325459003,0.007261458784341812,2.102570455521345,0,15,9,0.8372,0.5526802610397339,1288.8289116404937,0.8372,0.16279999999999994,0.5526802610397339,0.5526802610397339,0.24119873492717742,0.06952185870409014,0.24960863590240479,0.9067218572616577,0.25717286901474,10000,0.8372,0.5526802610397339,0.5526802610397339,0.24119873492717742,0.06952185870409014,0.24960863590240479,0.9067218572616577,0.25717286901474,0.8374,0.5526527626991272,0.5526527626991272,0.24118888127803803,0.06939869043081998,0.24952467530965805,0.9067213716506958,0.2571754546403885,0.001,5,0.2571754546403885,0.257175177192688,2.774477004807707e-07,0.257175177192688,2.774477004807707e-07,1.568602937425112e-08,3.8877201691523104e-08,0,,,,,,,,,,,,,,,,,,,,,,,,,,,,,3.870459899571365,0.26042193277053827,3.786030095419643,4.844218675960576,0.9962771259681397,799.4489110110204,343.0349045642245,,,1720.258726187374,268.4885235418974,1720.258726187374,268.4885235418974,799.4489110110204,343.0349045642245,1720.258726187374,268.4885235418974,,,,,,,,,0.05,1e-05,1,product,1.0,,,,,,,,,,,,,,,,,,,,,,,,1.0,,,1,101770,44.99738852472829,0.11146698158607733,0.08643269877276702,0.09282127767801285,0.23078564405441285,0.0669110490040486,0.0033713046276090774,0.05000952258706093,0.06258979514241218,0.06481477804481983,0.06706763058900833,0.06912718899548054,0.07093917950987816,0.07213550955057144,0.08523771911859512,225.10952695232015,23.445915406218873,137.6373748779297,222.31771850585938,255.265983581543,399.84765625,456.78998125890735,-550713.001211626,-130951.12609235747,1.675809812013235,1.315822522240998,7.224085418941805e-06,0.25705200488617336,0.6472051899029876,1.386722373182833,2.3969968985389984,3.4787666650688407,4.240308498009266,10.332298412308043,0.8011079036185563,9.754798794108595,-11.799580090747325,2.839790446493522,10.828505996762301,0.1945072221676329,0.37537584749926306,0.664960204382431,0.9777341063181684,0.624624152500737,0.335039795617569,0.022265893681831583,63568,34097,2266,3.7746868845705976,0.07071067625656724,,1.7816403721059433,0.4316964285714286,0.020089285714285716,,,,225.1095428466797,23.44591522216797,44.99738852472829,0.06691104918718338,1,update_snr,0.02,20,100,,,,2036.0,0.0,0.020005895647047262,0.0,0.35070740527616934,0.04580631470648308,0.15197092993887973,0.1409482023976255,0.2927176021079093,1526550,2036.0,30540,0.020005895647047262,12212400,610800,244320,366480,0.9499852608823819,0.6416639013151076,0.40547551973960616,,,1.638441949843313,,149.33333333333334,221.31385456455777,1.0,933.0,random,,,,,,,,,,,,,,snr_histograms.csv,calibration_bins.csv,0.001,198.71363677978516,209.26770401000977,238.0410919189453,267.3278137207031,-102.82434134734319,-3.779160176064739,7.593349441729113,12.547949085152906,20.28393881519715,658.4610570907593,664.0172402381896,712.9517557144165,759.5615606689453,2077.064853569865,1636.1650177381239,1640.3053372094823,1645.6140743966228,1664.627109962428,2724.3791183253697,1636.1650177381239,1640.3053372094823,1645.6140743966228,1664.627109962428,2724.3791183253697,3.7909751747612583,3.7979028589846915,3.819392874745582,0.0005529943719387667,0.9942090642265823,0.9963915841167118,0.9964281603474596,0.9964428258486561,0.9964556280636969,658.4610570907593,664.0172402381896,712.9517557144165,759.5615606689453,2077.064853569865,1636.1650177381239,1640.3053372094823,1645.6140743966228,1664.627109962428,2724.3791183253697,product,0.9964753133231157,,2036.0,2036.0,2036.0,2036.0,2036.0,0.020005895647047262,0.020005895647047262,0.020005895647047262,0.020005895647047262,0.020005895647047262,0.3375832081183489,0.3376669436283284,0.3387273990195693,0.3390978155414937,0.5220882572043668,0.00744551959437836,0.1492435271016783,0.14948471977579614,0.1498906686774595,0.1509368669911574,0.1797733499628676,0.003345984956200768,0.13892180199612172,0.13935549751274282,0.13984623695170995,0.14131566483756833,0.15320643242029003,0.020137269351903915,0.2864331007269275,0.28677717885030984,0.2873589313216733,0.28827854188674057,0.368038301397886
bayesfl_observability_v1,vi_update_snr_prune098_keep002_seed42,128,vi,mnist,mlp,0,0,0.1,0.5,300,24,0.05,15,2806,2806,5,256,0.05,42,1,5,5,4.279806565493345,2.1886839866638184,0.008114039897918701,2.0905617363750935,0,15,12,0.8478,0.5255835134029389,1841.7302788393458,0.8478,0.1522,0.5255835134029389,0.5255835134029389,0.22595775034427643,0.061420687223970954,0.16596464566139635,0.9090691804885864,0.2510325466632843,10000,0.8478,0.5255835134029389,0.5255835134029389,0.22595775034427643,0.061420687223970954,0.16596464566139635,0.9090691804885864,0.2510325466632843,0.8478,0.5255898082733155,0.5255898082733155,0.22595836837291716,0.06142376028597363,0.16829914813275104,0.9090722244262696,0.2510274396657944,0.001,5,0.2510274396657944,0.25102717106342315,2.6860237123393915e-07,0.25102717106342315,2.6860237123393915e-07,1.5554714289578443e-08,3.942330929409405e-08,0,,,,,,,,,,,,,,,,,,,,,,,,,,,,,3.9959955823629145,0.3986940426028067,3.7878645469540952,4.953265484467271,0.9960411958751382,923.5367356733747,519.3393806101444,,,1843.6690401737796,403.9498812708895,1843.6690401737796,403.9498812708895,923.5367356733747,519.3393806101444,1843.6690401737796,403.9498812708895,,,,,,,,,0.05,1e-05,1,product,1.0,,,,,,,,,,,,,,,,,,,,,,,,1.0,,,1,101770,45.17834040618028,0.11194827852778341,0.08673764496412141,0.0933421142399311,0.23171783089637757,0.06698351751870575,0.0033743438764106365,0.049631670117378235,0.0626543864607811,0.06488956697285175,0.06714480742812157,0.06919721327722073,0.07101529538631439,0.07221048176288604,0.08523771911859512,224.62184376603696,23.38592966261727,137.6373748779297,221.80693817138672,254.73993530273438,405.9590759277344,457.77955631142476,-550492.5675166111,-130840.90924482663,1.6812389280400313,1.3189735989123528,7.224085418941805e-06,0.2581600757166042,0.650633570683464,1.3938923875407312,2.40602975163746,3.490773466874448,4.253749734945382,10.161626988320407,0.8425041623405246,9.719984777560425,-11.762218414092914,2.884584924304848,10.858433315214386,0.19343617962071338,0.37425567456028297,0.6635059447774393,0.9771838459270905,0.625744325439717,0.33649405522256065,0.022816154072909503,63682,34245,2322,4.222949810763365,0.06118142232298851,,1.5814365132873383,0.44903777619387025,0.0007127583749109052,,,,224.62185668945312,23.385929107666016,45.17834040618028,0.06698351353406906,1,update_snr,0.02,20,100,,,,2036.0,0.0,0.020005895647047262,0.0,0.3707534811238283,0.06594282759282416,0.155643079949858,0.142792229692539,0.30261054921267905,1526550,2036.0,30540,0.020005895647047262,12212400,610800,244320,366480,0.9499852608823819,0.5032094106874236,0.4052711827262945,,,1.7946409364083622,,187.06666666666666,344.13630374541356,1.0,1260.0,random,,,,,,,,,,,,,,snr_histograms.csv,calibration_bins.csv,0.001,198.28789520263672,208.84437942504883,237.4926872253418,266.78612518310536,-102.82434134734319,-3.7332706446924386,7.626019865651832,12.575438700704137,20.139264976833022,658.9667427062989,661.9802341127396,679.5783165931701,1764.6420949316023,2312.533863964081,1634.2945390148393,1636.621996827509,1643.8979100604458,2562.9564609718914,2820.7513694340523,1634.2945390148393,1636.621996827509,1643.8979100604458,2562.9564609718914,2820.7513694340523,3.7903697564620384,3.799344261534346,4.71395753362788,0.0008377011160482319,0.9939955663141009,0.9945538767760683,0.9964553566415959,0.9964700517136176,0.9964719935225828,658.9667427062989,661.9802341127396,679.5783165931701,1764.6420949316023,2312.533863964081,1634.2945390148393,1636.621996827509,1643.8979100604458,2562.9564609718914,2820.7513694340523,product,0.9956218954980861,,2036.0,2036.0,2036.0,2036.0,2036.0,0.020005895647047262,0.020005895647047262,0.020005895647047262,0.020005895647047262,0.020005895647047262,0.3373180631090323,0.3375743173922896,0.3381654483853755,0.4923976241407652,0.5233519483022208,0.01206459876720993,0.14929283724389447,0.1494027427005883,0.14975269520526135,0.1771941800706777,0.18516602407873706,0.006694323193636484,0.13908064233641415,0.1393595226903295,0.13994119774032254,0.153333657069034,0.15994134066836657,0.03190675008590491,0.28589338189412306,0.2860379043748123,0.2870238940766759,0.3604374046731682,0.3788532878777396
bayesfl_observability_v1,vi_update_snr_prune098_keep002_seed42,129,vi,mnist,mlp,0,0,0.1,0.5,300,24,0.05,15,4004,4004,5,256,0.05,42,1,5,5,4.686420228332281,2.623209673911333,0.0101502425968647,2.062451209872961,0,15,14,0.8125,0.676285241317749,1840.887803459191,0.8125,0.1875,0.676285241317749,0.676285241317749,0.28533840584754944,0.0938646370306611,0.24971265718340874,0.9063646319389344,0.2545849331021309,10000,0.8125,0.676285241317749,0.676285241317749,0.28533840584754944,0.0938646370306611,0.24971265718340874,0.9063646319389344,0.2545849331021309,0.8125,0.6763043422698974,0.6763043422698974,0.285341864490509,0.09386528869122268,0.2496592290699482,0.9063652925491333,0.25458443868160247,0.001,5,0.25458443868160247,0.2545841464996338,2.921819686751981e-07,0.2545841464996338,2.921819686751981e-07,1.6787726765699063e-08,4.1885512476433936e-08,0,,,,,,,,,,,,,,,,,,,,,,,,,,,,,4.1282155987853315,0.4653479902694216,3.7958064526835282,4.9516247411278,0.9958006784631535,1075.643017933157,587.028809075041,,,1972.4254591480087,470.370628322784,1972.4254591480087,470.370628322784,1075.643017933157,587.028809075041,1972.4254591480087,470.370628322784,,,,,,,,,0.05,1e-05,1,product,1.0,,,,,,,,,,,,,,,,,,,,,,,,1.0,,,1,101770,45.42354889819124,0.1125255753877457,0.08724752504271706,0.09375769272446632,0.23330928236246112,0.06706522586609492,0.0033934319343335646,0.0493357889354229,0.0627156913280487,0.06494852527976036,0.06722976639866829,0.06928658857941628,0.07112651839852333,0.07233559004962443,0.08523771911859512,224.09010516422794,23.431170912074148,137.6373748779297,221.24668884277344,254.2421646118164,410.8429260253906,458.9073801006792,-550246.7317333263,-130717.9913531588,1.6878530731693173,1.3251338441031075,7.224085418941805e-06,0.2583897316465465,0.6535335859400753,1.3987659855610417,2.414578440806614,3.5100926761835582,4.2661487145154995,10.161626988320407,0.8645140299282238,9.750443454038331,-11.7544949850416,2.914901218160635,10.90637166392661,0.19321017981723493,0.37331237103272086,0.6620222069372114,0.9764075857325342,0.6266876289672791,0.33797779306278863,0.023592414267465854,63778,34396,2401,4.586615790569855,0.06517207622528076,,1.8967063031876314,0.3146853146853147,0.0017482517482517483,,,,224.09011840820312,23.431171417236328,45.42354889819124,0.06706522405147552,1,update_snr,0.02,20,100,,,,2036.0,0.0,0.020005895647047262,0.0,0.39196596979236165,0.07740862188218553,0.15943162873713407,0.14462425675725857,0.31329691938874366,1526550,2036.0,30540,0.020005895647047262,12212400,610800,244320,366480,0.9499852608823819,0.7113191572886689,0.4149706038639676,,,1.5914696842604756,,266.93333333333334,364.3197252719405,7.0,1260.0,random,,,,,,,,,,,,,,snr_histograms.csv,calibration_bins.csv,0.001,197.66822967529296,208.3059310913086,237.06169891357422,266.2718139648437,-102.82434134734319,-3.6946417821289277,7.656826371808171,12.600719808748087,20.139264976833022,648.2388276100158,658.3418815994262,698.7595636367798,2058.2929481951396,2279.182956867218,1636.5669703320664,1638.7692546865226,1646.4942816735065,2654.6485705857713,2812.8578519717485,1636.5669703320664,1638.7692546865226,1646.4942816735065,2654.6485705857713,2812.8578519717485,3.7971805559801743,3.80591915703608,4.8028326529864085,0.0009681128253198137,0.9940494003585872,0.9943976809093032,0.996469607346781,0.9964875656058377,0.9964887757511415,648.2388276100158,658.3418815994262,698.7595636367798,2058.2929481951396,2279.182956867218,1636.5669703320664,1638.7692546865226,1646.4942816735065,2654.6485705857713,2812.8578519717485,product,0.9948890652929314,,2036.0,2036.0,2036.0,2036.0,2036.0,0.020005895647047262,0.020005895647047262,0.020005895647047262,0.020005895647047262,0.020005895647047262,0.33715143684488424,0.33737801255448774,0.33781840939710306,0.5082668625026506,0.5242436070900004,0.013956381126343053,0.14936767482819513,0.14941719921607208,0.14998840487344833,0.18018207553790985,0.18449230827170468,0.007327308952933243,0.13909479495017274,0.1393171402649942,0.1404916985750892,0.15776390670353957,0.15807811937747168,0.03770170276410458,0.2863622795505959,0.28657332495367843,0.2871508507201671,0.3681311038686651,0.37899025928913527
bayesfl_observability_v1,vi_update_snr_prune098_keep002_seed42,130,vi,mnist,mlp,0,0,0.1,0.5,300,24,0.05,15,1664,1664,5,256,0.05,42,1,5,5,4.251918211579323,2.0374371334910393,0.008213721215724945,2.2140135541558266,0,15,11,0.8529,0.5185931665420532,844.1504614810945,0.8529,0.1471,0.5185931665420532,0.5185931665420532,0.22146171029806136,0.06250342463850977,0.7370062470436096,0.9152560236930847,0.2342710246562958,10000,0.8529,0.5185931665420532,0.5185931665420532,0.22146171029806136,0.06250342463850977,0.7370062470436096,0.9152560236930847,0.2342710246562958,0.8529,0.5186071375250816,0.5186071375250816,0.2214653412938118,0.06250286329984664,0.7366580963134766,0.9152555416107178,0.2342728985786438,0.001,5,0.2342728985786438,0.2342726408481598,2.5773048401012133e-07,0.2342726408481598,2.5773048401012133e-07,1.4488451122929291e-08,3.868546818956118e-08,12,0.9423944944228368,0.92843828320802,0.09014975680075159,0.6666666666666666,0.850751879699248,0.9321428571428572,0.9424342105263157,1.0,1.0,1.0,0.18217574289740643,0.22858721525617184,0.27462674697343137,0.0005123494775034487,0.2042830541729927,1.049869457880656,,,0.22858721525617184,,,,,,,,,,3.8777487571209885,0.23838577827255464,3.7880449925271216,4.76690777042416,0.9963622821396148,757.4448431970678,182.2358209374134,,,1711.9540771743627,234.0309755443354,1711.9540771743627,234.0309755443354,757.4448431970678,182.2358209374134,1711.9540771743627,234.0309755443354,,,,,,,,,0.05,1e-05,1,product,1.0,,,,,,,,,,,,,,,,,,,,,,,,1.0,,,1,101770,45.555716853777014,0.11285502327731566,0.08749876325607034,0.09398846328258514,0.23402476608753206,0.0671243251068815,0.003379956889823095,0.04948284476995468,0.06279615089297294,0.06502288207411766,0.06729916483163834,0.06934007629752159,0.07115464955568314,0.07234369963407516,0.08523771911859512,223.68004592261286,23.295945634569172,137.6373748779297,220.79064178466797,253.59107971191406,408.4046630859375,459.70517842258596,-550065.0018518829,-130627.12641241749,1.69123454030945,1.3275960603856434,7.224085418941805e-06,0.25548839537281315,0.656777635076859,1.398217585079839,2.4187091515154044,3.516955607123913,4.276201713976368,9.65996892212672,0.8613869052183393,9.809533999823822,-11.852576430295008,2.9114951968894855,10.923337729130985,0.19260096295568438,0.37228063279944973,0.6605679473322197,0.976211064164292,0.6277193672005502,0.3394320526677803,0.02378893583570797,63883,34544,2421,3.670448897089198,0.04738181084394455,,2.0552981584518433,0.18870192307692307,0.0018028846153846155,,,,223.68003845214844,23.29594612121582,45.555716853777014,0.06712432205677032,1,update_snr,0.02,20,100,,,,2036.0,0.0,0.020005895647047262,0.0,0.3474694594128412,0.03645118003203271,0.15221458074665467,0.14167704735362877,0.2922131936373674,1526550,2036.0,30540,0.020005895647047262,12212400,610800,244320,366480,0.9499852608823819,0.7498175004964401,0.40375382676383825,,,1.5493365591988137,,110.93333333333334,80.0120546473398,3.0,257.0,random,,,,,,,,,,,,outputs/sparse_comm_mnist_noniid_unbalanced/vi_update_snr_prune098_keep002_seed42/posterior_snapshots/round_0130.pt,,snr_histograms.csv,calibration_bins.csv,0.001,197.51197509765626,207.98468399047852,236.51982879638672,265.63499603271487,-102.82434134734319,-3.6516328890614984,7.671672956406232,12.621163664618209,19.699514584272286,640.1438335388899,644.0878711557389,705.7216569900513,787.3508394241333,1414.1842642903327,1627.4933401411083,1635.5378536708536,1642.8410428547836,1678.3467158235578,2585.5866270071665,1627.4933401411083,1635.5378536708536,1642.8410428547836,1678.3467158235578,2585.5866270071665,3.7971550372865708,3.8061205180521167,3.848410876683511,0.0004883104924413671,0.9945398602589892,0.9964273705988785,0.996507351675859,0.9965235361580463,0.9965425463977707,640.1438335388899,644.0878711557389,705.7216569900513,787.3508394241333,1414.1842642903327,1627.4933401411083,1635.5378536708536,1642.8410428547836,1678.3467158235578,2585.5866270071665,product,0.9967489702860363,0.27462674697343137,2036.0,2036.0,2036.0,2036.0,2036.0,0.020005895647047262,0.020005895647047262,0.020005895647047262,0.020005895647047262,0.020005895647047262,0.33687873196559476,0.3371947317661049,0.33781342686724947,0.3383837181565947,0.4838478057660716,0.0077143722723912395,0.14881533698626886,0.14925785398709654,0.1498498314842191,0.15189974126298958,0.18086228384727593,0.0046965510279728005,0.13847213357229265,0.13896822186425548,0.14034378226842348,0.14306788298865306,0.15845482780944187,0.019606163464719658,0.28537330775457387,0.2858273047285622,0.28694819539191735,0.2887077154924983,0.3654805285497785
bayesfl_observability_v1,vi_update_snr_prune098_keep002_seed42,131,vi,mnist,mlp,0,0,0.1,0.5,300,24,0.05,15,3182,3182,5,256,0.05,42,1,5,5,5.134045414626598,3.0551496110856533,0.009493432939052582,2.078223127871752,0,15,9,0.8596,0.49231247774362563,1886.5759487821372,0.8596,0.14039999999999997,0.49231247774362563,0.49231247774362563,0.21123824665546417,0.05804091724157331,0.2540222108364105,0.9174669437408447,0.22789996657371522,10000,0.8596,0.49231247774362563,0.49231247774362563,0.21123824665546417,0.05804091724157331,0.2540222108364105,0.9174669437408447,0.22789996657371522,0.8596,0.4923122431874275,0.4923122431874275,0.211237999945879,0.05803884626030923,0.25400832295417786,0.9174649272918701,0.2279014325618744,0.001,5,0.2279014325618744,0.2279011651277542,2.674341201824859e-07,0.2279011651277542,2.674341201824859e-07,1.512608478577704e-08,4.1076921009966655e-08,0,,,,,,,,,,,,,,,,,,,,,,,,,,,,,4.004569337886592,0.41369425836116286,3.792942023916287,4.971305432459489,0.9961191434503172,962.9858564470609,560.9856603697102,,,1844.2076821166588,423.1239450093098,1844.2076821166588,423.1239450093098,962.9858564470609,560.9856603697102,1844.2076821166588,423.1239450093098,,,,,,,,,0.05,1e-05,1,product,1.0,,,,,,,,,,,,,,,,,,,,,,,,1.0,,,1,101770,45.78185683952813,0.11342503985726046,0.08792046744577173,0.09454435482621193,0.23538618236780168,0.06719987781668407,0.003388706111429815,0.04882945120334625,0.0628579817712307,0.06509578786790371,0.06736963242292404,0.06942082196474075,0.07124261707067489,0.07243802808225154,0.08523771911859512,223.18162968521142,23.265955297062657,137.6373748779297,220.32899475097656,253.09242095947266,419.4076232910156,460.7440239952969,-549836.7347499754,-130512.99286143985,1.6978880304194224,1.3325698305800042,7.224085418941805e-06,0.25692560370200807,0.6600090280254313,1.405921533928439,2.429450667602609,3.5351375406683987,4.296339325035546,10.027234655812025,0.9002906584058745,9.791271637612615,-11.803852294120286,2.9592216493121724,10.96812630832743,0.19201139825095803,0.37100324260587597,0.6591922963545249,0.9757590645573352,0.628996757394124,0.3408077036454751,0.024240935442664834,64013,34684,2467,4.295470868864867,0.06324128434062004,,1.2438208096205337,0.507228158390949,0.0009428032683846638,,,,223.18162536621094,23.265954971313477,45.78185683952813,0.06719987839460373,1,update_snr,0.02,20,100,,,,2036.0,0.0,0.020005895647047262,0.0,0.37256696876615636,0.07070471347019554,0.1551995865553858,0.14194406446571714,0.30223610632794845,1526550,2036.0,30540,0.020005895647047262,12212400,610800,244320,366480,0.9499852608823819,0.7014228961991732,0.3978796221647775,,,1.5950212963945831,,212.13333333333333,354.07021274819994,3.0,1094.0,random,,,,,,,,,,,,,,snr_histograms.csv,calibration_bins.csv,0.001,197.02452697753907,207.5011444091797,235.99032974243164,265.091374206543,-102.82434134734319,-3.609002477285657,7.71016169415938,12.661971487979656,20.02362356706836,658.4358266949654,664.0904959833622,691.8786977767944,2029.1005234038828,2223.357087955475,1628.5129757895284,1630.682843849313,1634.900714411621,2632.594587281028,2824.181042875044,1628.5129757895284,1630.682843849313,1634.900714411621,2632.594587281028,2824.181042875044,3.7948338189427773,3.8001957516269322,4.7703626405744,0.0008522797929154583,0.9940991222615673,0.9945578131146576,0.9965386606430672,0.9965508118786126,0.9965531015731446,658.4358266949654,664.0904959833622,691.8786977767944,2029.1005234038828,2223.357087955475,1628.5129757895284,1630.682843849313,1634.900714411621,2632.594587281028,2824.181042875044,product,0.9955888695279062,,2036.0,2036.0,2036.0,2036.0,2036.0,0.020005895647047262,0.020005895647047262,0.020005895647047262,0.020005895647047262,0.020005895647047262,0.33653713058961193,0.33690251193637144,0.3374091202580757,0.5114965364169545,0.5223822772901556,0.011948241809092167,0.14895737375750068,0.1491128284529752,0.149385249979504,0.17596058629307268,0.1852806275242875,0.005760088467839428,0.13881847849456563,0.13886764725272155,0.13951466738991913,0.1492269931326052,0.15928893041538422,0.03263603422106449,0.28551848747004077,0.285655929718236,0.2863235120231693,0.3623067306333359,0.37914652943950533
bayesfl_observability_v1,vi_update_snr_prune098_keep002_seed42,132,vi,mnist,mlp,0,0,0.1,0.5,300,24,0.05,15,1595,1595,5,256,0.05,42,1,5,5,4.413119073957205,2.3384389132261276,0.009858518838882446,2.0741488710045815,0,15,13,0.8706,0.456880460357666,1205.5174681776593,0.8706,0.12939999999999996,0.456880460357666,0.456880460357666,0.19489898090362548,0.05086384728848931,0.2100643978036683,0.9214560173034668,0.22010106341838837,10000,0.8706,0.456880460357666,0.456880460357666,0.19489898090362548,0.05086384728848931,0.2100643978036683,0.9214560173034668,0.22010106341838837,0.8706,0.45688602437973025,0.45688602437973025,0.1949018015384674,0.050862955993413984,0.21008815102536105,0.9214550773620606,0.22010325608253478,0.001,5,0.22010325608253478,0.2201030185699463,2.375125884856999e-07,0.2201030185699463,2.375125884856999e-07,1.3293711077722036e-08,3.524993200977128e-08,0,,,,,,,,,,,,,,,,,,,,,,,,,,,,,3.9943625777953993,0.3806630217887125,3.7938801144555083,4.762185295211764,0.9961812287622096,830.1254761199158,303.2930408287262,,,1820.1268743462892,371.89100982546705,1820.1268743462892,371.89100982546705,830.1254761199158,303.2930408287262,1820.1268743462892,371.89100982546705,,,,,,,,,0.05,1e-05,1,product,1.0,,,,,,,,,,,,,,,,,,,,,,,,1.0,,,1,101770,45.95701584601931,0.1138484891286486,0.08827040249574754,0.0948524922132492,0.2362448558211327,0.06726376567252981,0.0033819846532697558,0.04993077740073204,0.06293288767337799,0.06516497768461704,0.06743426248431206,0.06948420032858849,0.07129843309521675,0.07247687391936777,0.08523771911859512,222.74836972605752,23.162714140602745,137.6373748779297,219.9068603515625,252.49029693603515,401.10986328125,461.6136572913749,-549641.8392451281,-130415.54510899536,1.7025942355613035,1.336412302791663,7.224085418941805e-06,0.25966345643385225,0.6600665387854602,1.4087827583396872,2.4364760655223296,3.5422989196427426,4.297144482576061,10.034055870528903,0.9393974997902618,9.746330096117935,-11.711783325122548,2.976880551214403,10.985704133338006,0.19171661589859487,0.3703154171170286,0.6580917755723691,0.9752579345583178,0.6296845828829714,0.3419082244276309,0.024742065441682226,64083,34796,2518,4.064271909844577,0.04721905826590955,,1.90898367866461,0.25956112852664576,0.0012539184952978057,,,,222.7483673095703,23.1627140045166,45.95701584601931,0.06726375967264175,1,update_snr,0.02,20,100,,,,2036.0,0.0,0.020005895647047262,0.0,0.36597258376534375,0.058233106946700634,0.15549500325642798,0.1432731662254351,0.30135524900684735,1526550,2036.0,30540,0.020005895647047262,12212400,610800,244320,366480,0.9499852608823819,0.6779554526836995,0.428083753120075,,,1.6230723166359975,,106.33333333333333,133.94658968741567,2.0,381.0,random,,,,,,,,,,,,,,snr_histograms.csv,calibration_bins.csv,0.001,196.71615142822264,207.1227798461914,235.4894676208496,264.59029083251943,-102.82434134734319,-3.608245653671915,7.735242989647951,12.663599108877929,20.029530297787783,620.5691514015198,651.2146803474427,670.0436774194241,1429.6093951416015,1438.989271068573,1625.2209302738324,1629.8991566550374,1636.8470485174662,2560.310843033833,2572.230957474916,1625.2209302738324,1629.8991566550374,1636.8470485174662,2560.310843033833,2572.230957474916,3.7988322475760907,3.8078287311608996,4.7530232560618115,0.0007688167779667057,0.9946275378158228,0.9946497960343031,0.9965584044503821,0.9965748502034054,0.9965823119173338,620.5691514015198,651.2146803474427,670.0436774194241,1429.6093951416015,1438.989271068573,1625.2209302738324,1629.8991566550374,1636.8470485174662,2560.310843033833,2572.230957474916,product,0.996081833433492,,2036.0,2036.0,2036.0,2036.0,2036.0,0.020005895647047262,0.020005895647047262,0.020005895647047262,0.020005895647047262,0.020005895647047262,0.3361114564053179,0.3362886348589661,0.3371193837089271,0.48166518084693505,0.4841881032773703,0.012196916542502002,0.14898825254235207,0.1490904086829401,0.14950721198805192,0.17978573492659902,0.18009615848178914,0.007273575483558617,0.13875167655628431,0.13919903673282458,0.1398203106053672,0.15771256313019902,0.15810215514978967,0.030801361297599084,0.28492292331552505,0.28547835822321543,0.2862906258453225,0.36279671673579483,0.36345159623166823
bayesfl_observability_v1,vi_update_snr_prune098_keep002_seed42,133,vi,mnist,mlp,0,0,0.1,0.5,300,24,0.05,15,2900,2900,5,256,0.05,42,1,5,5,4.390619773417711,2.3113334104418755,0.010959438979625702,2.0779861472547054,0,15,12,0.836,0.6166826225280762,1557.7592484464576,0.836,0.16400000000000003,0.6166826225280762,0.6166826225280762,0.25539913864135744,0.08369374370723964,0.2518865272402763,0.9196937454223633,0.22252220821380614,10000,0.836,0.6166826225280762,0.6166826225280762,0.25539913864135744,0.08369374370723964,0.2518865272402763,0.9196937454223633,0.22252220821380614,0.836,0.6166844396591187,0.6166844396591187,0.25540068011283873,0.08369459487497807,0.2518062248826027,0.9196945974349976,0.22252258729934693,0.001,5,0.22252258729934693,0.2225223257303238,2.6156902313556607e-07,0.2225223257303238,2.6156902313556607e-07,1.4595356554991667e-08,3.99004053481304e-08,0,,,,,,,,,,,,,,,,,,,,,,,,,,,,,4.1273022444830225,0.4621407884048229,3.790909232355287,4.852086113828924,0.9959426601506106,978.2035078066588,459.83771930870205,,,1950.0911865596743,456.20962256273947,1950.0911865596743,456.20962256273947,978.2035078066588,459.83771930870205,1950.0911865596743,456.20962256273947,,,,,,,,,0.05,1e-05,1,product,1.0,,,,,,,,,,,,,,,,,,,,,,,,1.0,,,1,101770,46.17139669822351,0.11443874674463529,0.08860579158842492,0.09535577520728111,0.23701931834220896,0.06733374050710857,0.0033894422817151663,0.04952121153473854,0.06299124583601952,0.06523590162396431,0.06750308722257614,0.0695588793605566,0.07137596681714058,0.07255977019667625,0.08523771911859512,222.2895537862284,23.13960627980819,137.6373748779297,219.45865631103516,252.02267456054688,407.7720642089844,462.57731101146885,-549430.804848703,-130310.02791076092,1.7096454067768052,1.3400496418594954,7.224085418941805e-06,0.2605621709975391,0.6653271923257325,1.4157008418709225,2.4476398961532224,3.552994969312176,4.313079833982032,10.26271746334497,0.981304542794012,9.744237422824781,-11.681772717918385,3.0194298064139593,11.011891851203352,0.19029183452883955,0.3685565490812617,0.6565589073400806,0.9748255871081851,0.6314434509187383,0.3434410926599194,0.025174412891814876,64262,34952,2562,4.479149373786871,0.06704893335700035,,1.8663071511257825,0.35620689655172416,0.0003448275862068965,,,,222.28955078125,23.139606475830078,46.17139669822351,0.06733374297618866,1,update_snr,0.02,20,100,,,,2036.0,0.0,0.020005895647047262,0.0,0.3872910500481456,0.07255512661367716,0.15932624112476282,0.14498124255308184,0.31181009400059045,1526550,2036.0,30540,0.020005895647047262,12212400,610800,244320,366480,0.9499852608823819,0.5980199656200208,0.5273445652261297,,,1.7149517463271222,,193.33333333333334,256.20451899909096,1.0,974.0,random,,,,,,,,,,,,,,snr_histograms.csv,calibration_bins.csv,0.001,196.2890167236328,206.67827606201172,234.97770309448242,264.20000152587886,-102.82434134734319,-3.53929452626846,7.774950468861655,12.69574992916657,20.225247455423133,632.4928087741137,645.2956754207611,688.9259675264359,1478.4341380119322,2138.611369371414,1619.3127863760546,1622.1280887105625,1631.7502865159486,2575.326145842047,2702.0312759769845,1619.3127863760546,1622.1280887105625,1631.7502865159486,2575.326145842047,2702.0312759769845,3.7934021990923235,3.8052015172507114,4.7706088102906135,0.0009267262858477476,0.994476254816879,0.9946531991811173,0.9965887628564777,0.9966108153642862,0.9966132763299242,632.4928087741137,645.2956754207611,688.9259675264359,1478.4341380119322,2138.611369371414,1619.3127863760546,1622.1280887105625,1631.7502865159486,2575.326145842047,2702.0312759769845,product,0.99528327827776,,2036.0,2036.0,2036.0,2036.0,2036.0,0.020005895647047262,0.020005895647047262,0.020005895647047262,0.020005895647047262,0.020005895647047262,0.3359810003641564,0.33601207898583724,0.3363674195599902,0.4835376534033351,0.5155509255489399,0.01448311526494587,0.1485193927782968,0.1487032765264482,0.14923913139681505,0.17989512807284158,0.18053188129069628,0.008255937981199644,0.13817614459378802,0.13875196768701298,0.13950774673477467,0.15750453154201308,0.15868166148410262,0.03738242131305828,0.2849343555672506,0.2850247542049899,0.2857322483984973,0.3638979377958371,0.3687479158051025
bayesfl_observability_v1,vi_update_snr_prune098_keep002_seed42,134,vi,mnist,mlp,0,0,0.1,0.5,300,24,0.05,15,950,950,5,256,0.05,42,1,5,5,4.313272133469582,2.04836168512702,0.014189165085554123,2.2641725689172745,0,15,13,0.8343,0.6128669275283813,972.62677664556,0.8343,0.16569999999999996,0.6128669275283813,0.6128669275283813,0.25387997002601626,0.07678255603015428,0.2583748996257782,0.9109541206359864,0.24176113467216492,10000,0.8343,0.6128669275283813,0.6128669275283813,0.25387997002601626,0.07678255603015428,0.2583748996257782,0.9109541206359864,0.24176113467216492,0.8345,0.6128782510757447,0.6128782510757447,0.2538836953163147,0.07658087630271915,0.2583211064338684,0.9109522249221802,0.24176445748806,0.001,5,0.24176445748806,0.24176416945457457,2.880334854238331e-07,0.24176416945457457,2.880334854238331e-07,1.6518456409642113e-08,4.1915467546152215e-08,0,,,,,,,,,,,,,,,,,,,,,,,,,,,,,3.867891170070722,0.24211722742899325,3.787403735896855,4.773090362850435,0.996495980823868,724.2362514964739,188.2912811113404,,,1690.3804279126336,236.38651155585111,1690.3804279126336,236.38651155585111,724.2362514964739,188.2912811113404,1690.3804279126336,236.38651155585111,,,,,,,,,0.05,1e-05,1,product,1.0,,,,,,,,,,,,,,,,,,,,,,,,1.0,,,1,101770,46.306634826468155,0.11475072226761548,0.08889530469809555,0.09541282802820206,0.23758394867181779,0.06739308495867741,0.0033742759753655578,0.05039145424962044,0.06308147609233856,0.06530308723449707,0.06756740808486938,0.06961408443748951,0.07140831127762795,0.07258263565599918,0.08523771911859512,221.8804166897465,22.982661130712263,137.6373748779297,219.0410385131836,251.30220642089844,393.80950927734375,463.38055200087564,-549248.7583943749,-130219.00468357725,1.7127959186206552,1.343247484923692,7.224085418941805e-06,0.262788712294325,0.6634363422474808,1.4157008418709225,2.4526619892007178,3.5608871148008556,4.325187143219784,10.26271746334497,0.9943027406510029,9.758289388836202,-11.607865869390844,3.0194298064139593,11.031164122584503,0.18996757394124006,0.36801611476859586,0.6553502996953916,0.9746388916183552,0.6319838852314041,0.34464970030460845,0.025361108381644886,64317,35075,2581,3.6942071926059943,0.04669724218547344,,1.8658304727399753,0.38842105263157894,0.002105263157894737,,,,221.88043212890625,22.9826602935791,46.306634826468155,0.06739307940006256,1,update_snr,0.02,20,100,,,,2036.0,0.0,0.020005895647047262,0.0,0.3460860131682066,0.036575446382277596,0.15111024017997185,0.1403522317154477,0.29069037829444533,1526550,2036.0,30540,0.020005895647047262,12212400,610800,244320,366480,0.9499852608823819,0.6606601248763181,0.44802268101994486,,,1.6496848314283965,,63.333333333333336,89.76017429176979,2.0,369.0,random,,,,,,,,,,,,,,snr_histograms.csv,calibration_bins.csv,0.001,196.11123046875,206.35061264038086,234.49445343017578,263.6416519165039,-102.82434134734319,-3.564014869014958,7.79275400888696,12.720098065904507,20.225247455423133,620.0537769436836,639.0514349174499,674.4511128664017,734.7032404327392,1419.0550247192382,1614.191763944456,1618.1512995969838,1626.7538971860297,1642.1220651660506,2574.3593560743766,1614.191763944456,1618.1512995969838,1626.7538971860297,1642.1220651660506,2574.3593560743766,3.7919109150572075,3.8020351410195032,3.8214751115016274,0.0004817913265664616,0.9946944449690605,0.9965911138906188,0.9966259696965454,0.9966445085112994,0.9966522637902918,620.0537769436836,639.0514349174499,674.4511128664017,734.7032404327392,1419.0550247192382,1614.191763944456,1618.1512995969838,1626.7538971860297,1642.1220651660506,2574.3593560743766,product,0.9968127666832073,,2036.0,2036.0,2036.0,2036.0,2036.0,0.020005895647047262,0.020005895647047262,0.020005895647047262,0.020005895647047262,0.020005895647047262,0.3358020043221719,0.33582757826351856,0.33645147327690217,0.3371391794562833,0.48292965332037807,0.0078094214202084,0.14825976917520436,0.14848030303917342,0.148974717776819,0.14989679160975783,0.18028077520562466,0.004740812705627787,0.1379263359982604,0.138546137649395,0.13899844874657197,0.14004802040069336,0.15796860459804757,0.019658077807687503,0.2844105830598595,0.28473882477176105,0.28551360516112767,0.28646484742567163,0.36421007159127533
bayesfl_observability_v1,vi_update_snr_prune098_keep002_seed42,135,vi,mnist,mlp,0,0,0.1,0.5,300,24,0.05,15,1071,1071,5,256,0.05,42,1,5,5,4.526123255491257,2.0832871571183205,0.011531535536050797,2.4422521144151688,0,15,12,0.8568,0.5175893777370453,720.4428458459029,0.8568,0.1432,0.5175893777370453,0.5175893777370453,0.21714863874912263,0.06079595745801925,0.2559959888458252,0.9175959513664246,0.22821733055114746,10000,0.8568,0.5175893777370453,0.5175893777370453,0.21714863874912263,0.06079595745801925,0.2559959888458252,0.9175959513664246,0.22821733055114746,0.8568,0.5175825114250183,0.5175825114250183,0.21714770140647888,0.06079708079695698,0.25593460351228714,0.9175970962524415,0.22821891496181487,0.001,5,0.22821891496181487,0.22821865315437317,2.6180744169823633e-07,0.22821865315437317,2.6180744169823633e-07,1.4611706721723294e-08,3.7712314655264094e-08,12,0.9303547321556801,0.962878787878788,0.061597012258647076,0.8333333333333334,0.8433333333333334,0.9492424242424242,1.0,1.0,1.0,1.0,0.41536331952942296,0.22952525961787354,0.4056770402375776,3.5762775496550603e-07,0.024517194434468235,1.2187447018093533,,,0.22952525961787354,,,,,,,,,,3.806136406999195,0.007511675412554963,3.792654164418518,3.817658434658235,0.9966387670259316,687.4711868030827,42.81922946071684,,,1626.7085726407308,6.493788553835844,1626.7085726407308,6.493788553835844,687.4711868030827,42.81922946071684,1626.7085726407308,6.493788553835844,,,,,,,,,0.05,1e-05,1,product,1.0,,,,,,,,,,,,,,,,,,,,,,,,1.0,,,1,101770,46.433108372604195,0.11505871330456491,0.08914509097534298,0.09578923135995865,0.23840543478727344,0.067447854333571,0.003357743343802656,0.05024112015962601,0.06314189657568932,0.06536645442247391,0.0676313117146492,0.06966125592589378,0.07143732830882073,0.07258936539292335,0.08523771911859512,221.50156070498946,22.82345135124901,137.6373748779297,218.62728881835938,250.82148895263674,396.1698303222656,464.1208123219273,-549080.535703837,-130134.89333829017,1.715990232954326,1.3458847970021577,7.224085418941805e-06,0.2622817813239179,0.6670178023605894,1.41870633733478,2.4561771090168976,3.5736191340817327,4.332737032301295,10.251697045307996,1.0124456161816835,9.751033048687368,-11.624637509206616,3.037850173803413,11.062165295626896,0.18948609609904687,0.36838950574825585,0.6542203006779994,0.9743539353444041,0.6316104942517441,0.3457796993220006,0.025646064655595952,64279,35190,2610,3.4611913149750997,0.02509772777557373,,2.1863361721051624,0.19327731092436976,0.0018674136321195146,,,,221.50155639648438,22.823450088500977,46.433108372604195,0.06744785606861115,1,update_snr,0.02,20,100,,,,2036.0,0.0,0.020005895647047262,0.0,0.3358366464219156,0.00038906146311276597,0.14904305115443442,0.13945739891133738,0.28519954077409,1526550,2036.0,30540,0.020005895647047262,12212400,610800,244320,366480,0.9499852608823819,0.7699677889353278,0.40024775319651656,,,1.5236825861904006,,71.4,63.808881304512255,2.0,207.0,random,,,,,,,,,,,,,,snr_histograms.csv,calibration_bins.csv,0.001,195.9519485473633,206.07125091552734,234.0400276184082,262.90942687988274,-102.82434134734319,-3.5172514971002085,7.805193590459415,12.735246604995496,20.21591527155777,644.847458410263,648.4724806398153,670.7040380477905,752.8691933441162,793.7902990341187,1614.4354977358896,1619.229918254369,1626.6643670784024,1635.5208434431513,1636.002883545582,1614.4354977358896,1619.229918254369,1626.6643670784024,1635.5208434431513,1636.002883545582,3.7973085045065975,3.8057296966286174,3.8164332732545723,1.3537933106397389e-05,0.9966172839349436,0.9966208176291033,0.9966413748707358,0.9966523147585553,0.9966640266565752,644.847458410263,648.4724806398153,670.7040380477905,752.8691933441162,793.7902990341187,1614.4354977358896,1619.229918254369,1626.6643670784024,1635.5208434431513,1636.002883545582,product,0.9972179176818744,0.4056770402375776,2036.0,2036.0,2036.0,2036.0,2036.0,0.020005895647047262,0.020005895647047262,0.020005895647047262,0.020005895647047262,0.020005895647047262,0.33493262940194624,0.33546737149001354,0.33581461656388856,0.33638274714727073,0.3365035394993094,0.0003686885951108033,0.14831979705132,0.14861400492195245,0.14899699228254096,0.14945136884125013,0.14964654302725067,0.0005950178962330647,0.13827926175233857,0.1386974505075955,0.13932478552211913,0.14019806283836736,0.14037898786798209,0.00042386193474005547,0.2843737659518494,0.284651196056337,0.28531122633097283,0.2856323024010018,0.28600870331004935
bayesfl_observability_v1,vi_update_snr_prune098_keep002_seed42,136,vi,mnist,mlp,0,0,0.1,0.5,300,24,0.05,15,2228,2228,5,256,0.05,42,1,5,5,4.36730732396245,2.1140912733972073,0.011452682316303253,2.252583358436823,0,15,13,0.8556,0.5263255810260773,1426.061971881349,0.8556,0.14439999999999997,0.5263255810260773,0.5263255810260773,0.22118535170555115,0.06228579603433606,0.2407608926296234,0.9176932025909423,0.22791681122779847,10000,0.8556,0.5263255810260773,0.5263255810260773,0.22118535170555115,0.06228579603433606,0.2407608926296234,0.9176932025909423,0.22791681122779847,0.8556,0.5263317112922669,0.5263317112922669,0.22118722491264342,0.062284756657481226,0.24064740538597107,0.9176922343254089,0.22791584115028382,0.001,5,0.22791584115028382,0.2279155728340149,2.6831626892542815e-07,0.2279155728340149,2.6831626892542815e-07,1.5182780964551056e-08,3.9452758676293e-08,0,,,,,,,,,,,,,,,,,,,,,,,,,,,,,4.003553538881167,0.39354807189143515,3.796721603293503,4.838197380803158,0.9962678707210458,870.9270290883381,411.3947548189202,,,1818.6389362969435,389.00682411932905,1818.6389362969435,389.00682411932905,870.9270290883381,411.3947548189202,1818.6389362969435,389.00682411932905,,,,,,,,,0.05,1e-05,1,product,1.0,,,,,,,,,,,,,,,,,,,,,,,,1.0,,,1,101770,46.58963619563069,0.11543232683334409,0.08946399689354265,0.09609698876738548,0.23930771052837382,0.06751564536311397,0.0033551043274239567,0.04999532178044319,0.0632017008960247,0.06544322520494461,0.06769886985421181,0.0697308648377657,0.07150430977344513,0.07263984084129332,0.08523771911859512,221.05083330050778,22.733600045402895,137.6373748779297,218.19117736816406,250.3470489501953,400.0748596191406,465.05013518067386,-548875.1445710033,-130032.19777185167,1.7197613968389889,1.3491175125585648,7.224085418941805e-06,0.2628630641922256,0.6651189941006865,1.4218998384066932,2.46453187185148,3.5813440744878973,4.337133806269368,10.251697045307996,1.0230832462814567,9.763691762300198,-11.605408676810558,3.057380096702031,11.080920948910043,0.18911270511938685,0.36830107104254695,0.652137172054633,0.9740886312272772,0.631698928957453,0.347862827945367,0.025911368772722806,64288,35402,2637,4.1567544416297,0.0672442615032196,,1.9068473358594504,0.3464991023339318,0.0004488330341113106,,,,221.05084228515625,22.733598709106445,46.58963619563069,0.06751564145088196,1,update_snr,0.02,20,100,,,,2036.0,0.0,0.020005895647047262,0.0,0.36695811601412126,0.06260746085072967,0.1549733993731974,0.14239118216607075,0.30070172407037377,1526550,2036.0,30540,0.020005895647047262,12212400,610800,244320,366480,0.9499852608823819,0.5553129853004382,0.4045181355802374,,,1.7402329775853942,,148.53333333333333,206.24996700336433,1.0,772.0,random,,,,,,,,,,,,,,snr_histograms.csv,calibration_bins.csv,0.001,195.58501586914062,205.6600341796875,233.49123764038086,262.325129699707,-102.82434134734319,-3.542012993927743,7.834688776721586,12.744056394346252,20.21591527155777,630.8675565719604,641.8148064613342,675.2123321533203,1450.4529893112183,2057.4869080781937,1614.8348667434277,1619.4660093785756,1624.647431482184,2558.410962981828,2671.028148922657,1614.8348667434277,1619.4660093785756,1624.647431482184,2558.410962981828,2671.028148922657,3.800768093851616,3.8076493056000253,4.767072896620603,0.0007752963161620107,0.9946122696057195,0.9947701336620873,0.9966527940180588,0.9966645705818591,0.9966711532768247,630.8675565719604,641.8148064613342,675.2123321533203,1450.4529893112183,2057.4869080781937,1614.8348667434277,1619.4660093785756,1624.647431482184,2558.410962981828,2671.028148922657,product,0.9960120895031064,,2036.0,2036.0,2036.0,2036.0,2036.0,0.020005895647047262,0.020005895647047262,0.020005895647047262,0.020005895647047262,0.020005895647047262,0.33440302755852375,0.33510727388330336,0.33592858819335125,0.48230940143670104,0.510509741782283,0.01201282826963666,0.14843343393436054,0.14867387584322894,0.14902642586940712,0.17883712316134479,0.17953330256997418,0.0064698176300707734,0.13863764592923433,0.1386518998217236,0.1393478521795975,0.15456968073250982,0.15719397985826083,0.03162947504488555,0.28430581104604186,0.28440322317774186,0.28487510749477307,0.3631802247686443,0.36575958209035625
bayesfl_observability_v1,vi_update_snr_prune098_keep002_seed42,137,vi,mnist,mlp,0,0,0.1,0.5,300,24,0.05,15,2189,2189,5,256,0.05,42,1,5,5,4.409696005284786,2.137976624071598,0.00979980081319809,2.2711078710854053,0,15,11,0.8516,0.5509847521781921,1276.286807987825,0.8516,0.14839999999999998,0.5509847521781921,0.5509847521781921,0.22949753260612488,0.06550709619820119,0.17955559509956898,0.917055471611023,0.2289403559446335,10000,0.8516,0.5509847521781921,0.5509847521781921,0.22949753260612488,0.06550709619820119,0.17955559509956898,0.917055471611023,0.2289403559446335,0.8516,0.5509871104240417,0.5509871104240417,0.22949857168197632,0.06550626487731928,0.17908253450564737,0.917054542350769,0.22894342031478881,0.001,5,0.22894342031478881,0.22894315156936645,2.687454223604391e-07,0.22894315156936645,2.687454223604391e-07,1.5229576196418293e-08,4.0452400751765986e-08,0,,,,,,,,,,,,,,,,,,,,,,,,,,,,,4.124149858192698,0.4496941072653103,3.793786233892958,4.785407353044955,0.9960601426839234,926.8014093176523,343.49075185746,,,1929.0575586582183,436.079399770393,1929.0575586582183,436.079399770393,926.8014093176523,343.49075185746,1929.0575586582183,436.079399770393,,,,,,,,,0.05,1e-05,1,product,1.0,,,,,,,,,,,,,,,,,,,,,,,,1.0,,,1,101770,46.809901939821884,0.11596356741831242,0.08990566721722784,0.09664415940642357,0.24066312909126286,0.0675852082304051,0.0033622092715978004,0.050168611109256744,0.06325401663780213,0.06550901755690575,0.06777109950780869,0.06980649568140507,0.07157739028334618,0.07271035835146904,0.08523771911859512,220.60046704983773,22.724518490527448,137.6373748779297,217.726318359375,249.93309478759767,397.3158264160156,466.0114270095615,-548666.1521519751,-129927.70156231606,1.725840225306298,1.3542940409208035,7.224085418941805e-06,0.26169144962963237,0.6650501939657433,1.4283658426552908,2.4726583591127986,3.591554874614257,4.361976631122362,10.34350014171601,1.0461958059002638,9.774607879065519,-11.644209341164883,3.096789122091682,11.10565012550606,0.18928957453080475,0.36627689888965315,0.6503389997052177,0.9739215878942714,0.6337231011103469,0.34966100029478236,0.026078412105728605,64494,35585,2654,4.405025238089317,0.04730056785047054,,1.9313548133454677,0.21699406121516673,0.0013704888076747374,,,,220.60047912597656,22.724517822265625,46.809901939821884,0.06758521497249603,1,update_snr,0.02,20,100,,,,2036.0,0.0,0.020005895647047262,0.0,0.38362892381856034,0.0686614710817377,0.1589053333644851,0.14513326183583286,0.31028803793344967,1526550,2036.0,30540,0.020005895647047262,12212400,610800,244320,366480,0.9499852608823819,0.6233052386147903,0.42981593650684574,,,1.6701751947660348,,145.93333333333334,155.1822441160357,1.0,475.0,random,,,,,,,,,,,,,,snr_histograms.csv,calibration_bins.csv,0.001,195.1858383178711,205.2146339416504,233.02248001098633,261.8388946533203,-102.82434134734319,-3.5429115108039198,7.863282302655335,12.793666689760236,20.293350494717878,645.7374855339527,655.5375684928894,694.1370895385742,1427.8738861751556,1432.0630857467652,1610.4053253369282,1613.8298342617409,1623.7763792510175,2544.121710553666,2571.9607974513597,1610.4053253369282,1613.8298342617409,1623.7763792510175,2544.121710553666,2571.9607974513597,3.797650397991043,3.8097651496334666,4.758901979546148,0.0008758984099863028,0.9947614063839834,0.9948268991276125,0.996674251451193,0.9966932740578998,0.9967024010326933,645.7374855339527,655.5375684928894,694.1370895385742,1427.8738861751556,1432.0630857467652,1610.4053253369282,1613.8298342617409,1623.7763792510175,2544.121710553666,2571.9607974513597,product,0.995562355407188,,2036.0,2036.0,2036.0,2036.0,2036.0,0.020005895647047262,0.020005895647047262,0.020005895647047262,0.020005895647047262,0.020005895647047262,0.33434992258382473,0.3344057676984341,0.33556628160519797,0.48081578717463885,0.4812466516985312,0.014321668374042472,0.1481975822507913,0.1483214738559045,0.14887846653111772,0.179153272510449,0.18018401073830778,0.008454210787705493,0.13829286362178372,0.13852591733622907,0.139170066470663,0.15709128913427753,0.15808489201408524,0.036540923945698085,0.2834818970956554,0.28382533910149643,0.2846698417144949,0.36187681115606735,0.36368693682004016
bayesfl_observability_v1,vi_update_snr_prune098_keep002_seed42,138,vi,mnist,mlp,0,0,0.1,0.5,300,24,0.05,15,3016,3016,5,256,0.05,42,1,5,5,4.986427970230579,2.705991730093956,0.01015828549861908,2.2797848358750343,0,15,12,0.8615,0.5009100666999817,1445.362723730577,0.8615,0.13849999999999996,0.5009100666999817,0.5009100666999817,0.20965790629386902,0.05366522577255964,0.25627345219254494,0.9150940040588379,0.23379758231639863,10000,0.8615,0.5009100666999817,0.5009100666999817,0.20965790629386902,0.05366522577255964,0.25627345219254494,0.9150940040588379,0.23379758231639863,0.8615,0.500910550403595,0.500910550403595,0.2096580876350403,0.05369396706074473,0.2563369460403919,0.9150955257415772,0.2337959909915924,0.001,5,0.2337959909915924,0.23379572896957398,2.620220184157418e-07,0.23379572896957398,2.620220184157418e-07,1.494953685323708e-08,3.9083573831891645e-08,0,,,,,,,,,,,,,,,,,,,,,,,,,,,,,4.090483540253747,0.46879898650854396,3.7987533150355204,4.981551630188895,0.9961553463454353,947.1197921600607,449.58290353010716,,,1898.066778920995,465.0937109764535,1898.066778920995,465.0937109764535,947.1197921600607,449.58290353010716,1898.066778920995,465.0937109764535,,,,,,,,,0.05,1e-05,1,product,1.0,,,,,,,,,,,,,,,,,,,,,,,,1.0,,,1,101770,47.0094943857868,0.11643157007186607,0.09032312600405115,0.09708424657583237,0.24149971902370462,0.06765308967779876,0.003365344141608189,0.049105480313301086,0.06331681311130524,0.06557115167379379,0.0678366869688034,0.06987123936414719,0.07165617644786834,0.07279070280492306,0.08535136282444,220.157566719996,22.674995269553204,137.27108764648438,217.3055191040039,249.43758697509764,414.70574951171875,466.9478393833082,-548461.7700134792,-129825.51049304688,1.7310537499309515,1.3591377852532405,3.1536902151649793e-06,0.26302907585793833,0.6683440544751478,1.4335753845602608,2.480975731849451,3.5996087969115185,4.375969274578236,10.576410292731746,1.0687594903002093,9.789729836605305,-11.59992482612151,3.1284107051600083,11.125106089326383,0.18814974943500049,0.36596246438046576,0.649444826569716,0.9735481969146114,0.6340375356195342,0.350555173430284,0.026451803085388623,64526,35676,2692,4.372613306041258,0.05933195957913995,,1.8679953302977221,0.2957559681697613,0.0009946949602122016,,,,220.15757751464844,22.67499542236328,47.0094943857868,0.06765308976173401,1,update_snr,0.02,20,100,,,,2036.0,0.0,0.020005895647047262,0.0,0.3792265669256627,0.07409593169724467,0.15750599899207704,0.14396980224102846,0.3068879524519415,1526550,2036.0,30540,0.020005895647047262,12212400,610800,244320,366480,0.9499852608823819,0.6191784792348626,0.28163436318723173,,,1.6861056732196207,,201.06666666666666,232.24999940198543,2.0,765.0,random,,,,,,,,,,,,,,snr_histograms.csv,calibration_bins.csv,0.001,194.7568572998047,204.83450317382812,232.58108139038086,261.3275665283203,-110.02361663304605,-3.4999982207915648,7.892450323092073,12.821485278531751,20.486765802766087,636.3197076678276,644.6023616409301,693.9572529792786,1691.6155239772795,1941.375470352173,1611.1143258464783,1614.7369381100648,1626.6467375019608,2692.6831960201557,2799.0996444544708,1611.1143258464783,1614.7369381100648,1626.6467375019608,2692.6831960201557,2799.0996444544708,3.8025146626224666,3.817164906296107,4.889665538460759,0.0009186208901476841,0.9943835262893675,0.9945854947945733,0.9966901236193996,0.9967175402807497,0.9967236488453893,636.3197076678276,644.6023616409301,693.9572529792786,1691.6155239772795,1941.375470352173,1611.1143258464783,1614.7369381100648,1626.6467375019608,2692.6831960201557,2799.0996444544708,product,0.9956646614831888,,2036.0,2036.0,2036.0,2036.0,2036.0,0.020005895647047262,0.020005895647047262,0.020005895647047262,0.020005895647047262,0.020005895647047262,0.33439914320977493,0.33472773543044554,0.33525822126085675,0.5051219190223366,0.5229842830750143,0.01442524503358487,0.14835884668637953,0.14852816763204268,0.14920830582107059,0.1820547712788835,0.18433960184214138,0.00795060525057648,0.13865195205130332,0.13871868244404084,0.13928145538520284,0.15725132850753668,0.1579972772008204,0.03741561740933328,0.28364763523813186,0.283875339333634,0.28482725991665636,0.3703618668842806,0.3769103549091047
bayesfl_observability_v1,vi_update_snr_prune098_keep002_seed42,139,vi,mnist,mlp,0,0,0.1,0.5,300,24,0.05,15,3696,3696,5,256,0.05,42,1,5,5,4.726726144552231,2.5342925302684307,0.01019296795129776,2.1919023878872395,0,15,10,0.8742,0.45053612666130066,1895.4421958767248,0.8742,0.12580000000000002,0.45053612666130066,0.45053612666130066,0.18959912641048432,0.04686192688047881,0.13127974722297697,0.9210013261795044,0.21965450582504273,10000,0.8742,0.45053612666130066,0.45053612666130066,0.18959912641048432,0.04686192688047881,0.13127974722297697,0.9210013261795044,0.21965450582504273,0.8743,0.45053104362487795,0.45053104362487795,0.18959815602302552,0.04676329372972251,0.13375404567429516,0.9210026922225952,0.21965142908096313,0.001,5,0.21965142908096313,0.21965117971897125,2.493619918886303e-07,0.21965117971897125,2.493619918886303e-07,1.404594385121527e-08,3.9139972472238334e-08,0,,,,,,,,,,,,,,,,,,,,,,,,,,,,,3.98960204450429,0.37817633321639604,3.7820603702105515,4.871686470551606,0.9963865133914,984.7242481454214,609.9549821093365,,,1801.55784576232,384.2468054096029,1801.55784576232,384.2468054096029,984.7242481454214,609.9549821093365,1801.55784576232,384.2468054096029,,,,,,,,,0.05,1e-05,1,product,1.0,,,,,,,,,,,,,,,,,,,,,,,,1.0,,,1,101770,47.17269506327982,0.11686864887216512,0.09059431110140273,0.0973745658993721,0.24235630631446844,0.06773033533539995,0.003379859492203688,0.049584753811359406,0.06336182728409767,0.0656446497887373,0.06790917366743088,0.0699522290378809,0.07174981385469437,0.07289281189441679,0.08535136282444,219.66527206317443,22.67930313574437,137.27108764648438,216.84185028076172,249.08330688476562,406.7276306152344,468.02209202473057,-548231.0447755647,-129710.14787406607,1.7355285571428576,1.3615811579647188,3.1536902151649793e-06,0.2637884807529756,0.6723720827230175,1.435288660763699,2.4869019112128394,3.6126467386132455,4.382915898081931,10.884284999009305,1.090858783024722,9.79326308040074,-11.574883468643176,3.138785075803029,11.156509926231326,0.18683305492777832,0.3640463790901051,0.6482656971602634,0.9732927188758966,0.6359536209098948,0.35173430283973667,0.02670728112410337,64721,35796,2718,4.2960960883429165,0.06735614687204361,,1.695887286706599,0.295995670995671,0.003246753246753247,,,,219.665283203125,22.679302215576172,47.17269506327982,0.06773032993078232,1,update_snr,0.02,20,100,,,,2036.0,0.0,0.020005895647047262,0.0,0.3679943284875657,0.06719756178538105,0.1533259953555069,0.1403194988791989,0.29847573613809436,1526550,2036.0,30540,0.020005895647047262,12212400,610800,244320,366480,0.9499852608823819,0.6094624658320646,0.4951732790010459,,,1.6785625213246127,,246.4,372.9526869009884,4.0,1094.0,random,,,,,,,,,,,,,,snr_histograms.csv,calibration_bins.csv,0.001,194.24884643554688,204.36046981811523,232.06054306030273,260.7965408325195,-110.02361663304605,-3.4478065406010128,7.9131731218768415,12.835262744796132,20.735998100370203,638.0299006462097,647.0048918533325,683.7561487197876,2168.3865089597703,2293.685040006638,1594.387685885548,1602.8572483282298,1612.4799212262808,2503.5149153756006,2691.8543335597797,1594.387685885548,1602.8572483282298,1612.4799212262808,2503.5149153756006,2691.8543335597797,3.792382901459444,3.8041869428958583,4.676722265270974,0.0007234884178211335,0.9946736206728078,0.9950874508275745,0.9967413750975179,0.9967639718279905,0.9967779557972842,638.0299006462097,647.0048918533325,683.7561487197876,2168.3865089597703,2293.685040006638,1594.387685885548,1602.8572483282298,1612.4799212262808,2503.5149153756006,2691.8543335597797,product,0.9958445838270702,,2036.0,2036.0,2036.0,2036.0,2036.0,0.020005895647047262,0.020005895647047262,0.020005895647047262,0.020005895647047262,0.020005895647047262,0.3335243226239148,0.33389175950325484,0.3347293494838845,0.49654595445216315,0.5140219230441397,0.010248464812398852,0.14737287369420213,0.14772473886106063,0.1483582412889672,0.17100176740877693,0.1786948954381848,0.0038632789508891846,0.13735532727509536,0.13766209145499564,0.13885980675275877,0.1451692963688668,0.15192271142382896,0.02961887956435639,0.2825936292865265,0.2833723862258145,0.2838990906942855,0.35207970477044603,0.3678628151357378
bayesfl_observability_v1,vi_update_snr_prune098_keep002_seed42,140,vi,mnist,mlp,0,0,0.1,0.5,300,24,0.05,15,1503,1503,5,256,0.05,42,1,5,5,4.5650811940431595,2.2317909225821495,0.00812244787812233,2.332718063145876,0,15,10,0.8672,0.48634943528175356,889.0104165743926,0.8672,0.13280000000000003,0.48634943528175356,0.48634943528175356,0.20239887611865998,0.0525314596921205,0.2643798291683197,0.919731460762024,0.22200005731582642,10000,0.8672,0.48634943528175356,0.48634943528175356,0.20239887611865998,0.0525314596921205,0.2643798291683197,0.919731460762024,0.22200005731582642,0.8672,0.48634925553798675,0.48634925553798675,0.2024012633085251,0.05253354424834247,0.2638031840324402,0.9197335544586182,0.22199724278450012,0.001,5,0.22199724278450012,0.2219969807624817,2.620220184157418e-07,0.2219969807624817,2.620220184157418e-07,1.4909837608456655e-08,3.953429833131044e-08,10,0.9814794889038333,0.9868333333333335,0.02221673543375204,0.9333333333333333,0.9573333333333333,0.98125,1.0,1.0,1.0,1.0,0.15897632256470343,0.11298944654070102,0.134931849171395,1.2687051951486086e-05,0.0510636622707049,0.42118824005126954,,,0.11298944654070102,,,,,,,,,,3.871516536914656,0.23643489650302313,3.78557384120367,4.755541936704243,0.9966374382269907,724.3550265129408,198.55045307886346,,,1673.4404637211624,227.8530284964626,1673.4404637211624,227.8530284964626,724.3550265129408,198.55045307886346,1673.4404637211624,227.8530284964626,,,,,,,,,0.05,1e-05,1,product,1.0,,,,,,,,,,,,,,,,,,,,,,,,1.0,,,1,101770,47.33241208488212,0.11726483999357948,0.09090040237239264,0.09768802672624588,0.24326830208301548,0.06778706621165985,0.0033669590895725626,0.04945589229464531,0.06343164965510369,0.06571766175329685,0.06796632707118988,0.07000410184264183,0.0717881053686142,0.0729149654507637,0.08535136282444,219.2828506250823,22.543854665405117,137.27108764648438,216.4773178100586,248.53524932861328,408.8499450683594,468.79564419307906,-548058.3075756371,-129623.7792740839,1.7398727507899614,1.3648852974620453,5.533348567409443e-06,0.26438621366933585,0.6728352439518486,1.438557574127838,2.4933793676883305,3.6226486847092834,4.390213868643895,10.699913950516576,1.11121799781928,9.793958220243818,-11.555223895176436,3.158544958845046,11.180524383464821,0.18702957649602045,0.3624349022305198,0.6472339589269922,0.973047066915594,0.6375650977694802,0.35276604107300774,0.026952933084406015,64885,35901,2743,3.7129692969254404,0.04631252586841583,,1.8692139437702306,0.24218230206254157,0.0006653359946773121,,,,219.28286743164062,22.543855667114258,47.33241208488212,0.0677870661020279,1,update_snr,0.02,20,100,,,,2036.0,0.0,0.020005895647047262,0.0,0.34400924739781064,0.03653877909312751,0.1503814082480783,0.13974405713797855,0.289032423782863,1526550,2036.0,30540,0.020005895647047262,12212400,610800,244320,366480,0.9499852608823819,0.6440873877892318,0.45195676992786865,,,1.645001046701398,,100.2,111.28473989426105,1.0,364.0,random,,,,,,,,,,,,outputs/sparse_comm_mnist_noniid_unbalanced/vi_update_snr_prune098_keep002_seed42/posterior_snapshots/round_0140.pt,,snr_histograms.csv,calibration_bins.csv,0.001,194.04167633056642,204.05772018432617,231.5452117919922,260.2062622070312,-105.14023785036565,-3.441825362069645,7.93576722872111,12.849713542839746,20.58760570143194,620.3383031845093,630.2785369110107,667.851999092102,743.9906637191773,1451.8874759197236,1594.1312378270409,1604.7386544334697,1613.2175475697163,1623.1062997449098,2525.538434834895,1594.1312378270409,1604.7386544334697,1613.2175475697163,1623.1062997449098,2525.538434834895,3.7993512072851767,3.8088934606224187,3.8209296771157826,0.0004494787527421266,0.9949565813870169,0.9967363508352385,0.9967556538865072,0.9967720982181449,0.996796440024908,620.3383031845093,630.2785369110107,667.851999092102,743.9906637191773,1451.8874759197236,1594.1312378270409,1604.7386544334697,1613.2175475697163,1623.1062997449098,2525.538434834895,product,0.9969185222056514,0.134931849171395,2036.0,2036.0,2036.0,2036.0,2036.0,0.020005895647047262,0.020005895647047262,0.020005895647047262,0.020005895647047262,0.020005895647047262,0.3335446795480965,0.33367693951795324,0.33425944759139653,0.3350112908947283,0.480712939593584,0.007491633040077753,0.14739911082790072,0.14798920557830025,0.14840826229331872,0.14891934533816964,0.17837668779797947,0.004410115696346229,0.13679373211592613,0.1382824190022168,0.13862728127534815,0.13938075194717417,0.15610319642705628,0.019180776996851615,0.2826039139143653,0.2833712146796113,0.2841196606687371,0.28474679515229023,0.36076984185304983
bayesfl_observability_v1,vi_update_snr_prune098_keep002_seed42,141,vi,mnist,mlp,0,0,0.1,0.5,300,24,0.05,15,4239,4239,5,256,0.05,42,1,5,5,4.845859121531248,2.595894690603018,0.01131582260131836,2.249102331697941,0,15,13,0.8406,0.5870338294506073,1588.2554502724474,0.8406,0.1594,0.5870338294506073,0.5870338294506073,0.24552594017982482,0.07186772804111247,0.24475092689196268,0.912467717552185,0.23709076108932495,10000,0.8406,0.5870338294506073,0.5870338294506073,0.24552594017982482,0.07186772804111247,0.24475092689196268,0.912467717552185,0.23709076108932495,0.8406,0.5870328117847443,0.5870328117847443,0.24552620680332185,0.07186899755746119,0.2450139820575714,0.9124690027236938,0.2370895486354828,0.001,5,0.2370895486354828,0.23708926162719726,2.870082855266354e-07,0.23708926162719726,2.870082855266354e-07,1.685274498868239e-08,4.261230480147893e-08,0,,,,,,,,,,,,,,,,,,,,,,,,,,,,,4.208146942237317,0.4977260639097495,3.7989990082937015,4.974446888609081,0.9960179428828198,1095.5701765225726,524.5487312624668,,,2003.7472776229195,491.0636317166585,2003.7472776229195,491.0636317166585,1095.5701765225726,524.5487312624668,2003.7472776229195,491.0636317166585,,,,,,,,,0.05,1e-05,1,product,1.0,,,,,,,,,,,,,,,,,,,,,,,,1.0,,,1,101770,47.554058493775855,0.11782401620073624,0.09131309721759387,0.09809662774205208,0.2444868043065071,0.06786666635639502,0.0033854753764421108,0.0505039244890213,0.06349294930696488,0.06578171066939831,0.06803667172789574,0.07009679637849331,0.0718933954834938,0.07303625792264937,0.08535136282444,218.78187088532965,22.570096145666156,137.27108764648438,216.0299072265625,248.0555908203125,392.0574645996094,469.9072867326364,-547821.5396308673,-129505.395301675,1.7460569173192917,1.3693913972925027,5.533348567409443e-06,0.26504121757059096,0.6774901146498417,1.4424518255469927,2.5011704488052913,3.6370006464113707,4.409033898127847,11.070408470944342,1.1499097677907801,9.777857460465816,-11.533731642120769,3.1820263533866977,11.214867564560526,0.1857423602240346,0.3617765549769087,0.6463103075562543,0.9724378500540435,0.6382234450230913,0.3536896924437457,0.027562149945956568,64952,35995,2805,4.6909995988571085,0.06171087920665741,,2.117266617710311,0.25807973578674215,0.006605331446095777,,,,218.78187561035156,22.57009506225586,47.554058493775855,0.06786666810512543,1,update_snr,0.02,20,100,,,,2036.0,0.0,0.020005895647047262,0.0,0.3986115440974621,0.07996763745435079,0.16029066782339108,0.14474494689928158,0.31563392375196947,1526550,2036.0,30540,0.020005895647047262,12212400,610800,244320,366480,0.9499852608823819,0.7653201012587234,0.3500611147638656,,,1.519326744579721,,282.6,284.4852192997028,28.0,1094.0,random,,,,,,,,,,,,,,snr_histograms.csv,calibration_bins.csv,0.001,193.47373046875,203.51839065551758,231.09452056884766,259.86988372802733,-105.14023785036565,-3.3819407451656334,7.9628657774617455,12.88686875329782,20.883272911530714,652.3347219467163,670.0741812324524,722.7215692520142,1851.5822686831157,2200.537328824997,1602.3615456107382,1604.4438746307867,1610.1499902750975,2677.13029867092,2775.7032686853195,1602.3615456107382,1604.4438746307867,1610.1499902750975,2677.13029867092,2775.7032686853195,3.801922079986091,3.8100411698429744,4.890039122773843,0.0009484732544731052,0.9945215262709831,0.9947063526106908,0.9967736783388498,0.996789091869959,0.9967955835129032,652.3347219467163,670.0741812324524,722.7215692520142,1851.5822686831157,2200.537328824997,1602.3615456107382,1604.4438746307867,1610.1499902750975,2677.13029867092,2775.7032686853195,product,0.9951226499416218,,2036.0,2036.0,2036.0,2036.0,2036.0,0.020005895647047262,0.020005895647047262,0.020005895647047262,0.020005895647047262,0.020005895647047262,0.33376829641463296,0.33384484836033224,0.3341743283139403,0.5090569980417196,0.5226594437483436,0.015109672892879263,0.1478509420239016,0.1479229185216222,0.14827976260701,0.18141711096500682,0.18344972013180008,0.008325447696149258,0.13751916269415373,0.13810838884628543,0.1387186159213648,0.15674850332846882,0.1571235104786427,0.039779303134704916,0.28296656152898003,0.28318204990668183,0.28399608282380023,0.36976354808391904,0.37581991665090764
bayesfl_observability_v1,vi_update_snr_prune098_keep002_seed42,142,vi,mnist,mlp,0,0,0.1,0.5,300,24,0.05,15,2707,2707,5,256,0.05,42,1,5,5,4.338302046060562,2.2469316124916077,0.011299259960651398,2.090610709041357,0,15,10,0.8518,0.514393487405777,1576.518026400171,0.8518,0.1482,0.514393487405777,0.514393487405777,0.22033847575187684,0.061068043854832665,0.25703004002571106,0.9128137880325318,0.23885118153095244,10000,0.8518,0.514393487405777,0.514393487405777,0.22033847575187684,0.061068043854832665,0.25703004002571106,0.9128137880325318,0.23885118153095244,0.8519,0.5144071050643921,0.5144071050643921,0.22034488294124605,0.06096694640219215,0.25708600878715515,0.9128129281997681,0.23885327610969542,0.001,5,0.23885327610969542,0.23885298848152162,2.876281738062314e-07,0.23885298848152162,2.876281738062314e-07,1.652097724118562e-08,4.293342373497811e-08,0,,,,,,,,,,,,,,,,,,,,,,,,,,,,,4.02312167439077,0.4369009492249782,3.794784410448236,5.002520639933577,0.9963991213233184,920.2959643974569,470.2578837898667,,,1819.0214142424309,433.5110204840808,1819.0214142424309,433.5110204840808,920.2959643974569,470.2578837898667,1819.0214142424309,433.5110204840808,,,,,,,,,0.05,1e-05,1,product,1.0,,,,,,,,,,,,,,,,,,,,,,,,1.0,,,1,101770,47.723075786388605,0.1182420892471686,0.09163854504007418,0.09850617498159409,0.24552693814039245,0.06793641764313711,0.003388912497121369,0.05169634148478508,0.06355015337467193,0.06585040502250195,0.06810349971055984,0.0701682548969984,0.07196872904896737,0.07310609705746174,0.08535136282444,218.3327428434855,22.52243903813686,137.27108764648438,215.6061553955078,247.60921783447267,374.1798400878906,470.87366658865943,-547612.4437188115,-129400.84734562565,1.7504125788578178,1.3728330549009657,5.533348567409443e-06,0.26466894903185806,0.6792596107688478,1.4473613727148198,2.506385449519395,3.6467495149480214,4.4144750509906245,10.600778954653968,1.1655749518453482,9.798949297667864,-11.545940159091876,3.211539559128785,11.23811867695974,0.18588975140021619,0.36012577380367494,0.646094133831188,0.9721921980937408,0.6398742261963251,0.35390586616881203,0.027807801906259214,65120,36017,2830,4.242080177676679,0.06370990723371506,,1.7840348774109152,0.3605467306981899,0.0014776505356483192,,,,218.33274841308594,22.522438049316406,47.723075786388605,0.06793642044067383,1,update_snr,0.02,20,100,,,,2036.0,0.0,0.020005895647047262,0.0,0.36794819059788686,0.06944784509472249,0.15455001763467624,0.14178756584019428,0.30037485871776376,1526550,2036.0,30540,0.020005895647047262,12212400,610800,244320,366480,0.9499852608823819,0.8051726277048433,0.3551581762375206,,,1.5088358699878444,,180.46666666666667,262.29521959468156,2.0,974.0,random,,,,,,,,,,,,,,snr_histograms.csv,calibration_bins.csv,0.001,193.06890258789062,203.10408401489258,230.6126251220703,259.3595062255859,-105.14023785036565,-3.359284181898192,7.980957212270097,12.897581284192887,20.506755575632887,620.6808848142624,643.2522029972076,712.2750686645508,1705.5974323439596,2128.569273877144,1594.0753966591503,1595.3614044691744,1605.2197846890388,2637.9562102885984,2798.7801243692766,1594.0753966591503,1595.3614044691744,1605.2197846890388,2637.9562102885984,2798.7801243692766,3.796313691247703,3.8073584896517603,4.8499778015575155,0.0008324375742237737,0.9945092482581935,0.9948355313073098,0.9968105557763997,0.996827766427514,0.9968327726399414,620.6808848142624,643.2522029972076,712.2750686645508,1705.5974323439596,2128.569273877144,1594.0753966591503,1595.3614044691744,1605.2197846890388,2637.9562102885984,2798.7801243692766,product,0.996041581024487,,2036.0,2036.0,2036.0,2036.0,2036.0,0.020005895647047262,0.020005895647047262,0.020005895647047262,0.020005895647047262,0.020005895647047262,0.33282742418710964,0.3329580835079552,0.3335063008407231,0.5022087531164384,0.5205666790862349,0.013209893504961339,0.14741622289248282,0.14748236742271037,0.1480167957995096,0.17903463919560958,0.18451454649025884,0.0071451921018877125,0.13736829672236384,0.13773771885467506,0.13825304238453562,0.15502735236149437,0.15828999532768356,0.03476988328957191,0.2822488037130553,0.28254883784742174,0.2833026840404651,0.36601512060303826,0.37838739247817504
bayesfl_observability_v1,vi_update_snr_prune098_keep002_seed42,143,vi,mnist,mlp,0,0,0.1,0.5,300,24,0.05,15,3364,3364,5,256,0.05,42,1,5,5,4.941039748489857,2.7886564768850803,0.009818889200687408,2.151862557977438,0,15,12,0.8401,0.5870952270030976,1422.1614616791287,0.8401,0.15990000000000004,0.5870952270030976,0.5870952270030976,0.24610085165500642,0.08157522434592249,0.23988160490989685,0.9211824705123901,0.21530649515390396,10000,0.8401,0.5870952270030976,0.5870952270030976,0.24610085165500642,0.08157522434592249,0.23988160490989685,0.9211824705123901,0.21530649515390396,0.8401,0.5871024063110352,0.5871024063110352,0.24610461852550505,0.08157372372448451,0.24012404680252075,0.9211819574356079,0.21530645557641984,0.001,5,0.21530645557641984,0.2153061911702156,2.6440620423673344e-07,0.2153061911702156,2.6440620423673344e-07,1.511508919307403e-08,4.035202043079272e-08,0,,,,,,,,,,,,,,,,,,,,,,,,,,,,,4.139413931662302,0.46376351318852455,3.792408477422915,4.8651167490077105,0.9962142057589316,967.9291295788685,428.56584219147015,,,1923.4344427760172,450.556288633645,1923.4344427760172,450.556288633645,967.9291295788685,428.56584219147015,1923.4344427760172,450.556288633645,,,,,,,,,0.05,1e-05,1,product,1.0,,,,,,,,,,,,,,,,,,,,,,,,1.0,,,1,101770,47.955030000271364,0.11882312919284356,0.09207577391594833,0.09895012155175209,0.2466689929366112,0.06800803553594509,0.0033956916376659484,0.0516580305993557,0.06362548172473907,0.06592123210430145,0.06817183643579483,0.07024102099239826,0.07204543352127075,0.07319882065057755,0.08535136282444,217.8756576137762,22.486992489619027,137.27108764648438,215.17411041259766,247.02326202392578,374.73504638671875,471.8691857215555,-547398.422511759,-129293.83674207744,1.757093232978639,1.3776329544309167,5.533348567409443e-06,0.2681126200771765,0.6815945213271493,1.4522599082056333,2.513242631869928,3.666520519507234,4.43088343660848,10.802036327256843,1.2067859897101318,9.78937508686191,-11.433654867112002,3.2408869631671067,11.285082396935968,0.1844060135599882,0.3587697749828044,0.6445023091284269,0.9716419377026628,0.6412302250171956,0.3554976908715732,0.028358062297337134,65258,36179,2886,4.469587739332184,0.06509968638420105,,2.136432241244178,0.28953626634958385,0.005945303210463734,,,,217.8756561279297,22.48699378967285,47.955030000271364,0.06800804287195206,1,update_snr,0.02,20,100,,,,2036.0,0.0,0.020005895647047262,0.0,0.3842926186421,0.07271269754615849,0.15824899322852998,0.14439487037009252,0.3093967834759364,1526550,2036.0,30540,0.020005895647047262,12212400,610800,244320,366480,0.9499852608823819,0.6424199212232733,0.30528323296978693,,,1.6570653237819855,,224.26666666666668,250.26238675083047,3.0,974.0,random,,,,,,,,,,,,,,snr_histograms.csv,calibration_bins.csv,0.001,192.65801849365235,202.68348693847656,230.11735153198242,258.7890060424804,-105.14023785036565,-3.329478184913758,8.004688359950993,12.929806503663505,20.670112669607246,620.0238409876823,635.5834443283081,751.7754081726074,1397.089914392233,2093.049057888985,1589.8524553624998,1594.65075411277,1613.6246920772046,2549.2538074927957,2662.517486353061,1589.8524553624998,1594.65075411277,1613.6246920772046,2549.2538074927957,2662.517486353061,3.798578870171783,3.821472280071364,4.792243095231269,0.000864905653405899,0.9948466180216387,0.9949976553212455,0.9968124096764092,0.9968473304982688,0.9968601036296431,620.0238409876823,635.5834443283081,751.7754081726074,1397.089914392233,2093.049057888985,1589.8524553624998,1594.65075411277,1613.6246920772046,2549.2538074927957,2662.517486353061,product,0.9956471758499785,,2036.0,2036.0,2036.0,2036.0,2036.0,0.020005895647047262,0.020005895647047262,0.020005895647047262,0.020005895647047262,0.020005895647047262,0.3327943875652393,0.33293352965965506,0.3334328014149067,0.4814361355245675,0.5143901474989148,0.014314347957998283,0.14707342749653807,0.14746749358244648,0.14859174067708453,0.17881834131027324,0.17928382318065889,0.008225982556714934,0.13731783707356826,0.1374734228166176,0.13955574811099802,0.15712815251636822,0.15755864917977563,0.03746186986228093,0.28196498486229227,0.2822123457352017,0.2835868855543088,0.3627232310281825,0.3657736735467266
bayesfl_observability_v1,vi_update_snr_prune098_keep002_seed42,144,vi,mnist,mlp,0,0,0.1,0.5,300,24,0.05,15,2945,2945,5,256,0.05,42,1,5,5,4.825277805328369,2.6538488529622555,0.00849604606628418,2.170766167342663,0,15,11,0.8501,0.5500857255935669,1712.8439613703201,0.8501,0.14990000000000003,0.5500857255935669,0.5500857255935669,0.22796482729911804,0.06813833970576523,0.24300560851891836,0.9182383478164673,0.22418313624858857,10000,0.8501,0.5500857255935669,0.5500857255935669,0.22796482729911804,0.06813833970576523,0.24300560851891836,0.9182383478164673,0.22418313624858857,0.8501,0.5500810848236084,0.5500810848236084,0.227964612865448,0.06813688479810956,0.243006631731987,0.9182368975639343,0.22418268458843232,0.001,5,0.22418268458843232,0.22418241596221924,2.6862621307910395e-07,0.22418241596221924,2.6862621307910395e-07,1.5371784820672476e-08,4.0543321381389635e-08,0,,,,,,,,,,,,,,,,,,,,,,,,,,,,,3.935317784002462,0.3282167456140222,3.7902177022608887,4.857596664963499,0.9966269636458699,864.5898728737035,498.91621883607587,,,1727.2196016427959,329.64637755095305,1727.2196016427959,329.64637755095305,864.5898728737035,498.91621883607587,1727.2196016427959,329.64637755095305,,,,,,,,,0.05,1e-05,1,product,1.0,,,,,,,,,,,,,,,,,,,,,,,,1.0,,,1,101770,48.109805215263265,0.11920984139483509,0.09236880695267498,0.09924278035759926,0.2473462864756585,0.06808259661787208,0.003399199493972262,0.05162660777568817,0.06370562762022018,0.0659873504191637,0.06824303790926933,0.07031538709998131,0.07212413847446442,0.07329515106976033,0.08656761050224304,217.39783598585075,22.42768099964608,133.44094848632812,214.725341796875,246.40208892822267,375.19134521484375,472.90427824256494,-547175.3056545934,-129182.27831347176,1.7609252136780702,1.3805665682880077,5.533348567409443e-06,0.2692989516312805,0.6813738236810614,1.4560481078202478,2.521863578272445,3.6735610147281736,4.438196420355945,10.598515120940725,1.2247143082746785,9.790158844575584,-11.395306746344339,3.26351448475159,11.301745150052666,0.18480888277488455,0.3579050800825391,0.6426550063869509,0.9711997641741181,0.6420949199174609,0.35734499361304906,0.02880023582588189,65346,36367,2931,4.0375203391755035,0.06530885398387909,,1.6513037063703606,0.3881154499151104,0.009507640067911714,,,,217.39784240722656,22.42767906188965,48.109805215263265,0.06808260083198547,1,update_snr,0.02,20,100,,,,2036.0,0.0,0.020005895647047262,0.0,0.35540695369458564,0.05751574408515876,0.15122223517053607,0.13923335134507656,0.29268718061495996,1526550,2036.0,30540,0.020005895647047262,12212400,610800,244320,366480,0.9499852608823819,0.646976405705873,0.5215266502412651,,,1.6507077397238137,,196.33333333333334,336.1806392733261,7.0,1143.0,random,,,,,,,,,,,,,,snr_histograms.csv,calibration_bins.csv,0.001,192.2377716064453,202.25499725341797,229.65643310546875,258.15290222167965,-105.14023785036565,-3.3322911096098418,8.034431788944506,12.944130375933323,20.504900475194468,638.0238294124604,638.9982640504836,668.5271198272706,1532.333920141458,2211.08861538887,1584.8729685527285,1589.2709208187716,1600.5667315739015,2134.1706918434147,2649.7681538983993,1584.8729685527285,1589.2709208187716,1600.5667315739015,2134.1706918434147,2649.7681538983993,3.796009842378317,3.809535675336396,4.339270133112456,0.0006070798633580794,0.994903721776896,0.995895041074258,0.9968602938228341,0.9968828111610137,0.9968907131699549,638.0238294124604,638.9982640504836,668.5271198272706,1532.333920141458,2211.08861538887,1584.8729685527285,1589.2709208187716,1600.5667315739015,2134.1706918434147,2649.7681538983993,product,0.9964722888780625,,2036.0,2036.0,2036.0,2036.0,2036.0,0.020005895647047262,0.020005895647047262,0.020005895647047262,0.020005895647047262,0.020005895647047262,0.3322428882783589,0.33257600352358463,0.33295915042120927,0.42950762062346143,0.5100814110783027,0.008924325967038876,0.1469807339740227,0.14724160720738189,0.14783759818015008,0.16163971733414773,0.17729847951971958,0.003358569476592016,0.13671446353271446,0.13709787185603392,0.13832408162391785,0.14237028009302044,0.15013414287050997,0.025456519571733772,0.28193447116552817,0.2820754673435902,0.2827736926224083,0.3236297985186562,0.36422980852520587
bayesfl_observability_v1,vi_update_snr_prune098_keep002_seed42,145,vi,mnist,mlp,0,0,0.1,0.5,300,24,0.05,15,2912,2912,5,256,0.05,42,1,5,5,4.98099460080266,2.750578358769417,0.008553534746170044,2.2298723310232162,0,15,11,0.8486,0.5651142805457116,1879.8691406306455,0.8486,0.15139999999999998,0.5651142805457116,0.5651142805457116,0.2287760769367218,0.06547231160402299,0.1941666305065155,0.9140615410804749,0.23407615611553192,10000,0.8486,0.5651142805457116,0.5651142805457116,0.2287760769367218,0.06547231160402299,0.1941666305065155,0.9140615410804749,0.23407615611553192,0.8484,0.56509616792202,0.56509616792202,0.2287716692328453,0.06567226534187795,0.19370949268341064,0.9140613681793213,0.2340759418964386,0.001,5,0.2340759418964386,0.23407564764022828,2.9425621031475835e-07,0.23407564764022828,2.9425621031475835e-07,1.6656660996261507e-08,4.305090252110846e-08,12,0.9800124665780883,0.9545634920634921,0.13731119220464558,0.5,0.9764285714285714,0.9946428571428572,1.0,1.0,1.0,1.0,0.08485172411203919,0.1494309306057932,0.2949902686283279,9.960981393323361e-05,0.05170544382362138,1.1051390171051025,,,0.1494309306057932,,,,,,,,,,4.000168248315337,0.3875818847286894,3.801010914945966,4.8670673113327805,0.9965300431002369,904.6027310929297,517.085751834207,,,1786.1061434071157,384.02794713233504,1786.1061434071157,384.02794713233504,904.6027310929297,517.085751834207,1786.1061434071157,384.02794713233504,,,,,,,,,0.05,1e-05,1,product,1.0,,,,,,,,,,,,,,,,,,,,,,,,1.0,,,1,101770,48.28170105112253,0.11963843502624026,0.09269540913333317,0.09968219697475433,0.24841799587011337,0.0681573814629829,0.003410280670968214,0.05110522359609604,0.06377810537815094,0.06605337001383305,0.06832098588347435,0.07039268873631954,0.07221017256379128,0.07340470738708973,0.08656761050224304,216.92797861128292,22.424460390696208,133.44094848632812,214.23565673828125,245.84239349365234,382.88592529296875,473.9488600465318,-546952.9415211189,-129071.09624671194,1.7653217991810972,1.3839185155458353,5.533348567409443e-06,0.2702885381663955,0.6814385499249693,1.4609802687779614,2.528758492247468,3.683022282791033,4.440861143771246,10.598515120940725,1.251283769522509,9.772555172134496,-11.363447420999048,3.292887012084671,11.324086926311262,0.18434705708951557,0.3574727326324064,0.641357964036553,0.9710425469195244,0.6425272673675936,0.358642035963447,0.028957453080475582,65390,36499,2947,4.239955394996123,0.06706061214208603,,1.4140413992967744,0.4326923076923077,0.0006868131868131869,,,,216.927978515625,22.42445945739746,48.28170105112253,0.0681573897600174,1,update_snr,0.02,20,100,,,,2036.0,0.0,0.020005895647047262,0.0,0.3651152507934495,0.06553170728068768,0.1531018394751095,0.14034184151506365,0.2974988145299252,1526550,2036.0,30540,0.020005895647047262,12212400,610800,244320,366480,0.9499852608823819,0.6934991377345499,0.4860239575426147,,,1.6205605647697783,,194.13333333333333,369.81452408230564,1.0,1260.0,random,,,,,,,,,,,,,,snr_histograms.csv,calibration_bins.csv,0.001,191.77997741699218,201.81102752685547,229.19758987426758,257.6823272705078,-105.14023785036565,-3.3314660286865023,8.058147085117154,12.949343875265377,20.504900475194468,631.6324666708708,638.2810648345948,670.1908359527588,1761.5777426451443,2253.406533279419,1589.992614894365,1591.2293279007586,1594.5982983695194,2501.560149331676,2657.906288675239,1589.992614894365,1591.2293279007586,1594.5982983695194,2501.560149331676,2657.906288675239,3.8025790427623747,3.806156010235198,4.733969598756814,0.0007108149041363732,0.9949215777888969,0.99519319402031,0.9968840156581865,0.9968918148699027,0.9968927223024172,631.6324666708708,638.2810648345948,670.1908359527588,1761.5777426451443,2253.406533279419,1589.992614894365,1591.2293279007586,1594.5982983695194,2501.560149331676,2657.906288675239,product,0.9961366682324436,0.2949902686283279,2036.0,2036.0,2036.0,2036.0,2036.0,0.020005895647047262,0.020005895647047262,0.020005895647047262,0.020005895647047262,0.020005895647047262,0.3319772802516532,0.33211640958471156,0.3326687458332236,0.48802533216917887,0.5138252280551223,0.011138223135745412,0.14732153389878028,0.14736800949763815,0.14759908054696633,0.17439824038543647,0.17806465528742846,0.005308508712077996,0.13724291166815758,0.13759255727944641,0.1380890241058455,0.14750960897033868,0.15610417165405696,0.030408607073422293,0.28183420482241667,0.28192473731318557,0.2824100653644497,0.3555184008811948,0.3651685679055496
bayesfl_observability_v1,vi_update_snr_prune098_keep002_seed42,146,vi,mnist,mlp,0,0,0.1,0.5,300,24,0.05,15,4072,4072,5,256,0.05,42,1,5,5,4.876829776912928,2.722997806966305,0.009364757686853409,2.1532801277935505,0,15,11,0.8723,0.46586146323680877,1789.7716762400846,0.8723,0.12770000000000004,0.46586146323680877,0.46586146323680877,0.1912548773020506,0.04872728617787357,0.16421835147138786,0.920918284034729,0.2203854295730591,10000,0.8723,0.46586146323680877,0.46586146323680877,0.1912548773020506,0.04872728617787357,0.16421835147138786,0.920918284034729,0.2203854295730591,0.8723,0.4658652911901474,0.4658652911901474,0.19125463601350784,0.04880657421648501,0.16745540997902308,0.9209177253723144,0.2203867058992386,0.001,5,0.2203867058992386,0.2203864358663559,2.7003288269322745e-07,0.2203864358663559,2.7003288269322745e-07,1.498691851509193e-08,4.117267979414836e-08,0,,,,,,,,,,,,,,,,,,,,,,,,,,,,,4.0440680572942,0.3827406225132747,3.8007700421912705,4.777601450383107,0.9964799337996548,989.5773471717836,557.481866003568,,,1823.4805769053812,374.9907493466681,1823.4805769053812,374.9907493466681,989.5773471717836,557.481866003568,1823.4805769053812,374.9907493466681,,,,,,,,,0.05,1e-05,1,product,1.0,,,,,,,,,,,,,,,,,,,,,,,,1.0,,,1,101770,48.468727390352676,0.12010795502968992,0.09304662725225814,0.10011830180883408,0.24936630427837375,0.06823768821219435,0.0034208112555579612,0.050827592611312866,0.06385467574000359,0.06611890904605389,0.06839633733034134,0.0704764723777771,0.07231267020106316,0.07351310178637505,0.08656761050224304,216.42349124386303,22.407298528073795,133.44094848632812,213.76387786865234,245.25315399169924,387.0801696777344,475.07091297375763,-546714.2002751075,-128951.72562368214,1.770186900041921,1.3875936106513311,5.533348567409443e-06,0.2685406587184827,0.6839518082836262,1.4636785937039456,2.5347724189926035,3.690919888828118,4.4560626883402135,10.598515120940725,1.2651991115218413,9.790904539358838,-11.41979900928558,3.3089144262973678,11.342692378553526,0.18412105728603714,0.35595951655694213,0.6397857914906161,0.9707281124103371,0.6440404834430579,0.3602142085093839,0.029271887589662964,65544,36659,2979,4.352119806376702,0.06727473437786102,,1.766304892591238,0.3204813359528487,0.0019646365422396855,,,,216.4234619140625,22.407299041748047,48.468727390352676,0.06823769211769104,1,update_snr,0.02,20,100,,,,2036.0,0.0,0.020005895647047262,0.0,0.37186616263690464,0.06550972837051945,0.1541932654606621,0.14091744393007938,0.30052256381926856,1526550,2036.0,30540,0.020005895647047262,12212400,610800,244320,366480,0.9499852608823819,0.6910240139299607,0.3198101037915026,,,1.6203856004108184,,271.46666666666664,399.0683929130722,3.0,1305.0,random,,,,,,,,,,,,,,snr_histograms.csv,calibration_bins.csv,0.001,191.2366744995117,201.33147811889648,228.74342727661133,257.0658065795898,-105.14023785036565,-3.2994899587908337,8.078779457252617,12.979025808697264,20.504900475194468,609.2478791236878,621.8967854595184,710.0212181091308,1890.4138558502195,2321.861449623108,1586.294926526048,1588.0127061434248,1600.6457316404405,2478.735422176096,2516.189701403489,1586.294926526048,1588.0127061434248,1600.6457316404405,2478.735422176096,2516.189701403489,3.8024271584940563,3.81817611122298,4.717922213406964,0.0006913638378898808,0.9951415851421953,0.9952574964063677,0.9968869192126197,0.9969139501767807,0.9969159063505086,609.2478791236878,621.8967854595184,710.0212181091308,1890.4138558502195,2321.861449623108,1586.294926526048,1588.0127061434248,1600.6457316404405,2478.735422176096,2516.189701403489,product,0.9959605266965305,,2036.0,2036.0,2036.0,2036.0,2036.0,0.020005895647047262,0.020005895647047262,0.020005895647047262,0.020005895647047262,0.020005895647047262,0.33182354942546227,0.33204292092193227,0.33265991079619206,0.47796935450837824,0.4927531815156491,0.011079202134471087,0.14699913920216132,0.14719164046775182,0.14802355189632685,0.17405766801576208,0.17799272387591386,0.00595547473663833,0.13693808745363595,0.13721795432858913,0.13836612610946467,0.15049399360462518,0.15600391187521587,0.030417291866455504,0.28145291153126606,0.2818795893072395,0.28260048859649706,0.35450979531658905,0.35889821328369576
bayesfl_observability_v1,vi_update_snr_prune098_keep002_seed42,147,vi,mnist,mlp,0,0,0.1,0.5,300,24,0.05,15,2055,2055,5,256,0.05,42,1,5,5,4.26464394107461,2.1239049285650253,0.01043693721294403,2.140131648629904,0,15,11,0.8717,0.48190264979600905,1117.922690446835,0.8717,0.12829999999999997,0.48190264979600905,0.48190264979600905,0.19769137977361678,0.050201324249804016,0.25092193856835365,0.9204007822036743,0.22019678053855896,10000,0.8717,0.48190264979600905,0.48190264979600905,0.19769137977361678,0.050201324249804016,0.25092193856835365,0.9204007822036743,0.22019678053855896,0.8718,0.481908598780632,0.481908598780632,0.1976907182455063,0.05032387927174562,0.2508475258946419,0.9204023880958557,0.22019351873397827,0.001,5,0.22019351873397827,0.22019325535297393,2.633810043395357e-07,0.22019325535297393,2.633810043395357e-07,1.4856186641054593e-08,4.0753549924173e-08,0,,,,,,,,,,,,,,,,,,,,,,,,,,,,,4.005223141172651,0.38233459092947913,3.8027620393302413,4.775688804457025,0.9965731776986949,833.0896404441198,292.40740851422015,,,1775.8710579036613,364.16752306545817,1775.8710579036613,364.16752306545817,833.0896404441198,292.40740851422015,1775.8710579036613,364.16752306545817,,,,,,,,,0.05,1e-05,1,product,1.0,,,,,,,,,,,,,,,,,,,,,,,,1.0,,,1,101770,48.65146654247574,0.12057101955147805,0.0933842324278944,0.10057573765516281,0.2502788186073304,0.06829938513743944,0.003417768113817137,0.0515865758061409,0.06391253620386124,0.06617695279419422,0.06846698001027107,0.07054224237799644,0.07236153036355972,0.07356360219419002,0.08656761050224304,216.0271815628812,22.33238032905235,133.44094848632812,213.32298278808594,244.80929260253907,375.77386474609375,475.92609715699774,-546529.3685839975,-128859.30977810816,1.7754553070789991,1.3915411299538063,8.792788324742567e-05,0.2693508493046163,0.6867158844176825,1.471218228411182,2.5401234473365526,3.7081608514932274,4.473977244549149,10.598515120940725,1.2986727024186813,9.768473333458246,-11.393633015216993,3.353541943499077,11.38317129154772,0.18371818807114082,0.3552520389112705,0.6385280534538665,0.9702466345681439,0.6447479610887294,0.36147194654613346,0.029753365431856145,65616,36787,3028,4.039272140023303,0.04761563241481781,,1.9791879666850754,0.27153284671532846,0.00145985401459854,,,,216.0271759033203,22.332380294799805,48.65146654247574,0.06829939037561417,1,update_snr,0.02,20,100,,,,2036.0,0.0,0.020005895647047262,0.0,0.36073416153763055,0.05767974026575722,0.15363633315476533,0.14170466385804178,0.2972713958397832,1526550,2036.0,30540,0.020005895647047262,12212400,610800,244320,366480,0.9499852608823819,0.7582832841241417,0.3916362660511368,,,1.5480822383768953,,137.0,141.43266949329634,1.0,475.0,random,,,,,,,,,,,,,,snr_histograms.csv,calibration_bins.csv,0.001,190.9785140991211,200.95622634887695,228.34235000610352,256.5592147827148,-81.11746753734367,-3.2644581370512826,8.0970964677838,13.013875339859728,20.504900475194468,628.2713850975036,632.8995313644409,697.3479959487915,1399.0883918666839,1442.0957374572754,1584.6540471291264,1586.2202346383942,1592.83609683975,2501.9139814623577,2510.7891530447687,1584.6540471291264,1586.2202346383942,1592.83609683975,2501.9139814623577,2510.7891530447687,3.805038081590127,3.8126793679188165,4.767528179376564,0.0006894754209396568,0.995184747206048,0.9951971315358464,0.9969199562624464,0.996932005509925,0.9969378432519918,628.2713850975036,632.8995313644409,697.3479959487915,1399.0883918666839,1442.0957374572754,1584.6540471291264,1586.2202346383942,1592.83609683975,2501.9139814623577,2510.7891530447687,product,0.9965475381170945,,2036.0,2036.0,2036.0,2036.0,2036.0,0.020005895647047262,0.020005895647047262,0.020005895647047262,0.020005895647047262,0.020005895647047262,0.33040386000321204,0.3314287019363456,0.332116188839274,0.47550216259793376,0.4772551652364616,0.012044703628062621,0.147028162741025,0.14723019506672747,0.14750491153476944,0.17763934527441436,0.17794910723390464,0.007101718641681665,0.1371196172014046,0.13740743872670638,0.13809521220139845,0.15573372115766088,0.15609516749096564,0.03090971465602711,0.28078763285185837,0.2809017522736101,0.28207305778193476,0.35897484817740405,0.35954741296293397
bayesfl_observability_v1,vi_update_snr_prune098_keep002_seed42,148,vi,mnist,mlp,0,0,0.1,0.5,300,24,0.05,15,4140,4140,5,256,0.05,42,1,5,5,4.709022130817175,2.565590813755989,0.007759012281894684,2.142982441931963,0,15,13,0.8549,0.5179813371419907,1786.8330302231184,0.8549,0.1451,0.5179813371419907,0.5179813371419907,0.21855091682970523,0.06261934935450555,0.24905189871788025,0.9175193508148194,0.22482342066764832,10000,0.8549,0.5179813371419907,0.5179813371419907,0.21855091682970523,0.06261934935450555,0.24905189871788025,0.9175193508148194,0.22482342066764832,0.8549,0.5179848886251449,0.5179848886251449,0.21855251027345657,0.06261983529329294,0.2491227686405182,0.917519841003418,0.22482442331314087,0.001,5,0.22482442331314087,0.22482414932250977,2.739906311000073e-07,0.22482414932250977,2.739906311000073e-07,1.5605082892022893e-08,4.072762180428398e-08,0,,,,,,,,,,,,,,,,,,,,,,,,,,,,,4.140402332489194,0.4670678618038539,3.7958545744881307,4.879163565538377,0.9963541389292013,1047.3451055401167,587.9867321078832,,,1910.956895391253,458.035807596223,1910.956895391253,458.035807596223,1047.3451055401167,587.9867321078832,1910.956895391253,458.035807596223,,,,,,,,,0.05,1e-05,1,product,1.0,,,,,,,,,,,,,,,,,,,,,,,,1.0,,,1,101770,48.89002036014041,0.12117539523034089,0.09382510959442839,0.1012360155582428,0.25140001475811014,0.06838687013846062,0.0034399784948100495,0.0515865758061409,0.06398308426141738,0.06625298596918583,0.06854184716939926,0.0706353522837162,0.07247721254825593,0.07371162995696068,0.08656761050224304,215.49115692615462,22.37987797037439,133.44094848632812,212.8572235107422,244.2697402954102,375.77386474609375,477.1585634410448,-546271.4308428228,-128730.34090749508,1.7821234197831244,1.3964729193625482,7.174151201224088e-05,0.2689964128248427,0.6882535823470601,1.477430267691863,2.5522757574167168,3.7178156317388615,4.4843658307746725,10.753395540003774,1.3296963986786667,9.762724012367308,-11.405070232870543,3.390139839861892,11.405756981687743,0.18386557924732239,0.3530116930333104,0.6368183158101601,0.9695391569224723,0.6469883069666896,0.3631816841898398,0.03046084307752776,65844,36961,3100,4.605203491444462,0.06778923235833645,,1.9090758616036054,0.2751207729468599,0.0007246376811594203,,,,215.4911651611328,22.3798770904541,48.89002036014041,0.06838686764240265,1,update_snr,0.02,20,100,,,,2036.0,0.0,0.020005895647047262,0.0,0.3850994423317931,0.07631822714795415,0.15688086094165524,0.14242807890102954,0.30763871033788404,1526550,2036.0,30540,0.020005895647047262,12212400,610800,244320,366480,0.9499852608823819,0.6306333205727,0.38134960577741006,,,1.6665467490302652,,276.0,358.62385122390657,3.0,1094.0,random,,,,,,,,,,,,,,snr_histograms.csv,calibration_bins.csv,0.001,190.36934356689454,200.42678833007812,227.81855010986328,255.95684280395506,-82.88458936782658,-3.2450303945302834,8.138551883411056,13.034020690688346,20.63091241329177,617.8427427768708,624.663083152771,687.3022380828858,2081.2661302399633,2192.158906879425,1576.268531525065,1584.784491726288,1594.1911991064364,2592.5182751319726,2655.4703290412053,1576.268531525065,1584.784491726288,1594.1911991064364,2592.5182751319726,2655.4703290412053,3.8061604774531417,3.8183409914422706,4.8390309472054485,0.0008415359503176131,0.9950088394307144,0.9950892052363874,0.9969353795238054,0.996955191858185,0.9969707598593438,617.8427427768708,624.663083152771,687.3022380828858,2081.2661302399633,2192.158906879425,1576.268531525065,1584.784491726288,1594.1911991064364,2592.5182751319726,2655.4703290412053,product,0.9955538452319008,,2036.0,2036.0,2036.0,2036.0,2036.0,0.020005895647047262,0.020005895647047262,0.020005895647047262,0.020005895647047262,0.020005895647047262,0.33055945230667794,0.33122085865381995,0.33171997279559495,0.5018470214779375,0.5108854762490779,0.013671166187750316,0.14665208779914352,0.14711342275220027,0.14754623125472868,0.17757109475567168,0.1782043577174266,0.007097768900714293,0.13688526672988593,0.13735255371713784,0.13806891715920816,0.15379263094101903,0.15715812990370387,0.03671435169900915,0.28072389498266287,0.2813674393323767,0.28211089084110647,0.3621206612273842,0.3651299393584862
bayesfl_observability_v1,vi_update_snr_prune098_keep002_seed42,149,vi,mnist,mlp,0,0,0.1,0.5,300,24,0.05,15,3612,3612,5,256,0.05,42,1,5,5,4.398861687630415,2.3209329172968864,0.010356198996305466,2.077117696404457,0,15,12,0.8521,0.5454912493705749,1617.6096732501464,0.8521,0.14790000000000003,0.5454912493705749,0.5454912493705749,0.22754321246147155,0.06895550487488503,0.2192261591553688,0.9210555052757263,0.21618208079338075,10000,0.8521,0.5454912493705749,0.5454912493705749,0.22754321246147155,0.06895550487488503,0.2192261591553688,0.9210555052757263,0.21618208079338075,0.8522,0.5455022909402847,0.5455022909402847,0.22754763548970222,0.06899442653208968,0.21919669955968857,0.9210560972213745,0.2161822217464447,0.001,5,0.2161822217464447,0.21618195886611938,2.6288032531351924e-07,0.21618195886611938,2.6288032531351924e-07,1.4862898984802086e-08,4.002499709605538e-08,0,,,,,,,,,,,,,,,,,,,,,,,,,,,,,4.0716341656087485,0.4346692925995347,3.8007073337447874,4.9120212730820665,0.9965120608923748,977.827626344045,509.3461828299926,,,1838.091838937236,423.68170804307533,1838.091838937236,423.68170804307533,977.827626344045,509.3461828299926,1838.091838937236,423.68170804307533,,,,,,,,,0.05,1e-05,1,product,1.0,,,,,,,,,,,,,,,,,,,,,,,,1.0,,,1,101770,49.099779056642994,0.12173323361083051,0.0941786320720166,0.10173927247524261,0.2522325456142426,0.06846545961193783,0.0034532764313674837,0.0515865758061409,0.06405017003417016,0.0663275308907032,0.06861640885472298,0.07072107866406441,0.07257570400834083,0.0738115131855011,0.0870804414153099,215.0052620389132,22.381629627730128,131.87387084960938,212.3948745727539,243.75830383300783,375.77386474609375,478.26244417056677,-546039.0314391133,-128614.14120561702,1.7883142654161384,1.400081201337131,9.23079483067423e-05,0.27131709377867,0.6915523779447937,1.4806493012055721,2.5571330026922814,3.723283763134684,4.5021829177003925,11.019152394702497,1.3685320940414172,9.7489316701045,-11.330456873448252,3.409044119299853,11.418522728213159,0.182155841603616,0.35152795519308244,0.6347744915004422,0.9687825488847401,0.6484720448069176,0.3652255084995578,0.0312174511152599,65995,37169,3177,4.378421485062209,0.06951741874217987,,1.6760832343085863,0.384828349944629,0.004429678848283499,,,,215.00526428222656,22.381629943847656,49.099779056642994,0.0684654638171196,1,update_snr,0.02,20,100,,,,2036.0,0.0,0.020005895647047262,0.0,0.3731715277506211,0.07045387303449002,0.15471126549030473,0.14123516278462253,0.3018959754529206,1526550,2036.0,30540,0.020005895647047262,12212400,610800,244320,366480,0.9499852608823819,0.7174914565058823,0.4041306391881918,,,1.5782849133045107,,240.8,317.4421102080399,10.0,1143.0,random,,,,,,,,,,,,,,snr_histograms.csv,calibration_bins.csv,0.001,189.85302124023437,199.94117736816406,227.30675506591797,255.51071395874013,-80.6952179423429,-3.2034984235497648,8.15506634261111,13.068462714717725,20.842963787846244,640.3458890914917,651.9885228157043,704.1154571533203,1822.826958594322,2145.1107966852187,1575.5785469794444,1576.8902789184438,1585.328482028152,2496.7839678148553,2678.9720132155076,1575.5785469794444,1576.8902789184438,1585.328482028152,2496.7839678148553,2678.9720132155076,3.802276837131231,3.812217014341505,4.7729873628230495,0.0007737738626299901,0.9949925938202305,0.9952680409832558,0.9969751746488945,0.9969888392514299,0.9969927326726576,640.3458890914917,651.9885228157043,704.1154571533203,1822.826958594322,2145.1107966852187,1575.5785469794444,1576.8902789184438,1585.328482028152,2496.7839678148553,2678.9720132155076,product,0.9960161087148469,,2036.0,2036.0,2036.0,2036.0,2036.0,0.020005895647047262,0.020005895647047262,0.020005895647047262,0.020005895647047262,0.020005895647047262,0.32998674239564135,0.3305218330014991,0.3311001129928677,0.48719188396553614,0.511828030707124,0.012848093123893106,0.14650092846695856,0.14668387666025084,0.14712492067464833,0.17740647286897562,0.1786542190828002,0.006829603595906887,0.13659918967495566,0.13685164290163254,0.1379773310538043,0.15415033458253646,0.15554707544666385,0.034278481601662435,0.2804188182909464,0.2806810505826841,0.28175142311408197,0.3592124636528417,0.3660071938605738
bayesfl_observability_v1,vi_update_snr_prune098_keep002_seed42,150,vi,mnist,mlp,0,0,0.1,0.5,300,24,0.05,15,4147,4147,5,256,0.05,42,1,5,5,5.34182745218277,3.1804029382765293,0.009592622518539429,2.1605213545262814,0,15,11,0.8637,0.49959697728157043,1814.9968333713791,0.8637,0.13629999999999998,0.49959697728157043,0.49959697728157043,0.20568927326202394,0.056984323132038064,0.24629410356283188,0.9206843255996704,0.21912065420150756,10000,0.8637,0.49959697728157043,0.49959697728157043,0.20568927326202394,0.056984323132038064,0.24629410356283188,0.9206843255996704,0.21912065420150756,0.8637,0.4995972091436386,0.4995972091436386,0.20569239152669908,0.05698212555646896,0.24644731730222702,0.9206821285247803,0.21912417259216307,0.001,5,0.21912417259216307,0.2191239093542099,2.632379531852802e-07,0.2191239093542099,2.632379531852802e-07,1.4786799033572607e-08,4.061123983739806e-08,12,0.9578212803250942,0.9456475851212693,0.06728956219601614,0.75,0.8933333333333333,0.9427927927927928,0.9571428571428571,1.0,1.0,1.0,0.18797003149052033,0.19926037974636335,0.27503551797086934,4.869426993536763e-05,0.11189103974952354,1.0585209528605144,,,0.19926037974636335,,,,,,,,,,4.046857439323918,0.39722541083114926,3.799963980391358,4.790319343211089,0.9965892048586703,979.0986979936495,557.801853378845,,,1811.2517717623216,386.09482246259125,1811.2517717623216,386.09482246259125,979.0986979936495,557.801853378845,1811.2517717623216,386.09482246259125,,,,,,,,,0.05,1e-05,1,product,1.0,,,,,,,,,,,,,,,,,,,,,,,,1.0,,,1,101770,49.28250533357436,0.12215173053658854,0.09457374542281008,0.10188408568501472,0.25315896272659305,0.06854649177817683,0.003467012999249678,0.05058159679174423,0.06411379724740982,0.0663996059447527,0.06870107725262642,0.07081059366464615,0.07267634198069572,0.07392637878656387,0.0870804414153099,214.506302788933,22.388067996085315,131.87387084960938,211.8716812133789,243.2747299194336,390.8543395996094,479.4020072574549,-545799.71395147,-128494.48246177149,1.7923493272641622,1.404303916352865,7.805410409923682e-05,0.27207888813491904,0.6932187666115,1.4826302512342333,2.5687146693286182,3.733216049706186,4.524131851458791,11.109660180932865,1.3855256618721687,9.746595429780507,-11.306103139989526,3.4206571418911897,11.441662483655941,0.18191018964331335,0.3513314336248403,0.6340571877763584,0.968124201631129,0.6486685663751597,0.36594281222364156,0.031875798368870986,66015,37242,3244,4.355268551177776,0.06515661627054214,,1.6044820830287965,0.38557993730407525,0.0009645526886906198,,,,214.5063018798828,22.38806915283203,49.28250533357436,0.06854649633169174,1,update_snr,0.02,20,100,,,,2036.0,0.0,0.020005895647047262,0.0,0.37071542867890905,0.066469284571811,0.15360721690237267,0.1401828499450088,0.29954075658230017,1526550,2036.0,30540,0.020005895647047262,12212400,610800,244320,366480,0.9499852608823819,0.7877509423697664,0.3589246667582956,,,1.5074027281596905,,276.46666666666664,429.3385403410952,2.0,1408.0,random,,,,,,,,,,,,outputs/sparse_comm_mnist_noniid_unbalanced/vi_update_snr_prune098_keep002_seed42/posterior_snapshots/round_0150.pt,,snr_histograms.csv,calibration_bins.csv,0.001,189.32757720947265,199.43598556518555,226.8135528564453,255.0242073059082,-82.15208502305921,-3.18259377448458,8.194317317573075,13.110705070606755,20.914015501405405,614.2501228332519,622.7933600068093,688.9106927871704,1927.5902459945676,2243.9398855527243,1572.1013613838206,1574.011028140336,1581.634290851234,2486.778201855276,2508.46644431374,1572.1013613838206,1574.011028140336,1581.634290851234,2486.778201855276,2508.46644431374,3.8031498135441217,3.811650070007521,4.746978001589893,0.0006940515312273229,0.9952780970184474,0.9953606400480419,0.9970001699120865,0.9970132782531571,0.9970179829211535,614.2501228332519,622.7933600068093,688.9106927871704,1927.5902459945676,2243.9398855527243,1572.1013613838206,1574.011028140336,1581.634290851234,2486.778201855276,2508.46644431374,product,0.9960874272042975,0.27503551797086934,2036.0,2036.0,2036.0,2036.0,2036.0,0.020005895647047262,0.020005895647047262,0.020005895647047262,0.020005895647047262,0.020005895647047262,0.3296311967946504,0.33013045100683874,0.3311487805207441,0.4771947033908002,0.4943659123608416,0.0115758284921771,0.1465667851334998,0.1466782672681975,0.14703110320817606,0.17438674614130276,0.17780886304664448,0.006290435387485936,0.1367285760362547,0.13695814113756977,0.13743496540934225,0.15041257028201213,0.15627998520428787,0.031471859655071974,0.2799503418314853,0.28022794431379594,0.2810459949699351,0.3547652037005174,0.3600343144415643
bayesfl_observability_v1,vi_update_snr_prune098_keep002_seed42,151,vi,mnist,mlp,0,0,0.1,0.5,300,24,0.05,15,1505,1505,5,256,0.05,42,1,5,5,4.016833163797855,1.9159910641610622,0.014905784279108047,2.099939037114382,0,15,13,0.8775,0.44789946008920667,847.0764971277484,0.8775,0.12250000000000005,0.44789946008920667,0.44789946008920667,0.18548273708820343,0.048119072136282914,0.21010438054800032,0.9256190740585327,0.20658269600868226,10000,0.8775,0.44789946008920667,0.44789946008920667,0.18548273708820343,0.048119072136282914,0.21010438054800032,0.9256190740585327,0.20658269600868226,0.8776,0.4478949506521225,0.4478949506521225,0.1854795847684145,0.04801874427050358,0.16826837687265306,0.9256187550544739,0.20658332386016845,0.001,5,0.20658332386016845,0.20658307313919066,2.507209777846686e-07,0.20658307313919066,2.507209777846686e-07,1.4060663708903577e-08,4.0449832219122316e-08,0,,,,,,,,,,,,,,,,,,,,,,,,,,,,,3.8772953967484494,0.24693210569115245,3.7917517403829444,4.7997284460438525,0.9969071864470304,724.4431292939187,183.86686685048633,,,1639.9323564616159,233.91437158905788,1639.9323564616159,233.91437158905788,724.4431292939187,183.86686685048633,1639.9323564616159,233.91437158905788,,,,,,,,,0.05,1e-05,1,product,1.0,,,,,,,,,,,,,,,,,,,,,,,,1.0,,,1,101770,49.41477915090354,0.12247766716516614,0.09483005720782314,0.1022099107503891,0.25411792993545534,0.06860659289543218,0.0034501313644723077,0.05022365227341652,0.06418845951557159,0.0664698388427496,0.06876054406166077,0.07086507603526115,0.0727080374956131,0.0739443589001894,0.0870804414153099,214.1121066411024,22.228991663475544,131.87387084960938,211.50536346435547,242.70911102294926,396.4454345703125,480.22901886658644,-545618.3746042151,-128403.81278812521,1.7954744725427076,1.4068220381328367,5.327454311334878e-05,0.2725225393627224,0.6937910513847708,1.485306962607555,2.569861159851872,3.742039989937559,4.5307041919077,11.109660180932865,1.4008984733710306,9.748429390011648,-11.291951475493319,3.436324337257478,11.46216848504084,0.1816448855261865,0.35091873833153187,0.6325341456224821,0.9676230716321116,0.6490812616684681,0.36746585437751794,0.03237692836788838,66057,37397,3295,3.6426893956435222,0.046566035598516464,,2.263542272334645,0.24717607973421926,0.0053156146179402,,,,214.11212158203125,22.22899055480957,49.41477915090354,0.06860660016536713,1,update_snr,0.02,20,100,,,,2036.0,0.0,0.020005895647047262,0.0,0.34038707174253907,0.03683509812262468,0.14883713769185394,0.1384010533445607,0.28598377702095873,1526550,2036.0,30540,0.020005895647047262,12212400,610800,244320,366480,0.9499852608823819,0.6965795036902578,0.48903546739259773,,,1.5867334380304572,,100.33333333333333,81.3958775914904,8.0,336.0,random,,,,,,,,,,,,,,snr_histograms.csv,calibration_bins.csv,0.001,189.1625503540039,199.1294403076172,226.33450317382812,254.39669189453124,-85.46960515978498,-3.175426121353767,8.19819321262152,13.123314159396584,20.914015501405405,624.8278196334838,631.8669147872924,682.3495426177979,727.5870448112488,1402.434363400936,1561.8444087689008,1570.2180757772323,1575.9714113617333,1602.6130853290977,2514.089544048081,1561.8444087689008,1570.2180757772323,1575.9714113617333,1602.6130853290977,2514.089544048081,3.8024576401443304,3.8096089832579416,3.8416379014691873,0.00043199091459989787,0.9952929753410558,0.9969748725499243,0.9970239975425587,0.9970373494088434,0.9970550910398516,624.8278196334838,631.8669147872924,682.3495426177979,727.5870448112488,1402.434363400936,1561.8444087689008,1570.2180757772323,1575.9714113617333,1602.6130853290977,2514.089544048081,product,0.9972792312860861,,2036.0,2036.0,2036.0,2036.0,2036.0,0.020005895647047262,0.020005895647047262,0.020005895647047262,0.020005895647047262,0.020005895647047262,0.3297392932608011,0.33014261277527684,0.33047084868686355,0.33164455172041474,0.4781996265602525,0.007853861172481094,0.1457632529406548,0.14634641196852127,0.14672459506591265,0.1480998554243414,0.17812706946061146,0.004841589931907769,0.13575532550048752,0.13639851331135347,0.1370968685103714,0.13895695929353144,0.156220938657207,0.019751998439103892,0.27993036309748254,0.2800651057770916,0.2805450343065756,0.28227006465253296,0.35983558831403345
bayesfl_observability_v1,vi_update_snr_prune098_keep002_seed42,152,vi,mnist,mlp,0,0,0.1,0.5,300,24,0.05,15,3195,3195,5,256,0.05,42,1,5,5,4.629392769187689,2.4629279412329197,0.010475076735019684,2.165843717753887,0,15,9,0.871,0.47311604015231135,1314.0741297443783,0.871,0.129,0.47311604015231135,0.47311604015231135,0.19510599212646484,0.052827178159356065,0.23647774755954742,0.9238271781921387,0.20994252076148986,10000,0.871,0.47311604015231135,0.47311604015231135,0.19510599212646484,0.052827178159356065,0.23647774755954742,0.9238271781921387,0.20994252076148986,0.8709,0.4731246767163277,0.4731246767163277,0.19511076484322548,0.05292743662446732,0.23660876601934433,0.9238274433135987,0.20993974983692168,0.001,5,0.20993974983692168,0.20993949003219606,2.59804725621926e-07,0.20993949003219606,2.59804725621926e-07,1.4780272903180958e-08,4.0580507756220576e-08,0,,,,,,,,,,,,,,,,,,,,,,,,,,,,,4.099348715857124,0.47132103156528066,3.800727258543998,5.005328975240333,0.9965332656618759,923.0282440638543,432.5529893249633,,,1850.8860550034462,454.91410479406,1850.8860550034462,454.91410479406,923.0282440638543,432.5529893249633,1850.8860550034462,454.91410479406,,,,,,,,,0.05,1e-05,1,product,1.0,,,,,,,,,,,,,,,,,,,,,,,,1.0,,,1,101770,49.60107228317511,0.12293634331284768,0.09519152155142051,0.10250406712293625,0.2550483137369157,0.06867732535745706,0.003454747874428319,0.050052110105752945,0.064240363240242,0.06653947196900845,0.06884187087416649,0.07093942537903786,0.07278275489807129,0.07401766330003738,0.0870804414153099,213.6730226789416,22.201634849325362,131.87387084960938,211.00592803955078,242.31708526611328,399.16754150390625,481.22049334598796,-545408.8486740171,-128299.04982300522,1.8002912009961942,1.4106043150578957,7.260797745838309e-05,0.2740030697339724,0.6952432073020327,1.4895171542485501,2.578223192409597,3.748953177419728,4.54096003412967,11.336492841513694,1.432861096248927,9.72123175738327,-11.244891434469425,3.4609101768112582,11.478200326255527,0.18103566866463594,0.3504274344109266,0.6317480593495136,0.9675837673184632,0.6495725655890734,0.3682519406504864,0.032416232681536795,66107,37477,3299,4.359646295529178,0.0617730263620615,,2.013796139854657,0.2431924882629108,0.04913928012519562,,,,213.6730499267578,22.201637268066406,49.60107228317511,0.06867732852697372,1,update_snr,0.02,20,100,,,,2036.0,0.0,0.020005895647047262,0.0,0.37393967416873947,0.0731402992482127,0.15552876205217397,0.1423535277300085,0.30292278811023093,1526550,2036.0,30540,0.020005895647047262,12212400,610800,244320,366480,0.9499852608823819,0.47354631167527095,0.2921231306220705,,,1.8322046512317673,,213.0,211.46158043483928,3.0,768.0,random,,,,,,,,,,,,,,snr_histograms.csv,calibration_bins.csv,0.001,188.7743667602539,198.7122688293457,225.86103057861328,253.8539611816406,-82.78031309286624,-3.1572649121910463,8.22641021501854,13.142953587931368,21.089574362462177,614.5450732231141,632.8956190371514,697.1175855636596,1666.6068006706237,1845.6731568336486,1566.206812338083,1567.8423117303396,1584.4918415439495,2617.811715761169,2741.409996965502,1566.206812338083,1567.8423117303396,1584.4918415439495,2617.811715761169,2741.409996965502,3.8024872169646633,3.823779357060323,4.891262752546598,0.0008315295257391432,0.9949147573173416,0.995136345379133,0.9970183825237383,0.9970528830118577,0.9970552722923298,614.5450732231141,632.8956190371514,697.1175855636596,1666.6068006706237,1845.6731568336486,1566.206812338083,1567.8423117303396,1584.4918415439495,2617.811715761169,2741.409996965502,product,0.9961298226866488,,2036.0,2036.0,2036.0,2036.0,2036.0,0.020005895647047262,0.020005895647047262,0.020005895647047262,0.020005895647047262,0.020005895647047262,0.3294405240634386,0.3296670897268383,0.3304320911784422,0.49822748285965485,0.5152763072396964,0.014285115374894382,0.14617672117103991,0.14633542842976704,0.14724142258171488,0.17931240136194104,0.18264015998367472,0.007901464036691614,0.13647216505402798,0.13678159024216913,0.1379466675095815,0.15538071665409547,0.1570097244762932,0.03723781010610397,0.27990909041596096,0.2799534359823475,0.2810683809954933,0.3655997819320529,0.3732458121271418
bayesfl_observability_v1,vi_update_snr_prune098_keep002_seed42,153,vi,mnist,mlp,0,0,0.1,0.5,300,24,0.05,15,3189,3189,5,256,0.05,42,1,5,5,5.41317967697978,3.3554138615727425,0.009789664298295975,2.057158648967743,0,15,10,0.8667,0.49100059158802034,1750.3842830072285,0.8667,0.13329999999999997,0.49100059158802034,0.49100059158802034,0.2044246015071869,0.050951737150549924,0.25301089882850647,0.9173559196472167,0.23038185710906983,10000,0.8667,0.49100059158802034,0.49100059158802034,0.2044246015071869,0.050951737150549924,0.25301089882850647,0.9173559196472167,0.23038185710906983,0.8667,0.490990602350235,0.490990602350235,0.20441891450881958,0.05103327714800838,0.25286030769348145,0.9173566014289856,0.2303809343099594,0.001,5,0.2303809343099594,0.2303806462049484,2.881050109870831e-07,0.2303806462049484,2.881050109870831e-07,1.5870278770080403e-08,4.2098029868000014e-08,0,,,,,,,,,,,,,,,,,,,,,,,,,,,,,4.069169470597561,0.4407844026567686,3.7951019574364144,5.020130552018849,0.9966132346493063,936.2924888235992,501.9128324423661,,,1821.1824130932182,425.45177914111514,1821.1824130932182,425.45177914111514,936.2924888235992,501.9128324423661,1821.1824130932182,425.45177914111514,,,,,,,,,0.05,1e-05,1,product,1.0,,,,,,,,,,,,,,,,,,,,,,,,1.0,,,1,101770,49.78497980923777,0.12340551231265086,0.09552721775203007,0.10296958684921265,0.2559734106063843,0.0687564836818111,0.0034627024435278588,0.04952144995331764,0.0643025629222393,0.06661218032240868,0.06891710683703423,0.07101458124816418,0.07286801487207413,0.07412487603724002,0.0870804414153099,213.1841295149163,22.161585831407542,131.87387084960938,210.54547882080078,241.84851684570313,407.7681579589844,482.33325216096125,-545174.9015501443,-128182.07626104538,1.8051044330368844,1.414026753262886,9.672395146090365e-05,0.27691274782085545,0.6958896703936266,1.4933987221447746,2.5834983146122834,3.756939686702751,4.547023720532105,11.42883816365181,1.4674282744408456,9.691879463193208,-11.153141016454546,3.483515507568931,11.49668445961357,0.18050506043038222,0.3498771740198487,0.6305885820968852,0.9670629851626216,0.6501228259801514,0.3694114179031149,0.0329370148373784,66163,37595,3352,4.3866969685351975,0.06210903823375702,,1.376902986355205,0.5374725619316401,0.0015678896205707118,,,,213.18414306640625,22.16158676147461,49.78497980923777,0.06875648349523544,1,update_snr,0.02,20,100,,,,2036.0,0.0,0.020005895647047262,0.0,0.3715170209856371,0.06979522139303997,0.1540280746344131,0.14078066554694013,0.3004117008259616,1526550,2036.0,30540,0.020005895647047262,12212400,610800,244320,366480,0.9499852608823819,0.7039425090054985,0.4681882818009114,,,1.6121436963618856,,212.6,366.8250809309527,1.0,1408.0,random,,,,,,,,,,,,,,snr_histograms.csv,calibration_bins.csv,0.001,188.332861328125,198.2918815612793,225.3682403564453,253.25388031005858,-80.28931930148822,-3.1491922055426027,8.244163650809664,13.15454439308746,21.160041659942518,595.4557411193848,623.3040505981445,678.6355625152588,1678.3303785514831,2204.004075797399,1558.2054118802876,1564.964234199327,1571.6250840213609,2499.150730978533,2753.4003622061646,1558.2054118802876,1564.964234199327,1571.6250840213609,2499.150730978533,2753.4003622061646,3.803288400759245,3.8125762948527027,4.7960847369307915,0.0007680506093050223,0.9949191496902647,0.9953547500742056,0.9970595247596197,0.9970738930840112,0.9970844153357276,595.4557411193848,623.3040505981445,678.6355625152588,1678.3303785514831,2204.004075797399,1558.2054118802876,1564.964234199327,1571.6250840213609,2499.150730978533,2753.4003622061646,product,0.9961105169898365,,2036.0,2036.0,2036.0,2036.0,2036.0,0.020005895647047262,0.020005895647047262,0.020005895647047262,0.020005895647047262,0.020005895647047262,0.3289816572088653,0.32957943945145995,0.33009753371527056,0.4752963291754436,0.5199418130943506,0.01329078268577114,0.14578367802199413,0.1460933262524773,0.1465367408018988,0.1776083148538399,0.1826993129357226,0.007797737934092151,0.13602322840604436,0.1363761502293579,0.13710546163833215,0.15622480733610783,0.15661805198986578,0.03454840491653437,0.27893132633844636,0.2794326504821517,0.2803476975532087,0.35835078374001544,0.3738898001340386
bayesfl_observability_v1,vi_update_snr_prune098_keep002_seed42,154,vi,mnist,mlp,0,0,0.1,0.5,300,24,0.05,15,1658,1658,5,256,0.05,42,1,5,5,4.178017597645521,2.111992359161377,0.011992137879133224,2.0653031542897224,0,15,10,0.8643,0.5143129112958909,1074.7432953635084,0.8643,0.13570000000000004,0.5143129112958909,0.5143129112958909,0.20762456730604173,0.056130995145440135,0.14616627660811754,0.9199670963287353,0.22302268137931824,10000,0.8643,0.5143129112958909,0.5143129112958909,0.20762456730604173,0.056130995145440135,0.14616627660811754,0.9199670963287353,0.22302268137931824,0.8644,0.5143225412249565,0.5143225412249565,0.20762865136861802,0.056227614326775074,0.14695031234736888,0.9199640617370606,0.22302769355773927,0.001,5,0.22302769355773927,0.22302742347717286,2.700805664113126e-07,0.22302742347717286,2.700805664113126e-07,1.4890603758033194e-08,3.984936126669071e-08,0,,,,,,,,,,,,,,,,,,,,,,,,,,,,,4.007269966791544,0.38348868710329037,3.805772267497792,4.791797504667088,0.9967475920618019,807.3821606334051,285.7416495391989,,,1751.2409846279563,359.766933695728,1751.2409846279563,359.766933695728,807.3821606334051,285.7416495391989,1751.2409846279563,359.766933695728,,,,,,,,,0.05,1e-05,1,product,1.0,,,,,,,,,,,,,,,,,,,,,,,,1.0,,,1,101770,49.936811449212996,0.123757883806408,0.09584952735429857,0.10342618077993393,0.2567680567502976,0.06882099040479296,0.0034576500097650334,0.04960334673523903,0.06436038687825203,0.06668401695787907,0.06898698583245277,0.0710769984871149,0.07292735427618027,0.07417043671011925,0.0870804414153099,212.77749187315425,22.077138651094018,131.87387084960938,210.11915588378906,241.4141342163086,406.4227600097656,483.23286918174267,-544982.8429563958,-128086.04696415158,1.8085853167421013,1.4175047021663407,7.234137951685064e-05,0.2747457440934685,0.6984751288191423,1.499237929999536,2.5853258482698793,3.764855352474321,4.558792477828537,10.832086305081601,1.46841346892683,9.735325725880648,-11.221380544725427,3.5174112224926866,11.514965901147404,0.17989584356883168,0.34915004421735285,0.6296551046477351,0.9666502898693131,0.6508499557826471,0.3703448953522649,0.03334971013068684,66237,37690,3394,4.0436576813837215,0.04853174090385437,,1.9750239503439793,0.2195416164053076,0.0012062726176115801,,,,212.7775115966797,22.077138900756836,49.936811449212996,0.06882099062204361,1,update_snr,0.02,20,100,,,,2036.0,0.0,0.020005895647047262,0.0,0.35828647747535103,0.05749215979487217,0.15251176502157573,0.1406299554699079,0.29538977329943644,1526550,2036.0,30540,0.020005895647047262,12212400,610800,244320,366480,0.9499852608823819,0.7555807968524969,0.4481883495215067,,,1.5474437153850344,,110.53333333333333,108.48524733293871,2.0,364.0,random,,,,,,,,,,,,,,snr_histograms.csv,calibration_bins.csv,0.001,188.02650451660156,197.94377899169922,224.88293838500977,252.81005401611327,-82.81226415391828,-3.116981071629604,8.250305766214012,13.176996459986158,20.694242232271556,605.3422747135162,622.7114292669296,667.1612413406372,1368.4116354846954,1395.9049702644347,1563.2509497566737,1563.9405245911505,1569.7991493525647,2462.700587620004,2486.764921372306,1563.2509497566737,1563.9405245911505,1569.7991493525647,2462.700587620004,2486.764921372306,3.807104075687409,3.8130931417798823,4.7651959503468975,0.0006574747764952885,0.9953987523695679,0.995450107070374,0.9970779622030944,0.9970892052098946,0.9970904312711644,605.3422747135162,622.7114292669296,667.1612413406372,1368.4116354846954,1395.9049702644347,1563.2509497566737,1563.9405245911505,1569.7991493525647,2462.700587620004,2486.764921372306,product,0.996716122860983,,2036.0,2036.0,2036.0,2036.0,2036.0,0.020005895647047262,0.020005895647047262,0.020005895647047262,0.020005895647047262,0.020005895647047262,0.32830940968820777,0.32907312995074395,0.3298236453585011,0.4723844782248295,0.4752295519720655,0.011980793273215544,0.14606761899137602,0.14612587313062056,0.14644053283379188,0.17612428179456494,0.17711121302136446,0.0069816137648813946,0.13639801060816942,0.13644367941221283,0.1372948380495107,0.15411592422702258,0.1553915156064195,0.030784832785447143,0.2793098320973291,0.27940689537852553,0.280044630307812,0.35646092809560487,0.3580933427737906
bayesfl_observability_v1,vi_update_snr_prune098_keep002_seed42,155,vi,mnist,mlp,0,0,0.1,0.5,300,24,0.05,15,2297,2297,5,256,0.05,42,1,5,5,4.35937025398016,2.070900421589613,0.011197879910469055,2.287677500396967,0,15,13,0.8668,0.49992887077331544,1521.292372781039,0.8668,0.13319999999999999,0.49992887077331544,0.49992887077331544,0.2029954011321068,0.05770054844468826,0.2512759044766426,0.9245005472183228,0.2115319007396698,10000,0.8668,0.49992887077331544,0.49992887077331544,0.2029954011321068,0.05770054844468826,0.2512759044766426,0.9245005472183228,0.2115319007396698,0.8669,0.4999228903055191,0.4999228903055191,0.2029936014890671,0.05760136588066814,0.25113455206155777,0.9245013841629028,0.21153204054832458,0.001,5,0.21153204054832458,0.2115317819595337,2.585887908801432e-07,0.2115317819595337,2.585887908801432e-07,1.4583155768832512e-08,4.105814732891403e-08,11,0.9122834836698898,0.9386619740979295,0.061610120420021515,0.8181818181818182,0.875,0.8982758620689655,0.9285714285714286,1.0,1.0,1.0,0.2303478781815214,0.1800533332020658,0.21577781882268707,3.3026164081612865e-05,0.0915172781263079,0.754002571105957,,,0.1800533332020658,,,,,,,,,,3.9382236881888537,0.3224959959791362,3.799091274339441,4.792864217636705,0.9968846618044052,809.0334810366631,432.1944776685048,,,1687.1054249945478,310.3928601694901,1687.1054249945478,310.3928601694901,809.0334810366631,432.1944776685048,1687.1054249945478,310.3928601694901,,,,,,,,,0.05,1e-05,1,product,1.0,,,,,,,,,,,,,,,,,,,,,,,,1.0,,,1,101770,50.074157520290136,0.12413201896301958,0.09606955655292264,0.10383022576570511,0.2573144406080246,0.06888990252507252,0.003455679764079675,0.05021577700972557,0.0644440434873104,0.06675843708217144,0.06904840469360352,0.0711443331092596,0.0729955866932869,0.07423015236854554,0.0870804414153099,212.3470034739961,21.999716160425013,131.87387084960938,209.7455291748047,240.78778228759768,396.5697937011719,484.1972751493924,-544778.3344686917,-127983.79272027896,1.8122057229695272,1.4193181853183405,2.1932844727842066e-06,0.27798348807357715,0.7006257285627461,1.50365156318126,2.5922176609585597,3.768495839157108,4.566760731324777,10.832086305081601,1.5028411930593675,9.70146937563624,-11.119619999153958,3.5429442014977104,11.523360801940248,0.17861845337525795,0.3492483050014739,0.6292915397464872,0.9662965510464774,0.6507516949985261,0.37070846025351284,0.03370344895352265,66227,37727,3430,3.9778833183889404,0.06547151505947113,,1.684063596607958,0.455811928602525,0.00043535045711797995,,,,212.3470001220703,21.99971580505371,50.074157520290136,0.06888990104198456,1,update_snr,0.02,20,100,,,,2036.0,0.0,0.020005895647047262,0.0,0.3498944543106592,0.05273346094559578,0.14981544589433307,0.13841414787123987,0.28954411821719245,1526550,2036.0,30540,0.020005895647047262,12212400,610800,244320,366480,0.9499852608823819,0.732472588664136,0.517057126457495,,,1.571809132283173,,153.13333333333333,257.4484716512327,1.0,1047.0,random,,,,,,,,,,,,,,snr_histograms.csv,calibration_bins.csv,0.001,187.67515563964844,197.56926345825195,224.38183212280273,252.31113586425778,-113.17809675827678,-3.090278369011708,8.273429303301846,13.19216515960662,20.694242232271556,606.9764875411987,616.217479929924,645.5470741271972,1150.691045131683,2248.020441493988,1555.3486194250845,1557.7388158833887,1562.8801067968716,2115.2164218487405,2484.219401448552,1555.3486194250845,1557.7388158833887,1562.8801067968716,2115.2164218487405,2484.219401448552,3.802482906250757,3.8084646579229635,4.368028316124398,0.0005484096617533942,0.9954254500476013,0.9961588208169722,0.9971036592742538,0.9971125372396796,0.9971199212981422,606.9764875411987,616.217479929924,645.5470741271972,1150.691045131683,2248.020441493988,1555.3486194250845,1557.7388158833887,1562.8801067968716,2115.2164218487405,2484.219401448552,product,0.9968397490201805,0.21577781882268707,2036.0,2036.0,2036.0,2036.0,2036.0,0.020005895647047262,0.020005895647047262,0.020005895647047262,0.020005895647047262,0.020005895647047262,0.32844004218379663,0.32853865594987924,0.3295874493396845,0.41625830574027195,0.4942288699089162,0.009321710199486948,0.14570659341364062,0.1458043390713158,0.14604228948478362,0.16052269602876376,0.17703312997228826,0.004863068651401887,0.13595013037047404,0.13612165016948963,0.1366747763314647,0.14117722658677617,0.1553465611910622,0.025200802117636045,0.2786909542691976,0.27889149583573647,0.2798584839872447,0.32239239134823466,0.3572654093143497
bayesfl_observability_v1,vi_update_snr_prune098_keep002_seed42,156,vi,mnist,mlp,0,0,0.1,0.5,300,24,0.05,15,2249,2249,5,256,0.05,42,1,5,5,4.304959800094366,2.073260098695755,0.011293061077594757,2.2311579063534737,0,15,12,0.8749,0.47344670649766923,1534.9529264190824,0.8749,0.1251,0.47344670649766923,0.47344670649766923,0.19131870014071464,0.05225175755172974,0.24040650576353073,0.9266342395782471,0.20714390144348144,10000,0.8749,0.47344670649766923,0.47344670649766923,0.19131870014071464,0.05225175755172974,0.24040650576353073,0.9266342395782471,0.20714390144348144,0.8749,0.4734445456147194,0.4734445456147194,0.19131814340949058,0.05224984153062107,0.24034058302640915,0.9266327308654785,0.20714482023715972,0.001,5,0.20714482023715972,0.20714457278251647,2.474546432484903e-07,0.20714457278251647,2.474546432484903e-07,1.3646623952467963e-08,3.7621066312861516e-08,0,,,,,,,,,,,,,,,,,,,,,,,,,,,,,4.0264071831619015,0.4381841431043139,3.7968268246661863,5.001787424315684,0.9967454442288542,875.0595961230993,446.1924927785894,,,1769.596996682454,423.3204327400075,1769.596996682454,423.3204327400075,875.0595961230993,446.1924927785894,1769.596996682454,423.3204327400075,,,,,,,,,0.05,1e-05,1,product,1.0,,,,,,,,,,,,,,,,,,,,,,,,1.0,,,1,101770,50.2456847619839,0.12457395723390438,0.0963770205748356,0.10425205901265144,0.2580853402614595,0.06896251820835335,0.0034589769070033365,0.05076616257429123,0.06452870666980744,0.06682674027979374,0.0691201388835907,0.07121939025819302,0.07308118492364883,0.0743028126657009,0.0870804414153099,211.8991530886284,21.942612878096213,131.87387084960938,209.3104019165039,240.1563690185547,388.01751708984375,485.21833827488365,-544563.8030455665,-127876.5270086949,1.8167273894044886,1.4223477689524386,9.672395146090365e-05,0.2792840806405992,0.7045860152255563,1.5074434187828407,2.5955431466644567,3.781087910785201,4.573722244896489,10.708544201647953,1.5287949485834744,9.69508142044549,-11.079076374251457,3.564820401291101,11.552335497663238,0.17722315024073892,0.3480888277488454,0.6284071926893977,0.9659722904588779,0.6519111722511546,0.37159280731060235,0.034027709541122136,66345,37817,3463,4.253918250074502,0.06356767192482948,,1.7550494170585285,0.3468208092485549,0.0008892841262783459,,,,211.89913940429688,21.94261360168457,50.2456847619839,0.06896252185106277,1,update_snr,0.02,20,100,,,,2036.0,0.0,0.020005895647047262,0.0,0.36298161759436964,0.06906252654398916,0.15238765019447342,0.1397774312668754,0.29597053681818924,1526550,2036.0,30540,0.020005895647047262,12212400,610800,244320,366480,0.9499852608823819,0.7793060771930749,0.45883684515170386,,,1.5265816487997246,,149.93333333333334,226.04497094359098,1.0,780.0,random,,,,,,,,,,,,,,snr_histograms.csv,calibration_bins.csv,0.001,187.23577880859375,197.15304946899414,223.92338943481445,251.8097213745117,-80.28931930148822,-3.041319620935619,8.284565054129647,13.205395739037662,20.594608673098907,637.2380093097687,638.1970896625519,661.1508623123169,1619.2564840078353,2038.9229914098978,1551.03385881196,1553.4803650729202,1561.1863170947925,2576.0266684500534,2718.4985270680377,1551.03385881196,1553.4803650729202,1561.1863170947925,2576.0266684500534,2718.4985270680377,3.8016267158785566,3.8109753014748624,4.862279302985217,0.0007539004953141603,0.995044996514187,0.9953184554094817,0.9971166737791157,0.9971316563491456,0.9971349745433395,637.2380093097687,638.1970896625519,661.1508623123169,1619.2564840078353,2038.9229914098978,1551.03385881196,1553.4803650729202,1561.1863170947925,2576.0266684500534,2718.4985270680377,product,0.9964097129007728,,2036.0,2036.0,2036.0,2036.0,2036.0,0.020005895647047262,0.020005895647047262,0.020005895647047262,0.020005895647047262,0.020005895647047262,0.32804549191767135,0.3283728636001749,0.3288901051532046,0.49707336038123284,0.5140998654704756,0.012962197213168415,0.14529637522966984,0.14561299336956188,0.14604856180548634,0.1766793486018904,0.1815230826469721,0.006778677019584637,0.13553241656604137,0.1359044542021352,0.13655493057313833,0.15254530631140556,0.15522544849348385,0.03411770513628418,0.2785486624336855,0.2787898597679261,0.2789583855365203,0.36099085949245985,0.37176856271092046
bayesfl_observability_v1,vi_update_snr_prune098_keep002_seed42,157,vi,mnist,mlp,0,0,0.1,0.5,300,24,0.05,15,2332,2332,5,256,0.05,42,1,5,5,4.679672356694937,2.475085496902466,0.010809529572725296,2.203790780156851,0,15,11,0.8743,0.47300458167791365,1494.678175727916,0.8743,0.12570000000000003,0.47300458167791365,0.47300458167791365,0.1916428703546524,0.05011402848958971,0.24453628063201904,0.9244140214920044,0.20815889883041383,10000,0.8743,0.47300458167791365,0.47300458167791365,0.1916428703546524,0.05011402848958971,0.24453628063201904,0.9244140214920044,0.20815889883041383,0.8743,0.47300814405679703,0.47300814405679703,0.19164697544574738,0.05011254018545151,0.24446723610162735,0.924412546825409,0.2081621068716049,0.001,5,0.2081621068716049,0.20816184582710265,2.610445022643848e-07,0.20816184582710265,2.610445022643848e-07,1.505074277474705e-08,4.156149441862179e-08,0,,,,,,,,,,,,,,,,,,,,,,,,,,,,,4.077118953899914,0.4475237493014457,3.7972745648949435,4.93009025430264,0.996685873957417,892.8254372195405,423.42652766877933,,,1810.4726085040193,424.4282751231278,1810.4726085040193,424.4282751231278,892.8254372195405,423.42652766877933,1810.4726085040193,424.4282751231278,,,,,,,,,0.05,1e-05,1,product,1.0,,,,,,,,,,,,,,,,,,,,,,,,1.0,,,1,101770,50.439847396700614,0.1250392688194255,0.0967702216271009,0.10465225577354431,0.2594144761562348,0.06903415202671329,0.0034612771205275892,0.051020797342061996,0.06458957195281982,0.0668936986476183,0.06920183822512627,0.07129164412617683,0.07316225245594979,0.07437137775123119,0.0870804414153099,211.45886238625164,21.895911206361472,131.87387084960938,208.81647491455078,239.70393829345704,384.1541442871094,486.2259779513188,-544352.331095035,-127770.79103340801,1.8216338072529574,1.4266844154975293,9.672395146090365e-05,0.2783929329528343,0.7058903287406717,1.5123879098084234,2.6019839716708426,3.791885699435733,4.586782997582646,10.740306880562247,1.5394658255263765,9.727885573758886,-11.106835887508247,3.593263937901316,11.577104754466653,0.17764567161245948,0.3475582195145917,0.6266483246536307,0.9656382037928662,0.6524417804854082,0.37335167534636926,0.034361796207133734,66399,37996,3497,4.353551484290709,0.07140687108039856,,1.6807691296280887,0.3666380789022298,0.0008576329331046312,,,,211.4588623046875,21.895912170410156,50.439847396700614,0.0690341517329216,1,update_snr,0.02,20,100,,,,2036.0,0.0,0.020005895647047262,0.0,0.36948556735477683,0.0689320966789747,0.15389588856019695,0.14079775514977977,0.3000516857566429,1526550,2036.0,30540,0.020005895647047262,12212400,610800,244320,366480,0.9499852608823819,0.7173659326053322,0.288458966935501,,,1.6016164493357223,,155.46666666666667,227.62391985221782,2.0,855.0,random,,,,,,,,,,,,,,snr_histograms.csv,calibration_bins.csv,0.001,186.8210647583008,196.7536277770996,223.4753189086914,251.34370040893555,-80.28931930148822,-3.0252553659606876,8.306092335275665,13.230163876980546,20.62033381094143,600.664309489727,622.3179101800919,671.1473934173584,1404.0123140144349,2043.0753920793534,1546.6131380645345,1551.308696097197,1557.0590478718407,2470.290051172866,2654.2741066386398,1546.6131380645345,1551.308696097197,1557.0590478718407,2470.290051172866,2654.2741066386398,3.802098315755345,3.810407429175944,4.7867686193310375,0.0007575027610615166,0.9952191603021191,0.9954912174714734,0.997136767971209,0.9971505202975859,0.9971573224251918,600.664309489727,622.3179101800919,671.1473934173584,1404.0123140144349,2043.0753920793534,1546.6131380645345,1551.308696097197,1557.0590478718407,2470.290051172866,2654.2741066386398,product,0.9962681846192102,,2036.0,2036.0,2036.0,2036.0,2036.0,0.020005895647047262,0.020005895647047262,0.020005895647047262,0.020005895647047262,0.020005895647047262,0.3278163114414556,0.3279059961117609,0.32859788241291055,0.4736723248846193,0.5141474386057947,0.013607164042599975,0.1452423354043246,0.14544621450561582,0.14575540763673642,0.1765574751457202,0.1772217778213447,0.00769604300661301,0.13548891385068149,0.13584739951948435,0.13637633409879707,0.1544379059122768,0.15488541126020908,0.035207264285526216,0.27759951125195803,0.2784768934922481,0.2791811009536127,0.35663708091263935,0.36507529763355445
bayesfl_observability_v1,vi_update_snr_prune098_keep002_seed42,158,vi,mnist,mlp,0,0,0.1,0.5,300,24,0.05,15,1873,1873,5,256,0.05,42,1,5,5,4.297280069440603,2.0151628963649273,0.0093708336353302,2.28152422234416,0,15,12,0.8712,0.474439507985115,821.8452126213909,0.8712,0.12880000000000003,0.474439507985115,0.474439507985115,0.19331215250492095,0.05482419841587538,0.16941451161138477,0.9259722772598267,0.20337046339511872,10000,0.8712,0.474439507985115,0.474439507985115,0.19331215250492095,0.05482419841587538,0.16941451161138477,0.9259722772598267,0.20337046339511872,0.8713,0.4744442946791649,0.4744442946791649,0.19331177198290825,0.05472387371361251,0.17191121552852873,0.9259719250679016,0.2033705705165863,0.001,5,0.2033705705165863,0.20337029700279236,2.735137939469112e-07,0.20337029700279236,2.735137939469112e-07,1.5348377348800568e-08,4.3546521510475016e-08,0,,,,,,,,,,,,,,,,,,,,,,,,,,,,,3.883634212020293,0.24192162627135813,3.7965351078128076,4.788111004249179,0.9970380023827775,714.8547308834393,172.62487366669646,,,1621.9579392416977,225.81584578350765,1621.9579392416977,225.81584578350765,714.8547308834393,172.62487366669646,1621.9579392416977,225.81584578350765,,,,,,,,,0.05,1e-05,1,product,1.0,,,,,,,,,,,,,,,,,,,,,,,,1.0,,,1,101770,50.58433057582061,0.1253934100099885,0.0970526228395532,0.10492553189396858,0.26016902625560767,0.06909012194692508,0.0034487423237109824,0.051474228501319885,0.06465209424495696,0.06696448661386967,0.06926412880420685,0.07134479098021984,0.0731924332678318,0.07439105287194252,0.0870804414153099,211.1028565201296,21.77485186169144,131.87387084960938,208.44105529785156,239.24056549072264,377.416015625,487.00392705606725,-544185.1611660045,-127687.20606887566,1.8252425507380066,1.4296500861033425,9.672395146090365e-05,0.2783414136476581,0.709615715579094,1.5137556387022244,2.604075436254324,3.7987537755014893,4.5967938630951775,11.183120664399407,1.5533486799266512,9.737121897473731,-11.108443427688831,3.6011154775521277,11.592822890165644,0.17706593298614523,0.3460155252038911,0.6260096295568439,0.9653630735973273,0.6539844747961089,0.37399037044315614,0.03463692640267269,66556,38061,3525,3.6796873784453332,0.045989736914634705,,2.2005955982887673,0.19701014415376403,0.002135611318739989,,,,211.1028594970703,21.774850845336914,50.58433057582061,0.06909012049436569,1,update_snr,0.02,20,100,,,,2036.0,0.0,0.020005895647047262,0.0,0.33812513427716717,0.03589334547448128,0.14812679873315912,0.13803006685126104,0.2841022925693503,1526550,2036.0,30540,0.020005895647047262,12212400,610800,244320,366480,0.9499852608823819,0.6823364269298524,0.39175740640701817,,,1.6015401110551872,,124.86666666666666,105.37227128403163,2.0,369.0,random,,,,,,,,,,,,,,snr_histograms.csv,calibration_bins.csv,0.001,186.667041015625,196.4606056213379,223.00310134887695,250.81719436645508,-80.28931930148822,-2.9795355005929087,8.313071219021719,13.249100567716223,20.97126021808149,606.5235317707062,619.9293532466888,667.5320327758789,749.7289908599853,1339.8669508457183,1542.9563844357572,1554.0802630246858,1563.6291573005951,1574.1718712104143,2466.3885102047184,1542.9563844357572,1554.0802630246858,1563.6291573005951,1574.1718712104143,2466.3885102047184,3.8098131702350506,3.821282417943018,3.835242961606121,0.0004050379315747181,0.995523438783468,0.9971212594133109,0.9971430651307903,0.9971613649963547,0.9971781885908463,606.5235317707062,619.9293532466888,667.5320327758789,749.7289908599853,1339.8669508457183,1542.9563844357572,1554.0802630246858,1563.6291573005951,1574.1718712104143,2466.3885102047184,product,0.997350694803515,,2036.0,2036.0,2036.0,2036.0,2036.0,0.020005895647047262,0.020005895647047262,0.020005895647047262,0.020005895647047262,0.020005895647047262,0.32769986346855146,0.3278387374276879,0.32858277804658975,0.3294750967640917,0.4724121833832974,0.007603259155043889,0.14498750192365153,0.1456189843711294,0.14621510584601677,0.14703257500040615,0.1765139917849017,0.004626433996496156,0.13523927057846036,0.1361338456584105,0.13678915339418285,0.1386291179061569,0.15504783567052174,0.019005261389384794,0.27808932100800704,0.27868003012863707,0.279049257924764,0.2797296558356176,0.35519768688463804
bayesfl_observability_v1,vi_update_snr_prune098_keep002_seed42,159,vi,mnist,mlp,0,0,0.1,0.5,300,24,0.05,15,3725,3725,5,256,0.05,42,1,5,5,4.830531977117062,2.626289077103138,0.010341912508010864,2.2034847252070904,0,15,12,0.8579,0.5330602857828141,1570.311314859902,0.8579,0.1421,0.5330602857828141,0.5330602857828141,0.21792262600660325,0.06422669385522606,0.25225502749284107,0.9216705435752869,0.21627075896263123,10000,0.8579,0.5330602857828141,0.5330602857828141,0.21792262600660325,0.06422669385522606,0.25225502749284107,0.9216705435752869,0.21627075896263123,0.8582,0.5330523829460144,0.5330523829460144,0.2179169620037079,0.06404034278243782,0.25232578814029694,0.9216703120231629,0.2162713381290436,0.001,5,0.2162713381290436,0.21627106471061708,2.734184265107409e-07,0.21627106471061708,2.734184265107409e-07,1.5467910819211284e-08,4.194951195866618e-08,0,,,,,,,,,,,,,,,,,,,,,,,,,,,,,4.248498788553703,0.5321043121788552,3.801259497584594,5.04014062391789,0.9964373041699974,1043.9350334477426,517.7175507386522,,,1968.4418303480597,508.7033334367849,1968.4418303480597,508.7033334367849,1043.9350334477426,517.7175507386522,1968.4418303480597,508.7033334367849,,,,,,,,,0.05,1e-05,1,product,1.0,,,,,,,,,,,,,,,,,,,,,,,,1.0,,,1,101770,50.79550767384852,0.12595469962217362,0.09740893189427931,0.10539016872644424,0.26107535362243667,0.06917122506491793,0.0034664556563407016,0.05229879543185234,0.06470778584480286,0.06703047826886177,0.06934354454278946,0.07143705897033215,0.07330598086118698,0.07451299577951431,0.0870804414153099,210.62044393399427,21.804386049995784,131.87387084960938,207.96388244628906,238.8289260864258,365.6087951660156,488.1575833843749,-543948.3679124273,-127568.80944206401,1.8312970561399353,1.4332494532769158,6.817748283866733e-05,0.28154339933273437,0.713339311245065,1.5198960127156171,2.613525415264471,3.8122843053177844,4.612804727613846,11.40260397306222,1.5966385454146153,9.712101102929415,-11.009093001110296,3.636277513483349,11.623705623184666,0.17604402083128623,0.34470865677508106,0.6247322393632702,0.965146899872261,0.6552913432249189,0.3752677606367299,0.03485310012773902,66689,38191,3547,4.76104082499225,0.06197710707783699,,2.044933469808092,0.21422818791946308,0.00026845637583892615,,,,210.6204376220703,21.804386138916016,50.79550767384852,0.0691712275147438,1,update_snr,0.02,20,100,,,,2036.0,0.0,0.020005895647047262,0.0,0.3936908280104707,0.08118808978125885,0.15891024398261333,0.14365082869772608,0.3124436467141837,1526550,2036.0,30540,0.020005895647047262,12212400,610800,244320,366480,0.9499852608823819,0.6641686602842959,0.41146296437900565,,,1.626503800101287,,248.33333333333334,260.26618852415095,1.0,780.0,random,,,,,,,,,,,,,,snr_histograms.csv,calibration_bins.csv,0.001,186.089208984375,195.95343017578125,222.56421661376953,250.22893600463865,-83.32718061806709,-2.9340768474406813,8.344534554918248,13.279301402497714,21.140080819700874,612.3632795333863,613.9835851430893,686.6099742889404,1832.3835480848948,2043.1352033734322,1545.881315404639,1552.6699329062305,1565.2291416951175,2674.6750755388834,2743.5936850905505,1545.881315404639,1552.6699329062305,1565.2291416951175,2674.6750755388834,2743.5936850905505,3.8109177744743126,3.8269185918812023,4.96862462659379,0.0008984090405558324,0.9950695194105442,0.9952105268828978,0.9971504778645633,0.9971746346699273,0.9971870655367187,612.3632795333863,613.9835851430893,686.6099742889404,1832.3835480848948,2043.1352033734322,1545.881315404639,1552.6699329062305,1565.2291416951175,2674.6750755388834,2743.5936850905505,product,0.995597724314015,,2036.0,2036.0,2036.0,2036.0,2036.0,0.020005895647047262,0.020005895647047262,0.020005895647047262,0.020005895647047262,0.020005895647047262,0.3274337467285698,0.327600324942337,0.32852370499646333,0.5100080576083034,0.5125762522626428,0.016058752555116507,0.14519957878998815,0.14570246933790978,0.14626808813773418,0.1798477610461216,0.18255625902021042,0.009149360668361594,0.13582512036635974,0.1361061623366024,0.136551215719136,0.15634122321820254,0.15683379814017406,0.04165325930244832,0.27736594955850513,0.2784903866749975,0.2791228658715048,0.3679732437185863,0.37386060905345797
bayesfl_observability_v1,vi_update_snr_prune098_keep002_seed42,160,vi,mnist,mlp,0,0,0.1,0.5,300,24,0.05,15,2728,2728,5,256,0.05,42,1,5,5,4.3882431872189045,2.1146027334034443,0.01002734899520874,2.273058593273163,0,15,8,0.872,0.4756217978537083,1617.6288748397028,0.872,0.128,0.4756217978537083,0.4756217978537083,0.19443033899962903,0.053706933742761566,0.20141729150178297,0.9256585224151611,0.20719819271564482,10000,0.872,0.4756217978537083,0.4756217978537083,0.19443033899962903,0.053706933742761566,0.20141729150178297,0.9256585224151611,0.20719819271564482,0.8718,0.47561163902282716,0.47561163902282716,0.19442430862784385,0.05390519947558643,0.2014272437905366,0.9256567720413208,0.20719812256097794,0.001,5,0.20719812256097794,0.20719785410165786,2.6845932007968365e-07,0.20719785410165786,2.6845932007968365e-07,1.490163001705014e-08,4.195800958679837e-08,12,0.9568718829204481,0.9828306878306878,0.026245879617855836,0.9333333333333333,0.9402857142857143,0.969047619047619,1.0,1.0,1.0,1.0,0.171142845898017,0.10589551505645022,0.12784880394498163,5.081110430182889e-05,0.052392500494606795,0.4077887535095215,,,0.10589551505645022,,,,,,,,,,4.005488849415377,0.38053255280211995,3.805648105994312,4.795227592445232,0.9968778477054072,855.9463425676823,446.4684020143279,,,1732.6452749450598,359.88552687658074,1732.6452749450598,359.88552687658074,855.9463425676823,446.4684020143279,1732.6452749450598,359.88552687658074,,,,,,,,,0.05,1e-05,1,product,1.0,,,,,,,,,,,,,,,,,,,,,,,,1.0,,,1,101770,50.963496337841676,0.1263581441789789,0.09774802444340346,0.10567954555153847,0.26196909546852115,0.0692419017725944,0.0034693360406250332,0.05208246409893036,0.0647709958255291,0.06709510833024979,0.06941338628530502,0.07151545397937298,0.07337597087025642,0.07459389083087443,0.0870804414153099,210.18997150386284,21.754231828696934,131.87387084960938,207.54560089111328,238.36300201416017,368.65228271484375,489.15519010379677,-543740.396949075,-127464.82396036728,1.835258810550806,1.4366989331438658,9.672395146090365e-05,0.2830801907754236,0.7128362449242549,1.5209211913489047,2.620951911644128,3.8201378818593827,4.616113429304259,11.134855796447454,1.6180873122676238,9.701259411156531,-10.961810432769054,3.642134221247389,11.641580767389112,0.17654515083030362,0.34346074481674366,0.6229831974059153,0.9648128132062493,0.6565392551832564,0.3770168025940847,0.035187186793750616,66816,38369,3581,4.171754888915153,0.06607177667319775,,1.211052257568177,0.6312316715542522,0.004398826979472141,,,,210.19000244140625,21.754230499267578,50.963496337841676,0.06924189627170563,1,update_snr,0.02,20,100,,,,2036.0,0.0,0.020005895647047262,0.0,0.35767953191622953,0.06013490955732441,0.1512509871221962,0.1392449881801721,0.29308380246417554,1526550,2036.0,30540,0.020005895647047262,12212400,610800,244320,366480,0.9499852608823819,0.914061982318904,0.41749228866662,,,1.3940937632469654,,181.86666666666667,319.8209638045775,2.0,1260.0,random,,,,,,,,,,,,outputs/sparse_comm_mnist_noniid_unbalanced/vi_update_snr_prune098_keep002_seed42/posterior_snapshots/round_0160.pt,,snr_histograms.csv,calibration_bins.csv,0.001,185.73437957763673,195.52405548095703,222.13565826416016,249.67981872558593,-80.28931930148822,-2.940204535446769,8.369181054553364,13.285529439215356,20.93369194026646,585.9872801959515,618.3064819669723,651.6475269317627,1419.5788510131836,2210.3880686950683,1544.4643622413705,1547.4836771045887,1551.4207683405286,2447.430213592086,2464.0029296306416,1544.4643622413705,1547.4836771045887,1551.4207683405286,2447.430213592086,2464.0029296306416,3.808170078905834,3.813644513045728,4.757589919091306,0.0006260676221745407,0.9955722734194364,0.9956425104317937,0.9971914077617724,0.9972024818521491,0.9972074809053761,585.9872801959515,618.3064819669723,651.6475269317627,1419.5788510131836,2210.3880686950683,1544.4643622413705,1547.4836771045887,1551.4207683405286,2447.430213592086,2464.0029296306416,product,0.9966440285126763,0.12784880394498163,2036.0,2036.0,2036.0,2036.0,2036.0,0.020005895647047262,0.020005895647047262,0.020005895647047262,0.020005895647047262,0.020005895647047262,0.32709643132641725,0.32731338194141646,0.32774545156890705,0.47257963304412104,0.48898498514557553,0.011269114313390038,0.14516221454721118,0.1452431206230021,0.14561792751440825,0.17295980616185944,0.17616658040789065,0.006163480035273379,0.1354325379939232,0.1359099340630711,0.13648147627276414,0.14989218413983066,0.15430443055905715,0.029828710671883713,0.27725353643806283,0.27762487594342855,0.2783564975394975,0.3518368649800925,0.3559452614017225
bayesfl_observability_v1,vi_update_snr_prune098_keep002_seed42,161,vi,mnist,mlp,0,0,0.1,0.5,300,24,0.05,15,2168,2168,5,256,0.05,42,1,5,5,4.813341751694679,2.5207446962594986,0.010061528533697128,2.292078971862793,0,15,9,0.8724,0.4781368069052696,1334.4840629203381,0.8724,0.12760000000000005,0.4781368069052696,0.4781368069052696,0.19522392797917126,0.05313745141625406,0.24792684614658356,0.9249111050605774,0.20847911179065703,10000,0.8724,0.4781368069052696,0.4781368069052696,0.19522392797917126,0.05313745141625406,0.24792684614658356,0.9249111050605774,0.20847911179065703,0.8723,0.4781451444745064,0.4781451444745064,0.19522786447256804,0.05303829009979964,0.24786492437124252,0.9249120151519775,0.2084765321135521,0.001,5,0.2084765321135521,0.20847626984119416,2.622723579426278e-07,0.20847626984119416,2.622723579426278e-07,1.4752625948943888e-08,4.047621369023096e-08,0,,,,,,,,,,,,,,,,,,,,,,,,,,,,,4.087161292890525,0.46546155560431485,3.788995424767101,5.029845792714264,0.9967591017171384,871.9460032668379,380.56477493921415,,,1805.2963504606878,437.40877374151114,1805.2963504606878,437.40877374151114,871.9460032668379,380.56477493921415,1805.2963504606878,437.40877374151114,,,,,,,,,0.05,1e-05,1,product,1.0,,,,,,,,,,,,,,,,,,,,,,,,1.0,,,1,101770,51.144581883695324,0.12683410026294328,0.09806046605239378,0.10609465092420578,0.2629085600376129,0.06930947249860137,0.003472125996770611,0.052357468754053116,0.06482205018401146,0.06715700402855873,0.06948218494653702,0.07158447615802288,0.07345075905323029,0.07466675601899624,0.0870804414153099,209.78016478793495,21.71329724386597,131.87387084960938,207.13480377197266,237.98767700195313,364.7898254394531,490.1099334846231,-543541.8098164756,-127365.53039404796,1.8402793338897172,1.4395985515660659,9.672395146090365e-05,0.28222058106909764,0.7159104816639222,1.526026330992484,2.627472121567112,3.828939016031172,4.62298999779814,11.034668752303293,1.6318792745286592,9.739586339480336,-10.988226367330066,3.6712405452507757,11.661568986375245,0.175837673184632,0.342468310897121,0.6203792866267073,0.9644787265402378,0.6575316891028791,0.37962071337329273,0.035521273459762207,66917,38634,3615,4.324340256557696,0.06622429226990789,,1.8722157687136887,0.3095018450184502,0.012453874538745387,,,,209.7801513671875,21.71329689025879,51.144581883695324,0.06930947303771973,1,update_snr,0.02,20,100,,,,2036.0,0.0,0.020005895647047262,0.0,0.36855534267502515,0.06892295207049336,0.15380109398293432,0.1408369261490707,0.29942677055785877,1526550,2036.0,30540,0.020005895647047262,12212400,610800,244320,366480,0.9499852608823819,0.7874797626443428,0.5630536962099328,,,1.5213964095938246,,144.53333333333333,182.42765384910507,1.0,671.0,random,,,,,,,,,,,,,,snr_histograms.csv,calibration_bins.csv,0.001,185.35633087158203,195.14718627929688,221.72638702392578,249.19541931152344,-80.28931930148822,-2.902825584203256,8.390762333959353,13.298459075396321,20.85518601374033,602.8508197784424,629.7923445510864,651.3856386184692,1382.1512400364875,1831.0469950358072,1528.34833909217,1538.8619176549385,1548.670971000432,2467.2069116339617,2718.8188500863675,1528.34833909217,1538.8619176549385,1548.670971000432,2467.2069116339617,2718.8188500863675,3.8018760364416657,3.8155053513748878,4.803726425866427,0.0007699763093671599,0.9951693390278763,0.9955844251272503,0.997210127171807,0.9972281284889485,0.997246109954858,602.8508197784424,629.7923445510864,651.3856386184692,1382.1512400364875,1831.0469950358072,1528.34833909217,1538.8619176549385,1548.670971000432,2467.2069116339617,2718.8188500863675,product,0.9964191293663281,,2036.0,2036.0,2036.0,2036.0,2036.0,0.020005895647047262,0.020005895647047262,0.020005895647047262,0.020005895647047262,0.020005895647047262,0.32628315450862133,0.3268830487058391,0.32768487051554585,0.4720511205442585,0.5128927942874989,0.014387408817106116,0.1442815815842149,0.14485104255768133,0.1454271695994259,0.1766102523348448,0.1817909382383611,0.008464234600529358,0.13484598383918706,0.13500730808868386,0.13636092972016325,0.15517409726255377,0.1556640426908816,0.03628277660342646,0.2764965520424181,0.27708261183965166,0.27793175031490963,0.3554745789802726,0.3710268317252644
bayesfl_observability_v1,vi_update_snr_prune098_keep002_seed42,162,vi,mnist,mlp,0,0,0.1,0.5,300,24,0.05,15,3158,3158,5,256,0.05,42,1,5,5,4.868531659245491,2.758104842156172,0.00833434984087944,2.1097895838320255,0,15,12,0.8702,0.47046755870580675,1525.1172162999515,0.8702,0.12980000000000003,0.47046755870580675,0.47046755870580675,0.19537973375320433,0.05336716791540385,0.25416381160418194,0.9235671646118164,0.2098352352619171,10000,0.8702,0.47046755870580675,0.47046755870580675,0.19537973375320433,0.05336716791540385,0.25416381160418194,0.9235671646118164,0.2098352352619171,0.8701,0.47046808416843416,0.47046808416843416,0.19538316859006882,0.05355394243150956,0.25417275726795197,0.9235690006256103,0.209833047580719,0.001,5,0.209833047580719,0.20983279048204423,2.5709867476630954e-07,0.20983279048204423,2.5709867476630954e-07,1.459481015047004e-08,3.912634478676985e-08,0,,,,,,,,,,,,,,,,,,,,,,,,,,,,,4.115923993614661,0.4997342693757463,3.80637189099175,5.026797328499211,0.9967308598173397,940.2150791129802,492.9544473603648,,,1833.6791327087951,478.62247202794265,1833.6791327087951,478.62247202794265,940.2150791129802,492.9544473603648,1833.6791327087951,478.62247202794265,,,,,,,,,0.05,1e-05,1,product,1.0,,,,,,,,,,,,,,,,,,,,,,,,1.0,,,1,101770,51.32912637765745,0.12731555614823314,0.09838350327666613,0.10660268366336823,0.263905230164528,0.069384931124197,0.0034835862588323643,0.05278630554676056,0.06490770727396011,0.06723176501691341,0.06956116110086441,0.0716682467609644,0.07353800982236862,0.07475753352046013,0.0870804414153099,209.33159718235643,21.720339842764517,131.87387084960938,206.66472625732422,237.35996551513674,358.88677978515625,491.1831391846167,-543321.4987400576,-127255.37485581741,1.845305430035964,1.442919486617161,3.31180121399412e-05,0.28416411420318943,0.7149358551688174,1.5323191981261193,2.633629815353665,3.8350440095479734,4.637840456377465,11.206936668239596,1.661801932439301,9.721412364014638,-10.928615363416306,3.7069848561340746,11.67540704195464,0.1756411516163899,0.3413284858013167,0.6186302446693525,0.9638302053650388,0.6586715141986833,0.38136975533064754,0.036169794634961186,67033,38812,3681,4.4731716085371875,0.06295070052146912,,1.8586485811432312,0.26979100696643443,0.004433185560481318,,,,209.3315887451172,21.720338821411133,51.32912637765745,0.06938493251800537,1,update_snr,0.02,20,100,,,,2036.0,0.0,0.020005895647047262,0.0,0.3729126897557538,0.07703075974490764,0.15426175842352344,0.1407823993169495,0.30099711085372083,1526550,2036.0,30540,0.020005895647047262,12212400,610800,244320,366480,0.9499852608823819,0.6942803829758321,0.5122930818980075,,,1.6098724491049543,,210.53333333333333,257.65787824598385,4.0,843.0,random,,,,,,,,,,,,,,snr_histograms.csv,calibration_bins.csv,0.001,184.9167495727539,194.6912498474121,221.2335433959961,248.76494522094725,-89.5987145176,-2.914658439921688,8.411094602388127,13.326316073166025,20.98973835379319,611.39720890522,623.5444171905518,658.8812076568604,1784.4047174135842,2037.1030120134353,1539.17382866363,1539.8308606243338,1549.2352616674193,2663.7334582184485,2711.6487781553074,1539.17382866363,1539.8308606243338,1549.2352616674193,2663.7334582184485,2711.6487781553074,3.8071201432021704,3.8188598380151273,4.973950077519716,0.000828361767528078,0.995201626279808,0.9953082058080944,0.9972245433947742,0.9972392207874002,0.9972409589053478,611.39720890522,623.5444171905518,658.8812076568604,1784.4047174135842,2037.1030120134353,1539.17382866363,1539.8308606243338,1549.2352616674193,2663.7334582184485,2711.6487781553074,product,0.9961954981458027,,2036.0,2036.0,2036.0,2036.0,2036.0,0.020005895647047262,0.020005895647047262,0.020005895647047262,0.020005895647047262,0.020005895647047262,0.32612517677246544,0.3261757707066289,0.3269291882641452,0.5090168513893272,0.5100761877631866,0.01486416666089599,0.14482118942051994,0.14496137192625733,0.14544114167722222,0.17883080633846035,0.18191497550076774,0.008096088615891736,0.13516918823930407,0.13536715350371994,0.13595651750571786,0.1546945017380966,0.156636595614413,0.03858095314310511,0.27723377447042763,0.27737879033969365,0.27799917491588394,0.3673343324529278,0.37022417078128617
bayesfl_observability_v1,vi_update_snr_prune098_keep002_seed42,163,vi,mnist,mlp,0,0,0.1,0.5,300,24,0.05,15,1133,1133,5,256,0.05,42,1,5,5,4.1988882422447205,2.0196487307548523,0.01363268494606018,2.1780708879232407,0,15,12,0.8651,0.5055722620248795,1030.6390910034884,0.8651,0.13490000000000002,0.5055722620248795,0.5055722620248795,0.20576668946743013,0.0570123694643378,0.4117556462685267,0.9216904872894287,0.21601752747297287,10000,0.8651,0.5055722620248795,0.5055722620248795,0.20576668946743013,0.0570123694643378,0.4117556462685267,0.9216904872894287,0.21601752747297287,0.8652,0.505570994925499,0.505570994925499,0.20576707578897477,0.056909228906035364,0.4117255707581838,0.921687218952179,0.21602139543294907,0.001,5,0.21602139543294907,0.21602112405300142,2.713799476528056e-07,0.21602112405300142,2.713799476528056e-07,1.5141001218310636e-08,4.1105743249056815e-08,0,,,,,,,,,,,,,,,,,,,,,,,,,,,,,3.940739570606986,0.32835954382220595,3.801192642492928,4.792178632368727,0.9970459687591232,729.8561779220897,237.060125588139,,,1659.002909028651,302.88439036191835,1659.002909028651,302.88439036191835,729.8561779220897,237.060125588139,1659.002909028651,302.88439036191835,,,,,,,,,0.05,1e-05,1,product,1.0,,,,,,,,,,,,,,,,,,,,,,,,1.0,,,1,101770,51.46837095558037,0.12766841868640166,0.09864071093177769,0.10691672936081886,0.2645601153373719,0.06944498832673318,0.003474032374466087,0.05267414450645447,0.06498369723558425,0.0672978051006794,0.06961912289261818,0.07172626070678234,0.07359104827046395,0.07478793635964393,0.0870804414153099,208.9585832235796,21.611314616243295,131.87387084960938,206.3207550048828,236.80516662597657,360.41680908203125,492.02490575310554,-543143.5757556739,-127166.4133636078,1.8487091853926292,1.445126380396747,3.31180121399412e-05,0.2841035592985049,0.7189905348504273,1.5351402087762578,2.637983918154397,3.8420680438764463,4.639132397251785,11.206936668239596,1.671108548005083,9.739112026276535,-10.93046650861275,3.7229609350307795,11.69130104086563,0.17514984769578462,0.3404343126658151,0.6176279846713176,0.9635550751694999,0.659565687334185,0.3823720153286823,0.036444924830500144,67124,38914,3709,3.8737414191267696,0.04668590985238552,,1.7340631758873013,0.4227714033539276,0.00176522506619594,,,,208.9586181640625,21.61131477355957,51.46837095558037,0.06944497674703598,1,update_snr,0.02,20,100,,,,2036.0,0.0,0.020005895647047262,0.0,0.3456016960129883,0.048954213541593336,0.14899576466249498,0.13790100687202064,0.28763963193192355,1526550,2036.0,30540,0.020005895647047262,12212400,610800,244320,366480,0.9499852608823819,0.5449768628551221,0.2839035485014008,,,1.7476274842063655,,75.53333333333333,99.73489303593246,2.0,369.0,random,,,,,,,,,,,,,,snr_histograms.csv,calibration_bins.csv,0.001,184.65029907226562,194.37643432617188,220.79955291748047,248.24162979125975,-89.5987145176,-2.8655365393906838,8.425442872863808,13.328735342073882,20.98973835379319,609.274975013733,615.4412785577774,641.8237716674805,1070.816546344757,1339.239993929863,1531.4912010405374,1533.6923271901103,1542.0080686530462,2071.413691737658,2445.1414544853833,1531.4912010405374,1533.6923271901103,1542.0080686530462,2071.413691737658,2445.1414544853833,3.8041324376230414,3.8143197392738966,4.388813143225171,0.0005284574673205328,0.9956720085076901,0.9963271123065626,0.9972491917866535,0.9972656074805034,0.9972675025931863,609.274975013733,615.4412785577774,641.8237716674805,1070.816546344757,1339.239993929863,1531.4912010405374,1533.6923271901103,1542.0080686530462,2071.413691737658,2445.1414544853833,product,0.9971636132365177,,2036.0,2036.0,2036.0,2036.0,2036.0,0.020005895647047262,0.020005895647047262,0.020005895647047262,0.020005895647047262,0.020005895647047262,0.32578443492426107,0.3258566985225611,0.32639662344519854,0.41237206851190084,0.47174864718946374,0.010125009346456939,0.1446010137399678,0.1446491359046452,0.14513498684713413,0.16290275947752053,0.1752000535699455,0.005971873795546117,0.13486466610835032,0.13499849102592507,0.13553912353118677,0.14656941591105555,0.15307896327683057,0.02630280311379702,0.276712829290018,0.2768359463729745,0.2772643211607809,0.323286644608091,0.3559821321286465
bayesfl_observability_v1,vi_update_snr_prune098_keep002_seed42,164,vi,mnist,mlp,0,0,0.1,0.5,300,24,0.05,15,2246,2246,5,256,0.05,42,1,5,5,4.2179565988481045,2.135671593248844,0.009567569941282272,2.0816493295133114,0,15,12,0.8609,0.5397630859971047,1261.0004715059767,0.8609,0.1391,0.5397630859971047,0.5397630859971047,0.21135070796012878,0.06269133578240874,0.2567073901494344,0.9232695641517639,0.21281424934864043,10000,0.8609,0.5397630859971047,0.5397630859971047,0.21135070796012878,0.06269133578240874,0.2567073901494344,0.9232695641517639,0.21281424934864043,0.861,0.5397545129656792,0.5397545129656792,0.21134719629883766,0.06259134214967493,0.256650244196256,0.9232696943283081,0.21281501004695894,0.001,5,0.21281501004695894,0.21281474001407624,2.7003288269322745e-07,0.21281474001407624,2.7003288269322745e-07,1.4919540896940475e-08,4.1324983545853454e-08,0,,,,,,,,,,,,,,,,,,,,,,,,,,,,,3.955012824270343,0.3555371234434715,3.800291299013448,4.932139120832307,0.9970374942271526,805.602909956773,366.29768497979,,,1672.511829909221,337.21631927965666,1672.511829909221,337.21631927965666,805.602909956773,366.29768497979,1672.511829909221,337.21631927965666,,,,,,,,,0.05,1e-05,1,product,1.0,,,,,,,,,,,,,,,,,,,,,,,,1.0,,,1,101770,51.62710318846204,0.12807489395368407,0.09892843937431697,0.10733070597052574,0.26539583802223204,0.06951237564326838,0.0034676594088938724,0.052935488522052765,0.06504501029849052,0.06737479567527771,0.06968524679541588,0.07179191149771214,0.07364827543497085,0.07484453245997426,0.0870804414153099,208.54433760956462,21.50174230423892,131.87387084960938,205.92937469482422,236.35894317626952,356.8667907714844,492.9733741366381,-542944.699544286,-127066.97525789391,1.8527620715343798,1.4478556015932316,3.31180121399412e-05,0.28657753155855115,0.722069878702938,1.5406733493039764,2.641868581448054,3.8518168213895327,4.640437538253153,11.292231286362346,1.70293312737832,9.70433369070622,-10.855157248928926,3.754211403206115,11.713312497026223,0.17522845632308146,0.34054239952834825,0.616360420556156,0.9630342930136583,0.6594576004716518,0.38363957944384397,0.03696570698634175,67113,39043,3762,3.978006431262693,0.07061038911342621,,1.8469634998687467,0.40382902938557436,0.003561887800534283,,,,208.5443572998047,21.501741409301758,51.62710318846204,0.06951237469911575,1,update_snr,0.02,20,100,,,,2036.0,0.0,0.020005895647047262,0.0,0.34807846498475004,0.05599039211520175,0.14913070411344487,0.13774751158881113,0.2881293390739683,1526550,2036.0,30540,0.020005895647047262,12212400,610800,244320,366480,0.9499852608823819,0.6510274521280063,0.38537393009653553,,,1.63817520544746,,149.73333333333332,191.5252695831255,8.0,772.0,random,,,,,,,,,,,,,,snr_histograms.csv,calibration_bins.csv,0.001,184.36345672607422,194.02110290527344,220.29522705078125,247.5408767700195,-89.5987145176,-2.8284154270020716,8.438224200395695,13.331178625523808,21.055595294851276,615.4629445075989,632.9190973329544,653.6338565826416,1141.7194431495664,1986.72648819685,1528.848535119697,1532.1635396758484,1538.500781478651,2091.2637044223875,2620.9580628662125,1528.848535119697,1532.1635396758484,1538.500781478651,2091.2637044223875,2620.9580628662125,3.8051360277185258,3.8130208887485284,4.415345615812733,0.0005767158074187269,0.9954396966229636,0.9963023507082845,0.9972665553315316,0.9972790672308957,0.9972851362907491,615.4629445075989,632.9190973329544,653.6338565826416,1141.7194431495664,1986.72648819685,1528.848535119697,1532.1635396758484,1538.500781478651,2091.2637044223875,2620.9580628662125,product,0.997027028479186,,2036.0,2036.0,2036.0,2036.0,2036.0,0.020005895647047262,0.020005895647047262,0.020005895647047262,0.020005895647047262,0.020005895647047262,0.3258669871971314,0.32600827364598856,0.32640226282550416,0.4117324041126907,0.5106024470310621,0.010398705653161786,0.14415992907846334,0.14460352925857595,0.14489497465468434,0.16398657400213143,0.17613182582036552,0.005439966879936889,0.13427264734400224,0.13485445172332786,0.13529641047557645,0.14531088549263318,0.15316032527445145,0.02762071462346637,0.27659613223812973,0.2768549265891805,0.27729832149534817,0.32386599653437254,0.3628047391545636
bayesfl_observability_v1,vi_update_snr_prune098_keep002_seed42,165,vi,mnist,mlp,0,0,0.1,0.5,300,24,0.05,15,1853,1853,5,256,0.05,42,1,5,5,4.648963835090399,2.4568115063011646,0.011143665760755539,2.191212300211191,0,15,12,0.8771,0.47315742765665053,1259.06318114379,0.8771,0.12290000000000001,0.47315742765665053,0.47315742765665053,0.1898194725692272,0.05193651600629097,0.2542768754065037,0.9285483005523681,0.19944044477939607,10000,0.8771,0.47315742765665053,0.47315742765665053,0.1898194725692272,0.05193651600629097,0.2542768754065037,0.9285483005523681,0.19944044477939607,0.8771,0.4731558648467064,0.4731558648467064,0.1898162446796894,0.0518431370198726,0.25432606041431427,0.9285483088493347,0.19943856046199798,0.001,5,0.19943856046199798,0.19943830391168593,2.565503120499635e-07,0.19943830391168593,2.565503120499635e-07,1.4280708634828443e-08,4.03052648804858e-08,12,0.9276855233097738,0.9051956759715379,0.12009738680929988,0.6666666666666666,0.6827586206896552,0.8668965517241379,0.9607142857142857,1.0,1.0,1.0,0.36295690868499636,0.4684029400994775,0.6491770058213677,4.887549039267469e-06,0.23102200144813176,2.245004653930664,,,0.4684029400994775,,,,,,,,,,3.9641360624156885,0.37889943953906463,3.8050308832863875,5.04793453106759,0.9970392676697136,781.3843211581973,330.1233955759983,,,1677.1652380369874,357.55288757736514,1677.1652380369874,357.55288757736514,781.3843211581973,330.1233955759983,1677.1652380369874,357.55288757736514,,,,,,,,,0.05,1e-05,1,product,1.0,,,,,,,,,,,,,,,,,,,,,,,,1.0,,,1,101770,51.7779940320793,0.1284498023625681,0.09921682315397493,0.10750459879636765,0.2662436723709107,0.06957379655298104,0.0034607163772534615,0.05240724980831146,0.06512913480401039,0.06744438782334328,0.06973934173583984,0.0718478225171566,0.07370410412549973,0.07489840872585773,0.0870804414153099,208.16721162064155,21.401879470810517,131.87387084960938,205.61003875732422,235.74874420166014,364.0971374511719,493.83787927655027,-542763.4661215104,-126976.35854648799,1.856481812462729,1.4507327527079283,3.31180121399412e-05,0.28869448531523856,0.7216231385307796,1.542083068918196,2.647684989364185,3.854872696192997,4.661646925793639,11.292231286362346,1.7230922116853402,9.697712061975574,-10.791230240012512,3.7621553783387083,11.720200808551308,0.17504176083325146,0.3396089220791982,0.6160066817333202,0.9627100324260588,0.6603910779208018,0.38399331826667976,0.03728996757394124,67208,39079,3795,3.975496566798185,0.05743328295648098,,1.8897298045920745,0.41284403669724773,0.0010793308148947653,,,,208.16720581054688,21.401878356933594,51.7779940320793,0.0695737972855568,1,update_snr,0.02,20,100,,,,2036.0,0.0,0.020005895647047262,0.0,0.34816070907060326,0.05712987596258914,0.14947428342755478,0.13823803380897243,0.28844531908537385,1526550,2036.0,30540,0.020005895647047262,12212400,610800,244320,366480,0.9499852608823819,0.722209209223761,0.36783811001969546,,,1.5785478550545742,,123.53333333333333,187.4053953925079,2.0,765.0,random,,,,,,,,,,,,,,snr_histograms.csv,calibration_bins.csv,0.001,184.08426208496093,193.71925354003906,219.84083557128906,247.02911987304682,-89.5987145176,-2.833790995706633,8.457326263815686,13.370787536605935,21.055595294851276,605.3236322879791,609.7248875617981,635.7411544799804,1153.301363134384,1805.6311062494913,1529.6090184735128,1532.688907046595,1535.8257869132508,2087.603779286371,2716.5528757335424,1529.6090184735128,1532.688907046595,1535.8257869132508,2087.603779286371,2716.5528757335424,3.8102140785609047,3.813766051066292,4.413561737828584,0.0006172975538855935,0.9952506019139679,0.9963259990381392,0.9972820975123139,0.9972880732305702,0.9972967753097998,605.3236322879791,609.7248875617981,635.7411544799804,1153.301363134384,1805.6311062494913,1529.6090184735128,1532.688907046595,1535.8257869132508,2087.603779286371,2716.5528757335424,product,0.9970480860307932,0.6491770058213677,2036.0,2036.0,2036.0,2036.0,2036.0,0.020005895647047262,0.020005895647047262,0.020005895647047262,0.020005895647047262,0.020005895647047262,0.3250339196139556,0.3255863471159314,0.3261756950856324,0.41326185707944196,0.5138270079810641,0.011526357436488098,0.14451738039490017,0.14458979643517433,0.1449070605965957,0.16372491194102248,0.18185108275753126,0.006671999762496604,0.13485110579253415,0.13519571157498878,0.13548236646839834,0.1471523434309443,0.15645386961622604,0.02933617381228313,0.27641209753433404,0.2766057432773678,0.27698772614358563,0.32401799480024585,0.37093765973332926
bayesfl_observability_v1,vi_update_snr_prune098_keep002_seed42,166,vi,mnist,mlp,0,0,0.1,0.5,300,24,0.05,15,2226,2226,5,256,0.05,42,1,5,5,4.4480243138968945,2.352657802402973,0.014320261776447296,2.094482734799385,0,15,13,0.8823,0.4573630311965942,1673.1347663933377,0.8823,0.11770000000000003,0.4573630311965942,0.4573630311965942,0.18236684670448303,0.04730676394701009,0.2104777991771698,0.9294745928764343,0.19593210755586624,10000,0.8823,0.4573630311965942,0.4573630311965942,0.18236684670448303,0.04730676394701009,0.2104777991771698,0.9294745928764343,0.19593210755586624,0.8823,0.4573728252887726,0.4573728252887726,0.18236920420229435,0.047306366176903245,0.21018807590007782,0.9294742067337036,0.1959322005033493,0.001,5,0.1959322005033493,0.19593195538520813,2.451181411733394e-07,0.19593195538520813,2.451181411733394e-07,1.3732264452670506e-08,4.083452384024516e-08,0,,,,,,,,,,,,,,,,,,,,,,,,,,,,,4.003650653513458,0.38041290496830593,3.8044248976898882,4.785738857350763,0.9969977572344203,827.3902634741465,432.8705452534317,,,1711.1834220174646,355.7662557011469,1711.1834220174646,355.7662557011469,827.3902634741465,432.8705452534317,1711.1834220174646,355.7662557011469,,,,,,,,,0.05,1e-05,1,product,1.0,,,,,,,,,,,,,,,,,,,,,,,,1.0,,,1,101770,51.93124276662591,0.12883051783327176,0.09950977993128393,0.10779871046543121,0.26679814159870147,0.06964872147252116,0.0034600767330196305,0.05240724980831146,0.0651818722486496,0.06751158274710178,0.06980668753385544,0.07192384079098701,0.0737760178744793,0.07497771978378295,0.0870804414153099,207.71505340429238,21.319875154739027,131.87387084960938,205.21350860595703,235.36741485595704,364.0971374511719,494.8990156402681,-542543.7051362846,-126866.47805385347,1.8599357382238548,1.453393381667148,3.31180121399412e-05,0.2847877710072771,0.7261905121394026,1.5437674436356643,2.6579614788273553,3.859604200385479,4.670817378225224,10.929541889496473,1.7208169560617168,9.750577515207098,-10.909573275413981,3.771637555359052,11.730855407362691,0.17505158691166356,0.33820379286626706,0.6149552913432249,0.9625921194851135,0.6617962071337329,0.3850447086567751,0.037407880514886506,67351,39186,3807,4.160978481357955,0.0668712854385376,,1.2025932815431621,0.6868823000898473,0.0013477088948787063,,,,207.71505737304688,21.319873809814453,51.93124276662591,0.06964872777462006,1,update_snr,0.02,20,100,,,,2036.0,0.0,0.020005895647047262,0.0,0.35575249355348787,0.060092715973988416,0.15020186977714758,0.1380354487161696,0.2915580238013275,1526550,2036.0,30540,0.020005895647047262,12212400,610800,244320,366480,0.9499852608823819,0.837638301465444,0.3442667871369251,,,1.472047644564244,,148.4,306.74045489088434,3.0,1255.0,random,,,,,,,,,,,,,,snr_histograms.csv,calibration_bins.csv,0.001,183.7255661010742,193.30996704101562,219.40342712402344,246.42658081054688,-89.5987145176,-2.7789885925443607,8.490973650317997,13.387857746014511,20.772039178549633,588.688352394104,605.2413020896912,635.2084667205811,1344.9524425005914,2173.1966246032716,1525.9289110481968,1528.2078600833988,1533.4773461929694,2420.8650715315175,2426.227870270893,1525.9289110481968,1528.2078600833988,1533.4773461929694,2420.8650715315175,2426.227870270893,3.80726451281061,3.8140566787372414,4.758390883624967,0.0006027649957751781,0.9957554265249321,0.9958025748670755,0.9972963058194059,0.9973073090128465,0.9973147923041267,588.688352394104,605.2413020896912,635.2084667205811,1344.9524425005914,2173.1966246032716,1525.9289110481968,1528.2078600833988,1533.4773461929694,2420.8650715315175,2426.227870270893,product,0.9967848776113067,,2036.0,2036.0,2036.0,2036.0,2036.0,0.020005895647047262,0.020005895647047262,0.020005895647047262,0.020005895647047262,0.020005895647047262,0.3251494283395501,0.325250730295966,0.32585328437502326,0.4697600999307443,0.48770153997174975,0.0111294492101523,0.1442164073006715,0.1443555172266661,0.14468477605098798,0.171652403476937,0.1748201998605587,0.006074218837270002,0.13428202906537123,0.134584924724032,0.13526922384056006,0.14805635423810554,0.1534061961445528,0.029868385307999706,0.27597350403061627,0.2764554401105594,0.2767721864229513,0.35064036712457114,0.3537837994819827
bayesfl_observability_v1,vi_update_snr_prune098_keep002_seed42,167,vi,mnist,mlp,0,0,0.1,0.5,300,24,0.05,15,4345,4345,5,256,0.05,42,1,5,5,4.81813383474946,2.704854018986225,0.011384312063455582,2.1124324947595596,0,15,11,0.8645,0.5323142650723457,1703.3195743291258,0.8645,0.13549999999999995,0.5323142650723457,0.5323142650723457,0.20864324007481336,0.06295239225029943,0.25302135944366455,0.9274524021148681,0.19945451165437697,10000,0.8645,0.5323142650723457,0.5323142650723457,0.20864324007481336,0.06295239225029943,0.25302135944366455,0.9274524021148681,0.19945451165437697,0.8645,0.5323198181092739,0.5323198181092739,0.20864326515942813,0.06295261001288893,0.25266796350479126,0.9274526132583618,0.19945452618598938,0.001,5,0.19945452618598938,0.19945425956249238,2.6662349700279364e-07,0.19945425956249238,2.6662349700279364e-07,1.508037825388442e-08,4.374531497436815e-08,0,,,,,,,,,,,,,,,,,,,,,,,,,,,,,4.15555784644187,0.48291748176365473,3.8090335627514396,4.928607648065776,0.9967713162624022,1019.329893670559,564.3317453251889,,,1853.5406323580241,457.8806960672438,1853.5406323580241,457.8806960672438,1019.329893670559,564.3317453251889,1853.5406323580241,457.8806960672438,,,,,,,,,0.05,1e-05,1,product,1.0,,,,,,,,,,,,,,,,,,,,,,,,1.0,,,1,101770,52.135935793073756,0.129385698797023,0.09984063793838512,0.108367919921875,0.26787799000740053,0.06973458272038462,0.003482373606843562,0.05240724980831146,0.06524533703923226,0.0675821304321289,0.069893728941679,0.07200976833701134,0.07388677224516868,0.07511631660163402,0.0873439610004425,207.22017419062956,21.381249422214008,131.07933044433594,204.70269775390625,234.90975799560547,364.0971374511719,496.13271425940957,-542295.5749507374,-126742.41296105622,1.8657030661175869,1.4565451825715363,3.31180121399412e-05,0.2854721939782805,0.7308430063707233,1.549561938645994,2.6647045960066715,3.8720855201090654,4.6849939035204375,11.51916332459152,1.7593653098128115,9.720091370568722,-10.888723744122837,3.8041788083420505,11.758898814159826,0.17420654416822245,0.3370443156136386,0.6137368576201238,0.9619534243883266,0.6629556843863614,0.3862631423798762,0.03804657561167338,67469,39310,3872,4.630433829240628,0.06759734451770782,,1.7359655263619356,0.3518987341772152,0.0006904487917146145,,,,207.2201690673828,21.381250381469727,52.135935793073756,0.06973457336425781,1,update_snr,0.02,20,100,,,,2036.0,0.0,0.020005895647047262,0.0,0.37965497648997565,0.07751147681295029,0.1543610724538013,0.1399960220759451,0.3025656306104357,1526550,2036.0,30540,0.020005895647047262,12212400,610800,244320,366480,0.9499852608823819,0.8489009501400725,0.37581127139492115,,,1.461938985447715,,289.6666666666667,364.4902681218739,3.0,1255.0,random,,,,,,,,,,,,,,snr_histograms.csv,calibration_bins.csv,0.001,183.1751693725586,192.84890747070312,218.94561386108398,245.94875869750976,-89.5987145176,-2.723518091185327,8.512981419627923,13.414180600901105,21.22841871940281,606.7170134544373,608.5952170181274,665.2780948638916,1984.9654169654846,2162.3299496841432,1526.4073970817244,1528.251288765668,1533.0668904094507,2532.375595675886,2603.164423510369,1526.4073970817244,1528.251288765668,1533.0668904094507,2532.375595675886,2603.164423510369,3.8110299328371826,3.817760011401095,4.873612488543576,0.0007680846314358973,0.995522743078907,0.995624634828464,0.9973087675476526,0.9973190175056048,0.9973209990437445,606.7170134544373,608.5952170181274,665.2780948638916,1984.9654169654846,2162.3299496841432,1526.4073970817244,1528.251288765668,1533.0668904094507,2532.375595675886,2603.164423510369,product,0.9960481726396724,,2036.0,2036.0,2036.0,2036.0,2036.0,0.020005895647047262,0.020005895647047262,0.020005895647047262,0.020005895647047262,0.020005895647047262,0.3244132111054329,0.32482152620900934,0.32568277104360044,0.49963199795351165,0.5068207421674894,0.013823711446148041,0.144382561093734,0.144432796098877,0.14466307883482557,0.1752321879977975,0.17561355537228454,0.006891751362441025,0.13457239863098108,0.13499170611224956,0.13591287882240133,0.15129200619743483,0.15345977010320333,0.037374377694453245,0.2757543694966314,0.27604953237540714,0.27634984910614796,0.35866562082488573,0.36094140543857445
bayesfl_observability_v1,vi_update_snr_prune098_keep002_seed42,168,vi,mnist,mlp,0,0,0.1,0.5,300,24,0.05,15,3275,3275,5,256,0.05,42,1,5,5,4.605969004333019,2.465075459331274,0.010879606008529663,2.139986678957939,0,15,11,0.8386,0.6325907777428627,1548.5233956849484,0.8386,0.1614,0.6325907777428627,0.6325907777428627,0.24901847170591354,0.08293148544579748,0.4165356705586115,0.9208937578201294,0.2123132922410965,10000,0.8386,0.6325907777428627,0.6325907777428627,0.24901847170591354,0.08293148544579748,0.4165356705586115,0.9208937578201294,0.2123132922410965,0.8386,0.6325810679197311,0.6325810679197311,0.24901463750600814,0.08293130675703286,0.41657164196173346,0.9208936422348023,0.21231344537734986,0.001,5,0.21231344537734986,0.2123131697654724,2.7561187745939186e-07,0.2123131697654724,2.7561187745939186e-07,1.5986287235847385e-08,4.257863854437153e-08,0,,,,,,,,,,,,,,,,,,,,,,,,,,,,,4.226625896232006,0.5046452638374834,3.8073863556629437,4.931804346744598,0.9966842941367702,994.5482239882152,491.6382138632796,,,1910.7364198369748,471.1090475873541,1910.7364198369748,471.1090475873541,994.5482239882152,491.6382138632796,1910.7364198369748,471.1090475873541,,,,,,,,,0.05,1e-05,1,product,1.0,,,,,,,,,,,,,,,,,,,,,,,,1.0,,,1,101770,52.336652771761656,0.1298683022693594,0.10024511604515732,0.10874678194522858,0.2686970949172974,0.06981841282507426,0.003500489334532501,0.05245661363005638,0.0653257668018341,0.06764990836381912,0.06997575238347054,0.0721020046621561,0.07398618161678314,0.07524148151278494,0.09351620078086853,206.7348778203556,21.40749295560585,114.34739685058594,204.22309112548828,234.33165130615234,363.4122009277344,497.3361691245057,-542053.0374978934,-126621.14423461104,1.8703554861160265,1.4604317492144294,3.31180121399412e-05,0.286971991444625,0.732627956903819,1.5539774082316407,2.671901767149581,3.8801302867866094,4.701721821403203,11.25925647450865,1.7837064058502512,9.709443235240455,-10.843209811924364,3.828894013378174,11.776926171038417,0.1739117618158593,0.33614031639972486,0.6131276407585733,0.9617470767416724,0.6638596836002751,0.38687235924142677,0.038252923258327604,67561,39372,3893,4.727693959475619,0.0694243898615241,,1.901374023909144,0.2381679389312977,0.0012213740458015267,,,,206.73487854003906,21.407493591308594,52.336652771761656,0.0698184072971344,1,update_snr,0.02,20,100,,,,2036.0,0.0,0.020005895647047262,0.0,0.3873243506634411,0.07689352437653381,0.15672503392349837,0.1420182867592513,0.3079912415912315,1526550,2036.0,30540,0.020005895647047262,12212400,610800,244320,366480,0.9499852608823819,0.7690898761842784,0.36341150958186264,,,1.5224696969040352,,218.33333333333334,254.4970639428981,2.0,780.0,random,,,,,,,,,,,,,,snr_histograms.csv,calibration_bins.csv,0.001,182.68326721191406,192.35580825805664,218.50711822509766,245.50526809692377,-89.5987145176,-2.702330257061954,8.536409743793477,13.44513860800747,21.030194240716284,600.2806547164917,608.427253074646,636.4010313987732,1742.2418431293963,1984.9743744194507,1521.0748052799931,1522.8961992965599,1535.1748691953096,2526.3528693829453,2600.861251268678,1521.0748052799931,1522.8961992965599,1535.1748691953096,2526.3528693829453,2600.861251268678,3.8087991273940296,3.8248851104750132,4.87539131780604,0.0007964115253007247,0.9955567973683742,0.99565355751125,0.9973197859638656,0.9973420261889088,0.997346240970481,600.2806547164917,608.427253074646,636.4010313987732,1742.2418431293963,1984.9743744194507,1521.0748052799931,1522.8961992965599,1535.1748691953096,2526.3528693829453,2600.861251268678,product,0.9959117063102245,,2036.0,2036.0,2036.0,2036.0,2036.0,0.020005895647047262,0.020005895647047262,0.020005895647047262,0.020005895647047262,0.020005895647047262,0.3242201656816898,0.32458607998702377,0.3259003618301956,0.4892822339135094,0.5074164328545582,0.015056597624443903,0.1440169173767769,0.1441221498627922,0.14481077065283776,0.17526398286139624,0.17649772052900795,0.008684348027978355,0.13420610079854078,0.1346034095485585,0.13559914171886214,0.15373393895718868,0.15645626523268905,0.0391445859473174,0.27557223388854146,0.27562045940144786,0.27640452035258584,0.3576789717362609,0.360565472024503
bayesfl_observability_v1,vi_update_snr_prune098_keep002_seed42,169,vi,mnist,mlp,0,0,0.1,0.5,300,24,0.05,15,2678,2678,5,256,0.05,42,1,5,5,4.612353321164846,2.4490595012903214,0.014047112315893173,2.162404101341963,0,15,10,0.8351,0.6472569872975349,1129.6377191452505,0.8351,0.16490000000000005,0.6472569872975349,0.6472569872975349,0.25532506257295606,0.08806233249306679,0.31347182641426724,0.9231623371124268,0.20747761747837068,10000,0.8351,0.6472569872975349,0.6472569872975349,0.25532506257295606,0.08806233249306679,0.31347182641426724,0.9231623371124268,0.20747761747837068,0.8351,0.6472697715520859,0.6472697715520859,0.2553259453654289,0.08806068293452264,0.31358502556880313,0.9231606876373291,0.20748076310157776,0.001,5,0.20748076310157776,0.20748048555850981,2.7754306794469663e-07,0.20748048555850981,2.7754306794469663e-07,1.6115160241270132e-08,4.429796803780697e-08,0,,,,,,,,,,,,,,,,,,,,,,,,,,,,,4.150249230763705,0.46245786282260737,3.807099328833665,4.813664925930184,0.9968323891544759,875.9499814565977,334.2382615714614,,,1829.6007762613622,423.2638137417393,1829.6007762613622,423.2638137417393,875.9499814565977,334.2382615714614,1829.6007762613622,423.2638137417393,,,,,,,,,0.05,1e-05,1,product,1.0,,,,,,,,,,,,,,,,,,,,,,,,1.0,,,1,101770,52.52763613371223,0.1303630900247865,0.1005838662164647,0.10895771160721779,0.26985682249069226,0.06988542523014354,0.003507047846497269,0.05240601301193237,0.06538120582699776,0.0677076019346714,0.07004744932055473,0.0721719078719616,0.07405417561531066,0.07531520947813987,0.09351620078086853,206.34206033058013,21.394803922743147,114.34739685058594,203.80524444580078,233.9344436645508,364.11431884765625,498.29360593778677,-541858.2882523505,-126523.76961182067,1.87560706487611,1.4638211685978266,3.31180121399412e-05,0.2900154613377796,0.7334196352310216,1.558279264728287,2.677665297437806,3.8920503623961715,4.708274422782161,11.25925647450865,1.815770778476643,9.695872351588747,-10.751576969872486,3.852905834401165,11.80356901396444,0.17354819691461137,0.3356784907143559,0.6108971209590253,0.9611575120369461,0.6643215092856442,0.38910287904097474,0.038842487963053944,67608,39599,3953,4.386905753288734,0.04789339005947113,,1.8766838528747671,0.27632561613144135,0.0003734129947722181,,,,206.34207153320312,21.394804000854492,52.52763613371223,0.06988543272018433,1,update_snr,0.02,20,100,,,,2036.0,0.0,0.020005895647047262,0.0,0.3726756171665945,0.06774281630856314,0.1547357446016502,0.14140169358241128,0.30202798934179215,1526550,2036.0,30540,0.020005895647047262,12212400,610800,244320,366480,0.9499852608823819,0.9244938314394721,0.4273922556435541,,,1.3564269999282783,,178.53333333333333,151.39743135939335,1.0,450.0,random,,,,,,,,,,,,,,snr_histograms.csv,calibration_bins.csv,0.001,182.34796142578125,191.98337173461914,218.13488388061523,244.95020217895507,-89.5987145176,-2.692949344324573,8.555125802157232,13.457235356883698,21.030194240716284,597.6409912109375,601.0599177289009,644.1097835540771,1352.1064477443695,1400.4820301055909,1517.5195290951135,1521.81151710613,1529.2992615045619,2432.3678871143816,2438.633605102113,1517.5195290951135,1521.81151710613,1529.2992615045619,2432.3678871143816,2438.633605102113,3.8116762103748427,3.8222573306496552,4.8087043714160025,0.0007205164817438614,0.9957957811309195,0.9958068586316089,0.9973432945076889,0.9973578709945428,0.9973650991198122,597.6409912109375,601.0599177289009,644.1097835540771,1352.1064477443695,1400.4820301055909,1517.5195290951135,1521.81151710613,1529.2992615045619,2432.3678871143816,2438.633605102113,product,0.9965064342627193,,2036.0,2036.0,2036.0,2036.0,2036.0,0.020005895647047262,0.020005895647047262,0.020005895647047262,0.020005895647047262,0.020005895647047262,0.323840946688303,0.32440499827989755,0.3249831803023746,0.46921116996904855,0.4709243517552507,0.014314198079199666,0.14383570589423061,0.14419522123638087,0.14453779330507416,0.1749986981706609,0.1756141138506361,0.008601183157350017,0.13416439908093836,0.13466877904049085,0.13543888813258745,0.15350497377581324,0.15412285234267897,0.03660867922299929,0.27516052750257847,0.2753853358476825,0.27618975160978926,0.3541552273646869,0.3547800374541669
bayesfl_observability_v1,vi_update_snr_prune098_keep002_seed42,170,vi,mnist,mlp,0,0,0.1,0.5,300,24,0.05,15,1497,1497,5,256,0.05,42,1,5,5,4.38562998175621,2.0187354311347008,0.010325770825147629,2.3659852854907513,0,15,14,0.8363,0.6291698884725571,959.491583025129,0.8363,0.16369999999999996,0.6291698884725571,0.6291698884725571,0.25129677122831345,0.08872926007211206,0.7476821094751358,0.9247301822662354,0.2023090439081192,10000,0.8363,0.6291698884725571,0.6291698884725571,0.25129677122831345,0.08872926007211206,0.7476821094751358,0.9247301822662354,0.2023090439081192,0.8364,0.6291726938962936,0.6291726938962936,0.2512992797255516,0.08862678482979536,0.7477433010935783,0.9247277039527894,0.20231295721530915,0.001,5,0.20231295721530915,0.20231268376111985,2.7345418929236587e-07,0.20231268376111985,2.7345418929236587e-07,1.583141493561868e-08,4.3589660688820314e-08,12,0.9499984677952448,0.9425108932461873,0.08102449585244297,0.75,0.8382352941176471,0.8872549019607843,1.0,1.0,1.0,1.0,0.15991901826825097,0.19328895184308528,0.26402868316320266,2.3256955319084228e-05,0.02734866589307785,0.7665696144104004,,,0.19328895184308528,,,,,,,,,,3.9503579211830853,0.3348910359963524,3.8104862081273003,4.806525127481628,0.997163977358393,724.5591287803651,240.88060733374556,,,1644.2147186898007,305.80089819878003,1644.2147186898007,305.80089819878003,724.5591287803651,240.88060733374556,1644.2147186898007,305.80089819878003,,,,,,,,,0.05,1e-05,1,product,1.0,,,,,,,,,,,,,,,,,,,,,,,,1.0,,,1,101770,52.67681318790617,0.13069651105921007,0.10091720734426715,0.10936619341373444,0.27071764767169954,0.0699485067536578,0.003497634732641238,0.05216614529490471,0.06543986946344375,0.06778056547045708,0.07011441141366959,0.07223184779286385,0.0741080842912197,0.07535176202654839,0.09351620078086853,205.95925502591555,21.287009526347507,114.34739685058594,203.41614532470703,233.5152099609375,367.47052001953125,499.1846024499963,-541672.8442183748,-126431.04759481444,1.8786306621399278,1.4671751087650116,3.31180121399412e-05,0.28933408954410295,0.7324050827806661,1.5615101974866752,2.6824774410060157,3.8986360230543506,4.714926509717066,11.25925647450865,1.8177314480447198,9.725664459197045,-10.77200788939187,3.870896494933548,11.818253825928556,0.1728996757394124,0.3351085781664538,0.6100520782155842,0.9606563820379287,0.6648914218335462,0.38994792178441584,0.03934361796207134,67666,39685,4004,3.8932295694174344,0.04664619453251362,,2.115787911937769,0.2712090848363393,0.0006680026720106881,,,,205.95925903320312,21.28700828552246,52.67681318790617,0.06994850933551788,1,update_snr,0.02,20,100,,,,2036.0,0.0,0.020005895647047262,0.0,0.34348917641998356,0.0487803081260892,0.14836535649465218,0.13743193487437141,0.28597452412847985,1526550,2036.0,30540,0.020005895647047262,12212400,610800,244320,366480,0.9499852608823819,0.6793356180814989,0.4883596915655635,,,1.6246125366838458,,99.8,110.18723459034021,1.0,406.0,random,,,,,,,,,,,,outputs/sparse_comm_mnist_noniid_unbalanced/vi_update_snr_prune098_keep002_seed42/posterior_snapshots/round_0170.pt,,snr_histograms.csv,calibration_bins.csv,0.001,182.08277130126953,191.66487884521484,217.66551971435547,244.26515579223633,-89.5987145176,-2.704973008641663,8.570721566323625,13.46949855744812,21.030194240716284,592.8863662719726,597.8168846702575,637.2410215377807,1063.9016803121565,1345.921068096161,1518.3832908423228,1518.7260304600663,1522.1466183557031,2067.71149628684,2426.552894252427,1518.3832908423228,1518.7260304600663,1522.1466183557031,2067.71149628684,2426.552894252427,3.812037936562659,3.816057664781762,4.415521587915747,0.0005183783742053688,0.9958371972231499,0.9964463394816828,0.9973705873832982,0.9973771700494142,0.9973783950754198,592.8863662719726,597.8168846702575,637.2410215377807,1063.9016803121565,1345.921068096161,1518.3832908423228,1518.7260304600663,1522.1466183557031,2067.71149628684,2426.552894252427,product,0.997265080281511,0.26402868316320266,2036.0,2036.0,2036.0,2036.0,2036.0,0.020005895647047262,0.020005895647047262,0.020005895647047262,0.020005895647047262,0.020005895647047262,0.32359613689454136,0.3237111794068802,0.3245801440598355,0.41067932740302954,0.46800547265429,0.010335562457374154,0.14397120164994195,0.1440226329324292,0.14416275181596958,0.16265388792859586,0.17491999721655088,0.006216089143167445,0.13419436649509092,0.13443878204162932,0.13497504814795297,0.1461473456534347,0.15354647933277077,0.0263314317842121,0.27467311717372717,0.27511683059641323,0.2757268570274413,0.3222718065039645,0.35349946284547606
bayesfl_observability_v1,vi_update_snr_prune098_keep002_seed42,171,vi,mnist,mlp,0,0,0.1,0.5,300,24,0.05,15,3609,3609,5,256,0.05,42,1,5,5,4.390711046755314,2.177731353789568,0.007841337472200394,2.21242693066597,0,15,9,0.8603,0.5338632178783417,1542.6703132089688,0.8603,0.13970000000000005,0.5338632178783417,0.5338632178783417,0.2141055207967758,0.06783727153092625,0.23883477598428726,0.928113681602478,0.1961411682844162,10000,0.8603,0.5338632178783417,0.5338632178783417,0.2141055207967758,0.06783727153092625,0.23883477598428726,0.928113681602478,0.1961411682844162,0.8604,0.5338662065267563,0.5338662065267563,0.21410737129449844,0.06773497035056347,0.2387741580605507,0.9281115237236023,0.19614573353528977,0.001,5,0.19614573353528977,0.19614546564817428,2.678871154904172e-07,0.19614546564817428,2.678871154904172e-07,1.5179582203295183e-08,4.252976874991603e-08,0,,,,,,,,,,,,,,,,,,,,,,,,,,,,,4.045601679964266,0.45100654704448445,3.804443608515875,5.062763157918608,0.9970283841816723,912.2374260164895,503.65666960648736,,,1736.5419234361354,428.8287532250221,1736.5419234361354,428.8287532250221,912.2374260164895,503.65666960648736,1736.5419234361354,428.8287532250221,,,,,,,,,0.05,1e-05,1,product,1.0,,,,,,,,,,,,,,,,,,,,,,,,1.0,,,1,101770,52.850775196607906,0.1311559000896226,0.10121450345272133,0.10969424992799759,0.2715142339468003,0.07002469565976699,0.003503675955299615,0.05257606878876686,0.06551512032747268,0.06785861030220985,0.07018539682030678,0.07231363654136658,0.07420029416680336,0.07543094195425509,0.09351620078086853,205.51258430417235,21.24296425819185,114.34739685058594,203.00487518310547,232.97907257080078,361.7626953125,500.2742234772471,-541451.533409695,-126320.39219045325,1.8830584345689183,1.4696095506313656,3.31180121399412e-05,0.2892681624553084,0.7359795408856304,1.5647478118277423,2.6863727035157714,3.9101414479267125,4.729728383685521,11.25925647450865,1.8434361062222013,9.720988415885179,-10.773987264711375,3.8888870579571755,11.843849361459146,0.17226098064262552,0.33433231797189744,0.6095312960597425,0.9605188169401592,0.6656676820281026,0.39046870394025746,0.039481183059840816,67745,39738,4018,4.291473206431991,0.07164666056632996,,1.6800277520877058,0.4175671931282904,0.004987531172069825,,,,205.51258850097656,21.242963790893555,52.850775196607906,0.07002469152212143,1,update_snr,0.02,20,100,,,,2036.0,0.0,0.020005895647047262,0.0,0.35948997020298246,0.0711919331446729,0.150657488741448,0.13825826898226307,0.2924711593271561,1526550,2036.0,30540,0.020005895647047262,12212400,610800,244320,366480,0.9499852608823819,0.6285488422628639,0.4247786324354451,,,1.6549584309123226,,240.6,321.7520370305887,7.0,1255.0,random,,,,,,,,,,,,,,snr_histograms.csv,calibration_bins.csv,0.001,181.63048553466797,191.2315673828125,217.16512298583984,243.58231048583983,-89.5987145176,-2.6626851690342312,8.583325318016989,13.496724017646835,21.030194240716284,568.0106800794601,602.0264748477936,702.2888824462891,1778.0428956492742,2154.3049227142333,1509.6087353404841,1514.144517630905,1527.3384498438584,2553.323079112439,2700.631104972872,1509.6087353404841,1514.144517630905,1527.3384498438584,2553.323079112439,2700.631104972872,3.809338479761595,3.827312697205952,4.903442349952965,0.0007074960444069276,0.9954097805981171,0.995694924972363,0.9973701593747597,0.9973954306097198,0.9974029256932061,568.0106800794601,602.0264748477936,702.2888824462891,1778.0428956492742,2154.3049227142333,1509.6087353404841,1514.144517630905,1527.3384498438584,2553.323079112439,2700.631104972872,product,0.9966978428991002,,2036.0,2036.0,2036.0,2036.0,2036.0,0.020005895647047262,0.020005895647047262,0.020005895647047262,0.020005895647047262,0.020005895647047262,0.32284789396406793,0.32314419130151073,0.32424394158769804,0.4984084434606076,0.5119762137422693,0.012971848784301854,0.1434062759446589,0.14384216996437196,0.14454969019105435,0.17462023734285573,0.18117288828144243,0.006787937844672338,0.1341194564173268,0.13434187115634302,0.13563568144377347,0.14902530633069203,0.1559310860430062,0.03445578465288774,0.2743580205701097,0.2746552646354457,0.2758319892225921,0.35774939371735087,0.37062753530806486
bayesfl_observability_v1,vi_update_snr_prune098_keep002_seed42,172,vi,mnist,mlp,0,0,0.1,0.5,300,24,0.05,15,5670,5670,5,256,0.05,42,1,5,5,4.61171168833971,2.4462086632847786,0.007760573178529739,2.1650328040122986,0,15,11,0.8754,0.4846791341304779,1793.9256812390968,0.8754,0.12460000000000004,0.4846791341304779,0.4846791341304779,0.19395196554660799,0.055187036019563686,0.24630065759023032,0.9303746134757995,0.1900136208176613,10000,0.8754,0.4846791341304779,0.4846791341304779,0.19395196554660799,0.055187036019563686,0.24630065759023032,0.9303746134757995,0.1900136208176613,0.8755,0.4846728295326233,0.4846728295326233,0.19394745552539824,0.055089206375181624,0.2462380975484848,0.9303764284133911,0.19001016621589661,0.001,5,0.19001016621589661,0.19000990250110628,2.637147903383763e-07,0.19000990250110628,2.637147903383763e-07,1.527436344730404e-08,4.4169496077612116e-08,0,,,,,,,,,,,,,,,,,,,,,,,,,,,,,4.293867786573062,0.5104236694890512,3.809742335500099,4.961860435933144,0.9966702627393621,1160.5796209500631,619.9519644155704,,,1963.7935331474748,479.3882599359706,1963.7935331474748,479.3882599359706,1160.5796209500631,619.9519644155704,1963.7935331474748,479.3882599359706,,,,,,,,,0.05,1e-05,1,product,1.0,,,,,,,,,,,,,,,,,,,,,,,,1.0,,,1,101770,53.08618407190883,0.13176669528610513,0.10163085905189194,0.11007341369986534,0.2727128714323044,0.07012185047295429,0.003537656728500002,0.05237835645675659,0.0655781552195549,0.06792354583740234,0.07028128951787949,0.07242313213646412,0.07435124665498734,0.07560934610664845,0.09351620078086853,204.96857647396814,21.346676240842125,114.34739685058594,202.4512939453125,232.5313934326172,364.49896240234375,501.6842652921236,-541173.5199988632,-126181.38548501121,1.8892388173002288,1.4737845591262526,5.9521122260380905e-06,0.292306557478169,0.7365301807965057,1.5690954108621278,2.695632773577557,3.9151967419928733,4.738731080174668,11.25925647450865,1.8814427118101158,9.696556617153346,-10.68322885624003,3.9129870438340077,11.855071811940979,0.17176967672202023,0.33284858013166946,0.6078019062592119,0.960224034587796,0.6671514198683306,0.39219809374078807,0.03977596541220399,67896,39914,4048,4.969065438769527,0.06502622365951538,,1.7333391529517157,0.3832451499118166,0.0021164021164021165,,,,204.9685516357422,21.346675872802734,53.08618407190883,0.07012185454368591,1,update_snr,0.02,20,100,,,,2036.0,0.0,0.020005895647047262,0.0,0.39877434002749224,0.08099266680465927,0.15762841442957753,0.14150560831944586,0.3115329516779491,1526550,2036.0,30540,0.020005895647047262,12212400,610800,244320,366480,0.9499852608823819,0.6710937279513713,0.309245001437741,,,1.6242984056240541,,378.0,397.0237608338658,4.0,1161.0,random,,,,,,,,,,,,,,snr_histograms.csv,calibration_bins.csv,0.001,180.89371643066406,190.65377044677734,216.75009536743164,243.22070846557614,-104.50657631746991,-2.656189052940827,8.613214557918806,13.513241268925524,21.030194240716284,603.0786794662475,606.1675933647156,727.9769008636474,2095.694452091217,2177.3556224107742,1511.2419814008413,1514.8928926598878,1526.7931061836664,2525.9744740154147,2610.7282330880944,1511.2419814008413,1514.8928926598878,1526.7931061836664,2525.9744740154147,2610.7282330880944,3.814574731443277,3.8307670615768425,4.8929049398008875,0.0007844345305440397,0.9956219555667039,0.9957408474737645,0.9973838739212847,0.9974054550611059,0.9974126003911019,603.0786794662475,606.1675933647156,727.9769008636474,2095.694452091217,2177.3556224107742,1511.2419814008413,1514.8928926598878,1526.7931061836664,2525.9744740154147,2610.7282330880944,product,0.9956095326766013,,2036.0,2036.0,2036.0,2036.0,2036.0,0.020005895647047262,0.020005895647047262,0.020005895647047262,0.020005895647047262,0.020005895647047262,0.32315560891849043,0.3234823902401804,0.3239719078191978,0.4982410459788781,0.5079657265048546,0.014712880404370583,0.14358086227939587,0.14383448137813762,0.14457776436079314,0.1755373496451289,0.17591659991234757,0.007924823955864753,0.13383262013938374,0.1345482249407258,0.13585493175582325,0.15348896880051904,0.15487675675917192,0.0392552185517072,0.27455939338915136,0.2747275659307349,0.2755790913397157,0.35760257257056804,0.3622287270457106
bayesfl_observability_v1,vi_update_snr_prune098_keep002_seed42,173,vi,mnist,mlp,0,0,0.1,0.5,300,24,0.05,15,2351,2351,5,256,0.05,42,1,5,5,4.528761770576239,2.3408238068223,0.009637128561735153,2.1872839964926243,0,15,11,0.8801,0.44795315833091737,1199.8058222638856,0.8801,0.1199,0.44795315833091737,0.44795315833091737,0.18352723772525786,0.05385894604027269,0.21207449301367712,0.9339589569091797,0.18403748182058335,10000,0.8801,0.44795315833091737,0.44795315833091737,0.18352723772525786,0.05385894604027269,0.21207449301367712,0.9339589569091797,0.18403748182058335,0.8801,0.4479384882211685,0.4479384882211685,0.1835196811914444,0.05386043292284012,0.2120573470989863,0.933960434627533,0.1840361275911331,0.001,5,0.1840361275911331,0.184035890853405,2.3673772811538818e-07,0.184035890853405,2.3673772811538818e-07,1.3377378245138516e-08,3.980775111194776e-08,0,,,,,,,,,,,,,,,,,,,,,,,,,,,,,4.145974457156767,0.46734747659651454,3.805907342255259,4.834014622852658,0.9969266149757764,875.9909375985462,340.9919756379422,,,1810.7871960536113,423.2335412203465,1810.7871960536113,423.2335412203465,875.9909375985462,340.9919756379422,1810.7871960536113,423.2335412203465,,,,,,,,,0.05,1e-05,1,product,1.0,,,,,,,,,,,,,,,,,,,,,,,,1.0,,,1,101770,53.2814798064301,0.13222062744760715,0.10204468524453694,0.11060114949941635,0.2736293256282807,0.07019335957414435,0.003537444804695595,0.05237835645675659,0.06564635559916496,0.06799626350402832,0.07035612314939499,0.07249676994979382,0.07443347051739693,0.07568343766033649,0.09351620078086853,204.54779775041698,21.279400573483063,114.34739685058594,202.02084350585938,232.04849090576172,364.49896240234375,502.70525400711,-540965.5056871255,-126077.37832912224,1.8937701020448174,1.4780576879488991,5.9521122260380905e-06,0.29196961216558376,0.7374773291652684,1.5747435869440092,2.706495766233143,3.927507819584885,4.754397956370297,11.682956581294045,1.8954185864776143,9.709814674859745,-10.693246974156525,3.9441969676051487,11.882341165357714,0.17166158985948707,0.33248501523042157,0.607340080573843,0.9595755134125971,0.6675149847695785,0.392659919426157,0.04042448658740297,67933,39961,4114,4.408590118193775,0.04808207228779793,,1.8073295536707663,0.3887707358570821,0.0034028073160357296,,,,204.54782104492188,21.279399871826172,53.2814798064301,0.07019335776567459,1,update_snr,0.02,20,100,,,,2036.0,0.0,0.020005895647047262,0.0,0.3709671682663769,0.06756921731987058,0.15387400512053598,0.14064857581065554,0.3004394185825221,1526550,2036.0,30540,0.020005895647047262,12212400,610800,244320,366480,0.9499852608823819,0.8359131638879499,0.45353801525104764,,,1.4526385038856595,,156.73333333333332,158.77340947260518,3.0,463.0,random,,,,,,,,,,,,,,snr_histograms.csv,calibration_bins.csv,0.001,180.494287109375,190.26665878295898,216.28673934936523,242.79788513183593,-104.50657631746991,-2.645026518301706,8.648147041226444,13.541910611458405,21.351055253567047,601.2218982219696,612.0777918434143,644.0829587936402,1382.2701742744446,1396.6609322547913,1503.7714967060097,1505.6993754070518,1517.9441131728424,2417.005862902592,2436.686550336191,1503.7714967060097,1505.6993754070518,1517.9441131728424,2417.005862902592,2436.686550336191,3.8077731437692526,3.8232003870185434,4.814052486721918,0.0007078512118440481,0.9958763050349356,0.9959158970477455,0.9974167052933547,0.9974375173375808,0.9974415371018125,601.2218982219696,612.0777918434143,644.0829587936402,1382.2701742744446,1396.6609322547913,1503.7714967060097,1505.6993754070518,1517.9441131728424,2417.005862902592,2436.686550336191,product,0.9965710703944614,,2036.0,2036.0,2036.0,2036.0,2036.0,0.020005895647047262,0.020005895647047262,0.020005895647047262,0.020005895647047262,0.020005895647047262,0.32189099933759735,0.3226104774239558,0.3236740433942368,0.4673961063475413,0.4680436570914821,0.014418564847648307,0.14331200552193063,0.14334888850067912,0.14397167643346823,0.1744743048811066,0.17571691037721035,0.008660697956551507,0.1337673623844749,0.13410250369738708,0.1349054587520429,0.15312272088285536,0.15473564499401135,0.03661393137082705,0.27327584529048005,0.27425035120412594,0.27492384120394275,0.3530960890019883,0.35359725287800553
bayesfl_observability_v1,vi_update_snr_prune098_keep002_seed42,174,vi,mnist,mlp,0,0,0.1,0.5,300,24,0.05,15,3053,3053,5,256,0.05,42,1,5,5,4.406320281326771,2.271583169698715,0.007751788944005966,2.1341620311141014,0,15,11,0.8583,0.538107812333107,1450.0082189476416,0.8583,0.14170000000000005,0.538107812333107,0.538107812333107,0.2184661995768547,0.07143625684827568,0.23976966738700867,0.929736252784729,0.19025430369377136,10000,0.8583,0.538107812333107,0.538107812333107,0.2184661995768547,0.07143625684827568,0.23976966738700867,0.929736252784729,0.19025430369377136,0.8583,0.5381123528003693,0.5381123528003693,0.21846750425100325,0.07143593444973233,0.23903764247894277,0.929735931968689,0.19025493898391724,0.001,5,0.19025493898391724,0.19025467102527618,2.679586410536672e-07,0.19025467102527618,2.679586410536672e-07,1.547272930224608e-08,4.288162852525157e-08,0,,,,,,,,,,,,,,,,,,,,,,,,,,,,,4.22258104168752,0.49357977709892237,3.8068046554531514,4.940963113792309,0.9968323961700805,956.3842607061068,436.8612458682906,,,1879.356977489083,451.4155599375191,1879.356977489083,451.4155599375191,956.3842607061068,436.8612458682906,1879.356977489083,451.4155599375191,,,,,,,,,0.05,1e-05,1,product,1.0,,,,,,,,,,,,,,,,,,,,,,,,1.0,,,1,101770,53.5036969716727,0.13278814954759058,0.10244943811248688,0.11089175194501877,0.2748125582933427,0.0702688906325685,0.0035472741712782234,0.05252628028392792,0.06572218388319015,0.06806539557874203,0.07042920589447021,0.07258757203817368,0.07451463043689728,0.07578562684357167,0.09351620078086853,204.1139812745736,21.274326751376137,114.34739685058594,201.60179901123047,231.5133483886719,362.4488525390625,503.79204573406616,-540747.5159833534,-125968.38347721532,1.8999441289159098,1.4825644240110365,5.9521122260380905e-06,0.29541232122578087,0.741510376948833,1.57613323835897,2.714127107372613,3.940341833884996,4.769192538561595,11.682956581294045,1.9300296054093304,9.695582916241646,-10.591427906958003,3.951858555166716,11.91067798972143,0.17093446005699126,0.33163997248698046,0.6046575611673382,0.9589073400805739,0.6683600275130196,0.3953424388326619,0.04109265991942616,68019,40234,4182,4.643927871064141,0.06460174918174744,,1.718479963354433,0.3920733704552899,0.0006550933508024893,,,,204.11398315429688,21.27432632446289,53.5036969716727,0.07026888430118561,1,update_snr,0.02,20,100,,,,2036.0,0.0,0.020005895647047262,0.0,0.3828438812127299,0.07363453315843085,0.15586708615373013,0.1414564492983888,0.3058947288452344,1526550,2036.0,30540,0.020005895647047262,12212400,610800,244320,366480,0.9499852608823819,0.6756421245028981,0.41116582521336903,,,1.6308004542784558,,203.53333333333333,235.45781410312597,2.0,855.0,random,,,,,,,,,,,,,,snr_histograms.csv,calibration_bins.csv,0.001,180.10131378173827,189.7909393310547,215.84761810302734,242.32620315551756,-104.50657631746991,-2.5976553385810783,8.672603651479719,13.568897110337181,21.351055253567047,584.755642580986,600.9971211481094,641.0982013702393,1369.3411983966828,1992.9651460766793,1501.2479089600165,1508.8409021614275,1517.0046023220998,2414.573984743108,2575.4771501778137,1501.2479089600165,1508.8409021614275,1517.0046023220998,2414.573984743108,2575.4771501778137,3.8158082301996297,3.826402706782404,4.817501506735114,0.0007453061388267148,0.9957262316520219,0.9959346039895433,0.9974301607687891,0.9974456635458502,0.997458792966827,584.755642580986,600.9971211481094,641.0982013702393,1369.3411983966828,1992.9651460766793,1501.2479089600165,1508.8409021614275,1517.0046023220998,2414.573984743108,2575.4771501778137,product,0.9962261441398814,,2036.0,2036.0,2036.0,2036.0,2036.0,0.020005895647047262,0.020005895647047262,0.020005895647047262,0.020005895647047262,0.020005895647047262,0.322617982465748,0.32283067068166554,0.32353949848732166,0.46718104806510347,0.5050528451038345,0.014835168475143684,0.14309245620435515,0.143562410504504,0.14391212039431522,0.17433297562540587,0.17446481517791096,0.008493392141706642,0.13379764369363972,0.1341928197952786,0.13509011635667775,0.15271977888992022,0.15278931886487618,0.03846117704302001,0.27389035351314683,0.27407853342789673,0.27533121787173676,0.35322186930194227,0.359347375240233
bayesfl_observability_v1,vi_update_snr_prune098_keep002_seed42,175,vi,mnist,mlp,0,0,0.1,0.5,300,24,0.05,15,2616,2616,5,256,0.05,42,1,5,5,4.45639730989933,2.233192779123783,0.007429216057062149,2.222728256136179,0,15,11,0.8835,0.4610511745691299,1511.2488954847386,0.8835,0.11650000000000005,0.4610511745691299,0.4610511745691299,0.18274284265041352,0.05367055095136171,0.24358002841472626,0.9369431249618531,0.1732918920516968,10000,0.8835,0.4610511745691299,0.4610511745691299,0.18274284265041352,0.05367055095136171,0.24358002841472626,0.9369431249618531,0.1732918920516968,0.8836,0.4610448257684708,0.4610448257684708,0.18274123216867447,0.0534379615962506,0.243782639503479,0.9369404458999634,0.17329454785585405,0.001,5,0.17329454785585405,0.1732942942261696,2.5362968444908596e-07,0.1732942942261696,2.5362968444908596e-07,1.4780388370638775e-08,4.710283601684082e-08,12,0.9789395854556129,0.9927406745588564,0.016788608781793807,0.9459459459459459,0.9702479338842975,1.0,1.0,1.0,1.0,1.0,0.2027791293971419,0.15918907485855327,0.2879977920804207,0.0001591533599864869,0.010770095760623613,1.0019996230666701,,,0.15918907485855327,,,,,,,,,,4.0802085207868375,0.4364658152708142,3.8047408687307107,4.812805441290522,0.9970723935115912,868.076541079124,433.1838448181304,,,1747.744369386072,400.2543004235446,1747.744369386072,400.2543004235446,868.076541079124,433.1838448181304,1747.744369386072,400.2543004235446,,,,,,,,,0.05,1e-05,1,product,1.0,,,,,,,,,,,,,,,,,,,,,,,,1.0,,,1,101770,53.668695067150736,0.13324269004212702,0.10270697390458812,0.11113869026303291,0.27575362324714664,0.07034450404582457,0.0035523906913750712,0.05203374847769737,0.06578572690486909,0.06814081594347954,0.0705052949488163,0.07266796007752419,0.07459776178002357,0.07586367651820183,0.09351620078086853,203.6764826098863,21.2350524532061,114.34739685058594,201.16690826416016,231.06632385253906,369.3429260253906,504.87778755818647,-540528.7966453419,-125859.02380818874,1.9043331174918268,1.4843774306649271,3.31180121399412e-05,0.29767695773932823,0.7445379453999001,1.5807855755238769,2.722291766579122,3.947664274731801,4.7711687212946305,11.516831508413983,1.9593059109594997,9.67360142733788,-10.52509562932391,3.977459287469693,11.926804228270846,0.1697848088827749,0.3307457993514788,0.6040679964626118,0.958828731453277,0.6692542006485211,0.3959320035373882,0.041171268546723004,68110,40294,4190,4.313916615872865,0.06202489137649536,,1.8370679288692557,0.4197247706422018,0.0045871559633027525,,,,203.67648315429688,21.23505210876465,53.668695067150736,0.07034450024366379,1,update_snr,0.02,20,100,,,,2036.0,0.0,0.020005895647047262,0.0,0.3626903882497169,0.06660434128383823,0.15119453102625344,0.13840335618813318,0.2945454642207126,1526550,2036.0,30540,0.020005895647047262,12212400,610800,244320,366480,0.9499852608823819,0.8124833664893757,0.32665547860916333,,,1.4898224526532018,,174.4,270.8425865085967,4.0,1094.0,random,,,,,,,,,,,,,,snr_histograms.csv,calibration_bins.csv,0.001,179.70013122558595,189.37125778198242,215.3700714111328,241.9422393798828,-89.5987145176,-2.5622632706136113,8.698693390658908,13.572495492389391,21.226660262849023,609.5365058898926,615.0904876327514,638.4920139312744,1316.7579079532622,2146.746183834076,1496.8269768993414,1500.2019425446433,1507.8914402057844,2404.905847989768,2437.5328138165673,1496.8269768993414,1500.2019425446433,1507.8914402057844,2404.905847989768,2437.5328138165673,3.808512187822022,3.81858713557645,4.807673294626603,0.0006511404226910884,0.9959773935712871,0.9959869624718379,0.9974613866536581,0.997475679758768,0.9974800975259727,609.5365058898926,615.0904876327514,638.4920139312744,1316.7579079532622,2146.746183834076,1496.8269768993414,1500.2019425446433,1507.8914402057844,2404.905847989768,2437.5328138165673,product,0.9967642655304517,0.2879977920804207,2036.0,2036.0,2036.0,2036.0,2036.0,0.020005895647047262,0.020005895647047262,0.020005895647047262,0.020005895647047262,0.020005895647047262,0.32221607791278994,0.3223124592536712,0.3228111709811424,0.46719831677430435,0.49046256411301115,0.01295038964717274,0.14283119636580044,0.14309482920155295,0.14361572338680242,0.1738529772046894,0.17411830159629008,0.00735048226957143,0.1333641189157701,0.1336948449208074,0.13433884220700087,0.1523897690159203,0.15277103432507785,0.033877412014701236,0.273299794044762,0.27364197750980596,0.2743623812200878,0.35167070115597776,0.3521023831625924
bayesfl_observability_v1,vi_update_snr_prune098_keep002_seed42,176,vi,mnist,mlp,0,0,0.1,0.5,300,24,0.05,15,3584,3584,5,256,0.05,42,1,5,5,4.5816232226789,2.4875924699008465,0.011242836713790894,2.0934977382421494,0,15,12,0.8725,0.49392454323768614,1229.6967567402037,0.8725,0.12749999999999995,0.49392454323768614,0.49392454323768614,0.1958974628806114,0.0601313400030136,0.2573273877302806,0.932631344795227,0.18302409162521363,10000,0.8725,0.49392454323768614,0.49392454323768614,0.1958974628806114,0.0601313400030136,0.2573273877302806,0.932631344795227,0.18302409162521363,0.8725,0.49392372336387635,0.49392372336387635,0.1958952437520027,0.0601313374906778,0.2573067545890808,0.932631351184845,0.18302327111959457,0.001,5,0.18302327111959457,0.18302301090955733,2.6021003723952774e-07,0.18302301090955733,2.6021003723952774e-07,1.513387537066535e-08,4.5418115784515745e-08,0,,,,,,,,,,,,,,,,,,,,,,,,,,,,,4.351677126673187,0.4960336373476338,3.8046602745272584,4.842111368473918,0.9966872526510504,1008.7805538312595,351.17215631206744,,,1985.0600930525427,447.52218941690916,1985.0600930525427,447.52218941690916,1008.7805538312595,351.17215631206744,1985.0600930525427,447.52218941690916,,,,,,,,,0.05,1e-05,1,product,1.0,,,,,,,,,,,,,,,,,,,,,,,,1.0,,,1,101770,53.89205040011692,0.13383049080914625,0.10309122654596366,0.1118517778813839,0.27670625746250155,0.07042191461020753,0.003563052420046042,0.0523025281727314,0.06585887894034385,0.06821218505501747,0.07058421522378922,0.07275190763175488,0.07469323426485061,0.07596719972789287,0.09351620078086853,203.23491917516742,21.22738178981688,114.34739685058594,200.71730041503906,230.55330657958984,365.5566101074219,505.9944762693858,-540305.9269868027,-125747.58897889795,1.9106676545781693,1.4886786904575138,3.31180121399412e-05,0.2976017396646207,0.7493506137760304,1.5872518028886713,2.7296455170360754,3.9621801180625065,4.783536372164468,11.84393112985954,1.9839259858948985,9.698358381586909,-10.527290689842475,4.012916580793339,11.958684287626959,0.1686155055517343,0.3291638007271298,0.6031345190134617,0.9584946447872654,0.6708361992728702,0.3968654809865383,0.041505355212734595,68271,40389,4224,4.8056930987035775,0.048118566162884235,,2.1652057257302717,0.23660714285714285,0.002232142857142857,,,,203.23492431640625,21.22738265991211,53.89205040011692,0.07042191177606583,1,update_snr,0.02,20,100,,,,2036.0,0.0,0.020005895647047262,0.0,0.39865640159757176,0.07138265932914171,0.15983512443513495,0.1442529062480104,0.3152436040700015,1526550,2036.0,30540,0.020005895647047262,12212400,610800,244320,366480,0.9499852608823819,0.5581245235674378,0.4418150698187558,,,1.730227840715522,,238.93333333333334,158.69445134877554,8.0,463.0,random,,,,,,,,,,,,,,snr_histograms.csv,calibration_bins.csv,0.001,179.24105072021484,188.9344940185547,214.91963577270508,241.51762161254882,-89.5987145176,-2.506298652684909,8.722125028767323,13.594981607373581,21.469917467745276,598.7690721511841,620.7320259952545,1277.014988899231,1364.711904771328,1391.2029613018035,1492.60416931528,1499.4487564676906,2383.7173992551634,2421.118069371004,2429.8010913481403,1492.60416931528,1499.4487564676906,2383.7173992551634,2421.118069371004,2429.8010913481403,3.812191896606226,4.795266818660533,4.833816363700284,0.0007366304468405744,0.995952660067739,0.9959680005596492,0.9960357835692566,0.9974872421914238,0.9974955471630114,598.7690721511841,620.7320259952545,1277.014988899231,1364.711904771328,1391.2029613018035,1492.60416931528,1499.4487564676906,2383.7173992551634,2421.118069371004,2429.8010913481403,product,0.9960162032089405,,2036.0,2036.0,2036.0,2036.0,2036.0,0.020005895647047262,0.020005895647047262,0.020005895647047262,0.020005895647047262,0.020005895647047262,0.3213540356878473,0.32205232656829336,0.4642086570872688,0.46617717889113225,0.4667969872931782,0.015355832307542717,0.1426891815427304,0.14296992514305037,0.17325825261270977,0.17509671104526295,0.1753547315233408,0.00942365786219321,0.13321689378768042,0.13349848779006737,0.1513564271942786,0.15420907416332919,0.15480922288941146,0.03862719409308601,0.27266153710328345,0.2735884578984811,0.34987682259502545,0.35228849984492744,0.35329237149067555
bayesfl_observability_v1,vi_update_snr_prune098_keep002_seed42,177,vi,mnist,mlp,0,0,0.1,0.5,300,24,0.05,15,1405,1405,5,256,0.05,42,1,5,5,4.068024590611458,1.9633894748985767,0.010147955268621445,2.103801418095827,0,15,13,0.8678,0.5145239703416824,974.3869626273972,0.8678,0.13219999999999998,0.5145239703416824,0.5145239703416824,0.20267954323291779,0.06306316571384672,0.20726597640249467,0.9308631467819214,0.1861116440296173,10000,0.8678,0.5145239703416824,0.5145239703416824,0.20267954323291779,0.06306316571384672,0.20726597640249467,0.9308631467819214,0.1861116440296173,0.8678,0.5145062589764595,0.5145062589764595,0.2026715503871441,0.06306467177718883,0.20721064673529732,0.9308646870613098,0.18610907378196717,0.001,5,0.18610907378196717,0.186108797955513,2.7582645417689733e-07,0.186108797955513,2.7582645417689733e-07,1.618190303815936e-08,4.7308789050596023e-08,0,,,,,,,,,,,,,,,,,,,,,,,,,,,,,3.95611471551116,0.3397839932060279,3.8084954289350703,4.824358679392613,0.9972967488229332,719.5738821347554,231.2424290650891,,,1624.705457903222,306.0594209262175,1624.705457903222,306.0594209262175,719.5738821347554,231.2424290650891,1624.705457903222,306.0594209262175,,,,,,,,,0.05,1e-05,1,product,1.0,,,,,,,,,,,,,,,,,,,,,,,,1.0,,,1,101770,54.01676622404523,0.13414559389364691,0.10332279343815991,0.11215971410274506,0.2776957094669343,0.07048493697928183,0.0035525595175067964,0.05284038931131363,0.06592419818043709,0.06828381307423115,0.07065655291080475,0.07280886359512806,0.07473074570298195,0.07599884420633315,0.09351620078086853,202.86036894060697,21.120905109899464,114.34739685058594,200.3065185546875,230.09664611816407,358.1524963378906,506.8906242354509,-540121.9158880379,-125655.58342949752,1.9133252846725175,1.4903473928702575,3.31180121399412e-05,0.2981936429654529,0.7502696312094403,1.5897174816583792,2.7297928508891496,3.9711177913382603,4.787078237208633,11.784949539635683,2.0025538172329354,9.675108989574662,-10.510032392443064,4.026398999707707,11.978255385419008,0.1684288100619043,0.3286823228849366,0.6021519111722512,0.9584651665520291,0.6713176771150634,0.39784808882774886,0.04153483344797092,68320,40489,4227,3.8829083156074162,0.046990036964416504,,2.0648090518130524,0.26263345195729537,0.0007117437722419929,,,,202.8603515625,21.12090492248535,54.01676622404523,0.0704849362373352,1,update_snr,0.02,20,100,,,,2036.0,0.0,0.020005895647047262,0.0,0.3411848646036144,0.04899530707030068,0.1474683141232268,0.13673889239905165,0.28415703537286036,1526550,2036.0,30540,0.020005895647047262,12212400,610800,244320,366480,0.9499852608823819,0.6044474437334859,0.3553706639962121,,,1.7159868539856216,,93.66666666666667,109.54613437066392,1.0,369.0,random,,,,,,,,,,,,,,snr_histograms.csv,calibration_bins.csv,0.001,179.06115112304687,188.63900756835938,214.46896743774414,241.05714645385737,-89.5987145176,-2.495652644155972,8.72259384097129,13.601410504738544,21.426554546363814,583.9831535100936,593.0836266851425,628.0710067749023,1055.0758533334729,1324.1642374038697,1493.475532157807,1499.3386199437475,1504.6199061617208,2047.6983913107542,2407.356279148547,1493.475532157807,1499.3386199437475,1504.6199061617208,2047.6983913107542,2407.356279148547,3.8158897610956135,3.8231395485732915,4.426844102228083,0.0005014194874543979,0.9960148228556228,0.9966030914420524,0.9974928977008075,0.9975022345672774,0.9975114262784422,583.9831535100936,593.0836266851425,628.0710067749023,1055.0758533334729,1324.1642374038697,1493.475532157807,1499.3386199437475,1504.6199061617208,2047.6983913107542,2407.356279148547,product,0.9974130816561753,,2036.0,2036.0,2036.0,2036.0,2036.0,0.020005895647047262,0.020005895647047262,0.020005895647047262,0.020005895647047262,0.020005895647047262,0.32142078773813443,0.32149447460532643,0.32195180688900343,0.4083653143961247,0.46702224843828843,0.010433106570866553,0.14276667339698063,0.14308529179980023,0.14345279460342977,0.16198369259317777,0.17406793258931222,0.00633948546371482,0.13330312509878098,0.13361793584216536,0.13436007719977897,0.1457579090490298,0.15291214817859644,0.026491927030322132,0.2729860436095589,0.27317060731591924,0.27384269184919635,0.32065634081094196,0.35199714213603744
bayesfl_observability_v1,vi_update_snr_prune098_keep002_seed42,178,vi,mnist,mlp,0,0,0.1,0.5,300,24,0.05,15,4726,4726,5,256,0.05,42,1,5,5,4.918377783149481,2.783866912126541,0.00924718752503395,2.133748285472393,0,15,12,0.876,0.4883670766353607,1762.935300390534,0.876,0.124,0.4883670766353607,0.4883670766353607,0.19191929262876511,0.059551873835921317,0.24705679714679718,0.9354530738830567,0.17419718866348266,10000,0.876,0.4883670766353607,0.4883670766353607,0.19191929262876511,0.059551873835921317,0.24705679714679718,0.9354530738830567,0.17419718866348266,0.8762,0.4883625332355499,0.4883625332355499,0.1919192848443985,0.059349877320230046,0.2471921369433403,0.9354509944915772,0.17420112653970718,0.001,5,0.17420112653970718,0.1742008686542511,2.5788545607308144e-07,0.1742008686542511,2.5788545607308144e-07,1.511978434596273e-08,4.4767906100795085e-08,0,,,,,,,,,,,,,,,,,,,,,,,,,,,,,4.154722386056948,0.4767906656234835,3.8097504558006303,4.969864100731919,0.9970169892744255,1020.8965412756603,584.955333576298,,,1810.9600901794606,443.4452379901847,1810.9600901794606,443.4452379901847,1020.8965412756603,584.955333576298,1810.9600901794606,443.4452379901847,,,,,,,,,0.05,1e-05,1,product,1.0,,,,,,,,,,,,,,,,,,,,,,,,1.0,,,1,101770,54.21730795781224,0.13467639281655294,0.10366382525075779,0.1126599907875061,0.2784626930952073,0.07057597199820038,0.0035748795237242415,0.05141701549291611,0.06597689390182496,0.06836314685642719,0.07073817029595375,0.07290652208030224,0.07485082074999809,0.0761182427406311,0.09351620078086853,202.35264180923616,21.16807185845031,114.34739685058594,199.84457397460938,229.72923431396484,378.2563781738281,508.2136919391576,-539861.76452114,-125525.50774602436,1.918450703787762,1.493154558619484,3.31180121399412e-05,0.29975978943894727,0.7520348261590906,1.5970953138546173,2.7374579747477945,3.9707978554707353,4.802038433942796,11.536659531319147,2.034308294827781,9.664274532298101,-10.464532499683484,4.06661670663645,11.97755557305495,0.16797681045494742,0.327414758769775,0.6015918247027612,0.958081949493957,0.672585241230225,0.3984081752972389,0.04191805050604304,68449,40546,4266,4.644833408183915,0.07337097823619843,,1.8883041291276423,0.26555226407109606,0.00042319085907744394,,,,202.3526611328125,21.168071746826172,54.21730795781224,0.07057597488164902,1,update_snr,0.02,20,100,,,,2036.0,0.0,0.020005895647047262,0.0,0.3749133952307756,0.0762393193200577,0.15248362001183466,0.1382154467469998,0.2990914538010073,1526550,2036.0,30540,0.020005895647047262,12212400,610800,244320,366480,0.9499852608823819,0.8181249325366885,0.4962994983315109,,,1.4874694626697171,,315.06666666666666,408.29457775265917,2.0,1255.0,random,,,,,,,,,,,,,,snr_histograms.csv,calibration_bins.csv,0.001,178.48712158203125,188.13397979736328,213.97148513793945,240.5107536315918,-89.5987145176,-2.475240946179368,8.74694921284407,13.62851263152269,21.241601519326498,597.3463983535767,602.6242637062073,666.8348731040954,2056.4173832969664,2183.2631689929963,1491.7931276795134,1492.7580532526722,1501.662525988192,2403.9038497487427,2587.7769025143293,1491.7931276795134,1492.7580532526722,1501.662525988192,2403.9038497487427,2587.7769025143293,3.8110030830523294,3.8218664892001764,4.811297068304427,0.0007009123962572301,0.9957935048255866,0.9960559629238033,0.9975051434066314,0.9975195824919424,0.9975237326950724,597.3463983535767,602.6242637062073,666.8348731040954,2056.4173832969664,2183.2631689929963,1491.7931276795134,1492.7580532526722,1501.662525988192,2403.9038497487427,2587.7769025143293,product,0.9963235096205217,,2036.0,2036.0,2036.0,2036.0,2036.0,0.020005895647047262,0.020005895647047262,0.020005895647047262,0.020005895647047262,0.020005895647047262,0.320499557760487,0.3211091853373939,0.3217466041100728,0.4874073204130751,0.506846411432238,0.013399817843795457,0.14263323873274136,0.14280796296464796,0.14331583579607848,0.17357831389332853,0.17474327139205828,0.00678688307352606,0.13305752622503558,0.13357123906497903,0.13418177674783077,0.1503322057481328,0.1523412338085639,0.036379978984659556,0.27282349630668823,0.2730048930153811,0.27384303116067277,0.3509305607326822,0.3601942347646411
bayesfl_observability_v1,vi_update_snr_prune098_keep002_seed42,179,vi,mnist,mlp,0,0,0.1,0.5,300,24,0.05,15,4407,4407,5,256,0.05,42,1,5,5,4.618741329759359,2.4170657843351364,0.011330381035804749,2.2006569914519787,0,15,11,0.8838,0.4496340721607208,1498.5124998436347,0.8838,0.11619999999999997,0.4496340721607208,0.4496340721607208,0.17744026038646699,0.05139945397675032,0.2236643135547638,0.9351994636535644,0.17629750126600266,10000,0.8838,0.4496340721607208,0.4496340721607208,0.17744026038646699,0.05139945397675032,0.2236643135547638,0.9351994636535644,0.17629750126600266,0.8838,0.4496278643846512,0.4496278643846512,0.1774373865365982,0.05139882020950323,0.22387877106666565,0.9351988298416137,0.17629888758659362,0.001,5,0.17629888758659362,0.17629863827228545,2.493143081705451e-07,0.17629863827228545,2.493143081705451e-07,1.4598389341813344e-08,4.518082960801768e-08,0,,,,,,,,,,,,,,,,,,,,,,,,,,,,,4.164646543082162,0.4794452707945601,3.818642172035886,4.952539499867896,0.9970248282388229,983.5906713172594,499.07926482220586,,,1811.4463966435146,440.8592745924683,1811.4463966435146,440.8592745924683,983.5906713172594,499.07926482220586,1811.4463966435146,440.8592745924683,,,,,,,,,0.05,1e-05,1,product,1.0,,,,,,,,,,,,,,,,,,,,,,,,1.0,,,1,101770,54.39920233996822,0.1351263894473798,0.10401398718709942,0.11295932158827782,0.27937200963497166,0.07065876502617996,0.0035852736317759327,0.052409764379262924,0.06605416387319565,0.06842628493905067,0.0708116739988327,0.07299716956913471,0.07495454773306846,0.07623378671705722,0.09960777312517166,201.88368733771438,21.14846599048172,100.78909301757812,199.42990112304688,229.19207153320315,364.06219482421875,509.41128821777215,-539623.9970035397,-125406.62398720167,1.9225685736556728,1.4962855619799684,3.31180121399412e-05,0.30087689499577874,0.7533348182593438,1.6011944796686453,2.745641312999033,3.9816396203863658,4.807039572183305,11.536659531319147,2.051162810805054,9.672933461834715,-10.432223228326935,4.088881682926887,12.001238986140633,0.1669057679080279,0.3267858897514002,0.6006190429399627,0.9578264714552422,0.6732141102485998,0.39938095706003734,0.04217352854475779,68513,40645,4292,4.527157477175259,0.06554982298985124,,1.9647752368113247,0.2859087814840027,0.002269117313365101,,,,201.88369750976562,21.148466110229492,54.39920233996822,0.07065876573324203,1,update_snr,0.02,20,100,,,,2036.0,0.0,0.020005895647047262,0.0,0.3733501692690306,0.07376052423223511,0.15301295863292327,0.13926501466626318,0.2993164559998173,1526550,2036.0,30540,0.020005895647047262,12212400,610800,244320,366480,0.9499852608823819,0.6176957636334031,0.3712361177052059,,,1.683539997546165,,293.8,319.5107092623553,10.0,1260.0,random,,,,,,,,,,,,,,snr_histograms.csv,calibration_bins.csv,0.001,177.9934524536133,187.66701889038086,213.57680892944336,239.91280822753893,-89.5987145176,-2.460239190688987,8.772876018732346,13.637553943794341,21.241601519326498,583.8875213623047,615.7603861141205,709.8401638031006,1721.3222650170324,2170.485601825714,1494.78772846081,1496.1995587609106,1503.2985411106538,2418.6110108230005,2562.5934491388275,1494.78772846081,1496.1995587609106,1503.2985411106538,2418.6110108230005,2562.5934491388275,3.8207127880701504,3.8286233090345823,4.823174947775597,0.0007002356237947067,0.9958574125613637,0.9960656270604455,0.9975145773584433,0.9975270761075508,0.9975286899176617,583.8875213623047,615.7603861141205,709.8401638031006,1721.3222650170324,2170.485601825714,1494.78772846081,1496.1995587609106,1503.2985411106538,2418.6110108230005,2562.5934491388275,product,0.9965311216238726,,2036.0,2036.0,2036.0,2036.0,2036.0,0.020005895647047262,0.020005895647047262,0.020005895647047262,0.020005895647047262,0.020005895647047262,0.3210341960775673,0.3212009735234727,0.32181607865723844,0.47897298770130503,0.5025962933531883,0.013962236784313993,0.14277224836050276,0.14293208964182522,0.1433691790041262,0.17400805001522332,0.1741472029917795,0.007719167327132611,0.13334461013289062,0.13373448021400966,0.13424398687836864,0.15249001758646485,0.15334549395019584,0.036587752140506795,0.2727513883913966,0.2731623833422314,0.2738290875820732,0.35044985773149817,0.35830840621525295
bayesfl_observability_v1,vi_update_snr_prune098_keep002_seed42,180,vi,mnist,mlp,0,0,0.1,0.5,300,24,0.05,15,1320,1320,5,256,0.05,42,1,5,5,4.280688531696796,2.0050575211644173,0.01600300520658493,2.2748303152620792,0,15,12,0.8853,0.4391778777360916,820.2480000054386,0.8853,0.11470000000000002,0.4391778777360916,0.4391778777360916,0.17601162071228027,0.04843269223123788,0.2561240444580714,0.9337326884269714,0.1801122239112854,10000,0.8853,0.4391778777360916,0.4391778777360916,0.17601162071228027,0.04843269223123788,0.2561240444580714,0.9337326884269714,0.1801122239112854,0.8854,0.4391731557369232,0.4391731557369232,0.17601037139892578,0.048330156289041054,0.2561324785153071,0.9337301689147949,0.18011554616689682,0.001,5,0.18011554616689682,0.18011529202461243,2.5414228438380704e-07,0.18011529202461243,2.5414228438380704e-07,1.4608048201125711e-08,4.39061721425624e-08,9,0.9641906224855532,0.9582010582010582,0.06403646675304664,0.8333333333333334,0.8523809523809524,0.9333333333333333,1.0,1.0,1.0,1.0,0.20281580304875407,0.2277300354035631,0.38313605050440563,8.96420970093459e-06,0.010037885109583537,1.148448520236545,,,0.2277300354035631,,,,,,,,,,3.8871722114955873,0.2509589057676411,3.8065583099576976,4.825487938459534,0.9974464348633868,673.4360683306057,165.91236004765744,,,1552.7995377248772,224.72425449014938,1552.7995377248772,224.72425449014938,673.4360683306057,165.91236004765744,1552.7995377248772,224.72425449014938,,,,,,,,,0.05,1e-05,1,product,1.0,,,,,,,,,,,,,,,,,,,,,,,,1.0,,,1,101770,54.511745879516596,0.13538285654065932,0.10425916386976779,0.11326136067509651,0.2800579935312271,0.0707214085287285,0.0035703099870049654,0.05273906886577606,0.06613386645913125,0.06850538589060307,0.07087972015142441,0.07305458560585976,0.07498075887560844,0.07625236622989177,0.09960777312517166,201.51134974766518,21.020788917699125,100.78909301757812,199.04718017578125,228.63997497558594,359.52996826171875,510.3017223547744,-539441.056417658,-125315.15369424307,1.9244433710281608,1.4982836889505788,3.31180121399412e-05,0.3009264808280106,0.7532383255524105,1.6022499081956545,2.74874859615924,3.9885797031311503,4.817043268450356,11.536659531319147,2.0527347369011033,9.683637395756339,-10.430791877758676,4.0946051073762595,12.016365496616604,0.16703350692738528,0.3268251940650486,0.5998329566669942,0.9575022108676428,0.6731748059349514,0.4001670433330058,0.04249778913235728,68509,40725,4325,3.7139097917575477,0.04713664948940277,,1.8152381444768748,0.29772727272727273,0.0007575757575757576,,,,201.5113525390625,21.020790100097656,54.511745879516596,0.07072140276432037,1,update_snr,0.02,20,100,,,,2036.0,0.0,0.020005895647047262,0.0,0.3304485278831682,0.035902115960921105,0.14485848451341432,0.1349982195000323,0.27796598067209477,1526550,2036.0,30540,0.020005895647047262,12212400,610800,244320,366480,0.9499852608823819,0.450605196061745,0.4584682886187705,,,1.8524871536443355,,88.0,98.11489863080598,1.0,333.0,random,,,,,,,,,,,,outputs/sparse_comm_mnist_noniid_unbalanced/vi_update_snr_prune098_keep002_seed42/posterior_snapshots/round_0180.pt,,snr_histograms.csv,calibration_bins.csv,0.001,177.86902618408203,187.37214279174805,213.08386611938477,239.23113021850577,-89.5987145176,-2.4613518148539084,8.782700411323313,13.655610944143016,21.241601519326498,582.4059690475464,588.0448355340957,617.9465171813965,716.0392889785767,1273.8117648482323,1481.7928366692097,1484.2351045161438,1493.091218033704,1508.4773398385626,2393.170545076705,1481.7928366692097,1484.2351045161438,1493.091218033704,1508.4773398385626,2393.170545076705,3.8088426960293997,3.8211010064936315,3.8401953152493657,0.0003637731546638743,0.9960860675357066,0.9975176676454145,0.9975438138482449,0.9975579715333621,0.9975589701574258,582.4059690475464,588.0448355340957,617.9465171813965,716.0392889785767,1273.8117648482323,1481.7928366692097,1484.2351045161438,1493.091218033704,1508.4773398385626,2393.170545076705,product,0.9976764549752498,0.38313605050440563,2036.0,2036.0,2036.0,2036.0,2036.0,0.020005895647047262,0.020005895647047262,0.020005895647047262,0.020005895647047262,0.020005895647047262,0.32000403346030454,0.32038611723907884,0.3208960864913743,0.32152569870609254,0.4647739882600612,0.007735895516686617,0.1420766481898471,0.14225018408448437,0.1427780945219351,0.1438567156577376,0.17374596026388273,0.00487777541670439,0.1330078594429436,0.13305889662825895,0.1335099801223436,0.13521971794053142,0.15308843968382724,0.019364765200401486,0.2721594532293344,0.27223203225736703,0.2729706390008284,0.27342426639821593,0.35040605421864546
bayesfl_observability_v1,vi_update_snr_prune098_keep002_seed42,181,vi,mnist,mlp,0,0,0.1,0.5,300,24,0.05,15,2928,2928,5,256,0.05,42,1,5,5,4.534999247640371,2.401162102818489,0.013948358595371246,2.1326213479042053,0,15,13,0.8837,0.457493745136261,1434.449522647041,0.8837,0.11629999999999996,0.457493745136261,0.457493745136261,0.18125824189186096,0.049577612538635685,0.14431298702214457,0.9331757922172547,0.1836849789261818,10000,0.8837,0.457493745136261,0.457493745136261,0.18125824189186096,0.049577612538635685,0.14431298702214457,0.9331757922172547,0.1836849789261818,0.8837,0.4574921489477158,0.4574921489477158,0.18125921247005464,0.0495761073663831,0.142925238586477,0.9331740779876709,0.1836862486600876,0.001,5,0.1836862486600876,0.18368599734306335,2.513170242468554e-07,0.18368599734306335,2.513170242468554e-07,1.4307183616324437e-08,4.176672393452272e-08,0,,,,,,,,,,,,,,,,,,,,,,,,,,,,,4.113102423034778,0.48328517545251765,3.811199908048514,5.062132284967966,0.9971265846999648,884.5005900440613,452.1891304070283,,,1757.5433183991167,443.62929782629016,1757.5433183991167,443.62929782629016,884.5005900440613,452.1891304070283,1757.5433183991167,443.62929782629016,,,,,,,,,0.05,1e-05,1,product,1.0,,,,,,,,,,,,,,,,,,,,,,,,1.0,,,1,101770,54.67802470987604,0.13580234113682316,0.1045687190315857,0.11349483579397202,0.28061134815216066,0.0707945761808457,0.003574306646148177,0.05259224399924278,0.06620355248451233,0.06857560388743877,0.07095867395401001,0.07312761433422565,0.07505805417895317,0.07633883319795132,0.09960777312517166,201.09514896759785,20.975905557576564,100.78909301757812,198.60447692871094,228.15890045166017,361.5401916503906,511.3583948644148,-539230.6197975673,-125209.93538417766,1.9284189519760155,1.5012340732146205,3.31180121399412e-05,0.30154863509651575,0.7537943312694627,1.6045101671635775,2.759241721160918,3.9953125503383378,4.821745483776809,11.536659531319147,2.0717122267651127,9.684214824290574,-10.412852658871898,4.106849465955106,12.031015190028738,0.16677802888867052,0.32630441190920706,0.5992925223543284,0.9569322983197406,0.673695588090793,0.4007074776456716,0.04306770168025941,68562,40780,4383,4.4037284947566215,0.06745266914367676,,1.981760456261573,0.28620218579234974,0.0006830601092896175,,,,201.0951385498047,20.975906372070312,54.67802470987604,0.07079458236694336,1,update_snr,0.02,20,100,,,,2036.0,0.0,0.020005895647047262,0.0,0.36415246733154677,0.07288133609007855,0.15133123584396532,0.13841614858306386,0.29486888969754804,1526550,2036.0,30540,0.020005895647047262,12212400,610800,244320,366480,0.9499852608823819,0.6965390434974247,0.41659300683294287,,,1.6047007660982184,,195.2,247.1599212385913,2.0,791.0,random,,,,,,,,,,,,,,snr_histograms.csv,calibration_bins.csv,0.001,177.5028869628906,186.9980926513672,212.64771270751953,238.85032577514644,-89.5987145176,-2.4549426585665373,8.81579496328889,13.664085633314183,21.241601519326498,588.9384042739869,593.5269169425964,620.7107484817504,1603.4221941184996,1940.7914520978927,1483.2818668031825,1484.3567821849388,1496.9275801495708,2483.892109619277,2644.007487665148,1483.2818668031825,1484.3567821849388,1496.9275801495708,2483.892109619277,2644.007487665148,3.8125846552361082,3.829382336364284,4.898871875910461,0.0007067728359116795,0.9957123505683052,0.9959820821289886,0.9975428277661302,0.9975634651086366,0.9975660262673264,588.9384042739869,593.5269169425964,620.7107484817504,1603.4221941184996,1940.7914520978927,1483.2818668031825,1484.3567821849388,1496.9275801495708,2483.892109619277,2644.007487665148,product,0.9967514575643873,,2036.0,2036.0,2036.0,2036.0,2036.0,0.020005895647047262,0.020005895647047262,0.020005895647047262,0.020005895647047262,0.020005895647047262,0.32017494920884126,0.32029887243216154,0.3209487805745956,0.4869213063865825,0.5067204126058739,0.014188275035486067,0.1421818178476945,0.14232674387016758,0.1431047520191784,0.1736965140976688,0.17919739228716552,0.007861468815281217,0.1325721046194251,0.13286587196400995,0.13401946326835146,0.15153644162068194,0.15371332676440091,0.03686542098499566,0.27185821956628553,0.2723485826179152,0.27304447514718394,0.3543690316515007,0.36646940709083425
bayesfl_observability_v1,vi_update_snr_prune098_keep002_seed42,182,vi,mnist,mlp,0,0,0.1,0.5,300,24,0.05,15,2681,2681,5,256,0.05,42,1,5,5,4.4819855354726315,2.281511552631855,0.010561231523752213,2.1996304132044315,0,15,11,0.8843,0.46192173171043394,1342.0663889117045,0.8843,0.11570000000000003,0.46192173171043394,0.46192173171043394,0.18308599684238433,0.04901613797694445,0.24257877096533775,0.932656909942627,0.18579475359916686,10000,0.8843,0.46192173171043394,0.46192173171043394,0.18308599684238433,0.04901613797694445,0.24257877096533775,0.932656909942627,0.18579475359916686,0.8843,0.4619224444627762,0.4619224444627762,0.1830879352092743,0.04900086274892091,0.2425004132091999,0.9326550469398499,0.18579922487735748,0.001,5,0.18579922487735748,0.18579895842075347,2.6645660400337334e-07,0.18579895842075347,2.6645660400337334e-07,1.511150066164646e-08,4.4268977896700306e-08,0,,,,,,,,,,,,,,,,,,,,,,,,,,,,,4.234097774085082,0.5045945902316881,3.812956495164344,5.0450195572302725,0.9969732809198981,914.5396848220296,392.0272436572265,,,1857.8347131451699,454.2852207893299,1857.8347131451699,454.2852207893299,914.5396848220296,392.0272436572265,1857.8347131451699,454.2852207893299,,,,,,,,,0.05,1e-05,1,product,1.0,,,,,,,,,,,,,,,,,,,,,,,,1.0,,,1,101770,54.867192399813426,0.13623051960927468,0.10498456299066915,0.11386839300394058,0.2819738864898682,0.07086780286133523,0.003583849162483212,0.052948400378227234,0.06627307310700417,0.06864470057189465,0.07103666290640831,0.07320062816143036,0.07514665126800538,0.07642862424254417,0.09960777312517166,200.6852840642113,20.97242600422352,100.78909301757812,198.16863250732422,227.68047637939455,356.6927795410156,512.4210540605169,-539021.0844488938,-125105.16770982134,1.9326275615692996,1.506068807000468,1.3498248621690798e-05,0.29900538819835076,0.7546702185999569,1.607691055857658,2.764065999079702,4.005317446432436,4.83640286893295,11.536659531319147,2.0726086452635992,9.7250345757479,-10.48641971434348,4.12405191140917,12.052738846639802,0.16779994104352952,0.3256558907340081,0.5984474796108873,0.9566375159673774,0.674344109265992,0.4015525203891127,0.04336248403262258,68628,40866,4413,4.675523825204594,0.06439324282109737,,1.8932999767496057,0.28534129056322266,0.0014919806042521448,,,,200.68527221679688,20.97242546081543,54.867192399813426,0.07086779922246933,1,update_snr,0.02,20,100,,,,2036.0,0.0,0.020005895647047262,0.0,0.38054313119869937,0.07430289191211245,0.15503151034977514,0.14086787658292893,0.3040612202369054,1526550,2036.0,30540,0.020005895647047262,12212400,610800,244320,366480,0.9499852608823819,0.7927443122232282,0.3612707887165671,,,1.5093926973017926,,178.73333333333332,206.85887835806216,1.0,765.0,random,,,,,,,,,,,,,,snr_histograms.csv,calibration_bins.csv,0.001,177.0845733642578,186.625244140625,212.21983337402344,238.4551574707031,-97.39445089517653,-2.444855762929146,8.830968173093842,13.690449401711657,21.241601519326498,581.8142674922943,586.7559750366211,622.5274801254272,1305.956572020054,1774.9408186594644,1481.054358223233,1484.6827895332444,1493.923270512062,2383.4548451618007,2620.9267704564677,1481.054358223233,1484.6827895332444,1493.923270512062,2383.4548451618007,2620.9267704564677,3.817530550946659,3.8314348056824254,4.825270643640162,0.0007279122329659702,0.995766712707749,0.9961265610640596,0.9975541193421887,0.9975714915215016,0.9975759648225195,581.8142674922943,586.7559750366211,622.5274801254272,1305.956572020054,1774.9408186594644,1481.054358223233,1484.6827895332444,1493.923270512062,2383.4548451618007,2620.9267704564677,product,0.9963625795751185,,2036.0,2036.0,2036.0,2036.0,2036.0,0.020005895647047262,0.020005895647047262,0.020005895647047262,0.020005895647047262,0.020005895647047262,0.31945130556342005,0.3198958037454789,0.3209073164489262,0.465245676473939,0.5035663366880927,0.015177857071859318,0.14216102823066107,0.14236268654449996,0.14298464423448196,0.17350584569432276,0.1780859905336296,0.008866443924243222,0.13264846388501572,0.13312902218441067,0.1341725256376609,0.15238372952071896,0.15357666418654825,0.03892270130809885,0.2717621689752463,0.27182897152787516,0.2730868283163816,0.34953917573125104,0.36543442232666484
bayesfl_observability_v1,vi_update_snr_prune098_keep002_seed42,183,vi,mnist,mlp,0,0,0.1,0.5,300,24,0.05,15,2500,2500,5,256,0.05,42,1,5,5,4.3680539429187775,2.1514727994799614,0.00786462053656578,2.2156392708420753,0,15,13,0.8805,0.45495438203811644,1061.7440543012474,0.8805,0.11950000000000005,0.45495438203811644,0.45495438203811644,0.18382272951602935,0.05370630115717649,0.22717932611703873,0.9342063119888305,0.1824223623752594,10000,0.8805,0.45495438203811644,0.45495438203811644,0.18382272951602935,0.05370630115717649,0.22717932611703873,0.9342063119888305,0.1824223623752594,0.8805,0.45495595211982726,0.45495595211982726,0.18382206106185914,0.053706596085429215,0.22704097628593445,0.9342066047668457,0.1824220972776413,0.001,5,0.1824220972776413,0.18242183411121368,2.6316642762203024e-07,0.18242183411121368,2.6316642762203024e-07,1.5085826856875428e-08,4.568758955385891e-08,0,,,,,,,,,,,,,,,,,,,,,,,,,,,,,4.162366468246654,0.4688833718413845,3.816912117192946,4.864347101876024,0.9970991199147176,861.8699758504827,315.0129599623394,,,1787.5195507950561,417.95535480155115,1787.5195507950561,417.95535480155115,861.8699758504827,315.0129599623394,1787.5195507950561,417.95535480155115,,,,,,,,,0.05,1e-05,1,product,1.0,,,,,,,,,,,,,,,,,,,,,,,,1.0,,,1,101770,55.033430844147354,0.136646072769598,0.10529901863577644,0.1140659712255001,0.2828975856304169,0.07093914164790467,0.0035842037816418704,0.05296264961361885,0.06633209213614463,0.06872516125440598,0.0711096003651619,0.07327843829989433,0.07523050308227539,0.07651294581592083,0.09960777312517166,200.2799419321737,20.925592919521154,100.78909301757812,197.7623062133789,227.27548828125,356.5008544921875,513.4508522010289,-538815.8950698904,-125002.57302030022,1.9365141636801788,1.5089488328771703,3.31180121399412e-05,0.30151772166331464,0.7552599299946868,1.608609002295044,2.768057749312406,4.0136934295758895,4.84427424428108,11.441421554564421,2.0968312532373856,9.709280649852355,-10.413743144098664,4.129009896512839,12.07088394954333,0.16662081163407683,0.325646064655596,0.5970718286331925,0.9562051685172448,0.674353935344404,0.40292817136680753,0.04379483148275523,68629,41006,4457,4.348663286085215,0.04750899225473404,,2.332214062501972,0.1404,0.0008,,,,200.27993774414062,20.92559242248535,55.033430844147354,0.07093913853168488,1,update_snr,0.02,20,100,,,,2036.0,0.0,0.020005895647047262,0.0,0.36774553261944126,0.06729178428684379,0.15301826474855645,0.14023228896901638,0.2980809054024322,1526550,2036.0,30540,0.020005895647047262,12212400,610800,244320,366480,0.9499852608823819,0.6818005120074682,0.35313930370959795,,,1.6147325365351508,,166.66666666666666,114.23581847311385,2.0,351.0,random,,,,,,,,,,,,,,snr_histograms.csv,calibration_bins.csv,0.001,176.6900405883789,186.2291145324707,211.72321701049805,238.09496612548824,-89.5987145176,-2.438071120513231,8.843502928304053,13.704574421337771,21.169599746043456,561.3543000459671,598.9542290306092,692.4747417449951,1321.0599564361573,1353.118606877327,1482.2284979272106,1485.9472083205603,1495.0173217593876,2381.3496086327323,2416.1527464821097,1482.2284979272106,1485.9472083205603,1495.0173217593876,2381.3496086327323,2416.1527464821097,3.8235186839316238,3.8347214824057176,4.828460914762901,0.0006676183619159226,0.9960880047945811,0.9961504034348205,0.9975678972294312,0.9975794895917555,0.9975903358084532,561.3543000459671,598.9542290306092,692.4747417449951,1321.0599564361573,1353.118606877327,1482.2284979272106,1485.9472083205603,1495.0173217593876,2381.3496086327323,2416.1527464821097,product,0.9968731494363281,,2036.0,2036.0,2036.0,2036.0,2036.0,0.020005895647047262,0.020005895647047262,0.020005895647047262,0.020005895647047262,0.020005895647047262,0.3196096594214028,0.3199657997939269,0.3203435494056736,0.4637525972922591,0.46447800742968764,0.014340067896002257,0.14224296011371187,0.1424982383642966,0.14308065580014542,0.17322399853430048,0.17521697238429532,0.0087180745121733,0.1328137980777874,0.13345667809373485,0.13418356263310627,0.15196671629023745,0.15497553910351988,0.03641773606163008,0.2714585187316524,0.27199547353645265,0.27246687481414156,0.3504303299573437,0.35122940357367405
bayesfl_observability_v1,vi_update_snr_prune098_keep002_seed42,184,vi,mnist,mlp,0,0,0.1,0.5,300,24,0.05,15,2123,2123,5,256,0.05,42,1,5,5,4.494714912027121,2.2416413724422455,0.010321103036403656,2.252267874777317,0,15,12,0.8729,0.48071126289367677,1491.856773826556,0.8729,0.1271,0.48071126289367677,0.48071126289367677,0.19494029998779297,0.06017993927448992,0.24551756680011752,0.9330799410820008,0.18321381822824478,10000,0.8729,0.48071126289367677,0.48071126289367677,0.19494029998779297,0.06017993927448992,0.24551756680011752,0.9330799410820008,0.18321381822824478,0.8728,0.48070988821983335,0.48070988821983335,0.19494238946437836,0.06027879043519495,0.23884325531812817,0.9330788048744202,0.18321684938669205,0.001,5,0.18321684938669205,0.18321658892631532,2.604603767386582e-07,0.18321658892631532,2.604603767386582e-07,1.4953993322563974e-08,4.459921031160122e-08,0,,,,,,,,,,,,,,,,,,,,,,,,,,,,,3.955283275915973,0.33490402141270703,3.812423823997858,4.825252254673066,0.9974086834934504,768.1802823117575,409.5985907207215,,,1604.0170707043421,305.8095468118294,1604.0170707043421,305.8095468118294,768.1802823117575,409.5985907207215,1604.0170707043421,305.8095468118294,,,,,,,,,0.05,1e-05,1,product,1.0,,,,,,,,,,,,,,,,,,,,,,,,1.0,,,1,101770,55.172569837446645,0.13700276583457066,0.10555068591588868,0.11427605524659157,0.283306622505188,0.07100660689563142,0.0035811087204609417,0.053136952221393585,0.06641425862908364,0.06879223138093948,0.07117952406406403,0.07334756664931774,0.07528262212872505,0.07657440826296806,0.09960777312517166,199.8934162095287,20.840076902572882,100.78909301757812,197.3739471435547,226.71348419189454,354.1658935546875,514.4231859854716,-538621.4275438807,-124905.3392572768,1.9397673303847305,1.5111117831723586,3.31180121399412e-05,0.30113028206174614,0.7589833042492894,1.6103659383009492,2.771549838433164,4.020141714199929,4.8488189412341915,11.441421554564421,2.111209516599895,9.708468691458947,-10.424911383738886,4.138491519728694,12.084827253114486,0.16654220300678,0.32492876093151224,0.5958730470669156,0.9560184730274147,0.6750712390684878,0.4041269529330844,0.04398152697258524,68702,41128,4476,3.99268641441787,0.0651155486702919,,1.6165321233254744,0.49317004239284035,0.0004710315591144607,,,,199.89340209960938,20.840076446533203,55.172569837446645,0.07100661098957062,1,update_snr,0.02,20,100,,,,2036.0,0.0,0.020005895647047262,0.0,0.3404684032392878,0.052635377110701514,0.14601818770643826,0.1350054651967655,0.28190445990179036,1526550,2036.0,30540,0.020005895647047262,12212400,610800,244320,366480,0.9499852608823819,0.6996643452698722,0.467110618230084,,,1.590510079534239,,141.53333333333333,257.2005356828705,1.0,1047.0,random,,,,,,,,,,,,,,snr_histograms.csv,calibration_bins.csv,0.001,176.44546508789062,185.87825393676758,211.31055068969727,237.67751007080076,-89.5987145176,-2.395355548015063,8.854453850972543,13.712719337869176,21.169599746043456,583.7659667491913,595.2997305107117,619.2106346130371,1049.4413866615294,2167.240005283356,1475.059021332083,1480.081643961954,1483.465047683935,2023.1569227919522,2395.4850579535228,1475.059021332083,1480.081643961954,1483.465047683935,2023.1569227919522,2395.4850579535228,3.818390645346316,3.82368840359006,4.4137298690530935,0.0004728443338720252,0.9961764367474393,0.99676525336547,0.997594384544402,0.9976018804600744,0.9976081369579778,583.7659667491913,595.2997305107117,619.2106346130371,1049.4413866615294,2167.240005283356,1475.059021332083,1480.081643961954,1483.465047683935,2023.1569227919522,2395.4850579535228,product,0.9973780592532631,,2036.0,2036.0,2036.0,2036.0,2036.0,0.020005895647047262,0.020005895647047262,0.020005895647047262,0.020005895647047262,0.020005895647047262,0.319214447485367,0.3194614407229947,0.31981111146559926,0.4063675312610662,0.4853215513047651,0.009470928314334453,0.14187128092977758,0.1420998306669534,0.14230518724856614,0.1574054275737656,0.1730621715454622,0.004994482427169867,0.1323696835094616,0.13287926897751376,0.13332977072620894,0.13826765362175336,0.1520867524277712,0.02558849379939836,0.27144664034892013,0.27150351855500093,0.2717793274600769,0.3159951122971902,0.3497794784503458
bayesfl_observability_v1,vi_update_snr_prune098_keep002_seed42,185,vi,mnist,mlp,0,0,0.1,0.5,300,24,0.05,15,1554,1554,5,256,0.05,42,1,5,5,4.393876995891333,1.9635751135647297,0.016930073499679565,2.429274268448353,0,15,11,0.8904,0.4263592409610748,1148.8245713348274,0.8904,0.10960000000000003,0.4263592409610748,0.4263592409610748,0.1708587502360344,0.04563854770660401,0.24494674801826477,0.9356858253479003,0.17875385720729828,10000,0.8904,0.4263592409610748,0.4263592409610748,0.1708587502360344,0.04563854770660401,0.24494674801826477,0.9356858253479003,0.17875385720729828,0.8905,0.42636122789382935,0.42636122789382935,0.17086115893125534,0.045539566786587195,0.24531780183315277,0.9356864978790284,0.17875433415174485,0.001,5,0.17875433415174485,0.17875408294200898,2.512097358742249e-07,0.17875408294200898,2.512097358742249e-07,1.4161495161246763e-08,4.3762581833362545e-08,12,0.9154015036367977,0.9257132132132132,0.10504343831240032,0.6666666666666666,0.7641891891891892,0.922972972972973,0.9666666666666667,1.0,1.0,1.0,0.41538057583880267,0.38796960447592926,0.620591542536153,5.722029527532868e-06,0.11496629814306894,2.271068255106608,,,0.38796960447592926,,,,,,,,,,3.9071898976581187,0.3056293808115027,3.808803506541351,5.049755288759971,0.9974870736195862,705.9777448794575,293.8534821798113,,,1557.3096309599387,281.3177228778314,1557.3096309599387,281.3177228778314,705.9777448794575,293.8534821798113,1557.3096309599387,281.3177228778314,,,,,,,,,0.05,1e-05,1,product,1.0,,,,,,,,,,,,,,,,,,,,,,,,1.0,,,1,101770,55.30368906999186,0.1373309654545448,0.10579814432110715,0.1146635003387928,0.28383536338806153,0.0710680377619392,0.0035697318063827744,0.052747439593076706,0.06649494543671608,0.0688638985157013,0.07124876976013184,0.07340195402503014,0.0753250353038311,0.0766088142991066,0.09960777312517166,199.53579801297252,20.723637156667337,100.78909301757812,196.99048614501953,226.16360778808595,359.4158630371094,515.3031315386002,-538443.3371881237,-124816.29407938119,1.9426496867405638,1.513139003492366,3.31180121399412e-05,0.3014863468543097,0.761808917026905,1.6139895110992182,2.771161070514994,4.029285236626285,4.855177068131928,11.528355713541167,2.127515359763114,9.69973387539364,-10.414647012527597,4.158014155472666,12.104560251231621,0.16570698634175102,0.3246929350496217,0.5949002653041171,0.9557040385182274,0.6753070649503783,0.4050997346958829,0.044295961481772624,68726,41227,4508,3.793432166494198,0.0603734590113163,,1.7415096193934227,0.4317889317889318,0.001287001287001287,,,,199.53579711914062,20.723636627197266,55.30368906999186,0.07106804102659225,1,update_snr,0.02,20,100,,,,2036.0,0.0,0.020005895647047262,0.0,0.33176555945083036,0.04546279120060393,0.14464769608295883,0.13448482624048186,0.27794282837225,1526550,2036.0,30540,0.020005895647047262,12212400,610800,244320,366480,0.9499852608823819,0.7478408385586899,0.35311519067204683,,,1.561003396988697,,103.6,159.8636085334412,2.0,671.0,random,,,,,,,,,,,,,,snr_histograms.csv,calibration_bins.csv,0.001,176.24683380126953,185.60290908813477,210.8709716796875,237.04814376831052,-89.5987145176,-2.363078964021423,8.853235379559573,13.72410146460296,21.23534736799431,571.320607805252,579.9735022521019,625.6886489868164,695.093946800232,1796.2286790211995,1469.265345904876,1471.7031383707315,1481.2070702878075,1502.9297358131794,2609.266830808516,1469.265345904876,1471.7031383707315,1481.2070702878075,1502.9297358131794,2609.266830808516,3.8116785064570387,3.824433026631898,3.852510660689614,0.000442021197460474,0.995834258224382,0.997571535082123,0.9976061957952245,0.9976221853904238,0.9976262919002502,571.320607805252,579.9735022521019,625.6886489868164,695.093946800232,1796.2286790211995,1469.265345904876,1471.7031383707315,1481.2070702878075,1502.9297358131794,2609.266830808516,product,0.9976447437704667,0.620591542536153,2036.0,2036.0,2036.0,2036.0,2036.0,0.020005895647047262,0.020005895647047262,0.020005895647047262,0.020005895647047262,0.020005895647047262,0.31903641873849264,0.31907713594116277,0.3196252806415639,0.3204672330670754,0.5018637443698843,0.008869551702352152,0.1414674844614814,0.14169826832409907,0.14230110790387002,0.14351147712022827,0.17776326178960491,0.004805421235582061,0.1317182193838489,0.13224554925008994,0.1333280779492051,0.13505699095963034,0.15212102923551354,0.023208154431568456,0.2705960477949758,0.27103470294485593,0.2715793843910496,0.27326075424659535,0.36473753012157617
bayesfl_observability_v1,vi_update_snr_prune098_keep002_seed42,186,vi,mnist,mlp,0,0,0.1,0.5,300,24,0.05,15,4373,4373,5,256,0.05,42,1,5,5,4.885627739131451,2.600008901208639,0.008517645299434662,2.2849956192076206,0,15,11,0.8778,0.46882625946998596,1723.922694676397,0.8778,0.12219999999999998,0.46882625946998596,0.46882625946998596,0.18993194167613983,0.0566879644542933,0.2414657026529312,0.9344879627227783,0.18027583981752396,10000,0.8778,0.46882625946998596,0.46882625946998596,0.18993194167613983,0.0566879644542933,0.2414657026529312,0.9344879627227783,0.18027583981752396,0.8778,0.4688380425453186,0.4688380425453186,0.18993594172000886,0.05668923438340425,0.24142511934041977,0.9344892482757569,0.18027470836639403,0.001,5,0.18027470836639403,0.18027445341348647,2.549529075634993e-07,0.18027445341348647,2.549529075634993e-07,1.4451289584371807e-08,4.3338652210264484e-08,0,,,,,,,,,,,,,,,,,,,,,,,,,,,,,4.190193192645464,0.5222711019242068,3.8060795293035525,5.080186407625833,0.9970989254167804,1008.596573212915,588.6325795254161,,,1815.9484712305316,481.77384503780553,1815.9484712305316,481.77384503780553,1008.596573212915,588.6325795254161,1815.9484712305316,481.77384503780553,,,,,,,,,0.05,1e-05,1,product,1.0,,,,,,,,,,,,,,,,,,,,,,,,1.0,,,1,101770,55.47318491471407,0.13776807334560273,0.10610134772686572,0.11514703184366226,0.28474811315536513,0.07116012506474677,0.0035874092484432167,0.05210382863879204,0.06656529828906059,0.06895369850099087,0.07132970169186592,0.07349161617457867,0.07544987052679063,0.07674895226955414,0.09960777312517166,199.03053249041645,20.741428398033456,100.78909301757812,196.5437240600586,225.68580169677736,368.35003662109375,516.6489306753145,-538181.6241219558,-124685.43754627311,1.9462634842679059,1.5152998800198823,3.31180121399412e-05,0.3016513643800012,0.762375783103229,1.6184149193195567,2.7790663766240713,4.041125577591388,4.856945238610436,12.042000652522292,2.139439810751317,9.716466007526293,-10.409894124947106,4.181797466271059,12.130046926234526,0.16562837771445416,0.3244767613245554,0.5938095706003734,0.9555664734204579,0.6755232386754446,0.40619042939962663,0.0444335265795421,68748,41338,4522,4.735504067746226,0.06762681156396866,,1.9144276197358694,0.2654927967070661,0.000914703864623828,,,,199.03053283691406,20.74142837524414,55.47318491471407,0.07116013020277023,1,update_snr,0.02,20,100,,,,2036.0,0.0,0.020005895647047262,0.0,0.3761296001991253,0.08120194285908577,0.15240145264566923,0.13814617516284547,0.2989812888444049,1526550,2036.0,30540,0.020005895647047262,12212400,610800,244320,366480,0.9499852608823819,0.6810786655718207,0.4268725441796976,,,1.606406154211786,,291.53333333333336,364.37194671867314,1.0,1161.0,random,,,,,,,,,,,,,,snr_histograms.csv,calibration_bins.csv,0.001,175.66410217285156,185.15029907226562,210.32208251953125,236.46181945800777,-89.5987145176,-2.3566181507408737,8.877978396040689,13.727264137615274,21.613972928087357,541.8404827594757,577.0629766774177,641.3730430603027,1956.7070304679871,2108.6938112831117,1464.9429095090572,1474.5314897489257,1482.8448483152345,2548.642356458068,2636.0625260600473,1464.9429095090572,1474.5314897489257,1482.8448483152345,2548.642356458068,2636.0625260600473,3.818560274243041,3.828979308745718,4.974085984094853,0.0007419200731865844,0.995806962211655,0.9959810282658356,0.9976101382209432,0.9976249175057448,0.9976418188790662,541.8404827594757,577.0629766774177,641.3730430603027,1956.7070304679871,2108.6938112831117,1464.9429095090572,1474.5314897489257,1482.8448483152345,2548.642356458068,2636.0625260600473,product,0.9963498686367073,,2036.0,2036.0,2036.0,2036.0,2036.0,0.020005895647047262,0.020005895647047262,0.020005895647047262,0.020005895647047262,0.020005895647047262,0.3178223332549868,0.31882603146582994,0.3192759032097139,0.5010624951798613,0.502919042160137,0.014704881102067555,0.1415276825130823,0.14187162496029293,0.14237658631655756,0.17370746893635655,0.17915565148688828,0.00741351030162576,0.13266201548326884,0.132727392566634,0.13345446716826212,0.1492887847690835,0.1540484186142937,0.03945230347326952,0.2701946273642631,0.27079326763623246,0.2715955556635236,0.357153725551963,0.36690001948569984
bayesfl_observability_v1,vi_update_snr_prune098_keep002_seed42,187,vi,mnist,mlp,0,0,0.1,0.5,300,24,0.05,15,1944,1944,5,256,0.05,42,1,5,5,4.184033315628767,1.9567377753555775,0.010778702795505524,2.2262733951210976,0,15,13,0.8743,0.48768277769088747,1173.0244363939873,0.8743,0.12570000000000003,0.48768277769088747,0.48768277769088747,0.19532070722579956,0.06117718713134525,0.2340855970978737,0.9354771900177002,0.17756554054021836,10000,0.8743,0.48768277769088747,0.48768277769088747,0.19532070722579956,0.06117718713134525,0.2340855970978737,0.9354771900177002,0.17756554054021836,0.8743,0.4876917929649353,0.4876917929649353,0.19532325797080993,0.06117754415422683,0.23394503444433212,0.935477548789978,0.17756609817743302,0.001,5,0.17756609817743302,0.17756583106517793,2.671122550923499e-07,0.17756583106517793,2.671122550923499e-07,1.5485312350449476e-08,4.791026713412214e-08,0,,,,,,,,,,,,,,,,,,,,,,,,,,,,,3.9066752829969276,0.2887036861756641,3.804771606723916,4.986093182821735,0.9975160840903882,719.589650990963,318.7976150557299,,,1550.7322416784032,268.1485652307611,1550.7322416784032,268.1485652307611,719.589650990963,318.7976150557299,1550.7322416784032,268.1485652307611,,,,,,,,,0.05,1e-05,1,product,1.0,,,,,,,,,,,,,,,,,,,,,,,,1.0,,,1,101770,55.60454347956035,0.1381182553142895,0.10632148414048721,0.11543238908052444,0.28566623330116275,0.07122613394227902,0.0035741191140572807,0.05198163166642189,0.06665194258093834,0.06902571581304073,0.07139782980084419,0.07354206033051014,0.07549337819218635,0.07678290940821171,0.09960777312517166,198.64798330970652,20.61362816763241,100.78909301757812,196.1688232421875,225.09942016601562,370.0838928222656,517.5957559568288,-537990.5334036787,-124589.89218711611,1.9492801239533875,1.516793962237348,3.31180121399412e-05,0.3029206350179697,0.7638206568766864,1.6214487165230687,2.7862286353835968,4.049907398630406,4.869463591667967,12.042000652522292,2.1660751385806036,9.683522964397467,-10.373422836883542,4.198064345613786,12.148901863189321,0.1650191608529036,0.3241525007369559,0.5927287019750418,0.9553896040090399,0.6758474992630441,0.40727129802495826,0.044610395990960006,68781,41448,4540,3.786475812409664,0.06318897008895874,,1.9600210722420868,0.40689300411522633,0.00205761316872428,,,,198.6479949951172,20.613628387451172,55.60454347956035,0.07122612744569778,1,update_snr,0.02,20,100,,,,2036.0,0.0,0.020005895647047262,0.0,0.33082906714015176,0.04482800906989516,0.14430511898097087,0.13426214134873093,0.27693171194904753,1526550,2036.0,30540,0.020005895647047262,12212400,610800,244320,366480,0.9499852608823819,0.599027614164358,0.4161679974420306,,,1.699663302382852,,129.6,188.89849125919454,4.0,791.0,random,,,,,,,,,,,,,,snr_histograms.csv,calibration_bins.csv,0.001,175.46168365478516,184.89638137817383,209.8834342956543,235.8683853149414,-89.5987145176,-2.3401720139912126,8.900335027158874,13.749622459387298,21.613972928087357,581.5679943084717,584.6607920360565,633.265123462677,729.1223492431641,1897.9891571879386,1460.2414449828789,1471.67966032665,1479.397651321566,1495.749093509356,2553.562449862284,1460.2414449828789,1471.67966032665,1479.397651321566,1495.749093509356,2553.562449862284,3.8197357536259275,3.8301515369028256,3.852012302608663,0.0004095120490329643,0.9959847053028889,0.9975967976200526,0.9976264770378119,0.9976368457164473,0.9976551393257683,581.5679943084717,584.6607920360565,633.265123462677,729.1223492431641,1897.9891571879386,1460.2414449828789,1471.67966032665,1479.397651321566,1495.749093509356,2553.562449862284,product,0.9976787388162339,,2036.0,2036.0,2036.0,2036.0,2036.0,0.020005895647047262,0.020005895647047262,0.020005895647047262,0.020005895647047262,0.020005895647047262,0.31767474329015283,0.3183822449720109,0.3189747649662293,0.31955818946227493,0.4985499072464899,0.007918145813581192,0.14097654526910458,0.14169812800745396,0.14224587064766622,0.14336516315956954,0.17385407454323393,0.003717117591371686,0.13191105036908418,0.1322945828264797,0.13333368265588944,0.13527046129770068,0.14773665235988825,0.02175497101475598,0.270201075825477,0.270468645532931,0.27131841980361476,0.27163967499599856,0.35831465784340044
bayesfl_observability_v1,vi_update_snr_prune098_keep002_seed42,188,vi,mnist,mlp,0,0,0.1,0.5,300,24,0.05,15,2515,2515,5,256,0.05,42,1,5,5,4.407443303614855,2.2776268534362316,0.010757260024547577,2.1290405988693237,0,15,11,0.8769,0.47078209714889524,1052.8401647260198,0.8769,0.12309999999999999,0.47078209714889524,0.47078209714889524,0.1902837255835533,0.057979888373613384,0.24939990043640137,0.9344262312889099,0.18143423755168914,10000,0.8769,0.47078209714889524,0.47078209714889524,0.1902837255835533,0.057979888373613384,0.24939990043640137,0.9344262312889099,0.18143423755168914,0.8769,0.4707812674999237,0.4707812674999237,0.19028844856023788,0.057981695859134236,0.24963220208883286,0.9344279311180115,0.18143225219249726,0.001,5,0.18143225219249726,0.1814319820165634,2.7017593384748295e-07,0.1814319820165634,2.7017593384748295e-07,1.526033137722038e-08,4.713448948660302e-08,0,,,,,,,,,,,,,,,,,,,,,,,,,,,,,4.093032371341703,0.4446265545894685,3.8099281804106493,4.841766317016288,0.9972710783547584,824.8443464028836,303.50195747278957,,,1709.0954480331009,392.13526341358175,1709.0954480331009,392.13526341358175,824.8443464028836,303.50195747278957,1709.0954480331009,392.13526341358175,,,,,,,,,0.05,1e-05,1,product,1.0,,,,,,,,,,,,,,,,,,,,,,,,1.0,,,1,101770,55.74469778023439,0.13846786011922724,0.10658756340184872,0.11587997898459435,0.28656992912292484,0.0712924931862007,0.0035719096078456534,0.051867853850126266,0.06671575531363487,0.06909938156604767,0.07146797701716423,0.07361019030213356,0.07555445060133935,0.0768353559076786,0.09960777312517166,198.27376732861373,20.54468159794176,100.78909301757812,195.78392028808594,224.66901092529298,371.7093200683594,518.5566315727328,-537800.2042465804,-124494.72760854907,1.9523270854684596,1.518886669956908,3.31180121399412e-05,0.3008340459141538,0.765435211353027,1.6231075604035883,2.7903496650894133,4.061302639093659,4.87859633700952,12.042000652522292,2.170457612794424,9.704021896774385,-10.433460327093085,4.206946013111239,12.17330706664886,0.16524516065638203,0.32291441485703054,0.5918934853100127,0.9549572565589073,0.6770855851429695,0.4081065146899872,0.04504274344109266,68907,41533,4584,4.241913967742483,0.04939781874418259,,1.9953663941520994,0.20675944333996024,0.0011928429423459245,,,,198.27377319335938,20.544681549072266,55.74469778023439,0.07129248976707458,1,update_snr,0.02,20,100,,,,2036.0,0.0,0.020005895647047262,0.0,0.3564555882342413,0.06317151547583834,0.15003273317148758,0.13792374822184875,0.2914277816858802,1526550,2036.0,30540,0.020005895647047262,12212400,610800,244320,366480,0.9499852608823819,0.7933107877054684,0.4855329390641694,,,1.5300993435014318,,167.66666666666666,141.07996156632436,1.0,396.0,random,,,,,,,,,,,,,,snr_histograms.csv,calibration_bins.csv,0.001,175.17813568115236,184.55427932739258,209.43617248535156,235.51276473999022,-89.5987145176,-2.3218312701822774,8.913172582288741,13.765897707351513,21.613972928087357,578.203478962183,580.9524039125442,670.4248071670532,1320.4825277423859,1358.0268935203553,1460.6846865795953,1464.6373712785953,1477.0995390633095,2360.6404434805036,2370.263156611025,1460.6846865795953,1464.6373712785953,1477.0995390633095,2360.6404434805036,2370.263156611025,3.8142259256355984,3.830461408421816,4.832079192403344,0.0006174327030085595,0.9962295743815899,0.9962446862098504,0.9976371550228367,0.997655731281096,0.9976612826490686,578.203478962183,580.9524039125442,670.4248071670532,1320.4825277423859,1358.0268935203553,1460.6846865795953,1464.6373712785953,1477.0995390633095,2360.6404434805036,2370.263156611025,product,0.9971006175281664,,2036.0,2036.0,2036.0,2036.0,2036.0,0.020005895647047262,0.020005895647047262,0.020005895647047262,0.020005895647047262,0.020005895647047262,0.31762935258546615,0.3177480343040178,0.318841400666983,0.4612401094818432,0.4621474715308766,0.013540304600878305,0.14118144391211512,0.14148588364633186,0.14207919460173174,0.1725653752434497,0.1731421569919535,0.008325828284595316,0.13206322687464717,0.13234856783923968,0.13330500126944178,0.15162085025984104,0.1530925181904514,0.03446526080696128,0.269815522990009,0.2701890304976948,0.27081887037024727,0.3486417322583369,0.34889399108993335
bayesfl_observability_v1,vi_update_snr_prune098_keep002_seed42,189,vi,mnist,mlp,0,0,0.1,0.5,300,24,0.05,15,1875,1875,5,256,0.05,42,1,5,5,4.62301804125309,2.3402057215571404,0.014619853347539902,2.2816041596233845,0,15,13,0.8697,0.5023668288707733,1042.171580620575,0.8697,0.13029999999999997,0.5023668288707733,0.5023668288707733,0.20067521477937697,0.062495777904987324,0.2614239454269409,0.9318398904800415,0.1898094621181488,10000,0.8697,0.5023668288707733,0.5023668288707733,0.20067521477937697,0.062495777904987324,0.2614239454269409,0.9318398904800415,0.1898094621181488,0.8697,0.5023704932689667,0.5023704932689667,0.20067552217245102,0.06249577556252475,0.2618172764778137,0.9318402433395385,0.18980943096876143,0.001,5,0.18980943096876143,0.18980915046930313,2.8049945829944356e-07,0.18980915046930313,2.8049945829944356e-07,1.559605304919387e-08,4.545091649523737e-08,0,,,,,,,,,,,,,,,,,,,,,,,,,,,,,4.023221467960663,0.3952096499380828,3.8185440533819848,4.825876961332715,0.9973813515145633,764.7274536275864,269.25422108025555,,,1644.2534458157775,347.74635909565376,1644.2534458157775,347.74635909565376,764.7274536275864,269.25422108025555,1644.2534458157775,347.74635909565376,,,,,,,,,0.05,1e-05,1,product,1.0,,,,,,,,,,,,,,,,,,,,,,,,1.0,,,1,101770,55.894871040785205,0.13887776026002993,0.10682678315797493,0.116189144551754,0.2871978729963303,0.07135685093080797,0.0035643975291848847,0.0519251674413681,0.0667811743915081,0.06916851550340652,0.07153436169028282,0.07367357797920704,0.07560543268918991,0.07689059376716613,0.09960777312517166,197.90700499482224,20.442157957446028,100.78909301757812,195.42070770263672,224.22906036376952,370.8891906738281,519.4854844857394,-537614.9913734845,-124402.12117198356,1.9563923046144562,1.5211033333344208,3.346031874244809e-05,0.30516569152241,0.7679473291898421,1.625741483690891,2.792668414355216,4.0647099295017695,4.892037072876174,11.766150399043061,2.2045536516864637,9.670549800285846,-10.309285879955247,4.221029753355877,12.180591168228391,0.1636336837967967,0.3227375454456127,0.5914807900167043,0.9543775179325931,0.6772624545543874,0.40851920998329566,0.0456224820674069,68925,41575,4643,4.060694722619687,0.04905924201011658,,2.0733768491976003,0.24426666666666666,0.0016,,,,197.9070281982422,20.44215965270996,55.894871040785205,0.07135685533285141,1,update_snr,0.02,20,100,,,,2036.0,0.0,0.020005895647047262,0.0,0.3465928171822911,0.0567035632317945,0.14775439420211275,0.13634813111815067,0.2859440449657119,1526550,2036.0,30540,0.020005895647047262,12212400,610800,244320,366480,0.9499852608823819,0.8230338753651996,0.41457210048571036,,,1.4844190887038171,,125.0,139.23026490913054,3.0,458.0,random,,,,,,,,,,,,,,snr_histograms.csv,calibration_bins.csv,0.001,174.9419708251953,184.23684310913086,209.01770782470703,234.93735427856444,-89.50939826584823,-2.2933713367747135,8.920387461792659,13.7897947904807,21.412687907813293,574.3639841556549,598.3226106452942,639.3937665939332,1275.913804578781,1346.7848024368286,1464.664133253289,1466.6397671502891,1470.9785961666757,2334.7179373364124,2351.9189106471813,1464.664133253289,1466.6397671502891,1470.9785961666757,2334.7179373364124,2351.9189106471813,3.8203030657778085,3.8261795976839927,4.80862398860025,0.0005441037153183378,0.9962743987468718,0.9963006602254553,0.9976527502664978,0.997659639016488,0.9976622650857071,574.3639841556549,598.3226106452942,639.3937665939332,1275.913804578781,1346.7848024368286,1464.664133253289,1466.6397671502891,1470.9785961666757,2334.7179373364124,2351.9189106471813,product,0.9973575864956569,,2036.0,2036.0,2036.0,2036.0,2036.0,0.020005895647047262,0.020005895647047262,0.020005895647047262,0.020005895647047262,0.020005895647047262,0.3172989487696678,0.3175505474756799,0.3184882814678811,0.4599576744460603,0.4601090295573561,0.0120197732986097,0.14147397823880703,0.1414974818677692,0.14175937011986958,0.17157307149865292,0.1723437412199471,0.007270976304958503,0.13222488597835277,0.132338341643488,0.13282876841502494,0.15059792707865713,0.1515578975410946,0.030432888621060073,0.2698490223158596,0.2703231095905937,0.2709503889293589,0.3464800120522063,0.3476322934858417
bayesfl_observability_v1,vi_update_snr_prune098_keep002_seed42,190,vi,mnist,mlp,0,0,0.1,0.5,300,24,0.05,15,1609,1609,5,256,0.05,42,1,5,5,4.283515248447657,1.9640320427715778,0.00974835455417633,2.3186509646475315,0,15,12,0.8687,0.5213289071559906,947.885255139503,0.8687,0.13129999999999997,0.5213289071559906,0.5213289071559906,0.20550403375625612,0.06325445855855942,0.18794535696506498,0.9315357820510864,0.19131893746852874,10000,0.8687,0.5213289071559906,0.5213289071559906,0.20550403375625612,0.06325445855855942,0.18794535696506498,0.9315357820510864,0.19131893746852874,0.8687,0.5213250290870667,0.5213250290870667,0.20550508249998092,0.06325302407145497,0.1879069983959198,0.9315345291137695,0.1913217148542404,0.001,5,0.1913217148542404,0.19132143125534057,2.8359889983620157e-07,0.19132143125534057,2.8359889983620157e-07,1.580223345634124e-08,4.655783046410251e-08,11,0.9571034241788959,0.9372895622895623,0.14021704517504677,0.5,0.9333333333333333,0.9569444444444445,1.0,1.0,1.0,1.0,0.16386731795642723,0.35927421945724486,0.984566790519926,8.344646857949556e-07,0.02808688967316239,3.464914321899414,,,0.35927421945724486,,,,,,,,,,3.959112902274486,0.3396003391535032,3.8116441518880486,4.830427305602417,0.9974826178929662,713.8929989580314,232.59752363507684,,,1585.3480274126748,299.01728002078295,1585.3480274126748,299.01728002078295,713.8929989580314,232.59752363507684,1585.3480274126748,299.01728002078295,,,,,,,,,0.05,1e-05,1,product,1.0,,,,,,,,,,,,,,,,,,,,,,,,1.0,,,1,101770,56.02814675049127,0.13923913627457687,0.10704218186466077,0.11660915985703468,0.28783104717731484,0.07142207848439461,0.0035564230067473067,0.05275259539484978,0.06684778928756714,0.06923750974237919,0.0716092437505722,0.07373796589672565,0.07565149068832398,0.07692207582294941,0.09960777312517166,197.5371292082022,20.354109808447284,100.78909301757812,195.01221466064453,223.7823928833008,359.3456115722656,520.4275017115465,-537427.4879571572,-124308.36946380217,1.9596683995402575,1.522781464655723,3.346031874244809e-05,0.30417416292894156,0.7701456599444382,1.628619610863263,2.7985674023229086,4.071430108202172,4.895583948544791,11.731489821724319,2.2147661850595073,9.680652101546334,-10.337553574464224,4.236393200025805,12.194939677701862,0.16359437948314828,0.32190232878058367,0.5900854868821853,0.9542104745995873,0.6780976712194163,0.4099145131178147,0.045789525400412694,69010,41717,4660,3.8941236399299477,0.04690980911254883,,1.9208432947840584,0.25668116842759475,0.0018645121193287756,,,,197.53713989257812,20.354110717773438,56.02814675049127,0.07142207026481628,1,update_snr,0.02,20,100,,,,2036.0,0.0,0.020005895647047262,0.0,0.3368919707441922,0.048871239994630396,0.14567483767107908,0.1350745216267783,0.2806374885442153,1526550,2036.0,30540,0.020005895647047262,12212400,610800,244320,366480,0.9499852608823819,0.6692018422151558,0.5334363134719274,,,1.6407908091299859,,107.26666666666667,123.06988078143065,3.0,413.0,random,,,,,,,,,,,,outputs/sparse_comm_mnist_noniid_unbalanced/vi_update_snr_prune098_keep002_seed42/posterior_snapshots/round_0190.pt,,snr_histograms.csv,calibration_bins.csv,0.001,174.7290054321289,183.91523361206055,208.6013526916504,234.28515319824214,-89.50939826584823,-2.2685425529673067,8.938715423332578,13.796090042798843,21.387063362973613,584.7756369948387,586.4373285794258,602.9692043304443,1040.1199953651426,1352.8115951538086,1456.8949720781063,1460.6800670257894,1467.0744464126371,2001.249768776283,2352.5752449864503,1456.8949720781063,1460.6800670257894,1467.0744464126371,2001.249768776283,2352.5752449864503,3.8157530327718665,3.8249566221357383,4.433270002480598,0.0004666235519543619,0.996285902666666,0.9968324452028601,0.9976681919362472,0.9976778163877458,0.997684281349122,584.7756369948387,586.4373285794258,602.9692043304443,1040.1199953651426,1352.8115951538086,1456.8949720781063,1460.6800670257894,1467.0744464126371,2001.249768776283,2352.5752449864503,product,0.9975817440943952,0.984566790519926,2036.0,2036.0,2036.0,2036.0,2036.0,0.020005895647047262,0.020005895647047262,0.020005895647047262,0.020005895647047262,0.020005895647047262,0.31693057320811263,0.3173672042021362,0.31775862738248256,0.403713915177601,0.46230145552169805,0.010308037789608225,0.14102070954704446,0.14118828615771054,0.14152151232300206,0.16023644272107845,0.17210449925898247,0.006205124224893787,0.13154936078336765,0.13189419178672032,0.13255216320960372,0.14416438735329654,0.15097179990209617,0.026223262890683986,0.26922723041634317,0.2698463854335487,0.2705118761460014,0.3170731106108077,0.3475438824082346
bayesfl_observability_v1,vi_update_snr_prune098_keep002_seed42,191,vi,mnist,mlp,0,0,0.1,0.5,300,24,0.05,15,2821,2821,5,256,0.05,42,1,5,5,4.55514869466424,2.426885385066271,0.01018022745847702,2.127655576914549,0,15,12,0.8794,0.4671461746692657,1560.857389585243,0.8794,0.12060000000000004,0.4671461746692657,0.4671461746692657,0.18744550399780274,0.053784559513628455,0.2523485794663429,0.9329303063392639,0.18686071957349779,10000,0.8794,0.4671461746692657,0.4671461746692657,0.18744550399780274,0.053784559513628455,0.2523485794663429,0.9329303063392639,0.18686071957349779,0.8794,0.4671405024528503,0.4671405024528503,0.18744457236528397,0.053784779566526414,0.2525731027126312,0.9329303919792176,0.18686009591817856,0.001,5,0.18686009591817856,0.18685982360839845,2.72309780113833e-07,0.18685982360839845,2.72309780113833e-07,1.5271968785945943e-08,4.507809231511892e-08,0,,,,,,,,,,,,,,,,,,,,,,,,,,,,,3.974203416954159,0.38357162213305446,3.8128949697229046,5.078516847402279,0.9974709914853133,792.3982117790116,454.37210551642244,,,1602.1735482983443,353.1079783714262,1602.1735482983443,353.1079783714262,792.3982117790116,454.37210551642244,1602.1735482983443,353.1079783714262,,,,,,,,,0.05,1e-05,1,product,1.0,,,,,,,,,,,,,,,,,,,,,,,,1.0,,,1,101770,56.184506901345856,0.13961785916316222,0.1073537306740214,0.11698544770479202,0.2883456557989121,0.07149209568625298,0.003556296862802879,0.05218253657221794,0.0669275812804699,0.06930985674262047,0.07167329266667366,0.07381418533623219,0.07571823671460151,0.07699293307960033,0.09960777312517166,197.14733382423043,20.29335481357286,100.78909301757812,194.6638412475586,223.24912261962893,367.2397155761719,521.4457668764635,-537227.5304870494,-124208.39072872966,1.9631253718626518,1.5258089739825305,3.346031874244809e-05,0.3044915312057847,0.7723254869150089,1.6339097967660416,2.803084339984058,4.0806840290707935,4.910124245898554,11.36070820417617,2.2252761694724965,9.695475137455942,-10.328495637880142,4.264561535005033,12.214659365444218,0.1632701188955488,0.3218138940748747,0.5896629655104648,0.9534243883266188,0.6781861059251253,0.41033703448953524,0.04657561167338115,69019,41760,4740,4.0827269794761625,0.06743443291634321,,1.4933232148244866,0.5054945054945055,0.0003544842254519674,,,,197.1473388671875,20.293354034423828,56.184506901345856,0.07149209827184677,1,update_snr,0.02,20,100,,,,2036.0,0.0,0.020005895647047262,0.0,0.3410059863977068,0.05957322595883185,0.1454991047569716,0.13424538424149846,0.2813487904466459,1526550,2036.0,30540,0.020005895647047262,12212400,610800,244320,366480,0.9499852608823819,0.7600424095840645,0.43474951317519045,,,1.533179070786821,,188.06666666666666,326.7505606558141,1.0,1260.0,random,,,,,,,,,,,,,,snr_histograms.csv,calibration_bins.csv,0.001,174.42110290527344,183.53561401367188,208.16608810424805,233.90907211303698,-89.50939826584823,-2.2439926646498973,8.95272330216975,13.82184963247967,21.10810810563271,546.9226417541504,565.8556681919098,627.515482711792,1320.949647121429,2126.966992969513,1455.055445404929,1458.2131020005597,1465.5833508352691,2020.4511829462494,2610.1083984562324,1455.055445404929,1458.2131020005597,1465.5833508352691,2020.4511829462494,2610.1083984562324,3.8165316622402914,3.8267037851587196,4.422714372362608,0.0005335488586890986,0.9959155407335085,0.9968637224466487,0.9976752887371851,0.9976886999848508,0.9976921116017874,546.9226417541504,565.8556681919098,627.515482711792,1320.949647121429,2126.966992969513,1455.055445404929,1458.2131020005597,1465.5833508352691,2020.4511829462494,2610.1083984562324,product,0.997356310851976,,2036.0,2036.0,2036.0,2036.0,2036.0,0.020005895647047262,0.020005895647047262,0.020005895647047262,0.020005895647047262,0.020005895647047262,0.3169287149892414,0.31706173874727783,0.3178277284661963,0.4177606716531218,0.5013813961847,0.010687848514874278,0.1406725237261964,0.14097757470089065,0.1415142548133506,0.15674898516670271,0.177924996865982,0.005452968102241936,0.13110291234540222,0.13182346948617285,0.1324166233258534,0.13802880910296272,0.15275615402468085,0.028706910924110013,0.2695453227969404,0.26968917847529794,0.27032101655820645,0.31390341285312445,0.36512194632003525
bayesfl_observability_v1,vi_update_snr_prune098_keep002_seed42,192,vi,mnist,mlp,0,0,0.1,0.5,300,24,0.05,15,3578,3578,5,256,0.05,42,1,5,5,5.016955189406872,2.8587843887507915,0.010801028460264206,2.157634489238262,0,15,12,0.8514,0.5625819541454316,1672.5970434700614,0.8514,0.14859999999999995,0.5625819541454316,0.5625819541454316,0.23000531315803527,0.07737370782643554,0.23551892775755662,0.928773705482483,0.19364752287864684,10000,0.8514,0.5625819541454316,0.5625819541454316,0.23000531315803527,0.07737370782643554,0.23551892775755662,0.928773705482483,0.19364752287864684,0.8514,0.562573563337326,0.562573563337326,0.2300029476761818,0.07737194123715158,0.23554104795822728,0.9287719462394715,0.19365033725500108,0.001,5,0.19365033725500108,0.19365005856752396,2.786874771232295e-07,0.19365005856752396,2.786874771232295e-07,1.6217751440450456e-08,4.791539847945854e-08,0,,,,,,,,,,,,,,,,,,,,,,,,,,,,,3.944661893680059,0.3071405427367377,3.813689549227594,4.823853955839112,0.9975302641462218,816.9545584663815,509.1626584470133,,,1573.8003419908164,287.42370358021793,1573.8003419908164,287.42370358021793,816.9545584663815,509.1626584470133,1573.8003419908164,287.42370358021793,,,,,,,,,0.05,1e-05,1,product,1.0,,,,,,,,,,,,,,,,,,,,,,,,1.0,,,1,101770,56.33324184767365,0.13994304743113473,0.10769566445393751,0.1170894093811512,0.28939779400825505,0.07157143018122147,0.003566973602551112,0.05181634798645973,0.06698646247386933,0.06936350092291832,0.07174021005630493,0.07389920391142368,0.07582219317555428,0.07710041031241416,0.09960777312517166,196.71454521584772,20.26275773074677,100.78909301757812,194.30086517333984,222.85681915283206,372.44866943359375,522.6085833530699,-537002.6117188567,-124095.93134461253,1.9654344133085921,1.5287929673063085,3.346031874244809e-05,0.3028821107482341,0.7716405407844045,1.6354977559428179,2.8070233614602462,4.087031247837424,4.917411297555638,11.430055557375793,2.2272915472554145,9.70270938286109,-10.374527550419891,4.272999045458416,12.22815916299747,0.1641741181094625,0.3214601552520389,0.5890439225705021,0.9534047361697946,0.6785398447479611,0.4109560774294979,0.04659526383020537,69055,41823,4742,4.0478768377697625,0.06595353689044714,,1.7173314098410841,0.39351593068753493,0.002794857462269424,,,,196.7145538330078,20.262758255004883,56.33324184767365,0.07157143950462341,1,update_snr,0.02,20,100,,,,2036.0,0.0,0.020005895647047262,0.0,0.33876591231639724,0.05461748880333055,0.14416904984600787,0.1329906670299456,0.2786461243791593,1526550,2036.0,30540,0.020005895647047262,12212400,610800,244320,366480,0.9499852608823819,0.7032675484726305,0.34222491065392663,,,1.5724839481986088,,238.53333333333333,405.8901110180221,3.0,1408.0,random,,,,,,,,,,,,,,snr_histograms.csv,calibration_bins.csv,0.001,173.9431411743164,183.11355590820312,207.84424209594727,233.25738983154295,-89.50939826584823,-2.2516992657163044,8.964920540766453,13.834730690532908,21.160966826984428,564.7442719459534,579.05585064888,618.4929109573364,1509.789964643478,2163.841779152552,1453.2915002653876,1454.0749916604896,1462.3670856504232,1918.6463868175458,2389.949499542803,1453.2915002653876,1454.0749916604896,1462.3670856504232,1918.6463868175458,2389.949499542803,3.815147592128627,3.8261094714767463,4.309755031263166,0.00041302724030933797,0.9963371918050703,0.9970481205568319,0.9976902602688268,0.9977022092876658,0.9977054175048468,564.7442719459534,579.05585064888,618.4929109573364,1509.789964643478,2163.841779152552,1453.2915002653876,1454.0749916604896,1462.3670856504232,1918.6463868175458,2389.949499542803,product,0.9974150239629198,,2036.0,2036.0,2036.0,2036.0,2036.0,0.020005895647047262,0.020005895647047262,0.020005895647047262,0.020005895647047262,0.020005895647047262,0.3170993036819266,0.3171604827348773,0.3174126141051919,0.40696916969190855,0.4888065790611447,0.007480284974967502,0.14075249881884497,0.14087814179549613,0.1413316898852723,0.152459304938966,0.16652875705714887,0.0023114837269425192,0.13135950942204186,0.13172450416938267,0.1321972805107237,0.13463780685540566,0.14086343756839964,0.022445832931558777,0.26897522757187603,0.26923652865879505,0.27000691009904537,0.3047978702705479,0.34331407775632944
bayesfl_observability_v1,vi_update_snr_prune098_keep002_seed42,193,vi,mnist,mlp,0,0,0.1,0.5,300,24,0.05,15,1627,1627,5,256,0.05,42,1,5,5,4.181326095014811,2.028477419167757,0.008124317973852158,2.1520675644278526,0,15,11,0.8615,0.5070553227901459,924.350518327816,0.8615,0.13849999999999996,0.5070553227901459,0.5070553227901459,0.21179385591745375,0.0667441510200501,0.199426945338967,0.9276291419029236,0.19633841725587844,10000,0.8615,0.5070553227901459,0.5070553227901459,0.21179385591745375,0.0667441510200501,0.199426945338967,0.9276291419029236,0.19633841725587844,0.8616,0.5070489164829254,0.5070489164829254,0.21179041019678116,0.06664302385151387,0.19851627059021204,0.927628610420227,0.196338887155056,0.001,5,0.196338887155056,0.19633861119747162,2.7595758439469265e-07,0.19633861119747162,2.7595758439469265e-07,1.574059069469058e-08,4.5218553261538094e-08,0,,,,,,,,,,,,,,,,,,,,,,,,,,,,,3.961188532929929,0.3397517838749344,3.816313589726458,4.828588385208658,0.9975199445107733,710.4532796804111,238.03662998214506,,,1577.2040708361585,296.862021909957,1577.2040708361585,296.862021909957,710.4532796804111,238.03662998214506,1577.2040708361585,296.862021909957,,,,,,,,,0.05,1e-05,1,product,1.0,,,,,,,,,,,,,,,,,,,,,,,,1.0,,,1,101770,56.46218350846592,0.14027288144642422,0.10792980205326312,0.11719073355197906,0.28987442255020146,0.07163312342846992,0.0035601839480839587,0.052366405725479126,0.06706097424030304,0.06944242492318153,0.07180547714233398,0.07395992428064346,0.07587677091360093,0.07714382372796535,0.09960777312517166,196.36817429609917,20.179521686892276,100.78909301757812,193.94780731201172,222.36185302734376,364.6653137207031,523.5027715151568,-536825.8815172791,-124007.5662438072,1.968358912796638,1.5307756436523565,3.346031874244809e-05,0.3045311948209665,0.7736244263079324,1.6352050501886057,2.813319845014619,4.0882482836575225,4.927532849357717,11.268951794416477,2.2391798268379963,9.70678893821327,-10.327364271508698,4.271444394575318,12.230745261038662,0.1638203792866267,0.32017293898005306,0.588749140218139,0.953159084209492,0.6798270610199469,0.41125085978186104,0.04684091579050801,69186,41853,4767,3.9012278542232375,0.04807879962027073,,1.857703032454075,0.27289489858635524,0.0006146281499692685,,,,196.3681640625,20.179521560668945,56.46218350846592,0.07163313031196594,1,update_snr,0.02,20,100,,,,2036.0,0.0,0.020005895647047262,0.0,0.3359824903630753,0.04863894893316743,0.14529320874922869,0.13463953340357415,0.27998089192594094,1526550,2036.0,30540,0.020005895647047262,12212400,610800,244320,366480,0.9499852608823819,0.7760543868979204,0.5293935894826702,,,1.5329686711079515,,108.46666666666667,116.25424245544284,1.0,396.0,random,,,,,,,,,,,,,,snr_histograms.csv,calibration_bins.csv,0.001,173.69300079345703,182.81300735473633,207.37205123901367,232.7387863159179,-89.50939826584823,-2.2293965283100188,8.984382194112817,13.852590563157353,21.037670421948178,568.9795193195343,573.0756349682808,618.7973197937011,1047.5480774283405,1340.0443365097046,1451.714592830805,1452.7193201709754,1459.5364501987822,1995.1830073915023,2334.6435251161233,1451.714592830805,1452.7193201709754,1459.5364501987822,1995.1830073915023,2334.6435251161233,3.816951456328532,3.8264999659316414,4.441182786443901,0.00045867502910073053,0.9963487593882973,0.9968735691000872,0.9977009313270041,0.9977134198729855,0.9977150763444544,568.9795193195343,573.0756349682808,618.7973197937011,1047.5480774283405,1340.0443365097046,1451.714592830805,1452.7193201709754,1459.5364501987822,1995.1830073915023,2334.6435251161233,product,0.997610123062762,,2036.0,2036.0,2036.0,2036.0,2036.0,0.020005895647047262,0.020005895647047262,0.020005895647047262,0.020005895647047262,0.020005895647047262,0.3158720289305441,0.31636403806738495,0.3170949382784321,0.40293118206593087,0.4604808543274551,0.01028141562536718,0.14062206609212297,0.14082675370912184,0.14118634352779214,0.16005555273875335,0.1715509671899758,0.006298733024913921,0.13122405890507974,0.13148696779348398,0.131943543658055,0.1441587795211716,0.1508322174455421,0.026191056844119525,0.26888725435072036,0.2691588316677263,0.269690270102931,0.3162357019060578,0.34703282478423425
bayesfl_observability_v1,vi_update_snr_prune098_keep002_seed42,194,vi,mnist,mlp,0,0,0.1,0.5,300,24,0.05,15,1823,1823,5,256,0.05,42,1,5,5,4.456059414893389,2.33448963239789,0.012952160090208054,2.120972901582718,0,15,12,0.8636,0.5125543670177459,1011.1867575227113,0.8636,0.13639999999999997,0.5125543670177459,0.5125543670177459,0.21233682305812834,0.06457158661484719,0.8232842087745667,0.9264735210418701,0.1996443213224411,10000,0.8636,0.5125543670177459,0.5125543670177459,0.21233682305812834,0.06457158661484719,0.8232842087745667,0.9264735210418701,0.1996443213224411,0.8636,0.5125594754695892,0.5125594754695892,0.2123392241716385,0.06457043354660275,0.8233349770307541,0.9264732853889466,0.1996463045358658,0.001,5,0.1996463045358658,0.19964600667953492,2.9785633087753283e-07,0.19964600667953492,2.9785633087753283e-07,1.7425437625462336e-08,5.037681403904217e-08,0,,,,,,,,,,,,,,,,,,,,,,,,,,,,,3.909238965079908,0.3103191168627127,3.8109656986863083,5.070067876934545,0.9975964689309753,689.9584244367811,274.68446864919184,,,1532.678980535592,282.08820477119906,1532.678980535592,282.08820477119906,689.9584244367811,274.68446864919184,1532.678980535592,282.08820477119906,,,,,,,,,0.05,1e-05,1,product,1.0,,,,,,,,,,,,,,,,,,,,,,,,1.0,,,1,101770,56.582009345335074,0.14053808102508927,0.10820106976167915,0.11772520840167999,0.29084151685237886,0.07169776227018818,0.003547899485502314,0.052030764520168304,0.06714624539017677,0.06951731257140636,0.07187339290976524,0.07401863671839237,0.07591496706008911,0.07717904597520828,0.09960777312517166,196.00166369499362,20.05839069261559,100.78909301757812,193.58142852783203,221.79744873046874,369.3852844238281,524.4367578995663,-536640.121092163,-123914.68603123157,1.9701467360037461,1.5331248246192852,3.346031874244809e-05,0.30223027331597835,0.7737825067615437,1.6385902175541265,2.8192393876901916,4.088190100484964,4.9300841973609995,11.471914267903399,2.22469313626034,9.764219594808702,-10.393240726848335,4.28940715109341,12.230621643318862,0.16362385771838459,0.31980937407880516,0.5876879237496315,0.9529232583276015,0.6801906259211948,0.4123120762503685,0.047076741672398545,69223,41961,4791,3.784111609755756,0.06081154942512512,,1.9560629257050675,0.34284147010422383,0.0038398244651673065,,,,196.0016632080078,20.058391571044922,56.582009345335074,0.07169776409864426,1,update_snr,0.02,20,100,,,,2036.0,0.0,0.020005895647047262,0.0,0.3287163444526077,0.045220622654645166,0.1435036385317683,0.13349511303194425,0.275494061277708,1526550,2036.0,30540,0.020005895647047262,12212400,610800,244320,366480,0.9499852608823819,0.5291908830351907,0.4186300481876487,,,1.771653779938196,,121.53333333333333,154.7336923735602,2.0,625.0,random,,,,,,,,,,,,,,snr_histograms.csv,calibration_bins.csv,0.001,173.5182632446289,182.52310180664062,206.9255256652832,232.24253463745114,-89.50939826584823,-2.2276218559022083,9.002639086346681,13.857086711114832,21.192717855185855,569.8854174613953,578.6865802764893,618.521261024475,679.6671157073974,1709.5651754697165,1445.8362310119844,1449.2482769675205,1458.7487972892402,1463.4635173752665,2587.979477178127,1445.8362310119844,1449.2482769675205,1458.7487972892402,1463.4635173752665,2587.979477178127,3.8160242347055653,3.8281428050536634,3.8342673257205733,0.00042958503569697675,0.9959894283893387,0.9977011378291637,0.9977092599472628,0.9977233349565866,0.9977317880693848,569.8854174613953,578.6865802764893,618.521261024475,679.6671157073974,1709.5651754697165,1445.8362310119844,1449.2482769675205,1458.7487972892402,1463.4635173752665,2587.979477178127,product,0.997761144028733,,2036.0,2036.0,2036.0,2036.0,2036.0,0.020005895647047262,0.020005895647047262,0.020005895647047262,0.020005895647047262,0.020005895647047262,0.316104150595065,0.3161897324239085,0.31657496071580576,0.3173646100795364,0.4979100436198038,0.009065578008876305,0.1403647604079115,0.14062861196619367,0.14114504682677625,0.14143105694328698,0.1774029879455308,0.005099086753435476,0.13121346758344415,0.13156165117071167,0.1323324588615718,0.13265067238716155,0.1525060755202562,0.023216176983658077,0.26852697442016454,0.2687770845915203,0.26945880305608194,0.2698223399352087,0.36234927690486546
bayesfl_observability_v1,vi_update_snr_prune098_keep002_seed42,195,vi,mnist,mlp,0,0,0.1,0.5,300,24,0.05,15,3144,3144,5,256,0.05,42,1,5,5,4.85173400118947,2.6857715137302876,0.009853895753622055,2.1653338372707367,0,15,10,0.8611,0.5234107030391693,1512.470608034371,0.8611,0.13890000000000002,0.5234107030391693,0.5234107030391693,0.21293194398880005,0.06287283130884176,0.2467080056667328,0.9239728174209595,0.2087796662569046,10000,0.8611,0.5234107030391693,0.5234107030391693,0.21293194398880005,0.06287283130884176,0.2467080056667328,0.9239728174209595,0.2087796662569046,0.8611,0.5234303535938263,0.5234303535938263,0.21293721566200258,0.06287231663614518,0.2468632012605667,0.9239723239898682,0.20878100459575652,0.001,5,0.20878100459575652,0.20878071055412292,2.940416335972529e-07,0.20878071055412292,2.940416335972529e-07,1.6719011733812296e-08,4.72954921922425e-08,13,0.9558894152223406,0.9322067467416304,0.09389281303651294,0.6666666666666666,0.8416666666666667,0.9,0.9651162790697675,1.0,1.0,1.0,0.19521406277508285,0.2259030123057195,0.27393495972381626,7.510157047363464e-06,0.1423749356042771,1.0452291700575087,,,0.2259030123057195,,,,,,,,,,4.142859725039319,0.5260214474342245,3.815703906900389,5.089374984733113,0.9972870624968325,903.4702777894339,477.54939126612913,,,1740.1534812105795,476.20247643903747,1740.1534812105795,476.20247643903747,903.4702777894339,477.54939126612913,1740.1534812105795,476.20247643903747,,,,,,,,,0.05,1e-05,1,product,1.0,,,,,,,,,,,,,,,,,,,,,,,,1.0,,,1,101770,56.73066246049051,0.1409518010671277,0.10842751829684562,0.11808494850993156,0.2915629774332047,0.07177672853205239,0.0035538809469032673,0.05154457688331604,0.06722214668989182,0.06958621740341187,0.07195091247558594,0.07410508394241333,0.076006019115448,0.07726866379380225,0.09960777312517166,195.57222873642388,20.024708012942284,100.78909301757812,193.16453552246094,221.29686126708987,376.386474609375,525.5940988814018,-536416.3529505691,-123802.8019604141,1.9736974679103092,1.5342225884477307,3.346031874244809e-05,0.305598165034053,0.7740196327434731,1.6435196251567539,2.8220909007646418,4.0948564063365325,4.941819332109939,11.270738816507727,2.261755475971724,9.71938463362569,-10.296985156220092,4.315497885946129,12.244773540530094,0.16270020634764665,0.31893485310012776,0.5869214896334872,0.9525596934263535,0.6810651468998723,0.4130785103665127,0.04744030657364646,69312,42039,4828,4.51062582132333,0.07065485045313835,,1.716876799231985,0.29993638676844786,0.0006361323155216285,,,,195.57223510742188,20.024707794189453,56.73066246049051,0.07177673280239105,1,update_snr,0.02,20,100,,,,2036.0,0.0,0.020005895647047262,0.0,0.3626757358636036,0.07748974760154675,0.15014902573436262,0.13706127340356236,0.2928635316417829,1526550,2036.0,30540,0.020005895647047262,12212400,610800,244320,366480,0.9499852608823819,0.7452482431093119,0.4524296569740643,,,1.5579134356079782,,209.6,269.9352514956133,2.0,780.0,random,,,,,,,,,,,,,,snr_histograms.csv,calibration_bins.csv,0.001,173.1027786254883,182.09750366210938,206.51591873168945,231.74124832153313,-89.50939826584823,-2.2249604690396168,9.011419969014709,13.87773727960176,21.039047714739443,564.7838397979737,590.1043353462219,637.3955669403076,1747.583717505137,1920.7125180482865,1446.5466410676506,1448.3267754265337,1456.300343107563,2583.8486578080947,2600.956354589513,1446.5466410676506,1448.3267754265337,1456.300343107563,2583.8486578080947,2600.956354589513,3.8178974373714234,3.8292069118464656,5.063961084298089,0.0007227111898471311,0.9959758240993447,0.9960141023559249,0.9977167042983437,0.9977312760840439,0.9977335056249474,564.7838397979737,590.1043353462219,637.3955669403076,1747.583717505137,1920.7125180482865,1446.5466410676506,1448.3267754265337,1456.300343107563,2583.8486578080947,2600.956354589513,product,0.9968342585827689,0.27393495972381626,2036.0,2036.0,2036.0,2036.0,2036.0,0.020005895647047262,0.020005895647047262,0.020005895647047262,0.020005895647047262,0.020005895647047262,0.3157461418944841,0.3159561603551893,0.31656787178378226,0.4996947821349882,0.504547114835834,0.01523169935276734,0.14052795258549494,0.14066526945505878,0.14112908871705765,0.17629705998966097,0.1776910066807315,0.00839427692487639,0.13139237187508432,0.1314656196691752,0.13218888358675082,0.15159407160851213,0.15266031305816022,0.039400579306192784,0.2686788524236713,0.26884295760269994,0.2692428501032437,0.36145515960580804,0.3636603305810985
bayesfl_observability_v1,vi_update_snr_prune098_keep002_seed42,196,vi,mnist,mlp,0,0,0.1,0.5,300,24,0.05,15,2600,2600,5,256,0.05,42,1,5,5,4.558973453938961,2.5440383069217205,0.009917285293340683,2.0142111591994762,0,15,12,0.8712,0.47983254539966586,1266.0203730994006,0.8712,0.12880000000000003,0.47983254539966586,0.47983254539966586,0.19918619124889375,0.05678909865170717,0.2634844556450844,0.9260678127288818,0.2020928296327591,10000,0.8712,0.47983254539966586,0.47983254539966586,0.19918619124889375,0.05678909865170717,0.2634844556450844,0.9260678127288818,0.2020928296327591,0.8712,0.47983343448638915,0.47983343448638915,0.1991899192094803,0.05669669631868596,0.2634061202406883,0.9260672821044922,0.20209159233570098,0.001,5,0.20209159233570098,0.20209130806922912,2.8426647186163834e-07,0.20209130806922912,2.8426647186163834e-07,1.5841388021442527e-08,4.608601545881536e-08,0,,,,,,,,,,,,,,,,,,,,,,,,,,,,,4.044088261662732,0.43591370422017445,3.8145239262373454,5.048940499554033,0.9974403065349767,805.3366915591558,380.5646400086431,,,1644.8511375724308,388.80101555461147,1644.8511375724308,388.80101555461147,805.3366915591558,380.5646400086431,1644.8511375724308,388.80101555461147,,,,,,,,,0.05,1e-05,1,product,1.0,,,,,,,,,,,,,,,,,,,,,,,,1.0,,,1,101770,56.901602857642565,0.14139099195333463,0.10873541040208348,0.11831529811024666,0.2928041875362397,0.07184967258332889,0.003553682934498164,0.05228119716048241,0.06728938445448876,0.06966611929237843,0.07202901318669319,0.07418374717235565,0.07607604265213012,0.07733694948256016,0.09960777312517166,195.172285529196,19.9635531302639,100.78909301757812,192.74586486816406,220.85481872558594,365.85498046875,526.6601685525836,-536209.0782515933,-123699.16461090696,1.9777734737524377,1.5367599139550971,3.346031874244809e-05,0.3087536602756204,0.7758126147341443,1.645865005569815,2.823334103198595,4.1027879999218335,4.9515856524754325,11.660397545117613,2.2942798166135234,9.68586602495282,-10.207757703602068,4.327884226169006,12.261581531860546,0.16260194556352559,0.3178539844747961,0.5858799253218041,0.9519799548000393,0.6821460155252039,0.41412007467819595,0.0480200451999607,69422,42145,4887,4.165502734010302,0.06456945091485977,,1.9891587992086432,0.3515384615384615,0.0015384615384615385,,,,195.1722869873047,19.963552474975586,56.901602857642565,0.07184966653585434,1,update_snr,0.02,20,100,,,,2036.0,0.0,0.020005895647047262,0.0,0.34747922290513533,0.06354769165377062,0.14722450774792017,0.13562804750861623,0.2852190989029274,1526550,2036.0,30540,0.020005895647047262,12212400,610800,244320,366480,0.9499852608823819,0.7995248681536783,0.45575772191787095,,,1.514634936464962,,173.33333333333334,217.3846565167121,4.0,855.0,random,,,,,,,,,,,,,,snr_histograms.csv,calibration_bins.csv,0.001,172.78426513671874,181.7115249633789,206.04247665405273,231.38165740966798,-89.50939826584823,-2.2048632615336183,9.015245480227442,13.894885917415408,21.334267146895805,588.6028923034668,595.2212523603439,619.1784034729004,1323.9957856559752,1925.9065816879272,1441.7150320711517,1445.4453423157192,1454.0445128802035,2335.682924440718,2575.9414832603366,1441.7150320711517,1445.4453423157192,1454.0445128802035,2335.682924440718,2575.9414832603366,3.8185923171352463,3.829054841678676,4.842809304672585,0.0005873415278230201,0.99606529691355,0.9963769350774849,0.9977291421877662,0.9977429675032907,0.9977480930831902,588.6028923034668,595.2212523603439,619.1784034729004,1323.9957856559752,1925.9065816879272,1441.7150320711517,1445.4453423157192,1454.0445128802035,2335.682924440718,2575.9414832603366,product,0.9973169392417911,,2036.0,2036.0,2036.0,2036.0,2036.0,0.020005895647047262,0.020005895647047262,0.020005895647047262,0.020005895647047262,0.020005895647047262,0.3153552720218038,0.31574561013045077,0.31611597142088305,0.45855201168197507,0.5028222001624064,0.012783013860974161,0.14019727771338933,0.14048211236941724,0.14075307492668843,0.17170111325488627,0.17486212999118264,0.007346230105501175,0.13138917881069154,0.13150140236789123,0.13193440197170458,0.14998217513388198,0.15116643951811826,0.03282447230509213,0.26802171976119227,0.2681560964724604,0.2690762777200775,0.34678884064067206,0.3586092190339178
bayesfl_observability_v1,vi_update_snr_prune098_keep002_seed42,197,vi,mnist,mlp,0,0,0.1,0.5,300,24,0.05,15,4324,4324,5,256,0.05,42,1,5,5,5.020906180143356,2.852413170039654,0.007471870630979538,2.1680490225553513,0,15,12,0.8767,0.4685686679840088,1497.1010828316696,0.8767,0.12329999999999997,0.4685686679840088,0.4685686679840088,0.1904662758708,0.054661133015155766,0.254454106092453,0.9313611320495605,0.18862854717373848,10000,0.8767,0.4685686679840088,0.4685686679840088,0.1904662758708,0.054661133015155766,0.254454106092453,0.9313611320495605,0.18862854717373848,0.8767,0.4685674928665161,0.4685674928665161,0.1904667309999466,0.05466228698939081,0.25440187007188797,0.9313622837066651,0.18862660193443298,0.001,5,0.18862660193443298,0.1886263315677643,2.7036666869206805e-07,0.1886263315677643,2.7036666869206805e-07,1.56280373498241e-08,4.649309891453364e-08,0,,,,,,,,,,,,,,,,,,,,,,,,,,,,,4.245697238307292,0.5087016250818253,3.8201659444287146,5.006715104010434,0.9971889385882966,990.4713987341325,488.83949158311844,,,1819.1358521053785,451.725949059058,1819.1358521053785,451.725949059058,990.4713987341325,488.83949158311844,1819.1358521053785,451.725949059058,,,,,,,,,0.05,1e-05,1,product,1.0,,,,,,,,,,,,,,,,,,,,,,,,1.0,,,1,101770,57.08183498024432,0.14182009635591472,0.1091041894968081,0.11868014931678772,0.2938017010688782,0.07193359740018417,0.003574397164600771,0.052643269300460815,0.06734640300273895,0.06973505578935146,0.07210417091846466,0.07427476905286312,0.07618749886751175,0.07747345194220542,0.09960777312517166,194.73061782875897,20.008735087986192,100.78909301757812,192.3442611694336,220.48102569580078,360.8396911621094,527.903252189748,-535973.8021298415,-123581.52655000999,1.981502497168744,1.5403537380437984,3.346031874244809e-05,0.30661731335204245,0.7797567350068944,1.6492949887055455,2.8247550105536954,4.112884223156564,4.958842844734902,11.759123176572425,2.2924115330083126,9.74445563254684,-10.268066524916808,4.345966787964315,12.282929687105048,0.16246438046575612,0.3170285938881792,0.5853100127739019,0.9517441289181487,0.6829714061118207,0.41468998722609807,0.04825587108185123,69506,42203,4911,4.704573120615851,0.06911677122116089,,1.8623919901492054,0.3108233117483811,0.00023126734505087883,,,,194.73060607910156,20.00873565673828,57.08183498024432,0.07193360477685928,1,update_snr,0.02,20,100,,,,2036.0,0.0,0.020005895647047262,0.0,0.3771486123271876,0.07575000279962664,0.15282182897846985,0.13853555513823643,0.30005036046433703,1526550,2036.0,30540,0.020005895647047262,12212400,610800,244320,366480,0.9499852608823819,0.7365551289044451,0.45620978616650193,,,1.5701386084787983,,288.26666666666665,311.0349319431644,1.0,1143.0,random,,,,,,,,,,,,,,snr_histograms.csv,calibration_bins.csv,0.001,172.27908020019532,181.26642227172852,205.63531494140625,230.97535552978516,-89.50939826584823,-2.1608173084983435,9.019615753251923,13.907606895654073,21.40749879233191,565.9034381866455,576.7977420806884,683.1407810211182,1687.3623117953537,2070.369770355225,1443.7425739305422,1446.8919647610091,1460.3243443728788,2369.0977428510423,2528.635235680611,1443.7425739305422,1446.8919647610091,1460.3243443728788,2369.0977428510423,2528.635235680611,3.8245919532934534,3.8431065055126834,4.856567004843088,0.0006779526557873498,0.9961531989135478,0.9963787461933487,0.9977262977677912,0.9977482797989398,0.997754488612606,565.9034381866455,576.7977420806884,683.1407810211182,1687.3623117953537,2070.369770355225,1443.7425739305422,1446.8919647610091,1460.3243443728788,2369.0977428510423,2528.635235680611,product,0.9965978758196483,,2036.0,2036.0,2036.0,2036.0,2036.0,0.020005895647047262,0.020005895647047262,0.020005895647047262,0.020005895647047262,0.020005895647047262,0.3151588843720842,0.3153819860388027,0.3161953106667745,0.4734209759020615,0.49981350625500254,0.0147154650538922,0.14035743740172346,0.1405228945104319,0.14143053092802071,0.17195077356188862,0.17290077649800503,0.008318510421742184,0.13133967079933867,0.13142965269340928,0.1326890025745891,0.1503156946819105,0.15144498159280606,0.03830137621244508,0.268440080744161,0.26857270410922635,0.2691200184404268,0.34728912128942185,0.35528645847375406
bayesfl_observability_v1,vi_update_snr_prune098_keep002_seed42,198,vi,mnist,mlp,0,0,0.1,0.5,300,24,0.05,15,2985,2985,5,256,0.05,42,1,5,5,4.344409305602312,2.313839964568615,0.008004441857337952,2.030081607401371,0,15,12,0.8789,0.4570209372520447,1534.4589162083114,0.8789,0.12109999999999999,0.4570209372520447,0.4570209372520447,0.18586731824874878,0.051449310985207525,0.13860313097635907,0.9302242082595825,0.1966652702152729,10000,0.8789,0.4570209372520447,0.4570209372520447,0.18586731824874878,0.051449310985207525,0.13860313097635907,0.9302242082595825,0.1966652702152729,0.8788,0.457023832988739,0.457023832988739,0.1858667943239212,0.05154956257939333,0.13179679759419882,0.9302244714736938,0.1966625848054886,0.001,5,0.1966625848054886,0.19666231090426445,2.7390122414594487e-07,0.19666231090426445,2.7390122414594487e-07,1.51535775086753e-08,4.435328204956516e-08,0,,,,,,,,,,,,,,,,,,,,,,,,,,,,,4.014457957086878,0.38013028458949205,3.813140537998234,4.845648777577451,0.9975138979546468,797.6728485971029,423.36105756210316,,,1612.2840829552017,335.95776838748606,1612.2840829552017,335.95776838748606,797.6728485971029,423.36105756210316,1612.2840829552017,335.95776838748606,,,,,,,,,0.05,1e-05,1,product,1.0,,,,,,,,,,,,,,,,,,,,,,,,1.0,,,1,101770,57.22674313951703,0.14217285228357388,0.10939060995464311,0.11910969763994217,0.2944385081529618,0.07201065422619878,0.0035760176953776,0.05267497897148132,0.06740392819046974,0.06980249658226967,0.07218286022543907,0.07434636540710926,0.07625903859734535,0.07753711603581906,0.09960777312517166,194.3117968140668,19.946695912122273,100.78909301757812,191.92511749267578,220.10484466552734,360.4053649902344,529.0332528018993,-535755.5264654753,-123472.38871780675,1.9842260267565914,1.5426351438647627,9.74322988131167e-05,0.30589611569070885,0.781482127911761,1.6532387780589413,2.8266116853554633,4.1232835419687275,4.971260925153075,11.759123176572425,2.302599187418303,9.755602367019842,-10.288520754202304,4.3667116691683425,12.304864010698447,0.16186498968261767,0.31695981133929446,0.5849661000294782,0.9511742163702467,0.6830401886607055,0.41503389997052176,0.048825783629753365,69513,42238,4969,4.159321141885495,0.06561413407325745,,1.6465315494062787,0.4726968174204355,0.00033500837520938025,,,,194.31179809570312,19.94669532775879,57.22674313951703,0.07201065868139267,1,update_snr,0.02,20,100,,,,2036.0,0.0,0.020005895647047262,0.0,0.344313637145901,0.057926340028840076,0.1457275643100283,0.13412893959800065,0.2825548805854892,1526550,2036.0,30540,0.020005895647047262,12212400,610800,244320,366480,0.9499852608823819,0.7735045895112566,0.5580922831483012,,,1.5250200893477863,,199.0,353.2821346553865,1.0,1408.0,random,,,,,,,,,,,,,,snr_histograms.csv,calibration_bins.csv,0.001,171.956005859375,180.91747283935547,205.23815155029297,230.3348541259765,-80.22594092296282,-2.141619001373141,9.025323000215673,13.929331167307065,21.40749879233191,559.0465997219086,588.9804953479767,607.0943792343139,1288.1325570106505,2127.5885161717733,1435.2790429480012,1437.477926068278,1445.8224606019428,2269.460228881411,2330.1089368237363,1435.2790429480012,1437.477926068278,1445.8224606019428,2269.460228881411,2330.1089368237363,3.8160045844892494,3.826956319386845,4.751452205182544,0.0004991658188044992,0.9964132213724083,0.9965503830597009,0.9977606445005046,0.9977732182257876,0.9977752194345354,559.0465997219086,588.9804953479767,607.0943792343139,1288.1325570106505,2127.5885161717733,1435.2790429480012,1437.477926068278,1445.8224606019428,2269.460228881411,2330.1089368237363,product,0.9973552142486409,,2036.0,2036.0,2036.0,2036.0,2036.0,0.020005895647047262,0.020005895647047262,0.020005895647047262,0.020005895647047262,0.020005895647047262,0.31454482167986386,0.314893672482425,0.3154653395051562,0.45866419941575687,0.4638324164544474,0.010925204130392687,0.1398312093554905,0.14002443601239384,0.14050590221322348,0.16595825534219164,0.1713176980469063,0.006308489927054513,0.1305965938418462,0.1308568444326227,0.1315468829007945,0.14353779158727514,0.15037617950855492,0.02878820125659026,0.2676435937101807,0.267796586698101,0.26844438065997184,0.33807480936045353,0.34629730850831025
bayesfl_observability_v1,vi_update_snr_prune098_keep002_seed42,199,vi,mnist,mlp,0,0,0.1,0.5,300,24,0.05,15,2579,2579,5,256,0.05,42,1,5,5,4.330227665603161,2.222059804946184,0.009315092116594315,2.1074285209178925,0,15,12,0.8826,0.4570868944168091,1526.633215399135,0.8826,0.11739999999999995,0.4570868944168091,0.4570868944168091,0.18459092767238616,0.05025776889622212,0.2554788291454315,0.9321669303894043,0.18904083328843116,10000,0.8826,0.4570868944168091,0.4570868944168091,0.18459092767238616,0.05025776889622212,0.2554788291454315,0.9321669303894043,0.18904083328843116,0.8826,0.45709267320632935,0.45709267320632935,0.1845930238723755,0.049950916326045966,0.2611026465892792,0.9321667652130127,0.18903977676033973,0.001,5,0.18903977676033973,0.18903952273130417,2.540290355568242e-07,0.18903952273130417,2.540290355568242e-07,1.4145705135515385e-08,4.167706705297182e-08,0,,,,,,,,,,,,,,,,,,,,,,,,,,,,,4.048764627188309,0.4408691886429721,3.8148975706964423,5.099860437496526,0.9974770247346453,824.1061374252638,467.96675450293844,,,1640.9821176263429,395.34849499690205,1640.9821176263429,395.34849499690205,824.1061374252638,467.96675450293844,1640.9821176263429,395.34849499690205,,,,,,,,,0.05,1e-05,1,product,1.0,,,,,,,,,,,,,,,,,,,,,,,,1.0,,,1,101770,57.37149923809625,0.14255365653315996,0.10963978874912259,0.11939096823334694,0.29530586302280426,0.0720853012732717,0.00358069331544181,0.05347919836640358,0.0674859769642353,0.06987922824919224,0.07225999608635902,0.0744229257106781,0.07633767575025559,0.07762037366628646,0.09960777312517166,193.91030062840122,19.9104861814291,100.78909301757812,191.51558685302734,219.56997070312502,349.6473388671875,530.131330710731,-535544.7733958021,-123367.01218295099,1.9874944347145262,1.5445248260035986,9.74322988131167e-05,0.31061134325580786,0.7823023150270445,1.6543391130437977,2.829717224490369,4.128597679409874,4.963835604306138,11.759123176572425,2.3357517335151745,9.715068534860654,-10.15565376567595,4.372490754968378,12.316051282372587,0.16133438144836396,0.3169696374177066,0.5837967966984376,0.9513314336248403,0.6830303625822934,0.41620320330156235,0.04866856637515967,69512,42357,4953,4.2645238072812885,0.06790515780448914,,1.793627626975176,0.40907328421868944,0.00038774718883288094,,,,193.91029357910156,19.91048812866211,57.37149923809625,0.07208529859781265,1,update_snr,0.02,20,100,,,,2036.0,0.0,0.020005895647047262,0.0,0.3481678173059235,0.06636151056874717,0.1466847798806886,0.13482406094774727,0.2845681841753028,1526550,2036.0,30540,0.020005895647047262,12212400,610800,244320,366480,0.9499852608823819,0.6069504592983751,0.4340036810469503,,,1.712432609683217,,171.93333333333334,268.0421525722317,1.0,1047.0,random,,,,,,,,,,,,,,snr_histograms.csv,calibration_bins.csv,0.001,171.60191650390624,180.54544067382812,204.78766632080078,229.90037918090815,-80.22594092296282,-2.1325076973010795,9.034860766739943,13.916347794980162,21.40749879233191,547.755374288559,566.2572629404068,610.8577478408813,1526.7372889471053,2139.3879393959046,1433.750723557245,1438.7557560786954,1447.8271544699282,2347.7732903215456,2590.127274634891,1433.750723557245,1438.7557560786954,1447.8271544699282,2347.7732903215456,2590.127274634891,3.8212023580133003,3.833875637297989,4.836014406628049,0.0005858031606507563,0.9960535995631403,0.9964473828876513,0.9977629050095596,0.9977771114234121,0.9977852229055778,547.755374288559,566.2572629404068,610.8577478408813,1526.7372889471053,2139.3879393959046,1433.750723557245,1438.7557560786954,1447.8271544699282,2347.7732903215456,2590.127274634891,product,0.9972335987419846,,2036.0,2036.0,2036.0,2036.0,2036.0,0.020005895647047262,0.020005895647047262,0.020005895647047262,0.020005895647047262,0.020005895647047262,0.3143208404587871,0.3149580646668333,0.3153506900578114,0.4725493656832618,0.5000189624145703,0.012534200824253688,0.13970266332975464,0.14011193282799214,0.14071181282051026,0.16889062182778483,0.17733564605196547,0.0068281817392266166,0.1301540911093972,0.13108525196674914,0.13198772540728532,0.1464466364787854,0.15208878317152857,0.032872067350057696,0.26755816573909313,0.2678136109596196,0.26841721504596816,0.3436526973488755,0.36257546930298684
bayesfl_observability_v1,vi_update_snr_prune098_keep002_seed42,200,vi,mnist,mlp,0,0,0.1,0.5,300,24,0.05,15,5480,5480,5,256,0.05,42,1,5,5,5.659549094736576,3.411453567445278,0.010315768420696259,2.2473688907921314,0,15,13,0.8676,0.49239872217178343,1804.2785015490388,0.8676,0.13239999999999996,0.49239872217178343,0.49239872217178343,0.2033100255727768,0.05703517079949378,0.22747203707695007,0.9246351570129394,0.20761975462436677,10000,0.8676,0.49239872217178343,0.49239872217178343,0.2033100255727768,0.05703517079949378,0.22747203707695007,0.9246351570129394,0.20761975462436677,0.8676,0.49239090270996094,0.49239090270996094,0.2033063647031784,0.05703628894984723,0.22787070274353027,0.9246363040924073,0.20761574206352235,0.001,5,0.20761574206352235,0.20761545171737672,2.9034614562606365e-07,0.20761545171737672,2.9034614562606365e-07,1.673887928523854e-08,4.9138602560790166e-08,12,0.9483238122061551,0.9550467244913969,0.05705502094754511,0.8275862068965517,0.8756944444444444,0.9378774154589372,0.9829219288174511,1.0,1.0,1.0,0.17980861694328867,0.17204806271969783,0.1977889937222627,2.145764938177308e-06,0.06462435997449435,0.6190680265426636,,,0.17204806271969783,,,,,,,,,,4.155134282648927,0.47287117086026087,3.8120935073055255,5.078714566250521,0.9973546628251985,1022.3437383939423,607.2002529487321,,,1737.3175973027537,427.62808711692634,1737.3175973027537,427.62808711692634,1022.3437383939423,607.2002529487321,1737.3175973027537,427.62808711692634,,,,,,,,,0.05,1e-05,1,product,1.0,,,,,,,,,,,,,,,,,,,,,,,,1.0,,,1,101770,57.562221203620204,0.14305787069594322,0.10996483675415157,0.12004722282290459,0.2965107798576355,0.07218547176111771,0.003609260939720167,0.05284137278795242,0.06754482984542846,0.0699617862701416,0.07234682515263557,0.07453501038253307,0.07647285312414169,0.0777831733226776,0.09960777312517166,193.39067141493635,19.971620472070164,100.78909301757812,191.05616760253906,219.1874984741211,358.13916015625,531.6229810939051,-535265.3716333873,-123227.31130171863,1.9918186022412638,1.5470281963852557,9.74322988131167e-05,0.31350771445175907,0.7849578038883521,1.661892796839795,2.8361654997842387,4.138679324193307,4.975960503924361,11.759123176572425,2.3628775686374683,9.689193766945793,-10.075035363188382,4.4120601051905854,12.33723554841232,0.1607349906652255,0.31576102977301757,0.583551144738135,0.950928564409944,0.6842389702269824,0.416448855261865,0.04907143559005601,69635,42382,4994,4.6847828518975065,0.06918180733919144,,1.850132876023142,0.2569343065693431,0.0010948905109489052,,,,193.3906707763672,19.971620559692383,57.562221203620204,0.0721854716539383,1,update_snr,0.02,20,100,,,,2036.0,0.0,0.020005895647047262,0.0,0.36755026556807713,0.07527738797736613,0.14888453264734394,0.13478480064866374,0.2919756702501335,1526550,2036.0,30540,0.020005895647047262,12212400,610800,244320,366480,0.9499852608823819,0.6844396059981397,0.4273668960502947,,,1.6186072798229145,,365.3333333333333,487.4370614642355,6.0,1408.0,random,,,,,,,,,,,,outputs/sparse_comm_mnist_noniid_unbalanced/vi_update_snr_prune098_keep002_seed42/posterior_snapshots/final.pt,,snr_histograms.csv,calibration_bins.csv,0.001,170.99579620361328,180.0028419494629,204.30463027954102,229.44725952148437,-80.22594092296282,-2.103073775920599,9.054631395850683,13.937538489180612,21.40749879233191,580.0573603630066,583.4907122302055,619.4263105392456,2066.5220938453676,2128.976270588239,1428.144096391109,1431.5141043133078,1448.1075387932115,2339.657562566695,2564.8904198767304,1428.144096391109,1431.5141043133078,1448.1075387932115,2339.657562566695,2564.8904198767304,3.816287459144852,3.838568913576843,4.832952114370125,0.0006187929589809633,0.9961063962231494,0.9964715440746088,0.9977695091930928,0.9977938104655909,0.9977986711390379,580.0573603630066,583.4907122302055,619.4263105392456,2066.5220938453676,2128.976270588239,1428.144096391109,1431.5141043133078,1448.1075387932115,2339.657562566695,2564.8904198767304,product,0.9966826231999666,0.1977889937222627,2036.0,2036.0,2036.0,2036.0,2036.0,0.020005895647047262,0.020005895647047262,0.020005895647047262,0.020005895647047262,0.020005895647047262,0.313843291710205,0.31409234612945736,0.3149312061918753,0.47528767671119515,0.4973621734356369,0.012849025689174735,0.13948733908120708,0.13964706606744903,0.14062343252748005,0.168537151041364,0.17634916370246395,0.006481347608163977,0.13016437449072377,0.13049776384031944,0.131542145897515,0.1455240651000377,0.1510207541280032,0.03516839028032512,0.2667978800051605,0.267102482577356,0.2682495107478821,0.34352757958506003,0.3612377130308385
