2026-07-06 11:28:32,228 | INFO | Starting Bayesian FL source run
2026-07-06 11:28:32,228 | INFO | Flower version: 1.29.0
2026-07-06 11:28:32,229 | INFO | Method=ola dataset=mnist model=mlp
2026-07-06 11:28:32,229 | INFO | Physical devices=300 Flower virtual clients=24 client_fraction=0.0500
2026-07-06 11:28:32,229 | INFO | Output directory: /home/micl/DungNDH/micl/bayesfl_base_source/outputs/tune_ola_mnist_noniid_unbalanced/ola_lr0p05_b128_e5
2026-07-06 11:28:33,551 | INFO | Loaded dataset with input_shape=(1, 28, 28) num_classes=10
2026-07-06 11:28:33,551 | INFO | Saved device/data summary to outputs/tune_ola_mnist_noniid_unbalanced/ola_lr0p05_b128_e5/device_summary.csv
2026-07-06 11:28:33,553 | INFO | Initial payload arrays: [(101770,), (101770,)]
2026-07-06 11:28:33,560 | INFO | Flower client_resources={'num_cpus': 1.0, 'num_gpus': 0.25}
2026-07-06 11:28:33,683 | WARNING | DEPRECATED FEATURE: flwr.simulation.start_simulation() is deprecated.
	Instead, use the `flwr run` CLI command to start a local simulation in your Flower app, as shown for example below:

		$ flwr new  # Create a new Flower app from a template

		$ flwr run  # Run the Flower app in Simulation Mode

	Using `start_simulation()` is deprecated.

            This is a deprecated feature. It will be removed
            entirely in future versions of Flower.
        
2026-07-06 11:28:33,684 | INFO | Starting Flower simulation, config: num_rounds=60, no round_timeout
2026-07-06 11:28:35,983 | INFO | Flower VCE: Ray initialized with resources: {'GPU': 1.0, 'CPU': 48.0, 'node:203.249.64.186': 1.0, 'node:__internal_head__': 1.0, 'object_store_memory': 66336868761.0, 'memory': 154786027111.0, 'accelerator_type:G': 1.0}
2026-07-06 11:28:35,983 | INFO | Optimize your simulation with Flower VCE: https://flower.ai/docs/framework/how-to-run-simulations.html
2026-07-06 11:28:35,983 | INFO | Flower VCE: Resources for each Virtual Client: {'num_cpus': 1.0, 'num_gpus': 0.25}
2026-07-06 11:28:36,053 | INFO | Flower VCE: Creating VirtualClientEngineActorPool with 4 actors
2026-07-06 11:28:36,053 | INFO | [INIT]
2026-07-06 11:28:36,053 | INFO | Using initial global parameters provided by strategy
2026-07-06 11:28:36,053 | INFO | Starting evaluation of initial global parameters
2026-07-06 11:28:38,591 | INFO | initial parameters (loss, other metrics): 16.166472961425782, {'accuracy': 0.1052, 'global_ece': 0.2500343444526195, 'selected_count': 0, 'active_physical_devices': 0}
2026-07-06 11:28:38,591 | INFO | 
2026-07-06 11:28:38,591 | INFO | [ROUND 1]
2026-07-06 11:28:38,593 | INFO | configure_fit: strategy sampled 24 clients (out of 24)
2026-07-06 11:28:43,625 | INFO | aggregate_fit: received 24 results and 0 failures
2026-07-06 11:28:45,600 | INFO | fit progress: (1, 15.901926916503907, {'accuracy': 0.1126, 'global_ece': 0.24372481147050856, 'selected_count': 15, 'active_physical_devices': 15}, 7.008743606507778)
2026-07-06 11:28:45,601 | INFO | configure_evaluate: no clients selected, skipping evaluation
2026-07-06 11:28:45,601 | INFO | 
2026-07-06 11:28:45,601 | INFO | [ROUND 2]
2026-07-06 11:28:45,603 | INFO | configure_fit: strategy sampled 24 clients (out of 24)
2026-07-06 11:28:47,825 | INFO | aggregate_fit: received 24 results and 0 failures
2026-07-06 11:28:49,853 | INFO | fit progress: (2, 16.028563917541504, {'accuracy': 0.1006, 'global_ece': 0.26008756088018414, 'selected_count': 15, 'active_physical_devices': 15}, 11.262271467596292)
2026-07-06 11:28:49,854 | INFO | configure_evaluate: no clients selected, skipping evaluation
2026-07-06 11:28:49,854 | INFO | 
2026-07-06 11:28:49,854 | INFO | [ROUND 3]
2026-07-06 11:28:49,855 | INFO | configure_fit: strategy sampled 24 clients (out of 24)
2026-07-06 11:28:51,799 | INFO | aggregate_fit: received 24 results and 0 failures
2026-07-06 11:28:53,752 | INFO | fit progress: (3, 16.07391227416992, {'accuracy': 0.1037, 'global_ece': 0.25080586782991887, 'selected_count': 15, 'active_physical_devices': 15}, 15.160791397094727)
2026-07-06 11:28:53,753 | INFO | configure_evaluate: no clients selected, skipping evaluation
2026-07-06 11:28:53,753 | INFO | 
2026-07-06 11:28:53,753 | INFO | [ROUND 4]
2026-07-06 11:28:53,755 | INFO | configure_fit: strategy sampled 24 clients (out of 24)
2026-07-06 11:28:55,695 | INFO | aggregate_fit: received 24 results and 0 failures
2026-07-06 11:28:57,652 | INFO | fit progress: (4, 15.817524026489258, {'accuracy': 0.1084, 'global_ece': 0.2498833911895752, 'selected_count': 15, 'active_physical_devices': 15}, 19.061231717467308)
2026-07-06 11:28:57,653 | INFO | configure_evaluate: no clients selected, skipping evaluation
2026-07-06 11:28:57,653 | INFO | 
2026-07-06 11:28:57,653 | INFO | [ROUND 5]
2026-07-06 11:28:57,653 | INFO | configure_fit: strategy sampled 24 clients (out of 24)
2026-07-06 11:28:59,652 | INFO | aggregate_fit: received 24 results and 0 failures
2026-07-06 11:29:01,722 | INFO | fit progress: (5, 16.10299376220703, {'accuracy': 0.1067, 'global_ece': 0.24967247378230095, 'selected_count': 15, 'active_physical_devices': 15}, 23.13063285127282)
2026-07-06 11:29:01,722 | INFO | configure_evaluate: no clients selected, skipping evaluation
2026-07-06 11:29:01,722 | INFO | 
2026-07-06 11:29:01,722 | INFO | [ROUND 6]
2026-07-06 11:29:01,723 | INFO | configure_fit: strategy sampled 24 clients (out of 24)
2026-07-06 11:29:03,645 | INFO | aggregate_fit: received 24 results and 0 failures
2026-07-06 11:29:05,684 | INFO | fit progress: (6, 16.093342297363282, {'accuracy': 0.1032, 'global_ece': 0.2518319939345121, 'selected_count': 15, 'active_physical_devices': 15}, 27.092555057257414)
2026-07-06 11:29:05,684 | INFO | configure_evaluate: no clients selected, skipping evaluation
2026-07-06 11:29:05,684 | INFO | 
2026-07-06 11:29:05,684 | INFO | [ROUND 7]
2026-07-06 11:29:05,685 | INFO | configure_fit: strategy sampled 24 clients (out of 24)
2026-07-06 11:29:07,450 | INFO | aggregate_fit: received 24 results and 0 failures
2026-07-06 11:29:09,449 | INFO | fit progress: (7, 16.22782812805176, {'accuracy': 0.1, 'global_ece': 0.25521181837618345, 'selected_count': 15, 'active_physical_devices': 15}, 30.857772950083017)
2026-07-06 11:29:09,449 | INFO | configure_evaluate: no clients selected, skipping evaluation
2026-07-06 11:29:09,449 | INFO | 
2026-07-06 11:29:09,449 | INFO | [ROUND 8]
2026-07-06 11:29:09,450 | INFO | configure_fit: strategy sampled 24 clients (out of 24)
2026-07-06 11:29:11,240 | INFO | aggregate_fit: received 24 results and 0 failures
2026-07-06 11:29:13,256 | INFO | fit progress: (8, 15.671640625, {'accuracy': 0.1028, 'global_ece': 0.2516012246698141, 'selected_count': 15, 'active_physical_devices': 15}, 34.665014147758484)
2026-07-06 11:29:13,256 | INFO | configure_evaluate: no clients selected, skipping evaluation
2026-07-06 11:29:13,256 | INFO | 
2026-07-06 11:29:13,256 | INFO | [ROUND 9]
2026-07-06 11:29:13,257 | INFO | configure_fit: strategy sampled 24 clients (out of 24)
2026-07-06 11:29:15,118 | INFO | aggregate_fit: received 24 results and 0 failures
2026-07-06 11:29:17,256 | INFO | fit progress: (9, 16.039293090820312, {'accuracy': 0.1128, 'global_ece': 0.25056471049338574, 'selected_count': 15, 'active_physical_devices': 15}, 38.66486889868975)
2026-07-06 11:29:17,256 | INFO | configure_evaluate: no clients selected, skipping evaluation
2026-07-06 11:29:17,256 | INFO | 
2026-07-06 11:29:17,256 | INFO | [ROUND 10]
2026-07-06 11:29:17,257 | INFO | configure_fit: strategy sampled 24 clients (out of 24)
2026-07-06 11:29:19,114 | INFO | aggregate_fit: received 24 results and 0 failures
2026-07-06 11:29:21,166 | INFO | fit progress: (10, 16.173992572021483, {'accuracy': 0.0973, 'global_ece': 0.2618534685254097, 'selected_count': 15, 'active_physical_devices': 15}, 42.57501996681094)
2026-07-06 11:29:21,166 | INFO | configure_evaluate: no clients selected, skipping evaluation
2026-07-06 11:29:21,166 | INFO | 
2026-07-06 11:29:21,166 | INFO | [ROUND 11]
2026-07-06 11:29:21,167 | INFO | configure_fit: strategy sampled 24 clients (out of 24)
2026-07-06 11:29:23,544 | INFO | aggregate_fit: received 24 results and 0 failures
2026-07-06 11:29:25,509 | INFO | fit progress: (11, 15.81527944946289, {'accuracy': 0.1047, 'global_ece': 0.24975253964960575, 'selected_count': 15, 'active_physical_devices': 15}, 46.9174008667469)
2026-07-06 11:29:25,509 | INFO | configure_evaluate: no clients selected, skipping evaluation
2026-07-06 11:29:25,509 | INFO | 
2026-07-06 11:29:25,509 | INFO | [ROUND 12]
2026-07-06 11:29:25,510 | INFO | configure_fit: strategy sampled 24 clients (out of 24)
2026-07-06 11:29:27,561 | INFO | aggregate_fit: received 24 results and 0 failures
2026-07-06 11:29:29,480 | INFO | fit progress: (12, 15.845708267211915, {'accuracy': 0.1071, 'global_ece': 0.2465822117686272, 'selected_count': 15, 'active_physical_devices': 15}, 50.88927062600851)
2026-07-06 11:29:29,481 | INFO | configure_evaluate: no clients selected, skipping evaluation
2026-07-06 11:29:29,481 | INFO | 
2026-07-06 11:29:29,481 | INFO | [ROUND 13]
2026-07-06 11:29:29,481 | INFO | configure_fit: strategy sampled 24 clients (out of 24)
2026-07-06 11:29:31,284 | INFO | aggregate_fit: received 24 results and 0 failures
2026-07-06 11:29:33,238 | INFO | fit progress: (13, 15.978064855957031, {'accuracy': 0.0972, 'global_ece': 0.26254538849592207, 'selected_count': 15, 'active_physical_devices': 15}, 54.64671431854367)
2026-07-06 11:29:33,238 | INFO | configure_evaluate: no clients selected, skipping evaluation
2026-07-06 11:29:33,238 | INFO | 
2026-07-06 11:29:33,238 | INFO | [ROUND 14]
2026-07-06 11:29:33,239 | INFO | configure_fit: strategy sampled 24 clients (out of 24)
2026-07-06 11:29:35,033 | INFO | aggregate_fit: received 24 results and 0 failures
2026-07-06 11:29:37,065 | INFO | fit progress: (14, 15.971642462158202, {'accuracy': 0.1104, 'global_ece': 0.24750605567842723, 'selected_count': 15, 'active_physical_devices': 15}, 58.47401166334748)
2026-07-06 11:29:37,065 | INFO | configure_evaluate: no clients selected, skipping evaluation
2026-07-06 11:29:37,065 | INFO | 
2026-07-06 11:29:37,065 | INFO | [ROUND 15]
2026-07-06 11:29:37,066 | INFO | configure_fit: strategy sampled 24 clients (out of 24)
2026-07-06 11:29:38,751 | INFO | aggregate_fit: received 24 results and 0 failures
2026-07-06 11:29:40,797 | INFO | fit progress: (15, 16.10824415435791, {'accuracy': 0.1055, 'global_ece': 0.2510728586554527, 'selected_count': 15, 'active_physical_devices': 15}, 62.205558121204376)
2026-07-06 11:29:40,797 | INFO | configure_evaluate: no clients selected, skipping evaluation
2026-07-06 11:29:40,797 | INFO | 
2026-07-06 11:29:40,797 | INFO | [ROUND 16]
2026-07-06 11:29:40,798 | INFO | configure_fit: strategy sampled 24 clients (out of 24)
2026-07-06 11:29:42,883 | INFO | aggregate_fit: received 24 results and 0 failures
2026-07-06 11:29:44,916 | INFO | fit progress: (16, 16.037431396484376, {'accuracy': 0.1107, 'global_ece': 0.24149021376967428, 'selected_count': 15, 'active_physical_devices': 15}, 66.32446317002177)
2026-07-06 11:29:44,916 | INFO | configure_evaluate: no clients selected, skipping evaluation
2026-07-06 11:29:44,916 | INFO | 
2026-07-06 11:29:44,916 | INFO | [ROUND 17]
2026-07-06 11:29:44,918 | INFO | configure_fit: strategy sampled 24 clients (out of 24)
2026-07-06 11:29:46,726 | INFO | aggregate_fit: received 24 results and 0 failures
2026-07-06 11:29:48,688 | INFO | fit progress: (17, 16.0582377243042, {'accuracy': 0.1, 'global_ece': 0.2574514903306961, 'selected_count': 15, 'active_physical_devices': 15}, 70.0969841890037)
2026-07-06 11:29:48,688 | INFO | configure_evaluate: no clients selected, skipping evaluation
2026-07-06 11:29:48,688 | INFO | 
2026-07-06 11:29:48,689 | INFO | [ROUND 18]
2026-07-06 11:29:48,689 | INFO | configure_fit: strategy sampled 24 clients (out of 24)
2026-07-06 11:29:50,497 | INFO | aggregate_fit: received 24 results and 0 failures
2026-07-06 11:29:52,508 | INFO | fit progress: (18, 15.92431958618164, {'accuracy': 0.1096, 'global_ece': 0.25400281356871124, 'selected_count': 15, 'active_physical_devices': 15}, 73.91638822853565)
2026-07-06 11:29:52,508 | INFO | configure_evaluate: no clients selected, skipping evaluation
2026-07-06 11:29:52,508 | INFO | 
2026-07-06 11:29:52,508 | INFO | [ROUND 19]
2026-07-06 11:29:52,509 | INFO | configure_fit: strategy sampled 24 clients (out of 24)
2026-07-06 11:29:54,447 | INFO | aggregate_fit: received 24 results and 0 failures
2026-07-06 11:29:56,339 | INFO | fit progress: (19, 15.958655993652343, {'accuracy': 0.0971, 'global_ece': 0.26238271254301077, 'selected_count': 15, 'active_physical_devices': 15}, 77.74788605049253)
2026-07-06 11:29:56,339 | INFO | configure_evaluate: no clients selected, skipping evaluation
2026-07-06 11:29:56,339 | INFO | 
2026-07-06 11:29:56,339 | INFO | [ROUND 20]
2026-07-06 11:29:56,340 | INFO | configure_fit: strategy sampled 24 clients (out of 24)
2026-07-06 11:29:58,403 | INFO | aggregate_fit: received 24 results and 0 failures
2026-07-06 11:30:00,414 | INFO | fit progress: (20, 16.089791484069824, {'accuracy': 0.1012, 'global_ece': 0.25452324171662327, 'selected_count': 15, 'active_physical_devices': 15}, 81.82299022004008)
2026-07-06 11:30:00,415 | INFO | configure_evaluate: no clients selected, skipping evaluation
2026-07-06 11:30:00,415 | INFO | 
2026-07-06 11:30:00,415 | INFO | [ROUND 21]
2026-07-06 11:30:00,416 | INFO | configure_fit: strategy sampled 24 clients (out of 24)
2026-07-06 11:30:02,296 | INFO | aggregate_fit: received 24 results and 0 failures
2026-07-06 11:30:04,165 | INFO | fit progress: (21, 15.809359524536132, {'accuracy': 0.1033, 'global_ece': 0.2544530094891787, 'selected_count': 15, 'active_physical_devices': 15}, 85.57391587272286)
2026-07-06 11:30:04,165 | INFO | configure_evaluate: no clients selected, skipping evaluation
2026-07-06 11:30:04,165 | INFO | 
2026-07-06 11:30:04,165 | INFO | [ROUND 22]
2026-07-06 11:30:04,166 | INFO | configure_fit: strategy sampled 24 clients (out of 24)
2026-07-06 11:30:05,992 | INFO | aggregate_fit: received 24 results and 0 failures
2026-07-06 11:30:07,947 | INFO | fit progress: (22, 15.833850219726562, {'accuracy': 0.1038, 'global_ece': 0.2513135624527931, 'selected_count': 15, 'active_physical_devices': 15}, 89.35601874440908)
2026-07-06 11:30:07,947 | INFO | configure_evaluate: no clients selected, skipping evaluation
2026-07-06 11:30:07,947 | INFO | 
2026-07-06 11:30:07,947 | INFO | [ROUND 23]
2026-07-06 11:30:07,948 | INFO | configure_fit: strategy sampled 24 clients (out of 24)
2026-07-06 11:30:09,654 | INFO | aggregate_fit: received 24 results and 0 failures
2026-07-06 11:30:11,660 | INFO | fit progress: (23, 15.946363311767579, {'accuracy': 0.1057, 'global_ece': 0.25568534406423565, 'selected_count': 15, 'active_physical_devices': 15}, 93.06875539571047)
2026-07-06 11:30:11,660 | INFO | configure_evaluate: no clients selected, skipping evaluation
2026-07-06 11:30:11,660 | INFO | 
2026-07-06 11:30:11,660 | INFO | [ROUND 24]
2026-07-06 11:30:11,661 | INFO | configure_fit: strategy sampled 24 clients (out of 24)
2026-07-06 11:30:13,724 | INFO | aggregate_fit: received 24 results and 0 failures
2026-07-06 11:30:15,743 | INFO | fit progress: (24, 15.679960729980468, {'accuracy': 0.1047, 'global_ece': 0.24842400762140754, 'selected_count': 15, 'active_physical_devices': 15}, 97.15206341817975)
2026-07-06 11:30:15,743 | INFO | configure_evaluate: no clients selected, skipping evaluation
2026-07-06 11:30:15,744 | INFO | 
2026-07-06 11:30:15,744 | INFO | [ROUND 25]
2026-07-06 11:30:15,744 | INFO | configure_fit: strategy sampled 24 clients (out of 24)
2026-07-06 11:30:17,562 | INFO | aggregate_fit: received 24 results and 0 failures
2026-07-06 11:30:19,638 | INFO | fit progress: (25, 15.88519529724121, {'accuracy': 0.1017, 'global_ece': 0.2578232358276844, 'selected_count': 15, 'active_physical_devices': 15}, 101.04693128913641)
2026-07-06 11:30:19,638 | INFO | configure_evaluate: no clients selected, skipping evaluation
2026-07-06 11:30:19,639 | INFO | 
2026-07-06 11:30:19,639 | INFO | [ROUND 26]
2026-07-06 11:30:19,640 | INFO | configure_fit: strategy sampled 24 clients (out of 24)
2026-07-06 11:30:21,371 | INFO | aggregate_fit: received 24 results and 0 failures
2026-07-06 11:30:23,345 | INFO | fit progress: (26, 15.862895993041992, {'accuracy': 0.1097, 'global_ece': 0.24964883720576755, 'selected_count': 15, 'active_physical_devices': 15}, 104.75378363579512)
2026-07-06 11:30:23,345 | INFO | configure_evaluate: no clients selected, skipping evaluation
2026-07-06 11:30:23,345 | INFO | 
2026-07-06 11:30:23,345 | INFO | [ROUND 27]
2026-07-06 11:30:23,346 | INFO | configure_fit: strategy sampled 24 clients (out of 24)
2026-07-06 11:30:25,275 | INFO | aggregate_fit: received 24 results and 0 failures
2026-07-06 11:30:27,219 | INFO | fit progress: (27, 15.755698321533202, {'accuracy': 0.1094, 'global_ece': 0.253287952414155, 'selected_count': 15, 'active_physical_devices': 15}, 108.62756432965398)
2026-07-06 11:30:27,219 | INFO | configure_evaluate: no clients selected, skipping evaluation
2026-07-06 11:30:27,219 | INFO | 
2026-07-06 11:30:27,219 | INFO | [ROUND 28]
2026-07-06 11:30:27,220 | INFO | configure_fit: strategy sampled 24 clients (out of 24)
2026-07-06 11:30:29,551 | INFO | aggregate_fit: received 24 results and 0 failures
2026-07-06 11:30:31,458 | INFO | fit progress: (28, 16.188185513305665, {'accuracy': 0.1041, 'global_ece': 0.2553452903777362, 'selected_count': 15, 'active_physical_devices': 15}, 112.86693814396858)
2026-07-06 11:30:31,458 | INFO | configure_evaluate: no clients selected, skipping evaluation
2026-07-06 11:30:31,458 | INFO | 
2026-07-06 11:30:31,458 | INFO | [ROUND 29]
2026-07-06 11:30:31,459 | INFO | configure_fit: strategy sampled 24 clients (out of 24)
2026-07-06 11:30:33,329 | INFO | aggregate_fit: received 24 results and 0 failures
2026-07-06 11:30:35,285 | INFO | fit progress: (29, 15.859424420166016, {'accuracy': 0.1056, 'global_ece': 0.25241026785671705, 'selected_count': 15, 'active_physical_devices': 15}, 116.69342708215117)
2026-07-06 11:30:35,285 | INFO | configure_evaluate: no clients selected, skipping evaluation
2026-07-06 11:30:35,285 | INFO | 
2026-07-06 11:30:35,285 | INFO | [ROUND 30]
2026-07-06 11:30:35,286 | INFO | configure_fit: strategy sampled 24 clients (out of 24)
2026-07-06 11:30:37,145 | INFO | aggregate_fit: received 24 results and 0 failures
2026-07-06 11:30:39,220 | INFO | fit progress: (30, 15.719031994628907, {'accuracy': 0.113, 'global_ece': 0.24541693813204768, 'selected_count': 15, 'active_physical_devices': 15}, 120.62848927080631)
2026-07-06 11:30:39,220 | INFO | configure_evaluate: no clients selected, skipping evaluation
2026-07-06 11:30:39,220 | INFO | 
2026-07-06 11:30:39,220 | INFO | [ROUND 31]
2026-07-06 11:30:39,221 | INFO | configure_fit: strategy sampled 24 clients (out of 24)
2026-07-06 11:30:41,071 | INFO | aggregate_fit: received 24 results and 0 failures
2026-07-06 11:30:43,172 | INFO | fit progress: (31, 15.958317747497558, {'accuracy': 0.1076, 'global_ece': 0.25052625160515307, 'selected_count': 15, 'active_physical_devices': 15}, 124.5804803557694)
2026-07-06 11:30:43,172 | INFO | configure_evaluate: no clients selected, skipping evaluation
2026-07-06 11:30:43,172 | INFO | 
2026-07-06 11:30:43,172 | INFO | [ROUND 32]
2026-07-06 11:30:43,173 | INFO | configure_fit: strategy sampled 24 clients (out of 24)
2026-07-06 11:30:45,338 | INFO | aggregate_fit: received 24 results and 0 failures
2026-07-06 11:30:47,365 | INFO | fit progress: (32, 15.719148431396484, {'accuracy': 0.1062, 'global_ece': 0.2471967046111822, 'selected_count': 15, 'active_physical_devices': 15}, 128.77428368479013)
2026-07-06 11:30:47,366 | INFO | configure_evaluate: no clients selected, skipping evaluation
2026-07-06 11:30:47,366 | INFO | 
2026-07-06 11:30:47,366 | INFO | [ROUND 33]
2026-07-06 11:30:47,366 | INFO | configure_fit: strategy sampled 24 clients (out of 24)
2026-07-06 11:30:49,535 | INFO | aggregate_fit: received 24 results and 0 failures
2026-07-06 11:30:51,399 | INFO | fit progress: (33, 16.19701056213379, {'accuracy': 0.1013, 'global_ece': 0.2591296407699584, 'selected_count': 15, 'active_physical_devices': 15}, 132.80729373544455)
2026-07-06 11:30:51,399 | INFO | configure_evaluate: no clients selected, skipping evaluation
2026-07-06 11:30:51,399 | INFO | 
2026-07-06 11:30:51,399 | INFO | [ROUND 34]
2026-07-06 11:30:51,400 | INFO | configure_fit: strategy sampled 24 clients (out of 24)
2026-07-06 11:30:53,807 | INFO | aggregate_fit: received 24 results and 0 failures
2026-07-06 11:30:55,761 | INFO | fit progress: (34, 15.715058807373048, {'accuracy': 0.1036, 'global_ece': 0.24822715109586715, 'selected_count': 15, 'active_physical_devices': 15}, 137.17013385146856)
2026-07-06 11:30:55,762 | INFO | configure_evaluate: no clients selected, skipping evaluation
2026-07-06 11:30:55,762 | INFO | 
2026-07-06 11:30:55,762 | INFO | [ROUND 35]
2026-07-06 11:30:55,763 | INFO | configure_fit: strategy sampled 24 clients (out of 24)
2026-07-06 11:30:57,533 | INFO | aggregate_fit: received 24 results and 0 failures
2026-07-06 11:30:59,553 | INFO | fit progress: (35, 15.965984790039062, {'accuracy': 0.112, 'global_ece': 0.24756072228848933, 'selected_count': 15, 'active_physical_devices': 15}, 140.96209648996592)
2026-07-06 11:30:59,554 | INFO | configure_evaluate: no clients selected, skipping evaluation
2026-07-06 11:30:59,554 | INFO | 
2026-07-06 11:30:59,554 | INFO | [ROUND 36]
2026-07-06 11:30:59,555 | INFO | configure_fit: strategy sampled 24 clients (out of 24)
2026-07-06 11:31:01,483 | INFO | aggregate_fit: received 24 results and 0 failures
2026-07-06 11:31:03,454 | INFO | fit progress: (36, 16.08648430786133, {'accuracy': 0.1063, 'global_ece': 0.25012897152006625, 'selected_count': 15, 'active_physical_devices': 15}, 144.8630042746663)
2026-07-06 11:31:03,454 | INFO | configure_evaluate: no clients selected, skipping evaluation
2026-07-06 11:31:03,455 | INFO | 
2026-07-06 11:31:03,455 | INFO | [ROUND 37]
2026-07-06 11:31:03,456 | INFO | configure_fit: strategy sampled 24 clients (out of 24)
2026-07-06 11:31:05,592 | INFO | aggregate_fit: received 24 results and 0 failures
2026-07-06 11:31:07,604 | INFO | fit progress: (37, 16.032455360412598, {'accuracy': 0.1033, 'global_ece': 0.25375570701658734, 'selected_count': 15, 'active_physical_devices': 15}, 149.0129084289074)
2026-07-06 11:31:07,604 | INFO | configure_evaluate: no clients selected, skipping evaluation
2026-07-06 11:31:07,604 | INFO | 
2026-07-06 11:31:07,605 | INFO | [ROUND 38]
2026-07-06 11:31:07,605 | INFO | configure_fit: strategy sampled 24 clients (out of 24)
2026-07-06 11:31:09,656 | INFO | aggregate_fit: received 24 results and 0 failures
2026-07-06 11:31:11,611 | INFO | fit progress: (38, 15.88867518310547, {'accuracy': 0.1064, 'global_ece': 0.2470380806565285, 'selected_count': 15, 'active_physical_devices': 15}, 153.0196308605373)
2026-07-06 11:31:11,611 | INFO | configure_evaluate: no clients selected, skipping evaluation
2026-07-06 11:31:11,611 | INFO | 
2026-07-06 11:31:11,611 | INFO | [ROUND 39]
2026-07-06 11:31:11,612 | INFO | configure_fit: strategy sampled 24 clients (out of 24)
2026-07-06 11:31:13,856 | INFO | aggregate_fit: received 24 results and 0 failures
2026-07-06 11:31:15,822 | INFO | fit progress: (39, 16.193563299560548, {'accuracy': 0.1045, 'global_ece': 0.25980565105676656, 'selected_count': 15, 'active_physical_devices': 15}, 157.2308324240148)
2026-07-06 11:31:15,822 | INFO | configure_evaluate: no clients selected, skipping evaluation
2026-07-06 11:31:15,823 | INFO | 
2026-07-06 11:31:15,823 | INFO | [ROUND 40]
2026-07-06 11:31:15,824 | INFO | configure_fit: strategy sampled 24 clients (out of 24)
2026-07-06 11:31:17,856 | INFO | aggregate_fit: received 24 results and 0 failures
2026-07-06 11:31:19,891 | INFO | fit progress: (40, 15.93592960205078, {'accuracy': 0.1077, 'global_ece': 0.25215881646275523, 'selected_count': 15, 'active_physical_devices': 15}, 161.29951042681932)
2026-07-06 11:31:19,891 | INFO | configure_evaluate: no clients selected, skipping evaluation
2026-07-06 11:31:19,891 | INFO | 
2026-07-06 11:31:19,891 | INFO | [ROUND 41]
2026-07-06 11:31:19,892 | INFO | configure_fit: strategy sampled 24 clients (out of 24)
2026-07-06 11:31:21,934 | INFO | aggregate_fit: received 24 results and 0 failures
2026-07-06 11:31:24,029 | INFO | fit progress: (41, 15.827274243164062, {'accuracy': 0.1108, 'global_ece': 0.24947130928635602, 'selected_count': 15, 'active_physical_devices': 15}, 165.43728138878942)
2026-07-06 11:31:24,029 | INFO | configure_evaluate: no clients selected, skipping evaluation
2026-07-06 11:31:24,029 | INFO | 
2026-07-06 11:31:24,029 | INFO | [ROUND 42]
2026-07-06 11:31:24,030 | INFO | configure_fit: strategy sampled 24 clients (out of 24)
2026-07-06 11:31:25,849 | INFO | aggregate_fit: received 24 results and 0 failures
2026-07-06 11:31:27,816 | INFO | fit progress: (42, 15.89157663269043, {'accuracy': 0.1114, 'global_ece': 0.2532468330800533, 'selected_count': 15, 'active_physical_devices': 15}, 169.22519156336784)
2026-07-06 11:31:27,817 | INFO | configure_evaluate: no clients selected, skipping evaluation
2026-07-06 11:31:27,817 | INFO | 
2026-07-06 11:31:27,817 | INFO | [ROUND 43]
2026-07-06 11:31:27,818 | INFO | configure_fit: strategy sampled 24 clients (out of 24)
2026-07-06 11:31:29,822 | INFO | aggregate_fit: received 24 results and 0 failures
2026-07-06 11:31:31,762 | INFO | fit progress: (43, 16.265795068359374, {'accuracy': 0.0999, 'global_ece': 0.2556324236005545, 'selected_count': 15, 'active_physical_devices': 15}, 173.1705279313028)
2026-07-06 11:31:31,762 | INFO | configure_evaluate: no clients selected, skipping evaluation
2026-07-06 11:31:31,762 | INFO | 
2026-07-06 11:31:31,762 | INFO | [ROUND 44]
2026-07-06 11:31:31,763 | INFO | configure_fit: strategy sampled 24 clients (out of 24)
2026-07-06 11:31:34,014 | INFO | aggregate_fit: received 24 results and 0 failures
2026-07-06 11:31:35,864 | INFO | fit progress: (44, 15.780867492675782, {'accuracy': 0.108, 'global_ece': 0.2486943727269769, 'selected_count': 15, 'active_physical_devices': 15}, 177.27245976403356)
2026-07-06 11:31:35,864 | INFO | configure_evaluate: no clients selected, skipping evaluation
2026-07-06 11:31:35,864 | INFO | 
2026-07-06 11:31:35,864 | INFO | [ROUND 45]
2026-07-06 11:31:35,866 | INFO | configure_fit: strategy sampled 24 clients (out of 24)
2026-07-06 11:31:37,883 | INFO | aggregate_fit: received 24 results and 0 failures
2026-07-06 11:31:39,883 | INFO | fit progress: (45, 15.89028420715332, {'accuracy': 0.1105, 'global_ece': 0.24678394303917883, 'selected_count': 15, 'active_physical_devices': 15}, 181.29135996475816)
2026-07-06 11:31:39,883 | INFO | configure_evaluate: no clients selected, skipping evaluation
2026-07-06 11:31:39,883 | INFO | 
2026-07-06 11:31:39,883 | INFO | [ROUND 46]
2026-07-06 11:31:39,884 | INFO | configure_fit: strategy sampled 24 clients (out of 24)
2026-07-06 11:31:42,043 | INFO | aggregate_fit: received 24 results and 0 failures
2026-07-06 11:31:44,156 | INFO | fit progress: (46, 15.57827622680664, {'accuracy': 0.1087, 'global_ece': 0.24744093383550647, 'selected_count': 15, 'active_physical_devices': 15}, 185.56486193835735)
2026-07-06 11:31:44,157 | INFO | configure_evaluate: no clients selected, skipping evaluation
2026-07-06 11:31:44,157 | INFO | 
2026-07-06 11:31:44,157 | INFO | [ROUND 47]
2026-07-06 11:31:44,158 | INFO | configure_fit: strategy sampled 24 clients (out of 24)
2026-07-06 11:31:46,286 | INFO | aggregate_fit: received 24 results and 0 failures
2026-07-06 11:31:48,283 | INFO | fit progress: (47, 15.605427261352538, {'accuracy': 0.11, 'global_ece': 0.2405248286753893, 'selected_count': 15, 'active_physical_devices': 15}, 189.69173990562558)
2026-07-06 11:31:48,283 | INFO | configure_evaluate: no clients selected, skipping evaluation
2026-07-06 11:31:48,283 | INFO | 
2026-07-06 11:31:48,283 | INFO | [ROUND 48]
2026-07-06 11:31:48,284 | INFO | configure_fit: strategy sampled 24 clients (out of 24)
2026-07-06 11:31:50,340 | INFO | aggregate_fit: received 24 results and 0 failures
2026-07-06 11:31:52,439 | INFO | fit progress: (48, 15.910808056640626, {'accuracy': 0.1085, 'global_ece': 0.2522216573178768, 'selected_count': 15, 'active_physical_devices': 15}, 193.84729828312993)
2026-07-06 11:31:52,439 | INFO | configure_evaluate: no clients selected, skipping evaluation
2026-07-06 11:31:52,439 | INFO | 
2026-07-06 11:31:52,439 | INFO | [ROUND 49]
2026-07-06 11:31:52,440 | INFO | configure_fit: strategy sampled 24 clients (out of 24)
2026-07-06 11:31:54,634 | INFO | aggregate_fit: received 24 results and 0 failures
2026-07-06 11:31:56,581 | INFO | fit progress: (49, 15.756865187072753, {'accuracy': 0.1011, 'global_ece': 0.2611707004755735, 'selected_count': 15, 'active_physical_devices': 15}, 197.99006140977144)
2026-07-06 11:31:56,581 | INFO | configure_evaluate: no clients selected, skipping evaluation
2026-07-06 11:31:56,582 | INFO | 
2026-07-06 11:31:56,582 | INFO | [ROUND 50]
2026-07-06 11:31:56,582 | INFO | configure_fit: strategy sampled 24 clients (out of 24)
2026-07-06 11:31:58,655 | INFO | aggregate_fit: received 24 results and 0 failures
2026-07-06 11:32:00,735 | INFO | fit progress: (50, 16.01427929992676, {'accuracy': 0.103, 'global_ece': 0.25565347507297986, 'selected_count': 15, 'active_physical_devices': 15}, 202.14346796274185)
2026-07-06 11:32:00,735 | INFO | configure_evaluate: no clients selected, skipping evaluation
2026-07-06 11:32:00,735 | INFO | 
2026-07-06 11:32:00,735 | INFO | [ROUND 51]
2026-07-06 11:32:00,736 | INFO | configure_fit: strategy sampled 24 clients (out of 24)
2026-07-06 11:32:02,942 | INFO | aggregate_fit: received 24 results and 0 failures
2026-07-06 11:32:04,817 | INFO | fit progress: (51, 15.251042820739746, {'accuracy': 0.112, 'global_ece': 0.24689500925540925, 'selected_count': 15, 'active_physical_devices': 15}, 206.2262515462935)
2026-07-06 11:32:04,818 | INFO | configure_evaluate: no clients selected, skipping evaluation
2026-07-06 11:32:04,818 | INFO | 
2026-07-06 11:32:04,818 | INFO | [ROUND 52]
2026-07-06 11:32:04,819 | INFO | configure_fit: strategy sampled 24 clients (out of 24)
2026-07-06 11:32:06,769 | INFO | aggregate_fit: received 24 results and 0 failures
2026-07-06 11:32:08,621 | INFO | fit progress: (52, 15.63138276977539, {'accuracy': 0.1175, 'global_ece': 0.2360093185454607, 'selected_count': 15, 'active_physical_devices': 15}, 210.02936394512653)
2026-07-06 11:32:08,621 | INFO | configure_evaluate: no clients selected, skipping evaluation
2026-07-06 11:32:08,621 | INFO | 
2026-07-06 11:32:08,621 | INFO | [ROUND 53]
2026-07-06 11:32:08,622 | INFO | configure_fit: strategy sampled 24 clients (out of 24)
2026-07-06 11:32:10,403 | INFO | aggregate_fit: received 24 results and 0 failures
2026-07-06 11:32:12,304 | INFO | fit progress: (53, 16.078351806640626, {'accuracy': 0.1047, 'global_ece': 0.24942323203086855, 'selected_count': 15, 'active_physical_devices': 15}, 213.71238623932004)
2026-07-06 11:32:12,304 | INFO | configure_evaluate: no clients selected, skipping evaluation
2026-07-06 11:32:12,304 | INFO | 
2026-07-06 11:32:12,304 | INFO | [ROUND 54]
2026-07-06 11:32:12,305 | INFO | configure_fit: strategy sampled 24 clients (out of 24)
2026-07-06 11:32:14,362 | INFO | aggregate_fit: received 24 results and 0 failures
2026-07-06 11:32:16,228 | INFO | fit progress: (54, 15.876222869873047, {'accuracy': 0.1048, 'global_ece': 0.254079582336545, 'selected_count': 15, 'active_physical_devices': 15}, 217.6368817538023)
2026-07-06 11:32:16,228 | INFO | configure_evaluate: no clients selected, skipping evaluation
2026-07-06 11:32:16,228 | INFO | 
2026-07-06 11:32:16,228 | INFO | [ROUND 55]
2026-07-06 11:32:16,229 | INFO | configure_fit: strategy sampled 24 clients (out of 24)
2026-07-06 11:32:18,405 | INFO | aggregate_fit: received 24 results and 0 failures
2026-07-06 11:32:20,461 | INFO | fit progress: (55, 16.177979888916017, {'accuracy': 0.0964, 'global_ece': 0.2628417102858424, 'selected_count': 15, 'active_physical_devices': 15}, 221.86936310306191)
2026-07-06 11:32:20,461 | INFO | configure_evaluate: no clients selected, skipping evaluation
2026-07-06 11:32:20,461 | INFO | 
2026-07-06 11:32:20,461 | INFO | [ROUND 56]
2026-07-06 11:32:20,462 | INFO | configure_fit: strategy sampled 24 clients (out of 24)
2026-07-06 11:32:22,341 | INFO | aggregate_fit: received 24 results and 0 failures
2026-07-06 11:32:24,342 | INFO | fit progress: (56, 15.908561892700195, {'accuracy': 0.1065, 'global_ece': 0.2529070569336415, 'selected_count': 15, 'active_physical_devices': 15}, 225.75105094909668)
2026-07-06 11:32:24,343 | INFO | configure_evaluate: no clients selected, skipping evaluation
2026-07-06 11:32:24,343 | INFO | 
2026-07-06 11:32:24,343 | INFO | [ROUND 57]
2026-07-06 11:32:24,344 | INFO | configure_fit: strategy sampled 24 clients (out of 24)
2026-07-06 11:32:26,623 | INFO | aggregate_fit: received 24 results and 0 failures
2026-07-06 11:32:28,545 | INFO | fit progress: (57, 15.67763886566162, {'accuracy': 0.1061, 'global_ece': 0.2507421494543552, 'selected_count': 15, 'active_physical_devices': 15}, 229.9534576497972)
2026-07-06 11:32:28,545 | INFO | configure_evaluate: no clients selected, skipping evaluation
2026-07-06 11:32:28,545 | INFO | 
2026-07-06 11:32:28,545 | INFO | [ROUND 58]
2026-07-06 11:32:28,546 | INFO | configure_fit: strategy sampled 24 clients (out of 24)
2026-07-06 11:32:30,408 | INFO | aggregate_fit: received 24 results and 0 failures
2026-07-06 11:32:32,355 | INFO | fit progress: (58, 15.913039758300782, {'accuracy': 0.1008, 'global_ece': 0.2580488795340061, 'selected_count': 15, 'active_physical_devices': 15}, 233.7637177631259)
2026-07-06 11:32:32,355 | INFO | configure_evaluate: no clients selected, skipping evaluation
2026-07-06 11:32:32,355 | INFO | 
2026-07-06 11:32:32,355 | INFO | [ROUND 59]
2026-07-06 11:32:32,356 | INFO | configure_fit: strategy sampled 24 clients (out of 24)
2026-07-06 11:32:34,356 | INFO | aggregate_fit: received 24 results and 0 failures
2026-07-06 11:32:36,339 | INFO | fit progress: (59, 15.953532592773438, {'accuracy': 0.1033, 'global_ece': 0.2572590543925763, 'selected_count': 15, 'active_physical_devices': 15}, 237.74768301472068)
2026-07-06 11:32:36,339 | INFO | configure_evaluate: no clients selected, skipping evaluation
2026-07-06 11:32:36,339 | INFO | 
2026-07-06 11:32:36,339 | INFO | [ROUND 60]
2026-07-06 11:32:36,340 | INFO | configure_fit: strategy sampled 24 clients (out of 24)
2026-07-06 11:32:38,239 | INFO | aggregate_fit: received 24 results and 0 failures
2026-07-06 11:32:40,307 | INFO | fit progress: (60, 15.921385145568848, {'accuracy': 0.1068, 'global_ece': 0.25244834498763086, 'selected_count': 15, 'active_physical_devices': 15}, 241.71559766680002)
2026-07-06 11:32:40,307 | INFO | configure_evaluate: no clients selected, skipping evaluation
2026-07-06 11:32:40,307 | INFO | 
2026-07-06 11:32:40,307 | INFO | [SUMMARY]
2026-07-06 11:32:40,307 | INFO | Run finished 60 round(s) in 241.72s
2026-07-06 11:32:40,354 | INFO | 	History (loss, centralized):
2026-07-06 11:32:40,354 | INFO | 		round 0: 16.166472961425782
2026-07-06 11:32:40,354 | INFO | 		round 1: 15.901926916503907
2026-07-06 11:32:40,354 | INFO | 		round 2: 16.028563917541504
2026-07-06 11:32:40,354 | INFO | 		round 3: 16.07391227416992
2026-07-06 11:32:40,354 | INFO | 		round 4: 15.817524026489258
2026-07-06 11:32:40,354 | INFO | 		round 5: 16.10299376220703
2026-07-06 11:32:40,354 | INFO | 		round 6: 16.093342297363282
2026-07-06 11:32:40,354 | INFO | 		round 7: 16.22782812805176
2026-07-06 11:32:40,355 | INFO | 		round 8: 15.671640625
2026-07-06 11:32:40,355 | INFO | 		round 9: 16.039293090820312
2026-07-06 11:32:40,355 | INFO | 		round 10: 16.173992572021483
2026-07-06 11:32:40,355 | INFO | 		round 11: 15.81527944946289
2026-07-06 11:32:40,355 | INFO | 		round 12: 15.845708267211915
2026-07-06 11:32:40,355 | INFO | 		round 13: 15.978064855957031
2026-07-06 11:32:40,355 | INFO | 		round 14: 15.971642462158202
2026-07-06 11:32:40,355 | INFO | 		round 15: 16.10824415435791
2026-07-06 11:32:40,355 | INFO | 		round 16: 16.037431396484376
2026-07-06 11:32:40,355 | INFO | 		round 17: 16.0582377243042
2026-07-06 11:32:40,355 | INFO | 		round 18: 15.92431958618164
2026-07-06 11:32:40,355 | INFO | 		round 19: 15.958655993652343
2026-07-06 11:32:40,355 | INFO | 		round 20: 16.089791484069824
2026-07-06 11:32:40,355 | INFO | 		round 21: 15.809359524536132
2026-07-06 11:32:40,355 | INFO | 		round 22: 15.833850219726562
2026-07-06 11:32:40,355 | INFO | 		round 23: 15.946363311767579
2026-07-06 11:32:40,355 | INFO | 		round 24: 15.679960729980468
2026-07-06 11:32:40,355 | INFO | 		round 25: 15.88519529724121
2026-07-06 11:32:40,355 | INFO | 		round 26: 15.862895993041992
2026-07-06 11:32:40,355 | INFO | 		round 27: 15.755698321533202
2026-07-06 11:32:40,355 | INFO | 		round 28: 16.188185513305665
2026-07-06 11:32:40,355 | INFO | 		round 29: 15.859424420166016
2026-07-06 11:32:40,355 | INFO | 		round 30: 15.719031994628907
2026-07-06 11:32:40,355 | INFO | 		round 31: 15.958317747497558
2026-07-06 11:32:40,355 | INFO | 		round 32: 15.719148431396484
2026-07-06 11:32:40,355 | INFO | 		round 33: 16.19701056213379
2026-07-06 11:32:40,355 | INFO | 		round 34: 15.715058807373048
2026-07-06 11:32:40,355 | INFO | 		round 35: 15.965984790039062
2026-07-06 11:32:40,355 | INFO | 		round 36: 16.08648430786133
2026-07-06 11:32:40,355 | INFO | 		round 37: 16.032455360412598
2026-07-06 11:32:40,355 | INFO | 		round 38: 15.88867518310547
2026-07-06 11:32:40,355 | INFO | 		round 39: 16.193563299560548
2026-07-06 11:32:40,355 | INFO | 		round 40: 15.93592960205078
2026-07-06 11:32:40,355 | INFO | 		round 41: 15.827274243164062
2026-07-06 11:32:40,355 | INFO | 		round 42: 15.89157663269043
2026-07-06 11:32:40,355 | INFO | 		round 43: 16.265795068359374
2026-07-06 11:32:40,356 | INFO | 		round 44: 15.780867492675782
2026-07-06 11:32:40,356 | INFO | 		round 45: 15.89028420715332
2026-07-06 11:32:40,356 | INFO | 		round 46: 15.57827622680664
2026-07-06 11:32:40,356 | INFO | 		round 47: 15.605427261352538
2026-07-06 11:32:40,356 | INFO | 		round 48: 15.910808056640626
2026-07-06 11:32:40,356 | INFO | 		round 49: 15.756865187072753
2026-07-06 11:32:40,356 | INFO | 		round 50: 16.01427929992676
2026-07-06 11:32:40,356 | INFO | 		round 51: 15.251042820739746
2026-07-06 11:32:40,356 | INFO | 		round 52: 15.63138276977539
2026-07-06 11:32:40,356 | INFO | 		round 53: 16.078351806640626
2026-07-06 11:32:40,356 | INFO | 		round 54: 15.876222869873047
2026-07-06 11:32:40,356 | INFO | 		round 55: 16.177979888916017
2026-07-06 11:32:40,356 | INFO | 		round 56: 15.908561892700195
2026-07-06 11:32:40,356 | INFO | 		round 57: 15.67763886566162
2026-07-06 11:32:40,356 | INFO | 		round 58: 15.913039758300782
2026-07-06 11:32:40,356 | INFO | 		round 59: 15.953532592773438
2026-07-06 11:32:40,356 | INFO | 		round 60: 15.921385145568848
2026-07-06 11:32:40,356 | INFO | 	History (metrics, distributed, fit):
2026-07-06 11:32:40,356 | INFO | 	{'active_physical_devices': [(1, 15),
2026-07-06 11:32:40,356 | INFO | 	                             (2, 15),
2026-07-06 11:32:40,356 | INFO | 	                             (3, 15),
2026-07-06 11:32:40,356 | INFO | 	                             (4, 15),
2026-07-06 11:32:40,356 | INFO | 	                             (5, 15),
2026-07-06 11:32:40,356 | INFO | 	                             (6, 15),
2026-07-06 11:32:40,356 | INFO | 	                             (7, 15),
2026-07-06 11:32:40,356 | INFO | 	                             (8, 15),
2026-07-06 11:32:40,356 | INFO | 	                             (9, 15),
2026-07-06 11:32:40,356 | INFO | 	                             (10, 15),
2026-07-06 11:32:40,356 | INFO | 	                             (11, 15),
2026-07-06 11:32:40,356 | INFO | 	                             (12, 15),
2026-07-06 11:32:40,356 | INFO | 	                             (13, 15),
2026-07-06 11:32:40,356 | INFO | 	                             (14, 15),
2026-07-06 11:32:40,356 | INFO | 	                             (15, 15),
2026-07-06 11:32:40,356 | INFO | 	                             (16, 15),
2026-07-06 11:32:40,356 | INFO | 	                             (17, 15),
2026-07-06 11:32:40,356 | INFO | 	                             (18, 15),
2026-07-06 11:32:40,356 | INFO | 	                             (19, 15),
2026-07-06 11:32:40,357 | INFO | 	                             (20, 15),
2026-07-06 11:32:40,357 | INFO | 	                             (21, 15),
2026-07-06 11:32:40,357 | INFO | 	                             (22, 15),
2026-07-06 11:32:40,357 | INFO | 	                             (23, 15),
2026-07-06 11:32:40,357 | INFO | 	                             (24, 15),
2026-07-06 11:32:40,357 | INFO | 	                             (25, 15),
2026-07-06 11:32:40,357 | INFO | 	                             (26, 15),
2026-07-06 11:32:40,357 | INFO | 	                             (27, 15),
2026-07-06 11:32:40,357 | INFO | 	                             (28, 15),
2026-07-06 11:32:40,357 | INFO | 	                             (29, 15),
2026-07-06 11:32:40,357 | INFO | 	                             (30, 15),
2026-07-06 11:32:40,357 | INFO | 	                             (31, 15),
2026-07-06 11:32:40,357 | INFO | 	                             (32, 15),
2026-07-06 11:32:40,357 | INFO | 	                             (33, 15),
2026-07-06 11:32:40,357 | INFO | 	                             (34, 15),
2026-07-06 11:32:40,357 | INFO | 	                             (35, 15),
2026-07-06 11:32:40,357 | INFO | 	                             (36, 15),
2026-07-06 11:32:40,357 | INFO | 	                             (37, 15),
2026-07-06 11:32:40,357 | INFO | 	                             (38, 15),
2026-07-06 11:32:40,357 | INFO | 	                             (39, 15),
2026-07-06 11:32:40,357 | INFO | 	                             (40, 15),
2026-07-06 11:32:40,357 | INFO | 	                             (41, 15),
2026-07-06 11:32:40,357 | INFO | 	                             (42, 15),
2026-07-06 11:32:40,357 | INFO | 	                             (43, 15),
2026-07-06 11:32:40,357 | INFO | 	                             (44, 15),
2026-07-06 11:32:40,357 | INFO | 	                             (45, 15),
2026-07-06 11:32:40,357 | INFO | 	                             (46, 15),
2026-07-06 11:32:40,357 | INFO | 	                             (47, 15),
2026-07-06 11:32:40,357 | INFO | 	                             (48, 15),
2026-07-06 11:32:40,357 | INFO | 	                             (49, 15),
2026-07-06 11:32:40,357 | INFO | 	                             (50, 15),
2026-07-06 11:32:40,357 | INFO | 	                             (51, 15),
2026-07-06 11:32:40,357 | INFO | 	                             (52, 15),
2026-07-06 11:32:40,357 | INFO | 	                             (53, 15),
2026-07-06 11:32:40,357 | INFO | 	                             (54, 15),
2026-07-06 11:32:40,357 | INFO | 	                             (55, 15),
2026-07-06 11:32:40,357 | INFO | 	                             (56, 15),
2026-07-06 11:32:40,358 | INFO | 	                             (57, 15),
2026-07-06 11:32:40,358 | INFO | 	                             (58, 15),
2026-07-06 11:32:40,358 | INFO | 	                             (59, 15),
2026-07-06 11:32:40,358 | INFO | 	                             (60, 15)],
2026-07-06 11:32:40,358 | INFO | 	 'active_virtual_clients': [(1, 12),
2026-07-06 11:32:40,358 | INFO | 	                            (2, 13),
2026-07-06 11:32:40,358 | INFO | 	                            (3, 12),
2026-07-06 11:32:40,358 | INFO | 	                            (4, 10),
2026-07-06 11:32:40,358 | INFO | 	                            (5, 13),
2026-07-06 11:32:40,358 | INFO | 	                            (6, 12),
2026-07-06 11:32:40,358 | INFO | 	                            (7, 10),
2026-07-06 11:32:40,358 | INFO | 	                            (8, 12),
2026-07-06 11:32:40,358 | INFO | 	                            (9, 10),
2026-07-06 11:32:40,358 | INFO | 	                            (10, 13),
2026-07-06 11:32:40,358 | INFO | 	                            (11, 15),
2026-07-06 11:32:40,358 | INFO | 	                            (12, 12),
2026-07-06 11:32:40,358 | INFO | 	                            (13, 14),
2026-07-06 11:32:40,358 | INFO | 	                            (14, 12),
2026-07-06 11:32:40,358 | INFO | 	                            (15, 13),
2026-07-06 11:32:40,358 | INFO | 	                            (16, 12),
2026-07-06 11:32:40,358 | INFO | 	                            (17, 12),
2026-07-06 11:32:40,358 | INFO | 	                            (18, 12),
2026-07-06 11:32:40,358 | INFO | 	                            (19, 10),
2026-07-06 11:32:40,358 | INFO | 	                            (20, 12),
2026-07-06 11:32:40,358 | INFO | 	                            (21, 10),
2026-07-06 11:32:40,358 | INFO | 	                            (22, 12),
2026-07-06 11:32:40,358 | INFO | 	                            (23, 10),
2026-07-06 11:32:40,358 | INFO | 	                            (24, 14),
2026-07-06 11:32:40,358 | INFO | 	                            (25, 13),
2026-07-06 11:32:40,358 | INFO | 	                            (26, 11),
2026-07-06 11:32:40,358 | INFO | 	                            (27, 10),
2026-07-06 11:32:40,358 | INFO | 	                            (28, 11),
2026-07-06 11:32:40,358 | INFO | 	                            (29, 10),
2026-07-06 11:32:40,358 | INFO | 	                            (30, 13),
2026-07-06 11:32:40,358 | INFO | 	                            (31, 11),
2026-07-06 11:32:40,358 | INFO | 	                            (32, 12),
2026-07-06 11:32:40,358 | INFO | 	                            (33, 12),
2026-07-06 11:32:40,359 | INFO | 	                            (34, 14),
2026-07-06 11:32:40,359 | INFO | 	                            (35, 11),
2026-07-06 11:32:40,359 | INFO | 	                            (36, 11),
2026-07-06 11:32:40,359 | INFO | 	                            (37, 11),
2026-07-06 11:32:40,359 | INFO | 	                            (38, 12),
2026-07-06 11:32:40,359 | INFO | 	                            (39, 11),
2026-07-06 11:32:40,359 | INFO | 	                            (40, 11),
2026-07-06 11:32:40,359 | INFO | 	                            (41, 11),
2026-07-06 11:32:40,359 | INFO | 	                            (42, 11),
2026-07-06 11:32:40,359 | INFO | 	                            (43, 10),
2026-07-06 11:32:40,359 | INFO | 	                            (44, 12),
2026-07-06 11:32:40,359 | INFO | 	                            (45, 12),
2026-07-06 11:32:40,359 | INFO | 	                            (46, 11),
2026-07-06 11:32:40,359 | INFO | 	                            (47, 10),
2026-07-06 11:32:40,359 | INFO | 	                            (48, 12),
2026-07-06 11:32:40,359 | INFO | 	                            (49, 13),
2026-07-06 11:32:40,359 | INFO | 	                            (50, 11),
2026-07-06 11:32:40,359 | INFO | 	                            (51, 12),
2026-07-06 11:32:40,359 | INFO | 	                            (52, 11),
2026-07-06 11:32:40,359 | INFO | 	                            (53, 12),
2026-07-06 11:32:40,359 | INFO | 	                            (54, 13),
2026-07-06 11:32:40,359 | INFO | 	                            (55, 11),
2026-07-06 11:32:40,359 | INFO | 	                            (56, 11),
2026-07-06 11:32:40,359 | INFO | 	                            (57, 14),
2026-07-06 11:32:40,359 | INFO | 	                            (58, 14),
2026-07-06 11:32:40,359 | INFO | 	                            (59, 12),
2026-07-06 11:32:40,359 | INFO | 	                            (60, 13)],
2026-07-06 11:32:40,359 | INFO | 	 'aggregate_time_sec': [(1, 0.011143878102302551),
2026-07-06 11:32:40,359 | INFO | 	                        (2, 0.009599946439266205),
2026-07-06 11:32:40,359 | INFO | 	                        (3, 0.010131306946277618),
2026-07-06 11:32:40,359 | INFO | 	                        (4, 0.00936313346028328),
2026-07-06 11:32:40,359 | INFO | 	                        (5, 0.008478503674268723),
2026-07-06 11:32:40,359 | INFO | 	                        (6, 0.008872058242559433),
2026-07-06 11:32:40,359 | INFO | 	                        (7, 0.0076638273894786835),
2026-07-06 11:32:40,359 | INFO | 	                        (8, 0.009805090725421906),
2026-07-06 11:32:40,359 | INFO | 	                        (9, 0.012391209602355957),
2026-07-06 11:32:40,359 | INFO | 	                        (10, 0.010735780000686646),
2026-07-06 11:32:40,359 | INFO | 	                        (11, 0.01138448715209961),
2026-07-06 11:32:40,360 | INFO | 	                        (12, 0.00949886068701744),
2026-07-06 11:32:40,360 | INFO | 	                        (13, 0.00836995244026184),
2026-07-06 11:32:40,360 | INFO | 	                        (14, 0.008399255573749542),
2026-07-06 11:32:40,360 | INFO | 	                        (15, 0.00863020122051239),
2026-07-06 11:32:40,360 | INFO | 	                        (16, 0.008947975933551788),
2026-07-06 11:32:40,360 | INFO | 	                        (17, 0.010190494358539581),
2026-07-06 11:32:40,360 | INFO | 	                        (18, 0.008144762367010117),
2026-07-06 11:32:40,360 | INFO | 	                        (19, 0.008437380194664001),
2026-07-06 11:32:40,360 | INFO | 	                        (20, 0.010018505156040192),
2026-07-06 11:32:40,360 | INFO | 	                        (21, 0.009406812489032745),
2026-07-06 11:32:40,360 | INFO | 	                        (22, 0.008334595710039139),
2026-07-06 11:32:40,360 | INFO | 	                        (23, 0.007099278271198273),
2026-07-06 11:32:40,360 | INFO | 	                        (24, 0.010931838303804398),
2026-07-06 11:32:40,360 | INFO | 	                        (25, 0.008502937853336334),
2026-07-06 11:32:40,360 | INFO | 	                        (26, 0.008544087409973145),
2026-07-06 11:32:40,360 | INFO | 	                        (27, 0.009261935949325562),
2026-07-06 11:32:40,360 | INFO | 	                        (28, 0.007914811372756958),
2026-07-06 11:32:40,360 | INFO | 	                        (29, 0.009486183524131775),
2026-07-06 11:32:40,360 | INFO | 	                        (30, 0.010878954082727432),
2026-07-06 11:32:40,360 | INFO | 	                        (31, 0.008158013224601746),
2026-07-06 11:32:40,360 | INFO | 	                        (32, 0.010846547782421112),
2026-07-06 11:32:40,360 | INFO | 	                        (33, 0.01062685251235962),
2026-07-06 11:32:40,360 | INFO | 	                        (34, 0.008811883628368378),
2026-07-06 11:32:40,360 | INFO | 	                        (35, 0.009113449603319168),
2026-07-06 11:32:40,360 | INFO | 	                        (36, 0.008851427584886551),
2026-07-06 11:32:40,360 | INFO | 	                        (37, 0.01190996915102005),
2026-07-06 11:32:40,360 | INFO | 	                        (38, 0.010599154978990555),
2026-07-06 11:32:40,360 | INFO | 	                        (39, 0.008920732885599136),
2026-07-06 11:32:40,360 | INFO | 	                        (40, 0.010398425161838531),
2026-07-06 11:32:40,360 | INFO | 	                        (41, 0.010129299014806747),
2026-07-06 11:32:40,360 | INFO | 	                        (42, 0.009855587035417557),
2026-07-06 11:32:40,360 | INFO | 	                        (43, 0.00972713902592659),
2026-07-06 11:32:40,360 | INFO | 	                        (44, 0.008960742503404617),
2026-07-06 11:32:40,360 | INFO | 	                        (45, 0.009381212294101715),
2026-07-06 11:32:40,360 | INFO | 	                        (46, 0.017462756484746933),
2026-07-06 11:32:40,360 | INFO | 	                        (47, 0.009959377348423004),
2026-07-06 11:32:40,360 | INFO | 	                        (48, 0.009262759238481522),
2026-07-06 11:32:40,361 | INFO | 	                        (49, 0.009643230587244034),
2026-07-06 11:32:40,361 | INFO | 	                        (50, 0.010050598531961441),
2026-07-06 11:32:40,361 | INFO | 	                        (51, 0.009427487850189209),
2026-07-06 11:32:40,361 | INFO | 	                        (52, 0.010278187692165375),
2026-07-06 11:32:40,361 | INFO | 	                        (53, 0.010444730520248413),
2026-07-06 11:32:40,361 | INFO | 	                        (54, 0.008218716830015182),
2026-07-06 11:32:40,361 | INFO | 	                        (55, 0.007626812905073166),
2026-07-06 11:32:40,361 | INFO | 	                        (56, 0.009633764624595642),
2026-07-06 11:32:40,361 | INFO | 	                        (57, 0.009397324174642563),
2026-07-06 11:32:40,361 | INFO | 	                        (58, 0.008639488369226456),
2026-07-06 11:32:40,361 | INFO | 	                        (59, 0.00747976079583168),
2026-07-06 11:32:40,361 | INFO | 	                        (60, 0.014282263815402985)],
2026-07-06 11:32:40,361 | INFO | 	 'aggregation_delta_cosine': [(1, 0.9973664736531788),
2026-07-06 11:32:40,361 | INFO | 	                              (2, 0.9963138770705013),
2026-07-06 11:32:40,361 | INFO | 	                              (3, 0.997526983063914),
2026-07-06 11:32:40,361 | INFO | 	                              (4, 0.996793840936469),
2026-07-06 11:32:40,361 | INFO | 	                              (5, 0.9990780097750819),
2026-07-06 11:32:40,361 | INFO | 	                              (6, 0.9988256431041966),
2026-07-06 11:32:40,361 | INFO | 	                              (7, 0.9991857177340584),
2026-07-06 11:32:40,361 | INFO | 	                              (8, 0.9988811586570804),
2026-07-06 11:32:40,361 | INFO | 	                              (9, 0.9995237199457),
2026-07-06 11:32:40,361 | INFO | 	                              (10, 0.9997317510487446),
2026-07-06 11:32:40,361 | INFO | 	                              (11, 0.9988398708410618),
2026-07-06 11:32:40,361 | INFO | 	                              (12, 0.9996267291414227),
2026-07-06 11:32:40,361 | INFO | 	                              (13, 0.9998228611544813),
2026-07-06 11:32:40,361 | INFO | 	                              (14, 0.9995617357644613),
2026-07-06 11:32:40,361 | INFO | 	                              (15, 0.9997153576960182),
2026-07-06 11:32:40,361 | INFO | 	                              (16, 0.9987531857953209),
2026-07-06 11:32:40,361 | INFO | 	                              (17, 0.9985531258854129),
2026-07-06 11:32:40,361 | INFO | 	                              (18, 0.9996104783207755),
2026-07-06 11:32:40,361 | INFO | 	                              (19, 0.999151618131379),
2026-07-06 11:32:40,361 | INFO | 	                              (20, 0.999493948618398),
2026-07-06 11:32:40,361 | INFO | 	                              (21, 0.99890573943649),
2026-07-06 11:32:40,361 | INFO | 	                              (22, 0.9997614358767031),
2026-07-06 11:32:40,361 | INFO | 	                              (23, 0.9997645952004286),
2026-07-06 11:32:40,361 | INFO | 	                              (24, 0.999152865386903),
2026-07-06 11:32:40,361 | INFO | 	                              (25, 0.9994820582680639),
2026-07-06 11:32:40,361 | INFO | 	                              (26, 0.9997360567895929),
2026-07-06 11:32:40,361 | INFO | 	                              (27, 0.9996192405517111),
2026-07-06 11:32:40,362 | INFO | 	                              (28, 0.9989824075111036),
2026-07-06 11:32:40,362 | INFO | 	                              (29, 0.9992927305835502),
2026-07-06 11:32:40,362 | INFO | 	                              (30, 0.9996303703247552),
2026-07-06 11:32:40,362 | INFO | 	                              (31, 0.9998646785024274),
2026-07-06 11:32:40,362 | INFO | 	                              (32, 0.9993731192976836),
2026-07-06 11:32:40,362 | INFO | 	                              (33, 0.9996763189987437),
2026-07-06 11:32:40,362 | INFO | 	                              (34, 0.9997415565806977),
2026-07-06 11:32:40,362 | INFO | 	                              (35, 0.999606205877876),
2026-07-06 11:32:40,362 | INFO | 	                              (36, 0.9995332050728963),
2026-07-06 11:32:40,362 | INFO | 	                              (37, 0.9998263109940564),
2026-07-06 11:32:40,362 | INFO | 	                              (38, 0.9996904316118094),
2026-07-06 11:32:40,362 | INFO | 	                              (39, 0.9993465981947209),
2026-07-06 11:32:40,362 | INFO | 	                              (40, 0.9996972067516343),
2026-07-06 11:32:40,362 | INFO | 	                              (41, 0.9998305759591499),
2026-07-06 11:32:40,362 | INFO | 	                              (42, 0.9995899463488004),
2026-07-06 11:32:40,362 | INFO | 	                              (43, 0.9991171319168974),
2026-07-06 11:32:40,362 | INFO | 	                              (44, 0.9995342328373408),
2026-07-06 11:32:40,362 | INFO | 	                              (45, 0.9993924228894498),
2026-07-06 11:32:40,362 | INFO | 	                              (46, 0.9990385956800598),
2026-07-06 11:32:40,362 | INFO | 	                              (47, 0.9996449564093942),
2026-07-06 11:32:40,362 | INFO | 	                              (48, 0.9996735163843973),
2026-07-06 11:32:40,362 | INFO | 	                              (49, 0.9996779213792493),
2026-07-06 11:32:40,362 | INFO | 	                              (50, 0.9998690564641157),
2026-07-06 11:32:40,362 | INFO | 	                              (51, 0.9997301446571004),
2026-07-06 11:32:40,362 | INFO | 	                              (52, 0.999375305325815),
2026-07-06 11:32:40,362 | INFO | 	                              (53, 0.9998775099123155),
2026-07-06 11:32:40,362 | INFO | 	                              (54, 0.999745867630288),
2026-07-06 11:32:40,362 | INFO | 	                              (55, 0.9996738615522385),
2026-07-06 11:32:40,362 | INFO | 	                              (56, 0.9996489975624772),
2026-07-06 11:32:40,362 | INFO | 	                              (57, 0.9997114296581617),
2026-07-06 11:32:40,362 | INFO | 	                              (58, 0.9998067462318888),
2026-07-06 11:32:40,362 | INFO | 	                              (59, 0.9997754985544657),
2026-07-06 11:32:40,362 | INFO | 	                              (60, 0.9997925948049619)],
2026-07-06 11:32:40,362 | INFO | 	 'aggregation_delta_l2': [(1, 0.4965177034527252),
2026-07-06 11:32:40,362 | INFO | 	                          (2, 0.59367395921901),
2026-07-06 11:32:40,362 | INFO | 	                          (3, 0.48570706480825043),
2026-07-06 11:32:40,362 | INFO | 	                          (4, 0.5626563129291119),
2026-07-06 11:32:40,362 | INFO | 	                          (5, 0.30242396716696507),
2026-07-06 11:32:40,362 | INFO | 	                          (6, 0.34444698484478103),
2026-07-06 11:32:40,363 | INFO | 	                          (7, 0.2889489052212507),
2026-07-06 11:32:40,363 | INFO | 	                          (8, 0.3407915419062203),
2026-07-06 11:32:40,363 | INFO | 	                          (9, 0.22266338377885628),
2026-07-06 11:32:40,363 | INFO | 	                          (10, 0.1692867334073498),
2026-07-06 11:32:40,363 | INFO | 	                          (11, 0.35182947208811527),
2026-07-06 11:32:40,363 | INFO | 	                          (12, 0.1998687683082905),
2026-07-06 11:32:40,363 | INFO | 	                          (13, 0.1382010027028618),
2026-07-06 11:32:40,363 | INFO | 	                          (14, 0.21671853195633642),
2026-07-06 11:32:40,363 | INFO | 	                          (15, 0.17483586763536194),
2026-07-06 11:32:40,363 | INFO | 	                          (16, 0.36757308337008004),
2026-07-06 11:32:40,363 | INFO | 	                          (17, 0.39564127566180435),
2026-07-06 11:32:40,363 | INFO | 	                          (18, 0.20583655353462313),
2026-07-06 11:32:40,363 | INFO | 	                          (19, 0.305292981299396),
2026-07-06 11:32:40,363 | INFO | 	                          (20, 0.23622104656597556),
2026-07-06 11:32:40,363 | INFO | 	                          (21, 0.3521542375236637),
2026-07-06 11:32:40,363 | INFO | 	                          (22, 0.163447342607778),
2026-07-06 11:32:40,363 | INFO | 	                          (23, 0.16256349704469059),
2026-07-06 11:32:40,363 | INFO | 	                          (24, 0.3090905015213024),
2026-07-06 11:32:40,363 | INFO | 	                          (25, 0.24196149835767897),
2026-07-06 11:32:40,363 | INFO | 	                          (26, 0.17379875685490456),
2026-07-06 11:32:40,363 | INFO | 	                          (27, 0.20847234499732223),
2026-07-06 11:32:40,363 | INFO | 	                          (28, 0.3418879970965537),
2026-07-06 11:32:40,363 | INFO | 	                          (29, 0.28754113721909796),
2026-07-06 11:32:40,363 | INFO | 	                          (30, 0.2076773416326929),
2026-07-06 11:32:40,363 | INFO | 	                          (31, 0.12632258401011204),
2026-07-06 11:32:40,363 | INFO | 	                          (32, 0.27093099575488944),
2026-07-06 11:32:40,363 | INFO | 	                          (33, 0.1956745005737817),
2026-07-06 11:32:40,363 | INFO | 	                          (34, 0.17666609652291618),
2026-07-06 11:32:40,363 | INFO | 	                          (35, 0.21647537991039953),
2026-07-06 11:32:40,363 | INFO | 	                          (36, 0.23602754862650255),
2026-07-06 11:32:40,363 | INFO | 	                          (37, 0.14444136354759443),
2026-07-06 11:32:40,363 | INFO | 	                          (38, 0.19355872439975394),
2026-07-06 11:32:40,363 | INFO | 	                          (39, 0.2805144918693862),
2026-07-06 11:32:40,363 | INFO | 	                          (40, 0.19122507121914362),
2026-07-06 11:32:40,363 | INFO | 	                          (41, 0.14328667469921944),
2026-07-06 11:32:40,363 | INFO | 	                          (42, 0.22324240855834238),
2026-07-06 11:32:40,363 | INFO | 	                          (43, 0.3279417905060189),
2026-07-06 11:32:40,363 | INFO | 	                          (44, 0.23910693969639465),
2026-07-06 11:32:40,364 | INFO | 	                          (45, 0.273943043162187),
2026-07-06 11:32:40,364 | INFO | 	                          (46, 0.3443887941788676),
2026-07-06 11:32:40,364 | INFO | 	                          (47, 0.20953280997643328),
2026-07-06 11:32:40,364 | INFO | 	                          (48, 0.20114201706923024),
2026-07-06 11:32:40,364 | INFO | 	                          (49, 0.20047970392096032),
2026-07-06 11:32:40,364 | INFO | 	                          (50, 0.12855394585094163),
2026-07-06 11:32:40,364 | INFO | 	                          (51, 0.18381253018910376),
2026-07-06 11:32:40,364 | INFO | 	                          (52, 0.27987205702292206),
2026-07-06 11:32:40,364 | INFO | 	                          (53, 0.1243483683814969),
2026-07-06 11:32:40,364 | INFO | 	                          (54, 0.17922153621469414),
2026-07-06 11:32:40,364 | INFO | 	                          (55, 0.20383058173352275),
2026-07-06 11:32:40,364 | INFO | 	                          (56, 0.21119930601159145),
2026-07-06 11:32:40,364 | INFO | 	                          (57, 0.1923125791639185),
2026-07-06 11:32:40,364 | INFO | 	                          (58, 0.1570980230021379),
2026-07-06 11:32:40,364 | INFO | 	                          (59, 0.16953169179221614),
2026-07-06 11:32:40,364 | INFO | 	                          (60, 0.16304989230984368)],
2026-07-06 11:32:40,364 | INFO | 	 'aggregation_delta_linf': [(1, 0.05713919550180435),
2026-07-06 11:32:40,364 | INFO | 	                            (2, 0.07432186603546143),
2026-07-06 11:32:40,364 | INFO | 	                            (3, 0.04816960170865059),
2026-07-06 11:32:40,364 | INFO | 	                            (4, 0.05549246072769165),
2026-07-06 11:32:40,364 | INFO | 	                            (5, 0.02896866202354431),
2026-07-06 11:32:40,364 | INFO | 	                            (6, 0.0355193167924881),
2026-07-06 11:32:40,364 | INFO | 	                            (7, 0.03266829252243042),
2026-07-06 11:32:40,364 | INFO | 	                            (8, 0.03684462606906891),
2026-07-06 11:32:40,364 | INFO | 	                            (9, 0.024338215589523315),
2026-07-06 11:32:40,364 | INFO | 	                            (10, 0.014696016907691956),
2026-07-06 11:32:40,364 | INFO | 	                            (11, 0.029218167066574097),
2026-07-06 11:32:40,364 | INFO | 	                            (12, 0.01607675850391388),
2026-07-06 11:32:40,364 | INFO | 	                            (13, 0.014691025018692017),
2026-07-06 11:32:40,364 | INFO | 	                            (14, 0.01575087010860443),
2026-07-06 11:32:40,364 | INFO | 	                            (15, 0.01953432708978653),
2026-07-06 11:32:40,364 | INFO | 	                            (16, 0.036206454038619995),
2026-07-06 11:32:40,364 | INFO | 	                            (17, 0.03603629767894745),
2026-07-06 11:32:40,364 | INFO | 	                            (18, 0.018373817205429077),
2026-07-06 11:32:40,364 | INFO | 	                            (19, 0.03140915930271149),
2026-07-06 11:32:40,364 | INFO | 	                            (20, 0.021559379994869232),
2026-07-06 11:32:40,364 | INFO | 	                            (21, 0.029653728008270264),
2026-07-06 11:32:40,364 | INFO | 	                            (22, 0.015854492783546448),
2026-07-06 11:32:40,364 | INFO | 	                            (23, 0.012070894241333008),
2026-07-06 11:32:40,365 | INFO | 	                            (24, 0.02615821361541748),
2026-07-06 11:32:40,365 | INFO | 	                            (25, 0.027464091777801514),
2026-07-06 11:32:40,365 | INFO | 	                            (26, 0.01945270597934723),
2026-07-06 11:32:40,365 | INFO | 	                            (27, 0.01900535821914673),
2026-07-06 11:32:40,365 | INFO | 	                            (28, 0.04515257477760315),
2026-07-06 11:32:40,365 | INFO | 	                            (29, 0.036541953682899475),
2026-07-06 11:32:40,365 | INFO | 	                            (30, 0.022383764386177063),
2026-07-06 11:32:40,365 | INFO | 	                            (31, 0.009009897708892822),
2026-07-06 11:32:40,365 | INFO | 	                            (32, 0.031892940402030945),
2026-07-06 11:32:40,365 | INFO | 	                            (33, 0.018587112426757812),
2026-07-06 11:32:40,365 | INFO | 	                            (34, 0.015438497066497803),
2026-07-06 11:32:40,365 | INFO | 	                            (35, 0.01830640435218811),
2026-07-06 11:32:40,365 | INFO | 	                            (36, 0.016902558505535126),
2026-07-06 11:32:40,365 | INFO | 	                            (37, 0.01355917751789093),
2026-07-06 11:32:40,365 | INFO | 	                            (38, 0.015838995575904846),
2026-07-06 11:32:40,365 | INFO | 	                            (39, 0.02828952670097351),
2026-07-06 11:32:40,365 | INFO | 	                            (40, 0.022995725274086),
2026-07-06 11:32:40,365 | INFO | 	                            (41, 0.011505544185638428),
2026-07-06 11:32:40,365 | INFO | 	                            (42, 0.021195605397224426),
2026-07-06 11:32:40,365 | INFO | 	                            (43, 0.03858545422554016),
2026-07-06 11:32:40,365 | INFO | 	                            (44, 0.02144239842891693),
2026-07-06 11:32:40,365 | INFO | 	                            (45, 0.023959234356880188),
2026-07-06 11:32:40,365 | INFO | 	                            (46, 0.03893193602561951),
2026-07-06 11:32:40,365 | INFO | 	                            (47, 0.02268803119659424),
2026-07-06 11:32:40,365 | INFO | 	                            (48, 0.013526365160942078),
2026-07-06 11:32:40,365 | INFO | 	                            (49, 0.024553656578063965),
2026-07-06 11:32:40,365 | INFO | 	                            (50, 0.015815570950508118),
2026-07-06 11:32:40,365 | INFO | 	                            (51, 0.014165908098220825),
2026-07-06 11:32:40,365 | INFO | 	                            (52, 0.022131651639938354),
2026-07-06 11:32:40,365 | INFO | 	                            (53, 0.00975152850151062),
2026-07-06 11:32:40,365 | INFO | 	                            (54, 0.014516711235046387),
2026-07-06 11:32:40,365 | INFO | 	                            (55, 0.015969736501574516),
2026-07-06 11:32:40,365 | INFO | 	                            (56, 0.01855473965406418),
2026-07-06 11:32:40,365 | INFO | 	                            (57, 0.013004407286643982),
2026-07-06 11:32:40,365 | INFO | 	                            (58, 0.015198782086372375),
2026-07-06 11:32:40,365 | INFO | 	                            (59, 0.020871281623840332),
2026-07-06 11:32:40,365 | INFO | 	                            (60, 0.014592856168746948)],
2026-07-06 11:32:40,365 | INFO | 	 'aggregation_energy_after': [(1, nan),
2026-07-06 11:32:40,365 | INFO | 	                              (2, nan),
2026-07-06 11:32:40,366 | INFO | 	                              (3, nan),
2026-07-06 11:32:40,366 | INFO | 	                              (4, nan),
2026-07-06 11:32:40,366 | INFO | 	                              (5, nan),
2026-07-06 11:32:40,366 | INFO | 	                              (6, nan),
2026-07-06 11:32:40,366 | INFO | 	                              (7, nan),
2026-07-06 11:32:40,366 | INFO | 	                              (8, nan),
2026-07-06 11:32:40,366 | INFO | 	                              (9, nan),
2026-07-06 11:32:40,366 | INFO | 	                              (10, nan),
2026-07-06 11:32:40,366 | INFO | 	                              (11, nan),
2026-07-06 11:32:40,366 | INFO | 	                              (12, nan),
2026-07-06 11:32:40,366 | INFO | 	                              (13, nan),
2026-07-06 11:32:40,366 | INFO | 	                              (14, nan),
2026-07-06 11:32:40,366 | INFO | 	                              (15, nan),
2026-07-06 11:32:40,366 | INFO | 	                              (16, nan),
2026-07-06 11:32:40,366 | INFO | 	                              (17, nan),
2026-07-06 11:32:40,366 | INFO | 	                              (18, nan),
2026-07-06 11:32:40,366 | INFO | 	                              (19, nan),
2026-07-06 11:32:40,366 | INFO | 	                              (20, nan),
2026-07-06 11:32:40,366 | INFO | 	                              (21, nan),
2026-07-06 11:32:40,366 | INFO | 	                              (22, nan),
2026-07-06 11:32:40,366 | INFO | 	                              (23, nan),
2026-07-06 11:32:40,366 | INFO | 	                              (24, nan),
2026-07-06 11:32:40,366 | INFO | 	                              (25, nan),
2026-07-06 11:32:40,366 | INFO | 	                              (26, nan),
2026-07-06 11:32:40,366 | INFO | 	                              (27, nan),
2026-07-06 11:32:40,366 | INFO | 	                              (28, nan),
2026-07-06 11:32:40,366 | INFO | 	                              (29, nan),
2026-07-06 11:32:40,366 | INFO | 	                              (30, nan),
2026-07-06 11:32:40,366 | INFO | 	                              (31, nan),
2026-07-06 11:32:40,366 | INFO | 	                              (32, nan),
2026-07-06 11:32:40,366 | INFO | 	                              (33, nan),
2026-07-06 11:32:40,366 | INFO | 	                              (34, nan),
2026-07-06 11:32:40,366 | INFO | 	                              (35, nan),
2026-07-06 11:32:40,366 | INFO | 	                              (36, nan),
2026-07-06 11:32:40,366 | INFO | 	                              (37, nan),
2026-07-06 11:32:40,366 | INFO | 	                              (38, nan),
2026-07-06 11:32:40,366 | INFO | 	                              (39, nan),
2026-07-06 11:32:40,366 | INFO | 	                              (40, nan),
2026-07-06 11:32:40,367 | INFO | 	                              (41, nan),
2026-07-06 11:32:40,367 | INFO | 	                              (42, nan),
2026-07-06 11:32:40,367 | INFO | 	                              (43, nan),
2026-07-06 11:32:40,367 | INFO | 	                              (44, nan),
2026-07-06 11:32:40,367 | INFO | 	                              (45, nan),
2026-07-06 11:32:40,367 | INFO | 	                              (46, nan),
2026-07-06 11:32:40,367 | INFO | 	                              (47, nan),
2026-07-06 11:32:40,367 | INFO | 	                              (48, nan),
2026-07-06 11:32:40,367 | INFO | 	                              (49, nan),
2026-07-06 11:32:40,367 | INFO | 	                              (50, nan),
2026-07-06 11:32:40,367 | INFO | 	                              (51, nan),
2026-07-06 11:32:40,367 | INFO | 	                              (52, nan),
2026-07-06 11:32:40,367 | INFO | 	                              (53, nan),
2026-07-06 11:32:40,367 | INFO | 	                              (54, nan),
2026-07-06 11:32:40,367 | INFO | 	                              (55, nan),
2026-07-06 11:32:40,367 | INFO | 	                              (56, nan),
2026-07-06 11:32:40,367 | INFO | 	                              (57, nan),
2026-07-06 11:32:40,367 | INFO | 	                              (58, nan),
2026-07-06 11:32:40,367 | INFO | 	                              (59, nan),
2026-07-06 11:32:40,367 | INFO | 	                              (60, nan)],
2026-07-06 11:32:40,367 | INFO | 	 'aggregation_energy_before': [(1, nan),
2026-07-06 11:32:40,367 | INFO | 	                               (2, nan),
2026-07-06 11:32:40,367 | INFO | 	                               (3, nan),
2026-07-06 11:32:40,367 | INFO | 	                               (4, nan),
2026-07-06 11:32:40,367 | INFO | 	                               (5, nan),
2026-07-06 11:32:40,367 | INFO | 	                               (6, nan),
2026-07-06 11:32:40,367 | INFO | 	                               (7, nan),
2026-07-06 11:32:40,367 | INFO | 	                               (8, nan),
2026-07-06 11:32:40,367 | INFO | 	                               (9, nan),
2026-07-06 11:32:40,367 | INFO | 	                               (10, nan),
2026-07-06 11:32:40,367 | INFO | 	                               (11, nan),
2026-07-06 11:32:40,367 | INFO | 	                               (12, nan),
2026-07-06 11:32:40,367 | INFO | 	                               (13, nan),
2026-07-06 11:32:40,367 | INFO | 	                               (14, nan),
2026-07-06 11:32:40,367 | INFO | 	                               (15, nan),
2026-07-06 11:32:40,367 | INFO | 	                               (16, nan),
2026-07-06 11:32:40,367 | INFO | 	                               (17, nan),
2026-07-06 11:32:40,367 | INFO | 	                               (18, nan),
2026-07-06 11:32:40,367 | INFO | 	                               (19, nan),
2026-07-06 11:32:40,368 | INFO | 	                               (20, nan),
2026-07-06 11:32:40,368 | INFO | 	                               (21, nan),
2026-07-06 11:32:40,368 | INFO | 	                               (22, nan),
2026-07-06 11:32:40,368 | INFO | 	                               (23, nan),
2026-07-06 11:32:40,368 | INFO | 	                               (24, nan),
2026-07-06 11:32:40,368 | INFO | 	                               (25, nan),
2026-07-06 11:32:40,368 | INFO | 	                               (26, nan),
2026-07-06 11:32:40,368 | INFO | 	                               (27, nan),
2026-07-06 11:32:40,368 | INFO | 	                               (28, nan),
2026-07-06 11:32:40,368 | INFO | 	                               (29, nan),
2026-07-06 11:32:40,368 | INFO | 	                               (30, nan),
2026-07-06 11:32:40,368 | INFO | 	                               (31, nan),
2026-07-06 11:32:40,368 | INFO | 	                               (32, nan),
2026-07-06 11:32:40,368 | INFO | 	                               (33, nan),
2026-07-06 11:32:40,368 | INFO | 	                               (34, nan),
2026-07-06 11:32:40,368 | INFO | 	                               (35, nan),
2026-07-06 11:32:40,368 | INFO | 	                               (36, nan),
2026-07-06 11:32:40,368 | INFO | 	                               (37, nan),
2026-07-06 11:32:40,368 | INFO | 	                               (38, nan),
2026-07-06 11:32:40,368 | INFO | 	                               (39, nan),
2026-07-06 11:32:40,368 | INFO | 	                               (40, nan),
2026-07-06 11:32:40,368 | INFO | 	                               (41, nan),
2026-07-06 11:32:40,368 | INFO | 	                               (42, nan),
2026-07-06 11:32:40,368 | INFO | 	                               (43, nan),
2026-07-06 11:32:40,368 | INFO | 	                               (44, nan),
2026-07-06 11:32:40,368 | INFO | 	                               (45, nan),
2026-07-06 11:32:40,368 | INFO | 	                               (46, nan),
2026-07-06 11:32:40,368 | INFO | 	                               (47, nan),
2026-07-06 11:32:40,368 | INFO | 	                               (48, nan),
2026-07-06 11:32:40,368 | INFO | 	                               (49, nan),
2026-07-06 11:32:40,368 | INFO | 	                               (50, nan),
2026-07-06 11:32:40,368 | INFO | 	                               (51, nan),
2026-07-06 11:32:40,368 | INFO | 	                               (52, nan),
2026-07-06 11:32:40,368 | INFO | 	                               (53, nan),
2026-07-06 11:32:40,368 | INFO | 	                               (54, nan),
2026-07-06 11:32:40,368 | INFO | 	                               (55, nan),
2026-07-06 11:32:40,368 | INFO | 	                               (56, nan),
2026-07-06 11:32:40,368 | INFO | 	                               (57, nan),
2026-07-06 11:32:40,368 | INFO | 	                               (58, nan),
2026-07-06 11:32:40,369 | INFO | 	                               (59, nan),
2026-07-06 11:32:40,369 | INFO | 	                               (60, nan)],
2026-07-06 11:32:40,369 | INFO | 	 'aggregation_error_proxy': [(1, nan),
2026-07-06 11:32:40,369 | INFO | 	                             (2, nan),
2026-07-06 11:32:40,369 | INFO | 	                             (3, nan),
2026-07-06 11:32:40,369 | INFO | 	                             (4, nan),
2026-07-06 11:32:40,369 | INFO | 	                             (5, nan),
2026-07-06 11:32:40,369 | INFO | 	                             (6, nan),
2026-07-06 11:32:40,369 | INFO | 	                             (7, nan),
2026-07-06 11:32:40,369 | INFO | 	                             (8, nan),
2026-07-06 11:32:40,369 | INFO | 	                             (9, nan),
2026-07-06 11:32:40,369 | INFO | 	                             (10, nan),
2026-07-06 11:32:40,369 | INFO | 	                             (11, nan),
2026-07-06 11:32:40,369 | INFO | 	                             (12, nan),
2026-07-06 11:32:40,369 | INFO | 	                             (13, nan),
2026-07-06 11:32:40,369 | INFO | 	                             (14, nan),
2026-07-06 11:32:40,369 | INFO | 	                             (15, nan),
2026-07-06 11:32:40,369 | INFO | 	                             (16, nan),
2026-07-06 11:32:40,369 | INFO | 	                             (17, nan),
2026-07-06 11:32:40,369 | INFO | 	                             (18, nan),
2026-07-06 11:32:40,369 | INFO | 	                             (19, nan),
2026-07-06 11:32:40,369 | INFO | 	                             (20, nan),
2026-07-06 11:32:40,369 | INFO | 	                             (21, nan),
2026-07-06 11:32:40,369 | INFO | 	                             (22, nan),
2026-07-06 11:32:40,369 | INFO | 	                             (23, nan),
2026-07-06 11:32:40,369 | INFO | 	                             (24, nan),
2026-07-06 11:32:40,369 | INFO | 	                             (25, nan),
2026-07-06 11:32:40,369 | INFO | 	                             (26, nan),
2026-07-06 11:32:40,369 | INFO | 	                             (27, nan),
2026-07-06 11:32:40,369 | INFO | 	                             (28, nan),
2026-07-06 11:32:40,369 | INFO | 	                             (29, nan),
2026-07-06 11:32:40,369 | INFO | 	                             (30, nan),
2026-07-06 11:32:40,369 | INFO | 	                             (31, nan),
2026-07-06 11:32:40,369 | INFO | 	                             (32, nan),
2026-07-06 11:32:40,369 | INFO | 	                             (33, nan),
2026-07-06 11:32:40,369 | INFO | 	                             (34, nan),
2026-07-06 11:32:40,369 | INFO | 	                             (35, nan),
2026-07-06 11:32:40,369 | INFO | 	                             (36, nan),
2026-07-06 11:32:40,369 | INFO | 	                             (37, nan),
2026-07-06 11:32:40,369 | INFO | 	                             (38, nan),
2026-07-06 11:32:40,370 | INFO | 	                             (39, nan),
2026-07-06 11:32:40,370 | INFO | 	                             (40, nan),
2026-07-06 11:32:40,370 | INFO | 	                             (41, nan),
2026-07-06 11:32:40,370 | INFO | 	                             (42, nan),
2026-07-06 11:32:40,370 | INFO | 	                             (43, nan),
2026-07-06 11:32:40,370 | INFO | 	                             (44, nan),
2026-07-06 11:32:40,370 | INFO | 	                             (45, nan),
2026-07-06 11:32:40,370 | INFO | 	                             (46, nan),
2026-07-06 11:32:40,370 | INFO | 	                             (47, nan),
2026-07-06 11:32:40,370 | INFO | 	                             (48, nan),
2026-07-06 11:32:40,370 | INFO | 	                             (49, nan),
2026-07-06 11:32:40,370 | INFO | 	                             (50, nan),
2026-07-06 11:32:40,370 | INFO | 	                             (51, nan),
2026-07-06 11:32:40,370 | INFO | 	                             (52, nan),
2026-07-06 11:32:40,370 | INFO | 	                             (53, nan),
2026-07-06 11:32:40,370 | INFO | 	                             (54, nan),
2026-07-06 11:32:40,370 | INFO | 	                             (55, nan),
2026-07-06 11:32:40,370 | INFO | 	                             (56, nan),
2026-07-06 11:32:40,370 | INFO | 	                             (57, nan),
2026-07-06 11:32:40,370 | INFO | 	                             (58, nan),
2026-07-06 11:32:40,370 | INFO | 	                             (59, nan),
2026-07-06 11:32:40,370 | INFO | 	                             (60, nan)],
2026-07-06 11:32:40,370 | INFO | 	 'aggregation_mode': [(1, 'ola'),
2026-07-06 11:32:40,370 | INFO | 	                      (2, 'ola'),
2026-07-06 11:32:40,370 | INFO | 	                      (3, 'ola'),
2026-07-06 11:32:40,370 | INFO | 	                      (4, 'ola'),
2026-07-06 11:32:40,370 | INFO | 	                      (5, 'ola'),
2026-07-06 11:32:40,370 | INFO | 	                      (6, 'ola'),
2026-07-06 11:32:40,370 | INFO | 	                      (7, 'ola'),
2026-07-06 11:32:40,370 | INFO | 	                      (8, 'ola'),
2026-07-06 11:32:40,370 | INFO | 	                      (9, 'ola'),
2026-07-06 11:32:40,370 | INFO | 	                      (10, 'ola'),
2026-07-06 11:32:40,370 | INFO | 	                      (11, 'ola'),
2026-07-06 11:32:40,370 | INFO | 	                      (12, 'ola'),
2026-07-06 11:32:40,370 | INFO | 	                      (13, 'ola'),
2026-07-06 11:32:40,370 | INFO | 	                      (14, 'ola'),
2026-07-06 11:32:40,370 | INFO | 	                      (15, 'ola'),
2026-07-06 11:32:40,370 | INFO | 	                      (16, 'ola'),
2026-07-06 11:32:40,370 | INFO | 	                      (17, 'ola'),
2026-07-06 11:32:40,371 | INFO | 	                      (18, 'ola'),
2026-07-06 11:32:40,371 | INFO | 	                      (19, 'ola'),
2026-07-06 11:32:40,371 | INFO | 	                      (20, 'ola'),
2026-07-06 11:32:40,371 | INFO | 	                      (21, 'ola'),
2026-07-06 11:32:40,371 | INFO | 	                      (22, 'ola'),
2026-07-06 11:32:40,371 | INFO | 	                      (23, 'ola'),
2026-07-06 11:32:40,371 | INFO | 	                      (24, 'ola'),
2026-07-06 11:32:40,371 | INFO | 	                      (25, 'ola'),
2026-07-06 11:32:40,371 | INFO | 	                      (26, 'ola'),
2026-07-06 11:32:40,371 | INFO | 	                      (27, 'ola'),
2026-07-06 11:32:40,371 | INFO | 	                      (28, 'ola'),
2026-07-06 11:32:40,371 | INFO | 	                      (29, 'ola'),
2026-07-06 11:32:40,371 | INFO | 	                      (30, 'ola'),
2026-07-06 11:32:40,371 | INFO | 	                      (31, 'ola'),
2026-07-06 11:32:40,371 | INFO | 	                      (32, 'ola'),
2026-07-06 11:32:40,371 | INFO | 	                      (33, 'ola'),
2026-07-06 11:32:40,371 | INFO | 	                      (34, 'ola'),
2026-07-06 11:32:40,371 | INFO | 	                      (35, 'ola'),
2026-07-06 11:32:40,371 | INFO | 	                      (36, 'ola'),
2026-07-06 11:32:40,371 | INFO | 	                      (37, 'ola'),
2026-07-06 11:32:40,371 | INFO | 	                      (38, 'ola'),
2026-07-06 11:32:40,371 | INFO | 	                      (39, 'ola'),
2026-07-06 11:32:40,371 | INFO | 	                      (40, 'ola'),
2026-07-06 11:32:40,371 | INFO | 	                      (41, 'ola'),
2026-07-06 11:32:40,371 | INFO | 	                      (42, 'ola'),
2026-07-06 11:32:40,371 | INFO | 	                      (43, 'ola'),
2026-07-06 11:32:40,371 | INFO | 	                      (44, 'ola'),
2026-07-06 11:32:40,371 | INFO | 	                      (45, 'ola'),
2026-07-06 11:32:40,371 | INFO | 	                      (46, 'ola'),
2026-07-06 11:32:40,371 | INFO | 	                      (47, 'ola'),
2026-07-06 11:32:40,371 | INFO | 	                      (48, 'ola'),
2026-07-06 11:32:40,371 | INFO | 	                      (49, 'ola'),
2026-07-06 11:32:40,371 | INFO | 	                      (50, 'ola'),
2026-07-06 11:32:40,371 | INFO | 	                      (51, 'ola'),
2026-07-06 11:32:40,371 | INFO | 	                      (52, 'ola'),
2026-07-06 11:32:40,371 | INFO | 	                      (53, 'ola'),
2026-07-06 11:32:40,372 | INFO | 	                      (54, 'ola'),
2026-07-06 11:32:40,372 | INFO | 	                      (55, 'ola'),
2026-07-06 11:32:40,372 | INFO | 	                      (56, 'ola'),
2026-07-06 11:32:40,372 | INFO | 	                      (57, 'ola'),
2026-07-06 11:32:40,372 | INFO | 	                      (58, 'ola'),
2026-07-06 11:32:40,372 | INFO | 	                      (59, 'ola'),
2026-07-06 11:32:40,372 | INFO | 	                      (60, 'ola')],
2026-07-06 11:32:40,372 | INFO | 	 'aggregation_weight_entropy': [(1, 1.7112095259625282),
2026-07-06 11:32:40,372 | INFO | 	                                (2, 1.704502058628628),
2026-07-06 11:32:40,372 | INFO | 	                                (3, 1.9545763137175338),
2026-07-06 11:32:40,372 | INFO | 	                                (4, 1.6919175055918885),
2026-07-06 11:32:40,372 | INFO | 	                                (5, 2.124958864752726),
2026-07-06 11:32:40,372 | INFO | 	                                (6, 1.8490103545040275),
2026-07-06 11:32:40,372 | INFO | 	                                (7, 1.4109014015181776),
2026-07-06 11:32:40,372 | INFO | 	                                (8, 1.7810933348363382),
2026-07-06 11:32:40,372 | INFO | 	                                (9, 1.8773831910452836),
2026-07-06 11:32:40,372 | INFO | 	                                (10, 2.1466275087525),
2026-07-06 11:32:40,372 | INFO | 	                                (11, 1.9726654132494301),
2026-07-06 11:32:40,372 | INFO | 	                                (12, 1.9709510218510515),
2026-07-06 11:32:40,372 | INFO | 	                                (13, 2.3512864796870225),
2026-07-06 11:32:40,372 | INFO | 	                                (14, 1.838203206378032),
2026-07-06 11:32:40,372 | INFO | 	                                (15, 2.099276434064476),
2026-07-06 11:32:40,372 | INFO | 	                                (16, 1.5657012987415717),
2026-07-06 11:32:40,372 | INFO | 	                                (17, 2.0111408536898496),
2026-07-06 11:32:40,372 | INFO | 	                                (18, 1.9605950644733052),
2026-07-06 11:32:40,372 | INFO | 	                                (19, 1.753947149568368),
2026-07-06 11:32:40,372 | INFO | 	                                (20, 2.0234359713023133),
2026-07-06 11:32:40,372 | INFO | 	                                (21, 1.5509112410852548),
2026-07-06 11:32:40,372 | INFO | 	                                (22, 1.8572532208005494),
2026-07-06 11:32:40,372 | INFO | 	                                (23, 1.6937416418403903),
2026-07-06 11:32:40,372 | INFO | 	                                (24, 1.6648335652761796),
2026-07-06 11:32:40,372 | INFO | 	                                (25, 2.0410196291702882),
2026-07-06 11:32:40,372 | INFO | 	                                (26, 1.9226086841508099),
2026-07-06 11:32:40,372 | INFO | 	                                (27, 1.6060019373022822),
2026-07-06 11:32:40,372 | INFO | 	                                (28, 1.0336551112225079),
2026-07-06 11:32:40,372 | INFO | 	                                (29, 1.5461922590424162),
2026-07-06 11:32:40,372 | INFO | 	                                (30, 2.0129124065767754),
2026-07-06 11:32:40,373 | INFO | 	                                (31, 1.7310017906290969),
2026-07-06 11:32:40,373 | INFO | 	                                (32, 1.9256073388906951),
2026-07-06 11:32:40,373 | INFO | 	                                (33, 2.048781431500284),
2026-07-06 11:32:40,373 | INFO | 	                                (34, 2.0639066599867584),
2026-07-06 11:32:40,373 | INFO | 	                                (35, 1.551408463250592),
2026-07-06 11:32:40,373 | INFO | 	                                (36, 1.9026579105083408),
2026-07-06 11:32:40,373 | INFO | 	                                (37, 1.9113160388441834),
2026-07-06 11:32:40,373 | INFO | 	                                (38, 1.9617904841805283),
2026-07-06 11:32:40,373 | INFO | 	                                (39, 1.9998131225625657),
2026-07-06 11:32:40,373 | INFO | 	                                (40, 1.663528712837728),
2026-07-06 11:32:40,373 | INFO | 	                                (41, 2.0842048134231064),
2026-07-06 11:32:40,373 | INFO | 	                                (42, 1.4721212901650527),
2026-07-06 11:32:40,373 | INFO | 	                                (43, 1.8383620847508209),
2026-07-06 11:32:40,373 | INFO | 	                                (44, 1.83209971316117),
2026-07-06 11:32:40,373 | INFO | 	                                (45, 1.75194045639753),
2026-07-06 11:32:40,373 | INFO | 	                                (46, 1.5184316075433086),
2026-07-06 11:32:40,373 | INFO | 	                                (47, 1.6003481752655362),
2026-07-06 11:32:40,373 | INFO | 	                                (48, 1.822415922559669),
2026-07-06 11:32:40,373 | INFO | 	                                (49, 2.1370345974446137),
2026-07-06 11:32:40,373 | INFO | 	                                (50, 1.7695167963685108),
2026-07-06 11:32:40,373 | INFO | 	                                (51, 1.961687772094351),
2026-07-06 11:32:40,373 | INFO | 	                                (52, 1.8406871434021541),
2026-07-06 11:32:40,373 | INFO | 	                                (53, 1.9504587175010144),
2026-07-06 11:32:40,373 | INFO | 	                                (54, 2.1205505011617283),
2026-07-06 11:32:40,373 | INFO | 	                                (55, 1.9533611105455735),
2026-07-06 11:32:40,373 | INFO | 	                                (56, 1.7749020151024373),
2026-07-06 11:32:40,373 | INFO | 	                                (57, 2.0541099873735114),
2026-07-06 11:32:40,373 | INFO | 	                                (58, 2.2074253663125027),
2026-07-06 11:32:40,373 | INFO | 	                                (59, 1.9222492217781644),
2026-07-06 11:32:40,373 | INFO | 	                                (60, 2.0912899201141815)],
2026-07-06 11:32:40,373 | INFO | 	 'aggregation_weight_max': [(1, 0.3381294964028777),
2026-07-06 11:32:40,374 | INFO | 	                            (2, 0.4389908256880734),
2026-07-06 11:32:40,374 | INFO | 	                            (3, 0.35083748302399276),
2026-07-06 11:32:40,374 | INFO | 	                            (4, 0.44839400428265525),
2026-07-06 11:32:40,374 | INFO | 	                            (5, 0.24440619621342513),
2026-07-06 11:32:40,374 | INFO | 	                            (6, 0.334301119867275),
2026-07-06 11:32:40,374 | INFO | 	                            (7, 0.41335587489433645),
2026-07-06 11:32:40,374 | INFO | 	                            (8, 0.4130120481927711),
2026-07-06 11:32:40,374 | INFO | 	                            (9, 0.2567994939911448),
2026-07-06 11:32:40,374 | INFO | 	                            (10, 0.18896713615023475),
2026-07-06 11:32:40,374 | INFO | 	                            (11, 0.38146740719087985),
2026-07-06 11:32:40,374 | INFO | 	                            (12, 0.22095435684647302),
2026-07-06 11:32:40,374 | INFO | 	                            (13, 0.16245081506464307),
2026-07-06 11:32:40,374 | INFO | 	                            (14, 0.2768192048012003),
2026-07-06 11:32:40,374 | INFO | 	                            (15, 0.21195652173913043),
2026-07-06 11:32:40,374 | INFO | 	                            (16, 0.5894472361809046),
2026-07-06 11:32:40,374 | INFO | 	                            (17, 0.2212790039615167),
2026-07-06 11:32:40,374 | INFO | 	                            (18, 0.24438742783835793),
2026-07-06 11:32:40,374 | INFO | 	                            (19, 0.3443627450980392),
2026-07-06 11:32:40,374 | INFO | 	                            (20, 0.28512858740216174),
2026-07-06 11:32:40,374 | INFO | 	                            (21, 0.4735123367198839),
2026-07-06 11:32:40,374 | INFO | 	                            (22, 0.29732065687121867),
2026-07-06 11:32:40,374 | INFO | 	                            (23, 0.2884914463452566),
2026-07-06 11:32:40,374 | INFO | 	                            (24, 0.39351593068753493),
2026-07-06 11:32:40,374 | INFO | 	                            (25, 0.27660571964369435),
2026-07-06 11:32:40,374 | INFO | 	                            (26, 0.2589928057553957),
2026-07-06 11:32:40,374 | INFO | 	                            (27, 0.33635187580853815),
2026-07-06 11:32:40,374 | INFO | 	                            (28, 0.7426597582037997),
2026-07-06 11:32:40,374 | INFO | 	                            (29, 0.4444070080862534),
2026-07-06 11:32:40,374 | INFO | 	                            (30, 0.36989907854322074),
2026-07-06 11:32:40,374 | INFO | 	                            (31, 0.45463953087271475),
2026-07-06 11:32:40,374 | INFO | 	                            (32, 0.2635593220338983),
2026-07-06 11:32:40,374 | INFO | 	                            (33, 0.31375),
2026-07-06 11:32:40,374 | INFO | 	                            (34, 0.22319138019497178),
2026-07-06 11:32:40,375 | INFO | 	                            (35, 0.5039370078740157),
2026-07-06 11:32:40,375 | INFO | 	                            (36, 0.2632612966601179),
2026-07-06 11:32:40,375 | INFO | 	                            (37, 0.30496592015579355),
2026-07-06 11:32:40,375 | INFO | 	                            (38, 0.2669376693766938),
2026-07-06 11:32:40,375 | INFO | 	                            (39, 0.32212308396247996),
2026-07-06 11:32:40,375 | INFO | 	                            (40, 0.27154136628904907),
2026-07-06 11:32:40,375 | INFO | 	                            (41, 0.25302209253855773),
2026-07-06 11:32:40,375 | INFO | 	                            (42, 0.3980627306273063),
2026-07-06 11:32:40,375 | INFO | 	                            (43, 0.27456161422051406),
2026-07-06 11:32:40,375 | INFO | 	                            (44, 0.38705234159779617),
2026-07-06 11:32:40,375 | INFO | 	                            (45, 0.5097481722177092),
2026-07-06 11:32:40,375 | INFO | 	                            (46, 0.45981967855742845),
2026-07-06 11:32:40,375 | INFO | 	                            (47, 0.3809179616913625),
2026-07-06 11:32:40,375 | INFO | 	                            (48, 0.34689557855127),
2026-07-06 11:32:40,375 | INFO | 	                            (49, 0.2421078796917723),
2026-07-06 11:32:40,375 | INFO | 	                            (50, 0.36988847583643125),
2026-07-06 11:32:40,375 | INFO | 	                            (51, 0.305724197745013),
2026-07-06 11:32:40,375 | INFO | 	                            (52, 0.44655883285759596),
2026-07-06 11:32:40,375 | INFO | 	                            (53, 0.22302158273381295),
2026-07-06 11:32:40,375 | INFO | 	                            (54, 0.3152321477056747),
2026-07-06 11:32:40,375 | INFO | 	                            (55, 0.32004064008128014),
2026-07-06 11:32:40,375 | INFO | 	                            (56, 0.300556586270872),
2026-07-06 11:32:40,375 | INFO | 	                            (57, 0.3536749831422792),
2026-07-06 11:32:40,375 | INFO | 	                            (58, 0.22718521370812475),
2026-07-06 11:32:40,375 | INFO | 	                            (59, 0.35113707490089713),
2026-07-06 11:32:40,375 | INFO | 	                            (60, 0.20936902485659656)],
2026-07-06 11:32:40,375 | INFO | 	 'aggregation_weight_min': [(1, 0.00042319085907744394),
2026-07-06 11:32:40,375 | INFO | 	                            (2, 0.0009174311926605505),
2026-07-06 11:32:40,375 | INFO | 	                            (3, 0.0009053870529651426),
2026-07-06 11:32:40,375 | INFO | 	                            (4, 0.0021413276231263384),
2026-07-06 11:32:40,375 | INFO | 	                            (5, 0.0005737234652897303),
2026-07-06 11:32:40,375 | INFO | 	                            (6, 0.0008295313148071339),
2026-07-06 11:32:40,376 | INFO | 	                            (7, 0.00042265426880811494),
2026-07-06 11:32:40,376 | INFO | 	                            (8, 0.0019277108433734939),
2026-07-06 11:32:40,376 | INFO | 	                            (9, 0.0018975332068311196),
2026-07-06 11:32:40,376 | INFO | 	                            (10, 0.000782472613458529),
2026-07-06 11:32:40,376 | INFO | 	                            (11, 0.00029231218941829873),
2026-07-06 11:32:40,376 | INFO | 	                            (12, 0.0005186721991701245),
2026-07-06 11:32:40,376 | INFO | 	                            (13, 0.002810567734682406),
2026-07-06 11:32:40,376 | INFO | 	                            (14, 0.0015003750937734434),
2026-07-06 11:32:40,376 | INFO | 	                            (15, 0.0036231884057971015),
2026-07-06 11:32:40,376 | INFO | 	                            (16, 0.004020100502512563),
2026-07-06 11:32:40,376 | INFO | 	                            (17, 0.0005659309564233164),
2026-07-06 11:32:40,376 | INFO | 	                            (18, 0.0006414368184733803),
2026-07-06 11:32:40,376 | INFO | 	                            (19, 0.0012254901960784314),
2026-07-06 11:32:40,376 | INFO | 	                            (20, 0.005963473723443906),
2026-07-06 11:32:40,376 | INFO | 	                            (21, 0.000362844702467344),
2026-07-06 11:32:40,376 | INFO | 	                            (22, 0.006050129645635264),
2026-07-06 11:32:40,376 | INFO | 	                            (23, 0.0007776049766718507),
2026-07-06 11:32:40,376 | INFO | 	                            (24, 0.00027948574622694243),
2026-07-06 11:32:40,376 | INFO | 	                            (25, 0.00046882325363338024),
2026-07-06 11:32:40,376 | INFO | 	                            (26, 0.002616088947024199),
2026-07-06 11:32:40,376 | INFO | 	                            (27, 0.0008624407072013799),
2026-07-06 11:32:40,376 | INFO | 	                            (28, 0.0011514104778353484),
2026-07-06 11:32:40,376 | INFO | 	                            (29, 0.0006738544474393531),
2026-07-06 11:32:40,376 | INFO | 	                            (30, 0.008336989907854322),
2026-07-06 11:32:40,376 | INFO | 	                            (31, 0.0006898930665746809),
2026-07-06 11:32:40,376 | INFO | 	                            (32, 0.000847457627118644),
2026-07-06 11:32:40,376 | INFO | 	                            (33, 0.0165),
2026-07-06 11:32:40,376 | INFO | 	                            (34, 0.0003420557550880794),
2026-07-06 11:32:40,376 | INFO | 	                            (35, 0.0005249343832020997),
2026-07-06 11:32:40,376 | INFO | 	                            (36, 0.0006548788474132286),
2026-07-06 11:32:40,376 | INFO | 	                            (37, 0.00019474196689386563),
2026-07-06 11:32:40,376 | INFO | 	                            (38, 0.004607046070460705),
2026-07-06 11:32:40,377 | INFO | 	                            (39, 0.001601464195836193),
2026-07-06 11:32:40,377 | INFO | 	                            (40, 0.0006865774116031583),
2026-07-06 11:32:40,377 | INFO | 	                            (41, 0.007503126302626094),
2026-07-06 11:32:40,377 | INFO | 	                            (42, 0.00046125461254612545),
2026-07-06 11:32:40,377 | INFO | 	                            (43, 0.0031227480182560653),
2026-07-06 11:32:40,377 | INFO | 	                            (44, 0.002295684113865932),
2026-07-06 11:32:40,377 | INFO | 	                            (45, 0.0012185215272136475),
2026-07-06 11:32:40,377 | INFO | 	                            (46, 0.0015680125441003528),
2026-07-06 11:32:40,377 | INFO | 	                            (47, 0.0007228044813877846),
2026-07-06 11:32:40,377 | INFO | 	                            (48, 0.00047036688617121356),
2026-07-06 11:32:40,377 | INFO | 	                            (49, 0.0004971414367387521),
2026-07-06 11:32:40,377 | INFO | 	                            (50, 0.0007434944237918215),
2026-07-06 11:32:40,377 | INFO | 	                            (51, 0.0008673026886383347),
2026-07-06 11:32:40,377 | INFO | 	                            (52, 0.01014906438312718),
2026-07-06 11:32:40,377 | INFO | 	                            (53, 0.00047961630695443646),
2026-07-06 11:32:40,377 | INFO | 	                            (54, 0.00027151778441487917),
2026-07-06 11:32:40,377 | INFO | 	                            (55, 0.005842011684023368),
2026-07-06 11:32:40,377 | INFO | 	                            (56, 0.0009276437847866419),
2026-07-06 11:32:40,377 | INFO | 	                            (57, 0.00033715441672285906),
2026-07-06 11:32:40,377 | INFO | 	                            (58, 0.0015402387370042356),
2026-07-06 11:32:40,377 | INFO | 	                            (59, 0.0008345503859795535),
2026-07-06 11:32:40,377 | INFO | 	                            (60, 0.0033460803059273425)],
2026-07-06 11:32:40,377 | INFO | 	 'client_update_cosine_max': [(1, 0.996613276233766),
2026-07-06 11:32:40,377 | INFO | 	                              (2, 0.9984081956782923),
2026-07-06 11:32:40,377 | INFO | 	                              (3, 0.9982791983199336),
2026-07-06 11:32:40,377 | INFO | 	                              (4, 0.9992169551149999),
2026-07-06 11:32:40,377 | INFO | 	                              (5, 0.9992739865550834),
2026-07-06 11:32:40,377 | INFO | 	                              (6, 0.9992731678244169),
2026-07-06 11:32:40,377 | INFO | 	                              (7, 0.9986956815357579),
2026-07-06 11:32:40,377 | INFO | 	                              (8, 0.9993769917266562),
2026-07-06 11:32:40,377 | INFO | 	                              (9, 0.9997327665864341),
2026-07-06 11:32:40,377 | INFO | 	                              (10, 0.9995547092507737),
2026-07-06 11:32:40,377 | INFO | 	                              (11, 0.9999920014980372),
2026-07-06 11:32:40,378 | INFO | 	                              (12, 0.9995914975518624),
2026-07-06 11:32:40,378 | INFO | 	                              (13, 0.9996594708221842),
2026-07-06 11:32:40,378 | INFO | 	                              (14, 0.9997697493358891),
2026-07-06 11:32:40,378 | INFO | 	                              (15, 0.9998302044298869),
2026-07-06 11:32:40,378 | INFO | 	                              (16, 0.9999617079335261),
2026-07-06 11:32:40,378 | INFO | 	                              (17, 0.9996894455298515),
2026-07-06 11:32:40,378 | INFO | 	                              (18, 0.999937258254956),
2026-07-06 11:32:40,378 | INFO | 	                              (19, 0.9995230454651093),
2026-07-06 11:32:40,378 | INFO | 	                              (20, 0.9995622640547199),
2026-07-06 11:32:40,378 | INFO | 	                              (21, 0.9999410431446635),
2026-07-06 11:32:40,378 | INFO | 	                              (22, 0.9999984316592393),
2026-07-06 11:32:40,378 | INFO | 	                              (23, 0.9999835127491086),
2026-07-06 11:32:40,378 | INFO | 	                              (24, 0.9999657968758687),
2026-07-06 11:32:40,378 | INFO | 	                              (25, 0.9995810954162775),
2026-07-06 11:32:40,378 | INFO | 	                              (26, 0.9999913124452199),
2026-07-06 11:32:40,378 | INFO | 	                              (27, 0.999962489212267),
2026-07-06 11:32:40,378 | INFO | 	                              (28, 0.9999366126595564),
2026-07-06 11:32:40,378 | INFO | 	                              (29, 0.999834598714004),
2026-07-06 11:32:40,378 | INFO | 	                              (30, 0.999998896877809),
2026-07-06 11:32:40,378 | INFO | 	                              (31, 0.9998351840611632),
2026-07-06 11:32:40,378 | INFO | 	                              (32, 0.9999591456153697),
2026-07-06 11:32:40,378 | INFO | 	                              (33, 0.9999401192323814),
2026-07-06 11:32:40,378 | INFO | 	                              (34, 0.9998581552092746),
2026-07-06 11:32:40,378 | INFO | 	                              (35, 0.9999999991483944),
2026-07-06 11:32:40,378 | INFO | 	                              (36, 0.9999928931697992),
2026-07-06 11:32:40,378 | INFO | 	                              (37, 0.9999996404678125),
2026-07-06 11:32:40,378 | INFO | 	                              (38, 0.9999999103180582),
2026-07-06 11:32:40,378 | INFO | 	                              (39, 0.9999444398220919),
2026-07-06 11:32:40,378 | INFO | 	                              (40, 0.999865360268375),
2026-07-06 11:32:40,378 | INFO | 	                              (41, 0.999736162136852),
2026-07-06 11:32:40,378 | INFO | 	                              (42, 0.9999554188727379),
2026-07-06 11:32:40,378 | INFO | 	                              (43, 0.9999998874691243),
2026-07-06 11:32:40,379 | INFO | 	                              (44, 0.9998848218165741),
2026-07-06 11:32:40,379 | INFO | 	                              (45, 0.9999573315264485),
2026-07-06 11:32:40,379 | INFO | 	                              (46, 0.9999788219405783),
2026-07-06 11:32:40,379 | INFO | 	                              (47, 0.9999970653031036),
2026-07-06 11:32:40,379 | INFO | 	                              (48, 0.9999845490211825),
2026-07-06 11:32:40,379 | INFO | 	                              (49, 0.9999205364498709),
2026-07-06 11:32:40,379 | INFO | 	                              (50, 0.9999757750913494),
2026-07-06 11:32:40,379 | INFO | 	                              (51, 0.9999459927276333),
2026-07-06 11:32:40,379 | INFO | 	                              (52, 0.9999673671776365),
2026-07-06 11:32:40,379 | INFO | 	                              (53, 0.999876378671383),
2026-07-06 11:32:40,379 | INFO | 	                              (54, 0.9999939869224131),
2026-07-06 11:32:40,379 | INFO | 	                              (55, 0.9998400257798756),
2026-07-06 11:32:40,379 | INFO | 	                              (56, 0.9999356567748185),
2026-07-06 11:32:40,379 | INFO | 	                              (57, 0.9999754512751416),
2026-07-06 11:32:40,379 | INFO | 	                              (58, 0.9999213200264959),
2026-07-06 11:32:40,379 | INFO | 	                              (59, 0.9999123529867213),
2026-07-06 11:32:40,379 | INFO | 	                              (60, 0.999890018083302)],
2026-07-06 11:32:40,379 | INFO | 	 'client_update_cosine_mean': [(1, 0.9944824122631647),
2026-07-06 11:32:40,379 | INFO | 	                               (2, 0.9954299250656459),
2026-07-06 11:32:40,379 | INFO | 	                               (3, 0.9948519939029749),
2026-07-06 11:32:40,379 | INFO | 	                               (4, 0.9965979057190134),
2026-07-06 11:32:40,379 | INFO | 	                               (5, 0.996100426256659),
2026-07-06 11:32:40,379 | INFO | 	                               (6, 0.9974308175148613),
2026-07-06 11:32:40,379 | INFO | 	                               (7, 0.9964839062586861),
2026-07-06 11:32:40,379 | INFO | 	                               (8, 0.9970596484179782),
2026-07-06 11:32:40,379 | INFO | 	                               (9, 0.9981036048297812),
2026-07-06 11:32:40,379 | INFO | 	                               (10, 0.9981567819933936),
2026-07-06 11:32:40,379 | INFO | 	                               (11, 0.9985402690322507),
2026-07-06 11:32:40,379 | INFO | 	                               (12, 0.9987653305866853),
2026-07-06 11:32:40,379 | INFO | 	                               (13, 0.998819155599498),
2026-07-06 11:32:40,379 | INFO | 	                               (14, 0.9984485470732355),
2026-07-06 11:32:40,379 | INFO | 	                               (15, 0.9989641225423267),
2026-07-06 11:32:40,379 | INFO | 	                               (16, 0.9982670048940007),
2026-07-06 11:32:40,379 | INFO | 	                               (17, 0.9942980394741809),
2026-07-06 11:32:40,379 | INFO | 	                               (18, 0.9989902396463938),
2026-07-06 11:32:40,379 | INFO | 	                               (19, 0.9982667797829875),
2026-07-06 11:32:40,379 | INFO | 	                               (20, 0.9989060692212273),
2026-07-06 11:32:40,379 | INFO | 	                               (21, 0.9988579576169447),
2026-07-06 11:32:40,380 | INFO | 	                               (22, 0.9992738094254072),
2026-07-06 11:32:40,380 | INFO | 	                               (23, 0.9991696240035647),
2026-07-06 11:32:40,380 | INFO | 	                               (24, 0.9955023339460584),
2026-07-06 11:32:40,380 | INFO | 	                               (25, 0.9986529613303106),
2026-07-06 11:32:40,380 | INFO | 	                               (26, 0.9991655925203052),
2026-07-06 11:32:40,380 | INFO | 	                               (27, 0.9989319161538427),
2026-07-06 11:32:40,380 | INFO | 	                               (28, 0.9985126669322443),
2026-07-06 11:32:40,380 | INFO | 	                               (29, 0.9984142617466226),
2026-07-06 11:32:40,380 | INFO | 	                               (30, 0.9992361067921286),
2026-07-06 11:32:40,380 | INFO | 	                               (31, 0.9991592542358768),
2026-07-06 11:32:40,380 | INFO | 	                               (32, 0.9989991433022376),
2026-07-06 11:32:40,380 | INFO | 	                               (33, 0.9991384768727638),
2026-07-06 11:32:40,380 | INFO | 	                               (34, 0.9984909161619293),
2026-07-06 11:32:40,380 | INFO | 	                               (35, 0.9980488701142349),
2026-07-06 11:32:40,380 | INFO | 	                               (36, 0.9986546461636515),
2026-07-06 11:32:40,380 | INFO | 	                               (37, 0.999151095914874),
2026-07-06 11:32:40,380 | INFO | 	                               (38, 0.9991664830748912),
2026-07-06 11:32:40,380 | INFO | 	                               (39, 0.9989705760701436),
2026-07-06 11:32:40,380 | INFO | 	                               (40, 0.9990760808380355),
2026-07-06 11:32:40,380 | INFO | 	                               (41, 0.9992078929862098),
2026-07-06 11:32:40,380 | INFO | 	                               (42, 0.9993588482288077),
2026-07-06 11:32:40,380 | INFO | 	                               (43, 0.9985532383124982),
2026-07-06 11:32:40,380 | INFO | 	                               (44, 0.9992443060638697),
2026-07-06 11:32:40,380 | INFO | 	                               (45, 0.9994315392780658),
2026-07-06 11:32:40,380 | INFO | 	                               (46, 0.9993833386705495),
2026-07-06 11:32:40,380 | INFO | 	                               (47, 0.9977106664388063),
2026-07-06 11:32:40,380 | INFO | 	                               (48, 0.9987006088136787),
2026-07-06 11:32:40,380 | INFO | 	                               (49, 0.9993573914455749),
2026-07-06 11:32:40,380 | INFO | 	                               (50, 0.9994698103067302),
2026-07-06 11:32:40,380 | INFO | 	                               (51, 0.999200328393426),
2026-07-06 11:32:40,380 | INFO | 	                               (52, 0.9991609271858175),
2026-07-06 11:32:40,380 | INFO | 	                               (53, 0.9966136466549836),
2026-07-06 11:32:40,380 | INFO | 	                               (54, 0.9961480308892445),
2026-07-06 11:32:40,380 | INFO | 	                               (55, 0.9990421769836119),
2026-07-06 11:32:40,380 | INFO | 	                               (56, 0.999148209228742),
2026-07-06 11:32:40,380 | INFO | 	                               (57, 0.9993991634890885),
2026-07-06 11:32:40,380 | INFO | 	                               (58, 0.9993664595828938),
2026-07-06 11:32:40,380 | INFO | 	                               (59, 0.9993155677691709),
2026-07-06 11:32:40,380 | INFO | 	                               (60, 0.9994284955095593)],
2026-07-06 11:32:40,381 | INFO | 	 'client_update_cosine_min': [(1, 0.989669404065786),
2026-07-06 11:32:40,381 | INFO | 	                              (2, 0.989321362192572),
2026-07-06 11:32:40,381 | INFO | 	                              (3, 0.9917976225452717),
2026-07-06 11:32:40,381 | INFO | 	                              (4, 0.9878465983253908),
2026-07-06 11:32:40,381 | INFO | 	                              (5, 0.9826060152174202),
2026-07-06 11:32:40,381 | INFO | 	                              (6, 0.9939166681784054),
2026-07-06 11:32:40,381 | INFO | 	                              (7, 0.989585369077454),
2026-07-06 11:32:40,381 | INFO | 	                              (8, 0.9842402162848728),
2026-07-06 11:32:40,381 | INFO | 	                              (9, 0.9908284486683124),
2026-07-06 11:32:40,381 | INFO | 	                              (10, 0.9925020131974799),
2026-07-06 11:32:40,381 | INFO | 	                              (11, 0.9932299857007854),
2026-07-06 11:32:40,381 | INFO | 	                              (12, 0.9979083325767344),
2026-07-06 11:32:40,381 | INFO | 	                              (13, 0.9971148293950629),
2026-07-06 11:32:40,381 | INFO | 	                              (14, 0.9928045640205262),
2026-07-06 11:32:40,381 | INFO | 	                              (15, 0.9972592901514681),
2026-07-06 11:32:40,381 | INFO | 	                              (16, 0.9932863888262294),
2026-07-06 11:32:40,381 | INFO | 	                              (17, 0.9607721205094878),
2026-07-06 11:32:40,381 | INFO | 	                              (18, 0.9969928758752675),
2026-07-06 11:32:40,381 | INFO | 	                              (19, 0.995521755727292),
2026-07-06 11:32:40,381 | INFO | 	                              (20, 0.9968641476161193),
2026-07-06 11:32:40,381 | INFO | 	                              (21, 0.9960218910838062),
2026-07-06 11:32:40,381 | INFO | 	                              (22, 0.9975955360355448),
2026-07-06 11:32:40,381 | INFO | 	                              (23, 0.9973733342043682),
2026-07-06 11:32:40,381 | INFO | 	                              (24, 0.946086551391408),
2026-07-06 11:32:40,381 | INFO | 	                              (25, 0.9958934554617878),
2026-07-06 11:32:40,381 | INFO | 	                              (26, 0.9962847030527664),
2026-07-06 11:32:40,381 | INFO | 	                              (27, 0.994650080339607),
2026-07-06 11:32:40,381 | INFO | 	                              (28, 0.9948366410143636),
2026-07-06 11:32:40,381 | INFO | 	                              (29, 0.9957939836665807),
2026-07-06 11:32:40,381 | INFO | 	                              (30, 0.9977892599407551),
2026-07-06 11:32:40,381 | INFO | 	                              (31, 0.9979404876517304),
2026-07-06 11:32:40,381 | INFO | 	                              (32, 0.9970341953004315),
2026-07-06 11:32:40,381 | INFO | 	                              (33, 0.997540103825642),
2026-07-06 11:32:40,381 | INFO | 	                              (34, 0.9955418853766941),
2026-07-06 11:32:40,381 | INFO | 	                              (35, 0.9818586698575761),
2026-07-06 11:32:40,381 | INFO | 	                              (36, 0.9940467429282309),
2026-07-06 11:32:40,381 | INFO | 	                              (37, 0.9981910802220617),
2026-07-06 11:32:40,381 | INFO | 	                              (38, 0.9980345963588155),
2026-07-06 11:32:40,381 | INFO | 	                              (39, 0.9975927937258918),
2026-07-06 11:32:40,382 | INFO | 	                              (40, 0.9980198924566127),
2026-07-06 11:32:40,382 | INFO | 	                              (41, 0.9984465048700379),
2026-07-06 11:32:40,382 | INFO | 	                              (42, 0.9978735068528424),
2026-07-06 11:32:40,382 | INFO | 	                              (43, 0.9961862822131264),
2026-07-06 11:32:40,382 | INFO | 	                              (44, 0.9981281889022318),
2026-07-06 11:32:40,382 | INFO | 	                              (45, 0.9981044755444487),
2026-07-06 11:32:40,382 | INFO | 	                              (46, 0.9973221234953291),
2026-07-06 11:32:40,382 | INFO | 	                              (47, 0.9788650938579186),
2026-07-06 11:32:40,382 | INFO | 	                              (48, 0.9929526533416614),
2026-07-06 11:32:40,382 | INFO | 	                              (49, 0.9979188640403935),
2026-07-06 11:32:40,382 | INFO | 	                              (50, 0.9990340203203391),
2026-07-06 11:32:40,382 | INFO | 	                              (51, 0.9985186611788467),
2026-07-06 11:32:40,382 | INFO | 	                              (52, 0.99743614104583),
2026-07-06 11:32:40,382 | INFO | 	                              (53, 0.9569556272800812),
2026-07-06 11:32:40,382 | INFO | 	                              (54, 0.9507139036313383),
2026-07-06 11:32:40,382 | INFO | 	                              (55, 0.9967414980760324),
2026-07-06 11:32:40,382 | INFO | 	                              (56, 0.9967994237155445),
2026-07-06 11:32:40,382 | INFO | 	                              (57, 0.9979558264696008),
2026-07-06 11:32:40,382 | INFO | 	                              (58, 0.9975459749253743),
2026-07-06 11:32:40,382 | INFO | 	                              (59, 0.9985373901478518),
2026-07-06 11:32:40,382 | INFO | 	                              (60, 0.9983766584666665)],
2026-07-06 11:32:40,382 | INFO | 	 'client_update_cosine_p10': [(1, 0.9909968545660958),
2026-07-06 11:32:40,382 | INFO | 	                              (2, 0.9940725860275428),
2026-07-06 11:32:40,382 | INFO | 	                              (3, 0.9920968331235532),
2026-07-06 11:32:40,382 | INFO | 	                              (4, 0.9940346339341142),
2026-07-06 11:32:40,382 | INFO | 	                              (5, 0.9945975482163925),
2026-07-06 11:32:40,382 | INFO | 	                              (6, 0.9962565655601343),
2026-07-06 11:32:40,382 | INFO | 	                              (7, 0.9925215888333752),
2026-07-06 11:32:40,382 | INFO | 	                              (8, 0.9962872618107323),
2026-07-06 11:32:40,382 | INFO | 	                              (9, 0.9973560203911439),
2026-07-06 11:32:40,382 | INFO | 	                              (10, 0.9976152471499908),
2026-07-06 11:32:40,382 | INFO | 	                              (11, 0.9975484166284984),
2026-07-06 11:32:40,382 | INFO | 	                              (12, 0.9980756832228324),
2026-07-06 11:32:40,382 | INFO | 	                              (13, 0.9978427741772684),
2026-07-06 11:32:40,382 | INFO | 	                              (14, 0.9978209642477686),
2026-07-06 11:32:40,382 | INFO | 	                              (15, 0.9978875622898828),
2026-07-06 11:32:40,382 | INFO | 	                              (16, 0.994796224336264),
2026-07-06 11:32:40,382 | INFO | 	                              (17, 0.9861682190997548),
2026-07-06 11:32:40,383 | INFO | 	                              (18, 0.9979479185771011),
2026-07-06 11:32:40,383 | INFO | 	                              (19, 0.9965833798690963),
2026-07-06 11:32:40,383 | INFO | 	                              (20, 0.9983371276379394),
2026-07-06 11:32:40,383 | INFO | 	                              (21, 0.9972500316717648),
2026-07-06 11:32:40,383 | INFO | 	                              (22, 0.9987468076876868),
2026-07-06 11:32:40,383 | INFO | 	                              (23, 0.9978024402971474),
2026-07-06 11:32:40,383 | INFO | 	                              (24, 0.9973538316768097),
2026-07-06 11:32:40,383 | INFO | 	                              (25, 0.9979573234135359),
2026-07-06 11:32:40,383 | INFO | 	                              (26, 0.9984624076185752),
2026-07-06 11:32:40,383 | INFO | 	                              (27, 0.9977476750503148),
2026-07-06 11:32:40,383 | INFO | 	                              (28, 0.9966029289307408),
2026-07-06 11:32:40,383 | INFO | 	                              (29, 0.9963730077643776),
2026-07-06 11:32:40,383 | INFO | 	                              (30, 0.998136549674588),
2026-07-06 11:32:40,383 | INFO | 	                              (31, 0.9987826672635565),
2026-07-06 11:32:40,383 | INFO | 	                              (32, 0.9977544673634001),
2026-07-06 11:32:40,383 | INFO | 	                              (33, 0.9983743100998533),
2026-07-06 11:32:40,383 | INFO | 	                              (34, 0.9966071044012655),
2026-07-06 11:32:40,383 | INFO | 	                              (35, 0.9970380486511885),
2026-07-06 11:32:40,383 | INFO | 	                              (36, 0.9977595143490953),
2026-07-06 11:32:40,383 | INFO | 	                              (37, 0.9982971992461945),
2026-07-06 11:32:40,383 | INFO | 	                              (38, 0.9984268557689131),
2026-07-06 11:32:40,383 | INFO | 	                              (39, 0.998150745817623),
2026-07-06 11:32:40,383 | INFO | 	                              (40, 0.9981974352807331),
2026-07-06 11:32:40,383 | INFO | 	                              (41, 0.9986625911647686),
2026-07-06 11:32:40,383 | INFO | 	                              (42, 0.998535795154997),
2026-07-06 11:32:40,383 | INFO | 	                              (43, 0.9968745503453351),
2026-07-06 11:32:40,383 | INFO | 	                              (44, 0.9983189594180482),
2026-07-06 11:32:40,383 | INFO | 	                              (45, 0.9989334240241702),
2026-07-06 11:32:40,383 | INFO | 	                              (46, 0.9986622758952695),
2026-07-06 11:32:40,383 | INFO | 	                              (47, 0.9973128654484084),
2026-07-06 11:32:40,383 | INFO | 	                              (48, 0.9978924360792716),
2026-07-06 11:32:40,383 | INFO | 	                              (49, 0.9985787211465235),
2026-07-06 11:32:40,383 | INFO | 	                              (50, 0.9990805543102232),
2026-07-06 11:32:40,383 | INFO | 	                              (51, 0.9986874511362434),
2026-07-06 11:32:40,383 | INFO | 	                              (52, 0.998274176202776),
2026-07-06 11:32:40,383 | INFO | 	                              (53, 0.9988050885734965),
2026-07-06 11:32:40,383 | INFO | 	                              (54, 0.9986474166867584),
2026-07-06 11:32:40,383 | INFO | 	                              (55, 0.9985256957133645),
2026-07-06 11:32:40,383 | INFO | 	                              (56, 0.9981661252593957),
2026-07-06 11:32:40,384 | INFO | 	                              (57, 0.9989394143465098),
2026-07-06 11:32:40,384 | INFO | 	                              (58, 0.9989262466370229),
2026-07-06 11:32:40,384 | INFO | 	                              (59, 0.998869594658224),
2026-07-06 11:32:40,384 | INFO | 	                              (60, 0.999004523622657)],
2026-07-06 11:32:40,384 | INFO | 	 'client_update_cosine_p50': [(1, 0.995518988547501),
2026-07-06 11:32:40,384 | INFO | 	                              (2, 0.9955853218535284),
2026-07-06 11:32:40,384 | INFO | 	                              (3, 0.9946972941121887),
2026-07-06 11:32:40,384 | INFO | 	                              (4, 0.99750859433547),
2026-07-06 11:32:40,384 | INFO | 	                              (5, 0.9975884425335232),
2026-07-06 11:32:40,384 | INFO | 	                              (6, 0.9975152643651221),
2026-07-06 11:32:40,384 | INFO | 	                              (7, 0.997510168958461),
2026-07-06 11:32:40,384 | INFO | 	                              (8, 0.9981414631528218),
2026-07-06 11:32:40,384 | INFO | 	                              (9, 0.9986370455556841),
2026-07-06 11:32:40,384 | INFO | 	                              (10, 0.9986710647557927),
2026-07-06 11:32:40,384 | INFO | 	                              (11, 0.9988219887883885),
2026-07-06 11:32:40,384 | INFO | 	                              (12, 0.9988463574672559),
2026-07-06 11:32:40,384 | INFO | 	                              (13, 0.9989953114145773),
2026-07-06 11:32:40,384 | INFO | 	                              (14, 0.9989133490241865),
2026-07-06 11:32:40,384 | INFO | 	                              (15, 0.9991904108061905),
2026-07-06 11:32:40,384 | INFO | 	                              (16, 0.9992120859430573),
2026-07-06 11:32:40,384 | INFO | 	                              (17, 0.9985447809700485),
2026-07-06 11:32:40,384 | INFO | 	                              (18, 0.9992865182545244),
2026-07-06 11:32:40,384 | INFO | 	                              (19, 0.9984746958105856),
2026-07-06 11:32:40,384 | INFO | 	                              (20, 0.9990729957471141),
2026-07-06 11:32:40,384 | INFO | 	                              (21, 0.9990085595704202),
2026-07-06 11:32:40,384 | INFO | 	                              (22, 0.9993693455785498),
2026-07-06 11:32:40,384 | INFO | 	                              (23, 0.9994674858293395),
2026-07-06 11:32:40,384 | INFO | 	                              (24, 0.9990946997289689),
2026-07-06 11:32:40,384 | INFO | 	                              (25, 0.998796781184247),
2026-07-06 11:32:40,384 | INFO | 	                              (26, 0.9993956726566611),
2026-07-06 11:32:40,384 | INFO | 	                              (27, 0.9995005919890838),
2026-07-06 11:32:40,384 | INFO | 	                              (28, 0.9990142174381519),
2026-07-06 11:32:40,384 | INFO | 	                              (29, 0.9988906085160932),
2026-07-06 11:32:40,384 | INFO | 	                              (30, 0.9995219581812529),
2026-07-06 11:32:40,384 | INFO | 	                              (31, 0.9991982037604215),
2026-07-06 11:32:40,384 | INFO | 	                              (32, 0.9993299249792322),
2026-07-06 11:32:40,384 | INFO | 	                              (33, 0.9993265840212721),
2026-07-06 11:32:40,384 | INFO | 	                              (34, 0.9990860882185578),
2026-07-06 11:32:40,385 | INFO | 	                              (35, 0.9996087221357725),
2026-07-06 11:32:40,385 | INFO | 	                              (36, 0.9990560666977205),
2026-07-06 11:32:40,385 | INFO | 	                              (37, 0.9992723182447274),
2026-07-06 11:32:40,385 | INFO | 	                              (38, 0.9993932363394394),
2026-07-06 11:32:40,385 | INFO | 	                              (39, 0.9989982253014353),
2026-07-06 11:32:40,385 | INFO | 	                              (40, 0.99899597416864),
2026-07-06 11:32:40,385 | INFO | 	                              (41, 0.9992211354341106),
2026-07-06 11:32:40,385 | INFO | 	                              (42, 0.9994720467033389),
2026-07-06 11:32:40,385 | INFO | 	                              (43, 0.9992003985429083),
2026-07-06 11:32:40,385 | INFO | 	                              (44, 0.9995209821576119),
2026-07-06 11:32:40,385 | INFO | 	                              (45, 0.9995329038136959),
2026-07-06 11:32:40,385 | INFO | 	                              (46, 0.9996341985116572),
2026-07-06 11:32:40,385 | INFO | 	                              (47, 0.9994218267891116),
2026-07-06 11:32:40,385 | INFO | 	                              (48, 0.9993209527306379),
2026-07-06 11:32:40,385 | INFO | 	                              (49, 0.9996291330195837),
2026-07-06 11:32:40,385 | INFO | 	                              (50, 0.9995168589509124),
2026-07-06 11:32:40,385 | INFO | 	                              (51, 0.9991933302081781),
2026-07-06 11:32:40,385 | INFO | 	                              (52, 0.9992934249025547),
2026-07-06 11:32:40,385 | INFO | 	                              (53, 0.9994836172564514),
2026-07-06 11:32:40,385 | INFO | 	                              (54, 0.9993540078296653),
2026-07-06 11:32:40,385 | INFO | 	                              (55, 0.9990732029663849),
2026-07-06 11:32:40,385 | INFO | 	                              (56, 0.9991668960265148),
2026-07-06 11:32:40,385 | INFO | 	                              (57, 0.9994011725596674),
2026-07-06 11:32:40,385 | INFO | 	                              (58, 0.9995569635657799),
2026-07-06 11:32:40,385 | INFO | 	                              (59, 0.9992417328980305),
2026-07-06 11:32:40,385 | INFO | 	                              (60, 0.9994601810983885)],
2026-07-06 11:32:40,385 | INFO | 	 'client_update_cosine_p90': [(1, 0.9963110198741948),
2026-07-06 11:32:40,385 | INFO | 	                              (2, 0.9975164178919085),
2026-07-06 11:32:40,385 | INFO | 	                              (3, 0.9978812587127512),
2026-07-06 11:32:40,385 | INFO | 	                              (4, 0.9988790613112811),
2026-07-06 11:32:40,385 | INFO | 	                              (5, 0.9986637424124459),
2026-07-06 11:32:40,385 | INFO | 	                              (6, 0.9990224692888047),
2026-07-06 11:32:40,385 | INFO | 	                              (7, 0.9986442113421973),
2026-07-06 11:32:40,385 | INFO | 	                              (8, 0.9991172812181606),
2026-07-06 11:32:40,385 | INFO | 	                              (9, 0.9995983174167136),
2026-07-06 11:32:40,385 | INFO | 	                              (10, 0.9991643745657612),
2026-07-06 11:32:40,385 | INFO | 	                              (11, 0.9996233051692736),
2026-07-06 11:32:40,385 | INFO | 	                              (12, 0.9993436873277275),
2026-07-06 11:32:40,386 | INFO | 	                              (13, 0.9996042508361258),
2026-07-06 11:32:40,386 | INFO | 	                              (14, 0.9996213860648419),
2026-07-06 11:32:40,386 | INFO | 	                              (15, 0.9997153464361815),
2026-07-06 11:32:40,386 | INFO | 	                              (16, 0.9998818577205932),
2026-07-06 11:32:40,386 | INFO | 	                              (17, 0.9994165194245146),
2026-07-06 11:32:40,386 | INFO | 	                              (18, 0.9996208158033159),
2026-07-06 11:32:40,386 | INFO | 	                              (19, 0.9993523133403805),
2026-07-06 11:32:40,386 | INFO | 	                              (20, 0.9994392630815435),
2026-07-06 11:32:40,386 | INFO | 	                              (21, 0.9998556066121362),
2026-07-06 11:32:40,386 | INFO | 	                              (22, 0.9998321499168024),
2026-07-06 11:32:40,386 | INFO | 	                              (23, 0.9998391210504157),
2026-07-06 11:32:40,386 | INFO | 	                              (24, 0.9998366604858187),
2026-07-06 11:32:40,386 | INFO | 	                              (25, 0.999453214114909),
2026-07-06 11:32:40,386 | INFO | 	                              (26, 0.9999039093473601),
2026-07-06 11:32:40,386 | INFO | 	                              (27, 0.9999265967868145),
2026-07-06 11:32:40,386 | INFO | 	                              (28, 0.999812810514698),
2026-07-06 11:32:40,386 | INFO | 	                              (29, 0.9995591602382101),
2026-07-06 11:32:40,386 | INFO | 	                              (30, 0.9998784160909956),
2026-07-06 11:32:40,386 | INFO | 	                              (31, 0.9997772807235179),
2026-07-06 11:32:40,386 | INFO | 	                              (32, 0.9998910082675754),
2026-07-06 11:32:40,386 | INFO | 	                              (33, 0.9997102406912892),
2026-07-06 11:32:40,386 | INFO | 	                              (34, 0.9995593019122336),
2026-07-06 11:32:40,386 | INFO | 	                              (35, 0.999875516222312),
2026-07-06 11:32:40,386 | INFO | 	                              (36, 0.9998493799558243),
2026-07-06 11:32:40,386 | INFO | 	                              (37, 0.9998745108685825),
2026-07-06 11:32:40,386 | INFO | 	                              (38, 0.9998153692419692),
2026-07-06 11:32:40,386 | INFO | 	                              (39, 0.9997422447833189),
2026-07-06 11:32:40,386 | INFO | 	                              (40, 0.999784134518461),
2026-07-06 11:32:40,386 | INFO | 	                              (41, 0.9995886558858421),
2026-07-06 11:32:40,386 | INFO | 	                              (42, 0.9998647422520733),
2026-07-06 11:32:40,386 | INFO | 	                              (43, 0.9999127355091807),
2026-07-06 11:32:40,386 | INFO | 	                              (44, 0.9998106327613216),
2026-07-06 11:32:40,386 | INFO | 	                              (45, 0.9997996193628342),
2026-07-06 11:32:40,386 | INFO | 	                              (46, 0.9999530035362849),
2026-07-06 11:32:40,386 | INFO | 	                              (47, 0.9996863958809621),
2026-07-06 11:32:40,386 | INFO | 	                              (48, 0.9998388754052976),
2026-07-06 11:32:40,386 | INFO | 	                              (49, 0.9998514241387597),
2026-07-06 11:32:40,386 | INFO | 	                              (50, 0.9998028516483376),
2026-07-06 11:32:40,386 | INFO | 	                              (51, 0.9997421996497476),
2026-07-06 11:32:40,386 | INFO | 	                              (52, 0.9998209425810167),
2026-07-06 11:32:40,387 | INFO | 	                              (53, 0.99964590673726),
2026-07-06 11:32:40,387 | INFO | 	                              (54, 0.9998254237878017),
2026-07-06 11:32:40,387 | INFO | 	                              (55, 0.999724168210813),
2026-07-06 11:32:40,387 | INFO | 	                              (56, 0.9999177321079485),
2026-07-06 11:32:40,387 | INFO | 	                              (57, 0.9999244974443315),
2026-07-06 11:32:40,387 | INFO | 	                              (58, 0.9998113215226966),
2026-07-06 11:32:40,387 | INFO | 	                              (59, 0.999757661578306),
2026-07-06 11:32:40,387 | INFO | 	                              (60, 0.9997990293485743)],
2026-07-06 11:32:40,387 | INFO | 	 'client_update_cosine_std': [(1, 0.002118308379901597),
2026-07-06 11:32:40,387 | INFO | 	                              (2, 0.002076285470617953),
2026-07-06 11:32:40,387 | INFO | 	                              (3, 0.0023121451040639357),
2026-07-06 11:32:40,387 | INFO | 	                              (4, 0.0027725727926339785),
2026-07-06 11:32:40,387 | INFO | 	                              (5, 0.003892159446146635),
2026-07-06 11:32:40,387 | INFO | 	                              (6, 0.0013532700604357247),
2026-07-06 11:32:40,387 | INFO | 	                              (7, 0.0027070439058447244),
2026-07-06 11:32:40,387 | INFO | 	                              (8, 0.0035479915538793633),
2026-07-06 11:32:40,387 | INFO | 	                              (9, 0.002117458158997435),
2026-07-06 11:32:40,387 | INFO | 	                              (10, 0.0016225141385207338),
2026-07-06 11:32:40,387 | INFO | 	                              (11, 0.001596902210870236),
2026-07-06 11:32:40,387 | INFO | 	                              (12, 0.0005113989694860902),
2026-07-06 11:32:40,387 | INFO | 	                              (13, 0.0007055697822641577),
2026-07-06 11:32:40,387 | INFO | 	                              (14, 0.0016467682345437415),
2026-07-06 11:32:40,387 | INFO | 	                              (15, 0.0007680633742668038),
2026-07-06 11:32:40,387 | INFO | 	                              (16, 0.0020815248034930737),
2026-07-06 11:32:40,387 | INFO | 	                              (17, 0.010025900646965149),
2026-07-06 11:32:40,387 | INFO | 	                              (18, 0.0007804114496360686),
2026-07-06 11:32:40,387 | INFO | 	                              (19, 0.0011074849501082511),
2026-07-06 11:32:40,387 | INFO | 	                              (20, 0.0006657772391206071),
2026-07-06 11:32:40,387 | INFO | 	                              (21, 0.0011436978631980974),
2026-07-06 11:32:40,387 | INFO | 	                              (22, 0.0005740707685412378),
2026-07-06 11:32:40,387 | INFO | 	                              (23, 0.0008029579195672974),
2026-07-06 11:32:40,387 | INFO | 	                              (24, 0.013231664969715298),
2026-07-06 11:32:40,387 | INFO | 	                              (25, 0.0008932416687223032),
2026-07-06 11:32:40,387 | INFO | 	                              (26, 0.000887199504634762),
2026-07-06 11:32:40,387 | INFO | 	                              (27, 0.0013485145789003108),
2026-07-06 11:32:40,387 | INFO | 	                              (28, 0.001447335716997112),
2026-07-06 11:32:40,387 | INFO | 	                              (29, 0.0012477580169355169),
2026-07-06 11:32:40,387 | INFO | 	                              (30, 0.0006898871692814263),
2026-07-06 11:32:40,387 | INFO | 	                              (31, 0.0005049450266614897),
2026-07-06 11:32:40,387 | INFO | 	                              (32, 0.0008753780843721565),
2026-07-06 11:32:40,388 | INFO | 	                              (33, 0.0006071900953439148),
2026-07-06 11:32:40,388 | INFO | 	                              (34, 0.0012631643838933008),
2026-07-06 11:32:40,388 | INFO | 	                              (35, 0.004425388469302216),
2026-07-06 11:32:40,388 | INFO | 	                              (36, 0.0013976659589863426),
2026-07-06 11:32:40,388 | INFO | 	                              (37, 0.0006033913443143735),
2026-07-06 11:32:40,388 | INFO | 	                              (38, 0.0005821047852813071),
2026-07-06 11:32:40,388 | INFO | 	                              (39, 0.0006582145253859425),
2026-07-06 11:32:40,388 | INFO | 	                              (40, 0.0005868741573899686),
2026-07-06 11:32:40,388 | INFO | 	                              (41, 0.0003611231203837121),
2026-07-06 11:32:40,388 | INFO | 	                              (42, 0.0005822302404673413),
2026-07-06 11:32:40,388 | INFO | 	                              (43, 0.0012290710556722405),
2026-07-06 11:32:40,388 | INFO | 	                              (44, 0.0005750270466339703),
2026-07-06 11:32:40,388 | INFO | 	                              (45, 0.00046615654962685294),
2026-07-06 11:32:40,388 | INFO | 	                              (46, 0.000699341730510118),
2026-07-06 11:32:40,388 | INFO | 	                              (47, 0.005099371315804613),
2026-07-06 11:32:40,388 | INFO | 	                              (48, 0.001682466033239832),
2026-07-06 11:32:40,388 | INFO | 	                              (49, 0.0005756794237587632),
2026-07-06 11:32:40,388 | INFO | 	                              (50, 0.00027489890684392616),
2026-07-06 11:32:40,388 | INFO | 	                              (51, 0.0003960028759392163),
2026-07-06 11:32:40,388 | INFO | 	                              (52, 0.0006903811030064386),
2026-07-06 11:32:40,388 | INFO | 	                              (53, 0.01060272422458916),
2026-07-06 11:32:40,388 | INFO | 	                              (54, 0.012148842807697761),
2026-07-06 11:32:40,388 | INFO | 	                              (55, 0.0007586169566474297),
2026-07-06 11:32:40,388 | INFO | 	                              (56, 0.0008449580800231242),
2026-07-06 11:32:40,388 | INFO | 	                              (57, 0.0004977827566530053),
2026-07-06 11:32:40,388 | INFO | 	                              (58, 0.0005718115588304397),
2026-07-06 11:32:40,388 | INFO | 	                              (59, 0.0003788749042003902),
2026-07-06 11:32:40,388 | INFO | 	                              (60, 0.0003897394673584397)],
2026-07-06 11:32:40,388 | INFO | 	 'client_update_l2_max': [(1, 0.9899342019367359),
2026-07-06 11:32:40,388 | INFO | 	                          (2, 1.021724857692914),
2026-07-06 11:32:40,388 | INFO | 	                          (3, 0.88484112864649),
2026-07-06 11:32:40,388 | INFO | 	                          (4, 1.1090465256937383),
2026-07-06 11:32:40,388 | INFO | 	                          (5, 1.316802304162471),
2026-07-06 11:32:40,388 | INFO | 	                          (6, 0.7845458515869616),
2026-07-06 11:32:40,388 | INFO | 	                          (7, 1.0288242887366066),
2026-07-06 11:32:40,388 | INFO | 	                          (8, 1.2734437931706146),
2026-07-06 11:32:40,388 | INFO | 	                          (9, 0.976964004598525),
2026-07-06 11:32:40,388 | INFO | 	                          (10, 0.884537572324788),
2026-07-06 11:32:40,388 | INFO | 	                          (11, 0.8570868865164727),
2026-07-06 11:32:40,389 | INFO | 	                          (12, 0.47033740849570305),
2026-07-06 11:32:40,389 | INFO | 	                          (13, 0.5541416133771624),
2026-07-06 11:32:40,389 | INFO | 	                          (14, 0.880283450616919),
2026-07-06 11:32:40,389 | INFO | 	                          (15, 0.5430631919309705),
2026-07-06 11:32:40,389 | INFO | 	                          (16, 0.8522236146426296),
2026-07-06 11:32:40,389 | INFO | 	                          (17, 2.1085890843465362),
2026-07-06 11:32:40,389 | INFO | 	                          (18, 0.5718583777583699),
2026-07-06 11:32:40,389 | INFO | 	                          (19, 0.6999512934764368),
2026-07-06 11:32:40,389 | INFO | 	                          (20, 0.589681646988814),
2026-07-06 11:32:40,389 | INFO | 	                          (21, 0.6740699107394049),
2026-07-06 11:32:40,389 | INFO | 	                          (22, 0.5188795024670194),
2026-07-06 11:32:40,389 | INFO | 	                          (23, 0.5433995679442437),
2026-07-06 11:32:40,389 | INFO | 	                          (24, 2.5481151464440845),
2026-07-06 11:32:40,389 | INFO | 	                          (25, 0.6816798370330197),
2026-07-06 11:32:40,389 | INFO | 	                          (26, 0.6500622942008847),
2026-07-06 11:32:40,389 | INFO | 	                          (27, 0.7824917828195391),
2026-07-06 11:32:40,389 | INFO | 	                          (28, 0.769769927422967),
2026-07-06 11:32:40,389 | INFO | 	                          (29, 0.697290191500997),
2026-07-06 11:32:40,389 | INFO | 	                          (30, 0.5091922169166978),
2026-07-06 11:32:40,389 | INFO | 	                          (31, 0.4896147223298807),
2026-07-06 11:32:40,389 | INFO | 	                          (32, 0.591499686603481),
2026-07-06 11:32:40,389 | INFO | 	                          (33, 0.5379658029631904),
2026-07-06 11:32:40,389 | INFO | 	                          (34, 0.7263427996412926),
2026-07-06 11:32:40,389 | INFO | 	                          (35, 1.487228629656193),
2026-07-06 11:32:40,389 | INFO | 	                          (36, 0.8454494790779004),
2026-07-06 11:32:40,389 | INFO | 	                          (37, 0.46747498343297395),
2026-07-06 11:32:40,389 | INFO | 	                          (38, 0.48615817916001514),
2026-07-06 11:32:40,389 | INFO | 	                          (39, 0.5395052555668918),
2026-07-06 11:32:40,389 | INFO | 	                          (40, 0.4893571561059413),
2026-07-06 11:32:40,389 | INFO | 	                          (41, 0.4337382545652911),
2026-07-06 11:32:40,389 | INFO | 	                          (42, 0.5079355744767411),
2026-07-06 11:32:40,389 | INFO | 	                          (43, 0.6838768971744065),
2026-07-06 11:32:40,389 | INFO | 	                          (44, 0.48037824333939844),
2026-07-06 11:32:40,389 | INFO | 	                          (45, 0.48527104028207135),
2026-07-06 11:32:40,389 | INFO | 	                          (46, 0.5757693158942256),
2026-07-06 11:32:40,389 | INFO | 	                          (47, 1.6400922179788247),
2026-07-06 11:32:40,389 | INFO | 	                          (48, 0.9378829831866998),
2026-07-06 11:32:40,389 | INFO | 	                          (49, 0.5091471674895452),
2026-07-06 11:32:40,389 | INFO | 	                          (50, 0.34757433902965135),
2026-07-06 11:32:40,389 | INFO | 	                          (51, 0.430241061125228),
2026-07-06 11:32:40,390 | INFO | 	                          (52, 0.5678717045891606),
2026-07-06 11:32:40,390 | INFO | 	                          (53, 2.397480503901075),
2026-07-06 11:32:40,390 | INFO | 	                          (54, 2.5781565929553723),
2026-07-06 11:32:40,390 | INFO | 	                          (55, 0.6416153432718706),
2026-07-06 11:32:40,390 | INFO | 	                          (56, 0.6378629365518341),
2026-07-06 11:32:40,390 | INFO | 	                          (57, 0.5132442562900592),
2026-07-06 11:32:40,390 | INFO | 	                          (58, 0.5603286240338119),
2026-07-06 11:32:40,390 | INFO | 	                          (59, 0.4335938420869274),
2026-07-06 11:32:40,390 | INFO | 	                          (60, 0.45670064577235925)],
2026-07-06 11:32:40,390 | INFO | 	 'client_update_l2_mean': [(1, 0.7070717881648488),
2026-07-06 11:32:40,390 | INFO | 	                           (2, 0.6426479568906961),
2026-07-06 11:32:40,390 | INFO | 	                           (3, 0.6821170101422107),
2026-07-06 11:32:40,390 | INFO | 	                           (4, 0.5391081353844438),
2026-07-06 11:32:40,390 | INFO | 	                           (5, 0.572564037770421),
2026-07-06 11:32:40,390 | INFO | 	                           (6, 0.488911437377977),
2026-07-06 11:32:40,390 | INFO | 	                           (7, 0.560165011519178),
2026-07-06 11:32:40,390 | INFO | 	                           (8, 0.4973086992661269),
2026-07-06 11:32:40,390 | INFO | 	                           (9, 0.39741499495529065),
2026-07-06 11:32:40,390 | INFO | 	                           (10, 0.4120419553307343),
2026-07-06 11:32:40,390 | INFO | 	                           (11, 0.34669859391534974),
2026-07-06 11:32:40,390 | INFO | 	                           (12, 0.35371750735195123),
2026-07-06 11:32:40,390 | INFO | 	                           (13, 0.3400149070851003),
2026-07-06 11:32:40,390 | INFO | 	                           (14, 0.36974876303233994),
2026-07-06 11:32:40,390 | INFO | 	                           (15, 0.31054958201290156),
2026-07-06 11:32:40,390 | INFO | 	                           (16, 0.36426520561244774),
2026-07-06 11:32:40,390 | INFO | 	                           (17, 0.6163740900892537),
2026-07-06 11:32:40,390 | INFO | 	                           (18, 0.3076874909035359),
2026-07-06 11:32:40,390 | INFO | 	                           (19, 0.4157921807264423),
2026-07-06 11:32:40,390 | INFO | 	                           (20, 0.33431534592384893),
2026-07-06 11:32:40,390 | INFO | 	                           (21, 0.31535207970289886),
2026-07-06 11:32:40,390 | INFO | 	                           (22, 0.26077178496535364),
2026-07-06 11:32:40,390 | INFO | 	                           (23, 0.2710105299936633),
2026-07-06 11:32:40,390 | INFO | 	                           (24, 0.4467955273581967),
2026-07-06 11:32:40,390 | INFO | 	                           (25, 0.3728877375775757),
2026-07-06 11:32:40,390 | INFO | 	                           (26, 0.27158825893381955),
2026-07-06 11:32:40,390 | INFO | 	                           (27, 0.2929387884825832),
2026-07-06 11:32:40,390 | INFO | 	                           (28, 0.3634554247699573),
2026-07-06 11:32:40,390 | INFO | 	                           (29, 0.39628925383664604),
2026-07-06 11:32:40,390 | INFO | 	                           (30, 0.2633428768760436),
2026-07-06 11:32:40,390 | INFO | 	                           (31, 0.2970037049490978),
2026-07-06 11:32:40,391 | INFO | 	                           (32, 0.30601659676882),
2026-07-06 11:32:40,391 | INFO | 	                           (33, 0.2986393062138021),
2026-07-06 11:32:40,391 | INFO | 	                           (34, 0.3893809338344672),
2026-07-06 11:32:40,391 | INFO | 	                           (35, 0.3402091672799274),
2026-07-06 11:32:40,391 | INFO | 	                           (36, 0.35314294207902086),
2026-07-06 11:32:40,391 | INFO | 	                           (37, 0.28689467882415326),
2026-07-06 11:32:40,391 | INFO | 	                           (38, 0.2893749726325163),
2026-07-06 11:32:40,391 | INFO | 	                           (39, 0.3296290782283598),
2026-07-06 11:32:40,391 | INFO | 	                           (40, 0.31397518566041677),
2026-07-06 11:32:40,391 | INFO | 	                           (41, 0.30185433206030066),
2026-07-06 11:32:40,391 | INFO | 	                           (42, 0.2512782339813519),
2026-07-06 11:32:40,391 | INFO | 	                           (43, 0.3673819066892479),
2026-07-06 11:32:40,391 | INFO | 	                           (44, 0.28105201955114073),
2026-07-06 11:32:40,391 | INFO | 	                           (45, 0.24390273164296794),
2026-07-06 11:32:40,391 | INFO | 	                           (46, 0.2341598871965589),
2026-07-06 11:32:40,391 | INFO | 	                           (47, 0.396845146061506),
2026-07-06 11:32:40,391 | INFO | 	                           (48, 0.3425675856007932),
2026-07-06 11:32:40,391 | INFO | 	                           (49, 0.2564457754479477),
2026-07-06 11:32:40,391 | INFO | 	                           (50, 0.24534161078884856),
2026-07-06 11:32:40,391 | INFO | 	                           (51, 0.3016479423318331),
2026-07-06 11:32:40,391 | INFO | 	                           (52, 0.2951873108529411),
2026-07-06 11:32:40,391 | INFO | 	                           (53, 0.3984837798425641),
2026-07-06 11:32:40,391 | INFO | 	                           (54, 0.4113947358592444),
2026-07-06 11:32:40,391 | INFO | 	                           (55, 0.324272254827589),
2026-07-06 11:32:40,391 | INFO | 	                           (56, 0.28910869845431714),
2026-07-06 11:32:40,391 | INFO | 	                           (57, 0.25219051288616834),
2026-07-06 11:32:40,391 | INFO | 	                           (58, 0.2620522726756368),
2026-07-06 11:32:40,391 | INFO | 	                           (59, 0.28243770054941836),
2026-07-06 11:32:40,391 | INFO | 	                           (60, 0.25606012297242486)],
2026-07-06 11:32:40,391 | INFO | 	 'client_update_l2_min': [(1, 0.5616564802627732),
2026-07-06 11:32:40,391 | INFO | 	                          (2, 0.38772621171814337),
2026-07-06 11:32:40,391 | INFO | 	                          (3, 0.4062328193746293),
2026-07-06 11:32:40,391 | INFO | 	                          (4, 0.2745833235094384),
2026-07-06 11:32:40,391 | INFO | 	                          (5, 0.2680887943310846),
2026-07-06 11:32:40,391 | INFO | 	                          (6, 0.26912787776627173),
2026-07-06 11:32:40,391 | INFO | 	                          (7, 0.36181119840764153),
2026-07-06 11:32:40,391 | INFO | 	                          (8, 0.2515213474016496),
2026-07-06 11:32:40,391 | INFO | 	                          (9, 0.16622141889547434),
2026-07-06 11:32:40,391 | INFO | 	                          (10, 0.21488881388987077),
2026-07-06 11:32:40,391 | INFO | 	                          (11, 0.0288685764459115),
2026-07-06 11:32:40,392 | INFO | 	                          (12, 0.20822334928336086),
2026-07-06 11:32:40,392 | INFO | 	                          (13, 0.190293823754083),
2026-07-06 11:32:40,392 | INFO | 	                          (14, 0.157061848573804),
2026-07-06 11:32:40,392 | INFO | 	                          (15, 0.13490401978852565),
2026-07-06 11:32:40,392 | INFO | 	                          (16, 0.06426852373523682),
2026-07-06 11:32:40,392 | INFO | 	                          (17, 0.18366200830363644),
2026-07-06 11:32:40,392 | INFO | 	                          (18, 0.08268761466398789),
2026-07-06 11:32:40,392 | INFO | 	                          (19, 0.22841364690893126),
2026-07-06 11:32:40,392 | INFO | 	                          (20, 0.21937095836779835),
2026-07-06 11:32:40,392 | INFO | 	                          (21, 0.08073952076761522),
2026-07-06 11:32:40,392 | INFO | 	                          (22, 0.013240644420823093),
2026-07-06 11:32:40,392 | INFO | 	                          (23, 0.043014851127599445),
2026-07-06 11:32:40,392 | INFO | 	                          (24, 0.06199276061896678),
2026-07-06 11:32:40,392 | INFO | 	                          (25, 0.21733982062393745),
2026-07-06 11:32:40,392 | INFO | 	                          (26, 0.03139839406147271),
2026-07-06 11:32:40,392 | INFO | 	                          (27, 0.06529802627927721),
2026-07-06 11:32:40,392 | INFO | 	                          (28, 0.0853028724622049),
2026-07-06 11:32:40,392 | INFO | 	                          (29, 0.13780635331674612),
2026-07-06 11:32:40,392 | INFO | 	                          (30, 0.011306380310624607),
2026-07-06 11:32:40,392 | INFO | 	                          (31, 0.1385763481133497),
2026-07-06 11:32:40,392 | INFO | 	                          (32, 0.06920719817652005),
2026-07-06 11:32:40,392 | INFO | 	                          (33, 0.08390932823334342),
2026-07-06 11:32:40,392 | INFO | 	                          (34, 0.12946875133006705),
2026-07-06 11:32:40,392 | INFO | 	                          (35, 0.0003179345273183685),
2026-07-06 11:32:40,392 | INFO | 	                          (36, 0.029089161062541807),
2026-07-06 11:32:40,392 | INFO | 	                          (37, 0.006554246660154937),
2026-07-06 11:32:40,392 | INFO | 	                          (38, 0.003279217479748955),
2026-07-06 11:32:40,392 | INFO | 	                          (39, 0.08197557587684018),
2026-07-06 11:32:40,392 | INFO | 	                          (40, 0.1274873763481877),
2026-07-06 11:32:40,392 | INFO | 	                          (41, 0.17869046438640235),
2026-07-06 11:32:40,392 | INFO | 	                          (42, 0.07351015297379711),
2026-07-06 11:32:40,392 | INFO | 	                          (43, 0.0036979524434799594),
2026-07-06 11:32:40,392 | INFO | 	                          (44, 0.11860648126103839),
2026-07-06 11:32:40,392 | INFO | 	                          (45, 0.07232963970418278),
2026-07-06 11:32:40,392 | INFO | 	                          (46, 0.05119912212378548),
2026-07-06 11:32:40,392 | INFO | 	                          (47, 0.019042116149813212),
2026-07-06 11:32:40,392 | INFO | 	                          (48, 0.04379192185043378),
2026-07-06 11:32:40,392 | INFO | 	                          (49, 0.0993474600836715),
2026-07-06 11:32:40,392 | INFO | 	                          (50, 0.054952600418675536),
2026-07-06 11:32:40,393 | INFO | 	                          (51, 0.08215183847742476),
2026-07-06 11:32:40,393 | INFO | 	                          (52, 0.06400702339978731),
2026-07-06 11:32:40,393 | INFO | 	                          (53, 0.12464313665377542),
2026-07-06 11:32:40,393 | INFO | 	                          (54, 0.027514663998827137),
2026-07-06 11:32:40,393 | INFO | 	                          (55, 0.14210661744506575),
2026-07-06 11:32:40,393 | INFO | 	                          (56, 0.09042475074295006),
2026-07-06 11:32:40,393 | INFO | 	                          (57, 0.0558877092885168),
2026-07-06 11:32:40,393 | INFO | 	                          (58, 0.10021280881699601),
2026-07-06 11:32:40,393 | INFO | 	                          (59, 0.1059338614884644),
2026-07-06 11:32:40,393 | INFO | 	                          (60, 0.11873426448859345)],
2026-07-06 11:32:40,393 | INFO | 	 'client_update_l2_p10': [(1, 0.5862217470149901),
2026-07-06 11:32:40,393 | INFO | 	                          (2, 0.484353424217987),
2026-07-06 11:32:40,393 | INFO | 	                          (3, 0.450633840427895),
2026-07-06 11:32:40,393 | INFO | 	                          (4, 0.3257303059025655),
2026-07-06 11:32:40,393 | INFO | 	                          (5, 0.3619113671049631),
2026-07-06 11:32:40,393 | INFO | 	                          (6, 0.3125701190573183),
2026-07-06 11:32:40,393 | INFO | 	                          (7, 0.36901668431855056),
2026-07-06 11:32:40,393 | INFO | 	                          (8, 0.2987931622335228),
2026-07-06 11:32:40,393 | INFO | 	                          (9, 0.20350144488741817),
2026-07-06 11:32:40,393 | INFO | 	                          (10, 0.29530263932671613),
2026-07-06 11:32:40,393 | INFO | 	                          (11, 0.19828637385726225),
2026-07-06 11:32:40,393 | INFO | 	                          (12, 0.2634714360943415),
2026-07-06 11:32:40,393 | INFO | 	                          (13, 0.2052236303135775),
2026-07-06 11:32:40,394 | INFO | 	                          (14, 0.20069362662620663),
2026-07-06 11:32:40,394 | INFO | 	                          (15, 0.17455785927978987),
2026-07-06 11:32:40,394 | INFO | 	                          (16, 0.10637808542372348),
2026-07-06 11:32:40,394 | INFO | 	                          (17, 0.25193126698880086),
2026-07-06 11:32:40,394 | INFO | 	                          (18, 0.20289799105696307),
2026-07-06 11:32:40,394 | INFO | 	                          (19, 0.26629220474256154),
2026-07-06 11:32:40,394 | INFO | 	                          (20, 0.24845922612057533),
2026-07-06 11:32:40,394 | INFO | 	                          (21, 0.12643733648901295),
2026-07-06 11:32:40,394 | INFO | 	                          (22, 0.13658004305112018),
2026-07-06 11:32:40,394 | INFO | 	                          (23, 0.1343963276462304),
2026-07-06 11:32:40,394 | INFO | 	                          (24, 0.13536560433511846),
2026-07-06 11:32:40,394 | INFO | 	                          (25, 0.24636994782270816),
2026-07-06 11:32:40,394 | INFO | 	                          (26, 0.10284768258994723),
2026-07-06 11:32:40,394 | INFO | 	                          (27, 0.09113900734772785),
2026-07-06 11:32:40,394 | INFO | 	                          (28, 0.1455698396848383),
2026-07-06 11:32:40,394 | INFO | 	                          (29, 0.22426601511587832),
2026-07-06 11:32:40,394 | INFO | 	                          (30, 0.11800870139868014),
2026-07-06 11:32:40,394 | INFO | 	                          (31, 0.15952374315735193),
2026-07-06 11:32:40,394 | INFO | 	                          (32, 0.11273029555036482),
2026-07-06 11:32:40,394 | INFO | 	                          (33, 0.1821704058554832),
2026-07-06 11:32:40,394 | INFO | 	                          (34, 0.2270916639019456),
2026-07-06 11:32:40,394 | INFO | 	                          (35, 0.12147983853861105),
2026-07-06 11:32:40,394 | INFO | 	                          (36, 0.11849308913372586),
2026-07-06 11:32:40,394 | INFO | 	                          (37, 0.09532592103575127),
2026-07-06 11:32:40,394 | INFO | 	                          (38, 0.1418594483806423),
2026-07-06 11:32:40,394 | INFO | 	                          (39, 0.1747862553149996),
2026-07-06 11:32:40,394 | INFO | 	                          (40, 0.16152313474523203),
2026-07-06 11:32:40,394 | INFO | 	                          (41, 0.22225335637761262),
2026-07-06 11:32:40,394 | INFO | 	                          (42, 0.12810616691619203),
2026-07-06 11:32:40,394 | INFO | 	                          (43, 0.10165360844476043),
2026-07-06 11:32:40,394 | INFO | 	                          (44, 0.1518933383144325),
2026-07-06 11:32:40,394 | INFO | 	                          (45, 0.1566815983719262),
2026-07-06 11:32:40,394 | INFO | 	                          (46, 0.0761911880301303),
2026-07-06 11:32:40,394 | INFO | 	                          (47, 0.19687692543408494),
2026-07-06 11:32:40,394 | INFO | 	                          (48, 0.13872085377960258),
2026-07-06 11:32:40,394 | INFO | 	                          (49, 0.134936252502039),
2026-07-06 11:32:40,394 | INFO | 	                          (50, 0.15616785798327057),
2026-07-06 11:32:40,394 | INFO | 	                          (51, 0.1661716252168346),
2026-07-06 11:32:40,394 | INFO | 	                          (52, 0.14091157106938323),
2026-07-06 11:32:40,394 | INFO | 	                          (53, 0.21082169523669403),
2026-07-06 11:32:40,395 | INFO | 	                          (54, 0.14231978003739593),
2026-07-06 11:32:40,395 | INFO | 	                          (55, 0.18478090733795535),
2026-07-06 11:32:40,395 | INFO | 	                          (56, 0.1018149516868442),
2026-07-06 11:32:40,395 | INFO | 	                          (57, 0.09797369675000923),
2026-07-06 11:32:40,395 | INFO | 	                          (58, 0.15417381566328597),
2026-07-06 11:32:40,395 | INFO | 	                          (59, 0.17603650885717803),
2026-07-06 11:32:40,395 | INFO | 	                          (60, 0.16004109169527722)],
2026-07-06 11:32:40,395 | INFO | 	 'client_update_l2_p50': [(1, 0.6465505326898017),
2026-07-06 11:32:40,395 | INFO | 	                          (2, 0.6442067284201126),
2026-07-06 11:32:40,395 | INFO | 	                          (3, 0.7115804083890281),
2026-07-06 11:32:40,395 | INFO | 	                          (4, 0.49139580035246366),
2026-07-06 11:32:40,395 | INFO | 	                          (5, 0.48841937382494727),
2026-07-06 11:32:40,395 | INFO | 	                          (6, 0.5025319500044461),
2026-07-06 11:32:40,395 | INFO | 	                          (7, 0.50059197534468),
2026-07-06 11:32:40,395 | INFO | 	                          (8, 0.43486431727303954),
2026-07-06 11:32:40,395 | INFO | 	                          (9, 0.37500687083253204),
2026-07-06 11:32:40,395 | INFO | 	                          (10, 0.37110884017514306),
2026-07-06 11:32:40,395 | INFO | 	                          (11, 0.35143791811649083),
2026-07-06 11:32:40,395 | INFO | 	                          (12, 0.35007476440359153),
2026-07-06 11:32:40,395 | INFO | 	                          (13, 0.3278530902782449),
2026-07-06 11:32:40,395 | INFO | 	                          (14, 0.3416632565432053),
2026-07-06 11:32:40,395 | INFO | 	                          (15, 0.29516172108267313),
2026-07-06 11:32:40,395 | INFO | 	                          (16, 0.29124258449151336),
2026-07-06 11:32:40,395 | INFO | 	                          (17, 0.39814274662390137),
2026-07-06 11:32:40,395 | INFO | 	                          (18, 0.2789675928288523),
2026-07-06 11:32:40,395 | INFO | 	                          (19, 0.40760748331345337),
2026-07-06 11:32:40,395 | INFO | 	                          (20, 0.3189822107517823),
2026-07-06 11:32:40,395 | INFO | 	                          (21, 0.3305406377439125),
2026-07-06 11:32:40,395 | INFO | 	                          (22, 0.26564427196734974),
2026-07-06 11:32:40,395 | INFO | 	                          (23, 0.2447200335357349),
2026-07-06 11:32:40,395 | INFO | 	                          (24, 0.3192823766388768),
2026-07-06 11:32:40,395 | INFO | 	                          (25, 0.3687078512219414),
2026-07-06 11:32:40,395 | INFO | 	                          (26, 0.26218934284457757),
2026-07-06 11:32:40,395 | INFO | 	                          (27, 0.2389192075036801),
2026-07-06 11:32:40,395 | INFO | 	                          (28, 0.33596498861392377),
2026-07-06 11:32:40,395 | INFO | 	                          (29, 0.35707846577264396),
2026-07-06 11:32:40,395 | INFO | 	                          (30, 0.23542215367412309),
2026-07-06 11:32:40,395 | INFO | 	                          (31, 0.3056854496062024),
2026-07-06 11:32:40,395 | INFO | 	                          (32, 0.27988527375415867),
2026-07-06 11:32:40,396 | INFO | 	                          (33, 0.28093271391889907),
2026-07-06 11:32:40,396 | INFO | 	                          (34, 0.32817395087853873),
2026-07-06 11:32:40,396 | INFO | 	                          (35, 0.2161530041218791),
2026-07-06 11:32:40,396 | INFO | 	                          (36, 0.335321154811324),
2026-07-06 11:32:40,396 | INFO | 	                          (37, 0.29544365677477546),
2026-07-06 11:32:40,396 | INFO | 	                          (38, 0.2698380232619738),
2026-07-06 11:32:40,396 | INFO | 	                          (39, 0.3473448965995818),
2026-07-06 11:32:40,396 | INFO | 	                          (40, 0.348227620257663),
2026-07-06 11:32:40,396 | INFO | 	                          (41, 0.3071559283790301),
2026-07-06 11:32:40,396 | INFO | 	                          (42, 0.2531099601442069),
2026-07-06 11:32:40,396 | INFO | 	                          (43, 0.3118369334324098),
2026-07-06 11:32:40,396 | INFO | 	                          (44, 0.2418687677066668),
2026-07-06 11:32:40,396 | INFO | 	                          (45, 0.23922463647637865),
2026-07-06 11:32:40,396 | INFO | 	                          (46, 0.21239432445232476),
2026-07-06 11:32:40,396 | INFO | 	                          (47, 0.267420877336284),
2026-07-06 11:32:40,396 | INFO | 	                          (48, 0.2903740950476232),
2026-07-06 11:32:40,396 | INFO | 	                          (49, 0.21481795894274092),
2026-07-06 11:32:40,396 | INFO | 	                          (50, 0.2461094250315154),
2026-07-06 11:32:40,396 | INFO | 	                          (51, 0.31730581276795794),
2026-07-06 11:32:40,396 | INFO | 	                          (52, 0.29737532256381505),
2026-07-06 11:32:40,396 | INFO | 	                          (53, 0.2547662412938367),
2026-07-06 11:32:40,396 | INFO | 	                          (54, 0.2851528245880916),
2026-07-06 11:32:40,396 | INFO | 	                          (55, 0.342698747759555),
2026-07-06 11:32:40,396 | INFO | 	                          (56, 0.3253164649539278),
2026-07-06 11:32:40,396 | INFO | 	                          (57, 0.2762984295106245),
2026-07-06 11:32:40,396 | INFO | 	                          (58, 0.23793590714514487),
2026-07-06 11:32:40,396 | INFO | 	                          (59, 0.31178390274305084),
2026-07-06 11:32:40,396 | INFO | 	                          (60, 0.2632104044931596)],
2026-07-06 11:32:40,396 | INFO | 	 'client_update_l2_p90': [(1, 0.921948245202994),
2026-07-06 11:32:40,396 | INFO | 	                          (2, 0.7500588955823385),
2026-07-06 11:32:40,396 | INFO | 	                          (3, 0.8706318556279155),
2026-07-06 11:32:40,396 | INFO | 	                          (4, 0.7576090220747929),
2026-07-06 11:32:40,396 | INFO | 	                          (5, 0.7280490986833986),
2026-07-06 11:32:40,396 | INFO | 	                          (6, 0.6090521389453658),
2026-07-06 11:32:40,396 | INFO | 	                          (7, 0.867878940347098),
2026-07-06 11:32:40,396 | INFO | 	                          (8, 0.6187413200157698),
2026-07-06 11:32:40,396 | INFO | 	                          (9, 0.5240011960029132),
2026-07-06 11:32:40,396 | INFO | 	                          (10, 0.4990980603056919),
2026-07-06 11:32:40,396 | INFO | 	                          (11, 0.5048757757011211),
2026-07-06 11:32:40,396 | INFO | 	                          (12, 0.45352319272126),
2026-07-06 11:32:40,397 | INFO | 	                          (13, 0.4787663687857857),
2026-07-06 11:32:40,397 | INFO | 	                          (14, 0.48276833597855345),
2026-07-06 11:32:40,397 | INFO | 	                          (15, 0.47545379953252365),
2026-07-06 11:32:40,397 | INFO | 	                          (16, 0.7428106286830372),
2026-07-06 11:32:40,397 | INFO | 	                          (17, 1.1975559273006047),
2026-07-06 11:32:40,397 | INFO | 	                          (18, 0.4725412304638204),
2026-07-06 11:32:40,397 | INFO | 	                          (19, 0.6138135200580815),
2026-07-06 11:32:40,397 | INFO | 	                          (20, 0.4271487880611642),
2026-07-06 11:32:40,397 | INFO | 	                          (21, 0.5369106939977704),
2026-07-06 11:32:40,397 | INFO | 	                          (22, 0.37422890140318626),
2026-07-06 11:32:40,397 | INFO | 	                          (23, 0.49443277094744653),
2026-07-06 11:32:40,397 | INFO | 	                          (24, 0.5444312507578155),
2026-07-06 11:32:40,397 | INFO | 	                          (25, 0.4808244946537885),
2026-07-06 11:32:40,397 | INFO | 	                          (26, 0.4189986281832517),
2026-07-06 11:32:40,397 | INFO | 	                          (27, 0.5061763363369336),
2026-07-06 11:32:40,397 | INFO | 	                          (28, 0.623731503784305),
2026-07-06 11:32:40,397 | INFO | 	                          (29, 0.6431862558327252),
2026-07-06 11:32:40,397 | INFO | 	                          (30, 0.4629542898623074),
2026-07-06 11:32:40,397 | INFO | 	                          (31, 0.37790104589721624),
2026-07-06 11:32:40,397 | INFO | 	                          (32, 0.5119339291700691),
2026-07-06 11:32:40,397 | INFO | 	                          (33, 0.43710524800780265),
2026-07-06 11:32:40,397 | INFO | 	                          (34, 0.630002297245454),
2026-07-06 11:32:40,397 | INFO | 	                          (35, 0.5902139893108258),
2026-07-06 11:32:40,397 | INFO | 	                          (36, 0.5153277607537782),
2026-07-06 11:32:40,397 | INFO | 	                          (37, 0.4515301253287502),
2026-07-06 11:32:40,397 | INFO | 	                          (38, 0.4359580260220158),
2026-07-06 11:32:40,397 | INFO | 	                          (39, 0.47199145562948314),
2026-07-06 11:32:40,397 | INFO | 	                          (40, 0.4658744431531157),
2026-07-06 11:32:40,397 | INFO | 	                          (41, 0.40038747528630625),
2026-07-06 11:32:40,397 | INFO | 	                          (42, 0.4208761719181175),
2026-07-06 11:32:40,397 | INFO | 	                          (43, 0.6182805279133063),
2026-07-06 11:32:40,397 | INFO | 	                          (44, 0.4525079271382514),
2026-07-06 11:32:40,397 | INFO | 	                          (45, 0.36143368804281856),
2026-07-06 11:32:40,397 | INFO | 	                          (46, 0.4032948706340169),
2026-07-06 11:32:40,397 | INFO | 	                          (47, 0.577162711797392),
2026-07-06 11:32:40,397 | INFO | 	                          (48, 0.5115467325959697),
2026-07-06 11:32:40,397 | INFO | 	                          (49, 0.42031076637064824),
2026-07-06 11:32:40,397 | INFO | 	                          (50, 0.3395320549775353),
2026-07-06 11:32:40,397 | INFO | 	                          (51, 0.40560655233374016),
2026-07-06 11:32:40,398 | INFO | 	                          (52, 0.4643562099000847),
2026-07-06 11:32:40,398 | INFO | 	                          (53, 0.387217840755559),
2026-07-06 11:32:40,398 | INFO | 	                          (54, 0.412634985140716),
2026-07-06 11:32:40,398 | INFO | 	                          (55, 0.43310408684444224),
2026-07-06 11:32:40,398 | INFO | 	                          (56, 0.4829218053457685),
2026-07-06 11:32:40,398 | INFO | 	                          (57, 0.36508202537836154),
2026-07-06 11:32:40,398 | INFO | 	                          (58, 0.37021125458867243),
2026-07-06 11:32:40,398 | INFO | 	                          (59, 0.3795867094034675),
2026-07-06 11:32:40,398 | INFO | 	                          (60, 0.3571033099948042)],
2026-07-06 11:32:40,398 | INFO | 	 'client_update_l2_std': [(1, 0.1309884544936213),
2026-07-06 11:32:40,398 | INFO | 	                          (2, 0.14455846580117684),
2026-07-06 11:32:40,398 | INFO | 	                          (3, 0.16771311534972336),
2026-07-06 11:32:40,398 | INFO | 	                          (4, 0.20365558058200572),
2026-07-06 11:32:40,398 | INFO | 	                          (5, 0.2413218288425564),
2026-07-06 11:32:40,398 | INFO | 	                          (6, 0.13457066799789372),
2026-07-06 11:32:40,398 | INFO | 	                          (7, 0.20596432447260016),
2026-07-06 11:32:40,398 | INFO | 	                          (8, 0.23312638860254606),
2026-07-06 11:32:40,398 | INFO | 	                          (9, 0.19616495109431212),
2026-07-06 11:32:40,398 | INFO | 	                          (10, 0.15042303558844605),
2026-07-06 11:32:40,398 | INFO | 	                          (11, 0.18548467334530155),
2026-07-06 11:32:40,398 | INFO | 	                          (12, 0.07776732719893226),
2026-07-06 11:32:40,398 | INFO | 	                          (13, 0.10214891526636709),
2026-07-06 11:32:40,398 | INFO | 	                          (14, 0.17235708426266036),
2026-07-06 11:32:40,398 | INFO | 	                          (15, 0.12211731569262206),
2026-07-06 11:32:40,398 | INFO | 	                          (16, 0.23368458852569154),
2026-07-06 11:32:40,398 | INFO | 	                          (17, 0.5035521530533422),
2026-07-06 11:32:40,398 | INFO | 	                          (18, 0.12328503526300383),
2026-07-06 11:32:40,398 | INFO | 	                          (19, 0.12967549370654766),
2026-07-06 11:32:40,398 | INFO | 	                          (20, 0.09349262882385462),
2026-07-06 11:32:40,398 | INFO | 	                          (21, 0.16720802041240349),
2026-07-06 11:32:40,398 | INFO | 	                          (22, 0.11520347839351638),
2026-07-06 11:32:40,398 | INFO | 	                          (23, 0.14068262950659463),
2026-07-06 11:32:40,398 | INFO | 	                          (24, 0.5788619001438147),
2026-07-06 11:32:40,398 | INFO | 	                          (25, 0.11550502391071539),
2026-07-06 11:32:40,398 | INFO | 	                          (26, 0.14544507892216083),
2026-07-06 11:32:40,398 | INFO | 	                          (27, 0.19007245396382744),
2026-07-06 11:32:40,398 | INFO | 	                          (28, 0.1960834247507321),
2026-07-06 11:32:40,398 | INFO | 	                          (29, 0.16172694407639276),
2026-07-06 11:32:40,398 | INFO | 	                          (30, 0.1395179868420336),
2026-07-06 11:32:40,398 | INFO | 	                          (31, 0.09955342655209519),
2026-07-06 11:32:40,398 | INFO | 	                          (32, 0.15416371295020662),
2026-07-06 11:32:40,399 | INFO | 	                          (33, 0.11049803300403054),
2026-07-06 11:32:40,399 | INFO | 	                          (34, 0.16574072842912257),
2026-07-06 11:32:40,399 | INFO | 	                          (35, 0.3463001291698606),
2026-07-06 11:32:40,399 | INFO | 	                          (36, 0.18974916853717508),
2026-07-06 11:32:40,399 | INFO | 	                          (37, 0.13945769201148048),
2026-07-06 11:32:40,399 | INFO | 	                          (38, 0.12886416597539904),
2026-07-06 11:32:40,399 | INFO | 	                          (39, 0.12421371897758267),
2026-07-06 11:32:40,399 | INFO | 	                          (40, 0.11422093440938111),
2026-07-06 11:32:40,399 | INFO | 	                          (41, 0.06906104076402649),
2026-07-06 11:32:40,399 | INFO | 	                          (42, 0.12115026184080634),
2026-07-06 11:32:40,399 | INFO | 	                          (43, 0.2042753964860687),
2026-07-06 11:32:40,399 | INFO | 	                          (44, 0.11574773004683733),
2026-07-06 11:32:40,399 | INFO | 	                          (45, 0.10196754280485827),
2026-07-06 11:32:40,399 | INFO | 	                          (46, 0.14589736912455487),
2026-07-06 11:32:40,399 | INFO | 	                          (47, 0.3617258385871742),
2026-07-06 11:32:40,399 | INFO | 	                          (48, 0.21027539677877144),
2026-07-06 11:32:40,399 | INFO | 	                          (49, 0.11959353171442183),
2026-07-06 11:32:40,399 | INFO | 	                          (50, 0.07758988467443856),
2026-07-06 11:32:40,399 | INFO | 	                          (51, 0.09519837613441759),
2026-07-06 11:32:40,399 | INFO | 	                          (52, 0.13460477844232094),
2026-07-06 11:32:40,399 | INFO | 	                          (53, 0.5379819571466232),
2026-07-06 11:32:40,399 | INFO | 	                          (54, 0.587635447956187),
2026-07-06 11:32:40,399 | INFO | 	                          (55, 0.1270789242480867),
2026-07-06 11:32:40,399 | INFO | 	                          (56, 0.1570286164700417),
2026-07-06 11:32:40,399 | INFO | 	                          (57, 0.11428298528695766),
2026-07-06 11:32:40,399 | INFO | 	                          (58, 0.1109959136324434),
2026-07-06 11:32:40,399 | INFO | 	                          (59, 0.08860434486763182),
2026-07-06 11:32:40,399 | INFO | 	                          (60, 0.08793605525992919)],
2026-07-06 11:32:40,399 | INFO | 	 'fit_time_sec': [(1, 5.04851508885622),
2026-07-06 11:32:40,399 | INFO | 	                  (2, 2.2376957945525646),
2026-07-06 11:32:40,399 | INFO | 	                  (3, 1.9593004621565342),
2026-07-06 11:32:40,399 | INFO | 	                  (4, 1.9558109678328037),
2026-07-06 11:32:40,399 | INFO | 	                  (5, 2.012046407908201),
2026-07-06 11:32:40,399 | INFO | 	                  (6, 1.9376731552183628),
2026-07-06 11:32:40,399 | INFO | 	                  (7, 1.7771063148975372),
2026-07-06 11:32:40,399 | INFO | 	                  (8, 1.8058216199278831),
2026-07-06 11:32:40,399 | INFO | 	                  (9, 1.8833187706768513),
2026-07-06 11:32:40,399 | INFO | 	                  (10, 1.8722751028835773),
2026-07-06 11:32:40,399 | INFO | 	                  (11, 2.3926421217620373),
2026-07-06 11:32:40,399 | INFO | 	                  (12, 2.066498901695013),
2026-07-06 11:32:40,400 | INFO | 	                  (13, 1.8159540258347988),
2026-07-06 11:32:40,400 | INFO | 	                  (14, 1.8066931068897247),
2026-07-06 11:32:40,400 | INFO | 	                  (15, 1.6981159038841724),
2026-07-06 11:32:40,400 | INFO | 	                  (16, 2.0986177287995815),
2026-07-06 11:32:40,400 | INFO | 	                  (17, 1.8237364925444126),
2026-07-06 11:32:40,400 | INFO | 	                  (18, 1.8207252249121666),
2026-07-06 11:32:40,400 | INFO | 	                  (19, 1.9502774327993393),
2026-07-06 11:32:40,400 | INFO | 	                  (20, 2.0776218362152576),
2026-07-06 11:32:40,400 | INFO | 	                  (21, 1.894273329526186),
2026-07-06 11:32:40,400 | INFO | 	                  (22, 1.8386007063090801),
2026-07-06 11:32:40,400 | INFO | 	                  (23, 1.7171146348118782),
2026-07-06 11:32:40,400 | INFO | 	                  (24, 2.0791676826775074),
2026-07-06 11:32:40,400 | INFO | 	                  (25, 1.8309342563152313),
2026-07-06 11:32:40,400 | INFO | 	                  (26, 1.7443391047418118),
2026-07-06 11:32:40,400 | INFO | 	                  (27, 1.9426985643804073),
2026-07-06 11:32:40,400 | INFO | 	                  (28, 2.343343570828438),
2026-07-06 11:32:40,400 | INFO | 	                  (29, 1.8838107474148273),
2026-07-06 11:32:40,400 | INFO | 	                  (30, 1.8764087818562984),
2026-07-06 11:32:40,400 | INFO | 	                  (31, 1.862720049917698),
2026-07-06 11:32:40,400 | INFO | 	                  (32, 2.1805114559829235),
2026-07-06 11:32:40,400 | INFO | 	                  (33, 2.183244664222002),
2026-07-06 11:32:40,400 | INFO | 	                  (34, 2.420002356171608),
2026-07-06 11:32:40,400 | INFO | 	                  (35, 1.7843967080116272),
2026-07-06 11:32:40,400 | INFO | 	                  (36, 1.943038359284401),
2026-07-06 11:32:40,400 | INFO | 	                  (37, 2.1540539003908634),
2026-07-06 11:32:40,400 | INFO | 	                  (38, 2.0671575255692005),
2026-07-06 11:32:40,400 | INFO | 	                  (39, 2.2577302157878876),
2026-07-06 11:32:40,400 | INFO | 	                  (40, 2.047813095152378),
2026-07-06 11:32:40,400 | INFO | 	                  (41, 2.0561147145926952),
2026-07-06 11:32:40,400 | INFO | 	                  (42, 1.8335166946053505),
2026-07-06 11:32:40,400 | INFO | 	                  (43, 2.0186226665973663),
2026-07-06 11:32:40,400 | INFO | 	                  (44, 2.264374416321516),
2026-07-06 11:32:40,400 | INFO | 	                  (45, 2.0318820141255856),
2026-07-06 11:32:40,400 | INFO | 	                  (46, 2.1819602884352207),
2026-07-06 11:32:40,400 | INFO | 	                  (47, 2.143229354172945),
2026-07-06 11:32:40,400 | INFO | 	                  (48, 2.0693651027977467),
2026-07-06 11:32:40,400 | INFO | 	                  (49, 2.2081679478287697),
2026-07-06 11:32:40,400 | INFO | 	                  (50, 2.0885325744748116),
2026-07-06 11:32:40,400 | INFO | 	                  (51, 2.21957153826952),
2026-07-06 11:32:40,400 | INFO | 	                  (52, 1.966182466596365),
2026-07-06 11:32:40,401 | INFO | 	                  (53, 1.7961935140192509),
2026-07-06 11:32:40,401 | INFO | 	                  (54, 2.070435557514429),
2026-07-06 11:32:40,401 | INFO | 	                  (55, 2.1882224045693874),
2026-07-06 11:32:40,401 | INFO | 	                  (56, 1.8935776427388191),
2026-07-06 11:32:40,401 | INFO | 	                  (57, 2.2927697710692883),
2026-07-06 11:32:40,401 | INFO | 	                  (58, 1.8760120049118996),
2026-07-06 11:32:40,401 | INFO | 	                  (59, 2.01111613586545),
2026-07-06 11:32:40,401 | INFO | 	                  (60, 1.919294387102127)],
2026-07-06 11:32:40,401 | INFO | 	 'local_accuracy_max': [(5, 1.0),
2026-07-06 11:32:40,401 | INFO | 	                        (10, 1.0),
2026-07-06 11:32:40,401 | INFO | 	                        (15, 1.0),
2026-07-06 11:32:40,401 | INFO | 	                        (20, 1.0),
2026-07-06 11:32:40,401 | INFO | 	                        (25, 1.0),
2026-07-06 11:32:40,401 | INFO | 	                        (30, 1.0),
2026-07-06 11:32:40,401 | INFO | 	                        (35, 1.0),
2026-07-06 11:32:40,401 | INFO | 	                        (40, 1.0),
2026-07-06 11:32:40,401 | INFO | 	                        (45, 1.0),
2026-07-06 11:32:40,401 | INFO | 	                        (50, 1.0),
2026-07-06 11:32:40,401 | INFO | 	                        (55, 1.0),
2026-07-06 11:32:40,401 | INFO | 	                        (60, 1.0)],
2026-07-06 11:32:40,401 | INFO | 	 'local_accuracy_mean': [(5, 0.8720642910533818),
2026-07-06 11:32:40,401 | INFO | 	                         (10, 0.9449507050527779),
2026-07-06 11:32:40,401 | INFO | 	                         (15, 0.9436235836235837),
2026-07-06 11:32:40,401 | INFO | 	                         (20, 0.9747784365557343),
2026-07-06 11:32:40,401 | INFO | 	                         (25, 0.9815555555555555),
2026-07-06 11:32:40,401 | INFO | 	                         (30, 0.9956871085903345),
2026-07-06 11:32:40,401 | INFO | 	                         (35, 0.9928833792470155),
2026-07-06 11:32:40,401 | INFO | 	                         (40, 0.9864231078904994),
2026-07-06 11:32:40,401 | INFO | 	                         (45, 0.9791372165425555),
2026-07-06 11:32:40,401 | INFO | 	                         (50, 0.9640020110608346),
2026-07-06 11:32:40,401 | INFO | 	                         (55, 0.9603966404756412),
2026-07-06 11:32:40,401 | INFO | 	                         (60, 0.973212783088944)],
2026-07-06 11:32:40,401 | INFO | 	 'local_accuracy_min': [(5, 0.0),
2026-07-06 11:32:40,401 | INFO | 	                        (10, 0.6666666666666666),
2026-07-06 11:32:40,401 | INFO | 	                        (15, 0.6666666666666666),
2026-07-06 11:32:40,401 | INFO | 	                        (20, 0.8888888888888888),
2026-07-06 11:32:40,401 | INFO | 	                        (25, 0.9111111111111111),
2026-07-06 11:32:40,401 | INFO | 	                        (30, 0.967741935483871),
2026-07-06 11:32:40,401 | INFO | 	                        (35, 0.9494949494949495),
2026-07-06 11:32:40,401 | INFO | 	                        (40, 0.925),
2026-07-06 11:32:40,402 | INFO | 	                        (45, 0.9),
2026-07-06 11:32:40,402 | INFO | 	                        (50, 0.84),
2026-07-06 11:32:40,402 | INFO | 	                        (55, 0.7857142857142857),
2026-07-06 11:32:40,402 | INFO | 	                        (60, 0.8571428571428571)],
2026-07-06 11:32:40,402 | INFO | 	 'local_accuracy_p10': [(5, 0.7526315789473684),
2026-07-06 11:32:40,402 | INFO | 	                        (10, 0.907399577167019),
2026-07-06 11:32:40,402 | INFO | 	                        (15, 0.8571428571428571),
2026-07-06 11:32:40,402 | INFO | 	                        (20, 0.9118421052631579),
2026-07-06 11:32:40,402 | INFO | 	                        (25, 0.9411111111111111),
2026-07-06 11:32:40,402 | INFO | 	                        (30, 0.9809523809523809),
2026-07-06 11:32:40,402 | INFO | 	                        (35, 0.9722222222222222),
2026-07-06 11:32:40,402 | INFO | 	                        (40, 0.9556521739130436),
2026-07-06 11:32:40,402 | INFO | 	                        (45, 0.9197368421052631),
2026-07-06 11:32:40,402 | INFO | 	                        (50, 0.8933333333333333),
2026-07-06 11:32:40,402 | INFO | 	                        (55, 0.9153679653679654),
2026-07-06 11:32:40,402 | INFO | 	                        (60, 0.9228070175438596)],
2026-07-06 11:32:40,402 | INFO | 	 'local_accuracy_p25': [(5, 0.9252971137521222),
2026-07-06 11:32:40,402 | INFO | 	                        (10, 0.9090909090909091),
2026-07-06 11:32:40,402 | INFO | 	                        (15, 0.9415384615384615),
2026-07-06 11:32:40,402 | INFO | 	                        (20, 0.9577380952380952),
2026-07-06 11:32:40,402 | INFO | 	                        (25, 0.97),
2026-07-06 11:32:40,402 | INFO | 	                        (30, 1.0),
2026-07-06 11:32:40,402 | INFO | 	                        (35, 1.0),
2026-07-06 11:32:40,402 | INFO | 	                        (40, 0.9891304347826086),
2026-07-06 11:32:40,402 | INFO | 	                        (45, 0.976050738356683),
2026-07-06 11:32:40,402 | INFO | 	                        (50, 0.9555555555555556),
2026-07-06 11:32:40,402 | INFO | 	                        (55, 0.9411764705882353),
2026-07-06 11:32:40,402 | INFO | 	                        (60, 0.96)],
2026-07-06 11:32:40,402 | INFO | 	 'local_accuracy_p50': [(5, 0.9807692307692308),
2026-07-06 11:32:40,402 | INFO | 	                        (10, 0.9807692307692307),
2026-07-06 11:32:40,402 | INFO | 	                        (15, 1.0),
2026-07-06 11:32:40,402 | INFO | 	                        (20, 1.0),
2026-07-06 11:32:40,402 | INFO | 	                        (25, 1.0),
2026-07-06 11:32:40,402 | INFO | 	                        (30, 1.0),
2026-07-06 11:32:40,402 | INFO | 	                        (35, 1.0),
2026-07-06 11:32:40,402 | INFO | 	                        (40, 1.0),
2026-07-06 11:32:40,402 | INFO | 	                        (45, 1.0),
2026-07-06 11:32:40,402 | INFO | 	                        (50, 1.0),
2026-07-06 11:32:40,402 | INFO | 	                        (55, 0.9827586206896551),
2026-07-06 11:32:40,402 | INFO | 	                        (60, 1.0)],
2026-07-06 11:32:40,403 | INFO | 	 'local_accuracy_p75': [(5, 1.0),
2026-07-06 11:32:40,403 | INFO | 	                        (10, 1.0),
2026-07-06 11:32:40,403 | INFO | 	                        (15, 1.0),
2026-07-06 11:32:40,403 | INFO | 	                        (20, 1.0),
2026-07-06 11:32:40,403 | INFO | 	                        (25, 1.0),
2026-07-06 11:32:40,403 | INFO | 	                        (30, 1.0),
2026-07-06 11:32:40,403 | INFO | 	                        (35, 1.0),
2026-07-06 11:32:40,403 | INFO | 	                        (40, 1.0),
2026-07-06 11:32:40,403 | INFO | 	                        (45, 1.0),
2026-07-06 11:32:40,403 | INFO | 	                        (50, 1.0),
2026-07-06 11:32:40,403 | INFO | 	                        (55, 1.0),
2026-07-06 11:32:40,403 | INFO | 	                        (60, 1.0)],
2026-07-06 11:32:40,403 | INFO | 	 'local_accuracy_p90': [(5, 1.0),
2026-07-06 11:32:40,403 | INFO | 	                        (10, 1.0),
2026-07-06 11:32:40,403 | INFO | 	                        (15, 1.0),
2026-07-06 11:32:40,403 | INFO | 	                        (20, 1.0),
2026-07-06 11:32:40,403 | INFO | 	                        (25, 1.0),
2026-07-06 11:32:40,403 | INFO | 	                        (30, 1.0),
2026-07-06 11:32:40,403 | INFO | 	                        (35, 1.0),
2026-07-06 11:32:40,403 | INFO | 	                        (40, 1.0),
2026-07-06 11:32:40,403 | INFO | 	                        (45, 1.0),
2026-07-06 11:32:40,403 | INFO | 	                        (50, 1.0),
2026-07-06 11:32:40,403 | INFO | 	                        (55, 1.0),
2026-07-06 11:32:40,403 | INFO | 	                        (60, 1.0)],
2026-07-06 11:32:40,403 | INFO | 	 'local_accuracy_std': [(5, 0.27289157264877995),
2026-07-06 11:32:40,403 | INFO | 	                        (10, 0.08840158434428262),
2026-07-06 11:32:40,403 | INFO | 	                        (15, 0.09761035282821405),
2026-07-06 11:32:40,403 | INFO | 	                        (20, 0.03845447797690742),
2026-07-06 11:32:40,403 | INFO | 	                        (25, 0.03030788513299086),
2026-07-06 11:32:40,403 | INFO | 	                        (30, 0.010249437997023011),
2026-07-06 11:32:40,403 | INFO | 	                        (35, 0.01585518516972636),
2026-07-06 11:32:40,403 | INFO | 	                        (40, 0.024628377632961267),
2026-07-06 11:32:40,403 | INFO | 	                        (45, 0.034998199198360905),
2026-07-06 11:32:40,403 | INFO | 	                        (50, 0.05048208954332199),
2026-07-06 11:32:40,403 | INFO | 	                        (55, 0.05839067002199149),
2026-07-06 11:32:40,403 | INFO | 	                        (60, 0.04229887054996801)],
2026-07-06 11:32:40,403 | INFO | 	 'local_accuracy_weighted': [(5, 0.9206360061443443),
2026-07-06 11:32:40,403 | INFO | 	                             (10, 0.9553231634892146),
2026-07-06 11:32:40,403 | INFO | 	                             (15, 0.9643255384993451),
2026-07-06 11:32:40,403 | INFO | 	                             (20, 0.9590686866336127),
2026-07-06 11:32:40,404 | INFO | 	                             (25, 0.9741953116787553),
2026-07-06 11:32:40,404 | INFO | 	                             (30, 0.9840593507874615),
2026-07-06 11:32:40,404 | INFO | 	                             (35, 0.9713111036407391),
2026-07-06 11:32:40,404 | INFO | 	                             (40, 0.98108938528899),
2026-07-06 11:32:40,404 | INFO | 	                             (45, 0.981347152076373),
2026-07-06 11:32:40,404 | INFO | 	                             (50, 0.9493530825206046),
2026-07-06 11:32:40,404 | INFO | 	                             (55, 0.9628122449923519),
2026-07-06 11:32:40,404 | INFO | 	                             (60, 0.9689476459564896)],
2026-07-06 11:32:40,404 | INFO | 	 'local_eval_count': [(1, 0),
2026-07-06 11:32:40,404 | INFO | 	                      (2, 0),
2026-07-06 11:32:40,404 | INFO | 	                      (3, 0),
2026-07-06 11:32:40,404 | INFO | 	                      (4, 0),
2026-07-06 11:32:40,404 | INFO | 	                      (5, 12),
2026-07-06 11:32:40,404 | INFO | 	                      (6, 0),
2026-07-06 11:32:40,404 | INFO | 	                      (7, 0),
2026-07-06 11:32:40,404 | INFO | 	                      (8, 0),
2026-07-06 11:32:40,404 | INFO | 	                      (9, 0),
2026-07-06 11:32:40,404 | INFO | 	                      (10, 13),
2026-07-06 11:32:40,404 | INFO | 	                      (11, 0),
2026-07-06 11:32:40,404 | INFO | 	                      (12, 0),
2026-07-06 11:32:40,404 | INFO | 	                      (13, 0),
2026-07-06 11:32:40,404 | INFO | 	                      (14, 0),
2026-07-06 11:32:40,404 | INFO | 	                      (15, 11),
2026-07-06 11:32:40,404 | INFO | 	                      (16, 0),
2026-07-06 11:32:40,404 | INFO | 	                      (17, 0),
2026-07-06 11:32:40,404 | INFO | 	                      (18, 0),
2026-07-06 11:32:40,404 | INFO | 	                      (19, 0),
2026-07-06 11:32:40,404 | INFO | 	                      (20, 15),
2026-07-06 11:32:40,404 | INFO | 	                      (21, 0),
2026-07-06 11:32:40,404 | INFO | 	                      (22, 0),
2026-07-06 11:32:40,404 | INFO | 	                      (23, 0),
2026-07-06 11:32:40,404 | INFO | 	                      (24, 0),
2026-07-06 11:32:40,404 | INFO | 	                      (25, 10),
2026-07-06 11:32:40,404 | INFO | 	                      (26, 0),
2026-07-06 11:32:40,404 | INFO | 	                      (27, 0),
2026-07-06 11:32:40,404 | INFO | 	                      (28, 0),
2026-07-06 11:32:40,404 | INFO | 	                      (29, 0),
2026-07-06 11:32:40,404 | INFO | 	                      (30, 13),
2026-07-06 11:32:40,404 | INFO | 	                      (31, 0),
2026-07-06 11:32:40,405 | INFO | 	                      (32, 0),
2026-07-06 11:32:40,405 | INFO | 	                      (33, 0),
2026-07-06 11:32:40,405 | INFO | 	                      (34, 0),
2026-07-06 11:32:40,405 | INFO | 	                      (35, 11),
2026-07-06 11:32:40,405 | INFO | 	                      (36, 0),
2026-07-06 11:32:40,405 | INFO | 	                      (37, 0),
2026-07-06 11:32:40,405 | INFO | 	                      (38, 0),
2026-07-06 11:32:40,405 | INFO | 	                      (39, 0),
2026-07-06 11:32:40,405 | INFO | 	                      (40, 12),
2026-07-06 11:32:40,405 | INFO | 	                      (41, 0),
2026-07-06 11:32:40,405 | INFO | 	                      (42, 0),
2026-07-06 11:32:40,405 | INFO | 	                      (43, 0),
2026-07-06 11:32:40,405 | INFO | 	                      (44, 0),
2026-07-06 11:32:40,405 | INFO | 	                      (45, 12),
2026-07-06 11:32:40,405 | INFO | 	                      (46, 0),
2026-07-06 11:32:40,405 | INFO | 	                      (47, 0),
2026-07-06 11:32:40,405 | INFO | 	                      (48, 0),
2026-07-06 11:32:40,405 | INFO | 	                      (49, 0),
2026-07-06 11:32:40,405 | INFO | 	                      (50, 13),
2026-07-06 11:32:40,405 | INFO | 	                      (51, 0),
2026-07-06 11:32:40,405 | INFO | 	                      (52, 0),
2026-07-06 11:32:40,405 | INFO | 	                      (53, 0),
2026-07-06 11:32:40,405 | INFO | 	                      (54, 0),
2026-07-06 11:32:40,405 | INFO | 	                      (55, 13),
2026-07-06 11:32:40,405 | INFO | 	                      (56, 0),
2026-07-06 11:32:40,405 | INFO | 	                      (57, 0),
2026-07-06 11:32:40,405 | INFO | 	                      (58, 0),
2026-07-06 11:32:40,405 | INFO | 	                      (59, 0),
2026-07-06 11:32:40,405 | INFO | 	                      (60, 13)],
2026-07-06 11:32:40,405 | INFO | 	 'local_loss_max': [(5, 1.6151323318481445),
2026-07-06 11:32:40,405 | INFO | 	                    (10, 0.4483772913614909),
2026-07-06 11:32:40,405 | INFO | 	                    (15, 0.48166342576344806),
2026-07-06 11:32:40,405 | INFO | 	                    (20, 0.29947367310523987),
2026-07-06 11:32:40,405 | INFO | 	                    (25, 0.14234095679389105),
2026-07-06 11:32:40,405 | INFO | 	                    (30, 0.12035658245994932),
2026-07-06 11:32:40,405 | INFO | 	                    (35, 0.296314795811971),
2026-07-06 11:32:40,405 | INFO | 	                    (40, 0.20865702629089355),
2026-07-06 11:32:40,405 | INFO | 	                    (45, 0.32243406772613525),
2026-07-06 11:32:40,405 | INFO | 	                    (50, 0.4308142132229275),
2026-07-06 11:32:40,405 | INFO | 	                    (55, 0.39383792877197266),
2026-07-06 11:32:40,406 | INFO | 	                    (60, 0.4153681482587542)],
2026-07-06 11:32:40,406 | INFO | 	 'local_loss_mean': [(5, 0.2801689533271667),
2026-07-06 11:32:40,406 | INFO | 	                     (10, 0.14224119937419985),
2026-07-06 11:32:40,406 | INFO | 	                     (15, 0.13206072280232328),
2026-07-06 11:32:40,406 | INFO | 	                     (20, 0.12526103292250051),
2026-07-06 11:32:40,406 | INFO | 	                     (25, 0.048593461267212194),
2026-07-06 11:32:40,406 | INFO | 	                     (30, 0.041978068883875515),
2026-07-06 11:32:40,406 | INFO | 	                     (35, 0.05770363659091771),
2026-07-06 11:32:40,406 | INFO | 	                     (40, 0.061601738255686815),
2026-07-06 11:32:40,406 | INFO | 	                     (45, 0.07112066991087423),
2026-07-06 11:32:40,406 | INFO | 	                     (50, 0.09010067685973468),
2026-07-06 11:32:40,406 | INFO | 	                     (55, 0.09880460040825077),
2026-07-06 11:32:40,406 | INFO | 	                     (60, 0.06214327243096943)],
2026-07-06 11:32:40,406 | INFO | 	 'local_loss_min': [(5, 7.271502545336261e-05),
2026-07-06 11:32:40,406 | INFO | 	                    (10, 4.31528314948082e-05),
2026-07-06 11:32:40,406 | INFO | 	                    (15, 0.0022715806568923747),
2026-07-06 11:32:40,406 | INFO | 	                    (20, 0.0016161249950528145),
2026-07-06 11:32:40,406 | INFO | 	                    (25, 0.0019059684127569199),
2026-07-06 11:32:40,406 | INFO | 	                    (30, 0.0023054882351841244),
2026-07-06 11:32:40,406 | INFO | 	                    (35, 0.0017989581184727804),
2026-07-06 11:32:40,406 | INFO | 	                    (40, 0.003419598653202965),
2026-07-06 11:32:40,406 | INFO | 	                    (45, 3.462923996266909e-05),
2026-07-06 11:32:40,406 | INFO | 	                    (50, 0.0028562797233462334),
2026-07-06 11:32:40,406 | INFO | 	                    (55, 0.003006190593753542),
2026-07-06 11:32:40,406 | INFO | 	                    (60, 0.0008879532688297331)],
2026-07-06 11:32:40,406 | INFO | 	 'local_loss_p50': [(5, 0.16223561502339548),
2026-07-06 11:32:40,406 | INFO | 	                    (10, 0.07459349859328497),
2026-07-06 11:32:40,406 | INFO | 	                    (15, 0.06920760386698954),
2026-07-06 11:32:40,406 | INFO | 	                    (20, 0.10607674717903137),
2026-07-06 11:32:40,406 | INFO | 	                    (25, 0.033638528324066),
2026-07-06 11:32:40,406 | INFO | 	                    (30, 0.035224605690349235),
2026-07-06 11:32:40,406 | INFO | 	                    (35, 0.01661394089460373),
2026-07-06 11:32:40,406 | INFO | 	                    (40, 0.027107629577603883),
2026-07-06 11:32:40,406 | INFO | 	                    (45, 0.0197976753115654),
2026-07-06 11:32:40,406 | INFO | 	                    (50, 0.016364888421126773),
2026-07-06 11:32:40,406 | INFO | 	                    (55, 0.08387540126668996),
2026-07-06 11:32:40,406 | INFO | 	                    (60, 0.009427703343904935)],
2026-07-06 11:32:40,406 | INFO | 	 'local_loss_std': [(5, 0.4149945851500197),
2026-07-06 11:32:40,406 | INFO | 	                    (10, 0.13785691620350024),
2026-07-06 11:32:40,406 | INFO | 	                    (15, 0.1638412570298451),
2026-07-06 11:32:40,407 | INFO | 	                    (20, 0.10413596145808948),
2026-07-06 11:32:40,407 | INFO | 	                    (25, 0.046829439170538084),
2026-07-06 11:32:40,407 | INFO | 	                    (30, 0.03883789384133383),
2026-07-06 11:32:40,407 | INFO | 	                    (35, 0.08414971859669183),
2026-07-06 11:32:40,407 | INFO | 	                    (40, 0.06435350012273922),
2026-07-06 11:32:40,407 | INFO | 	                    (45, 0.09229073844586291),
2026-07-06 11:32:40,407 | INFO | 	                    (50, 0.12963690241217649),
2026-07-06 11:32:40,407 | INFO | 	                    (55, 0.09628666056158176),
2026-07-06 11:32:40,407 | INFO | 	                    (60, 0.10928666826846319)],
2026-07-06 11:32:40,407 | INFO | 	 'local_loss_weighted': [(5, 0.2069241697860568),
2026-07-06 11:32:40,407 | INFO | 	                         (10, 0.13916276577883327),
2026-07-06 11:32:40,407 | INFO | 	                         (15, 0.09035969596661383),
2026-07-06 11:32:40,407 | INFO | 	                         (20, 0.12192137096315193),
2026-07-06 11:32:40,407 | INFO | 	                         (25, 0.05255549937894227),
2026-07-06 11:32:40,407 | INFO | 	                         (30, 0.056738130105791644),
2026-07-06 11:32:40,407 | INFO | 	                         (35, 0.11816229587243643),
2026-07-06 11:32:40,407 | INFO | 	                         (40, 0.062376286307770624),
2026-07-06 11:32:40,407 | INFO | 	                         (45, 0.08061937380867312),
2026-07-06 11:32:40,407 | INFO | 	                         (50, 0.10829737490169983),
2026-07-06 11:32:40,407 | INFO | 	                         (55, 0.11059892640589701),
2026-07-06 11:32:40,407 | INFO | 	                         (60, 0.07019412217897918)],
2026-07-06 11:32:40,407 | INFO | 	 'local_nll_mean': [(5, 0.2801689533271667),
2026-07-06 11:32:40,407 | INFO | 	                    (10, 0.14224119937419985),
2026-07-06 11:32:40,407 | INFO | 	                    (15, 0.13206072280232328),
2026-07-06 11:32:40,407 | INFO | 	                    (20, 0.12526103292250051),
2026-07-06 11:32:40,407 | INFO | 	                    (25, 0.048593461267212194),
2026-07-06 11:32:40,407 | INFO | 	                    (30, 0.041978068883875515),
2026-07-06 11:32:40,407 | INFO | 	                    (35, 0.05770363659091771),
2026-07-06 11:32:40,407 | INFO | 	                    (40, 0.061601738255686815),
2026-07-06 11:32:40,407 | INFO | 	                    (45, 0.07112066991087423),
2026-07-06 11:32:40,407 | INFO | 	                    (50, 0.09010067685973468),
2026-07-06 11:32:40,407 | INFO | 	                    (55, 0.09880460040825077),
2026-07-06 11:32:40,407 | INFO | 	                    (60, 0.06214327243096943)],
2026-07-06 11:32:40,407 | INFO | 	 'local_nll_std': [(5, 0.4149945851500197),
2026-07-06 11:32:40,407 | INFO | 	                   (10, 0.13785691620350024),
2026-07-06 11:32:40,407 | INFO | 	                   (15, 0.1638412570298451),
2026-07-06 11:32:40,407 | INFO | 	                   (20, 0.10413596145808948),
2026-07-06 11:32:40,407 | INFO | 	                   (25, 0.046829439170538084),
2026-07-06 11:32:40,407 | INFO | 	                   (30, 0.03883789384133383),
2026-07-06 11:32:40,408 | INFO | 	                   (35, 0.08414971859669183),
2026-07-06 11:32:40,408 | INFO | 	                   (40, 0.06435350012273922),
2026-07-06 11:32:40,408 | INFO | 	                   (45, 0.09229073844586291),
2026-07-06 11:32:40,408 | INFO | 	                   (50, 0.12963690241217649),
2026-07-06 11:32:40,408 | INFO | 	                   (55, 0.09628666056158176),
2026-07-06 11:32:40,408 | INFO | 	                   (60, 0.10928666826846319)],
2026-07-06 11:32:40,408 | INFO | 	 'num_fit_failures': [(1, 0),
2026-07-06 11:32:40,408 | INFO | 	                      (2, 0),
2026-07-06 11:32:40,408 | INFO | 	                      (3, 0),
2026-07-06 11:32:40,408 | INFO | 	                      (4, 0),
2026-07-06 11:32:40,408 | INFO | 	                      (5, 0),
2026-07-06 11:32:40,408 | INFO | 	                      (6, 0),
2026-07-06 11:32:40,408 | INFO | 	                      (7, 0),
2026-07-06 11:32:40,408 | INFO | 	                      (8, 0),
2026-07-06 11:32:40,408 | INFO | 	                      (9, 0),
2026-07-06 11:32:40,408 | INFO | 	                      (10, 0),
2026-07-06 11:32:40,408 | INFO | 	                      (11, 0),
2026-07-06 11:32:40,408 | INFO | 	                      (12, 0),
2026-07-06 11:32:40,408 | INFO | 	                      (13, 0),
2026-07-06 11:32:40,408 | INFO | 	                      (14, 0),
2026-07-06 11:32:40,408 | INFO | 	                      (15, 0),
2026-07-06 11:32:40,408 | INFO | 	                      (16, 0),
2026-07-06 11:32:40,408 | INFO | 	                      (17, 0),
2026-07-06 11:32:40,408 | INFO | 	                      (18, 0),
2026-07-06 11:32:40,408 | INFO | 	                      (19, 0),
2026-07-06 11:32:40,408 | INFO | 	                      (20, 0),
2026-07-06 11:32:40,408 | INFO | 	                      (21, 0),
2026-07-06 11:32:40,408 | INFO | 	                      (22, 0),
2026-07-06 11:32:40,408 | INFO | 	                      (23, 0),
2026-07-06 11:32:40,408 | INFO | 	                      (24, 0),
2026-07-06 11:32:40,408 | INFO | 	                      (25, 0),
2026-07-06 11:32:40,408 | INFO | 	                      (26, 0),
2026-07-06 11:32:40,408 | INFO | 	                      (27, 0),
2026-07-06 11:32:40,408 | INFO | 	                      (28, 0),
2026-07-06 11:32:40,408 | INFO | 	                      (29, 0),
2026-07-06 11:32:40,408 | INFO | 	                      (30, 0),
2026-07-06 11:32:40,408 | INFO | 	                      (31, 0),
2026-07-06 11:32:40,408 | INFO | 	                      (32, 0),
2026-07-06 11:32:40,408 | INFO | 	                      (33, 0),
2026-07-06 11:32:40,408 | INFO | 	                      (34, 0),
2026-07-06 11:32:40,409 | INFO | 	                      (35, 0),
2026-07-06 11:32:40,409 | INFO | 	                      (36, 0),
2026-07-06 11:32:40,409 | INFO | 	                      (37, 0),
2026-07-06 11:32:40,409 | INFO | 	                      (38, 0),
2026-07-06 11:32:40,409 | INFO | 	                      (39, 0),
2026-07-06 11:32:40,409 | INFO | 	                      (40, 0),
2026-07-06 11:32:40,409 | INFO | 	                      (41, 0),
2026-07-06 11:32:40,409 | INFO | 	                      (42, 0),
2026-07-06 11:32:40,409 | INFO | 	                      (43, 0),
2026-07-06 11:32:40,409 | INFO | 	                      (44, 0),
2026-07-06 11:32:40,409 | INFO | 	                      (45, 0),
2026-07-06 11:32:40,409 | INFO | 	                      (46, 0),
2026-07-06 11:32:40,409 | INFO | 	                      (47, 0),
2026-07-06 11:32:40,409 | INFO | 	                      (48, 0),
2026-07-06 11:32:40,409 | INFO | 	                      (49, 0),
2026-07-06 11:32:40,409 | INFO | 	                      (50, 0),
2026-07-06 11:32:40,409 | INFO | 	                      (51, 0),
2026-07-06 11:32:40,409 | INFO | 	                      (52, 0),
2026-07-06 11:32:40,409 | INFO | 	                      (53, 0),
2026-07-06 11:32:40,409 | INFO | 	                      (54, 0),
2026-07-06 11:32:40,409 | INFO | 	                      (55, 0),
2026-07-06 11:32:40,409 | INFO | 	                      (56, 0),
2026-07-06 11:32:40,409 | INFO | 	                      (57, 0),
2026-07-06 11:32:40,409 | INFO | 	                      (58, 0),
2026-07-06 11:32:40,409 | INFO | 	                      (59, 0),
2026-07-06 11:32:40,409 | INFO | 	                      (60, 0)],
2026-07-06 11:32:40,409 | INFO | 	 'ola_fisher_max': [(1, 0.0003967020270839612),
2026-07-06 11:32:40,409 | INFO | 	                    (2, 0.00029409514797907937),
2026-07-06 11:32:40,409 | INFO | 	                    (3, 0.0003739965797032247),
2026-07-06 11:32:40,409 | INFO | 	                    (4, 0.0004829297143669167),
2026-07-06 11:32:40,409 | INFO | 	                    (5, 0.0013630539452011503),
2026-07-06 11:32:40,409 | INFO | 	                    (6, 0.00032760114789685347),
2026-07-06 11:32:40,409 | INFO | 	                    (7, 0.0008320593193661766),
2026-07-06 11:32:40,409 | INFO | 	                    (8, 0.0012747671903301898),
2026-07-06 11:32:40,409 | INFO | 	                    (9, 0.0007502897094465399),
2026-07-06 11:32:40,409 | INFO | 	                    (10, 0.0006150404902781217),
2026-07-06 11:32:40,409 | INFO | 	                    (11, 0.00026654019105293135),
2026-07-06 11:32:40,409 | INFO | 	                    (12, 0.00017062276171862196),
2026-07-06 11:32:40,409 | INFO | 	                    (13, 0.00022823419807246927),
2026-07-06 11:32:40,409 | INFO | 	                    (14, 0.0006091329083389505),
2026-07-06 11:32:40,410 | INFO | 	                    (15, 0.00019885086122750225),
2026-07-06 11:32:40,410 | INFO | 	                    (16, 0.0005707446674291901),
2026-07-06 11:32:40,410 | INFO | 	                    (17, 0.0034950695441852437),
2026-07-06 11:32:40,410 | INFO | 	                    (18, 0.000179531768552173),
2026-07-06 11:32:40,410 | INFO | 	                    (19, 0.0007287472008949928),
2026-07-06 11:32:40,410 | INFO | 	                    (20, 0.0001058348670580563),
2026-07-06 11:32:40,410 | INFO | 	                    (21, 0.00032316520524717775),
2026-07-06 11:32:40,410 | INFO | 	                    (22, 0.00024133042292906354),
2026-07-06 11:32:40,410 | INFO | 	                    (23, 0.0002237262748415168),
2026-07-06 11:32:40,410 | INFO | 	                    (24, 0.005103992381437611),
2026-07-06 11:32:40,410 | INFO | 	                    (25, 0.0003788049656851368),
2026-07-06 11:32:40,410 | INFO | 	                    (26, 0.0003321778788985588),
2026-07-06 11:32:40,410 | INFO | 	                    (27, 0.00048109309771236146),
2026-07-06 11:32:40,410 | INFO | 	                    (28, 0.00046509577914401743),
2026-07-06 11:32:40,410 | INFO | 	                    (29, 0.00038220247788064933),
2026-07-06 11:32:40,410 | INFO | 	                    (30, 0.0002308002734722286),
2026-07-06 11:32:40,410 | INFO | 	                    (31, 0.00010334129076174701),
2026-07-06 11:32:40,410 | INFO | 	                    (32, 9.355286672383973e-05),
2026-07-06 11:32:40,410 | INFO | 	                    (33, 6.439246277194429e-05),
2026-07-06 11:32:40,410 | INFO | 	                    (34, 0.00041455662976609665),
2026-07-06 11:32:40,410 | INFO | 	                    (35, 0.0017387109051183068),
2026-07-06 11:32:40,410 | INFO | 	                    (36, 0.00046662049078740437),
2026-07-06 11:32:40,410 | INFO | 	                    (37, 0.00010129896878985992),
2026-07-06 11:32:40,410 | INFO | 	                    (38, 0.00010677236290860788),
2026-07-06 11:32:40,410 | INFO | 	                    (39, 0.00015606473321911487),
2026-07-06 11:32:40,410 | INFO | 	                    (40, 0.00018661147426854563),
2026-07-06 11:32:40,410 | INFO | 	                    (41, 0.00015428626920244298),
2026-07-06 11:32:40,410 | INFO | 	                    (42, 0.00023432809657017456),
2026-07-06 11:32:40,410 | INFO | 	                    (43, 0.0006081282183420132),
2026-07-06 11:32:40,410 | INFO | 	                    (44, 0.0001490474492100929),
2026-07-06 11:32:40,410 | INFO | 	                    (45, 7.404455841502845e-05),
2026-07-06 11:32:40,410 | INFO | 	                    (46, 9.289754023199e-05),
2026-07-06 11:32:40,411 | INFO | 	                    (47, 0.002114503668514952),
2026-07-06 11:32:40,411 | INFO | 	                    (48, 0.0006913836526879495),
2026-07-06 11:32:40,411 | INFO | 	                    (49, 2.445798306147554e-05),
2026-07-06 11:32:40,411 | INFO | 	                    (50, 3.4437720632940097e-05),
2026-07-06 11:32:40,411 | INFO | 	                    (51, 0.00019638423685614933),
2026-07-06 11:32:40,411 | INFO | 	                    (52, 0.00014870862956590256),
2026-07-06 11:32:40,411 | INFO | 	                    (53, 0.004518373029085777),
2026-07-06 11:32:40,411 | INFO | 	                    (54, 0.005225050556990266),
2026-07-06 11:32:40,411 | INFO | 	                    (55, 0.00017012886022700898),
2026-07-06 11:32:40,411 | INFO | 	                    (56, 0.0003198284822579943),
2026-07-06 11:32:40,411 | INFO | 	                    (57, 0.00012145181319593886),
2026-07-06 11:32:40,411 | INFO | 	                    (58, 8.071054287080571e-05),
2026-07-06 11:32:40,411 | INFO | 	                    (59, 6.235507672284837e-05),
2026-07-06 11:32:40,411 | INFO | 	                    (60, 0.00010923494393838406)],
2026-07-06 11:32:40,411 | INFO | 	 'ola_fisher_mean': [(1, 9.62470525558229e-05),
2026-07-06 11:32:40,411 | INFO | 	                     (2, 0.0001278211899640972),
2026-07-06 11:32:40,411 | INFO | 	                     (3, 0.0001905738084960127),
2026-07-06 11:32:40,411 | INFO | 	                     (4, 0.00012735237341669355),
2026-07-06 11:32:40,411 | INFO | 	                     (5, 0.00023473607779413597),
2026-07-06 11:32:40,411 | INFO | 	                     (6, 0.00010521666127358934),
2026-07-06 11:32:40,411 | INFO | 	                     (7, 0.00022209847028552656),
2026-07-06 11:32:40,411 | INFO | 	                     (8, 0.00017052397743179485),
2026-07-06 11:32:40,411 | INFO | 	                     (9, 0.0001095290380290735),
2026-07-06 11:32:40,411 | INFO | 	                     (10, 9.652686556836333e-05),
2026-07-06 11:32:40,411 | INFO | 	                     (11, 5.152401409099119e-05),
2026-07-06 11:32:40,411 | INFO | 	                     (12, 5.455014657447398e-05),
2026-07-06 11:32:40,411 | INFO | 	                     (13, 5.4247756794212995e-05),
2026-07-06 11:32:40,411 | INFO | 	                     (14, 0.0001007245666152292),
2026-07-06 11:32:40,411 | INFO | 	                     (15, 5.796432206587852e-05),
2026-07-06 11:32:40,411 | INFO | 	                     (16, 0.00011332206192905269),
2026-07-06 11:32:40,411 | INFO | 	                     (17, 0.00043853429465229185),
2026-07-06 11:32:40,412 | INFO | 	                     (18, 5.103660881920498e-05),
2026-07-06 11:32:40,412 | INFO | 	                     (19, 0.000112349815080044),
2026-07-06 11:32:40,412 | INFO | 	                     (20, 3.897142158462197e-05),
2026-07-06 11:32:40,412 | INFO | 	                     (21, 5.023262344098934e-05),
2026-07-06 11:32:40,412 | INFO | 	                     (22, 3.7866121648803044e-05),
2026-07-06 11:32:40,412 | INFO | 	                     (23, 4.2723674565052116e-05),
2026-07-06 11:32:40,412 | INFO | 	                     (24, 0.00036481472579805315),
2026-07-06 11:32:40,412 | INFO | 	                     (25, 7.52793151928433e-05),
2026-07-06 11:32:40,412 | INFO | 	                     (26, 5.000700283949371e-05),
2026-07-06 11:32:40,412 | INFO | 	                     (27, 6.386703967406993e-05),
2026-07-06 11:32:40,412 | INFO | 	                     (28, 0.00010422610624047207),
2026-07-06 11:32:40,412 | INFO | 	                     (29, 9.664592103209762e-05),
2026-07-06 11:32:40,412 | INFO | 	                     (30, 3.4211707578020435e-05),
2026-07-06 11:32:40,412 | INFO | 	                     (31, 2.5988703082501208e-05),
2026-07-06 11:32:40,412 | INFO | 	                     (32, 3.05927039529098e-05),
2026-07-06 11:32:40,412 | INFO | 	                     (33, 1.938575262835312e-05),
2026-07-06 11:32:40,412 | INFO | 	                     (34, 7.957732997361905e-05),
2026-07-06 11:32:40,412 | INFO | 	                     (35, 0.00016252557334729743),
2026-07-06 11:32:40,412 | INFO | 	                     (36, 0.00010057761023613969),
2026-07-06 11:32:40,412 | INFO | 	                     (37, 1.5159071335737932e-05),
2026-07-06 11:32:40,412 | INFO | 	                     (38, 2.4350432992311607e-05),
2026-07-06 11:32:40,412 | INFO | 	                     (39, 3.8433619242640526e-05),
2026-07-06 11:32:40,412 | INFO | 	                     (40, 4.095022467651944e-05),
2026-07-06 11:32:40,412 | INFO | 	                     (41, 4.3350621050582316e-05),
2026-07-06 11:32:40,412 | INFO | 	                     (42, 3.625781852660674e-05),
2026-07-06 11:32:40,412 | INFO | 	                     (43, 9.209957566016378e-05),
2026-07-06 11:32:40,412 | INFO | 	                     (44, 4.3390364922445895e-05),
2026-07-06 11:32:40,412 | INFO | 	                     (45, 2.1534323895404394e-05),
2026-07-06 11:32:40,412 | INFO | 	                     (46, 1.6829281211387182e-05),
2026-07-06 11:32:40,412 | INFO | 	                     (47, 0.00018829565270458225),
2026-07-06 11:32:40,412 | INFO | 	                     (48, 6.255033620386979e-05),
2026-07-06 11:32:40,412 | INFO | 	                     (49, 1.0443156786231757e-05),
2026-07-06 11:32:40,413 | INFO | 	                     (50, 1.4729322408905714e-05),
2026-07-06 11:32:40,413 | INFO | 	                     (51, 4.182738005716647e-05),
2026-07-06 11:32:40,413 | INFO | 	                     (52, 4.1013181218842675e-05),
2026-07-06 11:32:40,413 | INFO | 	                     (53, 0.00032254383298857087),
2026-07-06 11:32:40,413 | INFO | 	                     (54, 0.0003604564397483455),
2026-07-06 11:32:40,413 | INFO | 	                     (55, 3.478265836950884e-05),
2026-07-06 11:32:40,413 | INFO | 	                     (56, 5.395529849997405e-05),
2026-07-06 11:32:40,413 | INFO | 	                     (57, 2.263136458962248e-05),
2026-07-06 11:32:40,413 | INFO | 	                     (58, 2.4201048875312073e-05),
2026-07-06 11:32:40,413 | INFO | 	                     (59, 1.5206496537800497e-05),
2026-07-06 11:32:40,413 | INFO | 	                     (60, 2.5512183763146554e-05)],
2026-07-06 11:32:40,413 | INFO | 	 'ola_fisher_min': [(1, 2.432013327330039e-05),
2026-07-06 11:32:40,413 | INFO | 	                    (2, 1.8680399136060856e-05),
2026-07-06 11:32:40,413 | INFO | 	                    (3, 4.010883096260192e-05),
2026-07-06 11:32:40,413 | INFO | 	                    (4, 1.7902803467852115e-05),
2026-07-06 11:32:40,413 | INFO | 	                    (5, 2.4538671082870437e-05),
2026-07-06 11:32:40,413 | INFO | 	                    (6, 2.270454188915915e-05),
2026-07-06 11:32:40,413 | INFO | 	                    (7, 4.88757839448479e-05),
2026-07-06 11:32:40,413 | INFO | 	                    (8, 2.1277235037220975e-05),
2026-07-06 11:32:40,413 | INFO | 	                    (9, 8.127791223984994e-06),
2026-07-06 11:32:40,413 | INFO | 	                    (10, 5.511804096520729e-06),
2026-07-06 11:32:40,413 | INFO | 	                    (11, 1.5890072185988288e-07),
2026-07-06 11:32:40,413 | INFO | 	                    (12, 1.0159957787496165e-05),
2026-07-06 11:32:40,413 | INFO | 	                    (13, 5.971097322577581e-06),
2026-07-06 11:32:40,413 | INFO | 	                    (14, 7.230412003128474e-06),
2026-07-06 11:32:40,413 | INFO | 	                    (15, 3.050506494603329e-06),
2026-07-06 11:32:40,413 | INFO | 	                    (16, 7.923327498145403e-07),
2026-07-06 11:32:40,413 | INFO | 	                    (17, 1.1214387907529099e-05),
2026-07-06 11:32:40,413 | INFO | 	                    (18, 1.3543197212658927e-06),
2026-07-06 11:32:40,413 | INFO | 	                    (19, 1.0801822544276405e-05),
2026-07-06 11:32:40,413 | INFO | 	                    (20, 4.20758179698223e-06),
2026-07-06 11:32:40,413 | INFO | 	                    (21, 1.3562554129436996e-06),
2026-07-06 11:32:40,413 | INFO | 	                    (22, 2.8440546161504623e-08),
2026-07-06 11:32:40,414 | INFO | 	                    (23, 3.452803323256155e-07),
2026-07-06 11:32:40,414 | INFO | 	                    (24, 1.0117612482547092e-06),
2026-07-06 11:32:40,414 | INFO | 	                    (25, 1.405770535331184e-05),
2026-07-06 11:32:40,414 | INFO | 	                    (26, 1.6877788151444967e-07),
2026-07-06 11:32:40,414 | INFO | 	                    (27, 1.8499636190502444e-06),
2026-07-06 11:32:40,414 | INFO | 	                    (28, 1.3006456362064124e-06),
2026-07-06 11:32:40,414 | INFO | 	                    (29, 8.387176093472999e-06),
2026-07-06 11:32:40,414 | INFO | 	                    (30, 2.0662081315976783e-08),
2026-07-06 11:32:40,414 | INFO | 	                    (31, 3.90216785568413e-06),
2026-07-06 11:32:40,414 | INFO | 	                    (32, 9.640900024026407e-07),
2026-07-06 11:32:40,414 | INFO | 	                    (33, 1.7211726570095426e-06),
2026-07-06 11:32:40,414 | INFO | 	                    (34, 1.2546264872673895e-06),
2026-07-06 11:32:40,414 | INFO | 	                    (35, 1.589347494534209e-11),
2026-07-06 11:32:40,414 | INFO | 	                    (36, 1.5501115321234688e-07),
2026-07-06 11:32:40,414 | INFO | 	                    (37, 6.801425103861521e-09),
2026-07-06 11:32:40,414 | INFO | 	                    (38, 1.6932793516650732e-09),
2026-07-06 11:32:40,414 | INFO | 	                    (39, 1.4008260904931786e-06),
2026-07-06 11:32:40,414 | INFO | 	                    (40, 2.6131829289785705e-06),
2026-07-06 11:32:40,414 | INFO | 	                    (41, 3.4060025926444004e-06),
2026-07-06 11:32:40,414 | INFO | 	                    (42, 2.242950263141974e-06),
2026-07-06 11:32:40,414 | INFO | 	                    (43, 2.15781647994745e-09),
2026-07-06 11:32:40,414 | INFO | 	                    (44, 4.443991265590421e-06),
2026-07-06 11:32:40,414 | INFO | 	                    (45, 1.8005652701408535e-06),
2026-07-06 11:32:40,414 | INFO | 	                    (46, 4.4383581012990137e-07),
2026-07-06 11:32:40,414 | INFO | 	                    (47, 6.246551517469886e-08),
2026-07-06 11:32:40,414 | INFO | 	                    (48, 3.4639028812206047e-07),
2026-07-06 11:32:40,414 | INFO | 	                    (49, 1.980341633529086e-06),
2026-07-06 11:32:40,414 | INFO | 	                    (50, 6.581030795174238e-07),
2026-07-06 11:32:40,414 | INFO | 	                    (51, 2.3004737591653434e-06),
2026-07-06 11:32:40,414 | INFO | 	                    (52, 8.644019350421837e-07),
2026-07-06 11:32:40,414 | INFO | 	                    (53, 3.027108440892578e-06),
2026-07-06 11:32:40,414 | INFO | 	                    (54, 1.409808825110735e-07),
2026-07-06 11:32:40,415 | INFO | 	                    (55, 4.786795438926957e-06),
2026-07-06 11:32:40,415 | INFO | 	                    (56, 1.6698276067246135e-06),
2026-07-06 11:32:40,415 | INFO | 	                    (57, 8.137822452479367e-07),
2026-07-06 11:32:40,415 | INFO | 	                    (58, 5.009519613229023e-06),
2026-07-06 11:32:40,415 | INFO | 	                    (59, 9.445904490589892e-07),
2026-07-06 11:32:40,415 | INFO | 	                    (60, 6.08492659971176e-06)],
2026-07-06 11:32:40,415 | INFO | 	 'ola_fisher_p10': [(1, 3.540623949253512e-05),
2026-07-06 11:32:40,415 | INFO | 	                    (2, 4.5618803286070835e-05),
2026-07-06 11:32:40,415 | INFO | 	                    (3, 6.584867846474887e-05),
2026-07-06 11:32:40,415 | INFO | 	                    (4, 3.374224832286339e-05),
2026-07-06 11:32:40,415 | INFO | 	                    (5, 3.831219127008113e-05),
2026-07-06 11:32:40,415 | INFO | 	                    (6, 2.559895689400147e-05),
2026-07-06 11:32:40,415 | INFO | 	                    (7, 5.4038850260326617e-05),
2026-07-06 11:32:40,415 | INFO | 	                    (8, 4.052826133244396e-05),
2026-07-06 11:32:40,415 | INFO | 	                    (9, 8.490110257019096e-06),
2026-07-06 11:32:40,415 | INFO | 	                    (10, 1.3355488135227443e-05),
2026-07-06 11:32:40,415 | INFO | 	                    (11, 9.197042643605925e-06),
2026-07-06 11:32:40,415 | INFO | 	                    (12, 1.4259094511262762e-05),
2026-07-06 11:32:40,415 | INFO | 	                    (13, 1.1821754339513736e-05),
2026-07-06 11:32:40,415 | INFO | 	                    (14, 2.1669690347021954e-05),
2026-07-06 11:32:40,415 | INFO | 	                    (15, 5.774682638263108e-06),
2026-07-06 11:32:40,415 | INFO | 	                    (16, 2.8223605985212894e-06),
2026-07-06 11:32:40,415 | INFO | 	                    (17, 1.7473762171533782e-05),
2026-07-06 11:32:40,415 | INFO | 	                    (18, 5.320069205689655e-06),
2026-07-06 11:32:40,415 | INFO | 	                    (19, 1.4249291821169645e-05),
2026-07-06 11:32:40,415 | INFO | 	                    (20, 8.50773581640707e-06),
2026-07-06 11:32:40,415 | INFO | 	                    (21, 3.8029027682914928e-06),
2026-07-06 11:32:40,415 | INFO | 	                    (22, 5.339209028727958e-06),
2026-07-06 11:32:40,415 | INFO | 	                    (23, 3.7987580212546478e-06),
2026-07-06 11:32:40,415 | INFO | 	                    (24, 4.036086168671113e-06),
2026-07-06 11:32:40,415 | INFO | 	                    (25, 1.9964658081334906e-05),
2026-07-06 11:32:40,415 | INFO | 	                    (26, 1.975978156456131e-06),
2026-07-06 11:32:40,415 | INFO | 	                    (27, 2.6498410292462593e-06),
2026-07-06 11:32:40,416 | INFO | 	                    (28, 5.897811164542855e-06),
2026-07-06 11:32:40,416 | INFO | 	                    (29, 1.2936355684807297e-05),
2026-07-06 11:32:40,416 | INFO | 	                    (30, 3.936624880056605e-06),
2026-07-06 11:32:40,416 | INFO | 	                    (31, 4.107681051585694e-06),
2026-07-06 11:32:40,416 | INFO | 	                    (32, 6.31804386041566e-06),
2026-07-06 11:32:40,416 | INFO | 	                    (33, 3.244236640587991e-06),
2026-07-06 11:32:40,416 | INFO | 	                    (34, 3.1621981686177285e-06),
2026-07-06 11:32:40,416 | INFO | 	                    (35, 3.5102897966054574e-06),
2026-07-06 11:32:40,416 | INFO | 	                    (36, 6.224728727162157e-06),
2026-07-06 11:32:40,416 | INFO | 	                    (37, 1.1079477505719935e-06),
2026-07-06 11:32:40,416 | INFO | 	                    (38, 4.854516727371363e-06),
2026-07-06 11:32:40,416 | INFO | 	                    (39, 3.4421581977993837e-06),
2026-07-06 11:32:40,416 | INFO | 	                    (40, 7.910277212095703e-06),
2026-07-06 11:32:40,416 | INFO | 	                    (41, 3.9909105462307954e-06),
2026-07-06 11:32:40,416 | INFO | 	                    (42, 3.827992318125844e-06),
2026-07-06 11:32:40,416 | INFO | 	                    (43, 2.6917451559185467e-06),
2026-07-06 11:32:40,416 | INFO | 	                    (44, 6.135248857719591e-06),
2026-07-06 11:32:40,416 | INFO | 	                    (45, 3.627562486205169e-06),
2026-07-06 11:32:40,416 | INFO | 	                    (46, 1.1998959435362463e-06),
2026-07-06 11:32:40,416 | INFO | 	                    (47, 3.833515871259901e-06),
2026-07-06 11:32:40,416 | INFO | 	                    (48, 4.121614096245066e-06),
2026-07-06 11:32:40,416 | INFO | 	                    (49, 4.453548307666585e-06),
2026-07-06 11:32:40,416 | INFO | 	                    (50, 4.429178926339262e-06),
2026-07-06 11:32:40,416 | INFO | 	                    (51, 6.022069872584724e-06),
2026-07-06 11:32:40,416 | INFO | 	                    (52, 4.473491374434431e-06),
2026-07-06 11:32:40,416 | INFO | 	                    (53, 3.9156502359069915e-06),
2026-07-06 11:32:40,416 | INFO | 	                    (54, 2.3963763002505515e-06),
2026-07-06 11:32:40,416 | INFO | 	                    (55, 6.455274938753109e-06),
2026-07-06 11:32:40,416 | INFO | 	                    (56, 2.1178112539457927e-06),
2026-07-06 11:32:40,416 | INFO | 	                    (57, 4.683398694744713e-06),
2026-07-06 11:32:40,416 | INFO | 	                    (58, 6.121219137306111e-06),
2026-07-06 11:32:40,416 | INFO | 	                    (59, 3.68658800461708e-06),
2026-07-06 11:32:40,416 | INFO | 	                    (60, 7.3018000719343104e-06)],
2026-07-06 11:32:40,416 | INFO | 	 'ola_fisher_p50': [(1, 6.994712038535864e-05),
2026-07-06 11:32:40,416 | INFO | 	                    (2, 9.466992071259247e-05),
2026-07-06 11:32:40,417 | INFO | 	                    (3, 0.0002049443577097819),
2026-07-06 11:32:40,417 | INFO | 	                    (4, 8.781346551008665e-05),
2026-07-06 11:32:40,417 | INFO | 	                    (5, 9.392159865096364e-05),
2026-07-06 11:32:40,417 | INFO | 	                    (6, 8.314622431246686e-05),
2026-07-06 11:32:40,417 | INFO | 	                    (7, 0.00010236665608866765),
2026-07-06 11:32:40,417 | INFO | 	                    (8, 7.86912948401957e-05),
2026-07-06 11:32:40,417 | INFO | 	                    (9, 3.253642906051871e-05),
2026-07-06 11:32:40,417 | INFO | 	                    (10, 3.173477804283956e-05),
2026-07-06 11:32:40,417 | INFO | 	                    (11, 2.3322531827010075e-05),
2026-07-06 11:32:40,417 | INFO | 	                    (12, 3.7265800490754916e-05),
2026-07-06 11:32:40,417 | INFO | 	                    (13, 2.977566984081564e-05),
2026-07-06 11:32:40,417 | INFO | 	                    (14, 4.2929387914838226e-05),
2026-07-06 11:32:40,417 | INFO | 	                    (15, 3.0514818647053433e-05),
2026-07-06 11:32:40,417 | INFO | 	                    (16, 2.199719884709514e-05),
2026-07-06 11:32:40,417 | INFO | 	                    (17, 9.041840257194441e-05),
2026-07-06 11:32:40,417 | INFO | 	                    (18, 1.672754249516934e-05),
2026-07-06 11:32:40,417 | INFO | 	                    (19, 5.46196331363643e-05),
2026-07-06 11:32:40,417 | INFO | 	                    (20, 3.8294219595822296e-05),
2026-07-06 11:32:40,417 | INFO | 	                    (21, 2.305806240024544e-05),
2026-07-06 11:32:40,417 | INFO | 	                    (22, 2.229071608670802e-05),
2026-07-06 11:32:40,417 | INFO | 	                    (23, 2.104053408885065e-05),
2026-07-06 11:32:40,417 | INFO | 	                    (24, 9.939782970747769e-06),
2026-07-06 11:32:40,417 | INFO | 	                    (25, 3.595821983276162e-05),
2026-07-06 11:32:40,417 | INFO | 	                    (26, 1.7068114325783476e-05),
2026-07-06 11:32:40,417 | INFO | 	                    (27, 1.081217181319099e-05),
2026-07-06 11:32:40,417 | INFO | 	                    (28, 3.8985456820278206e-05),
2026-07-06 11:32:40,417 | INFO | 	                    (29, 2.6465478706112725e-05),
2026-07-06 11:32:40,417 | INFO | 	                    (30, 9.507709819531754e-06),
2026-07-06 11:32:40,417 | INFO | 	                    (31, 2.2198433980741504e-05),
2026-07-06 11:32:40,417 | INFO | 	                    (32, 2.3916612004158417e-05),
2026-07-06 11:32:40,417 | INFO | 	                    (33, 1.2463579985085897e-05),
2026-07-06 11:32:40,417 | INFO | 	                    (34, 1.1132374581092064e-05),
2026-07-06 11:32:40,417 | INFO | 	                    (35, 1.1320668367559921e-05),
2026-07-06 11:32:40,417 | INFO | 	                    (36, 4.7059487037855295e-05),
2026-07-06 11:32:40,417 | INFO | 	                    (37, 9.25538256981295e-06),
2026-07-06 11:32:40,417 | INFO | 	                    (38, 1.3361439435176313e-05),
2026-07-06 11:32:40,417 | INFO | 	                    (39, 1.7946823274971203e-05),
2026-07-06 11:32:40,417 | INFO | 	                    (40, 1.9172162613567233e-05),
2026-07-06 11:32:40,417 | INFO | 	                    (41, 3.748944346437133e-05),
2026-07-06 11:32:40,418 | INFO | 	                    (42, 1.7812182392634085e-05),
2026-07-06 11:32:40,418 | INFO | 	                    (43, 3.8112305804728054e-05),
2026-07-06 11:32:40,418 | INFO | 	                    (44, 2.0458850976947647e-05),
2026-07-06 11:32:40,418 | INFO | 	                    (45, 1.4586190531365786e-05),
2026-07-06 11:32:40,418 | INFO | 	                    (46, 7.764741889560162e-06),
2026-07-06 11:32:40,418 | INFO | 	                    (47, 3.0876595803239475e-05),
2026-07-06 11:32:40,418 | INFO | 	                    (48, 1.0451016484209052e-05),
2026-07-06 11:32:40,418 | INFO | 	                    (49, 8.288524477787897e-06),
2026-07-06 11:32:40,418 | INFO | 	                    (50, 1.3174629651321326e-05),
2026-07-06 11:32:40,418 | INFO | 	                    (51, 2.032095015130142e-05),
2026-07-06 11:32:40,418 | INFO | 	                    (52, 1.5065642926271077e-05),
2026-07-06 11:32:40,418 | INFO | 	                    (53, 1.9924116601444128e-05),
2026-07-06 11:32:40,418 | INFO | 	                    (54, 1.0314047725241886e-05),
2026-07-06 11:32:40,418 | INFO | 	                    (55, 2.011660235619402e-05),
2026-07-06 11:32:40,418 | INFO | 	                    (56, 2.2215365263768508e-05),
2026-07-06 11:32:40,418 | INFO | 	                    (57, 1.306337550930689e-05),
2026-07-06 11:32:40,418 | INFO | 	                    (58, 1.862651013461799e-05),
2026-07-06 11:32:40,418 | INFO | 	                    (59, 9.432804136146377e-06),
2026-07-06 11:32:40,418 | INFO | 	                    (60, 1.4394051735298693e-05)],
2026-07-06 11:32:40,418 | INFO | 	 'ola_fisher_p90': [(1, 0.00013755206346313775),
2026-07-06 11:32:40,418 | INFO | 	                    (2, 0.0002497127360858221),
2026-07-06 11:32:40,418 | INFO | 	                    (3, 0.0003121320611509316),
2026-07-06 11:32:40,418 | INFO | 	                    (4, 0.00025490756213184435),
2026-07-06 11:32:40,418 | INFO | 	                    (5, 0.00039981064011354665),
2026-07-06 11:32:40,418 | INFO | 	                    (6, 0.00021901641439075721),
2026-07-06 11:32:40,418 | INFO | 	                    (7, 0.0005949571259753074),
2026-07-06 11:32:40,418 | INFO | 	                    (8, 0.00022694541274067905),
2026-07-06 11:32:40,418 | INFO | 	                    (9, 0.00019710593861562898),
2026-07-06 11:32:40,418 | INFO | 	                    (10, 0.00017331822138814544),
2026-07-06 11:32:40,418 | INFO | 	                    (11, 0.00015488208042457147),
2026-07-06 11:32:40,418 | INFO | 	                    (12, 0.00011102474963551302),
2026-07-06 11:32:40,418 | INFO | 	                    (13, 0.00013846920680770177),
2026-07-06 11:32:40,418 | INFO | 	                    (14, 0.0001517886350873975),
2026-07-06 11:32:40,418 | INFO | 	                    (15, 0.00013402918488069777),
2026-07-06 11:32:40,418 | INFO | 	                    (16, 0.00042109602367612273),
2026-07-06 11:32:40,418 | INFO | 	                    (17, 0.0008109558528487477),
2026-07-06 11:32:40,418 | INFO | 	                    (18, 0.00014795647476419555),
2026-07-06 11:32:40,418 | INFO | 	                    (19, 0.00021396612954109416),
2026-07-06 11:32:40,418 | INFO | 	                    (20, 6.956302994389686e-05),
2026-07-06 11:32:40,419 | INFO | 	                    (21, 0.00010577221428289239),
2026-07-06 11:32:40,419 | INFO | 	                    (22, 6.109785150525854e-05),
2026-07-06 11:32:40,419 | INFO | 	                    (23, 0.00011740318241149914),
2026-07-06 11:32:40,419 | INFO | 	                    (24, 0.00010483163599952484),
2026-07-06 11:32:40,419 | INFO | 	                    (25, 0.00014056394698359846),
2026-07-06 11:32:40,419 | INFO | 	                    (26, 0.00010635768011713946),
2026-07-06 11:32:40,419 | INFO | 	                    (27, 0.00019083845232041537),
2026-07-06 11:32:40,419 | INFO | 	                    (28, 0.0003063413255901113),
2026-07-06 11:32:40,419 | INFO | 	                    (29, 0.0003252836330968028),
2026-07-06 11:32:40,419 | INFO | 	                    (30, 6.495975569331675e-05),
2026-07-06 11:32:40,419 | INFO | 	                    (31, 4.610295363691144e-05),
2026-07-06 11:32:40,419 | INFO | 	                    (32, 5.805287709242848e-05),
2026-07-06 11:32:40,419 | INFO | 	                    (33, 4.2043789598557616e-05),
2026-07-06 11:32:40,419 | INFO | 	                    (34, 0.0002916904921869549),
2026-07-06 11:32:40,419 | INFO | 	                    (35, 0.0002969590713379206),
2026-07-06 11:32:40,419 | INFO | 	                    (36, 0.000227338769875939),
2026-07-06 11:32:40,419 | INFO | 	                    (37, 2.1487580977904233e-05),
2026-07-06 11:32:40,419 | INFO | 	                    (38, 4.5307160018979395e-05),
2026-07-06 11:32:40,419 | INFO | 	                    (39, 0.00010459233918202638),
2026-07-06 11:32:40,419 | INFO | 	                    (40, 0.00012680557174019096),
2026-07-06 11:32:40,419 | INFO | 	                    (41, 8.182699495331223e-05),
2026-07-06 11:32:40,419 | INFO | 	                    (42, 7.722652863644471e-05),
2026-07-06 11:32:40,419 | INFO | 	                    (43, 0.0001696511572851005),
2026-07-06 11:32:40,419 | INFO | 	                    (44, 0.000123217526635822),
2026-07-06 11:32:40,419 | INFO | 	                    (45, 4.908453312605058e-05),
2026-07-06 11:32:40,419 | INFO | 	                    (46, 3.445994093684787e-05),
2026-07-06 11:32:40,419 | INFO | 	                    (47, 0.0002203470641244822),
2026-07-06 11:32:40,419 | INFO | 	                    (48, 6.503423627898677e-05),
2026-07-06 11:32:40,419 | INFO | 	                    (49, 2.0353818529118603e-05),
2026-07-06 11:32:40,419 | INFO | 	                    (50, 2.726402841908898e-05),
2026-07-06 11:32:40,419 | INFO | 	                    (51, 0.00011117453600801045),
2026-07-06 11:32:40,419 | INFO | 	                    (52, 0.00012304854493622237),
2026-07-06 11:32:40,419 | INFO | 	                    (53, 5.565464668516993e-05),
2026-07-06 11:32:40,419 | INFO | 	                    (54, 3.337086733965803e-05),
2026-07-06 11:32:40,419 | INFO | 	                    (55, 7.305463802398568e-05),
2026-07-06 11:32:40,419 | INFO | 	                    (56, 0.00015064223572757693),
2026-07-06 11:32:40,419 | INFO | 	                    (57, 3.8025462965693135e-05),
2026-07-06 11:32:40,419 | INFO | 	                    (58, 4.458158624829463e-05),
2026-07-06 11:32:40,420 | INFO | 	                    (59, 3.3005254147664244e-05),
2026-07-06 11:32:40,420 | INFO | 	                    (60, 4.35145668150841e-05)],
2026-07-06 11:32:40,420 | INFO | 	 'ola_fisher_std': [(1, 8.820260107377358e-05),
2026-07-06 11:32:40,420 | INFO | 	                    (2, 8.228005621042818e-05),
2026-07-06 11:32:40,420 | INFO | 	                    (3, 0.00010603053992743153),
2026-07-06 11:32:40,420 | INFO | 	                    (4, 0.0001199681155294707),
2026-07-06 11:32:40,420 | INFO | 	                    (5, 0.00032773662307080287),
2026-07-06 11:32:40,420 | INFO | 	                    (6, 8.485351113083356e-05),
2026-07-06 11:32:40,420 | INFO | 	                    (7, 0.0002442925254585179),
2026-07-06 11:32:40,420 | INFO | 	                    (8, 0.00030139716250892837),
2026-07-06 11:32:40,420 | INFO | 	                    (9, 0.00018369833735672905),
2026-07-06 11:32:40,420 | INFO | 	                    (10, 0.00014889970315017085),
2026-07-06 11:32:40,420 | INFO | 	                    (11, 7.733121493092319e-05),
2026-07-06 11:32:40,420 | INFO | 	                    (12, 4.42108793028593e-05),
2026-07-06 11:32:40,420 | INFO | 	                    (13, 6.26946788288713e-05),
2026-07-06 11:32:40,420 | INFO | 	                    (14, 0.00014392672189216714),
2026-07-06 11:32:40,420 | INFO | 	                    (15, 5.767764920135302e-05),
2026-07-06 11:32:40,420 | INFO | 	                    (16, 0.00018631718689624324),
2026-07-06 11:32:40,420 | INFO | 	                    (17, 0.0008588961189013352),
2026-07-06 11:32:40,420 | INFO | 	                    (18, 5.683679648987356e-05),
2026-07-06 11:32:40,420 | INFO | 	                    (19, 0.00017680556866399394),
2026-07-06 11:32:40,420 | INFO | 	                    (20, 2.6770991852243972e-05),
2026-07-06 11:32:40,420 | INFO | 	                    (21, 7.977242248650746e-05),
2026-07-06 11:32:40,420 | INFO | 	                    (22, 5.7001060077294185e-05),
2026-07-06 11:32:40,420 | INFO | 	                    (23, 6.050247150996611e-05),
2026-07-06 11:32:40,420 | INFO | 	                    (24, 0.0012670189551352551),
2026-07-06 11:32:40,420 | INFO | 	                    (25, 9.083526186386906e-05),
2026-07-06 11:32:40,420 | INFO | 	                    (26, 8.250802446115633e-05),
2026-07-06 11:32:40,420 | INFO | 	                    (27, 0.00012796548173416296),
2026-07-06 11:32:40,420 | INFO | 	                    (28, 0.00013614610406420245),
2026-07-06 11:32:40,420 | INFO | 	                    (29, 0.00012500002283460332),
2026-07-06 11:32:40,420 | INFO | 	                    (30, 5.720120393727142e-05),
2026-07-06 11:32:40,420 | INFO | 	                    (31, 2.4842717788274338e-05),
2026-07-06 11:32:40,420 | INFO | 	                    (32, 2.4786852432312914e-05),
2026-07-06 11:32:40,420 | INFO | 	                    (33, 1.7413249856584577e-05),
2026-07-06 11:32:40,420 | INFO | 	                    (34, 0.00013208733540077987),
2026-07-06 11:32:40,420 | INFO | 	                    (35, 0.0004344217560137836),
2026-07-06 11:32:40,420 | INFO | 	                    (36, 0.00012117683114716228),
2026-07-06 11:32:40,420 | INFO | 	                    (37, 2.3943403024122912e-05),
2026-07-06 11:32:40,421 | INFO | 	                    (38, 2.653095561606142e-05),
2026-07-06 11:32:40,421 | INFO | 	                    (39, 4.453226010877897e-05),
2026-07-06 11:32:40,421 | INFO | 	                    (40, 5.564484140641642e-05),
2026-07-06 11:32:40,421 | INFO | 	                    (41, 4.0800709863480696e-05),
2026-07-06 11:32:40,421 | INFO | 	                    (42, 5.754009666976704e-05),
2026-07-06 11:32:40,421 | INFO | 	                    (43, 0.0001488855325369398),
2026-07-06 11:32:40,421 | INFO | 	                    (44, 4.6933292788710465e-05),
2026-07-06 11:32:40,421 | INFO | 	                    (45, 2.0374684448048438e-05),
2026-07-06 11:32:40,421 | INFO | 	                    (46, 2.3318299844118616e-05),
2026-07-06 11:32:40,421 | INFO | 	                    (47, 0.0005192222229649082),
2026-07-06 11:32:40,421 | INFO | 	                    (48, 0.00016923513425507052),
2026-07-06 11:32:40,421 | INFO | 	                    (49, 6.6395806375587435e-06),
2026-07-06 11:32:40,421 | INFO | 	                    (50, 9.175915528948932e-06),
2026-07-06 11:32:40,421 | INFO | 	                    (51, 5.442387821548951e-05),
2026-07-06 11:32:40,421 | INFO | 	                    (52, 4.9818831156577126e-05),
2026-07-06 11:32:40,421 | INFO | 	                    (53, 0.0011215156887571928),
2026-07-06 11:32:40,421 | INFO | 	                    (54, 0.0013001583546714416),
2026-07-06 11:32:40,421 | INFO | 	                    (55, 4.2096791008121584e-05),
2026-07-06 11:32:40,421 | INFO | 	                    (56, 8.483444542583724e-05),
2026-07-06 11:32:40,421 | INFO | 	                    (57, 2.8557971470977035e-05),
2026-07-06 11:32:40,421 | INFO | 	                    (58, 1.961278842197893e-05),
2026-07-06 11:32:40,421 | INFO | 	                    (59, 1.5828460785904927e-05),
2026-07-06 11:32:40,421 | INFO | 	                    (60, 2.5463047677378894e-05)],
2026-07-06 11:32:40,421 | INFO | 	 'ola_precision_max': [(1, 1.0003967038245312),
2026-07-06 11:32:40,421 | INFO | 	                       (2, 1.00016737842274),
2026-07-06 11:32:40,421 | INFO | 	                       (3, 1.0001577538357884),
2026-07-06 11:32:40,421 | INFO | 	                       (4, 1.00018667163743),
2026-07-06 11:32:40,421 | INFO | 	                       (5, 1.000335193940742),
2026-07-06 11:32:40,421 | INFO | 	                       (6, 1.000120595364319),
2026-07-06 11:32:40,421 | INFO | 	                       (7, 1.0001839755079749),
2026-07-06 11:32:40,421 | INFO | 	                       (8, 1.000224599114825),
2026-07-06 11:32:40,421 | INFO | 	                       (9, 1.0001479397415587),
2026-07-06 11:32:40,421 | INFO | 	                       (10, 1.0001228877412696),
2026-07-06 11:32:40,421 | INFO | 	                       (11, 1.0000830279430215),
2026-07-06 11:32:40,421 | INFO | 	                       (12, 1.0000713097659102),
2026-07-06 11:32:40,421 | INFO | 	                       (13, 1.00007239331709),
2026-07-06 11:32:40,421 | INFO | 	                       (14, 1.00009662179871),
2026-07-06 11:32:40,421 | INFO | 	                       (15, 1.0000667551569542),
2026-07-06 11:32:40,421 | INFO | 	                       (16, 1.0000880675827974),
2026-07-06 11:32:40,422 | INFO | 	                       (17, 1.000256427096702),
2026-07-06 11:32:40,422 | INFO | 	                       (18, 1.0000688145070948),
2026-07-06 11:32:40,422 | INFO | 	                       (19, 1.0000959656989865),
2026-07-06 11:32:40,422 | INFO | 	                       (20, 1.0000621367217726),
2026-07-06 11:32:40,422 | INFO | 	                       (21, 1.000071352924663),
2026-07-06 11:32:40,422 | INFO | 	                       (22, 1.0000652783931654),
2026-07-06 11:32:40,422 | INFO | 	                       (23, 1.0000627319869235),
2026-07-06 11:32:40,422 | INFO | 	                       (24, 1.0002643183639501),
2026-07-06 11:32:40,422 | INFO | 	                       (25, 1.0000651508367657),
2026-07-06 11:32:40,422 | INFO | 	                       (26, 1.00006203859696),
2026-07-06 11:32:40,422 | INFO | 	                       (27, 1.0000659004473154),
2026-07-06 11:32:40,422 | INFO | 	                       (28, 1.0000634692946808),
2026-07-06 11:32:40,422 | INFO | 	                       (29, 1.0000599221160864),
2026-07-06 11:32:40,422 | INFO | 	                       (30, 1.0000539360081997),
2026-07-06 11:32:40,422 | INFO | 	                       (31, 1.0000486450192032),
2026-07-06 11:32:40,422 | INFO | 	                       (32, 1.0000474045468042),
2026-07-06 11:32:40,422 | INFO | 	                       (33, 1.0000463063711968),
2026-07-06 11:32:40,422 | INFO | 	                       (34, 1.0000555310395045),
2026-07-06 11:32:40,422 | INFO | 	                       (35, 1.0000923509762705),
2026-07-06 11:32:40,422 | INFO | 	                       (36, 1.0000550857482378),
2026-07-06 11:32:40,422 | INFO | 	                       (37, 1.0000461847172795),
2026-07-06 11:32:40,422 | INFO | 	                       (38, 1.0000453108430225),
2026-07-06 11:32:40,422 | INFO | 	                       (39, 1.0000459366923784),
2026-07-06 11:32:40,422 | INFO | 	                       (40, 1.0000461100864306),
2026-07-06 11:32:40,422 | INFO | 	                       (41, 1.0000445909475288),
2026-07-06 11:32:40,422 | INFO | 	                       (42, 1.0000458762619249),
2026-07-06 11:32:40,422 | INFO | 	                       (43, 1.0000538843758298),
2026-07-06 11:32:40,422 | INFO | 	                       (44, 1.0000431963886014),
2026-07-06 11:32:40,422 | INFO | 	                       (45, 1.000041265563575),
2026-07-06 11:32:40,422 | INFO | 	                       (46, 1.0000410945157563),
2026-07-06 11:32:40,422 | INFO | 	                       (47, 1.0000834541633787),
2026-07-06 11:32:40,422 | INFO | 	                       (48, 1.0000524898567287),
2026-07-06 11:32:40,422 | INFO | 	                       (49, 1.000038045694543),
2026-07-06 11:32:40,422 | INFO | 	                       (50, 1.0000377264872766),
2026-07-06 11:32:40,422 | INFO | 	                       (51, 1.0000404083964234),
2026-07-06 11:32:40,422 | INFO | 	                       (52, 1.000039016839691),
2026-07-06 11:32:40,422 | INFO | 	                       (53, 1.0001211749238772),
2026-07-06 11:32:40,422 | INFO | 	                       (54, 1.0001322726504303),
2026-07-06 11:32:40,422 | INFO | 	                       (55, 1.0000381890982697),
2026-07-06 11:32:40,423 | INFO | 	                       (56, 1.0000405774236463),
2026-07-06 11:32:40,423 | INFO | 	                       (57, 1.0000368123264411),
2026-07-06 11:32:40,423 | INFO | 	                       (58, 1.0000357525374668),
2026-07-06 11:32:40,423 | INFO | 	                       (59, 1.0000351896381594),
2026-07-06 11:32:40,423 | INFO | 	                       (60, 1.0000355278741662)],
2026-07-06 11:32:40,423 | INFO | 	 'ola_precision_mean': [(1, 1.0000962474546775),
2026-07-06 11:32:40,423 | INFO | 	                        (2, 1.0000842415276368),
2026-07-06 11:32:40,423 | INFO | 	                        (3, 1.0000966134154439),
2026-07-06 11:32:40,423 | INFO | 	                        (4, 1.0000977779937217),
2026-07-06 11:32:40,423 | INFO | 	                        (5, 1.000109531793916),
2026-07-06 11:32:40,423 | INFO | 	                        (6, 1.0000835317829913),
2026-07-06 11:32:40,423 | INFO | 	                        (7, 1.000096837482288),
2026-07-06 11:32:40,423 | INFO | 	                        (8, 1.0000865696000598),
2026-07-06 11:32:40,423 | INFO | 	                        (9, 1.0000767438429907),
2026-07-06 11:32:40,423 | INFO | 	                        (10, 1.0000710361766274),
2026-07-06 11:32:40,423 | INFO | 	                        (11, 1.000063481043342),
2026-07-06 11:32:40,423 | INFO | 	                        (12, 1.0000616356637826),
2026-07-06 11:32:40,423 | INFO | 	                        (13, 1.0000590086843055),
2026-07-06 11:32:40,423 | INFO | 	                        (14, 1.000060307525955),
2026-07-06 11:32:40,423 | INFO | 	                        (15, 1.0000573621388598),
2026-07-06 11:32:40,423 | INFO | 	                        (16, 1.00005947627553),
2026-07-06 11:32:40,423 | INFO | 	                        (17, 1.0000766308430016),
2026-07-06 11:32:40,423 | INFO | 	                        (18, 1.000061675881329),
2026-07-06 11:32:40,423 | INFO | 	                        (19, 1.0000635202956876),
2026-07-06 11:32:40,423 | INFO | 	                        (20, 1.0000587942442427),
2026-07-06 11:32:40,423 | INFO | 	                        (21, 1.0000583551621205),
2026-07-06 11:32:40,423 | INFO | 	                        (22, 1.0000560314373945),
2026-07-06 11:32:40,423 | INFO | 	                        (23, 1.000054861692092),
2026-07-06 11:32:40,423 | INFO | 	                        (24, 1.000066852238554),
2026-07-06 11:32:40,423 | INFO | 	                        (25, 1.0000530099076934),
2026-07-06 11:32:40,423 | INFO | 	                        (26, 1.0000511818982294),
2026-07-06 11:32:40,423 | INFO | 	                        (27, 1.0000504445917993),
2026-07-06 11:32:40,423 | INFO | 	                        (28, 1.0000505810107077),
2026-07-06 11:32:40,423 | INFO | 	                        (29, 1.0000500759730613),
2026-07-06 11:32:40,423 | INFO | 	                        (30, 1.0000473820602878),
2026-07-06 11:32:40,423 | INFO | 	                        (31, 1.0000461475372253),
2026-07-06 11:32:40,423 | INFO | 	                        (32, 1.000045435590345),
2026-07-06 11:32:40,423 | INFO | 	                        (33, 1.000044940539791),
2026-07-06 11:32:40,424 | INFO | 	                        (34, 1.0000456766020027),
2026-07-06 11:32:40,424 | INFO | 	                        (35, 1.0000473170631707),
2026-07-06 11:32:40,424 | INFO | 	                        (36, 1.0000449169557106),
2026-07-06 11:32:40,424 | INFO | 	                        (37, 1.0000438529107172),
2026-07-06 11:32:40,424 | INFO | 	                        (38, 1.0000431398806418),
2026-07-06 11:32:40,424 | INFO | 	                        (39, 1.000042918693156),
2026-07-06 11:32:40,424 | INFO | 	                        (40, 1.0000424686909926),
2026-07-06 11:32:40,424 | INFO | 	                        (41, 1.0000418830570745),
2026-07-06 11:32:40,424 | INFO | 	                        (42, 1.0000411583137911),
2026-07-06 11:32:40,424 | INFO | 	                        (43, 1.000041882698482),
2026-07-06 11:32:40,424 | INFO | 	                        (44, 1.0000407938526779),
2026-07-06 11:32:40,424 | INFO | 	                        (45, 1.0000400999289647),
2026-07-06 11:32:40,424 | INFO | 	                        (46, 1.000039437439864),
2026-07-06 11:32:40,424 | INFO | 	                        (47, 1.000042472521183),
2026-07-06 11:32:40,424 | INFO | 	                        (48, 1.0000393876862774),
2026-07-06 11:32:40,424 | INFO | 	                        (49, 1.0000377590438174),
2026-07-06 11:32:40,424 | INFO | 	                        (50, 1.0000373312707054),
2026-07-06 11:32:40,424 | INFO | 	                        (51, 1.0000373786761059),
2026-07-06 11:32:40,424 | INFO | 	                        (52, 1.0000369449367121),
2026-07-06 11:32:40,424 | INFO | 	                        (53, 1.0000420064433553),
2026-07-06 11:32:40,424 | INFO | 	                        (54, 1.0000421861999218),
2026-07-06 11:32:40,424 | INFO | 	                        (55, 1.0000357290210125),
2026-07-06 11:32:40,424 | INFO | 	                        (56, 1.0000358282408905),
2026-07-06 11:32:40,424 | INFO | 	                        (57, 1.0000350776594398),
2026-07-06 11:32:40,424 | INFO | 	                        (58, 1.0000347778021788),
2026-07-06 11:32:40,424 | INFO | 	                        (59, 1.0000343873067343),
2026-07-06 11:32:40,424 | INFO | 	                        (60, 1.0000341324925537)],
2026-07-06 11:32:40,424 | INFO | 	 'ola_precision_min': [(1, 1.000024320852713),
2026-07-06 11:32:40,424 | INFO | 	                       (2, 1.0000296702328255),
2026-07-06 11:32:40,424 | INFO | 	                       (3, 1.0000464576007786),
2026-07-06 11:32:40,424 | INFO | 	                       (4, 1.0000704140598489),
2026-07-06 11:32:40,424 | INFO | 	                       (5, 1.0000674918005505),
2026-07-06 11:32:40,424 | INFO | 	                       (6, 1.0000697794838622),
2026-07-06 11:32:40,424 | INFO | 	                       (7, 1.0000720899571507),
2026-07-06 11:32:40,424 | INFO | 	                       (8, 1.0000679136693063),
2026-07-06 11:32:40,424 | INFO | 	                       (9, 1.0000654787390362),
2026-07-06 11:32:40,424 | INFO | 	                       (10, 1.0000619339921848),
2026-07-06 11:32:40,424 | INFO | 	                       (11, 1.0000588145016616),
2026-07-06 11:32:40,424 | INFO | 	                       (12, 1.0000579355940715),
2026-07-06 11:32:40,424 | INFO | 	                       (13, 1.000055296737084),
2026-07-06 11:32:40,425 | INFO | 	                       (14, 1.000053628675008),
2026-07-06 11:32:40,425 | INFO | 	                       (15, 1.0000536990022804),
2026-07-06 11:32:40,425 | INFO | 	                       (16, 1.0000524403175788),
2026-07-06 11:32:40,425 | INFO | 	                       (17, 1.000051493185307),
2026-07-06 11:32:40,425 | INFO | 	                       (18, 1.0000589138681157),
2026-07-06 11:32:40,425 | INFO | 	                       (19, 1.0000581778230841),
2026-07-06 11:32:40,425 | INFO | 	                       (20, 1.000057054927099),
2026-07-06 11:32:40,425 | INFO | 	                       (21, 1.0000560236747928),
2026-07-06 11:32:40,425 | INFO | 	                       (22, 1.000054313538643),
2026-07-06 11:32:40,425 | INFO | 	                       (23, 1.00005301838951),
2026-07-06 11:32:40,425 | INFO | 	                       (24, 1.0000516919088442),
2026-07-06 11:32:40,425 | INFO | 	                       (25, 1.000050559106669),
2026-07-06 11:32:40,425 | INFO | 	                       (26, 1.0000492654428204),
2026-07-06 11:32:40,425 | INFO | 	                       (27, 1.0000481453042163),
2026-07-06 11:32:40,425 | INFO | 	                       (28, 1.0000469011244635),
2026-07-06 11:32:40,425 | INFO | 	                       (29, 1.0000470331800562),
2026-07-06 11:32:40,425 | INFO | 	                       (30, 1.0000462439330327),
2026-07-06 11:32:40,425 | INFO | 	                       (31, 1.0000454327862658),
2026-07-06 11:32:40,425 | INFO | 	                       (32, 1.0000445085130811),
2026-07-06 11:32:40,425 | INFO | 	                       (33, 1.0000444034842737),
2026-07-06 11:32:40,425 | INFO | 	                       (34, 1.000043371303079),
2026-07-06 11:32:40,425 | INFO | 	                       (35, 1.0000426761724748),
2026-07-06 11:32:40,425 | INFO | 	                       (36, 1.0000421264755641),
2026-07-06 11:32:40,425 | INFO | 	                       (37, 1.0000434454782685),
2026-07-06 11:32:40,425 | INFO | 	                       (38, 1.0000425003244235),
2026-07-06 11:32:40,425 | INFO | 	                       (39, 1.0000419688269304),
2026-07-06 11:32:40,425 | INFO | 	                       (40, 1.0000415076496818),
2026-07-06 11:32:40,425 | INFO | 	                       (41, 1.0000409075913266),
2026-07-06 11:32:40,425 | INFO | 	                       (42, 1.000040347126105),
2026-07-06 11:32:40,425 | INFO | 	                       (43, 1.000039742791115),
2026-07-06 11:32:40,425 | INFO | 	                       (44, 1.000039906808432),
2026-07-06 11:32:40,425 | INFO | 	                       (45, 1.0000396594664338),
2026-07-06 11:32:40,425 | INFO | 	                       (46, 1.000039081841962),
2026-07-06 11:32:40,425 | INFO | 	                       (47, 1.0000384701238911),
2026-07-06 11:32:40,425 | INFO | 	                       (48, 1.000038093593789),
2026-07-06 11:32:40,425 | INFO | 	                       (49, 1.0000375854953798),
2026-07-06 11:32:40,425 | INFO | 	                       (50, 1.000037051945664),
2026-07-06 11:32:40,425 | INFO | 	                       (51, 1.000036604172286),
2026-07-06 11:32:40,425 | INFO | 	                       (52, 1.000036170531364),
2026-07-06 11:32:40,426 | INFO | 	                       (53, 1.0000359777712196),
2026-07-06 11:32:40,426 | INFO | 	                       (54, 1.0000355168469848),
2026-07-06 11:32:40,426 | INFO | 	                       (55, 1.0000351826322562),
2026-07-06 11:32:40,426 | INFO | 	                       (56, 1.0000348943734878),
2026-07-06 11:32:40,426 | INFO | 	                       (57, 1.000034697162176),
2026-07-06 11:32:40,426 | INFO | 	                       (58, 1.0000344474364606),
2026-07-06 11:32:40,426 | INFO | 	                       (59, 1.000034144130404),
2026-07-06 11:32:40,426 | INFO | 	                       (60, 1.0000338063289718)],
2026-07-06 11:32:40,426 | INFO | 	 'ola_precision_p10': [(1, 1.0000354077308342),
2026-07-06 11:32:40,426 | INFO | 	                       (2, 1.00004314020831),
2026-07-06 11:32:40,426 | INFO | 	                       (3, 1.0000550386333344),
2026-07-06 11:32:40,426 | INFO | 	                       (4, 1.0000743767359384),
2026-07-06 11:32:40,426 | INFO | 	                       (5, 1.0000702482084165),
2026-07-06 11:32:40,426 | INFO | 	                       (6, 1.0000702622377933),
2026-07-06 11:32:40,426 | INFO | 	                       (7, 1.0000728281050075),
2026-07-06 11:32:40,426 | INFO | 	                       (8, 1.000070318079796),
2026-07-06 11:32:40,426 | INFO | 	                       (9, 1.0000655153758917),
2026-07-06 11:32:40,426 | INFO | 	                       (10, 1.0000627185338558),
2026-07-06 11:32:40,426 | INFO | 	                       (11, 1.0000596325222022),
2026-07-06 11:32:40,426 | INFO | 	                       (12, 1.0000582759286865),
2026-07-06 11:32:40,426 | INFO | 	                       (13, 1.0000557434993442),
2026-07-06 11:32:40,426 | INFO | 	                       (14, 1.0000546617773598),
2026-07-06 11:32:40,426 | INFO | 	                       (15, 1.000053882316345),
2026-07-06 11:32:40,426 | INFO | 	                       (16, 1.0000525682830173),
2026-07-06 11:32:40,426 | INFO | 	                       (17, 1.0000518612211762),
2026-07-06 11:32:40,426 | INFO | 	                       (18, 1.0000591361800286),
2026-07-06 11:32:40,426 | INFO | 	                       (19, 1.0000583545953383),
2026-07-06 11:32:40,426 | INFO | 	                       (20, 1.000057270954901),
2026-07-06 11:32:40,426 | INFO | 	                       (21, 1.000056143308583),
2026-07-06 11:32:40,426 | INFO | 	                       (22, 1.00005455196917),
2026-07-06 11:32:40,426 | INFO | 	                       (23, 1.0000531673016735),
2026-07-06 11:32:40,426 | INFO | 	                       (24, 1.0000518180996727),
2026-07-06 11:32:40,426 | INFO | 	                       (25, 1.000050797533682),
2026-07-06 11:32:40,426 | INFO | 	                       (26, 1.0000493321398147),
2026-07-06 11:32:40,426 | INFO | 	                       (27, 1.0000481749159584),
2026-07-06 11:32:40,426 | INFO | 	                       (28, 1.0000470679785796),
2026-07-06 11:32:40,426 | INFO | 	                       (29, 1.000047188195473),
2026-07-06 11:32:40,426 | INFO | 	                       (30, 1.000046371550109),
2026-07-06 11:32:40,426 | INFO | 	                       (31, 1.000045441892183),
2026-07-06 11:32:40,427 | INFO | 	                       (32, 1.0000446771521156),
2026-07-06 11:32:40,427 | INFO | 	                       (33, 1.0000444494226632),
2026-07-06 11:32:40,427 | INFO | 	                       (34, 1.0000434265514366),
2026-07-06 11:32:40,427 | INFO | 	                       (35, 1.0000427714192563),
2026-07-06 11:32:40,427 | INFO | 	                       (36, 1.0000422940266394),
2026-07-06 11:32:40,427 | INFO | 	                       (37, 1.0000434732015444),
2026-07-06 11:32:40,427 | INFO | 	                       (38, 1.0000426248912786),
2026-07-06 11:32:40,427 | INFO | 	                       (39, 1.0000420193523651),
2026-07-06 11:32:40,427 | INFO | 	                       (40, 1.0000416427882937),
2026-07-06 11:32:40,427 | INFO | 	                       (41, 1.0000409199737712),
2026-07-06 11:32:40,427 | INFO | 	                       (42, 1.0000403843505146),
2026-07-06 11:32:40,427 | INFO | 	                       (43, 1.0000398018862184),
2026-07-06 11:32:40,427 | INFO | 	                       (44, 1.0000399461483176),
2026-07-06 11:32:40,427 | INFO | 	                       (45, 1.0000397008651014),
2026-07-06 11:32:40,427 | INFO | 	                       (46, 1.0000390967147177),
2026-07-06 11:32:40,427 | INFO | 	                       (47, 1.0000385456897192),
2026-07-06 11:32:40,427 | INFO | 	                       (48, 1.0000381705125376),
2026-07-06 11:32:40,427 | INFO | 	                       (49, 1.0000376371907687),
2026-07-06 11:32:40,427 | INFO | 	                       (50, 1.0000371252898912),
2026-07-06 11:32:40,427 | INFO | 	                       (51, 1.0000366777559389),
2026-07-06 11:32:40,427 | INFO | 	                       (52, 1.0000362411866175),
2026-07-06 11:32:40,427 | INFO | 	                       (53, 1.0000359936965593),
2026-07-06 11:32:40,427 | INFO | 	                       (54, 1.0000355554751519),
2026-07-06 11:32:40,427 | INFO | 	                       (55, 1.0000352134989934),
2026-07-06 11:32:40,427 | INFO | 	                       (56, 1.0000349020829098),
2026-07-06 11:32:40,427 | INFO | 	                       (57, 1.000034763208597),
2026-07-06 11:32:40,427 | INFO | 	                       (58, 1.0000344648669977),
2026-07-06 11:32:40,427 | INFO | 	                       (59, 1.0000341903937289),
2026-07-06 11:32:40,427 | INFO | 	                       (60, 1.0000338282678385)],
2026-07-06 11:32:40,427 | INFO | 	 'ola_precision_p50': [(1, 1.0000699460301452),
2026-07-06 11:32:40,427 | INFO | 	                       (2, 1.0000676668333353),
2026-07-06 11:32:40,427 | INFO | 	                       (3, 1.000101403090391),
2026-07-06 11:32:40,427 | INFO | 	                       (4, 1.0000878930408126),
2026-07-06 11:32:40,427 | INFO | 	                       (5, 1.0000813690655777),
2026-07-06 11:32:40,427 | INFO | 	                       (6, 1.0000798538483886),
2026-07-06 11:32:40,427 | INFO | 	                       (7, 1.0000797310488811),
2026-07-06 11:32:40,427 | INFO | 	                       (8, 1.0000750918466614),
2026-07-06 11:32:40,427 | INFO | 	                       (9, 1.0000681907615012),
2026-07-06 11:32:40,427 | INFO | 	                       (10, 1.0000645569866178),
2026-07-06 11:32:40,428 | INFO | 	                       (11, 1.0000609159926435),
2026-07-06 11:32:40,428 | INFO | 	                       (12, 1.000060194662234),
2026-07-06 11:32:40,428 | INFO | 	                       (13, 1.0000571265334968),
2026-07-06 11:32:40,428 | INFO | 	                       (14, 1.0000561777460935),
2026-07-06 11:32:40,428 | INFO | 	                       (15, 1.000055531232779),
2026-07-06 11:32:40,428 | INFO | 	                       (16, 1.0000537700991365),
2026-07-06 11:32:40,428 | INFO | 	                       (17, 1.00005615439035),
2026-07-06 11:32:40,428 | INFO | 	                       (18, 1.0000597692887698),
2026-07-06 11:32:40,428 | INFO | 	                       (19, 1.0000604809847446),
2026-07-06 11:32:40,428 | INFO | 	                       (20, 1.000058760724532),
2026-07-06 11:32:40,428 | INFO | 	                       (21, 1.00005706280098),
2026-07-06 11:32:40,428 | INFO | 	                       (22, 1.0000553231758464),
2026-07-06 11:32:40,428 | INFO | 	                       (23, 1.0000539191125055),
2026-07-06 11:32:40,428 | INFO | 	                       (24, 1.0000520643965838),
2026-07-06 11:32:40,428 | INFO | 	                       (25, 1.0000514364692357),
2026-07-06 11:32:40,428 | INFO | 	                       (26, 1.0000499136346934),
2026-07-06 11:32:40,428 | INFO | 	                       (27, 1.0000484826324192),
2026-07-06 11:32:40,428 | INFO | 	                       (28, 1.000048250874192),
2026-07-06 11:32:40,428 | INFO | 	                       (29, 1.0000476541682688),
2026-07-06 11:32:40,428 | INFO | 	                       (30, 1.0000465585122564),
2026-07-06 11:32:40,428 | INFO | 	                       (31, 1.0000460266621838),
2026-07-06 11:32:40,428 | INFO | 	                       (32, 1.0000452280841081),
2026-07-06 11:32:40,428 | INFO | 	                       (33, 1.0000447298930601),
2026-07-06 11:32:40,428 | INFO | 	                       (34, 1.0000436643433381),
2026-07-06 11:32:40,428 | INFO | 	                       (35, 1.0000429985775534),
2026-07-06 11:32:40,428 | INFO | 	                       (36, 1.000043430720306),
2026-07-06 11:32:40,428 | INFO | 	                       (37, 1.0000436911534218),
2026-07-06 11:32:40,428 | INFO | 	                       (38, 1.0000428506102088),
2026-07-06 11:32:40,428 | INFO | 	                       (39, 1.0000423941242562),
2026-07-06 11:32:40,428 | INFO | 	                       (40, 1.000041926551383),
2026-07-06 11:32:40,428 | INFO | 	                       (41, 1.0000417393715968),
2026-07-06 11:32:40,428 | INFO | 	                       (42, 1.0000407198141468),
2026-07-06 11:32:40,428 | INFO | 	                       (43, 1.000040626132302),
2026-07-06 11:32:40,428 | INFO | 	                       (44, 1.0000402728724342),
2026-07-06 11:32:40,428 | INFO | 	                       (45, 1.0000399463781384),
2026-07-06 11:32:40,428 | INFO | 	                       (46, 1.0000392397096398),
2026-07-06 11:32:40,428 | INFO | 	                       (47, 1.0000391220992566),
2026-07-06 11:32:40,428 | INFO | 	                       (48, 1.0000383017163175),
2026-07-06 11:32:40,428 | INFO | 	                       (49, 1.0000377179539202),
2026-07-06 11:32:40,429 | INFO | 	                       (50, 1.0000373003805412),
2026-07-06 11:32:40,429 | INFO | 	                       (51, 1.0000369560347215),
2026-07-06 11:32:40,429 | INFO | 	                       (52, 1.0000364435109148),
2026-07-06 11:32:40,429 | INFO | 	                       (53, 1.000036294980146),
2026-07-06 11:32:40,429 | INFO | 	                       (54, 1.0000357019323796),
2026-07-06 11:32:40,429 | INFO | 	                       (55, 1.000035461904352),
2026-07-06 11:32:40,429 | INFO | 	                       (56, 1.0000352620633375),
2026-07-06 11:32:40,429 | INFO | 	                       (57, 1.0000349101118786),
2026-07-06 11:32:40,429 | INFO | 	                       (58, 1.0000346827169668),
2026-07-06 11:32:40,429 | INFO | 	                       (59, 1.0000342883259699),
2026-07-06 11:32:40,429 | INFO | 	                       (60, 1.0000339477050746)],
2026-07-06 11:32:40,429 | INFO | 	 'ola_precision_p90': [(1, 1.0001375520068863),
2026-07-06 11:32:40,429 | INFO | 	                       (2, 1.0001451878989507),
2026-07-06 11:32:40,429 | INFO | 	                       (3, 1.000137133666735),
2026-07-06 11:32:40,429 | INFO | 	                       (4, 1.0001296658390362),
2026-07-06 11:32:40,429 | INFO | 	                       (5, 1.0001425477204346),
2026-07-06 11:32:40,429 | INFO | 	                       (6, 1.0001024984071774),
2026-07-06 11:32:40,429 | INFO | 	                       (7, 1.0001501040019654),
2026-07-06 11:32:40,429 | INFO | 	                       (8, 1.0000936236737155),
2026-07-06 11:32:40,429 | INFO | 	                       (9, 1.0000864751341068),
2026-07-06 11:32:40,429 | INFO | 	                       (10, 1.0000787169305236),
2026-07-06 11:32:40,429 | INFO | 	                       (11, 1.0000728767775853),
2026-07-06 11:32:40,429 | INFO | 	                       (12, 1.00006634417224),
2026-07-06 11:32:40,429 | INFO | 	                       (13, 1.0000654878805626),
2026-07-06 11:32:40,429 | INFO | 	                       (14, 1.0000639547514074),
2026-07-06 11:32:40,429 | INFO | 	                       (15, 1.0000624358840269),
2026-07-06 11:32:40,429 | INFO | 	                       (16, 1.0000787139173175),
2026-07-06 11:32:40,429 | INFO | 	                       (17, 1.0000985378484377),
2026-07-06 11:32:40,429 | INFO | 	                       (18, 1.0000670600199824),
2026-07-06 11:32:40,429 | INFO | 	                       (19, 1.000068869563818),
2026-07-06 11:32:40,429 | INFO | 	                       (20, 1.0000603237378876),
2026-07-06 11:32:40,429 | INFO | 	                       (21, 1.0000610019074354),
2026-07-06 11:32:40,429 | INFO | 	                       (22, 1.0000570878132606),
2026-07-06 11:32:40,429 | INFO | 	                       (23, 1.0000581096644672),
2026-07-06 11:32:40,429 | INFO | 	                       (24, 1.000056019980324),
2026-07-06 11:32:40,429 | INFO | 	                       (25, 1.000055621645827),
2026-07-06 11:32:40,429 | INFO | 	                       (26, 1.0000533497512745),
2026-07-06 11:32:40,429 | INFO | 	                       (27, 1.0000551499949817),
2026-07-06 11:32:40,429 | INFO | 	                       (28, 1.000057800604691),
2026-07-06 11:32:40,430 | INFO | 	                       (29, 1.0000579612723874),
2026-07-06 11:32:40,430 | INFO | 	                       (30, 1.0000484076419631),
2026-07-06 11:32:40,430 | INFO | 	                       (31, 1.000046797866752),
2026-07-06 11:32:40,430 | INFO | 	                       (32, 1.0000462955602485),
2026-07-06 11:32:40,430 | INFO | 	                       (33, 1.0000456288622959),
2026-07-06 11:32:40,430 | INFO | 	                       (34, 1.0000519164512607),
2026-07-06 11:32:40,430 | INFO | 	                       (35, 1.0000511594304544),
2026-07-06 11:32:40,430 | INFO | 	                       (36, 1.0000484390308924),
2026-07-06 11:32:40,430 | INFO | 	                       (37, 1.000044023747691),
2026-07-06 11:32:40,430 | INFO | 	                       (38, 1.0000436921530602),
2026-07-06 11:32:40,430 | INFO | 	                       (39, 1.0000446154315263),
2026-07-06 11:32:40,430 | INFO | 	                       (40, 1.0000446159026473),
2026-07-06 11:32:40,430 | INFO | 	                       (41, 1.0000428229876699),
2026-07-06 11:32:40,430 | INFO | 	                       (42, 1.000042134916617),
2026-07-06 11:32:40,430 | INFO | 	                       (43, 1.0000436862060667),
2026-07-06 11:32:40,430 | INFO | 	                       (44, 1.0000426081506726),
2026-07-06 11:32:40,430 | INFO | 	                       (45, 1.0000407148557806),
2026-07-06 11:32:40,430 | INFO | 	                       (46, 1.0000398222629594),
2026-07-06 11:32:40,430 | INFO | 	                       (47, 1.0000431560310385),
2026-07-06 11:32:40,430 | INFO | 	                       (48, 1.0000394389579463),
2026-07-06 11:32:40,430 | INFO | 	                       (49, 1.0000379615058668),
2026-07-06 11:32:40,430 | INFO | 	                       (50, 1.0000375830502832),
2026-07-06 11:32:40,430 | INFO | 	                       (51, 1.000038740755334),
2026-07-06 11:32:40,430 | INFO | 	                       (52, 1.0000385240596228),
2026-07-06 11:32:40,430 | INFO | 	                       (53, 1.0000369708175167),
2026-07-06 11:32:40,430 | INFO | 	                       (54, 1.0000361283902888),
2026-07-06 11:32:40,430 | INFO | 	                       (55, 1.0000364248680205),
2026-07-06 11:32:40,430 | INFO | 	                       (56, 1.0000375557395602),
2026-07-06 11:32:40,430 | INFO | 	                       (57, 1.000035347436493),
2026-07-06 11:32:40,430 | INFO | 	                       (58, 1.0000351296390007),
2026-07-06 11:32:40,430 | INFO | 	                       (59, 1.000034689872101),
2026-07-06 11:32:40,430 | INFO | 	                       (60, 1.000034434526201)],
2026-07-06 11:32:40,430 | INFO | 	 'ola_precision_std': [(1, 8.82028344979262e-05),
2026-07-06 11:32:40,430 | INFO | 	                       (2, 4.1140027933427993e-05),
2026-07-06 11:32:40,430 | INFO | 	                       (3, 3.534341209643673e-05),
2026-07-06 11:32:40,430 | INFO | 	                       (4, 2.9991768182194943e-05),
2026-07-06 11:32:40,430 | INFO | 	                       (5, 6.554702691167909e-05),
2026-07-06 11:32:40,430 | INFO | 	                       (6, 1.4142150283698376e-05),
2026-07-06 11:32:40,430 | INFO | 	                       (7, 3.489945578418867e-05),
2026-07-06 11:32:40,431 | INFO | 	                       (8, 3.76745127469573e-05),
2026-07-06 11:32:40,431 | INFO | 	                       (9, 2.0411002506740416e-05),
2026-07-06 11:32:40,431 | INFO | 	                       (10, 1.4890304813182652e-05),
2026-07-06 11:32:40,431 | INFO | 	                       (11, 7.030061064551637e-06),
2026-07-06 11:32:40,431 | INFO | 	                       (12, 3.68527105173718e-06),
2026-07-06 11:32:40,431 | INFO | 	                       (13, 4.8229299371678376e-06),
2026-07-06 11:32:40,431 | INFO | 	                       (14, 1.0280280278189476e-05),
2026-07-06 11:32:40,431 | INFO | 	                       (15, 3.845994669216019e-06),
2026-07-06 11:32:40,431 | INFO | 	                       (16, 1.1645801589308378e-05),
2026-07-06 11:32:40,431 | INFO | 	                       (17, 5.052346884157273e-05),
2026-07-06 11:32:40,431 | INFO | 	                       (18, 3.157519034276151e-06),
2026-07-06 11:32:40,431 | INFO | 	                       (19, 9.306606394083456e-06),
2026-07-06 11:32:40,431 | INFO | 	                       (20, 1.338725768846948e-06),
2026-07-06 11:32:40,431 | INFO | 	                       (21, 3.7994162402427804e-06),
2026-07-06 11:32:40,431 | INFO | 	                       (22, 2.5906081364127093e-06),
2026-07-06 11:32:40,431 | INFO | 	                       (23, 2.631105844765189e-06),
2026-07-06 11:32:40,431 | INFO | 	                       (24, 5.279257169722393e-05),
2026-07-06 11:32:40,431 | INFO | 	                       (25, 3.633485160714372e-06),
2026-07-06 11:32:40,431 | INFO | 	                       (26, 3.174567560708979e-06),
2026-07-06 11:32:40,431 | INFO | 	                       (27, 4.740823913151515e-06),
2026-07-06 11:32:40,431 | INFO | 	                       (28, 4.86307208007724e-06),
2026-07-06 11:32:40,431 | INFO | 	                       (29, 4.310650923781677e-06),
2026-07-06 11:32:40,431 | INFO | 	                       (30, 1.9071212499709204e-06),
2026-07-06 11:32:40,431 | INFO | 	                       (31, 8.022361524713626e-07),
2026-07-06 11:32:40,431 | INFO | 	                       (32, 7.751310730406215e-07),
2026-07-06 11:32:40,431 | INFO | 	                       (33, 5.286165873120164e-07),
2026-07-06 11:32:40,431 | INFO | 	                       (34, 3.8858697822837605e-06),
2026-07-06 11:32:40,431 | INFO | 	                       (35, 1.241219889397178e-05),
2026-07-06 11:32:40,431 | INFO | 	                       (36, 3.3666915259445116e-06),
2026-07-06 11:32:40,431 | INFO | 	                       (37, 6.480417740053645e-07),
2026-07-06 11:32:40,431 | INFO | 	                       (38, 6.988596116001876e-07),
2026-07-06 11:32:40,431 | INFO | 	                       (39, 1.1425717698591867e-06),
2026-07-06 11:32:40,431 | INFO | 	                       (40, 1.3913783216077779e-06),
2026-07-06 11:32:40,431 | INFO | 	                       (41, 9.96426457327208e-07),
2026-07-06 11:32:40,431 | INFO | 	                       (42, 1.3707397816944862e-06),
2026-07-06 11:32:40,431 | INFO | 	                       (43, 3.462818251495088e-06),
2026-07-06 11:32:40,431 | INFO | 	                       (44, 1.0671231435605566e-06),
2026-07-06 11:32:40,431 | INFO | 	                       (45, 4.5355378692931447e-07),
2026-07-06 11:32:40,431 | INFO | 	                       (46, 5.081331848946082e-07),
2026-07-06 11:32:40,432 | INFO | 	                       (47, 1.1046954743618934e-05),
2026-07-06 11:32:40,432 | INFO | 	                       (48, 3.526063777290756e-06),
2026-07-06 11:32:40,432 | INFO | 	                       (49, 1.3578754853009977e-07),
2026-07-06 11:32:40,432 | INFO | 	                       (50, 1.8371178654854652e-07),
2026-07-06 11:32:40,432 | INFO | 	                       (51, 1.0673578623714627e-06),
2026-07-06 11:32:40,432 | INFO | 	                       (52, 9.589076582219894e-07),
2026-07-06 11:32:40,432 | INFO | 	                       (53, 2.116118436730882e-05),
2026-07-06 11:32:40,432 | INFO | 	                       (54, 2.40773703701953e-05),
2026-07-06 11:32:40,432 | INFO | 	                       (55, 7.65162962296678e-07),
2026-07-06 11:32:40,432 | INFO | 	                       (56, 1.5154174155313322e-06),
2026-07-06 11:32:40,432 | INFO | 	                       (57, 5.011677331713544e-07),
2026-07-06 11:32:40,432 | INFO | 	                       (58, 3.383192979645711e-07),
2026-07-06 11:32:40,432 | INFO | 	                       (59, 2.69366200886332e-07),
2026-07-06 11:32:40,432 | INFO | 	                       (60, 4.24879737285652e-07)],
2026-07-06 11:32:40,432 | INFO | 	 'ola_prior_loss_max': [(1, 2.828412557728707e-06),
2026-07-06 11:32:40,432 | INFO | 	                        (2, 3.0596583055090117e-06),
2026-07-06 11:32:40,432 | INFO | 	                        (3, 3.4504426348280318e-06),
2026-07-06 11:32:40,432 | INFO | 	                        (4, 3.0310077277539792e-06),
2026-07-06 11:32:40,432 | INFO | 	                        (5, 6.826635944889858e-06),
2026-07-06 11:32:40,432 | INFO | 	                        (6, 1.7054139842900375e-06),
2026-07-06 11:32:40,432 | INFO | 	                        (7, 4.1643397707957774e-06),
2026-07-06 11:32:40,432 | INFO | 	                        (8, 6.3968036556616426e-06),
2026-07-06 11:32:40,432 | INFO | 	                        (9, 3.7572385735984426e-06),
2026-07-06 11:32:40,432 | INFO | 	                        (10, 3.0809641430096234e-06),
2026-07-06 11:32:40,432 | INFO | 	                        (11, 2.054199943764943e-06),
2026-07-06 11:32:40,432 | INFO | 	                        (12, 8.600234423283837e-07),
2026-07-06 11:32:40,432 | INFO | 	                        (13, 1.1121253010060172e-06),
2026-07-06 11:32:40,432 | INFO | 	                        (14, 3.0512045213981765e-06),
2026-07-06 11:32:40,432 | INFO | 	                        (15, 1.0957920148073408e-06),
2026-07-06 11:32:40,432 | INFO | 	                        (16, 2.8571451366588006e-06),
2026-07-06 11:32:40,432 | INFO | 	                        (17, 1.7484382624388672e-05),
2026-07-06 11:32:40,432 | INFO | 	                        (18, 1.5058490814165012e-06),
2026-07-06 11:32:40,432 | INFO | 	                        (19, 1.7648912034928798e-06),
2026-07-06 11:32:40,432 | INFO | 	                        (20, 1.1168765257893254e-06),
2026-07-06 11:32:40,432 | INFO | 	                        (21, 1.617109592189081e-06),
2026-07-06 11:32:40,432 | INFO | 	                        (22, 1.0733537237683776e-06),
2026-07-06 11:32:40,432 | INFO | 	                        (23, 1.1209392368982663e-06),
2026-07-06 11:32:40,432 | INFO | 	                        (24, 2.5540946808177978e-05),
2026-07-06 11:32:40,432 | INFO | 	                        (25, 1.7566622773301789e-06),
2026-07-06 11:32:40,432 | INFO | 	                        (26, 1.6648271412122995e-06),
2026-07-06 11:32:40,433 | INFO | 	                        (27, 2.408444061074988e-06),
2026-07-06 11:32:40,433 | INFO | 	                        (28, 2.331807991140522e-06),
2026-07-06 11:32:40,433 | INFO | 	                        (29, 1.9145524220220977e-06),
2026-07-06 11:32:40,433 | INFO | 	                        (30, 9.844901114774984e-07),
2026-07-06 11:32:40,433 | INFO | 	                        (31, 8.651719221286813e-07),
2026-07-06 11:32:40,433 | INFO | 	                        (32, 1.369841294439812e-06),
2026-07-06 11:32:40,433 | INFO | 	                        (33, 8.820181331462404e-07),
2026-07-06 11:32:40,433 | INFO | 	                        (34, 2.074751228064997e-06),
2026-07-06 11:32:40,433 | INFO | 	                        (35, 8.698345845914446e-06),
2026-07-06 11:32:40,433 | INFO | 	                        (36, 2.2996066663285037e-06),
2026-07-06 11:32:40,433 | INFO | 	                        (37, 6.287325225975613e-07),
2026-07-06 11:32:40,433 | INFO | 	                        (38, 6.973356000682356e-07),
2026-07-06 11:32:40,433 | INFO | 	                        (39, 8.222103871120949e-07),
2026-07-06 11:32:40,433 | INFO | 	                        (40, 9.3582480076293e-07),
2026-07-06 11:32:40,433 | INFO | 	                        (41, 7.419915050377312e-07),
2026-07-06 11:32:40,433 | INFO | 	                        (42, 1.0012461416408768e-06),
2026-07-06 11:32:40,433 | INFO | 	                        (43, 1.4949778005757254e-06),
2026-07-06 11:32:40,433 | INFO | 	                        (44, 7.756913672814872e-07),
2026-07-06 11:32:40,433 | INFO | 	                        (45, 6.561963988338084e-07),
2026-07-06 11:32:40,433 | INFO | 	                        (46, 1.1758015950459543e-06),
2026-07-06 11:32:40,433 | INFO | 	                        (47, 1.057939498423366e-05),
2026-07-06 11:32:40,433 | INFO | 	                        (48, 3.4590974792081396e-06),
2026-07-06 11:32:40,433 | INFO | 	                        (49, 9.037662060667538e-07),
2026-07-06 11:32:40,433 | INFO | 	                        (50, 3.5209764964368636e-07),
2026-07-06 11:32:40,433 | INFO | 	                        (51, 6.691754038001818e-07),
2026-07-06 11:32:40,433 | INFO | 	                        (52, 1.0035182906774155e-06),
2026-07-06 11:32:40,433 | INFO | 	                        (53, 2.260429901070893e-05),
2026-07-06 11:32:40,433 | INFO | 	                        (54, 2.6139272813452406e-05),
2026-07-06 11:32:40,433 | INFO | 	                        (55, 1.2184318575925841e-06),
2026-07-06 11:32:40,433 | INFO | 	                        (56, 1.600073710505967e-06),
2026-07-06 11:32:40,433 | INFO | 	                        (57, 6.888132214034607e-07),
2026-07-06 11:32:40,433 | INFO | 	                        (58, 1.276080274841114e-06),
2026-07-06 11:32:40,433 | INFO | 	                        (59, 5.956344713742806e-07),
2026-07-06 11:32:40,433 | INFO | 	                        (60, 6.978864268541491e-07)],
2026-07-06 11:32:40,433 | INFO | 	 'ola_prior_loss_mean': [(1, 1.3932287386564782e-06),
2026-07-06 11:32:40,433 | INFO | 	                         (2, 1.2338564555249794e-06),
2026-07-06 11:32:40,433 | INFO | 	                         (3, 1.6930727100704296e-06),
2026-07-06 11:32:40,433 | INFO | 	                         (4, 1.0009919167657698e-06),
2026-07-06 11:32:40,433 | INFO | 	                         (5, 1.3787685704031582e-06),
2026-07-06 11:32:40,434 | INFO | 	                         (6, 7.736515920458558e-07),
2026-07-06 11:32:40,434 | INFO | 	                         (7, 1.2896983438059037e-06),
2026-07-06 11:32:40,434 | INFO | 	                         (8, 1.0532624909231465e-06),
2026-07-06 11:32:40,434 | INFO | 	                         (9, 6.745187316886145e-07),
2026-07-06 11:32:40,434 | INFO | 	                         (10, 6.283121985225844e-07),
2026-07-06 11:32:40,434 | INFO | 	                         (11, 4.904803682015553e-07),
2026-07-06 11:32:40,434 | INFO | 	                         (12, 3.9528320549021413e-07),
2026-07-06 11:32:40,434 | INFO | 	                         (13, 3.881510868792008e-07),
2026-07-06 11:32:40,434 | INFO | 	                         (14, 5.98352771960159e-07),
2026-07-06 11:32:40,434 | INFO | 	                         (15, 3.8559009975289486e-07),
2026-07-06 11:32:40,434 | INFO | 	                         (16, 6.595905017734879e-07),
2026-07-06 11:32:40,434 | INFO | 	                         (17, 2.1086268503891136e-06),
2026-07-06 11:32:40,434 | INFO | 	                         (18, 3.723090079662608e-07),
2026-07-06 11:32:40,434 | INFO | 	                         (19, 6.285939553902986e-07),
2026-07-06 11:32:40,434 | INFO | 	                         (20, 3.705366041522585e-07),
2026-07-06 11:32:40,434 | INFO | 	                         (21, 4.0502757954871395e-07),
2026-07-06 11:32:40,434 | INFO | 	                         (22, 2.534536767046891e-07),
2026-07-06 11:32:40,434 | INFO | 	                         (23, 3.1598193784764174e-07),
2026-07-06 11:32:40,434 | INFO | 	                         (24, 2.0014757201000158e-06),
2026-07-06 11:32:40,434 | INFO | 	                         (25, 5.240825791708801e-07),
2026-07-06 11:32:40,434 | INFO | 	                         (26, 3.068527721315824e-07),
2026-07-06 11:32:40,434 | INFO | 	                         (27, 4.18038329853187e-07),
2026-07-06 11:32:40,434 | INFO | 	                         (28, 6.231114279016208e-07),
2026-07-06 11:32:40,434 | INFO | 	                         (29, 6.318438035330611e-07),
2026-07-06 11:32:40,434 | INFO | 	                         (30, 2.7628429269521737e-07),
2026-07-06 11:32:40,434 | INFO | 	                         (31, 2.8936874312561376e-07),
2026-07-06 11:32:40,434 | INFO | 	                         (32, 3.8637666963823243e-07),
2026-07-06 11:32:40,434 | INFO | 	                         (33, 2.8124609995225005e-07),
2026-07-06 11:32:40,434 | INFO | 	                         (34, 5.614878316697933e-07),
2026-07-06 11:32:40,434 | INFO | 	                         (35, 8.799218499754048e-07),
2026-07-06 11:32:40,434 | INFO | 	                         (36, 5.579537008252565e-07),
2026-07-06 11:32:40,434 | INFO | 	                         (37, 2.9720010811261616e-07),
2026-07-06 11:32:40,434 | INFO | 	                         (38, 2.7719644894771255e-07),
2026-07-06 11:32:40,434 | INFO | 	                         (39, 3.940185526566161e-07),
2026-07-06 11:32:40,434 | INFO | 	                         (40, 3.4846618560506933e-07),
2026-07-06 11:32:40,434 | INFO | 	                         (41, 3.0266776242243495e-07),
2026-07-06 11:32:40,434 | INFO | 	                         (42, 2.5286651961750326e-07),
2026-07-06 11:32:40,434 | INFO | 	                         (43, 5.625440766011018e-07),
2026-07-06 11:32:40,434 | INFO | 	                         (44, 3.1526963684873924e-07),
2026-07-06 11:32:40,434 | INFO | 	                         (45, 2.019042537438404e-07),
2026-07-06 11:32:40,435 | INFO | 	                         (46, 2.3764290973272897e-07),
2026-07-06 11:32:40,435 | INFO | 	                         (47, 1.087548166111392e-06),
2026-07-06 11:32:40,435 | INFO | 	                         (48, 5.417717982001832e-07),
2026-07-06 11:32:40,435 | INFO | 	                         (49, 2.3043296606792894e-07),
2026-07-06 11:32:40,435 | INFO | 	                         (50, 1.7002506373270667e-07),
2026-07-06 11:32:40,435 | INFO | 	                         (51, 2.9751204894287455e-07),
2026-07-06 11:32:40,435 | INFO | 	                         (52, 3.5790740099174937e-07),
2026-07-06 11:32:40,435 | INFO | 	                         (53, 1.7028316383785858e-06),
2026-07-06 11:32:40,435 | INFO | 	                         (54, 1.9302138312001306e-06),
2026-07-06 11:32:40,435 | INFO | 	                         (55, 3.539197259222719e-07),
2026-07-06 11:32:40,435 | INFO | 	                         (56, 3.891707577870865e-07),
2026-07-06 11:32:40,435 | INFO | 	                         (57, 2.2486470655469677e-07),
2026-07-06 11:32:40,435 | INFO | 	                         (58, 2.7090100184078264e-07),
2026-07-06 11:32:40,435 | INFO | 	                         (59, 2.6331290911972367e-07),
2026-07-06 11:32:40,435 | INFO | 	                         (60, 2.2920631141244264e-07)],
2026-07-06 11:32:40,435 | INFO | 	 'ola_prior_loss_min': [(1, 5.56284078356839e-07),
2026-07-06 11:32:40,435 | INFO | 	                        (2, 3.228548223432881e-07),
2026-07-06 11:32:40,435 | INFO | 	                        (3, 4.5971071926942386e-07),
2026-07-06 11:32:40,435 | INFO | 	                        (4, 2.2294788664112276e-07),
2026-07-06 11:32:40,435 | INFO | 	                        (5, 1.398144874542595e-07),
2026-07-06 11:32:40,435 | INFO | 	                        (6, 1.8777070067699242e-07),
2026-07-06 11:32:40,435 | INFO | 	                        (7, 3.5959146202912964e-07),
2026-07-06 11:32:40,435 | INFO | 	                        (8, 2.1379504744345468e-07),
2026-07-06 11:32:40,435 | INFO | 	                        (9, 6.451957759168181e-08),
2026-07-06 11:32:40,435 | INFO | 	                        (10, 1.3296658210038004e-07),
2026-07-06 11:32:40,435 | INFO | 	                        (11, 1.511930924902316e-09),
2026-07-06 11:32:40,435 | INFO | 	                        (12, 1.0139040540479982e-07),
2026-07-06 11:32:40,435 | INFO | 	                        (13, 9.25278776264804e-08),
2026-07-06 11:32:40,435 | INFO | 	                        (14, 6.686318059223595e-08),
2026-07-06 11:32:40,435 | INFO | 	                        (15, 3.331691686980776e-08),
2026-07-06 11:32:40,435 | INFO | 	                        (16, 7.539221025254506e-09),
2026-07-06 11:32:40,435 | INFO | 	                        (17, 1.1622783802067715e-07),
2026-07-06 11:32:40,435 | INFO | 	                        (18, 1.2782579705827857e-08),
2026-07-06 11:32:40,435 | INFO | 	                        (19, 1.1003237005979827e-07),
2026-07-06 11:32:40,435 | INFO | 	                        (20, 9.977022991957904e-08),
2026-07-06 11:32:40,435 | INFO | 	                        (21, 1.2717207553691879e-08),
2026-07-06 11:32:40,435 | INFO | 	                        (22, 2.5018266971987835e-10),
2026-07-06 11:32:40,435 | INFO | 	                        (23, 3.2852095488422606e-09),
2026-07-06 11:32:40,435 | INFO | 	                        (24, 8.672182616464852e-09),
2026-07-06 11:32:40,436 | INFO | 	                        (25, 1.3516691410586645e-07),
2026-07-06 11:32:40,436 | INFO | 	                        (26, 1.5658579266553118e-09),
2026-07-06 11:32:40,436 | INFO | 	                        (27, 1.2191538978356675e-08),
2026-07-06 11:32:40,436 | INFO | 	                        (28, 1.2310662622638802e-08),
2026-07-06 11:32:40,436 | INFO | 	                        (29, 5.369199129745539e-08),
2026-07-06 11:32:40,436 | INFO | 	                        (30, 1.812193943517837e-10),
2026-07-06 11:32:40,436 | INFO | 	                        (31, 3.7904210259398494e-08),
2026-07-06 11:32:40,436 | INFO | 	                        (32, 9.120978328169827e-09),
2026-07-06 11:32:40,436 | INFO | 	                        (33, 1.5214599535795514e-08),
2026-07-06 11:32:40,436 | INFO | 	                        (34, 3.220614104293418e-08),
2026-07-06 11:32:40,436 | INFO | 	                        (35, 1.2003331271645544e-13),
2026-07-06 11:32:40,436 | INFO | 	                        (36, 1.4684550353472047e-09),
2026-07-06 11:32:40,436 | INFO | 	                        (37, 5.5777941120049854e-11),
2026-07-06 11:32:40,436 | INFO | 	                        (38, 1.3293023496188661e-11),
2026-07-06 11:32:40,436 | INFO | 	                        (39, 1.279435828394071e-08),
2026-07-06 11:32:40,436 | INFO | 	                        (40, 4.2603035410593294e-08),
2026-07-06 11:32:40,436 | INFO | 	                        (41, 7.148674516248025e-08),
2026-07-06 11:32:40,436 | INFO | 	                        (42, 1.5010832044026755e-08),
2026-07-06 11:32:40,436 | INFO | 	                        (43, 1.7302446628231217e-11),
2026-07-06 11:32:40,436 | INFO | 	                        (44, 3.515585582647418e-08),
2026-07-06 11:32:40,436 | INFO | 	                        (45, 1.3373979612651965e-08),
2026-07-06 11:32:40,436 | INFO | 	                        (46, 4.090523808564228e-09),
2026-07-06 11:32:40,436 | INFO | 	                        (47, 5.853730666860457e-10),
2026-07-06 11:32:40,436 | INFO | 	                        (48, 3.2884148071232742e-09),
2026-07-06 11:32:40,436 | INFO | 	                        (49, 2.8851166433696564e-08),
2026-07-06 11:32:40,436 | INFO | 	                        (50, 6.037040334305744e-09),
2026-07-06 11:32:40,436 | INFO | 	                        (51, 1.9692221453482262e-08),
2026-07-06 11:32:40,436 | INFO | 	                        (52, 8.075518032057971e-09),
2026-07-06 11:32:40,436 | INFO | 	                        (53, 3.7315099277179795e-08),
2026-07-06 11:32:40,436 | INFO | 	                        (54, 1.3385559827217008e-09),
2026-07-06 11:32:40,436 | INFO | 	                        (55, 7.665051242611298e-08),
2026-07-06 11:32:40,436 | INFO | 	                        (56, 1.5757164195662198e-08),
2026-07-06 11:32:40,436 | INFO | 	                        (57, 6.991896039920675e-09),
2026-07-06 11:32:40,436 | INFO | 	                        (58, 3.024204602297686e-08),
2026-07-06 11:32:40,436 | INFO | 	                        (59, 2.9472920815010185e-08),
2026-07-06 11:32:40,436 | INFO | 	                        (60, 4.4642649754678135e-08)],
2026-07-06 11:32:40,436 | INFO | 	 'ola_prior_loss_p10': [(1, 6.294412116858439e-07),
2026-07-06 11:32:40,436 | INFO | 	                        (2, 5.853142340583871e-07),
2026-07-06 11:32:40,436 | INFO | 	                        (3, 6.250477918001707e-07),
2026-07-06 11:32:40,437 | INFO | 	                        (4, 3.459383303969891e-07),
2026-07-06 11:32:40,437 | INFO | 	                        (5, 4.4549693711815053e-07),
2026-07-06 11:32:40,437 | INFO | 	                        (6, 2.2155142914925818e-07),
2026-07-06 11:32:40,437 | INFO | 	                        (7, 3.742579713161831e-07),
2026-07-06 11:32:40,437 | INFO | 	                        (8, 2.9926221486675784e-07),
2026-07-06 11:32:40,437 | INFO | 	                        (9, 7.708817527429801e-08),
2026-07-06 11:32:40,437 | INFO | 	                        (10, 2.060476160181679e-07),
2026-07-06 11:32:40,437 | INFO | 	                        (11, 8.543727616938668e-08),
2026-07-06 11:32:40,437 | INFO | 	                        (12, 2.1618312700866227e-07),
2026-07-06 11:32:40,437 | INFO | 	                        (13, 9.626938066276125e-08),
2026-07-06 11:32:40,437 | INFO | 	                        (14, 1.334276771558507e-07),
2026-07-06 11:32:40,437 | INFO | 	                        (15, 8.49091119903278e-08),
2026-07-06 11:32:40,437 | INFO | 	                        (16, 2.6063486959770904e-08),
2026-07-06 11:32:40,437 | INFO | 	                        (17, 1.3653401984251663e-07),
2026-07-06 11:32:40,437 | INFO | 	                        (18, 9.244436611766105e-08),
2026-07-06 11:32:40,437 | INFO | 	                        (19, 1.5837332227874868e-07),
2026-07-06 11:32:40,437 | INFO | 	                        (20, 1.4629402130594827e-07),
2026-07-06 11:32:40,437 | INFO | 	                        (21, 3.6498131379403275e-08),
2026-07-06 11:32:40,437 | INFO | 	                        (22, 4.6284657599926504e-08),
2026-07-06 11:32:40,437 | INFO | 	                        (23, 4.124959211537771e-08),
2026-07-06 11:32:40,437 | INFO | 	                        (24, 4.2560707882444155e-08),
2026-07-06 11:32:40,437 | INFO | 	                        (25, 1.6526352311529993e-07),
2026-07-06 11:32:40,437 | INFO | 	                        (26, 1.8639107874918182e-08),
2026-07-06 11:32:40,437 | INFO | 	                        (27, 2.046359490748273e-08),
2026-07-06 11:32:40,437 | INFO | 	                        (28, 5.376693948733192e-08),
2026-07-06 11:32:40,437 | INFO | 	                        (29, 1.3680704967100611e-07),
2026-07-06 11:32:40,437 | INFO | 	                        (30, 3.2577891673213347e-08),
2026-07-06 11:32:40,437 | INFO | 	                        (31, 6.09284002806021e-08),
2026-07-06 11:32:40,437 | INFO | 	                        (32, 3.978066914100964e-08),
2026-07-06 11:32:40,437 | INFO | 	                        (33, 8.386511467506353e-08),
2026-07-06 11:32:40,437 | INFO | 	                        (34, 1.1185092433581373e-07),
2026-07-06 11:32:40,437 | INFO | 	                        (35, 4.274527611869416e-08),
2026-07-06 11:32:40,437 | INFO | 	                        (36, 4.862503750757697e-08),
2026-07-06 11:32:40,437 | INFO | 	                        (37, 3.447398862821417e-08),
2026-07-06 11:32:40,437 | INFO | 	                        (38, 4.45542573856983e-08),
2026-07-06 11:32:40,437 | INFO | 	                        (39, 7.172428823025712e-08),
2026-07-06 11:32:40,437 | INFO | 	                        (40, 7.338425120906322e-08),
2026-07-06 11:32:40,437 | INFO | 	                        (41, 1.2131378830655435e-07),
2026-07-06 11:32:40,437 | INFO | 	                        (42, 3.5548663674944696e-08),
2026-07-06 11:32:40,437 | INFO | 	                        (43, 2.1484970460505794e-08),
2026-07-06 11:32:40,438 | INFO | 	                        (44, 4.707990399310802e-08),
2026-07-06 11:32:40,438 | INFO | 	                        (45, 4.966050134669331e-08),
2026-07-06 11:32:40,438 | INFO | 	                        (46, 1.1175948486652487e-08),
2026-07-06 11:32:40,438 | INFO | 	                        (47, 1.3350208178053435e-07),
2026-07-06 11:32:40,438 | INFO | 	                        (48, 5.1916567969101385e-08),
2026-07-06 11:32:40,438 | INFO | 	                        (49, 4.048746660600955e-08),
2026-07-06 11:32:40,438 | INFO | 	                        (50, 5.846046093438418e-08),
2026-07-06 11:32:40,438 | INFO | 	                        (51, 9.292957860893866e-08),
2026-07-06 11:32:40,438 | INFO | 	                        (52, 5.6816824383076906e-08),
2026-07-06 11:32:40,438 | INFO | 	                        (53, 1.1623352980646731e-07),
2026-07-06 11:32:40,438 | INFO | 	                        (54, 4.232786945834733e-08),
2026-07-06 11:32:40,438 | INFO | 	                        (55, 9.987711109715748e-08),
2026-07-06 11:32:40,438 | INFO | 	                        (56, 2.5989104202039925e-08),
2026-07-06 11:32:40,438 | INFO | 	                        (57, 2.9221667148249253e-08),
2026-07-06 11:32:40,438 | INFO | 	                        (58, 6.831735859691435e-08),
2026-07-06 11:32:40,438 | INFO | 	                        (59, 7.58229231223595e-08),
2026-07-06 11:32:40,438 | INFO | 	                        (60, 6.803124009024941e-08)],
2026-07-06 11:32:40,438 | INFO | 	 'ola_prior_loss_p50': [(1, 1.273246467966363e-06),
2026-07-06 11:32:40,438 | INFO | 	                        (2, 1.2622372651094338e-06),
2026-07-06 11:32:40,438 | INFO | 	                        (3, 1.7209468296641717e-06),
2026-07-06 11:32:40,438 | INFO | 	                        (4, 6.79370671737793e-07),
2026-07-06 11:32:40,438 | INFO | 	                        (5, 8.669474445208485e-07),
2026-07-06 11:32:40,438 | INFO | 	                        (6, 7.162764593327996e-07),
2026-07-06 11:32:40,438 | INFO | 	                        (7, 8.026099145219312e-07),
2026-07-06 11:32:40,438 | INFO | 	                        (8, 6.277001375565305e-07),
2026-07-06 11:32:40,438 | INFO | 	                        (9, 4.432700890382486e-07),
2026-07-06 11:32:40,438 | INFO | 	                        (10, 4.370930696495634e-07),
2026-07-06 11:32:40,438 | INFO | 	                        (11, 3.8151500636509453e-07),
2026-07-06 11:32:40,438 | INFO | 	                        (12, 3.717166922948915e-07),
2026-07-06 11:32:40,438 | INFO | 	                        (13, 3.531388444710664e-07),
2026-07-06 11:32:40,438 | INFO | 	                        (14, 3.099425043728843e-07),
2026-07-06 11:32:40,438 | INFO | 	                        (15, 1.8612517891369861e-07),
2026-07-06 11:32:40,438 | INFO | 	                        (16, 2.1229136496003776e-07),
2026-07-06 11:32:40,438 | INFO | 	                        (17, 5.351636673367466e-07),
2026-07-06 11:32:40,438 | INFO | 	                        (18, 2.1294255532211536e-07),
2026-07-06 11:32:40,438 | INFO | 	                        (19, 4.880987752303987e-07),
2026-07-06 11:32:40,438 | INFO | 	                        (20, 2.968927617530426e-07),
2026-07-06 11:32:40,438 | INFO | 	                        (21, 2.8015329710013457e-07),
2026-07-06 11:32:40,439 | INFO | 	                        (22, 1.806507185619921e-07),
2026-07-06 11:32:40,439 | INFO | 	                        (23, 1.5999990239379257e-07),
2026-07-06 11:32:40,439 | INFO | 	                        (24, 2.807466367537631e-07),
2026-07-06 11:32:40,439 | INFO | 	                        (25, 4.3463330117471275e-07),
2026-07-06 11:32:40,439 | INFO | 	                        (26, 1.5724987463272554e-07),
2026-07-06 11:32:40,439 | INFO | 	                        (27, 1.383258506848506e-07),
2026-07-06 11:32:40,439 | INFO | 	                        (28, 3.6075664411328034e-07),
2026-07-06 11:32:40,439 | INFO | 	                        (29, 3.8433770770120506e-07),
2026-07-06 11:32:40,439 | INFO | 	                        (30, 1.6479748593058372e-07),
2026-07-06 11:32:40,439 | INFO | 	                        (31, 2.467058266120148e-07),
2026-07-06 11:32:40,439 | INFO | 	                        (32, 1.8144398836739128e-07),
2026-07-06 11:32:40,439 | INFO | 	                        (33, 2.3101513306755806e-07),
2026-07-06 11:32:40,439 | INFO | 	                        (34, 3.6487994066192185e-07),
2026-07-06 11:32:40,439 | INFO | 	                        (35, 1.1699332463395108e-07),
2026-07-06 11:32:40,439 | INFO | 	                        (36, 4.3106628027089756e-07),
2026-07-06 11:32:40,439 | INFO | 	                        (37, 2.54964827885086e-07),
2026-07-06 11:32:40,439 | INFO | 	                        (38, 2.461061001213238e-07),
2026-07-06 11:32:40,439 | INFO | 	                        (39, 4.418341632117517e-07),
2026-07-06 11:32:40,439 | INFO | 	                        (40, 3.850824383195287e-07),
2026-07-06 11:32:40,439 | INFO | 	                        (41, 2.733017822720285e-07),
2026-07-06 11:32:40,439 | INFO | 	                        (42, 1.2205186976643746e-07),
2026-07-06 11:32:40,439 | INFO | 	                        (43, 3.7845081237719567e-07),
2026-07-06 11:32:40,439 | INFO | 	                        (44, 2.2975210072218034e-07),
2026-07-06 11:32:40,439 | INFO | 	                        (45, 1.7968807242141338e-07),
2026-07-06 11:32:40,439 | INFO | 	                        (46, 8.38087470668394e-08),
2026-07-06 11:32:40,439 | INFO | 	                        (47, 2.543783693909063e-07),
2026-07-06 11:32:40,439 | INFO | 	                        (48, 2.5343162445077725e-07),
2026-07-06 11:32:40,439 | INFO | 	                        (49, 1.1043340527567403e-07),
2026-07-06 11:32:40,439 | INFO | 	                        (50, 1.4831435350970424e-07),
2026-07-06 11:32:40,439 | INFO | 	                        (51, 2.452886718629088e-07),
2026-07-06 11:32:40,439 | INFO | 	                        (52, 2.43900825927801e-07),
2026-07-06 11:32:40,439 | INFO | 	                        (53, 1.9225838627789925e-07),
2026-07-06 11:32:40,439 | INFO | 	                        (54, 1.8883721348728436e-07),
2026-07-06 11:32:40,439 | INFO | 	                        (55, 3.5457737785069404e-07),
2026-07-06 11:32:40,439 | INFO | 	                        (56, 3.5391622679883916e-07),
2026-07-06 11:32:40,439 | INFO | 	                        (57, 2.0067528225808928e-07),
2026-07-06 11:32:40,439 | INFO | 	                        (58, 2.1671022523150896e-07),
2026-07-06 11:32:40,439 | INFO | 	                        (59, 2.770768150674286e-07),
2026-07-06 11:32:40,439 | INFO | 	                        (60, 2.0595076648532996e-07)],
2026-07-06 11:32:40,440 | INFO | 	 'ola_prior_loss_p90': [(1, 2.2760114339795735e-06),
2026-07-06 11:32:40,440 | INFO | 	                        (2, 1.669826110138078e-06),
2026-07-06 11:32:40,440 | INFO | 	                        (3, 2.8342687337430182e-06),
2026-07-06 11:32:40,440 | INFO | 	                        (4, 2.0000495078420495e-06),
2026-07-06 11:32:40,440 | INFO | 	                        (5, 2.0328550453996284e-06),
2026-07-06 11:32:40,440 | INFO | 	                        (6, 1.448728521609155e-06),
2026-07-06 11:32:40,440 | INFO | 	                        (7, 2.9821635871485337e-06),
2026-07-06 11:32:40,440 | INFO | 	                        (8, 1.3888253527867903e-06),
2026-07-06 11:32:40,440 | INFO | 	                        (9, 9.470109807807603e-07),
2026-07-06 11:32:40,440 | INFO | 	                        (10, 8.238866758486979e-07),
2026-07-06 11:32:40,440 | INFO | 	                        (11, 1.0080959782499122e-06),
2026-07-06 11:32:40,440 | INFO | 	                        (12, 5.637030621085902e-07),
2026-07-06 11:32:40,440 | INFO | 	                        (13, 7.898002479112895e-07),
2026-07-06 11:32:40,440 | INFO | 	                        (14, 9.397755068401614e-07),
2026-07-06 11:32:40,440 | INFO | 	                        (15, 8.777289485806248e-07),
2026-07-06 11:32:40,440 | INFO | 	                        (16, 2.0881012803174882e-06),
2026-07-06 11:32:40,440 | INFO | 	                        (17, 3.1406925068571956e-06),
2026-07-06 11:32:40,440 | INFO | 	                        (18, 8.790911306277848e-07),
2026-07-06 11:32:40,440 | INFO | 	                        (19, 1.3591062327965186e-06),
2026-07-06 11:32:40,440 | INFO | 	                        (20, 6.225287086646364e-07),
2026-07-06 11:32:40,440 | INFO | 	                        (21, 9.323509246095107e-07),
2026-07-06 11:32:40,440 | INFO | 	                        (22, 4.374680189930982e-07),
2026-07-06 11:32:40,440 | INFO | 	                        (23, 8.717246949202614e-07),
2026-07-06 11:32:40,440 | INFO | 	                        (24, 7.752861883386522e-07),
2026-07-06 11:32:40,440 | INFO | 	                        (25, 8.519221556311434e-07),
2026-07-06 11:32:40,440 | INFO | 	                        (26, 5.167284505182349e-07),
2026-07-06 11:32:40,440 | INFO | 	                        (27, 8.910548078860393e-07),
2026-07-06 11:32:40,440 | INFO | 	                        (28, 1.5337020340666638e-06),
2026-07-06 11:32:40,440 | INFO | 	                        (29, 1.6358490665879798e-06),
2026-07-06 11:32:40,440 | INFO | 	                        (30, 6.926529319936585e-07),
2026-07-06 11:32:40,440 | INFO | 	                        (31, 4.7318516355217077e-07),
2026-07-06 11:32:40,440 | INFO | 	                        (32, 8.648038293925017e-07),
2026-07-06 11:32:40,440 | INFO | 	                        (33, 5.20845698343401e-07),
2026-07-06 11:32:40,440 | INFO | 	                        (34, 1.2377886934269527e-06),
2026-07-06 11:32:40,440 | INFO | 	                        (35, 1.431883963435496e-06),
2026-07-06 11:32:40,440 | INFO | 	                        (36, 1.088539734155347e-06),
2026-07-06 11:32:40,440 | INFO | 	                        (37, 6.101521550096882e-07),
2026-07-06 11:32:40,440 | INFO | 	                        (38, 5.287238603595309e-07),
2026-07-06 11:32:40,440 | INFO | 	                        (39, 7.735327225480543e-07),
2026-07-06 11:32:40,441 | INFO | 	                        (40, 6.674225514341145e-07),
2026-07-06 11:32:40,441 | INFO | 	                        (41, 4.7121959366743693e-07),
2026-07-06 11:32:40,441 | INFO | 	                        (42, 6.05566869593733e-07),
2026-07-06 11:32:40,441 | INFO | 	                        (43, 1.1803988531666412e-06),
2026-07-06 11:32:40,441 | INFO | 	                        (44, 7.599576474603964e-07),
2026-07-06 11:32:40,441 | INFO | 	                        (45, 3.944218205499623e-07),
2026-07-06 11:32:40,441 | INFO | 	                        (46, 5.946322943959272e-07),
2026-07-06 11:32:40,441 | INFO | 	                        (47, 1.252380414817313e-06),
2026-07-06 11:32:40,441 | INFO | 	                        (48, 7.963119003951532e-07),
2026-07-06 11:32:40,441 | INFO | 	                        (49, 5.733449748306969e-07),
2026-07-06 11:32:40,441 | INFO | 	                        (50, 3.274018203752742e-07),
2026-07-06 11:32:40,441 | INFO | 	                        (51, 5.469748540084158e-07),
2026-07-06 11:32:40,441 | INFO | 	                        (52, 8.79354906983694e-07),
2026-07-06 11:32:40,441 | INFO | 	                        (53, 4.253799714777794e-07),
2026-07-06 11:32:40,441 | INFO | 	                        (54, 5.195533155597878e-07),
2026-07-06 11:32:40,441 | INFO | 	                        (55, 4.909638765920026e-07),
2026-07-06 11:32:40,441 | INFO | 	                        (56, 8.770133405769342e-07),
2026-07-06 11:32:40,441 | INFO | 	                        (57, 4.564485970091636e-07),
2026-07-06 11:32:40,441 | INFO | 	                        (58, 4.5107981478776097e-07),
2026-07-06 11:32:40,441 | INFO | 	                        (59, 4.89426818696167e-07),
2026-07-06 11:32:40,441 | INFO | 	                        (60, 3.8725618989237825e-07)],
2026-07-06 11:32:40,441 | INFO | 	 'ola_prior_loss_std': [(1, 6.644292925805279e-07),
2026-07-06 11:32:40,441 | INFO | 	                        (2, 6.508249341574885e-07),
2026-07-06 11:32:40,441 | INFO | 	                        (3, 9.161336580050326e-07),
2026-07-06 11:32:40,441 | INFO | 	                        (4, 7.662593549325968e-07),
2026-07-06 11:32:40,441 | INFO | 	                        (5, 1.5626630817353962e-06),
2026-07-06 11:32:40,441 | INFO | 	                        (6, 4.5084874101778703e-07),
2026-07-06 11:32:40,441 | INFO | 	                        (7, 1.143627609868355e-06),
2026-07-06 11:32:40,441 | INFO | 	                        (8, 1.4672810456229725e-06),
2026-07-06 11:32:40,441 | INFO | 	                        (9, 8.805188466884396e-07),
2026-07-06 11:32:40,441 | INFO | 	                        (10, 6.881169048932147e-07),
2026-07-06 11:32:40,441 | INFO | 	                        (11, 5.203664618492942e-07),
2026-07-06 11:32:40,441 | INFO | 	                        (12, 1.8447296795334162e-07),
2026-07-06 11:32:40,441 | INFO | 	                        (13, 2.8524266768693866e-07),
2026-07-06 11:32:40,441 | INFO | 	                        (14, 7.18041161047758e-07),
2026-07-06 11:32:40,441 | INFO | 	                        (15, 3.3291546741463365e-07),
2026-07-06 11:32:40,441 | INFO | 	                        (16, 8.987525784500897e-07),
2026-07-06 11:32:40,441 | INFO | 	                        (17, 4.224394393440061e-06),
2026-07-06 11:32:40,441 | INFO | 	                        (18, 3.948212845874331e-07),
2026-07-06 11:32:40,442 | INFO | 	                        (19, 4.738419692120403e-07),
2026-07-06 11:32:40,442 | INFO | 	                        (20, 2.558605728498463e-07),
2026-07-06 11:32:40,442 | INFO | 	                        (21, 4.3135460368406077e-07),
2026-07-06 11:32:40,442 | INFO | 	                        (22, 2.521798989179772e-07),
2026-07-06 11:32:40,442 | INFO | 	                        (23, 3.422451961359951e-07),
2026-07-06 11:32:40,442 | INFO | 	                        (24, 6.296455403789086e-06),
2026-07-06 11:32:40,442 | INFO | 	                        (25, 3.963279831343308e-07),
2026-07-06 11:32:40,442 | INFO | 	                        (26, 3.958518402347227e-07),
2026-07-06 11:32:40,442 | INFO | 	                        (27, 6.062616126437888e-07),
2026-07-06 11:32:40,442 | INFO | 	                        (28, 6.678658021067127e-07),
2026-07-06 11:32:40,442 | INFO | 	                        (29, 5.757180724965683e-07),
2026-07-06 11:32:40,442 | INFO | 	                        (30, 2.887716563962853e-07),
2026-07-06 11:32:40,442 | INFO | 	                        (31, 2.0867499358407814e-07),
2026-07-06 11:32:40,442 | INFO | 	                        (32, 3.817827240313475e-07),
2026-07-06 11:32:40,442 | INFO | 	                        (33, 2.1460151499455058e-07),
2026-07-06 11:32:40,442 | INFO | 	                        (34, 5.434032901207559e-07),
2026-07-06 11:32:40,442 | INFO | 	                        (35, 2.1373509106133646e-06),
2026-07-06 11:32:40,442 | INFO | 	                        (36, 5.669548156183472e-07),
2026-07-06 11:32:40,442 | INFO | 	                        (37, 2.2481672207731253e-07),
2026-07-06 11:32:40,442 | INFO | 	                        (38, 2.0483501596750432e-07),
2026-07-06 11:32:40,442 | INFO | 	                        (39, 2.6297176526697534e-07),
2026-07-06 11:32:40,442 | INFO | 	                        (40, 2.491154331566257e-07),
2026-07-06 11:32:40,442 | INFO | 	                        (41, 1.6420916314020486e-07),
2026-07-06 11:32:40,442 | INFO | 	                        (42, 2.695611889041944e-07),
2026-07-06 11:32:40,442 | INFO | 	                        (43, 4.743556907686009e-07),
2026-07-06 11:32:40,442 | INFO | 	                        (44, 2.7090468835326016e-07),
2026-07-06 11:32:40,442 | INFO | 	                        (45, 1.6889475136424077e-07),
2026-07-06 11:32:40,442 | INFO | 	                        (46, 3.1238657386939204e-07),
2026-07-06 11:32:40,442 | INFO | 	                        (47, 2.564035149300414e-06),
2026-07-06 11:32:40,442 | INFO | 	                        (48, 8.229094481774222e-07),
2026-07-06 11:32:40,442 | INFO | 	                        (49, 2.4849790322681906e-07),
2026-07-06 11:32:40,442 | INFO | 	                        (50, 9.73081652957641e-08),
2026-07-06 11:32:40,442 | INFO | 	                        (51, 1.7632243701031144e-07),
2026-07-06 11:32:40,442 | INFO | 	                        (52, 3.250398253128764e-07),
2026-07-06 11:32:40,442 | INFO | 	                        (53, 5.587133663045429e-06),
2026-07-06 11:32:40,442 | INFO | 	                        (54, 6.471853415758694e-06),
2026-07-06 11:32:40,442 | INFO | 	                        (55, 2.77589477489952e-07),
2026-07-06 11:32:40,442 | INFO | 	                        (56, 4.2081664274749485e-07),
2026-07-06 11:32:40,443 | INFO | 	                        (57, 1.8358593993088357e-07),
2026-07-06 11:32:40,443 | INFO | 	                        (58, 2.9875098076364034e-07),
2026-07-06 11:32:40,443 | INFO | 	                        (59, 1.6271136221747073e-07),
2026-07-06 11:32:40,443 | INFO | 	                        (60, 1.6772250084699397e-07)],
2026-07-06 11:32:40,443 | INFO | 	 'ola_sigma_max': [(1, 0.9999878550912327),
2026-07-06 11:32:40,443 | INFO | 	                   (2, 0.9999851778247706),
2026-07-06 11:32:40,443 | INFO | 	                   (3, 0.9999768123371822),
2026-07-06 11:32:40,443 | INFO | 	                   (4, 0.9999649112393489),
2026-07-06 11:32:40,443 | INFO | 	                   (5, 0.9999663437948464),
2026-07-06 11:32:40,443 | INFO | 	                   (6, 0.9999651981580816),
2026-07-06 11:32:40,443 | INFO | 	                   (7, 0.9999640502359938),
2026-07-06 11:32:40,443 | INFO | 	                   (8, 0.9999661228025875),
2026-07-06 11:32:40,443 | INFO | 	                   (9, 0.9999673348636539),
2026-07-06 11:32:40,443 | INFO | 	                   (10, 0.999969098146156),
2026-07-06 11:32:40,443 | INFO | 	                   (11, 0.9999706514694373),
2026-07-06 11:32:40,443 | INFO | 	                   (12, 0.9999710874642067),
2026-07-06 11:32:40,443 | INFO | 	                   (13, 0.9999724012332756),
2026-07-06 11:32:40,443 | INFO | 	                   (14, 0.9999732322650468),
2026-07-06 11:32:40,443 | INFO | 	                   (15, 0.9999731987102732),
2026-07-06 11:32:40,443 | INFO | 	                   (16, 0.9999738257913139),
2026-07-06 11:32:40,443 | INFO | 	                   (17, 0.9999742971757921),
2026-07-06 11:32:40,443 | INFO | 	                   (18, 0.9999705939316569),
2026-07-06 11:32:40,443 | INFO | 	                   (19, 0.9999709613110961),
2026-07-06 11:32:40,443 | INFO | 	                   (20, 0.999971520769534),
2026-07-06 11:32:40,443 | INFO | 	                   (21, 0.9999720349408583),
2026-07-06 11:32:40,443 | INFO | 	                   (22, 0.999972887229882),
2026-07-06 11:32:40,443 | INFO | 	                   (23, 0.9999735325413813),
2026-07-06 11:32:40,443 | INFO | 	                   (24, 0.9999741938390139),
2026-07-06 11:32:40,443 | INFO | 	                   (25, 0.9999747582136489),
2026-07-06 11:32:40,443 | INFO | 	                   (26, 0.9999754029412254),
2026-07-06 11:32:40,443 | INFO | 	                   (27, 0.999975961145137),
2026-07-06 11:32:40,443 | INFO | 	                   (28, 0.9999765814592319),
2026-07-06 11:32:40,443 | INFO | 	                   (29, 0.9999765160633841),
2026-07-06 11:32:40,443 | INFO | 	                   (30, 0.9999769095342778),
2026-07-06 11:32:40,443 | INFO | 	                   (31, 0.9999773138461067),
2026-07-06 11:32:40,443 | INFO | 	                   (32, 0.9999777748347664),
2026-07-06 11:32:40,443 | INFO | 	                   (33, 0.9999778267324492),
2026-07-06 11:32:40,443 | INFO | 	                   (34, 0.9999783415351364),
2026-07-06 11:32:40,444 | INFO | 	                   (35, 0.9999786880655421),
2026-07-06 11:32:40,444 | INFO | 	                   (36, 0.9999789623757577),
2026-07-06 11:32:40,444 | INFO | 	                   (37, 0.9999783040182382),
2026-07-06 11:32:40,444 | INFO | 	                   (38, 0.999978775441957),
2026-07-06 11:32:40,444 | INFO | 	                   (39, 0.9999790404603607),
2026-07-06 11:32:40,444 | INFO | 	                   (40, 0.999979270593326),
2026-07-06 11:32:40,444 | INFO | 	                   (41, 0.9999795698160224),
2026-07-06 11:32:40,444 | INFO | 	                   (42, 0.9999798494365978),
2026-07-06 11:32:40,444 | INFO | 	                   (43, 0.9999801509762438),
2026-07-06 11:32:40,444 | INFO | 	                   (44, 0.99998006901034),
2026-07-06 11:32:40,444 | INFO | 	                   (45, 0.9999801924845506),
2026-07-06 11:32:40,444 | INFO | 	                   (46, 0.9999804806091983),
2026-07-06 11:32:40,444 | INFO | 	                   (47, 0.9999807857173921),
2026-07-06 11:32:40,444 | INFO | 	                   (48, 0.999980973521513),
2026-07-06 11:32:40,444 | INFO | 	                   (49, 0.9999812269692244),
2026-07-06 11:32:40,444 | INFO | 	                   (50, 0.999981493133218),
2026-07-06 11:32:40,444 | INFO | 	                   (51, 0.9999817164945523),
2026-07-06 11:32:40,444 | INFO | 	                   (52, 0.9999819329325642),
2026-07-06 11:32:40,444 | INFO | 	                   (53, 0.9999820290848069),
2026-07-06 11:32:40,444 | INFO | 	                   (54, 0.9999822590162984),
2026-07-06 11:32:40,444 | INFO | 	                   (55, 0.9999824256709321),
2026-07-06 11:32:40,444 | INFO | 	                   (56, 0.9999825694817064),
2026-07-06 11:32:40,444 | INFO | 	                   (57, 0.9999826679222006),
2026-07-06 11:32:40,444 | INFO | 	                   (58, 0.9999827924711339),
2026-07-06 11:32:40,444 | INFO | 	                   (59, 0.9999829439414301),
2026-07-06 11:32:40,444 | INFO | 	                   (60, 0.9999831124831244)],
2026-07-06 11:32:40,444 | INFO | 	 'ola_sigma_mean': [(1, 0.9999523890949303),
2026-07-06 11:32:40,444 | INFO | 	                    (2, 0.9999581304471424),
2026-07-06 11:32:40,444 | INFO | 	                    (3, 0.9999521477443986),
2026-07-06 11:32:40,444 | INFO | 	                    (4, 0.9999513998004598),
2026-07-06 11:32:40,444 | INFO | 	                    (5, 0.9999457111675223),
2026-07-06 11:32:40,444 | INFO | 	                    (6, 0.9999583941973929),
2026-07-06 11:32:40,444 | INFO | 	                    (7, 0.9999518287922153),
2026-07-06 11:32:40,444 | INFO | 	                    (8, 0.9999569233715396),
2026-07-06 11:32:40,444 | INFO | 	                    (9, 0.9999617664908327),
2026-07-06 11:32:40,444 | INFO | 	                    (10, 0.9999645934930805),
2026-07-06 11:32:40,444 | INFO | 	                    (11, 0.9999683334622749),
2026-07-06 11:32:40,444 | INFO | 	                    (12, 0.99996924430906),
2026-07-06 11:32:40,445 | INFO | 	                    (13, 0.9999705541304509),
2026-07-06 11:32:40,445 | INFO | 	                    (14, 0.999969911872999),
2026-07-06 11:32:40,445 | INFO | 	                    (15, 0.9999713760526348),
2026-07-06 11:32:40,445 | INFO | 	                    (16, 0.9999703317845295),
2026-07-06 11:32:40,445 | INFO | 	                    (17, 0.9999618386825979),
2026-07-06 11:32:40,445 | INFO | 	                    (18, 0.9999692181577488),
2026-07-06 11:32:40,445 | INFO | 	                    (19, 0.9999683037538566),
2026-07-06 11:32:40,445 | INFO | 	                    (20, 0.9999706545200878),
2026-07-06 11:32:40,445 | INFO | 	                    (21, 0.9999708728389912),
2026-07-06 11:32:40,445 | INFO | 	                    (22, 0.9999720315347391),
2026-07-06 11:32:40,445 | INFO | 	                    (23, 0.9999726142584137),
2026-07-06 11:32:40,445 | INFO | 	                    (24, 0.9999666820176167),
2026-07-06 11:32:40,445 | INFO | 	                    (25, 0.9999735368701025),
2026-07-06 11:32:40,445 | INFO | 	                    (26, 0.9999744482828106),
2026-07-06 11:32:40,445 | INFO | 	                    (27, 0.99997481489497),
2026-07-06 11:32:40,445 | INFO | 	                    (28, 0.9999747501369668),
2026-07-06 11:32:40,445 | INFO | 	                    (29, 0.9999750006953239),
2026-07-06 11:32:40,445 | INFO | 	                    (30, 0.9999763422501021),
2026-07-06 11:32:40,445 | INFO | 	                    (31, 0.9999769575310199),
2026-07-06 11:32:40,445 | INFO | 	                    (32, 0.9999773124750689),
2026-07-06 11:32:40,445 | INFO | 	                    (33, 0.9999775589556102),
2026-07-06 11:32:40,445 | INFO | 	                    (34, 0.9999771917603477),
2026-07-06 11:32:40,445 | INFO | 	                    (35, 0.9999763751924107),
2026-07-06 11:32:40,445 | INFO | 	                    (36, 0.9999775710867591),
2026-07-06 11:32:40,445 | INFO | 	                    (37, 0.9999781007332696),
2026-07-06 11:32:40,445 | INFO | 	                    (38, 0.9999784563954794),
2026-07-06 11:32:40,445 | INFO | 	                    (39, 0.9999785669673567),
2026-07-06 11:32:40,445 | INFO | 	                    (40, 0.9999787910578625),
2026-07-06 11:32:40,445 | INFO | 	                    (41, 0.9999790832780135),
2026-07-06 11:32:40,445 | INFO | 	                    (42, 0.9999794448491479),
2026-07-06 11:32:40,445 | INFO | 	                    (43, 0.9999790842994003),
2026-07-06 11:32:40,446 | INFO | 	                    (44, 0.9999796263227326),
2026-07-06 11:32:40,446 | INFO | 	                    (45, 0.9999799728082363),
2026-07-06 11:32:40,446 | INFO | 	                    (46, 0.9999803030022721),
2026-07-06 11:32:40,446 | INFO | 	                    (47, 0.9999787943330235),
2026-07-06 11:32:40,446 | INFO | 	                    (48, 0.9999803276688844),
2026-07-06 11:32:40,446 | INFO | 	                    (49, 0.9999811403523972),
2026-07-06 11:32:40,446 | INFO | 	                    (50, 0.9999813536952861),
2026-07-06 11:32:40,446 | INFO | 	                    (51, 0.9999813300032451),
2026-07-06 11:32:40,446 | INFO | 	                    (52, 0.9999815465640546),
2026-07-06 11:32:40,446 | INFO | 	                    (53, 0.9999790270783948),
2026-07-06 11:32:40,446 | INFO | 	                    (54, 0.9999789399162217),
2026-07-06 11:32:40,446 | INFO | 	                    (55, 0.9999821530078827),
2026-07-06 11:32:40,446 | INFO | 	                    (56, 0.999982103430195),
2026-07-06 11:32:40,446 | INFO | 	                    (57, 0.9999824780182609),
2026-07-06 11:32:40,446 | INFO | 	                    (58, 0.9999826276499518),
2026-07-06 11:32:40,446 | INFO | 	                    (59, 0.999982822575628),
2026-07-06 11:32:40,446 | INFO | 	                    (60, 0.9999829496616096)],
2026-07-06 11:32:40,446 | INFO | 	 'ola_sigma_min': [(1, 0.9998056578538946),
2026-07-06 11:32:40,446 | INFO | 	                   (2, 0.9999172051160008),
2026-07-06 11:32:40,446 | INFO | 	                   (3, 0.9999222925712707),
2026-07-06 11:32:40,446 | INFO | 	                   (4, 0.9999078715750683),
2026-07-06 11:32:40,446 | INFO | 	                   (5, 0.9998355183729526),
2026-07-06 11:32:40,446 | INFO | 	                   (6, 0.9999403512423992),
2026-07-06 11:32:40,446 | INFO | 	                   (7, 0.9999087485048173),
2026-07-06 11:32:40,446 | INFO | 	                   (8, 0.9998893189555572),
2026-07-06 11:32:40,446 | INFO | 	                   (9, 0.9999267999509984),
2026-07-06 11:32:40,446 | INFO | 	                   (10, 0.9999390812997583),
2026-07-06 11:32:40,446 | INFO | 	                   (11, 0.9999586509846512),
2026-07-06 11:32:40,446 | INFO | 	                   (12, 0.9999644232935998),
2026-07-06 11:32:40,446 | INFO | 	                   (13, 0.9999638831696271),
2026-07-06 11:32:40,446 | INFO | 	                   (14, 0.9999518961947197),
2026-07-06 11:32:40,446 | INFO | 	                   (15, 0.9999667080192279),
2026-07-06 11:32:40,447 | INFO | 	                   (16, 0.9999560981739993),
2026-07-06 11:32:40,447 | INFO | 	                   (17, 0.9998728766180834),
2026-07-06 11:32:40,447 | INFO | 	                   (18, 0.999965655357978),
2026-07-06 11:32:40,447 | INFO | 	                   (19, 0.9999521758762057),
2026-07-06 11:32:40,447 | INFO | 	                   (20, 0.9999689903517679),
2026-07-06 11:32:40,447 | INFO | 	                   (21, 0.9999643912645224),
2026-07-06 11:32:40,447 | INFO | 	                   (22, 0.9999674360129177),
2026-07-06 11:32:40,447 | INFO | 	                   (23, 0.9999686972552835),
2026-07-06 11:32:40,447 | INFO | 	                   (24, 0.9998688817194078),
2026-07-06 11:32:40,447 | INFO | 	                   (25, 0.999967492256931),
2026-07-06 11:32:40,447 | INFO | 	                   (26, 0.9999690486292621),
2026-07-06 11:32:40,447 | INFO | 	                   (27, 0.9999671087068694),
2026-07-06 11:32:40,447 | INFO | 	                   (28, 0.9999683526265805),
2026-07-06 11:32:40,447 | INFO | 	                   (29, 0.9999700978467141),
2026-07-06 11:32:40,447 | INFO | 	                   (30, 0.999973078276327),
2026-07-06 11:32:40,447 | INFO | 	                   (31, 0.9999757130909519),
2026-07-06 11:32:40,447 | INFO | 	                   (32, 0.9999763292543333),
2026-07-06 11:32:40,447 | INFO | 	                   (33, 0.9999768783608788),
2026-07-06 11:32:40,447 | INFO | 	                   (34, 0.9999722756752157),
2026-07-06 11:32:40,447 | INFO | 	                   (35, 0.9999539318230668),
2026-07-06 11:32:40,447 | INFO | 	                   (36, 0.9999724959418174),
2026-07-06 11:32:40,447 | INFO | 	                   (37, 0.9999769371976971),
2026-07-06 11:32:40,447 | INFO | 	                   (38, 0.9999773734987771),
2026-07-06 11:32:40,447 | INFO | 	                   (39, 0.999977064792166),
2026-07-06 11:32:40,447 | INFO | 	                   (40, 0.9999769727642812),
2026-07-06 11:32:40,447 | INFO | 	                   (41, 0.9999777342606191),
2026-07-06 11:32:40,447 | INFO | 	                   (42, 0.9999770917258282),
2026-07-06 11:32:40,447 | INFO | 	                   (43, 0.999973103301844),
2026-07-06 11:32:40,447 | INFO | 	                   (44, 0.9999784272201078),
2026-07-06 11:32:40,447 | INFO | 	                   (45, 0.9999793914144067),
2026-07-06 11:32:40,447 | INFO | 	                   (46, 0.9999794750969384),
2026-07-06 11:32:40,447 | INFO | 	                   (47, 0.9999584272338399),
2026-07-06 11:32:40,447 | INFO | 	                   (48, 0.9999737890615694),
2026-07-06 11:32:40,448 | INFO | 	                   (49, 0.9999809974078827),
2026-07-06 11:32:40,448 | INFO | 	                   (50, 0.9999811562091343),
2026-07-06 11:32:40,448 | INFO | 	                   (51, 0.9999798179416604),
2026-07-06 11:32:40,448 | INFO | 	                   (52, 0.9999805137504819),
2026-07-06 11:32:40,448 | INFO | 	                   (53, 0.9999396113910339),
2026-07-06 11:32:40,448 | INFO | 	                   (54, 0.9999341121348462),
2026-07-06 11:32:40,448 | INFO | 	                   (55, 0.9999809246670232),
2026-07-06 11:32:40,448 | INFO | 	                   (56, 0.99997973114624),
2026-07-06 11:32:40,448 | INFO | 	                   (57, 0.9999816122423564),
2026-07-06 11:32:40,448 | INFO | 	                   (58, 0.9999821416079746),
2026-07-06 11:32:40,448 | INFO | 	                   (59, 0.9999824221673949),
2026-07-06 11:32:40,448 | INFO | 	                   (60, 0.9999822532901059)],
2026-07-06 11:32:40,448 | INFO | 	 'ola_sigma_p10': [(1, 0.9999320040022541),
2026-07-06 11:32:40,448 | INFO | 	                   (2, 0.9999277536234407),
2026-07-06 11:32:40,448 | INFO | 	                   (3, 0.9999323377674146),
2026-07-06 11:32:40,448 | INFO | 	                   (4, 0.9999357028828396),
2026-07-06 11:32:40,448 | INFO | 	                   (5, 0.9999296369452578),
2026-07-06 11:32:40,448 | INFO | 	                   (6, 0.9999489382828595),
2026-07-06 11:32:40,448 | INFO | 	                   (7, 0.9999256897112049),
2026-07-06 11:32:40,448 | INFO | 	                   (8, 0.9999533627073528),
2026-07-06 11:32:40,448 | INFO | 	                   (9, 0.9999569245008866),
2026-07-06 11:32:40,448 | INFO | 	                   (10, 0.9999607623210295),
2026-07-06 11:32:40,448 | INFO | 	                   (11, 0.9999636681728564),
2026-07-06 11:32:40,448 | INFO | 	                   (12, 0.9999668987631106),
2026-07-06 11:32:40,448 | INFO | 	                   (13, 0.9999673414355682),
2026-07-06 11:32:40,448 | INFO | 	                   (14, 0.999968084247077),
2026-07-06 11:32:40,448 | INFO | 	                   (15, 0.9999688547312586),
2026-07-06 11:32:40,448 | INFO | 	                   (16, 0.9999608158334319),
2026-07-06 11:32:40,448 | INFO | 	                   (17, 0.9999509628199519),
2026-07-06 11:32:40,448 | INFO | 	                   (18, 0.9999665407329971),
2026-07-06 11:32:40,448 | INFO | 	                   (19, 0.9999656480640375),
2026-07-06 11:32:40,448 | INFO | 	                   (20, 0.9999698933822251),
2026-07-06 11:32:40,449 | INFO | 	                   (21, 0.9999695553432411),
2026-07-06 11:32:40,449 | INFO | 	                   (22, 0.9999715030234326),
2026-07-06 11:32:40,449 | INFO | 	                   (23, 0.9999709963253841),
2026-07-06 11:32:40,449 | INFO | 	                   (24, 0.9999720377675838),
2026-07-06 11:32:40,449 | INFO | 	                   (25, 0.9999722372455939),
2026-07-06 11:32:40,449 | INFO | 	                   (26, 0.9999733674455933),
2026-07-06 11:32:40,449 | INFO | 	                   (27, 0.9999724699797982),
2026-07-06 11:32:40,449 | INFO | 	                   (28, 0.9999711565286363),
2026-07-06 11:32:40,449 | INFO | 	                   (29, 0.9999710797618131),
2026-07-06 11:32:40,449 | INFO | 	                   (30, 0.9999758311521917),
2026-07-06 11:32:40,449 | INFO | 	                   (31, 0.9999766329358107),
2026-07-06 11:32:40,449 | INFO | 	                   (32, 0.9999768837136417),
2026-07-06 11:32:40,449 | INFO | 	                   (33, 0.9999772159319045),
2026-07-06 11:32:40,449 | INFO | 	                   (34, 0.9999740792904479),
2026-07-06 11:32:40,449 | INFO | 	                   (35, 0.9999744620236032),
2026-07-06 11:32:40,449 | INFO | 	                   (36, 0.999975818038467),
2026-07-06 11:32:40,449 | INFO | 	                   (37, 0.9999780155510849),
2026-07-06 11:32:40,449 | INFO | 	                   (38, 0.999978180645233),
2026-07-06 11:32:40,449 | INFO | 	                   (39, 0.999977721674592),
2026-07-06 11:32:40,449 | INFO | 	                   (40, 0.9999777204883559),
2026-07-06 11:32:40,449 | INFO | 	                   (41, 0.999978615033131),
2026-07-06 11:32:40,449 | INFO | 	                   (42, 0.9999789582279724),
2026-07-06 11:32:40,449 | INFO | 	                   (43, 0.9999781861840079),
2026-07-06 11:32:40,449 | INFO | 	                   (44, 0.9999787204536413),
2026-07-06 11:32:40,449 | INFO | 	                   (45, 0.9999796664250954),
2026-07-06 11:32:40,449 | INFO | 	                   (46, 0.9999801107900508),
2026-07-06 11:32:40,449 | INFO | 	                   (47, 0.9999784465340743),
2026-07-06 11:32:40,449 | INFO | 	                   (48, 0.9999803019668682),
2026-07-06 11:32:40,449 | INFO | 	                   (49, 0.9999810393581435),
2026-07-06 11:32:40,449 | INFO | 	                   (50, 0.9999812282277334),
2026-07-06 11:32:40,449 | INFO | 	                   (51, 0.9999806501971512),
2026-07-06 11:32:40,449 | INFO | 	                   (52, 0.9999807581111351),
2026-07-06 11:32:40,449 | INFO | 	                   (53, 0.9999815333670854),
2026-07-06 11:32:40,450 | INFO | 	                   (54, 0.9999819536723099),
2026-07-06 11:32:40,450 | INFO | 	                   (55, 0.9999818061222037),
2026-07-06 11:32:40,450 | INFO | 	                   (56, 0.9999812424743973),
2026-07-06 11:32:40,450 | INFO | 	                   (57, 0.9999823434330385),
2026-07-06 11:32:40,450 | INFO | 	                   (58, 0.9999824521611175),
2026-07-06 11:32:40,450 | INFO | 	                   (59, 0.9999826715527131),
2026-07-06 11:32:40,450 | INFO | 	                   (60, 0.9999827987199872)],
2026-07-06 11:32:40,450 | INFO | 	 'ola_sigma_p50': [(1, 0.9999651469198744),
2026-07-06 11:32:40,450 | INFO | 	                   (2, 0.9999662959201989),
2026-07-06 11:32:40,450 | INFO | 	                   (3, 0.9999499231398287),
2026-07-06 11:32:40,450 | INFO | 	                   (4, 0.9999562317224902),
2026-07-06 11:32:40,450 | INFO | 	                   (5, 0.999959452005598),
2026-07-06 11:32:40,450 | INFO | 	                   (6, 0.9999601888541823),
2026-07-06 11:32:40,450 | INFO | 	                   (7, 0.9999602649913997),
2026-07-06 11:32:40,450 | INFO | 	                   (8, 0.9999625587253705),
2026-07-06 11:32:40,450 | INFO | 	                   (9, 0.9999659867122458),
2026-07-06 11:32:40,450 | INFO | 	                   (10, 0.999967793908442),
2026-07-06 11:32:40,450 | INFO | 	                   (11, 0.9999696031726741),
2026-07-06 11:32:40,450 | INFO | 	                   (12, 0.9999699617985414),
2026-07-06 11:32:40,450 | INFO | 	                   (13, 0.9999714908963444),
2026-07-06 11:32:40,450 | INFO | 	                   (14, 0.9999719644888359),
2026-07-06 11:32:40,450 | INFO | 	                   (15, 0.9999722850507798),
2026-07-06 11:32:40,450 | INFO | 	                   (16, 0.9999731634113448),
2026-07-06 11:32:40,450 | INFO | 	                   (17, 0.999971973496593),
2026-07-06 11:32:40,450 | INFO | 	                   (18, 0.9999701677768957),
2026-07-06 11:32:40,450 | INFO | 	                   (19, 0.9999698132197469),
2026-07-06 11:32:40,450 | INFO | 	                   (20, 0.9999706704214536),
2026-07-06 11:32:40,450 | INFO | 	                   (21, 0.9999715172835671),
2026-07-06 11:32:40,450 | INFO | 	                   (22, 0.9999723830713415),
2026-07-06 11:32:40,450 | INFO | 	                   (23, 0.9999730828575152),
2026-07-06 11:32:40,450 | INFO | 	                   (24, 0.9999740078270734),
2026-07-06 11:32:40,450 | INFO | 	                   (25, 0.9999743202129258),
2026-07-06 11:32:40,451 | INFO | 	                   (26, 0.9999750798690573),
2026-07-06 11:32:40,451 | INFO | 	                   (27, 0.9999757927223356),
2026-07-06 11:32:40,451 | INFO | 	                   (28, 0.9999759078500219),
2026-07-06 11:32:40,451 | INFO | 	                   (29, 0.9999762064659538),
2026-07-06 11:32:40,451 | INFO | 	                   (30, 0.9999767524619532),
2026-07-06 11:32:40,451 | INFO | 	                   (31, 0.9999770173017246),
2026-07-06 11:32:40,451 | INFO | 	                   (32, 0.9999774159699418),
2026-07-06 11:32:40,451 | INFO | 	                   (33, 0.9999776638238242),
2026-07-06 11:32:40,451 | INFO | 	                   (34, 0.9999781953886706),
2026-07-06 11:32:40,451 | INFO | 	                   (35, 0.9999785270902466),
2026-07-06 11:32:40,451 | INFO | 	                   (36, 0.9999783115940079),
2026-07-06 11:32:40,451 | INFO | 	                   (37, 0.9999781814559312),
2026-07-06 11:32:40,451 | INFO | 	                   (38, 0.9999786006223597),
2026-07-06 11:32:40,451 | INFO | 	                   (39, 0.999978828557854),
2026-07-06 11:32:40,451 | INFO | 	                   (40, 0.9999790615219961),
2026-07-06 11:32:40,451 | INFO | 	                   (41, 0.999979154810264),
2026-07-06 11:32:40,451 | INFO | 	                   (42, 0.9999796634351995),
2026-07-06 11:32:40,451 | INFO | 	                   (43, 0.9999797104418694),
2026-07-06 11:32:40,451 | INFO | 	                   (44, 0.9999798865599191),
2026-07-06 11:32:40,451 | INFO | 	                   (45, 0.9999800491985456),
2026-07-06 11:32:40,451 | INFO | 	                   (46, 0.9999804018036232),
2026-07-06 11:32:40,451 | INFO | 	                   (47, 0.9999804604629806),
2026-07-06 11:32:40,451 | INFO | 	                   (48, 0.9999808695867557),
2026-07-06 11:32:40,451 | INFO | 	                   (49, 0.9999811608330773),
2026-07-06 11:32:40,451 | INFO | 	                   (50, 0.999981369110811),
2026-07-06 11:32:40,451 | INFO | 	                   (51, 0.9999815409258703),
2026-07-06 11:32:40,451 | INFO | 	                   (52, 0.9999817965710528),
2026-07-06 11:32:40,451 | INFO | 	                   (53, 0.9999818707146156),
2026-07-06 11:32:40,451 | INFO | 	                   (54, 0.999982166605379),
2026-07-06 11:32:40,451 | INFO | 	                   (55, 0.9999822863394378),
2026-07-06 11:32:40,451 | INFO | 	                   (56, 0.9999823860719418),
2026-07-06 11:32:40,451 | INFO | 	                   (57, 0.9999825616335956),
2026-07-06 11:32:40,451 | INFO | 	                   (58, 0.9999826750018993),
2026-07-06 11:32:40,451 | INFO | 	                   (59, 0.9999828719455554),
2026-07-06 11:32:40,451 | INFO | 	                   (60, 0.999983041811472)],
2026-07-06 11:32:40,451 | INFO | 	 'ola_sigma_p90': [(1, 0.9999823394984408),
2026-07-06 11:32:40,451 | INFO | 	                   (2, 0.9999784762464362),
2026-07-06 11:32:40,452 | INFO | 	                   (3, 0.9999725369715066),
2026-07-06 11:32:40,452 | INFO | 	                   (4, 0.9999629287568855),
2026-07-06 11:32:40,452 | INFO | 	                   (5, 0.9999649699674651),
2026-07-06 11:32:40,452 | INFO | 	                   (6, 0.9999649620913588),
2026-07-06 11:32:40,452 | INFO | 	                   (7, 0.999963677473219),
2026-07-06 11:32:40,452 | INFO | 	                   (8, 0.9999649278801551),
2026-07-06 11:32:40,452 | INFO | 	                   (9, 0.9999673160328734),
2026-07-06 11:32:40,452 | INFO | 	                   (10, 0.9999687073850861),
2026-07-06 11:32:40,452 | INFO | 	                   (11, 0.9999702435062455),
2026-07-06 11:32:40,452 | INFO | 	                   (12, 0.9999709178559892),
2026-07-06 11:32:40,452 | INFO | 	                   (13, 0.9999721784794086),
2026-07-06 11:32:40,452 | INFO | 	                   (14, 0.9999727173202736),
2026-07-06 11:32:40,452 | INFO | 	                   (15, 0.9999731073856728),
2026-07-06 11:32:40,452 | INFO | 	                   (16, 0.9999737619540775),
2026-07-06 11:32:40,452 | INFO | 	                   (17, 0.9999741140867457),
2026-07-06 11:32:40,452 | INFO | 	                   (18, 0.9999704831063753),
2026-07-06 11:32:40,452 | INFO | 	                   (19, 0.9999708730931763),
2026-07-06 11:32:40,452 | INFO | 	                   (20, 0.9999714131278913),
2026-07-06 11:32:40,452 | INFO | 	                   (21, 0.9999719752296198),
2026-07-06 11:32:40,452 | INFO | 	                   (22, 0.99997276820719),
2026-07-06 11:32:40,452 | INFO | 	                   (23, 0.9999734582215287),
2026-07-06 11:32:40,452 | INFO | 	                   (24, 0.9999741308118899),
2026-07-06 11:32:40,452 | INFO | 	                   (25, 0.9999746390810835),
2026-07-06 11:32:40,452 | INFO | 	                   (26, 0.9999753696408712),
2026-07-06 11:32:40,452 | INFO | 	                   (27, 0.9999759463443028),
2026-07-06 11:32:40,452 | INFO | 	                   (28, 0.9999764981427501),
2026-07-06 11:32:40,452 | INFO | 	                   (29, 0.9999764384120671),
2026-07-06 11:32:40,452 | INFO | 	                   (30, 0.999976845806095),
2026-07-06 11:32:40,452 | INFO | 	                   (31, 0.9999773093737377),
2026-07-06 11:32:40,452 | INFO | 	                   (32, 0.9999776906744371),
2026-07-06 11:32:40,452 | INFO | 	                   (33, 0.999977803794764),
2026-07-06 11:32:40,452 | INFO | 	                   (34, 0.9999783139464499),
2026-07-06 11:32:40,452 | INFO | 	                   (35, 0.9999786405312918),
2026-07-06 11:32:40,452 | INFO | 	                   (36, 0.9999788787574164),
2026-07-06 11:32:40,452 | INFO | 	                   (37, 0.9999782901780362),
2026-07-06 11:32:40,452 | INFO | 	                   (38, 0.9999787132710971),
2026-07-06 11:32:40,452 | INFO | 	                   (39, 0.9999790152262245),
2026-07-06 11:32:40,452 | INFO | 	                   (40, 0.9999792031342452),
2026-07-06 11:32:40,452 | INFO | 	                   (41, 0.9999795636329996),
2026-07-06 11:32:40,453 | INFO | 	                   (42, 0.9999798308601194),
2026-07-06 11:32:40,453 | INFO | 	                   (43, 0.9999801214518852),
2026-07-06 11:32:40,453 | INFO | 	                   (44, 0.9999800493633558),
2026-07-06 11:32:40,453 | INFO | 	                   (45, 0.9999801717868567),
2026-07-06 11:32:40,453 | INFO | 	                   (46, 0.9999804731826598),
2026-07-06 11:32:40,453 | INFO | 	                   (47, 0.9999807480026511),
2026-07-06 11:32:40,453 | INFO | 	                   (48, 0.9999809351016136),
2026-07-06 11:32:40,453 | INFO | 	                   (49, 0.9999812011607705),
2026-07-06 11:32:40,453 | INFO | 	                   (50, 0.999981456516627),
2026-07-06 11:32:40,453 | INFO | 	                   (51, 0.999981679810608),
2026-07-06 11:32:40,453 | INFO | 	                   (52, 0.9999818976740478),
2026-07-06 11:32:40,453 | INFO | 	                   (53, 0.9999820211304538),
2026-07-06 11:32:40,453 | INFO | 	                   (54, 0.9999822397225965),
2026-07-06 11:32:40,453 | INFO | 	                   (55, 0.9999824102736414),
2026-07-06 11:32:40,453 | INFO | 	                   (56, 0.9999825656230128),
2026-07-06 11:32:40,453 | INFO | 	                   (57, 0.9999826349599008),
2026-07-06 11:32:40,453 | INFO | 	                   (58, 0.9999827837925289),
2026-07-06 11:32:40,453 | INFO | 	                   (59, 0.999982920850531),
2026-07-06 11:32:40,453 | INFO | 	                   (60, 0.9999831015299729)],
2026-07-06 11:32:40,453 | INFO | 	 'ola_sigma_std': [(1, 4.315474053984062e-05),
2026-07-06 11:32:40,453 | INFO | 	                   (2, 2.036656777772728e-05),
2026-07-06 11:32:40,453 | INFO | 	                   (3, 1.7304313419601676e-05),
2026-07-06 11:32:40,453 | INFO | 	                   (4, 1.4723552455705555e-05),
2026-07-06 11:32:40,453 | INFO | 	                   (5, 3.2019804113840997e-05),
2026-07-06 11:32:40,453 | INFO | 	                   (6, 6.9596360599528205e-06),
2026-07-06 11:32:40,453 | INFO | 	                   (7, 1.7211099034697376e-05),
2026-07-06 11:32:40,453 | INFO | 	                   (8, 1.846222331714468e-05),
2026-07-06 11:32:40,453 | INFO | 	                   (9, 1.0038400176205315e-05),
2026-07-06 11:32:40,453 | INFO | 	                   (10, 7.335459652975762e-06),
2026-07-06 11:32:40,453 | INFO | 	                   (11, 3.4852129313439107e-06),
2026-07-06 11:32:40,453 | INFO | 	                   (12, 1.8358452434682722e-06),
2026-07-06 11:32:40,453 | INFO | 	                   (13, 2.3991528287801104e-06),
2026-07-06 11:32:40,453 | INFO | 	                   (14, 5.102190721760587e-06),
2026-07-06 11:32:40,453 | INFO | 	                   (15, 1.912272620681789e-06),
2026-07-06 11:32:40,453 | INFO | 	                   (16, 5.778240093903672e-06),
2026-07-06 11:32:40,453 | INFO | 	                   (17, 2.500308342649928e-05),
2026-07-06 11:32:40,453 | INFO | 	                   (18, 1.5728689889156513e-06),
2026-07-06 11:32:40,453 | INFO | 	                   (19, 4.626106041369183e-06),
2026-07-06 11:32:40,453 | INFO | 	                   (20, 6.663929615704373e-07),
2026-07-06 11:32:40,454 | INFO | 	                   (21, 1.8943200418187215e-06),
2026-07-06 11:32:40,454 | INFO | 	                   (22, 1.2879231847143652e-06),
2026-07-06 11:32:40,454 | INFO | 	                   (23, 1.3098985238242359e-06),
2026-07-06 11:32:40,454 | INFO | 	                   (24, 2.614701121648234e-05),
2026-07-06 11:32:40,454 | INFO | 	                   (25, 1.8091668707764434e-06),
2026-07-06 11:32:40,454 | INFO | 	                   (26, 1.579419112242463e-06),
2026-07-06 11:32:40,454 | INFO | 	                   (27, 2.3635107859501647e-06),
2026-07-06 11:32:40,454 | INFO | 	                   (28, 2.4170951985929784e-06),
2026-07-06 11:32:40,454 | INFO | 	                   (29, 2.144937693235405e-06),
2026-07-06 11:32:40,454 | INFO | 	                   (30, 9.499186280305928e-07),
2026-07-06 11:32:40,454 | INFO | 	                   (31, 3.99844790282175e-07),
2026-07-06 11:32:40,454 | INFO | 	                   (32, 3.866821995190629e-07),
2026-07-06 11:32:40,454 | INFO | 	                   (33, 2.63452444756139e-07),
2026-07-06 11:32:40,454 | INFO | 	                   (34, 1.938584923175465e-06),
2026-07-06 11:32:40,454 | INFO | 	                   (35, 6.185653786036138e-06),
2026-07-06 11:32:40,454 | INFO | 	                   (36, 1.6790750226247863e-06),
2026-07-06 11:32:40,454 | INFO | 	                   (37, 3.233528511999084e-07),
2026-07-06 11:32:40,454 | INFO | 	                   (38, 3.485884647269112e-07),
2026-07-06 11:32:40,454 | INFO | 	                   (39, 5.690455215995027e-07),
2026-07-06 11:32:40,454 | INFO | 	                   (40, 6.942507327250048e-07),
2026-07-06 11:32:40,454 | INFO | 	                   (41, 4.966898331804062e-07),
2026-07-06 11:32:40,454 | INFO | 	                   (42, 6.836103135756972e-07),
2026-07-06 11:32:40,454 | INFO | 	                   (43, 1.7256892126195507e-06),
2026-07-06 11:32:40,454 | INFO | 	                   (44, 5.326869390834947e-07),
2026-07-06 11:32:40,454 | INFO | 	                   (45, 2.2611920378948718e-07),
2026-07-06 11:32:40,454 | INFO | 	                   (46, 2.5385809286540164e-07),
2026-07-06 11:32:40,454 | INFO | 	                   (47, 5.490555169190992e-06),
2026-07-06 11:32:40,454 | INFO | 	                   (48, 1.7596772619615953e-06),
2026-07-06 11:32:40,454 | INFO | 	                   (49, 6.774642675330462e-08),
2026-07-06 11:32:40,454 | INFO | 	                   (50, 9.170280155947932e-08),
2026-07-06 11:32:40,454 | INFO | 	                   (51, 5.326653419298116e-07),
2026-07-06 11:32:40,454 | INFO | 	                   (52, 4.783550701991598e-07),
2026-07-06 11:32:40,454 | INFO | 	                   (53, 1.0535545978146559e-05),
2026-07-06 11:32:40,454 | INFO | 	                   (54, 1.1981105940104885e-05),
2026-07-06 11:32:40,454 | INFO | 	                   (55, 3.8193831699015316e-07),
2026-07-06 11:32:40,454 | INFO | 	                   (56, 7.56554900985347e-07),
2026-07-06 11:32:40,454 | INFO | 	                   (57, 2.501321600607675e-07),
2026-07-06 11:32:40,454 | INFO | 	                   (58, 1.6875009591051883e-07),
2026-07-06 11:32:40,454 | INFO | 	                   (59, 1.3444189227604024e-07),
2026-07-06 11:32:40,455 | INFO | 	                   (60, 2.1206868074681367e-07)],
2026-07-06 11:32:40,455 | INFO | 	 'ola_task_loss_max': [(1, 1.4290938019752502),
2026-07-06 11:32:40,455 | INFO | 	                       (2, 1.075764673948288),
2026-07-06 11:32:40,455 | INFO | 	                       (3, 1.2039456486701965),
2026-07-06 11:32:40,455 | INFO | 	                       (4, 0.7573562004064259),
2026-07-06 11:32:40,455 | INFO | 	                       (5, 0.8604623436927795),
2026-07-06 11:32:40,455 | INFO | 	                       (6, 0.8088624668166493),
2026-07-06 11:32:40,455 | INFO | 	                       (7, 0.46120648086071014),
2026-07-06 11:32:40,455 | INFO | 	                       (8, 0.5341700553893134),
2026-07-06 11:32:40,455 | INFO | 	                       (9, 0.4167874172329903),
2026-07-06 11:32:40,455 | INFO | 	                       (10, 0.3932575285434723),
2026-07-06 11:32:40,455 | INFO | 	                       (11, 0.575114232301712),
2026-07-06 11:32:40,455 | INFO | 	                       (12, 0.38799805343151095),
2026-07-06 11:32:40,455 | INFO | 	                       (13, 0.3836895741522312),
2026-07-06 11:32:40,455 | INFO | 	                       (14, 0.3599417209625244),
2026-07-06 11:32:40,455 | INFO | 	                       (15, 0.3040078282356262),
2026-07-06 11:32:40,455 | INFO | 	                       (16, 0.3047375537455082),
2026-07-06 11:32:40,455 | INFO | 	                       (17, 0.9761822700500489),
2026-07-06 11:32:40,455 | INFO | 	                       (18, 0.24631357342004775),
2026-07-06 11:32:40,455 | INFO | 	                       (19, 0.6629772438202053),
2026-07-06 11:32:40,455 | INFO | 	                       (20, 0.276828870177269),
2026-07-06 11:32:40,455 | INFO | 	                       (21, 0.2510386526905787),
2026-07-06 11:32:40,455 | INFO | 	                       (22, 0.306900205090642),
2026-07-06 11:32:40,455 | INFO | 	                       (23, 0.20972835067659618),
2026-07-06 11:32:40,455 | INFO | 	                       (24, 0.7503328323364258),
2026-07-06 11:32:40,455 | INFO | 	                       (25, 0.40705272406339643),
2026-07-06 11:32:40,455 | INFO | 	                       (26, 0.30025141388177873),
2026-07-06 11:32:40,455 | INFO | 	                       (27, 0.2758277260843897),
2026-07-06 11:32:40,455 | INFO | 	                       (28, 0.2515863716020249),
2026-07-06 11:32:40,455 | INFO | 	                       (29, 0.24373458756599575),
2026-07-06 11:32:40,455 | INFO | 	                       (30, 0.34939687699079514),
2026-07-06 11:32:40,455 | INFO | 	                       (31, 0.27734710249705646),
2026-07-06 11:32:40,455 | INFO | 	                       (32, 0.24600483030080794),
2026-07-06 11:32:40,455 | INFO | 	                       (33, 0.25141244381666183),
2026-07-06 11:32:40,455 | INFO | 	                       (34, 0.7027756481120984),
2026-07-06 11:32:40,455 | INFO | 	                       (35, 0.3679000768810511),
2026-07-06 11:32:40,455 | INFO | 	                       (36, 0.7457279190872654),
2026-07-06 11:32:40,455 | INFO | 	                       (37, 0.12895030023225773),
2026-07-06 11:32:40,456 | INFO | 	                       (38, 0.28471477040180715),
2026-07-06 11:32:40,456 | INFO | 	                       (39, 0.3696644276380539),
2026-07-06 11:32:40,456 | INFO | 	                       (40, 0.3475468873977661),
2026-07-06 11:32:40,456 | INFO | 	                       (41, 0.24639519304037094),
2026-07-06 11:32:40,456 | INFO | 	                       (42, 0.27354111075401305),
2026-07-06 11:32:40,456 | INFO | 	                       (43, 0.30919961957260966),
2026-07-06 11:32:40,456 | INFO | 	                       (44, 0.3748525086790323),
2026-07-06 11:32:40,456 | INFO | 	                       (45, 0.2237320475280285),
2026-07-06 11:32:40,456 | INFO | 	                       (46, 0.1827636905014515),
2026-07-06 11:32:40,456 | INFO | 	                       (47, 0.26561589241027833),
2026-07-06 11:32:40,456 | INFO | 	                       (48, 0.1800440888851881),
2026-07-06 11:32:40,456 | INFO | 	                       (49, 0.15248080404066458),
2026-07-06 11:32:40,456 | INFO | 	                       (50, 0.20579039305448532),
2026-07-06 11:32:40,456 | INFO | 	                       (51, 0.29919867813587187),
2026-07-06 11:32:40,456 | INFO | 	                       (52, 0.2369609072804451),
2026-07-06 11:32:40,456 | INFO | 	                       (53, 0.3650352478027344),
2026-07-06 11:32:40,456 | INFO | 	                       (54, 0.5116020202636719),
2026-07-06 11:32:40,456 | INFO | 	                       (55, 0.38747233084656973),
2026-07-06 11:32:40,456 | INFO | 	                       (56, 0.2082490123808384),
2026-07-06 11:32:40,456 | INFO | 	                       (57, 0.2542188290506601),
2026-07-06 11:32:40,456 | INFO | 	                       (58, 0.18981642564930068),
2026-07-06 11:32:40,456 | INFO | 	                       (59, 0.2143586292862892),
2026-07-06 11:32:40,456 | INFO | 	                       (60, 0.36699563163671306)],
2026-07-06 11:32:40,456 | INFO | 	 'ola_task_loss_mean': [(1, 0.7596054414110793),
2026-07-06 11:32:40,456 | INFO | 	                        (2, 0.6530646678963988),
2026-07-06 11:32:40,456 | INFO | 	                        (3, 0.7070915323190785),
2026-07-06 11:32:40,456 | INFO | 	                        (4, 0.39399200906544896),
2026-07-06 11:32:40,456 | INFO | 	                        (5, 0.4206330432944158),
2026-07-06 11:32:40,456 | INFO | 	                        (6, 0.3829716544190669),
2026-07-06 11:32:40,456 | INFO | 	                        (7, 0.2724177964455477),
2026-07-06 11:32:40,456 | INFO | 	                        (8, 0.29466274933156583),
2026-07-06 11:32:40,456 | INFO | 	                        (9, 0.19310258467037167),
2026-07-06 11:32:40,456 | INFO | 	                        (10, 0.22664481148186916),
2026-07-06 11:32:40,456 | INFO | 	                        (11, 0.1673760128613461),
2026-07-06 11:32:40,456 | INFO | 	                        (12, 0.19162110374485955),
2026-07-06 11:32:40,456 | INFO | 	                        (13, 0.19599848360675096),
2026-07-06 11:32:40,456 | INFO | 	                        (14, 0.16801580094640226),
2026-07-06 11:32:40,456 | INFO | 	                        (15, 0.13777080514115447),
2026-07-06 11:32:40,456 | INFO | 	                        (16, 0.15421784084098353),
2026-07-06 11:32:40,457 | INFO | 	                        (17, 0.32056622359970366),
2026-07-06 11:32:40,457 | INFO | 	                        (18, 0.1303899924620265),
2026-07-06 11:32:40,457 | INFO | 	                        (19, 0.2777583524287273),
2026-07-06 11:32:40,457 | INFO | 	                        (20, 0.15728545427085058),
2026-07-06 11:32:40,457 | INFO | 	                        (21, 0.10057307320795321),
2026-07-06 11:32:40,457 | INFO | 	                        (22, 0.11929781875603146),
2026-07-06 11:32:40,457 | INFO | 	                        (23, 0.08666288773175508),
2026-07-06 11:32:40,457 | INFO | 	                        (24, 0.12723818048665522),
2026-07-06 11:32:40,457 | INFO | 	                        (25, 0.14966268184484818),
2026-07-06 11:32:40,457 | INFO | 	                        (26, 0.11127344678630137),
2026-07-06 11:32:40,457 | INFO | 	                        (27, 0.10142902120807733),
2026-07-06 11:32:40,457 | INFO | 	                        (28, 0.1071346414733784),
2026-07-06 11:32:40,457 | INFO | 	                        (29, 0.1313249155931261),
2026-07-06 11:32:40,457 | INFO | 	                        (30, 0.11254705118685289),
2026-07-06 11:32:40,457 | INFO | 	                        (31, 0.1148637513448406),
2026-07-06 11:32:40,457 | INFO | 	                        (32, 0.10407314428592034),
2026-07-06 11:32:40,457 | INFO | 	                        (33, 0.12574182896454883),
2026-07-06 11:32:40,457 | INFO | 	                        (34, 0.16147612341311082),
2026-07-06 11:32:40,457 | INFO | 	                        (35, 0.11788384816107995),
2026-07-06 11:32:40,457 | INFO | 	                        (36, 0.18533695796709948),
2026-07-06 11:32:40,457 | INFO | 	                        (37, 0.07519190301916485),
2026-07-06 11:32:40,457 | INFO | 	                        (38, 0.12748955771120773),
2026-07-06 11:32:40,457 | INFO | 	                        (39, 0.12913230673133566),
2026-07-06 11:32:40,457 | INFO | 	                        (40, 0.11145794482077435),
2026-07-06 11:32:40,457 | INFO | 	                        (41, 0.11442827049340729),
2026-07-06 11:32:40,457 | INFO | 	                        (42, 0.10701351981301362),
2026-07-06 11:32:40,457 | INFO | 	                        (43, 0.14487546372772703),
2026-07-06 11:32:40,457 | INFO | 	                        (44, 0.12175209179791899),
2026-07-06 11:32:40,457 | INFO | 	                        (45, 0.08996919974383805),
2026-07-06 11:32:40,457 | INFO | 	                        (46, 0.06963408055333857),
2026-07-06 11:32:40,457 | INFO | 	                        (47, 0.0989829690447454),
2026-07-06 11:32:40,457 | INFO | 	                        (48, 0.08959076908607885),
2026-07-06 11:32:40,457 | INFO | 	                        (49, 0.0736940411045382),
2026-07-06 11:32:40,457 | INFO | 	                        (50, 0.10037675283478914),
2026-07-06 11:32:40,457 | INFO | 	                        (51, 0.12757280033695623),
2026-07-06 11:32:40,457 | INFO | 	                        (52, 0.10192897071469689),
2026-07-06 11:32:40,457 | INFO | 	                        (53, 0.08807332727980312),
2026-07-06 11:32:40,457 | INFO | 	                        (54, 0.11858490265196292),
2026-07-06 11:32:40,458 | INFO | 	                        (55, 0.11950856979925507),
2026-07-06 11:32:40,458 | INFO | 	                        (56, 0.08673362106361006),
2026-07-06 11:32:40,458 | INFO | 	                        (57, 0.0976419179366456),
2026-07-06 11:32:40,458 | INFO | 	                        (58, 0.08629081977690532),
2026-07-06 11:32:40,458 | INFO | 	                        (59, 0.07596256281029261),
2026-07-06 11:32:40,458 | INFO | 	                        (60, 0.09693262315523944)],
2026-07-06 11:32:40,458 | INFO | 	 'ola_task_loss_min': [(1, 0.19229123392474023),
2026-07-06 11:32:40,458 | INFO | 	                       (2, 0.32339781309877125),
2026-07-06 11:32:40,458 | INFO | 	                       (3, 0.18329275846481324),
2026-07-06 11:32:40,458 | INFO | 	                       (4, 0.09976098220795393),
2026-07-06 11:32:40,458 | INFO | 	                       (5, 0.16728984639048577),
2026-07-06 11:32:40,458 | INFO | 	                       (6, 0.1522011861205101),
2026-07-06 11:32:40,458 | INFO | 	                       (7, 0.04798208003194304),
2026-07-06 11:32:40,458 | INFO | 	                       (8, 0.0768030577339232),
2026-07-06 11:32:40,458 | INFO | 	                       (9, 0.051733245979994534),
2026-07-06 11:32:40,458 | INFO | 	                       (10, 0.05708593889992713),
2026-07-06 11:32:40,458 | INFO | 	                       (11, 0.002599428920075297),
2026-07-06 11:32:40,458 | INFO | 	                       (12, 0.03623614889656892),
2026-07-06 11:32:40,458 | INFO | 	                       (13, 0.08570265620946885),
2026-07-06 11:32:40,458 | INFO | 	                       (14, 0.035879453923553226),
2026-07-06 11:32:40,458 | INFO | 	                       (15, 0.02874264099472572),
2026-07-06 11:32:40,458 | INFO | 	                       (16, 0.012461927067488433),
2026-07-06 11:32:40,458 | INFO | 	                       (17, 0.04430894795805216),
2026-07-06 11:32:40,458 | INFO | 	                       (18, 0.018994497135281563),
2026-07-06 11:32:40,458 | INFO | 	                       (19, 0.09969901870936156),
2026-07-06 11:32:40,458 | INFO | 	                       (20, 0.053103528130775145),
2026-07-06 11:32:40,458 | INFO | 	                       (21, 0.016734387166798113),
2026-07-06 11:32:40,458 | INFO | 	                       (22, 0.001293372199870646),
2026-07-06 11:32:40,458 | INFO | 	                       (23, 0.006276061059907079),
2026-07-06 11:32:40,458 | INFO | 	                       (24, 0.007537926221266389),
2026-07-06 11:32:40,458 | INFO | 	                       (25, 0.0306379722575736),
2026-07-06 11:32:40,458 | INFO | 	                       (26, 0.0048554052598774435),
2026-07-06 11:32:40,458 | INFO | 	                       (27, 0.006585459411144257),
2026-07-06 11:32:40,458 | INFO | 	                       (28, 0.026885946094989777),
2026-07-06 11:32:40,458 | INFO | 	                       (29, 0.031549925170838836),
2026-07-06 11:32:40,458 | INFO | 	                       (30, 0.0009258632664568723),
2026-07-06 11:32:40,458 | INFO | 	                       (31, 0.02897456386126578),
2026-07-06 11:32:40,458 | INFO | 	                       (32, 0.012856176402419806),
2026-07-06 11:32:40,458 | INFO | 	                       (33, 0.014835616759955882),
2026-07-06 11:32:40,459 | INFO | 	                       (34, 0.016403446052388648),
2026-07-06 11:32:40,459 | INFO | 	                       (35, 2.2530301794176922e-05),
2026-07-06 11:32:40,459 | INFO | 	                       (36, 0.003498302958905697),
2026-07-06 11:32:40,459 | INFO | 	                       (37, 0.0006111648748628795),
2026-07-06 11:32:40,459 | INFO | 	                       (38, 0.0003139479085803032),
2026-07-06 11:32:40,459 | INFO | 	                       (39, 0.020261047780513762),
2026-07-06 11:32:40,459 | INFO | 	                       (40, 0.026300009365067566),
2026-07-06 11:32:40,459 | INFO | 	                       (41, 0.035238252847921106),
2026-07-06 11:32:40,459 | INFO | 	                       (42, 0.009327581431716681),
2026-07-06 11:32:40,459 | INFO | 	                       (43, 0.0002641327737364918),
2026-07-06 11:32:40,459 | INFO | 	                       (44, 0.02237318716943264),
2026-07-06 11:32:40,459 | INFO | 	                       (45, 0.008950200211256743),
2026-07-06 11:32:40,459 | INFO | 	                       (46, 0.01328228209167719),
2026-07-06 11:32:40,459 | INFO | 	                       (47, 0.0015532715711742639),
2026-07-06 11:32:40,459 | INFO | 	                       (48, 0.006933117471635342),
2026-07-06 11:32:40,459 | INFO | 	                       (49, 0.01395963914692402),
2026-07-06 11:32:40,459 | INFO | 	                       (50, 0.0077651084400713445),
2026-07-06 11:32:40,459 | INFO | 	                       (51, 0.008757876977324486),
2026-07-06 11:32:40,459 | INFO | 	                       (52, 0.010309830959886312),
2026-07-06 11:32:40,459 | INFO | 	                       (53, 0.029762458347249776),
2026-07-06 11:32:40,459 | INFO | 	                       (54, 0.0025674808537587525),
2026-07-06 11:32:40,459 | INFO | 	                       (55, 0.015302836033515631),
2026-07-06 11:32:40,459 | INFO | 	                       (56, 0.015996417868882416),
2026-07-06 11:32:40,459 | INFO | 	                       (57, 0.0061711421702057125),
2026-07-06 11:32:40,459 | INFO | 	                       (58, 0.016308350022882223),
2026-07-06 11:32:40,459 | INFO | 	                       (59, 0.015337938812933102),
2026-07-06 11:32:40,459 | INFO | 	                       (60, 0.017834451422095297)],
2026-07-06 11:32:40,459 | INFO | 	 'ola_task_loss_p10': [(1, 0.47821641985051055),
2026-07-06 11:32:40,459 | INFO | 	                       (2, 0.3761905158447922),
2026-07-06 11:32:40,459 | INFO | 	                       (3, 0.2570792044368777),
2026-07-06 11:32:40,459 | INFO | 	                       (4, 0.13279503879023763),
2026-07-06 11:32:40,459 | INFO | 	                       (5, 0.19184713550062493),
2026-07-06 11:32:40,459 | INFO | 	                       (6, 0.19834664344787598),
2026-07-06 11:32:40,459 | INFO | 	                       (7, 0.08281579985823666),
2026-07-06 11:32:40,459 | INFO | 	                       (8, 0.09224881649017334),
2026-07-06 11:32:40,459 | INFO | 	                       (9, 0.07195856586098671),
2026-07-06 11:32:40,459 | INFO | 	                       (10, 0.10256673306226731),
2026-07-06 11:32:40,459 | INFO | 	                       (11, 0.04493945587950479),
2026-07-06 11:32:40,460 | INFO | 	                       (12, 0.11565019324421882),
2026-07-06 11:32:40,460 | INFO | 	                       (13, 0.09686768994818097),
2026-07-06 11:32:40,460 | INFO | 	                       (14, 0.07776437096297742),
2026-07-06 11:32:40,460 | INFO | 	                       (15, 0.04049533669945606),
2026-07-06 11:32:40,460 | INFO | 	                       (16, 0.029232338629662995),
2026-07-06 11:32:40,460 | INFO | 	                       (17, 0.11154388142476132),
2026-07-06 11:32:40,460 | INFO | 	                       (18, 0.04603706519395181),
2026-07-06 11:32:40,460 | INFO | 	                       (19, 0.11931130324973878),
2026-07-06 11:32:40,460 | INFO | 	                       (20, 0.0666570677987554),
2026-07-06 11:32:40,460 | INFO | 	                       (21, 0.02527142228325829),
2026-07-06 11:32:40,460 | INFO | 	                       (22, 0.038042688649147754),
2026-07-06 11:32:40,460 | INFO | 	                       (23, 0.028860092843690562),
2026-07-06 11:32:40,460 | INFO | 	                       (24, 0.038039247617125516),
2026-07-06 11:32:40,460 | INFO | 	                       (25, 0.042629873001933445),
2026-07-06 11:32:40,460 | INFO | 	                       (26, 0.03179118108004332),
2026-07-06 11:32:40,460 | INFO | 	                       (27, 0.015668075773864983),
2026-07-06 11:32:40,460 | INFO | 	                       (28, 0.038706066124141215),
2026-07-06 11:32:40,460 | INFO | 	                       (29, 0.04544980215080333),
2026-07-06 11:32:40,460 | INFO | 	                       (30, 0.026156340427696708),
2026-07-06 11:32:40,460 | INFO | 	                       (31, 0.047531121820211415),
2026-07-06 11:32:40,460 | INFO | 	                       (32, 0.016838575741276146),
2026-07-06 11:32:40,460 | INFO | 	                       (33, 0.0411597357457363),
2026-07-06 11:32:40,460 | INFO | 	                       (34, 0.05243776587379533),
2026-07-06 11:32:40,460 | INFO | 	                       (35, 0.01747886644676328),
2026-07-06 11:32:40,460 | INFO | 	                       (36, 0.028546165535226473),
2026-07-06 11:32:40,460 | INFO | 	                       (37, 0.01652710603227197),
2026-07-06 11:32:40,460 | INFO | 	                       (38, 0.04854361366480589),
2026-07-06 11:32:40,460 | INFO | 	                       (39, 0.04630208364965824),
2026-07-06 11:32:40,460 | INFO | 	                       (40, 0.032519152034074066),
2026-07-06 11:32:40,460 | INFO | 	                       (41, 0.039558928538737215),
2026-07-06 11:32:40,460 | INFO | 	                       (42, 0.020725949198240418),
2026-07-06 11:32:40,460 | INFO | 	                       (43, 0.027443334162235263),
2026-07-06 11:32:40,460 | INFO | 	                       (44, 0.034034672355919615),
2026-07-06 11:32:40,460 | INFO | 	                       (45, 0.02464798076906138),
2026-07-06 11:32:40,460 | INFO | 	                       (46, 0.014385541286319496),
2026-07-06 11:32:40,460 | INFO | 	                       (47, 0.026636301003762682),
2026-07-06 11:32:40,460 | INFO | 	                       (48, 0.044019784374531044),
2026-07-06 11:32:40,460 | INFO | 	                       (49, 0.03227568491990489),
2026-07-06 11:32:40,460 | INFO | 	                       (50, 0.03772751152515411),
2026-07-06 11:32:40,461 | INFO | 	                       (51, 0.04930483592674136),
2026-07-06 11:32:40,461 | INFO | 	                       (52, 0.02395751882495558),
2026-07-06 11:32:40,461 | INFO | 	                       (53, 0.030243470448942187),
2026-07-06 11:32:40,461 | INFO | 	                       (54, 0.029962613611138084),
2026-07-06 11:32:40,461 | INFO | 	                       (55, 0.031112248280218673),
2026-07-06 11:32:40,461 | INFO | 	                       (56, 0.020437219250015917),
2026-07-06 11:32:40,461 | INFO | 	                       (57, 0.013527613235637545),
2026-07-06 11:32:40,461 | INFO | 	                       (58, 0.03058368007871086),
2026-07-06 11:32:40,461 | INFO | 	                       (59, 0.0266394819231146),
2026-07-06 11:32:40,461 | INFO | 	                       (60, 0.03552031623199582)],
2026-07-06 11:32:40,461 | INFO | 	 'ola_task_loss_p50': [(1, 0.6503348398660903),
2026-07-06 11:32:40,461 | INFO | 	                       (2, 0.7047356709837913),
2026-07-06 11:32:40,461 | INFO | 	                       (3, 0.6725085507325939),
2026-07-06 11:32:40,461 | INFO | 	                       (4, 0.42540628686547277),
2026-07-06 11:32:40,461 | INFO | 	                       (5, 0.35407272841323884),
2026-07-06 11:32:40,461 | INFO | 	                       (6, 0.33684482648968694),
2026-07-06 11:32:40,461 | INFO | 	                       (7, 0.27974118861497616),
2026-07-06 11:32:40,461 | INFO | 	                       (8, 0.3070977732539177),
2026-07-06 11:32:40,461 | INFO | 	                       (9, 0.18761767596006393),
2026-07-06 11:32:40,461 | INFO | 	                       (10, 0.23341626077890396),
2026-07-06 11:32:40,461 | INFO | 	                       (11, 0.1456833854317665),
2026-07-06 11:32:40,461 | INFO | 	                       (12, 0.17375728599727153),
2026-07-06 11:32:40,461 | INFO | 	                       (13, 0.19218225851655008),
2026-07-06 11:32:40,461 | INFO | 	                       (14, 0.157610357691025),
2026-07-06 11:32:40,461 | INFO | 	                       (15, 0.1375693424604833),
2026-07-06 11:32:40,461 | INFO | 	                       (16, 0.17920278739184142),
2026-07-06 11:32:40,461 | INFO | 	                       (17, 0.18660787716507912),
2026-07-06 11:32:40,461 | INFO | 	                       (18, 0.13954505324363708),
2026-07-06 11:32:40,461 | INFO | 	                       (19, 0.23127411007881166),
2026-07-06 11:32:40,461 | INFO | 	                       (20, 0.14712876901030542),
2026-07-06 11:32:40,461 | INFO | 	                       (21, 0.09429006576538086),
2026-07-06 11:32:40,461 | INFO | 	                       (22, 0.12071945425122976),
2026-07-06 11:32:40,461 | INFO | 	                       (23, 0.0849130749473261),
2026-07-06 11:32:40,461 | INFO | 	                       (24, 0.08020334053681129),
2026-07-06 11:32:40,461 | INFO | 	                       (25, 0.1351446948921174),
2026-07-06 11:32:40,461 | INFO | 	                       (26, 0.10298562422394753),
2026-07-06 11:32:40,461 | INFO | 	                       (27, 0.09731711894273758),
2026-07-06 11:32:40,461 | INFO | 	                       (28, 0.09011919423937798),
2026-07-06 11:32:40,462 | INFO | 	                       (29, 0.13501946479082108),
2026-07-06 11:32:40,462 | INFO | 	                       (30, 0.099357772548133),
2026-07-06 11:32:40,462 | INFO | 	                       (31, 0.0949180924547346),
2026-07-06 11:32:40,462 | INFO | 	                       (32, 0.09378529083967209),
2026-07-06 11:32:40,462 | INFO | 	                       (33, 0.13168251812458037),
2026-07-06 11:32:40,462 | INFO | 	                       (34, 0.13083870542289197),
2026-07-06 11:32:40,462 | INFO | 	                       (35, 0.09290452455835684),
2026-07-06 11:32:40,462 | INFO | 	                       (36, 0.15689765288843774),
2026-07-06 11:32:40,462 | INFO | 	                       (37, 0.06801753558814526),
2026-07-06 11:32:40,462 | INFO | 	                       (38, 0.10448607876896858),
2026-07-06 11:32:40,462 | INFO | 	                       (39, 0.10175396192935296),
2026-07-06 11:32:40,462 | INFO | 	                       (40, 0.07733404383487333),
2026-07-06 11:32:40,462 | INFO | 	                       (41, 0.10246111776010798),
2026-07-06 11:32:40,462 | INFO | 	                       (42, 0.07076884283065796),
2026-07-06 11:32:40,462 | INFO | 	                       (43, 0.12482710042853415),
2026-07-06 11:32:40,462 | INFO | 	                       (44, 0.1008717179298401),
2026-07-06 11:32:40,462 | INFO | 	                       (45, 0.08458127230405807),
2026-07-06 11:32:40,462 | INFO | 	                       (46, 0.054553773845687055),
2026-07-06 11:32:40,462 | INFO | 	                       (47, 0.08454359691386344),
2026-07-06 11:32:40,462 | INFO | 	                       (48, 0.08404961042106152),
2026-07-06 11:32:40,462 | INFO | 	                       (49, 0.06391427181661129),
2026-07-06 11:32:40,462 | INFO | 	                       (50, 0.08375756755526283),
2026-07-06 11:32:40,462 | INFO | 	                       (51, 0.10322770306288644),
2026-07-06 11:32:40,462 | INFO | 	                       (52, 0.0930431725626642),
2026-07-06 11:32:40,462 | INFO | 	                       (53, 0.06355038716768226),
2026-07-06 11:32:40,462 | INFO | 	                       (54, 0.09631845787957763),
2026-07-06 11:32:40,462 | INFO | 	                       (55, 0.11670748801792369),
2026-07-06 11:32:40,462 | INFO | 	                       (56, 0.08841257406387887),
2026-07-06 11:32:40,462 | INFO | 	                       (57, 0.08500738441944122),
2026-07-06 11:32:40,462 | INFO | 	                       (58, 0.07363481856882573),
2026-07-06 11:32:40,462 | INFO | 	                       (59, 0.059243711084127425),
2026-07-06 11:32:40,462 | INFO | 	                       (60, 0.0714956670999527)],
2026-07-06 11:32:40,462 | INFO | 	 'ola_task_loss_p90': [(1, 1.2860616517066954),
2026-07-06 11:32:40,462 | INFO | 	                       (2, 0.942809681892395),
2026-07-06 11:32:40,462 | INFO | 	                       (3, 1.0828178115720333),
2026-07-06 11:32:40,462 | INFO | 	                       (4, 0.6289053988456725),
2026-07-06 11:32:40,462 | INFO | 	                       (5, 0.7540995991230011),
2026-07-06 11:32:40,462 | INFO | 	                       (6, 0.6366127300262451),
2026-07-06 11:32:40,462 | INFO | 	                       (7, 0.4204101890325546),
2026-07-06 11:32:40,463 | INFO | 	                       (8, 0.4557114239141844),
2026-07-06 11:32:40,463 | INFO | 	                       (9, 0.32891802072525017),
2026-07-06 11:32:40,463 | INFO | 	                       (10, 0.3656833815574646),
2026-07-06 11:32:40,463 | INFO | 	                       (11, 0.2952099957023688),
2026-07-06 11:32:40,463 | INFO | 	                       (12, 0.32159743236860405),
2026-07-06 11:32:40,463 | INFO | 	                       (13, 0.3018772125244141),
2026-07-06 11:32:40,463 | INFO | 	                       (14, 0.31550381906235997),
2026-07-06 11:32:40,463 | INFO | 	                       (15, 0.2752083075046539),
2026-07-06 11:32:40,463 | INFO | 	                       (16, 0.23217712342739105),
2026-07-06 11:32:40,463 | INFO | 	                       (17, 0.7013767856386395),
2026-07-06 11:32:40,463 | INFO | 	                       (18, 0.24270553916692733),
2026-07-06 11:32:40,463 | INFO | 	                       (19, 0.4999813232819239),
2026-07-06 11:32:40,463 | INFO | 	                       (20, 0.24854827302832938),
2026-07-06 11:32:40,463 | INFO | 	                       (21, 0.2028218680702407),
2026-07-06 11:32:40,463 | INFO | 	                       (22, 0.19305197413016228),
2026-07-06 11:32:40,463 | INFO | 	                       (23, 0.13930860631460068),
2026-07-06 11:32:40,463 | INFO | 	                       (24, 0.1399928930319975),
2026-07-06 11:32:40,463 | INFO | 	                       (25, 0.3044544208049774),
2026-07-06 11:32:40,463 | INFO | 	                       (26, 0.2173189223696546),
2026-07-06 11:32:40,463 | INFO | 	                       (27, 0.23480605393648146),
2026-07-06 11:32:40,463 | INFO | 	                       (28, 0.1939148063212633),
2026-07-06 11:32:40,463 | INFO | 	                       (29, 0.21245123303686236),
2026-07-06 11:32:40,463 | INFO | 	                       (30, 0.2194728153944015),
2026-07-06 11:32:40,463 | INFO | 	                       (31, 0.2232674804329872),
2026-07-06 11:32:40,463 | INFO | 	                       (32, 0.21106892557306722),
2026-07-06 11:32:40,463 | INFO | 	                       (33, 0.21342541813850402),
2026-07-06 11:32:40,463 | INFO | 	                       (34, 0.2630396264791488),
2026-07-06 11:32:40,463 | INFO | 	                       (35, 0.23975138068199156),
2026-07-06 11:32:40,463 | INFO | 	                       (36, 0.28892564941197635),
2026-07-06 11:32:40,463 | INFO | 	                       (37, 0.12328338466584683),
2026-07-06 11:32:40,463 | INFO | 	                       (38, 0.22610707306586492),
2026-07-06 11:32:40,463 | INFO | 	                       (39, 0.2579135276322011),
2026-07-06 11:32:40,463 | INFO | 	                       (40, 0.23899836878474917),
2026-07-06 11:32:40,463 | INFO | 	                       (41, 0.21498810619115827),
2026-07-06 11:32:40,463 | INFO | 	                       (42, 0.22610316619277),
2026-07-06 11:32:40,463 | INFO | 	                       (43, 0.2892539536952972),
2026-07-06 11:32:40,463 | INFO | 	                       (44, 0.1773780246590966),
2026-07-06 11:32:40,463 | INFO | 	                       (45, 0.15251061791970216),
2026-07-06 11:32:40,464 | INFO | 	                       (46, 0.14393590435942755),
2026-07-06 11:32:40,464 | INFO | 	                       (47, 0.22991805553436276),
2026-07-06 11:32:40,464 | INFO | 	                       (48, 0.15439627352371948),
2026-07-06 11:32:40,464 | INFO | 	                       (49, 0.1447320754585242),
2026-07-06 11:32:40,464 | INFO | 	                       (50, 0.18656193234888058),
2026-07-06 11:32:40,464 | INFO | 	                       (51, 0.2432520532980561),
2026-07-06 11:32:40,464 | INFO | 	                       (52, 0.16949901232082917),
2026-07-06 11:32:40,464 | INFO | 	                       (53, 0.1203298666900394),
2026-07-06 11:32:40,464 | INFO | 	                       (54, 0.14472880989313125),
2026-07-06 11:32:40,464 | INFO | 	                       (55, 0.18143450831755611),
2026-07-06 11:32:40,464 | INFO | 	                       (56, 0.19016524819449407),
2026-07-06 11:32:40,464 | INFO | 	                       (57, 0.1900473401711901),
2026-07-06 11:32:40,464 | INFO | 	                       (58, 0.1521754315295835),
2026-07-06 11:32:40,464 | INFO | 	                       (59, 0.13632380301153266),
2026-07-06 11:32:40,464 | INFO | 	                       (60, 0.15555963918566704)],
2026-07-06 11:32:40,464 | INFO | 	 'ola_task_loss_std': [(1, 0.339486538971902),
2026-07-06 11:32:40,464 | INFO | 	                       (2, 0.227423028537613),
2026-07-06 11:32:40,464 | INFO | 	                       (3, 0.343759769306088),
2026-07-06 11:32:40,464 | INFO | 	                       (4, 0.19943485077815962),
2026-07-06 11:32:40,464 | INFO | 	                       (5, 0.21512082492221976),
2026-07-06 11:32:40,464 | INFO | 	                       (6, 0.17682270729386712),
2026-07-06 11:32:40,464 | INFO | 	                       (7, 0.12611983428809112),
2026-07-06 11:32:40,464 | INFO | 	                       (8, 0.144348491108648),
2026-07-06 11:32:40,464 | INFO | 	                       (9, 0.1020646587738633),
2026-07-06 11:32:40,464 | INFO | 	                       (10, 0.10379812092388138),
2026-07-06 11:32:40,464 | INFO | 	                       (11, 0.13698479486775325),
2026-07-06 11:32:40,464 | INFO | 	                       (12, 0.09286626690219904),
2026-07-06 11:32:40,464 | INFO | 	                       (13, 0.08479133334149073),
2026-07-06 11:32:40,464 | INFO | 	                       (14, 0.09474346950348901),
2026-07-06 11:32:40,464 | INFO | 	                       (15, 0.08860210313500635),
2026-07-06 11:32:40,464 | INFO | 	                       (16, 0.08023836779335933),
2026-07-06 11:32:40,464 | INFO | 	                       (17, 0.27086752259509184),
2026-07-06 11:32:40,464 | INFO | 	                       (18, 0.08039294893303524),
2026-07-06 11:32:40,464 | INFO | 	                       (19, 0.1599134706280066),
2026-07-06 11:32:40,464 | INFO | 	                       (20, 0.07232385699781298),
2026-07-06 11:32:40,464 | INFO | 	                       (21, 0.06947724820240662),
2026-07-06 11:32:40,464 | INFO | 	                       (22, 0.07345311746617993),
2026-07-06 11:32:40,464 | INFO | 	                       (23, 0.05108081991892177),
2026-07-06 11:32:40,464 | INFO | 	                       (24, 0.1713143363620254),
2026-07-06 11:32:40,465 | INFO | 	                       (25, 0.10678738500481769),
2026-07-06 11:32:40,465 | INFO | 	                       (26, 0.0791743602194138),
2026-07-06 11:32:40,465 | INFO | 	                       (27, 0.08160192063240372),
2026-07-06 11:32:40,465 | INFO | 	                       (28, 0.06480001161618612),
2026-07-06 11:32:40,465 | INFO | 	                       (29, 0.06458411773144222),
2026-07-06 11:32:40,465 | INFO | 	                       (30, 0.09014442894047825),
2026-07-06 11:32:40,465 | INFO | 	                       (31, 0.07255841864785045),
2026-07-06 11:32:40,465 | INFO | 	                       (32, 0.07813344111583587),
2026-07-06 11:32:40,465 | INFO | 	                       (33, 0.06741541930569771),
2026-07-06 11:32:40,465 | INFO | 	                       (34, 0.16068026924253032),
2026-07-06 11:32:40,465 | INFO | 	                       (35, 0.0976787640252319),
2026-07-06 11:32:40,465 | INFO | 	                       (36, 0.17397609068129435),
2026-07-06 11:32:40,465 | INFO | 	                       (37, 0.04044271366871083),
2026-07-06 11:32:40,465 | INFO | 	                       (38, 0.07339721095410547),
2026-07-06 11:32:40,465 | INFO | 	                       (39, 0.09362284083004725),
2026-07-06 11:32:40,465 | INFO | 	                       (40, 0.09154687888421464),
2026-07-06 11:32:40,465 | INFO | 	                       (41, 0.06420294295126037),
2026-07-06 11:32:40,465 | INFO | 	                       (42, 0.08458668924005411),
2026-07-06 11:32:40,465 | INFO | 	                       (43, 0.10203902656232465),
2026-07-06 11:32:40,465 | INFO | 	                       (44, 0.08644128788995138),
2026-07-06 11:32:40,465 | INFO | 	                       (45, 0.05765815812212185),
2026-07-06 11:32:40,465 | INFO | 	                       (46, 0.05208487650212046),
2026-07-06 11:32:40,465 | INFO | 	                       (47, 0.07932826056773969),
2026-07-06 11:32:40,465 | INFO | 	                       (48, 0.047934674979078676),
2026-07-06 11:32:40,465 | INFO | 	                       (49, 0.041683174296401546),
2026-07-06 11:32:40,465 | INFO | 	                       (50, 0.058202499216686805),
2026-07-06 11:32:40,465 | INFO | 	                       (51, 0.07994267191457002),
2026-07-06 11:32:40,465 | INFO | 	                       (52, 0.06224821645952718),
2026-07-06 11:32:40,465 | INFO | 	                       (53, 0.08038762102529025),
2026-07-06 11:32:40,465 | INFO | 	                       (54, 0.11390331028721),
2026-07-06 11:32:40,465 | INFO | 	                       (55, 0.08832140231390766),
2026-07-06 11:32:40,465 | INFO | 	                       (56, 0.06654456958521378),
2026-07-06 11:32:40,465 | INFO | 	                       (57, 0.07281078649503832),
2026-07-06 11:32:40,465 | INFO | 	                       (58, 0.05129394427417684),
2026-07-06 11:32:40,465 | INFO | 	                       (59, 0.05202181965345686),
2026-07-06 11:32:40,465 | INFO | 	                       (60, 0.08279255169303036)],
2026-07-06 11:32:40,465 | INFO | 	 'posterior_product_mu_norm': [(1, 6.834015312782062),
2026-07-06 11:32:40,465 | INFO | 	                               (2, 6.902481737605978),
2026-07-06 11:32:40,465 | INFO | 	                               (3, 6.908920108739018),
2026-07-06 11:32:40,466 | INFO | 	                               (4, 6.991614045121521),
2026-07-06 11:32:40,466 | INFO | 	                               (5, 7.022088397947964),
2026-07-06 11:32:40,466 | INFO | 	                               (6, 7.067668504016223),
2026-07-06 11:32:40,466 | INFO | 	                               (7, 7.108546420376882),
2026-07-06 11:32:40,466 | INFO | 	                               (8, 7.156528937605278),
2026-07-06 11:32:40,466 | INFO | 	                               (9, 7.181481861307029),
2026-07-06 11:32:40,466 | INFO | 	                               (10, 7.211059993958108),
2026-07-06 11:32:40,466 | INFO | 	                               (11, 7.2592800523025796),
2026-07-06 11:32:40,466 | INFO | 	                               (12, 7.281354409372513),
2026-07-06 11:32:40,466 | INFO | 	                               (13, 7.297898356042983),
2026-07-06 11:32:40,466 | INFO | 	                               (14, 7.311841745430336),
2026-07-06 11:32:40,466 | INFO | 	                               (15, 7.321432347157106),
2026-07-06 11:32:40,466 | INFO | 	                               (16, 7.351373181445865),
2026-07-06 11:32:40,466 | INFO | 	                               (17, 7.356837063995055),
2026-07-06 11:32:40,466 | INFO | 	                               (18, 7.368555477284793),
2026-07-06 11:32:40,466 | INFO | 	                               (19, 7.395711641895251),
2026-07-06 11:32:40,466 | INFO | 	                               (20, 7.413319907198912),
2026-07-06 11:32:40,466 | INFO | 	                               (21, 7.466877688722244),
2026-07-06 11:32:40,466 | INFO | 	                               (22, 7.475879377335132),
2026-07-06 11:32:40,466 | INFO | 	                               (23, 7.484936964200787),
2026-07-06 11:32:40,466 | INFO | 	                               (24, 7.5042268101494445),
2026-07-06 11:32:40,466 | INFO | 	                               (25, 7.515384423637733),
2026-07-06 11:32:40,466 | INFO | 	                               (26, 7.533259997266201),
2026-07-06 11:32:40,466 | INFO | 	                               (27, 7.546289562550898),
2026-07-06 11:32:40,466 | INFO | 	                               (28, 7.571010162439594),
2026-07-06 11:32:40,466 | INFO | 	                               (29, 7.605990729451394),
2026-07-06 11:32:40,466 | INFO | 	                               (30, 7.622435998538301),
2026-07-06 11:32:40,466 | INFO | 	                               (31, 7.636691341189246),
2026-07-06 11:32:40,466 | INFO | 	                               (32, 7.6494637388402085),
2026-07-06 11:32:40,466 | INFO | 	                               (33, 7.6673521623272105),
2026-07-06 11:32:40,466 | INFO | 	                               (34, 7.694144590647865),
2026-07-06 11:32:40,466 | INFO | 	                               (35, 7.706788095061425),
2026-07-06 11:32:40,466 | INFO | 	                               (36, 7.71967592619919),
2026-07-06 11:32:40,466 | INFO | 	                               (37, 7.7311284510392495),
2026-07-06 11:32:40,466 | INFO | 	                               (38, 7.75029175411552),
2026-07-06 11:32:40,466 | INFO | 	                               (39, 7.760000079645145),
2026-07-06 11:32:40,466 | INFO | 	                               (40, 7.767925746566019),
2026-07-06 11:32:40,466 | INFO | 	                               (41, 7.775909285065349),
2026-07-06 11:32:40,467 | INFO | 	                               (42, 7.788837329086822),
2026-07-06 11:32:40,467 | INFO | 	                               (43, 7.803708852994394),
2026-07-06 11:32:40,467 | INFO | 	                               (44, 7.821448934275491),
2026-07-06 11:32:40,467 | INFO | 	                               (45, 7.84371970073605),
2026-07-06 11:32:40,467 | INFO | 	                               (46, 7.85519836379485),
2026-07-06 11:32:40,467 | INFO | 	                               (47, 7.862230670382779),
2026-07-06 11:32:40,467 | INFO | 	                               (48, 7.869750668780236),
2026-07-06 11:32:40,467 | INFO | 	                               (49, 7.884650483913744),
2026-07-06 11:32:40,467 | INFO | 	                               (50, 7.899310794674563),
2026-07-06 11:32:40,467 | INFO | 	                               (51, 7.9078619727633965),
2026-07-06 11:32:40,467 | INFO | 	                               (52, 7.917858751288846),
2026-07-06 11:32:40,467 | INFO | 	                               (53, 7.927137835269418),
2026-07-06 11:32:40,467 | INFO | 	                               (54, 7.938736084128068),
2026-07-06 11:32:40,467 | INFO | 	                               (55, 7.957237635946466),
2026-07-06 11:32:40,467 | INFO | 	                               (56, 7.96723768165995),
2026-07-06 11:32:40,467 | INFO | 	                               (57, 7.983762128439617),
2026-07-06 11:32:40,467 | INFO | 	                               (58, 7.9890017192973675),
2026-07-06 11:32:40,467 | INFO | 	                               (59, 7.996534705337182),
2026-07-06 11:32:40,467 | INFO | 	                               (60, 8.002822702386329)],
2026-07-06 11:32:40,467 | INFO | 	 'posterior_product_precision_mean': [(1, 1.0000406503677368),
2026-07-06 11:32:40,467 | INFO | 	                                      (2, 1.0000495910644531),
2026-07-06 11:32:40,467 | INFO | 	                                      (3, 1.0000879764556885),
2026-07-06 11:32:40,467 | INFO | 	                                      (4, 1.0000782012939453),
2026-07-06 11:32:40,467 | INFO | 	                                      (5, 1.0000792741775513),
2026-07-06 11:32:40,467 | INFO | 	                                      (6, 1.0000758171081543),
2026-07-06 11:32:40,467 | INFO | 	                                      (7, 1.0000745058059692),
2026-07-06 11:32:40,467 | INFO | 	                                      (8, 1.000072717666626),
2026-07-06 11:32:40,467 | INFO | 	                                      (9, 1.000068187713623),
2026-07-06 11:32:40,467 | INFO | 	                                      (10, 1.0000646114349365),
2026-07-06 11:32:40,467 | INFO | 	                                      (11, 1.0000622272491455),
2026-07-06 11:32:40,467 | INFO | 	                                      (12, 1.0000593662261963),
2026-07-06 11:32:40,467 | INFO | 	                                      (13, 1.0000572204589844),
2026-07-06 11:32:40,467 | INFO | 	                                      (14, 1.0000574588775635),
2026-07-06 11:32:40,467 | INFO | 	                                      (15, 1.0000559091567993),
2026-07-06 11:32:40,467 | INFO | 	                                      (16, 1.0000540018081665),
2026-07-06 11:32:40,467 | INFO | 	                                      (17, 1.000062346458435),
2026-07-06 11:32:40,467 | INFO | 	                                      (18, 1.000060796737671),
2026-07-06 11:32:40,467 | INFO | 	                                      (19, 1.0000598430633545),
2026-07-06 11:32:40,468 | INFO | 	                                      (20, 1.0000587701797485),
2026-07-06 11:32:40,468 | INFO | 	                                      (21, 1.0000568628311157),
2026-07-06 11:32:40,468 | INFO | 	                                      (22, 1.0000554323196411),
2026-07-06 11:32:40,468 | INFO | 	                                      (23, 1.000053882598877),
2026-07-06 11:32:40,468 | INFO | 	                                      (24, 1.0000523328781128),
2026-07-06 11:32:40,468 | INFO | 	                                      (25, 1.0000512599945068),
2026-07-06 11:32:40,468 | INFO | 	                                      (26, 1.0000499486923218),
2026-07-06 11:32:40,468 | INFO | 	                                      (27, 1.0000486373901367),
2026-07-06 11:32:40,468 | INFO | 	                                      (28, 1.0000483989715576),
2026-07-06 11:32:40,468 | INFO | 	                                      (29, 1.0000479221343994),
2026-07-06 11:32:40,468 | INFO | 	                                      (30, 1.0000468492507935),
2026-07-06 11:32:40,468 | INFO | 	                                      (31, 1.000045895576477),
2026-07-06 11:32:40,468 | INFO | 	                                      (32, 1.000045657157898),
2026-07-06 11:32:40,468 | INFO | 	                                      (33, 1.0000447034835815),
2026-07-06 11:32:40,468 | INFO | 	                                      (34, 1.0000438690185547),
2026-07-06 11:32:40,468 | INFO | 	                                      (35, 1.0000433921813965),
2026-07-06 11:32:40,468 | INFO | 	                                      (36, 1.000044584274292),
2026-07-06 11:32:40,468 | INFO | 	                                      (37, 1.0000437498092651),
2026-07-06 11:32:40,468 | INFO | 	                                      (38, 1.0000430345535278),
2026-07-06 11:32:40,468 | INFO | 	                                      (39, 1.0000423192977905),
2026-07-06 11:32:40,468 | INFO | 	                                      (40, 1.0000418424606323),
2026-07-06 11:32:40,468 | INFO | 	                                      (41, 1.0000413656234741),
2026-07-06 11:32:40,468 | INFO | 	                                      (42, 1.0000406503677368),
2026-07-06 11:32:40,468 | INFO | 	                                      (43, 1.0000406503677368),
2026-07-06 11:32:40,468 | INFO | 	                                      (44, 1.0000404119491577),
2026-07-06 11:32:40,468 | INFO | 	                                      (45, 1.0000399351119995),
2026-07-06 11:32:40,468 | INFO | 	                                      (46, 1.0000393390655518),
2026-07-06 11:32:40,468 | INFO | 	                                      (47, 1.000038743019104),
2026-07-06 11:32:40,468 | INFO | 	                                      (48, 1.0000383853912354),
2026-07-06 11:32:40,468 | INFO | 	                                      (49, 1.0000377893447876),
2026-07-06 11:32:40,468 | INFO | 	                                      (50, 1.0000373125076294),
2026-07-06 11:32:40,468 | INFO | 	                                      (51, 1.0000367164611816),
2026-07-06 11:32:40,468 | INFO | 	                                      (52, 1.000036597251892),
2026-07-06 11:32:40,468 | INFO | 	                                      (53, 1.0000362396240234),
2026-07-06 11:32:40,468 | INFO | 	                                      (54, 1.0000356435775757),
2026-07-06 11:32:40,468 | INFO | 	                                      (55, 1.000035285949707),
2026-07-06 11:32:40,468 | INFO | 	                                      (56, 1.0000351667404175),
2026-07-06 11:32:40,469 | INFO | 	                                      (57, 1.0000349283218384),
2026-07-06 11:32:40,469 | INFO | 	                                      (58, 1.0000348091125488),
2026-07-06 11:32:40,469 | INFO | 	                                      (59, 1.0000343322753906),
2026-07-06 11:32:40,469 | INFO | 	                                      (60, 1.000033974647522)],
2026-07-06 11:32:40,469 | INFO | 	 'posterior_product_precision_std': [(1, 0.00023960160615388304),
2026-07-06 11:32:40,469 | INFO | 	                                     (2, 0.00030781919485889375),
2026-07-06 11:32:40,469 | INFO | 	                                     (3, 0.0007010043482296169),
2026-07-06 11:32:40,469 | INFO | 	                                     (4, 0.0005728009855374694),
2026-07-06 11:32:40,469 | INFO | 	                                     (5, 0.0005650920793414116),
2026-07-06 11:32:40,469 | INFO | 	                                     (6, 0.000525837647728622),
2026-07-06 11:32:40,469 | INFO | 	                                     (7, 0.0005120678106322885),
2026-07-06 11:32:40,469 | INFO | 	                                     (8, 0.0004955942858941853),
2026-07-06 11:32:40,469 | INFO | 	                                     (9, 0.00046167036634869874),
2026-07-06 11:32:40,469 | INFO | 	                                     (10, 0.000436512753367424),
2026-07-06 11:32:40,469 | INFO | 	                                     (11, 0.0004156704235356301),
2026-07-06 11:32:40,469 | INFO | 	                                     (12, 0.00039303777157329023),
2026-07-06 11:32:40,469 | INFO | 	                                     (13, 0.00037882235483266413),
2026-07-06 11:32:40,469 | INFO | 	                                     (14, 0.0003846829349640757),
2026-07-06 11:32:40,469 | INFO | 	                                     (15, 0.00037431158125400543),
2026-07-06 11:32:40,469 | INFO | 	                                     (16, 0.0003618606715463102),
2026-07-06 11:32:40,469 | INFO | 	                                     (17, 0.00039063513395376503),
2026-07-06 11:32:40,469 | INFO | 	                                     (18, 0.0003834777162410319),
2026-07-06 11:32:40,469 | INFO | 	                                     (19, 0.000377583404770121),
2026-07-06 11:32:40,469 | INFO | 	                                     (20, 0.0003714191261678934),
2026-07-06 11:32:40,469 | INFO | 	                                     (21, 0.0003597352188080549),
2026-07-06 11:32:40,469 | INFO | 	                                     (22, 0.00034969038097187877),
2026-07-06 11:32:40,469 | INFO | 	                                     (23, 0.000340665370458737),
2026-07-06 11:32:40,469 | INFO | 	                                     (24, 0.00032840881613083184),
2026-07-06 11:32:40,469 | INFO | 	                                     (25, 0.00032169546466320753),
2026-07-06 11:32:40,469 | INFO | 	                                     (26, 0.0003124701324850321),
2026-07-06 11:32:40,469 | INFO | 	                                     (27, 0.0003038294962607324),
2026-07-06 11:32:40,469 | INFO | 	                                     (28, 0.00030437688110396266),
2026-07-06 11:32:40,469 | INFO | 	                                     (29, 0.0003009091014973819),
2026-07-06 11:32:40,469 | INFO | 	                                     (30, 0.0002943266008514911),
2026-07-06 11:32:40,469 | INFO | 	                                     (31, 0.00028845560154877603),
2026-07-06 11:32:40,469 | INFO | 	                                     (32, 0.0002850295859389007),
2026-07-06 11:32:40,469 | INFO | 	                                     (33, 0.00027827193844132125),
2026-07-06 11:32:40,469 | INFO | 	                                     (34, 0.00027296924963593483),
2026-07-06 11:32:40,470 | INFO | 	                                     (35, 0.00026990647893399),
2026-07-06 11:32:40,470 | INFO | 	                                     (36, 0.00027564456104300916),
2026-07-06 11:32:40,470 | INFO | 	                                     (37, 0.00026951308245770633),
2026-07-06 11:32:40,470 | INFO | 	                                     (38, 0.00026526371948421),
2026-07-06 11:32:40,470 | INFO | 	                                     (39, 0.0002625887864269316),
2026-07-06 11:32:40,470 | INFO | 	                                     (40, 0.00025791526422835886),
2026-07-06 11:32:40,470 | INFO | 	                                     (41, 0.00025458072195760906),
2026-07-06 11:32:40,470 | INFO | 	                                     (42, 0.000251142424531281),
2026-07-06 11:32:40,470 | INFO | 	                                     (43, 0.0002509725745767355),
2026-07-06 11:32:40,470 | INFO | 	                                     (44, 0.0002498411340638995),
2026-07-06 11:32:40,470 | INFO | 	                                     (45, 0.0002460062096361071),
2026-07-06 11:32:40,470 | INFO | 	                                     (46, 0.00024162526824511588),
2026-07-06 11:32:40,470 | INFO | 	                                     (47, 0.00023878994397819042),
2026-07-06 11:32:40,470 | INFO | 	                                     (48, 0.00023498617520090193),
2026-07-06 11:32:40,470 | INFO | 	                                     (49, 0.00023137345851864666),
2026-07-06 11:32:40,470 | INFO | 	                                     (50, 0.00022799294674769044),
2026-07-06 11:32:40,470 | INFO | 	                                     (51, 0.000225535812205635),
2026-07-06 11:32:40,470 | INFO | 	                                     (52, 0.0002238707384094596),
2026-07-06 11:32:40,470 | INFO | 	                                     (53, 0.0002206906647188589),
2026-07-06 11:32:40,470 | INFO | 	                                     (54, 0.00021747341088484973),
2026-07-06 11:32:40,470 | INFO | 	                                     (55, 0.00021554689737968147),
2026-07-06 11:32:40,470 | INFO | 	                                     (56, 0.00021442952856887132),
2026-07-06 11:32:40,470 | INFO | 	                                     (57, 0.00021212345745880157),
2026-07-06 11:32:40,470 | INFO | 	                                     (58, 0.00021107352222315967),
2026-07-06 11:32:40,470 | INFO | 	                                     (59, 0.0002082516875816509),
2026-07-06 11:32:40,470 | INFO | 	                                     (60, 0.00020654549007304013)],
2026-07-06 11:32:40,470 | INFO | 	 'posterior_product_sigma_mean': [(1, 0.9999797344207764),
2026-07-06 11:32:40,470 | INFO | 	                                  (2, 0.9999752640724182),
2026-07-06 11:32:40,470 | INFO | 	                                  (3, 0.9999563097953796),
2026-07-06 11:32:40,470 | INFO | 	                                  (4, 0.9999608993530273),
2026-07-06 11:32:40,470 | INFO | 	                                  (5, 0.9999604821205139),
2026-07-06 11:32:40,470 | INFO | 	                                  (6, 0.9999620914459229),
2026-07-06 11:32:40,470 | INFO | 	                                  (7, 0.9999628663063049),
2026-07-06 11:32:40,470 | INFO | 	                                  (8, 0.9999637603759766),
2026-07-06 11:32:40,470 | INFO | 	                                  (9, 0.9999659657478333),
2026-07-06 11:32:40,470 | INFO | 	                                  (10, 0.9999677538871765),
2026-07-06 11:32:40,470 | INFO | 	                                  (11, 0.9999688863754272),
2026-07-06 11:32:40,470 | INFO | 	                                  (12, 0.9999703764915466),
2026-07-06 11:32:40,470 | INFO | 	                                  (13, 0.9999715089797974),
2026-07-06 11:32:40,470 | INFO | 	                                  (14, 0.9999714493751526),
2026-07-06 11:32:40,471 | INFO | 	                                  (15, 0.9999721050262451),
2026-07-06 11:32:40,471 | INFO | 	                                  (16, 0.9999729990959167),
2026-07-06 11:32:40,471 | INFO | 	                                  (17, 0.9999688267707825),
2026-07-06 11:32:40,471 | INFO | 	                                  (18, 0.9999696612358093),
2026-07-06 11:32:40,471 | INFO | 	                                  (19, 0.9999701380729675),
2026-07-06 11:32:40,471 | INFO | 	                                  (20, 0.9999706745147705),
2026-07-06 11:32:40,471 | INFO | 	                                  (21, 0.9999716877937317),
2026-07-06 11:32:40,471 | INFO | 	                                  (22, 0.9999723434448242),
2026-07-06 11:32:40,471 | INFO | 	                                  (23, 0.9999732375144958),
2026-07-06 11:32:40,471 | INFO | 	                                  (24, 0.9999739527702332),
2026-07-06 11:32:40,471 | INFO | 	                                  (25, 0.9999744296073914),
2026-07-06 11:32:40,471 | INFO | 	                                  (26, 0.9999751448631287),
2026-07-06 11:32:40,471 | INFO | 	                                  (27, 0.9999757409095764),
2026-07-06 11:32:40,471 | INFO | 	                                  (28, 0.9999758005142212),
2026-07-06 11:32:40,471 | INFO | 	                                  (29, 0.9999759793281555),
2026-07-06 11:32:40,471 | INFO | 	                                  (30, 0.999976634979248),
2026-07-06 11:32:40,471 | INFO | 	                                  (31, 0.9999770522117615),
2026-07-06 11:32:40,471 | INFO | 	                                  (32, 0.999977171421051),
2026-07-06 11:32:40,471 | INFO | 	                                  (33, 0.9999776482582092),
2026-07-06 11:32:40,471 | INFO | 	                                  (34, 0.9999781250953674),
2026-07-06 11:32:40,471 | INFO | 	                                  (35, 0.9999784231185913),
2026-07-06 11:32:40,471 | INFO | 	                                  (36, 0.9999776482582092),
2026-07-06 11:32:40,471 | INFO | 	                                  (37, 0.9999781847000122),
2026-07-06 11:32:40,471 | INFO | 	                                  (38, 0.9999786019325256),
2026-07-06 11:32:40,471 | INFO | 	                                  (39, 0.9999788403511047),
2026-07-06 11:32:40,471 | INFO | 	                                  (40, 0.9999790191650391),
2026-07-06 11:32:40,471 | INFO | 	                                  (41, 0.9999793767929077),
2026-07-06 11:32:40,471 | INFO | 	                                  (42, 0.9999797344207764),
2026-07-06 11:32:40,471 | INFO | 	                                  (43, 0.9999797344207764),
2026-07-06 11:32:40,471 | INFO | 	                                  (44, 0.9999797344207764),
2026-07-06 11:32:40,471 | INFO | 	                                  (45, 0.9999800324440002),
2026-07-06 11:32:40,471 | INFO | 	                                  (46, 0.9999803304672241),
2026-07-06 11:32:40,471 | INFO | 	                                  (47, 0.9999805688858032),
2026-07-06 11:32:40,471 | INFO | 	                                  (48, 0.9999809861183167),
2026-07-06 11:32:40,471 | INFO | 	                                  (49, 0.9999811053276062),
2026-07-06 11:32:40,471 | INFO | 	                                  (50, 0.9999813437461853),
2026-07-06 11:32:40,471 | INFO | 	                                  (51, 0.9999815821647644),
2026-07-06 11:32:40,471 | INFO | 	                                  (52, 0.999981701374054),
2026-07-06 11:32:40,471 | INFO | 	                                  (53, 0.9999819397926331),
2026-07-06 11:32:40,471 | INFO | 	                                  (54, 0.9999821782112122),
2026-07-06 11:32:40,472 | INFO | 	                                  (55, 0.9999823570251465),
2026-07-06 11:32:40,472 | INFO | 	                                  (56, 0.9999823570251465),
2026-07-06 11:32:40,472 | INFO | 	                                  (57, 0.999982476234436),
2026-07-06 11:32:40,472 | INFO | 	                                  (58, 0.9999825954437256),
2026-07-06 11:32:40,472 | INFO | 	                                  (59, 0.9999828934669495),
2026-07-06 11:32:40,472 | INFO | 	                                  (60, 0.9999829530715942)],
2026-07-06 11:32:40,472 | INFO | 	 'prior_loss_max': [(1, 2.828412557728707e-06),
2026-07-06 11:32:40,472 | INFO | 	                    (2, 3.0596583055090117e-06),
2026-07-06 11:32:40,472 | INFO | 	                    (3, 3.4504426348280318e-06),
2026-07-06 11:32:40,472 | INFO | 	                    (4, 3.0310077277539792e-06),
2026-07-06 11:32:40,472 | INFO | 	                    (5, 6.826635944889858e-06),
2026-07-06 11:32:40,472 | INFO | 	                    (6, 1.7054139842900375e-06),
2026-07-06 11:32:40,472 | INFO | 	                    (7, 4.1643397707957774e-06),
2026-07-06 11:32:40,472 | INFO | 	                    (8, 6.3968036556616426e-06),
2026-07-06 11:32:40,472 | INFO | 	                    (9, 3.7572385735984426e-06),
2026-07-06 11:32:40,472 | INFO | 	                    (10, 3.0809641430096234e-06),
2026-07-06 11:32:40,472 | INFO | 	                    (11, 2.054199943764943e-06),
2026-07-06 11:32:40,472 | INFO | 	                    (12, 8.600234423283837e-07),
2026-07-06 11:32:40,472 | INFO | 	                    (13, 1.1121253010060172e-06),
2026-07-06 11:32:40,472 | INFO | 	                    (14, 3.0512045213981765e-06),
2026-07-06 11:32:40,472 | INFO | 	                    (15, 1.0957920148073408e-06),
2026-07-06 11:32:40,472 | INFO | 	                    (16, 2.8571451366588006e-06),
2026-07-06 11:32:40,472 | INFO | 	                    (17, 1.7484382624388672e-05),
2026-07-06 11:32:40,472 | INFO | 	                    (18, 1.5058490814165012e-06),
2026-07-06 11:32:40,472 | INFO | 	                    (19, 1.7648912034928798e-06),
2026-07-06 11:32:40,472 | INFO | 	                    (20, 1.1168765257893254e-06),
2026-07-06 11:32:40,472 | INFO | 	                    (21, 1.617109592189081e-06),
2026-07-06 11:32:40,472 | INFO | 	                    (22, 1.0733537237683776e-06),
2026-07-06 11:32:40,472 | INFO | 	                    (23, 1.1209392368982663e-06),
2026-07-06 11:32:40,472 | INFO | 	                    (24, 2.5540946808177978e-05),
2026-07-06 11:32:40,472 | INFO | 	                    (25, 1.7566622773301789e-06),
2026-07-06 11:32:40,472 | INFO | 	                    (26, 1.6648271412122995e-06),
2026-07-06 11:32:40,472 | INFO | 	                    (27, 2.408444061074988e-06),
2026-07-06 11:32:40,472 | INFO | 	                    (28, 2.331807991140522e-06),
2026-07-06 11:32:40,472 | INFO | 	                    (29, 1.9145524220220977e-06),
2026-07-06 11:32:40,472 | INFO | 	                    (30, 9.844901114774984e-07),
2026-07-06 11:32:40,472 | INFO | 	                    (31, 8.651719221286813e-07),
2026-07-06 11:32:40,472 | INFO | 	                    (32, 1.369841294439812e-06),
2026-07-06 11:32:40,472 | INFO | 	                    (33, 8.820181331462404e-07),
2026-07-06 11:32:40,472 | INFO | 	                    (34, 2.074751228064997e-06),
2026-07-06 11:32:40,473 | INFO | 	                    (35, 8.698345845914446e-06),
2026-07-06 11:32:40,473 | INFO | 	                    (36, 2.2996066663285037e-06),
2026-07-06 11:32:40,473 | INFO | 	                    (37, 6.287325225975613e-07),
2026-07-06 11:32:40,473 | INFO | 	                    (38, 6.973356000682356e-07),
2026-07-06 11:32:40,473 | INFO | 	                    (39, 8.222103871120949e-07),
2026-07-06 11:32:40,473 | INFO | 	                    (40, 9.3582480076293e-07),
2026-07-06 11:32:40,473 | INFO | 	                    (41, 7.419915050377312e-07),
2026-07-06 11:32:40,473 | INFO | 	                    (42, 1.0012461416408768e-06),
2026-07-06 11:32:40,473 | INFO | 	                    (43, 1.4949778005757254e-06),
2026-07-06 11:32:40,473 | INFO | 	                    (44, 7.756913672814872e-07),
2026-07-06 11:32:40,473 | INFO | 	                    (45, 6.561963988338084e-07),
2026-07-06 11:32:40,473 | INFO | 	                    (46, 1.1758015950459543e-06),
2026-07-06 11:32:40,473 | INFO | 	                    (47, 1.057939498423366e-05),
2026-07-06 11:32:40,473 | INFO | 	                    (48, 3.4590974792081396e-06),
2026-07-06 11:32:40,473 | INFO | 	                    (49, 9.037662060667538e-07),
2026-07-06 11:32:40,473 | INFO | 	                    (50, 3.5209764964368636e-07),
2026-07-06 11:32:40,473 | INFO | 	                    (51, 6.691754038001818e-07),
2026-07-06 11:32:40,473 | INFO | 	                    (52, 1.0035182906774155e-06),
2026-07-06 11:32:40,473 | INFO | 	                    (53, 2.260429901070893e-05),
2026-07-06 11:32:40,473 | INFO | 	                    (54, 2.6139272813452406e-05),
2026-07-06 11:32:40,473 | INFO | 	                    (55, 1.2184318575925841e-06),
2026-07-06 11:32:40,473 | INFO | 	                    (56, 1.600073710505967e-06),
2026-07-06 11:32:40,473 | INFO | 	                    (57, 6.888132214034607e-07),
2026-07-06 11:32:40,473 | INFO | 	                    (58, 1.276080274841114e-06),
2026-07-06 11:32:40,473 | INFO | 	                    (59, 5.956344713742806e-07),
2026-07-06 11:32:40,473 | INFO | 	                    (60, 6.978864268541491e-07)],
2026-07-06 11:32:40,473 | INFO | 	 'prior_loss_mean': [(1, 1.3932287386564782e-06),
2026-07-06 11:32:40,473 | INFO | 	                     (2, 1.2338564555249794e-06),
2026-07-06 11:32:40,473 | INFO | 	                     (3, 1.6930727100704296e-06),
2026-07-06 11:32:40,473 | INFO | 	                     (4, 1.0009919167657698e-06),
2026-07-06 11:32:40,473 | INFO | 	                     (5, 1.3787685704031582e-06),
2026-07-06 11:32:40,473 | INFO | 	                     (6, 7.736515920458558e-07),
2026-07-06 11:32:40,473 | INFO | 	                     (7, 1.2896983438059037e-06),
2026-07-06 11:32:40,473 | INFO | 	                     (8, 1.0532624909231465e-06),
2026-07-06 11:32:40,473 | INFO | 	                     (9, 6.745187316886145e-07),
2026-07-06 11:32:40,473 | INFO | 	                     (10, 6.283121985225844e-07),
2026-07-06 11:32:40,473 | INFO | 	                     (11, 4.904803682015553e-07),
2026-07-06 11:32:40,473 | INFO | 	                     (12, 3.9528320549021413e-07),
2026-07-06 11:32:40,473 | INFO | 	                     (13, 3.881510868792008e-07),
2026-07-06 11:32:40,473 | INFO | 	                     (14, 5.98352771960159e-07),
2026-07-06 11:32:40,473 | INFO | 	                     (15, 3.8559009975289486e-07),
2026-07-06 11:32:40,474 | INFO | 	                     (16, 6.595905017734879e-07),
2026-07-06 11:32:40,474 | INFO | 	                     (17, 2.1086268503891136e-06),
2026-07-06 11:32:40,474 | INFO | 	                     (18, 3.723090079662608e-07),
2026-07-06 11:32:40,474 | INFO | 	                     (19, 6.285939553902986e-07),
2026-07-06 11:32:40,474 | INFO | 	                     (20, 3.705366041522585e-07),
2026-07-06 11:32:40,474 | INFO | 	                     (21, 4.0502757954871395e-07),
2026-07-06 11:32:40,474 | INFO | 	                     (22, 2.534536767046891e-07),
2026-07-06 11:32:40,474 | INFO | 	                     (23, 3.1598193784764174e-07),
2026-07-06 11:32:40,474 | INFO | 	                     (24, 2.0014757201000158e-06),
2026-07-06 11:32:40,474 | INFO | 	                     (25, 5.240825791708801e-07),
2026-07-06 11:32:40,474 | INFO | 	                     (26, 3.068527721315824e-07),
2026-07-06 11:32:40,474 | INFO | 	                     (27, 4.18038329853187e-07),
2026-07-06 11:32:40,474 | INFO | 	                     (28, 6.231114279016208e-07),
2026-07-06 11:32:40,474 | INFO | 	                     (29, 6.318438035330611e-07),
2026-07-06 11:32:40,474 | INFO | 	                     (30, 2.7628429269521737e-07),
2026-07-06 11:32:40,474 | INFO | 	                     (31, 2.8936874312561376e-07),
2026-07-06 11:32:40,474 | INFO | 	                     (32, 3.8637666963823243e-07),
2026-07-06 11:32:40,474 | INFO | 	                     (33, 2.8124609995225005e-07),
2026-07-06 11:32:40,474 | INFO | 	                     (34, 5.614878316697933e-07),
2026-07-06 11:32:40,474 | INFO | 	                     (35, 8.799218499754048e-07),
2026-07-06 11:32:40,474 | INFO | 	                     (36, 5.579537008252565e-07),
2026-07-06 11:32:40,474 | INFO | 	                     (37, 2.9720010811261616e-07),
2026-07-06 11:32:40,474 | INFO | 	                     (38, 2.7719644894771255e-07),
2026-07-06 11:32:40,474 | INFO | 	                     (39, 3.940185526566161e-07),
2026-07-06 11:32:40,474 | INFO | 	                     (40, 3.4846618560506933e-07),
2026-07-06 11:32:40,474 | INFO | 	                     (41, 3.0266776242243495e-07),
2026-07-06 11:32:40,474 | INFO | 	                     (42, 2.5286651961750326e-07),
2026-07-06 11:32:40,474 | INFO | 	                     (43, 5.625440766011018e-07),
2026-07-06 11:32:40,474 | INFO | 	                     (44, 3.1526963684873924e-07),
2026-07-06 11:32:40,474 | INFO | 	                     (45, 2.019042537438404e-07),
2026-07-06 11:32:40,474 | INFO | 	                     (46, 2.3764290973272897e-07),
2026-07-06 11:32:40,474 | INFO | 	                     (47, 1.087548166111392e-06),
2026-07-06 11:32:40,474 | INFO | 	                     (48, 5.417717982001832e-07),
2026-07-06 11:32:40,474 | INFO | 	                     (49, 2.3043296606792894e-07),
2026-07-06 11:32:40,474 | INFO | 	                     (50, 1.7002506373270667e-07),
2026-07-06 11:32:40,474 | INFO | 	                     (51, 2.9751204894287455e-07),
2026-07-06 11:32:40,474 | INFO | 	                     (52, 3.5790740099174937e-07),
2026-07-06 11:32:40,474 | INFO | 	                     (53, 1.7028316383785858e-06),
2026-07-06 11:32:40,474 | INFO | 	                     (54, 1.9302138312001306e-06),
2026-07-06 11:32:40,474 | INFO | 	                     (55, 3.539197259222719e-07),
2026-07-06 11:32:40,475 | INFO | 	                     (56, 3.891707577870865e-07),
2026-07-06 11:32:40,475 | INFO | 	                     (57, 2.2486470655469677e-07),
2026-07-06 11:32:40,475 | INFO | 	                     (58, 2.7090100184078264e-07),
2026-07-06 11:32:40,475 | INFO | 	                     (59, 2.6331290911972367e-07),
2026-07-06 11:32:40,475 | INFO | 	                     (60, 2.2920631141244264e-07)],
2026-07-06 11:32:40,475 | INFO | 	 'prior_loss_min': [(1, 5.56284078356839e-07),
2026-07-06 11:32:40,475 | INFO | 	                    (2, 3.228548223432881e-07),
2026-07-06 11:32:40,475 | INFO | 	                    (3, 4.5971071926942386e-07),
2026-07-06 11:32:40,475 | INFO | 	                    (4, 2.2294788664112276e-07),
2026-07-06 11:32:40,475 | INFO | 	                    (5, 1.398144874542595e-07),
2026-07-06 11:32:40,475 | INFO | 	                    (6, 1.8777070067699242e-07),
2026-07-06 11:32:40,475 | INFO | 	                    (7, 3.5959146202912964e-07),
2026-07-06 11:32:40,475 | INFO | 	                    (8, 2.1379504744345468e-07),
2026-07-06 11:32:40,475 | INFO | 	                    (9, 6.451957759168181e-08),
2026-07-06 11:32:40,475 | INFO | 	                    (10, 1.3296658210038004e-07),
2026-07-06 11:32:40,475 | INFO | 	                    (11, 1.511930924902316e-09),
2026-07-06 11:32:40,475 | INFO | 	                    (12, 1.0139040540479982e-07),
2026-07-06 11:32:40,475 | INFO | 	                    (13, 9.25278776264804e-08),
2026-07-06 11:32:40,475 | INFO | 	                    (14, 6.686318059223595e-08),
2026-07-06 11:32:40,475 | INFO | 	                    (15, 3.331691686980776e-08),
2026-07-06 11:32:40,475 | INFO | 	                    (16, 7.539221025254506e-09),
2026-07-06 11:32:40,475 | INFO | 	                    (17, 1.1622783802067715e-07),
2026-07-06 11:32:40,475 | INFO | 	                    (18, 1.2782579705827857e-08),
2026-07-06 11:32:40,475 | INFO | 	                    (19, 1.1003237005979827e-07),
2026-07-06 11:32:40,475 | INFO | 	                    (20, 9.977022991957904e-08),
2026-07-06 11:32:40,475 | INFO | 	                    (21, 1.2717207553691879e-08),
2026-07-06 11:32:40,475 | INFO | 	                    (22, 2.5018266971987835e-10),
2026-07-06 11:32:40,475 | INFO | 	                    (23, 3.2852095488422606e-09),
2026-07-06 11:32:40,475 | INFO | 	                    (24, 8.672182616464852e-09),
2026-07-06 11:32:40,475 | INFO | 	                    (25, 1.3516691410586645e-07),
2026-07-06 11:32:40,475 | INFO | 	                    (26, 1.5658579266553118e-09),
2026-07-06 11:32:40,475 | INFO | 	                    (27, 1.2191538978356675e-08),
2026-07-06 11:32:40,475 | INFO | 	                    (28, 1.2310662622638802e-08),
2026-07-06 11:32:40,475 | INFO | 	                    (29, 5.369199129745539e-08),
2026-07-06 11:32:40,475 | INFO | 	                    (30, 1.812193943517837e-10),
2026-07-06 11:32:40,475 | INFO | 	                    (31, 3.7904210259398494e-08),
2026-07-06 11:32:40,475 | INFO | 	                    (32, 9.120978328169827e-09),
2026-07-06 11:32:40,475 | INFO | 	                    (33, 1.5214599535795514e-08),
2026-07-06 11:32:40,476 | INFO | 	                    (34, 3.220614104293418e-08),
2026-07-06 11:32:40,476 | INFO | 	                    (35, 1.2003331271645544e-13),
2026-07-06 11:32:40,476 | INFO | 	                    (36, 1.4684550353472047e-09),
2026-07-06 11:32:40,476 | INFO | 	                    (37, 5.5777941120049854e-11),
2026-07-06 11:32:40,476 | INFO | 	                    (38, 1.3293023496188661e-11),
2026-07-06 11:32:40,476 | INFO | 	                    (39, 1.279435828394071e-08),
2026-07-06 11:32:40,476 | INFO | 	                    (40, 4.2603035410593294e-08),
2026-07-06 11:32:40,476 | INFO | 	                    (41, 7.148674516248025e-08),
2026-07-06 11:32:40,476 | INFO | 	                    (42, 1.5010832044026755e-08),
2026-07-06 11:32:40,476 | INFO | 	                    (43, 1.7302446628231217e-11),
2026-07-06 11:32:40,476 | INFO | 	                    (44, 3.515585582647418e-08),
2026-07-06 11:32:40,476 | INFO | 	                    (45, 1.3373979612651965e-08),
2026-07-06 11:32:40,476 | INFO | 	                    (46, 4.090523808564228e-09),
2026-07-06 11:32:40,476 | INFO | 	                    (47, 5.853730666860457e-10),
2026-07-06 11:32:40,476 | INFO | 	                    (48, 3.2884148071232742e-09),
2026-07-06 11:32:40,476 | INFO | 	                    (49, 2.8851166433696564e-08),
2026-07-06 11:32:40,476 | INFO | 	                    (50, 6.037040334305744e-09),
2026-07-06 11:32:40,476 | INFO | 	                    (51, 1.9692221453482262e-08),
2026-07-06 11:32:40,476 | INFO | 	                    (52, 8.075518032057971e-09),
2026-07-06 11:32:40,476 | INFO | 	                    (53, 3.7315099277179795e-08),
2026-07-06 11:32:40,476 | INFO | 	                    (54, 1.3385559827217008e-09),
2026-07-06 11:32:40,476 | INFO | 	                    (55, 7.665051242611298e-08),
2026-07-06 11:32:40,476 | INFO | 	                    (56, 1.5757164195662198e-08),
2026-07-06 11:32:40,476 | INFO | 	                    (57, 6.991896039920675e-09),
2026-07-06 11:32:40,476 | INFO | 	                    (58, 3.024204602297686e-08),
2026-07-06 11:32:40,476 | INFO | 	                    (59, 2.9472920815010185e-08),
2026-07-06 11:32:40,476 | INFO | 	                    (60, 4.4642649754678135e-08)],
2026-07-06 11:32:40,476 | INFO | 	 'prior_loss_p10': [(1, 6.294412116858439e-07),
2026-07-06 11:32:40,476 | INFO | 	                    (2, 5.853142340583871e-07),
2026-07-06 11:32:40,476 | INFO | 	                    (3, 6.250477918001707e-07),
2026-07-06 11:32:40,476 | INFO | 	                    (4, 3.459383303969891e-07),
2026-07-06 11:32:40,476 | INFO | 	                    (5, 4.4549693711815053e-07),
2026-07-06 11:32:40,476 | INFO | 	                    (6, 2.2155142914925818e-07),
2026-07-06 11:32:40,476 | INFO | 	                    (7, 3.742579713161831e-07),
2026-07-06 11:32:40,476 | INFO | 	                    (8, 2.9926221486675784e-07),
2026-07-06 11:32:40,476 | INFO | 	                    (9, 7.708817527429801e-08),
2026-07-06 11:32:40,476 | INFO | 	                    (10, 2.060476160181679e-07),
2026-07-06 11:32:40,476 | INFO | 	                    (11, 8.543727616938668e-08),
2026-07-06 11:32:40,476 | INFO | 	                    (12, 2.1618312700866227e-07),
2026-07-06 11:32:40,477 | INFO | 	                    (13, 9.626938066276125e-08),
2026-07-06 11:32:40,477 | INFO | 	                    (14, 1.334276771558507e-07),
2026-07-06 11:32:40,477 | INFO | 	                    (15, 8.49091119903278e-08),
2026-07-06 11:32:40,477 | INFO | 	                    (16, 2.6063486959770904e-08),
2026-07-06 11:32:40,477 | INFO | 	                    (17, 1.3653401984251663e-07),
2026-07-06 11:32:40,477 | INFO | 	                    (18, 9.244436611766105e-08),
2026-07-06 11:32:40,477 | INFO | 	                    (19, 1.5837332227874868e-07),
2026-07-06 11:32:40,477 | INFO | 	                    (20, 1.4629402130594827e-07),
2026-07-06 11:32:40,477 | INFO | 	                    (21, 3.6498131379403275e-08),
2026-07-06 11:32:40,477 | INFO | 	                    (22, 4.6284657599926504e-08),
2026-07-06 11:32:40,477 | INFO | 	                    (23, 4.124959211537771e-08),
2026-07-06 11:32:40,477 | INFO | 	                    (24, 4.2560707882444155e-08),
2026-07-06 11:32:40,477 | INFO | 	                    (25, 1.6526352311529993e-07),
2026-07-06 11:32:40,477 | INFO | 	                    (26, 1.8639107874918182e-08),
2026-07-06 11:32:40,477 | INFO | 	                    (27, 2.046359490748273e-08),
2026-07-06 11:32:40,477 | INFO | 	                    (28, 5.376693948733192e-08),
2026-07-06 11:32:40,477 | INFO | 	                    (29, 1.3680704967100611e-07),
2026-07-06 11:32:40,477 | INFO | 	                    (30, 3.2577891673213347e-08),
2026-07-06 11:32:40,477 | INFO | 	                    (31, 6.09284002806021e-08),
2026-07-06 11:32:40,477 | INFO | 	                    (32, 3.978066914100964e-08),
2026-07-06 11:32:40,477 | INFO | 	                    (33, 8.386511467506353e-08),
2026-07-06 11:32:40,477 | INFO | 	                    (34, 1.1185092433581373e-07),
2026-07-06 11:32:40,477 | INFO | 	                    (35, 4.274527611869416e-08),
2026-07-06 11:32:40,477 | INFO | 	                    (36, 4.862503750757697e-08),
2026-07-06 11:32:40,477 | INFO | 	                    (37, 3.447398862821417e-08),
2026-07-06 11:32:40,477 | INFO | 	                    (38, 4.45542573856983e-08),
2026-07-06 11:32:40,477 | INFO | 	                    (39, 7.172428823025712e-08),
2026-07-06 11:32:40,477 | INFO | 	                    (40, 7.338425120906322e-08),
2026-07-06 11:32:40,477 | INFO | 	                    (41, 1.2131378830655435e-07),
2026-07-06 11:32:40,477 | INFO | 	                    (42, 3.5548663674944696e-08),
2026-07-06 11:32:40,477 | INFO | 	                    (43, 2.1484970460505794e-08),
2026-07-06 11:32:40,477 | INFO | 	                    (44, 4.707990399310802e-08),
2026-07-06 11:32:40,477 | INFO | 	                    (45, 4.966050134669331e-08),
2026-07-06 11:32:40,477 | INFO | 	                    (46, 1.1175948486652487e-08),
2026-07-06 11:32:40,477 | INFO | 	                    (47, 1.3350208178053435e-07),
2026-07-06 11:32:40,477 | INFO | 	                    (48, 5.1916567969101385e-08),
2026-07-06 11:32:40,477 | INFO | 	                    (49, 4.048746660600955e-08),
2026-07-06 11:32:40,477 | INFO | 	                    (50, 5.846046093438418e-08),
2026-07-06 11:32:40,477 | INFO | 	                    (51, 9.292957860893866e-08),
2026-07-06 11:32:40,478 | INFO | 	                    (52, 5.6816824383076906e-08),
2026-07-06 11:32:40,478 | INFO | 	                    (53, 1.1623352980646731e-07),
2026-07-06 11:32:40,478 | INFO | 	                    (54, 4.232786945834733e-08),
2026-07-06 11:32:40,478 | INFO | 	                    (55, 9.987711109715748e-08),
2026-07-06 11:32:40,478 | INFO | 	                    (56, 2.5989104202039925e-08),
2026-07-06 11:32:40,478 | INFO | 	                    (57, 2.9221667148249253e-08),
2026-07-06 11:32:40,478 | INFO | 	                    (58, 6.831735859691435e-08),
2026-07-06 11:32:40,478 | INFO | 	                    (59, 7.58229231223595e-08),
2026-07-06 11:32:40,478 | INFO | 	                    (60, 6.803124009024941e-08)],
2026-07-06 11:32:40,478 | INFO | 	 'prior_loss_p50': [(1, 1.273246467966363e-06),
2026-07-06 11:32:40,478 | INFO | 	                    (2, 1.2622372651094338e-06),
2026-07-06 11:32:40,478 | INFO | 	                    (3, 1.7209468296641717e-06),
2026-07-06 11:32:40,478 | INFO | 	                    (4, 6.79370671737793e-07),
2026-07-06 11:32:40,478 | INFO | 	                    (5, 8.669474445208485e-07),
2026-07-06 11:32:40,478 | INFO | 	                    (6, 7.162764593327996e-07),
2026-07-06 11:32:40,478 | INFO | 	                    (7, 8.026099145219312e-07),
2026-07-06 11:32:40,478 | INFO | 	                    (8, 6.277001375565305e-07),
2026-07-06 11:32:40,478 | INFO | 	                    (9, 4.432700890382486e-07),
2026-07-06 11:32:40,478 | INFO | 	                    (10, 4.370930696495634e-07),
2026-07-06 11:32:40,478 | INFO | 	                    (11, 3.8151500636509453e-07),
2026-07-06 11:32:40,478 | INFO | 	                    (12, 3.717166922948915e-07),
2026-07-06 11:32:40,478 | INFO | 	                    (13, 3.531388444710664e-07),
2026-07-06 11:32:40,478 | INFO | 	                    (14, 3.099425043728843e-07),
2026-07-06 11:32:40,478 | INFO | 	                    (15, 1.8612517891369861e-07),
2026-07-06 11:32:40,478 | INFO | 	                    (16, 2.1229136496003776e-07),
2026-07-06 11:32:40,478 | INFO | 	                    (17, 5.351636673367466e-07),
2026-07-06 11:32:40,478 | INFO | 	                    (18, 2.1294255532211536e-07),
2026-07-06 11:32:40,478 | INFO | 	                    (19, 4.880987752303987e-07),
2026-07-06 11:32:40,478 | INFO | 	                    (20, 2.968927617530426e-07),
2026-07-06 11:32:40,478 | INFO | 	                    (21, 2.8015329710013457e-07),
2026-07-06 11:32:40,479 | INFO | 	                    (22, 1.806507185619921e-07),
2026-07-06 11:32:40,479 | INFO | 	                    (23, 1.5999990239379257e-07),
2026-07-06 11:32:40,479 | INFO | 	                    (24, 2.807466367537631e-07),
2026-07-06 11:32:40,479 | INFO | 	                    (25, 4.3463330117471275e-07),
2026-07-06 11:32:40,479 | INFO | 	                    (26, 1.5724987463272554e-07),
2026-07-06 11:32:40,479 | INFO | 	                    (27, 1.383258506848506e-07),
2026-07-06 11:32:40,479 | INFO | 	                    (28, 3.6075664411328034e-07),
2026-07-06 11:32:40,479 | INFO | 	                    (29, 3.8433770770120506e-07),
2026-07-06 11:32:40,479 | INFO | 	                    (30, 1.6479748593058372e-07),
2026-07-06 11:32:40,479 | INFO | 	                    (31, 2.467058266120148e-07),
2026-07-06 11:32:40,479 | INFO | 	                    (32, 1.8144398836739128e-07),
2026-07-06 11:32:40,479 | INFO | 	                    (33, 2.3101513306755806e-07),
2026-07-06 11:32:40,479 | INFO | 	                    (34, 3.6487994066192185e-07),
2026-07-06 11:32:40,479 | INFO | 	                    (35, 1.1699332463395108e-07),
2026-07-06 11:32:40,479 | INFO | 	                    (36, 4.3106628027089756e-07),
2026-07-06 11:32:40,479 | INFO | 	                    (37, 2.54964827885086e-07),
2026-07-06 11:32:40,479 | INFO | 	                    (38, 2.461061001213238e-07),
2026-07-06 11:32:40,479 | INFO | 	                    (39, 4.418341632117517e-07),
2026-07-06 11:32:40,479 | INFO | 	                    (40, 3.850824383195287e-07),
2026-07-06 11:32:40,479 | INFO | 	                    (41, 2.733017822720285e-07),
2026-07-06 11:32:40,479 | INFO | 	                    (42, 1.2205186976643746e-07),
2026-07-06 11:32:40,479 | INFO | 	                    (43, 3.7845081237719567e-07),
2026-07-06 11:32:40,479 | INFO | 	                    (44, 2.2975210072218034e-07),
2026-07-06 11:32:40,479 | INFO | 	                    (45, 1.7968807242141338e-07),
2026-07-06 11:32:40,479 | INFO | 	                    (46, 8.38087470668394e-08),
2026-07-06 11:32:40,479 | INFO | 	                    (47, 2.543783693909063e-07),
2026-07-06 11:32:40,479 | INFO | 	                    (48, 2.5343162445077725e-07),
2026-07-06 11:32:40,479 | INFO | 	                    (49, 1.1043340527567403e-07),
2026-07-06 11:32:40,479 | INFO | 	                    (50, 1.4831435350970424e-07),
2026-07-06 11:32:40,479 | INFO | 	                    (51, 2.452886718629088e-07),
2026-07-06 11:32:40,479 | INFO | 	                    (52, 2.43900825927801e-07),
2026-07-06 11:32:40,479 | INFO | 	                    (53, 1.9225838627789925e-07),
2026-07-06 11:32:40,480 | INFO | 	                    (54, 1.8883721348728436e-07),
2026-07-06 11:32:40,480 | INFO | 	                    (55, 3.5457737785069404e-07),
2026-07-06 11:32:40,480 | INFO | 	                    (56, 3.5391622679883916e-07),
2026-07-06 11:32:40,480 | INFO | 	                    (57, 2.0067528225808928e-07),
2026-07-06 11:32:40,480 | INFO | 	                    (58, 2.1671022523150896e-07),
2026-07-06 11:32:40,480 | INFO | 	                    (59, 2.770768150674286e-07),
2026-07-06 11:32:40,480 | INFO | 	                    (60, 2.0595076648532996e-07)],
2026-07-06 11:32:40,480 | INFO | 	 'prior_loss_p90': [(1, 2.2760114339795735e-06),
2026-07-06 11:32:40,480 | INFO | 	                    (2, 1.669826110138078e-06),
2026-07-06 11:32:40,480 | INFO | 	                    (3, 2.8342687337430182e-06),
2026-07-06 11:32:40,480 | INFO | 	                    (4, 2.0000495078420495e-06),
2026-07-06 11:32:40,480 | INFO | 	                    (5, 2.0328550453996284e-06),
2026-07-06 11:32:40,480 | INFO | 	                    (6, 1.448728521609155e-06),
2026-07-06 11:32:40,480 | INFO | 	                    (7, 2.9821635871485337e-06),
2026-07-06 11:32:40,480 | INFO | 	                    (8, 1.3888253527867903e-06),
2026-07-06 11:32:40,480 | INFO | 	                    (9, 9.470109807807603e-07),
2026-07-06 11:32:40,480 | INFO | 	                    (10, 8.238866758486979e-07),
2026-07-06 11:32:40,480 | INFO | 	                    (11, 1.0080959782499122e-06),
2026-07-06 11:32:40,480 | INFO | 	                    (12, 5.637030621085902e-07),
2026-07-06 11:32:40,480 | INFO | 	                    (13, 7.898002479112895e-07),
2026-07-06 11:32:40,480 | INFO | 	                    (14, 9.397755068401614e-07),
2026-07-06 11:32:40,480 | INFO | 	                    (15, 8.777289485806248e-07),
2026-07-06 11:32:40,480 | INFO | 	                    (16, 2.0881012803174882e-06),
2026-07-06 11:32:40,480 | INFO | 	                    (17, 3.1406925068571956e-06),
2026-07-06 11:32:40,480 | INFO | 	                    (18, 8.790911306277848e-07),
2026-07-06 11:32:40,480 | INFO | 	                    (19, 1.3591062327965186e-06),
2026-07-06 11:32:40,480 | INFO | 	                    (20, 6.225287086646364e-07),
2026-07-06 11:32:40,480 | INFO | 	                    (21, 9.323509246095107e-07),
2026-07-06 11:32:40,480 | INFO | 	                    (22, 4.374680189930982e-07),
2026-07-06 11:32:40,480 | INFO | 	                    (23, 8.717246949202614e-07),
2026-07-06 11:32:40,480 | INFO | 	                    (24, 7.752861883386522e-07),
2026-07-06 11:32:40,480 | INFO | 	                    (25, 8.519221556311434e-07),
2026-07-06 11:32:40,481 | INFO | 	                    (26, 5.167284505182349e-07),
2026-07-06 11:32:40,481 | INFO | 	                    (27, 8.910548078860393e-07),
2026-07-06 11:32:40,481 | INFO | 	                    (28, 1.5337020340666638e-06),
2026-07-06 11:32:40,481 | INFO | 	                    (29, 1.6358490665879798e-06),
2026-07-06 11:32:40,481 | INFO | 	                    (30, 6.926529319936585e-07),
2026-07-06 11:32:40,481 | INFO | 	                    (31, 4.7318516355217077e-07),
2026-07-06 11:32:40,481 | INFO | 	                    (32, 8.648038293925017e-07),
2026-07-06 11:32:40,481 | INFO | 	                    (33, 5.20845698343401e-07),
2026-07-06 11:32:40,481 | INFO | 	                    (34, 1.2377886934269527e-06),
2026-07-06 11:32:40,481 | INFO | 	                    (35, 1.431883963435496e-06),
2026-07-06 11:32:40,481 | INFO | 	                    (36, 1.088539734155347e-06),
2026-07-06 11:32:40,481 | INFO | 	                    (37, 6.101521550096882e-07),
2026-07-06 11:32:40,481 | INFO | 	                    (38, 5.287238603595309e-07),
2026-07-06 11:32:40,481 | INFO | 	                    (39, 7.735327225480543e-07),
2026-07-06 11:32:40,481 | INFO | 	                    (40, 6.674225514341145e-07),
2026-07-06 11:32:40,481 | INFO | 	                    (41, 4.7121959366743693e-07),
2026-07-06 11:32:40,481 | INFO | 	                    (42, 6.05566869593733e-07),
2026-07-06 11:32:40,481 | INFO | 	                    (43, 1.1803988531666412e-06),
2026-07-06 11:32:40,481 | INFO | 	                    (44, 7.599576474603964e-07),
2026-07-06 11:32:40,481 | INFO | 	                    (45, 3.944218205499623e-07),
2026-07-06 11:32:40,481 | INFO | 	                    (46, 5.946322943959272e-07),
2026-07-06 11:32:40,481 | INFO | 	                    (47, 1.252380414817313e-06),
2026-07-06 11:32:40,481 | INFO | 	                    (48, 7.963119003951532e-07),
2026-07-06 11:32:40,481 | INFO | 	                    (49, 5.733449748306969e-07),
2026-07-06 11:32:40,481 | INFO | 	                    (50, 3.274018203752742e-07),
2026-07-06 11:32:40,481 | INFO | 	                    (51, 5.469748540084158e-07),
2026-07-06 11:32:40,481 | INFO | 	                    (52, 8.79354906983694e-07),
2026-07-06 11:32:40,481 | INFO | 	                    (53, 4.253799714777794e-07),
2026-07-06 11:32:40,481 | INFO | 	                    (54, 5.195533155597878e-07),
2026-07-06 11:32:40,481 | INFO | 	                    (55, 4.909638765920026e-07),
2026-07-06 11:32:40,481 | INFO | 	                    (56, 8.770133405769342e-07),
2026-07-06 11:32:40,481 | INFO | 	                    (57, 4.564485970091636e-07),
2026-07-06 11:32:40,482 | INFO | 	                    (58, 4.5107981478776097e-07),
2026-07-06 11:32:40,482 | INFO | 	                    (59, 4.89426818696167e-07),
2026-07-06 11:32:40,482 | INFO | 	                    (60, 3.8725618989237825e-07)],
2026-07-06 11:32:40,482 | INFO | 	 'prior_loss_std': [(1, 6.644292925805279e-07),
2026-07-06 11:32:40,482 | INFO | 	                    (2, 6.508249341574885e-07),
2026-07-06 11:32:40,482 | INFO | 	                    (3, 9.161336580050326e-07),
2026-07-06 11:32:40,482 | INFO | 	                    (4, 7.662593549325968e-07),
2026-07-06 11:32:40,482 | INFO | 	                    (5, 1.5626630817353962e-06),
2026-07-06 11:32:40,482 | INFO | 	                    (6, 4.5084874101778703e-07),
2026-07-06 11:32:40,482 | INFO | 	                    (7, 1.143627609868355e-06),
2026-07-06 11:32:40,482 | INFO | 	                    (8, 1.4672810456229725e-06),
2026-07-06 11:32:40,482 | INFO | 	                    (9, 8.805188466884396e-07),
2026-07-06 11:32:40,482 | INFO | 	                    (10, 6.881169048932147e-07),
2026-07-06 11:32:40,482 | INFO | 	                    (11, 5.203664618492942e-07),
2026-07-06 11:32:40,482 | INFO | 	                    (12, 1.8447296795334162e-07),
2026-07-06 11:32:40,482 | INFO | 	                    (13, 2.8524266768693866e-07),
2026-07-06 11:32:40,482 | INFO | 	                    (14, 7.18041161047758e-07),
2026-07-06 11:32:40,482 | INFO | 	                    (15, 3.3291546741463365e-07),
2026-07-06 11:32:40,482 | INFO | 	                    (16, 8.987525784500897e-07),
2026-07-06 11:32:40,482 | INFO | 	                    (17, 4.224394393440061e-06),
2026-07-06 11:32:40,482 | INFO | 	                    (18, 3.948212845874331e-07),
2026-07-06 11:32:40,482 | INFO | 	                    (19, 4.738419692120403e-07),
2026-07-06 11:32:40,482 | INFO | 	                    (20, 2.558605728498463e-07),
2026-07-06 11:32:40,482 | INFO | 	                    (21, 4.3135460368406077e-07),
2026-07-06 11:32:40,482 | INFO | 	                    (22, 2.521798989179772e-07),
2026-07-06 11:32:40,482 | INFO | 	                    (23, 3.422451961359951e-07),
2026-07-06 11:32:40,482 | INFO | 	                    (24, 6.296455403789086e-06),
2026-07-06 11:32:40,482 | INFO | 	                    (25, 3.963279831343308e-07),
2026-07-06 11:32:40,482 | INFO | 	                    (26, 3.958518402347227e-07),
2026-07-06 11:32:40,482 | INFO | 	                    (27, 6.062616126437888e-07),
2026-07-06 11:32:40,482 | INFO | 	                    (28, 6.678658021067127e-07),
2026-07-06 11:32:40,482 | INFO | 	                    (29, 5.757180724965683e-07),
2026-07-06 11:32:40,482 | INFO | 	                    (30, 2.887716563962853e-07),
2026-07-06 11:32:40,483 | INFO | 	                    (31, 2.0867499358407814e-07),
2026-07-06 11:32:40,483 | INFO | 	                    (32, 3.817827240313475e-07),
2026-07-06 11:32:40,483 | INFO | 	                    (33, 2.1460151499455058e-07),
2026-07-06 11:32:40,483 | INFO | 	                    (34, 5.434032901207559e-07),
2026-07-06 11:32:40,483 | INFO | 	                    (35, 2.1373509106133646e-06),
2026-07-06 11:32:40,483 | INFO | 	                    (36, 5.669548156183472e-07),
2026-07-06 11:32:40,483 | INFO | 	                    (37, 2.2481672207731253e-07),
2026-07-06 11:32:40,483 | INFO | 	                    (38, 2.0483501596750432e-07),
2026-07-06 11:32:40,483 | INFO | 	                    (39, 2.6297176526697534e-07),
2026-07-06 11:32:40,483 | INFO | 	                    (40, 2.491154331566257e-07),
2026-07-06 11:32:40,483 | INFO | 	                    (41, 1.6420916314020486e-07),
2026-07-06 11:32:40,483 | INFO | 	                    (42, 2.695611889041944e-07),
2026-07-06 11:32:40,483 | INFO | 	                    (43, 4.743556907686009e-07),
2026-07-06 11:32:40,483 | INFO | 	                    (44, 2.7090468835326016e-07),
2026-07-06 11:32:40,483 | INFO | 	                    (45, 1.6889475136424077e-07),
2026-07-06 11:32:40,483 | INFO | 	                    (46, 3.1238657386939204e-07),
2026-07-06 11:32:40,483 | INFO | 	                    (47, 2.564035149300414e-06),
2026-07-06 11:32:40,483 | INFO | 	                    (48, 8.229094481774222e-07),
2026-07-06 11:32:40,483 | INFO | 	                    (49, 2.4849790322681906e-07),
2026-07-06 11:32:40,483 | INFO | 	                    (50, 9.73081652957641e-08),
2026-07-06 11:32:40,483 | INFO | 	                    (51, 1.7632243701031144e-07),
2026-07-06 11:32:40,483 | INFO | 	                    (52, 3.250398253128764e-07),
2026-07-06 11:32:40,483 | INFO | 	                    (53, 5.587133663045429e-06),
2026-07-06 11:32:40,483 | INFO | 	                    (54, 6.471853415758694e-06),
2026-07-06 11:32:40,483 | INFO | 	                    (55, 2.77589477489952e-07),
2026-07-06 11:32:40,483 | INFO | 	                    (56, 4.2081664274749485e-07),
2026-07-06 11:32:40,483 | INFO | 	                    (57, 1.8358593993088357e-07),
2026-07-06 11:32:40,483 | INFO | 	                    (58, 2.9875098076364034e-07),
2026-07-06 11:32:40,483 | INFO | 	                    (59, 1.6271136221747073e-07),
2026-07-06 11:32:40,483 | INFO | 	                    (60, 1.6772250084699397e-07)],
2026-07-06 11:32:40,483 | INFO | 	 'regularization_loss_max': [(1, 2.828412557728707e-06),
2026-07-06 11:32:40,484 | INFO | 	                             (2, 3.0596583055090117e-06),
2026-07-06 11:32:40,484 | INFO | 	                             (3, 3.4504426348280318e-06),
2026-07-06 11:32:40,484 | INFO | 	                             (4, 3.0310077277539792e-06),
2026-07-06 11:32:40,484 | INFO | 	                             (5, 6.826635944889858e-06),
2026-07-06 11:32:40,484 | INFO | 	                             (6, 1.7054139842900375e-06),
2026-07-06 11:32:40,484 | INFO | 	                             (7, 4.1643397707957774e-06),
2026-07-06 11:32:40,484 | INFO | 	                             (8, 6.3968036556616426e-06),
2026-07-06 11:32:40,484 | INFO | 	                             (9, 3.7572385735984426e-06),
2026-07-06 11:32:40,484 | INFO | 	                             (10, 3.0809641430096234e-06),
2026-07-06 11:32:40,484 | INFO | 	                             (11, 2.054199943764943e-06),
2026-07-06 11:32:40,484 | INFO | 	                             (12, 8.600234423283837e-07),
2026-07-06 11:32:40,484 | INFO | 	                             (13, 1.1121253010060172e-06),
2026-07-06 11:32:40,484 | INFO | 	                             (14, 3.0512045213981765e-06),
2026-07-06 11:32:40,484 | INFO | 	                             (15, 1.0957920148073408e-06),
2026-07-06 11:32:40,484 | INFO | 	                             (16, 2.8571451366588006e-06),
2026-07-06 11:32:40,484 | INFO | 	                             (17, 1.7484382624388672e-05),
2026-07-06 11:32:40,484 | INFO | 	                             (18, 1.5058490814165012e-06),
2026-07-06 11:32:40,484 | INFO | 	                             (19, 1.7648912034928798e-06),
2026-07-06 11:32:40,484 | INFO | 	                             (20, 1.1168765257893254e-06),
2026-07-06 11:32:40,484 | INFO | 	                             (21, 1.617109592189081e-06),
2026-07-06 11:32:40,484 | INFO | 	                             (22, 1.0733537237683776e-06),
2026-07-06 11:32:40,484 | INFO | 	                             (23, 1.1209392368982663e-06),
2026-07-06 11:32:40,484 | INFO | 	                             (24, 2.5540946808177978e-05),
2026-07-06 11:32:40,484 | INFO | 	                             (25, 1.7566622773301789e-06),
2026-07-06 11:32:40,484 | INFO | 	                             (26, 1.6648271412122995e-06),
2026-07-06 11:32:40,484 | INFO | 	                             (27, 2.408444061074988e-06),
2026-07-06 11:32:40,484 | INFO | 	                             (28, 2.331807991140522e-06),
2026-07-06 11:32:40,484 | INFO | 	                             (29, 1.9145524220220977e-06),
2026-07-06 11:32:40,484 | INFO | 	                             (30, 9.844901114774984e-07),
2026-07-06 11:32:40,484 | INFO | 	                             (31, 8.651719221286813e-07),
2026-07-06 11:32:40,484 | INFO | 	                             (32, 1.369841294439812e-06),
2026-07-06 11:32:40,484 | INFO | 	                             (33, 8.820181331462404e-07),
2026-07-06 11:32:40,484 | INFO | 	                             (34, 2.074751228064997e-06),
2026-07-06 11:32:40,484 | INFO | 	                             (35, 8.698345845914446e-06),
2026-07-06 11:32:40,484 | INFO | 	                             (36, 2.2996066663285037e-06),
2026-07-06 11:32:40,484 | INFO | 	                             (37, 6.287325225975613e-07),
2026-07-06 11:32:40,484 | INFO | 	                             (38, 6.973356000682356e-07),
2026-07-06 11:32:40,484 | INFO | 	                             (39, 8.222103871120949e-07),
2026-07-06 11:32:40,485 | INFO | 	                             (40, 9.3582480076293e-07),
2026-07-06 11:32:40,485 | INFO | 	                             (41, 7.419915050377312e-07),
2026-07-06 11:32:40,485 | INFO | 	                             (42, 1.0012461416408768e-06),
2026-07-06 11:32:40,485 | INFO | 	                             (43, 1.4949778005757254e-06),
2026-07-06 11:32:40,485 | INFO | 	                             (44, 7.756913672814872e-07),
2026-07-06 11:32:40,485 | INFO | 	                             (45, 6.561963988338084e-07),
2026-07-06 11:32:40,485 | INFO | 	                             (46, 1.1758015950459543e-06),
2026-07-06 11:32:40,485 | INFO | 	                             (47, 1.057939498423366e-05),
2026-07-06 11:32:40,485 | INFO | 	                             (48, 3.4590974792081396e-06),
2026-07-06 11:32:40,485 | INFO | 	                             (49, 9.037662060667538e-07),
2026-07-06 11:32:40,485 | INFO | 	                             (50, 3.5209764964368636e-07),
2026-07-06 11:32:40,485 | INFO | 	                             (51, 6.691754038001818e-07),
2026-07-06 11:32:40,485 | INFO | 	                             (52, 1.0035182906774155e-06),
2026-07-06 11:32:40,485 | INFO | 	                             (53, 2.260429901070893e-05),
2026-07-06 11:32:40,485 | INFO | 	                             (54, 2.6139272813452406e-05),
2026-07-06 11:32:40,485 | INFO | 	                             (55, 1.2184318575925841e-06),
2026-07-06 11:32:40,485 | INFO | 	                             (56, 1.600073710505967e-06),
2026-07-06 11:32:40,485 | INFO | 	                             (57, 6.888132214034607e-07),
2026-07-06 11:32:40,485 | INFO | 	                             (58, 1.276080274841114e-06),
2026-07-06 11:32:40,485 | INFO | 	                             (59, 5.956344713742806e-07),
2026-07-06 11:32:40,485 | INFO | 	                             (60, 6.978864268541491e-07)],
2026-07-06 11:32:40,485 | INFO | 	 'regularization_loss_mean': [(1, 1.3932287386564782e-06),
2026-07-06 11:32:40,485 | INFO | 	                              (2, 1.2338564555249794e-06),
2026-07-06 11:32:40,485 | INFO | 	                              (3, 1.6930727100704296e-06),
2026-07-06 11:32:40,485 | INFO | 	                              (4, 1.0009919167657698e-06),
2026-07-06 11:32:40,485 | INFO | 	                              (5, 1.3787685704031582e-06),
2026-07-06 11:32:40,485 | INFO | 	                              (6, 7.736515920458558e-07),
2026-07-06 11:32:40,485 | INFO | 	                              (7, 1.2896983438059037e-06),
2026-07-06 11:32:40,485 | INFO | 	                              (8, 1.0532624909231465e-06),
2026-07-06 11:32:40,485 | INFO | 	                              (9, 6.745187316886145e-07),
2026-07-06 11:32:40,485 | INFO | 	                              (10, 6.283121985225844e-07),
2026-07-06 11:32:40,485 | INFO | 	                              (11, 4.904803682015553e-07),
2026-07-06 11:32:40,485 | INFO | 	                              (12, 3.9528320549021413e-07),
2026-07-06 11:32:40,485 | INFO | 	                              (13, 3.881510868792008e-07),
2026-07-06 11:32:40,485 | INFO | 	                              (14, 5.98352771960159e-07),
2026-07-06 11:32:40,485 | INFO | 	                              (15, 3.8559009975289486e-07),
2026-07-06 11:32:40,485 | INFO | 	                              (16, 6.595905017734879e-07),
2026-07-06 11:32:40,485 | INFO | 	                              (17, 2.1086268503891136e-06),
2026-07-06 11:32:40,486 | INFO | 	                              (18, 3.723090079662608e-07),
2026-07-06 11:32:40,486 | INFO | 	                              (19, 6.285939553902986e-07),
2026-07-06 11:32:40,486 | INFO | 	                              (20, 3.705366041522585e-07),
2026-07-06 11:32:40,486 | INFO | 	                              (21, 4.0502757954871395e-07),
2026-07-06 11:32:40,486 | INFO | 	                              (22, 2.534536767046891e-07),
2026-07-06 11:32:40,486 | INFO | 	                              (23, 3.1598193784764174e-07),
2026-07-06 11:32:40,486 | INFO | 	                              (24, 2.0014757201000158e-06),
2026-07-06 11:32:40,486 | INFO | 	                              (25, 5.240825791708801e-07),
2026-07-06 11:32:40,486 | INFO | 	                              (26, 3.068527721315824e-07),
2026-07-06 11:32:40,486 | INFO | 	                              (27, 4.18038329853187e-07),
2026-07-06 11:32:40,486 | INFO | 	                              (28, 6.231114279016208e-07),
2026-07-06 11:32:40,486 | INFO | 	                              (29, 6.318438035330611e-07),
2026-07-06 11:32:40,486 | INFO | 	                              (30, 2.7628429269521737e-07),
2026-07-06 11:32:40,486 | INFO | 	                              (31, 2.8936874312561376e-07),
2026-07-06 11:32:40,486 | INFO | 	                              (32, 3.8637666963823243e-07),
2026-07-06 11:32:40,486 | INFO | 	                              (33, 2.8124609995225005e-07),
2026-07-06 11:32:40,486 | INFO | 	                              (34, 5.614878316697933e-07),
2026-07-06 11:32:40,486 | INFO | 	                              (35, 8.799218499754048e-07),
2026-07-06 11:32:40,486 | INFO | 	                              (36, 5.579537008252565e-07),
2026-07-06 11:32:40,486 | INFO | 	                              (37, 2.9720010811261616e-07),
2026-07-06 11:32:40,486 | INFO | 	                              (38, 2.7719644894771255e-07),
2026-07-06 11:32:40,486 | INFO | 	                              (39, 3.940185526566161e-07),
2026-07-06 11:32:40,486 | INFO | 	                              (40, 3.4846618560506933e-07),
2026-07-06 11:32:40,486 | INFO | 	                              (41, 3.0266776242243495e-07),
2026-07-06 11:32:40,486 | INFO | 	                              (42, 2.5286651961750326e-07),
2026-07-06 11:32:40,486 | INFO | 	                              (43, 5.625440766011018e-07),
2026-07-06 11:32:40,486 | INFO | 	                              (44, 3.1526963684873924e-07),
2026-07-06 11:32:40,486 | INFO | 	                              (45, 2.019042537438404e-07),
2026-07-06 11:32:40,486 | INFO | 	                              (46, 2.3764290973272897e-07),
2026-07-06 11:32:40,486 | INFO | 	                              (47, 1.087548166111392e-06),
2026-07-06 11:32:40,486 | INFO | 	                              (48, 5.417717982001832e-07),
2026-07-06 11:32:40,486 | INFO | 	                              (49, 2.3043296606792894e-07),
2026-07-06 11:32:40,486 | INFO | 	                              (50, 1.7002506373270667e-07),
2026-07-06 11:32:40,486 | INFO | 	                              (51, 2.9751204894287455e-07),
2026-07-06 11:32:40,486 | INFO | 	                              (52, 3.5790740099174937e-07),
2026-07-06 11:32:40,486 | INFO | 	                              (53, 1.7028316383785858e-06),
2026-07-06 11:32:40,486 | INFO | 	                              (54, 1.9302138312001306e-06),
2026-07-06 11:32:40,486 | INFO | 	                              (55, 3.539197259222719e-07),
2026-07-06 11:32:40,486 | INFO | 	                              (56, 3.891707577870865e-07),
2026-07-06 11:32:40,487 | INFO | 	                              (57, 2.2486470655469677e-07),
2026-07-06 11:32:40,487 | INFO | 	                              (58, 2.7090100184078264e-07),
2026-07-06 11:32:40,487 | INFO | 	                              (59, 2.6331290911972367e-07),
2026-07-06 11:32:40,487 | INFO | 	                              (60, 2.2920631141244264e-07)],
2026-07-06 11:32:40,487 | INFO | 	 'regularization_loss_min': [(1, 5.56284078356839e-07),
2026-07-06 11:32:40,487 | INFO | 	                             (2, 3.228548223432881e-07),
2026-07-06 11:32:40,487 | INFO | 	                             (3, 4.5971071926942386e-07),
2026-07-06 11:32:40,487 | INFO | 	                             (4, 2.2294788664112276e-07),
2026-07-06 11:32:40,487 | INFO | 	                             (5, 1.398144874542595e-07),
2026-07-06 11:32:40,487 | INFO | 	                             (6, 1.8777070067699242e-07),
2026-07-06 11:32:40,487 | INFO | 	                             (7, 3.5959146202912964e-07),
2026-07-06 11:32:40,487 | INFO | 	                             (8, 2.1379504744345468e-07),
2026-07-06 11:32:40,487 | INFO | 	                             (9, 6.451957759168181e-08),
2026-07-06 11:32:40,487 | INFO | 	                             (10, 1.3296658210038004e-07),
2026-07-06 11:32:40,487 | INFO | 	                             (11, 1.511930924902316e-09),
2026-07-06 11:32:40,487 | INFO | 	                             (12, 1.0139040540479982e-07),
2026-07-06 11:32:40,487 | INFO | 	                             (13, 9.25278776264804e-08),
2026-07-06 11:32:40,487 | INFO | 	                             (14, 6.686318059223595e-08),
2026-07-06 11:32:40,487 | INFO | 	                             (15, 3.331691686980776e-08),
2026-07-06 11:32:40,487 | INFO | 	                             (16, 7.539221025254506e-09),
2026-07-06 11:32:40,487 | INFO | 	                             (17, 1.1622783802067715e-07),
2026-07-06 11:32:40,487 | INFO | 	                             (18, 1.2782579705827857e-08),
2026-07-06 11:32:40,487 | INFO | 	                             (19, 1.1003237005979827e-07),
2026-07-06 11:32:40,487 | INFO | 	                             (20, 9.977022991957904e-08),
2026-07-06 11:32:40,487 | INFO | 	                             (21, 1.2717207553691879e-08),
2026-07-06 11:32:40,487 | INFO | 	                             (22, 2.5018266971987835e-10),
2026-07-06 11:32:40,487 | INFO | 	                             (23, 3.2852095488422606e-09),
2026-07-06 11:32:40,487 | INFO | 	                             (24, 8.672182616464852e-09),
2026-07-06 11:32:40,487 | INFO | 	                             (25, 1.3516691410586645e-07),
2026-07-06 11:32:40,487 | INFO | 	                             (26, 1.5658579266553118e-09),
2026-07-06 11:32:40,487 | INFO | 	                             (27, 1.2191538978356675e-08),
2026-07-06 11:32:40,487 | INFO | 	                             (28, 1.2310662622638802e-08),
2026-07-06 11:32:40,487 | INFO | 	                             (29, 5.369199129745539e-08),
2026-07-06 11:32:40,487 | INFO | 	                             (30, 1.812193943517837e-10),
2026-07-06 11:32:40,487 | INFO | 	                             (31, 3.7904210259398494e-08),
2026-07-06 11:32:40,487 | INFO | 	                             (32, 9.120978328169827e-09),
2026-07-06 11:32:40,487 | INFO | 	                             (33, 1.5214599535795514e-08),
2026-07-06 11:32:40,487 | INFO | 	                             (34, 3.220614104293418e-08),
2026-07-06 11:32:40,488 | INFO | 	                             (35, 1.2003331271645544e-13),
2026-07-06 11:32:40,488 | INFO | 	                             (36, 1.4684550353472047e-09),
2026-07-06 11:32:40,488 | INFO | 	                             (37, 5.5777941120049854e-11),
2026-07-06 11:32:40,488 | INFO | 	                             (38, 1.3293023496188661e-11),
2026-07-06 11:32:40,488 | INFO | 	                             (39, 1.279435828394071e-08),
2026-07-06 11:32:40,488 | INFO | 	                             (40, 4.2603035410593294e-08),
2026-07-06 11:32:40,488 | INFO | 	                             (41, 7.148674516248025e-08),
2026-07-06 11:32:40,488 | INFO | 	                             (42, 1.5010832044026755e-08),
2026-07-06 11:32:40,488 | INFO | 	                             (43, 1.7302446628231217e-11),
2026-07-06 11:32:40,488 | INFO | 	                             (44, 3.515585582647418e-08),
2026-07-06 11:32:40,488 | INFO | 	                             (45, 1.3373979612651965e-08),
2026-07-06 11:32:40,488 | INFO | 	                             (46, 4.090523808564228e-09),
2026-07-06 11:32:40,488 | INFO | 	                             (47, 5.853730666860457e-10),
2026-07-06 11:32:40,488 | INFO | 	                             (48, 3.2884148071232742e-09),
2026-07-06 11:32:40,488 | INFO | 	                             (49, 2.8851166433696564e-08),
2026-07-06 11:32:40,488 | INFO | 	                             (50, 6.037040334305744e-09),
2026-07-06 11:32:40,488 | INFO | 	                             (51, 1.9692221453482262e-08),
2026-07-06 11:32:40,488 | INFO | 	                             (52, 8.075518032057971e-09),
2026-07-06 11:32:40,488 | INFO | 	                             (53, 3.7315099277179795e-08),
2026-07-06 11:32:40,488 | INFO | 	                             (54, 1.3385559827217008e-09),
2026-07-06 11:32:40,488 | INFO | 	                             (55, 7.665051242611298e-08),
2026-07-06 11:32:40,488 | INFO | 	                             (56, 1.5757164195662198e-08),
2026-07-06 11:32:40,488 | INFO | 	                             (57, 6.991896039920675e-09),
2026-07-06 11:32:40,488 | INFO | 	                             (58, 3.024204602297686e-08),
2026-07-06 11:32:40,488 | INFO | 	                             (59, 2.9472920815010185e-08),
2026-07-06 11:32:40,488 | INFO | 	                             (60, 4.4642649754678135e-08)],
2026-07-06 11:32:40,488 | INFO | 	 'regularization_loss_p10': [(1, 6.294412116858439e-07),
2026-07-06 11:32:40,488 | INFO | 	                             (2, 5.853142340583871e-07),
2026-07-06 11:32:40,488 | INFO | 	                             (3, 6.250477918001707e-07),
2026-07-06 11:32:40,488 | INFO | 	                             (4, 3.459383303969891e-07),
2026-07-06 11:32:40,488 | INFO | 	                             (5, 4.4549693711815053e-07),
2026-07-06 11:32:40,488 | INFO | 	                             (6, 2.2155142914925818e-07),
2026-07-06 11:32:40,488 | INFO | 	                             (7, 3.742579713161831e-07),
2026-07-06 11:32:40,488 | INFO | 	                             (8, 2.9926221486675784e-07),
2026-07-06 11:32:40,488 | INFO | 	                             (9, 7.708817527429801e-08),
2026-07-06 11:32:40,488 | INFO | 	                             (10, 2.060476160181679e-07),
2026-07-06 11:32:40,488 | INFO | 	                             (11, 8.543727616938668e-08),
2026-07-06 11:32:40,488 | INFO | 	                             (12, 2.1618312700866227e-07),
2026-07-06 11:32:40,488 | INFO | 	                             (13, 9.626938066276125e-08),
2026-07-06 11:32:40,489 | INFO | 	                             (14, 1.334276771558507e-07),
2026-07-06 11:32:40,489 | INFO | 	                             (15, 8.49091119903278e-08),
2026-07-06 11:32:40,489 | INFO | 	                             (16, 2.6063486959770904e-08),
2026-07-06 11:32:40,489 | INFO | 	                             (17, 1.3653401984251663e-07),
2026-07-06 11:32:40,489 | INFO | 	                             (18, 9.244436611766105e-08),
2026-07-06 11:32:40,489 | INFO | 	                             (19, 1.5837332227874868e-07),
2026-07-06 11:32:40,489 | INFO | 	                             (20, 1.4629402130594827e-07),
2026-07-06 11:32:40,489 | INFO | 	                             (21, 3.6498131379403275e-08),
2026-07-06 11:32:40,489 | INFO | 	                             (22, 4.6284657599926504e-08),
2026-07-06 11:32:40,489 | INFO | 	                             (23, 4.124959211537771e-08),
2026-07-06 11:32:40,489 | INFO | 	                             (24, 4.2560707882444155e-08),
2026-07-06 11:32:40,489 | INFO | 	                             (25, 1.6526352311529993e-07),
2026-07-06 11:32:40,489 | INFO | 	                             (26, 1.8639107874918182e-08),
2026-07-06 11:32:40,489 | INFO | 	                             (27, 2.046359490748273e-08),
2026-07-06 11:32:40,489 | INFO | 	                             (28, 5.376693948733192e-08),
2026-07-06 11:32:40,489 | INFO | 	                             (29, 1.3680704967100611e-07),
2026-07-06 11:32:40,489 | INFO | 	                             (30, 3.2577891673213347e-08),
2026-07-06 11:32:40,489 | INFO | 	                             (31, 6.09284002806021e-08),
2026-07-06 11:32:40,489 | INFO | 	                             (32, 3.978066914100964e-08),
2026-07-06 11:32:40,489 | INFO | 	                             (33, 8.386511467506353e-08),
2026-07-06 11:32:40,489 | INFO | 	                             (34, 1.1185092433581373e-07),
2026-07-06 11:32:40,489 | INFO | 	                             (35, 4.274527611869416e-08),
2026-07-06 11:32:40,489 | INFO | 	                             (36, 4.862503750757697e-08),
2026-07-06 11:32:40,489 | INFO | 	                             (37, 3.447398862821417e-08),
2026-07-06 11:32:40,489 | INFO | 	                             (38, 4.45542573856983e-08),
2026-07-06 11:32:40,489 | INFO | 	                             (39, 7.172428823025712e-08),
2026-07-06 11:32:40,489 | INFO | 	                             (40, 7.338425120906322e-08),
2026-07-06 11:32:40,489 | INFO | 	                             (41, 1.2131378830655435e-07),
2026-07-06 11:32:40,489 | INFO | 	                             (42, 3.5548663674944696e-08),
2026-07-06 11:32:40,489 | INFO | 	                             (43, 2.1484970460505794e-08),
2026-07-06 11:32:40,489 | INFO | 	                             (44, 4.707990399310802e-08),
2026-07-06 11:32:40,489 | INFO | 	                             (45, 4.966050134669331e-08),
2026-07-06 11:32:40,489 | INFO | 	                             (46, 1.1175948486652487e-08),
2026-07-06 11:32:40,489 | INFO | 	                             (47, 1.3350208178053435e-07),
2026-07-06 11:32:40,489 | INFO | 	                             (48, 5.1916567969101385e-08),
2026-07-06 11:32:40,489 | INFO | 	                             (49, 4.048746660600955e-08),
2026-07-06 11:32:40,489 | INFO | 	                             (50, 5.846046093438418e-08),
2026-07-06 11:32:40,489 | INFO | 	                             (51, 9.292957860893866e-08),
2026-07-06 11:32:40,490 | INFO | 	                             (52, 5.6816824383076906e-08),
2026-07-06 11:32:40,490 | INFO | 	                             (53, 1.1623352980646731e-07),
2026-07-06 11:32:40,490 | INFO | 	                             (54, 4.232786945834733e-08),
2026-07-06 11:32:40,490 | INFO | 	                             (55, 9.987711109715748e-08),
2026-07-06 11:32:40,490 | INFO | 	                             (56, 2.5989104202039925e-08),
2026-07-06 11:32:40,490 | INFO | 	                             (57, 2.9221667148249253e-08),
2026-07-06 11:32:40,490 | INFO | 	                             (58, 6.831735859691435e-08),
2026-07-06 11:32:40,490 | INFO | 	                             (59, 7.58229231223595e-08),
2026-07-06 11:32:40,490 | INFO | 	                             (60, 6.803124009024941e-08)],
2026-07-06 11:32:40,490 | INFO | 	 'regularization_loss_p50': [(1, 1.273246467966363e-06),
2026-07-06 11:32:40,490 | INFO | 	                             (2, 1.2622372651094338e-06),
2026-07-06 11:32:40,490 | INFO | 	                             (3, 1.7209468296641717e-06),
2026-07-06 11:32:40,490 | INFO | 	                             (4, 6.79370671737793e-07),
2026-07-06 11:32:40,490 | INFO | 	                             (5, 8.669474445208485e-07),
2026-07-06 11:32:40,490 | INFO | 	                             (6, 7.162764593327996e-07),
2026-07-06 11:32:40,490 | INFO | 	                             (7, 8.026099145219312e-07),
2026-07-06 11:32:40,490 | INFO | 	                             (8, 6.277001375565305e-07),
2026-07-06 11:32:40,490 | INFO | 	                             (9, 4.432700890382486e-07),
2026-07-06 11:32:40,490 | INFO | 	                             (10, 4.370930696495634e-07),
2026-07-06 11:32:40,490 | INFO | 	                             (11, 3.8151500636509453e-07),
2026-07-06 11:32:40,490 | INFO | 	                             (12, 3.717166922948915e-07),
2026-07-06 11:32:40,490 | INFO | 	                             (13, 3.531388444710664e-07),
2026-07-06 11:32:40,490 | INFO | 	                             (14, 3.099425043728843e-07),
2026-07-06 11:32:40,490 | INFO | 	                             (15, 1.8612517891369861e-07),
2026-07-06 11:32:40,490 | INFO | 	                             (16, 2.1229136496003776e-07),
2026-07-06 11:32:40,490 | INFO | 	                             (17, 5.351636673367466e-07),
2026-07-06 11:32:40,490 | INFO | 	                             (18, 2.1294255532211536e-07),
2026-07-06 11:32:40,490 | INFO | 	                             (19, 4.880987752303987e-07),
2026-07-06 11:32:40,490 | INFO | 	                             (20, 2.968927617530426e-07),
2026-07-06 11:32:40,490 | INFO | 	                             (21, 2.8015329710013457e-07),
2026-07-06 11:32:40,490 | INFO | 	                             (22, 1.806507185619921e-07),
2026-07-06 11:32:40,490 | INFO | 	                             (23, 1.5999990239379257e-07),
2026-07-06 11:32:40,490 | INFO | 	                             (24, 2.807466367537631e-07),
2026-07-06 11:32:40,490 | INFO | 	                             (25, 4.3463330117471275e-07),
2026-07-06 11:32:40,490 | INFO | 	                             (26, 1.5724987463272554e-07),
2026-07-06 11:32:40,490 | INFO | 	                             (27, 1.383258506848506e-07),
2026-07-06 11:32:40,490 | INFO | 	                             (28, 3.6075664411328034e-07),
2026-07-06 11:32:40,490 | INFO | 	                             (29, 3.8433770770120506e-07),
2026-07-06 11:32:40,490 | INFO | 	                             (30, 1.6479748593058372e-07),
2026-07-06 11:32:40,491 | INFO | 	                             (31, 2.467058266120148e-07),
2026-07-06 11:32:40,491 | INFO | 	                             (32, 1.8144398836739128e-07),
2026-07-06 11:32:40,491 | INFO | 	                             (33, 2.3101513306755806e-07),
2026-07-06 11:32:40,491 | INFO | 	                             (34, 3.6487994066192185e-07),
2026-07-06 11:32:40,491 | INFO | 	                             (35, 1.1699332463395108e-07),
2026-07-06 11:32:40,491 | INFO | 	                             (36, 4.3106628027089756e-07),
2026-07-06 11:32:40,491 | INFO | 	                             (37, 2.54964827885086e-07),
2026-07-06 11:32:40,491 | INFO | 	                             (38, 2.461061001213238e-07),
2026-07-06 11:32:40,491 | INFO | 	                             (39, 4.418341632117517e-07),
2026-07-06 11:32:40,491 | INFO | 	                             (40, 3.850824383195287e-07),
2026-07-06 11:32:40,491 | INFO | 	                             (41, 2.733017822720285e-07),
2026-07-06 11:32:40,491 | INFO | 	                             (42, 1.2205186976643746e-07),
2026-07-06 11:32:40,491 | INFO | 	                             (43, 3.7845081237719567e-07),
2026-07-06 11:32:40,491 | INFO | 	                             (44, 2.2975210072218034e-07),
2026-07-06 11:32:40,491 | INFO | 	                             (45, 1.7968807242141338e-07),
2026-07-06 11:32:40,491 | INFO | 	                             (46, 8.38087470668394e-08),
2026-07-06 11:32:40,491 | INFO | 	                             (47, 2.543783693909063e-07),
2026-07-06 11:32:40,491 | INFO | 	                             (48, 2.5343162445077725e-07),
2026-07-06 11:32:40,491 | INFO | 	                             (49, 1.1043340527567403e-07),
2026-07-06 11:32:40,491 | INFO | 	                             (50, 1.4831435350970424e-07),
2026-07-06 11:32:40,491 | INFO | 	                             (51, 2.452886718629088e-07),
2026-07-06 11:32:40,491 | INFO | 	                             (52, 2.43900825927801e-07),
2026-07-06 11:32:40,491 | INFO | 	                             (53, 1.9225838627789925e-07),
2026-07-06 11:32:40,491 | INFO | 	                             (54, 1.8883721348728436e-07),
2026-07-06 11:32:40,491 | INFO | 	                             (55, 3.5457737785069404e-07),
2026-07-06 11:32:40,491 | INFO | 	                             (56, 3.5391622679883916e-07),
2026-07-06 11:32:40,491 | INFO | 	                             (57, 2.0067528225808928e-07),
2026-07-06 11:32:40,491 | INFO | 	                             (58, 2.1671022523150896e-07),
2026-07-06 11:32:40,491 | INFO | 	                             (59, 2.770768150674286e-07),
2026-07-06 11:32:40,491 | INFO | 	                             (60, 2.0595076648532996e-07)],
2026-07-06 11:32:40,491 | INFO | 	 'regularization_loss_p90': [(1, 2.2760114339795735e-06),
2026-07-06 11:32:40,491 | INFO | 	                             (2, 1.669826110138078e-06),
2026-07-06 11:32:40,491 | INFO | 	                             (3, 2.8342687337430182e-06),
2026-07-06 11:32:40,491 | INFO | 	                             (4, 2.0000495078420495e-06),
2026-07-06 11:32:40,491 | INFO | 	                             (5, 2.0328550453996284e-06),
2026-07-06 11:32:40,491 | INFO | 	                             (6, 1.448728521609155e-06),
2026-07-06 11:32:40,491 | INFO | 	                             (7, 2.9821635871485337e-06),
2026-07-06 11:32:40,491 | INFO | 	                             (8, 1.3888253527867903e-06),
2026-07-06 11:32:40,492 | INFO | 	                             (9, 9.470109807807603e-07),
2026-07-06 11:32:40,492 | INFO | 	                             (10, 8.238866758486979e-07),
2026-07-06 11:32:40,492 | INFO | 	                             (11, 1.0080959782499122e-06),
2026-07-06 11:32:40,492 | INFO | 	                             (12, 5.637030621085902e-07),
2026-07-06 11:32:40,492 | INFO | 	                             (13, 7.898002479112895e-07),
2026-07-06 11:32:40,492 | INFO | 	                             (14, 9.397755068401614e-07),
2026-07-06 11:32:40,492 | INFO | 	                             (15, 8.777289485806248e-07),
2026-07-06 11:32:40,492 | INFO | 	                             (16, 2.0881012803174882e-06),
2026-07-06 11:32:40,492 | INFO | 	                             (17, 3.1406925068571956e-06),
2026-07-06 11:32:40,492 | INFO | 	                             (18, 8.790911306277848e-07),
2026-07-06 11:32:40,492 | INFO | 	                             (19, 1.3591062327965186e-06),
2026-07-06 11:32:40,492 | INFO | 	                             (20, 6.225287086646364e-07),
2026-07-06 11:32:40,492 | INFO | 	                             (21, 9.323509246095107e-07),
2026-07-06 11:32:40,492 | INFO | 	                             (22, 4.374680189930982e-07),
2026-07-06 11:32:40,492 | INFO | 	                             (23, 8.717246949202614e-07),
2026-07-06 11:32:40,492 | INFO | 	                             (24, 7.752861883386522e-07),
2026-07-06 11:32:40,492 | INFO | 	                             (25, 8.519221556311434e-07),
2026-07-06 11:32:40,492 | INFO | 	                             (26, 5.167284505182349e-07),
2026-07-06 11:32:40,492 | INFO | 	                             (27, 8.910548078860393e-07),
2026-07-06 11:32:40,492 | INFO | 	                             (28, 1.5337020340666638e-06),
2026-07-06 11:32:40,492 | INFO | 	                             (29, 1.6358490665879798e-06),
2026-07-06 11:32:40,492 | INFO | 	                             (30, 6.926529319936585e-07),
2026-07-06 11:32:40,492 | INFO | 	                             (31, 4.7318516355217077e-07),
2026-07-06 11:32:40,492 | INFO | 	                             (32, 8.648038293925017e-07),
2026-07-06 11:32:40,492 | INFO | 	                             (33, 5.20845698343401e-07),
2026-07-06 11:32:40,492 | INFO | 	                             (34, 1.2377886934269527e-06),
2026-07-06 11:32:40,492 | INFO | 	                             (35, 1.431883963435496e-06),
2026-07-06 11:32:40,492 | INFO | 	                             (36, 1.088539734155347e-06),
2026-07-06 11:32:40,492 | INFO | 	                             (37, 6.101521550096882e-07),
2026-07-06 11:32:40,492 | INFO | 	                             (38, 5.287238603595309e-07),
2026-07-06 11:32:40,492 | INFO | 	                             (39, 7.735327225480543e-07),
2026-07-06 11:32:40,492 | INFO | 	                             (40, 6.674225514341145e-07),
2026-07-06 11:32:40,492 | INFO | 	                             (41, 4.7121959366743693e-07),
2026-07-06 11:32:40,492 | INFO | 	                             (42, 6.05566869593733e-07),
2026-07-06 11:32:40,492 | INFO | 	                             (43, 1.1803988531666412e-06),
2026-07-06 11:32:40,492 | INFO | 	                             (44, 7.599576474603964e-07),
2026-07-06 11:32:40,492 | INFO | 	                             (45, 3.944218205499623e-07),
2026-07-06 11:32:40,492 | INFO | 	                             (46, 5.946322943959272e-07),
2026-07-06 11:32:40,493 | INFO | 	                             (47, 1.252380414817313e-06),
2026-07-06 11:32:40,493 | INFO | 	                             (48, 7.963119003951532e-07),
2026-07-06 11:32:40,493 | INFO | 	                             (49, 5.733449748306969e-07),
2026-07-06 11:32:40,493 | INFO | 	                             (50, 3.274018203752742e-07),
2026-07-06 11:32:40,493 | INFO | 	                             (51, 5.469748540084158e-07),
2026-07-06 11:32:40,493 | INFO | 	                             (52, 8.79354906983694e-07),
2026-07-06 11:32:40,493 | INFO | 	                             (53, 4.253799714777794e-07),
2026-07-06 11:32:40,493 | INFO | 	                             (54, 5.195533155597878e-07),
2026-07-06 11:32:40,493 | INFO | 	                             (55, 4.909638765920026e-07),
2026-07-06 11:32:40,493 | INFO | 	                             (56, 8.770133405769342e-07),
2026-07-06 11:32:40,493 | INFO | 	                             (57, 4.564485970091636e-07),
2026-07-06 11:32:40,493 | INFO | 	                             (58, 4.5107981478776097e-07),
2026-07-06 11:32:40,493 | INFO | 	                             (59, 4.89426818696167e-07),
2026-07-06 11:32:40,493 | INFO | 	                             (60, 3.8725618989237825e-07)],
2026-07-06 11:32:40,493 | INFO | 	 'regularization_loss_std': [(1, 6.644292925805279e-07),
2026-07-06 11:32:40,493 | INFO | 	                             (2, 6.508249341574885e-07),
2026-07-06 11:32:40,493 | INFO | 	                             (3, 9.161336580050326e-07),
2026-07-06 11:32:40,493 | INFO | 	                             (4, 7.662593549325968e-07),
2026-07-06 11:32:40,493 | INFO | 	                             (5, 1.5626630817353962e-06),
2026-07-06 11:32:40,493 | INFO | 	                             (6, 4.5084874101778703e-07),
2026-07-06 11:32:40,493 | INFO | 	                             (7, 1.143627609868355e-06),
2026-07-06 11:32:40,493 | INFO | 	                             (8, 1.4672810456229725e-06),
2026-07-06 11:32:40,493 | INFO | 	                             (9, 8.805188466884396e-07),
2026-07-06 11:32:40,493 | INFO | 	                             (10, 6.881169048932147e-07),
2026-07-06 11:32:40,493 | INFO | 	                             (11, 5.203664618492942e-07),
2026-07-06 11:32:40,493 | INFO | 	                             (12, 1.8447296795334162e-07),
2026-07-06 11:32:40,493 | INFO | 	                             (13, 2.8524266768693866e-07),
2026-07-06 11:32:40,493 | INFO | 	                             (14, 7.18041161047758e-07),
2026-07-06 11:32:40,493 | INFO | 	                             (15, 3.3291546741463365e-07),
2026-07-06 11:32:40,493 | INFO | 	                             (16, 8.987525784500897e-07),
2026-07-06 11:32:40,493 | INFO | 	                             (17, 4.224394393440061e-06),
2026-07-06 11:32:40,493 | INFO | 	                             (18, 3.948212845874331e-07),
2026-07-06 11:32:40,493 | INFO | 	                             (19, 4.738419692120403e-07),
2026-07-06 11:32:40,493 | INFO | 	                             (20, 2.558605728498463e-07),
2026-07-06 11:32:40,493 | INFO | 	                             (21, 4.3135460368406077e-07),
2026-07-06 11:32:40,493 | INFO | 	                             (22, 2.521798989179772e-07),
2026-07-06 11:32:40,493 | INFO | 	                             (23, 3.422451961359951e-07),
2026-07-06 11:32:40,493 | INFO | 	                             (24, 6.296455403789086e-06),
2026-07-06 11:32:40,493 | INFO | 	                             (25, 3.963279831343308e-07),
2026-07-06 11:32:40,494 | INFO | 	                             (26, 3.958518402347227e-07),
2026-07-06 11:32:40,494 | INFO | 	                             (27, 6.062616126437888e-07),
2026-07-06 11:32:40,494 | INFO | 	                             (28, 6.678658021067127e-07),
2026-07-06 11:32:40,494 | INFO | 	                             (29, 5.757180724965683e-07),
2026-07-06 11:32:40,494 | INFO | 	                             (30, 2.887716563962853e-07),
2026-07-06 11:32:40,494 | INFO | 	                             (31, 2.0867499358407814e-07),
2026-07-06 11:32:40,494 | INFO | 	                             (32, 3.817827240313475e-07),
2026-07-06 11:32:40,494 | INFO | 	                             (33, 2.1460151499455058e-07),
2026-07-06 11:32:40,494 | INFO | 	                             (34, 5.434032901207559e-07),
2026-07-06 11:32:40,494 | INFO | 	                             (35, 2.1373509106133646e-06),
2026-07-06 11:32:40,494 | INFO | 	                             (36, 5.669548156183472e-07),
2026-07-06 11:32:40,494 | INFO | 	                             (37, 2.2481672207731253e-07),
2026-07-06 11:32:40,494 | INFO | 	                             (38, 2.0483501596750432e-07),
2026-07-06 11:32:40,494 | INFO | 	                             (39, 2.6297176526697534e-07),
2026-07-06 11:32:40,494 | INFO | 	                             (40, 2.491154331566257e-07),
2026-07-06 11:32:40,494 | INFO | 	                             (41, 1.6420916314020486e-07),
2026-07-06 11:32:40,494 | INFO | 	                             (42, 2.695611889041944e-07),
2026-07-06 11:32:40,494 | INFO | 	                             (43, 4.743556907686009e-07),
2026-07-06 11:32:40,494 | INFO | 	                             (44, 2.7090468835326016e-07),
2026-07-06 11:32:40,494 | INFO | 	                             (45, 1.6889475136424077e-07),
2026-07-06 11:32:40,494 | INFO | 	                             (46, 3.1238657386939204e-07),
2026-07-06 11:32:40,494 | INFO | 	                             (47, 2.564035149300414e-06),
2026-07-06 11:32:40,494 | INFO | 	                             (48, 8.229094481774222e-07),
2026-07-06 11:32:40,494 | INFO | 	                             (49, 2.4849790322681906e-07),
2026-07-06 11:32:40,494 | INFO | 	                             (50, 9.73081652957641e-08),
2026-07-06 11:32:40,494 | INFO | 	                             (51, 1.7632243701031144e-07),
2026-07-06 11:32:40,494 | INFO | 	                             (52, 3.250398253128764e-07),
2026-07-06 11:32:40,494 | INFO | 	                             (53, 5.587133663045429e-06),
2026-07-06 11:32:40,494 | INFO | 	                             (54, 6.471853415758694e-06),
2026-07-06 11:32:40,494 | INFO | 	                             (55, 2.77589477489952e-07),
2026-07-06 11:32:40,494 | INFO | 	                             (56, 4.2081664274749485e-07),
2026-07-06 11:32:40,494 | INFO | 	                             (57, 1.8358593993088357e-07),
2026-07-06 11:32:40,494 | INFO | 	                             (58, 2.9875098076364034e-07),
2026-07-06 11:32:40,494 | INFO | 	                             (59, 1.6271136221747073e-07),
2026-07-06 11:32:40,494 | INFO | 	                             (60, 1.6772250084699397e-07)],
2026-07-06 11:32:40,494 | INFO | 	 'selected_count': [(1, 15),
2026-07-06 11:32:40,494 | INFO | 	                    (2, 15),
2026-07-06 11:32:40,494 | INFO | 	                    (3, 15),
2026-07-06 11:32:40,495 | INFO | 	                    (4, 15),
2026-07-06 11:32:40,495 | INFO | 	                    (5, 15),
2026-07-06 11:32:40,495 | INFO | 	                    (6, 15),
2026-07-06 11:32:40,495 | INFO | 	                    (7, 15),
2026-07-06 11:32:40,495 | INFO | 	                    (8, 15),
2026-07-06 11:32:40,495 | INFO | 	                    (9, 15),
2026-07-06 11:32:40,495 | INFO | 	                    (10, 15),
2026-07-06 11:32:40,495 | INFO | 	                    (11, 15),
2026-07-06 11:32:40,495 | INFO | 	                    (12, 15),
2026-07-06 11:32:40,495 | INFO | 	                    (13, 15),
2026-07-06 11:32:40,495 | INFO | 	                    (14, 15),
2026-07-06 11:32:40,495 | INFO | 	                    (15, 15),
2026-07-06 11:32:40,495 | INFO | 	                    (16, 15),
2026-07-06 11:32:40,495 | INFO | 	                    (17, 15),
2026-07-06 11:32:40,495 | INFO | 	                    (18, 15),
2026-07-06 11:32:40,495 | INFO | 	                    (19, 15),
2026-07-06 11:32:40,495 | INFO | 	                    (20, 15),
2026-07-06 11:32:40,495 | INFO | 	                    (21, 15),
2026-07-06 11:32:40,495 | INFO | 	                    (22, 15),
2026-07-06 11:32:40,495 | INFO | 	                    (23, 15),
2026-07-06 11:32:40,495 | INFO | 	                    (24, 15),
2026-07-06 11:32:40,495 | INFO | 	                    (25, 15),
2026-07-06 11:32:40,495 | INFO | 	                    (26, 15),
2026-07-06 11:32:40,495 | INFO | 	                    (27, 15),
2026-07-06 11:32:40,495 | INFO | 	                    (28, 15),
2026-07-06 11:32:40,495 | INFO | 	                    (29, 15),
2026-07-06 11:32:40,495 | INFO | 	                    (30, 15),
2026-07-06 11:32:40,495 | INFO | 	                    (31, 15),
2026-07-06 11:32:40,495 | INFO | 	                    (32, 15),
2026-07-06 11:32:40,495 | INFO | 	                    (33, 15),
2026-07-06 11:32:40,495 | INFO | 	                    (34, 15),
2026-07-06 11:32:40,495 | INFO | 	                    (35, 15),
2026-07-06 11:32:40,495 | INFO | 	                    (36, 15),
2026-07-06 11:32:40,495 | INFO | 	                    (37, 15),
2026-07-06 11:32:40,495 | INFO | 	                    (38, 15),
2026-07-06 11:32:40,495 | INFO | 	                    (39, 15),
2026-07-06 11:32:40,495 | INFO | 	                    (40, 15),
2026-07-06 11:32:40,495 | INFO | 	                    (41, 15),
2026-07-06 11:32:40,495 | INFO | 	                    (42, 15),
2026-07-06 11:32:40,496 | INFO | 	                    (43, 15),
2026-07-06 11:32:40,496 | INFO | 	                    (44, 15),
2026-07-06 11:32:40,496 | INFO | 	                    (45, 15),
2026-07-06 11:32:40,496 | INFO | 	                    (46, 15),
2026-07-06 11:32:40,496 | INFO | 	                    (47, 15),
2026-07-06 11:32:40,496 | INFO | 	                    (48, 15),
2026-07-06 11:32:40,496 | INFO | 	                    (49, 15),
2026-07-06 11:32:40,496 | INFO | 	                    (50, 15),
2026-07-06 11:32:40,496 | INFO | 	                    (51, 15),
2026-07-06 11:32:40,496 | INFO | 	                    (52, 15),
2026-07-06 11:32:40,496 | INFO | 	                    (53, 15),
2026-07-06 11:32:40,496 | INFO | 	                    (54, 15),
2026-07-06 11:32:40,496 | INFO | 	                    (55, 15),
2026-07-06 11:32:40,496 | INFO | 	                    (56, 15),
2026-07-06 11:32:40,496 | INFO | 	                    (57, 15),
2026-07-06 11:32:40,496 | INFO | 	                    (58, 15),
2026-07-06 11:32:40,496 | INFO | 	                    (59, 15),
2026-07-06 11:32:40,496 | INFO | 	                    (60, 15)],
2026-07-06 11:32:40,496 | INFO | 	 'selected_examples': [(1, 2363),
2026-07-06 11:32:40,496 | INFO | 	                       (2, 2180),
2026-07-06 11:32:40,496 | INFO | 	                       (3, 2209),
2026-07-06 11:32:40,496 | INFO | 	                       (4, 2335),
2026-07-06 11:32:40,496 | INFO | 	                       (5, 1743),
2026-07-06 11:32:40,496 | INFO | 	                       (6, 2411),
2026-07-06 11:32:40,496 | INFO | 	                       (7, 2366),
2026-07-06 11:32:40,496 | INFO | 	                       (8, 2075),
2026-07-06 11:32:40,496 | INFO | 	                       (9, 1581),
2026-07-06 11:32:40,496 | INFO | 	                       (10, 2556),
2026-07-06 11:32:40,496 | INFO | 	                       (11, 3421),
2026-07-06 11:32:40,496 | INFO | 	                       (12, 1928),
2026-07-06 11:32:40,496 | INFO | 	                       (13, 1779),
2026-07-06 11:32:40,496 | INFO | 	                       (14, 1333),
2026-07-06 11:32:40,496 | INFO | 	                       (15, 1656),
2026-07-06 11:32:40,496 | INFO | 	                       (16, 1990),
2026-07-06 11:32:40,496 | INFO | 	                       (17, 1767),
2026-07-06 11:32:40,496 | INFO | 	                       (18, 1559),
2026-07-06 11:32:40,496 | INFO | 	                       (19, 2448),
2026-07-06 11:32:40,496 | INFO | 	                       (20, 2683),
2026-07-06 11:32:40,496 | INFO | 	                       (21, 2756),
2026-07-06 11:32:40,497 | INFO | 	                       (22, 1157),
2026-07-06 11:32:40,497 | INFO | 	                       (23, 1286),
2026-07-06 11:32:40,497 | INFO | 	                       (24, 3578),
2026-07-06 11:32:40,497 | INFO | 	                       (25, 2133),
2026-07-06 11:32:40,497 | INFO | 	                       (26, 1529),
2026-07-06 11:32:40,497 | INFO | 	                       (27, 2319),
2026-07-06 11:32:40,497 | INFO | 	                       (28, 1737),
2026-07-06 11:32:40,497 | INFO | 	                       (29, 2968),
2026-07-06 11:32:40,497 | INFO | 	                       (30, 2279),
2026-07-06 11:32:40,497 | INFO | 	                       (31, 2899),
2026-07-06 11:32:40,497 | INFO | 	                       (32, 3540),
2026-07-06 11:32:40,497 | INFO | 	                       (33, 4000),
2026-07-06 11:32:40,497 | INFO | 	                       (34, 5847),
2026-07-06 11:32:40,497 | INFO | 	                       (35, 1905),
2026-07-06 11:32:40,497 | INFO | 	                       (36, 1527),
2026-07-06 11:32:40,497 | INFO | 	                       (37, 5135),
2026-07-06 11:32:40,497 | INFO | 	                       (38, 3690),
2026-07-06 11:32:40,497 | INFO | 	                       (39, 4371),
2026-07-06 11:32:40,497 | INFO | 	                       (40, 2913),
2026-07-06 11:32:40,497 | INFO | 	                       (41, 2399),
2026-07-06 11:32:40,497 | INFO | 	                       (42, 2168),
2026-07-06 11:32:40,497 | INFO | 	                       (43, 4163),
2026-07-06 11:32:40,497 | INFO | 	                       (44, 2178),
2026-07-06 11:32:40,497 | INFO | 	                       (45, 2462),
2026-07-06 11:32:40,497 | INFO | 	                       (46, 2551),
2026-07-06 11:32:40,497 | INFO | 	                       (47, 2767),
2026-07-06 11:32:40,497 | INFO | 	                       (48, 4252),
2026-07-06 11:32:40,497 | INFO | 	                       (49, 4023),
2026-07-06 11:32:40,497 | INFO | 	                       (50, 2690),
2026-07-06 11:32:40,497 | INFO | 	                       (51, 2306),
2026-07-06 11:32:40,497 | INFO | 	                       (52, 3153),
2026-07-06 11:32:40,497 | INFO | 	                       (53, 2085),
2026-07-06 11:32:40,497 | INFO | 	                       (54, 3683),
2026-07-06 11:32:40,497 | INFO | 	                       (55, 3937),
2026-07-06 11:32:40,497 | INFO | 	                       (56, 2156),
2026-07-06 11:32:40,497 | INFO | 	                       (57, 2966),
2026-07-06 11:32:40,497 | INFO | 	                       (58, 2597),
2026-07-06 11:32:40,497 | INFO | 	                       (59, 4793),
2026-07-06 11:32:40,498 | INFO | 	                       (60, 2092)],
2026-07-06 11:32:40,498 | INFO | 	 'task_loss_max': [(1, 1.4290938019752502),
2026-07-06 11:32:40,498 | INFO | 	                   (2, 1.075764673948288),
2026-07-06 11:32:40,498 | INFO | 	                   (3, 1.2039456486701965),
2026-07-06 11:32:40,498 | INFO | 	                   (4, 0.7573562004064259),
2026-07-06 11:32:40,498 | INFO | 	                   (5, 0.8604623436927795),
2026-07-06 11:32:40,498 | INFO | 	                   (6, 0.8088624668166493),
2026-07-06 11:32:40,498 | INFO | 	                   (7, 0.46120648086071014),
2026-07-06 11:32:40,498 | INFO | 	                   (8, 0.5341700553893134),
2026-07-06 11:32:40,498 | INFO | 	                   (9, 0.4167874172329903),
2026-07-06 11:32:40,498 | INFO | 	                   (10, 0.3932575285434723),
2026-07-06 11:32:40,498 | INFO | 	                   (11, 0.575114232301712),
2026-07-06 11:32:40,498 | INFO | 	                   (12, 0.38799805343151095),
2026-07-06 11:32:40,498 | INFO | 	                   (13, 0.3836895741522312),
2026-07-06 11:32:40,498 | INFO | 	                   (14, 0.3599417209625244),
2026-07-06 11:32:40,498 | INFO | 	                   (15, 0.3040078282356262),
2026-07-06 11:32:40,498 | INFO | 	                   (16, 0.3047375537455082),
2026-07-06 11:32:40,498 | INFO | 	                   (17, 0.9761822700500489),
2026-07-06 11:32:40,498 | INFO | 	                   (18, 0.24631357342004775),
2026-07-06 11:32:40,498 | INFO | 	                   (19, 0.6629772438202053),
2026-07-06 11:32:40,498 | INFO | 	                   (20, 0.276828870177269),
2026-07-06 11:32:40,498 | INFO | 	                   (21, 0.2510386526905787),
2026-07-06 11:32:40,498 | INFO | 	                   (22, 0.306900205090642),
2026-07-06 11:32:40,498 | INFO | 	                   (23, 0.20972835067659618),
2026-07-06 11:32:40,498 | INFO | 	                   (24, 0.7503328323364258),
2026-07-06 11:32:40,498 | INFO | 	                   (25, 0.40705272406339643),
2026-07-06 11:32:40,498 | INFO | 	                   (26, 0.30025141388177873),
2026-07-06 11:32:40,498 | INFO | 	                   (27, 0.2758277260843897),
2026-07-06 11:32:40,498 | INFO | 	                   (28, 0.2515863716020249),
2026-07-06 11:32:40,498 | INFO | 	                   (29, 0.24373458756599575),
2026-07-06 11:32:40,498 | INFO | 	                   (30, 0.34939687699079514),
2026-07-06 11:32:40,498 | INFO | 	                   (31, 0.27734710249705646),
2026-07-06 11:32:40,498 | INFO | 	                   (32, 0.24600483030080794),
2026-07-06 11:32:40,498 | INFO | 	                   (33, 0.25141244381666183),
2026-07-06 11:32:40,498 | INFO | 	                   (34, 0.7027756481120984),
2026-07-06 11:32:40,498 | INFO | 	                   (35, 0.3679000768810511),
2026-07-06 11:32:40,498 | INFO | 	                   (36, 0.7457279190872654),
2026-07-06 11:32:40,498 | INFO | 	                   (37, 0.12895030023225773),
2026-07-06 11:32:40,498 | INFO | 	                   (38, 0.28471477040180715),
2026-07-06 11:32:40,499 | INFO | 	                   (39, 0.3696644276380539),
2026-07-06 11:32:40,499 | INFO | 	                   (40, 0.3475468873977661),
2026-07-06 11:32:40,499 | INFO | 	                   (41, 0.24639519304037094),
2026-07-06 11:32:40,499 | INFO | 	                   (42, 0.27354111075401305),
2026-07-06 11:32:40,499 | INFO | 	                   (43, 0.30919961957260966),
2026-07-06 11:32:40,499 | INFO | 	                   (44, 0.3748525086790323),
2026-07-06 11:32:40,499 | INFO | 	                   (45, 0.2237320475280285),
2026-07-06 11:32:40,499 | INFO | 	                   (46, 0.1827636905014515),
2026-07-06 11:32:40,499 | INFO | 	                   (47, 0.26561589241027833),
2026-07-06 11:32:40,499 | INFO | 	                   (48, 0.1800440888851881),
2026-07-06 11:32:40,499 | INFO | 	                   (49, 0.15248080404066458),
2026-07-06 11:32:40,499 | INFO | 	                   (50, 0.20579039305448532),
2026-07-06 11:32:40,499 | INFO | 	                   (51, 0.29919867813587187),
2026-07-06 11:32:40,499 | INFO | 	                   (52, 0.2369609072804451),
2026-07-06 11:32:40,499 | INFO | 	                   (53, 0.3650352478027344),
2026-07-06 11:32:40,499 | INFO | 	                   (54, 0.5116020202636719),
2026-07-06 11:32:40,499 | INFO | 	                   (55, 0.38747233084656973),
2026-07-06 11:32:40,499 | INFO | 	                   (56, 0.2082490123808384),
2026-07-06 11:32:40,499 | INFO | 	                   (57, 0.2542188290506601),
2026-07-06 11:32:40,499 | INFO | 	                   (58, 0.18981642564930068),
2026-07-06 11:32:40,499 | INFO | 	                   (59, 0.2143586292862892),
2026-07-06 11:32:40,499 | INFO | 	                   (60, 0.36699563163671306)],
2026-07-06 11:32:40,499 | INFO | 	 'task_loss_mean': [(1, 0.7596054414110793),
2026-07-06 11:32:40,499 | INFO | 	                    (2, 0.6530646678963988),
2026-07-06 11:32:40,499 | INFO | 	                    (3, 0.7070915323190785),
2026-07-06 11:32:40,499 | INFO | 	                    (4, 0.39399200906544896),
2026-07-06 11:32:40,499 | INFO | 	                    (5, 0.4206330432944158),
2026-07-06 11:32:40,499 | INFO | 	                    (6, 0.3829716544190669),
2026-07-06 11:32:40,499 | INFO | 	                    (7, 0.2724177964455477),
2026-07-06 11:32:40,499 | INFO | 	                    (8, 0.29466274933156583),
2026-07-06 11:32:40,499 | INFO | 	                    (9, 0.19310258467037167),
2026-07-06 11:32:40,499 | INFO | 	                    (10, 0.22664481148186916),
2026-07-06 11:32:40,499 | INFO | 	                    (11, 0.1673760128613461),
2026-07-06 11:32:40,499 | INFO | 	                    (12, 0.19162110374485955),
2026-07-06 11:32:40,499 | INFO | 	                    (13, 0.19599848360675096),
2026-07-06 11:32:40,499 | INFO | 	                    (14, 0.16801580094640226),
2026-07-06 11:32:40,499 | INFO | 	                    (15, 0.13777080514115447),
2026-07-06 11:32:40,499 | INFO | 	                    (16, 0.15421784084098353),
2026-07-06 11:32:40,500 | INFO | 	                    (17, 0.32056622359970366),
2026-07-06 11:32:40,500 | INFO | 	                    (18, 0.1303899924620265),
2026-07-06 11:32:40,500 | INFO | 	                    (19, 0.2777583524287273),
2026-07-06 11:32:40,500 | INFO | 	                    (20, 0.15728545427085058),
2026-07-06 11:32:40,500 | INFO | 	                    (21, 0.10057307320795321),
2026-07-06 11:32:40,500 | INFO | 	                    (22, 0.11929781875603146),
2026-07-06 11:32:40,500 | INFO | 	                    (23, 0.08666288773175508),
2026-07-06 11:32:40,500 | INFO | 	                    (24, 0.12723818048665522),
2026-07-06 11:32:40,500 | INFO | 	                    (25, 0.14966268184484818),
2026-07-06 11:32:40,500 | INFO | 	                    (26, 0.11127344678630137),
2026-07-06 11:32:40,500 | INFO | 	                    (27, 0.10142902120807733),
2026-07-06 11:32:40,500 | INFO | 	                    (28, 0.1071346414733784),
2026-07-06 11:32:40,500 | INFO | 	                    (29, 0.1313249155931261),
2026-07-06 11:32:40,500 | INFO | 	                    (30, 0.11254705118685289),
2026-07-06 11:32:40,500 | INFO | 	                    (31, 0.1148637513448406),
2026-07-06 11:32:40,500 | INFO | 	                    (32, 0.10407314428592034),
2026-07-06 11:32:40,500 | INFO | 	                    (33, 0.12574182896454883),
2026-07-06 11:32:40,500 | INFO | 	                    (34, 0.16147612341311082),
2026-07-06 11:32:40,500 | INFO | 	                    (35, 0.11788384816107995),
2026-07-06 11:32:40,500 | INFO | 	                    (36, 0.18533695796709948),
2026-07-06 11:32:40,500 | INFO | 	                    (37, 0.07519190301916485),
2026-07-06 11:32:40,500 | INFO | 	                    (38, 0.12748955771120773),
2026-07-06 11:32:40,500 | INFO | 	                    (39, 0.12913230673133566),
2026-07-06 11:32:40,500 | INFO | 	                    (40, 0.11145794482077435),
2026-07-06 11:32:40,500 | INFO | 	                    (41, 0.11442827049340729),
2026-07-06 11:32:40,500 | INFO | 	                    (42, 0.10701351981301362),
2026-07-06 11:32:40,500 | INFO | 	                    (43, 0.14487546372772703),
2026-07-06 11:32:40,500 | INFO | 	                    (44, 0.12175209179791899),
2026-07-06 11:32:40,500 | INFO | 	                    (45, 0.08996919974383805),
2026-07-06 11:32:40,500 | INFO | 	                    (46, 0.06963408055333857),
2026-07-06 11:32:40,500 | INFO | 	                    (47, 0.0989829690447454),
2026-07-06 11:32:40,500 | INFO | 	                    (48, 0.08959076908607885),
2026-07-06 11:32:40,500 | INFO | 	                    (49, 0.0736940411045382),
2026-07-06 11:32:40,500 | INFO | 	                    (50, 0.10037675283478914),
2026-07-06 11:32:40,500 | INFO | 	                    (51, 0.12757280033695623),
2026-07-06 11:32:40,500 | INFO | 	                    (52, 0.10192897071469689),
2026-07-06 11:32:40,500 | INFO | 	                    (53, 0.08807332727980312),
2026-07-06 11:32:40,500 | INFO | 	                    (54, 0.11858490265196292),
2026-07-06 11:32:40,500 | INFO | 	                    (55, 0.11950856979925507),
2026-07-06 11:32:40,501 | INFO | 	                    (56, 0.08673362106361006),
2026-07-06 11:32:40,501 | INFO | 	                    (57, 0.0976419179366456),
2026-07-06 11:32:40,501 | INFO | 	                    (58, 0.08629081977690532),
2026-07-06 11:32:40,501 | INFO | 	                    (59, 0.07596256281029261),
2026-07-06 11:32:40,501 | INFO | 	                    (60, 0.09693262315523944)],
2026-07-06 11:32:40,501 | INFO | 	 'task_loss_min': [(1, 0.19229123392474023),
2026-07-06 11:32:40,501 | INFO | 	                   (2, 0.32339781309877125),
2026-07-06 11:32:40,501 | INFO | 	                   (3, 0.18329275846481324),
2026-07-06 11:32:40,501 | INFO | 	                   (4, 0.09976098220795393),
2026-07-06 11:32:40,501 | INFO | 	                   (5, 0.16728984639048577),
2026-07-06 11:32:40,501 | INFO | 	                   (6, 0.1522011861205101),
2026-07-06 11:32:40,501 | INFO | 	                   (7, 0.04798208003194304),
2026-07-06 11:32:40,501 | INFO | 	                   (8, 0.0768030577339232),
2026-07-06 11:32:40,501 | INFO | 	                   (9, 0.051733245979994534),
2026-07-06 11:32:40,501 | INFO | 	                   (10, 0.05708593889992713),
2026-07-06 11:32:40,501 | INFO | 	                   (11, 0.002599428920075297),
2026-07-06 11:32:40,501 | INFO | 	                   (12, 0.03623614889656892),
2026-07-06 11:32:40,501 | INFO | 	                   (13, 0.08570265620946885),
2026-07-06 11:32:40,501 | INFO | 	                   (14, 0.035879453923553226),
2026-07-06 11:32:40,501 | INFO | 	                   (15, 0.02874264099472572),
2026-07-06 11:32:40,501 | INFO | 	                   (16, 0.012461927067488433),
2026-07-06 11:32:40,501 | INFO | 	                   (17, 0.04430894795805216),
2026-07-06 11:32:40,501 | INFO | 	                   (18, 0.018994497135281563),
2026-07-06 11:32:40,501 | INFO | 	                   (19, 0.09969901870936156),
2026-07-06 11:32:40,501 | INFO | 	                   (20, 0.053103528130775145),
2026-07-06 11:32:40,501 | INFO | 	                   (21, 0.016734387166798113),
2026-07-06 11:32:40,501 | INFO | 	                   (22, 0.001293372199870646),
2026-07-06 11:32:40,501 | INFO | 	                   (23, 0.006276061059907079),
2026-07-06 11:32:40,501 | INFO | 	                   (24, 0.007537926221266389),
2026-07-06 11:32:40,501 | INFO | 	                   (25, 0.0306379722575736),
2026-07-06 11:32:40,501 | INFO | 	                   (26, 0.0048554052598774435),
2026-07-06 11:32:40,502 | INFO | 	                   (27, 0.006585459411144257),
2026-07-06 11:32:40,502 | INFO | 	                   (28, 0.026885946094989777),
2026-07-06 11:32:40,502 | INFO | 	                   (29, 0.031549925170838836),
2026-07-06 11:32:40,502 | INFO | 	                   (30, 0.0009258632664568723),
2026-07-06 11:32:40,502 | INFO | 	                   (31, 0.02897456386126578),
2026-07-06 11:32:40,502 | INFO | 	                   (32, 0.012856176402419806),
2026-07-06 11:32:40,502 | INFO | 	                   (33, 0.014835616759955882),
2026-07-06 11:32:40,502 | INFO | 	                   (34, 0.016403446052388648),
2026-07-06 11:32:40,502 | INFO | 	                   (35, 2.2530301794176922e-05),
2026-07-06 11:32:40,502 | INFO | 	                   (36, 0.003498302958905697),
2026-07-06 11:32:40,502 | INFO | 	                   (37, 0.0006111648748628795),
2026-07-06 11:32:40,502 | INFO | 	                   (38, 0.0003139479085803032),
2026-07-06 11:32:40,502 | INFO | 	                   (39, 0.020261047780513762),
2026-07-06 11:32:40,502 | INFO | 	                   (40, 0.026300009365067566),
2026-07-06 11:32:40,502 | INFO | 	                   (41, 0.035238252847921106),
2026-07-06 11:32:40,502 | INFO | 	                   (42, 0.009327581431716681),
2026-07-06 11:32:40,502 | INFO | 	                   (43, 0.0002641327737364918),
2026-07-06 11:32:40,502 | INFO | 	                   (44, 0.02237318716943264),
2026-07-06 11:32:40,502 | INFO | 	                   (45, 0.008950200211256743),
2026-07-06 11:32:40,502 | INFO | 	                   (46, 0.01328228209167719),
2026-07-06 11:32:40,502 | INFO | 	                   (47, 0.0015532715711742639),
2026-07-06 11:32:40,502 | INFO | 	                   (48, 0.006933117471635342),
2026-07-06 11:32:40,502 | INFO | 	                   (49, 0.01395963914692402),
2026-07-06 11:32:40,502 | INFO | 	                   (50, 0.0077651084400713445),
2026-07-06 11:32:40,502 | INFO | 	                   (51, 0.008757876977324486),
2026-07-06 11:32:40,502 | INFO | 	                   (52, 0.010309830959886312),
2026-07-06 11:32:40,502 | INFO | 	                   (53, 0.029762458347249776),
2026-07-06 11:32:40,502 | INFO | 	                   (54, 0.0025674808537587525),
2026-07-06 11:32:40,502 | INFO | 	                   (55, 0.015302836033515631),
2026-07-06 11:32:40,502 | INFO | 	                   (56, 0.015996417868882416),
2026-07-06 11:32:40,502 | INFO | 	                   (57, 0.0061711421702057125),
2026-07-06 11:32:40,502 | INFO | 	                   (58, 0.016308350022882223),
2026-07-06 11:32:40,502 | INFO | 	                   (59, 0.015337938812933102),
2026-07-06 11:32:40,503 | INFO | 	                   (60, 0.017834451422095297)],
2026-07-06 11:32:40,503 | INFO | 	 'task_loss_p10': [(1, 0.47821641985051055),
2026-07-06 11:32:40,503 | INFO | 	                   (2, 0.3761905158447922),
2026-07-06 11:32:40,503 | INFO | 	                   (3, 0.2570792044368777),
2026-07-06 11:32:40,503 | INFO | 	                   (4, 0.13279503879023763),
2026-07-06 11:32:40,503 | INFO | 	                   (5, 0.19184713550062493),
2026-07-06 11:32:40,503 | INFO | 	                   (6, 0.19834664344787598),
2026-07-06 11:32:40,503 | INFO | 	                   (7, 0.08281579985823666),
2026-07-06 11:32:40,503 | INFO | 	                   (8, 0.09224881649017334),
2026-07-06 11:32:40,503 | INFO | 	                   (9, 0.07195856586098671),
2026-07-06 11:32:40,503 | INFO | 	                   (10, 0.10256673306226731),
2026-07-06 11:32:40,503 | INFO | 	                   (11, 0.04493945587950479),
2026-07-06 11:32:40,503 | INFO | 	                   (12, 0.11565019324421882),
2026-07-06 11:32:40,503 | INFO | 	                   (13, 0.09686768994818097),
2026-07-06 11:32:40,503 | INFO | 	                   (14, 0.07776437096297742),
2026-07-06 11:32:40,503 | INFO | 	                   (15, 0.04049533669945606),
2026-07-06 11:32:40,503 | INFO | 	                   (16, 0.029232338629662995),
2026-07-06 11:32:40,503 | INFO | 	                   (17, 0.11154388142476132),
2026-07-06 11:32:40,503 | INFO | 	                   (18, 0.04603706519395181),
2026-07-06 11:32:40,503 | INFO | 	                   (19, 0.11931130324973878),
2026-07-06 11:32:40,503 | INFO | 	                   (20, 0.0666570677987554),
2026-07-06 11:32:40,503 | INFO | 	                   (21, 0.02527142228325829),
2026-07-06 11:32:40,503 | INFO | 	                   (22, 0.038042688649147754),
2026-07-06 11:32:40,503 | INFO | 	                   (23, 0.028860092843690562),
2026-07-06 11:32:40,503 | INFO | 	                   (24, 0.038039247617125516),
2026-07-06 11:32:40,503 | INFO | 	                   (25, 0.042629873001933445),
2026-07-06 11:32:40,503 | INFO | 	                   (26, 0.03179118108004332),
2026-07-06 11:32:40,503 | INFO | 	                   (27, 0.015668075773864983),
2026-07-06 11:32:40,503 | INFO | 	                   (28, 0.038706066124141215),
2026-07-06 11:32:40,503 | INFO | 	                   (29, 0.04544980215080333),
2026-07-06 11:32:40,503 | INFO | 	                   (30, 0.026156340427696708),
2026-07-06 11:32:40,503 | INFO | 	                   (31, 0.047531121820211415),
2026-07-06 11:32:40,503 | INFO | 	                   (32, 0.016838575741276146),
2026-07-06 11:32:40,504 | INFO | 	                   (33, 0.0411597357457363),
2026-07-06 11:32:40,504 | INFO | 	                   (34, 0.05243776587379533),
2026-07-06 11:32:40,504 | INFO | 	                   (35, 0.01747886644676328),
2026-07-06 11:32:40,504 | INFO | 	                   (36, 0.028546165535226473),
2026-07-06 11:32:40,504 | INFO | 	                   (37, 0.01652710603227197),
2026-07-06 11:32:40,504 | INFO | 	                   (38, 0.04854361366480589),
2026-07-06 11:32:40,504 | INFO | 	                   (39, 0.04630208364965824),
2026-07-06 11:32:40,504 | INFO | 	                   (40, 0.032519152034074066),
2026-07-06 11:32:40,504 | INFO | 	                   (41, 0.039558928538737215),
2026-07-06 11:32:40,504 | INFO | 	                   (42, 0.020725949198240418),
2026-07-06 11:32:40,504 | INFO | 	                   (43, 0.027443334162235263),
2026-07-06 11:32:40,504 | INFO | 	                   (44, 0.034034672355919615),
2026-07-06 11:32:40,504 | INFO | 	                   (45, 0.02464798076906138),
2026-07-06 11:32:40,504 | INFO | 	                   (46, 0.014385541286319496),
2026-07-06 11:32:40,504 | INFO | 	                   (47, 0.026636301003762682),
2026-07-06 11:32:40,504 | INFO | 	                   (48, 0.044019784374531044),
2026-07-06 11:32:40,504 | INFO | 	                   (49, 0.03227568491990489),
2026-07-06 11:32:40,504 | INFO | 	                   (50, 0.03772751152515411),
2026-07-06 11:32:40,504 | INFO | 	                   (51, 0.04930483592674136),
2026-07-06 11:32:40,504 | INFO | 	                   (52, 0.02395751882495558),
2026-07-06 11:32:40,504 | INFO | 	                   (53, 0.030243470448942187),
2026-07-06 11:32:40,504 | INFO | 	                   (54, 0.029962613611138084),
2026-07-06 11:32:40,504 | INFO | 	                   (55, 0.031112248280218673),
2026-07-06 11:32:40,504 | INFO | 	                   (56, 0.020437219250015917),
2026-07-06 11:32:40,504 | INFO | 	                   (57, 0.013527613235637545),
2026-07-06 11:32:40,504 | INFO | 	                   (58, 0.03058368007871086),
2026-07-06 11:32:40,504 | INFO | 	                   (59, 0.0266394819231146),
2026-07-06 11:32:40,504 | INFO | 	                   (60, 0.03552031623199582)],
2026-07-06 11:32:40,504 | INFO | 	 'task_loss_p50': [(1, 0.6503348398660903),
2026-07-06 11:32:40,504 | INFO | 	                   (2, 0.7047356709837913),
2026-07-06 11:32:40,504 | INFO | 	                   (3, 0.6725085507325939),
2026-07-06 11:32:40,504 | INFO | 	                   (4, 0.42540628686547277),
2026-07-06 11:32:40,504 | INFO | 	                   (5, 0.35407272841323884),
2026-07-06 11:32:40,505 | INFO | 	                   (6, 0.33684482648968694),
2026-07-06 11:32:40,505 | INFO | 	                   (7, 0.27974118861497616),
2026-07-06 11:32:40,505 | INFO | 	                   (8, 0.3070977732539177),
2026-07-06 11:32:40,505 | INFO | 	                   (9, 0.18761767596006393),
2026-07-06 11:32:40,505 | INFO | 	                   (10, 0.23341626077890396),
2026-07-06 11:32:40,505 | INFO | 	                   (11, 0.1456833854317665),
2026-07-06 11:32:40,505 | INFO | 	                   (12, 0.17375728599727153),
2026-07-06 11:32:40,505 | INFO | 	                   (13, 0.19218225851655008),
2026-07-06 11:32:40,505 | INFO | 	                   (14, 0.157610357691025),
2026-07-06 11:32:40,505 | INFO | 	                   (15, 0.1375693424604833),
2026-07-06 11:32:40,505 | INFO | 	                   (16, 0.17920278739184142),
2026-07-06 11:32:40,505 | INFO | 	                   (17, 0.18660787716507912),
2026-07-06 11:32:40,505 | INFO | 	                   (18, 0.13954505324363708),
2026-07-06 11:32:40,505 | INFO | 	                   (19, 0.23127411007881166),
2026-07-06 11:32:40,505 | INFO | 	                   (20, 0.14712876901030542),
2026-07-06 11:32:40,505 | INFO | 	                   (21, 0.09429006576538086),
2026-07-06 11:32:40,505 | INFO | 	                   (22, 0.12071945425122976),
2026-07-06 11:32:40,505 | INFO | 	                   (23, 0.0849130749473261),
2026-07-06 11:32:40,505 | INFO | 	                   (24, 0.08020334053681129),
2026-07-06 11:32:40,505 | INFO | 	                   (25, 0.1351446948921174),
2026-07-06 11:32:40,505 | INFO | 	                   (26, 0.10298562422394753),
2026-07-06 11:32:40,505 | INFO | 	                   (27, 0.09731711894273758),
2026-07-06 11:32:40,505 | INFO | 	                   (28, 0.09011919423937798),
2026-07-06 11:32:40,505 | INFO | 	                   (29, 0.13501946479082108),
2026-07-06 11:32:40,505 | INFO | 	                   (30, 0.099357772548133),
2026-07-06 11:32:40,505 | INFO | 	                   (31, 0.0949180924547346),
2026-07-06 11:32:40,505 | INFO | 	                   (32, 0.09378529083967209),
2026-07-06 11:32:40,505 | INFO | 	                   (33, 0.13168251812458037),
2026-07-06 11:32:40,505 | INFO | 	                   (34, 0.13083870542289197),
2026-07-06 11:32:40,505 | INFO | 	                   (35, 0.09290452455835684),
2026-07-06 11:32:40,505 | INFO | 	                   (36, 0.15689765288843774),
2026-07-06 11:32:40,505 | INFO | 	                   (37, 0.06801753558814526),
2026-07-06 11:32:40,505 | INFO | 	                   (38, 0.10448607876896858),
2026-07-06 11:32:40,506 | INFO | 	                   (39, 0.10175396192935296),
2026-07-06 11:32:40,506 | INFO | 	                   (40, 0.07733404383487333),
2026-07-06 11:32:40,506 | INFO | 	                   (41, 0.10246111776010798),
2026-07-06 11:32:40,506 | INFO | 	                   (42, 0.07076884283065796),
2026-07-06 11:32:40,506 | INFO | 	                   (43, 0.12482710042853415),
2026-07-06 11:32:40,506 | INFO | 	                   (44, 0.1008717179298401),
2026-07-06 11:32:40,506 | INFO | 	                   (45, 0.08458127230405807),
2026-07-06 11:32:40,506 | INFO | 	                   (46, 0.054553773845687055),
2026-07-06 11:32:40,506 | INFO | 	                   (47, 0.08454359691386344),
2026-07-06 11:32:40,506 | INFO | 	                   (48, 0.08404961042106152),
2026-07-06 11:32:40,506 | INFO | 	                   (49, 0.06391427181661129),
2026-07-06 11:32:40,506 | INFO | 	                   (50, 0.08375756755526283),
2026-07-06 11:32:40,506 | INFO | 	                   (51, 0.10322770306288644),
2026-07-06 11:32:40,506 | INFO | 	                   (52, 0.0930431725626642),
2026-07-06 11:32:40,506 | INFO | 	                   (53, 0.06355038716768226),
2026-07-06 11:32:40,506 | INFO | 	                   (54, 0.09631845787957763),
2026-07-06 11:32:40,506 | INFO | 	                   (55, 0.11670748801792369),
2026-07-06 11:32:40,506 | INFO | 	                   (56, 0.08841257406387887),
2026-07-06 11:32:40,506 | INFO | 	                   (57, 0.08500738441944122),
2026-07-06 11:32:40,506 | INFO | 	                   (58, 0.07363481856882573),
2026-07-06 11:32:40,506 | INFO | 	                   (59, 0.059243711084127425),
2026-07-06 11:32:40,506 | INFO | 	                   (60, 0.0714956670999527)],
2026-07-06 11:32:40,506 | INFO | 	 'task_loss_p90': [(1, 1.2860616517066954),
2026-07-06 11:32:40,506 | INFO | 	                   (2, 0.942809681892395),
2026-07-06 11:32:40,506 | INFO | 	                   (3, 1.0828178115720333),
2026-07-06 11:32:40,506 | INFO | 	                   (4, 0.6289053988456725),
2026-07-06 11:32:40,506 | INFO | 	                   (5, 0.7540995991230011),
2026-07-06 11:32:40,506 | INFO | 	                   (6, 0.6366127300262451),
2026-07-06 11:32:40,506 | INFO | 	                   (7, 0.4204101890325546),
2026-07-06 11:32:40,506 | INFO | 	                   (8, 0.4557114239141844),
2026-07-06 11:32:40,506 | INFO | 	                   (9, 0.32891802072525017),
2026-07-06 11:32:40,506 | INFO | 	                   (10, 0.3656833815574646),
2026-07-06 11:32:40,506 | INFO | 	                   (11, 0.2952099957023688),
2026-07-06 11:32:40,507 | INFO | 	                   (12, 0.32159743236860405),
2026-07-06 11:32:40,507 | INFO | 	                   (13, 0.3018772125244141),
2026-07-06 11:32:40,507 | INFO | 	                   (14, 0.31550381906235997),
2026-07-06 11:32:40,507 | INFO | 	                   (15, 0.2752083075046539),
2026-07-06 11:32:40,507 | INFO | 	                   (16, 0.23217712342739105),
2026-07-06 11:32:40,507 | INFO | 	                   (17, 0.7013767856386395),
2026-07-06 11:32:40,507 | INFO | 	                   (18, 0.24270553916692733),
2026-07-06 11:32:40,507 | INFO | 	                   (19, 0.4999813232819239),
2026-07-06 11:32:40,507 | INFO | 	                   (20, 0.24854827302832938),
2026-07-06 11:32:40,507 | INFO | 	                   (21, 0.2028218680702407),
2026-07-06 11:32:40,507 | INFO | 	                   (22, 0.19305197413016228),
2026-07-06 11:32:40,507 | INFO | 	                   (23, 0.13930860631460068),
2026-07-06 11:32:40,507 | INFO | 	                   (24, 0.1399928930319975),
2026-07-06 11:32:40,507 | INFO | 	                   (25, 0.3044544208049774),
2026-07-06 11:32:40,507 | INFO | 	                   (26, 0.2173189223696546),
2026-07-06 11:32:40,507 | INFO | 	                   (27, 0.23480605393648146),
2026-07-06 11:32:40,507 | INFO | 	                   (28, 0.1939148063212633),
2026-07-06 11:32:40,507 | INFO | 	                   (29, 0.21245123303686236),
2026-07-06 11:32:40,507 | INFO | 	                   (30, 0.2194728153944015),
2026-07-06 11:32:40,507 | INFO | 	                   (31, 0.2232674804329872),
2026-07-06 11:32:40,507 | INFO | 	                   (32, 0.21106892557306722),
2026-07-06 11:32:40,507 | INFO | 	                   (33, 0.21342541813850402),
2026-07-06 11:32:40,507 | INFO | 	                   (34, 0.2630396264791488),
2026-07-06 11:32:40,507 | INFO | 	                   (35, 0.23975138068199156),
2026-07-06 11:32:40,507 | INFO | 	                   (36, 0.28892564941197635),
2026-07-06 11:32:40,507 | INFO | 	                   (37, 0.12328338466584683),
2026-07-06 11:32:40,507 | INFO | 	                   (38, 0.22610707306586492),
2026-07-06 11:32:40,507 | INFO | 	                   (39, 0.2579135276322011),
2026-07-06 11:32:40,507 | INFO | 	                   (40, 0.23899836878474917),
2026-07-06 11:32:40,507 | INFO | 	                   (41, 0.21498810619115827),
2026-07-06 11:32:40,507 | INFO | 	                   (42, 0.22610316619277),
2026-07-06 11:32:40,507 | INFO | 	                   (43, 0.2892539536952972),
2026-07-06 11:32:40,507 | INFO | 	                   (44, 0.1773780246590966),
2026-07-06 11:32:40,507 | INFO | 	                   (45, 0.15251061791970216),
2026-07-06 11:32:40,507 | INFO | 	                   (46, 0.14393590435942755),
2026-07-06 11:32:40,507 | INFO | 	                   (47, 0.22991805553436276),
2026-07-06 11:32:40,507 | INFO | 	                   (48, 0.15439627352371948),
2026-07-06 11:32:40,508 | INFO | 	                   (49, 0.1447320754585242),
2026-07-06 11:32:40,508 | INFO | 	                   (50, 0.18656193234888058),
2026-07-06 11:32:40,508 | INFO | 	                   (51, 0.2432520532980561),
2026-07-06 11:32:40,508 | INFO | 	                   (52, 0.16949901232082917),
2026-07-06 11:32:40,508 | INFO | 	                   (53, 0.1203298666900394),
2026-07-06 11:32:40,508 | INFO | 	                   (54, 0.14472880989313125),
2026-07-06 11:32:40,508 | INFO | 	                   (55, 0.18143450831755611),
2026-07-06 11:32:40,508 | INFO | 	                   (56, 0.19016524819449407),
2026-07-06 11:32:40,508 | INFO | 	                   (57, 0.1900473401711901),
2026-07-06 11:32:40,508 | INFO | 	                   (58, 0.1521754315295835),
2026-07-06 11:32:40,508 | INFO | 	                   (59, 0.13632380301153266),
2026-07-06 11:32:40,508 | INFO | 	                   (60, 0.15555963918566704)],
2026-07-06 11:32:40,508 | INFO | 	 'task_loss_std': [(1, 0.339486538971902),
2026-07-06 11:32:40,508 | INFO | 	                   (2, 0.227423028537613),
2026-07-06 11:32:40,508 | INFO | 	                   (3, 0.343759769306088),
2026-07-06 11:32:40,508 | INFO | 	                   (4, 0.19943485077815962),
2026-07-06 11:32:40,508 | INFO | 	                   (5, 0.21512082492221976),
2026-07-06 11:32:40,508 | INFO | 	                   (6, 0.17682270729386712),
2026-07-06 11:32:40,508 | INFO | 	                   (7, 0.12611983428809112),
2026-07-06 11:32:40,508 | INFO | 	                   (8, 0.144348491108648),
2026-07-06 11:32:40,508 | INFO | 	                   (9, 0.1020646587738633),
2026-07-06 11:32:40,508 | INFO | 	                   (10, 0.10379812092388138),
2026-07-06 11:32:40,508 | INFO | 	                   (11, 0.13698479486775325),
2026-07-06 11:32:40,508 | INFO | 	                   (12, 0.09286626690219904),
2026-07-06 11:32:40,508 | INFO | 	                   (13, 0.08479133334149073),
2026-07-06 11:32:40,508 | INFO | 	                   (14, 0.09474346950348901),
2026-07-06 11:32:40,508 | INFO | 	                   (15, 0.08860210313500635),
2026-07-06 11:32:40,508 | INFO | 	                   (16, 0.08023836779335933),
2026-07-06 11:32:40,508 | INFO | 	                   (17, 0.27086752259509184),
2026-07-06 11:32:40,508 | INFO | 	                   (18, 0.08039294893303524),
2026-07-06 11:32:40,508 | INFO | 	                   (19, 0.1599134706280066),
2026-07-06 11:32:40,508 | INFO | 	                   (20, 0.07232385699781298),
2026-07-06 11:32:40,508 | INFO | 	                   (21, 0.06947724820240662),
2026-07-06 11:32:40,508 | INFO | 	                   (22, 0.07345311746617993),
2026-07-06 11:32:40,508 | INFO | 	                   (23, 0.05108081991892177),
2026-07-06 11:32:40,508 | INFO | 	                   (24, 0.1713143363620254),
2026-07-06 11:32:40,508 | INFO | 	                   (25, 0.10678738500481769),
2026-07-06 11:32:40,508 | INFO | 	                   (26, 0.0791743602194138),
2026-07-06 11:32:40,508 | INFO | 	                   (27, 0.08160192063240372),
2026-07-06 11:32:40,509 | INFO | 	                   (28, 0.06480001161618612),
2026-07-06 11:32:40,509 | INFO | 	                   (29, 0.06458411773144222),
2026-07-06 11:32:40,509 | INFO | 	                   (30, 0.09014442894047825),
2026-07-06 11:32:40,509 | INFO | 	                   (31, 0.07255841864785045),
2026-07-06 11:32:40,509 | INFO | 	                   (32, 0.07813344111583587),
2026-07-06 11:32:40,509 | INFO | 	                   (33, 0.06741541930569771),
2026-07-06 11:32:40,509 | INFO | 	                   (34, 0.16068026924253032),
2026-07-06 11:32:40,509 | INFO | 	                   (35, 0.0976787640252319),
2026-07-06 11:32:40,509 | INFO | 	                   (36, 0.17397609068129435),
2026-07-06 11:32:40,509 | INFO | 	                   (37, 0.04044271366871083),
2026-07-06 11:32:40,509 | INFO | 	                   (38, 0.07339721095410547),
2026-07-06 11:32:40,509 | INFO | 	                   (39, 0.09362284083004725),
2026-07-06 11:32:40,509 | INFO | 	                   (40, 0.09154687888421464),
2026-07-06 11:32:40,509 | INFO | 	                   (41, 0.06420294295126037),
2026-07-06 11:32:40,509 | INFO | 	                   (42, 0.08458668924005411),
2026-07-06 11:32:40,509 | INFO | 	                   (43, 0.10203902656232465),
2026-07-06 11:32:40,509 | INFO | 	                   (44, 0.08644128788995138),
2026-07-06 11:32:40,509 | INFO | 	                   (45, 0.05765815812212185),
2026-07-06 11:32:40,509 | INFO | 	                   (46, 0.05208487650212046),
2026-07-06 11:32:40,509 | INFO | 	                   (47, 0.07932826056773969),
2026-07-06 11:32:40,509 | INFO | 	                   (48, 0.047934674979078676),
2026-07-06 11:32:40,509 | INFO | 	                   (49, 0.041683174296401546),
2026-07-06 11:32:40,509 | INFO | 	                   (50, 0.058202499216686805),
2026-07-06 11:32:40,509 | INFO | 	                   (51, 0.07994267191457002),
2026-07-06 11:32:40,509 | INFO | 	                   (52, 0.06224821645952718),
2026-07-06 11:32:40,509 | INFO | 	                   (53, 0.08038762102529025),
2026-07-06 11:32:40,509 | INFO | 	                   (54, 0.11390331028721),
2026-07-06 11:32:40,509 | INFO | 	                   (55, 0.08832140231390766),
2026-07-06 11:32:40,509 | INFO | 	                   (56, 0.06654456958521378),
2026-07-06 11:32:40,509 | INFO | 	                   (57, 0.07281078649503832),
2026-07-06 11:32:40,509 | INFO | 	                   (58, 0.05129394427417684),
2026-07-06 11:32:40,509 | INFO | 	                   (59, 0.05202181965345686),
2026-07-06 11:32:40,509 | INFO | 	                   (60, 0.08279255169303036)],
2026-07-06 11:32:40,509 | INFO | 	 'total_examples': [(1, 2363),
2026-07-06 11:32:40,509 | INFO | 	                    (2, 2180),
2026-07-06 11:32:40,509 | INFO | 	                    (3, 2209),
2026-07-06 11:32:40,509 | INFO | 	                    (4, 2335),
2026-07-06 11:32:40,509 | INFO | 	                    (5, 1743),
2026-07-06 11:32:40,509 | INFO | 	                    (6, 2411),
2026-07-06 11:32:40,510 | INFO | 	                    (7, 2366),
2026-07-06 11:32:40,510 | INFO | 	                    (8, 2075),
2026-07-06 11:32:40,510 | INFO | 	                    (9, 1581),
2026-07-06 11:32:40,510 | INFO | 	                    (10, 2556),
2026-07-06 11:32:40,510 | INFO | 	                    (11, 3421),
2026-07-06 11:32:40,510 | INFO | 	                    (12, 1928),
2026-07-06 11:32:40,510 | INFO | 	                    (13, 1779),
2026-07-06 11:32:40,510 | INFO | 	                    (14, 1333),
2026-07-06 11:32:40,510 | INFO | 	                    (15, 1656),
2026-07-06 11:32:40,510 | INFO | 	                    (16, 1990),
2026-07-06 11:32:40,510 | INFO | 	                    (17, 1767),
2026-07-06 11:32:40,510 | INFO | 	                    (18, 1559),
2026-07-06 11:32:40,510 | INFO | 	                    (19, 2448),
2026-07-06 11:32:40,510 | INFO | 	                    (20, 2683),
2026-07-06 11:32:40,510 | INFO | 	                    (21, 2756),
2026-07-06 11:32:40,510 | INFO | 	                    (22, 1157),
2026-07-06 11:32:40,510 | INFO | 	                    (23, 1286),
2026-07-06 11:32:40,510 | INFO | 	                    (24, 3578),
2026-07-06 11:32:40,510 | INFO | 	                    (25, 2133),
2026-07-06 11:32:40,510 | INFO | 	                    (26, 1529),
2026-07-06 11:32:40,510 | INFO | 	                    (27, 2319),
2026-07-06 11:32:40,510 | INFO | 	                    (28, 1737),
2026-07-06 11:32:40,510 | INFO | 	                    (29, 2968),
2026-07-06 11:32:40,510 | INFO | 	                    (30, 2279),
2026-07-06 11:32:40,510 | INFO | 	                    (31, 2899),
2026-07-06 11:32:40,510 | INFO | 	                    (32, 3540),
2026-07-06 11:32:40,510 | INFO | 	                    (33, 4000),
2026-07-06 11:32:40,510 | INFO | 	                    (34, 5847),
2026-07-06 11:32:40,510 | INFO | 	                    (35, 1905),
2026-07-06 11:32:40,510 | INFO | 	                    (36, 1527),
2026-07-06 11:32:40,510 | INFO | 	                    (37, 5135),
2026-07-06 11:32:40,510 | INFO | 	                    (38, 3690),
2026-07-06 11:32:40,510 | INFO | 	                    (39, 4371),
2026-07-06 11:32:40,510 | INFO | 	                    (40, 2913),
2026-07-06 11:32:40,510 | INFO | 	                    (41, 2399),
2026-07-06 11:32:40,510 | INFO | 	                    (42, 2168),
2026-07-06 11:32:40,510 | INFO | 	                    (43, 4163),
2026-07-06 11:32:40,510 | INFO | 	                    (44, 2178),
2026-07-06 11:32:40,511 | INFO | 	                    (45, 2462),
2026-07-06 11:32:40,511 | INFO | 	                    (46, 2551),
2026-07-06 11:32:40,511 | INFO | 	                    (47, 2767),
2026-07-06 11:32:40,511 | INFO | 	                    (48, 4252),
2026-07-06 11:32:40,511 | INFO | 	                    (49, 4023),
2026-07-06 11:32:40,511 | INFO | 	                    (50, 2690),
2026-07-06 11:32:40,511 | INFO | 	                    (51, 2306),
2026-07-06 11:32:40,511 | INFO | 	                    (52, 3153),
2026-07-06 11:32:40,511 | INFO | 	                    (53, 2085),
2026-07-06 11:32:40,511 | INFO | 	                    (54, 3683),
2026-07-06 11:32:40,511 | INFO | 	                    (55, 3937),
2026-07-06 11:32:40,511 | INFO | 	                    (56, 2156),
2026-07-06 11:32:40,511 | INFO | 	                    (57, 2966),
2026-07-06 11:32:40,511 | INFO | 	                    (58, 2597),
2026-07-06 11:32:40,511 | INFO | 	                    (59, 4793),
2026-07-06 11:32:40,511 | INFO | 	                    (60, 2092)],
2026-07-06 11:32:40,511 | INFO | 	 'train_loss': [(1, 0.5468867459777431),
2026-07-06 11:32:40,511 | INFO | 	                (2, 0.4884567280441798),
2026-07-06 11:32:40,511 | INFO | 	                (3, 0.6178191882066999),
2026-07-06 11:32:40,511 | INFO | 	                (4, 0.41055067043942933),
2026-07-06 11:32:40,511 | INFO | 	                (5, 0.3554327924819436),
2026-07-06 11:32:40,511 | INFO | 	                (6, 0.33913920116342366),
2026-07-06 11:32:40,511 | INFO | 	                (7, 0.27414811702108066),
2026-07-06 11:32:40,511 | INFO | 	                (8, 0.27235763896217696),
2026-07-06 11:32:40,511 | INFO | 	                (9, 0.18190257562222892),
2026-07-06 11:32:40,511 | INFO | 	                (10, 0.19158807752901727),
2026-07-06 11:32:40,511 | INFO | 	                (11, 0.19357326416663814),
2026-07-06 11:32:40,511 | INFO | 	                (12, 0.19502949662176697),
2026-07-06 11:32:40,511 | INFO | 	                (13, 0.15912649885322744),
2026-07-06 11:32:40,511 | INFO | 	                (14, 0.17212008392930964),
2026-07-06 11:32:40,511 | INFO | 	                (15, 0.12409107220510605),
2026-07-06 11:32:40,511 | INFO | 	                (16, 0.1311694692133182),
2026-07-06 11:32:40,511 | INFO | 	                (17, 0.2946356956677281),
2026-07-06 11:32:40,511 | INFO | 	                (18, 0.1490487185425652),
2026-07-06 11:32:40,511 | INFO | 	                (19, 0.20298922361206456),
2026-07-06 11:32:40,511 | INFO | 	                (20, 0.15742109379319089),
2026-07-06 11:32:40,511 | INFO | 	                (21, 0.16048956122064417),
2026-07-06 11:32:40,511 | INFO | 	                (22, 0.12995713916987536),
2026-07-06 11:32:40,511 | INFO | 	                (23, 0.09215116254318288),
2026-07-06 11:32:40,512 | INFO | 	                (24, 0.11080990598973285),
2026-07-06 11:32:40,512 | INFO | 	                (25, 0.12579396197196555),
2026-07-06 11:32:40,512 | INFO | 	                (26, 0.1376782928581158),
2026-07-06 11:32:40,512 | INFO | 	                (27, 0.09639741321665342),
2026-07-06 11:32:40,512 | INFO | 	                (28, 0.1324210195623936),
2026-07-06 11:32:40,512 | INFO | 	                (29, 0.1322271569588416),
2026-07-06 11:32:40,512 | INFO | 	                (30, 0.10552750598568143),
2026-07-06 11:32:40,512 | INFO | 	                (31, 0.11238066831223116),
2026-07-06 11:32:40,512 | INFO | 	                (32, 0.10615826751052622),
2026-07-06 11:32:40,512 | INFO | 	                (33, 0.11368008306976407),
2026-07-06 11:32:40,512 | INFO | 	                (34, 0.1194473537713589),
2026-07-06 11:32:40,512 | INFO | 	                (35, 0.1049308584058643),
2026-07-06 11:32:40,512 | INFO | 	                (36, 0.23335347258194322),
2026-07-06 11:32:40,512 | INFO | 	                (37, 0.084146864934035),
2026-07-06 11:32:40,512 | INFO | 	                (38, 0.133384841424512),
2026-07-06 11:32:40,512 | INFO | 	                (39, 0.11221512318590925),
2026-07-06 11:32:40,512 | INFO | 	                (40, 0.09939373193316384),
2026-07-06 11:32:40,512 | INFO | 	                (41, 0.09931810028909653),
2026-07-06 11:32:40,512 | INFO | 	                (42, 0.09328778136993417),
2026-07-06 11:32:40,512 | INFO | 	                (43, 0.1352969906867762),
2026-07-06 11:32:40,512 | INFO | 	                (44, 0.12018216209927943),
2026-07-06 11:32:40,512 | INFO | 	                (45, 0.09609424379431233),
2026-07-06 11:32:40,512 | INFO | 	                (46, 0.0661159580214017),
2026-07-06 11:32:40,512 | INFO | 	                (47, 0.06822079727480859),
2026-07-06 11:32:40,512 | INFO | 	                (48, 0.09114414766297387),
2026-07-06 11:32:40,512 | INFO | 	                (49, 0.07605501082270927),
2026-07-06 11:32:40,512 | INFO | 	                (50, 0.10224645726316953),
2026-07-06 11:32:40,512 | INFO | 	                (51, 0.11400965741289909),
2026-07-06 11:32:40,512 | INFO | 	                (52, 0.10438623900544915),
2026-07-06 11:32:40,512 | INFO | 	                (53, 0.07709473295485975),
2026-07-06 11:32:40,512 | INFO | 	                (54, 0.08172525849352529),
2026-07-06 11:32:40,512 | INFO | 	                (55, 0.12023771290106954),
2026-07-06 11:32:40,512 | INFO | 	                (56, 0.09480089807216059),
2026-07-06 11:32:40,512 | INFO | 	                (57, 0.1123973846319524),
2026-07-06 11:32:40,512 | INFO | 	                (58, 0.08161570392770483),
2026-07-06 11:32:40,512 | INFO | 	                (59, 0.05500051211328646),
2026-07-06 11:32:40,512 | INFO | 	                (60, 0.09853857256172502)],
2026-07-06 11:32:40,512 | INFO | 	 'train_loss_max': [(1, 1.42909437417984),
2026-07-06 11:32:40,512 | INFO | 	                    (2, 1.0757659375667572),
2026-07-06 11:32:40,513 | INFO | 	                    (3, 1.2039474070072174),
2026-07-06 11:32:40,513 | INFO | 	                    (4, 0.7573574991602646),
2026-07-06 11:32:40,513 | INFO | 	                    (5, 0.8604639321565628),
2026-07-06 11:32:40,513 | INFO | 	                    (6, 0.8088631853461266),
2026-07-06 11:32:40,513 | INFO | 	                    (7, 0.4612069636583328),
2026-07-06 11:32:40,513 | INFO | 	                    (8, 0.53417645219306),
2026-07-06 11:32:40,513 | INFO | 	                    (9, 0.4167882949113846),
2026-07-06 11:32:40,513 | INFO | 	                    (10, 0.39325796663761137),
2026-07-06 11:32:40,513 | INFO | 	                    (11, 0.5751150608062744),
2026-07-06 11:32:40,513 | INFO | 	                    (12, 0.3879984229803085),
2026-07-06 11:32:40,513 | INFO | 	                    (13, 0.38369068652391436),
2026-07-06 11:32:40,513 | INFO | 	                    (14, 0.3599422946572304),
2026-07-06 11:32:40,513 | INFO | 	                    (15, 0.3040080159902573),
2026-07-06 11:32:40,513 | INFO | 	                    (16, 0.3047402794240043),
2026-07-06 11:32:40,513 | INFO | 	                    (17, 0.9761997544326733),
2026-07-06 11:32:40,513 | INFO | 	                    (18, 0.24631402418017387),
2026-07-06 11:32:40,513 | INFO | 	                    (19, 0.6629790082573891),
2026-07-06 11:32:40,513 | INFO | 	                    (20, 0.2768290191888809),
2026-07-06 11:32:40,513 | INFO | 	                    (21, 0.25103908207553804),
2026-07-06 11:32:40,513 | INFO | 	                    (22, 0.3069012794643641),
2026-07-06 11:32:40,513 | INFO | 	                    (23, 0.20972908549010755),
2026-07-06 11:32:40,513 | INFO | 	                    (24, 0.750358373283234),
2026-07-06 11:32:40,513 | INFO | 	                    (25, 0.4070544812828302),
2026-07-06 11:32:40,513 | INFO | 	                    (26, 0.300251966714859),
2026-07-06 11:32:40,513 | INFO | 	                    (27, 0.27583013452967864),
2026-07-06 11:32:40,513 | INFO | 	                    (28, 0.2515887034125626),
2026-07-06 11:32:40,513 | INFO | 	                    (29, 0.2437364756828174),
2026-07-06 11:32:40,513 | INFO | 	                    (30, 0.34939786046743393),
2026-07-06 11:32:40,513 | INFO | 	                    (31, 0.27734796792552197),
2026-07-06 11:32:40,513 | INFO | 	                    (32, 0.24600500911474227),
2026-07-06 11:32:40,513 | INFO | 	                    (33, 0.25141267478466034),
2026-07-06 11:32:40,513 | INFO | 	                    (34, 0.7027772033417766),
2026-07-06 11:32:40,513 | INFO | 	                    (35, 0.36790172271430494),
2026-07-06 11:32:40,513 | INFO | 	                    (36, 0.7457302191943833),
2026-07-06 11:32:40,513 | INFO | 	                    (37, 0.12895084840994256),
2026-07-06 11:32:40,513 | INFO | 	                    (38, 0.2847153099117144),
2026-07-06 11:32:40,513 | INFO | 	                    (39, 0.3696649566292763),
2026-07-06 11:32:40,513 | INFO | 	                    (40, 0.3475476801395416),
2026-07-06 11:32:40,513 | INFO | 	                    (41, 0.24639553874731063),
2026-07-06 11:32:40,514 | INFO | 	                    (42, 0.27354142218828204),
2026-07-06 11:32:40,514 | INFO | 	                    (43, 0.3092011184431612),
2026-07-06 11:32:40,514 | INFO | 	                    (44, 0.37485327385365963),
2026-07-06 11:32:40,514 | INFO | 	                    (45, 0.22373246625065804),
2026-07-06 11:32:40,514 | INFO | 	                    (46, 0.1827639475464821),
2026-07-06 11:32:40,514 | INFO | 	                    (47, 0.26562647180526255),
2026-07-06 11:32:40,514 | INFO | 	                    (48, 0.18004450388252735),
2026-07-06 11:32:40,514 | INFO | 	                    (49, 0.15248108832574472),
2026-07-06 11:32:40,514 | INFO | 	                    (50, 0.20579053163528443),
2026-07-06 11:32:40,514 | INFO | 	                    (51, 0.29919934645295143),
2026-07-06 11:32:40,514 | INFO | 	                    (52, 0.2369616374373436),
2026-07-06 11:32:40,514 | INFO | 	                    (53, 0.3650578521017451),
2026-07-06 11:32:40,514 | INFO | 	                    (54, 0.5116281595364853),
2026-07-06 11:32:40,514 | INFO | 	                    (55, 0.3874735477973114),
2026-07-06 11:32:40,514 | INFO | 	                    (56, 0.20824992414563895),
2026-07-06 11:32:40,514 | INFO | 	                    (57, 0.2542193867266178),
2026-07-06 11:32:40,514 | INFO | 	                    (58, 0.18981671795888913),
2026-07-06 11:32:40,514 | INFO | 	                    (59, 0.21435897797346115),
2026-07-06 11:32:40,514 | INFO | 	                    (60, 0.36699632723872183)],
2026-07-06 11:32:40,514 | INFO | 	 'train_loss_mean': [(1, 0.7596068353008006),
2026-07-06 11:32:40,514 | INFO | 	                     (2, 0.6530659023899681),
2026-07-06 11:32:40,514 | INFO | 	                     (3, 0.707093224133083),
2026-07-06 11:32:40,514 | INFO | 	                     (4, 0.39399300861567604),
2026-07-06 11:32:40,514 | INFO | 	                     (5, 0.4206344234771614),
2026-07-06 11:32:40,514 | INFO | 	                     (6, 0.38297242734389775),
2026-07-06 11:32:40,514 | INFO | 	                     (7, 0.27241908664647857),
2026-07-06 11:32:40,514 | INFO | 	                     (8, 0.29466380333462344),
2026-07-06 11:32:40,514 | INFO | 	                     (9, 0.19310325879800694),
2026-07-06 11:32:40,514 | INFO | 	                     (10, 0.22664543979237584),
2026-07-06 11:32:40,514 | INFO | 	                     (11, 0.16737650299178533),
2026-07-06 11:32:40,514 | INFO | 	                     (12, 0.19162149895855946),
2026-07-06 11:32:40,514 | INFO | 	                     (13, 0.19599887135502742),
2026-07-06 11:32:40,514 | INFO | 	                     (14, 0.16801639927069947),
2026-07-06 11:32:40,514 | INFO | 	                     (15, 0.1377711909553128),
2026-07-06 11:32:40,514 | INFO | 	                     (16, 0.15421850058809766),
2026-07-06 11:32:40,514 | INFO | 	                     (17, 0.3205683316846827),
2026-07-06 11:32:40,514 | INFO | 	                     (18, 0.13039036478957736),
2026-07-06 11:32:40,514 | INFO | 	                     (19, 0.2777589818708582),
2026-07-06 11:32:40,515 | INFO | 	                     (20, 0.15728582456731663),
2026-07-06 11:32:40,515 | INFO | 	                     (21, 0.10057347828267163),
2026-07-06 11:32:40,515 | INFO | 	                     (22, 0.11929807200004891),
2026-07-06 11:32:40,515 | INFO | 	                     (23, 0.08666320357069654),
2026-07-06 11:32:40,515 | INFO | 	                     (24, 0.12724018217201344),
2026-07-06 11:32:40,515 | INFO | 	                     (25, 0.14966320603450492),
2026-07-06 11:32:40,515 | INFO | 	                     (26, 0.11127375305117165),
2026-07-06 11:32:40,515 | INFO | 	                     (27, 0.10142943927461313),
2026-07-06 11:32:40,515 | INFO | 	                     (28, 0.10713526451049132),
2026-07-06 11:32:40,515 | INFO | 	                     (29, 0.131325547579156),
2026-07-06 11:32:40,515 | INFO | 	                     (30, 0.11254732740900196),
2026-07-06 11:32:40,515 | INFO | 	                     (31, 0.11486404077313171),
2026-07-06 11:32:40,515 | INFO | 	                     (32, 0.10407353057702008),
2026-07-06 11:32:40,515 | INFO | 	                     (33, 0.12574211015158088),
2026-07-06 11:32:40,515 | INFO | 	                     (34, 0.16147668490176728),
2026-07-06 11:32:40,515 | INFO | 	                     (35, 0.1178847284508959),
2026-07-06 11:32:40,515 | INFO | 	                     (36, 0.1853375155142144),
2026-07-06 11:32:40,515 | INFO | 	                     (37, 0.07519220036458081),
2026-07-06 11:32:40,515 | INFO | 	                     (38, 0.12748983525946456),
2026-07-06 11:32:40,515 | INFO | 	                     (39, 0.12913270035197583),
2026-07-06 11:32:40,515 | INFO | 	                     (40, 0.11145829284554923),
2026-07-06 11:32:40,515 | INFO | 	                     (41, 0.11442857309446643),
2026-07-06 11:32:40,515 | INFO | 	                     (42, 0.10701377233314387),
2026-07-06 11:32:40,515 | INFO | 	                     (43, 0.1448760268941622),
2026-07-06 11:32:40,515 | INFO | 	                     (44, 0.12175240718954157),
2026-07-06 11:32:40,515 | INFO | 	                     (45, 0.08996940177984979),
2026-07-06 11:32:40,515 | INFO | 	                     (46, 0.06963431845695574),
2026-07-06 11:32:40,515 | INFO | 	                     (47, 0.09898405671547685),
2026-07-06 11:32:40,515 | INFO | 	                     (48, 0.08959131073448404),
2026-07-06 11:32:40,515 | INFO | 	                     (49, 0.07369427140574106),
2026-07-06 11:32:40,515 | INFO | 	                     (50, 0.10037692271060245),
2026-07-06 11:32:40,515 | INFO | 	                     (51, 0.12757309786011098),
2026-07-06 11:32:40,515 | INFO | 	                     (52, 0.10192932873120122),
2026-07-06 11:32:40,515 | INFO | 	                     (53, 0.08807503010677574),
2026-07-06 11:32:40,515 | INFO | 	                     (54, 0.1185868329176892),
2026-07-06 11:32:40,515 | INFO | 	                     (55, 0.11950892334221876),
2026-07-06 11:32:40,515 | INFO | 	                     (56, 0.08673401028412511),
2026-07-06 11:32:40,515 | INFO | 	                     (57, 0.09764214279287979),
2026-07-06 11:32:40,515 | INFO | 	                     (58, 0.08629109051677444),
2026-07-06 11:32:40,516 | INFO | 	                     (59, 0.07596282613149108),
2026-07-06 11:32:40,516 | INFO | 	                     (60, 0.09693285220068228)],
2026-07-06 11:32:40,516 | INFO | 	 'train_loss_min': [(1, 0.1922927106107105),
2026-07-06 11:32:40,516 | INFO | 	                    (2, 0.3234008729457855),
2026-07-06 11:32:40,516 | INFO | 	                    (3, 0.18329332806169987),
2026-07-06 11:32:40,516 | INFO | 	                    (4, 0.09976127650588751),
2026-07-06 11:32:40,516 | INFO | 	                    (5, 0.1672902751713991),
2026-07-06 11:32:40,516 | INFO | 	                    (6, 0.15220137387514115),
2026-07-06 11:32:40,516 | INFO | 	                    (7, 0.0479826048904215),
2026-07-06 11:32:40,516 | INFO | 	                    (8, 0.07680334439501166),
2026-07-06 11:32:40,516 | INFO | 	                    (9, 0.051733515597879885),
2026-07-06 11:32:40,516 | INFO | 	                    (10, 0.05708634055695916),
2026-07-06 11:32:40,516 | INFO | 	                    (11, 0.0025994304101914167),
2026-07-06 11:32:40,516 | INFO | 	                    (12, 0.03623644446197431),
2026-07-06 11:32:40,516 | INFO | 	                    (13, 0.08570275232195854),
2026-07-06 11:32:40,516 | INFO | 	                    (14, 0.035879582865163684),
2026-07-06 11:32:40,516 | INFO | 	                    (15, 0.028742746470703018),
2026-07-06 11:32:40,516 | INFO | 	                    (16, 0.012461934797465801),
2026-07-06 11:32:40,516 | INFO | 	                    (17, 0.04430906381458044),
2026-07-06 11:32:40,516 | INFO | 	                    (18, 0.018994509987533093),
2026-07-06 11:32:40,516 | INFO | 	                    (19, 0.09969942048192024),
2026-07-06 11:32:40,516 | INFO | 	                    (20, 0.05310419669508958),
2026-07-06 11:32:40,516 | INFO | 	                    (21, 0.016734400019049644),
2026-07-06 11:32:40,516 | INFO | 	                    (22, 0.0012933724327012896),
2026-07-06 11:32:40,516 | INFO | 	                    (23, 0.0062760643661022185),
2026-07-06 11:32:40,516 | INFO | 	                    (24, 0.007537934882566333),
2026-07-06 11:32:40,516 | INFO | 	                    (25, 0.030638771834704332),
2026-07-06 11:32:40,516 | INFO | 	                    (26, 0.0048554068431258205),
2026-07-06 11:32:40,516 | INFO | 	                    (27, 0.006585471611469984),
2026-07-06 11:32:40,516 | INFO | 	                    (28, 0.02688595838844776),
2026-07-06 11:32:40,516 | INFO | 	                    (29, 0.031549979001283646),
2026-07-06 11:32:40,516 | INFO | 	                    (30, 0.000925863441079855),
2026-07-06 11:32:40,516 | INFO | 	                    (31, 0.028974721708800645),
2026-07-06 11:32:40,516 | INFO | 	                    (32, 0.012856185622513294),
2026-07-06 11:32:40,516 | INFO | 	                    (33, 0.01483563194051385),
2026-07-06 11:32:40,516 | INFO | 	                    (34, 0.01640376657154461),
2026-07-06 11:32:40,516 | INFO | 	                    (35, 2.2530301794176922e-05),
2026-07-06 11:32:40,516 | INFO | 	                    (36, 0.003498304449021816),
2026-07-06 11:32:40,517 | INFO | 	                    (37, 0.0006111649214290083),
2026-07-06 11:32:40,517 | INFO | 	                    (38, 0.0003139479202218354),
2026-07-06 11:32:40,517 | INFO | 	                    (39, 0.020261060632765292),
2026-07-06 11:32:40,517 | INFO | 	                    (40, 0.02630041385076554),
2026-07-06 11:32:40,517 | INFO | 	                    (41, 0.035238485608715564),
2026-07-06 11:32:40,517 | INFO | 	                    (42, 0.00932759647257626),
2026-07-06 11:32:40,517 | INFO | 	                    (43, 0.00026413278828840703),
2026-07-06 11:32:40,517 | INFO | 	                    (44, 0.02237322647124529),
2026-07-06 11:32:40,517 | INFO | 	                    (45, 0.008950213575735689),
2026-07-06 11:32:40,517 | INFO | 	                    (46, 0.013282286189496516),
2026-07-06 11:32:40,517 | INFO | 	                    (47, 0.001553272153250873),
2026-07-06 11:32:40,517 | INFO | 	                    (48, 0.006933120731264353),
2026-07-06 11:32:40,517 | INFO | 	                    (49, 0.013959667971357703),
2026-07-06 11:32:40,517 | INFO | 	                    (50, 0.0077651144936680795),
2026-07-06 11:32:40,517 | INFO | 	                    (51, 0.008757897978648543),
2026-07-06 11:32:40,517 | INFO | 	                    (52, 0.010309839062392712),
2026-07-06 11:32:40,517 | INFO | 	                    (53, 0.029762650607153773),
2026-07-06 11:32:40,517 | INFO | 	                    (54, 0.002567482180893421),
2026-07-06 11:32:40,517 | INFO | 	                    (55, 0.015302912658080458),
2026-07-06 11:32:40,517 | INFO | 	                    (56, 0.015996439568698406),
2026-07-06 11:32:40,517 | INFO | 	                    (57, 0.006171149201691151),
2026-07-06 11:32:40,517 | INFO | 	                    (58, 0.01630838019773364),
2026-07-06 11:32:40,517 | INFO | 	                    (59, 0.015338215916111527),
2026-07-06 11:32:40,517 | INFO | 	                    (60, 0.017834496079012753)],
2026-07-06 11:32:40,517 | INFO | 	 'train_loss_p10': [(1, 0.47821892812710115),
2026-07-06 11:32:40,517 | INFO | 	                    (2, 0.37619190279154),
2026-07-06 11:32:40,517 | INFO | 	                    (3, 0.257080081651503),
2026-07-06 11:32:40,517 | INFO | 	                    (4, 0.1327953411212701),
2026-07-06 11:32:40,517 | INFO | 	                    (5, 0.1918476922742345),
2026-07-06 11:32:40,517 | INFO | 	                    (6, 0.19834698349237442),
2026-07-06 11:32:40,517 | INFO | 	                    (7, 0.08281667999753084),
2026-07-06 11:32:40,517 | INFO | 	                    (8, 0.0922491571865976),
2026-07-06 11:32:40,517 | INFO | 	                    (9, 0.07195863641798497),
2026-07-06 11:32:40,517 | INFO | 	                    (10, 0.10256689557433128),
2026-07-06 11:32:40,517 | INFO | 	                    (11, 0.04493986246481279),
2026-07-06 11:32:40,517 | INFO | 	                    (12, 0.11565033853054046),
2026-07-06 11:32:40,517 | INFO | 	                    (13, 0.09686784244480842),
2026-07-06 11:32:40,517 | INFO | 	                    (14, 0.07776446752250195),
2026-07-06 11:32:40,517 | INFO | 	                    (15, 0.04049563216703527),
2026-07-06 11:32:40,518 | INFO | 	                    (16, 0.02923236474394799),
2026-07-06 11:32:40,518 | INFO | 	                    (17, 0.11154416444756976),
2026-07-06 11:32:40,518 | INFO | 	                    (18, 0.04603728711616327),
2026-07-06 11:32:40,518 | INFO | 	                    (19, 0.11931173590538671),
2026-07-06 11:32:40,518 | INFO | 	                    (20, 0.0666572330119935),
2026-07-06 11:32:40,518 | INFO | 	                    (21, 0.025271522018592806),
2026-07-06 11:32:40,518 | INFO | 	                    (22, 0.03804277781397104),
2026-07-06 11:32:40,518 | INFO | 	                    (23, 0.028860175503151758),
2026-07-06 11:32:40,518 | INFO | 	                    (24, 0.03803936999291182),
2026-07-06 11:32:40,518 | INFO | 	                    (25, 0.042630322488766983),
2026-07-06 11:32:40,518 | INFO | 	                    (26, 0.03179119963198901),
2026-07-06 11:32:40,518 | INFO | 	                    (27, 0.015668096225708725),
2026-07-06 11:32:40,518 | INFO | 	                    (28, 0.03870618749409914),
2026-07-06 11:32:40,518 | INFO | 	                    (29, 0.04545018183837175),
2026-07-06 11:32:40,518 | INFO | 	                    (30, 0.026156373061239722),
2026-07-06 11:32:40,518 | INFO | 	                    (31, 0.047531183622777466),
2026-07-06 11:32:40,518 | INFO | 	                    (32, 0.016838615499436854),
2026-07-06 11:32:40,518 | INFO | 	                    (33, 0.04115993200697207),
2026-07-06 11:32:40,518 | INFO | 	                    (34, 0.052437899840432546),
2026-07-06 11:32:40,518 | INFO | 	                    (35, 0.017478916791733357),
2026-07-06 11:32:40,518 | INFO | 	                    (36, 0.028546214066445835),
2026-07-06 11:32:40,518 | INFO | 	                    (37, 0.016527191218189928),
2026-07-06 11:32:40,518 | INFO | 	                    (38, 0.0485437297821045),
2026-07-06 11:32:40,518 | INFO | 	                    (39, 0.046302419829050326),
2026-07-06 11:32:40,518 | INFO | 	                    (40, 0.03251921543851495),
2026-07-06 11:32:40,518 | INFO | 	                    (41, 0.039559009756556594),
2026-07-06 11:32:40,518 | INFO | 	                    (42, 0.020726028593489904),
2026-07-06 11:32:40,518 | INFO | 	                    (43, 0.027443355806171896),
2026-07-06 11:32:40,518 | INFO | 	                    (44, 0.03403484291528003),
2026-07-06 11:32:40,518 | INFO | 	                    (45, 0.02464806626683899),
2026-07-06 11:32:40,518 | INFO | 	                    (46, 0.014385556429624559),
2026-07-06 11:32:40,518 | INFO | 	                    (47, 0.02663668728188062),
2026-07-06 11:32:40,518 | INFO | 	                    (48, 0.04401987046810993),
2026-07-06 11:32:40,518 | INFO | 	                    (49, 0.032275750963547366),
2026-07-06 11:32:40,518 | INFO | 	                    (50, 0.03772765358909965),
2026-07-06 11:32:40,518 | INFO | 	                    (51, 0.049304989064112306),
2026-07-06 11:32:40,518 | INFO | 	                    (52, 0.02395767086658286),
2026-07-06 11:32:40,518 | INFO | 	                    (53, 0.030243546265722593),
2026-07-06 11:32:40,518 | INFO | 	                    (54, 0.02996266841742996),
2026-07-06 11:32:40,519 | INFO | 	                    (55, 0.031112402640726598),
2026-07-06 11:32:40,519 | INFO | 	                    (56, 0.020437276186421514),
2026-07-06 11:32:40,519 | INFO | 	                    (57, 0.013527642460539937),
2026-07-06 11:32:40,519 | INFO | 	                    (58, 0.030583901987119057),
2026-07-06 11:32:40,519 | INFO | 	                    (59, 0.026639718378447426),
2026-07-06 11:32:40,519 | INFO | 	                    (60, 0.035520420055836444)],
2026-07-06 11:32:40,519 | INFO | 	 'train_loss_p50': [(1, 0.6503372025683644),
2026-07-06 11:32:40,519 | INFO | 	                    (2, 0.7047371149063111),
2026-07-06 11:32:40,519 | INFO | 	                    (3, 0.6725108032890141),
2026-07-06 11:32:40,519 | INFO | 	                    (4, 0.4254075940698385),
2026-07-06 11:32:40,519 | INFO | 	                    (5, 0.35407439692501436),
2026-07-06 11:32:40,519 | INFO | 	                    (6, 0.3368455946445465),
2026-07-06 11:32:40,519 | INFO | 	                    (7, 0.2797421317844609),
2026-07-06 11:32:40,519 | INFO | 	                    (8, 0.30709830969572066),
2026-07-06 11:32:40,519 | INFO | 	                    (9, 0.18761774897575378),
2026-07-06 11:32:40,519 | INFO | 	                    (10, 0.23341680094599723),
2026-07-06 11:32:40,519 | INFO | 	                    (11, 0.14568350613117217),
2026-07-06 11:32:40,519 | INFO | 	                    (12, 0.17375814598053693),
2026-07-06 11:32:40,519 | INFO | 	                    (13, 0.19218266556660335),
2026-07-06 11:32:40,519 | INFO | 	                    (14, 0.15761084280831297),
2026-07-06 11:32:40,519 | INFO | 	                    (15, 0.13756988774985074),
2026-07-06 11:32:40,519 | INFO | 	                    (16, 0.17920377478003502),
2026-07-06 11:32:40,519 | INFO | 	                    (17, 0.1866082713007927),
2026-07-06 11:32:40,519 | INFO | 	                    (18, 0.13954513221979142),
2026-07-06 11:32:40,519 | INFO | 	                    (19, 0.23127422034740447),
2026-07-06 11:32:40,519 | INFO | 	                    (20, 0.14712932277470828),
2026-07-06 11:32:40,519 | INFO | 	                    (21, 0.09429168287497305),
2026-07-06 11:32:40,519 | INFO | 	                    (22, 0.12071982314810156),
2026-07-06 11:32:40,519 | INFO | 	                    (23, 0.0849141958864493),
2026-07-06 11:32:40,519 | INFO | 	                    (24, 0.08020347272563312),
2026-07-06 11:32:40,519 | INFO | 	                    (25, 0.13514558127259507),
2026-07-06 11:32:40,519 | INFO | 	                    (26, 0.10298572778701783),
2026-07-06 11:32:40,519 | INFO | 	                    (27, 0.0973172016441822),
2026-07-06 11:32:40,519 | INFO | 	                    (28, 0.09011927545070648),
2026-07-06 11:32:40,519 | INFO | 	                    (29, 0.13501983284950256),
2026-07-06 11:32:40,519 | INFO | 	                    (30, 0.09935813082523859),
2026-07-06 11:32:40,519 | INFO | 	                    (31, 0.09491845806178294),
2026-07-06 11:32:40,519 | INFO | 	                    (32, 0.09378631306409836),
2026-07-06 11:32:40,519 | INFO | 	                    (33, 0.13168286979198457),
2026-07-06 11:32:40,520 | INFO | 	                    (34, 0.13083941096661192),
2026-07-06 11:32:40,520 | INFO | 	                    (35, 0.0929051120366369),
2026-07-06 11:32:40,520 | INFO | 	                    (36, 0.15689847417525016),
2026-07-06 11:32:40,520 | INFO | 	                    (37, 0.06801813839554786),
2026-07-06 11:32:40,520 | INFO | 	                    (38, 0.10448620244860649),
2026-07-06 11:32:40,520 | INFO | 	                    (39, 0.10175440376624464),
2026-07-06 11:32:40,520 | INFO | 	                    (40, 0.07733452066698372),
2026-07-06 11:32:40,520 | INFO | 	                    (41, 0.10246164636284456),
2026-07-06 11:32:40,520 | INFO | 	                    (42, 0.07076954214155674),
2026-07-06 11:32:40,520 | INFO | 	                    (43, 0.12482777675728739),
2026-07-06 11:32:40,520 | INFO | 	                    (44, 0.10087175369262695),
2026-07-06 11:32:40,520 | INFO | 	                    (45, 0.08458145502954721),
2026-07-06 11:32:40,520 | INFO | 	                    (46, 0.054553857287674236),
2026-07-06 11:32:40,520 | INFO | 	                    (47, 0.08454493638200802),
2026-07-06 11:32:40,520 | INFO | 	                    (48, 0.08404983077198266),
2026-07-06 11:32:40,520 | INFO | 	                    (49, 0.06391435712575913),
2026-07-06 11:32:40,520 | INFO | 	                    (50, 0.08375770571306715),
2026-07-06 11:32:40,520 | INFO | 	                    (51, 0.10322808456710643),
2026-07-06 11:32:40,520 | INFO | 	                    (52, 0.09304415116255933),
2026-07-06 11:32:40,520 | INFO | 	                    (53, 0.06355050206861712),
2026-07-06 11:32:40,520 | INFO | 	                    (54, 0.09631878417267492),
2026-07-06 11:32:40,520 | INFO | 	                    (55, 0.1167078942985706),
2026-07-06 11:32:40,520 | INFO | 	                    (56, 0.08841295942147342),
2026-07-06 11:32:40,520 | INFO | 	                    (57, 0.08500747978687287),
2026-07-06 11:32:40,520 | INFO | 	                    (58, 0.07363491132855415),
2026-07-06 11:32:40,520 | INFO | 	                    (59, 0.059243781864643096),
2026-07-06 11:32:40,520 | INFO | 	                    (60, 0.07149573266506196)],
2026-07-06 11:32:40,520 | INFO | 	 'train_loss_p90': [(1, 1.2860622859001158),
2026-07-06 11:32:40,520 | INFO | 	                    (2, 0.9428106319904327),
2026-07-06 11:32:40,520 | INFO | 	                    (3, 1.0828200738222702),
2026-07-06 11:32:40,520 | INFO | 	                    (4, 0.6289061307907104),
2026-07-06 11:32:40,520 | INFO | 	                    (5, 0.7541009217500685),
2026-07-06 11:32:40,520 | INFO | 	                    (6, 0.6366136932373047),
2026-07-06 11:32:40,520 | INFO | 	                    (7, 0.42041085988283156),
2026-07-06 11:32:40,520 | INFO | 	                    (8, 0.45571212065019967),
2026-07-06 11:32:40,520 | INFO | 	                    (9, 0.3289200412870195),
2026-07-06 11:32:40,520 | INFO | 	                    (10, 0.36568384498357775),
2026-07-06 11:32:40,520 | INFO | 	                    (11, 0.29521143376477477),
2026-07-06 11:32:40,521 | INFO | 	                    (12, 0.32159777993151406),
2026-07-06 11:32:40,521 | INFO | 	                    (13, 0.301877475976944),
2026-07-06 11:32:40,521 | INFO | 	                    (14, 0.3155055502814503),
2026-07-06 11:32:40,521 | INFO | 	                    (15, 0.27520877063274385),
2026-07-06 11:32:40,521 | INFO | 	                    (16, 0.23217727482318878),
2026-07-06 11:32:40,521 | INFO | 	                    (17, 0.7013797780823987),
2026-07-06 11:32:40,521 | INFO | 	                    (18, 0.2427057182788849),
2026-07-06 11:32:40,521 | INFO | 	                    (19, 0.4999820907910664),
2026-07-06 11:32:40,521 | INFO | 	                    (20, 0.24854867198439531),
2026-07-06 11:32:40,521 | INFO | 	                    (21, 0.2028226883637494),
2026-07-06 11:32:40,521 | INFO | 	                    (22, 0.19305228058299329),
2026-07-06 11:32:40,521 | INFO | 	                    (23, 0.1393092478753305),
2026-07-06 11:32:40,521 | INFO | 	                    (24, 0.13999339962496576),
2026-07-06 11:32:40,521 | INFO | 	                    (25, 0.30445488244295116),
2026-07-06 11:32:40,521 | INFO | 	                    (26, 0.21731925085012432),
2026-07-06 11:32:40,521 | INFO | 	                    (27, 0.23480688031762834),
2026-07-06 11:32:40,521 | INFO | 	                    (28, 0.19391610036293666),
2026-07-06 11:32:40,521 | INFO | 	                    (29, 0.21245165435192376),
2026-07-06 11:32:40,521 | INFO | 	                    (30, 0.2194731858372688),
2026-07-06 11:32:40,521 | INFO | 	                    (31, 0.22326778650283813),
2026-07-06 11:32:40,521 | INFO | 	                    (32, 0.2110693897668159),
2026-07-06 11:32:40,521 | INFO | 	                    (33, 0.21342554509639738),
2026-07-06 11:32:40,521 | INFO | 	                    (34, 0.26303999915719023),
2026-07-06 11:32:40,521 | INFO | 	                    (35, 0.23975499323671098),
2026-07-06 11:32:40,521 | INFO | 	                    (36, 0.28892646457999943),
2026-07-06 11:32:40,521 | INFO | 	                    (37, 0.12328371889889239),
2026-07-06 11:32:40,521 | INFO | 	                    (38, 0.22610741859927422),
2026-07-06 11:32:40,521 | INFO | 	                    (39, 0.25791386347494005),
2026-07-06 11:32:40,521 | INFO | 	                    (40, 0.2389987767973044),
2026-07-06 11:32:40,521 | INFO | 	                    (41, 0.21498867243528363),
2026-07-06 11:32:40,521 | INFO | 	                    (42, 0.22610389562323688),
2026-07-06 11:32:40,521 | INFO | 	                    (43, 0.28925454437732695),
2026-07-06 11:32:40,521 | INFO | 	                    (44, 0.1773786832502323),
2026-07-06 11:32:40,521 | INFO | 	                    (45, 0.15251093999730383),
2026-07-06 11:32:40,521 | INFO | 	                    (46, 0.14393613956659754),
2026-07-06 11:32:40,521 | INFO | 	                    (47, 0.22991861164569852),
2026-07-06 11:32:40,521 | INFO | 	                    (48, 0.15439675389324808),
2026-07-06 11:32:40,521 | INFO | 	                    (49, 0.14473225724064942),
2026-07-06 11:32:40,521 | INFO | 	                    (50, 0.1865621281001607),
2026-07-06 11:32:40,522 | INFO | 	                    (51, 0.24325246218591928),
2026-07-06 11:32:40,522 | INFO | 	                    (52, 0.1694993749722771),
2026-07-06 11:32:40,522 | INFO | 	                    (53, 0.12033011981064275),
2026-07-06 11:32:40,522 | INFO | 	                    (54, 0.14472891002893448),
2026-07-06 11:32:40,522 | INFO | 	                    (55, 0.18143477348945078),
2026-07-06 11:32:40,522 | INFO | 	                    (56, 0.19016635031680745),
2026-07-06 11:32:40,522 | INFO | 	                    (57, 0.19004756633405642),
2026-07-06 11:32:40,522 | INFO | 	                    (58, 0.15217599122596331),
2026-07-06 11:32:40,522 | INFO | 	                    (59, 0.136324077210911),
2026-07-06 11:32:40,522 | INFO | 	                    (60, 0.15555979281663895)],
2026-07-06 11:32:40,522 | INFO | 	 'train_loss_std': [(1, 0.3394860782588521),
2026-07-06 11:32:40,522 | INFO | 	                    (2, 0.22742280720558308),
2026-07-06 11:32:40,522 | INFO | 	                    (3, 0.34376009822928766),
2026-07-06 11:32:40,522 | INFO | 	                    (4, 0.19943520739628753),
2026-07-06 11:32:40,522 | INFO | 	                    (5, 0.21512141227684478),
2026-07-06 11:32:40,522 | INFO | 	                    (6, 0.1768228308278425),
2026-07-06 11:32:40,522 | INFO | 	                    (7, 0.12611958910877333),
2026-07-06 11:32:40,522 | INFO | 	                    (8, 0.14434920395941986),
2026-07-06 11:32:40,522 | INFO | 	                    (9, 0.10206500016655791),
2026-07-06 11:32:40,522 | INFO | 	                    (10, 0.10379821385001586),
2026-07-06 11:32:40,522 | INFO | 	                    (11, 0.13698507741912228),
2026-07-06 11:32:40,522 | INFO | 	                    (12, 0.09286629071630555),
2026-07-06 11:32:40,522 | INFO | 	                    (13, 0.08479151876158277),
2026-07-06 11:32:40,522 | INFO | 	                    (14, 0.09474388077485553),
2026-07-06 11:32:40,522 | INFO | 	                    (15, 0.08860221211401745),
2026-07-06 11:32:40,522 | INFO | 	                    (16, 0.08023884401631248),
2026-07-06 11:32:40,522 | INFO | 	                    (17, 0.27087084856203036),
2026-07-06 11:32:40,522 | INFO | 	                    (18, 0.08039300819550493),
2026-07-06 11:32:40,522 | INFO | 	                    (19, 0.15991374324433794),
2026-07-06 11:32:40,522 | INFO | 	                    (20, 0.07232392122864649),
2026-07-06 11:32:40,522 | INFO | 	                    (21, 0.06947744063168071),
2026-07-06 11:32:40,522 | INFO | 	                    (22, 0.07345333207042826),
2026-07-06 11:32:40,522 | INFO | 	                    (23, 0.05108102813762557),
2026-07-06 11:32:40,522 | INFO | 	                    (24, 0.17132048968645147),
2026-07-06 11:32:40,522 | INFO | 	                    (25, 0.10678758878606212),
2026-07-06 11:32:40,522 | INFO | 	                    (26, 0.07917451814539898),
2026-07-06 11:32:40,522 | INFO | 	                    (27, 0.08160242866518749),
2026-07-06 11:32:40,522 | INFO | 	                    (28, 0.0648005248964597),
2026-07-06 11:32:40,522 | INFO | 	                    (29, 0.06458430713951739),
2026-07-06 11:32:40,523 | INFO | 	                    (30, 0.09014465135697175),
2026-07-06 11:32:40,523 | INFO | 	                    (31, 0.0725585578480274),
2026-07-06 11:32:40,523 | INFO | 	                    (32, 0.07813352183191503),
2026-07-06 11:32:40,523 | INFO | 	                    (33, 0.06741543988720332),
2026-07-06 11:32:40,523 | INFO | 	                    (34, 0.16068052333207586),
2026-07-06 11:32:40,523 | INFO | 	                    (35, 0.0976796686901101),
2026-07-06 11:32:40,523 | INFO | 	                    (36, 0.17397661277110069),
2026-07-06 11:32:40,523 | INFO | 	                    (37, 0.04044283396871885),
2026-07-06 11:32:40,523 | INFO | 	                    (38, 0.07339729551033437),
2026-07-06 11:32:40,523 | INFO | 	                    (39, 0.09362289409792773),
2026-07-06 11:32:40,523 | INFO | 	                    (40, 0.09154699419689323),
2026-07-06 11:32:40,523 | INFO | 	                    (41, 0.06420303500816779),
2026-07-06 11:32:40,523 | INFO | 	                    (42, 0.08458681779980574),
2026-07-06 11:32:40,523 | INFO | 	                    (43, 0.1020392940785596),
2026-07-06 11:32:40,523 | INFO | 	                    (44, 0.08644146880710377),
2026-07-06 11:32:40,523 | INFO | 	                    (45, 0.057658269082502385),
2026-07-06 11:32:40,523 | INFO | 	                    (46, 0.052084940540603225),
2026-07-06 11:32:40,523 | INFO | 	                    (47, 0.07932980416550088),
2026-07-06 11:32:40,523 | INFO | 	                    (48, 0.047935031762664046),
2026-07-06 11:32:40,523 | INFO | 	                    (49, 0.041683219217543234),
2026-07-06 11:32:40,523 | INFO | 	                    (50, 0.05820252406002176),
2026-07-06 11:32:40,523 | INFO | 	                    (51, 0.07994278708306175),
2026-07-06 11:32:40,523 | INFO | 	                    (52, 0.062248330728945644),
2026-07-06 11:32:40,523 | INFO | 	                    (53, 0.08039277542685364),
2026-07-06 11:32:40,523 | INFO | 	                    (54, 0.1139092828176171),
2026-07-06 11:32:40,523 | INFO | 	                    (55, 0.08832163329834532),
2026-07-06 11:32:40,523 | INFO | 	                    (56, 0.06654490277922796),
2026-07-06 11:32:40,523 | INFO | 	                    (57, 0.07281091206152657),
2026-07-06 11:32:40,523 | INFO | 	                    (58, 0.05129404820762728),
2026-07-06 11:32:40,523 | INFO | 	                    (59, 0.05202182730928435),
2026-07-06 11:32:40,523 | INFO | 	                    (60, 0.0827926689333219)]}
2026-07-06 11:32:40,523 | INFO | 	History (metrics, centralized):
2026-07-06 11:32:40,523 | INFO | 	{'accuracy': [(0, 0.1052),
2026-07-06 11:32:40,523 | INFO | 	              (1, 0.1126),
2026-07-06 11:32:40,523 | INFO | 	              (2, 0.1006),
2026-07-06 11:32:40,523 | INFO | 	              (3, 0.1037),
2026-07-06 11:32:40,523 | INFO | 	              (4, 0.1084),
2026-07-06 11:32:40,523 | INFO | 	              (5, 0.1067),
2026-07-06 11:32:40,524 | INFO | 	              (6, 0.1032),
2026-07-06 11:32:40,524 | INFO | 	              (7, 0.1),
2026-07-06 11:32:40,524 | INFO | 	              (8, 0.1028),
2026-07-06 11:32:40,524 | INFO | 	              (9, 0.1128),
2026-07-06 11:32:40,524 | INFO | 	              (10, 0.0973),
2026-07-06 11:32:40,524 | INFO | 	              (11, 0.1047),
2026-07-06 11:32:40,524 | INFO | 	              (12, 0.1071),
2026-07-06 11:32:40,524 | INFO | 	              (13, 0.0972),
2026-07-06 11:32:40,524 | INFO | 	              (14, 0.1104),
2026-07-06 11:32:40,524 | INFO | 	              (15, 0.1055),
2026-07-06 11:32:40,524 | INFO | 	              (16, 0.1107),
2026-07-06 11:32:40,524 | INFO | 	              (17, 0.1),
2026-07-06 11:32:40,524 | INFO | 	              (18, 0.1096),
2026-07-06 11:32:40,524 | INFO | 	              (19, 0.0971),
2026-07-06 11:32:40,524 | INFO | 	              (20, 0.1012),
2026-07-06 11:32:40,524 | INFO | 	              (21, 0.1033),
2026-07-06 11:32:40,524 | INFO | 	              (22, 0.1038),
2026-07-06 11:32:40,524 | INFO | 	              (23, 0.1057),
2026-07-06 11:32:40,524 | INFO | 	              (24, 0.1047),
2026-07-06 11:32:40,524 | INFO | 	              (25, 0.1017),
2026-07-06 11:32:40,524 | INFO | 	              (26, 0.1097),
2026-07-06 11:32:40,524 | INFO | 	              (27, 0.1094),
2026-07-06 11:32:40,524 | INFO | 	              (28, 0.1041),
2026-07-06 11:32:40,524 | INFO | 	              (29, 0.1056),
2026-07-06 11:32:40,524 | INFO | 	              (30, 0.113),
2026-07-06 11:32:40,524 | INFO | 	              (31, 0.1076),
2026-07-06 11:32:40,524 | INFO | 	              (32, 0.1062),
2026-07-06 11:32:40,524 | INFO | 	              (33, 0.1013),
2026-07-06 11:32:40,524 | INFO | 	              (34, 0.1036),
2026-07-06 11:32:40,524 | INFO | 	              (35, 0.112),
2026-07-06 11:32:40,524 | INFO | 	              (36, 0.1063),
2026-07-06 11:32:40,524 | INFO | 	              (37, 0.1033),
2026-07-06 11:32:40,524 | INFO | 	              (38, 0.1064),
2026-07-06 11:32:40,524 | INFO | 	              (39, 0.1045),
2026-07-06 11:32:40,524 | INFO | 	              (40, 0.1077),
2026-07-06 11:32:40,525 | INFO | 	              (41, 0.1108),
2026-07-06 11:32:40,525 | INFO | 	              (42, 0.1114),
2026-07-06 11:32:40,525 | INFO | 	              (43, 0.0999),
2026-07-06 11:32:40,525 | INFO | 	              (44, 0.108),
2026-07-06 11:32:40,525 | INFO | 	              (45, 0.1105),
2026-07-06 11:32:40,525 | INFO | 	              (46, 0.1087),
2026-07-06 11:32:40,525 | INFO | 	              (47, 0.11),
2026-07-06 11:32:40,525 | INFO | 	              (48, 0.1085),
2026-07-06 11:32:40,525 | INFO | 	              (49, 0.1011),
2026-07-06 11:32:40,525 | INFO | 	              (50, 0.103),
2026-07-06 11:32:40,525 | INFO | 	              (51, 0.112),
2026-07-06 11:32:40,525 | INFO | 	              (52, 0.1175),
2026-07-06 11:32:40,525 | INFO | 	              (53, 0.1047),
2026-07-06 11:32:40,525 | INFO | 	              (54, 0.1048),
2026-07-06 11:32:40,525 | INFO | 	              (55, 0.0964),
2026-07-06 11:32:40,525 | INFO | 	              (56, 0.1065),
2026-07-06 11:32:40,525 | INFO | 	              (57, 0.1061),
2026-07-06 11:32:40,525 | INFO | 	              (58, 0.1008),
2026-07-06 11:32:40,525 | INFO | 	              (59, 0.1033),
2026-07-06 11:32:40,525 | INFO | 	              (60, 0.1068)],
2026-07-06 11:32:40,525 | INFO | 	 'active_physical_devices': [(0, 0),
2026-07-06 11:32:40,525 | INFO | 	                             (1, 15),
2026-07-06 11:32:40,525 | INFO | 	                             (2, 15),
2026-07-06 11:32:40,525 | INFO | 	                             (3, 15),
2026-07-06 11:32:40,525 | INFO | 	                             (4, 15),
2026-07-06 11:32:40,525 | INFO | 	                             (5, 15),
2026-07-06 11:32:40,525 | INFO | 	                             (6, 15),
2026-07-06 11:32:40,525 | INFO | 	                             (7, 15),
2026-07-06 11:32:40,525 | INFO | 	                             (8, 15),
2026-07-06 11:32:40,525 | INFO | 	                             (9, 15),
2026-07-06 11:32:40,525 | INFO | 	                             (10, 15),
2026-07-06 11:32:40,526 | INFO | 	                             (11, 15),
2026-07-06 11:32:40,526 | INFO | 	                             (12, 15),
2026-07-06 11:32:40,526 | INFO | 	                             (13, 15),
2026-07-06 11:32:40,526 | INFO | 	                             (14, 15),
2026-07-06 11:32:40,526 | INFO | 	                             (15, 15),
2026-07-06 11:32:40,526 | INFO | 	                             (16, 15),
2026-07-06 11:32:40,526 | INFO | 	                             (17, 15),
2026-07-06 11:32:40,526 | INFO | 	                             (18, 15),
2026-07-06 11:32:40,526 | INFO | 	                             (19, 15),
2026-07-06 11:32:40,526 | INFO | 	                             (20, 15),
2026-07-06 11:32:40,526 | INFO | 	                             (21, 15),
2026-07-06 11:32:40,526 | INFO | 	                             (22, 15),
2026-07-06 11:32:40,526 | INFO | 	                             (23, 15),
2026-07-06 11:32:40,526 | INFO | 	                             (24, 15),
2026-07-06 11:32:40,526 | INFO | 	                             (25, 15),
2026-07-06 11:32:40,526 | INFO | 	                             (26, 15),
2026-07-06 11:32:40,526 | INFO | 	                             (27, 15),
2026-07-06 11:32:40,526 | INFO | 	                             (28, 15),
2026-07-06 11:32:40,526 | INFO | 	                             (29, 15),
2026-07-06 11:32:40,526 | INFO | 	                             (30, 15),
2026-07-06 11:32:40,526 | INFO | 	                             (31, 15),
2026-07-06 11:32:40,526 | INFO | 	                             (32, 15),
2026-07-06 11:32:40,526 | INFO | 	                             (33, 15),
2026-07-06 11:32:40,526 | INFO | 	                             (34, 15),
2026-07-06 11:32:40,526 | INFO | 	                             (35, 15),
2026-07-06 11:32:40,526 | INFO | 	                             (36, 15),
2026-07-06 11:32:40,526 | INFO | 	                             (37, 15),
2026-07-06 11:32:40,526 | INFO | 	                             (38, 15),
2026-07-06 11:32:40,526 | INFO | 	                             (39, 15),
2026-07-06 11:32:40,526 | INFO | 	                             (40, 15),
2026-07-06 11:32:40,526 | INFO | 	                             (41, 15),
2026-07-06 11:32:40,526 | INFO | 	                             (42, 15),
2026-07-06 11:32:40,526 | INFO | 	                             (43, 15),
2026-07-06 11:32:40,527 | INFO | 	                             (44, 15),
2026-07-06 11:32:40,527 | INFO | 	                             (45, 15),
2026-07-06 11:32:40,527 | INFO | 	                             (46, 15),
2026-07-06 11:32:40,527 | INFO | 	                             (47, 15),
2026-07-06 11:32:40,527 | INFO | 	                             (48, 15),
2026-07-06 11:32:40,527 | INFO | 	                             (49, 15),
2026-07-06 11:32:40,527 | INFO | 	                             (50, 15),
2026-07-06 11:32:40,527 | INFO | 	                             (51, 15),
2026-07-06 11:32:40,527 | INFO | 	                             (52, 15),
2026-07-06 11:32:40,527 | INFO | 	                             (53, 15),
2026-07-06 11:32:40,527 | INFO | 	                             (54, 15),
2026-07-06 11:32:40,527 | INFO | 	                             (55, 15),
2026-07-06 11:32:40,527 | INFO | 	                             (56, 15),
2026-07-06 11:32:40,527 | INFO | 	                             (57, 15),
2026-07-06 11:32:40,527 | INFO | 	                             (58, 15),
2026-07-06 11:32:40,527 | INFO | 	                             (59, 15),
2026-07-06 11:32:40,527 | INFO | 	                             (60, 15)],
2026-07-06 11:32:40,527 | INFO | 	 'global_ece': [(0, 0.2500343444526195),
2026-07-06 11:32:40,527 | INFO | 	                (1, 0.24372481147050856),
2026-07-06 11:32:40,527 | INFO | 	                (2, 0.26008756088018414),
2026-07-06 11:32:40,527 | INFO | 	                (3, 0.25080586782991887),
2026-07-06 11:32:40,527 | INFO | 	                (4, 0.2498833911895752),
2026-07-06 11:32:40,527 | INFO | 	                (5, 0.24967247378230095),
2026-07-06 11:32:40,527 | INFO | 	                (6, 0.2518319939345121),
2026-07-06 11:32:40,527 | INFO | 	                (7, 0.25521181837618345),
2026-07-06 11:32:40,527 | INFO | 	                (8, 0.2516012246698141),
2026-07-06 11:32:40,527 | INFO | 	                (9, 0.25056471049338574),
2026-07-06 11:32:40,527 | INFO | 	                (10, 0.2618534685254097),
2026-07-06 11:32:40,527 | INFO | 	                (11, 0.24975253964960575),
2026-07-06 11:32:40,527 | INFO | 	                (12, 0.2465822117686272),
2026-07-06 11:32:40,527 | INFO | 	                (13, 0.26254538849592207),
2026-07-06 11:32:40,527 | INFO | 	                (14, 0.24750605567842723),
2026-07-06 11:32:40,527 | INFO | 	                (15, 0.2510728586554527),
2026-07-06 11:32:40,528 | INFO | 	                (16, 0.24149021376967428),
2026-07-06 11:32:40,528 | INFO | 	                (17, 0.2574514903306961),
2026-07-06 11:32:40,528 | INFO | 	                (18, 0.25400281356871124),
2026-07-06 11:32:40,528 | INFO | 	                (19, 0.26238271254301077),
2026-07-06 11:32:40,528 | INFO | 	                (20, 0.25452324171662327),
2026-07-06 11:32:40,528 | INFO | 	                (21, 0.2544530094891787),
2026-07-06 11:32:40,528 | INFO | 	                (22, 0.2513135624527931),
2026-07-06 11:32:40,528 | INFO | 	                (23, 0.25568534406423565),
2026-07-06 11:32:40,528 | INFO | 	                (24, 0.24842400762140754),
2026-07-06 11:32:40,528 | INFO | 	                (25, 0.2578232358276844),
2026-07-06 11:32:40,528 | INFO | 	                (26, 0.24964883720576755),
2026-07-06 11:32:40,528 | INFO | 	                (27, 0.253287952414155),
2026-07-06 11:32:40,528 | INFO | 	                (28, 0.2553452903777362),
2026-07-06 11:32:40,528 | INFO | 	                (29, 0.25241026785671705),
2026-07-06 11:32:40,528 | INFO | 	                (30, 0.24541693813204768),
2026-07-06 11:32:40,528 | INFO | 	                (31, 0.25052625160515307),
2026-07-06 11:32:40,528 | INFO | 	                (32, 0.2471967046111822),
2026-07-06 11:32:40,528 | INFO | 	                (33, 0.2591296407699584),
2026-07-06 11:32:40,528 | INFO | 	                (34, 0.24822715109586715),
2026-07-06 11:32:40,528 | INFO | 	                (35, 0.24756072228848933),
2026-07-06 11:32:40,528 | INFO | 	                (36, 0.25012897152006625),
2026-07-06 11:32:40,528 | INFO | 	                (37, 0.25375570701658734),
2026-07-06 11:32:40,528 | INFO | 	                (38, 0.2470380806565285),
2026-07-06 11:32:40,528 | INFO | 	                (39, 0.25980565105676656),
2026-07-06 11:32:40,528 | INFO | 	                (40, 0.25215881646275523),
2026-07-06 11:32:40,528 | INFO | 	                (41, 0.24947130928635602),
2026-07-06 11:32:40,528 | INFO | 	                (42, 0.2532468330800533),
2026-07-06 11:32:40,528 | INFO | 	                (43, 0.2556324236005545),
2026-07-06 11:32:40,528 | INFO | 	                (44, 0.2486943727269769),
2026-07-06 11:32:40,528 | INFO | 	                (45, 0.24678394303917883),
2026-07-06 11:32:40,528 | INFO | 	                (46, 0.24744093383550647),
2026-07-06 11:32:40,528 | INFO | 	                (47, 0.2405248286753893),
2026-07-06 11:32:40,528 | INFO | 	                (48, 0.2522216573178768),
2026-07-06 11:32:40,529 | INFO | 	                (49, 0.2611707004755735),
2026-07-06 11:32:40,529 | INFO | 	                (50, 0.25565347507297986),
2026-07-06 11:32:40,529 | INFO | 	                (51, 0.24689500925540925),
2026-07-06 11:32:40,529 | INFO | 	                (52, 0.2360093185454607),
2026-07-06 11:32:40,529 | INFO | 	                (53, 0.24942323203086855),
2026-07-06 11:32:40,529 | INFO | 	                (54, 0.254079582336545),
2026-07-06 11:32:40,529 | INFO | 	                (55, 0.2628417102858424),
2026-07-06 11:32:40,529 | INFO | 	                (56, 0.2529070569336415),
2026-07-06 11:32:40,529 | INFO | 	                (57, 0.2507421494543552),
2026-07-06 11:32:40,529 | INFO | 	                (58, 0.2580488795340061),
2026-07-06 11:32:40,529 | INFO | 	                (59, 0.2572590543925763),
2026-07-06 11:32:40,529 | INFO | 	                (60, 0.25244834498763086)],
2026-07-06 11:32:40,529 | INFO | 	 'selected_count': [(0, 0),
2026-07-06 11:32:40,529 | INFO | 	                    (1, 15),
2026-07-06 11:32:40,529 | INFO | 	                    (2, 15),
2026-07-06 11:32:40,529 | INFO | 	                    (3, 15),
2026-07-06 11:32:40,529 | INFO | 	                    (4, 15),
2026-07-06 11:32:40,529 | INFO | 	                    (5, 15),
2026-07-06 11:32:40,529 | INFO | 	                    (6, 15),
2026-07-06 11:32:40,529 | INFO | 	                    (7, 15),
2026-07-06 11:32:40,529 | INFO | 	                    (8, 15),
2026-07-06 11:32:40,529 | INFO | 	                    (9, 15),
2026-07-06 11:32:40,529 | INFO | 	                    (10, 15),
2026-07-06 11:32:40,529 | INFO | 	                    (11, 15),
2026-07-06 11:32:40,529 | INFO | 	                    (12, 15),
2026-07-06 11:32:40,529 | INFO | 	                    (13, 15),
2026-07-06 11:32:40,529 | INFO | 	                    (14, 15),
2026-07-06 11:32:40,529 | INFO | 	                    (15, 15),
2026-07-06 11:32:40,529 | INFO | 	                    (16, 15),
2026-07-06 11:32:40,529 | INFO | 	                    (17, 15),
2026-07-06 11:32:40,529 | INFO | 	                    (18, 15),
2026-07-06 11:32:40,529 | INFO | 	                    (19, 15),
2026-07-06 11:32:40,530 | INFO | 	                    (20, 15),
2026-07-06 11:32:40,530 | INFO | 	                    (21, 15),
2026-07-06 11:32:40,530 | INFO | 	                    (22, 15),
2026-07-06 11:32:40,530 | INFO | 	                    (23, 15),
2026-07-06 11:32:40,530 | INFO | 	                    (24, 15),
2026-07-06 11:32:40,530 | INFO | 	                    (25, 15),
2026-07-06 11:32:40,530 | INFO | 	                    (26, 15),
2026-07-06 11:32:40,530 | INFO | 	                    (27, 15),
2026-07-06 11:32:40,530 | INFO | 	                    (28, 15),
2026-07-06 11:32:40,530 | INFO | 	                    (29, 15),
2026-07-06 11:32:40,530 | INFO | 	                    (30, 15),
2026-07-06 11:32:40,530 | INFO | 	                    (31, 15),
2026-07-06 11:32:40,530 | INFO | 	                    (32, 15),
2026-07-06 11:32:40,530 | INFO | 	                    (33, 15),
2026-07-06 11:32:40,530 | INFO | 	                    (34, 15),
2026-07-06 11:32:40,530 | INFO | 	                    (35, 15),
2026-07-06 11:32:40,530 | INFO | 	                    (36, 15),
2026-07-06 11:32:40,530 | INFO | 	                    (37, 15),
2026-07-06 11:32:40,530 | INFO | 	                    (38, 15),
2026-07-06 11:32:40,530 | INFO | 	                    (39, 15),
2026-07-06 11:32:40,530 | INFO | 	                    (40, 15),
2026-07-06 11:32:40,530 | INFO | 	                    (41, 15),
2026-07-06 11:32:40,530 | INFO | 	                    (42, 15),
2026-07-06 11:32:40,530 | INFO | 	                    (43, 15),
2026-07-06 11:32:40,530 | INFO | 	                    (44, 15),
2026-07-06 11:32:40,530 | INFO | 	                    (45, 15),
2026-07-06 11:32:40,530 | INFO | 	                    (46, 15),
2026-07-06 11:32:40,530 | INFO | 	                    (47, 15),
2026-07-06 11:32:40,530 | INFO | 	                    (48, 15),
2026-07-06 11:32:40,530 | INFO | 	                    (49, 15),
2026-07-06 11:32:40,530 | INFO | 	                    (50, 15),
2026-07-06 11:32:40,530 | INFO | 	                    (51, 15),
2026-07-06 11:32:40,530 | INFO | 	                    (52, 15),
2026-07-06 11:32:40,530 | INFO | 	                    (53, 15),
2026-07-06 11:32:40,530 | INFO | 	                    (54, 15),
2026-07-06 11:32:40,530 | INFO | 	                    (55, 15),
2026-07-06 11:32:40,531 | INFO | 	                    (56, 15),
2026-07-06 11:32:40,531 | INFO | 	                    (57, 15),
2026-07-06 11:32:40,531 | INFO | 	                    (58, 15),
2026-07-06 11:32:40,531 | INFO | 	                    (59, 15),
2026-07-06 11:32:40,531 | INFO | 	                    (60, 15)]}
2026-07-06 11:32:40,531 | INFO | 
2026-07-06 11:32:40,913 | INFO | Saved metrics: outputs/tune_ola_mnist_noniid_unbalanced/ola_lr0p05_b128_e5/metrics.csv
2026-07-06 11:32:40,913 | INFO | Saved selection_summary: outputs/tune_ola_mnist_noniid_unbalanced/ola_lr0p05_b128_e5/selection_summary.csv
2026-07-06 11:32:40,913 | INFO | Saved selected_clients: outputs/tune_ola_mnist_noniid_unbalanced/ola_lr0p05_b128_e5/selected_clients.csv
2026-07-06 11:32:40,913 | INFO | Saved communication_metrics: outputs/tune_ola_mnist_noniid_unbalanced/ola_lr0p05_b128_e5/communication_metrics.csv
2026-07-06 11:32:40,913 | INFO | Saved client_train_metrics: outputs/tune_ola_mnist_noniid_unbalanced/ola_lr0p05_b128_e5/client_train_metrics.csv
2026-07-06 11:32:40,913 | INFO | Saved client_eval_metrics: outputs/tune_ola_mnist_noniid_unbalanced/ola_lr0p05_b128_e5/client_eval_metrics.csv
2026-07-06 11:32:40,913 | INFO | Saved calibration_bins: outputs/tune_ola_mnist_noniid_unbalanced/ola_lr0p05_b128_e5/calibration_bins.csv
2026-07-06 11:32:40,913 | INFO | Saved posterior_summary: outputs/tune_ola_mnist_noniid_unbalanced/ola_lr0p05_b128_e5/posterior_summary.csv
2026-07-06 11:32:40,913 | INFO | Saved snr_histograms: outputs/tune_ola_mnist_noniid_unbalanced/ola_lr0p05_b128_e5/snr_histograms.csv
2026-07-06 11:32:40,913 | INFO | Saved aggregation_diagnostics: outputs/tune_ola_mnist_noniid_unbalanced/ola_lr0p05_b128_e5/aggregation_diagnostics.csv
2026-07-06 11:32:40,913 | INFO | Saved run_summary: outputs/tune_ola_mnist_noniid_unbalanced/ola_lr0p05_b128_e5/run_summary.csv
2026-07-06 11:32:40,913 | INFO | Saved pruning_eval: outputs/tune_ola_mnist_noniid_unbalanced/ola_lr0p05_b128_e5/pruning_eval.csv
2026-07-06 11:32:40,913 | INFO | Saved final model: outputs/tune_ola_mnist_noniid_unbalanced/ola_lr0p05_b128_e5/final_model.pt
2026-07-06 11:32:40,914 | INFO | Done
