schema_version,run_id,round,method,eval_scope,physical_client_id,virtual_client_id,bin_id,bin_left,bin_right,bin_count,bin_accuracy,bin_confidence,bin_gap,ece_contribution,nll_mean,brier_mean
bayesfl_observability_v1,vi_lr0p0002_b16_e1,0,vi,global_test,,,0,0.0,0.06666666666666667,0,,,,,,
bayesfl_observability_v1,vi_lr0p0002_b16_e1,0,vi,global_test,,,1,0.06666666666666667,0.13333333333333333,130,0.08461538461538462,0.12912599994586063,0.04451061533047601,0.0005786379992961881,2.3653933891883265,0.9108631294507247
bayesfl_observability_v1,vi_lr0p0002_b16_e1,0,vi,global_test,,,2,0.13333333333333333,0.2,6577,0.10795195377831839,0.16952060135606759,0.0615686475777492,0.040493699511885646,2.3737533302750835,0.9128427020463425
bayesfl_observability_v1,vi_lr0p0002_b16_e1,0,vi,global_test,,,3,0.2,0.26666666666666666,2804,0.12981455064194009,0.22411377817796233,0.09429922753602224,0.026441503401100637,2.3920952920056613,0.9185508303184822
bayesfl_observability_v1,vi_lr0p0002_b16_e1,0,vi,global_test,,,4,0.26666666666666666,0.3333333333333333,432,0.17592592592592593,0.2904142017855688,0.11448827585964289,0.004945893517136572,2.363243029901275,0.913756543011577
bayesfl_observability_v1,vi_lr0p0002_b16_e1,0,vi,global_test,,,5,0.3333333333333333,0.4,50,0.12,0.35190162420272825,0.23190162420272825,0.0011595081210136412,2.4783899688720705,0.9644844502210617
bayesfl_observability_v1,vi_lr0p0002_b16_e1,0,vi,global_test,,,6,0.4,0.4666666666666667,7,0.0,0.413793751171657,0.413793751171657,0.0002896556258201599,3.1989585672106062,1.1227186407361711
bayesfl_observability_v1,vi_lr0p0002_b16_e1,0,vi,global_test,,,7,0.4666666666666667,0.5333333333333333,0,,,,,,
bayesfl_observability_v1,vi_lr0p0002_b16_e1,0,vi,global_test,,,8,0.5333333333333333,0.6,0,,,,,,
bayesfl_observability_v1,vi_lr0p0002_b16_e1,0,vi,global_test,,,9,0.6,0.6666666666666666,0,,,,,,
bayesfl_observability_v1,vi_lr0p0002_b16_e1,0,vi,global_test,,,10,0.6666666666666666,0.7333333333333333,0,,,,,,
bayesfl_observability_v1,vi_lr0p0002_b16_e1,0,vi,global_test,,,11,0.7333333333333333,0.8,0,,,,,,
bayesfl_observability_v1,vi_lr0p0002_b16_e1,0,vi,global_test,,,12,0.8,0.8666666666666667,0,,,,,,
bayesfl_observability_v1,vi_lr0p0002_b16_e1,0,vi,global_test,,,13,0.8666666666666667,0.9333333333333333,0,,,,,,
bayesfl_observability_v1,vi_lr0p0002_b16_e1,0,vi,global_test,,,14,0.9333333333333333,1.0,0,,,,,,
bayesfl_observability_v1,vi_lr0p0002_b16_e1,1,vi,global_test,,,0,0.0,0.06666666666666667,0,,,,,,
bayesfl_observability_v1,vi_lr0p0002_b16_e1,1,vi,global_test,,,1,0.06666666666666667,0.13333333333333333,133,0.10526315789473684,0.12932527541442024,0.0240621175196834,0.00032002616301178924,2.313664058097323,0.9019905104672998
bayesfl_observability_v1,vi_lr0p0002_b16_e1,1,vi,global_test,,,2,0.13333333333333333,0.2,6400,0.10875,0.16990841859951616,0.061158418599516165,0.039141387903690344,2.3686461262777447,0.9120139851700515
bayesfl_observability_v1,vi_lr0p0002_b16_e1,1,vi,global_test,,,3,0.2,0.26666666666666666,2885,0.1220103986135182,0.22434332564447326,0.10233292703095506,0.02952304944843054,2.397822663193146,0.9203226075635212
bayesfl_observability_v1,vi_lr0p0002_b16_e1,1,vi,global_test,,,4,0.26666666666666666,0.3333333333333333,504,0.12698412698412698,0.2895061569436202,0.16252202995949322,0.008191110309958458,2.4164762106679736,0.9323842698146426
bayesfl_observability_v1,vi_lr0p0002_b16_e1,1,vi,global_test,,,5,0.3333333333333333,0.4,72,0.2916666666666667,0.3564434465434816,0.0647767798768149,0.00046639281511306726,2.2814429990119405,0.8761493340134621
bayesfl_observability_v1,vi_lr0p0002_b16_e1,1,vi,global_test,,,6,0.4,0.4666666666666667,6,0.5,0.4126256853342056,0.08737431466579437,5.242458879947662e-05,1.8987076580524445,0.7480399360259374
bayesfl_observability_v1,vi_lr0p0002_b16_e1,1,vi,global_test,,,7,0.4666666666666667,0.5333333333333333,0,,,,,,
bayesfl_observability_v1,vi_lr0p0002_b16_e1,1,vi,global_test,,,8,0.5333333333333333,0.6,0,,,,,,
bayesfl_observability_v1,vi_lr0p0002_b16_e1,1,vi,global_test,,,9,0.6,0.6666666666666666,0,,,,,,
bayesfl_observability_v1,vi_lr0p0002_b16_e1,1,vi,global_test,,,10,0.6666666666666666,0.7333333333333333,0,,,,,,
bayesfl_observability_v1,vi_lr0p0002_b16_e1,1,vi,global_test,,,11,0.7333333333333333,0.8,0,,,,,,
bayesfl_observability_v1,vi_lr0p0002_b16_e1,1,vi,global_test,,,12,0.8,0.8666666666666667,0,,,,,,
bayesfl_observability_v1,vi_lr0p0002_b16_e1,1,vi,global_test,,,13,0.8666666666666667,0.9333333333333333,0,,,,,,
bayesfl_observability_v1,vi_lr0p0002_b16_e1,1,vi,global_test,,,14,0.9333333333333333,1.0,0,,,,,,
bayesfl_observability_v1,vi_lr0p0002_b16_e1,2,vi,global_test,,,0,0.0,0.06666666666666667,0,,,,,,
bayesfl_observability_v1,vi_lr0p0002_b16_e1,2,vi,global_test,,,1,0.06666666666666667,0.13333333333333333,143,0.13986013986013987,0.12883008036996935,0.011030059490170524,0.0001577298507094385,2.3082700292547265,0.9004350442152756
bayesfl_observability_v1,vi_lr0p0002_b16_e1,2,vi,global_test,,,2,0.13333333333333333,0.2,6608,0.10305690072639226,0.16948550786444191,0.06642860713804966,0.04389602359682321,2.377477979219855,0.9130711623221708
bayesfl_observability_v1,vi_lr0p0002_b16_e1,2,vi,global_test,,,3,0.2,0.26666666666666666,2740,0.12007299270072992,0.22450484179884847,0.10443184909811855,0.028614326652884485,2.4031772153220907,0.921558149278599
bayesfl_observability_v1,vi_lr0p0002_b16_e1,2,vi,global_test,,,4,0.26666666666666666,0.3333333333333333,440,0.17272727272727273,0.28853988017548216,0.11581260744820943,0.005095754727721215,2.397234404628927,0.9187737655910578
bayesfl_observability_v1,vi_lr0p0002_b16_e1,2,vi,global_test,,,5,0.3333333333333333,0.4,57,0.15789473684210525,0.35569080344417636,0.1977960666020711,0.0011274375796318052,2.489227863780239,0.951206425302907
bayesfl_observability_v1,vi_lr0p0002_b16_e1,2,vi,global_test,,,6,0.4,0.4666666666666667,12,0.08333333333333333,0.42147093266248703,0.3381375993291537,0.00040576511919498444,2.554246634244919,1.025894892712434
bayesfl_observability_v1,vi_lr0p0002_b16_e1,2,vi,global_test,,,7,0.4666666666666667,0.5333333333333333,0,,,,,,
bayesfl_observability_v1,vi_lr0p0002_b16_e1,2,vi,global_test,,,8,0.5333333333333333,0.6,0,,,,,,
bayesfl_observability_v1,vi_lr0p0002_b16_e1,2,vi,global_test,,,9,0.6,0.6666666666666666,0,,,,,,
bayesfl_observability_v1,vi_lr0p0002_b16_e1,2,vi,global_test,,,10,0.6666666666666666,0.7333333333333333,0,,,,,,
bayesfl_observability_v1,vi_lr0p0002_b16_e1,2,vi,global_test,,,11,0.7333333333333333,0.8,0,,,,,,
bayesfl_observability_v1,vi_lr0p0002_b16_e1,2,vi,global_test,,,12,0.8,0.8666666666666667,0,,,,,,
bayesfl_observability_v1,vi_lr0p0002_b16_e1,2,vi,global_test,,,13,0.8666666666666667,0.9333333333333333,0,,,,,,
bayesfl_observability_v1,vi_lr0p0002_b16_e1,2,vi,global_test,,,14,0.9333333333333333,1.0,0,,,,,,
bayesfl_observability_v1,vi_lr0p0002_b16_e1,3,vi,global_test,,,0,0.0,0.06666666666666667,0,,,,,,
bayesfl_observability_v1,vi_lr0p0002_b16_e1,3,vi,global_test,,,1,0.06666666666666667,0.13333333333333333,142,0.1056338028169014,0.1292035832056697,0.02356978038876828,0.0003346908815205096,2.3604891686372356,0.9076216896654854
bayesfl_observability_v1,vi_lr0p0002_b16_e1,3,vi,global_test,,,2,0.13333333333333333,0.2,6481,0.10322481098595895,0.16960428392808022,0.06637947294212126,0.04302053641378879,2.365846143756967,0.9121916103723553
bayesfl_observability_v1,vi_lr0p0002_b16_e1,3,vi,global_test,,,3,0.2,0.26666666666666666,2836,0.11812411847672778,0.22464304117877326,0.10651892270204548,0.0302087664783001,2.3882597926557483,0.9193700537695031
bayesfl_observability_v1,vi_lr0p0002_b16_e1,3,vi,global_test,,,4,0.26666666666666666,0.3333333333333333,476,0.14285714285714285,0.2904596120244315,0.14760246916728864,0.007025877532362939,2.4217659402795197,0.9295286359656759
bayesfl_observability_v1,vi_lr0p0002_b16_e1,3,vi,global_test,,,5,0.3333333333333333,0.4,57,0.12280701754385964,0.3557055843503852,0.23289856680652554,0.0013275218307971957,2.5141350260952064,0.9641674396238828
bayesfl_observability_v1,vi_lr0p0002_b16_e1,3,vi,global_test,,,6,0.4,0.4666666666666667,6,0.5,0.4273853600025177,0.0726146399974823,4.356878399848938e-05,1.7497447828451793,0.7282693088054657
bayesfl_observability_v1,vi_lr0p0002_b16_e1,3,vi,global_test,,,7,0.4666666666666667,0.5333333333333333,2,0.0,0.5127343833446503,0.5127343833446503,0.00010254687666893005,2.88414204120636,1.178784191608429
bayesfl_observability_v1,vi_lr0p0002_b16_e1,3,vi,global_test,,,8,0.5333333333333333,0.6,0,,,,,,
bayesfl_observability_v1,vi_lr0p0002_b16_e1,3,vi,global_test,,,9,0.6,0.6666666666666666,0,,,,,,
bayesfl_observability_v1,vi_lr0p0002_b16_e1,3,vi,global_test,,,10,0.6666666666666666,0.7333333333333333,0,,,,,,
bayesfl_observability_v1,vi_lr0p0002_b16_e1,3,vi,global_test,,,11,0.7333333333333333,0.8,0,,,,,,
bayesfl_observability_v1,vi_lr0p0002_b16_e1,3,vi,global_test,,,12,0.8,0.8666666666666667,0,,,,,,
bayesfl_observability_v1,vi_lr0p0002_b16_e1,3,vi,global_test,,,13,0.8666666666666667,0.9333333333333333,0,,,,,,
bayesfl_observability_v1,vi_lr0p0002_b16_e1,3,vi,global_test,,,14,0.9333333333333333,1.0,0,,,,,,
bayesfl_observability_v1,vi_lr0p0002_b16_e1,4,vi,global_test,,,0,0.0,0.06666666666666667,0,,,,,,
bayesfl_observability_v1,vi_lr0p0002_b16_e1,4,vi,global_test,,,1,0.06666666666666667,0.13333333333333333,129,0.13953488372093023,0.12933631743802582,0.010198566282904414,0.00013156150504946697,2.283808857895607,0.8959431597428729
bayesfl_observability_v1,vi_lr0p0002_b16_e1,4,vi,global_test,,,2,0.13333333333333333,0.2,6256,0.10981457800511508,0.16964009518275405,0.05982551717763897,0.03742684354633094,2.3577433503649727,0.9102941901349199
bayesfl_observability_v1,vi_lr0p0002_b16_e1,4,vi,global_test,,,3,0.2,0.26666666666666666,2903,0.12745435756114365,0.22492863396981483,0.09747427640867118,0.028296782441437244,2.3936711002373507,0.9190336062585408
bayesfl_observability_v1,vi_lr0p0002_b16_e1,4,vi,global_test,,,4,0.26666666666666666,0.3333333333333333,600,0.12666666666666668,0.2912277651826541,0.1645610985159874,0.009873665910959246,2.4629741420348483,0.9391895446181298
bayesfl_observability_v1,vi_lr0p0002_b16_e1,4,vi,global_test,,,5,0.3333333333333333,0.4,98,0.16326530612244897,0.3537651504180869,0.19049984429563796,0.001866898474097252,2.4946148079268786,0.9526905180240164
bayesfl_observability_v1,vi_lr0p0002_b16_e1,4,vi,global_test,,,6,0.4,0.4666666666666667,13,0.15384615384615385,0.4236671168070573,0.26982096296090347,0.0003507672518491745,2.3806733580736013,0.9714090778277471
bayesfl_observability_v1,vi_lr0p0002_b16_e1,4,vi,global_test,,,7,0.4666666666666667,0.5333333333333333,1,1.0,0.49550166726112366,0.5044983327388763,5.044983327388763e-05,0.7021845579147339,0.2966802716255188
bayesfl_observability_v1,vi_lr0p0002_b16_e1,4,vi,global_test,,,8,0.5333333333333333,0.6,0,,,,,,
bayesfl_observability_v1,vi_lr0p0002_b16_e1,4,vi,global_test,,,9,0.6,0.6666666666666666,0,,,,,,
bayesfl_observability_v1,vi_lr0p0002_b16_e1,4,vi,global_test,,,10,0.6666666666666666,0.7333333333333333,0,,,,,,
bayesfl_observability_v1,vi_lr0p0002_b16_e1,4,vi,global_test,,,11,0.7333333333333333,0.8,0,,,,,,
bayesfl_observability_v1,vi_lr0p0002_b16_e1,4,vi,global_test,,,12,0.8,0.8666666666666667,0,,,,,,
bayesfl_observability_v1,vi_lr0p0002_b16_e1,4,vi,global_test,,,13,0.8666666666666667,0.9333333333333333,0,,,,,,
bayesfl_observability_v1,vi_lr0p0002_b16_e1,4,vi,global_test,,,14,0.9333333333333333,1.0,0,,,,,,
bayesfl_observability_v1,vi_lr0p0002_b16_e1,5,vi,global_test,,,0,0.0,0.06666666666666667,0,,,,,,
bayesfl_observability_v1,vi_lr0p0002_b16_e1,5,vi,global_test,,,1,0.06666666666666667,0.13333333333333333,150,0.09333333333333334,0.12834593415260315,0.03501260081926981,0.0005251890122890472,2.324633688926697,0.9042340604464213
bayesfl_observability_v1,vi_lr0p0002_b16_e1,5,vi,global_test,,,2,0.13333333333333333,0.2,6171,0.10646572678658241,0.1698973179974291,0.0634315912108467,0.0391436349362135,2.3612428382196025,0.9106108772370247
bayesfl_observability_v1,vi_lr0p0002_b16_e1,5,vi,global_test,,,3,0.2,0.26666666666666666,3010,0.13388704318936878,0.2253780574448085,0.0914910142554397,0.02753879529088735,2.390364152925751,0.9181502311926744
bayesfl_observability_v1,vi_lr0p0002_b16_e1,5,vi,global_test,,,4,0.26666666666666666,0.3333333333333333,560,0.16071428571428573,0.2913123395293951,0.1305980538151094,0.007313491013646126,2.419764637734209,0.9246001409632819
bayesfl_observability_v1,vi_lr0p0002_b16_e1,5,vi,global_test,,,5,0.3333333333333333,0.4,91,0.17582417582417584,0.35478380191457143,0.1789596260903956,0.0016285325974225997,2.4024167971296624,0.9352260778893481
bayesfl_observability_v1,vi_lr0p0002_b16_e1,5,vi,global_test,,,6,0.4,0.4666666666666667,16,0.1875,0.42230998538434505,0.23480998538434505,0.0003756959766149521,2.499696534126997,0.9628659188747406
bayesfl_observability_v1,vi_lr0p0002_b16_e1,5,vi,global_test,,,7,0.4666666666666667,0.5333333333333333,2,1.0,0.5007265210151672,0.49927347898483276,9.985469579696655e-05,0.6926821172237396,0.2841784954071045
bayesfl_observability_v1,vi_lr0p0002_b16_e1,5,vi,global_test,,,8,0.5333333333333333,0.6,0,,,,,,
bayesfl_observability_v1,vi_lr0p0002_b16_e1,5,vi,global_test,,,9,0.6,0.6666666666666666,0,,,,,,
bayesfl_observability_v1,vi_lr0p0002_b16_e1,5,vi,global_test,,,10,0.6666666666666666,0.7333333333333333,0,,,,,,
bayesfl_observability_v1,vi_lr0p0002_b16_e1,5,vi,global_test,,,11,0.7333333333333333,0.8,0,,,,,,
bayesfl_observability_v1,vi_lr0p0002_b16_e1,5,vi,global_test,,,12,0.8,0.8666666666666667,0,,,,,,
bayesfl_observability_v1,vi_lr0p0002_b16_e1,5,vi,global_test,,,13,0.8666666666666667,0.9333333333333333,0,,,,,,
bayesfl_observability_v1,vi_lr0p0002_b16_e1,5,vi,global_test,,,14,0.9333333333333333,1.0,0,,,,,,
bayesfl_observability_v1,vi_lr0p0002_b16_e1,6,vi,global_test,,,0,0.0,0.06666666666666667,0,,,,,,
bayesfl_observability_v1,vi_lr0p0002_b16_e1,6,vi,global_test,,,1,0.06666666666666667,0.13333333333333333,117,0.09401709401709402,0.12868466903256554,0.03466757501547152,0.00040561062768101674,2.3121476254911504,0.9011563093234332
bayesfl_observability_v1,vi_lr0p0002_b16_e1,6,vi,global_test,,,2,0.13333333333333333,0.2,5943,0.11307420494699646,0.17030278478339927,0.05722857983640281,0.03401094499677419,2.3538506548953904,0.909620707140975
bayesfl_observability_v1,vi_lr0p0002_b16_e1,6,vi,global_test,,,3,0.2,0.26666666666666666,3178,0.13215859030837004,0.2256390948371365,0.09348050452876647,0.02970810433924198,2.3887145529384504,0.9181179399382325
bayesfl_observability_v1,vi_lr0p0002_b16_e1,6,vi,global_test,,,4,0.26666666666666666,0.3333333333333333,651,0.16897081413210446,0.29040433345119343,0.12143351931908897,0.007905322107672691,2.3941407185362595,0.9203892200040744
bayesfl_observability_v1,vi_lr0p0002_b16_e1,6,vi,global_test,,,5,0.3333333333333333,0.4,95,0.17894736842105263,0.3600812077522278,0.18113383933117516,0.001720771473646164,2.475247323513031,0.9448068132525996
bayesfl_observability_v1,vi_lr0p0002_b16_e1,6,vi,global_test,,,6,0.4,0.4666666666666667,12,0.16666666666666666,0.42556312183539075,0.25889645516872406,0.00031067574620246885,2.610742857058843,0.9902968034148216
bayesfl_observability_v1,vi_lr0p0002_b16_e1,6,vi,global_test,,,7,0.4666666666666667,0.5333333333333333,4,0.0,0.4940713867545128,0.4940713867545128,0.00019762855470180512,2.8647531867027283,1.156443327665329
bayesfl_observability_v1,vi_lr0p0002_b16_e1,6,vi,global_test,,,8,0.5333333333333333,0.6,0,,,,,,
bayesfl_observability_v1,vi_lr0p0002_b16_e1,6,vi,global_test,,,9,0.6,0.6666666666666666,0,,,,,,
bayesfl_observability_v1,vi_lr0p0002_b16_e1,6,vi,global_test,,,10,0.6666666666666666,0.7333333333333333,0,,,,,,
bayesfl_observability_v1,vi_lr0p0002_b16_e1,6,vi,global_test,,,11,0.7333333333333333,0.8,0,,,,,,
bayesfl_observability_v1,vi_lr0p0002_b16_e1,6,vi,global_test,,,12,0.8,0.8666666666666667,0,,,,,,
bayesfl_observability_v1,vi_lr0p0002_b16_e1,6,vi,global_test,,,13,0.8666666666666667,0.9333333333333333,0,,,,,,
bayesfl_observability_v1,vi_lr0p0002_b16_e1,6,vi,global_test,,,14,0.9333333333333333,1.0,0,,,,,,
bayesfl_observability_v1,vi_lr0p0002_b16_e1,7,vi,global_test,,,0,0.0,0.06666666666666667,0,,,,,,
bayesfl_observability_v1,vi_lr0p0002_b16_e1,7,vi,global_test,,,1,0.06666666666666667,0.13333333333333333,150,0.07333333333333333,0.12861326520641644,0.05527993187308311,0.0008291989780962467,2.325376998583476,0.904495195945104
bayesfl_observability_v1,vi_lr0p0002_b16_e1,7,vi,global_test,,,2,0.13333333333333333,0.2,6444,0.11343885785226568,0.16970136710561112,0.056262509253345444,0.0362555609628558,2.357821830639108,0.9104082131611494
bayesfl_observability_v1,vi_lr0p0002_b16_e1,7,vi,global_test,,,3,0.2,0.26666666666666666,2890,0.14256055363321798,0.22414096828459867,0.08158041465138069,0.02357673983424902,2.352071291435136,0.9102033431967237
bayesfl_observability_v1,vi_lr0p0002_b16_e1,7,vi,global_test,,,4,0.26666666666666666,0.3333333333333333,455,0.14505494505494507,0.2894069750230391,0.14435202996809401,0.006568017363548277,2.4397730112075804,0.9306730347675282
bayesfl_observability_v1,vi_lr0p0002_b16_e1,7,vi,global_test,,,5,0.3333333333333333,0.4,55,0.2545454545454545,0.3586291865869002,0.10408373204144566,0.0005724605262279512,2.3511439193378796,0.9022147633812644
bayesfl_observability_v1,vi_lr0p0002_b16_e1,7,vi,global_test,,,6,0.4,0.4666666666666667,6,0.3333333333333333,0.4220172514518102,0.08868391811847687,5.321035087108612e-05,2.238418380419413,0.8708287477493286
bayesfl_observability_v1,vi_lr0p0002_b16_e1,7,vi,global_test,,,7,0.4666666666666667,0.5333333333333333,0,,,,,,
bayesfl_observability_v1,vi_lr0p0002_b16_e1,7,vi,global_test,,,8,0.5333333333333333,0.6,0,,,,,,
bayesfl_observability_v1,vi_lr0p0002_b16_e1,7,vi,global_test,,,9,0.6,0.6666666666666666,0,,,,,,
bayesfl_observability_v1,vi_lr0p0002_b16_e1,7,vi,global_test,,,10,0.6666666666666666,0.7333333333333333,0,,,,,,
bayesfl_observability_v1,vi_lr0p0002_b16_e1,7,vi,global_test,,,11,0.7333333333333333,0.8,0,,,,,,
bayesfl_observability_v1,vi_lr0p0002_b16_e1,7,vi,global_test,,,12,0.8,0.8666666666666667,0,,,,,,
bayesfl_observability_v1,vi_lr0p0002_b16_e1,7,vi,global_test,,,13,0.8666666666666667,0.9333333333333333,0,,,,,,
bayesfl_observability_v1,vi_lr0p0002_b16_e1,7,vi,global_test,,,14,0.9333333333333333,1.0,0,,,,,,
bayesfl_observability_v1,vi_lr0p0002_b16_e1,8,vi,global_test,,,0,0.0,0.06666666666666667,0,,,,,,
bayesfl_observability_v1,vi_lr0p0002_b16_e1,8,vi,global_test,,,1,0.06666666666666667,0.13333333333333333,144,0.09722222222222222,0.12909020830152762,0.031867986079305397,0.00045889899954199774,2.3305573529667325,0.905575156211853
bayesfl_observability_v1,vi_lr0p0002_b16_e1,8,vi,global_test,,,2,0.13333333333333333,0.2,6423,0.10649229332087809,0.1692143718406231,0.06272207851974501,0.04028639103323222,2.3425650020895135,0.9078000528445297
bayesfl_observability_v1,vi_lr0p0002_b16_e1,8,vi,global_test,,,3,0.2,0.26666666666666666,2832,0.13312146892655366,0.2243928707462583,0.09127140181970464,0.025848060995340354,2.364597801897822,0.9139640635605586
bayesfl_observability_v1,vi_lr0p0002_b16_e1,8,vi,global_test,,,4,0.26666666666666666,0.3333333333333333,514,0.13229571984435798,0.29003300381541713,0.15773728397105916,0.00810769639611244,2.405981023024028,0.9313449231103237
bayesfl_observability_v1,vi_lr0p0002_b16_e1,8,vi,global_test,,,5,0.3333333333333333,0.4,78,0.1794871794871795,0.3554851974432285,0.175998017956049,0.001372784540057182,2.372623556699508,0.9244925425602839
bayesfl_observability_v1,vi_lr0p0002_b16_e1,8,vi,global_test,,,6,0.4,0.4666666666666667,9,0.3333333333333333,0.43504217598173356,0.10170884264840024,9.153795838356023e-05,2.311876356601715,0.869137187798818
bayesfl_observability_v1,vi_lr0p0002_b16_e1,8,vi,global_test,,,7,0.4666666666666667,0.5333333333333333,0,,,,,,
bayesfl_observability_v1,vi_lr0p0002_b16_e1,8,vi,global_test,,,8,0.5333333333333333,0.6,0,,,,,,
bayesfl_observability_v1,vi_lr0p0002_b16_e1,8,vi,global_test,,,9,0.6,0.6666666666666666,0,,,,,,
bayesfl_observability_v1,vi_lr0p0002_b16_e1,8,vi,global_test,,,10,0.6666666666666666,0.7333333333333333,0,,,,,,
bayesfl_observability_v1,vi_lr0p0002_b16_e1,8,vi,global_test,,,11,0.7333333333333333,0.8,0,,,,,,
bayesfl_observability_v1,vi_lr0p0002_b16_e1,8,vi,global_test,,,12,0.8,0.8666666666666667,0,,,,,,
bayesfl_observability_v1,vi_lr0p0002_b16_e1,8,vi,global_test,,,13,0.8666666666666667,0.9333333333333333,0,,,,,,
bayesfl_observability_v1,vi_lr0p0002_b16_e1,8,vi,global_test,,,14,0.9333333333333333,1.0,0,,,,,,
bayesfl_observability_v1,vi_lr0p0002_b16_e1,9,vi,global_test,,,0,0.0,0.06666666666666667,0,,,,,,
bayesfl_observability_v1,vi_lr0p0002_b16_e1,9,vi,global_test,,,1,0.06666666666666667,0.13333333333333333,144,0.0763888888888889,0.1285229809064832,0.05213409201759431,0.000750730925053358,2.331966468029552,0.9050195312334431
bayesfl_observability_v1,vi_lr0p0002_b16_e1,9,vi,global_test,,,2,0.13333333333333333,0.2,6373,0.1140750039227993,0.16938265273807823,0.05530764881527893,0.03524756458997726,2.3398605288992345,0.9072984202716557
bayesfl_observability_v1,vi_lr0p0002_b16_e1,9,vi,global_test,,,3,0.2,0.26666666666666666,2851,0.12592072956857242,0.2250285413715974,0.09910781180302497,0.02825563714504242,2.377318615413306,0.9165155974366045
bayesfl_observability_v1,vi_lr0p0002_b16_e1,9,vi,global_test,,,4,0.26666666666666666,0.3333333333333333,542,0.17343173431734318,0.29028369832742695,0.11685196401008377,0.00633337644934654,2.362541790597993,0.9157472138475228
bayesfl_observability_v1,vi_lr0p0002_b16_e1,9,vi,global_test,,,5,0.3333333333333333,0.4,83,0.21686746987951808,0.3562299138810261,0.13936244400150802,0.0011567082852125166,2.274004577872265,0.9054601411503481
bayesfl_observability_v1,vi_lr0p0002_b16_e1,9,vi,global_test,,,6,0.4,0.4666666666666667,5,0.2,0.41790440678596497,0.21790440678596495,0.00010895220339298248,2.6101667046546937,0.9784594416618347
bayesfl_observability_v1,vi_lr0p0002_b16_e1,9,vi,global_test,,,7,0.4666666666666667,0.5333333333333333,1,0.0,0.46994397044181824,0.46994397044181824,4.6994397044181825e-05,2.818572998046875,1.1345165967941284
bayesfl_observability_v1,vi_lr0p0002_b16_e1,9,vi,global_test,,,8,0.5333333333333333,0.6,1,0.0,0.534969687461853,0.534969687461853,5.3496968746185305e-05,4.4430108070373535,1.2941346168518066
bayesfl_observability_v1,vi_lr0p0002_b16_e1,9,vi,global_test,,,9,0.6,0.6666666666666666,0,,,,,,
bayesfl_observability_v1,vi_lr0p0002_b16_e1,9,vi,global_test,,,10,0.6666666666666666,0.7333333333333333,0,,,,,,
bayesfl_observability_v1,vi_lr0p0002_b16_e1,9,vi,global_test,,,11,0.7333333333333333,0.8,0,,,,,,
bayesfl_observability_v1,vi_lr0p0002_b16_e1,9,vi,global_test,,,12,0.8,0.8666666666666667,0,,,,,,
bayesfl_observability_v1,vi_lr0p0002_b16_e1,9,vi,global_test,,,13,0.8666666666666667,0.9333333333333333,0,,,,,,
bayesfl_observability_v1,vi_lr0p0002_b16_e1,9,vi,global_test,,,14,0.9333333333333333,1.0,0,,,,,,
bayesfl_observability_v1,vi_lr0p0002_b16_e1,10,vi,global_test,,,0,0.0,0.06666666666666667,0,,,,,,
bayesfl_observability_v1,vi_lr0p0002_b16_e1,10,vi,global_test,,,1,0.06666666666666667,0.13333333333333333,138,0.08695652173913043,0.129282195283019,0.04232567354388858,0.0005840942949056625,2.3039431744727534,0.9001102326572805
bayesfl_observability_v1,vi_lr0p0002_b16_e1,10,vi,global_test,,,2,0.13333333333333333,0.2,6497,0.10281668462367247,0.16933766651909518,0.06652098189542272,0.043218681937456135,2.340400597196699,0.908059271662276
bayesfl_observability_v1,vi_lr0p0002_b16_e1,10,vi,global_test,,,3,0.2,0.26666666666666666,2757,0.13746826260428002,0.2246505633877549,0.08718230078347489,0.024036160326004027,2.36200719459964,0.9132278291133594
bayesfl_observability_v1,vi_lr0p0002_b16_e1,10,vi,global_test,,,4,0.26666666666666666,0.3333333333333333,514,0.1867704280155642,0.2892860625852407,0.1025156345696765,0.005269303616881372,2.336333114349425,0.9091186662592313
bayesfl_observability_v1,vi_lr0p0002_b16_e1,10,vi,global_test,,,5,0.3333333333333333,0.4,83,0.1927710843373494,0.35390221749443607,0.16113113315708666,0.0013373884052038192,2.3559794540864876,0.9188782572746277
bayesfl_observability_v1,vi_lr0p0002_b16_e1,10,vi,global_test,,,6,0.4,0.4666666666666667,11,0.09090909090909091,0.4155282053080472,0.3246191143989563,0.0003570810258388519,2.55156027728861,1.0116341791369698
bayesfl_observability_v1,vi_lr0p0002_b16_e1,10,vi,global_test,,,7,0.4666666666666667,0.5333333333333333,0,,,,,,
bayesfl_observability_v1,vi_lr0p0002_b16_e1,10,vi,global_test,,,8,0.5333333333333333,0.6,0,,,,,,
bayesfl_observability_v1,vi_lr0p0002_b16_e1,10,vi,global_test,,,9,0.6,0.6666666666666666,0,,,,,,
bayesfl_observability_v1,vi_lr0p0002_b16_e1,10,vi,global_test,,,10,0.6666666666666666,0.7333333333333333,0,,,,,,
bayesfl_observability_v1,vi_lr0p0002_b16_e1,10,vi,global_test,,,11,0.7333333333333333,0.8,0,,,,,,
bayesfl_observability_v1,vi_lr0p0002_b16_e1,10,vi,global_test,,,12,0.8,0.8666666666666667,0,,,,,,
bayesfl_observability_v1,vi_lr0p0002_b16_e1,10,vi,global_test,,,13,0.8666666666666667,0.9333333333333333,0,,,,,,
bayesfl_observability_v1,vi_lr0p0002_b16_e1,10,vi,global_test,,,14,0.9333333333333333,1.0,0,,,,,,
bayesfl_observability_v1,vi_lr0p0002_b16_e1,11,vi,global_test,,,0,0.0,0.06666666666666667,0,,,,,,
bayesfl_observability_v1,vi_lr0p0002_b16_e1,11,vi,global_test,,,1,0.06666666666666667,0.13333333333333333,210,0.12380952380952381,0.12832066548012552,0.004511141670601709,9.473397508263591e-05,2.326056348709833,0.9030983073370797
bayesfl_observability_v1,vi_lr0p0002_b16_e1,11,vi,global_test,,,2,0.13333333333333333,0.2,6768,0.11953309692671395,0.16802008507055524,0.048486988143841295,0.03281599357575179,2.3330466896119413,0.9058248669208505
bayesfl_observability_v1,vi_lr0p0002_b16_e1,11,vi,global_test,,,3,0.2,0.26666666666666666,2563,0.129145532579009,0.22376561208460605,0.09462007950559706,0.024251126377284528,2.3435583152763555,0.9109625389368516
bayesfl_observability_v1,vi_lr0p0002_b16_e1,11,vi,global_test,,,4,0.26666666666666666,0.3333333333333333,378,0.15343915343915343,0.2897095983778989,0.13627044493874546,0.005151022818684578,2.355764508562744,0.9204558831043345
bayesfl_observability_v1,vi_lr0p0002_b16_e1,11,vi,global_test,,,5,0.3333333333333333,0.4,71,0.18309859154929578,0.35899027552403195,0.17589168397473617,0.0012488309562206268,2.3294882740772946,0.9162499178463305
bayesfl_observability_v1,vi_lr0p0002_b16_e1,11,vi,global_test,,,6,0.4,0.4666666666666667,9,0.1111111111111111,0.41882946756150985,0.30771835645039874,0.0002769465208053589,2.710854583316379,1.0268958078490362
bayesfl_observability_v1,vi_lr0p0002_b16_e1,11,vi,global_test,,,7,0.4666666666666667,0.5333333333333333,1,0.0,0.47069665789604187,0.47069665789604187,4.7069665789604187e-05,2.259732246398926,1.053407907485962
bayesfl_observability_v1,vi_lr0p0002_b16_e1,11,vi,global_test,,,8,0.5333333333333333,0.6,0,,,,,,
bayesfl_observability_v1,vi_lr0p0002_b16_e1,11,vi,global_test,,,9,0.6,0.6666666666666666,0,,,,,,
bayesfl_observability_v1,vi_lr0p0002_b16_e1,11,vi,global_test,,,10,0.6666666666666666,0.7333333333333333,0,,,,,,
bayesfl_observability_v1,vi_lr0p0002_b16_e1,11,vi,global_test,,,11,0.7333333333333333,0.8,0,,,,,,
bayesfl_observability_v1,vi_lr0p0002_b16_e1,11,vi,global_test,,,12,0.8,0.8666666666666667,0,,,,,,
bayesfl_observability_v1,vi_lr0p0002_b16_e1,11,vi,global_test,,,13,0.8666666666666667,0.9333333333333333,0,,,,,,
bayesfl_observability_v1,vi_lr0p0002_b16_e1,11,vi,global_test,,,14,0.9333333333333333,1.0,0,,,,,,
bayesfl_observability_v1,vi_lr0p0002_b16_e1,12,vi,global_test,,,0,0.0,0.06666666666666667,0,,,,,,
bayesfl_observability_v1,vi_lr0p0002_b16_e1,12,vi,global_test,,,1,0.06666666666666667,0.13333333333333333,227,0.1277533039647577,0.12879820138478595,0.0010448974200282513,2.3719171434641305e-05,2.3001196132357427,0.899394207326326
bayesfl_observability_v1,vi_lr0p0002_b16_e1,12,vi,global_test,,,2,0.13333333333333333,0.2,6820,0.12126099706744868,0.16805867032309083,0.046797673255642144,0.03191601316034794,2.3263375841627374,0.904754456501902
bayesfl_observability_v1,vi_lr0p0002_b16_e1,12,vi,global_test,,,3,0.2,0.26666666666666666,2592,0.1385030864197531,0.22345219570913433,0.08494910928938124,0.022018809127807615,2.337487177164466,0.9088187956101732
bayesfl_observability_v1,vi_lr0p0002_b16_e1,12,vi,global_test,,,4,0.26666666666666666,0.3333333333333333,317,0.19242902208201892,0.2880112380259421,0.09558221594392316,0.003029956245422364,2.2800705105724397,0.899240317968916
bayesfl_observability_v1,vi_lr0p0002_b16_e1,12,vi,global_test,,,5,0.3333333333333333,0.4,41,0.17073170731707318,0.35536294957486597,0.1846312422577928,0.0007569880932569504,2.3859528448523544,0.9303019366613249
bayesfl_observability_v1,vi_lr0p0002_b16_e1,12,vi,global_test,,,6,0.4,0.4666666666666667,3,0.0,0.4290723403294881,0.4290723403294881,0.00012872170209884644,2.848304351170858,1.0839197635650635
bayesfl_observability_v1,vi_lr0p0002_b16_e1,12,vi,global_test,,,7,0.4666666666666667,0.5333333333333333,0,,,,,,
bayesfl_observability_v1,vi_lr0p0002_b16_e1,12,vi,global_test,,,8,0.5333333333333333,0.6,0,,,,,,
bayesfl_observability_v1,vi_lr0p0002_b16_e1,12,vi,global_test,,,9,0.6,0.6666666666666666,0,,,,,,
bayesfl_observability_v1,vi_lr0p0002_b16_e1,12,vi,global_test,,,10,0.6666666666666666,0.7333333333333333,0,,,,,,
bayesfl_observability_v1,vi_lr0p0002_b16_e1,12,vi,global_test,,,11,0.7333333333333333,0.8,0,,,,,,
bayesfl_observability_v1,vi_lr0p0002_b16_e1,12,vi,global_test,,,12,0.8,0.8666666666666667,0,,,,,,
bayesfl_observability_v1,vi_lr0p0002_b16_e1,12,vi,global_test,,,13,0.8666666666666667,0.9333333333333333,0,,,,,,
bayesfl_observability_v1,vi_lr0p0002_b16_e1,12,vi,global_test,,,14,0.9333333333333333,1.0,0,,,,,,
bayesfl_observability_v1,vi_lr0p0002_b16_e1,13,vi,global_test,,,0,0.0,0.06666666666666667,0,,,,,,
bayesfl_observability_v1,vi_lr0p0002_b16_e1,13,vi,global_test,,,1,0.06666666666666667,0.13333333333333333,220,0.15454545454545454,0.12875077270648697,0.025794681838967576,0.0005674830004572867,2.3159334670413623,0.9019471504471519
bayesfl_observability_v1,vi_lr0p0002_b16_e1,13,vi,global_test,,,2,0.13333333333333333,0.2,6867,0.11533420707732635,0.1681183227414524,0.05278411566412604,0.036246852226555354,2.3251801693267624,0.9049367262613345
bayesfl_observability_v1,vi_lr0p0002_b16_e1,13,vi,global_test,,,3,0.2,0.26666666666666666,2493,0.14640994785399117,0.22301458267624294,0.07660463482225177,0.019097535461187365,2.3394900231393905,0.9088847981941447
bayesfl_observability_v1,vi_lr0p0002_b16_e1,13,vi,global_test,,,4,0.26666666666666666,0.3333333333333333,376,0.17553191489361702,0.29047032073140144,0.11493840583778442,0.004321684059500694,2.345965104217225,0.9116155749305765
bayesfl_observability_v1,vi_lr0p0002_b16_e1,13,vi,global_test,,,5,0.3333333333333333,0.4,41,0.24390243902439024,0.35722614861116175,0.11332370958677151,0.00046462720930576327,2.2529697243760274,0.8942306739528004
bayesfl_observability_v1,vi_lr0p0002_b16_e1,13,vi,global_test,,,6,0.4,0.4666666666666667,2,0.0,0.4194554388523102,0.4194554388523102,8.389108777046204e-05,2.857358455657959,1.1002227067947388
bayesfl_observability_v1,vi_lr0p0002_b16_e1,13,vi,global_test,,,7,0.4666666666666667,0.5333333333333333,1,0.0,0.4752929210662842,0.4752929210662842,4.752929210662842e-05,3.299868106842041,1.1970106363296509
bayesfl_observability_v1,vi_lr0p0002_b16_e1,13,vi,global_test,,,8,0.5333333333333333,0.6,0,,,,,,
bayesfl_observability_v1,vi_lr0p0002_b16_e1,13,vi,global_test,,,9,0.6,0.6666666666666666,0,,,,,,
bayesfl_observability_v1,vi_lr0p0002_b16_e1,13,vi,global_test,,,10,0.6666666666666666,0.7333333333333333,0,,,,,,
bayesfl_observability_v1,vi_lr0p0002_b16_e1,13,vi,global_test,,,11,0.7333333333333333,0.8,0,,,,,,
bayesfl_observability_v1,vi_lr0p0002_b16_e1,13,vi,global_test,,,12,0.8,0.8666666666666667,0,,,,,,
bayesfl_observability_v1,vi_lr0p0002_b16_e1,13,vi,global_test,,,13,0.8666666666666667,0.9333333333333333,0,,,,,,
bayesfl_observability_v1,vi_lr0p0002_b16_e1,13,vi,global_test,,,14,0.9333333333333333,1.0,0,,,,,,
bayesfl_observability_v1,vi_lr0p0002_b16_e1,14,vi,global_test,,,0,0.0,0.06666666666666667,0,,,,,,
bayesfl_observability_v1,vi_lr0p0002_b16_e1,14,vi,global_test,,,1,0.06666666666666667,0.13333333333333333,250,0.112,0.12851710158586502,0.016517101585865016,0.00041292753964662545,2.3209079122543335,0.9029899845123291
bayesfl_observability_v1,vi_lr0p0002_b16_e1,14,vi,global_test,,,2,0.13333333333333333,0.2,6931,0.11802048766411773,0.1679914089882121,0.04997092132409438,0.03463484556972981,2.320856197109781,0.9036669803635758
bayesfl_observability_v1,vi_lr0p0002_b16_e1,14,vi,global_test,,,3,0.2,0.26666666666666666,2440,0.14795081967213114,0.22327750971327062,0.07532669004113948,0.01837971237003803,2.3385317124304223,0.9077910725699097
bayesfl_observability_v1,vi_lr0p0002_b16_e1,14,vi,global_test,,,4,0.26666666666666666,0.3333333333333333,336,0.19940476190476192,0.28853272052393075,0.08912795861916883,0.002994699409604073,2.282490823240507,0.8988886647635982
bayesfl_observability_v1,vi_lr0p0002_b16_e1,14,vi,global_test,,,5,0.3333333333333333,0.4,41,0.14634146341463414,0.356853748240122,0.21051228482548787,0.0008631003677845003,2.391955813256706,0.9364767874159464
bayesfl_observability_v1,vi_lr0p0002_b16_e1,14,vi,global_test,,,6,0.4,0.4666666666666667,2,0.0,0.4085334539413452,0.4085334539413452,8.170669078826904e-05,2.531795382499695,1.047898530960083
bayesfl_observability_v1,vi_lr0p0002_b16_e1,14,vi,global_test,,,7,0.4666666666666667,0.5333333333333333,0,,,,,,
bayesfl_observability_v1,vi_lr0p0002_b16_e1,14,vi,global_test,,,8,0.5333333333333333,0.6,0,,,,,,
bayesfl_observability_v1,vi_lr0p0002_b16_e1,14,vi,global_test,,,9,0.6,0.6666666666666666,0,,,,,,
bayesfl_observability_v1,vi_lr0p0002_b16_e1,14,vi,global_test,,,10,0.6666666666666666,0.7333333333333333,0,,,,,,
bayesfl_observability_v1,vi_lr0p0002_b16_e1,14,vi,global_test,,,11,0.7333333333333333,0.8,0,,,,,,
bayesfl_observability_v1,vi_lr0p0002_b16_e1,14,vi,global_test,,,12,0.8,0.8666666666666667,0,,,,,,
bayesfl_observability_v1,vi_lr0p0002_b16_e1,14,vi,global_test,,,13,0.8666666666666667,0.9333333333333333,0,,,,,,
bayesfl_observability_v1,vi_lr0p0002_b16_e1,14,vi,global_test,,,14,0.9333333333333333,1.0,0,,,,,,
bayesfl_observability_v1,vi_lr0p0002_b16_e1,15,vi,global_test,,,0,0.0,0.06666666666666667,0,,,,,,
bayesfl_observability_v1,vi_lr0p0002_b16_e1,15,vi,global_test,,,1,0.06666666666666667,0.13333333333333333,212,0.12735849056603774,0.1281692826382394,0.0008107920722016659,1.718879193067532e-05,2.2929725320834033,0.89766323088475
bayesfl_observability_v1,vi_lr0p0002_b16_e1,15,vi,global_test,,,2,0.13333333333333333,0.2,6851,0.1256750839293534,0.16753734510765514,0.041862261178301746,0.02867983513325453,2.318541891034407,0.9030747386838829
bayesfl_observability_v1,vi_lr0p0002_b16_e1,15,vi,global_test,,,3,0.2,0.26666666666666666,2476,0.13731825525040386,0.2244136835687669,0.08709542831836303,0.021564828051626687,2.333493894251945,0.9086616227285927
bayesfl_observability_v1,vi_lr0p0002_b16_e1,15,vi,global_test,,,4,0.26666666666666666,0.3333333333333333,393,0.16539440203562342,0.28952366614159736,0.12412926410597394,0.004878280079364776,2.3608550303461593,0.9150834262522729
bayesfl_observability_v1,vi_lr0p0002_b16_e1,15,vi,global_test,,,5,0.3333333333333333,0.4,59,0.23728813559322035,0.35911972088328864,0.1218315852900683,0.0007188063532114029,2.3168565085378745,0.9030825475514945
bayesfl_observability_v1,vi_lr0p0002_b16_e1,15,vi,global_test,,,6,0.4,0.4666666666666667,9,0.0,0.4161845114496019,0.4161845114496019,0.0003745660603046417,3.0070965025160046,1.1088019212086995
bayesfl_observability_v1,vi_lr0p0002_b16_e1,15,vi,global_test,,,7,0.4666666666666667,0.5333333333333333,0,,,,,,
bayesfl_observability_v1,vi_lr0p0002_b16_e1,15,vi,global_test,,,8,0.5333333333333333,0.6,0,,,,,,
bayesfl_observability_v1,vi_lr0p0002_b16_e1,15,vi,global_test,,,9,0.6,0.6666666666666666,0,,,,,,
bayesfl_observability_v1,vi_lr0p0002_b16_e1,15,vi,global_test,,,10,0.6666666666666666,0.7333333333333333,0,,,,,,
bayesfl_observability_v1,vi_lr0p0002_b16_e1,15,vi,global_test,,,11,0.7333333333333333,0.8,0,,,,,,
bayesfl_observability_v1,vi_lr0p0002_b16_e1,15,vi,global_test,,,12,0.8,0.8666666666666667,0,,,,,,
bayesfl_observability_v1,vi_lr0p0002_b16_e1,15,vi,global_test,,,13,0.8666666666666667,0.9333333333333333,0,,,,,,
bayesfl_observability_v1,vi_lr0p0002_b16_e1,15,vi,global_test,,,14,0.9333333333333333,1.0,0,,,,,,
bayesfl_observability_v1,vi_lr0p0002_b16_e1,16,vi,global_test,,,0,0.0,0.06666666666666667,0,,,,,,
bayesfl_observability_v1,vi_lr0p0002_b16_e1,16,vi,global_test,,,1,0.06666666666666667,0.13333333333333333,185,0.0972972972972973,0.12861579153183345,0.03131849423453614,0.0005793921433389187,2.3206954389005094,0.9033044786066622
bayesfl_observability_v1,vi_lr0p0002_b16_e1,16,vi,global_test,,,2,0.13333333333333333,0.2,6797,0.11975871708106517,0.1684946946178234,0.048735977536758235,0.033125843931734573,2.3180324583522216,0.903502339946359
bayesfl_observability_v1,vi_lr0p0002_b16_e1,16,vi,global_test,,,3,0.2,0.26666666666666666,2585,0.1346228239845261,0.22410590886723833,0.08948308488271223,0.02313137744218111,2.324180396059726,0.906285420100509
bayesfl_observability_v1,vi_lr0p0002_b16_e1,16,vi,global_test,,,4,0.26666666666666666,0.3333333333333333,380,0.19736842105263158,0.2903981985230195,0.09302977747038793,0.003535131543874741,2.2640598400643,0.8945222939315595
bayesfl_observability_v1,vi_lr0p0002_b16_e1,16,vi,global_test,,,5,0.3333333333333333,0.4,47,0.19148936170212766,0.354884073455283,0.16339471175315534,0.0007679551452398301,2.296410306971124,0.910973309836489
bayesfl_observability_v1,vi_lr0p0002_b16_e1,16,vi,global_test,,,6,0.4,0.4666666666666667,5,0.4,0.4163679122924805,0.01636791229248047,8.183956146240234e-06,1.952053701877594,0.792646324634552
bayesfl_observability_v1,vi_lr0p0002_b16_e1,16,vi,global_test,,,7,0.4666666666666667,0.5333333333333333,1,1.0,0.48756200075149536,0.5124379992485046,5.124379992485046e-05,0.7183378338813782,0.2961237132549286
bayesfl_observability_v1,vi_lr0p0002_b16_e1,16,vi,global_test,,,8,0.5333333333333333,0.6,0,,,,,,
bayesfl_observability_v1,vi_lr0p0002_b16_e1,16,vi,global_test,,,9,0.6,0.6666666666666666,0,,,,,,
bayesfl_observability_v1,vi_lr0p0002_b16_e1,16,vi,global_test,,,10,0.6666666666666666,0.7333333333333333,0,,,,,,
bayesfl_observability_v1,vi_lr0p0002_b16_e1,16,vi,global_test,,,11,0.7333333333333333,0.8,0,,,,,,
bayesfl_observability_v1,vi_lr0p0002_b16_e1,16,vi,global_test,,,12,0.8,0.8666666666666667,0,,,,,,
bayesfl_observability_v1,vi_lr0p0002_b16_e1,16,vi,global_test,,,13,0.8666666666666667,0.9333333333333333,0,,,,,,
bayesfl_observability_v1,vi_lr0p0002_b16_e1,16,vi,global_test,,,14,0.9333333333333333,1.0,0,,,,,,
bayesfl_observability_v1,vi_lr0p0002_b16_e1,17,vi,global_test,,,0,0.0,0.06666666666666667,0,,,,,,
bayesfl_observability_v1,vi_lr0p0002_b16_e1,17,vi,global_test,,,1,0.06666666666666667,0.13333333333333333,188,0.0797872340425532,0.12875906782264404,0.048971833780090845,0.0009206704750657078,2.32538033419467,0.9035895961396238
bayesfl_observability_v1,vi_lr0p0002_b16_e1,17,vi,global_test,,,2,0.13333333333333333,0.2,6812,0.12155020551967116,0.16859745614436256,0.047047250624691395,0.032048587125539776,2.3066854477628707,0.9010548067841891
bayesfl_observability_v1,vi_lr0p0002_b16_e1,17,vi,global_test,,,3,0.2,0.26666666666666666,2591,0.1509069857197993,0.22382557654946708,0.07291859082966778,0.018893206883966923,2.318433971029596,0.9040353760347547
bayesfl_observability_v1,vi_lr0p0002_b16_e1,17,vi,global_test,,,4,0.26666666666666666,0.3333333333333333,367,0.15803814713896458,0.2876892965236217,0.1296511493846571,0.004758197182416916,2.342969190522176,0.9136116970787256
bayesfl_observability_v1,vi_lr0p0002_b16_e1,17,vi,global_test,,,5,0.3333333333333333,0.4,35,0.17142857142857143,0.3525486843926566,0.18112011296408514,0.000633920395374298,2.314609946523394,0.9274270338671547
bayesfl_observability_v1,vi_lr0p0002_b16_e1,17,vi,global_test,,,6,0.4,0.4666666666666667,3,0.6666666666666666,0.4381619989871979,0.22850466767946875,6.855140030384063e-05,1.4729384978612263,0.603604276974996
bayesfl_observability_v1,vi_lr0p0002_b16_e1,17,vi,global_test,,,7,0.4666666666666667,0.5333333333333333,4,0.25,0.49144089967012405,0.24144089967012405,9.657635986804962e-05,2.321815013885498,0.9381238743662834
bayesfl_observability_v1,vi_lr0p0002_b16_e1,17,vi,global_test,,,8,0.5333333333333333,0.6,0,,,,,,
bayesfl_observability_v1,vi_lr0p0002_b16_e1,17,vi,global_test,,,9,0.6,0.6666666666666666,0,,,,,,
bayesfl_observability_v1,vi_lr0p0002_b16_e1,17,vi,global_test,,,10,0.6666666666666666,0.7333333333333333,0,,,,,,
bayesfl_observability_v1,vi_lr0p0002_b16_e1,17,vi,global_test,,,11,0.7333333333333333,0.8,0,,,,,,
bayesfl_observability_v1,vi_lr0p0002_b16_e1,17,vi,global_test,,,12,0.8,0.8666666666666667,0,,,,,,
bayesfl_observability_v1,vi_lr0p0002_b16_e1,17,vi,global_test,,,13,0.8666666666666667,0.9333333333333333,0,,,,,,
bayesfl_observability_v1,vi_lr0p0002_b16_e1,17,vi,global_test,,,14,0.9333333333333333,1.0,0,,,,,,
bayesfl_observability_v1,vi_lr0p0002_b16_e1,18,vi,global_test,,,0,0.0,0.06666666666666667,0,,,,,,
bayesfl_observability_v1,vi_lr0p0002_b16_e1,18,vi,global_test,,,1,0.06666666666666667,0.13333333333333333,198,0.10101010101010101,0.12897855028359576,0.027968449273494747,0.000553775295615196,2.2990146189024956,0.8997581598132548
bayesfl_observability_v1,vi_lr0p0002_b16_e1,18,vi,global_test,,,2,0.13333333333333333,0.2,6882,0.12728857890148212,0.1681272092079638,0.04083863030648169,0.0281051453769207,2.3129153514247895,0.901962642422321
bayesfl_observability_v1,vi_lr0p0002_b16_e1,18,vi,global_test,,,3,0.2,0.26666666666666666,2504,0.15175718849840256,0.22361974615734606,0.0718625576589435,0.017994384437799455,2.307207641700586,0.9025530301677153
bayesfl_observability_v1,vi_lr0p0002_b16_e1,18,vi,global_test,,,4,0.26666666666666666,0.3333333333333333,348,0.1810344827586207,0.2889426740250368,0.10790819126641613,0.0037552050560712815,2.320500019638018,0.9074919597170819
bayesfl_observability_v1,vi_lr0p0002_b16_e1,18,vi,global_test,,,5,0.3333333333333333,0.4,58,0.20689655172413793,0.3530915831697398,0.1461950314456019,0.000847931182384491,2.212749651793776,0.8941495161632012
bayesfl_observability_v1,vi_lr0p0002_b16_e1,18,vi,global_test,,,6,0.4,0.4666666666666667,9,0.2222222222222222,0.4160611364576552,0.19383891423543298,0.0001744550228118897,2.3997160262531705,0.9362800982263353
bayesfl_observability_v1,vi_lr0p0002_b16_e1,18,vi,global_test,,,7,0.4666666666666667,0.5333333333333333,1,0.0,0.5005353689193726,0.5005353689193726,5.005353689193726e-05,3.0038397312164307,1.1850403547286987
bayesfl_observability_v1,vi_lr0p0002_b16_e1,18,vi,global_test,,,8,0.5333333333333333,0.6,0,,,,,,
bayesfl_observability_v1,vi_lr0p0002_b16_e1,18,vi,global_test,,,9,0.6,0.6666666666666666,0,,,,,,
bayesfl_observability_v1,vi_lr0p0002_b16_e1,18,vi,global_test,,,10,0.6666666666666666,0.7333333333333333,0,,,,,,
bayesfl_observability_v1,vi_lr0p0002_b16_e1,18,vi,global_test,,,11,0.7333333333333333,0.8,0,,,,,,
bayesfl_observability_v1,vi_lr0p0002_b16_e1,18,vi,global_test,,,12,0.8,0.8666666666666667,0,,,,,,
bayesfl_observability_v1,vi_lr0p0002_b16_e1,18,vi,global_test,,,13,0.8666666666666667,0.9333333333333333,0,,,,,,
bayesfl_observability_v1,vi_lr0p0002_b16_e1,18,vi,global_test,,,14,0.9333333333333333,1.0,0,,,,,,
bayesfl_observability_v1,vi_lr0p0002_b16_e1,19,vi,global_test,,,0,0.0,0.06666666666666667,0,,,,,,
bayesfl_observability_v1,vi_lr0p0002_b16_e1,19,vi,global_test,,,1,0.06666666666666667,0.13333333333333333,238,0.08403361344537816,0.128800186852948,0.04476657340756984,0.0010654444471001623,2.318505018699069,0.9028253522740692
bayesfl_observability_v1,vi_lr0p0002_b16_e1,19,vi,global_test,,,2,0.13333333333333333,0.2,6991,0.11915319696752968,0.16786517786452773,0.04871198089699805,0.034054545845091336,2.3082214797827123,0.9018804579312463
bayesfl_observability_v1,vi_lr0p0002_b16_e1,19,vi,global_test,,,3,0.2,0.26666666666666666,2376,0.15361952861952863,0.2237238258574948,0.07010429723796618,0.016656781023740765,2.295585975000754,0.8997889627210219
bayesfl_observability_v1,vi_lr0p0002_b16_e1,19,vi,global_test,,,4,0.26666666666666666,0.3333333333333333,346,0.2023121387283237,0.28901388819162555,0.08670174946330184,0.0029998805314302435,2.2864141002555805,0.897060387396399
bayesfl_observability_v1,vi_lr0p0002_b16_e1,19,vi,global_test,,,5,0.3333333333333333,0.4,44,0.25,0.3527567759156227,0.10275677591562271,0.00045212981402873993,2.241059043190696,0.8924893506548621
bayesfl_observability_v1,vi_lr0p0002_b16_e1,19,vi,global_test,,,6,0.4,0.4666666666666667,3,0.0,0.407077689965566,0.407077689965566,0.0001221233069896698,2.4860846996307373,1.0447715520858765
bayesfl_observability_v1,vi_lr0p0002_b16_e1,19,vi,global_test,,,7,0.4666666666666667,0.5333333333333333,1,1.0,0.4878961145877838,0.5121038854122162,5.1210388541221616e-05,0.7176527976989746,0.2945548892021179
bayesfl_observability_v1,vi_lr0p0002_b16_e1,19,vi,global_test,,,8,0.5333333333333333,0.6,1,0.0,0.5395016074180603,0.5395016074180603,5.395016074180603e-05,2.8837296962738037,1.2061115503311157
bayesfl_observability_v1,vi_lr0p0002_b16_e1,19,vi,global_test,,,9,0.6,0.6666666666666666,0,,,,,,
bayesfl_observability_v1,vi_lr0p0002_b16_e1,19,vi,global_test,,,10,0.6666666666666666,0.7333333333333333,0,,,,,,
bayesfl_observability_v1,vi_lr0p0002_b16_e1,19,vi,global_test,,,11,0.7333333333333333,0.8,0,,,,,,
bayesfl_observability_v1,vi_lr0p0002_b16_e1,19,vi,global_test,,,12,0.8,0.8666666666666667,0,,,,,,
bayesfl_observability_v1,vi_lr0p0002_b16_e1,19,vi,global_test,,,13,0.8666666666666667,0.9333333333333333,0,,,,,,
bayesfl_observability_v1,vi_lr0p0002_b16_e1,19,vi,global_test,,,14,0.9333333333333333,1.0,0,,,,,,
bayesfl_observability_v1,vi_lr0p0002_b16_e1,20,vi,global_test,,,0,0.0,0.06666666666666667,0,,,,,,
bayesfl_observability_v1,vi_lr0p0002_b16_e1,20,vi,global_test,,,1,0.06666666666666667,0.13333333333333333,204,0.13725490196078433,0.1287042544606854,0.008550647500098929,0.00017443320900201815,2.310773772351882,0.9015829925443611
bayesfl_observability_v1,vi_lr0p0002_b16_e1,20,vi,global_test,,,2,0.13333333333333333,0.2,6908,0.12738853503184713,0.16793098837594525,0.04054245334409812,0.028006726770102977,2.304753402650322,0.9006591475227352
bayesfl_observability_v1,vi_lr0p0002_b16_e1,20,vi,global_test,,,3,0.2,0.26666666666666666,2497,0.14537444933920704,0.22360850140768668,0.07823405206847964,0.019535042801499366,2.3149341436018696,0.904016631624438
bayesfl_observability_v1,vi_lr0p0002_b16_e1,20,vi,global_test,,,4,0.26666666666666666,0.3333333333333333,350,0.2057142857142857,0.2873750829696655,0.08166079725537981,0.002858127903938293,2.2821586622510637,0.8963791804654258
bayesfl_observability_v1,vi_lr0p0002_b16_e1,20,vi,global_test,,,5,0.3333333333333333,0.4,37,0.16216216216216217,0.3523909554288194,0.1902287932666572,0.0007038465350866317,2.3499367011559977,0.9271789507285969
bayesfl_observability_v1,vi_lr0p0002_b16_e1,20,vi,global_test,,,6,0.4,0.4666666666666667,4,0.5,0.4156275615096092,0.08437243849039078,3.374897539615631e-05,1.8050531148910522,0.7291063368320465
bayesfl_observability_v1,vi_lr0p0002_b16_e1,20,vi,global_test,,,7,0.4666666666666667,0.5333333333333333,0,,,,,,
bayesfl_observability_v1,vi_lr0p0002_b16_e1,20,vi,global_test,,,8,0.5333333333333333,0.6,0,,,,,,
bayesfl_observability_v1,vi_lr0p0002_b16_e1,20,vi,global_test,,,9,0.6,0.6666666666666666,0,,,,,,
bayesfl_observability_v1,vi_lr0p0002_b16_e1,20,vi,global_test,,,10,0.6666666666666666,0.7333333333333333,0,,,,,,
bayesfl_observability_v1,vi_lr0p0002_b16_e1,20,vi,global_test,,,11,0.7333333333333333,0.8,0,,,,,,
bayesfl_observability_v1,vi_lr0p0002_b16_e1,20,vi,global_test,,,12,0.8,0.8666666666666667,0,,,,,,
bayesfl_observability_v1,vi_lr0p0002_b16_e1,20,vi,global_test,,,13,0.8666666666666667,0.9333333333333333,0,,,,,,
bayesfl_observability_v1,vi_lr0p0002_b16_e1,20,vi,global_test,,,14,0.9333333333333333,1.0,0,,,,,,
bayesfl_observability_v1,vi_lr0p0002_b16_e1,21,vi,global_test,,,0,0.0,0.06666666666666667,0,,,,,,
bayesfl_observability_v1,vi_lr0p0002_b16_e1,21,vi,global_test,,,1,0.06666666666666667,0.13333333333333333,299,0.13712374581939799,0.12809808009045578,0.0090256657289422,0.0002698674052953718,2.3058303957400113,0.9000973185169259
bayesfl_observability_v1,vi_lr0p0002_b16_e1,21,vi,global_test,,,2,0.13333333333333333,0.2,7329,0.13398826579342338,0.16673730338379378,0.0327490375903704,0.024001769649982466,2.2931260827098736,0.8982910513796541
bayesfl_observability_v1,vi_lr0p0002_b16_e1,21,vi,global_test,,,3,0.2,0.26666666666666666,2097,0.14163090128755365,0.2224491832650839,0.08081828197753024,0.016947593730688094,2.3007403040819074,0.9015901017939414
bayesfl_observability_v1,vi_lr0p0002_b16_e1,21,vi,global_test,,,4,0.26666666666666666,0.3333333333333333,246,0.17886178861788618,0.28925197262589525,0.11039018400800907,0.002715598526597023,2.2829912159501053,0.9009012863403414
bayesfl_observability_v1,vi_lr0p0002_b16_e1,21,vi,global_test,,,5,0.3333333333333333,0.4,28,0.17857142857142858,0.3546961120196751,0.17612468344824653,0.0004931491136550902,2.3611876453672136,0.9310156607202121
bayesfl_observability_v1,vi_lr0p0002_b16_e1,21,vi,global_test,,,6,0.4,0.4666666666666667,1,0.0,0.4033304750919342,0.4033304750919342,4.033304750919342e-05,3.3716275691986084,1.1453520059585571
bayesfl_observability_v1,vi_lr0p0002_b16_e1,21,vi,global_test,,,7,0.4666666666666667,0.5333333333333333,0,,,,,,
bayesfl_observability_v1,vi_lr0p0002_b16_e1,21,vi,global_test,,,8,0.5333333333333333,0.6,0,,,,,,
bayesfl_observability_v1,vi_lr0p0002_b16_e1,21,vi,global_test,,,9,0.6,0.6666666666666666,0,,,,,,
bayesfl_observability_v1,vi_lr0p0002_b16_e1,21,vi,global_test,,,10,0.6666666666666666,0.7333333333333333,0,,,,,,
bayesfl_observability_v1,vi_lr0p0002_b16_e1,21,vi,global_test,,,11,0.7333333333333333,0.8,0,,,,,,
bayesfl_observability_v1,vi_lr0p0002_b16_e1,21,vi,global_test,,,12,0.8,0.8666666666666667,0,,,,,,
bayesfl_observability_v1,vi_lr0p0002_b16_e1,21,vi,global_test,,,13,0.8666666666666667,0.9333333333333333,0,,,,,,
bayesfl_observability_v1,vi_lr0p0002_b16_e1,21,vi,global_test,,,14,0.9333333333333333,1.0,0,,,,,,
bayesfl_observability_v1,vi_lr0p0002_b16_e1,22,vi,global_test,,,0,0.0,0.06666666666666667,0,,,,,,
bayesfl_observability_v1,vi_lr0p0002_b16_e1,22,vi,global_test,,,1,0.06666666666666667,0.13333333333333333,268,0.1417910447761194,0.12818619581078416,0.013604848965335231,0.0003646099522709842,2.2826582006554106,0.8955574638363141
bayesfl_observability_v1,vi_lr0p0002_b16_e1,22,vi,global_test,,,2,0.13333333333333333,0.2,7274,0.13857574924388233,0.1668594322416492,0.028283682997766874,0.020573551012575624,2.28658174858796,0.8968496519948285
bayesfl_observability_v1,vi_lr0p0002_b16_e1,22,vi,global_test,,,3,0.2,0.26666666666666666,2177,0.16444648598989434,0.2229223707755005,0.05847588478560617,0.012730200117826463,2.2918307891284098,0.8992477612151539
bayesfl_observability_v1,vi_lr0p0002_b16_e1,22,vi,global_test,,,4,0.26666666666666666,0.3333333333333333,258,0.22093023255813954,0.2885645051566205,0.06763427259848098,0.0017449642330408092,2.2296848745309106,0.8862040980841762
bayesfl_observability_v1,vi_lr0p0002_b16_e1,22,vi,global_test,,,5,0.3333333333333333,0.4,22,0.18181818181818182,0.35399446297775616,0.17217628115957434,0.0003787878185510635,2.3885950933803213,0.933031442490491
bayesfl_observability_v1,vi_lr0p0002_b16_e1,22,vi,global_test,,,6,0.4,0.4666666666666667,1,0.0,0.4108135402202606,0.4108135402202606,4.108135402202606e-05,2.145136594772339,0.9855741858482361
bayesfl_observability_v1,vi_lr0p0002_b16_e1,22,vi,global_test,,,7,0.4666666666666667,0.5333333333333333,0,,,,,,
bayesfl_observability_v1,vi_lr0p0002_b16_e1,22,vi,global_test,,,8,0.5333333333333333,0.6,0,,,,,,
bayesfl_observability_v1,vi_lr0p0002_b16_e1,22,vi,global_test,,,9,0.6,0.6666666666666666,0,,,,,,
bayesfl_observability_v1,vi_lr0p0002_b16_e1,22,vi,global_test,,,10,0.6666666666666666,0.7333333333333333,0,,,,,,
bayesfl_observability_v1,vi_lr0p0002_b16_e1,22,vi,global_test,,,11,0.7333333333333333,0.8,0,,,,,,
bayesfl_observability_v1,vi_lr0p0002_b16_e1,22,vi,global_test,,,12,0.8,0.8666666666666667,0,,,,,,
bayesfl_observability_v1,vi_lr0p0002_b16_e1,22,vi,global_test,,,13,0.8666666666666667,0.9333333333333333,0,,,,,,
bayesfl_observability_v1,vi_lr0p0002_b16_e1,22,vi,global_test,,,14,0.9333333333333333,1.0,0,,,,,,
bayesfl_observability_v1,vi_lr0p0002_b16_e1,23,vi,global_test,,,0,0.0,0.06666666666666667,0,,,,,,
bayesfl_observability_v1,vi_lr0p0002_b16_e1,23,vi,global_test,,,1,0.06666666666666667,0.13333333333333333,256,0.125,0.12861239441554062,0.0036123944155406207,9.247729703783988e-05,2.294238483533263,0.8985516475513577
bayesfl_observability_v1,vi_lr0p0002_b16_e1,23,vi,global_test,,,2,0.13333333333333333,0.2,7243,0.1380643379814994,0.16709976189787934,0.02903542391637995,0.021030357542633996,2.2919113926016528,0.8980005281366203
bayesfl_observability_v1,vi_lr0p0002_b16_e1,23,vi,global_test,,,3,0.2,0.26666666666666666,2207,0.15813321250566378,0.22260131147121703,0.06446809896555325,0.014228109441697603,2.2992456249916344,0.9007290784568337
bayesfl_observability_v1,vi_lr0p0002_b16_e1,23,vi,global_test,,,4,0.26666666666666666,0.3333333333333333,260,0.2076923076923077,0.29059104460936325,0.08289873691705554,0.002155367159843444,2.287971978921157,0.896602454323035
bayesfl_observability_v1,vi_lr0p0002_b16_e1,23,vi,global_test,,,5,0.3333333333333333,0.4,26,0.19230769230769232,0.3572526104175128,0.16494491810982045,0.0004288567870855331,2.3656435448389788,0.9241100813333805
bayesfl_observability_v1,vi_lr0p0002_b16_e1,23,vi,global_test,,,6,0.4,0.4666666666666667,6,0.3333333333333333,0.4207051495711009,0.08737181623776757,5.2423089742660544e-05,2.313086132208506,0.8762542605400085
bayesfl_observability_v1,vi_lr0p0002_b16_e1,23,vi,global_test,,,7,0.4666666666666667,0.5333333333333333,1,1.0,0.47613897919654846,0.5238610208034515,5.2386102080345156e-05,0.742045521736145,0.3107408881187439
bayesfl_observability_v1,vi_lr0p0002_b16_e1,23,vi,global_test,,,8,0.5333333333333333,0.6,1,0.0,0.5389367341995239,0.5389367341995239,5.389367341995239e-05,2.978978157043457,1.2164384126663208
bayesfl_observability_v1,vi_lr0p0002_b16_e1,23,vi,global_test,,,9,0.6,0.6666666666666666,0,,,,,,
bayesfl_observability_v1,vi_lr0p0002_b16_e1,23,vi,global_test,,,10,0.6666666666666666,0.7333333333333333,0,,,,,,
bayesfl_observability_v1,vi_lr0p0002_b16_e1,23,vi,global_test,,,11,0.7333333333333333,0.8,0,,,,,,
bayesfl_observability_v1,vi_lr0p0002_b16_e1,23,vi,global_test,,,12,0.8,0.8666666666666667,0,,,,,,
bayesfl_observability_v1,vi_lr0p0002_b16_e1,23,vi,global_test,,,13,0.8666666666666667,0.9333333333333333,0,,,,,,
bayesfl_observability_v1,vi_lr0p0002_b16_e1,23,vi,global_test,,,14,0.9333333333333333,1.0,0,,,,,,
bayesfl_observability_v1,vi_lr0p0002_b16_e1,24,vi,global_test,,,0,0.0,0.06666666666666667,0,,,,,,
bayesfl_observability_v1,vi_lr0p0002_b16_e1,24,vi,global_test,,,1,0.06666666666666667,0.13333333333333333,237,0.10548523206751055,0.12856806339971125,0.023082831332200696,0.0005470631025731564,2.2784797742899965,0.8954363301836489
bayesfl_observability_v1,vi_lr0p0002_b16_e1,24,vi,global_test,,,2,0.13333333333333333,0.2,7064,0.13604190260475651,0.1677739750024349,0.03173207239767839,0.022415535941720015,2.27859218288656,0.8954461499761752
bayesfl_observability_v1,vi_lr0p0002_b16_e1,24,vi,global_test,,,3,0.2,0.26666666666666666,2363,0.16504443504020314,0.22334009707856875,0.058295662038365614,0.013775264939665794,2.2791216703879846,0.8962518594500073
bayesfl_observability_v1,vi_lr0p0002_b16_e1,24,vi,global_test,,,4,0.26666666666666666,0.3333333333333333,313,0.23961661341853036,0.28786752999019316,0.048250916571662805,0.0015102536886930458,2.2298179522109107,0.8816319397463205
bayesfl_observability_v1,vi_lr0p0002_b16_e1,24,vi,global_test,,,5,0.3333333333333333,0.4,21,0.14285714285714285,0.3557024796803792,0.21284533682323636,0.0004469752073287964,2.4811158889815923,0.9580244649024237
bayesfl_observability_v1,vi_lr0p0002_b16_e1,24,vi,global_test,,,6,0.4,0.4666666666666667,2,0.0,0.4110162705183029,0.4110162705183029,8.220325410366058e-05,2.523320496082306,1.0304144024848938
bayesfl_observability_v1,vi_lr0p0002_b16_e1,24,vi,global_test,,,7,0.4666666666666667,0.5333333333333333,0,,,,,,
bayesfl_observability_v1,vi_lr0p0002_b16_e1,24,vi,global_test,,,8,0.5333333333333333,0.6,0,,,,,,
bayesfl_observability_v1,vi_lr0p0002_b16_e1,24,vi,global_test,,,9,0.6,0.6666666666666666,0,,,,,,
bayesfl_observability_v1,vi_lr0p0002_b16_e1,24,vi,global_test,,,10,0.6666666666666666,0.7333333333333333,0,,,,,,
bayesfl_observability_v1,vi_lr0p0002_b16_e1,24,vi,global_test,,,11,0.7333333333333333,0.8,0,,,,,,
bayesfl_observability_v1,vi_lr0p0002_b16_e1,24,vi,global_test,,,12,0.8,0.8666666666666667,0,,,,,,
bayesfl_observability_v1,vi_lr0p0002_b16_e1,24,vi,global_test,,,13,0.8666666666666667,0.9333333333333333,0,,,,,,
bayesfl_observability_v1,vi_lr0p0002_b16_e1,24,vi,global_test,,,14,0.9333333333333333,1.0,0,,,,,,
bayesfl_observability_v1,vi_lr0p0002_b16_e1,25,vi,global_test,,,0,0.0,0.06666666666666667,0,,,,,,
bayesfl_observability_v1,vi_lr0p0002_b16_e1,25,vi,global_test,,,1,0.06666666666666667,0.13333333333333333,245,0.1306122448979592,0.12900863882838462,0.0016036060695745757,3.92883487045771e-05,2.282146757476184,0.896230179679637
bayesfl_observability_v1,vi_lr0p0002_b16_e1,25,vi,global_test,,,2,0.13333333333333333,0.2,7186,0.1476482048427498,0.16734819032506892,0.019699985482319132,0.014156409567594529,2.2737352285350627,0.894337772825386
bayesfl_observability_v1,vi_lr0p0002_b16_e1,25,vi,global_test,,,3,0.2,0.26666666666666666,2299,0.177903436276642,0.22282257149171808,0.04491913521507607,0.010326909185945988,2.2553253615612876,0.8900128033639245
bayesfl_observability_v1,vi_lr0p0002_b16_e1,25,vi,global_test,,,4,0.26666666666666666,0.3333333333333333,251,0.2350597609561753,0.28999640041613484,0.054936639459959524,0.0013789096504449841,2.22652077437397,0.8796732451811254
bayesfl_observability_v1,vi_lr0p0002_b16_e1,25,vi,global_test,,,5,0.3333333333333333,0.4,18,0.3333333333333333,0.3563285834259457,0.022995250092612385,4.139145016670229e-05,2.0812250044610767,0.838628727528784
bayesfl_observability_v1,vi_lr0p0002_b16_e1,25,vi,global_test,,,6,0.4,0.4666666666666667,1,1.0,0.4193030297756195,0.5806969702243805,5.806969702243805e-05,0.8691613674163818,0.37847086787223816
bayesfl_observability_v1,vi_lr0p0002_b16_e1,25,vi,global_test,,,7,0.4666666666666667,0.5333333333333333,0,,,,,,
bayesfl_observability_v1,vi_lr0p0002_b16_e1,25,vi,global_test,,,8,0.5333333333333333,0.6,0,,,,,,
bayesfl_observability_v1,vi_lr0p0002_b16_e1,25,vi,global_test,,,9,0.6,0.6666666666666666,0,,,,,,
bayesfl_observability_v1,vi_lr0p0002_b16_e1,25,vi,global_test,,,10,0.6666666666666666,0.7333333333333333,0,,,,,,
bayesfl_observability_v1,vi_lr0p0002_b16_e1,25,vi,global_test,,,11,0.7333333333333333,0.8,0,,,,,,
bayesfl_observability_v1,vi_lr0p0002_b16_e1,25,vi,global_test,,,12,0.8,0.8666666666666667,0,,,,,,
bayesfl_observability_v1,vi_lr0p0002_b16_e1,25,vi,global_test,,,13,0.8666666666666667,0.9333333333333333,0,,,,,,
bayesfl_observability_v1,vi_lr0p0002_b16_e1,25,vi,global_test,,,14,0.9333333333333333,1.0,0,,,,,,
bayesfl_observability_v1,vi_lr0p0002_b16_e1,26,vi,global_test,,,0,0.0,0.06666666666666667,0,,,,,,
bayesfl_observability_v1,vi_lr0p0002_b16_e1,26,vi,global_test,,,1,0.06666666666666667,0.13333333333333333,271,0.15498154981549817,0.12900306479627355,0.025978485019224618,0.000704016944020987,2.283262138437081,0.8958081455688195
bayesfl_observability_v1,vi_lr0p0002_b16_e1,26,vi,global_test,,,2,0.13333333333333333,0.2,7170,0.1514644351464435,0.16714114550101042,0.015676710354566914,0.011240201324224477,2.2791522750960898,0.8950533077307825
bayesfl_observability_v1,vi_lr0p0002_b16_e1,26,vi,global_test,,,3,0.2,0.26666666666666666,2254,0.18589174800354924,0.22319561617900124,0.037303868175452004,0.008408291886746883,2.255925678688547,0.8900003606435358
bayesfl_observability_v1,vi_lr0p0002_b16_e1,26,vi,global_test,,,4,0.26666666666666666,0.3333333333333333,275,0.19636363636363635,0.2879442546584389,0.09158061829480257,0.002518467003107071,2.2795174577019433,0.8972564014521512
bayesfl_observability_v1,vi_lr0p0002_b16_e1,26,vi,global_test,,,5,0.3333333333333333,0.4,29,0.20689655172413793,0.3537450196414158,0.14684846791727788,0.0004258605569601058,2.2481443635348617,0.8978916560781414
bayesfl_observability_v1,vi_lr0p0002_b16_e1,26,vi,global_test,,,6,0.4,0.4666666666666667,1,0.0,0.4519692361354828,0.4519692361354828,4.519692361354828e-05,2.772414207458496,1.1155773401260376
bayesfl_observability_v1,vi_lr0p0002_b16_e1,26,vi,global_test,,,7,0.4666666666666667,0.5333333333333333,0,,,,,,
bayesfl_observability_v1,vi_lr0p0002_b16_e1,26,vi,global_test,,,8,0.5333333333333333,0.6,0,,,,,,
bayesfl_observability_v1,vi_lr0p0002_b16_e1,26,vi,global_test,,,9,0.6,0.6666666666666666,0,,,,,,
bayesfl_observability_v1,vi_lr0p0002_b16_e1,26,vi,global_test,,,10,0.6666666666666666,0.7333333333333333,0,,,,,,
bayesfl_observability_v1,vi_lr0p0002_b16_e1,26,vi,global_test,,,11,0.7333333333333333,0.8,0,,,,,,
bayesfl_observability_v1,vi_lr0p0002_b16_e1,26,vi,global_test,,,12,0.8,0.8666666666666667,0,,,,,,
bayesfl_observability_v1,vi_lr0p0002_b16_e1,26,vi,global_test,,,13,0.8666666666666667,0.9333333333333333,0,,,,,,
bayesfl_observability_v1,vi_lr0p0002_b16_e1,26,vi,global_test,,,14,0.9333333333333333,1.0,0,,,,,,
bayesfl_observability_v1,vi_lr0p0002_b16_e1,27,vi,global_test,,,0,0.0,0.06666666666666667,0,,,,,,
bayesfl_observability_v1,vi_lr0p0002_b16_e1,27,vi,global_test,,,1,0.06666666666666667,0.13333333333333333,243,0.16872427983539096,0.12872860657334817,0.039995673262042786,0.0009718948602676397,2.2837057044967213,0.8955367693194637
bayesfl_observability_v1,vi_lr0p0002_b16_e1,27,vi,global_test,,,2,0.13333333333333333,0.2,7126,0.15183833847880998,0.16775772375544235,0.015919385276632364,0.011344153948128223,2.27340213206254,0.8938146609370707
bayesfl_observability_v1,vi_lr0p0002_b16_e1,27,vi,global_test,,,3,0.2,0.26666666666666666,2304,0.1909722222222222,0.22260004270356148,0.031627820481339275,0.007287049838900569,2.2510024630982013,0.8885691719543602
bayesfl_observability_v1,vi_lr0p0002_b16_e1,27,vi,global_test,,,4,0.26666666666666666,0.3333333333333333,298,0.2214765100671141,0.2893703431891115,0.06789383312199737,0.0020232362270355218,2.239056409205366,0.8859158930362471
bayesfl_observability_v1,vi_lr0p0002_b16_e1,27,vi,global_test,,,5,0.3333333333333333,0.4,24,0.125,0.356225922703743,0.23122592270374298,0.0005549422144889831,2.332489858071009,0.9374803031484286
bayesfl_observability_v1,vi_lr0p0002_b16_e1,27,vi,global_test,,,6,0.4,0.4666666666666667,5,0.4,0.41333137154579164,0.013331371545791615,6.665685772895808e-06,2.2543090343475343,0.8372235298156738
bayesfl_observability_v1,vi_lr0p0002_b16_e1,27,vi,global_test,,,7,0.4666666666666667,0.5333333333333333,0,,,,,,
bayesfl_observability_v1,vi_lr0p0002_b16_e1,27,vi,global_test,,,8,0.5333333333333333,0.6,0,,,,,,
bayesfl_observability_v1,vi_lr0p0002_b16_e1,27,vi,global_test,,,9,0.6,0.6666666666666666,0,,,,,,
bayesfl_observability_v1,vi_lr0p0002_b16_e1,27,vi,global_test,,,10,0.6666666666666666,0.7333333333333333,0,,,,,,
bayesfl_observability_v1,vi_lr0p0002_b16_e1,27,vi,global_test,,,11,0.7333333333333333,0.8,0,,,,,,
bayesfl_observability_v1,vi_lr0p0002_b16_e1,27,vi,global_test,,,12,0.8,0.8666666666666667,0,,,,,,
bayesfl_observability_v1,vi_lr0p0002_b16_e1,27,vi,global_test,,,13,0.8666666666666667,0.9333333333333333,0,,,,,,
bayesfl_observability_v1,vi_lr0p0002_b16_e1,27,vi,global_test,,,14,0.9333333333333333,1.0,0,,,,,,
bayesfl_observability_v1,vi_lr0p0002_b16_e1,28,vi,global_test,,,0,0.0,0.06666666666666667,0,,,,,,
bayesfl_observability_v1,vi_lr0p0002_b16_e1,28,vi,global_test,,,1,0.06666666666666667,0.13333333333333333,300,0.13,0.1284125279635191,0.001587472036480908,4.7624161094427244e-05,2.286657545566559,0.8966150393088659
bayesfl_observability_v1,vi_lr0p0002_b16_e1,28,vi,global_test,,,2,0.13333333333333333,0.2,7414,0.15983274885352036,0.16578470169291973,0.005951952839399366,0.00441277783513069,2.262274799978505,0.8915174374658849
bayesfl_observability_v1,vi_lr0p0002_b16_e1,28,vi,global_test,,,3,0.2,0.26666666666666666,2071,0.18203766296475132,0.22170597890446808,0.03966831593971676,0.008215308231115341,2.2504324575140533,0.8899725137961078
bayesfl_observability_v1,vi_lr0p0002_b16_e1,28,vi,global_test,,,4,0.26666666666666666,0.3333333333333333,196,0.25510204081632654,0.29004519904146386,0.03494315822513733,0.0006848859012126916,2.186875047124162,0.8739526499899066
bayesfl_observability_v1,vi_lr0p0002_b16_e1,28,vi,global_test,,,5,0.3333333333333333,0.4,19,0.21052631578947367,0.35078873289258855,0.14026241710311488,0.00026649859249591826,2.1557810432032536,0.8922008291671151
bayesfl_observability_v1,vi_lr0p0002_b16_e1,28,vi,global_test,,,6,0.4,0.4666666666666667,0,,,,,,
bayesfl_observability_v1,vi_lr0p0002_b16_e1,28,vi,global_test,,,7,0.4666666666666667,0.5333333333333333,0,,,,,,
bayesfl_observability_v1,vi_lr0p0002_b16_e1,28,vi,global_test,,,8,0.5333333333333333,0.6,0,,,,,,
bayesfl_observability_v1,vi_lr0p0002_b16_e1,28,vi,global_test,,,9,0.6,0.6666666666666666,0,,,,,,
bayesfl_observability_v1,vi_lr0p0002_b16_e1,28,vi,global_test,,,10,0.6666666666666666,0.7333333333333333,0,,,,,,
bayesfl_observability_v1,vi_lr0p0002_b16_e1,28,vi,global_test,,,11,0.7333333333333333,0.8,0,,,,,,
bayesfl_observability_v1,vi_lr0p0002_b16_e1,28,vi,global_test,,,12,0.8,0.8666666666666667,0,,,,,,
bayesfl_observability_v1,vi_lr0p0002_b16_e1,28,vi,global_test,,,13,0.8666666666666667,0.9333333333333333,0,,,,,,
bayesfl_observability_v1,vi_lr0p0002_b16_e1,28,vi,global_test,,,14,0.9333333333333333,1.0,0,,,,,,
bayesfl_observability_v1,vi_lr0p0002_b16_e1,29,vi,global_test,,,0,0.0,0.06666666666666667,0,,,,,,
bayesfl_observability_v1,vi_lr0p0002_b16_e1,29,vi,global_test,,,1,0.06666666666666667,0.13333333333333333,336,0.10714285714285714,0.128314779383973,0.021171922241115873,0.0007113765873014934,2.2737045763503936,0.8948462369541327
bayesfl_observability_v1,vi_lr0p0002_b16_e1,29,vi,global_test,,,2,0.13333333333333333,0.2,7395,0.15970250169033132,0.16646025975545248,0.006757758065121161,0.004997362089157099,2.2528436400263274,0.8900277455970191
bayesfl_observability_v1,vi_lr0p0002_b16_e1,29,vi,global_test,,,3,0.2,0.26666666666666666,2012,0.19483101391650098,0.2223362397572866,0.02750522584078563,0.005534051439166069,2.2546730285610406,0.8885660589215296
bayesfl_observability_v1,vi_lr0p0002_b16_e1,29,vi,global_test,,,4,0.26666666666666666,0.3333333333333333,237,0.24472573839662448,0.28776289302588515,0.043037154629260665,0.0010199805647134778,2.252982056593593,0.8833506617867997
bayesfl_observability_v1,vi_lr0p0002_b16_e1,29,vi,global_test,,,5,0.3333333333333333,0.4,14,0.21428571428571427,0.3570594723735537,0.1427737580878394,0.00019988326132297515,2.3522879566465105,0.9077952823468617
bayesfl_observability_v1,vi_lr0p0002_b16_e1,29,vi,global_test,,,6,0.4,0.4666666666666667,6,0.3333333333333333,0.41277798513571423,0.07944465180238092,4.766679108142855e-05,2.1538135508696237,0.8552947491407394
bayesfl_observability_v1,vi_lr0p0002_b16_e1,29,vi,global_test,,,7,0.4666666666666667,0.5333333333333333,0,,,,,,
bayesfl_observability_v1,vi_lr0p0002_b16_e1,29,vi,global_test,,,8,0.5333333333333333,0.6,0,,,,,,
bayesfl_observability_v1,vi_lr0p0002_b16_e1,29,vi,global_test,,,9,0.6,0.6666666666666666,0,,,,,,
bayesfl_observability_v1,vi_lr0p0002_b16_e1,29,vi,global_test,,,10,0.6666666666666666,0.7333333333333333,0,,,,,,
bayesfl_observability_v1,vi_lr0p0002_b16_e1,29,vi,global_test,,,11,0.7333333333333333,0.8,0,,,,,,
bayesfl_observability_v1,vi_lr0p0002_b16_e1,29,vi,global_test,,,12,0.8,0.8666666666666667,0,,,,,,
bayesfl_observability_v1,vi_lr0p0002_b16_e1,29,vi,global_test,,,13,0.8666666666666667,0.9333333333333333,0,,,,,,
bayesfl_observability_v1,vi_lr0p0002_b16_e1,29,vi,global_test,,,14,0.9333333333333333,1.0,0,,,,,,
bayesfl_observability_v1,vi_lr0p0002_b16_e1,30,vi,global_test,,,0,0.0,0.06666666666666667,0,,,,,,
bayesfl_observability_v1,vi_lr0p0002_b16_e1,30,vi,global_test,,,1,0.06666666666666667,0.13333333333333333,357,0.1400560224089636,0.12835506637807653,0.011700956030887055,0.00041772413030266787,2.2534084373495493,0.8908677623719394
bayesfl_observability_v1,vi_lr0p0002_b16_e1,30,vi,global_test,,,2,0.13333333333333333,0.2,7431,0.1596016686852375,0.16580751236283015,0.006205843677592637,0.004611562436819088,2.255080397301352,0.8903977154819148
bayesfl_observability_v1,vi_lr0p0002_b16_e1,30,vi,global_test,,,3,0.2,0.26666666666666666,1983,0.2118003025718608,0.22171148653290096,0.009911183961040154,0.0019653877794742628,2.221367294056152,0.8812592513201757
bayesfl_observability_v1,vi_lr0p0002_b16_e1,30,vi,global_test,,,4,0.26666666666666666,0.3333333333333333,211,0.20853080568720378,0.287404191578734,0.0788733858915302,0.0016642284423112872,2.3072948094227868,0.9014266393195961
bayesfl_observability_v1,vi_lr0p0002_b16_e1,30,vi,global_test,,,5,0.3333333333333333,0.4,16,0.1875,0.3531096279621124,0.16560962796211243,0.0002649754047393799,2.5173937752842903,0.943326149135828
bayesfl_observability_v1,vi_lr0p0002_b16_e1,30,vi,global_test,,,6,0.4,0.4666666666666667,2,0.0,0.43520183861255646,0.43520183861255646,8.704036772251129e-05,3.3135035037994385,1.157993197441101
bayesfl_observability_v1,vi_lr0p0002_b16_e1,30,vi,global_test,,,7,0.4666666666666667,0.5333333333333333,0,,,,,,
bayesfl_observability_v1,vi_lr0p0002_b16_e1,30,vi,global_test,,,8,0.5333333333333333,0.6,0,,,,,,
bayesfl_observability_v1,vi_lr0p0002_b16_e1,30,vi,global_test,,,9,0.6,0.6666666666666666,0,,,,,,
bayesfl_observability_v1,vi_lr0p0002_b16_e1,30,vi,global_test,,,10,0.6666666666666666,0.7333333333333333,0,,,,,,
bayesfl_observability_v1,vi_lr0p0002_b16_e1,30,vi,global_test,,,11,0.7333333333333333,0.8,0,,,,,,
bayesfl_observability_v1,vi_lr0p0002_b16_e1,30,vi,global_test,,,12,0.8,0.8666666666666667,0,,,,,,
bayesfl_observability_v1,vi_lr0p0002_b16_e1,30,vi,global_test,,,13,0.8666666666666667,0.9333333333333333,0,,,,,,
bayesfl_observability_v1,vi_lr0p0002_b16_e1,30,vi,global_test,,,14,0.9333333333333333,1.0,0,,,,,,
bayesfl_observability_v1,vi_lr0p0002_b16_e1,31,vi,global_test,,,0,0.0,0.06666666666666667,0,,,,,,
bayesfl_observability_v1,vi_lr0p0002_b16_e1,31,vi,global_test,,,1,0.06666666666666667,0.13333333333333333,380,0.16052631578947368,0.12818552475226552,0.03234079103720816,0.0012289500594139101,2.2514978697425443,0.890043884358908
bayesfl_observability_v1,vi_lr0p0002_b16_e1,31,vi,global_test,,,2,0.13333333333333333,0.2,7413,0.16295696748954538,0.16559683720174306,0.002639869712197679,0.0019569354176521394,2.2545679641223444,0.8900885344612989
bayesfl_observability_v1,vi_lr0p0002_b16_e1,31,vi,global_test,,,3,0.2,0.26666666666666666,1994,0.21063189568706117,0.22248561855932417,0.011853722872262995,0.0023636323407292413,2.2162687313353406,0.8797593948056729
bayesfl_observability_v1,vi_lr0p0002_b16_e1,31,vi,global_test,,,4,0.26666666666666666,0.3333333333333333,195,0.2205128205128205,0.2887901170131488,0.06827729650032827,0.0013314072817564011,2.221556003277118,0.8824763725965451
bayesfl_observability_v1,vi_lr0p0002_b16_e1,31,vi,global_test,,,5,0.3333333333333333,0.4,16,0.3125,0.35693266429007053,0.044432664290070534,7.109226286411286e-05,2.0936211720108986,0.8491268195211887
bayesfl_observability_v1,vi_lr0p0002_b16_e1,31,vi,global_test,,,6,0.4,0.4666666666666667,2,0.5,0.41492338478565216,0.08507661521434784,1.7015323042869566e-05,1.6283826529979706,0.7291308343410492
bayesfl_observability_v1,vi_lr0p0002_b16_e1,31,vi,global_test,,,7,0.4666666666666667,0.5333333333333333,0,,,,,,
bayesfl_observability_v1,vi_lr0p0002_b16_e1,31,vi,global_test,,,8,0.5333333333333333,0.6,0,,,,,,
bayesfl_observability_v1,vi_lr0p0002_b16_e1,31,vi,global_test,,,9,0.6,0.6666666666666666,0,,,,,,
bayesfl_observability_v1,vi_lr0p0002_b16_e1,31,vi,global_test,,,10,0.6666666666666666,0.7333333333333333,0,,,,,,
bayesfl_observability_v1,vi_lr0p0002_b16_e1,31,vi,global_test,,,11,0.7333333333333333,0.8,0,,,,,,
bayesfl_observability_v1,vi_lr0p0002_b16_e1,31,vi,global_test,,,12,0.8,0.8666666666666667,0,,,,,,
bayesfl_observability_v1,vi_lr0p0002_b16_e1,31,vi,global_test,,,13,0.8666666666666667,0.9333333333333333,0,,,,,,
bayesfl_observability_v1,vi_lr0p0002_b16_e1,31,vi,global_test,,,14,0.9333333333333333,1.0,0,,,,,,
bayesfl_observability_v1,vi_lr0p0002_b16_e1,32,vi,global_test,,,0,0.0,0.06666666666666667,0,,,,,,
bayesfl_observability_v1,vi_lr0p0002_b16_e1,32,vi,global_test,,,1,0.06666666666666667,0.13333333333333333,430,0.1325581395348837,0.1282048099955847,0.004353329539299011,0.00018719317018985748,2.2599601850953213,0.8920163559359173
bayesfl_observability_v1,vi_lr0p0002_b16_e1,32,vi,global_test,,,2,0.13333333333333333,0.2,7559,0.16655642280724964,0.1651685800970602,0.0013878427101894353,0.001049070304632194,2.2373208397831106,0.8870637705124533
bayesfl_observability_v1,vi_lr0p0002_b16_e1,32,vi,global_test,,,3,0.2,0.26666666666666666,1830,0.20437158469945355,0.2216617259008637,0.017290141201410147,0.003164095839858057,2.2067068602218,0.879338970373237
bayesfl_observability_v1,vi_lr0p0002_b16_e1,32,vi,global_test,,,4,0.26666666666666666,0.3333333333333333,171,0.30409356725146197,0.2862898201970329,0.017803747054429053,0.0003044440746307368,2.0609741747727868,0.8430909608539782
bayesfl_observability_v1,vi_lr0p0002_b16_e1,32,vi,global_test,,,5,0.3333333333333333,0.4,10,0.3,0.3455315589904785,0.045531558990478505,4.553155899047851e-05,2.124730634689331,0.8630170285701751
bayesfl_observability_v1,vi_lr0p0002_b16_e1,32,vi,global_test,,,6,0.4,0.4666666666666667,0,,,,,,
bayesfl_observability_v1,vi_lr0p0002_b16_e1,32,vi,global_test,,,7,0.4666666666666667,0.5333333333333333,0,,,,,,
bayesfl_observability_v1,vi_lr0p0002_b16_e1,32,vi,global_test,,,8,0.5333333333333333,0.6,0,,,,,,
bayesfl_observability_v1,vi_lr0p0002_b16_e1,32,vi,global_test,,,9,0.6,0.6666666666666666,0,,,,,,
bayesfl_observability_v1,vi_lr0p0002_b16_e1,32,vi,global_test,,,10,0.6666666666666666,0.7333333333333333,0,,,,,,
bayesfl_observability_v1,vi_lr0p0002_b16_e1,32,vi,global_test,,,11,0.7333333333333333,0.8,0,,,,,,
bayesfl_observability_v1,vi_lr0p0002_b16_e1,32,vi,global_test,,,12,0.8,0.8666666666666667,0,,,,,,
bayesfl_observability_v1,vi_lr0p0002_b16_e1,32,vi,global_test,,,13,0.8666666666666667,0.9333333333333333,0,,,,,,
bayesfl_observability_v1,vi_lr0p0002_b16_e1,32,vi,global_test,,,14,0.9333333333333333,1.0,0,,,,,,
bayesfl_observability_v1,vi_lr0p0002_b16_e1,33,vi,global_test,,,0,0.0,0.06666666666666667,0,,,,,,
bayesfl_observability_v1,vi_lr0p0002_b16_e1,33,vi,global_test,,,1,0.06666666666666667,0.13333333333333333,516,0.10852713178294573,0.12782401906311974,0.019296887280174008,0.0009957193836569787,2.275300984234773,0.894954119888387
bayesfl_observability_v1,vi_lr0p0002_b16_e1,33,vi,global_test,,,2,0.13333333333333333,0.2,7607,0.17010648087288024,0.16406098648707906,0.006045494385801181,0.004598807579278959,2.2267070245974727,0.8851026894464213
bayesfl_observability_v1,vi_lr0p0002_b16_e1,33,vi,global_test,,,3,0.2,0.26666666666666666,1725,0.2144927536231884,0.2215407631880995,0.007048009564911112,0.0012157816499471668,2.192761511249819,0.8757212826480036
bayesfl_observability_v1,vi_lr0p0002_b16_e1,33,vi,global_test,,,4,0.26666666666666666,0.3333333333333333,138,0.2898550724637681,0.2858117637426957,0.004043308721072447,5.579766035079977e-05,2.1095773379007974,0.8511109948158264
bayesfl_observability_v1,vi_lr0p0002_b16_e1,33,vi,global_test,,,5,0.3333333333333333,0.4,13,0.38461538461538464,0.35189420214066136,0.032721182474723276,4.2537537217140255e-05,2.080250703371488,0.8224087609694555
bayesfl_observability_v1,vi_lr0p0002_b16_e1,33,vi,global_test,,,6,0.4,0.4666666666666667,1,0.0,0.4040347635746002,0.4040347635746002,4.040347635746002e-05,3.182706356048584,1.1251088380813599
bayesfl_observability_v1,vi_lr0p0002_b16_e1,33,vi,global_test,,,7,0.4666666666666667,0.5333333333333333,0,,,,,,
bayesfl_observability_v1,vi_lr0p0002_b16_e1,33,vi,global_test,,,8,0.5333333333333333,0.6,0,,,,,,
bayesfl_observability_v1,vi_lr0p0002_b16_e1,33,vi,global_test,,,9,0.6,0.6666666666666666,0,,,,,,
bayesfl_observability_v1,vi_lr0p0002_b16_e1,33,vi,global_test,,,10,0.6666666666666666,0.7333333333333333,0,,,,,,
bayesfl_observability_v1,vi_lr0p0002_b16_e1,33,vi,global_test,,,11,0.7333333333333333,0.8,0,,,,,,
bayesfl_observability_v1,vi_lr0p0002_b16_e1,33,vi,global_test,,,12,0.8,0.8666666666666667,0,,,,,,
bayesfl_observability_v1,vi_lr0p0002_b16_e1,33,vi,global_test,,,13,0.8666666666666667,0.9333333333333333,0,,,,,,
bayesfl_observability_v1,vi_lr0p0002_b16_e1,33,vi,global_test,,,14,0.9333333333333333,1.0,0,,,,,,
bayesfl_observability_v1,vi_lr0p0002_b16_e1,34,vi,global_test,,,0,0.0,0.06666666666666667,0,,,,,,
bayesfl_observability_v1,vi_lr0p0002_b16_e1,34,vi,global_test,,,1,0.06666666666666667,0.13333333333333333,451,0.1352549889135255,0.1278338432972817,0.007421145616243796,0.0003346936672925952,2.2687554147978317,0.8933714014992217
bayesfl_observability_v1,vi_lr0p0002_b16_e1,34,vi,global_test,,,2,0.13333333333333333,0.2,7574,0.1645101663585952,0.16509167140569603,0.0005815050471008332,0.0004404319226741711,2.2376279885075734,0.8871921185991334
bayesfl_observability_v1,vi_lr0p0002_b16_e1,34,vi,global_test,,,3,0.2,0.26666666666666666,1802,0.24528301886792453,0.2226645324656225,0.022618486402302018,0.004075851249694823,2.1628291775595465,0.8675057409076924
bayesfl_observability_v1,vi_lr0p0002_b16_e1,34,vi,global_test,,,4,0.26666666666666666,0.3333333333333333,153,0.3202614379084967,0.286913982988183,0.03334745492031371,0.0005102160602807997,2.0742770129559087,0.8419056488018409
bayesfl_observability_v1,vi_lr0p0002_b16_e1,34,vi,global_test,,,5,0.3333333333333333,0.4,17,0.4117647058823529,0.3506927490234375,0.06107195685891542,0.00010382232666015621,2.079812127001145,0.8094511978766498
bayesfl_observability_v1,vi_lr0p0002_b16_e1,34,vi,global_test,,,6,0.4,0.4666666666666667,2,1.0,0.4176056981086731,0.5823943018913269,0.00011647886037826538,0.8732899725437164,0.38216498494148254
bayesfl_observability_v1,vi_lr0p0002_b16_e1,34,vi,global_test,,,7,0.4666666666666667,0.5333333333333333,1,1.0,0.47274789214134216,0.5272521078586578,5.2725210785865786e-05,0.749193012714386,0.313474178314209
bayesfl_observability_v1,vi_lr0p0002_b16_e1,34,vi,global_test,,,8,0.5333333333333333,0.6,0,,,,,,
bayesfl_observability_v1,vi_lr0p0002_b16_e1,34,vi,global_test,,,9,0.6,0.6666666666666666,0,,,,,,
bayesfl_observability_v1,vi_lr0p0002_b16_e1,34,vi,global_test,,,10,0.6666666666666666,0.7333333333333333,0,,,,,,
bayesfl_observability_v1,vi_lr0p0002_b16_e1,34,vi,global_test,,,11,0.7333333333333333,0.8,0,,,,,,
bayesfl_observability_v1,vi_lr0p0002_b16_e1,34,vi,global_test,,,12,0.8,0.8666666666666667,0,,,,,,
bayesfl_observability_v1,vi_lr0p0002_b16_e1,34,vi,global_test,,,13,0.8666666666666667,0.9333333333333333,0,,,,,,
bayesfl_observability_v1,vi_lr0p0002_b16_e1,34,vi,global_test,,,14,0.9333333333333333,1.0,0,,,,,,
bayesfl_observability_v1,vi_lr0p0002_b16_e1,35,vi,global_test,,,0,0.0,0.06666666666666667,0,,,,,,
bayesfl_observability_v1,vi_lr0p0002_b16_e1,35,vi,global_test,,,1,0.06666666666666667,0.13333333333333333,436,0.12614678899082568,0.12819341113876312,0.002046622147937438,8.92327256500723e-05,2.2643649949939975,0.8924480631537394
bayesfl_observability_v1,vi_lr0p0002_b16_e1,35,vi,global_test,,,2,0.13333333333333333,0.2,7544,0.17112937433722164,0.16544189662420736,0.005687477713014283,0.004290633186697975,2.22763686588435,0.8851140287812416
bayesfl_observability_v1,vi_lr0p0002_b16_e1,35,vi,global_test,,,3,0.2,0.26666666666666666,1816,0.22852422907488987,0.2221857746611739,0.0063384544137159715,0.0011510633215308203,2.182334673496595,0.873345116128743
bayesfl_observability_v1,vi_lr0p0002_b16_e1,35,vi,global_test,,,4,0.26666666666666666,0.3333333333333333,184,0.25,0.2877722861974136,0.037772286197413574,0.0006950100660324097,2.179660815259685,0.868391756778178
bayesfl_observability_v1,vi_lr0p0002_b16_e1,35,vi,global_test,,,5,0.3333333333333333,0.4,18,0.3888888888888889,0.3485198948118422,0.040368994077046694,7.266418933868405e-05,1.8805841141276889,0.793671288424068
bayesfl_observability_v1,vi_lr0p0002_b16_e1,35,vi,global_test,,,6,0.4,0.4666666666666667,2,1.0,0.4187038689851761,0.5812961310148239,0.00011625922620296478,0.871250182390213,0.3819354176521301
bayesfl_observability_v1,vi_lr0p0002_b16_e1,35,vi,global_test,,,7,0.4666666666666667,0.5333333333333333,0,,,,,,
bayesfl_observability_v1,vi_lr0p0002_b16_e1,35,vi,global_test,,,8,0.5333333333333333,0.6,0,,,,,,
bayesfl_observability_v1,vi_lr0p0002_b16_e1,35,vi,global_test,,,9,0.6,0.6666666666666666,0,,,,,,
bayesfl_observability_v1,vi_lr0p0002_b16_e1,35,vi,global_test,,,10,0.6666666666666666,0.7333333333333333,0,,,,,,
bayesfl_observability_v1,vi_lr0p0002_b16_e1,35,vi,global_test,,,11,0.7333333333333333,0.8,0,,,,,,
bayesfl_observability_v1,vi_lr0p0002_b16_e1,35,vi,global_test,,,12,0.8,0.8666666666666667,0,,,,,,
bayesfl_observability_v1,vi_lr0p0002_b16_e1,35,vi,global_test,,,13,0.8666666666666667,0.9333333333333333,0,,,,,,
bayesfl_observability_v1,vi_lr0p0002_b16_e1,35,vi,global_test,,,14,0.9333333333333333,1.0,0,,,,,,
bayesfl_observability_v1,vi_lr0p0002_b16_e1,36,vi,global_test,,,0,0.0,0.06666666666666667,0,,,,,,
bayesfl_observability_v1,vi_lr0p0002_b16_e1,36,vi,global_test,,,1,0.06666666666666667,0.13333333333333333,448,0.125,0.1282875059737957,0.003287505973795707,0.00014728026762604767,2.2816116171223775,0.8958878578352076
bayesfl_observability_v1,vi_lr0p0002_b16_e1,36,vi,global_test,,,2,0.13333333333333333,0.2,7485,0.1808951235804943,0.1652931305095205,0.015601993070973819,0.011678091813623904,2.217336826413651,0.8828828975289522
bayesfl_observability_v1,vi_lr0p0002_b16_e1,36,vi,global_test,,,3,0.2,0.26666666666666666,1873,0.22370528563801387,0.22208248501274588,0.0016228006252679839,0.00030395055711269337,2.1704969745362055,0.8714136810654062
bayesfl_observability_v1,vi_lr0p0002_b16_e1,36,vi,global_test,,,4,0.26666666666666666,0.3333333333333333,180,0.2222222222222222,0.28613884382777743,0.06391662160555522,0.001150499188899994,2.1546841144561766,0.870107752415869
bayesfl_observability_v1,vi_lr0p0002_b16_e1,36,vi,global_test,,,5,0.3333333333333333,0.4,14,0.2857142857142857,0.3599804512092045,0.07426616549491882,0.00010397263169288635,2.2696235307625363,0.8845903554133007
bayesfl_observability_v1,vi_lr0p0002_b16_e1,36,vi,global_test,,,6,0.4,0.4666666666666667,0,,,,,,
bayesfl_observability_v1,vi_lr0p0002_b16_e1,36,vi,global_test,,,7,0.4666666666666667,0.5333333333333333,0,,,,,,
bayesfl_observability_v1,vi_lr0p0002_b16_e1,36,vi,global_test,,,8,0.5333333333333333,0.6,0,,,,,,
bayesfl_observability_v1,vi_lr0p0002_b16_e1,36,vi,global_test,,,9,0.6,0.6666666666666666,0,,,,,,
bayesfl_observability_v1,vi_lr0p0002_b16_e1,36,vi,global_test,,,10,0.6666666666666666,0.7333333333333333,0,,,,,,
bayesfl_observability_v1,vi_lr0p0002_b16_e1,36,vi,global_test,,,11,0.7333333333333333,0.8,0,,,,,,
bayesfl_observability_v1,vi_lr0p0002_b16_e1,36,vi,global_test,,,12,0.8,0.8666666666666667,0,,,,,,
bayesfl_observability_v1,vi_lr0p0002_b16_e1,36,vi,global_test,,,13,0.8666666666666667,0.9333333333333333,0,,,,,,
bayesfl_observability_v1,vi_lr0p0002_b16_e1,36,vi,global_test,,,14,0.9333333333333333,1.0,0,,,,,,
bayesfl_observability_v1,vi_lr0p0002_b16_e1,37,vi,global_test,,,0,0.0,0.06666666666666667,0,,,,,,
bayesfl_observability_v1,vi_lr0p0002_b16_e1,37,vi,global_test,,,1,0.06666666666666667,0.13333333333333333,465,0.11182795698924732,0.1281696427893895,0.016341685800142183,0.0007598883897066115,2.258550691604614,0.8919294686727627
bayesfl_observability_v1,vi_lr0p0002_b16_e1,37,vi,global_test,,,2,0.13333333333333333,0.2,7528,0.17229011689691817,0.1645021258589122,0.007787991038005981,0.005862799653410903,2.2173429211318556,0.8831532426360563
bayesfl_observability_v1,vi_lr0p0002_b16_e1,37,vi,global_test,,,3,0.2,0.26666666666666666,1823,0.22819528250137136,0.222590627591164,0.005604654910207368,0.0010217285901308033,2.1592825971588745,0.8689118516817893
bayesfl_observability_v1,vi_lr0p0002_b16_e1,37,vi,global_test,,,4,0.26666666666666666,0.3333333333333333,166,0.27710843373493976,0.2871520133262657,0.010043579591325957,0.00016672342121601088,2.073679673384471,0.8470865584999682
bayesfl_observability_v1,vi_lr0p0002_b16_e1,37,vi,global_test,,,5,0.3333333333333333,0.4,16,0.125,0.3458017446100712,0.22080174461007118,0.0003532827913761139,2.329160951077938,0.9390641804784536
bayesfl_observability_v1,vi_lr0p0002_b16_e1,37,vi,global_test,,,6,0.4,0.4666666666666667,2,0.5,0.42815418541431427,0.07184581458568573,1.4369162917137145e-05,1.8876889646053314,0.746204599738121
bayesfl_observability_v1,vi_lr0p0002_b16_e1,37,vi,global_test,,,7,0.4666666666666667,0.5333333333333333,0,,,,,,
bayesfl_observability_v1,vi_lr0p0002_b16_e1,37,vi,global_test,,,8,0.5333333333333333,0.6,0,,,,,,
bayesfl_observability_v1,vi_lr0p0002_b16_e1,37,vi,global_test,,,9,0.6,0.6666666666666666,0,,,,,,
bayesfl_observability_v1,vi_lr0p0002_b16_e1,37,vi,global_test,,,10,0.6666666666666666,0.7333333333333333,0,,,,,,
bayesfl_observability_v1,vi_lr0p0002_b16_e1,37,vi,global_test,,,11,0.7333333333333333,0.8,0,,,,,,
bayesfl_observability_v1,vi_lr0p0002_b16_e1,37,vi,global_test,,,12,0.8,0.8666666666666667,0,,,,,,
bayesfl_observability_v1,vi_lr0p0002_b16_e1,37,vi,global_test,,,13,0.8666666666666667,0.9333333333333333,0,,,,,,
bayesfl_observability_v1,vi_lr0p0002_b16_e1,37,vi,global_test,,,14,0.9333333333333333,1.0,0,,,,,,
bayesfl_observability_v1,vi_lr0p0002_b16_e1,38,vi,global_test,,,0,0.0,0.06666666666666667,0,,,,,,
bayesfl_observability_v1,vi_lr0p0002_b16_e1,38,vi,global_test,,,1,0.06666666666666667,0.13333333333333333,449,0.12249443207126949,0.12791732799900668,0.00542289592773719,0.00024348802715539982,2.2527555203384706,0.8907245348450336
bayesfl_observability_v1,vi_lr0p0002_b16_e1,38,vi,global_test,,,2,0.13333333333333333,0.2,7542,0.16746221161495625,0.16467303620886972,0.0027891754060865304,0.0021035960912704614,2.2144569361187743,0.8827333121867498
bayesfl_observability_v1,vi_lr0p0002_b16_e1,38,vi,global_test,,,3,0.2,0.26666666666666666,1786,0.22284434490481522,0.22297005417932989,0.00012570927451466263,2.2451676428318745e-05,2.169536209053048,0.8716156971948544
bayesfl_observability_v1,vi_lr0p0002_b16_e1,38,vi,global_test,,,4,0.26666666666666666,0.3333333333333333,206,0.3058252427184466,0.2889468879664986,0.016878354751947988,0.00034769410789012853,2.0797041313162126,0.8431986871274929
bayesfl_observability_v1,vi_lr0p0002_b16_e1,38,vi,global_test,,,5,0.3333333333333333,0.4,16,0.3125,0.3607442304491997,0.048244230449199677,7.719076871871948e-05,2.0946162045001984,0.8571818582713604
bayesfl_observability_v1,vi_lr0p0002_b16_e1,38,vi,global_test,,,6,0.4,0.4666666666666667,1,1.0,0.4148500859737396,0.5851499140262604,5.851499140262604e-05,0.8798380494117737,0.38750791549682617
bayesfl_observability_v1,vi_lr0p0002_b16_e1,38,vi,global_test,,,7,0.4666666666666667,0.5333333333333333,0,,,,,,
bayesfl_observability_v1,vi_lr0p0002_b16_e1,38,vi,global_test,,,8,0.5333333333333333,0.6,0,,,,,,
bayesfl_observability_v1,vi_lr0p0002_b16_e1,38,vi,global_test,,,9,0.6,0.6666666666666666,0,,,,,,
bayesfl_observability_v1,vi_lr0p0002_b16_e1,38,vi,global_test,,,10,0.6666666666666666,0.7333333333333333,0,,,,,,
bayesfl_observability_v1,vi_lr0p0002_b16_e1,38,vi,global_test,,,11,0.7333333333333333,0.8,0,,,,,,
bayesfl_observability_v1,vi_lr0p0002_b16_e1,38,vi,global_test,,,12,0.8,0.8666666666666667,0,,,,,,
bayesfl_observability_v1,vi_lr0p0002_b16_e1,38,vi,global_test,,,13,0.8666666666666667,0.9333333333333333,0,,,,,,
bayesfl_observability_v1,vi_lr0p0002_b16_e1,38,vi,global_test,,,14,0.9333333333333333,1.0,0,,,,,,
bayesfl_observability_v1,vi_lr0p0002_b16_e1,39,vi,global_test,,,0,0.0,0.06666666666666667,0,,,,,,
bayesfl_observability_v1,vi_lr0p0002_b16_e1,39,vi,global_test,,,1,0.06666666666666667,0.13333333333333333,400,0.105,0.12794116107746958,0.022941161077469588,0.0009176464430987835,2.257922368645668,0.8920098069310188
bayesfl_observability_v1,vi_lr0p0002_b16_e1,39,vi,global_test,,,2,0.13333333333333333,0.2,7370,0.18792401628222524,0.1657505794651958,0.022173436817029435,0.016341822934150693,2.2117445595067102,0.8817133562212236
bayesfl_observability_v1,vi_lr0p0002_b16_e1,39,vi,global_test,,,3,0.2,0.26666666666666666,1986,0.24471299093655588,0.2225508887437055,0.02216210219285039,0.004401393495500088,2.1588454214707844,0.868128699478426
bayesfl_observability_v1,vi_lr0p0002_b16_e1,39,vi,global_test,,,4,0.26666666666666666,0.3333333333333333,221,0.3212669683257919,0.2883809510938722,0.032886017231919695,0.0007267809808254252,2.0582626960935637,0.8375002642023078
bayesfl_observability_v1,vi_lr0p0002_b16_e1,39,vi,global_test,,,5,0.3333333333333333,0.4,18,0.3888888888888889,0.35233454406261444,0.036554344826274454,6.579782068729402e-05,1.9958202044169109,0.8084504389100604
bayesfl_observability_v1,vi_lr0p0002_b16_e1,39,vi,global_test,,,6,0.4,0.4666666666666667,4,0.25,0.42751283943653107,0.17751283943653107,7.100513577461242e-05,2.1037254333496094,0.8800600990653038
bayesfl_observability_v1,vi_lr0p0002_b16_e1,39,vi,global_test,,,7,0.4666666666666667,0.5333333333333333,1,1.0,0.47079023718833923,0.5292097628116608,5.292097628116608e-05,0.7533426284790039,0.32178404927253723
bayesfl_observability_v1,vi_lr0p0002_b16_e1,39,vi,global_test,,,8,0.5333333333333333,0.6,0,,,,,,
bayesfl_observability_v1,vi_lr0p0002_b16_e1,39,vi,global_test,,,9,0.6,0.6666666666666666,0,,,,,,
bayesfl_observability_v1,vi_lr0p0002_b16_e1,39,vi,global_test,,,10,0.6666666666666666,0.7333333333333333,0,,,,,,
bayesfl_observability_v1,vi_lr0p0002_b16_e1,39,vi,global_test,,,11,0.7333333333333333,0.8,0,,,,,,
bayesfl_observability_v1,vi_lr0p0002_b16_e1,39,vi,global_test,,,12,0.8,0.8666666666666667,0,,,,,,
bayesfl_observability_v1,vi_lr0p0002_b16_e1,39,vi,global_test,,,13,0.8666666666666667,0.9333333333333333,0,,,,,,
bayesfl_observability_v1,vi_lr0p0002_b16_e1,39,vi,global_test,,,14,0.9333333333333333,1.0,0,,,,,,
bayesfl_observability_v1,vi_lr0p0002_b16_e1,40,vi,global_test,,,0,0.0,0.06666666666666667,0,,,,,,
bayesfl_observability_v1,vi_lr0p0002_b16_e1,40,vi,global_test,,,1,0.06666666666666667,0.13333333333333333,422,0.13033175355450238,0.12804294389924167,0.0022888096552607096,9.658776745200195e-05,2.2610633819589117,0.8925334977877648
bayesfl_observability_v1,vi_lr0p0002_b16_e1,40,vi,global_test,,,2,0.13333333333333333,0.2,7422,0.17569388305039074,0.16509242781857794,0.0106014552318128,0.007868400073051462,2.2064246591677468,0.8808223860696203
bayesfl_observability_v1,vi_lr0p0002_b16_e1,40,vi,global_test,,,3,0.2,0.26666666666666666,1921,0.28370640291514837,0.22195136733256177,0.061755035582586604,0.011863142335414887,2.1069287535797985,0.8542264795191644
bayesfl_observability_v1,vi_lr0p0002_b16_e1,40,vi,global_test,,,4,0.26666666666666666,0.3333333333333333,211,0.3222748815165877,0.28959519377251935,0.03267968774406832,0.0006895414113998416,2.079968286916543,0.840042220190238
bayesfl_observability_v1,vi_lr0p0002_b16_e1,40,vi,global_test,,,5,0.3333333333333333,0.4,21,0.42857142857142855,0.35833960629644845,0.0702318222749801,0.00014748682677745819,2.1169609739666893,0.8136288112118131
bayesfl_observability_v1,vi_lr0p0002_b16_e1,40,vi,global_test,,,6,0.4,0.4666666666666667,3,0.6666666666666666,0.43355792760849,0.23310873905817664,6.993262171745299e-05,1.4298713008562725,0.5885916451613108
bayesfl_observability_v1,vi_lr0p0002_b16_e1,40,vi,global_test,,,7,0.4666666666666667,0.5333333333333333,0,,,,,,
bayesfl_observability_v1,vi_lr0p0002_b16_e1,40,vi,global_test,,,8,0.5333333333333333,0.6,0,,,,,,
bayesfl_observability_v1,vi_lr0p0002_b16_e1,40,vi,global_test,,,9,0.6,0.6666666666666666,0,,,,,,
bayesfl_observability_v1,vi_lr0p0002_b16_e1,40,vi,global_test,,,10,0.6666666666666666,0.7333333333333333,0,,,,,,
bayesfl_observability_v1,vi_lr0p0002_b16_e1,40,vi,global_test,,,11,0.7333333333333333,0.8,0,,,,,,
bayesfl_observability_v1,vi_lr0p0002_b16_e1,40,vi,global_test,,,12,0.8,0.8666666666666667,0,,,,,,
bayesfl_observability_v1,vi_lr0p0002_b16_e1,40,vi,global_test,,,13,0.8666666666666667,0.9333333333333333,0,,,,,,
bayesfl_observability_v1,vi_lr0p0002_b16_e1,40,vi,global_test,,,14,0.9333333333333333,1.0,0,,,,,,
bayesfl_observability_v1,vi_lr0p0002_b16_e1,41,vi,global_test,,,0,0.0,0.06666666666666667,0,,,,,,
bayesfl_observability_v1,vi_lr0p0002_b16_e1,41,vi,global_test,,,1,0.06666666666666667,0.13333333333333333,389,0.12596401028277635,0.12823616362782556,0.0022721533450492104,8.838676512241428e-05,2.2649369889482434,0.8931232537585849
bayesfl_observability_v1,vi_lr0p0002_b16_e1,41,vi,global_test,,,2,0.13333333333333333,0.2,7280,0.1739010989010989,0.16569013383116696,0.008210965069931936,0.0059775825709104495,2.209281272318337,0.8815429330281503
bayesfl_observability_v1,vi_lr0p0002_b16_e1,41,vi,global_test,,,3,0.2,0.26666666666666666,2090,0.2550239234449761,0.2223600312710949,0.03266389217388119,0.006826753464341168,2.131148762394937,0.8619283886047071
bayesfl_observability_v1,vi_lr0p0002_b16_e1,41,vi,global_test,,,4,0.26666666666666666,0.3333333333333333,219,0.3333333333333333,0.2880391113834294,0.0452942219499039,0.0009919434607028954,2.0391883681353913,0.8335667697534169
bayesfl_observability_v1,vi_lr0p0002_b16_e1,41,vi,global_test,,,5,0.3333333333333333,0.4,22,0.45454545454545453,0.3534232567657124,0.10112219777974213,0.0002224688351154327,1.7127020088109104,0.7436201044104316
bayesfl_observability_v1,vi_lr0p0002_b16_e1,41,vi,global_test,,,6,0.4,0.4666666666666667,0,,,,,,
bayesfl_observability_v1,vi_lr0p0002_b16_e1,41,vi,global_test,,,7,0.4666666666666667,0.5333333333333333,0,,,,,,
bayesfl_observability_v1,vi_lr0p0002_b16_e1,41,vi,global_test,,,8,0.5333333333333333,0.6,0,,,,,,
bayesfl_observability_v1,vi_lr0p0002_b16_e1,41,vi,global_test,,,9,0.6,0.6666666666666666,0,,,,,,
bayesfl_observability_v1,vi_lr0p0002_b16_e1,41,vi,global_test,,,10,0.6666666666666666,0.7333333333333333,0,,,,,,
bayesfl_observability_v1,vi_lr0p0002_b16_e1,41,vi,global_test,,,11,0.7333333333333333,0.8,0,,,,,,
bayesfl_observability_v1,vi_lr0p0002_b16_e1,41,vi,global_test,,,12,0.8,0.8666666666666667,0,,,,,,
bayesfl_observability_v1,vi_lr0p0002_b16_e1,41,vi,global_test,,,13,0.8666666666666667,0.9333333333333333,0,,,,,,
bayesfl_observability_v1,vi_lr0p0002_b16_e1,41,vi,global_test,,,14,0.9333333333333333,1.0,0,,,,,,
bayesfl_observability_v1,vi_lr0p0002_b16_e1,42,vi,global_test,,,0,0.0,0.06666666666666667,0,,,,,,
bayesfl_observability_v1,vi_lr0p0002_b16_e1,42,vi,global_test,,,1,0.06666666666666667,0.13333333333333333,365,0.12054794520547946,0.1286430879814984,0.008095142776018943,0.00029547271132469144,2.2731059485918856,0.8940033987776874
bayesfl_observability_v1,vi_lr0p0002_b16_e1,42,vi,global_test,,,2,0.13333333333333333,0.2,7424,0.19019396551724138,0.1661477083709605,0.02404625714628089,0.017851941305398935,2.203629267851597,0.8799215574379496
bayesfl_observability_v1,vi_lr0p0002_b16_e1,42,vi,global_test,,,3,0.2,0.26666666666666666,1997,0.2824236354531798,0.22256631085170647,0.059857324601473305,0.011953507722914218,2.0854867330836724,0.8504188483096864
bayesfl_observability_v1,vi_lr0p0002_b16_e1,42,vi,global_test,,,4,0.26666666666666666,0.3333333333333333,195,0.3128205128205128,0.2882724026838938,0.024548110136619006,0.0004786881476640706,2.076121380390265,0.8394803438431178
bayesfl_observability_v1,vi_lr0p0002_b16_e1,42,vi,global_test,,,5,0.3333333333333333,0.4,18,0.6111111111111112,0.3543756968445248,0.25673541426658636,0.0004621237456798554,1.6229664186636608,0.6871721827321582
bayesfl_observability_v1,vi_lr0p0002_b16_e1,42,vi,global_test,,,6,0.4,0.4666666666666667,1,1.0,0.4213797152042389,0.5786202847957611,5.786202847957611e-05,0.864220917224884,0.37759929895401
bayesfl_observability_v1,vi_lr0p0002_b16_e1,42,vi,global_test,,,7,0.4666666666666667,0.5333333333333333,0,,,,,,
bayesfl_observability_v1,vi_lr0p0002_b16_e1,42,vi,global_test,,,8,0.5333333333333333,0.6,0,,,,,,
bayesfl_observability_v1,vi_lr0p0002_b16_e1,42,vi,global_test,,,9,0.6,0.6666666666666666,0,,,,,,
bayesfl_observability_v1,vi_lr0p0002_b16_e1,42,vi,global_test,,,10,0.6666666666666666,0.7333333333333333,0,,,,,,
bayesfl_observability_v1,vi_lr0p0002_b16_e1,42,vi,global_test,,,11,0.7333333333333333,0.8,0,,,,,,
bayesfl_observability_v1,vi_lr0p0002_b16_e1,42,vi,global_test,,,12,0.8,0.8666666666666667,0,,,,,,
bayesfl_observability_v1,vi_lr0p0002_b16_e1,42,vi,global_test,,,13,0.8666666666666667,0.9333333333333333,0,,,,,,
bayesfl_observability_v1,vi_lr0p0002_b16_e1,42,vi,global_test,,,14,0.9333333333333333,1.0,0,,,,,,
bayesfl_observability_v1,vi_lr0p0002_b16_e1,43,vi,global_test,,,0,0.0,0.06666666666666667,0,,,,,,
bayesfl_observability_v1,vi_lr0p0002_b16_e1,43,vi,global_test,,,1,0.06666666666666667,0.13333333333333333,433,0.14780600461893764,0.12824683990888727,0.01955916471005037,0.000846911831945181,2.261867712606734,0.8922725692907602
bayesfl_observability_v1,vi_lr0p0002_b16_e1,43,vi,global_test,,,2,0.13333333333333333,0.2,7284,0.19384953322350357,0.1656384825346432,0.028211050688860373,0.020548929321765896,2.203258250258507,0.8798935322693453
bayesfl_observability_v1,vi_lr0p0002_b16_e1,43,vi,global_test,,,3,0.2,0.26666666666666666,2017,0.25632126921170056,0.22257753408037914,0.03374373513132142,0.006806111375987531,2.117401965904425,0.8581713187735921
bayesfl_observability_v1,vi_lr0p0002_b16_e1,43,vi,global_test,,,4,0.26666666666666666,0.3333333333333333,244,0.3237704918032787,0.2867583424830046,0.037012149320274135,0.0009030964434146888,2.0280645836572178,0.8292771616920096
bayesfl_observability_v1,vi_lr0p0002_b16_e1,43,vi,global_test,,,5,0.3333333333333333,0.4,19,0.3684210526315789,0.35791143931840597,0.01050961331317296,1.9968265295028627e-05,2.0247169325226233,0.8119838661269138
bayesfl_observability_v1,vi_lr0p0002_b16_e1,43,vi,global_test,,,6,0.4,0.4666666666666667,3,0.3333333333333333,0.4195443391799927,0.08621100584665936,2.586330175399781e-05,2.0984543363253274,0.8494532306989034
bayesfl_observability_v1,vi_lr0p0002_b16_e1,43,vi,global_test,,,7,0.4666666666666667,0.5333333333333333,0,,,,,,
bayesfl_observability_v1,vi_lr0p0002_b16_e1,43,vi,global_test,,,8,0.5333333333333333,0.6,0,,,,,,
bayesfl_observability_v1,vi_lr0p0002_b16_e1,43,vi,global_test,,,9,0.6,0.6666666666666666,0,,,,,,
bayesfl_observability_v1,vi_lr0p0002_b16_e1,43,vi,global_test,,,10,0.6666666666666666,0.7333333333333333,0,,,,,,
bayesfl_observability_v1,vi_lr0p0002_b16_e1,43,vi,global_test,,,11,0.7333333333333333,0.8,0,,,,,,
bayesfl_observability_v1,vi_lr0p0002_b16_e1,43,vi,global_test,,,12,0.8,0.8666666666666667,0,,,,,,
bayesfl_observability_v1,vi_lr0p0002_b16_e1,43,vi,global_test,,,13,0.8666666666666667,0.9333333333333333,0,,,,,,
bayesfl_observability_v1,vi_lr0p0002_b16_e1,43,vi,global_test,,,14,0.9333333333333333,1.0,0,,,,,,
bayesfl_observability_v1,vi_lr0p0002_b16_e1,44,vi,global_test,,,0,0.0,0.06666666666666667,0,,,,,,
bayesfl_observability_v1,vi_lr0p0002_b16_e1,44,vi,global_test,,,1,0.06666666666666667,0.13333333333333333,408,0.18137254901960784,0.1279252378598732,0.05344731115973464,0.002180650295317173,2.2388159685275135,0.8881023220863997
bayesfl_observability_v1,vi_lr0p0002_b16_e1,44,vi,global_test,,,2,0.13333333333333333,0.2,7417,0.2057435620870972,0.1654332194894701,0.040310342597627113,0.02989818110466003,2.1826865363509986,0.8755622407376517
bayesfl_observability_v1,vi_lr0p0002_b16_e1,44,vi,global_test,,,3,0.2,0.26666666666666666,1950,0.27589743589743587,0.22266743385638946,0.053230002041046415,0.010379850398004051,2.1099348954054027,0.8552573287792695
bayesfl_observability_v1,vi_lr0p0002_b16_e1,44,vi,global_test,,,4,0.26666666666666666,0.3333333333333333,211,0.3412322274881517,0.2871888935283462,0.054043333959805484,0.0011403143465518956,2.0038846742485372,0.8246378353421722
bayesfl_observability_v1,vi_lr0p0002_b16_e1,44,vi,global_test,,,5,0.3333333333333333,0.4,12,0.5,0.35192129760980606,0.14807870239019394,0.00017769444286823272,1.7936631937821705,0.7428416659434637
bayesfl_observability_v1,vi_lr0p0002_b16_e1,44,vi,global_test,,,6,0.4,0.4666666666666667,1,1.0,0.4010757505893707,0.5989242494106293,5.989242494106293e-05,0.9136049747467041,0.4062249958515167
bayesfl_observability_v1,vi_lr0p0002_b16_e1,44,vi,global_test,,,7,0.4666666666666667,0.5333333333333333,0,,,,,,
bayesfl_observability_v1,vi_lr0p0002_b16_e1,44,vi,global_test,,,8,0.5333333333333333,0.6,1,0.0,0.5460878014564514,0.5460878014564514,5.4608780145645143e-05,2.960144519805908,1.2271182537078857
bayesfl_observability_v1,vi_lr0p0002_b16_e1,44,vi,global_test,,,9,0.6,0.6666666666666666,0,,,,,,
bayesfl_observability_v1,vi_lr0p0002_b16_e1,44,vi,global_test,,,10,0.6666666666666666,0.7333333333333333,0,,,,,,
bayesfl_observability_v1,vi_lr0p0002_b16_e1,44,vi,global_test,,,11,0.7333333333333333,0.8,0,,,,,,
bayesfl_observability_v1,vi_lr0p0002_b16_e1,44,vi,global_test,,,12,0.8,0.8666666666666667,0,,,,,,
bayesfl_observability_v1,vi_lr0p0002_b16_e1,44,vi,global_test,,,13,0.8666666666666667,0.9333333333333333,0,,,,,,
bayesfl_observability_v1,vi_lr0p0002_b16_e1,44,vi,global_test,,,14,0.9333333333333333,1.0,0,,,,,,
bayesfl_observability_v1,vi_lr0p0002_b16_e1,45,vi,global_test,,,0,0.0,0.06666666666666667,0,,,,,,
bayesfl_observability_v1,vi_lr0p0002_b16_e1,45,vi,global_test,,,1,0.06666666666666667,0.13333333333333333,493,0.11764705882352941,0.1276766621256455,0.01002960330211608,0.0004944594427943227,2.278819277126939,0.895793768503603
bayesfl_observability_v1,vi_lr0p0002_b16_e1,45,vi,global_test,,,2,0.13333333333333333,0.2,7423,0.20611612555570524,0.16509687605049353,0.04101924950521171,0.030448588907718652,2.18282049890318,0.8756321014844711
bayesfl_observability_v1,vi_lr0p0002_b16_e1,45,vi,global_test,,,3,0.2,0.26666666666666666,1861,0.26544868350349277,0.22214726620883726,0.0433014172946555,0.00805839375853539,2.1117565458913696,0.8564877394768963
bayesfl_observability_v1,vi_lr0p0002_b16_e1,45,vi,global_test,,,4,0.26666666666666666,0.3333333333333333,205,0.3853658536585366,0.28686682102156846,0.09849903263696813,0.0020192301690578466,1.94787899284828,0.803263987564459
bayesfl_observability_v1,vi_lr0p0002_b16_e1,45,vi,global_test,,,5,0.3333333333333333,0.4,17,0.5294117647058824,0.3527483887532178,0.17666337595266457,0.00030032773911952977,1.8916864114649155,0.7404203607755548
bayesfl_observability_v1,vi_lr0p0002_b16_e1,45,vi,global_test,,,6,0.4,0.4666666666666667,1,0.0,0.41172584891319275,0.41172584891319275,4.1172584891319274e-05,2.257207155227661,1.0017967224121094
bayesfl_observability_v1,vi_lr0p0002_b16_e1,45,vi,global_test,,,7,0.4666666666666667,0.5333333333333333,0,,,,,,
bayesfl_observability_v1,vi_lr0p0002_b16_e1,45,vi,global_test,,,8,0.5333333333333333,0.6,0,,,,,,
bayesfl_observability_v1,vi_lr0p0002_b16_e1,45,vi,global_test,,,9,0.6,0.6666666666666666,0,,,,,,
bayesfl_observability_v1,vi_lr0p0002_b16_e1,45,vi,global_test,,,10,0.6666666666666666,0.7333333333333333,0,,,,,,
bayesfl_observability_v1,vi_lr0p0002_b16_e1,45,vi,global_test,,,11,0.7333333333333333,0.8,0,,,,,,
bayesfl_observability_v1,vi_lr0p0002_b16_e1,45,vi,global_test,,,12,0.8,0.8666666666666667,0,,,,,,
bayesfl_observability_v1,vi_lr0p0002_b16_e1,45,vi,global_test,,,13,0.8666666666666667,0.9333333333333333,0,,,,,,
bayesfl_observability_v1,vi_lr0p0002_b16_e1,45,vi,global_test,,,14,0.9333333333333333,1.0,0,,,,,,
bayesfl_observability_v1,vi_lr0p0002_b16_e1,46,vi,global_test,,,0,0.0,0.06666666666666667,0,,,,,,
bayesfl_observability_v1,vi_lr0p0002_b16_e1,46,vi,global_test,,,1,0.06666666666666667,0.13333333333333333,372,0.12903225806451613,0.12803344230257696,0.0009988157619391647,3.7155946344136924e-05,2.262250442658701,0.8926387560623948
bayesfl_observability_v1,vi_lr0p0002_b16_e1,46,vi,global_test,,,2,0.13333333333333333,0.2,7184,0.1830456570155902,0.166381794913674,0.0166638621019162,0.011971318534016598,2.1984135468048613,0.8796404617234965
bayesfl_observability_v1,vi_lr0p0002_b16_e1,46,vi,global_test,,,3,0.2,0.26666666666666666,2089,0.2742939205361417,0.2239554602743736,0.05033846026176811,0.010515704348683357,2.10133071736664,0.8545565081589983
bayesfl_observability_v1,vi_lr0p0002_b16_e1,46,vi,global_test,,,4,0.26666666666666666,0.3333333333333333,310,0.2838709677419355,0.2895771365011892,0.005706168759253727,0.00017689123153686554,2.06232152715806,0.8418612791645912
bayesfl_observability_v1,vi_lr0p0002_b16_e1,46,vi,global_test,,,5,0.3333333333333333,0.4,39,0.3076923076923077,0.35562209899608904,0.04792979130378133,0.0001869261860847472,2.032672182107583,0.8453865005419805
bayesfl_observability_v1,vi_lr0p0002_b16_e1,46,vi,global_test,,,6,0.4,0.4666666666666667,6,0.3333333333333333,0.4130672911802928,0.07973395784695947,4.7840374708175684e-05,2.1407403151194253,0.8553546766440073
bayesfl_observability_v1,vi_lr0p0002_b16_e1,46,vi,global_test,,,7,0.4666666666666667,0.5333333333333333,0,,,,,,
bayesfl_observability_v1,vi_lr0p0002_b16_e1,46,vi,global_test,,,8,0.5333333333333333,0.6,0,,,,,,
bayesfl_observability_v1,vi_lr0p0002_b16_e1,46,vi,global_test,,,9,0.6,0.6666666666666666,0,,,,,,
bayesfl_observability_v1,vi_lr0p0002_b16_e1,46,vi,global_test,,,10,0.6666666666666666,0.7333333333333333,0,,,,,,
bayesfl_observability_v1,vi_lr0p0002_b16_e1,46,vi,global_test,,,11,0.7333333333333333,0.8,0,,,,,,
bayesfl_observability_v1,vi_lr0p0002_b16_e1,46,vi,global_test,,,12,0.8,0.8666666666666667,0,,,,,,
bayesfl_observability_v1,vi_lr0p0002_b16_e1,46,vi,global_test,,,13,0.8666666666666667,0.9333333333333333,0,,,,,,
bayesfl_observability_v1,vi_lr0p0002_b16_e1,46,vi,global_test,,,14,0.9333333333333333,1.0,0,,,,,,
bayesfl_observability_v1,vi_lr0p0002_b16_e1,47,vi,global_test,,,0,0.0,0.06666666666666667,0,,,,,,
bayesfl_observability_v1,vi_lr0p0002_b16_e1,47,vi,global_test,,,1,0.06666666666666667,0.13333333333333333,379,0.1503957783641161,0.12783678613190286,0.02255899223221325,0.0008549858056008821,2.250481109820444,0.8897011622904473
bayesfl_observability_v1,vi_lr0p0002_b16_e1,47,vi,global_test,,,2,0.13333333333333333,0.2,7004,0.19731581953169616,0.16670216850591754,0.03061365102577862,0.021441801178455348,2.187814202123475,0.8769028580985295
bayesfl_observability_v1,vi_lr0p0002_b16_e1,47,vi,global_test,,,3,0.2,0.26666666666666666,2194,0.26207839562443025,0.22423296008146992,0.037845435542960326,0.008303288558125496,2.104351471963533,0.8553294797539167
bayesfl_observability_v1,vi_lr0p0002_b16_e1,47,vi,global_test,,,4,0.26666666666666666,0.3333333333333333,357,0.3165266106442577,0.28987893228437384,0.026647678359883853,0.0009513221174478536,2.024203884501417,0.8321112698199702
bayesfl_observability_v1,vi_lr0p0002_b16_e1,47,vi,global_test,,,5,0.3333333333333333,0.4,56,0.35714285714285715,0.3602226653269359,0.0030798081840787694,1.724692583084111e-05,1.919276895267623,0.8054479977914265
bayesfl_observability_v1,vi_lr0p0002_b16_e1,47,vi,global_test,,,6,0.4,0.4666666666666667,10,0.3,0.410818949341774,0.110818949341774,0.00011081894934177398,1.8422530174255372,0.8082862764596939
bayesfl_observability_v1,vi_lr0p0002_b16_e1,47,vi,global_test,,,7,0.4666666666666667,0.5333333333333333,0,,,,,,
bayesfl_observability_v1,vi_lr0p0002_b16_e1,47,vi,global_test,,,8,0.5333333333333333,0.6,0,,,,,,
bayesfl_observability_v1,vi_lr0p0002_b16_e1,47,vi,global_test,,,9,0.6,0.6666666666666666,0,,,,,,
bayesfl_observability_v1,vi_lr0p0002_b16_e1,47,vi,global_test,,,10,0.6666666666666666,0.7333333333333333,0,,,,,,
bayesfl_observability_v1,vi_lr0p0002_b16_e1,47,vi,global_test,,,11,0.7333333333333333,0.8,0,,,,,,
bayesfl_observability_v1,vi_lr0p0002_b16_e1,47,vi,global_test,,,12,0.8,0.8666666666666667,0,,,,,,
bayesfl_observability_v1,vi_lr0p0002_b16_e1,47,vi,global_test,,,13,0.8666666666666667,0.9333333333333333,0,,,,,,
bayesfl_observability_v1,vi_lr0p0002_b16_e1,47,vi,global_test,,,14,0.9333333333333333,1.0,0,,,,,,
bayesfl_observability_v1,vi_lr0p0002_b16_e1,48,vi,global_test,,,0,0.0,0.06666666666666667,0,,,,,,
bayesfl_observability_v1,vi_lr0p0002_b16_e1,48,vi,global_test,,,1,0.06666666666666667,0.13333333333333333,415,0.17349397590361446,0.12802622418805779,0.04546775171555667,0.0018869116961956016,2.236087886396661,0.8873771275382444
bayesfl_observability_v1,vi_lr0p0002_b16_e1,48,vi,global_test,,,2,0.13333333333333333,0.2,7015,0.19900213827512472,0.1664327065263233,0.03256943174880142,0.022847456371784196,2.181439076027357,0.8757156699024943
bayesfl_observability_v1,vi_lr0p0002_b16_e1,48,vi,global_test,,,3,0.2,0.26666666666666666,2186,0.2790484903934126,0.2233647054226597,0.05568378497075291,0.012172475394606586,2.0806560189704335,0.8502644886691311
bayesfl_observability_v1,vi_lr0p0002_b16_e1,48,vi,global_test,,,4,0.26666666666666666,0.3333333333333333,320,0.3625,0.2909462765790522,0.07155372342094779,0.0022897191494703293,1.9440391663461924,0.8106357384473085
bayesfl_observability_v1,vi_lr0p0002_b16_e1,48,vi,global_test,,,5,0.3333333333333333,0.4,56,0.4642857142857143,0.35764324345758985,0.10664247082812445,0.000597197836637497,1.8722768830401557,0.7686541586049965
bayesfl_observability_v1,vi_lr0p0002_b16_e1,48,vi,global_test,,,6,0.4,0.4666666666666667,8,0.625,0.4180871732532978,0.2069128267467022,0.00016553026139736176,1.6542996019124985,0.6576103568077087
bayesfl_observability_v1,vi_lr0p0002_b16_e1,48,vi,global_test,,,7,0.4666666666666667,0.5333333333333333,0,,,,,,
bayesfl_observability_v1,vi_lr0p0002_b16_e1,48,vi,global_test,,,8,0.5333333333333333,0.6,0,,,,,,
bayesfl_observability_v1,vi_lr0p0002_b16_e1,48,vi,global_test,,,9,0.6,0.6666666666666666,0,,,,,,
bayesfl_observability_v1,vi_lr0p0002_b16_e1,48,vi,global_test,,,10,0.6666666666666666,0.7333333333333333,0,,,,,,
bayesfl_observability_v1,vi_lr0p0002_b16_e1,48,vi,global_test,,,11,0.7333333333333333,0.8,0,,,,,,
bayesfl_observability_v1,vi_lr0p0002_b16_e1,48,vi,global_test,,,12,0.8,0.8666666666666667,0,,,,,,
bayesfl_observability_v1,vi_lr0p0002_b16_e1,48,vi,global_test,,,13,0.8666666666666667,0.9333333333333333,0,,,,,,
bayesfl_observability_v1,vi_lr0p0002_b16_e1,48,vi,global_test,,,14,0.9333333333333333,1.0,0,,,,,,
bayesfl_observability_v1,vi_lr0p0002_b16_e1,49,vi,global_test,,,0,0.0,0.06666666666666667,0,,,,,,
bayesfl_observability_v1,vi_lr0p0002_b16_e1,49,vi,global_test,,,1,0.06666666666666667,0.13333333333333333,402,0.15422885572139303,0.12817465289685856,0.026054202824534467,0.0010473789535462856,2.248807334188205,0.8900503032836155
bayesfl_observability_v1,vi_lr0p0002_b16_e1,49,vi,global_test,,,2,0.13333333333333333,0.2,7209,0.20183104452767375,0.16618830467877763,0.03564273984889613,0.025694851157069216,2.1791590792343345,0.8749914485235157
bayesfl_observability_v1,vi_lr0p0002_b16_e1,49,vi,global_test,,,3,0.2,0.26666666666666666,2054,0.2711781888997079,0.223339889006292,0.0478382998934159,0.009825986798107625,2.090603438649461,0.8518778987323181
bayesfl_observability_v1,vi_lr0p0002_b16_e1,49,vi,global_test,,,4,0.26666666666666666,0.3333333333333333,306,0.3235294117647059,0.289217024944187,0.0343123868205189,0.0010499590367078785,1.9857758318676668,0.824031805096109
bayesfl_observability_v1,vi_lr0p0002_b16_e1,49,vi,global_test,,,5,0.3333333333333333,0.4,22,0.5,0.3598062328316949,0.14019376716830512,0.00030842628777027125,1.8092902384021066,0.7424325536597859
bayesfl_observability_v1,vi_lr0p0002_b16_e1,49,vi,global_test,,,6,0.4,0.4666666666666667,5,0.2,0.43155419230461123,0.23155419230461122,0.0001157770961523056,2.49059522151947,0.9702854990959168
bayesfl_observability_v1,vi_lr0p0002_b16_e1,49,vi,global_test,,,7,0.4666666666666667,0.5333333333333333,2,0.5,0.47780437767505646,0.022195622324943542,4.439124464988709e-06,1.1781827211380005,0.5954846888780594
bayesfl_observability_v1,vi_lr0p0002_b16_e1,49,vi,global_test,,,8,0.5333333333333333,0.6,0,,,,,,
bayesfl_observability_v1,vi_lr0p0002_b16_e1,49,vi,global_test,,,9,0.6,0.6666666666666666,0,,,,,,
bayesfl_observability_v1,vi_lr0p0002_b16_e1,49,vi,global_test,,,10,0.6666666666666666,0.7333333333333333,0,,,,,,
bayesfl_observability_v1,vi_lr0p0002_b16_e1,49,vi,global_test,,,11,0.7333333333333333,0.8,0,,,,,,
bayesfl_observability_v1,vi_lr0p0002_b16_e1,49,vi,global_test,,,12,0.8,0.8666666666666667,0,,,,,,
bayesfl_observability_v1,vi_lr0p0002_b16_e1,49,vi,global_test,,,13,0.8666666666666667,0.9333333333333333,0,,,,,,
bayesfl_observability_v1,vi_lr0p0002_b16_e1,49,vi,global_test,,,14,0.9333333333333333,1.0,0,,,,,,
bayesfl_observability_v1,vi_lr0p0002_b16_e1,50,vi,global_test,,,0,0.0,0.06666666666666667,0,,,,,,
bayesfl_observability_v1,vi_lr0p0002_b16_e1,50,vi,global_test,,,1,0.06666666666666667,0.13333333333333333,463,0.1771058315334773,0.12740381568927744,0.049702015844199865,0.0023012033335864535,2.2350636434864017,0.887020656923496
bayesfl_observability_v1,vi_lr0p0002_b16_e1,50,vi,global_test,,,2,0.13333333333333333,0.2,7145,0.20251924422673198,0.1660215413678852,0.03649770285884679,0.026077608692646033,2.1691092292940475,0.8728913064266602
bayesfl_observability_v1,vi_lr0p0002_b16_e1,50,vi,global_test,,,3,0.2,0.26666666666666666,2096,0.26240458015267176,0.22385301545461397,0.03855156469805779,0.008080407960712913,2.0961334090537695,0.8539175893684835
bayesfl_observability_v1,vi_lr0p0002_b16_e1,50,vi,global_test,,,4,0.26666666666666666,0.3333333333333333,259,0.3552123552123552,0.29046503698963916,0.06474731822271607,0.001676955541968346,1.9858495112091419,0.8157676759833995
bayesfl_observability_v1,vi_lr0p0002_b16_e1,50,vi,global_test,,,5,0.3333333333333333,0.4,34,0.29411764705882354,0.35414408059681163,0.06002643353798809,0.0002040898740291595,1.9888222936321707,0.8369816997471977
bayesfl_observability_v1,vi_lr0p0002_b16_e1,50,vi,global_test,,,6,0.4,0.4666666666666667,3,0.3333333333333333,0.4163538118203481,0.08302047848701477,2.490614354610443e-05,2.1753772298494973,0.8614526093006134
bayesfl_observability_v1,vi_lr0p0002_b16_e1,50,vi,global_test,,,7,0.4666666666666667,0.5333333333333333,0,,,,,,
bayesfl_observability_v1,vi_lr0p0002_b16_e1,50,vi,global_test,,,8,0.5333333333333333,0.6,0,,,,,,
bayesfl_observability_v1,vi_lr0p0002_b16_e1,50,vi,global_test,,,9,0.6,0.6666666666666666,0,,,,,,
bayesfl_observability_v1,vi_lr0p0002_b16_e1,50,vi,global_test,,,10,0.6666666666666666,0.7333333333333333,0,,,,,,
bayesfl_observability_v1,vi_lr0p0002_b16_e1,50,vi,global_test,,,11,0.7333333333333333,0.8,0,,,,,,
bayesfl_observability_v1,vi_lr0p0002_b16_e1,50,vi,global_test,,,12,0.8,0.8666666666666667,0,,,,,,
bayesfl_observability_v1,vi_lr0p0002_b16_e1,50,vi,global_test,,,13,0.8666666666666667,0.9333333333333333,0,,,,,,
bayesfl_observability_v1,vi_lr0p0002_b16_e1,50,vi,global_test,,,14,0.9333333333333333,1.0,0,,,,,,
bayesfl_observability_v1,vi_lr0p0002_b16_e1,51,vi,global_test,,,0,0.0,0.06666666666666667,0,,,,,,
bayesfl_observability_v1,vi_lr0p0002_b16_e1,51,vi,global_test,,,1,0.06666666666666667,0.13333333333333333,418,0.14114832535885166,0.1278922863696751,0.013256038989176572,0.0005541024297475807,2.2439578269657336,0.8889241995708794
bayesfl_observability_v1,vi_lr0p0002_b16_e1,51,vi,global_test,,,2,0.13333333333333333,0.2,7227,0.20769337207693372,0.1656264749258835,0.04206689715105022,0.030401746571063995,2.162814775310942,0.8719335059926967
bayesfl_observability_v1,vi_lr0p0002_b16_e1,51,vi,global_test,,,3,0.2,0.26666666666666666,2071,0.27571221632061804,0.2228050563630132,0.05290715995760484,0.010957072827219961,2.069445520481126,0.8482865436476593
bayesfl_observability_v1,vi_lr0p0002_b16_e1,51,vi,global_test,,,4,0.26666666666666666,0.3333333333333333,259,0.3590733590733591,0.28717080149871504,0.07190255757464403,0.0018622762411832805,1.9406821087980823,0.8091123606937732
bayesfl_observability_v1,vi_lr0p0002_b16_e1,51,vi,global_test,,,5,0.3333333333333333,0.4,21,0.47619047619047616,0.34873188109624953,0.12745859509422663,0.00026766304969787593,1.7940303768430437,0.7475903431574503
bayesfl_observability_v1,vi_lr0p0002_b16_e1,51,vi,global_test,,,6,0.4,0.4666666666666667,3,0.6666666666666666,0.41035230954488117,0.25631435712178546,7.689430713653565e-05,1.350200633207957,0.5998561282952627
bayesfl_observability_v1,vi_lr0p0002_b16_e1,51,vi,global_test,,,7,0.4666666666666667,0.5333333333333333,1,0.0,0.4726577699184418,0.4726577699184418,4.726577699184418e-05,2.394834518432617,1.076503038406372
bayesfl_observability_v1,vi_lr0p0002_b16_e1,51,vi,global_test,,,8,0.5333333333333333,0.6,0,,,,,,
bayesfl_observability_v1,vi_lr0p0002_b16_e1,51,vi,global_test,,,9,0.6,0.6666666666666666,0,,,,,,
bayesfl_observability_v1,vi_lr0p0002_b16_e1,51,vi,global_test,,,10,0.6666666666666666,0.7333333333333333,0,,,,,,
bayesfl_observability_v1,vi_lr0p0002_b16_e1,51,vi,global_test,,,11,0.7333333333333333,0.8,0,,,,,,
bayesfl_observability_v1,vi_lr0p0002_b16_e1,51,vi,global_test,,,12,0.8,0.8666666666666667,0,,,,,,
bayesfl_observability_v1,vi_lr0p0002_b16_e1,51,vi,global_test,,,13,0.8666666666666667,0.9333333333333333,0,,,,,,
bayesfl_observability_v1,vi_lr0p0002_b16_e1,51,vi,global_test,,,14,0.9333333333333333,1.0,0,,,,,,
bayesfl_observability_v1,vi_lr0p0002_b16_e1,52,vi,global_test,,,0,0.0,0.06666666666666667,0,,,,,,
bayesfl_observability_v1,vi_lr0p0002_b16_e1,52,vi,global_test,,,1,0.06666666666666667,0.13333333333333333,348,0.15517241379310345,0.12814257777799135,0.027029836015112108,0.0009406382933259014,2.255100824367041,0.8910800480637057
bayesfl_observability_v1,vi_lr0p0002_b16_e1,52,vi,global_test,,,2,0.13333333333333333,0.2,6975,0.19985663082437277,0.16649283943424087,0.0333637913901319,0.023271244494617004,2.1780658377370528,0.8749840371668552
bayesfl_observability_v1,vi_lr0p0002_b16_e1,52,vi,global_test,,,3,0.2,0.26666666666666666,2273,0.28684557853057635,0.22386643061069367,0.06297914791988268,0.014315160322189335,2.081056400169846,0.8488555459581804
bayesfl_observability_v1,vi_lr0p0002_b16_e1,52,vi,global_test,,,4,0.26666666666666666,0.3333333333333333,362,0.3701657458563536,0.2884044741069414,0.08176127174941217,0.0029597580373287202,1.9590521899376125,0.8081865758527049
bayesfl_observability_v1,vi_lr0p0002_b16_e1,52,vi,global_test,,,5,0.3333333333333333,0.4,39,0.3076923076923077,0.3575144318433908,0.049822124151083114,0.00019430628418922415,2.000576615333557,0.8363667764724829
bayesfl_observability_v1,vi_lr0p0002_b16_e1,52,vi,global_test,,,6,0.4,0.4666666666666667,2,0.5,0.4255073517560959,0.07449264824390411,1.4898529648780823e-05,1.5883956849575043,0.7038580626249313
bayesfl_observability_v1,vi_lr0p0002_b16_e1,52,vi,global_test,,,7,0.4666666666666667,0.5333333333333333,1,1.0,0.4726742208003998,0.5273257791996002,5.2732577919960025e-05,0.7493488788604736,0.31527718901634216
bayesfl_observability_v1,vi_lr0p0002_b16_e1,52,vi,global_test,,,8,0.5333333333333333,0.6,0,,,,,,
bayesfl_observability_v1,vi_lr0p0002_b16_e1,52,vi,global_test,,,9,0.6,0.6666666666666666,0,,,,,,
bayesfl_observability_v1,vi_lr0p0002_b16_e1,52,vi,global_test,,,10,0.6666666666666666,0.7333333333333333,0,,,,,,
bayesfl_observability_v1,vi_lr0p0002_b16_e1,52,vi,global_test,,,11,0.7333333333333333,0.8,0,,,,,,
bayesfl_observability_v1,vi_lr0p0002_b16_e1,52,vi,global_test,,,12,0.8,0.8666666666666667,0,,,,,,
bayesfl_observability_v1,vi_lr0p0002_b16_e1,52,vi,global_test,,,13,0.8666666666666667,0.9333333333333333,0,,,,,,
bayesfl_observability_v1,vi_lr0p0002_b16_e1,52,vi,global_test,,,14,0.9333333333333333,1.0,0,,,,,,
bayesfl_observability_v1,vi_lr0p0002_b16_e1,53,vi,global_test,,,0,0.0,0.06666666666666667,0,,,,,,
bayesfl_observability_v1,vi_lr0p0002_b16_e1,53,vi,global_test,,,1,0.06666666666666667,0.13333333333333333,349,0.1346704871060172,0.12801835782036058,0.006652129285656616,0.00023215931206941592,2.243062953211175,0.8892298511584372
bayesfl_observability_v1,vi_lr0p0002_b16_e1,53,vi,global_test,,,2,0.13333333333333333,0.2,6990,0.20214592274678111,0.16629738812368144,0.03584853462309967,0.02505812570154667,2.171434442713878,0.8735135276941782
bayesfl_observability_v1,vi_lr0p0002_b16_e1,53,vi,global_test,,,3,0.2,0.26666666666666666,2296,0.29573170731707316,0.22321582640738646,0.07251588090968669,0.016649646256864065,2.0709376917691182,0.8464515030332144
bayesfl_observability_v1,vi_lr0p0002_b16_e1,53,vi,global_test,,,4,0.26666666666666666,0.3333333333333333,323,0.3746130030959752,0.2900736477721955,0.08453935532377971,0.0027306211769580844,1.9029450973859143,0.796337551745837
bayesfl_observability_v1,vi_lr0p0002_b16_e1,53,vi,global_test,,,5,0.3333333333333333,0.4,40,0.4,0.35539944395422934,0.04460055604577068,0.00017840222418308272,1.8773417964577674,0.7835073493421078
bayesfl_observability_v1,vi_lr0p0002_b16_e1,53,vi,global_test,,,6,0.4,0.4666666666666667,2,0.5,0.424105241894722,0.07589475810527802,1.5178951621055603e-05,1.5954909324645996,0.7007641494274139
bayesfl_observability_v1,vi_lr0p0002_b16_e1,53,vi,global_test,,,7,0.4666666666666667,0.5333333333333333,0,,,,,,
bayesfl_observability_v1,vi_lr0p0002_b16_e1,53,vi,global_test,,,8,0.5333333333333333,0.6,0,,,,,,
bayesfl_observability_v1,vi_lr0p0002_b16_e1,53,vi,global_test,,,9,0.6,0.6666666666666666,0,,,,,,
bayesfl_observability_v1,vi_lr0p0002_b16_e1,53,vi,global_test,,,10,0.6666666666666666,0.7333333333333333,0,,,,,,
bayesfl_observability_v1,vi_lr0p0002_b16_e1,53,vi,global_test,,,11,0.7333333333333333,0.8,0,,,,,,
bayesfl_observability_v1,vi_lr0p0002_b16_e1,53,vi,global_test,,,12,0.8,0.8666666666666667,0,,,,,,
bayesfl_observability_v1,vi_lr0p0002_b16_e1,53,vi,global_test,,,13,0.8666666666666667,0.9333333333333333,0,,,,,,
bayesfl_observability_v1,vi_lr0p0002_b16_e1,53,vi,global_test,,,14,0.9333333333333333,1.0,0,,,,,,
bayesfl_observability_v1,vi_lr0p0002_b16_e1,54,vi,global_test,,,0,0.0,0.06666666666666667,0,,,,,,
bayesfl_observability_v1,vi_lr0p0002_b16_e1,54,vi,global_test,,,1,0.06666666666666667,0.13333333333333333,318,0.1509433962264151,0.12840197589131272,0.02254142033510237,0.0007168171666562553,2.236185660902059,0.887760637691186
bayesfl_observability_v1,vi_lr0p0002_b16_e1,54,vi,global_test,,,2,0.13333333333333333,0.2,6698,0.19901463123320395,0.1671180240064637,0.03189660722674026,0.021364347520470624,2.177184981422732,0.8747236663528469
bayesfl_observability_v1,vi_lr0p0002_b16_e1,54,vi,global_test,,,3,0.2,0.26666666666666666,2509,0.27819848545237147,0.22409991643233051,0.054098569020040954,0.013573330967128275,2.075851280169451,0.8487345647555321
bayesfl_observability_v1,vi_lr0p0002_b16_e1,54,vi,global_test,,,4,0.26666666666666666,0.3333333333333333,398,0.3743718592964824,0.2909726066954771,0.08339925260100534,0.0033192902535200126,1.9244588733318464,0.8032901694427184
bayesfl_observability_v1,vi_lr0p0002_b16_e1,54,vi,global_test,,,5,0.3333333333333333,0.4,70,0.4142857142857143,0.35670346064226965,0.05758225364344466,0.0004030757755041126,1.841354399068015,0.7772187731095723
bayesfl_observability_v1,vi_lr0p0002_b16_e1,54,vi,global_test,,,6,0.4,0.4666666666666667,7,0.0,0.41294905117579866,0.41294905117579866,0.0002890643358230591,2.691979306084769,1.0635992884635925
bayesfl_observability_v1,vi_lr0p0002_b16_e1,54,vi,global_test,,,7,0.4666666666666667,0.5333333333333333,0,,,,,,
bayesfl_observability_v1,vi_lr0p0002_b16_e1,54,vi,global_test,,,8,0.5333333333333333,0.6,0,,,,,,
bayesfl_observability_v1,vi_lr0p0002_b16_e1,54,vi,global_test,,,9,0.6,0.6666666666666666,0,,,,,,
bayesfl_observability_v1,vi_lr0p0002_b16_e1,54,vi,global_test,,,10,0.6666666666666666,0.7333333333333333,0,,,,,,
bayesfl_observability_v1,vi_lr0p0002_b16_e1,54,vi,global_test,,,11,0.7333333333333333,0.8,0,,,,,,
bayesfl_observability_v1,vi_lr0p0002_b16_e1,54,vi,global_test,,,12,0.8,0.8666666666666667,0,,,,,,
bayesfl_observability_v1,vi_lr0p0002_b16_e1,54,vi,global_test,,,13,0.8666666666666667,0.9333333333333333,0,,,,,,
bayesfl_observability_v1,vi_lr0p0002_b16_e1,54,vi,global_test,,,14,0.9333333333333333,1.0,0,,,,,,
bayesfl_observability_v1,vi_lr0p0002_b16_e1,55,vi,global_test,,,0,0.0,0.06666666666666667,0,,,,,,
bayesfl_observability_v1,vi_lr0p0002_b16_e1,55,vi,global_test,,,1,0.06666666666666667,0.13333333333333333,351,0.14245014245014245,0.12810972112196464,0.01434042132817781,0.0005033487886190412,2.2559771836653053,0.8915174381006138
bayesfl_observability_v1,vi_lr0p0002_b16_e1,55,vi,global_test,,,2,0.13333333333333333,0.2,6886,0.21565495207667731,0.16652000320882185,0.049134948867855466,0.033834325790405274,2.161528791828693,0.8712560380921266
bayesfl_observability_v1,vi_lr0p0002_b16_e1,55,vi,global_test,,,3,0.2,0.26666666666666666,2356,0.28183361629881154,0.22413981395357735,0.05769380234523419,0.013592659832537175,2.055201319715163,0.8448225968408261
bayesfl_observability_v1,vi_lr0p0002_b16_e1,55,vi,global_test,,,4,0.26666666666666666,0.3333333333333333,341,0.4310850439882698,0.2898523856467865,0.1412326583414833,0.00481603364944458,1.8648321974662043,0.7828674033240489
bayesfl_observability_v1,vi_lr0p0002_b16_e1,55,vi,global_test,,,5,0.3333333333333333,0.4,57,0.40350877192982454,0.35648884637313977,0.04701992555668477,0.0002680135756731032,1.877215800578134,0.7847265674356829
bayesfl_observability_v1,vi_lr0p0002_b16_e1,55,vi,global_test,,,6,0.4,0.4666666666666667,7,0.7142857142857143,0.4170769921370915,0.2972087221486228,0.00020804610550403596,1.3344712853431702,0.5716295327459063
bayesfl_observability_v1,vi_lr0p0002_b16_e1,55,vi,global_test,,,7,0.4666666666666667,0.5333333333333333,2,0.0,0.4771190732717514,0.4771190732717514,9.542381465435028e-05,2.7734278440475464,1.1389254331588745
bayesfl_observability_v1,vi_lr0p0002_b16_e1,55,vi,global_test,,,8,0.5333333333333333,0.6,0,,,,,,
bayesfl_observability_v1,vi_lr0p0002_b16_e1,55,vi,global_test,,,9,0.6,0.6666666666666666,0,,,,,,
bayesfl_observability_v1,vi_lr0p0002_b16_e1,55,vi,global_test,,,10,0.6666666666666666,0.7333333333333333,0,,,,,,
bayesfl_observability_v1,vi_lr0p0002_b16_e1,55,vi,global_test,,,11,0.7333333333333333,0.8,0,,,,,,
bayesfl_observability_v1,vi_lr0p0002_b16_e1,55,vi,global_test,,,12,0.8,0.8666666666666667,0,,,,,,
bayesfl_observability_v1,vi_lr0p0002_b16_e1,55,vi,global_test,,,13,0.8666666666666667,0.9333333333333333,0,,,,,,
bayesfl_observability_v1,vi_lr0p0002_b16_e1,55,vi,global_test,,,14,0.9333333333333333,1.0,0,,,,,,
bayesfl_observability_v1,vi_lr0p0002_b16_e1,56,vi,global_test,,,0,0.0,0.06666666666666667,0,,,,,,
bayesfl_observability_v1,vi_lr0p0002_b16_e1,56,vi,global_test,,,1,0.06666666666666667,0.13333333333333333,358,0.13966480446927373,0.12764473723549416,0.012020067233779574,0.00043031840696930874,2.2531040154355866,0.8909205158329543
bayesfl_observability_v1,vi_lr0p0002_b16_e1,56,vi,global_test,,,2,0.13333333333333333,0.2,6937,0.21579933688914515,0.1660429135456851,0.04975642334346006,0.03451603087335824,2.1544495207682215,0.8702311930471527
bayesfl_observability_v1,vi_lr0p0002_b16_e1,56,vi,global_test,,,3,0.2,0.26666666666666666,2329,0.28424216401889224,0.2237118569411859,0.06053030707770635,0.014097508518397807,2.050530642744501,0.8435225727067786
bayesfl_observability_v1,vi_lr0p0002_b16_e1,56,vi,global_test,,,4,0.26666666666666666,0.3333333333333333,333,0.38738738738738737,0.2900762691333129,0.09731111825407446,0.0032404602378606796,1.89037887577538,0.79527747631073
bayesfl_observability_v1,vi_lr0p0002_b16_e1,56,vi,global_test,,,5,0.3333333333333333,0.4,41,0.34146341463414637,0.35516495675575444,0.013701542121608068,5.617632269859307e-05,1.8954703051869461,0.8059568128934721
bayesfl_observability_v1,vi_lr0p0002_b16_e1,56,vi,global_test,,,6,0.4,0.4666666666666667,2,1.0,0.4119584411382675,0.5880415588617325,0.0001176083117723465,0.886882483959198,0.39247801899909973
bayesfl_observability_v1,vi_lr0p0002_b16_e1,56,vi,global_test,,,7,0.4666666666666667,0.5333333333333333,0,,,,,,
bayesfl_observability_v1,vi_lr0p0002_b16_e1,56,vi,global_test,,,8,0.5333333333333333,0.6,0,,,,,,
bayesfl_observability_v1,vi_lr0p0002_b16_e1,56,vi,global_test,,,9,0.6,0.6666666666666666,0,,,,,,
bayesfl_observability_v1,vi_lr0p0002_b16_e1,56,vi,global_test,,,10,0.6666666666666666,0.7333333333333333,0,,,,,,
bayesfl_observability_v1,vi_lr0p0002_b16_e1,56,vi,global_test,,,11,0.7333333333333333,0.8,0,,,,,,
bayesfl_observability_v1,vi_lr0p0002_b16_e1,56,vi,global_test,,,12,0.8,0.8666666666666667,0,,,,,,
bayesfl_observability_v1,vi_lr0p0002_b16_e1,56,vi,global_test,,,13,0.8666666666666667,0.9333333333333333,0,,,,,,
bayesfl_observability_v1,vi_lr0p0002_b16_e1,56,vi,global_test,,,14,0.9333333333333333,1.0,0,,,,,,
bayesfl_observability_v1,vi_lr0p0002_b16_e1,57,vi,global_test,,,0,0.0,0.06666666666666667,0,,,,,,
bayesfl_observability_v1,vi_lr0p0002_b16_e1,57,vi,global_test,,,1,0.06666666666666667,0.13333333333333333,334,0.17065868263473055,0.1283538508379531,0.042304831796777465,0.0014129813820123673,2.2400883457617846,0.888030890754597
bayesfl_observability_v1,vi_lr0p0002_b16_e1,57,vi,global_test,,,2,0.13333333333333333,0.2,7043,0.21184154479625159,0.1669213166252788,0.0449202281709728,0.03163731670081614,2.1506758738220815,0.8693226772107541
bayesfl_observability_v1,vi_lr0p0002_b16_e1,57,vi,global_test,,,3,0.2,0.26666666666666666,2263,0.31904551480335835,0.22309091836016526,0.0959545964431931,0.0217145251750946,2.036297184147247,0.838682622599802
bayesfl_observability_v1,vi_lr0p0002_b16_e1,57,vi,global_test,,,4,0.26666666666666666,0.3333333333333333,319,0.4012539184952978,0.289078552240862,0.1121753662544358,0.0035783941835165023,1.9003278708383207,0.7944504424322362
bayesfl_observability_v1,vi_lr0p0002_b16_e1,57,vi,global_test,,,5,0.3333333333333333,0.4,37,0.3783783783783784,0.3514616054457587,0.02691677293261968,9.959205985069282e-05,1.8985404420543361,0.7927365746047046
bayesfl_observability_v1,vi_lr0p0002_b16_e1,57,vi,global_test,,,6,0.4,0.4666666666666667,4,1.0,0.4296668916940689,0.5703331083059311,0.00022813324332237244,0.8456101715564728,0.3701285868883133
bayesfl_observability_v1,vi_lr0p0002_b16_e1,57,vi,global_test,,,7,0.4666666666666667,0.5333333333333333,0,,,,,,
bayesfl_observability_v1,vi_lr0p0002_b16_e1,57,vi,global_test,,,8,0.5333333333333333,0.6,0,,,,,,
bayesfl_observability_v1,vi_lr0p0002_b16_e1,57,vi,global_test,,,9,0.6,0.6666666666666666,0,,,,,,
bayesfl_observability_v1,vi_lr0p0002_b16_e1,57,vi,global_test,,,10,0.6666666666666666,0.7333333333333333,0,,,,,,
bayesfl_observability_v1,vi_lr0p0002_b16_e1,57,vi,global_test,,,11,0.7333333333333333,0.8,0,,,,,,
bayesfl_observability_v1,vi_lr0p0002_b16_e1,57,vi,global_test,,,12,0.8,0.8666666666666667,0,,,,,,
bayesfl_observability_v1,vi_lr0p0002_b16_e1,57,vi,global_test,,,13,0.8666666666666667,0.9333333333333333,0,,,,,,
bayesfl_observability_v1,vi_lr0p0002_b16_e1,57,vi,global_test,,,14,0.9333333333333333,1.0,0,,,,,,
bayesfl_observability_v1,vi_lr0p0002_b16_e1,58,vi,global_test,,,0,0.0,0.06666666666666667,0,,,,,,
bayesfl_observability_v1,vi_lr0p0002_b16_e1,58,vi,global_test,,,1,0.06666666666666667,0.13333333333333333,356,0.1601123595505618,0.12838592641892727,0.031726433131634535,0.0011294610194861894,2.2199084336838024,0.8847012352407648
bayesfl_observability_v1,vi_lr0p0002_b16_e1,58,vi,global_test,,,2,0.13333333333333333,0.2,7165,0.22554082344731333,0.16645484104783737,0.05908598239947596,0.042335106389224525,2.1416055124453206,0.8671493154593639
bayesfl_observability_v1,vi_lr0p0002_b16_e1,58,vi,global_test,,,3,0.2,0.26666666666666666,2123,0.30240226095148376,0.22355040431275325,0.07885185663873051,0.016740249164402487,2.0455818937120154,0.8408183506845698
bayesfl_observability_v1,vi_lr0p0002_b16_e1,58,vi,global_test,,,4,0.26666666666666666,0.3333333333333333,303,0.38943894389438943,0.28958699097334356,0.09985195292104587,0.00302551417350769,1.9076921817886554,0.7969733899576043
bayesfl_observability_v1,vi_lr0p0002_b16_e1,58,vi,global_test,,,5,0.3333333333333333,0.4,47,0.3404255319148936,0.35219442780981675,0.011768895894923137,5.531381070613875e-05,1.9232624528255868,0.8036126944612949
bayesfl_observability_v1,vi_lr0p0002_b16_e1,58,vi,global_test,,,6,0.4,0.4666666666666667,6,0.5,0.4285469551881154,0.07145304481188458,4.287182688713075e-05,1.5670662919680278,0.6832135766744614
bayesfl_observability_v1,vi_lr0p0002_b16_e1,58,vi,global_test,,,7,0.4666666666666667,0.5333333333333333,0,,,,,,
bayesfl_observability_v1,vi_lr0p0002_b16_e1,58,vi,global_test,,,8,0.5333333333333333,0.6,0,,,,,,
bayesfl_observability_v1,vi_lr0p0002_b16_e1,58,vi,global_test,,,9,0.6,0.6666666666666666,0,,,,,,
bayesfl_observability_v1,vi_lr0p0002_b16_e1,58,vi,global_test,,,10,0.6666666666666666,0.7333333333333333,0,,,,,,
bayesfl_observability_v1,vi_lr0p0002_b16_e1,58,vi,global_test,,,11,0.7333333333333333,0.8,0,,,,,,
bayesfl_observability_v1,vi_lr0p0002_b16_e1,58,vi,global_test,,,12,0.8,0.8666666666666667,0,,,,,,
bayesfl_observability_v1,vi_lr0p0002_b16_e1,58,vi,global_test,,,13,0.8666666666666667,0.9333333333333333,0,,,,,,
bayesfl_observability_v1,vi_lr0p0002_b16_e1,58,vi,global_test,,,14,0.9333333333333333,1.0,0,,,,,,
bayesfl_observability_v1,vi_lr0p0002_b16_e1,59,vi,global_test,,,0,0.0,0.06666666666666667,0,,,,,,
bayesfl_observability_v1,vi_lr0p0002_b16_e1,59,vi,global_test,,,1,0.06666666666666667,0.13333333333333333,299,0.15384615384615385,0.12827537689719312,0.025570776948960733,0.0007645662307739258,2.248696513000539,0.8899242983613923
bayesfl_observability_v1,vi_lr0p0002_b16_e1,59,vi,global_test,,,2,0.13333333333333333,0.2,6891,0.20708170076911914,0.1669435591508958,0.04013814161822335,0.027659193389117712,2.151828091474286,0.8699563375198863
bayesfl_observability_v1,vi_lr0p0002_b16_e1,59,vi,global_test,,,3,0.2,0.26666666666666666,2343,0.293213828425096,0.22353324816871087,0.06968058025638516,0.01632615995407104,2.0475225031401325,0.8424948780291416
bayesfl_observability_v1,vi_lr0p0002_b16_e1,59,vi,global_test,,,4,0.26666666666666666,0.3333333333333333,391,0.391304347826087,0.2896273768009127,0.10167697102517426,0.0039755695670843135,1.9097868143140202,0.798889298725616
bayesfl_observability_v1,vi_lr0p0002_b16_e1,59,vi,global_test,,,5,0.3333333333333333,0.4,65,0.6307692307692307,0.3550182003241319,0.27575103044509885,0.0017923816978931428,1.5104393473038307,0.6550757036759303
bayesfl_observability_v1,vi_lr0p0002_b16_e1,59,vi,global_test,,,6,0.4,0.4666666666666667,8,0.375,0.42102111130952835,0.04602111130952835,3.681688904762268e-05,2.1330658346414566,0.826011911034584
bayesfl_observability_v1,vi_lr0p0002_b16_e1,59,vi,global_test,,,7,0.4666666666666667,0.5333333333333333,3,0.0,0.5065809488296509,0.5065809488296509,0.00015197428464889525,2.2419138749440513,1.075667381286621
bayesfl_observability_v1,vi_lr0p0002_b16_e1,59,vi,global_test,,,8,0.5333333333333333,0.6,0,,,,,,
bayesfl_observability_v1,vi_lr0p0002_b16_e1,59,vi,global_test,,,9,0.6,0.6666666666666666,0,,,,,,
bayesfl_observability_v1,vi_lr0p0002_b16_e1,59,vi,global_test,,,10,0.6666666666666666,0.7333333333333333,0,,,,,,
bayesfl_observability_v1,vi_lr0p0002_b16_e1,59,vi,global_test,,,11,0.7333333333333333,0.8,0,,,,,,
bayesfl_observability_v1,vi_lr0p0002_b16_e1,59,vi,global_test,,,12,0.8,0.8666666666666667,0,,,,,,
bayesfl_observability_v1,vi_lr0p0002_b16_e1,59,vi,global_test,,,13,0.8666666666666667,0.9333333333333333,0,,,,,,
bayesfl_observability_v1,vi_lr0p0002_b16_e1,59,vi,global_test,,,14,0.9333333333333333,1.0,0,,,,,,
bayesfl_observability_v1,vi_lr0p0002_b16_e1,60,vi,global_test,,,0,0.0,0.06666666666666667,0,,,,,,
bayesfl_observability_v1,vi_lr0p0002_b16_e1,60,vi,global_test,,,1,0.06666666666666667,0.13333333333333333,302,0.18543046357615894,0.12808391291475454,0.0573465506614044,0.001731865829974413,2.219390657563873,0.8843524671153516
bayesfl_observability_v1,vi_lr0p0002_b16_e1,60,vi,global_test,,,2,0.13333333333333333,0.2,6967,0.2184584469642601,0.16698897770175944,0.05146946926250065,0.035858779235184206,2.149345330122949,0.8685901118211157
bayesfl_observability_v1,vi_lr0p0002_b16_e1,60,vi,global_test,,,3,0.2,0.26666666666666666,2282,0.32865907099035935,0.22410326639123385,0.1045558045991255,0.02385963460952044,2.006338482149644,0.8314366839519203
bayesfl_observability_v1,vi_lr0p0002_b16_e1,60,vi,global_test,,,4,0.26666666666666666,0.3333333333333333,389,0.46786632390745503,0.28858153931892316,0.17928478458853186,0.0069741781204938885,1.8189151461755708,0.7686328892536213
bayesfl_observability_v1,vi_lr0p0002_b16_e1,60,vi,global_test,,,5,0.3333333333333333,0.4,49,0.46938775510204084,0.35509657555696916,0.11429117954507167,0.0005600267797708512,1.6902019113910443,0.7300271264144352
bayesfl_observability_v1,vi_lr0p0002_b16_e1,60,vi,global_test,,,6,0.4,0.4666666666666667,10,0.7,0.41892047226428986,0.2810795277357101,0.0002810795277357101,1.4214669048786164,0.5969351977109909
bayesfl_observability_v1,vi_lr0p0002_b16_e1,60,vi,global_test,,,7,0.4666666666666667,0.5333333333333333,1,1.0,0.49441370368003845,0.5055862963199615,5.055862963199616e-05,0.7043826580047607,0.2861345708370209
bayesfl_observability_v1,vi_lr0p0002_b16_e1,60,vi,global_test,,,8,0.5333333333333333,0.6,0,,,,,,
bayesfl_observability_v1,vi_lr0p0002_b16_e1,60,vi,global_test,,,9,0.6,0.6666666666666666,0,,,,,,
bayesfl_observability_v1,vi_lr0p0002_b16_e1,60,vi,global_test,,,10,0.6666666666666666,0.7333333333333333,0,,,,,,
bayesfl_observability_v1,vi_lr0p0002_b16_e1,60,vi,global_test,,,11,0.7333333333333333,0.8,0,,,,,,
bayesfl_observability_v1,vi_lr0p0002_b16_e1,60,vi,global_test,,,12,0.8,0.8666666666666667,0,,,,,,
bayesfl_observability_v1,vi_lr0p0002_b16_e1,60,vi,global_test,,,13,0.8666666666666667,0.9333333333333333,0,,,,,,
bayesfl_observability_v1,vi_lr0p0002_b16_e1,60,vi,global_test,,,14,0.9333333333333333,1.0,0,,,,,,
