run_id,experiment,condition,method,realization,seed,round,logical_round,physical_round,phase,num_clients,labels_per_client,mean_samples_per_client,power_dbm,noise_dbm,num_subchannels,path_loss_exponent,path_loss_reference_m,gamma_db,power_control_mode,deterministic_payload_mode,deterministic_reference_power_mode,sparse_enabled,sparse_selection,sparse_keep_ratio,sparse_kept_coordinates,accuracy,nll,ece,posterior_predictive_accuracy,posterior_predictive_nll,posterior_predictive_ece,posterior_mean_accuracy,posterior_mean_nll,posterior_mean_ece,train_loss,phase1_train_loss,phase2_train_loss,posterior_variance,posterior_precision_mean,posterior_precision_min,posterior_precision_max,posterior_precision_std,posterior_precision_offset_l2,posterior_precision_offset_max_abs,global_mean_update_l2,global_mean_update_max_abs,global_model_update_l2,ideal_model_update_l2,received_model_update_l2,global_precision_update_l2,global_precision_update_max_abs,channel_uses_round,channel_uses_cumulative,ofdm_symbols_round,ofdm_symbols_cumulative,aircomp_nmse,aircomp_distortion_nmse,aircomp_clipped_fraction,aircomp_average_symbol_power_watts,aircomp_maximum_symbol_power_watts,aircomp_noise_l2,aircomp_ideal_l2,aircomp_received_l2,aircomp_delta_bar,aircomp_retained_magnitude_ratio,aircomp_distorted_to_ideal_norm_ratio,precision_aircomp_nmse,precision_aircomp_distortion_nmse,precision_aircomp_clipped_fraction,precision_aircomp_average_symbol_power_watts,precision_aircomp_maximum_symbol_power_watts,precision_aircomp_noise_l2,precision_aircomp_ideal_l2,precision_aircomp_received_l2,precision_aircomp_delta_bar,precision_aircomp_retained_magnitude_ratio,precision_aircomp_distorted_to_ideal_norm_ratio,mean_aircomp_nmse,mean_aircomp_distortion_nmse,mean_aircomp_clipped_fraction,mean_aircomp_average_symbol_power_watts,mean_aircomp_maximum_symbol_power_watts,mean_aircomp_noise_l2,mean_aircomp_ideal_l2,mean_aircomp_received_l2,mean_aircomp_delta_bar,mean_aircomp_retained_magnitude_ratio,mean_aircomp_distorted_to_ideal_norm_ratio,wall_time_sec
sparse_bayesian_keep75_proposed_rep00_seed12026,sparse,bayesian_keep75,proposed,0,12026,0,0,0,model,40,1,50,23.0,-74,1024,4,1000.0,10,paper_reference_kkt,update,coordinated_aggregate,True,bayesian,0.75,58532,0.0995,2.372916206651074,0.0756189888963103,0.0995,2.372916206651074,0.0756189888963103,0.0968,2.3613480913338667,0.07226249436736107,nan,0.0,0.0,0.00010000000000000003,10000.0,10000.0,10000.0,0.0,0.0,0.0,0.0,0.0,0.0,0.0,0.0,0.0,0.0,0,0,0,0,0.0,0.0,0.0,0.0,0.0,0.0,0.0,0.0,0.0,1.0,1.0,0.0,0.0,0.0,0.0,0.0,0.0,0.0,0.0,0.0,1.0,1.0,0.0,0.0,0.0,0.0,0.0,0.0,0.0,0.0,0.0,1.0,1.0,20.64498279010877
sparse_bayesian_keep75_proposed_rep00_seed12026,sparse,bayesian_keep75,proposed,0,12026,1,1,2,natural_mean,40,1,50,23.0,-74,1024,4,1000.0,10,paper_reference_kkt,update,coordinated_aggregate,True,bayesian,0.75,58532,0.1,2.3264903718595664,0.07024453868091106,0.1,2.3264903718595664,0.07024453868091106,0.1008,2.3340695965606115,0.06945165247470142,4.8235973327818735,2.401122434854982,2.4224748979268917,0.00010000000000000022,9999.999999999976,9999.999999925298,10000.000000095722,3.767915934617588e-09,1.0526210560409382e-06,9.572249837219715e-08,0.09704308330344796,0.012237388640642166,0.0,0.0,0.0,1.0526210560409382e-06,9.572249837219715e-08,117064,117064,116,116,0.00481932503279427,0.004819320616583057,0.03195174781209172,0.024002173455731537,0.19952623149688797,6.955009004801746e-07,0.09737043863786266,0.09704308453905819,1.5965414825171145e-06,0.9976345327405635,0.9931495612927166,0.004432332466530886,0.004432323999203385,0.03511280951172691,0.02400489346181695,0.19952622837019152,9.046239645046564e-12,1.0636171607274483e-06,1.0526204334358236e-06,5.433036539620464e-16,0.9979944831840498,0.9896610306522446,0.005206317599057654,0.00520631723396273,0.02879068611245653,0.02399945344964613,0.19952623149688797,6.955009004213433e-07,0.0973704386320535,0.09704308453334934,3.1930829644909255e-06,0.9972745822970771,0.9966380919331884,59.728755339980125
sparse_bayesian_keep75_proposed_rep00_seed12026,sparse,bayesian_keep75,proposed,0,12026,2,2,4,natural_mean,40,1,50,23.0,-74,1024,4,1000.0,10,paper_reference_kkt,update,coordinated_aggregate,True,bayesian,0.75,58532,0.1228,2.3466143146692717,0.05810457837879656,0.1228,2.3466143146692717,0.05810457837879656,0.1326,2.3626718789195866,0.06117333792001008,4.524161630785963,2.2690644990378774,2.2550971317480855,9.999999999999973e-05,10000.000000000027,9999.999999914417,10000.000000106224,5.183361656324742e-09,1.4480437672855598e-06,1.0622352419886738e-07,0.05625055278208143,0.0064198896288871765,0.0,0.0,0.0,1.0097733185138386e-06,9.840732673183084e-08,117064,234128,116,232,0.012249260727723456,0.012249264373778778,0.027665884158960156,0.023075984944024165,0.19952623149688797,6.937377954083692e-07,0.056599683048344715,0.056250551628587844,1.597004885255e-06,0.9969939475584564,0.9880486023408706,0.009892684475873036,0.009892677859343568,0.030138273651116397,0.022852794190429362,0.19952623144691387,8.838299386923783e-12,1.028003850025186e-06,1.0097727676602082e-06,5.187991886678025e-16,0.9971920348080651,0.982265619264086,0.014605836979573876,0.014605850888213989,0.025193494666803914,0.02329917569761897,0.19952623149688797,6.937377953520687e-07,0.056599683039009044,0.05625055161952446,3.194009769991201e-06,0.9967958603088478,0.9938315854176552,94.62970401206985
sparse_bayesian_keep75_proposed_rep00_seed12026,sparse,bayesian_keep75,proposed,0,12026,3,3,6,natural_mean,40,1,50,23.0,-74,1024,4,1000.0,10,paper_reference_kkt,update,coordinated_aggregate,True,bayesian,0.75,58532,0.1472,2.3603778494344025,0.043442909034639585,0.1472,2.3603778494344025,0.043442909034639585,0.1346,2.3743039846713865,0.06962195229828358,4.433443339823729,2.2199304546560965,2.2135128851676322,9.999999999999933e-05,10000.000000000065,9999.999999878131,10000.000000124499,6.309511997214461e-09,1.7627242021716167e-06,1.244989107362926e-07,0.03783695381226816,0.0055413274094462395,0.0,0.0,0.0,1.0445055844280448e-06,1.088465069187805e-07,117064,351192,116,348,0.026519540907687683,0.026519562251908373,0.03339454314952106,0.02220704099560635,0.19952623149688797,6.960436109287225e-07,0.03762842526475979,0.037836954355012886,1.597552331658694e-06,0.9971943362681361,0.9962506342514106,0.007564294140433733,0.007564296884981255,0.032671424165508334,0.02189137810996121,0.1995262313114894,8.916361783901928e-12,1.0583062473725677e-06,1.0445054115714306e-06,5.260581155850367e-16,0.9974051907113513,0.9869594827749373,0.04547478767494163,0.04547482761883549,0.034117662133533795,0.022522703881251497,0.19952623149688797,6.960436108716129e-07,0.037628425249877265,0.03783695434059588,3.19510466279133e-06,0.9969834818249211,1.0055417857278839,128.8607193347998
sparse_bayesian_keep75_proposed_rep00_seed12026,sparse,bayesian_keep75,proposed,0,12026,4,4,8,natural_mean,40,1,50,23.0,-74,1024,4,1000.0,10,paper_reference_kkt,update,coordinated_aggregate,True,bayesian,0.75,58532,0.1439,2.3682896623193677,0.0521421103683114,0.1439,2.3682896623193677,0.0521421103683114,0.1345,2.3776134609135253,0.07194182859659194,4.367088317112705,2.183532521454525,2.18355579565818,9.999999999999915e-05,10000.000000000085,9999.999999833435,10000.000000216804,7.330102166821832e-09,2.047875959381301e-06,2.168035280192271e-07,0.029097775120014838,0.00382790993899107,0.0,0.0,0.0,1.0310750694854969e-06,1.2782038538716733e-07,117064,468256,116,464,0.039180008771132396,0.03918000827368506,0.024524715217076942,0.019850629172857744,0.19952623149688797,6.936289371513939e-07,0.029220285409640445,0.029097774715166544,1.5980077846922164e-06,0.9972349401961456,0.990717619237161,0.0076381165565657895,0.007638126899501124,0.02483914869913566,0.01950485556974663,0.1995262306903062,8.854280314315242e-12,1.0461109337686381e-06,1.0310759675145153e-06,5.227498891399152e-16,0.9975549112861134,0.9856277969401666,0.070721900985699,0.070721889647869,0.024210281735018224,0.020196402775968854,0.19952623149688797,6.936289370948808e-07,0.029220285390914615,0.02909777469689852,3.196015568861683e-06,0.9969149691061778,0.9958074415341552,167.60875933477655
sparse_bayesian_keep75_proposed_rep00_seed12026,sparse,bayesian_keep75,proposed,0,12026,5,5,10,natural_mean,40,1,50,23.0,-74,1024,4,1000.0,10,paper_reference_kkt,update,coordinated_aggregate,True,bayesian,0.75,58532,0.1121,2.3946346396613722,0.10712094802409408,0.1121,2.3946346396613722,0.10712094802409408,0.1331,2.382477127846938,0.0769297532632947,4.3670115142882935,2.18127225492868,2.1857392593596137,9.999999999999879e-05,10000.000000000122,9999.999999803078,10000.000000176262,8.230283144431612e-09,2.299466018863641e-06,1.9692197383847088e-07,0.02573159352152637,0.003141422290354967,0.0,0.0,0.0,1.0440036896106195e-06,1.4228680811356753e-07,117064,585320,116,580,0.04662856390780392,0.04662858470984536,0.02758647645508267,0.019469970433726416,0.19952623149688797,6.947326907278933e-07,0.026098345375377426,0.02573158876864041,1.5981504131611044e-06,0.9966295994547298,0.9805335863296503,0.013620501921091946,0.013620510111237927,0.026025209305067448,0.01889104299091417,0.19952623099546296,9.144852715037221e-12,1.0706409529926918e-06,1.044003452557061e-06,5.507804256417093e-16,0.996761194287455,0.975119989403704,0.0796366258945159,0.07963665930845279,0.029147743605097896,0.02004889787653866,0.19952623149688797,6.947326906677059e-07,0.026098345353416798,0.02573158874746132,3.196300825771428e-06,0.9964980046220048,0.9859471832555964,207.61512651573867
sparse_bayesian_keep75_proposed_rep00_seed12026,sparse,bayesian_keep75,proposed,0,12026,6,6,12,natural_mean,40,1,50,23.0,-74,1024,4,1000.0,10,paper_reference_kkt,update,coordinated_aggregate,True,bayesian,0.75,58532,0.1411,2.387369028466464,0.06412081032693384,0.1411,2.387369028466464,0.06412081032693384,0.1376,2.3874252707462964,0.07421556030660867,4.3457758226641126,2.1700853488080303,2.1756904738560823,9.99999999999985e-05,10000.00000000015,9999.999999812215,10000.000000235214,8.984827784152351e-09,2.5103463674171456e-06,2.352135197725147e-07,0.025392120683659498,0.0029120445251464844,0.0,0.0,0.0,1.046059358251024e-06,1.5148543752729893e-07,117064,702384,116,696,0.05927925475607169,0.05927921716166447,0.025477287533341657,0.018790012298904542,0.19952623149688797,6.93887298307142e-07,0.02526656384384517,0.025392121275848636,1.598298840030824e-06,0.9964166537285053,0.9830295517730249,0.015400079510992764,0.015400075044123536,0.02454338118982963,0.018260602190007132,0.19952622980598075,8.946886988731139e-12,1.0884095769531054e-06,1.0460594170080789e-06,5.289322185612398e-16,0.9964667284068761,0.9610898528295293,0.10315843000115062,0.1031583592792054,0.026411193876853686,0.019319422407801948,0.19952623149688797,6.93887298249462e-07,0.025266563820402422,0.025392121254301788,3.1965976795327157e-06,0.9963665790501344,1.0049692507165204,247.46568513289094
sparse_bayesian_keep75_proposed_rep00_seed12026,sparse,bayesian_keep75,proposed,0,12026,7,7,14,natural_mean,40,1,50,23.0,-74,1024,4,1000.0,10,paper_reference_kkt,update,coordinated_aggregate,True,bayesian,0.75,58532,0.1283,2.3750807924513095,0.07535624728411437,0.1283,2.3750807924513095,0.07535624728411437,0.1347,2.388786311986889,0.08345290619432925,4.331861674193123,2.1725251032865307,2.159336570906592,9.999999999999797e-05,10000.000000000202,9999.999999822998,10000.000000244047,9.709788630164575e-09,2.7131184730979e-06,2.440465323161334e-07,0.02343166999186429,0.0027602389454841614,0.0,0.0,0.0,1.021155284620102e-06,1.0749499779194593e-07,117064,819448,116,812,0.0701990083655516,0.0701990054315457,0.019045384788635357,0.01785766239217248,0.19952623149688797,6.920630408580602e-07,0.023353961204443798,0.023431673247193713,1.5985505022236667e-06,0.9967336656785315,0.9922565458055674,0.008452323742684287,0.008452332596290475,0.020473033615229484,0.017785023639233805,0.1995262306128493,8.878668772068267e-12,1.0407356297998024e-06,1.02115476221713e-06,5.246746089937707e-16,0.9970797108968948,0.981185548926267,0.1319456929884189,0.13194567826680093,0.017617735962041227,0.01793030114511115,0.19952623149688797,6.920630408011068e-07,0.023353961181254355,0.023431673224942696,3.197101003922659e-06,0.9963876204601682,1.003327542684868,286.29341693315655
sparse_bayesian_keep75_proposed_rep00_seed12026,sparse,bayesian_keep75,proposed,0,12026,8,8,16,natural_mean,40,1,50,23.0,-74,1024,4,1000.0,10,paper_reference_kkt,update,coordinated_aggregate,True,bayesian,0.75,58532,0.1326,2.371580864205302,0.06771835743635893,0.1326,2.371580864205302,0.06771835743635893,0.1396,2.385226204950391,0.0744819985151291,4.3100706593416795,2.163205029997626,2.146865629344053,9.999999999999748e-05,10000.000000000251,9999.999999817945,10000.000000244609,1.0362168465803208e-08,2.895623127746966e-06,2.4460860004182905e-07,0.023011407529483968,0.004005126655101776,0.0,0.0,0.0,1.018639920342401e-06,1.295684342039749e-07,117064,936512,116,928,0.09513263055474187,0.09513262725549283,0.029722096301314175,0.019452124970192407,0.19952623149688797,6.925705309990122e-07,0.02242238502252505,0.02301140799310025,1.5983365735632934e-06,0.9966110516698711,0.9974101509528457,0.016010445977977964,0.016010447604440363,0.031999364369854726,0.019389028891596716,0.19952623113994633,8.928365614491264e-12,1.0517155819107407e-06,1.0186401384128176e-06,5.335152300014489e-16,0.9965949459999356,0.9685509821342423,0.17425481513150579,0.1742548069065453,0.027444828232773624,0.019515221048788098,0.19952623149688797,6.925705309414616e-07,0.02242238499785984,0.023011407970554305,3.1966731465930717e-06,0.9966271573398066,1.026269319771449,326.1084608170204
sparse_bayesian_keep75_proposed_rep00_seed12026,sparse,bayesian_keep75,proposed,0,12026,9,9,18,natural_mean,40,1,50,23.0,-74,1024,4,1000.0,10,paper_reference_kkt,update,coordinated_aggregate,True,bayesian,0.75,58532,0.1552,2.3648199386640996,0.04061637140408158,0.1552,2.3648199386640996,0.04061637140408158,0.1412,2.387306565568709,0.07933637146204708,4.285876505417567,2.144408383378926,2.141468122038642,9.999999999999702e-05,10000.000000000298,9999.99999975436,10000.000000310458,1.1099566007260769e-08,3.101880088147285e-06,3.104578354395926e-07,0.02332036283408256,0.002497360110282898,0.0,0.0,0.0,1.0369475976850812e-06,1.473472366342321e-07,117064,1053576,116,1044,0.07526943007840392,0.07526946811554805,0.01774365034242928,0.017718862616521634,0.19952623149688797,6.904242090286142e-07,0.022588813262736485,0.023320361662143782,1.598542638738097e-06,0.9966547183227303,1.001680471933378,0.01205801587888923,0.01205801803037196,0.01930083492279794,0.017661310676415947,0.19952623027537875,9.025395059969909e-12,1.0679440514043748e-06,1.0369473684797032e-06,5.396503132748643e-16,0.9967659862380266,0.9709754113964192,0.13848084427791862,0.13848091820072414,0.01618646576206062,0.01777641455662732,0.19952623149688797,6.904242089696231e-07,0.022588813237491588,0.023320361639089682,3.197085276936544e-06,0.9965434504074342,1.032385532470337,367.5937211839482
sparse_bayesian_keep75_proposed_rep00_seed12026,sparse,bayesian_keep75,proposed,0,12026,10,10,20,natural_mean,40,1,50,23.0,-74,1024,4,1000.0,10,paper_reference_kkt,update,coordinated_aggregate,True,bayesian,0.75,58532,0.1506,2.3653193564378387,0.045896638403981935,0.1506,2.3653193564378387,0.045896638403981935,0.1463,2.382431955079623,0.07208495330661534,4.261944409819768,2.1279933713302457,2.1339510384895224,9.999999999999678e-05,10000.00000000032,9999.999999647456,10000.000000330234,1.165656632770459e-08,3.2576183318679937e-06,3.525437932694331e-07,0.02351636080943618,0.0031067682430148125,0.0,0.0,0.0,1.0284320833043317e-06,2.4149449018295854e-07,117064,1170640,116,1160,0.07248612528382573,0.07248612256363374,0.027963650996473403,0.02096311232964431,0.19952623149688797,6.929858851608712e-07,0.023200028834045323,0.023516363199164825,1.5985637279939257e-06,0.996577101000844,0.9924878737609439,0.018472250956238962,0.018472248374511127,0.027236988412073452,0.020440863550641758,0.19952623130952188,8.955795518095277e-12,1.058776512865376e-06,1.028432527671636e-06,5.352471460376232e-16,0.9964030170436704,0.9713405352492585,0.12649999961141248,0.12649999675275636,0.02869031358087335,0.021485361108646864,0.19952623149688797,6.929858851030011e-07,0.023200028809885705,0.023516363176676793,3.197127455452604e-06,0.9967511849580174,1.0136352122726295,409.3917300477624
sparse_bayesian_keep75_proposed_rep00_seed12026,sparse,bayesian_keep75,proposed,0,12026,11,11,22,natural_mean,40,1,50,23.0,-74,1024,4,1000.0,10,paper_reference_kkt,update,coordinated_aggregate,True,bayesian,0.75,58532,0.1369,2.3928613460132993,0.08788821834802626,0.1369,2.3928613460132993,0.08788821834802626,0.1477,2.3851370281437885,0.07805578893274069,4.267405432972235,2.1389909050336655,2.1284145279385696,9.999999999999624e-05,10000.000000000378,9999.999999650885,10000.000000384847,1.2278941340446407e-08,3.4318770266743005e-06,3.8484722608700395e-07,0.022795596652370943,0.0033633261919021606,0.0,0.0,0.0,1.0849611161058297e-06,2.83916961052455e-07,117064,1287704,116,1276,0.0784472616199493,0.0784473186013707,0.0235686238892722,0.018851396215932355,0.19952623149688797,6.9411697009979e-07,0.021657783262465726,0.022795595989969344,1.5986330291818176e-06,0.9965804180761354,1.0098771453184021,0.016877788101086033,0.01687780698493132,0.024507299519516645,0.018449829077784547,0.19952623121371865,9.176691652888546e-12,1.1217338774032088e-06,1.0849614824290624e-06,5.550454499177813e-16,0.9964275486104361,0.9672182494820549,0.14001673513881258,0.14001683021781008,0.02262994825902776,0.019252963354080166,0.19952623149688797,6.94116970039129e-07,0.021657783233416425,0.022795595964149852,3.19726605780859e-06,0.9967332875418347,1.0525360411547493,450.5928305350244
sparse_bayesian_keep75_proposed_rep00_seed12026,sparse,bayesian_keep75,proposed,0,12026,12,12,24,natural_mean,40,1,50,23.0,-74,1024,4,1000.0,10,paper_reference_kkt,update,coordinated_aggregate,True,bayesian,0.75,58532,0.1507,2.3666462378031587,0.0623827845747769,0.1507,2.3666462378031587,0.0623827845747769,0.1494,2.377455591286311,0.07537781412005425,4.274317415286722,2.1465515557624713,2.127765859524251,9.999999999999544e-05,10000.000000000455,9999.999999573842,10000.000000411406,1.2843951097956098e-08,3.590345089557833e-06,4.261582944309339e-07,0.0225366016436996,0.002388257533311844,0.0,0.0,0.0,1.0655745766874963e-06,1.511507434770465e-07,117064,1404768,116,1392,0.08274461245721988,0.08274463053505779,0.02455794486271795,0.020356948141249154,0.19952623149688797,6.912332729614594e-07,0.021971474334342985,0.022536602353608194,1.5985064918872117e-06,0.9964216583729556,0.9992839256860826,0.013570838570932924,0.01357083254134448,0.02192136365422699,0.01950511597709239,0.19952623142756415,9.250318394864128e-12,1.0953153069494102e-06,1.0655739403143571e-06,5.719135608878305e-16,0.9964435389837927,0.9728467486652149,0.15191838634350685,0.1519184285287711,0.02719452607120891,0.02120878030540592,0.19952623149688797,6.91233272899564e-07,0.02197147430704132,0.022536602328417,3.1970129832025097e-06,0.9963997777621185,1.0257211027069504,491.50770585797727
sparse_bayesian_keep75_proposed_rep00_seed12026,sparse,bayesian_keep75,proposed,0,12026,13,13,26,natural_mean,40,1,50,23.0,-74,1024,4,1000.0,10,paper_reference_kkt,update,coordinated_aggregate,True,bayesian,0.75,58532,0.1285,2.3699947312281413,0.10689521609410643,0.1285,2.3699947312281413,0.10689521609410643,0.1484,2.3766530333148608,0.08471482098996638,4.247019646798167,2.1210204448662036,2.125999201931963,9.999999999999495e-05,10000.000000000504,9999.999999534259,10000.00000037844,1.3449224408185131e-08,3.7598233588822253e-06,4.657413228414953e-07,0.023905140697540343,0.0029714684933423996,0.0,0.0,0.0,1.0250054812082494e-06,1.0512485459912568e-07,117064,1521832,116,1508,0.06282629538957621,0.06282635276110242,0.020247945217759033,0.019468166057972316,0.19952623149688797,6.936808529446216e-07,0.02339823152260829,0.0239051383373328,1.5983197594061339e-06,0.9969633515070098,0.9991675707440522,0.01037932148037444,0.010379307712804178,0.020189476849787183,0.01946585865606802,0.1995262296834502,8.943561219910702e-12,1.0494900417249787e-06,1.0250061183431715e-06,5.317830429561211e-16,0.9970771843669043,0.9766707038725339,0.11527326929877799,0.11527339780940067,0.020306413585730883,0.019470473459876615,0.19952623149688797,6.936808528869674e-07,0.023398231499071692,0.02390513831535766,3.196639518280485e-06,0.9968495186471152,1.0216644376155704,531.3026774809696
sparse_bayesian_keep75_proposed_rep00_seed12026,sparse,bayesian_keep75,proposed,0,12026,14,14,28,natural_mean,40,1,50,23.0,-74,1024,4,1000.0,10,paper_reference_kkt,update,coordinated_aggregate,True,bayesian,0.75,58532,0.1464,2.3739444200804845,0.0773185755479336,0.1464,2.3739444200804845,0.0773185755479336,0.1541,2.3697978297007194,0.07621005285233258,4.222960222976107,2.1164784740501084,2.1064817489259995,9.999999999999443e-05,10000.00000000056,9999.999999575815,10000.000000428785,1.391881740127297e-08,3.891486023931642e-06,4.287849151296541e-07,0.023426484196399713,0.0027927160263061523,0.0,0.0,0.0,1.0304973641461472e-06,1.2084456102456897e-07,117064,1638896,116,1624,0.08644106087568036,0.08644101918180665,0.0285542862965009,0.01999110255613318,0.19952623149688797,6.911082074023131e-07,0.0227178968497771,0.02342648600793392,1.5984871690382795e-06,0.9966938240687818,1.002112499825933,0.01841550864667296,0.018415500221563835,0.026650434113990967,0.01944542992366762,0.19952623097471922,9.048540748880724e-12,1.0590560928517822e-06,1.0304978502414594e-06,5.421283074199095e-16,0.9967015227210154,0.9730342182348963,0.15446661310468776,0.15446653814204947,0.03045813847901083,0.020536775188598744,0.19952623149688797,6.911082073430777e-07,0.022717896825091722,0.023426485985268853,3.196974337534431e-06,0.9966861254165482,1.0311907814169698,572.7247964637354
sparse_bayesian_keep75_proposed_rep00_seed12026,sparse,bayesian_keep75,proposed,0,12026,15,15,30,natural_mean,40,1,50,23.0,-74,1024,4,1000.0,10,paper_reference_kkt,update,coordinated_aggregate,True,bayesian,0.75,58532,0.1236,2.352592185285809,0.11158600663423537,0.1236,2.352592185285809,0.11158600663423537,0.1528,2.3608896165693394,0.08278233694434166,4.208098467680853,2.0996815288991146,2.108416938781738,9.999999999999403e-05,10000.0000000006,9999.999999452968,10000.00000044591,1.4523672958409594e-08,4.0607812383856804e-06,5.470319592859596e-07,0.025587617155548168,0.0020922645926475525,0.0,0.0,0.0,1.054410044716747e-06,1.2284726835787296e-07,117064,1755960,116,1740,0.047537291399322446,0.04753727216412265,0.028518738884493258,0.021122124425913588,0.19952623149688797,6.938519055626993e-07,0.02554880500798067,0.025587617459834438,1.5982683152338029e-06,0.9967143614208671,0.9846635096483528,0.019577293379808687,0.019577298956474747,0.027895701354566697,0.020896518328964726,0.19952623021468263,9.013838061688335e-12,1.0894825016919339e-06,1.0544098576955685e-06,5.404763391010868e-16,0.9966395859877554,0.9678079808899038,0.07549728941883621,0.07549724537177055,0.029141776414419816,0.021347730522862447,0.19952623149688797,6.938519055041498e-07,0.025548804984751164,0.025587617438109476,3.1965366299271292e-06,0.996789136853979,1.0015190384068018,615.3107235417701
sparse_bayesian_keep75_proposed_rep00_seed12026,sparse,bayesian_keep75,proposed,0,12026,16,16,32,natural_mean,40,1,50,23.0,-74,1024,4,1000.0,10,paper_reference_kkt,update,coordinated_aggregate,True,bayesian,0.75,58532,0.1479,2.3430960106180825,0.06938937334269285,0.1479,2.3430960106180825,0.06938937334269285,0.1568,2.349907583278276,0.08185854171663523,4.190765524953307,2.1049438533441682,2.085821671609139,9.99999999999934e-05,10000.000000000662,9999.999999435351,10000.000000537966,1.5104811113463214e-08,4.223689222792627e-06,5.646488716593012e-07,0.02402399075721688,0.0022000446915626526,0.0,0.0,0.0,1.0464008768555618e-06,1.0584153642412275e-07,117064,1873024,116,1856,0.04475223049794264,0.044752256570119,0.016715789270079426,0.017964692064427717,0.19952623149688797,6.971011583308023e-07,0.023637672536368004,0.024023992760881203,1.5985928369675269e-06,0.9973384481501479,1.0007907474720903,0.008229502286839068,0.008229499372905145,0.017609884500277236,0.01808086955285672,0.19952623091563343,9.284696176864924e-12,1.0620793414433011e-06,1.046400993905436e-06,5.716791195309287e-16,0.9971729463590155,0.9852380872859475,0.08127495870904622,0.08127501376733286,0.01582169403988162,0.017848514575998713,0.19952623149688797,6.971011582689708e-07,0.02363767251250752,0.02402399273809242,3.1971856733633747e-06,0.9975039499412802,1.016343407658233,654.0678592887707
sparse_bayesian_keep75_proposed_rep00_seed12026,sparse,bayesian_keep75,proposed,0,12026,17,17,34,natural_mean,40,1,50,23.0,-74,1024,4,1000.0,10,paper_reference_kkt,update,coordinated_aggregate,True,bayesian,0.75,58532,0.1498,2.3606662468771695,0.08995192642480136,0.1498,2.3606662468771695,0.08995192642480136,0.1555,2.341625679100516,0.08512741614878178,4.218364686757385,2.104882246362523,2.113482440394862,9.999999999999262e-05,10000.000000000739,9999.999999418253,10000.000000669172,1.5753546861776096e-08,4.405721262721718e-06,6.691716407658532e-07,0.02371063094968624,0.0021502189338207245,0.0,0.0,0.0,1.0893654350190307e-06,1.6650483303237706e-07,117064,1990088,116,1972,0.04745132851963726,0.04745133927940593,0.03898378021322406,0.02453937361455607,0.19952623149688797,6.93554062172434e-07,0.023643293201804746,0.02371063075302699,1.5983002350529551e-06,0.9969810339122422,0.9905804993730479,0.00868985475559195,0.00868985399980445,0.03888972423797653,0.024299422878747978,0.1995262307468073,9.193977999385411e-12,1.1135135187907086e-06,1.0893646206035333e-06,5.637911558216437e-16,0.9970036383516822,0.9783128964443266,0.08621280228368257,0.08621282455900742,0.03907783618847158,0.02477932435036416,0.19952623149688797,6.935540621114948e-07,0.023643293175583516,0.02371063072800203,3.1966004695421192e-06,0.9969584294728024,1.0028481023017692,691.7076902757399
sparse_bayesian_keep75_proposed_rep00_seed12026,sparse,bayesian_keep75,proposed,0,12026,18,18,36,natural_mean,40,1,50,23.0,-74,1024,4,1000.0,10,paper_reference_kkt,update,coordinated_aggregate,True,bayesian,0.75,58532,0.1498,2.332840439236258,0.07714100762709977,0.1498,2.332840439236258,0.07714100762709977,0.1552,2.33854569775688,0.0885275734782219,4.195718325772296,2.1007014276493146,2.0950168981229806,9.99999999999918e-05,10000.00000000082,9999.999999423051,10000.000000594693,1.6269047585084276e-08,4.550680284072176e-06,5.946931196376681e-07,0.02495524115371832,0.0034820809960365295,0.0,0.0,0.0,1.0635423578343525e-06,1.342014002148062e-07,117064,2107152,116,2088,0.0720357135147437,0.07203566928826824,0.015068133411221634,0.01821052959549044,0.19952623149688797,6.915295308276208e-07,0.02404473961540315,0.02495524011768735,1.5982966870422716e-06,0.9970866792499977,1.0091169387816412,0.012235798846370018,0.012235802838609575,0.015097911734628058,0.01798485135590097,0.19952622837824535,9.300925872282786e-12,1.084841007591179e-06,1.0635422735053773e-06,5.751820563028335e-16,0.9970024434877657,0.9803669505563911,0.13183562818311736,0.13183553573792692,0.015038355087815211,0.01843620783507991,0.19952623149688797,6.91529530765073e-07,0.02404473959093044,0.02495524009502433,3.196593373509361e-06,0.9971709150122299,1.0378669270068914,731.6972117619589
sparse_bayesian_keep75_proposed_rep00_seed12026,sparse,bayesian_keep75,proposed,0,12026,19,19,38,natural_mean,40,1,50,23.0,-74,1024,4,1000.0,10,paper_reference_kkt,update,coordinated_aggregate,True,bayesian,0.75,58532,0.1573,2.340782384583506,0.07742045778989795,0.1573,2.340782384583506,0.07742045778989795,0.1575,2.3354778296307486,0.08778196902275087,4.152460914293293,2.079494057308372,2.0729668569849213,9.99999999999911e-05,10000.000000000891,9999.999999533202,10000.000000616246,1.6627753287473085e-08,4.651811128181179e-06,6.16246325080283e-07,0.024604324156925095,0.002618391066789627,0.0,0.0,0.0,1.1077764619331646e-06,1.1015072232112288e-07,117064,2224216,116,2204,0.0692208836681709,0.06922089751146843,0.024914064597612008,0.02122570843700767,0.19952623149688797,6.906367213786152e-07,0.024105971960841785,0.024604321406987262,1.5984221155989305e-06,0.9973883227423495,0.9993445036647649,0.010551999636390223,0.01055199752031848,0.02860678612360705,0.021528152330114892,0.19952623130026134,9.455978698605487e-12,1.132677455952979e-06,1.1077763929812198e-06,5.91515667660318e-16,0.9972296768631871,0.978015751369846,0.12788976769995158,0.12788979750261836,0.021221343071616963,0.020923264543900446,0.19952623149688797,6.90636721313881e-07,0.024105971934230988,0.024604321382049193,3.1968442306063453e-06,0.9975469686215118,1.0206732559596838,773.6157112359069
sparse_bayesian_keep75_proposed_rep00_seed12026,sparse,bayesian_keep75,proposed,0,12026,20,20,40,natural_mean,40,1,50,23.0,-74,1024,4,1000.0,10,paper_reference_kkt,update,coordinated_aggregate,True,bayesian,0.75,58532,0.1518,2.33178098996866,0.08679625456333162,0.1518,2.33178098996866,0.08679625456333162,0.1574,2.3263398953692067,0.09054165869951246,4.151916588845831,2.0643933241220402,2.0875232647237905,9.99999999999905e-05,10000.000000000948,9999.999999620222,10000.000000611368,1.712788873527178e-08,4.792190774257432e-06,6.11367795499973e-07,0.023268820464102564,0.002140738070011139,0.0,0.0,0.0,1.0660377042298458e-06,1.6227204469032586e-07,117064,2341280,116,2320,0.04789098649497953,0.047891021415629606,0.038573324779257095,0.02374995390992036,0.19952623149688797,6.939851741292197e-07,0.023303049628094798,0.023268819661770728,1.598384357359954e-06,0.9972303542851966,0.9909659616856736,0.010266677159086217,0.010266663778678093,0.04060294844472125,0.023370404798655337,0.19952623111045523,9.403444677726416e-12,1.0840312561025221e-06,1.066037075359475e-06,5.880242431554069e-16,0.9972056983294684,0.9834007086804055,0.08551529583087285,0.08551537905258112,0.03654370111379293,0.024129503021185376,0.19952623149688797,6.939851740655117e-07,0.02330304960288085,0.023268819637351033,3.1967687141318837e-06,0.9972550102409249,0.9985312146909417,814.1407206389122
sparse_bayesian_keep75_proposed_rep00_seed12026,sparse,bayesian_keep75,proposed,0,12026,21,21,42,natural_mean,40,1,50,23.0,-74,1024,4,1000.0,10,paper_reference_kkt,update,coordinated_aggregate,True,bayesian,0.75,58532,0.1563,2.3172645916522137,0.07124433299556372,0.1563,2.3172645916522137,0.07124433299556372,0.1576,2.3176717910684923,0.08766653079241513,4.14751762443224,2.074240070593286,2.0732775538389534,9.999999999998968e-05,10000.000000001033,9999.999999566782,10000.000000672548,1.765751714683195e-08,4.941254359278961e-06,6.725476850988343e-07,0.023225909233712767,0.002028636634349823,0.0,0.0,0.0,1.087951935965465e-06,1.080570655176416e-07,117064,2458344,116,2436,0.04913885156042318,0.04913880804908442,0.026405075078086798,0.0203078237247279,0.19952623149688797,6.942695789986268e-07,0.02319693533049662,0.023225906849139773,1.5985389316644841e-06,0.9972745090031678,0.9889913622847124,0.012546586877503362,0.012546589966907693,0.024551652019685746,0.019795868590791927,0.19952622984178078,9.579247594130324e-12,1.1138682911776443e-06,1.0879528780990058e-06,6.064484178554435e-16,0.9969908763403201,0.9767338262564127,0.085731116243343,0.08573102613126116,0.02825849813648785,0.02081977885866387,0.19952623149688797,6.942695789325415e-07,0.02319693530375381,0.02322590682365871,3.1970778627225198e-06,0.9975581416660155,1.0012488983130121,854.6737136598676
sparse_bayesian_keep75_proposed_rep00_seed12026,sparse,bayesian_keep75,proposed,0,12026,22,22,44,natural_mean,40,1,50,23.0,-74,1024,4,1000.0,10,paper_reference_kkt,update,coordinated_aggregate,True,bayesian,0.75,58532,0.1475,2.323701744850157,0.1036313939844072,0.1475,2.323701744850157,0.1036313939844072,0.1572,2.305811893772948,0.0924373723745346,4.095676698551975,2.0438676379072973,2.051809060644677,9.999999999998907e-05,10000.000000001091,9999.999999586675,10000.000000701535,1.8094061904798327e-08,5.063968839960454e-06,7.015351002337411e-07,0.024972622893594726,0.0018429234623908997,0.0,0.0,0.0,1.1065934762259937e-06,1.2447708286345005e-07,117064,2575408,116,2552,0.025744248454770947,0.02574426183830282,0.026131225232742646,0.02107072543553215,0.19952623149688797,6.922195040108312e-07,0.025078372749948695,0.024972623407238385,1.5985468058919065e-06,0.9974239382606094,0.9891036727440935,0.011648804218690783,0.011648802346467755,0.026537600308925432,0.020694033235642183,0.19952623145548035,9.44443522845976e-12,1.1263912229647117e-06,1.1065936715286643e-06,5.932578775401971e-16,0.997191165908673,0.9824239328589858,0.039839692690851115,0.039839721330137884,0.02572485015655986,0.02144741763542212,0.19952623149688797,6.922195039464027e-07,0.02507837272465285,0.024972623382720546,3.197093611190555e-06,0.9976567106125458,0.9957834126292012,894.3886722689494
sparse_bayesian_keep75_proposed_rep00_seed12026,sparse,bayesian_keep75,proposed,0,12026,23,23,46,natural_mean,40,1,50,23.0,-74,1024,4,1000.0,10,paper_reference_kkt,update,coordinated_aggregate,True,bayesian,0.75,58532,0.1575,2.307363415788052,0.0635982914932072,0.1575,2.307363415788052,0.0635982914932072,0.156,2.3020912859132387,0.09594304272979497,4.11887301261098,2.046818530725438,2.072054481885542,9.999999999998824e-05,10000.000000001177,9999.999999571739,10000.00000080256,1.853155473917267e-08,5.187405824084277e-06,8.025599527172744e-07,0.027555356792173195,0.0022796019911766052,0.0,0.0,0.0,1.1504902354899748e-06,1.3834505807608366e-07,117064,2692472,116,2668,0.02506712665954419,0.02506714669892585,0.02911082362206068,0.02141671848856805,0.19952623149688797,6.928718156475631e-07,0.027548621683099288,0.027555358302456572,1.5986514664218412e-06,0.9975547950249175,0.9894940451317713,0.011193992079701407,0.011193995849601927,0.03257156453291949,0.02089809472874509,0.19952623145207235,9.919111090422995e-12,1.175476246045947e-06,1.1504897511209464e-06,6.547436929930669e-16,0.9972801580870241,0.9787434597251511,0.03894026123938697,0.03894029754824977,0.02565008271120187,0.021935342248391006,0.19952623149688797,6.928718155765625e-07,0.027548621658021,0.027555358278438982,3.1973029321889387e-06,0.997829431962811,1.0002446305383916,934.2756911311299
sparse_bayesian_keep75_proposed_rep00_seed12026,sparse,bayesian_keep75,proposed,0,12026,24,24,48,natural_mean,40,1,50,23.0,-74,1024,4,1000.0,10,paper_reference_kkt,update,coordinated_aggregate,True,bayesian,0.75,58532,0.1438,2.3038818133274357,0.1030867783775926,0.1438,2.3038818133274357,0.1030867783775926,0.1581,2.2929514908602293,0.0946024454444647,4.084499339033547,2.0346401222183497,2.0498592168151974,9.999999999998762e-05,10000.000000001239,9999.99999963992,10000.000000803875,1.8814323260296122e-08,5.267345544228977e-06,8.038750820560381e-07,0.029457554433646192,0.0034401342272758484,0.0,0.0,0.0,1.0827098534068207e-06,1.189655449707061e-07,117064,2809536,116,2784,0.03496964646961054,0.03496964956486289,0.02259327502223578,0.02058778807035548,0.19952623149688797,6.948033174392182e-07,0.02919872880388002,0.02945755556333532,1.598624104761217e-06,0.9973549690653831,0.9926886898555116,0.012441942774812387,0.012441951874289436,0.024240733676580334,0.02017666597278401,0.19952623066696043,9.42913070121509e-12,1.108751669198171e-06,1.082710584298665e-06,5.867668150323757e-16,0.9971177686301037,0.9765131070094228,0.05749735016440869,0.05749734725543635,0.020945816367891227,0.020998910167926956,0.19952623149688797,6.948033173752371e-07,0.029198728782828927,0.02945755554343784,3.1972482089356674e-06,0.9975921695006627,1.0088642727016004,975.6304989848286
sparse_bayesian_keep75_proposed_rep00_seed12026,sparse,bayesian_keep75,proposed,0,12026,25,25,50,natural_mean,40,1,50,23.0,-74,1024,4,1000.0,10,paper_reference_kkt,update,coordinated_aggregate,True,bayesian,0.75,58532,0.1584,2.287022199686304,0.07789835354849696,0.1584,2.287022199686304,0.07789835354849696,0.1585,2.2865013841343367,0.09122057456672193,4.086417395362323,2.0555170931351587,2.0309003022271646,9.999999999998643e-05,10000.000000001357,9999.999999621221,10000.000000793812,1.9304624450422934e-08,5.406232972998631e-06,7.938124326756224e-07,0.025576331506934703,0.002811744809150696,0.0,0.0,0.0,1.1720443356224658e-06,1.1662996257655323e-07,117064,2926600,116,2900,0.04448422842971743,0.04448417996312641,0.03022514056084174,0.022194230848015403,0.19952623149688797,6.964581441807275e-07,0.02535614779861501,0.02557633230020665,1.5987392860020753e-06,0.9975749975541137,0.9949388804388939,0.009997742760653308,0.00999774684655094,0.033406919742402,0.022078587952982818,0.19952622965028977,1.0299522046284561e-11,1.1945079807688822e-06,1.172044198364541e-06,7.014961773442755e-16,0.9974918729376647,0.9811940974145275,0.07897071409878155,0.07897061307970188,0.027043361379281476,0.022309873743047992,0.19952623149688797,6.964581441045707e-07,0.025356147770478846,0.025576332273351987,3.1974785713026544e-06,0.9976581221705627,1.0086836634632603,1014.1277278237976
sparse_bayesian_keep75_proposed_rep00_seed12026,sparse,bayesian_keep75,proposed,0,12026,26,26,52,natural_mean,40,1,50,23.0,-74,1024,4,1000.0,10,paper_reference_kkt,update,coordinated_aggregate,True,bayesian,0.75,58532,0.146,2.2844833342516906,0.09882057577505704,0.146,2.2844833342516906,0.09882057577505704,0.1561,2.2748444074609577,0.09972393674403428,4.065336609645108,2.036900075529489,2.0284365341156185,9.999999999998541e-05,10000.00000000146,9999.99999963388,10000.000000817914,1.9737297151531404e-08,5.528872274900689e-06,8.17914042272605e-07,0.02749953288348608,0.002199903130531311,0.0,0.0,0.0,1.1208008351325917e-06,1.0902658686973155e-07,117064,3043664,116,3016,0.026595440272553172,0.02659544106615322,0.025321733199963198,0.020117310229401907,0.19952623149688797,6.965929276418185e-07,0.027570860139476516,0.027499533059168316,1.5987250145822036e-06,0.997275182848363,0.9894192802009361,0.00910928038380476,0.009109268909077237,0.026454540522691826,0.019881735740259587,0.19952622999086134,9.794420120710933e-12,1.1420132244695592e-06,1.120801186818324e-06,6.347331599201172e-16,0.9967120957379985,0.9814257738104281,0.04408160016130159,0.0440816132232292,0.02418892587723457,0.020352884718544226,0.19952623149688797,6.965929275729615e-07,0.02757086011582484,0.027499533036328013,3.197450028529674e-06,0.9978382699587277,0.9974127865914442,1051.6364379827864
sparse_bayesian_keep75_proposed_rep00_seed12026,sparse,bayesian_keep75,proposed,0,12026,27,27,54,natural_mean,40,1,50,23.0,-74,1024,4,1000.0,10,paper_reference_kkt,update,coordinated_aggregate,True,bayesian,0.75,58532,0.1591,2.2767427666306683,0.09095728087976575,0.1591,2.2767427666306683,0.09095728087976575,0.1591,2.284511980838829,0.09479948824644091,4.0724602541914035,2.0249252910879445,2.0475349631034594,9.999999999998451e-05,10000.000000001548,9999.999999616331,10000.000000679802,2.021637861041995e-08,5.6641893591491176e-06,6.798018148401752e-07,0.03201125131797078,0.002795431762933731,0.0,0.0,0.0,1.222663497515381e-06,1.381122274324298e-07,117064,3160728,116,3132,0.02150326670298604,0.021503246860761195,0.038742150193569906,0.021735283039149414,0.19952623149688797,6.938590971694316e-07,0.03202823575555573,0.03201125337323154,1.598911781735397e-06,0.9965136950121244,0.9895667733010964,0.010196762215413852,0.010196762239272402,0.03746130440930035,0.02121354887905811,0.19952623114806536,1.0511228998130597e-11,1.248043440156595e-06,1.2226629559505143e-06,7.355189384557612e-16,0.9953993531483097,0.9796637603303878,0.03280977119055823,0.032809731482249985,0.04002299597783946,0.022257017199240715,0.19952623149688797,6.938590970898145e-07,0.032028235731239495,0.03201125334988187,3.1978235627352752e-06,0.997628036875939,0.999469786271805,1092.304370875936
sparse_bayesian_keep75_proposed_rep00_seed12026,sparse,bayesian_keep75,proposed,0,12026,28,28,56,natural_mean,40,1,50,23.0,-74,1024,4,1000.0,10,paper_reference_kkt,update,coordinated_aggregate,True,bayesian,0.75,58532,0.1408,2.2893320942914253,0.11333679389253258,0.1408,2.2893320942914253,0.11333679389253258,0.1471,2.2818480005883384,0.12172604474276308,4.040400492173303,2.0118086778856887,2.028591814287614,9.999999999998388e-05,10000.000000001613,9999.999999671756,10000.000000647102,2.0498960922873952e-08,5.744305920570744e-06,6.471018423326313e-07,0.03760527105444469,0.0026969313621520996,0.0,0.0,0.0,1.108786306157895e-06,1.476164470659569e-07,117064,3277792,116,3248,0.026125121542205677,0.026125114576734568,0.024791252961808244,0.01954674521175348,0.19952623149688797,6.973626496264998e-07,0.0376450372259247,0.03760527237169603,1.5987393647620803e-06,0.9971484961250412,0.9862981520330494,0.019923824990781037,0.019923813953523353,0.025723294109204178,0.01936177799320435,0.19952622977764248,9.55075484194035e-12,1.1387901889429143e-06,1.1087859528831396e-06,6.102177274634471e-16,0.9967587511925212,0.9736525061865162,0.03232641809363032,0.03232641519994578,0.023859211814412314,0.019731712430302608,0.19952623149688797,6.973626495610985e-07,0.03764503720870008,0.037605272355349835,3.197478728913943e-06,0.9975382410575612,0.9989437978795825,1134.3506716578268
sparse_bayesian_keep75_proposed_rep00_seed12026,sparse,bayesian_keep75,proposed,0,12026,29,29,58,natural_mean,40,1,50,23.0,-74,1024,4,1000.0,10,paper_reference_kkt,update,coordinated_aggregate,True,bayesian,0.75,58532,0.1562,2.289497264415383,0.09444981080070136,0.1562,2.289497264415383,0.09444981080070136,0.1567,2.2940306852407355,0.10289979701787232,4.074118114418348,2.0381089163110935,2.0360091981072546,9.999999999998283e-05,10000.000000001717,9999.999999679989,10000.000000627673,2.096483787388528e-08,5.876347529995455e-06,6.276732165133581e-07,0.04539408507021396,0.0040607936680316925,0.0,0.0,0.0,1.2873784376003458e-06,1.347088982583955e-07,117064,3394856,116,3364,0.018227251076521393,0.01822725527228193,0.030526982280782218,0.019189251016999177,0.19952623149688797,6.956829472544098e-07,0.04530954696741677,0.04539407991294751,1.5988751893507847e-06,0.9962731481929765,0.991791847889211,0.01267404939800209,0.012674040553197237,0.028295745215268082,0.018070504241950933,0.19952623142753648,1.1103746852641518e-11,1.3113517772891181e-06,1.2873776027942226e-06,8.195359270446228e-16,0.9950215838423438,0.9817179639610436,0.023780452755040697,0.023780469991366626,0.03275821934629636,0.020307997792047425,0.19952623149688797,6.956829471657967e-07,0.04530954694844016,0.04539407989469248,3.1977503778820336e-06,0.9975247125436093,1.0018657318173785,1176.1096682008356
sparse_bayesian_keep75_proposed_rep00_seed12026,sparse,bayesian_keep75,proposed,0,12026,30,30,60,natural_mean,40,1,50,23.0,-74,1024,4,1000.0,10,paper_reference_kkt,update,coordinated_aggregate,True,bayesian,0.75,58532,0.1352,2.298969329143366,0.13010087485045194,0.1352,2.298969329143366,0.13010087485045194,0.1412,2.2992702817422987,0.144055554048717,4.016797588264966,2.002477860877338,2.0143197273876274,9.999999999998239e-05,10000.00000000176,9999.999999684389,10000.00000061011,2.131356249678252e-08,5.9744116243810595e-06,6.101108738221228e-07,0.052474768178796295,0.003455214202404022,0.0,0.0,0.0,1.0622281104622336e-06,9.930772648658603e-08,117064,3511920,116,3480,0.014756061165707428,0.01475605522775746,0.025711212876134495,0.020036817351843574,0.19952623149688797,6.963855009939403e-07,0.052372096291556466,0.05247476531473375,1.5989077012939608e-06,0.9974557114101992,0.9930731315243897,0.008371019588984611,0.008371027005381419,0.03171994689349138,0.020352089225485794,0.199526231188499,9.267373552074307e-12,1.0792958151891579e-06,1.0622277118508145e-06,5.658870626969729e-16,0.997400958415268,0.9841858609192584,0.021141102742430244,0.021141083450133498,0.019702478858777617,0.019721545478201354,0.19952623149688797,6.963855009322759e-07,0.05237209628043528,0.05247476530398261,3.1978154020220346e-06,0.9975104644051302,1.001960402129521,1215.922724680975
sparse_bayesian_keep75_proposed_rep00_seed12026,sparse,bayesian_keep75,proposed,0,12026,31,31,62,natural_mean,40,1,50,23.0,-74,1024,4,1000.0,10,paper_reference_kkt,update,coordinated_aggregate,True,bayesian,0.75,58532,0.153,2.3240909099897165,0.10145937464386226,0.153,2.3240909099897165,0.10145937464386226,0.1528,2.3245686005434263,0.1184781777650118,4.128169518578834,2.067726207300872,2.060443311277962,9.999999999998134e-05,10000.000000001866,9999.999999649977,10000.000000620877,2.1842431743925876e-08,6.124141201685116e-06,6.208774721017107e-07,0.0692496776767395,0.004699390381574631,0.0,0.0,0.0,1.2745640835456693e-06,1.642256393097341e-07,117064,3628984,116,3596,0.009163540907875366,0.009163534879533152,0.03712074974175765,0.020122820555316986,0.19952623149688797,6.931496763940453e-07,0.06969368108499702,0.06924967812856479,1.5989665935855106e-06,0.9958988222897982,0.9892329388555661,0.007939070394465956,0.0079390695787425,0.03638395422082319,0.019237213292595937,0.19952623079347426,1.098614740000925e-11,1.2941884291223102e-06,1.2745642397847523e-06,8.005274581241111e-16,0.9949466552539807,0.9848366460159645,0.010388011421284779,0.010388000180323806,0.03785754526269211,0.021008427818038033,0.19952623149688797,6.931496763069822e-07,0.06969368107298068,0.0692496781168354,3.1979331863704937e-06,0.9968509893256157,0.9936292316951676,1256.9757111067884
sparse_bayesian_keep75_proposed_rep00_seed12026,sparse,bayesian_keep75,proposed,0,12026,32,32,64,natural_mean,40,1,50,23.0,-74,1024,4,1000.0,10,paper_reference_kkt,update,coordinated_aggregate,True,bayesian,0.75,58532,0.1274,2.3370652120260442,0.17442364330142737,0.1274,2.3370652120260442,0.17442364330142737,0.1418,2.3098130337351903,0.16092872495651245,4.041025258437777,2.016241762984107,2.02478349545367,9.999999999998098e-05,10000.0000000019,9999.999999654423,10000.000000617052,2.216312451599135e-08,6.214252126544886e-06,6.170521373860538e-07,0.06927948015703246,0.003396628424525261,0.0,0.0,0.0,1.0698633962255955e-06,2.0063453121110797e-07,117064,3746048,116,3712,0.010225219721573205,0.01022521944162989,0.024765699557456153,0.019720596133153145,0.19952623149688797,6.946544721191822e-07,0.0695625860541566,0.06927947460460439,1.598860025970931e-06,0.9969426464454935,0.9845575050182666,0.01229575137403857,0.012295754873967404,0.024920054370717044,0.019641580536974467,0.19952623133608727,9.109775846400722e-12,1.0993423531387302e-06,1.0698633890919175e-06,5.52816738109207e-16,0.9963347108824593,0.9731848997191275,0.008154688069107841,0.008154684009292373,0.024611344744195265,0.019799611729331822,0.19952623149688797,6.946544720594489e-07,0.0695625860454698,0.0692794745963436,3.197720051389045e-06,0.9975505820085276,0.9959301103174056,1301.333702230826
sparse_bayesian_keep75_proposed_rep00_seed12026,sparse,bayesian_keep75,proposed,0,12026,33,33,66,natural_mean,40,1,50,23.0,-74,1024,4,1000.0,10,paper_reference_kkt,update,coordinated_aggregate,True,bayesian,0.75,58532,0.158,2.28688899859494,0.10438661501273512,0.158,2.28688899859494,0.10438661501273512,0.155,2.308456335737078,0.12140426930636168,4.076899664634265,2.0374155230360995,2.039484141598165,9.999999999998011e-05,10000.000000001988,9999.999999663707,10000.000000727334,2.2651932586431523e-08,6.3523868148355965e-06,7.27333826944232e-07,0.06535723072609188,0.003745999187231064,0.0,0.0,0.0,1.2201336831907254e-06,1.1107840691693127e-07,117064,3863112,116,3828,0.012282918087114002,0.012282910840624713,0.03202799775157074,0.020836902551554203,0.19952623149688797,6.964626890676764e-07,0.06534622449605987,0.0653572296215817,1.5990435620237405e-06,0.996300496436136,0.9883090589112277,0.015444369132392102,0.015444367097129064,0.03243353615506721,0.019536996659680627,0.19952623123636337,1.0732203033652672e-11,1.249561802969888e-06,1.2201341778774147e-06,7.65396635782853e-16,0.9957026704719746,0.976449671407648,0.009121467041835902,0.009121454584120364,0.031622459348074276,0.02213680844342778,0.19952623149688797,6.964626889849871e-07,0.0653462244841127,0.06535722961019255,3.1980871232820843e-06,0.9968983224002975,1.0001684464148073,1341.3217142820358
sparse_bayesian_keep75_proposed_rep00_seed12026,sparse,bayesian_keep75,proposed,0,12026,34,34,68,natural_mean,40,1,50,23.0,-74,1024,4,1000.0,10,paper_reference_kkt,update,coordinated_aggregate,True,bayesian,0.75,58532,0.1389,2.314523214158481,0.1462871581873298,0.1389,2.314523214158481,0.1462871581873298,0.1506,2.28692442050565,0.14088959001004694,4.021916604468647,2.0044675682932436,2.0174490361754036,9.999999999997964e-05,10000.000000002035,9999.999999646489,10000.000000644954,2.2811689298462885e-08,6.398002627391395e-06,6.449536158470437e-07,0.06298334687605428,0.003396091051399708,0.0,0.0,0.0,1.0356117607601962e-06,1.2861892173532397e-07,117064,3980176,116,3944,0.011869976388702786,0.011869975511120246,0.029432084856301072,0.0209730678399572,0.19952623149688797,6.942941069575491e-07,0.06295507994353976,0.06298334694377271,1.5992584502002178e-06,0.9970102099142517,0.9909985357448967,0.014117074516992926,0.014117070498784485,0.030444245568544193,0.020885527591246324,0.19952623063363104,9.029249238878699e-12,1.0550812899635481e-06,1.0356129593752373e-06,5.435150458274802e-16,0.996546793453831,0.9815480694036052,0.009622878260412646,0.009622880523456008,0.028419924144057952,0.021060608088668074,0.19952623149688797,6.942941068988367e-07,0.06295507993469857,0.06298334693525859,3.1985168998569203e-06,0.9974736263746723,1.0004490020861883,1381.0017193057574
sparse_bayesian_keep75_proposed_rep00_seed12026,sparse,bayesian_keep75,proposed,0,12026,35,35,70,natural_mean,40,1,50,23.0,-74,1024,4,1000.0,10,paper_reference_kkt,update,coordinated_aggregate,True,bayesian,0.75,58532,0.1603,2.28684509602841,0.0945205790577829,0.1603,2.28684509602841,0.0945205790577829,0.1604,2.2876091446907685,0.11870448847115041,4.046515913369879,2.025723385668654,2.020792527701224,9.99999999999786e-05,10000.000000002141,9999.999999622605,10000.000000683773,2.326194200013955e-08,6.525927170478998e-06,6.837726687081158e-07,0.05547496334001796,0.004334375262260437,0.0,0.0,0.0,1.219491988496478e-06,1.2612690625246614e-07,117064,4097240,116,4060,0.017890235350803467,0.017890241578349477,0.02816423229232243,0.018768394577037814,0.19952623149688797,6.991382377848996e-07,0.05496248347294685,0.055474963099746616,1.598901544337992e-06,0.9962686824024887,0.9943586295033446,0.012942235335245996,0.012942222438069828,0.030129974869617184,0.01809761029859676,0.199526230814152,1.0593772519459533e-11,1.2451508350909705e-06,1.2194922047205887e-06,7.49089585324858e-16,0.9951957646822186,0.979393105430437,0.022838235366360937,0.022838260718629128,0.026198489715027678,0.019439178855478873,0.19952623149688797,6.991382377046379e-07,0.05496248345884268,0.05547496308634272,3.197803087926894e-06,0.9973416001227586,1.0093241535762523,1420.0979835470207
sparse_bayesian_keep75_proposed_rep00_seed12026,sparse,bayesian_keep75,proposed,0,12026,36,36,72,natural_mean,40,1,50,23.0,-74,1024,4,1000.0,10,paper_reference_kkt,update,coordinated_aggregate,True,bayesian,0.75,58532,0.1545,2.2607968624696873,0.11788943726003169,0.1545,2.2607968624696873,0.11788943726003169,0.1534,2.2731397019817923,0.14227889515310527,3.984402619014915,1.9961818175571817,1.9882208014577336,9.999999999997795e-05,10000.000000002205,9999.999999642441,10000.000000752241,2.363507125930508e-08,6.63132581374896e-06,7.522412488469854e-07,0.054897214641479675,0.003076065331697464,0.0,0.0,0.0,1.0691718160230276e-06,1.7247111827600747e-07,117064,4214304,116,4176,0.016250836690297553,0.01625083237085507,0.025539404577510152,0.01942258341546834,0.19952623149688797,6.931168020063852e-07,0.05534225067416596,0.05489721324338583,1.5990902682325e-06,0.9970797774889428,0.9834674289062499,0.015454330754655793,0.015454324988639098,0.026332089411973767,0.01931335658049326,0.19952622961909408,9.239465731624904e-12,1.0966125359263411e-06,1.069171282158422e-06,5.69593377767356e-16,0.996749519105989,0.9749763139011448,0.01704734262593931,0.017047339753071038,0.024746719743046538,0.019531810250443423,0.19952623149688797,6.931168019448027e-07,0.055342250663301215,0.05489721323297431,3.198180535895407e-06,0.9974100358718968,0.991958543911355,1462.7107299570926
sparse_bayesian_keep75_proposed_rep00_seed12026,sparse,bayesian_keep75,proposed,0,12026,37,37,74,natural_mean,40,1,50,23.0,-74,1024,4,1000.0,10,paper_reference_kkt,update,coordinated_aggregate,True,bayesian,0.75,58532,0.1591,2.272140056480808,0.11668767421439291,0.1591,2.272140056480808,0.11668767421439291,0.1617,2.275626937097866,0.12916273835897446,4.017757394536588,2.010930460253008,2.0068269342835805,9.999999999997698e-05,10000.000000002303,9999.999999645275,10000.000000867387,2.4163830714423225e-08,6.780997592696804e-06,8.673869160702452e-07,0.05119414880393408,0.0030945241451263428,0.0,0.0,0.0,1.2048381311245514e-06,1.6613194020465016e-07,117064,4331368,116,4292,0.014523355361388919,0.014523368331496846,0.039599216692145285,0.022704533394164214,0.19952623149688797,6.937398629688065e-07,0.05041277360305693,0.05119415180087131,1.599002485483119e-06,0.9971953968080078,0.9981952613642404,0.006405200866606839,0.006405200822230898,0.03811787823449631,0.02144656983382706,0.19952623132792663,1.0206143552933216e-11,1.2283101436083831e-06,1.2048382036327979e-06,6.93695540691752e-16,0.9972039896505908,0.9808908493304148,0.022641509856171,0.022641535840762794,0.04108055514979426,0.023962496954501363,0.19952623149688797,6.937398628937313e-07,0.050412773588093006,0.051194151786693565,3.1980049702725427e-06,0.9971868039654248,1.0154996733980661,1501.9567430741154
sparse_bayesian_keep75_proposed_rep00_seed12026,sparse,bayesian_keep75,proposed,0,12026,38,38,76,natural_mean,40,1,50,23.0,-74,1024,4,1000.0,10,paper_reference_kkt,update,coordinated_aggregate,True,bayesian,0.75,58532,0.1394,2.2813648174069057,0.13903575121715667,0.1394,2.2813648174069057,0.13903575121715667,0.1513,2.2847950389309597,0.14767449924647805,3.9592657824870843,1.9881726149299275,1.971093167557157,9.999999999997613e-05,10000.000000002388,9999.999999645433,10000.000000865473,2.4546533276869797e-08,6.889697387772046e-06,8.65473339217715e-07,0.060271965144547225,0.0036004669964313507,0.0,0.0,0.0,1.04848405454867e-06,8.568167686462402e-08,117064,4448432,116,4408,0.012221440570480292,0.012221446086671944,0.02280353969547922,0.021170633039314133,0.19952623149688797,6.949749453256366e-07,0.060502058526901194,0.06027196758759066,1.5989488730192838e-06,0.997000537364015,0.9864717713261835,0.012330920495802809,0.012330929502910539,0.026151868021085187,0.02114550196727916,0.19952623125486438,9.265044956748579e-12,1.0734449479375571e-06,1.0484837109251785e-06,5.707620752357295e-16,0.9966185635677846,0.9767465630701931,0.012111960645157774,0.012111962670433352,0.019455211369873254,0.021195764111349106,0.19952623149688797,6.949749452638782e-07,0.06050205851737851,0.06027196757847101,3.1978977454678054e-06,0.9973825111602453,0.9961969795821739,1542.0627318308689
sparse_bayesian_keep75_proposed_rep00_seed12026,sparse,bayesian_keep75,proposed,0,12026,39,39,78,natural_mean,40,1,50,23.0,-74,1024,4,1000.0,10,paper_reference_kkt,update,coordinated_aggregate,True,bayesian,0.75,58532,0.1577,2.2980963288313325,0.11875600861176845,0.1577,2.2980963288313325,0.11875600861176845,0.1608,2.3216985906714354,0.13196545714586974,4.0744785551522416,2.044201084918104,2.0302774702341373,9.999999999997516e-05,10000.000000002483,9999.999999622407,10000.000000796694,2.5174816658294617e-08,7.067000628808721e-06,7.96693711890839e-07,0.08539383442256611,0.0068213120102882385,0.0,0.0,0.0,1.280706525502846e-06,1.2729287846013904e-07,117064,4565496,116,4524,0.00920467125169789,0.00920467123023632,0.032174624235905704,0.01982271423475713,0.19952623149688797,6.939823067615155e-07,0.08569585736466791,0.08539383443090331,1.5992602935530386e-06,0.9954921930174866,0.9854358246675398,0.01214717087718173,0.012147168409000923,0.02908264217098451,0.018141773398083177,0.1995262312892748,1.1168482691053053e-11,1.3143593637039944e-06,1.2807065098622824e-06,8.323551908570461e-16,0.9940350331958511,0.974395984009642,0.00626217162621405,0.00626217405147172,0.0352666063008269,0.021503655071431083,0.19952623149688797,6.939823066716464e-07,0.08569585735458841,0.08539383442129952,3.198520586273722e-06,0.9969493528391221,0.9964756653254375,1582.2227080711164
sparse_bayesian_keep75_proposed_rep00_seed12026,sparse,bayesian_keep75,proposed,0,12026,40,40,80,natural_mean,40,1,50,23.0,-74,1024,4,1000.0,10,paper_reference_kkt,update,coordinated_aggregate,True,bayesian,0.75,58532,0.1376,2.303543883036402,0.15431880920931695,0.1376,2.303543883036402,0.15431880920931695,0.1475,2.2987274412763234,0.1625407472997904,3.985152025014221,1.9903808305562136,1.9947711944580078,9.999999999997489e-05,10000.000000002512,9999.999999540732,10000.000000751823,2.5520285496122865e-08,7.163805924031166e-06,7.518228812841699e-07,0.0803159364027988,0.003869175910949707,0.0,0.0,0.0,1.087502211509192e-06,1.800926838768646e-07,117064,4682560,116,4640,0.006954132480336387,0.006954135005653415,0.027430432753133872,0.02044423185841323,0.19952623149688797,6.896728474103016e-07,0.08059596205088577,0.08031593917696767,1.5991712120438027e-06,0.99734153646122,0.9894033031908858,0.008370498856991667,0.008370502575120823,0.029097990902846364,0.02011026063157047,0.19952623128751742,9.213800248790201e-12,1.1071190924438357e-06,1.0875020673426063e-06,5.67608160305142e-16,0.9968669276679774,0.9822810055548177,0.005537766103681106,0.005537767436186008,0.025762874603421384,0.02077820308525599,0.19952623149688797,6.896728473487549e-07,0.08059596204328172,0.08031593916960511,3.198342423519997e-06,0.9978161452544627,0.9965256008269537,1623.8326651738025
sparse_bayesian_keep75_proposed_rep00_seed12026,sparse,bayesian_keep75,proposed,0,12026,41,41,82,natural_mean,40,1,50,23.0,-74,1024,4,1000.0,10,paper_reference_kkt,update,coordinated_aggregate,True,bayesian,0.75,58532,0.1642,2.265974934573859,0.10696889730863272,0.1642,2.265974934573859,0.10696889730863272,0.1662,2.285502020576303,0.12678994171470406,4.051205315409788,2.0294684135179164,2.021736901891871,9.999999999997373e-05,10000.000000002625,9999.999999417243,10000.000000902883,2.6038546258465907e-08,7.310973969473046e-06,9.02882675291039e-07,0.0682750964142894,0.0033330097794532776,0.0,0.0,0.0,1.2284756813792827e-06,1.510597940068692e-07,117064,4799624,116,4756,0.009730806874459657,0.00973080715002265,0.021486827385153395,0.01863700325353149,0.19952623149688797,6.957839889159988e-07,0.06798787079731808,0.06827509975252653,1.599138491991893e-06,0.9969921513051223,0.9932841316406723,0.007354638715756205,0.007354637761681806,0.024215499491665883,0.01854884882711283,0.19952623142532805,1.0504462066504079e-11,1.2505559410804132e-06,1.2284755676744989e-06,7.358000170462449e-16,0.9970843427588865,0.982343488087978,0.01210697503316311,0.012106976538363493,0.01875815527864091,0.01872515767995015,0.19952623149688797,6.957839888367043e-07,0.06798787078581683,0.06827509974147454,3.198276983247986e-06,0.9968999598513582,1.0042247751933666,1662.9666599421762
sparse_bayesian_keep75_proposed_rep00_seed12026,sparse,bayesian_keep75,proposed,0,12026,42,42,84,natural_mean,40,1,50,23.0,-74,1024,4,1000.0,10,paper_reference_kkt,update,coordinated_aggregate,True,bayesian,0.75,58532,0.1514,2.268230080665721,0.126824280731827,0.1514,2.268230080665721,0.126824280731827,0.1564,2.2739047909627037,0.15145403100103141,3.943125846134739,1.9819721707292863,1.9611536754054526,9.999999999997306e-05,10000.000000002696,9999.999999426429,10000.000000927845,2.6370655263828543e-08,7.405261002215732e-06,9.278446668758988e-07,0.06482180652646016,0.0034967362880706787,0.0,0.0,0.0,1.0401533413511206e-06,8.648748917039484e-08,117064,4916688,116,4872,0.010320880873445033,0.010320880315877183,0.032712031524428246,0.0218687540922846,0.19952623149688797,6.921053248126145e-07,0.06509287641575486,0.06482180837722949,1.5990808661999503e-06,0.9976226554238217,0.9915191835646657,0.009092203084001535,0.009092209710927307,0.03742780288826892,0.022099500887471202,0.19952623057925975,9.02871813416617e-12,1.0536368310119373e-06,1.0401531845963307e-06,5.377943403249773e-16,0.9975456609016967,0.9872027314995264,0.011549558662888532,0.011549550920827061,0.027996260160587576,0.021638007297098003,0.19952623149688797,6.921053247537233e-07,0.06509287640722743,0.06482180836888417,3.1981617318621062e-06,0.9976996499459467,0.9958356356298051,1702.2176817459986
sparse_bayesian_keep75_proposed_rep00_seed12026,sparse,bayesian_keep75,proposed,0,12026,43,43,86,natural_mean,40,1,50,23.0,-74,1024,4,1000.0,10,paper_reference_kkt,update,coordinated_aggregate,True,bayesian,0.75,58532,0.1704,2.2695099487113497,0.10914713803246616,0.1704,2.2695099487113497,0.10914713803246616,0.1707,2.2744710080410213,0.1217150503963232,4.007098155467221,1.9927548065337226,2.0143433489334988,9.999999999997205e-05,10000.000000002796,9999.999999429785,10000.00000098358,2.6755704769112643e-08,7.515154422181841e-06,9.835803211899474e-07,0.06175238007056116,0.0035536065697669983,0.0,0.0,0.0,1.1906413172562151e-06,1.3341741578187793e-07,117064,5033752,116,4988,0.013175495985772136,0.013175493588645944,0.02997895268693519,0.020143896560210234,0.19952623149688797,6.951178574057992e-07,0.06131728445670867,0.061752381236024716,1.599277929568081e-06,0.9967888933316671,0.9936257201228571,0.01021784905958838,0.01021785585604383,0.030931450591482296,0.019335338821728807,0.19952623059562968,1.029975679612363e-11,1.2147465791028589e-06,1.1906407643225226e-06,7.071216641907674e-16,0.9967612546598097,0.9801556344452168,0.016133142911955892,0.01613313132124806,0.02902645478238808,0.020952454298691657,0.19952623149688797,6.95117857329492e-07,0.0613172844446761,0.06175238122454641,3.1985558584290403e-06,0.9968165320035244,1.0070958058004975,1741.5257300729863
sparse_bayesian_keep75_proposed_rep00_seed12026,sparse,bayesian_keep75,proposed,0,12026,44,44,88,natural_mean,40,1,50,23.0,-74,1024,4,1000.0,10,paper_reference_kkt,update,coordinated_aggregate,True,bayesian,0.75,58532,0.1448,2.2877395141134786,0.15721636783391235,0.1448,2.2877395141134786,0.15721636783391235,0.1623,2.2636412372917314,0.14276155457347633,3.9314619587619544,1.9629786936947653,1.968483265067189,9.999999999997141e-05,10000.00000000286,9999.999999470378,10000.000001027945,2.7037682629302633e-08,7.595371035350377e-06,1.0279454727424309e-06,0.06397778446514372,0.003158167004585266,0.0,0.0,0.0,1.0659602801692609e-06,1.0306030162610114e-07,117064,5150816,116,5104,0.012980690504734271,0.012980685999662086,0.03631054487889096,0.023499505090549457,0.19952623149688797,6.950467651911933e-07,0.06414680560901596,0.06397778909276526,1.5992687655892327e-06,0.996902080648896,0.9848120913064684,0.011790141376519764,0.011790138372852779,0.03694870726940698,0.023046300721295484,0.1995262306109475,9.138605547614786e-12,1.0963746635258722e-06,1.0659602320931935e-06,5.527553537907741e-16,0.9967317771833524,0.9722590384971702,0.014171239632948779,0.014171233626471394,0.03567238248837495,0.02395270945980343,0.19952623149688797,6.950467651311151e-07,0.06414680559964654,0.06397778908388506,3.19853753062571e-06,0.9970723841144394,0.9973651441157666,1781.3536889888346
sparse_bayesian_keep75_proposed_rep00_seed12026,sparse,bayesian_keep75,proposed,0,12026,45,45,90,natural_mean,40,1,50,23.0,-74,1024,4,1000.0,10,paper_reference_kkt,update,coordinated_aggregate,True,bayesian,0.75,58532,0.1621,2.2750873628630846,0.13926381049275396,0.1621,2.2750873628630846,0.13926381049275396,0.173,2.2679660748954733,0.12501543033868073,3.970199851155518,1.9830608864664794,1.9871389646890387,9.999999999997056e-05,10000.000000002947,9999.999999506132,10000.000000965912,2.738628272271682e-08,7.694748987284399e-06,9.659124771133065e-07,0.06273492743189225,0.003521531820297241,0.0,0.0,0.0,1.176501061687882e-06,1.2761120160575956e-07,117064,5267880,116,5220,0.013301440798665382,0.013301439663840642,0.02976623748093311,0.0201981186367278,0.19952623149688797,6.938363899161164e-07,0.06231687643914389,0.06273492678122115,1.5992002423772375e-06,0.9966318520910273,0.9922961553131049,0.012740668180485417,0.012740664796746027,0.027598606421805158,0.01906853983732463,0.19952623062761052,1.0246225184878372e-11,1.2031084433494932e-06,1.176500236954491e-06,6.918227207379682e-16,0.996617057214547,0.9778838174457631,0.013862213416845346,0.013862214530935257,0.03193386854006106,0.02132769743613097,0.19952623149688797,6.938363898404609e-07,0.0623168764275301,0.0627349267701894,3.1984004840626523e-06,0.9966466469675076,1.0067084931804466,1824.7000144198537
sparse_bayesian_keep75_proposed_rep00_seed12026,sparse,bayesian_keep75,proposed,0,12026,46,46,92,natural_mean,40,1,50,23.0,-74,1024,4,1000.0,10,paper_reference_kkt,update,coordinated_aggregate,True,bayesian,0.75,58532,0.1647,2.2709417134463545,0.13469963234081866,0.1647,2.2709417134463545,0.13469963234081866,0.165,2.2595822845705107,0.14548006381690504,3.892505172896338,1.9364168735906098,1.956088299305728,9.999999999997028e-05,10000.000000002972,9999.999999565689,10000.000000986785,2.763341092590319e-08,7.764179344892551e-06,9.867853805189952e-07,0.06204924609776368,0.0033820420503616333,0.0,0.0,0.0,1.019676201043783e-06,1.2732016330119222e-07,117064,5384944,116,5336,0.01941201721653419,0.019412007472538233,0.01889114682518137,0.018954998241012887,0.19952623149688797,6.921755195537963e-07,0.062283950185739026,0.06204924318855122,1.5990616611070345e-06,0.9969114074115903,0.9849430561578096,0.022664959353294944,0.022664946534643977,0.01990786780259925,0.018724148883573762,0.19952623077320666,9.008586913803321e-12,1.0472674547830095e-06,1.0196766361790762e-06,5.387347526820183e-16,0.9964495071956122,0.9736544738991959,0.016159075079773436,0.016159068410432492,0.017874425847763487,0.019185847598452013,0.19952623149688797,6.921755194951734e-07,0.06228395017693444,0.062049243180172874,3.1981233216753344e-06,0.9973733076275685,0.9962316384164235,1863.470682289917
sparse_bayesian_keep75_proposed_rep00_seed12026,sparse,bayesian_keep75,proposed,0,12026,47,47,94,natural_mean,40,1,50,23.0,-74,1024,4,1000.0,10,paper_reference_kkt,update,coordinated_aggregate,True,bayesian,0.75,58532,0.1729,2.249767174689958,0.1163912344883382,0.1729,2.249767174689958,0.1163912344883382,0.1795,2.251283809756513,0.12230292006134987,3.9629977941039067,1.9916326962692839,1.971365097834623,9.999999999996916e-05,10000.000000003085,9999.999999580143,10000.00000096561,2.8179468859173375e-08,7.919239372486303e-06,9.65610524872318e-07,0.05606537504164367,0.003411322832107544,0.0,0.0,0.0,1.1630033777589112e-06,1.1359770724084228e-07,117064,5502008,116,5452,0.012686395531265035,0.012686397356441878,0.035499411634608485,0.022398763871530034,0.19952623149688797,6.936311976976884e-07,0.05570378963364545,0.056065376624439195,1.599244828676166e-06,0.9966991536141105,0.9944638872474632,0.00797807378551094,0.007978064420097524,0.03362523387641073,0.020969059698356825,0.1995262310054198,1.0298508693672436e-11,1.1837958896600373e-06,1.1630043827130242e-06,7.058597722189574e-16,0.9962615819085783,0.9824365415638389,0.01739471727701913,0.017394730292786233,0.03737358939280624,0.023828468044703243,0.19952623149688797,6.936311976212362e-07,0.05570378962106666,0.05606537661237668,3.198489656646472e-06,0.9971367253196429,1.0064912329310873,1903.7460992429405
sparse_bayesian_keep75_proposed_rep00_seed12026,sparse,bayesian_keep75,proposed,0,12026,48,48,96,natural_mean,40,1,50,23.0,-74,1024,4,1000.0,10,paper_reference_kkt,update,coordinated_aggregate,True,bayesian,0.75,58532,0.1698,2.253806889873911,0.11654069166436791,0.1698,2.253806889873911,0.11654069166436791,0.1693,2.255692297668522,0.13996029128283258,3.884426153725231,1.9374169776264285,1.9470091760988029,9.999999999996848e-05,10000.00000000315,9999.99999953676,10000.000001004684,2.8531661116877e-08,8.019047592841645e-06,1.0046842362498865e-06,0.06037166922081968,0.0033182650804519653,0.0,0.0,0.0,1.0368919878957837e-06,8.508686732966453e-08,117064,5619072,116,5568,0.014609263676528504,0.014609262084306204,0.028944861974361684,0.02250141112596241,0.19952623149688797,6.96453050886463e-07,0.060569688403687635,0.06037166913070215,1.5992574180922338e-06,0.9970766889575955,0.9858365142775346,0.01961337676833107,0.01961337619944973,0.03089722411957008,0.022130660124091473,0.19952623128980657,9.128536606657985e-12,1.0635420197507364e-06,1.036892099879595e-06,5.553561865601503e-16,0.9965588579316355,0.9749423089680622,0.00960515058472594,0.009605147969162679,0.026992499829153284,0.022872162127833346,0.19952623149688797,6.964530508266384e-07,0.06056968839435028,0.06037166912179777,3.1985148356291114e-06,0.9975945199835554,0.996730719587007,1942.9417360029183
sparse_bayesian_keep75_proposed_rep00_seed12026,sparse,bayesian_keep75,proposed,0,12026,49,49,98,natural_mean,40,1,50,23.0,-74,1024,4,1000.0,10,paper_reference_kkt,update,coordinated_aggregate,True,bayesian,0.75,58532,0.1791,2.2661523725381243,0.10958580739811065,0.1791,2.2661523725381243,0.10958580739811065,0.184,2.2705901307231553,0.11909646969288587,3.989052377401242,1.9966370209073923,1.9924153564938494,9.999999999996733e-05,10000.000000003265,9999.999999531887,10000.000000977021,2.8972450374033395e-08,8.144989841085842e-06,9.77021045400761e-07,0.07503648040691768,0.004034548997879028,0.0,0.0,0.0,1.208046345284003e-06,1.1434349289629608e-07,117064,5736136,116,5684,0.005928958523224511,0.005928959542559579,0.0404279514666544,0.023092810421616435,0.19952623149688797,6.960433732827442e-07,0.07493721851716212,0.07503648347650398,1.5993078505719395e-06,0.9967924547722287,0.992210841751398,0.00607090682855444,0.006070899195078717,0.03897450311662748,0.021654569532511013,0.19952623127359026,1.0453806035047557e-11,1.2288169965162592e-06,1.2080463113537166e-06,7.294125152698087e-16,0.996586868531438,0.9830970370221189,0.005787010217894582,0.005787019890040441,0.04188139981668132,0.02453105131072186,0.19952623149688797,6.96043373204242e-07,0.07493721850708708,0.07503648346677953,3.1986157004144663e-06,0.9969980410130194,1.0013246464806769,1985.4616833291948
sparse_bayesian_keep75_proposed_rep00_seed12026,sparse,bayesian_keep75,proposed,0,12026,50,50,100,natural_mean,40,1,50,23.0,-74,1024,4,1000.0,10,paper_reference_kkt,update,coordinated_aggregate,True,bayesian,0.75,58532,0.1471,2.271770552145654,0.1578725578080118,0.1471,2.271770552145654,0.1578725578080118,0.1655,2.2656971019719276,0.1462675505295396,3.9050235979599695,1.9516575690055225,1.953366028954447,9.999999999996675e-05,10000.000000003325,9999.999999457761,10000.00000093881,2.919142267238519e-08,8.207679700112454e-06,9.388095350004733e-07,0.07531634352875402,0.00359421968460083,0.0,0.0,0.0,1.0473706652404298e-06,1.546304702060297e-07,117064,5853200,116,5800,0.009530409796976154,0.009530405189702107,0.027634379474939522,0.02040759536892993,0.19952623149688797,6.94088755534591e-07,0.07564175172375602,0.07531634368503286,1.5993507119090569e-06,0.9973466777034703,0.9877698158127102,0.008210799165985404,0.008210790446891684,0.027603087608982602,0.020041844240997895,0.19952623143570158,9.082534367061817e-12,1.068919752458189e-06,1.0473720682545163e-06,5.406473964684078e-16,0.997174302989208,0.9798416275543894,0.010850020427966903,0.010850019932512531,0.027665671340896442,0.02077334649686196,0.19952623149688797,6.94088755475166e-07,0.07564175171620338,0.07531634367775032,3.198701423277466e-06,0.9975190524177325,0.995698004071031,2025.1885251440108
sparse_bayesian_keep75_proposed_rep00_seed12026,sparse,bayesian_keep75,proposed,0,12026,51,51,102,natural_mean,40,1,50,23.0,-74,1024,4,1000.0,10,paper_reference_kkt,update,coordinated_aggregate,True,bayesian,0.75,58532,0.177,2.2405713141326458,0.1106326309376955,0.177,2.2405713141326458,0.1106326309376955,0.1866,2.2485654744089274,0.11725382984429598,3.975680589770702,1.9875988105182383,1.988081779252464,9.999999999996569e-05,10000.000000003432,9999.999999448786,10000.000000872911,2.9601041819423797e-08,8.324706128384343e-06,8.72911186888814e-07,0.06768009641347854,0.00351773202419281,0.0,0.0,0.0,1.1607459686092406e-06,1.1002157407347113e-07,117064,5970264,116,5916,0.007886318878908666,0.007886322559011673,0.02894151445779676,0.020412069209888306,0.19952623149688797,6.973311332341051e-07,0.06752399044124913,0.06768009422322642,1.599325627732997e-06,0.9968353739445025,0.9926804138448662,0.008221330934355432,0.008221332699214982,0.03077134034208794,0.019530310739279324,0.19952623088505045,1.0140153488973648e-11,1.180760523758448e-06,1.1607453045757098e-06,6.815003697165462e-16,0.9966114490474045,0.9830489518908521,0.007551306823461901,0.007551312418808363,0.02711168857350558,0.021293827680497292,0.19952623149688797,6.973311331603793e-07,0.06752399043092541,0.06768009421327276,3.198651254784494e-06,0.9970592988416005,1.0023118757988803,2066.4511341089383
sparse_bayesian_keep75_proposed_rep00_seed12026,sparse,bayesian_keep75,proposed,0,12026,52,52,104,natural_mean,40,1,50,23.0,-74,1024,4,1000.0,10,paper_reference_kkt,update,coordinated_aggregate,True,bayesian,0.75,58532,0.1633,2.2663057069742227,0.1396106740446389,0.1633,2.2663057069742227,0.1396106740446389,0.1729,2.249017589932596,0.1376523358002305,3.884400637723342,1.945107854384314,1.939292783339028,9.999999999996492e-05,10000.000000003505,9999.999999442709,10000.00000087362,2.989248659812414e-08,8.408075561584653e-06,8.736205927561969e-07,0.06497581222302602,0.00340116024017334,0.0,0.0,0.0,1.0515557321292045e-06,1.596836227690801e-07,117064,6087328,116,6032,0.009027091123006557,0.009027090597805343,0.02487079252840982,0.020203899164540098,0.19952623149688797,6.96470259154329e-07,0.06517231383847179,0.06497581367964105,1.599333804482161e-06,0.9977032196630782,0.9896707779396854,0.007761905424971438,0.007761907683386163,0.02408934484773716,0.01967884979767712,0.19952623103535763,9.036187012891391e-12,1.070441229871218e-06,1.0515551284035035e-06,5.40985705886437e-16,0.9976884809585543,0.9823566700472804,0.010292276821041677,0.010292273512224523,0.02565224020908248,0.020728948531403075,0.19952623149688797,6.964702590957101e-07,0.0651723138296809,0.06497581367113196,3.1986676084233363e-06,0.997717958367602,0.9969848858320902,2106.046722244937
sparse_bayesian_keep75_proposed_rep00_seed12026,sparse,bayesian_keep75,proposed,0,12026,53,53,106,natural_mean,40,1,50,23.0,-74,1024,4,1000.0,10,paper_reference_kkt,update,coordinated_aggregate,True,bayesian,0.75,58532,0.1727,2.231604711411095,0.12513006879195573,0.1727,2.231604711411095,0.12513006879195573,0.1903,2.2361976566246304,0.11495927962213755,3.915762024229137,1.9495477062096416,1.9662143180194953,9.99999999999642e-05,10000.000000003583,9999.999999445705,10000.000000951217,3.030335395446067e-08,8.524483645966299e-06,9.512168617220595e-07,0.05998314565206962,0.003177933394908905,0.0,0.0,0.0,1.1578148907945198e-06,1.1674455890897661e-07,117064,6204392,116,6148,0.010965190326587184,0.01096519104232118,0.035288045435343945,0.02116200290376138,0.19952623149688797,6.915833799705254e-07,0.05952236421940895,0.059983146648084414,1.5993384365573178e-06,0.9970332830507574,0.9947721521357822,0.008353498142438562,0.008353499539031707,0.036855205833065285,0.020875714900444278,0.1995262304026581,9.944186466145134e-12,1.1792746770419957e-06,1.1578153916430295e-06,6.540753102494646e-16,0.996772485308249,0.9818029960629862,0.013576882510735806,0.013576882545610654,0.0337208850376226,0.021448290907078484,0.19952623149688797,6.915833798990323e-07,0.05952236420772688,0.05998314663691014,3.19867687246056e-06,0.9972940807932659,1.0077413082085782,2148.1386582679115
sparse_bayesian_keep75_proposed_rep00_seed12026,sparse,bayesian_keep75,proposed,0,12026,54,54,108,natural_mean,40,1,50,23.0,-74,1024,4,1000.0,10,paper_reference_kkt,update,coordinated_aggregate,True,bayesian,0.75,58532,0.1645,2.235976259358603,0.13420697691455483,0.1645,2.235976259358603,0.13420697691455483,0.1755,2.238930771985885,0.13622482419312001,3.836285854286512,1.92482525160014,1.9114606026863716,9.99999999999634e-05,10000.00000000366,9999.999999353171,10000.000000927992,3.0707941273974213e-08,8.639287957448491e-06,9.27992005017586e-07,0.05778037566633589,0.0030895620584487915,0.0,0.0,0.0,1.0580401019399895e-06,1.2413875083439052e-07,117064,6321456,116,6264,0.009303158958827037,0.009303153555615982,0.029517670060024752,0.021068953626471446,0.19952623149688797,6.943250528191244e-07,0.05812068088525948,0.057780373710785905,1.5993347875658264e-06,0.9974725443257955,0.986621807431568,0.007718614297995498,0.007718607808145861,0.02753929394355957,0.020285979611412795,0.1995262306804864,9.159110086232575e-12,1.0806270871386815e-06,1.058040621174709e-06,5.585717002360805e-16,0.9971168380091996,0.9790987925770723,0.010887703619658576,0.010887699303086104,0.031496046176489934,0.021851927641530093,0.19952623149688797,6.943250527587137e-07,0.05812068087521353,0.05778037370109879,3.1986695745730812e-06,0.9978282506423913,0.9941448222860638,2190.025826391764
sparse_bayesian_keep75_proposed_rep00_seed12026,sparse,bayesian_keep75,proposed,0,12026,55,55,110,natural_mean,40,1,50,23.0,-74,1024,4,1000.0,10,paper_reference_kkt,update,coordinated_aggregate,True,bayesian,0.75,58532,0.1824,2.220168600298276,0.11908368766963486,0.1824,2.220168600298276,0.11908368766963486,0.1941,2.225520052958507,0.11409046016186478,3.9119589007398474,1.9548606781551896,1.9570982225846578,9.999999999996229e-05,10000.00000000377,9999.999999366646,10000.000000958884,3.123058146291067e-08,8.78795960083786e-06,9.588839020580053e-07,0.055192922770421246,0.0029224008321762085,0.0,0.0,0.0,1.1765167766012434e-06,1.3221142580732703e-07,117064,6438520,116,6380,0.01417367627616745,0.014173674778044073,0.034800152677751404,0.021616932758352022,0.19952623149688797,6.955802492943168e-07,0.05480277311011912,0.055192918411218546,1.5993126189774988e-06,0.996651390730214,0.9943696390131309,0.008925848202245831,0.00892584389031242,0.03344784338920148,0.020462214057238835,0.19952623139882178,1.0235376116653961e-11,1.198545273030644e-06,1.1765162065648175e-06,6.93606408789615e-16,0.996385780066097,0.9816201240453283,0.019421504350089068,0.019421505665775725,0.03615246196630133,0.02277165145946521,0.19952623149688797,6.955802492190107e-07,0.05480277309701293,0.05519291839867898,3.198625237261391e-06,0.996917001394331,1.0071191539809337,2228.4150713761337
sparse_bayesian_keep75_proposed_rep00_seed12026,sparse,bayesian_keep75,proposed,0,12026,56,56,112,natural_mean,40,1,50,23.0,-74,1024,4,1000.0,10,paper_reference_kkt,update,coordinated_aggregate,True,bayesian,0.75,58532,0.1654,2.256108851174186,0.13720159891992806,0.1654,2.256108851174186,0.13720159891992806,0.1774,2.2407243592380355,0.1403130323112011,3.8022316289943445,1.9009678019680987,1.9012638270262459,9.999999999996179e-05,10000.000000003818,9999.999999417383,10000.000000983226,3.163889986484924e-08,8.902857548768745e-06,9.83225618256256e-07,0.05820988451653769,0.0030695050954818726,0.0,0.0,0.0,1.075407495045122e-06,1.31198248709552e-07,117064,6555584,116,6496,0.00923958381950073,0.00923957958815461,0.03130516752169957,0.022266217293805957,0.19952623149688797,6.95476601157564e-07,0.058611004279037905,0.058209883166065346,1.599175207536222e-06,0.9975203853913681,0.9886850252430615,0.007489062659354873,0.0074890577563444215,0.032624148012213604,0.021584929377751114,0.19952623127252297,9.187962153705586e-12,1.0926564027250195e-06,1.0754074643355206e-06,5.58713312531529e-16,0.9974044696424608,0.9842137960711377,0.010990104979646588,0.010990101419964798,0.02998618703118553,0.022947505209860795,0.19952623149688797,6.954766010968727e-07,0.058611004268852976,0.05820988315613146,3.1983504145137306e-06,0.9976363011402755,0.9931562544149851,2268.398703084793
sparse_bayesian_keep75_proposed_rep00_seed12026,sparse,bayesian_keep75,proposed,0,12026,57,57,114,natural_mean,40,1,50,23.0,-74,1024,4,1000.0,10,paper_reference_kkt,update,coordinated_aggregate,True,bayesian,0.75,58532,0.1888,2.2174873267153603,0.10055318375900389,0.1888,2.2174873267153603,0.10055318375900389,0.194,2.238451470230487,0.1154982162192464,3.899836387027566,1.93893749623839,1.960898890789176,9.999999999996101e-05,10000.0000000039,9999.999999409963,10000.000001015269,3.20556232466682e-08,9.021049703042704e-06,1.0152689355891198e-06,0.06844854963860442,0.0034420937299728394,0.0,0.0,0.0,1.1724042171254955e-06,1.2867712939623743e-07,117064,6672648,116,6612,0.008445803023805192,0.008445803706381799,0.03047038868813632,0.021015338076985184,0.19952623149688797,6.932011669996926e-07,0.06824644739676672,0.06844855106225317,1.5994195842659825e-06,0.9971086209235194,0.9946038724408623,0.007346632087143942,0.007346629961920805,0.03296589697970308,0.020864176994180868,0.19952623132696706,1.0089949065043277e-11,1.188754291707927e-06,1.1724046659422493e-06,6.795646832256057e-16,0.9970291288580668,0.9862463825611681,0.009544973960466444,0.009544977450842793,0.027974880396569566,0.0211664991597895,0.19952623149688797,6.932011669262602e-07,0.06824644738641353,0.06844855105221255,3.1988391678524002e-06,0.9971881129889719,1.0029613623205567,2311.2827116139233
sparse_bayesian_keep75_proposed_rep00_seed12026,sparse,bayesian_keep75,proposed,0,12026,58,58,116,natural_mean,40,1,50,23.0,-74,1024,4,1000.0,10,paper_reference_kkt,update,coordinated_aggregate,True,bayesian,0.75,58532,0.1692,2.258593617867916,0.14370693589702252,0.1692,2.258593617867916,0.14370693589702252,0.1755,2.2460197382308436,0.1464379449248314,3.836490058519731,1.9230744280350611,1.91341563048467,9.999999999996034e-05,10000.000000003965,9999.99999942598,10000.000000983511,3.224473451125051e-08,9.075785658974094e-06,9.835111995926127e-07,0.0716848619458489,0.003553541377186775,0.0,0.0,0.0,1.0374670276663512e-06,1.0423173080198467e-07,117064,6789712,116,6728,0.007974481592503992,0.00797448563872011,0.028232336006710514,0.021537152820396192,0.19952623149688797,6.927223836459994e-07,0.07203121352594279,0.07168485960573995,1.5994851380010027e-06,0.9976652708672098,0.9891065861669042,0.006336655703405107,0.006336663799239697,0.026958137548056385,0.021109675750213476,0.19952623138491607,9.089799705541855e-12,1.0553861184064627e-06,1.0374672934648903e-06,5.521092711727821e-16,0.9978355879663472,0.9830215151111971,0.009612307481602878,0.009612307478200523,0.029506534465364644,0.021964629890578912,0.19952623149688797,6.927223835863619e-07,0.07203121351821114,0.07168485959823251,3.198970275449896e-06,0.9974949537680724,0.9951916572226112,2352.066055548843
sparse_bayesian_keep75_proposed_rep00_seed12026,sparse,bayesian_keep75,proposed,0,12026,59,59,118,natural_mean,40,1,50,23.0,-74,1024,4,1000.0,10,paper_reference_kkt,update,coordinated_aggregate,True,bayesian,0.75,58532,0.1872,2.2216256784703017,0.11268717273756859,0.1872,2.2216256784703017,0.11268717273756859,0.1974,2.2191601804053223,0.11407484515309331,3.89188810466061,1.9484863527726461,1.943401751887964,9.999999999995954e-05,10000.000000004047,9999.999999423504,10000.000001008957,3.252753440281471e-08,9.156933321782445e-06,1.0089570423588157e-06,0.06200633495947449,0.003629423677921295,0.0,0.0,0.0,1.1916181481615865e-06,1.487751433160156e-07,117064,6906776,116,6844,0.014634827421048054,0.014634835869752238,0.028219464733436825,0.019470210965927548,0.19952623149688797,6.943807805934772e-07,0.06141600470866881,0.062006339948312,1.5993960879936207e-06,0.9968957604564925,0.9949846424002725,0.011093357261761503,0.011093356198334415,0.028459742049414115,0.019145298013422546,0.19952623129883706,1.0296298431891864e-11,1.2154934665094595e-06,1.1916176996629006e-06,7.06408658268629e-16,0.9965927893367176,0.9803571453230282,0.018176297580334604,0.01817631554117006,0.02797918741745954,0.01979512391843255,0.19952623149688797,6.943807805171402e-07,0.0614160046966408,0.062006339936861936,3.1987921752808328e-06,0.9971987315762674,1.0096121394775168,2393.5996506321244
sparse_bayesian_keep75_proposed_rep00_seed12026,sparse,bayesian_keep75,proposed,0,12026,60,60,120,natural_mean,40,1,50,23.0,-74,1024,4,1000.0,10,paper_reference_kkt,update,coordinated_aggregate,True,bayesian,0.75,58532,0.1788,2.223815250199911,0.123272389741987,0.1788,2.223815250199911,0.123272389741987,0.1852,2.217036006150583,0.13360484403520823,3.799156352776893,1.904488653406708,1.8946676993701852,9.999999999995876e-05,10000.000000004124,9999.999999411704,10000.000001069331,3.2821195176442124e-08,9.24103223293149e-06,1.0693311196519062e-06,0.054461474071441716,0.0028010010719299316,0.0,0.0,0.0,1.0481565741106305e-06,1.3258795661386102e-07,117064,7023840,116,6960,0.012995148620471166,0.012995138235360913,0.03615662072976969,0.02444428280737737,0.19952623149688797,6.944224772833146e-07,0.0548969065977916,0.05446147988518456,1.5992592551384812e-06,0.9972413812461105,0.982977468102554,0.013947014333444332,0.01394701491664616,0.0372648918388191,0.023425975791627147,0.19952623138528378,9.307877296223545e-12,1.0762618373459394e-06,1.0481570910834299e-06,5.713169197330454e-16,0.996762927820779,0.9738866552131675,0.012043282907498001,0.012043261554075665,0.03504834962072029,0.025462589823127598,0.19952623149688797,6.944224772209343e-07,0.05489690658724147,0.05446147987509822,3.1985185097056454e-06,0.997719834671442,0.9920682809919407,2432.9706788067706
sparse_bayesian_keep75_proposed_rep00_seed12026,sparse,bayesian_keep75,proposed,0,12026,61,61,122,natural_mean,40,1,50,23.0,-74,1024,4,1000.0,10,paper_reference_kkt,update,coordinated_aggregate,True,bayesian,0.75,58532,0.1945,2.1972969288653217,0.10866492745116348,0.1945,2.1972969288653217,0.10866492745116348,0.2039,2.2056903765788896,0.10811993058472873,3.8495446476263275,1.9187313034330642,1.9308133441932636,9.99999999999578e-05,10000.000000004218,9999.999999404694,10000.000001089702,3.3155811471914194e-08,9.337075759247868e-06,1.0897019819822162e-06,0.05129837673469836,0.0029143840074539185,0.0,0.0,0.0,1.1667590803570265e-06,1.6444937500637025e-07,117064,7140904,116,7076,0.010416716544438832,0.01041671749219036,0.02679658388052389,0.019589939774618287,0.19952623149688797,6.949532320144451e-07,0.05098705397920178,0.05129837384246958,1.5993557575610403e-06,0.9973200588221895,0.9952520251136313,0.006829452021214294,0.0068294548199976,0.0268295225133556,0.01902455079749001,0.19952623055452706,1.0149804588623537e-11,1.1852506809532273e-06,1.1667586715744547e-06,6.773394302006596e-16,0.9974028047724656,0.9843982024148137,0.01400398106766337,0.01400398016438312,0.026763645247692175,0.020155328751746568,0.19952623149688797,6.94953231940326e-07,0.05098705396542555,0.051298373829200876,3.198711514444741e-06,0.9972373128719135,1.006105847812449,2474.6217940971255
sparse_bayesian_keep75_proposed_rep00_seed12026,sparse,bayesian_keep75,proposed,0,12026,62,62,124,natural_mean,40,1,50,23.0,-74,1024,4,1000.0,10,paper_reference_kkt,update,coordinated_aggregate,True,bayesian,0.75,58532,0.1678,2.235245848878776,0.1357980844974518,0.1678,2.235245848878776,0.1357980844974518,0.1839,2.2208216231511746,0.13813404289484024,3.7921551171638375,1.8976140475415328,1.8945410696223046,9.999999999995698e-05,10000.000000004302,9999.999999348078,10000.000001257884,3.354850794404478e-08,9.44885471111072e-06,1.2578839232446626e-06,0.055693745965460464,0.00268477201461792,0.0,0.0,0.0,1.1267925621936108e-06,1.6818194126244634e-07,117064,7257968,116,7192,0.011368174400763126,0.011368171329813609,0.03486054525690753,0.023234677651419393,0.19952623149688797,6.945221964233889e-07,0.05594614851148724,0.0556937473528482,1.599303430601014e-06,0.9974478860596572,0.9823552751560115,0.009914687945803817,0.009914684447520247,0.03624238080002187,0.022797970415969922,0.19952623117925314,9.459803491485153e-12,1.1625744378487505e-06,1.1267927555036469e-06,5.988696733637636e-16,0.9971118123384121,0.9692220330963482,0.012821660855722434,0.01282165821210697,0.03347870971379319,0.023671384886868867,0.19952623149688797,6.945221963589649e-07,0.055946148499407954,0.05569374734144959,3.1986068606031583e-06,0.9977839597809024,0.9954885172156748,2514.9336548768915
sparse_bayesian_keep75_proposed_rep00_seed12026,sparse,bayesian_keep75,proposed,0,12026,63,63,126,natural_mean,40,1,50,23.0,-74,1024,4,1000.0,10,paper_reference_kkt,update,coordinated_aggregate,True,bayesian,0.75,58532,0.1943,2.205985819900092,0.11236257398322225,0.1943,2.205985819900092,0.11236257398322225,0.2037,2.211048323269663,0.11304319845587016,3.873431540957502,1.9433163716826238,1.9301151692748784,9.999999999995582e-05,10000.000000004418,9999.999999377827,10000.000001244949,3.395987122013998e-08,9.566912380456244e-06,1.244949089596048e-06,0.061092820823799764,0.002793624997138977,0.0,0.0,0.0,1.1979659488422099e-06,1.1372503649909049e-07,117064,7375032,116,7308,0.013449873564908111,0.013449877871218473,0.027000313416646965,0.02041727323289129,0.19952623149688797,6.947152040670524e-07,0.06076048638560614,0.06109282095404432,1.5992157435109624e-06,0.9968791318902873,0.9958772238021442,0.01121293690693485,0.011212934032848471,0.027807228956835916,0.01972041067431104,0.19952623059546085,1.0397306210083438e-11,1.2146249273676882e-06,1.1979662311359628e-06,7.110625272402152e-16,0.996748004630213,0.9862848699190745,0.015686810222881372,0.015686821709588475,0.026193397876458017,0.02111413579147154,0.19952623149688797,6.947152039892479e-07,0.06076048637346573,0.06109282094229889,3.198431486310862e-06,0.9970102591503617,1.0054695776852138,2555.8997702151537
sparse_bayesian_keep75_proposed_rep00_seed12026,sparse,bayesian_keep75,proposed,0,12026,64,64,128,natural_mean,40,1,50,23.0,-74,1024,4,1000.0,10,paper_reference_kkt,update,coordinated_aggregate,True,bayesian,0.75,58532,0.1847,2.2023347861744482,0.11359819064855577,0.1847,2.2023347861744482,0.11359819064855577,0.1874,2.2126760896795314,0.1365389813706279,3.7753018339395994,1.8760266563764383,1.899275177563161,9.999999999995531e-05,10000.000000004471,9999.99999937619,10000.000001280685,3.416319166470083e-08,9.62517049751051e-06,1.2806849554181099e-06,0.059526223785586405,0.0031327512115240097,0.0,0.0,0.0,1.0768340088472146e-06,9.808172762859613e-08,117064,7492096,116,7424,0.008314558104945666,0.008314555113972208,0.02808602713580039,0.021453499196998536,0.19952623149688797,6.952194121125055e-07,0.05977445682174392,0.05952622481118928,1.599238454433276e-06,0.9977611204147303,0.9921669203530905,0.0059281681426351564,0.00592817511000108,0.027440298054801145,0.021097479304117164,0.19952623082597792,9.328890106803865e-12,1.0893756469552574e-06,1.0768332858187011e-06,5.798743595087304e-16,0.9977258118099951,0.9884866334379468,0.010700948067256178,0.010700935117943337,0.028731756216799634,0.021809519089879912,0.19952623149688797,6.952194120499151e-07,0.05977445681181711,0.059526224801449285,3.1984769082866775e-06,0.9977964290194655,0.9958472072682342,2595.923688519746
sparse_bayesian_keep75_proposed_rep00_seed12026,sparse,bayesian_keep75,proposed,0,12026,65,65,130,natural_mean,40,1,50,23.0,-74,1024,4,1000.0,10,paper_reference_kkt,update,coordinated_aggregate,True,bayesian,0.75,58532,0.1916,2.2098403017194173,0.11871218439511955,0.1916,2.2098403017194173,0.11871218439511955,0.203,2.2061971755575063,0.11963838682323695,3.8418305721245036,1.9230340794587937,1.91879649266571,9.999999999995421e-05,10000.00000000458,9999.99999945652,10000.000001188977,3.448013413844434e-08,9.716902489782652e-06,1.1889769666595384e-06,0.05688731811664417,0.003711150959134102,0.0,0.0,0.0,1.2247128768788566e-06,1.3252429198473692e-07,117064,7609160,116,7540,0.015283914797182965,0.01528390504588819,0.02875901167723544,0.019781024543848346,0.19952623149688797,6.969805468471558e-07,0.05643997396218139,0.05688731475256127,1.5994946109096139e-06,0.9974338557697358,0.9950933750660739,0.013873199893341974,0.013873183938731359,0.028355343111185153,0.01917329011888484,0.1995262300930936,1.0280857189558906e-11,1.2468300933918839e-06,1.2247122840822403e-06,6.989483466605725e-16,0.9972199956012738,0.9822607916707418,0.016694629701023957,0.01669462615304502,0.029162680243285725,0.020388758968811854,0.19952623149688797,6.969805467713315e-07,0.05643997394840936,0.05688731473937802,3.1989892211202795e-06,0.9976477159381978,1.007925958461406,2634.4880755259655
sparse_bayesian_keep75_proposed_rep00_seed12026,sparse,bayesian_keep75,proposed,0,12026,66,66,132,natural_mean,40,1,50,23.0,-74,1024,4,1000.0,10,paper_reference_kkt,update,coordinated_aggregate,True,bayesian,0.75,58532,0.1842,2.2138874386709393,0.1224911546429992,0.1842,2.2138874386709393,0.1224911546429992,0.1891,2.2103053597560005,0.13814101899564266,3.754550938388225,1.8773656405227082,1.877185297865517,9.999999999995352e-05,10000.00000000465,9999.999999498808,10000.000001221528,3.4782044521310015e-08,9.803127128290011e-06,1.2215277820359915e-06,0.057288004456215326,0.003567025065422058,0.0,0.0,0.0,1.0828932683411205e-06,1.6899139154702425e-07,117064,7726224,116,7656,0.011834581229105719,0.01183458642730038,0.02791825868256753,0.021868985561974724,0.19952623149688797,6.934719489455663e-07,0.057597796633510126,0.0572880017002583,1.5992973283572678e-06,0.9976701552191667,0.9887460513029416,0.010497527783734376,0.01049753312604841,0.02802434477726955,0.02108652472635533,0.19952623124335228,9.457360165932928e-12,1.1017654844566904e-06,1.0828930347878014e-06,5.906925068940566e-16,0.9973960584986671,0.9828706953265415,0.013171634674477063,0.013171639728552353,0.02781217258786551,0.02265144639759412,0.19952623149688797,6.934719488810781e-07,0.057597796622972514,0.05728800169002354,3.1985946561238433e-06,0.9979442519396664,0.9946214072793418,2677.9122246480547
sparse_bayesian_keep75_proposed_rep00_seed12026,sparse,bayesian_keep75,proposed,0,12026,67,67,134,natural_mean,40,1,50,23.0,-74,1024,4,1000.0,10,paper_reference_kkt,update,coordinated_aggregate,True,bayesian,0.75,58532,0.2092,2.183839763737857,0.08969198910057542,0.2092,2.183839763737857,0.08969198910057542,0.2085,2.1985914062427874,0.11236772983074186,3.8290774582394542,1.9222608744505618,1.9068165837888926,9.999999999995249e-05,10000.000000004751,9999.99999955634,10000.000001336572,3.520289877225668e-08,9.92343776106207e-06,1.3365715858526528e-06,0.05865390918098983,0.0031274408102035522,0.0,0.0,0.0,1.1897490906135667e-06,1.1504380381666124e-07,117064,7843288,116,7772,0.011075783222497403,0.011075788763491702,0.04142966286881039,0.0220313732902762,0.19952623149688797,6.961560454994099e-07,0.05830008179786557,0.05865390678477138,1.5994673456888467e-06,0.997041081722575,0.9932953110112567,0.009329448090462732,0.009329447873852318,0.04183860203093043,0.021705893345826257,0.19952623101031458,1.0373321726959154e-11,1.2133840010772456e-06,1.1897491313845043e-06,7.115321457075755e-16,0.9968752865991426,0.9805215300108507,0.012822118354532074,0.012822129653131085,0.041020723706690354,0.02235685323472614,0.19952623149688797,6.961560454221243e-07,0.058300081785238655,0.05865390677270481,3.198934690666161e-06,0.9972068768460075,1.0060690920116626,2717.6516958391294
sparse_bayesian_keep75_proposed_rep00_seed12026,sparse,bayesian_keep75,proposed,0,12026,68,68,136,natural_mean,40,1,50,23.0,-74,1024,4,1000.0,10,paper_reference_kkt,update,coordinated_aggregate,True,bayesian,0.75,58532,0.176,2.2334245424225583,0.14855046482935544,0.176,2.2334245424225583,0.14855046482935544,0.1866,2.223152818642209,0.14593339402675626,3.746848711578793,1.8697466632243886,1.8771020483544048,9.999999999995193e-05,10000.000000004808,9999.99999952852,10000.000001290337,3.5448484483083784e-08,9.99353191253251e-06,1.2903365131933242e-06,0.06587404233172107,0.0031860489398241043,0.0,0.0,0.0,1.1157313572844662e-06,1.123808033298701e-07,117064,7960352,116,7888,0.004424804828462606,0.0044248049831291285,0.027149612100845814,0.020715016608086265,0.19952623149688797,6.944790876314014e-07,0.06603941352069521,0.06587404422357934,1.5994109121612976e-06,0.9979656550126207,0.9923809145946941,0.005253819120270783,0.005253822464081451,0.027164910008466474,0.02050437647928675,0.19952623099482125,9.493979747447551e-12,1.1301222088483444e-06,1.1157311321104836e-06,5.948482587882134e-16,0.997704170629184,0.9872659337208662,0.0035957905366544294,0.0035957875021768062,0.027134314193225154,0.02092565673688578,0.19952623149688797,6.944790875665069e-07,0.06603941351102541,0.06587404421413058,3.198821823727747e-06,0.9982271393960573,0.997495895468522,2756.326726073865
sparse_bayesian_keep75_proposed_rep00_seed12026,sparse,bayesian_keep75,proposed,0,12026,69,69,138,natural_mean,40,1,50,23.0,-74,1024,4,1000.0,10,paper_reference_kkt,update,coordinated_aggregate,True,bayesian,0.75,58532,0.2001,2.1828098382134513,0.10262158993244172,0.2001,2.1828098382134513,0.10262158993244172,0.2097,2.201801751146226,0.1151186764165759,3.8460674369311483,1.9260368965255104,1.920030540405638,9.999999999995094e-05,10000.000000004906,9999.999999571051,10000.00000125489,3.5684643799965656e-08,1.0062623547083993e-05,1.254889866686426e-06,0.07010854419265931,0.0032617002725601196,0.0,0.0,0.0,1.223451382877428e-06,9.706491255201399e-08,117064,8077416,116,8004,0.008948400350476747,0.008948397445133156,0.03315121785598514,0.021312608728096018,0.19952623149688797,6.945624341717755e-07,0.06979714733449065,0.07010854340043962,1.599416285610011e-06,0.9973338235176648,0.9961129806626614,0.007163396067221545,0.0071633945094026165,0.0315765147722438,0.020304373754232285,0.1995262314768712,1.0725378092312407e-11,1.2386071105061876e-06,1.2234522136211644e-06,7.674341071745208e-16,0.9973746755220637,0.9877645649935086,0.010733404633731947,0.010733400380863697,0.034725920939726485,0.022320843701959754,0.19952623149688797,6.945624340889653e-07,0.0697971473235006,0.0701085433897645,3.198832570452588e-06,0.9972929715132658,1.004461396331814,2799.194716856815
sparse_bayesian_keep75_proposed_rep00_seed12026,sparse,bayesian_keep75,proposed,0,12026,70,70,140,natural_mean,40,1,50,23.0,-74,1024,4,1000.0,10,paper_reference_kkt,update,coordinated_aggregate,True,bayesian,0.75,58532,0.173,2.2282550353353603,0.16665525573670867,0.173,2.2282550353353603,0.16665525573670867,0.1879,2.2157743176871345,0.14968651102781297,3.7507351528342157,1.8793436399274035,1.8713915129068122,9.999999999995021e-05,10000.000000004979,9999.999999491965,10000.000001146562,3.586836802864949e-08,1.0116270183139262e-05,1.1465617717476562e-06,0.06639952494407997,0.0030050277709960938,0.0,0.0,0.0,1.1403832555586301e-06,1.4729266695212573e-07,117064,8194480,116,8120,0.008335137220318102,0.00833514117952202,0.04305047684840352,0.025068022120335445,0.19952623149688797,6.952287723837421e-07,0.06661241299439942,0.06639952254672686,1.599336217922559e-06,0.9974955750750821,0.988232723467865,0.008687363744568695,0.008687362883177866,0.04245214308995044,0.024302222926706245,0.19952623147017892,9.714613151743997e-12,1.1640588690892122e-06,1.1403835632617267e-06,6.25061857185191e-16,0.9970815078057886,0.9796614154149161,0.007982910696067508,0.007982919475866171,0.043648810606856596,0.025833821313964642,0.19952623149688797,6.952287723158697e-07,0.06661241298422839,0.06639952253693406,3.198672435220056e-06,0.9979096423443756,0.9968040315208139,2839.6646673828363
sparse_bayesian_keep75_proposed_rep00_seed12026,sparse,bayesian_keep75,proposed,0,12026,71,71,142,natural_mean,40,1,50,23.0,-74,1024,4,1000.0,10,paper_reference_kkt,update,coordinated_aggregate,True,bayesian,0.75,58532,0.2077,2.1801183804826354,0.09985010909140112,0.2077,2.1801183804826354,0.09985010909140112,0.2115,2.1930965886987965,0.11654630758613346,3.830204263690926,1.9249347944619883,1.905269469228938,9.999999999994906e-05,10000.000000005095,9999.99999954238,10000.00000110396,3.6337897736465595e-08,1.0250662384567316e-05,1.1039592209272087e-06,0.06265123707289555,0.003452092409133911,0.0,0.0,0.0,1.2247899046186205e-06,1.3194221537560225e-07,117064,8311544,116,8236,0.009425936989923988,0.009425939794972218,0.031892338887335586,0.021533914683209976,0.19952623149688797,6.956464800981519e-07,0.06239427426154565,0.06265123374752499,1.5996160480698138e-06,0.9972340825538977,0.9954680961160278,0.007287961464253116,0.007287960467671087,0.03447207953780929,0.02092860601631408,0.19952623132135583,1.0628564929586398e-11,1.2411509519035139e-06,1.2247899517996607e-06,7.451655162309952e-16,0.9970157013678329,0.9868178978303566,0.01156391251559486,0.01156391912227335,0.029312598236861886,0.022139223350105874,0.19952623149688797,6.956464800169565e-07,0.062394274249201125,0.06265123373555308,3.1992320953944623e-06,0.9974524637399623,1.004118294401699,2878.1866941079497
sparse_bayesian_keep75_proposed_rep00_seed12026,sparse,bayesian_keep75,proposed,0,12026,72,72,144,natural_mean,40,1,50,23.0,-74,1024,4,1000.0,10,paper_reference_kkt,update,coordinated_aggregate,True,bayesian,0.75,58532,0.1799,2.2280589748464315,0.1444450925272703,0.1799,2.2280589748464315,0.1444450925272703,0.1957,2.1928114953498214,0.1362482127740979,3.7370119796358567,1.8628311949743193,1.8741807846615375,9.999999999994849e-05,10000.000000005151,9999.999999551696,10000.000001134456,3.661994285131531e-08,1.0330847669975846e-05,1.1344563972670585e-06,0.057625435076216966,0.003965920768678188,0.0,0.0,0.0,1.1146329438432605e-06,1.3313547242432833e-07,117064,8428608,116,8352,0.009328063947832844,0.009328061196372327,0.03081115035684777,0.021979716704160802,0.19952623149688797,6.961152209423704e-07,0.057926219545942195,0.05762543288260959,1.5993981770641477e-06,0.9977865555265364,0.9884833012413972,0.011414418387998518,0.011414417451688882,0.031933788979068775,0.021228564479357247,0.19952623023616842,9.710529447092124e-12,1.1348804436305341e-06,1.1146332747612326e-06,6.265702193868378e-16,0.9974783306830001,0.9821591799699912,0.007241709507667172,0.007241704941055771,0.02968851173462676,0.02273086892896436,0.19952623149688797,6.961152208746414e-07,0.057926219534825005,0.057625432871829564,3.198796353501725e-06,0.9980947803700728,0.9948074225128032,2919.679706830997
sparse_bayesian_keep75_proposed_rep00_seed12026,sparse,bayesian_keep75,proposed,0,12026,73,73,146,natural_mean,40,1,50,23.0,-74,1024,4,1000.0,10,paper_reference_kkt,update,coordinated_aggregate,True,bayesian,0.75,58532,0.2082,2.1687149419075724,0.09915196162194019,0.2082,2.1687149419075724,0.09915196162194019,0.2148,2.176686857752361,0.11223773199319839,3.7950301627278566,1.8989746560159309,1.8960555067119258,9.999999999994741e-05,10000.00000000526,9999.999999600495,10000.0000011545,3.689556607391087e-08,1.0411391625368667e-05,1.1544998415047303e-06,0.04971391324659288,0.002329587936401367,0.0,0.0,0.0,1.221381418423636e-06,1.0123949323315173e-07,117064,8545672,116,8468,0.011947137056098619,0.011947145749359869,0.02917800810540519,0.02104606156214661,0.19952623149688797,6.972430639712493e-07,0.04943648985443861,0.04971391453993662,1.599552780652335e-06,0.9976971418928211,0.9955442213456944,0.009332419527384816,0.009332429388111895,0.030052682861816095,0.019933143125197516,0.19952623057970606,1.0439412487030687e-11,1.2393818033024925e-06,1.2213819184679458e-06,7.25415925786064e-16,0.9978502284239636,0.9854767006441724,0.01456185458481242,0.014561862110607844,0.02830333334899429,0.0221589799990957,0.19952623149688797,6.972430638930977e-07,0.04943648983890284,0.04971391452493304,3.199105560579254e-06,0.9975440553616786,1.0056117420472166,2961.6277813958004
sparse_bayesian_keep75_proposed_rep00_seed12026,sparse,bayesian_keep75,proposed,0,12026,74,74,148,natural_mean,40,1,50,23.0,-74,1024,4,1000.0,10,paper_reference_kkt,update,coordinated_aggregate,True,bayesian,0.75,58532,0.1871,2.2040231251098996,0.1277245721541345,0.1871,2.2040231251098996,0.1277245721541345,0.1988,2.1873088689267437,0.13574096542149783,3.724565876075335,1.8625644134005779,1.8620014626747572,9.999999999994645e-05,10000.000000005355,9999.999999578558,10000.000001208899,3.7272982395528506e-08,1.0519477500317607e-05,1.2088985386071727e-06,0.0484447075098226,0.002679876983165741,0.0,0.0,0.0,1.1437758895423178e-06,1.8440550775267184e-07,117064,8662736,116,8584,0.00926644442213095,0.009266439178832775,0.024951362940067355,0.019260734020860863,0.19952623149688797,6.977125204345759e-07,0.04864827547939201,0.0484447074027057,1.599279097592439e-06,0.9979033886597695,0.9917091335058971,0.009400780565665248,0.009400773347089289,0.025217938071756388,0.019076746465675642,0.1995262312106492,9.87156296865407e-12,1.1581333926778836e-06,1.1437758656063006e-06,6.54114769589658e-16,0.9974385435650893,0.9876028777652559,0.009132108278596654,0.00913210501057626,0.024684787808378322,0.019444721576046087,0.19952623149688797,6.977125203647421e-07,0.0486482754656066,0.04844470738920347,3.198558194530763e-06,0.9983682337544496,0.9958153892465382,3002.150753999129
sparse_bayesian_keep75_proposed_rep00_seed12026,sparse,bayesian_keep75,proposed,0,12026,75,75,150,natural_mean,40,1,50,23.0,-74,1024,4,1000.0,10,paper_reference_kkt,update,coordinated_aggregate,True,bayesian,0.75,58532,0.2113,2.1785798812235684,0.10307326969832185,0.2113,2.1785798812235684,0.10307326969832185,0.214,2.1783657963308407,0.11918496514111757,3.7683165794812425,1.880749066923532,1.8875675125577105,9.999999999994539e-05,10000.000000005462,9999.999999573396,10000.00000111556,3.761819479069555e-08,1.061916231990834e-05,1.1155607353430241e-06,0.04894136829178213,0.0029477477073669434,0.0,0.0,0.0,1.246141765885473e-06,1.1330666893627495e-07,117064,8779800,116,8700,0.008239445537051112,0.008239436574381014,0.03019838139611703,0.020797684020337007,0.19952623149688797,6.922423026486056e-07,0.04862501408056443,0.0489413654108659,1.5994685625519192e-06,0.9977529438901005,0.9968600897975717,0.004460539560545303,0.00446054283949714,0.030322188200557713,0.02042266372973239,0.1995262272091819,1.047570244979209e-11,1.2622810940683551e-06,1.2461420299222422e-06,7.331654284023214e-16,0.997525188601906,0.9872143209295817,0.012018351513556921,0.012018330309264887,0.030074574591676347,0.02117270431094162,0.19952623149688797,6.922423025693412e-07,0.048625014064180336,0.0489413653950013,3.198937124370673e-06,0.997980699178295,1.0065058586655615,3041.795672487933
sparse_bayesian_keep75_proposed_rep00_seed12026,sparse,bayesian_keep75,proposed,0,12026,76,76,152,natural_mean,40,1,50,23.0,-74,1024,4,1000.0,10,paper_reference_kkt,update,coordinated_aggregate,True,bayesian,0.75,58532,0.1934,2.1917240922672647,0.12588676864236595,0.1934,2.1917240922672647,0.12588676864236595,0.2006,2.1874207544596076,0.14027888833880425,3.6980367944918378,1.8509783147580579,1.8470584797337797,9.999999999994456e-05,10000.000000005542,9999.999999536401,10000.00000107157,3.7863923849186376e-08,1.0690428933541325e-05,1.0715702956076711e-06,0.047862792971137796,0.0023428648710250854,0.0,0.0,0.0,1.1384830458857724e-06,9.661926014814526e-08,117064,8896864,116,8816,0.00898298661619049,0.008982982831138561,0.04230043629350648,0.024850394041595232,0.19952623149688797,6.910929409362946e-07,0.048156418872861186,0.04786279160338406,1.599471013027183e-06,0.9980389561524383,0.9892890552032734,0.008136891050189776,0.008136892733435222,0.04133988435750754,0.023856160412657732,0.19952623145469217,9.933848534339615e-12,1.15620087555237e-06,1.1384828245352881e-06,6.519003703416021e-16,0.9978039267895972,0.9846755925601829,0.009829082182191204,0.009829072928841899,0.04326098822950542,0.02584462767053273,0.19952623149688797,6.910929408648995e-07,0.04815641885898141,0.04786279158984386,3.198942025402466e-06,0.9982739855152793,0.9939025178463639,3080.6891133640893
sparse_bayesian_keep75_proposed_rep00_seed12026,sparse,bayesian_keep75,proposed,0,12026,77,77,154,natural_mean,40,1,50,23.0,-74,1024,4,1000.0,10,paper_reference_kkt,update,coordinated_aggregate,True,bayesian,0.75,58532,0.2102,2.1717554321446735,0.10674266333729025,0.2102,2.1717554321446735,0.10674266333729025,0.2181,2.17436430082816,0.11619793964773419,3.7626107778985274,1.881178800154396,1.881431977744131,9.999999999994346e-05,10000.000000005652,9999.999999424152,10000.000001108654,3.828823322707629e-08,1.0812130094574198e-05,1.1086540325777605e-06,0.049673204610429345,0.002275124192237854,0.0,0.0,0.0,1.2353383204310158e-06,1.6009835235308856e-07,117064,9013928,116,8932,0.011383698140195552,0.011383697874913588,0.034374227104382336,0.021117407775050827,0.19952623149688797,6.94404922879508e-07,0.049427838409153484,0.04967320311330714,1.5995104796956632e-06,0.9972456867478899,0.9933936055083857,0.00791601375657027,0.007916022089019703,0.032459757427516805,0.02021564546814624,0.19952623099567124,1.0737647919160509e-11,1.258209147215326e-06,1.2353389399943967e-06,7.649601224760113e-16,0.9966637356685342,0.981823168405783,0.014851382523820835,0.01485137366080747,0.03628869678124787,0.022019170081955412,0.19952623149688797,6.944049227964894e-07,0.04942783839313933,0.049673203097946116,3.1990209586263662e-06,0.9978276378272457,1.0049640426109885,3123.152660569176
sparse_bayesian_keep75_proposed_rep00_seed12026,sparse,bayesian_keep75,proposed,0,12026,78,78,156,natural_mean,40,1,50,23.0,-74,1024,4,1000.0,10,paper_reference_kkt,update,coordinated_aggregate,True,bayesian,0.75,58532,0.1853,2.1912330288646835,0.144026937084198,0.1853,2.1912330288646835,0.144026937084198,0.196,2.1958214591935126,0.15328544722646478,3.682855388421425,1.848628142339809,1.8342272460816158,9.999999999994264e-05,10000.000000005737,9999.999999443993,10000.000001113593,3.862585167282545e-08,1.0908877637495787e-05,1.1135925888083875e-06,0.053032184832976684,0.0027514174580574036,0.0,0.0,0.0,1.1632223829141828e-06,1.4360011846292764e-07,117064,9130992,116,9048,0.009120526676835453,0.009120518220920682,0.020170542605793394,0.018542148245234376,0.19952623149688797,6.974153884975119e-07,0.053276493394337716,0.05303218168630138,1.5994793223622477e-06,0.9978709057619042,0.9908121261973681,0.007300868303310495,0.007300867355604282,0.021891767552307394,0.018266154439556315,0.19952623132764136,9.959946169028962e-12,1.179486938539575e-06,1.1632218694818764e-06,6.58627764740034e-16,0.9974680906543308,0.9862100239277888,0.010940185050360408,0.010940169086237081,0.018449317659279395,0.018818142050912437,0.19952623149688797,6.974153884263918e-07,0.0532764933812814,0.05303218167354417,3.1989586440658675e-06,0.9982737208694775,0.9954142284669476,3161.6146662971005
sparse_bayesian_keep75_proposed_rep00_seed12026,sparse,bayesian_keep75,proposed,0,12026,79,79,158,natural_mean,40,1,50,23.0,-74,1024,4,1000.0,10,paper_reference_kkt,update,coordinated_aggregate,True,bayesian,0.75,58532,0.2218,2.1448304368936624,0.08103486221596604,0.2218,2.1448304368936624,0.08103486221596604,0.2229,2.1697200046448124,0.10979531786590811,3.7759472105659504,1.8837102211256387,1.8922369894403117,9.999999999994163e-05,10000.000000005837,9999.999999514868,10000.000001144163,3.901966099548024e-08,1.102171944316176e-05,1.1441625247243792e-06,0.0564913700370385,0.002834141254425049,0.0,0.0,0.0,1.2542574860318202e-06,1.742337190080434e-07,117064,9248056,116,9164,0.010500317776662754,0.010500322715790891,0.03298061258435231,0.021348829032437164,0.19952623149688797,6.965520410748827e-07,0.05614949177926624,0.05649136763790735,1.5996582110899816e-06,0.9974158731737877,0.993374881231374,0.008592208413787277,0.008592213146568165,0.03367588027815547,0.020602426139108454,0.19952623109004528,1.0859002752445407e-11,1.2789918705522516e-06,1.2542575065838342e-06,7.740103160518755e-16,0.9969797651841451,0.9806610427452598,0.01240842713953823,0.012408432285013616,0.03228534489054914,0.02209523192576587,0.19952623149688797,6.965520409902386e-07,0.056149491764699584,0.05649136762398344,3.199316421405953e-06,0.9978519811634303,1.0060887197174881,3201.9298844840378
sparse_bayesian_keep75_proposed_rep00_seed12026,sparse,bayesian_keep75,proposed,0,12026,80,80,160,natural_mean,40,1,50,23.0,-74,1024,4,1000.0,10,paper_reference_kkt,update,coordinated_aggregate,True,bayesian,0.75,58532,0.1871,2.2010434748482703,0.13870536060363056,0.1871,2.2010434748482703,0.13870536060363056,0.1985,2.1863705769523256,0.14626594256013634,3.7021519867610744,1.8613984743122083,1.8407535124488663,9.999999999994066e-05,10000.000000005934,9999.999999557733,10000.000001221024,3.941330720497063e-08,1.1134596807128769e-05,1.2210239219712093e-06,0.05875340400570693,0.003702429123222828,0.0,0.0,0.0,1.1587201124225218e-06,1.1275187716819346e-07,117064,9365120,116,9280,0.009731682263741232,0.009731680860125071,0.039036733793744574,0.023054946307458177,0.19952623149688797,6.942463731213222e-07,0.05897341076733187,0.0587533998852832,1.5996032121847196e-06,0.9976285670397284,0.9908851487197183,0.010270091276878841,0.010270091886752573,0.039450988164917135,0.022629520868272714,0.19952623102824815,1.0124188578268707e-11,1.1757681178386525e-06,1.1587205771079239e-06,6.767150043789095e-16,0.9973047134846265,0.9855009846182612,0.009193273250603621,0.00919326983349757,0.03862247942257202,0.023480371746643643,0.19952623149688797,6.942463730475018e-07,0.05897341075561107,0.05875339987385719,3.199206423692724e-06,0.9979524205948302,0.9962693128211755,3241.5849985550158
sparse_bayesian_keep50_proposed_rep00_seed12026,sparse,bayesian_keep50,proposed,0,12026,0,0,0,model,40,1,50,23.0,-74,1024,4,1000.0,10,paper_reference_kkt,update,coordinated_aggregate,True,bayesian,0.5,39021,0.0995,2.372916206651074,0.0756189888963103,0.0995,2.372916206651074,0.0756189888963103,0.0968,2.3613480913338667,0.07226249436736107,nan,0.0,0.0,0.00010000000000000003,10000.0,10000.0,10000.0,0.0,0.0,0.0,0.0,0.0,0.0,0.0,0.0,0.0,0.0,0,0,0,0,0.0,0.0,0.0,0.0,0.0,0.0,0.0,0.0,0.0,1.0,1.0,0.0,0.0,0.0,0.0,0.0,0.0,0.0,0.0,0.0,1.0,1.0,0.0,0.0,0.0,0.0,0.0,0.0,0.0,0.0,0.0,1.0,1.0,15.861379757989198
sparse_bayesian_keep50_proposed_rep00_seed12026,sparse,bayesian_keep50,proposed,0,12026,1,1,2,natural_mean,40,1,50,23.0,-74,1024,4,1000.0,10,paper_reference_kkt,update,coordinated_aggregate,True,bayesian,0.5,39021,0.1,2.3259636851770686,0.06958395687043671,0.1,2.3259636851770686,0.06958395687043671,0.1006,2.3332202180422352,0.06901532714515926,4.8235973327818735,2.401122434854982,2.4224748979268917,0.00010000000000000021,9999.999999999982,9999.999999925258,10000.000000095722,3.724616715784257e-09,1.040522309977434e-06,9.572249837219715e-08,0.09690519936028658,0.01221514493227005,0.0,0.0,0.0,1.040522309977434e-06,9.572249837219715e-08,78042,78042,78,78,0.005024275491416515,0.005024270871588758,0.03596539565229487,0.023361963387434768,0.19952623149688797,6.503738963096997e-07,0.0972511093613109,0.09690520023730854,1.5760232719082506e-06,0.9973562357939597,0.9927596990566324,0.004726724061463107,0.004726715287924625,0.03840333173153932,0.0231772495630058,0.19952623134272374,8.407460496353545e-12,1.0520144378660724e-06,1.0405224437583302e-06,5.308627010184579e-16,0.9977089891146966,0.989076226839964,0.005321826921369924,0.00532182645525289,0.03352745957305041,0.023546677211863737,0.19952623149688797,6.503738962553576e-07,0.09725110935562081,0.09690520023172222,3.1520465432856386e-06,0.9970034824732228,0.9964431712733008,61.71436167927459
sparse_bayesian_keep50_proposed_rep00_seed12026,sparse,bayesian_keep50,proposed,0,12026,2,2,4,natural_mean,40,1,50,23.0,-74,1024,4,1000.0,10,paper_reference_kkt,update,coordinated_aggregate,True,bayesian,0.5,39021,0.1247,2.3455736915669587,0.054605193415284144,0.1247,2.3455736915669587,0.054605193415284144,0.1344,2.361664965094485,0.0578919669881463,4.524895676372066,2.269437550266031,2.255458126106035,9.999999999999975e-05,10000.000000000025,9999.999999914437,10000.000000105501,5.130557149415128e-09,1.4332911257039623e-06,1.0550138540565968e-07,0.05679434311022102,0.0064046382904052734,0.0,0.0,0.0,1.000969133738315e-06,9.770701581146568e-08,78042,156084,78,156,0.012288780547798289,0.012288783776605642,0.03221142025821483,0.02285734130014372,0.19952623149688797,6.495597021891892e-07,0.05714766727151807,0.0567943409185572,1.5778468248152385e-06,0.9966895807795275,0.9877298357925095,0.010235451644941402,0.010235444750578348,0.03476445144387898,0.022570399978644524,0.19952623075682957,8.24923626051034e-12,1.0196884240829653e-06,1.000969288506713e-06,5.10724551338741e-16,0.9968535074464716,0.9816423567065461,0.014342109450655175,0.014342122802632938,0.029658389072550678,0.023144282621642913,0.19952623149688797,6.495597021368076e-07,0.0571476672624209,0.05679434090973643,3.1556936491197525e-06,0.9965256541125834,0.993817314878473,100.65841545118019
sparse_bayesian_keep50_proposed_rep00_seed12026,sparse,bayesian_keep50,proposed,0,12026,3,3,6,natural_mean,40,1,50,23.0,-74,1024,4,1000.0,10,paper_reference_kkt,update,coordinated_aggregate,True,bayesian,0.5,39021,0.1488,2.3596020778086904,0.04076068677678706,0.1488,2.3596020778086904,0.04076068677678706,0.1361,2.3732566648155933,0.06691741329729557,4.433361410288876,2.2199276895693707,2.213433720719506,9.999999999999935e-05,10000.000000000065,9999.999999879103,10000.00000012443,6.254300363240876e-09,1.747298676626108e-06,1.2442978913895786e-07,0.0389756263255375,0.005454732105135918,0.0,0.0,0.0,1.0396510781341056e-06,1.0867006494663656e-07,78042,234126,78,234,0.024897298562515137,0.024897318259503736,0.037055857981057615,0.02174955999085456,0.19952623149688797,6.522271278472033e-07,0.038750666045289324,0.038975627073853505,1.5806992116331139e-06,0.9969529553188988,0.9962437104090947,0.007708402030700329,0.007708404905325741,0.03600656866633392,0.02123022288544622,0.19952622891968658,8.355285736145106e-12,1.0536837072824127e-06,1.0396508799993318e-06,5.210504338035463e-16,0.9971334607748878,0.9866820938884843,0.042086195094329946,0.04208623161368173,0.03810514729578131,0.0222688970962629,0.19952623149688797,6.522271277936861e-07,0.03875066603096377,0.03897562705998748,3.161398422745177e-06,0.9967724498629098,1.005805326929705,138.13852425524965
sparse_bayesian_keep50_proposed_rep00_seed12026,sparse,bayesian_keep50,proposed,0,12026,4,4,8,natural_mean,40,1,50,23.0,-74,1024,4,1000.0,10,paper_reference_kkt,update,coordinated_aggregate,True,bayesian,0.5,39021,0.144,2.368160988326845,0.05164928926795721,0.144,2.368160988326845,0.05164928926795721,0.1358,2.377741902834548,0.07048673488497734,4.366810206722312,2.183417729402394,2.1833924773199183,9.999999999999914e-05,10000.000000000087,9999.99999983354,10000.000000213606,7.2753541652729414e-09,2.0325867177368346e-06,2.1360574464779347e-07,0.0303928376304021,0.0037980410270392895,0.0,0.0,0.0,1.025877675886833e-06,1.2897180567961186e-07,78042,312168,78,312,0.03578989792240947,0.035789898513395015,0.029578897586757233,0.019666012694175436,0.19952623149688797,6.498471679788901e-07,0.030442626097220572,0.03039283764567435,1.5828229766503164e-06,0.9969897109845438,0.9918534300873298,0.0077258183384676165,0.007725828605964178,0.029112434982847903,0.01923208406507441,0.19952622996036218,8.292658958417669e-12,1.041138601808519e-06,1.0258778296479998e-06,5.179564227452528e-16,0.9972887547309037,0.9853422746272114,0.06385397750635133,0.06385396842082586,0.030045360190666563,0.02009994132327646,0.19952623149688797,6.498471679259791e-07,0.030442626079417088,0.030392837628360644,3.1656459527826763e-06,0.9966906672381839,0.9983645855474484,174.46830632118508
sparse_bayesian_keep50_proposed_rep00_seed12026,sparse,bayesian_keep50,proposed,0,12026,5,5,10,natural_mean,40,1,50,23.0,-74,1024,4,1000.0,10,paper_reference_kkt,update,coordinated_aggregate,True,bayesian,0.5,39021,0.1125,2.3942200751791316,0.10661176277667285,0.1125,2.3942200751791316,0.10661176277667285,0.1342,2.382636155507626,0.07567582649439573,4.367060696581012,2.1813870420512815,2.1856736545297304,9.999999999999877e-05,10000.000000000124,9999.999999803138,10000.000000173926,8.173717250409351e-09,2.283673447752984e-06,1.9686194718815386e-07,0.027141479732760827,0.003114236518740654,0.0,0.0,0.0,1.0383611087739349e-06,1.4135184756014496e-07,78042,390210,78,390,0.04288169025522813,0.042881708801483995,0.03077924698228867,0.019011362757904937,0.19952623149688797,6.517996831221169e-07,0.027447422163907418,0.027141480537097633,1.5834082158245307e-06,0.9963491861771449,0.9820009411644214,0.013787746525339812,0.013787754672964963,0.02873514243591329,0.018387168389061744,0.19952623031082492,8.57781392762594e-12,1.064824396197144e-06,1.0383617227850104e-06,5.461618043946451e-16,0.9964510851774107,0.9751482675318288,0.07197563398511644,0.07197566293000303,0.03282335152866405,0.019635557126748127,0.19952623149688797,6.51799683065674e-07,0.027447422143252454,0.027141480517235136,3.1668164311028996e-06,0.996247287176879,0.988853614797014,211.21636191895232
sparse_bayesian_keep50_proposed_rep00_seed12026,sparse,bayesian_keep50,proposed,0,12026,6,6,12,natural_mean,40,1,50,23.0,-74,1024,4,1000.0,10,paper_reference_kkt,update,coordinated_aggregate,True,bayesian,0.5,39021,0.1423,2.3870079763156746,0.06242428345203402,0.1423,2.3870079763156746,0.06242428345203402,0.1382,2.3873183912682556,0.07313719570189714,4.346461627118394,2.170580671321801,2.175880955796593,9.999999999999849e-05,10000.00000000015,9999.999999812246,10000.000000231616,8.928271295883606e-09,2.494555987516062e-06,2.31615558732301e-07,0.02644755919216862,0.002883952111005783,0.0,0.0,0.0,1.0442584388735242e-06,1.4796751202084124e-07,78042,468252,78,468,0.0543201467148097,0.05432011024332623,0.029608646244126378,0.01858800794431862,0.19952623149688797,6.490708408201905e-07,0.026333360353245877,0.02644756205114184,1.584332165247872e-06,0.9961282002678216,0.9825368558217816,0.01558466543086102,0.015584660387598832,0.02861902488875505,0.017962260810903186,0.1995262306231208,8.375315196444735e-12,1.0869351448993818e-06,1.0442587441932514e-06,5.264559613975667e-16,0.9961226877749132,0.9607369242410855,0.09305562799875837,0.09305556009905364,0.030598267599497707,0.019213755077734054,0.19952623149688797,6.490708407661549e-07,0.026333360330813724,0.02644756203052602,3.168664329969288e-06,0.99613371276073,1.0043367874024778,250.37943468429148
sparse_bayesian_keep50_proposed_rep00_seed12026,sparse,bayesian_keep50,proposed,0,12026,7,7,14,natural_mean,40,1,50,23.0,-74,1024,4,1000.0,10,paper_reference_kkt,update,coordinated_aggregate,True,bayesian,0.5,39021,0.1292,2.374413895988492,0.07349414501190184,0.1292,2.374413895988492,0.07349414501190184,0.1354,2.3885719420726255,0.08214048150181771,4.332529664466205,2.172559701756501,2.1599699627097038,9.999999999999797e-05,10000.000000000206,9999.999999826794,10000.00000024087,9.65387764853883e-09,2.697507801352128e-06,2.408705768175423e-07,0.02483612129375675,0.002658545970916748,0.0,0.0,0.0,1.0196157491220494e-06,1.0368057701271027e-07,78042,546294,78,546,0.0616819715041005,0.06168197117532718,0.023156574305894323,0.017794712805405517,0.19952623149688797,6.462230030235777e-07,0.024768557644822147,0.024836122257574852,1.5854530472969716e-06,0.9964760915408339,0.9918705756807127,0.008563230804710172,0.008563239349923918,0.024444767652329693,0.01764781270403025,0.199526230580794,8.305981073307657e-12,1.0393501266099144e-06,1.019616356002378e-06,5.225645992839779e-16,0.996800550911043,0.9810133523292078,0.11480071220349082,0.11480070300073043,0.021868380959458956,0.01794161290678078,0.19952623149688797,6.462230029701988e-07,0.024768557623015292,0.024836122236645306,3.1709060940713785e-06,0.996151632170625,1.0027277990322174,284.87340379087254
sparse_bayesian_keep50_proposed_rep00_seed12026,sparse,bayesian_keep50,proposed,0,12026,8,8,16,natural_mean,40,1,50,23.0,-74,1024,4,1000.0,10,paper_reference_kkt,update,coordinated_aggregate,True,bayesian,0.5,39021,0.1339,2.370295833959226,0.06518614036411047,0.1339,2.370295833959226,0.06518614036411047,0.1408,2.3847403655806416,0.07297355571240187,4.310318649929039,2.163440368379324,2.1468782815497156,9.999999999999751e-05,10000.000000000251,9999.999999820064,10000.00000024128,1.0304720653547832e-08,2.8795818050611557e-06,2.4127984943334013e-07,0.024456341666334196,0.003924928605556488,0.0,0.0,0.0,1.018534101678471e-06,1.2721829989459366e-07,78042,624336,78,624,0.08186716417725926,0.08186716015781559,0.03232549468534543,0.01902463688259371,0.19952623149688797,6.469452033859488e-07,0.02390233368259708,0.02445633911074115,1.5847800164567907e-06,0.9963606748384634,0.9959680250479641,0.015626722790175178,0.015626724377715714,0.033207003155584745,0.018874611722648562,0.19952622962875158,8.36913477308585e-12,1.0513807557471804e-06,1.0185338482228957e-06,5.321209036192126e-16,0.9963101529051526,0.9687583327661262,0.14810760556434333,0.14810759593791548,0.03144398621510611,0.019174662042538863,0.19952623149688797,6.469452033318156e-07,0.023902333659473786,0.0244563390895317,3.1695600323814604e-06,0.9964111967717741,1.023177717329802,318.80442056804895
sparse_bayesian_keep50_proposed_rep00_seed12026,sparse,bayesian_keep50,proposed,0,12026,9,9,18,natural_mean,40,1,50,23.0,-74,1024,4,1000.0,10,paper_reference_kkt,update,coordinated_aggregate,True,bayesian,0.5,39021,0.1553,2.3634334594943343,0.04017106075659395,0.1553,2.3634334594943343,0.04017106075659395,0.142,2.3870227834507567,0.07851244137883186,4.286146175695461,2.144542467712645,2.1416037079828163,9.999999999999706e-05,10000.000000000293,9999.999999761481,10000.000000318303,1.1038617478158969e-08,3.0848398507418967e-06,3.183031367370859e-07,0.02495368153300564,0.0024722889065742493,0.0,0.0,0.0,1.0354696722982022e-06,1.4815668691881e-07,78042,702378,78,702,0.06582329066328761,0.06582332545164007,0.022160814816182255,0.01756668169874983,0.19952623149688797,6.462222132163497e-07,0.024282388921748138,0.024953680402182,1.585361650994956e-06,0.9963580694414147,0.9992471683068698,0.012122316808516508,0.012122319234431389,0.02416581609606354,0.017466732682784526,0.19952623076808815,8.44578917163039e-12,1.0665619199056412e-06,1.0354706011861783e-06,5.358748814126318e-16,0.9964497244049276,0.9708490690727661,0.11952426451805871,0.11952433166884877,0.020155813536300967,0.017666630714715133,0.19952623149688797,6.462222131611587e-07,0.024282388898324694,0.024953680380698205,3.170723301454037e-06,0.9962664144779019,1.0276452675409733,353.24334130901843
sparse_bayesian_keep50_proposed_rep00_seed12026,sparse,bayesian_keep50,proposed,0,12026,10,10,20,natural_mean,40,1,50,23.0,-74,1024,4,1000.0,10,paper_reference_kkt,update,coordinated_aggregate,True,bayesian,0.5,39021,0.1517,2.3637066004202105,0.04336978672102095,0.1517,2.3637066004202105,0.04336978672102095,0.1475,2.381443432106276,0.07022439021021128,4.262739510659433,2.128365572025004,2.134373938634429,9.999999999999686e-05,10000.000000000315,9999.999999652375,10000.000000322145,1.1599372030391277e-08,3.241595187108399e-06,3.476252459222451e-07,0.02484797604565315,0.0030490541830658913,0.0,0.0,0.0,1.024986130638795e-06,2.3723077902104706e-07,78042,780420,78,780,0.06557507699950985,0.06557507458719908,0.031978869908270285,0.020713777624658793,0.19952623149688797,6.450234760827612e-07,0.024585193015705574,0.024847977405567403,1.5854579966837915e-06,0.9963100593912162,0.990944834044495,0.01908449269466324,0.01908448997996586,0.030147740072812828,0.02011743655019555,0.19952623085062637,8.372571019456965e-12,1.0553799288678913e-06,1.0249858135142816e-06,5.322858586063776e-16,0.9960784161959091,0.971200800657763,0.11206566130435645,0.11206565919443229,0.03380999974372774,0.021310118699122037,0.19952623149688797,6.450234760284221e-07,0.024585192993053184,0.02484797738442693,3.1709159928352973e-06,0.9965417025865232,1.0106888674312269,388.17061819927767
sparse_bayesian_keep50_proposed_rep00_seed12026,sparse,bayesian_keep50,proposed,0,12026,11,11,22,natural_mean,40,1,50,23.0,-74,1024,4,1000.0,10,paper_reference_kkt,update,coordinated_aggregate,True,bayesian,0.5,39021,0.1383,2.391526570493498,0.0861407276880741,0.1383,2.391526570493498,0.0861407276880741,0.1477,2.38412189282445,0.07821194860339163,4.267922579649665,2.139148760315912,2.1287738193337526,9.99999999999963e-05,10000.000000000371,9999.999999655287,10000.00000037547,1.221705480425008e-08,3.414510395033608e-06,3.7547033571172506e-07,0.024270957184591865,0.003293115645647049,0.0,0.0,0.0,1.080333953511226e-06,2.7637724997475743e-07,78042,858462,78,858,0.06821715783464274,0.0682172056775881,0.026693230438247194,0.018594093924211463,0.19952623149688797,6.477012747521924e-07,0.023233614459113896,0.02427095340368179,1.5854476366199547e-06,0.9963274346862147,1.0058751478845738,0.016582004714190083,0.016582022503179916,0.028078293479451774,0.018139875348431752,0.19952623084906773,8.58791626404316e-12,1.1170842760884468e-06,1.080334408634518e-06,5.528279363616753e-16,0.9961144547103815,0.9671019690529884,0.11985231095509541,0.1198523888519963,0.025308167397042617,0.01904831249999117,0.19952623149688797,6.477012746952584e-07,0.0232336144322589,0.024270953379638187,3.1708952726870816e-06,0.9965404146620478,1.0446483267161593,424.96657232614234
sparse_bayesian_keep50_proposed_rep00_seed12026,sparse,bayesian_keep50,proposed,0,12026,12,12,24,natural_mean,40,1,50,23.0,-74,1024,4,1000.0,10,paper_reference_kkt,update,coordinated_aggregate,True,bayesian,0.5,39021,0.1512,2.3644488081360073,0.06097728932023046,0.1512,2.3644488081360073,0.06097728932023046,0.1494,2.3763017997668343,0.07566427357792853,4.274983748479581,2.1461629567990004,2.1288207916805804,9.999999999999559e-05,10000.000000000444,9999.999999580841,10000.000000400898,1.278327472089811e-08,3.573282527186631e-06,4.1915882320608944e-07,0.02373793015496621,0.002355676144361496,0.0,0.0,0.0,1.0630727396046472e-06,1.47303580888547e-07,78042,936504,78,936,0.07155946215887474,0.07155948170461936,0.029144496892487253,0.020212610050272008,0.19952623149688797,6.452047045575657e-07,0.023287216339394963,0.02373793199427231,1.5850893056636227e-06,0.9961606026059683,0.9961184181631046,0.013338648760025495,0.013338642193262272,0.027076934117065132,0.01930177549811252,0.19952623128299116,8.653947284928833e-12,1.092704723934714e-06,1.063072878973902e-06,5.685697827796059e-16,0.9961213642072458,0.972882103272123,0.12978027555772398,0.12978032121597644,0.031212059667909374,0.021123444602431492,0.19952623149688797,6.452047044995292e-07,0.0232872163137585,0.02373793197046813,3.170178610758676e-06,0.9961998410046907,1.0193547330540864,460.81000299192965
sparse_bayesian_keep50_proposed_rep00_seed12026,sparse,bayesian_keep50,proposed,0,12026,13,13,26,natural_mean,40,1,50,23.0,-74,1024,4,1000.0,10,paper_reference_kkt,update,coordinated_aggregate,True,bayesian,0.5,39021,0.1291,2.3670564578548854,0.1057702331417799,0.1291,2.3670564578548854,0.1057702331417799,0.1487,2.3742666357833286,0.08374269564598798,4.246669752602549,2.1206255436891595,2.1260442089133895,9.999999999999514e-05,10000.000000000487,9999.999999542219,10000.000000366377,1.3398596906776606e-08,3.745490468085589e-06,4.577814252115786e-07,0.02583251077284007,0.0028897952288389206,0.0,0.0,0.0,1.0237390293283789e-06,1.0475378076080233e-07,78042,1014546,78,1014,0.05399621759033329,0.053996262613093905,0.02388942801938523,0.019362986344808125,0.19952623149688797,6.491664364020215e-07,0.025429474650314778,0.025832507702701412,1.5843052560739716e-06,0.9967115104932563,0.9965267349870488,0.010108783589402828,0.010108770075188152,0.02362263246684765,0.019333032981559577,0.1995262308563446,8.400873744761874e-12,1.0476207862760372e-06,1.0237394842707845e-06,5.289759206274877e-16,0.996824171902665,0.9772043010343207,0.09788365159126375,0.09788375515099966,0.024156223571922812,0.01939293970805667,0.19952623149688797,6.491664363476636e-07,0.025429474628735304,0.02583250768241607,3.1686105116189674e-06,0.9965988490838477,1.0158491689397768,496.8453472838737
sparse_bayesian_keep50_proposed_rep00_seed12026,sparse,bayesian_keep50,proposed,0,12026,14,14,28,natural_mean,40,1,50,23.0,-74,1024,4,1000.0,10,paper_reference_kkt,update,coordinated_aggregate,True,bayesian,0.5,39021,0.1458,2.3716009037431847,0.07798548198163505,0.1458,2.3716009037431847,0.07798548198163505,0.1546,2.3668099387450448,0.07527961401194333,4.221893459949531,2.1162731602936096,2.1056202996559215,9.999999999999465e-05,10000.000000000535,9999.999999582278,10000.000000419379,1.3865038772305397e-08,3.876209940779056e-06,4.193789209239185e-07,0.02519181342272142,0.002738364040851593,0.0,0.0,0.0,1.0286225695322194e-06,1.2068448995705694e-07,78042,1092588,78,1092,0.07424282171276018,0.0742427868521296,0.032007378379464144,0.019463237935409508,0.19952623149688797,6.464133304177479e-07,0.024556629808513197,0.025191811080625404,1.5845148950608703e-06,0.9964592282400266,0.9995727237235679,0.01847720002881843,0.018477191451267753,0.029988185152247514,0.018844076341523873,0.1995262310778982,8.478051697942271e-12,1.0568628314368093e-06,1.0286229570925158e-06,5.407311363861352e-16,0.9964290718163686,0.9732794924566195,0.13000844339670195,0.13000838225299144,0.03402657160668077,0.020082399529295147,0.19952623149688797,6.464133303621509e-07,0.02455662978577068,0.025191811059625223,3.1690297895810096e-06,0.9964893846636845,1.0258659549905162,532.6033627092838
sparse_bayesian_keep50_proposed_rep00_seed12026,sparse,bayesian_keep50,proposed,0,12026,15,15,30,natural_mean,40,1,50,23.0,-74,1024,4,1000.0,10,paper_reference_kkt,update,coordinated_aggregate,True,bayesian,0.5,39021,0.125,2.347535570403542,0.10728862928748131,0.125,2.347535570403542,0.10728862928748131,0.153,2.3573305260531408,0.08241770204752685,4.207506798275896,2.0995668119275064,2.107939986348389,9.999999999999431e-05,10000.00000000057,9999.999999460939,10000.000000434842,1.4467732779786226e-08,4.044841131282108e-06,5.390611477196217e-07,0.02701173601458367,0.0019111931324005127,0.0,0.0,0.0,1.0542360007393189e-06,1.2133932614233345e-07,78042,1170630,78,1170,0.04235727237842715,0.042357256889433426,0.033766566610023474,0.020865567483197282,0.19952623149688797,6.494072158636976e-07,0.027013597145028413,0.02701173649113119,1.5838810767762294e-06,0.9965023175773993,0.984602794969426,0.018264886017965595,0.018264891334506796,0.032842838250671476,0.02052335171025094,0.19952623041159975,8.449453375525251e-12,1.0876546000157193e-06,1.0542359224095325e-06,5.37373376945289e-16,0.9964128803153676,0.969274547814451,0.06644965873888871,0.06644962244436005,0.034690294969375465,0.02120778325614362,0.19952623149688797,6.494072158087296e-07,0.02701359712313217,0.027011736470558403,3.1677621530150855e-06,0.996591754839431,0.9999310421244012,567.0993811208755
sparse_bayesian_keep50_proposed_rep00_seed12026,sparse,bayesian_keep50,proposed,0,12026,16,16,32,natural_mean,40,1,50,23.0,-74,1024,4,1000.0,10,paper_reference_kkt,update,coordinated_aggregate,True,bayesian,0.5,39021,0.1463,2.339164802811175,0.07104926163494588,0.1463,2.339164802811175,0.07104926163494588,0.1566,2.346188268998215,0.08212654281556607,4.189304951313239,2.1041951363413753,2.0851098149718634,9.999999999999374e-05,10000.000000000628,9999.999999444497,10000.000000524751,1.5048585459975665e-08,4.207609814891736e-06,5.555029929382727e-07,0.025670697049182678,0.0024404376745224,0.0,0.0,0.0,1.0464376087367362e-06,1.1405245459172875e-07,78042,1248672,78,1248,0.04020935747617156,0.04020938012136462,0.021517337461769908,0.01793403926809213,0.19952623149688797,6.515839810416257e-07,0.025323817795894862,0.025670697781325504,1.5843033173993588e-06,0.9970909433050468,0.9992881927345645,0.008315930484056537,0.008315928221604178,0.02335424643631499,0.018001502468805355,0.1995262313647808,8.708170467627335e-12,1.0625044161256841e-06,1.0464379121331889e-06,5.692307173726876e-16,0.9968918430477407,0.9848786674039365,0.07210278446828658,0.07210283202112507,0.019680428487224826,0.01786657606737891,0.19952623149688797,6.515839809834351e-07,0.025323817773605258,0.025670697759997054,3.168606634229487e-06,0.997290043562353,1.0136977180651925,602.2123606111854
sparse_bayesian_keep50_proposed_rep00_seed12026,sparse,bayesian_keep50,proposed,0,12026,17,17,34,natural_mean,40,1,50,23.0,-74,1024,4,1000.0,10,paper_reference_kkt,update,coordinated_aggregate,True,bayesian,0.5,39021,0.1506,2.3554249842507446,0.08795731232494115,0.1506,2.3554249842507446,0.08795731232494115,0.1554,2.3390589393232846,0.08590256673693657,4.217569008404407,2.104360875078508,2.113208133325899,9.9999999999993e-05,10000.0000000007,9999.99999942825,10000.000000653265,1.5687654098175274e-08,4.3868593357568695e-06,6.532645784318447e-07,0.02576481978299329,0.0021088048815727234,0.0,0.0,0.0,1.0826376684208492e-06,1.6079138731583953e-07,78042,1326714,78,1326,0.04089433698842326,0.04089434527420955,0.042423940747344936,0.02352610833307558,0.19952623149688797,6.467438686093226e-07,0.025719645574412923,0.02576481815912797,1.5839757991156378e-06,0.9967415361553869,0.9901833488892322,0.008572736393397264,0.008572737008882466,0.04265970077148955,0.0232671320622606,0.19952623102304537,8.589823300987752e-12,1.1063022746495437e-06,1.0826387786409472e-06,5.595671958148784e-16,0.9967364809572034,0.9786102880203772,0.07321593758344926,0.07321595353953664,0.042188180723200325,0.023785084603890564,0.19952623149688797,6.46743868552279e-07,0.025719645550619733,0.025764818136381706,3.167951597671708e-06,0.9967465913535705,1.001756409758087,637.2573295850307
sparse_bayesian_keep50_proposed_rep00_seed12026,sparse,bayesian_keep50,proposed,0,12026,18,18,36,natural_mean,40,1,50,23.0,-74,1024,4,1000.0,10,paper_reference_kkt,update,coordinated_aggregate,True,bayesian,0.5,39021,0.1484,2.3288258153338632,0.08026616048350929,0.1484,2.3288258153338632,0.08026616048350929,0.1554,2.33474608059666,0.0896626660719514,4.193551432493903,2.099471118009351,2.0940803144845526,9.999999999999224e-05,10000.000000000777,9999.999999432774,10000.000000580498,1.6216955423844177e-08,4.535575164803664e-06,5.804977263323963e-07,0.027140396168549647,0.0033880621194839478,0.0,0.0,0.0,1.063512669711205e-06,1.3120734365656972e-07,78042,1404756,78,1404,0.059225243314956565,0.059225207442624,0.018920625487268458,0.01810638951463727,0.19952623149688797,6.464000710749119e-07,0.02641556492043103,0.02714040103801918,1.5843351380631395e-06,0.9968581426627695,1.0040632352831933,0.012079182751977249,0.012079187923534518,0.019629250889967014,0.017811282902182635,0.1995262313778236,8.708652613430107e-12,1.084457162516457e-06,1.063512785526139e-06,5.720556992945204e-16,0.9967270184749945,0.9806867632054332,0.10637130387793588,0.10637122696171349,0.018212000084569902,0.01840149612709191,0.19952623149688797,6.464000710162481e-07,0.02641556489817053,0.02714040101718199,3.1686702755542235e-06,0.9969892668505446,1.0274397073609536,672.3603960280307
sparse_bayesian_keep50_proposed_rep00_seed12026,sparse,bayesian_keep50,proposed,0,12026,19,19,38,natural_mean,40,1,50,23.0,-74,1024,4,1000.0,10,paper_reference_kkt,update,coordinated_aggregate,True,bayesian,0.5,39021,0.1573,2.335904449791722,0.07756491242825984,0.1573,2.335904449791722,0.07756491242825984,0.1562,2.331092312314642,0.09184594400227068,4.151741685355397,2.0796960565252283,2.072045628830168,9.99999999999915e-05,10000.00000000085,9999.999999540085,10000.000000602278,1.6590444059597332e-08,4.640784749041966e-06,6.022783054504544e-07,0.026618528996739957,0.0025170519948005676,0.0,0.0,0.0,1.1103428331314585e-06,1.073112798621878e-07,78042,1482798,78,1482,0.056703861541786846,0.05670387117835844,0.030254141810655936,0.020955177875017543,0.19952623149688797,6.447471063116062e-07,0.02624539176020451,0.02661853353766985,1.5842186582971014e-06,0.9972469684522568,0.9965500888652203,0.009994657838889373,0.009994656549559994,0.033778445841654764,0.02121295406902472,0.19952623023737764,8.889479492001308e-12,1.1342955796623588e-06,1.1103423976378232e-06,5.938264145829985e-16,0.9970733569234197,0.9788827601162737,0.10341306524468431,0.10341308580715688,0.02672983777965711,0.020697401681010363,0.19952623149688797,6.447471062503241e-07,0.026245391735693038,0.02661853351451192,3.1684373160003764e-06,0.9974205799810939,1.014217417614167,708.1454283902422
sparse_bayesian_keep50_proposed_rep00_seed12026,sparse,bayesian_keep50,proposed,0,12026,20,20,40,natural_mean,40,1,50,23.0,-74,1024,4,1000.0,10,paper_reference_kkt,update,coordinated_aggregate,True,bayesian,0.5,39021,0.1504,2.324907242736088,0.08673326402693986,0.1504,2.324907242736088,0.08673326402693986,0.157,2.319802002878351,0.09525467256903648,4.1480738558304715,2.0620946865195546,2.085979169310917,9.999999999999103e-05,10000.000000000897,9999.999999624562,10000.000000591768,1.708287905497634e-08,4.778861118743066e-06,5.917681846767664e-07,0.02594158119138616,0.0020652413368225098,0.0,0.0,0.0,1.0619394489405972e-06,1.5765726857353002e-07,78042,1560840,78,1560,0.03939317599868353,0.03939320053123783,0.04303835321548455,0.02314766993067232,0.19952623149688797,6.476116960585455e-07,0.02599451288579814,0.025941580145096278,1.5844342641848804e-06,0.9970449794921874,0.9906949176893447,0.009935414707623645,0.009935400852889275,0.04556390563139964,0.022795207148898676,0.19952623125437435,8.78248245398168e-12,1.0798359179993385e-06,1.0619386671519125e-06,5.827318798829961e-16,0.997000914115832,0.9834259831604928,0.06885093728974341,0.06885100020958639,0.04051280079956946,0.023500132712445967,0.19952623149688797,6.476116959989944e-07,0.025994512863369453,0.025941580123360636,3.168868527787029e-06,0.9970890448685427,0.9979638522181965,743.7584561118856
sparse_bayesian_keep50_proposed_rep00_seed12026,sparse,bayesian_keep50,proposed,0,12026,21,21,42,natural_mean,40,1,50,23.0,-74,1024,4,1000.0,10,paper_reference_kkt,update,coordinated_aggregate,True,bayesian,0.5,39021,0.1567,2.3118813728267984,0.06956635152891277,0.1567,2.3118813728267984,0.06956635152891277,0.1583,2.3122574891773797,0.09186673024892807,4.14836910012702,2.0742213933652724,2.074147706761748,9.999999999999015e-05,10000.000000000986,9999.99999957386,10000.000000658116,1.7622579570874782e-08,4.930723586537641e-06,6.581158231711015e-07,0.025394941589579917,0.0019224658608436584,0.0,0.0,0.0,1.0901715725294612e-06,1.0480107448529452e-07,78042,1638882,78,1638,0.03964155412429306,0.03964152170593845,0.0328502455375576,0.020092859150288266,0.19952623149688797,6.488786511173916e-07,0.025402257381659805,0.02539494475531479,1.5844322300796692e-06,0.9971110426899616,0.988502910219622,0.011872682647518822,0.01187268659144096,0.031099891398018255,0.019446844544722557,0.19952623143199577,9.020809289620567e-12,1.1155002657779195e-06,1.0901715324102704e-06,6.101784059432962e-16,0.9967549651878286,0.9772938009309451,0.06741042560106729,0.06741035682043595,0.03460059967709695,0.02073887375585397,0.19952623149688797,6.488786510546872e-07,0.02540225735716708,0.025394944731914976,3.16886445954916e-06,0.9974671201920947,0.9997120195082989,778.6473987791687
sparse_bayesian_keep50_proposed_rep00_seed12026,sparse,bayesian_keep50,proposed,0,12026,22,22,44,natural_mean,40,1,50,23.0,-74,1024,4,1000.0,10,paper_reference_kkt,update,coordinated_aggregate,True,bayesian,0.5,39021,0.1458,2.3188257960691647,0.10723744109585881,0.1458,2.3188257960691647,0.10723744109585881,0.1566,2.3001138460423562,0.09369546090960504,4.091906768237619,2.0419837822734004,2.049922985964219,9.99999999999896e-05,10000.00000000104,9999.999999592314,10000.000000686456,1.806315767995294e-08,5.0544871056329875e-06,6.86455678078346e-07,0.02760040763440184,0.0017861425876617432,0.0,0.0,0.0,1.1018533611355266e-06,1.21361154015176e-07,78042,1716924,78,1716,0.022730030282229786,0.022730043293664775,0.03223106536493728,0.020887255509001237,0.19952623149688797,6.467968594212098e-07,0.02771869438108955,0.027600409813796828,1.5842312614113571e-06,0.9971942693906376,0.9888267375028627,0.011691894696975116,0.011691892945990073,0.032702268399511,0.020449216513830897,0.19952623003709283,8.813880367448613e-12,1.1221398996501827e-06,1.101852328953673e-06,5.86337858580837e-16,0.9969183833006748,0.981920654416129,0.033768165867484455,0.033768193641339476,0.03175986233036356,0.02132529450417158,0.19952623149688797,6.467968593611566e-07,0.027718694358375675,0.027600409791802977,3.1684625222363764e-06,0.9974701554806004,0.9957328205895963,812.3172967149876
sparse_bayesian_keep50_proposed_rep00_seed12026,sparse,bayesian_keep50,proposed,0,12026,23,23,46,natural_mean,40,1,50,23.0,-74,1024,4,1000.0,10,paper_reference_kkt,update,coordinated_aggregate,True,bayesian,0.5,39021,0.1575,2.304139195409615,0.06362435841873286,0.1575,2.304139195409615,0.06362435841873286,0.1563,2.3006165837986288,0.09609057778567077,4.11571368450673,2.0444657919184115,2.071247892588318,9.999999999998881e-05,10000.00000000112,9999.999999575988,10000.000000786402,1.8512737818390975e-08,5.18117391342629e-06,7.864018698455766e-07,0.030783355163938098,0.0021785125136375427,0.0,0.0,0.0,1.1522616472328888e-06,1.33280991576612e-07,78042,1794966,78,1794,0.020583085842109168,0.020583104670431313,0.035378345937373115,0.021090613565230138,0.19952623149688797,6.486966114241291e-07,0.030799403851484997,0.030783352151309378,1.5851762840908634e-06,0.9973220636545463,0.9891539979842193,0.011048859867133429,0.01104886352269029,0.03836579979099645,0.020446085887450345,0.19952623013495704,9.34821724558909e-12,1.1771837591558958e-06,1.1522617409666987e-06,6.579511026252285e-16,0.9969705659484246,0.9788290671350517,0.03011731181708491,0.030117345818172332,0.032390892083749775,0.02173514124300993,0.19952623149688797,6.486966113567716e-07,0.030799403828988433,0.030783352129744035,3.1703525675237757e-06,0.997673561360668,0.999478928833387,847.4194025360048
sparse_bayesian_keep50_proposed_rep00_seed12026,sparse,bayesian_keep50,proposed,0,12026,24,24,48,natural_mean,40,1,50,23.0,-74,1024,4,1000.0,10,paper_reference_kkt,update,coordinated_aggregate,True,bayesian,0.5,39021,0.1421,2.2996693154864025,0.10553237708255646,0.1421,2.2996693154864025,0.10553237708255646,0.1572,2.2893179162960235,0.09685387969315054,4.081283232990364,2.03376756027252,2.0475156727178434,9.999999999998827e-05,10000.000000001171,9999.999999644182,10000.00000078743,1.879789973138624e-08,5.261593410687034e-06,7.8742959885858e-07,0.03307440492055319,0.003513328731060028,0.0,0.0,0.0,1.0693454228650253e-06,1.1551674106158316e-07,78042,1873008,78,1872,0.02909136078078183,0.02909136569073663,0.027295464977375658,0.02038787865849899,0.19952623149688797,6.499695390236211e-07,0.032897682272681736,0.03307440416100129,1.5848872844549946e-06,0.9970614776483688,0.9906015143215003,0.012576966692650756,0.012576974814047823,0.02879904866006384,0.019953663521184727,0.19952623107886933,8.743948533403169e-12,1.095830623457795e-06,1.0693457527416555e-06,5.730611819341066e-16,0.9967712582807479,0.9758311847016734,0.045605754868912905,0.04560575656742544,0.025791881294687475,0.02082209379581325,0.19952623149688797,6.499695389648055e-07,0.03289768225443053,0.0330744041437145,3.1697745683369283e-06,0.9973516970159897,1.0053718439413273,883.4763844790868
sparse_bayesian_keep50_proposed_rep00_seed12026,sparse,bayesian_keep50,proposed,0,12026,25,25,50,natural_mean,40,1,50,23.0,-74,1024,4,1000.0,10,paper_reference_kkt,update,coordinated_aggregate,True,bayesian,0.5,39021,0.1585,2.287445357398055,0.08111887971252202,0.1585,2.287445357398055,0.08111887971252202,0.1579,2.2877524672019662,0.0950179014220834,4.084417877424783,2.053207203692518,2.031210673732265,9.999999999998716e-05,10000.000000001282,9999.999999627684,10000.000000778167,1.9280621946114812e-08,5.39816509255691e-06,7.781673048157245e-07,0.029207208242342755,0.0027303099632263184,0.0,0.0,0.0,1.1713347028367462e-06,1.0895200830418617e-07,78042,1951050,78,1950,0.035016150855415505,0.03501611533969814,0.03732981353749708,0.021927254901270683,0.19952623149688797,6.510385813914069e-07,0.02900925251391312,0.029207203156452637,1.585469655773407e-06,0.9973326921015545,0.9942622795678998,0.009606157410702879,0.009606161407114127,0.041936221729154746,0.02170013309811695,0.19952622891108088,9.654673154075488e-12,1.1931681021675185e-06,1.1713341905582661e-06,7.008939307443895e-16,0.9971966427637098,0.9817008784620809,0.06042614430012813,0.060426069272282154,0.03272340534583942,0.02215437670442442,0.19952623149688797,6.510385813198192e-07,0.029009252489375255,0.029207203132964873,3.17093931084592e-06,0.9974687414393992,1.0068236806737187,920.0753686930984
sparse_bayesian_keep50_proposed_rep00_seed12026,sparse,bayesian_keep50,proposed,0,12026,26,26,52,natural_mean,40,1,50,23.0,-74,1024,4,1000.0,10,paper_reference_kkt,update,coordinated_aggregate,True,bayesian,0.5,39021,0.1424,2.2832815686179093,0.10449196471795441,0.1424,2.2832815686179093,0.10449196471795441,0.1518,2.2760120384267952,0.1072990562349558,4.063586034452465,2.0363383776624917,2.0272476567899727,9.99999999999862e-05,10000.000000001377,9999.999999640238,10000.000000800395,1.9690734834813612e-08,5.514267561617268e-06,8.003953553270549e-07,0.03318107463584994,0.0021341443061828613,0.0,0.0,0.0,1.095407595546598e-06,1.0730764188338071e-07,78042,2029092,78,2028,0.020989844162108376,0.020989840931869154,0.03259569881219351,0.020022406413298055,0.19952623149688797,6.513271760588469e-07,0.03328559086468503,0.03318107392262993,1.5850860363564918e-06,0.9970030748459153,0.9882999042543785,0.010498403361085647,0.010498392434644935,0.03298371957431268,0.019797010656839815,0.19952622926744407,8.992749195136572e-12,1.1180596521875057e-06,1.0954077244804631e-06,6.071471410317099e-16,0.9963994749073254,0.9797399876109238,0.0314812849631311,0.031481289429093375,0.03220767805007435,0.02024780216975629,0.19952623149688797,6.513271759967664e-07,0.03328559084590727,0.033181073904548566,3.1701720721058364e-06,0.9976066747845053,0.9968598208978332,956.5933256479912
sparse_bayesian_keep50_proposed_rep00_seed12026,sparse,bayesian_keep50,proposed,0,12026,27,27,54,natural_mean,40,1,50,23.0,-74,1024,4,1000.0,10,paper_reference_kkt,update,coordinated_aggregate,True,bayesian,0.5,39021,0.1578,2.283943149632358,0.09406986875891685,0.1578,2.283943149632358,0.09406986875891685,0.1552,2.2989579964804436,0.10026802553832533,4.08367596468916,2.0311570408330044,2.052518923856155,9.999999999998542e-05,10000.00000000146,9999.999999620492,10000.000000660544,2.0190367710147988e-08,5.655087230800548e-06,6.605441740248352e-07,0.043517209160866537,0.0037167519330978394,0.0,0.0,0.0,1.2395658781424183e-06,1.3985118130221963e-07,78042,2107134,78,2106,0.014324212262834616,0.014324201494826721,0.045833378396896905,0.02100985326270241,0.19952623149688797,6.469289002018159e-07,0.04382645013643248,0.04351720675626153,1.5865564638077202e-06,0.9959021981033069,0.985739421338639,0.010628516654809309,0.01062851645072082,0.0426873610837915,0.020349162705133195,0.19952623112648643,9.998613714469637e-12,1.2667558472170712e-06,1.2395648517636403e-06,7.563627692353762e-16,0.9945299155826318,0.9785349136399396,0.018019907870859924,0.018019886538932623,0.04897939571000231,0.021670543820271622,0.19952623149688797,6.46928900124549e-07,0.04382645011812538,0.04351720673860735,3.1731129268590776e-06,0.9972744806239819,0.9929439290373384,991.6983426008373
sparse_bayesian_keep50_proposed_rep00_seed12026,sparse,bayesian_keep50,proposed,0,12026,28,28,56,natural_mean,40,1,50,23.0,-74,1024,4,1000.0,10,paper_reference_kkt,update,coordinated_aggregate,True,bayesian,0.5,39021,0.1356,2.295965995676406,0.12224685376957055,0.1356,2.295965995676406,0.12224685376957055,0.1443,2.291216773405967,0.1321372473448515,4.050796511822618,2.0176595028067674,2.033137009015851,9.99999999999849e-05,10000.00000000151,9999.999999672325,10000.00000062959,2.0457473354971356e-08,5.730531326796117e-06,6.295904313446954e-07,0.049269433692829025,0.002699935808777809,0.0,0.0,0.0,1.0844250467213893e-06,1.3879434845875949e-07,78042,2185176,78,2184,0.021613452899595025,0.02161344481365595,0.028397035582612952,0.019311407253719444,0.19952623149688797,6.531064286954698e-07,0.04925847478735073,0.04926943562634465,1.5855138874256074e-06,0.9966612458916362,0.9851419546351008,0.022520952869725108,0.022520939185687507,0.03087533510003024,0.01913829368742077,0.19952623049351492,8.743077511291064e-12,1.1178921104011466e-06,1.084423907818351e-06,5.797217679338383e-16,0.996149198861123,0.9700612988490384,0.020705952929464942,0.020705950441624394,0.025918736065195663,0.01948452082001812,0.19952623149688797,6.531064286369484e-07,0.04925847477466578,0.04926943561441053,3.171027774271493e-06,0.9971732929221495,1.0002226104211631,1026.4051188169979
sparse_bayesian_keep50_proposed_rep00_seed12026,sparse,bayesian_keep50,proposed,0,12026,29,29,58,natural_mean,40,1,50,23.0,-74,1024,4,1000.0,10,paper_reference_kkt,update,coordinated_aggregate,True,bayesian,0.5,39021,0.154,2.3016730399022935,0.09789940506964921,0.154,2.3016730399022935,0.09789940506964921,0.1542,2.3087740131595345,0.10654623649567369,4.087998254825296,2.0460389271882136,2.0419593276370827,9.999999999998396e-05,10000.000000001606,9999.999999696567,10000.000000611488,2.0944860983373553e-08,5.86829717360486e-06,6.11487848800607e-07,0.056796143989971126,0.004509132355451584,0.0,0.0,0.0,1.2884277649941475e-06,1.3358112482819706e-07,78042,2263218,78,2262,0.013691664383596577,0.013691665955465183,0.035446446150203446,0.01891229806504016,0.19952623149688797,6.505352990883292e-07,0.05673312777661399,0.05679614117664059,1.5866186322917692e-06,0.9959532097430419,0.9919426741451047,0.01193797860556713,0.011937969373452702,0.0323553099729422,0.017711021814561374,0.1995262309722913,1.0413114984020783e-11,1.3110093352540507e-06,1.288426692714146e-06,8.165217128504942e-16,0.9946673770179812,0.9827746117749472,0.015445350161626023,0.015445362537477664,0.038537582327464695,0.020113574315518943,0.19952623149688797,6.50535299004988e-07,0.056733127761466356,0.05679614116202654,3.173237263767017e-06,0.9972390424681025,1.0011107365152623,1060.8903846722096
sparse_bayesian_keep50_proposed_rep00_seed12026,sparse,bayesian_keep50,proposed,0,12026,30,30,60,natural_mean,40,1,50,23.0,-74,1024,4,1000.0,10,paper_reference_kkt,update,coordinated_aggregate,True,bayesian,0.5,39021,0.1375,2.2980340638484558,0.13234281674861909,0.1375,2.2980340638484558,0.13234281674861909,0.1435,2.2940808775930384,0.14234541231691833,4.032953310107615,2.011390357652668,2.0215629524549477,9.999999999998363e-05,10000.000000001637,9999.999999694404,10000.000000593845,2.1290140025912765e-08,5.965151945017754e-06,5.938454705756158e-07,0.05877357094239384,0.0031955838203430176,0.0,0.0,0.0,1.0382408525016915e-06,9.928953659255058e-08,78042,2341260,78,2340,0.013070025579589301,0.013070019572371853,0.03102906842789064,0.019754136477524165,0.19952623149688797,6.508420454547376e-07,0.058635419434619654,0.05877356765059854,1.5862914627239062e-06,0.9970148707158112,0.9927019645272788,0.008407121408552612,0.00840712861635439,0.03675317286203432,0.02006056784916502,0.1995262311663285,8.527184862569764e-12,1.0561455093230354e-06,1.0382416179558262e-06,5.444011798694239e-16,0.996905574262201,0.983047858074681,0.01773292975062599,0.01773291052838932,0.025304963993746956,0.019447705105883305,0.19952623149688797,6.50842045398877e-07,0.05863541942510797,0.058773567641428215,3.1725829249034113e-06,0.9971241671694213,1.0023560709798764,1095.9743275418878
sparse_bayesian_keep50_proposed_rep00_seed12026,sparse,bayesian_keep50,proposed,0,12026,31,31,62,natural_mean,40,1,50,23.0,-74,1024,4,1000.0,10,paper_reference_kkt,update,coordinated_aggregate,True,bayesian,0.5,39021,0.1544,2.314119348364008,0.10093192803308364,0.1544,2.314119348364008,0.10093192803308364,0.1535,2.3125725989711268,0.1162066071510315,4.114135280707721,2.0591901665416437,2.0549451141660775,9.99999999999825e-05,10000.00000000175,9999.999999674168,10000.00000060253,2.1793056661007e-08,6.107731043772706e-06,6.025293259881437e-07,0.06271670761702879,0.0040205493569374084,0.0,0.0,0.0,1.240509031173987e-06,1.5729892766103148e-07,78042,2419302,78,2418,0.009674597708511267,0.009674590194266686,0.04768706282560594,0.02028112226740835,0.19952623149688797,6.469690021667679e-07,0.06297798215306341,0.06271670794594975,1.5865664649155512e-06,0.9959987065975013,0.9903288366313812,0.0071188333669464044,0.007118831958598363,0.0461192372577827,0.019380166881222002,0.19952623004259193,1.0042598094744644e-11,1.2596482371050187e-06,1.24050958529807e-06,7.586597212434144e-16,0.9951521524341199,0.9848063176293427,0.012230362050076129,0.012230348429935008,0.04925488839342918,0.021182077653594696,0.19952623149688797,6.469690020888246e-07,0.06297798214046604,0.06271670793368138,3.1731329290724426e-06,0.9968452607608829,0.9958513556334196,1131.574059560895
sparse_bayesian_keep50_proposed_rep00_seed12026,sparse,bayesian_keep50,proposed,0,12026,32,32,64,natural_mean,40,1,50,23.0,-74,1024,4,1000.0,10,paper_reference_kkt,update,coordinated_aggregate,True,bayesian,0.5,39021,0.1305,2.3181180138444004,0.1626322974482179,0.1305,2.3181180138444004,0.1626322974482179,0.146,2.2951383226125026,0.14873720394521953,4.028936313303044,2.0091470149591952,2.019789298343848,9.99999999999821e-05,10000.000000001788,9999.999999677964,10000.00000060027,2.2119479796318952e-08,6.1994931056387505e-06,6.002701411489397e-07,0.06348096368773454,0.0031573446467518806,0.0,0.0,0.0,1.0555741375594623e-06,1.9031722331419587e-07,78042,2497344,78,2496,0.011203400370168612,0.011203400194051572,0.03034879766068159,0.019455853855717763,0.19952623149688797,6.487276602343268e-07,0.0637203426364366,0.06348096819847487,1.585740731717874e-06,0.9965913941229027,0.9844179502456375,0.012550831448328574,0.01255083616933105,0.030230667256987583,0.01932662877970528,0.19952623064428696,8.47528645925521e-12,1.0853204548555857e-06,1.0555746000149744e-06,5.4491401160381455e-16,0.9958981424095771,0.9725925586674744,0.009855969292008649,0.009855964218772092,0.030466928064375592,0.019585078931730244,0.19952623149688797,6.487276601789642e-07,0.0637203426271937,0.06348096818969871,3.171481462890834e-06,0.9972846458362282,0.9962433418238006,1168.0705022211187
sparse_bayesian_keep50_proposed_rep00_seed12026,sparse,bayesian_keep50,proposed,0,12026,33,33,66,natural_mean,40,1,50,23.0,-74,1024,4,1000.0,10,paper_reference_kkt,update,coordinated_aggregate,True,bayesian,0.5,39021,0.1592,2.281830825325269,0.09926020239651201,0.1592,2.281830825325269,0.09926020239651201,0.155,2.3061556529260563,0.12034254105091097,4.060126559066014,2.0282929536125534,2.031833605453461,9.99999999999812e-05,10000.00000000188,9999.99999966567,10000.000000708495,2.2595812254775452e-08,6.334173690454522e-06,7.084945536917076e-07,0.06303617485988677,0.003524959087371826,0.0,0.0,0.0,1.2065650791401478e-06,1.1769407137762755e-07,78042,2575386,78,2574,0.012649643541265848,0.012649636521943133,0.03814796599257565,0.019856527204352194,0.19952623149688797,6.507981058940279e-07,0.06306508736626397,0.0630361747938567,1.5870287461667777e-06,0.9961158570159108,0.9878210129953966,0.01592981675612748,0.015929815616954925,0.038582264985330704,0.01862626928486236,0.19952623033620875,9.939453185580745e-12,1.2361077565658145e-06,1.2065652928057777e-06,7.437970011290094e-16,0.9954720100825561,0.9761004408100461,0.009369470326404217,0.009369457426931344,0.03771366699982061,0.021086785123842027,0.19952623149688797,6.507981058181267e-07,0.0630650873541498,0.06303617478230937,3.1740574915897584e-06,0.9967597039492655,0.9995415851807471,1204.9414050611667
sparse_bayesian_keep50_proposed_rep00_seed12026,sparse,bayesian_keep50,proposed,0,12026,34,34,68,natural_mean,40,1,50,23.0,-74,1024,4,1000.0,10,paper_reference_kkt,update,coordinated_aggregate,True,bayesian,0.5,39021,0.1393,2.3096629837016756,0.14408816850617526,0.1393,2.3096629837016756,0.14408816850617526,0.1541,2.279520737630246,0.13278496413230895,4.018420549320653,2.0040556905757834,2.0143648587448695,9.999999999998076e-05,10000.000000001923,9999.999999649202,10000.000000631502,2.2743647068401353e-08,6.376360188677784e-06,6.315021892078221e-07,0.06197724264705726,0.003241761587560177,0.0,0.0,0.0,1.0315996423747394e-06,1.2201235222164541e-07,78042,2653428,78,2652,0.012668920829963674,0.012668920858756282,0.0353564651366627,0.02072147188060863,0.19952623149688797,6.478363215798138e-07,0.061946756939624766,0.06197723954008939,1.5871563153041052e-06,0.9966211006766752,0.990662167305518,0.015158648994086577,0.015158645997510801,0.03642946752249891,0.020594109751093458,0.199526229784502,8.453120409305215e-12,1.0517594035508656e-06,1.0315995072944645e-06,5.412189750703079e-16,0.9960577195948889,0.9808322629455811,0.01017919266584077,0.010179195720001762,0.03428346275082648,0.0208488340101238,0.19952623149688797,6.478363215246646e-07,0.06194675693069615,0.061977239531504004,3.1743126300669915e-06,0.9971844817584615,1.000492071665455,1240.4343242421746
sparse_bayesian_keep50_proposed_rep00_seed12026,sparse,bayesian_keep50,proposed,0,12026,35,35,70,natural_mean,40,1,50,23.0,-74,1024,4,1000.0,10,paper_reference_kkt,update,coordinated_aggregate,True,bayesian,0.5,39021,0.1612,2.286394252863272,0.09104714549496767,0.1612,2.286394252863272,0.09104714549496767,0.1604,2.287812975498213,0.11606414491087198,4.0378022571207275,2.020338404676312,2.0174638524444153,9.999999999997973e-05,10000.000000002026,9999.999999648977,10000.00000065866,2.318305930763177e-08,6.501117569805055e-06,6.586597010027617e-07,0.05663624084254631,0.004189133644104004,0.0,0.0,0.0,1.208080213282847e-06,1.284060999751091e-07,78042,2731470,78,2730,0.01719811813751663,0.017198123647042683,0.032935971614869185,0.018712997418047106,0.19952623149688797,6.550682230537751e-07,0.05619619893875151,0.05663623655657136,1.5865226233378204e-06,0.9960190894099764,0.9936891960734677,0.013398950765759409,0.013398937064062102,0.03528584856276418,0.01803789069598392,0.19952623071464937,9.887522698904275e-12,1.2333040388105001e-06,1.2080805856506768e-06,7.373048622576198e-16,0.9948165632287495,0.9795480220706277,0.02099728550927385,0.020997310230023263,0.030586094666974192,0.019388104140110295,0.19952623149688797,6.550682229791545e-07,0.05619619892521822,0.05663623654368686,3.173045245938336e-06,0.9972216155912034,1.0078303700763076,1275.0656150248833
sparse_bayesian_keep50_proposed_rep00_seed12026,sparse,bayesian_keep50,proposed,0,12026,36,36,72,natural_mean,40,1,50,23.0,-74,1024,4,1000.0,10,paper_reference_kkt,update,coordinated_aggregate,True,bayesian,0.5,39021,0.1571,2.254555902520271,0.11057152740389108,0.1571,2.254555902520271,0.11057152740389108,0.159,2.266721088296103,0.13098519044071438,3.988620055788317,1.9994520968518723,1.9891679589364448,9.999999999997912e-05,10000.000000002088,9999.999999655904,10000.000000727088,2.3559463771922252e-08,6.607392690722458e-06,7.270882633747533e-07,0.05645135639566823,0.0030813561752438545,0.0,0.0,0.0,1.0659275158042284e-06,1.7188176570925862e-07,78042,2809512,78,2808,0.015721608604490237,0.015721604357795897,0.030217421124549493,0.019245345671639515,0.19952623149688797,6.481402300615863e-07,0.05685662326298196,0.05645135620309054,1.5863538582106764e-06,0.9967242123591467,0.9834317623008637,0.015596677767490331,0.015596672847720872,0.03150682912795909,0.01909186821094794,0.19952623118167037,8.629635401029937e-12,1.0943909857268306e-06,1.0659273476238512e-06,5.6607778280512245e-16,0.9963337560073371,0.9739913147151052,0.015846539441490143,0.01584653586787092,0.0289280131211399,0.01939882313233109,0.19952623149688797,6.481402300041368e-07,0.0568566232524494,0.056451356193027,3.1727077158552753e-06,0.9971146687109562,0.9928722098866223,1309.30333942594
sparse_bayesian_keep50_proposed_rep00_seed12026,sparse,bayesian_keep50,proposed,0,12026,37,37,74,natural_mean,40,1,50,23.0,-74,1024,4,1000.0,10,paper_reference_kkt,update,coordinated_aggregate,True,bayesian,0.5,39021,0.1615,2.271800580657125,0.11087533021435143,0.1615,2.271800580657125,0.11087533021435143,0.1636,2.2770716191611027,0.12571339999586348,4.010870043183889,2.008323955725486,2.0025460874584033,9.999999999997812e-05,10000.000000002188,9999.99999966913,10000.000000844546,2.4089162098018613e-08,6.7572344340397255e-06,8.445458661299199e-07,0.05290588735565566,0.0032922029495239258,0.0,0.0,0.0,1.2023353864726217e-06,1.690295903244987e-07,78042,2887554,78,2886,0.013480490263420927,0.013480502215379128,0.04431251755796427,0.022011611030680854,0.19952623149688797,6.497306225239552e-07,0.05214991221122221,0.05290588654696577,1.5864671104414332e-06,0.9970082789814236,0.9972823310576477,0.006793450679763759,0.00679345022816976,0.0432674071720009,0.02089929897743283,0.19952623039311662,9.539422903466841e-12,1.2267870309422801e-06,1.202335255841332e-06,6.892949321815885e-16,0.9969568258147381,0.9800684134069457,0.020167529847078095,0.020167554202588495,0.04535762794392763,0.023123923083928882,0.19952623149688797,6.497306224539257e-07,0.052149912196792596,0.05290588653330368,3.1729342201935714e-06,0.9970597321481092,1.0144962487083498,1343.119536424987
sparse_bayesian_keep50_proposed_rep00_seed12026,sparse,bayesian_keep50,proposed,0,12026,38,38,76,natural_mean,40,1,50,23.0,-74,1024,4,1000.0,10,paper_reference_kkt,update,coordinated_aggregate,True,bayesian,0.5,39021,0.1442,2.270472400334509,0.12652893391385672,0.1442,2.270472400334509,0.12652893391385672,0.1588,2.2738071733174263,0.13451997928917406,3.961484909436812,1.9886157557220157,1.9728691537147964,9.999999999997733e-05,10000.000000002266,9999.999999653191,10000.000000841885,2.4474226700335626e-08,6.866391617490413e-06,8.418846846325323e-07,0.060549228197045606,0.003482956439256668,0.0,0.0,0.0,1.042304067913701e-06,9.181894711218774e-08,78042,2965596,78,2964,0.012631993337777175,0.012631999921776119,0.027457484187130003,0.02095659293583961,0.19952623149688797,6.482468519110416e-07,0.06074057679697578,0.06054922612666494,1.5860190616319577e-06,0.9966012199853005,0.9856180357085815,0.01315573059711764,0.01315573881611503,0.031629429818097944,0.020854557671240698,0.19952622986277443,8.639571905175655e-12,1.069702803646635e-06,1.042303857116748e-06,5.626986789518717e-16,0.9961053317929787,0.9743863489232094,0.012108256078436712,0.012108261027437206,0.023285538556162066,0.02105862820043852,0.19952623149688797,6.482468518534693e-07,0.06074057678755651,0.06054922611769375,3.1720381227012165e-06,0.9970971081776222,0.9968497224939538,1378.5385579750873
sparse_bayesian_keep50_proposed_rep00_seed12026,sparse,bayesian_keep50,proposed,0,12026,39,39,78,natural_mean,40,1,50,23.0,-74,1024,4,1000.0,10,paper_reference_kkt,update,coordinated_aggregate,True,bayesian,0.5,39021,0.1582,2.2929848807378836,0.11345298644214873,0.1582,2.2929848807378836,0.11345298644214873,0.1604,2.319982298196108,0.13044307017475365,4.060620789499453,2.0389824122131226,2.0216383772863304,9.999999999997623e-05,10000.000000002377,9999.999999630889,10000.000000769965,2.509556999159059e-08,7.042075533808437e-06,7.699654815951362e-07,0.08297645804106117,0.00622369721531868,0.0,0.0,0.0,1.2687132195575967e-06,1.179141690954566e-07,78042,3043638,78,3042,0.008579645098423504,0.008579645293557736,0.041613485478995876,0.0199441724133295,0.19952623149688797,6.486035335489947e-07,0.08321854472543809,0.08297646671635382,1.5882758957259843e-06,0.9955006848660664,0.9866052576582829,0.011215996448142935,0.01121599463560232,0.03788469029996104,0.018378123059252564,0.19952623142517723,1.0368073867577932e-11,1.2997519680635523e-06,1.2687131675583163e-06,8.1196028625606795e-16,0.9940434294117683,0.9761194301596504,0.005943293748704073,0.005943295951513151,0.04534228065803071,0.021510221767406433,0.19952623149688797,6.486035334661267e-07,0.08321854471528797,0.08297646670665448,3.1765517906400084e-06,0.9969579403203646,0.9970910851569155,1414.0031633172184
sparse_bayesian_keep50_proposed_rep00_seed12026,sparse,bayesian_keep50,proposed,0,12026,40,40,80,natural_mean,40,1,50,23.0,-74,1024,4,1000.0,10,paper_reference_kkt,update,coordinated_aggregate,True,bayesian,0.5,39021,0.1406,2.291862427486016,0.14475283180996779,0.1406,2.291862427486016,0.14475283180996779,0.155,2.288320725902405,0.14752023293972014,3.9819771764766623,1.989137924831383,1.9928392516452795,9.999999999997598e-05,10000.000000002401,9999.999999543483,10000.00000072306,2.5445841428838716e-08,7.140175097499004e-06,7.230592018458992e-07,0.07954882476323367,0.003814317286014557,0.0,0.0,0.0,1.079477617074049e-06,1.8076752894558012e-07,78042,3121680,78,3120,0.0072193382128422565,0.00721934104123418,0.031493187845606986,0.020160639927154278,0.19952623149688797,6.438186133424883e-07,0.07974246725573764,0.0795488286752926,1.5870026735603263e-06,0.9969557516398639,0.9893048580202546,0.00868150344025987,0.008681507757819949,0.034806036899281426,0.019804464219242448,0.19952623019373936,8.56310089594566e-12,1.1003431624734554e-06,1.0794784660950966e-06,5.613148260407917e-16,0.9963378626189234,0.9810380140288822,0.0057571729854246426,0.005757174324648412,0.02818033879193255,0.020516815635066108,0.19952623149688797,6.438186132855415e-07,0.07974246724814597,0.07954882866796834,3.174005346559338e-06,0.9975736406608046,0.997571702011627,1449.451122367289
sparse_bayesian_keep50_proposed_rep00_seed12026,sparse,bayesian_keep50,proposed,0,12026,41,41,82,natural_mean,40,1,50,23.0,-74,1024,4,1000.0,10,paper_reference_kkt,update,coordinated_aggregate,True,bayesian,0.5,39021,0.1665,2.265229215473054,0.10183466954052448,0.1665,2.265229215473054,0.10183466954052448,0.167,2.285909336873932,0.12307456412017347,4.0416566272379155,2.025285740922507,2.0163708863154084,9.999999999997484e-05,10000.000000002516,9999.999999420925,10000.000000879327,2.5977323797900135e-08,7.291014106383164e-06,8.793267625151202e-07,0.06925661334760796,0.0033260583877563477,0.0,0.0,0.0,1.2226746049791702e-06,1.5626756066922098e-07,78042,3199722,78,3198,0.009422093089264063,0.009422092137008536,0.023873796799892166,0.018400769548679474,0.19952623149688797,6.506642225170761e-07,0.06901193021163672,0.06925661692052847,1.5877262550398274e-06,0.9968701709228911,0.9927112353580541,0.007549792707017817,0.007549790267540411,0.027372026597401,0.018271548961181203,0.19952623136335432,9.793730250834191e-12,1.2452416921895963e-06,1.2226740520439242e-06,7.249005815138985e-16,0.9969476274212303,0.9818768390147737,0.011294393471510308,0.011294394006476664,0.02037556700238333,0.018529990136177746,0.19952623149688797,6.50664222443369e-07,0.06901193020040224,0.06925661690973577,3.1754525093547543e-06,0.996792714424552,1.0035456317013345,1484.817338255234
sparse_bayesian_keep50_proposed_rep00_seed12026,sparse,bayesian_keep50,proposed,0,12026,42,42,84,natural_mean,40,1,50,23.0,-74,1024,4,1000.0,10,paper_reference_kkt,update,coordinated_aggregate,True,bayesian,0.5,39021,0.1574,2.2609103584847245,0.11531842844322321,0.1574,2.2609103584847245,0.11531842844322321,0.1627,2.267159307761781,0.13806040962934496,3.9490757982015134,1.9831157661574503,1.9659600320440633,9.999999999997419e-05,10000.00000000258,9999.999999429801,10000.000000906064,2.629994407988938e-08,7.3824385052782334e-06,9.060640877578408e-07,0.06607141052454255,0.0034337788820266724,0.0,0.0,0.0,1.0339423140053197e-06,9.144969226326793e-08,78042,3277764,78,3276,0.010333060173896343,0.010333060732537506,0.038116123858317794,0.021701282065671366,0.19952623149688797,6.465377442754779e-07,0.06627453882553379,0.06607141074637092,1.5864384485607764e-06,0.9972907203376717,0.9911592935901397,0.009853050286272801,0.009853058691322596,0.042985406272285115,0.02187862487268139,0.19952623105920703,8.420970625629377e-12,1.0492802053311282e-06,1.0339434992032692e-06,5.31455054971028e-16,0.9971356991775248,0.9853835678885543,0.010813070061519886,0.010813062773752416,0.03324684144435048,0.02152393925866134,0.19952623149688797,6.465377442206375e-07,0.06627453881722752,0.06607141073828089,3.1728768965900976e-06,0.9974457414978188,0.9969350192917249,1519.8223249940202
sparse_bayesian_keep50_proposed_rep00_seed12026,sparse,bayesian_keep50,proposed,0,12026,43,43,86,natural_mean,40,1,50,23.0,-74,1024,4,1000.0,10,paper_reference_kkt,update,coordinated_aggregate,True,bayesian,0.5,39021,0.1728,2.2659785020731142,0.10143660961076613,0.1728,2.2659785020731142,0.10143660961076613,0.1728,2.2735531078404465,0.11881854368448257,4.000635777316084,1.989477547783975,2.011158229532109,9.99999999999732e-05,10000.000000002681,9999.999999434162,10000.000000968263,2.667605220001603e-08,7.48972203646969e-06,9.682626114226878e-07,0.062380715747153447,0.00363728404045105,0.0,0.0,0.0,1.1825612965961402e-06,1.393782440572977e-07,78042,3355806,78,3354,0.012444680293216041,0.012444678665074316,0.03653601614822294,0.020182111063383863,0.19952623149688797,6.501202140327047e-07,0.061970233868007166,0.062380718167221266,1.5875935425424798e-06,0.9966569075581458,0.993703430832146,0.010118288798780555,0.010118295930731344,0.03831059950292905,0.019393259745142877,0.19952623115498747,9.590597731043505e-12,1.2057319730710265e-06,1.182561468719025e-06,6.962365651571945e-16,0.9966076514820862,0.980782991293197,0.014771071787651526,0.014771061399417288,0.034761432793516824,0.02097096238162485,0.19952623149688797,6.501202139619643e-07,0.061970233856277424,0.06238071815601226,3.175187084388723e-06,0.9967061636342055,1.0066238703710948,1554.5703680161387
sparse_bayesian_keep50_proposed_rep00_seed12026,sparse,bayesian_keep50,proposed,0,12026,44,44,88,natural_mean,40,1,50,23.0,-74,1024,4,1000.0,10,paper_reference_kkt,update,coordinated_aggregate,True,bayesian,0.5,39021,0.1516,2.275698689070738,0.14294370186507702,0.1516,2.275698689070738,0.14294370186507702,0.1677,2.254944722547442,0.13064126294404269,3.9334909006805114,1.9648851902774027,1.9686057104031087,9.999999999997257e-05,10000.000000002743,9999.99999947339,10000.000001015938,2.695094643886479e-08,7.567923973071173e-06,1.0159383236896247e-06,0.06390531703062952,0.003246523439884186,0.0,0.0,0.0,1.057698681903201e-06,1.0191979527007788e-07,78042,3433848,78,3432,0.013545194911793908,0.01354518978008111,0.04282528243067453,0.02297482388914989,0.19952623149688797,6.505300887859188e-07,0.06401352492503985,0.06390532441090634,1.5871881316178348e-06,0.9964926135641528,0.9844044957144611,0.012499524750218812,0.012499520937209576,0.0439960711272059,0.02231247282895649,0.1995262311232381,8.510152691476843e-12,1.089850514559524e-06,1.0576991857104819e-06,5.433742006208574e-16,0.9962580462410251,0.9704992802831378,0.014590865073369003,0.014590858622952643,0.04165449373414316,0.02363717494934329,0.19952623149688797,6.505300887302545e-07,0.06401352491576233,0.06390532440215332,3.1743762626922954e-06,0.9967271808872804,0.9983097111457843,1589.357656240929
sparse_bayesian_keep50_proposed_rep00_seed12026,sparse,bayesian_keep50,proposed,0,12026,45,45,90,natural_mean,40,1,50,23.0,-74,1024,4,1000.0,10,paper_reference_kkt,update,coordinated_aggregate,True,bayesian,0.5,39021,0.1634,2.271762935747904,0.13157428711786867,0.1634,2.271762935747904,0.13157428711786867,0.1755,2.267981997691777,0.11692086082845925,3.9598536686679244,1.9775158978835727,1.9823377707843515,9.999999999997172e-05,10000.000000002829,9999.999999509508,10000.000000953896,2.7285083898991708e-08,7.663204461881361e-06,9.538962331134826e-07,0.06258935163022294,0.0035279393196105957,0.0,0.0,0.0,1.1628588084038458e-06,1.2654345482587814e-07,78042,3511890,78,3510,0.013059975334612796,0.01305997293618041,0.03710893902449994,0.02024252645820765,0.19952623149688797,6.480258609198813e-07,0.06217599105162534,0.06258935473023504,1.5878275359060196e-06,0.9964445672665386,0.9922225356543599,0.01310462227008167,0.01310461779648419,0.03545216373399729,0.019073781951084886,0.19952623025633914,9.512433097697524e-12,1.1892648495167973e-06,1.1628592660360717e-06,6.779064100240626e-16,0.9963327273998439,0.9777967632107206,0.01301532839914392,0.01301532807587663,0.03876571431500258,0.02141127096533041,0.19952623149688797,6.480258608500643e-07,0.06217599104025157,0.06258935471943254,3.175655071134133e-06,0.9965564071332333,1.0066483080979993,1624.2073542852886
sparse_bayesian_keep50_proposed_rep00_seed12026,sparse,bayesian_keep50,proposed,0,12026,46,46,92,natural_mean,40,1,50,23.0,-74,1024,4,1000.0,10,paper_reference_kkt,update,coordinated_aggregate,True,bayesian,0.5,39021,0.1683,2.261710893159334,0.1246466121061146,0.1683,2.261710893159334,0.1246466121061146,0.1703,2.2501209755870915,0.1339103958174586,3.8974745092524685,1.939321740152348,1.9581527691001208,9.999999999997148e-05,10000.000000002849,9999.999999569809,10000.000000974635,2.7526651046054148e-08,7.731000070619887e-06,9.74634531303309e-07,0.06175459311800302,0.003277301788330078,0.0,0.0,0.0,1.0116522344006308e-06,1.2769851309712976e-07,78042,3589932,78,3588,0.018904644068587054,0.01890463295499526,0.022859038944793325,0.018681750443821,0.19952623149688797,6.467482533141933e-07,0.06188581835121734,0.06175459491832071,1.586775592959746e-06,0.99660599065382,0.9857134808749394,0.02228427611909935,0.02228426404075812,0.024117529466942435,0.018470702341535136,0.1995262314283708,8.389913668642205e-12,1.0391402236154762e-06,1.011652253854131e-06,5.308780811761962e-16,0.9960676605661067,0.9735473965436057,0.015525012018074758,0.015525001869232398,0.02160054842264422,0.018892798546106867,0.19952623149688797,6.467482532597744e-07,0.06188581834249311,0.061754594910034356,3.173551185388614e-06,0.9971443207415335,0.9978795652062731,1659.7353723258711
sparse_bayesian_keep50_proposed_rep00_seed12026,sparse,bayesian_keep50,proposed,0,12026,47,47,94,natural_mean,40,1,50,23.0,-74,1024,4,1000.0,10,paper_reference_kkt,update,coordinated_aggregate,True,bayesian,0.5,39021,0.1747,2.248245385638138,0.11175186215519903,0.1747,2.248245385638138,0.11175186215519903,0.1797,2.2507061574813885,0.11698128783106804,3.952272235422912,1.985743640194356,1.966528595228556,9.999999999997037e-05,10000.000000002965,9999.9999995836,10000.000000954804,2.8057048976490802e-08,7.881666452203179e-06,9.54803908825852e-07,0.05549715020742876,0.003438293933868408,0.0,0.0,0.0,1.1554873388040465e-06,1.1308111425023526e-07,78042,3667974,78,3666,0.012823664934389365,0.012823668223579146,0.04269641425551517,0.022144001943749242,0.19952623149688797,6.498674140388733e-07,0.055082254669181464,0.05549715082439318,1.5874955561762343e-06,0.9965267132246864,0.9948726189705367,0.007806437868379035,0.007806428366540315,0.04205975144996066,0.020803758873128606,0.19952623140862674,9.601838503382349e-12,1.1764127456614777e-06,1.155487870254967e-06,6.940506145619392e-16,0.9961137015063283,0.9822129401517314,0.017840892000399695,0.017840908080617977,0.04333307706106968,0.023484245014369874,0.19952623149688797,6.498674139679394e-07,0.055082254656618916,0.05549715081236417,3.174991111658418e-06,0.9969397249430446,1.007532297789342,1696.0253405179828
sparse_bayesian_keep50_proposed_rep00_seed12026,sparse,bayesian_keep50,proposed,0,12026,48,48,96,natural_mean,40,1,50,23.0,-74,1024,4,1000.0,10,paper_reference_kkt,update,coordinated_aggregate,True,bayesian,0.5,39021,0.1766,2.2443220798286205,0.10378435970887541,0.1766,2.2443220798286205,0.10378435970887541,0.175,2.244684298820938,0.1281433103606105,3.8901108891542107,1.9410098529004198,1.9491010362537908,9.999999999996974e-05,10000.000000003027,9999.999999541154,10000.000000997243,2.841441962139317e-08,7.982723100931687e-06,9.972427505999804e-07,0.05901904678196871,0.0032182950526475906,0.0,0.0,0.0,1.0290685536358655e-06,8.919778338167816e-08,78042,3746016,78,3744,0.015682871555659665,0.015682869043902578,0.03399128807200187,0.022107868855590396,0.19952623149688797,6.51805611375507e-07,0.05918601100420686,0.05901904788128568,1.5871885451843092e-06,0.9966007739149967,0.9847419448907182,0.020530635849055238,0.02053063300399404,0.03773219814241486,0.02172472645274477,0.1995262311338541,8.52512975526196e-12,1.0583803198349665e-06,1.0290683398281541e-06,5.483803699191221e-16,0.9959374574124412,0.9723048776072771,0.01083510726226409,0.010835105083811117,0.030250378001588887,0.022491011258436024,0.19952623149688797,6.518056113197559e-07,0.059186010994743736,0.059019047872314156,3.1743770898202378e-06,0.997264090417552,0.9971790121741593,1734.0763900009915
sparse_bayesian_keep50_proposed_rep00_seed12026,sparse,bayesian_keep50,proposed,0,12026,49,49,98,natural_mean,40,1,50,23.0,-74,1024,4,1000.0,10,paper_reference_kkt,update,coordinated_aggregate,True,bayesian,0.5,39021,0.1809,2.2611319655487074,0.10569709026396272,0.1809,2.2611319655487074,0.10569709026396272,0.1851,2.2670032906402544,0.11281303986161946,3.974092519923185,1.9900856897797783,1.9840068301434068,9.999999999996854e-05,10000.000000003149,9999.999999534946,10000.0000009701,2.8854498037882183e-08,8.108591081375161e-06,9.70099790720269e-07,0.07155163256286154,0.0037644319236278534,0.0,0.0,0.0,1.194347050683982e-06,1.220232661580667e-07,78042,3824058,78,3822,0.0059812959328617715,0.005981296585184893,0.0515366460641713,0.022874643213167997,0.19952623149688797,6.500069289985257e-07,0.07146383908106548,0.07155163828354208,1.5878398647724088e-06,0.9966462636933138,0.992395574302017,0.005859841849995448,0.0058598339216348015,0.051221725023450355,0.021371978978255896,0.1995262293654868,9.661356117892818e-12,1.2143069425433369e-06,1.194346801406458e-06,7.121969384628947e-16,0.9964208913890296,0.9835625584390987,0.006102750015728094,0.006102759248734985,0.051851567104892235,0.024377307448080098,0.19952623149688797,6.50006928926725e-07,0.07146383907074878,0.07155163827357401,3.1756797288326208e-06,0.996871635997598,1.0012285901649352,1769.0303381262347
sparse_bayesian_keep50_proposed_rep00_seed12026,sparse,bayesian_keep50,proposed,0,12026,50,50,100,natural_mean,40,1,50,23.0,-74,1024,4,1000.0,10,paper_reference_kkt,update,coordinated_aggregate,True,bayesian,0.5,39021,0.1526,2.2660348279775584,0.14524525027513505,0.1526,2.2660348279775584,0.14524525027513505,0.1699,2.2574616509446,0.13698178002983336,3.905278690861423,1.951369293167387,1.953909397694036,9.9999999999968e-05,10000.000000003201,9999.999999462105,10000.000000928869,2.9076560412965055e-08,8.171922062336032e-06,9.288687579100952e-07,0.07329454903514596,0.0034234821796417236,0.0,0.0,0.0,1.0403953247202954e-06,1.5140722098294646e-07,78042,3902100,78,3900,0.010425880604096249,0.010425875097259708,0.032448581143942314,0.020244816071192294,0.19952623149688797,6.489463071172355e-07,0.0735649484083268,0.07329454902900655,1.5874885563363808e-06,0.9969379928044767,0.9870955182816288,0.00918915390146127,0.009189145137088644,0.032838142785565363,0.019790378566335823,0.19952622894430735,8.467385187013569e-12,1.0639436915102045e-06,1.040395132041403e-06,5.326089091644793e-16,0.9966511677854171,0.9778667188770107,0.011662607306731227,0.011662605057430771,0.032059019502319264,0.02069925357604876,0.19952623149688797,6.489463070619947e-07,0.07356494840063307,0.0732945490216225,3.1749771121401527e-06,0.9972248178235363,0.996324317686247,1804.9203509790823
sparse_bayesian_keep50_proposed_rep00_seed12026,sparse,bayesian_keep50,proposed,0,12026,51,51,102,natural_mean,40,1,50,23.0,-74,1024,4,1000.0,10,paper_reference_kkt,update,coordinated_aggregate,True,bayesian,0.5,39021,0.1785,2.2389913401930492,0.10686300116181373,0.1785,2.2389913401930492,0.10686300116181373,0.1873,2.248527596424943,0.11366527242213488,3.9703640624969667,1.983750091916761,1.9866139705802055,9.999999999996691e-05,10000.00000000331,9999.999999452153,10000.000000853566,2.9496535254812124e-08,8.291791315892596e-06,8.535662345821038e-07,0.0675672060961728,0.0035675764083862305,0.0,0.0,0.0,1.1546576347348047e-06,1.0214898793492466e-07,78042,3980142,78,3978,0.007753483851462881,0.0077534879092495184,0.03692844147527324,0.02031795923580511,0.19952623149688797,6.530041187508198e-07,0.06746413702744113,0.06756720853220503,1.5880336318544864e-06,0.9966431710367134,0.9927885516722064,0.008481520111597897,0.008481521805609878,0.038178635546426,0.019449080351576446,0.1995262295983623,9.498152443407657e-12,1.1733744328139504e-06,1.1546581577370498e-06,6.776056156523331e-16,0.9963595995559426,0.9840492582643648,0.007025447591327866,0.007025454012889159,0.035678247404120476,0.021186838120033778,0.19952623149688797,6.53004118681743e-07,0.06746413701723712,0.06756720852233904,3.1760672630313672e-06,0.9969267425174843,1.001527845080048,1838.927322871983
sparse_bayesian_keep50_proposed_rep00_seed12026,sparse,bayesian_keep50,proposed,0,12026,52,52,104,natural_mean,40,1,50,23.0,-74,1024,4,1000.0,10,paper_reference_kkt,update,coordinated_aggregate,True,bayesian,0.5,39021,0.1671,2.258614009437414,0.12980574489876628,0.1671,2.258614009437414,0.12980574489876628,0.1756,2.2415424375306676,0.13132099498957395,3.8894413293948467,1.9479939712918777,1.941447358102969,9.999999999996619e-05,10000.000000003382,9999.999999445685,10000.000000859882,2.979957798202504e-08,8.378254598895096e-06,8.59881765791215e-07,0.06487569022577144,0.0032561272382736206,0.0,0.0,0.0,1.0461932605414727e-06,1.5556906873825938e-07,78042,4058184,78,4056,0.009099129839451135,0.009099129610578346,0.029831703854770006,0.01975149687793326,0.19952623149688797,6.521827359721629e-07,0.06501886555024491,0.0648756895709109,1.5874562683523962e-06,0.9973500596327209,0.98927045298844,0.008233350839520618,0.008233353288202613,0.030032567905332024,0.019236827816092077,0.19952623022488064,8.44641247611145e-12,1.0667345839215052e-06,1.0461924903988353e-06,5.349869143625622e-16,0.9972357280672351,0.9807429924883906,0.009964908839381649,0.009964905932954076,0.02963083980420799,0.02026616593977444,0.19952623149688797,6.521827359174682e-07,0.0650188655414942,0.0648756895624754,3.1749125361698056e-06,0.9974643911982067,0.9977979134884893,1873.8103955918923
sparse_bayesian_keep50_proposed_rep00_seed12026,sparse,bayesian_keep50,proposed,0,12026,53,53,106,natural_mean,40,1,50,23.0,-74,1024,4,1000.0,10,paper_reference_kkt,update,coordinated_aggregate,True,bayesian,0.5,39021,0.1741,2.2310275476365224,0.12123176311627033,0.1741,2.2310275476365224,0.12123176311627033,0.1908,2.235090796149992,0.11088087035566571,3.912785554358784,1.9479639371868156,1.9648216171719686,9.999999999996547e-05,10000.000000003454,9999.999999446403,10000.000000922862,3.0211689415105234e-08,8.494884039377832e-06,9.228624548995867e-07,0.059507892586190554,0.0033401548862457275,0.0,0.0,0.0,1.1540405004526688e-06,1.2496457202360034e-07,78042,4136226,78,4134,0.011123215318764208,0.01112321596717822,0.04359577713518129,0.020911833794919867,0.19952623149688797,6.479955881287028e-07,0.05908175226577382,0.05950789139324732,1.5878613197349024e-06,0.9967743417126382,0.9942794357305325,0.008738750912466115,0.008738752289499361,0.04647309497921166,0.02046072428386564,0.19952623012012854,9.294333520838316e-12,1.1759766989657895e-06,1.1540402454946777e-06,6.489121849446295e-16,0.9964508938719513,0.9813461991707546,0.013507679725062302,0.013507679644857079,0.04071845929115092,0.021362943305974096,0.19952623149688797,6.479955880620476e-07,0.05908175225407036,0.05950789138205713,3.1757226388208923e-06,0.9970977895533251,1.0072126722903103,1908.7343705571257
sparse_bayesian_keep50_proposed_rep00_seed12026,sparse,bayesian_keep50,proposed,0,12026,54,54,108,natural_mean,40,1,50,23.0,-74,1024,4,1000.0,10,paper_reference_kkt,update,coordinated_aggregate,True,bayesian,0.5,39021,0.1692,2.2281583692500977,0.12348484380885956,0.1692,2.2281583692500977,0.12348484380885956,0.1791,2.232733292709122,0.13023060232102873,3.837993960067719,1.926932146061012,1.911061814006707,9.999999999996477e-05,10000.000000003522,9999.999999355394,10000.000000912576,3.060183309900826e-08,8.605431898954146e-06,9.125760698225349e-07,0.05764066647441921,0.0030340775847434998,0.0,0.0,0.0,1.046864100728595e-06,1.2149394024163485e-07,78042,4214268,78,4212,0.01007904560145674,0.010079039607902678,0.03548314462344222,0.020831763643487863,0.19952623149688797,6.509211285418569e-07,0.05788384214761305,0.057640666739426985,1.5873441821247328e-06,0.9970296921464873,0.9864494717945219,0.008953964516951582,0.008953957057384361,0.03472872726899947,0.020054816837106686,0.1995262313224691,8.554915823752438e-12,1.0713990194521646e-06,1.0468639728463262e-06,5.495971070998196e-16,0.9965434739619464,0.9771000395856417,0.0112041266859619,0.011204122158420992,0.03623756197788497,0.021608710449869045,0.19952623149688797,6.509211284856392e-07,0.05788384213769754,0.057640666729920464,3.1746883636998687e-06,0.9975159103310282,0.9957989040034021,1943.9844123809598
sparse_bayesian_keep50_proposed_rep00_seed12026,sparse,bayesian_keep50,proposed,0,12026,55,55,110,natural_mean,40,1,50,23.0,-74,1024,4,1000.0,10,paper_reference_kkt,update,coordinated_aggregate,True,bayesian,0.5,39021,0.1822,2.2174650793335755,0.11675676807641983,0.1822,2.2174650793335755,0.11675676807641983,0.1936,2.225265391663545,0.11138845265060662,3.909551355805596,1.955186223130577,1.9543651326750193,9.999999999996363e-05,10000.000000003636,9999.999999368443,10000.0000009684,3.1133315846504123e-08,8.756545459820175e-06,9.684008546173573e-07,0.05504269780837643,0.0028998851776123047,0.0,0.0,0.0,1.1703268395144146e-06,1.3083263183943927e-07,78042,4292310,78,4290,0.014144077424230177,0.014144076020407313,0.0410485622155387,0.021413354801735257,0.19952623149688797,6.498063288542588e-07,0.054671377421330505,0.05504269659201006,1.5880585753929655e-06,0.9963542111585812,0.9937695503685355,0.009334549939437614,0.009334546629850586,0.040415081428591564,0.020292420352239045,0.19952623083064153,9.54404065078978e-12,1.1933002018563063e-06,1.1703258397422654e-06,6.858668840284498e-16,0.9959944397345293,0.9807471715622939,0.018953604909022738,0.01895360541096404,0.04168204300248584,0.02253428925123147,0.19952623149688797,6.498063287841696e-07,0.05467137740830755,0.05504269657956824,3.1761171501000644e-06,0.9967139825826331,1.0067919291747771,1979.0573715339415
sparse_bayesian_keep50_proposed_rep00_seed12026,sparse,bayesian_keep50,proposed,0,12026,56,56,112,natural_mean,40,1,50,23.0,-74,1024,4,1000.0,10,paper_reference_kkt,update,coordinated_aggregate,True,bayesian,0.5,39021,0.1685,2.2458664362056866,0.1285112350165844,0.1685,2.2458664362056866,0.1285112350165844,0.1808,2.2350641486084633,0.130674910107255,3.808255476600844,1.9035005728719725,1.9047549037288718,9.999999999996321e-05,10000.000000003682,9999.999999417687,10000.000000977763,3.1533023917695975e-08,8.868910189651361e-06,9.777631930774078e-07,0.057652868783365674,0.002914130687713623,0.0,0.0,0.0,1.0632152127884087e-06,1.2635973689612e-07,78042,4370352,78,4368,0.009197769137890702,0.009197764844168198,0.03659341809969733,0.021712035568862878,0.19952623149688797,6.507060569027347e-07,0.05797554848343843,0.057652874733995066,1.5869761243304928e-06,0.9971698246669598,0.988587523721594,0.007653613691888705,0.007653609605841858,0.037183145878798056,0.02109428424097428,0.19952623127550673,8.53606808516998e-12,1.0818883124900182e-06,1.0632156488625428e-06,5.490676784579547e-16,0.9969432082833285,0.9827407085627212,0.0107419245838927,0.01074192008249454,0.0360036903205966,0.022329786896751472,0.19952623149688797,6.507060568467459e-07,0.05797554847334381,0.05765287472419133,3.173952248111918e-06,0.9973964410505912,0.9944343388804668,2014.5383192249574
sparse_bayesian_keep50_proposed_rep00_seed12026,sparse,bayesian_keep50,proposed,0,12026,57,57,114,natural_mean,40,1,50,23.0,-74,1024,4,1000.0,10,paper_reference_kkt,update,coordinated_aggregate,True,bayesian,0.5,39021,0.1906,2.2133394896852687,0.09571064786493778,0.1906,2.2133394896852687,0.09571064786493778,0.1947,2.2376004106989082,0.11350398344248533,3.8957930964930636,1.937118468843919,1.9586746276491447,9.999999999996244e-05,10000.000000003754,9999.999999409974,10000.0000009891,3.193591395548853e-08,8.983102322877966e-06,9.890991350403056e-07,0.06692371609981179,0.0034123361110687256,0.0,0.0,0.0,1.1648607462748533e-06,1.3865792425349355e-07,78042,4448394,78,4446,0.008181279221283902,0.00818128077537185,0.03763024819827114,0.02067940804130322,0.19952623149688797,6.486945312202578e-07,0.0667395087860705,0.06692371507704227,1.5878962873310553e-06,0.9969303378799657,0.9940105618021287,0.007439785100428924,0.007439782944231236,0.03992439532276149,0.0203902427305094,0.19952623037651074,9.384167412878103e-12,1.1822863340472952e-06,1.1648607418577067e-06,6.666446592285551e-16,0.9967417083087458,0.9852610631494545,0.008922773342138882,0.008922778606512463,0.03533610107378078,0.020968573352097047,0.19952623149688797,6.48694531152381e-07,0.06673950877559844,0.0669237150669046,3.175792573995466e-06,0.9971189674511856,1.0027600604548028,2050.586462877225
sparse_bayesian_keep50_proposed_rep00_seed12026,sparse,bayesian_keep50,proposed,0,12026,58,58,116,natural_mean,40,1,50,23.0,-74,1024,4,1000.0,10,paper_reference_kkt,update,coordinated_aggregate,True,bayesian,0.5,39021,0.1749,2.2455411126362015,0.13094408166214824,0.1749,2.2455411126362015,0.13094408166214824,0.1813,2.2353159022502718,0.13186185500472783,3.837301697930095,1.9249497210766162,1.912351976853479,9.999999999996183e-05,10000.000000003818,9999.999999425552,10000.000000974811,3.2114619776902955e-08,9.034728206617169e-06,9.748109732754529e-07,0.06939921866266645,0.0035866256803274155,0.0,0.0,0.0,1.0203263676202035e-06,1.0579424269963056e-07,78042,4526436,78,4524,0.009124653459357892,0.009124658851461416,0.03251703693114996,0.021011902624561908,0.19952623149688797,6.475185946344124e-07,0.06970932949646139,0.06939922241039385,1.587793290959615e-06,0.9972140881325438,0.9880944577850718,0.0073410564283813,0.00734106511684089,0.030259209045919007,0.020549917844838308,0.1995262311671339,8.421872943025527e-12,1.0404726770135842e-06,1.0203265034594738e-06,5.385951895615673e-16,0.9972972679985544,0.9806374483546001,0.010908250490334483,0.010908252586081942,0.034774864816380924,0.021473887404285505,0.19952623149688797,6.475185945796433e-07,0.0697093294886964,0.06939922240289328,3.1755865813806346e-06,0.9971309082665332,0.9955514672155434,2086.518426501192
sparse_bayesian_keep50_proposed_rep00_seed12026,sparse,bayesian_keep50,proposed,0,12026,59,59,118,natural_mean,40,1,50,23.0,-74,1024,4,1000.0,10,paper_reference_kkt,update,coordinated_aggregate,True,bayesian,0.5,39021,0.187,2.221458038234756,0.11157955168545246,0.187,2.221458038234756,0.11157955168545246,0.1971,2.219546674988704,0.11314817247539759,3.885287328458448,1.9431814481913445,1.9421058802671032,9.999999999996104e-05,10000.000000003896,9999.99999942406,10000.000001005097,3.240633325913275e-08,9.11823624865481e-06,1.0050971468444914e-06,0.060982373297562224,0.0037483349442481995,0.0,0.0,0.0,1.186342690476084e-06,1.540665834909305e-07,78042,4604478,78,4602,0.01479073197792247,0.014790739661916654,0.03552050586898475,0.019477821531851874,0.19952623149688797,6.487085578429785e-07,0.06045513613254147,0.06098237283868417,1.5881587477721515e-06,0.9967038470588149,0.9942594532335708,0.012030886228913826,0.012030884591466518,0.03689657669017473,0.0192208458630164,0.19952623114324597,9.567080700883008e-12,1.210803758207127e-06,1.1863427237463276e-06,6.93672440726665e-16,0.996354311041886,0.9797977013368531,0.017550577726931114,0.017550594732366788,0.034144435047794776,0.01973479720068735,0.19952623149688797,6.487085577724313e-07,0.0604551361204164,0.0609823728271447,3.1763174948506304e-06,0.9970533830757438,1.0087212051302885,2122.9949792902917
sparse_bayesian_keep50_proposed_rep00_seed12026,sparse,bayesian_keep50,proposed,0,12026,60,60,120,natural_mean,40,1,50,23.0,-74,1024,4,1000.0,10,paper_reference_kkt,update,coordinated_aggregate,True,bayesian,0.5,39021,0.1825,2.2177247921269845,0.11566805063441396,0.1825,2.2177247921269845,0.11566805063441396,0.1898,2.2107470746567452,0.12097600372880699,3.8015900234578854,1.9057274899947243,1.8958625334631611,9.999999999996038e-05,10000.000000003962,9999.999999416383,10000.000001069096,3.271819739581899e-08,9.206971517656165e-06,1.0690964700188488e-06,0.05437773116298472,0.002674400806427002,0.0,0.0,0.0,1.0350763138957903e-06,1.3200951798353344e-07,78042,4682520,78,4680,0.013482847203139154,0.013482836939255748,0.04371016902123184,0.023679981518270953,0.19952623149688797,6.506890147190143e-07,0.05477783468262003,0.054377731769471804,1.5871462363716105e-06,0.9968583955807635,0.9820795111552669,0.015077690174862884,0.01507769173770013,0.042708516202941374,0.022751505948142493,0.1995262311893478,8.651477145867574e-12,1.065482165617783e-06,1.0350766872834887e-06,5.584400127093477e-16,0.9962280183512505,0.9714631341275599,0.011888004231415424,0.011887982140811366,0.04471182183952231,0.024608457088399413,0.19952623149688797,6.506890146614998e-07,0.0547778346722577,0.05437773175962049,3.174292472184781e-06,0.9974887728102765,0.9926958881829739,2159.1791859250516
sparse_bayesian_keep50_proposed_rep00_seed12026,sparse,bayesian_keep50,proposed,0,12026,61,61,122,natural_mean,40,1,50,23.0,-74,1024,4,1000.0,10,paper_reference_kkt,update,coordinated_aggregate,True,bayesian,0.5,39021,0.1962,2.1913041730715284,0.10100261834442614,0.1962,2.1913041730715284,0.10100261834442614,0.2022,2.207108954188254,0.10674385690391061,3.8460624141200173,1.9159723907531379,1.9300900233668792,9.999999999995951e-05,10000.000000004047,9999.99999940839,10000.000001091974,3.303690551978924e-08,9.298260818227424e-06,1.091973899747245e-06,0.051063560490999575,0.0030520260334014893,0.0,0.0,0.0,1.1512590049355435e-06,1.7235470295418054e-07,78042,4760562,78,4758,0.010156768695957552,0.010156768411786353,0.032736494136708164,0.019469666544941776,0.19952623149688797,6.489845219846019e-07,0.05076955308806327,0.0510635581214352,1.588061325877013e-06,0.9971132300446157,0.9948100564300075,0.006806160952035577,0.006806162475970943,0.03248882589931008,0.018875435175689036,0.1995262306141323,9.385106384235611e-12,1.1701821379671354e-06,1.1512593234558941e-06,6.600101352937194e-16,0.9971447227119062,0.9838291449129296,0.013507376439879528,0.013507374347601762,0.03298416237410625,0.020063897914194512,0.19952623149688797,6.489845219167419e-07,0.05076955307457756,0.05106355810845727,3.1761226510940157e-06,0.9970817373773253,1.0057909679470856,2195.7943625352345
sparse_bayesian_keep50_proposed_rep00_seed12026,sparse,bayesian_keep50,proposed,0,12026,62,62,124,natural_mean,40,1,50,23.0,-74,1024,4,1000.0,10,paper_reference_kkt,update,coordinated_aggregate,True,bayesian,0.5,39021,0.1708,2.2269671384739937,0.1270931087344885,0.1708,2.2269671384739937,0.1270931087344885,0.1867,2.2151174566376968,0.12947484267652035,3.798345389091234,1.9003539731914911,1.8979914158997433,9.999999999995872e-05,10000.00000000413,9999.999999355377,10000.000001270704,3.344492074692216e-08,9.414107009284046e-06,1.2707041605608538e-06,0.054227217030482416,0.002524547278881073,0.0,0.0,0.0,1.111817606870125e-06,1.7873026081360877e-07,78042,4838604,78,4836,0.012427913070405246,0.012427911648916622,0.03853646246192295,0.022132527189453542,0.19952623149688797,6.473320212107299e-07,0.054423344865391014,0.05422722237629926,1.5872784056379606e-06,0.9970522542596032,0.9810889870743127,0.011260835123335085,0.011260832447475961,0.03985962951880758,0.0215622228001789,0.19952623143031453,8.7670190548509e-12,1.1512104488200578e-06,1.11181785410033e-06,5.866990956787932e-16,0.9966028478376094,0.9657815958072526,0.013594991017475406,0.013594990850357284,0.037213295405038316,0.02270283157872818,0.19952623149688797,6.473320211513626e-07,0.0544233448532153,0.05422722236490149,3.174556810689222e-06,0.997501660681597,0.9963963783413726,2232.063475789968
sparse_bayesian_keep50_proposed_rep00_seed12026,sparse,bayesian_keep50,proposed,0,12026,63,63,126,natural_mean,40,1,50,23.0,-74,1024,4,1000.0,10,paper_reference_kkt,update,coordinated_aggregate,True,bayesian,0.5,39021,0.1944,2.2021647362200247,0.1077076669688523,0.1944,2.2021647362200247,0.1077076669688523,0.2023,2.209644925052307,0.10928641045987605,3.870105138592881,1.940973169239567,1.929131969353314,9.99999999999576e-05,10000.00000000424,9999.99999938476,10000.000001257251,3.385842836045669e-08,9.532558023349404e-06,1.2572509149322286e-06,0.05764464473452972,0.0026461780071258545,0.0,0.0,0.0,1.181850372876015e-06,1.1377051123417914e-07,78042,4916646,78,4914,0.015702475544542932,0.015702480541680854,0.03569037866095584,0.02042286871205026,0.19952623149688797,6.475441419012388e-07,0.05729510668730978,0.05764465158190073,1.587698469778972e-06,0.996591264716312,0.9954923379615459,0.01324171332595231,0.013241711168420394,0.03649313270952348,0.019764098396813538,0.19952622995664118,9.576164199814805e-12,1.1999900782699792e-06,1.1818509773250131e-06,6.929647284277801e-16,0.9963727922196178,0.98488390939965,0.018163237763133555,0.018163249914941317,0.0348876246123882,0.02108163902728698,0.19952623149688797,6.475441418304305e-07,0.05729510667474347,0.05764465156978537,3.1753969388649793e-06,0.9968097372130061,1.0061007665234418,2268.484482435044
sparse_bayesian_keep50_proposed_rep00_seed12026,sparse,bayesian_keep50,proposed,0,12026,64,64,128,natural_mean,40,1,50,23.0,-74,1024,4,1000.0,10,paper_reference_kkt,update,coordinated_aggregate,True,bayesian,0.5,39021,0.1928,2.1878694591607344,0.09664259310632944,0.1928,2.1878694591607344,0.09664259310632944,0.1918,2.2041929513854055,0.12346011461466552,3.7813261426466838,1.878120599826335,1.9032055428203485,9.999999999995708e-05,10000.000000004293,9999.999999383044,10000.000001296863,3.4079173958886575e-08,9.595553821250233e-06,1.2968630471732467e-06,0.055739329997513576,0.0030942168086767197,0.0,0.0,0.0,1.0585670709822485e-06,9.779978427104652e-08,78042,4994688,78,4992,0.00949133970413369,0.009491334380236027,0.03531486668378503,0.021024604950947625,0.19952623149688797,6.478068050095003e-07,0.05589454058391911,0.05573932994625628,1.5869412771509736e-06,0.9973564290658802,0.9923181239450826,0.006450161727221346,0.006450168532724027,0.03536218512431643,0.020661820344877256,0.1995262314220304,8.60679124024241e-12,1.0720612915496278e-06,1.0585673331938474e-06,5.622163069797554e-16,0.9972259643859661,0.9874130596033923,0.012532517681046036,0.012532500227748026,0.035267548243253635,0.021387389557017994,0.19952623149688797,6.478068049523252e-07,0.055894540573638,0.055739329936204444,3.1738825537397307e-06,0.9974868937457942,0.9972231882867728,2304.487399877049
sparse_bayesian_keep50_proposed_rep00_seed12026,sparse,bayesian_keep50,proposed,0,12026,65,65,130,natural_mean,40,1,50,23.0,-74,1024,4,1000.0,10,paper_reference_kkt,update,coordinated_aggregate,True,bayesian,0.5,39021,0.1906,2.208601006162232,0.11628423966407776,0.1906,2.208601006162232,0.11628423966407776,0.2021,2.2058586821832797,0.1147397563830018,3.8299116328032774,1.9162067337491167,1.913704899054161,9.999999999995608e-05,10000.00000000439,9999.99999946277,10000.000001203454,3.439148360475524e-08,9.685590111543382e-06,1.20345430332236e-06,0.05345996217556719,0.003740403801202774,0.0,0.0,0.0,1.1993133254677568e-06,1.3045064406469464e-07,78042,5072730,78,5070,0.01794696748147858,0.01794695603029462,0.03443724251876762,0.019473771779330077,0.19952623149688797,6.515682121235635e-07,0.052985524751291466,0.053459961339589905,1.5879899633512713e-06,0.9971578402923051,0.994214814761591,0.016818842755868566,0.016818825328058177,0.03593194580062482,0.018834900550665275,0.19952623130224748,9.464919374645817e-12,1.2244441916209463e-06,1.1993131248590929e-06,6.722839544746079e-16,0.9968352957331074,0.9794755634793338,0.019075092207088595,0.01907508673253107,0.03294253923691041,0.02011264300799488,0.19952623149688797,6.515682120548181e-07,0.05298552473714361,0.0534599613261373,3.1759799260302585e-06,0.9974803848515028,1.008954066043848,2340.803358185105
sparse_bayesian_keep50_proposed_rep00_seed12026,sparse,bayesian_keep50,proposed,0,12026,66,66,132,natural_mean,40,1,50,23.0,-74,1024,4,1000.0,10,paper_reference_kkt,update,coordinated_aggregate,True,bayesian,0.5,39021,0.1877,2.2021605305175393,0.11382015162274244,0.1877,2.2021605305175393,0.11382015162274244,0.1915,2.20450090162393,0.1281888416260481,3.7559595293837553,1.8769678991784156,1.8789916302053398,9.999999999995548e-05,10000.000000004453,9999.99999950624,10000.000001239023,3.469526885158986e-08,9.771952091417538e-06,1.2390228221192956e-06,0.05438262159953144,0.003265291452407837,0.0,0.0,0.0,1.0634370558723e-06,1.6453304851893336e-07,78042,5150772,78,5148,0.013510654607316413,0.013510660995756001,0.03524656336099649,0.021347303665347123,0.19952623149688797,6.466991667045766e-07,0.05464805711182312,0.05438262280172794,1.5871254292614008e-06,0.9973057197955251,0.9880744215916949,0.011578100759519304,0.011578108539038302,0.03678945837439276,0.020536231757992535,0.19952623066230182,8.676929249260286e-12,1.0840265546654012e-06,1.0634365925030192e-06,5.696231757096178e-16,0.9969685370183811,0.9810060221145845,0.01544320845511352,0.0154432134524737,0.03370366834760023,0.022158375572701706,0.19952623149688797,6.466991666463664e-07,0.05464805710107147,0.05438262279133034,3.1742508579531782e-06,0.9976429025726692,0.9951428210688053,2377.202396398876
sparse_bayesian_keep50_proposed_rep00_seed12026,sparse,bayesian_keep50,proposed,0,12026,67,67,134,natural_mean,40,1,50,23.0,-74,1024,4,1000.0,10,paper_reference_kkt,update,coordinated_aggregate,True,bayesian,0.5,39021,0.2105,2.1800376830891297,0.08564877690449356,0.2105,2.1800376830891297,0.08564877690449356,0.2075,2.196811952322078,0.10855651203393937,3.821259385596213,1.9157645094702778,1.9054948761259352,9.999999999995454e-05,10000.00000000455,9999.999999560843,10000.000001361539,3.512635516798009e-08,9.894776437434738e-06,1.3615390344057232e-06,0.054650017453608854,0.0030964836478233337,0.0,0.0,0.0,1.1683098413249639e-06,1.2251621228642762e-07,78042,5228814,78,5226,0.013656769965959215,0.013656777649176133,0.049320444901331084,0.021698364430117467,0.19952623149688797,6.495882778827639e-07,0.05427473196570715,0.054650019424900546,1.5879814636499456e-06,0.9967301783915397,0.9925145631802986,0.010968730528148932,0.010968732926647615,0.04943020837471312,0.02131731102870047,0.1995262309752627,9.536691360290419e-12,1.1944513668142597e-06,1.1683101583308704e-06,6.863687129610057e-16,0.9965218544863681,0.9781144730681981,0.0163448094037695,0.01634482237170465,0.04921068142794905,0.02207941783153446,0.19952623149688797,6.495882778127592e-07,0.0542747319525637,0.05465001941241246,3.1759629266135226e-06,0.9969385022967112,1.0069146532923992,2413.1363224298693
sparse_bayesian_keep50_proposed_rep00_seed12026,sparse,bayesian_keep50,proposed,0,12026,68,68,136,natural_mean,40,1,50,23.0,-74,1024,4,1000.0,10,paper_reference_kkt,update,coordinated_aggregate,True,bayesian,0.5,39021,0.1811,2.215385673286367,0.1318828489778936,0.1811,2.215385673286367,0.1318828489778936,0.1901,2.211116799701266,0.13346837950944898,3.744697521505488,1.8679018524958642,1.876795669009624,9.999999999995409e-05,10000.00000000459,9999.99999953421,10000.00000130786,3.535909859113292e-08,9.96083148316034e-06,1.307860657107085e-06,0.060336072253996585,0.003152940422296524,0.0,0.0,0.0,1.0906788731207622e-06,1.1005795386154205e-07,78042,5306856,78,5304,0.005482111219502353,0.0054821115442900085,0.03333539275506629,0.02037538750513928,0.19952623149688797,6.478074090665507e-07,0.06047420268397111,0.06033607543449413,1.5876078370116645e-06,0.9976014970090015,0.9921375129233545,0.005841979279844588,0.005841982904802714,0.032655767955482515,0.020100668695233023,0.19952623127547384,8.710375620478982e-12,1.105539418288302e-06,1.0906799438576043e-06,5.693221786653263e-16,0.9972924765546259,0.9865591021440758,0.005122243159160118,0.005122240183777302,0.034015017554650064,0.020650106315045533,0.19952623149688797,6.478074090079911e-07,0.06047420267386583,0.060336075424636156,3.175215673454007e-06,0.9979105174633771,0.9977159237026331,2450.0293845860288
sparse_bayesian_keep50_proposed_rep00_seed12026,sparse,bayesian_keep50,proposed,0,12026,69,69,138,natural_mean,40,1,50,23.0,-74,1024,4,1000.0,10,paper_reference_kkt,update,coordinated_aggregate,True,bayesian,0.5,39021,0.1996,2.1783407098949503,0.09975347296655175,0.1996,2.1783407098949503,0.09975347296655175,0.2093,2.1989304441265216,0.11147085947245358,3.8206144283590446,1.9134391860506879,1.9071752423083568,9.999999999995325e-05,10000.000000004675,9999.999999555546,10000.00000127157,3.558993956788534e-08,1.0027860256374823e-05,1.2715699995169416e-06,0.06363245028729222,0.0028031915426254272,0.0,0.0,0.0,1.1949273129211502e-06,9.628820407669991e-08,78042,5384898,78,5382,0.010476197826774232,0.010476194731446597,0.03835161240520423,0.02084135347848315,0.19952623149688797,6.461856922931269e-07,0.06335871635487646,0.06363245066459067,1.5883060677442798e-06,0.9970645367598787,0.9952200105985085,0.008244801785081931,0.008244799780152075,0.038037506351117314,0.019900300634003682,0.1995262311294656,9.785786891785612e-12,1.2117466137221021e-06,1.1949272322668144e-06,7.332015261634668e-16,0.9970493061474194,0.9861197034491609,0.012707593868466533,0.012707589682741119,0.03866571845929115,0.021782406322962616,0.19952623149688797,6.461856922190293e-07,0.06335871634328903,0.06363245065337116,3.176612134755358e-06,0.997079767372338,1.0043203177478561,2486.58639448788
sparse_bayesian_keep50_proposed_rep00_seed12026,sparse,bayesian_keep50,proposed,0,12026,70,70,140,natural_mean,40,1,50,23.0,-74,1024,4,1000.0,10,paper_reference_kkt,update,coordinated_aggregate,True,bayesian,0.5,39021,0.1792,2.2043990110648957,0.14573117158651352,0.1792,2.2043990110648957,0.14573117158651352,0.193,2.201495073525166,0.13556960131824017,3.75343484252869,1.8793809215780755,1.8740539209506146,9.999999999995256e-05,10000.000000004744,9999.999999498856,10000.000001157412,3.5767550549800366e-08,1.0079550703789446e-05,1.1574120435398072e-06,0.0596035629043503,0.0029736459255218506,0.0,0.0,0.0,1.1167058104726983e-06,1.6167723515536636e-07,78042,5462940,78,5460,0.01056388268886832,0.010563888143289554,0.05088527757692146,0.024149617001418218,0.19952623149688797,6.478551448955058e-07,0.059775289164186875,0.05960355956965593,1.587169086098864e-06,0.9970847050619327,0.9874179846734268,0.009814655829487668,0.009814654895854676,0.0494615085449358,0.023343403491110328,0.19952623146181275,8.908088409918522e-12,1.1421649188554686e-06,1.1167048308514938e-06,6.036538479892173e-16,0.9965732207759986,0.9777089072047767,0.011313109548248974,0.011313121390724434,0.05230904660890713,0.024955830511726104,0.19952623149688797,6.478551448342621e-07,0.05977528915327484,0.05960355955919489,3.174338171594074e-06,0.9975961893478668,0.9971270621420768,2522.8503635739908
sparse_bayesian_keep50_proposed_rep00_seed12026,sparse,bayesian_keep50,proposed,0,12026,71,71,142,natural_mean,40,1,50,23.0,-74,1024,4,1000.0,10,paper_reference_kkt,update,coordinated_aggregate,True,bayesian,0.5,39021,0.2078,2.173395202557404,0.09629299193680287,0.2078,2.173395202557404,0.09629299193680287,0.2086,2.1906651615610584,0.11687845454066992,3.813453847987515,1.9155341453628087,1.8979197026247059,9.999999999995142e-05,10000.000000004859,9999.999999546428,10000.000001112769,3.623861562419565e-08,1.0214255624029936e-05,1.1127685866085812e-06,0.056626830800188016,0.00325138121843338,0.0,0.0,0.0,1.1962334126488249e-06,1.276566763408482e-07,78042,5540982,78,5538,0.011348523545664044,0.011348527833283653,0.04014910095406467,0.02145957695509669,0.19952623149688797,6.462399968982956e-07,0.05635823107628086,0.05662683318233966,1.5883711042142524e-06,0.9969837851239932,0.99557836023819,0.0076808732334274574,0.00768087091317513,0.04525805039977293,0.020923952617815274,0.19952623108216586,9.687762813502704e-12,1.2127368247616736e-06,1.1962323830911303e-06,7.120931552900076e-16,0.9966876234753267,0.9863907718366,0.015016173857900633,0.015016184753392175,0.03504015150835641,0.021995201292378107,0.19952623149688797,6.462399968256811e-07,0.0563582310632328,0.05662683316970455,3.176742207716412e-06,0.9972799467726597,1.0047659486397802,2557.5603652209975
sparse_bayesian_keep50_proposed_rep00_seed12026,sparse,bayesian_keep50,proposed,0,12026,72,72,144,natural_mean,40,1,50,23.0,-74,1024,4,1000.0,10,paper_reference_kkt,update,coordinated_aggregate,True,bayesian,0.5,39021,0.1818,2.219555100877526,0.13776279853805898,0.1818,2.219555100877526,0.13776279853805898,0.1977,2.18643520423459,0.12754578937292096,3.7386879100003254,1.8650135093370444,1.873674400663281,9.999999999995088e-05,10000.000000004911,9999.999999555164,10000.000001142475,3.651806972872846e-08,1.029355645973536e-05,1.1424745025578886e-06,0.05443253393209141,0.003966957330703735,0.0,0.0,0.0,1.0986594802444564e-06,1.264070306206122e-07,78042,5619024,78,5616,0.011920690818527886,0.011920686834908103,0.03653665672632789,0.02174356230523693,0.19952623149688797,6.487155186885617e-07,0.05469466520875456,0.054432536506145844,1.5874489505135099e-06,0.997370061893213,0.9869254970020882,0.014248531675451323,0.014248529933149708,0.0357197089832675,0.020927180338531064,0.19952623124084062,8.980816559377461e-12,1.1226350940693941e-06,1.0986596702397224e-06,6.123817131034088e-16,0.9969830821885552,0.9786435791980783,0.00959284996160445,0.009592843736666497,0.03735360446938828,0.022559944271942797,0.19952623149688797,6.487155186263964e-07,0.05469466519723323,0.05443253649505824,3.174897900414638e-06,0.9977570415978707,0.9952074148060982,2592.2374630249105
sparse_bayesian_keep50_proposed_rep00_seed12026,sparse,bayesian_keep50,proposed,0,12026,73,73,146,natural_mean,40,1,50,23.0,-74,1024,4,1000.0,10,paper_reference_kkt,update,coordinated_aggregate,True,bayesian,0.5,39021,0.2084,2.1717608087051694,0.09402185562215744,0.2084,2.1717608087051694,0.09402185562215744,0.2139,2.177361270569941,0.1100279741048813,3.791984453447771,1.8939693962840392,1.898015057163732,9.999999999994989e-05,10000.00000000501,9999.999999585089,10000.0000011635,3.6771409674268746e-08,1.0367432881972696e-05,1.1635002010734752e-06,0.04796921261878217,0.0023364145308732986,0.0,0.0,0.0,1.193624662104217e-06,1.0680196282919496e-07,78042,5697066,78,5694,0.013786457780366804,0.013786467152013555,0.03506497695501468,0.020910796833102954,0.19952623149688797,6.478609870515075e-07,0.04765740154127951,0.047969211099333484,1.5879470906610283e-06,0.9974456257496642,0.9953098313408064,0.011422418286479804,0.011422428663243998,0.03603162602355293,0.019874221913324455,0.19952623044711293,9.55798347524153e-12,1.2129380058442422e-06,1.1936243362558464e-06,7.004922992642351e-16,0.9975028503329881,0.9840769373335077,0.016150497274253803,0.016150505640783113,0.03409832788647644,0.021947371752881452,0.19952623149688797,6.478609869810023e-07,0.04765740152584415,0.047969211084482925,3.1758941806215642e-06,0.9973884011663404,1.0065427253481052,2627.3084683688357
sparse_bayesian_keep50_proposed_rep00_seed12026,sparse,bayesian_keep50,proposed,0,12026,74,74,148,natural_mean,40,1,50,23.0,-74,1024,4,1000.0,10,paper_reference_kkt,update,coordinated_aggregate,True,bayesian,0.5,39021,0.1889,2.1905991475326756,0.11809052932456138,0.1889,2.1905991475326756,0.11809052932456138,0.2013,2.1822883812251272,0.1268791115820408,3.733681723896125,1.866363867044923,1.8673178568512023,9.999999999994902e-05,10000.000000005099,9999.999999559923,10000.000001222723,3.712983000810183e-08,1.0469892255262089e-05,1.2227228580741212e-06,0.045867043169261414,0.0023810025304555893,0.0,0.0,0.0,1.1200585155689269e-06,1.917742338264361e-07,78042,5775108,78,5772,0.011084136534334363,0.011084129367475437,0.030224620199898133,0.018896620868403973,0.19952623149688797,6.508961340561196e-07,0.04604814272256175,0.04586704454527141,1.5869701429650008e-06,0.997496349493715,0.9912781121503373,0.010645763146277265,0.010645754500697805,0.03123356166270598,0.018760503682220993,0.19952623089433874,9.070405418252237e-12,1.1353986730884727e-06,1.1200584400810605e-06,6.306798485906595e-16,0.9969320873036631,0.9864891213642615,0.01152250992239146,0.011522504234253068,0.029215678737090283,0.019032738054586953,0.19952623149688797,6.508961339929203e-07,0.04604814270856411,0.04586704453159568,3.1739402852993217e-06,0.9980606116837669,0.9960671029364132,2661.472347945906
sparse_bayesian_keep50_proposed_rep00_seed12026,sparse,bayesian_keep50,proposed,0,12026,75,75,150,natural_mean,40,1,50,23.0,-74,1024,4,1000.0,10,paper_reference_kkt,update,coordinated_aggregate,True,bayesian,0.5,39021,0.2068,2.18146048671333,0.10662540335893633,0.2068,2.18146048671333,0.10662540335893633,0.2138,2.177685322342706,0.11547136759161948,3.767060156228765,1.8788654812761616,1.8881946749526035,9.999999999994804e-05,10000.000000005195,9999.999999564565,10000.000001121665,3.7466684040713405e-08,1.0566863351852683e-05,1.121665263781324e-06,0.04530673777918065,0.003155067563056946,0.0,0.0,0.0,1.220065601034853e-06,1.1270458344370127e-07,78042,5853150,78,5850,0.010900959747590842,0.01090094838331029,0.03655779251823895,0.020574520146517495,0.19952623149688797,6.438330638028072e-07,0.044892612533869454,0.045306735578359826,1.5877468841298653e-06,0.9973992025144005,0.9974192539330713,0.005355937589917881,0.0053559413180014415,0.036935684354857314,0.020219001763629205,0.19952623060463207,9.560898026026046e-12,1.2378731178833048e-06,1.2200649597542384e-06,7.037478422941716e-16,0.9970902029086763,0.9856138657063926,0.016445981905263803,0.01644595544861914,0.03617990068162059,0.020930038529405785,0.19952623149688797,6.438330637318177e-07,0.04489261251680284,0.045306735561932265,3.1754937675559825e-06,0.9977082021201248,1.00922464215975,2696.451350604184
sparse_bayesian_keep50_proposed_rep00_seed12026,sparse,bayesian_keep50,proposed,0,12026,76,76,152,natural_mean,40,1,50,23.0,-74,1024,4,1000.0,10,paper_reference_kkt,update,coordinated_aggregate,True,bayesian,0.5,39021,0.1961,2.1861356530119105,0.11975243035823105,0.1961,2.1861356530119105,0.11975243035823105,0.2038,2.1820204411063266,0.12957203110158444,3.70683450945329,1.8547492707936948,1.8520852386595952,9.99999999999473e-05,10000.000000005271,9999.999999543255,10000.000001076394,3.7702458394617406e-08,1.0635009973224358e-05,1.0763942555058748e-06,0.04382103977366314,0.0024001821875572205,0.0,0.0,0.0,1.1172589661097836e-06,9.547693480271846e-08,78042,5931192,78,5928,0.01097100769094703,0.010971001860524084,0.04827555759679028,0.023784312764819338,0.19952623149688797,6.416998923219869e-07,0.0440658668804023,0.04382104067816542,1.5874945787776424e-06,0.9976758092770177,0.9887730740450944,0.00910237411136908,0.009102376298760822,0.0484263874828607,0.02270049977237816,0.1995262313018756,9.113504246179758e-12,1.1364629142058472e-06,1.1172591920601773e-06,6.306900428231285e-16,0.9973924817430837,0.9831021738635101,0.012839641270524978,0.012839627422287345,0.04812472771071987,0.024868125757260516,0.19952623149688797,6.416998922572714e-07,0.04406586686574756,0.043821040663922624,3.1749891569245946e-06,0.9979591368109517,0.9944439742266787,2731.9103250922635
sparse_bayesian_keep50_proposed_rep00_seed12026,sparse,bayesian_keep50,proposed,0,12026,77,77,154,natural_mean,40,1,50,23.0,-74,1024,4,1000.0,10,paper_reference_kkt,update,coordinated_aggregate,True,bayesian,0.5,39021,0.2094,2.1670244748337137,0.10436733560293913,0.2094,2.1670244748337137,0.10436733560293913,0.2175,2.172582434089148,0.11222103908360004,3.7569496814583685,1.8766144378995797,1.880335243558789,9.99999999999463e-05,10000.000000005371,9999.999999428723,10000.00000111824,3.8121531655404225e-08,1.075481935634492e-05,1.1182401067344472e-06,0.04538179212047542,0.002008393406867981,0.0,0.0,0.0,1.2089095558387483e-06,1.751577656250447e-07,78042,6009234,78,6006,0.014452657338279742,0.014452656951267205,0.04474027860347195,0.020850913304587368,0.19952623149688797,6.459793028428069e-07,0.045154755935816665,0.0453817875167546,1.5881248574468647e-06,0.9968627998057845,0.9917316895335206,0.00922280017439132,0.00922280915533868,0.041662074851289255,0.019904649635630912,0.19952623109615905,9.82541916686207e-12,1.2355520553832846e-06,1.208908167613001e-06,7.35314308603321e-16,0.9961221917422083,0.9784355876361536,0.019682514502168163,0.01968250474719573,0.04781848235565465,0.02179717697354382,0.19952623149688797,6.45979302768084e-07,0.0451547559189127,0.045381787500652776,3.176249714158415e-06,0.9976034078693607,1.0050277914308876,2769.839341917075
sparse_bayesian_keep50_proposed_rep00_seed12026,sparse,bayesian_keep50,proposed,0,12026,78,78,156,natural_mean,40,1,50,23.0,-74,1024,4,1000.0,10,paper_reference_kkt,update,coordinated_aggregate,True,bayesian,0.5,39021,0.1907,2.178469052497954,0.12984806091070175,0.1907,2.178469052497954,0.12984806091070175,0.1987,2.1878756061642264,0.14156783149689434,3.6899592974076922,1.8526655606673679,1.8372937367403246,9.999999999994548e-05,10000.000000005448,9999.999999445638,10000.000001170254,3.8455337440911454e-08,1.0850198797764654e-05,1.170254108728841e-06,0.048487448237687414,0.002414807677268982,0.0,0.0,0.0,1.1360643014164997e-06,1.3614589988719672e-07,78042,6087276,78,6084,0.011795423985111103,0.01179541335383779,0.023029048809177596,0.018384377841477992,0.19952623149688797,6.496194624697148e-07,0.0486983993777728,0.0484874493304657,1.5876789333818943e-06,0.9975612116082971,0.9897469479641321,0.008281963780124371,0.008281961294151183,0.02495792079049327,0.01806092531181079,0.19952623062340114,9.103718150510413e-12,1.1547415111126368e-06,1.1360644101529783e-06,6.304823525280146e-16,0.9970798358630478,0.9838257033266722,0.015308884190097835,0.015308865413524398,0.02110017682786192,0.018707830371145193,0.19952623149688797,6.496194624059254e-07,0.04869839936408212,0.048487449317156664,3.1753578661333064e-06,0.9980425873535465,0.9956681926015921,2806.9593189861625
sparse_bayesian_keep50_proposed_rep00_seed12026,sparse,bayesian_keep50,proposed,0,12026,79,79,158,natural_mean,40,1,50,23.0,-74,1024,4,1000.0,10,paper_reference_kkt,update,coordinated_aggregate,True,bayesian,0.5,39021,0.2195,2.1405715425198704,0.07524693261414765,0.2195,2.1405715425198704,0.07524693261414765,0.2214,2.1669386511074316,0.106844383020699,3.765345355767616,1.8777403329049147,1.8876050228627017,9.999999999994457e-05,10000.000000005542,9999.99999951903,10000.000001166543,3.8856342851743864e-08,1.0964785457382832e-05,1.1665433703456074e-06,0.05054369924079849,0.0030248556286096573,0.0,0.0,0.0,1.2220140682043178e-06,1.7766978999134153e-07,78042,6165318,78,6162,0.015234259264875564,0.015234265868764085,0.038893875450384724,0.021088365714733617,0.19952623149688797,6.457510556649512e-07,0.05016163996837728,0.05054370139863078,1.5885190675228408e-06,0.9971356038494641,0.9923997131965088,0.010131922808518122,0.010131928184528441,0.03993505619791713,0.020548574704852468,0.19952623098314057,9.824841369626532e-12,1.2505480996522813e-06,1.2220140508235848e-06,7.335476723395255e-16,0.9966860072710096,0.9771827514977381,0.020336595721233006,0.020336603552999728,0.03785269470285231,0.021628156724614767,0.19952623149688797,6.457510555902107e-07,0.050161639952788974,0.050543701383858226,3.177038134312134e-06,0.9975852004279187,1.0076166748952793,2842.594313491136
sparse_bayesian_keep50_proposed_rep00_seed12026,sparse,bayesian_keep50,proposed,0,12026,80,80,160,natural_mean,40,1,50,23.0,-74,1024,4,1000.0,10,paper_reference_kkt,update,coordinated_aggregate,True,bayesian,0.5,39021,0.1913,2.18737666804651,0.1269480871123076,0.1913,2.18737666804651,0.1269480871123076,0.2015,2.1788615239833464,0.13406292916387316,3.7092615165482936,1.864867655562596,1.8443938609856974,9.999999999994359e-05,10000.000000005643,9999.99999956466,10000.000001272689,3.923829339248073e-08,1.1074298408916856e-05,1.2726886780001223e-06,0.05233810649843804,0.003604547120630741,0.0,0.0,0.0,1.12819930274145e-06,1.1934753274545074e-07,78042,6243360,78,6240,0.013447906969591934,0.013447904989332453,0.04649872719686449,0.022520341812073852,0.19952623149688797,6.435653443490519e-07,0.052549183285993006,0.05233810874318467,1.587563260250793e-06,0.9971420337967549,0.9889914960927181,0.012493961233932377,0.01249396087730175,0.04659231357212009,0.022116347315691173,0.19952623007110082,9.222123062888523e-12,1.1488801283581093e-06,1.1281998883072172e-06,6.471644588130816e-16,0.9967371916428877,0.9819997022819525,0.014401852705251489,0.014401849101363157,0.046405140821608876,0.022924336308456528,0.19952623149688797,6.435653442829767e-07,0.05254918327343405,0.05233810873102493,3.1751265198544217e-06,0.9975468759506222,0.9959832899034836,2879.448409073055
sparse_bayesian_keep25_proposed_rep00_seed12026,sparse,bayesian_keep25,proposed,0,12026,0,0,0,model,40,1,50,23.0,-74,1024,4,1000.0,10,paper_reference_kkt,update,coordinated_aggregate,True,bayesian,0.25,19511,0.0995,2.372916206651074,0.0756189888963103,0.0995,2.372916206651074,0.0756189888963103,0.0968,2.3613480913338667,0.07226249436736107,nan,0.0,0.0,0.00010000000000000003,10000.0,10000.0,10000.0,0.0,0.0,0.0,0.0,0.0,0.0,0.0,0.0,0.0,0.0,0,0,0,0,0.0,0.0,0.0,0.0,0.0,0.0,0.0,0.0,0.0,1.0,1.0,0.0,0.0,0.0,0.0,0.0,0.0,0.0,0.0,0.0,1.0,1.0,0.0,0.0,0.0,0.0,0.0,0.0,0.0,0.0,0.0,1.0,1.0,14.739377189893275
sparse_bayesian_keep25_proposed_rep00_seed12026,sparse,bayesian_keep25,proposed,0,12026,1,1,2,natural_mean,40,1,50,23.0,-74,1024,4,1000.0,10,paper_reference_kkt,update,coordinated_aggregate,True,bayesian,0.25,19511,0.1,2.3230345038521,0.06574148404538632,0.1,2.3230345038521,0.06574148404538632,0.1006,2.3294387637361718,0.06522638862133028,4.823597333540262,2.401122434854982,2.4224748986852807,0.00010000000000000025,9999.999999999976,9999.999999925132,10000.000000095717,3.5630502170647688e-09,9.953957700979457e-07,9.571704140398651e-08,0.09663998278642454,0.012108897790312767,0.0,0.0,0.0,9.953957700979457e-07,9.571704140398651e-08,39022,39022,40,40,0.005899201362015024,0.005899195995445659,0.0442172580573834,0.0214563834305466,0.19952623149688797,5.445335397442377e-07,0.09712033599329423,0.09663998460126971,1.4793870785686913e-06,0.996359899163136,0.9908955790278037,0.005915148255033211,0.005915138266601666,0.04631981158911461,0.021111645815299424,0.19952623134445974,6.982935740118059e-12,1.0087750132339766e-06,9.953956663698972e-07,4.884978099597596e-16,0.9967440798958734,0.9867370601116304,0.005883254468996836,0.005883253724289653,0.0421147045256522,0.02180112104579378,0.19952623149688797,5.445335396994642e-07,0.09712033598805522,0.0966399845961434,2.9587741566488846e-06,0.9959757184303987,0.9950540979439769,60.529565596953034
sparse_bayesian_keep25_proposed_rep00_seed12026,sparse,bayesian_keep25,proposed,0,12026,2,2,4,natural_mean,40,1,50,23.0,-74,1024,4,1000.0,10,paper_reference_kkt,update,coordinated_aggregate,True,bayesian,0.25,19511,0.1304,2.3409019212551434,0.04347559031635521,0.1304,2.3409019212551434,0.04347559031635521,0.1401,2.3563668292909323,0.04688038908094168,4.5305579797885045,2.272054436382195,2.25850354340631,9.999999999999986e-05,10000.000000000015,9999.999999914418,10000.000000103923,4.938509981067846e-09,1.3796278149659775e-06,1.0392250260338187e-07,0.06105724333254377,0.0065193772315979,0.0,0.0,0.0,9.695767618364307e-07,9.421091817785054e-08,39022,78044,40,80,0.01222177803933908,0.012221780337255933,0.04406883651127726,0.021794028859358883,0.19952623149688797,5.378280703093404e-07,0.06147205455519905,0.06105724306401935,1.4876215997209585e-06,0.9956330475519988,0.9862082159782215,0.011573882522444116,0.011573875596189599,0.046621348897701864,0.021205814606389515,0.19952623115366194,6.837723021586457e-12,9.902086887230405e-07,9.695770468081761e-07,4.787071859042704e-16,0.9957423009944146,0.9791644015104193,0.012869673556234045,0.012869685078322268,0.04151632412485265,0.02238224311232825,0.19952623149688797,5.378280702658744e-07,0.06147205454722377,0.061057243056321,2.97524319896321e-06,0.9955237941095828,0.9932520304460238,101.5293885031715
sparse_bayesian_keep25_proposed_rep00_seed12026,sparse,bayesian_keep25,proposed,0,12026,3,3,6,natural_mean,40,1,50,23.0,-74,1024,4,1000.0,10,paper_reference_kkt,update,coordinated_aggregate,True,bayesian,0.25,19511,0.15,2.3567220867345857,0.03835314380496741,0.15,2.3567220867345857,0.03835314380496741,0.1353,2.3701293411487883,0.06616442021876573,4.433869023635894,2.219844107125436,2.214024916510458,9.999999999999957e-05,10000.000000000044,9999.999999880343,10000.000000125587,6.0518659537987935e-09,1.6906929504807336e-06,1.2558666639961302e-07,0.044777111600094746,0.005295801442116499,0.0,0.0,0.0,1.0155835275557029e-06,1.084099494619295e-07,39022,117066,40,120,0.019812299159446583,0.019812313799791474,0.04421859197209921,0.020624703673289634,0.19952623149688797,5.417473415791302e-07,0.04459154272566255,0.0447771107722089,1.499551043850313e-06,0.996076561794998,0.9946522393688304,0.008599604485458595,0.00859960807188792,0.041628973191289796,0.01989961842299383,0.19952623035847647,6.966220505190109e-12,1.0308997262316313e-06,1.015583681218119e-06,4.9766454323846e-16,0.9962125473034101,0.9851430165703494,0.03102499383343457,0.03102501952769503,0.04680821075290861,0.02134978892358544,0.19952623149688797,5.417473415343416e-07,0.044591542713746005,0.04477711076069175,2.9991020872029616e-06,0.995940576286586,1.0041614621673114,141.1122848028317
sparse_bayesian_keep25_proposed_rep00_seed12026,sparse,bayesian_keep25,proposed,0,12026,4,4,8,natural_mean,40,1,50,23.0,-74,1024,4,1000.0,10,paper_reference_kkt,update,coordinated_aggregate,True,bayesian,0.25,19511,0.1444,2.366120225768087,0.0501072139057517,0.1444,2.366120225768087,0.0501072139057517,0.1341,2.376156622309985,0.0725965490475297,4.366275375548224,2.183438742468893,2.1828366330793316,9.999999999999938e-05,10000.000000000062,9999.99999983382,10000.000000204644,7.067685070229889e-09,1.9745047515132616e-06,2.0464358385652304e-07,0.03678646305084172,0.003722179215401411,0.0,0.0,0.0,1.0047056235517889e-06,1.3110548024997115e-07,39022,156088,40,160,0.0253347254463123,0.025334728028929093,0.04076370612807055,0.018933216856908942,0.19952623149688797,5.412719838283318e-07,0.03676372933069515,0.03678646500377304,1.5096460194629714e-06,0.9961380943899072,0.9921326864133251,0.008529817507988209,0.0085298283653333,0.03917566196143556,0.018364431661718982,0.19952623046748086,6.915719821492801e-12,1.021409169295345e-06,1.0047058359673084e-06,4.979976893545204e-16,0.9964156670854043,0.9836468185642897,0.04213963338463639,0.042139627692524884,0.04235175029470555,0.019502002052098903,0.19952623149688797,5.412719837841514e-07,0.036763729316506205,0.036786464990052864,3.019292038427945e-06,0.99586052169441,1.0006185542623605,177.5342756509781
sparse_bayesian_keep25_proposed_rep00_seed12026,sparse,bayesian_keep25,proposed,0,12026,5,5,10,natural_mean,40,1,50,23.0,-74,1024,4,1000.0,10,paper_reference_kkt,update,coordinated_aggregate,True,bayesian,0.25,19511,0.1093,2.3904402903099142,0.109522785589993,0.1093,2.3904402903099142,0.109522785589993,0.133,2.3799669674602155,0.07662532338947059,4.367540577913136,2.1820704200395773,2.185470157873559,9.99999999999991e-05,10000.000000000091,9999.999999803558,10000.000000165035,7.957735413013011e-09,2.223214225775144e-06,1.9644176063593477e-07,0.03432269640639616,0.0032721757888793945,0.0,0.0,0.0,1.0190311731903959e-06,1.4266333892010152e-07,39022,195110,40,200,0.03043055749768808,0.030430571983596,0.03793691100797446,0.018033136081369642,0.19952623149688797,5.420070205705563e-07,0.03458389585396805,0.034322696356729104,1.5117542241628002e-06,0.9954101863898224,0.9834753524409303,0.01487227309137906,0.014872280752718084,0.037140543352630784,0.017517240240910815,0.1995262313781755,7.175290203042535e-12,1.045692453366419e-06,1.0190308182736256e-06,5.2793395185839365e-16,0.9954767075173704,0.9745032990596539,0.045988841903997095,0.045988863214473916,0.038733278663318126,0.01854903192182847,0.19952623149688797,5.420070205230618e-07,0.034583895838159066,0.03432269634160174,3.0235084477976664e-06,0.9953436652622744,0.9924474058222067,217.25227889511734
sparse_bayesian_keep25_proposed_rep00_seed12026,sparse,bayesian_keep25,proposed,0,12026,6,6,12,natural_mean,40,1,50,23.0,-74,1024,4,1000.0,10,paper_reference_kkt,update,coordinated_aggregate,True,bayesian,0.25,19511,0.1413,2.383933964961805,0.06252153913766145,0.1413,2.383933964961805,0.06252153913766145,0.1355,2.3839504093040444,0.07579727440029382,4.3492657394105825,2.1721164013235046,2.177149338087078,9.999999999999883e-05,10000.00000000012,9999.999999812628,10000.000000219761,8.706245777964305e-09,2.4324028363043715e-06,2.1976120478939265e-07,0.03303923051213929,0.0027669724076986313,0.0,0.0,0.0,1.0306295525357813e-06,1.380249159410596e-07,39022,234132,40,240,0.03709485804653598,0.037094832787886625,0.03740313102040044,0.017932523327841267,0.19952623149688797,5.381147723161244e-07,0.033066292770554055,0.033039229590054196,1.5150025852040342e-06,0.9951552433774388,0.9788729583726865,0.016782111700718645,0.016782105241231103,0.03474552707078395,0.017092883341045056,0.19952623134418188,6.999474785607915e-12,1.0751798646850835e-06,1.0306290719191847e-06,5.121525722356974e-16,0.9950411960324441,0.9585643122784367,0.05740760439235331,0.057407560334542154,0.040060734970016915,0.018772163314637474,0.19952623149688797,5.38114772270602e-07,0.03306629275307384,0.03303922957397942,3.030005169895916e-06,0.9952692907224334,0.9991816044669364,256.21128052286804
sparse_bayesian_keep25_proposed_rep00_seed12026,sparse,bayesian_keep25,proposed,0,12026,7,7,14,natural_mean,40,1,50,23.0,-74,1024,4,1000.0,10,paper_reference_kkt,update,coordinated_aggregate,True,bayesian,0.25,19511,0.1274,2.3712133268279487,0.07460131584018467,0.1274,2.3712133268279487,0.07460131584018467,0.1319,2.3863781228668306,0.08646187755316499,4.333692086525039,2.1728227823913455,2.1608693041336937,9.999999999999843e-05,10000.000000000156,9999.999999813774,10000.00000022454,9.421823120225042e-09,2.632451552523232e-06,2.2453968995250762e-07,0.031652568614629145,0.0025195255875587463,0.0,0.0,0.0,1.0041917655031536e-06,1.0113399184774607e-07,39022,273154,40,280,0.039374532829646335,0.03937453540002839,0.03128736496735953,0.017409877556713645,0.19952623149688797,5.329186657129313e-07,0.03164592939726621,0.031652571452363006,1.519904318070175e-06,0.9955678324263513,0.9900481636344474,0.009320797546068146,0.009320805731801114,0.03162424046723918,0.017104210238939252,0.1995262310210727,6.940979177316048e-12,1.0248034224297314e-06,1.004191076731431e-06,5.072087030154784e-16,0.995898323933317,0.9798865318377957,0.06942826811322453,0.06942826506825567,0.030950489467479882,0.017715544874488037,0.19952623149688797,5.3291866566773e-07,0.03164592938067289,0.03165257143643382,3.0398086356331412e-06,0.9952373409193855,1.0002097954310991,296.4432936948724
sparse_bayesian_keep25_proposed_rep00_seed12026,sparse,bayesian_keep25,proposed,0,12026,8,8,16,natural_mean,40,1,50,23.0,-74,1024,4,1000.0,10,paper_reference_kkt,update,coordinated_aggregate,True,bayesian,0.25,19511,0.1338,2.365340678367567,0.06323744906157254,0.1338,2.365340678367567,0.06323744906157254,0.1377,2.381843370988796,0.07698830986022949,4.311731544024427,2.164695717752809,2.1470358262716185,9.999999999999797e-05,10000.000000000204,9999.999999804548,10000.000000243137,1.0063171103747546e-08,2.8118177049715796e-06,2.4313703761436045e-07,0.03133626980280215,0.00366317480802536,0.0,0.0,0.0,1.0083416751511037e-06,1.1988777259830385e-07,39022,312176,40,320,0.049363353322202486,0.04936334963366198,0.03699461642938101,0.01759368901435645,0.19952623149688797,5.376650543347984e-07,0.03097351303989347,0.03133627030543912,1.5186342834274098e-06,0.9954415752038539,0.9895052777614713,0.016016261734381986,0.01601626287194223,0.03615288413240254,0.017278558142997908,0.19952623103297126,7.023575099596463e-12,1.0424303207393438e-06,1.0083415657484974e-06,5.209677088168509e-16,0.9953091662804533,0.9672987818750556,0.08271044491002298,0.08271043639538173,0.03783634872635949,0.01790881988571499,0.19952623149688797,5.376650542889235e-07,0.030973513022351695,0.031336270289215866,3.037268566333852e-06,0.9955739841272545,1.0117117736478871,335.1552998139523
sparse_bayesian_keep25_proposed_rep00_seed12026,sparse,bayesian_keep25,proposed,0,12026,9,9,18,natural_mean,40,1,50,23.0,-74,1024,4,1000.0,10,paper_reference_kkt,update,coordinated_aggregate,True,bayesian,0.25,19511,0.1544,2.3571515715872504,0.04495960910484195,0.1544,2.3571515715872504,0.04495960910484195,0.1398,2.382763987387849,0.08103409252315757,4.287734077180593,2.1460646289954366,2.141669448185157,9.999999999999767e-05,10000.000000000233,9999.999999768026,10000.000000339032,1.07922802730776e-08,3.0156424233195066e-06,3.3903233997989446e-07,0.03195694921543266,0.0023882463574409485,0.0,0.0,0.0,1.0240041584772032e-06,1.5008117770776153e-07,39022,351198,40,360,0.042420658928012965,0.04242068410959862,0.030467976537630732,0.01689714958486027,0.19952623149688797,5.359195614133564e-07,0.031532267909084394,0.03195694942159852,1.520590072274842e-06,0.995327254706087,0.9909081869475018,0.013315379862784273,0.013315382154665404,0.034208722282375405,0.016704268478799186,0.1995262305993723,7.014200861898852e-12,1.0574748157325967e-06,1.0240038235594403e-06,5.200422203025625e-16,0.9953963293999346,0.9683482244536203,0.07152593799324165,0.07152598606453184,0.026727230792886063,0.017090030690921357,0.19952623149688797,5.359195613674548e-07,0.03153226789135251,0.03195694940519232,3.0411801440296417e-06,0.9952581800122394,1.0134681494413833,373.22832982288674
sparse_bayesian_keep25_proposed_rep00_seed12026,sparse,bayesian_keep25,proposed,0,12026,10,10,20,natural_mean,40,1,50,23.0,-74,1024,4,1000.0,10,paper_reference_kkt,update,coordinated_aggregate,True,bayesian,0.25,19511,0.1525,2.3579703211766296,0.03981996912539005,0.1525,2.3579703211766296,0.03981996912539005,0.1468,2.375300483744876,0.06964165113717319,4.267127949011255,2.1297903455275424,2.1373376034837124,9.999999999999757e-05,10000.000000000244,9999.999999670632,10000.000000321685,1.1355431295552303e-08,3.1729826987658093e-06,3.293680492788553e-07,0.03162989233136012,0.002905602566897869,0.0,0.0,0.0,1.0050006787667876e-06,2.2154927137307823e-07,39022,390220,40,400,0.04556339379946006,0.04556339305465061,0.04262860710248205,0.01971819480882596,0.19952623149688797,5.319391504586155e-07,0.03154303289947059,0.03162988958795379,1.5221005017527233e-06,0.9953624800582244,0.9859747212795115,0.02176580940612833,0.02176580659614171,0.04072336150648632,0.01891150231659198,0.19952622976704937,6.9803565932626935e-12,1.0369426792279058e-06,1.0050003958030454e-06,5.192400007037373e-16,0.9949594666835777,0.9691957332874346,0.0693609781927918,0.0693609795131595,0.04453385269847778,0.02052488730105994,0.19952623149688797,5.319391504128157e-07,0.03154303288242641,0.03162988957198747,3.0442010029862064e-06,0.9957654934328711,1.0027537092715884,410.4313316959888
sparse_bayesian_keep25_proposed_rep00_seed12026,sparse,bayesian_keep25,proposed,0,12026,11,11,22,natural_mean,40,1,50,23.0,-74,1024,4,1000.0,10,paper_reference_kkt,update,coordinated_aggregate,True,bayesian,0.25,19511,0.1411,2.3842821137798387,0.08002870478719472,0.1411,2.3842821137798387,0.08002870478719472,0.1479,2.3766157582258036,0.07585313904136419,4.269211749006692,2.1393987909700005,2.1298129580366916,9.999999999999709e-05,10000.000000000291,9999.999999672327,10000.000000342014,1.194091040449321e-08,3.336803959233737e-06,3.420136636123061e-07,0.031197845391176777,0.0031598545610904694,0.0,0.0,0.0,1.0617420529685343e-06,2.525284799048677e-07,39022,429242,40,440,0.04563076303175388,0.04563079044648076,0.031947273915818176,0.017364228857459543,0.19952623149688797,5.343512844525131e-07,0.030446840490189597,0.031197843414632692,1.5221222453130768e-06,0.9954270217437062,0.9950097316217865,0.017638157002226987,0.01763817345194655,0.033111912395215874,0.016841222847521757,0.199526231469918,7.160184613747291e-12,1.0998476005611912e-06,1.0617415019070404e-06,5.412670835549821e-16,0.995100463300629,0.965353289615467,0.07362336906128078,0.07362340744101496,0.030782635436420482,0.017887234867397333,0.19952623149688797,5.343512844045407e-07,0.030446840470324404,0.031197843396565818,3.0442444900848865e-06,0.9957535801867834,1.024666173628106,447.24228675616905
sparse_bayesian_keep25_proposed_rep00_seed12026,sparse,bayesian_keep25,proposed,0,12026,12,12,24,natural_mean,40,1,50,23.0,-74,1024,4,1000.0,10,paper_reference_kkt,update,coordinated_aggregate,True,bayesian,0.25,19511,0.1529,2.3556879510698803,0.054784780644923474,0.1529,2.3556879510698803,0.054784780644923474,0.1496,2.3681996805158056,0.0734928672403097,4.2784257327586,2.1455903058971613,2.1328354268614387,9.999999999999651e-05,10000.000000000351,9999.999999605483,10000.00000036198,1.2516686416208114e-08,3.498026219426346e-06,3.945169737562537e-07,0.03054340898932233,0.002282477915287018,0.0,0.0,0.0,1.0441537692690306e-06,1.3426688383333385e-07,39022,468264,40,480,0.04203996022136728,0.042039973994546564,0.040160913905276416,0.0195174767827349,0.19952623149688797,5.308107570287159e-07,0.03039978071637677,0.030543405755735328,1.5225572617427603e-06,0.9952362934921214,0.987574669207719,0.014624571740782136,0.014624562567386016,0.0390656133674182,0.018570124661854776,0.19952623112037657,7.184275003651201e-12,1.0759761631372197e-06,1.044153921705641e-06,5.519860679457148e-16,0.9950301586696179,0.9704247655501256,0.06945534870195243,0.06945538542170711,0.04125621444313464,0.020464828903615024,0.19952623149688797,5.30810756980098e-07,0.030399780697335108,0.030543405737887656,3.0451145229335347e-06,0.9954424283146249,1.0047245728653125,485.6173265087418
sparse_bayesian_keep25_proposed_rep00_seed12026,sparse,bayesian_keep25,proposed,0,12026,13,13,26,natural_mean,40,1,50,23.0,-74,1024,4,1000.0,10,paper_reference_kkt,update,coordinated_aggregate,True,bayesian,0.25,19511,0.1297,2.3571343639730093,0.10077320390820506,0.1297,2.3571343639730093,0.10077320390820506,0.1506,2.363550585978191,0.07703491938859225,4.247106974167568,2.1204184477182317,2.1266885264493363,9.999999999999616e-05,10000.000000000386,9999.999999571199,10000.000000379248,1.3146218381829602e-08,3.6740988594345837e-06,4.28801286034286e-07,0.03273140072711822,0.002725031226873398,0.0,0.0,0.0,1.0122853219456564e-06,1.0458643373567611e-07,39022,507286,40,520,0.03553397168172204,0.03553399618057403,0.030516018482599234,0.018758184002519572,0.19952623149688797,5.350421027609027e-07,0.03256620123883349,0.032731402193697856,1.5204459906119811e-06,0.9958664362998839,0.9916988690732044,0.009882139475500304,0.009882126828445071,0.030104611410383234,0.018684017793092863,0.19952622964291733,6.96064642020483e-12,1.0347134075804343e-06,1.012285830370423e-06,5.167430235486103e-16,0.9960476647464086,0.9783249061361627,0.061185803887943764,0.06118586553270299,0.030927425554815233,0.018832350211946278,0.19952623149688797,5.350421027156253e-07,0.032566201222395716,0.03273140217804435,3.0408919807072193e-06,0.9956852078533593,1.005072832010246,523.906349170953
sparse_bayesian_keep25_proposed_rep00_seed12026,sparse,bayesian_keep25,proposed,0,12026,14,14,28,natural_mean,40,1,50,23.0,-74,1024,4,1000.0,10,paper_reference_kkt,update,coordinated_aggregate,True,bayesian,0.25,19511,0.1428,2.362047832544835,0.07968547290489078,0.1428,2.362047832544835,0.07968547290489078,0.1546,2.3554518302509395,0.07152258641272781,4.223419711604033,2.117884738307824,2.1055349732962094,9.999999999999564e-05,10000.000000000437,9999.999999606423,10000.000000432192,1.3621774865834602e-08,3.807335676776801e-06,4.321918822824955e-07,0.031887334917001346,0.0025726407766342163,0.0,0.0,0.0,1.0161977691242258e-06,1.2099008017685264e-07,39022,546308,40,560,0.04776525058474327,0.04776522809537333,0.03550352623876306,0.017691422613682006,0.19952623149688797,5.304739991084252e-07,0.03142012460634854,0.031887340062992243,1.5212228710110567e-06,0.9956067602358969,0.9934960001716058,0.02026323421234104,0.020263225361295926,0.03234937219460878,0.01723993991135503,0.19952623074394005,7.0884375252611195e-12,1.0453393040267116e-06,1.0161974226607468e-06,5.329202667612943e-16,0.9954869803564567,0.9721220355925557,0.0752672669571455,0.07526723082945073,0.03865768028291733,0.01814290531600898,0.19952623149688797,5.304739990610656e-07,0.03142012458895946,0.03188734004679997,3.0424457414891934e-06,0.995726540115337,1.0148699647506558,563.5853164698929
sparse_bayesian_keep25_proposed_rep00_seed12026,sparse,bayesian_keep25,proposed,0,12026,15,15,30,natural_mean,40,1,50,23.0,-74,1024,4,1000.0,10,paper_reference_kkt,update,coordinated_aggregate,True,bayesian,0.25,19511,0.1277,2.3332935901867646,0.09218983062237501,0.1277,2.3332935901867646,0.09218983062237501,0.1546,2.3466738493941333,0.07570637773722409,4.214536185293026,2.1029873504790344,2.1115488348139917,9.999999999999532e-05,10000.00000000047,9999.999999493299,10000.000000445258,1.4213560955782974e-08,3.972852010792596e-06,5.067013262305409e-07,0.0322915755535567,0.0020781755447387695,0.0,0.0,0.0,1.0431636723912557e-06,1.1312476999592036e-07,39022,585330,40,600,0.032078910402569834,0.032078905003616265,0.040933231015836805,0.019643130032819596,0.19952623149688797,5.339901668212993e-07,0.032404355186412076,0.03229157444189501,1.5200132100759133e-06,0.9956879581593256,0.9840164164958665,0.016320931350127948,0.016320936467871083,0.03916490906155419,0.019048151407645014,0.19952623066964853,6.990165723387547e-12,1.0737512218744575e-06,1.043163581881437e-06,5.235260026953304e-16,0.9955929327931847,0.9715132821847766,0.047836889455011716,0.047836873539361446,0.04270155297011942,0.020238108657994178,0.19952623149688797,5.339901667755472e-07,0.03240435516862216,0.032291574425045565,3.0400264196283006e-06,0.9957829835254667,0.9965195508069563,601.8392514698207
sparse_bayesian_keep25_proposed_rep00_seed12026,sparse,bayesian_keep25,proposed,0,12026,16,16,32,natural_mean,40,1,50,23.0,-74,1024,4,1000.0,10,paper_reference_kkt,update,coordinated_aggregate,True,bayesian,0.25,19511,0.1431,2.3289714410141507,0.07144638737648726,0.1431,2.3289714410141507,0.07144638737648726,0.157,2.337476409671977,0.07575326313972472,4.193115183562929,2.104004524716326,2.0891106588466033,9.999999999999477e-05,10000.00000000052,9999.99999947936,10000.000000538905,1.479322652401657e-08,4.135227507562637e-06,5.389047146309167e-07,0.031875580037010506,0.002910662442445755,0.0,0.0,0.0,1.033189920404225e-06,1.2865530152339488e-07,39022,624352,40,640,0.03023146521569252,0.030231476033795245,0.02876762772571178,0.017363198479746315,0.19952623149688797,5.355422579135307e-07,0.03162021267823432,0.031875585078746396,1.5207656122868014e-06,0.9961006621360486,0.9952784157265211,0.009912583393922638,0.009912582918445849,0.029098732464390605,0.017248069404370847,0.1995262307550662,7.1884778359558295e-12,1.051613365209226e-06,1.0331897694842815e-06,5.498995747809559e-16,0.9958554729623394,0.9824806488068922,0.0505503470374624,0.05055036914914464,0.028436522987032954,0.01747832755512178,0.19952623149688797,5.35542257865286e-07,0.03162021266074723,0.0318755850620019,3.041531224023703e-06,0.9963458513097578,1.00807618264615,639.4833443830721
sparse_bayesian_keep25_proposed_rep00_seed12026,sparse,bayesian_keep25,proposed,0,12026,17,17,34,natural_mean,40,1,50,23.0,-74,1024,4,1000.0,10,paper_reference_kkt,update,coordinated_aggregate,True,bayesian,0.25,19511,0.1492,2.3421864298748596,0.08503341705262661,0.1492,2.3421864298748596,0.08503341705262661,0.1576,2.3289570724645383,0.0764260134100914,4.222595368417546,2.1067557393675056,2.1158396290500407,9.999999999999411e-05,10000.00000000059,9999.99999946315,10000.000000671476,1.540147657713914e-08,4.305705333414928e-06,6.714763003401458e-07,0.032042681081451585,0.002397894859313965,0.0,0.0,0.0,1.0542969166577296e-06,1.607659214641899e-07,39022,663374,40,680,0.0318318025983974,0.031831809240997364,0.0448318988992757,0.020951293052181328,0.19952623149688797,5.306399571026304e-07,0.032007283884080036,0.03204268427134246,1.5216983438141117e-06,0.9956901650918648,0.9874620039149875,0.01076440193916422,0.010764404881400597,0.04857415605799478,0.020944440411468195,0.19952623108444195,7.0043331821583295e-12,1.0826424987897835e-06,1.054296668850262e-06,5.351204925829116e-16,0.9955373525429477,0.9738179410973118,0.05289920325763058,0.05289921360059413,0.04108964174055661,0.02095814569289446,0.19952623149688797,5.306399570564025e-07,0.03200728386576991,0.03204268425399776,3.043396687093103e-06,0.9958429776407818,1.0011060667326632,676.3932589371689
sparse_bayesian_keep25_proposed_rep00_seed12026,sparse,bayesian_keep25,proposed,0,12026,18,18,36,natural_mean,40,1,50,23.0,-74,1024,4,1000.0,10,paper_reference_kkt,update,coordinated_aggregate,True,bayesian,0.25,19511,0.1467,2.3196692288116374,0.0814615217334032,0.1467,2.3196692288116374,0.0814615217334032,0.1558,2.324482176155201,0.08569753912538292,4.198797757203726,2.1012708842161874,2.0975268729875385,9.999999999999339e-05,10000.00000000066,9999.99999946689,10000.000000600687,1.5936133146085275e-08,4.4557364504860845e-06,6.006866897223517e-07,0.03305095149339375,0.003181684762239456,0.0,0.0,0.0,1.0437627218106987e-06,1.3398494047578424e-07,39022,702396,40,720,0.040677757203215134,0.040677740331801535,0.02593517122845252,0.01751829221201693,0.19952623149688797,5.313356888537901e-07,0.032511654743127685,0.033050949216131394,1.5231759734845116e-06,0.9959414087818808,0.9974525672999359,0.013452958915580779,0.01345296772475988,0.02654104103719308,0.017088419412241547,0.19952623117149956,7.153839566078133e-12,1.0668952886942313e-06,1.0437622547408313e-06,5.490276113966372e-16,0.995699092817989,0.9783173988535875,0.06790255549084949,0.06790251293884318,0.025329301419711958,0.01794816501179231,0.19952623149688797,5.313356888056309e-07,0.03251165472562219,0.033050949199650174,3.0463519464199955e-06,0.9961837247457724,1.0165877357462842,714.5883087427355
sparse_bayesian_keep25_proposed_rep00_seed12026,sparse,bayesian_keep25,proposed,0,12026,19,19,38,natural_mean,40,1,50,23.0,-74,1024,4,1000.0,10,paper_reference_kkt,update,coordinated_aggregate,True,bayesian,0.25,19511,0.1565,2.3257856643081523,0.0737577911271155,0.1565,2.3257856643081523,0.0737577911271155,0.1566,2.3195164044845913,0.08876132450848818,4.161919218408421,2.0859700504401566,2.0759491679682647,9.999999999999275e-05,10000.000000000726,9999.999999564216,10000.000000622636,1.632683704403397e-08,4.565587861115999e-06,6.226364348549396e-07,0.03322625642056087,0.002526417374610901,0.0,0.0,0.0,1.0823247572394805e-06,1.0187068255618215e-07,39022,741418,40,760,0.03425051889912703,0.03425051871111929,0.03886664708227362,0.01955710122608554,0.19952623149688797,5.296558033985299e-07,0.032947840965627646,0.0332262579492282,1.5239476271909301e-06,0.9965892591770042,0.9937021832049759,0.009756036643983217,0.009756035002480476,0.04041716480162376,0.019567451019913397,0.19952623085262364,7.2619102369280254e-12,1.1055927335839967e-06,1.082324544152807e-06,5.674138141502903e-16,0.9964305045809615,0.9789540713256647,0.05874500115427084,0.0587450024197581,0.03731612936292348,0.019546751432257686,0.19952623149688797,5.296558033487472e-07,0.032947840947078096,0.033226257931600174,3.0478952538144464e-06,0.996748013773047,1.008450295084287,753.5353262778372
sparse_bayesian_keep25_proposed_rep00_seed12026,sparse,bayesian_keep25,proposed,0,12026,20,20,40,natural_mean,40,1,50,23.0,-74,1024,4,1000.0,10,paper_reference_kkt,update,coordinated_aggregate,True,bayesian,0.25,19511,0.1487,2.3105849511055245,0.08035606612652535,0.1487,2.3105849511055245,0.08035606612652535,0.1571,2.3066018889153352,0.0916846136674285,4.152520605584026,2.0647040107378194,2.087816594846206,9.999999999999232e-05,10000.000000000768,9999.999999637159,10000.000000602322,1.6762073696862544e-08,4.687557327952652e-06,6.023219611961395e-07,0.033348740630275424,0.0022986605763435364,0.0,0.0,0.0,1.0264367559821568e-06,1.422813511453569e-07,39022,780440,40,800,0.028467074536324126,0.028467083989807594,0.04615993301232077,0.021275124354900664,0.19952623149688797,5.324228094479096e-07,0.03331742271887369,0.03334873951592928,1.5258221078344334e-06,0.9961859839915338,0.991354741672092,0.010818825011732215,0.010818808530163164,0.05073819414723904,0.020746919068722645,0.19952623101859487,7.130054516961318e-12,1.0454970968710432e-06,1.0264370869857895e-06,5.47512043209292e-16,0.9961267534615259,0.9817694683733882,0.046115324060916035,0.046115359449452026,0.04158167187740249,0.021803329641078686,0.19952623149688797,5.324228094001677e-07,0.033317422702469894,0.033348739500132986,3.051644215121355e-06,0.9962452145215417,1.0009400149707959,794.1322868890129
sparse_bayesian_keep25_proposed_rep00_seed12026,sparse,bayesian_keep25,proposed,0,12026,21,21,42,natural_mean,40,1,50,23.0,-74,1024,4,1000.0,10,paper_reference_kkt,update,coordinated_aggregate,True,bayesian,0.25,19511,0.1573,2.3027563248627843,0.06310075434222819,0.1573,2.3027563248627843,0.06310075434222819,0.1589,2.3022843824519623,0.08794143238812686,4.16056561100317,2.0790156859289817,2.0815499250741887,9.999999999999148e-05,10000.000000000853,9999.999999594167,10000.00000067754,1.7292930881868936e-08,4.836825366914783e-06,6.775408110115677e-07,0.03280231963728396,0.0019950419664382935,0.0,0.0,0.0,1.0599944202966304e-06,9.33523551793769e-08,39022,819462,40,840,0.02853629364754475,0.028536278909098135,0.04317623842245954,0.01913081547984264,0.19952623149688797,5.314635873346297e-07,0.0327925477658325,0.032802320094584135,1.5253420253730817e-06,0.9960585248411435,0.9869454493147252,0.013560451161473645,0.013560459117658021,0.0421376749383023,0.018344683304999925,0.19952623058165922,7.351178797720876e-12,1.0887447288868002e-06,1.059994228782701e-06,5.803544922324767e-16,0.9954810188147247,0.9735929375209752,0.043512136133615854,0.04351209870053825,0.04421480190661678,0.019916947654685355,0.19952623149688797,5.314635872837891e-07,0.032792547747758805,0.03280232007745749,3.050684050165809e-06,0.9966360308675624,1.000297961108475,832.2643079091795
sparse_bayesian_keep25_proposed_rep00_seed12026,sparse,bayesian_keep25,proposed,0,12026,22,22,44,natural_mean,40,1,50,23.0,-74,1024,4,1000.0,10,paper_reference_kkt,update,coordinated_aggregate,True,bayesian,0.25,19511,0.1456,2.3100974556293297,0.106091593619436,0.1456,2.3100974556293297,0.106091593619436,0.1567,2.290308454684917,0.09317442981600763,4.097242684866751,2.044162598566317,2.053080086300435,9.99999999999911e-05,10000.000000000891,9999.999999595253,10000.00000070649,1.77598669998102e-08,4.967634318744936e-06,7.06490027369e-07,0.03457418430811388,0.0017050355672836304,0.0,0.0,0.0,1.0625130458725767e-06,1.1699194146785885e-07,39022,858484,40,880,0.02109312344425418,0.021093130328965405,0.04291485259557733,0.019846984339611844,0.19952623149688797,5.289781413758266e-07,0.03470733619679873,0.03457418268093755,1.5257188099958098e-06,0.9960249238566352,0.9862904407173397,0.014142023773912736,0.014142022097177496,0.042505426579089664,0.019347995174592954,0.19952623148499016,7.049896077126115e-12,1.088174831058313e-06,1.0625127778377222e-06,5.422758139800164e-16,0.9956531935190929,0.9764173453697338,0.02804422311459562,0.028044238560753314,0.04332427861206499,0.02034597350463073,0.19952623149688797,5.289781413288482e-07,0.03470733617974003,0.034574182664611305,3.0514376194493437e-06,0.9963966541941777,0.9961635360649457,869.023310283199
sparse_bayesian_keep25_proposed_rep00_seed12026,sparse,bayesian_keep25,proposed,0,12026,23,23,46,natural_mean,40,1,50,23.0,-74,1024,4,1000.0,10,paper_reference_kkt,update,coordinated_aggregate,True,bayesian,0.25,19511,0.1581,2.291518870256489,0.05924931723028423,0.1581,2.291518870256489,0.05924931723028423,0.1559,2.2873649588827276,0.09182819328457119,4.119686951077956,2.0445983242088,2.075088626869156,9.999999999999049e-05,10000.000000000953,9999.9999995738,10000.000000807386,1.8191924555326292e-08,5.089051838246112e-06,8.073857316048816e-07,0.03542517257100444,0.0025228410959243774,0.0,0.0,0.0,1.104848122472265e-06,1.258158590644598e-07,39022,897506,40,920,0.020011100648304317,0.020011116175390885,0.048406749257431006,0.01969734600826916,0.19952623149688797,5.307680351124217e-07,0.03547203604774937,0.035425169649539165,1.5281493383948915e-06,0.9961083745876608,0.9859766685765368,0.013844565798331413,0.013844566703426093,0.04899047560470877,0.01894882789587389,0.19952623119514257,7.490709462117993e-12,1.135186612353366e-06,1.1048482187782085e-06,6.116337451928883e-16,0.995580928711008,0.9732744900295064,0.026177635498277223,0.02617766564735568,0.047823022910153244,0.020445864120664427,0.19952623149688797,5.307680350595636e-07,0.03547203602958508,0.03542516963231004,3.0562986761781494e-06,0.9966358204643135,0.998678847123567,906.4702431131154
sparse_bayesian_keep25_proposed_rep00_seed12026,sparse,bayesian_keep25,proposed,0,12026,24,24,48,natural_mean,40,1,50,23.0,-74,1024,4,1000.0,10,paper_reference_kkt,update,coordinated_aggregate,True,bayesian,0.25,19511,0.1421,2.2847770308956243,0.09764940206587315,0.1421,2.2847770308956243,0.09764940206587315,0.1583,2.2777990627431373,0.09236922117620705,4.087485201173937,2.038365819866567,2.0491193813073707,9.999999999999002e-05,10000.000000000997,9999.99999964922,10000.000000808644,1.8483196276214695e-08,5.170992587983374e-06,8.086444722721353e-07,0.03729680214188973,0.0031256750226020813,0.0,0.0,0.0,1.0227981146317582e-06,1.0865551303140819e-07,39022,936528,40,960,0.026760018819339274,0.026760024485879642,0.03810172650376065,0.019165986677765316,0.19952623149688797,5.309044347966513e-07,0.03730290807749021,0.037296793502984545,1.5266343538084143e-06,0.9958981851675661,0.987103170284521,0.014353225662538185,0.014353232048685795,0.03944726419095628,0.018878957020771716,0.19952623100548586,6.991549917607623e-12,1.049702600743276e-06,1.0227990353809825e-06,5.33130282805756e-16,0.9955663868399535,0.9743702263006654,0.039166811976140366,0.03916681692307349,0.03675618881656501,0.019453016334758915,0.19952623149688797,5.309044347506149e-07,0.037302908062720914,0.03729679348896031,3.0532687070836984e-06,0.9962299834951788,0.9998361142683766,945.3944482677616
sparse_bayesian_keep25_proposed_rep00_seed12026,sparse,bayesian_keep25,proposed,0,12026,25,25,50,natural_mean,40,1,50,23.0,-74,1024,4,1000.0,10,paper_reference_kkt,update,coordinated_aggregate,True,bayesian,0.25,19511,0.159,2.280514520401939,0.07925743966802956,0.159,2.280514520401939,0.07925743966802956,0.1579,2.2780844392495836,0.09650788556188347,4.087141570514049,2.0527604795118446,2.0343810910022047,9.999999999998903e-05,10000.000000001099,9999.99999963522,10000.000000800004,1.8932507965161012e-08,5.297864634295406e-06,8.000042726052925e-07,0.03420091991456279,0.0023796111345291138,0.0,0.0,0.0,1.119523007368542e-06,1.0339863365516067e-07,39022,975550,40,1000,0.02982585332224692,0.02982583030323446,0.054557988359261234,0.020660819291562105,0.19952623149688797,5.33505859875876e-07,0.03397984778148675,0.03420091568425763,1.5300672623954208e-06,0.9962127124921039,0.9927130734926393,0.010488100927968048,0.010488102946249092,0.05891480814694746,0.02026781426789054,0.1995262314659841,7.728262982180976e-12,1.1436306369265716e-06,1.1195232798565842e-06,6.402154516659554e-16,0.9959730910653198,0.9789203209249565,0.04916360571652579,0.04916355766021983,0.05020116857157501,0.021053824315233664,0.19952623149688797,5.33505859819901e-07,0.03397984776224165,0.03420091566593455,3.060134524150626e-06,0.9964523339188879,1.0065058260603221,984.4813553639688
sparse_bayesian_keep25_proposed_rep00_seed12026,sparse,bayesian_keep25,proposed,0,12026,26,26,52,natural_mean,40,1,50,23.0,-74,1024,4,1000.0,10,paper_reference_kkt,update,coordinated_aggregate,True,bayesian,0.25,19511,0.1432,2.272064023995233,0.10074531294226648,0.1432,2.272064023995233,0.10074531294226648,0.1522,2.265579931927444,0.10435562697798013,4.063987663299378,2.0361772131493265,2.0278104501500516,9.999999999998828e-05,10000.000000001173,9999.99999964417,10000.000000816382,1.9302359908406124e-08,5.402246184191237e-06,8.163824531948194e-07,0.03820097629618342,0.002373725175857544,0.0,0.0,0.0,1.0364001772178717e-06,9.923678589984775e-08,39022,1014572,40,1040,0.02115529199981643,0.02115528556787764,0.04435828946578127,0.018903871799742435,0.19952623149688797,5.319652254146703e-07,0.03829166760604089,0.038200979193299914,1.530635170659973e-06,0.9954316371287765,0.9852031954904942,0.01641758796740495,0.016417575336415295,0.043948243120994136,0.018641554237943194,0.19952623096843772,7.1479389923923e-12,1.065406138284436e-06,1.0364003404290913e-06,5.529283619767418e-16,0.9943676383668126,0.9727748858017897,0.02589299603222791,0.025892995799339985,0.044768335810568397,0.019166189361541675,0.19952623149688797,5.319652253666473e-07,0.038291667591219256,0.03820097917924104,3.0612703407670178e-06,0.9964956358907403,0.9976315051791986,1022.8572686081752
sparse_bayesian_keep25_proposed_rep00_seed12026,sparse,bayesian_keep25,proposed,0,12026,27,27,54,natural_mean,40,1,50,23.0,-74,1024,4,1000.0,10,paper_reference_kkt,update,coordinated_aggregate,True,bayesian,0.25,19511,0.1577,2.277399320988644,0.08872602067023518,0.1577,2.277399320988644,0.08872602067023518,0.1532,2.29328718508538,0.09771119854599238,4.088956425630785,2.0364192075331218,2.052537218097664,9.999999999998754e-05,10000.000000001246,9999.999999624844,10000.00000067601,1.9786259756194556e-08,5.538435036025799e-06,6.760092219337821e-07,0.04842217464500848,0.0033980533480644226,0.0,0.0,0.0,1.180321812520006e-06,1.403732312610373e-07,39022,1053594,40,1080,0.015750907999691643,0.01575089885912843,0.05862797848734352,0.019331647981245433,0.19952623149688797,5.304864385255562e-07,0.04879895695072947,0.0484221734904409,1.535948077694095e-06,0.9940991395419274,0.9829720028863157,0.013149926131731673,0.013149923971359835,0.05900292022618619,0.01875660335454514,0.1995262313932515,7.954365822627613e-12,1.2122459335002325e-06,1.1803216433792588e-06,6.90144029894335e-16,0.9922434900716244,0.973665155823698,0.01835188986765161,0.018351873746897028,0.058253036748500846,0.01990669260794573,0.19952623149688797,5.304864384659204e-07,0.048798956935672384,0.048422173476055354,3.0718961546980458e-06,0.9959547890122306,0.9922788499489335,1060.216278559994
sparse_bayesian_keep25_proposed_rep00_seed12026,sparse,bayesian_keep25,proposed,0,12026,28,28,56,natural_mean,40,1,50,23.0,-74,1024,4,1000.0,10,paper_reference_kkt,update,coordinated_aggregate,True,bayesian,0.25,19511,0.1372,2.2870986261209474,0.1176049252457917,0.1372,2.2870986261209474,0.1176049252457917,0.1456,2.281618824367091,0.12438868051916364,4.061260605995981,2.025667149219551,2.035593456776431,9.99999999999871e-05,10000.00000000129,9999.999999671598,10000.000000646303,2.002283818856891e-08,5.605170573785947e-06,6.463033059844747e-07,0.05374014436985931,0.0028101345524191856,0.0,0.0,0.0,1.0335462105463952e-06,1.2237615010235459e-07,39022,1092616,40,1120,0.02313729573478878,0.023137283808584846,0.03792539898051227,0.018026122231787595,0.19952623149688797,5.381097132117652e-07,0.053717071409678914,0.05374014528992895,1.533719267146256e-06,0.9949714508965655,0.9817221914749805,0.02580488328138354,0.025804864281101347,0.04153169591602428,0.017728882512996494,0.19952623082317322,6.983531809969069e-12,1.073240334880063e-06,1.0335462999339657e-06,5.278019284743681e-16,0.9941757629766055,0.9630147544661961,0.02046970818819402,0.02046970333606835,0.03431910204500026,0.0183233619505787,0.19952623149688797,5.381097131664494e-07,0.05371707139895751,0.053740145279990215,3.06743853376471e-06,0.9957671388165253,1.0004296284837648,1097.4673580001108
sparse_bayesian_keep25_proposed_rep00_seed12026,sparse,bayesian_keep25,proposed,0,12026,29,29,58,natural_mean,40,1,50,23.0,-74,1024,4,1000.0,10,paper_reference_kkt,update,coordinated_aggregate,True,bayesian,0.25,19511,0.1544,2.2967547612558965,0.09647177132710816,0.1544,2.2967547612558965,0.09647177132710816,0.1528,2.3023065203181057,0.09933141873478886,4.082589855535366,2.0432157645405638,2.0393740909948024,9.999999999998629e-05,10000.000000001372,9999.99999963263,10000.00000063324,2.0462915096175253e-08,5.729331349936589e-06,6.332393240882084e-07,0.05967775946751127,0.004470225423574448,0.0,0.0,0.0,1.2248024035716876e-06,1.3267344911582768e-07,39022,1131638,40,1160,0.013121328427300877,0.013121328766683052,0.05033900633473126,0.01802892860847046,0.19952623149688797,5.34264364375635e-07,0.05980289819746342,0.0596777570816667,1.536882476526212e-06,0.9944871076841473,0.9893161354279301,0.012636700998876696,0.01263669187139297,0.05219126160595988,0.01689868363954482,0.19952623121431376,8.266940165720576e-12,1.2488753677251696e-06,1.2248030120703946e-06,7.445519918473874e-16,0.9929447995626682,0.9807247726312789,0.013605955855725056,0.013605965661973134,0.04848675106350264,0.019159173577396105,0.19952623149688797,5.342643643116757e-07,0.05980289818442317,0.05967775706909801,3.073764952307872e-06,0.9960294158056263,0.9979074982245812,1135.7622635541484
sparse_bayesian_keep25_proposed_rep00_seed12026,sparse,bayesian_keep25,proposed,0,12026,30,30,60,natural_mean,40,1,50,23.0,-74,1024,4,1000.0,10,paper_reference_kkt,update,coordinated_aggregate,True,bayesian,0.25,19511,0.1389,2.2933971815255347,0.13043369995117188,0.1389,2.2933971815255347,0.13043369995117188,0.1464,2.2833464703431767,0.13202409775704144,4.045202030007455,2.019164453965295,2.02603757604216,9.9999999999986e-05,10000.000000001397,9999.999999642529,10000.000000646445,2.0810980901669428e-08,5.826881124293784e-06,6.464451871579513e-07,0.060636840001480945,0.0031079575419425964,0.0,0.0,0.0,9.806999753034868e-07,1.0183794074691832e-07,39022,1170660,40,1200,0.01475780693916294,0.014757800635324803,0.04443936899739455,0.018499990613328774,0.19952623149688797,5.361352178534312e-07,0.06056993917978431,0.06063683663652901,1.5365502643817813e-06,0.9953713854994389,0.9899779292954297,0.010269397494378931,0.010269405598063372,0.04757127041239967,0.01851134143968572,0.19952623134061348,6.818778408143798e-12,1.0018886440667394e-06,9.807001113970635e-07,4.96181413527019e-16,0.9951113424079419,0.9788513755193504,0.01924621638394695,0.019246195672586234,0.04130746758238942,0.01848863978697183,0.19952623149688797,5.361352178100693e-07,0.06056993917149818,0.06063683662859841,3.0731005282673813e-06,0.995631428590936,1.001104483071509,1175.0233717700467
sparse_bayesian_keep25_proposed_rep00_seed12026,sparse,bayesian_keep25,proposed,0,12026,31,31,62,natural_mean,40,1,50,23.0,-74,1024,4,1000.0,10,paper_reference_kkt,update,coordinated_aggregate,True,bayesian,0.25,19511,0.1557,2.3039888975964624,0.097670060236603,0.1557,2.3039888975964624,0.097670060236603,0.1534,2.3002745502110185,0.10501826842129232,4.112365610793855,2.0551700178718946,2.05719559292196,9.999999999998499e-05,10000.000000001502,9999.999999611871,10000.000000613816,2.1264448325150956e-08,5.9552351993738664e-06,6.138161552371457e-07,0.06154778627605709,0.0038918815553188324,0.0,0.0,0.0,1.1611142193032016e-06,1.4840406947769225e-07,39022,1209682,40,1240,0.013205801916378886,0.01320579606218078,0.06548271070745064,0.019019575677311662,0.19952623149688797,5.332547153945036e-07,0.06199424523733985,0.0615477859281331,1.5377853861942541e-06,0.9941979283468891,0.9864331468493852,0.010050799138214666,0.010050796096666254,0.06359573252145656,0.018265248059504705,0.19952623137351921,7.936499391513527e-12,1.1847293894829365e-06,1.1611152825772383e-06,6.809868298734434e-16,0.9930191421800288,0.9800679133736191,0.016360804694543107,0.016360796027695308,0.06736968889344472,0.019773903295118623,0.19952623149688797,5.332547153354437e-07,0.06199424522601958,0.06154778591718073,3.0755707717075213e-06,0.9953767145137493,0.9927983803251512,1213.355295571033
sparse_bayesian_keep25_proposed_rep00_seed12026,sparse,bayesian_keep25,proposed,0,12026,32,32,64,natural_mean,40,1,50,23.0,-74,1024,4,1000.0,10,paper_reference_kkt,update,coordinated_aggregate,True,bayesian,0.25,19511,0.1324,2.301282782521008,0.1522103392100334,0.1324,2.301282782521008,0.1522103392100334,0.1484,2.281651027529187,0.13420885665118693,4.041029795879872,2.014891783333204,2.026138012546668,9.99999999999846e-05,10000.000000001539,9999.999999651774,10000.00000063318,2.1602140602160906e-08,6.050085730439639e-06,6.331792974378914e-07,0.06210346302902825,0.0032785553485155106,0.0,0.0,0.0,9.904039791677437e-07,1.7506317817606032e-07,39022,1248704,40,1280,0.015498666834839723,0.01549866793025836,0.04590433410167026,0.018151116094232936,0.19952623149688797,5.352279457388669e-07,0.06229572479237675,0.06210346649047968,1.536975246243948e-06,0.994702034014211,0.9810743021690409,0.017811950076639157,0.017811957322865703,0.046280504603320026,0.018016261303353848,0.19952622993772437,6.788507604628341e-12,1.0260755390060585e-06,9.904038657688849e-07,4.991825700503956e-16,0.9936571429942388,0.9652348360073311,0.013185383593040287,0.013185378537651017,0.0455281636000205,0.018285970885112027,0.19952623149688797,5.352279456958162e-07,0.06229572478392648,0.06210346648258238,3.0739504919887134e-06,0.995746925034183,0.9969137683307508,1251.175344367046
sparse_bayesian_keep25_proposed_rep00_seed12026,sparse,bayesian_keep25,proposed,0,12026,33,33,66,natural_mean,40,1,50,23.0,-74,1024,4,1000.0,10,paper_reference_kkt,update,coordinated_aggregate,True,bayesian,0.25,19511,0.1596,2.281528342681922,0.09506549898281696,0.1596,2.281528342681922,0.09506549898281696,0.1544,2.2993060741159006,0.10702514955103395,4.058289872960115,2.02486873763219,2.033421135327925,9.999999999998392e-05,10000.000000001608,9999.999999657228,10000.000000722212,2.2006972126711104e-08,6.16425111493332e-06,7.222115527838469e-07,0.06510817966932582,0.0038565509021282196,0.0,0.0,0.0,1.1368016919703228e-06,1.1881820682901889e-07,39022,1287726,40,1320,0.015001300016868425,0.015001293985603292,0.050126947897831356,0.0175173033718383,0.19952623149688797,5.313751695258614e-07,0.06539540331893451,0.06510817495704622,1.5389204188848743e-06,0.9944716755613341,0.9834454203250802,0.018983055449901236,0.01898305658882525,0.05229248940952157,0.01647363594707163,0.19952623137977496,7.776815481389507e-12,1.1704122768560317e-06,1.13680147652147e-06,6.623260756874013e-16,0.9937248127627555,0.971282974053747,0.011019544583835614,0.011019531382381334,0.04796140638614115,0.018560970796604976,0.19952623149688797,5.313751694689535e-07,0.0653954033084608,0.06510817494712184,3.0778408371074226e-06,0.9952185383599128,0.9956078665964135,1288.5972588271834
sparse_bayesian_keep25_proposed_rep00_seed12026,sparse,bayesian_keep25,proposed,0,12026,34,34,68,natural_mean,40,1,50,23.0,-74,1024,4,1000.0,10,paper_reference_kkt,update,coordinated_aggregate,True,bayesian,0.25,19511,0.1343,2.312063322059462,0.15439589548259972,0.1343,2.312063322059462,0.15439589548259972,0.152,2.275998841764536,0.13031780797988174,4.032505015682273,2.0124426563027833,2.0200623593794895,9.999999999998355e-05,10000.000000001644,9999.999999627735,10000.000000664493,2.2125393015375144e-08,6.198011121871158e-06,6.644932000199333e-07,0.06408288560327251,0.003529767505824566,0.0,0.0,0.0,9.761568649122688e-07,1.1701740731950849e-07,39022,1326748,40,1360,0.019204023510212213,0.019204026593004346,0.050887153647913234,0.018657286306464925,0.19952623149688797,5.349841959837198e-07,0.064028009589528,0.06408288744863616,1.5393913760121823e-06,0.9944410800507093,0.9854417065409433,0.023508716743870943,0.02350871590766975,0.05120661398475411,0.018314393264193988,0.19952623141476608,6.780887425328678e-12,1.0063203624918995e-06,9.761571904347026e-07,4.959350101841723e-16,0.9933940604041225,0.9700263140443276,0.014899330276553484,0.014899337278338939,0.05056769331107236,0.019000179348735862,0.19952623149688797,5.349841959407463e-07,0.0640280095816199,0.0640828874412014,3.07878275152843e-06,0.995488099697296,1.0008570990375592,1327.4562994441949
sparse_bayesian_keep25_proposed_rep00_seed12026,sparse,bayesian_keep25,proposed,0,12026,35,35,70,natural_mean,40,1,50,23.0,-74,1024,4,1000.0,10,paper_reference_kkt,update,coordinated_aggregate,True,bayesian,0.25,19511,0.1601,2.2838795474792084,0.08977024757921696,0.1601,2.2838795474792084,0.08977024757921696,0.1582,2.283909753727739,0.10772924198657276,4.0455316259183185,2.0207710410207214,2.0247605848975967,9.99999999999827e-05,10000.000000001732,9999.999999623482,10000.00000066899,2.2507669086139226e-08,6.306292436486993e-06,6.689897418254986e-07,0.05872751679338243,0.004094414412975311,0.0,0.0,0.0,1.1321567823233202e-06,1.2129930837545544e-07,39022,1365770,40,1400,0.02192311602916147,0.021923124110499168,0.04775584552885477,0.01709459182074438,0.19952623149688797,5.371766995470423e-07,0.058512310216979994,0.0587275150872353,1.5381633355418735e-06,0.9940048046121566,0.9883077900810588,0.01977753985078187,0.019777527808873787,0.04974648168863569,0.016359615830478534,0.19952623057128566,7.811330760454525e-12,1.16364669404476e-06,1.1321557404805878e-06,6.583541795926433e-16,0.9924746438224821,0.9729376706622698,0.024068692207541077,0.024068720412124548,0.045765209369073856,0.017829567811010225,0.19952623149688797,5.371766994902483e-07,0.05851231020540915,0.05872751507632239,3.0763266704253927e-06,0.9955349654018311,1.003677909499848,1367.5402444279753
sparse_bayesian_keep25_proposed_rep00_seed12026,sparse,bayesian_keep25,proposed,0,12026,36,36,72,natural_mean,40,1,50,23.0,-74,1024,4,1000.0,10,paper_reference_kkt,update,coordinated_aggregate,True,bayesian,0.25,19511,0.1513,2.2511501512930003,0.11584624217629433,0.1513,2.2511501512930003,0.11584624217629433,0.1581,2.2611366721324417,0.12192398761659859,4.007455109127948,2.0110369907932775,1.9964181183346699,9.999999999998213e-05,10000.00000000179,9999.999999634252,10000.000000738171,2.2869947200468054e-08,6.408456907877446e-06,7.381713658105582e-07,0.059261166743614396,0.0033357632346451283,0.0,0.0,0.0,1.0022221298009853e-06,1.6266312741208822e-07,39022,1404792,40,1440,0.019645958065592595,0.019645951622689853,0.04214574399550166,0.01748118310414276,0.19952623149688797,5.319118796155231e-07,0.059679914971685746,0.0592611661609009,1.5387043576689835e-06,0.994458374556666,0.9785581863214037,0.02028963638154291,0.020289630216672606,0.046738312859026486,0.01708118038564084,0.19952623132822828,6.812837617738838e-12,1.0395066622542782e-06,1.0022225811767544e-06,5.110306011665521e-16,0.9937789302433278,0.9641328749130192,0.01900227974964228,0.019002273028707096,0.03755317513197683,0.01788118582264468,0.19952623149688797,5.31911879571893e-07,0.05967991496263267,0.059261166152426124,3.0774087148269363e-06,0.9951378188700043,0.992983497729788,1405.8912671208382
sparse_bayesian_keep25_proposed_rep00_seed12026,sparse,bayesian_keep25,proposed,0,12026,37,37,74,natural_mean,40,1,50,23.0,-74,1024,4,1000.0,10,paper_reference_kkt,update,coordinated_aggregate,True,bayesian,0.25,19511,0.1604,2.264928239654979,0.10089310057342056,0.1604,2.264928239654979,0.10089310057342056,0.1603,2.27443272329068,0.11761532750427722,4.014582268807807,2.0119331238521023,2.002649144955705,9.999999999998125e-05,10000.000000001877,9999.999999629905,10000.000000851667,2.3328297488734587e-08,6.538043359171818e-06,8.516672096448019e-07,0.05622691068724383,0.003275938332080841,0.0,0.0,0.0,1.1416900617350254e-06,1.7313686839770526e-07,39022,1443814,40,1480,0.015755168569002508,0.01575517975273905,0.059808835439422364,0.018979229382523895,0.19952623149688797,5.332871128566858e-07,0.055578314704116935,0.05622690856236567,1.5383519274416919e-06,0.9950708509403136,0.9903597468624171,0.01143133738959595,0.01143133812253217,0.05896086189929473,0.017997799855056812,0.19952623122226074,7.561599014052613e-12,1.1781547147879846e-06,1.1416903038316524e-06,6.268514086980371e-16,0.9946394185261184,0.9690495359652576,0.020078999748409068,0.020079021382945927,0.060656808979549996,0.019960658909990974,0.19952623149688797,5.33287112803077e-07,0.05557831469162962,0.056226908550774626,3.0767038542565323e-06,0.9955022833545087,1.0116699577595767,1443.581333662849
sparse_bayesian_keep25_proposed_rep00_seed12026,sparse,bayesian_keep25,proposed,0,12026,38,38,76,natural_mean,40,1,50,23.0,-74,1024,4,1000.0,10,paper_reference_kkt,update,coordinated_aggregate,True,bayesian,0.25,19511,0.1408,2.262296474100573,0.1294154543909431,0.1408,2.262296474100573,0.1294154543909431,0.158,2.26753910147264,0.126645230345428,3.975404368148409,1.9936381906922716,1.981766177456137,9.999999999998064e-05,10000.000000001934,9999.999999648102,10000.000000847294,2.3685644903212616e-08,6.638879955522378e-06,8.472943591186777e-07,0.06269191662452585,0.0036818981170654297,0.0,0.0,0.0,9.756173837318764e-07,1.1407973943278193e-07,39022,1482836,40,1520,0.017887541759448594,0.017887547870337674,0.04018261710374112,0.01915865830376577,0.19952623149688797,5.30778350137675e-07,0.06292561616183141,0.06269191960071581,1.5383367347779604e-06,0.9943227542777013,0.9788972429784643,0.019502700068036373,0.019502704145564154,0.04144616291436552,0.018963316681878253,0.1995262314802395,6.807419542947891e-12,1.0146737340210088e-06,9.756173170985606e-07,5.033375204554291e-16,0.9934254679392354,0.9615083416435243,0.016272383450860815,0.016272391595111197,0.038919071293116704,0.019353999925653294,0.19952623149688797,5.307783500940213e-07,0.06292561615365062,0.06269191959312449,3.0766734690525833e-06,0.9952200406161673,0.9962861443134042,1482.341373339761
sparse_bayesian_keep25_proposed_rep00_seed12026,sparse,bayesian_keep25,proposed,0,12026,39,39,78,natural_mean,40,1,50,23.0,-74,1024,4,1000.0,10,paper_reference_kkt,update,coordinated_aggregate,True,bayesian,0.25,19511,0.1549,2.282828830272914,0.10992254542723295,0.1549,2.282828830272914,0.10992254542723295,0.1556,2.3105102680588976,0.12748742827028037,4.063145442227009,2.040471006814339,2.0226744354126702,9.999999999997958e-05,10000.000000002045,9999.999999634474,10000.000000773278,2.4215156478715188e-08,6.788810447178338e-06,7.732778612989932e-07,0.08188070065314325,0.005595948547124863,0.0,0.0,0.0,1.1781125196738325e-06,1.0902840585913509e-07,39022,1521858,40,1560,0.010829373544729768,0.01082937170369547,0.05315551644048083,0.018218658121847104,0.19952623149688797,5.288179063734374e-07,0.08219179568684734,0.08188069982580437,1.5437753993467314e-06,0.9934141982784414,0.9845589433864321,0.014029209398218279,0.014029205675338965,0.05530006470916115,0.016856717795625482,0.19952623116839788,8.083295696109998e-12,1.2109245381929124e-06,1.1781119625630893e-06,7.127176692775084e-16,0.991693279354747,0.9729028564748073,0.007629537691241257,0.007629537732051976,0.05101096817180052,0.019580598448068726,0.19952623149688797,5.288179063116584e-07,0.08219179567792712,0.08188069981732894,3.087550797980745e-06,0.9951351172021357,0.996215030298057,1522.5613454831764
sparse_bayesian_keep25_proposed_rep00_seed12026,sparse,bayesian_keep25,proposed,0,12026,40,40,80,natural_mean,40,1,50,23.0,-74,1024,4,1000.0,10,paper_reference_kkt,update,coordinated_aggregate,True,bayesian,0.25,19511,0.1402,2.280321177459795,0.14240080635815855,0.1402,2.280321177459795,0.14240080635815855,0.1544,2.2758970501593163,0.13838488899618387,3.9907144262112872,1.993956188179153,1.9967582380321345,9.999999999997943e-05,10000.000000002057,9999.999999570618,10000.000000765105,2.456365566642406e-08,6.886130965337469e-06,7.651051419088617e-07,0.07779625811466175,0.003849584609270096,0.0,0.0,0.0,1.014020633699304e-06,1.7005913832690567e-07,39022,1560880,40,1600,0.011644534128257214,0.011644535858475594,0.04262353630620043,0.018030080088110453,0.19952623149688797,5.293668653408896e-07,0.07789718430575575,0.07779625875175981,1.541199578658117e-06,0.9945339942281328,0.984538059595246,0.013254639163106726,0.013254642711213103,0.04712883162014008,0.017648172950029333,0.1995262311185165,6.7699861470504174e-12,1.0449827838566794e-06,1.0140217335892504e-06,5.022322988423081e-16,0.9934174488486134,0.9703717264481757,0.010034429093407701,0.010034429005738083,0.03811824099226078,0.018411987226191577,0.19952623149688797,5.293668652975996e-07,0.07789718429874658,0.07779625874515127,3.082399156814002e-06,0.9956505396076523,0.9987043927423163,1560.7373178107664
sparse_bayesian_keep25_proposed_rep00_seed12026,sparse,bayesian_keep25,proposed,0,12026,41,41,82,natural_mean,40,1,50,23.0,-74,1024,4,1000.0,10,paper_reference_kkt,update,coordinated_aggregate,True,bayesian,0.25,19511,0.1628,2.2668706178797025,0.10108657144345344,0.1628,2.2668706178797025,0.10108657144345344,0.1611,2.2788001989304796,0.12444313922822474,4.031053739513602,2.021271428057024,2.009782311456578,9.999999999997839e-05,10000.00000000216,9999.999999456952,10000.000000873653,2.5066010377450938e-08,7.028439433589417e-06,8.736533345654607e-07,0.06676429101203088,0.0034455209970474243,0.0,0.0,0.0,1.1384254746197599e-06,1.544358383398503e-07,39022,1599902,40,1640,0.013485279625016007,0.013485276968987084,0.0351892171365938,0.016565448788783126,0.19952623149688797,5.312969264483574e-07,0.06663042818056453,0.06676428950249189,1.5406029449483065e-06,0.995288241525375,0.9877911391798531,0.011728430951647837,0.011728423861855294,0.03817480555092836,0.01636081825468275,0.19952623131513472,7.537224924693438e-12,1.16932681762653e-06,1.1384253467885407e-06,6.213373597487836e-16,0.9955435137428453,0.9735732182285181,0.015242128298384176,0.015242130076118875,0.03220362872225924,0.016770079322883505,0.19952623149688797,5.31296926394894e-07,0.06663042817030401,0.06676428949278601,3.081205889275276e-06,0.9950329693079046,1.0020090601311882,1597.9101778059267
sparse_bayesian_keep25_proposed_rep00_seed12026,sparse,bayesian_keep25,proposed,0,12026,42,42,84,natural_mean,40,1,50,23.0,-74,1024,4,1000.0,10,paper_reference_kkt,update,coordinated_aggregate,True,bayesian,0.25,19511,0.1491,2.259959260049348,0.1277420604276657,0.1491,2.259959260049348,0.1277420604276657,0.1607,2.2578787058659224,0.12800078754127026,3.9666352471110837,1.9896400231727314,1.9769952239383524,9.999999999997783e-05,10000.000000002217,9999.999999465892,10000.000000903432,2.5387748104712163e-08,7.119350516603041e-06,9.034320100909099e-07,0.06552886014936342,0.0034358836710453033,0.0,0.0,0.0,9.726783766496554e-07,9.667201084084809e-08,39022,1638924,40,1680,0.015310951561426646,0.015310954566096501,0.04950162273761953,0.019563926037176688,0.19952623149688797,5.326350989337757e-07,0.06577954748584115,0.06552886066009816,1.5395268095784058e-06,0.9952079790984287,0.985556089975749,0.01613903371356315,0.01613904851073564,0.0546449347787089,0.01988660395795035,0.19952623149223084,6.67386937121775e-12,9.976979172069638e-07,9.72678945367747e-07,4.759012458290153e-16,0.9948034644421704,0.9749232538041235,0.014482869409290142,0.01448286062145736,0.044358310696530165,0.01924124811640303,0.19952623149688797,5.326350988919643e-07,0.06577954747827497,0.06552886065287918,3.0790536186809103e-06,0.995612493754687,0.9961889261473743,1635.2902915901504
sparse_bayesian_keep25_proposed_rep00_seed12026,sparse,bayesian_keep25,proposed,0,12026,43,43,86,natural_mean,40,1,50,23.0,-74,1024,4,1000.0,10,paper_reference_kkt,update,coordinated_aggregate,True,bayesian,0.25,19511,0.1666,2.262752750815235,0.1034685304518044,0.1666,2.262752750815235,0.1034685304518044,0.1636,2.270236073201346,0.12738078479915857,4.008085437418215,1.9961696624755858,2.0119157749426293,9.999999999997698e-05,10000.000000002303,9999.999999472215,10000.000000975733,2.5711846649480753e-08,7.211631095373792e-06,9.757332009030506e-07,0.0632778215188193,0.003698095679283142,0.0,0.0,0.0,1.111457702691133e-06,1.490643626311794e-07,39022,1677946,40,1720,0.015210268878978025,0.01521026749159868,0.05406706619166,0.018394681467547226,0.19952623149688797,5.349056554029516e-07,0.06296331789260393,0.06327782086832415,1.5408043657187115e-06,0.9945913966613629,0.9897942950491108,0.01263631273213069,0.012636317872528023,0.05725129705965642,0.017662746785965557,0.19952623070442405,7.570492152380016e-12,1.14043194556311e-06,1.1114576926896095e-06,6.236292833685983e-16,0.9944545371245551,0.9745935867747216,0.01778422502582536,0.017784217110669336,0.050882835323663576,0.019126616149128896,0.19952623149688797,5.349056553493792e-07,0.06296331788227581,0.06327782085856293,3.0816087308137937e-06,0.9947282561981706,1.0049950033235,1673.9962659617886
sparse_bayesian_keep25_proposed_rep00_seed12026,sparse,bayesian_keep25,proposed,0,12026,44,44,88,natural_mean,40,1,50,23.0,-74,1024,4,1000.0,10,paper_reference_kkt,update,coordinated_aggregate,True,bayesian,0.25,19511,0.1493,2.274428967157398,0.14396808582872153,0.1493,2.274428967157398,0.14396808582872153,0.1647,2.251902343526321,0.12423203181624415,3.946228201394052,1.9729722225879338,1.9732559788061181,9.999999999997646e-05,10000.000000002354,9999.999999510452,10000.000001030076,2.596589426232451e-08,7.283536341395311e-06,1.030075509333983e-06,0.06528436403783404,0.003574281930923462,0.0,0.0,0.0,9.931486844760027e-07,1.4268880477175117e-07,39022,1716968,40,1760,0.017549138275488332,0.017549132994955648,0.05155080593117062,0.02024321125607969,0.19952623149688797,5.367650912707391e-07,0.06539838388732151,0.0652843660858834,1.541098643966904e-06,0.9940687519352208,0.9808297328370852,0.016413332598982526,0.01641332666215328,0.05068630767495976,0.019667659513186917,0.19952623054146082,6.7235962896227e-12,1.0308762832847924e-06,9.931492395939597e-07,4.847525702017036e-16,0.9936526615833492,0.9634028984799525,0.01868494395199414,0.01868493932775802,0.052415304187381474,0.020818762998972465,0.19952623149688797,5.367650912286288e-07,0.06539838387919665,0.06528436607832917,3.0821972874490553e-06,0.9944848422870924,0.9982565671942177,1713.9722744347528
sparse_bayesian_keep25_proposed_rep00_seed12026,sparse,bayesian_keep25,proposed,0,12026,45,45,90,natural_mean,40,1,50,23.0,-74,1024,4,1000.0,10,paper_reference_kkt,update,coordinated_aggregate,True,bayesian,0.25,19511,0.159,2.2727517228921283,0.13738004845649007,0.159,2.2727517228921283,0.13738004845649007,0.1641,2.2692668745263918,0.13297228808850048,3.972406608778724,1.9816809720594888,1.9907256367192354,9.999999999997579e-05,10000.00000000242,9999.999999545262,10000.000000966174,2.6233856084358455e-08,7.35982183167812e-06,9.661744115874171e-07,0.06668165737410298,0.003758959472179413,0.0,0.0,0.0,1.0799935780468443e-06,1.178505044663325e-07,39022,1755990,40,1800,0.01701208487490521,0.017012081218336254,0.05176534015616223,0.018184196757625035,0.19952623149688797,5.318088165493301e-07,0.06632954002659629,0.06668165635458419,1.541538555310735e-06,0.9942106936762058,0.9880213117960557,0.017650195617305107,0.017650186068371706,0.04947143168334593,0.01705377329785529,0.19952623131652822,7.407559925990521e-12,1.112552770360145e-06,1.079992813267094e-06,5.967016935963881e-16,0.9940402950262481,0.9707340439263409,0.016373974132505315,0.0163739763683008,0.054059248628978526,0.01931462021739478,0.19952623149688797,5.318088164977402e-07,0.0663295400172658,0.06668165634583827,3.0830771100247685e-06,0.9943810923261636,1.0053085796657704,1751.806254768744
sparse_bayesian_keep25_proposed_rep00_seed12026,sparse,bayesian_keep25,proposed,0,12026,46,46,92,natural_mean,40,1,50,23.0,-74,1024,4,1000.0,10,paper_reference_kkt,update,coordinated_aggregate,True,bayesian,0.25,19511,0.1605,2.260288364461923,0.12652671883627772,0.1605,2.260288364461923,0.12652671883627772,0.1661,2.2501250278924596,0.12880059597194196,3.9223566749223897,1.9539655025626272,1.9683911723597622,9.999999999997566e-05,10000.000000002436,9999.999999607588,10000.000000985969,2.64357166766336e-08,7.416310151007578e-06,9.859686542768031e-07,0.06647985221937072,0.003435567021369934,0.0,0.0,0.0,9.434095944164464e-07,1.4517900126520544e-07,39022,1795012,40,1840,0.02106508287309535,0.021065071687477205,0.03629941997882864,0.016725897382209788,0.19952623149688797,5.30655889517378e-07,0.06654143625606646,0.06647985479470245,1.5413125943872858e-06,0.9947280958593087,0.9850262645079708,0.025704396977667306,0.025704390478066875,0.035815743242983505,0.016613476130754676,0.1995262314881292,6.5750323376508e-12,9.71607683198405e-07,9.434097133067448e-07,4.700173485966313e-16,0.9939807383488178,0.9709780290970096,0.01642576876852339,0.016425752896887535,0.03678309671467377,0.016838318633664903,0.19952623149688797,5.306558894766444e-07,0.06654143624897296,0.06647985478800852,3.0826251883045543e-06,0.9954754533697995,0.9990744999189319,1792.168294198811
sparse_bayesian_keep25_proposed_rep00_seed12026,sparse,bayesian_keep25,proposed,0,12026,47,47,94,natural_mean,40,1,50,23.0,-74,1024,4,1000.0,10,paper_reference_kkt,update,coordinated_aggregate,True,bayesian,0.25,19511,0.1655,2.249774631411666,0.12227748926043508,0.1655,2.249774631411666,0.12227748926043508,0.1668,2.2580929709048787,0.13214288394600154,3.9599040389771964,1.9868528946256543,1.9730511443515422,9.99999999999748e-05,10000.00000000252,9999.99999955835,10000.000000987713,2.6870420702182005e-08,7.539463444382223e-06,9.877130651148036e-07,0.06088534740922186,0.0035033226013183594,0.0,0.0,0.0,1.0751359722617551e-06,1.2105738278478384e-07,39022,1834034,40,1880,0.01687535213201237,0.016875357499861177,0.058304057482248615,0.019463524503655454,0.19952623149688797,5.316439813674088e-07,0.06042464190056473,0.060885347957365867,1.5410024956068265e-06,0.9942622724938524,0.9908838901724405,0.011492353735864144,0.01149234337140717,0.058472960436282376,0.018408095301076885,0.19952623109951273,7.478767166948608e-12,1.1036737159059656e-06,1.0751363881692712e-06,6.050266787896587e-16,0.9939474381763355,0.9741433060288913,0.022258350528160598,0.022258371628315187,0.058135154528214855,0.020518953706234026,0.19952623149688797,5.316439813148059e-07,0.06042464189048527,0.060885347947873286,3.082004990608626e-06,0.9945771068113692,1.0076244743159897,1831.0752702117898
sparse_bayesian_keep25_proposed_rep00_seed12026,sparse,bayesian_keep25,proposed,0,12026,48,48,96,natural_mean,40,1,50,23.0,-74,1024,4,1000.0,10,paper_reference_kkt,update,coordinated_aggregate,True,bayesian,0.25,19511,0.1721,2.2426358386377814,0.0997096418504417,0.1721,2.2426358386377814,0.0997096418504417,0.1705,2.244128102938617,0.12204374400377274,3.9201878811208672,1.956938240779323,1.9632496403415443,9.999999999997428e-05,10000.00000000257,9999.999999577856,10000.000001015655,2.719946483812607e-08,7.632311027952443e-06,1.0156545613426715e-06,0.06383392532375493,0.003273114562034607,0.0,0.0,0.0,9.523119969499099e-07,9.553150448482484e-08,39022,1873056,40,1920,0.022096260925904113,0.022096258906924196,0.04954450046913339,0.019344548106494046,0.19952623149688797,5.315675840075401e-07,0.06406332073963521,0.06383392632521886,1.54248750963321e-06,0.9938597396350274,0.9768859240531302,0.02739085276083746,0.0273908483885744,0.05610811835920882,0.018827197421836184,0.1995262314833609,6.646873728893122e-12,9.947350043910712e-07,9.52312125243094e-07,4.853080535534409e-16,0.9927896871194976,0.957352599157988,0.016801669090970767,0.016801669425273995,0.042980882579057966,0.019861898791151904,0.19952623149688797,5.315675839659829e-07,0.0640633207319124,0.06383392631811528,3.084975018781112e-06,0.9949297921505572,0.9964192489482725,1868.5023434441537
sparse_bayesian_keep25_proposed_rep00_seed12026,sparse,bayesian_keep25,proposed,0,12026,49,49,98,natural_mean,40,1,50,23.0,-74,1024,4,1000.0,10,paper_reference_kkt,update,coordinated_aggregate,True,bayesian,0.25,19511,0.1648,2.266972248118468,0.13069531933665274,0.1648,2.266972248118468,0.13069531933665274,0.1664,2.2697535074777972,0.13195939563512804,3.9833975008894384,1.9976653040284897,1.9857321968609487,9.999999999997322e-05,10000.000000002676,9999.999999566366,10000.0000009878,2.7595624074607708e-08,7.745297180357755e-06,9.878003766061738e-07,0.07267927091873126,0.004100866615772247,0.0,0.0,0.0,1.0987270286661672e-06,1.200442056870088e-07,39022,1912078,40,1960,0.009170912399101058,0.00917091355335701,0.06721880570445038,0.0205657938233579,0.19952623149688797,5.337089615799154e-07,0.0725494169677548,0.07267926798557275,1.542083691130794e-06,0.994449688187701,0.9897108872672995,0.009208509262656588,0.00920850197704091,0.06770218011373393,0.019467218249934092,0.19952623128034808,7.494124052240133e-12,1.1238664509848946e-06,1.0987276929672892e-06,6.177986219604352e-16,0.9943049970458997,0.9776319304329838,0.009133315535545528,0.00913332512967311,0.06673543129516683,0.02166436939678171,0.19952623149688797,5.337089615273006e-07,0.07254941695904987,0.07267926797726776,3.0841673816437893e-06,0.9945943793295023,1.0017898441016153,1905.7192068290897
sparse_bayesian_keep25_proposed_rep00_seed12026,sparse,bayesian_keep25,proposed,0,12026,50,50,100,natural_mean,40,1,50,23.0,-74,1024,4,1000.0,10,paper_reference_kkt,update,coordinated_aggregate,True,bayesian,0.25,19511,0.1443,2.2646431150454833,0.14908124910861253,0.1443,2.2646431150454833,0.14908124910861253,0.1657,2.2546429526111664,0.13576797892004253,3.9262102017108775,1.9626154764983101,1.9635947252125674,9.999999999997286e-05,10000.000000002714,9999.999999500282,10000.000000938915,2.7824320861700607e-08,7.809940712914717e-06,9.389150363858789e-07,0.07345151514024655,0.0033197030425071716,0.0,0.0,0.0,9.655077623079078e-07,1.6285412129946053e-07,39022,1951100,40,2000,0.018418212371113418,0.018418205587619793,0.044023301932662615,0.01793422183573698,0.19952623149688797,5.340656075569098e-07,0.07380371255165855,0.07345152195702209,1.5440049125205487e-06,0.9943279620341324,0.9776912839199474,0.01924446239675009,0.019244454021346637,0.041981563631610916,0.0174684903886376,0.19952623096936964,6.6119607647932864e-12,1.0055758636016752e-06,9.655082668845112e-07,4.666339963110233e-16,0.9937518661687585,0.9601545847294607,0.017591962345476744,0.01759195715389295,0.04606504023371431,0.018399953282836362,0.19952623149688797,5.340656075159804e-07,0.07380371254480807,0.07345152195067636,3.0880098245744636e-06,0.9949040578995063,0.9952279831104343,1942.8683193158358
sparse_bayesian_keep25_proposed_rep00_seed12026,sparse,bayesian_keep25,proposed,0,12026,51,51,102,natural_mean,40,1,50,23.0,-74,1024,4,1000.0,10,paper_reference_kkt,update,coordinated_aggregate,True,bayesian,0.25,19511,0.1687,2.238679722826037,0.11723720905512572,0.1687,2.238679722826037,0.11723720905512572,0.1722,2.25149615946965,0.12500560740083455,3.982080313984016,1.9897715468055923,1.9923087671784236,9.99999999999719e-05,10000.00000000281,9999.999999490257,10000.000000876069,2.8211553015519782e-08,7.920202640434987e-06,8.760689524933696e-07,0.06697078974377217,0.0038068294525146484,0.0,0.0,0.0,1.055126140685481e-06,1.0277290130034089e-07,39022,1990122,40,2040,0.013885296860696422,0.01388530159005707,0.05271756167495542,0.01822405244312584,0.19952623149688797,5.363195170583426e-07,0.06671828172838397,0.06697078879264852,1.5426273217251919e-06,0.994079141257827,0.989471067478513,0.015029397478000367,0.015029400332700895,0.05417173346728053,0.017184608678946518,0.19952623091778163,7.304058897616764e-12,1.0820049551022655e-06,1.0551250774686215e-06,5.789545575654333e-16,0.9936185722314617,0.9751574060791697,0.012741196243392476,0.012741202847413246,0.05126338988263031,0.019263496207305157,0.19952623149688797,5.363195170086061e-07,0.06671828171961025,0.06697078878433677,3.085254642871429e-06,0.9945397102841924,1.0037847288778563,1981.0963383670896
sparse_bayesian_keep25_proposed_rep00_seed12026,sparse,bayesian_keep25,proposed,0,12026,52,52,104,natural_mean,40,1,50,23.0,-74,1024,4,1000.0,10,paper_reference_kkt,update,coordinated_aggregate,True,bayesian,0.25,19511,0.1601,2.2552915270866136,0.1352296120762825,0.1601,2.2552915270866136,0.1352296120762825,0.1711,2.2411977396164002,0.12794288039654494,3.9047398861075493,1.9551842024027708,1.9495556837047783,9.999999999997138e-05,10000.000000002863,9999.999999481865,10000.000000920456,2.849926093638492e-08,8.00158744763536e-06,9.204559319186956e-07,0.06606999690082012,0.0032745972275733948,0.0,0.0,0.0,9.654155263604855e-07,1.5914338291622698e-07,39022,2029144,40,2080,0.014849872045945352,0.014849872804759563,0.041391006487092374,0.017312640617628945,0.19952623149688797,5.360906348306549e-07,0.06628830384161313,0.06606999652073374,1.5434193824568306e-06,0.9950465922069649,0.9831039649541203,0.014456910228394312,0.014456913027537896,0.039834444935642394,0.016846194928613296,0.19952623061832414,6.569252840484885e-12,9.957862630992863e-07,9.654160219930427e-07,4.669352023434749e-16,0.9948850375639484,0.9695012379356507,0.015242833863496391,0.01524283258198123,0.04294756803854236,0.017779086306644598,0.19952623149688797,5.360906347904051e-07,0.06628830383413375,0.0660699965136804,3.086838764446726e-06,0.9952081468499814,0.99670669197259,2019.9953966168687
sparse_bayesian_keep25_proposed_rep00_seed12026,sparse,bayesian_keep25,proposed,0,12026,53,53,106,natural_mean,40,1,50,23.0,-74,1024,4,1000.0,10,paper_reference_kkt,update,coordinated_aggregate,True,bayesian,0.25,19511,0.1624,2.242974515997366,0.14444573400810357,0.1624,2.242974515997366,0.14444573400810357,0.1724,2.2427526090903593,0.12630988700389864,3.933161752598423,1.95999893089886,1.9731628216995631,9.999999999997074e-05,10000.000000002925,9999.99999948277,10000.000000935868,2.8886220082383915e-08,8.110910510578446e-06,9.358682291349396e-07,0.06260947729103948,0.00403132289648056,0.0,0.0,0.0,1.062346018485692e-06,1.1724659998435527e-07,39022,2068166,40,2120,0.017572884478559474,0.017572887422644984,0.056943478729349045,0.018319903338831177,0.19952623149688797,5.307797894502361e-07,0.062174143861478535,0.06260947989688412,1.5440388682831052e-06,0.994029035373784,0.9901588432435227,0.015326515528107213,0.01532651612289162,0.06053372082295415,0.01775801897516428,0.19952623146227724,7.1486660324758635e-12,1.0914705936099431e-06,1.0623456001883943e-06,5.58725127769919e-16,0.9934392403196424,0.9733158407952162,0.019819253429011734,0.01981925872239835,0.05335323663574394,0.018881787702498074,0.19952623149688797,5.307797894020962e-07,0.06217414385189812,0.06260947988787129,3.0880777360074855e-06,0.9946188304279256,1.0070018456918293,2059.109309563879
sparse_bayesian_keep25_proposed_rep00_seed12026,sparse,bayesian_keep25,proposed,0,12026,54,54,108,natural_mean,40,1,50,23.0,-74,1024,4,1000.0,10,paper_reference_kkt,update,coordinated_aggregate,True,bayesian,0.25,19511,0.1605,2.234766826162464,0.1293489840053022,0.1605,2.234766826162464,0.1293489840053022,0.1704,2.2370147103108766,0.13456149151474242,3.8642946144695545,1.9402492250173273,1.9240453894522271,9.999999999997024e-05,10000.000000002978,9999.999999398646,10000.000000977894,2.9245996878473015e-08,8.212398727678066e-06,9.77894160314463e-07,0.061164072136489354,0.0048088133335113525,0.0,0.0,0.0,9.494058810455087e-07,1.325952325714752e-07,39022,2107188,40,2160,0.018685907482850934,0.018685898823134386,0.04936346891016234,0.018169468540982302,0.19952623149688797,5.344681988343447e-07,0.06151859587747337,0.061164067792872485,1.5440110054686402e-06,0.9940963003224188,0.9770234163308302,0.018109459807902847,0.018109450631013674,0.048378416473392194,0.01749911894492065,0.19952623144653941,6.603918821719791e-12,9.89161060064832e-07,9.494064254068978e-07,4.69196604658834e-16,0.9932302768043919,0.959809775110512,0.01926235515779902,0.0192623470152551,0.0503485213469325,0.01883981813704395,0.19952623149688797,5.344681987935454e-07,0.06151859586952098,0.061164067785504005,3.088022010468084e-06,0.9949623238404458,0.9942370575511483,2097.3582748607732
sparse_bayesian_keep25_proposed_rep00_seed12026,sparse,bayesian_keep25,proposed,0,12026,55,55,110,natural_mean,40,1,50,23.0,-74,1024,4,1000.0,10,paper_reference_kkt,update,coordinated_aggregate,True,bayesian,0.25,19511,0.167,2.2281824288263286,0.13907180079281328,0.167,2.2281824288263286,0.13907180079281328,0.1758,2.2358804447300162,0.12435145454853774,3.9330219458396107,1.9721664292200898,1.960855516619521,9.999999999996924e-05,10000.000000003078,9999.999999409294,10000.000001042588,2.9755144653817576e-08,8.356728998234058e-06,1.042588337440975e-06,0.059225499732391995,0.0030127689242362976,0.0,0.0,0.0,1.085500894035348e-06,1.1946031008847058e-07,39022,2146210,40,2200,0.020481881128410467,0.020481879037918097,0.056902974392379915,0.01898509448017404,0.19952623149688797,5.340768902275169e-07,0.05899601428617815,0.05922550407429557,1.544816789737108e-06,0.9932993330423419,0.9872014943782159,0.014896334070583005,0.014896331778523777,0.059126537170798465,0.01775674831899167,0.19952623114512874,7.39355475778827e-12,1.1184817680785376e-06,1.0855011079912082e-06,5.927470531919655e-16,0.9927651141434691,0.9705129831687406,0.026067428186237928,0.02606742629731242,0.05467941161396136,0.020213440641356408,0.19952623149688797,5.340768901763401e-07,0.05899601427557572,0.059225504064347886,3.089633578881469e-06,0.9938335519412146,1.0038900055876914,2134.3163312347606
sparse_bayesian_keep25_proposed_rep00_seed12026,sparse,bayesian_keep25,proposed,0,12026,56,56,112,natural_mean,40,1,50,23.0,-74,1024,4,1000.0,10,paper_reference_kkt,update,coordinated_aggregate,True,bayesian,0.25,19511,0.1613,2.244187618997532,0.12775118138030175,0.1613,2.244187618997532,0.12775118138030175,0.1725,2.2375363624206086,0.13364141698926688,3.8370191145606825,1.9138434332360328,1.9231756813246494,9.999999999996901e-05,10000.0000000031,9999.999999450154,10000.000001052518,3.012909580019209e-08,8.46127484230521e-06,1.0525182005949318e-06,0.06180028529691568,0.0027725547552108765,0.0,0.0,0.0,9.675600857835925e-07,1.2290365702938288e-07,39022,2185232,40,2240,0.01642332570564997,0.016423322241836513,0.04616721179403861,0.018317105889362355,0.19952623149688797,5.354749803570123e-07,0.06228254588736952,0.06180028789740085,1.5434246346933603e-06,0.9943877537836733,0.9792404680899232,0.01669563230336961,0.016695628180698086,0.04617328371826019,0.017555310638464862,0.19952623113895615,6.602410491782441e-12,1.001382819710964e-06,9.675600698049483e-07,4.749164495405173e-16,0.9938212573876969,0.9662239954511085,0.01615101910793033,0.01615101630297494,0.04616113986981703,0.019078901140259844,0.19952623149688797,5.354749803163084e-07,0.06228254587931937,0.06180028788982667,3.086849268911804e-06,0.9949542501796497,0.9922569407287378,2171.513270362746
sparse_bayesian_keep25_proposed_rep00_seed12026,sparse,bayesian_keep25,proposed,0,12026,57,57,114,natural_mean,40,1,50,23.0,-74,1024,4,1000.0,10,paper_reference_kkt,update,coordinated_aggregate,True,bayesian,0.25,19511,0.1749,2.2268834844823244,0.11786001926168799,0.1749,2.2268834844823244,0.11786001926168799,0.1733,2.247880951929887,0.13504810690283775,3.9191670893674817,1.952309395731325,1.9668576936361568,9.999999999996839e-05,10000.000000003161,9999.999999439702,10000.000001054643,3.0506708964995946e-08,8.56801939877499e-06,1.0546427802182734e-06,0.06997365966747443,0.0035015493631362915,0.0,0.0,0.0,1.0566542932179228e-06,1.3484532246366143e-07,39022,2224254,40,2280,0.013991640191321968,0.013991643016172043,0.05513533184900307,0.018151113626207797,0.19952623149688797,5.31664407485999e-07,0.06984719643095526,0.06997365714268694,1.5450566742012034e-06,0.9943751135967605,0.9887679209850125,0.01510081415091785,0.015100809380331648,0.05845630256838696,0.017823989175637815,0.1995262311828913,7.160550238269127e-12,1.0829422532568988e-06,1.0566542159119991e-06,5.581942853201903e-16,0.9940823846799915,0.9757253171364797,0.012882466231726085,0.012882476652012437,0.05181436112961919,0.018478238076777783,0.19952623149688797,5.316644074377792e-07,0.06984719642256004,0.06997365713470881,3.0901133478442124e-06,0.9946678425135295,1.0018105248335454,2209.4982557510957
sparse_bayesian_keep25_proposed_rep00_seed12026,sparse,bayesian_keep25,proposed,0,12026,58,58,116,natural_mean,40,1,50,23.0,-74,1024,4,1000.0,10,paper_reference_kkt,update,coordinated_aggregate,True,bayesian,0.25,19511,0.1676,2.246746226848992,0.12765254123419523,0.1676,2.246746226848992,0.12765254123419523,0.1735,2.2359455593235396,0.1318790374904871,3.862826148273931,1.9332049348956313,1.9296212133782995,9.9999999999968e-05,10000.000000003201,9999.999999452484,10000.000001009847,3.06408052454269e-08,8.606407343070413e-06,1.0098465281771496e-06,0.07112938260435182,0.003682110458612442,0.0,0.0,0.0,9.090720971381795e-07,9.602263162378222e-08,39022,2263276,40,2320,0.016228733379968843,0.016228745072014203,0.04473340572408534,0.01837515978939918,0.19952623149688797,5.317157664871605e-07,0.07155592161491109,0.07112938296796484,1.5459184391831901e-06,0.9946189831043736,0.9814596846347414,0.013908197896084697,0.013908212174822536,0.04106462806443842,0.0180630436123695,0.19952623122351115,6.388787553529893e-12,9.382710930907778e-07,9.090723721264597e-07,4.501283581091869e-16,0.9946358816335157,0.968880252539999,0.01854926886385299,0.01854927796920587,0.048402183383732256,0.01868727596642886,0.19952623149688797,5.317157664487785e-07,0.07155592160875959,0.07112938296215561,3.0918368779162517e-06,0.9946020845752315,0.9940391167294839,2248.653282147832
sparse_bayesian_keep25_proposed_rep00_seed12026,sparse,bayesian_keep25,proposed,0,12026,59,59,118,natural_mean,40,1,50,23.0,-74,1024,4,1000.0,10,paper_reference_kkt,update,coordinated_aggregate,True,bayesian,0.25,19511,0.1723,2.231259834395933,0.12953808047100898,0.1723,2.231259834395933,0.12953808047100898,0.1773,2.2309998623159375,0.13106621183753014,3.90557546027849,1.9490928740909033,1.9564825861875865,9.999999999996741e-05,10000.00000000326,9999.999999445705,10000.000001015062,3.0855234628581895e-08,8.667695830426676e-06,1.0150615707971156e-06,0.06288655078327136,0.0037244558334350586,0.0,0.0,0.0,1.07534583274591e-06,1.5475961845368147e-07,39022,2302298,40,2360,0.022084738360497583,0.022084747772032128,0.04814945180727948,0.017234942147408838,0.19952623149688797,5.34288558783366e-07,0.06225629064604505,0.06288654651226123,1.5455824121885421e-06,0.9941185084576105,0.9887278239376065,0.01847403896947612,0.018474036068545134,0.04891409504503408,0.016973818580164016,0.19952622947326648,7.18106928059601e-12,1.1116614579287438e-06,1.075345676717168e-06,5.611225795285953e-16,0.9939810052017746,0.967331985311298,0.02569543775151905,0.025695459475519117,0.047384808569524886,0.017496065714653664,0.19952623149688797,5.342885587351077e-07,0.062256290636120024,0.06288654650306716,3.091164823815962e-06,0.9942560117134464,1.010123662563915,2288.606276422739
sparse_bayesian_keep25_proposed_rep00_seed12026,sparse,bayesian_keep25,proposed,0,12026,60,60,120,natural_mean,40,1,50,23.0,-74,1024,4,1000.0,10,paper_reference_kkt,update,coordinated_aggregate,True,bayesian,0.25,19511,0.1745,2.227181748316373,0.11825617755025625,0.1745,2.227181748316373,0.11825617755025625,0.182,2.215680661290985,0.12252610566169024,3.8275921702147953,1.920064977717921,1.907527192496874,9.999999999996691e-05,10000.00000000331,9999.999999441614,10000.000001072634,3.112267592147117e-08,8.743472757424866e-06,1.0726344044087455e-06,0.05751742054465844,0.0028670839965343475,0.0,0.0,0.0,9.334992288140683e-07,1.411390257999301e-07,39022,2341320,40,2400,0.02146699126876594,0.02146697853032909,0.053788316241883155,0.020021867299146692,0.19952623149688797,5.339782423252714e-07,0.05816099718554374,0.05751741892919553,1.544002804393495e-06,0.9941730764300514,0.9712913990615579,0.025302002978488586,0.025302005472306918,0.05016799120448796,0.019036394768801482,0.1995262302903863,6.563381949673475e-12,9.788706337690065e-07,9.334983301642259e-07,4.660911205389341e-16,0.993282338024564,0.953648290867463,0.017631979559043297,0.017631951588351267,0.057408641279278354,0.021007339829491906,0.19952623149688797,5.339782422849346e-07,0.05816099717730636,0.05751741892162026,3.0880056083208988e-06,0.9950638148355389,0.9889345072556527,2326.7643275591545
sparse_bayesian_keep25_proposed_rep00_seed12026,sparse,bayesian_keep25,proposed,0,12026,61,61,122,natural_mean,40,1,50,23.0,-74,1024,4,1000.0,10,paper_reference_kkt,update,coordinated_aggregate,True,bayesian,0.25,19511,0.1803,2.207338161942996,0.1167668008469045,0.1803,2.207338161942996,0.1167668008469045,0.1813,2.2245375787275816,0.1306619973689318,3.8718886972658675,1.9299967270959206,1.941891970169947,9.999999999996622e-05,10000.000000003378,9999.999999431662,10000.000001098026,3.1409358596216746e-08,8.825142455049463e-06,1.098025677492842e-06,0.05660191723806271,0.003486067056655884,0.0,0.0,0.0,1.0335514905008198e-06,1.7382262740284204e-07,39022,2380342,40,2440,0.017026113901868326,0.017026111507138803,0.04719525363134239,0.017346310965180183,0.19952623149688797,5.334291264627931e-07,0.05628007811621777,0.05660191237984189,1.54502487063081e-06,0.9945241745471249,0.990241954401696,0.011549674165137185,0.01154967089345823,0.05124945862345563,0.01693482162375788,0.19952623142215922,7.048442872503386e-12,1.0603074877861012e-06,1.033551137507325e-06,5.385380079457866e-16,0.9948852920391289,0.9747654578481623,0.022502553638599463,0.022502552120819377,0.04314104863922915,0.017757800306602484,0.19952623149688797,5.334291264162259e-07,0.05628007810622976,0.05660191237040557,3.090049740723082e-06,0.994163057055121,1.00571845095523,2364.460280726198
sparse_bayesian_keep25_proposed_rep00_seed12026,sparse,bayesian_keep25,proposed,0,12026,62,62,124,natural_mean,40,1,50,23.0,-74,1024,4,1000.0,10,paper_reference_kkt,update,coordinated_aggregate,True,bayesian,0.25,19511,0.1643,2.231290398290759,0.1259983749464899,0.1643,2.231290398290759,0.1259983749464899,0.1794,2.2222456441595577,0.12771582316756247,3.836488580040145,1.9200800901378838,1.9164084899022613,9.999999999996564e-05,10000.000000003436,9999.999999385982,10000.000001273855,3.179683597663178e-08,8.934488920246848e-06,1.2738546502077952e-06,0.06048964438345156,0.0035186074674129486,0.0,0.0,0.0,9.94085407650156e-07,1.7582897271495312e-07,39022,2419364,40,2480,0.021027847586198956,0.021027850634287457,0.05093951902432223,0.01893141482096968,0.19952623149688797,5.308600596980504e-07,0.06066736764096577,0.06048964823309026,1.545767158703734e-06,0.9942238146932175,0.9688978749224535,0.02143176694501433,0.021431764820435205,0.0492151561358773,0.018126483936284434,0.1995262314914307,6.6126363743188744e-12,1.0567213324424797e-06,9.940842924337399e-07,4.845783821525637e-16,0.9935330357568426,0.940725125777243,0.020623928227383584,0.020623936448139712,0.052663881912767156,0.01973634570565493,0.19952623149688797,5.308600596568653e-07,0.060667367631762635,0.060489648224921894,3.0915343169228898e-06,0.9949145936295924,0.9970706240676641,2401.4832553737797
sparse_bayesian_keep25_proposed_rep00_seed12026,sparse,bayesian_keep25,proposed,0,12026,63,63,126,natural_mean,40,1,50,23.0,-74,1024,4,1000.0,10,paper_reference_kkt,update,coordinated_aggregate,True,bayesian,0.25,19511,0.1762,2.2193292988692157,0.132867746937722,0.1762,2.2193292988692157,0.132867746937722,0.1823,2.2258984736938143,0.13283162873238324,3.907807741108282,1.9579202458588314,1.9498874952494505,9.99999999999647e-05,10000.000000003532,9999.999999416103,10000.00000125705,3.2142335647968996e-08,9.03331258187719e-06,1.2570508260978386e-06,0.06241937147727661,0.003382444381713867,0.0,0.0,0.0,1.0702741134424624e-06,1.490443537477404e-07,39022,2458386,40,2520,0.02514012705632075,0.02514013181070196,0.04929227881681958,0.017607031859142058,0.19952623149688797,5.327061469187855e-07,0.06185563387986316,0.062419371597161925,1.5460374175335765e-06,0.9936537124315676,0.9901496873231151,0.023098812235844788,0.023098812494723186,0.05123690759007399,0.016894737086644896,0.19952623097910438,7.298231942448244e-12,1.1020283962263281e-06,1.070274187883086e-06,5.780807691128209e-16,0.9934147539985406,0.9711856375518166,0.02718144187679671,0.027181451126680738,0.04734765004356517,0.01831932663163922,0.19952623149688797,5.327061468687915e-07,0.061855633870046216,0.062419371587986196,3.092074834489072e-06,0.9938926708645948,1.0091137370944137,2439.7092838929966
sparse_bayesian_keep25_proposed_rep00_seed12026,sparse,bayesian_keep25,proposed,0,12026,64,64,128,natural_mean,40,1,50,23.0,-74,1024,4,1000.0,10,paper_reference_kkt,update,coordinated_aggregate,True,bayesian,0.25,19511,0.1941,2.1947755099204214,0.08278548684164883,0.1941,2.1947755099204214,0.08278548684164883,0.1849,2.2115006741414582,0.12089916561692954,3.815489021968652,1.896991434722961,1.918497587245691,9.99999999999644e-05,10000.000000003562,9999.99999941403,10000.000001301541,3.236537102351515e-08,9.096135185065628e-06,1.3015414879191667e-06,0.06001487936734375,0.003434404730796814,0.0,0.0,0.0,9.3005131326348e-07,9.40308382268995e-08,39022,2497408,40,2560,0.02028515600046666,0.02028515371186354,0.04327525576064691,0.018280414174673104,0.19952623149688797,5.329274545366541e-07,0.060346414456510296,0.06001487844435478,1.546232880082872e-06,0.9941600322714584,0.9832806404356009,0.0172938648348997,0.017293876284930045,0.04232033367290061,0.017919667530739418,0.19952623078052784,6.4356218728804776e-12,9.567884816470789e-07,9.300511805374183e-07,4.557410487375412e-16,0.9937285475874944,0.9720551369065578,0.023276447166033616,0.02327643113879704,0.04423017784839321,0.018641160818606794,0.19952623149688797,5.329274544977959e-07,0.060346414448925384,0.06001487843714828,3.092465759710003e-06,0.9945915169554225,0.9945061439646441,2478.559271446895
sparse_bayesian_keep25_proposed_rep00_seed12026,sparse,bayesian_keep25,proposed,0,12026,65,65,130,natural_mean,40,1,50,23.0,-74,1024,4,1000.0,10,paper_reference_kkt,update,coordinated_aggregate,True,bayesian,0.25,19511,0.1753,2.227048478294501,0.13096490014947948,0.1753,2.227048478294501,0.13096490014947948,0.1822,2.2203361641832444,0.13682826576530935,3.860982788722984,1.932516345257313,1.928466443465671,9.99999999999636e-05,10000.00000000364,9999.999999481231,10000.00000121497,3.266609010212951e-08,9.182087409470957e-06,1.2149703252362087e-06,0.05726250441829246,0.003564789891242981,0.0,0.0,0.0,1.0631078426304213e-06,1.1915835784748197e-07,39022,2536430,40,2600,0.027615342552734044,0.02761533169633503,0.04490408343427872,0.01711374236393015,0.19952623149688797,5.321831318607232e-07,0.05659396388213932,0.05726250486296439,1.5459329940344015e-06,0.9942805369551971,0.987559306648529,0.029574842468345925,0.029574823874974454,0.04714377242439775,0.016564405505996957,0.1995262300566483,7.06769502415801e-12,1.1036044002893077e-06,1.0631083744594359e-06,5.434531532285919e-16,0.9938112590549545,0.9633056961965225,0.025655842637122162,0.025655839517695605,0.0426643944441597,0.017663079221863345,0.19952623149688797,5.321831318137917e-07,0.05659396387137896,0.057262504853095815,3.09186598752535e-06,0.9947498148554398,1.0118129171005354,2517.547309889924
sparse_bayesian_keep25_proposed_rep00_seed12026,sparse,bayesian_keep25,proposed,0,12026,66,66,132,natural_mean,40,1,50,23.0,-74,1024,4,1000.0,10,paper_reference_kkt,update,coordinated_aggregate,True,bayesian,0.25,19511,0.1747,2.215356564643189,0.1264348662446439,0.1747,2.215356564643189,0.1264348662446439,0.1833,2.212430227000504,0.12454959551095965,3.7982995376435236,1.8962653370548195,1.902034200588704,9.999999999996314e-05,10000.000000003683,9999.999999506354,10000.000001260234,3.2947636087061773e-08,9.261657669377657e-06,1.2602340575540438e-06,0.0589453643941051,0.0038076788187026978,0.0,0.0,0.0,9.380930101337612e-07,1.5908699424471706e-07,39022,2575452,40,2640,0.023740614758456992,0.02374062419280116,0.043007438052521565,0.018261354433541033,0.19952623149688797,5.306906530323974e-07,0.05928006668026463,0.05894536032762306,1.5464272534341552e-06,0.9942474037770135,0.9782385970376735,0.023127766520813695,0.023127778626405363,0.04142592628186647,0.017415672364397835,0.1995262301242269,6.456404334078401e-12,9.750240000666244e-07,9.380933851260832e-07,4.555928543476255e-16,0.9935334843882043,0.9621233943830845,0.024353462996100285,0.024353469759196954,0.04458894982317667,0.019107036502684232,0.19952623149688797,5.306906529931229e-07,0.05928006667224615,0.05894536032015836,3.0928545064127176e-06,0.9949613231658228,0.9943537996922626,2555.9223279799335
sparse_bayesian_keep25_proposed_rep00_seed12026,sparse,bayesian_keep25,proposed,0,12026,67,67,134,natural_mean,40,1,50,23.0,-74,1024,4,1000.0,10,paper_reference_kkt,update,coordinated_aggregate,True,bayesian,0.25,19511,0.1907,2.1946635826479963,0.10600527648657561,0.1907,2.1946635826479963,0.10600527648657561,0.1886,2.2119408139259873,0.12653967186659576,3.864398389402962,1.9375985420484902,1.9267998473544716,9.999999999996223e-05,10000.000000003776,9999.999999488493,10000.000001385217,3.335384870818598e-08,9.37726349731998e-06,1.3852168194716796e-06,0.05863499468072958,0.004118926823139191,0.0,0.0,0.0,1.0352217592531296e-06,1.249827619176358e-07,39022,2614474,40,2680,0.024290547124371176,0.024290562147735666,0.058599793055196706,0.017937154395426945,0.19952623149688797,5.330421692984294e-07,0.05811900605374652,0.05863499530903523,1.5471159237617537e-06,0.9937146423076236,0.9865805367190958,0.020035320008742762,0.020035325737843706,0.059078526195473616,0.01756225737379991,0.19952623004721023,7.084463554155388e-12,1.0735665286410588e-06,1.0352218049705456e-06,5.504503950024723e-16,0.9937146362640251,0.964282878685704,0.02854577423999959,0.028545798557627622,0.05812105991491979,0.018312051417053977,0.19952623149688797,5.33042169251351e-07,0.058119006043831134,0.058634995299896624,3.094231846973057e-06,0.9937146483512221,1.0088781947524876,2593.275359756779
sparse_bayesian_keep25_proposed_rep00_seed12026,sparse,bayesian_keep25,proposed,0,12026,68,68,136,natural_mean,40,1,50,23.0,-74,1024,4,1000.0,10,paper_reference_kkt,update,coordinated_aggregate,True,bayesian,0.25,19511,0.1753,2.2095981877294077,0.12869457170084117,0.1753,2.2095981877294077,0.12869457170084117,0.1847,2.2140168155836495,0.12486620300710201,3.7807954162536985,1.8852084973223404,1.895586918931358,9.999999999996198e-05,10000.000000003804,9999.999999498652,10000.000001330443,3.3537652813154436e-08,9.42909973005894e-06,1.3304434105521068e-06,0.0616444618170332,0.003521054983139038,0.0,0.0,0.0,9.615565066353544e-07,1.533680915599689e-07,39022,2653496,40,2720,0.014910380781747331,0.014910383115239772,0.04446491518960195,0.017377437800888275,0.19952623149688797,5.301091545094509e-07,0.06192039943755008,0.061644461071350874,1.5477476399455646e-06,0.994648455691092,0.9843862154240512,0.01522024031788573,0.015220248167414536,0.04232791351179577,0.016685911424795592,0.19952623118008425,6.415233250653337e-12,9.88006262666232e-07,9.61556109579944e-07,4.500603348342356e-16,0.9941901908501487,0.9732287762199939,0.014600521245608934,0.01460051806306501,0.04660191686740813,0.018068964176980954,0.19952623149688797,5.301091544706332e-07,0.06192039942966773,0.0616444610638515,3.095495279441069e-06,0.9951067205320351,0.9955436546281085,2630.377464620862
sparse_bayesian_keep25_proposed_rep00_seed12026,sparse,bayesian_keep25,proposed,0,12026,69,69,138,natural_mean,40,1,50,23.0,-74,1024,4,1000.0,10,paper_reference_kkt,update,coordinated_aggregate,True,bayesian,0.25,19511,0.1901,2.18838526899157,0.10260542520612478,0.1901,2.18838526899157,0.10260542520612478,0.1893,2.2130824923012615,0.12608596225082874,3.8450554860989095,1.92346714050111,1.9215883455977996,9.999999999996135e-05,10000.000000003865,9999.999999530773,10000.00000129478,3.3763735740448855e-08,9.493840606468978e-06,1.2947803043061867e-06,0.06413298020355884,0.0034384727478027344,0.0,0.0,0.0,1.0353419977652653e-06,1.228963810717687e-07,39022,2692518,40,2760,0.019628416804372197,0.01962841411773167,0.04791601254798656,0.017864159079746936,0.19952623149688797,5.306822474762359e-07,0.06381292192169762,0.06413297704081561,1.5476825788017268e-06,0.9938516047053514,0.9878290445777635,0.016632128818323124,0.016632128565072474,0.04773607921928817,0.01697514231339288,0.19952622948934412,7.1866508240836385e-12,1.066654619634852e-06,1.035340449616997e-06,5.736859445275166e-16,0.9938067810062631,0.9706426073004518,0.022624704790421273,0.022624699670390862,0.04809594587668495,0.018753175846100995,0.19952623149688797,5.306822474275741e-07,0.06381292191278286,0.06413297703245852,3.0953651570297675e-06,0.9938964284044398,1.0050154818550754,2668.1017078720033
sparse_bayesian_keep25_proposed_rep00_seed12026,sparse,bayesian_keep25,proposed,0,12026,70,70,140,natural_mean,40,1,50,23.0,-74,1024,4,1000.0,10,paper_reference_kkt,update,coordinated_aggregate,True,bayesian,0.25,19511,0.1705,2.216685319523047,0.1427286688603461,0.1705,2.216685319523047,0.1427286688603461,0.1883,2.2051130700365404,0.12097026329040526,3.8014671124710477,1.9026099855335759,1.8988571269374719,9.999999999996077e-05,10000.000000003922,9999.999999517337,10000.000001186407,3.384887470922733e-08,9.51929520681263e-06,1.1864067346323282e-06,0.06078207455303696,0.0036388635635375977,0.0,0.0,0.0,9.717200074091283e-07,1.8768332665786147e-07,39022,2731540,40,2800,0.02334167510797405,0.023341686805601836,0.06263366865044413,0.01978454109909647,0.19952623149688797,5.311939484644985e-07,0.06111892125379614,0.06078207405768938,1.5469163193287557e-06,0.9937313206600794,0.9739874470753276,0.023329500659389768,0.023329503861849264,0.058597253758271274,0.019183829590236668,0.19952623136671932,6.551236901933516e-12,1.0191230106798352e-06,9.717197970988274e-07,4.749889430120284e-16,0.9930338381613268,0.9534862411223605,0.02335384955655833,0.02335386974935441,0.06667008354261698,0.02038525260795627,0.19952623149688797,5.311939484241001e-07,0.06111892124529949,0.06078207404992196,3.0938326381825224e-06,0.994428803158832,0.9944886530282947,2706.735293137841
sparse_bayesian_keep25_proposed_rep00_seed12026,sparse,bayesian_keep25,proposed,0,12026,71,71,142,natural_mean,40,1,50,23.0,-74,1024,4,1000.0,10,paper_reference_kkt,update,coordinated_aggregate,True,bayesian,0.25,19511,0.1916,2.1908860978553935,0.11092587405234575,0.1916,2.1908860978553935,0.11092587405234575,0.191,2.2052673532400964,0.12294699719995258,3.8478176826037185,1.9306985767887792,1.9171191058149395,9.999999999995981e-05,10000.000000004018,9999.99999950275,10000.000001146796,3.428049400311823e-08,9.642162059818935e-06,1.1467964213807136e-06,0.059227119060337584,0.0035150349140167236,0.0,0.0,0.0,1.0366376710240273e-06,1.2604868970811367e-07,39022,2770562,40,2840,0.023313956210028266,0.023313959131998116,0.05623020783490952,0.01865625872453172,0.19952623149688797,5.319090280003177e-07,0.05892615923840935,0.05922712122194737,1.5473637682259652e-06,0.9935693240712038,0.9899243149984522,0.017279311116421458,0.01727931055481106,0.06427221414247548,0.018288354095220262,0.19952623112740617,7.08700725274754e-12,1.0635004058006466e-06,1.0366376200573452e-06,5.49230623801579e-16,0.9931701733201963,0.9747411947820243,0.029348601303635074,0.029348607709185168,0.04818820152734355,0.019024163353843184,0.19952623149688797,5.31909027953105e-07,0.05892615922881231,0.059227121212875364,3.0947275359026998e-06,0.9939684748222113,1.0051074352148803,2746.5173038057983
sparse_bayesian_keep25_proposed_rep00_seed12026,sparse,bayesian_keep25,proposed,0,12026,72,72,144,natural_mean,40,1,50,23.0,-74,1024,4,1000.0,10,paper_reference_kkt,update,coordinated_aggregate,True,bayesian,0.25,19511,0.1738,2.227562012198524,0.13530843104317788,0.1738,2.227562012198524,0.13530843104317788,0.1941,2.1951045438793417,0.11296989214271305,3.7790250728902945,1.8870871359974914,1.891937936892803,9.999999999995937e-05,10000.000000004062,9999.99999953272,10000.000001166833,3.4507730550035264e-08,9.706612706636483e-06,1.1668325896607712e-06,0.0600147604124475,0.004397060722112656,0.0,0.0,0.0,9.438472349118218e-07,1.327935024164617e-07,39022,2809584,40,2880,0.0229268580420273,0.02292685629250274,0.04783403621703205,0.018491348053943084,0.19952623149688797,5.312630606195182e-07,0.06047339067793871,0.06001476158102577,1.5480937896011108e-06,0.9943643622312671,0.9757248800054683,0.025125876055389,0.02512586943111559,0.044090757073498264,0.017871368896412686,0.1995262313828378,6.530627428194407e-12,9.841657696301307e-07,9.438482027655272e-07,4.721895194872014e-16,0.9939581814425538,0.9590337271649059,0.020727840028665595,0.020727843153889893,0.05157731536056583,0.019111327211473485,0.19952623149688797,5.312630605793789e-07,0.06047339066993037,0.06001476157360385,3.096187578730032e-06,0.9947705430199805,0.9924160328460307,2786.1813220628537
sparse_bayesian_keep25_proposed_rep00_seed12026,sparse,bayesian_keep25,proposed,0,12026,73,73,146,natural_mean,40,1,50,23.0,-74,1024,4,1000.0,10,paper_reference_kkt,update,coordinated_aggregate,True,bayesian,0.25,19511,0.192,2.1925627421500176,0.11116513798832894,0.192,2.1925627421500176,0.11116513798832894,0.1948,2.1959611126128262,0.11912000095099214,3.83462732553956,1.9135556632434394,1.9210716622961208,9.99999999999586e-05,10000.00000000414,9999.999999550713,10000.000001187178,3.469852659571756e-08,9.762117500933373e-06,1.1871779861394316e-06,0.05555424504267651,0.0032250192016363144,0.0,0.0,0.0,1.016019961155435e-06,1.128682924900204e-07,39022,2848606,40,2920,0.022395679697225432,0.02239568994178234,0.04742004730289089,0.01806104093696613,0.19952623149688797,5.320807454666843e-07,0.05509965504842835,0.055554236515369164,1.5483483615726786e-06,0.9946142589327054,0.9898515666680129,0.021192295941694098,0.021192302751130793,0.050085853408508456,0.017198172966382836,0.1995262314770713,6.9402141552902255e-12,1.0458767644028093e-06,1.0160200585188473e-06,5.310877665697224e-16,0.9948723661529837,0.9714529376407062,0.02359906345275677,0.023599077132433886,0.04475424119727333,0.018923908907549424,0.19952623149688797,5.320807454214219e-07,0.05509965503850217,0.05555423650607827,3.0966967226142692e-06,0.9943561517124272,1.0082501956953196,2824.256277507171
sparse_bayesian_keep25_proposed_rep00_seed12026,sparse,bayesian_keep25,proposed,0,12026,74,74,148,natural_mean,40,1,50,23.0,-74,1024,4,1000.0,10,paper_reference_kkt,update,coordinated_aggregate,True,bayesian,0.25,19511,0.1779,2.2156739108022787,0.12506891058981418,0.1779,2.2156739108022787,0.12506891058981418,0.1941,2.1979268169225428,0.12003721087574958,3.7693752550462607,1.8808896840211176,1.888485571025143,9.999999999995817e-05,10000.000000004184,9999.999999540625,10000.000001256403,3.498132832111889e-08,9.842054778719521e-06,1.2564032658701763e-06,0.05520768297735971,0.0027987826615571976,0.0,0.0,0.0,9.478905964932924e-07,1.7486308934167027e-07,39022,2887628,40,2960,0.02412919886607857,0.02412918949279517,0.035043068879931465,0.01589658420371613,0.19952623149688797,5.325888697720269e-07,0.05560517747137401,0.0552076879118317,1.5480119999204943e-06,0.9941759033055769,0.9814693278095479,0.02336601734859729,0.023366001660698722,0.03535701060082444,0.01549234210554389,0.19952623115911416,6.5188526229433904e-12,9.771187680736114e-07,9.478903530142914e-07,4.730040193533833e-16,0.9933577897122176,0.9700871426568985,0.024892380383559853,0.02489237732489162,0.03472912715903849,0.01630082630188837,0.19952623149688797,5.325888697321317e-07,0.05560517746278883,0.05520768790369428,3.0960239993679846e-06,0.9949940168989363,0.9928515129621971,2861.62188571319
sparse_bayesian_keep25_proposed_rep00_seed12026,sparse,bayesian_keep25,proposed,0,12026,75,75,150,natural_mean,40,1,50,23.0,-74,1024,4,1000.0,10,paper_reference_kkt,update,coordinated_aggregate,True,bayesian,0.25,19511,0.1909,2.1998718192644455,0.12428249565854671,0.1909,2.1998718192644455,0.12428249565854671,0.1941,2.2004546654972126,0.12569742708504203,3.830948551701267,1.9084655541785904,1.9224829975226765,9.999999999995737e-05,10000.000000004262,9999.999999547379,10000.000001157508,3.529193438946157e-08,9.930813382465026e-06,1.1575084499781951e-06,0.05695527408366768,0.00438130646944046,0.0,0.0,0.0,1.0551720911945755e-06,1.3083626981824636e-07,39022,2926650,40,3000,0.02000137839489534,0.020001368760126367,0.05052934276858826,0.017519406173813874,0.19952623149688797,5.279580571990583e-07,0.05636377915299246,0.05695527259162658,1.5482649954884706e-06,0.9940611789573228,0.9882043687874427,0.01579348407412809,0.015793488229889723,0.05393654930633238,0.017120176656129773,0.19952623011045045,6.973327690603295e-12,1.0924061198043666e-06,1.055171103150255e-06,5.411716796887197e-16,0.9936120999061179,0.9659146322914515,0.024209272715662592,0.02420924929036301,0.04712213623084414,0.01791863569149798,0.19952623149688797,5.279580571530061e-07,0.05636377914240631,0.056955272581852366,3.0965299904357693e-06,0.9945102580085278,1.0104941052834338,2898.691273996141
sparse_bayesian_keep25_proposed_rep00_seed12026,sparse,bayesian_keep25,proposed,0,12026,76,76,152,natural_mean,40,1,50,23.0,-74,1024,4,1000.0,10,paper_reference_kkt,update,coordinated_aggregate,True,bayesian,0.25,19511,0.1869,2.2064215467074466,0.11928949313282969,0.1869,2.2064215467074466,0.11928949313282969,0.195,2.1983390945566375,0.12369105256497857,3.7493822530060115,1.8749276671210526,1.8744545858849588,9.999999999995698e-05,10000.000000004302,9999.99999958027,10000.000001117685,3.544409662364244e-08,9.97438103122179e-06,1.1176853149663657e-06,0.0559837005831711,0.003064289689064026,0.0,0.0,0.0,9.360729914874778e-07,1.3568569556809962e-07,39022,2965672,40,3040,0.02215795521624308,0.022157944306658486,0.05944739246953801,0.019833811813288478,0.19952623149688797,5.263219527682032e-07,0.05653598685411991,0.05598370188980811,1.5492545093655e-06,0.9944823332509554,0.977149692770505,0.020346620307784377,0.02034662297964102,0.059104154012931794,0.019052501053063334,0.1995262312921625,6.5391924757931595e-12,9.709604923657962e-07,9.360721692217626e-07,4.706510354941168e-16,0.9940313994934646,0.964068220911479,0.02396929012470178,0.023969265633675952,0.05979063092614423,0.020615122573513618,0.19952623149688797,5.263219527275807e-07,0.05653598684578218,0.055983701881982345,3.098509018260349e-06,0.9949332670084461,0.9902311646295311,2937.877309374977
sparse_bayesian_keep25_proposed_rep00_seed12026,sparse,bayesian_keep25,proposed,0,12026,77,77,154,natural_mean,40,1,50,23.0,-74,1024,4,1000.0,10,paper_reference_kkt,update,coordinated_aggregate,True,bayesian,0.25,19511,0.193,2.18789636384051,0.11707944707959891,0.193,2.18789636384051,0.11707944707959891,0.1973,2.1951880609856125,0.12417572424560785,3.8225325184361365,1.9079446576461643,1.914587860789972,9.999999999995619e-05,10000.000000004382,9999.99999951768,10000.00000116021,3.5817055398644585e-08,1.0080473832828561e-05,1.1602096492424607e-06,0.056027688701188925,0.0027421116828918457,0.0,0.0,0.0,1.0305903431919702e-06,1.830558176152408e-07,39022,3004694,40,3080,0.025592438128906533,0.025592440608555055,0.050545638904219176,0.017473768243768235,0.19952623149688797,5.291223556961354e-07,0.055691772199910436,0.056027687948025984,1.5489453599690207e-06,0.9932792677628552,0.9811061432029405,0.02193816783382424,0.02193818166457058,0.049319200518704365,0.01657516018776825,0.19952623125806787,7.156908420560832e-12,1.077819464749133e-06,1.0305900655622793e-06,5.675692147356001e-16,0.9925442134800306,0.9561805739141436,0.02924670842398883,0.02924669955253953,0.05177207728973399,0.018372376299768216,0.19952623149688797,5.291223556477333e-07,0.05569177218948075,0.056027687938547496,3.0978907193704722e-06,0.99401432204568,1.0060317124917375,2977.5793540650047
sparse_bayesian_keep25_proposed_rep00_seed12026,sparse,bayesian_keep25,proposed,0,12026,78,78,156,natural_mean,40,1,50,23.0,-74,1024,4,1000.0,10,paper_reference_kkt,update,coordinated_aggregate,True,bayesian,0.25,19511,0.1823,2.188984216389365,0.12552312758937478,0.1823,2.188984216389365,0.12552312758937478,0.1893,2.2018937226677404,0.13273399193137886,3.742334588431933,1.8784794069900665,1.8638551814418662,9.999999999995565e-05,10000.000000004437,9999.99999953152,10000.00000111197,3.605984323447943e-08,1.0149562119268586e-05,1.1119700502604246e-06,0.05930349603171324,0.0032138973474502563,0.0,0.0,0.0,9.618298895405474e-07,1.2585041986312717e-07,39022,3043716,40,3120,0.023707023608918916,0.023707007466524398,0.033554147841572596,0.015773809948025363,0.19952623149688797,5.296434923808654e-07,0.05968134514451678,0.05930349481608708,1.5498746757564533e-06,0.9941366759805954,0.9743252795308847,0.021824095020461436,0.021824086717996488,0.033276098461065336,0.015352707127942492,0.19952623106115264,6.464691479335608e-12,1.0071701398885694e-06,9.618291190022693e-07,4.641485335988287e-16,0.993331522255621,0.9549817235713024,0.025589952197376392,0.025589928215052307,0.033832197222079856,0.016194912768108236,0.19952623149688797,5.296434923414122e-07,0.05968134513601838,0.05930349480828724,3.099749351048758e-06,0.9949418297055697,0.9936688354904669,3015.9573086849414
sparse_bayesian_keep25_proposed_rep00_seed12026,sparse,bayesian_keep25,proposed,0,12026,79,79,158,natural_mean,40,1,50,23.0,-74,1024,4,1000.0,10,paper_reference_kkt,update,coordinated_aggregate,True,bayesian,0.25,19511,0.2011,2.166272801036174,0.09418391470670699,0.2011,2.166272801036174,0.09418391470670699,0.1993,2.1929547562234895,0.12319622842520474,3.828589619509506,1.911840500651487,1.9167491188580188,9.999999999995483e-05,10000.000000004517,9999.999999574884,10000.000001193814,3.6451296670440555e-08,1.0260892309383561e-05,1.1938136594835669e-06,0.05967035316142421,0.004102712497115135,0.0,0.0,0.0,1.0509628348892138e-06,1.8861828721128404e-07,39022,3082738,40,3160,0.030275835912157587,0.030275844342972428,0.04404252341613257,0.017306140270596522,0.19952623149688797,5.281293452614346e-07,0.05892853193192144,0.05967035237604412,1.5504332793760707e-06,0.993630851846987,0.9825878159565529,0.02496954299552144,0.024969548356344642,0.04756303360895521,0.01700110329824359,0.19952623113956244,7.076700634714696e-12,1.1032712915833379e-06,1.050962019758696e-06,5.581495550212222e-16,0.993282711319624,0.9525871103923381,0.03558212882879373,0.03558214032960021,0.04052201322330993,0.017611177242949458,0.19952623149688797,5.281293452140223e-07,0.05892853192159361,0.05967035236678893,3.100866558193992e-06,0.99397899237435,1.0125885215207677,3053.5393282021396
sparse_bayesian_keep25_proposed_rep00_seed12026,sparse,bayesian_keep25,proposed,0,12026,80,80,160,natural_mean,40,1,50,23.0,-74,1024,4,1000.0,10,paper_reference_kkt,update,coordinated_aggregate,True,bayesian,0.25,19511,0.1837,2.209370487274574,0.12167150012284518,0.1837,2.209370487274574,0.12167150012284518,0.196,2.1903495201898178,0.12193938877731561,3.755991044243572,1.8830835365158904,1.8729075077276816,9.999999999995421e-05,10000.00000000458,9999.999999578411,10000.000001167047,3.6778227818223024e-08,1.0353652151563714e-05,1.1670472304103896e-06,0.05753286755595181,0.0045283641666173935,0.0,0.0,0.0,9.290465344602455e-07,1.324042386841029e-07,39022,3121760,40,3200,0.034302923831045606,0.03430292389035526,0.05619045988585503,0.018017138721208515,0.19952623149688797,5.272958763858112e-07,0.05791449181146885,0.057532868219833166,1.5506113842276094e-06,0.9931208707051102,0.9755447081148676,0.03251302346732661,0.03251302341991959,0.053966435634556664,0.017691510850827413,0.19952623045731357,6.477915356055066e-12,9.70102405640443e-07,9.29046538326311e-07,4.677416581728162e-16,0.9924094481032159,0.9576788474417041,0.03609282419476461,0.03609282436079094,0.0584144841371534,0.018342766591589618,0.19952623149688797,5.2729587634602e-07,0.05791449180334395,0.057532868212332,3.101222767987477e-06,0.9938322933070045,0.993410568788031,3090.945385750849
sparse_bayesian_keep10_proposed_rep00_seed12026,sparse,bayesian_keep10,proposed,0,12026,0,0,0,model,40,1,50,23.0,-74,1024,4,1000.0,10,paper_reference_kkt,update,coordinated_aggregate,True,bayesian,0.1,7805,0.0995,2.372916206651074,0.0756189888963103,0.0995,2.372916206651074,0.0756189888963103,0.0968,2.3613480913338667,0.07226249436736107,nan,0.0,0.0,0.00010000000000000003,10000.0,10000.0,10000.0,0.0,0.0,0.0,0.0,0.0,0.0,0.0,0.0,0.0,0.0,0,0,0,0,0.0,0.0,0.0,0.0,0.0,0.0,0.0,0.0,0.0,1.0,1.0,0.0,0.0,0.0,0.0,0.0,0.0,0.0,0.0,0.0,1.0,1.0,0.0,0.0,0.0,0.0,0.0,0.0,0.0,0.0,0.0,1.0,1.0,19.29119813395664
sparse_bayesian_keep10_proposed_rep00_seed12026,sparse,bayesian_keep10,proposed,0,12026,1,1,2,natural_mean,40,1,50,23.0,-74,1024,4,1000.0,10,paper_reference_kkt,update,coordinated_aggregate,True,bayesian,0.1,7805,0.1021,2.3178079856953437,0.05378051128283143,0.1021,2.3178079856953437,0.05378051128283143,0.1021,2.3223202240814573,0.054091917127370825,4.823597333540262,2.401122434854982,2.4224748986852807,0.00010000000000000018,9999.999999999989,9999.99999992499,10000.000000095666,3.200223837737668e-09,8.94022145096907e-07,9.566610970068723e-08,0.09443173512454725,0.012163788080215454,0.0,0.0,0.0,8.94022145096907e-07,9.566610970068723e-08,15610,15610,16,16,0.008812157434629975,0.008812149539575924,0.06243825690412073,0.018861297510474016,0.19952623149688797,3.866169227104354e-07,0.09552693032636535,0.094431736619219,1.2443506721387405e-06,0.9933383586943272,0.9840044997017449,0.009732056295765503,0.009732043251226258,0.06394441899722288,0.018307226948742095,0.19952623040026735,4.9152244845825436e-12,9.127581549388862e-07,8.940226116205503e-07,3.9964257677921686e-16,0.9938351364688807,0.9794737151729233,0.007892258573494447,0.00789225582792559,0.06093209481101858,0.019415368072205934,0.19952623149688797,3.8661692267919073e-07,0.09552693032200466,0.09443173661498697,2.4887013438778386e-06,0.9928415809197737,0.9885352842305665,62.55812692316249
sparse_bayesian_keep10_proposed_rep00_seed12026,sparse,bayesian_keep10,proposed,0,12026,2,2,4,natural_mean,40,1,50,23.0,-74,1024,4,1000.0,10,paper_reference_kkt,update,coordinated_aggregate,True,bayesian,0.1,7805,0.1328,2.3280810474918647,0.029117164440304044,0.1328,2.3280810474918647,0.029117164440304044,0.1415,2.3404364956195565,0.03567681099623442,4.556884642765963,2.2846394419433107,2.272245200822652,9.99999999999999e-05,10000.000000000013,9999.999999918815,10000.000000101503,4.447043068090074e-09,1.242330155158062e-06,1.0150324669666588e-07,0.07065416482435963,0.007341951131820679,0.0,0.0,0.0,8.745324751975292e-07,8.79736035130918e-08,15610,31220,16,32,0.013869625811537785,0.013869625064488543,0.06846136220097743,0.019535069927082226,0.19952623149688797,3.792692433001371e-07,0.071540023296599,0.0706541666591384,1.2548310703494283e-06,0.9926299659739735,0.9794229826252203,0.016313712472280313,0.016313703167030832,0.06863957257620212,0.018879888138633873,0.19952623115950924,4.7894552911115996e-12,9.004390391879627e-07,8.745321346824748e-07,3.989200384959366e-16,0.9926640328545101,0.9712286302053351,0.011425539150795258,0.011425546961946254,0.06828315182575272,0.020190251715530575,0.19952623149688797,3.7926924326989624e-07,0.07154002329093231,0.07065416665372608,2.5096621402999367e-06,0.9925958990934369,0.9876173350451056,100.61521313386038
sparse_bayesian_keep10_proposed_rep00_seed12026,sparse,bayesian_keep10,proposed,0,12026,3,3,6,natural_mean,40,1,50,23.0,-74,1024,4,1000.0,10,paper_reference_kkt,update,coordinated_aggregate,True,bayesian,0.1,7805,0.1472,2.34484966830237,0.03187841613784434,0.1472,2.34484966830237,0.03187841613784434,0.1282,2.3569503613379297,0.06806237994879485,4.44469995441778,2.224766770319247,2.219933184098534,9.99999999999997e-05,10000.000000000031,9999.999999881766,10000.000000129858,5.501085065164663e-09,1.536806983377783e-06,1.298576535191387e-07,0.0570828013895058,0.0054080188274383545,0.0,0.0,0.0,9.356830517457997e-07,1.1002157407347113e-07,15610,46830,16,48,0.01610014887432628,0.016100157800634143,0.06121265705813879,0.0184154643999936,0.19952623149688797,3.803308120544232e-07,0.05733455225049698,0.057082805297462236,1.278718486962358e-06,0.9935018450232036,0.9875112868226181,0.012114511692463891,0.012114515232815884,0.061022367287321785,0.017916286589918683,0.1995262308744687,4.925538041174075e-12,9.553503761467317e-07,9.356830144309258e-07,4.2730672736416627e-16,0.9936274316005629,0.9794134643043543,0.020085786056188666,0.0200858003684524,0.0614029468289558,0.018914642210068514,0.19952623149688797,3.803308120225287e-07,0.057334552242537605,0.05708280528979353,2.5574369734974096e-06,0.9933762584458444,0.9956091093408819,136.72619069879875
sparse_bayesian_keep10_proposed_rep00_seed12026,sparse,bayesian_keep10,proposed,0,12026,4,4,8,natural_mean,40,1,50,23.0,-74,1024,4,1000.0,10,paper_reference_kkt,update,coordinated_aggregate,True,bayesian,0.1,7805,0.1386,2.3564136695650335,0.05151185540720819,0.1386,2.3564136695650335,0.05151185540720819,0.1219,2.3650633018268463,0.08391358070671558,4.372115541689439,2.1864962367366845,2.185619304952754,9.999999999999968e-05,10000.000000000033,9999.999999834632,10000.000000185824,6.482513045063235e-09,1.810978472429394e-06,1.858243194874376e-07,0.04992514062457301,0.003774757729843259,0.0,0.0,0.0,9.352643324183026e-07,1.217067620018497e-07,15610,62440,16,64,0.017542691364086538,0.017542697867888046,0.059779743781582594,0.017285287342777955,0.19952623149688797,3.815972062059955e-07,0.05026791241807894,0.049925139864611494,1.3031719279855402e-06,0.9936943089014133,0.9851994173659846,0.012152096238485573,0.012152108979456034,0.059002152521525214,0.016738481627495763,0.1995262314708566,4.9248407813670995e-12,9.570681145318489e-07,9.352638518207817e-07,4.3371450539932448e-16,0.9939667128071811,0.9772176820667225,0.0229332864896875,0.02293328675632006,0.06055733504163997,0.017832093058060147,0.19952623149688797,3.8159720617421584e-07,0.05026791240896796,0.049925139855851196,2.606343855537366e-06,0.9934219049956455,0.9931811526652466,175.7651186422445
sparse_bayesian_keep10_proposed_rep00_seed12026,sparse,bayesian_keep10,proposed,0,12026,5,5,10,natural_mean,40,1,50,23.0,-74,1024,4,1000.0,10,paper_reference_kkt,update,coordinated_aggregate,True,bayesian,0.1,7805,0.1008,2.3796381325070337,0.11892484813988209,0.1008,2.3796381325070337,0.11892484813988209,0.1205,2.3693872747133713,0.0892230684056878,4.372800638945866,2.184192684014322,2.188607954931544,9.999999999999953e-05,10000.000000000051,9999.999999805868,10000.000000151944,7.323530417004071e-09,2.0459472776791464e-06,1.9413164409343153e-07,0.04713563695617595,0.003982674330472946,0.0,0.0,0.0,9.548433586380857e-07,1.5220939530991018e-07,15610,78050,16,80,0.02249466107932093,0.0224946728954928,0.04632163269377819,0.016089910355945963,0.19952623149688797,3.8106660784094785e-07,0.04779848917374564,0.04713563831444403,1.3110251563519598e-06,0.9928751759053224,0.9783075153984582,0.018802755003776216,0.018802760876373725,0.04549079901984337,0.015594755832632286,0.19952623136201492,5.10144506385922e-12,9.838850379034513e-07,9.54843412080084e-07,4.679078722048108e-16,0.9928646650067616,0.9704826567677217,0.026186567154865645,0.026186584914611878,0.047152466367713,0.016585064879259637,0.19952623149688797,3.810666078068006e-07,0.047798489163619486,0.04713563830477273,2.6220503122360118e-06,0.9928856868038831,0.9861323740291945,213.00410023285076
sparse_bayesian_keep10_proposed_rep00_seed12026,sparse,bayesian_keep10,proposed,0,12026,6,6,12,natural_mean,40,1,50,23.0,-74,1024,4,1000.0,10,paper_reference_kkt,update,coordinated_aggregate,True,bayesian,0.1,7805,0.1242,2.37608150433503,0.08050512546107175,0.1242,2.37608150433503,0.08050512546107175,0.1195,2.3728592489318556,0.09356597913354636,4.355250923581436,2.1743041870845237,2.1809467364969124,9.999999999999927e-05,10000.000000000076,9999.999999814914,10000.00000021275,8.060143727091009e-09,2.2517777960277692e-06,2.1275081962812692e-07,0.04501356966320315,0.0025817477144300938,0.0,0.0,0.0,9.734379833926221e-07,1.198422978632152e-07,15610,93660,16,96,0.025631385416547064,0.02563136576814385,0.05290265070732306,0.016408860004684354,0.19952623149688797,3.7394650508141216e-07,0.04559058090262893,0.045013570241552676,1.3198419717989905e-06,0.992577849695512,0.969198797204631,0.020972489095419697,0.020972480538775564,0.04612240583488954,0.015512594064333758,0.19952622982080723,4.948582675676814e-12,1.0235364881728814e-06,9.734383916787066e-07,4.583643546862587e-16,0.9922786065450849,0.951053913413523,0.03029028173767443,0.03029025099751214,0.05968289557975657,0.017305125945034947,0.19952623149688797,3.739465050486689e-07,0.04559058089113942,0.04501357023102716,2.6396839431396166e-06,0.9928770928459391,0.9873436809957391,252.5381371001713
sparse_bayesian_keep10_proposed_rep00_seed12026,sparse,bayesian_keep10,proposed,0,12026,7,7,14,natural_mean,40,1,50,23.0,-74,1024,4,1000.0,10,paper_reference_kkt,update,coordinated_aggregate,True,bayesian,0.1,7805,0.1105,2.361815797565477,0.09207175750911234,0.1105,2.361815797565477,0.09207175750911234,0.1122,2.3768718046265316,0.10921002587974071,4.34208025240282,2.176138838053224,2.165941414349595,9.999999999999891e-05,10000.00000000011,9999.99999978037,10000.00000022955,8.729459153351408e-09,2.4388583807823784e-06,2.295491867698729e-07,0.0443731661554731,0.0026779845356941223,0.0,0.0,0.0,9.44797060676985e-07,1.0075382306240499e-07,15610,109270,16,112,0.023793709916189426,0.023793712522008768,0.04802262427810876,0.016227840295992963,0.19952623149688797,3.7606623900007324e-07,0.0447234673265425,0.044373165180274725,1.3331732195045586e-06,0.9930860700945481,0.9833566363936126,0.012819433243998587,0.012819442199957126,0.046657035872040696,0.015784931463767495,0.1995262302719188,4.9442543452627986e-12,9.694745217923864e-07,9.447974622746898e-07,4.531975311009606e-16,0.9933535629918375,0.9745459520205522,0.03476798658838027,0.03476798284406041,0.04938821268417681,0.01667074912821843,0.19952623149688797,3.760662389675714e-07,0.044723467316034805,0.04437316517021637,2.66634643855592e-06,0.9928185771972586,0.992167320766673,290.10820672893897
sparse_bayesian_keep10_proposed_rep00_seed12026,sparse,bayesian_keep10,proposed,0,12026,8,8,16,natural_mean,40,1,50,23.0,-74,1024,4,1000.0,10,paper_reference_kkt,update,coordinated_aggregate,True,bayesian,0.1,7805,0.1143,2.356667346791075,0.08475969868987798,0.1143,2.356667346791075,0.08475969868987798,0.1159,2.3738232552755183,0.10222154984325173,4.321261442726696,2.1684334009826536,2.1528280417440424,9.999999999999862e-05,10000.00000000014,9999.999999767257,10000.000000257174,9.343349071551818e-09,2.61045491140113e-06,2.571741788415238e-07,0.043931185895520836,0.00315026193857193,0.0,0.0,0.0,9.6929951366324e-07,1.3127646525390446e-07,15610,124880,16,128,0.027224468287199752,0.027224464174804175,0.0448915231349951,0.015660247434531704,0.19952623149688797,3.7987306401915795e-07,0.04408792388839326,0.043931185329669484,1.3356383127188777e-06,0.9930390968309624,0.9789425716442768,0.018730660807821976,0.018730660221711215,0.04450758182412218,0.015226086357496317,0.19952623136362738,5.067010250035312e-12,1.0081740630806695e-06,9.692991012768877e-07,4.787001808393159e-16,0.992686710960632,0.9614402360333051,0.03571827576657753,0.035718268127897135,0.04527546444586803,0.01609440851156709,0.19952623149688797,3.798730639853643e-07,0.04408792387686613,0.04393118531897616,2.6712766249590552e-06,0.9933914827012927,0.9964449072552484,327.2778893681243
sparse_bayesian_keep10_proposed_rep00_seed12026,sparse,bayesian_keep10,proposed,0,12026,9,9,18,natural_mean,40,1,50,23.0,-74,1024,4,1000.0,10,paper_reference_kkt,update,coordinated_aggregate,True,bayesian,0.1,7805,0.1439,2.3501762519203555,0.062271883366853006,0.1439,2.3501762519203555,0.062271883366853006,0.113,2.3747227339709527,0.11145540933459996,4.297991481500402,2.1538873111277406,2.1441041703726613,9.999999999999824e-05,10000.000000000176,9999.999999758871,10000.000000363201,1.0040055115174615e-08,2.80522032201074e-06,3.6320125218480825e-07,0.04371010483719564,0.0022289901971817017,0.0,0.0,0.0,9.721156339199835e-07,1.3902354112360626e-07,15610,140490,16,144,0.02802774114169334,0.028027755171568317,0.041976630151950786,0.015485744595343546,0.19952623149688797,3.76039048427795e-07,0.04395020131987547,0.04371010423707281,1.3442376955677573e-06,0.9926122634587125,0.9773314410533425,0.018341570675940937,0.018341572016067776,0.04157337561459985,0.015112120624033637,0.1995262313273154,4.975421662908419e-12,1.0124880727766906e-06,9.721158651729597e-07,4.712808408392888e-16,0.9924995398874219,0.9601257871579704,0.03771391160744574,0.037713938327068854,0.042379884689301726,0.015859368566653455,0.19952623149688797,3.7603904839487984e-07,0.04395020130821304,0.04371010422626285,2.688475390664234e-06,0.992724987030003,0.9945370949487145,364.9181035840884
sparse_bayesian_keep10_proposed_rep00_seed12026,sparse,bayesian_keep10,proposed,0,12026,10,10,20,natural_mean,40,1,50,23.0,-74,1024,4,1000.0,10,paper_reference_kkt,update,coordinated_aggregate,True,bayesian,0.1,7805,0.1373,2.3536339493317215,0.05555122199997306,0.1373,2.3536339493317215,0.05555122199997306,0.1228,2.370732131976304,0.09731881559193135,4.286398213805546,2.136222427929372,2.150175785876174,9.999999999999823e-05,10000.000000000178,9999.99999972035,10000.000000342197,1.060932246870128e-08,2.9642391332303577e-06,3.4219738154206425e-07,0.04244802423556381,0.0025572115555405617,0.0,0.0,0.0,9.485148745148833e-07,1.7979618860408664e-07,15610,156100,16,160,0.03273023567966825,0.032730235443492545,0.05998781479158309,0.017516843502726604,0.19952623149688797,3.7468387765359603e-07,0.042771224209939715,0.04244802454203482,1.3495064804894848e-06,0.9926302046755835,0.9776799977021915,0.02831858958284911,0.028318586963740556,0.055936552068752345,0.016498176043271657,0.19952623034271813,4.993339327597127e-12,9.850444192930278e-07,9.485154030841846e-07,4.778232368309799e-16,0.9917073043457607,0.9629164030716963,0.03714188177648738,0.03714188392324454,0.06403907751441383,0.01853551096218155,0.19952623149688797,3.746838776203234e-07,0.04277122419859666,0.042448024531437374,2.6990129605011465e-06,0.9935531050054064,0.9924435923326868,403.0661607729271
sparse_bayesian_keep10_proposed_rep00_seed12026,sparse,bayesian_keep10,proposed,0,12026,11,11,22,natural_mean,40,1,50,23.0,-74,1024,4,1000.0,10,paper_reference_kkt,update,coordinated_aggregate,True,bayesian,0.1,7805,0.1207,2.3807224143150085,0.10226251215338708,0.1207,2.3807224143150085,0.10226251215338708,0.1209,2.371868319449327,0.1052822141483426,4.283045100217786,2.146387977296742,2.136657122921043,9.999999999999789e-05,10000.000000000213,9999.99999972056,10000.000000343263,1.1125698862442248e-08,3.1086437774058237e-06,3.432633093325421e-07,0.042185841090991036,0.003399733453989029,0.0,0.0,0.0,1.0153378865295e-06,1.9673097995109856e-07,15610,171710,16,176,0.034908458934209234,0.0349084709806695,0.041862857138096586,0.015141602811102849,0.19952623149688797,3.7406723841635635e-07,0.04202107744791715,0.042185844357506566,1.3560792898329076e-06,0.9926783549936375,0.9817470988698173,0.023531128852709703,0.02353114285302315,0.04199925687709003,0.014402073656361475,0.19952623148993992,5.105638901915068e-12,1.0581134477784102e-06,1.0153372120752592e-06,5.023627383377167e-16,0.9921198550776335,0.9595731177105624,0.04628578901570877,0.04628579910831586,0.04172645739910314,0.015881131965844224,0.19952623149688797,3.740672383815129e-07,0.04202107743459522,0.042185844345287896,2.7121585791634526e-06,0.9932368549096418,1.003921080029072,442.60009482782334
sparse_bayesian_keep10_proposed_rep00_seed12026,sparse,bayesian_keep10,proposed,0,12026,12,12,24,natural_mean,40,1,50,23.0,-74,1024,4,1000.0,10,paper_reference_kkt,update,coordinated_aggregate,True,bayesian,0.1,7805,0.1388,2.3537247883714887,0.06720983113706111,0.1388,2.3537247883714887,0.06720983113706111,0.1204,2.365322576009825,0.10538601079434157,4.299676476890003,2.154909571501654,2.1447669053883485,9.999999999999736e-05,10000.000000000266,9999.999999672738,10000.00000038572,1.1689767933256523e-08,3.266489427535443e-06,3.8572034100070596e-07,0.04127191938659792,0.002671189606189728,0.0,0.0,0.0,9.800307867222254e-07,1.4825309335719794e-07,15610,187320,16,192,0.03028765957442476,0.03028766425179351,0.05561253669999171,0.017334194352462612,0.19952623149688797,3.7198939491777016e-07,0.04172856794503248,0.04127192047389297,1.3594465742798961e-06,0.9922651609487279,0.9743111746453863,0.02325201248864744,0.02325199544934958,0.051990608313500386,0.01630127923107044,0.19952623078263643,5.130281567092578e-12,1.0213280022515326e-06,9.800312647962752e-07,5.061660856994477e-16,0.9915424120466538,0.9595656548896401,0.037323306660202074,0.037323333054237434,0.05923446508648302,0.018367109473854788,0.19952623149688797,3.719893948823931e-07,0.04172856793253371,0.0412719204622572,2.718893148053626e-06,0.9929879098508019,0.9890566944011324,483.0971313258633
sparse_bayesian_keep10_proposed_rep00_seed12026,sparse,bayesian_keep10,proposed,0,12026,13,13,26,natural_mean,40,1,50,23.0,-74,1024,4,1000.0,10,paper_reference_kkt,update,coordinated_aggregate,True,bayesian,0.1,7805,0.1105,2.3554443776007195,0.11776454535722736,0.1105,2.3554443776007195,0.11776454535722736,0.1265,2.3636160640607944,0.10052807372659445,4.2700407278466646,2.13362180281349,2.136418925033175,9.99999999999971e-05,10000.000000000291,9999.999999651223,10000.000000430842,1.2345249854875302e-08,3.4497225294057754e-06,4.3084219214506447e-07,0.04203526682357269,0.002287134528160095,0.0,0.0,0.0,9.641982354040312e-07,1.122534740716219e-07,15610,202930,16,208,0.026276683922952244,0.0262766998447215,0.04739004053187232,0.016643630432429248,0.19952623149688797,3.76116665586786e-07,0.042566894025094205,0.04203527093452103,1.3604358281356353e-06,0.9928689933210096,0.9796788805349769,0.013107491501405447,0.013107479614496802,0.04875830015407136,0.01639931634651936,0.1995262299099714,4.947632076395743e-12,9.921295135788695e-07,9.64197923200123e-07,4.768548846415767e-16,0.9929632184838849,0.9718468989104326,0.039445876344499045,0.039445920074946204,0.046021780909673286,0.016887944518339137,0.19952623149688797,3.761166655542442e-07,0.042566894013532156,0.04203527092346272,2.7208716557944155e-06,0.9927747681581344,0.9875108621595211,523.2962665902451
sparse_bayesian_keep10_proposed_rep00_seed12026,sparse,bayesian_keep10,proposed,0,12026,14,14,28,natural_mean,40,1,50,23.0,-74,1024,4,1000.0,10,paper_reference_kkt,update,coordinated_aggregate,True,bayesian,0.1,7805,0.1101,2.3654466474280986,0.11665478787600993,0.1101,2.3654466474280986,0.11665478787600993,0.1294,2.357730313349101,0.09533009912371636,4.24808690277767,2.131694057305338,2.116392845472332,9.999999999999667e-05,10000.000000000335,9999.999999678039,10000.000000499036,1.2803777233196214e-08,3.5780841402910453e-06,4.990361048839986e-07,0.04015626008359423,0.0029173269867897034,0.0,0.0,0.0,9.566798198943288e-07,1.20151526061818e-07,15610,218540,16,224,0.037776350144182826,0.0377763395305912,0.045964565863559834,0.015152080628898498,0.19952623149688797,3.7260284408123584e-07,0.04036699897353076,0.04015626070507409,1.3664538787516947e-06,0.9923258121720431,0.9789216500095954,0.029107847214567606,0.02910784192563884,0.045820867793743635,0.014681974817567202,0.1995262300820982,5.061453605350227e-12,9.933704787166197e-07,9.566792572669195e-07,4.943143962348348e-16,0.9918400867042061,0.9630638549049487,0.046444853073798045,0.04644483713554356,0.04610826393337604,0.015622186440229792,0.19952623149688797,3.726028440468583e-07,0.04036699896130809,0.04015626069367817,2.732907757009075e-06,0.9928115376398802,0.9947794451142421,559.806180883199
sparse_bayesian_keep10_proposed_rep00_seed12026,sparse,bayesian_keep10,proposed,0,12026,15,15,30,natural_mean,40,1,50,23.0,-74,1024,4,1000.0,10,paper_reference_kkt,update,coordinated_aggregate,True,bayesian,0.1,7805,0.1183,2.3371775150392846,0.08939191444784401,0.1183,2.3371775150392846,0.08939191444784401,0.1361,2.3546250524009507,0.08851126020252705,4.250847532829754,2.1199853464812928,2.1308621863484616,9.999999999999639e-05,10000.000000000366,9999.999999589289,10000.000000510483,1.3353701621936956e-08,3.7318724232912923e-06,5.104830052005127e-07,0.039627513889033954,0.002921663224697113,0.0,0.0,0.0,9.836022066928301e-07,1.052721927408129e-07,15610,234150,16,240,0.030473070632040338,0.030473071881360475,0.055673142308148654,0.017323334673376267,0.19952623149688797,3.728683999361186e-07,0.04010263120967228,0.03962751194541615,1.3687668421912096e-06,0.9923568902229224,0.9779588931057672,0.01902501285794704,0.019025014627716604,0.05167620133634855,0.01680950687555014,0.19952623085222573,4.868394481361739e-12,1.0163645910288462e-06,9.836024002396532e-07,4.710808870958004e-16,0.9921808538878375,0.967765295773942,0.041921128406133636,0.04192112913500434,0.05967008327994875,0.017837162471202393,0.19952623149688797,3.728683999043363e-07,0.04010263119679286,0.039627511933209056,2.7375336839113384e-06,0.9925329265580073,0.9881524904375923,596.5821131761186
sparse_bayesian_keep10_proposed_rep00_seed12026,sparse,bayesian_keep10,proposed,0,12026,16,16,32,natural_mean,40,1,50,23.0,-74,1024,4,1000.0,10,paper_reference_kkt,update,coordinated_aggregate,True,bayesian,0.1,7805,0.1143,2.3395257241942478,0.10122577110379935,0.1143,2.3395257241942478,0.10122577110379935,0.1422,2.349666901072017,0.08186158847808839,4.230014873451552,2.117408119186492,2.1126067542650593,9.999999999999602e-05,10000.0000000004,9999.999999577369,10000.000000618695,1.3924546153345533e-08,3.891565230055054e-06,6.186946848174557e-07,0.04050279724496311,0.0030288100242614746,0.0,0.0,0.0,9.610171299003697e-07,1.396911102347076e-07,15610,249760,16,256,0.032733381027104276,0.03273338897951695,0.03819388105888678,0.015099731155991596,0.19952623149688797,3.738529598397774e-07,0.04065585156950263,0.04050279650345164,1.3743869406715777e-06,0.992162831257043,0.9814093597396516,0.019587741069341195,0.01958774518364118,0.03704759555787606,0.014895352781189232,0.19952623133674133,4.956600095646907e-12,9.942407027423306e-07,9.610164276558762e-07,4.800723957842089e-16,0.9915647901795245,0.9665832877726575,0.04587902098486736,0.045879032775392715,0.0393401665598975,0.01530410953079396,0.19952623149688797,3.738529598069197e-07,0.04065585155734553,0.04050279649205055,2.748773880863083e-06,0.9927608723345613,0.9962354317066459,635.1341093322262
sparse_bayesian_keep10_proposed_rep00_seed12026,sparse,bayesian_keep10,proposed,0,12026,17,17,34,natural_mean,40,1,50,23.0,-74,1024,4,1000.0,10,paper_reference_kkt,update,coordinated_aggregate,True,bayesian,0.1,7805,0.1144,2.3614059395757243,0.12256172570317986,0.1144,2.3614059395757243,0.12256172570317986,0.1466,2.3457617717648285,0.07461457507610321,4.264405853089471,2.126473265281965,2.1379325878075055,9.999999999999557e-05,10000.000000000444,9999.999999563794,10000.000000770313,1.450435621027689e-08,4.053835744684734e-06,7.703129085712135e-07,0.04011518839011818,0.0023765452206134796,0.0,0.0,0.0,9.801028857817959e-07,1.793705450836569e-07,15610,265370,16,272,0.03750725942207398,0.03750727086866104,0.05394033394707016,0.01713656350997096,0.19952623149688797,3.692858688119966e-07,0.04064634248781508,0.04011518927918107,1.3765362769735728e-06,0.9915953578660377,0.9685464765789258,0.021790413674583974,0.021790418247370796,0.057419425101058956,0.01694705215747563,0.19952623116942128,4.8200770170115364e-12,1.0315130880363496e-06,9.801030044230418e-07,4.648974055218713e-16,0.9911998399992308,0.9501605432917156,0.05322410516956399,0.053224123489951286,0.05046124279308136,0.017326074862466286,0.19952623149688797,3.692858687805397e-07,0.04064634247472634,0.04011518926720803,2.7530725534822483e-06,0.9919908757328445,0.986932409866136,673.5711020398885
sparse_bayesian_keep10_proposed_rep00_seed12026,sparse,bayesian_keep10,proposed,0,12026,18,18,36,natural_mean,40,1,50,23.0,-74,1024,4,1000.0,10,paper_reference_kkt,update,coordinated_aggregate,True,bayesian,0.1,7805,0.121,2.3464154291311075,0.10830441332399841,0.121,2.3464154291311075,0.10830441332399841,0.1403,2.3461032259315964,0.09055522851347923,4.240952185371049,2.119090435945726,2.121861749425323,9.999999999999518e-05,10000.000000000482,9999.999999568712,10000.000000699842,1.5008685806318123e-08,4.195001560125076e-06,6.998416210990399e-07,0.04071410541754232,0.0032270029187202454,0.0,0.0,0.0,9.612600379564228e-07,1.5943078324198723e-07,15610,280980,16,288,0.04234896131101409,0.042348957784527914,0.04188236796064769,0.015184046270028707,0.19952623149688797,3.739670328756891e-07,0.040771811558957316,0.04071411013320677,1.379883853427305e-06,0.9919682999355839,0.9792303241427216,0.02454236056335354,0.024542377232333493,0.0389505142685087,0.014777749841769338,0.1995262312222221,4.897628473653198e-12,1.001441234934543e-06,9.612593424054811e-07,4.729742935733871e-16,0.9913968358644177,0.9598759101516834,0.06015556205867463,0.06015553833672233,0.04481422165278667,0.015590342698288075,0.19952623149688797,3.739670328436184e-07,0.040771811546658564,0.04071411012185911,2.7597677063816356e-06,0.99253976400675,0.9985847381337597,711.7745839091949
sparse_bayesian_keep10_proposed_rep00_seed12026,sparse,bayesian_keep10,proposed,0,12026,19,19,38,natural_mean,40,1,50,23.0,-74,1024,4,1000.0,10,paper_reference_kkt,update,coordinated_aggregate,True,bayesian,0.1,7805,0.1522,2.340601572198343,0.061800287826061256,0.1522,2.340601572198343,0.061800287826061256,0.1488,2.3407157884775267,0.07914658006280662,4.215741934122195,2.11082448371599,2.104917450406205,9.999999999999473e-05,10000.00000000053,9999.999999643707,10000.000000722039,1.5355334109934862e-08,4.292213251803632e-06,7.2203874879051e-07,0.03997693295757496,0.0030674412846565247,0.0,0.0,0.0,9.59654412089499e-07,1.237531250808388e-07,15610,296590,16,304,0.03371786981839778,0.03371786580299041,0.047718536873373144,0.016707645964215076,0.19952623149688797,3.714856824159112e-07,0.04031688600171264,0.039976929952263617,1.3838313977349826e-06,0.9927593140561639,0.9793744698946443,0.017046667978426217,0.0170466627669043,0.050491526020929496,0.01681143358007808,0.1995262304787084,4.835950115223366e-12,9.922171749218023e-07,9.59653674814277e-07,4.61541648280933e-16,0.9923909403669783,0.9671810424046804,0.05038907165836933,0.050389068839076526,0.044945547725816784,0.016603858348352075,0.19952623149688797,3.7148568238443433e-07,0.04031688598950318,0.03997692994074528,2.7676627950084238e-06,0.9931276877453497,0.9915678973846082,749.369170462247
sparse_bayesian_keep10_proposed_rep00_seed12026,sparse,bayesian_keep10,proposed,0,12026,20,20,40,natural_mean,40,1,50,23.0,-74,1024,4,1000.0,10,paper_reference_kkt,update,coordinated_aggregate,True,bayesian,0.1,7805,0.1466,2.32481016365442,0.0698574509599805,0.1466,2.32481016365442,0.0698574509599805,0.1469,2.333003499519976,0.08221136398017408,4.209746992516944,2.0954468535618562,2.1143001389550875,9.999999999999446e-05,10000.000000000555,9999.999999649293,10000.00000069684,1.5666530628916358e-08,4.379333068251401e-06,6.968402885831892e-07,0.04039362106521754,0.002529006451368332,0.0,0.0,0.0,9.122878886365859e-07,1.3643148122355342e-07,15610,312200,16,320,0.04052640928656224,0.040526411770392866,0.049598712344826844,0.01690279105208271,0.19952623149688797,3.7192101210765516e-07,0.04071527352012187,0.04039361981968485,1.3904342120193215e-06,0.9918559882652687,0.9809135043994764,0.02354684298048445,0.023546819823926115,0.05449851373513735,0.016423780171490415,0.1995262308513464,4.829910228931925e-12,9.407685072046054e-07,9.122885968999348e-07,4.628436999685165e-16,0.9918590640410316,0.9697269888882968,0.05750597559264003,0.05750600371685961,0.044698910954516335,0.017381801932675005,0.19952623149688797,3.719210120762936e-07,0.04071527350925316,0.04039361980938285,2.7808684235757993e-06,0.9918529124895056,0.9921000199106561,784.5011934498325
sparse_bayesian_keep10_proposed_rep00_seed12026,sparse,bayesian_keep10,proposed,0,12026,21,21,42,natural_mean,40,1,50,23.0,-74,1024,4,1000.0,10,paper_reference_kkt,update,coordinated_aggregate,True,bayesian,0.1,7805,0.148,2.3322435519271756,0.07236894866347313,0.148,2.3322435519271756,0.07236894866347313,0.1518,2.3304241098134875,0.07535640427023171,4.2215943391470026,2.1080212538095404,2.113573085337462,9.999999999999387e-05,10000.000000000615,9999.999999641244,10000.000000780576,1.6148783365850297e-08,4.514590327378145e-06,7.805756467860192e-07,0.04016561650259985,0.002400863915681839,0.0,0.0,0.0,9.337216578117289e-07,9.570976544637233e-08,15610,327810,16,336,0.04067017742095454,0.040670180032986995,0.04511230704281262,0.015883050229439526,0.19952623149688797,3.7261610674456623e-07,0.04053422492573065,0.04016561880936118,1.3889599590642153e-06,0.9917028973894689,0.9738692781714203,0.027253013703575385,0.02725302467065936,0.04150584406640679,0.01508834463840668,0.1995262311141348,4.851937783922776e-12,9.758467591581471e-07,9.337216920692556e-07,4.697890393755423e-16,0.9909993723532432,0.9568322858464727,0.054087341138333696,0.05408733539531463,0.04871877001921845,0.01667775582047237,0.19952623149688797,3.72616106712977e-07,0.04053422491398408,0.04016561879850816,2.7779199176586416e-06,0.9924064224256947,0.9909062704963679,819.6082488880493
sparse_bayesian_keep10_proposed_rep00_seed12026,sparse,bayesian_keep10,proposed,0,12026,22,22,44,natural_mean,40,1,50,23.0,-74,1024,4,1000.0,10,paper_reference_kkt,update,coordinated_aggregate,True,bayesian,0.1,7805,0.1347,2.332748665763401,0.10358401796668766,0.1347,2.332748665763401,0.10358401796668766,0.1501,2.326560557895897,0.08489396646767855,4.159594767515513,2.0753976366865943,2.0841971308289184,9.999999999999365e-05,10000.000000000635,9999.999999585058,10000.000000816963,1.6685932201223e-08,4.664759413260426e-06,8.169627108145505e-07,0.04049941095632031,0.0023395270109176636,0.0,0.0,0.0,9.694431207587083e-07,1.4407123671844602e-07,15610,343420,16,352,0.031020818263255458,0.031020828485045646,0.052036074308203464,0.016963569445603153,0.19952623149688797,3.673512354194309e-07,0.04110914177410882,0.040499409516184644,1.388953116510375e-06,0.991660947213725,0.9732602050451368,0.02094201793933104,0.020942020538378812,0.05413300704049405,0.01659956867792436,0.1995262306674727,4.7317368972394265e-12,1.0084153913638601e-06,9.694425774773763e-07,4.552513311712728e-16,0.9913731546073468,0.9613523997220725,0.04109961858717987,0.04109963643171248,0.04993914157591288,0.017327570213281945,0.19952623149688797,3.673512353889569e-07,0.041109141761740506,0.04049940950458177,2.7779062325654985e-06,0.9919487398201031,0.985168010368201,854.8892793031409
sparse_bayesian_keep10_proposed_rep00_seed12026,sparse,bayesian_keep10,proposed,0,12026,23,23,46,natural_mean,40,1,50,23.0,-74,1024,4,1000.0,10,paper_reference_kkt,update,coordinated_aggregate,True,bayesian,0.1,7805,0.1501,2.3145925598965604,0.06408423583447936,0.1501,2.3145925598965604,0.06408423583447936,0.154,2.314459527098873,0.07653571281433107,4.191256325192764,2.0855251365343097,2.105731188658454,9.999999999999319e-05,10000.000000000682,9999.99999959125,10000.000000918784,1.7004084776202585e-08,4.754080852818693e-06,9.187842806568369e-07,0.0394517331627856,0.0029178522527217865,0.0,0.0,0.0,9.349347652187605e-07,1.3353383110370487e-07,15610,359030,16,368,0.03888439738207054,0.0388844142734751,0.04514976592604432,0.016267031554896977,0.19952623149688797,3.705620051044864e-07,0.03991167662970464,0.03945172770582826,1.3905893123986807e-06,0.9910712280405143,0.9699218863448913,0.028087107756960494,0.028087103767220248,0.042820351839276335,0.015610899823536608,0.1995262309109397,4.778397674337866e-12,9.827276978319699e-07,9.349356541348423e-07,4.67172811436867e-16,0.990385004010694,0.9513679608236587,0.04968168700718059,0.04968172477972996,0.0474791800128123,0.01692316328625735,0.19952623149688797,3.705620050736777e-07,0.03991167661760601,0.03945172769475011,2.7811786243301884e-06,0.9917574520703345,0.9884758118661238,891.0017320909537
sparse_bayesian_keep10_proposed_rep00_seed12026,sparse,bayesian_keep10,proposed,0,12026,24,24,48,natural_mean,40,1,50,23.0,-74,1024,4,1000.0,10,paper_reference_kkt,update,coordinated_aggregate,True,bayesian,0.1,7805,0.1501,2.311916666765903,0.07292416025087237,0.1501,2.311916666765903,0.07292416025087237,0.1548,2.310924406187147,0.08292359064370394,4.163355045053168,2.0786505530416135,2.0847044920115536,9.999999999999278e-05,10000.000000000724,9999.999999619049,10000.0000009227,1.7344171659080966e-08,4.849480834851415e-06,9.227005648426712e-07,0.03975508568283383,0.002831876277923584,0.0,0.0,0.0,9.319682439043259e-07,1.0759868018794805e-07,15610,374640,16,384,0.03650841040414059,0.036508400972073356,0.04926383083225265,0.016454385534165443,0.19952623149688797,3.7104086145502427e-07,0.0403727050022004,0.039755085480987176,1.3914268882198652e-06,0.9922204797136223,0.9777398745995458,0.0208789691814818,0.020878971068997894,0.047995951222480966,0.016051656345846137,0.19952623102748668,4.698454421326526e-12,9.600220445981184e-07,9.319680305357517e-07,4.493960060945578e-16,0.9922327013409474,0.9707776685992994,0.052137851626799375,0.05213783087514882,0.05053171044202434,0.016857114722484745,0.19952623149688797,3.710408614252762e-07,0.040372704990786226,0.039755085470063234,2.7828537759903346e-06,0.9922082580862972,0.9847020805997921,927.7090185498819
sparse_bayesian_keep10_proposed_rep00_seed12026,sparse,bayesian_keep10,proposed,0,12026,25,25,50,natural_mean,40,1,50,23.0,-74,1024,4,1000.0,10,paper_reference_kkt,update,coordinated_aggregate,True,bayesian,0.1,7805,0.139,2.3170442529685245,0.10001560105279088,0.139,2.3170442529685245,0.10001560105279088,0.1554,2.30501210363125,0.08970150164067746,4.151381415259056,2.083659026447395,2.0677223888116614,9.999999999999228e-05,10000.000000000775,9999.999999648267,10000.000000908492,1.7605933279562216e-08,4.923154735017802e-06,9.084924386115745e-07,0.040289491691275645,0.002877965569496155,0.0,0.0,0.0,9.397213282449437e-07,1.4079887478146702e-07,15610,390250,16,400,0.03834523914381385,0.038345219120378554,0.055166922294884825,0.017507125559333182,0.19952623149688797,3.757202429823075e-07,0.04043494979397366,0.040289485456527496,1.394625083440852e-06,0.9920306527391438,0.9756875693714054,0.02131167362249572,0.021311666425854144,0.05657023152122385,0.016867864417915646,0.1995262305866046,4.8866927080942935e-12,9.840288872759655e-07,9.397207464264774e-07,4.727832185411664e-16,0.9919037489879137,0.9549727459438949,0.05537880466513199,0.05537877181490296,0.0537636130685458,0.01814638670075072,0.19952623149688797,3.7572024295052884e-07,0.04043494978199995,0.04028948544556837,2.789250166408921e-06,0.9921575564903738,0.996402392798916,965.2031230619177
sparse_bayesian_keep10_proposed_rep00_seed12026,sparse,bayesian_keep10,proposed,0,12026,26,26,52,natural_mean,40,1,50,23.0,-74,1024,4,1000.0,10,paper_reference_kkt,update,coordinated_aggregate,True,bayesian,0.1,7805,0.1584,2.297214233580018,0.07079180559054017,0.1584,2.297214233580018,0.07079180559054017,0.157,2.29265269407802,0.08625445587784053,4.133437798274439,2.06963031268262,2.06380748559182,9.999999999999175e-05,10000.000000000828,9999.999999672433,10000.000000920676,1.7921777794600035e-08,5.0119428941617945e-06,9.206760296365246e-07,0.039672656140578216,0.003126993775367737,0.0,0.0,0.0,9.164811732134363e-07,1.0703843145165592e-07,15610,405860,16,416,0.03376372678605393,0.03376370996007089,0.05800646289081575,0.016612872664087317,0.19952623149688797,3.688561368491111e-07,0.04005050223535903,0.039672650945223105,1.400732003126343e-06,0.9913893870062289,0.9742269666647052,0.03144139909883515,0.03144138215332301,0.058857256338966546,0.016152434986946167,0.19952623144433732,4.760645814928073e-12,9.56772490069707e-07,9.164812272074922e-07,4.605201772261688e-16,0.9902029214862035,0.9578883404104988,0.03608605447327271,0.036086037766818756,0.05715566944266496,0.017073310341228467,0.19952623149688797,3.688561368183894e-07,0.04005050222393079,0.039672650934637246,2.8014640057921655e-06,0.9925758525262545,0.9905655929189117,1002.1483895368874
sparse_bayesian_keep10_proposed_rep00_seed12026,sparse,bayesian_keep10,proposed,0,12026,27,27,54,natural_mean,40,1,50,23.0,-74,1024,4,1000.0,10,paper_reference_kkt,update,coordinated_aggregate,True,bayesian,0.1,7805,0.1464,2.2890389460772393,0.08869701821744447,0.1464,2.2890389460772393,0.08869701821744447,0.1577,2.2879444024557705,0.08940811989754438,4.130538590433109,2.0591445676375097,2.0713940227955994,9.999999999999136e-05,10000.000000000866,9999.999999625192,10000.000000790506,1.8244995848881293e-08,5.10266465244896e-06,7.90505509939976e-07,0.039106621490401505,0.0030354931950569153,0.0,0.0,0.0,9.617428685379054e-07,1.3017051969654858e-07,15610,421470,16,432,0.032025547963022157,0.03202554397610091,0.062336335149223106,0.016281382630055963,0.19952623149688797,3.714301465997374e-07,0.039162166161537636,0.03910662233014532,1.4034467760922095e-06,0.9926247613967956,0.9827727324699571,0.017232931827770546,0.017232932463554507,0.0673055979089523,0.01593048933759315,0.19952623106577297,4.688899728201505e-12,9.946000739482516e-07,9.617422534136071e-07,4.532011063012492e-16,0.9921701882542561,0.9669637742092451,0.046818164098273767,0.04681815548864732,0.057367072389493914,0.01663227592251878,0.19952623149688797,3.7143014657014125e-07,0.039162166148907725,0.039106622318319344,2.806893551731218e-06,0.9930793345393352,0.9985816907306692,1038.4365581101738
sparse_bayesian_keep10_proposed_rep00_seed12026,sparse,bayesian_keep10,proposed,0,12026,28,28,56,natural_mean,40,1,50,23.0,-74,1024,4,1000.0,10,paper_reference_kkt,update,coordinated_aggregate,True,bayesian,0.1,7805,0.1537,2.2911988831514933,0.0774195481210947,0.1537,2.2911988831514933,0.0774195481210947,0.1572,2.2826245891458004,0.09434165270179512,4.1090210105031435,2.0506887978161306,2.0583322126870125,9.999999999999078e-05,10000.000000000922,9999.999999695227,10000.000000766408,1.845163063470147e-08,5.161087980729414e-06,7.664075383218005e-07,0.03869638891254202,0.0026926174759864807,0.0,0.0,0.0,9.798089199880686e-07,1.2063719623256475e-07,15610,437080,16,448,0.03264056689106598,0.03264055221335338,0.05751808527454634,0.01608348476847645,0.19952623149688797,3.7346473332811206e-07,0.03901515948189887,0.038696392231795766,1.402998244785367e-06,0.9916357107290541,0.976005340196002,0.023796731760417092,0.02379671498752695,0.058489085347298964,0.015412237519171392,0.199526231325451,4.84475469750939e-12,1.0204417225177675e-06,9.79808850299076e-07,4.824362575803041e-16,0.9907073120330835,0.960181075909605,0.041484402021714877,0.04148438943917981,0.056547085201793724,0.016754732017781514,0.19952623149688797,3.734647332966879e-07,0.039015159468554036,0.03869639221939118,2.805996489088298e-06,0.9925641094250248,0.9918296044823991,1073.790366832167
sparse_bayesian_keep10_proposed_rep00_seed12026,sparse,bayesian_keep10,proposed,0,12026,29,29,58,natural_mean,40,1,50,23.0,-74,1024,4,1000.0,10,paper_reference_kkt,update,coordinated_aggregate,True,bayesian,0.1,7805,0.1547,2.2856265219584944,0.07637683129593728,0.1547,2.2856265219584944,0.07637683129593728,0.157,2.2742793224684195,0.09596131634116176,4.089289727030881,2.0380116650408824,2.051278061989999,9.99999999999904e-05,10000.000000000962,9999.999999697438,10000.000000728884,1.8679068531581327e-08,5.225089492299486e-06,7.288836059160531e-07,0.03931393712886583,0.0026246607303619385,0.0,0.0,0.0,9.721913260619838e-07,1.383941707899794e-07,15610,452690,16,464,0.034658122581449305,0.03465812825561944,0.06432455078463045,0.01686225727952255,0.19952623149688797,3.745368097106767e-07,0.03957413783543707,0.03931393534427953,1.4073019236824931e-06,0.9925334460805191,0.9836908945918073,0.01667665175123094,0.01667663476680618,0.06237748081333521,0.01622699753445535,0.19952623125523403,4.878703177937523e-12,9.981879604196593e-07,9.721919383293113e-07,4.810331487582465e-16,0.9925570827930119,0.97395679797119,0.052639593411667664,0.052639621744432694,0.06627162075592569,0.01749751702458975,0.19952623149688797,3.745368096789018e-07,0.0395741378228483,0.03931393533225889,2.8146038468839533e-06,0.9925098093680264,0.9934249912124244,1108.452097277157
sparse_bayesian_keep10_proposed_rep00_seed12026,sparse,bayesian_keep10,proposed,0,12026,30,30,60,natural_mean,40,1,50,23.0,-74,1024,4,1000.0,10,paper_reference_kkt,update,coordinated_aggregate,True,bayesian,0.1,7805,0.157,2.279391773224026,0.08010578144699333,0.157,2.279391773224026,0.08010578144699333,0.1572,2.2675897885864007,0.09710825891345741,4.069864518410169,2.028663728156573,2.0412007902535954,9.999999999999004e-05,10000.000000000997,9999.999999705258,10000.000000703627,1.9041489494680253e-08,5.3267086294294855e-06,7.036269380478188e-07,0.038979790402407656,0.0031464844942092896,0.0,0.0,0.0,9.369487505921572e-07,1.305161276832223e-07,15610,468300,16,480,0.03693647926468163,0.03693647005952808,0.06386494712100775,0.016320062110712324,0.19952623149688797,3.7256342295651743e-07,0.03907101849866222,0.038979783736338765,1.4120831463554212e-06,0.9920329546754725,0.9854940469598679,0.014487849970243775,0.014487861930439503,0.06824558930928007,0.015947779716080083,0.19952623012032444,4.786890077617552e-12,9.626285932324783e-07,9.369487246145655e-07,4.653478256833145e-16,0.9919188481095503,0.9733231500621526,0.05938510855911949,0.05938507818861666,0.059484304932735425,0.016692344505344563,0.19952623149688797,3.725634229257652e-07,0.03907101848680364,0.03897978372507815,2.824166292245495e-06,0.9921470612413946,0.9976649438575832,1143.4677162151784
sparse_bayesian_keep10_proposed_rep00_seed12026,sparse,bayesian_keep10,proposed,0,12026,31,31,62,natural_mean,40,1,50,23.0,-74,1024,4,1000.0,10,paper_reference_kkt,update,coordinated_aggregate,True,bayesian,0.1,7805,0.1576,2.270268509056939,0.08783541942477223,0.1576,2.270268509056939,0.08783541942477223,0.1577,2.2633858613446876,0.09772968593388798,4.097977836942578,2.0474460590430805,2.050531777899497,9.999999999998937e-05,10000.000000001062,9999.999999673062,10000.000000735785,1.9388057715855012e-08,5.424382630096157e-06,7.35784851713106e-07,0.037897405831627505,0.0023471061140298843,0.0,0.0,0.0,9.716930226293944e-07,1.489461283199489e-07,15610,483910,16,496,0.036166512367931176,0.036166494662581455,0.07786097799036741,0.01694361426649386,0.19952623149688797,3.720450631166217e-07,0.038190856207385965,0.037897405602866925,1.4140356777847187e-06,0.991376993642382,0.9820906927453175,0.022243647467747457,0.02224364039564941,0.0789314370825926,0.016625466258734872,0.19952623100305517,4.8616086542745644e-12,9.998227823863347e-07,9.716929633154344e-07,4.833640605140137e-16,0.990567569226079,0.9718651976782837,0.050089377268114896,0.0500893489295135,0.07679051889814222,0.01726176227425285,0.19952623149688797,3.7204506308485776e-07,0.03819085619429846,0.03789740559040978,2.8280713550860734e-06,0.9921864180586849,0.9923161878123513,1178.596104290802
sparse_bayesian_keep10_proposed_rep00_seed12026,sparse,bayesian_keep10,proposed,0,12026,32,32,64,natural_mean,40,1,50,23.0,-74,1024,4,1000.0,10,paper_reference_kkt,update,coordinated_aggregate,True,bayesian,0.1,7805,0.1558,2.2716839668394777,0.0951451580610871,0.1558,2.2716839668394777,0.0951451580610871,0.1583,2.26300692398181,0.10217484709322452,4.075543794195885,2.0342196565025135,2.0413241376933713,9.999999999998881e-05,10000.00000000112,9999.999999630707,10000.000000793525,1.9805418461360882e-08,5.541678270673193e-06,7.935250323498622e-07,0.03840248941689216,0.0027842968702316284,0.0,0.0,0.0,9.792159668896857e-07,1.647367753321305e-07,15610,499520,16,512,0.03816863334039051,0.038168634078742,0.0690573784430111,0.01513325538505167,0.19952623149688797,3.721737751456229e-07,0.03870876786511666,0.03840249295107999,1.4162208552961183e-06,0.990041285091116,0.9750437625334945,0.022000775802426247,0.022000785157216148,0.07118330268999404,0.014856286635816887,0.19952623140703346,4.8811289605864675e-12,1.0221460393844837e-06,9.792158505306763e-07,4.966490227126353e-16,0.9885312570790393,0.9579999292716918,0.05433649087835477,0.05433648300026785,0.06693145419602818,0.01541022413428645,0.19952623149688797,3.721737751136145e-07,0.03870876785162123,0.038402492938595593,2.8324417100955878e-06,0.9915513131031926,0.9920875957952972,1214.3700951389037
sparse_bayesian_keep10_proposed_rep00_seed12026,sparse,bayesian_keep10,proposed,0,12026,33,33,66,natural_mean,40,1,50,23.0,-74,1024,4,1000.0,10,paper_reference_kkt,update,coordinated_aggregate,True,bayesian,0.1,7805,0.1515,2.254378484509769,0.09030813424855472,0.1515,2.254378484509769,0.09030813424855472,0.1589,2.250883403312998,0.09691273836791514,4.0512786963824965,2.0191765286576437,2.0321021677248523,9.999999999998838e-05,10000.000000001166,9999.999999655667,10000.000000824333,2.002801705775579e-08,5.604483497864676e-06,8.243332558777183e-07,0.0385009940640471,0.0022923555225133896,0.0,0.0,0.0,9.615606389521525e-07,1.203734427690506e-07,15610,515130,16,528,0.03735919885295842,0.037359183029256095,0.06091029168048348,0.015263553045366814,0.19952623149688797,3.7425391531362646e-07,0.03884518385271179,0.038501000709058084,1.4171469267276379e-06,0.9907607766187525,0.9747589031108823,0.031044205667974806,0.03104420422061058,0.06435421564796248,0.014764983889133438,0.19952623003151923,4.8485256559327656e-12,1.003320923066613e-06,9.615608140143076e-07,4.80977006344445e-16,0.989637184132683,0.9583781492020957,0.04367419203794203,0.04367416183790161,0.057466367713004486,0.01576212220160019,0.19952623149688797,3.742539152822197e-07,0.03884518383975455,0.03850100069705061,2.8342938529742986e-06,0.9918843691048219,0.9911396570196688,1251.3874452798627
sparse_bayesian_keep10_proposed_rep00_seed12026,sparse,bayesian_keep10,proposed,0,12026,34,34,68,natural_mean,40,1,50,23.0,-74,1024,4,1000.0,10,paper_reference_kkt,update,coordinated_aggregate,True,bayesian,0.1,7805,0.1522,2.270164510307635,0.10603387450903652,0.1522,2.270164510307635,0.10603387450903652,0.1587,2.247208168851934,0.09965644344538449,4.042107181283636,2.014919859656757,2.027187321626879,9.99999999999879e-05,10000.000000001211,9999.999999631546,10000.00000081581,2.011967002108112e-08,5.630797719662719e-06,8.158094715327024e-07,0.03684614607466044,0.0024262070655822754,0.0,0.0,0.0,9.78237090291148e-07,1.5035948308650404e-07,15610,530740,16,544,0.03925596155192851,0.039255972727146975,0.07646804128788658,0.015630858915263515,0.19952623149688797,3.722500631189562e-07,0.03734262435891598,0.03684614462547258,1.4245214757236962e-06,0.9905648525482625,0.9741026950432853,0.02875884231225225,0.028758836859188754,0.07166446181984747,0.015014124253197123,0.1995262295784764,4.955969253936148e-12,1.017405544182119e-06,9.782359915688858e-07,5.046901000269118e-16,0.9888188905467945,0.9615005970290803,0.049753080791604766,0.04975310859510519,0.08127162075592569,0.016247593577329907,0.19952623149688797,3.722500630859654e-07,0.037342624345056294,0.036846144612486885,2.8490429509427023e-06,0.9923108145497306,0.9867047930574903,1288.3992024571635
sparse_bayesian_keep10_proposed_rep00_seed12026,sparse,bayesian_keep10,proposed,0,12026,35,35,70,natural_mean,40,1,50,23.0,-74,1024,4,1000.0,10,paper_reference_kkt,update,coordinated_aggregate,True,bayesian,0.1,7805,0.1577,2.250408791748649,0.08946163444176317,0.1577,2.250408791748649,0.08946163444176317,0.1592,2.240005615966513,0.0972490127533674,4.04801598353604,2.0170873399283256,2.0309286436077145,9.999999999998727e-05,10000.000000001275,9999.999999579855,10000.000000780667,2.040287677897023e-08,5.710853305931135e-06,7.806665962561965e-07,0.036738465904312366,0.002447947859764099,0.0,0.0,0.0,9.862291298504567e-07,1.2270538718439639e-07,15610,546350,16,560,0.05614513550023181,0.05614516951966289,0.07862050973324652,0.01472622600061967,0.19952623149688797,3.7731699380786767e-07,0.03683884528946898,0.036738460877767505,1.4257683358477472e-06,0.9891030601645937,0.9740811343079142,0.03407163693563323,0.03407162759494321,0.07180860434797928,0.013953725396379386,0.19952623109066214,5.0933196569130284e-12,1.037166650101041e-06,9.862284956715416e-07,5.294734151236056e-16,0.986596001740743,0.9508871689269388,0.0782186340648304,0.07821871144438257,0.08543241511851378,0.015498726604859951,0.19952623149688797,3.7731699377349084e-07,0.036838845274868706,0.03673846086453006,2.851536671166021e-06,0.9916101185884444,0.9972750996888896,1325.1921934518032
sparse_bayesian_keep10_proposed_rep00_seed12026,sparse,bayesian_keep10,proposed,0,12026,36,36,72,natural_mean,40,1,50,23.0,-74,1024,4,1000.0,10,paper_reference_kkt,update,coordinated_aggregate,True,bayesian,0.1,7805,0.1514,2.2468609722781037,0.10742328329473735,0.1514,2.2468609722781037,0.10742328329473735,0.1535,2.2365625754477834,0.10930266145169734,4.030439567186724,2.0182559894994054,2.0121835776873183,9.99999999999867e-05,10000.00000000133,9999.999999641677,10000.000000853865,2.085976623382618e-08,5.839228952500608e-06,8.538645488442853e-07,0.03740857975364648,0.00312100350856781,0.0,0.0,0.0,9.86643975428647e-07,1.4906618162058294e-07,15610,561960,16,576,0.03880872265067622,0.03880870426958249,0.0770442705209946,0.014688431591273251,0.19952623149688797,3.750191897262267e-07,0.03813582263482099,0.03740857723189972,1.4279690288249233e-06,0.9906250189658226,0.9733303749171591,0.019707062105321266,0.01970705870853134,0.07375221817203406,0.014250723021353374,0.19952623045377504,4.964787151607503e-12,1.0216555113152167e-06,9.866440042747677e-07,5.126813365159102e-16,0.9899899670235798,0.9657305692543878,0.05791038319603117,0.05791034983063363,0.08033632286995515,0.015126140161193128,0.19952623149688797,3.750191896933629e-07,0.038135822621135955,0.03740857721888845,2.855938057137165e-06,0.9912600709080654,0.9809301805799303,1359.5491821868345
sparse_bayesian_keep10_proposed_rep00_seed12026,sparse,bayesian_keep10,proposed,0,12026,37,37,74,natural_mean,40,1,50,23.0,-74,1024,4,1000.0,10,paper_reference_kkt,update,coordinated_aggregate,True,bayesian,0.1,7805,0.1597,2.239107472756813,0.09405539508357644,0.1597,2.239107472756813,0.09405539508357644,0.1601,2.2370388432377593,0.1060945419460535,4.014763227276963,2.0159726747698623,1.9987905525071008,9.999999999998614e-05,10000.000000001388,9999.999999633013,10000.000000934342,2.1141873349036212e-08,5.918913739402479e-06,9.343420970253646e-07,0.03755809026307477,0.002622421830892563,0.0,0.0,0.0,1.024684353830348e-06,1.8127502698916942e-07,15610,577570,16,592,0.038060284050099674,0.0380603036361172,0.08698962666064122,0.01483173294976953,0.19952623149688797,3.7708582359909697e-07,0.03769715377130946,0.03755808713577089,1.432037600505299e-06,0.9898139932927246,0.973179405866913,0.020611451095218343,0.020611459471082488,0.08072172609514536,0.013983718098510773,0.19952623101236464,5.122629696488288e-12,1.0785615620236645e-06,1.0246851292726862e-06,5.370202857620627e-16,0.9882431841795336,0.9500478828983164,0.055509117004981005,0.055509147801151904,0.09325752722613709,0.015679747801028286,0.19952623149688797,3.7708582356430207e-07,0.03769715375587998,0.037558087121792816,2.864075200473578e-06,0.9913848024059155,0.9963109288355096,1394.0711494497955
sparse_bayesian_keep10_proposed_rep00_seed12026,sparse,bayesian_keep10,proposed,0,12026,38,38,76,natural_mean,40,1,50,23.0,-74,1024,4,1000.0,10,paper_reference_kkt,update,coordinated_aggregate,True,bayesian,0.1,7805,0.1461,2.239890990243079,0.10159832835286851,0.1461,2.239890990243079,0.10159832835286851,0.1468,2.245818635065408,0.11593124810457228,4.001097054604745,2.0070391577233377,1.994057896881407,9.999999999998552e-05,10000.00000000145,9999.99999957184,10000.000000934959,2.156176934923775e-08,6.037105190057137e-06,9.349587344331667e-07,0.040121589989949205,0.0029053352773189545,0.0,0.0,0.0,9.704276872053864e-07,1.113930920837447e-07,15610,593180,16,608,0.03819440628814759,0.03819441278552116,0.08910579963621733,0.016076578789609084,0.19952623149688797,3.7475425187946696e-07,0.0406251765565094,0.04012158702766314,1.4335456966484133e-06,0.9888610584414781,0.9737421288994895,0.022694437841516542,0.022694434468184897,0.09447040772855253,0.015702983006094382,0.19952622956180668,5.018691747322788e-12,1.0109879136975306e-06,9.704273755496818e-07,5.140271926844871e-16,0.9871942346525048,0.9598802675082077,0.05369437473477863,0.053694391102857425,0.08374119154388213,0.016450174573123786,0.19952623149688797,3.7475425184586193e-07,0.0406251765439298,0.0401215870159272,2.8670913927827996e-06,0.9905278822304514,0.9876039902907714,1428.6132037881762
sparse_bayesian_keep10_proposed_rep00_seed12026,sparse,bayesian_keep10,proposed,0,12026,39,39,78,natural_mean,40,1,50,23.0,-74,1024,4,1000.0,10,paper_reference_kkt,update,coordinated_aggregate,True,bayesian,0.1,7805,0.1528,2.270708966222088,0.10833940246656537,0.1528,2.270708966222088,0.10833940246656537,0.1534,2.2785345270153132,0.10140802249759436,4.057576204531236,2.034212787013878,2.023363417517357,9.999999999998492e-05,10000.000000001512,9999.999999555672,10000.00000091137,2.20226783366462e-08,6.166696468442048e-06,9.11370079847984e-07,0.05942489434079442,0.004083946347236633,0.0,0.0,0.0,1.0757216042871719e-06,1.4931538316886872e-07,15610,608790,16,624,0.02234588446387488,0.022345878296899675,0.09420880031889776,0.014572120161851894,0.19952623149688797,3.727105783424129e-07,0.06119558307879587,0.05942489713522539,1.4444712217617238e-06,0.9858831656847226,0.9601652483590268,0.026142099213205233,0.02614209598178889,0.09749191197668086,0.013455127312972581,0.1995262312374082,5.546810154277954e-12,1.1332156106076708e-06,1.0757222841658186e-06,6.309308264857701e-16,0.9820005522837394,0.9492653277585834,0.01854966971454453,0.01854966061201046,0.09092568866111467,0.01568911301073121,0.19952623149688797,3.727105783011381e-07,0.061195583068303465,0.059424897125488915,2.888942442892517e-06,0.9897657790857057,0.9710651689594704,1462.9983706981875
sparse_bayesian_keep10_proposed_rep00_seed12026,sparse,bayesian_keep10,proposed,0,12026,40,40,80,natural_mean,40,1,50,23.0,-74,1024,4,1000.0,10,paper_reference_kkt,update,coordinated_aggregate,True,bayesian,0.1,7805,0.1335,2.304591348997072,0.13199643715366718,0.1335,2.304591348997072,0.13199643715366718,0.1371,2.3053155727169043,0.13929712149947882,4.017704822623706,2.0059806649300973,2.0117241576936085,9.999999999998483e-05,10000.00000000152,9999.99999951289,10000.000000932092,2.2344975770928057e-08,6.256698152510185e-06,9.320920071331784e-07,0.07333404159629751,0.005425006151199341,0.0,0.0,0.0,9.353499631529654e-07,1.3331919035408646e-07,15610,624400,16,640,0.020698624654985162,0.020698629403339212,0.06937784799069116,0.01533252213376016,0.19952623149688797,3.763482719448819e-07,0.07423969689931773,0.0733340401753556,1.4307726083769967e-06,0.9895571556110583,0.9699237338861297,0.02383579514493648,0.02383580098049356,0.07546934108067765,0.014995884422685955,0.1995262313354033,4.7135143025853686e-12,9.824626134522772e-07,9.353501205089039e-07,4.4332227915514886e-16,0.9875163123903667,0.9520465578454993,0.01756145416503384,0.017561457826184866,0.06328635490070468,0.015669159844834368,0.19952623149688797,3.763482719153651e-07,0.07423969689281694,0.07333404016939056,2.861545216310671e-06,0.9915979988317499,0.9878009099267602,1497.3684591678903
sparse_bayesian_keep10_proposed_rep00_seed12026,sparse,bayesian_keep10,proposed,0,12026,41,41,82,natural_mean,40,1,50,23.0,-74,1024,4,1000.0,10,paper_reference_kkt,update,coordinated_aggregate,True,bayesian,0.1,7805,0.1478,2.3146533483718104,0.10087372836112977,0.1478,2.3146533483718104,0.10087372836112977,0.1469,2.322511305457265,0.11312704412788153,4.158364068442737,2.0841263856375907,2.0742376828051468,9.999999999998427e-05,10000.000000001573,9999.999999592797,10000.000000982878,2.2769626924072934e-08,6.376084584836969e-06,9.828781912801787e-07,0.0990418794608149,0.007407393306493759,0.0,0.0,0.0,1.1173837078529552e-06,1.591197360539809e-07,15610,640010,16,656,0.01580217337809707,0.015802169019591587,0.08366646452271204,0.013275071088012704,0.19952623149688797,3.7608483309754386e-07,0.10052753258388679,0.0990418788913885,1.4537512127444011e-06,0.9864176575769399,0.9699099151270578,0.02206605351308611,0.022066040466462166,0.08655752617738159,0.012775706326197487,0.1995262312708823,5.467671313265458e-12,1.1705267648985837e-06,1.1173830216725116e-06,6.199799830117744e-16,0.9839541728686478,0.9545984057413981,0.009538293243108028,0.009538297572721005,0.0807754028680425,0.01377443584982792,0.19952623149688797,3.7608483305779827e-07,0.10052753257707207,0.09904187888508538,2.9075024248688225e-06,0.9888811422852319,0.9852214245127174,1532.8116542161442
sparse_bayesian_keep10_proposed_rep00_seed12026,sparse,bayesian_keep10,proposed,0,12026,42,42,84,natural_mean,40,1,50,23.0,-74,1024,4,1000.0,10,paper_reference_kkt,update,coordinated_aggregate,True,bayesian,0.1,7805,0.1422,2.2742615729868243,0.13445514331459996,0.1422,2.2742615729868243,0.13445514331459996,0.147,2.268955956151309,0.13507342133522032,4.104241613839303,2.0570631990375863,2.047178414801717,9.999999999998396e-05,10000.000000001606,9999.999999588741,10000.000001056938,2.3070595913815353e-08,6.460557412439241e-06,1.0569383448455483e-06,0.08258530720114235,0.0046857185661792755,0.0,0.0,0.0,8.760067483945548e-07,9.251016308553517e-08,15610,655620,16,672,0.0233945713355016,0.023394579691133472,0.06985679659607294,0.016138962478492856,0.19952623149688797,3.818245458443374e-07,0.08326594253787424,0.08258531170654033,1.441698744224131e-06,0.9900274441617917,0.9736129416031232,0.033596590637550806,0.0335966108439578,0.07297432349323493,0.015922936529373457,0.19952623081354684,4.566297337711229e-12,9.169006359195204e-07,8.760069813887182e-07,4.0618490724257036e-16,0.9888209951781792,0.9554000924574128,0.013192552033452399,0.013192548538309146,0.06673926969891096,0.016354988427612255,0.19952623149688797,3.818245458170329e-07,0.08326594253282592,0.0825853117018943,2.883397488042077e-06,0.9912338931454041,0.9918257907488335,1567.8077297979034
sparse_bayesian_keep10_proposed_rep00_seed12026,sparse,bayesian_keep10,proposed,0,12026,43,43,86,natural_mean,40,1,50,23.0,-74,1024,4,1000.0,10,paper_reference_kkt,update,coordinated_aggregate,True,bayesian,0.1,7805,0.1589,2.260676777765717,0.09429393513977527,0.1589,2.260676777765717,0.09429393513977527,0.1586,2.2573466834330653,0.10167928232401609,4.052367271059312,2.02067566107566,2.0316916099836524,9.999999999998338e-05,10000.000000001664,9999.999999555399,10000.000001060318,2.331542842682195e-08,6.529960248669266e-06,1.0603180271573365e-06,0.05068777719600484,0.0034272661432623863,0.0,0.0,0.0,9.76513654532535e-07,1.7651655070949346e-07,15610,671230,16,688,0.033536252333765136,0.03353625545702208,0.07799881877518322,0.014933606432279298,0.19952623149688797,3.8199949356381723e-07,0.050777916247460975,0.05068777485348949,1.44432735242761e-06,0.9878857215565052,0.9712182601654348,0.023305645226191343,0.023305649919878428,0.07707387073422295,0.014166525026411065,0.19952623070652006,5.012390112778946e-12,1.0342107824709403e-06,9.765139541609186e-07,5.026063813583626e-16,0.9866150852101798,0.9442117170844878,0.04376685944133893,0.043766860994165734,0.07892376681614349,0.01570068783814753,0.19952623149688797,3.8199949353093234e-07,0.05077791623692892,0.050687774844083086,2.8886547043526134e-06,0.9891563579028306,0.9982248032463817,1603.4351518661715
sparse_bayesian_keep10_proposed_rep00_seed12026,sparse,bayesian_keep10,proposed,0,12026,44,44,88,natural_mean,40,1,50,23.0,-74,1024,4,1000.0,10,paper_reference_kkt,update,coordinated_aggregate,True,bayesian,0.1,7805,0.1394,2.274439587508691,0.14307353779405355,0.1394,2.274439587508691,0.14307353779405355,0.1485,2.2487656516428136,0.123528112603724,3.9974647764657174,2.001722099956414,1.9957426765093034,9.99999999999829e-05,10000.000000001712,9999.999999578591,10000.000001119715,2.373063658447526e-08,6.646594028788519e-06,1.1197153071407229e-06,0.053756767600744826,0.003528885543346405,0.0,0.0,0.0,9.054777740756571e-07,2.0155312085989863e-07,15610,686840,16,704,0.029028394350395382,0.029028392301187783,0.07422701417570096,0.016661861856789,0.19952623149688797,3.8177920937019703e-07,0.05450198480752813,0.05375677089734552,1.4382587963564345e-06,0.9889084704159581,0.9697408493781587,0.023343902004949874,0.023343891156070867,0.06953026153525842,0.0158885856041907,0.19952623090726646,4.576850246367008e-12,9.499798534579893e-07,9.054779342489705e-07,4.134433552882465e-16,0.9883152109658694,0.9531548445882578,0.03471288669584089,0.034712893446304696,0.07892376681614349,0.017435138109387304,0.19952623149688797,3.817792093427629e-07,0.05450198479924897,0.05375677088971959,2.8765175922994255e-06,0.9895017298660467,0.9863268541680598,1638.8282966869883
sparse_bayesian_keep10_proposed_rep00_seed12026,sparse,bayesian_keep10,proposed,0,12026,45,45,90,natural_mean,40,1,50,23.0,-74,1024,4,1000.0,10,paper_reference_kkt,update,coordinated_aggregate,True,bayesian,0.1,7805,0.1586,2.270619585650952,0.10722126530095939,0.1586,2.270619585650952,0.10722126530095939,0.1568,2.261782791147891,0.10704227853119373,4.011300225001917,2.002563453052437,2.0087367719494797,9.999999999998248e-05,10000.000000001754,9999.999999564454,10000.000001086017,2.3956566520042123e-08,6.710411187847424e-06,1.0860167094506323e-06,0.058024609343743164,0.004098981618881226,0.0,0.0,0.0,9.925282670877509e-07,1.1792690202128142e-07,15610,702450,16,720,0.030066195361732932,0.03006618730018109,0.08333843217801384,0.014731925991014808,0.19952623149688797,3.8068817147644914e-07,0.05861562330510801,0.05802461525935319,1.4506130733174269e-06,0.9865831158526789,0.9720707623594592,0.026901497189603787,0.026901478883369374,0.07386456454821216,0.013509818748608175,0.1995262312366918,5.128374774383364e-12,1.0401409962853955e-06,9.925277709966441e-07,5.261710181268997e-16,0.9847519819519098,0.9542242408457596,0.03323089353386208,0.03323089571699281,0.09281229980781551,0.01595403323342144,0.19952623149688797,3.8068817144190613e-07,0.0586156232958793,0.058024615250864456,2.901226146108683e-06,0.9884142497534479,0.9899172838731588,1673.86832968425
sparse_bayesian_keep10_proposed_rep00_seed12026,sparse,bayesian_keep10,proposed,0,12026,46,46,92,natural_mean,40,1,50,23.0,-74,1024,4,1000.0,10,paper_reference_kkt,update,coordinated_aggregate,True,bayesian,0.1,7805,0.147,2.262974151188966,0.12052422205284233,0.147,2.262974151188966,0.12052422205284233,0.1471,2.2540907655052846,0.1296664447695017,3.982432784427468,1.9853488505005124,1.9970839339269557,9.999999999998226e-05,10000.000000001774,9999.99999952961,10000.00000112703,2.422118662395601e-08,6.784539544459573e-06,1.1270294635323808e-06,0.06166929351657501,0.003991816192865372,0.0,0.0,0.0,8.675189149832201e-07,1.6025296645238996e-07,15610,718060,16,736,0.02831204694350027,0.028312043222389616,0.06118553911692444,0.013905916141819045,0.19952623149688797,3.792569555657492e-07,0.062275942706517345,0.06166929209309384,1.4449568585438218e-06,0.9897355174714104,0.9790443160807192,0.031701523107554544,0.03170152679677318,0.06265615190457277,0.01353809638190112,0.19952623084827859,4.537339930265624e-12,8.963548491831484e-07,8.675191173771855e-07,4.1160834553513553e-16,0.9886909714115029,0.9678300018557213,0.024922570779446,0.024922559648006045,0.05971492632927611,0.01427373590173697,0.19952623149688797,3.792569555386074e-07,0.0622759427000666,0.061669292086992025,2.889913716676035e-06,0.990780063531318,0.9902586303057169,1709.2242449461482
sparse_bayesian_keep10_proposed_rep00_seed12026,sparse,bayesian_keep10,proposed,0,12026,47,47,94,natural_mean,40,1,50,23.0,-74,1024,4,1000.0,10,paper_reference_kkt,update,coordinated_aggregate,True,bayesian,0.1,7805,0.1569,2.2574066538034576,0.10344693303838372,0.1569,2.2574066538034576,0.10344693303838372,0.1578,2.2609950232966285,0.11145435808598993,4.021386758565428,2.0185705256983484,2.0028162328670795,9.999999999998171e-05,10000.00000000183,9999.999999436557,10000.0000011884,2.45321309943398e-08,6.872348961973135e-06,1.1884003470186144e-06,0.06209423619319179,0.0036042556166648865,0.0,0.0,0.0,9.878922445500396e-07,1.2633245205506682e-07,15610,733670,16,752,0.02735355801198125,0.02735355496149399,0.08272729066562964,0.014483417178051551,0.19952623149688797,3.7762706707452373e-07,0.0629259915640845,0.06209423646448867,1.4537535988455887e-06,0.9852529457736594,0.967611057311898,0.027971475519376458,0.027971457709055538,0.07669096826271349,0.013639173878426144,0.19952623147745574,5.224729323762369e-12,1.0415972601134435e-06,9.878926023572338e-07,5.471054320829296e-16,0.9826048613423571,0.948440077695239,0.026735640504586045,0.026735652213932443,0.0887636130685458,0.01532766047767696,0.19952623149688797,3.776270670383799e-07,0.06292599155546387,0.06209423645663019,2.907507197144072e-06,0.9879010302049618,0.986782036928557,1744.5081791700795
sparse_bayesian_keep10_proposed_rep00_seed12026,sparse,bayesian_keep10,proposed,0,12026,48,48,96,natural_mean,40,1,50,23.0,-74,1024,4,1000.0,10,paper_reference_kkt,update,coordinated_aggregate,True,bayesian,0.1,7805,0.1509,2.2534164911772754,0.10947033294558525,0.1509,2.2534164911772754,0.10947033294558525,0.147,2.2538798138912535,0.1288799651429057,3.983582617606131,1.989397822507096,1.9941847950990346,9.999999999998136e-05,10000.000000001866,9999.99999951004,10000.000001159517,2.4793828543564288e-08,6.94598723052402e-06,1.1595166142797098e-06,0.06461545234412286,0.004228163510560989,0.0,0.0,0.0,8.524781534078981e-07,1.1443080438766629e-07,15610,749280,16,768,0.029568252366437963,0.02956825882146857,0.07471600901418471,0.015251817309027247,0.19952623149688797,3.7928190114483073e-07,0.06553671783709822,0.06461545338172713,1.4495157851688226e-06,0.988169664862399,0.964540552491115,0.03367611133562018,0.03367611702350844,0.07511427299313561,0.014853949169350091,0.19952623091184296,4.544489724209025e-12,9.038744680630324e-07,8.524786440044181e-07,4.173940491728128e-16,0.9863517613364609,0.9431383308515787,0.025460393397255747,0.025460400619428704,0.07431774503523382,0.015649685448704403,0.19952623149688797,3.792819011176051e-07,0.06553671783086516,0.06461545337610371,2.899031569920251e-06,0.9899875683883371,0.9859427741306515,1779.821229109075
sparse_bayesian_keep10_proposed_rep00_seed12026,sparse,bayesian_keep10,proposed,0,12026,49,49,98,natural_mean,40,1,50,23.0,-74,1024,4,1000.0,10,paper_reference_kkt,update,coordinated_aggregate,True,bayesian,0.1,7805,0.1577,2.274245224113242,0.11165345309406519,0.1577,2.274245224113242,0.11165345309406519,0.1575,2.26914934067059,0.11435407381802795,4.032691691646993,2.026099665359285,2.006592026287708,9.999999999998072e-05,10000.00000000193,9999.999999478518,10000.000001080396,2.5022545355390734e-08,7.0110571154275975e-06,1.0803960321936756e-06,0.07210710375829214,0.005058426409959793,0.0,0.0,0.0,9.996290162906517e-07,1.1990414350293577e-07,15610,764890,16,784,0.0159243703149844,0.01592436647487993,0.10038574102610778,0.01567223373306238,0.19952623149688797,3.8240770455490746e-07,0.07269452710342647,0.07210710123172762,1.4590942069887965e-06,0.987052053961142,0.977520912387132,0.016898717338693955,0.016898703458153197,0.09518852241095996,0.01466662506036652,0.1995262313208997,5.089925129374351e-12,1.037903531197173e-06,9.996282958721277e-07,5.307279838037964e-16,0.9857205305527048,0.9631225907056171,0.014950023291274844,0.014950029491606665,0.10558295964125561,0.016677842405758238,0.19952623149688797,3.824077045210335e-07,0.07269452709601709,0.07210710122479864,2.918188413446865e-06,0.9883835773695794,0.9919192340686469,1814.9586553270929
sparse_bayesian_keep10_proposed_rep00_seed12026,sparse,bayesian_keep10,proposed,0,12026,50,50,100,natural_mean,40,1,50,23.0,-74,1024,4,1000.0,10,paper_reference_kkt,update,coordinated_aggregate,True,bayesian,0.1,7805,0.144,2.264506875719258,0.13397321444630625,0.144,2.264506875719258,0.13397321444630625,0.1514,2.2480970852680313,0.13106596953570843,3.994620932546808,1.9972274909199583,1.99739344162685,9.99999999999804e-05,10000.000000001963,9999.999999474629,10000.000001101856,2.5269029512397244e-08,7.080416552171428e-06,1.1018564691767097e-06,0.06519416038725889,0.003774590790271759,0.0,0.0,0.0,8.776466458143864e-07,1.4933357306290418e-07,15610,780500,16,800,0.03217472227130594,0.032174716870721654,0.0677262571356129,0.014691462719192146,0.19952623149688797,3.8369647493379384e-07,0.06602186238748055,0.06519415736934132,1.4543095401381344e-06,0.9887298305099455,0.9631446176149636,0.03330071018420663,0.033300700415443855,0.06873886917193045,0.014205393680146408,0.19952623088742744,4.5307882924724155e-12,9.348337960416842e-07,8.776463612222852e-07,4.0160786657787985e-16,0.9880885041006352,0.9388260760866678,0.03104873435840525,0.03104873332599945,0.06671364509929532,0.015177531758237885,0.19952623149688797,3.836964749070435e-07,0.06602186238086218,0.06519415736343387,2.908619079874661e-06,0.9893711569192556,0.9874631591432594,1850.0859826821834
sparse_bayesian_keep10_proposed_rep00_seed12026,sparse,bayesian_keep10,proposed,0,12026,51,51,102,natural_mean,40,1,50,23.0,-74,1024,4,1000.0,10,paper_reference_kkt,update,coordinated_aggregate,True,bayesian,0.1,7805,0.1612,2.236037636006263,0.10102798556670547,0.1612,2.236037636006263,0.10102798556670547,0.1609,2.238730992348831,0.11199927069246769,4.010171380242108,2.0049760071468166,2.0051953730952907,9.999999999997972e-05,10000.000000002032,9999.999999457808,10000.000001084876,2.559941107742525e-08,7.173910358863229e-06,1.084876203094609e-06,0.05049243038478316,0.003350377082824707,0.0,0.0,0.0,9.284235031933491e-07,1.5263140085153282e-07,15610,796110,16,816,0.03483005969860053,0.03483006672578247,0.08706188540463923,0.014871627316316815,0.19952623149688797,3.8053554780357315e-07,0.05051299767613852,0.050492432895652396,1.4564881621709268e-06,0.9867558727955987,0.9768845507480794,0.029715056379383886,0.029715061757633596,0.08824933134739506,0.013992343460376366,0.19952623081843893,4.838382627956622e-12,9.730101577303723e-07,9.284230543990737e-07,4.697170774446381e-16,0.9852895539627096,0.9541761618500016,0.03994506301781717,0.03994507169393135,0.0858744394618834,0.015750911172257263,0.19952623149688797,3.8053554777281395e-07,0.05051299766676718,0.050492432887116766,2.9129763238721365e-06,0.988222191628488,0.9995929396461574,1885.9431359819137
sparse_bayesian_keep10_proposed_rep00_seed12026,sparse,bayesian_keep10,proposed,0,12026,52,52,104,natural_mean,40,1,50,23.0,-74,1024,4,1000.0,10,paper_reference_kkt,update,coordinated_aggregate,True,bayesian,0.1,7805,0.1481,2.2457163791362036,0.12547084715723988,0.1481,2.2457163791362036,0.12547084715723988,0.153,2.2365386373290987,0.12368511373251675,3.945103297224102,1.9719358193945458,1.973167477829556,9.99999999999793e-05,10000.000000002074,9999.99999953591,10000.000001135148,2.59042641766775e-08,7.259756864570903e-06,1.135147613240406e-06,0.052172215204743834,0.002958744764328003,0.0,0.0,0.0,8.610920160735762e-07,1.6823832993395627e-07,15610,811720,16,832,0.030339299176547145,0.030339307424403793,0.06258706891451146,0.014408092052541642,0.19952623149688797,3.8352879763578947e-07,0.05318410600337463,0.052172220326823115,1.4547410184989314e-06,0.9897692573127439,0.9680068328815568,0.026535986826019944,0.02653599181865253,0.06097170349205942,0.014119061678824327,0.19952623074725057,4.4906839893768105e-12,9.016291321928259e-07,8.610917471329846e-07,4.063565196250399e-16,0.9896417145303245,0.9550398161309336,0.034142611527074346,0.034142623030155056,0.06420243433696349,0.014697122426258957,0.19952623149688797,3.835287976094991e-07,0.05318410599573198,0.05217222031971704,2.9094820365915063e-06,0.9898968000951632,0.9809738496321798,1922.1751469480805
sparse_bayesian_keep10_proposed_rep00_seed12026,sparse,bayesian_keep10,proposed,0,12026,53,53,106,natural_mean,40,1,50,23.0,-74,1024,4,1000.0,10,paper_reference_kkt,update,coordinated_aggregate,True,bayesian,0.1,7805,0.1606,2.2400843653797486,0.12750299828231337,0.1606,2.2400843653797486,0.12750299828231337,0.1615,2.2390366263671835,0.11664207795113327,3.974645254389192,1.9840948127610074,1.9905504416281847,9.999999999997885e-05,10000.000000002117,9999.999999437909,10000.000001145316,2.623052709388986e-08,7.351579464695105e-06,1.1453157640062273e-06,0.05497198456645278,0.004038763232529163,0.0,0.0,0.0,9.60122105251176e-07,1.3502358342520893e-07,15610,827330,16,848,0.028814414671203978,0.028814416756365036,0.08770557428118733,0.013955039096202857,0.19952623149688797,3.7842090747635696e-07,0.05499715103225657,0.05497197864091262,1.4617428708681575e-06,0.9865752273812071,0.9792879462835288,0.024109110637302183,0.02410911126622048,0.09014529334136248,0.01346216657190802,0.19952623075427062,4.889125043764385e-12,1.0011351857042447e-06,9.601223191171994e-07,4.871696476456818e-16,0.9849401162478618,0.959033637783904,0.033519718705105776,0.03351972224650959,0.08526585522101217,0.014447911620497694,0.19952623149688797,3.784209074447737e-07,0.054997151023144536,0.054971978632528035,2.9234857412491453e-06,0.9882103385145523,0.9995422547831535,1958.4874932100065
sparse_bayesian_keep10_proposed_rep00_seed12026,sparse,bayesian_keep10,proposed,0,12026,54,54,108,natural_mean,40,1,50,23.0,-74,1024,4,1000.0,10,paper_reference_kkt,update,coordinated_aggregate,True,bayesian,0.1,7805,0.149,2.2379946293179502,0.12417440650463103,0.149,2.2379946293179502,0.12417440650463103,0.1512,2.2403106585676498,0.12970140655338763,3.931106400158012,1.9674870614266062,1.9636193387314056,9.999999999997844e-05,10000.000000002157,9999.999999514503,10000.000001183145,2.6541214918133387e-08,7.439016730797214e-06,1.1831452866317704e-06,0.0569396677486538,0.003936648368835449,0.0,0.0,0.0,8.851727249097042e-07,1.4968463801778853e-07,15610,842940,16,864,0.031042055873686317,0.031042041391127984,0.07581458214043482,0.014681440955395142,0.19952623149688797,3.805115621577662e-07,0.05796928583560323,0.05693966413659468,1.4580539693294304e-06,0.98810772430925,0.9617364228525308,0.02839995110058714,0.02839993746135377,0.06945427638849294,0.014218995692621961,0.19952623128799601,4.546751488864963e-12,9.404383879434293e-07,8.851728655689379e-07,4.1070023559787847e-16,0.9865350119707367,0.9412343209549774,0.0336841606467855,0.0336841453209022,0.08217488789237669,0.015143886218168324,0.19952623149688797,3.8051156213060153e-07,0.05796928582797484,0.05693966412971432,2.9161079382481604e-06,0.9896804366477633,0.9822385247500842,1994.78214136092
sparse_bayesian_keep10_proposed_rep00_seed12026,sparse,bayesian_keep10,proposed,0,12026,55,55,110,natural_mean,40,1,50,23.0,-74,1024,4,1000.0,10,paper_reference_kkt,update,coordinated_aggregate,True,bayesian,0.1,7805,0.1631,2.2343054253536376,0.11454748153969646,0.1631,2.2343054253536376,0.11454748153969646,0.1626,2.2386125408870097,0.11915103284716606,4.003442490124561,2.0068013534394225,1.9966411366851387,9.99999999999777e-05,10000.000000002232,9999.999999545997,10000.000001249366,2.702466296767279e-08,7.575286586753118e-06,1.2493655958678573e-06,0.06036210585446609,0.003829222172498703,0.0,0.0,0.0,9.726228917558574e-07,1.2190321285743266e-07,15610,858550,16,880,0.035139521084151804,0.03513951589757246,0.08910103030602695,0.015226118553997772,0.19952623149688797,3.7787002524142733e-07,0.06100356755314261,0.060362101505803845,1.4647598656216302e-06,0.9845258366117321,0.9719189075974377,0.025767003183567457,0.025766998365379427,0.08541538540385404,0.014118826806474876,0.1995262312704502,4.98406772465928e-12,1.0191451958293686e-06,9.726242994047718e-07,5.148090363836755e-16,0.9827941753346139,0.9543530067996273,0.044512038984736144,0.044512033429765493,0.09278667520819987,0.01633341030152067,0.19952623149688797,3.7787002520855764e-07,0.061003567544629524,0.060362101497967814,2.9295197307284516e-06,0.9862574978888503,0.989484808395248,2031.784147001803
sparse_bayesian_keep10_proposed_rep00_seed12026,sparse,bayesian_keep10,proposed,0,12026,56,56,112,natural_mean,40,1,50,23.0,-74,1024,4,1000.0,10,paper_reference_kkt,update,coordinated_aggregate,True,bayesian,0.1,7805,0.1426,2.2682615950257095,0.1367845057889819,0.1426,2.2682615950257095,0.1367845057889819,0.1504,2.2447666703901676,0.13526545886397362,3.904453714420023,1.9484440771296296,1.9560096372903935,9.999999999997751e-05,10000.000000002252,9999.999999491498,10000.000001261933,2.7349960140537735e-08,7.66631368698888e-06,1.2619329936569557e-06,0.061027597138651336,0.0031104013323783875,0.0,0.0,0.0,8.886084035247019e-07,1.3767566997557878e-07,15610,874160,16,896,0.032498850398541584,0.03249885510171635,0.07470144930769454,0.014653748131347196,0.19952623149688797,3.825148241716835e-07,0.062226176606862964,0.0610275963260857,1.4605141724067772e-06,0.9875610919372808,0.9577793705968154,0.03727989917021588,0.037279900781601656,0.0731184655596556,0.013909377199520451,0.1995262314812724,4.5702613483185655e-12,9.505660664456798e-07,8.886085328959671e-07,4.215161638523767e-16,0.986194090150089,0.9348204198822893,0.027717801626867287,0.02771780942183105,0.0762844330557335,0.015398119063173942,0.19952623149688797,3.825148241443809e-07,0.06222617659960255,0.06102759631961629,2.921028344392038e-06,0.9889280937244727,0.9807383213113414,2069.0791966002434
sparse_bayesian_keep10_proposed_rep00_seed12026,sparse,bayesian_keep10,proposed,0,12026,57,57,114,natural_mean,40,1,50,23.0,-74,1024,4,1000.0,10,paper_reference_kkt,update,coordinated_aggregate,True,bayesian,0.1,7805,0.1625,2.2458341157693025,0.10776948015034198,0.1625,2.2458341157693025,0.10776948015034198,0.1614,2.2484921062676593,0.12979323336184023,3.9764107561964632,1.982326686548191,1.9940840696482725,9.999999999997706e-05,10000.000000002292,9999.9999994461,10000.000001255868,2.765709106310468e-08,7.752808710863055e-06,1.2558684829855338e-06,0.06627502133104371,0.003855079412460327,0.0,0.0,0.0,9.272338102436414e-07,1.3074713933747262e-07,15610,889770,16,912,0.024642116193178777,0.024642114781106585,0.08174253423176314,0.01459056120853067,0.19952623149688797,3.755443061605449e-07,0.06672097173000015,0.06627502054708331,1.4662819449843033e-06,0.986686805824602,0.9771899688987409,0.026996447554781422,0.026996446148247293,0.08653119274283444,0.014336926015861767,0.1995262298163526,4.76037709651999e-12,9.648000369959102e-07,9.272343263638227e-07,4.638849330293188e-16,0.9858982900656237,0.9610637512557343,0.02228778483157613,0.022287783413965877,0.07695387572069186,0.014844196401199572,0.19952623149688797,3.7554430613037377e-07,0.06672097172302455,0.06627502054059697,2.932563889504722e-06,0.9874753215835803,0.9933161865417476,2106.1061195051298
sparse_bayesian_keep10_proposed_rep00_seed12026,sparse,bayesian_keep10,proposed,0,12026,58,58,116,natural_mean,40,1,50,23.0,-74,1024,4,1000.0,10,paper_reference_kkt,update,coordinated_aggregate,True,bayesian,0.1,7805,0.1497,2.244495820866437,0.13322134288176896,0.1497,2.244495820866437,0.13322134288176896,0.1534,2.238329458440926,0.13354091293513773,3.927924874762654,1.9659339419416118,1.961990932821042,9.999999999997667e-05,10000.000000002334,9999.999999347894,10000.000001213424,2.7824972266097254e-08,7.800490081781907e-06,1.2134241842431948e-06,0.06338175224387185,0.0032769739627838135,0.0,0.0,0.0,8.262769364837028e-07,1.305161276832223e-07,15610,905380,16,928,0.02818707150320212,0.02818708539714653,0.07230343283583682,0.014982722394701994,0.19952623149688797,3.772717102056592e-07,0.06436527892966046,0.06338175307774789,1.4647198065190912e-06,0.988982476159363,0.9729419844118152,0.02213628068939452,0.022136299316622383,0.06586567412779151,0.014460679906043583,0.19952623145120835,4.3753388434005975e-12,8.596624354700461e-07,8.262768800397953e-07,3.943236091513707e-16,0.9886559884021657,0.9611643208108787,0.034237862317009725,0.03423787147767068,0.07874119154388212,0.015504764883360403,0.19952623149688797,3.7727171018028805e-07,0.06436527892391963,0.063381753072362,2.929439612643859e-06,0.9893089639165602,0.9847196480127519,2143.123137116898
sparse_bayesian_keep10_proposed_rep00_seed12026,sparse,bayesian_keep10,proposed,0,12026,59,59,118,natural_mean,40,1,50,23.0,-74,1024,4,1000.0,10,paper_reference_kkt,update,coordinated_aggregate,True,bayesian,0.1,7805,0.1633,2.246116997212751,0.1252243052399158,0.1633,2.246116997212751,0.1252243052399158,0.163,2.233063684466614,0.1290787817507982,3.9567852699021935,1.9747255458035478,1.9820597240986457,9.99999999999762e-05,10000.000000002377,9999.999999423379,10000.000001152821,2.795506317893285e-08,7.837727531688805e-06,1.1528209142852575e-06,0.055023275832145974,0.0028772354125976562,0.0,0.0,0.0,9.463161118390896e-07,1.6726517060305923e-07,15610,920990,16,944,0.038709693191080176,0.038709709357257635,0.06623019085003132,0.013534381403872916,0.19952623149688797,3.8082952960314637e-07,0.05499255079681003,0.05502327798425348,1.466328850723126e-06,0.9861260343374727,0.9735814382780659,0.02960469437390541,0.029604689969437794,0.06558337977821767,0.013240751773972438,0.19952623121050111,4.78156872732392e-12,9.996958773101165e-07,9.463162092108824e-07,4.602881912388346e-16,0.985309528853152,0.9466040901828711,0.047814692008254944,0.04781472874507748,0.06687700192184497,0.013828011033773391,0.19952623149688797,3.808295295731285e-07,0.054992550787723415,0.05502327797611588,2.932657700985964e-06,0.9869425398217935,1.0005587863732608,2179.9901585541666
sparse_bayesian_keep10_proposed_rep00_seed12026,sparse,bayesian_keep10,proposed,0,12026,60,60,120,natural_mean,40,1,50,23.0,-74,1024,4,1000.0,10,paper_reference_kkt,update,coordinated_aggregate,True,bayesian,0.1,7805,0.1533,2.237165858587395,0.12679151508778336,0.1533,2.237165858587395,0.12679151508778336,0.1565,2.227110615605405,0.13409457461088894,3.8970323714299897,1.957639863334641,1.9393925080953487,9.999999999997579e-05,10000.000000002423,9999.999999498858,10000.000001169617,2.8189539178029697e-08,7.90402850046197e-06,1.1696174624376e-06,0.05300224188389798,0.002649528905749321,0.0,0.0,0.0,8.563867125604738e-07,1.511471054982394e-07,15610,936600,16,960,0.033046371211807465,0.033046347092162386,0.07853409559508252,0.01581381377409688,0.19952623149688797,3.806919861337545e-07,0.054342291179245585,0.05300223997759426,1.4638284577032278e-06,0.9883487290627186,0.9538148127606202,0.033533217057510965,0.03353321671494867,0.07658772994737197,0.015193914829125476,0.19952623140347922,4.4235594700480436e-12,9.185853891079556e-07,8.563871947881864e-07,4.002475748925358e-16,0.9875070082050476,0.9322891384518911,0.03255952536610396,0.032559477469376104,0.08048046124279308,0.016433712719068287,0.19952623149688797,3.806919861080541e-07,0.054342291171481844,0.0530022399706757,2.927656915006208e-06,0.9891904499203897,0.9753404870693493,2216.6947180121206
sparse_bayesian_keep10_proposed_rep00_seed12026,sparse,bayesian_keep10,proposed,0,12026,61,61,122,natural_mean,40,1,50,23.0,-74,1024,4,1000.0,10,paper_reference_kkt,update,coordinated_aggregate,True,bayesian,0.1,7805,0.1678,2.2231178386602815,0.11878035277947786,0.1678,2.2231178386602815,0.11878035277947786,0.1636,2.2290753489566972,0.13505991832166908,3.940727261947116,1.9649437750784116,1.9757834868687043,9.999999999997526e-05,10000.000000002474,9999.999999540796,10000.000001150089,2.8511435919827775e-08,7.994918427793363e-06,1.1500887922011316e-06,0.05318126066981205,0.003123212605714798,0.0,0.0,0.0,9.1840429449708e-07,1.5087425708770752e-07,15610,952210,16,976,0.036527957231716965,0.03652796187810026,0.07738601771753223,0.013853394341806985,0.19952623149688797,3.7699843461013036e-07,0.05331522130729633,0.05318125560854242,1.4687520223079404e-06,0.9868383606695186,0.9764152680477001,0.025487395106951336,0.025487387269149023,0.08294628271245075,0.01377012423147435,0.1995262303058682,4.690776960298199e-12,9.61333603605705e-07,9.184035547667382e-07,4.569505341005401e-16,0.9866316019684173,0.9553432126652608,0.0475685193564826,0.0475685364870515,0.07182575272261371,0.01393666445213962,0.19952623149688797,3.76998434580948e-07,0.05331522129862937,0.05318125560061233,2.93750404415893e-06,0.98704511937062,0.9974873234301392,2253.3181640482508
sparse_bayesian_keep10_proposed_rep00_seed12026,sparse,bayesian_keep10,proposed,0,12026,62,62,124,natural_mean,40,1,50,23.0,-74,1024,4,1000.0,10,paper_reference_kkt,update,coordinated_aggregate,True,bayesian,0.1,7805,0.149,2.2453477748350337,0.13176600970178845,0.149,2.2453477748350337,0.13176600970178845,0.1549,2.2308213580076575,0.1388072276994586,3.9059497507144636,1.9544845869242555,1.9514651637902078,9.999999999997477e-05,10000.000000002523,9999.999999504522,10000.000001307308,2.895859923943513e-08,8.12054304097107e-06,1.307307684328407e-06,0.055993360227390744,0.004733242094516754,0.0,0.0,0.0,9.105954916822757e-07,1.5721889212727547e-07,15610,967820,16,992,0.03936636177373165,0.03936636511157848,0.07484192470737905,0.014695306426686514,0.19952623149688797,3.7597093473776384e-07,0.056520738728363495,0.055993358420464684,1.46704946402346e-06,0.9879140860607771,0.9516806993288793,0.039807406891976226,0.039807399848510096,0.0744468218683135,0.014081931753157941,0.19952623130872116,4.4990874952473204e-12,9.977030848461331e-07,9.105957148539071e-07,4.281353192293732e-16,0.9870048873976454,0.91269211830441,0.038925316655487076,0.03892533037464686,0.07523702754644458,0.015308681100215087,0.19952623149688797,3.759709347108445e-07,0.056520738719557775,0.05599335841306037,2.9340989276187847e-06,0.9888232847239089,0.9906692803533488,2289.350163438823
sparse_bayesian_keep10_proposed_rep00_seed12026,sparse,bayesian_keep10,proposed,0,12026,63,63,126,natural_mean,40,1,50,23.0,-74,1024,4,1000.0,10,paper_reference_kkt,update,coordinated_aggregate,True,bayesian,0.1,7805,0.1658,2.244955097647872,0.12585903328359127,0.1658,2.244955097647872,0.12585903328359127,0.164,2.237932777963019,0.13844258489608766,3.9560187068658603,1.9861622357226272,1.9698564711432331,9.999999999997405e-05,10000.000000002598,9999.999999423218,10000.000001287692,2.9204855831480098e-08,8.1908491592265e-06,1.2876917026005685e-06,0.062097824107251606,0.003816399723291397,0.0,0.0,0.0,9.728681814087558e-07,1.4724719221703708e-07,15610,983430,16,1008,0.03847718457302718,0.038477196447910464,0.07940487691771922,0.013804117053786182,0.19952623149688797,3.77599301184013e-07,0.06242449150131341,0.06209782442233279,1.4737806613678558e-06,0.9845440124040257,0.9675941522434409,0.037361033472397616,0.03736103964781257,0.08102948477714249,0.013291408251778998,0.19952623124863905,4.94440367120417e-12,1.0345023763471238e-06,9.728681503297767e-07,4.962627019199266e-16,0.9831714766783464,0.9404213275841121,0.03959333567365675,0.03959335324800835,0.07778026905829596,0.014316825855793363,0.19952623149688797,3.775993011516412e-07,0.0624244914927415,0.06209782441471197,2.947561322239449e-06,0.9859165481297051,0.9947669769027697,2325.262117063161
sparse_bayesian_keep10_proposed_rep00_seed12026,sparse,bayesian_keep10,proposed,0,12026,64,64,128,natural_mean,40,1,50,23.0,-74,1024,4,1000.0,10,paper_reference_kkt,update,coordinated_aggregate,True,bayesian,0.1,7805,0.1619,2.2183619739856573,0.09537551793545487,0.1619,2.2183619739856573,0.09537551793545487,0.1566,2.226018282601836,0.13672774828821418,3.88602614544969,1.9339511276002435,1.9520750178494466,9.99999999999738e-05,10000.000000002621,9999.999999484904,10000.000001326944,2.948697914750041e-08,8.269921902373058e-06,1.3269436749396846e-06,0.05895361065220792,0.003456786274909973,0.0,0.0,0.0,8.40735898259364e-07,1.312346284976229e-07,15610,999040,16,1024,0.04304220089619046,0.043042211040838455,0.07322176466873276,0.01449549153472962,0.19952623149688797,3.7529978407638494e-07,0.05979669890878944,0.058953609182796955,1.469547237167741e-06,0.9869343943954294,0.965031671631579,0.04175761033068961,0.041757640317306444,0.07442879519268653,0.014061870730165868,0.1995262307302387,4.383307756658797e-12,8.904572683849446e-07,8.407364275051536e-07,4.030275485218675e-16,0.9858808090657795,0.9441625390481466,0.044326791461691314,0.04432678176437047,0.07201473414477899,0.01492911233929337,0.19952623149688797,3.7529978405078756e-07,0.059796698902159356,0.05895360917680209,2.9390944739324542e-06,0.9879879797250795,0.9859008042150113,2360.780162401963
sparse_bayesian_keep10_proposed_rep00_seed12026,sparse,bayesian_keep10,proposed,0,12026,65,65,130,natural_mean,40,1,50,23.0,-74,1024,4,1000.0,10,paper_reference_kkt,update,coordinated_aggregate,True,bayesian,0.1,7805,0.1643,2.242150821829464,0.1332270285408199,0.1643,2.242150821829464,0.1332270285408199,0.1643,2.2263368512896893,0.1424129580229521,3.931857712368368,1.9680031960337583,1.9638545163346093,9.999999999997322e-05,10000.000000002676,9999.9999993655,10000.000001253758,2.9778552551253447e-08,8.352520223087565e-06,1.2537584552774206e-06,0.052450628113527575,0.0040120938792824745,0.0,0.0,0.0,9.639972433494818e-07,1.468397385906428e-07,15610,1014650,16,1040,0.04174487694802442,0.0417448735416162,0.06621140140989798,0.013436718169085773,0.19952623149688797,3.7566415822304846e-07,0.05222786573749438,0.052450630850395724,1.4707418535002975e-06,0.987064109643589,0.9731167984751744,0.039694634843234475,0.03969462266769321,0.06650672338353716,0.012887051709128653,0.19952623134664332,4.767024780944008e-12,1.0233859910309204e-06,9.639972146172192e-07,4.620868070154293e-16,0.9859291153835147,0.9419683504607184,0.043795119052814364,0.04379512441553918,0.06591607943625881,0.013986384629042895,0.19952623149688797,3.7566415819280266e-07,0.052227865727467945,0.05245063084153701,2.941483706538508e-06,0.9881991039036633,1.0042652464896304,2395.8441815539263
sparse_bayesian_keep10_proposed_rep00_seed12026,sparse,bayesian_keep10,proposed,0,12026,66,66,132,natural_mean,40,1,50,23.0,-74,1024,4,1000.0,10,paper_reference_kkt,update,coordinated_aggregate,True,bayesian,0.1,7805,0.1554,2.231882100639812,0.129675787883997,0.1554,2.231882100639812,0.129675787883997,0.1571,2.221853836212974,0.13848817426413298,3.8734547654866693,1.9376662722638778,1.9357884932227918,9.999999999997279e-05,10000.000000002723,9999.999999310992,10000.000001297502,3.009957841269921e-08,8.442940930125598e-06,1.2975015124538913e-06,0.05273501346090922,0.0033912211656570435,0.0,0.0,0.0,8.587060348470662e-07,1.76894900505431e-07,15610,1030260,16,1056,0.04578857802081556,0.04578857980958232,0.0701000381519199,0.01462751519819637,0.19952623149688797,3.7355816807579213e-07,0.05337772766728574,0.052735018825379947,1.4708487763560989e-06,0.9873365545176755,0.9613215752324176,0.041173783745719575,0.04117378997670075,0.06626029411293655,0.014272404875002705,0.1995262310207327,4.302476141219886e-12,9.187126483574504e-07,8.587059006329402e-07,3.8876639574151516e-16,0.9864457850511347,0.9346838967210591,0.05040337229591155,0.05040336964246389,0.07393978219090326,0.014982625521390035,0.19952623149688797,3.7355816805101514e-07,0.053377727659379516,0.052735018818388615,2.9416975523234312e-06,0.9882273239842165,0.987959253743776,2430.9291161950678
sparse_bayesian_keep10_proposed_rep00_seed12026,sparse,bayesian_keep10,proposed,0,12026,67,67,134,natural_mean,40,1,50,23.0,-74,1024,4,1000.0,10,paper_reference_kkt,update,coordinated_aggregate,True,bayesian,0.1,7805,0.1692,2.2140269128990147,0.11382227425336834,0.1692,2.2140269128990147,0.11382227425336834,0.1655,2.2223484103818483,0.1384140937149525,3.921153824277236,1.96553983441878,1.9556139898584564,9.999999999997218e-05,10000.000000002783,9999.999999268193,10000.000001402052,3.0556002167727406e-08,8.571465194917975e-06,1.4020515664014965e-06,0.05470209993294404,0.003381170332431793,0.0,0.0,0.0,9.421141336711509e-07,1.2125565262977034e-07,15610,1045870,16,1072,0.038293473155554286,0.038293483151323526,0.07885983986822873,0.013499218190194229,0.19952623149688797,3.722421429818853e-07,0.054555823783030505,0.0547021036682539,1.4747888599031364e-06,0.9856387634571018,0.9742124615197549,0.03031683721485157,0.03031683561628336,0.08401372201704682,0.013250138625197094,0.1995262314049859,4.730271475413838e-12,9.961630479829485e-07,9.42114803320587e-07,4.799277188972886e-16,0.9846439392765514,0.9457436128654838,0.046270109096257,0.046270130686363695,0.07370595771941063,0.013748297755191362,0.19952623149688797,3.722421429518303e-07,0.05455582377393577,0.05470210366014104,2.949577719326345e-06,0.9866335876376523,1.0026813101740262,2466.167198312003
sparse_bayesian_keep10_proposed_rep00_seed12026,sparse,bayesian_keep10,proposed,0,12026,68,68,136,natural_mean,40,1,50,23.0,-74,1024,4,1000.0,10,paper_reference_kkt,update,coordinated_aggregate,True,bayesian,0.1,7805,0.1522,2.2358748647700004,0.14111949054419995,0.1522,2.2358748647700004,0.14111949054419995,0.1562,2.2277289053513023,0.14401184693425895,3.849820723258714,1.9229062362883247,1.9269144869703894,9.999999999997194e-05,10000.000000002807,9999.999999293834,10000.000001354856,3.08012767090985e-08,8.640318438072339e-06,1.3548560673370957e-06,0.05677483480835193,0.0028531551361083984,0.0,0.0,0.0,8.930585891362189e-07,2.330398274352774e-07,15610,1061480,16,1088,0.03260171966492756,0.032601722085463636,0.07190693880693516,0.013777380342206505,0.19952623149688797,3.747031968670131e-07,0.057575047849134496,0.05677483692170844,1.4726699065287565e-06,0.9879919773368286,0.9681578322084551,0.03171071272184991,0.0317107250523477,0.06925910503219193,0.013249754031061682,0.19952623139332085,4.351801033865525e-12,9.398498841273006e-07,8.93058738530739e-07,3.977031593508012e-16,0.9876911341888733,0.9502142443243979,0.03349272660800521,0.03349271911857958,0.0745547725816784,0.01430500665335133,0.19952623149688797,3.7470319684174226e-07,0.057575047841463486,0.05677483691468461,2.94533981265981e-06,0.9882928204847841,0.9861014200925122,2501.1531527168117
sparse_bayesian_keep10_proposed_rep00_seed12026,sparse,bayesian_keep10,proposed,0,12026,69,69,138,natural_mean,40,1,50,23.0,-74,1024,4,1000.0,10,paper_reference_kkt,update,coordinated_aggregate,True,bayesian,0.1,7805,0.1699,2.213757749293347,0.1110113707576692,0.1699,2.213757749293347,0.1110113707576692,0.1655,2.2257697608692144,0.13938710108846428,3.903077170673469,1.9473329248295628,1.9557442458439063,9.999999999997165e-05,10000.000000002836,9999.999999389373,10000.000001323524,3.0987097660369305e-08,8.692764336091993e-06,1.3235239748610184e-06,0.06151175507332079,0.0038482099771499634,0.0,0.0,0.0,9.058493098213399e-07,1.1156589607708156e-07,15610,1077090,16,1104,0.03975522873251526,0.03975523570604653,0.07725626901963623,0.01371946358181855,0.19952623149688797,3.716214092455325e-07,0.06135014293129734,0.0615117544226534,1.4759709566365603e-06,0.9857631248267815,0.9789423676764422,0.03297705749585811,0.03297707387177068,0.08143758608539671,0.013253823009540136,0.19952623094397193,4.705327772281436e-12,9.482839981356853e-07,9.058487828678715e-07,4.745193632056001e-16,0.9851487066653856,0.9552505066951043,0.04653339996917241,0.04653339754032238,0.07307495195387573,0.014185104154096965,0.19952623149688797,3.716214092157439e-07,0.06135014292396857,0.06151175441598344,2.9519419127986014e-06,0.9863775429881775,1.00263422865778,2537.922116380185
sparse_bayesian_keep10_proposed_rep00_seed12026,sparse,bayesian_keep10,proposed,0,12026,70,70,140,natural_mean,40,1,50,23.0,-74,1024,4,1000.0,10,paper_reference_kkt,update,coordinated_aggregate,True,bayesian,0.1,7805,0.1543,2.2324899169810526,0.1478381672991812,0.1543,2.2324899169810526,0.1478381672991812,0.1585,2.224454832695187,0.14231051201820374,3.885416464682365,1.9470407493545803,1.9383757153277845,9.999999999997108e-05,10000.000000002892,9999.999999426422,10000.000001237104,3.108796448808107e-08,8.722257333449504e-06,1.2371037882985547e-06,0.060503296139978395,0.0030818507075309753,0.0,0.0,0.0,9.03479376634596e-07,1.78204572875984e-07,15610,1092700,16,1120,0.039671541789046125,0.039671554419171945,0.08899669894108164,0.015380899752350768,0.19952623149688797,3.7448347140305723e-07,0.06112056251871997,0.06050329250737303,1.4730404011375277e-06,0.9865793219851435,0.9562464050807855,0.045738693514433444,0.04573870828549141,0.08980313523001723,0.015079797078065635,0.19952623119387303,4.460808612614584e-12,9.792836337851901e-07,9.034793192277788e-07,4.1626336325412777e-16,0.9851773073665003,0.9225920459202772,0.0336043900636588,0.03360440055285248,0.08819026265214606,0.015682002426635904,0.19952623149688797,3.7448347137648893e-07,0.06112056251087485,0.060503292500627325,2.946080801858792e-06,0.9879813366037867,0.9899007642412939,2572.253101815935
sparse_bayesian_keep10_proposed_rep00_seed12026,sparse,bayesian_keep10,proposed,0,12026,71,71,142,natural_mean,40,1,50,23.0,-74,1024,4,1000.0,10,paper_reference_kkt,update,coordinated_aggregate,True,bayesian,0.1,7805,0.1676,2.210570273561994,0.1295057637475431,0.1676,2.210570273561994,0.1295057637475431,0.1655,2.218013132080029,0.1377271082788706,3.9180647457570252,1.9645783028119126,1.9534864429451124,9.999999999997045e-05,10000.000000002958,9999.999999309364,10000.00000120762,3.146759539358136e-08,8.829516795630686e-06,1.20761978905648e-06,0.058366036163938345,0.004016846418380737,0.0,0.0,0.0,9.238848000211141e-07,1.2472628441173583e-07,15610,1108310,16,1136,0.04097072040418616,0.04097071423325417,0.08352892004915824,0.014659717779397589,0.19952623149688797,3.725253738160042e-07,0.05835329310356321,0.05836603618762439,1.4772873891959767e-06,0.9855249608704643,0.9810217695455095,0.029423887643274544,0.029423879489035715,0.09153573888114801,0.014540327720128282,0.1995262313736622,4.6412259381352126e-12,9.605539349013057e-07,9.238849454127461e-07,4.580468224365326e-16,0.9845233568050727,0.9618251859863657,0.05251755316509778,0.05251754897747263,0.07552210121716849,0.014779107838666896,0.19952623149688797,3.725253737870921e-07,0.058353293095657364,0.058366036180312234,2.9545747779339067e-06,0.9865265649358558,1.0002183531046533,2607.5791380777955
sparse_bayesian_keep10_proposed_rep00_seed12026,sparse,bayesian_keep10,proposed,0,12026,72,72,144,natural_mean,40,1,50,23.0,-74,1024,4,1000.0,10,paper_reference_kkt,update,coordinated_aggregate,True,bayesian,0.1,7805,0.152,2.234504254681516,0.14558614347845317,0.152,2.234504254681516,0.14558614347845317,0.1634,2.2140310561883885,0.13444928123652936,3.865913911747411,1.9317819674967769,1.9341319442506337,9.999999999996997e-05,10000.000000003003,9999.99999939342,10000.000001236791,3.1715454924085915e-08,8.899663977770693e-06,1.2367909221211448e-06,0.056985320764007176,0.0030717849731445312,0.0,0.0,0.0,8.557788024071259e-07,1.455027813790366e-07,15610,1123920,16,1152,0.04042873649577648,0.040428736551762885,0.07296986560997563,0.015087831077474606,0.19952623149688797,3.7142757006833826e-07,0.058010085879026514,0.0569853204600101,1.4752023537854107e-06,0.9875022656796271,0.9521658556048009,0.042800409101609614,0.042800401863268535,0.07681737375678663,0.014702690271684742,0.19952622998890682,4.392884585874496e-12,9.28178149568916e-07,8.557775082276491e-07,4.112565200622811e-16,0.9864789113698693,0.9219970238316475,0.03805706388994334,0.038057071240257236,0.06912235746316464,0.01547297188326447,0.19952623149688797,3.7142757004236087e-07,0.058010085871600954,0.05698532045358427,2.950404707159565e-06,0.9885256199893847,0.9823346873779545,2642.2511231591925
sparse_bayesian_keep10_proposed_rep00_seed12026,sparse,bayesian_keep10,proposed,0,12026,73,73,146,natural_mean,40,1,50,23.0,-74,1024,4,1000.0,10,paper_reference_kkt,update,coordinated_aggregate,True,bayesian,0.1,7805,0.1648,2.22220374065114,0.14140188856855035,0.1648,2.22220374065114,0.14140188856855035,0.1661,2.21310376400032,0.13641657352149486,3.9069483186331233,1.9478093270516064,1.9591389915815167,9.999999999996951e-05,10000.00000000305,9999.999999435859,10000.000001233495,3.1840324198834886e-08,8.935665939731395e-06,1.2334949133219197e-06,0.055015306028312665,0.0036783963441848755,0.0,0.0,0.0,9.124731230889977e-07,1.1164593161083758e-07,15610,1139530,16,1168,0.04074164391149104,0.04074165420610684,0.07711866559016572,0.014178138700266733,0.19952623149688797,3.7401298603347594e-07,0.05466316588393914,0.05501530755537445,1.4775496990596752e-06,0.9867433334722187,0.9730058862837758,0.036962757298366504,0.036962763935128304,0.08134495449871712,0.013662342818926072,0.19952623093291516,4.576480447714215e-12,9.711613614627017e-07,9.124738076689948e-07,4.453505186608502e-16,0.9870663603678212,0.9395697099718887,0.04452053052461558,0.04452054447708539,0.07289237668161434,0.014693934581607393,0.19952623149688797,3.740129860054767e-07,0.05466316587531218,0.05501530754780739,2.955099397674e-06,0.986420306576616,1.006442062595663,2677.008124430198
sparse_bayesian_keep10_proposed_rep00_seed12026,sparse,bayesian_keep10,proposed,0,12026,74,74,148,natural_mean,40,1,50,23.0,-74,1024,4,1000.0,10,paper_reference_kkt,update,coordinated_aggregate,True,bayesian,0.1,7805,0.1474,2.246134319591848,0.1460482285940647,0.1474,2.246134319591848,0.1460482285940647,0.162,2.218732192646062,0.14228510794490576,3.8443760487004734,1.9189628915805703,1.925413157119903,9.99999999999691e-05,10000.00000000309,9999.999999393094,10000.000001298442,3.205628885645855e-08,8.996751995829009e-06,1.2984419299755245e-06,0.055748332839343016,0.003012843430042267,0.0,0.0,0.0,8.546654446943466e-07,1.2297277862671763e-07,15610,1155140,16,1184,0.03923745632540782,0.039237442454540084,0.060108129921986275,0.012917079732353006,0.19952623149688797,3.752857617701675e-07,0.05665127810242745,0.05574833515260646,1.477640723967112e-06,0.9877364532469799,0.9638715771076367,0.03828804421503836,0.038288023058704566,0.06454041102911029,0.012789538190123288,0.19952623115031776,4.284098363493484e-12,9.056714881435987e-07,8.546657198819812e-07,3.9377916026536617e-16,0.9868211025019097,0.9436818261411006,0.04018686843577728,0.04018686185037561,0.05567584881486227,0.013044621274582724,0.19952623149688797,3.7528576174571483e-07,0.056651278095188065,0.055748335146055115,2.9552814475404448e-06,0.98865180399205,0.9840613280741727,2712.2161046019755
sparse_bayesian_keep10_proposed_rep00_seed12026,sparse,bayesian_keep10,proposed,0,12026,75,75,150,natural_mean,40,1,50,23.0,-74,1024,4,1000.0,10,paper_reference_kkt,update,coordinated_aggregate,True,bayesian,0.1,7805,0.1678,2.2212889389892627,0.13947031116992234,0.1678,2.2212889389892627,0.13947031116992234,0.1653,2.221597555247312,0.1424946413308382,3.914866663589629,1.951714055723035,1.963152607866594,9.99999999999685e-05,10000.000000003152,9999.999999406997,10000.000001221913,3.237562127051745e-08,9.08722278761831e-06,1.2219134077895433e-06,0.06070573320881166,0.004543617367744446,0.0,0.0,0.0,9.499655298537486e-07,1.4114630175754428e-07,15610,1170750,16,1200,0.03172869641255896,0.031728686361167366,0.07556648497314093,0.013221901363780021,0.19952623149688797,3.7074925103898627e-07,0.061099238275685676,0.060705732286122624,1.4808682996540125e-06,0.9852368886243432,0.9667503335581434,0.03173772697963051,0.03173772613622916,0.07924635879958103,0.013056891784722814,0.19952623136841297,4.642682553684821e-12,1.0106654084728951e-06,9.49966062025186e-07,4.642950168702832e-16,0.9842643132748372,0.9399411718150983,0.03171966584548741,0.03171964658610558,0.07188661114670084,0.013386910942837227,0.19952623149688797,3.707492510099174e-07,0.06109923826732678,0.06070573227868976,2.96173659884373e-06,0.9862094639738492,0.9935594953011886,2748.6658727158792
sparse_bayesian_keep10_proposed_rep00_seed12026,sparse,bayesian_keep10,proposed,0,12026,76,76,152,natural_mean,40,1,50,23.0,-74,1024,4,1000.0,10,paper_reference_kkt,update,coordinated_aggregate,True,bayesian,0.1,7805,0.1557,2.2390296110531556,0.14377475710317494,0.1557,2.2390296110531556,0.14377475710317494,0.1634,2.2207130373457415,0.14383620551079512,3.8477359324278932,1.9260588875347766,1.9216770448931166,9.999999999996801e-05,10000.0000000032,9999.999999484477,10000.000001194967,3.2604832826449424e-08,9.152272463472216e-06,1.194966898765415e-06,0.05977138303522358,0.0033303052186965942,0.0,0.0,0.0,8.50173589939255e-07,1.859552867244929e-07,15610,1186360,16,1216,0.035829353306882125,0.03582933923277988,0.08015355290234903,0.01524164618478736,0.19952623149688797,3.743893051523608e-07,0.060843362992666614,0.05977139014157162,1.4786578933295028e-06,0.987354894752329,0.9629893392500976,0.036892852640599216,0.03689285109328348,0.07320268556126437,0.014478482605421606,0.19952623138906572,4.4010964716925655e-12,9.009919117863824e-07,8.501735185981314e-07,4.0321314326672727e-16,0.9864507294450504,0.9435973214657973,0.03476585397316503,0.03476582737227627,0.08710442024343369,0.016004809764153114,0.19952623149688797,3.743893051264925e-07,0.0608433629859955,0.05977139013552529,2.9573157862557924e-06,0.9882590600596074,0.9823813570343978,2786.0161109389737
sparse_bayesian_keep10_proposed_rep00_seed12026,sparse,bayesian_keep10,proposed,0,12026,77,77,154,natural_mean,40,1,50,23.0,-74,1024,4,1000.0,10,paper_reference_kkt,update,coordinated_aggregate,True,bayesian,0.1,7805,0.1678,2.2040269375254273,0.13452614870339627,0.1678,2.2040269375254273,0.13452614870339627,0.1683,2.2135514406467096,0.13489682767540218,3.902844431291281,1.9483029849012614,1.9545414463900193,9.999999999996747e-05,10000.000000003256,9999.999999564032,10000.000001230283,3.3010521802583503e-08,9.266565597940467e-06,1.2302825780352578e-06,0.059004942868403285,0.004475932568311691,0.0,0.0,0.0,9.315717844091828e-07,1.7165439203381538e-07,15610,1201970,16,1232,0.04384521962369449,0.043845224432096666,0.07466338895087225,0.013571258714316756,0.19952623149688797,3.696974599970566e-07,0.05871972501182839,0.05900494076229931,1.4809275336937464e-06,0.9844675728483603,0.9684395232272673,0.038080679426479316,0.03808069559148371,0.07455099314838128,0.013063595564948767,0.19952623075003578,4.708945232100329e-12,9.99516915778913e-07,9.315715311477766e-07,4.753681056338373e-16,0.9833465787730667,0.9320217746956906,0.049609759820909656,0.04960975327270962,0.07477578475336323,0.014078921863684745,0.19952623149688797,3.6969745996706697e-07,0.058719725003321586,0.05900494075494547,2.9618550669121247e-06,0.9855885669236539,1.004857271758844,2823.948096481152
sparse_bayesian_keep10_proposed_rep00_seed12026,sparse,bayesian_keep10,proposed,0,12026,78,78,156,natural_mean,40,1,50,23.0,-74,1024,4,1000.0,10,paper_reference_kkt,update,coordinated_aggregate,True,bayesian,0.1,7805,0.1555,2.2199798206331782,0.14627930048376325,0.1555,2.2199798206331782,0.14627930048376325,0.1619,2.22196622842167,0.1475653776332736,3.823795825207447,1.918642836204817,1.90515298900263,9.999999999996705e-05,10000.000000003298,9999.999999544718,10000.000001192799,3.329941965082097e-08,9.348024389913557e-06,1.1927986633963883e-06,0.05989248642469814,0.003367379307746887,0.0,0.0,0.0,8.754217319210968e-07,1.4498982636723667e-07,15610,1217580,16,1248,0.04084931894170881,0.04084930996141267,0.0631700617670191,0.01325516240021759,0.19952623149688797,3.744969223280589e-07,0.06072281568058959,0.059892493140252114,1.4802526042482635e-06,0.9867879420258436,0.9510656769264001,0.043987031669886566,0.043987035663829374,0.06442788778772174,0.013083761645852402,0.19952623124249844,4.285692408307629e-12,9.559036783400713e-07,8.754217216107703e-07,3.922668866322905e-16,0.9852918664119185,0.9158053513203801,0.037711606213531056,0.03771158425899597,0.06191223574631646,0.01342656315458278,0.19952623149688797,3.7449692230353646e-07,0.06072281567306563,0.059892493133854294,2.96050520810426e-06,0.9882840176397687,0.98632600253242,2861.2764469399117
sparse_bayesian_keep10_proposed_rep00_seed12026,sparse,bayesian_keep10,proposed,0,12026,79,79,158,natural_mean,40,1,50,23.0,-74,1024,4,1000.0,10,paper_reference_kkt,update,coordinated_aggregate,True,bayesian,0.1,7805,0.1762,2.1970163519562727,0.11199996928334233,0.1762,2.1970163519562727,0.11199996928334233,0.1679,2.216084180171059,0.13792390179187058,3.9089558341631117,1.951282737838108,1.9576730963250037,9.999999999996648e-05,10000.000000003356,9999.99999957199,10000.000001257684,3.3605469183114616e-08,9.43465894041544e-06,1.2576838344102725e-06,0.06101244811647889,0.0035520941019058228,0.0,0.0,0.0,9.129794868834149e-07,1.4752731658518314e-07,15610,1233190,16,1264,0.04298847046917488,0.04298848117810393,0.0705166962333861,0.01321559702047013,0.19952623149688797,3.7368526819127316e-07,0.06089182358684511,0.0610124473514609,1.4833407653934839e-06,0.9849180910925833,0.970093962384886,0.0409406509481236,0.04094065532538762,0.07814101578515785,0.0130205770984578,0.19952623105055595,4.607748444637572e-12,9.731107364483888e-07,9.129792360419981e-07,4.541580644205608e-16,0.9843727240369181,0.9382069184204267,0.045036289990226165,0.04503630703082024,0.06289237668161435,0.01341061694248246,0.19952623149688797,3.736852681628651e-07,0.060891823579069485,0.06101244734463007,2.96668153033281e-06,0.9854634581482485,1.0019810063493453,2898.373846237082
sparse_bayesian_keep10_proposed_rep00_seed12026,sparse,bayesian_keep10,proposed,0,12026,80,80,160,natural_mean,40,1,50,23.0,-74,1024,4,1000.0,10,paper_reference_kkt,update,coordinated_aggregate,True,bayesian,0.1,7805,0.1682,2.2272329845658416,0.11685378427818419,0.1682,2.2272329845658416,0.11685378427818419,0.1669,2.212620796701008,0.13963261259496212,3.8373196198025474,1.9162847135934398,1.9210349062091077,9.999999999996611e-05,10000.00000000339,9999.999999526586,10000.00000123687,3.3934368047839775e-08,9.527075218524869e-06,1.2368691386654973e-06,0.05751737576596399,0.00508498027920723,0.0,0.0,0.0,8.23009638974826e-07,1.51012500282377e-07,15610,1248800,16,1280,0.0545235700781186,0.05452357979203095,0.07213905381967017,0.014427360231910626,0.19952623149688797,3.715770762529846e-07,0.05804485535557887,0.05751737929909267,1.4813895391598431e-06,0.9853327716552358,0.9618518480353292,0.05287404865631578,0.052874048417428286,0.07815062525625256,0.014373868935460565,0.1995262304696995,4.244895051628225e-12,8.823084107808952e-07,8.230093657243672e-07,3.838955679271982e-16,0.9843627891207843,0.932791053045229,0.056173091499921425,0.056173111166633614,0.06612748238308777,0.014480851528360688,0.19952623149688797,3.715770762287378e-07,0.058044855348873124,0.057517379293204496,2.9627790779357906e-06,0.9863027541896874,0.9909126430254294,2935.095110319089
sparse_bayesian_keep5_proposed_rep00_seed12026,sparse,bayesian_keep5,proposed,0,12026,0,0,0,model,40,1,50,23.0,-74,1024,4,1000.0,10,paper_reference_kkt,update,coordinated_aggregate,True,bayesian,0.05,3903,0.0995,2.372916206651074,0.0756189888963103,0.0995,2.372916206651074,0.0756189888963103,0.0968,2.3613480913338667,0.07226249436736107,nan,0.0,0.0,0.00010000000000000003,10000.0,10000.0,10000.0,0.0,0.0,0.0,0.0,0.0,0.0,0.0,0.0,0.0,0.0,0,0,0,0,0.0,0.0,0.0,0.0,0.0,0.0,0.0,0.0,0.0,1.0,1.0,0.0,0.0,0.0,0.0,0.0,0.0,0.0,0.0,0.0,1.0,1.0,0.0,0.0,0.0,0.0,0.0,0.0,0.0,0.0,0.0,1.0,1.0,18.486770514864475
sparse_bayesian_keep5_proposed_rep00_seed12026,sparse,bayesian_keep5,proposed,0,12026,1,1,2,natural_mean,40,1,50,23.0,-74,1024,4,1000.0,10,paper_reference_kkt,update,coordinated_aggregate,True,bayesian,0.05,3903,0.117,2.3163744384725735,0.030663692908287063,0.117,2.3163744384725735,0.030663692908287063,0.1182,2.3194041679098976,0.02947911351621152,4.823597333540262,2.401122434854982,2.4224748986852807,0.00010000000000000006,9999.999999999996,9999.99999992059,10000.000000095582,2.8653456502497023e-09,8.004635232399041e-07,9.558243618812412e-08,0.09226538010933923,0.01227722316980362,0.0,0.0,0.0,8.004635232399041e-07,9.558243618812412e-08,7806,7806,8,8,0.01295369431093481,0.012953682969002796,0.08178722564927052,0.016650643187990692,0.19952623149688797,2.798135362317801e-07,0.0943442300876661,0.09226538258753281,1.0368362375901882e-06,0.9888516385497239,0.9736685123610929,0.015348548918568336,0.015348530286153336,0.08111224274102116,0.016014583766341774,0.19952623049271243,3.535008589756367e-12,8.257549927860634e-07,8.004635239460309e-07,3.2675621969767724e-16,0.9895022877016376,0.9693717107547157,0.010558839703301286,0.010558835651852255,0.08246220855751986,0.017286702609639614,0.19952623149688797,2.798135362094504e-07,0.09434423008405236,0.09226538258406052,2.0736724748536204e-06,0.9882009893978101,0.97796531396747,63.03375091776252
sparse_bayesian_keep5_proposed_rep00_seed12026,sparse,bayesian_keep5,proposed,0,12026,2,2,4,natural_mean,40,1,50,23.0,-74,1024,4,1000.0,10,paper_reference_kkt,update,coordinated_aggregate,True,bayesian,0.05,3903,0.1263,2.3175431851778945,0.022439823171645418,0.1263,2.3175431851778945,0.022439823171645418,0.1368,2.325740287692516,0.022645915755629548,4.590018516980393,2.3007981340169428,2.28922038296345,9.999999999999995e-05,10000.00000000001,9999.999999917227,10000.000000094005,3.992642917363513e-09,1.1153879203768553e-06,9.400537237524986e-08,0.07604733943320734,0.008220948278903961,0.0,0.0,0.0,7.834482872088455e-07,8.247116056736559e-08,7806,15612,8,16,0.01807414143729739,0.018074138249038318,0.08902297171294943,0.017004664650629712,0.19952623149688797,2.7480359434606115e-07,0.07797036013073785,0.07604733914744101,1.0378880585094722e-06,0.988044066158273,0.9675445413911243,0.023485932474313232,0.02348592099436568,0.08878127522195318,0.0162762201907356,0.1995262312755337,3.435744495060573e-12,8.163030035735689e-07,7.834488425286301e-07,3.2480222695768496e-16,0.9879349592765662,0.9597525165802352,0.012662350400281549,0.012662355503710953,0.08926466820394569,0.01773310911052383,0.19952623149688797,2.7480359432458336e-07,0.07797036012646474,0.07604733914340542,2.075776116694142e-06,0.9881531730399798,0.9753365662020136,102.42581720883027
sparse_bayesian_keep5_proposed_rep00_seed12026,sparse,bayesian_keep5,proposed,0,12026,3,3,6,natural_mean,40,1,50,23.0,-74,1024,4,1000.0,10,paper_reference_kkt,update,coordinated_aggregate,True,bayesian,0.05,3903,0.1427,2.331181769735532,0.02577648697987198,0.1427,2.331181769735532,0.02577648697987198,0.1243,2.340290703877493,0.06058372477442027,4.467941209099164,2.2358298314968588,2.232111377602306,9.99999999999998e-05,10000.00000000002,9999.99999988321,10000.00000012339,4.955147844658698e-09,1.384282234771343e-06,1.2338932720012963e-07,0.06481533563319959,0.006759196519851685,0.0,0.0,0.0,8.421133868454648e-07,1.1553129297681153e-07,7806,23418,8,24,0.017982611935663802,0.017982617614184328,0.07612482955330163,0.016105572624514626,0.19952623149688797,2.7775558395049997e-07,0.06587013497510223,0.06481533709234012,1.0564436862775984e-06,0.9892998289201886,0.9773531621800245,0.01806852492406068,0.01806852880502308,0.07225990763337753,0.015563698880128466,0.1995262303827364,3.576561928124439e-12,8.675148115439479e-07,8.42113659267332e-07,3.497058279189983e-16,0.989389824132436,0.9707196415145891,0.017896698947266924,0.017896706423345576,0.07998975147322572,0.016647446368900785,0.19952623149688797,2.777555839274729e-07,0.06587013496938961,0.06481533708686954,2.1128873722054907e-06,0.9892098337079412,0.98398668284546,141.69871077686548
sparse_bayesian_keep5_proposed_rep00_seed12026,sparse,bayesian_keep5,proposed,0,12026,4,4,8,natural_mean,40,1,50,23.0,-74,1024,4,1000.0,10,paper_reference_kkt,update,coordinated_aggregate,True,bayesian,0.05,3903,0.1299,2.3451093026635093,0.05421103775575759,0.1299,2.3451093026635093,0.05421103775575759,0.1152,2.3519084677147815,0.08562420074790716,4.386805804728514,2.194083909628168,2.1927218951003455,9.999999999999979e-05,10000.000000000022,9999.99999983582,10000.000000166052,5.846942588060792e-09,1.6334129800395579e-06,1.6605190467089415e-07,0.057542982161885074,0.004351384937763214,0.0,0.0,0.0,8.39861862816703e-07,1.0887924872804433e-07,7806,31224,8,32,0.019159936846028312,0.019159945028822706,0.07854930993510716,0.015084864023395213,0.19952623149688797,2.7974817905592473e-07,0.05868678292763547,0.05754298318728091,1.0856596075348979e-06,0.9897674788610948,0.9738646091411023,0.019183738866050716,0.019183756385687582,0.07884471261938161,0.014637548526688731,0.19952622917302226,3.5648442276465147e-12,8.683265433988496e-07,8.398619666674211e-07,3.565468866718714e-16,0.9900625400363213,0.9672190737693485,0.01913613482600591,0.019136133671957826,0.0782539072508327,0.015532179520101696,0.19952623149688797,2.797481790332112e-07,0.05868678292121161,0.057542983181151856,2.1713192147132486e-06,0.9894724176858684,0.9805101445128561,181.4087873166427
sparse_bayesian_keep5_proposed_rep00_seed12026,sparse,bayesian_keep5,proposed,0,12026,5,5,10,natural_mean,40,1,50,23.0,-74,1024,4,1000.0,10,paper_reference_kkt,update,coordinated_aggregate,True,bayesian,0.05,3903,0.1,2.3693124777659977,0.1188087910169363,0.1,2.3693124777659977,0.1188087910169363,0.1108,2.358820790393816,0.0978614908993244,4.389521693614559,2.1919842232766737,2.197537470337885,9.999999999999972e-05,10000.000000000031,9999.999999808142,10000.00000016257,6.6148972867171175e-09,1.8479578911057935e-06,1.918579073389992e-07,0.05467100044135369,0.004491828382015228,0.0,0.0,0.0,8.720583356624981e-07,1.5889963833615184e-07,7806,39030,8,40,0.023463938213804256,0.023463948121488793,0.058667339978102855,0.01418397597726888,0.19952623149688797,2.782404509580173e-07,0.05618923197179724,0.05467100232659207,1.0998555117705346e-06,0.9888671669142837,0.9669669588846682,0.024964210236987035,0.024964214852521927,0.058046952567017904,0.01371150810063348,0.19952622993014324,3.7357929729236945e-12,9.074922062878513e-07,8.720581586224169e-07,3.933420570280402e-16,0.9887876379738677,0.9609538597256857,0.021963666190621473,0.02196368139045566,0.059287727389187805,0.01465644385390428,0.19952623149688797,2.78240450932938e-07,0.05618923196446895,0.05467100231963696,2.199711023147727e-06,0.9889466958546995,0.9729800580436507,222.84476338885725
sparse_bayesian_keep5_proposed_rep00_seed12026,sparse,bayesian_keep5,proposed,0,12026,6,6,12,natural_mean,40,1,50,23.0,-74,1024,4,1000.0,10,paper_reference_kkt,update,coordinated_aggregate,True,bayesian,0.05,3903,0.1102,2.367998318042783,0.0975601182061434,0.1102,2.367998318042783,0.0975601182061434,0.1059,2.36375198178758,0.10969902949631215,4.368690955615186,2.180375959953778,2.1883149956614076,9.999999999999954e-05,10000.00000000005,9999.999999811034,10000.000000218975,7.276796077208675e-09,2.0328915675009133e-06,2.1897540136706084e-07,0.052346361311218,0.0034753307700157166,0.0,0.0,0.0,8.90813785387346e-07,1.3053795555606484e-07,7806,46836,8,48,0.027971290303968742,0.027971272620738133,0.07140407821363524,0.014639079808892144,0.19952623149688797,2.7315522591144137e-07,0.05384700781648406,0.052346360626017704,1.115730147660445e-06,0.9882945336785975,0.9544910847420367,0.02888556720081239,0.028885556603566117,0.0697938084897865,0.013809252298646045,0.19952623113538975,3.590651693097326e-12,9.50859658188546e-07,8.908136778148088e-07,3.8754993178699583e-16,0.987780134407157,0.9368508474315942,0.027057013407125092,0.02705698863791015,0.07301434793748399,0.01546890731913824,0.19952623149688797,2.7315522588784165e-07,0.05384700780808867,0.052346360618437913,2.2314602949333404e-06,0.9888089329500381,0.9721313220524791,262.6386985988356
sparse_bayesian_keep5_proposed_rep00_seed12026,sparse,bayesian_keep5,proposed,0,12026,7,7,14,natural_mean,40,1,50,23.0,-74,1024,4,1000.0,10,paper_reference_kkt,update,coordinated_aggregate,True,bayesian,0.05,3903,0.1007,2.354895400734559,0.10411367998957635,0.1007,2.354895400734559,0.10411367998957635,0.1017,2.3700178924685193,0.1233367577135563,4.362688837373707,2.1873538997490884,2.1753349376246187,9.99999999999992e-05,10000.000000000084,9999.999999756517,10000.000000233198,7.902872442678965e-09,2.2078680000736834e-06,2.4348264560103416e-07,0.05095492201290244,0.0032365843653678894,0.0,0.0,0.0,8.615065667882197e-07,1.009484549285844e-07,7806,54642,8,56,0.024657273533300557,0.02465727660871459,0.0687357973366582,0.014533983607649131,0.19952623149688797,2.749380657641545e-07,0.052144430005888615,0.05095492562864142,1.1363782694856593e-06,0.9889382833114098,0.9706725900321925,0.018207983139815934,0.018207993599841953,0.06536039815781551,0.01400789911374313,0.19952623137183498,3.6121330033610194e-12,8.935334579333145e-07,8.615064287926561e-07,3.800049929664963e-16,0.9890741362393333,0.964156885103699,0.031106563926785184,0.031106559617587234,0.0721111965155009,0.015060068101555132,0.19952623149688797,2.749380657404264e-07,0.05214442999823293,0.05095492562135858,2.272756538591314e-06,0.9888024303834861,0.977188294960686,302.09271257789806
sparse_bayesian_keep5_proposed_rep00_seed12026,sparse,bayesian_keep5,proposed,0,12026,8,8,16,natural_mean,40,1,50,23.0,-74,1024,4,1000.0,10,paper_reference_kkt,update,coordinated_aggregate,True,bayesian,0.05,3903,0.1,2.3567175212033615,0.10884440720587966,0.1,2.3567175212033615,0.10884440720587966,0.1008,2.3706252089713375,0.12298403282761576,4.3443497250141725,2.178957997543911,2.1653917274702614,9.9999999999999e-05,10000.000000000104,9999.999999741774,10000.000000269009,8.472008844027998e-09,2.366915771234439e-06,2.6900852390099317e-07,0.05039019675415425,0.003914862871170044,0.0,0.0,0.0,8.939409623417239e-07,1.4726902008987963e-07,7806,62448,8,64,0.027143686305563984,0.027143685963585257,0.06270554695234216,0.013583570788401663,0.19952623149688797,2.788556520106603e-07,0.051443649667262975,0.0503901909543593,1.1426269871404046e-06,0.9888746688661824,0.964779739481177,0.025875339864728304,0.025875340209872602,0.05999346643863256,0.013168660374326898,0.19952623131285252,3.725923722078012e-12,9.409541915737973e-07,8.939415923753196e-07,4.104712236756447e-16,0.9882737750041626,0.9500373230115439,0.02841203274639966,0.028412031717297913,0.06541762746605176,0.01399848120247643,0.19952623149688797,2.7885565198576836e-07,0.0514436496586575,0.050390190946429866,2.285253973870338e-06,0.9894755627282021,0.9795221559508103,342.5278166588396
sparse_bayesian_keep5_proposed_rep00_seed12026,sparse,bayesian_keep5,proposed,0,12026,9,9,18,natural_mean,40,1,50,23.0,-74,1024,4,1000.0,10,paper_reference_kkt,update,coordinated_aggregate,True,bayesian,0.05,3903,0.1111,2.3514155925372435,0.08448085919350388,0.1111,2.3514155925372435,0.08448085919350388,0.1003,2.3738617768913253,0.12910429270416499,4.323176827629802,2.1667182023672176,2.1564586252625846,9.999999999999874e-05,10000.000000000126,9999.999999757623,10000.000000337022,9.115080116939491e-09,2.546636374220226e-06,3.370223566889763e-07,0.048954693475965115,0.0030691735446453094,0.0,0.0,0.0,8.855830815264992e-07,1.1850170267280191e-07,7806,70254,8,72,0.0317086671197616,0.0317086789039188,0.06110727312969482,0.013966141559774357,0.19952623149688797,2.7775975821423e-07,0.050221644687189,0.048954695334533234,1.1604511264681025e-06,0.9878759752050363,0.9604312646028991,0.0285397365308423,0.028539736989308166,0.06748100795552082,0.01363057691959306,0.19952623015272755,3.644854327206917e-12,9.36046808028322e-07,8.85584162489262e-07,4.037804379947339e-16,0.9874393350471912,0.9460896587973403,0.0348775977086809,0.03487762081852943,0.05473353830386882,0.014301706199955654,0.19952623149688797,2.777597581903155e-07,0.050221644678465835,0.048954695326523176,2.3209022525324244e-06,0.9883126153628815,0.9747728704084578,381.27321160398424
sparse_bayesian_keep5_proposed_rep00_seed12026,sparse,bayesian_keep5,proposed,0,12026,10,10,20,natural_mean,40,1,50,23.0,-74,1024,4,1000.0,10,paper_reference_kkt,update,coordinated_aggregate,True,bayesian,0.05,3903,0.1011,2.3573923650181676,0.0998048149356246,0.1011,2.3573923650181676,0.0998048149356246,0.1002,2.3746135654629157,0.12882422971129415,4.317926091370478,2.1496201308536715,2.1683059605168067,9.999999999999872e-05,10000.00000000013,9999.999999733556,10000.000000313279,9.642584525699129e-09,2.694002595314976e-06,3.132790880044922e-07,0.047071900042321355,0.0035982057452201843,0.0,0.0,0.0,8.613312392916543e-07,1.582156983204186e-07,7806,78060,8,80,0.03664419319608306,0.03664419310293435,0.07988770726474112,0.014929027510054003,0.19952623149688797,2.734355401540711e-07,0.048198218171110405,0.04707190004070527,1.1718657270758476e-06,0.9876658881888114,0.9635852180096843,0.039439367148463994,0.039439365307541545,0.06885817138318451,0.013867378154627531,0.19952623148791973,3.646091055439661e-12,9.061509476083513e-07,8.61331680686878e-07,4.1083377715994196e-16,0.9860138751055758,0.9505388950329706,0.033849019243702115,0.03384902089832714,0.09091724314629772,0.015990676865480478,0.19952623149688797,2.7343554012976197e-07,0.04819821816259235,0.04707190003282486,2.3437314537408614e-06,0.9893179012720471,0.976631540986398,420.74299969663844
sparse_bayesian_keep5_proposed_rep00_seed12026,sparse,bayesian_keep5,proposed,0,12026,11,11,22,natural_mean,40,1,50,23.0,-74,1024,4,1000.0,10,paper_reference_kkt,update,coordinated_aggregate,True,bayesian,0.05,3903,0.1,2.3835102558715286,0.13212258675307034,0.1,2.3835102558715286,0.13212258675307034,0.1001,2.3783770454619115,0.13349077138155696,4.314619925481899,2.1616771045783407,2.152942820903558,9.999999999999843e-05,10000.000000000156,9999.999999723123,10000.000000329612,1.0079439548148264e-08,2.816133975415692e-06,3.2961179385893047e-07,0.0469760844425208,0.00426839292049408,0.0,0.0,0.0,9.304552521241416e-07,1.6360354493372142e-07,7806,85866,8,88,0.03982069134697898,0.03982070268318549,0.05951328046029529,0.012965033598663515,0.19952623149688797,2.7637837199525986e-07,0.047775520207894516,0.04697608015900959,1.18459806237607e-06,0.9876357801061401,0.9661897254626716,0.03396444533037398,0.03396446201044102,0.06095584608584807,0.012257348541731683,0.19952623126833996,3.7084524054036924e-12,9.803423794828438e-07,9.30455385672044e-07,4.286001591998545e-16,0.9869715716320667,0.9491126883170866,0.04567693736358398,0.04567694335592996,0.05807071483474251,0.013672718655595346,0.19952623149688797,2.763783719703798e-07,0.04777552019783632,0.04697608014979482,2.3691961243235395e-06,0.9882999885802134,0.9832667626082565,459.19573496095836
sparse_bayesian_keep5_proposed_rep00_seed12026,sparse,bayesian_keep5,proposed,0,12026,12,12,24,natural_mean,40,1,50,23.0,-74,1024,4,1000.0,10,paper_reference_kkt,update,coordinated_aggregate,True,bayesian,0.05,3903,0.1024,2.37024377925175,0.11480904514998198,0.1024,2.37024377925175,0.11480904514998198,0.1001,2.3782933361031877,0.1344480979964137,4.333727364890855,2.1728111282257627,2.160916236665092,9.999999999999801e-05,10000.000000000202,9999.999999716163,10000.000000405775,1.0560292104939011e-08,2.9506471691459023e-06,4.05774699174799e-07,0.04562745878498988,0.003344297409057617,0.0,0.0,0.0,8.82514874641223e-07,1.4912984624970704e-07,7806,93672,8,96,0.03953917165102218,0.0395391719582229,0.07336686220950807,0.014643649012183773,0.19952623149688797,2.7495717235243027e-07,0.04705360723575298,0.04562745629070267,1.1921677845056122e-06,0.9866523451799212,0.956485167590155,0.039371234426194585,0.03937121002364049,0.06905629679923649,0.013652011923204586,0.1995262309443674,3.75722959984419e-12,9.355811263049826e-07,8.825144244314268e-07,4.3476982086768847e-16,0.9854063333767473,0.9432794429639211,0.039707108875849766,0.03970713389280531,0.07767742761977965,0.015635286101162958,0.19952623149688797,2.749571723267594e-07,0.04705360722645176,0.04562745628216798,2.3843355685764547e-06,0.9878983569830949,0.9696908922163889,497.26475722901523
sparse_bayesian_keep5_proposed_rep00_seed12026,sparse,bayesian_keep5,proposed,0,12026,13,13,26,natural_mean,40,1,50,23.0,-74,1024,4,1000.0,10,paper_reference_kkt,update,coordinated_aggregate,True,bayesian,0.05,3903,0.1,2.3685644420440806,0.13458439341664316,0.1,2.3685644420440806,0.13458439341664316,0.1001,2.380391345345295,0.1358027582794428,4.31529334089154,2.157694611445099,2.157598729446441,9.999999999999773e-05,10000.000000000231,9999.999999698437,10000.00000046278,1.1194508640147918e-08,3.1279640959205167e-06,4.627800080925226e-07,0.04567388375292006,0.002982228994369507,0.0,0.0,0.0,8.766613454104044e-07,1.248317857971415e-07,7806,101478,8,104,0.032126937480796716,0.03212695358401304,0.06298721990468216,0.014184390051923611,0.19952623149688797,2.789719618559616e-07,0.04730092040280468,0.04567388689544937,1.1975993097696913e-06,0.987152623913035,0.9585794565717602,0.02204000196524119,0.022039990688848817,0.06477151897923365,0.013898896124737086,0.1995262304582144,3.5976244262590516e-12,9.212913102029038e-07,8.766606906096817e-07,4.022241686803356e-16,0.9871017832592882,0.951556493531881,0.042213872996352236,0.04221391647917726,0.061202920830130667,0.014469883979110136,0.19952623149688797,2.7897196183276413e-07,0.047300920393832574,0.045673886887036094,2.3951986191371585e-06,0.987203464566782,0.9656024196116395,535.0427399170585
sparse_bayesian_keep5_proposed_rep00_seed12026,sparse,bayesian_keep5,proposed,0,12026,14,14,28,natural_mean,40,1,50,23.0,-74,1024,4,1000.0,10,paper_reference_kkt,update,coordinated_aggregate,True,bayesian,0.05,3903,0.1,2.3798143753929923,0.13456435560435062,0.1,2.3798143753929923,0.13456435560435062,0.1007,2.3783488117434843,0.13260393341332674,4.289300405528863,2.152695638758998,2.136604766769864,9.999999999999739e-05,10000.000000000264,9999.999999717103,10000.000000537864,1.159947204444856e-08,3.241267857735042e-06,5.378642526920885e-07,0.04493593575195299,0.0035586655139923096,0.0,0.0,0.0,8.462373098864394e-07,1.345943019259721e-07,7806,109284,8,112,0.04475025154642663,0.04475024594228748,0.056431125147663026,0.012669591996995074,0.19952623149688797,2.7847007968207386e-07,0.04613451343845251,0.04493593600671455,1.207519647762659e-06,0.9861991409428177,0.9601915231735869,0.04582921210887525,0.04582920969245462,0.054516106303524874,0.01216384406237496,0.19952623068491857,3.72510492076459e-12,8.941999916273417e-07,8.462380101321818e-07,4.223916732723377e-16,0.9855785874315975,0.9463631942976227,0.04367129098397802,0.043671282192120346,0.05834614399180118,0.01317533993161519,0.19952623149688797,2.7847007965715844e-07,0.04613451342978662,0.04493593599874633,2.4150392951029265e-06,0.9868196944540377,0.974019852049551,575.2415273250081
sparse_bayesian_keep5_proposed_rep00_seed12026,sparse,bayesian_keep5,proposed,0,12026,15,15,30,natural_mean,40,1,50,23.0,-74,1024,4,1000.0,10,paper_reference_kkt,update,coordinated_aggregate,True,bayesian,0.05,3903,0.1,2.3568979865579593,0.11507401651740073,0.1,2.3568979865579593,0.11507401651740073,0.1013,2.3770375538448016,0.13128948237746954,4.294549511251583,2.1407277241852842,2.153821787066299,9.999999999999716e-05,10000.000000000287,9999.999999651885,10000.000000553739,1.208379549406758e-08,3.3766758563604234e-06,5.537385732168332e-07,0.043454384835685075,0.004022456705570221,0.0,0.0,0.0,8.713800578514264e-07,1.2038253771606833e-07,7806,117090,8,120,0.04091386964820255,0.04091387500456531,0.07242208552251797,0.014149755297174674,0.19952623149688797,2.7935549878142586e-07,0.0446110614558958,0.043454389986416576,1.2148871224898507e-06,0.9858364447634358,0.9631872026822026,0.031239929230380593,0.03123992989551328,0.07198355100916609,0.013783242174149741,0.19952623052639748,3.4980241771060576e-12,9.150246724696265e-07,8.713801481743354e-07,3.8805323468666117e-16,0.9856090776752932,0.9523023407483335,0.050587810066024516,0.05058782011361733,0.07286062003586985,0.014516268420199605,0.19952623149688797,2.7935549875952514e-07,0.04461106144651169,0.043454389977679794,2.429774244591648e-06,0.9860638118515785,0.9740720646160717,614.4927268326283
sparse_bayesian_keep5_proposed_rep00_seed12026,sparse,bayesian_keep5,proposed,0,12026,16,16,32,natural_mean,40,1,50,23.0,-74,1024,4,1000.0,10,paper_reference_kkt,update,coordinated_aggregate,True,bayesian,0.05,3903,0.1,2.3617131591322376,0.12014648126631979,0.1,2.3617131591322376,0.12014648126631979,0.1018,2.3751793248699555,0.12906690474152566,4.281287651744562,2.1469169074451,2.134370744299462,9.999999999999686e-05,10000.000000000315,9999.999999640666,10000.000000659375,1.2657090362757951e-08,3.536985728066979e-06,6.593745638383552e-07,0.04466072097892475,0.0031359344720840454,0.0,0.0,0.0,8.765775912306194e-07,1.6334706742782146e-07,7806,124896,8,128,0.046617038075810704,0.0466170413243555,0.05696614740460694,0.01272001148087395,0.19952623149688797,2.817846152541569e-07,0.04562786094101876,0.04466071993916263,1.2253246008670285e-06,0.9850918647307627,0.957710556083696,0.037090912389833086,0.03709091684480792,0.05493280723555259,0.012541488487930609,0.19952623032980166,3.6177153590894893e-12,9.358976054083671e-07,8.765778897345913e-07,4.0457662954700104e-16,0.9839286157593056,0.9366173184961413,0.056143163761788316,0.05614316580390308,0.05899948757366129,0.01289853447381729,0.19952623149688797,2.817846152309337e-07,0.04562786093142041,0.04466071993056012,2.45064920132948e-06,0.9862551137022197,0.9788037936712507,651.8457132959738
sparse_bayesian_keep5_proposed_rep00_seed12026,sparse,bayesian_keep5,proposed,0,12026,17,17,34,natural_mean,40,1,50,23.0,-74,1024,4,1000.0,10,paper_reference_kkt,update,coordinated_aggregate,True,bayesian,0.05,3903,0.1,2.3828140052018267,0.14370737359434368,0.1,2.3828140052018267,0.14370737359434368,0.1045,2.375658196723265,0.12353041528314353,4.319237755686341,2.156142255278753,2.1630955004075885,9.999999999999641e-05,10000.00000000036,9999.999999633776,10000.000000812091,1.322623373377688e-08,3.696254723342813e-06,8.120914571918547e-07,0.04443420800934598,0.0026770904660224915,0.0,0.0,0.0,8.811712203480644e-07,1.8121318134944886e-07,7806,132702,8,136,0.05516161334825065,0.055161622872753044,0.06999791043765856,0.01419788462336058,0.19952623149688797,2.8065518031321564e-07,0.0459913240792339,0.04443420581518347,1.233196807905959e-06,0.9845558780437167,0.9406186861491936,0.041472331109224006,0.04147232625716756,0.07377752725502504,0.01407038051834633,0.19952623130857944,3.510870529223742e-12,9.629284148916486e-07,8.811701165023492e-07,3.887977626587955e-16,0.9845959150103272,0.9150941376502223,0.06885089558727729,0.06885091948833853,0.06621829362029208,0.014325388728374829,0.19952623149688797,2.8065518029125594e-07,0.0459913240691534,0.04443420580644627,2.46639361542312e-06,0.9845158410771062,0.966143234648165,688.9452862329781
sparse_bayesian_keep5_proposed_rep00_seed12026,sparse,bayesian_keep5,proposed,0,12026,18,18,36,natural_mean,40,1,50,23.0,-74,1024,4,1000.0,10,paper_reference_kkt,update,coordinated_aggregate,True,bayesian,0.05,3903,0.1,2.378421626148525,0.13702860300272704,0.1,2.378421626148525,0.13702860300272704,0.1029,2.3776536866769975,0.131897145588696,4.293832569615267,2.1458177839548402,2.1480147856604273,9.999999999999613e-05,10000.000000000387,9999.999999637339,10000.000000748101,1.3693461157852238e-08,3.826941263695947e-06,7.48101228964515e-07,0.04396130091234023,0.0038154199719429016,0.0,0.0,0.0,8.466206545179614e-07,1.679181877989322e-07,7806,140508,8,144,0.06323388005152539,0.06323388752879935,0.056501951371076234,0.012809864212137336,0.19952623149688797,2.7957224182643314e-07,0.04499312842917468,0.04396129941465004,1.246703723491369e-06,0.98474432949848,0.9545182367841191,0.04814763249980371,0.04814765677365069,0.056432034948147865,0.012579116888432128,0.19952623021985325,3.50478111505004e-12,9.084202417898101e-07,8.466199581032339e-07,3.87462250153189e-16,0.9841567323331567,0.9319694842743523,0.07832012760324708,0.07832011828394803,0.05657186779400461,0.013040611535842543,0.19952623149688797,2.7957224180446476e-07,0.04499312842000409,0.0439612994064978,2.493407446595276e-06,0.9853319266638033,0.9770669892938858,726.1827847920358
sparse_bayesian_keep5_proposed_rep00_seed12026,sparse,bayesian_keep5,proposed,0,12026,19,19,38,natural_mean,40,1,50,23.0,-74,1024,4,1000.0,10,paper_reference_kkt,update,coordinated_aggregate,True,bayesian,0.05,3903,0.1113,2.3693047392652646,0.10740762669175863,0.1113,2.3693047392652646,0.10740762669175863,0.1061,2.3760381264644193,0.12814563180655245,4.275789684045386,2.139299936844388,2.136489747200998,9.999999999999579e-05,10000.000000000424,9999.999999630287,10000.000000767282,1.4045697369381918e-08,3.925583413191615e-06,7.672824722249061e-07,0.04283375810303255,0.004182726144790649,0.0,0.0,0.0,8.295688595251499e-07,1.333683030679822e-07,7806,148314,8,152,0.04677575734747891,0.046775758868874265,0.0574019348390026,0.01330845150643992,0.19952623149688797,2.80841664668745e-07,0.04400025460983782,0.042833759913080874,1.2523523187077482e-06,0.9855161885361508,0.9591795910555279,0.03163221109116841,0.031632205550763286,0.06004471005720069,0.013370450998026048,0.1995262311473485,3.461495349566502e-12,8.779710339035731e-07,8.295687605903571e-07,3.700051578905323e-16,0.9851944715853768,0.9448702899013903,0.0619193036037894,0.061919312186985244,0.05475915962080451,0.013246452014853792,0.19952623149688797,2.808416646474128e-07,0.044000254601078405,0.042833759905047675,2.5047046370454913e-06,0.9858379054869247,0.9734888922096653,764.5887255980633
sparse_bayesian_keep5_proposed_rep00_seed12026,sparse,bayesian_keep5,proposed,0,12026,20,20,40,natural_mean,40,1,50,23.0,-74,1024,4,1000.0,10,paper_reference_kkt,update,coordinated_aggregate,True,bayesian,0.05,3903,0.1059,2.3562447369219215,0.11527851757884026,0.1059,2.3562447369219215,0.11527851757884026,0.1072,2.369676229701499,0.12470104896128177,4.270368114570026,2.1314510007975827,2.138917113772443,9.999999999999559e-05,10000.000000000444,9999.999999592914,10000.000000739703,1.4276469303117065e-08,3.990211663386312e-06,7.397029548883438e-07,0.04363966855227025,0.002777060493826866,0.0,0.0,0.0,7.687961135453088e-07,1.1086376616731286e-07,7806,156120,8,160,0.06876017740748591,0.06876017359219128,0.0593908235997168,0.01348217693838382,0.19952623149688797,2.817161395347701e-07,0.04456051842358367,0.04363966672727806,1.2639809557979977e-06,0.9839094901525423,0.9643999147501497,0.04940709945747044,0.049407068347662716,0.06358692519072234,0.013154097051970902,0.1995262307750607,3.460807758763707e-12,8.09715024086263e-07,7.687960291641955e-07,3.728052978263775e-16,0.9842209932816498,0.9494649561784232,0.08811325535750139,0.08811327883671984,0.05519472200871125,0.01381025682479674,0.19952623149688797,2.8171613951351254e-07,0.04456051841622695,0.043639666720506155,2.52796191122319e-06,0.9835979870234348,0.9793348733218763,803.0235422570258
sparse_bayesian_keep5_proposed_rep00_seed12026,sparse,bayesian_keep5,proposed,0,12026,21,21,42,natural_mean,40,1,50,23.0,-74,1024,4,1000.0,10,paper_reference_kkt,update,coordinated_aggregate,True,bayesian,0.05,3903,0.1024,2.3638669212013896,0.12471061357408761,0.1024,2.3638669212013896,0.12471061357408761,0.1081,2.369439435870544,0.12589242687672378,4.287336384373203,2.1387689370521255,2.148567447321078,9.999999999999513e-05,10000.00000000049,9999.999999588157,10000.000000820955,1.4712196274166641e-08,4.112267574605821e-06,8.209553925553337e-07,0.0426555966342021,0.003056120127439499,0.0,0.0,0.0,8.277385550293267e-07,1.7904676496982574e-07,7806,163926,8,168,0.06605070979376737,0.06605071493080418,0.05540982291967045,0.012421195266156324,0.19952623149688797,2.8322112112660565e-07,0.043826495468285986,0.04265559794877707,1.2632562301580111e-06,0.9833141020931664,0.9524769292706038,0.054842150541012644,0.05484217187628057,0.05436947930078082,0.011769196039072505,0.1995262312617838,3.532240144961594e-12,8.88446146203972e-07,8.277390719888295e-07,3.9111908155694075e-16,0.9825603872068378,0.9316704910284851,0.07725926904652211,0.07725925798532779,0.05645016653856008,0.013073194493240143,0.19952623149688797,2.832211211045792e-07,0.043826495459280745,0.04265559794074586,2.526512459924903e-06,0.9840678169794949,0.9732833675127225,840.8657303457148
sparse_bayesian_keep5_proposed_rep00_seed12026,sparse,bayesian_keep5,proposed,0,12026,22,22,44,natural_mean,40,1,50,23.0,-74,1024,4,1000.0,10,paper_reference_kkt,update,coordinated_aggregate,True,bayesian,0.05,3903,0.1,2.3741556624740947,0.15010858123928308,0.1,2.3741556624740947,0.15010858123928308,0.1102,2.3692466111574695,0.1274915777623653,4.232657516358151,2.1159762960779025,2.1166812202802476,9.999999999999499e-05,10000.000000000502,9999.99999951223,10000.000000861228,1.528646122614794e-08,4.272730992638838e-06,8.612278179498389e-07,0.04242354110563369,0.0029365476220846176,0.0,0.0,0.0,8.525290842942741e-07,1.6847116057761014e-07,7806,171732,8,176,0.06169207793699252,0.061692090058768606,0.0573791380605875,0.01336716094312513,0.19952623149688797,2.7788847216980784e-07,0.0437669399670936,0.042423543401495435,1.2720057502731958e-06,0.9832006672349526,0.9458249404467753,0.04231675333173009,0.04231675647228037,0.06206803784292751,0.01297639124490977,0.19952623142509768,3.429062933606108e-12,9.243070193463732e-07,8.525291557448379e-07,3.7517398089597743e-16,0.9834167334976671,0.922344139971557,0.08106740254225496,0.08106742364525685,0.0526902382782475,0.013757930641340487,0.19952623149688797,2.77888472148651e-07,0.04376693995733345,0.042423543392929364,2.5440115001712175e-06,0.982984600972238,0.9693057409219936,877.4667526707053
sparse_bayesian_keep5_proposed_rep00_seed12026,sparse,bayesian_keep5,proposed,0,12026,23,23,46,natural_mean,40,1,50,23.0,-74,1024,4,1000.0,10,paper_reference_kkt,update,coordinated_aggregate,True,bayesian,0.05,3903,0.1107,2.3590068322244737,0.1115707337275147,0.1107,2.3590068322244737,0.1115707337275147,0.114,2.3614640033647603,0.11851825255155564,4.265170446968458,2.1259811306568546,2.139189316311603,9.999999999999468e-05,10000.000000000531,9999.999999527676,10000.000000954715,1.5552092977350636e-08,4.347180766547778e-06,9.547147783450782e-07,0.042192142179433956,0.004150852560997009,0.0,0.0,0.0,7.938031490742578e-07,1.3572935131378472e-07,7806,179538,8,184,0.06970254494427533,0.06970256723089119,0.05786311152788073,0.012672786237271631,0.19952623149688797,2.819750747737939e-07,0.04331976863516402,0.04219214429219478,1.2784838950440235e-06,0.9825868599436189,0.9485761291168301,0.046592392804870014,0.04659238263664351,0.05931448849260491,0.012501715694290698,0.19952623059848956,3.3235758337843643e-12,8.598549246817408e-07,7.938030134930183e-07,3.6092768199847887e-16,0.9827314426591439,0.9231825163625078,0.09281269708368063,0.09281275182513887,0.05641173456315655,0.012843856780252566,0.19952623149688797,2.819750747542068e-07,0.04331976862663038,0.04219214428472748,2.5569677897271195e-06,0.9824422772280941,0.9739697418711524,914.2397090587765
sparse_bayesian_keep5_proposed_rep00_seed12026,sparse,bayesian_keep5,proposed,0,12026,24,24,48,natural_mean,40,1,50,23.0,-74,1024,4,1000.0,10,paper_reference_kkt,update,coordinated_aggregate,True,bayesian,0.05,3903,0.1066,2.3648062881178604,0.12907819535166026,0.1066,2.3648062881178604,0.12907819535166026,0.1176,2.36240465091581,0.11741732924133541,4.247058240841208,2.120807610164817,2.1262506306763913,9.999999999999427e-05,10000.000000000573,9999.99999955059,10000.000000961076,1.5936916315744014e-08,4.455026025653623e-06,9.61075784289278e-07,0.042348870191946955,0.00315692275762558,0.0,0.0,0.0,7.996348596368869e-07,1.4549550542142242e-07,7806,187344,8,192,0.054586795084375125,0.05458678294457155,0.05956714557830878,0.012898815477100384,0.19952623149688797,2.821091304613716e-07,0.0438257574920652,0.0423488688367441,1.2828771043730894e-06,0.9848294227971917,0.9606966146143443,0.03495726775825244,0.03495727626328045,0.06138384278357119,0.012902970906090999,0.1995262313172145,3.2453384370666877e-12,8.372332597858027e-07,7.996350564012919e-07,3.4447430319599454e-16,0.9863666232464912,0.9550922638888815,0.0742163224104978,0.07421628962586266,0.057750448373046374,0.012894660048109768,0.19952623149688797,2.821091304427047e-07,0.043825757484068084,0.04234886882919471,2.5657542084017045e-06,0.9832922223478922,0.966300965339807,952.0977741610259
sparse_bayesian_keep5_proposed_rep00_seed12026,sparse,bayesian_keep5,proposed,0,12026,25,25,50,natural_mean,40,1,50,23.0,-74,1024,4,1000.0,10,paper_reference_kkt,update,coordinated_aggregate,True,bayesian,0.05,3903,0.1066,2.3661963636272763,0.13704170643121003,0.1066,2.3661963636272763,0.13704170643121003,0.1212,2.3610858087889146,0.11730738904476166,4.22066887766419,2.1157740545557218,2.1048948231084688,9.999999999999397e-05,10000.000000000604,9999.99999959507,10000.00000094596,1.6179376481648768e-08,4.523034290740603e-06,9.45959982345812e-07,0.042433675885798695,0.0028793513774871826,0.0,0.0,0.0,8.124382717514289e-07,1.85562385013327e-07,7806,195150,8,200,0.05978416541663088,0.05978414336381686,0.06410152528605578,0.013409590069859426,0.19952623149688797,2.842797817110967e-07,0.04354342181658566,0.04243367186715951,1.2920300669367846e-06,0.9827194175092846,0.9479877077370227,0.040411345823752755,0.04041132857255114,0.060255318058660384,0.01289489475174608,0.19952623066508343,3.434067729114636e-12,8.816841108781285e-07,8.124379012930217e-07,3.771490553578387e-16,0.9830584023304166,0.921461429079227,0.079156985009509,0.07915695815508259,0.0679477325134512,0.01392428538797277,0.19952623149688797,2.842797816903551e-07,0.04354342180765932,0.042433671859382016,2.5840601334964203e-06,0.9823804326881526,0.9745139863948183,991.0537258740515
sparse_bayesian_keep5_proposed_rep00_seed12026,sparse,bayesian_keep5,proposed,0,12026,26,26,52,natural_mean,40,1,50,23.0,-74,1024,4,1000.0,10,paper_reference_kkt,update,coordinated_aggregate,True,bayesian,0.05,3903,0.1292,2.3554946438451196,0.09763548864603042,0.1292,2.3554946438451196,0.09763548864603042,0.126,2.3583920335526862,0.11307157331109047,4.215909667043515,2.1088973528822184,2.107012314161297,9.999999999999365e-05,10000.000000000638,9999.999999628739,10000.000000958293,1.637703123046662e-08,4.5785537911496464e-06,9.58292730501853e-07,0.04168565568720449,0.002931833267211914,0.0,0.0,0.0,7.540041415700361e-07,1.090684236260131e-07,7806,202956,8,208,0.06586493993219217,0.06586491056316224,0.05610463657181573,0.012777394237131777,0.19952623149688797,2.808807008887502e-07,0.04275172417747613,0.04168565698892729,1.297859904903063e-06,0.9825717559261721,0.949639653957305,0.058292037663540464,0.05829201078481286,0.055861591872814156,0.012728705131200769,0.19952623138799486,3.2715887711055617e-12,8.158310322283218e-07,7.540037629146552e-07,3.4677179530455867e-16,0.9823302356253716,0.9242155740758914,0.07343784220084387,0.07343781034151162,0.05634768127081732,0.012826083343062783,0.19952623149688797,2.808807008696971e-07,0.04275172416969188,0.04168565698210814,2.595719809459354e-06,0.9828132762269726,0.9750637338387186,1029.2047953899018
sparse_bayesian_keep5_proposed_rep00_seed12026,sparse,bayesian_keep5,proposed,0,12026,27,27,54,natural_mean,40,1,50,23.0,-74,1024,4,1000.0,10,paper_reference_kkt,update,coordinated_aggregate,True,bayesian,0.05,3903,0.1062,2.352182955049768,0.1414387011051178,0.1062,2.352182955049768,0.1414387011051178,0.1277,2.355359496760455,0.11220604155063629,4.220260048291792,2.104213269046002,2.11604677924579,9.999999999999339e-05,10000.000000000662,9999.999999576763,10000.000000841628,1.664796164300147e-08,4.654468865299219e-06,8.416282071266323e-07,0.041425187512421,0.003942623734474182,0.0,0.0,0.0,7.895948262283182e-07,1.36593371280469e-07,7806,210762,8,216,0.05597786407581105,0.05597786522303555,0.0632336231967699,0.012530313211270818,0.19952623149688797,2.8223477132362773e-07,0.04226496154904958,0.04142519487713032,1.3029227187399225e-06,0.9840054307697093,0.9615969403775484,0.035386802721661864,0.03538680437042342,0.06650695943479012,0.012415179726650126,0.19952623091670063,3.180520481417079e-12,8.372669306672041e-07,7.895954680118884e-07,3.323878562967818e-16,0.984128232888391,0.9430629609475975,0.07656892542996023,0.07656892607564768,0.05996028695874968,0.01264544669589151,0.19952623149688797,2.82234771305707e-07,0.04226496154075647,0.04142519486960518,2.605845437147457e-06,0.9838826286510275,0.9801309198074993,1066.351730872877
sparse_bayesian_keep5_proposed_rep00_seed12026,sparse,bayesian_keep5,proposed,0,12026,28,28,56,natural_mean,40,1,50,23.0,-74,1024,4,1000.0,10,paper_reference_kkt,update,coordinated_aggregate,True,bayesian,0.05,3903,0.1106,2.352683347121675,0.13338836693793538,0.1106,2.352683347121675,0.13338836693793538,0.1304,2.3529739716896088,0.11165149747580291,4.195511880120037,2.097329375189294,2.098182504930743,9.999999999999305e-05,10000.000000000697,9999.999999687145,10000.000000826201,1.6822057862069084e-08,4.703441999898361e-06,8.262013579951599e-07,0.04162123558369273,0.003802504390478134,0.0,0.0,0.0,8.290613814708665e-07,1.4549004845321178e-07,7806,218568,8,224,0.06492056477757231,0.06492055177332767,0.058682423776582116,0.012923804832090244,0.19952623149688797,2.831993785745526e-07,0.042483855017048475,0.041621234926291925,1.3051446554273867e-06,0.9821720161887981,0.9508015226167816,0.04851423008018812,0.048514205876346445,0.06142070202408404,0.01256690268886319,0.19952623142486042,3.32086905085081e-12,8.992892422832803e-07,8.290616927960635e-07,3.6561327281173006e-16,0.9814748967546179,0.9219077288606048,0.0813268994749565,0.0813268976703089,0.0559441455290802,0.0132807069753173,0.19952623149688797,2.831993785550819e-07,0.04248385500753049,0.0416212349180348,2.61028931048916e-06,0.9828691356229783,0.9796953163729586,1106.244807236828
sparse_bayesian_keep5_proposed_rep00_seed12026,sparse,bayesian_keep5,proposed,0,12026,29,29,58,natural_mean,40,1,50,23.0,-74,1024,4,1000.0,10,paper_reference_kkt,update,coordinated_aggregate,True,bayesian,0.05,3903,0.1154,2.3448817083224007,0.11410653371334077,0.1154,2.3448817083224007,0.11410653371334077,0.1325,2.3482390931996013,0.11085553530752658,4.18276774480376,2.086136169130238,2.096631575673522,9.999999999999288e-05,10000.000000000711,9999.999999721898,10000.000000821216,1.696196922638444e-08,4.742683107925539e-06,8.212155080400407e-07,0.041315880766707024,0.003563755191862583,0.0,0.0,0.0,8.187242742528946e-07,1.472799340263009e-07,7806,226374,8,232,0.06370407972744307,0.06370408575992621,0.06659704906355823,0.012957695845937875,0.19952623149688797,2.8461702098907604e-07,0.042004925239019365,0.041315875507661776,1.3150916582366537e-06,0.9837390547243382,0.9656295603104823,0.03417819369655804,0.03417817534581005,0.0656499013554024,0.01242894692381415,0.19952623137487077,3.329427163597029e-12,8.639402612828741e-07,8.1872433416221e-07,3.6354188675703955e-16,0.9850509244909922,0.9476631474079552,0.0932299657583281,0.09322999617404237,0.06754419677171407,0.0134864447680616,0.19952623149688797,2.8461702096960233e-07,0.04200492523013478,0.041315875499549765,2.6301833161097656e-06,0.9824271849576842,0.9835959732130093,1145.415935697034
sparse_bayesian_keep5_proposed_rep00_seed12026,sparse,bayesian_keep5,proposed,0,12026,30,30,60,natural_mean,40,1,50,23.0,-74,1024,4,1000.0,10,paper_reference_kkt,update,coordinated_aggregate,True,bayesian,0.05,3903,0.136,2.3540386485560174,0.10015716722697023,0.136,2.3540386485560174,0.10015716722697023,0.1325,2.346582022290987,0.11729254416674378,4.171625134295546,2.0815072804748658,2.09011785382068,9.99999999999927e-05,10000.00000000073,9999.99999969067,10000.000000832088,1.7234980995591768e-08,4.819099806774525e-06,8.320876077050343e-07,0.04186556640720769,0.004342176020145416,0.0,0.0,0.0,7.91464670141997e-07,1.9003164197783917e-07,7806,234180,8,240,0.06540183745685473,0.06540181495945416,0.06956574053820777,0.012553542083742764,0.19952623149688797,2.848357200408832e-07,0.042297362138368745,0.04186556857869491,1.3169005844261586e-06,0.9819076144226844,0.9590035811610063,0.03954845567705683,0.039548463603325396,0.06894188333109143,0.012276731435349741,0.19952623140305123,3.265722795145956e-12,8.526731248312975e-07,7.914645477987781e-07,3.471099310398859e-16,0.9818565296331258,0.9282156522479752,0.09125521923665261,0.0912551663155829,0.07018959774532411,0.012830352732135786,0.19952623149688797,2.8483572002216197e-07,0.04229736212977422,0.04186556857121363,2.6338011685052074e-06,0.981958699212243,0.9897915100740372,1183.6339443419129
sparse_bayesian_keep5_proposed_rep00_seed12026,sparse,bayesian_keep5,proposed,0,12026,31,31,62,natural_mean,40,1,50,23.0,-74,1024,4,1000.0,10,paper_reference_kkt,update,coordinated_aggregate,True,bayesian,0.05,3903,0.1387,2.3391051202313022,0.09966593324393035,0.1387,2.3391051202313022,0.09966593324393035,0.1415,2.3396646232536,0.10474330292344093,4.19372283791453,2.0938771280095305,2.099845709904999,9.999999999999231e-05,10000.000000000771,9999.999999657937,10000.000000787066,1.7498460810169213e-08,4.893098135392848e-06,7.870658009778708e-07,0.04075851956803665,0.0037757186219096184,0.0,0.0,0.0,8.028938654311765e-07,1.4431134331971407e-07,7806,241986,8,248,0.0749508826021698,0.07495086389582357,0.06923593304203936,0.01304365013270187,0.19952623149688797,2.818039771491421e-07,0.041585357543787865,0.04075852037639698,1.3211756177038974e-06,0.9817055201079463,0.9657690396865587,0.05673076884039958,0.05673076152948409,0.07591101545635645,0.013004027327690735,0.1995262312076382,3.275895668436436e-12,8.438889036943944e-07,8.028936265399497e-07,3.5620795665993236e-16,0.9820218303772845,0.9514210020374888,0.09317099636394002,0.09317096626216306,0.06256085062772226,0.013083272937713008,0.19952623149688797,2.8180397713010137e-07,0.041585357535225374,0.04075852036848896,2.642351235051587e-06,0.9813892098386081,0.9801170773356286,1221.7707524360158
sparse_bayesian_keep5_proposed_rep00_seed12026,sparse,bayesian_keep5,proposed,0,12026,32,32,64,natural_mean,40,1,50,23.0,-74,1024,4,1000.0,10,paper_reference_kkt,update,coordinated_aggregate,True,bayesian,0.05,3903,0.1249,2.3328824798311345,0.12836242107570167,0.1249,2.3328824798311345,0.12836242107570167,0.1447,2.3296228545901876,0.10103592575639485,4.170928045390378,2.085152527826207,2.08577551756417,9.999999999999191e-05,10000.00000000081,9999.99999958768,10000.000000882006,1.799890938435724e-08,5.033273668757111e-06,8.820061339065433e-07,0.040665963567525,0.0032609403133392334,0.0,0.0,0.0,7.807502399404722e-07,1.5424848243128508e-07,7806,249792,8,256,0.08315124901302426,0.08315126491747069,0.05541927676509314,0.011811222365813095,0.19952623149688797,2.830298688136293e-07,0.04173004596456803,0.04066596175186044,1.3238173061290722e-06,0.9795737478141988,0.9458168178191824,0.06347002399891705,0.0634700420064648,0.057488566340844746,0.011642726748497922,0.1995262311402968,3.215222360622282e-12,8.512934240373587e-07,7.807492188661352e-07,3.476446327059805e-16,0.978102772308943,0.9171329022634404,0.10283247402713146,0.10283248782847655,0.05334998718934153,0.011979717983128269,0.19952623149688797,2.8302986879536686e-07,0.04173004595588483,0.04066596174436561,2.6476346119104996e-06,0.9810447233194545,0.9745007333749245,1259.1075912467204
sparse_bayesian_keep5_proposed_rep00_seed12026,sparse,bayesian_keep5,proposed,0,12026,33,33,66,natural_mean,40,1,50,23.0,-74,1024,4,1000.0,10,paper_reference_kkt,update,coordinated_aggregate,True,bayesian,0.05,3903,0.1346,2.320542779476437,0.1031528186964989,0.1346,2.320542779476437,0.1031528186964989,0.1479,2.328844550744305,0.09759344097822904,4.150593403082482,2.068155286800316,2.0824381162821655,9.999999999999162e-05,10000.000000000844,9999.999999616231,10000.00000086509,1.8008906928119956e-08,5.036451998680495e-06,8.650895324535668e-07,0.04109971831967864,0.003168463706970215,0.0,0.0,0.0,7.803712181177851e-07,1.2051896192133427e-07,7806,257598,8,264,0.07587252122265768,0.07587249665690199,0.05755527673704734,0.011414590109802732,0.19952623149688797,2.861241052314138e-07,0.042010849423634075,0.041099715499997504,1.3264812235449614e-06,0.9810587027087939,0.9589487973234427,0.06075101116252441,0.060750997581015403,0.05960837566215515,0.011125219325811354,0.1995262314114957,3.293688119729683e-12,8.305475556526459e-07,7.80370539380296e-07,3.597222684533997e-16,0.9801044040572826,0.9395856416651991,0.09099403128279095,0.09099399573278856,0.055502177811939536,0.011703960893794111,0.19952623149688797,2.8612410521245634e-07,0.04201084941542418,0.04109971549258896,2.6529624467302006e-06,0.9820130013603052,0.9783119529816864,1297.0698277927004
sparse_bayesian_keep5_proposed_rep00_seed12026,sparse,bayesian_keep5,proposed,0,12026,34,34,68,natural_mean,40,1,50,23.0,-74,1024,4,1000.0,10,paper_reference_kkt,update,coordinated_aggregate,True,bayesian,0.05,3903,0.134,2.31650232270486,0.11002476832687852,0.134,2.31650232270486,0.11002476832687852,0.1463,2.3180356277850427,0.10366487264782191,4.143869391302939,2.0674716668858917,2.0763977244170473,9.999999999999141e-05,10000.00000000086,9999.999999592363,10000.000000880338,1.7989259486574238e-08,5.031235354202279e-06,8.803381206234917e-07,0.041858232056517855,0.003428512252867222,0.0,0.0,0.0,7.797379252051418e-07,2.0159495761618018e-07,7806,265404,8,272,0.07702320258983739,0.07702320951532544,0.06610640621922426,0.012422525429115313,0.19952623149688797,2.850192151333294e-07,0.0431994148721687,0.04185823161758834,1.3323859949593338e-06,0.9808288381581489,0.9469982940029817,0.07343202267333879,0.07343201634772624,0.06427789058346518,0.012128926685172282,0.19952623136460956,3.21051349483279e-12,8.429206860569099e-07,7.797377385300662e-07,3.405040712075188e-16,0.9791191534540281,0.9250429005479818,0.080614382506336,0.08061440268292465,0.06793492185498334,0.012716124173058346,0.19952623149688797,2.8501921511524747e-07,0.04319941486394503,0.041858231610325834,2.6647719895781633e-06,0.9825385228622697,0.9689536874579818,1334.596796005033
sparse_bayesian_keep5_proposed_rep00_seed12026,sparse,bayesian_keep5,proposed,0,12026,35,35,70,natural_mean,40,1,50,23.0,-74,1024,4,1000.0,10,paper_reference_kkt,update,coordinated_aggregate,True,bayesian,0.05,3903,0.1422,2.3172588666408154,0.10377613295048473,0.1422,2.3172588666408154,0.10377613295048473,0.1516,2.3166304910109665,0.09660440932661293,4.142801285548428,2.0650010975407325,2.077800188007696,9.999999999999102e-05,10000.0000000009,9999.999999531341,10000.00000085424,1.813265729559527e-08,5.071762286682478e-06,8.542392606614158e-07,0.04106929597990117,0.005555205047130585,0.0,0.0,0.0,7.926603955139874e-07,1.5669138520024717e-07,7806,273210,8,280,0.09214365912772314,0.09214369196783206,0.06214789669000022,0.011489997358087568,0.19952623149688797,2.862929948540024e-07,0.04135314387787668,0.0410692930143131,1.332535627725224e-06,0.9799013387772483,0.9495010062382234,0.06947451819253167,0.06947450889725006,0.05926248566798404,0.011013670209482067,0.19952623116093451,3.396163263885582e-12,8.750291080983514e-07,7.926591436459066e-07,3.891035420874891e-16,0.9785668624456618,0.9058660054326834,0.11481280006291461,0.11481287503841409,0.0650333077120164,0.011966324506693072,0.19952623149688797,2.8629299483385884e-07,0.041353143868618915,0.041069293006663725,2.6650712550613444e-06,0.9812358151088347,0.9931360070437636,1374.1977780698799
sparse_bayesian_keep5_proposed_rep00_seed12026,sparse,bayesian_keep5,proposed,0,12026,36,36,72,natural_mean,40,1,50,23.0,-74,1024,4,1000.0,10,paper_reference_kkt,update,coordinated_aggregate,True,bayesian,0.05,3903,0.1402,2.309567674124771,0.10956769198089834,0.1402,2.309567674124771,0.10956769198089834,0.1494,2.3013071484546823,0.10087520811408755,4.123663219732508,2.065394620724748,2.05826859900776,9.999999999999061e-05,10000.00000000094,9999.999999608199,10000.000000898279,1.8529266557079595e-08,5.182988351351384e-06,8.982788131106645e-07,0.04118580983174204,0.002942211925983429,0.0,0.0,0.0,7.853319078210494e-07,1.7776983440853655e-07,7806,281016,8,288,0.0744665918903206,0.07446657363908749,0.061808657460355944,0.011578924455814859,0.19952623149688797,2.8532563394313896e-07,0.04236610759258256,0.041185811719643146,1.3364836521138408e-06,0.980368473029587,0.9504691126933895,0.052200583019506155,0.05220057560761611,0.06760271077005854,0.01142070634425877,0.19952623133892966,3.188382275316918e-12,8.455363283279346e-07,7.853321536140815e-07,3.445082658565603e-16,0.9801626311945743,0.9287976225163174,0.09673260076113503,0.09673257167055888,0.056014604150653347,0.011737142567370946,0.19952623149688797,2.853256339253246e-07,0.04236610758414502,0.04118581171215578,2.6729673038831735e-06,0.9805743148645996,0.9721406028704617,1413.3407935937867
sparse_bayesian_keep5_proposed_rep00_seed12026,sparse,bayesian_keep5,proposed,0,12026,37,37,74,natural_mean,40,1,50,23.0,-74,1024,4,1000.0,10,paper_reference_kkt,update,coordinated_aggregate,True,bayesian,0.05,3903,0.1516,2.303411508269914,0.08956819143712516,0.1516,2.303411508269914,0.08956819143712516,0.1545,2.3044261137002864,0.09790793855637311,4.106366304659227,2.062530607068041,2.043835697591186,9.999999999999026e-05,10000.000000000977,9999.99999958576,10000.000000979207,1.8803082247379277e-08,5.259902113267255e-06,9.792074706638232e-07,0.04064389696543801,0.0034050820395350456,0.0,0.0,0.0,8.464137823790938e-07,1.9330582290422171e-07,7806,288822,8,296,0.07367416548261174,0.07367417863549175,0.07039502644906413,0.011867641571701053,0.19952623149688797,2.8708450628436277e-07,0.041435280477181105,0.04064390207799866,1.3437894478516257e-06,0.9811568477709005,0.9375244871185608,0.06069751005309843,0.06069751852347306,0.07152922789172293,0.011307764967212528,0.19952623131752067,3.463450290890619e-12,9.466146410343621e-07,8.464137810764501e-07,3.9699111953295146e-16,0.9803275508952759,0.8941481838011174,0.08665082091212506,0.08665083874751044,0.06926082500640533,0.012427518176189579,0.19952623149688797,2.8708450626347086e-07,0.04143528046636811,0.04064390206918533,2.68757889530626e-06,0.9819861446465252,0.9809007904360043,1453.8077094508335
sparse_bayesian_keep5_proposed_rep00_seed12026,sparse,bayesian_keep5,proposed,0,12026,38,38,76,natural_mean,40,1,50,23.0,-74,1024,4,1000.0,10,paper_reference_kkt,update,coordinated_aggregate,True,bayesian,0.05,3903,0.1347,2.286204740216136,0.11105112488657234,0.1347,2.286204740216136,0.11105112488657234,0.142,2.29067653359936,0.11565513094514608,4.099221436214258,2.0539842764852536,2.0452371597290036,9.999999999998987e-05,10000.000000001015,9999.999999522284,10000.000000976726,1.9161157865501924e-08,5.360371466595243e-06,9.767263691173866e-07,0.04288111099034499,0.0031496845185756683,0.0,0.0,0.0,7.885340951210274e-07,1.634871296118945e-07,7806,296628,8,304,0.07582672806188834,0.07582674875898068,0.07013564081226366,0.01249149024974708,0.19952623149688797,2.8061374917803004e-07,0.04414079529199949,0.04288110587142118,1.3416917483065585e-06,0.9811741736260529,0.9490940133298448,0.06082834590424609,0.06082835243572941,0.07624361060223676,0.012449657607129402,0.19952623013675475,3.298818170304424e-12,8.508819640882193e-07,7.885344346389835e-07,3.6466511461508504e-16,0.9802377665857072,0.9267259695695494,0.09082511021953059,0.09082514508223195,0.06402767102229055,0.012533322892364758,0.19952623149688797,2.8061374915864e-07,0.04414079528379846,0.04288110586417106,2.683383496248452e-06,0.9821105806663987,0.9714620570901401,1492.5878129769117
sparse_bayesian_keep5_proposed_rep00_seed12026,sparse,bayesian_keep5,proposed,0,12026,39,39,78,natural_mean,40,1,50,23.0,-74,1024,4,1000.0,10,paper_reference_kkt,update,coordinated_aggregate,True,bayesian,0.05,3903,0.1571,2.2989338340847962,0.07673701553300025,0.1571,2.2989338340847962,0.07673701553300025,0.157,2.3108719535129034,0.09179725709855557,4.100605723113711,2.05180376291749,2.0488019601962204,9.999999999998953e-05,10000.00000000105,9999.999999507563,10000.000000982753,1.9379891016007504e-08,5.421882182379027e-06,9.82752681011334e-07,0.05025205587373189,0.003763113170862198,0.0,0.0,0.0,8.973829223948382e-07,1.2672353477682918e-07,7806,304434,8,312,0.04317785313919084,0.04317784512145377,0.09274339029252188,0.011691769344990732,0.19952623149688797,2.814045697570915e-07,0.05180567227788595,0.050252052698455965,1.3563133937266772e-06,0.9789028818132874,0.9520661906193392,0.04064559406159298,0.040645585633271565,0.0980924685174035,0.011346602711322474,0.19952623023414304,3.6494989151707355e-12,9.606695338528418e-07,8.973822881312624e-07,4.497406678219537e-16,0.9763294809787614,0.934121752714644,0.045710112216788695,0.04571010460963598,0.08739431206764027,0.01203693597865899,0.19952623149688797,2.814045697334266e-07,0.05180567226897876,0.0502520526904434,2.712626787003614e-06,0.9814762826478136,0.9700106285240343,1530.6187301478349
sparse_bayesian_keep5_proposed_rep00_seed12026,sparse,bayesian_keep5,proposed,0,12026,40,40,80,natural_mean,40,1,50,23.0,-74,1024,4,1000.0,10,paper_reference_kkt,update,coordinated_aggregate,True,bayesian,0.05,3903,0.1346,2.29361042845765,0.11713094848334794,0.1346,2.29361042845765,0.11713094848334794,0.143,2.2888357256311944,0.11834539845436814,4.08716461227144,2.0391853120170578,2.047979300254382,9.999999999998943e-05,10000.00000000106,9999.99999946363,10000.000001026312,1.9704723099491753e-08,5.512637083634751e-06,1.0263120202580467e-06,0.049915367474405274,0.003880548058077693,0.0,0.0,0.0,8.689064039747114e-07,2.067918103421107e-07,7806,312240,8,320,0.054490339746345,0.05449033696255903,0.06898317419514492,0.011991295156028828,0.19952623149688797,2.8310073994873066e-07,0.050944980813050905,0.04991536629697059,1.346975015282499e-06,0.9808944639389825,0.9498178721509335,0.04270738731512904,0.04270739214428952,0.07657767301237542,0.011674922531347593,0.19952623137734607,3.3401634686349152e-12,9.446226704634836e-07,8.689074457974126e-07,3.685724832479499e-16,0.9802169301532963,0.9198460936375011,0.06627329217756096,0.06627328178082854,0.061388675377914426,0.012307667780710064,0.19952623149688797,2.831007399290262e-07,0.0509449808042933,0.049915366289407785,2.6939500301964254e-06,0.9815719977246686,0.9797896506643659,1567.6607473818585
sparse_bayesian_keep5_proposed_rep00_seed12026,sparse,bayesian_keep5,proposed,0,12026,41,41,82,natural_mean,40,1,50,23.0,-74,1024,4,1000.0,10,paper_reference_kkt,update,coordinated_aggregate,True,bayesian,0.05,3903,0.1571,2.292657276215211,0.08051812331199645,0.1571,2.292657276215211,0.08051812331199645,0.1572,2.303213848840126,0.09307836317420007,4.101598346399265,2.05698182805632,2.044616518342945,9.999999999998889e-05,10000.000000001113,9999.999999617648,10000.000001063418,2.0058625869458807e-08,5.612210699026869e-06,1.0634175851009786e-06,0.049225305414632485,0.003836224786937237,0.0,0.0,0.0,9.230610008164943e-07,1.540192897664383e-07,7806,320046,8,328,0.04325874675344159,0.043258748524545906,0.08457394774287252,0.011192149554426531,0.19952623149688797,2.843913799510413e-07,0.05058873414165624,0.04922530479486507,1.3597999760855683e-06,0.9809330517557151,0.9497755687733043,0.04048562756051303,0.04048561925645273,0.09236080862948064,0.010913522230674582,0.1995262303405417,3.6321355241222654e-12,9.962848249669615e-07,9.230603702656944e-07,4.482085701689992e-16,0.9796149622759127,0.9265024638235805,0.04603186594637014,0.04603187779263909,0.07678708685626441,0.01147077687817848,0.19952623149688797,2.843913799278472e-07,0.05058873413184592,0.04922530478621057,2.719599951722928e-06,0.9822511412355175,0.9730486737230281,1604.9467162508518
sparse_bayesian_keep5_proposed_rep00_seed12026,sparse,bayesian_keep5,proposed,0,12026,42,42,84,natural_mean,40,1,50,23.0,-74,1024,4,1000.0,10,paper_reference_kkt,update,coordinated_aggregate,True,bayesian,0.05,3903,0.1341,2.279835996925349,0.12277122145473957,0.1341,2.279835996925349,0.12277122145473957,0.1409,2.281042801753339,0.12513248137533664,4.088413079263676,2.049984091271463,2.0384289879922126,9.999999999998842e-05,10000.000000001159,9999.999999632144,10000.00000115887,2.045686009720441e-08,5.723995926068573e-06,1.158870873041451e-06,0.0530922720026835,0.003610849380493164,0.0,0.0,0.0,8.085958941964202e-07,1.0758776625152677e-07,7806,327852,8,336,0.05067799776748462,0.050677998875750106,0.07609233898892737,0.012728363689031486,0.19952623149688797,2.8491191178469585e-07,0.05454750000038959,0.05309226439870406,1.3526339458933711e-06,0.9824240765401326,0.9514680813904643,0.048914450670957337,0.04891447374138544,0.07192590267680424,0.012259887891861457,0.19952623097866734,3.2754736793753307e-12,8.698176824907105e-07,8.085951832999398e-07,3.6197895116266665e-16,0.9818469820746998,0.9296145411263408,0.052441544864011896,0.05244152401011477,0.08025877530105048,0.013196839486201515,0.19952623149688797,2.8491191176586773e-07,0.054547499993454505,0.053092264392546606,2.705267891424763e-06,0.9830011710055656,0.973321621654588,1642.600756556727
sparse_bayesian_keep5_proposed_rep00_seed12026,sparse,bayesian_keep5,proposed,0,12026,43,43,86,natural_mean,40,1,50,23.0,-74,1024,4,1000.0,10,paper_reference_kkt,update,coordinated_aggregate,True,bayesian,0.05,3903,0.1571,2.2940009557247456,0.09090015477865934,0.1571,2.2940009557247456,0.09090015477865934,0.1568,2.297150135571803,0.0910140567392111,4.117770801339424,2.0502381785489456,2.0675326227904787,9.999999999998804e-05,10000.000000001199,9999.999999585187,10000.000001111615,2.074134877136579e-08,5.8039610594222605e-06,1.1116153473267332e-06,0.05631362385484414,0.004393581300973892,0.0,0.0,0.0,1.0015749029764453e-06,2.1953565010335296e-07,7806,335658,8,344,0.04896338701085384,0.048963387540556694,0.10589072185346396,0.011516723814009755,0.19952623149688797,2.876766897579847e-07,0.05885064682367469,0.05631362695026312,1.3713859442810792e-06,0.9751815104181201,0.9350240353851389,0.03268629634842576,0.032686294015994946,0.10633050852885977,0.010680679677625154,0.1995262313714742,3.958105414052864e-12,1.0968255390334214e-06,1.0015745386942636e-06,5.209163875687124e-16,0.9722641881757553,0.9131575491289466,0.06524047767328194,0.06524048106511844,0.10545093517806815,0.012352767950394358,0.19952623149688797,2.876766897307552e-07,0.05885064681345368,0.05631362694135629,2.742771888041242e-06,0.9780988326604848,0.9568905216413311,1681.8237139456905
sparse_bayesian_keep5_proposed_rep00_seed12026,sparse,bayesian_keep5,proposed,0,12026,44,44,88,natural_mean,40,1,50,23.0,-74,1024,4,1000.0,10,paper_reference_kkt,update,coordinated_aggregate,True,bayesian,0.05,3903,0.1333,2.2893840318770295,0.13864051036804917,0.1333,2.2893840318770295,0.13864051036804917,0.1454,2.2720194840396997,0.11365637797266244,4.075663710683287,2.042657432404474,2.033006278278813,9.99999999999877e-05,10000.000000001233,9999.999999584026,10000.000001167939,2.122129472411959e-08,5.938387962999556e-06,1.167938535218127e-06,0.0537426190535797,0.004538394510746002,0.0,0.0,0.0,8.133329134155714e-07,2.1801133698318154e-07,7806,343464,8,352,0.05389418147967606,0.05389417319021446,0.08196605084176567,0.013495539308700365,0.19952623149688797,2.853099255664149e-07,0.05467142506668525,0.053742619843708414,1.3596494638841178e-06,0.9794855605122019,0.9559592987517425,0.042331007532692165,0.042330992379282006,0.0797148329159167,0.012932309275866081,0.19952622947236234,3.2513484354135655e-12,8.755794836007893e-07,8.133323339346034e-07,3.4949664529869466e-16,0.9789267593877473,0.9289074651767337,0.06545735542665995,0.06545735400114691,0.08421726876761465,0.014058769341534647,0.19952623149688797,2.8530992554788897e-07,0.054671425059673914,0.053742619837554,2.7192989274187388e-06,0.9800443616366566,0.9830111323267513,1721.230948864948
sparse_bayesian_keep5_proposed_rep00_seed12026,sparse,bayesian_keep5,proposed,0,12026,45,45,90,natural_mean,40,1,50,23.0,-74,1024,4,1000.0,10,paper_reference_kkt,update,coordinated_aggregate,True,bayesian,0.05,3903,0.1581,2.2875297581010905,0.09448598458170893,0.1581,2.2875297581010905,0.09448598458170893,0.1581,2.2789842195672545,0.09136833037137987,4.058396989735173,2.024054166668689,2.034342823066484,9.999999999998743e-05,10000.00000000126,9999.999999553038,10000.000001217244,2.1270703370032646e-08,5.952580701818323e-06,1.217244061990641e-06,0.04562639325711832,0.004176132380962372,0.0,0.0,0.0,9.007204318318463e-07,1.5794830687809736e-07,7806,351270,8,360,0.05904217660033971,0.05904216707086643,0.10025488971150065,0.011740058204998155,0.19952623149688797,2.864134305792405e-07,0.046814259524423744,0.04562639136032074,1.3686672908531086e-06,0.9784407464157177,0.9555447508287581,0.03731968462298413,0.03731966212315548,0.09779391982781813,0.011021727747298163,0.19952623132865097,3.630451261472907e-12,9.618324229252034e-07,9.007209576146067e-07,4.401731091135392e-16,0.9767373706721565,0.9364635008772788,0.08076466857769529,0.08076467201857739,0.10271585959518319,0.012458388662698145,0.19952623149688797,2.864134305562315e-07,0.04681425951454298,0.045626391351430075,2.737334581266044e-06,0.9801441221592789,0.9746260007802374,1760.7557815867476
sparse_bayesian_keep5_proposed_rep00_seed12026,sparse,bayesian_keep5,proposed,0,12026,46,46,92,natural_mean,40,1,50,23.0,-74,1024,4,1000.0,10,paper_reference_kkt,update,coordinated_aggregate,True,bayesian,0.05,3903,0.1425,2.2728087157040484,0.10939474226236343,0.1425,2.2728087157040484,0.10939474226236343,0.1436,2.264773579748642,0.11683821350038053,4.0457531244569935,2.016641018831469,2.0291121056255244,9.999999999998716e-05,10000.000000001282,9999.999999522784,10000.00000124145,2.1647252671146694e-08,6.058013898022042e-06,1.2414493539836258e-06,0.04778605959025178,0.003222491592168808,0.0,0.0,0.0,7.712813972563777e-07,1.3682983990292996e-07,7806,359076,8,368,0.0599299924134057,0.05992998740815218,0.06995922994957086,0.011446459476903278,0.19952623149688797,2.8443019374233266e-07,0.04888805075078345,0.047786058813162974,1.3615411364658367e-06,0.9809538090044996,0.9613220004890872,0.05334614118562015,0.05334614984299086,0.06995945400623883,0.011165380548701814,0.19952623088805488,3.2316317798768867e-12,8.160110558331262e-07,7.712815515491297e-07,3.5521770107426403e-16,0.9800718670021764,0.9451851953262763,0.06651384364119124,0.06651382497331351,0.0699590058929029,0.011727538405104742,0.19952623149688797,2.844301937239741e-07,0.04888805074397326,0.04778605880693861,2.7230822725764558e-06,0.9818357510068227,0.9774588056518981,1799.6697044088505
sparse_bayesian_keep5_proposed_rep00_seed12026,sparse,bayesian_keep5,proposed,0,12026,47,47,94,natural_mean,40,1,50,23.0,-74,1024,4,1000.0,10,paper_reference_kkt,update,coordinated_aggregate,True,bayesian,0.05,3903,0.1588,2.2751600031922994,0.08700950295001267,0.1588,2.2751600031922994,0.08700950295001267,0.1582,2.2765209514016367,0.0921389749646187,4.051179586679751,2.0288334127922893,2.0223461738874615,9.999999999998685e-05,10000.000000001317,9999.999999451204,10000.000001305385,2.1839261068384055e-08,6.112113585862784e-06,1.305385012528859e-06,0.0498910501914426,0.0036644190549850464,0.0,0.0,0.0,9.146814096185249e-07,1.6006924852263182e-07,7806,366882,8,376,0.04512077691809835,0.04512077834902654,0.11080645803774362,0.012010477836385432,0.19952623149688797,2.827050347294297e-07,0.051883586782744864,0.04989104754080407,1.374190603242975e-06,0.9774801738869527,0.9470041441838812,0.03866693954074659,0.03866692982659839,0.10422885253462125,0.011467768301163228,0.19952623126969002,3.784476204610781e-12,9.80984772880214e-07,9.146822835758872e-07,4.91941374465108e-16,0.9754111222501629,0.9324123027476379,0.0515746142954501,0.051574626871454685,0.117384063540866,0.012553187371607636,0.19952623149688797,2.8270503470409895e-07,0.05188358677347092,0.04989104753241936,2.7483812059940085e-06,0.9795492255237425,0.9615959856201245,1837.6779496506788
sparse_bayesian_keep5_proposed_rep00_seed12026,sparse,bayesian_keep5,proposed,0,12026,48,48,96,natural_mean,40,1,50,23.0,-74,1024,4,1000.0,10,paper_reference_kkt,update,coordinated_aggregate,True,bayesian,0.05,3903,0.1459,2.2613641465809478,0.10425930804342029,0.1459,2.2613641465809478,0.10425930804342029,0.142,2.266437346164076,0.12094433129280809,4.031528096739388,2.0153399700672914,2.0161881266720965,9.999999999998661e-05,10000.000000001342,9999.99999948507,10000.000001274597,2.2030598002521986e-08,6.165858396901707e-06,1.274596797884442e-06,0.055582452639685746,0.004326753318309784,0.0,0.0,0.0,7.615587679897763e-07,1.2272903404664248e-07,7806,374688,8,384,0.05256689608161811,0.05256690523925763,0.08565233966356728,0.012531669270715688,0.19952623149688797,2.84330990134256e-07,0.05664175087984175,0.05558245351180332,1.3642745682862115e-06,0.9797720593711879,0.9504486526973985,0.0502609088159301,0.050260920459776176,0.08653655224540255,0.01224409826460372,0.1995262312909568,3.2288457123790207e-12,8.281424300570852e-07,7.615589725207473e-07,3.5716518467839755e-16,0.9777528790221168,0.9195990181762971,0.05487288334730612,0.05487289001873909,0.084768127081732,0.012819240276827655,0.19952623149688797,2.843309901159227e-07,0.05664175087378774,0.055582453506586096,2.728549136215258e-06,0.9817912397202591,0.9812982872185001,1874.4068999956362
sparse_bayesian_keep5_proposed_rep00_seed12026,sparse,bayesian_keep5,proposed,0,12026,49,49,98,natural_mean,40,1,50,23.0,-74,1024,4,1000.0,10,paper_reference_kkt,update,coordinated_aggregate,True,bayesian,0.05,3903,0.1578,2.293291306833837,0.09103698798298837,0.1578,2.293291306833837,0.09103698798298837,0.1563,2.290934888587794,0.09497536712437868,4.090356035403181,2.0563039328421557,2.0340521025610254,9.99999999999861e-05,10000.000000001392,9999.99999951083,10000.000001189612,2.2246053922620007e-08,6.226812743938307e-06,1.189611793961376e-06,0.0696222435697758,0.006089102476835251,0.0,0.0,0.0,9.539692582665492e-07,1.3339376891963184e-07,7806,382494,8,392,0.024447726075070265,0.024447723603409292,0.12665726754474477,0.012185733422052522,0.19952623149688797,2.859602610274898e-07,0.07154447157295744,0.06962224448734197,1.380602459369409e-06,0.9764786534904917,0.9633103463836279,0.02570867547120303,0.025708665111925717,0.1163045427758846,0.011403337925822451,0.19952623142590917,3.869605972782649e-12,1.0005038936579693e-06,9.539687374376669e-07,5.19279572659489e-16,0.9731122495991369,0.9534883071695132,0.0231867766789375,0.02318678209489287,0.13700999231360492,0.012968128918282595,0.19952623149688797,2.8596026100130813e-07,0.07154447156596173,0.0696222444808063,2.7612049182195384e-06,0.9798450573818464,0.9731323855977426,1912.5957739567384
sparse_bayesian_keep5_proposed_rep00_seed12026,sparse,bayesian_keep5,proposed,0,12026,50,50,100,natural_mean,40,1,50,23.0,-74,1024,4,1000.0,10,paper_reference_kkt,update,coordinated_aggregate,True,bayesian,0.05,3903,0.1425,2.272845775477321,0.11904091547459365,0.1425,2.272845775477321,0.11904091547459365,0.1534,2.259597736161183,0.1128120962664485,4.052985188311657,2.0278954219628513,2.0250897663488066,9.999999999998588e-05,10000.000000001415,9999.999999507772,10000.000001217333,2.2589434459509773e-08,6.322918606697439e-06,1.2173331924714148e-06,0.05889965061272501,0.0039525143802165985,0.0,0.0,0.0,7.82988123376558e-07,1.5342266124207526e-07,7806,390300,8,400,0.049312209068466825,0.04931220082300276,0.07185228266850596,0.012129051858957494,0.19952623149688797,2.871135500984997e-07,0.06008039736441259,0.05889965118133965,1.3727652771366643e-06,0.9813172027417456,0.9459808148129688,0.051551794633786556,0.051551786234693094,0.07837020715100117,0.011823860887483969,0.19952623097696057,3.2385731100975846e-12,8.589034585778439e-07,7.829887753872978e-07,3.4452502939713007e-16,0.981097109904631,0.9116144098215251,0.0470726235031471,0.04707261541131242,0.06533435818601076,0.01243424283043102,0.19952623149688797,2.8711355008023456e-07,0.060080397358273196,0.05889965117613528,2.7455305539288034e-06,0.9815372955788603,0.9803472198044125,1952.8978595728986
sparse_bayesian_keep5_proposed_rep00_seed12026,sparse,bayesian_keep5,proposed,0,12026,51,51,102,natural_mean,40,1,50,23.0,-74,1024,4,1000.0,10,paper_reference_kkt,update,coordinated_aggregate,True,bayesian,0.05,3903,0.1576,2.251708479561678,0.09096179528474806,0.1576,2.251708479561678,0.09096179528474806,0.1599,2.2493123727879913,0.09352265160232782,4.051721451912912,2.025183022804336,2.026538429108576,9.99999999999853e-05,10000.000000001472,9999.999999491636,10000.000001304814,2.3045029888160948e-08,6.450969789580173e-06,1.3048138498561457e-06,0.039105622342329824,0.003124777227640152,0.0,0.0,0.0,8.674575594543789e-07,1.5855039237067103e-07,7806,398106,8,408,0.07228253792128517,0.0722825511698126,0.10153792226516928,0.012020201156536712,0.19952623149688797,2.828416800286098e-07,0.039928721224236484,0.039105617888276704,1.3697293648888863e-06,0.9782763611576402,0.9581416824545692,0.04326660197275093,0.04326660548083671,0.10042403822749459,0.011485910397828925,0.19952623146452148,3.5452078535039855e-12,9.258825992090408e-07,8.674571861287375e-07,4.307049244179857e-16,0.9759046170192427,0.9368976371009518,0.10129847386981941,0.10129849685878849,0.10265180630284397,0.012554491915244501,0.19952623149688797,2.8284168000639157e-07,0.03992872121350162,0.03910561787865555,2.739458729347068e-06,0.9806481052960376,0.9793857278081868,2002.036892045755
sparse_bayesian_keep5_proposed_rep00_seed12026,sparse,bayesian_keep5,proposed,0,12026,52,52,104,natural_mean,40,1,50,23.0,-74,1024,4,1000.0,10,paper_reference_kkt,update,coordinated_aggregate,True,bayesian,0.05,3903,0.1471,2.2547406974101096,0.11230586070775987,0.1471,2.2547406974101096,0.11230586070775987,0.1485,2.2474758842509646,0.11203443512469533,4.008567240508365,2.0051232154042298,2.0034440251041357,9.999999999998481e-05,10000.00000000152,9999.999999581249,10000.000001355065,2.3343499738914022e-08,6.535041706069123e-06,1.3550652511185035e-06,0.042877906627761204,0.0025132521986961365,0.0,0.0,0.0,7.880928970080521e-07,1.3793214748147875e-07,7806,405912,8,416,0.055027115197282636,0.055027124242792616,0.09060211557931606,0.01197443032986954,0.19952623149688797,2.846790059663681e-07,0.0442649980287147,0.04287790390422382,1.36864291533998e-06,0.9826457714097633,0.956902304583068,0.03734976739593835,0.03734977210959026,0.08636692652117377,0.011590776898900926,0.1995262311833406,3.290665281543116e-12,8.338365427121478e-07,7.880929090550963e-07,3.6951575525880935e-16,0.9828510062303281,0.9451407199494779,0.07270446299862693,0.07270447637599498,0.09483730463745836,0.012358083760838155,0.19952623149688797,2.8467900594734936e-07,0.04426499802086105,0.042877903896981276,2.7372858303104444e-06,0.9824405365891985,0.9686638892166582,2050.940758578945
sparse_bayesian_keep5_proposed_rep00_seed12026,sparse,bayesian_keep5,proposed,0,12026,53,53,106,natural_mean,40,1,50,23.0,-74,1024,4,1000.0,10,paper_reference_kkt,update,coordinated_aggregate,True,bayesian,0.05,3903,0.1602,2.2566748414233238,0.1033205083712935,0.1602,2.2566748414233238,0.1033205083712935,0.16,2.2510233169236193,0.0932329157292843,4.026643701481298,2.010968587507547,2.0156751139737503,9.999999999998443e-05,10000.000000001559,9999.999999463254,10000.000001392702,2.382081011033802e-08,6.668831415477997e-06,1.3927019608672708e-06,0.04776103245156699,0.004240069538354874,0.0,0.0,0.0,9.54218765740855e-07,1.3952194422017783e-07,7806,413718,8,424,0.03907036999311014,0.03907037644992127,0.11667771249109016,0.011902396416235549,0.19952623149688797,2.7814033512595764e-07,0.04845284561598117,0.0477610329376497,1.377961451940887e-06,0.9777610702785724,0.9663550663631932,0.02926341672743596,0.02926342233494737,0.11223705449793743,0.011342296314791767,0.199526230998519,3.7778197075841876e-12,1.0076355402313832e-06,9.542190398745211e-07,4.9166818211967e-16,0.9746066285812033,0.9469882415906888,0.04887732325878432,0.04887733056489517,0.12111837048424288,0.01246249651767933,0.19952623149688797,2.7814033510030164e-07,0.04845284560550367,0.04776103292811752,2.7559229033901056e-06,0.9809155119759416,0.9857218911356975,2096.3897980190814
sparse_bayesian_keep5_proposed_rep00_seed12026,sparse,bayesian_keep5,proposed,0,12026,54,54,108,natural_mean,40,1,50,23.0,-74,1024,4,1000.0,10,paper_reference_kkt,update,coordinated_aggregate,True,bayesian,0.05,3903,0.1425,2.2546317716160824,0.11326617970123891,0.1425,2.2546317716160824,0.11326617970123891,0.1447,2.2599345540675544,0.12095208903253075,3.9933300424048728,1.9989753158144639,1.994354726590409,9.999999999998403e-05,10000.000000001599,9999.999999556232,10000.000001379083,2.411297301259493e-08,6.751012651202952e-06,1.379083187202923e-06,0.052985236242737044,0.0037950873374938965,0.0,0.0,0.0,8.307455167721817e-07,1.2699456419795752e-07,7806,421524,8,432,0.04676655577080249,0.04676653447565992,0.09445007409559343,0.012340726527093485,0.19952623149688797,2.8448690024421914e-07,0.05439027690707036,0.05298523604122321,1.3704432048712806e-06,0.9808047952258143,0.950913308838192,0.037469278016573807,0.037469257202549726,0.09113560809382586,0.012063294355930503,0.1995262312239375,3.295932064183068e-12,8.955286677657913e-07,8.307454147368579e-07,3.729185633657542e-16,0.9792070348702149,0.9276592245903124,0.056063833525031186,0.056063811748770113,0.097764540097361,0.012618158698256467,0.19952623149688797,2.844869002251266e-07,0.05439027689969798,0.052985236034710656,2.7408864093696427e-06,0.9824025555814139,0.9741673930860718,2148.277779949829
sparse_bayesian_keep5_proposed_rep00_seed12026,sparse,bayesian_keep5,proposed,0,12026,55,55,110,natural_mean,40,1,50,23.0,-74,1024,4,1000.0,10,paper_reference_kkt,update,coordinated_aggregate,True,bayesian,0.05,3903,0.1596,2.252981446536281,0.09501067481964824,0.1596,2.252981446536281,0.09501067481964824,0.1579,2.260220507327193,0.09612896520197393,4.06612872698198,2.041750971602635,2.024377755379345,9.999999999998342e-05,10000.00000000166,9999.999999543601,10000.000001399188,2.4772098830752e-08,6.93585289345039e-06,1.3991884770803154e-06,0.06449255811751013,0.005619486793875694,0.0,0.0,0.0,9.792794060375497e-07,1.4436591300182045e-07,7806,429330,8,440,0.04124466325783451,0.041244653769534456,0.12228251507037144,0.012167044780353454,0.19952623149688797,2.8192725226113975e-07,0.06674782938986033,0.06449255680795105,1.3802307686247105e-06,0.9738367533483301,0.9542174495759863,0.03275256569007669,0.03275256160535926,0.12312639319480387,0.011212783674941142,0.19952623116158708,3.95827034602385e-12,1.0393278343010005e-06,9.792784235695122e-07,5.458298602955199e-16,0.9700385404719978,0.9422228167178927,0.049736760825592335,0.04973674593370964,0.12143863694593902,0.013121305885765768,0.19952623149688797,2.819272522333526e-07,0.06674782938176867,0.06449255680051619,2.760461536703591e-06,0.9776349662246623,0.96621208243408,2204.067732051946
sparse_bayesian_keep5_proposed_rep00_seed12026,sparse,bayesian_keep5,proposed,0,12026,56,56,112,natural_mean,40,1,50,23.0,-74,1024,4,1000.0,10,paper_reference_kkt,update,coordinated_aggregate,True,bayesian,0.05,3903,0.1359,2.283679335603612,0.1376272759503126,0.1359,2.283679335603612,0.1376272759503126,0.1447,2.256277084337699,0.12678308500647545,3.9848473455986495,1.9889019334766547,1.9959454121219948,9.999999999998332e-05,10000.000000001666,9999.99999952283,10000.00000141804,2.5066942815164365e-08,7.018200701331361e-06,1.4180404832586646e-06,0.06331834469727866,0.0037981271743774414,0.0,0.0,0.0,8.342727206903868e-07,1.5951445675455034e-07,7806,437136,8,448,0.04199794562676741,0.04199795778944965,0.09110703581234234,0.012352553464450963,0.19952623149688797,2.868814543673249e-07,0.06489755978557184,0.06331834580894952,1.3757176167214078e-06,0.9800786650275042,0.9488371614476924,0.04904464821373875,0.049044657597931786,0.08695401525778743,0.011812475673568072,0.19952623082900076,3.3564025571906265e-12,9.04843912219879e-07,8.342735325773103e-07,3.7891668330395167e-16,0.9782200157918229,0.9220082814443367,0.03495124303979606,0.034951257980967515,0.09526005636689726,0.012892631255333851,0.19952623149688797,2.868814543476906e-07,0.06489755977926387,0.06331834580345337,2.7514352330638987e-06,0.9819373142631854,0.9756660414510481,2252.338775254786
sparse_bayesian_keep5_proposed_rep00_seed12026,sparse,bayesian_keep5,proposed,0,12026,57,57,114,natural_mean,40,1,50,23.0,-74,1024,4,1000.0,10,paper_reference_kkt,update,coordinated_aggregate,True,bayesian,0.05,3903,0.1607,2.2716068378634016,0.09287443890750405,0.1607,2.2716068378634016,0.09287443890750405,0.1581,2.26301700399349,0.10128628350794315,4.033404215287498,2.0078400636525084,2.0255641516349896,9.999999999998309e-05,10000.000000001692,9999.999999478978,10000.000001438413,2.544131793598429e-08,7.123001915137223e-06,1.4384131645783782e-06,0.06597160928134169,0.0044710226356983185,0.0,0.0,0.0,9.012128843733528e-07,1.3063072401564568e-07,7806,444942,8,456,0.02995408791187219,0.02995408665113667,0.11227056732027735,0.012274322678808847,0.19952623149688797,2.773945989777163e-07,0.06686573692091383,0.06597160906979145,1.3737264035264359e-06,0.9788364349329377,0.9699137810514806,0.03071491744974632,0.03071491783236056,0.12064669446632974,0.011820601868155487,0.19952623142712633,3.6365348837317117e-12,9.454611144862784e-07,9.01213066443919e-07,4.681934982809551e-16,0.97685491525978,0.9531995272712448,0.029193258373998058,0.02919325546991278,0.10389444017422496,0.012728043489462205,0.19952623149688797,2.773945989538795e-07,0.06686573691422956,0.06597160906363589,2.747452806584678e-06,0.9808179546060953,0.9866280348317166,2297.8648044178262
sparse_bayesian_keep5_proposed_rep00_seed12026,sparse,bayesian_keep5,proposed,0,12026,58,58,116,natural_mean,40,1,50,23.0,-74,1024,4,1000.0,10,paper_reference_kkt,update,coordinated_aggregate,True,bayesian,0.05,3903,0.146,2.2660641486968043,0.131854124032855,0.146,2.2660641486968043,0.131854124032855,0.1496,2.2468433666059755,0.12181926157027484,4.0134858084009375,2.009141664523965,2.0043441438769727,9.999999999998267e-05,10000.000000001735,9999.999999379215,10000.000001429673,2.5599627021853038e-08,7.167912243376371e-06,1.4296729204943404e-06,0.06087024118304372,0.0037328340113162994,0.0,0.0,0.0,7.607554791069201e-07,1.1937299859710038e-07,7806,452748,8,464,0.03741773258619695,0.03741774107851182,0.08470778160020381,0.012982476697877596,0.19952623149688797,2.845160330258606e-07,0.06238450634355494,0.060870246249221736,1.3779019774184985e-06,0.9827426648962709,0.9655658261331106,0.025992924158613897,0.0259929320356941,0.0788634238204435,0.01259843098801704,0.19952623010334483,3.229219189234224e-12,7.962653911071608e-07,7.607556699585605e-07,3.5541979468971675e-16,0.9825287847325603,0.9554046448573984,0.04884254101378,0.048842550121329535,0.09055213937996413,0.013366522407738151,0.19952623149688797,2.84516033007535e-07,0.06238450633847324,0.060870246244467775,2.7558039544815773e-06,0.9829565450599814,0.9757270074088227,2349.7517812787555
sparse_bayesian_keep5_proposed_rep00_seed12026,sparse,bayesian_keep5,proposed,0,12026,59,59,118,natural_mean,40,1,50,23.0,-74,1024,4,1000.0,10,paper_reference_kkt,update,coordinated_aggregate,True,bayesian,0.05,3903,0.1603,2.2500934280756097,0.10176859024941923,0.1603,2.2500934280756097,0.10176859024941923,0.1604,2.240126822286605,0.100590226110816,3.991758205118047,1.993627377580222,1.998130827537825,9.99999999999824e-05,10000.00000000176,9999.999999472326,10000.000001440845,2.572152789125857e-08,7.202398539475204e-06,1.440845153410919e-06,0.04904250124273612,0.003761228173971176,0.0,0.0,0.0,8.899800056839089e-07,1.5352998161688447e-07,7806,460554,8,472,0.057833076545124026,0.0578330977022361,0.09976687355439443,0.011303466706208933,0.19952623149688797,2.819672144962093e-07,0.049550497836793356,0.04904250125174596,1.3732269346680336e-06,0.9779872386763488,0.9618334244703217,0.04261324616016984,0.04261324251805813,0.1042993120588273,0.011181924990849499,0.19952623087002463,3.5316423246898713e-12,9.529520433302185e-07,8.899799289175602e-07,4.333743755209672e-16,0.9760432160442961,0.9339189100494133,0.07305290693007821,0.07305295288641407,0.09523443504996157,0.011425008421568366,0.19952623149688797,2.8196721447409237e-07,0.0495504978276298,0.049042501243670676,2.746453868902693e-06,0.9799312613084017,0.9897479388912303,2404.5647180657834
sparse_bayesian_keep5_proposed_rep00_seed12026,sparse,bayesian_keep5,proposed,0,12026,60,60,120,natural_mean,40,1,50,23.0,-74,1024,4,1000.0,10,paper_reference_kkt,update,coordinated_aggregate,True,bayesian,0.05,3903,0.1444,2.263664888368069,0.11945466228514913,0.1444,2.263664888368069,0.11945466228514913,0.152,2.234498699680379,0.11296312938630584,3.9710187858900063,1.9910907733985492,1.9799280124914571,9.999999999998197e-05,10000.000000001803,9999.999999520047,10000.000001387687,2.5977504522972594e-08,7.274567239485973e-06,1.387687007081695e-06,0.05180241375175737,0.003463335335254669,0.0,0.0,0.0,8.11276179612782e-07,1.3723729352932423e-07,7806,468360,8,480,0.04297258375931216,0.04297256095019401,0.10018373246006716,0.01409973949111196,0.19952623149688797,2.852350833919718e-07,0.0535365517108912,0.05180241021080207,1.369664916636579e-06,0.9815477192627864,0.940701568977317,0.0419077888468216,0.04190779166302094,0.09215583284224552,0.01344309204613095,0.1995262304451369,3.293921993376394e-12,8.878099613421454e-07,8.112762394865594e-07,3.700175078750855e-16,0.9804582455144759,0.9137949277031242,0.044037378671802734,0.04403733023736708,0.10821163207788881,0.01475638693609297,0.19952623149688797,2.852350833729525e-07,0.05353655170352981,0.05180241020444938,2.7393298329031404e-06,0.9826371930110968,0.9676082102515098,2452.787779761944
sparse_bayesian_keep5_proposed_rep00_seed12026,sparse,bayesian_keep5,proposed,0,12026,61,61,122,natural_mean,40,1,50,23.0,-74,1024,4,1000.0,10,paper_reference_kkt,update,coordinated_aggregate,True,bayesian,0.05,3903,0.1628,2.242291895134118,0.08941313941299912,0.1628,2.242291895134118,0.08941313941299912,0.1594,2.2396043850466554,0.10251546331197024,4.009821003711011,2.0035293594269348,2.006291644284076,9.999999999998141e-05,10000.00000000186,9999.999999573783,10000.000001402856,2.63413078938165e-08,7.377045688840297e-06,1.4028555597178638e-06,0.05707062582120626,0.004413723945617676,0.0,0.0,0.0,9.510559042495269e-07,1.7507954908069223e-07,7806,476166,8,488,0.03475638976340091,0.034756397828845285,0.10045798104022546,0.011435076294901784,0.19952623149688797,2.7822859559029854e-07,0.057784408343591644,0.057070629525462754,1.36841848667586e-06,0.9803562882749111,0.9680659182281,0.028730051753503155,0.028730047566025468,0.1043300025621317,0.011271142648326288,0.19952623099286815,3.693179418716279e-12,1.002711247790442e-06,9.510559289308994e-07,4.809103347425214e-16,0.9793045772149201,0.94848432341136,0.04078272777329867,0.04078274809166511,0.09658595951831925,0.01159900994147728,0.19952623149688797,2.782285955657871e-07,0.05778440833489181,0.0570706295175383,2.7368369728708097e-06,0.9814079993349019,0.9876475130448398,2493.132791917771
sparse_bayesian_keep5_proposed_rep00_seed12026,sparse,bayesian_keep5,proposed,0,12026,62,62,124,natural_mean,40,1,50,23.0,-74,1024,4,1000.0,10,paper_reference_kkt,update,coordinated_aggregate,True,bayesian,0.05,3903,0.1443,2.2488119781478972,0.11869559257641431,0.1443,2.2488119781478972,0.11869559257641431,0.1509,2.2371180160898,0.11800273231118918,3.9829958223680375,1.99800587496748,1.9849899474005575,9.999999999998088e-05,10000.000000001914,9999.999999534828,10000.000001404911,2.6818775989221147e-08,7.511146904763127e-06,1.4049110177438706e-06,0.059040794645005196,0.0037420615553855896,0.0,0.0,0.0,8.778881077630713e-07,1.7636193661019206e-07,7806,483972,8,496,0.04774161816305142,0.04774161663342426,0.09527346998414257,0.01258874687935873,0.19952623149688797,2.833175873219822e-07,0.06038691598400893,0.0590407918624047,1.373904506748309e-06,0.9812574991856742,0.9367541973125824,0.05030175532651726,0.05030174484714124,0.09413392433928182,0.012041155439871457,0.19952623079438048,3.4110953054893604e-12,9.800047485738354e-07,8.778882816397609e-07,4.0582352808079417e-16,0.9800223455669368,0.8958000516721395,0.045181480999585584,0.04518148841970727,0.09641301562900333,0.013136338318846003,0.19952623149688797,2.833175873014477e-07,0.0603869159760568,0.05904079185587796,2.7478090130907945e-06,0.9824926528044117,0.9777083429530251,2530.1167737208307
sparse_bayesian_keep5_proposed_rep00_seed12026,sparse,bayesian_keep5,proposed,0,12026,63,63,126,natural_mean,40,1,50,23.0,-74,1024,4,1000.0,10,paper_reference_kkt,update,coordinated_aggregate,True,bayesian,0.05,3903,0.1599,2.247927286365972,0.09998365746110677,0.1599,2.247927286365972,0.09998365746110677,0.1587,2.241644360532302,0.10728810141682625,4.0228232726899105,2.0164239231208207,2.0063993495690897,9.999999999998026e-05,10000.000000001977,9999.999999467396,10000.000001382377,2.70973051936225e-08,7.590005694878663e-06,1.3823773770127445e-06,0.06207725651415195,0.004254050552845001,0.0,0.0,0.0,9.800386378314927e-07,1.4156103134155273e-07,7806,491778,8,504,0.045436231994145794,0.045436247590237754,0.11668306848866908,0.012080109511767908,0.19952623149688797,2.796573098637156e-07,0.06311639321264252,0.06207725421343876,1.3759263967338192e-06,0.9758138259925465,0.9545275689336903,0.04390135712071537,0.04390136649955286,0.12130490202986184,0.011395171907287357,0.19952623121627594,3.810355855857112e-12,1.0589076833298024e-06,9.800392413847485e-07,5.056631292596974e-16,0.9725323877530142,0.9255190309005764,0.04697110686757622,0.046971128680922646,0.1120612349474763,0.012765047116248457,0.19952623149688797,2.796573098377574e-07,0.06311639320375985,0.06207725420570262,2.7518527929619755e-06,0.9790952642320788,0.9835361069668042,2568.913711681962
sparse_bayesian_keep5_proposed_rep00_seed12026,sparse,bayesian_keep5,proposed,0,12026,64,64,128,natural_mean,40,1,50,23.0,-74,1024,4,1000.0,10,paper_reference_kkt,update,coordinated_aggregate,True,bayesian,0.05,3903,0.1512,2.2388821041986557,0.09556382281526919,0.1512,2.2388821041986557,0.09556382281526919,0.1526,2.2337313397083753,0.1182343359068036,3.953707955893181,1.966621574872057,1.987086381021124,9.999999999998006e-05,10000.000000001997,9999.999999540702,10000.000001444543,2.7416591622794003e-08,7.6793785567774e-06,1.4445431588683277e-06,0.060848450475694565,0.0037009380757808685,0.0,0.0,0.0,8.050417014062829e-07,1.531025191070512e-07,7806,499584,8,512,0.05469016466220311,0.054690176598678905,0.07610220967094217,0.012717269883064715,0.19952623149688797,2.846899766860489e-07,0.06231251789136823,0.06084845056837521,1.3766838444039847e-06,0.9800405390363653,0.95152071411194,0.05554152664462036,0.055541566710807705,0.0769738274894631,0.012167699575524856,0.19952623088931581,3.3178173514817985e-12,8.688715825611584e-07,8.050416626470892e-07,3.7839013654315535e-16,0.9785367847715767,0.9265369652154276,0.05383880267978586,0.053838786486550105,0.07523059185242122,0.013266840190604572,0.19952623149688797,2.8468997666671574e-07,0.06231251788531055,0.06084845056304975,2.7533676884295794e-06,0.9815442933011539,0.9765044630084522,2608.2327309879474
sparse_bayesian_keep5_proposed_rep00_seed12026,sparse,bayesian_keep5,proposed,0,12026,65,65,130,natural_mean,40,1,50,23.0,-74,1024,4,1000.0,10,paper_reference_kkt,update,coordinated_aggregate,True,bayesian,0.05,3903,0.1609,2.2379626857783075,0.10682302251860497,0.1609,2.2379626857783075,0.10682302251860497,0.1603,2.22864507542697,0.1101116032525897,3.991859431484822,1.9971059093892456,1.994753522095576,9.999999999997958e-05,10000.000000002045,9999.999999399432,10000.00000156497,2.7765774203630727e-08,7.777622909396593e-06,1.5649693523300812e-06,0.05362701341732082,0.004558160901069641,0.0,0.0,0.0,9.55412828925714e-07,1.412699930369854e-07,7806,507390,8,520,0.04979540022821868,0.049795399325809855,0.10198633822763539,0.011627064010339742,0.19952623149688797,2.803399051974724e-07,0.05384662454742475,0.05362701920874698,1.3731201936036811e-06,0.9798637184744474,0.9614234668281845,0.05016958695951719,0.050169576065728444,0.10712409843836072,0.011221056720122196,0.19952623136538955,3.699153620208455e-12,1.0307328599881611e-06,9.554123480376702e-07,4.662046565517574e-16,0.9774648929290596,0.926925290308187,0.04942121349692016,0.04942122258589127,0.09684857801691008,0.012033071300557288,0.19952623149688797,2.803399051730668e-07,0.0538466245375596,0.05362701920023623,2.7462403867411575e-06,0.9822625440198351,0.995921643348182,2648.138706409838
sparse_bayesian_keep5_proposed_rep00_seed12026,sparse,bayesian_keep5,proposed,0,12026,66,66,132,natural_mean,40,1,50,23.0,-74,1024,4,1000.0,10,paper_reference_kkt,update,coordinated_aggregate,True,bayesian,0.05,3903,0.1595,2.2219843321788315,0.10470170039698483,0.1595,2.2219843321788315,0.10470170039698483,0.1535,2.228390769456378,0.11552630326747892,3.9510175576029907,1.971042152617134,1.9799754049858564,9.999999999997923e-05,10000.00000000208,9999.999999336444,10000.00000158643,2.8144222884684774e-08,7.883795166560093e-06,1.5864297893131152e-06,0.05638458407103683,0.0037075821310281754,0.0,0.0,0.0,8.163855010362557e-07,1.4976467355154455e-07,7806,515196,8,528,0.05216269112822592,0.05216268627794264,0.0857550975282212,0.013090026078057041,0.19952623149688797,2.827913199379049e-07,0.05785517239739447,0.05638458352925097,1.3765704736829307e-06,0.981339512388502,0.9449389330320331,0.053726704894070054,0.05372671039629039,0.08582610589425947,0.012900375926185816,0.19952622955449453,3.2795052806160056e-12,8.919364100010541e-07,8.16386137521355e-07,3.633003208385621e-16,0.9801936699744176,0.9152963744997461,0.050598677362381786,0.05059866215959489,0.08568408916218294,0.013279676229928266,0.19952623149688797,2.8279131991888884e-07,0.057855172390519106,0.05638458352334079,2.753140947002561e-06,0.9824853548025865,0.9745814915643202,2685.651722257957
sparse_bayesian_keep5_proposed_rep00_seed12026,sparse,bayesian_keep5,proposed,0,12026,67,67,134,natural_mean,40,1,50,23.0,-74,1024,4,1000.0,10,paper_reference_kkt,update,coordinated_aggregate,True,bayesian,0.05,3903,0.1677,2.221932807125934,0.08462404057115316,0.1677,2.221932807125934,0.08462404057115316,0.1624,2.2285762793862305,0.10262740200608969,3.9951369241976122,2.004103905922376,1.9910330182752363,9.999999999997871e-05,10000.000000002132,9999.999999286285,10000.000001642304,2.8682040574381953e-08,8.034687779089838e-06,1.6423036868218333e-06,0.06273114612071391,0.00463084876537323,0.0,0.0,0.0,9.588618383141684e-07,1.4655051927547902e-07,7806,523002,8,536,0.03521465883046383,0.03521465697435156,0.106069386375228,0.011426511720985796,0.19952623149688797,2.7783525068308875e-07,0.06409283051209576,0.06273114919877684,1.3802108348488613e-06,0.9767344374771055,0.95962603215011,0.03196372600528809,0.0319637117934821,0.1052018011901178,0.011073335113267692,0.19952623134246011,3.790239182029938e-12,1.0195248259080486e-06,9.588605529090107e-07,5.122037999228419e-16,0.9746121512225846,0.9404975070798592,0.038465591655639585,0.038465602155221025,0.1069369715603382,0.011779688328703901,0.19952623149688797,2.7783525065723545e-07,0.06409283050398697,0.06273114919144863,2.760421669185519e-06,0.9788567237316265,0.9787545572203609,2724.486817138735
sparse_bayesian_keep5_proposed_rep00_seed12026,sparse,bayesian_keep5,proposed,0,12026,68,68,136,natural_mean,40,1,50,23.0,-74,1024,4,1000.0,10,paper_reference_kkt,update,coordinated_aggregate,True,bayesian,0.05,3903,0.1495,2.2404221562379796,0.12646064310148358,0.1495,2.2404221562379796,0.12646064310148358,0.1515,2.234442938826187,0.12330342285931109,3.9360393573465213,1.9685025975434018,1.9675367598031195,9.999999999997842e-05,10000.00000000216,9999.999999320671,10000.000001656588,2.8872498299063493e-08,8.08836435364962e-06,1.6565882106078789e-06,0.06377606161606275,0.003729233518242836,0.0,0.0,0.0,8.549747737983628e-07,2.2001040633767843e-07,7806,530808,8,544,0.03605234225437854,0.03605234198950649,0.08001267826683861,0.01228300410890773,0.19952623149688797,2.8316031710125494e-07,0.06493583925288154,0.06377606031096571,1.3790141218789878e-06,0.982767956582262,0.9611309294489793,0.038212963942663866,0.038212979106035175,0.07933101884472002,0.012000153717233487,0.19952623136437997,3.2704365417433735e-12,9.094298604601262e-07,8.549752671923022e-07,3.6790298186095293e-16,0.9828009787048908,0.9401222722115047,0.033891720566093214,0.03389170487297782,0.08069433768895722,0.012565854500581975,0.19952623149688797,2.8316031708236854e-07,0.06493583924651324,0.06377606030523485,2.758028243390073e-06,0.9827349344596331,0.9821395866864538,2761.786755790934
sparse_bayesian_keep5_proposed_rep00_seed12026,sparse,bayesian_keep5,proposed,0,12026,69,69,138,natural_mean,40,1,50,23.0,-74,1024,4,1000.0,10,paper_reference_kkt,update,coordinated_aggregate,True,bayesian,0.05,3903,0.1642,2.215898669394398,0.08725625241279603,0.1642,2.215898669394398,0.08725625241279603,0.1607,2.225244388165149,0.10910983557403087,3.977212477014742,1.9848131263232371,1.9923993506915052,9.999999999997816e-05,10000.000000002186,9999.999999432066,10000.000001671558,2.9069683416103628e-08,8.143826117073093e-06,1.6715584933990613e-06,0.06446462195456881,0.0034365952014923096,0.0,0.0,0.0,8.800527089768501e-07,1.2788586900569499e-07,7806,538614,8,552,0.04436771490865735,0.04436771971605778,0.109744648136819,0.011697502284584374,0.19952623149688797,2.763983476557412e-07,0.06513147883395226,0.06446461959086593,1.3776607444232622e-06,0.9784250891224086,0.9658333821230505,0.04261788273782199,0.04261789723244052,0.11148904006046863,0.011270630338187641,0.19952623102913047,3.6169310359616696e-12,9.343325594295251e-07,8.800529499170839e-07,4.669764230210913e-16,0.9774213335079426,0.9419054615317901,0.04611754707949272,0.04611754219967505,0.10800025621316936,0.012124374230981106,0.19952623149688797,2.7639834763207573e-07,0.06513147882725061,0.06446461958485881,2.755321488379548e-06,0.9794288447368745,0.9897613027143108,2800.0147479926236
sparse_bayesian_keep5_proposed_rep00_seed12026,sparse,bayesian_keep5,proposed,0,12026,70,70,140,natural_mean,40,1,50,23.0,-74,1024,4,1000.0,10,paper_reference_kkt,update,coordinated_aggregate,True,bayesian,0.05,3903,0.1526,2.233391858382415,0.12003766184419391,0.1526,2.233391858382415,0.12003766184419391,0.154,2.227293231057907,0.11744002021104097,3.9555202093560466,1.9790854031238594,1.9764348062321873,9.999999999997774e-05,10000.000000002226,9999.999999480973,10000.000001823677,2.923921687306438e-08,8.191941970144898e-06,1.8236769392387941e-06,0.0638541588138515,0.0037875398993492126,0.0,0.0,0.0,8.638586110104688e-07,2.242413756903261e-07,7806,546420,8,560,0.048780129203475325,0.04878013974701771,0.09741610238078552,0.01335788144993746,0.19952623149688797,2.8228376705025194e-07,0.0652125093511866,0.0638541545403143,1.3794979368096934e-06,0.9800705005096689,0.9434161109286539,0.0580357178756607,0.058035723271234615,0.10190368823582162,0.013134895708426582,0.1995262311624673,3.367486685306495e-12,9.517399800714357e-07,8.638581039291229e-07,3.875497637193951e-16,0.97806508305712,0.907661897092307,0.039524540531289946,0.0395245562228008,0.09292851652574942,0.01358086719144834,0.19952623149688797,2.822837670301658e-07,0.06521250934424154,0.06385415453447091,2.758995873231837e-06,0.9820759179622178,0.9791703247650008,2839.7398630897515
sparse_bayesian_keep5_proposed_rep00_seed12026,sparse,bayesian_keep5,proposed,0,12026,71,71,142,natural_mean,40,1,50,23.0,-74,1024,4,1000.0,10,paper_reference_kkt,update,coordinated_aggregate,True,bayesian,0.05,3903,0.161,2.227183807197023,0.10493305691674355,0.161,2.227183807197023,0.10493305691674355,0.1615,2.2211684072924096,0.10805573098659517,3.9731133235377776,1.989920186522467,1.9831931370153106,9.999999999997726e-05,10000.000000002276,9999.999999347672,10000.000001802591,2.9628092529050815e-08,8.301264053535485e-06,1.8025912140728906e-06,0.06423394040089564,0.004101943224668503,0.0,0.0,0.0,9.28140748034757e-07,1.33301000460051e-07,7806,554226,8,568,0.0418437102203362,0.04184371251927424,0.11350040573444647,0.012127528924702778,0.19952623149688797,2.792311877972737e-07,0.06509875156017615,0.06423394119311639,1.3780497488072838e-06,0.9770037209067878,0.968549575903525,0.03794584183201465,0.037945841366319163,0.1222288411896206,0.011804352390138799,0.19952623121280216,3.643316967038801e-12,9.765960088938472e-07,9.281409482981739e-07,4.693382083580765e-16,0.9743013283013129,0.9503837330402805,0.04574157860865775,0.045741583672229316,0.10477197027927236,0.01245070545926676,0.19952623149688797,2.792311877735053e-07,0.06509875155285082,0.06423394118641086,2.7560994971452292e-06,0.9797061135122627,0.9867154187667695,2876.6247119079344
sparse_bayesian_keep5_proposed_rep00_seed12026,sparse,bayesian_keep5,proposed,0,12026,72,72,144,natural_mean,40,1,50,23.0,-74,1024,4,1000.0,10,paper_reference_kkt,update,coordinated_aggregate,True,bayesian,0.05,3903,0.1525,2.228963616575722,0.11062592969372868,0.1525,2.228963616575722,0.11062592969372868,0.1576,2.214746922361995,0.10907248491495845,3.9429182848920883,1.9686589064702364,1.9742593784218518,9.999999999997691e-05,10000.00000000231,9999.999999437496,10000.000001855242,2.9850124103351816e-08,8.363867608682929e-06,1.8552418623585254e-06,0.060771094385426785,0.0033640768378973007,0.0,0.0,0.0,8.23525148544983e-07,1.272164809051901e-07,7806,562032,8,576,0.04681665093931683,0.046816650038327995,0.08577403279536774,0.01320019548159588,0.19952623149688797,2.8380525138426616e-07,0.06270378097312397,0.060771095909965454,1.3815575337820001e-06,0.9814468087613424,0.9358286655644243,0.05173367927175903,0.051733669353543586,0.08400002562148105,0.012741548969051273,0.19952623030200597,3.3691465220346505e-12,9.125135223276186e-07,8.23525049699369e-07,3.9166150621889814e-16,0.9803519238262796,0.9024798136031464,0.041899622606874624,0.041899630723112403,0.08754803996925442,0.013658841994140488,0.19952623149688797,2.8380525136426803e-07,0.06270378096648417,0.06077109590438555,2.7631150671723386e-06,0.9825416936964052,0.9691775175257021,2917.1962360139005
sparse_bayesian_keep5_proposed_rep00_seed12026,sparse,bayesian_keep5,proposed,0,12026,73,73,146,natural_mean,40,1,50,23.0,-74,1024,4,1000.0,10,paper_reference_kkt,update,coordinated_aggregate,True,bayesian,0.05,3903,0.1615,2.215470288749855,0.1000256811913848,0.1615,2.215470288749855,0.1000256811913848,0.1615,2.207485388809681,0.11591535919159648,3.9473937392945793,1.9735569826888284,1.973836756605751,9.999999999997653e-05,10000.00000000235,9999.999999480538,10000.000001887694,2.996611791180919e-08,8.397008020848088e-06,1.887694452307187e-06,0.052734946591578985,0.003595322370529175,0.0,0.0,0.0,8.931115757677249e-07,1.0842813935596496e-07,7806,569838,8,584,0.05127772668598907,0.051277736219451184,0.10701777858091319,0.012212120921209019,0.19952623149688797,2.781332509668415e-07,0.052847728202535096,0.0527349506754185,1.373461263726397e-06,0.9811828782151304,0.9659127491721273,0.04277877605256294,0.04277879146101522,0.11559205216566956,0.011830502792881455,0.19952623142737905,3.45979622556177e-12,9.562628033221367e-07,8.931107100937023e-07,4.3098799001725914e-16,0.9816052389752585,0.9339594489204295,0.05977667731941519,0.05977668097788715,0.0984435049961568,0.012593739049536581,0.19952623149688797,2.781332509453227e-07,0.05284772819388346,0.05273495066785571,2.746922527021806e-06,0.9807605174550024,0.9978660494238253,2955.823733143974
sparse_bayesian_keep5_proposed_rep00_seed12026,sparse,bayesian_keep5,proposed,0,12026,74,74,148,natural_mean,40,1,50,23.0,-74,1024,4,1000.0,10,paper_reference_kkt,update,coordinated_aggregate,True,bayesian,0.05,3903,0.1446,2.2540241882917478,0.13023274647668004,0.1446,2.2540241882917478,0.13023274647668004,0.1553,2.221979811306728,0.11685833566337823,3.904237079430764,1.9497297510712093,1.9545073283595547,9.999999999997615e-05,10000.000000002388,9999.999999432972,10000.000001907627,3.015107407005048e-08,8.449330590190078e-06,1.9076269381912425e-06,0.055743766904802754,0.0030907131731510162,0.0,0.0,0.0,8.303522610579798e-07,1.3269163900986314e-07,7806,577644,8,592,0.04592542244605701,0.045925418793309025,0.07569201249688232,0.011624794707337809,0.19952623149688797,2.855917678296914e-07,0.057263273789561746,0.05574376495315341,1.380071124965982e-06,0.9824691099921703,0.9511137522576161,0.0449082302410636,0.04490820890785246,0.07398202653104363,0.011502000803407233,0.1995262313515459,3.2983492237434116e-12,8.940417352231304e-07,8.303529070816914e-07,3.787073170478623e-16,0.9817776237320204,0.9287630465871929,0.04694261465105042,0.046942628678765586,0.07740199846272099,0.011747588611268385,0.19952623149688797,2.855917678106448e-07,0.05726327378258249,0.05574376494696899,2.760142249553257e-06,0.9831605962523202,0.9734644579280393,2994.439725026954
sparse_bayesian_keep5_proposed_rep00_seed12026,sparse,bayesian_keep5,proposed,0,12026,75,75,150,natural_mean,40,1,50,23.0,-74,1024,4,1000.0,10,paper_reference_kkt,update,coordinated_aggregate,True,bayesian,0.05,3903,0.163,2.222110108748138,0.11183917016789316,0.163,2.222110108748138,0.11183917016789316,0.1602,2.2210460506234972,0.12101096966862679,3.9773381974540696,1.9844595952726025,1.9928786021814668,9.999999999997553e-05,10000.000000002447,9999.999999452686,10000.00000195706,3.067556365195499e-08,8.596755954135324e-06,1.9570597942220047e-06,0.06710484957921332,0.006185173988342285,0.0,0.0,0.0,9.882889091091985e-07,1.6470039554405957e-07,7806,585450,8,600,0.03066042533528321,0.03066042466383553,0.11228444487890099,0.011685718048567651,0.19952623149688797,2.820765754099439e-07,0.06826064158918192,0.06710485097954826,1.3832351462054211e-06,0.9777915486623512,0.9565232490259129,0.03354947926352968,0.03354948471153398,0.11584483134119938,0.011300607256186538,0.19952623146958698,3.738281434540435e-12,1.0627017165264817e-06,9.88289834287417e-07,4.93772569770043e-16,0.975504243901704,0.9299785707323468,0.027771371407036737,0.02777136461613708,0.10872405841660261,0.012070828840948766,0.19952623149688797,2.820765753851727e-07,0.06826064158090969,0.06710485097227072,2.7664702919170695e-06,0.9800788534229984,0.983067927319479,3032.0037186280824
sparse_bayesian_keep5_proposed_rep00_seed12026,sparse,bayesian_keep5,proposed,0,12026,76,76,152,natural_mean,40,1,50,23.0,-74,1024,4,1000.0,10,paper_reference_kkt,update,coordinated_aggregate,True,bayesian,0.05,3903,0.1515,2.2290917382924915,0.12069430899426337,0.1515,2.2290917382924915,0.12069430899426337,0.1581,2.2188584878094297,0.11741559218466283,3.923156994616772,1.9637422394799902,1.959414755136782,9.999999999997514e-05,10000.000000002487,9999.999999535448,10000.000002025496,3.0938811663438066e-08,8.670967060629919e-06,2.0254956325516105e-06,0.06314670996985515,0.003455616533756256,0.0,0.0,0.0,8.22721873811601e-07,1.6005105862859637e-07,7806,593256,8,608,0.038989700411414946,0.038989688163495725,0.09117692987097846,0.012920918750640203,0.19952623149688797,2.847461498113569e-07,0.06482444895023691,0.06314671342638896,1.387756363315924e-06,0.9815779599381155,0.9548865260096242,0.040063552595755766,0.04006355101735893,0.084582914315362,0.012410226183874476,0.1995262314352778,3.3714836930968634e-12,8.793022679126963e-07,8.227229622050201e-07,3.8522330625388743e-16,0.9804506330483669,0.9356543163201078,0.03791584822707413,0.037915825309632514,0.09777094542659492,0.013431611317405927,0.19952623149688797,2.847461497913972e-07,0.06482444894427332,0.06314671342102943,2.775512726246625e-06,0.9827052868278641,0.9741187356991405,3069.5597116178833
sparse_bayesian_keep5_proposed_rep00_seed12026,sparse,bayesian_keep5,proposed,0,12026,77,77,154,natural_mean,40,1,50,23.0,-74,1024,4,1000.0,10,paper_reference_kkt,update,coordinated_aggregate,True,bayesian,0.05,3903,0.1628,2.199304381530332,0.10149702081307768,0.1628,2.199304381530332,0.10149702081307768,0.1617,2.2083715397111057,0.12533607379347086,3.9537762549004065,1.9718605504121263,1.9819157044882802,9.999999999997465e-05,10000.000000002536,9999.99999958038,10000.000002113426,3.146912009926051e-08,8.819758894107515e-06,2.113425580319017e-06,0.058831982508251196,0.0033929103519767523,0.0,0.0,0.0,9.109258112230912e-07,1.7180718714371324e-07,7806,601062,8,616,0.047448663471937325,0.047448664300408824,0.10929513003159297,0.011888795532593225,0.19952623149688797,2.7864106591491984e-07,0.059337201980630486,0.05883198870115522,1.3758576652009953e-06,0.9773322883068669,0.9562484734367582,0.04484826585600521,0.04484827365363794,0.10380035486205859,0.011196064529876936,0.1995262308198353,3.6270919773543777e-12,9.89050290894556e-07,9.109263977655253e-07,4.645162165607167e-16,0.9752492528518064,0.92101119925142,0.05004906108786945,0.0500490549471797,0.11478990520112733,0.012581526535309515,0.19952623149688797,2.7864106589131277e-07,0.05933720197238759,0.05883198869410305,2.7517153299374743e-06,0.9794153237619274,0.9914857476220963,3108.4207162228413
sparse_bayesian_keep5_proposed_rep00_seed12026,sparse,bayesian_keep5,proposed,0,12026,78,78,156,natural_mean,40,1,50,23.0,-74,1024,4,1000.0,10,paper_reference_kkt,update,coordinated_aggregate,True,bayesian,0.05,3903,0.1496,2.2278028897556785,0.1302795108884573,0.1496,2.2278028897556785,0.1302795108884573,0.1589,2.2208800241879647,0.11749141355305907,3.8775075908683636,1.9450132946370844,1.9324942962312792,9.999999999997442e-05,10000.000000002561,9999.999999573352,10000.000002079309,3.172167651046952e-08,8.89060796724673e-06,2.079308615066111e-06,0.06099520070549131,0.0033625513315200806,0.0,0.0,0.0,8.392328173770169e-07,1.4843499229755253e-07,7806,608868,8,624,0.045962089671378464,0.045962086210428556,0.07073725339482449,0.011715309720243126,0.19952623149688797,2.849327021443887e-07,0.06249180785391664,0.06099520111933092,1.384424258902163e-06,0.9815968154583276,0.9422393933469388,0.05205971259596421,0.052059720317500106,0.07884960286958749,0.011373167845107465,0.19952623132364616,3.270060879407134e-12,9.238300304900655e-07,8.392328156420465e-07,3.7575560529686e-16,0.9798850131319502,0.9084276940683691,0.03986446674679271,0.039864452103357005,0.0626249039200615,0.012057451595378788,0.19952623149688797,2.849327021256241e-07,0.06249180784708805,0.06099520111355742,2.7688485174285705e-06,0.9833086177847049,0.9760510926255085,3147.5868449080735
sparse_bayesian_keep5_proposed_rep00_seed12026,sparse,bayesian_keep5,proposed,0,12026,79,79,158,natural_mean,40,1,50,23.0,-74,1024,4,1000.0,10,paper_reference_kkt,update,coordinated_aggregate,True,bayesian,0.05,3903,0.1692,2.2017400636571325,0.09632722351863976,0.1692,2.2017400636571325,0.09632722351863976,0.1629,2.2117958815033796,0.1278339261621237,3.9523715734007823,1.9710045023893505,1.9813670710114315,9.999999999997408e-05,10000.000000002594,9999.99999952711,10000.000002100951,3.214896877726757e-08,9.01033758159619e-06,2.1009509509894997e-06,0.06437900100584946,0.004194892942905426,0.0,0.0,0.0,9.071600536111148e-07,1.7493221093900502e-07,7806,616674,8,632,0.042046315931387565,0.04204631880986173,0.1005617337849129,0.011697904323810758,0.19952623149688797,2.8002209957611325e-07,0.06473780133141964,0.06437899983642226,1.3795899340330913e-06,0.9786303293474982,0.9607941519667176,0.04203175490466196,0.042031756996356175,0.09893925030105818,0.011336604624431914,0.19952623148907242,3.520689899831809e-12,9.784604387820345e-07,9.071606864272099e-07,4.401524896190132e-16,0.9777352833058085,0.9271306749233414,0.042060876958113176,0.04206088062336728,0.10218421726876761,0.0120592040231896,0.19952623149688797,2.8002209955398065e-07,0.06473780132402532,0.06437899983003088,2.75917986762603e-06,0.9795253753891878,0.9944576290100938,3187.896715575829
sparse_bayesian_keep5_proposed_rep00_seed12026,sparse,bayesian_keep5,proposed,0,12026,80,80,160,natural_mean,40,1,50,23.0,-74,1024,4,1000.0,10,paper_reference_kkt,update,coordinated_aggregate,True,bayesian,0.05,3903,0.1597,2.225912138046223,0.10299551259711383,0.1597,2.225912138046223,0.10299551259711383,0.1632,2.211264210410692,0.11005637741833925,3.9012317122806373,1.947887765342151,1.9533439469384866,9.999999999997381e-05,10000.000000002621,9999.999999534713,10000.00000213312,3.241031906269179e-08,9.083720962779719e-06,2.133119778591208e-06,0.06146634091508149,0.003922656178474426,0.0,0.0,0.0,7.957978635194297e-07,1.3193130143918097e-07,7806,624480,8,640,0.06042619473980301,0.060426204583205606,0.09220243228761149,0.012694055263422412,0.19952623149688797,2.8418508223227905e-07,0.06293869333394925,0.06146633610619901,1.3867156974675167e-06,0.9797208806460203,0.9529581373632108,0.06527181722032406,0.06527181742149599,0.09581916127007309,0.012472197530263554,0.19952623106801065,3.305741579698971e-12,8.563321011225948e-07,7.957978513563893e-07,3.733014965785576e-16,0.9785059245469071,0.9293098249039248,0.05558057225928197,0.05558059174491523,0.08858570330514988,0.012915912996581267,0.19952623149688797,2.8418508221305224e-07,0.0629386933281237,0.06146633610104746,2.773431394561732e-06,0.9809358367451334,0.9766064498224967,3226.4617224866524
sparse_bayesian_keep2_proposed_rep00_seed12026,sparse,bayesian_keep2,proposed,0,12026,0,0,0,model,40,1,50,23.0,-74,1024,4,1000.0,10,paper_reference_kkt,update,coordinated_aggregate,True,bayesian,0.02,1561,0.0995,2.372916206651074,0.0756189888963103,0.0995,2.372916206651074,0.0756189888963103,0.0968,2.3613480913338667,0.07226249436736107,nan,0.0,0.0,0.00010000000000000003,10000.0,10000.0,10000.0,0.0,0.0,0.0,0.0,0.0,0.0,0.0,0.0,0.0,0.0,0,0,0,0,0.0,0.0,0.0,0.0,0.0,0.0,0.0,0.0,0.0,1.0,1.0,0.0,0.0,0.0,0.0,0.0,0.0,0.0,0.0,0.0,1.0,1.0,0.0,0.0,0.0,0.0,0.0,0.0,0.0,0.0,0.0,1.0,1.0,15.767208316829056
sparse_bayesian_keep2_proposed_rep00_seed12026,sparse,bayesian_keep2,proposed,0,12026,1,1,2,natural_mean,40,1,50,23.0,-74,1024,4,1000.0,10,paper_reference_kkt,update,coordinated_aggregate,True,bayesian,0.02,1561,0.1322,2.320679810515593,0.01192406117439268,0.1322,2.320679810515593,0.01192406117439268,0.106,2.32290745216614,0.040911260449886314,4.8235973327818735,2.401122434854982,2.4224748979268917,0.00010000000000000005,9999.999999999998,9999.999999917834,10000.000000087079,2.4001650554597135e-09,6.705102001464807e-07,8.707866072654724e-08,0.08729813856911282,0.01244274526834488,0.0,0.0,0.0,6.705102001464807e-07,8.707866072654724e-08,3122,3122,4,4,0.022855279112941024,0.022855263879907623,0.1111966196668248,0.01291917426457339,0.19952623149688797,1.7460458743127885e-07,0.09165667798174199,0.08729813934548095,7.924204515285537e-07,0.9774416210559904,0.9496409175371973,0.02864401890434488,0.028643990924988642,0.11693199654056824,0.012550454971760723,0.19952623072211775,2.1752466957490923e-12,7.081600861157966e-07,6.705105197966933e-07,2.423255485399726e-16,0.9781699535707434,0.946834707557596,0.017066539321537164,0.017066536834826604,0.10546124279308136,0.013287893557386056,0.19952623149688797,1.7460458741772907e-07,0.09165667797900628,0.08729813934290595,1.584840902814782e-06,0.9767132885412374,0.9524471275167985,59.814119988586754
sparse_bayesian_keep2_proposed_rep00_seed12026,sparse,bayesian_keep2,proposed,0,12026,2,2,4,natural_mean,40,1,50,23.0,-74,1024,4,1000.0,10,paper_reference_kkt,update,coordinated_aggregate,True,bayesian,0.02,1561,0.1206,2.3115734106864574,0.014391361279040574,0.1206,2.3115734106864574,0.014391361279040574,0.1196,2.3156597572372326,0.023542984184622764,4.643707492289913,2.327307033349221,2.3164004589406915,9.999999999999987e-05,10000.000000000016,9999.999999903166,10000.000000087239,3.35073461328744e-09,9.360713870964612e-07,9.683390089776367e-08,0.07870071616918697,0.009487681090831757,0.0,0.0,0.0,6.558897235848593e-07,7.789094524923712e-08,3122,6244,4,8,0.02903392005409122,0.029033914736700146,0.11036194746957079,0.01249442019439843,0.19952623149688797,1.7073911939348938e-07,0.08317698570296643,0.07870071555499994,7.794986763469875e-07,0.9768918044161312,0.9416274097885793,0.04038249267580226,0.040382478942285964,0.1155829596412556,0.012019606675507036,0.19952623131648606,2.105230854095036e-12,6.999355918117863e-07,6.55889334285952e-07,2.3956509503820504e-16,0.9767138382648234,0.9370710006843309,0.017685347432380177,0.017685350531114332,0.10514093529788597,0.012969233713289827,0.19952623149688797,1.7073911938051053e-07,0.08317698570002144,0.07870071555226686,1.55899735245441e-06,0.977069770567439,0.9461838188928278,97.70908460579813
sparse_bayesian_keep2_proposed_rep00_seed12026,sparse,bayesian_keep2,proposed,0,12026,3,3,6,natural_mean,40,1,50,23.0,-74,1024,4,1000.0,10,paper_reference_kkt,update,coordinated_aggregate,True,bayesian,0.02,1561,0.127,2.3165016044555298,0.02074494028165938,0.127,2.3165016044555298,0.02074494028165938,0.1387,2.3197834799765955,0.01576695780605078,4.525594478478252,2.2639989196898687,2.261595558788383,9.999999999999982e-05,10000.000000000022,9999.999999881125,10000.000000112423,4.135977773269486e-09,1.155440317665797e-06,1.1887459550052881e-07,0.07276399550167902,0.008627034723758698,0.0,0.0,0.0,7.044066960775142e-07,1.1926204024348408e-07,3122,9366,4,12,0.02578866924002394,0.025788671649642915,0.11025784753363228,0.01248021128222995,0.19952623149688797,1.7231722302173149e-07,0.07626289196217617,0.07276399695741624,7.795980848593397e-07,0.9786922946092508,0.9532975870074331,0.031844586914788656,0.03184458936547595,0.10458039718129404,0.012008346284172956,0.19952623123402818,2.2367673544787246e-12,7.395542231965606e-07,7.044065623472329e-07,2.5394684423916835e-16,0.9788714135378592,0.9524745421702338,0.019732751565259218,0.019732753933809886,0.11593529788597053,0.012952076280286945,0.19952623149688797,1.723172230072143e-07,0.07626289195859029,0.07276399695400666,1.5591961694647325e-06,0.9785131756806423,0.9541206318446324,134.99109458876774
sparse_bayesian_keep2_proposed_rep00_seed12026,sparse,bayesian_keep2,proposed,0,12026,4,4,8,natural_mean,40,1,50,23.0,-74,1024,4,1000.0,10,paper_reference_kkt,update,coordinated_aggregate,True,bayesian,0.02,1561,0.1355,2.3275104434480927,0.026138727937340747,0.1355,2.3275104434480927,0.026138727937340747,0.1203,2.3267221876638384,0.051371286126971255,4.434315122145543,2.219457031765704,2.2148580903798396,9.999999999999979e-05,10000.000000000024,9999.99999983696,10000.000000154996,4.9140384697677704e-09,1.3728013594228191e-06,1.630396582186222e-07,0.06780937823652693,0.006139934062957764,0.0,0.0,0.0,7.007886228706614e-07,1.0871008271351457e-07,3122,12488,4,16,0.02650146425023884,0.026501473424343735,0.1012420089977068,0.01165401841904574,0.19952623149688797,1.7482138993232234e-07,0.07119100021606811,0.06780937686990106,7.910296774459181e-07,0.9799124383187848,0.9484704925333741,0.03530343075040724,0.03530345037020821,0.10208363362641938,0.01134981554636252,0.19952623018212423,2.20168166734049e-12,7.420136120449124e-07,7.007885628768881e-07,2.532259178185138e-16,0.9802446383696414,0.9444416798397598,0.017699497750070434,0.01769949647847926,0.10040038436899423,0.011958221291728958,0.19952623149688797,1.7482138991845848e-07,0.07119100021220116,0.06780937686627984,1.5820593546386101e-06,0.9795802382679283,0.9524993052269884,171.97512591583654
sparse_bayesian_keep2_proposed_rep00_seed12026,sparse,bayesian_keep2,proposed,0,12026,5,5,10,natural_mean,40,1,50,23.0,-74,1024,4,1000.0,10,paper_reference_kkt,update,coordinated_aggregate,True,bayesian,0.02,1561,0.1004,2.3396957078927887,0.08742788637146355,0.1004,2.3396957078927887,0.08742788637146355,0.1141,2.333645683962163,0.06644771462082863,4.428631300954648,2.2105333540596024,2.2180979468950457,9.999999999999973e-05,10000.00000000003,9999.999999803822,10000.000000187765,5.551145423780076e-09,1.5507877481849184e-06,1.9617800717242062e-07,0.06622357464221974,0.006055902689695358,0.0,0.0,0.0,7.20619499743313e-07,1.6491503629367799e-07,3122,15610,4,20,0.030563262551844404,0.030563268022768045,0.0914572278121421,0.011311690964297712,0.19952623149688797,1.748151246342516e-07,0.07015363820538795,0.06622357409791728,7.962101353694731e-07,0.9784063587892705,0.9397499912563991,0.04134940875179313,0.04134941115224317,0.0893045901534322,0.010646058873213293,0.19952623115481155,2.306781503165521e-12,7.70287123820421e-07,7.206196324058982e-07,2.7689534460862414e-16,0.9781498987690143,0.9355207863417474,0.019777116351895677,0.01977712489329292,0.09360986547085202,0.011977323055382131,0.19952623149688797,1.7481512461903197e-07,0.07015363820115907,0.06622357409399653,1.592420270462051e-06,0.9786628188095268,0.9439791961710507,208.7171532488428
sparse_bayesian_keep2_proposed_rep00_seed12026,sparse,bayesian_keep2,proposed,0,12026,6,6,12,natural_mean,40,1,50,23.0,-74,1024,4,1000.0,10,paper_reference_kkt,update,coordinated_aggregate,True,bayesian,0.02,1561,0.1092,2.3493281666403973,0.08176906094998121,0.1092,2.3493281666403973,0.08176906094998121,0.1072,2.341763124876585,0.0850187023088336,4.3981706376578185,2.1930146769074277,2.2051559607503903,9.999999999999965e-05,10000.000000000038,9999.9999997993,10000.00000020462,6.0687512351361225e-09,1.695397721320835e-06,2.0461993699427694e-07,0.0627139651573335,0.004862796515226364,0.0,0.0,0.0,7.256379811314054e-07,1.3403769116848707e-07,3122,18732,4,24,0.03850676960640584,0.03850675337307386,0.10385970531710442,0.01193783366043005,0.19952623149688797,1.6862954719135704e-07,0.06669866123923558,0.06271396131276188,8.068501377014875e-07,0.9771870681227457,0.9220100171404977,0.050621343149452484,0.05062132770167451,0.09951953875720691,0.011242969048147502,0.19952623050395676,2.1757252460484626e-12,8.029087148029529e-07,7.256382428797167e-07,2.6986156687864525e-16,0.9758925287436604,0.9037618386248902,0.02639219606335919,0.026392179044473215,0.10819987187700192,0.012632698272712599,0.19952623149688797,1.6862954717732102e-07,0.06669866123440293,0.06271396130856385,1.6137002751331135e-06,0.9784816075018311,0.9402581956561051,245.10213863290846
sparse_bayesian_keep2_proposed_rep00_seed12026,sparse,bayesian_keep2,proposed,0,12026,7,7,14,natural_mean,40,1,50,23.0,-74,1024,4,1000.0,10,paper_reference_kkt,update,coordinated_aggregate,True,bayesian,0.02,1561,0.1018,2.3393884975563153,0.08573910371825097,0.1018,2.3393884975563153,0.08573910371825097,0.1022,2.3490789557588947,0.10079653975814581,4.394608542364587,2.2028987346065207,2.1917098077580657,9.999999999999938e-05,10000.000000000064,9999.999999736196,10000.000000219057,6.540881667606353e-09,1.8273497148451392e-06,2.6380439521744847e-07,0.06142364215037792,0.004679609090089798,0.0,0.0,0.0,7.08316219242052e-07,1.0256553650833666e-07,3122,21854,4,28,0.027897378133416764,0.027897380004019832,0.10446178881070778,0.011929691897726264,0.19952623149688797,1.6887112614188843e-07,0.06491672574358001,0.06142364274250356,8.25577165827561e-07,0.9787635773438752,0.9459963609933405,0.028322919269432298,0.028322930143908884,0.09409334059386912,0.011555053302429272,0.199526231160524,2.171982328199739e-12,7.489061829459748e-07,7.083164677631203e-07,2.603158994264532e-16,0.9786957452949079,0.9458013287312778,0.027471836997401234,0.027471829864130777,0.11483023702754644,0.012304330493023256,0.19952623149688797,1.6887112612792065e-07,0.06491672573926016,0.06142364273841953,1.651154331394806e-06,0.9788314093928425,0.9461913932554032,282.5811451058835
sparse_bayesian_keep2_proposed_rep00_seed12026,sparse,bayesian_keep2,proposed,0,12026,8,8,16,natural_mean,40,1,50,23.0,-74,1024,4,1000.0,10,paper_reference_kkt,update,coordinated_aggregate,True,bayesian,0.02,1561,0.1,2.3493209705057474,0.10194320409685376,0.1,2.3493209705057474,0.10194320409685376,0.101,2.3534694998724146,0.10515772825330497,4.377998320577634,2.1954362842719077,2.1825620363057254,9.999999999999914e-05,10000.00000000009,9999.99999972254,10000.000000256709,6.9399991226576145e-09,1.9389110516655377e-06,2.774595486698672e-07,0.059445133533585215,0.005448855459690094,0.0,0.0,0.0,7.180159044223666e-07,1.4836950867902488e-07,3122,24976,4,32,0.033736969769896666,0.03373697176382549,0.0942591894096069,0.010982913916513569,0.19952623149688797,1.758179775298998e-07,0.06280270512670541,0.05944513078972605,8.368363741397388e-07,0.9782872436527822,0.9368635145417783,0.04340186983717672,0.04340186754736265,0.08757347170838739,0.010630127792354343,0.1995262310140603,2.2255553594853255e-12,7.744001011405318e-07,7.180154853616922e-07,2.799604192011868e-16,0.9774176303716556,0.9271892829821753,0.024072069702616616,0.02407207598028833,0.10094490711082639,0.011335700040672794,0.19952623149688797,1.7581797751581394e-07,0.06280270512193097,0.059445130785389724,1.6736727479995172e-06,0.9791568569339087,0.9465377461013813,321.34014156088233
sparse_bayesian_keep2_proposed_rep00_seed12026,sparse,bayesian_keep2,proposed,0,12026,9,9,18,natural_mean,40,1,50,23.0,-74,1024,4,1000.0,10,paper_reference_kkt,update,coordinated_aggregate,True,bayesian,0.02,1561,0.1025,2.34557726035334,0.08418692940711975,0.1025,2.34557726035334,0.08418692940711975,0.1004,2.360386927121704,0.11407935061156747,4.360066694104174,2.1862771218150083,2.1737895722891656,9.999999999999902e-05,10000.0000000001,9999.999999722879,10000.00000025488,7.437214290409491e-09,2.077850630342364e-06,2.771212166408077e-07,0.05750383223613882,0.004258975386619568,0.0,0.0,0.0,7.102108394136612e-07,1.0032817954197526e-07,3122,28098,4,36,0.04004332934339351,0.040043339337951636,0.09039077514413837,0.01133946732731659,0.19952623149688797,1.740939362732013e-07,0.061126183044294784,0.05750383349967181,8.574946084431645e-07,0.9764756918542387,0.9310053232400543,0.047653807763828826,0.04765381592703089,0.09692504804612428,0.011175924108882204,0.19952623141678855,2.2190884761585132e-12,7.709034833122824e-07,7.102108461800785e-07,2.827359957957951e-16,0.9758401599802795,0.9212707960125032,0.032432850922958195,0.03243286274887238,0.08385650224215246,0.011503010545750973,0.19952623149688797,1.740939362590585e-07,0.061126183039433596,0.05750383349528602,1.714989216603593e-06,0.9771112237281978,0.9407398504676053,359.8011833829805
sparse_bayesian_keep2_proposed_rep00_seed12026,sparse,bayesian_keep2,proposed,0,12026,10,10,20,natural_mean,40,1,50,23.0,-74,1024,4,1000.0,10,paper_reference_kkt,update,coordinated_aggregate,True,bayesian,0.02,1561,0.1004,2.347052951391602,0.09206207928687335,0.1004,2.347052951391602,0.09206207928687335,0.1002,2.3645337612446045,0.11772715432792903,4.355658696896987,2.169186554940984,2.186472141956003,9.999999999999893e-05,10000.00000000011,9999.999999704058,10000.000000274464,7.85306299786647e-09,2.1940469982562593e-06,2.9594229999929667e-07,0.05625944422555686,0.004870828241109848,0.0,0.0,0.0,6.974519358079214e-07,1.1580050340853631e-07,3122,31220,4,40,0.04405976416336965,0.04405976405728156,0.10155349135169764,0.01134107607538461,0.19952623149688797,1.725356342855862e-07,0.05960458578615869,0.05625944736761378,8.845441893575281e-07,0.9759927659781502,0.9370413848363484,0.05700165146187401,0.057001647256651244,0.09415438821268418,0.010647610485103822,0.19952622989951763,2.2020345136139867e-12,7.497831905807598e-07,6.974520273407488e-07,2.87521520833977e-16,0.973496702393723,0.9302049579953129,0.031117876864865293,0.03111788085791188,0.10895259449071108,0.012034541665665397,0.19952623149688797,1.7253563427153415e-07,0.059604585781442815,0.056259447363290596,1.7690883784275347e-06,0.9784888295625775,0.9438778116773838,397.4101006076671
sparse_bayesian_keep2_proposed_rep00_seed12026,sparse,bayesian_keep2,proposed,0,12026,11,11,22,natural_mean,40,1,50,23.0,-74,1024,4,1000.0,10,paper_reference_kkt,update,coordinated_aggregate,True,bayesian,0.02,1561,0.1,2.3715238643203214,0.12636296514153483,0.1,2.3715238643203214,0.12636296514153483,0.1,2.3696597764054066,0.12330772793143988,4.356724402729133,2.1813917444430104,2.1753326582861234,9.999999999999879e-05,10000.000000000124,9999.999999701278,10000.000000307899,8.180397708106395e-09,2.28553586930017e-06,3.078985173488036e-07,0.054974916868182906,0.004788324236869812,0.0,0.0,0.0,7.582728942505156e-07,1.5037221601232886e-07,3122,34342,4,44,0.05090950188819982,0.05090951121576942,0.08528987828315182,0.0102165775557254,0.19952623149688797,1.7713142588469739e-07,0.05804152675841409,0.05497491295972313,9.086111328896654e-07,0.9755936133287592,0.9351908242547509,0.05598737409531568,0.05598739168588193,0.08270339525944907,0.00952734847633277,0.1995262314457953,2.2414894546590092e-12,8.213382466566666e-07,7.582729824327214e-07,2.9772037764868033e-16,0.9755262009931657,0.9232164591012278,0.045831629681083966,0.045831630745656916,0.08787636130685458,0.010905806635118032,0.19952623149688797,1.7713142587051504e-07,0.05804152675260277,0.05497491295449367,1.8172222654816104e-06,0.9756610256643526,0.9471651894082739,434.037301777862
sparse_bayesian_keep2_proposed_rep00_seed12026,sparse,bayesian_keep2,proposed,0,12026,12,12,24,natural_mean,40,1,50,23.0,-74,1024,4,1000.0,10,paper_reference_kkt,update,coordinated_aggregate,True,bayesian,0.02,1561,0.1002,2.365622567283044,0.11023843067795037,0.1002,2.365622567283044,0.11023843067795037,0.1,2.37360546082458,0.1260692469075322,4.368626985493048,2.190651134468215,2.1779758510248324,9.99999999999985e-05,10000.00000000015,9999.999999747595,10000.000000377091,8.599882349230498e-09,2.4028345617592524e-06,3.770910552702844e-07,0.052246282898952424,0.00428539514541626,0.0,0.0,0.0,7.065148509606012e-07,1.3076896721031517e-07,3122,37464,4,48,0.06059251235323433,0.0605925017947463,0.08675590977049846,0.01116416959823096,0.19952623149688797,1.7750621500700948e-07,0.05579350245370576,0.052246279062454624,9.294603645943879e-07,0.9725909322096158,0.9208520220126428,0.0800180134037329,0.08001797669805896,0.07801213984849213,0.010506162997235285,0.19952623149466858,2.3198484156602394e-12,7.804370540775643e-07,7.065154295656657e-07,3.089661157409616e-16,0.9707700011676587,0.9052817769041758,0.04116701130273578,0.04116702689143363,0.09549967969250481,0.011822176199226632,0.19952623149688797,1.7750621499185029e-07,0.055793502448247406,0.05224627905767759,1.8589207288798096e-06,0.9744118632515729,0.9364222671211098,468.2991274446249
sparse_bayesian_keep2_proposed_rep00_seed12026,sparse,bayesian_keep2,proposed,0,12026,13,13,26,natural_mean,40,1,50,23.0,-74,1024,4,1000.0,10,paper_reference_kkt,update,coordinated_aggregate,True,bayesian,0.02,1561,0.1,2.369610682010643,0.1280052215541899,0.1,2.369610682010643,0.1280052215541899,0.1,2.3780205379172092,0.12987071821242574,4.359106947745291,2.182428646656439,2.1766783010888524,9.999999999999834e-05,10000.00000000017,9999.999999699123,10000.00000042922,9.093617058445451e-09,2.540827112951941e-06,4.2921965359710157e-07,0.05007140785030381,0.004204776603728533,0.0,0.0,0.0,7.17595769062232e-07,1.344160409644246e-07,3122,40586,4,52,0.052799689234565766,0.05279969847006989,0.08277546444586803,0.010664574614714047,0.19952623149688797,1.8036085317708797e-07,0.053561991364420414,0.05007140414810097,9.5342529279423e-07,0.972201772476112,0.9224398229686575,0.051648260326481336,0.05164825044914821,0.08084561178731582,0.010286737702915206,0.19952623097273764,2.1393996854415968e-12,7.885251708626581e-07,7.175963811410746e-07,2.817353884641619e-16,0.9721700683565327,0.9100488185040128,0.05395111814265019,0.05395114649099157,0.08470531710442024,0.011042411526512889,0.19952623149688797,1.8036085316439944e-07,0.05356199135861619,0.05007140414295887,1.9068505853067245e-06,0.9722334765956911,0.9348308274333021,505.17410016059875
sparse_bayesian_keep2_proposed_rep00_seed12026,sparse,bayesian_keep2,proposed,0,12026,14,14,28,natural_mean,40,1,50,23.0,-74,1024,4,1000.0,10,paper_reference_kkt,update,coordinated_aggregate,True,bayesian,0.02,1561,0.1,2.3790023092089587,0.12808615417689084,0.1,2.3790023092089587,0.12808615417689084,0.1,2.383493735343591,0.13460502393394708,4.3322267259328555,2.1735286375163327,2.1586980884165223,9.999999999999818e-05,10000.000000000186,9999.999999688098,10000.000000495756,9.471161021051675e-09,2.6463688926024827e-06,4.957564669894055e-07,0.048530954818961976,0.004258878529071808,0.0,0.0,0.0,6.765743900020975e-07,1.204170985147357e-07,3122,43708,4,56,0.06641269749998682,0.06641269659934453,0.06909090575412494,0.00929229508861825,0.19952623149688797,1.8217637887651702e-07,0.05180567939897656,0.04853095165236552,9.763698126900534e-07,0.9692520708578702,0.9221324046457242,0.07767756023905815,0.07767756590635085,0.0723105751213184,0.008981108745060954,0.19952623133803202,2.311509191508802e-12,7.455549232200491e-07,6.765736621671578e-07,3.02801357850143e-16,0.9688841608654403,0.907476574481482,0.05514783476091549,0.05514782729233821,0.06587123638693146,0.009603481432175546,0.19952623149688797,1.8217637886185245e-07,0.051805679393611775,0.04853095164764944,1.9527396250773057e-06,0.9696199808503003,0.9367882348099665,543.0162094719708
sparse_bayesian_keep2_proposed_rep00_seed12026,sparse,bayesian_keep2,proposed,0,12026,15,15,30,natural_mean,40,1,50,23.0,-74,1024,4,1000.0,10,paper_reference_kkt,update,coordinated_aggregate,True,bayesian,0.02,1561,0.1,2.366345318501789,0.1173874677139521,0.1,2.366345318501789,0.1173874677139521,0.1,2.3867359009536804,0.135616036953032,4.335110800877716,2.1650626939049293,2.170048106972787,9.999999999999799e-05,10000.000000000206,9999.999999711163,10000.000000513955,9.903914305400756e-09,2.7673523736639115e-06,5.139554559718817e-07,0.04572339633295257,0.0048843864351511,0.0,0.0,0.0,7.084915126586653e-07,1.2842428986914456e-07,3122,46830,4,60,0.06532455219979297,0.06532456078117982,0.08075752722613709,0.009611696379942594,0.19952623149688797,1.8345888296869298e-07,0.048552680771611026,0.04572339828591066,1.001982640712991e-06,0.9676996378026417,0.9327696002093946,0.05150267174624357,0.05150267338648084,0.08098975016015375,0.009681685222618678,0.1995262313412792,2.1402447189356147e-12,7.669224621402319e-07,7.084919262435346e-07,2.724939115381534e-16,0.9682628796433812,0.9238116565642035,0.07914643265334238,0.0791464481758788,0.08052530429212043,0.00954170753726651,0.19952623149688797,1.8345888295620885e-07,0.048552680765553996,0.04572339828042156,2.0039652811534882e-06,0.9671363959619022,0.9417275438545856,581.6071506938897
sparse_bayesian_keep2_proposed_rep00_seed12026,sparse,bayesian_keep2,proposed,0,12026,16,16,32,natural_mean,40,1,50,23.0,-74,1024,4,1000.0,10,paper_reference_kkt,update,coordinated_aggregate,True,bayesian,0.02,1561,0.1,2.3774474025638934,0.12335731091082099,0.1,2.3774474025638934,0.12335731091082099,0.1,2.388127321209441,0.13483034945875408,4.323432195068117,2.166444768962519,2.156987426105598,9.999999999999782e-05,10000.000000000222,9999.999999670696,10000.000000593012,1.039270915392946e-08,2.9039716041368945e-06,5.930123734287918e-07,0.045101823966362226,0.003506503999233246,0.0,0.0,0.0,7.046789742156166e-07,1.7776619642972946e-07,3122,49952,4,64,0.08916910074440257,0.08916910603430744,0.06981101857783473,0.009216242260380566,0.19952623149688797,1.8993310064765683e-07,0.047686185839179746,0.045101826036317384,1.0187498922503647e-06,0.9648566226394513,0.9086257302340601,0.08447369062683835,0.08447368666961658,0.07373478539397822,0.008951492809333775,0.19952623126957703,2.2607689088253423e-12,8.086312707210152e-07,7.046789425418961e-07,2.949476900580278e-16,0.9624173006344092,0.8714465983565731,0.0938645108619668,0.09386452539899832,0.06588725176169122,0.009480991711427356,0.19952623149688797,1.899331006342019e-07,0.047686185832323626,0.04510182603081237,2.0374997842057816e-06,0.9672959446444932,0.9458048621115471,620.5060967728496
sparse_bayesian_keep2_proposed_rep00_seed12026,sparse,bayesian_keep2,proposed,0,12026,17,17,34,natural_mean,40,1,50,23.0,-74,1024,4,1000.0,10,paper_reference_kkt,update,coordinated_aggregate,True,bayesian,0.02,1561,0.1,2.3901585532448624,0.1395313384974003,0.1,2.3901585532448624,0.1395313384974003,0.1,2.390272695673905,0.1350749014541507,4.3633165234362865,2.180926723366466,2.1823898000698203,9.999999999999742e-05,10000.000000000262,9999.99999968563,10000.000000726945,1.0875343970998742e-08,3.0390109892728416e-06,7.269445632118732e-07,0.044026634403885594,0.0033247768878936768,0.0,0.0,0.0,7.225334044621781e-07,1.5674959286116064e-07,3122,53074,4,68,0.09044775748311248,0.09044776898490794,0.08846168261247961,0.009586484891567396,0.19952623149688797,1.883917779687491e-07,0.047004253482146194,0.04402663163221455,1.0394488196174223e-06,0.9633056825092081,0.8962413396263875,0.07553221194214804,0.07553219724883808,0.09492464645494002,0.009437334123271746,0.19952623049005092,2.1860690209246056e-12,8.442484936973026e-07,7.225337157657871e-07,2.811422392749926e-16,0.9634224860470603,0.8558306202285293,0.10536330302407693,0.1053633407209778,0.08199871877001921,0.009735635659863047,0.19952623149688797,1.8839177795606567e-07,0.04700425347456438,0.044026631626285694,2.0788976389537026e-06,0.9631888789713559,0.9366520590242458,657.9064846108668
sparse_bayesian_keep2_proposed_rep00_seed12026,sparse,bayesian_keep2,proposed,0,12026,18,18,36,natural_mean,40,1,50,23.0,-74,1024,4,1000.0,10,paper_reference_kkt,update,coordinated_aggregate,True,bayesian,0.02,1561,0.1,2.404056324587325,0.1473300885811448,0.1,2.404056324587325,0.1473300885811448,0.1,2.39724942053922,0.14252569421678785,4.343686316548949,2.17184009476163,2.1718462217873182,9.999999999999727e-05,10000.000000000275,9999.999999718653,10000.000000674214,1.120272427361455e-08,3.130534775231621e-06,6.742138793924823e-07,0.04325748080335376,0.003703504800796509,0.0,0.0,0.0,6.892460486612004e-07,1.49702827911824e-07,3122,56196,4,72,0.10309053179801808,0.10309055231689881,0.07177290198590647,0.008799046930555766,0.19952623149688797,1.8914613374793708e-07,0.045694717011586956,0.043257486897406834,1.0626237017787366e-06,0.964283756743126,0.9226175203211584,0.08078275779708206,0.08078278886944848,0.07357463164638052,0.008787326975668619,0.19952623117567375,2.19809936202564e-12,7.67045441774665e-07,6.892457705538922e-07,2.8575436074959985e-16,0.9640364035241241,0.8985722875468523,0.1253983057989541,0.12539831576434915,0.06997117232543242,0.008810766885442913,0.19952623149688797,1.8914613373516483e-07,0.04569471700514902,0.04325748689191576,2.125247403271719e-06,0.964531109962128,0.9466627530954645,695.2211175258271
sparse_bayesian_keep2_proposed_rep00_seed12026,sparse,bayesian_keep2,proposed,0,12026,19,19,38,natural_mean,40,1,50,23.0,-74,1024,4,1000.0,10,paper_reference_kkt,update,coordinated_aggregate,True,bayesian,0.02,1561,0.1,2.392804291437191,0.1331818754339218,0.1,2.392804291437191,0.1331818754339218,0.1,2.4016289259212305,0.14479768172800545,4.331418630095646,2.1667640128619152,2.1646546172337313,9.999999999999706e-05,10000.000000000298,9999.999999677813,10000.000000735516,1.1542394857880422e-08,3.2255571154386653e-06,7.355156412813812e-07,0.04089945349257215,0.0038844123482704163,0.0,0.0,0.0,6.805747338935826e-07,1.2280361261218786e-07,3122,59318,4,76,0.08701153262761574,0.08701155313430828,0.08561018577834723,0.009094452697636564,0.19952623149688797,1.869357215496496e-07,0.04405471530817554,0.04089945441182842,1.0781481004750376e-06,0.9643316777920924,0.9010983508145874,0.07359636632140645,0.07359637440478774,0.09096732863549008,0.009142081762077453,0.19952623077407483,2.1664848826736962e-12,7.78851069052762e-07,6.805741617316947e-07,2.7590779395830354e-16,0.9639204279446422,0.8738181160627666,0.10042669893382501,0.10042673186382883,0.08025304292120436,0.009046823633195675,0.19952623149688797,1.8693572153709538e-07,0.04405471530129082,0.040899454406165985,2.1562962006741673e-06,0.9647429276395426,0.9283785855664083,730.2717873607762
sparse_bayesian_keep2_proposed_rep00_seed12026,sparse,bayesian_keep2,proposed,0,12026,20,20,40,natural_mean,40,1,50,23.0,-74,1024,4,1000.0,10,paper_reference_kkt,update,coordinated_aggregate,True,bayesian,0.02,1561,0.1,2.39332107052252,0.1374851522842049,0.1,2.39332107052252,0.1374851522842049,0.1,2.399743831907172,0.13988051501363513,4.330937220988643,2.1667863633476245,2.164150857641019,9.999999999999693e-05,10000.000000000311,9999.999999646812,10000.000000701499,1.1708536780320833e-08,3.2720432110533333e-06,7.014987204456702e-07,0.04056490222917648,0.0037987753748893738,0.0,0.0,0.0,6.168277043762266e-07,8.738970791455358e-08,3122,62440,4,80,0.12970353387921332,0.12970353727347755,0.08070147341447789,0.00851891497351379,0.19952623149688797,1.8964130353439252e-07,0.04304202490445687,0.04056490168366348,1.0938267022870636e-06,0.961454924253746,0.9231451768033974,0.09902393933490583,0.09902391646609975,0.08116591928251121,0.008268556501047153,0.19952623039318468,2.165291635091615e-12,6.824505856446904e-07,6.16827222633559e-07,2.826397972535705e-16,0.9628849302516905,0.9038415890549225,0.16038312842352082,0.16038315808085535,0.08023702754644459,0.008769273445980427,0.19952623149688797,1.8964130352203105e-07,0.04304202489904659,0.04056490167897376,2.1876534042914875e-06,0.9600249182558014,0.9424487645518723,767.2191377179697
sparse_bayesian_keep2_proposed_rep00_seed12026,sparse,bayesian_keep2,proposed,0,12026,21,21,42,natural_mean,40,1,50,23.0,-74,1024,4,1000.0,10,paper_reference_kkt,update,coordinated_aggregate,True,bayesian,0.02,1561,0.1,2.397538045034168,0.14078151401281358,0.1,2.397538045034168,0.14078151401281358,0.1,2.4040735804992677,0.14388329939991235,4.347174048755563,2.168250455154814,2.178923593600749,9.999999999999666e-05,10000.000000000338,9999.999999643125,10000.000000726475,1.2126829700359804e-08,3.3890714755951934e-06,7.264752639457583e-07,0.039680332746129095,0.0033217892050743103,0.0,0.0,0.0,7.13455271990217e-07,1.93773303180933e-07,3122,65562,4,84,0.11674951868092857,0.11674954107710417,0.06847475257915814,0.008063376419387168,0.19952623149688797,1.923380129897591e-07,0.04216855412630745,0.0396803323417089,1.1057427503866635e-06,0.960461367341545,0.9121802148705693,0.0923479061255997,0.09234794497280222,0.06355104263429322,0.007635772398994335,0.199526230897196,2.3482671696211797e-12,8.076543943051821e-07,7.134553074665602e-07,3.2403391414579193e-16,0.9601379642675922,0.8833670595675205,0.14115113123625744,0.14115113718140612,0.07339846252402306,0.00849098043978,0.19952623149688797,1.9233801297542403e-07,0.04216855411857295,0.039680332335294916,2.2114855004492932e-06,0.9607847704154978,0.9409933701736182,802.2712805075571
sparse_bayesian_keep2_proposed_rep00_seed12026,sparse,bayesian_keep2,proposed,0,12026,22,22,44,natural_mean,40,1,50,23.0,-74,1024,4,1000.0,10,paper_reference_kkt,update,coordinated_aggregate,True,bayesian,0.02,1561,0.1,2.4033214409259163,0.1489213713222742,0.1,2.4033214409259163,0.1489213713222742,0.1,2.4080782269257637,0.14862169719487428,4.30190202967073,2.14863148759421,2.1532705420765197,9.999999999999659e-05,10000.000000000342,9999.999999568112,10000.000000766642,1.2679012589108147e-08,3.5433048525180634e-06,7.666421879548579e-07,0.04029115575323476,0.0038919001817703247,0.0,0.0,0.0,7.402361027748237e-07,1.6475496522616595e-07,3122,68684,4,88,0.11842101846970347,0.11842105617364623,0.07697917025553538,0.0087778173515712,0.19952623149688797,1.900257019223092e-07,0.042582803712216,0.04029115975062491,1.1150707038454865e-06,0.9602602909376268,0.9113987038158251,0.07422895295442777,0.07422896660830236,0.07939075562958454,0.00854862928226829,0.19952623121329938,2.2694468199547483e-12,8.444264082419867e-07,7.402356356261857e-07,3.118086584726762e-16,0.961384268070649,0.8766135705236713,0.16261308398497917,0.1626131457389901,0.07456758488148622,0.009007005420874107,0.19952623149688797,1.900257019087574e-07,0.042582803703843417,0.04029115974382504,2.2301414073791646e-06,0.9591363138046045,0.9461838371079788,835.7294682478532
sparse_bayesian_keep2_proposed_rep00_seed12026,sparse,bayesian_keep2,proposed,0,12026,23,23,46,natural_mean,40,1,50,23.0,-74,1024,4,1000.0,10,paper_reference_kkt,update,coordinated_aggregate,True,bayesian,0.02,1561,0.1,2.4082996935570384,0.14186030992746354,0.1,2.4082996935570384,0.14186030992746354,0.1,2.4070439138017443,0.14515559048801663,4.338109024760737,2.166314468232111,2.171794556528626,9.999999999999643e-05,10000.00000000036,9999.999999576512,10000.000000845148,1.2870572921999538e-08,3.59693728788473e-06,8.451479516224936e-07,0.040270321585858165,0.004096001386642456,0.0,0.0,0.0,6.547776131157236e-07,1.386833901051432e-07,3122,71806,4,92,0.12806450587907398,0.12806454260595926,0.07312620115310697,0.00847904984147174,0.19952623149688797,1.943730250645595e-07,0.04258810333157591,0.04027032022873312,1.1263858143691182e-06,0.9593845879902138,0.9156576091462331,0.08391213421095799,0.0839121259568618,0.07671364509929532,0.008518191017997393,0.1995262305975579,2.139770889133021e-12,7.392450159164081e-07,6.547777248666365e-07,2.801813009346762e-16,0.9607880848508978,0.8857384687282795,0.17221687754718998,0.1722169592550567,0.06953875720691864,0.008439908664946087,0.19952623149688797,1.943730250527816e-07,0.04258810332515999,0.04027032022340992,2.2527716284580554e-06,0.9579810911295297,0.9455767495641866,870.7035286067985
sparse_bayesian_keep2_proposed_rep00_seed12026,sparse,bayesian_keep2,proposed,0,12026,24,24,48,natural_mean,40,1,50,23.0,-74,1024,4,1000.0,10,paper_reference_kkt,update,coordinated_aggregate,True,bayesian,0.02,1561,0.1,2.410618299441741,0.14465013512820005,0.1,2.410618299441741,0.14465013512820005,0.1,2.4099081490274323,0.14771330693662166,4.325219804676578,2.1604817619854604,2.1647380426911185,9.999999999999616e-05,10000.000000000386,9999.99999959618,10000.000000850898,1.3283423010579415e-08,3.712429247234335e-06,8.50897777127102e-07,0.039493630150174985,0.00314958393573761,0.0,0.0,0.0,6.777554166213953e-07,1.5639307093806565e-07,3122,74928,4,96,0.1060027766965016,0.10600276109093612,0.07676231848536574,0.008452944494005177,0.19952623149688797,1.8967795618034132e-07,0.0423770156528566,0.0394936337600809,1.1320211361450727e-06,0.961966849185832,0.9163878844584978,0.07358016596045196,0.07358016401007487,0.07833245247361424,0.008491481912759297,0.19952623144303197,2.125645074509919e-12,7.52378689571329e-07,6.777554791918262e-07,2.8412410873164283e-16,0.9641659632237778,0.9008168840180784,0.13842538743255126,0.13842535817179735,0.07519218449711723,0.008414407075251056,0.19952623149688797,1.896779561684307e-07,0.04237701564617758,0.03949363375426538,2.2640422720060214e-06,0.9597677351478862,0.9319588848989173,906.353084962815
sparse_bayesian_keep2_proposed_rep00_seed12026,sparse,bayesian_keep2,proposed,0,12026,25,25,50,natural_mean,40,1,50,23.0,-74,1024,4,1000.0,10,paper_reference_kkt,update,coordinated_aggregate,True,bayesian,0.02,1561,0.1,2.4098267308682844,0.153127167237699,0.1,2.4098267308682844,0.153127167237699,0.1,2.415020352803393,0.15238242814838884,4.305847220676792,2.1577330776995733,2.1481141429772195,9.999999999999595e-05,10000.000000000406,9999.999999640417,10000.000000903668,1.354490256546188e-08,3.7856083156974164e-06,9.036684787133709e-07,0.040533462341074855,0.0033759549260139465,0.0,0.0,0.0,7.09679174913839e-07,1.8221362552139908e-07,3122,78050,4,100,0.1095524439724079,0.10955240592359387,0.08654708520179372,0.00854937527517927,0.19952623149688797,1.907943921001115e-07,0.042954793978127556,0.04053346039390534,1.139830066303551e-06,0.9589513133140701,0.9172443198003863,0.06628740712144136,0.06628737524966247,0.08886931454196029,0.008241376700279185,0.1995262306581089,2.230172228413363e-12,7.966238172044416e-07,7.096786507155005e-07,3.1327061484293764e-16,0.9597793988033669,0.8908579462116338,0.15281748082337443,0.15281743659752528,0.08422485586162716,0.008857373850079352,0.19952623149688797,1.9079439208707742e-07,0.04295479397074061,0.04053346038769265,2.2796601322938317e-06,0.9581232278247733,0.9436306933891387,940.8230926129036
sparse_bayesian_keep2_proposed_rep00_seed12026,sparse,bayesian_keep2,proposed,0,12026,26,26,52,natural_mean,40,1,50,23.0,-74,1024,4,1000.0,10,paper_reference_kkt,update,coordinated_aggregate,True,bayesian,0.02,1561,0.1,2.4019040287546862,0.13165781652361155,0.1,2.4019040287546862,0.13165781652361155,0.1,2.4157774692981637,0.1527774599686265,4.303883180561407,2.1502130174731637,2.153670163088243,9.999999999999578e-05,10000.000000000424,9999.999999671507,10000.000000850037,1.3688673731500716e-08,3.825889561098179e-06,8.500373951392248e-07,0.03957756542653157,0.0030382126569747925,0.0,0.0,0.0,6.577133921470674e-07,1.212229108205065e-07,3122,81172,4,104,0.11398493873681725,0.11398489845120388,0.07383943577105502,0.007833903120331269,0.19952623149688797,1.9300118358080461e-07,0.041858427326796746,0.03957755896242995,1.1437038123208893e-06,0.9583957631779014,0.909032478478601,0.09098747292526381,0.09098745309668896,0.06873908935120678,0.007651163831039875,0.1995262313715058,2.199164662216175e-12,7.537790973275369e-07,6.577137755599228e-07,3.008127964706226e-16,0.9578598244107087,0.8725550548619867,0.1369824045483707,0.1369823438057188,0.07893978219090327,0.008016642409622663,0.19952623149688797,1.9300118356827535e-07,0.041858427320009786,0.03957755895696489,2.287407624340966e-06,0.9589317019450941,0.9455099020952152,977.0351194227114
sparse_bayesian_keep2_proposed_rep00_seed12026,sparse,bayesian_keep2,proposed,0,12026,27,27,54,natural_mean,40,1,50,23.0,-74,1024,4,1000.0,10,paper_reference_kkt,update,coordinated_aggregate,True,bayesian,0.02,1561,0.1,2.406276176035659,0.1476216015717387,0.1,2.406276176035659,0.1476216015717387,0.1,2.4179586247806593,0.15286143071353434,4.32028220159633,2.15535425409882,2.16492794749751,9.99999999999957e-05,10000.000000000431,9999.999999626298,10000.00000084721,1.3919742964207355e-08,3.890493806894113e-06,8.472106856061146e-07,0.03930887397923141,0.0031472358386963606,0.0,0.0,0.0,6.928525477050128e-07,1.4364923117682338e-07,3122,84294,4,108,0.10128038003473763,0.1012803752131004,0.07757046764894299,0.00849084600209507,0.19952623149688797,1.903128893520648e-07,0.04165831093400808,0.03930887477160447,1.1453416841410169e-06,0.9629903930886259,0.9212601038164492,0.07170188560902686,0.07170188627104537,0.0814862267777066,0.00866083720400663,0.19952623117218016,2.118792722667459e-12,7.707630065535131e-07,6.92852809098984e-07,2.8387965483896026e-16,0.9633761532860264,0.8989180397374928,0.13085887446044842,0.13085886415515544,0.07365470852017937,0.00832085480018351,0.19952623149688797,1.9031288934027035e-07,0.041658310926877745,0.0393088747654984,2.290683367998154e-06,0.9626046328912253,0.9436021678954055,1012.7703156229109
sparse_bayesian_keep2_proposed_rep00_seed12026,sparse,bayesian_keep2,proposed,0,12026,28,28,56,natural_mean,40,1,50,23.0,-74,1024,4,1000.0,10,paper_reference_kkt,update,coordinated_aggregate,True,bayesian,0.02,1561,0.1,2.415996452425392,0.151329207098186,0.1,2.415996452425392,0.151329207098186,0.1,2.4200487832775694,0.15315973985493184,4.30615849845689,2.1533096927771744,2.1528488056797155,9.999999999999553e-05,10000.000000000447,9999.999999708334,10000.0000008834,1.4129312912277025e-08,3.949147955714016e-06,8.833994797896594e-07,0.03932380850393944,0.00347151979804039,0.0,0.0,0.0,7.276964014201347e-07,1.4467877917923033e-07,3122,87416,4,112,0.11585928490945235,0.11585927035830305,0.0808228473728578,0.008056892499276129,0.19952623149688797,1.9528163917639236e-07,0.04105195805457771,0.0393238075542567,1.1511773258510592e-06,0.9578990989943865,0.9145437068350835,0.0804224284174403,0.08042239580209945,0.07858996124155163,0.007620243985887295,0.199526231122304,2.2609085107420557e-12,8.35296359237007e-07,7.27696853593614e-07,3.192128537887599e-16,0.956801964807359,0.8711840426789419,0.1512961414014644,0.15129614491450666,0.083055733504164,0.008493541012664961,0.19952623149688797,1.9528163916330433e-07,0.041051958046079695,0.03932380754752359,2.3023546513829056e-06,0.9589962331814139,0.9579033709912249,1047.1930904765613
sparse_bayesian_keep2_proposed_rep00_seed12026,sparse,bayesian_keep2,proposed,0,12026,29,29,58,natural_mean,40,1,50,23.0,-74,1024,4,1000.0,10,paper_reference_kkt,update,coordinated_aggregate,True,bayesian,0.02,1561,0.1,2.4060058742917882,0.12915091423749925,0.1,2.4060058742917882,0.12915091423749925,0.1,2.4196447835325876,0.1527626094073057,4.303594469787113,2.145539935967083,2.1580545338200294,9.99999999999955e-05,10000.000000000453,9999.999999708116,10000.000000881731,1.4232446152833359e-08,3.977988415375775e-06,8.817314665066078e-07,0.038919733214853786,0.0052469512447714806,0.0,0.0,0.0,7.085019304565106e-07,1.4471515896730125e-07,3122,90538,4,116,0.12334262916504113,0.12334263608232268,0.0771627250412931,0.008417061244062607,0.19952623149688797,1.9483906365720744e-07,0.0408981856742168,0.038919729526773666,1.1643870453992947e-06,0.9605495154912669,0.9262314413667567,0.07689866556236286,0.07689864119983979,0.08110315668092058,0.008226498010771084,0.19952623101417527,2.2081961712651115e-12,7.864919696168668e-07,7.085019439947093e-07,3.065027393906066e-16,0.9628490403300052,0.9008381165877619,0.1697865927677194,0.1697866309648056,0.0732222934016656,0.00860762447735413,0.19952623149688797,1.948390636446942e-07,0.040898185666654485,0.03891972952032482,2.3287740904920866e-06,0.9582499906525287,0.9516247661457515,1080.961099137552
sparse_bayesian_keep2_proposed_rep00_seed12026,sparse,bayesian_keep2,proposed,0,12026,30,30,60,natural_mean,40,1,50,23.0,-74,1024,4,1000.0,10,paper_reference_kkt,update,coordinated_aggregate,True,bayesian,0.02,1561,0.1,2.423427231324143,0.14547349619716404,0.1,2.423427231324143,0.14547349619716404,0.1,2.423678254522069,0.15844601166695357,4.300539018619606,2.1486522773151133,2.151886741304492,9.999999999999544e-05,10000.000000000458,9999.999999707741,10000.000000892996,1.4438609559670115e-08,4.035610611103564e-06,8.929964678827673e-07,0.039842929617792254,0.004284568130970001,0.0,0.0,0.0,6.714334782612822e-07,1.6968624549917877e-07,3122,93660,4,120,0.12136230853459273,0.12136225974184854,0.08006085842408713,0.007997241481009028,0.19952623149688797,1.9147621081657106e-07,0.04144129249619337,0.03984293015197389,1.16828010566217e-06,0.95898451082362,0.9187964055128749,0.07534574887808816,0.07534574207931719,0.07469570787956438,0.007861005581047764,0.19952623142029685,2.1630879466843817e-12,7.663340402684032e-07,6.714328889669186e-07,2.9878876166210517e-16,0.9600068783166347,0.8761621331771097,0.16737886819109732,0.1673787774043799,0.08542600896860987,0.008133477380970292,0.19952623149688797,1.9147621080435298e-07,0.04144129248910783,0.0398429301463164,2.336560211025551e-06,0.9579621433306054,0.9614306778486401,1114.8170889117755
sparse_bayesian_keep2_proposed_rep00_seed12026,sparse,bayesian_keep2,proposed,0,12026,31,31,62,natural_mean,40,1,50,23.0,-74,1024,4,1000.0,10,paper_reference_kkt,update,coordinated_aggregate,True,bayesian,0.02,1561,0.1,2.415097365586529,0.1443859326866269,0.1,2.415097365586529,0.1443859326866269,0.1,2.4210677770993128,0.15434479146301747,4.319840719780438,2.156116581152732,2.163724138627706,9.999999999999526e-05,10000.000000000475,9999.999999680325,10000.000000837088,1.4727419044353462e-08,4.1163891859958585e-06,8.370880095753819e-07,0.03882705510975992,0.003828243352472782,0.0,0.0,0.0,7.240939679751608e-07,1.590924512129277e-07,3122,96782,4,124,0.1478599376815927,0.14785989735313126,0.08006886611146702,0.007654621977010119,0.19952623149688797,1.9067495499044542e-07,0.04095655919991522,0.03882705549519184,1.1738732965143171e-06,0.9561633178327607,0.9267565217473738,0.110855868603296,0.11085586725227034,0.07926008968609866,0.0071442822772871855,0.19952623139476894,2.234132815714482e-12,7.996559986785285e-07,7.240944109030009e-07,3.2354406863678084e-16,0.9556090078454983,0.9055073408526686,0.1848640067598894,0.1848639274539922,0.08087764253683537,0.008164961676733053,0.19952623149688797,1.9067495497735677e-07,0.040956559192108784,0.038827055488439934,2.34774659270509e-06,0.9567176278200229,0.948005702642079,1148.633088791743
sparse_bayesian_keep2_proposed_rep00_seed12026,sparse,bayesian_keep2,proposed,0,12026,32,32,64,natural_mean,40,1,50,23.0,-74,1024,4,1000.0,10,paper_reference_kkt,update,coordinated_aggregate,True,bayesian,0.02,1561,0.1,2.4199665520903713,0.16489422033220527,0.1,2.4199665520903713,0.16489422033220527,0.1,2.416868687925492,0.15025231853872537,4.322414906693264,2.161130268483703,2.161284638209561,9.999999999999504e-05,10000.000000000498,9999.999999618998,10000.00000093098,1.524950019625165e-08,4.262379497829888e-06,9.309806046076119e-07,0.03863887649580377,0.0032275915145874023,0.0,0.0,0.0,7.135472078139183e-07,1.6090780263766646e-07,3122,99904,4,128,0.14615272178036182,0.14615272657180214,0.07227795250650221,0.0074394659172724795,0.19952623149688797,1.9489792805732698e-07,0.040760724341665944,0.038638876740028597,1.186863983954638e-06,0.9539247788433438,0.9055019143104066,0.10825846940193845,0.10825850091682153,0.07070901199570781,0.007113870360021945,0.1995262311955484,2.3030197406135323e-12,8.267640813587575e-07,7.135470673045183e-07,3.308174338283132e-16,0.9525655363408457,0.8630600341061099,0.18404697415878518,0.18404695222678275,0.0738468930172966,0.007765061474523013,0.19952623149688797,1.9489792804372011e-07,0.04076072433328117,0.038638876733440033,2.3737279675784584e-06,0.9552840213458418,0.9479437945147035,1181.8181774145924
sparse_bayesian_keep2_proposed_rep00_seed12026,sparse,bayesian_keep2,proposed,0,12026,33,33,66,natural_mean,40,1,50,23.0,-74,1024,4,1000.0,10,paper_reference_kkt,update,coordinated_aggregate,True,bayesian,0.02,1561,0.1,2.401742646930343,0.1340075817349553,0.1,2.401742646930343,0.1340075817349553,0.1,2.4156163730909026,0.14860475441515444,4.3093241871706764,2.1539916366516474,2.155332550519029,9.999999999999487e-05,10000.000000000517,9999.999999654789,10000.000000875581,1.532066123782454e-08,4.282409358048432e-06,8.755814633332193e-07,0.03833685051924648,0.0028211474418640137,0.0,0.0,0.0,7.121254212303418e-07,1.2127202353440225e-07,3122,103026,4,132,0.12934540092572408,0.12934536738421462,0.08519440329302719,0.007390213068396854,0.19952623149688797,1.9203879378428248e-07,0.04054082253384826,0.03833685039840659,1.1924641990772874e-06,0.9552676500718182,0.9232268501840901,0.09725540239796106,0.09725538478337302,0.07708323323563798,0.00689611930404987,0.1995262314437407,2.2855452016666507e-12,7.905325657653347e-07,7.121259759312843e-07,3.3483365516244065e-16,0.953514645941456,0.9008180023573269,0.1614353994534871,0.1614353499850562,0.0933055733504164,0.007884306832743838,0.19952623149688797,1.920387937706818e-07,0.0405408225261407,0.03833685039179254,2.384928397819741e-06,0.9570206542021806,0.9456356980108533,1216.2811514218338
sparse_bayesian_keep2_proposed_rep00_seed12026,sparse,bayesian_keep2,proposed,0,12026,34,34,68,natural_mean,40,1,50,23.0,-74,1024,4,1000.0,10,paper_reference_kkt,update,coordinated_aggregate,True,bayesian,0.02,1561,0.1,2.4111055660307605,0.14478015508711337,0.1,2.4111055660307605,0.14478015508711337,0.1,2.4166892932723045,0.1512823056563735,4.310578137316239,2.1530552107581564,2.1575229265580824,9.99999999999947e-05,10000.000000000531,9999.999999633637,10000.000000935412,1.5357958930103478e-08,4.292962493419094e-06,9.354116627946496e-07,0.03804060943841453,0.0029891356825828552,0.0,0.0,0.0,7.19096314188362e-07,2.1926643967162818e-07,3122,106148,4,136,0.15847829673863462,0.1584783218299624,0.0839612709922886,0.008011061244251154,0.19952623149688797,1.92588004564293e-07,0.040605568558631344,0.038040610875586925,1.2018828329451728e-06,0.9559631263496289,0.9051588339337522,0.14131569077249947,0.14131570849260486,0.08352151700059258,0.00787262599481151,0.1995262312738904,2.207084422726624e-12,8.232489200054962e-07,7.190958161235971e-07,3.1719489143650406e-16,0.953638303521456,0.8734853456063262,0.17564090270476976,0.17564093516731993,0.08440102498398462,0.0081494964936908,0.19952623149688797,1.9258800455164627e-07,0.04060556855028595,0.03804061086879026,2.403765665573151e-06,0.9582879491778017,0.9368323222611782,1249.5731897219084
sparse_bayesian_keep2_proposed_rep00_seed12026,sparse,bayesian_keep2,proposed,0,12026,35,35,70,natural_mean,40,1,50,23.0,-74,1024,4,1000.0,10,paper_reference_kkt,update,coordinated_aggregate,True,bayesian,0.02,1561,0.1,2.4124870534989395,0.1489140873223543,0.1,2.4124870534989395,0.1489140873223543,0.1,2.4120432993411214,0.1466175493478775,4.296109264366196,2.141840879011818,2.1542683853543774,9.999999999999468e-05,10000.000000000531,9999.9999995774,10000.000000907668,1.5538892422073377e-08,4.3434943314963425e-06,9.076684364117682e-07,0.03767656762829779,0.0067318156361579895,0.0,0.0,0.0,7.015325870937501e-07,1.5936348063405603e-07,3122,109270,4,140,0.16352669173107232,0.16352675707224756,0.07518472827686098,0.007123665775315514,0.19952623149688797,1.9596976290277715e-07,0.03957818786132721,0.03767656629876301,1.2010121861971244e-06,0.9536587974734315,0.8979064259282303,0.1131570385289678,0.11315702838538934,0.06886721440125562,0.00670789363223522,0.1995262313350734,2.284566735147474e-12,8.313376596749603e-07,7.015326551786849e-07,3.4262190804324264e-16,0.9507377143904135,0.8438600444334557,0.21389634493317686,0.21389648575910578,0.08150224215246636,0.007539437918395809,0.19952623149688797,1.959697628894607e-07,0.03957818785259611,0.03767656629223179,2.402024372051627e-06,0.9565798805564495,0.9519528074230049,1283.5195732358843
sparse_bayesian_keep2_proposed_rep00_seed12026,sparse,bayesian_keep2,proposed,0,12026,36,36,72,natural_mean,40,1,50,23.0,-74,1024,4,1000.0,10,paper_reference_kkt,update,coordinated_aggregate,True,bayesian,0.02,1561,0.1,2.409652788036286,0.14684362204670906,0.1,2.409652788036286,0.14684362204670906,0.1,2.408708019635217,0.14543153116554022,4.2972352674419785,2.1520377699470896,2.145197497494889,9.999999999999441e-05,10000.000000000562,9999.999999652184,10000.00000093351,1.5896719130064116e-08,4.443669728704174e-06,9.335108188679442e-07,0.03722901684067233,0.004425037652254105,0.0,0.0,0.0,7.135885976088699e-07,1.9786057237070054e-07,3122,112392,4,144,0.14027440866557933,0.14027438392939764,0.0765214606021781,0.007588095388328062,0.19952623149688797,1.9560941559507737e-07,0.0397515502446834,0.03722901571276021,1.2112690429599118e-06,0.9560967726517982,0.9154634657319337,0.09265396484484331,0.09265395904632091,0.07620115310698271,0.007393761239340567,0.19952623062109745,2.185475367002944e-12,7.978541525317621e-07,7.135884177125303e-07,3.1359869566415683e-16,0.9566545722943897,0.8943845357020435,0.18789485248631535,0.18789480881247436,0.07684176809737348,0.007782429537315557,0.19952623149688797,1.956094155828686e-07,0.03975155023667653,0.037229015705921346,2.422538085606225e-06,0.9555389730092068,0.936542395761824,1317.4240891099907
sparse_bayesian_keep2_proposed_rep00_seed12026,sparse,bayesian_keep2,proposed,0,12026,37,37,74,natural_mean,40,1,50,23.0,-74,1024,4,1000.0,10,paper_reference_kkt,update,coordinated_aggregate,True,bayesian,0.02,1561,0.1,2.3954475012106506,0.13411220361411574,0.1,2.3954475012106506,0.13411220361411574,0.1,2.410498747597146,0.1471891824454069,4.300111307633326,2.1588499054046086,2.141261402228717,9.999999999999426e-05,10000.000000000575,9999.999999624317,10000.00000091119,1.626859214523001e-08,4.5476436324580595e-06,9.11189999897033e-07,0.03708190588120907,0.003076404333114624,0.0,0.0,0.0,7.301284750282211e-07,2.1850428311154246e-07,3122,115514,4,148,0.15657246795380714,0.15657246701011557,0.0905829596412556,0.007751185914452798,0.19952623149688797,1.9620481168217909e-07,0.03938526699102353,0.03708191219526552,1.2185354260887153e-06,0.9550117427048754,0.8796565583272871,0.11555611571628374,0.11555612462340704,0.08041319666880205,0.007271250404000437,0.19952623147137066,2.3003986185727588e-12,8.927995662197336e-07,7.301278330544143e-07,3.426285638674959e-16,0.953963286017311,0.8177958749492671,0.19758882019133056,0.19758880939682408,0.10075272261370916,0.008231121424905159,0.19952623149688797,1.962048116686936e-07,0.039385266980904374,0.03708191218807756,2.437070851834802e-06,0.9560601993924398,0.9415172417053069,1350.6190947168507
sparse_bayesian_keep2_proposed_rep00_seed12026,sparse,bayesian_keep2,proposed,0,12026,38,38,76,natural_mean,40,1,50,23.0,-74,1024,4,1000.0,10,paper_reference_kkt,update,coordinated_aggregate,True,bayesian,0.02,1561,0.1,2.395893527124387,0.13563971663206817,0.1,2.395893527124387,0.13563971663206817,0.1,2.4112823878048677,0.14884520677924157,4.301355989126277,2.155299190877683,2.146056798248594,9.999999999999403e-05,10000.000000000602,9999.999999567952,10000.000001056333,1.6583196639635497e-08,4.635706005955489e-06,1.0563326213741675e-06,0.036492133667149526,0.0035737305879592896,0.0,0.0,0.0,7.032823135176313e-07,1.817697921069339e-07,3122,118636,4,152,0.1548681242983052,0.15486817348433357,0.08679602836250307,0.008386138325449904,0.19952623149688797,1.8973492784183722e-07,0.039187422039050714,0.036492133923422515,1.2224664935011763e-06,0.9561720001867202,0.9021584645038339,0.11645562964875995,0.1164556275078042,0.08802190938355835,0.008328151668220088,0.1995262314440644,2.1846882913138615e-12,8.055043346868633e-07,7.032829676455843e-07,3.191508034138105e-16,0.9548387296307964,0.8730964334533053,0.19328061894785048,0.19328071946086295,0.08557014734144779,0.008444124982679721,0.19952623149688797,1.897349278292595e-07,0.03918742203077207,0.03649213391664562,2.4449329866832016e-06,0.957505270742644,0.9312204955543625,1383.8621079716831
sparse_bayesian_keep2_proposed_rep00_seed12026,sparse,bayesian_keep2,proposed,0,12026,39,39,78,natural_mean,40,1,50,23.0,-74,1024,4,1000.0,10,paper_reference_kkt,update,coordinated_aggregate,True,bayesian,0.02,1561,0.1,2.394772794792803,0.12666440948635338,0.1,2.394772794792803,0.12666440948635338,0.1,2.411247286932055,0.14937219314724207,4.284159323993781,2.141867101073976,2.142292222919805,9.999999999999393e-05,10000.00000000061,9999.999999559479,10000.000000936125,1.675410383970595e-08,4.6835211609469115e-06,9.361247066408396e-07,0.036012600961598154,0.0029967501759529114,0.0,0.0,0.0,7.133450227906516e-07,1.6551712178625166e-07,3122,121758,4,156,0.1421588320066949,0.14215881642671277,0.08425026069166186,0.007564469765200334,0.19952623149688797,1.9409302093747675e-07,0.038554894665100696,0.03601259685613391,1.2284225991166768e-06,0.9524424864088326,0.8984091458042985,0.09542183545640785,0.09542183649126776,0.08627758736666774,0.007442169546072751,0.19952623148191842,2.2086442334604334e-12,8.268178915954943e-07,7.133436989296298e-07,3.2604706032051875e-16,0.9503229717103512,0.8627578934630985,0.18889582855698198,0.18889579636215778,0.082222934016656,0.007686769984327917,0.19952623149688797,1.9409302092491033e-07,0.03855489465623505,0.03601259684906889,2.4568451979073064e-06,0.9545620011073138,0.9340603981454986,1417.8430932806805
sparse_bayesian_keep2_proposed_rep00_seed12026,sparse,bayesian_keep2,proposed,0,12026,40,40,80,natural_mean,40,1,50,23.0,-74,1024,4,1000.0,10,paper_reference_kkt,update,coordinated_aggregate,True,bayesian,0.02,1561,0.1,2.3979452601335427,0.13175975338816645,0.1,2.3979452601335427,0.13175975338816645,0.1,2.4132407990361004,0.1511191855818033,4.2754677516565645,2.1259808318515416,2.149486919805023,9.999999999999403e-05,10000.000000000597,9999.999999511587,10000.000001160714,1.7107894143480317e-08,4.782171165492341e-06,1.160713509307243e-06,0.036213500572313255,0.0038016887847334146,0.0,0.0,0.0,8.179382022360897e-07,2.2458880266640335e-07,3122,124880,4,160,0.12640538792651115,0.12640537721324197,0.07889974375400385,0.00738364281447472,0.19952623149688797,1.9255949287368932e-07,0.03857400318684812,0.036213501799661485,1.238736746706818e-06,0.9566267996709239,0.9077663065400932,0.0726892259301106,0.07268922080181855,0.07877962844330558,0.007050459591672604,0.19952623113846238,2.312686773722843e-12,9.329454833797593e-07,8.179382886232861e-07,3.4670688425215635e-16,0.9561545456752439,0.8767268118751741,0.1801215499229117,0.1801215336246654,0.07901985906470212,0.007716826037276836,0.19952623149688797,1.9255949285980134e-07,0.03857400317556608,0.036213501790424284,2.4774734930669295e-06,0.9570990536666037,0.9388058012050123,1451.5163918435574
sparse_bayesian_keep2_proposed_rep00_seed12026,sparse,bayesian_keep2,proposed,0,12026,41,41,82,natural_mean,40,1,50,23.0,-74,1024,4,1000.0,10,paper_reference_kkt,update,coordinated_aggregate,True,bayesian,0.02,1561,0.1,2.389544542362931,0.1284336815497279,0.1,2.389544542362931,0.1284336815497279,0.1,2.406896954442233,0.14321171080470085,4.289400685805212,2.150848139920244,2.1385525458849686,9.999999999999381e-05,10000.000000000622,9999.999999644526,10000.00000106357,1.7264009675657365e-08,4.8259978847150605e-06,1.0635703802108765e-06,0.03563545838001855,0.003217652440071106,0.0,0.0,0.0,7.43890509751837e-07,1.7141246644314378e-07,3122,128002,4,164,0.1726329961732214,0.17263297503761135,0.07352720739746926,0.00741741352161444,0.19952623149688797,1.9426702929972518e-07,0.03773454206693081,0.03563545798890491,1.2421609287860759e-06,0.9568248474854825,0.9017111498028626,0.11596417416109547,0.11596417370900665,0.0776597959608578,0.007078224314456167,0.1995262313053815,2.298254056671524e-12,8.659443551765107e-07,7.438895322162181e-07,3.490141947847427e-16,0.9567756208898769,0.8590500054535097,0.2293018181853473,0.22930177636621607,0.06939461883408071,0.007756602728772714,0.19952623149688797,1.9426702928613054e-07,0.03773454205699483,0.035635457981140574,2.4843218572231378e-06,0.956874074081088,0.9443722941522155,1484.4452031785622
sparse_bayesian_keep2_proposed_rep00_seed12026,sparse,bayesian_keep2,proposed,0,12026,42,42,84,natural_mean,40,1,50,23.0,-74,1024,4,1000.0,10,paper_reference_kkt,update,coordinated_aggregate,True,bayesian,0.02,1561,0.1,2.3867181278843606,0.13145023601025344,0.1,2.3867181278843606,0.13145023601025344,0.1,2.4016924465647715,0.14034397030025722,4.276517790307109,2.136988092653794,2.1395296976533142,9.999999999999372e-05,10000.000000000631,9999.999999634168,10000.000001139359,1.7719964932255147e-08,4.9533864442090505e-06,1.1393585737096146e-06,0.03570288913906456,0.004035152494907379,0.0,0.0,0.0,7.628620429780641e-07,1.351181708741933e-07,3122,131124,4,168,0.16142827829001102,0.16142826996230242,0.07917200512491993,0.007495604470932799,0.19952623149688797,1.924573558047111e-07,0.03800783615755147,0.03570288735042584,1.2412617781269899e-06,0.9572665478554008,0.9008852997491079,0.08517484154441331,0.08517484844923645,0.07581678411274824,0.0071141706702566275,0.1995262306505478,2.260111529375037e-12,8.845648765203243e-07,7.628617541373734e-07,3.436456087205949e-16,0.9571289635579655,0.8624147172571303,0.23768171503560875,0.23768169147536838,0.08252722613709161,0.00787703827160897,0.19952623149688797,1.9245735579144035e-07,0.03800783614725813,0.03570288734227582,2.482523555910334e-06,0.957404132152836,0.9393558822410855,1518.3601403669454
sparse_bayesian_keep2_proposed_rep00_seed12026,sparse,bayesian_keep2,proposed,0,12026,43,43,86,natural_mean,40,1,50,23.0,-74,1024,4,1000.0,10,paper_reference_kkt,update,coordinated_aggregate,True,bayesian,0.02,1561,0.1001,2.3990164936575673,0.13583035295397047,0.1001,2.3990164936575673,0.13583035295397047,0.1,2.3972623784518303,0.13845137743204833,4.294389511624103,2.1392657369078982,2.1551237747162046,9.999999999999361e-05,10000.00000000064,9999.999999581354,10000.000001302107,1.7820536239086394e-08,4.981572816879453e-06,1.3021071936236694e-06,0.03593702192107477,0.00478964950889349,0.0,0.0,0.0,7.903391867244808e-07,2.202632458647713e-07,3122,134246,4,172,0.1803839521635021,0.18038393469993053,0.08437700192184497,0.007654914971188378,0.19952623149688797,1.94787228093867e-07,0.037878249616547274,0.03593701734910751,1.2480661102500332e-06,0.9507542468328241,0.8923415026264337,0.08288176075301068,0.0828817768502024,0.08010890454836643,0.007449096964160944,0.1995262314072947,2.3522080176443172e-12,9.454571787024193e-07,7.903382009616188e-07,3.5786275848740626e-16,0.9495645027486879,0.8359322792176749,0.2778861435739935,0.2778860925496586,0.0886450992953235,0.007860732978215811,0.19952623149688797,1.947872280796646e-07,0.03787824960474777,0.03593701734041683,2.4961322201422034e-06,0.9519439909169601,0.9487507260351926,1551.6430883007124
sparse_bayesian_keep2_proposed_rep00_seed12026,sparse,bayesian_keep2,proposed,0,12026,44,44,88,natural_mean,40,1,50,23.0,-74,1024,4,1000.0,10,paper_reference_kkt,update,coordinated_aggregate,True,bayesian,0.02,1561,0.1,2.395802117636594,0.14321433077335355,0.1,2.395802117636594,0.14321433077335355,0.1,2.395983020842285,0.13819350093454122,4.287314663729656,2.143735303935663,2.143579359793994,9.999999999999339e-05,10000.000000000662,9999.999999577723,10000.000001281544,1.825862689099054e-08,5.104092945499515e-06,1.2815435184165835e-06,0.03546504892543494,0.0046259015798568726,0.0,0.0,0.0,7.522664623682039e-07,2.3104257707018405e-07,3122,137368,4,176,0.17124903725998386,0.17124900453886394,0.08608331661233715,0.007845723746414165,0.19952623149688797,1.9258369459804682e-07,0.03753322472482483,0.0354650552799199,1.2576304681759582e-06,0.9534814568928958,0.9133307307143737,0.07667537652132735,0.0766753628968195,0.08457854866349557,0.007571969228398378,0.19952623147901702,2.234446703202869e-12,8.531384153152712e-07,7.522665631415896e-07,3.334804270764729e-16,0.9542237433245854,0.8817637744578637,0.2658226979986404,0.26582264618090834,0.08758808456117873,0.008119478264429953,0.19952623149688797,1.9258369458508428e-07,0.03753322471512882,0.035465055271941555,2.515260936018436e-06,0.9527391704612062,0.9448976869708837,1584.7291321777739
sparse_bayesian_keep2_proposed_rep00_seed12026,sparse,bayesian_keep2,proposed,0,12026,45,45,90,natural_mean,40,1,50,23.0,-74,1024,4,1000.0,10,paper_reference_kkt,update,coordinated_aggregate,True,bayesian,0.02,1561,0.1001,2.3967098403825116,0.13929166732788087,0.1001,2.3967098403825116,0.13929166732788087,0.1001,2.395778572433215,0.13945828143209218,4.272118470967408,2.1303892636156934,2.1417292073517147,9.999999999999339e-05,10000.00000000066,9999.999999561203,10000.000001414925,1.8159150505878035e-08,5.0762999506169695e-06,1.4149245544103906e-06,0.03486856929136966,0.0052155181765556335,0.0,0.0,0.0,7.160948330151717e-07,1.6552075976505876e-07,3122,140490,4,180,0.17730836558359261,0.17730837041503436,0.07904449194688198,0.007377642908408642,0.19952623149688797,1.9264427096709358e-07,0.037267100806638746,0.03486856940115566,1.264950520716135e-06,0.9542489606905826,0.8969931367773154,0.08778386594507771,0.08778382931908,0.07615432662278383,0.0071384449516326744,0.19952623099001218,2.2494111243499023e-12,8.342733699193152e-07,7.160959206300735e-07,3.3767703095282815e-16,0.9551237518744936,0.8583469074894491,0.26683286522210753,0.2668329115109887,0.08193465727098014,0.00761684086518461,0.19952623149688797,1.9264427095396097e-07,0.03726710079730059,0.03486856939380243,2.5299010410945932e-06,0.9533741695066715,0.9356393660651816,1618.803088107612
sparse_bayesian_keep2_proposed_rep00_seed12026,sparse,bayesian_keep2,proposed,0,12026,46,46,92,natural_mean,40,1,50,23.0,-74,1024,4,1000.0,10,paper_reference_kkt,update,coordinated_aggregate,True,bayesian,0.02,1561,0.1,2.394532787890008,0.13749000605612993,0.1,2.394532787890008,0.13749000605612993,0.1,2.3967596047075452,0.14345348798036575,4.27587060492271,2.134759946561476,2.141110658361234,9.999999999999321e-05,10000.000000000684,9999.99999954223,10000.00000134295,1.880062574814122e-08,5.255594725186765e-06,1.3429507816908881e-06,0.03539035023306143,0.00391259603202343,0.0,0.0,0.0,7.768410359477095e-07,1.4927718439139426e-07,3122,143612,4,184,0.141868304477756,0.14186829357277345,0.07889173606662396,0.00706258282854705,0.19952623149688797,1.9092897705343714e-07,0.03734817676962067,0.03539035242175834,1.267406551377347e-06,0.9542842198969841,0.9233371010230738,0.08658543122557343,0.0865854497759508,0.07027546444586803,0.006794487866180874,0.19952623135945574,2.2398351585957e-12,8.64025856334444e-07,7.768414060130501e-07,3.471369538125025e-16,0.9539614483768435,0.8990951260874119,0.19715117772993856,0.19715113736959608,0.08750800768737989,0.007330677790913225,0.19952623149688797,1.909289770402991e-07,0.03734817675962633,0.035390352413232254,2.534813102407557e-06,0.9546069914171246,0.9475790759587356,1652.0623528906144
sparse_bayesian_keep2_proposed_rep00_seed12026,sparse,bayesian_keep2,proposed,0,12026,47,47,94,natural_mean,40,1,50,23.0,-74,1024,4,1000.0,10,paper_reference_kkt,update,coordinated_aggregate,True,bayesian,0.02,1561,0.1,2.3934179321623654,0.13814150879740714,0.1,2.3934179321623654,0.13814150879740714,0.1001,2.3974241721147544,0.14423709297776222,4.263109662186791,2.133396302255437,2.1297133599313542,9.999999999999315e-05,10000.000000000684,9999.99999949547,10000.00000129036,1.878023211272144e-08,5.24994399007172e-06,1.2903601600555703e-06,0.03530819751351459,0.004079550504684448,0.0,0.0,0.0,6.940636822523742e-07,1.7705679056234658e-07,3122,146734,4,188,0.18821638030724422,0.18821638681865976,0.09823030108904549,0.008107314133803344,0.19952623149688797,1.942585052016635e-07,0.03714159281362998,0.035308196466774376,1.2730864737355915e-06,0.9501079571065871,0.9007046460352396,0.12049234145946212,0.12049234776987676,0.09519538757206919,0.008006850230033748,0.199526231264554,2.313196667430968e-12,8.158048271290495e-07,6.940636413909276e-07,3.4628610038379066e-16,0.9480442792022148,0.8507716697308126,0.2559404191550263,0.25594042586744276,0.10126521460602178,0.00820777803757294,0.19952623149688797,1.942585051878909e-07,0.03714159280467051,0.03530819645995267,2.546172947124897e-06,0.9521716350109596,0.9506376223396665,1685.472088667564
sparse_bayesian_keep2_proposed_rep00_seed12026,sparse,bayesian_keep2,proposed,0,12026,48,48,96,natural_mean,40,1,50,23.0,-74,1024,4,1000.0,10,paper_reference_kkt,update,coordinated_aggregate,True,bayesian,0.02,1561,0.1003,2.392699531994889,0.13111045455902812,0.1003,2.392699531994889,0.13111045455902812,0.1014,2.3912364156016714,0.136962089702487,4.265441928279565,2.1268840691204334,2.138557859159132,9.99999999999931e-05,10000.000000000691,9999.999999414784,10000.000001341521,1.8974200131777775e-08,5.3041610211180035e-06,1.341521056019701e-06,0.035508633389208955,0.005235612392425537,0.0,0.0,0.0,6.689594629549983e-07,1.380685716867447e-07,3122,149856,4,192,0.18992565236401537,0.18992567214136602,0.08585842408712364,0.007947535765283207,0.19952623149688797,1.9333457976666647e-07,0.03683943530887182,0.03550863551160283,1.274246269160345e-06,0.9541473082318823,0.9184839956199798,0.10884033127317207,0.10884033377167823,0.09452274183215888,0.008140229923231627,0.1995262311611953,2.218636279467923e-12,7.661957229763366e-07,6.68959663667655e-07,3.36337684716121e-16,0.9532611904174476,0.8730924030473619,0.2710109734548587,0.2710110105110538,0.07719410634208841,0.007754841607334785,0.19952623149688797,1.9333457975393634e-07,0.036839435300904055,0.03550863550530145,2.5484925379843524e-06,0.9550334260463169,0.9638755881925978,1718.2120992019773
sparse_bayesian_keep2_proposed_rep00_seed12026,sparse,bayesian_keep2,proposed,0,12026,49,49,98,natural_mean,40,1,50,23.0,-74,1024,4,1000.0,10,paper_reference_kkt,update,coordinated_aggregate,True,bayesian,0.02,1561,0.1002,2.387944032502555,0.14268893371492625,0.1002,2.387944032502555,0.14268893371492625,0.1013,2.3930012522954907,0.14271899946033956,4.274763905883546,2.1437492700504737,2.131014635833073,9.999999999999275e-05,10000.000000000722,9999.999999526644,10000.000001330407,1.9076310950841276e-08,5.332996411023139e-06,1.3304070307640359e-06,0.03611919736554702,0.004070637747645378,0.0,0.0,0.0,7.402631632390509e-07,1.6215199138969183e-07,3122,152978,4,196,0.15733022430107496,0.157330235575652,0.08742196541545011,0.008275767703079223,0.19952623149688797,1.9476758316271986e-07,0.03756010577965187,0.036119200429333934,1.276158621592504e-06,0.9568561341532484,0.9310048766932293,0.053161550945976715,0.05316154022439809,0.08501369380335377,0.008139764164367817,0.1995262311607336,2.1189434322100756e-12,8.22174333610562e-07,7.402630289534183e-07,3.158952134184077e-16,0.9591583409596915,0.9003723741685727,0.2614988976561732,0.2614989309269059,0.08983023702754644,0.00841177124179063,0.19952623149688797,1.947675831511935e-07,0.03756010577065335,0.036119200421748085,2.552317242869113e-06,0.9545539273468052,0.9616373792178857,1751.9770856648684
sparse_bayesian_keep2_proposed_rep00_seed12026,sparse,bayesian_keep2,proposed,0,12026,50,50,100,natural_mean,40,1,50,23.0,-74,1024,4,1000.0,10,paper_reference_kkt,update,coordinated_aggregate,True,bayesian,0.02,1561,0.1001,2.3761830108972126,0.12576227270305157,0.1001,2.3761830108972126,0.12576227270305157,0.1048,2.387274041677636,0.13433467196375132,4.262422011813397,2.1327726822961157,2.129649329517281,9.999999999999266e-05,10000.000000000739,9999.99999947871,10000.00000141754,1.9519748105462942e-08,5.45691777338111e-06,1.4175402611726895e-06,0.03562927566378832,0.0029384512454271317,0.0,0.0,0.0,7.097967416956931e-07,1.5010482457000762e-07,3122,156100,4,200,0.17868163032362183,0.1786815920161296,0.08635555233361958,0.0074419051829179815,0.19952623149688797,1.9327143696001947e-07,0.037471113157089425,0.03562927662521629,1.2771293701714037e-06,0.9546070515286413,0.907431672789635,0.09091513707110964,0.09091514091946476,0.08137542241227438,0.007457125128001169,0.19952623129350958,2.1469839106941953e-12,8.215081222815136e-07,7.097968780131565e-07,3.147995040455858e-16,0.9572679092694283,0.8640168883848595,0.266448123576134,0.26644804311279446,0.09133568225496477,0.007426685237834794,0.19952623149688797,1.9327143694809444e-07,0.03747111314808415,0.0356292766181461,2.554258740028008e-06,0.9519461937878544,0.9508464571944105,1784.5981479086913
sparse_bayesian_keep2_proposed_rep00_seed12026,sparse,bayesian_keep2,proposed,0,12026,51,51,102,natural_mean,40,1,50,23.0,-74,1024,4,1000.0,10,paper_reference_kkt,update,coordinated_aggregate,True,bayesian,0.02,1561,0.1001,2.3800031393293373,0.13803181483477356,0.1001,2.3800031393293373,0.13803181483477356,0.1129,2.3828219814163996,0.12215164292752745,4.2729622986871245,2.1311115390026782,2.1418507596844467,9.999999999999239e-05,10000.000000000766,9999.999999527166,10000.000001542818,1.988242478916971e-08,5.558450292661001e-06,1.5428176993736997e-06,0.035631770298243964,0.003766607493162155,0.0,0.0,0.0,6.788413253719072e-07,1.6863850760273635e-07,3122,159222,4,204,0.17414006308661142,0.1741400787456609,0.07907591287636132,0.0076817364420440366,0.19952623149688797,1.9214041820465402e-07,0.03758679784269553,0.035631771672337914,1.2777809300595427e-06,0.9511814302114949,0.9090504718676102,0.11093010027354343,0.11093011115733353,0.07895579756566304,0.0073771198294821,0.19952622992427776,2.1969688689869263e-12,7.80173732561474e-07,6.788405641850164e-07,3.302366273228901e-16,0.9492374882513472,0.8701146662439421,0.2373500258996794,0.23735004633398826,0.07919602818705958,0.007986353054605974,0.19952623149688797,1.9214041819209374e-07,0.03758679783459865,0.035631771665871434,2.555561859788849e-06,0.9531253721716426,0.9479862774912785,1817.5976837766357
sparse_bayesian_keep2_proposed_rep00_seed12026,sparse,bayesian_keep2,proposed,0,12026,52,52,104,natural_mean,40,1,50,23.0,-74,1024,4,1000.0,10,paper_reference_kkt,update,coordinated_aggregate,True,bayesian,0.02,1561,0.1084,2.3848919362985197,0.13127664633870126,0.1084,2.3848919362985197,0.13127664633870126,0.1128,2.3837879776068296,0.12559964990615846,4.2664249860031696,2.1345142808159583,2.1319107051872117,9.999999999999212e-05,10000.00000000079,9999.999999490796,10000.000001629714,2.0277061914779516e-08,5.668906466626183e-06,1.6297144611598924e-06,0.034714834371325734,0.0036458447575569153,0.0,0.0,0.0,7.183045166306523e-07,1.7282582120969892e-07,3122,162344,4,208,0.13869792555771926,0.13869791276388124,0.07701117330300691,0.007360057980319698,0.19952623149688797,1.9203256941285416e-07,0.037063353878499926,0.034714834713922005,1.2854444757900555e-06,0.9564895781826059,0.9075179719399751,0.0808662221384128,0.08086622728308238,0.07766103975143342,0.007169259070984271,0.1995262314963312,2.2129540901428785e-12,8.177415336514807e-07,7.183048599033262e-07,3.420847610408261e-16,0.9574262356926647,0.878400879001589,0.19652962897702575,0.1965295982446801,0.0763613068545804,0.007550856889655125,0.19952623149688797,1.9203256940010327e-07,0.03706335386947887,0.034714834706490574,2.570888951238026e-06,0.955552920672547,0.9366350648783612,1851.8452722816728
sparse_bayesian_keep2_proposed_rep00_seed12026,sparse,bayesian_keep2,proposed,0,12026,53,53,106,natural_mean,40,1,50,23.0,-74,1024,4,1000.0,10,paper_reference_kkt,update,coordinated_aggregate,True,bayesian,0.02,1561,0.1046,2.3925919960633357,0.148138936624825,0.1046,2.3925919960633357,0.148138936624825,0.1073,2.3830842564502004,0.13342134416103363,4.25495160332257,2.1257162822169766,2.129235321105593,9.999999999999183e-05,10000.000000000817,9999.999999500735,10000.000001680422,2.0698334994957992e-08,5.786798269448107e-06,1.6804224287625402e-06,0.03508425900057615,0.004698798060417175,0.0,0.0,0.0,7.66111750099233e-07,1.7845195543486625e-07,3122,165466,4,212,0.1534883096765926,0.15348831411403546,0.07946828955797566,0.007230800839052482,0.19952623149688797,1.927800729519139e-07,0.037207423018543746,0.035084253458865254,1.288743437696853e-06,0.9531521704412926,0.9106434951316673,0.07607795918126437,0.0760779417985315,0.07884368994234466,0.006991857023894454,0.19952623098366812,2.269431815424074e-12,8.72216743577413e-07,7.6611167762032e-07,3.5122954479582877e-16,0.9535824725055438,0.878350119759595,0.23089866017192087,0.23089868642953945,0.08009288917360666,0.00746974465421051,0.19952623149688797,1.9278007293855587e-07,0.03720742300832049,0.035084253450500716,2.5774868750424764e-06,0.9527218683770413,0.9429368705037396,1883.6910321479663
sparse_bayesian_keep2_proposed_rep00_seed12026,sparse,bayesian_keep2,proposed,0,12026,54,54,108,natural_mean,40,1,50,23.0,-74,1024,4,1000.0,10,paper_reference_kkt,update,coordinated_aggregate,True,bayesian,0.02,1561,0.1062,2.3730834201242454,0.126600257486403,0.1062,2.3730834201242454,0.126600257486403,0.1096,2.379774735646763,0.13037220239490271,4.244766241797869,2.1271363233714164,2.117629918426453,9.999999999999153e-05,10000.000000000848,9999.999999490617,10000.000001667167,2.090328687177481e-08,5.844347904900212e-06,1.6671674529789016e-06,0.03560466573741084,0.004055500030517578,0.0,0.0,0.0,7.449624842297624e-07,1.6802005120553076e-07,3122,168588,4,216,0.18705775411635517,0.18705769304776892,0.09352324834871684,0.0076199244444365355,0.19952623149688797,1.9217860826324624e-07,0.03688922917297919,0.03560466828253325,1.2890706506734381e-06,0.9516006373841839,0.928416300614442,0.08278376412418001,0.08278374522587259,0.0916268938787277,0.007429442770874571,0.19952623141515088,2.2277169464304115e-12,8.354830731591109e-07,7.449624611995273e-07,3.487269372790118e-16,0.9516127718095392,0.8916547586000861,0.29133174410853035,0.2913316408696653,0.09541960281870596,0.0078104061179985,0.19952623149688797,1.921786082503345e-07,0.036889229163518,0.035604668274739765,2.5781413009981494e-06,0.9515885029588287,0.9651778426287979,1917.2703811665997
sparse_bayesian_keep2_proposed_rep00_seed12026,sparse,bayesian_keep2,proposed,0,12026,55,55,110,natural_mean,40,1,50,23.0,-74,1024,4,1000.0,10,paper_reference_kkt,update,coordinated_aggregate,True,bayesian,0.02,1561,0.1091,2.3706137769058087,0.1259832630825043,0.1091,2.3706137769058087,0.1259832630825043,0.1206,2.373242728540471,0.11386148444265126,4.24397069047507,2.1255506378992886,2.118420052575781,9.999999999999133e-05,10000.00000000087,9999.99999945173,10000.000001709332,2.1557275323705358e-08,6.027128252565555e-06,1.7093316273530945e-06,0.03594093345636556,0.005425905808806419,0.0,0.0,0.0,7.23149271339222e-07,1.6257581592071801e-07,3122,171710,4,220,0.20517070357424944,0.2051706746899667,0.082159511193495,0.0077588310019214984,0.19952623149688797,1.9207903726893122e-07,0.0371209994603909,0.035940939850018915,1.2918372954506407e-06,0.9538838947237073,0.9188285442555078,0.08648867200415046,0.0864886839282735,0.07975784365540768,0.007441014400261659,0.19952623105102796,2.195537203148163e-12,8.317355667368689e-07,7.231496788613156e-07,3.3598420736056654e-16,0.9558589913230591,0.8694466394489214,0.3238527351443484,0.32385266545165986,0.08456117873158232,0.008076647603581339,0.19952623149688797,1.920790372563833e-07,0.03712099945107294,0.03594093984274385,2.5836745905652974e-06,0.9519087981243555,0.9682104490620942,1951.1930954889394
sparse_bayesian_keep2_proposed_rep00_seed12026,sparse,bayesian_keep2,proposed,0,12026,56,56,112,natural_mean,40,1,50,23.0,-74,1024,4,1000.0,10,paper_reference_kkt,update,coordinated_aggregate,True,bayesian,0.02,1561,0.1009,2.380258204199945,0.13887079487442974,0.1009,2.380258204199945,0.13887079487442974,0.1211,2.3759111633200742,0.11770984268933536,4.210078326276472,2.1071449382167686,2.102933388059703,9.99999999999913e-05,10000.000000000871,9999.999999424906,10000.00000167085,2.2027391281965444e-08,6.15838467093622e-06,1.670850906521082e-06,0.033585293373355495,0.0034678205847740173,0.0,0.0,0.0,7.600541815739492e-07,1.7826096154749393e-07,3122,174832,4,224,0.16049889435041045,0.16049893881889513,0.0930413196668802,0.007529964896853774,0.19952623149688797,1.972045822147341e-07,0.03621044414034142,0.033585295979276945,1.2958797127430544e-06,0.9524659825555406,0.897454686831359,0.10128516880356402,0.10128519054676675,0.08821268417680973,0.007221425383279249,0.19952623109373438,2.2387472593055028e-12,8.762388357965141e-07,7.600550852896809e-07,3.402133785387224e-16,0.950585716036921,0.8674063237338554,0.2197126198972569,0.21971268709102348,0.09786995515695067,0.007838504410428299,0.19952623149688797,1.972045822020265e-07,0.03621044412973958,0.0335852959706767,2.5917594251458955e-06,0.9543462490741602,0.9275030499288626,1984.7780936588533
sparse_bayesian_keep2_proposed_rep00_seed12026,sparse,bayesian_keep2,proposed,0,12026,57,57,114,natural_mean,40,1,50,23.0,-74,1024,4,1000.0,10,paper_reference_kkt,update,coordinated_aggregate,True,bayesian,0.02,1561,0.103,2.385856358653028,0.14469700765758753,0.103,2.385856358653028,0.14469700765758753,0.1207,2.375882031081247,0.12142543351352215,4.218169187693662,2.1037858140160504,2.1143833736776116,9.999999999999124e-05,10000.00000000088,9999.999999365973,10000.000001760965,2.2336476064892956e-08,6.244746689689923e-06,1.7609654605621472e-06,0.03383739589978038,0.005487985908985138,0.0,0.0,0.0,6.559818095684284e-07,1.3750286598224193e-07,3122,177954,4,228,0.14789913575073454,0.14789917094763746,0.0909761324874987,0.007712822110852762,0.19952623149688797,1.953770277237213e-07,0.035687106204296874,0.033837392732775834,1.2964864598500318e-06,0.9532065215247054,0.907929169040397,0.0880420290147711,0.08804203335726535,0.0994250388379058,0.007649487881325728,0.19952623138278672,2.1581018641084217e-12,7.560088886392406e-07,6.559811673286474e-07,3.181086288895851e-16,0.9522038806532476,0.8676897691355093,0.20775624248669797,0.20775630853800958,0.08252722613709161,0.007776156340379796,0.19952623149688797,1.9537702771180227e-07,0.035687106196289085,0.033837392726417316,2.592972919381955e-06,0.9542091623961632,0.9481685689452848,2019.258342181798
sparse_bayesian_keep2_proposed_rep00_seed12026,sparse,bayesian_keep2,proposed,0,12026,58,58,116,natural_mean,40,1,50,23.0,-74,1024,4,1000.0,10,paper_reference_kkt,update,coordinated_aggregate,True,bayesian,0.02,1561,0.1042,2.3890282932896363,0.14945330086946484,0.1042,2.3890282932896363,0.14945330086946484,0.1243,2.376463104117608,0.11881386980116368,4.242511096673741,2.117793155237884,2.1247179414358577,9.99999999999909e-05,10000.000000000911,9999.999999370944,10000.000001755028,2.2617630795095715e-08,6.323590812513742e-06,1.7550282791489735e-06,0.034202750285375214,0.005157362669706345,0.0,0.0,0.0,6.990227673498431e-07,1.8759965314529836e-07,3122,181076,4,232,0.17091912763223943,0.1709191663236357,0.08641095451633568,0.007212163572449754,0.19952623149688797,1.925731415965341e-07,0.03533216193804689,0.03420273627647201,1.301054683743611e-06,0.9558409836909831,0.9358406758098303,0.06896960932237142,0.06896962244535855,0.07810698270339526,0.006874950782184177,0.1995262308059079,2.2345773117577783e-12,7.735567292058795e-07,6.990224889888869e-07,3.517410888971589e-16,0.9566128089838613,0.9036472796337395,0.27286864594210747,0.2728687102019129,0.09471492632927611,0.007549376362715331,0.19952623149688797,1.925731415835693e-07,0.035332161929578824,0.034202736269328834,2.602109367135481e-06,0.955069158398105,0.9680340719859213,2053.2242566607893
sparse_bayesian_keep2_proposed_rep00_seed12026,sparse,bayesian_keep2,proposed,0,12026,59,59,118,natural_mean,40,1,50,23.0,-74,1024,4,1000.0,10,paper_reference_kkt,update,coordinated_aggregate,True,bayesian,0.02,1561,0.1229,2.3741224079747902,0.12000952945947643,0.1229,2.3741224079747902,0.12000952945947643,0.129,2.3736095721534105,0.11388472396135331,4.227196752953956,2.1151644913387107,2.1120322616152456,9.999999999999076e-05,10000.000000000924,9999.999999337324,10000.000001778342,2.2760606414328163e-08,6.363635249342997e-06,1.7783422663342208e-06,0.03440952364517473,0.00376022607088089,0.0,0.0,0.0,7.036349033224548e-07,1.309126673731953e-07,3122,184198,4,236,0.2111405771343562,0.21114063348292467,0.08545069545852409,0.007514373719622785,0.19952623149688797,1.9403181262556854e-07,0.03593848472596692,0.03440952326926696,1.3018949474999593e-06,0.9500133084364302,0.9047151724729701,0.12072167063851785,0.1207216862218373,0.08284886048783613,0.00746730161571619,0.19952623072521655,2.2080800266804873e-12,8.258863508852713e-07,7.036337886253299e-07,3.3956532772007796e-16,0.9488670755961136,0.8519741387815385,0.3015594836301945,0.301559580744012,0.08805253042921204,0.007561445823529381,0.19952623149688797,1.9403181261300458e-07,0.03593848471647725,0.03440952326207272,2.603789894660353e-06,0.9511595412767468,0.9574562061644016,2087.7530786059797
sparse_bayesian_keep2_proposed_rep00_seed12026,sparse,bayesian_keep2,proposed,0,12026,60,60,120,natural_mean,40,1,50,23.0,-74,1024,4,1000.0,10,paper_reference_kkt,update,coordinated_aggregate,True,bayesian,0.02,1561,0.1377,2.3707797720764257,0.09169758641958238,0.1377,2.3707797720764257,0.09169758641958238,0.1344,2.368809768740023,0.10493461967110633,4.231654581255752,2.1227980858288986,2.108856495426853,9.999999999999044e-05,10000.000000000959,9999.999999293464,10000.000001703205,2.3029814367739455e-08,6.439164979174582e-06,1.703205271041952e-06,0.03374429528315965,0.0035054441541433334,0.0,0.0,0.0,7.064503905231063e-07,1.8162972992286086e-07,3122,187320,4,240,0.18162591702411715,0.1816258700498948,0.09968928151742544,0.008539596135115707,0.19952623149688797,1.966243792802972e-07,0.035570992041687996,0.03374430104175844,1.3031202042892826e-06,0.953223758360673,0.898960007271475,0.0767426002935862,0.0767426170342283,0.09873794804446011,0.008508816459958539,0.19952623138266432,2.1514802138075134e-12,8.31829702116241e-07,7.064508535418088e-07,3.186412629306038e-16,0.9537799466176867,0.8492733932202465,0.2865092337546481,0.2865091230655613,0.10064061499039077,0.008570375810272876,0.19952623149688797,1.9662437926852638e-07,0.035570992031961804,0.03374430103436352,2.606240408259924e-06,0.9526675701036592,0.9486466213227034,2116.7001012079418
sparse_bayesian_keep2_proposed_rep00_seed12026,sparse,bayesian_keep2,proposed,0,12026,61,61,122,natural_mean,40,1,50,23.0,-74,1024,4,1000.0,10,paper_reference_kkt,update,coordinated_aggregate,True,bayesian,0.02,1561,0.118,2.361750906898208,0.11613980473190542,0.118,2.361750906898208,0.11613980473190542,0.138,2.3669435455356225,0.10115724158287048,4.212388239229176,2.1017054457313735,2.1106827934978023,9.99999999999904e-05,10000.000000000962,9999.999999397567,10000.00000170958,2.3082817291600284e-08,6.454005427742935e-06,1.7095808289013803e-06,0.03360528513899959,0.003604799509048462,0.0,0.0,0.0,6.808850849095329e-07,1.4814941096119583e-07,3122,190442,4,244,0.1807041989871141,0.18070423821005532,0.08902946828955798,0.007484402643297259,0.19952623149688797,1.9462469810154514e-07,0.03576605625501559,0.03360529017254023,1.3038247453253043e-06,0.9543149062101893,0.9030813854692741,0.09990615520730863,0.09990613173089129,0.09312940422805893,0.0074123440736359085,0.1995262307068065,2.157592361631439e-12,7.857178323791998e-07,6.808847346450173e-07,3.2715898062694653e-16,0.9551291756094621,0.8665766353606473,0.2615022427669196,0.26150234468921935,0.08492953235105702,0.0075564612129586095,0.19952623149688797,1.946246980895857e-07,0.03576605624638517,0.03360529016564245,2.6076494903234497e-06,0.9535006368109166,0.9395861355779009,2145.08809519466
sparse_bayesian_keep2_proposed_rep00_seed12026,sparse,bayesian_keep2,proposed,0,12026,62,62,124,natural_mean,40,1,50,23.0,-74,1024,4,1000.0,10,paper_reference_kkt,update,coordinated_aggregate,True,bayesian,0.02,1561,0.1226,2.358616552727582,0.11051467039346695,0.1226,2.358616552727582,0.11051467039346695,0.1397,2.3641380306490145,0.09926969661563634,4.222934264833362,2.112425368822829,2.1105088960105327,9.999999999999006e-05,10000.000000000997,9999.999999533775,10000.00000174391,2.343810334975329e-08,6.553573788532153e-06,1.7439106159145012e-06,0.033398728690575426,0.0033465996384620667,0.0,0.0,0.0,7.582667472521585e-07,1.8098944565281272e-07,3122,193564,4,248,0.17951009381567007,0.17951005943882983,0.09132032402381932,0.007350554103623317,0.19952623149688797,1.9690225177380508e-07,0.03551555732657066,0.03339873165171597,1.3081568272497386e-06,0.9519942273449363,0.8738055618502022,0.10776252537971928,0.10776250810500632,0.08206409455628694,0.0070255285723336254,0.19952623091723953,2.2504256132418813e-12,9.393622906843092e-07,7.58266209711479e-07,3.5531188311871086e-16,0.9500401328790492,0.8072138432006879,0.25125766225162083,0.25125761077265335,0.1005765534913517,0.0076755796349130085,0.19952623149688797,1.9690225176094484e-07,0.03551555731414791,0.03339873164310834,2.6163136541441655e-06,0.9539483218108235,0.9403972804997165,2173.3490881058387
sparse_bayesian_keep2_proposed_rep00_seed12026,sparse,bayesian_keep2,proposed,0,12026,63,63,126,natural_mean,40,1,50,23.0,-74,1024,4,1000.0,10,paper_reference_kkt,update,coordinated_aggregate,True,bayesian,0.02,1561,0.128,2.3679498248710815,0.11310029113054278,0.128,2.3679498248710815,0.11310029113054278,0.1428,2.360230914187205,0.09347455816566945,4.205473396650128,2.1034444399429835,2.102028956707145,9.999999999998983e-05,10000.000000001019,9999.99999954056,10000.000001742716,2.3439559613892087e-08,6.554258044369885e-06,1.7427155398763716e-06,0.03393414244083219,0.0075018759816884995,0.0,0.0,0.0,7.786151180577169e-07,2.046344889095053e-07,3122,196686,4,252,0.24733363211720805,0.24733369778431594,0.09506798391796698,0.00787037632369517,0.19952623149688797,1.9182644507554707e-07,0.03472454013021106,0.033934143090065254,1.308745890240543e-06,0.9490835105036654,0.9047056448768412,0.11463499100204681,0.11463501733659631,0.08983167571549833,0.007577034992565884,0.19952623140279235,2.251066740089847e-12,9.356402844252988e-07,7.786148366730412e-07,3.5241588249215346e-16,0.9475219185094349,0.8321732449854269,0.38003227323236927,0.38003237823203556,0.10030429212043562,0.008163717654824456,0.19952623149688797,1.9182644506233904e-07,0.03472454011760581,0.03393414308113264,2.6174917801286704e-06,0.9506451024978958,0.9772380447682556,2202.5963473445736
sparse_bayesian_keep2_proposed_rep00_seed12026,sparse,bayesian_keep2,proposed,0,12026,64,64,128,natural_mean,40,1,50,23.0,-74,1024,4,1000.0,10,paper_reference_kkt,update,coordinated_aggregate,True,bayesian,0.02,1561,0.1332,2.3548631659176054,0.09433913298040633,0.1332,2.3548631659176054,0.09433913298040633,0.1413,2.3612814416573022,0.09910073811858892,4.1980496488082,2.0948514176173423,2.103198231190858,9.999999999998964e-05,10000.000000001039,9999.999999488151,10000.000001877734,2.3737893240432022e-08,6.637777749711673e-06,1.87773366633337e-06,0.03305875780042913,0.00391213595867157,0.0,0.0,0.0,7.335533725395159e-07,1.815005816752091e-07,3122,199808,4,256,0.1665368238558194,0.1665368266626816,0.09661274823830877,0.007646825773149303,0.19952623149688797,1.9297028967075245e-07,0.03503560526796564,0.033058757552688015,1.3087413058313803e-06,0.9538484474933964,0.9115603954272626,0.08632172889285353,0.0863217623567566,0.09687700192184497,0.0075785124499914295,0.19952623100059141,2.181554565029429e-12,8.340143492135492e-07,7.335529864553052e-07,3.3553878126166326e-16,0.9527130130172694,0.8795448203524848,0.24675191881878525,0.24675189096860659,0.09634849455477258,0.007715139096307175,0.19952623149688797,1.9297028965842108e-07,0.035035605258038886,0.033058757544549476,2.6174826113272216e-06,0.9549838819695233,0.9435759705020406,2231.2141737286
sparse_bayesian_keep2_proposed_rep00_seed12026,sparse,bayesian_keep2,proposed,0,12026,65,65,130,natural_mean,40,1,50,23.0,-74,1024,4,1000.0,10,paper_reference_kkt,update,coordinated_aggregate,True,bayesian,0.02,1561,0.1297,2.36839031678328,0.11632105724453927,0.1297,2.36839031678328,0.11632105724453927,0.1419,2.3613631619548365,0.10211750258803369,4.206274630203399,2.099454405388349,2.10682022481505,9.999999999998946e-05,10000.000000001055,9999.999999490583,10000.000002063798,2.4053965252245347e-08,6.726185556252374e-06,2.0637980924220756e-06,0.03361055834813895,0.0059555284678936005,0.0,0.0,0.0,7.89563943564119e-07,1.8606442608870566e-07,3122,202930,4,260,0.17573946192679374,0.17573946894156442,0.08167040358744396,0.007159990767273906,0.19952623149688797,1.9393217550423918e-07,0.035444800385742485,0.033610561982663434,1.3158964728297877e-06,0.9527455499934998,0.8949146992156516,0.10816815937786473,0.10816814697569524,0.08505765534913518,0.006813211828088756,0.19952623148823645,2.270974781788579e-12,9.381949819256409e-07,7.895647174245973e-07,3.6527930745945863e-16,0.9507206221685184,0.8415785213661555,0.24331076447572272,0.2433107909074336,0.07828315182575273,0.007506769706459055,0.19952623149688797,1.9393217549094246e-07,0.035444800373325855,0.03361056197338938,2.631792945294296e-06,0.9547704778184811,0.9482508770651475,2260.0719258487225
sparse_bayesian_keep2_proposed_rep00_seed12026,sparse,bayesian_keep2,proposed,0,12026,66,66,132,natural_mean,40,1,50,23.0,-74,1024,4,1000.0,10,paper_reference_kkt,update,coordinated_aggregate,True,bayesian,0.02,1561,0.1454,2.3628834297239374,0.09486785939812661,0.1454,2.3628834297239374,0.09486785939812661,0.1442,2.3571268438584707,0.09871928046047687,4.204348432567437,2.0963393706213647,2.1080090619460723,9.999999999998927e-05,10000.000000001079,9999.99999949413,10000.000002092527,2.445324411634525e-08,6.837887642507156e-06,2.092527211061679e-06,0.032316145941118535,0.003227020613849163,0.0,0.0,0.0,7.388767711165048e-07,2.135911927325651e-07,3122,206052,4,264,0.19046058246846703,0.19046053722888262,0.0931053811659193,0.007860772123292312,0.19952623149688797,1.9312714271000898e-07,0.03458057407948877,0.032316150346502544,1.31691227553229e-06,0.9537382550683584,0.8871596803054003,0.10864369929620861,0.1086436881042096,0.0842568866111467,0.007833718944278825,0.19952623127822383,2.187271719560934e-12,8.79822514899187e-07,7.388766787295261e-07,3.357618625436085e-16,0.9530515874843482,0.8398020235455035,0.27227746564072547,0.27227738635355564,0.10195387572069187,0.007887825302305798,0.19952623149688797,1.9312714269762294e-07,0.03458057406829625,0.0323161503380557,2.633824550728818e-06,0.9544249226523687,0.934517337065297,2288.3570938627236
sparse_bayesian_keep2_proposed_rep00_seed12026,sparse,bayesian_keep2,proposed,0,12026,67,67,134,natural_mean,40,1,50,23.0,-74,1024,4,1000.0,10,paper_reference_kkt,update,coordinated_aggregate,True,bayesian,0.02,1561,0.1263,2.360140330118781,0.12022419024080037,0.1263,2.360140330118781,0.12022419024080037,0.1433,2.3625059184655255,0.10656329887807368,4.187778004974305,2.097583375252028,2.090194629722277,9.999999999998899e-05,10000.000000001102,9999.999999403586,10000.000002182012,2.492094161243453e-08,6.968724081977124e-06,2.1820123947691172e-06,0.0327200970311078,0.0037065446376800537,0.0,0.0,0.0,7.497370547247333e-07,1.6012927517294884e-07,3122,209174,4,268,0.17229306390921867,0.1722930816864528,0.07313482571417634,0.007060228504773943,0.19952623149688797,1.945399597042596e-07,0.033928940193710386,0.03272008524176463,1.327058760988252e-06,0.9570223239678435,0.9299051355688122,0.07451475669877479,0.07451474459649489,0.07703518634186966,0.0072176052447362905,0.19952623098924174,2.2752980278031142e-12,8.372835700665571e-07,7.497366340572208e-07,3.628159996796112e-16,0.958221282550596,0.8954393334300189,0.27007137111966256,0.2700714187764107,0.06923446508648302,0.006902851764811596,0.19952623149688797,1.945399596909539e-07,0.03392894018337932,0.03272008523317503,2.654117521613688e-06,0.9558233653850909,0.9643709377076055,2317.4732924969867
sparse_bayesian_keep2_proposed_rep00_seed12026,sparse,bayesian_keep2,proposed,0,12026,68,68,136,natural_mean,40,1,50,23.0,-74,1024,4,1000.0,10,paper_reference_kkt,update,coordinated_aggregate,True,bayesian,0.02,1561,0.133,2.3672016658372605,0.12599267842233186,0.133,2.3672016658372605,0.12599267842233186,0.1425,2.3568838902895553,0.10746528172492978,4.1782203772907,2.0873240939191513,2.090896283371548,9.99999999999887e-05,10000.000000001131,9999.999999431939,10000.000002212288,2.513637541179938e-08,7.0292114755884005e-06,2.2122876544017345e-06,0.032758957521810225,0.0035125426948070526,0.0,0.0,0.0,8.193673507933994e-07,3.220484359189868e-07,3122,212296,4,272,0.12604687183401156,0.12604683473820505,0.08053331197950032,0.007011827100451677,0.19952623149688797,1.9231152672724643e-07,0.03517274538115791,0.03275896079543637,1.326883200317395e-06,0.9563586585295448,0.9158678555756379,0.06435142136950399,0.06435143985076876,0.07527226137091608,0.006834448530577388,0.1995262314824125,2.239240338809058e-12,9.100414990899177e-07,8.193669822785733e-07,3.51504127402523e-16,0.9573496173324918,0.9003622260676072,0.18774232229851914,0.18774222962564135,0.08579436258808457,0.007189205670325966,0.19952623149688797,1.9231152671420977e-07,0.03517274536938494,0.03275896078518937,2.653766400283286e-06,0.9553676997265979,0.9313734850836687,2345.6848319098353
sparse_bayesian_keep2_proposed_rep00_seed12026,sparse,bayesian_keep2,proposed,0,12026,69,69,138,natural_mean,40,1,50,23.0,-74,1024,4,1000.0,10,paper_reference_kkt,update,coordinated_aggregate,True,bayesian,0.02,1561,0.1369,2.3549358968718517,0.09562550775915388,0.1369,2.3549358968718517,0.09562550775915388,0.1481,2.3481850745350785,0.09485940409153701,4.182937710422644,2.092286552444367,2.0906511579782774,9.999999999998853e-05,10000.00000000115,9999.999999401829,10000.000002258008,2.536312264096008e-08,7.092718563861808e-06,2.2580079530598596e-06,0.032338684878062976,0.004550411365926266,0.0,0.0,0.0,7.019103839227227e-07,1.3851786206942052e-07,3122,215418,4,276,0.1937353917646206,0.19373541691299045,0.09922405574695484,0.00762621092651232,0.19952623149688797,1.9625446702018184e-07,0.033893597631436095,0.032338676998634734,1.3289419637822148e-06,0.954497787768064,0.9369394434448699,0.10645041769300895,0.10645043609138488,0.10008167971940614,0.007348847412326071,0.19952623111947992,2.3431941460023e-12,7.631487492011636e-07,7.019102069310026e-07,3.904229547836619e-16,0.9554433741970579,0.919755416359714,0.28102036583623224,0.28102039773459603,0.09836643177450352,0.007903574440698568,0.19952623149688797,1.9625446700619346e-07,0.03389359762284456,0.032338676991017265,2.6578839271740066e-06,0.9535522013390701,0.9541234705300258,2373.646356558893
sparse_bayesian_keep2_proposed_rep00_seed12026,sparse,bayesian_keep2,proposed,0,12026,70,70,140,natural_mean,40,1,50,23.0,-74,1024,4,1000.0,10,paper_reference_kkt,update,coordinated_aggregate,True,bayesian,0.02,1561,0.135,2.347943565352253,0.11657076769798991,0.135,2.347943565352253,0.11657076769798991,0.147,2.347717316080575,0.09732554706335066,4.194467724293886,2.1030590808178276,2.091408643476058,9.999999999998812e-05,10000.000000001191,9999.999999483354,10000.000002548519,2.5807593776030524e-08,7.217271910470538e-06,2.5485187507001683e-06,0.03255511208940992,0.004142582416534424,0.0,0.0,0.0,8.111768054732087e-07,2.9051079764030874e-07,3122,218540,4,280,0.177122374192709,0.177122384857499,0.08655576272935658,0.007324243639880056,0.19952623149688797,1.9457800138412895e-07,0.03403343475239769,0.03255511685437279,1.3314874182577955e-06,0.9527527003688645,0.9153185993979107,0.09651415349664447,0.09651416148254761,0.08364964205064143,0.0071068541353366274,0.19952623137912512,2.294476758841641e-12,9.280418965734425e-07,8.111775873072432e-07,3.762558564408893e-16,0.9515388861511566,0.8740743224978633,0.2577305948887735,0.2577306082324504,0.08946188340807175,0.007541633144423484,0.19952623149688797,1.9457800137060065e-07,0.03403343473974452,0.032555116844266714,2.662974836139335e-06,0.9539665145865724,0.9565628762979581,2401.743105039932
sparse_bayesian_keep2_proposed_rep00_seed12026,sparse,bayesian_keep2,proposed,0,12026,71,71,142,natural_mean,40,1,50,23.0,-74,1024,4,1000.0,10,paper_reference_kkt,update,coordinated_aggregate,True,bayesian,0.02,1561,0.1389,2.3471242683721694,0.1003020975714922,0.1389,2.3471242683721694,0.1003020975714922,0.1497,2.3422430619717276,0.09046526214927436,4.170684830000102,2.0899062041022907,2.0807786258978114,9.99999999999878e-05,10000.000000001222,9999.999999491443,10000.00000252577,2.610422980896425e-08,7.300455965337436e-06,2.525770469219424e-06,0.032831296819573016,0.004909053444862366,0.0,0.0,0.0,7.534131611829224e-07,1.485168468207121e-07,3122,221662,4,284,0.21643242858592426,0.2164324312914324,0.10930577006771677,0.00812316944277224,0.19952623149688797,1.9132428153948303e-07,0.033886353303364904,0.03283128258134079,1.3382231068004477e-06,0.9586384997947685,0.9257110246351152,0.08816810126059546,0.08816808750976766,0.1045660564711158,0.00816603305064232,0.19952623137938386,2.259688441220853e-12,8.536692913195482e-07,7.534123113321223e-07,3.565761488911079e-16,0.958820975265897,0.882557569651468,0.34469675591125304,0.3446967750730971,0.11404548366431774,0.00808030583490216,0.19952623149688797,1.9132428152613868e-07,0.03388635329261203,0.03283128257269614,2.676446213244319e-06,0.9584560243236399,0.9688644796187624,2430.3191133299842
sparse_bayesian_keep2_proposed_rep00_seed12026,sparse,bayesian_keep2,proposed,0,12026,72,72,144,natural_mean,40,1,50,23.0,-74,1024,4,1000.0,10,paper_reference_kkt,update,coordinated_aggregate,True,bayesian,0.02,1561,0.1378,2.3539279891058764,0.10362944183945655,0.1378,2.3539279891058764,0.10362944183945655,0.1502,2.3394078141696246,0.09068823698461055,4.177800170943941,2.091518424092894,2.086281746851047,9.99999999999875e-05,10000.000000001253,9999.999999529637,10000.000002640647,2.6426896281461907e-08,7.390896212334062e-06,2.640646926010959e-06,0.03156643350278997,0.0026915520429611206,0.0,0.0,0.0,7.935341689324517e-07,1.7018464859575033e-07,3122,224784,4,288,0.20510905816612013,0.2051090919343313,0.10398863512440928,0.007898762613492816,0.19952623149688797,1.9059134807709112e-07,0.03413786187549733,0.03156643467650841,1.3367575768007999e-06,0.9505280899012569,0.8544762354724198,0.12289488563480092,0.1228948774928201,0.1007543362321626,0.007466077838231648,0.19952623128368177,2.4110872422972065e-12,1.0118019714255308e-06,7.935332723133153e-07,4.162578678068187e-16,0.9473095444877564,0.7842772201605289,0.2873232306974393,0.28732330637584247,0.10722293401665599,0.008331447388753983,0.19952623149688797,1.9059134806184032e-07,0.034137861860503084,0.031566434666534283,2.673515153185342e-06,0.9537466353147573,0.9246752507843106,2459.3566465876065
sparse_bayesian_keep2_proposed_rep00_seed12026,sparse,bayesian_keep2,proposed,0,12026,73,73,146,natural_mean,40,1,50,23.0,-74,1024,4,1000.0,10,paper_reference_kkt,update,coordinated_aggregate,True,bayesian,0.02,1561,0.1416,2.348381344988919,0.09790502942830326,0.1416,2.348381344988919,0.09790502942830326,0.1487,2.3410398038818423,0.09938517187535764,4.166391194080026,2.0809143627614195,2.0854768313186067,9.999999999998728e-05,10000.000000001275,9999.999999551008,10000.00000269007,2.640854311120412e-08,7.386099278267013e-06,2.6900706870947033e-06,0.033479738880247946,0.004933338612318039,0.0,0.0,0.0,7.843892503687922e-07,1.7317142919637263e-07,3122,227906,4,292,0.20050650745847326,0.20050650494545963,0.09850256245996156,0.00828793506050965,0.19952623149688797,1.9634535227031366e-07,0.0345203057940249,0.03347973326076638,1.341092294071979e-06,0.9571924597233297,0.9178654950393941,0.08443729885637875,0.08443731370315628,0.10145739910313901,0.008199961411177997,0.1995262313431859,2.2677133687570585e-12,9.058921386336613e-07,7.843891792709052e-07,3.569482325580649e-16,0.9579491357802834,0.8658747959708429,0.3165757160605678,0.316575696187763,0.09554772581678411,0.008375908709841305,0.19952623149688797,1.9634535225721805e-07,0.034520305782138556,0.03347973325157774,2.6821845877870097e-06,0.956435783666376,0.9698561941079452,2487.703096993733
sparse_bayesian_keep2_proposed_rep00_seed12026,sparse,bayesian_keep2,proposed,0,12026,74,74,148,natural_mean,40,1,50,23.0,-74,1024,4,1000.0,10,paper_reference_kkt,update,coordinated_aggregate,True,bayesian,0.02,1561,0.1418,2.3395266008202396,0.10382924140065909,0.1418,2.3395266008202396,0.10382924140065909,0.1499,2.3408911116482334,0.10117139575481415,4.174691858917297,2.0820411564578594,2.0926507024594376,9.999999999998698e-05,10000.0000000013,9999.999999495822,10000.000002759423,2.6657786195230067e-08,7.456024484821889e-06,2.759423296083696e-06,0.031461265522491205,0.004231169819831848,0.0,0.0,0.0,8.128674625388612e-07,2.026627043960616e-07,3122,231028,4,296,0.18525207891137063,0.18525209550360697,0.09523542600896862,0.0072091942729295005,0.19952623149688797,1.98561338837083e-07,0.0330721999421557,0.031461269202868646,1.344981607300299e-06,0.9539982132500227,0.9071778766105826,0.09266997891853865,0.09266997288528635,0.09698910954516336,0.007324340203258516,0.1995262313153428,2.2863218665430397e-12,9.418373912764498e-07,8.128670685934244e-07,3.695320525062661e-16,0.9519104215538244,0.8630652176559376,0.27783417890420264,0.2778342181219276,0.09348174247277387,0.007094048342600486,0.19952623149688797,1.9856133882392013e-07,0.03307219992874477,0.031461269192367594,2.6899632142310658e-06,0.9560860049462208,0.9512905355652276,2516.336100627668
sparse_bayesian_keep2_proposed_rep00_seed12026,sparse,bayesian_keep2,proposed,0,12026,75,75,150,natural_mean,40,1,50,23.0,-74,1024,4,1000.0,10,paper_reference_kkt,update,coordinated_aggregate,True,bayesian,0.02,1561,0.1479,2.344175136324732,0.09583528533428906,0.1479,2.344175136324732,0.09583528533428906,0.1491,2.3398932006981483,0.10390078681856392,4.16997958082802,2.0849142305893644,2.0850653502386556,9.999999999998655e-05,10000.000000001344,9999.99999951501,10000.00000287895,2.7310177855411894e-08,7.638645902857487e-06,2.878950908780098e-06,0.03139651985887113,0.0033735595643520355,0.0,0.0,0.0,8.017123572637904e-07,2.082761056954041e-07,3122,234150,4,300,0.16182190649959488,0.16182192286857597,0.10035233824471493,0.007883930204777912,0.19952623149688797,1.9363366109143555e-07,0.03342038119649309,0.03139652522823268,1.3450226941928906e-06,0.9566065339368353,0.907576299669611,0.06971176374640685,0.06971177011587225,0.09700512491992312,0.007687536985642484,0.19952623106422382,2.234971096572595e-12,9.154996810877786e-07,8.01712278451133e-07,3.7268682660916697e-16,0.9554015039999185,0.8757100508438594,0.2539320492527829,0.2539320756212797,0.10369955156950672,0.00808032342391334,0.19952623149688797,1.9363366107853723e-07,0.03342038118395374,0.03139652521799679,2.6900453880130943e-06,0.9578115638737521,0.9394425484953625,2545.1541025536135
sparse_bayesian_keep2_proposed_rep00_seed12026,sparse,bayesian_keep2,proposed,0,12026,76,76,152,natural_mean,40,1,50,23.0,-74,1024,4,1000.0,10,paper_reference_kkt,update,coordinated_aggregate,True,bayesian,0.02,1561,0.1483,2.3457107780801714,0.10498208292633297,0.1483,2.3457107780801714,0.10498208292633297,0.1517,2.336268083733784,0.10402997031509875,4.18915712800225,2.0935453638641777,2.0956117641380723,9.999999999998607e-05,10000.000000001393,9999.999999461274,10000.000003044244,2.7980535723767705e-08,7.826322737631598e-06,3.0442442948697135e-06,0.032181004403387135,0.00495524238795042,0.0,0.0,0.0,8.163701171580676e-07,2.2830499801784754e-07,3122,237272,4,304,0.19859452940374875,0.19859442443904318,0.10580740450709039,0.007980249119896001,0.19952623149688797,1.947300112584624e-07,0.03267476665533928,0.03218100854426983,1.3507970328184194e-06,0.9571154457713729,0.9424644877440305,0.055562792876428534,0.05556276487211653,0.11433742272334156,0.007948543053248837,0.1995262310007911,2.315987762940196e-12,9.070374550995905e-07,8.16370187021125e-07,3.8813572664086575e-16,0.9577507088705454,0.9000402784130135,0.341626265931069,0.34162608400596983,0.09727738629083921,0.008011955186543167,0.19952623149688797,1.9473001124469002e-07,0.03267476664274979,0.03218100853391496,2.701594065248703e-06,0.9564801826722003,0.9848886970750474,2573.417014042847
sparse_bayesian_keep2_proposed_rep00_seed12026,sparse,bayesian_keep2,proposed,0,12026,77,77,154,natural_mean,40,1,50,23.0,-74,1024,4,1000.0,10,paper_reference_kkt,update,coordinated_aggregate,True,bayesian,0.02,1561,0.1457,2.3308417299079314,0.10048462674379348,0.1457,2.3308417299079314,0.10048462674379348,0.1522,2.331763565008709,0.10115040777921677,4.176793631976452,2.0805750135872993,2.0962186183891522,9.999999999998576e-05,10000.000000001428,9999.999999445605,10000.000003179857,2.864818909591332e-08,8.013103477860243e-06,3.1798572308616713e-06,0.031290459841395134,0.005034225527197123,0.0,0.0,0.0,8.087539522050859e-07,1.9894469005521387e-07,3122,240394,4,308,0.2261783397595842,0.22617831178506437,0.10215482751908977,0.007619629254064073,0.19952623149688797,1.9138038058388227e-07,0.03235357024365163,0.03129046136722571,1.349086358167038e-06,0.9539433954853733,0.9057954616570496,0.09852486116745153,0.0985248589900881,0.0948605839299156,0.007086285333432715,0.19952623124548605,2.3919156404266786e-12,9.577282523555528e-07,8.087537802596088e-07,4.278914211316172e-16,0.9509713843535177,0.8444501403548641,0.3538318183517169,0.3538317645800406,0.10944907110826393,0.00815297317469543,0.19952623149688797,1.9138038056893492e-07,0.032353570229476325,0.031290461356773915,2.6981727159061847e-06,0.956915406617229,0.9671407829592351,2602.4413915867917
sparse_bayesian_keep2_proposed_rep00_seed12026,sparse,bayesian_keep2,proposed,0,12026,78,78,156,natural_mean,40,1,50,23.0,-74,1024,4,1000.0,10,paper_reference_kkt,update,coordinated_aggregate,True,bayesian,0.02,1561,0.1372,2.3384707338445727,0.11489070194721228,0.1372,2.3384707338445727,0.11489070194721228,0.1509,2.3296189421657245,0.10379400838166475,4.1445302170740215,2.078343336435246,2.0661868806387753,9.999999999998544e-05,10000.000000001459,9999.999999529216,10000.000003117942,2.8893080108728556e-08,8.081858813904106e-06,3.1179424695437774e-06,0.032052890645303145,0.004164885729551315,0.0,0.0,0.0,8.750219545470348e-07,2.832457539625466e-07,3122,243516,4,312,0.17885783558015478,0.17885783632605723,0.08862107623318385,0.0072747012204236305,0.19952623149688797,1.9585919246215967e-07,0.03416357948204694,0.0320528870245078,1.3503302012592166e-06,0.9573087944160952,0.8905424319155852,0.10232906970482437,0.10232908565932616,0.0975976937860346,0.007145229954409264,0.19952623149498888,2.3316447534529906e-12,1.0381491856204367e-06,8.750215417369219e-07,3.9442433348371134e-16,0.9566997127401119,0.8428668239873969,0.2553866014554852,0.25538658699278827,0.07964445868033312,0.007404172486437997,0.19952623149688797,1.9585919244828093e-07,0.034163579466273505,0.03205288701256406,2.700660402124009e-06,0.9579178760920783,0.9382180398437737,2630.5946508669294
sparse_bayesian_keep2_proposed_rep00_seed12026,sparse,bayesian_keep2,proposed,0,12026,79,79,158,natural_mean,40,1,50,23.0,-74,1024,4,1000.0,10,paper_reference_kkt,update,coordinated_aggregate,True,bayesian,0.02,1561,0.1525,2.3127252617653737,0.07184194675654175,0.1525,2.3127252617653737,0.07184194675654175,0.1523,2.3278556632474947,0.10279303967505696,4.1591507739148605,2.0716238150776736,2.087526958837187,9.999999999998514e-05,10000.000000001492,9999.99999947787,10000.000003156756,2.951011726026241e-08,8.254446818270826e-06,3.156756065436639e-06,0.03186539431042307,0.0028669610619544983,0.0,0.0,0.0,7.888328495143013e-07,1.3325916370376945e-07,3122,246638,4,316,0.20128122122596226,0.2012812287461402,0.10458840486867393,0.0075230042268929365,0.19952623149688797,1.929103763959178e-07,0.03447111702073723,0.03186539606627419,1.357762738782927e-06,0.954697306894608,0.9014487669906428,0.10501111696844749,0.10501113351880476,0.10017616912235747,0.00704863688200483,0.19952623052747448,2.4746215678273407e-12,8.979424388522566e-07,7.8883251056514e-07,4.2975532450323527e-16,0.9527747086743418,0.878488893064082,0.297551325483477,0.29755132397347567,0.10900064061499039,0.007997371571781044,0.19952623149688797,1.9291037638004578e-07,0.03447111700904192,0.031865396056510356,2.7155254771360988e-06,0.9566199051148742,0.9244086409172035,2658.7900804146193
sparse_bayesian_keep2_proposed_rep00_seed12026,sparse,bayesian_keep2,proposed,0,12026,80,80,160,natural_mean,40,1,50,23.0,-74,1024,4,1000.0,10,paper_reference_kkt,update,coordinated_aggregate,True,bayesian,0.02,1561,0.145,2.336932267484421,0.09835302983790636,0.145,2.336932267484421,0.09835302983790636,0.1493,2.3282280910219866,0.1050138261333108,4.152446763889927,2.0715404574961123,2.080906306393815,9.999999999998491e-05,10000.000000001512,9999.999999481908,10000.000003250785,3.0076751043398833e-08,8.412847798539542e-06,3.250785084674135e-06,0.0324556732520961,0.0038586705923080444,0.0,0.0,0.0,8.144305814147789e-07,3.049517545150593e-07,3122,249760,4,320,0.22849377768607215,0.22849383774372273,0.09452351837481787,0.007582385796910193,0.19952623149688797,1.9344321921086694e-07,0.03370576831539161,0.03245567171436911,1.3562328521777272e-06,0.9533056772028174,0.932940574323117,0.11452405033385046,0.11452404659191413,0.09697464725572158,0.007139297531667937,0.19952623144098194,2.35434324873417e-12,9.019463769757649e-07,8.144301708243123e-07,3.955516741317851e-16,0.9504554616896286,0.9029696082757638,0.34246350503829387,0.34246362889553134,0.09207238949391416,0.00802547406215245,0.19952623149688797,1.934432191965399e-07,0.033705768303323835,0.03245567170415061,2.7124657039599027e-06,0.9561558927160064,0.9629115403704702,2687.976933663711
