schema_version,run_id,round,method,eval_scope,physical_client_id,virtual_client_id,bin_id,bin_left,bin_right,bin_count,bin_accuracy,bin_confidence,bin_gap,ece_contribution,nll_mean,brier_mean
bayesfl_observability_v1,vi_lr0p0005_b64_e2,0,vi,global_test,,,0,0.0,0.06666666666666667,0,,,,,,
bayesfl_observability_v1,vi_lr0p0005_b64_e2,0,vi,global_test,,,1,0.06666666666666667,0.13333333333333333,125,0.056,0.1293582951426506,0.0733582951426506,0.0009169786892831326,2.34108317565918,0.9074617972373963
bayesfl_observability_v1,vi_lr0p0005_b64_e2,0,vi,global_test,,,2,0.13333333333333333,0.2,6738,0.10685663401602849,0.1701234976627523,0.06326686364672382,0.04262921272516251,2.3697456791267157,0.9124786992496254
bayesfl_observability_v1,vi_lr0p0005_b64_e2,0,vi,global_test,,,3,0.2,0.26666666666666666,2742,0.12107950401167031,0.22369198065270132,0.10261247664103101,0.028136341094970704,2.407698221053632,0.9214751804770561
bayesfl_observability_v1,vi_lr0p0005_b64_e2,0,vi,global_test,,,4,0.26666666666666666,0.3333333333333333,354,0.16666666666666666,0.28878133849235577,0.12211467182568911,0.004322859382629394,2.3453631862408697,0.9141256442177768
bayesfl_observability_v1,vi_lr0p0005_b64_e2,0,vi,global_test,,,5,0.3333333333333333,0.4,38,0.07894736842105263,0.35224678641871404,0.27329941799766144,0.0010385377883911134,2.6551895816075173,1.0014380514621735
bayesfl_observability_v1,vi_lr0p0005_b64_e2,0,vi,global_test,,,6,0.4,0.4666666666666667,3,0.0,0.43029486139615375,0.43029486139615375,0.00012908845841884612,3.0693607330322266,1.1418745915095012
bayesfl_observability_v1,vi_lr0p0005_b64_e2,0,vi,global_test,,,7,0.4666666666666667,0.5333333333333333,0,,,,,,
bayesfl_observability_v1,vi_lr0p0005_b64_e2,0,vi,global_test,,,8,0.5333333333333333,0.6,0,,,,,,
bayesfl_observability_v1,vi_lr0p0005_b64_e2,0,vi,global_test,,,9,0.6,0.6666666666666666,0,,,,,,
bayesfl_observability_v1,vi_lr0p0005_b64_e2,0,vi,global_test,,,10,0.6666666666666666,0.7333333333333333,0,,,,,,
bayesfl_observability_v1,vi_lr0p0005_b64_e2,0,vi,global_test,,,11,0.7333333333333333,0.8,0,,,,,,
bayesfl_observability_v1,vi_lr0p0005_b64_e2,0,vi,global_test,,,12,0.8,0.8666666666666667,0,,,,,,
bayesfl_observability_v1,vi_lr0p0005_b64_e2,0,vi,global_test,,,13,0.8666666666666667,0.9333333333333333,0,,,,,,
bayesfl_observability_v1,vi_lr0p0005_b64_e2,0,vi,global_test,,,14,0.9333333333333333,1.0,0,,,,,,
bayesfl_observability_v1,vi_lr0p0005_b64_e2,1,vi,global_test,,,0,0.0,0.06666666666666667,0,,,,,,
bayesfl_observability_v1,vi_lr0p0005_b64_e2,1,vi,global_test,,,1,0.06666666666666667,0.13333333333333333,92,0.11956521739130435,0.12984988595480504,0.010284668563500687,9.461895078420632e-05,2.2798929525458296,0.8966058894343998
bayesfl_observability_v1,vi_lr0p0005_b64_e2,1,vi,global_test,,,2,0.13333333333333333,0.2,5336,0.10888305847076461,0.17116508615025874,0.06228202767949413,0.03323368996977807,2.3588731586486325,0.9103896268482866
bayesfl_observability_v1,vi_lr0p0005_b64_e2,1,vi,global_test,,,3,0.2,0.26666666666666666,3391,0.12326747272191094,0.22701106719020123,0.10374359446829029,0.035179452884197236,2.40085034748686,0.9204938823021608
bayesfl_observability_v1,vi_lr0p0005_b64_e2,1,vi,global_test,,,4,0.26666666666666666,0.3333333333333333,911,0.12952799121844127,0.2929000578060108,0.16337206658756953,0.014883195266127584,2.483276465459922,0.9446573896020749
bayesfl_observability_v1,vi_lr0p0005_b64_e2,1,vi,global_test,,,5,0.3333333333333333,0.4,200,0.145,0.36013971254229543,0.21513971254229544,0.004302794250845909,2.5397389870882034,0.9666051758825779
bayesfl_observability_v1,vi_lr0p0005_b64_e2,1,vi,global_test,,,6,0.4,0.4666666666666667,57,0.2982456140350877,0.41958674631620707,0.12134113228111937,0.0006916444540023803,2.2018542049223915,0.8759201979428007
bayesfl_observability_v1,vi_lr0p0005_b64_e2,1,vi,global_test,,,7,0.4666666666666667,0.5333333333333333,13,0.15384615384615385,0.4787041201041295,0.32485796625797564,0.00042231535613536836,2.884196217243488,1.046433265392597
bayesfl_observability_v1,vi_lr0p0005_b64_e2,1,vi,global_test,,,8,0.5333333333333333,0.6,0,,,,,,
bayesfl_observability_v1,vi_lr0p0005_b64_e2,1,vi,global_test,,,9,0.6,0.6666666666666666,0,,,,,,
bayesfl_observability_v1,vi_lr0p0005_b64_e2,1,vi,global_test,,,10,0.6666666666666666,0.7333333333333333,0,,,,,,
bayesfl_observability_v1,vi_lr0p0005_b64_e2,1,vi,global_test,,,11,0.7333333333333333,0.8,0,,,,,,
bayesfl_observability_v1,vi_lr0p0005_b64_e2,1,vi,global_test,,,12,0.8,0.8666666666666667,0,,,,,,
bayesfl_observability_v1,vi_lr0p0005_b64_e2,1,vi,global_test,,,13,0.8666666666666667,0.9333333333333333,0,,,,,,
bayesfl_observability_v1,vi_lr0p0005_b64_e2,1,vi,global_test,,,14,0.9333333333333333,1.0,0,,,,,,
bayesfl_observability_v1,vi_lr0p0005_b64_e2,2,vi,global_test,,,0,0.0,0.06666666666666667,0,,,,,,
bayesfl_observability_v1,vi_lr0p0005_b64_e2,2,vi,global_test,,,1,0.06666666666666667,0.13333333333333333,73,0.1506849315068493,0.1297194541317143,0.020965477375135017,0.00015304798483848562,2.419116679936239,0.9187646320421402
bayesfl_observability_v1,vi_lr0p0005_b64_e2,2,vi,global_test,,,2,0.13333333333333333,0.2,5968,0.10723860589812333,0.17171728177540424,0.06447867587728091,0.03848087376356125,2.3697922148269877,0.9115281821735423
bayesfl_observability_v1,vi_lr0p0005_b64_e2,2,vi,global_test,,,3,0.2,0.26666666666666666,3231,0.11668214175177964,0.2249131299317787,0.10823098817999906,0.034969432280957696,2.3983616600166493,0.9208294251908905
bayesfl_observability_v1,vi_lr0p0005_b64_e2,2,vi,global_test,,,4,0.26666666666666666,0.3333333333333333,623,0.1348314606741573,0.29078491240213616,0.15595345172797886,0.009715900042653084,2.4006571618550088,0.9306865546906167
bayesfl_observability_v1,vi_lr0p0005_b64_e2,2,vi,global_test,,,5,0.3333333333333333,0.4,95,0.11578947368421053,0.35955740213394166,0.24376792844973114,0.0023157953202724455,2.4909923252306485,0.9687245905399322
bayesfl_observability_v1,vi_lr0p0005_b64_e2,2,vi,global_test,,,6,0.4,0.4666666666666667,9,0.0,0.41771862904230755,0.41771862904230755,0.0003759467661380768,2.9215888447231717,1.0977839099036322
bayesfl_observability_v1,vi_lr0p0005_b64_e2,2,vi,global_test,,,7,0.4666666666666667,0.5333333333333333,1,0.0,0.49439358711242676,0.49439358711242676,4.9439358711242674e-05,3.1832282543182373,1.2051653861999512
bayesfl_observability_v1,vi_lr0p0005_b64_e2,2,vi,global_test,,,8,0.5333333333333333,0.6,0,,,,,,
bayesfl_observability_v1,vi_lr0p0005_b64_e2,2,vi,global_test,,,9,0.6,0.6666666666666666,0,,,,,,
bayesfl_observability_v1,vi_lr0p0005_b64_e2,2,vi,global_test,,,10,0.6666666666666666,0.7333333333333333,0,,,,,,
bayesfl_observability_v1,vi_lr0p0005_b64_e2,2,vi,global_test,,,11,0.7333333333333333,0.8,0,,,,,,
bayesfl_observability_v1,vi_lr0p0005_b64_e2,2,vi,global_test,,,12,0.8,0.8666666666666667,0,,,,,,
bayesfl_observability_v1,vi_lr0p0005_b64_e2,2,vi,global_test,,,13,0.8666666666666667,0.9333333333333333,0,,,,,,
bayesfl_observability_v1,vi_lr0p0005_b64_e2,2,vi,global_test,,,14,0.9333333333333333,1.0,0,,,,,,
bayesfl_observability_v1,vi_lr0p0005_b64_e2,3,vi,global_test,,,0,0.0,0.06666666666666667,0,,,,,,
bayesfl_observability_v1,vi_lr0p0005_b64_e2,3,vi,global_test,,,1,0.06666666666666667,0.13333333333333333,111,0.05405405405405406,0.12923612714082272,0.07518207308676866,0.0008345210112631321,2.3646852003561483,0.9104646063065743
bayesfl_observability_v1,vi_lr0p0005_b64_e2,3,vi,global_test,,,2,0.13333333333333333,0.2,5781,0.11382113821138211,0.17116713437257064,0.05734599616118853,0.033151720380783095,2.3524220009160235,0.9091791958158104
bayesfl_observability_v1,vi_lr0p0005_b64_e2,3,vi,global_test,,,3,0.2,0.26666666666666666,3245,0.11926040061633282,0.2259159007865953,0.10665550017026247,0.034609709805250174,2.3908158638811625,0.918964263874871
bayesfl_observability_v1,vi_lr0p0005_b64_e2,3,vi,global_test,,,4,0.26666666666666666,0.3333333333333333,716,0.16899441340782123,0.29166017322899906,0.12266575982117783,0.008782868403196333,2.3676654148701184,0.9192511259510531
bayesfl_observability_v1,vi_lr0p0005_b64_e2,3,vi,global_test,,,5,0.3333333333333333,0.4,117,0.23076923076923078,0.35448623722435063,0.12371700645511985,0.0014474889755249022,2.327315986665905,0.9056792903659691
bayesfl_observability_v1,vi_lr0p0005_b64_e2,3,vi,global_test,,,6,0.4,0.4666666666666667,25,0.24,0.4253741884231567,0.18537418842315673,0.00046343547105789185,2.495882759094238,0.9402291023731232
bayesfl_observability_v1,vi_lr0p0005_b64_e2,3,vi,global_test,,,7,0.4666666666666667,0.5333333333333333,5,0.2,0.4810719728469849,0.2810719728469849,0.00014053598642349243,2.8010515093803408,1.0125471532344819
bayesfl_observability_v1,vi_lr0p0005_b64_e2,3,vi,global_test,,,8,0.5333333333333333,0.6,0,,,,,,
bayesfl_observability_v1,vi_lr0p0005_b64_e2,3,vi,global_test,,,9,0.6,0.6666666666666666,0,,,,,,
bayesfl_observability_v1,vi_lr0p0005_b64_e2,3,vi,global_test,,,10,0.6666666666666666,0.7333333333333333,0,,,,,,
bayesfl_observability_v1,vi_lr0p0005_b64_e2,3,vi,global_test,,,11,0.7333333333333333,0.8,0,,,,,,
bayesfl_observability_v1,vi_lr0p0005_b64_e2,3,vi,global_test,,,12,0.8,0.8666666666666667,0,,,,,,
bayesfl_observability_v1,vi_lr0p0005_b64_e2,3,vi,global_test,,,13,0.8666666666666667,0.9333333333333333,0,,,,,,
bayesfl_observability_v1,vi_lr0p0005_b64_e2,3,vi,global_test,,,14,0.9333333333333333,1.0,0,,,,,,
bayesfl_observability_v1,vi_lr0p0005_b64_e2,4,vi,global_test,,,0,0.0,0.06666666666666667,0,,,,,,
bayesfl_observability_v1,vi_lr0p0005_b64_e2,4,vi,global_test,,,1,0.06666666666666667,0.13333333333333333,67,0.1791044776119403,0.12950937505533447,0.04959510255660582,0.000332287187129259,2.2957872312460372,0.8995695478880583
bayesfl_observability_v1,vi_lr0p0005_b64_e2,4,vi,global_test,,,2,0.13333333333333333,0.2,4366,0.1092533211177279,0.17244936711488926,0.06319604599716136,0.02759139368236065,2.327151159163303,0.9054723233462363
bayesfl_observability_v1,vi_lr0p0005_b64_e2,4,vi,global_test,,,3,0.2,0.26666666666666666,3654,0.12287903667214012,0.22832660397415808,0.10544756730201796,0.03853054109215737,2.3627453789922406,0.9155335791070538
bayesfl_observability_v1,vi_lr0p0005_b64_e2,4,vi,global_test,,,4,0.26666666666666666,0.3333333333333333,1318,0.1661608497723824,0.2940793195470874,0.12791846977470497,0.016859654316306115,2.357824040200895,0.9178530475709796
bayesfl_observability_v1,vi_lr0p0005_b64_e2,4,vi,global_test,,,5,0.3333333333333333,0.4,431,0.2088167053364269,0.35920631574367423,0.15038961040724733,0.0064817922085523595,2.3533603643043413,0.9199622942095843
bayesfl_observability_v1,vi_lr0p0005_b64_e2,4,vi,global_test,,,6,0.4,0.4666666666666667,109,0.1926605504587156,0.4269313445878685,0.23427079412915292,0.0025535516560077666,2.385229146261828,0.9505506956249202
bayesfl_observability_v1,vi_lr0p0005_b64_e2,4,vi,global_test,,,7,0.4666666666666667,0.5333333333333333,46,0.2608695652173913,0.4975040418946225,0.2366344766772312,0.0010885185927152635,2.4956599720146344,0.9514625973027685
bayesfl_observability_v1,vi_lr0p0005_b64_e2,4,vi,global_test,,,8,0.5333333333333333,0.6,5,0.2,0.5806262969970704,0.38062629699707035,0.00019031314849853517,2.1821447372436524,1.001791763305664
bayesfl_observability_v1,vi_lr0p0005_b64_e2,4,vi,global_test,,,9,0.6,0.6666666666666666,4,0.5,0.6227046251296997,0.12270462512969971,4.9081850051879885e-05,1.6298556327819824,0.7204652428627014
bayesfl_observability_v1,vi_lr0p0005_b64_e2,4,vi,global_test,,,10,0.6666666666666666,0.7333333333333333,0,,,,,,
bayesfl_observability_v1,vi_lr0p0005_b64_e2,4,vi,global_test,,,11,0.7333333333333333,0.8,0,,,,,,
bayesfl_observability_v1,vi_lr0p0005_b64_e2,4,vi,global_test,,,12,0.8,0.8666666666666667,0,,,,,,
bayesfl_observability_v1,vi_lr0p0005_b64_e2,4,vi,global_test,,,13,0.8666666666666667,0.9333333333333333,0,,,,,,
bayesfl_observability_v1,vi_lr0p0005_b64_e2,4,vi,global_test,,,14,0.9333333333333333,1.0,0,,,,,,
bayesfl_observability_v1,vi_lr0p0005_b64_e2,5,vi,global_test,,,0,0.0,0.06666666666666667,0,,,,,,
bayesfl_observability_v1,vi_lr0p0005_b64_e2,5,vi,global_test,,,1,0.06666666666666667,0.13333333333333333,76,0.13157894736842105,0.12906899734547264,0.002509950022948404,1.907562017440787e-05,2.286152754959307,0.8970786168387062
bayesfl_observability_v1,vi_lr0p0005_b64_e2,5,vi,global_test,,,2,0.13333333333333333,0.2,4265,0.123094958968347,0.1727884261682193,0.04969346719987229,0.02119426376074553,2.3000290205442333,0.9004001229756882
bayesfl_observability_v1,vi_lr0p0005_b64_e2,5,vi,global_test,,,3,0.2,0.26666666666666666,3604,0.1148723640399556,0.22897456465630103,0.11410220061634543,0.041122433102130894,2.3790451437731033,0.9179755858126015
bayesfl_observability_v1,vi_lr0p0005_b64_e2,5,vi,global_test,,,4,0.26666666666666666,0.3333333333333333,1491,0.15761234071093225,0.2944309859168681,0.13681864520593587,0.020399660000205037,2.3762158464058225,0.9209945641612942
bayesfl_observability_v1,vi_lr0p0005_b64_e2,5,vi,global_test,,,5,0.3333333333333333,0.4,445,0.23370786516853934,0.35927703373887565,0.12556916857033631,0.005587828001379966,2.3631763120715537,0.9092542549197593
bayesfl_observability_v1,vi_lr0p0005_b64_e2,5,vi,global_test,,,6,0.4,0.4666666666666667,94,0.24468085106382978,0.4248414565908148,0.180160605526985,0.001693509691953659,2.2980873223314893,0.9132892032887073
bayesfl_observability_v1,vi_lr0p0005_b64_e2,5,vi,global_test,,,7,0.4666666666666667,0.5333333333333333,19,0.3157894736842105,0.4935949162433022,0.1778054425590917,0.00033783034086227423,2.2605045688779732,0.8978094176242226
bayesfl_observability_v1,vi_lr0p0005_b64_e2,5,vi,global_test,,,8,0.5333333333333333,0.6,5,0.6,0.5574036002159118,0.042596399784088135,2.1298199892044067e-05,1.80758056640625,0.6531124949455261
bayesfl_observability_v1,vi_lr0p0005_b64_e2,5,vi,global_test,,,9,0.6,0.6666666666666666,0,,,,,,
bayesfl_observability_v1,vi_lr0p0005_b64_e2,5,vi,global_test,,,10,0.6666666666666666,0.7333333333333333,1,1.0,0.6715355515480042,0.32846444845199585,3.284644484519959e-05,0.3981883227825165,0.1272679567337036
bayesfl_observability_v1,vi_lr0p0005_b64_e2,5,vi,global_test,,,11,0.7333333333333333,0.8,0,,,,,,
bayesfl_observability_v1,vi_lr0p0005_b64_e2,5,vi,global_test,,,12,0.8,0.8666666666666667,0,,,,,,
bayesfl_observability_v1,vi_lr0p0005_b64_e2,5,vi,global_test,,,13,0.8666666666666667,0.9333333333333333,0,,,,,,
bayesfl_observability_v1,vi_lr0p0005_b64_e2,5,vi,global_test,,,14,0.9333333333333333,1.0,0,,,,,,
bayesfl_observability_v1,vi_lr0p0005_b64_e2,6,vi,global_test,,,0,0.0,0.06666666666666667,0,,,,,,
bayesfl_observability_v1,vi_lr0p0005_b64_e2,6,vi,global_test,,,1,0.06666666666666667,0.13333333333333333,81,0.13580246913580246,0.12862155715256562,0.007180911983236837,5.816538706421839e-05,2.3186225214122254,0.9021621545155843
bayesfl_observability_v1,vi_lr0p0005_b64_e2,6,vi,global_test,,,2,0.13333333333333333,0.2,4658,0.10798626019750966,0.17226309322553318,0.06427683302802352,0.029940148824453353,2.3131134667689324,0.9023218506034631
bayesfl_observability_v1,vi_lr0p0005_b64_e2,6,vi,global_test,,,3,0.2,0.26666666666666666,3668,0.1303162486368593,0.2277703547490722,0.09745410611221289,0.03574616612195969,2.3562713839365585,0.9130741676301447
bayesfl_observability_v1,vi_lr0p0005_b64_e2,6,vi,global_test,,,4,0.26666666666666666,0.3333333333333333,1163,0.17798796216680998,0.29236634632993747,0.11437838416312748,0.013302206078171726,2.372769481030806,0.9151719861366784
bayesfl_observability_v1,vi_lr0p0005_b64_e2,6,vi,global_test,,,5,0.3333333333333333,0.4,326,0.2392638036809816,0.35959488043755844,0.12033107675657684,0.003922793102264405,2.3315912048143845,0.9027429597875092
bayesfl_observability_v1,vi_lr0p0005_b64_e2,6,vi,global_test,,,6,0.4,0.4666666666666667,86,0.27906976744186046,0.4236853919750036,0.14461562453314314,0.001243694370985031,2.2421812435915305,0.8900480343158855
bayesfl_observability_v1,vi_lr0p0005_b64_e2,6,vi,global_test,,,7,0.4666666666666667,0.5333333333333333,15,0.13333333333333333,0.49343586365381875,0.36010253032048545,0.0005401537954807282,3.0416385650634767,1.0908904314041137
bayesfl_observability_v1,vi_lr0p0005_b64_e2,6,vi,global_test,,,8,0.5333333333333333,0.6,3,0.0,0.5576029022534689,0.5576029022534689,0.00016728087067604066,3.5977279345194497,1.281573216120402
bayesfl_observability_v1,vi_lr0p0005_b64_e2,6,vi,global_test,,,9,0.6,0.6666666666666666,0,,,,,,
bayesfl_observability_v1,vi_lr0p0005_b64_e2,6,vi,global_test,,,10,0.6666666666666666,0.7333333333333333,0,,,,,,
bayesfl_observability_v1,vi_lr0p0005_b64_e2,6,vi,global_test,,,11,0.7333333333333333,0.8,0,,,,,,
bayesfl_observability_v1,vi_lr0p0005_b64_e2,6,vi,global_test,,,12,0.8,0.8666666666666667,0,,,,,,
bayesfl_observability_v1,vi_lr0p0005_b64_e2,6,vi,global_test,,,13,0.8666666666666667,0.9333333333333333,0,,,,,,
bayesfl_observability_v1,vi_lr0p0005_b64_e2,6,vi,global_test,,,14,0.9333333333333333,1.0,0,,,,,,
bayesfl_observability_v1,vi_lr0p0005_b64_e2,7,vi,global_test,,,0,0.0,0.06666666666666667,0,,,,,,
bayesfl_observability_v1,vi_lr0p0005_b64_e2,7,vi,global_test,,,1,0.06666666666666667,0.13333333333333333,77,0.1038961038961039,0.12978701428933578,0.02589091039323188,0.0001993600100278855,2.3207500445378293,0.9021906930130797
bayesfl_observability_v1,vi_lr0p0005_b64_e2,7,vi,global_test,,,2,0.13333333333333333,0.2,5526,0.12975027144408252,0.17235702607366774,0.042606754629585214,0.02354449260830879,2.3215908923961956,0.9035831616056859
bayesfl_observability_v1,vi_lr0p0005_b64_e2,7,vi,global_test,,,3,0.2,0.26666666666666666,3501,0.168808911739503,0.2263182726835258,0.057509360944022814,0.020134027266502385,2.293192500899227,0.8973755779282702
bayesfl_observability_v1,vi_lr0p0005_b64_e2,7,vi,global_test,,,4,0.26666666666666666,0.3333333333333333,740,0.1972972972972973,0.2904187764267664,0.09312147912946908,0.006890989455580711,2.268901993777301,0.8964568533607431
bayesfl_observability_v1,vi_lr0p0005_b64_e2,7,vi,global_test,,,5,0.3333333333333333,0.4,129,0.27906976744186046,0.35708083501157833,0.07801106756971787,0.0010063427716493606,2.245722154314204,0.8799084408800731
bayesfl_observability_v1,vi_lr0p0005_b64_e2,7,vi,global_test,,,6,0.4,0.4666666666666667,23,0.21739130434782608,0.42765352389086847,0.2102622195430424,0.0004836031049489975,2.429766665334287,0.9395385980606079
bayesfl_observability_v1,vi_lr0p0005_b64_e2,7,vi,global_test,,,7,0.4666666666666667,0.5333333333333333,4,0.5,0.49360690265893936,0.006393097341060638,2.5572389364242556e-06,1.7733380198478699,0.7180192470550537
bayesfl_observability_v1,vi_lr0p0005_b64_e2,7,vi,global_test,,,8,0.5333333333333333,0.6,0,,,,,,
bayesfl_observability_v1,vi_lr0p0005_b64_e2,7,vi,global_test,,,9,0.6,0.6666666666666666,0,,,,,,
bayesfl_observability_v1,vi_lr0p0005_b64_e2,7,vi,global_test,,,10,0.6666666666666666,0.7333333333333333,0,,,,,,
bayesfl_observability_v1,vi_lr0p0005_b64_e2,7,vi,global_test,,,11,0.7333333333333333,0.8,0,,,,,,
bayesfl_observability_v1,vi_lr0p0005_b64_e2,7,vi,global_test,,,12,0.8,0.8666666666666667,0,,,,,,
bayesfl_observability_v1,vi_lr0p0005_b64_e2,7,vi,global_test,,,13,0.8666666666666667,0.9333333333333333,0,,,,,,
bayesfl_observability_v1,vi_lr0p0005_b64_e2,7,vi,global_test,,,14,0.9333333333333333,1.0,0,,,,,,
bayesfl_observability_v1,vi_lr0p0005_b64_e2,8,vi,global_test,,,0,0.0,0.06666666666666667,0,,,,,,
bayesfl_observability_v1,vi_lr0p0005_b64_e2,8,vi,global_test,,,1,0.06666666666666667,0.13333333333333333,164,0.13414634146341464,0.12877198758466943,0.005374353878745214,8.813940361142151e-05,2.3052759083305916,0.9004609366742576
bayesfl_observability_v1,vi_lr0p0005_b64_e2,8,vi,global_test,,,2,0.13333333333333333,0.2,6227,0.16107274771157862,0.16976546368247455,0.008692715970895937,0.0054129542350769,2.27333893292747,0.8937254190942688
bayesfl_observability_v1,vi_lr0p0005_b64_e2,8,vi,global_test,,,3,0.2,0.26666666666666666,2960,0.17263513513513515,0.22498014467592176,0.05234500954078661,0.015494122824072835,2.2595374611583914,0.8923166005998044
bayesfl_observability_v1,vi_lr0p0005_b64_e2,8,vi,global_test,,,4,0.26666666666666666,0.3333333333333333,539,0.22448979591836735,0.2904790399910568,0.06598924407268944,0.003556820255517961,2.225054550480533,0.8837560994726829
bayesfl_observability_v1,vi_lr0p0005_b64_e2,8,vi,global_test,,,5,0.3333333333333333,0.4,96,0.25,0.35521147307008505,0.10521147307008505,0.0010100301414728164,2.076388438542684,0.8620569491758943
bayesfl_observability_v1,vi_lr0p0005_b64_e2,8,vi,global_test,,,6,0.4,0.4666666666666667,14,0.42857142857142855,0.42671248955386026,0.001858939017568284,2.6025146245955977e-06,1.8259348699024744,0.7620500475168228
bayesfl_observability_v1,vi_lr0p0005_b64_e2,8,vi,global_test,,,7,0.4666666666666667,0.5333333333333333,0,,,,,,
bayesfl_observability_v1,vi_lr0p0005_b64_e2,8,vi,global_test,,,8,0.5333333333333333,0.6,0,,,,,,
bayesfl_observability_v1,vi_lr0p0005_b64_e2,8,vi,global_test,,,9,0.6,0.6666666666666666,0,,,,,,
bayesfl_observability_v1,vi_lr0p0005_b64_e2,8,vi,global_test,,,10,0.6666666666666666,0.7333333333333333,0,,,,,,
bayesfl_observability_v1,vi_lr0p0005_b64_e2,8,vi,global_test,,,11,0.7333333333333333,0.8,0,,,,,,
bayesfl_observability_v1,vi_lr0p0005_b64_e2,8,vi,global_test,,,12,0.8,0.8666666666666667,0,,,,,,
bayesfl_observability_v1,vi_lr0p0005_b64_e2,8,vi,global_test,,,13,0.8666666666666667,0.9333333333333333,0,,,,,,
bayesfl_observability_v1,vi_lr0p0005_b64_e2,8,vi,global_test,,,14,0.9333333333333333,1.0,0,,,,,,
bayesfl_observability_v1,vi_lr0p0005_b64_e2,9,vi,global_test,,,0,0.0,0.06666666666666667,0,,,,,,
bayesfl_observability_v1,vi_lr0p0005_b64_e2,9,vi,global_test,,,1,0.06666666666666667,0.13333333333333333,108,0.10185185185185185,0.12930992811366362,0.02745807626181178,0.0002965472236275672,2.280393836674867,0.8963219313709824
bayesfl_observability_v1,vi_lr0p0005_b64_e2,9,vi,global_test,,,2,0.13333333333333333,0.2,5961,0.1548397919812112,0.17051332345086442,0.015673531469653224,0.009342992109060286,2.2609302365245925,0.8912431128651799
bayesfl_observability_v1,vi_lr0p0005_b64_e2,9,vi,global_test,,,3,0.2,0.26666666666666666,3154,0.18421052631578946,0.22555439982069544,0.04134387350490598,0.013039857703447347,2.2446235594450106,0.8875986913676193
bayesfl_observability_v1,vi_lr0p0005_b64_e2,9,vi,global_test,,,4,0.26666666666666666,0.3333333333333333,619,0.26009693053311794,0.29184180628117146,0.031744875748053514,0.0019650078088045125,2.1556836122072185,0.8643147203956937
bayesfl_observability_v1,vi_lr0p0005_b64_e2,9,vi,global_test,,,5,0.3333333333333333,0.4,125,0.28,0.3562808065414429,0.07628080654144287,0.0009535100817680359,2.1729258699417113,0.8674932217597962
bayesfl_observability_v1,vi_lr0p0005_b64_e2,9,vi,global_test,,,6,0.4,0.4666666666666667,27,0.4074074074074074,0.42680585273989924,0.019398445332491854,5.237580239772801e-05,1.99938949169936,0.8025319730793988
bayesfl_observability_v1,vi_lr0p0005_b64_e2,9,vi,global_test,,,7,0.4666666666666667,0.5333333333333333,5,0.0,0.48123502135276797,0.48123502135276797,0.00024061751067638398,2.785932445526123,1.1420772790908813
bayesfl_observability_v1,vi_lr0p0005_b64_e2,9,vi,global_test,,,8,0.5333333333333333,0.6,1,1.0,0.5337773561477661,0.4662226438522339,4.6622264385223385e-05,0.6277764439582825,0.2480550855398178
bayesfl_observability_v1,vi_lr0p0005_b64_e2,9,vi,global_test,,,9,0.6,0.6666666666666666,0,,,,,,
bayesfl_observability_v1,vi_lr0p0005_b64_e2,9,vi,global_test,,,10,0.6666666666666666,0.7333333333333333,0,,,,,,
bayesfl_observability_v1,vi_lr0p0005_b64_e2,9,vi,global_test,,,11,0.7333333333333333,0.8,0,,,,,,
bayesfl_observability_v1,vi_lr0p0005_b64_e2,9,vi,global_test,,,12,0.8,0.8666666666666667,0,,,,,,
bayesfl_observability_v1,vi_lr0p0005_b64_e2,9,vi,global_test,,,13,0.8666666666666667,0.9333333333333333,0,,,,,,
bayesfl_observability_v1,vi_lr0p0005_b64_e2,9,vi,global_test,,,14,0.9333333333333333,1.0,0,,,,,,
bayesfl_observability_v1,vi_lr0p0005_b64_e2,10,vi,global_test,,,0,0.0,0.06666666666666667,0,,,,,,
bayesfl_observability_v1,vi_lr0p0005_b64_e2,10,vi,global_test,,,1,0.06666666666666667,0.13333333333333333,192,0.16666666666666666,0.12858713084521392,0.03807953582145274,0.0007311270877718925,2.2549924664199352,0.8905270289008816
bayesfl_observability_v1,vi_lr0p0005_b64_e2,10,vi,global_test,,,2,0.13333333333333333,0.2,6373,0.1608347716930802,0.16877719479828263,0.007942423105202434,0.005061706244945511,2.2505422204887213,0.8894159365126799
bayesfl_observability_v1,vi_lr0p0005_b64_e2,10,vi,global_test,,,3,0.2,0.26666666666666666,2799,0.21257591997141836,0.22459410929006948,0.012018189318651118,0.0033638911902904483,2.1950173827740667,0.8769208221360588
bayesfl_observability_v1,vi_lr0p0005_b64_e2,10,vi,global_test,,,4,0.26666666666666666,0.3333333333333333,539,0.2597402597402597,0.2891689047410891,0.029428645000829368,0.001586203965544703,2.1602578811167787,0.8649173272783991
bayesfl_observability_v1,vi_lr0p0005_b64_e2,10,vi,global_test,,,5,0.3333333333333333,0.4,82,0.3048780487804878,0.35833271102207465,0.05345466224158685,0.00043832823038101215,2.055590752421356,0.8418691198273403
bayesfl_observability_v1,vi_lr0p0005_b64_e2,10,vi,global_test,,,6,0.4,0.4666666666666667,15,0.3333333333333333,0.43275617361068724,0.09942284027735393,0.00014913426041603087,2.0713070670763654,0.8517331878344218
bayesfl_observability_v1,vi_lr0p0005_b64_e2,10,vi,global_test,,,7,0.4666666666666667,0.5333333333333333,0,,,,,,
bayesfl_observability_v1,vi_lr0p0005_b64_e2,10,vi,global_test,,,8,0.5333333333333333,0.6,0,,,,,,
bayesfl_observability_v1,vi_lr0p0005_b64_e2,10,vi,global_test,,,9,0.6,0.6666666666666666,0,,,,,,
bayesfl_observability_v1,vi_lr0p0005_b64_e2,10,vi,global_test,,,10,0.6666666666666666,0.7333333333333333,0,,,,,,
bayesfl_observability_v1,vi_lr0p0005_b64_e2,10,vi,global_test,,,11,0.7333333333333333,0.8,0,,,,,,
bayesfl_observability_v1,vi_lr0p0005_b64_e2,10,vi,global_test,,,12,0.8,0.8666666666666667,0,,,,,,
bayesfl_observability_v1,vi_lr0p0005_b64_e2,10,vi,global_test,,,13,0.8666666666666667,0.9333333333333333,0,,,,,,
bayesfl_observability_v1,vi_lr0p0005_b64_e2,10,vi,global_test,,,14,0.9333333333333333,1.0,0,,,,,,
bayesfl_observability_v1,vi_lr0p0005_b64_e2,11,vi,global_test,,,0,0.0,0.06666666666666667,0,,,,,,
bayesfl_observability_v1,vi_lr0p0005_b64_e2,11,vi,global_test,,,1,0.06666666666666667,0.13333333333333333,320,0.15,0.12861335726920514,0.021386642730794853,0.0006843725673854353,2.2427217841148375,0.8885155661031604
bayesfl_observability_v1,vi_lr0p0005_b64_e2,11,vi,global_test,,,2,0.13333333333333333,0.2,7249,0.1900951855428335,0.16611550952470916,0.02397967601812434,0.017382867145538335,2.1989479896397013,0.8790752954492241
bayesfl_observability_v1,vi_lr0p0005_b64_e2,11,vi,global_test,,,3,0.2,0.26666666666666666,2150,0.2525581395348837,0.22245050318019335,0.030107636354690354,0.006473141816258426,2.151510260382364,0.8655565713172735
bayesfl_observability_v1,vi_lr0p0005_b64_e2,11,vi,global_test,,,4,0.26666666666666666,0.3333333333333333,262,0.35877862595419846,0.28875864154964914,0.07001998440454932,0.001834523591399192,2.066655640383713,0.8330229684596754
bayesfl_observability_v1,vi_lr0p0005_b64_e2,11,vi,global_test,,,5,0.3333333333333333,0.4,18,0.4444444444444444,0.35352884398566353,0.09091560045878089,0.0001636480808258056,1.9502880805068545,0.7864147110117806
bayesfl_observability_v1,vi_lr0p0005_b64_e2,11,vi,global_test,,,6,0.4,0.4666666666666667,1,0.0,0.42194101214408875,0.42194101214408875,4.219410121440887e-05,1.9480093717575073,0.9432886242866516
bayesfl_observability_v1,vi_lr0p0005_b64_e2,11,vi,global_test,,,7,0.4666666666666667,0.5333333333333333,0,,,,,,
bayesfl_observability_v1,vi_lr0p0005_b64_e2,11,vi,global_test,,,8,0.5333333333333333,0.6,0,,,,,,
bayesfl_observability_v1,vi_lr0p0005_b64_e2,11,vi,global_test,,,9,0.6,0.6666666666666666,0,,,,,,
bayesfl_observability_v1,vi_lr0p0005_b64_e2,11,vi,global_test,,,10,0.6666666666666666,0.7333333333333333,0,,,,,,
bayesfl_observability_v1,vi_lr0p0005_b64_e2,11,vi,global_test,,,11,0.7333333333333333,0.8,0,,,,,,
bayesfl_observability_v1,vi_lr0p0005_b64_e2,11,vi,global_test,,,12,0.8,0.8666666666666667,0,,,,,,
bayesfl_observability_v1,vi_lr0p0005_b64_e2,11,vi,global_test,,,13,0.8666666666666667,0.9333333333333333,0,,,,,,
bayesfl_observability_v1,vi_lr0p0005_b64_e2,11,vi,global_test,,,14,0.9333333333333333,1.0,0,,,,,,
bayesfl_observability_v1,vi_lr0p0005_b64_e2,12,vi,global_test,,,0,0.0,0.06666666666666667,0,,,,,,
bayesfl_observability_v1,vi_lr0p0005_b64_e2,12,vi,global_test,,,1,0.06666666666666667,0.13333333333333333,339,0.14749262536873156,0.12824522253334697,0.01924740283538459,0.0006524869561195376,2.2392694957136756,0.8885107585462497
bayesfl_observability_v1,vi_lr0p0005_b64_e2,12,vi,global_test,,,2,0.13333333333333333,0.2,6986,0.1962496421414257,0.16623129412604376,0.030018348015381946,0.020970817923545826,2.1998099611851876,0.8790077292199057
bayesfl_observability_v1,vi_lr0p0005_b64_e2,12,vi,global_test,,,3,0.2,0.26666666666666666,2316,0.25345423143350604,0.2237402802664587,0.029713951167047337,0.006881751090288163,2.143103774862174,0.8633971849459646
bayesfl_observability_v1,vi_lr0p0005_b64_e2,12,vi,global_test,,,4,0.26666666666666666,0.3333333333333333,316,0.34810126582278483,0.28930937357341185,0.05879189224937298,0.001857823795080186,2.0324759419205822,0.8266421066054815
bayesfl_observability_v1,vi_lr0p0005_b64_e2,12,vi,global_test,,,5,0.3333333333333333,0.4,40,0.55,0.35559416711330416,0.19440583288669588,0.0007776233315467836,1.6276692301034927,0.7012353174388408
bayesfl_observability_v1,vi_lr0p0005_b64_e2,12,vi,global_test,,,6,0.4,0.4666666666666667,3,0.6666666666666666,0.42750702301661175,0.23915964365005488,7.174789309501645e-05,1.2743460337320964,0.5882795651753744
bayesfl_observability_v1,vi_lr0p0005_b64_e2,12,vi,global_test,,,7,0.4666666666666667,0.5333333333333333,0,,,,,,
bayesfl_observability_v1,vi_lr0p0005_b64_e2,12,vi,global_test,,,8,0.5333333333333333,0.6,0,,,,,,
bayesfl_observability_v1,vi_lr0p0005_b64_e2,12,vi,global_test,,,9,0.6,0.6666666666666666,0,,,,,,
bayesfl_observability_v1,vi_lr0p0005_b64_e2,12,vi,global_test,,,10,0.6666666666666666,0.7333333333333333,0,,,,,,
bayesfl_observability_v1,vi_lr0p0005_b64_e2,12,vi,global_test,,,11,0.7333333333333333,0.8,0,,,,,,
bayesfl_observability_v1,vi_lr0p0005_b64_e2,12,vi,global_test,,,12,0.8,0.8666666666666667,0,,,,,,
bayesfl_observability_v1,vi_lr0p0005_b64_e2,12,vi,global_test,,,13,0.8666666666666667,0.9333333333333333,0,,,,,,
bayesfl_observability_v1,vi_lr0p0005_b64_e2,12,vi,global_test,,,14,0.9333333333333333,1.0,0,,,,,,
bayesfl_observability_v1,vi_lr0p0005_b64_e2,13,vi,global_test,,,0,0.0,0.06666666666666667,0,,,,,,
bayesfl_observability_v1,vi_lr0p0005_b64_e2,13,vi,global_test,,,1,0.06666666666666667,0.13333333333333333,249,0.1646586345381526,0.12854755741645055,0.036111077121702057,0.0008991658203303813,2.237857346553879,0.8876544246711884
bayesfl_observability_v1,vi_lr0p0005_b64_e2,13,vi,global_test,,,2,0.13333333333333333,0.2,7079,0.20666760841926826,0.16713267449420596,0.0395349339250623,0.0279867797255516,2.187648383586618,0.8762323245067248
bayesfl_observability_v1,vi_lr0p0005_b64_e2,13,vi,global_test,,,3,0.2,0.26666666666666666,2329,0.2739373121511378,0.22351848736194235,0.05041882478919546,0.011742544293403623,2.121278619090597,0.8580046735028947
bayesfl_observability_v1,vi_lr0p0005_b64_e2,13,vi,global_test,,,4,0.26666666666666666,0.3333333333333333,310,0.35161290322580646,0.2907736336992633,0.06083926952654317,0.0018860173553228382,2.0134653214485416,0.8196866775712659
bayesfl_observability_v1,vi_lr0p0005_b64_e2,13,vi,global_test,,,5,0.3333333333333333,0.4,29,0.5172413793103449,0.35861925215556706,0.1586221271547778,0.00046000416874885557,1.79635698630892,0.7355031196413369
bayesfl_observability_v1,vi_lr0p0005_b64_e2,13,vi,global_test,,,6,0.4,0.4666666666666667,4,0.5,0.4099624902009964,0.0900375097990036,3.601500391960144e-05,1.9127492755651474,0.7468921095132828
bayesfl_observability_v1,vi_lr0p0005_b64_e2,13,vi,global_test,,,7,0.4666666666666667,0.5333333333333333,0,,,,,,
bayesfl_observability_v1,vi_lr0p0005_b64_e2,13,vi,global_test,,,8,0.5333333333333333,0.6,0,,,,,,
bayesfl_observability_v1,vi_lr0p0005_b64_e2,13,vi,global_test,,,9,0.6,0.6666666666666666,0,,,,,,
bayesfl_observability_v1,vi_lr0p0005_b64_e2,13,vi,global_test,,,10,0.6666666666666666,0.7333333333333333,0,,,,,,
bayesfl_observability_v1,vi_lr0p0005_b64_e2,13,vi,global_test,,,11,0.7333333333333333,0.8,0,,,,,,
bayesfl_observability_v1,vi_lr0p0005_b64_e2,13,vi,global_test,,,12,0.8,0.8666666666666667,0,,,,,,
bayesfl_observability_v1,vi_lr0p0005_b64_e2,13,vi,global_test,,,13,0.8666666666666667,0.9333333333333333,0,,,,,,
bayesfl_observability_v1,vi_lr0p0005_b64_e2,13,vi,global_test,,,14,0.9333333333333333,1.0,0,,,,,,
bayesfl_observability_v1,vi_lr0p0005_b64_e2,14,vi,global_test,,,0,0.0,0.06666666666666667,0,,,,,,
bayesfl_observability_v1,vi_lr0p0005_b64_e2,14,vi,global_test,,,1,0.06666666666666667,0.13333333333333333,255,0.15294117647058825,0.12818274985925823,0.024758426611330014,0.0006313398785889155,2.2596645121480905,0.8921397160081302
bayesfl_observability_v1,vi_lr0p0005_b64_e2,14,vi,global_test,,,2,0.13333333333333333,0.2,7042,0.21641579096847485,0.16777563501372658,0.04864015595474827,0.03425239782333373,2.1813957609259518,0.8749418140168692
bayesfl_observability_v1,vi_lr0p0005_b64_e2,14,vi,global_test,,,3,0.2,0.26666666666666666,2383,0.2610155266470835,0.22316311814431827,0.03785240850276522,0.009020228946208953,2.1258487417274696,0.8596125016230473
bayesfl_observability_v1,vi_lr0p0005_b64_e2,14,vi,global_test,,,4,0.26666666666666666,0.3333333333333333,292,0.363013698630137,0.28877260923793874,0.07424108939219826,0.002167839810252189,1.971443478375265,0.8144416537595122
bayesfl_observability_v1,vi_lr0p0005_b64_e2,14,vi,global_test,,,5,0.3333333333333333,0.4,26,0.34615384615384615,0.3554829886326423,0.009329142478796182,2.4255770444870073e-05,2.0440038442611694,0.8284720755540408
bayesfl_observability_v1,vi_lr0p0005_b64_e2,14,vi,global_test,,,6,0.4,0.4666666666666667,2,0.0,0.40237489342689514,0.40237489342689514,8.047497868537902e-05,2.683681011199951,1.0659258365631104
bayesfl_observability_v1,vi_lr0p0005_b64_e2,14,vi,global_test,,,7,0.4666666666666667,0.5333333333333333,0,,,,,,
bayesfl_observability_v1,vi_lr0p0005_b64_e2,14,vi,global_test,,,8,0.5333333333333333,0.6,0,,,,,,
bayesfl_observability_v1,vi_lr0p0005_b64_e2,14,vi,global_test,,,9,0.6,0.6666666666666666,0,,,,,,
bayesfl_observability_v1,vi_lr0p0005_b64_e2,14,vi,global_test,,,10,0.6666666666666666,0.7333333333333333,0,,,,,,
bayesfl_observability_v1,vi_lr0p0005_b64_e2,14,vi,global_test,,,11,0.7333333333333333,0.8,0,,,,,,
bayesfl_observability_v1,vi_lr0p0005_b64_e2,14,vi,global_test,,,12,0.8,0.8666666666666667,0,,,,,,
bayesfl_observability_v1,vi_lr0p0005_b64_e2,14,vi,global_test,,,13,0.8666666666666667,0.9333333333333333,0,,,,,,
bayesfl_observability_v1,vi_lr0p0005_b64_e2,14,vi,global_test,,,14,0.9333333333333333,1.0,0,,,,,,
bayesfl_observability_v1,vi_lr0p0005_b64_e2,15,vi,global_test,,,0,0.0,0.06666666666666667,0,,,,,,
bayesfl_observability_v1,vi_lr0p0005_b64_e2,15,vi,global_test,,,1,0.06666666666666667,0.13333333333333333,215,0.13023255813953488,0.12875328098618707,0.0014792771533478077,3.180445879697786e-05,2.242670069184414,0.8888782789540846
bayesfl_observability_v1,vi_lr0p0005_b64_e2,15,vi,global_test,,,2,0.13333333333333333,0.2,6643,0.21180189673340358,0.168570110655398,0.04323178607800557,0.028718875491619097,2.1828395198056554,0.8751004232119207
bayesfl_observability_v1,vi_lr0p0005_b64_e2,15,vi,global_test,,,3,0.2,0.26666666666666666,2682,0.2971662938105891,0.22435845979152555,0.07280783401906357,0.01952706108391285,2.0871139789676594,0.8491121794108932
bayesfl_observability_v1,vi_lr0p0005_b64_e2,15,vi,global_test,,,4,0.26666666666666666,0.3333333333333333,394,0.3680203045685279,0.2900345495660898,0.0779857550024381,0.003072638747096061,1.9732272818608938,0.8145767485127231
bayesfl_observability_v1,vi_lr0p0005_b64_e2,15,vi,global_test,,,5,0.3333333333333333,0.4,57,0.40350877192982454,0.35243860619109973,0.051070165738724804,0.00029109994471073137,1.8497462126246669,0.7805732650715008
bayesfl_observability_v1,vi_lr0p0005_b64_e2,15,vi,global_test,,,6,0.4,0.4666666666666667,8,0.625,0.41849055141210556,0.20650944858789444,0.00016520755887031556,1.6326078474521637,0.6605856493115425
bayesfl_observability_v1,vi_lr0p0005_b64_e2,15,vi,global_test,,,7,0.4666666666666667,0.5333333333333333,1,1.0,0.49539485573768616,0.5046051442623138,5.0460514426231384e-05,0.7024001479148865,0.29178938269615173
bayesfl_observability_v1,vi_lr0p0005_b64_e2,15,vi,global_test,,,8,0.5333333333333333,0.6,0,,,,,,
bayesfl_observability_v1,vi_lr0p0005_b64_e2,15,vi,global_test,,,9,0.6,0.6666666666666666,0,,,,,,
bayesfl_observability_v1,vi_lr0p0005_b64_e2,15,vi,global_test,,,10,0.6666666666666666,0.7333333333333333,0,,,,,,
bayesfl_observability_v1,vi_lr0p0005_b64_e2,15,vi,global_test,,,11,0.7333333333333333,0.8,0,,,,,,
bayesfl_observability_v1,vi_lr0p0005_b64_e2,15,vi,global_test,,,12,0.8,0.8666666666666667,0,,,,,,
bayesfl_observability_v1,vi_lr0p0005_b64_e2,15,vi,global_test,,,13,0.8666666666666667,0.9333333333333333,0,,,,,,
bayesfl_observability_v1,vi_lr0p0005_b64_e2,15,vi,global_test,,,14,0.9333333333333333,1.0,0,,,,,,
bayesfl_observability_v1,vi_lr0p0005_b64_e2,16,vi,global_test,,,0,0.0,0.06666666666666667,0,,,,,,
bayesfl_observability_v1,vi_lr0p0005_b64_e2,16,vi,global_test,,,1,0.06666666666666667,0.13333333333333333,76,0.13157894736842105,0.1293146189694342,0.0022643283989868535,1.7208895832300087e-05,2.287138728719009,0.897662125135723
bayesfl_observability_v1,vi_lr0p0005_b64_e2,16,vi,global_test,,,2,0.13333333333333333,0.2,4337,0.16785796633617708,0.1728737970527647,0.0050158307165876215,0.0021753657817840514,2.1776550278455837,0.8761661969656105
bayesfl_observability_v1,vi_lr0p0005_b64_e2,16,vi,global_test,,,3,0.2,0.26666666666666666,3399,0.16210650191232714,0.22879468949271076,0.06668818758038361,0.02266731495857239,2.18040846066813,0.8799173801076451
bayesfl_observability_v1,vi_lr0p0005_b64_e2,16,vi,global_test,,,4,0.26666666666666666,0.3333333333333333,1425,0.18596491228070175,0.2947548224842339,0.10878991020353215,0.01550256220400333,2.2128797452491624,0.890485916221351
bayesfl_observability_v1,vi_lr0p0005_b64_e2,16,vi,global_test,,,5,0.3333333333333333,0.4,535,0.29906542056074764,0.3606489226082775,0.06158350204752988,0.003294717359542849,2.099491288505982,0.8493353716680937
bayesfl_observability_v1,vi_lr0p0005_b64_e2,16,vi,global_test,,,6,0.4,0.4666666666666667,159,0.39622641509433965,0.42622888313149504,0.030002468037155394,0.0004770392417907708,1.9602154991911642,0.7978509829479193
bayesfl_observability_v1,vi_lr0p0005_b64_e2,16,vi,global_test,,,7,0.4666666666666667,0.5333333333333333,51,0.4117647058823529,0.4923427210134618,0.0805780151311089,0.0004109478771686554,1.9427327852623135,0.7914267538809309
bayesfl_observability_v1,vi_lr0p0005_b64_e2,16,vi,global_test,,,8,0.5333333333333333,0.6,16,0.9375,0.5615473426878452,0.37595265731215477,0.0006015242516994476,0.757372971624136,0.2874125996604562
bayesfl_observability_v1,vi_lr0p0005_b64_e2,16,vi,global_test,,,9,0.6,0.6666666666666666,2,0.5,0.6125492453575134,0.11254924535751343,2.2509849071502686e-05,1.4561208188533783,0.6925469487905502
bayesfl_observability_v1,vi_lr0p0005_b64_e2,16,vi,global_test,,,10,0.6666666666666666,0.7333333333333333,0,,,,,,
bayesfl_observability_v1,vi_lr0p0005_b64_e2,16,vi,global_test,,,11,0.7333333333333333,0.8,0,,,,,,
bayesfl_observability_v1,vi_lr0p0005_b64_e2,16,vi,global_test,,,12,0.8,0.8666666666666667,0,,,,,,
bayesfl_observability_v1,vi_lr0p0005_b64_e2,16,vi,global_test,,,13,0.8666666666666667,0.9333333333333333,0,,,,,,
bayesfl_observability_v1,vi_lr0p0005_b64_e2,16,vi,global_test,,,14,0.9333333333333333,1.0,0,,,,,,
bayesfl_observability_v1,vi_lr0p0005_b64_e2,17,vi,global_test,,,0,0.0,0.06666666666666667,0,,,,,,
bayesfl_observability_v1,vi_lr0p0005_b64_e2,17,vi,global_test,,,1,0.06666666666666667,0.13333333333333333,130,0.11538461538461539,0.12801178825589327,0.012627172871277875,0.0001641532473266124,2.252459327991192,0.8906154119051419
bayesfl_observability_v1,vi_lr0p0005_b64_e2,17,vi,global_test,,,2,0.13333333333333333,0.2,5229,0.18875502008032127,0.17068175759774182,0.018073262482579455,0.009450508952140797,2.167191860803023,0.8731459304191661
bayesfl_observability_v1,vi_lr0p0005_b64_e2,17,vi,global_test,,,3,0.2,0.26666666666666666,3254,0.2095881991395206,0.22743524498344567,0.017847045843925075,0.00580742871761322,2.1418896556706537,0.8671424323675745
bayesfl_observability_v1,vi_lr0p0005_b64_e2,17,vi,global_test,,,4,0.26666666666666666,0.3333333333333333,985,0.26192893401015227,0.2944303070228112,0.03250137301265893,0.0032013852417469048,2.09430707771766,0.8538304481409528
bayesfl_observability_v1,vi_lr0p0005_b64_e2,17,vi,global_test,,,5,0.3333333333333333,0.4,282,0.36879432624113473,0.3618053603679576,0.006988965873177155,0.0001970888376235958,1.9675086597178846,0.8061182787443729
bayesfl_observability_v1,vi_lr0p0005_b64_e2,17,vi,global_test,,,6,0.4,0.4666666666666667,88,0.4772727272727273,0.4284199510108341,0.048852776261893216,0.0004299044311046603,1.7579584263942458,0.7325281290845438
bayesfl_observability_v1,vi_lr0p0005_b64_e2,17,vi,global_test,,,7,0.4666666666666667,0.5333333333333333,28,0.2857142857142857,0.4967186323234013,0.2110043466091156,0.0005908121705055237,2.3282055131026675,0.9261760115623474
bayesfl_observability_v1,vi_lr0p0005_b64_e2,17,vi,global_test,,,8,0.5333333333333333,0.6,4,0.25,0.5435601472854614,0.2935601472854614,0.00011742405891418457,2.229592353105545,0.9530255310237408
bayesfl_observability_v1,vi_lr0p0005_b64_e2,17,vi,global_test,,,9,0.6,0.6666666666666666,0,,,,,,
bayesfl_observability_v1,vi_lr0p0005_b64_e2,17,vi,global_test,,,10,0.6666666666666666,0.7333333333333333,0,,,,,,
bayesfl_observability_v1,vi_lr0p0005_b64_e2,17,vi,global_test,,,11,0.7333333333333333,0.8,0,,,,,,
bayesfl_observability_v1,vi_lr0p0005_b64_e2,17,vi,global_test,,,12,0.8,0.8666666666666667,0,,,,,,
bayesfl_observability_v1,vi_lr0p0005_b64_e2,17,vi,global_test,,,13,0.8666666666666667,0.9333333333333333,0,,,,,,
bayesfl_observability_v1,vi_lr0p0005_b64_e2,17,vi,global_test,,,14,0.9333333333333333,1.0,0,,,,,,
bayesfl_observability_v1,vi_lr0p0005_b64_e2,18,vi,global_test,,,0,0.0,0.06666666666666667,0,,,,,,
bayesfl_observability_v1,vi_lr0p0005_b64_e2,18,vi,global_test,,,1,0.06666666666666667,0.13333333333333333,158,0.11392405063291139,0.12866472768821294,0.014740677055301549,0.00023290269747376445,2.290453366086453,0.8979525543466399
bayesfl_observability_v1,vi_lr0p0005_b64_e2,18,vi,global_test,,,2,0.13333333333333333,0.2,5630,0.19040852575488454,0.17053161836220992,0.019876907392674614,0.011190698862075809,2.170670673817555,0.8740506748958337
bayesfl_observability_v1,vi_lr0p0005_b64_e2,18,vi,global_test,,,3,0.2,0.26666666666666666,3186,0.24921531701192717,0.22599146183526375,0.02322385517666342,0.007399120259284966,2.073032460868246,0.8501567649003177
bayesfl_observability_v1,vi_lr0p0005_b64_e2,18,vi,global_test,,,4,0.26666666666666666,0.3333333333333333,763,0.31716906946264745,0.2929430165343953,0.02422605292825214,0.0018484478384256384,2.0171141319787362,0.8275364602221418
bayesfl_observability_v1,vi_lr0p0005_b64_e2,18,vi,global_test,,,5,0.3333333333333333,0.4,197,0.5025380710659898,0.35902035493536044,0.14351771613062936,0.0028272990077733984,1.7570862942540706,0.7334031556463484
bayesfl_observability_v1,vi_lr0p0005_b64_e2,18,vi,global_test,,,6,0.4,0.4666666666666667,51,0.5882352941176471,0.4230029892687704,0.1652323048488767,0.0008426847547292711,1.6100396233446457,0.6627846564732346
bayesfl_observability_v1,vi_lr0p0005_b64_e2,18,vi,global_test,,,7,0.4666666666666667,0.5333333333333333,14,0.7142857142857143,0.49648540573460714,0.21780030855110716,0.00030492043197155003,1.156430414744786,0.515359776360648
bayesfl_observability_v1,vi_lr0p0005_b64_e2,18,vi,global_test,,,8,0.5333333333333333,0.6,1,1.0,0.5644482970237732,0.4355517029762268,4.355517029762268e-05,0.5719065070152283,0.21783076226711273
bayesfl_observability_v1,vi_lr0p0005_b64_e2,18,vi,global_test,,,9,0.6,0.6666666666666666,0,,,,,,
bayesfl_observability_v1,vi_lr0p0005_b64_e2,18,vi,global_test,,,10,0.6666666666666666,0.7333333333333333,0,,,,,,
bayesfl_observability_v1,vi_lr0p0005_b64_e2,18,vi,global_test,,,11,0.7333333333333333,0.8,0,,,,,,
bayesfl_observability_v1,vi_lr0p0005_b64_e2,18,vi,global_test,,,12,0.8,0.8666666666666667,0,,,,,,
bayesfl_observability_v1,vi_lr0p0005_b64_e2,18,vi,global_test,,,13,0.8666666666666667,0.9333333333333333,0,,,,,,
bayesfl_observability_v1,vi_lr0p0005_b64_e2,18,vi,global_test,,,14,0.9333333333333333,1.0,0,,,,,,
bayesfl_observability_v1,vi_lr0p0005_b64_e2,19,vi,global_test,,,0,0.0,0.06666666666666667,0,,,,,,
bayesfl_observability_v1,vi_lr0p0005_b64_e2,19,vi,global_test,,,1,0.06666666666666667,0.13333333333333333,164,0.17073170731707318,0.128080694459197,0.042651012857876175,0.0006994766108691692,2.2456208104040565,0.8882634494362808
bayesfl_observability_v1,vi_lr0p0005_b64_e2,19,vi,global_test,,,2,0.13333333333333333,0.2,5979,0.22679377822378324,0.16980279884643032,0.056990979377352924,0.034074906569719315,2.1477365186729247,0.8679362469681291
bayesfl_observability_v1,vi_lr0p0005_b64_e2,19,vi,global_test,,,3,0.2,0.26666666666666666,3076,0.2701560468140442,0.22538706501376643,0.044768981800277774,0.013770938801765442,2.0800761640149377,0.8500476884903926
bayesfl_observability_v1,vi_lr0p0005_b64_e2,19,vi,global_test,,,4,0.26666666666666666,0.3333333333333333,634,0.30757097791798105,0.2909472376484224,0.01662374026955865,0.0010539451330900185,2.0677833173553273,0.84113817664351
bayesfl_observability_v1,vi_lr0p0005_b64_e2,19,vi,global_test,,,5,0.3333333333333333,0.4,125,0.488,0.35674515914916993,0.13125484085083006,0.0016406855106353756,1.7533582429885863,0.7400982871055602
bayesfl_observability_v1,vi_lr0p0005_b64_e2,19,vi,global_test,,,6,0.4,0.4666666666666667,18,0.7222222222222222,0.427625373005867,0.2945968492163552,0.0005302743285894394,1.37815170817905,0.5815090586741766
bayesfl_observability_v1,vi_lr0p0005_b64_e2,19,vi,global_test,,,7,0.4666666666666667,0.5333333333333333,3,0.6666666666666666,0.5036784211794535,0.16298824548721313,4.8896473646163944e-05,1.3343077301979065,0.5532073974609375
bayesfl_observability_v1,vi_lr0p0005_b64_e2,19,vi,global_test,,,8,0.5333333333333333,0.6,1,1.0,0.5614212155342102,0.4385787844657898,4.385787844657898e-05,0.5772838592529297,0.21535901725292206
bayesfl_observability_v1,vi_lr0p0005_b64_e2,19,vi,global_test,,,9,0.6,0.6666666666666666,0,,,,,,
bayesfl_observability_v1,vi_lr0p0005_b64_e2,19,vi,global_test,,,10,0.6666666666666666,0.7333333333333333,0,,,,,,
bayesfl_observability_v1,vi_lr0p0005_b64_e2,19,vi,global_test,,,11,0.7333333333333333,0.8,0,,,,,,
bayesfl_observability_v1,vi_lr0p0005_b64_e2,19,vi,global_test,,,12,0.8,0.8666666666666667,0,,,,,,
bayesfl_observability_v1,vi_lr0p0005_b64_e2,19,vi,global_test,,,13,0.8666666666666667,0.9333333333333333,0,,,,,,
bayesfl_observability_v1,vi_lr0p0005_b64_e2,19,vi,global_test,,,14,0.9333333333333333,1.0,0,,,,,,
bayesfl_observability_v1,vi_lr0p0005_b64_e2,20,vi,global_test,,,0,0.0,0.06666666666666667,0,,,,,,
bayesfl_observability_v1,vi_lr0p0005_b64_e2,20,vi,global_test,,,1,0.06666666666666667,0.13333333333333333,138,0.14492753623188406,0.12897618233725644,0.015951353894627623,0.0002201286837458612,2.2583217309868853,0.8917983740136244
bayesfl_observability_v1,vi_lr0p0005_b64_e2,20,vi,global_test,,,2,0.13333333333333333,0.2,5659,0.2122283088884962,0.17078887925465677,0.041439429633839425,0.02345057322978973,2.1386831751727535,0.8668116164894192
bayesfl_observability_v1,vi_lr0p0005_b64_e2,20,vi,global_test,,,3,0.2,0.26666666666666666,3187,0.2632569814872921,0.2266579128037361,0.036599068683556,0.011664123189449297,2.0670429022663024,0.8485976021081106
bayesfl_observability_v1,vi_lr0p0005_b64_e2,20,vi,global_test,,,4,0.26666666666666666,0.3333333333333333,772,0.344559585492228,0.2921551728881703,0.052404412604057704,0.004045620653033255,1.9812876166766171,0.819101445338269
bayesfl_observability_v1,vi_lr0p0005_b64_e2,20,vi,global_test,,,5,0.3333333333333333,0.4,181,0.47513812154696133,0.35727233797805746,0.11786578356890387,0.00213337068259716,1.811450901281768,0.7506874554394358
bayesfl_observability_v1,vi_lr0p0005_b64_e2,20,vi,global_test,,,6,0.4,0.4666666666666667,50,0.64,0.42873880207538606,0.21126119792461395,0.0010563059896230697,1.5116144347190856,0.6220389431715012
bayesfl_observability_v1,vi_lr0p0005_b64_e2,20,vi,global_test,,,7,0.4666666666666667,0.5333333333333333,9,0.8888888888888888,0.5021788908375634,0.38670999805132544,0.0003480389982461929,0.8846788936191134,0.3681478798389435
bayesfl_observability_v1,vi_lr0p0005_b64_e2,20,vi,global_test,,,8,0.5333333333333333,0.6,4,0.75,0.5439072549343109,0.2060927450656891,8.243709802627564e-05,1.2513042092323303,0.48678090050816536
bayesfl_observability_v1,vi_lr0p0005_b64_e2,20,vi,global_test,,,9,0.6,0.6666666666666666,0,,,,,,
bayesfl_observability_v1,vi_lr0p0005_b64_e2,20,vi,global_test,,,10,0.6666666666666666,0.7333333333333333,0,,,,,,
bayesfl_observability_v1,vi_lr0p0005_b64_e2,20,vi,global_test,,,11,0.7333333333333333,0.8,0,,,,,,
bayesfl_observability_v1,vi_lr0p0005_b64_e2,20,vi,global_test,,,12,0.8,0.8666666666666667,0,,,,,,
bayesfl_observability_v1,vi_lr0p0005_b64_e2,20,vi,global_test,,,13,0.8666666666666667,0.9333333333333333,0,,,,,,
bayesfl_observability_v1,vi_lr0p0005_b64_e2,20,vi,global_test,,,14,0.9333333333333333,1.0,0,,,,,,
bayesfl_observability_v1,vi_lr0p0005_b64_e2,21,vi,global_test,,,0,0.0,0.06666666666666667,0,,,,,,
bayesfl_observability_v1,vi_lr0p0005_b64_e2,21,vi,global_test,,,1,0.06666666666666667,0.13333333333333333,137,0.10948905109489052,0.12902682187565923,0.01953777078076871,0.00026766745969653135,2.229307052862905,0.8868679948096728
bayesfl_observability_v1,vi_lr0p0005_b64_e2,21,vi,global_test,,,2,0.13333333333333333,0.2,6431,0.2620121287513606,0.1696317698050576,0.092380358946303,0.05940980883836746,2.1168543320757998,0.8608977563680377
bayesfl_observability_v1,vi_lr0p0005_b64_e2,21,vi,global_test,,,3,0.2,0.26666666666666666,2877,0.362182829336114,0.2244847561279684,0.13769807320814562,0.039615735661983495,1.9992974847814131,0.825581192100135
bayesfl_observability_v1,vi_lr0p0005_b64_e2,21,vi,global_test,,,4,0.26666666666666666,0.3333333333333333,478,0.5125523012552301,0.2903353579997019,0.2222169432555282,0.010621969887614248,1.7766575047660573,0.7516765115650129
bayesfl_observability_v1,vi_lr0p0005_b64_e2,21,vi,global_test,,,5,0.3333333333333333,0.4,66,0.6515151515151515,0.35559833456169476,0.29591681695345673,0.0019530509918928142,1.6020350140152555,0.6621953018686988
bayesfl_observability_v1,vi_lr0p0005_b64_e2,21,vi,global_test,,,6,0.4,0.4666666666666667,9,0.6666666666666666,0.414324551820755,0.2523421148459116,0.00022710790336132045,1.5809417631891038,0.6240710384315915
bayesfl_observability_v1,vi_lr0p0005_b64_e2,21,vi,global_test,,,7,0.4666666666666667,0.5333333333333333,2,1.0,0.49851277470588684,0.5014872252941132,0.00010029744505882263,0.6961318552494049,0.28544530272483826
bayesfl_observability_v1,vi_lr0p0005_b64_e2,21,vi,global_test,,,8,0.5333333333333333,0.6,0,,,,,,
bayesfl_observability_v1,vi_lr0p0005_b64_e2,21,vi,global_test,,,9,0.6,0.6666666666666666,0,,,,,,
bayesfl_observability_v1,vi_lr0p0005_b64_e2,21,vi,global_test,,,10,0.6666666666666666,0.7333333333333333,0,,,,,,
bayesfl_observability_v1,vi_lr0p0005_b64_e2,21,vi,global_test,,,11,0.7333333333333333,0.8,0,,,,,,
bayesfl_observability_v1,vi_lr0p0005_b64_e2,21,vi,global_test,,,12,0.8,0.8666666666666667,0,,,,,,
bayesfl_observability_v1,vi_lr0p0005_b64_e2,21,vi,global_test,,,13,0.8666666666666667,0.9333333333333333,0,,,,,,
bayesfl_observability_v1,vi_lr0p0005_b64_e2,21,vi,global_test,,,14,0.9333333333333333,1.0,0,,,,,,
bayesfl_observability_v1,vi_lr0p0005_b64_e2,22,vi,global_test,,,0,0.0,0.06666666666666667,0,,,,,,
bayesfl_observability_v1,vi_lr0p0005_b64_e2,22,vi,global_test,,,1,0.06666666666666667,0.13333333333333333,166,0.21084337349397592,0.12878052383122673,0.08206284966274918,0.0013622433044016365,2.214182553521122,0.8834856192031538
bayesfl_observability_v1,vi_lr0p0005_b64_e2,22,vi,global_test,,,2,0.13333333333333333,0.2,6281,0.25425887597516317,0.1697818305040313,0.08447704547113186,0.053060032260417916,2.1154170853946264,0.8611726091272833
bayesfl_observability_v1,vi_lr0p0005_b64_e2,22,vi,global_test,,,3,0.2,0.26666666666666666,2958,0.37390128465179173,0.2250935896737419,0.14880769497804983,0.04401731617450714,1.985753010059225,0.8232147218892508
bayesfl_observability_v1,vi_lr0p0005_b64_e2,22,vi,global_test,,,4,0.26666666666666666,0.3333333333333333,489,0.5010224948875256,0.29039448578908644,0.21062800909843915,0.010299709644913675,1.7883441706620355,0.756082407292169
bayesfl_observability_v1,vi_lr0p0005_b64_e2,22,vi,global_test,,,5,0.3333333333333333,0.4,92,0.717391304347826,0.35535652676354285,0.3620347775842832,0.0033307199537754052,1.471731266249781,0.6257983575696531
bayesfl_observability_v1,vi_lr0p0005_b64_e2,22,vi,global_test,,,6,0.4,0.4666666666666667,13,0.7692307692307693,0.42803404193658096,0.3411967272941883,0.00044355574548244486,1.2252127482340887,0.5276820888886085
bayesfl_observability_v1,vi_lr0p0005_b64_e2,22,vi,global_test,,,7,0.4666666666666667,0.5333333333333333,1,1.0,0.5121716856956482,0.4878283143043518,4.878283143043518e-05,0.6690953969955444,0.267201691865921
bayesfl_observability_v1,vi_lr0p0005_b64_e2,22,vi,global_test,,,8,0.5333333333333333,0.6,0,,,,,,
bayesfl_observability_v1,vi_lr0p0005_b64_e2,22,vi,global_test,,,9,0.6,0.6666666666666666,0,,,,,,
bayesfl_observability_v1,vi_lr0p0005_b64_e2,22,vi,global_test,,,10,0.6666666666666666,0.7333333333333333,0,,,,,,
bayesfl_observability_v1,vi_lr0p0005_b64_e2,22,vi,global_test,,,11,0.7333333333333333,0.8,0,,,,,,
bayesfl_observability_v1,vi_lr0p0005_b64_e2,22,vi,global_test,,,12,0.8,0.8666666666666667,0,,,,,,
bayesfl_observability_v1,vi_lr0p0005_b64_e2,22,vi,global_test,,,13,0.8666666666666667,0.9333333333333333,0,,,,,,
bayesfl_observability_v1,vi_lr0p0005_b64_e2,22,vi,global_test,,,14,0.9333333333333333,1.0,0,,,,,,
bayesfl_observability_v1,vi_lr0p0005_b64_e2,23,vi,global_test,,,0,0.0,0.06666666666666667,0,,,,,,
bayesfl_observability_v1,vi_lr0p0005_b64_e2,23,vi,global_test,,,1,0.06666666666666667,0.13333333333333333,134,0.1791044776119403,0.12903631951159505,0.050068158100345234,0.0006709133185446261,2.211744602046796,0.8828254995951011
bayesfl_observability_v1,vi_lr0p0005_b64_e2,23,vi,global_test,,,2,0.13333333333333333,0.2,6211,0.2555144099178876,0.17048667514022856,0.08502773477765904,0.05281072607040403,2.1211106070495616,0.8621288875204568
bayesfl_observability_v1,vi_lr0p0005_b64_e2,23,vi,global_test,,,3,0.2,0.26666666666666666,3035,0.3911037891268534,0.22443977085723124,0.16666401826962216,0.05058252954483032,1.9664444836988872,0.8172463157817206
bayesfl_observability_v1,vi_lr0p0005_b64_e2,23,vi,global_test,,,4,0.26666666666666666,0.3333333333333333,531,0.5310734463276836,0.28887109253590615,0.24220235379177746,0.012860944986343385,1.7606121723710255,0.7460600136588074
bayesfl_observability_v1,vi_lr0p0005_b64_e2,23,vi,global_test,,,5,0.3333333333333333,0.4,73,0.726027397260274,0.35561546642486364,0.37041193083541035,0.0027040070950984955,1.4679614117700759,0.6257143290075537
bayesfl_observability_v1,vi_lr0p0005_b64_e2,23,vi,global_test,,,6,0.4,0.4666666666666667,14,0.5714285714285714,0.42582721369607107,0.14560135773250032,0.00020384190082550045,1.551106985126223,0.6580271146127156
bayesfl_observability_v1,vi_lr0p0005_b64_e2,23,vi,global_test,,,7,0.4666666666666667,0.5333333333333333,2,0.5,0.48386602103710175,0.016133978962898254,3.226795792579651e-06,1.343917191028595,0.6391117423772812
bayesfl_observability_v1,vi_lr0p0005_b64_e2,23,vi,global_test,,,8,0.5333333333333333,0.6,0,,,,,,
bayesfl_observability_v1,vi_lr0p0005_b64_e2,23,vi,global_test,,,9,0.6,0.6666666666666666,0,,,,,,
bayesfl_observability_v1,vi_lr0p0005_b64_e2,23,vi,global_test,,,10,0.6666666666666666,0.7333333333333333,0,,,,,,
bayesfl_observability_v1,vi_lr0p0005_b64_e2,23,vi,global_test,,,11,0.7333333333333333,0.8,0,,,,,,
bayesfl_observability_v1,vi_lr0p0005_b64_e2,23,vi,global_test,,,12,0.8,0.8666666666666667,0,,,,,,
bayesfl_observability_v1,vi_lr0p0005_b64_e2,23,vi,global_test,,,13,0.8666666666666667,0.9333333333333333,0,,,,,,
bayesfl_observability_v1,vi_lr0p0005_b64_e2,23,vi,global_test,,,14,0.9333333333333333,1.0,0,,,,,,
bayesfl_observability_v1,vi_lr0p0005_b64_e2,24,vi,global_test,,,0,0.0,0.06666666666666667,0,,,,,,
bayesfl_observability_v1,vi_lr0p0005_b64_e2,24,vi,global_test,,,1,0.06666666666666667,0.13333333333333333,39,0.20512820512820512,0.12973023492556351,0.0753979702026416,0.0002940520837903023,2.275672863691281,0.8948242159990164
bayesfl_observability_v1,vi_lr0p0005_b64_e2,24,vi,global_test,,,2,0.13333333333333333,0.2,3680,0.19184782608695652,0.17460025460661754,0.01724757148033898,0.006347106304764745,2.151278309588847,0.8706144530812036
bayesfl_observability_v1,vi_lr0p0005_b64_e2,24,vi,global_test,,,3,0.2,0.26666666666666666,3768,0.2059447983014862,0.2291848065683543,0.02324000826686809,0.008756835114955897,2.119979870800253,0.8637946826384073
bayesfl_observability_v1,vi_lr0p0005_b64_e2,24,vi,global_test,,,4,0.26666666666666666,0.3333333333333333,1521,0.28402366863905326,0.29602668406460175,0.012003015425548491,0.0018256586462259254,2.0436818870096753,0.8414323513716322
bayesfl_observability_v1,vi_lr0p0005_b64_e2,24,vi,global_test,,,5,0.3333333333333333,0.4,625,0.4816,0.36288589205741884,0.11871410794258114,0.007419631746411321,1.7719452066421508,0.7417287883281708
bayesfl_observability_v1,vi_lr0p0005_b64_e2,24,vi,global_test,,,6,0.4,0.4666666666666667,246,0.6544715447154471,0.42626197175766395,0.22820957295778316,0.005613955494761466,1.4784903880057296,0.6136632010461839
bayesfl_observability_v1,vi_lr0p0005_b64_e2,24,vi,global_test,,,7,0.4666666666666667,0.5333333333333333,92,0.7608695652173914,0.4956968889936157,0.26517267622377566,0.002439588621258736,1.1904703061217847,0.48846744292456173
bayesfl_observability_v1,vi_lr0p0005_b64_e2,24,vi,global_test,,,8,0.5333333333333333,0.6,27,0.9259259259259259,0.5554136170281304,0.3705123088977955,0.0010003832340240478,0.7357111021324441,0.2966895186238819
bayesfl_observability_v1,vi_lr0p0005_b64_e2,24,vi,global_test,,,9,0.6,0.6666666666666666,2,0.5,0.6176049113273621,0.11760491132736206,2.3520982265472412e-05,2.273974448442459,0.7728158235549927
bayesfl_observability_v1,vi_lr0p0005_b64_e2,24,vi,global_test,,,10,0.6666666666666666,0.7333333333333333,0,,,,,,
bayesfl_observability_v1,vi_lr0p0005_b64_e2,24,vi,global_test,,,11,0.7333333333333333,0.8,0,,,,,,
bayesfl_observability_v1,vi_lr0p0005_b64_e2,24,vi,global_test,,,12,0.8,0.8666666666666667,0,,,,,,
bayesfl_observability_v1,vi_lr0p0005_b64_e2,24,vi,global_test,,,13,0.8666666666666667,0.9333333333333333,0,,,,,,
bayesfl_observability_v1,vi_lr0p0005_b64_e2,24,vi,global_test,,,14,0.9333333333333333,1.0,0,,,,,,
bayesfl_observability_v1,vi_lr0p0005_b64_e2,25,vi,global_test,,,0,0.0,0.06666666666666667,0,,,,,,
bayesfl_observability_v1,vi_lr0p0005_b64_e2,25,vi,global_test,,,1,0.06666666666666667,0.13333333333333333,36,0.1111111111111111,0.12956293299794197,0.018451821886830866,6.642655879259111e-05,2.212422556347317,0.8831465807225969
bayesfl_observability_v1,vi_lr0p0005_b64_e2,25,vi,global_test,,,2,0.13333333333333333,0.2,4121,0.2057752972579471,0.17490526171049947,0.030870035547447633,0.012721541649103168,2.1466730454974137,0.8692329575557843
bayesfl_observability_v1,vi_lr0p0005_b64_e2,25,vi,global_test,,,3,0.2,0.26666666666666666,3913,0.3007922310247892,0.22793360978722907,0.07285862123756012,0.028509578490257273,2.0526780655644234,0.8423678795151354
bayesfl_observability_v1,vi_lr0p0005_b64_e2,25,vi,global_test,,,4,0.26666666666666666,0.3333333333333333,1366,0.4377745241581259,0.29384325008353934,0.14393127407458656,0.019661012038588523,1.9048285034006547,0.7884116891886095
bayesfl_observability_v1,vi_lr0p0005_b64_e2,25,vi,global_test,,,5,0.3333333333333333,0.4,405,0.6345679012345679,0.36052652921205686,0.274041372022511,0.011098675566911695,1.55892242340394,0.6597564774530905
bayesfl_observability_v1,vi_lr0p0005_b64_e2,25,vi,global_test,,,6,0.4,0.4666666666666667,110,0.8,0.42683246650479056,0.3731675334952095,0.0041048428684473046,1.158196012540297,0.5027287740599026
bayesfl_observability_v1,vi_lr0p0005_b64_e2,25,vi,global_test,,,7,0.4666666666666667,0.5333333333333333,43,0.8837209302325582,0.49180525125459185,0.3919156789779663,0.001685237419605255,0.8972036256346592,0.3830505782781645
bayesfl_observability_v1,vi_lr0p0005_b64_e2,25,vi,global_test,,,8,0.5333333333333333,0.6,6,1.0,0.5521312455336252,0.44786875446637475,0.00026872125267982485,0.5941773056983948,0.22939181327819824
bayesfl_observability_v1,vi_lr0p0005_b64_e2,25,vi,global_test,,,9,0.6,0.6666666666666666,0,,,,,,
bayesfl_observability_v1,vi_lr0p0005_b64_e2,25,vi,global_test,,,10,0.6666666666666666,0.7333333333333333,0,,,,,,
bayesfl_observability_v1,vi_lr0p0005_b64_e2,25,vi,global_test,,,11,0.7333333333333333,0.8,0,,,,,,
bayesfl_observability_v1,vi_lr0p0005_b64_e2,25,vi,global_test,,,12,0.8,0.8666666666666667,0,,,,,,
bayesfl_observability_v1,vi_lr0p0005_b64_e2,25,vi,global_test,,,13,0.8666666666666667,0.9333333333333333,0,,,,,,
bayesfl_observability_v1,vi_lr0p0005_b64_e2,25,vi,global_test,,,14,0.9333333333333333,1.0,0,,,,,,
bayesfl_observability_v1,vi_lr0p0005_b64_e2,26,vi,global_test,,,0,0.0,0.06666666666666667,0,,,,,,
bayesfl_observability_v1,vi_lr0p0005_b64_e2,26,vi,global_test,,,1,0.06666666666666667,0.13333333333333333,61,0.14754098360655737,0.12860301161398652,0.018937971992570857,0.00011552162915468223,2.2602250654189313,0.8918254267973978
bayesfl_observability_v1,vi_lr0p0005_b64_e2,26,vi,global_test,,,2,0.13333333333333333,0.2,4883,0.22957198443579765,0.1722293158742509,0.05734266856154677,0.028000425058603288,2.122930897031679,0.8636284568820994
bayesfl_observability_v1,vi_lr0p0005_b64_e2,26,vi,global_test,,,3,0.2,0.26666666666666666,3588,0.34977703455964326,0.2276870297681262,0.12209000479151708,0.043805893719196326,1.9934785262398098,0.8257305033363759
bayesfl_observability_v1,vi_lr0p0005_b64_e2,26,vi,global_test,,,4,0.26666666666666666,0.3333333333333333,1029,0.5733722060252673,0.2924046167131763,0.280967589312091,0.028911564940214164,1.7024114735504166,0.7274821734868634
bayesfl_observability_v1,vi_lr0p0005_b64_e2,26,vi,global_test,,,5,0.3333333333333333,0.4,309,0.7669902912621359,0.3608164560640514,0.40617383519808453,0.012550771507620812,1.3443427834310193,0.5866944994355483
bayesfl_observability_v1,vi_lr0p0005_b64_e2,26,vi,global_test,,,6,0.4,0.4666666666666667,99,0.8484848484848485,0.4246386286586222,0.42384621982622633,0.004196077576279641,1.142861884049695,0.48210089405377704
bayesfl_observability_v1,vi_lr0p0005_b64_e2,26,vi,global_test,,,7,0.4666666666666667,0.5333333333333333,25,1.0,0.49120371460914614,0.5087962853908539,0.0012719907134771348,0.7115847754478455,0.2969957149028778
bayesfl_observability_v1,vi_lr0p0005_b64_e2,26,vi,global_test,,,8,0.5333333333333333,0.6,6,1.0,0.5523044864336649,0.4476955135663351,0.000268617308139801,0.5940268139044443,0.2281319002310435
bayesfl_observability_v1,vi_lr0p0005_b64_e2,26,vi,global_test,,,9,0.6,0.6666666666666666,0,,,,,,
bayesfl_observability_v1,vi_lr0p0005_b64_e2,26,vi,global_test,,,10,0.6666666666666666,0.7333333333333333,0,,,,,,
bayesfl_observability_v1,vi_lr0p0005_b64_e2,26,vi,global_test,,,11,0.7333333333333333,0.8,0,,,,,,
bayesfl_observability_v1,vi_lr0p0005_b64_e2,26,vi,global_test,,,12,0.8,0.8666666666666667,0,,,,,,
bayesfl_observability_v1,vi_lr0p0005_b64_e2,26,vi,global_test,,,13,0.8666666666666667,0.9333333333333333,0,,,,,,
bayesfl_observability_v1,vi_lr0p0005_b64_e2,26,vi,global_test,,,14,0.9333333333333333,1.0,0,,,,,,
bayesfl_observability_v1,vi_lr0p0005_b64_e2,27,vi,global_test,,,0,0.0,0.06666666666666667,0,,,,,,
bayesfl_observability_v1,vi_lr0p0005_b64_e2,27,vi,global_test,,,1,0.06666666666666667,0.13333333333333333,52,0.19230769230769232,0.12955687524607548,0.06275081706161684,0.0003263042487204076,2.198941877255073,0.8809224562003062
bayesfl_observability_v1,vi_lr0p0005_b64_e2,27,vi,global_test,,,2,0.13333333333333333,0.2,3995,0.22878598247809762,0.17422909744093207,0.05455688503716555,0.021795475572347636,2.118774824775056,0.8626455254489102
bayesfl_observability_v1,vi_lr0p0005_b64_e2,27,vi,global_test,,,3,0.2,0.26666666666666666,3709,0.3057427878134268,0.22862106476488317,0.07712172304854362,0.02860444707870483,2.0067323312890535,0.8323094009806699
bayesfl_observability_v1,vi_lr0p0005_b64_e2,27,vi,global_test,,,4,0.26666666666666666,0.3333333333333333,1410,0.3879432624113475,0.2944150577411584,0.09352820467018913,0.013187476858496666,1.9172618510875297,0.797870431005532
bayesfl_observability_v1,vi_lr0p0005_b64_e2,27,vi,global_test,,,5,0.3333333333333333,0.4,522,0.5153256704980843,0.3615595630987394,0.15376610739934493,0.008026590806245805,1.7116856810233603,0.7206991154457875
bayesfl_observability_v1,vi_lr0p0005_b64_e2,27,vi,global_test,,,6,0.4,0.4666666666666667,202,0.7326732673267327,0.4283259251330159,0.3043473421937168,0.0061478163123130794,1.2796272092526502,0.5484005720308511
bayesfl_observability_v1,vi_lr0p0005_b64_e2,27,vi,global_test,,,7,0.4666666666666667,0.5333333333333333,76,0.868421052631579,0.49388888791987773,0.37453216471170125,0.0028464444518089293,0.9660602470761851,0.4025110688648726
bayesfl_observability_v1,vi_lr0p0005_b64_e2,27,vi,global_test,,,8,0.5333333333333333,0.6,29,0.9655172413793104,0.5584274201557554,0.40708982122355497,0.0011805604815483092,0.6521931290626526,0.25426968572468595
bayesfl_observability_v1,vi_lr0p0005_b64_e2,27,vi,global_test,,,9,0.6,0.6666666666666666,5,1.0,0.6229714632034302,0.3770285367965698,0.00018851426839828488,0.4734450101852417,0.1638903945684433
bayesfl_observability_v1,vi_lr0p0005_b64_e2,27,vi,global_test,,,10,0.6666666666666666,0.7333333333333333,0,,,,,,
bayesfl_observability_v1,vi_lr0p0005_b64_e2,27,vi,global_test,,,11,0.7333333333333333,0.8,0,,,,,,
bayesfl_observability_v1,vi_lr0p0005_b64_e2,27,vi,global_test,,,12,0.8,0.8666666666666667,0,,,,,,
bayesfl_observability_v1,vi_lr0p0005_b64_e2,27,vi,global_test,,,13,0.8666666666666667,0.9333333333333333,0,,,,,,
bayesfl_observability_v1,vi_lr0p0005_b64_e2,27,vi,global_test,,,14,0.9333333333333333,1.0,0,,,,,,
bayesfl_observability_v1,vi_lr0p0005_b64_e2,28,vi,global_test,,,0,0.0,0.06666666666666667,0,,,,,,
bayesfl_observability_v1,vi_lr0p0005_b64_e2,28,vi,global_test,,,1,0.06666666666666667,0.13333333333333333,88,0.19318181818181818,0.12836995289068331,0.06481186529113486,0.0005703444145619867,2.2564030316742985,0.8917086578228257
bayesfl_observability_v1,vi_lr0p0005_b64_e2,28,vi,global_test,,,2,0.13333333333333333,0.2,4823,0.24051420277835373,0.1723477079145102,0.06816649486384352,0.032876700472831734,2.113988801302466,0.8614464501189711
bayesfl_observability_v1,vi_lr0p0005_b64_e2,28,vi,global_test,,,3,0.2,0.26666666666666666,3660,0.39207650273224043,0.22767213166085748,0.16440437107138295,0.06017199981212616,1.925378194402476,0.8086544331305665
bayesfl_observability_v1,vi_lr0p0005_b64_e2,28,vi,global_test,,,4,0.26666666666666666,0.3333333333333333,1051,0.5556612749762131,0.29236083306889665,0.26330044190731644,0.027672876444458955,1.6738690791189046,0.7240891506510843
bayesfl_observability_v1,vi_lr0p0005_b64_e2,28,vi,global_test,,,5,0.3333333333333333,0.4,292,0.726027397260274,0.35910233018332965,0.36692506707694433,0.010714211958646774,1.3776273749870798,0.6051255836062235
bayesfl_observability_v1,vi_lr0p0005_b64_e2,28,vi,global_test,,,6,0.4,0.4666666666666667,67,0.8656716417910447,0.42866910126671864,0.4370025405243261,0.002927917021512985,1.060991381531331,0.4645860226296667
bayesfl_observability_v1,vi_lr0p0005_b64_e2,28,vi,global_test,,,7,0.4666666666666667,0.5333333333333333,15,0.8,0.48912051717440286,0.3108794828255972,0.0004663192242383958,1.116145408153534,0.46614055236180624
bayesfl_observability_v1,vi_lr0p0005_b64_e2,28,vi,global_test,,,8,0.5333333333333333,0.6,4,1.0,0.5773260593414307,0.42267394065856934,0.00016906957626342773,0.5498306602239609,0.2026098147034645
bayesfl_observability_v1,vi_lr0p0005_b64_e2,28,vi,global_test,,,9,0.6,0.6666666666666666,0,,,,,,
bayesfl_observability_v1,vi_lr0p0005_b64_e2,28,vi,global_test,,,10,0.6666666666666666,0.7333333333333333,0,,,,,,
bayesfl_observability_v1,vi_lr0p0005_b64_e2,28,vi,global_test,,,11,0.7333333333333333,0.8,0,,,,,,
bayesfl_observability_v1,vi_lr0p0005_b64_e2,28,vi,global_test,,,12,0.8,0.8666666666666667,0,,,,,,
bayesfl_observability_v1,vi_lr0p0005_b64_e2,28,vi,global_test,,,13,0.8666666666666667,0.9333333333333333,0,,,,,,
bayesfl_observability_v1,vi_lr0p0005_b64_e2,28,vi,global_test,,,14,0.9333333333333333,1.0,0,,,,,,
bayesfl_observability_v1,vi_lr0p0005_b64_e2,29,vi,global_test,,,0,0.0,0.06666666666666667,0,,,,,,
bayesfl_observability_v1,vi_lr0p0005_b64_e2,29,vi,global_test,,,1,0.06666666666666667,0.13333333333333333,48,0.10416666666666667,0.12845605503146848,0.02428938836480181,0.00011658906415104868,2.214717855056127,0.8837405120333036
bayesfl_observability_v1,vi_lr0p0005_b64_e2,29,vi,global_test,,,2,0.13333333333333333,0.2,3528,0.19954648526077098,0.17472609125770408,0.024820394003066903,0.008756635004282004,2.1584315732493153,0.8716533031998849
bayesfl_observability_v1,vi_lr0p0005_b64_e2,29,vi,global_test,,,3,0.2,0.26666666666666666,3799,0.2679652540142143,0.22967587862870792,0.03828937538550636,0.014546133708953869,2.0310486564827017,0.8405144232830019
bayesfl_observability_v1,vi_lr0p0005_b64_e2,29,vi,global_test,,,4,0.26666666666666666,0.3333333333333333,1667,0.3929214157168566,0.29473913170008437,0.09818228401677226,0.016366986745595936,1.8282743326975475,0.7792972061686982
bayesfl_observability_v1,vi_lr0p0005_b64_e2,29,vi,global_test,,,5,0.3333333333333333,0.4,603,0.5588723051409619,0.3611993176822441,0.19767298745871775,0.011919681143760682,1.5622884944501405,0.6832133272097478
bayesfl_observability_v1,vi_lr0p0005_b64_e2,29,vi,global_test,,,6,0.4,0.4666666666666667,249,0.751004016064257,0.4304207819532678,0.32058323411098927,0.007982522529363632,1.2365887112406841,0.5447580030404899
bayesfl_observability_v1,vi_lr0p0005_b64_e2,29,vi,global_test,,,7,0.4666666666666667,0.5333333333333333,73,0.8904109589041096,0.49596447364924706,0.39444648525486253,0.0028794593423604967,0.869340814956247,0.38246099630447283
bayesfl_observability_v1,vi_lr0p0005_b64_e2,29,vi,global_test,,,8,0.5333333333333333,0.6,21,0.9047619047619048,0.5655386277607509,0.33922327700115384,0.0007123688817024231,0.7648751565388271,0.31635938797678265
bayesfl_observability_v1,vi_lr0p0005_b64_e2,29,vi,global_test,,,9,0.6,0.6666666666666666,9,1.0,0.6274386975500319,0.3725613024499681,0.0003353051722049713,0.46667222181955975,0.16210060980584887
bayesfl_observability_v1,vi_lr0p0005_b64_e2,29,vi,global_test,,,10,0.6666666666666666,0.7333333333333333,3,1.0,0.6971127192179362,0.30288728078206384,9.086618423461916e-05,0.36122337977091473,0.10441948970158894
bayesfl_observability_v1,vi_lr0p0005_b64_e2,29,vi,global_test,,,11,0.7333333333333333,0.8,0,,,,,,
bayesfl_observability_v1,vi_lr0p0005_b64_e2,29,vi,global_test,,,12,0.8,0.8666666666666667,0,,,,,,
bayesfl_observability_v1,vi_lr0p0005_b64_e2,29,vi,global_test,,,13,0.8666666666666667,0.9333333333333333,0,,,,,,
bayesfl_observability_v1,vi_lr0p0005_b64_e2,29,vi,global_test,,,14,0.9333333333333333,1.0,0,,,,,,
bayesfl_observability_v1,vi_lr0p0005_b64_e2,30,vi,global_test,,,0,0.0,0.06666666666666667,0,,,,,,
bayesfl_observability_v1,vi_lr0p0005_b64_e2,30,vi,global_test,,,1,0.06666666666666667,0.13333333333333333,50,0.18,0.1292698048055172,0.0507301951944828,0.00025365097597241396,2.2306266593933106,0.886856142282486
bayesfl_observability_v1,vi_lr0p0005_b64_e2,30,vi,global_test,,,2,0.13333333333333333,0.2,4016,0.21165338645418327,0.17388829208940149,0.03776509436478179,0.015166461896896365,2.1453120955433027,0.8682711414131985
bayesfl_observability_v1,vi_lr0p0005_b64_e2,30,vi,global_test,,,3,0.2,0.26666666666666666,3838,0.3389786347055758,0.22888882375123787,0.11008981095433795,0.04225246944427491,1.9618852584544664,0.8204044135303905
bayesfl_observability_v1,vi_lr0p0005_b64_e2,30,vi,global_test,,,4,0.26666666666666666,0.3333333333333333,1473,0.5145960624575696,0.2949067294112048,0.2196893330463648,0.03236023875772954,1.7049905964086756,0.7380869230767617
bayesfl_observability_v1,vi_lr0p0005_b64_e2,30,vi,global_test,,,5,0.3333333333333333,0.4,428,0.6799065420560748,0.35945276505200663,0.3204537770040682,0.01371542165577412,1.4059442351354616,0.6247739081627854
bayesfl_observability_v1,vi_lr0p0005_b64_e2,30,vi,global_test,,,6,0.4,0.4666666666666667,125,0.824,0.4285429656505585,0.39545703434944146,0.004943212929368018,1.1413022060394287,0.4970954020023346
bayesfl_observability_v1,vi_lr0p0005_b64_e2,30,vi,global_test,,,7,0.4666666666666667,0.5333333333333333,45,0.9333333333333333,0.4952326556046804,0.43810067772865297,0.001971453049778938,0.8347610818015204,0.3506477197011312
bayesfl_observability_v1,vi_lr0p0005_b64_e2,30,vi,global_test,,,8,0.5333333333333333,0.6,17,0.9411764705882353,0.5510573071591994,0.39011916342903585,0.000663202577829361,0.6984714480007396,0.2852771702934714
bayesfl_observability_v1,vi_lr0p0005_b64_e2,30,vi,global_test,,,9,0.6,0.6666666666666666,6,1.0,0.6218980650107065,0.37810193498929345,0.00022686116099357605,0.4754891594250997,0.16485215723514557
bayesfl_observability_v1,vi_lr0p0005_b64_e2,30,vi,global_test,,,10,0.6666666666666666,0.7333333333333333,2,1.0,0.6890122294425964,0.31098777055740356,6.219755411148071e-05,0.3726297616958618,0.11104349792003632
bayesfl_observability_v1,vi_lr0p0005_b64_e2,30,vi,global_test,,,11,0.7333333333333333,0.8,0,,,,,,
bayesfl_observability_v1,vi_lr0p0005_b64_e2,30,vi,global_test,,,12,0.8,0.8666666666666667,0,,,,,,
bayesfl_observability_v1,vi_lr0p0005_b64_e2,30,vi,global_test,,,13,0.8666666666666667,0.9333333333333333,0,,,,,,
bayesfl_observability_v1,vi_lr0p0005_b64_e2,30,vi,global_test,,,14,0.9333333333333333,1.0,0,,,,,,
bayesfl_observability_v1,vi_lr0p0005_b64_e2,31,vi,global_test,,,0,0.0,0.06666666666666667,0,,,,,,
bayesfl_observability_v1,vi_lr0p0005_b64_e2,31,vi,global_test,,,1,0.06666666666666667,0.13333333333333333,34,0.058823529411764705,0.12850642028976889,0.06968289087800418,0.00023692182898521423,2.277082022498636,0.8948086114490733
bayesfl_observability_v1,vi_lr0p0005_b64_e2,31,vi,global_test,,,2,0.13333333333333333,0.2,3356,0.21722288438617401,0.17545169423177784,0.041771190154396176,0.014018411415815356,2.134276411388429,0.8663014400843642
bayesfl_observability_v1,vi_lr0p0005_b64_e2,31,vi,global_test,,,3,0.2,0.26666666666666666,3799,0.3156093708870755,0.22988352840842308,0.08572584247865245,0.03256724755764007,1.980290434742702,0.827425856689429
bayesfl_observability_v1,vi_lr0p0005_b64_e2,31,vi,global_test,,,4,0.26666666666666666,0.3333333333333333,1768,0.3919683257918552,0.29477530798761015,0.09719301780424505,0.017183725547790525,1.8472900568629822,0.7851962496387473
bayesfl_observability_v1,vi_lr0p0005_b64_e2,31,vi,global_test,,,5,0.3333333333333333,0.4,670,0.49402985074626865,0.3619648897825782,0.13206496096369047,0.008848352384567262,1.65853860609567,0.7183251926258428
bayesfl_observability_v1,vi_lr0p0005_b64_e2,31,vi,global_test,,,6,0.4,0.4666666666666667,256,0.66796875,0.4276539192069322,0.2403148307930678,0.006152059668302536,1.358972460962832,0.5928933239774778
bayesfl_observability_v1,vi_lr0p0005_b64_e2,31,vi,global_test,,,7,0.4666666666666667,0.5333333333333333,86,0.6511627906976745,0.4936184148455775,0.15754437585209696,0.0013548816323280337,1.2879890335160633,0.5689931442571241
bayesfl_observability_v1,vi_lr0p0005_b64_e2,31,vi,global_test,,,8,0.5333333333333333,0.6,22,0.7272727272727273,0.5599839064207944,0.16728882085193286,0.0003680354058742523,1.1943355473605068,0.4927682497284629
bayesfl_observability_v1,vi_lr0p0005_b64_e2,31,vi,global_test,,,9,0.6,0.6666666666666666,9,0.7777777777777778,0.6311701271269057,0.1466076506508721,0.0001319468855857849,1.1649091707335577,0.42657280961672467
bayesfl_observability_v1,vi_lr0p0005_b64_e2,31,vi,global_test,,,10,0.6666666666666666,0.7333333333333333,0,,,,,,
bayesfl_observability_v1,vi_lr0p0005_b64_e2,31,vi,global_test,,,11,0.7333333333333333,0.8,0,,,,,,
bayesfl_observability_v1,vi_lr0p0005_b64_e2,31,vi,global_test,,,12,0.8,0.8666666666666667,0,,,,,,
bayesfl_observability_v1,vi_lr0p0005_b64_e2,31,vi,global_test,,,13,0.8666666666666667,0.9333333333333333,0,,,,,,
bayesfl_observability_v1,vi_lr0p0005_b64_e2,31,vi,global_test,,,14,0.9333333333333333,1.0,0,,,,,,
bayesfl_observability_v1,vi_lr0p0005_b64_e2,32,vi,global_test,,,0,0.0,0.06666666666666667,0,,,,,,
bayesfl_observability_v1,vi_lr0p0005_b64_e2,32,vi,global_test,,,1,0.06666666666666667,0.13333333333333333,78,0.20512820512820512,0.12895245468005156,0.07617575044815356,0.0005941708534955977,2.225017397831648,0.8851933150719373
bayesfl_observability_v1,vi_lr0p0005_b64_e2,32,vi,global_test,,,2,0.13333333333333333,0.2,4252,0.2603480714957667,0.17302270265872594,0.08732536883704078,0.03713074682950974,2.089230454764272,0.8557354138913518
bayesfl_observability_v1,vi_lr0p0005_b64_e2,32,vi,global_test,,,3,0.2,0.26666666666666666,3608,0.4246119733924612,0.22845410914088035,0.19615786425158085,0.07077375742197037,1.8791970302683287,0.797624306906089
bayesfl_observability_v1,vi_lr0p0005_b64_e2,32,vi,global_test,,,4,0.26666666666666666,0.3333333333333333,1380,0.6289855072463768,0.2937873819599981,0.3351981252863787,0.04625734128952026,1.5783766608307328,0.692906837100568
bayesfl_observability_v1,vi_lr0p0005_b64_e2,32,vi,global_test,,,5,0.3333333333333333,0.4,484,0.7892561983471075,0.3609543693952324,0.4283018289518751,0.020729808521270755,1.2870955571901699,0.5710405882848196
bayesfl_observability_v1,vi_lr0p0005_b64_e2,32,vi,global_test,,,6,0.4,0.4666666666666667,160,0.83125,0.42727745287120344,0.4039725471287966,0.006463560754060745,1.1273788645863534,0.48852830175310374
bayesfl_observability_v1,vi_lr0p0005_b64_e2,32,vi,global_test,,,7,0.4666666666666667,0.5333333333333333,30,1.0,0.490588774283727,0.5094112257162731,0.0015282336771488192,0.7125867704550425,0.3001122345527013
bayesfl_observability_v1,vi_lr0p0005_b64_e2,32,vi,global_test,,,8,0.5333333333333333,0.6,7,1.0,0.5657272679465157,0.43427273205348427,0.00030399091243743894,0.5702927027429853,0.21822944709232875
bayesfl_observability_v1,vi_lr0p0005_b64_e2,32,vi,global_test,,,9,0.6,0.6666666666666666,1,1.0,0.6001799702644348,0.3998200297355652,3.998200297355652e-05,0.5105257034301758,0.19053789973258972
bayesfl_observability_v1,vi_lr0p0005_b64_e2,32,vi,global_test,,,10,0.6666666666666666,0.7333333333333333,0,,,,,,
bayesfl_observability_v1,vi_lr0p0005_b64_e2,32,vi,global_test,,,11,0.7333333333333333,0.8,0,,,,,,
bayesfl_observability_v1,vi_lr0p0005_b64_e2,32,vi,global_test,,,12,0.8,0.8666666666666667,0,,,,,,
bayesfl_observability_v1,vi_lr0p0005_b64_e2,32,vi,global_test,,,13,0.8666666666666667,0.9333333333333333,0,,,,,,
bayesfl_observability_v1,vi_lr0p0005_b64_e2,32,vi,global_test,,,14,0.9333333333333333,1.0,0,,,,,,
bayesfl_observability_v1,vi_lr0p0005_b64_e2,33,vi,global_test,,,0,0.0,0.06666666666666667,0,,,,,,
bayesfl_observability_v1,vi_lr0p0005_b64_e2,33,vi,global_test,,,1,0.06666666666666667,0.13333333333333333,83,0.18072289156626506,0.12762000061661363,0.05310289094965143,0.00044075399488210687,2.2620213089219057,0.8925887590431305
bayesfl_observability_v1,vi_lr0p0005_b64_e2,33,vi,global_test,,,2,0.13333333333333333,0.2,4475,0.3106145251396648,0.17206785037530867,0.13854667476435614,0.06199963695704937,2.0557300395006575,0.8470110166539027
bayesfl_observability_v1,vi_lr0p0005_b64_e2,33,vi,global_test,,,3,0.2,0.26666666666666666,3589,0.4842574533296183,0.22835974176470103,0.25589771156491725,0.0918416886806488,1.8254703639708842,0.7814273589764773
bayesfl_observability_v1,vi_lr0p0005_b64_e2,33,vi,global_test,,,4,0.26666666666666666,0.3333333333333333,1303,0.6976208749040675,0.29301175191506734,0.4046091229890002,0.05272056872546673,1.4975672303395187,0.6669420145697897
bayesfl_observability_v1,vi_lr0p0005_b64_e2,33,vi,global_test,,,5,0.3333333333333333,0.4,403,0.8312655086848635,0.35968632822297053,0.47157918046189296,0.019004640972614284,1.2055008608117588,0.5444046324742935
bayesfl_observability_v1,vi_lr0p0005_b64_e2,33,vi,global_test,,,6,0.4,0.4666666666666667,119,0.8907563025210085,0.42578664597342997,0.4649696565475785,0.005533138912916184,1.0271921498434884,0.45007132983007353
bayesfl_observability_v1,vi_lr0p0005_b64_e2,33,vi,global_test,,,7,0.4666666666666667,0.5333333333333333,23,0.9565217391304348,0.48940606998360675,0.46711566914682806,0.0010743660390377045,0.7911748601042706,0.3336462132308794
bayesfl_observability_v1,vi_lr0p0005_b64_e2,33,vi,global_test,,,8,0.5333333333333333,0.6,3,1.0,0.5475763281186422,0.4524236718813578,0.00013572710156440734,0.6023382544517517,0.23456472158432007
bayesfl_observability_v1,vi_lr0p0005_b64_e2,33,vi,global_test,,,9,0.6,0.6666666666666666,1,1.0,0.6111921668052673,0.38880783319473267,3.8880783319473264e-05,0.49234384298324585,0.1778879463672638
bayesfl_observability_v1,vi_lr0p0005_b64_e2,33,vi,global_test,,,10,0.6666666666666666,0.7333333333333333,1,1.0,0.7025517821311951,0.29744821786880493,2.9744821786880494e-05,0.35303616523742676,0.10067424923181534
bayesfl_observability_v1,vi_lr0p0005_b64_e2,33,vi,global_test,,,11,0.7333333333333333,0.8,0,,,,,,
bayesfl_observability_v1,vi_lr0p0005_b64_e2,33,vi,global_test,,,12,0.8,0.8666666666666667,0,,,,,,
bayesfl_observability_v1,vi_lr0p0005_b64_e2,33,vi,global_test,,,13,0.8666666666666667,0.9333333333333333,0,,,,,,
bayesfl_observability_v1,vi_lr0p0005_b64_e2,33,vi,global_test,,,14,0.9333333333333333,1.0,0,,,,,,
bayesfl_observability_v1,vi_lr0p0005_b64_e2,34,vi,global_test,,,0,0.0,0.06666666666666667,0,,,,,,
bayesfl_observability_v1,vi_lr0p0005_b64_e2,34,vi,global_test,,,1,0.06666666666666667,0.13333333333333333,74,0.21621621621621623,0.12874231507649292,0.08747390113972331,0.0006473068684339525,2.2137544799495386,0.8830913377774728
bayesfl_observability_v1,vi_lr0p0005_b64_e2,34,vi,global_test,,,2,0.13333333333333333,0.2,4267,0.2957581438950082,0.17292688938893616,0.12283125450607205,0.05241209629774095,2.0639096553526244,0.8486203309214029
bayesfl_observability_v1,vi_lr0p0005_b64_e2,34,vi,global_test,,,3,0.2,0.26666666666666666,3596,0.45189098998887656,0.22819675327805974,0.2236942367108168,0.08044044752120973,1.8456956531367656,0.7873750975452886
bayesfl_observability_v1,vi_lr0p0005_b64_e2,34,vi,global_test,,,4,0.26666666666666666,0.3333333333333333,1230,0.6463414634146342,0.2941095044942406,0.35223195892039355,0.0433245309472084,1.5625819312847726,0.6887682541599118
bayesfl_observability_v1,vi_lr0p0005_b64_e2,34,vi,global_test,,,5,0.3333333333333333,0.4,462,0.8008658008658008,0.3609353369061565,0.43993046395964436,0.02032478743493557,1.253176911310716,0.562882149309823
bayesfl_observability_v1,vi_lr0p0005_b64_e2,34,vi,global_test,,,6,0.4,0.4666666666666667,228,0.9473684210526315,0.42581058672645633,0.5215578343261752,0.011891518622636795,0.918667166640884,0.4120885733711092
bayesfl_observability_v1,vi_lr0p0005_b64_e2,34,vi,global_test,,,7,0.4666666666666667,0.5333333333333333,83,0.9518072289156626,0.49658677017832376,0.45522045873733885,0.003778329807519913,0.7803399196590286,0.3314803817186011
bayesfl_observability_v1,vi_lr0p0005_b64_e2,34,vi,global_test,,,8,0.5333333333333333,0.6,36,1.0,0.5634952949153053,0.43650470508469474,0.0015714169383049012,0.5742394145992067,0.2232537240617805
bayesfl_observability_v1,vi_lr0p0005_b64_e2,34,vi,global_test,,,9,0.6,0.6666666666666666,20,1.0,0.6265778541564941,0.37342214584350586,0.0007468442916870118,0.4678301528096199,0.1628260314464569
bayesfl_observability_v1,vi_lr0p0005_b64_e2,34,vi,global_test,,,10,0.6666666666666666,0.7333333333333333,3,1.0,0.6966619292894999,0.3033380707105001,9.100142121315003e-05,0.361902395884196,0.10644362618525822
bayesfl_observability_v1,vi_lr0p0005_b64_e2,34,vi,global_test,,,11,0.7333333333333333,0.8,1,1.0,0.786288857460022,0.21371114253997803,2.1371114253997802e-05,0.2404310554265976,0.05422341823577881
bayesfl_observability_v1,vi_lr0p0005_b64_e2,34,vi,global_test,,,12,0.8,0.8666666666666667,0,,,,,,
bayesfl_observability_v1,vi_lr0p0005_b64_e2,34,vi,global_test,,,13,0.8666666666666667,0.9333333333333333,0,,,,,,
bayesfl_observability_v1,vi_lr0p0005_b64_e2,34,vi,global_test,,,14,0.9333333333333333,1.0,0,,,,,,
bayesfl_observability_v1,vi_lr0p0005_b64_e2,35,vi,global_test,,,0,0.0,0.06666666666666667,0,,,,,,
bayesfl_observability_v1,vi_lr0p0005_b64_e2,35,vi,global_test,,,1,0.06666666666666667,0.13333333333333333,28,0.17857142857142858,0.12920707570655005,0.04936435286487853,0.0001382201880216599,2.209886269909995,0.8810799207006182
bayesfl_observability_v1,vi_lr0p0005_b64_e2,35,vi,global_test,,,2,0.13333333333333333,0.2,3473,0.2870716959401094,0.17543437671084725,0.11163731922926215,0.038771640968322744,2.0464443565959582,0.8453517449955895
bayesfl_observability_v1,vi_lr0p0005_b64_e2,35,vi,global_test,,,3,0.2,0.26666666666666666,4011,0.406133133881825,0.2294216697217817,0.17671146416004327,0.07087896827459335,1.866982264579368,0.7965533000458151
bayesfl_observability_v1,vi_lr0p0005_b64_e2,35,vi,global_test,,,4,0.26666666666666666,0.3333333333333333,1601,0.5715178013741412,0.29478199034463903,0.2767358110295022,0.0443054033458233,1.6426170475404014,0.7174711257945292
bayesfl_observability_v1,vi_lr0p0005_b64_e2,35,vi,global_test,,,5,0.3333333333333333,0.4,624,0.6891025641025641,0.36046267334276283,0.32863989075980127,0.020507129183411597,1.4172533994110732,0.6250118168596274
bayesfl_observability_v1,vi_lr0p0005_b64_e2,35,vi,global_test,,,6,0.4,0.4666666666666667,188,0.8031914893617021,0.42592922138406875,0.3772622679776334,0.007092530637979507,1.106826129428884,0.49838053831394685
bayesfl_observability_v1,vi_lr0p0005_b64_e2,35,vi,global_test,,,7,0.4666666666666667,0.5333333333333333,52,0.9615384615384616,0.49347865409575975,0.4680598074427018,0.002433910998702049,0.8110359563277318,0.33818555680605084
bayesfl_observability_v1,vi_lr0p0005_b64_e2,35,vi,global_test,,,8,0.5333333333333333,0.6,19,1.0,0.5662389774071542,0.43376102259284577,0.0008241459429264071,0.5694027605809664,0.21799998455925992
bayesfl_observability_v1,vi_lr0p0005_b64_e2,35,vi,global_test,,,9,0.6,0.6666666666666666,3,1.0,0.6151172320048014,0.3848827679951986,0.00011546483039855957,0.48609666029612225,0.17094997068246207
bayesfl_observability_v1,vi_lr0p0005_b64_e2,35,vi,global_test,,,10,0.6666666666666666,0.7333333333333333,1,1.0,0.6675323843955994,0.33246761560440063,3.324676156044006e-05,0.40416738390922546,0.1300264149904251
bayesfl_observability_v1,vi_lr0p0005_b64_e2,35,vi,global_test,,,11,0.7333333333333333,0.8,0,,,,,,
bayesfl_observability_v1,vi_lr0p0005_b64_e2,35,vi,global_test,,,12,0.8,0.8666666666666667,0,,,,,,
bayesfl_observability_v1,vi_lr0p0005_b64_e2,35,vi,global_test,,,13,0.8666666666666667,0.9333333333333333,0,,,,,,
bayesfl_observability_v1,vi_lr0p0005_b64_e2,35,vi,global_test,,,14,0.9333333333333333,1.0,0,,,,,,
bayesfl_observability_v1,vi_lr0p0005_b64_e2,36,vi,global_test,,,0,0.0,0.06666666666666667,0,,,,,,
bayesfl_observability_v1,vi_lr0p0005_b64_e2,36,vi,global_test,,,1,0.06666666666666667,0.13333333333333333,38,0.23684210526315788,0.12916376775032595,0.10767833751283193,0.00040917768254876137,2.2222623072172465,0.8828797167853305
bayesfl_observability_v1,vi_lr0p0005_b64_e2,36,vi,global_test,,,2,0.13333333333333333,0.2,3534,0.2855121675155631,0.17491775144779148,0.1105944160677716,0.039084066638350484,2.059368965783629,0.8483351711911135
bayesfl_observability_v1,vi_lr0p0005_b64_e2,36,vi,global_test,,,3,0.2,0.26666666666666666,3959,0.42914877494316744,0.22930451239200214,0.1998442625511653,0.07911834354400635,1.844649754500383,0.7890707298070682
bayesfl_observability_v1,vi_lr0p0005_b64_e2,36,vi,global_test,,,4,0.26666666666666666,0.3333333333333333,1613,0.6026038437693738,0.29439085361681144,0.30821299015256237,0.04971475531160831,1.5801879933954985,0.69752394380735
bayesfl_observability_v1,vi_lr0p0005_b64_e2,36,vi,global_test,,,5,0.3333333333333333,0.4,554,0.7527075812274369,0.3589725993062615,0.39373498192117534,0.02181291799843311,1.308752067252617,0.5860859615600497
bayesfl_observability_v1,vi_lr0p0005_b64_e2,36,vi,global_test,,,6,0.4,0.4666666666666667,213,0.8450704225352113,0.4286076976379878,0.41646272489722347,0.00887065604031086,1.0603106089041268,0.4705156619559991
bayesfl_observability_v1,vi_lr0p0005_b64_e2,36,vi,global_test,,,7,0.4666666666666667,0.5333333333333333,58,0.896551724137931,0.4927173416162359,0.4038343825216951,0.0023422394186258318,0.8722874193355955,0.3728972262349622
bayesfl_observability_v1,vi_lr0p0005_b64_e2,36,vi,global_test,,,8,0.5333333333333333,0.6,23,0.9130434782608695,0.5578623232634171,0.3551811549974524,0.0008169166564941404,0.7625971306925234,0.3084901979436045
bayesfl_observability_v1,vi_lr0p0005_b64_e2,36,vi,global_test,,,9,0.6,0.6666666666666666,5,1.0,0.6423098087310791,0.3576901912689209,0.00017884509563446046,0.4430044651031494,0.1460394501686096
bayesfl_observability_v1,vi_lr0p0005_b64_e2,36,vi,global_test,,,10,0.6666666666666666,0.7333333333333333,3,1.0,0.6850127379099528,0.31498726209004724,9.449617862701417e-05,0.37879636883735657,0.11938774089018504
bayesfl_observability_v1,vi_lr0p0005_b64_e2,36,vi,global_test,,,11,0.7333333333333333,0.8,0,,,,,,
bayesfl_observability_v1,vi_lr0p0005_b64_e2,36,vi,global_test,,,12,0.8,0.8666666666666667,0,,,,,,
bayesfl_observability_v1,vi_lr0p0005_b64_e2,36,vi,global_test,,,13,0.8666666666666667,0.9333333333333333,0,,,,,,
bayesfl_observability_v1,vi_lr0p0005_b64_e2,36,vi,global_test,,,14,0.9333333333333333,1.0,0,,,,,,
bayesfl_observability_v1,vi_lr0p0005_b64_e2,37,vi,global_test,,,0,0.0,0.06666666666666667,0,,,,,,
bayesfl_observability_v1,vi_lr0p0005_b64_e2,37,vi,global_test,,,1,0.06666666666666667,0.13333333333333333,33,0.12121212121212122,0.12931469918200464,0.008102577969883423,2.67385073006153e-05,2.288870760888764,0.8986085906173243
bayesfl_observability_v1,vi_lr0p0005_b64_e2,37,vi,global_test,,,2,0.13333333333333333,0.2,3394,0.2990571596935769,0.1755871090315761,0.12347005066200079,0.04190573519468307,2.0357123959675634,0.8432369500521568
bayesfl_observability_v1,vi_lr0p0005_b64_e2,37,vi,global_test,,,3,0.2,0.26666666666666666,4128,0.4486434108527132,0.2297862508846808,0.2188571599680324,0.09034423563480377,1.8122493844161662,0.7811599876298461
bayesfl_observability_v1,vi_lr0p0005_b64_e2,37,vi,global_test,,,4,0.26666666666666666,0.3333333333333333,1703,0.5842630651790958,0.2947588554915441,0.28950420968755164,0.04930256690979005,1.5987299159212947,0.7042895783694856
bayesfl_observability_v1,vi_lr0p0005_b64_e2,37,vi,global_test,,,5,0.3333333333333333,0.4,519,0.7129094412331407,0.3594895637448812,0.3534198774882595,0.018342491641640667,1.3577018178037596,0.6080872210923417
bayesfl_observability_v1,vi_lr0p0005_b64_e2,37,vi,global_test,,,6,0.4,0.4666666666666667,171,0.8304093567251462,0.42618080659916524,0.4042285501259809,0.006912308207154274,1.132946689575039,0.4915810293621487
bayesfl_observability_v1,vi_lr0p0005_b64_e2,37,vi,global_test,,,7,0.4666666666666667,0.5333333333333333,36,0.8333333333333334,0.4929480825861295,0.3403852507472039,0.001225386902689934,1.0026318497127957,0.4325566589832306
bayesfl_observability_v1,vi_lr0p0005_b64_e2,37,vi,global_test,,,8,0.5333333333333333,0.6,11,1.0,0.5578471097079191,0.44215289029208094,0.0004863681793212891,0.5838817899877374,0.22789302332834763
bayesfl_observability_v1,vi_lr0p0005_b64_e2,37,vi,global_test,,,9,0.6,0.6666666666666666,4,0.75,0.631970539689064,0.11802946031093597,4.721178412437439e-05,0.8338174968957901,0.40560465678572655
bayesfl_observability_v1,vi_lr0p0005_b64_e2,37,vi,global_test,,,10,0.6666666666666666,0.7333333333333333,1,1.0,0.7271854281425476,0.2728145718574524,2.728145718574524e-05,0.3185737729072571,0.08912356942892075
bayesfl_observability_v1,vi_lr0p0005_b64_e2,37,vi,global_test,,,11,0.7333333333333333,0.8,0,,,,,,
bayesfl_observability_v1,vi_lr0p0005_b64_e2,37,vi,global_test,,,12,0.8,0.8666666666666667,0,,,,,,
bayesfl_observability_v1,vi_lr0p0005_b64_e2,37,vi,global_test,,,13,0.8666666666666667,0.9333333333333333,0,,,,,,
bayesfl_observability_v1,vi_lr0p0005_b64_e2,37,vi,global_test,,,14,0.9333333333333333,1.0,0,,,,,,
bayesfl_observability_v1,vi_lr0p0005_b64_e2,38,vi,global_test,,,0,0.0,0.06666666666666667,0,,,,,,
bayesfl_observability_v1,vi_lr0p0005_b64_e2,38,vi,global_test,,,1,0.06666666666666667,0.13333333333333333,23,0.34782608695652173,0.12842440799526547,0.21940167896125626,0.0005046238616108895,2.1794129350911016,0.8764608217322308
bayesfl_observability_v1,vi_lr0p0005_b64_e2,38,vi,global_test,,,2,0.13333333333333333,0.2,3144,0.29357506361323155,0.17634277234361068,0.11723229126962087,0.0368578323751688,2.030286398021926,0.8420453468579372
bayesfl_observability_v1,vi_lr0p0005_b64_e2,38,vi,global_test,,,3,0.2,0.26666666666666666,3998,0.4382191095547774,0.23012944893457699,0.2080896606202004,0.08319424631595612,1.8128004935218311,0.7818848284081616
bayesfl_observability_v1,vi_lr0p0005_b64_e2,38,vi,global_test,,,4,0.26666666666666666,0.3333333333333333,1918,0.5547445255474452,0.29460529235654875,0.2601392331908965,0.049894704926013944,1.6106414419518273,0.7116696101159821
bayesfl_observability_v1,vi_lr0p0005_b64_e2,38,vi,global_test,,,5,0.3333333333333333,0.4,626,0.6932907348242812,0.3600847982941344,0.33320593653014674,0.020858691626787187,1.3423273278691898,0.6030606226608776
bayesfl_observability_v1,vi_lr0p0005_b64_e2,38,vi,global_test,,,6,0.4,0.4666666666666667,222,0.7162162162162162,0.4278907630894635,0.28832545312675273,0.00640082505941391,1.220579831449835,0.5477778626991822
bayesfl_observability_v1,vi_lr0p0005_b64_e2,38,vi,global_test,,,7,0.4666666666666667,0.5333333333333333,52,0.8076923076923077,0.49223489600878495,0.31545741168352276,0.0016403785407543183,1.0388584904945815,0.44976908140457594
bayesfl_observability_v1,vi_lr0p0005_b64_e2,38,vi,global_test,,,8,0.5333333333333333,0.6,13,0.9230769230769231,0.5586146620603708,0.3644622610165523,0.00047380093932151805,0.6711916694274316,0.2903364965548882
bayesfl_observability_v1,vi_lr0p0005_b64_e2,38,vi,global_test,,,9,0.6,0.6666666666666666,3,1.0,0.6242051521937052,0.3757948478062948,0.00011273845434188843,0.47136372327804565,0.16360758244991302
bayesfl_observability_v1,vi_lr0p0005_b64_e2,38,vi,global_test,,,10,0.6666666666666666,0.7333333333333333,1,1.0,0.6681017875671387,0.33189821243286133,3.3189821243286134e-05,0.4033147394657135,0.12754832208156586
bayesfl_observability_v1,vi_lr0p0005_b64_e2,38,vi,global_test,,,11,0.7333333333333333,0.8,0,,,,,,
bayesfl_observability_v1,vi_lr0p0005_b64_e2,38,vi,global_test,,,12,0.8,0.8666666666666667,0,,,,,,
bayesfl_observability_v1,vi_lr0p0005_b64_e2,38,vi,global_test,,,13,0.8666666666666667,0.9333333333333333,0,,,,,,
bayesfl_observability_v1,vi_lr0p0005_b64_e2,38,vi,global_test,,,14,0.9333333333333333,1.0,0,,,,,,
bayesfl_observability_v1,vi_lr0p0005_b64_e2,39,vi,global_test,,,0,0.0,0.06666666666666667,0,,,,,,
bayesfl_observability_v1,vi_lr0p0005_b64_e2,39,vi,global_test,,,1,0.06666666666666667,0.13333333333333333,23,0.13043478260869565,0.1280020063985949,0.00243277621010074,5.5953852832317015e-06,2.2271304959836216,0.8868756527486055
bayesfl_observability_v1,vi_lr0p0005_b64_e2,39,vi,global_test,,,2,0.13333333333333333,0.2,3171,0.2964364553768527,0.17617311362248797,0.12026334175436473,0.03813550567030906,2.0248028289929656,0.8420025936176032
bayesfl_observability_v1,vi_lr0p0005_b64_e2,39,vi,global_test,,,3,0.2,0.26666666666666666,3875,0.3984516129032258,0.23005110851410895,0.16840050438911683,0.06525519545078277,1.8451686945269186,0.7930461023392216
bayesfl_observability_v1,vi_lr0p0005_b64_e2,39,vi,global_test,,,4,0.26666666666666666,0.3333333333333333,1626,0.52460024600246,0.2938700012615246,0.2307302447409354,0.03751673779487609,1.6265284261433695,0.7203157530206302
bayesfl_observability_v1,vi_lr0p0005_b64_e2,39,vi,global_test,,,5,0.3333333333333333,0.4,708,0.7146892655367232,0.36102085148042207,0.3536684140563011,0.02503972371518612,1.3515944151723451,0.6059625828165119
bayesfl_observability_v1,vi_lr0p0005_b64_e2,39,vi,global_test,,,6,0.4,0.4666666666666667,298,0.8590604026845637,0.42866067108291905,0.4303997316016447,0.012825912001729011,1.0486888471465783,0.46335353747310254
bayesfl_observability_v1,vi_lr0p0005_b64_e2,39,vi,global_test,,,7,0.4666666666666667,0.5333333333333333,178,0.9438202247191011,0.49451716612564045,0.44930305859346065,0.0079975944429636,0.7990870371963201,0.33825368191419025
bayesfl_observability_v1,vi_lr0p0005_b64_e2,39,vi,global_test,,,8,0.5333333333333333,0.6,69,0.9710144927536232,0.5651535227678824,0.4058609699857407,0.002800440692901611,0.6443160202192224,0.24715031402698462
bayesfl_observability_v1,vi_lr0p0005_b64_e2,39,vi,global_test,,,9,0.6,0.6666666666666666,37,1.0,0.6279934531933552,0.3720065468066448,0.0013764242231845858,0.46568285371806173,0.15927854502523267
bayesfl_observability_v1,vi_lr0p0005_b64_e2,39,vi,global_test,,,10,0.6666666666666666,0.7333333333333333,9,1.0,0.694495803780026,0.30550419621997404,0.00027495377659797666,0.36478568779097664,0.10778015189700657
bayesfl_observability_v1,vi_lr0p0005_b64_e2,39,vi,global_test,,,11,0.7333333333333333,0.8,6,1.0,0.7572966714700063,0.24270332852999366,0.00014562199711799618,0.27813280125459033,0.06912872505684693
bayesfl_observability_v1,vi_lr0p0005_b64_e2,39,vi,global_test,,,12,0.8,0.8666666666666667,0,,,,,,
bayesfl_observability_v1,vi_lr0p0005_b64_e2,39,vi,global_test,,,13,0.8666666666666667,0.9333333333333333,0,,,,,,
bayesfl_observability_v1,vi_lr0p0005_b64_e2,39,vi,global_test,,,14,0.9333333333333333,1.0,0,,,,,,
bayesfl_observability_v1,vi_lr0p0005_b64_e2,40,vi,global_test,,,0,0.0,0.06666666666666667,0,,,,,,
bayesfl_observability_v1,vi_lr0p0005_b64_e2,40,vi,global_test,,,1,0.06666666666666667,0.13333333333333333,30,0.2,0.1293960156540076,0.07060398434599241,0.0002118119530379772,2.144448677698771,0.8705347061157227
bayesfl_observability_v1,vi_lr0p0005_b64_e2,40,vi,global_test,,,2,0.13333333333333333,0.2,3079,0.28613186099382915,0.1752860772605839,0.11084578373324525,0.03412941681146621,2.0502556421107077,0.8470967320816669
bayesfl_observability_v1,vi_lr0p0005_b64_e2,40,vi,global_test,,,3,0.2,0.26666666666666666,3802,0.4552866912151499,0.2304727812932078,0.2248139099219421,0.08547424855232238,1.8090698682653596,0.7810314449117661
bayesfl_observability_v1,vi_lr0p0005_b64_e2,40,vi,global_test,,,4,0.26666666666666666,0.3333333333333333,1801,0.6529705719044975,0.2952796041071911,0.35769096779730636,0.06442014330029487,1.5209629965914018,0.6784802460127708
bayesfl_observability_v1,vi_lr0p0005_b64_e2,40,vi,global_test,,,5,0.3333333333333333,0.4,708,0.7937853107344632,0.36060006280908474,0.4331852479253785,0.030669515553116797,1.2625688754737714,0.5688962111365323
bayesfl_observability_v1,vi_lr0p0005_b64_e2,40,vi,global_test,,,6,0.4,0.4666666666666667,336,0.8928571428571429,0.428570171552045,0.4642869713050979,0.015600042235851288,1.0017258127530415,0.4441067862013976
bayesfl_observability_v1,vi_lr0p0005_b64_e2,40,vi,global_test,,,7,0.4666666666666667,0.5333333333333333,155,0.9612903225806452,0.4957311639862676,0.4655591585943776,0.007216166958212852,0.7819698537549665,0.3258869042319636
bayesfl_observability_v1,vi_lr0p0005_b64_e2,40,vi,global_test,,,8,0.5333333333333333,0.6,65,1.0,0.5598600158324608,0.4401399841675392,0.0028609098970890047,0.5805942452870883,0.22326781382927527
bayesfl_observability_v1,vi_lr0p0005_b64_e2,40,vi,global_test,,,9,0.6,0.6666666666666666,18,1.0,0.6261168685224321,0.3738831314775679,0.0006729896366596222,0.4685167421897252,0.16129874520831639
bayesfl_observability_v1,vi_lr0p0005_b64_e2,40,vi,global_test,,,10,0.6666666666666666,0.7333333333333333,6,1.0,0.6854617993036906,0.31453820069630944,0.00018872292041778566,0.3778084069490433,0.11283878609538078
bayesfl_observability_v1,vi_lr0p0005_b64_e2,40,vi,global_test,,,11,0.7333333333333333,0.8,0,,,,,,
bayesfl_observability_v1,vi_lr0p0005_b64_e2,40,vi,global_test,,,12,0.8,0.8666666666666667,0,,,,,,
bayesfl_observability_v1,vi_lr0p0005_b64_e2,40,vi,global_test,,,13,0.8666666666666667,0.9333333333333333,0,,,,,,
bayesfl_observability_v1,vi_lr0p0005_b64_e2,40,vi,global_test,,,14,0.9333333333333333,1.0,0,,,,,,
bayesfl_observability_v1,vi_lr0p0005_b64_e2,41,vi,global_test,,,0,0.0,0.06666666666666667,0,,,,,,
bayesfl_observability_v1,vi_lr0p0005_b64_e2,41,vi,global_test,,,1,0.06666666666666667,0.13333333333333333,23,0.21739130434782608,0.12942143367684406,0.08796987067098203,0.00020233070254325867,2.2473578971365225,0.8880146456801373
bayesfl_observability_v1,vi_lr0p0005_b64_e2,41,vi,global_test,,,2,0.13333333333333333,0.2,2945,0.2937181663837012,0.17547128689309333,0.11824687949060786,0.034823706009984016,2.036747145207507,0.8438098978308142
bayesfl_observability_v1,vi_lr0p0005_b64_e2,41,vi,global_test,,,3,0.2,0.26666666666666666,3827,0.4316697151816044,0.23006120455741633,0.20160851062418808,0.07715557701587678,1.8234049749960002,0.7854750535803985
bayesfl_observability_v1,vi_lr0p0005_b64_e2,41,vi,global_test,,,4,0.26666666666666666,0.3333333333333333,1777,0.5897580191333709,0.29454789857013747,0.2952101205632334,0.05245883842408658,1.5746532443808114,0.6986287538765117
bayesfl_observability_v1,vi_lr0p0005_b64_e2,41,vi,global_test,,,5,0.3333333333333333,0.4,759,0.7391304347826086,0.3617364974282633,0.37739393735434534,0.028644199845194812,1.331086655065162,0.593853736072975
bayesfl_observability_v1,vi_lr0p0005_b64_e2,41,vi,global_test,,,6,0.4,0.4666666666666667,336,0.8482142857142857,0.4277538018567221,0.42046048385756357,0.014127472257614135,1.0569734617712951,0.47023669852032546
bayesfl_observability_v1,vi_lr0p0005_b64_e2,41,vi,global_test,,,7,0.4666666666666667,0.5333333333333333,192,0.96875,0.4952888300952812,0.4734611699047188,0.009090454462170602,0.7543483295788368,0.31697817193344235
bayesfl_observability_v1,vi_lr0p0005_b64_e2,41,vi,global_test,,,8,0.5333333333333333,0.6,91,0.967032967032967,0.5625262266986972,0.4045067403342698,0.0036810113370418555,0.6588344246476561,0.25214387558318757
bayesfl_observability_v1,vi_lr0p0005_b64_e2,41,vi,global_test,,,9,0.6,0.6666666666666666,35,0.9714285714285714,0.6287688272339957,0.3426597441945757,0.001199309104681015,0.5617717606680733,0.19214951395988464
bayesfl_observability_v1,vi_lr0p0005_b64_e2,41,vi,global_test,,,10,0.6666666666666666,0.7333333333333333,12,1.0,0.6946661869684855,0.3053338130315145,0.00036640057563781743,0.36465490857760113,0.10808532312512398
bayesfl_observability_v1,vi_lr0p0005_b64_e2,41,vi,global_test,,,11,0.7333333333333333,0.8,2,1.0,0.7418715953826904,0.25812840461730957,5.162568092346192e-05,0.29863595962524414,0.07755128294229507
bayesfl_observability_v1,vi_lr0p0005_b64_e2,41,vi,global_test,,,12,0.8,0.8666666666666667,1,1.0,0.8089067339897156,0.19109326601028442,1.910932660102844e-05,0.21207165718078613,0.041333239525556564
bayesfl_observability_v1,vi_lr0p0005_b64_e2,41,vi,global_test,,,13,0.8666666666666667,0.9333333333333333,0,,,,,,
bayesfl_observability_v1,vi_lr0p0005_b64_e2,41,vi,global_test,,,14,0.9333333333333333,1.0,0,,,,,,
bayesfl_observability_v1,vi_lr0p0005_b64_e2,42,vi,global_test,,,0,0.0,0.06666666666666667,0,,,,,,
bayesfl_observability_v1,vi_lr0p0005_b64_e2,42,vi,global_test,,,1,0.06666666666666667,0.13333333333333333,16,0.125,0.1292349542491138,0.004234954249113798,6.775926798582077e-06,2.193280875682831,0.881285760551691
bayesfl_observability_v1,vi_lr0p0005_b64_e2,42,vi,global_test,,,2,0.13333333333333333,0.2,2591,0.30374372829023544,0.1765484313208456,0.12719529696938983,0.0329563014447689,2.0590586042091314,0.8481710827612867
bayesfl_observability_v1,vi_lr0p0005_b64_e2,42,vi,global_test,,,3,0.2,0.26666666666666666,3795,0.4566534914361001,0.23057899057315429,0.22607450086294584,0.08579527307748795,1.8278851784265089,0.7840989758688784
bayesfl_observability_v1,vi_lr0p0005_b64_e2,42,vi,global_test,,,4,0.26666666666666666,0.3333333333333333,2085,0.6402877697841727,0.29634611052003124,0.34394165926414144,0.07171183595657349,1.534646059854997,0.682364307090247
bayesfl_observability_v1,vi_lr0p0005_b64_e2,42,vi,global_test,,,5,0.3333333333333333,0.4,926,0.8045356371490281,0.3610719088987964,0.44346372825023167,0.04106474123597145,1.2406032693051365,0.5603323521547132
bayesfl_observability_v1,vi_lr0p0005_b64_e2,42,vi,global_test,,,6,0.4,0.4666666666666667,354,0.9350282485875706,0.4267712976299437,0.5082569509576269,0.017992296063899994,0.9356643091150596,0.4173247275379418
bayesfl_observability_v1,vi_lr0p0005_b64_e2,42,vi,global_test,,,7,0.4666666666666667,0.5333333333333333,150,0.98,0.49720866719881696,0.482791332801183,0.007241869992017746,0.7353013797601065,0.3081429521242777
bayesfl_observability_v1,vi_lr0p0005_b64_e2,42,vi,global_test,,,8,0.5333333333333333,0.6,63,0.9841269841269841,0.5597234794071743,0.4244035047198098,0.002673742079734802,0.6203271103283715,0.2401733315653271
bayesfl_observability_v1,vi_lr0p0005_b64_e2,42,vi,global_test,,,9,0.6,0.6666666666666666,18,1.0,0.6321883532736037,0.3678116467263963,0.0006620609641075135,0.45915397339397007,0.15761491904656091
bayesfl_observability_v1,vi_lr0p0005_b64_e2,42,vi,global_test,,,10,0.6666666666666666,0.7333333333333333,2,1.0,0.6884253919124603,0.3115746080875397,6.231492161750794e-05,0.3734709769487381,0.11177100241184235
bayesfl_observability_v1,vi_lr0p0005_b64_e2,42,vi,global_test,,,11,0.7333333333333333,0.8,0,,,,,,
bayesfl_observability_v1,vi_lr0p0005_b64_e2,42,vi,global_test,,,12,0.8,0.8666666666666667,0,,,,,,
bayesfl_observability_v1,vi_lr0p0005_b64_e2,42,vi,global_test,,,13,0.8666666666666667,0.9333333333333333,0,,,,,,
bayesfl_observability_v1,vi_lr0p0005_b64_e2,42,vi,global_test,,,14,0.9333333333333333,1.0,0,,,,,,
bayesfl_observability_v1,vi_lr0p0005_b64_e2,43,vi,global_test,,,0,0.0,0.06666666666666667,0,,,,,,
bayesfl_observability_v1,vi_lr0p0005_b64_e2,43,vi,global_test,,,1,0.06666666666666667,0.13333333333333333,40,0.1,0.12856027912348508,0.028560279123485077,0.00011424111649394031,2.2475805580615997,0.8893644466996193
bayesfl_observability_v1,vi_lr0p0005_b64_e2,43,vi,global_test,,,2,0.13333333333333333,0.2,2912,0.3128434065934066,0.1756860853510571,0.1371573212423495,0.03994021194577218,2.015296350632395,0.839471522882417
bayesfl_observability_v1,vi_lr0p0005_b64_e2,43,vi,global_test,,,3,0.2,0.26666666666666666,3758,0.4920170303352847,0.23053643848110603,0.2614805918541787,0.09826440641880037,1.756073485288676,0.7672044579940885
bayesfl_observability_v1,vi_lr0p0005_b64_e2,43,vi,global_test,,,4,0.26666666666666666,0.3333333333333333,1929,0.6889580093312597,0.2956158905340761,0.3933421187971836,0.07587569471597672,1.4437817026754314,0.6561216309380815
bayesfl_observability_v1,vi_lr0p0005_b64_e2,43,vi,global_test,,,5,0.3333333333333333,0.4,829,0.8492159227985525,0.36239580024568535,0.48682012255286716,0.04035738815963269,1.1606655515577595,0.5326709959058336
bayesfl_observability_v1,vi_lr0p0005_b64_e2,43,vi,global_test,,,6,0.4,0.4666666666666667,331,0.9365558912386707,0.42655007347599616,0.5100058177626745,0.016881192567944528,0.9493882207712018,0.42267297644989726
bayesfl_observability_v1,vi_lr0p0005_b64_e2,43,vi,global_test,,,7,0.4666666666666667,0.5333333333333333,135,0.9703703703703703,0.492335491710239,0.47803487866013133,0.006453470861911774,0.7505366766894305,0.32564490912137206
bayesfl_observability_v1,vi_lr0p0005_b64_e2,43,vi,global_test,,,8,0.5333333333333333,0.6,48,1.0,0.5600083221991857,0.4399916778008143,0.0021119600534439086,0.5802829625705878,0.22693129908293486
bayesfl_observability_v1,vi_lr0p0005_b64_e2,43,vi,global_test,,,9,0.6,0.6666666666666666,15,1.0,0.6311606009801228,0.36883939901987717,0.0005532590985298158,0.4606076757113139,0.15983340640862784
bayesfl_observability_v1,vi_lr0p0005_b64_e2,43,vi,global_test,,,10,0.6666666666666666,0.7333333333333333,2,1.0,0.6926289796829224,0.30737102031707764,6.147420406341553e-05,0.36765003204345703,0.11150957643985748
bayesfl_observability_v1,vi_lr0p0005_b64_e2,43,vi,global_test,,,11,0.7333333333333333,0.8,0,,,,,,
bayesfl_observability_v1,vi_lr0p0005_b64_e2,43,vi,global_test,,,12,0.8,0.8666666666666667,1,1.0,0.8267919421195984,0.1732080578804016,1.732080578804016e-05,0.19020219147205353,0.03836949169635773
bayesfl_observability_v1,vi_lr0p0005_b64_e2,43,vi,global_test,,,13,0.8666666666666667,0.9333333333333333,0,,,,,,
bayesfl_observability_v1,vi_lr0p0005_b64_e2,43,vi,global_test,,,14,0.9333333333333333,1.0,0,,,,,,
bayesfl_observability_v1,vi_lr0p0005_b64_e2,44,vi,global_test,,,0,0.0,0.06666666666666667,0,,,,,,
bayesfl_observability_v1,vi_lr0p0005_b64_e2,44,vi,global_test,,,1,0.06666666666666667,0.13333333333333333,16,0.125,0.1292755575850606,0.0042755575850605965,6.840892136096954e-06,2.225123882293701,0.8872120566666126
bayesfl_observability_v1,vi_lr0p0005_b64_e2,44,vi,global_test,,,2,0.13333333333333333,0.2,2571,0.3045507584597433,0.1767545423355607,0.12779621612418257,0.03285640716552734,2.000120351955335,0.8374444510119753
bayesfl_observability_v1,vi_lr0p0005_b64_e2,44,vi,global_test,,,3,0.2,0.26666666666666666,3708,0.4546925566343042,0.23101840738082524,0.22367414925347895,0.08293837454318999,1.770225263079136,0.7731137117521663
bayesfl_observability_v1,vi_lr0p0005_b64_e2,44,vi,global_test,,,4,0.26666666666666666,0.3333333333333333,2117,0.6324988190836088,0.2958954408251006,0.3366033782585082,0.07125893517732619,1.4863888008953774,0.6747209651885756
bayesfl_observability_v1,vi_lr0p0005_b64_e2,44,vi,global_test,,,5,0.3333333333333333,0.4,920,0.7108695652173913,0.361579944225757,0.3492896209916343,0.032134645131230356,1.3008164580749428,0.5931618811643642
bayesfl_observability_v1,vi_lr0p0005_b64_e2,44,vi,global_test,,,6,0.4,0.4666666666666667,415,0.8385542168674699,0.4298566205673907,0.4086975963000792,0.016960950246453284,1.0274458786091172,0.4678249153028052
bayesfl_observability_v1,vi_lr0p0005_b64_e2,44,vi,global_test,,,7,0.4666666666666667,0.5333333333333333,167,0.9041916167664671,0.4972042844680969,0.4069873322983702,0.006796688449382782,0.8549848670017219,0.37030522230856433
bayesfl_observability_v1,vi_lr0p0005_b64_e2,44,vi,global_test,,,8,0.5333333333333333,0.6,53,0.8867924528301887,0.5577911329719255,0.3290013198582632,0.0017437069952487949,0.7943463156808097,0.3339804118534304
bayesfl_observability_v1,vi_lr0p0005_b64_e2,44,vi,global_test,,,9,0.6,0.6666666666666666,26,1.0,0.6240685628010676,0.3759314371989324,0.0009774217367172244,0.471839217039255,0.16598788362282973
bayesfl_observability_v1,vi_lr0p0005_b64_e2,44,vi,global_test,,,10,0.6666666666666666,0.7333333333333333,4,1.0,0.6930350512266159,0.3069649487733841,0.00012278597950935363,0.36703216284513474,0.111562829464674
bayesfl_observability_v1,vi_lr0p0005_b64_e2,44,vi,global_test,,,11,0.7333333333333333,0.8,3,1.0,0.7682928045590719,0.2317071954409281,6.951215863227844e-05,0.26394884288311005,0.062356545279423393
bayesfl_observability_v1,vi_lr0p0005_b64_e2,44,vi,global_test,,,12,0.8,0.8666666666666667,0,,,,,,
bayesfl_observability_v1,vi_lr0p0005_b64_e2,44,vi,global_test,,,13,0.8666666666666667,0.9333333333333333,0,,,,,,
bayesfl_observability_v1,vi_lr0p0005_b64_e2,44,vi,global_test,,,14,0.9333333333333333,1.0,0,,,,,,
bayesfl_observability_v1,vi_lr0p0005_b64_e2,45,vi,global_test,,,0,0.0,0.06666666666666667,0,,,,,,
bayesfl_observability_v1,vi_lr0p0005_b64_e2,45,vi,global_test,,,1,0.06666666666666667,0.13333333333333333,27,0.14814814814814814,0.12783170546646472,0.020316442681683422,5.485439524054524e-05,2.1839136370906123,0.8777350430135373
bayesfl_observability_v1,vi_lr0p0005_b64_e2,45,vi,global_test,,,2,0.13333333333333333,0.2,2486,0.29766693483507645,0.1759708280872167,0.12169610674785974,0.030253652137517933,2.021009256642189,0.8414595430163923
bayesfl_observability_v1,vi_lr0p0005_b64_e2,45,vi,global_test,,,3,0.2,0.26666666666666666,3481,0.44412525136455044,0.23182527411432657,0.21229997725022387,0.07390162208080293,1.788486402358724,0.776538856479499
bayesfl_observability_v1,vi_lr0p0005_b64_e2,45,vi,global_test,,,4,0.26666666666666666,0.3333333333333333,2111,0.5883467550923733,0.2968955335883606,0.2914512215040127,0.06152535285949708,1.5297306809364366,0.689638908640122
bayesfl_observability_v1,vi_lr0p0005_b64_e2,45,vi,global_test,,,5,0.3333333333333333,0.4,1042,0.7437619961612284,0.3630770790371007,0.3806849171241277,0.039667368364334106,1.2564172110379086,0.5782001914309907
bayesfl_observability_v1,vi_lr0p0005_b64_e2,45,vi,global_test,,,6,0.4,0.4666666666666667,507,0.8086785009861933,0.42924796277014227,0.37943053821605105,0.019237128287553786,1.0734275001040576,0.48750108621529575
bayesfl_observability_v1,vi_lr0p0005_b64_e2,45,vi,global_test,,,7,0.4666666666666667,0.5333333333333333,194,0.8969072164948454,0.49510021292671713,0.40180700356812826,0.007795055869221689,0.8453185039082753,0.3721871509687188
bayesfl_observability_v1,vi_lr0p0005_b64_e2,45,vi,global_test,,,8,0.5333333333333333,0.6,107,0.9626168224299065,0.5611226798217988,0.4014941426081078,0.004295987325906753,0.6510937358731421,0.2610968728767377
bayesfl_observability_v1,vi_lr0p0005_b64_e2,45,vi,global_test,,,9,0.6,0.6666666666666666,37,0.9459459459459459,0.6232263510291641,0.3227195949167818,0.0011940625011920927,0.572458803653717,0.22772584775009672
bayesfl_observability_v1,vi_lr0p0005_b64_e2,45,vi,global_test,,,10,0.6666666666666666,0.7333333333333333,6,1.0,0.6869214673837026,0.31307853261629737,0.00018784711956977841,0.3759169777234395,0.11801529303193092
bayesfl_observability_v1,vi_lr0p0005_b64_e2,45,vi,global_test,,,11,0.7333333333333333,0.8,1,1.0,0.7662871479988098,0.23371285200119019,2.3371285200119018e-05,0.2661983072757721,0.06665123254060745
bayesfl_observability_v1,vi_lr0p0005_b64_e2,45,vi,global_test,,,12,0.8,0.8666666666666667,1,1.0,0.8002662658691406,0.19973373413085938,1.9973373413085937e-05,0.2228107750415802,0.04878993332386017
bayesfl_observability_v1,vi_lr0p0005_b64_e2,45,vi,global_test,,,13,0.8666666666666667,0.9333333333333333,0,,,,,,
bayesfl_observability_v1,vi_lr0p0005_b64_e2,45,vi,global_test,,,14,0.9333333333333333,1.0,0,,,,,,
bayesfl_observability_v1,vi_lr0p0005_b64_e2,46,vi,global_test,,,0,0.0,0.06666666666666667,0,,,,,,
bayesfl_observability_v1,vi_lr0p0005_b64_e2,46,vi,global_test,,,1,0.06666666666666667,0.13333333333333333,5,0.4,0.13212311565876006,0.26787688434123996,0.00013393844217061997,2.0640363693237305,0.8529740810394287
bayesfl_observability_v1,vi_lr0p0005_b64_e2,46,vi,global_test,,,2,0.13333333333333333,0.2,2051,0.302779132130668,0.1779378987866922,0.12484123334397579,0.025604936958849436,2.006204688740846,0.8377174715307618
bayesfl_observability_v1,vi_lr0p0005_b64_e2,46,vi,global_test,,,3,0.2,0.26666666666666666,3638,0.4109400769653656,0.2320870699103944,0.1788530070549712,0.06506672396659852,1.8059205822789977,0.7838287429536942
bayesfl_observability_v1,vi_lr0p0005_b64_e2,46,vi,global_test,,,4,0.26666666666666666,0.3333333333333333,2189,0.546368204659662,0.29611546280396045,0.2502527418557015,0.054780325192213056,1.5932959922103918,0.7098005520475134
bayesfl_observability_v1,vi_lr0p0005_b64_e2,46,vi,global_test,,,5,0.3333333333333333,0.4,1103,0.6609247506799637,0.362803033856187,0.2981217168237767,0.03288282536566257,1.3653568674625318,0.6197970312828383
bayesfl_observability_v1,vi_lr0p0005_b64_e2,46,vi,global_test,,,6,0.4,0.4666666666666667,518,0.6776061776061776,0.42801726882752306,0.24958890877865453,0.012928705474734304,1.261537980158817,0.5700162960410579
bayesfl_observability_v1,vi_lr0p0005_b64_e2,46,vi,global_test,,,7,0.4666666666666667,0.5333333333333333,280,0.7964285714285714,0.49702421043600353,0.29940436099256784,0.008383322107791899,1.0122744636876242,0.45207847452589445
bayesfl_observability_v1,vi_lr0p0005_b64_e2,46,vi,global_test,,,8,0.5333333333333333,0.6,131,0.8091603053435115,0.565040188891287,0.24412011645222442,0.00319797352552414,0.9378369186670725,0.40117476982924777
bayesfl_observability_v1,vi_lr0p0005_b64_e2,46,vi,global_test,,,9,0.6,0.6666666666666666,47,0.9574468085106383,0.6310265736376985,0.3264202348729398,0.0015341751039028172,0.535851628856456,0.2053305519388077
bayesfl_observability_v1,vi_lr0p0005_b64_e2,46,vi,global_test,,,10,0.6666666666666666,0.7333333333333333,27,0.9629629629629629,0.7004583477973938,0.2625046151655691,0.0007087624609470366,0.43293542442498384,0.1538607762367637
bayesfl_observability_v1,vi_lr0p0005_b64_e2,46,vi,global_test,,,11,0.7333333333333333,0.8,10,1.0,0.7537486314773559,0.24625136852264407,0.00024625136852264405,0.28290246427059174,0.07279089875519276
bayesfl_observability_v1,vi_lr0p0005_b64_e2,46,vi,global_test,,,12,0.8,0.8666666666666667,1,1.0,0.8074674010276794,0.19253259897232056,1.9253259897232055e-05,0.21385259926319122,0.04671507328748703
bayesfl_observability_v1,vi_lr0p0005_b64_e2,46,vi,global_test,,,13,0.8666666666666667,0.9333333333333333,0,,,,,,
bayesfl_observability_v1,vi_lr0p0005_b64_e2,46,vi,global_test,,,14,0.9333333333333333,1.0,0,,,,,,
bayesfl_observability_v1,vi_lr0p0005_b64_e2,47,vi,global_test,,,0,0.0,0.06666666666666667,0,,,,,,
bayesfl_observability_v1,vi_lr0p0005_b64_e2,47,vi,global_test,,,1,0.06666666666666667,0.13333333333333333,9,0.3333333333333333,0.1292506837182575,0.20408264961507583,0.00018367438465356824,2.219209485583835,0.8818772832552592
bayesfl_observability_v1,vi_lr0p0005_b64_e2,47,vi,global_test,,,2,0.13333333333333333,0.2,2178,0.2809917355371901,0.1762400363102432,0.10475169922694688,0.02281492009162903,2.011787553354619,0.8401267874448862
bayesfl_observability_v1,vi_lr0p0005_b64_e2,47,vi,global_test,,,3,0.2,0.26666666666666666,3457,0.43187735030373153,0.23151933400314392,0.2003580163005876,0.06926376623511313,1.8047112853740177,0.783805851926685
bayesfl_observability_v1,vi_lr0p0005_b64_e2,47,vi,global_test,,,4,0.26666666666666666,0.3333333333333333,2130,0.5474178403755868,0.2963994884714834,0.25101835190410343,0.05346690895557404,1.6029269065095786,0.7137923863012466
bayesfl_observability_v1,vi_lr0p0005_b64_e2,47,vi,global_test,,,5,0.3333333333333333,0.4,1127,0.6557231588287489,0.3629605155553877,0.29276264327336116,0.032994349896907804,1.3618087194721151,0.6226671355798801
bayesfl_observability_v1,vi_lr0p0005_b64_e2,47,vi,global_test,,,6,0.4,0.4666666666666667,574,0.7560975609756098,0.4287590805557962,0.32733848041981356,0.0187892287760973,1.1610562814860395,0.5276674216009598
bayesfl_observability_v1,vi_lr0p0005_b64_e2,47,vi,global_test,,,7,0.4666666666666667,0.5333333333333333,278,0.8776978417266187,0.4963271799061796,0.3813706618204391,0.010602104398608208,0.8863577000099978,0.39773439246115927
bayesfl_observability_v1,vi_lr0p0005_b64_e2,47,vi,global_test,,,8,0.5333333333333333,0.6,139,0.9280575539568345,0.5607325902088083,0.36732496374802626,0.005105816996097565,0.7299069311979006,0.30349062318853337
bayesfl_observability_v1,vi_lr0p0005_b64_e2,47,vi,global_test,,,9,0.6,0.6666666666666666,70,0.9571428571428572,0.6286561386925834,0.3284867184502738,0.0022994070291519164,0.5951351314783097,0.2225514856832368
bayesfl_observability_v1,vi_lr0p0005_b64_e2,47,vi,global_test,,,10,0.6666666666666666,0.7333333333333333,26,1.0,0.6885351103085738,0.31146488969142616,0.000809808713197708,0.3734679714991496,0.12226587505294727
bayesfl_observability_v1,vi_lr0p0005_b64_e2,47,vi,global_test,,,11,0.7333333333333333,0.8,11,1.0,0.759619496085427,0.240380503914573,0.00026441855430603026,0.2752134827050296,0.0726372010328553
bayesfl_observability_v1,vi_lr0p0005_b64_e2,47,vi,global_test,,,12,0.8,0.8666666666666667,1,1.0,0.8149253129959106,0.18507468700408936,1.8507468700408936e-05,0.20465880632400513,0.045058440417051315
bayesfl_observability_v1,vi_lr0p0005_b64_e2,47,vi,global_test,,,13,0.8666666666666667,0.9333333333333333,0,,,,,,
bayesfl_observability_v1,vi_lr0p0005_b64_e2,47,vi,global_test,,,14,0.9333333333333333,1.0,0,,,,,,
bayesfl_observability_v1,vi_lr0p0005_b64_e2,48,vi,global_test,,,0,0.0,0.06666666666666667,0,,,,,,
bayesfl_observability_v1,vi_lr0p0005_b64_e2,48,vi,global_test,,,1,0.06666666666666667,0.13333333333333333,13,0.23076923076923078,0.1300447302368971,0.10072450053233367,0.00013094185069203378,2.161964875001174,0.8742472529411316
bayesfl_observability_v1,vi_lr0p0005_b64_e2,48,vi,global_test,,,2,0.13333333333333333,0.2,2163,0.30097087378640774,0.17668146630073112,0.12428940748567663,0.026883798839151853,1.9935467036521055,0.8360505425097817
bayesfl_observability_v1,vi_lr0p0005_b64_e2,48,vi,global_test,,,3,0.2,0.26666666666666666,3574,0.4778959149412423,0.23134688473508289,0.2465490302061594,0.08811662339568137,1.7522669152034083,0.7682195628363124
bayesfl_observability_v1,vi_lr0p0005_b64_e2,48,vi,global_test,,,4,0.26666666666666666,0.3333333333333333,2190,0.6383561643835617,0.295672311957024,0.3426838524265377,0.07504776368141175,1.4717158988186214,0.6712382749879742
bayesfl_observability_v1,vi_lr0p0005_b64_e2,48,vi,global_test,,,5,0.3333333333333333,0.4,1148,0.7569686411149826,0.36307525863215484,0.3938933824828278,0.04521896030902863,1.2417515279524003,0.5723602730741899
bayesfl_observability_v1,vi_lr0p0005_b64_e2,48,vi,global_test,,,6,0.4,0.4666666666666667,504,0.8273809523809523,0.4293256114044833,0.39805534097646905,0.02006198918521404,1.0425887411785504,0.4779804253152439
bayesfl_observability_v1,vi_lr0p0005_b64_e2,48,vi,global_test,,,7,0.4666666666666667,0.5333333333333333,231,0.9004329004329005,0.49680000285565595,0.4036328975772445,0.00932391993403435,0.8827816441461638,0.38054905864067406
bayesfl_observability_v1,vi_lr0p0005_b64_e2,48,vi,global_test,,,8,0.5333333333333333,0.6,117,0.9743589743589743,0.5639349904834715,0.41042398387550283,0.004801960611343383,0.6159352909805428,0.2536852363592539
bayesfl_observability_v1,vi_lr0p0005_b64_e2,48,vi,global_test,,,9,0.6,0.6666666666666666,40,1.0,0.6284099772572518,0.3715900227427482,0.0014863600909709928,0.4649091072380543,0.16921836100518703
bayesfl_observability_v1,vi_lr0p0005_b64_e2,48,vi,global_test,,,10,0.6666666666666666,0.7333333333333333,20,1.0,0.6902947336435318,0.3097052663564682,0.0006194105327129364,0.3709183409810066,0.11866588704288006
bayesfl_observability_v1,vi_lr0p0005_b64_e2,48,vi,global_test,,,11,0.7333333333333333,0.8,0,,,,,,
bayesfl_observability_v1,vi_lr0p0005_b64_e2,48,vi,global_test,,,12,0.8,0.8666666666666667,0,,,,,,
bayesfl_observability_v1,vi_lr0p0005_b64_e2,48,vi,global_test,,,13,0.8666666666666667,0.9333333333333333,0,,,,,,
bayesfl_observability_v1,vi_lr0p0005_b64_e2,48,vi,global_test,,,14,0.9333333333333333,1.0,0,,,,,,
bayesfl_observability_v1,vi_lr0p0005_b64_e2,49,vi,global_test,,,0,0.0,0.06666666666666667,0,,,,,,
bayesfl_observability_v1,vi_lr0p0005_b64_e2,49,vi,global_test,,,1,0.06666666666666667,0.13333333333333333,10,0.3,0.12921183854341506,0.17078816145658493,0.00017078816145658492,2.1853869915008546,0.8791433095932006
bayesfl_observability_v1,vi_lr0p0005_b64_e2,49,vi,global_test,,,2,0.13333333333333333,0.2,2038,0.3253189401373896,0.17749892957545121,0.1478200105619384,0.030125718152523042,2.002023103309684,0.8365309170581642
bayesfl_observability_v1,vi_lr0p0005_b64_e2,49,vi,global_test,,,3,0.2,0.26666666666666666,3611,0.4682913320409859,0.23282321781638057,0.2354681142246053,0.08502753604650498,1.756767170741531,0.7694310393897295
bayesfl_observability_v1,vi_lr0p0005_b64_e2,49,vi,global_test,,,4,0.26666666666666666,0.3333333333333333,2316,0.6364421416234888,0.2960573020994354,0.34038483952405335,0.07883312883377075,1.4641397273190486,0.6695800963049314
bayesfl_observability_v1,vi_lr0p0005_b64_e2,49,vi,global_test,,,5,0.3333333333333333,0.4,1198,0.7838063439065108,0.3615314075614455,0.42227493634506535,0.050588537374138834,1.2117851210356954,0.5615240784240685
bayesfl_observability_v1,vi_lr0p0005_b64_e2,49,vi,global_test,,,6,0.4,0.4666666666666667,497,0.8913480885311871,0.42727083363523427,0.4640772548959528,0.023064639568328854,0.9744856861275686,0.44556152484786343
bayesfl_observability_v1,vi_lr0p0005_b64_e2,49,vi,global_test,,,7,0.4666666666666667,0.5333333333333333,192,0.9270833333333334,0.4963204880865912,0.4307628452467422,0.008270646628737449,0.7989702044675747,0.35321577452123165
bayesfl_observability_v1,vi_lr0p0005_b64_e2,49,vi,global_test,,,8,0.5333333333333333,0.6,91,0.978021978021978,0.5594981699199467,0.41852380810203127,0.0038085666537284843,0.6382723260711838,0.2566652329085947
bayesfl_observability_v1,vi_lr0p0005_b64_e2,49,vi,global_test,,,9,0.6,0.6666666666666666,30,1.0,0.6279801805814107,0.3720198194185893,0.0011160594582557677,0.46561831633249917,0.1666983927289645
bayesfl_observability_v1,vi_lr0p0005_b64_e2,49,vi,global_test,,,10,0.6666666666666666,0.7333333333333333,11,1.0,0.690119510347193,0.309880489652807,0.0003408685386180877,0.371324899521741,0.1157342026179487
bayesfl_observability_v1,vi_lr0p0005_b64_e2,49,vi,global_test,,,11,0.7333333333333333,0.8,5,1.0,0.7490991830825806,0.2509008169174194,0.00012545040845870969,0.2890075743198395,0.0753665879368782
bayesfl_observability_v1,vi_lr0p0005_b64_e2,49,vi,global_test,,,12,0.8,0.8666666666666667,1,1.0,0.8267356157302856,0.17326438426971436,1.7326438426971434e-05,0.1902703195810318,0.035308852791786194
bayesfl_observability_v1,vi_lr0p0005_b64_e2,49,vi,global_test,,,13,0.8666666666666667,0.9333333333333333,0,,,,,,
bayesfl_observability_v1,vi_lr0p0005_b64_e2,49,vi,global_test,,,14,0.9333333333333333,1.0,0,,,,,,
bayesfl_observability_v1,vi_lr0p0005_b64_e2,50,vi,global_test,,,0,0.0,0.06666666666666667,0,,,,,,
bayesfl_observability_v1,vi_lr0p0005_b64_e2,50,vi,global_test,,,1,0.06666666666666667,0.13333333333333333,13,0.07692307692307693,0.127582253744969,0.05065917682189208,6.58569298684597e-05,2.222737660774818,0.8844813887889569
bayesfl_observability_v1,vi_lr0p0005_b64_e2,50,vi,global_test,,,2,0.13333333333333333,0.2,1923,0.2912116484659386,0.1777066648920811,0.11350498357385752,0.021827008341252802,2.0162992786133715,0.8410950675025559
bayesfl_observability_v1,vi_lr0p0005_b64_e2,50,vi,global_test,,,3,0.2,0.26666666666666666,3375,0.4539259259259259,0.2321744437041106,0.2217514822218153,0.07484112524986265,1.7621183697735823,0.7717392428362811
bayesfl_observability_v1,vi_lr0p0005_b64_e2,50,vi,global_test,,,4,0.26666666666666666,0.3333333333333333,2409,0.6135325861353259,0.2968163742173901,0.3167162119179358,0.07629693545103074,1.4739996875257797,0.6743187802418875
bayesfl_observability_v1,vi_lr0p0005_b64_e2,50,vi,global_test,,,5,0.3333333333333333,0.4,1347,0.7208611729769859,0.3630246630224725,0.35783650995451344,0.04820057789087296,1.2376529108442549,0.5776624343708523
bayesfl_observability_v1,vi_lr0p0005_b64_e2,50,vi,global_test,,,6,0.4,0.4666666666666667,598,0.8193979933110368,0.4279386811830527,0.39145931212798407,0.023409266865253447,1.028642591824101,0.47644729962117693
bayesfl_observability_v1,vi_lr0p0005_b64_e2,50,vi,global_test,,,7,0.4666666666666667,0.5333333333333333,228,0.9035087719298246,0.494901953036325,0.4086068188934996,0.00931623547077179,0.8467736050747988,0.3738186992051309
bayesfl_observability_v1,vi_lr0p0005_b64_e2,50,vi,global_test,,,8,0.5333333333333333,0.6,70,0.9285714285714286,0.5597430016313281,0.36882842694010054,0.0025817989885807036,0.7285914140088218,0.2983037937964712
bayesfl_observability_v1,vi_lr0p0005_b64_e2,50,vi,global_test,,,9,0.6,0.6666666666666666,31,0.967741935483871,0.6243864259412212,0.3433555095426498,0.0010644020795822144,0.5418492276822368,0.20691056597617366
bayesfl_observability_v1,vi_lr0p0005_b64_e2,50,vi,global_test,,,10,0.6666666666666666,0.7333333333333333,6,1.0,0.696017841498057,0.303982158501943,0.00018238929510116579,0.36273524661858875,0.11006660386919975
bayesfl_observability_v1,vi_lr0p0005_b64_e2,50,vi,global_test,,,11,0.7333333333333333,0.8,0,,,,,,
bayesfl_observability_v1,vi_lr0p0005_b64_e2,50,vi,global_test,,,12,0.8,0.8666666666666667,0,,,,,,
bayesfl_observability_v1,vi_lr0p0005_b64_e2,50,vi,global_test,,,13,0.8666666666666667,0.9333333333333333,0,,,,,,
bayesfl_observability_v1,vi_lr0p0005_b64_e2,50,vi,global_test,,,14,0.9333333333333333,1.0,0,,,,,,
bayesfl_observability_v1,vi_lr0p0005_b64_e2,51,vi,global_test,,,0,0.0,0.06666666666666667,0,,,,,,
bayesfl_observability_v1,vi_lr0p0005_b64_e2,51,vi,global_test,,,1,0.06666666666666667,0.13333333333333333,11,0.09090909090909091,0.12819819152355194,0.03728910061446103,4.101801067590713e-05,2.27954719283364,0.8978142033923756
bayesfl_observability_v1,vi_lr0p0005_b64_e2,51,vi,global_test,,,2,0.13333333333333333,0.2,1952,0.30276639344262296,0.17733280092752615,0.1254335925150968,0.0244846372589469,1.9770596131804536,0.8326093044254135
bayesfl_observability_v1,vi_lr0p0005_b64_e2,51,vi,global_test,,,3,0.2,0.26666666666666666,3566,0.4837352776219854,0.23257609050192327,0.25115918712006213,0.08956336612701415,1.7270094432392216,0.762217882437714
bayesfl_observability_v1,vi_lr0p0005_b64_e2,51,vi,global_test,,,4,0.26666666666666666,0.3333333333333333,2407,0.6634815122559202,0.2971680666284042,0.366313445627516,0.08817164636254311,1.4337507292696388,0.6589608293972324
bayesfl_observability_v1,vi_lr0p0005_b64_e2,51,vi,global_test,,,5,0.3333333333333333,0.4,1207,0.8077879038939519,0.3633962811372847,0.4443916227566672,0.053638068866729734,1.1732659026819907,0.5449902180215003
bayesfl_observability_v1,vi_lr0p0005_b64_e2,51,vi,global_test,,,6,0.4,0.4666666666666667,561,0.8680926916221033,0.4270911555664212,0.44100153605568215,0.02474018617272377,0.9838296642490462,0.451851745446523
bayesfl_observability_v1,vi_lr0p0005_b64_e2,51,vi,global_test,,,7,0.4666666666666667,0.5333333333333333,193,0.917098445595855,0.4944190555903578,0.42267939000549715,0.008157712227106094,0.7986370942753214,0.3507782220840454
bayesfl_observability_v1,vi_lr0p0005_b64_e2,51,vi,global_test,,,8,0.5333333333333333,0.6,79,0.9113924050632911,0.5615029470830024,0.3498894579802887,0.0027641267180442807,0.7124270668512658,0.3022619153879866
bayesfl_observability_v1,vi_lr0p0005_b64_e2,51,vi,global_test,,,9,0.6,0.6666666666666666,21,1.0,0.6300929018429348,0.36990709815706524,0.000776804906129837,0.46217782440639676,0.1625622156120482
bayesfl_observability_v1,vi_lr0p0005_b64_e2,51,vi,global_test,,,10,0.6666666666666666,0.7333333333333333,3,1.0,0.6961623827616373,0.30383761723836267,9.11512851715088e-05,0.3625441292921702,0.11018514384826024
bayesfl_observability_v1,vi_lr0p0005_b64_e2,51,vi,global_test,,,11,0.7333333333333333,0.8,0,,,,,,
bayesfl_observability_v1,vi_lr0p0005_b64_e2,51,vi,global_test,,,12,0.8,0.8666666666666667,0,,,,,,
bayesfl_observability_v1,vi_lr0p0005_b64_e2,51,vi,global_test,,,13,0.8666666666666667,0.9333333333333333,0,,,,,,
bayesfl_observability_v1,vi_lr0p0005_b64_e2,51,vi,global_test,,,14,0.9333333333333333,1.0,0,,,,,,
bayesfl_observability_v1,vi_lr0p0005_b64_e2,52,vi,global_test,,,0,0.0,0.06666666666666667,0,,,,,,
bayesfl_observability_v1,vi_lr0p0005_b64_e2,52,vi,global_test,,,1,0.06666666666666667,0.13333333333333333,11,0.09090909090909091,0.1306455595926805,0.0397364686835896,4.371011555194856e-05,2.216317155144431,0.8852275013923645
bayesfl_observability_v1,vi_lr0p0005_b64_e2,52,vi,global_test,,,2,0.13333333333333333,0.2,1899,0.3291205897840969,0.17818708797076177,0.15093350181333515,0.028662271994352347,1.9604044774132316,0.828961580222754
bayesfl_observability_v1,vi_lr0p0005_b64_e2,52,vi,global_test,,,3,0.2,0.26666666666666666,3505,0.4815977175463623,0.2318511536730169,0.24974656387334543,0.08753617063760757,1.7308352964240712,0.7643315445849627
bayesfl_observability_v1,vi_lr0p0005_b64_e2,52,vi,global_test,,,4,0.26666666666666666,0.3333333333333333,2211,0.6598824061510629,0.29767811088096174,0.3622042952701011,0.08008336968421936,1.4473182962038893,0.6631439485629723
bayesfl_observability_v1,vi_lr0p0005_b64_e2,52,vi,global_test,,,5,0.3333333333333333,0.4,1134,0.7962962962962963,0.3633769079385821,0.43291938835771415,0.049093058639764785,1.2045243242640553,0.5560813138304144
bayesfl_observability_v1,vi_lr0p0005_b64_e2,52,vi,global_test,,,6,0.4,0.4666666666666667,612,0.8660130718954249,0.4298086584685675,0.4362044134268574,0.026695710101723672,0.9937828814282137,0.453337241426792
bayesfl_observability_v1,vi_lr0p0005_b64_e2,52,vi,global_test,,,7,0.4666666666666667,0.5333333333333333,328,0.9054878048780488,0.49602286372242904,0.40946494115561977,0.013430450069904327,0.8276930287843798,0.3642975707970014
bayesfl_observability_v1,vi_lr0p0005_b64_e2,52,vi,global_test,,,8,0.5333333333333333,0.6,152,0.9671052631578947,0.5631567910313606,0.40394847212653406,0.006140016776323318,0.6488917462135616,0.25748346677344097
bayesfl_observability_v1,vi_lr0p0005_b64_e2,52,vi,global_test,,,9,0.6,0.6666666666666666,92,0.967391304347826,0.6312456105066382,0.33614569384118786,0.0030925403833389283,0.5241290087933126,0.19530565421218457
bayesfl_observability_v1,vi_lr0p0005_b64_e2,52,vi,global_test,,,10,0.6666666666666666,0.7333333333333333,37,0.972972972972973,0.6932799316741325,0.27969304129884054,0.00103486425280571,0.45180994191685236,0.15187858186058095
bayesfl_observability_v1,vi_lr0p0005_b64_e2,52,vi,global_test,,,11,0.7333333333333333,0.8,16,1.0,0.7596588656306267,0.24034113436937332,0.0003845458149909973,0.27510921843349934,0.06869898666627705
bayesfl_observability_v1,vi_lr0p0005_b64_e2,52,vi,global_test,,,12,0.8,0.8666666666666667,2,1.0,0.8231591880321503,0.17684081196784973,3.536816239356994e-05,0.19463802129030228,0.037695059552788734
bayesfl_observability_v1,vi_lr0p0005_b64_e2,52,vi,global_test,,,13,0.8666666666666667,0.9333333333333333,1,1.0,0.8893057703971863,0.11069422960281372,1.1069422960281372e-05,0.11731415241956711,0.014912115409970284
bayesfl_observability_v1,vi_lr0p0005_b64_e2,52,vi,global_test,,,14,0.9333333333333333,1.0,0,,,,,,
bayesfl_observability_v1,vi_lr0p0005_b64_e2,53,vi,global_test,,,0,0.0,0.06666666666666667,0,,,,,,
bayesfl_observability_v1,vi_lr0p0005_b64_e2,53,vi,global_test,,,1,0.06666666666666667,0.13333333333333333,12,0.08333333333333333,0.12930972377459207,0.045976390441258744,5.5171668529510495e-05,2.1899770498275757,0.8796771665414175
bayesfl_observability_v1,vi_lr0p0005_b64_e2,53,vi,global_test,,,2,0.13333333333333333,0.2,1877,0.3122003196590304,0.1781684614491704,0.13403185820986,0.025157779785990722,1.969341698071394,0.8309694618764684
bayesfl_observability_v1,vi_lr0p0005_b64_e2,53,vi,global_test,,,3,0.2,0.26666666666666666,3411,0.47024333040164173,0.23222840999585379,0.23801492040578795,0.08118688935041427,1.7282765281406605,0.7637052660427356
bayesfl_observability_v1,vi_lr0p0005_b64_e2,53,vi,global_test,,,4,0.26666666666666666,0.3333333333333333,2184,0.6771978021978022,0.2965473113479195,0.38065049084988273,0.0831340672016144,1.441704627467599,0.6598538601354802
bayesfl_observability_v1,vi_lr0p0005_b64_e2,53,vi,global_test,,,5,0.3333333333333333,0.4,1259,0.8308181096108023,0.3635024029030698,0.4673157067077325,0.058835047474503514,1.1633087211984598,0.5382687644507792
bayesfl_observability_v1,vi_lr0p0005_b64_e2,53,vi,global_test,,,6,0.4,0.4666666666666667,661,0.897125567322239,0.4290925407283425,0.4680330265938965,0.03093698305785656,0.9623522194899878,0.436846551754471
bayesfl_observability_v1,vi_lr0p0005_b64_e2,53,vi,global_test,,,7,0.4666666666666667,0.5333333333333333,331,0.9577039274924471,0.49391087574541026,0.4637930517470369,0.015351550012826922,0.7649106849716509,0.33300925489638866
bayesfl_observability_v1,vi_lr0p0005_b64_e2,53,vi,global_test,,,8,0.5333333333333333,0.6,158,0.9430379746835443,0.5614886612077302,0.3815493134758141,0.006028479152917863,0.6802753508090973,0.2763179237895374
bayesfl_observability_v1,vi_lr0p0005_b64_e2,53,vi,global_test,,,9,0.6,0.6666666666666666,64,0.96875,0.6317396126687527,0.33701038733124733,0.002156866478919983,0.5489761335775256,0.2000211647246033
bayesfl_observability_v1,vi_lr0p0005_b64_e2,53,vi,global_test,,,10,0.6666666666666666,0.7333333333333333,32,1.0,0.6969864405691624,0.30301355943083763,0.0009696433901786804,0.3613215619698167,0.1102707211393863
bayesfl_observability_v1,vi_lr0p0005_b64_e2,53,vi,global_test,,,11,0.7333333333333333,0.8,9,1.0,0.7630923986434937,0.23690760135650635,0.0002132168412208557,0.27058909667862785,0.0666879349284702
bayesfl_observability_v1,vi_lr0p0005_b64_e2,53,vi,global_test,,,12,0.8,0.8666666666666667,2,1.0,0.8237290978431702,0.17627090215682983,3.5254180431365966e-05,0.19429008662700653,0.038242525421082973
bayesfl_observability_v1,vi_lr0p0005_b64_e2,53,vi,global_test,,,13,0.8666666666666667,0.9333333333333333,0,,,,,,
bayesfl_observability_v1,vi_lr0p0005_b64_e2,53,vi,global_test,,,14,0.9333333333333333,1.0,0,,,,,,
bayesfl_observability_v1,vi_lr0p0005_b64_e2,54,vi,global_test,,,0,0.0,0.06666666666666667,0,,,,,,
bayesfl_observability_v1,vi_lr0p0005_b64_e2,54,vi,global_test,,,1,0.06666666666666667,0.13333333333333333,5,0.0,0.1293216109275818,0.1293216109275818,6.466080546379089e-05,2.220875358581543,0.8871443867683411
bayesfl_observability_v1,vi_lr0p0005_b64_e2,54,vi,global_test,,,2,0.13333333333333333,0.2,1465,0.2982935153583618,0.17929517899357011,0.11899833636479168,0.01743325627744198,1.9825654792297416,0.8352101906981485
bayesfl_observability_v1,vi_lr0p0005_b64_e2,54,vi,global_test,,,3,0.2,0.26666666666666666,3313,0.42287956534862664,0.23289084646804722,0.18998871888057942,0.06294326256513595,1.7654098717424396,0.7763373686977286
bayesfl_observability_v1,vi_lr0p0005_b64_e2,54,vi,global_test,,,4,0.26666666666666666,0.3333333333333333,2321,0.5566566135286515,0.29738131369665133,0.25927529983200015,0.060177797091007235,1.547373948349926,0.6997018370942687
bayesfl_observability_v1,vi_lr0p0005_b64_e2,54,vi,global_test,,,5,0.3333333333333333,0.4,1328,0.6649096385542169,0.36304939286895543,0.3018602456852615,0.040087040627002725,1.3271672231964318,0.6098540182932314
bayesfl_observability_v1,vi_lr0p0005_b64_e2,54,vi,global_test,,,6,0.4,0.4666666666666667,677,0.7695716395864106,0.4291808797126331,0.34039075987377754,0.02304445444345474,1.1182102295109229,0.5106666545484055
bayesfl_observability_v1,vi_lr0p0005_b64_e2,54,vi,global_test,,,7,0.4666666666666667,0.5333333333333333,414,0.8381642512077294,0.49668972165400277,0.34147452955372665,0.014137045523524284,0.9330430141681634,0.4135153664338992
bayesfl_observability_v1,vi_lr0p0005_b64_e2,54,vi,global_test,,,8,0.5333333333333333,0.6,227,0.9074889867841409,0.5645482847343982,0.3429407020497427,0.00778475393652916,0.7263176186494366,0.3040475762625623
bayesfl_observability_v1,vi_lr0p0005_b64_e2,54,vi,global_test,,,9,0.6,0.6666666666666666,128,0.9296875,0.6313115493394434,0.29837595066055655,0.0038192121684551238,0.5587904471904039,0.22495853470172733
bayesfl_observability_v1,vi_lr0p0005_b64_e2,54,vi,global_test,,,10,0.6666666666666666,0.7333333333333333,70,0.9285714285714286,0.6980874589511327,0.23048396962029594,0.0016133877873420715,0.5847446301153728,0.2044332634125437
bayesfl_observability_v1,vi_lr0p0005_b64_e2,54,vi,global_test,,,11,0.7333333333333333,0.8,31,0.9354838709677419,0.7582308361607213,0.1772530348070206,0.0005494844079017638,0.43913026057904764,0.1586920749996939
bayesfl_observability_v1,vi_lr0p0005_b64_e2,54,vi,global_test,,,12,0.8,0.8666666666666667,17,1.0,0.821077914798961,0.17892208520103903,0.00030416754484176637,0.19724617109579198,0.03775256477734622
bayesfl_observability_v1,vi_lr0p0005_b64_e2,54,vi,global_test,,,13,0.8666666666666667,0.9333333333333333,2,1.0,0.8816892802715302,0.11831071972846985,2.366214394569397e-05,0.12598492577672005,0.016735434532165527
bayesfl_observability_v1,vi_lr0p0005_b64_e2,54,vi,global_test,,,14,0.9333333333333333,1.0,2,1.0,0.9434946179389954,0.05650538206100464,1.1301076412200927e-05,0.05820157378911972,0.003867774736136198
bayesfl_observability_v1,vi_lr0p0005_b64_e2,55,vi,global_test,,,0,0.0,0.06666666666666667,0,,,,,,
bayesfl_observability_v1,vi_lr0p0005_b64_e2,55,vi,global_test,,,1,0.06666666666666667,0.13333333333333333,4,0.0,0.1271807998418808,0.1271807998418808,5.087231993675232e-05,2.1483194828033447,0.8712257742881775
bayesfl_observability_v1,vi_lr0p0005_b64_e2,55,vi,global_test,,,2,0.13333333333333333,0.2,1516,0.30474934036939316,0.1790409887843522,0.12570835158504096,0.019057386100292208,1.9828436621575367,0.834444052704406
bayesfl_observability_v1,vi_lr0p0005_b64_e2,55,vi,global_test,,,3,0.2,0.26666666666666666,3252,0.4468019680196802,0.23342259996198347,0.21337936805769672,0.06939097049236298,1.7425031779290419,0.7685752967773475
bayesfl_observability_v1,vi_lr0p0005_b64_e2,55,vi,global_test,,,4,0.26666666666666666,0.3333333333333333,2438,0.6361771944216571,0.29685347959387,0.3393237148277871,0.08272712167501449,1.4704266560674202,0.6729385009840729
bayesfl_observability_v1,vi_lr0p0005_b64_e2,55,vi,global_test,,,5,0.3333333333333333,0.4,1353,0.7649667405764967,0.3632363162037186,0.4017304243727781,0.054354126417636886,1.2396083306314676,0.5696689330112996
bayesfl_observability_v1,vi_lr0p0005_b64_e2,55,vi,global_test,,,6,0.4,0.4666666666666667,721,0.8848821081830791,0.430440545123427,0.4544415630596521,0.03276523669660092,0.9668594129207891,0.4402040904090738
bayesfl_observability_v1,vi_lr0p0005_b64_e2,55,vi,global_test,,,7,0.4666666666666667,0.5333333333333333,395,0.9417721518987342,0.49592015094394926,0.44585200095478494,0.017611154037714006,0.7735989507240585,0.33988554017453254
bayesfl_observability_v1,vi_lr0p0005_b64_e2,55,vi,global_test,,,8,0.5333333333333333,0.6,191,0.9790575916230366,0.5628782073864762,0.4161793842365604,0.007949026238918305,0.6215862403989463,0.24663058079350056
bayesfl_observability_v1,vi_lr0p0005_b64_e2,55,vi,global_test,,,9,0.6,0.6666666666666666,82,1.0,0.626166829248754,0.373833170751246,0.003065432000160217,0.46853878112827857,0.16511036201221188
bayesfl_observability_v1,vi_lr0p0005_b64_e2,55,vi,global_test,,,10,0.6666666666666666,0.7333333333333333,38,1.0,0.6886247318041953,0.31137526819580474,0.001183226019144058,0.37341697043494176,0.11379290803482658
bayesfl_observability_v1,vi_lr0p0005_b64_e2,55,vi,global_test,,,11,0.7333333333333333,0.8,9,1.0,0.7523560855123732,0.2476439144876268,0.00022287952303886414,0.28478192455238766,0.07158938919504483
bayesfl_observability_v1,vi_lr0p0005_b64_e2,55,vi,global_test,,,12,0.8,0.8666666666666667,1,1.0,0.8264126777648926,0.17358732223510742,1.7358732223510742e-05,0.19066102802753448,0.03555380553007126
bayesfl_observability_v1,vi_lr0p0005_b64_e2,55,vi,global_test,,,13,0.8666666666666667,0.9333333333333333,0,,,,,,
bayesfl_observability_v1,vi_lr0p0005_b64_e2,55,vi,global_test,,,14,0.9333333333333333,1.0,0,,,,,,
bayesfl_observability_v1,vi_lr0p0005_b64_e2,56,vi,global_test,,,0,0.0,0.06666666666666667,0,,,,,,
bayesfl_observability_v1,vi_lr0p0005_b64_e2,56,vi,global_test,,,1,0.06666666666666667,0.13333333333333333,4,0.25,0.12948954664170742,0.12051045335829258,4.820418134331703e-05,2.232946991920471,0.8892215937376022
bayesfl_observability_v1,vi_lr0p0005_b64_e2,56,vi,global_test,,,2,0.13333333333333333,0.2,1578,0.30164765525982257,0.1783883833953183,0.12325927186450428,0.019450313100218775,1.9676511269558519,0.8314760814601477
bayesfl_observability_v1,vi_lr0p0005_b64_e2,56,vi,global_test,,,3,0.2,0.26666666666666666,3372,0.47034400948991695,0.23240883280727503,0.2379351766826419,0.08023174157738686,1.7255968462105749,0.763547152811098
bayesfl_observability_v1,vi_lr0p0005_b64_e2,56,vi,global_test,,,4,0.26666666666666666,0.3333333333333333,2199,0.6543883583447021,0.29721709585775297,0.35717126248694914,0.07854196062088012,1.4574673003421799,0.6664634898013557
bayesfl_observability_v1,vi_lr0p0005_b64_e2,56,vi,global_test,,,5,0.3333333333333333,0.4,1345,0.8349442379182156,0.36408493935397124,0.47085929856424436,0.06333057565689088,1.1632575558907037,0.5376490573457626
bayesfl_observability_v1,vi_lr0p0005_b64_e2,56,vi,global_test,,,6,0.4,0.4666666666666667,750,0.9266666666666666,0.4317225778102875,0.49494408885637914,0.037120806664228435,0.9362207311789195,0.41859564832846324
bayesfl_observability_v1,vi_lr0p0005_b64_e2,56,vi,global_test,,,7,0.4666666666666667,0.5333333333333333,387,0.9715762273901809,0.49576604489516224,0.47581018249501866,0.018413854062557224,0.7462567248085673,0.32003381559553074
bayesfl_observability_v1,vi_lr0p0005_b64_e2,56,vi,global_test,,,8,0.5333333333333333,0.6,209,0.9856459330143541,0.5609738008257305,0.42467213218862365,0.008875647562742235,0.6039993979714133,0.24277298573101536
bayesfl_observability_v1,vi_lr0p0005_b64_e2,56,vi,global_test,,,9,0.6,0.6666666666666666,90,1.0,0.627463678518931,0.37253632148106897,0.0033528268933296205,0.4665165036916733,0.16623893098698722
bayesfl_observability_v1,vi_lr0p0005_b64_e2,56,vi,global_test,,,10,0.6666666666666666,0.7333333333333333,49,1.0,0.6909804575297297,0.3090195424702703,0.0015141957581043246,0.36992785334587097,0.1150959316565066
bayesfl_observability_v1,vi_lr0p0005_b64_e2,56,vi,global_test,,,11,0.7333333333333333,0.8,14,1.0,0.7661602071353367,0.23383979286466328,0.0003273757100105286,0.2667895715151514,0.06621710051383291
bayesfl_observability_v1,vi_lr0p0005_b64_e2,56,vi,global_test,,,12,0.8,0.8666666666666667,3,1.0,0.8325685461362203,0.16743145386377967,5.02294361591339e-05,0.1835924039284388,0.035115563621123634
bayesfl_observability_v1,vi_lr0p0005_b64_e2,56,vi,global_test,,,13,0.8666666666666667,0.9333333333333333,0,,,,,,
bayesfl_observability_v1,vi_lr0p0005_b64_e2,56,vi,global_test,,,14,0.9333333333333333,1.0,0,,,,,,
bayesfl_observability_v1,vi_lr0p0005_b64_e2,57,vi,global_test,,,0,0.0,0.06666666666666667,0,,,,,,
bayesfl_observability_v1,vi_lr0p0005_b64_e2,57,vi,global_test,,,1,0.06666666666666667,0.13333333333333333,5,0.2,0.12981437146663666,0.07018562853336335,3.509281426668168e-05,2.3490978717803954,0.9054251670837402
bayesfl_observability_v1,vi_lr0p0005_b64_e2,57,vi,global_test,,,2,0.13333333333333333,0.2,1550,0.29806451612903223,0.17878777087696138,0.11927674525207085,0.01848789551407098,1.9655764588232962,0.8308760390358586
bayesfl_observability_v1,vi_lr0p0005_b64_e2,57,vi,global_test,,,3,0.2,0.26666666666666666,3306,0.47701149425287354,0.23315809300215548,0.24385340125071805,0.08061793445348739,1.713335191561681,0.7614654239134145
bayesfl_observability_v1,vi_lr0p0005_b64_e2,57,vi,global_test,,,4,0.26666666666666666,0.3333333333333333,2268,0.656084656084656,0.2969985764072896,0.35908607967736644,0.08144072287082671,1.43966020677876,0.6625320852538685
bayesfl_observability_v1,vi_lr0p0005_b64_e2,57,vi,global_test,,,5,0.3333333333333333,0.4,1301,0.8339738662567256,0.3637432542605917,0.470230611996134,0.06117700262069703,1.1622802509334251,0.5384697332279578
bayesfl_observability_v1,vi_lr0p0005_b64_e2,57,vi,global_test,,,6,0.4,0.4666666666666667,755,0.9178807947019868,0.4288655007517101,0.4890152939502767,0.036920654693245895,0.949510644287463,0.42821847626705045
bayesfl_observability_v1,vi_lr0p0005_b64_e2,57,vi,global_test,,,7,0.4666666666666667,0.5333333333333333,396,0.9671717171717171,0.4949702690496589,0.4722014481220582,0.018699177345633505,0.7563067623461136,0.3242802653047774
bayesfl_observability_v1,vi_lr0p0005_b64_e2,57,vi,global_test,,,8,0.5333333333333333,0.6,214,0.9813084112149533,0.5605346655177179,0.42077374569723536,0.009004558157920835,0.6101972889677386,0.24531218541838298
bayesfl_observability_v1,vi_lr0p0005_b64_e2,57,vi,global_test,,,9,0.6,0.6666666666666666,127,0.9921259842519685,0.630740262391999,0.36138572185996953,0.004589598667621614,0.48272451594119936,0.17229590336168846
bayesfl_observability_v1,vi_lr0p0005_b64_e2,57,vi,global_test,,,10,0.6666666666666666,0.7333333333333333,58,1.0,0.6930011068952495,0.3069988931047505,0.0017805935800075526,0.36701837438961554,0.1119282128738946
bayesfl_observability_v1,vi_lr0p0005_b64_e2,57,vi,global_test,,,11,0.7333333333333333,0.8,17,1.0,0.7547912422348472,0.24520875776515283,0.0004168548882007598,0.2815428051878424,0.07245391212842044
bayesfl_observability_v1,vi_lr0p0005_b64_e2,57,vi,global_test,,,12,0.8,0.8666666666666667,3,1.0,0.818366547425588,0.181633452574412,5.4490035772323595e-05,0.20045026143391928,0.03874298557639122
bayesfl_observability_v1,vi_lr0p0005_b64_e2,57,vi,global_test,,,13,0.8666666666666667,0.9333333333333333,0,,,,,,
bayesfl_observability_v1,vi_lr0p0005_b64_e2,57,vi,global_test,,,14,0.9333333333333333,1.0,0,,,,,,
bayesfl_observability_v1,vi_lr0p0005_b64_e2,58,vi,global_test,,,0,0.0,0.06666666666666667,0,,,,,,
bayesfl_observability_v1,vi_lr0p0005_b64_e2,58,vi,global_test,,,1,0.06666666666666667,0.13333333333333333,4,0.0,0.13171065971255302,0.13171065971255302,5.268426388502121e-05,2.1172590851783752,0.864340677857399
bayesfl_observability_v1,vi_lr0p0005_b64_e2,58,vi,global_test,,,2,0.13333333333333333,0.2,1492,0.32171581769436997,0.1791760439687376,0.14253977372563237,0.02126693423986435,1.9711143385628913,0.8319653067288386
bayesfl_observability_v1,vi_lr0p0005_b64_e2,58,vi,global_test,,,3,0.2,0.26666666666666666,3178,0.45091252359974826,0.2332055614083124,0.21770696219143587,0.06918727258443833,1.7190830240915826,0.7636293712241459
bayesfl_observability_v1,vi_lr0p0005_b64_e2,58,vi,global_test,,,4,0.26666666666666666,0.3333333333333333,2315,0.6591792656587473,0.29714486704531806,0.36203439861342923,0.08381096327900886,1.4463471610396779,0.6636935216046822
bayesfl_observability_v1,vi_lr0p0005_b64_e2,58,vi,global_test,,,5,0.3333333333333333,0.4,1319,0.846095526914329,0.36384618806513624,0.48224933884919274,0.06360868779420853,1.1534954360075482,0.533563428299277
bayesfl_observability_v1,vi_lr0p0005_b64_e2,58,vi,global_test,,,6,0.4,0.4666666666666667,773,0.9236739974126779,0.43126980923742714,0.4924041881752507,0.03806284374594688,0.9418704935372415,0.42267771761136713
bayesfl_observability_v1,vi_lr0p0005_b64_e2,58,vi,global_test,,,7,0.4666666666666667,0.5333333333333333,469,0.9872068230277186,0.4962150113923209,0.4909918116353977,0.023027515965700154,0.7225567417612462,0.3061440074875919
bayesfl_observability_v1,vi_lr0p0005_b64_e2,58,vi,global_test,,,8,0.5333333333333333,0.6,249,0.9919678714859438,0.5636487773144581,0.4283190941714857,0.010665145444869996,0.585308213310548,0.2302314619941405
bayesfl_observability_v1,vi_lr0p0005_b64_e2,58,vi,global_test,,,9,0.6,0.6666666666666666,131,1.0,0.627452370774655,0.372547629225345,0.00488037394285202,0.46661499324645705,0.165387331870676
bayesfl_observability_v1,vi_lr0p0005_b64_e2,58,vi,global_test,,,10,0.6666666666666666,0.7333333333333333,57,1.0,0.6965567720563788,0.3034432279436212,0.0017296263992786411,0.36199077754689934,0.10895853332783047
bayesfl_observability_v1,vi_lr0p0005_b64_e2,58,vi,global_test,,,11,0.7333333333333333,0.8,12,1.0,0.7598690092563629,0.24013099074363708,0.0002881571888923645,0.27491165697574615,0.06934613268822432
bayesfl_observability_v1,vi_lr0p0005_b64_e2,58,vi,global_test,,,12,0.8,0.8666666666666667,1,1.0,0.8168463110923767,0.1831536889076233,1.8315368890762328e-05,0.20230431854724884,0.042027246206998825
bayesfl_observability_v1,vi_lr0p0005_b64_e2,58,vi,global_test,,,13,0.8666666666666667,0.9333333333333333,0,,,,,,
bayesfl_observability_v1,vi_lr0p0005_b64_e2,58,vi,global_test,,,14,0.9333333333333333,1.0,0,,,,,,
bayesfl_observability_v1,vi_lr0p0005_b64_e2,59,vi,global_test,,,0,0.0,0.06666666666666667,0,,,,,,
bayesfl_observability_v1,vi_lr0p0005_b64_e2,59,vi,global_test,,,1,0.06666666666666667,0.13333333333333333,4,0.0,0.13017002679407597,0.13017002679407597,5.2068010717630387e-05,2.229731023311615,0.8880494385957718
bayesfl_observability_v1,vi_lr0p0005_b64_e2,59,vi,global_test,,,2,0.13333333333333333,0.2,1329,0.308502633559067,0.17931228304286034,0.12919035051620664,0.017169397583603863,1.9655595399814947,0.8310946374122499
bayesfl_observability_v1,vi_lr0p0005_b64_e2,59,vi,global_test,,,3,0.2,0.26666666666666666,3054,0.4305828421741978,0.2327431296708932,0.1978397125033046,0.060420248198509226,1.7473325360890846,0.7711735482144059
bayesfl_observability_v1,vi_lr0p0005_b64_e2,59,vi,global_test,,,4,0.26666666666666666,0.3333333333333333,2203,0.6014525646845211,0.29732297005785413,0.304129594626667,0.06699974969625475,1.5147254595797657,0.6877930413253514
bayesfl_observability_v1,vi_lr0p0005_b64_e2,59,vi,global_test,,,5,0.3333333333333333,0.4,1373,0.7560087399854334,0.3637874363463722,0.3922213036390612,0.05385198498964311,1.2446745294597317,0.5730600892759463
bayesfl_observability_v1,vi_lr0p0005_b64_e2,59,vi,global_test,,,6,0.4,0.4666666666666667,878,0.8735763097949886,0.43042678058418976,0.4431495292107988,0.03890852866470814,1.0093930412533614,0.4535239759094351
bayesfl_observability_v1,vi_lr0p0005_b64_e2,59,vi,global_test,,,7,0.4666666666666667,0.5333333333333333,524,0.9389312977099237,0.4978310399838076,0.44110025772611605,0.02311365350484848,0.7910615102252887,0.34145593165441324
bayesfl_observability_v1,vi_lr0p0005_b64_e2,59,vi,global_test,,,8,0.5333333333333333,0.6,303,0.9702970297029703,0.5634215350198274,0.4068754946831429,0.01232832748889923,0.6193558170457091,0.25096344475698945
bayesfl_observability_v1,vi_lr0p0005_b64_e2,59,vi,global_test,,,9,0.6,0.6666666666666666,186,0.9838709677419355,0.6280228713507293,0.3558480963912062,0.006618774592876435,0.4944924641680974,0.1825373892181663
bayesfl_observability_v1,vi_lr0p0005_b64_e2,59,vi,global_test,,,10,0.6666666666666666,0.7333333333333333,102,0.9901960784313726,0.6956315706757938,0.29456450775557874,0.003004557979106903,0.3968421460366717,0.12486896320593123
bayesfl_observability_v1,vi_lr0p0005_b64_e2,59,vi,global_test,,,11,0.7333333333333333,0.8,30,1.0,0.7604386329650878,0.23956136703491215,0.0007186841011047365,0.27415520548820493,0.0707066796720028
bayesfl_observability_v1,vi_lr0p0005_b64_e2,59,vi,global_test,,,12,0.8,0.8666666666666667,14,1.0,0.8184011621134621,0.18159883788653786,0.000254238373041153,0.20051826749529159,0.039090242236852646
bayesfl_observability_v1,vi_lr0p0005_b64_e2,59,vi,global_test,,,13,0.8666666666666667,0.9333333333333333,0,,,,,,
bayesfl_observability_v1,vi_lr0p0005_b64_e2,59,vi,global_test,,,14,0.9333333333333333,1.0,0,,,,,,
bayesfl_observability_v1,vi_lr0p0005_b64_e2,60,vi,global_test,,,0,0.0,0.06666666666666667,0,,,,,,
bayesfl_observability_v1,vi_lr0p0005_b64_e2,60,vi,global_test,,,1,0.06666666666666667,0.13333333333333333,6,0.0,0.13011020670334497,0.13011020670334497,7.806612402200699e-05,2.220767339070638,0.8849701881408691
bayesfl_observability_v1,vi_lr0p0005_b64_e2,60,vi,global_test,,,2,0.13333333333333333,0.2,1392,0.28951149425287354,0.1785857603703251,0.11092573388254845,0.015440862156450743,1.982831913421209,0.8355607361286536
bayesfl_observability_v1,vi_lr0p0005_b64_e2,60,vi,global_test,,,3,0.2,0.26666666666666666,2989,0.4265640682502509,0.23292061422293145,0.19364345402731944,0.05788002840876578,1.7630200516862509,0.775914830761077
bayesfl_observability_v1,vi_lr0p0005_b64_e2,60,vi,global_test,,,4,0.26666666666666666,0.3333333333333333,2154,0.5742804085422469,0.2972129640638994,0.2770674444783475,0.05968032754063605,1.5175984395026274,0.6913141499212082
bayesfl_observability_v1,vi_lr0p0005_b64_e2,60,vi,global_test,,,5,0.3333333333333333,0.4,1379,0.7403915881073242,0.36422799297482145,0.37616359513250275,0.051872959768772126,1.2607686345001508,0.5795147755251491
bayesfl_observability_v1,vi_lr0p0005_b64_e2,60,vi,global_test,,,6,0.4,0.4666666666666667,861,0.8559814169570267,0.4304329335135727,0.425548483443454,0.036639724424481386,1.0094350513403978,0.4589214969802817
bayesfl_observability_v1,vi_lr0p0005_b64_e2,60,vi,global_test,,,7,0.4666666666666667,0.5333333333333333,533,0.9437148217636022,0.49686214210392166,0.44685267965968056,0.023817247825860973,0.7829220695298788,0.33728884342240123
bayesfl_observability_v1,vi_lr0p0005_b64_e2,60,vi,global_test,,,8,0.5333333333333333,0.6,327,0.9755351681957186,0.5651040915684598,0.41043107662725886,0.013421096205711365,0.6185877058848693,0.2455809875092375
bayesfl_observability_v1,vi_lr0p0005_b64_e2,60,vi,global_test,,,9,0.6,0.6666666666666666,196,0.9846938775510204,0.6303252513919558,0.3543686261590646,0.0069456250727176665,0.49919839720336756,0.17983723127720308
bayesfl_observability_v1,vi_lr0p0005_b64_e2,60,vi,global_test,,,10,0.6666666666666666,0.7333333333333333,108,0.9907407407407407,0.6949085339351937,0.295832206805547,0.003194987833499908,0.39014248853480377,0.12421799975412863
bayesfl_observability_v1,vi_lr0p0005_b64_e2,60,vi,global_test,,,11,0.7333333333333333,0.8,45,1.0,0.7690874497095744,0.23091255029042557,0.001039106476306915,0.2628951089249717,0.06406078678038385
bayesfl_observability_v1,vi_lr0p0005_b64_e2,60,vi,global_test,,,12,0.8,0.8666666666666667,8,1.0,0.8237458243966103,0.17625417560338974,0.0001410033404827118,0.1942015066742897,0.03703905432485044
bayesfl_observability_v1,vi_lr0p0005_b64_e2,60,vi,global_test,,,13,0.8666666666666667,0.9333333333333333,2,1.0,0.8839882016181946,0.11601179838180542,2.3202359676361085e-05,0.12331156432628632,0.015759173780679703
bayesfl_observability_v1,vi_lr0p0005_b64_e2,60,vi,global_test,,,14,0.9333333333333333,1.0,0,,,,,,
