schema_version,run_id,round,method,eval_scope,physical_client_id,virtual_client_id,bin_id,bin_left,bin_right,bin_count,bin_accuracy,bin_confidence,bin_gap,ece_contribution,nll_mean,brier_mean
bayesfl_observability_v1,vi_lr0p002_b64_e1,0,vi,global_test,,,0,0.0,0.06666666666666667,0,,,,,,
bayesfl_observability_v1,vi_lr0p002_b64_e1,0,vi,global_test,,,1,0.06666666666666667,0.13333333333333333,125,0.056,0.1293582951426506,0.0733582951426506,0.0009169786892831326,2.34108317565918,0.9074617972373963
bayesfl_observability_v1,vi_lr0p002_b64_e1,0,vi,global_test,,,2,0.13333333333333333,0.2,6738,0.10685663401602849,0.1701234976627523,0.06326686364672382,0.04262921272516251,2.3697456791267157,0.9124786992496254
bayesfl_observability_v1,vi_lr0p002_b64_e1,0,vi,global_test,,,3,0.2,0.26666666666666666,2742,0.12107950401167031,0.22369198065270132,0.10261247664103101,0.028136341094970704,2.407698221053632,0.9214751804770561
bayesfl_observability_v1,vi_lr0p002_b64_e1,0,vi,global_test,,,4,0.26666666666666666,0.3333333333333333,354,0.16666666666666666,0.28878133849235577,0.12211467182568911,0.004322859382629394,2.3453631862408697,0.9141256442177768
bayesfl_observability_v1,vi_lr0p002_b64_e1,0,vi,global_test,,,5,0.3333333333333333,0.4,38,0.07894736842105263,0.35224678641871404,0.27329941799766144,0.0010385377883911134,2.6551895816075173,1.0014380514621735
bayesfl_observability_v1,vi_lr0p002_b64_e1,0,vi,global_test,,,6,0.4,0.4666666666666667,3,0.0,0.43029486139615375,0.43029486139615375,0.00012908845841884612,3.0693607330322266,1.1418745915095012
bayesfl_observability_v1,vi_lr0p002_b64_e1,0,vi,global_test,,,7,0.4666666666666667,0.5333333333333333,0,,,,,,
bayesfl_observability_v1,vi_lr0p002_b64_e1,0,vi,global_test,,,8,0.5333333333333333,0.6,0,,,,,,
bayesfl_observability_v1,vi_lr0p002_b64_e1,0,vi,global_test,,,9,0.6,0.6666666666666666,0,,,,,,
bayesfl_observability_v1,vi_lr0p002_b64_e1,0,vi,global_test,,,10,0.6666666666666666,0.7333333333333333,0,,,,,,
bayesfl_observability_v1,vi_lr0p002_b64_e1,0,vi,global_test,,,11,0.7333333333333333,0.8,0,,,,,,
bayesfl_observability_v1,vi_lr0p002_b64_e1,0,vi,global_test,,,12,0.8,0.8666666666666667,0,,,,,,
bayesfl_observability_v1,vi_lr0p002_b64_e1,0,vi,global_test,,,13,0.8666666666666667,0.9333333333333333,0,,,,,,
bayesfl_observability_v1,vi_lr0p002_b64_e1,0,vi,global_test,,,14,0.9333333333333333,1.0,0,,,,,,
bayesfl_observability_v1,vi_lr0p002_b64_e1,1,vi,global_test,,,0,0.0,0.06666666666666667,0,,,,,,
bayesfl_observability_v1,vi_lr0p002_b64_e1,1,vi,global_test,,,1,0.06666666666666667,0.13333333333333333,39,0.02564102564102564,0.1292154019077619,0.10357437626673627,0.00040394006744027145,2.366372151252551,0.9127009801375561
bayesfl_observability_v1,vi_lr0p002_b64_e1,1,vi,global_test,,,2,0.13333333333333333,0.2,4059,0.11185020941118502,0.17399825466680657,0.06214804525562155,0.025225891569256788,2.3495286004124503,0.9082500127390354
bayesfl_observability_v1,vi_lr0p002_b64_e1,1,vi,global_test,,,3,0.2,0.26666666666666666,3687,0.11689720640086791,0.22920747890619847,0.11231027250533056,0.04140879747271538,2.3992847313814964,0.9210885866308458
bayesfl_observability_v1,vi_lr0p002_b64_e1,1,vi,global_test,,,4,0.26666666666666666,0.3333333333333333,1537,0.13793103448275862,0.2937407358637396,0.155809701380981,0.023947951102256778,2.460291033839745,0.9384687205530563
bayesfl_observability_v1,vi_lr0p002_b64_e1,1,vi,global_test,,,5,0.3333333333333333,0.4,491,0.1710794297352342,0.3601301228077494,0.1890506930725152,0.009282389029860496,2.518414766628242,0.9524783474486131
bayesfl_observability_v1,vi_lr0p002_b64_e1,1,vi,global_test,,,6,0.4,0.4666666666666667,137,0.145985401459854,0.42634497572035684,0.28035957426050284,0.003840926167368889,2.5984207200307914,1.0003600844936649
bayesfl_observability_v1,vi_lr0p002_b64_e1,1,vi,global_test,,,7,0.4666666666666667,0.5333333333333333,46,0.32608695652173914,0.4925844086253125,0.16649745210357336,0.0007658882796764374,2.264966035666673,0.8870908864166426
bayesfl_observability_v1,vi_lr0p002_b64_e1,1,vi,global_test,,,8,0.5333333333333333,0.6,4,0.5,0.5543453246355057,0.054345324635505676,2.1738129854202272e-05,2.206130489706993,0.7581074498593807
bayesfl_observability_v1,vi_lr0p002_b64_e1,1,vi,global_test,,,9,0.6,0.6666666666666666,0,,,,,,
bayesfl_observability_v1,vi_lr0p002_b64_e1,1,vi,global_test,,,10,0.6666666666666666,0.7333333333333333,0,,,,,,
bayesfl_observability_v1,vi_lr0p002_b64_e1,1,vi,global_test,,,11,0.7333333333333333,0.8,0,,,,,,
bayesfl_observability_v1,vi_lr0p002_b64_e1,1,vi,global_test,,,12,0.8,0.8666666666666667,0,,,,,,
bayesfl_observability_v1,vi_lr0p002_b64_e1,1,vi,global_test,,,13,0.8666666666666667,0.9333333333333333,0,,,,,,
bayesfl_observability_v1,vi_lr0p002_b64_e1,1,vi,global_test,,,14,0.9333333333333333,1.0,0,,,,,,
bayesfl_observability_v1,vi_lr0p002_b64_e1,2,vi,global_test,,,0,0.0,0.06666666666666667,0,,,,,,
bayesfl_observability_v1,vi_lr0p002_b64_e1,2,vi,global_test,,,1,0.06666666666666667,0.13333333333333333,14,0.07142857142857142,0.1282339250402791,0.05680535361170769,7.952749505639076e-05,2.388293538774763,0.9123859235218593
bayesfl_observability_v1,vi_lr0p002_b64_e1,2,vi,global_test,,,2,0.13333333333333333,0.2,3273,0.0947143293614421,0.17725505004444875,0.08254072068300665,0.02701557787954808,2.4048370416106852,0.9176259172316031
bayesfl_observability_v1,vi_lr0p002_b64_e1,2,vi,global_test,,,3,0.2,0.26666666666666666,4294,0.1159757801583605,0.22999530800231735,0.11401952784395684,0.04895998525619507,2.430128501524301,0.925553928323274
bayesfl_observability_v1,vi_lr0p002_b64_e1,2,vi,global_test,,,4,0.26666666666666666,0.3333333333333333,1696,0.1320754716981132,0.2943950414938747,0.16231956979576148,0.027529399037361145,2.406720890189117,0.9304762138229496
bayesfl_observability_v1,vi_lr0p002_b64_e1,2,vi,global_test,,,5,0.3333333333333333,0.4,515,0.0854368932038835,0.35950109727174334,0.27406420406785986,0.014114306509494782,2.508181400437957,0.9805923953218367
bayesfl_observability_v1,vi_lr0p002_b64_e1,2,vi,global_test,,,6,0.4,0.4666666666666667,153,0.10457516339869281,0.4254805965750825,0.3209054331763897,0.004909853127598763,2.5628088856834212,1.009786370727751
bayesfl_observability_v1,vi_lr0p002_b64_e1,2,vi,global_test,,,7,0.4666666666666667,0.5333333333333333,46,0.08695652173913043,0.4902879116327866,0.4033313898936562,0.0018553243935108185,2.7359586811583974,1.0806989967823029
bayesfl_observability_v1,vi_lr0p002_b64_e1,2,vi,global_test,,,8,0.5333333333333333,0.6,8,0.0,0.5513514056801796,0.5513514056801796,0.0004410811245441437,3.047895133495331,1.202152580022812
bayesfl_observability_v1,vi_lr0p002_b64_e1,2,vi,global_test,,,9,0.6,0.6666666666666666,1,0.0,0.6199602484703064,0.6199602484703064,6.199602484703064e-05,3.406345844268799,1.3429837226867676
bayesfl_observability_v1,vi_lr0p002_b64_e1,2,vi,global_test,,,10,0.6666666666666666,0.7333333333333333,0,,,,,,
bayesfl_observability_v1,vi_lr0p002_b64_e1,2,vi,global_test,,,11,0.7333333333333333,0.8,0,,,,,,
bayesfl_observability_v1,vi_lr0p002_b64_e1,2,vi,global_test,,,12,0.8,0.8666666666666667,0,,,,,,
bayesfl_observability_v1,vi_lr0p002_b64_e1,2,vi,global_test,,,13,0.8666666666666667,0.9333333333333333,0,,,,,,
bayesfl_observability_v1,vi_lr0p002_b64_e1,2,vi,global_test,,,14,0.9333333333333333,1.0,0,,,,,,
bayesfl_observability_v1,vi_lr0p002_b64_e1,3,vi,global_test,,,0,0.0,0.06666666666666667,0,,,,,,
bayesfl_observability_v1,vi_lr0p002_b64_e1,3,vi,global_test,,,1,0.06666666666666667,0.13333333333333333,34,0.14705882352941177,0.12920011558076916,0.01785870794864261,6.071960702538488e-05,2.295357823371887,0.8970884435317096
bayesfl_observability_v1,vi_lr0p002_b64_e1,3,vi,global_test,,,2,0.13333333333333333,0.2,4324,0.11447733580018501,0.17456417783722625,0.06008684203704123,0.02598155049681663,2.3544278435967345,0.9086706418885223
bayesfl_observability_v1,vi_lr0p002_b64_e1,3,vi,global_test,,,3,0.2,0.26666666666666666,4039,0.12824956672443674,0.22834771241431012,0.10009814568987338,0.040429641044139854,2.3905884033679135,0.9189210956891771
bayesfl_observability_v1,vi_lr0p002_b64_e1,3,vi,global_test,,,4,0.26666666666666666,0.3333333333333333,1282,0.1544461778471139,0.2918997091036319,0.137453531256518,0.017621542707085606,2.3538877054607252,0.9187984382864466
bayesfl_observability_v1,vi_lr0p002_b64_e1,3,vi,global_test,,,5,0.3333333333333333,0.4,266,0.23308270676691728,0.35825380380440475,0.12517109703748747,0.0033295511811971663,2.2955714636727382,0.9017232563486672
bayesfl_observability_v1,vi_lr0p002_b64_e1,3,vi,global_test,,,6,0.4,0.4666666666666667,46,0.21739130434782608,0.4279939117638961,0.21060260741607004,0.0009687719941139221,2.53238180798033,0.9547855083061301
bayesfl_observability_v1,vi_lr0p002_b64_e1,3,vi,global_test,,,7,0.4666666666666667,0.5333333333333333,8,0.25,0.488454919308424,0.238454919308424,0.00019076393544673918,2.136574223637581,0.9039688222110271
bayesfl_observability_v1,vi_lr0p002_b64_e1,3,vi,global_test,,,8,0.5333333333333333,0.6,1,0.0,0.537196934223175,0.537196934223175,5.37196934223175e-05,4.228917598724365,1.289520263671875
bayesfl_observability_v1,vi_lr0p002_b64_e1,3,vi,global_test,,,9,0.6,0.6666666666666666,0,,,,,,
bayesfl_observability_v1,vi_lr0p002_b64_e1,3,vi,global_test,,,10,0.6666666666666666,0.7333333333333333,0,,,,,,
bayesfl_observability_v1,vi_lr0p002_b64_e1,3,vi,global_test,,,11,0.7333333333333333,0.8,0,,,,,,
bayesfl_observability_v1,vi_lr0p002_b64_e1,3,vi,global_test,,,12,0.8,0.8666666666666667,0,,,,,,
bayesfl_observability_v1,vi_lr0p002_b64_e1,3,vi,global_test,,,13,0.8666666666666667,0.9333333333333333,0,,,,,,
bayesfl_observability_v1,vi_lr0p002_b64_e1,3,vi,global_test,,,14,0.9333333333333333,1.0,0,,,,,,
bayesfl_observability_v1,vi_lr0p002_b64_e1,4,vi,global_test,,,0,0.0,0.06666666666666667,0,,,,,,
bayesfl_observability_v1,vi_lr0p002_b64_e1,4,vi,global_test,,,1,0.06666666666666667,0.13333333333333333,15,0.2,0.13005377451578776,0.06994622548421225,0.00010491933822631837,2.4022148768107097,0.9168868660926819
bayesfl_observability_v1,vi_lr0p002_b64_e1,4,vi,global_test,,,2,0.13333333333333333,0.2,2650,0.10641509433962264,0.17529395477951698,0.06887886043989434,0.018252898016572,2.308747241227132,0.9026678035844047
bayesfl_observability_v1,vi_lr0p002_b64_e1,4,vi,global_test,,,3,0.2,0.26666666666666666,3728,0.11400214592274678,0.2311210907963724,0.11711894487362563,0.04366194264888763,2.3555563929382823,0.9155240325744828
bayesfl_observability_v1,vi_lr0p002_b64_e1,4,vi,global_test,,,4,0.26666666666666666,0.3333333333333333,2101,0.14992860542598763,0.2961791382693836,0.14625053284339595,0.03072723695039749,2.3720436493366575,0.9233584583571615
bayesfl_observability_v1,vi_lr0p002_b64_e1,4,vi,global_test,,,5,0.3333333333333333,0.4,941,0.1902231668437832,0.3617048391816973,0.17148167233791412,0.01613642536699772,2.380514408906132,0.9292300447077351
bayesfl_observability_v1,vi_lr0p002_b64_e1,4,vi,global_test,,,6,0.4,0.4666666666666667,381,0.24934383202099739,0.4274275012685871,0.1780836692475897,0.006784987798333168,2.335794958542651,0.9177325123877037
bayesfl_observability_v1,vi_lr0p002_b64_e1,4,vi,global_test,,,7,0.4666666666666667,0.5333333333333333,119,0.33613445378151263,0.4942815434031126,0.15814708962159996,0.0018819503664970394,2.1768910869830798,0.8724623723190372
bayesfl_observability_v1,vi_lr0p002_b64_e1,4,vi,global_test,,,8,0.5333333333333333,0.6,46,0.2826086956521739,0.5637335051660952,0.2811248095139213,0.001293174123764038,2.4146529228790947,0.9473594203591347
bayesfl_observability_v1,vi_lr0p002_b64_e1,4,vi,global_test,,,9,0.6,0.6666666666666666,12,0.25,0.6194228728612264,0.36942287286122644,0.00044330744743347166,2.5526459018389382,1.027410230288903
bayesfl_observability_v1,vi_lr0p002_b64_e1,4,vi,global_test,,,10,0.6666666666666666,0.7333333333333333,6,0.3333333333333333,0.6907161076863607,0.3573827743530274,0.00021442966461181646,2.224663257598877,0.9685416221618652
bayesfl_observability_v1,vi_lr0p002_b64_e1,4,vi,global_test,,,11,0.7333333333333333,0.8,1,1.0,0.7387638092041016,0.26123619079589844,2.6123619079589845e-05,0.3027770221233368,0.0797380805015564
bayesfl_observability_v1,vi_lr0p002_b64_e1,4,vi,global_test,,,12,0.8,0.8666666666666667,0,,,,,,
bayesfl_observability_v1,vi_lr0p002_b64_e1,4,vi,global_test,,,13,0.8666666666666667,0.9333333333333333,0,,,,,,
bayesfl_observability_v1,vi_lr0p002_b64_e1,4,vi,global_test,,,14,0.9333333333333333,1.0,0,,,,,,
bayesfl_observability_v1,vi_lr0p002_b64_e1,5,vi,global_test,,,0,0.0,0.06666666666666667,0,,,,,,
bayesfl_observability_v1,vi_lr0p002_b64_e1,5,vi,global_test,,,1,0.06666666666666667,0.13333333333333333,25,0.16,0.1293197476863861,0.030680252313613904,7.670063078403477e-05,2.225826606750488,0.8876226878166199
bayesfl_observability_v1,vi_lr0p002_b64_e1,5,vi,global_test,,,2,0.13333333333333333,0.2,2828,0.14816124469589817,0.17568474673946644,0.027523502043568265,0.007783646377921106,2.258175048160418,0.8916684085822004
bayesfl_observability_v1,vi_lr0p002_b64_e1,5,vi,global_test,,,3,0.2,0.26666666666666666,3683,0.10236220472440945,0.23124343481702775,0.12888123009261832,0.047466957043111324,2.349070894760248,0.9139863918438056
bayesfl_observability_v1,vi_lr0p002_b64_e1,5,vi,global_test,,,4,0.26666666666666666,0.3333333333333333,2044,0.13894324853228962,0.2967086445445417,0.1577653960122521,0.03224724694490433,2.376196212964515,0.924602134528692
bayesfl_observability_v1,vi_lr0p002_b64_e1,5,vi,global_test,,,5,0.3333333333333333,0.4,964,0.21265560165975103,0.3613782862657333,0.14872268460598229,0.014336866796016694,2.356909851439266,0.9162930931231293
bayesfl_observability_v1,vi_lr0p002_b64_e1,5,vi,global_test,,,6,0.4,0.4666666666666667,335,0.27761194029850744,0.4272100651442115,0.14959812484570406,0.005011537182331086,2.3197657820004136,0.8976732780684286
bayesfl_observability_v1,vi_lr0p002_b64_e1,5,vi,global_test,,,7,0.4666666666666667,0.5333333333333333,92,0.42391304347826086,0.4905326661208402,0.06661962264257931,0.0006129005283117297,1.9647615448288296,0.7916243409980899
bayesfl_observability_v1,vi_lr0p002_b64_e1,5,vi,global_test,,,8,0.5333333333333333,0.6,21,0.42857142857142855,0.5561060195877439,0.1275345910163153,0.0002678226411342622,2.002935625257946,0.8058560348692394
bayesfl_observability_v1,vi_lr0p002_b64_e1,5,vi,global_test,,,9,0.6,0.6666666666666666,6,0.5,0.6242386698722839,0.12423866987228394,7.454320192337037e-05,2.1092986265818277,0.75391952196757
bayesfl_observability_v1,vi_lr0p002_b64_e1,5,vi,global_test,,,10,0.6666666666666666,0.7333333333333333,1,1.0,0.6842663884162903,0.3157336115837097,3.1573361158370975e-05,0.37940800189971924,0.11470501869916916
bayesfl_observability_v1,vi_lr0p002_b64_e1,5,vi,global_test,,,11,0.7333333333333333,0.8,1,1.0,0.7602996826171875,0.2397003173828125,2.397003173828125e-05,0.27404260635375977,0.06776409596204758
bayesfl_observability_v1,vi_lr0p002_b64_e1,5,vi,global_test,,,12,0.8,0.8666666666666667,0,,,,,,
bayesfl_observability_v1,vi_lr0p002_b64_e1,5,vi,global_test,,,13,0.8666666666666667,0.9333333333333333,0,,,,,,
bayesfl_observability_v1,vi_lr0p002_b64_e1,5,vi,global_test,,,14,0.9333333333333333,1.0,0,,,,,,
bayesfl_observability_v1,vi_lr0p002_b64_e1,6,vi,global_test,,,0,0.0,0.06666666666666667,0,,,,,,
bayesfl_observability_v1,vi_lr0p002_b64_e1,6,vi,global_test,,,1,0.06666666666666667,0.13333333333333333,43,0.11627906976744186,0.1292281589189241,0.012949089151482254,5.568108335137369e-05,2.3478114882180856,0.907024158987888
bayesfl_observability_v1,vi_lr0p002_b64_e1,6,vi,global_test,,,2,0.13333333333333333,0.2,3820,0.12774869109947645,0.17503473589011512,0.047286044790638665,0.01806326911002397,2.2805005610925364,0.8958768538467548
bayesfl_observability_v1,vi_lr0p002_b64_e1,6,vi,global_test,,,3,0.2,0.26666666666666666,3898,0.14366341713699332,0.22997280239691914,0.08630938525992582,0.03364339837431908,2.313209078384094,0.9043941371804204
bayesfl_observability_v1,vi_lr0p002_b64_e1,6,vi,global_test,,,4,0.26666666666666666,0.3333333333333333,1534,0.18057366362451108,0.2940046202872225,0.11343095666271144,0.017400308752059935,2.3304184860946924,0.9073429714980616
bayesfl_observability_v1,vi_lr0p002_b64_e1,6,vi,global_test,,,5,0.3333333333333333,0.4,494,0.25708502024291496,0.35993347651804025,0.10284845627512529,0.00508071373999119,2.268825625721742,0.8855509531160115
bayesfl_observability_v1,vi_lr0p002_b64_e1,6,vi,global_test,,,6,0.4,0.4666666666666667,160,0.34375,0.42496944945305587,0.08121944945305587,0.0012995111912488938,2.1580142751336098,0.8498065872117877
bayesfl_observability_v1,vi_lr0p002_b64_e1,6,vi,global_test,,,7,0.4666666666666667,0.5333333333333333,44,0.4318181818181818,0.48740120841698215,0.05558302659880032,0.0002445653170347214,2.033904032273726,0.7893916449763558
bayesfl_observability_v1,vi_lr0p002_b64_e1,6,vi,global_test,,,8,0.5333333333333333,0.6,7,0.0,0.5596579653876168,0.5596579653876168,0.00039176057577133177,3.4205301829746793,1.2767395292009627
bayesfl_observability_v1,vi_lr0p002_b64_e1,6,vi,global_test,,,9,0.6,0.6666666666666666,0,,,,,,
bayesfl_observability_v1,vi_lr0p002_b64_e1,6,vi,global_test,,,10,0.6666666666666666,0.7333333333333333,0,,,,,,
bayesfl_observability_v1,vi_lr0p002_b64_e1,6,vi,global_test,,,11,0.7333333333333333,0.8,0,,,,,,
bayesfl_observability_v1,vi_lr0p002_b64_e1,6,vi,global_test,,,12,0.8,0.8666666666666667,0,,,,,,
bayesfl_observability_v1,vi_lr0p002_b64_e1,6,vi,global_test,,,13,0.8666666666666667,0.9333333333333333,0,,,,,,
bayesfl_observability_v1,vi_lr0p002_b64_e1,6,vi,global_test,,,14,0.9333333333333333,1.0,0,,,,,,
bayesfl_observability_v1,vi_lr0p002_b64_e1,7,vi,global_test,,,0,0.0,0.06666666666666667,0,,,,,,
bayesfl_observability_v1,vi_lr0p002_b64_e1,7,vi,global_test,,,1,0.06666666666666667,0.13333333333333333,23,0.043478260869565216,0.12952400905930478,0.08604574818973956,0.000197905220836401,2.4206588682921035,0.9190012864444567
bayesfl_observability_v1,vi_lr0p002_b64_e1,7,vi,global_test,,,2,0.13333333333333333,0.2,4327,0.1278021724058239,0.17538234064588376,0.04758016824005987,0.020587938797473903,2.3060152026503307,0.9016055646437487
bayesfl_observability_v1,vi_lr0p002_b64_e1,7,vi,global_test,,,3,0.2,0.26666666666666666,4187,0.170050155242417,0.2276596475222642,0.057609492279847185,0.024121094417572014,2.2649363498856294,0.892489592044485
bayesfl_observability_v1,vi_lr0p002_b64_e1,7,vi,global_test,,,4,0.26666666666666666,0.3333333333333333,1177,0.286321155480034,0.29191396275919784,0.005592807279163836,0.0006582734167575835,2.11021355744024,0.8530155197482243
bayesfl_observability_v1,vi_lr0p002_b64_e1,7,vi,global_test,,,5,0.3333333333333333,0.4,221,0.35294117647058826,0.35572542418721576,0.002784247716627497,6.153187453746769e-05,1.958704754238215,0.8127833964867829
bayesfl_observability_v1,vi_lr0p002_b64_e1,7,vi,global_test,,,6,0.4,0.4666666666666667,47,0.3191489361702128,0.4258300173789897,0.1066810812087769,0.0005014010816812514,2.039676474763992,0.8448125035204785
bayesfl_observability_v1,vi_lr0p002_b64_e1,7,vi,global_test,,,7,0.4666666666666667,0.5333333333333333,12,0.4166666666666667,0.4894490937391917,0.07278242707252502,8.733891248703002e-05,2.0294103721777597,0.8190599828958511
bayesfl_observability_v1,vi_lr0p002_b64_e1,7,vi,global_test,,,8,0.5333333333333333,0.6,6,0.6666666666666666,0.5574813584486643,0.10918530821800232,6.551118493080139e-05,1.3618247509002686,0.562641461690267
bayesfl_observability_v1,vi_lr0p002_b64_e1,7,vi,global_test,,,9,0.6,0.6666666666666666,0,,,,,,
bayesfl_observability_v1,vi_lr0p002_b64_e1,7,vi,global_test,,,10,0.6666666666666666,0.7333333333333333,0,,,,,,
bayesfl_observability_v1,vi_lr0p002_b64_e1,7,vi,global_test,,,11,0.7333333333333333,0.8,0,,,,,,
bayesfl_observability_v1,vi_lr0p002_b64_e1,7,vi,global_test,,,12,0.8,0.8666666666666667,0,,,,,,
bayesfl_observability_v1,vi_lr0p002_b64_e1,7,vi,global_test,,,13,0.8666666666666667,0.9333333333333333,0,,,,,,
bayesfl_observability_v1,vi_lr0p002_b64_e1,7,vi,global_test,,,14,0.9333333333333333,1.0,0,,,,,,
bayesfl_observability_v1,vi_lr0p002_b64_e1,8,vi,global_test,,,0,0.0,0.06666666666666667,0,,,,,,
bayesfl_observability_v1,vi_lr0p002_b64_e1,8,vi,global_test,,,1,0.06666666666666667,0.13333333333333333,133,0.16541353383458646,0.12848107348707385,0.0369324603475126,0.0004912017226219176,2.300208073809631,0.8989011631872421
bayesfl_observability_v1,vi_lr0p002_b64_e1,8,vi,global_test,,,2,0.13333333333333333,0.2,6022,0.2015941547658585,0.17085307446558662,0.030741080300271895,0.018512278556823736,2.220335909394638,0.881611319484603
bayesfl_observability_v1,vi_lr0p002_b64_e1,8,vi,global_test,,,3,0.2,0.26666666666666666,3151,0.27991113932085054,0.22517430050264878,0.054736838818201766,0.017247577911615377,2.130739526800109,0.8578160692116299
bayesfl_observability_v1,vi_lr0p002_b64_e1,8,vi,global_test,,,4,0.26666666666666666,0.3333333333333333,588,0.30952380952380953,0.28971510223385427,0.019808707289955263,0.0011647519886493695,2.0376171433195776,0.8336276989810321
bayesfl_observability_v1,vi_lr0p002_b64_e1,8,vi,global_test,,,5,0.3333333333333333,0.4,93,0.43010752688172044,0.3592846079539227,0.07082291892779774,0.000658653146028519,1.855668778060585,0.7681430174458411
bayesfl_observability_v1,vi_lr0p002_b64_e1,8,vi,global_test,,,6,0.4,0.4666666666666667,12,0.4166666666666667,0.42377585421005887,0.007109187543392181,8.531025052070617e-06,1.7108114858468373,0.7434926157196363
bayesfl_observability_v1,vi_lr0p002_b64_e1,8,vi,global_test,,,7,0.4666666666666667,0.5333333333333333,0,,,,,,
bayesfl_observability_v1,vi_lr0p002_b64_e1,8,vi,global_test,,,8,0.5333333333333333,0.6,1,1.0,0.5348727107048035,0.46512728929519653,4.6512728929519654e-05,0.6257264614105225,0.24889002740383148
bayesfl_observability_v1,vi_lr0p002_b64_e1,8,vi,global_test,,,9,0.6,0.6666666666666666,0,,,,,,
bayesfl_observability_v1,vi_lr0p002_b64_e1,8,vi,global_test,,,10,0.6666666666666666,0.7333333333333333,0,,,,,,
bayesfl_observability_v1,vi_lr0p002_b64_e1,8,vi,global_test,,,11,0.7333333333333333,0.8,0,,,,,,
bayesfl_observability_v1,vi_lr0p002_b64_e1,8,vi,global_test,,,12,0.8,0.8666666666666667,0,,,,,,
bayesfl_observability_v1,vi_lr0p002_b64_e1,8,vi,global_test,,,13,0.8666666666666667,0.9333333333333333,0,,,,,,
bayesfl_observability_v1,vi_lr0p002_b64_e1,8,vi,global_test,,,14,0.9333333333333333,1.0,0,,,,,,
bayesfl_observability_v1,vi_lr0p002_b64_e1,9,vi,global_test,,,0,0.0,0.06666666666666667,0,,,,,,
bayesfl_observability_v1,vi_lr0p002_b64_e1,9,vi,global_test,,,1,0.06666666666666667,0.13333333333333333,89,0.07865168539325842,0.12895363493916695,0.050301949545908525,0.0004476873509585859,2.280216353662898,0.8962253050857716
bayesfl_observability_v1,vi_lr0p002_b64_e1,9,vi,global_test,,,2,0.13333333333333333,0.2,5621,0.20049813200498132,0.17118121885337179,0.02931691315160953,0.016479036882519716,2.2070157606392606,0.8788502030982557
bayesfl_observability_v1,vi_lr0p002_b64_e1,9,vi,global_test,,,3,0.2,0.26666666666666666,3425,0.28233576642335767,0.22599597116456416,0.05633979525879351,0.019296379876136777,2.104924301091772,0.8527233582517526
bayesfl_observability_v1,vi_lr0p002_b64_e1,9,vi,global_test,,,4,0.26666666666666666,0.3333333333333333,682,0.37683284457478006,0.2919821886897437,0.08485065588503637,0.00578681473135948,1.9585433761395317,0.8071663093881524
bayesfl_observability_v1,vi_lr0p002_b64_e1,9,vi,global_test,,,5,0.3333333333333333,0.4,150,0.4,0.357312907576561,0.042687092423439044,0.0006403063863515857,1.91670059521993,0.7916946732997894
bayesfl_observability_v1,vi_lr0p002_b64_e1,9,vi,global_test,,,6,0.4,0.4666666666666667,27,0.5185185185185185,0.43173445264498395,0.08678406587353454,0.00023431697785854325,1.7477172878053453,0.7193564695340616
bayesfl_observability_v1,vi_lr0p002_b64_e1,9,vi,global_test,,,7,0.4666666666666667,0.5333333333333333,5,0.4,0.479112833738327,0.079112833738327,3.95564168691635e-05,1.89855637550354,0.8046422243118286
bayesfl_observability_v1,vi_lr0p002_b64_e1,9,vi,global_test,,,8,0.5333333333333333,0.6,1,1.0,0.556223452091217,0.44377654790878296,4.4377654790878296e-05,0.5865851640701294,0.22454172372817993
bayesfl_observability_v1,vi_lr0p002_b64_e1,9,vi,global_test,,,9,0.6,0.6666666666666666,0,,,,,,
bayesfl_observability_v1,vi_lr0p002_b64_e1,9,vi,global_test,,,10,0.6666666666666666,0.7333333333333333,0,,,,,,
bayesfl_observability_v1,vi_lr0p002_b64_e1,9,vi,global_test,,,11,0.7333333333333333,0.8,0,,,,,,
bayesfl_observability_v1,vi_lr0p002_b64_e1,9,vi,global_test,,,12,0.8,0.8666666666666667,0,,,,,,
bayesfl_observability_v1,vi_lr0p002_b64_e1,9,vi,global_test,,,13,0.8666666666666667,0.9333333333333333,0,,,,,,
bayesfl_observability_v1,vi_lr0p002_b64_e1,9,vi,global_test,,,14,0.9333333333333333,1.0,0,,,,,,
bayesfl_observability_v1,vi_lr0p002_b64_e1,10,vi,global_test,,,0,0.0,0.06666666666666667,0,,,,,,
bayesfl_observability_v1,vi_lr0p002_b64_e1,10,vi,global_test,,,1,0.06666666666666667,0.13333333333333333,133,0.17293233082706766,0.12898419847837964,0.043948132348688024,0.0005845101602375508,2.2628868952729646,0.8912290854561598
bayesfl_observability_v1,vi_lr0p002_b64_e1,10,vi,global_test,,,2,0.13333333333333333,0.2,5893,0.22280671983709485,0.17021263307208584,0.05259408676500901,0.03099369533061981,2.180023119968691,0.8731576460196332
bayesfl_observability_v1,vi_lr0p002_b64_e1,10,vi,global_test,,,3,0.2,0.26666666666666666,3188,0.2907779171894605,0.22573851256478236,0.06503940462467814,0.02073456219434739,2.068203545274818,0.8445811193889776
bayesfl_observability_v1,vi_lr0p002_b64_e1,10,vi,global_test,,,4,0.26666666666666666,0.3333333333333333,649,0.3975346687211094,0.29143386220527906,0.10610080651583031,0.006885942342877388,1.9196136276968088,0.7976288936905942
bayesfl_observability_v1,vi_lr0p002_b64_e1,10,vi,global_test,,,5,0.3333333333333333,0.4,112,0.4375,0.3573822903313807,0.08011770966861931,0.0008973183482885363,1.8497955900217806,0.7651976780699832
bayesfl_observability_v1,vi_lr0p002_b64_e1,10,vi,global_test,,,6,0.4,0.4666666666666667,21,0.42857142857142855,0.4239896535873413,0.004581774984087239,9.621727466583202e-06,1.8566281369754247,0.773564141421091
bayesfl_observability_v1,vi_lr0p002_b64_e1,10,vi,global_test,,,7,0.4666666666666667,0.5333333333333333,4,0.75,0.49598701298236847,0.25401298701763153,0.00010160519480705261,1.1522255390882492,0.5039593875408173
bayesfl_observability_v1,vi_lr0p002_b64_e1,10,vi,global_test,,,8,0.5333333333333333,0.6,0,,,,,,
bayesfl_observability_v1,vi_lr0p002_b64_e1,10,vi,global_test,,,9,0.6,0.6666666666666666,0,,,,,,
bayesfl_observability_v1,vi_lr0p002_b64_e1,10,vi,global_test,,,10,0.6666666666666666,0.7333333333333333,0,,,,,,
bayesfl_observability_v1,vi_lr0p002_b64_e1,10,vi,global_test,,,11,0.7333333333333333,0.8,0,,,,,,
bayesfl_observability_v1,vi_lr0p002_b64_e1,10,vi,global_test,,,12,0.8,0.8666666666666667,0,,,,,,
bayesfl_observability_v1,vi_lr0p002_b64_e1,10,vi,global_test,,,13,0.8666666666666667,0.9333333333333333,0,,,,,,
bayesfl_observability_v1,vi_lr0p002_b64_e1,10,vi,global_test,,,14,0.9333333333333333,1.0,0,,,,,,
bayesfl_observability_v1,vi_lr0p002_b64_e1,11,vi,global_test,,,0,0.0,0.06666666666666667,0,,,,,,
bayesfl_observability_v1,vi_lr0p002_b64_e1,11,vi,global_test,,,1,0.06666666666666667,0.13333333333333333,181,0.11602209944751381,0.12823797498948009,0.012215875541966278,0.00022110734730958965,2.2326515801045117,0.8870342515450156
bayesfl_observability_v1,vi_lr0p002_b64_e1,11,vi,global_test,,,2,0.13333333333333333,0.2,6321,0.25122607182407847,0.16915750726079135,0.08206856456328712,0.05187553966045379,2.1184408910250743,0.861946010604687
bayesfl_observability_v1,vi_lr0p002_b64_e1,11,vi,global_test,,,3,0.2,0.26666666666666666,2921,0.3498801780212256,0.2248795751389148,0.12500060288231082,0.03651267610192299,1.9948500963320106,0.8270807679243913
bayesfl_observability_v1,vi_lr0p002_b64_e1,11,vi,global_test,,,4,0.26666666666666666,0.3333333333333333,506,0.4743083003952569,0.29064123892030225,0.18366706147495465,0.009293553310632705,1.8263314517119185,0.7693660346415674
bayesfl_observability_v1,vi_lr0p002_b64_e1,11,vi,global_test,,,5,0.3333333333333333,0.4,62,0.5967741935483871,0.35700308363283834,0.23977110991554879,0.0014865808814764024,1.5876401057166438,0.6769124139701167
bayesfl_observability_v1,vi_lr0p002_b64_e1,11,vi,global_test,,,6,0.4,0.4666666666666667,8,0.625,0.4251509867608547,0.19984901323914528,0.00015987921059131623,1.2884975299239159,0.5913141444325447
bayesfl_observability_v1,vi_lr0p002_b64_e1,11,vi,global_test,,,7,0.4666666666666667,0.5333333333333333,1,1.0,0.47508713603019714,0.5249128639698029,5.2491286396980285e-05,0.7442570328712463,0.3102739155292511
bayesfl_observability_v1,vi_lr0p002_b64_e1,11,vi,global_test,,,8,0.5333333333333333,0.6,0,,,,,,
bayesfl_observability_v1,vi_lr0p002_b64_e1,11,vi,global_test,,,9,0.6,0.6666666666666666,0,,,,,,
bayesfl_observability_v1,vi_lr0p002_b64_e1,11,vi,global_test,,,10,0.6666666666666666,0.7333333333333333,0,,,,,,
bayesfl_observability_v1,vi_lr0p002_b64_e1,11,vi,global_test,,,11,0.7333333333333333,0.8,0,,,,,,
bayesfl_observability_v1,vi_lr0p002_b64_e1,11,vi,global_test,,,12,0.8,0.8666666666666667,0,,,,,,
bayesfl_observability_v1,vi_lr0p002_b64_e1,11,vi,global_test,,,13,0.8666666666666667,0.9333333333333333,0,,,,,,
bayesfl_observability_v1,vi_lr0p002_b64_e1,11,vi,global_test,,,14,0.9333333333333333,1.0,0,,,,,,
bayesfl_observability_v1,vi_lr0p002_b64_e1,12,vi,global_test,,,0,0.0,0.06666666666666667,0,,,,,,
bayesfl_observability_v1,vi_lr0p002_b64_e1,12,vi,global_test,,,1,0.06666666666666667,0.13333333333333333,191,0.2094240837696335,0.12839132188502406,0.08103276188460945,0.0015477257519960405,2.2132921056597645,0.8824198099331082
bayesfl_observability_v1,vi_lr0p002_b64_e1,12,vi,global_test,,,2,0.13333333333333333,0.2,6211,0.2625986153598454,0.169229517637906,0.09336909772193941,0.05799154659509657,2.1062954568072154,0.8587711987873913
bayesfl_observability_v1,vi_lr0p002_b64_e1,12,vi,global_test,,,3,0.2,0.26666666666666666,2927,0.37649470447557226,0.22554789004490405,0.1509468144306682,0.04418213258385658,1.9661234198147663,0.8188582215245608
bayesfl_observability_v1,vi_lr0p002_b64_e1,12,vi,global_test,,,4,0.26666666666666666,0.3333333333333333,551,0.5462794918330308,0.28882268741862094,0.2574568044144099,0.014185869923233983,1.7147870546244017,0.7349255001696398
bayesfl_observability_v1,vi_lr0p002_b64_e1,12,vi,global_test,,,5,0.3333333333333333,0.4,99,0.6767676767676768,0.3600838945971595,0.3166837821705173,0.003135169443488121,1.4565048958315994,0.6326481410951326
bayesfl_observability_v1,vi_lr0p002_b64_e1,12,vi,global_test,,,6,0.4,0.4666666666666667,14,1.0,0.42388331464358736,0.5761166853564126,0.0008065633594989776,0.8593109846115112,0.37594339677265715
bayesfl_observability_v1,vi_lr0p002_b64_e1,12,vi,global_test,,,7,0.4666666666666667,0.5333333333333333,6,1.0,0.49096307655175525,0.5090369234482448,0.0003054221540689469,0.7118636171023051,0.2938390423854192
bayesfl_observability_v1,vi_lr0p002_b64_e1,12,vi,global_test,,,8,0.5333333333333333,0.6,1,1.0,0.5376389026641846,0.46236109733581543,4.6236109733581545e-05,0.6205681562423706,0.24257755279541016
bayesfl_observability_v1,vi_lr0p002_b64_e1,12,vi,global_test,,,9,0.6,0.6666666666666666,0,,,,,,
bayesfl_observability_v1,vi_lr0p002_b64_e1,12,vi,global_test,,,10,0.6666666666666666,0.7333333333333333,0,,,,,,
bayesfl_observability_v1,vi_lr0p002_b64_e1,12,vi,global_test,,,11,0.7333333333333333,0.8,0,,,,,,
bayesfl_observability_v1,vi_lr0p002_b64_e1,12,vi,global_test,,,12,0.8,0.8666666666666667,0,,,,,,
bayesfl_observability_v1,vi_lr0p002_b64_e1,12,vi,global_test,,,13,0.8666666666666667,0.9333333333333333,0,,,,,,
bayesfl_observability_v1,vi_lr0p002_b64_e1,12,vi,global_test,,,14,0.9333333333333333,1.0,0,,,,,,
bayesfl_observability_v1,vi_lr0p002_b64_e1,13,vi,global_test,,,0,0.0,0.06666666666666667,0,,,,,,
bayesfl_observability_v1,vi_lr0p002_b64_e1,13,vi,global_test,,,1,0.06666666666666667,0.13333333333333333,114,0.19298245614035087,0.12842351910576486,0.06455893703458601,0.0007359718821942805,2.225918774019208,0.885079928134617
bayesfl_observability_v1,vi_lr0p002_b64_e1,13,vi,global_test,,,2,0.13333333333333333,0.2,5811,0.2743073481328515,0.17064575360412546,0.10366159452872606,0.06023775258064271,2.0987218015884452,0.8570205237651688
bayesfl_observability_v1,vi_lr0p002_b64_e1,13,vi,global_test,,,3,0.2,0.26666666666666666,3209,0.37799937675288253,0.22532526370928493,0.1526741130435976,0.04899312287569047,1.953651551852608,0.8163606552143043
bayesfl_observability_v1,vi_lr0p002_b64_e1,13,vi,global_test,,,4,0.26666666666666666,0.3333333333333333,705,0.502127659574468,0.2927295569409715,0.2093981026334965,0.014762566235661504,1.7512435874194963,0.7475635151913825
bayesfl_observability_v1,vi_lr0p002_b64_e1,13,vi,global_test,,,5,0.3333333333333333,0.4,136,0.5294117647058824,0.35895678094204736,0.170454983763835,0.002318187779188156,1.6609087476835531,0.7052755322964752
bayesfl_observability_v1,vi_lr0p002_b64_e1,13,vi,global_test,,,6,0.4,0.4666666666666667,19,0.6842105263157895,0.4274717585036629,0.25673876781212657,0.0004878036588430405,1.4808132115163302,0.6029113766394163
bayesfl_observability_v1,vi_lr0p002_b64_e1,13,vi,global_test,,,7,0.4666666666666667,0.5333333333333333,5,0.8,0.4978217840194702,0.30217821598052985,0.00015108910799026493,1.1180104851722716,0.45959892868995667
bayesfl_observability_v1,vi_lr0p002_b64_e1,13,vi,global_test,,,8,0.5333333333333333,0.6,1,0.0,0.5476682782173157,0.5476682782173157,5.4766827821731564e-05,2.7773823738098145,1.2027734518051147
bayesfl_observability_v1,vi_lr0p002_b64_e1,13,vi,global_test,,,9,0.6,0.6666666666666666,0,,,,,,
bayesfl_observability_v1,vi_lr0p002_b64_e1,13,vi,global_test,,,10,0.6666666666666666,0.7333333333333333,0,,,,,,
bayesfl_observability_v1,vi_lr0p002_b64_e1,13,vi,global_test,,,11,0.7333333333333333,0.8,0,,,,,,
bayesfl_observability_v1,vi_lr0p002_b64_e1,13,vi,global_test,,,12,0.8,0.8666666666666667,0,,,,,,
bayesfl_observability_v1,vi_lr0p002_b64_e1,13,vi,global_test,,,13,0.8666666666666667,0.9333333333333333,0,,,,,,
bayesfl_observability_v1,vi_lr0p002_b64_e1,13,vi,global_test,,,14,0.9333333333333333,1.0,0,,,,,,
bayesfl_observability_v1,vi_lr0p002_b64_e1,14,vi,global_test,,,0,0.0,0.06666666666666667,0,,,,,,
bayesfl_observability_v1,vi_lr0p002_b64_e1,14,vi,global_test,,,1,0.06666666666666667,0.13333333333333333,113,0.18584070796460178,0.12845016468678955,0.057390543277812234,0.0006485131390392782,2.2144223419965896,0.8837495361809182
bayesfl_observability_v1,vi_lr0p002_b64_e1,14,vi,global_test,,,2,0.13333333333333333,0.2,5851,0.25841736455306785,0.17069094374819183,0.08772642080487603,0.05132872881293297,2.1024656965679194,0.8582416191974719
bayesfl_observability_v1,vi_lr0p002_b64_e1,14,vi,global_test,,,3,0.2,0.26666666666666666,3309,0.4197642792384406,0.226242991544286,0.1935212876941546,0.06403619409799576,1.9090535344584683,0.8032908703344903
bayesfl_observability_v1,vi_lr0p002_b64_e1,14,vi,global_test,,,4,0.26666666666666666,0.3333333333333333,629,0.5739268680445151,0.29048786311157176,0.28343900493294333,0.017828313410282137,1.6784087038570823,0.7235414380109936
bayesfl_observability_v1,vi_lr0p002_b64_e1,14,vi,global_test,,,5,0.3333333333333333,0.4,89,0.7078651685393258,0.3562249755591489,0.3516401929801769,0.0031295977175235744,1.4363640111483884,0.6209290305550179
bayesfl_observability_v1,vi_lr0p002_b64_e1,14,vi,global_test,,,6,0.4,0.4666666666666667,9,0.6666666666666666,0.420111788643731,0.24655487802293563,0.00022189939022064208,1.4397861825095282,0.6020692553785112
bayesfl_observability_v1,vi_lr0p002_b64_e1,14,vi,global_test,,,7,0.4666666666666667,0.5333333333333333,0,,,,,,
bayesfl_observability_v1,vi_lr0p002_b64_e1,14,vi,global_test,,,8,0.5333333333333333,0.6,0,,,,,,
bayesfl_observability_v1,vi_lr0p002_b64_e1,14,vi,global_test,,,9,0.6,0.6666666666666666,0,,,,,,
bayesfl_observability_v1,vi_lr0p002_b64_e1,14,vi,global_test,,,10,0.6666666666666666,0.7333333333333333,0,,,,,,
bayesfl_observability_v1,vi_lr0p002_b64_e1,14,vi,global_test,,,11,0.7333333333333333,0.8,0,,,,,,
bayesfl_observability_v1,vi_lr0p002_b64_e1,14,vi,global_test,,,12,0.8,0.8666666666666667,0,,,,,,
bayesfl_observability_v1,vi_lr0p002_b64_e1,14,vi,global_test,,,13,0.8666666666666667,0.9333333333333333,0,,,,,,
bayesfl_observability_v1,vi_lr0p002_b64_e1,14,vi,global_test,,,14,0.9333333333333333,1.0,0,,,,,,
bayesfl_observability_v1,vi_lr0p002_b64_e1,15,vi,global_test,,,0,0.0,0.06666666666666667,0,,,,,,
bayesfl_observability_v1,vi_lr0p002_b64_e1,15,vi,global_test,,,1,0.06666666666666667,0.13333333333333333,84,0.10714285714285714,0.12919870746277629,0.02205585031991915,0.00018526914268732084,2.2351115317571733,0.888300162695703
bayesfl_observability_v1,vi_lr0p002_b64_e1,15,vi,global_test,,,2,0.13333333333333333,0.2,5106,0.23423423423423423,0.172299406806768,0.06193482742746623,0.03162392288446426,2.1216800297842835,0.8628681442852446
bayesfl_observability_v1,vi_lr0p002_b64_e1,15,vi,global_test,,,3,0.2,0.26666666666666666,3487,0.3699455119013479,0.22693106934646157,0.14301444255488632,0.04986913611888886,1.945660327203574,0.8149205498549054
bayesfl_observability_v1,vi_lr0p002_b64_e1,15,vi,global_test,,,4,0.26666666666666666,0.3333333333333333,1022,0.5870841487279843,0.29189477831766797,0.29518937041031634,0.03016835365593433,1.6602747987394464,0.7161787375661958
bayesfl_observability_v1,vi_lr0p002_b64_e1,15,vi,global_test,,,5,0.3333333333333333,0.4,245,0.7551020408163265,0.36081482232833395,0.39428721848799253,0.009660036852955817,1.3548273006264044,0.5919651105695841
bayesfl_observability_v1,vi_lr0p002_b64_e1,15,vi,global_test,,,6,0.4,0.4666666666666667,50,0.88,0.4239401090145111,0.4560598909854889,0.0022802994549274446,1.0808160543441772,0.45988948583602907
bayesfl_observability_v1,vi_lr0p002_b64_e1,15,vi,global_test,,,7,0.4666666666666667,0.5333333333333333,5,1.0,0.49965258240699767,0.5003474175930023,0.00025017370879650117,0.6944448590278626,0.2824904978275299
bayesfl_observability_v1,vi_lr0p002_b64_e1,15,vi,global_test,,,8,0.5333333333333333,0.6,1,1.0,0.5357659459114075,0.46423405408859253,4.642340540885925e-05,0.6240578889846802,0.24437876045703888
bayesfl_observability_v1,vi_lr0p002_b64_e1,15,vi,global_test,,,9,0.6,0.6666666666666666,0,,,,,,
bayesfl_observability_v1,vi_lr0p002_b64_e1,15,vi,global_test,,,10,0.6666666666666666,0.7333333333333333,0,,,,,,
bayesfl_observability_v1,vi_lr0p002_b64_e1,15,vi,global_test,,,11,0.7333333333333333,0.8,0,,,,,,
bayesfl_observability_v1,vi_lr0p002_b64_e1,15,vi,global_test,,,12,0.8,0.8666666666666667,0,,,,,,
bayesfl_observability_v1,vi_lr0p002_b64_e1,15,vi,global_test,,,13,0.8666666666666667,0.9333333333333333,0,,,,,,
bayesfl_observability_v1,vi_lr0p002_b64_e1,15,vi,global_test,,,14,0.9333333333333333,1.0,0,,,,,,
bayesfl_observability_v1,vi_lr0p002_b64_e1,16,vi,global_test,,,0,0.0,0.06666666666666667,0,,,,,,
bayesfl_observability_v1,vi_lr0p002_b64_e1,16,vi,global_test,,,1,0.06666666666666667,0.13333333333333333,1,0.0,0.12950240075588226,0.12950240075588226,1.2950240075588227e-05,2.661652088165283,0.967291533946991
bayesfl_observability_v1,vi_lr0p002_b64_e1,16,vi,global_test,,,2,0.13333333333333333,0.2,1172,0.1612627986348123,0.17954709675836888,0.018284298123556586,0.002142919740080832,2.099544222749541,0.862310250006845
bayesfl_observability_v1,vi_lr0p002_b64_e1,16,vi,global_test,,,3,0.2,0.26666666666666666,2863,0.15962277331470487,0.23344768450012834,0.07382491118542348,0.02113607207238674,2.0635864879965906,0.8581974337120136
bayesfl_observability_v1,vi_lr0p002_b64_e1,16,vi,global_test,,,4,0.26666666666666666,0.3333333333333333,2297,0.10491946016543317,0.2973781559692552,0.19245869580382202,0.04420776242613792,2.163060828920131,0.8975608902077183
bayesfl_observability_v1,vi_lr0p002_b64_e1,16,vi,global_test,,,5,0.3333333333333333,0.4,1509,0.11862160371106693,0.3635543710234309,0.24493276731236396,0.03696035458743572,2.226235572828845,0.9284659494541591
bayesfl_observability_v1,vi_lr0p002_b64_e1,16,vi,global_test,,,6,0.4,0.4666666666666667,947,0.18479408658922913,0.43083903621469155,0.24604494962546242,0.02330045672953129,2.2374892462017417,0.9345252902543029
bayesfl_observability_v1,vi_lr0p002_b64_e1,16,vi,global_test,,,7,0.4666666666666667,0.5333333333333333,609,0.3021346469622332,0.4972639622653059,0.1951293153030727,0.011883375301957128,2.0701868379448825,0.8761670270870472
bayesfl_observability_v1,vi_lr0p002_b64_e1,16,vi,global_test,,,8,0.5333333333333333,0.6,322,0.4472049689440994,0.5642375094549996,0.11703254051090023,0.0037684478044509875,1.8026449419326664,0.7671444488700873
bayesfl_observability_v1,vi_lr0p002_b64_e1,16,vi,global_test,,,9,0.6,0.6666666666666666,158,0.4620253164556962,0.628755092243605,0.16672977578790882,0.002634330457448959,1.81818980355806,0.7722238998247098
bayesfl_observability_v1,vi_lr0p002_b64_e1,16,vi,global_test,,,10,0.6666666666666666,0.7333333333333333,73,0.6986301369863014,0.6946382743038543,0.0039918626824471115,2.9140597581863915e-05,1.2363051421021762,0.49736361981254734
bayesfl_observability_v1,vi_lr0p002_b64_e1,16,vi,global_test,,,11,0.7333333333333333,0.8,39,0.8717948717948718,0.7606150049429673,0.11117986685190451,0.00043360148072242756,0.6234979587487686,0.24610682395406258
bayesfl_observability_v1,vi_lr0p002_b64_e1,16,vi,global_test,,,12,0.8,0.8666666666666667,10,1.0,0.8246482372283935,0.17535176277160647,0.00017535176277160648,0.1929117038846016,0.035720468312501905
bayesfl_observability_v1,vi_lr0p002_b64_e1,16,vi,global_test,,,13,0.8666666666666667,0.9333333333333333,0,,,,,,
bayesfl_observability_v1,vi_lr0p002_b64_e1,16,vi,global_test,,,14,0.9333333333333333,1.0,0,,,,,,
bayesfl_observability_v1,vi_lr0p002_b64_e1,17,vi,global_test,,,0,0.0,0.06666666666666667,0,,,,,,
bayesfl_observability_v1,vi_lr0p002_b64_e1,17,vi,global_test,,,1,0.06666666666666667,0.13333333333333333,39,0.28205128205128205,0.12837046040938452,0.15368082164189753,0.0005993552044034003,2.19875884667421,0.8802359746052668
bayesfl_observability_v1,vi_lr0p002_b64_e1,17,vi,global_test,,,2,0.13333333333333333,0.2,3016,0.22579575596816975,0.17466179795306305,0.0511339580151067,0.01542200173735618,2.084007636068354,0.8560629096129212
bayesfl_observability_v1,vi_lr0p002_b64_e1,17,vi,global_test,,,3,0.2,0.26666666666666666,3707,0.2433234421364985,0.23048096718349514,0.012842474953003363,0.004760705465078347,2.004629105675211,0.8378610730589257
bayesfl_observability_v1,vi_lr0p002_b64_e1,17,vi,global_test,,,4,0.26666666666666666,0.3333333333333333,1792,0.26729910714285715,0.29580109488285544,0.02850198773999829,0.005107556203007694,1.9823107554444246,0.8335467609909496
bayesfl_observability_v1,vi_lr0p002_b64_e1,17,vi,global_test,,,5,0.3333333333333333,0.4,787,0.29224904701397714,0.3622830829368916,0.07003403592291446,0.005511678627133368,1.9424690701910017,0.8273803965109277
bayesfl_observability_v1,vi_lr0p002_b64_e1,17,vi,global_test,,,6,0.4,0.4666666666666667,353,0.4475920679886686,0.4273915637822732,0.020200504206395353,0.000713077798485756,1.761623979290214,0.7450568617741041
bayesfl_observability_v1,vi_lr0p002_b64_e1,17,vi,global_test,,,7,0.4666666666666667,0.5333333333333333,166,0.572289156626506,0.49746167893151205,0.07482747769499398,0.0012421361297369,1.44088782675295,0.6324729768626661
bayesfl_observability_v1,vi_lr0p002_b64_e1,17,vi,global_test,,,8,0.5333333333333333,0.6,97,0.7731958762886598,0.5603099096681654,0.21288596662049442,0.0020649938762187956,1.0909228367903798,0.4464302144406997
bayesfl_observability_v1,vi_lr0p002_b64_e1,17,vi,global_test,,,9,0.6,0.6666666666666666,36,0.6944444444444444,0.6225913713375727,0.07185307310687172,0.0002586710631847382,1.2621627772847812,0.5091871524022685
bayesfl_observability_v1,vi_lr0p002_b64_e1,17,vi,global_test,,,10,0.6666666666666666,0.7333333333333333,7,1.0,0.6872702240943909,0.31272977590560913,0.0002189108431339264,0.375173956155777,0.11198578029870987
bayesfl_observability_v1,vi_lr0p002_b64_e1,17,vi,global_test,,,11,0.7333333333333333,0.8,0,,,,,,
bayesfl_observability_v1,vi_lr0p002_b64_e1,17,vi,global_test,,,12,0.8,0.8666666666666667,0,,,,,,
bayesfl_observability_v1,vi_lr0p002_b64_e1,17,vi,global_test,,,13,0.8666666666666667,0.9333333333333333,0,,,,,,
bayesfl_observability_v1,vi_lr0p002_b64_e1,17,vi,global_test,,,14,0.9333333333333333,1.0,0,,,,,,
bayesfl_observability_v1,vi_lr0p002_b64_e1,18,vi,global_test,,,0,0.0,0.06666666666666667,0,,,,,,
bayesfl_observability_v1,vi_lr0p002_b64_e1,18,vi,global_test,,,1,0.06666666666666667,0.13333333333333333,60,0.16666666666666666,0.1292164235065381,0.03745024316012857,0.00022470145896077144,2.269466535250346,0.8934955666462581
bayesfl_observability_v1,vi_lr0p002_b64_e1,18,vi,global_test,,,2,0.13333333333333333,0.2,3839,0.2232352175045585,0.17329971594374513,0.04993550156081336,0.01917023904919625,2.1045155704068033,0.8595878763042349
bayesfl_observability_v1,vi_lr0p002_b64_e1,18,vi,global_test,,,3,0.2,0.26666666666666666,3705,0.32577597840755734,0.22897197720814652,0.09680400119941082,0.03586588244438171,1.9328066307201721,0.8160144018258161
bayesfl_observability_v1,vi_lr0p002_b64_e1,18,vi,global_test,,,4,0.26666666666666666,0.3333333333333333,1508,0.4416445623342175,0.293452580783032,0.14819198155118551,0.022347350817918776,1.7584265034141844,0.7597091632749421
bayesfl_observability_v1,vi_lr0p002_b64_e1,18,vi,global_test,,,5,0.3333333333333333,0.4,556,0.5449640287769785,0.3614555956434003,0.18350843313357817,0.010203068882226947,1.575163185918074,0.6877776119027207
bayesfl_observability_v1,vi_lr0p002_b64_e1,18,vi,global_test,,,6,0.4,0.4666666666666667,188,0.6702127659574468,0.42983680852550143,0.2403759574319454,0.0045190679997205736,1.4062301066327603,0.5957887786182952
bayesfl_observability_v1,vi_lr0p002_b64_e1,18,vi,global_test,,,7,0.4666666666666667,0.5333333333333333,86,0.8255813953488372,0.49654347189637116,0.3290379234524661,0.002829726141691208,1.0118922854578771,0.43194675324268117
bayesfl_observability_v1,vi_lr0p002_b64_e1,18,vi,global_test,,,8,0.5333333333333333,0.6,42,0.9285714285714286,0.5583934315613338,0.3701779970100948,0.001554747587442398,0.689676589909054,0.28847792460804894
bayesfl_observability_v1,vi_lr0p002_b64_e1,18,vi,global_test,,,9,0.6,0.6666666666666666,13,1.0,0.6260275794909551,0.3739724205090449,0.00048616414666175834,0.46869710087776184,0.16251618816302374
bayesfl_observability_v1,vi_lr0p002_b64_e1,18,vi,global_test,,,10,0.6666666666666666,0.7333333333333333,3,1.0,0.694506049156189,0.30549395084381104,9.164818525314331e-05,0.3649173080921173,0.11224911113580067
bayesfl_observability_v1,vi_lr0p002_b64_e1,18,vi,global_test,,,11,0.7333333333333333,0.8,0,,,,,,
bayesfl_observability_v1,vi_lr0p002_b64_e1,18,vi,global_test,,,12,0.8,0.8666666666666667,0,,,,,,
bayesfl_observability_v1,vi_lr0p002_b64_e1,18,vi,global_test,,,13,0.8666666666666667,0.9333333333333333,0,,,,,,
bayesfl_observability_v1,vi_lr0p002_b64_e1,18,vi,global_test,,,14,0.9333333333333333,1.0,0,,,,,,
bayesfl_observability_v1,vi_lr0p002_b64_e1,19,vi,global_test,,,0,0.0,0.06666666666666667,0,,,,,,
bayesfl_observability_v1,vi_lr0p002_b64_e1,19,vi,global_test,,,1,0.06666666666666667,0.13333333333333333,30,0.16666666666666666,0.12936511685450872,0.03730154981215794,0.00011190464943647383,2.157843589782715,0.8723439852396647
bayesfl_observability_v1,vi_lr0p002_b64_e1,19,vi,global_test,,,2,0.13333333333333333,0.2,3428,0.26575262543757294,0.17663745091773805,0.08911517451983489,0.0305486818253994,2.0734306678193315,0.8531786190865337
bayesfl_observability_v1,vi_lr0p002_b64_e1,19,vi,global_test,,,3,0.2,0.26666666666666666,4247,0.3630798210501531,0.22955241134117876,0.1335274097089743,0.056709090903401385,1.9334069029258116,0.8144269957103419
bayesfl_observability_v1,vi_lr0p002_b64_e1,19,vi,global_test,,,4,0.26666666666666666,0.3333333333333333,1651,0.46698970321017563,0.2935252872508342,0.17346441595934142,0.02863897507488727,1.792244935598899,0.7643201504960918
bayesfl_observability_v1,vi_lr0p002_b64_e1,19,vi,global_test,,,5,0.3333333333333333,0.4,466,0.5600858369098712,0.3580352236145044,0.20205061329536683,0.009415558579564094,1.6135076302315545,0.6963532111035907
bayesfl_observability_v1,vi_lr0p002_b64_e1,19,vi,global_test,,,6,0.4,0.4666666666666667,142,0.7112676056338029,0.42750730208108123,0.28376030355272164,0.004029396310448647,1.3278571665287018,0.5732734803582581
bayesfl_observability_v1,vi_lr0p002_b64_e1,19,vi,global_test,,,7,0.4666666666666667,0.5333333333333333,27,0.7407407407407407,0.48935619217378123,0.25138454856695946,0.0006787382811307905,1.2839871777428522,0.5182595297142312
bayesfl_observability_v1,vi_lr0p002_b64_e1,19,vi,global_test,,,8,0.5333333333333333,0.6,7,1.0,0.5561481458800179,0.44385185411998207,0.00031069629788398745,0.5872635330472674,0.2259203940629959
bayesfl_observability_v1,vi_lr0p002_b64_e1,19,vi,global_test,,,9,0.6,0.6666666666666666,2,1.0,0.6095920503139496,0.3904079496860504,7.808158993721009e-05,0.494966596364975,0.17294766753911972
bayesfl_observability_v1,vi_lr0p002_b64_e1,19,vi,global_test,,,10,0.6666666666666666,0.7333333333333333,0,,,,,,
bayesfl_observability_v1,vi_lr0p002_b64_e1,19,vi,global_test,,,11,0.7333333333333333,0.8,0,,,,,,
bayesfl_observability_v1,vi_lr0p002_b64_e1,19,vi,global_test,,,12,0.8,0.8666666666666667,0,,,,,,
bayesfl_observability_v1,vi_lr0p002_b64_e1,19,vi,global_test,,,13,0.8666666666666667,0.9333333333333333,0,,,,,,
bayesfl_observability_v1,vi_lr0p002_b64_e1,19,vi,global_test,,,14,0.9333333333333333,1.0,0,,,,,,
bayesfl_observability_v1,vi_lr0p002_b64_e1,20,vi,global_test,,,0,0.0,0.06666666666666667,0,,,,,,
bayesfl_observability_v1,vi_lr0p002_b64_e1,20,vi,global_test,,,1,0.06666666666666667,0.13333333333333333,37,0.1891891891891892,0.128221533789828,0.06096765539936119,0.00022558032497763643,2.2327773571014404,0.886577084257796
bayesfl_observability_v1,vi_lr0p002_b64_e1,20,vi,global_test,,,2,0.13333333333333333,0.2,3409,0.26312701672044586,0.17549822551828564,0.08762879120216022,0.029872654920816415,2.0598185626807957,0.8500166480651032
bayesfl_observability_v1,vi_lr0p002_b64_e1,20,vi,global_test,,,3,0.2,0.26666666666666666,4072,0.36836935166994106,0.22996284585804744,0.13840650581189362,0.05635912916660308,1.9055762689099565,0.8082223802746397
bayesfl_observability_v1,vi_lr0p002_b64_e1,20,vi,global_test,,,4,0.26666666666666666,0.3333333333333333,1669,0.4745356500898742,0.29421909706116867,0.18031655302870553,0.030094832700490952,1.744714229531171,0.7528868105827227
bayesfl_observability_v1,vi_lr0p002_b64_e1,20,vi,global_test,,,5,0.3333333333333333,0.4,560,0.5892857142857143,0.360066035123808,0.22921967916190628,0.012836302033066752,1.5544181697070598,0.6740818139697824
bayesfl_observability_v1,vi_lr0p002_b64_e1,20,vi,global_test,,,6,0.4,0.4666666666666667,155,0.7225806451612903,0.4282202266877697,0.29436041847352057,0.004562586486339569,1.248943414611201,0.5490108891840904
bayesfl_observability_v1,vi_lr0p002_b64_e1,20,vi,global_test,,,7,0.4666666666666667,0.5333333333333333,68,0.9117647058823529,0.4938654658548972,0.4178992400274557,0.002841714832186699,0.8586771724855199,0.3612905666232109
bayesfl_observability_v1,vi_lr0p002_b64_e1,20,vi,global_test,,,8,0.5333333333333333,0.6,19,0.8947368421052632,0.56301202272114,0.3317248193841231,0.000630277156829834,0.8260064752478349,0.32301779875629827
bayesfl_observability_v1,vi_lr0p002_b64_e1,20,vi,global_test,,,9,0.6,0.6666666666666666,6,1.0,0.633494089047114,0.366505910952886,0.00021990354657173156,0.4569159845511119,0.15400505810976028
bayesfl_observability_v1,vi_lr0p002_b64_e1,20,vi,global_test,,,10,0.6666666666666666,0.7333333333333333,5,1.0,0.6936366558074951,0.3063633441925049,0.00015318167209625244,0.36591102480888366,0.1083364576101303
bayesfl_observability_v1,vi_lr0p002_b64_e1,20,vi,global_test,,,11,0.7333333333333333,0.8,0,,,,,,
bayesfl_observability_v1,vi_lr0p002_b64_e1,20,vi,global_test,,,12,0.8,0.8666666666666667,0,,,,,,
bayesfl_observability_v1,vi_lr0p002_b64_e1,20,vi,global_test,,,13,0.8666666666666667,0.9333333333333333,0,,,,,,
bayesfl_observability_v1,vi_lr0p002_b64_e1,20,vi,global_test,,,14,0.9333333333333333,1.0,0,,,,,,
bayesfl_observability_v1,vi_lr0p002_b64_e1,21,vi,global_test,,,0,0.0,0.06666666666666667,0,,,,,,
bayesfl_observability_v1,vi_lr0p002_b64_e1,21,vi,global_test,,,1,0.06666666666666667,0.13333333333333333,20,0.1,0.129708244279027,0.02970824427902699,5.941648855805398e-05,2.1912433385848997,0.8800340205430984
bayesfl_observability_v1,vi_lr0p002_b64_e1,21,vi,global_test,,,2,0.13333333333333333,0.2,3453,0.2664349840718216,0.1759871668895707,0.0904478171822509,0.031231631273031236,2.0760222069601926,0.8536785939379841
bayesfl_observability_v1,vi_lr0p002_b64_e1,21,vi,global_test,,,3,0.2,0.26666666666666666,4067,0.40152446520776985,0.22976417880929423,0.17176028639847563,0.06985490847826004,1.8733199525002564,0.7982087196282565
bayesfl_observability_v1,vi_lr0p002_b64_e1,21,vi,global_test,,,4,0.26666666666666666,0.3333333333333333,1698,0.5806831566548881,0.2945075183931313,0.28617563826175685,0.04859262337684631,1.5903050406661556,0.7038989940436625
bayesfl_observability_v1,vi_lr0p002_b64_e1,21,vi,global_test,,,5,0.3333333333333333,0.4,563,0.7193605683836589,0.3604187761064533,0.35894179227720563,0.020208422905206677,1.3439852237489676,0.5998643615000201
bayesfl_observability_v1,vi_lr0p002_b64_e1,21,vi,global_test,,,6,0.4,0.4666666666666667,147,0.8707482993197279,0.4234727002730986,0.4472755990466293,0.00657495130598545,1.0175771486191523,0.4555255626740099
bayesfl_observability_v1,vi_lr0p002_b64_e1,21,vi,global_test,,,7,0.4666666666666667,0.5333333333333333,37,0.9459459459459459,0.4976025336497539,0.44834341229619207,0.0016588706254959107,0.7802191698873365,0.33071391324739197
bayesfl_observability_v1,vi_lr0p002_b64_e1,21,vi,global_test,,,8,0.5333333333333333,0.6,13,0.9230769230769231,0.5517380925325247,0.3713388305443984,0.000482740479707718,0.7121255764594445,0.30251044034957886
bayesfl_observability_v1,vi_lr0p002_b64_e1,21,vi,global_test,,,9,0.6,0.6666666666666666,2,0.0,0.6334919333457947,0.6334919333457947,0.00012669838666915894,2.2810864448547363,1.2150225639343262
bayesfl_observability_v1,vi_lr0p002_b64_e1,21,vi,global_test,,,10,0.6666666666666666,0.7333333333333333,0,,,,,,
bayesfl_observability_v1,vi_lr0p002_b64_e1,21,vi,global_test,,,11,0.7333333333333333,0.8,0,,,,,,
bayesfl_observability_v1,vi_lr0p002_b64_e1,21,vi,global_test,,,12,0.8,0.8666666666666667,0,,,,,,
bayesfl_observability_v1,vi_lr0p002_b64_e1,21,vi,global_test,,,13,0.8666666666666667,0.9333333333333333,0,,,,,,
bayesfl_observability_v1,vi_lr0p002_b64_e1,21,vi,global_test,,,14,0.9333333333333333,1.0,0,,,,,,
bayesfl_observability_v1,vi_lr0p002_b64_e1,22,vi,global_test,,,0,0.0,0.06666666666666667,0,,,,,,
bayesfl_observability_v1,vi_lr0p002_b64_e1,22,vi,global_test,,,1,0.06666666666666667,0.13333333333333333,25,0.2,0.1281546652317047,0.0718453347682953,0.00017961333692073823,2.2540900897979737,0.892182891368866
bayesfl_observability_v1,vi_lr0p002_b64_e1,22,vi,global_test,,,2,0.13333333333333333,0.2,3102,0.2569310122501612,0.1762757846985918,0.0806552275515694,0.025019251586496826,2.0652878955438934,0.8522163141473196
bayesfl_observability_v1,vi_lr0p002_b64_e1,22,vi,global_test,,,3,0.2,0.26666666666666666,4021,0.3628450634170604,0.22969450102134653,0.13315056239571388,0.05353984113931655,1.895779294239529,0.8064673852339458
bayesfl_observability_v1,vi_lr0p002_b64_e1,22,vi,global_test,,,4,0.26666666666666666,0.3333333333333333,1848,0.5265151515151515,0.2944477952016897,0.23206735631346181,0.04288604744672774,1.6402548050983643,0.7238124397409943
bayesfl_observability_v1,vi_lr0p002_b64_e1,22,vi,global_test,,,5,0.3333333333333333,0.4,639,0.6870109546165885,0.36168614235095947,0.325324812265629,0.02078825550377369,1.389934072751954,0.6186374902072274
bayesfl_observability_v1,vi_lr0p002_b64_e1,22,vi,global_test,,,6,0.4,0.4666666666666667,239,0.8326359832635983,0.42905991720853986,0.40357606605505847,0.009645467978715898,1.0835598300690432,0.4848982338875407
bayesfl_observability_v1,vi_lr0p002_b64_e1,22,vi,global_test,,,7,0.4666666666666667,0.5333333333333333,80,0.9,0.49219442419707776,0.40780557580292226,0.003262444606423378,0.8882348239421844,0.38070980831980705
bayesfl_observability_v1,vi_lr0p002_b64_e1,22,vi,global_test,,,8,0.5333333333333333,0.6,31,0.967741935483871,0.5588508825148305,0.4088910529690405,0.0012675622642040255,0.6370543914456521,0.25662069695611156
bayesfl_observability_v1,vi_lr0p002_b64_e1,22,vi,global_test,,,9,0.6,0.6666666666666666,9,1.0,0.6256033314598931,0.3743966685401069,0.0003369570016860962,0.46932988034354317,0.16379021108150482
bayesfl_observability_v1,vi_lr0p002_b64_e1,22,vi,global_test,,,10,0.6666666666666666,0.7333333333333333,5,1.0,0.6843934655189514,0.3156065344810486,0.00015780326724052429,0.379365998506546,0.11895148009061814
bayesfl_observability_v1,vi_lr0p002_b64_e1,22,vi,global_test,,,11,0.7333333333333333,0.8,1,1.0,0.75630122423172,0.24369877576828003,2.4369877576828003e-05,0.2793155312538147,0.06824877858161926
bayesfl_observability_v1,vi_lr0p002_b64_e1,22,vi,global_test,,,12,0.8,0.8666666666666667,0,,,,,,
bayesfl_observability_v1,vi_lr0p002_b64_e1,22,vi,global_test,,,13,0.8666666666666667,0.9333333333333333,0,,,,,,
bayesfl_observability_v1,vi_lr0p002_b64_e1,22,vi,global_test,,,14,0.9333333333333333,1.0,0,,,,,,
bayesfl_observability_v1,vi_lr0p002_b64_e1,23,vi,global_test,,,0,0.0,0.06666666666666667,0,,,,,,
bayesfl_observability_v1,vi_lr0p002_b64_e1,23,vi,global_test,,,1,0.06666666666666667,0.13333333333333333,20,0.15,0.13009859547019004,0.019901404529809957,3.9802809059619914e-05,2.200452172756195,0.8818789750337601
bayesfl_observability_v1,vi_lr0p002_b64_e1,23,vi,global_test,,,2,0.13333333333333333,0.2,3324,0.2518050541516246,0.1764919696337623,0.07531308451786228,0.025034069293737422,2.0703485095257075,0.8538606484946217
bayesfl_observability_v1,vi_lr0p002_b64_e1,23,vi,global_test,,,3,0.2,0.26666666666666666,3911,0.3681922781897213,0.22974652813938504,0.13844575005033624,0.05414613284468651,1.8823018309345212,0.8036293527470986
bayesfl_observability_v1,vi_lr0p002_b64_e1,23,vi,global_test,,,4,0.26666666666666666,0.3333333333333333,1703,0.6012918379330593,0.2951681232424393,0.30612371469062,0.05213286861181258,1.5849427074386453,0.7002579737815589
bayesfl_observability_v1,vi_lr0p002_b64_e1,23,vi,global_test,,,5,0.3333333333333333,0.4,693,0.8066378066378066,0.3600905025418187,0.4465473040959879,0.030945728173851963,1.2460928450071107,0.5597769696733136
bayesfl_observability_v1,vi_lr0p002_b64_e1,23,vi,global_test,,,6,0.4,0.4666666666666667,235,0.9148936170212766,0.4273457998925067,0.4875478171287699,0.011457373702526093,0.9544931802343815,0.4272722901181972
bayesfl_observability_v1,vi_lr0p002_b64_e1,23,vi,global_test,,,7,0.4666666666666667,0.5333333333333333,87,0.9885057471264368,0.4906405022089509,0.4978652449174859,0.004331427630782128,0.7381748091215374,0.3088274995485942
bayesfl_observability_v1,vi_lr0p002_b64_e1,23,vi,global_test,,,8,0.5333333333333333,0.6,19,1.0,0.5561485196414747,0.4438514803585253,0.0008433178126811982,0.5872612877895957,0.22999079525470734
bayesfl_observability_v1,vi_lr0p002_b64_e1,23,vi,global_test,,,9,0.6,0.6666666666666666,7,0.8571428571428571,0.6254755514008659,0.23166730574199124,0.00016216711401939387,0.7310530287878854,0.3132400725569044
bayesfl_observability_v1,vi_lr0p002_b64_e1,23,vi,global_test,,,10,0.6666666666666666,0.7333333333333333,1,1.0,0.6854001879692078,0.31459981203079224,3.145998120307922e-05,0.3777523934841156,0.11552051454782486
bayesfl_observability_v1,vi_lr0p002_b64_e1,23,vi,global_test,,,11,0.7333333333333333,0.8,0,,,,,,
bayesfl_observability_v1,vi_lr0p002_b64_e1,23,vi,global_test,,,12,0.8,0.8666666666666667,0,,,,,,
bayesfl_observability_v1,vi_lr0p002_b64_e1,23,vi,global_test,,,13,0.8666666666666667,0.9333333333333333,0,,,,,,
bayesfl_observability_v1,vi_lr0p002_b64_e1,23,vi,global_test,,,14,0.9333333333333333,1.0,0,,,,,,
bayesfl_observability_v1,vi_lr0p002_b64_e1,24,vi,global_test,,,0,0.0,0.06666666666666667,0,,,,,,
bayesfl_observability_v1,vi_lr0p002_b64_e1,24,vi,global_test,,,1,0.06666666666666667,0.13333333333333333,5,0.0,0.13107833862304688,0.13107833862304688,6.553916931152344e-05,2.328497838973999,0.9078948736190796
bayesfl_observability_v1,vi_lr0p002_b64_e1,24,vi,global_test,,,2,0.13333333333333333,0.2,1219,0.17965545529122232,0.18057048356220115,0.0009150282709788349,0.00011154194623231996,2.1123647040475872,0.8650059611509823
bayesfl_observability_v1,vi_lr0p002_b64_e1,24,vi,global_test,,,3,0.2,0.26666666666666666,3222,0.2504655493482309,0.2337521235906582,0.016713425757572703,0.005385065779089925,2.00013196475753,0.8380798888014089
bayesfl_observability_v1,vi_lr0p002_b64_e1,24,vi,global_test,,,4,0.26666666666666666,0.3333333333333333,2361,0.27657772130453195,0.29746103690671294,0.020883315602180985,0.00493055081367493,1.8990925890265355,0.8145881188415663
bayesfl_observability_v1,vi_lr0p002_b64_e1,24,vi,global_test,,,5,0.3333333333333333,0.4,1301,0.2859338970023059,0.3627309285155816,0.07679703151327566,0.009991293799877165,1.8882267387164362,0.8158680458054187
bayesfl_observability_v1,vi_lr0p002_b64_e1,24,vi,global_test,,,6,0.4,0.4666666666666667,743,0.3364737550471063,0.43092111635496927,0.09444736130786296,0.007017438945174218,1.839688446849063,0.8034178905820782
bayesfl_observability_v1,vi_lr0p002_b64_e1,24,vi,global_test,,,7,0.4666666666666667,0.5333333333333333,435,0.49195402298850577,0.49706134713929273,0.005107324150786963,0.0002221686005592329,1.5972411002235851,0.6987755227020417
bayesfl_observability_v1,vi_lr0p002_b64_e1,24,vi,global_test,,,8,0.5333333333333333,0.6,302,0.609271523178808,0.5648562860804678,0.044415237098340166,0.001341340160369873,1.3850911833987332,0.5957801065697576
bayesfl_observability_v1,vi_lr0p002_b64_e1,24,vi,global_test,,,9,0.6,0.6666666666666666,204,0.9166666666666666,0.6321007305500554,0.2845659361166112,0.005805145096778868,0.6693265760938326,0.2505396809063706
bayesfl_observability_v1,vi_lr0p002_b64_e1,24,vi,global_test,,,10,0.6666666666666666,0.7333333333333333,120,0.9,0.6986798584461212,0.20132014155387878,0.0024158416986465453,0.6462040960788726,0.237118029097716
bayesfl_observability_v1,vi_lr0p002_b64_e1,24,vi,global_test,,,11,0.7333333333333333,0.8,68,0.9705882352941176,0.7632929191869848,0.2072953161071328,0.001409608149528503,0.34760554704596014,0.10600904254790615
bayesfl_observability_v1,vi_lr0p002_b64_e1,24,vi,global_test,,,12,0.8,0.8666666666666667,19,1.0,0.8229815865817823,0.17701841341821767,0.0003363349854946136,0.19506931618640297,0.03642629851636134
bayesfl_observability_v1,vi_lr0p002_b64_e1,24,vi,global_test,,,13,0.8666666666666667,0.9333333333333333,1,1.0,0.8780088424682617,0.12199115753173828,1.2199115753173829e-05,0.1300986111164093,0.01791158877313137
bayesfl_observability_v1,vi_lr0p002_b64_e1,24,vi,global_test,,,14,0.9333333333333333,1.0,0,,,,,,
bayesfl_observability_v1,vi_lr0p002_b64_e1,25,vi,global_test,,,0,0.0,0.06666666666666667,0,,,,,,
bayesfl_observability_v1,vi_lr0p002_b64_e1,25,vi,global_test,,,1,0.06666666666666667,0.13333333333333333,3,0.3333333333333333,0.12480873614549637,0.20852459718783695,6.25573791563511e-05,2.2574883302052817,0.8923349181811014
bayesfl_observability_v1,vi_lr0p002_b64_e1,25,vi,global_test,,,2,0.13333333333333333,0.2,1706,0.18347010550996484,0.17941822571917967,0.004051879790785168,0.0006912506923079496,2.1270550195944407,0.8684333107955011
bayesfl_observability_v1,vi_lr0p002_b64_e1,25,vi,global_test,,,3,0.2,0.26666666666666666,3453,0.2542716478424558,0.23225753520697123,0.022014112635484584,0.007601473093032827,2.010628385679155,0.8409893687414218
bayesfl_observability_v1,vi_lr0p002_b64_e1,25,vi,global_test,,,4,0.26666666666666666,0.3333333333333333,2178,0.3875114784205693,0.2963187866412356,0.0911926917793337,0.01986176826953888,1.8427746376934349,0.7868779123759905
bayesfl_observability_v1,vi_lr0p002_b64_e1,25,vi,global_test,,,5,0.3333333333333333,0.4,1237,0.5998383185125303,0.3635436106132902,0.23629470789924012,0.029229655367136002,1.558684690401452,0.6736170798419653
bayesfl_observability_v1,vi_lr0p002_b64_e1,25,vi,global_test,,,6,0.4,0.4666666666666667,708,0.7570621468926554,0.43000207403622104,0.32706007285643435,0.023155853158235554,1.2462918693568072,0.5369261533106114
bayesfl_observability_v1,vi_lr0p002_b64_e1,25,vi,global_test,,,7,0.4666666666666667,0.5333333333333333,381,0.910761154855643,0.49651277730158305,0.41424837755405997,0.015782863184809686,0.8523270281281058,0.3634923007388127
bayesfl_observability_v1,vi_lr0p002_b64_e1,25,vi,global_test,,,8,0.5333333333333333,0.6,188,0.9361702127659575,0.5640328215791824,0.372137391186775,0.0069961829543113705,0.6875205978434137,0.27856111613676904
bayesfl_observability_v1,vi_lr0p002_b64_e1,25,vi,global_test,,,9,0.6,0.6666666666666666,88,0.9545454545454546,0.6305205788124691,0.32402487573298544,0.002851418906450272,0.5498599647120996,0.20688067901540885
bayesfl_observability_v1,vi_lr0p002_b64_e1,25,vi,global_test,,,10,0.6666666666666666,0.7333333333333333,43,0.9767441860465116,0.6944047905677972,0.28233939547871434,0.0012140594005584718,0.41898074399593266,0.13748016762872076
bayesfl_observability_v1,vi_lr0p002_b64_e1,25,vi,global_test,,,11,0.7333333333333333,0.8,14,1.0,0.7485149077006749,0.25148509229932514,0.00035207912921905515,0.2899109199643135,0.07379797393722194
bayesfl_observability_v1,vi_lr0p002_b64_e1,25,vi,global_test,,,12,0.8,0.8666666666666667,1,1.0,0.8254349827766418,0.17456501722335815,1.7456501722335817e-05,0.19184477627277374,0.03489397093653679
bayesfl_observability_v1,vi_lr0p002_b64_e1,25,vi,global_test,,,13,0.8666666666666667,0.9333333333333333,0,,,,,,
bayesfl_observability_v1,vi_lr0p002_b64_e1,25,vi,global_test,,,14,0.9333333333333333,1.0,0,,,,,,
bayesfl_observability_v1,vi_lr0p002_b64_e1,26,vi,global_test,,,0,0.0,0.06666666666666667,0,,,,,,
bayesfl_observability_v1,vi_lr0p002_b64_e1,26,vi,global_test,,,1,0.06666666666666667,0.13333333333333333,12,0.0,0.13054564595222473,0.13054564595222473,0.0001566547751426697,2.261813163757324,0.8951851626237234
bayesfl_observability_v1,vi_lr0p002_b64_e1,26,vi,global_test,,,2,0.13333333333333333,0.2,2409,0.24906600249066002,0.17758660598036757,0.07147939651029245,0.01721938661932945,2.0576321947074816,0.8514258918944312
bayesfl_observability_v1,vi_lr0p002_b64_e1,26,vi,global_test,,,3,0.2,0.26666666666666666,3517,0.3565538811487063,0.2306210321054087,0.12593284904329757,0.044290583008527756,1.8943664247351748,0.8073975446721116
bayesfl_observability_v1,vi_lr0p002_b64_e1,26,vi,global_test,,,4,0.26666666666666666,0.3333333333333333,1896,0.5121308016877637,0.2959421326716741,0.21618866901608963,0.04098937164545059,1.6809845805671144,0.7325387539239875
bayesfl_observability_v1,vi_lr0p002_b64_e1,26,vi,global_test,,,5,0.3333333333333333,0.4,951,0.7202944269190326,0.3629394535888006,0.357354973330232,0.03398445796370506,1.3605289268694214,0.6028173546435078
bayesfl_observability_v1,vi_lr0p002_b64_e1,26,vi,global_test,,,6,0.4,0.4666666666666667,589,0.9049235993208828,0.4316403109371561,0.47328328838372674,0.027876385685801506,0.9808984736837636,0.43159073990957847
bayesfl_observability_v1,vi_lr0p002_b64_e1,26,vi,global_test,,,7,0.4666666666666667,0.5333333333333333,355,0.952112676056338,0.4959829331283838,0.45612974292795416,0.016192605873942372,0.8060840727577747,0.3341654196591444
bayesfl_observability_v1,vi_lr0p002_b64_e1,26,vi,global_test,,,8,0.5333333333333333,0.6,160,0.9875,0.5607572369277477,0.42674276307225234,0.006827884209156038,0.6059916719794274,0.23473363127559424
bayesfl_observability_v1,vi_lr0p002_b64_e1,26,vi,global_test,,,9,0.6,0.6666666666666666,82,1.0,0.6254728065758217,0.3745271934241783,0.003071122986078262,0.4697190366867112,0.16275124469908273
bayesfl_observability_v1,vi_lr0p002_b64_e1,26,vi,global_test,,,10,0.6666666666666666,0.7333333333333333,24,1.0,0.6951919396718343,0.30480806032816565,0.0007315393447875976,0.36387936895092327,0.10774799312154452
bayesfl_observability_v1,vi_lr0p002_b64_e1,26,vi,global_test,,,11,0.7333333333333333,0.8,5,1.0,0.7554404377937317,0.2445595622062683,0.00012227978110313414,0.28082833886146547,0.0694737046957016
bayesfl_observability_v1,vi_lr0p002_b64_e1,26,vi,global_test,,,12,0.8,0.8666666666666667,0,,,,,,
bayesfl_observability_v1,vi_lr0p002_b64_e1,26,vi,global_test,,,13,0.8666666666666667,0.9333333333333333,0,,,,,,
bayesfl_observability_v1,vi_lr0p002_b64_e1,26,vi,global_test,,,14,0.9333333333333333,1.0,0,,,,,,
bayesfl_observability_v1,vi_lr0p002_b64_e1,27,vi,global_test,,,0,0.0,0.06666666666666667,0,,,,,,
bayesfl_observability_v1,vi_lr0p002_b64_e1,27,vi,global_test,,,1,0.06666666666666667,0.13333333333333333,9,0.0,0.12849287440379462,0.12849287440379462,0.00011564358696341515,2.199393245908949,0.881263706419203
bayesfl_observability_v1,vi_lr0p002_b64_e1,27,vi,global_test,,,2,0.13333333333333333,0.2,1571,0.2259707192870783,0.17884298220969247,0.04712773707738582,0.007403767494857313,2.0597982493120726,0.8528253497552295
bayesfl_observability_v1,vi_lr0p002_b64_e1,27,vi,global_test,,,3,0.2,0.26666666666666666,3096,0.3049095607235142,0.23276642071761827,0.07214314000589594,0.022335516145825383,1.9398606094587065,0.8206337591012319
bayesfl_observability_v1,vi_lr0p002_b64_e1,27,vi,global_test,,,4,0.26666666666666666,0.3333333333333333,2278,0.4433713784021071,0.297336749804449,0.1460346285976581,0.033266688394546516,1.7642651964845733,0.7607747828154526
bayesfl_observability_v1,vi_lr0p002_b64_e1,27,vi,global_test,,,5,0.3333333333333333,0.4,1309,0.5278838808250573,0.36338322466798556,0.16450065615707177,0.021533135890960692,1.6371233814813602,0.7060905984105547
bayesfl_observability_v1,vi_lr0p002_b64_e1,27,vi,global_test,,,6,0.4,0.4666666666666667,747,0.6867469879518072,0.42988086792040703,0.2568661200314002,0.019187899166345595,1.362143326555709,0.5861260790821698
bayesfl_observability_v1,vi_lr0p002_b64_e1,27,vi,global_test,,,7,0.4666666666666667,0.5333333333333333,411,0.7469586374695864,0.49637616231783754,0.2505824751517488,0.010298939728736876,1.1957832583545769,0.5041451691275965
bayesfl_observability_v1,vi_lr0p002_b64_e1,27,vi,global_test,,,8,0.5333333333333333,0.6,251,0.848605577689243,0.563589054274844,0.2850165234143991,0.007153914737701417,0.8954055788982437,0.3646211531532713
bayesfl_observability_v1,vi_lr0p002_b64_e1,27,vi,global_test,,,9,0.6,0.6666666666666666,151,0.9337748344370861,0.6309588969938013,0.30281593744328483,0.004572520655393601,0.6189850892452214,0.23315790927173285
bayesfl_observability_v1,vi_lr0p002_b64_e1,27,vi,global_test,,,10,0.6666666666666666,0.7333333333333333,107,0.9439252336448598,0.6958384591842366,0.24808677446062322,0.0026545284867286684,0.5111565082986779,0.1794035713249278
bayesfl_observability_v1,vi_lr0p002_b64_e1,27,vi,global_test,,,11,0.7333333333333333,0.8,49,0.9795918367346939,0.7587655247474203,0.22082631198727354,0.0010820489287376403,0.33934642952315663,0.09666901423918958
bayesfl_observability_v1,vi_lr0p002_b64_e1,27,vi,global_test,,,12,0.8,0.8666666666666667,17,1.0,0.8199747415149913,0.18002525848500872,0.0003060429394245148,0.198675480835578,0.038524054209975636
bayesfl_observability_v1,vi_lr0p002_b64_e1,27,vi,global_test,,,13,0.8666666666666667,0.9333333333333333,4,1.0,0.8799667060375214,0.12003329396247864,4.8013317584991456e-05,0.12787698954343796,0.01644255151040852
bayesfl_observability_v1,vi_lr0p002_b64_e1,27,vi,global_test,,,14,0.9333333333333333,1.0,0,,,,,,
bayesfl_observability_v1,vi_lr0p002_b64_e1,28,vi,global_test,,,0,0.0,0.06666666666666667,0,,,,,,
bayesfl_observability_v1,vi_lr0p002_b64_e1,28,vi,global_test,,,1,0.06666666666666667,0.13333333333333333,12,0.16666666666666666,0.12824767952164015,0.038418987145026506,4.610278457403181e-05,2.202220857143402,0.8824723114569982
bayesfl_observability_v1,vi_lr0p002_b64_e1,28,vi,global_test,,,2,0.13333333333333333,0.2,1810,0.20552486187845304,0.17836333126323659,0.02716153061521645,0.004916237041354177,2.110146666100012,0.8630720171480548
bayesfl_observability_v1,vi_lr0p002_b64_e1,28,vi,global_test,,,3,0.2,0.26666666666666666,3239,0.32510033961099105,0.23241166286020964,0.0926886767507814,0.0300218623995781,1.9204388487740187,0.8154614892555041
bayesfl_observability_v1,vi_lr0p002_b64_e1,28,vi,global_test,,,4,0.26666666666666666,0.3333333333333333,2314,0.5021607605877269,0.2978912177741167,0.20426954281361015,0.047267972207069395,1.626985726937613,0.7235522260929659
bayesfl_observability_v1,vi_lr0p002_b64_e1,28,vi,global_test,,,5,0.3333333333333333,0.4,1381,0.6618392469225199,0.363258468077547,0.2985807788449729,0.04123400555849076,1.3320914991172994,0.6135794974858134
bayesfl_observability_v1,vi_lr0p002_b64_e1,28,vi,global_test,,,6,0.4,0.4666666666666667,709,0.7771509167842031,0.4294680697457242,0.3476828470384789,0.024650713855028154,1.1063685986319785,0.5050524297486911
bayesfl_observability_v1,vi_lr0p002_b64_e1,28,vi,global_test,,,7,0.4666666666666667,0.5333333333333333,359,0.8607242339832869,0.4946131401573383,0.3661110938259486,0.013143388268351555,0.913546074897798,0.40192725465822354
bayesfl_observability_v1,vi_lr0p002_b64_e1,28,vi,global_test,,,8,0.5333333333333333,0.6,114,0.8508771929824561,0.5628889182157684,0.28798827476668776,0.0032830663323402407,0.8897071459837127,0.3679920956492424
bayesfl_observability_v1,vi_lr0p002_b64_e1,28,vi,global_test,,,9,0.6,0.6666666666666666,49,0.8571428571428571,0.6273669515337262,0.22977590560913086,0.0011259019374847412,0.7525809449808938,0.3202892563172749
bayesfl_observability_v1,vi_lr0p002_b64_e1,28,vi,global_test,,,10,0.6666666666666666,0.7333333333333333,10,1.0,0.6919847011566163,0.30801529884338374,0.00030801529884338377,0.36858282089233396,0.1182278499007225
bayesfl_observability_v1,vi_lr0p002_b64_e1,28,vi,global_test,,,11,0.7333333333333333,0.8,3,0.6666666666666666,0.7711527347564697,0.1044860680898031,3.134582042694093e-05,1.1032276799281437,0.5198856045802435
bayesfl_observability_v1,vi_lr0p002_b64_e1,28,vi,global_test,,,12,0.8,0.8666666666666667,0,,,,,,
bayesfl_observability_v1,vi_lr0p002_b64_e1,28,vi,global_test,,,13,0.8666666666666667,0.9333333333333333,0,,,,,,
bayesfl_observability_v1,vi_lr0p002_b64_e1,28,vi,global_test,,,14,0.9333333333333333,1.0,0,,,,,,
bayesfl_observability_v1,vi_lr0p002_b64_e1,29,vi,global_test,,,0,0.0,0.06666666666666667,0,,,,,,
bayesfl_observability_v1,vi_lr0p002_b64_e1,29,vi,global_test,,,1,0.06666666666666667,0.13333333333333333,7,0.2857142857142857,0.13100680602448328,0.15470747968980242,0.00010829523578286169,2.2516768319266185,0.8902855515480042
bayesfl_observability_v1,vi_lr0p002_b64_e1,29,vi,global_test,,,2,0.13333333333333333,0.2,1341,0.1931394481730052,0.17917590321088175,0.013963544962123459,0.001872511379420756,2.132513073111185,0.867896312568545
bayesfl_observability_v1,vi_lr0p002_b64_e1,29,vi,global_test,,,3,0.2,0.26666666666666666,2799,0.2722400857449089,0.23296755556550866,0.03927253017940022,0.01099238119721412,2.011839963402566,0.8383966120876299
bayesfl_observability_v1,vi_lr0p002_b64_e1,29,vi,global_test,,,4,0.26666666666666666,0.3333333333333333,2349,0.38271604938271603,0.2984871628336218,0.08422888654909422,0.019785365450382234,1.8208428610634835,0.782241943695536
bayesfl_observability_v1,vi_lr0p002_b64_e1,29,vi,global_test,,,5,0.3333333333333333,0.4,1506,0.5099601593625498,0.36397834397248857,0.14598181539006122,0.021984861397743218,1.5504427697079115,0.6940615458950736
bayesfl_observability_v1,vi_lr0p002_b64_e1,29,vi,global_test,,,6,0.4,0.4666666666666667,910,0.667032967032967,0.43036723539724453,0.23666573163572246,0.021536581578850744,1.3002015747211793,0.5850572658764137
bayesfl_observability_v1,vi_lr0p002_b64_e1,29,vi,global_test,,,7,0.4666666666666667,0.5333333333333333,546,0.7912087912087912,0.49897875388463336,0.2922300373241578,0.015955760037899017,1.0239520310918926,0.46413699447453677
bayesfl_observability_v1,vi_lr0p002_b64_e1,29,vi,global_test,,,8,0.5333333333333333,0.6,289,0.8269896193771626,0.563538162353542,0.2634514570236206,0.0076137471079826356,0.8707165895448836,0.3919948539519392
bayesfl_observability_v1,vi_lr0p002_b64_e1,29,vi,global_test,,,9,0.6,0.6666666666666666,156,0.8717948717948718,0.6279577291928805,0.2438371426019913,0.0038038594245910643,0.721518161587226,0.3146795758452171
bayesfl_observability_v1,vi_lr0p002_b64_e1,29,vi,global_test,,,10,0.6666666666666666,0.7333333333333333,60,0.95,0.6929363171259563,0.2570636828740437,0.0015423820972442622,0.4985697497924169,0.1822435513138771
bayesfl_observability_v1,vi_lr0p002_b64_e1,29,vi,global_test,,,11,0.7333333333333333,0.8,26,0.9615384615384616,0.7661243218642014,0.19541413967426013,0.0005080767631530763,0.3930876123217436,0.12667240288395148
bayesfl_observability_v1,vi_lr0p002_b64_e1,29,vi,global_test,,,12,0.8,0.8666666666666667,7,1.0,0.8258286118507385,0.17417138814926147,0.00012191997170448303,0.19149500131607056,0.038759292502488406
bayesfl_observability_v1,vi_lr0p002_b64_e1,29,vi,global_test,,,13,0.8666666666666667,0.9333333333333333,4,1.0,0.8835070133209229,0.11649298667907715,4.659719467163086e-05,0.12394408881664276,0.01630028523504734
bayesfl_observability_v1,vi_lr0p002_b64_e1,29,vi,global_test,,,14,0.9333333333333333,1.0,0,,,,,,
bayesfl_observability_v1,vi_lr0p002_b64_e1,30,vi,global_test,,,0,0.0,0.06666666666666667,0,,,,,,
bayesfl_observability_v1,vi_lr0p002_b64_e1,30,vi,global_test,,,1,0.06666666666666667,0.13333333333333333,4,0.0,0.12781647965312004,0.12781647965312004,5.112659186124802e-05,2.2916241884231567,0.9024984836578369
bayesfl_observability_v1,vi_lr0p002_b64_e1,30,vi,global_test,,,2,0.13333333333333333,0.2,1456,0.18887362637362637,0.1784961035802633,0.01037752279336307,0.0015109673187136629,2.124062541094455,0.8676315781424989
bayesfl_observability_v1,vi_lr0p002_b64_e1,30,vi,global_test,,,3,0.2,0.26666666666666666,2900,0.28379310344827585,0.23277803371692526,0.05101506973135059,0.014794370222091669,1.9624322881369756,0.8272629637553774
bayesfl_observability_v1,vi_lr0p002_b64_e1,30,vi,global_test,,,4,0.26666666666666666,0.3333333333333333,2242,0.42060660124888494,0.2981223611295702,0.12248424011931475,0.027460966634750367,1.7318843887067075,0.7596435907374101
bayesfl_observability_v1,vi_lr0p002_b64_e1,30,vi,global_test,,,5,0.3333333333333333,0.4,1410,0.577304964539007,0.36429521428777817,0.21300975025122887,0.030034374785423274,1.4451357104254108,0.6573963635779442
bayesfl_observability_v1,vi_lr0p002_b64_e1,30,vi,global_test,,,6,0.4,0.4666666666666667,924,0.724025974025974,0.43141827835536106,0.29260769567061296,0.02703695107996464,1.1809671056089979,0.5406371038003918
bayesfl_observability_v1,vi_lr0p002_b64_e1,30,vi,global_test,,,7,0.4666666666666667,0.5333333333333333,532,0.825187969924812,0.49678424067963334,0.3284037292451787,0.017471078395843505,0.9749269197533902,0.43256375507304545
bayesfl_observability_v1,vi_lr0p002_b64_e1,30,vi,global_test,,,8,0.5333333333333333,0.6,331,0.9003021148036254,0.5639861962586371,0.3363159185449883,0.011132056903839114,0.7529697009443876,0.31637830586591875
bayesfl_observability_v1,vi_lr0p002_b64_e1,30,vi,global_test,,,9,0.6,0.6666666666666666,127,0.937007874015748,0.6278071436356372,0.30920073038011087,0.003926849275827407,0.5759646873774491,0.22892565508996407
bayesfl_observability_v1,vi_lr0p002_b64_e1,30,vi,global_test,,,10,0.6666666666666666,0.7333333333333333,50,1.0,0.6929262399673461,0.30707376003265385,0.0015353688001632693,0.367168288230896,0.11509879291057587
bayesfl_observability_v1,vi_lr0p002_b64_e1,30,vi,global_test,,,11,0.7333333333333333,0.8,18,0.9444444444444444,0.763538681798511,0.1809057626459334,0.0003256303727626801,0.41979821191893685,0.1452267739093966
bayesfl_observability_v1,vi_lr0p002_b64_e1,30,vi,global_test,,,12,0.8,0.8666666666666667,4,1.0,0.8273376673460007,0.17266233265399933,6.906493306159973e-05,0.18974615633487701,0.0362487006932497
bayesfl_observability_v1,vi_lr0p002_b64_e1,30,vi,global_test,,,13,0.8666666666666667,0.9333333333333333,2,1.0,0.8859179615974426,0.11408203840255737,2.2816407680511474e-05,0.12116259336471558,0.015944568440318108
bayesfl_observability_v1,vi_lr0p002_b64_e1,30,vi,global_test,,,14,0.9333333333333333,1.0,0,,,,,,
bayesfl_observability_v1,vi_lr0p002_b64_e1,31,vi,global_test,,,0,0.0,0.06666666666666667,0,,,,,,
bayesfl_observability_v1,vi_lr0p002_b64_e1,31,vi,global_test,,,1,0.06666666666666667,0.13333333333333333,2,0.0,0.1312655508518219,0.1312655508518219,2.625311017036438e-05,2.1831706762313843,0.8796355724334717
bayesfl_observability_v1,vi_lr0p002_b64_e1,31,vi,global_test,,,2,0.13333333333333333,0.2,807,0.2094175960346964,0.1813991692983528,0.028018426736343582,0.002261087037622927,2.0840323904928515,0.8581749248091025
bayesfl_observability_v1,vi_lr0p002_b64_e1,31,vi,global_test,,,3,0.2,0.26666666666666666,2497,0.2723267921505807,0.23508479294893406,0.03724199920164664,0.009299327200651165,1.941276267475255,0.8248526318626114
bayesfl_observability_v1,vi_lr0p002_b64_e1,31,vi,global_test,,,4,0.26666666666666666,0.3333333333333333,2207,0.3411871318531944,0.2981634715265638,0.043023660326630575,0.009495321834087368,1.7818140082625065,0.7818695228457397
bayesfl_observability_v1,vi_lr0p002_b64_e1,31,vi,global_test,,,5,0.3333333333333333,0.4,1643,0.40048691418137555,0.3649603401606067,0.035526574020768864,0.005837016111612324,1.658986593482702,0.7427862201314545
bayesfl_observability_v1,vi_lr0p002_b64_e1,31,vi,global_test,,,6,0.4,0.4666666666666667,1121,0.4665477252453167,0.4303426860859094,0.03620503915940726,0.0040585848897695545,1.5295783894919157,0.698023434332925
bayesfl_observability_v1,vi_lr0p002_b64_e1,31,vi,global_test,,,7,0.4666666666666667,0.5333333333333333,718,0.5111420612813371,0.49792909302585303,0.01321296825548407,0.0009486911207437561,1.4162693022851491,0.6557716750916001
bayesfl_observability_v1,vi_lr0p002_b64_e1,31,vi,global_test,,,8,0.5333333333333333,0.6,471,0.5881104033970276,0.563384964461033,0.024725438935994548,0.0011645681738853431,1.2576361323870924,0.5899654438920842
bayesfl_observability_v1,vi_lr0p002_b64_e1,31,vi,global_test,,,9,0.6,0.6666666666666666,271,0.6383763837638377,0.6299032560133846,0.008473127750453058,0.00022962176203727785,1.1646893242188485,0.5425634331093943
bayesfl_observability_v1,vi_lr0p002_b64_e1,31,vi,global_test,,,10,0.6666666666666666,0.7333333333333333,153,0.7647058823529411,0.6956910635131637,0.06901481883977745,0.0010559267282485949,0.8802466154877656,0.39705099715711245
bayesfl_observability_v1,vi_lr0p002_b64_e1,31,vi,global_test,,,11,0.7333333333333333,0.8,75,0.8533333333333334,0.7639761590957641,0.08935717423756928,0.0006701788067817695,0.6270735108852387,0.269423926572005
bayesfl_observability_v1,vi_lr0p002_b64_e1,31,vi,global_test,,,12,0.8,0.8666666666666667,26,0.8461538461538461,0.8272455082489893,0.018908337904856798,4.916167855262767e-05,0.7066120253159449,0.2742221322483741
bayesfl_observability_v1,vi_lr0p002_b64_e1,31,vi,global_test,,,13,0.8666666666666667,0.9333333333333333,9,1.0,0.8833951817618476,0.11660481823815239,0.00010494433641433716,0.12411824365456899,0.016358851765592892
bayesfl_observability_v1,vi_lr0p002_b64_e1,31,vi,global_test,,,14,0.9333333333333333,1.0,0,,,,,,
bayesfl_observability_v1,vi_lr0p002_b64_e1,32,vi,global_test,,,0,0.0,0.06666666666666667,0,,,,,,
bayesfl_observability_v1,vi_lr0p002_b64_e1,32,vi,global_test,,,1,0.06666666666666667,0.13333333333333333,2,0.0,0.12880967557430267,0.12880967557430267,2.5761935114860535e-05,2.599385976791382,0.9436197578907013
bayesfl_observability_v1,vi_lr0p002_b64_e1,32,vi,global_test,,,2,0.13333333333333333,0.2,1160,0.23017241379310344,0.17896693275663358,0.05120548103646985,0.0059398358002305035,2.072491029418748,0.8556334994476417
bayesfl_observability_v1,vi_lr0p002_b64_e1,32,vi,global_test,,,3,0.2,0.26666666666666666,2643,0.3094967839576239,0.23402245198963179,0.07547433196799214,0.019947865939140323,1.881260509613649,0.810245841910701
bayesfl_observability_v1,vi_lr0p002_b64_e1,32,vi,global_test,,,4,0.26666666666666666,0.3333333333333333,2212,0.4159132007233273,0.29759275651861916,0.11832044420470816,0.02617248225808145,1.7023072326808468,0.7545983816141677
bayesfl_observability_v1,vi_lr0p002_b64_e1,32,vi,global_test,,,5,0.3333333333333333,0.4,1543,0.5495787427090084,0.36416233567085193,0.18541640703815648,0.028609751605987544,1.4984530620735648,0.6737900182788278
bayesfl_observability_v1,vi_lr0p002_b64_e1,32,vi,global_test,,,6,0.4,0.4666666666666667,954,0.6635220125786163,0.43004494171347507,0.23347707086514125,0.022273712560534474,1.2852825581152734,0.5784489186929707
bayesfl_observability_v1,vi_lr0p002_b64_e1,32,vi,global_test,,,7,0.4666666666666667,0.5333333333333333,612,0.7696078431372549,0.4974842244406152,0.27212361869663976,0.016653965464234352,1.07770337437103,0.4717392461264835
bayesfl_observability_v1,vi_lr0p002_b64_e1,32,vi,global_test,,,8,0.5333333333333333,0.6,360,0.8972222222222223,0.5642710751957364,0.33295114702648587,0.011986241292953491,0.7580367177724838,0.3163782807687918
bayesfl_observability_v1,vi_lr0p002_b64_e1,32,vi,global_test,,,9,0.6,0.6666666666666666,236,0.9322033898305084,0.6306181305040748,0.30158525932643365,0.007117412120103835,0.5995044390023765,0.23420408557532196
bayesfl_observability_v1,vi_lr0p002_b64_e1,32,vi,global_test,,,10,0.6666666666666666,0.7333333333333333,140,0.9571428571428572,0.6963963610785348,0.26074649606432243,0.003650450944900514,0.47933706705059326,0.1641243560505765
bayesfl_observability_v1,vi_lr0p002_b64_e1,32,vi,global_test,,,11,0.7333333333333333,0.8,77,0.961038961038961,0.7653402732564257,0.1956986877825353,0.001506879895925522,0.39411734799285986,0.12147697733787748
bayesfl_observability_v1,vi_lr0p002_b64_e1,32,vi,global_test,,,12,0.8,0.8666666666666667,52,1.0,0.8269337541781939,0.17306624582180608,0.0008999444782733916,0.19023453788115427,0.03618749420946607
bayesfl_observability_v1,vi_lr0p002_b64_e1,32,vi,global_test,,,13,0.8666666666666667,0.9333333333333333,8,1.0,0.8889309093356133,0.11106909066438675,8.885527253150939e-05,0.11786200571805239,0.015203717222902924
bayesfl_observability_v1,vi_lr0p002_b64_e1,32,vi,global_test,,,14,0.9333333333333333,1.0,1,1.0,0.9397136569023132,0.06028634309768677,6.0286343097686765e-06,0.06218006834387779,0.004285036586225033
bayesfl_observability_v1,vi_lr0p002_b64_e1,33,vi,global_test,,,0,0.0,0.06666666666666667,0,,,,,,
bayesfl_observability_v1,vi_lr0p002_b64_e1,33,vi,global_test,,,1,0.06666666666666667,0.13333333333333333,5,0.0,0.1308930844068527,0.1308930844068527,6.544654220342636e-05,2.229544496536255,0.8887770295143127
bayesfl_observability_v1,vi_lr0p002_b64_e1,33,vi,global_test,,,2,0.13333333333333333,0.2,1291,0.24941905499612704,0.17878522044646472,0.07063383454966232,0.009118828040361406,2.0681263495562705,0.8540079892835906
bayesfl_observability_v1,vi_lr0p002_b64_e1,33,vi,global_test,,,3,0.2,0.26666666666666666,2786,0.36288585786073224,0.2333750268237161,0.12951083103701613,0.03608171752691269,1.8805853651311015,0.8043170221743614
bayesfl_observability_v1,vi_lr0p002_b64_e1,33,vi,global_test,,,4,0.26666666666666666,0.3333333333333333,2181,0.5410362219165521,0.2980911276554744,0.2429450942610777,0.05298632505834105,1.6000766067644807,0.712711747033724
bayesfl_observability_v1,vi_lr0p002_b64_e1,33,vi,global_test,,,5,0.3333333333333333,0.4,1512,0.671957671957672,0.36485292888665327,0.3071047430710187,0.04643423715233803,1.3503512087322416,0.6127972326108387
bayesfl_observability_v1,vi_lr0p002_b64_e1,33,vi,global_test,,,6,0.4,0.4666666666666667,976,0.8534836065573771,0.4312210556913595,0.4222625508660176,0.04121282496452332,1.0221491979404551,0.46357093455239395
bayesfl_observability_v1,vi_lr0p002_b64_e1,33,vi,global_test,,,7,0.4666666666666667,0.5333333333333333,596,0.889261744966443,0.4968139408218781,0.39244780414456487,0.02338988912701607,0.8386687481363347,0.37405666423924017
bayesfl_observability_v1,vi_lr0p002_b64_e1,33,vi,global_test,,,8,0.5333333333333333,0.6,359,0.9331476323119777,0.5636306498044048,0.3695169825075729,0.01326565967202187,0.6884557276051024,0.2867878670895
bayesfl_observability_v1,vi_lr0p002_b64_e1,33,vi,global_test,,,9,0.6,0.6666666666666666,187,0.9732620320855615,0.6251250167581487,0.3481370153274128,0.00651016218662262,0.5290562035565708,0.1974523639615207
bayesfl_observability_v1,vi_lr0p002_b64_e1,33,vi,global_test,,,10,0.6666666666666666,0.7333333333333333,67,1.0,0.6987078465632538,0.3012921534367462,0.0020186574280261996,0.3589168831483642,0.11066146328378079
bayesfl_observability_v1,vi_lr0p002_b64_e1,33,vi,global_test,,,11,0.7333333333333333,0.8,30,1.0,0.763118580977122,0.23688141902287796,0.0007106442570686338,0.2706687013308207,0.06943992450833321
bayesfl_observability_v1,vi_lr0p002_b64_e1,33,vi,global_test,,,12,0.8,0.8666666666666667,8,1.0,0.8207801729440689,0.1792198270559311,0.00014337586164474487,0.197695754468441,0.03881453792564571
bayesfl_observability_v1,vi_lr0p002_b64_e1,33,vi,global_test,,,13,0.8666666666666667,0.9333333333333333,2,1.0,0.9083813428878784,0.09161865711212158,1.8323731422424316e-05,0.09626749530434608,0.011225464753806591
bayesfl_observability_v1,vi_lr0p002_b64_e1,33,vi,global_test,,,14,0.9333333333333333,1.0,0,,,,,,
bayesfl_observability_v1,vi_lr0p002_b64_e1,34,vi,global_test,,,0,0.0,0.06666666666666667,0,,,,,,
bayesfl_observability_v1,vi_lr0p002_b64_e1,34,vi,global_test,,,1,0.06666666666666667,0.13333333333333333,3,0.0,0.13054675857226053,0.13054675857226053,3.916402757167816e-05,2.158549706141154,0.8748493790626526
bayesfl_observability_v1,vi_lr0p002_b64_e1,34,vi,global_test,,,2,0.13333333333333333,0.2,1113,0.2362982929020665,0.1798124755167897,0.056485817385276804,0.006286871474981308,2.100321857862824,0.8582907306216155
bayesfl_observability_v1,vi_lr0p002_b64_e1,34,vi,global_test,,,3,0.2,0.26666666666666666,2898,0.39233954451345754,0.23372976388332348,0.15860978063013406,0.04596511442661285,1.8515613215639313,0.7948654507504733
bayesfl_observability_v1,vi_lr0p002_b64_e1,34,vi,global_test,,,4,0.26666666666666666,0.3333333333333333,2319,0.5329883570504528,0.2976191635273715,0.23536919352308128,0.05458211597800255,1.6075058760649175,0.7141497945312593
bayesfl_observability_v1,vi_lr0p002_b64_e1,34,vi,global_test,,,5,0.3333333333333333,0.4,1457,0.6986959505833905,0.3653805895300049,0.3333153610533856,0.048564048105478284,1.3372626197444468,0.6062068945958996
bayesfl_observability_v1,vi_lr0p002_b64_e1,34,vi,global_test,,,6,0.4,0.4666666666666667,828,0.783816425120773,0.4296830958070386,0.35413332931373437,0.029322239667177206,1.1332135651134638,0.5097711626530269
bayesfl_observability_v1,vi_lr0p002_b64_e1,34,vi,global_test,,,7,0.4666666666666667,0.5333333333333333,554,0.8736462093862816,0.4977612081740307,0.3758850012122509,0.0208240290671587,0.8962197535089638,0.39559605427167044
bayesfl_observability_v1,vi_lr0p002_b64_e1,34,vi,global_test,,,8,0.5333333333333333,0.6,323,0.9442724458204335,0.5648451011985448,0.37942734462188865,0.012255503231287004,0.6547755855524872,0.2765207539309658
bayesfl_observability_v1,vi_lr0p002_b64_e1,34,vi,global_test,,,9,0.6,0.6666666666666666,221,0.995475113122172,0.6280904439240019,0.36738466919817003,0.008119201189279559,0.47120189653262834,0.17577461567939137
bayesfl_observability_v1,vi_lr0p002_b64_e1,34,vi,global_test,,,10,0.6666666666666666,0.7333333333333333,149,0.9932885906040269,0.6959665813702065,0.29732200923382035,0.004430097937583924,0.37635772340249696,0.12342917699141791
bayesfl_observability_v1,vi_lr0p002_b64_e1,34,vi,global_test,,,11,0.7333333333333333,0.8,84,0.9761904761904762,0.7625375829991841,0.2136528931912921,0.0017946843028068535,0.33797374917637735,0.10513399913907051
bayesfl_observability_v1,vi_lr0p002_b64_e1,34,vi,global_test,,,12,0.8,0.8666666666666667,40,1.0,0.8289659738540649,0.1710340261459351,0.0006841361045837404,0.18786701373755932,0.03689255085773766
bayesfl_observability_v1,vi_lr0p002_b64_e1,34,vi,global_test,,,13,0.8666666666666667,0.9333333333333333,8,1.0,0.8849547877907753,0.1150452122092247,9.203616976737976e-05,0.12230534013360739,0.016539228381589055
bayesfl_observability_v1,vi_lr0p002_b64_e1,34,vi,global_test,,,14,0.9333333333333333,1.0,3,1.0,0.9481332898139954,0.05186671018600464,1.556001305580139e-05,0.053347401320934296,0.003750899496177832
bayesfl_observability_v1,vi_lr0p002_b64_e1,35,vi,global_test,,,0,0.0,0.06666666666666667,0,,,,,,
bayesfl_observability_v1,vi_lr0p002_b64_e1,35,vi,global_test,,,1,0.06666666666666667,0.13333333333333333,0,,,,,,
bayesfl_observability_v1,vi_lr0p002_b64_e1,35,vi,global_test,,,2,0.13333333333333333,0.2,399,0.2731829573934837,0.18406587756964796,0.08911707982383574,0.0035557714849710456,2.0120495312793514,0.843527817188349
bayesfl_observability_v1,vi_lr0p002_b64_e1,35,vi,global_test,,,3,0.2,0.26666666666666666,1965,0.33689567430025447,0.2377040832628124,0.09919159103744207,0.019491147638857367,1.8123685173709276,0.7920527234938916
bayesfl_observability_v1,vi_lr0p002_b64_e1,35,vi,global_test,,,4,0.26666666666666666,0.3333333333333333,2433,0.41265926839293054,0.2992451787239918,0.11341408966893873,0.027593648016452796,1.6828043725428834,0.74847627724829
bayesfl_observability_v1,vi_lr0p002_b64_e1,35,vi,global_test,,,5,0.3333333333333333,0.4,1991,0.48669010547463587,0.36582816641034943,0.12086193906428644,0.02406361206769943,1.5721536355662862,0.7047330505700641
bayesfl_observability_v1,vi_lr0p002_b64_e1,35,vi,global_test,,,6,0.4,0.4666666666666667,1446,0.5449515905947441,0.4309758181229007,0.11397577247184337,0.01648089669942855,1.4529399237032583,0.6564591444544443
bayesfl_observability_v1,vi_lr0p002_b64_e1,35,vi,global_test,,,7,0.4666666666666667,0.5333333333333333,843,0.6061684460260973,0.4972208190006718,0.10894762702542554,0.009184284958243373,1.3171073656489416,0.5983247929479162
bayesfl_observability_v1,vi_lr0p002_b64_e1,35,vi,global_test,,,8,0.5333333333333333,0.6,526,0.6653992395437263,0.5633446841638804,0.10205455537984587,0.005368069612979892,1.2080724130565224,0.5389013334882123
bayesfl_observability_v1,vi_lr0p002_b64_e1,35,vi,global_test,,,9,0.6,0.6666666666666666,230,0.691304347826087,0.6286348576131074,0.06266949021297952,0.0014413982748985288,1.0698007552520088,0.489232330283393
bayesfl_observability_v1,vi_lr0p002_b64_e1,35,vi,global_test,,,10,0.6666666666666666,0.7333333333333333,111,0.7387387387387387,0.6914786707173597,0.047260068021379054,0.0005245867550373075,0.9519589178197019,0.4282243805559906
bayesfl_observability_v1,vi_lr0p002_b64_e1,35,vi,global_test,,,11,0.7333333333333333,0.8,41,0.9024390243902439,0.7578906780335961,0.14454834635664782,0.000592648220062256,0.5865140739010601,0.2105947840141087
bayesfl_observability_v1,vi_lr0p002_b64_e1,35,vi,global_test,,,12,0.8,0.8666666666666667,10,1.0,0.8272185683250427,0.1727814316749573,0.0001727814316749573,0.1899776950478554,0.03682551421225071
bayesfl_observability_v1,vi_lr0p002_b64_e1,35,vi,global_test,,,13,0.8666666666666667,0.9333333333333333,5,1.0,0.8800562024116516,0.11994379758834839,5.99718987941742e-05,0.12780316472053527,0.017400825396180153
bayesfl_observability_v1,vi_lr0p002_b64_e1,35,vi,global_test,,,14,0.9333333333333333,1.0,0,,,,,,
bayesfl_observability_v1,vi_lr0p002_b64_e1,36,vi,global_test,,,0,0.0,0.06666666666666667,0,,,,,,
bayesfl_observability_v1,vi_lr0p002_b64_e1,36,vi,global_test,,,1,0.06666666666666667,0.13333333333333333,0,,,,,,
bayesfl_observability_v1,vi_lr0p002_b64_e1,36,vi,global_test,,,2,0.13333333333333333,0.2,678,0.24041297935103245,0.1826459157519636,0.05776706359906886,0.003916606912016869,2.037549253937769,0.8482021540842929
bayesfl_observability_v1,vi_lr0p002_b64_e1,36,vi,global_test,,,3,0.2,0.26666666666666666,2428,0.35049423393739704,0.23608569660925197,0.11440853732814507,0.02777839286327362,1.8492244880713977,0.7993275573265415
bayesfl_observability_v1,vi_lr0p002_b64_e1,36,vi,global_test,,,4,0.26666666666666666,0.3333333333333333,2376,0.4684343434343434,0.29823273530712835,0.17020160812721508,0.0404399020910263,1.6369874250607859,0.7332539248346078
bayesfl_observability_v1,vi_lr0p002_b64_e1,36,vi,global_test,,,5,0.3333333333333333,0.4,1751,0.6002284408909194,0.3655001818623153,0.2347282590286041,0.04110091815590858,1.4348575132768675,0.6504149752845089
bayesfl_observability_v1,vi_lr0p002_b64_e1,36,vi,global_test,,,6,0.4,0.4666666666666667,1254,0.6985645933014354,0.4308584540892256,0.2677061392122098,0.033570349857211114,1.1999643465453549,0.5535832720747785
bayesfl_observability_v1,vi_lr0p002_b64_e1,36,vi,global_test,,,7,0.4666666666666667,0.5333333333333333,744,0.7849462365591398,0.49673688752196166,0.2882093490371781,0.02144277556836605,0.9966526177301201,0.45594396269930304
bayesfl_observability_v1,vi_lr0p002_b64_e1,36,vi,global_test,,,8,0.5333333333333333,0.6,385,0.8545454545454545,0.5641995606484351,0.29034589389701937,0.011178316915035246,0.8030370396453065,0.3548699216796206
bayesfl_observability_v1,vi_lr0p002_b64_e1,36,vi,global_test,,,9,0.6,0.6666666666666666,214,0.9205607476635514,0.6306517288506588,0.28990901881289266,0.006204053002595903,0.6353891306669912,0.25223343596558706
bayesfl_observability_v1,vi_lr0p002_b64_e1,36,vi,global_test,,,10,0.6666666666666666,0.7333333333333333,113,0.9380530973451328,0.6971429190804473,0.24091017826468542,0.002722285014390945,0.49571719554673255,0.18765819481516308
bayesfl_observability_v1,vi_lr0p002_b64_e1,36,vi,global_test,,,11,0.7333333333333333,0.8,40,0.975,0.7618683621287345,0.21313163787126543,0.0008525265514850617,0.31815692186355593,0.10129529088735581
bayesfl_observability_v1,vi_lr0p002_b64_e1,36,vi,global_test,,,12,0.8,0.8666666666666667,13,1.0,0.834388256072998,0.16561174392700195,0.00021529526710510253,0.1812532372199572,0.03381320318350425
bayesfl_observability_v1,vi_lr0p002_b64_e1,36,vi,global_test,,,13,0.8666666666666667,0.9333333333333333,4,1.0,0.8843836784362793,0.1156163215637207,4.624652862548828e-05,0.1229134276509285,0.015748033300042152
bayesfl_observability_v1,vi_lr0p002_b64_e1,36,vi,global_test,,,14,0.9333333333333333,1.0,0,,,,,,
bayesfl_observability_v1,vi_lr0p002_b64_e1,37,vi,global_test,,,0,0.0,0.06666666666666667,0,,,,,,
bayesfl_observability_v1,vi_lr0p002_b64_e1,37,vi,global_test,,,1,0.06666666666666667,0.13333333333333333,2,0.0,0.1269097663462162,0.1269097663462162,2.538195326924324e-05,2.12095308303833,0.8683396577835083
bayesfl_observability_v1,vi_lr0p002_b64_e1,37,vi,global_test,,,2,0.13333333333333333,0.2,656,0.2820121951219512,0.18095012742844296,0.10106206769350823,0.00662967164069414,2.023004762464907,0.8436350719776096
bayesfl_observability_v1,vi_lr0p002_b64_e1,37,vi,global_test,,,3,0.2,0.26666666666666666,2269,0.36315557514323493,0.23563929763119776,0.12751627751203717,0.028933443367481236,1.8349309509785074,0.7952359235460089
bayesfl_observability_v1,vi_lr0p002_b64_e1,37,vi,global_test,,,4,0.26666666666666666,0.3333333333333333,2640,0.5193181818181818,0.29864198818351284,0.22067619363466895,0.0582585151195526,1.5797783237515073,0.7118289467060205
bayesfl_observability_v1,vi_lr0p002_b64_e1,37,vi,global_test,,,5,0.3333333333333333,0.4,1978,0.6572295247724975,0.3651747846989106,0.2920547400735869,0.05776842758655549,1.3333509882009908,0.6157597856646964
bayesfl_observability_v1,vi_lr0p002_b64_e1,37,vi,global_test,,,6,0.4,0.4666666666666667,1220,0.7639344262295082,0.4305090827775783,0.3334253434519299,0.04067789190113545,1.0939815777247068,0.5098507750962601
bayesfl_observability_v1,vi_lr0p002_b64_e1,37,vi,global_test,,,7,0.4666666666666667,0.5333333333333333,691,0.8408104196816208,0.49501180631552005,0.3457986133661008,0.023894684183597564,0.9228100185801428,0.4179157864857686
bayesfl_observability_v1,vi_lr0p002_b64_e1,37,vi,global_test,,,8,0.5333333333333333,0.6,334,0.8892215568862275,0.5631279065580426,0.32609365032818494,0.010891527920961376,0.7617011958967426,0.32809538777895314
bayesfl_observability_v1,vi_lr0p002_b64_e1,37,vi,global_test,,,9,0.6,0.6666666666666666,133,0.924812030075188,0.6325185832224394,0.2922934468527486,0.0038875028431415563,0.6329937648952455,0.24779039867838523
bayesfl_observability_v1,vi_lr0p002_b64_e1,37,vi,global_test,,,10,0.6666666666666666,0.7333333333333333,55,0.9818181818181818,0.6892487493428316,0.29256943247535017,0.001609131878614426,0.40440879518335515,0.13993446840481324
bayesfl_observability_v1,vi_lr0p002_b64_e1,37,vi,global_test,,,11,0.7333333333333333,0.8,17,1.0,0.7623957220245811,0.23760427797541894,0.0004039272725582122,0.2715384250178057,0.07104218882672927
bayesfl_observability_v1,vi_lr0p002_b64_e1,37,vi,global_test,,,12,0.8,0.8666666666666667,5,1.0,0.8359089255332947,0.16409107446670534,8.204553723335267e-05,0.17944423258304595,0.03450760841369629
bayesfl_observability_v1,vi_lr0p002_b64_e1,37,vi,global_test,,,13,0.8666666666666667,0.9333333333333333,0,,,,,,
bayesfl_observability_v1,vi_lr0p002_b64_e1,37,vi,global_test,,,14,0.9333333333333333,1.0,0,,,,,,
bayesfl_observability_v1,vi_lr0p002_b64_e1,38,vi,global_test,,,0,0.0,0.06666666666666667,0,,,,,,
bayesfl_observability_v1,vi_lr0p002_b64_e1,38,vi,global_test,,,1,0.06666666666666667,0.13333333333333333,1,0.0,0.12695671617984772,0.12695671617984772,1.2695671617984772e-05,2.3272557258605957,0.9099101424217224
bayesfl_observability_v1,vi_lr0p002_b64_e1,38,vi,global_test,,,2,0.13333333333333333,0.2,570,0.19824561403508772,0.18205413886329583,0.016191475171791897,0.0009229140847921382,2.072485189270555,0.857254364720562
bayesfl_observability_v1,vi_lr0p002_b64_e1,38,vi,global_test,,,3,0.2,0.26666666666666666,2164,0.3673752310536044,0.23566674372239826,0.13170848733120616,0.028501716658473016,1.832621916495057,0.7945453634764482
bayesfl_observability_v1,vi_lr0p002_b64_e1,38,vi,global_test,,,4,0.26666666666666666,0.3333333333333333,2358,0.49151823579304493,0.2994775875480222,0.19204064824502276,0.04528318485617636,1.6041956305807177,0.7231292873241822
bayesfl_observability_v1,vi_lr0p002_b64_e1,38,vi,global_test,,,5,0.3333333333333333,0.4,2022,0.5999010880316519,0.3651942972436503,0.23470679078800155,0.04745771309733391,1.374452295218448,0.6343393218210731
bayesfl_observability_v1,vi_lr0p002_b64_e1,38,vi,global_test,,,6,0.4,0.4666666666666667,1290,0.7465116279069768,0.43096094320910844,0.31555068469786834,0.04070603832602501,1.1080037937145824,0.5174622239530549
bayesfl_observability_v1,vi_lr0p002_b64_e1,38,vi,global_test,,,7,0.4666666666666667,0.5333333333333333,826,0.8135593220338984,0.49723845687818874,0.3163208651557096,0.026128103461861615,0.9203480897746421,0.4256493976344208
bayesfl_observability_v1,vi_lr0p002_b64_e1,38,vi,global_test,,,8,0.5333333333333333,0.6,406,0.8768472906403941,0.5619206744168193,0.3149266162235749,0.01278602061867714,0.763512589808168,0.3318059234856972
bayesfl_observability_v1,vi_lr0p002_b64_e1,38,vi,global_test,,,9,0.6,0.6666666666666666,218,0.9036697247706422,0.6282401087634061,0.27542961600723614,0.006004365628957748,0.6380202552867592,0.26736710288929283
bayesfl_observability_v1,vi_lr0p002_b64_e1,38,vi,global_test,,,10,0.6666666666666666,0.7333333333333333,99,0.9595959595959596,0.6901681224505106,0.26942783714544893,0.0026673355877399447,0.4588897845359764,0.1642445082766841
bayesfl_observability_v1,vi_lr0p002_b64_e1,38,vi,global_test,,,11,0.7333333333333333,0.8,38,0.9736842105263158,0.7613931831560636,0.21229102737025218,0.0008067059040069584,0.34681066204058497,0.10658606847650126
bayesfl_observability_v1,vi_lr0p002_b64_e1,38,vi,global_test,,,12,0.8,0.8666666666666667,7,1.0,0.8372270379747663,0.16277296202523373,0.00011394107341766362,0.17791435548237391,0.03309703910989421
bayesfl_observability_v1,vi_lr0p002_b64_e1,38,vi,global_test,,,13,0.8666666666666667,0.9333333333333333,1,1.0,0.896008312702179,0.10399168729782104,1.0399168729782104e-05,0.10980558395385742,0.013865147717297077
bayesfl_observability_v1,vi_lr0p002_b64_e1,38,vi,global_test,,,14,0.9333333333333333,1.0,0,,,,,,
bayesfl_observability_v1,vi_lr0p002_b64_e1,39,vi,global_test,,,0,0.0,0.06666666666666667,0,,,,,,
bayesfl_observability_v1,vi_lr0p002_b64_e1,39,vi,global_test,,,1,0.06666666666666667,0.13333333333333333,1,0.0,0.12206929922103882,0.12206929922103882,1.2206929922103883e-05,2.2298004627227783,0.8886427879333496
bayesfl_observability_v1,vi_lr0p002_b64_e1,39,vi,global_test,,,2,0.13333333333333333,0.2,687,0.22416302765647744,0.1815229368001613,0.04264009085631615,0.0029293742418289195,2.0084688085655977,0.8437743766512587
bayesfl_observability_v1,vi_lr0p002_b64_e1,39,vi,global_test,,,3,0.2,0.26666666666666666,2369,0.39214858590122414,0.2354899562326047,0.15665862966861943,0.037112429368495944,1.7903155976581695,0.7860227851940137
bayesfl_observability_v1,vi_lr0p002_b64_e1,39,vi,global_test,,,4,0.26666666666666666,0.3333333333333333,2376,0.4970538720538721,0.29923164558531057,0.1978222264685615,0.047002561008930216,1.5785129095368113,0.7173656532258699
bayesfl_observability_v1,vi_lr0p002_b64_e1,39,vi,global_test,,,5,0.3333333333333333,0.4,1674,0.6505376344086021,0.36501194335511367,0.28552569105348846,0.04779700068235397,1.3342092900293274,0.6207056324684207
bayesfl_observability_v1,vi_lr0p002_b64_e1,39,vi,global_test,,,6,0.4,0.4666666666666667,1030,0.7194174757281553,0.43050269148882153,0.28891478423933376,0.029758222776651376,1.1783434768903602,0.5444491250711737
bayesfl_observability_v1,vi_lr0p002_b64_e1,39,vi,global_test,,,7,0.4666666666666667,0.5333333333333333,604,0.7781456953642384,0.4988906050952065,0.2792550902690319,0.016867007452249526,1.0103800183297782,0.4615607482708053
bayesfl_observability_v1,vi_lr0p002_b64_e1,39,vi,global_test,,,8,0.5333333333333333,0.6,437,0.8764302059496567,0.5650956497039621,0.3113345562456946,0.013605320107936853,0.7869870351708453,0.3394438602899796
bayesfl_observability_v1,vi_lr0p002_b64_e1,39,vi,global_test,,,9,0.6,0.6666666666666666,242,0.9090909090909091,0.6327569689139847,0.27633394017692436,0.006687281352281569,0.660187935041002,0.26355846601823146
bayesfl_observability_v1,vi_lr0p002_b64_e1,39,vi,global_test,,,10,0.6666666666666666,0.7333333333333333,241,0.966804979253112,0.6993266460311858,0.26747833322192627,0.006446227830648424,0.44292405779430977,0.1519123089202212
bayesfl_observability_v1,vi_lr0p002_b64_e1,39,vi,global_test,,,11,0.7333333333333333,0.8,152,0.9671052631578947,0.7680739082003895,0.19903135495750524,0.0030252765953540793,0.37260698831002964,0.11453512168832515
bayesfl_observability_v1,vi_lr0p002_b64_e1,39,vi,global_test,,,12,0.8,0.8666666666666667,109,1.0,0.8326471907283188,0.16735280927168117,0.0018241456210613247,0.1833917033781699,0.03381501625232194
bayesfl_observability_v1,vi_lr0p002_b64_e1,39,vi,global_test,,,13,0.8666666666666667,0.9333333333333333,64,1.0,0.8945691073313355,0.10543089266866446,0.0006747577130794525,0.11160623363684863,0.013708238293475006
bayesfl_observability_v1,vi_lr0p002_b64_e1,39,vi,global_test,,,14,0.9333333333333333,1.0,14,1.0,0.9502382576465607,0.04976174235343933,6.966643929481506e-05,0.05107770540884563,0.0031009498883837034
bayesfl_observability_v1,vi_lr0p002_b64_e1,40,vi,global_test,,,0,0.0,0.06666666666666667,0,,,,,,
bayesfl_observability_v1,vi_lr0p002_b64_e1,40,vi,global_test,,,1,0.06666666666666667,0.13333333333333333,1,0.0,0.13234128057956696,0.13234128057956696,1.3234128057956695e-05,2.2215287685394287,0.8908788561820984
bayesfl_observability_v1,vi_lr0p002_b64_e1,40,vi,global_test,,,2,0.13333333333333333,0.2,707,0.26308345120226306,0.18084054567773405,0.08224290552452901,0.005814573420584201,2.003757248504833,0.8409968766329818
bayesfl_observability_v1,vi_lr0p002_b64_e1,40,vi,global_test,,,3,0.2,0.26666666666666666,2160,0.34629629629629627,0.23493283403416473,0.11136346226213154,0.024054507848620413,1.8348797941649402,0.800198501293306
bayesfl_observability_v1,vi_lr0p002_b64_e1,40,vi,global_test,,,4,0.26666666666666666,0.3333333333333333,2007,0.4838066766317887,0.298667305699022,0.18513937093276672,0.03715747174620628,1.6266757678082766,0.7295819545302987
bayesfl_observability_v1,vi_lr0p002_b64_e1,40,vi,global_test,,,5,0.3333333333333333,0.4,1529,0.6213211249182472,0.3651358990048645,0.2561852259133827,0.03917072104215622,1.3914149549757444,0.637877554890375
bayesfl_observability_v1,vi_lr0p002_b64_e1,40,vi,global_test,,,6,0.4,0.4666666666666667,1106,0.7576853526220615,0.4312577791660216,0.3264275734560399,0.036102889624238015,1.1471580775154866,0.5236396017007758
bayesfl_observability_v1,vi_lr0p002_b64_e1,40,vi,global_test,,,7,0.4666666666666667,0.5333333333333333,815,0.8552147239263803,0.4981815535598006,0.3570331703665797,0.029098203384876245,0.9104919267578359,0.40705016814857903
bayesfl_observability_v1,vi_lr0p002_b64_e1,40,vi,global_test,,,8,0.5333333333333333,0.6,676,0.9319526627218935,0.564693401286588,0.3672592614353055,0.024826726073026655,0.7034645904979763,0.2917278775361163
bayesfl_observability_v1,vi_lr0p002_b64_e1,40,vi,global_test,,,9,0.6,0.6666666666666666,430,0.9674418604651163,0.6299478040185086,0.3374940564466077,0.014512244427204129,0.5372355902610824,0.20037393774404083
bayesfl_observability_v1,vi_lr0p002_b64_e1,40,vi,global_test,,,10,0.6666666666666666,0.7333333333333333,274,0.9890510948905109,0.6974203875900185,0.29163070730049245,0.007990681380033494,0.3912713773494219,0.1249946599459126
bayesfl_observability_v1,vi_lr0p002_b64_e1,40,vi,global_test,,,11,0.7333333333333333,0.8,171,0.9941520467836257,0.7660274324361344,0.22812461434749132,0.003900930905342101,0.281061459093066,0.07516154487840614
bayesfl_observability_v1,vi_lr0p002_b64_e1,40,vi,global_test,,,12,0.8,0.8666666666666667,94,0.9893617021276596,0.8316062194235782,0.15775548270408146,0.001482901537418366,0.25383243757359525,0.05294645811490556
bayesfl_observability_v1,vi_lr0p002_b64_e1,40,vi,global_test,,,13,0.8666666666666667,0.9333333333333333,24,1.0,0.8921700765689214,0.10782992343107856,0.0002587918162345885,0.11428465073307355,0.014048573716233173
bayesfl_observability_v1,vi_lr0p002_b64_e1,40,vi,global_test,,,14,0.9333333333333333,1.0,6,1.0,0.9459019303321838,0.05409806966781616,3.2458841800689695e-05,0.05565012494723002,0.0035025604690114656
bayesfl_observability_v1,vi_lr0p002_b64_e1,41,vi,global_test,,,0,0.0,0.06666666666666667,0,,,,,,
bayesfl_observability_v1,vi_lr0p002_b64_e1,41,vi,global_test,,,1,0.06666666666666667,0.13333333333333333,0,,,,,,
bayesfl_observability_v1,vi_lr0p002_b64_e1,41,vi,global_test,,,2,0.13333333333333333,0.2,624,0.2403846153846154,0.18047075090595546,0.05991386447865993,0.0037386251434683793,2.0288044590598497,0.8465280492718403
bayesfl_observability_v1,vi_lr0p002_b64_e1,41,vi,global_test,,,3,0.2,0.26666666666666666,2135,0.3442622950819672,0.23624422888007598,0.10801806620189122,0.023061857134103775,1.8272308061496993,0.7962522667520777
bayesfl_observability_v1,vi_lr0p002_b64_e1,41,vi,global_test,,,4,0.26666666666666666,0.3333333333333333,2042,0.4789422135161606,0.2986333253451356,0.18030888817102503,0.03681907496452331,1.6204889336715833,0.7288981153028602
bayesfl_observability_v1,vi_lr0p002_b64_e1,41,vi,global_test,,,5,0.3333333333333333,0.4,1552,0.6088917525773195,0.36564001135681706,0.24325174122050247,0.03775267023742199,1.4030812550912197,0.6437225964726861
bayesfl_observability_v1,vi_lr0p002_b64_e1,41,vi,global_test,,,6,0.4,0.4666666666666667,1168,0.7662671232876712,0.43126108568825133,0.3350060375994199,0.03912870519161225,1.1293566499466765,0.5168811873315948
bayesfl_observability_v1,vi_lr0p002_b64_e1,41,vi,global_test,,,7,0.4666666666666667,0.5333333333333333,871,0.8427095292766934,0.4983884101620224,0.344321119114671,0.029990369474887844,0.9202975513740741,0.4131685372882541
bayesfl_observability_v1,vi_lr0p002_b64_e1,41,vi,global_test,,,8,0.5333333333333333,0.6,581,0.8898450946643718,0.5645895018635025,0.32525559280086924,0.018897349941730503,0.790736249309809,0.3311334422143519
bayesfl_observability_v1,vi_lr0p002_b64_e1,41,vi,global_test,,,9,0.6,0.6666666666666666,389,0.9640102827763496,0.6310334896673581,0.33297679310899153,0.012952797251939771,0.5282371386617498,0.20172996049062145
bayesfl_observability_v1,vi_lr0p002_b64_e1,41,vi,global_test,,,10,0.6666666666666666,0.7333333333333333,266,0.9699248120300752,0.6972581771083344,0.2726666349217408,0.007252932488918306,0.4444695385102939,0.14829516595691666
bayesfl_observability_v1,vi_lr0p002_b64_e1,41,vi,global_test,,,11,0.7333333333333333,0.8,192,0.984375,0.7662281983842453,0.21814680161575473,0.004188418591022491,0.3132488145492971,0.08869889879133552
bayesfl_observability_v1,vi_lr0p002_b64_e1,41,vi,global_test,,,12,0.8,0.8666666666666667,124,0.9919354838709677,0.8278064386498544,0.16412904522111338,0.002035200160741806,0.2270180442400517,0.04981170851557005
bayesfl_observability_v1,vi_lr0p002_b64_e1,41,vi,global_test,,,13,0.8666666666666667,0.9333333333333333,46,1.0,0.8932877144087916,0.10671228559120838,0.0004908765137195585,0.11300208128016928,0.013725133420413604
bayesfl_observability_v1,vi_lr0p002_b64_e1,41,vi,global_test,,,14,0.9333333333333333,1.0,10,1.0,0.9446284174919128,0.05537158250808716,5.537158250808716e-05,0.05702766999602318,0.0038332143565639855
bayesfl_observability_v1,vi_lr0p002_b64_e1,42,vi,global_test,,,0,0.0,0.06666666666666667,0,,,,,,
bayesfl_observability_v1,vi_lr0p002_b64_e1,42,vi,global_test,,,1,0.06666666666666667,0.13333333333333333,1,0.0,0.13192914426326752,0.13192914426326752,1.3192914426326751e-05,2.0306406021118164,0.8457359671592712
bayesfl_observability_v1,vi_lr0p002_b64_e1,42,vi,global_test,,,2,0.13333333333333333,0.2,414,0.21256038647342995,0.18290563410031047,0.029654752373119486,0.0012277067482471468,2.0440051236014436,0.8519751754935813
bayesfl_observability_v1,vi_lr0p002_b64_e1,42,vi,global_test,,,3,0.2,0.26666666666666666,1747,0.3262736119061248,0.23560114345621502,0.09067246844990978,0.01584048023819924,1.8989348343323487,0.8135925705390585
bayesfl_observability_v1,vi_lr0p002_b64_e1,42,vi,global_test,,,4,0.26666666666666666,0.3333333333333333,1933,0.4288670460424211,0.2985590661182591,0.130307979924162,0.02518853251934051,1.7000695957893297,0.753687554082905
bayesfl_observability_v1,vi_lr0p002_b64_e1,42,vi,global_test,,,5,0.3333333333333333,0.4,1670,0.5718562874251497,0.3658738571012805,0.2059824303238692,0.034399065864086156,1.458436320070735,0.6637764680171441
bayesfl_observability_v1,vi_lr0p002_b64_e1,42,vi,global_test,,,6,0.4,0.4666666666666667,1276,0.7139498432601881,0.4317995173663929,0.2821503258937952,0.03600238158404827,1.2163577595474577,0.5544587338232322
bayesfl_observability_v1,vi_lr0p002_b64_e1,42,vi,global_test,,,7,0.4666666666666667,0.5333333333333333,1027,0.8432327166504382,0.49926257954716335,0.34397013710327484,0.03532573308050632,0.9447337744182598,0.41708962614951833
bayesfl_observability_v1,vi_lr0p002_b64_e1,42,vi,global_test,,,8,0.5333333333333333,0.6,772,0.9235751295336787,0.5665432580703281,0.3570318714633506,0.027562860476970666,0.7269387577945087,0.29880013980859305
bayesfl_observability_v1,vi_lr0p002_b64_e1,42,vi,global_test,,,9,0.6,0.6666666666666666,605,0.9586776859504132,0.6303439245736303,0.32833376137678294,0.019864192563295368,0.5493902378831028,0.2077301785472996
bayesfl_observability_v1,vi_lr0p002_b64_e1,42,vi,global_test,,,10,0.6666666666666666,0.7333333333333333,316,0.9873417721518988,0.6956432120332235,0.29169856011867523,0.009217674499750137,0.39468516994126235,0.12639849288742752
bayesfl_observability_v1,vi_lr0p002_b64_e1,42,vi,global_test,,,11,0.7333333333333333,0.8,167,0.9940119760479041,0.7624295828585139,0.23158239318939022,0.0038674259662628166,0.28521650815438365,0.07625541597337065
bayesfl_observability_v1,vi_lr0p002_b64_e1,42,vi,global_test,,,12,0.8,0.8666666666666667,54,1.0,0.8267223746688278,0.1732776253311722,0.0009356991767883299,0.1905203436811765,0.036271010904952335
bayesfl_observability_v1,vi_lr0p002_b64_e1,42,vi,global_test,,,13,0.8666666666666667,0.9333333333333333,18,1.0,0.8892686433262296,0.11073135667377043,0.00019931644201278678,0.1175224135319392,0.01569314119923446
bayesfl_observability_v1,vi_lr0p002_b64_e1,42,vi,global_test,,,14,0.9333333333333333,1.0,0,,,,,,
bayesfl_observability_v1,vi_lr0p002_b64_e1,43,vi,global_test,,,0,0.0,0.06666666666666667,0,,,,,,
bayesfl_observability_v1,vi_lr0p002_b64_e1,43,vi,global_test,,,1,0.06666666666666667,0.13333333333333333,1,0.0,0.1286153644323349,0.1286153644323349,1.286153644323349e-05,2.428462028503418,0.9293626546859741
bayesfl_observability_v1,vi_lr0p002_b64_e1,43,vi,global_test,,,2,0.13333333333333333,0.2,562,0.23665480427046262,0.18021525402828467,0.05643955024217795,0.0031719027236104006,2.013297121719958,0.8446923598275914
bayesfl_observability_v1,vi_lr0p002_b64_e1,43,vi,global_test,,,3,0.2,0.26666666666666666,1857,0.36779752288637585,0.23587643260845395,0.1319210902779219,0.024497746464610098,1.7835757119975297,0.786691699383653
bayesfl_observability_v1,vi_lr0p002_b64_e1,43,vi,global_test,,,4,0.26666666666666666,0.3333333333333333,2103,0.5221112696148359,0.2991674874886637,0.22294378212617222,0.04688507738113402,1.5389478132943568,0.7062000627467817
bayesfl_observability_v1,vi_lr0p002_b64_e1,43,vi,global_test,,,5,0.3333333333333333,0.4,1613,0.6491010539367638,0.3659417114121827,0.2831593425245811,0.04567360194921493,1.2798519654814975,0.6070622537569164
bayesfl_observability_v1,vi_lr0p002_b64_e1,43,vi,global_test,,,6,0.4,0.4666666666666667,1327,0.7686510926902789,0.4325500388925203,0.33610105379775856,0.04460060983896256,1.061042811875965,0.5024110033221054
bayesfl_observability_v1,vi_lr0p002_b64_e1,43,vi,global_test,,,7,0.4666666666666667,0.5333333333333333,1013,0.8509378084896347,0.49866211255469894,0.3522756959349358,0.035685527998208996,0.8713931232426032,0.4017756476571741
bayesfl_observability_v1,vi_lr0p002_b64_e1,43,vi,global_test,,,8,0.5333333333333333,0.6,732,0.9180327868852459,0.5634962764919781,0.35453651039326783,0.025952072560787208,0.7047634689045734,0.3026046082988137
bayesfl_observability_v1,vi_lr0p002_b64_e1,43,vi,global_test,,,9,0.6,0.6666666666666666,414,0.966183574879227,0.6299506870732792,0.33623288780594784,0.013920041555166242,0.5125595013012633,0.20148237024384422
bayesfl_observability_v1,vi_lr0p002_b64_e1,43,vi,global_test,,,10,0.6666666666666666,0.7333333333333333,246,1.0,0.6950351855134577,0.30496481448654233,0.007502134436368941,0.3641709120777564,0.11484920375836574
bayesfl_observability_v1,vi_lr0p002_b64_e1,43,vi,global_test,,,11,0.7333333333333333,0.8,88,0.9659090909090909,0.756402806124904,0.20950628478418698,0.0018436553061008454,0.3636742483147166,0.12048321805725043
bayesfl_observability_v1,vi_lr0p002_b64_e1,43,vi,global_test,,,12,0.8,0.8666666666666667,35,1.0,0.8244393927710397,0.17556060722896027,0.000614462125301361,0.19329052226884025,0.03945009995784078
bayesfl_observability_v1,vi_lr0p002_b64_e1,43,vi,global_test,,,13,0.8666666666666667,0.9333333333333333,8,1.0,0.8803347796201706,0.1196652203798294,9.573217630386353e-05,0.12753727100789547,0.01863278984092176
bayesfl_observability_v1,vi_lr0p002_b64_e1,43,vi,global_test,,,14,0.9333333333333333,1.0,1,1.0,0.9522212147712708,0.04777878522872925,4.7778785228729245e-06,0.04895790293812752,0.0037693604826927185
bayesfl_observability_v1,vi_lr0p002_b64_e1,44,vi,global_test,,,0,0.0,0.06666666666666667,0,,,,,,
bayesfl_observability_v1,vi_lr0p002_b64_e1,44,vi,global_test,,,1,0.06666666666666667,0.13333333333333333,0,,,,,,
bayesfl_observability_v1,vi_lr0p002_b64_e1,44,vi,global_test,,,2,0.13333333333333333,0.2,380,0.22105263157894736,0.18186527835695368,0.03918735322199368,0.0014891194224357599,2.0084637999534607,0.8455903040735345
bayesfl_observability_v1,vi_lr0p002_b64_e1,44,vi,global_test,,,3,0.2,0.26666666666666666,1776,0.3704954954954955,0.23651378373573492,0.13398171175976056,0.023795152008533476,1.7722520836301752,0.7843813188709654
bayesfl_observability_v1,vi_lr0p002_b64_e1,44,vi,global_test,,,4,0.26666666666666666,0.3333333333333333,2176,0.5036764705882353,0.2988985662951189,0.20477790429311638,0.044559671974182126,1.5312824783956303,0.7078084208290366
bayesfl_observability_v1,vi_lr0p002_b64_e1,44,vi,global_test,,,5,0.3333333333333333,0.4,1787,0.5803021824286514,0.3654030669849547,0.21489911544369666,0.038402471929788594,1.3276263768271355,0.6321655295718364
bayesfl_observability_v1,vi_lr0p002_b64_e1,44,vi,global_test,,,6,0.4,0.4666666666666667,1234,0.7074554294975689,0.43179497692727964,0.27566045257028926,0.0340164998471737,1.1187318353830706,0.5359750682762802
bayesfl_observability_v1,vi_lr0p002_b64_e1,44,vi,global_test,,,7,0.4666666666666667,0.5333333333333333,913,0.7535596933187295,0.49803237328132427,0.25552732003740525,0.0233296443194151,0.9736874503739431,0.4616844637762155
bayesfl_observability_v1,vi_lr0p002_b64_e1,44,vi,global_test,,,8,0.5333333333333333,0.6,730,0.8082191780821918,0.5646682255072136,0.24355095257497816,0.017779219537973408,0.8494229329775458,0.38862057436410696
bayesfl_observability_v1,vi_lr0p002_b64_e1,44,vi,global_test,,,9,0.6,0.6666666666666666,437,0.8649885583524027,0.6296426445177545,0.2353459138346482,0.010284616434574127,0.7032557536999202,0.3024560434730975
bayesfl_observability_v1,vi_lr0p002_b64_e1,44,vi,global_test,,,10,0.6666666666666666,0.7333333333333333,313,0.9265175718849841,0.6965470192150567,0.22997055266992739,0.007198078298568727,0.5030854552889023,0.1966054697339527
bayesfl_observability_v1,vi_lr0p002_b64_e1,44,vi,global_test,,,11,0.7333333333333333,0.8,168,0.9345238095238095,0.7660370948059219,0.16848671471788768,0.002830576807260513,0.4630634079554251,0.16298952235263728
bayesfl_observability_v1,vi_lr0p002_b64_e1,44,vi,global_test,,,12,0.8,0.8666666666666667,62,1.0,0.8273411268188108,0.17265887318118922,0.0010704850137233733,0.18978509114634606,0.0376653108865984
bayesfl_observability_v1,vi_lr0p002_b64_e1,44,vi,global_test,,,13,0.8666666666666667,0.9333333333333333,21,1.0,0.8970254716419038,0.10297452835809617,0.00021624650955200195,0.10884129930110205,0.013742646912024134
bayesfl_observability_v1,vi_lr0p002_b64_e1,44,vi,global_test,,,14,0.9333333333333333,1.0,3,1.0,0.9513141910235087,0.04868580897649133,1.46057426929474e-05,0.0499763178328673,0.0030903414202233157
bayesfl_observability_v1,vi_lr0p002_b64_e1,45,vi,global_test,,,0,0.0,0.06666666666666667,0,,,,,,
bayesfl_observability_v1,vi_lr0p002_b64_e1,45,vi,global_test,,,1,0.06666666666666667,0.13333333333333333,2,0.0,0.12352833151817322,0.12352833151817322,2.4705666303634644e-05,2.2606574296951294,0.8953871428966522
bayesfl_observability_v1,vi_lr0p002_b64_e1,45,vi,global_test,,,2,0.13333333333333333,0.2,439,0.23234624145785876,0.180844902381267,0.05150133907659177,0.0022609087854623786,2.0160950848616337,0.8452995928653552
bayesfl_observability_v1,vi_lr0p002_b64_e1,45,vi,global_test,,,3,0.2,0.26666666666666666,1625,0.3513846153846154,0.23613714683972872,0.11524746854488668,0.018727713638544086,1.8126541840479924,0.7939787233792819
bayesfl_observability_v1,vi_lr0p002_b64_e1,45,vi,global_test,,,4,0.26666666666666666,0.3333333333333333,1933,0.4655975168132437,0.2986507051606531,0.16694681165259057,0.03227081869244575,1.5903612823604736,0.7258613200861126
bayesfl_observability_v1,vi_lr0p002_b64_e1,45,vi,global_test,,,5,0.3333333333333333,0.4,1596,0.5307017543859649,0.3642642381495999,0.166437516236365,0.02656342759132385,1.4216666127506055,0.6642629054554722
bayesfl_observability_v1,vi_lr0p002_b64_e1,45,vi,global_test,,,6,0.4,0.4666666666666667,1363,0.6830520909757887,0.43184821551456576,0.2512038754612229,0.034239088225364686,1.1608181739675587,0.5518012511231667
bayesfl_observability_v1,vi_lr0p002_b64_e1,45,vi,global_test,,,7,0.4666666666666667,0.5333333333333333,952,0.7615546218487395,0.49839321470686365,0.2631614071418758,0.025052965959906574,0.9660694646109053,0.45705394722333476
bayesfl_observability_v1,vi_lr0p002_b64_e1,45,vi,global_test,,,8,0.5333333333333333,0.6,776,0.8698453608247423,0.5650818019183641,0.3047635589063782,0.023649652171134947,0.7676789818965283,0.340264235555972
bayesfl_observability_v1,vi_lr0p002_b64_e1,45,vi,global_test,,,9,0.6,0.6666666666666666,577,0.9081455805892548,0.6328571116490422,0.2752884689402125,0.015884144657850263,0.6168340410992013,0.25706340850329273
bayesfl_observability_v1,vi_lr0p002_b64_e1,45,vi,global_test,,,10,0.6666666666666666,0.7333333333333333,381,0.9396325459317585,0.6971793662844681,0.2424531796472904,0.009237466144561765,0.48164225649333064,0.1839336034428729
bayesfl_observability_v1,vi_lr0p002_b64_e1,45,vi,global_test,,,11,0.7333333333333333,0.8,222,0.9774774774774775,0.763683479916942,0.21379399756053552,0.0047462267458438885,0.3171336914639215,0.09858524160006561
bayesfl_observability_v1,vi_lr0p002_b64_e1,45,vi,global_test,,,12,0.8,0.8666666666666667,97,1.0,0.8303420039796338,0.16965799602036624,0.0016456825613975525,0.18620042318535834,0.03647959249612597
bayesfl_observability_v1,vi_lr0p002_b64_e1,45,vi,global_test,,,13,0.8666666666666667,0.9333333333333333,35,0.9714285714285714,0.8869744147573199,0.08445415667125156,0.00029558954834938046,0.21096427121332714,0.06464524633650269
bayesfl_observability_v1,vi_lr0p002_b64_e1,45,vi,global_test,,,14,0.9333333333333333,1.0,2,1.0,0.9486199915409088,0.051380008459091187,1.0276001691818238e-05,0.05278895050287247,0.0033997176215052605
bayesfl_observability_v1,vi_lr0p002_b64_e1,46,vi,global_test,,,0,0.0,0.06666666666666667,0,,,,,,
bayesfl_observability_v1,vi_lr0p002_b64_e1,46,vi,global_test,,,1,0.06666666666666667,0.13333333333333333,0,,,,,,
bayesfl_observability_v1,vi_lr0p002_b64_e1,46,vi,global_test,,,2,0.13333333333333333,0.2,229,0.22270742358078602,0.18486820916161267,0.037839214419173345,0.0008665180101990696,2.018025889667361,0.8473241917431095
bayesfl_observability_v1,vi_lr0p002_b64_e1,46,vi,global_test,,,3,0.2,0.26666666666666666,1465,0.33583617747440275,0.23813571171142137,0.09770046576298139,0.014313118234276775,1.807682878816494,0.7946022313202608
bayesfl_observability_v1,vi_lr0p002_b64_e1,46,vi,global_test,,,4,0.26666666666666666,0.3333333333333333,2051,0.43881033642125794,0.2999869220318415,0.13882341438941642,0.028472682291269306,1.5978453533641308,0.7324131940528278
bayesfl_observability_v1,vi_lr0p002_b64_e1,46,vi,global_test,,,5,0.3333333333333333,0.4,1916,0.5339248434237995,0.3655590914143152,0.16836575200948434,0.0322588780850172,1.408864185089607,0.6631758337323252
bayesfl_observability_v1,vi_lr0p002_b64_e1,46,vi,global_test,,,6,0.4,0.4666666666666667,1456,0.6133241758241759,0.43188255886127663,0.18144161696289923,0.026417899429798126,1.248774113890889,0.591131652040141
bayesfl_observability_v1,vi_lr0p002_b64_e1,46,vi,global_test,,,7,0.4666666666666667,0.5333333333333333,1018,0.6954813359528488,0.4978612147286271,0.19762012122422168,0.020117728340625765,1.0855614551158224,0.5113443462928292
bayesfl_observability_v1,vi_lr0p002_b64_e1,46,vi,global_test,,,8,0.5333333333333333,0.6,711,0.7327707454289732,0.5646270827905036,0.1681436626384697,0.011955014413595194,0.9888482317642824,0.45740578676745525
bayesfl_observability_v1,vi_lr0p002_b64_e1,46,vi,global_test,,,9,0.6,0.6666666666666666,429,0.7832167832167832,0.6306500876700127,0.1525666955467705,0.006545111238956455,0.8508190525161636,0.3874050085291718
bayesfl_observability_v1,vi_lr0p002_b64_e1,46,vi,global_test,,,10,0.6666666666666666,0.7333333333333333,266,0.8345864661654135,0.6969968609343794,0.13758960523103414,0.003659883499145508,0.7333226490737801,0.3114777944029722
bayesfl_observability_v1,vi_lr0p002_b64_e1,46,vi,global_test,,,11,0.7333333333333333,0.8,182,0.8461538461538461,0.7652746511029673,0.08087919505087882,0.0014720013499259946,0.6601276879945954,0.28142247565991274
bayesfl_observability_v1,vi_lr0p002_b64_e1,46,vi,global_test,,,12,0.8,0.8666666666666667,138,0.8985507246376812,0.8366919656594595,0.061858758978221684,0.0008536508738994593,0.5259036312716595,0.1961215703977623
bayesfl_observability_v1,vi_lr0p002_b64_e1,46,vi,global_test,,,13,0.8666666666666667,0.9333333333333333,94,0.9680851063829787,0.8957320217122423,0.07235308467073642,0.0006801189959049224,0.22689547072699728,0.06771638645651809
bayesfl_observability_v1,vi_lr0p002_b64_e1,46,vi,global_test,,,14,0.9333333333333333,1.0,45,1.0,0.9551220920350817,0.04487790796491831,0.0002019505858421324,0.046034696698188785,0.002810115122055221
bayesfl_observability_v1,vi_lr0p002_b64_e1,47,vi,global_test,,,0,0.0,0.06666666666666667,0,,,,,,
bayesfl_observability_v1,vi_lr0p002_b64_e1,47,vi,global_test,,,1,0.06666666666666667,0.13333333333333333,1,0.0,0.13020305335521698,0.13020305335521698,1.3020305335521699e-05,2.424889087677002,0.9301697611808777
bayesfl_observability_v1,vi_lr0p002_b64_e1,47,vi,global_test,,,2,0.13333333333333333,0.2,415,0.25542168674698795,0.18283594078328236,0.0725857459637056,0.003012308457493782,1.9864708722355855,0.8415543075067451
bayesfl_observability_v1,vi_lr0p002_b64_e1,47,vi,global_test,,,3,0.2,0.26666666666666666,1683,0.3511586452762923,0.23555755721481514,0.11560108806147718,0.01945566312074661,1.8039656101913588,0.7945188820822495
bayesfl_observability_v1,vi_lr0p002_b64_e1,47,vi,global_test,,,4,0.26666666666666666,0.3333333333333333,2015,0.46153846153846156,0.2993463623316649,0.16219209920679667,0.032681707990169534,1.5927513509471127,0.7274592915480546
bayesfl_observability_v1,vi_lr0p002_b64_e1,47,vi,global_test,,,5,0.3333333333333333,0.4,1597,0.567313713212273,0.3649049274945304,0.20240878571774257,0.032324683079123485,1.4098972416551097,0.6565414454389081
bayesfl_observability_v1,vi_lr0p002_b64_e1,47,vi,global_test,,,6,0.4,0.4666666666666667,1313,0.6961157654226962,0.4323456629668132,0.26377010245588295,0.034633014452457436,1.1898476529103241,0.5578641851531215
bayesfl_observability_v1,vi_lr0p002_b64_e1,47,vi,global_test,,,7,0.4666666666666667,0.5333333333333333,949,0.7924130663856691,0.49816348492408324,0.29424958146158586,0.027924285280704498,0.9868614037371033,0.4589124782319064
bayesfl_observability_v1,vi_lr0p002_b64_e1,47,vi,global_test,,,8,0.5333333333333333,0.6,762,0.889763779527559,0.5641819128370661,0.32558186669049294,0.02480933824181556,0.7584875057844978,0.3333133941716722
bayesfl_observability_v1,vi_lr0p002_b64_e1,47,vi,global_test,,,9,0.6,0.6666666666666666,517,0.9303675048355899,0.6312809005466143,0.2990866042889756,0.015462777441740039,0.6063508803540087,0.24707770739579338
bayesfl_observability_v1,vi_lr0p002_b64_e1,47,vi,global_test,,,10,0.6666666666666666,0.7333333333333333,344,0.9709302325581395,0.69692818196707,0.2740020505910695,0.009425670540332791,0.4463591637133166,0.1557478053538605
bayesfl_observability_v1,vi_lr0p002_b64_e1,47,vi,global_test,,,11,0.7333333333333333,0.8,203,0.9753694581280788,0.7637765228454703,0.21159293528260859,0.004295336586236954,0.3583050203587621,0.1113346703350544
bayesfl_observability_v1,vi_lr0p002_b64_e1,47,vi,global_test,,,12,0.8,0.8666666666666667,125,0.968,0.8319229521751403,0.13607704782485963,0.0017009630978107452,0.2956500362157822,0.09050435179471969
bayesfl_observability_v1,vi_lr0p002_b64_e1,47,vi,global_test,,,13,0.8666666666666667,0.9333333333333333,60,1.0,0.8958562175432842,0.10414378245671585,0.000624862694740295,0.11016470851997534,0.015300947815800707
bayesfl_observability_v1,vi_lr0p002_b64_e1,47,vi,global_test,,,14,0.9333333333333333,1.0,16,1.0,0.9534666649997234,0.046533335000276566,7.44533360004425e-05,0.04779676184989512,0.0033231199922738597
bayesfl_observability_v1,vi_lr0p002_b64_e1,48,vi,global_test,,,0,0.0,0.06666666666666667,0,,,,,,
bayesfl_observability_v1,vi_lr0p002_b64_e1,48,vi,global_test,,,1,0.06666666666666667,0.13333333333333333,0,,,,,,
bayesfl_observability_v1,vi_lr0p002_b64_e1,48,vi,global_test,,,2,0.13333333333333333,0.2,371,0.2695417789757412,0.18280758851300674,0.08673419046273448,0.003217838466167449,1.9762908506264905,0.8374514921977514
bayesfl_observability_v1,vi_lr0p002_b64_e1,48,vi,global_test,,,3,0.2,0.26666666666666666,1722,0.389082462253194,0.2363517066067935,0.15273075564640048,0.026300236122310163,1.7433766529535166,0.7768298960728928
bayesfl_observability_v1,vi_lr0p002_b64_e1,48,vi,global_test,,,4,0.26666666666666666,0.3333333333333333,1965,0.4946564885496183,0.29973319198642373,0.19492329656319457,0.03830242777466773,1.5306960513573566,0.7076192618023045
bayesfl_observability_v1,vi_lr0p002_b64_e1,48,vi,global_test,,,5,0.3333333333333333,0.4,1685,0.6765578635014837,0.3659049376889577,0.310652925812526,0.05234501799941063,1.2571060112746604,0.5968057479632007
bayesfl_observability_v1,vi_lr0p002_b64_e1,48,vi,global_test,,,6,0.4,0.4666666666666667,1361,0.7883908890521675,0.4311525869860008,0.3572383020661667,0.04862013291120529,1.0399807749383156,0.49607527901984416
bayesfl_observability_v1,vi_lr0p002_b64_e1,48,vi,global_test,,,7,0.4666666666666667,0.5333333333333333,1029,0.8999028182701652,0.4989831927218868,0.40091962554827837,0.04125462946891785,0.8199490671371,0.37342879555547437
bayesfl_observability_v1,vi_lr0p002_b64_e1,48,vi,global_test,,,8,0.5333333333333333,0.6,755,0.9589403973509933,0.5653351977171487,0.39360519963384466,0.02971719257235527,0.6421454539362168,0.2698729976715631
bayesfl_observability_v1,vi_lr0p002_b64_e1,48,vi,global_test,,,9,0.6,0.6666666666666666,504,0.9682539682539683,0.6310551418435006,0.3371988264104676,0.016994820851087566,0.5372041295326891,0.20439450989758212
bayesfl_observability_v1,vi_lr0p002_b64_e1,48,vi,global_test,,,10,0.6666666666666666,0.7333333333333333,323,0.9814241486068112,0.6949649167134666,0.28645923189334455,0.009252633190155029,0.39866371706543324,0.13961776597396508
bayesfl_observability_v1,vi_lr0p002_b64_e1,48,vi,global_test,,,11,0.7333333333333333,0.8,159,0.9937106918238994,0.7628483149990346,0.23086237682486477,0.0036707117915153495,0.2926215347628923,0.08160471548355601
bayesfl_observability_v1,vi_lr0p002_b64_e1,48,vi,global_test,,,12,0.8,0.8666666666666667,87,1.0,0.83071729232525,0.16928270767474995,0.0014727595567703244,0.1857257343229206,0.03782417817876257
bayesfl_observability_v1,vi_lr0p002_b64_e1,48,vi,global_test,,,13,0.8666666666666667,0.9333333333333333,35,1.0,0.8919089129992894,0.10809108700071057,0.000378318804502487,0.11457310659544809,0.015097309755427496
bayesfl_observability_v1,vi_lr0p002_b64_e1,48,vi,global_test,,,14,0.9333333333333333,1.0,4,1.0,0.9389735162258148,0.06102648377418518,2.4410593509674074e-05,0.06297744996845722,0.004535683605354279
bayesfl_observability_v1,vi_lr0p002_b64_e1,49,vi,global_test,,,0,0.0,0.06666666666666667,0,,,,,,
bayesfl_observability_v1,vi_lr0p002_b64_e1,49,vi,global_test,,,1,0.06666666666666667,0.13333333333333333,0,,,,,,
bayesfl_observability_v1,vi_lr0p002_b64_e1,49,vi,global_test,,,2,0.13333333333333333,0.2,312,0.27564102564102566,0.1828969520254013,0.09274407361562437,0.0028936150968074804,2.0119590877722473,0.8448077140328212
bayesfl_observability_v1,vi_lr0p002_b64_e1,49,vi,global_test,,,3,0.2,0.26666666666666666,1496,0.3622994652406417,0.23746189596579675,0.12483756927484496,0.018675700363516807,1.7847308823290993,0.7878885675161917
bayesfl_observability_v1,vi_lr0p002_b64_e1,49,vi,global_test,,,4,0.26666666666666666,0.3333333333333333,1937,0.4966442953020134,0.29946113949777176,0.19718315580424167,0.03819437727928161,1.5501477557109937,0.7133019316978041
bayesfl_observability_v1,vi_lr0p002_b64_e1,49,vi,global_test,,,5,0.3333333333333333,0.4,1756,0.6321184510250569,0.3661129782506708,0.26600547277438613,0.0467105610191822,1.282438589391513,0.6122091243506022
bayesfl_observability_v1,vi_lr0p002_b64_e1,49,vi,global_test,,,6,0.4,0.4666666666666667,1465,0.7747440273037542,0.4313506130879243,0.34339341421583,0.05030713518261909,1.054476062592386,0.5027989935956311
bayesfl_observability_v1,vi_lr0p002_b64_e1,49,vi,global_test,,,7,0.4666666666666667,0.5333333333333333,1126,0.8694493783303731,0.4986409753508085,0.3708084029795646,0.041753026175498975,0.8574389702049919,0.3950957718369804
bayesfl_observability_v1,vi_lr0p002_b64_e1,49,vi,global_test,,,8,0.5333333333333333,0.6,791,0.9292035398230089,0.5648038070813745,0.3643997327416344,0.02882401885986328,0.6733360993575809,0.29394529449050555
bayesfl_observability_v1,vi_lr0p002_b64_e1,49,vi,global_test,,,9,0.6,0.6666666666666666,547,0.9634369287020109,0.6326482418032408,0.33078868689877017,0.018094141173362728,0.5224598511590383,0.20464861330319148
bayesfl_observability_v1,vi_lr0p002_b64_e1,49,vi,global_test,,,10,0.6666666666666666,0.7333333333333333,313,0.9904153354632588,0.6962768629716989,0.2941384724915599,0.009206534188985824,0.37787341414549097,0.1259544159467228
bayesfl_observability_v1,vi_lr0p002_b64_e1,49,vi,global_test,,,11,0.7333333333333333,0.8,151,0.9933774834437086,0.7641120754330364,0.2292654080106722,0.0034619076609611497,0.28935959007566336,0.08066760279879664
bayesfl_observability_v1,vi_lr0p002_b64_e1,49,vi,global_test,,,12,0.8,0.8666666666666667,74,1.0,0.8343962285969708,0.16560377140302918,0.001225467908382416,0.18128182235601786,0.03520671378921818
bayesfl_observability_v1,vi_lr0p002_b64_e1,49,vi,global_test,,,13,0.8666666666666667,0.9333333333333333,23,1.0,0.8961143156756526,0.10388568432434742,0.00023893707394599906,0.10997975617647171,0.014606981841928286
bayesfl_observability_v1,vi_lr0p002_b64_e1,49,vi,global_test,,,14,0.9333333333333333,1.0,9,1.0,0.9442134698232015,0.055786530176798466,5.020787715911862e-05,0.05749352607462141,0.004069020066203343
bayesfl_observability_v1,vi_lr0p002_b64_e1,50,vi,global_test,,,0,0.0,0.06666666666666667,0,,,,,,
bayesfl_observability_v1,vi_lr0p002_b64_e1,50,vi,global_test,,,1,0.06666666666666667,0.13333333333333333,0,,,,,,
bayesfl_observability_v1,vi_lr0p002_b64_e1,50,vi,global_test,,,2,0.13333333333333333,0.2,314,0.2197452229299363,0.1832578799622074,0.0364873429677289,0.0011457025691866875,2.0241286401536054,0.8458409603613957
bayesfl_observability_v1,vi_lr0p002_b64_e1,50,vi,global_test,,,3,0.2,0.26666666666666666,1445,0.35986159169550175,0.23678245245379148,0.12307913924171027,0.017784935620427135,1.785714839816506,0.7881698015651901
bayesfl_observability_v1,vi_lr0p002_b64_e1,50,vi,global_test,,,4,0.26666666666666666,0.3333333333333333,1770,0.4689265536723164,0.299670278756632,0.1692562749156844,0.029958360660076143,1.584279722278401,0.7242065602103196
bayesfl_observability_v1,vi_lr0p002_b64_e1,50,vi,global_test,,,5,0.3333333333333333,0.4,1696,0.5831367924528302,0.3656035305334712,0.217533261919359,0.03689364122152329,1.322051346653475,0.6312978138338845
bayesfl_observability_v1,vi_lr0p002_b64_e1,50,vi,global_test,,,6,0.4,0.4666666666666667,1495,0.6996655518394649,0.432190296641959,0.26747525519750587,0.03998755065202712,1.1027864940987782,0.5343393628812554
bayesfl_observability_v1,vi_lr0p002_b64_e1,50,vi,global_test,,,7,0.4666666666666667,0.5333333333333333,1158,0.7918825561312608,0.49827350133029497,0.29360905480096583,0.033999928545951845,0.9192746068529515,0.4400736986561349
bayesfl_observability_v1,vi_lr0p002_b64_e1,50,vi,global_test,,,8,0.5333333333333333,0.6,866,0.8845265588914549,0.5634178109036857,0.3211087479877692,0.027808017575740814,0.7325927487834771,0.32760715789180983
bayesfl_observability_v1,vi_lr0p002_b64_e1,50,vi,global_test,,,9,0.6,0.6666666666666666,612,0.9493464052287581,0.6311484266535129,0.31819797857524523,0.019473716288805006,0.544046650281529,0.21879108191705218
bayesfl_observability_v1,vi_lr0p002_b64_e1,50,vi,global_test,,,10,0.6666666666666666,0.7333333333333333,343,0.9650145772594753,0.6966478699497857,0.2683667073096896,0.009204978060722353,0.42987323189615856,0.15748594249476497
bayesfl_observability_v1,vi_lr0p002_b64_e1,50,vi,global_test,,,11,0.7333333333333333,0.8,196,0.9744897959183674,0.762056253394302,0.21243354252406532,0.0041636974334716805,0.3437214458779413,0.10778305219600395
bayesfl_observability_v1,vi_lr0p002_b64_e1,50,vi,global_test,,,12,0.8,0.8666666666666667,84,1.0,0.8291418211800712,0.17085817881992882,0.001435208702087402,0.18757733276912145,0.0375534163211428
bayesfl_observability_v1,vi_lr0p002_b64_e1,50,vi,global_test,,,13,0.8666666666666667,0.9333333333333333,17,0.9411764705882353,0.8875554835095125,0.05362098707872276,9.115567803382869e-05,0.34642189960269365,0.11793676440549247
bayesfl_observability_v1,vi_lr0p002_b64_e1,50,vi,global_test,,,14,0.9333333333333333,1.0,4,1.0,0.9458208978176117,0.054179102182388306,2.1671640872955324e-05,0.05573306232690811,0.0040128345135599375
bayesfl_observability_v1,vi_lr0p002_b64_e1,51,vi,global_test,,,0,0.0,0.06666666666666667,0,,,,,,
bayesfl_observability_v1,vi_lr0p002_b64_e1,51,vi,global_test,,,1,0.06666666666666667,0.13333333333333333,0,,,,,,
bayesfl_observability_v1,vi_lr0p002_b64_e1,51,vi,global_test,,,2,0.13333333333333333,0.2,235,0.20851063829787234,0.1822127324469546,0.026297905850917735,0.0006180007874965668,2.0686510923060966,0.8544654032017323
bayesfl_observability_v1,vi_lr0p002_b64_e1,51,vi,global_test,,,3,0.2,0.26666666666666666,1251,0.3413269384492406,0.2383342396965225,0.1029926987527181,0.012884386613965034,1.7835435198365355,0.7913303842171014
bayesfl_observability_v1,vi_lr0p002_b64_e1,51,vi,global_test,,,4,0.26666666666666666,0.3333333333333333,1944,0.4537037037037037,0.3002182391506654,0.1534854645530383,0.029837574309110645,1.5519819867954332,0.7205181732589816
bayesfl_observability_v1,vi_lr0p002_b64_e1,51,vi,global_test,,,5,0.3333333333333333,0.4,1805,0.5939058171745152,0.3656840748403872,0.228221742334128,0.041194024491310106,1.3071720971295047,0.628670852005977
bayesfl_observability_v1,vi_lr0p002_b64_e1,51,vi,global_test,,,6,0.4,0.4666666666666667,1550,0.7180645161290322,0.43164321907104986,0.28642129705798236,0.04439530104398727,1.1123886812886885,0.5350094046900349
bayesfl_observability_v1,vi_lr0p002_b64_e1,51,vi,global_test,,,7,0.4666666666666667,0.5333333333333333,1060,0.8311320754716981,0.4984387096087888,0.3326933658629093,0.03526549678146838,0.9168691835313473,0.4247228928894367
bayesfl_observability_v1,vi_lr0p002_b64_e1,51,vi,global_test,,,8,0.5333333333333333,0.6,815,0.9030674846625767,0.5645142133250558,0.3385532713375209,0.02759209161400795,0.7235428064878733,0.31808059716517206
bayesfl_observability_v1,vi_lr0p002_b64_e1,51,vi,global_test,,,9,0.6,0.6666666666666666,578,0.9567474048442907,0.6304350131316994,0.3263123917125913,0.018860856240987777,0.54849373226966,0.21532662818691722
bayesfl_observability_v1,vi_lr0p002_b64_e1,51,vi,global_test,,,10,0.6666666666666666,0.7333333333333333,430,0.9837209302325581,0.6971577928509823,0.2865631373815758,0.01232221490740776,0.3980567055386166,0.13219667269393456
bayesfl_observability_v1,vi_lr0p002_b64_e1,51,vi,global_test,,,11,0.7333333333333333,0.8,221,0.9773755656108597,0.7640555937905117,0.213319971820348,0.004714371377229691,0.34097263581073123,0.10032457320601153
bayesfl_observability_v1,vi_lr0p002_b64_e1,51,vi,global_test,,,12,0.8,0.8666666666666667,92,1.0,0.8248493094807086,0.17515069051929144,0.001611386352777481,0.1927475219835406,0.03816425504729799
bayesfl_observability_v1,vi_lr0p002_b64_e1,51,vi,global_test,,,13,0.8666666666666667,0.9333333333333333,18,1.0,0.8886051575342814,0.11139484246571862,0.00020051071643829355,0.11825865051812595,0.015238712748719586
bayesfl_observability_v1,vi_lr0p002_b64_e1,51,vi,global_test,,,14,0.9333333333333333,1.0,1,1.0,0.9597589373588562,0.0402410626411438,4.02410626411438e-06,0.04107313230633736,0.0019994033500552177
bayesfl_observability_v1,vi_lr0p002_b64_e1,52,vi,global_test,,,0,0.0,0.06666666666666667,0,,,,,,
bayesfl_observability_v1,vi_lr0p002_b64_e1,52,vi,global_test,,,1,0.06666666666666667,0.13333333333333333,0,,,,,,
bayesfl_observability_v1,vi_lr0p002_b64_e1,52,vi,global_test,,,2,0.13333333333333333,0.2,243,0.23045267489711935,0.18468684638723915,0.0457658285098802,0.0011121096327900888,1.9904009962278137,0.8432581113199148
bayesfl_observability_v1,vi_lr0p002_b64_e1,52,vi,global_test,,,3,0.2,0.26666666666666666,1273,0.3935585231736057,0.23836205699550572,0.15519646617809996,0.019756510144472127,1.7399316145881178,0.7785761034217109
bayesfl_observability_v1,vi_lr0p002_b64_e1,52,vi,global_test,,,4,0.26666666666666666,0.3333333333333333,1933,0.5043973098810139,0.29983592964612443,0.2045613802348895,0.039541714799404146,1.5208827057960301,0.7091633450226407
bayesfl_observability_v1,vi_lr0p002_b64_e1,52,vi,global_test,,,5,0.3333333333333333,0.4,1749,0.6037735849056604,0.3649591000983891,0.23881448480727124,0.04176865339279174,1.3351172749283247,0.6347007139401138
bayesfl_observability_v1,vi_lr0p002_b64_e1,52,vi,global_test,,,6,0.4,0.4666666666666667,1290,0.7550387596899225,0.4326385684022608,0.32240019128766173,0.04158962467610837,1.1107007644897284,0.5256872387126434
bayesfl_observability_v1,vi_lr0p002_b64_e1,52,vi,global_test,,,7,0.4666666666666667,0.5333333333333333,1021,0.8432908912830558,0.49820859728784217,0.3450822939952136,0.03523290221691131,0.9126336318855771,0.4187941051778784
bayesfl_observability_v1,vi_lr0p002_b64_e1,52,vi,global_test,,,8,0.5333333333333333,0.6,787,0.9199491740787802,0.566050670198443,0.35389850388033717,0.027851812255382538,0.7025149553218972,0.30092882797633225
bayesfl_observability_v1,vi_lr0p002_b64_e1,52,vi,global_test,,,9,0.6,0.6666666666666666,596,0.9513422818791947,0.6322923394657621,0.31904994241343254,0.01901537656784058,0.5636518437090337,0.21891891286277132
bayesfl_observability_v1,vi_lr0p002_b64_e1,52,vi,global_test,,,10,0.6666666666666666,0.7333333333333333,432,0.9745370370370371,0.6978044678215627,0.2767325692154744,0.011954846990108495,0.4239455113808314,0.1454181663898958
bayesfl_observability_v1,vi_lr0p002_b64_e1,52,vi,global_test,,,11,0.7333333333333333,0.8,320,0.984375,0.7653492908924818,0.21902570910751817,0.007008822691440582,0.3046818397939205,0.09063591541489587
bayesfl_observability_v1,vi_lr0p002_b64_e1,52,vi,global_test,,,12,0.8,0.8666666666666667,208,0.9903846153846154,0.8317947301727074,0.15858988521190798,0.003298669612407686,0.21763922825742227,0.0507487090340314
bayesfl_observability_v1,vi_lr0p002_b64_e1,52,vi,global_test,,,13,0.8666666666666667,0.9333333333333333,118,1.0,0.897308643086482,0.10269135691351805,0.001211758011579513,0.10859191720768557,0.013926913890735073
bayesfl_observability_v1,vi_lr0p002_b64_e1,52,vi,global_test,,,14,0.9333333333333333,1.0,30,0.9666666666666667,0.9567479173342387,0.009918749332427979,2.9756247997283934e-05,0.20531417119006315,0.06485679226073747
bayesfl_observability_v1,vi_lr0p002_b64_e1,53,vi,global_test,,,0,0.0,0.06666666666666667,0,,,,,,
bayesfl_observability_v1,vi_lr0p002_b64_e1,53,vi,global_test,,,1,0.06666666666666667,0.13333333333333333,0,,,,,,
bayesfl_observability_v1,vi_lr0p002_b64_e1,53,vi,global_test,,,2,0.13333333333333333,0.2,238,0.2773109243697479,0.18145940584294937,0.09585151852679855,0.0022812661409378054,1.978965388125732,0.8385901829274762
bayesfl_observability_v1,vi_lr0p002_b64_e1,53,vi,global_test,,,3,0.2,0.26666666666666666,1361,0.3776634827332844,0.23797505052758874,0.13968843220569563,0.019011595623195175,1.7522588483907124,0.7797380168152416
bayesfl_observability_v1,vi_lr0p002_b64_e1,53,vi,global_test,,,4,0.26666666666666666,0.3333333333333333,1912,0.5036610878661087,0.29955675209790594,0.2041043357682028,0.03902474899888037,1.507860022608705,0.7044087160830718
bayesfl_observability_v1,vi_lr0p002_b64_e1,53,vi,global_test,,,5,0.3333333333333333,0.4,1704,0.6414319248826291,0.36534700630136496,0.27608491858126416,0.04704487012624741,1.2911565983799143,0.6154565723709098
bayesfl_observability_v1,vi_lr0p002_b64_e1,53,vi,global_test,,,6,0.4,0.4666666666666667,1183,0.779374471682164,0.4327475403137159,0.34662693136844813,0.04100596598088741,1.0467714993810613,0.5011236323004341
bayesfl_observability_v1,vi_lr0p002_b64_e1,53,vi,global_test,,,7,0.4666666666666667,0.5333333333333333,930,0.8591397849462366,0.49769234836742443,0.3614474365788121,0.033614611601829526,0.8848193563440795,0.4071480228695818
bayesfl_observability_v1,vi_lr0p002_b64_e1,53,vi,global_test,,,8,0.5333333333333333,0.6,786,0.9529262086513995,0.5651946820072242,0.3877315266441753,0.03047569799423218,0.6451956109539546,0.27324588081157236
bayesfl_observability_v1,vi_lr0p002_b64_e1,53,vi,global_test,,,9,0.6,0.6666666666666666,631,0.9698890649762282,0.6306936295021166,0.3391954354741116,0.02140323197841644,0.52267494240389,0.19927852448495179
bayesfl_observability_v1,vi_lr0p002_b64_e1,53,vi,global_test,,,10,0.6666666666666666,0.7333333333333333,577,0.9878682842287695,0.6986006972488126,0.2892675869799569,0.016690739768743516,0.3884731367927697,0.12728326548168523
bayesfl_observability_v1,vi_lr0p002_b64_e1,53,vi,global_test,,,11,0.7333333333333333,0.8,352,0.9886363636363636,0.7632232079790398,0.2254131556573239,0.007934543079137801,0.3087445417503742,0.0862730201122097
bayesfl_observability_v1,vi_lr0p002_b64_e1,53,vi,global_test,,,12,0.8,0.8666666666666667,223,1.0,0.8257235085483089,0.1742764914516911,0.003886365759372712,0.19176441738423744,0.03793513578584109
bayesfl_observability_v1,vi_lr0p002_b64_e1,53,vi,global_test,,,13,0.8666666666666667,0.9333333333333333,85,0.9882352941176471,0.8942573666572571,0.09397792746039002,0.0007988123834133152,0.16602891718640048,0.03535783844726051
bayesfl_observability_v1,vi_lr0p002_b64_e1,53,vi,global_test,,,14,0.9333333333333333,1.0,18,1.0,0.9466554754310184,0.053344524568981644,9.602014422416696e-05,0.05488911705712477,0.003811687017635753
bayesfl_observability_v1,vi_lr0p002_b64_e1,54,vi,global_test,,,0,0.0,0.06666666666666667,0,,,,,,
bayesfl_observability_v1,vi_lr0p002_b64_e1,54,vi,global_test,,,1,0.06666666666666667,0.13333333333333333,0,,,,,,
bayesfl_observability_v1,vi_lr0p002_b64_e1,54,vi,global_test,,,2,0.13333333333333333,0.2,182,0.19230769230769232,0.18522218885002556,0.007085503457666759,0.000128956162929535,1.9807253145909571,0.84164364193822
bayesfl_observability_v1,vi_lr0p002_b64_e1,54,vi,global_test,,,3,0.2,0.26666666666666666,1217,0.33032046014790467,0.23886599115592688,0.09145446899197779,0.011130008876323698,1.7894146453188204,0.7932956920065837
bayesfl_observability_v1,vi_lr0p002_b64_e1,54,vi,global_test,,,4,0.26666666666666666,0.3333333333333333,1774,0.4250281848928974,0.30095394474812265,0.12407424014477475,0.02201077020168304,1.5911479333610923,0.7349858267197077
bayesfl_observability_v1,vi_lr0p002_b64_e1,54,vi,global_test,,,5,0.3333333333333333,0.4,1688,0.5225118483412322,0.36612360377164815,0.15638824456958406,0.026398335683345788,1.399411045403277,0.6656435944881485
bayesfl_observability_v1,vi_lr0p002_b64_e1,54,vi,global_test,,,6,0.4,0.4666666666666667,1323,0.6409674981103552,0.43151048283097604,0.2094570152793792,0.02771116312146187,1.2121131250737567,0.5801422586066202
bayesfl_observability_v1,vi_lr0p002_b64_e1,54,vi,global_test,,,7,0.4666666666666667,0.5333333333333333,1061,0.7342130065975495,0.4978205184684847,0.23639248812906483,0.025081242990493777,1.0187328273569156,0.4843409331366209
bayesfl_observability_v1,vi_lr0p002_b64_e1,54,vi,global_test,,,8,0.5333333333333333,0.6,788,0.8236040609137056,0.5651810985380018,0.25842296237570384,0.020363729435205462,0.8213903245889596,0.37701430485635845
bayesfl_observability_v1,vi_lr0p002_b64_e1,54,vi,global_test,,,9,0.6,0.6666666666666666,577,0.8769497400346621,0.6328548175416745,0.2440949224929876,0.014084277027845383,0.666629710891631,0.287994724703207
bayesfl_observability_v1,vi_lr0p002_b64_e1,54,vi,global_test,,,10,0.6666666666666666,0.7333333333333333,506,0.9407114624505929,0.69819642585728,0.24251503659331286,0.01227126085162163,0.4973337567253075,0.18411123399206772
bayesfl_observability_v1,vi_lr0p002_b64_e1,54,vi,global_test,,,11,0.7333333333333333,0.8,369,0.9539295392953929,0.7646414030212051,0.18928813627418783,0.006984732228517531,0.36931192818372877,0.12960204437657746
bayesfl_observability_v1,vi_lr0p002_b64_e1,54,vi,global_test,,,12,0.8,0.8666666666666667,270,0.9851851851851852,0.829798475239012,0.1553867099461732,0.004195441168546677,0.23834051616765833,0.060086019716604995
bayesfl_observability_v1,vi_lr0p002_b64_e1,54,vi,global_test,,,13,0.8666666666666667,0.9333333333333333,171,0.9883040935672515,0.8988898745057179,0.08941421906153357,0.001528983145952224,0.15467460427367896,0.03367755455318947
bayesfl_observability_v1,vi_lr0p002_b64_e1,54,vi,global_test,,,14,0.9333333333333333,1.0,74,0.9864864864864865,0.9574303788107794,0.0290561076757071,0.00021501519680023256,0.11471670110886162,0.028329807122448786
bayesfl_observability_v1,vi_lr0p002_b64_e1,55,vi,global_test,,,0,0.0,0.06666666666666667,0,,,,,,
bayesfl_observability_v1,vi_lr0p002_b64_e1,55,vi,global_test,,,1,0.06666666666666667,0.13333333333333333,0,,,,,,
bayesfl_observability_v1,vi_lr0p002_b64_e1,55,vi,global_test,,,2,0.13333333333333333,0.2,185,0.23783783783783785,0.18376558318331435,0.054072254654523505,0.0010003367111086848,2.0179534525484653,0.8463218798508515
bayesfl_observability_v1,vi_lr0p002_b64_e1,55,vi,global_test,,,3,0.2,0.26666666666666666,1193,0.3352891869237217,0.2369539712470615,0.09833521567666023,0.011731391230225565,1.818765603786542,0.7989491569526237
bayesfl_observability_v1,vi_lr0p002_b64_e1,55,vi,global_test,,,4,0.26666666666666666,0.3333333333333333,1767,0.4142614601018676,0.29990474851912674,0.11435671158274086,0.02020683093667031,1.6164029115462073,0.7402188564736626
bayesfl_observability_v1,vi_lr0p002_b64_e1,55,vi,global_test,,,5,0.3333333333333333,0.4,1600,0.5725,0.36627443321049213,0.20622556678950787,0.032996090686321256,1.3698854005336762,0.6486878168582916
bayesfl_observability_v1,vi_lr0p002_b64_e1,55,vi,global_test,,,6,0.4,0.4666666666666667,1415,0.7187279151943463,0.4322786015672313,0.286449313627115,0.040532577878236775,1.132031781471239,0.5412130797709678
bayesfl_observability_v1,vi_lr0p002_b64_e1,55,vi,global_test,,,7,0.4666666666666667,0.5333333333333333,1045,0.8373205741626795,0.49842893874816346,0.338891635414516,0.03541417590081692,0.9108181655121762,0.423733955963947
bayesfl_observability_v1,vi_lr0p002_b64_e1,55,vi,global_test,,,8,0.5333333333333333,0.6,869,0.9275028768699655,0.5659219255655901,0.3615809513043754,0.03142138466835022,0.692283986489984,0.29921724871058186
bayesfl_observability_v1,vi_lr0p002_b64_e1,55,vi,global_test,,,9,0.6,0.6666666666666666,738,0.9566395663956639,0.6328951413553905,0.32374442504027345,0.02389233856797218,0.5424297878412696,0.21369172337901624
bayesfl_observability_v1,vi_lr0p002_b64_e1,55,vi,global_test,,,10,0.6666666666666666,0.7333333333333333,522,0.9961685823754789,0.6972970471528298,0.2988715352226491,0.015601094138622281,0.37108300945996325,0.12104111805672389
bayesfl_observability_v1,vi_lr0p002_b64_e1,55,vi,global_test,,,11,0.7333333333333333,0.8,362,0.988950276243094,0.7633865816487792,0.2255636945943148,0.008165405744314196,0.29987238446322595,0.08613141113634926
bayesfl_observability_v1,vi_lr0p002_b64_e1,55,vi,global_test,,,12,0.8,0.8666666666666667,206,1.0,0.8326009242858702,0.16739907571412982,0.0034484209597110743,0.1834783943243397,0.03599450758034454
bayesfl_observability_v1,vi_lr0p002_b64_e1,55,vi,global_test,,,13,0.8666666666666667,0.9333333333333333,83,1.0,0.8926857293370258,0.10731427066297416,0.0008907084465026856,0.11373686081314661,0.0149738516501454
bayesfl_observability_v1,vi_lr0p002_b64_e1,55,vi,global_test,,,14,0.9333333333333333,1.0,15,1.0,0.9466663440068562,0.05333365599314377,8.000048398971565e-05,0.0548824002345403,0.00364801911637187
bayesfl_observability_v1,vi_lr0p002_b64_e1,56,vi,global_test,,,0,0.0,0.06666666666666667,0,,,,,,
bayesfl_observability_v1,vi_lr0p002_b64_e1,56,vi,global_test,,,1,0.06666666666666667,0.13333333333333333,0,,,,,,
bayesfl_observability_v1,vi_lr0p002_b64_e1,56,vi,global_test,,,2,0.13333333333333333,0.2,227,0.27312775330396477,0.18464972387326448,0.0884780294307003,0.0020084512680768967,1.9960950644530915,0.8410551863094784
bayesfl_observability_v1,vi_lr0p002_b64_e1,56,vi,global_test,,,3,0.2,0.26666666666666666,1321,0.36563209689629067,0.23776505351698282,0.12786704337930785,0.01689123643040657,1.7580347378808021,0.7841712422753535
bayesfl_observability_v1,vi_lr0p002_b64_e1,56,vi,global_test,,,4,0.26666666666666666,0.3333333333333333,1793,0.4952593418851088,0.3002387758612433,0.19502056602386547,0.034967187488079074,1.5217914208977568,0.7099626312957951
bayesfl_observability_v1,vi_lr0p002_b64_e1,56,vi,global_test,,,5,0.3333333333333333,0.4,1643,0.6037735849056604,0.3645356084541511,0.23923797645150924,0.03930679953098296,1.3471358485578837,0.6368769851314245
bayesfl_observability_v1,vi_lr0p002_b64_e1,56,vi,global_test,,,6,0.4,0.4666666666666667,1240,0.75,0.4324927587662974,0.3175072412337026,0.039370897912979125,1.102616935776126,0.5235884526083546
bayesfl_observability_v1,vi_lr0p002_b64_e1,56,vi,global_test,,,7,0.4666666666666667,0.5333333333333333,895,0.8558659217877095,0.49845466790252557,0.3574112538851839,0.03198830722272396,0.9017761182518644,0.4116783820717028
bayesfl_observability_v1,vi_lr0p002_b64_e1,56,vi,global_test,,,8,0.5333333333333333,0.6,764,0.9175392670157068,0.5651476428458828,0.35239162416982395,0.02692272008657455,0.7250985465748772,0.30620388575483365
bayesfl_observability_v1,vi_lr0p002_b64_e1,56,vi,global_test,,,9,0.6,0.6666666666666666,654,0.9617737003058104,0.6318231796452759,0.32995052066053454,0.02157876405119896,0.5432374630499324,0.20749326569771548
bayesfl_observability_v1,vi_lr0p002_b64_e1,56,vi,global_test,,,10,0.6666666666666666,0.7333333333333333,560,0.9857142857142858,0.6982354478112289,0.28747883790305684,0.016098814922571182,0.399570755181568,0.1314603423034506
bayesfl_observability_v1,vi_lr0p002_b64_e1,56,vi,global_test,,,11,0.7333333333333333,0.8,428,0.9953271028037384,0.7651150370034102,0.23021206580032816,0.009853076416254046,0.28067119457872114,0.07583680562674999
bayesfl_observability_v1,vi_lr0p002_b64_e1,56,vi,global_test,,,12,0.8,0.8666666666666667,309,0.9967637540453075,0.8308788514831691,0.1658849025621384,0.0051258434891700766,0.1994727781000261,0.041713607572863014
bayesfl_observability_v1,vi_lr0p002_b64_e1,56,vi,global_test,,,13,0.8666666666666667,0.9333333333333333,132,1.0,0.8973662279772036,0.10263377202279644,0.001354765790700913,0.10854481866188122,0.013980009332017013
bayesfl_observability_v1,vi_lr0p002_b64_e1,56,vi,global_test,,,14,0.9333333333333333,1.0,34,1.0,0.9510276370188769,0.04897236298112306,0.0001665060341358184,0.0502901500200524,0.0033725949538433377
bayesfl_observability_v1,vi_lr0p002_b64_e1,57,vi,global_test,,,0,0.0,0.06666666666666667,0,,,,,,
bayesfl_observability_v1,vi_lr0p002_b64_e1,57,vi,global_test,,,1,0.06666666666666667,0.13333333333333333,0,,,,,,
bayesfl_observability_v1,vi_lr0p002_b64_e1,57,vi,global_test,,,2,0.13333333333333333,0.2,145,0.32413793103448274,0.18489933568855813,0.13923859534592462,0.002018959632515907,1.9436676970843612,0.8288000591870012
bayesfl_observability_v1,vi_lr0p002_b64_e1,57,vi,global_test,,,3,0.2,0.26666666666666666,1086,0.3351749539594843,0.23902699487150045,0.09614795908798388,0.010441668356955048,1.7626772049821324,0.7875889061125163
bayesfl_observability_v1,vi_lr0p002_b64_e1,57,vi,global_test,,,4,0.26666666666666666,0.3333333333333333,1808,0.4280973451327434,0.30077603696721844,0.12732130816552495,0.02301969251632691,1.566068546170682,0.7289344177177522
bayesfl_observability_v1,vi_lr0p002_b64_e1,57,vi,global_test,,,5,0.3333333333333333,0.4,1744,0.5579128440366973,0.3652701366248481,0.1926427074118492,0.0335968881726265,1.3776218008010759,0.6541316775827233
bayesfl_observability_v1,vi_lr0p002_b64_e1,57,vi,global_test,,,6,0.4,0.4666666666666667,1323,0.6832955404383976,0.4315007608313499,0.25179477960704766,0.033312449342012405,1.1553062660984261,0.5565756516121413
bayesfl_observability_v1,vi_lr0p002_b64_e1,57,vi,global_test,,,7,0.4666666666666667,0.5333333333333333,952,0.8140756302521008,0.49893380222576006,0.3151418280263408,0.030001502028107644,0.9313293994725251,0.4368028748123085
bayesfl_observability_v1,vi_lr0p002_b64_e1,57,vi,global_test,,,8,0.5333333333333333,0.6,818,0.8863080684596577,0.5669549887949796,0.3193530796646781,0.02612308191657067,0.7707512987855011,0.3340095627898109
bayesfl_observability_v1,vi_lr0p002_b64_e1,57,vi,global_test,,,9,0.6,0.6666666666666666,649,0.9445300462249615,0.6329788806258438,0.31155116559911766,0.020219670647382736,0.571044350992917,0.22635507512441586
bayesfl_observability_v1,vi_lr0p002_b64_e1,57,vi,global_test,,,10,0.6666666666666666,0.7333333333333333,576,0.9635416666666666,0.6981683481070731,0.26537331855959356,0.01528550314903259,0.43917866196069455,0.15802094512360376
bayesfl_observability_v1,vi_lr0p002_b64_e1,57,vi,global_test,,,11,0.7333333333333333,0.8,434,0.9930875576036866,0.7646381190295592,0.22844943857412736,0.009914705634117128,0.2879096938443074,0.08087043633281085
bayesfl_observability_v1,vi_lr0p002_b64_e1,57,vi,global_test,,,12,0.8,0.8666666666666667,269,0.9925650557620818,0.8306485536373238,0.16191650212475794,0.004355553907155988,0.20835976208452842,0.048880323206791206
bayesfl_observability_v1,vi_lr0p002_b64_e1,57,vi,global_test,,,13,0.8666666666666667,0.9333333333333333,155,0.9935483870967742,0.8959923840338184,0.09755600306295575,0.001512118047475814,0.13479583051896865,0.02564749477371093
bayesfl_observability_v1,vi_lr0p002_b64_e1,57,vi,global_test,,,14,0.9333333333333333,1.0,41,1.0,0.947879070188941,0.05212092981105898,0.0002136958122253418,0.053600267484420684,0.0036976675434810358
bayesfl_observability_v1,vi_lr0p002_b64_e1,58,vi,global_test,,,0,0.0,0.06666666666666667,0,,,,,,
bayesfl_observability_v1,vi_lr0p002_b64_e1,58,vi,global_test,,,1,0.06666666666666667,0.13333333333333333,0,,,,,,
bayesfl_observability_v1,vi_lr0p002_b64_e1,58,vi,global_test,,,2,0.13333333333333333,0.2,186,0.26881720430107525,0.18204030482679284,0.08677689947428241,0.0016140503302216529,2.0087546783108867,0.8436964580448725
bayesfl_observability_v1,vi_lr0p002_b64_e1,58,vi,global_test,,,3,0.2,0.26666666666666666,1155,0.36277056277056274,0.23815533828425717,0.12461522448630558,0.014393058428168294,1.7608874816399116,0.784348946319514
bayesfl_observability_v1,vi_lr0p002_b64_e1,58,vi,global_test,,,4,0.26666666666666666,0.3333333333333333,1801,0.4708495280399778,0.3002668059845225,0.17058272205545533,0.030721948242187505,1.5324021463325326,0.7167205913804228
bayesfl_observability_v1,vi_lr0p002_b64_e1,58,vi,global_test,,,5,0.3333333333333333,0.4,1581,0.6015180265654649,0.3655690142506666,0.2359490123147983,0.03730353884696962,1.3274083273234358,0.6339462376485363
bayesfl_observability_v1,vi_lr0p002_b64_e1,58,vi,global_test,,,6,0.4,0.4666666666666667,1237,0.6976556184316896,0.43216218522892136,0.2654934332027682,0.032841537687182426,1.144425633846027,0.5487608318860818
bayesfl_observability_v1,vi_lr0p002_b64_e1,58,vi,global_test,,,7,0.4666666666666667,0.5333333333333333,925,0.8551351351351352,0.4996130567305797,0.35552207840455546,0.03288579225242138,0.9051809875385182,0.41389306071642284
bayesfl_observability_v1,vi_lr0p002_b64_e1,58,vi,global_test,,,8,0.5333333333333333,0.6,764,0.912303664921466,0.5659537481543906,0.3463499167670754,0.026461133641004556,0.7298281416687041,0.3113136034634413
bayesfl_observability_v1,vi_lr0p002_b64_e1,58,vi,global_test,,,9,0.6,0.6666666666666666,641,0.9547581903276131,0.633165129540305,0.3215930607873081,0.02061411519646645,0.5581332613915996,0.21651537021311137
bayesfl_observability_v1,vi_lr0p002_b64_e1,58,vi,global_test,,,10,0.6666666666666666,0.7333333333333333,553,0.9801084990958409,0.7002800687958922,0.27982843029994864,0.01547451219558716,0.4058584646333622,0.13704156223516137
bayesfl_observability_v1,vi_lr0p002_b64_e1,58,vi,global_test,,,11,0.7333333333333333,0.8,553,0.9909584086799277,0.7674132486364078,0.22354516004351987,0.01236204735040665,0.2890367326318248,0.08017291132677312
bayesfl_observability_v1,vi_lr0p002_b64_e1,58,vi,global_test,,,12,0.8,0.8666666666666667,369,0.991869918699187,0.8312710174700109,0.16059890122917608,0.005926099455356597,0.20797969937970645,0.048076483686038146
bayesfl_observability_v1,vi_lr0p002_b64_e1,58,vi,global_test,,,13,0.8666666666666667,0.9333333333333333,186,1.0,0.8956853305139849,0.10431466948601509,0.0019402528524398808,0.11041090349035879,0.014086250005470168
bayesfl_observability_v1,vi_lr0p002_b64_e1,58,vi,global_test,,,14,0.9333333333333333,1.0,49,1.0,0.9512416708226107,0.048758329177389315,0.00023891581296920763,0.05005167903644698,0.0031586779490569415
bayesfl_observability_v1,vi_lr0p002_b64_e1,59,vi,global_test,,,0,0.0,0.06666666666666667,0,,,,,,
bayesfl_observability_v1,vi_lr0p002_b64_e1,59,vi,global_test,,,1,0.06666666666666667,0.13333333333333333,0,,,,,,
bayesfl_observability_v1,vi_lr0p002_b64_e1,59,vi,global_test,,,2,0.13333333333333333,0.2,177,0.24293785310734464,0.18396961183871252,0.05896824126863212,0.0010437378704547886,1.9914109275839422,0.8404648287148125
bayesfl_observability_v1,vi_lr0p002_b64_e1,59,vi,global_test,,,3,0.2,0.26666666666666666,1146,0.3717277486910995,0.2391207321152013,0.13260701657589818,0.01519676409959793,1.76544790794296,0.7857642196651945
bayesfl_observability_v1,vi_lr0p002_b64_e1,59,vi,global_test,,,4,0.26666666666666666,0.3333333333333333,1701,0.43974132863021753,0.3001393568929261,0.13960197173729144,0.023746295392513276,1.5486666993629505,0.7226249974731275
bayesfl_observability_v1,vi_lr0p002_b64_e1,59,vi,global_test,,,5,0.3333333333333333,0.4,1566,0.5261813537675607,0.3655873202120512,0.1605940335555095,0.025149025654792788,1.4027955822865472,0.6641090245843695
bayesfl_observability_v1,vi_lr0p002_b64_e1,59,vi,global_test,,,6,0.4,0.4666666666666667,1169,0.6646706586826348,0.43117438671015795,0.2334962719724768,0.02729571419358254,1.2068631332383593,0.5737011310532115
bayesfl_observability_v1,vi_lr0p002_b64_e1,59,vi,global_test,,,7,0.4666666666666667,0.5333333333333333,956,0.7186192468619247,0.4981001952203248,0.2205190516415999,0.021081621336936952,1.0569733271538961,0.49821249766579234
bayesfl_observability_v1,vi_lr0p002_b64_e1,59,vi,global_test,,,8,0.5333333333333333,0.6,768,0.8658854166666666,0.566359884881725,0.2995255317849417,0.02300356084108352,0.7936360858536015,0.34912433828382444
bayesfl_observability_v1,vi_lr0p002_b64_e1,59,vi,global_test,,,9,0.6,0.6666666666666666,641,0.9282371294851794,0.6332889255978946,0.2949482038872848,0.018906179869174956,0.5995320865125998,0.24185133703320336
bayesfl_observability_v1,vi_lr0p002_b64_e1,59,vi,global_test,,,10,0.6666666666666666,0.7333333333333333,593,0.9595278246205734,0.6997126959025558,0.2598151287180176,0.015407037132978443,0.46656639730749405,0.16280401292026145
bayesfl_observability_v1,vi_lr0p002_b64_e1,59,vi,global_test,,,11,0.7333333333333333,0.8,533,0.9849906191369606,0.7649549034478293,0.22003571568913127,0.011727903646230697,0.31147563373617565,0.09150692301244942
bayesfl_observability_v1,vi_lr0p002_b64_e1,59,vi,global_test,,,12,0.8,0.8666666666666667,409,0.9926650366748166,0.8318239706944137,0.16084106598040293,0.00657839959859848,0.21216478535773411,0.04820391924682923
bayesfl_observability_v1,vi_lr0p002_b64_e1,59,vi,global_test,,,13,0.8666666666666667,0.9333333333333333,241,1.0,0.8969736927772458,0.10302630722275419,0.002482934004068376,0.108942542456987,0.014159950821880731
bayesfl_observability_v1,vi_lr0p002_b64_e1,59,vi,global_test,,,14,0.9333333333333333,1.0,100,1.0,0.9590539878606796,0.040946012139320365,0.00040946012139320365,0.04193451002240181,0.00250191371596884
bayesfl_observability_v1,vi_lr0p002_b64_e1,60,vi,global_test,,,0,0.0,0.06666666666666667,0,,,,,,
bayesfl_observability_v1,vi_lr0p002_b64_e1,60,vi,global_test,,,1,0.06666666666666667,0.13333333333333333,0,,,,,,
bayesfl_observability_v1,vi_lr0p002_b64_e1,60,vi,global_test,,,2,0.13333333333333333,0.2,209,0.24880382775119617,0.18402713473048507,0.0647766930207111,0.0013538328841328619,1.9675045635141255,0.8389170651800895
bayesfl_observability_v1,vi_lr0p002_b64_e1,60,vi,global_test,,,3,0.2,0.26666666666666666,1216,0.359375,0.23773680852824136,0.12163819147175864,0.01479120408296585,1.7717600746178312,0.7862051994000611
bayesfl_observability_v1,vi_lr0p002_b64_e1,60,vi,global_test,,,4,0.26666666666666666,0.3333333333333333,1690,0.45207100591715976,0.2998660290029627,0.15220497691419704,0.025722641098499296,1.5676509400091228,0.7261996747473993
bayesfl_observability_v1,vi_lr0p002_b64_e1,60,vi,global_test,,,5,0.3333333333333333,0.4,1548,0.5419896640826873,0.3658488841597424,0.1761407799229449,0.02726659273207187,1.3948211144723326,0.6605058952357418
bayesfl_observability_v1,vi_lr0p002_b64_e1,60,vi,global_test,,,6,0.4,0.4666666666666667,1196,0.6538461538461539,0.43169801450493345,0.2221481393412204,0.026568917465209962,1.199137386071642,0.5731187387054979
bayesfl_observability_v1,vi_lr0p002_b64_e1,60,vi,global_test,,,7,0.4666666666666667,0.5333333333333333,837,0.7777777777777778,0.49931226127748707,0.2784655165002907,0.023307563731074333,0.995442042356466,0.464351983765405
bayesfl_observability_v1,vi_lr0p002_b64_e1,60,vi,global_test,,,8,0.5333333333333333,0.6,762,0.8753280839895013,0.567253856521266,0.3080742274682353,0.02347525613307953,0.7727776614856219,0.3395376516569631
bayesfl_observability_v1,vi_lr0p002_b64_e1,60,vi,global_test,,,9,0.6,0.6666666666666666,619,0.9353796445880452,0.6321771532923032,0.30320249129574206,0.018768234211206433,0.5968240670895923,0.23558035519377288
bayesfl_observability_v1,vi_lr0p002_b64_e1,60,vi,global_test,,,10,0.6666666666666666,0.7333333333333333,602,0.9717607973421927,0.7001236492019159,0.27163714814027673,0.01635255631804466,0.42759315971520256,0.1468171929674489
bayesfl_observability_v1,vi_lr0p002_b64_e1,60,vi,global_test,,,11,0.7333333333333333,0.8,532,0.9887218045112782,0.7666973947806466,0.22202440973063164,0.011811698597669604,0.2976120984587902,0.08476682367937681
bayesfl_observability_v1,vi_lr0p002_b64_e1,60,vi,global_test,,,12,0.8,0.8666666666666667,424,0.9929245283018868,0.8314970394350448,0.161427488866842,0.0068445255279541,0.20906354659149107,0.047521175144521415
bayesfl_observability_v1,vi_lr0p002_b64_e1,60,vi,global_test,,,13,0.8666666666666667,0.9333333333333333,281,0.99644128113879,0.896203728969411,0.10023755216937902,0.0028166752159595504,0.1291925105866164,0.0205731282037189
bayesfl_observability_v1,vi_lr0p002_b64_e1,60,vi,global_test,,,14,0.9333333333333333,1.0,84,1.0,0.9538348459062123,0.04616515409378774,0.000387787294387817,0.04739297641485575,0.0030568598106453593
