run_id,experiment,condition,method,realization,seed,round,logical_round,physical_round,phase,num_clients,labels_per_client,mean_samples_per_client,local_epochs,batch_size,optimizer,momentum,weight_decay,lr_scheduler,min_learning_rate,learning_rate,power_dbm,noise_dbm,num_subchannels,path_loss_exponent,path_loss_reference_m,gamma_db,power_control_mode,deterministic_payload_mode,deterministic_reference_power_mode,sparse_enabled,sparse_selection,sparse_keep_ratio,sparse_kept_coordinates,accuracy,nll,ece,posterior_predictive_accuracy,posterior_predictive_nll,posterior_predictive_ece,posterior_mean_accuracy,posterior_mean_nll,posterior_mean_ece,train_loss,phase1_train_loss,phase2_train_loss,posterior_variance,posterior_precision_mean,posterior_precision_min,posterior_precision_max,posterior_precision_std,posterior_precision_offset_l2,posterior_precision_offset_max_abs,global_mean_update_l2,global_mean_update_max_abs,global_model_update_l2,ideal_model_update_l2,received_model_update_l2,global_precision_update_l2,global_precision_update_max_abs,channel_uses_round,channel_uses_cumulative,ofdm_symbols_round,ofdm_symbols_cumulative,aircomp_nmse,aircomp_distortion_nmse,aircomp_clipped_fraction,aircomp_average_symbol_power_watts,aircomp_maximum_symbol_power_watts,aircomp_noise_l2,aircomp_ideal_l2,aircomp_received_l2,aircomp_delta_bar,aircomp_retained_magnitude_ratio,aircomp_distorted_to_ideal_norm_ratio,precision_aircomp_nmse,precision_aircomp_distortion_nmse,precision_aircomp_clipped_fraction,precision_aircomp_average_symbol_power_watts,precision_aircomp_maximum_symbol_power_watts,precision_aircomp_noise_l2,precision_aircomp_ideal_l2,precision_aircomp_received_l2,precision_aircomp_delta_bar,precision_aircomp_retained_magnitude_ratio,precision_aircomp_distorted_to_ideal_norm_ratio,mean_aircomp_nmse,mean_aircomp_distortion_nmse,mean_aircomp_clipped_fraction,mean_aircomp_average_symbol_power_watts,mean_aircomp_maximum_symbol_power_watts,mean_aircomp_noise_l2,mean_aircomp_ideal_l2,mean_aircomp_received_l2,mean_aircomp_delta_bar,mean_aircomp_retained_magnitude_ratio,mean_aircomp_distorted_to_ideal_norm_ratio,wall_time_sec
fig2_default_proposed_rep00_seed12025,fig2,default,proposed,0,12025,0,0,0,model,40,1,50,1,256,sgd,0.9,0.0,cosine,0.0001,0.06,23.0,-74,1024,4,1000.0,10,paper_reference_kkt,update,coordinated_aggregate,False,,1.0,78042,0.1,2.3708087632663397,0.08703089010149241,0.1,2.3708087632663397,0.08703089010149241,0.1,2.383307631720962,0.09506036027520895,nan,0.0,0.0,0.00010000000000000003,10000.0,10000.0,10000.0,0.0,0.0,0.0,0.0,0.0,0.0,0.0,0.0,0.0,0.0,0,0,0,0,0.0,0.0,0.0,0.0,0.0,0.0,0.0,0.0,0.0,1.0,1.0,0.0,0.0,0.0,0.0,0.0,0.0,0.0,0.0,0.0,1.0,1.0,0.0,0.0,0.0,0.0,0.0,0.0,0.0,0.0,0.0,1.0,1.0,16.528795029968023
fig2_default_proposed_rep00_seed12025,fig2,default,proposed,0,12025,1,1,2,natural_mean,40,1,50,1,256,sgd,0.9,0.0,cosine,0.0001,0.06,23.0,-74,1024,4,1000.0,10,paper_reference_kkt,update,coordinated_aggregate,False,,1.0,78042,0.1,2.391507937503644,0.09888438778430225,0.1,2.391507937503644,0.09888438778430225,0.1,2.402803035762078,0.09141853346973658,4.744390693346338,2.3724219806318008,2.3719687127145366,9.999969710981893e-05,10000.032182848285,9889.748968881559,10128.712213648383,4.352635679188714,1215.9854657867122,128.7122136483831,0.11314623344005204,0.009672146290540695,0.0,0.0,0.0,1215.9854657867122,128.7122136483831,156084,156084,154,154,0.005745339275154254,0.005745334060693699,0.03465188608428452,0.027614489694206112,0.19952623149688797,0.010682423944146643,1231.6421412718023,1215.9854710507848,366.8527812383555,0.9971387310330934,0.9844847567017936,0.006608961317187493,0.006608952028448806,0.035435378547519596,0.02659088830840717,0.19952623149688797,0.010682423910416945,1231.6421358788757,1215.9854657867124,733.7055578383444,0.9968136525021651,0.9872880159415345,0.004881717233121015,0.004881716092938591,0.03386839362104944,0.028638091080005052,0.19952623149688797,8.488992102662215e-07,0.11525758580437112,0.11314623631369003,4.638366574476747e-06,0.9974638095640216,0.9816814974620527,38.00926658697426
fig2_default_proposed_rep00_seed12025,fig2,default,proposed,0,12025,2,2,4,natural_mean,40,1,50,1,256,sgd,0.9,0.0,cosine,0.0001,0.05998492144437639,23.0,-74,1024,4,1000.0,10,paper_reference_kkt,update,coordinated_aggregate,False,,1.0,78042,0.1001,2.4255932759172687,0.10438342822641136,0.1001,2.4255932759172687,0.10438342822641136,0.1,2.4525067865858032,0.11542392224669457,4.421918517818044,2.20947302491352,2.2124454929045236,9.999929168795667e-05,10000.074235100294,9849.050407998218,10148.918498731788,5.834973448146932,1630.1899978732088,150.94959200178164,0.05629704057737009,0.007550515234470367,0.0,0.0,0.0,1083.549663026445,139.82674293828313,156084,312168,154,308,0.020054728305460845,0.020054697246463513,0.03369836028453761,0.024862739994423542,0.19952623149688797,0.009537065380535411,1106.516885871939,1083.549664488932,294.3853339282539,0.9968828639771743,0.9668784767969166,0.009542756946209787,0.009542745183770818,0.029959656257667017,0.023148349312010177,0.19952623149688797,0.00953706534307576,1106.5168843000595,1083.549663026444,588.7706632206366,0.9965974520759158,0.9792436837544739,0.030566699664711906,0.03056664930915621,0.037437064311408204,0.026577130676836907,0.19952623149688797,8.452871102860371e-07,0.0589798466303104,0.05629704195670396,4.635871149761046e-06,0.9971682758784328,0.9545132698393594,55.09944997681305
fig2_default_proposed_rep00_seed12025,fig2,default,proposed,0,12025,3,3,6,natural_mean,40,1,50,1,256,sgd,0.9,0.0,cosine,0.0001,0.05993970096033294,23.0,-74,1024,4,1000.0,10,paper_reference_kkt,update,coordinated_aggregate,False,,1.0,78042,0.1,2.4404141831618604,0.11306731628596785,0.1,2.4404141831618604,0.11306731628596785,0.1,2.4812618697887032,0.1425895567640662,4.346320985656304,2.1779795207181754,2.1683414649381283,9.999898707589601e-05,10000.106103051043,9844.109019594982,10179.009417548483,6.937768281336595,1938.3614721479073,179.00941754848282,0.03603677103789703,0.0037243813276290894,0.0,0.0,0.0,1037.7098276187824,97.51145493253716,156084,468252,154,462,0.09677933372037541,0.09677932649815066,0.027559418455093212,0.02305364523517292,0.19952623149688797,0.009319606703929487,1072.7088792875402,1037.709828244511,278.8305556871263,0.9960503463424453,0.9549620870787584,0.02391677457991521,0.02391677005691477,0.027071364366943074,0.022045178319499436,0.19952623149688797,0.009319606665678916,1072.7088786061902,1037.7098276187826,557.6611067277843,0.9959486566766644,0.967373180205543,0.1696418928608356,0.16964188293938653,0.02804747254324335,0.0240621121508464,0.19952623149688797,8.443699151481326e-07,0.038233233755907425,0.03603677216155163,4.646468376592452e-06,0.9961520360082261,0.9425509939519738,71.80496325716376
fig2_default_proposed_rep00_seed12025,fig2,default,proposed,0,12025,4,4,8,natural_mean,40,1,50,1,256,sgd,0.9,0.0,cosine,0.0001,0.059864384081063884,23.0,-74,1024,4,1000.0,10,paper_reference_kkt,update,coordinated_aggregate,False,,1.0,78042,0.1,2.477884123794773,0.13936065750569104,0.1,2.477884123794773,0.13936065750569104,0.1,2.4897446928995755,0.14814249618649483,4.378012297233512,2.186438821460805,2.1915734757727066,9.9998554374632e-05,10000.150805830393,9811.775126584827,10224.226768735129,7.9045223035483305,2208.609056897732,224.22676873512864,0.02994996375470677,0.00478777289390564,0.0,0.0,0.0,1008.3580643684738,113.00676496214328,156084,624336,154,616,0.169593834301478,0.16959383577690165,0.022910245401179096,0.021715038992592722,0.19952623149688797,0.009250614293917325,1042.1357990016625,1008.3580648132571,276.27027438002455,0.995800550547483,0.9846440958586327,0.0183240691422531,0.01832407040474376,0.022470547583500127,0.020808319927790118,0.19952623149688797,0.009250614255342744,1042.135798572756,1008.3580643684744,552.5405441298905,0.9956623928278377,0.9675879449248852,0.3208635994607029,0.32086360114905954,0.023349943218858065,0.022621758057395327,0.19952623149688797,8.447941456729359e-07,0.02989912779867082,0.029949965904868925,4.630158571629789e-06,0.995938708267128,1.0017002467923801,90.35276660509408
fig2_default_proposed_rep00_seed12025,fig2,default,proposed,0,12025,5,5,10,natural_mean,40,1,50,1,256,sgd,0.9,0.0,cosine,0.0001,0.05975904664428232,23.0,-74,1024,4,1000.0,10,paper_reference_kkt,update,coordinated_aggregate,False,,1.0,78042,0.1,2.4725794541753197,0.1277553409600258,0.1,2.4725794541753197,0.1277553409600258,0.1,2.4949817706293134,0.14463888176083564,4.3249519557700635,2.1635460431553946,2.161405912614669,9.999844724544702e-05,10000.162788447806,9785.860435029246,10279.783278204484,8.672799847969257,2423.2599765969044,279.7832782044843,0.02756073564211839,0.00423499196767807,0.0,0.0,0.0,1020.1767621700776,154.143628484464,156084,780420,154,770,0.2111550056024171,0.2111549155947578,0.03364080585885805,0.024238950096825165,0.19952623149688797,0.009141024880889484,1049.5504950506104,1020.1767625423626,267.65856155884325,0.9956463385577465,1.0033312861680643,0.014195878411288075,0.014195872681300297,0.032999135673195686,0.02306228347521971,0.19952623149688797,0.009141024841991955,1049.5504947125753,1020.1767621700769,535.3171185159392,0.995523449142411,0.9720130585931578,0.40811413279354614,0.4081139585082153,0.034282476044520414,0.02541561671843062,0.19952623149688797,8.432832013329302e-07,0.026637752143577727,0.027560737052039576,4.601747299363191e-06,0.9957692279730821,1.034649513742971,107.27030686009675
fig2_default_proposed_rep00_seed12025,fig2,default,proposed,0,12025,6,6,12,natural_mean,40,1,50,1,256,sgd,0.9,0.0,cosine,0.0001,0.059623794715858006,23.0,-74,1024,4,1000.0,10,paper_reference_kkt,update,coordinated_aggregate,False,,1.0,78042,0.1002,2.4582529044860424,0.11494382262825965,0.1002,2.4582529044860424,0.11494382262825965,0.1004,2.4957995004894378,0.1421910336405039,4.333040025930317,2.1709882749788396,2.1620517509514774,9.999814642563892e-05,10000.194358472994,9770.628880335755,10361.93984742352,9.495199405889759,2653.1343804255994,361.9398474235204,0.026942896986140708,0.0033122748136520386,0.0,0.0,0.0,1033.6844309862533,133.61130833990137,156084,936504,154,924,0.20382592841619326,0.20382597611779832,0.027473880622365332,0.022493072372569936,0.19952623149688797,0.00906245947689338,1068.5004912613215,1033.6844313373851,265.4597083254672,0.9952090171836216,0.9858645997901018,0.021199935252404666,0.021199947757250228,0.027022214846095592,0.02180038695575584,0.19952623149688797,0.009062459437665501,1068.5004909245422,1033.6844309862531,530.9194120679215,0.9952341532684219,0.9674159602347212,0.38645192157998187,0.38645200447834643,0.02792554639863507,0.023185757789384028,0.19952623149688797,8.432094280267263e-07,0.026827186787306136,0.026942895474062846,4.583012980391326e-06,0.9951838810988213,1.0043132393454823,124.13905097916722
fig2_default_proposed_rep00_seed12025,fig2,default,proposed,0,12025,7,7,14,natural_mean,40,1,50,1,256,sgd,0.9,0.0,cosine,0.0001,0.05945876448301806,23.0,-74,1024,4,1000.0,10,paper_reference_kkt,update,coordinated_aggregate,False,,1.0,78042,0.1016,2.4663138869962333,0.11923471276432276,0.1016,2.4663138869962333,0.11923471276432276,0.1013,2.487870970480297,0.13721162897497416,4.32297419434525,2.164478276777607,2.1584959175676435,9.999765547677279e-05,10000.244661109278,9741.044741979851,10360.699476375168,10.114382629391875,2826.3802924408506,360.69947637516816,0.0271566619008138,0.004759451374411583,0.0,0.0,0.0,999.3287950114382,144.33020241152553,156084,1092588,154,1078,0.2658310680853027,0.26583105463509693,0.02565285514005579,0.021641290193576402,0.19952623149688797,0.008992522767206591,1043.7993309722958,999.3287953804286,260.53334658036874,0.994915974841577,1.0004022147036022,0.01908418785745525,0.019084188803279636,0.022614061018825845,0.02002849535782514,0.19952623149688797,0.008992522727699567,1043.7993306478093,999.3287950114387,521.0666885854489,0.9945095203842352,0.9573955038657987,0.5125779483131502,0.5125779204669142,0.028691649261285736,0.023254085029327663,0.19952623149688797,8.429327525665719e-07,0.026026862186918968,0.027156662587497958,4.575288564159737e-06,0.9953224292989188,1.0434089255414056,141.36681671906263
fig2_default_proposed_rep00_seed12025,fig2,default,proposed,0,12025,8,8,16,natural_mean,40,1,50,1,256,sgd,0.9,0.0,cosine,0.0001,0.05926412211721794,23.0,-74,1024,4,1000.0,10,paper_reference_kkt,update,coordinated_aggregate,False,,1.0,78042,0.1034,2.448747328075524,0.10822996634572746,0.1034,2.448747328075524,0.10822996634572746,0.1023,2.4829952664423653,0.13810693985223774,4.280255254627123,2.138636461958395,2.141618792668728,9.999736765910018e-05,10000.274617466932,9711.80929925629,10382.710732328927,10.681510997568527,2984.972749543735,382.7107323289274,0.02772692952333342,0.0045328326523303986,0.0,0.0,0.0,1016.5214158207493,132.14851114484009,156084,1248672,154,1232,0.19057216936321542,0.190572156239486,0.030472074311660154,0.023736902752226702,0.19952623149688797,0.00917339623126843,1067.0031797605413,1016.5214161988928,271.1875248971439,0.9944871878627629,0.9974920030974859,0.035549961698621756,0.03554995399091688,0.029904655229471697,0.022150149079898977,0.19952623149688797,0.00917339619263159,1067.0031794289325,1016.521415820749,542.3750452574541,0.9936244171207985,0.9526882048335711,0.3455943770278091,0.34559435848805514,0.03103949339384861,0.025323656424554423,0.19952623149688797,8.419394846061518e-07,0.02660179105189914,0.027726929177199388,4.536833642094381e-06,0.9953499586047273,1.0422958013614008,158.52417229115963
fig2_default_proposed_rep00_seed12025,fig2,default,proposed,0,12025,9,9,18,natural_mean,40,1,50,1,256,sgd,0.9,0.0,cosine,0.0001,0.05904006360682087,23.0,-74,1024,4,1000.0,10,paper_reference_kkt,update,coordinated_aggregate,False,,1.0,78042,0.1133,2.459639778040547,0.1018074540153146,0.1133,2.459639778040547,0.1018074540153146,0.1068,2.478387639774128,0.12912115402668717,4.314669821536432,2.157656773424585,2.157013048111847,9.999702030691842e-05,10000.31089727107,9716.06991071497,10400.105019146282,11.386995139352784,3182.256202092808,400.10501914628185,0.026690324307104284,0.0036147013306617737,0.0,0.0,0.0,1012.1482742954162,117.9938396165744,156084,1404756,154,1386,0.24074286420804888,0.24074301170142628,0.02763564660604889,0.02331299113801421,0.19952623149688797,0.009070483159699176,1059.4827562002647,1012.1482746473275,264.3538958536617,0.9952314895187729,0.9776006986110128,0.02559279855984825,0.025592804453277728,0.0253624063349887,0.022016098732299733,0.19952623149688797,0.009070483121229048,1059.4827558639938,1012.148274295416,528.7077872053525,0.9948296253856,0.9553230432991976,0.4558929298562495,0.45589321894957485,0.029908886877109086,0.024609883543728686,0.19952623149688797,8.353952963338933e-07,0.02669356859670914,0.026690323101038926,4.50197094085085e-06,0.9956333536519458,0.9998783539228282,175.5815121899359
fig2_default_proposed_rep00_seed12025,fig2,default,proposed,0,12025,10,10,20,natural_mean,40,1,50,1,256,sgd,0.9,0.0,cosine,0.0001,0.058786814559754194,23.0,-74,1024,4,1000.0,10,paper_reference_kkt,update,coordinated_aggregate,False,,1.0,78042,0.1064,2.4368744784728356,0.11233696680247783,0.1064,2.4368744784728356,0.11233696680247783,0.1129,2.4672004632876328,0.13016209338009355,4.294710029299358,2.152977234228217,2.141732795071141,9.999664199548964e-05,10000.349986038013,9759.981669943865,10453.275050295111,11.932474330411933,3334.889370323499,453.2750502951112,0.029872972046923962,0.0042715370655059814,0.0,0.0,0.0,1006.4122360707064,121.83655297278528,156084,1560840,154,1540,0.1592161964573095,0.15921628944614777,0.018336077718188612,0.020404489542978885,0.19952623149688797,0.009018155441301863,1041.6430628251376,1006.4122365140611,259.73724397935365,0.9953008722710045,0.9940192577872873,0.014902921962809344,0.014902930750694642,0.019909748128395615,0.019637530407489293,0.19952623149688797,0.009018155402852186,1041.6430624149104,1006.4122360707066,519.4744834853277,0.9950393389586317,0.9661776548927923,0.30352947095180965,0.3035296481416009,0.016762407307981605,0.02117144867846848,0.19952623149688797,8.327606744095842e-07,0.02923389480728776,0.029872974705976853,4.4733795969604036e-06,0.9955624055833773,1.0218608606817823,192.17353632301092
fig2_default_proposed_rep00_seed12025,fig2,default,proposed,0,12025,11,11,22,natural_mean,40,1,50,1,256,sgd,0.9,0.0,cosine,0.0001,0.05850462997634131,23.0,-74,1024,4,1000.0,10,paper_reference_kkt,update,coordinated_aggregate,False,,1.0,78042,0.1144,2.4287328028545128,0.11226201252475379,0.1144,2.4287328028545128,0.11226201252475379,0.1336,2.449130509597706,0.09780582267045974,4.265900919420432,2.136841334501094,2.1290595849193372,9.999637674325848e-05,10000.37771609095,9684.18648141774,10500.505229639128,12.426780735380591,3473.148521229593,500.5052296391277,0.03040840378562787,0.00454779714345932,0.0,0.0,0.0,1010.1753561184775,118.39923016911234,156084,1716924,154,1694,0.1381597866171298,0.13815978695488348,0.02806688937120356,0.023016430710523516,0.19952623149688797,0.009076069223388227,1052.0341052819829,1010.175356576157,266.1572376243209,0.9949904368734293,0.991733340969654,0.018394628741805794,0.01839463272803254,0.02615555900933792,0.02153071649717623,0.19952623149688797,0.009076069185523214,1052.034104862263,1010.1753561184786,532.3144708032313,0.9943155040968633,0.9602115721006074,0.2579249444924538,0.2579249411817344,0.0299782197330692,0.024502144923870803,0.19952623149688797,8.290542587891613e-07,0.029717326007487048,0.030408403018857978,4.445410484948807e-06,0.9956653696499952,1.0232551098387008,207.94588265707716
fig2_default_proposed_rep00_seed12025,fig2,default,proposed,0,12025,12,12,24,natural_mean,40,1,50,1,256,sgd,0.9,0.0,cosine,0.0001,0.058193793992537955,23.0,-74,1024,4,1000.0,10,paper_reference_kkt,update,coordinated_aggregate,False,,1.0,78042,0.1429,2.431926093413514,0.08748314410388469,0.1429,2.431926093413514,0.08748314410388469,0.1375,2.4373708210091563,0.10502832200080157,4.242627119605684,2.1254509919051117,2.1171761277005725,9.999619155187181e-05,10000.398005279101,9680.399687902105,10438.609516651892,13.121222490351826,3667.230412325222,438.6095166518917,0.03294028251865143,0.0037571005523204803,0.0,0.0,0.0,1044.9218475077105,126.79116803940815,156084,1873008,154,1848,0.08162527481344421,0.08162527420546913,0.031415993402114074,0.024330889806886292,0.19952623149688797,0.009115935363842427,1079.809901647017,1044.9218480269174,265.936454067278,0.9957982674868404,0.9910017069467629,0.01598687084131678,0.015986866067664484,0.03081090551691392,0.023096553550553137,0.19952623149688797,0.009115935326270167,1079.8099011586646,1044.92184750771,531.872903775256,0.9953538014107313,0.9676905851962029,0.14726367878557164,0.14726368234327378,0.03202108128731423,0.025565226063219447,0.19952623149688797,8.276548777074296e-07,0.032475468022222,0.032940282534423916,4.359300068493011e-06,0.9962427335629495,1.0143128286973229,223.14933485118672
fig2_default_proposed_rep00_seed12025,fig2,default,proposed,0,12025,13,13,26,natural_mean,40,1,50,1,256,sgd,0.9,0.0,cosine,0.0001,0.05785461959383137,23.0,-74,1024,4,1000.0,10,paper_reference_kkt,update,coordinated_aggregate,False,,1.0,78042,0.1711,2.400072227760716,0.04075042870670557,0.1711,2.400072227760716,0.04075042870670557,0.1592,2.4183726774489376,0.08005978189110755,4.20376442359156,2.1085264394145047,2.095237984177055,9.999605530776168e-05,10000.412983147144,9611.445708052725,10488.09650958658,13.630830747284614,3809.6559812764085,488.0965095865795,0.0334069340785611,0.004421093035489321,0.0,0.0,0.0,991.4035154301747,114.66169886111129,156084,2029092,154,2002,0.07426523704667934,0.07426518877417332,0.017790897645244087,0.02088719801807966,0.19952623149688797,0.008943771157995098,1013.9786601410601,991.403515993024,257.4796782211548,0.9965718342822778,0.9954766985145307,0.013833884262177635,0.013833869739302505,0.01685832778426389,0.020556521952434785,0.19952623149688797,0.008943771120420413,1013.9786596050052,991.4035154301738,514.9593521216999,0.9966003645222432,0.9777360357598265,0.13469658983118105,0.13469650780904413,0.018723467506224285,0.021217874083724535,0.19952623149688797,8.198284968592022e-07,0.03297114547054899,0.03340693638679847,4.320609696636305e-06,0.9965433040423125,1.0132173612692348,237.79603347508237
fig2_default_proposed_rep00_seed12025,fig2,default,proposed,0,12025,14,14,28,natural_mean,40,1,50,1,256,sgd,0.9,0.0,cosine,0.0001,0.05748744830009048,23.0,-74,1024,4,1000.0,10,paper_reference_kkt,update,coordinated_aggregate,False,,1.0,78042,0.1814,2.375412619645299,0.04576203871071339,0.1814,2.375412619645299,0.04576203871071339,0.1681,2.392154007864361,0.07054759031534194,4.192420055276864,2.0982869226837932,2.0941331325930714,9.999568311321723e-05,10000.452051115728,9576.901880665584,10527.194806506019,14.297583414930942,3996.168554273826,527.1948065060187,0.03564673599609267,0.003610871732234955,0.0,0.0,0.0,1046.7031492435947,145.44533379589302,156084,2185176,154,2156,0.05404095957122301,0.054040966837301876,0.0211245953702242,0.02121250997991466,0.19952623149688797,0.009139143685721534,1071.135103324455,1046.7031498505914,268.1349146108815,0.9965426675167349,0.9925128681181641,0.010132216751320904,0.010132215991610695,0.02117759478921375,0.020768642248971785,0.19952623149688797,0.009139143649611613,1071.1351027404908,1046.7031492435954,536.2698249489558,0.9963012959415564,0.9771905791031099,0.09794970239112512,0.09794971768299306,0.021071595951234656,0.02165637771085754,0.19952623149688797,8.124207817420715e-07,0.0353696048507896,0.035646733283132004,4.272807120540402e-06,0.9967840390919135,1.0078351571332183,252.39996290393174
fig2_default_proposed_rep00_seed12025,fig2,default,proposed,0,12025,15,15,30,natural_mean,40,1,50,1,256,sgd,0.9,0.0,cosine,0.0001,0.057092649821684306,23.0,-74,1024,4,1000.0,10,paper_reference_kkt,update,coordinated_aggregate,False,,1.0,78042,0.1836,2.3751546461778292,0.04402700319662689,0.1836,2.3751546461778292,0.04402700319662689,0.1772,2.3710465028419048,0.06544372534453867,4.137481912591571,2.066663650869717,2.070818261721855,9.999558549283922e-05,10000.463309677976,9559.058306454119,10532.94324550188,14.809651486115026,4139.248056352965,532.9432455018796,0.034659251529847813,0.003282196819782257,0.0,0.0,0.0,1024.1162905605404,148.9993944372236,156084,2341260,154,2310,0.06205194538933286,0.062051981171761306,0.034296725513574905,0.025998925469613417,0.19952623149688797,0.00913490986691635,1037.542630749792,1024.116291147029,267.7497025654218,0.9967411568259265,0.9898964080730936,0.009541285434820464,0.009541299276901803,0.03137709217964732,0.025036888027779217,0.19952623149688797,0.009134909831300811,1037.5426301623875,1024.116290560541,535.499400942728,0.9967419752944123,0.9870595163729707,0.11456260534384526,0.1145626630666208,0.0372163588475025,0.02696096291144762,0.19952623149688797,8.066532493510381e-07,0.0349129540620826,0.03465925204540373,4.188115541136873e-06,0.9967403383574406,0.9927332997732166,267.95077373692766
fig2_default_proposed_rep00_seed12025,fig2,default,proposed,0,12025,16,16,32,natural_mean,40,1,50,1,256,sgd,0.9,0.0,cosine,0.0001,0.056670621687214956,23.0,-74,1024,4,1000.0,10,paper_reference_kkt,update,coordinated_aggregate,False,,1.0,78042,0.1764,2.351032777636865,0.05813726017475129,0.1764,2.351032777636865,0.05813726017475129,0.1757,2.36443918918638,0.08343281604200603,4.120258115921718,2.0644329435827773,2.0558251723389414,9.999522508440093e-05,10000.500831467329,9582.306163074094,10644.020210791145,15.309760541384941,4279.222319846248,644.0202107911446,0.03631765866630899,0.0032312795519828796,0.0,0.0,0.0,1036.2218100607886,111.07696528926499,156084,2497344,154,2464,0.04694670358987233,0.04694670352451529,0.03699285230841094,0.02521351600940676,0.19952623149688797,0.00939707899164098,1056.0550125663588,1036.2218106972211,283.21643025702133,0.9955814488731938,0.9833009927821993,0.01571387264206919,0.015713884082828325,0.03582486947034834,0.02435099198007858,0.19952623149688797,0.00939707895724936,1056.055011923213,1036.221810060788,566.4328563663736,0.9947821128529412,0.9812195139967959,0.07817953453767547,0.07817952296620226,0.03816083514647354,0.026076040038734937,0.19952623149688797,8.039661526918753e-07,0.03685640538611431,0.036317656717623034,4.147669024906317e-06,0.9963807848934464,0.9853824715676027,282.88977312715724
fig2_default_proposed_rep00_seed12025,fig2,default,proposed,0,12025,17,17,34,natural_mean,40,1,50,1,256,sgd,0.9,0.0,cosine,0.0001,0.05622178884324006,23.0,-74,1024,4,1000.0,10,paper_reference_kkt,update,coordinated_aggregate,False,,1.0,78042,0.1815,2.351300249890732,0.053457912507504236,0.1815,2.351300249890732,0.053457912507504236,0.1796,2.341261585226582,0.07291881523132325,4.087960191806238,2.0496701059118294,2.038290085894409,9.999482933169061e-05,10000.541998799816,9590.060759522972,10612.577293778215,15.82231691610731,4422.714769323897,612.5772937782149,0.04097124391391706,0.0036181313917040825,0.0,0.0,0.0,1049.4822478494577,106.40603674727572,156084,2653428,154,2618,0.025677897320622232,0.025677903237354194,0.03305021323218822,0.02409103222640778,0.19952623149688797,0.009471581665653577,1077.9352325938041,1049.482248649205,289.3186890044903,0.9955841149807051,0.9855928301899193,0.012735778203092131,0.012735772012020589,0.03201097348453251,0.023059572389007996,0.19952623149688797,0.009471581631925631,1077.9352318113858,1049.482247849457,578.6373739142813,0.9947923048757159,0.9736042084535378,0.038620016438152334,0.038620034462687795,0.03408945297984393,0.02512249206380756,0.19952623149688797,7.993209580879344e-07,0.04107057769381163,0.04097124367235053,4.0946993044940175e-06,0.9963759250856943,0.9975814519263008,297.79982279101387
fig2_default_proposed_rep00_seed12025,fig2,default,proposed,0,12025,18,18,36,natural_mean,40,1,50,1,256,sgd,0.9,0.0,cosine,0.0001,0.05574660322638756,23.0,-74,1024,4,1000.0,10,paper_reference_kkt,update,coordinated_aggregate,False,,1.0,78042,0.1796,2.3376191770723107,0.07271871898710729,0.1796,2.3376191770723107,0.07271871898710729,0.1749,2.3465940568526844,0.10550035290122031,4.072336511233574,2.03159691625306,2.0407395949805136,9.999418352925789e-05,10000.608638142845,9525.17871003179,10684.17795014555,16.471213985472595,4604.538410994843,684.1779501455494,0.04384971936903588,0.0038007423281669617,0.0,0.0,0.0,1087.7715283364364,193.65953498205636,156084,2809512,154,2772,0.031098907601943816,0.03109891626897647,0.02209072914768895,0.0212165695004137,0.19952623149688797,0.00965262783841393,1123.5562232535144,1087.7715292202608,302.82835854225607,0.9939746130212486,0.9646403129265939,0.016353777829239,0.016353786135395485,0.02087675836953752,0.02026849254717424,0.19952623149688797,0.009652627805772172,1123.55622232723,1087.7715283364369,605.656713062291,0.9926720661645568,0.9681504819535993,0.04584403737464863,0.04584404640255746,0.02330469992584038,0.022164646453653167,0.19952623149688797,7.938245973416349e-07,0.04562307819112146,0.04384971448057962,4.022221105894071e-06,0.9952771598779402,0.9611301438995884,313.60679943021387
fig2_default_proposed_rep00_seed12025,fig2,default,proposed,0,12025,19,19,38,natural_mean,40,1,50,1,256,sgd,0.9,0.0,cosine,0.0001,0.05524554330829388,23.0,-74,1024,4,1000.0,10,paper_reference_kkt,update,coordinated_aggregate,False,,1.0,78042,0.1385,2.364201039712634,0.10949248623743654,0.1385,2.364201039712634,0.10949248623743654,0.1575,2.349848720723859,0.10066730430722236,4.018160580376037,2.0087051197568133,2.009455460619223,9.999383799191696e-05,10000.645239833177,9555.883778904927,10757.85404366327,17.093845531737802,4778.737202312681,757.8540436632702,0.0572353369333129,0.0036957310512661934,0.0,0.0,0.0,1031.767204233453,161.99748030375122,156084,2965596,154,2926,0.016886849780319214,0.016886856384510526,0.026111388750694076,0.021124021822978963,0.19952623149688797,0.009091867650321824,1059.3627310872566,1031.767205820964,266.26810269770226,0.9946681534545764,0.9932879604208769,0.014313130501995902,0.014313129485218993,0.027041134140320455,0.020298555055235645,0.19952623149688797,0.009091867616823943,1059.3627295794124,1031.7672042334527,532.5362014748678,0.9934569684540572,0.9739508335530619,0.019460569058642525,0.01946058328380206,0.025181643361067697,0.02194948859072228,0.19952623149688797,7.804592331134371e-07,0.05652174596282388,0.05723533778041329,3.920536803347776e-06,0.9958793384550956,1.0126250872886917,329.218780328054
fig2_default_proposed_rep00_seed12025,fig2,default,proposed,0,12025,20,20,40,natural_mean,40,1,50,1,256,sgd,0.9,0.0,cosine,0.0001,0.05471911361382349,23.0,-74,1024,4,1000.0,10,paper_reference_kkt,update,coordinated_aggregate,False,,1.0,78042,0.1396,2.412022228275232,0.18054590653419497,0.1396,2.412022228275232,0.18054590653419497,0.1505,2.4076292549807126,0.183344548214972,4.075995362787257,2.0384648421045966,2.03753052068266,9.999351017552822e-05,10000.679868640982,9534.29691833087,10764.156956520403,17.632914004360103,4929.590702673498,764.1569565204027,0.07618453487352604,0.004391506314277649,0.0,0.0,0.0,1097.9004175844175,133.8446683466791,156084,3121680,154,3080,0.02359373963940275,0.023593731311140224,0.028962071436614285,0.021864412994192686,0.19952623149688797,0.00997206522193969,1152.673819101626,1097.9004202276835,322.25082568930634,0.991139305212211,0.9578385273907968,0.028588532495047222,0.028588527615058534,0.02925880776946117,0.020759774394472633,0.19952623149688797,0.009972065191929972,1152.6738163878865,1097.900417584419,644.5016475050486,0.987627978040032,0.9524814314557455,0.018598946783758275,0.018598935007221915,0.028665335103767405,0.02296905159391274,0.19952623149688797,7.736392506414065e-07,0.07909559189098755,0.07618452829252856,3.873564063504908e-06,0.9946506323843901,0.9631956233258481,343.7797418772243
fig2_default_proposed_rep00_seed12025,fig2,default,proposed,0,12025,21,21,42,natural_mean,40,1,50,1,256,sgd,0.9,0.0,cosine,0.0001,0.054167844213055205,23.0,-74,1024,4,1000.0,10,paper_reference_kkt,update,coordinated_aggregate,False,,1.0,78042,0.1294,2.3731674433165963,0.1219710505318642,0.1294,2.3731674433165963,0.1219710505318642,0.1295,2.4172381622618095,0.14161450244486334,4.107021322085437,2.0556759354056804,2.051345386679757,9.999312557746293e-05,10000.719783561826,9521.442525573666,10749.095130314096,18.04667609403089,5045.527497311999,749.0951303140955,0.10535901160898456,0.005421049892902374,0.0,0.0,0.0,1026.6961909098914,220.77617136074878,156084,3277764,154,3234,0.014532683857932861,0.014532682876170714,0.03114199323273615,0.022541857304924133,0.19952623149688797,0.009070469470403256,1064.1830302785243,1026.6961963158335,262.94495068941177,0.9937924316898817,0.9802839142887316,0.01682896280096939,0.016828963440814144,0.03213724586736829,0.021467136085279996,0.19952623149688797,0.009070469437708832,1064.1830250188577,1026.6961909098914,525.8898975980062,0.9922279844866145,0.964774045527001,0.012236404914896332,0.012236402311527285,0.030146740598104006,0.023616578524568266,0.19952623149688797,7.701347540793684e-07,0.1058040424115027,0.10535900852362357,3.7808173390291856e-06,0.9953568788931489,0.9957937830504624,357.31644712388515
fig2_default_proposed_rep00_seed12025,fig2,default,proposed,0,12025,22,22,44,natural_mean,40,1,50,1,256,sgd,0.9,0.0,cosine,0.0001,0.053592290187546486,23.0,-74,1024,4,1000.0,10,paper_reference_kkt,update,coordinated_aggregate,False,,1.0,78042,0.1505,2.3604234153092087,0.14280872179165482,0.1505,2.3604234153092087,0.14280872179165482,0.1612,2.378157022095141,0.16197135165035725,4.262486579095602,2.1366754106927135,2.125811168402888,9.99927765239016e-05,10000.756671374053,9420.158117130342,10880.380872746307,18.59058223262247,5197.764808380204,880.3808727463074,0.10568269773323137,0.006396422162652016,0.0,0.0,0.0,1107.802813544975,145.1147434096929,156084,3433848,154,3388,0.018540524506878233,0.01854051644952252,0.02548076681212337,0.020262619855734805,0.19952623149688797,0.009962027121925378,1162.14176538605,1107.8028185859596,315.8362438217476,0.9906093154419993,0.9650743058748675,0.025536972818533763,0.02553696746300692,0.024490883204564304,0.018757847059357142,0.19952623149688797,0.00996202709315134,1162.1417603508942,1107.802813544975,631.6724839241043,0.9876514832375543,0.9532423169202564,0.011544076195222705,0.011544065436038118,0.026470650419682436,0.021767392652112468,0.19952623149688797,7.571627834828185e-07,0.10818100505753797,0.10568270374692418,3.7193909129338716e-06,0.9935671476464443,0.9769062948294787,371.90205694688484
fig2_default_proposed_rep00_seed12025,fig2,default,proposed,0,12025,23,23,46,natural_mean,40,1,50,1,256,sgd,0.9,0.0,cosine,0.0001,0.052993031071413385,23.0,-74,1024,4,1000.0,10,paper_reference_kkt,update,coordinated_aggregate,False,,1.0,78042,0.1527,2.3311764655303366,0.09171660787791014,0.1527,2.3311764655303366,0.09171660787791014,0.1607,2.34023375914815,0.10249675031751396,4.071735263719685,2.030057493813283,2.041677769906402,9.999266779878396e-05,10000.769102393153,9391.140100017774,10904.394785907734,19.011654932283765,5315.4397473467325,904.3947859077343,0.08696766093461458,0.007125452160835266,0.0,0.0,0.0,912.0626972629977,119.19641446028072,156084,3589932,154,3542,0.013623077620147672,0.013623078203835442,0.02190614414414659,0.020916914102062867,0.19952623149688797,0.008196327358150285,935.5080945018656,912.0627014092995,216.12056382622742,0.9953125482103169,0.9894979246653213,0.011526966891678578,0.011526963492036408,0.02420660590150108,0.02051764493188396,0.19952623149688797,0.008196327323792755,935.5080904920827,912.062697262998,432.2411240374088,0.9946806819485695,0.9749383550399157,0.015719188348616766,0.015719192915634474,0.019605682386792098,0.021316183272241773,0.19952623149688797,7.504739414547645e-07,0.08661621464923995,0.08696766031271681,3.615046079440891e-06,0.9959444144720642,1.004057494290727,386.78977754106745
fig2_default_proposed_rep00_seed12025,fig2,default,proposed,0,12025,24,24,48,natural_mean,40,1,50,1,256,sgd,0.9,0.0,cosine,0.0001,0.052370670267788855,23.0,-74,1024,4,1000.0,10,paper_reference_kkt,update,coordinated_aggregate,False,,1.0,78042,0.1661,2.3447307823094694,0.1286759213921428,0.1661,2.3447307823094694,0.1286759213921428,0.1724,2.353710900560144,0.15297368417978288,4.042891396632151,2.0204235166159674,2.0224678800161837,9.999230747556632e-05,10000.805991076339,9450.999068089828,10899.508531763957,19.233125126775246,5377.68129285008,899.5085317639569,0.07889353229600506,0.005608905106782913,0.0,0.0,0.0,1016.6803995260661,127.06923386668132,156084,3746016,154,3696,0.02147475352033456,0.021474750810490578,0.03023497108203256,0.02225694079524239,0.19952623149688797,0.009201847916047322,1071.8182721367461,1016.680402587102,273.73449274818296,0.9909492724255764,0.9608436720175078,0.02721062134678809,0.027210624123427875,0.028762250053507844,0.020876649865130645,0.19952623149688797,0.009201847885899162,1071.8182690706246,1016.6803995260668,547.4689819548917,0.98776155608953,0.9485567087831479,0.01573888569388103,0.015738877497553278,0.031707692110557274,0.02363723172535413,0.19952623149688797,7.448741872832826e-07,0.08107188054369117,0.07889352913752254,3.5414742857698294e-06,0.9941369887616227,0.9731306352518675,400.47953264182433
fig2_default_proposed_rep00_seed12025,fig2,default,proposed,0,12025,25,25,50,natural_mean,40,1,50,1,256,sgd,0.9,0.0,cosine,0.0001,0.05172583444124685,23.0,-74,1024,4,1000.0,10,paper_reference_kkt,update,coordinated_aggregate,False,,1.0,78042,0.1648,2.3156588859394107,0.08575250041931866,0.1648,2.3156588859394107,0.08575250041931866,0.1612,2.3378110827655574,0.10794859611243011,4.016330185402204,2.009327736172526,2.007002449229678,9.999216609164279e-05,10000.821120778977,9479.644535200558,10895.722005287958,19.492439508927784,5450.2369259613615,895.7220052879584,0.0798768344975672,0.006685778498649597,0.0,0.0,0.0,868.4025981247559,98.23111544435233,156084,3902100,154,3850,0.027398087581913973,0.027398085944366615,0.02225081366666311,0.020378548252827162,0.19952623149688797,0.007970574123464746,908.9715325681425,868.4026017983446,205.195040034234,0.9942447529794235,0.9822630551748266,0.029397037245273063,0.029397043156331855,0.02430986792635164,0.019560498321108677,0.19952623149688797,0.007970574089845786,908.9715291219202,868.4025981247554,410.3900766068296,0.9931797083996914,0.9553682834423515,0.025399137918554884,0.02539912873240138,0.020191759406974583,0.021196598184545647,0.19952623149688797,7.320688708273773e-07,0.07915197972969217,0.07987683482041422,3.4616384046675378e-06,0.9953097975591556,1.0091578269073018,415.06866547325626
fig2_default_proposed_rep00_seed12025,fig2,default,proposed,0,12025,26,26,52,natural_mean,40,1,50,1,256,sgd,0.9,0.0,cosine,0.0001,0.05105917288680432,23.0,-74,1024,4,1000.0,10,paper_reference_kkt,update,coordinated_aggregate,False,,1.0,78042,0.1681,2.328604501431742,0.13488147592127323,0.1681,2.328604501431742,0.13488147592127323,0.1758,2.345544081629687,0.15570277328789234,4.026206452145582,2.00620431793306,2.020002134212521,9.999186531031298e-05,10000.852909303481,9453.607852312358,10896.476918082757,19.938218987406824,5575.034467474533,896.476918082757,0.07756423807094448,0.005223400890827179,0.0,0.0,0.0,1005.1780629452601,103.93492045425592,156084,4058184,154,4004,0.02421843591322609,0.024218432063196814,0.027208535341229897,0.021811076165320104,0.19952623149688797,0.009114612540128846,1065.5373153831245,1005.1780659378703,265.50115636050555,0.9899192167397328,0.9526842813024217,0.030558021902666457,0.030558020876234035,0.027792300769702346,0.020213104122614674,0.19952623149688797,0.009114612511364294,1065.537312332698,1005.1780629452602,531.0023093470486,0.9865042285578686,0.9433532507955174,0.017878849923785724,0.017878843250159596,0.026624769912757452,0.023409048208025533,0.19952623149688797,7.241239415802775e-07,0.08062683188539528,0.07756424484215894,3.373962514794718e-06,0.9933342049215972,0.9620153118093261,429.1037520118989
fig2_default_proposed_rep00_seed12025,fig2,default,proposed,0,12025,27,27,54,natural_mean,40,1,50,1,256,sgd,0.9,0.0,cosine,0.0001,0.05037135687613611,23.0,-74,1024,4,1000.0,10,paper_reference_kkt,update,coordinated_aggregate,False,,1.0,78042,0.1648,2.3116750025345834,0.08777995224982496,0.1648,2.3116750025345834,0.08777995224982496,0.1657,2.3258620412876976,0.10833044322133063,3.9811320416439826,1.9921550731329076,1.988976968511075,9.999152320172737e-05,10000.888158939231,9463.338175488132,10898.884129932792,20.205005934814466,5649.920744023843,898.8841299327923,0.0742056510486552,0.004077382385730743,0.0,0.0,0.0,855.306448183214,123.76804011318563,156084,4214268,154,4158,0.01703337146567327,0.017033372077760768,0.02524080844726077,0.021458198725878983,0.19952623149688797,0.007615056124870464,878.716935023667,855.3064514022232,184.8204187334711,0.9947298119984216,0.9921686456673868,0.015168821301122267,0.015168827614710053,0.023939039404457067,0.02045507259017966,0.19952623149688797,0.007615056091201868,878.7169319581012,855.3064481832145,369.64083418387656,0.9940838759594385,0.9733583641826359,0.018897921630224274,0.018897916540811483,0.026542577490064473,0.022461324861578306,0.19952623149688797,7.160841328579106e-07,0.07339979082131032,0.07420564588764261,3.2830656078291756e-06,0.9953757480374048,1.0109789271521377,442.95679467124864
fig2_default_proposed_rep00_seed12025,fig2,default,proposed,0,12025,28,28,56,natural_mean,40,1,50,1,256,sgd,0.9,0.0,cosine,0.0001,0.04966307898166129,23.0,-74,1024,4,1000.0,10,paper_reference_kkt,update,coordinated_aggregate,False,,1.0,78042,0.1807,2.2987393481803475,0.11348733815848829,0.1807,2.2987393481803475,0.11348733815848829,0.1797,2.330972220722535,0.15015406903475526,3.9771242151425303,1.9925185559603593,1.9846056591821712,9.999132824663792e-05,10000.909080817895,9427.103841570084,10894.86593371274,20.563096740774032,5750.117330896395,894.8659337127392,0.0685883575962682,0.0035412609577178955,0.0,0.0,0.0,959.0676588071415,137.73667949147784,156084,4370352,154,4312,0.03168185521187332,0.0316818551416158,0.03168628902622862,0.022895827398888204,0.19952623149688797,0.008674075227235678,1026.2217482602575,959.067661259713,242.0618704296362,0.9896602605894886,0.9472059741492925,0.03789436397410984,0.037894359630090135,0.036689860024852576,0.022041229298679178,0.19952623149688797,0.008674075198574587,1026.2217457724157,959.0676588071419,484.1237376504585,0.9859253233782883,0.9345617808861096,0.025469346449636797,0.025469350653141456,0.026682718027604666,0.02375042549909723,0.19952623149688797,7.051360914005865e-07,0.07145736419818688,0.06858835947272525,3.2088139187924514e-06,0.993395197800689,0.9598501674124754,456.1717776982114
fig2_default_proposed_rep00_seed12025,fig2,default,proposed,0,12025,29,29,58,natural_mean,40,1,50,1,256,sgd,0.9,0.0,cosine,0.0001,0.04893505237918145,23.0,-74,1024,4,1000.0,10,paper_reference_kkt,update,coordinated_aggregate,False,,1.0,78042,0.1615,2.3279776002580364,0.10543689162954689,0.1615,2.3279776002580364,0.10543689162954689,0.1668,2.316700318908004,0.11278889272958041,3.9196079056236295,1.969685083973323,1.9499228216503064,9.999120290043605e-05,10000.922165838581,9408.93491738793,10907.47435307392,20.695719822013576,5787.292556974242,907.4743530739197,0.06802437881883558,0.005028247833251953,0.0,0.0,0.0,809.7430197814978,103.85356229368881,156084,4526436,154,4466,0.03401460823005534,0.03401461653477786,0.03392043528657353,0.024851633140433482,0.19952623149688797,0.007435774699560918,850.5794482329575,809.7430226387719,178.51593710098777,0.9939264320820113,0.9809154672246414,0.03868376500509402,0.03868378364543032,0.03313500819466195,0.023187832997966527,0.19952623149688797,0.007435774667333743,850.5794455656181,809.7430197814972,357.0318711070154,0.9929193903250341,0.9519898955768774,0.02934545145501666,0.029345449424125404,0.034705862378485115,0.02651543328290044,0.19952623149688797,6.922918645202655e-07,0.06736147403834815,0.06802438150381886,3.0949601882401237e-06,0.9949334738389884,1.0098410388724055,470.997746263165
fig2_default_proposed_rep00_seed12025,fig2,default,proposed,0,12025,30,30,60,natural_mean,40,1,50,1,256,sgd,0.9,0.0,cosine,0.0001,0.04818801012977311,23.0,-74,1024,4,1000.0,10,paper_reference_kkt,update,coordinated_aggregate,False,,1.0,78042,0.1788,2.308171980592879,0.12630291806966065,0.1788,2.308171980592879,0.12630291806966065,0.1822,2.3219800362432985,0.14992540584504604,3.952414806594926,1.9642289705945906,1.9881858360003357,9.999110830647427e-05,10000.932642783817,9423.128903195382,11003.115418251664,20.94771096877181,5857.749308925426,1003.1154182516639,0.06571769656281902,0.004909925162792206,0.0,0.0,0.0,916.3975168819679,153.10110275625993,156084,4682520,154,4620,0.03343273914877481,0.033432728277045284,0.028933661816021642,0.02198794891763601,0.19952623149688797,0.00831599759896996,975.0654265726897,916.3975192383785,222.30797692306612,0.9899026167416614,0.9477805352068727,0.03947450095980103,0.03947448476167756,0.02997464913104317,0.020654573875679885,0.19952623149688797,0.008315997570762517,975.0654241481394,916.3975168819691,444.6159508368736,0.9868770798502347,0.9398318823235003,0.027390977337748583,0.027390971792413007,0.027892674501000116,0.023321323959592133,0.19952623149688797,6.84942371113723e-07,0.06876183703305981,0.06571769685108841,3.0092586668644208e-06,0.9929281536330881,0.955729188090245,485.42875649407506
fig2_default_proposed_rep00_seed12025,fig2,default,proposed,0,12025,31,31,62,natural_mean,40,1,50,1,256,sgd,0.9,0.0,cosine,0.0001,0.04742270444165739,23.0,-74,1024,4,1000.0,10,paper_reference_kkt,update,coordinated_aggregate,False,,1.0,78042,0.1669,2.3170248604074177,0.10428183141201733,0.1669,2.3170248604074177,0.10428183141201733,0.1692,2.3079690062591647,0.1148324654504657,3.9180131312668145,1.95962873480206,1.9583843964647545,9.99908199052105e-05,10000.962725923611,9445.41874351045,11027.39378553969,21.253116084518762,5943.358419817787,1027.3937855396907,0.06454777020339163,0.003863520920276642,0.0,0.0,0.0,811.456782837022,94.20566884763502,156084,4838604,154,4774,0.02646688252174912,0.026466874487298023,0.04346036752614546,0.026389210686806348,0.19952623149688797,0.0071673106747003855,855.0575524921303,811.4567854042648,165.19791511316302,0.9939501531883999,0.9843001043819561,0.02436058631354847,0.024360580048613883,0.04197111261169261,0.024938024874529615,0.19952623149688797,0.007167310642881828,855.0575501485251,811.4567828370209,330.39582730579315,0.9932462099903144,0.9490083946936326,0.028573178729949772,0.02857316892598216,0.0449496224405983,0.02784039649908308,0.19952623149688797,6.753569238835665e-07,0.06330746108595985,0.06454777254334564,2.92053286778483e-06,0.9946540963864852,1.0195918140702798,500.5684374142438
fig2_default_proposed_rep00_seed12025,fig2,default,proposed,0,12025,32,32,64,natural_mean,40,1,50,1,256,sgd,0.9,0.0,cosine,0.0001,0.046639905912790006,23.0,-74,1024,4,1000.0,10,paper_reference_kkt,update,coordinated_aggregate,False,,1.0,78042,0.1808,2.2992308766617096,0.13115565440937876,0.1808,2.2992308766617096,0.13115565440937876,0.1848,2.3056352570306378,0.14410446658283474,3.9596400935191465,1.976416006699462,1.9832240868196844,9.999069420927001e-05,10000.976816368793,9461.934581668756,11037.735920868163,21.621958648140243,6046.470888476142,1037.7359208681628,0.06178595661249825,0.005868799984455109,0.0,0.0,0.0,903.1161951413658,146.8932358044858,156084,4994688,154,4928,0.02763235212523717,0.027632359028712854,0.022901592013300075,0.02000128629704357,0.19952623149688797,0.0080603492031639,962.7486887347973,903.1161972548833,208.94422569363974,0.990236013621511,0.9521299243219143,0.029760284545453906,0.029760293625566595,0.022872907380084236,0.018894486266666823,0.19952623149688797,0.00806034917613571,962.7486866110504,903.1161951413656,417.8884485730438,0.9869300085942598,0.938060113621052,0.025504419705020435,0.025504424431859112,0.022930276646515913,0.021108086327420318,0.19952623149688797,6.6008582420828e-07,0.06394739346973762,0.061785954683974915,2.814235702815738e-06,0.9935420186487622,0.9661997350227766,515.9785827058367
fig2_default_proposed_rep00_seed12025,fig2,default,proposed,0,12025,33,33,66,natural_mean,40,1,50,1,256,sgd,0.9,0.0,cosine,0.0001,0.04584040275493455,23.0,-74,1024,4,1000.0,10,paper_reference_kkt,update,coordinated_aggregate,False,,1.0,78042,0.1793,2.2849131159854386,0.08314114365994932,0.1793,2.2849131159854386,0.08314114365994932,0.1751,2.291337829015732,0.1053864467486739,3.9033819219952073,1.9543366495250807,1.9490452724701266,9.999038653538121e-05,10001.009120897847,9470.883348421288,11078.734953282037,21.98709020930682,6148.778973611926,1078.7349532820372,0.05736805448315404,0.004455067217350006,0.0,0.0,0.0,768.6696264301302,131.64072400858458,156084,5150772,154,5082,0.025962106802746715,0.02596210433185363,0.027178925511227862,0.021096052589706697,0.19952623149688797,0.0068096645880088985,785.4881409759453,768.6696285709035,148.26321941551998,0.9944770798208062,1.000123936988769,0.012274385574465255,0.012274384757905455,0.029585544494233777,0.02068692573032756,0.19952623149688797,0.006809664556821089,785.4881389688945,768.6696264301306,296.52643611570295,0.9942729798869375,0.9785884598556472,0.03964982803102817,0.03964982390580181,0.024772306528221946,0.021505179449085837,0.19952623149688797,6.517338700380139e-07,0.056151838672766366,0.05736805731829832,2.715336996261325e-06,0.9946811797546751,1.0216594141218907,531.0797714069486
fig2_default_proposed_rep00_seed12025,fig2,default,proposed,0,12025,34,34,68,natural_mean,40,1,50,1,256,sgd,0.9,0.0,cosine,0.0001,0.045024999999999996,23.0,-74,1024,4,1000.0,10,paper_reference_kkt,update,coordinated_aggregate,False,,1.0,78042,0.1861,2.2778462974192863,0.11498626941993832,0.1861,2.2778462974192863,0.11498626941993832,0.1864,2.301314063066392,0.14446668853908778,3.8882346711105393,1.9503666789461371,1.9378679921644022,9.999020459272683e-05,10001.028223609534,9455.169251632406,11031.02539290155,22.19265581954738,6206.390645788582,1031.0253929015507,0.05637228928657283,0.004557378590106964,0.0,0.0,0.0,832.5520623110908,122.29618713403215,156084,5306856,154,5236,0.03241580509123384,0.03241579245040759,0.025198461388991428,0.02050550073694002,0.19952623149688797,0.007578549549769222,866.2907948015666,832.552064219582,184.02410282619766,0.9909237701762481,0.9634979643742652,0.02804003124990767,0.028040020400676175,0.024040382302965447,0.019147097088161567,0.19952623149688797,0.0075785495230359864,866.2907928357841,832.5520623110918,368.04820303534507,0.9884713341593466,0.9610537836674057,0.03679157893256001,0.03679156450013901,0.026356540475017412,0.021863904385718474,0.19952623149688797,6.365518780686352e-07,0.058359903865252444,0.05637228898714922,2.617050270055648e-06,0.9933762061931496,0.9659421450811247,545.4869238249958
fig2_default_proposed_rep00_seed12025,fig2,default,proposed,0,12025,35,35,70,natural_mean,40,1,50,1,256,sgd,0.9,0.0,cosine,0.0001,0.04419451868944185,23.0,-74,1024,4,1000.0,10,paper_reference_kkt,update,coordinated_aggregate,False,,1.0,78042,0.1809,2.280309398428466,0.09342707337543367,0.1809,2.280309398428466,0.09342707337543367,0.1766,2.2822556268227707,0.11484662114530803,3.8852933842919977,1.9342568611928919,1.9510365230991058,9.999006164043775e-05,10001.04348546863,9412.90676105664,11055.223734535188,22.40652225968899,6266.269852045262,1055.2237345351878,0.049730687930486586,0.0030689314007759094,0.0,0.0,0.0,720.989284928793,106.25399903708058,156084,5462940,154,5390,0.028206116078902055,0.02820611263754807,0.026071103396910968,0.021670769390074396,0.19952623149688797,0.0064907077401214625,753.9615400027408,720.9892866438953,134.93770300363607,0.9941809008888471,0.9918492694646304,0.020687704279276204,0.020687691834832673,0.028180335640775416,0.02150044867833158,0.19952623149688797,0.006490707709993298,753.961538449049,720.9892849287925,269.8754034864676,0.9938909821441382,0.956268000748205,0.03572452787852791,0.03572453344026346,0.023961871153046523,0.021841090101817208,0.19952623149688797,6.253848612793677e-07,0.04840297037691802,0.04973068978740704,2.52080458424273e-06,0.9944708196335562,1.0274305381810558,559.6827415120788
fig2_default_proposed_rep00_seed12025,fig2,default,proposed,0,12025,36,36,72,natural_mean,40,1,50,1,256,sgd,0.9,0.0,cosine,0.0001,0.04334979504754294,23.0,-74,1024,4,1000.0,10,paper_reference_kkt,update,coordinated_aggregate,False,,1.0,78042,0.1904,2.2655856388953652,0.10511306017190217,0.1904,2.2655856388953652,0.10511306017190217,0.1906,2.2806476439689,0.13042345025539398,3.8488404787205246,1.9312982161435568,1.9175422625769678,9.998999524672381e-05,10001.050402472276,9434.903636453328,11030.547131493413,22.468994675519724,6283.793242400373,1030.547131493413,0.0397791140786445,0.003891460597515106,0.0,0.0,0.0,780.4461922964103,98.10439955488073,156084,5619024,154,5544,0.044273650792785335,0.04427364873826545,0.029564803951252716,0.021985940921716712,0.19952623149688797,0.0071264504093479925,818.722893065786,780.4461933101755,162.5431358468728,0.990830366749763,0.9573305365802167,0.033637045983737734,0.03363703981783489,0.028868057642351886,0.0206238014633094,0.19952623149688797,0.007126450382963916,818.7228920202874,780.4461922964108,325.0862692709288,0.988306853653589,0.9532483212587564,0.05491025560183293,0.054910257658696005,0.03026155026015355,0.02334808038012403,0.19952623149688797,6.132288437365969e-07,0.04137568396751839,0.039779111723049904,2.422816736181839e-06,0.993353879845937,0.9614127519016771,573.3309523188509
fig2_default_proposed_rep00_seed12025,fig2,default,proposed,0,12025,37,37,74,natural_mean,40,1,50,1,256,sgd,0.9,0.0,cosine,0.0001,0.042491679639406504,23.0,-74,1024,4,1000.0,10,paper_reference_kkt,update,coordinated_aggregate,False,,1.0,78042,0.1889,2.259931292402873,0.08986021738305688,0.1889,2.259931292402873,0.08986021738305688,0.1841,2.2739179681318737,0.11249002029001713,3.8290769629415395,1.9213333770193137,1.9077435859222256,9.99899283093681e-05,10001.057468090476,9416.61208447498,11029.52004519343,22.547795738566446,6305.875335550041,1029.5200451934306,0.03507175153433297,0.0021710535511374474,0.0,0.0,0.0,726.1491161623272,112.91283009242761,156084,5775108,154,5698,0.04333886919919388,0.04333888611526488,0.039441442385283174,0.024946856922557367,0.19952623149688797,0.00643050486700373,761.6091881664444,726.1491170092795,134.09309568571013,0.9939459915155608,0.9989646665926152,0.02274734809145745,0.02274735920122142,0.03669632078595584,0.023267147867979926,0.19952623149688797,0.006430504838705387,761.6091874262511,726.149116162327,268.1861890341158,0.9935532507510455,0.9534405805628743,0.0639303903069303,0.06393041302930834,0.04218656398461051,0.026626565977134812,0.19952623149688797,6.032787563887172e-07,0.03357791097873442,0.03507175052062388,2.3373044836944445e-06,0.9943387322800763,1.044488752622356,587.8727553240024
fig2_default_proposed_rep00_seed12025,fig2,default,proposed,0,12025,38,38,76,natural_mean,40,1,50,1,256,sgd,0.9,0.0,cosine,0.0001,0.0416210365145092,23.0,-74,1024,4,1000.0,10,paper_reference_kkt,update,coordinated_aggregate,False,,1.0,78042,0.1928,2.25884245283477,0.09863897016033528,0.1928,2.25884245283477,0.09863897016033528,0.1925,2.269621561057189,0.12590731962621213,3.8401615360139703,1.9108465607993357,1.9293149752146348,9.998969133211086e-05,10001.081840318453,9451.970000244348,11047.88460480404,22.701948099924564,6349.212823585552,1047.8846048040396,0.0320018221326024,0.0034472495317459106,0.0,0.0,0.0,739.7260817122323,115.26818710894258,156084,5931192,154,5852,0.0624596912962659,0.06245969851862529,0.027027016765012103,0.022353709977959865,0.19952623149688797,0.006760971460836871,772.8085146772665,739.7260824044602,147.2962220218739,0.9907490405385908,0.9579663737021366,0.027518480429204507,0.02751846103289571,0.028026925897152916,0.021105498185222397,0.19952623149688797,0.006760971435134481,772.808513956416,739.726081712233,294.5924417915073,0.988563395603619,0.9571919472931831,0.0974009021633273,0.09740093600435487,0.026027107632871287,0.02360192177069733,0.19952623149688797,5.895305301614429e-07,0.03337901763883367,0.032001827838966095,2.2522404741402003e-06,0.9929346854735626,0.95874080011109,601.5599208259955
fig2_default_proposed_rep00_seed12025,fig2,default,proposed,0,12025,39,39,78,natural_mean,40,1,50,1,256,sgd,0.9,0.0,cosine,0.0001,0.040738742336676556,23.0,-74,1024,4,1000.0,10,paper_reference_kkt,update,coordinated_aggregate,False,,1.0,78042,0.1932,2.2502345339439676,0.08513905344888567,0.1932,2.2502345339439676,0.08513905344888567,0.1826,2.2644583802726723,0.11646557253748178,3.8132349520709488,1.9061597977383093,1.9070751543326392,9.998951744001657e-05,10001.099793701054,9452.131487112556,11044.531356717082,22.831788353789126,6385.68345931503,1044.5313567170815,0.03049260059775852,0.002741418778896332,0.0,0.0,0.0,684.9952269017613,97.91315662743,156084,6087276,154,6006,0.07861495882138002,0.07861499421503344,0.030017080533508406,0.02252610909989356,0.19952623149688797,0.006098858834233454,716.6911886781548,684.9952275804519,120.12275703796251,0.9929175345196,1.018716470419098,0.023685104789501695,0.023685116894257046,0.028966087314498495,0.02164662845983738,0.19952623149688797,0.006098858806943753,716.6911881237248,684.995226901762,240.2455119307224,0.9921864842175864,0.955774609308293,0.13354481285325834,0.13354487153580985,0.031068073752518317,0.02340558973994974,0.19952623149688797,5.769506670591535e-07,0.028190605721849695,0.03049260162582537,2.1452026314521794e-06,0.9936485848216134,1.081658331529903,615.478507455904
fig2_default_proposed_rep00_seed12025,fig2,default,proposed,0,12025,40,40,80,natural_mean,40,1,50,1,256,sgd,0.9,0.0,cosine,0.0001,0.03984568550135678,23.0,-74,1024,4,1000.0,10,paper_reference_kkt,update,coordinated_aggregate,False,,1.0,78042,0.1931,2.242544057607932,0.0880736425770074,0.1931,2.242544057607932,0.0880736425770074,0.1931,2.264442356960526,0.12701771164089443,3.8166621781559704,1.9105362179078016,1.9061259602481688,9.99892668793086e-05,10001.125809186655,9417.127806796809,11047.30978119236,23.034433785917454,6442.580191918408,1047.3097811923599,0.029409609643736574,0.0029770396649837494,0.0,0.0,0.0,723.4024209771194,98.39804164516136,156084,6243360,154,6160,0.06016678035418735,0.060166810812692935,0.0376548125156132,0.0250694052781879,0.19952623149688797,0.006503705763972457,759.7500366960683,723.4024215749363,136.18407695848626,0.9912108490865288,0.9481747321849918,0.02724996555940344,0.027249969185258627,0.03691938814514103,0.023406207560727314,0.19952623149688797,0.00650370573948384,759.7500360575729,723.402420977119,272.36815187712455,0.9893496130828042,0.9521584463507592,0.09308359514897126,0.09308365244012724,0.038390236886085366,0.02673260299564848,0.19952623149688797,5.643877272624288e-07,0.03114793468459958,0.029409604166134792,2.039847986479838e-06,0.9930720850902534,0.9441910180192246,629.0967575372197
fig2_default_proposed_rep00_seed12025,fig2,default,proposed,0,12025,41,41,82,natural_mean,40,1,50,1,256,sgd,0.9,0.0,cosine,0.0001,0.03894276524108183,23.0,-74,1024,4,1000.0,10,paper_reference_kkt,update,coordinated_aggregate,False,,1.0,78042,0.1812,2.2575337058245206,0.097115996465683,0.1812,2.2575337058245206,0.097115996465683,0.185,2.2573213275431736,0.11314909020066262,3.8089844984052625,1.904079912637767,1.9049045857674953,9.998926908153248e-05,10001.126054200333,9380.00128362652,11041.161327471002,23.131458721709915,6469.656223569834,1041.1613274710016,0.028899193943247387,0.0016978532075881958,0.0,0.0,0.0,687.4290834507748,113.89220891305195,156084,6399444,154,6314,0.047023999456794814,0.047024003735303056,0.043391275180843514,0.024934055861108258,0.19952623149688797,0.005924708432732492,722.3329463005897,687.4290840582289,113.33433429880888,0.9933492985729264,1.0060025987956862,0.020572438000198475,0.020572422001146128,0.041820362422912864,0.023643701708120607,0.19952623149688797,0.00592470840695964,722.332945786398,687.4290834507747,226.66866663252233,0.9925519857197505,0.951678951952139,0.07347556091339115,0.07347558546945998,0.044962187938774156,0.02622441001409591,0.19952623149688797,5.526239760778985e-07,0.027255002830598625,0.028899194800563105,1.965095436355008e-06,0.9941466114261024,1.0603262456392333,642.1328227669001
fig2_default_proposed_rep00_seed12025,fig2,default,proposed,0,12025,42,42,84,natural_mean,40,1,50,1,256,sgd,0.9,0.0,cosine,0.0001,0.038030890720016544,23.0,-74,1024,4,1000.0,10,paper_reference_kkt,update,coordinated_aggregate,False,,1.0,78042,0.19,2.256930601510461,0.1107082539048046,0.19,2.256930601510461,0.1107082539048046,0.1937,2.257698057483369,0.12569512367248536,3.8166020568971835,1.9102881636284863,1.9063138932686974,9.998899713808551e-05,10001.153928466761,9348.242533366583,11052.998350587608,23.277408306701577,6510.761676179651,1052.998350587608,0.027194512519904453,0.0022622793912887573,0.0,0.0,0.0,676.5828896822462,71.89780058805627,156084,6555528,154,6468,0.05693024282719497,0.056930271173592,0.01936722610102725,0.018945018465324082,0.19952623149688797,0.006149372090481296,706.4116435743316,676.5828902287733,121.44817992251501,0.9916623803184523,0.9541846641778229,0.023391366810435382,0.023391371348378976,0.019051070058563532,0.01812407982600174,0.19952623149688797,0.006149372066713271,706.4116429950583,676.5828896822464,242.89635797698793,0.9897680592191213,0.9577742417130057,0.09046911884395456,0.09046917099880503,0.019683382143490972,0.019765957104646424,0.19952623149688797,5.406633530343291e-07,0.028607881081661003,0.027194512381450767,1.8680420803758716e-06,0.9935567014177833,0.9505950866426401,655.5207648850046
fig2_default_proposed_rep00_seed12025,fig2,default,proposed,0,12025,43,43,86,natural_mean,40,1,50,1,256,sgd,0.9,0.0,cosine,0.0001,0.03711098011850735,23.0,-74,1024,4,1000.0,10,paper_reference_kkt,update,coordinated_aggregate,False,,1.0,78042,0.1891,2.248198035372594,0.0866519298994541,0.1891,2.248198035372594,0.0866519298994541,0.187,2.25673902170376,0.1156664918154478,3.7905545200724324,1.9054269004814017,1.8851276195910307,9.998882408267578e-05,10001.171601952468,9330.544940259471,11062.11300745453,23.358772670922498,6533.709308562192,1062.1130074545308,0.025795253134517228,0.0016860365867614746,0.0,0.0,0.0,628.9044790335408,96.43592167419774,156084,6711612,154,6622,0.055198437743020204,0.05519841413098688,0.028589085652878838,0.022556358796843985,0.19952623149688797,0.005668227453571375,652.7113247254421,628.9044795625521,104.5857145826264,0.9932976877574291,1.0161214495253037,0.019068724659157526,0.01906871380502757,0.02599425301233912,0.021764523145905885,0.19952623149688797,0.0056682274290364276,652.7113242791665,628.9044790335411,209.1714273885388,0.9922930309620834,0.9635262078486897,0.09132815082688288,0.09132811445694619,0.031183918293418555,0.023348194447782085,0.19952623149688797,5.273891613593065e-07,0.024136656614699124,0.025795247677381998,1.7767139816157848e-06,0.9943023445527749,1.0687166912019175,669.2417703331448
fig2_default_proposed_rep00_seed12025,fig2,default,proposed,0,12025,44,44,88,natural_mean,40,1,50,1,256,sgd,0.9,0.0,cosine,0.0001,0.03618395970855246,23.0,-74,1024,4,1000.0,10,paper_reference_kkt,update,coordinated_aggregate,False,,1.0,78042,0.194,2.2449000480621137,0.10599356312230232,0.194,2.2449000480621137,0.10599356312230232,0.1941,2.2567922456025777,0.12821727630496021,3.80114274980578,1.9048005314591216,1.8963422183466585,9.998859798336273e-05,10001.19462744856,9355.648044403248,11087.032649765439,23.448684462962312,6559.119788551797,1087.0326497654387,0.025595972475156357,0.001932300627231598,0.0,0.0,0.0,638.2746821388329,71.0716234943502,156084,6867696,154,6776,0.0587534784704799,0.05875346660608202,0.021102106964715976,0.020359525553266766,0.19952623149688797,0.005865932821417713,673.8694064384489,638.2746826520545,110.14644807555375,0.9910697472769621,0.9383045273027733,0.027438058827435666,0.02743806721318808,0.02334354251054412,0.01982511676864621,0.19952623149688797,0.00586593279883096,673.8694058757143,638.2746821388321,220.29289445905417,0.9888399228754627,0.947178575743601,0.09006889811352414,0.09006886599897597,0.018860671418887837,0.02089393433788732,0.19952623149688797,5.147667038931502e-07,0.02753941281780132,0.025595970695479038,1.6920533191301649e-06,0.9932995716784615,0.9294304788619455,683.774817542173
fig2_default_proposed_rep00_seed12025,fig2,default,proposed,0,12025,45,45,90,natural_mean,40,1,50,1,256,sgd,0.9,0.0,cosine,0.0001,0.03525076292112457,23.0,-74,1024,4,1000.0,10,paper_reference_kkt,update,coordinated_aggregate,False,,1.0,78042,0.1892,2.258227194016787,0.10412591961950063,0.1892,2.258227194016787,0.10412591961950063,0.1899,2.248988839509122,0.11141407245695592,3.810643565739644,1.9104441412831614,1.9001994244564824,9.998837270676627e-05,10001.217788750862,9331.396110466398,11088.329846217943,23.588097851666767,6598.346600039028,1088.3298462179428,0.0243242164472345,0.0017532110214233398,0.0,0.0,0.0,611.1776779262281,107.94715458923747,156084,7023780,154,6930,0.08078409812779323,0.080784070356198,0.033069992289965836,0.022729414935050554,0.19952623149688797,0.00541587457248861,645.8909197366376,611.1776784102666,94.33218115850526,0.9929843535671423,1.022170106981535,0.031617202117050526,0.03161719782824772,0.03593456375619815,0.02219276717844908,0.19952623149688797,0.005415874549294897,645.8909193567837,611.1776779262278,188.6643607131458,0.9921501264141362,0.9462552258355789,0.12995099413853595,0.12995094288414827,0.03020542082373353,0.02326606269165203,0.19952623149688797,5.012269729375015e-07,0.022151485008764224,0.02432421525293351,1.6038647208051543e-06,0.9938185807201484,1.098084988127491,697.2664067759179
fig2_default_proposed_rep00_seed12025,fig2,default,proposed,0,12025,46,46,92,natural_mean,40,1,50,1,256,sgd,0.9,0.0,cosine,0.0001,0.0343123294062849,23.0,-74,1024,4,1000.0,10,paper_reference_kkt,update,coordinated_aggregate,False,,1.0,78042,0.1952,2.236257410250986,0.10738063865572213,0.1952,2.236257410250986,0.10738063865572213,0.1952,2.2489700419875676,0.12150099421590568,3.8020251537024183,1.8973250714105117,1.9047000822919067,9.998821631373063e-05,10001.233855926683,9343.850121453464,11056.07034454523,23.675566915788675,6622.981662709618,1056.070344545229,0.022061446825986285,0.0032750219106674194,0.0,0.0,0.0,606.1805158677295,99.90006282988543,156084,7179864,154,7084,0.08816166304362098,0.08816165710297351,0.022944100192017047,0.020973180237815067,0.19952623149688797,0.005479239092252708,628.2525581467452,606.1805162691841,97.37842771160543,0.9920056699543993,0.9610471479518403,0.019127332969990186,0.019127350945416507,0.023626596748984464,0.019866120302077416,0.19952623149688797,0.005479239070441265,628.2525577240045,606.1805158677299,194.7568539017435,0.990878696077085,0.9648675040716844,0.15719599311725177,0.1571959632605305,0.02226160363504963,0.022080240173552715,0.19952623149688797,4.888969530950379e-07,0.02304725157537383,0.022061444411144486,1.5214673273541232e-06,0.9931326438317137,0.9572267918319963,710.873761522118
fig2_default_proposed_rep00_seed12025,fig2,default,proposed,0,12025,47,47,94,natural_mean,40,1,50,1,256,sgd,0.9,0.0,cosine,0.0001,0.03336960408703528,23.0,-74,1024,4,1000.0,10,paper_reference_kkt,update,coordinated_aggregate,False,,1.0,78042,0.1956,2.226530528797621,0.08687649644851683,0.1956,2.226530528797621,0.08687649644851683,0.1912,2.247256696819665,0.11202209880501031,3.794803413709328,1.8961785569680913,1.898624856741237,9.99880619536351e-05,10001.250011003569,9345.962591035333,11045.550465834534,23.83067150601612,6666.488217585255,1045.5504658345344,0.020452212518553052,0.0019374676048755646,0.0,0.0,0.0,578.7924566499324,74.61205628709286,156084,7335948,154,7238,0.0817289468797073,0.08172892641390325,0.0265339528753016,0.021013043376412528,0.19952623149688797,0.005186147397114397,606.315652737728,578.7924570112823,86.33711730761466,0.9933726566337502,1.0271083294366765,0.024973880159908153,0.02497388645813209,0.025988281108311355,0.019894786725870795,0.19952623149688797,0.005186147375389408,606.3156524524463,578.7924566499324,172.67423317633322,0.9925307791932249,0.9546058559734131,0.13848401359950646,0.13848396636967442,0.027079624642291845,0.02213130002695426,0.19952623149688797,4.746977907967217e-07,0.018599503129432662,0.02045221499521219,1.4388961062925471e-06,0.9942145340742755,1.0996108028999398,724.7710660751909
fig2_default_proposed_rep00_seed12025,fig2,default,proposed,0,12025,48,48,96,natural_mean,40,1,50,1,256,sgd,0.9,0.0,cosine,0.0001,0.032423536207860815,23.0,-74,1024,4,1000.0,10,paper_reference_kkt,update,coordinated_aggregate,False,,1.0,78042,0.196,2.2297594815513877,0.09982082930266856,0.196,2.2297594815513877,0.09982082930266856,0.1951,2.2475726756532617,0.12268488825112582,3.7688008829390403,1.892497711724934,1.8763031712141063,9.998797903967338e-05,10001.258595786916,9329.434274118745,11046.533640218384,23.890322865631557,6683.255340411456,1046.5336402183839,0.017541221257790302,0.0020695440471172333,0.0,0.0,0.0,572.5229560924407,50.162565520220596,156084,7492032,154,7392,0.07165263500692685,0.07165260544726847,0.03374764964417458,0.022300232546634227,0.19952623149688797,0.005279986975670681,598.9575965672497,572.5229563611583,89.33393660448947,0.9917751781159889,0.9587419169127991,0.023935496687106084,0.023935484416358243,0.03399572759132755,0.021196344988449717,0.19952623149688797,0.0052799869555900944,598.9575962894779,572.5229560924404,178.66787184909197,0.9893802000081225,0.9558655364895507,0.11936977332674763,0.1193697264781787,0.03349957169702161,0.023404120104818734,0.19952623149688797,4.6048938356362684e-07,0.018241353182264088,0.01754121994074664,1.3598869531140677e-06,0.9941701562238552,0.9616182973360473,738.013988727238
fig2_default_proposed_rep00_seed12025,fig2,default,proposed,0,12025,49,49,98,natural_mean,40,1,50,1,256,sgd,0.9,0.0,cosine,0.0001,0.031475078378921086,23.0,-74,1024,4,1000.0,10,paper_reference_kkt,update,coordinated_aggregate,False,,1.0,78042,0.1948,2.235273257555094,0.09359719117455188,0.1948,2.235273257555094,0.09359719117455188,0.193,2.2460814248604866,0.11574858571141958,3.777543051439287,1.8866034941416185,1.8909395572976688,9.998785800655027e-05,10001.271281197505,9381.209549616584,11071.807833984067,24.020166463654213,6719.66484815664,1071.8078339840667,0.014655829613214925,0.0018514394760131836,0.0,0.0,0.0,527.4971742183117,66.02812636694034,156084,7648116,154,7546,0.15000242377336756,0.15000243251840625,0.020010548019792615,0.0202661630474111,0.19952623149688797,0.00484537329724863,545.8547117522746,527.4971744219081,76.2918679064191,0.9929062568135303,1.0509472448537474,0.02889724957698057,0.028897270451544516,0.021101396166378617,0.0198379056952075,0.19952623149688797,0.004845373276756378,545.8547115996868,527.4971742183114,152.5837345339071,0.991829332414615,0.9663691882793939,0.27110759796975453,0.271107594585268,0.018919699873206616,0.0206944203996147,0.19952623149688797,4.456290226451333e-07,0.012906648747484692,0.014655827993565762,1.278931099082523e-06,0.9939831812124454,1.1355253014281008,751.9777332851663
fig2_default_proposed_rep00_seed12025,fig2,default,proposed,0,12025,50,50,100,natural_mean,40,1,50,1,256,sgd,0.9,0.0,cosine,0.0001,0.030525185616852496,23.0,-74,1024,4,1000.0,10,paper_reference_kkt,update,coordinated_aggregate,False,,1.0,78042,0.198,2.212628867996387,0.09479628792896869,0.198,2.212628867996387,0.09479628792896869,0.1967,2.242257307816144,0.11606821005344392,3.777748868521208,1.8975988157161738,1.8801500528050343,9.998779556177609e-05,10001.277741287773,9363.052425073449,11069.534853439402,24.063466198043322,6731.839636510155,1069.5348534394016,0.012714567023017383,0.001437915489077568,0.0,0.0,0.0,535.5836575079217,63.29576994128365,156084,7804200,154,7700,0.1379892099982385,0.13798932166080113,0.029515727776641486,0.02242302101484695,0.19952623149688797,0.004888984696875304,560.117570427475,535.5836576588425,76.52379495374386,0.9924514287632378,0.9812055462638543,0.02071831880781169,0.020718318396128196,0.027373483638104445,0.02110099652753376,0.19952623149688797,0.004888984677647672,560.1175702849421,535.5836575079227,153.0475887068224,0.990876860056887,0.9561986628545779,0.2552601011886653,0.25526032492547407,0.03165797191517852,0.023745045502160143,0.19952623149688797,4.335979660810472e-07,0.012636076777532531,0.012714575600861042,1.2006653181171133e-06,0.9940259974695884,1.0062124296731307,766.111772431992
fig2_default_proposed_rep00_seed12025,fig2,default,proposed,0,12025,51,51,102,natural_mean,40,1,50,1,256,sgd,0.9,0.0,cosine,0.0001,0.029574814383147498,23.0,-74,1024,4,1000.0,10,paper_reference_kkt,update,coordinated_aggregate,False,,1.0,78042,0.1978,2.2226382738669197,0.08914762833282351,0.1978,2.2226382738669197,0.08914762833282351,0.1953,2.242281836287291,0.11615841867774725,3.772606736160853,1.8886988262436517,1.883907909917201,9.998776860241236e-05,10001.280798056412,9383.713767632846,11085.063306475631,24.14362698847591,6754.247138431199,1085.0633064756312,0.010592282099295355,0.0011891648173332214,0.0,0.0,0.0,511.56021842004674,70.14163280212415,156084,7960284,154,7854,0.1998742348843433,0.19987429325548006,0.023898551248968836,0.02178663626150996,0.19952623149688797,0.004618629581607132,536.9983578617819,511.56021852970696,68.64505165355226,0.992723836485622,1.0338946664010897,0.023557408563306913,0.02355741858247588,0.023821515681979658,0.020720031700436365,0.19952623149688797,0.004618629562775648,536.9983577777776,511.560218420046,137.2901021811272,0.9913686828954509,0.9526289865150599,0.3761910612053797,0.3761911679284842,0.02397558681595801,0.022853240822583557,0.19952623149688797,4.170746903649771e-07,0.009498437846159441,0.010592280483664226,1.125977310195335e-06,0.9940789900757931,1.1151603462871196,780.2068522209302
fig2_default_proposed_rep00_seed12025,fig2,default,proposed,0,12025,52,52,104,natural_mean,40,1,50,1,256,sgd,0.9,0.0,cosine,0.0001,0.028624921621078915,23.0,-74,1024,4,1000.0,10,paper_reference_kkt,update,coordinated_aggregate,False,,1.0,78042,0.1975,2.2204508890375902,0.08935257109120491,0.1975,2.2204508890375902,0.08935257109120491,0.1969,2.24088244437811,0.11835000052452087,3.7764923410037285,1.8835147205713685,1.8929776204323598,9.998766761363113e-05,10001.291422134544,9378.00237055643,11079.997011071022,24.255446449612695,6785.598510656325,1079.997011071022,0.010609276786897583,0.0017514675855636597,0.0,0.0,0.0,503.11476898825475,61.86798319829359,156084,8116368,154,8008,0.2133161226333427,0.21331614831561338,0.020678112329721516,0.019814289566730432,0.19952623149688797,0.004513942675870383,527.9308409688066,503.11476910011515,64.81008892368395,0.9925631634127834,1.0004935067105045,0.025735934547571414,0.02573593801406754,0.018823235978314343,0.018629340697033772,0.19952623149688797,0.004513942657645983,527.9308408717451,503.11476898825526,129.62017679134837,0.9910190899243696,0.9529937231721819,0.400896310719114,0.4008963586171592,0.02253298868112869,0.02099923843642709,0.19952623149688797,4.0562025604581837e-07,0.010123416941480242,0.010609274844628832,1.056019514914745e-06,0.9941072369011972,1.0479932902488271,793.6439790059812
fig2_default_proposed_rep00_seed12025,fig2,default,proposed,0,12025,53,53,106,natural_mean,40,1,50,1,256,sgd,0.9,0.0,cosine,0.0001,0.02767646379213918,23.0,-74,1024,4,1000.0,10,paper_reference_kkt,update,coordinated_aggregate,False,,1.0,78042,0.1966,2.234387852415441,0.11493485942862926,0.1966,2.234387852415441,0.11493485942862926,0.1945,2.236901596292907,0.11677371369451287,3.75734061845564,1.8704043259334466,1.8869362925221935,9.998752395588315e-05,10001.30619282585,9363.442596637511,11097.101352073021,24.3416496206181,6809.866144802467,1097.1013520730212,0.010003382085959356,0.0014842189848423004,0.0,0.0,0.0,492.5927755805092,88.28670551066898,156084,8272452,154,8162,0.23235517149588217,0.23235524669521032,0.02629803371260802,0.021741248400401682,0.19952623149688797,0.004355939114571041,513.7671075221551,492.592775682082,61.31308995675034,0.9926254384164531,1.0320590627637647,0.02197962497091024,0.021979606353139478,0.028028233345150744,0.020679504593817566,0.19952623149688797,0.004355939096646972,513.7671074424452,492.59277558050957,122.62617891648085,0.9913600357704027,0.9587861243200692,0.4427307180208541,0.44273088703728114,0.0245678340800653,0.022802992206985798,0.19952623149688797,3.951611068584119e-07,0.009050117851368071,0.010003384101493065,9.970198200814522e-07,0.9938908410625036,1.1053320012074601,807.449775679037
fig2_default_proposed_rep00_seed12025,fig2,default,proposed,0,12025,54,54,108,natural_mean,40,1,50,1,256,sgd,0.9,0.0,cosine,0.0001,0.026730395912964718,23.0,-74,1024,4,1000.0,10,paper_reference_kkt,update,coordinated_aggregate,False,,1.0,78042,0.1976,2.216526785171414,0.09160533581987021,0.1976,2.216526785171414,0.09160533581987021,0.1956,2.234180599087989,0.11456243206709625,3.762407539577232,1.8742597061886794,1.8881478333885524,9.998746073388228e-05,10001.312700685377,9385.429233415218,11129.210286258196,24.385288630961753,6822.137140026178,1129.210286258196,0.009034564191570867,0.0012188553810119629,0.0,0.0,0.0,456.54871992414,63.220882087769496,156084,8428536,154,8316,0.2098276011379579,0.20982758280110317,0.02654610818531575,0.02204317927452714,0.19952623149688797,0.004237057522192213,481.07531678311057,456.5487200135317,57.693347561180154,0.9921398727487887,0.9951907025271035,0.025657824264997315,0.025657841936155185,0.027195353408825364,0.021545957208853304,0.19952623149688797,0.004237057505293182,481.0753167048818,456.5487199241399,115.38669420273156,0.9906173362979291,0.9490171175034081,0.3939973780109185,0.39399732366605117,0.025896862961806138,0.022540401340200977,0.19952623149688797,3.7842348235128357e-07,0.008675704729865447,0.009034567000586477,9.196287475525998e-07,0.9936624091996483,1.041364287550799,821.3697769120336
fig2_default_proposed_rep00_seed12025,fig2,default,proposed,0,12025,55,55,110,natural_mean,40,1,50,1,256,sgd,0.9,0.0,cosine,0.0001,0.02578767059371511,23.0,-74,1024,4,1000.0,10,paper_reference_kkt,update,coordinated_aggregate,False,,1.0,78042,0.1905,2.2232015140600314,0.09780465236574412,0.1905,2.2232015140600314,0.09780465236574412,0.1961,2.2310128066202224,0.11269835707098246,3.764421907349254,1.884897354296726,1.879524553052528,9.998733769301925e-05,10001.325452186877,9416.53667071331,11136.136047534588,24.48187316821493,6849.271793896018,1136.1360475345882,0.008461918348343759,0.0011184364557266235,0.0,0.0,0.0,459.14587249794977,68.46457550181367,156084,8584620,154,8470,0.23019017680688814,0.23019020270824603,0.029613751990607232,0.021933676707684382,0.19952623149688797,0.004132462612337736,475.4381590143066,459.1458725759248,54.68464578133823,0.9928798669103526,1.011754040037456,0.018161425729375503,0.018161404253657337,0.02879249016459082,0.02071282439368796,0.19952623149688797,0.004132462596095639,475.4381589470049,459.14587249794954,109.36929070151926,0.9919292836889811,0.965732147852256,0.44221892788440076,0.44221900116283475,0.030435013816623644,0.023154529021680803,0.19952623149688797,3.663873914402756e-07,0.007999726426549897,0.008461916007221718,8.611572003991187e-07,0.993830450131724,1.057775932222656,835.1087624230422
fig2_default_proposed_rep00_seed12025,fig2,default,proposed,0,12025,56,56,112,natural_mean,40,1,50,1,256,sgd,0.9,0.0,cosine,0.0001,0.024849237078875434,23.0,-74,1024,4,1000.0,10,paper_reference_kkt,update,coordinated_aggregate,False,,1.0,78042,0.199,2.2220352203901603,0.09272165544755755,0.199,2.2220352203901603,0.09272165544755755,0.1953,2.231738331966822,0.11832949152439834,3.752326070837911,1.8680754668351227,1.8842506040027884,9.998736310632825e-05,10001.322994823826,9416.455160444117,11153.284417881554,24.49984722769947,6854.248638518157,1153.284417881554,0.00883913453823299,0.0012292712926864624,0.0,0.0,0.0,442.31489296222804,55.150798660648434,156084,8740704,154,8624,0.19537293950874882,0.19537280982813918,0.02481735690524227,0.021851614449491515,0.19952623149688797,0.003948233233048318,455.12932071411456,442.31489305054777,49.97515087666937,0.9926794993601181,0.993034726416617,0.01909005394793526,0.01909005880370051,0.025260213957525368,0.020749274846136614,0.19952623149688797,0.003948233217333172,455.12932063067234,442.314892962228,99.9503009563521,0.9915026588160157,0.9718444084630894,0.37165582506956235,0.37165556085257784,0.024374499852959173,0.022953954052846417,0.19952623149688797,3.5226995957053156e-07,0.008715158241395031,0.008839135756281426,7.969866401041976e-07,0.9938563399042205,1.0142250443701446,849.2221848890185
fig2_default_proposed_rep00_seed12025,fig2,default,proposed,0,12025,57,57,114,natural_mean,40,1,50,1,256,sgd,0.9,0.0,cosine,0.0001,0.02391604029144754,23.0,-74,1024,4,1000.0,10,paper_reference_kkt,update,coordinated_aggregate,False,,1.0,78042,0.1972,2.203837782876234,0.08288888977736233,0.1972,2.203837782876234,0.08288888977736233,0.1968,2.2302764335484766,0.11394882292151451,3.754701121534967,1.8751936007370666,1.8795075207979002,9.998728075667999e-05,10001.331446858696,9422.894380000134,11177.318620432492,24.54723126020465,6867.594097422983,1177.318620432492,0.008157774918223464,0.0008871257305145264,0.0,0.0,0.0,415.5977763700316,46.433363324984384,156084,8896788,154,8778,0.20014021811923435,0.2001403025743095,0.028119432150891265,0.022077187038793484,0.19952623149688797,0.0038157037231633132,428.54571283316227,415.5977764500967,46.64054430948705,0.9930601394654769,1.0360301323212662,0.016117998264448544,0.016118002076971203,0.029038961175429055,0.0211707966204876,0.19952623149688797,0.0038157037082114,428.5457127692569,415.59777637003214,93.28108788200969,0.991657896372142,0.9697863398741688,0.38416243797402017,0.3841626030716478,0.027199903126353477,0.022983577457099367,0.19952623149688797,3.3779304714538304e-07,0.007400861279292798,0.008157776184252459,7.36964405077947e-07,0.9944623825588118,1.1022739247683637,862.5827521020547
fig2_default_proposed_rep00_seed12025,fig2,default,proposed,0,12025,58,58,116,natural_mean,40,1,50,1,256,sgd,0.9,0.0,cosine,0.0001,0.022989019881492646,23.0,-74,1024,4,1000.0,10,paper_reference_kkt,update,coordinated_aggregate,False,,1.0,78042,0.1943,2.2250127073287786,0.10913927752021702,0.1943,2.2250127073287786,0.10913927752021702,0.1982,2.230915937800162,0.11456864000111819,3.7621519645621064,1.8945674818626859,1.8675844826994206,9.998713970475966e-05,10001.345910708435,9423.211624221953,11140.011908621003,24.62109920731274,6888.41901755164,1140.0119086210034,0.007978255726104114,0.001186709851026535,0.0,0.0,0.0,419.20651630428625,73.46298454232601,156084,9052872,154,8932,0.19496773300758125,0.1949677029252197,0.03168928388456005,0.02411143171446513,0.19952623149688797,0.0037760589229481095,437.73765793194445,419.20651638020655,45.94344833429073,0.9924165404580065,0.996721804705133,0.024419212280231018,0.024419219414636015,0.030686806526071368,0.02291113014282906,0.19952623149688797,0.0037760589090005737,437.7376578641742,419.20651630428625,91.88689598641828,0.9907797047950432,0.9576661301115279,0.36551625373493146,0.36551618643580336,0.03269176124304873,0.0253117332861012,0.19952623149688797,3.2455112646710096e-07,0.00770267426920529,0.00797825656986736,6.821631687718531e-07,0.9940533761209699,1.0357774792987382,876.5347444578074
fig2_default_proposed_rep00_seed12025,fig2,default,proposed,0,12025,59,59,118,natural_mean,40,1,50,1,256,sgd,0.9,0.0,cosine,0.0001,0.022069109279983453,23.0,-74,1024,4,1000.0,10,paper_reference_kkt,update,coordinated_aggregate,False,,1.0,78042,0.199,2.228156844289244,0.0957813564224541,0.199,2.228156844289244,0.0957813564224541,0.1952,2.229356190951044,0.11490151177495718,3.749248143736489,1.866709246397746,1.882538897338743,9.99870976806586e-05,10001.350330912677,9421.51784386361,11131.792049897615,24.665336966869194,6900.826277529506,1131.7920498976146,0.00828707802438146,0.0007194094359874725,0.0,0.0,0.0,386.1144103827957,38.95981625710738,156084,9208956,154,9086,0.13985529834013957,0.13985536767480922,0.022592748452261505,0.02006844606265514,0.19952623149688797,0.0034485751130617723,399.9530251229391,386.1144104717282,38.45368203247767,0.9931580787546721,1.013711128924491,0.0165606083734218,0.016560596265287834,0.023708469974467346,0.019447324521234696,0.19952623149688797,0.00344857509881753,399.9530250468196,386.1144103827965,76.90736343520514,0.9917515211336748,0.9653994148754923,0.2631499883068573,0.2631501390843306,0.021477026930055664,0.020689567604075584,0.19952623149688797,3.1344007314373893e-07,0.007803104460678595,0.008287077049393054,6.29750204184441e-07,0.9945646363756694,1.0620228429734893,891.2169011658989
fig2_default_proposed_rep00_seed12025,fig2,default,proposed,0,12025,60,60,120,natural_mean,40,1,50,1,256,sgd,0.9,0.0,cosine,0.0001,0.021157234758918175,23.0,-74,1024,4,1000.0,10,paper_reference_kkt,update,coordinated_aggregate,False,,1.0,78042,0.1926,2.226728815445558,0.09974557716339826,0.1926,2.226728815445558,0.09974557716339826,0.1974,2.228121926214158,0.11552591596692802,3.756365241499908,1.8663123393713639,1.890052902128544,9.998707152471085e-05,10001.353098630274,9435.6100756988,11127.591748882558,24.69726585963952,6909.77486740449,1127.591748882558,0.007603075663644177,0.0008976384997367859,0.0,0.0,0.0,384.2034714667266,46.70215906373414,156084,9365040,154,9240,0.15015891697559758,0.15015882082147053,0.030729841017310935,0.022625721532315794,0.19952623149688797,0.003408254776203242,407.96444685435796,384.2034715419565,37.39782436159366,0.9916906961638189,0.9549434436339246,0.025441230839702837,0.025441237556036847,0.03010952238785336,0.021300086940803684,0.19952623149688797,0.0034082547629765833,407.9644467787688,384.2034714667271,74.79564814427316,0.9895817258183501,0.941757238743849,0.2748766031114923,0.2748764040869042,0.03135015964676851,0.023951356123827903,0.19952623149688797,3.002659620328045e-07,0.007853370157339357,0.007603079186814497,5.789141725817146e-07,0.9937996665092876,0.9681296485240003,906.1447742972523
fig2_default_proposed_rep00_seed12025,fig2,default,proposed,0,12025,61,61,122,natural_mean,40,1,50,1,256,sgd,0.9,0.0,cosine,0.0001,0.02025431449864322,23.0,-74,1024,4,1000.0,10,paper_reference_kkt,update,coordinated_aggregate,False,,1.0,78042,0.1941,2.2114818413666915,0.099808258997798,0.1941,2.2114818413666915,0.099808258997798,0.1992,2.2275934985558674,0.11292412204891446,3.7485100230996027,1.881827050768832,1.8666829723307705,9.998707354989007e-05,10001.352920537482,9428.573966554082,11118.019609275108,24.69880005839875,6910.20009802882,1118.0196092751085,0.006664138487040652,0.0009117275476455688,0.0,0.0,0.0,364.26978614006237,46.31764820828721,156084,9521124,154,9394,0.17148593902152845,0.17148595312575501,0.027529233921532822,0.02240983544017551,0.19952623149688797,0.0032403816026506877,377.2074521196344,364.26978620102113,33.92870679363796,0.9927771997042543,1.0175138205129024,0.015750005450137283,0.01574999618900356,0.02900650808357583,0.021465964203873734,0.19952623149688797,0.003240381590140419,377.2074520681522,364.26978614006254,67.85741305913099,0.9912729221814245,0.9657014909262991,0.3272218725929196,0.32722191006250645,0.026051959759489814,0.023353706676477286,0.19952623149688797,2.8473863748413907e-07,0.006232091221845856,0.006664140474505481,5.281449209201452e-07,0.9942814772270839,1.0693261500995057,921.2517774319276
fig2_default_proposed_rep00_seed12025,fig2,default,proposed,0,12025,62,62,124,natural_mean,40,1,50,1,256,sgd,0.9,0.0,cosine,0.0001,0.019361257663323438,23.0,-74,1024,4,1000.0,10,paper_reference_kkt,update,coordinated_aggregate,False,,1.0,78042,0.1967,2.2196759737374547,0.09399175376147031,0.1967,2.2196759737374547,0.09399175376147031,0.1995,2.2262805653439934,0.11490813985019924,3.7647992422233885,1.8749753228281667,1.8898239193952218,9.998702519768097e-05,10001.357694869168,9419.801456398589,11111.504499792878,24.683784581177083,6906.0847795823975,1111.504499792878,0.007799423217906859,0.0016772150993347168,0.0,0.0,0.0,351.25075401783187,46.92502640436396,156084,9677208,154,9548,0.2202144719861504,0.22021451442422926,0.02513199654134849,0.021789898997580454,0.19952623149688797,0.003094951976053138,365.50396912603935,351.2507541044241,30.905575510688067,0.9918267149410436,0.9847660163882153,0.02970683511983478,0.029706846709420788,0.022750229954266208,0.020555831821199917,0.19952623149688797,0.0030949519639856394,365.50396904422547,351.2507540178321,61.81115053947161,0.9902444924640925,0.9610039253551034,0.410722108852466,0.4107221821390377,0.02751376312843077,0.02302396617396099,0.19952623149688797,2.733068894674958e-07,0.007733474055955525,0.007799425627774668,4.819045245437606e-07,0.9934089374179946,1.008528107421327,935.032783259172
fig2_default_proposed_rep00_seed12025,fig2,default,proposed,0,12025,63,63,126,natural_mean,40,1,50,1,256,sgd,0.9,0.0,cosine,0.0001,0.01847896348549079,23.0,-74,1024,4,1000.0,10,paper_reference_kkt,update,coordinated_aggregate,False,,1.0,78042,0.2024,2.2043209475278323,0.07753615079618989,0.2024,2.2043209475278323,0.07753615079618989,0.1997,2.224482390099265,0.11294600873291491,3.7250373196141036,1.851631304254852,1.8734060153592518,9.998696949233999e-05,10001.363478811609,9413.981540143734,11148.925460249178,24.730261463132507,6919.137763726957,1148.9254602491783,0.006831332571351539,0.0010410100221633911,0.0,0.0,0.0,321.8672418407169,43.32370038789122,156084,9833292,154,9702,0.25626788277016854,0.256268060143042,0.02367978231889541,0.02124200507239977,0.19952623149688797,0.002924511358411713,337.5154761363448,321.867241913211,27.62408914442474,0.9929350428513192,1.044550187175213,0.026718798956191312,0.026718786930483355,0.024671797342697036,0.02002930885618696,0.19952623149688797,0.002924511346697228,337.51547608272296,321.8672418407166,55.24817784900492,0.9920393646142291,0.9536370279080574,0.4858169665841458,0.4858173333556006,0.022687767295093784,0.022454701288612582,0.19952623149688797,2.617599831771328e-07,0.006016342164538855,0.006831334684064646,4.398445618276586e-07,0.9938307210884092,1.1354633464423685,948.7492370950058
fig2_default_proposed_rep00_seed12025,fig2,default,proposed,0,12025,64,64,128,natural_mean,40,1,50,1,256,sgd,0.9,0.0,cosine,0.0001,0.017608320360593503,23.0,-74,1024,4,1000.0,10,paper_reference_kkt,update,coordinated_aggregate,False,,1.0,78042,0.1971,2.205920118345024,0.08818294049225747,0.1971,2.205920118345024,0.08818294049225747,0.1999,2.2237386666250853,0.1137345102533698,3.7624425160436155,1.8777506567333138,1.8846918593103017,9.99869265610175e-05,10001.367660868988,9422.371481512044,11137.18326283117,24.705122465134174,6912.190073130414,1137.1832628311695,0.00592201862460084,0.0008306242525577545,0.0,0.0,0.0,320.24867882603525,52.09802401991146,156084,9989376,154,9856,0.20156836062485883,0.20156829825298644,0.025753005076044312,0.020670217766295962,0.19952623149688797,0.0028717622873846048,338.90396974156715,320.24867888078967,26.5254174515403,0.991764847000205,0.9928020612123196,0.02838760886370247,0.028387620794485063,0.024074151714958136,0.019811243501143997,0.19952623149688797,0.002871762276439101,338.90396969378975,320.2486788260349,53.050834501297814,0.9896552548332289,0.9449540708531016,0.3747491123860152,0.3747489757114878,0.02743185843713049,0.02152919203144793,0.19952623149688797,2.5073046722472295e-07,0.005690687505175104,0.005922015880758472,4.0178278686070394e-07,0.9938744391671809,1.0406500515715376,962.0253968532197
fig2_default_proposed_rep00_seed12025,fig2,default,proposed,0,12025,65,65,130,natural_mean,40,1,50,1,256,sgd,0.9,0.0,cosine,0.0001,0.016750204952457062,23.0,-74,1024,4,1000.0,10,paper_reference_kkt,update,coordinated_aggregate,False,,1.0,78042,0.1997,2.2123236362651766,0.08089028025792909,0.1997,2.2123236362651766,0.08089028025792909,0.2001,2.2238065851950823,0.11296062972098588,3.764071566406125,1.8806354604199116,1.8834361059862137,9.998684444893652e-05,10001.375903916953,9430.010329295488,11139.521230803295,24.714174794467823,6914.842688238405,1139.521230803295,0.005831016348248194,0.0010259225964546204,0.0,0.0,0.0,295.5733765829228,47.95396467389037,156084,10145460,154,10010,0.23975100190586712,0.23975119734722228,0.016333163482219228,0.018722749093458682,0.19952623149688797,0.0026983558449279062,311.7816230118274,295.5733766404384,23.60710372674999,0.992566314965964,1.0293466559342297,0.03436288753016993,0.03436289272155432,0.014722333827704284,0.017855796887937873,0.19952623149688797,0.0026983558345123316,311.78162296762656,295.57337658292187,47.214207090550545,0.9910228350948128,0.9480140852356612,0.44513911628156433,0.44513950197289026,0.01794399313673417,0.019589701298979495,0.19952623149688797,2.3708617286971368e-07,0.005249953806053682,0.005831013456375069,3.62949436311235e-07,0.9941097948371154,1.110679226632798,975.9487767680548
fig2_default_proposed_rep00_seed12025,fig2,default,proposed,0,12025,66,66,132,natural_mean,40,1,50,1,256,sgd,0.9,0.0,cosine,0.0001,0.015905481310558155,23.0,-74,1024,4,1000.0,10,paper_reference_kkt,update,coordinated_aggregate,False,,1.0,78042,0.1978,2.2080299165237727,0.09432785442970694,0.1978,2.2080299165237727,0.09432785442970694,0.2005,2.22286564701896,0.11225500553548338,3.7402847441385143,1.8706108221323785,1.8696739220061356,9.998681943008204e-05,10001.378677283941,9413.479961341207,11141.540873068021,24.7699352221465,6930.438903247339,1141.540873068021,0.005243900489391128,0.0007376447319984436,0.0,0.0,0.0,285.2840446666674,33.55087680172801,156084,10301544,154,10164,0.23335746892358808,0.23335755609531514,0.020915128764780806,0.01981716803585553,0.19952623149688797,0.0025733918713284026,298.2740002451573,285.2840447148618,21.2164321131226,0.9923623264004999,1.0066050457596432,0.02062984661709773,0.020629836621055567,0.020457439348762742,0.018703536258472497,0.19952623149688797,0.0025733918614677088,298.2740002038801,285.2840446666669,42.4328638998744,0.9909372098856167,0.9564496115536765,0.44608509123007845,0.4460852755695747,0.02137281818079887,0.020930799813238567,0.19952623149688797,2.2527951086191594e-07,0.004962241324024128,0.005243899631407487,3.263708040871777e-07,0.9937874429153832,1.05676047996561,989.8448607102036
fig2_default_proposed_rep00_seed12025,fig2,default,proposed,0,12025,67,67,134,natural_mean,40,1,50,1,256,sgd,0.9,0.0,cosine,0.0001,0.015075000000000005,23.0,-74,1024,4,1000.0,10,paper_reference_kkt,update,coordinated_aggregate,False,,1.0,78042,0.2026,2.2112975439785165,0.08570812693819405,0.2026,2.2112975439785165,0.08570812693819405,0.2013,2.221519730545754,0.11145253149718046,3.737486087414886,1.8663068424042462,1.87117924501064,9.998679104113304e-05,10001.381758721876,9407.660938349905,11156.1693231584,24.819018495271198,6944.177455219674,1156.1693231583995,0.0053196062299752265,0.0007096230983734131,0.0,0.0,0.0,266.42398161544617,35.241780890375594,156084,10457628,154,10318,0.20709851550884148,0.20709868947756147,0.02172455334848781,0.021131697387437264,0.19952623149688797,0.0024246789612300665,275.7568609413904,266.4239816685543,18.962494602256108,0.9928273191320609,1.0324741682334082,0.019238671137040732,0.019238669479725936,0.023402430643841163,0.020197938299243705,0.19952623149688797,0.002424678951851231,275.75686089889217,266.4239816154468,37.92498891211785,0.99119097616402,0.9661553863576231,0.3949583598806422,0.394958709475397,0.020046676053134455,0.022065456475630824,0.19952623149688797,2.1326352022687193e-07,0.0048413195638322025,0.005319607582557263,2.923943661091221e-07,0.9944636621001017,1.0987929501091933,1004.2501119370572
fig2_default_proposed_rep00_seed12025,fig2,default,proposed,0,12025,68,68,136,natural_mean,40,1,50,1,256,sgd,0.9,0.0,cosine,0.0001,0.01425959724506545,23.0,-74,1024,4,1000.0,10,paper_reference_kkt,update,coordinated_aggregate,False,,1.0,78042,0.2043,2.2059140981166196,0.08485515250876546,0.2043,2.2059140981166196,0.08485515250876546,0.201,2.221019453391722,0.11201930364221335,3.7278360675334445,1.8651177512059254,1.862718316327519,9.99867281948346e-05,10001.388013541122,9416.99927452423,11152.148717262759,24.81414202929623,6942.914641003078,1152.1487172627585,0.0048593775092392565,0.0005693733692169189,0.0,0.0,0.0,255.50924976116332,43.72293936229107,156084,10613712,154,10472,0.19222716933156175,0.19222725138175997,0.016865771741291218,0.018834185584017463,0.19952623149688797,0.002302020594219836,267.25425795591207,255.50924980737238,16.972664137520805,0.9926783702543136,0.9812958800263336,0.019256283941002723,0.019256280484623526,0.01660897332867536,0.017857540468537176,0.19952623149688797,0.002302020585358053,267.2542579123062,255.50924976116363,33.94532801202175,0.991562896774107,0.9560530526546731,0.3651980547221208,0.3651982222788964,0.01712257015390707,0.01981083069949775,0.19952623149688797,2.0199013509062023e-07,0.0048278078889061864,0.004859375697233142,2.630198666561931e-07,0.9937938437345202,1.0065387073979941,1018.0577580989338
fig2_default_proposed_rep00_seed12025,fig2,default,proposed,0,12025,69,69,138,natural_mean,40,1,50,1,256,sgd,0.9,0.0,cosine,0.0001,0.013460094087209997,23.0,-74,1024,4,1000.0,10,paper_reference_kkt,update,coordinated_aggregate,False,,1.0,78042,0.1987,2.2113499125798537,0.10209269267305733,0.1987,2.2113499125798537,0.10209269267305733,0.201,2.2196986187550847,0.11255591606646775,3.7535434036022046,1.8720303804197729,1.881513023182432,9.998673080714635e-05,10001.387844578596,9408.1202770911,11145.266403254287,24.831070104950072,6947.63365778271,1145.266403254287,0.00457285370157484,0.0005159638822078705,0.0,0.0,0.0,248.05182306669008,29.1435667420792,156084,10769796,154,10626,0.20110161976129784,0.2011015939600114,0.03187144013777195,0.023148662244568647,0.19952623149688797,0.0022256495942641788,261.07505244197165,248.05182310883953,15.962381510679469,0.9923627298602755,1.0011951983291951,0.02647129676726043,0.02647131160583492,0.029941970195594733,0.021437095725625733,0.19952623149688797,0.002225649586119488,261.07505240580383,248.05182306668905,31.92476278810121,0.9905705808860528,0.9501169364691834,0.3757319427553352,0.37573187631418786,0.033800910079949155,0.02486022876351156,0.19952623149688797,1.9040602623274195e-07,0.004345691956008352,0.004572856424402885,2.3325773070700544e-07,0.9941548788344982,1.0522734601892068,1031.2867867061868
fig2_default_proposed_rep00_seed12025,fig2,default,proposed,0,12025,70,70,140,natural_mean,40,1,50,1,256,sgd,0.9,0.0,cosine,0.0001,0.012677295558342617,23.0,-74,1024,4,1000.0,10,paper_reference_kkt,update,coordinated_aggregate,False,,1.0,78042,0.2007,2.217099182397498,0.08652864129319787,0.2007,2.217099182397498,0.08652864129319787,0.2013,2.218829595004177,0.11142458050847052,3.715330502266559,1.8469427502652516,1.868387752001307,9.998671218962305e-05,10001.38976739201,9407.868368039384,11157.07767456252,24.84231334874124,6950.799660847807,1157.0776745625208,0.0043638452346171355,0.0007847584784030914,0.0,0.0,0.0,228.7232324643101,29.772138931875816,156084,10925880,154,10780,0.28401218219934365,0.28401220135003463,0.02622008619371724,0.020373599274016763,0.19952623149688797,0.0020591863247167237,238.76732186167894,228.72323250593945,13.585107748746866,0.9929000062778939,1.0553172678232436,0.022190502493850073,0.02219050995815095,0.028073345947052332,0.01972190254281628,0.19952623149688797,0.0020591863168780166,238.76732183166655,228.7232324643102,27.17021529055743,0.9916072858176805,0.9579336148001605,0.5458338619048373,0.5458338927419183,0.02436682644038215,0.021025296005217246,0.19952623149688797,1.7967391844033671e-07,0.0037857562806147115,0.004363845405220022,2.069363036341391e-07,0.9941927267381072,1.1527009208463266,1044.8920957189985
fig2_default_proposed_rep00_seed12025,fig2,default,proposed,0,12025,71,71,142,natural_mean,40,1,50,1,256,sgd,0.9,0.0,cosine,0.0001,0.011911989870226887,23.0,-74,1024,4,1000.0,10,paper_reference_kkt,update,coordinated_aggregate,False,,1.0,78042,0.1979,2.2049222511278463,0.08669271290045232,0.1979,2.2049222511278463,0.08669271290045232,0.2015,2.219042601578571,0.11133987291604283,3.7336170782514166,1.8588408434257624,1.8747762348256545,9.998669036312192e-05,10001.392071243368,9400.02253651392,11160.723592574243,24.867879385795284,6957.966591938672,1160.7235925742425,0.0037255569300820588,0.0006061792373657227,0.0,0.0,0.0,213.99925194272882,26.079036892209842,156084,11081964,154,10934,0.25883478279868816,0.2588348628697419,0.02675069445082942,0.022351637303068234,0.19952623149688797,0.001935858444383597,220.88651755789144,213.99925197515904,12.068042564934682,0.9922591708654407,1.0327832977161178,0.020613688789562375,0.02061367926410685,0.025330741425913388,0.02126554244940865,0.19952623149688797,0.001935858437056714,220.88651753177157,213.99925194272953,24.136084947374528,0.9909168302851559,0.9688199062397196,0.497055876807814,0.49705604647537693,0.02817064747574545,0.023437732156727818,0.19952623149688797,1.6842688649123627e-07,0.003396917771834695,0.003725558196206607,1.824948375750052e-07,0.9936015114457254,1.096746689192516,1059.272595724091
fig2_default_proposed_rep00_seed12025,fig2,default,proposed,0,12025,72,72,144,natural_mean,40,1,50,1,256,sgd,0.9,0.0,cosine,0.0001,0.01116494762081856,23.0,-74,1024,4,1000.0,10,paper_reference_kkt,update,coordinated_aggregate,False,,1.0,78042,0.2013,2.2011497896571695,0.08478395788140596,0.2013,2.2011497896571695,0.08478395788140596,0.2012,2.2178410200324272,0.11076433709710835,3.754096528884717,1.8763545861928168,1.8777419426919,9.998663146218145e-05,10001.398061813019,9397.0489528008,11173.53486795579,24.890059185269223,6964.246716217683,1173.53486795579,0.0036073313093773454,0.0005646869540214539,0.0,0.0,0.0,199.9970443022692,23.29423632374892,156084,11238048,154,11088,0.2350437720546883,0.23504393043389885,0.030565506220934804,0.021912642867347034,0.19952623149688797,0.001798303376417315,207.80664888348005,199.99704433480133,10.452220144052179,0.9927342153059653,1.0335009741457575,0.018894412948557135,0.018894401439146325,0.03130938095479898,0.020937342715952253,0.19952623149688797,0.001798303369449534,207.80664885781832,199.99704430226876,20.904440126697644,0.9912290467461154,0.9624188631212944,0.45119313116081944,0.45119345942865136,0.029821631487070628,0.022887943018741815,0.19952623149688797,1.5830467081265168e-07,0.003265786463639622,0.00360733172931714,1.6140671220102048e-07,0.994239383865815,1.1045830851702205,1072.597136261873
fig2_default_proposed_rep00_seed12025,fig2,default,proposed,0,12025,73,73,146,natural_mean,40,1,50,1,256,sgd,0.9,0.0,cosine,0.0001,0.010436921018338713,23.0,-74,1024,4,1000.0,10,paper_reference_kkt,update,coordinated_aggregate,False,,1.0,78042,0.1969,2.216388365432565,0.09829217021796853,0.1969,2.216388365432565,0.09829217021796853,0.201,2.217840408531909,0.11259512001425026,3.7337517122286137,1.8590846794182745,1.8746670328103392,9.998662684611229e-05,10001.398597117422,9392.701082021684,11167.675195394298,24.903740419703972,6968.071077470739,1167.6751953942985,0.003555457636490955,0.0004918426275253296,0.0,0.0,0.0,184.86822145924862,21.065133596501255,156084,11394132,154,11242,0.17396753532832665,0.17396754249644514,0.02646081353940445,0.021428682740767216,0.19952623149688797,0.0017025477556923073,192.36951997341734,184.86822149343908,9.375196027314587,0.9923249370251295,0.980178066460745,0.02286926379881072,0.02286928339225497,0.027364971965507648,0.02026033033529541,0.19952623149688797,0.001702547749248813,192.36951994051788,184.86822145924913,18.750391914239177,0.9907987507805402,0.9610057614106025,0.3250658068578426,0.3250658016006353,0.025556655113301255,0.022597035146239022,0.19952623149688797,1.4812397991690934e-07,0.0035577681064568496,0.0035554572901411695,1.4038999688493215e-07,0.9938511232697187,0.9993503715108876,1085.8707943791524
fig2_default_proposed_rep00_seed12025,fig2,default,proposed,0,12025,74,74,148,natural_mean,40,1,50,1,256,sgd,0.9,0.0,cosine,0.0001,0.009728643123863893,23.0,-74,1024,4,1000.0,10,paper_reference_kkt,update,coordinated_aggregate,False,,1.0,78042,0.2058,2.2044250296597547,0.0700429308507219,0.2058,2.2044250296597547,0.0700429308507219,0.2011,2.216894765347757,0.11219198841899636,3.7371247855232057,1.8679000606129392,1.8692247249102665,9.998659426605064e-05,10001.401872538341,9392.82039981441,11165.854612804002,24.907000313960733,6969.031688982166,1165.8546128040016,0.0032093772557677354,0.00048504024744033813,0.0,0.0,0.0,178.92361144937107,34.743300660613386,156084,11550216,154,11396,0.26707412038165473,0.2670741191079468,0.02771493272483279,0.021343878134956445,0.19952623149688797,0.0015810671903312857,187.0099561766366,178.92361147815475,8.087489779720062,0.9926169774601337,1.015239039931683,0.023936887773410437,0.023936877584593078,0.025723145900999344,0.01997935981733719,0.19952623149688797,0.001581067184387471,187.00995615274934,178.9236114493712,16.174979437833358,0.9912074029306971,0.9567597640135954,0.5102113529898991,0.5102113606313006,0.02970671954866623,0.022708396452575698,0.19952623149688797,1.3709537121957687e-07,0.002989032715301166,0.0032093792475879424,1.2160676859419728e-07,0.9940265519895702,1.0737183158497705,1100.094568152912
fig2_default_proposed_rep00_seed12025,fig2,default,proposed,0,12025,75,75,150,natural_mean,40,1,50,1,256,sgd,0.9,0.0,cosine,0.0001,0.009040827113195673,23.0,-74,1024,4,1000.0,10,paper_reference_kkt,update,coordinated_aggregate,False,,1.0,78042,0.1997,2.1927659304542706,0.079166781315729,0.1997,2.1927659304542706,0.079166781315729,0.2015,2.216662117327848,0.1125097783192992,3.7479941658183007,1.8735956151269582,1.8743985506913423,9.998660000870917e-05,10001.401257232572,9393.02222681571,11171.576215079947,24.897937068805014,6966.4941224522045,1171.5762150799474,0.0029447594426306747,0.0004988107830286026,0.0,0.0,0.0,168.5602516770401,30.82850991777559,156084,11706300,154,11550,0.21764141587473346,0.21764141721303143,0.029592900844177476,0.022948120611681576,0.19952623149688797,0.00147495073789475,175.01983103570785,168.56025170276277,7.011581185237636,0.9923329919272432,0.9973491683516267,0.01823932350554223,0.01823932870123232,0.03257981360301408,0.022148080698536566,0.19952623149688797,0.0014749507323714535,175.01983101242925,168.56025167704007,14.023162264870384,0.9905670309172123,0.9630923687568139,0.41704350824392467,0.41704350572483057,0.026605988085340867,0.023748160524826586,0.19952623149688797,1.2764474173184329e-07,0.002854546164732202,0.002944766934301923,1.0560488899935011e-07,0.994098952937274,1.0316059679464396,1113.2528641312383
fig2_default_proposed_rep00_seed12025,fig2,default,proposed,0,12025,76,76,152,natural_mean,40,1,50,1,256,sgd,0.9,0.0,cosine,0.0001,0.008374165558753146,23.0,-74,1024,4,1000.0,10,paper_reference_kkt,update,coordinated_aggregate,False,,1.0,78042,0.2,2.20702778658448,0.09176171486720444,0.2,2.20702778658448,0.09176171486720444,0.2017,2.216088126378524,0.11164544404149057,3.741320950575059,1.8697351841815004,1.8715857663935587,9.998657913009184e-05,10001.403413184777,9389.847033912372,11163.015855881864,24.91256790233395,6970.608787177476,1163.015855881864,0.0030649714885475354,0.0004907436668872833,0.0,0.0,0.0,155.61082488082485,26.565743164541345,156084,11862384,154,11704,0.31221975641031036,0.31221963226488186,0.03866510520361685,0.025252035019818306,0.19952623149688797,0.0013600538926591623,164.1854856124727,155.61082491101044,5.921678276912523,0.9921325259122198,1.0688286996121925,0.02323902485279639,0.023239009975249234,0.03826638135617796,0.023832957904890446,0.19952623149688797,0.0013600538874817686,164.18548559226673,155.61082488082602,11.843356463259548,0.9906860791516063,0.9477745766071808,0.6012004879678243,0.6012002545545145,0.039063829051055744,0.02667111213474617,0.19952623149688797,1.1867210563141771e-07,0.002575859035641141,0.00306497071555889,9.056549887192174e-08,0.9935789726728331,1.1898828226172042,1127.6377677209675
fig2_default_proposed_rep00_seed12025,fig2,default,proposed,0,12025,77,77,154,natural_mean,40,1,50,1,256,sgd,0.9,0.0,cosine,0.0001,0.007729329732211148,23.0,-74,1024,4,1000.0,10,paper_reference_kkt,update,coordinated_aggregate,False,,1.0,78042,0.1999,2.2150108663580585,0.07367899950906635,0.1999,2.2150108663580585,0.07367899950906635,0.2014,2.21543736949407,0.11115320000648497,3.7347827360322006,1.8777354658559526,1.857047270176248,9.998653945450826e-05,10001.407459833368,9397.500019369198,11162.193713057095,24.928674476574937,6975.164834491429,1162.193713057095,0.002630626935328738,0.00030254945158958435,0.0,0.0,0.0,141.39268961001548,15.246964035761266,156084,12018468,154,11858,0.26548035900773664,0.2654801600895046,0.022873274970371664,0.02045557553078265,0.19952623149688797,0.0012733183194215134,147.51830137506792,141.392689634487,5.184086310554972,0.9923984336845835,1.050596166137754,0.024833777130907887,0.02483378251275499,0.024831479569198227,0.0195645518754856,0.19952623149688797,0.0012733183147176212,147.51830135710546,141.39268961001542,10.36817254432129,0.9909339265346068,0.9584755229258649,0.5061269408845654,0.5061265376662542,0.020915070371545098,0.021346599186079705,0.19952623149688797,1.0944909439812547e-07,0.00230208240973975,0.0026306287762996794,7.678865363669787e-08,0.9938629408345601,1.1427168093496434,1141.4059666758403
fig2_default_proposed_rep00_seed12025,fig2,default,proposed,0,12025,78,78,156,natural_mean,40,1,50,1,256,sgd,0.9,0.0,cosine,0.0001,0.007106968928586611,23.0,-74,1024,4,1000.0,10,paper_reference_kkt,update,coordinated_aggregate,False,,1.0,78042,0.2016,2.2105317101176203,0.08923746728107335,0.2016,2.2105317101176203,0.08923746728107335,0.2014,2.2147509308637834,0.11179900016337634,3.7385622783206847,1.8723314310502666,1.8662308472704183,9.998653706143894e-05,10001.40769619322,9399.594830552014,11157.976037148617,24.92715337725371,6974.744298513265,1157.9760371486173,0.0024046553606434386,0.00030878186225891113,0.0,0.0,0.0,129.8499646633359,17.219381983884887,156084,12174552,154,12012,0.15349661106653678,0.1534967087309903,0.039540905542433294,0.02514237285357049,0.19952623149688797,0.0011545792613586953,135.28479938103487,129.84996468560152,4.324888745896077,0.9926872076385117,0.974779951277789,0.018871613065455307,0.01887160917353334,0.03749517273554254,0.023579971883204102,0.19952623149688797,0.001154579256922973,135.28479935921817,129.849964663336,8.649777426837677,0.9910644950906075,0.9598266916882712,0.28812160906761825,0.28812180828844725,0.041586638349324044,0.02670477382393688,0.19952623149688797,1.0120665121976883e-07,0.002429596948341801,0.0024046526473217376,6.495447797969853e-08,0.994309920186416,0.9897332108673069,1155.4668046548031
fig2_default_proposed_rep00_seed12025,fig2,default,proposed,0,12025,79,79,158,natural_mean,40,1,50,1,256,sgd,0.9,0.0,cosine,0.0001,0.006507709812453521,23.0,-74,1024,4,1000.0,10,paper_reference_kkt,update,coordinated_aggregate,False,,1.0,78042,0.2035,2.2018093672858465,0.08834155609223991,0.2035,2.2018093672858465,0.08834155609223991,0.2023,2.214597722316119,0.11067195099294187,3.7373620049757,1.8725642866908836,1.8647977182848166,9.998651134299102e-05,10001.410234645431,9398.511808316345,11148.972640802393,24.918756719185332,6972.4423735706205,1148.9726408023926,0.002135025449313399,0.00030068308115005493,0.0,0.0,0.0,118.38019080387944,20.772516323460877,156084,12330636,154,12166,0.24061184742586295,0.24061188917710416,0.02530392842985564,0.021833735851994107,0.19952623149688797,0.0010562250892807428,123.01355604727594,118.38019082313275,3.577685518100758,0.9927421053165537,1.0358030129356557,0.02084076062227076,0.0208407579855499,0.02281373087338568,0.020624997698420203,0.19952623149688797,0.0010562250852609026,123.01355603221863,118.38019080387981,7.155370981753693,0.9912235400635215,0.9623344709674136,0.46038293422945514,0.4603830203686584,0.0277941259863256,0.023042474005568015,0.19952623149688797,9.21504864854889e-08,0.001924709491470721,0.0021350256985424843,5.444782345213091e-08,0.994260670569586,1.1092715549038976,1168.6510208901018
fig2_default_proposed_rep00_seed12025,fig2,default,proposed,0,12025,80,80,160,natural_mean,40,1,50,1,256,sgd,0.9,0.0,cosine,0.0001,0.005932155786944794,23.0,-74,1024,4,1000.0,10,paper_reference_kkt,update,coordinated_aggregate,False,,1.0,78042,0.2017,2.1897031060566543,0.08779071960266681,0.2017,2.1897031060566543,0.08779071960266681,0.2028,2.214296929144991,0.11018145959973334,3.714652597964841,1.8621130232165812,1.8525395747482596,9.998650575015709e-05,10001.410849648648,9400.752351051493,11163.683633443772,24.93185594407814,6976.105634383028,1163.6836334437721,0.0019615081623551057,0.00034808460623025894,0.0,0.0,0.0,108.9166917295074,18.431308314222406,156084,12486720,154,12320,0.32584576449536673,0.32584583803289907,0.032503412256507366,0.023746212219178744,0.19952623149688797,0.0009694650540520942,114.5020398449274,108.91669174717086,3.0166056637864607,0.992335081996994,1.0343709307732718,0.021543537887259625,0.02154352728808638,0.030946916110492034,0.022192887662775156,0.19952623149688797,0.0009694650503849724,114.50203983147418,108.9166917295082,6.033211282035805,0.9909424006707154,0.9512206116988513,0.6301479911034739,0.6301481487777117,0.034059908402522696,0.025299536775582332,0.19952623149688797,8.432255250710326e-08,0.0017552320896069343,0.0019615088954291347,4.553711628894095e-08,0.9937277633232726,1.1175212498476925,1182.446749097202
fig2_default_proposed_rep00_seed12025,fig2,default,proposed,0,12025,81,81,162,natural_mean,40,1,50,1,256,sgd,0.9,0.0,cosine,0.0001,0.0053808863861765106,23.0,-74,1024,4,1000.0,10,paper_reference_kkt,update,coordinated_aggregate,False,,1.0,78042,0.2019,2.1955611739633567,0.09259659318499266,0.2019,2.1955611739633567,0.09259659318499266,0.2025,2.2139760487219324,0.11088433739691973,3.7141814324038442,1.8612702816937003,1.852911150710144,9.998650579789486e-05,10001.410835628114,9398.219775287316,11161.217368983476,24.929609520219216,6975.478854624133,1161.2173689834763,0.0017852029126009179,0.00021009892225265503,0.0,0.0,0.0,96.9076825416593,17.50959239003896,156084,12642804,154,12474,0.19290852523065205,0.19290855443976987,0.020960749879604463,0.019749670503057246,0.19952623149688797,0.0008852210478023957,101.69675006532499,96.90768255810272,2.4996735157863057,0.9922205879230477,0.9896939467412905,0.027554241731274933,0.027554245627466535,0.02212089942645965,0.01904344368431164,0.19952623149688797,0.0008852210445345287,101.6967500504541,96.90768254165951,4.999346994242597,0.9903213973657442,0.9529083443373039,0.3582628087300292,0.3582628632520732,0.019800600332749278,0.020455897321802856,0.19952623149688797,7.606293002792672e-08,0.0017391500700125882,0.0017852020961581423,3.733001501254115e-08,0.994119778480351,1.0264795491452772,1196.974774167873
fig2_default_proposed_rep00_seed12025,fig2,default,proposed,0,12025,82,82,164,natural_mean,40,1,50,1,256,sgd,0.9,0.0,cosine,0.0001,0.0048544566917061195,23.0,-74,1024,4,1000.0,10,paper_reference_kkt,update,coordinated_aggregate,False,,1.0,78042,0.208,2.196658940318322,0.07820568583935499,0.208,2.196658940318322,0.07820568583935499,0.2027,2.213905913159117,0.1106875419706106,3.7447659307190744,1.8747584109146256,1.870007519804449,9.998649354596683e-05,10001.412081028713,9398.430182637547,11162.579065638962,24.933136673118277,6976.482289995595,1162.5790656389618,0.0015063308644093628,0.00017653405666351318,0.0,0.0,0.0,85.89036315696124,8.717954833980912,156084,12798888,154,12628,0.21259393468546595,0.21259393646604335,0.022575259856201416,0.02077734580850431,0.19952623149688797,0.0007852803207057872,89.23354624465868,85.89036317017002,1.9903834023391282,0.9929028492893143,1.004869666495396,0.018458752686071108,0.018458756688828664,0.022290032027552243,0.019911216759813364,0.19952623149688797,0.0007852803176572861,89.23354623306506,85.89036315696113,3.9807667741782873,0.9915574445870762,0.9625344482548521,0.4067291166848608,0.406729116243258,0.022860487684850588,0.02164347485719526,0.19952623149688797,6.91943348575753e-08,0.001438429906473788,0.0015063306537551648,3.049996912955504e-08,0.9942482539915524,1.0472048847359399,1210.5747409588657
fig2_default_proposed_rep00_seed12025,fig2,default,proposed,0,12025,83,83,166,natural_mean,40,1,50,1,256,sgd,0.9,0.0,cosine,0.0001,0.004353396773612437,23.0,-74,1024,4,1000.0,10,paper_reference_kkt,update,coordinated_aggregate,False,,1.0,78042,0.2016,2.1903557873866464,0.08572153180301184,0.2016,2.1903557873866464,0.08572153180301184,0.2027,2.2137198153015225,0.11038134652823207,3.736387144148895,1.8709573619605808,1.8654297821883146,9.998648132925879e-05,10001.413332218672,9399.254032616436,11161.195015558991,24.94025417855672,6978.4872230474175,1161.1950155589911,0.001433791306874011,0.00033948570489883423,0.0,0.0,0.0,80.65674259229914,12.274199180576034,156084,12954972,154,12782,0.2777441828162336,0.27774430905462866,0.02529230742937636,0.020823622004674323,0.19952623149688797,0.00071788890147424,83.8509956133236,80.65674260504306,1.6508787691734237,0.9922703735077616,1.0397176141484505,0.02044694763765079,0.020446935086347363,0.026122437372837478,0.019966140587563703,0.19952623149688797,0.0007178888988229969,83.85099560350803,80.65674259229918,3.3017575138567796,0.9905227874504717,0.9619055710585186,0.5350414179948164,0.53504168302291,0.02446217748591524,0.021681103421784944,0.19952623149688797,6.169761680775787e-08,0.0012830012621655555,0.0014337918029387975,2.4490067964108436e-08,0.9940179595650513,1.1175296572383824,1224.002852500882
fig2_default_proposed_rep00_seed12025,fig2,default,proposed,0,12025,84,84,168,natural_mean,40,1,50,1,256,sgd,0.9,0.0,cosine,0.0001,0.0038782111567599404,23.0,-74,1024,4,1000.0,10,paper_reference_kkt,update,coordinated_aggregate,False,,1.0,78042,0.2061,2.1844978115324007,0.07438665871474892,0.2061,2.1844978115324007,0.07438665871474892,0.203,2.213639755379714,0.1102174263626337,3.726465232981064,1.8535070972306804,1.8729581357503835,9.998649465830173e-05,10001.411983768523,9404.436346975588,11161.754652202602,24.93754079693762,6977.709121870983,1161.7546522026023,0.0012369928725417683,0.00024396926164627075,0.0,0.0,0.0,68.79326309037769,9.016813747641208,156084,13111056,154,12936,0.2724016902098083,0.27240157568458995,0.02871536575495544,0.022816131412058287,0.19952623149688797,0.0006303652671509622,71.32631405467676,68.79326310149881,1.2669875007325766,0.9921570810518766,1.0194346709661943,0.020974413095382647,0.020974404815085425,0.02935985568038608,0.021752078570330142,0.19952623149688797,0.0006303652647630731,71.32631404538414,68.7932630903774,2.533974982078496,0.9903221372000905,0.9644864733244594,0.523828967324234,0.5238287465540945,0.0280708758295248,0.023880184253786428,0.19952623149688797,5.486788362328076e-08,0.0011513539422729636,0.001236994949768412,1.938665727113805e-08,0.9939920249036627,1.0743828686079293,1238.0057435990311
fig2_default_proposed_rep00_seed12025,fig2,default,proposed,0,12025,85,85,170,natural_mean,40,1,50,1,256,sgd,0.9,0.0,cosine,0.0001,0.0034293783127850447,23.0,-74,1024,4,1000.0,10,paper_reference_kkt,update,coordinated_aggregate,False,,1.0,78042,0.1996,2.2121184401010394,0.10066637837737798,0.1996,2.2121184401010394,0.10066637837737798,0.2032,2.213701870214646,0.11016056209355593,3.7233755105873336,1.863243797667029,1.8601317129203045,9.998648796338338e-05,10001.412650267881,9402.322424062575,11165.436083800676,24.93681408215761,6977.516959832395,1165.436083800676,0.0011401926788428402,0.00021617114543914795,0.0,0.0,0.0,63.316832983880666,9.890723187154435,156084,13267140,154,13090,0.2192352435044687,0.21923528069810327,0.022105541970857265,0.021054043396266924,0.19952623149688797,0.0005675736923615046,67.6357310629255,63.316832994146594,1.0387119198042747,0.991855687113177,0.9972617975885757,0.03585748475238914,0.03585749283098092,0.02290603216663533,0.019973735263548082,0.19952623149688797,0.0005675736902890115,67.63573105434584,63.31683298388039,2.077423824438731,0.9892448504382076,0.9361447177815934,0.4026130022565483,0.4026130685652256,0.0213050517750792,0.02213435152898576,0.19952623149688795,4.8503454930041217e-08,0.001077304246667633,0.001140196024016717,1.5169818404721012e-08,0.9944665237881464,1.058378877395558,1252.128817007877
fig2_default_proposed_rep00_seed12025,fig2,default,proposed,0,12025,86,86,172,natural_mean,40,1,50,1,256,sgd,0.9,0.0,cosine,0.0001,0.003007350178315699,23.0,-74,1024,4,1000.0,10,paper_reference_kkt,update,coordinated_aggregate,False,,1.0,78042,0.2024,2.2186109580586626,0.09381939742490648,0.2024,2.2186109580586626,0.09381939742490648,0.2032,2.2136300323809617,0.11034802003502846,3.7222472042421355,1.8627702183301427,1.8594769859119928,9.998648359056416e-05,10001.413086859437,9402.085529342608,11164.358413906444,24.936225254654538,6977.359627758481,1164.3584139064442,0.0010027551525585525,0.00012868642807006836,0.0,0.0,0.0,53.99617067185028,7.373521568382785,156084,13423224,154,13244,0.1661285070974146,0.16612852090630753,0.03641369357212739,0.023361324072490725,0.19952623149688797,0.0004902422346006931,55.82726180220107,53.99617068116128,0.7703502115288596,0.993237395242025,1.0069969938363972,0.018016818246070446,0.01801682923852931,0.03549364793858966,0.021880661823316962,0.19952623149688797,0.0004902422327353253,55.8272617939826,53.99617067185028,1.540700411392242,0.9918722468390283,0.9672008191845223,0.3142401959487588,0.31424021257408574,0.03733373920566512,0.024841986321664483,0.19952623149688797,4.276639240444739e-08,0.0009579295940292747,0.0010027543331694421,1.1665477327238858e-08,0.9946025436450219,1.0467931684882719,1266.895264733117
fig2_default_proposed_rep00_seed12025,fig2,default,proposed,0,12025,87,87,174,natural_mean,40,1,50,1,256,sgd,0.9,0.0,cosine,0.0001,0.0026125516999095156,23.0,-74,1024,4,1000.0,10,paper_reference_kkt,update,coordinated_aggregate,False,,1.0,78042,0.2065,2.1933807898721933,0.07848242937251924,0.2065,2.1933807898721933,0.07848242937251924,0.2031,2.213500879504623,0.11014870670884847,3.726943835843495,1.866744475107591,1.8601993607359042,9.998647366257687e-05,10001.414074991519,9403.005906086113,11162.373065104866,24.935268125849575,6977.108296463873,1162.3730651048663,0.0009851189492067454,0.00018874183297157288,0.0,0.0,0.0,47.99241115384252,6.67284581434069,156084,13579308,154,13398,0.21588748683665693,0.21588751925188468,0.025457584922724874,0.021666301506003335,0.19952623149688797,0.0004271150398697167,50.3238618719377,47.99241116395235,0.5875697630682057,0.992170384541367,1.043432880489989,0.026641265457411585,0.026641258903985002,0.02421413954527424,0.020017453527269035,0.19952623149688797,0.00042711503826915287,50.32386186442896,47.992411153841736,1.1751395173174999,0.990603743265957,0.9536710510410913,0.4051337082159023,0.40513377959978436,0.026701030300175503,0.023315149484737636,0.19952623149688795,3.697634047136562e-08,0.0008693318265829643,0.0009851220332656035,8.818911604256891e-09,0.9937370258167768,1.1331947099388866,1280.9807710079476
fig2_default_proposed_rep00_seed12025,fig2,default,proposed,0,12025,88,88,176,natural_mean,40,1,50,1,256,sgd,0.9,0.0,cosine,0.0001,0.0022453804061686265,23.0,-74,1024,4,1000.0,10,paper_reference_kkt,update,coordinated_aggregate,False,,1.0,78042,0.2034,2.192049742848517,0.08517338809683918,0.2034,2.192049742848517,0.08517338809683918,0.2031,2.2134073402581302,0.11039476767480373,3.7333135129476487,1.8617779313608442,1.8715355815868047,9.9986471183041e-05,10001.414312315876,9402.338869721932,11161.77239571486,24.93273121530143,6976.404476625418,1161.7723957148592,0.0007218604332010871,7.059425115585327e-05,0.0,0.0,0.0,39.96817539798378,5.547568325871907,156084,13735392,154,13552,0.15790562908120498,0.15790567495236013,0.03113076743165389,0.02298255218876314,0.19952623149688797,0.000360783761263309,41.391141880080625,39.96817540450198,0.4183481334418102,0.9929239743641798,0.9808479010385458,0.018815517990900133,0.018815508920855574,0.03278897996637232,0.021958831258138155,0.19952623149688797,0.0003607837598636124,41.391141873736345,39.96817539798331,0.8366962603723834,0.9913524246117621,0.96562148727837,0.2969957401715098,0.29699584098386467,0.02947255489693546,0.02400627311938813,0.19952623149688797,3.178011371875707e-08,0.0007247027818834443,0.0007218578524371976,6.511237004498614e-09,0.9944955241165976,0.9960743147987215,1294.3967411401682
fig2_default_proposed_rep00_seed12025,fig2,default,proposed,0,12025,89,89,178,natural_mean,40,1,50,1,256,sgd,0.9,0.0,cosine,0.0001,0.0019062060074620459,23.0,-74,1024,4,1000.0,10,paper_reference_kkt,update,coordinated_aggregate,False,,1.0,78042,0.1992,2.2069987438147947,0.10500829917117953,0.1992,2.2069987438147947,0.10500829917117953,0.2031,2.213383830216528,0.11050279555767775,3.731968298569579,1.8589071213653345,1.8730611772042445,9.99864721686122e-05,10001.414219196797,9400.63893456858,11160.326611612605,24.934038704916944,6976.767677551567,1160.3266116126051,0.000596840418654055,8.903443813323975e-05,0.0,0.0,0.0,34.29526531281375,3.853818109495478,156084,13891476,154,13706,0.21425882157788165,0.21425887073385827,0.019937411701245793,0.020076494183689016,0.19952623149688797,0.00031150361412424655,36.09838912430978,34.295265318007466,0.3118501328997391,0.992807296523002,0.9800024200593278,0.027794600575502426,0.027794606094850596,0.019917100765322507,0.01928185166919893,0.19952623149688797,0.0003115036129568229,36.098389119472586,34.295265312814074,0.6237002611299105,0.9909256867366282,0.9500497898707572,0.40072304258026087,0.40072313537286597,0.019957722637169082,0.020871136698179103,0.19952623149688797,2.6968747685670825e-08,0.0005909567511915111,0.0005968395833066642,4.6695677572531855e-09,0.9946889063093759,1.0099550502478984,1307.2107458570972
fig2_default_proposed_rep00_seed12025,fig2,default,proposed,0,12025,90,90,180,natural_mean,40,1,50,1,256,sgd,0.9,0.0,cosine,0.0001,0.0015953700236586875,23.0,-74,1024,4,1000.0,10,paper_reference_kkt,update,coordinated_aggregate,False,,1.0,78042,0.201,2.2043361048776946,0.07754859054505824,0.201,2.2043361048776946,0.07754859054505824,0.2031,2.213291555250373,0.11029635857492687,3.723070212565021,1.8672824522000966,1.8557877603649244,9.998647139507563e-05,10001.414301622908,9400.238279399136,11161.013377940393,24.93502410609391,6977.043821423386,1161.0133779403932,0.0005280000265813941,6.135553121566772e-05,0.0,0.0,0.0,28.061266939432215,2.937651913262016,156084,14047560,154,13860,0.22031137362189337,0.22031151053198592,0.024921814919308533,0.02140230802982625,0.19952623149688797,0.0002584588289890437,29.279803428096976,28.06126694439936,0.217039708576369,0.9926859221469496,1.0386472043550459,0.023905983400746192,0.02390597652512447,0.0241125340996337,0.020416225386596463,0.19952623149688797,0.0002584588280051424,29.279803424294435,28.061266939432,0.4340794138753482,0.9912843033156833,0.9583829747884417,0.41671676384304057,0.41671704453884734,0.025731095738983367,0.02238839067305604,0.19952623149688792,2.255207151470712e-08,0.0004718847532958591,0.0005279971990563426,3.2773897853004297e-09,0.9940875409782159,1.1189114339216502,1321.2707617529668
fig2_default_proposed_rep00_seed12025,fig2,default,proposed,0,12025,91,91,182,natural_mean,40,1,50,1,256,sgd,0.9,0.0,cosine,0.0001,0.0013131854402458072,23.0,-74,1024,4,1000.0,10,paper_reference_kkt,update,coordinated_aggregate,False,,1.0,78042,0.201,2.213636760523111,0.08674582767903802,0.201,2.213636760523111,0.08674582767903802,0.2032,2.213270943639665,0.11030640517175196,3.731895906636576,1.8626300446984727,1.8692658619381037,9.9986475460359e-05,10001.413907642476,9400.456340171582,11162.266806397098,24.937601824917202,6977.756546325574,1162.2668063970978,0.00042376650733302597,6.2599778175354e-05,0.0,0.0,0.0,23.738860035162133,2.879910741949061,156084,14203644,154,14014,0.17851616126062114,0.1785163377213736,0.03225105530703702,0.022718906588591874,0.19952623149688797,0.00021355611886112962,24.67696132465536,23.738860038943645,0.1461004052506961,0.9930798180911566,0.9943610027437946,0.019774025172414715,0.019774026545359723,0.03199989970469872,0.021204303197139677,0.19952623149688797,0.00021355611805589405,24.67696132120384,23.73886003516131,0.2922008082832159,0.9916985557546465,0.961984734590625,0.33725829734882756,0.3372586488973875,0.032502210909375315,0.024233509980044074,0.19952623149688797,1.854524093836635e-08,0.0004127296941514733,0.00042376493551155036,2.218176295924809e-09,0.9944610804276668,1.0267372708969642,1334.952278720215
fig2_default_proposed_rep00_seed12025,fig2,default,proposed,0,12025,92,92,184,natural_mean,40,1,50,1,256,sgd,0.9,0.0,cosine,0.0001,0.0010599363931791304,23.0,-74,1024,4,1000.0,10,paper_reference_kkt,update,coordinated_aggregate,False,,1.0,78042,0.205,2.2032627179132143,0.0932064336127043,0.205,2.2032627179132143,0.0932064336127043,0.2032,2.2132399594389898,0.11036970835328103,3.7340715142499388,1.8659851796023113,1.8680863346476277,9.998647881766414e-05,10001.413574843986,9400.980841951714,11162.264844862728,24.938241451169223,6977.929683771368,1162.2648448627278,0.00035436970785254095,5.3159892559051514e-05,0.0,0.0,0.0,18.999444533503894,2.9489025475049857,156084,14359728,154,14168,0.1986912085521887,0.19869121396053924,0.02878591990802666,0.022208928072917265,0.19952623149688797,0.0001721568880644823,19.8208110108931,18.999444536808966,0.09517698991986392,0.9925781730323577,1.0056318320087734,0.02171253738569819,0.02171253709349366,0.029109944538363436,0.02110996630864034,0.19952623149688797,0.0001721568874130472,19.82081100803449,18.999444533504153,0.19035397839613782,0.990567490010924,0.9585603620259889,0.3756698797186792,0.37566989082758484,0.02846189527768989,0.023307889837194194,0.1995262314968879,1.4976584335331042e-08,0.0003366301102330139,0.00035437158232433694,1.4435900159153992e-09,0.9945888560537914,1.052703301991558,1350.04877226986
fig2_default_proposed_rep00_seed12025,fig2,default,proposed,0,12025,93,93,186,natural_mean,40,1,50,1,256,sgd,0.9,0.0,cosine,0.0001,0.000835877882782059,23.0,-74,1024,4,1000.0,10,paper_reference_kkt,update,coordinated_aggregate,False,,1.0,78042,0.1998,2.2097244894889765,0.08919232463300229,0.1998,2.2097244894889765,0.08919232463300229,0.2032,2.2131889427602327,0.1104875993654132,3.751695906521709,1.8701431569344882,1.8815527495872209,9.998647728779029e-05,10001.413731189514,9401.077022744334,11162.76222113713,24.939084331281137,6978.167245204929,1162.7622211371308,0.0002858065463080871,6.511062383651733e-05,0.0,0.0,0.0,14.89887189897228,1.6036572166231053,156084,14515812,154,14322,0.16736532124324788,0.1673653031096095,0.03216154269912284,0.022175656766085676,0.19952623149688797,0.00013571051517323525,15.469530975701455,14.898871901713784,0.05947307793721169,0.9928196910391511,0.9767865391340655,0.02100060661921196,0.021000617665707596,0.034803820656247084,0.021198311193649837,0.19952623149688797,0.00013571051465271597,15.469530973010178,14.898871898972475,0.11894615497231271,0.9912764619877152,0.9631107396225752,0.3137300358672838,0.3137299885535114,0.029519264741998594,0.023153002338521512,0.1995262314968879,1.1886121188637475e-08,0.00028855771715015626,0.0002858055989024207,9.02110661980095e-10,0.9943629200905871,0.990462338645556,1363.2939972062595
fig2_default_proposed_rep00_seed12025,fig2,default,proposed,0,12025,94,94,188,natural_mean,40,1,50,1,256,sgd,0.9,0.0,cosine,0.0001,0.0006412355169819341,23.0,-74,1024,4,1000.0,10,paper_reference_kkt,update,coordinated_aggregate,False,,1.0,78042,0.2016,2.201006352955475,0.09500755088467151,0.2016,2.201006352955475,0.09500755088467151,0.203,2.213155995622813,0.11074430446028706,3.7318209359992673,1.860261589197758,1.8715593468015095,9.998647820247999e-05,10001.413635153533,9400.936652579081,11163.177601479192,24.938149832298663,6977.905083636971,1163.1776014791922,0.0002210587409830978,2.556387335062027e-05,0.0,0.0,0.0,11.51390260889703,1.2320969393895211,156084,14671896,154,14476,0.2191004397215933,0.2191004908807943,0.028761963007169718,0.021588291968512217,0.19952623149688797,0.00010415178705215477,11.971075989179116,11.513902611019606,0.03523919938258556,0.9924880328146719,1.0029782497534157,0.028339384500589752,0.028339386510589377,0.03132706517319573,0.02060239721895409,0.19952623149688797,0.00010415178665363789,11.971075987307055,11.513902608897567,0.07047839823515452,0.990771632655359,0.9618101190679108,0.4098614949425968,0.40986159525099924,0.026196860841143706,0.02257418671807035,0.19952623149688786,9.111119061616761e-09,0.00021171008404973054,0.00022105632213071088,5.300165951561675e-10,0.994204432973985,1.0441463804389206,1376.9898329032585
fig2_default_proposed_rep00_seed12025,fig2,default,proposed,0,12025,95,95,190,natural_mean,40,1,50,1,256,sgd,0.9,0.0,cosine,0.0001,0.000476205284141991,23.0,-74,1024,4,1000.0,10,paper_reference_kkt,update,coordinated_aggregate,False,,1.0,78042,0.2043,2.1982096641765887,0.08443118731766938,0.2043,2.1982096641765887,0.08443118731766938,0.203,2.2131481548491894,0.11074980116039511,3.7341073658071,1.880232379249736,1.853874986557364,9.998647565118606e-05,10001.413890504053,9401.030955474154,11163.047558619057,24.938124527904066,6977.902063472833,1163.0475586190569,0.00014449378267500251,1.4856457710266113e-05,0.0,0.0,0.0,8.710534946479761,1.035939503542977,156084,14827980,154,14630,0.18938208502384876,0.18938223182234973,0.03001524653790047,0.02275670053440999,0.19952623149688797,7.822549567403474e-05,9.025852111105458,8.710534947676855,0.01952945759388996,0.9927994161267913,0.9979946884061551,0.018442643723975354,0.01844264259870191,0.031617950973430696,0.02165038443860361,0.19952623149688797,7.822549538597474e-05,9.02585211001725,8.710534946478438,0.03905891489621966,0.9909222671064858,0.9650651386122602,0.36032152632372216,0.3603218210459975,0.028412542102370247,0.02386301663021637,0.19952623149688567,6.7132162011523665e-09,0.00014015700310194114,0.00014449123847358114,2.915602620271132e-10,0.9946765651470969,1.03092423820005,1390.864757635165
fig2_default_proposed_rep00_seed12025,fig2,default,proposed,0,12025,96,96,192,natural_mean,40,1,50,1,256,sgd,0.9,0.0,cosine,0.0001,0.00034095335571767956,23.0,-74,1024,4,1000.0,10,paper_reference_kkt,update,coordinated_aggregate,False,,1.0,78042,0.2056,2.201670922794909,0.07984891188845038,0.2056,2.201670922794909,0.07984891188845038,0.2031,2.2131354929937195,0.11059730625003578,3.7358128789240084,1.8690722456783633,1.8667406332456449,9.998647633982227e-05,10001.413812525061,9400.921598452183,11162.843570909281,24.93617876084136,6977.358132461827,1162.843570909281,0.0001232829461300621,1.3932585716247559e-05,0.0,0.0,0.0,6.374231005830963,0.7441435330856621,156084,14984064,154,14784,0.183923609765488,0.18392365294309868,0.027820467402324717,0.021261429672801015,0.19952623149688797,5.534000137586649e-05,6.592500840591727,6.374231007022515,0.0097965443577764,0.9925760081912368,1.0569438984351929,0.01748981175952054,0.017489808305792685,0.030800597461502825,0.020506163646357742,0.19952623149688797,5.534000116680719e-05,6.592500839715554,6.3742310058303495,0.019593088565625312,0.9908042879962816,0.9668912034104383,0.35035740777145546,0.3503574975804047,0.02484033734314661,0.02201669569924429,0.19952623149688617,4.81026857593738e-09,0.00010748181335177614,0.00012328128671008036,1.4992748691488215e-10,0.994347728386192,1.1469965934599475,1404.221764415037
fig2_default_proposed_rep00_seed12025,fig2,default,proposed,0,12025,97,97,194,natural_mean,40,1,50,1,256,sgd,0.9,0.0,cosine,0.0001,0.00023561591893611655,23.0,-74,1024,4,1000.0,10,paper_reference_kkt,update,coordinated_aggregate,False,,1.0,78042,0.2054,2.1928965332644794,0.08267185045942663,0.2054,2.1928965332644794,0.08267185045942663,0.2031,2.2131356559568345,0.11061026227027178,3.739841474763981,1.856388678021979,1.883452796742002,9.99864760531789e-05,10001.413842861943,9400.96083253557,11162.899208797868,24.936528261471913,6977.456092133535,1162.8992087978677,7.458793849799122e-05,1.1358410120010376e-05,0.0,0.0,0.0,4.220927738263463,0.6226098520892265,156084,15140148,154,14938,0.19909713683178212,0.19909695584665574,0.02927383028265057,0.020116609523126758,0.19952623149688797,3.88091043259206e-05,4.413479502486414,4.220927738923626,0.004821358845058888,0.9923793198055082,0.9903204749616518,0.028504351203509987,0.028504343127380646,0.03327215605605244,0.019031114640258962,0.19952623149688797,3.880910418313108e-05,4.413479501885674,4.220927738264622,0.009642717618494496,0.990290837373575,0.9563718670896979,0.3696899224600543,0.3696895685659308,0.025275504509248706,0.021202104405994553,0.19952623149688686,3.3291239390589588e-09,7.281965609215945e-05,7.45869155695036e-05,7.162328045183314e-11,0.9944678022374412,1.0242690828336056,1417.54590752488
fig2_default_proposed_rep00_seed12025,fig2,default,proposed,0,12025,98,98,196,natural_mean,40,1,50,1,256,sgd,0.9,0.0,cosine,0.0001,0.00016029903966706442,23.0,-74,1024,4,1000.0,10,paper_reference_kkt,update,coordinated_aggregate,False,,1.0,78042,0.2053,2.189348223064787,0.09282541961751878,0.2053,2.189348223064787,0.09282541961751878,0.2031,2.2131294147355978,0.11061488704234362,3.716945492966614,1.8503335698574994,1.8666119231091147,9.998647604304305e-05,10001.41384429,9400.958079562914,11162.815812908188,24.936610400675228,6977.479024329448,1162.8158129081876,5.2645307563261705e-05,8.054077625274658e-06,0.0,0.0,0.0,2.869079914631387,0.4037187051908404,156084,15296232,154,15092,0.2679333724734564,0.26793345407533126,0.022777273526796885,0.019043229359534695,0.19952623149688797,2.605358784057021e-05,2.9835797176547563,2.869079915114784,0.0021722450441556923,0.9921161510931182,1.0219651034252852,0.02323144009893789,0.02323143992783818,0.027044100747238484,0.01860580830136995,0.19952623149688797,2.605358774156898e-05,2.9835797172582867,2.8690799146318304,0.004344490055172874,0.990616113525579,0.9616233515925648,0.5126353048479749,0.5126354682228244,0.018510446306355285,0.019480650417699443,0.19952623149688473,2.2712715816426973e-09,4.863946010883966e-05,5.264280948648424e-05,3.313851052533154e-11,0.9936161886606576,1.0823068552580055,1431.1436518440023
fig2_default_proposed_rep00_seed12025,fig2,default,proposed,0,12025,99,99,198,natural_mean,40,1,50,1,256,sgd,0.9,0.0,cosine,0.0001,0.00011507855562360679,23.0,-74,1024,4,1000.0,10,paper_reference_kkt,update,coordinated_aggregate,False,,1.0,78042,0.2014,2.2024333933575164,0.08813707431517541,0.2014,2.2024333933575164,0.08813707431517541,0.2031,2.2131289396660847,0.11062361879646779,3.7311860780143546,1.8622158454126647,1.86897023260169,9.998647589252484e-05,10001.413859278782,9400.843231293074,11162.901529262292,24.93659925380163,6977.47615236045,1162.9015292622917,3.636508683268268e-05,5.0514936447143555e-06,0.0,0.0,0.0,2.0705617766867417,0.2600787937753921,156084,15452316,154,15246,0.2103264486718163,0.21032637910562602,0.03715244022319465,0.023187870807168387,0.19952623149688797,1.8776405944191955e-05,2.169423555748222,2.0705617770069553,0.001140969221116908,0.9919423691669106,0.9908903049671056,0.025832851675621025,0.025832860683407496,0.04495429618545571,0.022355202517989996,0.19952623149688797,1.8776405873884162e-05,2.169423555459483,2.0705617766876547,0.002281938425195266,0.9897291469505399,0.9544294558587088,0.39482004566801154,0.3948198975278445,0.029350584260933593,0.024020539096346778,0.19952623149688656,1.624886238408495e-09,3.5394841157737356e-05,3.6362935189379124e-05,1.7038549686717793e-11,0.9941555913832812,1.0273511540755025,1446.0383643121459
fig2_default_proposed_rep00_seed12025,fig2,default,proposed,0,12025,100,100,200,natural_mean,40,1,50,1,256,sgd,0.9,0.0,cosine,0.0001,0.0001,23.0,-74,1024,4,1000.0,10,paper_reference_kkt,update,coordinated_aggregate,False,,1.0,78042,0.1965,2.205516391035212,0.10149915654927492,0.1965,2.205516391035212,0.10149915654927492,0.2031,2.2131272503196024,0.11062036426812412,3.737054747215729,1.87550000086927,1.861554746346459,9.998647576265334e-05,10001.413872517245,9400.868997582564,11163.02056446853,24.936654669127766,6977.491817712849,1163.0205644685302,3.330952503498895e-05,3.553926944732666e-06,0.0,0.0,0.0,1.8255564574693897,0.27584006091456104,156084,15608400,154,15400,0.21891665596816573,0.21891667510385918,0.03619953747917213,0.02181683979296767,0.19952623149688797,1.6409456111795886e-05,1.9121353836501376,1.8255564577727434,0.0008611288841990013,0.9923482993482011,1.017347245221523,0.029182145636192876,0.02918214661778615,0.0416950692216764,0.02088379357688846,0.19952623149688797,1.640945605128634e-05,1.9121353834014465,1.8255564574689283,0.0017222577555479296,0.9905468805022188,0.9547213472960366,0.4086511663001386,0.4086512035899322,0.030704005736667858,0.022749886009046875,0.19952623149679413,1.4092045650070031e-09,3.0839293125171794e-05,3.330560943441095e-05,1.2850073034658825e-11,0.9941497181941834,1.0799731431470094,1458.8327507660724
