run_id,experiment,condition,method,realization,round,logical_round,physical_round,phase,sparse_enabled,sparse_selection,sparse_keep_ratio,sparse_kept_coordinates,bin,lower,upper,count,confidence,accuracy
fig2_default_fedavg_rep00_seed12025,fig2,default,fedavg,0,0,0,0,model,False,,1.0,78042,0,0.0,0.1,0,0.0,0.0
fig2_default_fedavg_rep00_seed12025,fig2,default,fedavg,0,0,0,0,model,False,,1.0,78042,1,0.1,0.2,7481,0.19173738330526954,0.10332843202780377
fig2_default_fedavg_rep00_seed12025,fig2,default,fedavg,0,0,0,0,model,False,,1.0,78042,2,0.2,0.30000000000000004,2519,0.2049290346349218,0.09011512504962287
fig2_default_fedavg_rep00_seed12025,fig2,default,fedavg,0,0,0,0,model,False,,1.0,78042,3,0.30000000000000004,0.4,0,0.0,0.0
fig2_default_fedavg_rep00_seed12025,fig2,default,fedavg,0,0,0,0,model,False,,1.0,78042,4,0.4,0.5,0,0.0,0.0
fig2_default_fedavg_rep00_seed12025,fig2,default,fedavg,0,0,0,0,model,False,,1.0,78042,5,0.5,0.6000000000000001,0,0.0,0.0
fig2_default_fedavg_rep00_seed12025,fig2,default,fedavg,0,0,0,0,model,False,,1.0,78042,6,0.6000000000000001,0.7000000000000001,0,0.0,0.0
fig2_default_fedavg_rep00_seed12025,fig2,default,fedavg,0,0,0,0,model,False,,1.0,78042,7,0.7000000000000001,0.8,0,0.0,0.0
fig2_default_fedavg_rep00_seed12025,fig2,default,fedavg,0,0,0,0,model,False,,1.0,78042,8,0.8,0.9,0,0.0,0.0
fig2_default_fedavg_rep00_seed12025,fig2,default,fedavg,0,0,0,0,model,False,,1.0,78042,9,0.9,1.0,0,0.0,0.0
fig2_default_fedavg_rep00_seed12025,fig2,default,fedavg,0,1,1,1,model,False,,1.0,78042,0,0.0,0.1,0,0.0,0.0
fig2_default_fedavg_rep00_seed12025,fig2,default,fedavg,0,1,1,1,model,False,,1.0,78042,1,0.1,0.2,9820,0.18709413879939835,0.09979633401221996
fig2_default_fedavg_rep00_seed12025,fig2,default,fedavg,0,1,1,1,model,False,,1.0,78042,2,0.2,0.30000000000000004,180,0.20207892739110522,0.1111111111111111
fig2_default_fedavg_rep00_seed12025,fig2,default,fedavg,0,1,1,1,model,False,,1.0,78042,3,0.30000000000000004,0.4,0,0.0,0.0
fig2_default_fedavg_rep00_seed12025,fig2,default,fedavg,0,1,1,1,model,False,,1.0,78042,4,0.4,0.5,0,0.0,0.0
fig2_default_fedavg_rep00_seed12025,fig2,default,fedavg,0,1,1,1,model,False,,1.0,78042,5,0.5,0.6000000000000001,0,0.0,0.0
fig2_default_fedavg_rep00_seed12025,fig2,default,fedavg,0,1,1,1,model,False,,1.0,78042,6,0.6000000000000001,0.7000000000000001,0,0.0,0.0
fig2_default_fedavg_rep00_seed12025,fig2,default,fedavg,0,1,1,1,model,False,,1.0,78042,7,0.7000000000000001,0.8,0,0.0,0.0
fig2_default_fedavg_rep00_seed12025,fig2,default,fedavg,0,1,1,1,model,False,,1.0,78042,8,0.8,0.9,0,0.0,0.0
fig2_default_fedavg_rep00_seed12025,fig2,default,fedavg,0,1,1,1,model,False,,1.0,78042,9,0.9,1.0,0,0.0,0.0
fig2_default_fedavg_rep00_seed12025,fig2,default,fedavg,0,2,2,2,model,False,,1.0,78042,0,0.0,0.1,0,0.0,0.0
fig2_default_fedavg_rep00_seed12025,fig2,default,fedavg,0,2,2,2,model,False,,1.0,78042,1,0.1,0.2,393,0.1950184189484623,0.020356234096692113
fig2_default_fedavg_rep00_seed12025,fig2,default,fedavg,0,2,2,2,model,False,,1.0,78042,2,0.2,0.30000000000000004,9607,0.2205862580948148,0.10325804101176225
fig2_default_fedavg_rep00_seed12025,fig2,default,fedavg,0,2,2,2,model,False,,1.0,78042,3,0.30000000000000004,0.4,0,0.0,0.0
fig2_default_fedavg_rep00_seed12025,fig2,default,fedavg,0,2,2,2,model,False,,1.0,78042,4,0.4,0.5,0,0.0,0.0
fig2_default_fedavg_rep00_seed12025,fig2,default,fedavg,0,2,2,2,model,False,,1.0,78042,5,0.5,0.6000000000000001,0,0.0,0.0
fig2_default_fedavg_rep00_seed12025,fig2,default,fedavg,0,2,2,2,model,False,,1.0,78042,6,0.6000000000000001,0.7000000000000001,0,0.0,0.0
fig2_default_fedavg_rep00_seed12025,fig2,default,fedavg,0,2,2,2,model,False,,1.0,78042,7,0.7000000000000001,0.8,0,0.0,0.0
fig2_default_fedavg_rep00_seed12025,fig2,default,fedavg,0,2,2,2,model,False,,1.0,78042,8,0.8,0.9,0,0.0,0.0
fig2_default_fedavg_rep00_seed12025,fig2,default,fedavg,0,2,2,2,model,False,,1.0,78042,9,0.9,1.0,0,0.0,0.0
fig2_default_fedavg_rep00_seed12025,fig2,default,fedavg,0,3,3,3,model,False,,1.0,78042,0,0.0,0.1,0,0.0,0.0
fig2_default_fedavg_rep00_seed12025,fig2,default,fedavg,0,3,3,3,model,False,,1.0,78042,1,0.1,0.2,681,0.1942787759016964,0.01762114537444934
fig2_default_fedavg_rep00_seed12025,fig2,default,fedavg,0,3,3,3,model,False,,1.0,78042,2,0.2,0.30000000000000004,9319,0.21901027262466688,0.10612726687412813
fig2_default_fedavg_rep00_seed12025,fig2,default,fedavg,0,3,3,3,model,False,,1.0,78042,3,0.30000000000000004,0.4,0,0.0,0.0
fig2_default_fedavg_rep00_seed12025,fig2,default,fedavg,0,3,3,3,model,False,,1.0,78042,4,0.4,0.5,0,0.0,0.0
fig2_default_fedavg_rep00_seed12025,fig2,default,fedavg,0,3,3,3,model,False,,1.0,78042,5,0.5,0.6000000000000001,0,0.0,0.0
fig2_default_fedavg_rep00_seed12025,fig2,default,fedavg,0,3,3,3,model,False,,1.0,78042,6,0.6000000000000001,0.7000000000000001,0,0.0,0.0
fig2_default_fedavg_rep00_seed12025,fig2,default,fedavg,0,3,3,3,model,False,,1.0,78042,7,0.7000000000000001,0.8,0,0.0,0.0
fig2_default_fedavg_rep00_seed12025,fig2,default,fedavg,0,3,3,3,model,False,,1.0,78042,8,0.8,0.9,0,0.0,0.0
fig2_default_fedavg_rep00_seed12025,fig2,default,fedavg,0,3,3,3,model,False,,1.0,78042,9,0.9,1.0,0,0.0,0.0
fig2_default_fedavg_rep00_seed12025,fig2,default,fedavg,0,4,4,4,model,False,,1.0,78042,0,0.0,0.1,0,0.0,0.0
fig2_default_fedavg_rep00_seed12025,fig2,default,fedavg,0,4,4,4,model,False,,1.0,78042,1,0.1,0.2,684,0.19329371296784334,0.013157894736842105
fig2_default_fedavg_rep00_seed12025,fig2,default,fedavg,0,4,4,4,model,False,,1.0,78042,2,0.2,0.30000000000000004,9316,0.22121076724588384,0.10691283812795191
fig2_default_fedavg_rep00_seed12025,fig2,default,fedavg,0,4,4,4,model,False,,1.0,78042,3,0.30000000000000004,0.4,0,0.0,0.0
fig2_default_fedavg_rep00_seed12025,fig2,default,fedavg,0,4,4,4,model,False,,1.0,78042,4,0.4,0.5,0,0.0,0.0
fig2_default_fedavg_rep00_seed12025,fig2,default,fedavg,0,4,4,4,model,False,,1.0,78042,5,0.5,0.6000000000000001,0,0.0,0.0
fig2_default_fedavg_rep00_seed12025,fig2,default,fedavg,0,4,4,4,model,False,,1.0,78042,6,0.6000000000000001,0.7000000000000001,0,0.0,0.0
fig2_default_fedavg_rep00_seed12025,fig2,default,fedavg,0,4,4,4,model,False,,1.0,78042,7,0.7000000000000001,0.8,0,0.0,0.0
fig2_default_fedavg_rep00_seed12025,fig2,default,fedavg,0,4,4,4,model,False,,1.0,78042,8,0.8,0.9,0,0.0,0.0
fig2_default_fedavg_rep00_seed12025,fig2,default,fedavg,0,4,4,4,model,False,,1.0,78042,9,0.9,1.0,0,0.0,0.0
fig2_default_fedavg_rep00_seed12025,fig2,default,fedavg,0,5,5,5,model,False,,1.0,78042,0,0.0,0.1,0,0.0,0.0
fig2_default_fedavg_rep00_seed12025,fig2,default,fedavg,0,5,5,5,model,False,,1.0,78042,1,0.1,0.2,912,0.1921770764155346,0.019736842105263157
fig2_default_fedavg_rep00_seed12025,fig2,default,fedavg,0,5,5,5,model,False,,1.0,78042,2,0.2,0.30000000000000004,9088,0.22291111124640095,0.109375
fig2_default_fedavg_rep00_seed12025,fig2,default,fedavg,0,5,5,5,model,False,,1.0,78042,3,0.30000000000000004,0.4,0,0.0,0.0
fig2_default_fedavg_rep00_seed12025,fig2,default,fedavg,0,5,5,5,model,False,,1.0,78042,4,0.4,0.5,0,0.0,0.0
fig2_default_fedavg_rep00_seed12025,fig2,default,fedavg,0,5,5,5,model,False,,1.0,78042,5,0.5,0.6000000000000001,0,0.0,0.0
fig2_default_fedavg_rep00_seed12025,fig2,default,fedavg,0,5,5,5,model,False,,1.0,78042,6,0.6000000000000001,0.7000000000000001,0,0.0,0.0
fig2_default_fedavg_rep00_seed12025,fig2,default,fedavg,0,5,5,5,model,False,,1.0,78042,7,0.7000000000000001,0.8,0,0.0,0.0
fig2_default_fedavg_rep00_seed12025,fig2,default,fedavg,0,5,5,5,model,False,,1.0,78042,8,0.8,0.9,0,0.0,0.0
fig2_default_fedavg_rep00_seed12025,fig2,default,fedavg,0,5,5,5,model,False,,1.0,78042,9,0.9,1.0,0,0.0,0.0
fig2_default_fedavg_rep00_seed12025,fig2,default,fedavg,0,6,6,6,model,False,,1.0,78042,0,0.0,0.1,0,0.0,0.0
fig2_default_fedavg_rep00_seed12025,fig2,default,fedavg,0,6,6,6,model,False,,1.0,78042,1,0.1,0.2,1240,0.1911154039444462,0.028225806451612902
fig2_default_fedavg_rep00_seed12025,fig2,default,fedavg,0,6,6,6,model,False,,1.0,78042,2,0.2,0.30000000000000004,8751,0.22586206864144595,0.11312992800822763
fig2_default_fedavg_rep00_seed12025,fig2,default,fedavg,0,6,6,6,model,False,,1.0,78042,3,0.30000000000000004,0.4,9,0.30519242419136894,0.3333333333333333
fig2_default_fedavg_rep00_seed12025,fig2,default,fedavg,0,6,6,6,model,False,,1.0,78042,4,0.4,0.5,0,0.0,0.0
fig2_default_fedavg_rep00_seed12025,fig2,default,fedavg,0,6,6,6,model,False,,1.0,78042,5,0.5,0.6000000000000001,0,0.0,0.0
fig2_default_fedavg_rep00_seed12025,fig2,default,fedavg,0,6,6,6,model,False,,1.0,78042,6,0.6000000000000001,0.7000000000000001,0,0.0,0.0
fig2_default_fedavg_rep00_seed12025,fig2,default,fedavg,0,6,6,6,model,False,,1.0,78042,7,0.7000000000000001,0.8,0,0.0,0.0
fig2_default_fedavg_rep00_seed12025,fig2,default,fedavg,0,6,6,6,model,False,,1.0,78042,8,0.8,0.9,0,0.0,0.0
fig2_default_fedavg_rep00_seed12025,fig2,default,fedavg,0,6,6,6,model,False,,1.0,78042,9,0.9,1.0,0,0.0,0.0
fig2_default_fedavg_rep00_seed12025,fig2,default,fedavg,0,7,7,7,model,False,,1.0,78042,0,0.0,0.1,0,0.0,0.0
fig2_default_fedavg_rep00_seed12025,fig2,default,fedavg,0,7,7,7,model,False,,1.0,78042,1,0.1,0.2,1866,0.18972698914531982,0.04876741693461951
fig2_default_fedavg_rep00_seed12025,fig2,default,fedavg,0,7,7,7,model,False,,1.0,78042,2,0.2,0.30000000000000004,8073,0.22883801223892683,0.12015359841446797
fig2_default_fedavg_rep00_seed12025,fig2,default,fedavg,0,7,7,7,model,False,,1.0,78042,3,0.30000000000000004,0.4,61,0.3088557192536651,0.29508196721311475
fig2_default_fedavg_rep00_seed12025,fig2,default,fedavg,0,7,7,7,model,False,,1.0,78042,4,0.4,0.5,0,0.0,0.0
fig2_default_fedavg_rep00_seed12025,fig2,default,fedavg,0,7,7,7,model,False,,1.0,78042,5,0.5,0.6000000000000001,0,0.0,0.0
fig2_default_fedavg_rep00_seed12025,fig2,default,fedavg,0,7,7,7,model,False,,1.0,78042,6,0.6000000000000001,0.7000000000000001,0,0.0,0.0
fig2_default_fedavg_rep00_seed12025,fig2,default,fedavg,0,7,7,7,model,False,,1.0,78042,7,0.7000000000000001,0.8,0,0.0,0.0
fig2_default_fedavg_rep00_seed12025,fig2,default,fedavg,0,7,7,7,model,False,,1.0,78042,8,0.8,0.9,0,0.0,0.0
fig2_default_fedavg_rep00_seed12025,fig2,default,fedavg,0,7,7,7,model,False,,1.0,78042,9,0.9,1.0,0,0.0,0.0
fig2_default_fedavg_rep00_seed12025,fig2,default,fedavg,0,8,8,8,model,False,,1.0,78042,0,0.0,0.1,0,0.0,0.0
fig2_default_fedavg_rep00_seed12025,fig2,default,fedavg,0,8,8,8,model,False,,1.0,78042,1,0.1,0.2,2454,0.18869079079269488,0.07660961695191525
fig2_default_fedavg_rep00_seed12025,fig2,default,fedavg,0,8,8,8,model,False,,1.0,78042,2,0.2,0.30000000000000004,7321,0.2333416919099423,0.12443655238355415
fig2_default_fedavg_rep00_seed12025,fig2,default,fedavg,0,8,8,8,model,False,,1.0,78042,3,0.30000000000000004,0.4,225,0.31448596715927124,0.37333333333333335
fig2_default_fedavg_rep00_seed12025,fig2,default,fedavg,0,8,8,8,model,False,,1.0,78042,4,0.4,0.5,0,0.0,0.0
fig2_default_fedavg_rep00_seed12025,fig2,default,fedavg,0,8,8,8,model,False,,1.0,78042,5,0.5,0.6000000000000001,0,0.0,0.0
fig2_default_fedavg_rep00_seed12025,fig2,default,fedavg,0,8,8,8,model,False,,1.0,78042,6,0.6000000000000001,0.7000000000000001,0,0.0,0.0
fig2_default_fedavg_rep00_seed12025,fig2,default,fedavg,0,8,8,8,model,False,,1.0,78042,7,0.7000000000000001,0.8,0,0.0,0.0
fig2_default_fedavg_rep00_seed12025,fig2,default,fedavg,0,8,8,8,model,False,,1.0,78042,8,0.8,0.9,0,0.0,0.0
fig2_default_fedavg_rep00_seed12025,fig2,default,fedavg,0,8,8,8,model,False,,1.0,78042,9,0.9,1.0,0,0.0,0.0
fig2_default_fedavg_rep00_seed12025,fig2,default,fedavg,0,9,9,9,model,False,,1.0,78042,0,0.0,0.1,0,0.0,0.0
fig2_default_fedavg_rep00_seed12025,fig2,default,fedavg,0,9,9,9,model,False,,1.0,78042,1,0.1,0.2,3236,0.18840828594119646,0.10723114956736712
fig2_default_fedavg_rep00_seed12025,fig2,default,fedavg,0,9,9,9,model,False,,1.0,78042,2,0.2,0.30000000000000004,6347,0.23547717678381624,0.13959350874428864
fig2_default_fedavg_rep00_seed12025,fig2,default,fedavg,0,9,9,9,model,False,,1.0,78042,3,0.30000000000000004,0.4,417,0.32242680532183293,0.37170263788968827
fig2_default_fedavg_rep00_seed12025,fig2,default,fedavg,0,9,9,9,model,False,,1.0,78042,4,0.4,0.5,0,0.0,0.0
fig2_default_fedavg_rep00_seed12025,fig2,default,fedavg,0,9,9,9,model,False,,1.0,78042,5,0.5,0.6000000000000001,0,0.0,0.0
fig2_default_fedavg_rep00_seed12025,fig2,default,fedavg,0,9,9,9,model,False,,1.0,78042,6,0.6000000000000001,0.7000000000000001,0,0.0,0.0
fig2_default_fedavg_rep00_seed12025,fig2,default,fedavg,0,9,9,9,model,False,,1.0,78042,7,0.7000000000000001,0.8,0,0.0,0.0
fig2_default_fedavg_rep00_seed12025,fig2,default,fedavg,0,9,9,9,model,False,,1.0,78042,8,0.8,0.9,0,0.0,0.0
fig2_default_fedavg_rep00_seed12025,fig2,default,fedavg,0,9,9,9,model,False,,1.0,78042,9,0.9,1.0,0,0.0,0.0
fig2_default_fedavg_rep00_seed12025,fig2,default,fedavg,0,10,10,10,model,False,,1.0,78042,0,0.0,0.1,0,0.0,0.0
fig2_default_fedavg_rep00_seed12025,fig2,default,fedavg,0,10,10,10,model,False,,1.0,78042,1,0.1,0.2,3797,0.18982850783179553,0.13616012641559125
fig2_default_fedavg_rep00_seed12025,fig2,default,fedavg,0,10,10,10,model,False,,1.0,78042,2,0.2,0.30000000000000004,5556,0.23510209914321004,0.15640748740100793
fig2_default_fedavg_rep00_seed12025,fig2,default,fedavg,0,10,10,10,model,False,,1.0,78042,3,0.30000000000000004,0.4,642,0.3290996769228457,0.38006230529595014
fig2_default_fedavg_rep00_seed12025,fig2,default,fedavg,0,10,10,10,model,False,,1.0,78042,4,0.4,0.5,5,0.40797264575958253,0.2
fig2_default_fedavg_rep00_seed12025,fig2,default,fedavg,0,10,10,10,model,False,,1.0,78042,5,0.5,0.6000000000000001,0,0.0,0.0
fig2_default_fedavg_rep00_seed12025,fig2,default,fedavg,0,10,10,10,model,False,,1.0,78042,6,0.6000000000000001,0.7000000000000001,0,0.0,0.0
fig2_default_fedavg_rep00_seed12025,fig2,default,fedavg,0,10,10,10,model,False,,1.0,78042,7,0.7000000000000001,0.8,0,0.0,0.0
fig2_default_fedavg_rep00_seed12025,fig2,default,fedavg,0,10,10,10,model,False,,1.0,78042,8,0.8,0.9,0,0.0,0.0
fig2_default_fedavg_rep00_seed12025,fig2,default,fedavg,0,10,10,10,model,False,,1.0,78042,9,0.9,1.0,0,0.0,0.0
fig2_default_fedavg_rep00_seed12025,fig2,default,fedavg,0,11,11,11,model,False,,1.0,78042,0,0.0,0.1,0,0.0,0.0
fig2_default_fedavg_rep00_seed12025,fig2,default,fedavg,0,11,11,11,model,False,,1.0,78042,1,0.1,0.2,3725,0.1920619563768374,0.13181208053691276
fig2_default_fedavg_rep00_seed12025,fig2,default,fedavg,0,11,11,11,model,False,,1.0,78042,2,0.2,0.30000000000000004,5416,0.23304660645543296,0.17355982274741508
fig2_default_fedavg_rep00_seed12025,fig2,default,fedavg,0,11,11,11,model,False,,1.0,78042,3,0.30000000000000004,0.4,821,0.3362383815969242,0.37149817295980514
fig2_default_fedavg_rep00_seed12025,fig2,default,fedavg,0,11,11,11,model,False,,1.0,78042,4,0.4,0.5,38,0.4141509274118825,0.2631578947368421
fig2_default_fedavg_rep00_seed12025,fig2,default,fedavg,0,11,11,11,model,False,,1.0,78042,5,0.5,0.6000000000000001,0,0.0,0.0
fig2_default_fedavg_rep00_seed12025,fig2,default,fedavg,0,11,11,11,model,False,,1.0,78042,6,0.6000000000000001,0.7000000000000001,0,0.0,0.0
fig2_default_fedavg_rep00_seed12025,fig2,default,fedavg,0,11,11,11,model,False,,1.0,78042,7,0.7000000000000001,0.8,0,0.0,0.0
fig2_default_fedavg_rep00_seed12025,fig2,default,fedavg,0,11,11,11,model,False,,1.0,78042,8,0.8,0.9,0,0.0,0.0
fig2_default_fedavg_rep00_seed12025,fig2,default,fedavg,0,11,11,11,model,False,,1.0,78042,9,0.9,1.0,0,0.0,0.0
fig2_default_fedavg_rep00_seed12025,fig2,default,fedavg,0,12,12,12,model,False,,1.0,78042,0,0.0,0.1,0,0.0,0.0
fig2_default_fedavg_rep00_seed12025,fig2,default,fedavg,0,12,12,12,model,False,,1.0,78042,1,0.1,0.2,2892,0.19370692718985336,0.11756569847856155
fig2_default_fedavg_rep00_seed12025,fig2,default,fedavg,0,12,12,12,model,False,,1.0,78042,2,0.2,0.30000000000000004,6006,0.22951112012247066,0.17932067932067933
fig2_default_fedavg_rep00_seed12025,fig2,default,fedavg,0,12,12,12,model,False,,1.0,78042,3,0.30000000000000004,0.4,964,0.3405819967450937,0.36721991701244816
fig2_default_fedavg_rep00_seed12025,fig2,default,fedavg,0,12,12,12,model,False,,1.0,78042,4,0.4,0.5,138,0.4233655711446983,0.3188405797101449
fig2_default_fedavg_rep00_seed12025,fig2,default,fedavg,0,12,12,12,model,False,,1.0,78042,5,0.5,0.6000000000000001,0,0.0,0.0
fig2_default_fedavg_rep00_seed12025,fig2,default,fedavg,0,12,12,12,model,False,,1.0,78042,6,0.6000000000000001,0.7000000000000001,0,0.0,0.0
fig2_default_fedavg_rep00_seed12025,fig2,default,fedavg,0,12,12,12,model,False,,1.0,78042,7,0.7000000000000001,0.8,0,0.0,0.0
fig2_default_fedavg_rep00_seed12025,fig2,default,fedavg,0,12,12,12,model,False,,1.0,78042,8,0.8,0.9,0,0.0,0.0
fig2_default_fedavg_rep00_seed12025,fig2,default,fedavg,0,12,12,12,model,False,,1.0,78042,9,0.9,1.0,0,0.0,0.0
fig2_default_fedavg_rep00_seed12025,fig2,default,fedavg,0,13,13,13,model,False,,1.0,78042,0,0.0,0.1,0,0.0,0.0
fig2_default_fedavg_rep00_seed12025,fig2,default,fedavg,0,13,13,13,model,False,,1.0,78042,1,0.1,0.2,1919,0.19433010529111364,0.10422094841063054
fig2_default_fedavg_rep00_seed12025,fig2,default,fedavg,0,13,13,13,model,False,,1.0,78042,2,0.2,0.30000000000000004,6793,0.22660087756883865,0.17650522596790813
fig2_default_fedavg_rep00_seed12025,fig2,default,fedavg,0,13,13,13,model,False,,1.0,78042,3,0.30000000000000004,0.4,1007,0.34285030579851067,0.34756703078450846
fig2_default_fedavg_rep00_seed12025,fig2,default,fedavg,0,13,13,13,model,False,,1.0,78042,4,0.4,0.5,280,0.43133477728281705,0.3464285714285714
fig2_default_fedavg_rep00_seed12025,fig2,default,fedavg,0,13,13,13,model,False,,1.0,78042,5,0.5,0.6000000000000001,1,0.5114364624023438,0.0
fig2_default_fedavg_rep00_seed12025,fig2,default,fedavg,0,13,13,13,model,False,,1.0,78042,6,0.6000000000000001,0.7000000000000001,0,0.0,0.0
fig2_default_fedavg_rep00_seed12025,fig2,default,fedavg,0,13,13,13,model,False,,1.0,78042,7,0.7000000000000001,0.8,0,0.0,0.0
fig2_default_fedavg_rep00_seed12025,fig2,default,fedavg,0,13,13,13,model,False,,1.0,78042,8,0.8,0.9,0,0.0,0.0
fig2_default_fedavg_rep00_seed12025,fig2,default,fedavg,0,13,13,13,model,False,,1.0,78042,9,0.9,1.0,0,0.0,0.0
fig2_default_fedavg_rep00_seed12025,fig2,default,fedavg,0,14,14,14,model,False,,1.0,78042,0,0.0,0.1,0,0.0,0.0
fig2_default_fedavg_rep00_seed12025,fig2,default,fedavg,0,14,14,14,model,False,,1.0,78042,1,0.1,0.2,1239,0.19414030414757177,0.08313155770782889
fig2_default_fedavg_rep00_seed12025,fig2,default,fedavg,0,14,14,14,model,False,,1.0,78042,2,0.2,0.30000000000000004,7290,0.22600865855669944,0.16941015089163236
fig2_default_fedavg_rep00_seed12025,fig2,default,fedavg,0,14,14,14,model,False,,1.0,78042,3,0.30000000000000004,0.4,1023,0.3449601387989253,0.3304007820136852
fig2_default_fedavg_rep00_seed12025,fig2,default,fedavg,0,14,14,14,model,False,,1.0,78042,4,0.4,0.5,432,0.43824576483004624,0.375
fig2_default_fedavg_rep00_seed12025,fig2,default,fedavg,0,14,14,14,model,False,,1.0,78042,5,0.5,0.6000000000000001,16,0.5148030258715153,0.1875
fig2_default_fedavg_rep00_seed12025,fig2,default,fedavg,0,14,14,14,model,False,,1.0,78042,6,0.6000000000000001,0.7000000000000001,0,0.0,0.0
fig2_default_fedavg_rep00_seed12025,fig2,default,fedavg,0,14,14,14,model,False,,1.0,78042,7,0.7000000000000001,0.8,0,0.0,0.0
fig2_default_fedavg_rep00_seed12025,fig2,default,fedavg,0,14,14,14,model,False,,1.0,78042,8,0.8,0.9,0,0.0,0.0
fig2_default_fedavg_rep00_seed12025,fig2,default,fedavg,0,14,14,14,model,False,,1.0,78042,9,0.9,1.0,0,0.0,0.0
fig2_default_fedavg_rep00_seed12025,fig2,default,fedavg,0,15,15,15,model,False,,1.0,78042,0,0.0,0.1,0,0.0,0.0
fig2_default_fedavg_rep00_seed12025,fig2,default,fedavg,0,15,15,15,model,False,,1.0,78042,1,0.1,0.2,972,0.19369798447982764,0.08950617283950617
fig2_default_fedavg_rep00_seed12025,fig2,default,fedavg,0,15,15,15,model,False,,1.0,78042,2,0.2,0.30000000000000004,7568,0.22652986421236024,0.16913319238900634
fig2_default_fedavg_rep00_seed12025,fig2,default,fedavg,0,15,15,15,model,False,,1.0,78042,3,0.30000000000000004,0.4,903,0.34577678749595636,0.32447397563676633
fig2_default_fedavg_rep00_seed12025,fig2,default,fedavg,0,15,15,15,model,False,,1.0,78042,4,0.4,0.5,498,0.44118724918987856,0.3795180722891566
fig2_default_fedavg_rep00_seed12025,fig2,default,fedavg,0,15,15,15,model,False,,1.0,78042,5,0.5,0.6000000000000001,59,0.5150666065135244,0.288135593220339
fig2_default_fedavg_rep00_seed12025,fig2,default,fedavg,0,15,15,15,model,False,,1.0,78042,6,0.6000000000000001,0.7000000000000001,0,0.0,0.0
fig2_default_fedavg_rep00_seed12025,fig2,default,fedavg,0,15,15,15,model,False,,1.0,78042,7,0.7000000000000001,0.8,0,0.0,0.0
fig2_default_fedavg_rep00_seed12025,fig2,default,fedavg,0,15,15,15,model,False,,1.0,78042,8,0.8,0.9,0,0.0,0.0
fig2_default_fedavg_rep00_seed12025,fig2,default,fedavg,0,15,15,15,model,False,,1.0,78042,9,0.9,1.0,0,0.0,0.0
fig2_default_fedavg_rep00_seed12025,fig2,default,fedavg,0,16,16,16,model,False,,1.0,78042,0,0.0,0.1,0,0.0,0.0
fig2_default_fedavg_rep00_seed12025,fig2,default,fedavg,0,16,16,16,model,False,,1.0,78042,1,0.1,0.2,953,0.19277893403957422,0.08709338929695698
fig2_default_fedavg_rep00_seed12025,fig2,default,fedavg,0,16,16,16,model,False,,1.0,78042,2,0.2,0.30000000000000004,7117,0.2280018229832622,0.16313053252775045
fig2_default_fedavg_rep00_seed12025,fig2,default,fedavg,0,16,16,16,model,False,,1.0,78042,3,0.30000000000000004,0.4,1097,0.3455718035250223,0.2634457611668186
fig2_default_fedavg_rep00_seed12025,fig2,default,fedavg,0,16,16,16,model,False,,1.0,78042,4,0.4,0.5,689,0.4440363918056682,0.38171262699564584
fig2_default_fedavg_rep00_seed12025,fig2,default,fedavg,0,16,16,16,model,False,,1.0,78042,5,0.5,0.6000000000000001,144,0.5239597753518157,0.3333333333333333
fig2_default_fedavg_rep00_seed12025,fig2,default,fedavg,0,16,16,16,model,False,,1.0,78042,6,0.6000000000000001,0.7000000000000001,0,0.0,0.0
fig2_default_fedavg_rep00_seed12025,fig2,default,fedavg,0,16,16,16,model,False,,1.0,78042,7,0.7000000000000001,0.8,0,0.0,0.0
fig2_default_fedavg_rep00_seed12025,fig2,default,fedavg,0,16,16,16,model,False,,1.0,78042,8,0.8,0.9,0,0.0,0.0
fig2_default_fedavg_rep00_seed12025,fig2,default,fedavg,0,16,16,16,model,False,,1.0,78042,9,0.9,1.0,0,0.0,0.0
fig2_default_fedavg_rep00_seed12025,fig2,default,fedavg,0,17,17,17,model,False,,1.0,78042,0,0.0,0.1,0,0.0,0.0
fig2_default_fedavg_rep00_seed12025,fig2,default,fedavg,0,17,17,17,model,False,,1.0,78042,1,0.1,0.2,705,0.1929030293268515,0.05673758865248227
fig2_default_fedavg_rep00_seed12025,fig2,default,fedavg,0,17,17,17,model,False,,1.0,78042,2,0.2,0.30000000000000004,8247,0.2311212476096732,0.16696980720261914
fig2_default_fedavg_rep00_seed12025,fig2,default,fedavg,0,17,17,17,model,False,,1.0,78042,3,0.30000000000000004,0.4,555,0.34754451609946585,0.33153153153153153
fig2_default_fedavg_rep00_seed12025,fig2,default,fedavg,0,17,17,17,model,False,,1.0,78042,4,0.4,0.5,381,0.444323980980345,0.3805774278215223
fig2_default_fedavg_rep00_seed12025,fig2,default,fedavg,0,17,17,17,model,False,,1.0,78042,5,0.5,0.6000000000000001,112,0.5244467668235302,0.2857142857142857
fig2_default_fedavg_rep00_seed12025,fig2,default,fedavg,0,17,17,17,model,False,,1.0,78042,6,0.6000000000000001,0.7000000000000001,0,0.0,0.0
fig2_default_fedavg_rep00_seed12025,fig2,default,fedavg,0,17,17,17,model,False,,1.0,78042,7,0.7000000000000001,0.8,0,0.0,0.0
fig2_default_fedavg_rep00_seed12025,fig2,default,fedavg,0,17,17,17,model,False,,1.0,78042,8,0.8,0.9,0,0.0,0.0
fig2_default_fedavg_rep00_seed12025,fig2,default,fedavg,0,17,17,17,model,False,,1.0,78042,9,0.9,1.0,0,0.0,0.0
fig2_default_fedavg_rep00_seed12025,fig2,default,fedavg,0,18,18,18,model,False,,1.0,78042,0,0.0,0.1,0,0.0,0.0
fig2_default_fedavg_rep00_seed12025,fig2,default,fedavg,0,18,18,18,model,False,,1.0,78042,1,0.1,0.2,750,0.1911101747751236,0.084
fig2_default_fedavg_rep00_seed12025,fig2,default,fedavg,0,18,18,18,model,False,,1.0,78042,2,0.2,0.30000000000000004,3778,0.2338100875051896,0.09105346744309158
fig2_default_fedavg_rep00_seed12025,fig2,default,fedavg,0,18,18,18,model,False,,1.0,78042,3,0.30000000000000004,0.4,2017,0.3516940947919419,0.06544372830937036
fig2_default_fedavg_rep00_seed12025,fig2,default,fedavg,0,18,18,18,model,False,,1.0,78042,4,0.4,0.5,2407,0.44914459155761804,0.17158288325716659
fig2_default_fedavg_rep00_seed12025,fig2,default,fedavg,0,18,18,18,model,False,,1.0,78042,5,0.5,0.6000000000000001,1041,0.532015563088123,0.3756003842459174
fig2_default_fedavg_rep00_seed12025,fig2,default,fedavg,0,18,18,18,model,False,,1.0,78042,6,0.6000000000000001,0.7000000000000001,7,0.604727395943233,0.14285714285714285
fig2_default_fedavg_rep00_seed12025,fig2,default,fedavg,0,18,18,18,model,False,,1.0,78042,7,0.7000000000000001,0.8,0,0.0,0.0
fig2_default_fedavg_rep00_seed12025,fig2,default,fedavg,0,18,18,18,model,False,,1.0,78042,8,0.8,0.9,0,0.0,0.0
fig2_default_fedavg_rep00_seed12025,fig2,default,fedavg,0,18,18,18,model,False,,1.0,78042,9,0.9,1.0,0,0.0,0.0
fig2_default_fedavg_rep00_seed12025,fig2,default,fedavg,0,19,19,19,model,False,,1.0,78042,0,0.0,0.1,0,0.0,0.0
fig2_default_fedavg_rep00_seed12025,fig2,default,fedavg,0,19,19,19,model,False,,1.0,78042,1,0.1,0.2,35,0.19608470286641802,0.14285714285714285
fig2_default_fedavg_rep00_seed12025,fig2,default,fedavg,0,19,19,19,model,False,,1.0,78042,2,0.2,0.30000000000000004,9594,0.2667889083353758,0.09255784865540963
fig2_default_fedavg_rep00_seed12025,fig2,default,fedavg,0,19,19,19,model,False,,1.0,78042,3,0.30000000000000004,0.4,368,0.30607872901727323,0.3125
fig2_default_fedavg_rep00_seed12025,fig2,default,fedavg,0,19,19,19,model,False,,1.0,78042,4,0.4,0.5,3,0.43363673488299054,0.0
fig2_default_fedavg_rep00_seed12025,fig2,default,fedavg,0,19,19,19,model,False,,1.0,78042,5,0.5,0.6000000000000001,0,0.0,0.0
fig2_default_fedavg_rep00_seed12025,fig2,default,fedavg,0,19,19,19,model,False,,1.0,78042,6,0.6000000000000001,0.7000000000000001,0,0.0,0.0
fig2_default_fedavg_rep00_seed12025,fig2,default,fedavg,0,19,19,19,model,False,,1.0,78042,7,0.7000000000000001,0.8,0,0.0,0.0
fig2_default_fedavg_rep00_seed12025,fig2,default,fedavg,0,19,19,19,model,False,,1.0,78042,8,0.8,0.9,0,0.0,0.0
fig2_default_fedavg_rep00_seed12025,fig2,default,fedavg,0,19,19,19,model,False,,1.0,78042,9,0.9,1.0,0,0.0,0.0
fig2_default_fedavg_rep00_seed12025,fig2,default,fedavg,0,20,20,20,model,False,,1.0,78042,0,0.0,0.1,0,0.0,0.0
fig2_default_fedavg_rep00_seed12025,fig2,default,fedavg,0,20,20,20,model,False,,1.0,78042,1,0.1,0.2,2969,0.18787246046141767,0.10407544627820815
fig2_default_fedavg_rep00_seed12025,fig2,default,fedavg,0,20,20,20,model,False,,1.0,78042,2,0.2,0.30000000000000004,4955,0.2217942259536622,0.158627648839556
fig2_default_fedavg_rep00_seed12025,fig2,default,fedavg,0,20,20,20,model,False,,1.0,78042,3,0.30000000000000004,0.4,1243,0.34637730807809225,0.249396621078037
fig2_default_fedavg_rep00_seed12025,fig2,default,fedavg,0,20,20,20,model,False,,1.0,78042,4,0.4,0.5,631,0.4437477567399927,0.39144215530903326
fig2_default_fedavg_rep00_seed12025,fig2,default,fedavg,0,20,20,20,model,False,,1.0,78042,5,0.5,0.6000000000000001,202,0.5284196935077705,0.3217821782178218
fig2_default_fedavg_rep00_seed12025,fig2,default,fedavg,0,20,20,20,model,False,,1.0,78042,6,0.6000000000000001,0.7000000000000001,0,0.0,0.0
fig2_default_fedavg_rep00_seed12025,fig2,default,fedavg,0,20,20,20,model,False,,1.0,78042,7,0.7000000000000001,0.8,0,0.0,0.0
fig2_default_fedavg_rep00_seed12025,fig2,default,fedavg,0,20,20,20,model,False,,1.0,78042,8,0.8,0.9,0,0.0,0.0
fig2_default_fedavg_rep00_seed12025,fig2,default,fedavg,0,20,20,20,model,False,,1.0,78042,9,0.9,1.0,0,0.0,0.0
fig2_default_fedavg_rep00_seed12025,fig2,default,fedavg,0,21,21,21,model,False,,1.0,78042,0,0.0,0.1,0,0.0,0.0
fig2_default_fedavg_rep00_seed12025,fig2,default,fedavg,0,21,21,21,model,False,,1.0,78042,1,0.1,0.2,490,0.19406140589592408,0.06938775510204082
fig2_default_fedavg_rep00_seed12025,fig2,default,fedavg,0,21,21,21,model,False,,1.0,78042,2,0.2,0.30000000000000004,7842,0.23566913779742316,0.16794185156847743
fig2_default_fedavg_rep00_seed12025,fig2,default,fedavg,0,21,21,21,model,False,,1.0,78042,3,0.30000000000000004,0.4,730,0.34543853006134295,0.27534246575342464
fig2_default_fedavg_rep00_seed12025,fig2,default,fedavg,0,21,21,21,model,False,,1.0,78042,4,0.4,0.5,540,0.4474672054251035,0.37037037037037035
fig2_default_fedavg_rep00_seed12025,fig2,default,fedavg,0,21,21,21,model,False,,1.0,78042,5,0.5,0.6000000000000001,342,0.5452813073905588,0.35964912280701755
fig2_default_fedavg_rep00_seed12025,fig2,default,fedavg,0,21,21,21,model,False,,1.0,78042,6,0.6000000000000001,0.7000000000000001,56,0.6169672193271774,0.2857142857142857
fig2_default_fedavg_rep00_seed12025,fig2,default,fedavg,0,21,21,21,model,False,,1.0,78042,7,0.7000000000000001,0.8,0,0.0,0.0
fig2_default_fedavg_rep00_seed12025,fig2,default,fedavg,0,21,21,21,model,False,,1.0,78042,8,0.8,0.9,0,0.0,0.0
fig2_default_fedavg_rep00_seed12025,fig2,default,fedavg,0,21,21,21,model,False,,1.0,78042,9,0.9,1.0,0,0.0,0.0
fig2_default_fedavg_rep00_seed12025,fig2,default,fedavg,0,22,22,22,model,False,,1.0,78042,0,0.0,0.1,0,0.0,0.0
fig2_default_fedavg_rep00_seed12025,fig2,default,fedavg,0,22,22,22,model,False,,1.0,78042,1,0.1,0.2,1315,0.19011860697215047,0.10646387832699619
fig2_default_fedavg_rep00_seed12025,fig2,default,fedavg,0,22,22,22,model,False,,1.0,78042,2,0.2,0.30000000000000004,5068,0.22874399036427795,0.16554853985793214
fig2_default_fedavg_rep00_seed12025,fig2,default,fedavg,0,22,22,22,model,False,,1.0,78042,3,0.30000000000000004,0.4,1283,0.34899492442189767,0.11379579111457522
fig2_default_fedavg_rep00_seed12025,fig2,default,fedavg,0,22,22,22,model,False,,1.0,78042,4,0.4,0.5,1252,0.44876153421954224,0.2244408945686901
fig2_default_fedavg_rep00_seed12025,fig2,default,fedavg,0,22,22,22,model,False,,1.0,78042,5,0.5,0.6000000000000001,837,0.5465089031445083,0.37753882915173237
fig2_default_fedavg_rep00_seed12025,fig2,default,fedavg,0,22,22,22,model,False,,1.0,78042,6,0.6000000000000001,0.7000000000000001,245,0.626996543456097,0.3469387755102041
fig2_default_fedavg_rep00_seed12025,fig2,default,fedavg,0,22,22,22,model,False,,1.0,78042,7,0.7000000000000001,0.8,0,0.0,0.0
fig2_default_fedavg_rep00_seed12025,fig2,default,fedavg,0,22,22,22,model,False,,1.0,78042,8,0.8,0.9,0,0.0,0.0
fig2_default_fedavg_rep00_seed12025,fig2,default,fedavg,0,22,22,22,model,False,,1.0,78042,9,0.9,1.0,0,0.0,0.0
fig2_default_fedavg_rep00_seed12025,fig2,default,fedavg,0,23,23,23,model,False,,1.0,78042,0,0.0,0.1,0,0.0,0.0
fig2_default_fedavg_rep00_seed12025,fig2,default,fedavg,0,23,23,23,model,False,,1.0,78042,1,0.1,0.2,376,0.19250428478451484,0.061170212765957445
fig2_default_fedavg_rep00_seed12025,fig2,default,fedavg,0,23,23,23,model,False,,1.0,78042,2,0.2,0.30000000000000004,8794,0.24442301826813775,0.13964066408915168
fig2_default_fedavg_rep00_seed12025,fig2,default,fedavg,0,23,23,23,model,False,,1.0,78042,3,0.30000000000000004,0.4,339,0.3493200823620709,0.3185840707964602
fig2_default_fedavg_rep00_seed12025,fig2,default,fedavg,0,23,23,23,model,False,,1.0,78042,4,0.4,0.5,254,0.451331881204928,0.3937007874015748
fig2_default_fedavg_rep00_seed12025,fig2,default,fedavg,0,23,23,23,model,False,,1.0,78042,5,0.5,0.6000000000000001,191,0.5474577549240351,0.2931937172774869
fig2_default_fedavg_rep00_seed12025,fig2,default,fedavg,0,23,23,23,model,False,,1.0,78042,6,0.6000000000000001,0.7000000000000001,46,0.6213547172753707,0.2826086956521739
fig2_default_fedavg_rep00_seed12025,fig2,default,fedavg,0,23,23,23,model,False,,1.0,78042,7,0.7000000000000001,0.8,0,0.0,0.0
fig2_default_fedavg_rep00_seed12025,fig2,default,fedavg,0,23,23,23,model,False,,1.0,78042,8,0.8,0.9,0,0.0,0.0
fig2_default_fedavg_rep00_seed12025,fig2,default,fedavg,0,23,23,23,model,False,,1.0,78042,9,0.9,1.0,0,0.0,0.0
fig2_default_fedavg_rep00_seed12025,fig2,default,fedavg,0,24,24,24,model,False,,1.0,78042,0,0.0,0.1,0,0.0,0.0
fig2_default_fedavg_rep00_seed12025,fig2,default,fedavg,0,24,24,24,model,False,,1.0,78042,1,0.1,0.2,1464,0.18685773688831617,0.09836065573770492
fig2_default_fedavg_rep00_seed12025,fig2,default,fedavg,0,24,24,24,model,False,,1.0,78042,2,0.2,0.30000000000000004,2958,0.23067942404763128,0.1112237998647735
fig2_default_fedavg_rep00_seed12025,fig2,default,fedavg,0,24,24,24,model,False,,1.0,78042,3,0.30000000000000004,0.4,1386,0.3501410582794944,0.05339105339105339
fig2_default_fedavg_rep00_seed12025,fig2,default,fedavg,0,24,24,24,model,False,,1.0,78042,4,0.4,0.5,1698,0.4516390109757231,0.10011778563015312
fig2_default_fedavg_rep00_seed12025,fig2,default,fedavg,0,24,24,24,model,False,,1.0,78042,5,0.5,0.6000000000000001,1761,0.5487200894659043,0.23339011925042588
fig2_default_fedavg_rep00_seed12025,fig2,default,fedavg,0,24,24,24,model,False,,1.0,78042,6,0.6000000000000001,0.7000000000000001,731,0.6348471476017369,0.39808481532147744
fig2_default_fedavg_rep00_seed12025,fig2,default,fedavg,0,24,24,24,model,False,,1.0,78042,7,0.7000000000000001,0.8,2,0.7025919258594513,0.0
fig2_default_fedavg_rep00_seed12025,fig2,default,fedavg,0,24,24,24,model,False,,1.0,78042,8,0.8,0.9,0,0.0,0.0
fig2_default_fedavg_rep00_seed12025,fig2,default,fedavg,0,24,24,24,model,False,,1.0,78042,9,0.9,1.0,0,0.0,0.0
fig2_default_fedavg_rep00_seed12025,fig2,default,fedavg,0,25,25,25,model,False,,1.0,78042,0,0.0,0.1,0,0.0,0.0
fig2_default_fedavg_rep00_seed12025,fig2,default,fedavg,0,25,25,25,model,False,,1.0,78042,1,0.1,0.2,282,0.19269764761552743,0.0673758865248227
fig2_default_fedavg_rep00_seed12025,fig2,default,fedavg,0,25,25,25,model,False,,1.0,78042,2,0.2,0.30000000000000004,9337,0.2530129130914148,0.11042090607261433
fig2_default_fedavg_rep00_seed12025,fig2,default,fedavg,0,25,25,25,model,False,,1.0,78042,3,0.30000000000000004,0.4,304,0.3258341144966452,0.3782894736842105
fig2_default_fedavg_rep00_seed12025,fig2,default,fedavg,0,25,25,25,model,False,,1.0,78042,4,0.4,0.5,67,0.44132796597124924,0.23880597014925373
fig2_default_fedavg_rep00_seed12025,fig2,default,fedavg,0,25,25,25,model,False,,1.0,78042,5,0.5,0.6000000000000001,10,0.5189614474773407,0.2
fig2_default_fedavg_rep00_seed12025,fig2,default,fedavg,0,25,25,25,model,False,,1.0,78042,6,0.6000000000000001,0.7000000000000001,0,0.0,0.0
fig2_default_fedavg_rep00_seed12025,fig2,default,fedavg,0,25,25,25,model,False,,1.0,78042,7,0.7000000000000001,0.8,0,0.0,0.0
fig2_default_fedavg_rep00_seed12025,fig2,default,fedavg,0,25,25,25,model,False,,1.0,78042,8,0.8,0.9,0,0.0,0.0
fig2_default_fedavg_rep00_seed12025,fig2,default,fedavg,0,25,25,25,model,False,,1.0,78042,9,0.9,1.0,0,0.0,0.0
fig2_default_fedavg_rep00_seed12025,fig2,default,fedavg,0,26,26,26,model,False,,1.0,78042,0,0.0,0.1,0,0.0,0.0
fig2_default_fedavg_rep00_seed12025,fig2,default,fedavg,0,26,26,26,model,False,,1.0,78042,1,0.1,0.2,2846,0.18486126119078505,0.11946591707659873
fig2_default_fedavg_rep00_seed12025,fig2,default,fedavg,0,26,26,26,model,False,,1.0,78042,2,0.2,0.30000000000000004,4178,0.22796085465105598,0.16826232647199618
fig2_default_fedavg_rep00_seed12025,fig2,default,fedavg,0,26,26,26,model,False,,1.0,78042,3,0.30000000000000004,0.4,1322,0.3489289273157062,0.17170953101361575
fig2_default_fedavg_rep00_seed12025,fig2,default,fedavg,0,26,26,26,model,False,,1.0,78042,4,0.4,0.5,1040,0.44469480669269196,0.3019230769230769
fig2_default_fedavg_rep00_seed12025,fig2,default,fedavg,0,26,26,26,model,False,,1.0,78042,5,0.5,0.6000000000000001,547,0.5432185525214215,0.3820840950639854
fig2_default_fedavg_rep00_seed12025,fig2,default,fedavg,0,26,26,26,model,False,,1.0,78042,6,0.6000000000000001,0.7000000000000001,67,0.6152424572119072,0.2537313432835821
fig2_default_fedavg_rep00_seed12025,fig2,default,fedavg,0,26,26,26,model,False,,1.0,78042,7,0.7000000000000001,0.8,0,0.0,0.0
fig2_default_fedavg_rep00_seed12025,fig2,default,fedavg,0,26,26,26,model,False,,1.0,78042,8,0.8,0.9,0,0.0,0.0
fig2_default_fedavg_rep00_seed12025,fig2,default,fedavg,0,26,26,26,model,False,,1.0,78042,9,0.9,1.0,0,0.0,0.0
fig2_default_fedavg_rep00_seed12025,fig2,default,fedavg,0,27,27,27,model,False,,1.0,78042,0,0.0,0.1,0,0.0,0.0
fig2_default_fedavg_rep00_seed12025,fig2,default,fedavg,0,27,27,27,model,False,,1.0,78042,1,0.1,0.2,821,0.1914161983854733,0.07064555420219244
fig2_default_fedavg_rep00_seed12025,fig2,default,fedavg,0,27,27,27,model,False,,1.0,78042,2,0.2,0.30000000000000004,7477,0.2423738000529071,0.168650528286746
fig2_default_fedavg_rep00_seed12025,fig2,default,fedavg,0,27,27,27,model,False,,1.0,78042,3,0.30000000000000004,0.4,769,0.3428919008013796,0.28738621586475943
fig2_default_fedavg_rep00_seed12025,fig2,default,fedavg,0,27,27,27,model,False,,1.0,78042,4,0.4,0.5,473,0.4460909097567673,0.3890063424947146
fig2_default_fedavg_rep00_seed12025,fig2,default,fedavg,0,27,27,27,model,False,,1.0,78042,5,0.5,0.6000000000000001,344,0.5445686849050744,0.3808139534883721
fig2_default_fedavg_rep00_seed12025,fig2,default,fedavg,0,27,27,27,model,False,,1.0,78042,6,0.6000000000000001,0.7000000000000001,116,0.6258305855866136,0.28448275862068967
fig2_default_fedavg_rep00_seed12025,fig2,default,fedavg,0,27,27,27,model,False,,1.0,78042,7,0.7000000000000001,0.8,0,0.0,0.0
fig2_default_fedavg_rep00_seed12025,fig2,default,fedavg,0,27,27,27,model,False,,1.0,78042,8,0.8,0.9,0,0.0,0.0
fig2_default_fedavg_rep00_seed12025,fig2,default,fedavg,0,27,27,27,model,False,,1.0,78042,9,0.9,1.0,0,0.0,0.0
fig2_default_fedavg_rep00_seed12025,fig2,default,fedavg,0,28,28,28,model,False,,1.0,78042,0,0.0,0.1,0,0.0,0.0
fig2_default_fedavg_rep00_seed12025,fig2,default,fedavg,0,28,28,28,model,False,,1.0,78042,1,0.1,0.2,1222,0.18863717532440802,0.10310965630114566
fig2_default_fedavg_rep00_seed12025,fig2,default,fedavg,0,28,28,28,model,False,,1.0,78042,2,0.2,0.30000000000000004,5380,0.23531994655672944,0.1771375464684015
fig2_default_fedavg_rep00_seed12025,fig2,default,fedavg,0,28,28,28,model,False,,1.0,78042,3,0.30000000000000004,0.4,1074,0.3501971683411181,0.11359404096834265
fig2_default_fedavg_rep00_seed12025,fig2,default,fedavg,0,28,28,28,model,False,,1.0,78042,4,0.4,0.5,1053,0.45001803090882553,0.22127255460588793
fig2_default_fedavg_rep00_seed12025,fig2,default,fedavg,0,28,28,28,model,False,,1.0,78042,5,0.5,0.6000000000000001,774,0.5448169791421225,0.3475452196382429
fig2_default_fedavg_rep00_seed12025,fig2,default,fedavg,0,28,28,28,model,False,,1.0,78042,6,0.6000000000000001,0.7000000000000001,481,0.6403146515021453,0.3783783783783784
fig2_default_fedavg_rep00_seed12025,fig2,default,fedavg,0,28,28,28,model,False,,1.0,78042,7,0.7000000000000001,0.8,16,0.7080355659127235,0.1875
fig2_default_fedavg_rep00_seed12025,fig2,default,fedavg,0,28,28,28,model,False,,1.0,78042,8,0.8,0.9,0,0.0,0.0
fig2_default_fedavg_rep00_seed12025,fig2,default,fedavg,0,28,28,28,model,False,,1.0,78042,9,0.9,1.0,0,0.0,0.0
fig2_default_fedavg_rep00_seed12025,fig2,default,fedavg,0,29,29,29,model,False,,1.0,78042,0,0.0,0.1,0,0.0,0.0
fig2_default_fedavg_rep00_seed12025,fig2,default,fedavg,0,29,29,29,model,False,,1.0,78042,1,0.1,0.2,999,0.1903238872120211,0.07307307307307308
fig2_default_fedavg_rep00_seed12025,fig2,default,fedavg,0,29,29,29,model,False,,1.0,78042,2,0.2,0.30000000000000004,7418,0.24465563506627216,0.15826368293340523
fig2_default_fedavg_rep00_seed12025,fig2,default,fedavg,0,29,29,29,model,False,,1.0,78042,3,0.30000000000000004,0.4,653,0.33658466099049744,0.3445635528330781
fig2_default_fedavg_rep00_seed12025,fig2,default,fedavg,0,29,29,29,model,False,,1.0,78042,4,0.4,0.5,415,0.4471882502716708,0.36626506024096384
fig2_default_fedavg_rep00_seed12025,fig2,default,fedavg,0,29,29,29,model,False,,1.0,78042,5,0.5,0.6000000000000001,316,0.546602023176,0.3829113924050633
fig2_default_fedavg_rep00_seed12025,fig2,default,fedavg,0,29,29,29,model,False,,1.0,78042,6,0.6000000000000001,0.7000000000000001,197,0.6381264788850309,0.29949238578680204
fig2_default_fedavg_rep00_seed12025,fig2,default,fedavg,0,29,29,29,model,False,,1.0,78042,7,0.7000000000000001,0.8,2,0.7081613838672638,0.0
fig2_default_fedavg_rep00_seed12025,fig2,default,fedavg,0,29,29,29,model,False,,1.0,78042,8,0.8,0.9,0,0.0,0.0
fig2_default_fedavg_rep00_seed12025,fig2,default,fedavg,0,29,29,29,model,False,,1.0,78042,9,0.9,1.0,0,0.0,0.0
fig2_default_fedavg_rep00_seed12025,fig2,default,fedavg,0,30,30,30,model,False,,1.0,78042,0,0.0,0.1,0,0.0,0.0
fig2_default_fedavg_rep00_seed12025,fig2,default,fedavg,0,30,30,30,model,False,,1.0,78042,1,0.1,0.2,1427,0.18703503946407574,0.10861948142957253
fig2_default_fedavg_rep00_seed12025,fig2,default,fedavg,0,30,30,30,model,False,,1.0,78042,2,0.2,0.30000000000000004,4499,0.23411797793223132,0.1713714158701934
fig2_default_fedavg_rep00_seed12025,fig2,default,fedavg,0,30,30,30,model,False,,1.0,78042,3,0.30000000000000004,0.4,1117,0.3494968757687025,0.09400179051029543
fig2_default_fedavg_rep00_seed12025,fig2,default,fedavg,0,30,30,30,model,False,,1.0,78042,4,0.4,0.5,1149,0.4514623582881881,0.144473455178416
fig2_default_fedavg_rep00_seed12025,fig2,default,fedavg,0,30,30,30,model,False,,1.0,78042,5,0.5,0.6000000000000001,1066,0.5477000728221593,0.29174484052532834
fig2_default_fedavg_rep00_seed12025,fig2,default,fedavg,0,30,30,30,model,False,,1.0,78042,6,0.6000000000000001,0.7000000000000001,670,0.6461779153169092,0.4
fig2_default_fedavg_rep00_seed12025,fig2,default,fedavg,0,30,30,30,model,False,,1.0,78042,7,0.7000000000000001,0.8,72,0.7124882861971855,0.2638888888888889
fig2_default_fedavg_rep00_seed12025,fig2,default,fedavg,0,30,30,30,model,False,,1.0,78042,8,0.8,0.9,0,0.0,0.0
fig2_default_fedavg_rep00_seed12025,fig2,default,fedavg,0,30,30,30,model,False,,1.0,78042,9,0.9,1.0,0,0.0,0.0
fig2_default_fedavg_rep00_seed12025,fig2,default,fedavg,0,31,31,31,model,False,,1.0,78042,0,0.0,0.1,0,0.0,0.0
fig2_default_fedavg_rep00_seed12025,fig2,default,fedavg,0,31,31,31,model,False,,1.0,78042,1,0.1,0.2,822,0.1891897286123023,0.06326034063260341
fig2_default_fedavg_rep00_seed12025,fig2,default,fedavg,0,31,31,31,model,False,,1.0,78042,2,0.2,0.30000000000000004,7801,0.2483918478746106,0.13690552493270094
fig2_default_fedavg_rep00_seed12025,fig2,default,fedavg,0,31,31,31,model,False,,1.0,78042,3,0.30000000000000004,0.4,805,0.32355362258342485,0.35403726708074534
fig2_default_fedavg_rep00_seed12025,fig2,default,fedavg,0,31,31,31,model,False,,1.0,78042,4,0.4,0.5,269,0.4463983894945521,0.3903345724907063
fig2_default_fedavg_rep00_seed12025,fig2,default,fedavg,0,31,31,31,model,False,,1.0,78042,5,0.5,0.6000000000000001,214,0.5475944609285515,0.3364485981308411
fig2_default_fedavg_rep00_seed12025,fig2,default,fedavg,0,31,31,31,model,False,,1.0,78042,6,0.6000000000000001,0.7000000000000001,89,0.631346522422319,0.25842696629213485
fig2_default_fedavg_rep00_seed12025,fig2,default,fedavg,0,31,31,31,model,False,,1.0,78042,7,0.7000000000000001,0.8,0,0.0,0.0
fig2_default_fedavg_rep00_seed12025,fig2,default,fedavg,0,31,31,31,model,False,,1.0,78042,8,0.8,0.9,0,0.0,0.0
fig2_default_fedavg_rep00_seed12025,fig2,default,fedavg,0,31,31,31,model,False,,1.0,78042,9,0.9,1.0,0,0.0,0.0
fig2_default_fedavg_rep00_seed12025,fig2,default,fedavg,0,32,32,32,model,False,,1.0,78042,0,0.0,0.1,0,0.0,0.0
fig2_default_fedavg_rep00_seed12025,fig2,default,fedavg,0,32,32,32,model,False,,1.0,78042,1,0.1,0.2,1660,0.18538980809859482,0.11204819277108434
fig2_default_fedavg_rep00_seed12025,fig2,default,fedavg,0,32,32,32,model,False,,1.0,78042,2,0.2,0.30000000000000004,4211,0.2335332341118851,0.16931845167418666
fig2_default_fedavg_rep00_seed12025,fig2,default,fedavg,0,32,32,32,model,False,,1.0,78042,3,0.30000000000000004,0.4,1155,0.3496482395248496,0.08744588744588745
fig2_default_fedavg_rep00_seed12025,fig2,default,fedavg,0,32,32,32,model,False,,1.0,78042,4,0.4,0.5,1175,0.45088507766419267,0.14893617021276595
fig2_default_fedavg_rep00_seed12025,fig2,default,fedavg,0,32,32,32,model,False,,1.0,78042,5,0.5,0.6000000000000001,1085,0.5465418575546159,0.29493087557603687
fig2_default_fedavg_rep00_seed12025,fig2,default,fedavg,0,32,32,32,model,False,,1.0,78042,6,0.6000000000000001,0.7000000000000001,657,0.6446272526701836,0.3972602739726027
fig2_default_fedavg_rep00_seed12025,fig2,default,fedavg,0,32,32,32,model,False,,1.0,78042,7,0.7000000000000001,0.8,57,0.7099750418412057,0.24561403508771928
fig2_default_fedavg_rep00_seed12025,fig2,default,fedavg,0,32,32,32,model,False,,1.0,78042,8,0.8,0.9,0,0.0,0.0
fig2_default_fedavg_rep00_seed12025,fig2,default,fedavg,0,32,32,32,model,False,,1.0,78042,9,0.9,1.0,0,0.0,0.0
fig2_default_fedavg_rep00_seed12025,fig2,default,fedavg,0,33,33,33,model,False,,1.0,78042,0,0.0,0.1,0,0.0,0.0
fig2_default_fedavg_rep00_seed12025,fig2,default,fedavg,0,33,33,33,model,False,,1.0,78042,1,0.1,0.2,1037,0.1885939353974599,0.05689488910318226
fig2_default_fedavg_rep00_seed12025,fig2,default,fedavg,0,33,33,33,model,False,,1.0,78042,2,0.2,0.30000000000000004,7415,0.24728071218757153,0.1468644639244774
fig2_default_fedavg_rep00_seed12025,fig2,default,fedavg,0,33,33,33,model,False,,1.0,78042,3,0.30000000000000004,0.4,942,0.3237901729889483,0.3354564755838641
fig2_default_fedavg_rep00_seed12025,fig2,default,fedavg,0,33,33,33,model,False,,1.0,78042,4,0.4,0.5,296,0.44809716104252917,0.40202702702702703
fig2_default_fedavg_rep00_seed12025,fig2,default,fedavg,0,33,33,33,model,False,,1.0,78042,5,0.5,0.6000000000000001,224,0.548326397846852,0.36160714285714285
fig2_default_fedavg_rep00_seed12025,fig2,default,fedavg,0,33,33,33,model,False,,1.0,78042,6,0.6000000000000001,0.7000000000000001,86,0.6297202713267748,0.2441860465116279
fig2_default_fedavg_rep00_seed12025,fig2,default,fedavg,0,33,33,33,model,False,,1.0,78042,7,0.7000000000000001,0.8,0,0.0,0.0
fig2_default_fedavg_rep00_seed12025,fig2,default,fedavg,0,33,33,33,model,False,,1.0,78042,8,0.8,0.9,0,0.0,0.0
fig2_default_fedavg_rep00_seed12025,fig2,default,fedavg,0,33,33,33,model,False,,1.0,78042,9,0.9,1.0,0,0.0,0.0
fig2_default_fedavg_rep00_seed12025,fig2,default,fedavg,0,34,34,34,model,False,,1.0,78042,0,0.0,0.1,0,0.0,0.0
fig2_default_fedavg_rep00_seed12025,fig2,default,fedavg,0,34,34,34,model,False,,1.0,78042,1,0.1,0.2,1573,0.1849579524061745,0.1080737444373808
fig2_default_fedavg_rep00_seed12025,fig2,default,fedavg,0,34,34,34,model,False,,1.0,78042,2,0.2,0.30000000000000004,4720,0.2372907014374258,0.17478813559322035
fig2_default_fedavg_rep00_seed12025,fig2,default,fedavg,0,34,34,34,model,False,,1.0,78042,3,0.30000000000000004,0.4,1055,0.34922715515887004,0.10995260663507109
fig2_default_fedavg_rep00_seed12025,fig2,default,fedavg,0,34,34,34,model,False,,1.0,78042,4,0.4,0.5,1082,0.4502787233335474,0.17929759704251386
fig2_default_fedavg_rep00_seed12025,fig2,default,fedavg,0,34,34,34,model,False,,1.0,78042,5,0.5,0.6000000000000001,918,0.5460983341425852,0.31263616557734203
fig2_default_fedavg_rep00_seed12025,fig2,default,fedavg,0,34,34,34,model,False,,1.0,78042,6,0.6000000000000001,0.7000000000000001,591,0.645577768787313,0.4027072758037225
fig2_default_fedavg_rep00_seed12025,fig2,default,fedavg,0,34,34,34,model,False,,1.0,78042,7,0.7000000000000001,0.8,61,0.7110884854050933,0.2459016393442623
fig2_default_fedavg_rep00_seed12025,fig2,default,fedavg,0,34,34,34,model,False,,1.0,78042,8,0.8,0.9,0,0.0,0.0
fig2_default_fedavg_rep00_seed12025,fig2,default,fedavg,0,34,34,34,model,False,,1.0,78042,9,0.9,1.0,0,0.0,0.0
fig2_default_fedavg_rep00_seed12025,fig2,default,fedavg,0,35,35,35,model,False,,1.0,78042,0,0.0,0.1,0,0.0,0.0
fig2_default_fedavg_rep00_seed12025,fig2,default,fedavg,0,35,35,35,model,False,,1.0,78042,1,0.1,0.2,1155,0.1877616443417289,0.08311688311688312
fig2_default_fedavg_rep00_seed12025,fig2,default,fedavg,0,35,35,35,model,False,,1.0,78042,2,0.2,0.30000000000000004,6854,0.24625850335385316,0.15129851181791654
fig2_default_fedavg_rep00_seed12025,fig2,default,fedavg,0,35,35,35,model,False,,1.0,78042,3,0.30000000000000004,0.4,1132,0.3245333813841688,0.32597173144876324
fig2_default_fedavg_rep00_seed12025,fig2,default,fedavg,0,35,35,35,model,False,,1.0,78042,4,0.4,0.5,370,0.44590216762310747,0.40540540540540543
fig2_default_fedavg_rep00_seed12025,fig2,default,fedavg,0,35,35,35,model,False,,1.0,78042,5,0.5,0.6000000000000001,298,0.5456589800399422,0.3825503355704698
fig2_default_fedavg_rep00_seed12025,fig2,default,fedavg,0,35,35,35,model,False,,1.0,78042,6,0.6000000000000001,0.7000000000000001,189,0.6389632631861974,0.2962962962962963
fig2_default_fedavg_rep00_seed12025,fig2,default,fedavg,0,35,35,35,model,False,,1.0,78042,7,0.7000000000000001,0.8,2,0.708450585603714,0.0
fig2_default_fedavg_rep00_seed12025,fig2,default,fedavg,0,35,35,35,model,False,,1.0,78042,8,0.8,0.9,0,0.0,0.0
fig2_default_fedavg_rep00_seed12025,fig2,default,fedavg,0,35,35,35,model,False,,1.0,78042,9,0.9,1.0,0,0.0,0.0
fig2_default_fedavg_rep00_seed12025,fig2,default,fedavg,0,36,36,36,model,False,,1.0,78042,0,0.0,0.1,0,0.0,0.0
fig2_default_fedavg_rep00_seed12025,fig2,default,fedavg,0,36,36,36,model,False,,1.0,78042,1,0.1,0.2,1447,0.18554215514215008,0.11264685556323428
fig2_default_fedavg_rep00_seed12025,fig2,default,fedavg,0,36,36,36,model,False,,1.0,78042,2,0.2,0.30000000000000004,5020,0.2402288121175006,0.17788844621513944
fig2_default_fedavg_rep00_seed12025,fig2,default,fedavg,0,36,36,36,model,False,,1.0,78042,3,0.30000000000000004,0.4,973,0.3481595930925744,0.1223021582733813
fig2_default_fedavg_rep00_seed12025,fig2,default,fedavg,0,36,36,36,model,False,,1.0,78042,4,0.4,0.5,999,0.44886308034380396,0.18618618618618618
fig2_default_fedavg_rep00_seed12025,fig2,default,fedavg,0,36,36,36,model,False,,1.0,78042,5,0.5,0.6000000000000001,843,0.5464073052609942,0.3143534994068802
fig2_default_fedavg_rep00_seed12025,fig2,default,fedavg,0,36,36,36,model,False,,1.0,78042,6,0.6000000000000001,0.7000000000000001,596,0.6473952547815822,0.4077181208053691
fig2_default_fedavg_rep00_seed12025,fig2,default,fedavg,0,36,36,36,model,False,,1.0,78042,7,0.7000000000000001,0.8,122,0.7168144539731448,0.2786885245901639
fig2_default_fedavg_rep00_seed12025,fig2,default,fedavg,0,36,36,36,model,False,,1.0,78042,8,0.8,0.9,0,0.0,0.0
fig2_default_fedavg_rep00_seed12025,fig2,default,fedavg,0,36,36,36,model,False,,1.0,78042,9,0.9,1.0,0,0.0,0.0
fig2_default_fedavg_rep00_seed12025,fig2,default,fedavg,0,37,37,37,model,False,,1.0,78042,0,0.0,0.1,0,0.0,0.0
fig2_default_fedavg_rep00_seed12025,fig2,default,fedavg,0,37,37,37,model,False,,1.0,78042,1,0.1,0.2,1206,0.18715961434404252,0.07131011608623548
fig2_default_fedavg_rep00_seed12025,fig2,default,fedavg,0,37,37,37,model,False,,1.0,78042,2,0.2,0.30000000000000004,6535,0.24619191679091698,0.15608263198163733
fig2_default_fedavg_rep00_seed12025,fig2,default,fedavg,0,37,37,37,model,False,,1.0,78042,3,0.30000000000000004,0.4,1232,0.3265768488167555,0.30844155844155846
fig2_default_fedavg_rep00_seed12025,fig2,default,fedavg,0,37,37,37,model,False,,1.0,78042,4,0.4,0.5,403,0.4488859754194397,0.3573200992555831
fig2_default_fedavg_rep00_seed12025,fig2,default,fedavg,0,37,37,37,model,False,,1.0,78042,5,0.5,0.6000000000000001,344,0.5495495033818621,0.4011627906976744
fig2_default_fedavg_rep00_seed12025,fig2,default,fedavg,0,37,37,37,model,False,,1.0,78042,6,0.6000000000000001,0.7000000000000001,257,0.6466461658941632,0.3463035019455253
fig2_default_fedavg_rep00_seed12025,fig2,default,fedavg,0,37,37,37,model,False,,1.0,78042,7,0.7000000000000001,0.8,23,0.7138032343076623,0.17391304347826086
fig2_default_fedavg_rep00_seed12025,fig2,default,fedavg,0,37,37,37,model,False,,1.0,78042,8,0.8,0.9,0,0.0,0.0
fig2_default_fedavg_rep00_seed12025,fig2,default,fedavg,0,37,37,37,model,False,,1.0,78042,9,0.9,1.0,0,0.0,0.0
fig2_default_fedavg_rep00_seed12025,fig2,default,fedavg,0,38,38,38,model,False,,1.0,78042,0,0.0,0.1,0,0.0,0.0
fig2_default_fedavg_rep00_seed12025,fig2,default,fedavg,0,38,38,38,model,False,,1.0,78042,1,0.1,0.2,1442,0.1852618383861117,0.10748959778085991
fig2_default_fedavg_rep00_seed12025,fig2,default,fedavg,0,38,38,38,model,False,,1.0,78042,2,0.2,0.30000000000000004,5080,0.2414287321826839,0.18110236220472442
fig2_default_fedavg_rep00_seed12025,fig2,default,fedavg,0,38,38,38,model,False,,1.0,78042,3,0.30000000000000004,0.4,968,0.34717345456323345,0.14049586776859505
fig2_default_fedavg_rep00_seed12025,fig2,default,fedavg,0,38,38,38,model,False,,1.0,78042,4,0.4,0.5,925,0.44902789212561944,0.19027027027027027
fig2_default_fedavg_rep00_seed12025,fig2,default,fedavg,0,38,38,38,model,False,,1.0,78042,5,0.5,0.6000000000000001,812,0.5470322278039209,0.29679802955665024
fig2_default_fedavg_rep00_seed12025,fig2,default,fedavg,0,38,38,38,model,False,,1.0,78042,6,0.6000000000000001,0.7000000000000001,585,0.6484070607739636,0.4205128205128205
fig2_default_fedavg_rep00_seed12025,fig2,default,fedavg,0,38,38,38,model,False,,1.0,78042,7,0.7000000000000001,0.8,188,0.7212501792831624,0.30319148936170215
fig2_default_fedavg_rep00_seed12025,fig2,default,fedavg,0,38,38,38,model,False,,1.0,78042,8,0.8,0.9,0,0.0,0.0
fig2_default_fedavg_rep00_seed12025,fig2,default,fedavg,0,38,38,38,model,False,,1.0,78042,9,0.9,1.0,0,0.0,0.0
fig2_default_fedavg_rep00_seed12025,fig2,default,fedavg,0,39,39,39,model,False,,1.0,78042,0,0.0,0.1,0,0.0,0.0
fig2_default_fedavg_rep00_seed12025,fig2,default,fedavg,0,39,39,39,model,False,,1.0,78042,1,0.1,0.2,1250,0.18647719123363496,0.0648
fig2_default_fedavg_rep00_seed12025,fig2,default,fedavg,0,39,39,39,model,False,,1.0,78042,2,0.2,0.30000000000000004,6335,0.24627576144595925,0.15816890292028413
fig2_default_fedavg_rep00_seed12025,fig2,default,fedavg,0,39,39,39,model,False,,1.0,78042,3,0.30000000000000004,0.4,1272,0.32742855489347716,0.3050314465408805
fig2_default_fedavg_rep00_seed12025,fig2,default,fedavg,0,39,39,39,model,False,,1.0,78042,4,0.4,0.5,422,0.4488236488182963,0.34360189573459715
fig2_default_fedavg_rep00_seed12025,fig2,default,fedavg,0,39,39,39,model,False,,1.0,78042,5,0.5,0.6000000000000001,358,0.5494850461043459,0.39385474860335196
fig2_default_fedavg_rep00_seed12025,fig2,default,fedavg,0,39,39,39,model,False,,1.0,78042,6,0.6000000000000001,0.7000000000000001,303,0.6475635704034233,0.34983498349834985
fig2_default_fedavg_rep00_seed12025,fig2,default,fedavg,0,39,39,39,model,False,,1.0,78042,7,0.7000000000000001,0.8,60,0.7163335541884105,0.25
fig2_default_fedavg_rep00_seed12025,fig2,default,fedavg,0,39,39,39,model,False,,1.0,78042,8,0.8,0.9,0,0.0,0.0
fig2_default_fedavg_rep00_seed12025,fig2,default,fedavg,0,39,39,39,model,False,,1.0,78042,9,0.9,1.0,0,0.0,0.0
fig2_default_fedavg_rep00_seed12025,fig2,default,fedavg,0,40,40,40,model,False,,1.0,78042,0,0.0,0.1,0,0.0,0.0
fig2_default_fedavg_rep00_seed12025,fig2,default,fedavg,0,40,40,40,model,False,,1.0,78042,1,0.1,0.2,1443,0.1847817670510035,0.10741510741510742
fig2_default_fedavg_rep00_seed12025,fig2,default,fedavg,0,40,40,40,model,False,,1.0,78042,2,0.2,0.30000000000000004,5118,0.24219670476287825,0.18132082844861275
fig2_default_fedavg_rep00_seed12025,fig2,default,fedavg,0,40,40,40,model,False,,1.0,78042,3,0.30000000000000004,0.4,990,0.34510075392747164,0.15555555555555556
fig2_default_fedavg_rep00_seed12025,fig2,default,fedavg,0,40,40,40,model,False,,1.0,78042,4,0.4,0.5,869,0.44942150456172825,0.19217491369390102
fig2_default_fedavg_rep00_seed12025,fig2,default,fedavg,0,40,40,40,model,False,,1.0,78042,5,0.5,0.6000000000000001,769,0.5474691964559965,0.293888166449935
fig2_default_fedavg_rep00_seed12025,fig2,default,fedavg,0,40,40,40,model,False,,1.0,78042,6,0.6000000000000001,0.7000000000000001,581,0.6495426559817565,0.42168674698795183
fig2_default_fedavg_rep00_seed12025,fig2,default,fedavg,0,40,40,40,model,False,,1.0,78042,7,0.7000000000000001,0.8,230,0.7258417963981628,0.32608695652173914
fig2_default_fedavg_rep00_seed12025,fig2,default,fedavg,0,40,40,40,model,False,,1.0,78042,8,0.8,0.9,0,0.0,0.0
fig2_default_fedavg_rep00_seed12025,fig2,default,fedavg,0,40,40,40,model,False,,1.0,78042,9,0.9,1.0,0,0.0,0.0
fig2_default_fedavg_rep00_seed12025,fig2,default,fedavg,0,41,41,41,model,False,,1.0,78042,0,0.0,0.1,0,0.0,0.0
fig2_default_fedavg_rep00_seed12025,fig2,default,fedavg,0,41,41,41,model,False,,1.0,78042,1,0.1,0.2,1256,0.18600827767543351,0.06687898089171974
fig2_default_fedavg_rep00_seed12025,fig2,default,fedavg,0,41,41,41,model,False,,1.0,78042,2,0.2,0.30000000000000004,6168,0.2460445949177218,0.16309987029831388
fig2_default_fedavg_rep00_seed12025,fig2,default,fedavg,0,41,41,41,model,False,,1.0,78042,3,0.30000000000000004,0.4,1309,0.3277929495135002,0.28113063407181055
fig2_default_fedavg_rep00_seed12025,fig2,default,fedavg,0,41,41,41,model,False,,1.0,78042,4,0.4,0.5,440,0.44750774265690285,0.32272727272727275
fig2_default_fedavg_rep00_seed12025,fig2,default,fedavg,0,41,41,41,model,False,,1.0,78042,5,0.5,0.6000000000000001,385,0.5485938391128143,0.4
fig2_default_fedavg_rep00_seed12025,fig2,default,fedavg,0,41,41,41,model,False,,1.0,78042,6,0.6000000000000001,0.7000000000000001,337,0.6483719302921691,0.3887240356083086
fig2_default_fedavg_rep00_seed12025,fig2,default,fedavg,0,41,41,41,model,False,,1.0,78042,7,0.7000000000000001,0.8,105,0.7216197297686622,0.2571428571428571
fig2_default_fedavg_rep00_seed12025,fig2,default,fedavg,0,41,41,41,model,False,,1.0,78042,8,0.8,0.9,0,0.0,0.0
fig2_default_fedavg_rep00_seed12025,fig2,default,fedavg,0,41,41,41,model,False,,1.0,78042,9,0.9,1.0,0,0.0,0.0
fig2_default_fedavg_rep00_seed12025,fig2,default,fedavg,0,42,42,42,model,False,,1.0,78042,0,0.0,0.1,0,0.0,0.0
fig2_default_fedavg_rep00_seed12025,fig2,default,fedavg,0,42,42,42,model,False,,1.0,78042,1,0.1,0.2,1406,0.1843635353072948,0.11024182076813656
fig2_default_fedavg_rep00_seed12025,fig2,default,fedavg,0,42,42,42,model,False,,1.0,78042,2,0.2,0.30000000000000004,5213,0.24264398264080006,0.17955112219451372
fig2_default_fedavg_rep00_seed12025,fig2,default,fedavg,0,42,42,42,model,False,,1.0,78042,3,0.30000000000000004,0.4,1019,0.34208481184867695,0.16584887144259078
fig2_default_fedavg_rep00_seed12025,fig2,default,fedavg,0,42,42,42,model,False,,1.0,78042,4,0.4,0.5,818,0.44945402938899903,0.20537897310513448
fig2_default_fedavg_rep00_seed12025,fig2,default,fedavg,0,42,42,42,model,False,,1.0,78042,5,0.5,0.6000000000000001,710,0.5474043382725245,0.2943661971830986
fig2_default_fedavg_rep00_seed12025,fig2,default,fedavg,0,42,42,42,model,False,,1.0,78042,6,0.6000000000000001,0.7000000000000001,568,0.6497136966233522,0.41725352112676056
fig2_default_fedavg_rep00_seed12025,fig2,default,fedavg,0,42,42,42,model,False,,1.0,78042,7,0.7000000000000001,0.8,266,0.7294429957418513,0.3458646616541353
fig2_default_fedavg_rep00_seed12025,fig2,default,fedavg,0,42,42,42,model,False,,1.0,78042,8,0.8,0.9,0,0.0,0.0
fig2_default_fedavg_rep00_seed12025,fig2,default,fedavg,0,42,42,42,model,False,,1.0,78042,9,0.9,1.0,0,0.0,0.0
fig2_default_fedavg_rep00_seed12025,fig2,default,fedavg,0,43,43,43,model,False,,1.0,78042,0,0.0,0.1,0,0.0,0.0
fig2_default_fedavg_rep00_seed12025,fig2,default,fedavg,0,43,43,43,model,False,,1.0,78042,1,0.1,0.2,1287,0.18594779692468666,0.07459207459207459
fig2_default_fedavg_rep00_seed12025,fig2,default,fedavg,0,43,43,43,model,False,,1.0,78042,2,0.2,0.30000000000000004,5976,0.24597045302470844,0.1680053547523427
fig2_default_fedavg_rep00_seed12025,fig2,default,fedavg,0,43,43,43,model,False,,1.0,78042,3,0.30000000000000004,0.4,1317,0.329103708221954,0.2642369020501139
fig2_default_fedavg_rep00_seed12025,fig2,default,fedavg,0,43,43,43,model,False,,1.0,78042,4,0.4,0.5,478,0.4477107549811008,0.3075313807531381
fig2_default_fedavg_rep00_seed12025,fig2,default,fedavg,0,43,43,43,model,False,,1.0,78042,5,0.5,0.6000000000000001,403,0.5472897817715817,0.38461538461538464
fig2_default_fedavg_rep00_seed12025,fig2,default,fedavg,0,43,43,43,model,False,,1.0,78042,6,0.6000000000000001,0.7000000000000001,378,0.6479469085181201,0.4074074074074074
fig2_default_fedavg_rep00_seed12025,fig2,default,fedavg,0,43,43,43,model,False,,1.0,78042,7,0.7000000000000001,0.8,161,0.7269253449410386,0.2732919254658385
fig2_default_fedavg_rep00_seed12025,fig2,default,fedavg,0,43,43,43,model,False,,1.0,78042,8,0.8,0.9,0,0.0,0.0
fig2_default_fedavg_rep00_seed12025,fig2,default,fedavg,0,43,43,43,model,False,,1.0,78042,9,0.9,1.0,0,0.0,0.0
fig2_default_fedavg_rep00_seed12025,fig2,default,fedavg,0,44,44,44,model,False,,1.0,78042,0,0.0,0.1,0,0.0,0.0
fig2_default_fedavg_rep00_seed12025,fig2,default,fedavg,0,44,44,44,model,False,,1.0,78042,1,0.1,0.2,1398,0.18453543639617928,0.10658082975679542
fig2_default_fedavg_rep00_seed12025,fig2,default,fedavg,0,44,44,44,model,False,,1.0,78042,2,0.2,0.30000000000000004,5279,0.24356988595728396,0.17882174654290586
fig2_default_fedavg_rep00_seed12025,fig2,default,fedavg,0,44,44,44,model,False,,1.0,78042,3,0.30000000000000004,0.4,1071,0.3387622482914662,0.1811391223155929
fig2_default_fedavg_rep00_seed12025,fig2,default,fedavg,0,44,44,44,model,False,,1.0,78042,4,0.4,0.5,759,0.44913697022851434,0.20948616600790515
fig2_default_fedavg_rep00_seed12025,fig2,default,fedavg,0,44,44,44,model,False,,1.0,78042,5,0.5,0.6000000000000001,655,0.5474409981538321,0.29923664122137406
fig2_default_fedavg_rep00_seed12025,fig2,default,fedavg,0,44,44,44,model,False,,1.0,78042,6,0.6000000000000001,0.7000000000000001,546,0.6505067744752863,0.42124542124542125
fig2_default_fedavg_rep00_seed12025,fig2,default,fedavg,0,44,44,44,model,False,,1.0,78042,7,0.7000000000000001,0.8,292,0.7332350505541448,0.3458904109589041
fig2_default_fedavg_rep00_seed12025,fig2,default,fedavg,0,44,44,44,model,False,,1.0,78042,8,0.8,0.9,0,0.0,0.0
fig2_default_fedavg_rep00_seed12025,fig2,default,fedavg,0,44,44,44,model,False,,1.0,78042,9,0.9,1.0,0,0.0,0.0
fig2_default_fedavg_rep00_seed12025,fig2,default,fedavg,0,45,45,45,model,False,,1.0,78042,0,0.0,0.1,0,0.0,0.0
fig2_default_fedavg_rep00_seed12025,fig2,default,fedavg,0,45,45,45,model,False,,1.0,78042,1,0.1,0.2,1284,0.18531463998500433,0.07398753894080996
fig2_default_fedavg_rep00_seed12025,fig2,default,fedavg,0,45,45,45,model,False,,1.0,78042,2,0.2,0.30000000000000004,5774,0.24536995857355295,0.17180464149636301
fig2_default_fedavg_rep00_seed12025,fig2,default,fedavg,0,45,45,45,model,False,,1.0,78042,3,0.30000000000000004,0.4,1342,0.32947455755200367,0.2578241430700447
fig2_default_fedavg_rep00_seed12025,fig2,default,fedavg,0,45,45,45,model,False,,1.0,78042,4,0.4,0.5,529,0.44756313803515946,0.2835538752362949
fig2_default_fedavg_rep00_seed12025,fig2,default,fedavg,0,45,45,45,model,False,,1.0,78042,5,0.5,0.6000000000000001,436,0.5474211505246819,0.36926605504587157
fig2_default_fedavg_rep00_seed12025,fig2,default,fedavg,0,45,45,45,model,False,,1.0,78042,6,0.6000000000000001,0.7000000000000001,414,0.6487970975574088,0.4057971014492754
fig2_default_fedavg_rep00_seed12025,fig2,default,fedavg,0,45,45,45,model,False,,1.0,78042,7,0.7000000000000001,0.8,221,0.7321651273183694,0.3167420814479638
fig2_default_fedavg_rep00_seed12025,fig2,default,fedavg,0,45,45,45,model,False,,1.0,78042,8,0.8,0.9,0,0.0,0.0
fig2_default_fedavg_rep00_seed12025,fig2,default,fedavg,0,45,45,45,model,False,,1.0,78042,9,0.9,1.0,0,0.0,0.0
fig2_default_fedavg_rep00_seed12025,fig2,default,fedavg,0,46,46,46,model,False,,1.0,78042,0,0.0,0.1,0,0.0,0.0
fig2_default_fedavg_rep00_seed12025,fig2,default,fedavg,0,46,46,46,model,False,,1.0,78042,1,0.1,0.2,1373,0.18426610059488105,0.101238164603059
fig2_default_fedavg_rep00_seed12025,fig2,default,fedavg,0,46,46,46,model,False,,1.0,78042,2,0.2,0.30000000000000004,5374,0.24435112761506192,0.17752139933010794
fig2_default_fedavg_rep00_seed12025,fig2,default,fedavg,0,46,46,46,model,False,,1.0,78042,3,0.30000000000000004,0.4,1130,0.3369301230770297,0.19911504424778761
fig2_default_fedavg_rep00_seed12025,fig2,default,fedavg,0,46,46,46,model,False,,1.0,78042,4,0.4,0.5,698,0.4499547891852507,0.22206303724928367
fig2_default_fedavg_rep00_seed12025,fig2,default,fedavg,0,46,46,46,model,False,,1.0,78042,5,0.5,0.6000000000000001,596,0.5481525038512761,0.313758389261745
fig2_default_fedavg_rep00_seed12025,fig2,default,fedavg,0,46,46,46,model,False,,1.0,78042,6,0.6000000000000001,0.7000000000000001,514,0.6507321785164251,0.4182879377431907
fig2_default_fedavg_rep00_seed12025,fig2,default,fedavg,0,46,46,46,model,False,,1.0,78042,7,0.7000000000000001,0.8,315,0.7357876230799962,0.34285714285714286
fig2_default_fedavg_rep00_seed12025,fig2,default,fedavg,0,46,46,46,model,False,,1.0,78042,8,0.8,0.9,0,0.0,0.0
fig2_default_fedavg_rep00_seed12025,fig2,default,fedavg,0,46,46,46,model,False,,1.0,78042,9,0.9,1.0,0,0.0,0.0
fig2_default_fedavg_rep00_seed12025,fig2,default,fedavg,0,47,47,47,model,False,,1.0,78042,0,0.0,0.1,0,0.0,0.0
fig2_default_fedavg_rep00_seed12025,fig2,default,fedavg,0,47,47,47,model,False,,1.0,78042,1,0.1,0.2,1299,0.18477774506077754,0.07698229407236336
fig2_default_fedavg_rep00_seed12025,fig2,default,fedavg,0,47,47,47,model,False,,1.0,78042,2,0.2,0.30000000000000004,5656,0.24511394272999681,0.17256011315417255
fig2_default_fedavg_rep00_seed12025,fig2,default,fedavg,0,47,47,47,model,False,,1.0,78042,3,0.30000000000000004,0.4,1323,0.33085156194387016,0.25699168556311414
fig2_default_fedavg_rep00_seed12025,fig2,default,fedavg,0,47,47,47,model,False,,1.0,78042,4,0.4,0.5,560,0.44813324250280856,0.26607142857142857
fig2_default_fedavg_rep00_seed12025,fig2,default,fedavg,0,47,47,47,model,False,,1.0,78042,5,0.5,0.6000000000000001,468,0.5491863634341803,0.3611111111111111
fig2_default_fedavg_rep00_seed12025,fig2,default,fedavg,0,47,47,47,model,False,,1.0,78042,6,0.6000000000000001,0.7000000000000001,428,0.6504093923858393,0.39485981308411217
fig2_default_fedavg_rep00_seed12025,fig2,default,fedavg,0,47,47,47,model,False,,1.0,78042,7,0.7000000000000001,0.8,266,0.7354958126867625,0.33458646616541354
fig2_default_fedavg_rep00_seed12025,fig2,default,fedavg,0,47,47,47,model,False,,1.0,78042,8,0.8,0.9,0,0.0,0.0
fig2_default_fedavg_rep00_seed12025,fig2,default,fedavg,0,47,47,47,model,False,,1.0,78042,9,0.9,1.0,0,0.0,0.0
fig2_default_fedavg_rep00_seed12025,fig2,default,fedavg,0,48,48,48,model,False,,1.0,78042,0,0.0,0.1,0,0.0,0.0
fig2_default_fedavg_rep00_seed12025,fig2,default,fedavg,0,48,48,48,model,False,,1.0,78042,1,0.1,0.2,1363,0.1841124286130344,0.09684519442406456
fig2_default_fedavg_rep00_seed12025,fig2,default,fedavg,0,48,48,48,model,False,,1.0,78042,2,0.2,0.30000000000000004,5434,0.24491262552182727,0.17408906882591094
fig2_default_fedavg_rep00_seed12025,fig2,default,fedavg,0,48,48,48,model,False,,1.0,78042,3,0.30000000000000004,0.4,1168,0.3353201374156426,0.2285958904109589
fig2_default_fedavg_rep00_seed12025,fig2,default,fedavg,0,48,48,48,model,False,,1.0,78042,4,0.4,0.5,672,0.44994809243473266,0.22916666666666666
fig2_default_fedavg_rep00_seed12025,fig2,default,fedavg,0,48,48,48,model,False,,1.0,78042,5,0.5,0.6000000000000001,543,0.5491302456864555,0.31307550644567217
fig2_default_fedavg_rep00_seed12025,fig2,default,fedavg,0,48,48,48,model,False,,1.0,78042,6,0.6000000000000001,0.7000000000000001,496,0.650754117557118,0.4213709677419355
fig2_default_fedavg_rep00_seed12025,fig2,default,fedavg,0,48,48,48,model,False,,1.0,78042,7,0.7000000000000001,0.8,324,0.7378356272791639,0.3425925925925926
fig2_default_fedavg_rep00_seed12025,fig2,default,fedavg,0,48,48,48,model,False,,1.0,78042,8,0.8,0.9,0,0.0,0.0
fig2_default_fedavg_rep00_seed12025,fig2,default,fedavg,0,48,48,48,model,False,,1.0,78042,9,0.9,1.0,0,0.0,0.0
fig2_default_fedavg_rep00_seed12025,fig2,default,fedavg,0,49,49,49,model,False,,1.0,78042,0,0.0,0.1,0,0.0,0.0
fig2_default_fedavg_rep00_seed12025,fig2,default,fedavg,0,49,49,49,model,False,,1.0,78042,1,0.1,0.2,1319,0.18425223797311197,0.0841546626231994
fig2_default_fedavg_rep00_seed12025,fig2,default,fedavg,0,49,49,49,model,False,,1.0,78042,2,0.2,0.30000000000000004,5570,0.24508861194981707,0.1748653500897666
fig2_default_fedavg_rep00_seed12025,fig2,default,fedavg,0,49,49,49,model,False,,1.0,78042,3,0.30000000000000004,0.4,1324,0.3325105355180282,0.256797583081571
fig2_default_fedavg_rep00_seed12025,fig2,default,fedavg,0,49,49,49,model,False,,1.0,78042,4,0.4,0.5,569,0.449999201957706,0.2460456942003515
fig2_default_fedavg_rep00_seed12025,fig2,default,fedavg,0,49,49,49,model,False,,1.0,78042,5,0.5,0.6000000000000001,470,0.5488516853210774,0.34893617021276596
fig2_default_fedavg_rep00_seed12025,fig2,default,fedavg,0,49,49,49,model,False,,1.0,78042,6,0.6000000000000001,0.7000000000000001,454,0.6501536349630566,0.3964757709251101
fig2_default_fedavg_rep00_seed12025,fig2,default,fedavg,0,49,49,49,model,False,,1.0,78042,7,0.7000000000000001,0.8,294,0.7380100673153287,0.3469387755102041
fig2_default_fedavg_rep00_seed12025,fig2,default,fedavg,0,49,49,49,model,False,,1.0,78042,8,0.8,0.9,0,0.0,0.0
fig2_default_fedavg_rep00_seed12025,fig2,default,fedavg,0,49,49,49,model,False,,1.0,78042,9,0.9,1.0,0,0.0,0.0
fig2_default_fedavg_rep00_seed12025,fig2,default,fedavg,0,50,50,50,model,False,,1.0,78042,0,0.0,0.1,0,0.0,0.0
fig2_default_fedavg_rep00_seed12025,fig2,default,fedavg,0,50,50,50,model,False,,1.0,78042,1,0.1,0.2,1365,0.18406047012124743,0.09523809523809523
fig2_default_fedavg_rep00_seed12025,fig2,default,fedavg,0,50,50,50,model,False,,1.0,78042,2,0.2,0.30000000000000004,5433,0.24507578829748733,0.17614577581446714
fig2_default_fedavg_rep00_seed12025,fig2,default,fedavg,0,50,50,50,model,False,,1.0,78042,3,0.30000000000000004,0.4,1238,0.334281994568512,0.2407108239095315
fig2_default_fedavg_rep00_seed12025,fig2,default,fedavg,0,50,50,50,model,False,,1.0,78042,4,0.4,0.5,638,0.4505149397917302,0.22727272727272727
fig2_default_fedavg_rep00_seed12025,fig2,default,fedavg,0,50,50,50,model,False,,1.0,78042,5,0.5,0.6000000000000001,514,0.5495871501442059,0.3151750972762646
fig2_default_fedavg_rep00_seed12025,fig2,default,fedavg,0,50,50,50,model,False,,1.0,78042,6,0.6000000000000001,0.7000000000000001,481,0.650720989505863,0.42411642411642414
fig2_default_fedavg_rep00_seed12025,fig2,default,fedavg,0,50,50,50,model,False,,1.0,78042,7,0.7000000000000001,0.8,331,0.7390978842343449,0.3413897280966767
fig2_default_fedavg_rep00_seed12025,fig2,default,fedavg,0,50,50,50,model,False,,1.0,78042,8,0.8,0.9,0,0.0,0.0
fig2_default_fedavg_rep00_seed12025,fig2,default,fedavg,0,50,50,50,model,False,,1.0,78042,9,0.9,1.0,0,0.0,0.0
fig2_default_fedavg_rep00_seed12025,fig2,default,fedavg,0,51,51,51,model,False,,1.0,78042,0,0.0,0.1,0,0.0,0.0
fig2_default_fedavg_rep00_seed12025,fig2,default,fedavg,0,51,51,51,model,False,,1.0,78042,1,0.1,0.2,1319,0.1839074840298921,0.08794541319181198
fig2_default_fedavg_rep00_seed12025,fig2,default,fedavg,0,51,51,51,model,False,,1.0,78042,2,0.2,0.30000000000000004,5522,0.24506423313120748,0.17439333574791743
fig2_default_fedavg_rep00_seed12025,fig2,default,fedavg,0,51,51,51,model,False,,1.0,78042,3,0.30000000000000004,0.4,1311,0.3324128305475554,0.2532418001525553
fig2_default_fedavg_rep00_seed12025,fig2,default,fedavg,0,51,51,51,model,False,,1.0,78042,4,0.4,0.5,593,0.44920667101319683,0.23946037099494097
fig2_default_fedavg_rep00_seed12025,fig2,default,fedavg,0,51,51,51,model,False,,1.0,78042,5,0.5,0.6000000000000001,481,0.5492916445474367,0.34303534303534305
fig2_default_fedavg_rep00_seed12025,fig2,default,fedavg,0,51,51,51,model,False,,1.0,78042,6,0.6000000000000001,0.7000000000000001,457,0.6506696467326558,0.4026258205689278
fig2_default_fedavg_rep00_seed12025,fig2,default,fedavg,0,51,51,51,model,False,,1.0,78042,7,0.7000000000000001,0.8,317,0.7394338477673215,0.3470031545741325
fig2_default_fedavg_rep00_seed12025,fig2,default,fedavg,0,51,51,51,model,False,,1.0,78042,8,0.8,0.9,0,0.0,0.0
fig2_default_fedavg_rep00_seed12025,fig2,default,fedavg,0,51,51,51,model,False,,1.0,78042,9,0.9,1.0,0,0.0,0.0
fig2_default_fedavg_rep00_seed12025,fig2,default,fedavg,0,52,52,52,model,False,,1.0,78042,0,0.0,0.1,0,0.0,0.0
fig2_default_fedavg_rep00_seed12025,fig2,default,fedavg,0,52,52,52,model,False,,1.0,78042,1,0.1,0.2,1363,0.1840889225177527,0.0983125458547322
fig2_default_fedavg_rep00_seed12025,fig2,default,fedavg,0,52,52,52,model,False,,1.0,78042,2,0.2,0.30000000000000004,5416,0.24519670312258482,0.17503692762186115
fig2_default_fedavg_rep00_seed12025,fig2,default,fedavg,0,52,52,52,model,False,,1.0,78042,3,0.30000000000000004,0.4,1296,0.33328641539462556,0.24691358024691357
fig2_default_fedavg_rep00_seed12025,fig2,default,fedavg,0,52,52,52,model,False,,1.0,78042,4,0.4,0.5,617,0.4501209507788406,0.22852512155591573
fig2_default_fedavg_rep00_seed12025,fig2,default,fedavg,0,52,52,52,model,False,,1.0,78042,5,0.5,0.6000000000000001,501,0.5496941589547727,0.32335329341317365
fig2_default_fedavg_rep00_seed12025,fig2,default,fedavg,0,52,52,52,model,False,,1.0,78042,6,0.6000000000000001,0.7000000000000001,467,0.6506750836362165,0.4197002141327623
fig2_default_fedavg_rep00_seed12025,fig2,default,fedavg,0,52,52,52,model,False,,1.0,78042,7,0.7000000000000001,0.8,339,0.7397408478379601,0.34513274336283184
fig2_default_fedavg_rep00_seed12025,fig2,default,fedavg,0,52,52,52,model,False,,1.0,78042,8,0.8,0.9,1,0.8005072474479675,0.0
fig2_default_fedavg_rep00_seed12025,fig2,default,fedavg,0,52,52,52,model,False,,1.0,78042,9,0.9,1.0,0,0.0,0.0
fig2_default_fedavg_rep00_seed12025,fig2,default,fedavg,0,53,53,53,model,False,,1.0,78042,0,0.0,0.1,0,0.0,0.0
fig2_default_fedavg_rep00_seed12025,fig2,default,fedavg,0,53,53,53,model,False,,1.0,78042,1,0.1,0.2,1330,0.18383513043697616,0.0924812030075188
fig2_default_fedavg_rep00_seed12025,fig2,default,fedavg,0,53,53,53,model,False,,1.0,78042,2,0.2,0.30000000000000004,5458,0.24511208123953712,0.17515573470135581
fig2_default_fedavg_rep00_seed12025,fig2,default,fedavg,0,53,53,53,model,False,,1.0,78042,3,0.30000000000000004,0.4,1342,0.33268499385493344,0.2466467958271237
fig2_default_fedavg_rep00_seed12025,fig2,default,fedavg,0,53,53,53,model,False,,1.0,78042,4,0.4,0.5,585,0.44937428393934525,0.23931623931623933
fig2_default_fedavg_rep00_seed12025,fig2,default,fedavg,0,53,53,53,model,False,,1.0,78042,5,0.5,0.6000000000000001,493,0.5488734527001758,0.3286004056795132
fig2_default_fedavg_rep00_seed12025,fig2,default,fedavg,0,53,53,53,model,False,,1.0,78042,6,0.6000000000000001,0.7000000000000001,455,0.6506050742589511,0.4153846153846154
fig2_default_fedavg_rep00_seed12025,fig2,default,fedavg,0,53,53,53,model,False,,1.0,78042,7,0.7000000000000001,0.8,335,0.7398107889872878,0.3492537313432836
fig2_default_fedavg_rep00_seed12025,fig2,default,fedavg,0,53,53,53,model,False,,1.0,78042,8,0.8,0.9,2,0.8008308410644531,0.0
fig2_default_fedavg_rep00_seed12025,fig2,default,fedavg,0,53,53,53,model,False,,1.0,78042,9,0.9,1.0,0,0.0,0.0
fig2_default_fedavg_rep00_seed12025,fig2,default,fedavg,0,54,54,54,model,False,,1.0,78042,0,0.0,0.1,0,0.0,0.0
fig2_default_fedavg_rep00_seed12025,fig2,default,fedavg,0,54,54,54,model,False,,1.0,78042,1,0.1,0.2,1339,0.183855971019601,0.09783420463032114
fig2_default_fedavg_rep00_seed12025,fig2,default,fedavg,0,54,54,54,model,False,,1.0,78042,2,0.2,0.30000000000000004,5427,0.24525393310317198,0.17486640869725448
fig2_default_fedavg_rep00_seed12025,fig2,default,fedavg,0,54,54,54,model,False,,1.0,78042,3,0.30000000000000004,0.4,1335,0.333208969268906,0.24868913857677902
fig2_default_fedavg_rep00_seed12025,fig2,default,fedavg,0,54,54,54,model,False,,1.0,78042,4,0.4,0.5,597,0.45004498339577936,0.23115577889447236
fig2_default_fedavg_rep00_seed12025,fig2,default,fedavg,0,54,54,54,model,False,,1.0,78042,5,0.5,0.6000000000000001,498,0.5496935583501456,0.3232931726907631
fig2_default_fedavg_rep00_seed12025,fig2,default,fedavg,0,54,54,54,model,False,,1.0,78042,6,0.6000000000000001,0.7000000000000001,454,0.650661533230727,0.42070484581497797
fig2_default_fedavg_rep00_seed12025,fig2,default,fedavg,0,54,54,54,model,False,,1.0,78042,7,0.7000000000000001,0.8,348,0.7400503704945246,0.3505747126436782
fig2_default_fedavg_rep00_seed12025,fig2,default,fedavg,0,54,54,54,model,False,,1.0,78042,8,0.8,0.9,2,0.802012026309967,0.0
fig2_default_fedavg_rep00_seed12025,fig2,default,fedavg,0,54,54,54,model,False,,1.0,78042,9,0.9,1.0,0,0.0,0.0
fig2_default_fedavg_rep00_seed12025,fig2,default,fedavg,0,55,55,55,model,False,,1.0,78042,0,0.0,0.1,0,0.0,0.0
fig2_default_fedavg_rep00_seed12025,fig2,default,fedavg,0,55,55,55,model,False,,1.0,78042,1,0.1,0.2,1330,0.18378738626501614,0.09699248120300752
fig2_default_fedavg_rep00_seed12025,fig2,default,fedavg,0,55,55,55,model,False,,1.0,78042,2,0.2,0.30000000000000004,5427,0.24526277976084837,0.175787728026534
fig2_default_fedavg_rep00_seed12025,fig2,default,fedavg,0,55,55,55,model,False,,1.0,78042,3,0.30000000000000004,0.4,1364,0.33292532491544125,0.24486803519061584
fig2_default_fedavg_rep00_seed12025,fig2,default,fedavg,0,55,55,55,model,False,,1.0,78042,4,0.4,0.5,584,0.4498406593011667,0.238013698630137
fig2_default_fedavg_rep00_seed12025,fig2,default,fedavg,0,55,55,55,model,False,,1.0,78042,5,0.5,0.6000000000000001,493,0.5492548513364115,0.3265720081135903
fig2_default_fedavg_rep00_seed12025,fig2,default,fedavg,0,55,55,55,model,False,,1.0,78042,6,0.6000000000000001,0.7000000000000001,450,0.6504377496242523,0.4177777777777778
fig2_default_fedavg_rep00_seed12025,fig2,default,fedavg,0,55,55,55,model,False,,1.0,78042,7,0.7000000000000001,0.8,350,0.7403443770749228,0.3514285714285714
fig2_default_fedavg_rep00_seed12025,fig2,default,fedavg,0,55,55,55,model,False,,1.0,78042,8,0.8,0.9,2,0.8028444647789001,0.0
fig2_default_fedavg_rep00_seed12025,fig2,default,fedavg,0,55,55,55,model,False,,1.0,78042,9,0.9,1.0,0,0.0,0.0
fig2_default_fedavg_rep00_seed12025,fig2,default,fedavg,0,56,56,56,model,False,,1.0,78042,0,0.0,0.1,0,0.0,0.0
fig2_default_fedavg_rep00_seed12025,fig2,default,fedavg,0,56,56,56,model,False,,1.0,78042,1,0.1,0.2,1328,0.18372684556721564,0.09713855421686747
fig2_default_fedavg_rep00_seed12025,fig2,default,fedavg,0,56,56,56,model,False,,1.0,78042,2,0.2,0.30000000000000004,5407,0.24524682032956155,0.17514333271684854
fig2_default_fedavg_rep00_seed12025,fig2,default,fedavg,0,56,56,56,model,False,,1.0,78042,3,0.30000000000000004,0.4,1379,0.332963257141957,0.2480058013052937
fig2_default_fedavg_rep00_seed12025,fig2,default,fedavg,0,56,56,56,model,False,,1.0,78042,4,0.4,0.5,583,0.44986450334764877,0.2367066895368782
fig2_default_fedavg_rep00_seed12025,fig2,default,fedavg,0,56,56,56,model,False,,1.0,78042,5,0.5,0.6000000000000001,495,0.5491687987789963,0.3191919191919192
fig2_default_fedavg_rep00_seed12025,fig2,default,fedavg,0,56,56,56,model,False,,1.0,78042,6,0.6000000000000001,0.7000000000000001,452,0.6506057909104677,0.4225663716814159
fig2_default_fedavg_rep00_seed12025,fig2,default,fedavg,0,56,56,56,model,False,,1.0,78042,7,0.7000000000000001,0.8,354,0.7409377921435792,0.3531073446327684
fig2_default_fedavg_rep00_seed12025,fig2,default,fedavg,0,56,56,56,model,False,,1.0,78042,8,0.8,0.9,2,0.8037435114383698,0.0
fig2_default_fedavg_rep00_seed12025,fig2,default,fedavg,0,56,56,56,model,False,,1.0,78042,9,0.9,1.0,0,0.0,0.0
fig2_default_fedavg_rep00_seed12025,fig2,default,fedavg,0,57,57,57,model,False,,1.0,78042,0,0.0,0.1,0,0.0,0.0
fig2_default_fedavg_rep00_seed12025,fig2,default,fedavg,0,57,57,57,model,False,,1.0,78042,1,0.1,0.2,1327,0.183727675943601,0.0987189148455162
fig2_default_fedavg_rep00_seed12025,fig2,default,fedavg,0,57,57,57,model,False,,1.0,78042,2,0.2,0.30000000000000004,5409,0.2454403292688695,0.17507857274912184
fig2_default_fedavg_rep00_seed12025,fig2,default,fedavg,0,57,57,57,model,False,,1.0,78042,3,0.30000000000000004,0.4,1386,0.33312236292967723,0.2510822510822511
fig2_default_fedavg_rep00_seed12025,fig2,default,fedavg,0,57,57,57,model,False,,1.0,78042,4,0.4,0.5,577,0.44972878710029446,0.2339688041594454
fig2_default_fedavg_rep00_seed12025,fig2,default,fedavg,0,57,57,57,model,False,,1.0,78042,5,0.5,0.6000000000000001,494,0.5491266341103234,0.32186234817813764
fig2_default_fedavg_rep00_seed12025,fig2,default,fedavg,0,57,57,57,model,False,,1.0,78042,6,0.6000000000000001,0.7000000000000001,449,0.6507706606308442,0.4209354120267261
fig2_default_fedavg_rep00_seed12025,fig2,default,fedavg,0,57,57,57,model,False,,1.0,78042,7,0.7000000000000001,0.8,356,0.741337173607912,0.3539325842696629
fig2_default_fedavg_rep00_seed12025,fig2,default,fedavg,0,57,57,57,model,False,,1.0,78042,8,0.8,0.9,2,0.8044991493225098,0.0
fig2_default_fedavg_rep00_seed12025,fig2,default,fedavg,0,57,57,57,model,False,,1.0,78042,9,0.9,1.0,0,0.0,0.0
fig2_default_fedavg_rep00_seed12025,fig2,default,fedavg,0,58,58,58,model,False,,1.0,78042,0,0.0,0.1,0,0.0,0.0
fig2_default_fedavg_rep00_seed12025,fig2,default,fedavg,0,58,58,58,model,False,,1.0,78042,1,0.1,0.2,1321,0.18362950803789563,0.09992429977289932
fig2_default_fedavg_rep00_seed12025,fig2,default,fedavg,0,58,58,58,model,False,,1.0,78042,2,0.2,0.30000000000000004,5395,0.24541045208845677,0.17553290083410567
fig2_default_fedavg_rep00_seed12025,fig2,default,fedavg,0,58,58,58,model,False,,1.0,78042,3,0.30000000000000004,0.4,1405,0.33318741279140485,0.2483985765124555
fig2_default_fedavg_rep00_seed12025,fig2,default,fedavg,0,58,58,58,model,False,,1.0,78042,4,0.4,0.5,578,0.45030859035397897,0.23356401384083045
fig2_default_fedavg_rep00_seed12025,fig2,default,fedavg,0,58,58,58,model,False,,1.0,78042,5,0.5,0.6000000000000001,491,0.5496317914207209,0.32179226069246436
fig2_default_fedavg_rep00_seed12025,fig2,default,fedavg,0,58,58,58,model,False,,1.0,78042,6,0.6000000000000001,0.7000000000000001,447,0.6508083331504925,0.4228187919463087
fig2_default_fedavg_rep00_seed12025,fig2,default,fedavg,0,58,58,58,model,False,,1.0,78042,7,0.7000000000000001,0.8,358,0.7411352059694641,0.3575418994413408
fig2_default_fedavg_rep00_seed12025,fig2,default,fedavg,0,58,58,58,model,False,,1.0,78042,8,0.8,0.9,5,0.8023177027702332,0.0
fig2_default_fedavg_rep00_seed12025,fig2,default,fedavg,0,58,58,58,model,False,,1.0,78042,9,0.9,1.0,0,0.0,0.0
fig2_default_fedavg_rep00_seed12025,fig2,default,fedavg,0,59,59,59,model,False,,1.0,78042,0,0.0,0.1,0,0.0,0.0
fig2_default_fedavg_rep00_seed12025,fig2,default,fedavg,0,59,59,59,model,False,,1.0,78042,1,0.1,0.2,1322,0.18365182033239802,0.09909228441754916
fig2_default_fedavg_rep00_seed12025,fig2,default,fedavg,0,59,59,59,model,False,,1.0,78042,2,0.2,0.30000000000000004,5387,0.2455319949773771,0.17597920920735102
fig2_default_fedavg_rep00_seed12025,fig2,default,fedavg,0,59,59,59,model,False,,1.0,78042,3,0.30000000000000004,0.4,1415,0.33329465768362526,0.25017667844522967
fig2_default_fedavg_rep00_seed12025,fig2,default,fedavg,0,59,59,59,model,False,,1.0,78042,4,0.4,0.5,574,0.450298589800293,0.22996515679442509
fig2_default_fedavg_rep00_seed12025,fig2,default,fedavg,0,59,59,59,model,False,,1.0,78042,5,0.5,0.6000000000000001,491,0.5496209897480283,0.32382892057026474
fig2_default_fedavg_rep00_seed12025,fig2,default,fedavg,0,59,59,59,model,False,,1.0,78042,6,0.6000000000000001,0.7000000000000001,443,0.6506584722624407,0.4198645598194131
fig2_default_fedavg_rep00_seed12025,fig2,default,fedavg,0,59,59,59,model,False,,1.0,78042,7,0.7000000000000001,0.8,363,0.741238064509778,0.3608815426997245
fig2_default_fedavg_rep00_seed12025,fig2,default,fedavg,0,59,59,59,model,False,,1.0,78042,8,0.8,0.9,5,0.8030170440673828,0.0
fig2_default_fedavg_rep00_seed12025,fig2,default,fedavg,0,59,59,59,model,False,,1.0,78042,9,0.9,1.0,0,0.0,0.0
fig2_default_fedavg_rep00_seed12025,fig2,default,fedavg,0,60,60,60,model,False,,1.0,78042,0,0.0,0.1,0,0.0,0.0
fig2_default_fedavg_rep00_seed12025,fig2,default,fedavg,0,60,60,60,model,False,,1.0,78042,1,0.1,0.2,1317,0.1835913791539729,0.1017463933181473
fig2_default_fedavg_rep00_seed12025,fig2,default,fedavg,0,60,60,60,model,False,,1.0,78042,2,0.2,0.30000000000000004,5381,0.2455713771334857,0.17617543207582234
fig2_default_fedavg_rep00_seed12025,fig2,default,fedavg,0,60,60,60,model,False,,1.0,78042,3,0.30000000000000004,0.4,1426,0.333359603272414,0.2503506311360449
fig2_default_fedavg_rep00_seed12025,fig2,default,fedavg,0,60,60,60,model,False,,1.0,78042,4,0.4,0.5,574,0.45043989725229217,0.22822299651567945
fig2_default_fedavg_rep00_seed12025,fig2,default,fedavg,0,60,60,60,model,False,,1.0,78042,5,0.5,0.6000000000000001,485,0.5494086844404948,0.31752577319587627
fig2_default_fedavg_rep00_seed12025,fig2,default,fedavg,0,60,60,60,model,False,,1.0,78042,6,0.6000000000000001,0.7000000000000001,447,0.6503789435563738,0.4228187919463087
fig2_default_fedavg_rep00_seed12025,fig2,default,fedavg,0,60,60,60,model,False,,1.0,78042,7,0.7000000000000001,0.8,365,0.7417079579340269,0.3643835616438356
fig2_default_fedavg_rep00_seed12025,fig2,default,fedavg,0,60,60,60,model,False,,1.0,78042,8,0.8,0.9,5,0.803706705570221,0.0
fig2_default_fedavg_rep00_seed12025,fig2,default,fedavg,0,60,60,60,model,False,,1.0,78042,9,0.9,1.0,0,0.0,0.0
fig2_default_fedavg_rep00_seed12025,fig2,default,fedavg,0,61,61,61,model,False,,1.0,78042,0,0.0,0.1,0,0.0,0.0
fig2_default_fedavg_rep00_seed12025,fig2,default,fedavg,0,61,61,61,model,False,,1.0,78042,1,0.1,0.2,1314,0.18356920588234243,0.1019786910197869
fig2_default_fedavg_rep00_seed12025,fig2,default,fedavg,0,61,61,61,model,False,,1.0,78042,2,0.2,0.30000000000000004,5377,0.24565827211350208,0.1763064906081458
fig2_default_fedavg_rep00_seed12025,fig2,default,fedavg,0,61,61,61,model,False,,1.0,78042,3,0.30000000000000004,0.4,1434,0.33352604425269355,0.2510460251046025
fig2_default_fedavg_rep00_seed12025,fig2,default,fedavg,0,61,61,61,model,False,,1.0,78042,4,0.4,0.5,571,0.45046453300582967,0.22942206654991243
fig2_default_fedavg_rep00_seed12025,fig2,default,fedavg,0,61,61,61,model,False,,1.0,78042,5,0.5,0.6000000000000001,483,0.5491508794620664,0.3167701863354037
fig2_default_fedavg_rep00_seed12025,fig2,default,fedavg,0,61,61,61,model,False,,1.0,78042,6,0.6000000000000001,0.7000000000000001,450,0.6504007079866198,0.4222222222222222
fig2_default_fedavg_rep00_seed12025,fig2,default,fedavg,0,61,61,61,model,False,,1.0,78042,7,0.7000000000000001,0.8,366,0.7422547977153069,0.3633879781420765
fig2_default_fedavg_rep00_seed12025,fig2,default,fedavg,0,61,61,61,model,False,,1.0,78042,8,0.8,0.9,5,0.8043611168861389,0.0
fig2_default_fedavg_rep00_seed12025,fig2,default,fedavg,0,61,61,61,model,False,,1.0,78042,9,0.9,1.0,0,0.0,0.0
fig2_default_fedavg_rep00_seed12025,fig2,default,fedavg,0,62,62,62,model,False,,1.0,78042,0,0.0,0.1,0,0.0,0.0
fig2_default_fedavg_rep00_seed12025,fig2,default,fedavg,0,62,62,62,model,False,,1.0,78042,1,0.1,0.2,1314,0.1835815999741968,0.1019786910197869
fig2_default_fedavg_rep00_seed12025,fig2,default,fedavg,0,62,62,62,model,False,,1.0,78042,2,0.2,0.30000000000000004,5366,0.24571038530726422,0.17629519194931048
fig2_default_fedavg_rep00_seed12025,fig2,default,fedavg,0,62,62,62,model,False,,1.0,78042,3,0.30000000000000004,0.4,1450,0.3336813648815813,0.25448275862068964
fig2_default_fedavg_rep00_seed12025,fig2,default,fedavg,0,62,62,62,model,False,,1.0,78042,4,0.4,0.5,565,0.4507612485801224,0.22654867256637168
fig2_default_fedavg_rep00_seed12025,fig2,default,fedavg,0,62,62,62,model,False,,1.0,78042,5,0.5,0.6000000000000001,484,0.5492754855678101,0.3181818181818182
fig2_default_fedavg_rep00_seed12025,fig2,default,fedavg,0,62,62,62,model,False,,1.0,78042,6,0.6000000000000001,0.7000000000000001,448,0.650656067500157,0.421875
fig2_default_fedavg_rep00_seed12025,fig2,default,fedavg,0,62,62,62,model,False,,1.0,78042,7,0.7000000000000001,0.8,367,0.7424607018683846,0.3651226158038147
fig2_default_fedavg_rep00_seed12025,fig2,default,fedavg,0,62,62,62,model,False,,1.0,78042,8,0.8,0.9,6,0.8041444718837738,0.0
fig2_default_fedavg_rep00_seed12025,fig2,default,fedavg,0,62,62,62,model,False,,1.0,78042,9,0.9,1.0,0,0.0,0.0
fig2_default_fedavg_rep00_seed12025,fig2,default,fedavg,0,63,63,63,model,False,,1.0,78042,0,0.0,0.1,0,0.0,0.0
fig2_default_fedavg_rep00_seed12025,fig2,default,fedavg,0,63,63,63,model,False,,1.0,78042,1,0.1,0.2,1315,0.18360469350343422,0.10418250950570342
fig2_default_fedavg_rep00_seed12025,fig2,default,fedavg,0,63,63,63,model,False,,1.0,78042,2,0.2,0.30000000000000004,5359,0.24581181473597638,0.17633886919201344
fig2_default_fedavg_rep00_seed12025,fig2,default,fedavg,0,63,63,63,model,False,,1.0,78042,3,0.30000000000000004,0.4,1456,0.333795368794229,0.25274725274725274
fig2_default_fedavg_rep00_seed12025,fig2,default,fedavg,0,63,63,63,model,False,,1.0,78042,4,0.4,0.5,566,0.4509871639969492,0.22968197879858657
fig2_default_fedavg_rep00_seed12025,fig2,default,fedavg,0,63,63,63,model,False,,1.0,78042,5,0.5,0.6000000000000001,484,0.5498253025791862,0.31611570247933884
fig2_default_fedavg_rep00_seed12025,fig2,default,fedavg,0,63,63,63,model,False,,1.0,78042,6,0.6000000000000001,0.7000000000000001,445,0.6510629134231739,0.4247191011235955
fig2_default_fedavg_rep00_seed12025,fig2,default,fedavg,0,63,63,63,model,False,,1.0,78042,7,0.7000000000000001,0.8,367,0.7424839462181528,0.3651226158038147
fig2_default_fedavg_rep00_seed12025,fig2,default,fedavg,0,63,63,63,model,False,,1.0,78042,8,0.8,0.9,8,0.8035757765173912,0.125
fig2_default_fedavg_rep00_seed12025,fig2,default,fedavg,0,63,63,63,model,False,,1.0,78042,9,0.9,1.0,0,0.0,0.0
fig2_default_fedavg_rep00_seed12025,fig2,default,fedavg,0,64,64,64,model,False,,1.0,78042,0,0.0,0.1,0,0.0,0.0
fig2_default_fedavg_rep00_seed12025,fig2,default,fedavg,0,64,64,64,model,False,,1.0,78042,1,0.1,0.2,1305,0.18349600640978392,0.10421455938697317
fig2_default_fedavg_rep00_seed12025,fig2,default,fedavg,0,64,64,64,model,False,,1.0,78042,2,0.2,0.30000000000000004,5359,0.245771548342162,0.17633886919201344
fig2_default_fedavg_rep00_seed12025,fig2,default,fedavg,0,64,64,64,model,False,,1.0,78042,3,0.30000000000000004,0.4,1469,0.3338499560982618,0.2539142273655548
fig2_default_fedavg_rep00_seed12025,fig2,default,fedavg,0,64,64,64,model,False,,1.0,78042,4,0.4,0.5,562,0.451124302910316,0.22953736654804271
fig2_default_fedavg_rep00_seed12025,fig2,default,fedavg,0,64,64,64,model,False,,1.0,78042,5,0.5,0.6000000000000001,484,0.5498341844101583,0.31611570247933884
fig2_default_fedavg_rep00_seed12025,fig2,default,fedavg,0,64,64,64,model,False,,1.0,78042,6,0.6000000000000001,0.7000000000000001,444,0.6511690593786068,0.42567567567567566
fig2_default_fedavg_rep00_seed12025,fig2,default,fedavg,0,64,64,64,model,False,,1.0,78042,7,0.7000000000000001,0.8,369,0.7427935464595391,0.36585365853658536
fig2_default_fedavg_rep00_seed12025,fig2,default,fedavg,0,64,64,64,model,False,,1.0,78042,8,0.8,0.9,8,0.8041149079799652,0.125
fig2_default_fedavg_rep00_seed12025,fig2,default,fedavg,0,64,64,64,model,False,,1.0,78042,9,0.9,1.0,0,0.0,0.0
fig2_default_fedavg_rep00_seed12025,fig2,default,fedavg,0,65,65,65,model,False,,1.0,78042,0,0.0,0.1,0,0.0,0.0
fig2_default_fedavg_rep00_seed12025,fig2,default,fedavg,0,65,65,65,model,False,,1.0,78042,1,0.1,0.2,1302,0.18347561622636477,0.10522273425499232
fig2_default_fedavg_rep00_seed12025,fig2,default,fedavg,0,65,65,65,model,False,,1.0,78042,2,0.2,0.30000000000000004,5356,0.24582496454314656,0.17606422703510083
fig2_default_fedavg_rep00_seed12025,fig2,default,fedavg,0,65,65,65,model,False,,1.0,78042,3,0.30000000000000004,0.4,1474,0.3338570620465311,0.2537313432835821
fig2_default_fedavg_rep00_seed12025,fig2,default,fedavg,0,65,65,65,model,False,,1.0,78042,4,0.4,0.5,564,0.4511909641801043,0.23049645390070922
fig2_default_fedavg_rep00_seed12025,fig2,default,fedavg,0,65,65,65,model,False,,1.0,78042,5,0.5,0.6000000000000001,482,0.5501087905213051,0.3153526970954357
fig2_default_fedavg_rep00_seed12025,fig2,default,fedavg,0,65,65,65,model,False,,1.0,78042,6,0.6000000000000001,0.7000000000000001,442,0.651166699455874,0.4253393665158371
fig2_default_fedavg_rep00_seed12025,fig2,default,fedavg,0,65,65,65,model,False,,1.0,78042,7,0.7000000000000001,0.8,372,0.7429554451216933,0.3682795698924731
fig2_default_fedavg_rep00_seed12025,fig2,default,fedavg,0,65,65,65,model,False,,1.0,78042,8,0.8,0.9,8,0.8046107813715935,0.125
fig2_default_fedavg_rep00_seed12025,fig2,default,fedavg,0,65,65,65,model,False,,1.0,78042,9,0.9,1.0,0,0.0,0.0
fig2_default_fedavg_rep00_seed12025,fig2,default,fedavg,0,66,66,66,model,False,,1.0,78042,0,0.0,0.1,0,0.0,0.0
fig2_default_fedavg_rep00_seed12025,fig2,default,fedavg,0,66,66,66,model,False,,1.0,78042,1,0.1,0.2,1301,0.18346582316463494,0.1037663335895465
fig2_default_fedavg_rep00_seed12025,fig2,default,fedavg,0,66,66,66,model,False,,1.0,78042,2,0.2,0.30000000000000004,5351,0.24586803239542754,0.17622874229116053
fig2_default_fedavg_rep00_seed12025,fig2,default,fedavg,0,66,66,66,model,False,,1.0,78042,3,0.30000000000000004,0.4,1481,0.33385135206236055,0.2538825118163403
fig2_default_fedavg_rep00_seed12025,fig2,default,fedavg,0,66,66,66,model,False,,1.0,78042,4,0.4,0.5,561,0.45098000972028723,0.23172905525846701
fig2_default_fedavg_rep00_seed12025,fig2,default,fedavg,0,66,66,66,model,False,,1.0,78042,5,0.5,0.6000000000000001,482,0.5498126019333408,0.3132780082987552
fig2_default_fedavg_rep00_seed12025,fig2,default,fedavg,0,66,66,66,model,False,,1.0,78042,6,0.6000000000000001,0.7000000000000001,444,0.6512670824388126,0.42567567567567566
fig2_default_fedavg_rep00_seed12025,fig2,default,fedavg,0,66,66,66,model,False,,1.0,78042,7,0.7000000000000001,0.8,372,0.7433948321368105,0.3682795698924731
fig2_default_fedavg_rep00_seed12025,fig2,default,fedavg,0,66,66,66,model,False,,1.0,78042,8,0.8,0.9,8,0.8050622418522835,0.125
fig2_default_fedavg_rep00_seed12025,fig2,default,fedavg,0,66,66,66,model,False,,1.0,78042,9,0.9,1.0,0,0.0,0.0
fig2_default_fedavg_rep00_seed12025,fig2,default,fedavg,0,67,67,67,model,False,,1.0,78042,0,0.0,0.1,0,0.0,0.0
fig2_default_fedavg_rep00_seed12025,fig2,default,fedavg,0,67,67,67,model,False,,1.0,78042,1,0.1,0.2,1304,0.18350581931053128,0.10352760736196319
fig2_default_fedavg_rep00_seed12025,fig2,default,fedavg,0,67,67,67,model,False,,1.0,78042,2,0.2,0.30000000000000004,5345,0.24596685124848688,0.17661365762394762
fig2_default_fedavg_rep00_seed12025,fig2,default,fedavg,0,67,67,67,model,False,,1.0,78042,3,0.30000000000000004,0.4,1490,0.3341685946955777,0.2523489932885906
fig2_default_fedavg_rep00_seed12025,fig2,default,fedavg,0,67,67,67,model,False,,1.0,78042,4,0.4,0.5,553,0.4513208973364632,0.2314647377938517
fig2_default_fedavg_rep00_seed12025,fig2,default,fedavg,0,67,67,67,model,False,,1.0,78042,5,0.5,0.6000000000000001,485,0.5498734252969014,0.31958762886597936
fig2_default_fedavg_rep00_seed12025,fig2,default,fedavg,0,67,67,67,model,False,,1.0,78042,6,0.6000000000000001,0.7000000000000001,442,0.6516029853626614,0.42081447963800905
fig2_default_fedavg_rep00_seed12025,fig2,default,fedavg,0,67,67,67,model,False,,1.0,78042,7,0.7000000000000001,0.8,373,0.7436788989775303,0.3699731903485255
fig2_default_fedavg_rep00_seed12025,fig2,default,fedavg,0,67,67,67,model,False,,1.0,78042,8,0.8,0.9,8,0.805461123585701,0.125
fig2_default_fedavg_rep00_seed12025,fig2,default,fedavg,0,67,67,67,model,False,,1.0,78042,9,0.9,1.0,0,0.0,0.0
fig2_default_fedavg_rep00_seed12025,fig2,default,fedavg,0,68,68,68,model,False,,1.0,78042,0,0.0,0.1,0,0.0,0.0
fig2_default_fedavg_rep00_seed12025,fig2,default,fedavg,0,68,68,68,model,False,,1.0,78042,1,0.1,0.2,1302,0.18347627351406715,0.10522273425499232
fig2_default_fedavg_rep00_seed12025,fig2,default,fedavg,0,68,68,68,model,False,,1.0,78042,2,0.2,0.30000000000000004,5343,0.2460067888229232,0.17742841100505333
fig2_default_fedavg_rep00_seed12025,fig2,default,fedavg,0,68,68,68,model,False,,1.0,78042,3,0.30000000000000004,0.4,1495,0.33422067518218307,0.25150501672240805
fig2_default_fedavg_rep00_seed12025,fig2,default,fedavg,0,68,68,68,model,False,,1.0,78042,4,0.4,0.5,551,0.4512235516320556,0.2323049001814882
fig2_default_fedavg_rep00_seed12025,fig2,default,fedavg,0,68,68,68,model,False,,1.0,78042,5,0.5,0.6000000000000001,484,0.5496662437669502,0.3181818181818182
fig2_default_fedavg_rep00_seed12025,fig2,default,fedavg,0,68,68,68,model,False,,1.0,78042,6,0.6000000000000001,0.7000000000000001,443,0.6515465049119351,0.4221218961625282
fig2_default_fedavg_rep00_seed12025,fig2,default,fedavg,0,68,68,68,model,False,,1.0,78042,7,0.7000000000000001,0.8,374,0.7439346992395779,0.3689839572192513
fig2_default_fedavg_rep00_seed12025,fig2,default,fedavg,0,68,68,68,model,False,,1.0,78042,8,0.8,0.9,8,0.8058443889021873,0.125
fig2_default_fedavg_rep00_seed12025,fig2,default,fedavg,0,68,68,68,model,False,,1.0,78042,9,0.9,1.0,0,0.0,0.0
fig2_default_fedavg_rep00_seed12025,fig2,default,fedavg,0,69,69,69,model,False,,1.0,78042,0,0.0,0.1,0,0.0,0.0
fig2_default_fedavg_rep00_seed12025,fig2,default,fedavg,0,69,69,69,model,False,,1.0,78042,1,0.1,0.2,1296,0.18340879182020822,0.10493827160493827
fig2_default_fedavg_rep00_seed12025,fig2,default,fedavg,0,69,69,69,model,False,,1.0,78042,2,0.2,0.30000000000000004,5347,0.24603588871583998,0.17785674209837293
fig2_default_fedavg_rep00_seed12025,fig2,default,fedavg,0,69,69,69,model,False,,1.0,78042,3,0.30000000000000004,0.4,1497,0.3342598116071366,0.2518370073480294
fig2_default_fedavg_rep00_seed12025,fig2,default,fedavg,0,69,69,69,model,False,,1.0,78042,4,0.4,0.5,551,0.4511239197639285,0.2323049001814882
fig2_default_fedavg_rep00_seed12025,fig2,default,fedavg,0,69,69,69,model,False,,1.0,78042,5,0.5,0.6000000000000001,484,0.5497679669748653,0.3181818181818182
fig2_default_fedavg_rep00_seed12025,fig2,default,fedavg,0,69,69,69,model,False,,1.0,78042,6,0.6000000000000001,0.7000000000000001,442,0.6517106008745427,0.42081447963800905
fig2_default_fedavg_rep00_seed12025,fig2,default,fedavg,0,69,69,69,model,False,,1.0,78042,7,0.7000000000000001,0.8,375,0.744171852906545,0.37066666666666664
fig2_default_fedavg_rep00_seed12025,fig2,default,fedavg,0,69,69,69,model,False,,1.0,78042,8,0.8,0.9,8,0.8062034100294113,0.125
fig2_default_fedavg_rep00_seed12025,fig2,default,fedavg,0,69,69,69,model,False,,1.0,78042,9,0.9,1.0,0,0.0,0.0
fig2_default_fedavg_rep00_seed12025,fig2,default,fedavg,0,70,70,70,model,False,,1.0,78042,0,0.0,0.1,0,0.0,0.0
fig2_default_fedavg_rep00_seed12025,fig2,default,fedavg,0,70,70,70,model,False,,1.0,78042,1,0.1,0.2,1293,0.18337093308648672,0.10750193348801237
fig2_default_fedavg_rep00_seed12025,fig2,default,fedavg,0,70,70,70,model,False,,1.0,78042,2,0.2,0.30000000000000004,5346,0.24606690791899286,0.17770295548073325
fig2_default_fedavg_rep00_seed12025,fig2,default,fedavg,0,70,70,70,model,False,,1.0,78042,3,0.30000000000000004,0.4,1502,0.3343457998075434,0.25233022636484687
fig2_default_fedavg_rep00_seed12025,fig2,default,fedavg,0,70,70,70,model,False,,1.0,78042,4,0.4,0.5,548,0.45104462191136213,0.2354014598540146
fig2_default_fedavg_rep00_seed12025,fig2,default,fedavg,0,70,70,70,model,False,,1.0,78042,5,0.5,0.6000000000000001,485,0.5496280240029404,0.3154639175257732
fig2_default_fedavg_rep00_seed12025,fig2,default,fedavg,0,70,70,70,model,False,,1.0,78042,6,0.6000000000000001,0.7000000000000001,442,0.6517815380883972,0.4230769230769231
fig2_default_fedavg_rep00_seed12025,fig2,default,fedavg,0,70,70,70,model,False,,1.0,78042,7,0.7000000000000001,0.8,376,0.744399534736542,0.3696808510638298
fig2_default_fedavg_rep00_seed12025,fig2,default,fedavg,0,70,70,70,model,False,,1.0,78042,8,0.8,0.9,8,0.8065427020192146,0.125
fig2_default_fedavg_rep00_seed12025,fig2,default,fedavg,0,70,70,70,model,False,,1.0,78042,9,0.9,1.0,0,0.0,0.0
fig2_default_fedavg_rep00_seed12025,fig2,default,fedavg,0,71,71,71,model,False,,1.0,78042,0,0.0,0.1,0,0.0,0.0
fig2_default_fedavg_rep00_seed12025,fig2,default,fedavg,0,71,71,71,model,False,,1.0,78042,1,0.1,0.2,1286,0.18327897915712227,0.10964230171073094
fig2_default_fedavg_rep00_seed12025,fig2,default,fedavg,0,71,71,71,model,False,,1.0,78042,2,0.2,0.30000000000000004,5354,0.24610030366651237,0.17743742995890924
fig2_default_fedavg_rep00_seed12025,fig2,default,fedavg,0,71,71,71,model,False,,1.0,78042,3,0.30000000000000004,0.4,1500,0.3344328752954801,0.25266666666666665
fig2_default_fedavg_rep00_seed12025,fig2,default,fedavg,0,71,71,71,model,False,,1.0,78042,4,0.4,0.5,547,0.45075963500212923,0.2340036563071298
fig2_default_fedavg_rep00_seed12025,fig2,default,fedavg,0,71,71,71,model,False,,1.0,78042,5,0.5,0.6000000000000001,487,0.5495655797345438,0.3182751540041068
fig2_default_fedavg_rep00_seed12025,fig2,default,fedavg,0,71,71,71,model,False,,1.0,78042,6,0.6000000000000001,0.7000000000000001,439,0.651719390395562,0.4214123006833713
fig2_default_fedavg_rep00_seed12025,fig2,default,fedavg,0,71,71,71,model,False,,1.0,78042,7,0.7000000000000001,0.8,379,0.7443646942719935,0.3720316622691293
fig2_default_fedavg_rep00_seed12025,fig2,default,fedavg,0,71,71,71,model,False,,1.0,78042,8,0.8,0.9,8,0.8068553432822227,0.125
fig2_default_fedavg_rep00_seed12025,fig2,default,fedavg,0,71,71,71,model,False,,1.0,78042,9,0.9,1.0,0,0.0,0.0
fig2_default_fedavg_rep00_seed12025,fig2,default,fedavg,0,72,72,72,model,False,,1.0,78042,0,0.0,0.1,0,0.0,0.0
fig2_default_fedavg_rep00_seed12025,fig2,default,fedavg,0,72,72,72,model,False,,1.0,78042,1,0.1,0.2,1289,0.1833110840931893,0.11016291698991466
fig2_default_fedavg_rep00_seed12025,fig2,default,fedavg,0,72,72,72,model,False,,1.0,78042,2,0.2,0.30000000000000004,5351,0.24619852915932544,0.17697626611848252
fig2_default_fedavg_rep00_seed12025,fig2,default,fedavg,0,72,72,72,model,False,,1.0,78042,3,0.30000000000000004,0.4,1500,0.334553763628006,0.25266666666666665
fig2_default_fedavg_rep00_seed12025,fig2,default,fedavg,0,72,72,72,model,False,,1.0,78042,4,0.4,0.5,547,0.4507920463625648,0.23583180987202926
fig2_default_fedavg_rep00_seed12025,fig2,default,fedavg,0,72,72,72,model,False,,1.0,78042,5,0.5,0.6000000000000001,484,0.549410032955083,0.3202479338842975
fig2_default_fedavg_rep00_seed12025,fig2,default,fedavg,0,72,72,72,model,False,,1.0,78042,6,0.6000000000000001,0.7000000000000001,441,0.6515124501014242,0.41950113378684806
fig2_default_fedavg_rep00_seed12025,fig2,default,fedavg,0,72,72,72,model,False,,1.0,78042,7,0.7000000000000001,0.8,380,0.7445388401809492,0.37105263157894736
fig2_default_fedavg_rep00_seed12025,fig2,default,fedavg,0,72,72,72,model,False,,1.0,78042,8,0.8,0.9,8,0.8071383535861969,0.125
fig2_default_fedavg_rep00_seed12025,fig2,default,fedavg,0,72,72,72,model,False,,1.0,78042,9,0.9,1.0,0,0.0,0.0
fig2_default_fedavg_rep00_seed12025,fig2,default,fedavg,0,73,73,73,model,False,,1.0,78042,0,0.0,0.1,0,0.0,0.0
fig2_default_fedavg_rep00_seed12025,fig2,default,fedavg,0,73,73,73,model,False,,1.0,78042,1,0.1,0.2,1289,0.18330507800040827,0.10938712179984485
fig2_default_fedavg_rep00_seed12025,fig2,default,fedavg,0,73,73,73,model,False,,1.0,78042,2,0.2,0.30000000000000004,5346,0.24622017010527963,0.17695473251028807
fig2_default_fedavg_rep00_seed12025,fig2,default,fedavg,0,73,73,73,model,False,,1.0,78042,3,0.30000000000000004,0.4,1504,0.3344957088615666,0.2533244680851064
fig2_default_fedavg_rep00_seed12025,fig2,default,fedavg,0,73,73,73,model,False,,1.0,78042,4,0.4,0.5,548,0.450663813056737,0.2354014598540146
fig2_default_fedavg_rep00_seed12025,fig2,default,fedavg,0,73,73,73,model,False,,1.0,78042,5,0.5,0.6000000000000001,484,0.5495028830756826,0.3202479338842975
fig2_default_fedavg_rep00_seed12025,fig2,default,fedavg,0,73,73,73,model,False,,1.0,78042,6,0.6000000000000001,0.7000000000000001,441,0.6517148347668636,0.41950113378684806
fig2_default_fedavg_rep00_seed12025,fig2,default,fedavg,0,73,73,73,model,False,,1.0,78042,7,0.7000000000000001,0.8,380,0.7447907181162583,0.37105263157894736
fig2_default_fedavg_rep00_seed12025,fig2,default,fedavg,0,73,73,73,model,False,,1.0,78042,8,0.8,0.9,8,0.8073929101228714,0.125
fig2_default_fedavg_rep00_seed12025,fig2,default,fedavg,0,73,73,73,model,False,,1.0,78042,9,0.9,1.0,0,0.0,0.0
fig2_default_fedavg_rep00_seed12025,fig2,default,fedavg,0,74,74,74,model,False,,1.0,78042,0,0.0,0.1,0,0.0,0.0
fig2_default_fedavg_rep00_seed12025,fig2,default,fedavg,0,74,74,74,model,False,,1.0,78042,1,0.1,0.2,1288,0.18328732938175987,0.11024844720496894
fig2_default_fedavg_rep00_seed12025,fig2,default,fedavg,0,74,74,74,model,False,,1.0,78042,2,0.2,0.30000000000000004,5341,0.24620909100557797,0.1765586968732447
fig2_default_fedavg_rep00_seed12025,fig2,default,fedavg,0,74,74,74,model,False,,1.0,78042,3,0.30000000000000004,0.4,1511,0.3344842380518001,0.25347452018530775
fig2_default_fedavg_rep00_seed12025,fig2,default,fedavg,0,74,74,74,model,False,,1.0,78042,4,0.4,0.5,545,0.4505613537556534,0.23853211009174313
fig2_default_fedavg_rep00_seed12025,fig2,default,fedavg,0,74,74,74,model,False,,1.0,78042,5,0.5,0.6000000000000001,486,0.5493985448845129,0.31893004115226337
fig2_default_fedavg_rep00_seed12025,fig2,default,fedavg,0,74,74,74,model,False,,1.0,78042,6,0.6000000000000001,0.7000000000000001,441,0.6519087604384304,0.41950113378684806
fig2_default_fedavg_rep00_seed12025,fig2,default,fedavg,0,74,74,74,model,False,,1.0,78042,7,0.7000000000000001,0.8,378,0.7447318787927981,0.373015873015873
fig2_default_fedavg_rep00_seed12025,fig2,default,fedavg,0,74,74,74,model,False,,1.0,78042,8,0.8,0.9,10,0.8061332881450654,0.1
fig2_default_fedavg_rep00_seed12025,fig2,default,fedavg,0,74,74,74,model,False,,1.0,78042,9,0.9,1.0,0,0.0,0.0
fig2_default_fedavg_rep00_seed12025,fig2,default,fedavg,0,75,75,75,model,False,,1.0,78042,0,0.0,0.1,0,0.0,0.0
fig2_default_fedavg_rep00_seed12025,fig2,default,fedavg,0,75,75,75,model,False,,1.0,78042,1,0.1,0.2,1290,0.18330213122589645,0.11007751937984496
fig2_default_fedavg_rep00_seed12025,fig2,default,fedavg,0,75,75,75,model,False,,1.0,78042,2,0.2,0.30000000000000004,5337,0.24625302646263766,0.17669102492036726
fig2_default_fedavg_rep00_seed12025,fig2,default,fedavg,0,75,75,75,model,False,,1.0,78042,3,0.30000000000000004,0.4,1511,0.33441205463766027,0.2528127068166777
fig2_default_fedavg_rep00_seed12025,fig2,default,fedavg,0,75,75,75,model,False,,1.0,78042,4,0.4,0.5,546,0.4502306486114914,0.24175824175824176
fig2_default_fedavg_rep00_seed12025,fig2,default,fedavg,0,75,75,75,model,False,,1.0,78042,5,0.5,0.6000000000000001,487,0.5493572688445418,0.3182751540041068
fig2_default_fedavg_rep00_seed12025,fig2,default,fedavg,0,75,75,75,model,False,,1.0,78042,6,0.6000000000000001,0.7000000000000001,440,0.6519569517536596,0.42045454545454547
fig2_default_fedavg_rep00_seed12025,fig2,default,fedavg,0,75,75,75,model,False,,1.0,78042,7,0.7000000000000001,0.8,379,0.7448207223321014,0.3720316622691293
fig2_default_fedavg_rep00_seed12025,fig2,default,fedavg,0,75,75,75,model,False,,1.0,78042,8,0.8,0.9,10,0.8063461482524872,0.1
fig2_default_fedavg_rep00_seed12025,fig2,default,fedavg,0,75,75,75,model,False,,1.0,78042,9,0.9,1.0,0,0.0,0.0
fig2_default_fedavg_rep00_seed12025,fig2,default,fedavg,0,76,76,76,model,False,,1.0,78042,0,0.0,0.1,0,0.0,0.0
fig2_default_fedavg_rep00_seed12025,fig2,default,fedavg,0,76,76,76,model,False,,1.0,78042,1,0.1,0.2,1289,0.1832887973315592,0.11093871217998448
fig2_default_fedavg_rep00_seed12025,fig2,default,fedavg,0,76,76,76,model,False,,1.0,78042,2,0.2,0.30000000000000004,5335,0.24626767377263492,0.17638238050609184
fig2_default_fedavg_rep00_seed12025,fig2,default,fedavg,0,76,76,76,model,False,,1.0,78042,3,0.30000000000000004,0.4,1514,0.3344147868523352,0.25297225891677677
fig2_default_fedavg_rep00_seed12025,fig2,default,fedavg,0,76,76,76,model,False,,1.0,78042,4,0.4,0.5,544,0.450032031547059,0.24080882352941177
fig2_default_fedavg_rep00_seed12025,fig2,default,fedavg,0,76,76,76,model,False,,1.0,78042,5,0.5,0.6000000000000001,488,0.5491354763507843,0.3176229508196721
fig2_default_fedavg_rep00_seed12025,fig2,default,fedavg,0,76,76,76,model,False,,1.0,78042,6,0.6000000000000001,0.7000000000000001,441,0.6520033165170492,0.4217687074829932
fig2_default_fedavg_rep00_seed12025,fig2,default,fedavg,0,76,76,76,model,False,,1.0,78042,7,0.7000000000000001,0.8,379,0.7450217562174735,0.3720316622691293
fig2_default_fedavg_rep00_seed12025,fig2,default,fedavg,0,76,76,76,model,False,,1.0,78042,8,0.8,0.9,10,0.8065443336963654,0.1
fig2_default_fedavg_rep00_seed12025,fig2,default,fedavg,0,76,76,76,model,False,,1.0,78042,9,0.9,1.0,0,0.0,0.0
fig2_default_fedavg_rep00_seed12025,fig2,default,fedavg,0,77,77,77,model,False,,1.0,78042,0,0.0,0.1,0,0.0,0.0
fig2_default_fedavg_rep00_seed12025,fig2,default,fedavg,0,77,77,77,model,False,,1.0,78042,1,0.1,0.2,1288,0.18327603393135974,0.11335403726708075
fig2_default_fedavg_rep00_seed12025,fig2,default,fedavg,0,77,77,77,model,False,,1.0,78042,2,0.2,0.30000000000000004,5328,0.24622892563485796,0.17623873873873874
fig2_default_fedavg_rep00_seed12025,fig2,default,fedavg,0,77,77,77,model,False,,1.0,78042,3,0.30000000000000004,0.4,1522,0.3343051740907025,0.2542706964520368
fig2_default_fedavg_rep00_seed12025,fig2,default,fedavg,0,77,77,77,model,False,,1.0,78042,4,0.4,0.5,545,0.4500989269772801,0.23853211009174313
fig2_default_fedavg_rep00_seed12025,fig2,default,fedavg,0,77,77,77,model,False,,1.0,78042,5,0.5,0.6000000000000001,487,0.549305952060394,0.3203285420944558
fig2_default_fedavg_rep00_seed12025,fig2,default,fedavg,0,77,77,77,model,False,,1.0,78042,6,0.6000000000000001,0.7000000000000001,441,0.6521463638800883,0.4217687074829932
fig2_default_fedavg_rep00_seed12025,fig2,default,fedavg,0,77,77,77,model,False,,1.0,78042,7,0.7000000000000001,0.8,379,0.7452009455509739,0.3720316622691293
fig2_default_fedavg_rep00_seed12025,fig2,default,fedavg,0,77,77,77,model,False,,1.0,78042,8,0.8,0.9,10,0.806723415851593,0.1
fig2_default_fedavg_rep00_seed12025,fig2,default,fedavg,0,77,77,77,model,False,,1.0,78042,9,0.9,1.0,0,0.0,0.0
fig2_default_fedavg_rep00_seed12025,fig2,default,fedavg,0,78,78,78,model,False,,1.0,78042,0,0.0,0.1,0,0.0,0.0
fig2_default_fedavg_rep00_seed12025,fig2,default,fedavg,0,78,78,78,model,False,,1.0,78042,1,0.1,0.2,1290,0.1832996445801831,0.11162790697674418
fig2_default_fedavg_rep00_seed12025,fig2,default,fedavg,0,78,78,78,model,False,,1.0,78042,2,0.2,0.30000000000000004,5323,0.24625518688487308,0.1765921472853654
fig2_default_fedavg_rep00_seed12025,fig2,default,fedavg,0,78,78,78,model,False,,1.0,78042,3,0.30000000000000004,0.4,1526,0.3343390619301702,0.254259501965924
fig2_default_fedavg_rep00_seed12025,fig2,default,fedavg,0,78,78,78,model,False,,1.0,78042,4,0.4,0.5,544,0.4501683765145786,0.23897058823529413
fig2_default_fedavg_rep00_seed12025,fig2,default,fedavg,0,78,78,78,model,False,,1.0,78042,5,0.5,0.6000000000000001,487,0.5493666603090337,0.3203285420944558
fig2_default_fedavg_rep00_seed12025,fig2,default,fedavg,0,78,78,78,model,False,,1.0,78042,6,0.6000000000000001,0.7000000000000001,439,0.652054658376003,0.4214123006833713
fig2_default_fedavg_rep00_seed12025,fig2,default,fedavg,0,78,78,78,model,False,,1.0,78042,7,0.7000000000000001,0.8,381,0.7451241582710286,0.37270341207349084
fig2_default_fedavg_rep00_seed12025,fig2,default,fedavg,0,78,78,78,model,False,,1.0,78042,8,0.8,0.9,10,0.8068870425224304,0.1
fig2_default_fedavg_rep00_seed12025,fig2,default,fedavg,0,78,78,78,model,False,,1.0,78042,9,0.9,1.0,0,0.0,0.0
fig2_default_fedavg_rep00_seed12025,fig2,default,fedavg,0,79,79,79,model,False,,1.0,78042,0,0.0,0.1,0,0.0,0.0
fig2_default_fedavg_rep00_seed12025,fig2,default,fedavg,0,79,79,79,model,False,,1.0,78042,1,0.1,0.2,1292,0.1833214054789521,0.11145510835913312
fig2_default_fedavg_rep00_seed12025,fig2,default,fedavg,0,79,79,79,model,False,,1.0,78042,2,0.2,0.30000000000000004,5319,0.24628818128975874,0.17691295356269976
fig2_default_fedavg_rep00_seed12025,fig2,default,fedavg,0,79,79,79,model,False,,1.0,78042,3,0.30000000000000004,0.4,1528,0.334347935442213,0.25392670157068065
fig2_default_fedavg_rep00_seed12025,fig2,default,fedavg,0,79,79,79,model,False,,1.0,78042,4,0.4,0.5,546,0.4503270060151488,0.23992673992673993
fig2_default_fedavg_rep00_seed12025,fig2,default,fedavg,0,79,79,79,model,False,,1.0,78042,5,0.5,0.6000000000000001,483,0.5494177506823964,0.3188405797101449
fig2_default_fedavg_rep00_seed12025,fig2,default,fedavg,0,79,79,79,model,False,,1.0,78042,6,0.6000000000000001,0.7000000000000001,439,0.6517134300668582,0.4214123006833713
fig2_default_fedavg_rep00_seed12025,fig2,default,fedavg,0,79,79,79,model,False,,1.0,78042,7,0.7000000000000001,0.8,383,0.7450342007156452,0.3733681462140992
fig2_default_fedavg_rep00_seed12025,fig2,default,fedavg,0,79,79,79,model,False,,1.0,78042,8,0.8,0.9,10,0.8070351421833039,0.1
fig2_default_fedavg_rep00_seed12025,fig2,default,fedavg,0,79,79,79,model,False,,1.0,78042,9,0.9,1.0,0,0.0,0.0
fig2_default_fedavg_rep00_seed12025,fig2,default,fedavg,0,80,80,80,model,False,,1.0,78042,0,0.0,0.1,0,0.0,0.0
fig2_default_fedavg_rep00_seed12025,fig2,default,fedavg,0,80,80,80,model,False,,1.0,78042,1,0.1,0.2,1292,0.1833197433305414,0.11377708978328173
fig2_default_fedavg_rep00_seed12025,fig2,default,fedavg,0,80,80,80,model,False,,1.0,78042,2,0.2,0.30000000000000004,5314,0.2462732287689533,0.17707941287165976
fig2_default_fedavg_rep00_seed12025,fig2,default,fedavg,0,80,80,80,model,False,,1.0,78042,3,0.30000000000000004,0.4,1533,0.3342998680808695,0.25505544683626874
fig2_default_fedavg_rep00_seed12025,fig2,default,fedavg,0,80,80,80,model,False,,1.0,78042,4,0.4,0.5,546,0.45033454010774804,0.23626373626373626
fig2_default_fedavg_rep00_seed12025,fig2,default,fedavg,0,80,80,80,model,False,,1.0,78042,5,0.5,0.6000000000000001,482,0.5493869076625935,0.3215767634854772
fig2_default_fedavg_rep00_seed12025,fig2,default,fedavg,0,80,80,80,model,False,,1.0,78042,6,0.6000000000000001,0.7000000000000001,440,0.6517110313881528,0.42045454545454547
fig2_default_fedavg_rep00_seed12025,fig2,default,fedavg,0,80,80,80,model,False,,1.0,78042,7,0.7000000000000001,0.8,383,0.7451686991412708,0.3733681462140992
fig2_default_fedavg_rep00_seed12025,fig2,default,fedavg,0,80,80,80,model,False,,1.0,78042,8,0.8,0.9,10,0.8071669518947602,0.1
fig2_default_fedavg_rep00_seed12025,fig2,default,fedavg,0,80,80,80,model,False,,1.0,78042,9,0.9,1.0,0,0.0,0.0
fig2_default_fedavg_rep00_seed12025,fig2,default,fedavg,0,81,81,81,model,False,,1.0,78042,0,0.0,0.1,0,0.0,0.0
fig2_default_fedavg_rep00_seed12025,fig2,default,fedavg,0,81,81,81,model,False,,1.0,78042,1,0.1,0.2,1294,0.18334390501703324,0.11360123647604328
fig2_default_fedavg_rep00_seed12025,fig2,default,fedavg,0,81,81,81,model,False,,1.0,78042,2,0.2,0.30000000000000004,5310,0.2463005540201444,0.17702448210922786
fig2_default_fedavg_rep00_seed12025,fig2,default,fedavg,0,81,81,81,model,False,,1.0,78042,3,0.30000000000000004,0.4,1535,0.3343174915748621,0.2547231270358306
fig2_default_fedavg_rep00_seed12025,fig2,default,fedavg,0,81,81,81,model,False,,1.0,78042,4,0.4,0.5,546,0.45035646075294133,0.23626373626373626
fig2_default_fedavg_rep00_seed12025,fig2,default,fedavg,0,81,81,81,model,False,,1.0,78042,5,0.5,0.6000000000000001,481,0.5493622590747048,0.32224532224532226
fig2_default_fedavg_rep00_seed12025,fig2,default,fedavg,0,81,81,81,model,False,,1.0,78042,6,0.6000000000000001,0.7000000000000001,441,0.6517066910964291,0.41950113378684806
fig2_default_fedavg_rep00_seed12025,fig2,default,fedavg,0,81,81,81,model,False,,1.0,78042,7,0.7000000000000001,0.8,383,0.7452951535854887,0.3733681462140992
fig2_default_fedavg_rep00_seed12025,fig2,default,fedavg,0,81,81,81,model,False,,1.0,78042,8,0.8,0.9,10,0.807289183139801,0.1
fig2_default_fedavg_rep00_seed12025,fig2,default,fedavg,0,81,81,81,model,False,,1.0,78042,9,0.9,1.0,0,0.0,0.0
fig2_default_fedavg_rep00_seed12025,fig2,default,fedavg,0,82,82,82,model,False,,1.0,78042,0,0.0,0.1,0,0.0,0.0
fig2_default_fedavg_rep00_seed12025,fig2,default,fedavg,0,82,82,82,model,False,,1.0,78042,1,0.1,0.2,1295,0.18335741790565285,0.11428571428571428
fig2_default_fedavg_rep00_seed12025,fig2,default,fedavg,0,82,82,82,model,False,,1.0,78042,2,0.2,0.30000000000000004,5304,0.2462884539915291,0.17703619909502263
fig2_default_fedavg_rep00_seed12025,fig2,default,fedavg,0,82,82,82,model,False,,1.0,78042,3,0.30000000000000004,0.4,1540,0.33425502809998275,0.2558441558441558
fig2_default_fedavg_rep00_seed12025,fig2,default,fedavg,0,82,82,82,model,False,,1.0,78042,4,0.4,0.5,546,0.45035845516147194,0.23626373626373626
fig2_default_fedavg_rep00_seed12025,fig2,default,fedavg,0,82,82,82,model,False,,1.0,78042,5,0.5,0.6000000000000001,481,0.5494222676927484,0.32224532224532226
fig2_default_fedavg_rep00_seed12025,fig2,default,fedavg,0,82,82,82,model,False,,1.0,78042,6,0.6000000000000001,0.7000000000000001,441,0.6518017153620991,0.41950113378684806
fig2_default_fedavg_rep00_seed12025,fig2,default,fedavg,0,82,82,82,model,False,,1.0,78042,7,0.7000000000000001,0.8,383,0.7454071860400566,0.3733681462140992
fig2_default_fedavg_rep00_seed12025,fig2,default,fedavg,0,82,82,82,model,False,,1.0,78042,8,0.8,0.9,10,0.8073986828327179,0.1
fig2_default_fedavg_rep00_seed12025,fig2,default,fedavg,0,82,82,82,model,False,,1.0,78042,9,0.9,1.0,0,0.0,0.0
fig2_default_fedavg_rep00_seed12025,fig2,default,fedavg,0,83,83,83,model,False,,1.0,78042,0,0.0,0.1,0,0.0,0.0
fig2_default_fedavg_rep00_seed12025,fig2,default,fedavg,0,83,83,83,model,False,,1.0,78042,1,0.1,0.2,1295,0.1833574948623834,0.11428571428571428
fig2_default_fedavg_rep00_seed12025,fig2,default,fedavg,0,83,83,83,model,False,,1.0,78042,2,0.2,0.30000000000000004,5303,0.2463029025411597,0.17706958325476146
fig2_default_fedavg_rep00_seed12025,fig2,default,fedavg,0,83,83,83,model,False,,1.0,78042,3,0.30000000000000004,0.4,1542,0.33431075573276764,0.25551232166018156
fig2_default_fedavg_rep00_seed12025,fig2,default,fedavg,0,83,83,83,model,False,,1.0,78042,4,0.4,0.5,545,0.45043197432789234,0.23669724770642203
fig2_default_fedavg_rep00_seed12025,fig2,default,fedavg,0,83,83,83,model,False,,1.0,78042,5,0.5,0.6000000000000001,480,0.5493542563170195,0.32083333333333336
fig2_default_fedavg_rep00_seed12025,fig2,default,fedavg,0,83,83,83,model,False,,1.0,78042,6,0.6000000000000001,0.7000000000000001,441,0.6516491258495789,0.41950113378684806
fig2_default_fedavg_rep00_seed12025,fig2,default,fedavg,0,83,83,83,model,False,,1.0,78042,7,0.7000000000000001,0.8,384,0.7453837113765379,0.375
fig2_default_fedavg_rep00_seed12025,fig2,default,fedavg,0,83,83,83,model,False,,1.0,78042,8,0.8,0.9,10,0.8074945330619812,0.1
fig2_default_fedavg_rep00_seed12025,fig2,default,fedavg,0,83,83,83,model,False,,1.0,78042,9,0.9,1.0,0,0.0,0.0
fig2_default_fedavg_rep00_seed12025,fig2,default,fedavg,0,84,84,84,model,False,,1.0,78042,0,0.0,0.1,0,0.0,0.0
fig2_default_fedavg_rep00_seed12025,fig2,default,fedavg,0,84,84,84,model,False,,1.0,78042,1,0.1,0.2,1297,0.18338238922972447,0.1141094834232845
fig2_default_fedavg_rep00_seed12025,fig2,default,fedavg,0,84,84,84,model,False,,1.0,78042,2,0.2,0.30000000000000004,5299,0.24632402268315873,0.17701453104359313
fig2_default_fedavg_rep00_seed12025,fig2,default,fedavg,0,84,84,84,model,False,,1.0,78042,3,0.30000000000000004,0.4,1544,0.33430975015453723,0.25582901554404147
fig2_default_fedavg_rep00_seed12025,fig2,default,fedavg,0,84,84,84,model,False,,1.0,78042,4,0.4,0.5,543,0.45025037758697245,0.23572744014732966
fig2_default_fedavg_rep00_seed12025,fig2,default,fedavg,0,84,84,84,model,False,,1.0,78042,5,0.5,0.6000000000000001,482,0.549193731234776,0.3215767634854772
fig2_default_fedavg_rep00_seed12025,fig2,default,fedavg,0,84,84,84,model,False,,1.0,78042,6,0.6000000000000001,0.7000000000000001,441,0.6517208826785185,0.41950113378684806
fig2_default_fedavg_rep00_seed12025,fig2,default,fedavg,0,84,84,84,model,False,,1.0,78042,7,0.7000000000000001,0.8,384,0.7454695389606059,0.375
fig2_default_fedavg_rep00_seed12025,fig2,default,fedavg,0,84,84,84,model,False,,1.0,78042,8,0.8,0.9,10,0.807579082250595,0.1
fig2_default_fedavg_rep00_seed12025,fig2,default,fedavg,0,84,84,84,model,False,,1.0,78042,9,0.9,1.0,0,0.0,0.0
fig2_default_fedavg_rep00_seed12025,fig2,default,fedavg,0,85,85,85,model,False,,1.0,78042,0,0.0,0.1,0,0.0,0.0
fig2_default_fedavg_rep00_seed12025,fig2,default,fedavg,0,85,85,85,model,False,,1.0,78042,1,0.1,0.2,1295,0.18335690437366603,0.11428571428571428
fig2_default_fedavg_rep00_seed12025,fig2,default,fedavg,0,85,85,85,model,False,,1.0,78042,2,0.2,0.30000000000000004,5301,0.24632766643822632,0.17694774570835692
fig2_default_fedavg_rep00_seed12025,fig2,default,fedavg,0,85,85,85,model,False,,1.0,78042,3,0.30000000000000004,0.4,1545,0.33438692906913636,0.255663430420712
fig2_default_fedavg_rep00_seed12025,fig2,default,fedavg,0,85,85,85,model,False,,1.0,78042,4,0.4,0.5,542,0.45034007112258473,0.23616236162361623
fig2_default_fedavg_rep00_seed12025,fig2,default,fedavg,0,85,85,85,model,False,,1.0,78042,5,0.5,0.6000000000000001,480,0.5490179526309172,0.3229166666666667
fig2_default_fedavg_rep00_seed12025,fig2,default,fedavg,0,85,85,85,model,False,,1.0,78042,6,0.6000000000000001,0.7000000000000001,443,0.6515488554607933,0.417607223476298
fig2_default_fedavg_rep00_seed12025,fig2,default,fedavg,0,85,85,85,model,False,,1.0,78042,7,0.7000000000000001,0.8,383,0.7454021625979451,0.37597911227154046
fig2_default_fedavg_rep00_seed12025,fig2,default,fedavg,0,85,85,85,model,False,,1.0,78042,8,0.8,0.9,11,0.8069603443145752,0.09090909090909091
fig2_default_fedavg_rep00_seed12025,fig2,default,fedavg,0,85,85,85,model,False,,1.0,78042,9,0.9,1.0,0,0.0,0.0
fig2_default_fedavg_rep00_seed12025,fig2,default,fedavg,0,86,86,86,model,False,,1.0,78042,0,0.0,0.1,0,0.0,0.0
fig2_default_fedavg_rep00_seed12025,fig2,default,fedavg,0,86,86,86,model,False,,1.0,78042,1,0.1,0.2,1295,0.18335701971670837,0.11428571428571428
fig2_default_fedavg_rep00_seed12025,fig2,default,fedavg,0,86,86,86,model,False,,1.0,78042,2,0.2,0.30000000000000004,5301,0.24634786292845923,0.1765704584040747
fig2_default_fedavg_rep00_seed12025,fig2,default,fedavg,0,86,86,86,model,False,,1.0,78042,3,0.30000000000000004,0.4,1546,0.3344652265657274,0.25614489003880986
fig2_default_fedavg_rep00_seed12025,fig2,default,fedavg,0,86,86,86,model,False,,1.0,78042,4,0.4,0.5,541,0.4504367778019191,0.2365988909426987
fig2_default_fedavg_rep00_seed12025,fig2,default,fedavg,0,86,86,86,model,False,,1.0,78042,5,0.5,0.6000000000000001,480,0.54905357559522,0.3229166666666667
fig2_default_fedavg_rep00_seed12025,fig2,default,fedavg,0,86,86,86,model,False,,1.0,78042,6,0.6000000000000001,0.7000000000000001,442,0.6514949008350459,0.416289592760181
fig2_default_fedavg_rep00_seed12025,fig2,default,fedavg,0,86,86,86,model,False,,1.0,78042,7,0.7000000000000001,0.8,384,0.7453489314454297,0.3776041666666667
fig2_default_fedavg_rep00_seed12025,fig2,default,fedavg,0,86,86,86,model,False,,1.0,78042,8,0.8,0.9,11,0.8070244626565413,0.09090909090909091
fig2_default_fedavg_rep00_seed12025,fig2,default,fedavg,0,86,86,86,model,False,,1.0,78042,9,0.9,1.0,0,0.0,0.0
fig2_default_fedavg_rep00_seed12025,fig2,default,fedavg,0,87,87,87,model,False,,1.0,78042,0,0.0,0.1,0,0.0,0.0
fig2_default_fedavg_rep00_seed12025,fig2,default,fedavg,0,87,87,87,model,False,,1.0,78042,1,0.1,0.2,1293,0.18333122861403783,0.11446249033255994
fig2_default_fedavg_rep00_seed12025,fig2,default,fedavg,0,87,87,87,model,False,,1.0,78042,2,0.2,0.30000000000000004,5303,0.2463464048304199,0.17650386573637564
fig2_default_fedavg_rep00_seed12025,fig2,default,fedavg,0,87,87,87,model,False,,1.0,78042,3,0.30000000000000004,0.4,1545,0.33444615490614016,0.255663430420712
fig2_default_fedavg_rep00_seed12025,fig2,default,fedavg,0,87,87,87,model,False,,1.0,78042,4,0.4,0.5,542,0.4503332172482656,0.23800738007380073
fig2_default_fedavg_rep00_seed12025,fig2,default,fedavg,0,87,87,87,model,False,,1.0,78042,5,0.5,0.6000000000000001,480,0.5490747187286615,0.3229166666666667
fig2_default_fedavg_rep00_seed12025,fig2,default,fedavg,0,87,87,87,model,False,,1.0,78042,6,0.6000000000000001,0.7000000000000001,442,0.6515374567983377,0.41402714932126694
fig2_default_fedavg_rep00_seed12025,fig2,default,fedavg,0,87,87,87,model,False,,1.0,78042,7,0.7000000000000001,0.8,384,0.7454043052469691,0.3802083333333333
fig2_default_fedavg_rep00_seed12025,fig2,default,fedavg,0,87,87,87,model,False,,1.0,78042,8,0.8,0.9,11,0.8070811900225553,0.09090909090909091
fig2_default_fedavg_rep00_seed12025,fig2,default,fedavg,0,87,87,87,model,False,,1.0,78042,9,0.9,1.0,0,0.0,0.0
fig2_default_fedavg_rep00_seed12025,fig2,default,fedavg,0,88,88,88,model,False,,1.0,78042,0,0.0,0.1,0,0.0,0.0
fig2_default_fedavg_rep00_seed12025,fig2,default,fedavg,0,88,88,88,model,False,,1.0,78042,1,0.1,0.2,1293,0.1833299342528481,0.11446249033255994
fig2_default_fedavg_rep00_seed12025,fig2,default,fedavg,0,88,88,88,model,False,,1.0,78042,2,0.2,0.30000000000000004,5303,0.2463590665968908,0.17650386573637564
fig2_default_fedavg_rep00_seed12025,fig2,default,fedavg,0,88,88,88,model,False,,1.0,78042,3,0.30000000000000004,0.4,1545,0.334466073350999,0.255663430420712
fig2_default_fedavg_rep00_seed12025,fig2,default,fedavg,0,88,88,88,model,False,,1.0,78042,4,0.4,0.5,541,0.4502309698494437,0.2365988909426987
fig2_default_fedavg_rep00_seed12025,fig2,default,fedavg,0,88,88,88,model,False,,1.0,78042,5,0.5,0.6000000000000001,479,0.5487769318274018,0.3235908141962422
fig2_default_fedavg_rep00_seed12025,fig2,default,fedavg,0,88,88,88,model,False,,1.0,78042,6,0.6000000000000001,0.7000000000000001,444,0.6513421135442751,0.4144144144144144
fig2_default_fedavg_rep00_seed12025,fig2,default,fedavg,0,88,88,88,model,False,,1.0,78042,7,0.7000000000000001,0.8,384,0.7454531267285347,0.3802083333333333
fig2_default_fedavg_rep00_seed12025,fig2,default,fedavg,0,88,88,88,model,False,,1.0,78042,8,0.8,0.9,11,0.8071312470869585,0.09090909090909091
fig2_default_fedavg_rep00_seed12025,fig2,default,fedavg,0,88,88,88,model,False,,1.0,78042,9,0.9,1.0,0,0.0,0.0
fig2_default_fedavg_rep00_seed12025,fig2,default,fedavg,0,89,89,89,model,False,,1.0,78042,0,0.0,0.1,0,0.0,0.0
fig2_default_fedavg_rep00_seed12025,fig2,default,fedavg,0,89,89,89,model,False,,1.0,78042,1,0.1,0.2,1292,0.18331684617342964,0.1153250773993808
fig2_default_fedavg_rep00_seed12025,fig2,default,fedavg,0,89,89,89,model,False,,1.0,78042,2,0.2,0.30000000000000004,5304,0.2463612611325483,0.17647058823529413
fig2_default_fedavg_rep00_seed12025,fig2,default,fedavg,0,89,89,89,model,False,,1.0,78042,3,0.30000000000000004,0.4,1545,0.3344811071469946,0.255663430420712
fig2_default_fedavg_rep00_seed12025,fig2,default,fedavg,0,89,89,89,model,False,,1.0,78042,4,0.4,0.5,540,0.4501280574886887,0.23703703703703705
fig2_default_fedavg_rep00_seed12025,fig2,default,fedavg,0,89,89,89,model,False,,1.0,78042,5,0.5,0.6000000000000001,480,0.5486877339581648,0.3229166666666667
fig2_default_fedavg_rep00_seed12025,fig2,default,fedavg,0,89,89,89,model,False,,1.0,78042,6,0.6000000000000001,0.7000000000000001,444,0.6513714695030505,0.4144144144144144
fig2_default_fedavg_rep00_seed12025,fig2,default,fedavg,0,89,89,89,model,False,,1.0,78042,7,0.7000000000000001,0.8,384,0.7454922508137921,0.3802083333333333
fig2_default_fedavg_rep00_seed12025,fig2,default,fedavg,0,89,89,89,model,False,,1.0,78042,8,0.8,0.9,11,0.8071711496873335,0.09090909090909091
fig2_default_fedavg_rep00_seed12025,fig2,default,fedavg,0,89,89,89,model,False,,1.0,78042,9,0.9,1.0,0,0.0,0.0
fig2_default_fedavg_rep00_seed12025,fig2,default,fedavg,0,90,90,90,model,False,,1.0,78042,0,0.0,0.1,0,0.0,0.0
fig2_default_fedavg_rep00_seed12025,fig2,default,fedavg,0,90,90,90,model,False,,1.0,78042,1,0.1,0.2,1291,0.1833042295333676,0.11541440743609604
fig2_default_fedavg_rep00_seed12025,fig2,default,fedavg,0,90,90,90,model,False,,1.0,78042,2,0.2,0.30000000000000004,5305,0.24636198395440087,0.1764373232799246
fig2_default_fedavg_rep00_seed12025,fig2,default,fedavg,0,90,90,90,model,False,,1.0,78042,3,0.30000000000000004,0.4,1546,0.3345342122143638,0.2554980595084088
fig2_default_fedavg_rep00_seed12025,fig2,default,fedavg,0,90,90,90,model,False,,1.0,78042,4,0.4,0.5,539,0.4502061674568339,0.23747680890538034
fig2_default_fedavg_rep00_seed12025,fig2,default,fedavg,0,90,90,90,model,False,,1.0,78042,5,0.5,0.6000000000000001,480,0.5486940778791904,0.3229166666666667
fig2_default_fedavg_rep00_seed12025,fig2,default,fedavg,0,90,90,90,model,False,,1.0,78042,6,0.6000000000000001,0.7000000000000001,444,0.6513937560019193,0.4144144144144144
fig2_default_fedavg_rep00_seed12025,fig2,default,fedavg,0,90,90,90,model,False,,1.0,78042,7,0.7000000000000001,0.8,384,0.7455244674347341,0.3802083333333333
fig2_default_fedavg_rep00_seed12025,fig2,default,fedavg,0,90,90,90,model,False,,1.0,78042,8,0.8,0.9,11,0.8072046366604891,0.09090909090909091
fig2_default_fedavg_rep00_seed12025,fig2,default,fedavg,0,90,90,90,model,False,,1.0,78042,9,0.9,1.0,0,0.0,0.0
fig2_default_fedavg_rep00_seed12025,fig2,default,fedavg,0,91,91,91,model,False,,1.0,78042,0,0.0,0.1,0,0.0,0.0
fig2_default_fedavg_rep00_seed12025,fig2,default,fedavg,0,91,91,91,model,False,,1.0,78042,1,0.1,0.2,1292,0.18331712648134113,0.1153250773993808
fig2_default_fedavg_rep00_seed12025,fig2,default,fedavg,0,91,91,91,model,False,,1.0,78042,2,0.2,0.30000000000000004,5303,0.2463686501032313,0.17650386573637564
fig2_default_fedavg_rep00_seed12025,fig2,default,fedavg,0,91,91,91,model,False,,1.0,78042,3,0.30000000000000004,0.4,1548,0.3345654928715038,0.25516795865633074
fig2_default_fedavg_rep00_seed12025,fig2,default,fedavg,0,91,91,91,model,False,,1.0,78042,4,0.4,0.5,538,0.45029202890218856,0.2379182156133829
fig2_default_fedavg_rep00_seed12025,fig2,default,fedavg,0,91,91,91,model,False,,1.0,78042,5,0.5,0.6000000000000001,480,0.548702675725023,0.3229166666666667
fig2_default_fedavg_rep00_seed12025,fig2,default,fedavg,0,91,91,91,model,False,,1.0,78042,6,0.6000000000000001,0.7000000000000001,444,0.651413986274788,0.4144144144144144
fig2_default_fedavg_rep00_seed12025,fig2,default,fedavg,0,91,91,91,model,False,,1.0,78042,7,0.7000000000000001,0.8,384,0.7455515026425322,0.3802083333333333
fig2_default_fedavg_rep00_seed12025,fig2,default,fedavg,0,91,91,91,model,False,,1.0,78042,8,0.8,0.9,11,0.8072321198203347,0.09090909090909091
fig2_default_fedavg_rep00_seed12025,fig2,default,fedavg,0,91,91,91,model,False,,1.0,78042,9,0.9,1.0,0,0.0,0.0
fig2_default_fedavg_rep00_seed12025,fig2,default,fedavg,0,92,92,92,model,False,,1.0,78042,0,0.0,0.1,0,0.0,0.0
fig2_default_fedavg_rep00_seed12025,fig2,default,fedavg,0,92,92,92,model,False,,1.0,78042,1,0.1,0.2,1293,0.1833297955441272,0.11523588553750967
fig2_default_fedavg_rep00_seed12025,fig2,default,fedavg,0,92,92,92,model,False,,1.0,78042,2,0.2,0.30000000000000004,5301,0.24637338311362775,0.1763818147519336
fig2_default_fedavg_rep00_seed12025,fig2,default,fedavg,0,92,92,92,model,False,,1.0,78042,3,0.30000000000000004,0.4,1549,0.3345519989209455,0.25564880568108456
fig2_default_fedavg_rep00_seed12025,fig2,default,fedavg,0,92,92,92,model,False,,1.0,78042,4,0.4,0.5,538,0.45028484139079056,0.2379182156133829
fig2_default_fedavg_rep00_seed12025,fig2,default,fedavg,0,92,92,92,model,False,,1.0,78042,5,0.5,0.6000000000000001,480,0.5487086461236079,0.3229166666666667
fig2_default_fedavg_rep00_seed12025,fig2,default,fedavg,0,92,92,92,model,False,,1.0,78042,6,0.6000000000000001,0.7000000000000001,444,0.6514294375707438,0.4144144144144144
fig2_default_fedavg_rep00_seed12025,fig2,default,fedavg,0,92,92,92,model,False,,1.0,78042,7,0.7000000000000001,0.8,384,0.7455727040457228,0.3802083333333333
fig2_default_fedavg_rep00_seed12025,fig2,default,fedavg,0,92,92,92,model,False,,1.0,78042,8,0.8,0.9,11,0.8072540272365917,0.09090909090909091
fig2_default_fedavg_rep00_seed12025,fig2,default,fedavg,0,92,92,92,model,False,,1.0,78042,9,0.9,1.0,0,0.0,0.0
fig2_default_fedavg_rep00_seed12025,fig2,default,fedavg,0,93,93,93,model,False,,1.0,78042,0,0.0,0.1,0,0.0,0.0
fig2_default_fedavg_rep00_seed12025,fig2,default,fedavg,0,93,93,93,model,False,,1.0,78042,1,0.1,0.2,1292,0.1833168120114796,0.1153250773993808
fig2_default_fedavg_rep00_seed12025,fig2,default,fedavg,0,93,93,93,model,False,,1.0,78042,2,0.2,0.30000000000000004,5302,0.24636985700238834,0.17634854771784234
fig2_default_fedavg_rep00_seed12025,fig2,default,fedavg,0,93,93,93,model,False,,1.0,78042,3,0.30000000000000004,0.4,1549,0.33455961330849715,0.25564880568108456
fig2_default_fedavg_rep00_seed12025,fig2,default,fedavg,0,93,93,93,model,False,,1.0,78042,4,0.4,0.5,538,0.4502804193465683,0.2379182156133829
fig2_default_fedavg_rep00_seed12025,fig2,default,fedavg,0,93,93,93,model,False,,1.0,78042,5,0.5,0.6000000000000001,480,0.5487147313853105,0.3229166666666667
fig2_default_fedavg_rep00_seed12025,fig2,default,fedavg,0,93,93,93,model,False,,1.0,78042,6,0.6000000000000001,0.7000000000000001,444,0.6514430387063069,0.4144144144144144
fig2_default_fedavg_rep00_seed12025,fig2,default,fedavg,0,93,93,93,model,False,,1.0,78042,7,0.7000000000000001,0.8,384,0.7455906605658432,0.3802083333333333
fig2_default_fedavg_rep00_seed12025,fig2,default,fedavg,0,93,93,93,model,False,,1.0,78042,8,0.8,0.9,11,0.8072722229090604,0.09090909090909091
fig2_default_fedavg_rep00_seed12025,fig2,default,fedavg,0,93,93,93,model,False,,1.0,78042,9,0.9,1.0,0,0.0,0.0
fig2_default_fedavg_rep00_seed12025,fig2,default,fedavg,0,94,94,94,model,False,,1.0,78042,0,0.0,0.1,0,0.0,0.0
fig2_default_fedavg_rep00_seed12025,fig2,default,fedavg,0,94,94,94,model,False,,1.0,78042,1,0.1,0.2,1292,0.18331694277724245,0.1153250773993808
fig2_default_fedavg_rep00_seed12025,fig2,default,fedavg,0,94,94,94,model,False,,1.0,78042,2,0.2,0.30000000000000004,5302,0.24637392537632513,0.17634854771784234
fig2_default_fedavg_rep00_seed12025,fig2,default,fedavg,0,94,94,94,model,False,,1.0,78042,3,0.30000000000000004,0.4,1549,0.33456520739103457,0.25564880568108456
fig2_default_fedavg_rep00_seed12025,fig2,default,fedavg,0,94,94,94,model,False,,1.0,78042,4,0.4,0.5,538,0.4502768461145876,0.2379182156133829
fig2_default_fedavg_rep00_seed12025,fig2,default,fedavg,0,94,94,94,model,False,,1.0,78042,5,0.5,0.6000000000000001,480,0.5487191033860047,0.3229166666666667
fig2_default_fedavg_rep00_seed12025,fig2,default,fedavg,0,94,94,94,model,False,,1.0,78042,6,0.6000000000000001,0.7000000000000001,444,0.6514529720083013,0.4144144144144144
fig2_default_fedavg_rep00_seed12025,fig2,default,fedavg,0,94,94,94,model,False,,1.0,78042,7,0.7000000000000001,0.8,384,0.745603786315769,0.3802083333333333
fig2_default_fedavg_rep00_seed12025,fig2,default,fedavg,0,94,94,94,model,False,,1.0,78042,8,0.8,0.9,11,0.8072853955355558,0.09090909090909091
fig2_default_fedavg_rep00_seed12025,fig2,default,fedavg,0,94,94,94,model,False,,1.0,78042,9,0.9,1.0,0,0.0,0.0
fig2_default_fedavg_rep00_seed12025,fig2,default,fedavg,0,95,95,95,model,False,,1.0,78042,0,0.0,0.1,0,0.0,0.0
fig2_default_fedavg_rep00_seed12025,fig2,default,fedavg,0,95,95,95,model,False,,1.0,78042,1,0.1,0.2,1292,0.1833170103284043,0.1153250773993808
fig2_default_fedavg_rep00_seed12025,fig2,default,fedavg,0,95,95,95,model,False,,1.0,78042,2,0.2,0.30000000000000004,5301,0.24636686138332262,0.1763818147519336
fig2_default_fedavg_rep00_seed12025,fig2,default,fedavg,0,95,95,95,model,False,,1.0,78042,3,0.30000000000000004,0.4,1550,0.3345470906457593,0.25548387096774194
fig2_default_fedavg_rep00_seed12025,fig2,default,fedavg,0,95,95,95,model,False,,1.0,78042,4,0.4,0.5,537,0.4501814054710239,0.2383612662942272
fig2_default_fedavg_rep00_seed12025,fig2,default,fedavg,0,95,95,95,model,False,,1.0,78042,5,0.5,0.6000000000000001,481,0.548620908523052,0.32224532224532226
fig2_default_fedavg_rep00_seed12025,fig2,default,fedavg,0,95,95,95,model,False,,1.0,78042,6,0.6000000000000001,0.7000000000000001,443,0.6513506930245772,0.41309255079006774
fig2_default_fedavg_rep00_seed12025,fig2,default,fedavg,0,95,95,95,model,False,,1.0,78042,7,0.7000000000000001,0.8,385,0.7454950586541906,0.38181818181818183
fig2_default_fedavg_rep00_seed12025,fig2,default,fedavg,0,95,95,95,model,False,,1.0,78042,8,0.8,0.9,11,0.8072952465577559,0.09090909090909091
fig2_default_fedavg_rep00_seed12025,fig2,default,fedavg,0,95,95,95,model,False,,1.0,78042,9,0.9,1.0,0,0.0,0.0
fig2_default_fedavg_rep00_seed12025,fig2,default,fedavg,0,96,96,96,model,False,,1.0,78042,0,0.0,0.1,0,0.0,0.0
fig2_default_fedavg_rep00_seed12025,fig2,default,fedavg,0,96,96,96,model,False,,1.0,78042,1,0.1,0.2,1292,0.18331699374336577,0.1153250773993808
fig2_default_fedavg_rep00_seed12025,fig2,default,fedavg,0,96,96,96,model,False,,1.0,78042,2,0.2,0.30000000000000004,5301,0.24636892702552063,0.1763818147519336
fig2_default_fedavg_rep00_seed12025,fig2,default,fedavg,0,96,96,96,model,False,,1.0,78042,3,0.30000000000000004,0.4,1550,0.33454998370139827,0.25548387096774194
fig2_default_fedavg_rep00_seed12025,fig2,default,fedavg,0,96,96,96,model,False,,1.0,78042,4,0.4,0.5,537,0.45017920109812776,0.2383612662942272
fig2_default_fedavg_rep00_seed12025,fig2,default,fedavg,0,96,96,96,model,False,,1.0,78042,5,0.5,0.6000000000000001,481,0.5486229907202373,0.32224532224532226
fig2_default_fedavg_rep00_seed12025,fig2,default,fedavg,0,96,96,96,model,False,,1.0,78042,6,0.6000000000000001,0.7000000000000001,443,0.6513557882125975,0.41309255079006774
fig2_default_fedavg_rep00_seed12025,fig2,default,fedavg,0,96,96,96,model,False,,1.0,78042,7,0.7000000000000001,0.8,385,0.7455019755796952,0.38181818181818183
fig2_default_fedavg_rep00_seed12025,fig2,default,fedavg,0,96,96,96,model,False,,1.0,78042,8,0.8,0.9,11,0.8073023015802557,0.09090909090909091
fig2_default_fedavg_rep00_seed12025,fig2,default,fedavg,0,96,96,96,model,False,,1.0,78042,9,0.9,1.0,0,0.0,0.0
fig2_default_fedavg_rep00_seed12025,fig2,default,fedavg,0,97,97,97,model,False,,1.0,78042,0,0.0,0.1,0,0.0,0.0
fig2_default_fedavg_rep00_seed12025,fig2,default,fedavg,0,97,97,97,model,False,,1.0,78042,1,0.1,0.2,1293,0.1833299540634406,0.11523588553750967
fig2_default_fedavg_rep00_seed12025,fig2,default,fedavg,0,97,97,97,model,False,,1.0,78042,2,0.2,0.30000000000000004,5300,0.24637917262203288,0.17641509433962263
fig2_default_fedavg_rep00_seed12025,fig2,default,fedavg,0,97,97,97,model,False,,1.0,78042,3,0.30000000000000004,0.4,1550,0.33455215267596705,0.25548387096774194
fig2_default_fedavg_rep00_seed12025,fig2,default,fedavg,0,97,97,97,model,False,,1.0,78042,4,0.4,0.5,537,0.4501784291791294,0.2383612662942272
fig2_default_fedavg_rep00_seed12025,fig2,default,fedavg,0,97,97,97,model,False,,1.0,78042,5,0.5,0.6000000000000001,481,0.548625086796259,0.32224532224532226
fig2_default_fedavg_rep00_seed12025,fig2,default,fedavg,0,97,97,97,model,False,,1.0,78042,6,0.6000000000000001,0.7000000000000001,443,0.6513598133425142,0.41309255079006774
fig2_default_fedavg_rep00_seed12025,fig2,default,fedavg,0,97,97,97,model,False,,1.0,78042,7,0.7000000000000001,0.8,385,0.7455070466190189,0.38181818181818183
fig2_default_fedavg_rep00_seed12025,fig2,default,fedavg,0,97,97,97,model,False,,1.0,78042,8,0.8,0.9,11,0.8073073083704169,0.09090909090909091
fig2_default_fedavg_rep00_seed12025,fig2,default,fedavg,0,97,97,97,model,False,,1.0,78042,9,0.9,1.0,0,0.0,0.0
fig2_default_fedavg_rep00_seed12025,fig2,default,fedavg,0,98,98,98,model,False,,1.0,78042,0,0.0,0.1,0,0.0,0.0
fig2_default_fedavg_rep00_seed12025,fig2,default,fedavg,0,98,98,98,model,False,,1.0,78042,1,0.1,0.2,1293,0.18332996502322738,0.11523588553750967
fig2_default_fedavg_rep00_seed12025,fig2,default,fedavg,0,98,98,98,model,False,,1.0,78042,2,0.2,0.30000000000000004,5300,0.24638015687184514,0.17641509433962263
fig2_default_fedavg_rep00_seed12025,fig2,default,fedavg,0,98,98,98,model,False,,1.0,78042,3,0.30000000000000004,0.4,1550,0.33455350804713463,0.25548387096774194
fig2_default_fedavg_rep00_seed12025,fig2,default,fedavg,0,98,98,98,model,False,,1.0,78042,4,0.4,0.5,537,0.4501775423796705,0.2383612662942272
fig2_default_fedavg_rep00_seed12025,fig2,default,fedavg,0,98,98,98,model,False,,1.0,78042,5,0.5,0.6000000000000001,481,0.548626238739664,0.32224532224532226
fig2_default_fedavg_rep00_seed12025,fig2,default,fedavg,0,98,98,98,model,False,,1.0,78042,6,0.6000000000000001,0.7000000000000001,443,0.6513623770149782,0.41309255079006774
fig2_default_fedavg_rep00_seed12025,fig2,default,fedavg,0,98,98,98,model,False,,1.0,78042,7,0.7000000000000001,0.8,385,0.7455104337110148,0.38181818181818183
fig2_default_fedavg_rep00_seed12025,fig2,default,fedavg,0,98,98,98,model,False,,1.0,78042,8,0.8,0.9,11,0.807310781695626,0.09090909090909091
fig2_default_fedavg_rep00_seed12025,fig2,default,fedavg,0,98,98,98,model,False,,1.0,78042,9,0.9,1.0,0,0.0,0.0
fig2_default_fedavg_rep00_seed12025,fig2,default,fedavg,0,99,99,99,model,False,,1.0,78042,0,0.0,0.1,0,0.0,0.0
fig2_default_fedavg_rep00_seed12025,fig2,default,fedavg,0,99,99,99,model,False,,1.0,78042,1,0.1,0.2,1293,0.18333001756336187,0.11523588553750967
fig2_default_fedavg_rep00_seed12025,fig2,default,fedavg,0,99,99,99,model,False,,1.0,78042,2,0.2,0.30000000000000004,5300,0.24638094434760652,0.17641509433962263
fig2_default_fedavg_rep00_seed12025,fig2,default,fedavg,0,99,99,99,model,False,,1.0,78042,3,0.30000000000000004,0.4,1550,0.3345546324599174,0.25548387096774194
fig2_default_fedavg_rep00_seed12025,fig2,default,fedavg,0,99,99,99,model,False,,1.0,78042,4,0.4,0.5,537,0.4501771768156155,0.2383612662942272
fig2_default_fedavg_rep00_seed12025,fig2,default,fedavg,0,99,99,99,model,False,,1.0,78042,5,0.5,0.6000000000000001,481,0.5486272988596974,0.32224532224532226
fig2_default_fedavg_rep00_seed12025,fig2,default,fedavg,0,99,99,99,model,False,,1.0,78042,6,0.6000000000000001,0.7000000000000001,443,0.6513643633431291,0.41309255079006774
fig2_default_fedavg_rep00_seed12025,fig2,default,fedavg,0,99,99,99,model,False,,1.0,78042,7,0.7000000000000001,0.8,385,0.7455129493366588,0.38181818181818183
fig2_default_fedavg_rep00_seed12025,fig2,default,fedavg,0,99,99,99,model,False,,1.0,78042,8,0.8,0.9,11,0.8073132363232699,0.09090909090909091
fig2_default_fedavg_rep00_seed12025,fig2,default,fedavg,0,99,99,99,model,False,,1.0,78042,9,0.9,1.0,0,0.0,0.0
fig2_default_fedavg_rep00_seed12025,fig2,default,fedavg,0,100,100,100,model,False,,1.0,78042,0,0.0,0.1,0,0.0,0.0
fig2_default_fedavg_rep00_seed12025,fig2,default,fedavg,0,100,100,100,model,False,,1.0,78042,1,0.1,0.2,1293,0.1833300392293967,0.11523588553750967
fig2_default_fedavg_rep00_seed12025,fig2,default,fedavg,0,100,100,100,model,False,,1.0,78042,2,0.2,0.30000000000000004,5300,0.2463815645479931,0.17641509433962263
fig2_default_fedavg_rep00_seed12025,fig2,default,fedavg,0,100,100,100,model,False,,1.0,78042,3,0.30000000000000004,0.4,1550,0.3345555208959887,0.25548387096774194
fig2_default_fedavg_rep00_seed12025,fig2,default,fedavg,0,100,100,100,model,False,,1.0,78042,4,0.4,0.5,537,0.45017679421373363,0.2383612662942272
fig2_default_fedavg_rep00_seed12025,fig2,default,fedavg,0,100,100,100,model,False,,1.0,78042,5,0.5,0.6000000000000001,481,0.5486281230395152,0.32224532224532226
fig2_default_fedavg_rep00_seed12025,fig2,default,fedavg,0,100,100,100,model,False,,1.0,78042,6,0.6000000000000001,0.7000000000000001,443,0.6513660213748166,0.41309255079006774
fig2_default_fedavg_rep00_seed12025,fig2,default,fedavg,0,100,100,100,model,False,,1.0,78042,7,0.7000000000000001,0.8,385,0.7455150836473936,0.38181818181818183
fig2_default_fedavg_rep00_seed12025,fig2,default,fedavg,0,100,100,100,model,False,,1.0,78042,8,0.8,0.9,11,0.8073153766718778,0.09090909090909091
fig2_default_fedavg_rep00_seed12025,fig2,default,fedavg,0,100,100,100,model,False,,1.0,78042,9,0.9,1.0,0,0.0,0.0
